{
  "companionT1": {
    "asymmetric": {
      "correlation": 0.9999914800045518,
      "intercept": -0.49830645884327396,
      "residualMaxAbsolute": 0.5010666130040704,
      "residualRmse": 0.2886955331482479,
      "slope": 2.6197447136867207
    },
    "symmetric": {
      "correlation": 0.9929893630719759,
      "intercept": -0.04809079837734487,
      "residualMaxAbsolute": 135.00966863074922,
      "residualRmse": 8.26680204420239,
      "slope": 2.6039311616673446
    }
  },
  "derivedInputChecks": {
    "lgnMaskExactlyMatchesParentThresholdAndAffine": true,
    "swmSeedExactlyMatchesParentsAndAffine": true,
    "v1MaskExactlyMatchesParentThresholdAndAffine": true
  },
  "effectiveTrackvisToRasmm": {
    "opticRadiation": [
      [
        -1.0,
        0.0,
        0.0,
        80.0
      ],
      [
        0.0,
        -1.0,
        0.0,
        82.0
      ],
      [
        0.0,
        0.0,
        1.0,
        -72.5
      ],
      [
        0.0,
        0.0,
        0.0,
        1.0
      ]
    ],
    "swm": [
      [
        -1.0,
        0.0,
        0.0,
        80.0
      ],
      [
        0.0,
        -1.0,
        0.0,
        82.0
      ],
      [
        0.0,
        0.0,
        1.0,
        -72.5
      ],
      [
        0.0,
        0.0,
        0.0,
        1.0
      ]
    ]
  },
  "fibHeader": {
    "dimension": [
      160,
      200,
      160
    ],
    "rowVectorTrans": [
      [
        -1.0,
        0.0,
        0.0,
        0.0
      ],
      [
        0.0,
        -1.0,
        0.0,
        0.0
      ],
      [
        0.0,
        0.0,
        1.0,
        0.0
      ],
      [
        79.5,
        81.5,
        -72.0,
        1.0
      ]
    ],
    "voxelSize": [
      1.0,
      1.0,
      1.0
    ]
  },
  "identityWorld09aTo09c": {
    "correlation": 0.9970073168902055,
    "interpolationOrder": 1,
    "outsideMode": "constant zero",
    "supportDice": 0.9746288380501643,
    "supportThreshold": 1
  },
  "orNiftis": {
    "lgnMask": {
      "formsEqual": true,
      "qform": [
        [
          1.0,
          0.0,
          0.0,
          -96.0
        ],
        [
          0.0,
          1.0,
          0.0,
          -132.0
        ],
        [
          0.0,
          0.0,
          1.0,
          -78.0
        ],
        [
          0.0,
          0.0,
          0.0,
          1.0
        ]
      ],
      "qformCode": 4,
      "sform": [
        [
          1.0,
          0.0,
          0.0,
          -96.0
        ],
        [
          0.0,
          1.0,
          0.0,
          -132.0
        ],
        [
          0.0,
          0.0,
          1.0,
          -78.0
        ],
        [
          0.0,
          0.0,
          0.0,
          1.0
        ]
      ],
      "sformCode": 4,
      "shape": [
        193,
        229,
        193
      ]
    },
    "lgnParent": {
      "formsEqual": true,
      "qform": [
        [
          1.0,
          0.0,
          0.0,
          -96.0
        ],
        [
          0.0,
          1.0,
          0.0,
          -132.0
        ],
        [
          0.0,
          0.0,
          1.0,
          -78.0
        ],
        [
          0.0,
          0.0,
          0.0,
          1.0
        ]
      ],
      "qformCode": 1,
      "sform": [
        [
          1.0,
          0.0,
          0.0,
          -96.0
        ],
        [
          0.0,
          1.0,
          0.0,
          -132.0
        ],
        [
          0.0,
          0.0,
          1.0,
          -78.0
        ],
        [
          0.0,
          0.0,
          0.0,
          1.0
        ]
      ],
      "sformCode": 1,
      "shape": [
        193,
        229,
        193
      ]
    },
    "v1Mask": {
      "formsEqual": true,
      "qform": [
        [
          1.0,
          0.0,
          0.0,
          -96.0
        ],
        [
          0.0,
          1.0,
          0.0,
          -132.0
        ],
        [
          0.0,
          0.0,
          1.0,
          -78.0
        ],
        [
          0.0,
          0.0,
          0.0,
          1.0
        ]
      ],
      "qformCode": 4,
      "sform": [
        [
          1.0,
          0.0,
          0.0,
          -96.0
        ],
        [
          0.0,
          1.0,
          0.0,
          -132.0
        ],
        [
          0.0,
          0.0,
          1.0,
          -78.0
        ],
        [
          0.0,
          0.0,
          0.0,
          1.0
        ]
      ],
      "sformCode": 4,
      "shape": [
        193,
        229,
        193
      ]
    },
    "v1Parent": {
      "formsEqual": true,
      "qform": [
        [
          1.0,
          0.0,
          0.0,
          -96.0
        ],
        [
          0.0,
          1.0,
          0.0,
          -132.0
        ],
        [
          0.0,
          0.0,
          1.0,
          -78.0
        ],
        [
          0.0,
          0.0,
          0.0,
          1.0
        ]
      ],
      "qformCode": 1,
      "sform": [
        [
          1.0,
          0.0,
          0.0,
          -96.0
        ],
        [
          0.0,
          1.0,
          0.0,
          -132.0
        ],
        [
          0.0,
          0.0,
          1.0,
          -78.0
        ],
        [
          0.0,
          0.0,
          0.0,
          1.0
        ]
      ],
      "sformCode": 1,
      "shape": [
        193,
        229,
        193
      ]
    }
  },
  "orValidation": {
    "higherYIsLgn": 220,
    "lgnVoxelCenterDistance": {
      "max": 0.9909086738948241,
      "median": 0.48846660356575966,
      "p95": 0.7936812919657601
    },
    "minimumAssignmentMargin": 71.7062936368648,
    "removedByCentroidRule": 3,
    "retained": 220,
    "trackedBeforeProjectRule": 223,
    "v1VoxelCenterDistance": {
      "max": 1.3569819453478331,
      "median": 0.5502272089058415,
      "p95": 0.8414001177995983
    }
  },
  "originalOutputHashes": {
    "association": "3e6dc53d97367435fa806435970cd78cc17f81ec51c4ace40f71b3ea5e98abef",
    "opticRadiation": "3516ddc59881ab1303b0da4e795a94dd47940181cbdf2d6e1e59e999577004c6",
    "swm": "e367886be8905e4036a9159cb1c6b6b9b32f5a78fde7b4e926cd6876792e8372"
  },
  "payloadHashes": {
    "association": "e2c1486875de14e39f4b1a047db9841e4253b334fecf80c1ef55c255df940c70",
    "opticRadiation": "b89152176bd9a96796a02e449a4a34151572512def61014d04833336b6695b6e",
    "swm": "9dfc14d565c8f7ccb4c57ba0d2eee1bd9dca0549e3c7d07f70d6fe47f07f4331"
  },
  "sourceHashes": {
    "fib_gzip": "3e74089f3e423405ce37a4de08e0e291355ba89463fe39c683cd1c0099a43df7",
    "gm": "662b18e83dddc554b19c621d9750af3454b54d4e103df03633eacced3884805a",
    "hcp_reference_t1": "7d60a9605d76da983d0c491ed691fc11a8e212ddb12fbbae119bdb393a01249d",
    "lgn_mask": "b40368a68f5dd060ff0e62c5eabbd85bcda1b88fddaf1e40b2074e281a3982ac",
    "lgn_parent": "50e64d27c70cd4242a9e3042eee1e28abf437dbe7cccbd08f1946ded72ef9a2a",
    "mni09a_asym_t1": "27e8d475116372b118372d9a2b3fdeaa3e658858731767e16a6ed0cae437363a",
    "mni09a_sym_t1": "6fe69845e234c9e4ca54564f13a5ad214746970a5a1a0eedb4a23d9af59ba8a5",
    "mni09c_asym_t1": "67fe8b2e8fed7fa318d293e79a31416f5b31d70f0330312f58125fcd3dde43a1",
    "or_current": "1ca89796c621963388f635bd31ab0bd9a28eec7917de6c12ef8b68d469da4144",
    "or_intermediate": "60799f23977e938411ffc127083d5220e503c4a112b28f4ea14d46d3c01041d0",
    "swm_current": "81529a410c9053731416124e346dce21e85d96c85fb8b3bad151735a4b1f81fb",
    "swm_intermediate": "4c79821a3295a66ba07f4f70c1a27191818715f42edcc30dfc632c36a81a4a3f",
    "swm_seed": "6589abdcecef64fb7b32e79f6ffe199b0a16fb011a10eb7f14d77c49548fce12",
    "tract_archive": "344aad4394f18b8926ed5e1bda911ad56e328c6cf75faa45e1302512ad779c67",
    "tracts_current": "568d8848a6dfe4cb859d9c7ec8e572a90cf0d71d0b7c741c4a1e1e2e4471b213",
    "v1_mask": "029100d76aaf6421c0949aecd378a102f8befc96f23b0b9817935619e62b7ba6",
    "v1_parent": "950344acd8428aeacaabc300cfbf48ddcadf843c179dabc6c6a7777f69110a16",