v 35.9 45.0 -20.0
v 36.0 45.0 -20.1
v 36.0 44.8 -20.0
v 36.0 44.9 -19.0
v 35.9 45.0 -19.0
v 36.0 45.0 -18.9
v 35.8 46.0 -20.0
v 36.0 46.0 -20.2
v 36.0 46.0 -19.6
v 36.0 45.2 -19.0
v 36.0 46.8 -20.0
v 36.8 43.0 -21.0
v 37.0 43.0 -21.2
v 37.0 42.5 -21.0
v 37.0 42.9 -20.0
v 36.9 43.0 -20.0
v 37.0 43.0 -19.9
v 37.0 43.2 -21.0
v 37.0 43.3 -20.0
v 37.0 43.8 -19.0
v 36.8 44.0 -19.0
v 37.0 44.0 -19.6
v 37.0 44.0 -18.8
v 37.0 45.0 -20.5
v 37.0 44.2 -20.0
v 37.0 44.5 -18.0
v 36.5 45.0 -18.0
v 37.0 44.8 -17.0
v 36.8 45.0 -17.0
v 37.0 45.0 -16.8
v 37.0 46.0 -20.6
v 36.3 46.0 -19.0
v 36.5 46.0 -18.0
v 36.8 46.0 -17.0
v 37.0 46.0 -16.8
v 36.2 47.0 -20.0
v 37.0 47.0 -20.2
v 36.6 47.0 -19.0
v 36.7 47.0 -18.0
v 37.0 47.0 -17.6
v 37.0 46.4 -17.0
v 37.0 47.2 -20.0
v 37.0 47.4 -19.0
v 37.0 47.3 -18.0
v 37.9 43.0 -22.0
v 38.0 43.0 -22.1
v 38.0 42.9 -22.0
v 38.0 42.5 -21.0
v 38.0 42.7 -20.0
v 38.0 43.0 -19.7
v 38.0 43.1 -22.0
v 37.5 44.0 -21.0
v 38.0 44.0 -21.6
v 37.1 44.0 -20.0
v 38.0 43.5 -19.0
v 38.0 44.0 -18.3
v 37.5 45.0 -21.0
v 38.0 45.0 -21.4
v 38.0 44.3 -18.0
v 38.0 44.5 -17.0
v 38.0 45.0 -16.5
v 37.9 46.0 -21.0
v 38.0 46.0 -21.1
v 38.0 46.0 -16.4
v 38.0 46.1 -21.0
v 38.0 46.9 -20.0
v 37.6 47.0 -20.0
v 38.0 47.0 -19.8
v 37.6 47.0 -17.0
v 38.0 47.0 -16.7
v 38.0 47.7 -19.0
v 37.8 48.0 -18.0
v 38.0 48.0 -18.4
v 38.0 48.0 -17.7
v 38.0 47.4 -17.0
v 38.0 48.2 -18.0
v 39.0 43.0 -22.3
v 39.0 42.7 -22.0
v 39.0 42.6 -21.0
v 38.7 43.0 -20.0
v 39.0 43.0 -20.2
v 38.4 44.0 -22.0
v 39.0 44.0 -22.4
v 39.0 43.1 -20.0
v 39.0 43.3 -19.0
v 39.0 43.5 -18.0
v 38.3 44.0 -18.0
v 39.0 43.9 -17.0
v 38.8 44.0 -17.0
v 39.0 44.0 -16.9
v 38.7 45.0 -22.0
v 39.0 45.0 -22.2
v 39.0 44.9 -16.0
v 38.9 45.0 -16.0
v 39.0 45.0 -15.9
v 39.0 45.2 -22.0
v 39.0 45.9 -21.0
v 38.5 46.0 -21.0
v 39.0 46.0 -20.9
v 38.8 46.0 -16.0
v 39.0 46.0 -15.9
v 39.0 47.0 -20.5
v 38.2 47.0 -20.0
v 39.0 46.2 -16.0
v 39.0 47.0 -16.3
v 38.6 48.0 -20.0
v 39.0 48.0 -20.3
v 38.3 48.0 -19.0
v 38.5 48.0 -17.0
v 39.0 48.0 -16.6
v 39.0 49.0 -20.0
v 39.0 49.0 -20.0
v 39.0 49.0 -20.0
v 39.0 48.8 -19.0
v 38.8 49.0 -18.0
v 39.0 49.0 -18.5
v 39.0 49.0 -17.7
v 39.0 48.5 -17.0
v 39.0 49.0 -20.0
v 39.0 49.2 -18.0
v 39.7 37.0 -19.0
v 40.0 37.0 -19.7
v 40.0 36.5 -19.0
v 40.0 36.7 -18.0
v 39.7 37.0 -18.0
v 40.0 37.0 -17.0
v 40.0 37.0 -17.0
v 40.0 37.0 -17.0
v 39.8 38.0 -22.0
v 40.0 38.0 -22.2
v 40.0 37.7 -22.0
v 40.0 37.5 -21.0
v 39.6 38.0 -21.0
v 40.0 37.2 -20.0
v 39.6 38.0 -20.0
v 39.5 38.0 -19.0
v 39.5 38.0 -18.0
v 39.6 38.0 -17.0
v 40.0 38.0 -16.6
v 39.8 39.0 -22.0
v 40.0 39.0 -22.2
v 39.6 39.0 -21.0
v 39.6 39.0 -20.0
v 39.5 39.0 -19.0
v 39.5 39.0 -18.0
v 39.6 39.0 -17.0
v 40.0 39.0 -16.6
v 40.0 39.3 -22.0
v 40.0 39.5 -21.0
v 40.0 39.7 -20.0
v 39.6 40.0 -19.0
v 40.0 40.0 -19.7
v 39.5 40.0 -18.0
v 39.8 40.0 -17.0
v 40.0 40.0 -16.7
v 39.6 41.0 -19.0
v 40.0 41.0 -19.5
v 39.6 41.0 -18.0
v 40.0 41.0 -17.4
v 40.0 40.4 -17.0
v 39.6 42.0 -19.0
v 40.0 42.0 -19.7
v 39.6 42.0 -18.0
v 40.0 42.0 -17.5
v 40.0 43.0 -22.5
v 40.0 42.5 -22.0
v 40.0 42.4 -21.0
v 40.0 42.3 -20.0
v 39.1 43.0 -20.0
v 39.3 43.0 -19.0
v 39.5 43.0 -18.0
v 40.0 43.0 -17.5
v 40.0 44.0 -22.5
v 40.0 44.0 -17.1
v 39.6 44.0 -17.0
v 40.0 45.0 -22.4
v 40.0 44.1 -17.0
v 39.2 45.0 -16.0
v 40.0 45.0 -16.3
v 40.0 45.6 -22.0
v 39.1 46.0 -21.0
v 40.0 46.0 -21.6
v 39.7 46.0 -16.0
v 40.0 46.0 -16.1
v 39.7 47.0 -21.0
v 40.0 47.0 -21.3
v 39.5 47.0 -16.0
v 40.0 46.1 -16.0
v 40.0 47.0 -15.6
v 40.0 47.3 -21.0
v 40.0 48.0 -20.5
v 39.6 48.0 -16.0
v 40.0 48.0 -15.6
v 40.0 49.0 -20.2
v 39.3 49.0 -19.0
v 39.5 49.0 -17.0
v 40.0 49.0 -16.5
v 40.0 48.4 -16.0
v 40.0 49.2 -20.0
v 40.0 49.8 -19.0
v 39.7 50.0 -18.0
v 40.0 50.0 -18.6
v 40.0 50.0 -17.6
v 40.0 49.5 -17.0
v 39.9 51.0 -19.0
v 40.0 51.0 -19.2
v 40.0 50.6 -19.0
v 40.0 50.5 -18.0
v 40.0 51.0 -18.6
v 40.0 51.0 -12.0
v 40.0 51.0 -12.0
v 40.0 51.0 -12.0
v 40.0 51.0 -12.0
v 39.8 52.0 -19.0
v 40.0 52.0 -19.2
v 40.0 51.7 -18.0
v 39.9 52.0 -18.0
v 40.0 52.0 -17.9
v 39.6 52.0 -12.0
v 40.0 52.0 -12.2
v 40.0 52.0 -11.7
v 40.0 52.2 -19.0
v 40.0 52.1 -18.0
v 40.0 52.2 -12.0
v 40.0 53.0 -11.0
v 40.0 53.0 -11.0
v 40.0 53.0 -11.0
v 40.0 52.9 -10.0
v 39.9 53.0 -10.0
v 40.0 53.0 -9.8
v 40.0 53.0 -11.0
v 40.0 53.1 -10.0
v 40.8 33.0 -22.0
v 41.0 33.0 -22.9
v 41.0 32.7 -22.0
v 41.0 33.0 -21.4
v 40.7 33.0 -20.0
v 41.0 33.0 -20.7
v 41.0 32.6 -20.0
v 41.0 32.7 -19.0
v 40.8 33.0 -19.0
v 41.0 33.0 -18.7
v 40.8 33.0 -14.0
v 41.0 33.0 -14.9
v 41.0 32.9 -14.0
v 41.0 33.0 -13.9
v 40.8 34.0 -23.0
v 41.0 34.0 -23.2
v 41.0 33.2 -23.0
v 40.7 34.0 -22.0
v 41.0 34.0 -21.4
v 40.6 34.0 -20.0
v 41.0 34.0 -20.7
v 40.6 34.0 -19.0
v 41.0 34.0 -18.5
v 41.0 33.1 -14.0
v 41.0 34.8 -23.0
v 40.8 35.0 -22.0
v 41.0 35.0 -22.9
v 41.0 35.0 -21.3
v 40.5 35.0 -20.0
v 41.0 35.0 -20.8
v 40.6 35.0 -19.0
v 41.0 35.0 -18.5
v 40.7 36.0 -22.0
v 41.0 36.0 -22.4
v 41.0 35.2 -21.0
v 40.5 36.0 -21.0
v 40.1 36.0 -20.0
v 40.4 36.0 -19.0
v 41.0 36.0 -18.3
v 40.6 37.0 -22.0
v 41.0 37.0 -22.4
v 40.4 37.0 -21.0
v 40.2 37.0 -20.0
v 41.0 36.3 -18.0
v 40.0 37.0 -17.0
v 41.0 37.0 -17.3
v 41.0 38.0 -22.5
v 41.0 37.3 -17.0
v 41.0 37.8 -16.0
v 40.7 38.0 -16.0
v 41.0 38.0 -15.8
v 41.0 39.0 -22.6
v 40.6 39.0 -16.0
v 41.0 39.0 -15.7
v 40.9 40.0 -23.0
v 41.0 40.0 -23.1
v 41.0 39.9 -23.0
v 40.4 40.0 -22.0
v 40.4 40.0 -21.0
v 40.2 40.0 -20.0
v 41.0 39.5 -16.0
v 41.0 40.0 -16.3
v 40.7 41.0 -23.0
v 41.0 41.0 -23.3
v 40.5 41.0 -22.0
v 40.5 41.0 -21.0
v 40.4 41.0 -20.0
v 40.4 41.0 -17.0
v 41.0 41.0 -16.6
v 40.6 42.0 -23.0
v 41.0 42.0 -23.4
v 40.4 42.0 -22.0
v 40.4 42.0 -21.0
v 40.2 42.0 -20.0
v 40.5 42.0 -17.0
v 41.0 42.0 -16.6
v 40.7 43.0 -23.0
v 41.0 43.0 -23.2
v 40.5 43.0 -17.0
v 41.0 43.0 -16.4
v 41.0 43.3 -23.0
v 41.0 44.0 -22.6
v 40.1 44.0 -17.0
v 41.0 43.5 -16.0
v 40.7 44.0 -16.0
v 41.0 44.0 -15.5
v 41.0 45.0 -22.5
v 40.3 45.0 -16.0
v 41.0 44.4 -15.0
v 40.6 45.0 -15.0
v 41.0 44.7 -14.0
v 40.8 45.0 -14.0
v 41.0 45.0 -13.7
v 40.5 46.0 -22.0
v 41.0 46.0 -22.3
v 40.1 46.0 -16.0
v 40.5 46.0 -15.0
v 40.6 46.0 -14.0
v 41.0 46.0 -13.5
v 41.0 46.4 -22.0
v 41.0 47.0 -21.5
v 40.4 47.0 -15.0
v 40.6 47.0 -14.0
v 41.0 47.0 -13.4
v 41.0 47.4 -21.0
v 41.0 48.0 -20.0
v 41.0 48.0 -20.0
v 41.0 48.0 -20.0
v 40.5 48.0 -15.0
v 40.6 48.0 -14.0
v 41.0 47.6 -13.0
v 40.8 48.0 -13.0
v 41.0 48.0 -12.8
v 40.4 49.0 -20.0
v 41.0 49.0 -19.7
v 40.5 49.0 -16.0
v 41.0 49.0 -15.4
v 41.0 48.7 -15.0
v 41.0 48.6 -14.0
v 40.8 49.0 -13.0
v 41.0 49.0 -13.4
v 41.0 49.0 -12.8
v 41.0 50.0 -19.6
v 40.2 50.0 -19.0
v 40.4 50.0 -17.0
v 41.0 50.0 -16.3
v 41.0 49.6 -16.0
v 40.7 50.0 -13.0
v 41.0 50.0 -13.5
v 41.0 50.0 -12.7
v 41.0 51.0 -19.9
v 40.2 51.0 -18.0
v 40.7 51.0 -17.0
v 41.0 51.0 -16.6
v 40.9 51.0 -14.0
v 41.0 51.0 -14.2
v 41.0 50.8 -14.0
v 40.6 51.0 -13.0
v 41.0 50.6 -12.0
v 41.0 51.0 -11.5
v 41.0 52.0 -19.5
v 41.0 51.8 -17.0
v 41.0 52.0 -17.1
v 40.9 52.0 -15.0
v 41.0 52.0 -15.3
v 41.0 51.8 -15.0
v 41.0 51.2 -14.0
v 41.0 52.0 -14.8
v 41.0 51.4 -13.0
v 41.0 52.0 -12.3
v 41.0 51.6 -11.0
v 40.6 52.0 -11.0
v 41.0 52.0 -10.6
v 40.7 53.0 -19.0
v 41.0 53.0 -19.2
v 40.5 53.0 -18.0
v 41.0 52.1 -17.0
v 40.6 53.0 -17.0
v 41.0 52.4 -16.0
v 40.6 53.0 -16.0
v 40.8 53.0 -15.0
v 41.0 53.0 -14.8
v 41.0 52.3 -12.0
v 41.0 53.0 -11.2
v 41.0 52.9 -10.0
v 41.0 53.0 -9.9
v 41.0 53.5 -19.0
v 41.0 53.7 -18.0
v 40.7 54.0 -17.0
v 41.0 54.0 -17.5
v 40.7 54.0 -16.0
v 41.0 54.0 -15.6
v 41.0 53.2 -15.0
v 41.0 53.2 -11.0
v 41.0 53.1 -10.0
v 41.0 54.3 -17.0
v 41.0 54.9 -16.0
v 42.0 27.0 -21.0
v 42.0 27.0 -21.0
v 42.0 27.0 -21.0
v 42.0 27.0 -21.0
v 42.0 28.0 -21.0
v 42.0 28.0 -21.0
v 42.0 28.0 -21.0
v 42.0 28.0 -21.0
v 41.9 31.0 -18.0
v 42.0 31.0 -18.3
v 42.0 30.8 -18.0
v 42.0 31.0 -17.8
v 41.9 32.0 -22.0
v 42.0 32.0 -22.1
v 42.0 31.9 -22.0
v 42.0 31.5 -21.0
v 41.1 32.0 -21.0
v 42.0 31.5 -20.0
v 41.4 32.0 -20.0
v 42.0 31.4 -19.0
v 41.5 32.0 -19.0
v 41.6 32.0 -18.0
v 42.0 32.0 -17.5
v 41.9 32.0 -15.0
v 42.0 32.0 -15.2
v 42.0 31.9 -15.0
v 42.0 32.0 -14.8
v 42.0 33.0 -22.4
v 41.2 33.0 -21.0
v 41.5 33.0 -18.0
v 42.0 33.0 -17.5
v 41.0 33.0 -15.0
v 42.0 33.0 -15.4
v 42.0 32.6 -14.0
v 42.0 33.0 -13.7
v 41.2 34.0 -23.0
v 42.0 34.0 -22.4
v 41.2 34.0 -21.0
v 41.5 34.0 -18.0
v 42.0 34.0 -17.6
v 42.0 33.4 -15.0
v 42.0 33.4 -14.0
v 41.7 35.0 -22.0
v 42.0 34.7 -22.0
v 42.0 35.0 -21.8
v 41.1 35.0 -21.0
v 41.5 35.0 -18.0
v 42.0 35.0 -17.6
v 42.0 36.0 -22.4
v 42.0 35.2 -22.0
v 41.4 36.0 -18.0
v 42.0 36.0 -17.6
v 42.0 37.0 -22.5
v 42.0 37.0 -17.4
v 42.0 38.0 -22.5
v 42.0 37.4 -17.0
v 42.0 37.6 -16.0
v 42.0 38.0 -15.4
v 42.0 39.0 -22.5
v 42.0 38.6 -15.0
v 41.8 39.0 -15.0
v 42.0 39.0 -14.8
v 41.3 40.0 -23.0
v 42.0 40.0 -22.8
v 41.4 40.0 -16.0
v 42.0 40.0 -15.5
v 42.0 39.3 -15.0
v 42.0 41.0 -23.4
v 42.0 40.2 -23.0
v 42.0 40.6 -16.0
v 42.0 41.0 -16.2
v 42.0 42.0 -23.5
v 42.0 42.0 -16.3
v 42.0 43.0 -23.4
v 42.0 42.4 -16.0
v 41.5 43.0 -16.0
v 42.0 43.0 -15.4
v 41.9 43.0 -13.0
v 42.0 43.0 -13.2
v 42.0 42.9 -13.0
v 42.0 43.0 -12.8
v 42.0 43.5 -23.0
v 42.0 44.0 -22.6
v 42.0 43.4 -15.0
v 41.4 44.0 -15.0
v 42.0 43.4 -14.0
v 41.5 44.0 -14.0
v 41.6 44.0 -13.0
v 42.0 44.0 -12.5
v 42.0 45.0 -22.4
v 41.5 45.0 -13.0
v 42.0 45.0 -12.5
v 42.0 46.0 -22.2
v 41.5 46.0 -13.0
v 42.0 46.0 -12.6
v 42.0 46.3 -22.0
v 42.0 47.0 -21.5
v 41.4 47.0 -13.0
v 42.0 47.0 -12.5
v 42.0 47.5 -21.0
v 41.0 48.0 -20.0
v 42.0 48.0 -20.5
v 42.0 48.0 -12.4
v 41.5 49.0 -20.0
v 42.0 49.0 -20.3
v 41.3 49.0 -15.0
v 41.3 49.0 -14.0
v 42.0 49.0 -12.5
v 41.8 50.0 -20.0
v 42.0 50.0 -20.1
v 41.3 50.0 -16.0
v 41.5 50.0 -15.0
v 41.3 50.0 -14.0
v 42.0 50.0 -12.2
v 42.0 50.2 -20.0
v 42.0 51.0 -19.6
v 41.4 51.0 -16.0
v 41.3 51.0 -15.0
v 42.0 50.3 -12.0
v 42.0 50.6 -11.0
v 41.6 51.0 -11.0
v 42.0 51.0 -10.5
v 42.0 52.0 -19.3
v 41.1 52.0 -17.0
v 41.3 52.0 -16.0
v 42.0 52.0 -14.4
v 42.0 51.6 -14.0
v 42.0 51.5 -13.0
v 41.4 52.0 -12.0
v 42.0 51.6 -12.0
v 42.0 52.0 -11.4
v 42.0 51.6 -10.0
v 41.6 52.0 -10.0
v 42.0 51.9 -9.0
v 42.0 52.0 -9.0
v 42.0 52.0 -9.0
v 42.0 52.5 -19.0
v 41.4 53.0 -19.0
v 42.0 53.0 -18.7
v 42.0 53.0 -14.6
v 41.2 53.0 -11.0
v 42.0 52.3 -11.0
v 42.0 52.3 -10.0
v 41.1 53.0 -10.0
v 42.0 52.0 -9.0
v 42.0 54.0 -18.3
v 41.5 54.0 -18.0
v 42.0 53.5 -15.0
v 42.0 54.0 -15.4
v 42.0 54.3 -18.0
v 42.0 54.6 -17.0
v 41.8 55.0 -16.0
v 42.0 55.0 -16.0
v 42.0 55.0 -16.0
v 42.0 55.0 -16.0
v 42.8 25.0 -22.0
v 43.0 25.0 -22.2
v 43.0 24.8 -22.0
v 43.0 24.7 -21.0
v 42.6 25.0 -21.0
v 43.0 24.7 -20.0
v 42.5 25.0 -20.0
v 43.0 25.0 -19.6
v 42.9 26.0 -22.0
v 43.0 26.0 -22.1
v 42.7 26.0 -21.0
v 43.0 26.0 -20.0
v 43.0 26.0 -20.0
v 43.0 26.0 -20.0
v 42.9 26.0 -19.0
v 43.0 25.8 -19.0
v 43.0 26.0 -18.9
v 43.0 26.1 -22.0
v 43.0 27.0 -21.3
v 43.0 26.0 -20.0
v 42.6 27.0 -20.0
v 42.7 27.0 -19.0
v 43.0 27.0 -18.6
v 43.0 28.0 -21.3
v 42.5 28.0 -20.0
v 42.6 28.0 -19.0
v 43.0 28.0 -18.6
v 42.8 29.0 -21.0
v 43.0 29.0 -21.2
v 42.5 29.0 -20.0
v 42.6 29.0 -19.0
v 43.0 29.0 -18.4
v 42.8 30.0 -21.0
v 43.0 30.0 -21.2
v 42.5 30.0 -20.0
v 42.5 30.0 -19.0
v 43.0 29.3 -18.0
v 42.5 30.0 -18.0
v 43.0 29.7 -17.0
v 42.8 30.0 -17.0
v 43.0 30.0 -16.8
v 42.5 31.0 -21.0
v 43.0 31.0 -21.4
v 42.4 31.0 -20.0
v 42.3 31.0 -19.0
v 42.5 31.0 -17.0
v 43.0 31.0 -16.4
v 42.1 32.0 -22.0
v 43.0 32.0 -21.6
v 42.4 32.0 -17.0
v 43.0 31.4 -16.0
v 42.5 32.0 -16.0
v 43.0 31.5 -15.0
v 43.0 31.7 -14.0
v 42.6 32.0 -14.0
v 43.0 32.0 -13.7
v 42.5 33.0 -22.0
v 43.0 33.0 -21.6
v 42.5 33.0 -17.0
v 42.5 33.0 -16.0
v 43.0 33.0 -13.1
v 42.4 34.0 -22.0
v 43.0 34.0 -21.6
v 43.0 33.7 -17.0
v 43.0 34.0 -17.2
v 43.0 33.7 -16.0
v 42.5 34.0 -15.0
v 43.0 34.0 -15.7
v 42.5 34.0 -14.0
v 43.0 34.0 -13.4
v 43.0 35.0 -21.6
v 43.0 35.0 -17.4
v 42.7 35.0 -15.0
v 43.0 35.0 -15.4
v 42.6 35.0 -14.0
v 43.0 35.0 -13.5
v 43.0 36.0 -22.4
v 43.0 35.5 -22.0
v 43.0 36.0 -17.5
v 43.0 35.6 -15.0
v 42.9 36.0 -14.0
v 43.0 36.0 -14.4
v 43.0 36.0 -13.8
v 43.0 37.0 -22.5
v 43.0 37.0 -17.3
v 42.8 37.0 -15.0
v 43.0 37.0 -15.2
v 43.0 36.6 -15.0
v 43.0 36.4 -14.0
v 43.0 37.0 -14.6
v 42.8 37.0 -10.0
v 43.0 37.0 -10.2
v 43.0 36.4 -10.0
v 43.0 36.7 -9.0
v 42.8 37.0 -9.0
v 43.0 36.9 -8.0
v 42.9 37.0 -8.0
v 43.0 37.0 -7.9
v 43.0 38.0 -22.5
v 43.0 37.3 -17.0
v 43.0 37.4 -16.0
v 42.3 38.0 -15.0
v 43.0 37.3 -14.0
v 42.6 38.0 -14.0
v 43.0 38.0 -13.0
v 43.0 38.0 -13.0
v 43.0 38.0 -13.0
v 43.0 37.2 -10.0
v 43.0 37.4 -9.0
v 43.0 38.0 -8.0
v 43.0 38.0 -8.0
v 43.0 38.0 -8.0
v 43.0 39.0 -22.6
v 42.8 39.0 -14.0
v 43.0 39.0 -13.7
v 43.0 38.1 -13.0
v 43.0 38.0 -8.0
v 42.3 40.0 -23.0
v 43.0 40.0 -23.3
v 43.0 39.6 -23.0
v 42.4 40.0 -15.0
v 43.0 40.0 -14.5
v 43.0 39.3 -14.0
v 43.0 41.0 -23.5
v 42.3 41.0 -16.0
v 42.7 41.0 -15.0
v 43.0 41.0 -14.4
v 42.9 41.0 -13.0
v 43.0 41.0 -13.2
v 43.0 40.9 -13.0
v 43.0 41.0 -12.9
v 43.0 42.0 -23.5
v 42.3 42.0 -16.0
v 42.9 42.0 -15.0
v 43.0 41.3 -14.0
v 42.6 42.0 -14.0
v 42.5 42.0 -13.0
v 43.0 42.0 -12.3
v 43.0 43.0 -23.3
v 42.3 43.0 -15.0
v 42.3 43.0 -14.0
v 43.0 42.3 -12.0
v 42.5 43.0 -12.0
v 43.0 42.4 -11.0
v 42.6 43.0 -11.0
v 43.0 42.6 -10.0
v 42.7 43.0 -10.0
v 43.0 43.0 -9.7
v 43.0 43.4 -23.0
v 43.0 44.0 -22.5
v 42.4 44.0 -12.0
v 42.5 44.0 -11.0
v 42.6 44.0 -10.0
v 43.0 44.0 -9.5
v 43.0 44.7 -22.0
v 42.7 45.0 -22.0
v 43.0 45.0 -21.8
v 42.5 45.0 -12.0
v 42.6 45.0 -11.0
v 42.8 45.0 -10.0
v 43.0 45.0 -9.7
v 42.3 46.0 -22.0
v 43.0 46.0 -21.6
v 43.0 45.9 -12.0
v 43.0 46.0 -12.1
v 43.0 45.5 -11.0
v 43.0 45.3 -10.0
v 43.0 47.0 -21.4
v 43.0 46.1 -12.0
v 42.6 47.0 -12.0
v 43.0 47.0 -11.6
v 43.0 47.5 -21.0
v 43.0 48.0 -20.5
v 42.6 48.0 -12.0
v 43.0 48.0 -11.7
v 43.0 48.7 -20.0
v 42.5 49.0 -20.0
v 43.0 49.0 -19.7
v 43.0 48.8 -12.0
v 43.0 49.0 -12.1
v 42.2 50.0 -20.0
v 43.0 50.0 -19.6
v 43.0 49.1 -12.0
v 42.3 50.0 -12.0
v 43.0 49.5 -11.0
v 42.5 50.0 -11.0
v 43.0 49.8 -10.0
v 42.8 50.0 -10.0
v 43.0 50.0 -9.7
v 43.0 51.0 -19.4
v 42.3 51.0 -10.0
v 43.0 50.6 -9.0
v 42.5 51.0 -9.0
v 43.0 51.0 -8.1
v 43.0 51.6 -19.0
v 42.5 52.0 -19.0
v 43.0 52.0 -18.7
v 43.0 51.6 -14.0
v 43.0 52.0 -14.4
v 43.0 51.4 -13.0
v 43.0 51.4 -12.0
v 42.4 52.0 -11.0
v 43.0 51.7 -11.0
v 43.0 52.0 -10.6
v 43.0 52.0 -8.6
v 43.0 53.0 -18.4
v 43.0 53.0 -14.6
v 43.0 52.4 -10.0
v 43.0 52.4 -9.0
v 43.0 54.0 -18.2
v 43.0 53.5 -15.0
v 43.0 54.0 -15.5
v 43.0 54.2 -18.0
v 43.0 54.5 -17.0
v 42.0 55.0 -16.0
v 43.0 54.5 -16.0
v 43.8 25.0 -23.0
v 44.0 25.0 -23.1
v 44.0 24.9 -23.0
v 44.0 24.7 -22.0
v 44.0 24.6 -21.0
v 44.0 24.5 -20.0
v 44.0 24.0 -19.0
v 43.5 25.0 -19.0
v 44.0 25.0 -18.5
v 44.0 25.4 -23.0
v 44.0 25.5 -22.0
v 43.1 26.0 -22.0
v 43.5 26.0 -21.0
v 44.0 25.6 -21.0
v 43.0 26.0 -20.0
v 44.0 26.0 -20.6
v 44.0 26.0 -18.3
v 43.3 27.0 -21.0
v 44.0 26.8 -20.0
v 43.8 27.0 -20.0
v 44.0 27.0 -19.9
v 44.0 26.5 -18.0
v 43.6 27.0 -18.0
v 44.0 27.0 -17.7
v 43.3 28.0 -21.0
v 43.7 28.0 -20.0
v 44.0 28.0 -19.8
v 43.5 28.0 -18.0
v 44.0 28.0 -17.4
v 43.3 29.0 -21.0
v 44.0 29.0 -20.5
v 44.0 28.2 -20.0
v 43.3 29.0 -18.0
v 44.0 28.6 -17.0
v 43.7 29.0 -17.0
v 44.0 29.0 -16.7
v 43.4 30.0 -21.0
v 44.0 30.0 -20.7
v 44.0 30.0 -16.3
v 44.0 31.0 -21.3
v 44.0 30.5 -21.0
v 44.0 30.4 -16.0
v 43.4 31.0 -16.0
v 44.0 31.0 -15.4
v 44.0 32.0 -21.4
v 44.0 31.3 -15.0
v 44.0 31.6 -14.0
v 44.0 32.0 -13.6
v 44.0 33.0 -21.5
v 44.0 33.0 -13.2
v 44.0 34.0 -21.6
v 43.2 34.0 -17.0
v 43.2 34.0 -16.0
v 44.0 33.3 -13.0
v 43.5 34.0 -13.0
v 44.0 34.0 -12.6
v 44.0 35.0 -21.7
v 43.4 35.0 -17.0
v 43.5 35.0 -16.0
v 43.4 35.0 -13.0
v 44.0 34.5 -12.0
v 43.5 35.0 -12.0
v 44.0 34.7 -11.0
v 43.3 35.0 -11.0
v 44.0 35.0 -10.6
v 44.0 36.0 -22.4
v 44.0 35.4 -22.0
v 44.0 35.7 -17.0
v 44.0 36.0 -17.2
v 44.0 35.6 -16.0
v 43.3 36.0 -15.0
v 44.0 36.0 -15.6
v 43.5 36.0 -13.0
v 43.5 36.0 -12.0
v 43.4 36.0 -11.0
v 44.0 36.0 -10.2
v 44.0 37.0 -22.5
v 44.0 37.0 -17.2
v 44.0 37.0 -15.8
v 43.2 37.0 -14.0
v 43.9 37.0 -13.0
v 43.7 37.0 -12.0
v 43.5 37.0 -11.0
v 44.0 36.1 -10.0
v 44.0 36.5 -9.0
v 44.0 36.6 -8.0
v 44.0 37.0 -7.6
v 44.0 38.0 -22.5
v 44.0 37.2 -17.0
v 44.0 37.2 -16.0
v 44.0 37.7 -12.0
v 44.0 38.0 -12.2
v 44.0 37.6 -11.0
v 43.6 38.0 -10.0
v 44.0 38.0 -10.5
v 43.4 38.0 -9.0
v 44.0 38.0 -7.7
v 44.0 39.0 -22.6
v 43.6 39.0 -13.0
v 44.0 39.0 -12.2
v 44.0 38.4 -10.0
v 44.0 38.6 -9.0
v 44.0 38.4 -8.0
v 44.0 40.0 -23.4
v 44.0 39.5 -23.0
v 44.0 39.3 -14.0
v 44.0 40.0 -14.3
v 44.0 39.5 -13.0
v 44.0 41.0 -23.5
v 44.0 40.3 -14.0
v 43.2 41.0 -14.0
v 44.0 40.3 -13.0
v 44.0 40.4 -12.0
v 43.4 41.0 -12.0
v 44.0 40.4 -11.0
v 43.2 41.0 -11.0
v 44.0 40.4 -10.0
v 43.5 41.0 -10.0
v 44.0 40.2 -9.0
v 43.3 41.0 -9.0
v 44.0 41.0 -8.7
v 44.0 42.0 -23.3
v 43.2 42.0 -12.0
v 43.3 42.0 -11.0
v 43.4 42.0 -10.0
v 43.6 42.0 -9.0
v 44.0 42.0 -8.6
v 44.0 42.5 -23.0
v 43.5 43.0 -23.0
v 44.0 43.0 -22.7
v 43.5 43.0 -9.0
v 44.0 43.0 -8.6
v 44.0 44.0 -22.4
v 43.5 44.0 -9.0
v 44.0 44.0 -8.5
v 44.0 44.5 -22.0
v 44.0 45.0 -21.6
v 43.5 45.0 -9.0
v 44.0 45.0 -8.6
v 44.0 46.0 -21.5
v 43.1 46.0 -12.0
v 43.4 46.0 -11.0
v 43.4 46.0 -10.0
v 43.6 46.0 -9.0
v 44.0 46.0 -8.6
v 44.0 47.0 -21.4
v 43.5 47.0 -11.0
v 43.6 47.0 -10.0
v 43.8 47.0 -9.0
v 44.0 47.0 -8.7
v 44.0 47.5 -21.0
v 44.0 48.0 -20.5
v 44.0 47.9 -11.0
v 44.0 48.0 -11.1
v 44.0 47.5 -10.0
v 44.0 47.3 -9.0
v 44.0 48.6 -20.0
v 44.0 49.0 -19.7
v 43.1 49.0 -12.0
v 44.0 48.1 -11.0
v 43.5 49.0 -11.0
v 44.0 49.0 -10.4
v 44.0 50.0 -19.5
v 44.0 49.3 -10.0
v 44.0 50.0 -9.3
v 44.0 51.0 -19.3
v 43.8 51.0 -13.0
v 44.0 50.9 -13.0
v 44.0 51.0 -13.1
v 43.7 51.0 -12.0
v 44.0 50.8 -12.0
v 44.0 51.0 -11.7
v 44.0 50.3 -9.0
v 44.0 51.0 -8.5
v 44.0 51.3 -19.0
v 44.0 52.0 -18.4
v 44.0 51.7 -14.0
v 44.0 52.0 -14.3
v 44.0 51.5 -11.0
v 44.0 52.0 -10.5
v 44.0 52.0 -8.4
v 44.0 52.6 -18.0
v 43.6 53.0 -18.0
v 44.0 53.0 -17.7
v 44.0 53.0 -14.6
v 44.0 52.4 -10.0
v 44.0 52.5 -9.0
v 43.3 54.0 -18.0
v 44.0 54.0 -17.4
v 44.0 53.5 -15.0
v 44.0 54.0 -15.5
v 44.0 54.4 -17.0
v 44.0 54.4 -16.0
v 44.7 24.0 -19.0
v 45.0 24.0 -19.0
v 45.0 24.0 -19.0
v 45.0 24.0 -19.0
v 44.7 25.0 -23.0
v 45.0 25.0 -22.8
v 45.0 24.8 -22.0
v 45.0 24.7 -21.0
v 45.0 24.5 -20.0
v 45.0 25.0 -18.0
v 45.0 25.0 -18.0
v 45.0 25.0 -18.0
v 45.0 25.3 -22.0
v 45.0 25.5 -21.0
v 45.0 26.0 -20.5
v 44.6 26.0 -18.0
v 45.0 26.0 -17.8
v 44.5 27.0 -20.0
v 45.0 27.0 -20.1
v 45.0 27.0 -17.5
v 45.0 27.2 -20.0
v 45.0 28.0 -19.6
v 45.0 27.8 -17.0
v 44.8 28.0 -17.0
v 45.0 28.0 -16.9
v 45.0 29.0 -20.4
v 45.0 28.4 -20.0
v 45.0 29.0 -16.6
v 45.0 30.0 -20.5
v 45.0 29.8 -16.0
v 44.7 30.0 -16.0
v 45.0 30.0 -15.8
v 44.4 31.0 -21.0
v 45.0 31.0 -20.6
v 45.0 30.8 -15.0
v 44.7 31.0 -15.0
v 45.0 31.0 -14.8
v 44.6 32.0 -21.0
v 45.0 32.0 -20.7
v 45.0 31.7 -14.0
v 45.0 32.0 -13.7
v 45.0 33.0 -21.4
v 45.0 32.5 -21.0
v 45.0 32.8 -13.0
v 44.6 33.0 -13.0
v 45.0 33.0 -12.8
v 45.0 34.0 -22.0
v 45.0 34.0 -22.0
v 45.0 34.0 -22.0
v 45.0 34.0 -12.3
v 44.5 35.0 -22.0
v 45.0 35.0 -22.2
v 45.0 34.3 -12.0
v 45.0 34.5 -11.0
v 45.0 34.8 -10.0
v 44.7 35.0 -10.0
v 45.0 35.0 -9.7
v 45.0 36.0 -22.4
v 44.3 36.0 -17.0
v 44.7 36.0 -16.0
v 44.2 36.0 -10.0
v 45.0 36.0 -9.3
v 45.0 37.0 -22.4
v 44.2 37.0 -17.0
v 44.2 37.0 -16.0
v 45.0 36.3 -9.0
v 45.0 36.5 -8.0
v 45.0 37.0 -7.0
v 45.0 37.0 -7.0
v 45.0 37.0 -7.0
v 45.0 38.0 -22.4
v 44.2 38.0 -12.0
v 44.3 38.0 -11.0
v 45.0 37.0 -7.0
v 45.0 38.0 -7.6
v 45.0 39.0 -22.5
v 44.3 39.0 -12.0
v 45.0 39.0 -11.1
v 45.0 39.0 -11.0
v 44.5 39.0 -10.0
v 45.0 39.0 -11.0
v 44.5 39.0 -9.0
v 45.0 39.0 -8.6
v 45.0 38.4 -8.0
v 45.0 40.0 -23.3
v 45.0 39.7 -23.0
v 44.6 40.0 -14.0
v 44.3 40.0 -13.0
v 44.3 40.0 -12.0
v 45.0 39.0 -11.0
v 44.4 40.0 -11.0
v 44.4 40.0 -10.0
v 45.0 40.0 -9.4
v 45.0 39.5 -9.0
v 45.0 41.0 -23.4
v 45.0 41.0 -9.3
v 44.5 41.0 -9.0
v 45.0 41.6 -23.0
v 44.5 42.0 -23.0
v 45.0 42.0 -22.7
v 45.0 41.4 -9.0
v 45.0 42.0 -8.6
v 45.0 43.0 -22.5
v 45.0 43.0 -8.4
v 45.0 44.0 -22.3
v 45.0 43.8 -8.0
v 44.8 44.0 -8.0
v 45.0 44.0 -7.9
v 45.0 44.4 -22.0
v 45.0 45.0 -21.6
v 45.0 44.4 -8.0
v 45.0 45.0 -8.2
v 45.0 46.0 -21.5
v 45.0 45.3 -8.0
v 44.6 46.0 -8.0
v 45.0 46.0 -7.7
v 45.0 47.0 -21.4
v 44.7 47.0 -8.0
v 45.0 47.0 -7.8
v 45.0 47.5 -21.0
v 45.0 48.0 -20.6
v 44.1 48.0 -11.0
v 44.4 48.0 -10.0
v 44.5 48.0 -9.0
v 45.0 48.0 -8.5
v 45.0 47.3 -8.0
v 44.7 49.0 -20.0
v 45.0 49.0 -20.2
v 44.3 49.0 -10.0
v 44.6 49.0 -9.0
v 45.0 49.0 -8.5
v 45.0 49.2 -20.0
v 45.0 50.0 -19.5
v 44.3 50.0 -9.0
v 45.0 50.0 -8.0
v 45.0 50.0 -8.0
v 45.0 50.0 -8.0
v 45.0 50.6 -19.0
v 44.4 51.0 -19.0
v 45.0 51.0 -18.5
v 44.2 51.0 -13.0
v 45.0 51.0 -12.2
v 45.0 50.9 -12.0
v 45.0 51.0 -11.9
v 45.0 50.1 -8.0
v 45.0 51.0 -8.3
v 44.5 52.0 -18.0
v 45.0 51.6 -18.0
v 45.0 52.0 -17.7
v 44.4 52.0 -14.0
v 45.0 52.0 -13.5
v 45.0 51.5 -13.0
v 45.0 51.6 -11.0
v 45.0 52.0 -10.6
v 45.0 51.5 -8.0
v 44.6 52.0 -8.0
v 45.0 52.0 -7.7
v 45.0 53.0 -17.4
v 45.0 52.4 -14.0
v 45.0 53.0 -14.6
v 45.0 52.4 -10.0
v 45.0 52.6 -9.0
v 44.4 53.0 -8.0
v 45.0 53.0 -8.4
v 45.0 53.0 -7.6
v 45.0 54.0 -17.2
v 45.0 53.4 -15.0
v 45.0 54.0 -15.6
v 45.0 53.4 -8.0
v 45.0 54.2 -17.0
v 45.0 54.3 -16.0
v 45.0 24.0 -19.0
v 45.3 25.0 -22.0
v 46.0 25.0 -21.2
v 46.0 24.8 -21.0
v 46.0 24.9 -20.0
v 45.5 25.0 -19.0
v 46.0 25.0 -19.9
v 45.0 25.0 -18.0
v 46.0 25.2 -21.0
v 45.5 26.0 -20.0
v 46.0 25.1 -20.0
v 45.6 26.0 -19.0
v 45.3 26.0 -18.0
v 45.1 27.0 -20.0
v 46.0 27.0 -19.1
v 46.0 26.8 -19.0
v 46.0 26.8 -18.0
v 46.0 27.0 -17.8
v 45.8 28.0 -19.0
v 46.0 27.4 -19.0
v 46.0 28.0 -18.5
v 45.1 28.0 -17.0
v 46.0 28.0 -17.8
v 46.0 29.0 -20.2
v 46.0 28.8 -20.0
v 46.0 28.2 -19.0
v 46.0 29.0 -18.1
v 45.9 29.0 -18.0
v 46.0 28.7 -18.0
v 45.5 29.0 -17.0
v 46.0 30.0 -20.4
v 46.0 29.1 -18.0
v 46.0 29.4 -17.0
v 45.5 30.0 -16.0
v 46.0 30.0 -16.3
v 46.0 31.0 -20.5
v 46.0 30.2 -16.0
v 45.3 31.0 -15.0
v 46.0 31.0 -15.3
v 46.0 32.0 -20.5
v 46.0 31.4 -15.0
v 45.5 32.0 -14.0
v 46.0 32.0 -14.4
v 45.4 33.0 -21.0
v 46.0 33.0 -20.6
v 46.0 32.5 -14.0
v 45.3 33.0 -13.0
v 46.0 33.0 -13.4
v 45.0 34.0 -22.0
v 45.8 34.0 -21.0
v 46.0 34.0 -20.8
v 46.0 33.3 -13.0
v 46.0 33.7 -12.0
v 45.5 34.0 -12.0
v 46.0 34.0 -11.6
v 45.3 35.0 -22.0
v 46.0 35.0 -21.5
v 46.0 34.3 -21.0
v 46.0 34.5 -11.0
v 46.0 34.7 -10.0
v 46.0 35.0 -9.0
v 46.0 35.0 -9.0
v 46.0 35.0 -9.0
v 45.5 36.0 -22.0
v 46.0 36.0 -21.6
v 45.3 36.0 -9.0
v 46.0 36.0 -8.5
v 45.5 37.0 -22.0
v 46.0 37.0 -21.6
v 46.0 36.5 -8.0
v 46.0 36.9 -7.0
v 46.0 37.0 -6.9
v 45.5 38.0 -22.0
v 46.0 38.0 -21.6
v 45.6 38.0 -8.0
v 46.0 37.7 -8.0
v 46.0 38.0 -8.2
v 46.0 37.1 -7.0
v 45.8 39.0 -22.0
v 46.0 39.0 -21.9
v 45.0 39.0 -11.0
v 46.0 39.0 -8.6
v 45.4 40.0 -23.0
v 46.0 40.0 -22.6
v 46.0 39.1 -22.0
v 46.0 39.5 -9.0
v 46.0 40.0 -9.4
v 46.0 41.0 -23.1
v 46.0 40.8 -23.0
v 46.0 41.0 -9.4
v 46.0 41.2 -23.0
v 46.0 42.0 -22.6
v 46.0 41.5 -9.0
v 46.0 42.0 -8.6
v 46.0 43.0 -22.4
v 46.0 43.0 -8.4
v 46.0 43.6 -22.0
v 45.5 44.0 -22.0
v 46.0 44.0 -21.7
v 46.0 43.5 -8.0
v 46.0 44.0 -7.5
v 46.0 45.0 -21.4
v 45.2 45.0 -8.0
v 46.0 45.0 -7.5
v 46.0 46.0 -21.4
v 46.0 46.0 -7.5
v 46.0 47.0 -21.2
v 46.0 47.0 -7.6
v 46.0 47.3 -21.0
v 46.0 48.0 -20.4
v 46.0 47.7 -8.0
v 46.0 48.0 -8.2
v 46.0 48.5 -20.0
v 45.3 49.0 -20.0
v 46.0 49.0 -19.7
v 46.0 49.0 -8.3
v 46.0 50.0 -19.3
v 46.0 49.5 -8.0
v 46.0 50.0 -7.7
v 46.0 50.3 -19.0
v 45.6 51.0 -18.0
v 46.0 50.7 -18.0
v 46.0 51.0 -17.7
v 45.1 51.0 -12.0
v 46.0 50.8 -8.0
v 46.0 51.0 -8.1
v 46.0 52.0 -17.3
v 45.5 52.0 -13.0
v 46.0 52.0 -12.3
v 46.0 51.8 -12.0
v 45.5 52.0 -11.0
v 46.0 52.0 -11.8
v 46.0 51.1 -8.0
v 46.0 52.0 -7.5
v 46.0 52.5 -17.0
v 45.6 53.0 -17.0
v 46.0 53.0 -16.5
v 45.5 53.0 -15.0
v 46.0 52.7 -15.0
v 46.0 53.0 -15.5
v 46.0 52.5 -14.0
v 46.0 52.4 -13.0
v 46.0 52.5 -11.0
v 46.0 52.8 -10.0
v 46.0 53.0 -9.0
v 46.0 53.0 -9.1
v 46.0 52.7 -7.0
v 45.6 53.0 -7.0
v 46.0 53.0 -6.7
v 45.3 54.0 -17.0
v 46.0 53.9 -16.0
v 45.9 54.0 -16.0
v 45.9 54.0 -10.0
v 46.0 54.0 -10.1
v 46.0 53.8 -10.0
v 45.6 54.0 -9.0
v 45.3 54.0 -8.0
v 45.1 54.0 -7.0
v 46.0 54.0 -6.6
v 46.0 54.1 -10.0
v 45.9 55.0 -9.0
v 46.0 55.0 -9.1
v 45.6 55.0 -8.0
v 45.7 55.0 -7.0
v 46.0 55.0 -6.7
v 46.0 55.1 -9.0
v 46.0 55.8 -8.0
v 46.0 55.4 -7.0
v 46.4 25.0 -21.0
v 46.1 25.0 -20.0
v 46.1 27.0 -19.0
v 46.2 27.0 -18.0
v 46.2 28.0 -18.0
v 46.3 29.0 -20.0
v 47.0 29.0 -19.1
v 47.0 28.9 -19.0
v 47.0 29.0 -18.9
v 46.6 30.0 -20.0
v 47.0 30.0 -19.7
v 47.0 29.4 -18.0
v 47.0 29.6 -17.0
v 47.0 29.9 -16.0
v 46.8 30.0 -16.0
v 47.0 30.0 -15.9
v 47.0 31.0 -20.3
v 47.0 30.5 -20.0
v 47.0 31.0 -15.4
v 47.0 32.0 -20.4
v 47.0 31.7 -15.0
v 47.0 32.0 -14.7
v 47.0 33.0 -20.4
v 46.6 33.0 -14.0
v 47.0 33.0 -14.3
v 47.0 34.0 -20.7
v 47.0 33.3 -14.0
v 47.0 33.5 -13.0
v 47.0 33.6 -12.0
v 47.0 34.0 -11.5
v 47.0 35.0 -21.4
v 47.0 34.4 -21.0
v 47.0 35.0 -11.0
v 47.0 35.0 -11.0
v 46.5 35.0 -10.0
v 46.0 35.0 -9.0
v 47.0 36.0 -21.5
v 47.0 35.0 -11.0
v 47.0 35.4 -10.0
v 47.0 35.5 -9.0
v 47.0 36.0 -8.4
v 47.0 37.0 -21.5
v 47.0 36.4 -8.0
v 47.0 36.8 -7.0
v 47.0 37.0 -6.9
v 47.0 38.0 -21.5
v 47.0 37.7 -8.0
v 47.0 38.0 -8.2
v 47.0 37.2 -7.0
v 46.3 39.0 -22.0
v 47.0 39.0 -22.3
v 47.0 38.6 -22.0
v 47.0 39.0 -8.6
v 47.0 40.0 -22.5
v 47.0 39.7 -9.0
v 47.0 40.0 -9.2
v 46.2 41.0 -23.0
v 47.0 41.0 -22.6
v 47.0 41.0 -9.2
v 47.0 42.0 -22.4
v 47.0 41.3 -9.0
v 47.0 42.0 -8.5
v 47.0 43.0 -22.3
v 47.0 43.0 -8.0
v 47.0 43.0 -7.0
v 47.0 43.0 -7.5
v 47.0 43.0 -7.0
v 47.0 43.0 -7.0
v 47.0 43.3 -22.0
v 47.0 44.0 -21.5
v 47.0 43.0 -8.0
v 46.6 44.0 -7.0
v 47.0 44.0 -6.7
v 47.0 44.7 -21.0
v 46.6 45.0 -21.0
v 47.0 45.0 -20.7
v 46.7 45.0 -7.0
v 47.0 45.0 -6.7
v 46.5 46.0 -21.0
v 47.0 46.0 -20.5
v 47.0 45.4 -7.0
v 47.0 46.0 -7.4
v 46.3 47.0 -21.0
v 47.0 47.0 -20.4
v 47.0 47.0 -7.4
v 46.5 48.0 -20.0
v 47.0 47.5 -20.0
v 47.0 48.0 -19.6
v 46.3 48.0 -8.0
v 47.0 48.0 -7.5
v 47.0 49.0 -19.3
v 46.3 49.0 -8.0
v 47.0 49.0 -7.6
v 47.0 49.4 -19.0
v 46.4 50.0 -19.0
v 47.0 50.0 -18.6
v 47.0 50.0 -7.4
v 47.0 50.5 -18.0
v 47.0 51.0 -17.4
v 46.1 51.0 -8.0
v 47.0 51.0 -7.5
v 47.0 51.4 -17.0
v 46.4 52.0 -17.0
v 47.0 52.0 -16.4
v 46.1 52.0 -12.0
v 47.0 52.0 -7.3
v 46.4 53.0 -16.0
v 47.0 52.3 -16.0
v 47.0 52.4 -15.0
v 47.0 52.6 -14.0
v 46.9 53.0 -13.0
v 47.0 53.0 -13.2
v 46.6 53.0 -12.0
v 46.4 53.0 -11.0
v 46.2 53.0 -10.0
v 47.0 52.4 -7.0
v 47.0 53.0 -6.6
v 47.0 53.1 -13.0
v 47.0 53.4 -12.0
v 46.7 54.0 -11.0
v 47.0 54.0 -11.3
v 47.0 54.0 -6.5
v 47.0 54.2 -11.0
v 47.0 54.5 -10.0
v 46.2 55.0 -9.0
v 47.0 54.7 -9.0
v 47.0 55.0 -8.5
v 47.0 55.0 -6.7
v 47.0 55.3 -8.0
v 47.0 55.3 -7.0
v 47.1 29.0 -19.0
v 48.0 30.0 -19.2
v 48.0 29.8 -19.0
v 48.0 29.7 -18.0
v 47.6 30.0 -17.0
v 48.0 30.0 -17.5
v 47.1 30.0 -16.0
v 47.4 31.0 -20.0
v 48.0 31.0 -19.5
v 48.0 30.3 -17.0
v 48.0 30.7 -16.0
v 48.0 31.0 -15.7
v 47.5 32.0 -20.0
v 48.0 32.0 -19.5
v 47.4 32.0 -15.0
v 48.0 32.0 -15.5
v 47.7 33.0 -20.0
v 48.0 33.0 -19.8
v 48.0 33.0 -15.0
v 48.0 33.0 -15.0
v 47.8 34.0 -21.0
v 48.0 34.0 -21.1
v 48.0 33.9 -21.0
v 48.0 33.3 -20.0
v 48.0 33.0 -15.0
v 48.0 33.4 -14.0
v 48.0 33.5 -13.0
v 48.0 33.5 -12.0
v 48.0 33.9 -11.0
v 47.9 34.0 -11.0
v 48.0 34.0 -10.9
v 48.0 35.0 -21.4
v 47.0 35.0 -11.0
v 48.0 35.0 -10.5
v 48.0 36.0 -21.4
v 48.0 35.4 -10.0
v 48.0 35.5 -9.0
v 48.0 35.8 -8.0
v 47.7 36.0 -8.0
v 48.0 36.0 -7.8
v 48.0 37.0 -21.3
v 48.0 36.8 -7.0
v 48.0 37.0 -6.8
v 48.0 37.8 -21.0
v 47.9 38.0 -21.0
v 48.0 38.0 -20.9
v 47.4 38.0 -8.0
v 48.0 38.0 -7.6
v 48.0 37.3 -7.0
v 48.0 39.0 -22.2
v 48.0 38.8 -22.0
v 48.0 38.1 -21.0
v 48.0 38.6 -8.0
v 48.0 39.0 -8.3
v 48.0 40.0 -22.4
v 47.3 40.0 -9.0
v 48.0 40.0 -8.5
v 48.0 41.0 -22.3
v 47.3 41.0 -9.0
v 48.0 41.0 -8.4
v 48.0 41.5 -22.0
v 47.6 42.0 -22.0
v 48.0 42.0 -21.7
v 48.0 41.5 -8.0
v 47.6 42.0 -8.0
v 48.0 42.0 -7.6
v 47.3 43.0 -22.0
v 48.0 43.0 -21.6
v 47.0 43.0 -8.0
v 48.0 42.7 -7.0
v 48.0 43.0 -6.8
v 48.0 44.0 -21.3
v 48.0 44.0 -6.5
v 48.0 44.3 -21.0
v 48.0 45.0 -20.4
v 48.0 45.0 -6.6
v 48.0 45.6 -20.0
v 47.6 46.0 -20.0
v 48.0 46.0 -19.7
v 48.0 45.9 -7.0
v 48.0 46.0 -7.1
v 47.4 47.0 -20.0
v 48.0 47.0 -19.4
v 48.0 46.1 -7.0
v 47.5 47.0 -7.0
v 48.0 47.0 -6.0
v 48.0 47.0 -6.0
v 48.0 47.0 -6.0
v 47.7 48.0 -19.0
v 48.0 47.6 -19.0
v 48.0 48.0 -18.7
v 47.6 48.0 -7.0
v 48.0 48.0 -6.5
v 48.0 47.0 -6.0
v 47.4 49.0 -19.0
v 48.0 49.0 -18.5
v 48.0 48.8 -7.0
v 48.0 49.0 -7.1
v 48.0 50.0 -18.2
v 48.0 49.3 -7.0
v 47.6 50.0 -7.0
v 48.0 50.0 -6.7
v 48.0 50.2 -18.0
v 47.4 51.0 -17.0
v 48.0 50.5 -17.0
v 47.7 51.0 -16.0
v 48.0 50.7 -16.0
v 48.0 51.0 -15.6
v 47.6 51.0 -7.0
v 48.0 51.0 -6.7
v 47.3 52.0 -16.0
v 48.0 51.5 -15.0
v 47.6 52.0 -15.0
v 48.0 52.0 -14.4
v 47.4 52.0 -7.0
v 48.0 52.0 -6.6
v 48.0 52.3 -14.0
v 47.2 53.0 -13.0
v 48.0 52.6 -13.0
v 48.0 53.0 -12.5
v 48.0 53.0 -6.6
v 48.0 53.4 -12.0
v 48.0 54.0 -11.3
v 47.9 54.0 -8.0
v 48.0 53.9 -8.0
v 48.0 54.0 -8.3
v 48.0 54.0 -7.5
v 48.0 54.0 -6.9
v 48.0 54.2 -11.0
v 48.0 54.4 -10.0
v 48.0 54.3 -9.0
v 47.3 55.0 -8.0
v 48.0 54.1 -7.0
v 47.3 55.0 -7.0
v 48.2 30.0 -19.0
v 48.3 30.0 -18.0
v 48.5 31.0 -19.0
v 49.0 31.0 -18.4
v 49.0 30.7 -18.0
v 49.0 30.6 -17.0
v 48.3 31.0 -16.0
v 49.0 31.0 -16.6
v 48.6 32.0 -19.0
v 49.0 32.0 -18.6
v 48.7 32.0 -16.0
v 49.0 32.0 -16.3
v 49.0 33.0 -19.5
v 49.0 32.5 -19.0
v 49.0 32.3 -16.0
v 49.0 32.7 -15.0
v 48.1 33.0 -15.0
v 49.0 32.9 -14.0
v 48.9 33.0 -14.0
v 49.0 33.0 -13.9
v 48.1 34.0 -21.0
v 49.0 34.0 -20.4
v 49.0 33.6 -20.0
v 49.0 33.4 -13.0
v 49.0 33.7 -12.0
v 48.1 34.0 -11.0
v 49.0 34.0 -11.6
v 48.4 35.0 -21.0
v 49.0 35.0 -20.5
v 49.0 34.5 -11.0
v 49.0 35.0 -10.6
v 48.5 36.0 -21.0
v 49.0 36.0 -20.5
v 49.0 35.5 -10.0
v 49.0 35.7 -9.0
v 48.3 36.0 -8.0
v 49.0 36.0 -8.5
v 48.4 37.0 -21.0
v 49.0 37.0 -20.6
v 49.0 36.3 -8.0
v 49.0 37.0 -7.0
v 49.0 37.0 -7.0
v 49.0 38.0 -20.6
v 49.0 37.0 -7.0
v 49.0 38.0 -7.4
v 48.3 39.0 -22.0
v 49.0 39.0 -21.4
v 49.0 38.6 -21.0
v 48.4 39.0 -8.0
v 49.0 39.0 -7.6
v 48.5 40.0 -22.0
v 49.0 40.0 -21.6
v 48.5 40.0 -8.0
v 49.0 40.0 -7.6
v 48.4 41.0 -22.0
v 49.0 41.0 -21.5
v 48.4 41.0 -8.0
v 49.0 41.0 -7.6
v 49.0 42.0 -21.4
v 49.0 42.0 -7.4
v 49.0 43.0 -21.3
v 48.5 43.0 -7.0
v 49.0 43.0 -7.3
v 49.0 43.4 -21.0
v 48.4 44.0 -21.0
v 49.0 44.0 -20.6
v 49.0 43.4 -7.0
v 49.0 44.0 -6.6
v 48.6 45.0 -20.0
v 49.0 44.7 -20.0
v 49.0 45.0 -19.7
v 49.0 45.0 -6.5
v 49.0 46.0 -19.3
v 48.1 46.0 -7.0
v 49.0 46.0 -6.4
v 49.0 46.5 -19.0
v 48.5 47.0 -19.0
v 49.0 47.0 -18.6
v 49.0 46.5 -6.0
v 49.0 47.0 -5.6
v 49.0 48.0 -18.3
v 48.5 48.0 -6.0
v 49.0 48.0 -5.6
v 49.0 48.4 -18.0
v 48.6 49.0 -18.0
v 49.0 49.0 -17.5
v 48.1 49.0 -7.0
v 48.7 49.0 -6.0
v 49.0 49.0 -5.7
v 48.2 50.0 -18.0
v 49.0 49.5 -17.0
v 48.6 50.0 -17.0
v 49.0 50.0 -16.4
v 49.0 49.4 -6.0
v 49.0 50.0 -6.4
v 49.0 50.3 -16.0
v 48.5 51.0 -15.0
v 49.0 50.6 -15.0
v 49.0 51.0 -14.5
v 49.0 51.0 -6.9
v 48.3 52.0 -14.0
v 49.0 51.4 -14.0
v 48.7 52.0 -13.0
v 49.0 51.7 -13.0
v 49.0 52.0 -12.5
v 49.0 52.0 -6.6
v 48.4 53.0 -12.0
v 49.0 52.4 -12.0
v 48.6 53.0 -11.0
v 49.0 52.5 -11.0
v 48.7 53.0 -10.0
v 49.0 52.6 -10.0
v 49.0 53.0 -9.5
v 49.0 53.0 -6.8
v 48.2 54.0 -11.0
v 48.4 54.0 -10.0
v 49.0 53.3 -9.0
v 48.3 54.0 -9.0
v 49.0 53.4 -8.0
v 48.1 54.0 -7.0
v 49.0 53.3 -7.0
v 49.3 31.0 -18.0
v 49.9 31.0 -17.0
v 49.5 32.0 -18.0
v 50.0 32.0 -17.3
v 50.0 31.1 -17.0
v 50.0 32.0 -16.7
v 49.5 33.0 -19.0
v 50.0 33.0 -18.0
v 50.0 33.0 -17.9
v 49.9 33.0 -16.0
v 50.0 33.0 -16.1
v 49.4 33.0 -15.0
v 49.1 33.0 -14.0
v 49.4 34.0 -20.0
v 50.0 34.0 -19.4
v 50.0 33.5 -19.0
v 50.0 33.0 -18.0
v 50.0 33.1 -16.0
v 50.0 33.4 -15.0
v 50.0 33.5 -14.0
v 50.0 33.6 -13.0
v 49.5 34.0 -12.0
v 50.0 34.0 -12.5
v 49.5 35.0 -20.0
v 50.0 35.0 -19.5
v 50.0 34.5 -12.0
v 49.5 35.0 -11.0
v 50.0 35.0 -11.5
v 49.6 36.0 -20.0
v 50.0 36.0 -19.7
v 50.0 35.4 -11.0
v 49.7 36.0 -10.0
v 50.0 36.0 -10.3
v 49.4 36.0 -9.0
v 50.0 37.0 -20.3
v 50.0 36.5 -20.0
v 50.0 36.3 -10.0
v 50.0 36.5 -9.0
v 50.0 36.6 -8.0
v 49.0 37.0 -7.0
v 50.0 37.0 -7.6
v 50.0 38.0 -20.4
v 50.0 38.0 -7.5
v 49.5 39.0 -21.0
v 50.0 39.0 -20.6
v 50.0 39.0 -7.4
v 50.0 40.0 -21.1
v 50.0 39.8 -21.0
v 50.0 40.0 -7.4
v 50.0 40.3 -21.0
v 49.6 41.0 -21.0
v 50.0 41.0 -20.6
v 50.0 41.0 -7.3
v 49.5 42.0 -21.0
v 50.0 42.0 -20.5
v 50.0 41.6 -7.0
v 49.8 42.0 -7.0
v 50.0 42.0 -6.8
v 49.4 43.0 -21.0
v 50.0 43.0 -20.4
v 50.0 42.4 -7.0
v 50.0 43.0 -7.3
v 50.0 44.0 -20.2
v 49.9 44.0 -18.0
v 50.0 43.9 -18.0
v 50.0 44.0 -18.1
v 50.0 44.0 -17.9
v 50.0 43.5 -7.0
v 50.0 44.0 -6.7
v 50.0 44.3 -20.0
v 50.0 45.0 -19.1
v 49.8 45.0 -18.0
v 50.0 45.0 -18.6
v 50.0 45.0 -17.7
v 50.0 45.0 -6.4
v 50.0 45.2 -19.0
v 49.4 46.0 -19.0
v 50.0 46.0 -18.1
v 50.0 45.9 -18.0
v 50.0 46.0 -17.0
v 50.0 46.0 -17.0
v 50.0 46.0 -17.0
v 50.0 46.0 -17.0
v 50.0 46.0 -6.2
v 49.6 47.0 -18.0
v 50.0 46.1 -18.0
v 50.0 46.0 -17.0
v 50.0 47.0 -17.3
v 50.0 46.2 -6.0
v 50.0 47.0 -5.0
v 50.0 47.0 -5.0
v 50.0 47.0 -5.0
v 49.3 48.0 -18.0
v 50.0 47.3 -17.0
v 49.7 48.0 -17.0
v 50.0 48.0 -16.4
v 50.0 47.0 -5.0
v 50.0 48.0 -5.4
v 49.3 49.0 -17.0
v 50.0 48.3 -16.0
v 49.6 49.0 -16.0
v 49.7 49.0 -15.0
v 50.0 48.6 -15.0
v 50.0 49.0 -14.7
v 50.0 49.0 -5.5
v 49.2 50.0 -16.0
v 49.5 50.0 -15.0
v 50.0 50.0 -14.4
v 49.6 50.0 -6.0
v 50.0 50.0 -5.7
v 49.5 51.0 -14.0
v 50.0 50.4 -14.0
v 50.0 51.0 -13.4
v 50.0 50.4 -6.0
v 50.0 51.0 -6.6
v 50.0 51.3 -13.0
v 49.4 52.0 -12.0
v 50.0 51.4 -12.0
v 49.5 52.0 -11.0
v 50.0 51.5 -11.0
v 49.5 52.0 -10.0
v 50.0 51.5 -10.0
v 49.6 52.0 -9.0
v 50.0 51.5 -9.0
v 49.7 52.0 -8.0
v 50.0 51.6 -8.0
v 50.0 52.0 -7.1
v 50.0 52.0 -7.0
v 49.3 53.0 -9.0
v 49.4 53.0 -8.0
v 50.0 52.0 -7.0
v 49.3 53.0 -7.0
v 50.3 32.0 -17.0
v 50.5 33.0 -18.0
v 51.0 33.0 -18.0
v 51.0 33.0 -18.0
v 51.0 32.6 -17.0
v 51.0 32.7 -16.0
v 50.2 33.0 -16.0
v 51.0 33.0 -15.7
v 50.4 34.0 -19.0
v 51.0 34.0 -18.5
v 51.0 33.5 -15.0
v 50.8 34.0 -14.0
v 51.0 34.0 -14.2
v 51.0 34.0 -13.4
v 51.0 33.9 -13.0
v 51.0 34.0 -12.9
v 50.6 35.0 -19.0
v 51.0 35.0 -18.7
v 51.0 34.1 -14.0
v 50.8 35.0 -12.0
v 51.0 35.0 -12.1
v 51.0 36.0 -19.3
v 51.0 35.5 -19.0
v 51.0 35.1 -12.0
v 51.0 35.6 -11.0
v 51.0 36.0 -10.5
v 50.4 37.0 -20.0
v 51.0 37.0 -19.5
v 51.0 36.5 -10.0
v 51.0 37.0 -9.0
v 51.0 36.8 -8.0
v 51.0 37.0 -7.7
v 50.5 38.0 -20.0
v 51.0 38.0 -19.5
v 51.0 38.0 -7.3
v 50.6 39.0 -20.0
v 51.0 39.0 -19.6
v 51.0 38.4 -7.0
v 50.6 39.0 -7.0
v 51.0 38.9 -6.0
v 50.9 39.0 -6.0
v 51.0 39.0 -5.9
v 50.2 40.0 -21.0
v 51.0 40.0 -20.2
v 51.0 39.7 -20.0
v 50.8 40.0 -7.0
v 50.8 40.0 -6.0
v 51.0 40.0 -5.8
v 50.6 41.0 -20.0
v 51.0 40.3 -20.0
v 51.0 41.0 -19.6
v 50.3 41.0 -7.0
v 50.8 41.0 -6.0
v 51.0 41.0 -5.8
v 50.5 42.0 -20.0
v 51.0 42.0 -19.3
v 51.0 42.0 -6.0
v 51.0 42.0 -6.0
v 50.4 43.0 -20.0
v 51.0 42.4 -19.0
v 50.6 43.0 -19.0
v 50.6 43.0 -18.0
v 51.0 42.5 -18.0
v 50.8 43.0 -17.0
v 51.0 42.8 -17.0
v 51.0 43.0 -16.8
v 51.0 42.6 -7.0
v 51.0 43.0 -7.3
v 51.0 42.0 -6.0
v 50.2 44.0 -20.0
v 50.4 44.0 -19.0
v 50.5 44.0 -17.0
v 51.0 44.0 -16.4
v 50.5 44.0 -7.0
v 51.0 44.0 -7.3
v 50.1 45.0 -19.0
v 50.3 45.0 -17.0
v 51.0 44.5 -16.0
v 50.7 45.0 -16.0
v 51.0 45.0 -15.5
v 51.0 44.4 -7.0
v 51.0 45.0 -6.0
v 50.9 45.0 -6.0
v 51.0 45.0 -6.0
v 50.0 46.0 -18.0
v 50.4 46.0 -16.0
v 51.0 45.4 -15.0
v 50.5 46.0 -15.0
v 50.8 46.0 -14.0
v 51.0 45.8 -14.0
v 51.0 46.0 -13.8
v 50.3 46.0 -6.0
v 51.0 46.0 -5.4
v 50.2 47.0 -17.0
v 50.4 47.0 -16.0
v 50.1 47.0 -15.0
v 50.6 47.0 -14.0
v 51.0 47.0 -13.5
v 51.0 46.6 -5.0
v 51.0 47.0 -4.8
v 50.3 48.0 -16.0
v 50.3 48.0 -15.0
v 50.6 48.0 -14.0
v 51.0 48.0 -13.3
v 51.0 47.3 -5.0
v 51.0 48.0 -5.5
v 50.4 49.0 -14.0
v 51.0 48.4 -13.0
v 50.6 49.0 -13.0
v 50.6 49.0 -12.0
v 51.0 48.5 -12.0
v 50.8 49.0 -11.0
v 51.0 48.7 -11.0
v 51.0 49.0 -10.7
v 51.0 49.0 -5.7
v 50.3 50.0 -14.0
v 50.5 50.0 -13.0
v 50.5 50.0 -12.0
v 50.6 50.0 -11.0
v 51.0 50.0 -10.3
v 51.0 50.0 -5.7
v 50.2 51.0 -13.0
v 50.4 51.0 -12.0
v 50.4 51.0 -11.0
v 51.0 50.3 -10.0
v 50.5 51.0 -10.0
v 50.5 51.0 -9.0
v 51.0 50.5 -9.0
v 50.5 51.0 -8.0
v 51.0 50.5 -8.0
v 50.5 51.0 -7.0
v 51.0 50.6 -7.0
v 51.0 50.7 -6.0
v 50.0 52.0 -7.0
v 51.0 33.0 -18.0
v 51.5 33.0 -17.0
v 52.0 33.0 -16.1
v 52.0 32.9 -16.0
v 52.0 33.0 -15.9
v 51.6 34.0 -18.0
v 52.0 34.0 -17.5
v 52.0 33.5 -17.0
v 52.0 33.7 -15.0
v 52.0 34.0 -14.6
v 51.1 34.0 -13.0
v 52.0 35.0 -18.3
v 52.0 34.6 -18.0
v 52.0 34.4 -14.0
v 52.0 34.4 -13.0
v 52.0 34.7 -12.0
v 51.2 35.0 -12.0
v 52.0 35.0 -11.5
v 51.4 36.0 -19.0
v 52.0 36.0 -18.4
v 52.0 35.4 -11.0
v 52.0 36.0 -10.5
v 51.5 37.0 -19.0
v 52.0 37.0 -18.5
v 52.0 36.9 -10.0
v 52.0 36.6 -9.0
v 52.0 36.6 -8.0
v 52.0 37.0 -7.4
v 51.5 38.0 -19.0
v 52.0 38.0 -18.5
v 52.0 37.5 -7.0
v 51.4 38.0 -7.0
v 52.0 38.0 -6.6
v 51.5 39.0 -19.0
v 52.0 39.0 -18.5
v 52.0 38.7 -6.0
v 52.0 39.0 -5.8
v 51.1 40.0 -20.0
v 51.6 40.0 -19.0
v 52.0 40.0 -18.5
v 52.0 40.0 -5.8
v 51.5 41.0 -19.0
v 52.0 41.0 -18.4
v 51.3 41.0 -6.0
v 52.0 40.4 -6.0
v 52.0 41.0 -6.3
v 51.3 42.0 -19.0
v 52.0 41.4 -18.0
v 51.6 42.0 -18.0
v 52.0 42.0 -17.4
v 51.0 42.0 -6.0
v 52.0 42.0 -6.6
v 52.0 42.3 -17.0
v 52.0 43.0 -16.3
v 52.0 42.4 -7.0
v 52.0 43.0 -7.4
v 52.0 43.4 -16.0
v 51.5 44.0 -16.0
v 52.0 44.0 -15.5
v 52.0 44.0 -7.5
v 51.5 45.0 -15.0
v 52.0 44.5 -15.0
v 52.0 45.0 -14.5
v 51.7 45.0 -7.0
v 52.0 45.0 -7.3
v 51.1 45.0 -6.0
v 52.0 45.4 -14.0
v 52.0 46.0 -13.4
v 52.0 46.0 -9.0
v 52.0 46.0 -9.0
v 52.0 46.0 -9.0
v 52.0 46.0 -9.0
v 52.0 45.4 -7.0
v 52.0 45.6 -6.0
v 52.0 45.8 -5.0
v 51.7 46.0 -5.0
v 52.0 46.0 -4.6
v 52.0 46.5 -13.0
v 51.6 47.0 -13.0
v 52.0 47.0 -12.4
v 51.7 47.0 -9.0
v 52.0 47.0 -9.5
v 52.0 47.0 -8.4
v 51.9 47.0 -7.0
v 52.0 46.8 -7.0
v 52.0 47.0 -7.3
v 52.0 47.0 -6.8
v 52.0 47.0 -4.7
v 51.3 48.0 -13.0
v 52.0 47.4 -12.0
v 51.5 48.0 -12.0
v 51.5 48.0 -11.0
v 52.0 47.5 -11.0
v 51.6 48.0 -10.0
v 52.0 47.3 -10.0
v 51.6 48.0 -9.0
v 52.0 47.4 -8.0
v 51.7 48.0 -8.0
v 51.6 48.0 -7.0
v 52.0 47.5 -6.0
v 51.6 48.0 -6.0
v 52.0 47.3 -5.0
v 51.4 49.0 -10.0
v 51.5 49.0 -9.0
v 51.5 49.0 -8.0
v 51.5 49.0 -7.0
v 51.4 49.0 -6.0
v 51.2 50.0 -10.0
v 51.4 50.0 -9.0
v 51.4 50.0 -8.0
v 51.4 50.0 -7.0
v 51.3 50.0 -6.0
v 52.1 33.0 -16.0
v 52.3 34.0 -17.0
v 52.6 34.0 -16.0
v 52.4 34.0 -15.0
v 52.2 35.0 -18.0
v 52.6 35.0 -17.0
v 53.0 35.0 -16.5
v 53.0 34.5 -16.0
v 53.0 34.4 -15.0
v 53.0 34.5 -14.0
v 53.0 34.5 -13.0
v 53.0 34.5 -12.0
v 53.0 34.9 -11.0
v 52.8 35.0 -11.0
v 53.0 35.0 -10.9
v 52.4 36.0 -18.0
v 52.6 36.0 -17.0
v 53.0 36.0 -16.6
v 53.0 36.0 -10.3
v 52.4 37.0 -18.0
v 52.6 37.0 -17.0
v 53.0 37.0 -16.4
v 53.0 36.4 -10.0
v 53.0 36.5 -9.0
v 53.0 36.1 -8.0
v 53.0 36.8 -7.0
v 52.8 37.0 -7.0
v 53.0 37.0 -6.9
v 52.4 38.0 -18.0
v 52.5 38.0 -17.0
v 53.0 37.6 -16.0
v 52.8 38.0 -16.0
v 53.0 38.0 -15.8
v 53.0 38.0 -6.7
v 52.4 39.0 -18.0
v 52.5 39.0 -17.0
v 52.8 39.0 -16.0
v 53.0 39.0 -15.8
v 52.3 39.0 -6.0
v 53.0 39.0 -6.6
v 52.4 40.0 -18.0
v 52.5 40.0 -17.0
v 52.7 40.0 -16.0
v 53.0 40.0 -15.7
v 52.9 40.0 -7.0
v 53.0 39.8 -7.0
v 53.0 40.0 -7.1
v 52.2 40.0 -6.0
v 52.3 41.0 -18.0
v 52.5 41.0 -17.0
v 52.6 41.0 -16.0
v 53.0 41.0 -15.6
v 53.0 40.2 -7.0
v 53.0 41.0 -6.7
v 52.3 42.0 -17.0
v 52.6 42.0 -16.0
v 53.0 42.0 -15.4
v 52.5 42.0 -7.0
v 53.0 41.5 -7.0
v 53.0 42.0 -7.3
v 52.3 43.0 -16.0
v 53.0 42.5 -15.0
v 52.7 43.0 -15.0
v 53.0 43.0 -14.7
v 53.0 43.0 -7.5
v 52.4 44.0 -15.0
v 53.0 44.0 -14.3
v 53.0 44.0 -7.5
v 52.5 45.0 -14.0
v 53.0 44.4 -14.0
v 53.0 45.0 -13.4
v 52.9 45.0 -9.0
v 53.0 44.9 -9.0
v 53.0 45.0 -9.2
v 53.0 45.0 -8.7
v 53.0 45.0 -7.7
v 52.4 46.0 -13.0
v 53.0 45.3 -13.0
v 52.6 46.0 -12.0
v 53.0 45.5 -12.0
v 52.6 46.0 -11.0
v 53.0 45.5 -11.0
v 52.5 46.0 -10.0
v 53.0 45.4 -10.0
v 53.0 46.0 -8.0
v 52.4 46.0 -7.0
v 53.0 46.0 -8.0
v 52.3 46.0 -6.0
v 52.2 46.0 -5.0
v 52.3 47.0 -12.0
v 52.4 47.0 -11.0
v 52.3 47.0 -10.0
v 53.0 46.0 -8.0
v 52.3 47.0 -8.0
v 52.4 47.0 -6.0
v 52.3 47.0 -5.0
v 54.0 35.0 -16.2
v 54.0 34.8 -16.0
v 54.0 34.6 -15.0
v 54.0 34.6 -14.0
v 54.0 34.6 -13.0
v 54.0 34.6 -12.0
v 53.2 35.0 -11.0
v 54.0 35.0 -11.4
v 54.0 36.0 -16.2
v 54.0 35.3 -11.0
v 54.0 35.9 -10.0
v 53.8 36.0 -10.0
v 54.0 36.0 -9.9
v 54.0 36.3 -16.0
v 53.4 37.0 -16.0
v 53.9 37.0 -15.0
v 54.0 36.8 -15.0
v 54.0 37.0 -14.9
v 54.0 37.0 -10.0
v 54.0 37.0 -10.0
v 54.0 36.8 -10.0
v 53.6 37.0 -9.0
v 54.0 37.0 -8.0
v 53.2 37.0 -7.0
v 54.0 37.3 -15.0
v 54.0 38.0 -15.3
v 54.0 37.0 -10.0
v 54.0 37.3 -9.0
v 54.0 38.0 -8.2
v 53.8 38.0 -8.0
v 53.4 38.0 -7.0
v 54.0 39.0 -15.8
v 54.0 38.3 -8.0
v 54.0 39.0 -7.6
v 53.4 39.0 -7.0
v 54.0 40.0 -15.3
v 54.0 40.0 -7.4
v 54.0 40.4 -15.0
v 53.6 41.0 -15.0
v 54.0 41.0 -14.6
v 54.0 40.9 -7.0
v 54.0 41.0 -6.9
v 53.4 42.0 -15.0
v 54.0 42.0 -14.2
v 54.0 41.1 -7.0
v 54.0 42.0 -7.4
v 53.6 43.0 -14.0
v 54.0 42.2 -14.0
v 54.0 43.0 -13.0
v 54.0 42.9 -13.0
v 53.8 43.0 -12.0
v 54.0 42.7 -12.0
v 54.0 43.0 -11.7
v 54.0 43.0 -7.6
v 53.3 44.0 -14.0
v 53.6 44.0 -13.0
v 53.5 44.0 -12.0
v 54.0 43.5 -11.0
v 53.7 44.0 -11.0
v 54.0 44.0 -10.5
v 54.0 44.0 -7.8
v 53.3 45.0 -13.0
v 53.4 45.0 -12.0
v 53.4 45.0 -11.0
v 54.0 44.4 -10.0
v 53.4 45.0 -10.0
v 54.0 44.4 -9.0
v 53.3 45.0 -8.0
v 54.0 44.2 -8.0
v 53.0 46.0 -8.0
v 54.2 35.0 -16.0
v 54.4 35.0 -15.0
v 54.4 35.0 -14.0
v 54.5 35.0 -13.0
v 54.8 35.0 -12.0
v 54.2 36.0 -16.0
v 54.5 36.0 -15.0
v 55.0 36.0 -14.1
v 55.0 35.8 -14.0
v 55.0 35.6 -13.0
v 55.0 35.7 -12.0
v 55.0 35.7 -11.0
v 55.0 36.0 -10.0
v 55.0 36.0 -10.0
v 54.6 37.0 -14.0
v 55.0 36.2 -14.0
v 55.0 37.0 -13.6
v 55.0 36.1 -10.0
v 55.0 37.0 -10.1
v 54.3 38.0 -15.0
v 54.7 38.0 -14.0
v 55.0 38.0 -13.5
v 55.0 37.1 -10.0
v 55.0 37.6 -9.0
v 55.0 38.0 -8.6
v 54.5 39.0 -15.0
v 55.0 39.0 -14.0
v 55.0 38.9 -13.0
v 55.0 39.0 -13.0
v 55.0 39.0 -12.9
v 54.6 39.0 -8.0
v 55.0 39.0 -8.3
v 54.3 40.0 -15.0
v 54.6 40.0 -14.0
v 55.0 40.0 -13.1
v 55.0 39.5 -13.0
v 55.0 40.0 -12.5
v 55.0 40.0 -12.0
v 55.0 39.9 -12.0
v 55.0 40.0 -11.9
v 55.0 39.4 -8.0
v 55.0 40.0 -7.6
v 54.4 41.0 -14.0
v 55.0 40.1 -13.0
v 54.6 41.0 -13.0
v 55.0 41.0 -12.0
v 55.0 40.7 -11.0
v 54.8 41.0 -11.0
v 55.0 41.0 -10.7
v 54.1 41.0 -7.0
v 55.0 41.0 -7.5
v 54.1 42.0 -14.0
v 54.0 42.0 -13.0
v 54.4 42.0 -12.0
v 54.5 42.0 -11.0
v 55.0 41.7 -10.0
v 54.8 42.0 -10.0
v 55.0 42.0 -9.6
v 55.0 42.0 -7.7
v 54.4 43.0 -11.0
v 54.9 43.0 -10.0
v 55.0 42.5 -9.0
v 54.7 43.0 -9.0
v 54.4 43.0 -8.0
v 55.0 42.3 -8.0
v 54.3 44.0 -10.0
v 54.4 44.0 -9.0
v 54.2 44.0 -8.0
v 55.1 36.0 -14.0
v 55.3 36.0 -13.0
v 55.1 36.0 -12.0
v 55.3 36.0 -11.0
v 55.0 36.0 -10.0
v 55.5 37.0 -13.0
v 56.0 37.0 -12.1
v 56.0 37.0 -12.0
v 56.0 36.7 -11.0
v 56.0 36.9 -10.0
v 55.5 37.0 -10.0
v 56.0 37.0 -9.9
v 55.3 38.0 -13.0
v 56.0 37.1 -12.0
v 55.6 38.0 -12.0
v 55.7 38.0 -11.0
v 56.0 37.4 -11.0
v 56.0 38.0 -10.6
v 56.0 37.6 -9.0
v 56.0 38.0 -8.6
v 55.3 39.0 -12.0
v 55.6 39.0 -11.0
v 56.0 39.0 -10.4
v 56.0 39.0 -8.5
v 55.0 40.0 -13.0
v 55.4 40.0 -11.0
v 56.0 39.5 -10.0
v 55.7 40.0 -10.0
v 56.0 40.0 -9.5
v 56.0 39.8 -8.0
v 56.0 40.0 -7.8
v 55.3 41.0 -10.0
v 56.0 40.4 -9.0
v 55.7 41.0 -9.0
v 56.0 41.0 -8.1
v 56.0 41.0 -7.9
v 55.3 42.0 -9.0
v 56.0 41.1 -8.0
v 55.3 42.0 -8.0
v 56.0 37.0 -12.0
v 56.2 37.0 -11.0
v 56.1 37.0 -10.0
v 56.4 38.0 -10.0
v 56.9 38.0 -9.0
v 56.3 39.0 -10.0
v 56.4 39.0 -9.0
v 56.3 40.0 -9.0
v 56.2 40.0 -8.0
v 56.1 41.0 -8.0
f 3 2 1
f 5 4 1
f 1 4 3
f 5 6 4
f 1 2 7
f 7 2 8
f 10 5 9
f 5 7 9
f 5 1 7
f 5 10 6
f 8 11 7
f 7 11 9
f 14 13 12
f 16 15 12
f 12 15 14
f 16 17 15
f 13 18 12
f 12 18 16
f 16 18 19
f 22 21 20
f 16 19 17
f 21 23 20
f 25 24 3
f 3 24 2
f 4 21 22
f 25 4 22
f 3 4 25
f 27 26 6
f 6 26 4
f 26 23 4
f 23 21 4
f 29 28 27
f 27 28 26
f 29 30 28
f 24 8 2
f 31 8 24
f 9 32 10
f 27 6 10
f 32 27 10
f 33 27 32
f 27 34 29
f 27 33 34
f 30 29 35
f 35 29 34
f 11 8 36
f 8 37 36
f 8 31 37
f 32 9 11
f 36 32 11
f 38 32 36
f 32 39 33
f 32 38 39
f 41 34 40
f 34 39 40
f 34 33 39
f 34 41 35
f 37 42 36
f 36 42 38
f 38 42 43
f 38 43 39
f 39 43 44
f 39 44 40
f 47 46 45
f 13 14 45
f 14 47 45
f 14 48 47
f 49 14 15
f 49 48 14
f 15 17 49
f 49 17 50
f 46 51 45
f 51 53 52
f 51 52 18
f 45 51 18
f 13 45 18
f 54 19 18
f 54 18 52
f 55 22 20
f 22 55 54
f 50 54 55
f 54 50 19
f 17 19 50
f 20 23 55
f 55 23 56
f 52 53 57
f 57 53 58
f 57 24 25
f 54 57 25
f 52 57 54
f 54 25 22
f 59 56 23
f 59 23 26
f 60 26 28
f 60 59 26
f 28 30 60
f 60 30 61
f 57 58 62
f 62 58 63
f 62 31 24
f 62 24 57
f 35 61 30
f 35 64 61
f 63 65 62
f 37 31 62
f 66 37 62
f 65 66 62
f 37 66 67
f 68 67 66
f 40 69 41
f 69 70 41
f 70 35 41
f 70 64 35
f 67 42 37
f 68 71 67
f 71 42 67
f 71 43 42
f 71 73 72
f 44 71 72
f 43 71 44
f 72 74 44
f 44 74 40
f 74 75 40
f 75 69 40
f 69 75 70
f 73 76 72
f 72 76 74
f 78 77 47
f 47 77 46
f 79 47 48
f 79 78 47
f 81 79 80
f 79 49 80
f 79 48 49
f 50 80 49
f 51 46 82
f 46 83 82
f 46 77 83
f 82 53 51
f 84 81 80
f 84 80 50
f 55 84 50
f 85 84 55
f 87 86 56
f 86 55 56
f 86 85 55
f 89 88 87
f 87 88 86
f 89 90 88
f 82 83 91
f 91 83 92
f 91 58 53
f 91 53 82
f 59 87 56
f 87 59 60
f 87 60 89
f 94 93 61
f 61 93 60
f 93 90 60
f 90 89 60
f 94 95 93
f 92 96 91
f 63 58 91
f 97 63 91
f 96 97 91
f 63 97 98
f 99 98 97
f 64 100 94
f 64 94 61
f 95 94 101
f 101 94 100
f 98 65 63
f 66 65 98
f 102 66 98
f 99 102 98
f 103 66 102
f 103 68 66
f 105 104 100
f 64 105 100
f 70 105 64
f 100 104 101
f 103 102 106
f 106 102 107
f 108 71 68
f 103 108 68
f 106 108 103
f 108 73 71
f 74 109 75
f 109 110 75
f 110 70 75
f 110 105 70
f 106 107 111
f 111 107 112
f 114 108 113
f 108 111 113
f 108 106 111
f 114 116 115
f 114 115 76
f 108 114 76
f 73 108 76
f 115 117 76
f 76 117 74
f 117 118 74
f 118 109 74
f 109 118 110
f 112 119 111
f 111 119 113
f 116 120 115
f 115 120 117
f 123 122 121
f 125 124 121
f 121 124 123
f 127 126 125
f 125 126 124
f 127 128 126
f 131 130 129
f 133 132 129
f 129 132 131
f 135 134 133
f 133 134 132
f 134 135 122
f 135 121 122
f 135 136 121
f 121 137 125
f 121 136 137
f 125 138 127
f 125 137 138
f 128 127 139
f 139 127 138
f 129 130 140
f 140 130 141
f 129 142 133
f 129 140 142
f 133 143 135
f 133 142 143
f 135 144 136
f 135 143 144
f 136 145 137
f 136 144 145
f 137 146 138
f 137 145 146
f 139 138 147
f 147 138 146
f 141 148 140
f 140 148 142
f 142 148 149
f 142 149 143
f 143 149 150
f 152 151 150
f 151 143 150
f 151 144 143
f 144 153 145
f 144 151 153
f 145 154 146
f 145 153 154
f 147 146 155
f 155 146 154
f 151 152 156
f 156 152 157
f 151 158 153
f 151 156 158
f 160 154 159
f 154 158 159
f 154 153 158
f 154 160 155
f 156 157 161
f 161 157 162
f 156 163 158
f 156 161 163
f 159 158 164
f 164 158 163
f 166 165 78
f 78 165 77
f 167 78 79
f 167 166 78
f 169 168 81
f 168 79 81
f 168 167 79
f 168 169 162
f 169 161 162
f 169 170 161
f 161 171 163
f 161 170 171
f 164 163 172
f 172 163 171
f 165 83 77
f 173 83 165
f 84 169 81
f 169 84 85
f 169 85 170
f 170 85 86
f 170 86 171
f 86 88 171
f 88 174 171
f 174 172 171
f 88 175 174
f 90 175 88
f 173 92 83
f 176 92 173
f 177 174 175
f 179 177 178
f 178 177 93
f 177 175 93
f 175 90 93
f 95 178 93
f 176 180 92
f 92 180 96
f 180 182 181
f 97 180 181
f 96 180 97
f 181 99 97
f 179 178 183
f 179 183 184
f 101 183 95
f 95 183 178
f 181 182 185
f 185 182 186
f 185 102 99
f 185 99 181
f 104 105 187
f 183 188 184
f 188 183 189
f 183 101 189
f 104 187 189
f 104 189 101
f 186 190 185
f 102 185 190
f 191 102 190
f 107 102 191
f 110 192 187
f 110 187 105
f 189 187 193
f 193 187 192
f 191 112 107
f 194 112 191
f 113 195 114
f 195 116 114
f 117 196 118
f 196 197 118
f 118 197 110
f 197 198 110
f 198 192 110
f 192 198 193
f 194 199 112
f 112 199 119
f 113 119 195
f 119 200 195
f 119 199 200
f 200 202 201
f 200 201 120
f 195 200 120
f 116 195 120
f 201 203 120
f 120 203 117
f 203 204 117
f 204 196 117
f 196 204 197
f 207 206 205
f 208 201 202
f 205 209 207
f 201 208 203
f 212 211 210
f 210 213 212
f 205 206 214
f 214 206 215
f 209 205 216
f 205 217 216
f 205 214 217
f 217 218 216
f 210 211 219
f 219 211 220
f 213 210 221
f 221 210 219
f 215 222 214
f 214 222 217
f 217 222 223
f 217 223 218
f 220 224 219
f 227 226 225
f 219 224 221
f 229 228 226
f 226 228 225
f 229 230 228
f 227 231 226
f 226 231 229
f 229 231 232
f 229 232 230
f 235 234 233
f 233 236 235
f 239 238 237
f 241 240 237
f 237 240 239
f 241 242 240
f 245 244 243
f 243 246 245
f 249 248 247
f 249 247 234
f 247 233 234
f 247 250 233
f 236 233 251
f 251 233 250
f 237 238 252
f 252 238 253
f 237 254 241
f 237 252 254
f 242 241 255
f 255 241 254
f 244 256 243
f 243 256 246
f 248 257 247
f 259 258 257
f 258 247 257
f 258 250 247
f 251 250 260
f 260 250 258
f 252 253 261
f 261 253 262
f 252 263 254
f 252 261 263
f 255 254 264
f 264 254 263
f 258 259 265
f 265 259 266
f 260 258 267
f 258 268 267
f 258 265 268
f 267 268 262
f 268 261 262
f 268 269 261
f 261 270 263
f 261 269 270
f 264 263 271
f 271 263 270
f 265 266 272
f 272 266 273
f 265 274 268
f 265 272 274
f 268 275 269
f 268 274 275
f 275 122 123
f 270 275 123
f 269 275 270
f 276 271 270
f 123 276 270
f 124 276 123
f 278 276 277
f 276 126 277
f 276 124 126
f 128 277 126
f 272 273 131
f 273 130 131
f 273 279 130
f 272 131 132
f 272 132 274
f 274 132 134
f 274 134 275
f 275 134 122
f 280 278 277
f 128 139 277
f 139 281 277
f 281 280 277
f 281 139 282
f 282 283 281
f 279 141 130
f 284 141 279
f 147 285 282
f 147 282 139
f 283 282 286
f 286 282 285
f 289 288 287
f 287 290 148
f 284 287 148
f 141 284 148
f 287 284 289
f 291 149 148
f 291 148 290
f 292 150 149
f 292 149 291
f 292 152 150
f 294 293 285
f 147 294 285
f 155 294 147
f 285 293 286
f 287 288 295
f 295 288 296
f 287 297 290
f 287 295 297
f 290 298 291
f 290 297 298
f 291 299 292
f 291 298 299
f 299 157 152
f 299 152 292
f 159 300 160
f 300 301 160
f 301 155 160
f 301 294 155
f 295 296 302
f 302 296 303
f 295 304 297
f 295 302 304
f 297 305 298
f 297 304 305
f 298 306 299
f 298 305 306
f 306 162 157
f 306 157 299
f 164 307 300
f 164 300 159
f 301 300 308
f 308 300 307
f 302 303 309
f 309 303 310
f 309 165 166
f 304 309 166
f 302 309 304
f 304 166 167
f 304 167 305
f 305 167 168
f 305 168 306
f 306 168 162
f 172 311 307
f 172 307 164
f 308 307 312
f 312 307 311
f 310 313 309
f 165 309 313
f 314 165 313
f 173 165 314
f 174 315 311
f 174 311 172
f 312 311 316
f 311 317 316
f 311 315 317
f 317 318 316
f 314 176 173
f 319 176 314
f 177 315 174
f 315 177 179
f 320 315 179
f 317 315 320
f 318 317 321
f 317 322 321
f 317 320 322
f 324 323 322
f 322 323 321
f 324 325 323
f 180 176 326
f 176 327 326
f 176 319 327
f 326 182 180
f 184 328 320
f 184 320 179
f 320 329 322
f 320 328 329
f 322 330 324
f 322 329 330
f 325 324 331
f 331 324 330
f 327 332 326
f 182 326 332
f 333 182 332
f 186 182 333
f 188 328 184
f 328 188 189
f 334 328 189
f 329 328 334
f 329 335 330
f 329 334 335
f 331 330 336
f 336 330 335
f 333 337 186
f 186 337 190
f 339 338 191
f 190 339 191
f 337 339 190
f 340 338 339
f 193 341 334
f 193 334 189
f 334 342 335
f 334 341 342
f 336 335 343
f 335 344 343
f 335 342 344
f 344 345 343
f 346 194 338
f 338 194 191
f 338 340 347
f 338 347 346
f 197 348 198
f 348 349 198
f 198 349 193
f 349 350 193
f 350 341 193
f 341 350 342
f 342 350 351
f 353 352 351
f 352 342 351
f 352 344 342
f 345 344 354
f 354 344 352
f 346 199 194
f 200 199 346
f 355 200 346
f 347 355 346
f 356 200 355
f 356 202 200
f 203 357 204
f 357 358 204
f 204 358 197
f 358 359 197
f 359 348 197
f 348 359 349
f 352 353 360
f 360 353 361
f 354 352 362
f 362 352 360
f 356 355 207
f 355 206 207
f 355 363 206
f 364 207 209
f 364 356 207
f 364 208 202
f 356 364 202
f 357 203 208
f 364 357 208
f 365 357 364
f 358 357 366
f 366 357 365
f 369 368 367
f 369 367 361
f 367 360 361
f 367 370 360
f 212 371 211
f 371 360 211
f 360 370 211
f 360 371 362
f 212 213 371
f 371 213 372
f 363 215 206
f 373 215 363
f 216 364 209
f 365 364 374
f 364 218 374
f 218 375 374
f 218 364 216
f 365 374 366
f 378 377 376
f 379 367 368
f 376 380 378
f 367 379 370
f 370 379 381
f 211 370 381
f 382 211 381
f 220 211 382
f 221 384 383
f 372 221 383
f 213 221 372
f 384 385 383
f 222 215 386
f 215 387 386
f 215 373 387
f 388 223 222
f 388 222 386
f 375 218 389
f 218 388 389
f 388 390 389
f 218 223 388
f 392 391 390
f 390 391 389
f 391 392 377
f 392 376 377
f 392 393 376
f 380 376 394
f 394 376 393
f 382 395 220
f 220 395 224
f 395 221 224
f 221 395 384
f 396 384 395
f 384 396 225
f 227 225 396
f 397 385 384
f 225 397 384
f 228 397 225
f 228 230 397
f 397 230 398
f 387 399 386
f 386 399 388
f 388 399 400
f 402 401 400
f 401 388 400
f 401 390 388
f 390 403 392
f 390 401 403
f 405 393 404
f 393 403 404
f 393 392 403
f 393 405 394
f 396 406 227
f 227 406 231
f 231 407 232
f 406 407 231
f 230 232 398
f 398 232 407
f 402 408 401
f 401 408 403
f 403 408 409
f 403 409 404
f 412 411 410
f 410 413 412
f 410 411 414
f 414 411 415
f 413 410 416
f 416 410 414
f 415 417 414
f 414 417 416
f 420 419 418
f 418 421 420
f 424 423 422
f 426 425 422
f 422 425 424
f 428 427 426
f 426 427 425
f 430 429 428
f 428 429 427
f 429 430 419
f 430 418 419
f 430 431 418
f 421 418 432
f 432 418 431
f 435 434 433
f 433 436 435
f 422 423 235
f 423 234 235
f 423 437 234
f 422 235 236
f 438 422 236
f 426 422 438
f 438 238 239
f 428 438 239
f 426 438 428
f 428 239 240
f 428 240 430
f 430 240 242
f 439 430 242
f 431 430 439
f 432 431 440
f 440 431 439
f 433 434 441
f 441 434 442
f 245 443 244
f 443 433 244
f 433 441 244
f 433 443 436
f 245 246 443
f 443 246 444
f 445 248 249
f 446 445 249
f 234 446 249
f 437 446 234
f 251 447 438
f 251 438 236
f 447 253 238
f 447 238 438
f 255 448 439
f 255 439 242
f 440 439 449
f 449 439 448
f 442 450 441
f 441 450 244
f 450 256 244
f 450 451 256
f 246 256 444
f 444 256 451
f 445 257 248
f 453 452 259
f 453 259 257
f 446 453 257
f 445 446 257
f 453 454 452
f 251 260 447
f 455 447 260
f 455 262 253
f 455 253 447
f 264 456 448
f 264 448 255
f 449 448 457
f 457 448 456
f 459 458 452
f 458 259 452
f 458 266 259
f 260 267 455
f 452 454 459
f 455 267 262
f 271 460 456
f 271 456 264
f 457 456 461
f 461 456 460
f 458 273 266
f 462 273 458
f 276 460 271
f 276 278 460
f 278 461 460
f 278 463 461
f 462 279 273
f 464 279 462
f 465 463 278
f 465 278 280
f 466 280 281
f 466 465 280
f 281 283 466
f 466 283 467
f 464 284 279
f 468 284 464
f 286 470 469
f 467 286 469
f 283 286 467
f 470 471 469
f 472 288 289
f 473 472 289
f 284 473 289
f 468 473 284
f 294 474 293
f 474 475 293
f 293 475 286
f 475 476 286
f 476 470 286
f 470 476 471
f 478 477 472
f 477 288 472
f 477 296 288
f 478 472 473
f 480 479 474
f 294 480 474
f 301 480 294
f 474 479 475
f 477 303 296
f 481 303 477
f 308 480 301
f 308 482 480
f 481 310 303
f 483 310 481
f 312 485 484
f 482 312 484
f 308 312 482
f 485 486 484
f 489 488 487
f 487 490 489
f 483 491 310
f 310 491 313
f 314 313 491
f 314 491 492
f 316 485 312
f 494 493 318
f 318 493 316
f 493 486 316
f 486 485 316
f 496 495 494
f 494 495 493
f 495 496 488
f 496 487 488
f 496 497 487
f 490 487 498
f 498 487 497
f 492 319 314
f 499 319 492
f 321 494 318
f 494 321 323
f 494 323 496
f 496 323 325
f 500 496 325
f 497 496 500
f 498 497 501
f 501 497 500
f 499 327 319
f 502 327 499
f 331 503 500
f 331 500 325
f 501 500 504
f 504 500 503
f 502 505 327
f 327 505 332
f 333 332 505
f 333 505 506
f 336 507 503
f 336 503 331
f 504 503 508
f 508 503 507
f 506 509 333
f 333 509 337
f 509 511 510
f 339 509 510
f 337 509 339
f 510 340 339
f 343 507 336
f 343 345 507
f 345 508 507
f 345 512 508
f 510 511 513
f 513 511 514
f 513 347 340
f 513 340 510
f 349 515 350
f 516 351 350
f 516 350 515
f 516 353 351
f 354 512 345
f 354 517 512
f 513 514 518
f 518 514 519
f 518 355 347
f 518 347 513
f 358 520 359
f 515 349 359
f 520 515 359
f 521 515 520
f 515 522 516
f 515 521 522
f 522 361 353
f 522 353 516
f 362 517 354
f 362 523 517
f 519 524 518
f 355 518 524
f 525 355 524
f 363 355 525
f 366 526 520
f 366 520 358
f 520 527 521
f 520 526 527
f 527 368 369
f 522 527 369
f 521 527 522
f 522 369 361
f 528 523 362
f 528 362 371
f 530 529 372
f 529 371 372
f 529 528 371
f 530 531 529
f 525 373 363
f 532 373 525
f 375 533 374
f 526 366 374
f 533 526 374
f 534 526 533
f 534 377 378
f 527 534 378
f 526 534 527
f 535 378 380
f 378 535 527
f 536 527 535
f 527 536 368
f 379 368 536
f 379 537 381
f 536 537 379
f 539 538 382
f 381 539 382
f 537 539 381
f 530 540 383
f 540 530 539
f 372 539 530
f 539 372 538
f 383 538 372
f 538 383 540
f 542 541 385
f 385 541 383
f 541 531 383
f 531 530 383
f 544 543 542
f 542 543 541
f 544 545 543
f 547 387 546
f 387 532 546
f 387 373 532
f 548 547 546
f 389 533 375
f 533 389 391
f 533 391 534
f 534 391 377
f 394 535 380
f 394 549 535
f 538 395 382
f 551 550 396
f 551 396 395
f 540 551 395
f 538 540 395
f 552 542 551
f 385 551 542
f 551 385 550
f 397 550 385
f 550 397 553
f 553 397 398
f 544 552 554
f 552 544 542
f 544 554 545
f 547 399 387
f 400 399 547
f 555 400 547
f 548 555 547
f 556 400 555
f 556 402 400
f 558 557 405
f 558 405 404
f 394 405 549
f 549 405 557
f 550 406 396
f 406 550 407
f 407 550 553
f 407 553 398
f 555 559 556
f 556 559 402
f 559 408 402
f 559 560 408
f 560 562 561
f 409 560 561
f 408 560 409
f 561 563 409
f 563 404 409
f 563 558 404
f 562 564 561
f 561 564 563
f 567 566 565
f 569 568 565
f 565 568 567
f 571 570 569
f 569 570 568
f 571 572 570
f 565 566 573
f 573 566 574
f 565 575 569
f 565 573 575
f 577 571 576
f 571 575 576
f 571 569 575
f 577 578 571
f 578 579 571
f 580 572 571
f 580 571 579
f 579 581 580
f 574 582 573
f 583 411 412
f 573 583 412
f 575 573 412
f 582 583 573
f 585 584 413
f 413 584 412
f 584 576 412
f 576 575 412
f 584 585 578
f 585 579 578
f 585 586 579
f 581 579 587
f 587 579 586
f 583 415 411
f 588 415 583
f 416 589 585
f 416 585 413
f 585 590 586
f 585 589 590
f 587 586 591
f 591 586 590
f 417 415 592
f 415 593 592
f 415 588 593
f 589 416 417
f 592 589 417
f 594 589 592
f 589 595 590
f 589 594 595
f 591 590 596
f 596 590 595
f 592 593 597
f 597 593 598
f 592 599 594
f 592 597 599
f 594 600 595
f 594 599 600
f 596 595 601
f 595 602 601
f 595 600 602
f 604 603 602
f 602 603 601
f 604 605 603
f 597 598 606
f 606 598 607
f 597 608 599
f 597 606 608
f 599 609 600
f 599 608 609
f 609 419 420
f 602 609 420
f 600 609 602
f 602 420 421
f 610 602 421
f 604 602 610
f 605 604 611
f 611 604 610
f 612 423 424
f 607 613 606
f 613 424 606
f 424 425 606
f 424 613 612
f 606 425 427
f 606 427 608
f 608 427 429
f 608 429 609
f 609 429 419
f 432 614 610
f 432 610 421
f 611 610 615
f 610 616 615
f 610 614 616
f 434 435 616
f 435 615 616
f 435 617 615
f 619 618 436
f 618 435 436
f 618 617 435
f 619 620 618
f 621 437 612
f 612 437 423
f 612 613 622
f 612 622 621
f 440 623 614
f 440 614 432
f 614 624 616
f 614 623 624
f 624 442 434
f 624 434 616
f 443 619 436
f 443 444 619
f 444 620 619
f 444 625 620
f 626 446 621
f 621 446 437
f 621 622 627
f 621 627 626
f 629 628 623
f 440 629 623
f 449 629 440
f 623 628 624
f 624 628 630
f 630 632 631
f 630 631 450
f 624 630 450
f 442 624 450
f 633 451 450
f 633 450 631
f 633 634 451
f 634 444 451
f 634 625 444
f 626 453 446
f 454 453 626
f 627 454 626
f 635 454 627
f 457 629 449
f 457 636 629
f 631 632 637
f 637 632 638
f 631 639 633
f 631 637 639
f 634 633 640
f 640 633 639
f 642 641 459
f 459 641 458
f 459 454 635
f 459 635 642
f 461 636 457
f 461 643 636
f 638 644 637
f 646 645 644
f 645 637 644
f 645 639 637
f 640 639 647
f 647 639 645
f 641 462 458
f 648 462 641
f 463 643 461
f 463 649 643
f 652 651 650
f 653 645 646
f 650 654 652
f 645 653 647
f 657 656 655
f 659 658 655
f 655 658 657
f 661 660 659
f 659 660 658
f 661 662 660
f 648 464 462
f 663 464 648
f 664 649 463
f 664 463 465
f 665 465 466
f 665 664 465
f 666 650 467
f 650 665 467
f 665 466 467
f 650 651 665
f 654 650 667
f 650 668 667
f 650 666 668
f 670 669 668
f 668 669 667
f 670 671 669
f 656 672 655
f 655 672 659
f 659 672 673
f 675 674 673
f 674 659 673
f 674 661 659
f 662 661 676
f 676 661 674
f 663 468 464
f 677 468 663
f 469 666 467
f 666 469 471
f 678 666 471
f 668 666 678
f 680 670 679
f 670 678 679
f 670 668 678
f 670 680 671
f 675 681 674
f 674 681 676
f 684 683 682
f 677 684 682
f 473 677 682
f 468 677 473
f 475 685 476
f 685 686 476
f 476 686 471
f 686 687 471
f 687 678 471
f 678 687 679
f 682 683 478
f 683 477 478
f 683 688 477
f 682 478 473
f 480 689 479
f 685 475 479
f 689 685 479
f 690 685 689
f 686 685 691
f 691 685 690
f 694 693 692
f 692 695 694
f 688 481 477
f 696 481 688
f 482 697 689
f 482 689 480
f 689 698 690
f 689 697 698
f 691 690 699
f 690 700 699
f 690 698 700
f 699 700 693
f 700 692 693
f 700 701 692
f 695 692 702
f 702 692 701
f 696 483 481
f 703 483 696
f 484 697 482
f 697 484 486
f 704 697 486
f 698 697 704
f 698 705 700
f 698 704 705
f 705 488 489
f 701 705 489
f 700 705 701
f 707 706 490
f 490 706 489
f 706 702 489
f 702 701 489
f 709 708 707
f 707 708 706
f 711 710 709
f 709 710 708
f 711 712 710
f 703 713 483
f 483 713 491
f 492 491 713
f 492 713 714
f 493 704 486
f 704 493 495
f 704 495 705
f 705 495 488
f 498 715 707
f 498 707 490
f 707 716 709
f 707 715 716
f 709 717 711
f 709 716 717
f 712 711 718
f 718 711 717
f 720 499 719
f 499 714 719
f 499 492 714
f 721 720 719
f 501 722 715
f 501 715 498
f 715 723 716
f 715 722 723
f 716 724 717
f 716 723 724
f 718 717 725
f 725 717 724
f 726 502 720
f 720 502 499
f 720 721 727
f 720 727 726
f 729 728 722
f 501 729 722
f 504 729 501
f 722 728 723
f 723 728 730
f 723 730 724
f 724 730 731
f 724 731 725
f 726 505 502
f 506 505 726
f 727 506 726
f 732 506 727
f 508 734 733
f 729 508 733
f 504 508 729
f 734 735 733
f 732 736 506
f 506 736 509
f 511 509 736
f 511 736 737
f 512 738 734
f 512 734 508
f 735 734 739
f 739 734 738
f 741 514 740
f 514 737 740
f 514 511 737
f 742 741 740
f 744 743 738
f 512 744 738
f 517 744 512
f 738 743 739
f 745 519 741
f 741 519 514
f 741 742 746
f 741 746 745
f 523 748 747
f 744 523 747
f 517 523 744
f 750 749 748
f 748 749 747
f 752 751 750
f 750 751 749
f 752 753 751
f 745 524 519
f 525 524 745
f 746 525 745
f 754 525 746
f 528 748 523
f 748 528 529
f 748 529 750
f 750 529 531
f 755 750 531
f 752 750 755
f 753 752 756
f 752 757 756
f 752 755 757
f 757 758 756
f 760 532 759
f 532 754 759
f 532 525 754
f 761 760 759
f 763 762 536
f 763 536 535
f 536 764 537
f 762 764 536
f 537 765 539
f 764 765 537
f 767 766 540
f 539 767 540
f 765 767 539
f 531 541 755
f 766 767 768
f 755 541 543
f 755 543 757
f 543 545 757
f 545 758 757
f 545 769 758
f 760 546 532
f 548 546 760
f 761 548 760
f 770 548 761
f 549 763 535
f 549 771 763
f 766 551 540
f 768 772 766
f 772 551 766
f 772 552 551
f 552 773 554
f 772 773 552
f 545 554 769
f 769 554 773
f 770 555 548
f 774 555 770
f 776 775 557
f 776 557 558
f 549 557 771
f 771 557 775
f 774 777 555
f 555 777 559
f 559 778 560
f 777 778 559
f 780 779 562
f 560 780 562
f 778 780 560
f 780 776 779
f 776 563 779
f 776 558 563
f 779 564 562
f 564 779 563
f 783 782 781
f 566 567 781
f 567 783 781
f 567 784 783
f 785 567 568
f 785 784 567
f 786 568 570
f 786 785 568
f 788 787 572
f 787 570 572
f 787 786 570
f 788 789 787
f 782 790 781
f 574 566 781
f 791 574 781
f 790 791 781
f 574 791 792
f 794 793 792
f 794 792 791
f 795 577 576
f 796 793 794
f 580 788 572
f 578 577 795
f 580 581 788
f 581 789 788
f 581 797 789
f 792 582 574
f 582 792 583
f 792 798 583
f 792 793 798
f 795 576 584
f 796 799 793
f 800 793 799
f 793 800 798
f 584 578 795
f 800 799 801
f 587 803 802
f 797 587 802
f 581 587 797
f 803 804 802
f 805 588 798
f 798 588 583
f 806 798 800
f 805 798 806
f 800 801 807
f 800 807 806
f 591 808 803
f 591 803 587
f 804 803 809
f 809 803 808
f 810 593 805
f 805 593 588
f 806 812 811
f 810 806 811
f 805 806 810
f 812 806 807
f 596 813 808
f 596 808 591
f 809 808 814
f 808 815 814
f 808 813 815
f 815 816 814
f 817 598 810
f 810 598 593
f 810 811 818
f 810 818 817
f 601 813 596
f 813 601 603
f 813 603 815
f 603 605 815
f 605 816 815
f 605 819 816
f 821 820 817
f 820 598 817
f 820 607 598
f 821 817 818
f 611 823 822
f 819 611 822
f 605 611 819
f 823 824 822
f 820 613 607
f 825 613 820
f 615 823 611
f 826 824 823
f 615 826 823
f 617 826 615
f 827 617 618
f 827 826 617
f 618 620 827
f 827 620 828
f 825 622 613
f 829 622 825
f 625 828 620
f 625 830 828
f 829 627 622
f 831 627 829
f 629 832 628
f 833 630 628
f 833 628 832
f 833 632 630
f 634 835 834
f 830 634 834
f 625 634 830
f 835 836 834
f 831 635 627
f 837 635 831
f 636 838 832
f 636 832 629
f 832 839 833
f 832 838 839
f 839 638 632
f 839 632 833
f 640 840 835
f 640 835 634
f 836 835 841
f 835 842 841
f 835 840 842
f 844 843 842
f 842 843 841
f 844 845 843
f 847 846 642
f 642 846 641
f 642 635 837
f 642 837 847
f 849 848 838
f 636 849 838
f 643 849 636
f 838 848 839
f 839 848 850
f 850 852 851
f 850 851 644
f 839 850 644
f 638 839 644
f 851 646 644
f 647 853 840
f 647 840 640
f 840 854 842
f 840 853 854
f 842 855 844
f 842 854 855
f 845 844 856
f 856 844 855
f 846 648 641
f 857 648 846
f 649 849 643
f 649 858 849
f 851 852 652
f 852 651 652
f 852 859 651
f 860 652 654
f 860 851 652
f 860 653 646
f 851 860 646
f 853 647 653
f 860 853 653
f 861 853 860
f 853 862 854
f 853 861 862
f 854 863 855
f 854 862 863
f 657 864 656
f 864 855 656
f 855 863 656
f 855 864 856
f 865 657 658
f 865 864 657
f 866 658 660
f 866 865 658
f 660 662 866
f 866 662 867
f 857 663 648
f 868 663 857
f 869 858 649
f 869 649 664
f 870 664 665
f 870 869 664
f 665 651 859
f 665 859 870
f 667 860 654
f 860 667 669
f 860 669 861
f 862 861 871
f 861 671 871
f 671 872 871
f 671 861 669
f 862 871 863
f 863 871 873
f 873 875 874
f 873 874 672
f 863 873 672
f 656 863 672
f 876 673 672
f 876 672 874
f 876 675 673
f 676 867 662
f 676 877 867
f 868 677 663
f 878 677 868
f 679 879 680
f 879 880 680
f 880 671 680
f 880 872 671
f 875 881 874
f 874 881 876
f 876 881 882
f 876 882 675
f 882 681 675
f 882 883 681
f 676 681 877
f 877 681 883
f 885 884 684
f 684 884 683
f 684 677 878
f 684 878 885
f 887 886 687
f 887 687 686
f 679 687 879
f 687 888 879
f 687 886 888
f 879 888 880
f 884 688 683
f 889 688 884
f 691 891 890
f 887 691 890
f 686 691 887
f 693 694 891
f 694 890 891
f 694 892 890
f 894 893 695
f 893 694 695
f 893 892 694
f 896 895 894
f 894 895 893
f 898 897 896
f 896 897 895
f 900 899 898
f 898 899 897
f 900 901 899
f 889 696 688
f 902 696 889
f 699 891 691
f 891 699 693
f 702 903 894
f 702 894 695
f 894 904 896
f 894 903 904
f 896 905 898
f 896 904 905
f 898 906 900
f 898 905 906
f 901 900 907
f 907 900 906
f 909 703 908
f 703 902 908
f 703 696 902
f 910 909 908
f 706 903 702
f 903 706 708
f 903 708 904
f 904 708 710
f 904 710 905
f 905 710 712
f 911 905 712
f 906 905 911
f 907 906 912
f 912 906 911
f 909 713 703
f 714 713 909
f 910 714 909
f 913 714 910
f 718 914 911
f 718 911 712
f 912 911 915
f 915 911 914
f 913 916 714
f 714 916 719
f 721 719 916
f 721 916 917
f 725 918 914
f 725 914 718
f 915 914 919
f 919 914 918
f 917 727 721
f 920 727 917
f 729 921 728
f 922 730 728
f 922 728 921
f 923 731 730
f 923 730 922
f 918 725 731
f 923 918 731
f 924 918 923
f 919 918 925
f 925 918 924
f 920 732 727
f 926 732 920
f 733 921 729
f 921 733 735
f 927 921 735
f 922 921 927
f 922 928 923
f 922 927 928
f 923 929 924
f 923 928 929
f 925 924 930
f 930 924 929
f 926 931 732
f 732 931 736
f 737 736 931
f 737 931 932
f 934 933 927
f 735 934 927
f 739 934 735
f 927 933 928
f 928 933 935
f 928 935 929
f 929 935 936
f 929 936 930
f 932 937 737
f 737 937 740
f 742 740 937
f 742 937 938
f 744 939 743
f 934 739 940
f 739 939 940
f 939 941 940
f 739 743 939
f 941 942 940
f 938 746 742
f 943 746 938
f 747 939 744
f 939 747 749
f 939 749 941
f 944 942 941
f 749 944 941
f 751 944 749
f 751 753 944
f 944 753 945
f 943 754 746
f 946 754 943
f 949 948 947
f 951 950 947
f 951 947 948
f 952 950 951
f 953 945 753
f 953 753 756
f 756 758 953
f 953 758 954
f 946 955 754
f 754 955 759
f 761 759 955
f 761 955 956
f 958 957 762
f 958 762 763
f 947 764 949
f 764 957 949
f 764 762 957
f 764 947 765
f 765 947 950
f 952 959 950
f 959 765 950
f 959 767 765
f 768 767 959
f 768 959 960
f 769 954 758
f 769 961 954
f 963 770 962
f 770 956 962
f 770 761 956
f 964 963 962
f 771 958 763
f 771 965 958
f 960 966 768
f 768 966 772
f 772 967 773
f 966 967 772
f 769 773 961
f 961 773 967
f 968 774 963
f 963 774 770
f 963 964 969
f 963 969 968
f 971 970 775
f 971 775 776
f 771 775 965
f 965 775 970
f 968 777 774
f 969 972 968
f 972 777 968
f 972 778 777
f 778 973 780
f 972 973 778
f 776 780 971
f 971 780 973
f 976 975 974
f 974 977 976
f 978 782 783
f 978 783 979
f 783 980 979
f 783 784 980
f 981 784 785
f 981 980 784
f 982 785 786
f 982 981 785
f 787 974 975
f 982 787 975
f 786 787 982
f 984 983 789
f 789 983 787
f 983 977 787
f 977 974 787
f 984 985 983
f 978 790 782
f 979 986 978
f 986 790 978
f 986 791 790
f 791 987 794
f 986 987 791
f 796 794 987
f 796 987 988
f 797 989 984
f 797 984 789
f 985 984 990
f 990 984 989
f 799 796 991
f 796 992 991
f 796 988 992
f 991 801 799
f 802 989 797
f 802 804 989
f 804 990 989
f 804 993 990
f 992 994 991
f 801 991 994
f 995 801 994
f 807 801 995
f 809 997 996
f 993 809 996
f 804 809 993
f 997 998 996
f 1000 999 812
f 812 999 811
f 812 807 995
f 812 995 1000
f 814 997 809
f 814 816 997
f 816 998 997
f 816 1001 998
f 999 818 811
f 1002 818 999
f 819 1004 1003
f 1001 819 1003
f 816 819 1001
f 1004 1005 1003
f 1006 820 821
f 1007 1006 821
f 818 1007 821
f 1002 1007 818
f 822 1004 819
f 1009 1008 824
f 824 1008 822
f 1008 1005 822
f 1005 1004 822
f 1009 1010 1008
f 1011 825 1006
f 1006 825 820
f 1006 1007 1012
f 1006 1012 1011
f 826 1009 824
f 1013 1010 1009
f 826 1013 1009
f 827 1013 826
f 827 828 1013
f 1013 828 1014
f 1016 1015 1011
f 1015 825 1011
f 1015 829 825
f 1016 1011 1012
f 830 1018 1017
f 1014 830 1017
f 828 830 1014
f 1018 1019 1017
f 1022 1021 1020
f 1015 1022 1020
f 831 1015 1020
f 829 1015 831
f 834 1018 830
f 834 836 1018
f 836 1019 1018
f 836 1023 1019
f 1020 1021 1024
f 1024 1021 1025
f 1024 837 831
f 1024 831 1020
f 1026 1023 836
f 1026 836 841
f 1027 841 843
f 1027 1026 841
f 1029 1028 845
f 1028 843 845
f 1028 1027 843
f 1029 1030 1028
f 1024 1025 847
f 1025 846 847
f 1025 1031 846
f 1024 847 837
f 849 1032 848
f 1033 850 848
f 1033 848 1032
f 1033 852 850
f 856 1034 1029
f 856 1029 845
f 1030 1029 1035
f 1035 1029 1034
f 1031 857 846
f 1036 857 1031
f 858 1037 1032
f 858 1032 849
f 1032 1038 1033
f 1032 1037 1038
f 1038 859 852
f 1038 852 1033
f 864 1034 856
f 1039 1035 1034
f 864 1039 1034
f 865 1039 864
f 1040 865 866
f 1040 1039 865
f 1042 1041 867
f 1041 866 867
f 1041 1040 866
f 1042 1043 1041
f 1036 868 857
f 1044 868 1036
f 869 1037 858
f 1037 869 870
f 1037 870 1038
f 1038 870 859
f 872 1045 871
f 1046 873 871
f 1046 871 1045
f 1046 875 873
f 1048 1047 1042
f 867 1048 1042
f 877 1048 867
f 1042 1047 1043
f 1044 878 868
f 1049 878 1044
f 880 1050 1045
f 880 1045 872
f 1052 1046 1051
f 1046 1050 1051
f 1046 1045 1050
f 1052 1054 1053
f 1052 1053 881
f 1046 1052 881
f 875 1046 881
f 1055 882 881
f 1055 881 1053
f 882 1055 1056
f 1057 882 1056
f 883 882 1057
f 877 883 1048
f 1048 883 1057
f 1059 1058 885
f 885 1058 884
f 885 878 1049
f 885 1049 1059
f 887 1060 886
f 1061 888 886
f 1061 886 1060
f 1050 880 888
f 1061 1050 888
f 1062 1050 1061
f 1051 1050 1063
f 1050 1064 1063
f 1050 1062 1064
f 1063 1064 1054
f 1064 1053 1054
f 1064 1065 1053
f 1067 1055 1066
f 1055 1065 1066
f 1055 1053 1065
f 1055 1067 1056
f 1058 889 884
f 1068 889 1058
f 890 1060 887
f 1060 890 892
f 1060 892 1061
f 1061 892 893
f 1061 893 1062
f 1062 893 895
f 1062 895 1064
f 1064 895 897
f 1064 897 1065
f 897 899 1065
f 899 1069 1065
f 1069 1066 1065
f 899 1070 1069
f 901 1070 899
f 1072 902 1071
f 902 1068 1071
f 902 889 1068
f 1073 1072 1071
f 1074 1069 1070
f 1070 901 1074
f 901 1075 1074
f 901 907 1075
f 1072 908 902
f 910 908 1072
f 1073 910 1072
f 1076 910 1073
f 912 1075 907
f 912 1077 1075
f 1076 913 910
f 1078 913 1076
f 915 1080 1079
f 1077 915 1079
f 912 915 1077
f 1080 1081 1079
f 1078 1082 913
f 913 1082 916
f 917 916 1082
f 917 1082 1083
f 1085 1084 1080
f 915 1085 1080
f 919 1085 915
f 1080 1084 1081
f 1083 920 917
f 1086 920 1083
f 925 1088 1087
f 1085 925 1087
f 919 925 1085
f 1088 1089 1087
f 1086 926 920
f 1090 926 1086
f 930 1091 1088
f 930 1088 925
f 1089 1088 1092
f 1092 1088 1091
f 1090 1093 926
f 926 1093 931
f 932 931 1093
f 932 1093 1094
f 934 1095 933
f 1096 935 933
f 1096 933 1095
f 1097 936 935
f 1097 935 1096
f 1097 1098 936
f 936 1098 930
f 1098 1099 930
f 1099 1091 930
f 1091 1099 1092
f 937 932 1100
f 932 1101 1100
f 932 1094 1101
f 1100 938 937
f 940 1095 934
f 1095 940 942
f 1102 1095 942
f 1096 1095 1102
f 1096 1103 1097
f 1096 1102 1103
f 1098 1097 1104
f 1104 1097 1103
f 1101 1105 1100
f 938 1100 1105
f 1106 938 1105
f 943 938 1106
f 944 1102 942
f 1102 944 945
f 1107 1102 945
f 1103 1102 1107
f 1104 1103 1108
f 1103 1109 1108
f 1103 1107 1109
f 1109 1110 1108
f 1112 946 1111
f 946 1106 1111
f 946 943 1106
f 1113 1112 1111
f 949 1114 948
f 948 1114 1115
f 1116 948 1115
f 951 948 1116
f 952 951 1116
f 952 1116 1117
f 953 1107 945
f 1109 1107 1118
f 1107 954 1118
f 954 1119 1118
f 954 1107 953
f 1109 1118 1110
f 1112 955 946
f 1121 1120 956
f 1121 956 955
f 1113 1121 955
f 1112 1113 955
f 1122 1120 1121
f 958 1123 957
f 1123 1124 957
f 957 1124 949
f 1124 1125 949
f 1125 1114 949
f 1114 1125 1115
f 1117 1126 952
f 952 1126 959
f 960 959 1126
f 960 1126 1127
f 961 1129 1128
f 1119 961 1128
f 954 961 1119
f 1129 1130 1128
f 1120 962 956
f 964 962 1120
f 1122 964 1120
f 1131 964 1122
f 1133 1132 1123
f 958 1133 1123
f 965 1133 958
f 1123 1132 1124
f 1127 1134 960
f 960 1134 966
f 966 1135 967
f 1134 1135 966
f 967 1135 961
f 1135 1136 961
f 1136 1129 961
f 1136 1135 1137
f 1130 1129 1138
f 1138 1129 1136
f 1131 969 964
f 1139 969 1131
f 1141 1140 970
f 1141 970 971
f 965 970 1133
f 1133 970 1140
f 1137 1142 1136
f 1136 1142 1138
f 1139 1143 969
f 969 1143 972
f 972 1144 973
f 1143 1144 972
f 971 973 1141
f 1141 973 1144
f 1145 975 976
f 977 1145 976
f 1146 979 980
f 1146 980 1147
f 980 1148 1147
f 980 981 1148
f 1149 981 982
f 1149 1148 981
f 1149 982 975
f 1150 1149 975
f 1145 1150 975
f 1149 1150 1151
f 983 1152 977
f 1152 1145 977
f 1152 1150 1145
f 985 1152 983
f 1146 986 979
f 1147 1153 1146
f 1153 986 1146
f 1153 987 986
f 1155 1154 988
f 987 1155 988
f 1153 1155 987
f 1154 1155 1151
f 1150 1154 1151
f 1156 1154 1150
f 1157 1150 1152
f 1156 1150 1157
f 990 1157 985
f 985 1157 1152
f 1158 992 1154
f 1154 992 988
f 1156 1160 1159
f 1158 1156 1159
f 1154 1156 1158
f 1160 1156 1157
f 1160 1157 1161
f 1157 990 1161
f 990 1162 1161
f 990 993 1162
f 1158 994 992
f 1164 1163 995
f 1164 995 994
f 1159 1164 994
f 1158 1159 994
f 1165 1163 1164
f 993 996 1166
f 1167 993 1166
f 1162 993 1167
f 998 1166 996
f 1169 1168 1000
f 1000 1168 999
f 1000 995 1163
f 1170 1000 1163
f 1169 1000 1170
f 1173 1172 1171
f 1165 1170 1163
f 1172 1173 1167
f 1166 1172 1167
f 1174 1172 1166
f 1001 1174 998
f 998 1174 1166
f 1168 1002 999
f 1175 1002 1168
f 1176 1171 1172
f 1176 1172 1174
f 1176 1174 1177
f 1179 1177 1178
f 1178 1177 1003
f 1177 1174 1003
f 1174 1001 1003
f 1005 1178 1003
f 1175 1007 1002
f 1180 1007 1175
f 1181 1179 1178
f 1183 1181 1182
f 1182 1181 1008
f 1181 1178 1008
f 1178 1005 1008
f 1010 1182 1008
f 1180 1012 1007
f 1184 1012 1180
f 1185 1183 1182
f 1187 1185 1186
f 1186 1185 1013
f 1185 1182 1013
f 1182 1010 1013
f 1014 1186 1013
f 1188 1015 1016
f 1189 1188 1016
f 1012 1189 1016
f 1184 1189 1012
f 1190 1187 1186
f 1192 1190 1191
f 1191 1190 1017
f 1190 1186 1017
f 1186 1014 1017
f 1019 1191 1017
f 1193 1021 1022
f 1015 1188 1022
f 1188 1193 1022
f 1188 1194 1193
f 1188 1189 1195
f 1188 1195 1194
f 1196 1192 1191
f 1019 1023 1191
f 1023 1197 1191
f 1197 1196 1191
f 1197 1023 1198
f 1198 1199 1197
f 1200 1025 1193
f 1193 1025 1021
f 1194 1202 1201
f 1200 1194 1201
f 1193 1194 1200
f 1202 1194 1195
f 1026 1198 1023
f 1203 1199 1198
f 1026 1203 1198
f 1027 1203 1026
f 1204 1027 1028
f 1204 1203 1027
f 1206 1205 1030
f 1205 1028 1030
f 1205 1204 1028
f 1206 1207 1205
f 1208 1031 1200
f 1200 1031 1025
f 1200 1201 1209
f 1200 1209 1208
f 1035 1210 1206
f 1035 1206 1030
f 1207 1206 1211
f 1211 1206 1210
f 1212 1036 1208
f 1208 1036 1031
f 1208 1209 1213
f 1208 1213 1212
f 1039 1210 1035
f 1214 1211 1210
f 1039 1214 1210
f 1040 1214 1039
f 1215 1040 1041
f 1215 1214 1040
f 1041 1043 1215
f 1215 1043 1216
f 1217 1044 1212
f 1212 1044 1036
f 1212 1213 1218
f 1212 1218 1217
f 1221 1220 1219
f 1047 1048 1219
f 1220 1047 1219
f 1222 1047 1220
f 1043 1047 1216
f 1216 1047 1222
f 1223 1049 1217
f 1217 1049 1044
f 1217 1218 1224
f 1217 1224 1223
f 1051 1225 1052
f 1225 1054 1052
f 1221 1219 1057
f 1056 1221 1057
f 1226 1221 1056
f 1057 1219 1048
f 1227 1058 1059
f 1228 1227 1059
f 1228 1059 1049
f 1229 1228 1049
f 1223 1229 1049
f 1229 1223 1224
f 1063 1225 1051
f 1225 1063 1054
f 1231 1230 1067
f 1231 1067 1066
f 1056 1067 1226
f 1226 1067 1230
f 1233 1232 1227
f 1232 1058 1227
f 1232 1068 1058
f 1233 1227 1228
f 1069 1231 1066
f 1069 1234 1231
f 1232 1235 1068
f 1068 1235 1071
f 1073 1071 1235
f 1073 1235 1236
f 1237 1234 1069
f 1237 1069 1074
f 1074 1075 1237
f 1237 1075 1238
f 1236 1076 1073
f 1239 1076 1236
f 1077 1238 1075
f 1077 1240 1238
f 1242 1078 1241
f 1078 1239 1241
f 1078 1076 1239
f 1243 1242 1241
f 1244 1240 1077
f 1244 1077 1079
f 1079 1081 1244
f 1244 1081 1245
f 1242 1082 1078
f 1083 1082 1242
f 1243 1083 1242
f 1246 1083 1243
f 1085 1247 1084
f 1247 1248 1084
f 1248 1081 1084
f 1248 1245 1081
f 1246 1086 1083
f 1249 1086 1246
f 1087 1247 1085
f 1087 1089 1247
f 1089 1248 1247
f 1089 1250 1248
f 1249 1090 1086
f 1251 1090 1249
f 1092 1250 1089
f 1092 1252 1250
f 1251 1253 1090
f 1090 1253 1093
f 1094 1093 1253
f 1094 1253 1254
f 1256 1255 1099
f 1256 1099 1098
f 1092 1099 1252
f 1252 1099 1255
f 1258 1101 1257
f 1101 1254 1257
f 1101 1094 1254
f 1259 1258 1257
f 1104 1256 1098
f 1104 1260 1256
f 1258 1105 1101
f 1106 1105 1258
f 1259 1106 1258
f 1261 1106 1259
f 1262 1260 1104
f 1262 1104 1108
f 1108 1110 1262
f 1262 1110 1263
f 1261 1264 1106
f 1106 1264 1111
f 1266 1265 1113
f 1111 1266 1113
f 1264 1266 1111
f 1267 1265 1266
f 1115 1268 1116
f 1268 1117 1116
f 1270 1269 1118
f 1270 1118 1119
f 1110 1118 1263
f 1263 1118 1269
f 1265 1121 1113
f 1122 1121 1265
f 1267 1122 1265
f 1271 1122 1267
f 1124 1272 1125
f 1272 1273 1125
f 1125 1273 1115
f 1273 1274 1115
f 1274 1268 1115
f 1274 1276 1275
f 1274 1275 1126
f 1268 1274 1126
f 1117 1268 1126
f 1275 1127 1126
f 1277 1270 1119
f 1277 1119 1128
f 1128 1130 1277
f 1277 1130 1278
f 1280 1131 1279
f 1131 1271 1279
f 1131 1122 1271
f 1281 1280 1279
f 1284 1283 1282
f 1132 1133 1282
f 1283 1132 1282
f 1285 1132 1283
f 1124 1132 1272
f 1132 1286 1272
f 1132 1285 1286
f 1272 1286 1273
f 1276 1287 1275
f 1275 1287 1127
f 1287 1134 1127
f 1287 1288 1134
f 1288 1290 1289
f 1135 1288 1289
f 1134 1288 1135
f 1289 1137 1135
f 1138 1292 1291
f 1278 1138 1291
f 1130 1138 1278
f 1292 1293 1291
f 1294 1139 1280
f 1280 1139 1131
f 1280 1281 1295
f 1296 1280 1295
f 1294 1280 1296
f 1296 1295 1284
f 1296 1284 1282
f 1141 1296 1282
f 1140 1141 1282
f 1140 1282 1133
f 1299 1298 1297
f 1299 1297 1290
f 1297 1289 1290
f 1297 1300 1289
f 1301 1142 1137
f 1289 1301 1137
f 1300 1301 1289
f 1292 1138 1142
f 1301 1292 1142
f 1302 1292 1301
f 1293 1292 1303
f 1303 1292 1302
f 1294 1143 1139
f 1143 1294 1144
f 1144 1294 1296
f 1144 1296 1141
f 1298 1304 1297
f 1306 1305 1304
f 1305 1297 1304
f 1305 1300 1297
f 1300 1307 1301
f 1300 1305 1307
f 1301 1308 1302
f 1301 1307 1308
f 1303 1302 1309
f 1309 1302 1308
f 1306 1310 1305
f 1305 1310 1307
f 1307 1310 1311
f 1307 1311 1308
f 1308 1311 1312
f 1308 1312 1309
f 1313 1147 1148
f 1149 1314 1148
f 1148 1314 1313
f 1151 1314 1149
f 1313 1153 1147
f 1153 1313 1155
f 1155 1313 1314
f 1155 1314 1151
f 1315 1159 1160
f 1161 1316 1160
f 1160 1316 1315
f 1162 1316 1161
f 1315 1164 1159
f 1164 1315 1165
f 1315 1317 1165
f 1315 1316 1317
f 1167 1317 1162
f 1162 1317 1316
f 1318 1168 1169
f 1318 1169 1319
f 1169 1320 1319
f 1169 1170 1320
f 1170 1165 1320
f 1317 1320 1165
f 1320 1317 1321
f 1173 1321 1317
f 1321 1173 1171
f 1173 1317 1167
f 1322 1175 1318
f 1318 1175 1168
f 1318 1319 1323
f 1318 1323 1322
f 1324 1321 1171
f 1324 1171 1176
f 1325 1176 1177
f 1325 1324 1176
f 1327 1326 1179
f 1326 1177 1179
f 1326 1325 1177
f 1327 1328 1326
f 1330 1329 1322
f 1329 1175 1322
f 1329 1180 1175
f 1330 1322 1323
f 1181 1327 1179
f 1181 1183 1327
f 1183 1328 1327
f 1183 1331 1328
f 1329 1184 1180
f 1332 1184 1329
f 1333 1331 1183
f 1333 1183 1185
f 1185 1187 1333
f 1333 1187 1334
f 1332 1189 1184
f 1335 1189 1332
f 1187 1190 1336
f 1337 1187 1336
f 1334 1187 1337
f 1192 1336 1190
f 1335 1195 1189
f 1338 1195 1335
f 1339 1337 1336
f 1339 1336 1192
f 1196 1339 1192
f 1340 1339 1196
f 1341 1196 1197
f 1341 1340 1196
f 1197 1199 1341
f 1341 1199 1342
f 1344 1343 1202
f 1202 1343 1201
f 1202 1195 1338
f 1202 1338 1344
f 1199 1203 1345
f 1346 1199 1345
f 1342 1199 1346
f 1204 1347 1203
f 1203 1347 1345
f 1205 1348 1204
f 1204 1348 1347
f 1207 1348 1205
f 1343 1209 1201
f 1349 1209 1343
f 1350 1346 1345
f 1350 1345 1347
f 1350 1347 1351
f 1351 1347 1348
f 1351 1348 1352
f 1348 1207 1352
f 1207 1353 1352
f 1207 1211 1353
f 1349 1213 1209
f 1354 1213 1349
f 1355 1353 1211
f 1355 1211 1214
f 1356 1214 1215
f 1356 1355 1214
f 1215 1216 1356
f 1356 1216 1357
f 1354 1218 1213
f 1358 1218 1354
f 1360 1359 1220
f 1360 1220 1221
f 1220 1361 1222
f 1359 1361 1220
f 1216 1222 1357
f 1357 1222 1361
f 1364 1363 1362
f 1358 1364 1362
f 1224 1358 1362
f 1218 1358 1224
f 1226 1360 1221
f 1226 1365 1360
f 1362 1363 1229
f 1363 1228 1229
f 1363 1366 1228
f 1362 1229 1224
f 1368 1367 1230
f 1368 1230 1231
f 1226 1230 1365
f 1365 1230 1367
f 1369 1232 1233
f 1370 1369 1233
f 1228 1370 1233
f 1366 1370 1228
f 1234 1368 1231
f 1234 1371 1368
f 1369 1235 1232
f 1236 1235 1369
f 1370 1236 1369
f 1372 1236 1370
f 1373 1371 1234
f 1373 1234 1237
f 1237 1238 1373
f 1373 1238 1374
f 1372 1239 1236
f 1375 1239 1372
f 1240 1374 1238
f 1240 1376 1374
f 1379 1378 1377
f 1377 1380 1379
f 1375 1381 1239
f 1239 1381 1241
f 1243 1241 1381
f 1243 1381 1382
f 1383 1376 1240
f 1383 1240 1244
f 1384 1377 1245
f 1377 1383 1245
f 1383 1244 1245
f 1377 1378 1383
f 1380 1377 1385
f 1385 1377 1384
f 1387 1246 1386
f 1246 1382 1386
f 1246 1243 1382
f 1388 1387 1386
f 1248 1389 1384
f 1248 1384 1245
f 1385 1384 1390
f 1390 1384 1389
f 1391 1249 1387
f 1387 1249 1246
f 1387 1388 1392
f 1387 1392 1391
f 1394 1393 1389
f 1248 1394 1389
f 1250 1394 1248
f 1389 1393 1390
f 1395 1251 1391
f 1391 1251 1249
f 1391 1392 1396
f 1391 1396 1395
f 1252 1394 1250
f 1252 1397 1394
f 1395 1253 1251
f 1399 1398 1254
f 1399 1254 1253
f 1396 1399 1253
f 1395 1396 1253
f 1400 1398 1399
f 1256 1401 1255
f 1401 1402 1255
f 1402 1252 1255
f 1402 1397 1252
f 1398 1257 1254
f 1259 1257 1398
f 1400 1259 1398
f 1403 1259 1400
f 1260 1404 1401
f 1260 1401 1256
f 1402 1401 1405
f 1405 1401 1404
f 1407 1261 1406
f 1261 1403 1406
f 1261 1259 1403
f 1408 1407 1406
f 1262 1404 1260
f 1262 1263 1404
f 1263 1405 1404
f 1263 1409 1405
f 1407 1264 1261
f 1408 1410 1407
f 1410 1264 1407
f 1410 1266 1264
f 1267 1266 1410
f 1267 1410 1411
f 1270 1412 1269
f 1412 1413 1269
f 1413 1263 1269
f 1413 1409 1263
f 1415 1271 1414
f 1271 1411 1414
f 1271 1267 1411
f 1416 1415 1414
f 1273 1417 1274
f 1417 1276 1274
f 1277 1412 1270
f 1277 1278 1412
f 1278 1413 1412
f 1278 1418 1413
f 1415 1279 1271
f 1420 1419 1281
f 1420 1281 1279
f 1416 1420 1279
f 1415 1416 1279
f 1283 1284 1419
f 1420 1283 1419
f 1421 1283 1420
f 1283 1422 1285
f 1421 1422 1283
f 1422 1424 1423
f 1286 1422 1423
f 1285 1422 1286
f 1417 1273 1286
f 1423 1417 1286
f 1425 1417 1423
f 1426 1287 1276
f 1417 1426 1276
f 1425 1426 1417
f 1427 1288 1287
f 1427 1287 1426
f 1427 1290 1288
f 1428 1418 1278
f 1428 1278 1291
f 1291 1293 1428
f 1428 1293 1429
f 1419 1295 1281
f 1295 1419 1284
f 1424 1430 1423
f 1423 1430 1425
f 1425 1430 1431
f 1433 1432 1431
f 1432 1425 1431
f 1432 1426 1425
f 1432 1298 1299
f 1427 1432 1299
f 1426 1432 1427
f 1427 1299 1290
f 1303 1429 1293
f 1303 1434 1429
f 1433 1435 1432
f 1432 1435 1298
f 1435 1304 1298
f 1435 1436 1304
f 1438 1437 1306
f 1304 1438 1306
f 1436 1438 1304
f 1439 1437 1438
f 1309 1434 1303
f 1309 1440 1434
f 1437 1310 1306
f 1439 1441 1437
f 1441 1310 1437
f 1441 1311 1310
f 1311 1442 1312
f 1441 1442 1311
f 1309 1312 1440
f 1440 1312 1442
f 1443 1319 1320
f 1321 1443 1320
f 1445 1444 1443
f 1444 1319 1443
f 1444 1323 1319
f 1445 1443 1321
f 1324 1445 1321
f 1446 1445 1324
f 1448 1446 1447
f 1446 1325 1447
f 1446 1324 1325
f 1326 1449 1325
f 1325 1449 1447
f 1328 1449 1326
f 1450 1329 1330
f 1451 1450 1330
f 1323 1451 1330
f 1444 1451 1323
f 1452 1448 1447
f 1452 1447 1449
f 1452 1449 1453
f 1449 1328 1453
f 1328 1454 1453
f 1328 1331 1454
f 1455 1332 1450
f 1450 1332 1329
f 1450 1451 1456
f 1450 1456 1455
f 1331 1333 1457
f 1458 1331 1457
f 1454 1331 1458
f 1334 1457 1333
f 1459 1335 1455
f 1455 1335 1332
f 1455 1456 1460
f 1455 1460 1459
f 1458 1457 1461
f 1458 1461 1462
f 1337 1461 1334
f 1334 1461 1457
f 1465 1464 1463
f 1466 1465 1459
f 1465 1338 1459
f 1338 1335 1459
f 1465 1463 1338
f 1466 1459 1460
f 1467 1462 1461
f 1467 1461 1337
f 1339 1467 1337
f 1468 1467 1339
f 1469 1339 1340
f 1469 1468 1339
f 1470 1340 1341
f 1470 1469 1340
f 1472 1471 1342
f 1471 1341 1342
f 1471 1470 1341
f 1472 1473 1471
f 1463 1464 1344
f 1464 1343 1344
f 1464 1474 1343
f 1463 1344 1338
f 1346 1475 1472
f 1346 1472 1342
f 1473 1472 1476
f 1476 1472 1475
f 1474 1349 1343
f 1477 1349 1474
f 1350 1475 1346
f 1478 1476 1475
f 1350 1478 1475
f 1351 1478 1350
f 1479 1351 1352
f 1479 1478 1351
f 1481 1480 1353
f 1480 1352 1353
f 1480 1479 1352
f 1481 1482 1480
f 1477 1354 1349
f 1483 1354 1477
f 1355 1481 1353
f 1484 1482 1481
f 1355 1484 1481
f 1356 1484 1355
f 1356 1357 1484
f 1484 1357 1485
f 1487 1358 1486
f 1358 1483 1486
f 1358 1354 1483
f 1488 1487 1486
f 1360 1489 1359
f 1359 1489 1490
f 1491 1359 1490
f 1361 1359 1491
f 1357 1361 1485
f 1485 1361 1491
f 1493 1492 1364
f 1364 1492 1363
f 1364 1358 1487
f 1494 1364 1487
f 1493 1364 1494
f 1494 1487 1488
f 1496 1495 1489
f 1360 1496 1489
f 1365 1496 1360
f 1489 1495 1490
f 1492 1366 1363
f 1497 1366 1492
f 1368 1498 1367
f 1498 1499 1367
f 1499 1365 1367
f 1499 1496 1365
f 1497 1370 1366
f 1500 1370 1497
f 1371 1501 1498
f 1371 1498 1368
f 1499 1498 1502
f 1502 1498 1501
f 1504 1372 1503
f 1372 1500 1503
f 1372 1370 1500
f 1505 1504 1503
f 1373 1501 1371
f 1507 1506 1374
f 1374 1506 1373
f 1506 1502 1373
f 1502 1501 1373
f 1507 1508 1506
f 1509 1375 1504
f 1504 1375 1372
f 1504 1505 1510
f 1504 1510 1509
f 1376 1511 1507
f 1376 1507 1374
f 1379 1512 1378
f 1512 1507 1378
f 1507 1511 1378
f 1507 1512 1508
f 1379 1380 1512
f 1512 1380 1513
f 1509 1381 1375
f 1382 1381 1509
f 1510 1382 1509
f 1514 1382 1510
f 1383 1511 1376
f 1511 1383 1378
f 1385 1513 1380
f 1385 1515 1513
f 1514 1516 1382
f 1382 1516 1386
f 1388 1386 1516
f 1388 1516 1517
f 1390 1515 1385
f 1390 1518 1515
f 1520 1392 1519
f 1392 1517 1519
f 1392 1388 1517
f 1521 1520 1519
f 1523 1522 1393
f 1523 1393 1394
f 1390 1393 1518
f 1518 1393 1522
f 1524 1396 1520
f 1520 1396 1392
f 1520 1521 1525
f 1520 1525 1524
f 1397 1527 1526
f 1523 1397 1526
f 1394 1397 1523
f 1529 1528 1527
f 1527 1528 1526
f 1529 1530 1528
f 1524 1399 1396
f 1532 1531 1400
f 1532 1400 1399
f 1525 1532 1399
f 1524 1525 1399
f 1533 1531 1532
f 1402 1534 1527
f 1402 1527 1397
f 1536 1529 1535
f 1529 1534 1535
f 1529 1527 1534
f 1529 1536 1530
f 1537 1403 1531
f 1531 1403 1400
f 1531 1533 1538
f 1531 1538 1537
f 1540 1539 1534
f 1402 1540 1534
f 1405 1540 1402
f 1534 1539 1535
f 1537 1406 1403
f 1408 1406 1537
f 1538 1408 1537
f 1541 1408 1538
f 1409 1543 1542
f 1540 1409 1542
f 1405 1409 1540
f 1543 1544 1542
f 1541 1545 1408
f 1408 1545 1410
f 1547 1546 1411
f 1410 1547 1411
f 1545 1547 1410
f 1549 1548 1546
f 1549 1546 1547
f 1550 1548 1549
f 1413 1551 1543
f 1413 1543 1409
f 1544 1543 1552
f 1552 1543 1551
f 1546 1414 1411
f 1414 1546 1416
f 1546 1553 1416
f 1546 1548 1553
f 1548 1550 1554
f 1555 1548 1554
f 1553 1548 1555
f 1556 1555 1554
f 1418 1557 1551
f 1418 1551 1413
f 1552 1551 1558
f 1558 1551 1557
f 1553 1420 1416
f 1420 1553 1421
f 1421 1553 1555
f 1556 1559 1555
f 1559 1421 1555
f 1559 1422 1421
f 1561 1560 1424
f 1422 1561 1424
f 1559 1561 1422
f 1562 1560 1561
f 1428 1557 1418
f 1428 1429 1557
f 1429 1558 1557
f 1429 1563 1558
f 1560 1430 1424
f 1562 1564 1560
f 1564 1430 1560
f 1564 1431 1430
f 1433 1431 1564
f 1433 1564 1565
f 1568 1567 1566
f 1569 1566 1567
f 1434 1563 1429
f 1434 1570 1563
f 1565 1571 1433
f 1433 1571 1435
f 1435 1572 1436
f 1571 1572 1435
f 1436 1573 1438
f 1572 1573 1436
f 1566 1574 1439
f 1573 1566 1439
f 1438 1573 1439
f 1568 1566 1573
f 1566 1569 1575
f 1576 1566 1575
f 1574 1566 1576
f 1575 1570 1576
f 1570 1440 1576
f 1570 1434 1440
f 1574 1441 1439
f 1441 1574 1442
f 1442 1574 1576
f 1442 1576 1440
f 1577 1444 1445
f 1446 1578 1445
f 1445 1578 1577
f 1448 1578 1446
f 1579 1451 1577
f 1577 1451 1444
f 1578 1581 1580
f 1579 1578 1580
f 1577 1578 1579
f 1581 1578 1448
f 1452 1581 1448
f 1582 1581 1452
f 1584 1582 1583
f 1582 1453 1583
f 1582 1452 1453
f 1454 1583 1453
f 1585 1456 1579
f 1579 1456 1451
f 1579 1580 1586
f 1579 1586 1585
f 1584 1583 1587
f 1584 1587 1588
f 1458 1587 1454
f 1454 1587 1583
f 1590 1589 1585
f 1589 1456 1585
f 1589 1460 1456
f 1590 1585 1586
f 1591 1588 1587
f 1458 1462 1587
f 1462 1592 1587
f 1592 1591 1587
f 1592 1462 1593
f 1595 1594 1593
f 1593 1594 1592
f 1595 1596 1594
f 1597 1464 1465
f 1597 1465 1598
f 1465 1599 1598
f 1465 1466 1599
f 1466 1460 1589
f 1466 1589 1599
f 1467 1593 1462
f 1593 1467 1468
f 1593 1468 1595
f 1600 1596 1595
f 1468 1600 1595
f 1469 1600 1468
f 1601 1469 1470
f 1601 1600 1469
f 1603 1601 1602
f 1601 1471 1602
f 1601 1470 1471
f 1473 1602 1471
f 1604 1474 1597
f 1597 1474 1464
f 1597 1598 1605
f 1597 1605 1604
f 1606 1603 1602
f 1602 1473 1606
f 1473 1607 1606
f 1473 1476 1607
f 1608 1477 1604
f 1604 1477 1474
f 1604 1605 1609
f 1604 1609 1608
f 1610 1607 1476
f 1610 1476 1478
f 1611 1478 1479
f 1611 1610 1478
f 1613 1611 1612
f 1611 1480 1612
f 1611 1479 1480
f 1482 1612 1480
f 1614 1483 1608
f 1608 1483 1477
f 1608 1609 1615
f 1608 1615 1614
f 1616 1613 1612
f 1616 1612 1482
f 1484 1616 1482
f 1617 1616 1484
f 1484 1485 1617
f 1617 1485 1618
f 1614 1486 1483
f 1488 1486 1614
f 1615 1488 1614
f 1619 1488 1615
f 1621 1620 1491
f 1621 1491 1490
f 1485 1491 1618
f 1618 1491 1620
f 1622 1492 1493
f 1622 1493 1623
f 1493 1624 1623
f 1493 1494 1624
f 1494 1488 1619
f 1494 1619 1624
f 1496 1625 1495
f 1625 1626 1495
f 1626 1490 1495
f 1626 1621 1490
f 1627 1497 1622
f 1622 1497 1492
f 1622 1623 1628
f 1622 1628 1627
f 1499 1629 1625
f 1499 1625 1496
f 1626 1625 1630
f 1630 1625 1629
f 1631 1500 1627
f 1627 1500 1497
f 1627 1628 1632
f 1627 1632 1631
f 1502 1633 1629
f 1502 1629 1499
f 1630 1629 1634
f 1634 1629 1633
f 1631 1503 1500
f 1505 1503 1631
f 1632 1505 1631
f 1635 1505 1632
f 1506 1633 1502
f 1506 1508 1633
f 1508 1634 1633
f 1508 1636 1634
f 1635 1510 1505
f 1637 1510 1635
f 1508 1512 1638
f 1639 1508 1638
f 1636 1508 1639
f 1513 1638 1512
f 1641 1514 1640
f 1514 1637 1640
f 1514 1510 1637
f 1642 1641 1640
f 1643 1639 1638
f 1638 1513 1643
f 1513 1644 1643
f 1513 1515 1644
f 1641 1516 1514
f 1646 1645 1517
f 1646 1517 1516
f 1642 1646 1516
f 1641 1642 1516
f 1647 1645 1646
f 1518 1644 1515
f 1518 1648 1644
f 1645 1519 1517
f 1521 1519 1645
f 1647 1521 1645
f 1649 1521 1647
f 1523 1650 1522
f 1650 1651 1522
f 1651 1518 1522
f 1651 1648 1518
f 1653 1525 1652
f 1525 1649 1652
f 1525 1521 1649
f 1654 1653 1652
f 1526 1650 1523
f 1655 1651 1650
f 1526 1655 1650
f 1528 1655 1526
f 1528 1530 1655
f 1655 1530 1656
f 1653 1532 1525
f 1533 1532 1653
f 1654 1533 1653
f 1657 1533 1654
f 1535 1658 1536
f 1658 1659 1536
f 1659 1530 1536
f 1659 1656 1530
f 1661 1538 1660
f 1538 1657 1660
f 1538 1533 1657
f 1662 1661 1660
f 1540 1663 1539
f 1658 1535 1539
f 1663 1658 1539
f 1664 1658 1663
f 1659 1658 1665
f 1665 1658 1664
f 1666 1541 1661
f 1661 1541 1538
f 1661 1662 1667
f 1668 1661 1667
f 1666 1661 1668
f 1669 1668 1667
f 1542 1663 1540
f 1664 1663 1670
f 1663 1544 1670
f 1544 1671 1670
f 1544 1663 1542
f 1664 1670 1665
f 1666 1545 1541
f 1545 1666 1547
f 1547 1666 1668
f 1669 1672 1668
f 1672 1547 1668
f 1672 1549 1547
f 1674 1673 1550
f 1549 1674 1550
f 1672 1674 1549
f 1675 1673 1674
f 1552 1671 1544
f 1552 1676 1671
f 1673 1554 1550
f 1678 1677 1556
f 1678 1556 1554
f 1675 1678 1554
f 1673 1675 1554
f 1680 1679 1677
f 1680 1677 1678
f 1681 1679 1680
f 1558 1676 1552
f 1558 1682 1676
f 1677 1559 1556
f 1559 1677 1561
f 1561 1677 1679
f 1684 1683 1562
f 1684 1562 1561
f 1681 1684 1561
f 1679 1681 1561
f 1686 1685 1683
f 1686 1683 1684
f 1688 1687 1685
f 1688 1685 1686
f 1689 1687 1688
f 1563 1682 1558
f 1563 1690 1682
f 1683 1564 1562
f 1564 1683 1565
f 1683 1691 1565
f 1683 1685 1691
f 1692 1685 1687
f 1691 1685 1692
f 1687 1689 1693
f 1694 1687 1693
f 1692 1687 1694
f 1567 1568 1694
f 1693 1567 1694
f 1695 1567 1693
f 1697 1696 1569
f 1567 1697 1569
f 1695 1697 1567
f 1697 1690 1696
f 1690 1570 1696
f 1690 1563 1570
f 1691 1571 1565
f 1571 1691 1572
f 1572 1691 1692
f 1572 1692 1573
f 1573 1692 1694
f 1573 1694 1568
f 1696 1575 1569
f 1575 1696 1570
f 1698 1580 1581
f 1582 1699 1581
f 1581 1699 1698
f 1584 1699 1582
f 1700 1586 1698
f 1698 1586 1580
f 1699 1702 1701
f 1700 1699 1701
f 1698 1699 1700
f 1699 1584 1702
f 1584 1703 1702
f 1584 1588 1703
f 1704 1589 1590
f 1586 1700 1590
f 1700 1704 1590
f 1700 1705 1704
f 1700 1701 1706
f 1700 1706 1705
f 1588 1591 1707
f 1708 1588 1707
f 1703 1588 1708
f 1592 1709 1591
f 1591 1709 1707
f 1594 1710 1592
f 1592 1710 1709
f 1596 1710 1594
f 1711 1598 1599
f 1712 1711 1599
f 1712 1599 1589
f 1713 1712 1589
f 1704 1713 1589
f 1713 1704 1705
f 1713 1705 1714
f 1714 1705 1706
f 1715 1708 1707
f 1715 1707 1709
f 1715 1709 1716
f 1716 1709 1710
f 1716 1710 1717
f 1717 1710 1596
f 1600 1717 1596
f 1718 1717 1600
f 1720 1718 1719
f 1718 1601 1719
f 1718 1600 1601
f 1603 1719 1601
f 1721 1605 1711
f 1711 1605 1598
f 1711 1712 1722
f 1711 1722 1721
f 1723 1720 1719
f 1725 1723 1724
f 1724 1723 1606
f 1723 1719 1606
f 1719 1603 1606
f 1607 1724 1606
f 1726 1609 1721
f 1721 1609 1605
f 1721 1722 1727
f 1721 1727 1726
f 1728 1725 1724
f 1730 1728 1729
f 1729 1728 1610
f 1728 1724 1610
f 1724 1607 1610
f 1611 1731 1610
f 1610 1731 1729
f 1613 1731 1611
f 1733 1732 1726
f 1732 1609 1726
f 1732 1615 1609
f 1733 1726 1727
f 1734 1730 1729
f 1734 1729 1731
f 1734 1731 1735
f 1735 1731 1613
f 1616 1735 1613
f 1736 1735 1616
f 1738 1736 1737
f 1736 1617 1737
f 1736 1616 1617
f 1618 1737 1617
f 1732 1619 1615
f 1739 1619 1732
f 1738 1737 1620
f 1621 1738 1620
f 1740 1738 1621
f 1620 1737 1618
f 1741 1623 1624
f 1742 1741 1624
f 1619 1742 1624
f 1739 1742 1619
f 1626 1740 1621
f 1626 1743 1740
f 1745 1744 1741
f 1744 1623 1741
f 1744 1628 1623
f 1745 1741 1742
f 1630 1743 1626
f 1630 1746 1743
f 1748 1632 1747
f 1632 1744 1747
f 1632 1628 1744
f 1749 1748 1747
f 1634 1746 1630
f 1634 1750 1746
f 1751 1635 1748
f 1748 1635 1632
f 1748 1749 1752
f 1748 1752 1751
f 1636 1754 1753
f 1750 1636 1753
f 1634 1636 1750
f 1754 1755 1753
f 1756 1637 1751
f 1751 1637 1635
f 1751 1752 1757
f 1751 1757 1756
f 1759 1758 1754
f 1636 1759 1754
f 1639 1759 1636
f 1754 1758 1755
f 1756 1640 1637
f 1642 1640 1756
f 1757 1642 1756
f 1760 1642 1757
f 1763 1762 1761
f 1764 1761 1762
f 1765 1759 1639
f 1765 1639 1643
f 1643 1644 1765
f 1765 1644 1766
f 1760 1767 1642
f 1642 1767 1646
f 1647 1646 1767
f 1647 1767 1768
f 1763 1761 1769
f 1763 1769 1770
f 1761 1764 1771
f 1761 1771 1769
f 1648 1766 1644
f 1648 1772 1766
f 1774 1649 1773
f 1649 1768 1773
f 1649 1647 1768
f 1774 1776 1775
f 1774 1769 1776
f 1774 1773 1770
f 1769 1774 1770
f 1779 1778 1777
f 1771 1776 1769
f 1780 1778 1779
f 1651 1772 1648
f 1651 1781 1772
f 1774 1652 1649
f 1783 1782 1654
f 1783 1654 1652
f 1775 1783 1652
f 1774 1775 1652
f 1777 1778 1784
f 1783 1785 1782
f 1784 1778 1780
f 1786 1781 1651
f 1786 1651 1655
f 1788 1787 1656
f 1787 1655 1656
f 1787 1786 1655
f 1788 1789 1787
f 1790 1657 1782
f 1782 1657 1654
f 1782 1785 1791
f 1792 1782 1791
f 1790 1782 1792
f 1793 1792 1791
f 1795 1794 1788
f 1656 1795 1788
f 1659 1795 1656
f 1788 1794 1789
f 1790 1660 1657
f 1660 1790 1662
f 1790 1796 1662
f 1790 1792 1796
f 1792 1793 1797
f 1798 1792 1797
f 1796 1792 1798
f 1800 1799 1798
f 1800 1798 1797
f 1801 1799 1800
f 1665 1795 1659
f 1665 1802 1795
f 1796 1667 1662
f 1667 1796 1669
f 1796 1803 1669
f 1796 1798 1803
f 1804 1798 1799
f 1803 1798 1804
f 1799 1801 1805
f 1799 1805 1804
f 1671 1806 1670
f 1806 1807 1670
f 1807 1665 1670
f 1807 1802 1665
f 1803 1672 1669
f 1672 1803 1674
f 1674 1803 1804
f 1809 1808 1675
f 1809 1675 1674
f 1805 1809 1674
f 1804 1805 1674
f 1810 1808 1809
f 1812 1811 1806
f 1671 1812 1806
f 1676 1812 1671
f 1806 1811 1807
f 1808 1678 1675
f 1810 1813 1808
f 1813 1678 1808
f 1813 1680 1678
f 1815 1814 1681
f 1680 1815 1681
f 1813 1815 1680
f 1817 1816 1814
f 1817 1814 1815
f 1819 1818 1816
f 1819 1816 1817
f 1821 1820 1818
f 1821 1818 1819
f 1823 1822 1820
f 1823 1820 1821
f 1824 1822 1823
f 1682 1812 1676
f 1682 1825 1812
f 1814 1684 1681
f 1684 1814 1686
f 1686 1814 1816
f 1686 1816 1688
f 1688 1816 1818
f 1688 1818 1689
f 1818 1826 1689
f 1818 1820 1826
f 1827 1820 1822
f 1826 1820 1827
f 1822 1824 1828
f 1829 1822 1828
f 1827 1822 1829
f 1828 1825 1829
f 1825 1690 1829
f 1825 1682 1690
f 1826 1693 1689
f 1693 1826 1695
f 1695 1826 1827
f 1695 1827 1697
f 1697 1827 1829
f 1697 1829 1690
f 1830 1701 1702
f 1703 1830 1702
f 1833 1832 1831
f 1834 1833 1830
f 1833 1706 1830
f 1706 1701 1830
f 1833 1831 1706
f 1703 1708 1830
f 1708 1835 1830
f 1835 1834 1830
f 1835 1708 1836
f 1836 1837 1835
f 1838 1712 1713
f 1832 1839 1831
f 1839 1713 1831
f 1713 1714 1831
f 1713 1839 1838
f 1831 1714 1706
f 1715 1836 1708
f 1840 1837 1836
f 1715 1840 1836
f 1716 1840 1715
f 1842 1840 1841
f 1840 1717 1841
f 1840 1716 1717
f 1841 1717 1843
f 1717 1844 1843
f 1717 1718 1844
f 1718 1720 1844
f 1844 1720 1845
f 1846 1722 1838
f 1838 1722 1712
f 1838 1839 1847
f 1838 1847 1846
f 1848 1842 1841
f 1848 1841 1843
f 1720 1723 1849
f 1850 1720 1849
f 1845 1720 1850
f 1725 1849 1723
f 1852 1851 1846
f 1851 1722 1846
f 1851 1727 1722
f 1852 1846 1847
f 1853 1850 1849
f 1853 1849 1725
f 1728 1853 1725
f 1854 1853 1728
f 1728 1730 1854
f 1854 1730 1855
f 1856 1732 1733
f 1857 1856 1733
f 1727 1857 1733
f 1851 1857 1727
f 1858 1855 1730
f 1858 1730 1734
f 1859 1734 1735
f 1859 1858 1734
f 1860 1735 1736
f 1860 1859 1735
f 1736 1738 1860
f 1860 1738 1861
f 1862 1739 1856
f 1856 1739 1732
f 1856 1857 1863
f 1856 1863 1862
f 1740 1861 1738
f 1740 1864 1861
f 1865 1742 1862
f 1862 1742 1739
f 1862 1863 1866
f 1862 1866 1865
f 1743 1868 1867
f 1864 1743 1867
f 1740 1743 1864
f 1870 1869 1868
f 1868 1869 1867
f 1870 1871 1869
f 1872 1744 1745
f 1873 1872 1745
f 1873 1745 1742
f 1874 1873 1742
f 1865 1874 1742
f 1874 1865 1866
f 1746 1875 1868
f 1746 1868 1743
f 1868 1876 1870
f 1868 1875 1876
f 1871 1870 1877
f 1877 1870 1876
f 1872 1747 1744
f 1879 1878 1749
f 1879 1749 1747
f 1873 1879 1747
f 1872 1873 1747
f 1880 1878 1879
f 1750 1881 1875
f 1750 1875 1746
f 1875 1882 1876
f 1875 1881 1882
f 1877 1876 1883
f 1883 1876 1882
f 1884 1752 1878
f 1878 1752 1749
f 1878 1880 1885
f 1878 1885 1884
f 1753 1881 1750
f 1881 1753 1755
f 1886 1881 1755
f 1882 1881 1886
f 1883 1882 1887
f 1887 1882 1886
f 1888 1757 1884
f 1884 1757 1752
f 1884 1885 1889
f 1890 1884 1889
f 1888 1884 1890
f 1892 1891 1890
f 1892 1890 1889
f 1894 1893 1891
f 1894 1891 1892
f 1895 1893 1894
f 1897 1896 1758
f 1897 1758 1759
f 1755 1758 1886
f 1758 1898 1886
f 1758 1896 1898
f 1886 1898 1887
f 1899 1760 1888
f 1888 1760 1757
f 1900 1888 1890
f 1899 1888 1900
f 1763 1900 1762
f 1900 1891 1762
f 1900 1890 1891
f 1762 1891 1764
f 1891 1901 1764
f 1891 1893 1901
f 1893 1895 1902
f 1893 1902 1901
f 1759 1765 1903
f 1904 1759 1903
f 1897 1759 1904
f 1766 1903 1765
f 1899 1767 1760
f 1767 1899 1768
f 1899 1905 1768
f 1899 1900 1905
f 1770 1905 1763
f 1763 1905 1900
f 1906 1771 1901
f 1901 1771 1764
f 1901 1902 1907
f 1908 1901 1907
f 1906 1901 1908
f 1909 1908 1907
f 1910 1904 1903
f 1766 1772 1903
f 1772 1911 1903
f 1911 1910 1903
f 1911 1772 1912
f 1912 1913 1911
f 1905 1773 1768
f 1773 1905 1770
f 1914 1775 1776
f 1776 1771 1914
f 1771 1906 1914
f 1779 1777 1914
f 1779 1914 1906
f 1779 1906 1780
f 1906 1915 1780
f 1906 1908 1915
f 1908 1909 1916
f 1917 1908 1916
f 1915 1908 1917
f 1919 1918 1917
f 1919 1917 1916
f 1920 1918 1919
f 1781 1921 1912
f 1781 1912 1772
f 1913 1912 1922
f 1922 1912 1921
f 1914 1783 1775
f 1785 1783 1923
f 1783 1914 1923
f 1777 1784 1923
f 1777 1923 1914
f 1780 1915 1784
f 1915 1923 1784
f 1915 1924 1923
f 1925 1915 1917
f 1924 1915 1925
f 1926 1917 1918
f 1925 1917 1926
f 1918 1920 1927
f 1918 1927 1926
f 1786 1921 1781
f 1928 1922 1921
f 1786 1928 1921
f 1787 1928 1786
f 1787 1789 1928
f 1928 1789 1929
f 1923 1791 1785
f 1791 1923 1793
f 1923 1930 1793
f 1923 1924 1930
f 1931 1924 1925
f 1930 1924 1931
f 1932 1925 1926
f 1931 1925 1932
f 1926 1927 1933
f 1926 1933 1932
f 1935 1934 1794
f 1935 1794 1795
f 1789 1794 1929
f 1929 1794 1934
f 1930 1797 1793
f 1797 1930 1800
f 1800 1930 1931
f 1800 1931 1801
f 1931 1936 1801
f 1931 1932 1936
f 1932 1933 1937
f 1938 1932 1937
f 1936 1932 1938
f 1940 1939 1938
f 1940 1938 1937
f 1942 1941 1939
f 1942 1939 1940
f 1943 1941 1942
f 1802 1935 1795
f 1802 1944 1935
f 1945 1805 1936
f 1936 1805 1801
f 1946 1936 1938
f 1945 1936 1946
f 1947 1938 1939
f 1946 1938 1947
f 1948 1939 1941
f 1947 1939 1948
f 1941 1943 1949
f 1941 1949 1948
f 1807 1944 1802
f 1807 1950 1944
f 1945 1809 1805
f 1809 1945 1810
f 1945 1951 1810
f 1945 1946 1951
f 1952 1946 1947
f 1951 1946 1952
f 1953 1947 1948
f 1952 1947 1953
f 1948 1949 1954
f 1955 1948 1954
f 1953 1948 1955
f 1957 1956 1955
f 1957 1955 1954
f 1959 1958 1956
f 1959 1956 1957
f 1961 1960 1958
f 1961 1958 1959
f 1811 1812 1960
f 1961 1811 1960
f 1962 1811 1961
f 1807 1811 1950
f 1950 1811 1962
f 1951 1813 1810
f 1813 1951 1815
f 1815 1951 1952
f 1815 1952 1817
f 1817 1952 1953
f 1817 1953 1819
f 1819 1953 1955
f 1819 1955 1821
f 1821 1955 1956
f 1821 1956 1823
f 1823 1956 1958
f 1823 1958 1824
f 1958 1963 1824
f 1958 1960 1963
f 1825 1963 1812
f 1812 1963 1960
f 1963 1828 1824
f 1828 1963 1825
f 1964 1832 1833
f 1834 1965 1833
f 1833 1965 1964
f 1965 1834 1966
f 1834 1967 1966
f 1834 1835 1967
f 1835 1837 1967
f 1967 1837 1968
f 1969 1839 1964
f 1964 1839 1832
f 1965 1971 1970
f 1969 1965 1970
f 1964 1965 1969
f 1971 1965 1966
f 1972 1968 1837
f 1972 1837 1840
f 1840 1842 1972
f 1972 1842 1973
f 1974 1843 1844
f 1845 1974 1844
f 1976 1975 1969
f 1975 1839 1969
f 1975 1847 1839
f 1976 1969 1970
f 1977 1973 1842
f 1977 1842 1848
f 1848 1843 1974
f 1978 1848 1974
f 1977 1848 1978
f 1845 1850 1974
f 1850 1979 1974
f 1979 1978 1974
f 1979 1850 1980
f 1980 1981 1979
f 1982 1851 1852
f 1983 1982 1852
f 1847 1983 1852
f 1975 1983 1847
f 1853 1980 1850
f 1984 1981 1980
f 1853 1984 1980
f 1854 1984 1853
f 1854 1855 1984
f 1984 1855 1985
f 1986 1857 1982
f 1982 1857 1851
f 1982 1983 1987
f 1982 1987 1986
f 1988 1985 1855
f 1988 1855 1858
f 1989 1858 1859
f 1989 1988 1858
f 1990 1859 1860
f 1990 1989 1859
f 1860 1861 1990
f 1990 1861 1991
f 1992 1863 1986
f 1986 1863 1857
f 1986 1987 1993
f 1986 1993 1992
f 1864 1995 1994
f 1991 1864 1994
f 1861 1864 1991
f 1995 1996 1994
f 1997 1866 1992
f 1992 1866 1863
f 1992 1993 1998
f 1992 1998 1997
f 1867 1995 1864
f 1999 1996 1995
f 1867 1999 1995
f 1869 1999 1867
f 1869 1871 1999
f 1999 1871 2000
f 2001 1873 1874
f 1866 1997 1874
f 1997 2001 1874
f 1997 2002 2001
f 1997 1998 2003
f 1997 2003 2002
f 1877 2000 1871
f 1877 2004 2000
f 2001 1879 1873
f 1879 2001 1880
f 2001 2005 1880
f 2001 2002 2005
f 2002 2003 2006
f 2002 2006 2005
f 2009 2008 2007
f 2008 2004 2007
f 2004 1883 2007
f 2004 1877 1883
f 2010 1885 2005
f 2005 1885 1880
f 2005 2006 2011
f 2012 2005 2011
f 2010 2005 2012
f 2013 2012 2011
f 2009 2007 2014
f 2009 2014 2015
f 1887 2014 1883
f 1883 2014 2007
f 2010 1889 1885
f 1889 2010 1892
f 1892 2010 2012
f 2013 2016 2012
f 2016 1892 2012
f 2016 1894 1892
f 1895 1894 2016
f 1895 2016 2017
f 2019 2018 1896
f 2019 1896 1897
f 2014 1898 2015
f 1898 2018 2015
f 1898 1896 2018
f 1898 2014 1887
f 2021 1902 2020
f 1902 2017 2020
f 1902 1895 2017
f 2022 2021 2020
f 1904 2019 1897
f 1904 2023 2019
f 2021 1907 1902
f 2025 2024 1909
f 2025 1909 1907
f 2022 2025 1907
f 2021 2022 1907
f 2026 2024 2025
f 1904 1910 2027
f 2028 1904 2027
f 2023 1904 2028
f 1911 2029 1910
f 1910 2029 2027
f 1913 2029 1911
f 2024 1916 1909
f 2026 2030 2024
f 2030 1916 2024
f 2030 1919 1916
f 1920 1919 2030
f 1920 2030 2031
f 2034 2033 2032
f 2035 2032 2033
f 2036 2028 2027
f 2036 2027 2029
f 2036 2029 2037
f 1913 1922 2029
f 1922 2038 2029
f 2038 2037 2029
f 2038 1922 2039
f 2039 2040 2038
f 2042 1927 2041
f 1927 2031 2041
f 1927 1920 2031
f 2043 2042 2041
f 2034 2032 2044
f 2034 2044 2045
f 2032 2035 2046
f 2032 2046 2044
f 2049 2048 2047
f 2050 2047 2048
f 1928 2039 1922
f 1928 1929 2039
f 1929 2040 2039
f 1929 2051 2040
f 2052 1933 2042
f 2042 1933 1927
f 2042 2043 2053
f 2054 2042 2053
f 2052 2042 2054
f 2056 2055 2054
f 2056 2054 2053
f 2058 2057 2055
f 2058 2055 2056
f 2057 2058 2045
f 2044 2057 2045
f 2059 2057 2044
f 2044 2046 2060
f 2061 2044 2060
f 2059 2044 2061
f 2061 2060 2049
f 2047 2061 2049
f 2062 2061 2047
f 2047 2050 2063
f 2064 2047 2063
f 2062 2047 2064
f 1934 1935 2064
f 2063 1934 2064
f 2065 1934 2063
f 1929 1934 2051
f 2051 1934 2065
f 2052 1937 1933
f 1937 2052 1940
f 1940 2052 2054
f 1940 2054 1942
f 1942 2054 2055
f 1942 2055 1943
f 2055 2066 1943
f 2055 2057 2066
f 2067 2057 2059
f 2066 2057 2067
f 2068 2059 2061
f 2067 2059 2068
f 2069 2061 2062
f 2068 2061 2069
f 2070 2062 2064
f 2069 2062 2070
f 1944 2070 1935
f 1935 2070 2064
f 2071 1949 2066
f 2066 1949 1943
f 2072 2066 2067
f 2071 2066 2072
f 2073 2067 2068
f 2072 2067 2073
f 2074 2068 2069
f 2073 2068 2074
f 2075 2069 2070
f 2074 2069 2075
f 1950 2075 1944
f 1944 2075 2070
f 2071 1954 1949
f 1954 2071 1957
f 1957 2071 2072
f 1957 2072 1959
f 1959 2072 2073
f 1959 2073 1961
f 1961 2073 2074
f 1961 2074 1962
f 1962 2074 2075
f 1962 2075 1950
f 2076 1966 1967
f 1968 2076 1967
f 2077 1970 1971
f 1966 2076 1971
f 2076 2077 1971
f 2076 2078 2077
f 1972 2079 1968
f 2079 2076 1968
f 2079 2078 2076
f 1973 2079 1972
f 2080 1975 1976
f 1970 2077 1976
f 2077 2080 1976
f 2077 2081 2080
f 2078 2083 2082
f 2081 2078 2082
f 2077 2078 2081
f 2083 2078 2079
f 2083 2079 2084
f 2084 2079 1973
f 1977 2084 1973
f 2085 2084 1977
f 2086 1977 1978
f 2086 2085 1977
f 2087 1978 1979
f 2087 2086 1978
f 2089 2088 1981
f 2088 1979 1981
f 2088 2087 1979
f 2089 2090 2088
f 2091 1983 2080
f 2080 1983 1975
f 2092 2080 2081
f 2091 2080 2092
f 2081 2082 2093
f 2081 2093 2092
f 1984 2089 1981
f 1984 1985 2089
f 1985 2090 2089
f 1985 2094 2090
f 2095 1987 2091
f 2091 1987 1983
f 2096 2091 2092
f 2095 2091 2096
f 2092 2093 2097
f 2092 2097 2096
f 2098 2094 1985
f 2098 1985 1988
f 2099 1988 1989
f 2099 2098 1988
f 2100 1989 1990
f 2100 2099 1989
f 2102 2101 1991
f 2101 1990 1991
f 2101 2100 1990
f 2102 2103 2101
f 2104 1993 2095
f 2095 1993 1987
f 2105 2095 2096
f 2104 2095 2105
f 2096 2097 2106
f 2107 2096 2106
f 2105 2096 2107
f 2108 2107 2106
f 1994 2102 1991
f 1994 1996 2102
f 1996 2103 2102
f 1996 2109 2103
f 2110 1998 2104
f 2104 1998 1993
f 2111 2104 2105
f 2110 2104 2111
f 2112 2105 2107
f 2111 2105 2112
f 2107 2108 2113
f 2107 2113 2112
f 1996 1999 2114
f 2115 1996 2114
f 2109 1996 2115
f 2000 2114 1999
f 2116 2003 2110
f 2110 2003 1998
f 2117 2110 2111
f 2116 2110 2117
f 2118 2111 2112
f 2117 2111 2118
f 2112 2113 2119
f 2112 2119 2118
f 2122 2121 2120
f 2120 2121 2115
f 2114 2120 2115
f 2123 2120 2114
f 2004 2123 2000
f 2000 2123 2114
f 2124 2006 2116
f 2116 2006 2003
f 2125 2116 2117
f 2124 2116 2125
f 2126 2117 2118
f 2125 2117 2126
f 2118 2119 2127
f 2118 2127 2126
f 2128 2122 2120
f 2009 2129 2008
f 2129 2120 2008
f 2120 2123 2008
f 2129 2128 2120
f 2008 2123 2004
f 2124 2011 2006
f 2011 2124 2013
f 2124 2130 2013
f 2124 2125 2130
f 2131 2125 2126
f 2130 2125 2131
f 2126 2127 2132
f 2126 2132 2131
f 2135 2134 2133
f 2134 2129 2133
f 2129 2015 2133
f 2129 2009 2015
f 2130 2016 2013
f 2016 2130 2017
f 2130 2136 2017
f 2130 2131 2136
f 2131 2132 2137
f 2138 2131 2137
f 2136 2131 2138
f 2139 2138 2137
f 2135 2133 2018
f 2019 2135 2018
f 2140 2135 2019
f 2018 2133 2015
f 2136 2020 2017
f 2020 2136 2022
f 2136 2141 2022
f 2136 2138 2141
f 2138 2139 2142
f 2138 2142 2141
f 2023 2140 2019
f 2023 2143 2140
f 2141 2025 2022
f 2145 2144 2026
f 2145 2026 2025
f 2142 2145 2025
f 2141 2142 2025
f 2146 2144 2145
f 2149 2148 2147
f 2150 2147 2148
f 2028 2143 2023
f 2028 2151 2143
f 2144 2030 2026
f 2153 2152 2031
f 2153 2031 2030
f 2146 2153 2030
f 2144 2146 2030
f 2155 2154 2152
f 2155 2152 2153
f 2157 2156 2154
f 2157 2154 2155
f 2159 2158 2156
f 2159 2156 2157
f 2158 2159 2149
f 2158 2149 2147
f 2034 2158 2147
f 2033 2034 2147
f 2035 2033 2147
f 2150 2035 2147
f 2160 2035 2150
f 2028 2036 2161
f 2162 2028 2161
f 2151 2028 2162
f 2037 2163 2036
f 2036 2163 2161
f 2038 2164 2037
f 2037 2164 2163
f 2040 2164 2038
f 2152 2041 2031
f 2041 2152 2043
f 2152 2165 2043
f 2152 2154 2165
f 2166 2154 2156
f 2165 2154 2166
f 2167 2156 2158
f 2166 2156 2167
f 2045 2167 2034
f 2034 2167 2158
f 2169 2046 2168
f 2046 2160 2168
f 2046 2035 2160
f 2169 2168 2162
f 2169 2162 2161
f 2049 2169 2161
f 2048 2049 2161
f 2048 2161 2050
f 2161 2170 2050
f 2161 2163 2170
f 2171 2163 2164
f 2170 2163 2171
f 2051 2171 2040
f 2040 2171 2164
f 2165 2053 2043
f 2053 2165 2056
f 2056 2165 2166
f 2056 2166 2058
f 2058 2166 2167
f 2058 2167 2045
f 2169 2060 2046
f 2060 2169 2049
f 2170 2063 2050
f 2063 2170 2065
f 2065 2170 2171
f 2065 2171 2051
f 2173 2172 2083
f 2083 2172 2082
f 2174 2083 2084
f 2174 2173 2083
f 2175 2084 2085
f 2175 2174 2084
f 2176 2085 2086
f 2176 2175 2085
f 2177 2086 2087
f 2177 2176 2086
f 2179 2177 2178
f 2177 2088 2178
f 2177 2087 2088
f 2090 2178 2088
f 2172 2093 2082
f 2180 2093 2172
f 2181 2179 2178
f 2090 2094 2178
f 2094 2182 2178
f 2182 2181 2178
f 2182 2094 2183
f 2183 2184 2182
f 2186 2097 2185
f 2097 2180 2185
f 2097 2093 2180
f 2188 2187 2186
f 2188 2186 2185
f 2189 2187 2188
f 2183 2094 2098
f 2192 2191 2190
f 2099 2183 2098
f 2183 2099 2184
f 2193 2184 2099
f 2184 2193 2192
f 2191 2192 2193
f 2100 2194 2099
f 2099 2194 2193
f 2101 2195 2100
f 2100 2195 2194
f 2103 2195 2101
f 2186 2106 2097
f 2186 2187 2196
f 2108 2186 2196
f 2197 2108 2196
f 2186 2108 2106
f 2196 2187 2189
f 2198 2190 2191
f 2198 2191 2193
f 2198 2193 2199
f 2201 2200 2199
f 2193 2201 2199
f 2194 2201 2193
f 2202 2194 2195
f 2201 2194 2202
f 2109 2202 2103
f 2103 2202 2195
f 2197 2113 2108
f 2203 2113 2197
f 2204 2200 2201
f 2206 2205 2204
f 2201 2206 2204
f 2202 2206 2201
f 2115 2206 2109
f 2109 2206 2202
f 2203 2119 2113
f 2207 2119 2203
f 2205 2206 2121
f 2122 2205 2121
f 2208 2205 2122
f 2121 2206 2115
f 2210 2127 2209
f 2127 2207 2209
f 2127 2119 2207
f 2211 2210 2209
f 2212 2208 2122
f 2212 2122 2128
f 2128 2129 2212
f 2212 2129 2213
f 2214 2132 2210
f 2210 2132 2127
f 2210 2211 2215
f 2210 2215 2214
f 2217 2216 2134
f 2217 2134 2135
f 2129 2134 2213
f 2213 2134 2216
f 2214 2137 2132
f 2219 2218 2139
f 2219 2139 2137
f 2215 2219 2137
f 2214 2215 2137
f 2221 2220 2218
f 2221 2218 2219
f 2223 2222 2220
f 2223 2220 2221
f 2224 2222 2223
f 2140 2217 2135
f 2140 2225 2217
f 2226 2142 2218
f 2218 2142 2139
f 2227 2218 2220
f 2226 2218 2227
f 2228 2220 2222
f 2227 2220 2228
f 2222 2224 2229
f 2230 2222 2229
f 2228 2222 2230
f 2231 2230 2229
f 2143 2225 2140
f 2143 2232 2225
f 2226 2145 2142
f 2145 2226 2146
f 2226 2233 2146
f 2226 2227 2233
f 2234 2227 2228
f 2233 2227 2234
f 2235 2228 2230
f 2234 2228 2235
f 2230 2231 2236
f 2237 2230 2236
f 2235 2230 2237
f 2148 2149 2237
f 2236 2148 2237
f 2238 2148 2236
f 2240 2239 2150
f 2148 2240 2150
f 2238 2240 2148
f 2240 2232 2239
f 2232 2151 2239
f 2232 2143 2151
f 2233 2153 2146
f 2153 2233 2155
f 2155 2233 2234
f 2155 2234 2157
f 2157 2234 2235
f 2157 2235 2159
f 2159 2235 2237
f 2159 2237 2149
f 2241 2160 2239
f 2239 2160 2150
f 2162 2241 2151
f 2151 2241 2239
f 2241 2168 2160
f 2168 2241 2162
f 2242 2172 2173
f 2174 2243 2173
f 2173 2243 2242
f 2175 2244 2174
f 2174 2244 2243
f 2176 2245 2175
f 2175 2245 2244
f 2177 2246 2176
f 2176 2246 2245
f 2179 2246 2177
f 2247 2180 2242
f 2242 2180 2172
f 2248 2242 2243
f 2247 2242 2248
f 2244 2250 2249
f 2248 2244 2249
f 2243 2244 2248
f 2250 2244 2245
f 2250 2245 2251
f 2251 2245 2246
f 2251 2246 2252
f 2252 2246 2179
f 2181 2252 2179
f 2253 2252 2181
f 2254 2181 2182
f 2254 2253 2181
f 2182 2184 2254
f 2254 2184 2255
f 2247 2185 2180
f 2185 2247 2188
f 2188 2247 2248
f 2257 2256 2189
f 2257 2189 2188
f 2249 2257 2188
f 2248 2249 2188
f 2258 2256 2257
f 2260 2259 2192
f 2260 2192 2190
f 2184 2192 2255
f 2255 2192 2259
f 2261 2197 2196
f 2189 2256 2196
f 2256 2261 2196
f 2256 2262 2261
f 2256 2258 2263
f 2256 2263 2262
f 2264 2260 2190
f 2264 2190 2198
f 2265 2198 2199
f 2265 2264 2198
f 2199 2200 2265
f 2265 2200 2266
f 2267 2203 2261
f 2261 2203 2197
f 2268 2261 2262
f 2267 2261 2268
f 2262 2263 2269
f 2270 2262 2269
f 2268 2262 2270
f 2271 2270 2269
f 2200 2204 2272
f 2273 2200 2272
f 2266 2200 2273
f 2205 2272 2204
f 2274 2207 2267
f 2267 2207 2203
f 2275 2267 2268
f 2274 2267 2275
f 2270 2277 2276
f 2275 2270 2276
f 2268 2270 2275
f 2280 2279 2278
f 2271 2277 2270
f 2281 2279 2280
f 2282 2273 2272
f 2272 2205 2282
f 2205 2283 2282
f 2205 2208 2283
f 2274 2209 2207
f 2209 2274 2211
f 2274 2284 2211
f 2274 2275 2284
f 2275 2276 2285
f 2286 2275 2285
f 2284 2275 2286
f 2286 2285 2278
f 2279 2286 2278
f 2287 2286 2279
f 2279 2281 2288
f 2289 2279 2288
f 2287 2279 2289
f 2290 2289 2288
f 2208 2212 2291
f 2292 2208 2291
f 2283 2208 2292
f 2213 2291 2212
f 2293 2215 2284
f 2284 2215 2211
f 2294 2284 2286
f 2293 2284 2294
f 2295 2286 2287
f 2294 2286 2295
f 2296 2287 2289
f 2295 2287 2296
f 2289 2290 2297
f 2298 2289 2297
f 2296 2289 2298
f 2299 2298 2297
f 2292 2291 2216
f 2217 2292 2216
f 2300 2292 2217
f 2216 2291 2213
f 2293 2219 2215
f 2219 2293 2221
f 2221 2293 2294
f 2221 2294 2223
f 2223 2294 2295
f 2223 2295 2224
f 2295 2301 2224
f 2295 2296 2301
f 2302 2296 2298
f 2301 2296 2302
f 2298 2299 2303
f 2304 2298 2303
f 2302 2298 2304
f 2306 2305 2304
f 2306 2304 2303
f 2306 2300 2305
f 2300 2225 2305
f 2300 2217 2225
f 2301 2229 2224
f 2229 2301 2231
f 2301 2307 2231
f 2301 2302 2307
f 2308 2302 2304
f 2307 2302 2308
f 2309 2304 2305
f 2308 2304 2309
f 2232 2309 2225
f 2225 2309 2305
f 2307 2236 2231
f 2236 2307 2238
f 2238 2307 2308
f 2238 2308 2240
f 2240 2308 2309
f 2240 2309 2232
f 2310 2249 2250
f 2251 2311 2250
f 2250 2311 2310
f 2252 2312 2251
f 2251 2312 2311
f 2253 2313 2252
f 2252 2313 2312
f 2254 2314 2253
f 2253 2314 2313
f 2255 2314 2254
f 2310 2257 2249
f 2257 2310 2258
f 2310 2315 2258
f 2310 2311 2315
f 2312 2317 2316
f 2315 2312 2316
f 2311 2312 2315
f 2317 2312 2313
f 2317 2313 2318
f 2318 2320 2319
f 2320 2318 2260
f 2313 2260 2318
f 2260 2313 2259
f 2314 2259 2313
f 2314 2255 2259
f 2321 2319 2320
f 2322 2263 2315
f 2315 2263 2258
f 2315 2316 2323
f 2324 2315 2323
f 2322 2315 2324
f 2326 2325 2324
f 2326 2324 2323
f 2320 2327 2264
f 2327 2320 2326
f 2260 2326 2320
f 2326 2260 2325
f 2264 2325 2260
f 2325 2264 2327
f 2328 2321 2320
f 2264 2328 2320
f 2265 2328 2264
f 2265 2266 2328
f 2328 2266 2329
f 2322 2269 2263
f 2269 2322 2271
f 2322 2330 2271
f 2322 2324 2330
f 2331 2324 2325
f 2330 2324 2331
f 2325 2327 2332
f 2325 2332 2331
f 2273 2329 2266
f 2273 2333 2329
f 2334 2276 2277
f 2277 2271 2334
f 2271 2330 2334
f 2280 2278 2334
f 2280 2334 2330
f 2280 2330 2281
f 2330 2335 2281
f 2330 2331 2335
f 2331 2332 2336
f 2337 2331 2336
f 2335 2331 2337
f 2338 2337 2336
f 2339 2333 2273
f 2339 2273 2282
f 2282 2283 2339
f 2339 2283 2340
f 2334 2285 2276
f 2285 2334 2278
f 2335 2288 2281
f 2288 2335 2290
f 2335 2341 2290
f 2335 2337 2341
f 2337 2338 2342
f 2343 2337 2342
f 2341 2337 2343
f 2344 2343 2342
f 2292 2340 2283
f 2292 2345 2340
f 2341 2297 2290
f 2297 2341 2299
f 2341 2346 2299
f 2341 2343 2346
f 2343 2344 2347
f 2348 2343 2347
f 2346 2343 2348
f 2347 2345 2348
f 2345 2300 2348
f 2345 2292 2300
f 2346 2303 2299
f 2303 2346 2306
f 2306 2346 2348
f 2306 2348 2300
f 2349 2316 2317
f 2318 2350 2317
f 2317 2350 2349
f 2319 2351 2318
f 2318 2351 2350
f 2321 2351 2319
f 2349 2323 2316
f 2323 2349 2326
f 2326 2349 2350
f 2326 2350 2327
f 2350 2352 2327
f 2350 2351 2352
f 2328 2353 2321
f 2353 2351 2321
f 2353 2352 2351
f 2329 2353 2328
f 2354 2332 2352
f 2352 2332 2327
f 2355 2352 2353
f 2354 2352 2355
f 2333 2355 2329
f 2329 2355 2353
f 2354 2336 2332
f 2336 2354 2338
f 2354 2356 2338
f 2354 2355 2356
f 2339 2357 2333
f 2357 2355 2333
f 2357 2356 2355
f 2340 2357 2339
f 2356 2342 2338
f 2342 2356 2344
f 2356 2358 2344
f 2356 2357 2358
f 2345 2358 2340
f 2340 2358 2357
f 2358 2347 2344
f 2347 2358 2345
