v 7.9 -41.1 73.0
v 7.8 -41.1 74.0
v 7.9 -40.0 71.9
v 7.6 -40.0 74.0
v 8.2 -39.0 72.0
v 7.7 -38.9 74.1
v 7.5 -39.5 73.0
v 7.7 -38.0 75.0
v 7.9 -38.0 76.0
v 9.0 -38.0 77.1
v 7.9 -37.0 73.0
v 7.7 -37.0 74.0
v 7.8 -37.0 75.0
v 9.0 -41.6 73.1
v 8.7 -41.2 74.9
v 8.6 -40.1 71.0
v 8.9 -40.0 76.2
v 8.9 -39.0 69.9
v 8.1 -39.0 71.0
v 8.3 -39.1 75.0
v 8.5 -39.0 76.0
v 9.0 -39.0 76.5
v 8.9 -37.9 69.9
v 8.3 -38.0 73.0
v 8.1 -38.0 74.0
v 8.5 -37.9 71.1
v 9.0 -37.2 77.2
v 8.5 -37.0 72.0
v 9.0 -36.0 71.5
v 8.4 -36.1 73.1
v 8.4 -36.0 75.0
v 8.3 -37.0 76.0
v 8.9 -36.1 77.1
v 8.6 -34.0 72.9
v 8.8 -33.9 73.9
v 8.7 -35.0 76.0
v 8.8 -34.0 72.0
v 9.7 -42.0 67.9
v 10.0 -42.3 68.1
v 9.2 -42.0 69.0
v 10.0 -42.8 70.0
v 9.6 -42.0 71.4
v 10.0 -42.4 71.2
v 10.0 -42.1 73.0
v 10.0 -41.0 67.0
v 9.5 -41.0 68.0
v 9.5 -41.0 69.0
v 9.4 -41.9 70.0
v 9.4 -41.0 71.0
v 9.1 -40.9 72.0
v 10.0 -41.6 74.0
v 10.5 -41.5 75.0
v 10.0 -41.1 76.1
v 10.0 -40.0 68.0
v 10.1 -40.1 69.1
v 9.5 -40.0 70.0
v 10.0 -39.0 69.9
v 10.2 -39.2 76.7
v 10.0 -38.0 69.5
v 10.0 -38.0 76.7
v 10.0 -37.0 68.9
v 9.4 -36.4 70.9
v 9.3 -37.0 71.0
v 10.0 -37.0 76.8
v 9.7 -36.0 70.0
v 9.8 -35.0 77.3
v 10.0 -34.0 70.0
v 10.0 -35.0 71.0
v 8.7 -34.7 74.9
v 9.7 -33.9 70.9
v 9.0 -33.5 73.1
v 10.0 -33.6 75.0
v 9.8 -33.7 76.1
v 9.9 -33.9 77.1
v 10.1 -32.7 73.0
v 11.1 -42.1 66.8
v 11.0 -42.4 68.1
v 10.8 -42.6 70.3
v 11.0 -42.4 72.0
v 11.7 -41.6 72.9
v 11.0 -40.8 66.7
v 11.0 -41.1 76.1
v 11.0 -40.0 76.5
v 11.4 -39.2 68.0
v 11.0 -39.0 69.4
v 11.0 -39.0 77.1
v 11.0 -38.0 77.2
v 11.6 -36.8 76.6
v 10.7 -36.0 68.0
v 10.4 -35.1 69.7
v 11.0 -36.0 76.7
v 10.8 -35.0 68.0
v 10.6 -35.0 69.0
v 11.0 -35.2 77.2
v 11.2 -34.0 69.1
v 10.9 -32.8 69.9
v 10.1 -33.3 72.0
v 11.0 -32.9 76.0
v 11.0 -33.9 77.2
v 11.0 -32.5 71.9
v 12.1 -42.0 66.8
v 12.0 -41.8 68.0
v 12.0 -42.3 69.0
v 12.0 -42.4 70.5
v 12.1 -42.2 72.0
v 12.0 -41.0 66.9
v 12.0 -41.2 75.2
v 11.7 -38.8 65.9
v 11.5 -40.0 67.0
v 11.6 -39.0 69.0
v 12.0 -39.7 75.9
v 11.2 -38.0 69.1
v 11.5 -37.8 67.4
v 11.2 -37.1 68.2
v 12.0 -38.0 77.1
v 11.4 -35.5 66.8
v 12.2 -36.0 76.2
v 11.9 -35.0 76.0
v 12.1 -34.0 76.2
v 11.7 -34.0 65.9
v 11.5 -34.0 68.0
v 11.5 -33.0 69.0
v 12.3 -33.0 68.0
v 12.0 -32.0 69.0
v 12.0 -32.4 70.0
v 12.0 -31.7 72.0
v 11.3 -32.3 73.0
v 12.0 -32.2 73.8
v 11.9 -32.7 75.1
v 12.1 -32.9 76.1
v 12.5 -42.0 70.0
v 13.0 -41.2 65.8
v 13.1 -41.7 67.0
v 13.2 -41.7 68.0
v 13.0 -41.6 69.0
v 13.0 -41.5 70.0
v 12.9 -40.8 71.0
v 12.9 -40.7 71.8
v 12.9 -40.8 73.0
v 12.0 -40.0 66.4
v 13.3 -40.0 65.0
v 13.1 -40.0 75.1
v 12.7 -38.9 64.0
v 13.0 -39.0 75.0
v 13.1 -38.0 76.2
v 12.7 -37.0 64.0
v 12.4 -38.8 65.0
v 12.5 -36.0 65.0
v 12.7 -35.0 64.7
v 12.6 -35.0 75.0
v 12.8 -34.1 63.9
v 12.4 -34.0 65.0
v 12.9 -34.0 74.0
v 12.6 -34.0 75.0
v 12.2 -33.0 64.0
v 12.8 -32.0 63.1
v 12.4 -33.0 65.0
v 12.5 -33.0 66.0
v 12.5 -33.0 67.0
v 13.0 -32.1 70.0
v 13.0 -33.0 75.0
v 12.6 -32.0 64.0
v 12.7 -32.0 65.0
v 12.8 -31.8 68.0
v 13.0 -31.4 71.0
v 12.0 -31.0 73.0
v 13.0 -32.0 74.2
v 13.0 -30.0 70.0
v 13.0 -30.0 71.0
v 13.0 -30.0 71.0
v 13.0 -30.0 71.0
v 13.0 -30.8 73.1
v 13.0 -30.0 70.0
v 13.0 -30.0 71.0
v 13.9 -43.1 67.0
v 13.9 -43.1 68.0
v 13.8 -41.2 65.1
v 14.0 -41.8 66.3
v 14.1 -41.9 68.9
v 14.0 -41.5 70.0
v 13.1 -41.1 74.0
v 13.6 -40.0 64.0
v 14.1 -39.8 63.0
v 14.0 -40.6 73.0
v 14.0 -40.5 74.0
v 14.0 -40.0 74.5
v 14.0 -39.0 60.0
v 13.8 -39.1 60.8
v 14.0 -39.4 62.0
v 14.0 -39.0 74.5
v 13.5 -38.9 63.0
v 13.9 -38.0 73.0
v 14.2 -38.1 75.1
v 13.6 -37.5 61.1
v 13.4 -37.0 63.0
v 13.6 -37.0 73.0
v 13.1 -37.0 76.2
v 13.8 -35.9 61.1
v 13.8 -35.8 62.9
v 13.3 -36.0 64.1
v 13.7 -36.9 71.9
v 13.6 -36.0 74.0
v 13.4 -36.0 75.0
v 14.2 -37.0 75.0
v 14.0 -35.0 64.1
v 13.7 -35.0 72.0
v 13.3 -35.0 73.9
v 14.3 -34.0 72.0
v 13.5 -34.0 73.0
v 14.0 -32.8 63.1
v 13.8 -33.1 72.9
v 13.9 -32.0 61.8
v 13.3 -32.0 67.0
v 14.0 -32.0 73.4
v 14.0 -31.1 62.0
v 13.5 -30.9 64.6
v 13.4 -31.8 66.0
v 13.4 -31.0 68.0
v 13.3 -31.2 69.0
v 13.4 -31.0 70.0
v 13.3 -31.0 71.0
v 13.1 -31.0 72.3
v 14.1 -30.9 73.1
v 13.9 -30.7 63.0
v 13.9 -29.9 63.8
v 13.7 -30.0 67.3
v 13.5 -30.0 69.0
v 13.7 -30.0 72.0
v 13.8 -29.7 65.1
v 14.0 -29.7 67.5
v 14.0 -29.2 69.0
v 14.0 -29.5 70.4
v 14.0 -29.9 72.2
v 15.1 -43.3 68.0
v 15.0 -43.0 69.0
v 15.0 -42.0 66.5
v 15.0 -42.1 70.1
v 15.0 -41.3 64.0
v 15.0 -41.6 65.9
v 14.0 -40.7 71.1
v 15.0 -41.4 71.1
v 15.0 -41.2 73.1
v 15.0 -40.3 62.0
v 15.0 -39.7 61.0
v 15.0 -40.5 63.0
v 15.0 -40.5 74.0
v 15.0 -40.0 74.7
v 14.9 -39.1 59.7
v 14.8 -39.1 73.0
v 14.6 -39.0 74.0
v 15.0 -39.5 74.0
v 14.9 -38.1 58.0
v 15.0 -38.5 59.0
v 14.6 -38.0 59.0
v 14.8 -38.0 74.0
v 14.4 -37.8 59.9
v 14.5 -37.0 71.0
v 14.3 -37.0 74.0
v 14.9 -35.9 58.0
v 14.5 -36.0 60.0
v 14.9 -37.0 70.0
v 14.4 -35.5 71.1
v 15.0 -35.6 59.0
v 15.0 -35.2 60.0
v 15.0 -35.5 61.4
v 15.0 -35.0 63.5
v 15.3 -35.9 70.0
v 14.7 -33.7 63.3
v 14.8 -33.0 61.8
v 16.1 -34.9 63.1
v 14.7 -34.0 71.0
v 14.6 -33.0 72.0
v 15.2 -32.0 72.1
v 15.2 -31.3 62.0
v 14.4 -31.0 63.0
v 15.0 -31.3 63.0
v 15.0 -31.2 64.3
v 14.7 -31.0 64.7
v 14.7 -31.1 66.0
v 14.9 -31.0 67.0
v 15.0 -31.0 72.4
v 15.0 -30.0 64.0
v 15.3 -30.1 65.0
v 15.0 -29.3 65.0
v 15.0 -29.8 66.3
v 14.9 -29.5 69.4
v 15.1 -29.9 72.1
v 15.1 -43.1 66.9
v 15.5 -42.0 67.0
v 15.6 -42.0 68.0
v 16.1 -42.1 69.0
v 16.0 -41.4 65.4
v 16.1 -41.2 67.0
v 15.7 -41.0 67.9
v 16.2 -41.0 69.0
v 16.0 -41.3 70.2
v 16.1 -41.1 74.3
v 16.0 -40.1 61.1
v 16.0 -40.4 63.0
v 15.6 -40.0 69.0
v 16.0 -40.6 70.0
v 15.6 -40.0 71.1
v 15.6 -40.0 73.0
v 16.4 -40.0 74.1
v 16.0 -39.3 60.0
v 15.6 -39.1 68.0
v 15.3 -39.0 72.0
v 16.0 -38.1 56.9
v 16.0 -38.4 58.0
v 16.0 -38.6 59.0
v 15.9 -38.0 66.0
v 15.7 -38.0 68.0
v 15.6 -38.0 69.0
v 15.3 -38.0 70.9
v 14.7 -37.0 57.8
v 16.0 -37.0 56.6
v 16.2 -38.0 67.0
v 15.7 -37.0 67.0
v 16.1 -37.0 68.0
v 15.8 -36.9 66.0
v 15.9 -35.8 67.0
v 15.8 -35.8 68.0
v 15.6 -36.0 69.0
v 16.0 -35.9 56.9
v 16.0 -35.4 61.1
v 15.9 -35.2 62.8
v 16.0 -35.0 63.5
v 15.8 -35.0 68.8
v 16.0 -34.4 62.0
v 15.9 -34.3 66.9
v 16.0 -34.0 66.1
v 15.8 -34.0 68.0
v 16.0 -34.4 68.0
v 16.2 -34.0 69.0
v 15.6 -34.0 70.0
v 15.9 -33.1 60.8
v 15.7 -32.7 66.9
v 16.0 -33.0 66.6
v 15.6 -32.9 68.1
v 16.2 -33.0 69.0
v 15.4 -33.0 71.0
v 15.3 -32.1 61.3
v 16.0 -32.1 65.9
v 15.6 -32.0 69.0
v 15.6 -32.0 70.0
v 15.9 -31.0 60.0
v 15.9 -31.3 62.9
v 16.0 -31.4 65.0
v 15.4 -31.0 68.0
v 15.4 -31.1 71.9
v 15.2 -30.0 66.9
v 15.4 -30.0 70.0
v 16.1 -42.0 69.0
v 16.1 -41.1 64.0
v 16.4 -41.0 65.5
v 16.2 -41.0 69.0
v 16.2 -41.0 70.0
v 16.1 -41.0 72.9
v 16.4 -40.0 62.8
v 16.5 -39.9 64.9
v 16.4 -39.5 67.0
v 16.4 -38.9 60.1
v 16.5 -39.0 62.1
v 16.4 -39.0 66.0
v 17.1 -38.2 56.9
v 17.0 -37.8 58.0
v 17.1 -38.2 59.0
v 17.2 -38.2 60.0
v 16.7 -38.0 61.1
v 16.6 -37.9 62.9
v 16.4 -37.9 64.9
v 17.0 -37.0 56.4
v 16.7 -36.9 64.1
v 16.5 -37.0 65.0
v 16.0 -37.0 69.0
v 17.0 -35.7 56.8
v 17.2 -36.3 65.0
v 17.1 -36.1 66.0
v 16.2 -35.5 58.0
v 15.9 -35.4 59.7
v 17.0 -35.5 61.0
v 17.1 -35.2 67.1
v 17.0 -35.0 67.9
v 17.2 -34.3 60.7
v 17.0 -34.1 66.9
v 16.1 -33.0 70.0
v 16.1 -32.1 60.4
v 16.7 -31.1 59.1
v 17.0 -31.8 66.3
v 17.2 -33.0 67.4
v 16.6 -29.8 59.9
v 16.0 -29.9 62.0
v 17.1 -30.0 63.0
v 17.0 -30.7 65.0
v 16.7 -28.9 60.0
v 16.6 -29.0 61.0
v 17.1 -29.1 62.0
v 17.0 -28.0 61.0
v 18.0 -37.1 55.8
v 18.1 -37.3 57.9
v 17.6 -37.0 60.0
v 17.4 -37.0 61.0
v 17.4 -37.0 63.0
v 18.0 -36.0 55.7
v 17.9 -36.6 59.1
v 18.0 -36.1 60.3
v 17.5 -36.0 61.0
v 17.6 -36.0 62.0
v 18.4 -35.1 64.0
v 17.8 -35.0 53.9
v 18.0 -35.7 56.0
v 17.8 -35.1 55.1
v 18.0 -35.5 57.5
v 18.0 -35.6 60.0
v 17.0 -35.0 62.1
v 18.1 -35.0 61.7
v 17.8 -33.9 53.9
v 17.4 -33.9 55.0
v 18.0 -34.0 55.3
v 18.0 -34.4 59.9
v 18.0 -34.6 61.0
v 17.9 -34.7 66.1
v 18.0 -34.3 68.0
v 17.6 -34.0 68.0
v 17.1 -33.0 60.3
v 18.0 -33.0 59.6
v 17.9 -33.0 69.0
v 18.0 -31.0 57.9
v 17.9 -31.9 59.2
v 18.1 -31.2 66.0
v 18.3 -31.8 67.7
v 18.2 -30.3 65.1
v 18.0 -29.0 58.0
v 17.4 -29.0 59.0
v 17.1 -29.0 63.0
v 18.2 -29.0 63.9
v 17.5 -30.1 64.0
v 17.9 -27.9 58.9
v 17.9 -28.0 63.0
v 17.6 -27.8 60.0
v 18.0 -26.3 68.0
v 18.1 -26.2 69.2
v 17.2 -26.0 69.0
v 18.0 -26.0 69.6
v 19.0 -37.1 55.9
v 18.0 -38.0 57.0
v 18.7 -36.0 53.9
v 19.0 -36.6 55.0
v 18.4 -36.0 55.0
v 19.0 -36.6 57.0
v 19.0 -36.4 58.1
v 19.0 -36.0 60.0
v 18.1 -36.0 63.0
v 19.0 -35.0 55.7
v 19.2 -35.6 57.4
v 19.0 -35.7 59.0
v 18.9 -35.0 59.9
v 19.1 -35.0 60.1
v 18.8 -34.8 63.0
v 18.8 -34.6 64.9
v 18.9 -34.0 53.0
v 19.0 -33.0 59.5
v 19.0 -34.6 61.0
v 19.0 -34.6 62.0
v 19.0 -34.5 68.0
v 19.0 -34.1 69.1
v 19.0 -33.4 54.0
v 19.0 -33.4 70.0
v 18.6 -33.0 70.0
v 19.0 -32.0 58.9
v 18.4 -32.0 69.0
v 18.7 -32.0 70.1
v 19.0 -33.0 71.0
v 19.0 -31.2 57.7
v 18.2 -30.0 58.1
v 18.7 -30.7 67.0
v 18.9 -30.9 69.0
v 18.8 -29.9 66.0
v 18.1 -28.0 62.0
v 19.0 -28.0 64.7
v 19.0 -26.8 58.9
v 18.2 -27.3 60.9
v 19.0 -27.3 63.0
v 19.0 -26.5 61.0
v 18.7 -26.9 62.0
v 17.5 -26.0 67.4
v 19.0 -26.1 66.8
v 19.8 -26.0 69.0
v 19.0 -25.8 67.0
v 18.0 -25.7 68.0
v 18.1 -25.8 69.1
v 20.0 -37.2 54.0
v 20.0 -37.1 55.0
v 20.0 -36.1 52.8
v 20.0 -36.6 56.0
v 20.3 -36.1 57.0
v 20.0 -36.0 57.9
v 19.2 -36.0 59.0
v 19.1 -35.0 53.3
v 19.0 -35.3 56.0
v 20.0 -35.7 57.0
v 20.0 -34.0 51.9
v 20.0 -35.0 56.4
v 20.0 -34.0 55.5
v 20.0 -34.0 60.0
v 20.2 -34.3 60.9
v 20.1 -34.2 61.9
v 19.2 -34.3 66.0
v 20.1 -34.2 67.0
v 20.1 -34.3 68.0
v 19.9 -32.8 53.0
v 20.0 -33.5 55.0
v 19.7 -33.0 60.1
v 20.0 -33.7 63.0
v 20.0 -33.5 65.0
v 20.0 -33.8 69.0
v 19.8 -33.5 70.9
v 19.9 -32.0 61.0
v 19.7 -31.9 71.3
v 19.8 -33.0 72.0
v 20.6 -31.3 58.0
v 20.0 -31.6 59.0
v 20.0 -31.6 60.0
v 19.1 -30.1 57.5
v 20.0 -30.3 67.9
v 19.8 -30.6 70.0
v 19.8 -31.0 71.1
v 19.4 -28.8 57.6
v 19.0 -29.1 64.9
v 19.0 -28.1 58.3
v 20.0 -27.9 57.8
v 20.0 -28.7 66.0
v 20.0 -26.9 63.3
v 20.0 -27.9 64.4
v 20.0 -27.0 66.0
v 20.0 -26.4 60.0
v 19.9 -25.9 65.9
v 20.0 -26.5 67.0
v 20.0 -26.3 68.0
v 20.0 -25.8 61.0
v 20.0 -25.8 62.0
v 21.0 -36.2 52.7
v 21.0 -37.1 54.0
v 21.1 -36.1 56.2
v 20.0 -35.0 52.4
v 21.0 -35.1 51.7
v 21.9 -34.0 55.5
v 21.0 -34.1 69.0
v 21.0 -34.2 70.9
v 21.0 -34.2 72.0
v 21.0 -33.2 52.2
v 21.0 -33.0 61.0
v 21.2 -33.3 62.0
v 21.0 -33.3 64.0
v 21.0 -32.7 66.0
v 21.1 -33.6 68.0
v 20.0 -32.7 54.0
v 21.0 -32.7 65.0
v 21.0 -32.0 72.4
v 21.0 -33.0 73.0
v 21.0 -31.0 57.7
v 21.0 -30.7 60.0
v 20.6 -30.9 61.0
v 21.0 -31.0 62.0
v 21.0 -31.0 71.8
v 21.0 -30.0 71.7
v 21.0 -29.5 68.1
v 20.9 -29.7 71.1
v 21.1 -28.2 63.9
v 20.0 -28.4 65.1
v 21.0 -28.3 66.0
v 21.0 -28.8 67.0
v 21.0 -27.9 57.8
v 20.0 -26.8 58.9
v 21.0 -27.3 59.0
v 21.0 -27.0 65.6
v 21.5 -27.9 66.0
v 20.9 -27.3 67.1
v 21.0 -26.6 60.0
v 21.0 -26.9 63.3
v 21.0 -26.0 65.6
v 21.0 -26.4 68.0
v 21.0 -26.0 68.3
v 21.1 -25.8 62.1
v 20.4 -25.6 67.0
v 20.5 -25.7 67.9
v 22.0 -36.3 53.0
v 22.0 -35.8 54.1
v 22.9 -35.5 52.0
v 21.7 -33.9 51.5
v 22.1 -35.0 56.2
v 21.2 -34.1 70.3
v 21.5 -34.0 72.0
v 22.1 -32.8 51.8
v 21.5 -33.0 63.0
v 22.2 -33.2 69.0
v 22.7 -32.6 70.0
v 21.8 -32.9 72.0
v 21.1 -32.6 53.0
v 21.5 -32.0 62.0
v 22.0 -32.0 62.4
v 22.0 -32.5 63.0
v 22.1 -32.6 64.0
v 22.0 -32.4 65.0
v 21.9 -32.8 71.1
v 22.0 -32.0 72.4
v 21.0 -31.3 59.0
v 22.0 -31.0 58.0
v 22.0 -31.9 66.0
v 22.1 -31.0 72.4
v 21.5 -29.8 57.5
v 22.0 -30.7 59.0
v 22.0 -30.4 60.0
v 22.0 -30.0 71.7
v 21.9 -29.0 58.2
v 22.0 -29.8 61.0
v 22.0 -29.1 67.0
v 22.1 -27.9 58.9
v 22.0 -28.2 63.9
v 22.0 -28.4 65.0
v 22.0 -28.0 65.6
v 22.0 -28.0 66.4
v 21.5 -27.0 60.1
v 21.8 -27.1 62.0
v 22.0 -27.0 65.5
v 22.0 -27.6 67.0
v 21.4 -27.2 67.8
v 21.1 -25.8 61.0
v 22.0 -26.0 65.0
v 22.0 -27.0 69.0
v 21.7 -25.5 66.0
v 22.1 -25.7 68.3
v 23.0 -35.0 51.5
v 23.4 -35.4 54.4
v 23.0 -35.0 56.0
v 23.0 -34.0 50.9
v 22.8 -32.7 51.8
v 23.9 -33.0 54.5
v 23.0 -32.4 53.0
v 23.0 -32.0 61.7
v 23.0 -32.3 62.0
v 23.0 -32.3 65.0
v 22.3 -32.2 67.2
v 22.9 -31.8 68.9
v 23.0 -32.4 71.0
v 23.0 -32.1 72.1
v 22.0 -31.0 62.3
v 23.0 -31.7 66.0
v 23.0 -31.6 67.2
v 23.3 -30.1 59.0
v 23.2 -30.1 60.2
v 22.0 -30.0 62.0
v 23.0 -30.0 61.2
v 23.0 -29.7 61.0
v 22.1 -29.3 68.2
v 23.1 -29.8 72.2
v 22.2 -27.7 60.0
v 23.0 -28.3 65.0
v 23.0 -28.4 67.4
v 22.2 -29.3 70.1
v 22.0 -26.9 63.0
v 22.9 -27.9 63.9
v 23.1 -27.7 66.0
v 22.8 -26.9 66.0
v 22.9 -27.7 67.2
v 23.0 -27.6 69.0
v 23.0 -27.0 69.4
v 23.0 -26.0 65.3
v 23.0 -26.0 69.5
v 23.0 -25.7 66.2
v 23.0 -25.8 69.0
v 23.0 -36.1 53.0
v 24.0 -35.4 51.9
v 24.0 -35.6 53.0
v 24.0 -34.7 54.7
v 24.1 -34.0 55.3
v 23.9 -33.0 50.7
v 23.9 -31.8 52.0
v 23.8 -32.5 54.0
v 23.8 -32.0 60.8
v 24.0 -32.6 62.0
v 24.0 -32.5 63.6
v 24.0 -32.0 65.0
v 24.2 -32.2 66.1
v 24.2 -31.6 67.3
v 24.0 -31.4 69.2
v 24.0 -31.5 71.0
v 24.0 -31.4 72.0
v 24.0 -31.0 72.5
v 23.0 -30.0 58.0
v 24.0 -30.0 61.0
v 24.1 -30.0 72.6
v 23.2 -29.0 58.9
v 23.4 -29.0 60.9
v 24.0 -29.3 62.0
v 23.5 -29.0 61.9
v 22.9 -29.4 71.2
v 24.0 -28.7 72.1
v 23.0 -27.7 63.0
v 23.9 -28.5 63.9
v 24.0 -28.5 65.7
v 23.2 -28.0 65.9
v 23.3 -28.0 69.0
v 24.0 -28.5 71.0
v 24.0 -28.0 77.0
v 23.3 -27.0 67.0
v 23.5 -27.0 68.0
v 24.0 -27.0 69.0
v 24.0 -27.7 70.0
v 23.3 -26.0 66.2
v 23.4 -26.1 68.9
v 25.2 -35.4 51.9
v 25.0 -34.0 50.5
v 25.0 -34.9 53.9
v 25.0 -34.0 55.3
v 25.0 -33.0 50.4
v 25.1 -33.0 54.8
v 25.0 -33.0 59.0
v 24.0 -33.0 61.0
v 24.9 -31.8 50.8
v 24.4 -32.0 54.0
v 25.2 -32.0 54.7
v 25.0 -32.6 61.0
v 25.0 -33.0 62.0
v 25.1 -32.4 65.1
v 24.9 -32.0 68.0
v 25.2 -31.2 51.9
v 24.7 -31.0 54.0
v 25.0 -31.0 59.9
v 24.0 -31.1 61.2
v 25.0 -31.9 67.0
v 25.0 -31.0 69.0
v 25.0 -30.8 70.0
v 25.0 -30.8 71.0
v 25.0 -31.3 72.0
v 25.0 -31.1 73.1
v 24.3 -31.4 53.0
v 25.0 -30.1 61.5
v 25.1 -29.9 73.4
v 25.0 -29.3 64.9
v 25.0 -29.1 72.7
v 24.7 -29.0 76.0
v 25.0 -29.0 75.2
v 25.0 -29.2 76.0
v 25.0 -28.7 66.0
v 25.0 -28.6 67.0
v 24.0 -27.8 67.9
v 24.1 -28.4 67.0
v 25.0 -28.1 69.0
v 25.0 -28.1 71.0
v 25.0 -27.9 72.0
v 25.0 -28.0 74.9
v 25.0 -28.0 77.4
v 25.0 -27.7 70.0
v 24.5 -27.8 75.9
v 25.0 -27.0 75.5
v 24.8 -26.9 77.1
v 25.0 -26.0 76.0
v 25.1 -34.9 51.3
v 25.0 -35.4 53.0
v 26.0 -34.0 49.8
v 26.0 -34.9 54.4
v 26.0 -34.0 56.1
v 26.0 -33.0 49.6
v 26.0 -33.0 56.3
v 26.3 -33.4 59.0
v 25.6 -33.0 60.0
v 26.3 -32.0 56.0
v 25.5 -32.0 59.0
v 25.1 -32.0 60.3
v 25.8 -32.6 61.0
v 26.0 -32.6 63.1
v 26.0 -32.4 67.0
v 26.0 -32.4 68.1
v 26.0 -32.0 49.8
v 25.9 -30.7 50.9
v 25.6 -31.0 55.0
v 26.0 -31.0 58.0
v 25.6 -31.0 59.0
v 26.3 -31.9 69.0
v 26.2 -31.6 70.1
v 26.1 -30.8 71.0
v 26.0 -31.3 73.1
v 25.9 -29.8 52.0
v 26.0 -30.7 59.0
v 26.6 -30.3 62.6
v 25.9 -29.7 52.9
v 25.8 -29.7 54.1
v 26.0 -30.0 55.0
v 24.9 -29.4 63.0
v 26.0 -29.4 66.0
v 26.0 -28.6 68.0
v 26.0 -29.0 73.2
v 26.0 -27.9 75.3
v 25.0 -28.6 77.0
v 26.1 -27.6 70.7
v 26.0 -27.7 72.0
v 26.0 -27.0 74.8
v 26.0 -27.0 77.4
v 26.0 -26.0 74.1
v 25.9 -25.8 74.8
v 26.1 -25.7 76.0
v 27.0 -35.2 49.9
v 27.0 -35.5 51.4
v 27.0 -35.4 53.0
v 27.0 -33.6 49.5
v 27.0 -34.7 54.0
v 27.1 -34.2 55.4
v 27.0 -33.4 57.0
v 27.2 -33.4 57.9
v 26.3 -33.0 58.2
v 26.1 -33.3 60.0
v 27.0 -33.1 63.0
v 27.0 -33.1 70.0
v 26.5 -33.0 56.9
v 26.2 -32.0 58.1
v 27.0 -32.9 62.0
v 27.0 -32.5 67.1
v 27.0 -32.6 69.0
v 26.9 -32.6 70.9
v 27.0 -32.8 72.0
v 26.9 -32.1 73.1
v 27.0 -32.0 49.7
v 26.5 -31.0 56.0
v 26.6 -31.0 57.0
v 26.0 -30.9 72.0
v 27.9 -31.0 73.6
v 27.0 -30.3 55.0
v 27.1 -30.6 56.7
v 27.0 -30.5 58.6
v 27.0 -30.6 60.0
v 26.0 -30.5 61.0
v 25.0 -29.7 62.1
v 27.0 -30.0 73.5
v 27.0 -29.7 51.9
v 27.3 -29.5 52.8
v 26.0 -29.3 67.0
v 26.9 -29.2 72.9
v 26.3 -29.0 75.7
v 27.0 -29.3 76.0
v 26.0 -27.9 69.0
v 26.8 -28.2 70.0
v 26.9 -28.4 72.0
v 27.1 -28.2 77.3
v 26.9 -27.0 75.1
v 27.0 -27.0 77.2
v 27.0 -25.7 75.0
v 27.1 -25.7 76.0
v 28.1 -35.1 49.9
v 28.1 -35.3 50.9
v 28.0 -35.3 53.0
v 27.9 -34.6 54.0
v 28.0 -34.2 56.0
v 28.0 -33.7 57.0
v 27.9 -33.4 62.2
v 28.2 -33.3 67.0
v 28.0 -32.8 68.0
v 28.0 -33.2 69.0
v 28.9 -33.8 70.0
v 27.9 -33.3 71.0
v 27.8 -32.6 65.0
v 28.0 -32.7 66.0
v 28.0 -32.7 71.9
v 28.7 -32.3 73.1
v 28.9 -32.0 73.4
v 27.0 -31.0 50.5
v 28.0 -31.1 60.0
v 28.0 -31.1 60.0
v 28.0 -30.3 55.0
v 28.0 -30.4 58.0
v 28.0 -30.6 59.0
v 28.0 -30.6 61.0
v 27.0 -29.7 64.0
v 27.9 -30.4 64.0
v 28.5 -30.1 73.5
v 27.5 -29.6 53.9
v 27.0 -29.6 66.0
v 27.3 -29.3 68.4
v 27.8 -29.4 68.9
v 28.0 -29.3 70.0
v 28.0 -29.8 76.0
v 28.0 -29.2 77.2
v 27.0 -27.9 71.0
v 28.0 -28.7 71.0
v 28.0 -28.7 72.0
v 28.0 -27.0 74.9
v 28.0 -27.8 77.4
v 27.0 -26.0 74.2
v 28.6 -35.0 52.0
v 28.7 -35.0 53.0
v 28.2 -34.1 49.7
v 29.3 -34.0 51.0
v 28.6 -34.0 54.0
v 28.0 -33.0 49.7
v 29.0 -33.0 50.5
v 28.9 -33.9 53.1
v 29.0 -33.6 54.3
v 29.0 -34.0 57.0
v 29.0 -33.7 58.0
v 28.8 -33.5 61.6
v 29.0 -33.1 63.0
v 29.0 -33.4 64.0
v 29.2 -33.4 65.2
v 29.0 -33.3 68.0
v 29.0 -33.1 69.0
v 29.3 -33.5 70.9
v 28.2 -32.1 50.3
v 29.0 -31.1 60.0
v 29.0 -31.0 59.9
v 29.0 -31.0 73.9
v 28.0 -30.5 51.0
v 28.0 -29.7 52.0
v 27.9 -30.4 56.4
v 29.0 -30.5 59.0
v 29.0 -30.6 61.0
v 28.2 -30.5 62.7
v 28.2 -30.4 66.0
v 29.4 -30.3 67.5
v 29.0 -29.6 53.0
v 29.0 -29.5 54.0
v 29.1 -29.5 56.1
v 29.0 -29.9 58.0
v 29.3 -30.0 68.0
v 28.0 -29.5 73.0
v 29.0 -29.1 75.5
v 29.0 -29.6 76.0
v 29.2 -29.2 77.2
v 29.0 -28.0 75.3
v 29.0 -28.0 77.4
v 29.0 -27.0 75.0
v 29.0 -27.0 77.0
v 28.0 -25.9 76.0
v 29.0 -26.6 76.0
v 29.4 -34.0 52.0
v 30.0 -34.1 58.0
v 29.6 -33.0 51.0
v 30.2 -33.2 52.0
v 30.1 -33.5 53.3
v 29.0 -33.7 56.0
v 30.0 -33.6 57.0
v 30.2 -33.6 59.0
v 31.0 -33.6 60.0
v 30.0 -33.6 61.0
v 30.0 -33.5 63.0
v 30.3 -33.6 64.6
v 29.9 -33.6 66.9
v 30.0 -33.3 69.0
v 30.0 -33.5 70.0
v 30.2 -32.0 50.8
v 30.0 -32.4 72.2
v 30.1 -31.0 50.8
v 29.0 -31.1 60.0
v 30.0 -31.0 73.6
v 29.0 -30.2 52.1
v 30.0 -29.6 52.8
v 29.0 -30.0 55.0
v 30.0 -30.1 58.0
v 30.0 -30.4 62.0
v 30.0 -30.6 65.0
v 29.1 -30.0 69.0
v 30.0 -30.0 69.0
v 29.9 -30.3 70.0
v 29.0 -29.5 71.0
v 30.0 -30.3 71.0
v 29.9 -30.1 74.9
v 30.0 -30.1 76.0
v 29.8 -28.8 54.1
v 30.0 -29.5 57.0
v 29.2 -29.5 71.7
v 30.0 -29.8 73.2
v 29.5 -29.0 75.0
v 30.0 -29.0 74.6
v 30.0 -28.7 55.9
v 30.0 -27.9 74.9
v 29.5 -28.0 77.0
v 30.0 -27.7 76.0
v 29.4 -27.0 76.0
v 31.0 -34.0 58.0
v 31.0 -34.1 61.0
v 31.0 -34.1 63.0
v 31.0 -34.1 65.0
v 31.0 -34.3 65.9
v 31.0 -34.1 67.0
v 30.6 -33.0 53.0
v 31.1 -33.2 54.0
v 31.0 -33.3 55.8
v 31.0 -32.9 57.0
v 31.0 -33.7 62.0
v 31.0 -33.7 64.0
v 31.0 -33.4 68.0
v 30.9 -32.8 69.0
v 31.1 -33.2 70.1
v 31.1 -33.2 71.0
v 30.7 -32.0 52.0
v 31.0 -32.5 72.0
v 31.0 -31.0 51.7
v 31.0 -31.1 65.0
v 31.0 -31.1 65.0
v 31.0 -31.5 73.0
v 31.0 -31.0 73.8
v 31.0 -30.6 52.0
v 31.0 -30.0 52.3
v 29.9 -30.5 59.9
v 31.0 -30.4 63.0
v 30.9 -30.5 63.9
v 31.0 -30.6 66.0
v 31.2 -30.5 69.5
v 31.0 -30.4 71.0
v 31.0 -30.3 72.0
v 31.0 -30.4 73.0
v 31.0 -30.0 74.7
v 31.1 -30.1 75.0
v 31.1 -28.8 52.8
v 31.0 -29.3 57.0
v 31.0 -29.6 58.2
v 31.0 -29.7 61.9
v 31.0 -29.0 74.3
v 31.1 -29.0 76.0
v 30.0 -29.0 77.1
v 30.9 -28.5 54.3
v 31.0 -28.6 56.0
v 32.0 -34.1 61.0
v 32.1 -33.7 62.0
v 32.0 -34.2 63.0
v 32.0 -34.2 66.0
v 32.0 -32.9 58.1
v 32.0 -33.4 59.0
v 32.0 -33.5 60.0
v 32.0 -33.8 64.0
v 32.0 -33.8 65.0
v 32.0 -33.6 67.0
v 31.4 -31.0 52.0
v 31.6 -32.9 54.8
v 32.0 -32.5 54.9
v 32.0 -32.6 56.0
v 32.0 -32.5 57.0
v 32.0 -32.8 68.0
v 32.0 -31.9 69.0
v 32.0 -32.0 70.4
v 32.2 -32.2 71.0
v 32.0 -31.0 50.0
v 32.0 -31.0 50.0
v 32.0 -31.1 51.0
v 31.8 -31.0 53.0
v 32.0 -30.7 52.9
v 32.0 -31.1 65.0
v 32.0 -31.0 64.9
v 32.0 -31.7 70.0
v 32.1 -31.0 73.2
v 31.9 -31.0 51.0
v 31.8 -30.1 51.7
v 32.0 -30.5 52.0
v 32.1 -30.3 62.9
v 32.0 -30.6 64.0
v 32.0 -30.6 66.1
v 31.1 -30.5 67.8
v 32.0 -30.6 70.0
v 32.0 -30.0 71.0
v 32.0 -30.0 73.6
v 31.8 -28.9 52.0
v 32.1 -29.4 61.9
v 32.0 -29.9 73.2
v 31.3 -28.9 75.0
v 32.0 -28.5 54.0
v 31.7 -28.9 58.0
v 33.0 -34.3 63.0
v 33.0 -34.3 64.0
v 33.0 -34.2 65.0
v 33.0 -32.9 58.1
v 33.1 -32.9 60.0
v 33.1 -33.5 60.9
v 33.0 -33.7 66.0
v 33.0 -34.0 68.0
v 33.0 -32.4 57.0
v 33.0 -32.1 69.4
v 32.1 -32.1 72.0
v 32.9 -31.0 49.0
v 33.0 -31.0 49.0
v 33.0 -31.0 49.0
v 33.3 -31.5 50.0
v 33.1 -31.4 51.0
v 33.0 -31.0 51.5
v 33.0 -31.5 54.0
v 32.0 -31.1 65.0
v 33.0 -31.3 70.0
v 32.5 -31.0 71.0
v 33.0 -31.0 70.3
v 32.8 -29.8 50.0
v 32.3 -30.0 51.0
v 33.0 -30.6 52.0
v 33.1 -30.1 62.9
v 33.0 -30.4 64.0
v 33.0 -30.5 65.0
v 33.0 -30.8 70.0
v 32.0 -29.8 72.0
v 32.2 -29.2 59.1
v 32.2 -29.3 59.9
v 33.1 -28.4 53.1
v 32.0 -28.5 56.9
v 32.5 -28.0 58.0
v 32.8 -27.8 58.9
v 32.9 -28.8 62.1
v 32.2 -28.4 56.0
v 33.0 -27.5 57.0
v 34.0 -34.1 63.0
v 34.0 -34.3 65.0
v 34.0 -34.0 68.0
v 33.2 -33.1 58.9
v 34.0 -33.5 62.0
v 34.0 -33.9 64.0
v 34.0 -33.7 66.0
v 35.0 -33.6 67.0
v 34.0 -33.1 69.0
v 33.0 -32.3 55.0
v 34.1 -32.2 58.0
v 34.0 -32.6 59.0
v 34.0 -31.1 48.9
v 34.1 -31.5 54.9
v 34.0 -31.0 70.2
v 34.0 -29.9 48.7
v 34.0 -30.6 53.0
v 33.6 -30.0 64.0
v 34.1 -30.4 67.0
v 33.9 -30.5 69.0
v 34.0 -29.1 50.1
v 34.4 -29.0 64.0
v 35.0 -26.8 50.9
v 33.1 -28.4 52.0
v 33.4 -28.0 54.0
v 33.1 -28.2 54.9
v 33.3 -28.0 60.0
v 33.5 -28.0 62.0
v 33.8 -28.4 62.7
v 32.8 -28.9 50.9
v 33.9 -26.8 61.1
v 33.9 -26.9 62.0
v 33.8 -26.9 55.1
v 33.8 -26.7 56.0
v 33.9 -26.8 56.9
v 34.9 -34.3 65.0
v 35.0 -34.3 66.0
v 35.0 -33.1 61.0
v 35.0 -33.6 64.0
v 35.0 -32.9 63.0
v 34.9 -32.8 68.0
v 35.0 -32.3 59.0
v 35.0 -32.5 60.0
v 34.9 -32.8 62.0
v 35.4 -32.1 69.0
v 35.0 -32.0 70.0
v 35.0 -31.3 49.9
v 35.0 -31.3 51.0
v 34.0 -31.3 54.0
v 35.0 -30.7 54.0
v 35.2 -31.4 56.2
v 34.0 -31.7 56.9
v 34.9 -30.1 48.3
v 35.5 -30.5 53.1
v 34.1 -30.2 65.0
v 35.0 -30.5 68.1
v 35.1 -30.9 70.1
v 35.0 -29.0 64.9
v 35.0 -29.9 67.0
v 35.3 -27.9 50.1
v 34.4 -28.0 63.0
v 34.5 -27.0 53.0
v 34.3 -27.0 54.0
v 34.2 -27.2 58.1
v 34.2 -27.2 60.0
v 35.1 -27.4 62.9
v 35.0 -28.0 65.0
v 35.0 -26.5 53.0
v 34.9 -25.8 54.0
v 34.8 -25.7 54.9
v 35.1 -26.2 57.0
v 34.9 -26.0 59.0
v 35.0 -26.4 60.0
v 35.0 -26.6 62.0
v 34.9 -25.8 55.9
v 36.0 -34.2 65.0
v 36.0 -34.2 66.0
v 36.0 -33.3 63.0
v 36.0 -33.6 64.0
v 36.0 -33.2 67.3
v 36.0 -31.6 60.1
v 36.0 -32.5 62.0
v 36.0 -31.8 61.0
v 36.0 -31.1 51.0
v 36.0 -31.0 56.0
v 36.0 -31.6 59.0
v 36.1 -32.0 68.1
v 35.6 -31.0 68.0
v 36.0 -30.1 48.7
v 36.0 -30.7 50.0
v 36.0 -30.7 52.0
v 36.4 -30.6 54.2
v 36.0 -30.0 65.9
v 36.2 -30.8 67.1
v 35.1 -29.3 49.0
v 36.0 -29.0 48.1
v 35.9 -29.1 66.1
v 35.9 -27.9 48.7
v 36.0 -27.3 63.0
v 35.1 -27.7 64.1
v 35.9 -27.9 66.1
v 36.0 -26.2 53.0
v 35.1 -26.2 58.0
v 36.0 -25.7 60.0
v 36.0 -26.4 61.1
v 36.3 -26.7 62.3
v 36.0 -24.9 54.0
v 36.0 -25.3 55.0
v 35.9 -25.0 58.0
v 37.0 -33.3 63.1
v 37.0 -33.6 65.0
v 37.0 -33.6 66.0
v 37.1 -33.1 67.1
v 37.0 -32.4 62.0
v 37.0 -30.6 51.0
v 36.0 -31.1 55.0
v 38.0 -31.5 61.0
v 38.0 -31.9 65.6
v 37.0 -30.3 50.0
v 37.0 -30.9 52.0
v 37.0 -30.5 53.0
v 37.0 -30.7 55.0
v 37.0 -31.0 56.0
v 37.0 -30.0 65.4
v 37.0 -29.0 48.5
v 37.0 -29.0 65.6
v 36.5 -28.0 48.0
v 37.0 -28.5 48.0
v 37.0 -28.0 66.3
v 36.8 -27.0 46.9
v 36.4 -27.0 49.0
v 36.3 -27.1 50.1
v 37.0 -27.3 64.0
v 37.0 -27.4 65.0
v 36.7 -25.9 46.9
v 36.5 -26.4 48.1
v 36.1 -26.5 51.0
v 36.9 -24.9 46.9
v 36.8 -24.9 48.0
v 36.7 -25.9 49.0
v 37.0 -25.5 52.0
v 37.0 -25.5 53.0
v 37.0 -24.8 53.9
v 36.1 -25.3 56.1
v 36.1 -25.3 57.0
v 36.0 -25.3 59.0
v 37.0 -24.6 59.0
v 37.0 -25.5 60.0
v 37.0 -24.5 55.0
v 37.0 -24.5 56.0
v 37.0 -23.9 57.0
v 37.0 -23.8 58.0
v 36.7 -18.0 40.0
v 36.7 -18.0 41.0
v 37.0 -17.0 39.0
v 36.2 -17.0 41.0
v 37.3 -18.0 42.0
v 36.6 -17.0 42.0
v 36.8 -17.0 43.1
v 36.7 -16.0 42.0
v 36.6 -16.0 43.0
v 36.8 -16.2 43.9
v 36.8 -16.0 47.0
v 36.6 -15.0 44.0
v 37.3 -15.0 43.0
v 36.6 -15.1 45.0
v 37.3 -16.0 46.0
v 36.6 -15.1 46.4
v 36.7 -15.0 48.0
v 36.9 -13.9 44.0
v 36.6 -14.0 45.2
v 36.6 -14.0 47.0
v 37.1 -14.0 48.0
v 36.9 -15.0 50.0
v 37.0 -13.6 45.0
v 36.9 -12.8 46.0
v 36.7 -13.0 47.8
v 37.0 -12.7 47.3
v 37.0 -13.0 49.0
v 38.1 -32.9 63.4
v 38.2 -33.1 64.0
v 38.2 -33.2 65.0
v 38.0 -32.3 62.0
v 37.6 -32.0 66.0
v 38.0 -33.0 66.0
v 37.2 -32.0 67.1
v 38.0 -31.3 59.1
v 38.2 -31.0 65.1
v 38.0 -29.7 51.0
v 38.6 -29.7 52.0
v 38.0 -29.9 53.0
v 38.1 -30.3 54.1
v 38.1 -30.4 57.1
v 37.0 -30.8 57.0
v 38.0 -30.0 64.7
v 38.0 -28.7 49.0
v 38.0 -29.5 50.0
v 37.9 -28.1 45.9
v 37.4 -28.0 47.0
v 37.9 -28.4 47.1
v 38.0 -29.0 64.8
v 37.3 -28.0 66.0
v 38.0 -28.0 65.4
v 37.6 -27.0 46.0
v 38.0 -26.9 65.1
v 37.0 -27.0 66.0
v 38.1 -26.2 61.0
v 37.2 -26.4 61.0
v 38.0 -26.6 63.9
v 38.0 -25.0 46.5
v 38.0 -24.7 51.0
v 38.0 -25.2 53.0
v 38.0 -24.5 47.0
v 38.0 -24.7 52.0
v 38.0 -24.2 56.0
v 38.1 -24.4 59.1
v 38.0 -23.8 58.0
v 37.7 -22.0 40.0
v 37.6 -22.0 41.1
v 37.7 -22.0 42.0
v 38.3 -22.0 43.0
v 37.9 -21.0 38.0
v 37.6 -21.0 38.9
v 37.7 -21.0 43.0
v 37.6 -20.0 39.0
v 37.5 -20.8 40.4
v 37.5 -20.9 42.0
v 37.7 -20.0 43.0
v 37.7 -19.0 38.9
v 37.4 -19.0 40.0
v 37.4 -19.0 41.0
v 37.6 -19.0 42.0
v 37.4 -18.0 39.0
v 38.0 -18.0 38.5
v 38.1 -19.0 43.0
v 37.8 -18.0 43.2
v 37.7 -16.9 38.8
v 37.7 -17.0 46.0
v 38.6 -18.1 45.9
v 37.6 -17.0 47.0
v 38.1 -17.5 48.1
v 37.8 -17.1 49.0
v 38.1 -16.1 40.1
v 37.3 -16.2 40.9
v 38.1 -16.9 44.0
v 37.4 -16.0 45.0
v 37.3 -16.0 48.0
v 37.6 -16.0 50.0
v 37.9 -14.8 41.0
v 37.4 -15.0 42.0
v 37.9 -15.0 51.1
v 37.9 -13.9 41.9
v 37.5 -14.0 43.0
v 37.3 -14.0 49.0
v 37.5 -14.0 50.0
v 38.1 -14.0 50.9
v 38.0 -13.5 43.0
v 37.6 -13.0 50.0
v 37.9 -11.9 46.0
v 38.1 -12.3 47.1
v 38.0 -12.5 49.9
v 37.9 -13.0 51.0
v 38.7 -32.0 64.0
v 38.4 -32.0 65.0
v 39.0 -30.7 61.0
v 39.2 -31.2 62.0
v 39.2 -31.0 64.2
v 38.0 -30.5 56.0
v 38.9 -29.8 57.0
v 38.9 -30.7 59.3
v 39.0 -30.0 64.4
v 39.0 -29.3 50.0
v 39.0 -29.4 51.0
v 39.2 -29.3 53.0
v 39.0 -29.4 53.9
v 39.1 -29.5 55.1
v 39.0 -29.0 64.6
v 39.0 -28.0 45.0
v 39.1 -28.5 46.4
v 39.0 -28.4 48.0
v 39.0 -28.6 49.0
v 39.0 -28.0 65.1
v 38.9 -26.9 44.7
v 38.9 -26.0 44.8
v 38.1 -25.9 46.2
v 39.0 -26.4 62.2
v 38.9 -25.1 35.9
v 39.0 -25.3 37.0
v 38.7 -25.0 37.0
v 39.0 -25.0 38.0
v 38.5 -25.0 45.9
v 37.3 -25.9 50.0
v 38.0 -25.1 54.0
v 39.3 -25.0 60.8
v 38.6 -24.0 37.0
v 38.7 -24.0 38.0
v 39.0 -24.0 38.5
v 39.0 -24.0 40.0
v 38.6 -24.0 46.0
v 38.5 -24.0 47.0
v 38.1 -24.4 48.0
v 39.1 -24.0 50.0
v 39.0 -24.3 52.0
v 39.0 -24.6 53.0
v 39.0 -24.5 54.0
v 39.0 -24.0 54.6
v 38.0 -24.2 57.0
v 39.0 -24.0 59.0
v 39.0 -24.5 60.0
v 38.8 -24.0 35.8
v 39.1 -23.0 37.0
v 38.7 -23.0 38.0
v 38.5 -23.0 40.0
v 39.1 -23.0 39.0
v 38.9 -23.4 40.9
v 38.6 -23.0 42.0
v 39.0 -23.4 42.3
v 38.6 -23.0 43.1
v 39.0 -23.4 44.0
v 38.7 -23.1 45.1
v 38.1 -24.6 49.1
v 38.8 -24.0 51.0
v 38.1 -23.9 55.0
v 39.0 -23.5 56.0
v 39.0 -23.7 57.0
v 38.8 -22.0 36.8
v 38.4 -22.0 38.0
v 38.4 -22.0 39.0
v 38.6 -22.0 44.0
v 39.3 -22.0 45.0
v 38.8 -23.0 46.0
v 38.7 -21.0 36.8
v 38.5 -21.0 44.0
v 38.9 -20.1 36.8
v 38.2 -20.0 38.1
v 38.5 -20.0 44.0
v 38.8 -19.0 37.5
v 38.9 -18.0 37.7
v 38.6 -18.9 44.0
v 39.2 -19.0 45.0
v 38.6 -18.0 45.0
v 39.0 -18.4 47.0
v 39.0 -18.3 48.0
v 39.0 -16.8 38.7
v 38.2 -16.9 45.0
v 39.9 -17.3 51.0
v 39.0 -16.0 39.5
v 39.1 -16.1 51.5
v 39.0 -14.9 39.9
v 39.1 -14.2 41.2
v 39.0 -14.7 51.9
v 38.7 -14.0 52.0
v 39.0 -13.4 42.0
v 39.0 -12.7 43.0
v 38.5 -13.0 44.0
v 38.1 -13.1 45.0
v 39.2 -12.3 43.9
v 38.7 -13.0 52.0
v 38.7 -11.9 45.0
v 39.0 -11.6 48.3
v 39.0 -11.7 49.9
v 39.0 -10.9 46.0
v 39.1 -32.0 63.0
v 39.8 -29.9 62.9
v 40.3 -30.3 59.3
v 40.0 -30.4 60.0
v 40.0 -30.1 61.0
v 40.0 -30.3 62.0
v 39.5 -30.0 64.0
v 40.0 -28.5 49.9
v 40.0 -29.1 52.0
v 40.0 -28.7 55.0
v 40.0 -29.5 64.0
v 40.0 -29.0 64.4
v 40.2 -28.2 47.0
v 40.0 -28.0 48.0
v 40.0 -28.7 51.0
v 40.0 -28.5 54.0
v 40.0 -28.0 64.5
v 39.8 -27.1 62.9
v 39.1 -26.8 64.1
v 40.0 -27.5 64.0
v 39.4 -26.0 62.0
v 40.0 -26.0 62.4
v 40.0 -25.1 35.8
v 40.0 -25.4 37.0
v 39.4 -25.0 45.0
v 40.0 -25.0 44.0
v 40.0 -24.8 38.0
v 40.0 -24.5 39.0
v 39.4 -24.0 39.0
v 40.0 -24.7 40.0
v 39.6 -24.0 44.0
v 39.3 -24.0 45.0
v 40.1 -24.2 53.0
v 40.0 -24.0 54.8
v 39.0 -24.0 58.0
v 40.0 -24.0 60.0
v 40.0 -24.4 61.0
v 39.9 -24.9 62.1
v 39.9 -23.0 34.8
v 39.4 -23.0 36.0
v 40.0 -23.7 40.8
v 40.0 -23.5 42.8
v 39.3 -23.1 47.1
v 39.6 -23.0 49.2
v 40.0 -23.5 55.0
v 40.0 -23.0 55.3
v 40.0 -23.6 58.0
v 39.6 -22.0 36.0
v 39.4 -22.0 46.0
v 39.6 -22.8 47.9
v 39.7 -23.0 51.0
v 39.8 -22.9 56.0
v 39.6 -21.0 46.2
v 39.7 -22.0 47.0
v 39.4 -20.4 45.0
v 39.6 -20.0 46.2
v 40.0 -18.9 36.7
v 39.6 -19.0 46.9
v 40.0 -18.0 37.5
v 40.1 -18.8 48.0
v 40.2 -18.6 49.0
v 40.0 -17.0 38.4
v 40.1 -17.8 50.1
v 40.3 -17.0 52.0
v 39.8 -14.8 39.8
v 40.5 -15.0 53.1
v 39.9 -14.2 41.2
v 40.1 -12.8 41.9
v 39.5 -13.0 53.0
v 40.0 -13.9 53.4
v 39.0 -12.3 51.0
v 39.5 -12.0 52.0
v 39.8 -12.0 53.1
v 39.1 -11.4 47.0
v 39.9 -11.5 51.1
v 40.0 -10.7 45.0
v 40.0 -29.6 58.0
v 41.0 -30.3 61.0
v 41.0 -29.1 57.0
v 41.0 -28.9 58.0
v 41.0 -29.6 59.0
v 41.0 -29.4 63.0
v 41.1 -29.1 64.1
v 40.1 -28.2 46.0
v 40.6 -28.0 49.0
v 41.0 -28.3 51.0
v 41.0 -27.7 53.0
v 41.0 -28.3 52.0
v 41.2 -28.3 55.2
v 40.1 -27.0 44.8
v 40.7 -27.0 46.0
v 41.0 -27.4 47.0
v 41.0 -27.9 48.0
v 41.2 -27.9 64.1
v 40.1 -26.1 44.6
v 41.3 -26.0 46.0
v 41.0 -27.0 62.8
v 41.1 -25.2 37.0
v 41.0 -25.1 38.0
v 40.8 -25.0 45.1
v 41.0 -25.0 62.4
v 40.0 -24.0 34.9
v 40.8 -24.0 36.1
v 41.0 -24.4 39.0
v 40.0 -24.0 43.6
v 41.0 -24.1 44.6
v 40.1 -24.3 54.0
v 40.0 -24.0 59.0
v 41.0 -24.0 60.0
v 41.0 -24.0 62.0
v 41.0 -23.0 34.3
v 41.1 -23.3 34.9
v 40.9 -23.8 40.0
v 41.0 -23.4 41.9
v 41.0 -23.5 43.8
v 40.1 -23.5 52.2
v 40.7 -23.0 53.1
v 41.0 -23.1 55.0
v 40.0 -23.3 57.0
v 41.0 -23.6 59.0
v 41.3 -22.0 52.0
v 41.0 -22.5 56.0
v 42.0 -22.6 58.0
v 41.0 -22.0 34.7
v 40.0 -21.1 36.3
v 41.2 -21.0 48.0
v 41.0 -20.0 36.1
v 41.0 -19.0 35.9
v 41.3 -20.0 48.0
v 40.7 -19.1 50.1
v 40.8 -19.1 51.0
v 40.5 -18.0 51.1
v 41.0 -17.7 52.0
v 40.9 -17.1 53.1
v 40.0 -16.1 39.3
v 41.0 -15.8 38.8
v 40.7 -16.1 53.2
v 41.0 -14.8 39.8
v 41.0 -14.0 40.6
v 41.2 -14.0 54.4
v 41.0 -12.4 42.0
v 40.0 -11.7 43.9
v 41.1 -13.0 53.9
v 40.7 -12.0 54.1
v 41.7 -11.4 44.0
v 40.9 -11.5 48.4
v 41.0 -11.3 50.0
v 40.5 -11.0 53.0
v 41.8 -10.7 45.0
v 40.2 -10.6 46.0
v 41.1 -10.5 52.0
v 40.9 -10.9 54.1
v 42.0 -30.1 62.0
v 42.0 -28.7 58.1
v 41.6 -29.7 59.6
v 41.9 -29.0 62.8
v 42.0 -28.6 57.0
v 42.8 -28.0 62.7
v 41.3 -27.0 47.2
v 41.5 -27.0 49.0
v 41.0 -27.7 50.1
v 43.1 -26.3 51.0
v 42.7 -26.7 52.0
v 42.0 -26.9 53.0
v 42.0 -27.0 63.3
v 42.3 -26.1 49.0
v 42.0 -26.0 63.0
v 41.4 -24.7 45.7
v 41.7 -25.8 47.8
v 41.9 -25.3 62.0
v 42.2 -24.1 37.0
v 42.2 -24.1 38.0
v 41.1 -23.8 60.9
v 41.9 -22.9 36.1
v 42.0 -23.5 39.1
v 41.5 -23.0 42.0
v 42.1 -23.1 41.0
v 41.4 -23.0 43.8
v 41.6 -23.1 45.1
v 41.1 -23.3 54.0
v 42.2 -23.2 59.1
v 41.9 -23.7 60.2
v 41.9 -22.2 34.8
v 41.6 -22.0 43.3
v 41.7 -21.9 44.9
v 41.5 -22.0 53.0
v 42.0 -22.4 57.0
v 42.7 -20.2 34.7
v 41.8 -22.0 42.0
v 41.4 -21.0 49.2
v 41.5 -21.1 51.0
v 41.6 -21.0 52.0
v 41.9 -21.7 55.0
v 41.9 -21.8 56.0
v 42.0 -20.0 35.4
v 41.5 -20.0 50.0
v 42.0 -20.0 51.0
v 42.1 -20.0 52.0
v 41.8 -20.0 53.0
v 41.6 -19.0 52.0
v 42.0 -18.0 35.7
v 41.1 -18.2 37.0
v 41.9 -16.8 37.0
v 41.1 -17.1 38.1
v 42.2 -17.9 53.0
v 42.2 -17.1 53.8
v 42.0 -16.3 38.2
v 42.3 -16.0 54.7
v 42.0 -15.5 39.0
v 42.3 -15.0 55.0
v 42.0 -13.6 40.8
v 41.2 -13.0 41.5
v 41.7 -13.0 55.0
v 42.1 -12.1 55.0
v 41.4 -11.6 42.8
v 41.9 -11.4 47.0
v 42.0 -11.6 48.0
v 42.0 -11.3 49.0
v 42.1 -10.7 46.0
v 41.2 -10.6 50.9
v 42.1 -10.3 51.1
v 41.2 -10.3 53.0
v 42.0 -10.3 53.8
v 42.0 -11.0 55.1
v 42.0 -9.6 52.0
v 42.0 -9.3 53.0
v 42.0 -30.2 61.0
v 43.0 -28.8 59.0
v 43.1 -29.4 61.1
v 43.2 -29.1 62.1
v 43.6 -28.5 57.8
v 42.0 -27.3 54.0
v 41.0 -27.7 54.0
v 43.0 -27.0 62.6
v 42.7 -25.8 49.9
v 43.6 -26.2 53.0
v 44.0 -26.5 54.8
v 43.0 -25.0 61.0
v 43.1 -25.9 62.4
v 43.0 -24.0 60.5
v 42.5 -23.0 39.0
v 43.1 -23.0 38.0
v 42.4 -23.0 40.0
v 42.3 -23.1 46.1
v 43.2 -23.1 59.9
v 43.0 -22.2 35.9
v 42.8 -22.8 37.0
v 42.6 -22.1 39.0
v 42.7 -22.0 40.0
v 42.9 -22.0 41.0
v 42.6 -22.2 46.1
v 42.1 -22.0 54.0
v 43.0 -22.1 57.0
v 42.9 -21.9 59.1
v 43.0 -21.0 34.7
v 43.9 -20.8 35.1
v 42.9 -21.0 38.0
v 43.2 -21.1 40.1
v 42.7 -21.0 41.0
v 42.4 -21.0 42.0
v 42.5 -21.0 43.0
v 43.4 -20.1 45.0
v 43.0 -21.5 55.9
v 42.9 -21.8 58.0
v 42.8 -21.0 39.0
v 42.8 -20.0 41.0
v 42.7 -20.0 42.0
v 43.3 -20.1 43.0
v 42.7 -20.0 54.0
v 43.0 -20.0 54.3
v 42.9 -20.7 55.0
v 42.3 -19.0 53.0
v 42.9 -19.0 54.3
v 43.1 -18.0 35.3
v 43.0 -18.1 55.0
v 42.7 -17.0 35.0
v 42.1 -17.5 35.9
v 43.0 -17.4 56.0
v 42.8 -17.0 56.1
v 43.0 -16.1 38.0
v 42.7 -16.0 56.0
v 43.2 -16.0 56.7
v 42.8 -16.0 35.0
v 42.7 -15.9 36.0
v 42.8 -15.9 37.0
v 43.0 -14.8 38.9
v 42.0 -15.0 40.0
v 42.9 -15.0 56.0
v 42.9 -15.0 57.1
v 43.0 -13.9 40.0
v 42.5 -14.0 56.0
v 42.9 -14.0 57.1
v 43.0 -13.0 34.0
v 43.0 -13.0 41.5
v 42.5 -13.0 56.0
v 43.0 -12.1 42.3
v 42.0 -11.9 42.0
v 43.0 -12.1 48.0
v 43.0 -13.0 56.5
v 43.0 -11.6 43.0
v 43.0 -11.3 45.0
v 43.0 -10.9 46.0
v 43.0 -10.8 48.9
v 42.9 -10.9 56.1
v 42.9 -10.2 50.4
v 43.0 -10.2 53.9
v 43.8 -10.7 56.0
v 43.0 -9.5 51.0
v 43.0 -9.4 53.0
v 43.0 -8.9 52.0
v 43.0 -29.3 60.0
v 43.0 -28.9 58.0
v 44.0 -28.5 60.0
v 44.2 -28.0 62.1
v 44.2 -27.0 62.3
v 44.1 -26.1 52.0
v 43.4 -24.9 49.9
v 44.2 -25.1 51.0
v 44.0 -25.0 61.5
v 44.0 -25.9 62.2
v 43.3 -21.1 46.1
v 43.7 -24.0 50.0
v 44.0 -23.0 60.3
v 43.5 -22.0 37.0
v 43.3 -22.0 38.0
v 44.0 -22.0 60.0
v 44.7 -20.7 36.0
v 44.3 -21.0 37.1
v 43.6 -21.2 47.1
v 44.3 -21.0 48.0
v 44.0 -21.6 57.0
v 44.0 -21.7 59.0
v 44.0 -20.0 34.1
v 43.9 -19.8 37.9
v 43.9 -19.8 39.0
v 44.0 -20.0 40.0
v 43.6 -20.1 47.0
v 44.0 -20.7 54.0
v 44.0 -20.0 53.7
v 44.0 -20.7 55.0
v 43.0 -19.0 35.3
v 44.0 -19.0 34.4
v 43.9 -18.8 40.9
v 43.8 -18.7 42.0
v 43.6 -19.0 43.0
v 43.5 -18.9 44.2
v 43.5 -17.2 46.0
v 44.3 -18.0 34.0
v 44.2 -18.2 43.0
v 43.7 -17.8 44.1
v 43.9 -19.0 53.8
v 43.6 -17.0 34.0
v 44.0 -17.0 44.4
v 43.6 -17.0 45.0
v 43.7 -17.1 47.0
v 44.0 -17.7 55.0
v 44.0 -17.8 56.0
v 44.0 -17.0 57.0
v 43.9 -16.0 32.0
v 44.0 -16.0 46.4
v 43.7 -15.7 32.6
v 43.5 -16.0 34.0
v 43.4 -15.0 35.0
v 43.6 -15.0 36.0
v 44.2 -15.1 37.0
v 43.9 -15.9 45.0
v 43.8 -15.9 46.0
v 44.0 -15.9 57.3
v 43.6 -14.0 33.0
v 43.4 -14.0 34.0
v 43.6 -14.0 35.0
v 43.5 -13.0 35.0
v 44.1 -14.0 36.0
v 44.0 -12.5 42.0
v 44.0 -14.0 57.2
v 43.8 -11.9 34.0
v 43.8 -11.9 35.0
v 43.9 -13.0 36.0
v 43.0 -12.0 47.0
v 44.0 -13.0 56.6
v 44.0 -11.6 44.5
v 44.0 -11.6 46.0
v 44.0 -11.6 48.0
v 44.0 -10.9 48.9
v 44.0 -11.0 56.3
v 44.0 -10.3 50.2
v 44.0 -10.4 54.9
v 43.8 -9.0 51.0
v 44.0 -9.0 50.9
v 44.0 -9.0 51.6
v 44.0 -9.1 52.0
v 44.0 -9.6 54.0
v 43.9 -8.0 51.0
v 44.0 -8.7 52.0
v 43.8 -7.9 52.0
v 44.0 -8.0 53.2
v 45.3 -27.2 60.0
v 45.1 -28.1 59.0
v 44.5 -28.0 61.0
v 44.8 -27.6 57.7
v 45.2 -27.0 61.1
v 44.0 -26.3 54.0
v 44.9 -25.7 55.1
v 45.3 -26.0 61.2
v 44.7 -25.0 53.0
v 44.4 -23.8 50.8
v 44.0 -24.0 61.1
v 45.1 -25.0 61.2
v 44.7 -23.8 51.8
v 44.6 -23.0 59.9
v 44.1 -21.6 57.9
v 44.6 -22.2 59.0
v 44.6 -21.2 49.1
v 45.3 -21.0 50.1
v 44.8 -21.4 56.0
v 45.0 -20.1 34.7
v 45.0 -20.4 37.2
v 44.4 -19.4 48.0
v 44.6 -19.2 49.0
v 45.0 -20.6 54.0
v 45.0 -20.0 53.6
v 45.0 -19.4 34.0
v 45.0 -19.5 38.0
v 44.8 -18.8 40.1
v 45.0 -19.3 39.0
v 46.0 -19.2 53.2
v 44.7 -18.8 33.7
v 44.9 -17.5 32.2
v 45.0 -18.4 41.0
v 45.0 -17.7 42.0
v 44.4 -17.0 48.0
v 44.7 -17.9 50.0
v 44.9 -17.9 53.8
v 44.3 -17.0 33.0
v 45.0 -17.3 43.3
v 44.5 -17.0 55.0
v 45.3 -17.0 54.0
v 44.4 -17.0 56.0
v 44.7 -16.0 31.0
v 45.0 -15.5 30.1
v 45.0 -16.0 44.4
v 44.4 -16.0 47.1
v 44.6 -16.0 49.0
v 44.6 -16.0 50.0
v 45.3 -15.2 54.0
v 44.5 -16.0 56.0
v 44.7 -16.0 57.0
v 44.7 -15.0 30.0
v 45.0 -15.0 29.3
v 44.3 -15.0 32.1
v 44.1 -15.0 38.0
v 45.0 -15.5 45.0
v 44.7 -15.0 47.0
v 45.1 -15.2 46.0
v 45.1 -15.0 49.0
v 44.9 -15.0 50.0
v 44.7 -15.0 55.0
v 44.6 -15.0 56.0
v 44.4 -15.0 57.0
v 44.8 -14.0 29.8
v 44.5 -14.0 32.0
v 44.4 -14.0 37.0
v 44.0 -14.0 38.0
v 44.2 -14.1 39.0
v 44.0 -14.1 40.0
v 45.0 -14.0 45.0
v 44.7 -15.0 48.0
v 45.0 -14.0 56.3
v 44.3 -14.0 57.0
v 45.0 -13.5 31.0
v 44.0 -13.0 33.2
v 44.4 -13.0 37.0
v 44.7 -12.9 38.0
v 44.0 -13.3 41.0
v 44.6 -13.0 45.0
v 45.4 -14.0 46.0
v 44.7 -13.1 46.0
v 45.0 -12.3 56.4
v 44.8 -12.8 40.1
v 45.0 -12.5 41.0
v 44.0 -11.8 43.0
v 45.0 -12.5 43.0
v 45.0 -12.7 44.1
v 44.4 -12.0 44.1
v 44.4 -12.0 46.0
v 44.6 -11.7 36.0
v 44.8 -11.9 37.0
v 45.0 -11.6 49.0
v 44.8 -11.0 50.1
v 45.0 -10.0 50.6
v 45.0 -10.5 55.0
v 45.1 -10.9 56.1
v 45.0 -9.4 51.0
v 44.3 -9.0 51.0
v 44.8 -9.3 52.4
v 45.1 -9.6 54.0
v 45.0 -8.0 50.6
v 45.0 -8.6 51.0
v 45.8 -8.4 52.1
v 45.0 -6.8 50.9
v 45.0 -6.8 52.1
v 45.0 -8.0 53.1
v 45.1 -27.2 57.0
v 45.5 -27.2 58.9
v 45.4 -25.0 55.0
v 45.7 -26.0 58.0
v 46.1 -26.0 59.0
v 45.6 -26.0 60.0
v 45.3 -24.9 54.0
v 45.6 -25.8 56.8
v 46.3 -24.9 56.9
v 45.6 -25.0 59.9
v 45.7 -24.0 55.0
v 45.4 -24.0 60.0
v 45.6 -23.1 53.9
v 45.9 -23.1 57.0
v 46.2 -23.9 59.0
v 45.3 -22.6 51.7
v 45.6 -22.0 53.0
v 45.5 -22.0 54.0
v 45.7 -22.0 55.0
v 44.9 -21.8 57.4
v 46.1 -22.0 56.0
v 45.6 -21.0 52.0
v 46.1 -21.0 53.0
v 45.4 -21.0 54.0
v 45.1 -20.9 55.1
v 46.0 -20.3 36.0
v 46.0 -20.2 37.1
v 45.3 -20.1 50.0
v 46.0 -19.2 33.9
v 46.0 -19.7 35.0
v 46.0 -18.8 37.9
v 45.3 -19.0 50.0
v 45.7 -19.1 52.1
v 46.0 -17.5 32.1
v 46.0 -18.5 39.3
v 46.1 -18.2 41.0
v 45.5 -18.0 51.0
v 46.2 -18.0 53.1
v 46.0 -17.5 42.0
v 46.1 -17.1 43.1
v 45.4 -16.5 51.0
v 45.7 -17.0 52.0
v 46.1 -17.0 53.0
v 46.0 -16.4 30.8
v 45.4 -16.0 52.0
v 45.1 -16.0 53.0
v 46.1 -15.8 43.7
v 45.4 -15.0 46.0
v 46.0 -15.1 45.4
v 45.4 -15.0 51.0
v 45.5 -14.9 52.6
v 46.0 -14.0 28.9
v 46.0 -14.4 45.0
v 45.4 -14.0 47.0
v 45.4 -14.0 48.2
v 45.5 -13.9 55.0
v 45.2 -14.0 56.0
v 46.0 -13.3 30.0
v 45.7 -13.0 30.9
v 45.2 -13.1 32.1
v 46.0 -13.0 43.0
v 46.0 -13.5 44.0
v 45.4 -13.0 47.0
v 45.5 -13.0 48.4
v 45.5 -13.9 50.0
v 45.9 -11.8 32.1
v 45.3 -12.0 33.2
v 45.7 -12.5 39.0
v 46.0 -12.0 41.5
v 46.0 -12.3 42.0
v 45.1 -11.9 47.0
v 45.3 -12.0 48.7
v 45.4 -12.0 50.0
v 45.5 -12.1 51.0
v 45.5 -11.7 54.6
v 45.4 -12.4 56.0
v 46.0 -11.6 33.0
v 45.0 -11.5 34.0
v 46.0 -10.8 37.0
v 46.0 -11.6 38.0
v 45.9 -11.7 41.0
v 46.0 -11.0 51.0
v 45.7 -11.0 52.1
v 45.6 -11.0 54.1
v 45.1 -10.8 35.0
v 46.0 -10.6 36.0
v 46.1 -9.9 50.9
v 46.0 -10.2 54.0
v 46.2 -10.0 54.0
v 46.0 -9.7 52.2
v 45.9 -8.0 49.9
v 46.0 -8.2 50.0
v 46.0 -8.5 51.0
v 46.1 -8.0 52.2
v 46.0 -6.8 50.8
v 46.1 -6.9 52.1
v 46.4 -25.0 58.0
v 46.4 -25.0 59.0
v 46.4 -24.0 57.0
v 46.5 -24.0 58.0
v 46.1 -23.0 55.0
v 46.4 -23.0 56.0
v 46.1 -23.0 58.0
v 46.2 -19.0 53.0
v 47.0 -19.6 36.0
v 47.0 -19.4 37.1
v 47.0 -17.7 33.0
v 47.0 -18.6 34.0
v 47.1 -18.5 38.0
v 46.8 -17.8 40.0
v 47.1 -18.2 38.9
v 46.1 -18.0 52.0
v 47.0 -17.2 31.9
v 46.4 -17.0 42.2
v 47.1 -17.0 41.0
v 47.0 -16.6 31.0
v 46.4 -16.0 43.0
v 46.0 -15.0 29.4
v 46.9 -16.0 41.0
v 46.9 -14.8 42.0
v 46.9 -14.8 42.9
v 47.0 -15.0 46.0
v 47.0 -14.0 28.8
v 46.4 -14.0 45.0
v 47.0 -13.5 45.0
v 46.9 -14.0 46.1
v 47.0 -12.9 29.6
v 47.0 -11.6 31.0
v 46.3 -12.0 42.0
v 47.0 -13.0 43.9
v 46.8 -11.9 44.1
v 47.0 -11.3 38.0
v 47.0 -11.3 39.0
v 46.0 -11.7 40.0
v 47.0 -10.9 40.0
v 46.9 -10.8 42.1
v 47.0 -10.6 35.0
v 47.0 -10.4 36.0
v 47.0 -10.6 37.0
v 46.7 -10.8 42.9
v 46.8 -11.0 44.1
v 46.2 -10.0 52.0
v 47.0 -8.0 49.2
v 47.0 -8.8 50.0
v 47.0 -7.2 50.0
v 46.4 -7.0 51.0
v 47.1 -8.0 51.0
v 48.0 -19.2 35.9
v 48.0 -19.0 37.0
v 48.0 -18.7 35.0
v 48.2 -17.3 33.1
v 47.9 -18.0 37.0
v 47.8 -16.7 39.1
v 47.4 -17.0 40.0
v 47.0 -16.1 29.9
v 48.2 -16.3 31.9
v 47.7 -16.0 40.0
v 47.9 -15.5 29.8
v 48.0 -15.7 40.0
v 48.1 -15.4 40.9
v 47.0 -15.3 44.0
v 47.0 -15.3 45.0
v 48.0 -14.0 28.8
v 48.1 -14.6 44.0
v 48.0 -14.6 45.0
v 48.1 -14.0 46.2
v 48.0 -13.0 45.4
v 48.0 -13.7 46.0
v 47.4 -12.0 30.0
v 48.0 -12.0 29.6
v 48.0 -12.5 45.0
v 47.8 -11.0 29.9
v 48.0 -11.1 32.0
v 47.0 -11.4 33.1
v 47.0 -11.2 34.0
v 47.0 -11.1 41.0
v 48.2 -11.9 44.8
v 48.0 -10.7 30.0
v 47.8 -10.8 31.0
v 48.0 -10.7 33.0
v 48.0 -10.6 34.0
v 48.0 -10.4 40.0
v 48.0 -10.6 41.0
v 48.0 -10.4 42.0
v 48.0 -9.7 43.0
v 47.8 -9.8 44.1
v 47.4 -8.0 50.0
v 48.3 -19.0 36.0
v 48.2 -18.1 33.9
v 49.0 -18.0 35.0
v 48.8 -16.7 34.0
v 48.8 -17.0 35.0
v 49.0 -18.0 36.0
v 48.8 -17.0 36.0
v 48.8 -16.6 38.0
v 48.0 -16.3 31.0
v 49.0 -16.8 35.3
v 49.0 -15.2 29.9
v 49.0 -15.6 31.0
v 49.0 -15.6 32.0
v 47.8 -14.6 42.1
v 48.9 -12.9 29.4
v 49.0 -14.0 46.0
v 49.0 -13.0 45.6
v 49.0 -12.0 29.3
v 48.6 -11.0 29.0
v 49.0 -12.0 45.4
v 48.9 -10.0 28.0
v 48.8 -9.8 30.0
v 49.0 -10.4 31.0
v 49.0 -10.4 34.0
v 48.0 -10.3 35.0
v 49.0 -9.7 35.0
v 48.0 -10.3 37.0
v 48.0 -10.4 37.9
v 48.0 -10.5 39.0
v 48.5 -10.0 45.0
v 48.7 -9.8 29.0
v 48.2 -9.8 36.0
v 49.0 -9.6 36.9
v 49.0 -9.7 39.9
v 49.0 -9.4 43.0
v 48.8 -8.9 44.0
v 49.1 -9.0 45.4
v 48.8 -8.9 45.0
v 48.9 -15.8 33.0
v 51.0 -16.2 35.9
v 50.0 -16.5 36.4
v 51.1 -16.3 37.9
v 50.0 -16.2 39.0
v 50.0 -14.9 32.0
v 50.0 -15.6 40.0
v 50.9 -15.4 41.0
v 49.0 -14.0 28.9
v 50.0 -14.0 29.5
v 50.1 -14.5 30.0
v 49.9 -14.6 42.0
v 50.0 -14.5 44.0
v 49.9 -14.1 45.3
v 50.0 -13.0 29.3
v 50.0 -13.0 45.4
v 49.1 -11.0 28.5
v 49.8 -10.8 28.2
v 49.8 -10.1 26.9
v 49.1 -10.5 32.0
v 49.0 -10.3 41.0
v 49.0 -10.2 42.0
v 50.0 -10.1 45.5
v 49.9 -9.0 26.1
v 49.6 -9.0 28.0
v 50.0 -9.6 30.0
v 50.0 -9.5 35.0
v 50.0 -9.1 36.0
v 50.0 -9.6 41.0
v 50.0 -9.5 42.0
v 50.0 -8.7 43.0
v 50.1 -8.5 27.1
v 49.9 -8.8 29.0
v 49.9 -7.9 45.0
v 50.0 -9.0 46.1
v 50.9 -15.7 35.0
v 51.0 -16.4 37.0
v 50.0 -15.1 31.0
v 50.0 -15.3 33.0
v 51.0 -14.8 33.0
v 51.0 -15.4 34.0
v 51.0 -15.5 39.2
v 51.0 -14.0 29.6
v 50.9 -14.6 31.1
v 51.0 -14.5 42.0
v 51.0 -14.2 44.1
v 51.0 -13.0 28.8
v 50.9 -13.0 44.8
v 51.0 -11.6 28.2
v 51.0 -12.0 45.4
v 51.0 -11.0 45.4
v 51.1 -9.8 26.1
v 51.0 -10.5 27.0
v 51.9 -10.3 31.0
v 50.9 -10.5 32.6
v 50.6 -10.4 34.0
v 51.0 -9.0 24.8
v 52.0 -9.6 35.0
v 51.2 -9.3 36.8
v 51.0 -8.7 38.0
v 50.0 -9.4 38.2
v 50.1 -9.4 40.0
v 51.0 -9.3 41.0
v 50.8 -10.0 45.6
v 51.0 -9.0 46.4
v 51.0 -8.3 25.0
v 51.0 -8.3 26.0
v 51.0 -8.3 28.0
v 51.1 -8.6 39.9
v 51.0 -8.4 43.0
v 50.0 -8.3 44.0
v 51.0 -8.0 46.4
v 51.0 -7.6 44.0
v 51.0 -7.3 45.0
v 51.0 -7.0 46.0
v 51.4 -15.9 36.1
v 52.9 -15.1 34.0
v 52.0 -15.4 35.0
v 52.1 -15.2 36.0
v 51.7 -14.9 37.1
v 51.5 -15.0 39.0
v 51.7 -14.9 40.0
v 51.7 -15.0 41.0
v 51.9 -14.2 29.9
v 52.0 -14.9 32.0
v 52.0 -14.7 33.0
v 52.0 -14.6 38.0
v 51.9 -14.0 41.0
v 51.6 -13.9 42.0
v 52.1 -12.9 29.3
v 52.1 -13.1 44.1
v 52.0 -12.0 28.5
v 52.0 -10.7 27.0
v 52.1 -11.5 28.0
v 51.9 -11.0 44.9
v 52.0 -12.0 45.1
v 51.9 -10.3 25.0
v 51.9 -10.4 26.0
v 52.0 -10.4 32.5
v 52.0 -10.0 45.4
v 52.0 -9.0 23.7
v 52.0 -9.4 30.0
v 52.0 -9.4 36.0
v 52.0 -8.7 37.0
v 51.0 -9.2 42.0
v 52.1 -9.0 46.3
v 51.9 -7.9 24.0
v 52.0 -8.0 25.0
v 51.9 -8.4 28.9
v 52.0 -8.4 38.0
v 52.0 -8.0 46.9
v 52.0 -7.0 21.0
v 51.0 -7.8 27.0
v 52.5 -7.4 27.0
v 52.0 -6.6 44.0
v 51.8 -7.0 22.0
v 52.0 -7.0 23.0
v 52.0 -6.1 45.0
v 52.0 -6.8 46.3
v 52.5 -15.0 35.0
v 53.7 -14.4 31.9
v 53.0 -14.6 33.0
v 52.9 -13.9 35.0
v 52.5 -14.0 37.0
v 52.9 -13.8 37.9
v 53.1 -14.2 39.0
v 53.1 -14.2 40.0
v 53.1 -13.0 29.6
v 53.0 -13.6 36.4
v 52.9 -12.7 42.0
v 53.2 -13.2 41.0
v 52.3 -13.2 43.0
v 52.7 -12.0 44.0
v 53.0 -11.3 27.0
v 53.3 -10.9 44.1
v 53.0 -10.4 24.0
v 53.0 -10.9 25.0
v 53.0 -10.7 26.0
v 52.0 -10.2 34.0
v 52.8 -9.0 22.8
v 53.0 -9.0 29.9
v 53.0 -9.5 33.9
v 53.0 -9.3 35.9
v 53.0 -8.5 37.0
v 53.0 -9.9 44.6
v 52.9 -8.2 20.9
v 53.0 -8.5 22.0
v 52.5 -8.0 22.0
v 52.3 -8.0 23.0
v 54.0 -8.1 29.0
v 53.0 -7.7 38.0
v 52.0 -8.3 39.0
v 53.0 -7.0 20.0
v 53.0 -7.0 23.6
v 53.2 -7.4 25.1
v 52.0 -7.7 28.0
v 52.1 -7.8 40.0
v 52.8 -7.6 41.0
v 52.9 -7.6 42.0
v 53.0 -6.8 42.9
v 53.2 -6.9 46.2
v 52.9 -6.6 21.2
v 53.0 -6.3 45.0
v 53.0 -5.9 44.0
v 54.0 -13.5 30.9
v 54.0 -14.4 33.0
v 54.0 -14.3 34.0
v 54.0 -13.5 35.0
v 54.0 -13.4 36.2
v 53.9 -13.4 39.0
v 53.2 -12.4 28.9
v 53.9 -12.8 40.1
v 54.0 -12.5 41.0
v 54.0 -11.7 42.0
v 53.3 -12.0 43.0
v 54.0 -10.9 42.9
v 54.0 -10.6 25.0
v 54.0 -10.6 26.0
v 54.0 -9.9 43.9
v 53.9 -8.8 22.1
v 53.3 -9.1 30.8
v 54.0 -9.1 33.0
v 54.0 -9.1 35.0
v 54.0 -9.0 44.7
v 53.2 -8.0 30.0
v 53.5 -9.1 32.0
v 54.0 -8.0 32.4
v 54.0 -8.7 36.0
v 53.1 -8.0 46.3
v 54.0 -7.0 19.6
v 53.3 -7.1 24.0
v 54.1 -7.3 26.2
v 54.0 -7.6 28.0
v 53.9 -6.8 31.0
v 54.0 -7.5 38.0
v 53.7 -6.0 20.0
v 54.0 -6.0 19.5
v 54.0 -6.0 20.4
v 54.0 -6.4 21.0
v 54.0 -6.5 22.0
v 53.7 -6.0 24.0
v 54.0 -7.0 24.9
v 53.6 -6.0 25.0
v 54.0 -6.6 26.0
v 53.1 -6.0 26.0
v 53.4 -6.0 27.0
v 53.9 -6.9 32.1
v 53.4 -7.3 40.0
v 54.0 -6.3 43.0
v 54.0 -6.1 44.5
v 54.0 -7.0 46.0
v 53.9 -5.0 18.8
v 54.0 -5.4 26.0
v 54.0 -6.0 27.2
v 54.0 -5.8 44.0
v 54.0 -4.4 19.0
v 53.9 -4.9 20.1
v 53.9 -5.0 25.0
v 54.9 -14.3 32.1
v 54.9 -13.5 34.0
v 54.0 -12.9 30.0
v 55.0 -13.3 30.0
v 55.0 -13.7 33.0
v 54.4 -13.0 36.2
v 54.6 -12.8 38.0
v 55.0 -12.6 29.0
v 55.0 -12.8 35.0
v 55.0 -12.4 36.0
v 55.0 -11.9 37.0
v 55.0 -12.5 39.0
v 55.0 -12.4 40.0
v 55.1 -12.3 41.1
v 55.0 -11.4 27.0
v 55.2 -11.7 28.1
v 55.0 -11.0 43.0
v 54.0 -10.1 23.0
v 55.1 -10.4 23.9
v 55.0 -10.6 25.0
v 55.0 -10.1 44.1
v 55.0 -9.3 22.0
v 55.0 -9.7 23.0
v 54.1 -8.0 20.4
v 54.0 -8.4 21.0
v 54.9 -8.3 32.9
v 54.1 -8.8 34.0
v 55.0 -8.6 35.0
v 54.8 -8.0 44.7
v 54.9 -7.1 18.8
v 55.0 -7.1 25.7
v 55.0 -7.5 29.0
v 54.0 -7.6 30.0
v 55.1 -6.6 31.0
v 55.0 -7.6 37.0
v 54.0 -7.3 39.0
v 54.0 -7.3 41.0
v 54.0 -7.2 42.0
v 54.5 -7.0 45.0
v 55.0 -7.0 44.6
v 55.1 -6.1 22.0
v 54.2 -6.2 23.0
v 55.0 -6.8 26.0
v 55.2 -6.5 27.0
v 55.0 -6.1 40.0
v 55.0 -6.4 41.0
v 55.0 -6.5 42.0
v 55.0 -5.9 43.0
v 54.9 -5.0 17.8
v 54.4 -5.0 24.0
v 54.9 -5.0 27.2
v 54.7 -4.0 18.0
v 55.1 -4.0 19.0
v 55.0 -4.7 20.2
v 54.8 -4.9 23.0
v 55.3 -4.2 25.0
v 55.0 -3.0 18.0
v 56.0 -14.1 32.0
v 56.1 -13.2 28.9
v 56.0 -13.6 30.0
v 56.0 -13.7 31.0
v 56.0 -12.9 33.0
v 56.0 -13.1 34.0
v 56.0 -11.8 28.1
v 56.0 -12.5 35.0
v 56.0 -11.7 36.0
v 56.0 -12.0 41.0
v 56.0 -11.2 25.0
v 56.0 -11.4 26.0
v 55.0 -10.8 26.0
v 56.0 -11.4 37.0
v 55.9 -11.5 38.0
v 55.8 -11.8 40.0
v 55.2 -11.3 42.1
v 56.0 -11.0 41.6
v 56.1 -10.5 24.0
v 56.3 -9.9 42.1
v 56.3 -9.3 42.8
v 56.0 -9.3 21.0
v 56.0 -9.6 22.0
v 56.3 -9.0 44.0
v 56.0 -9.0 44.3
v 56.0 -8.2 18.9
v 56.0 -8.6 20.0
v 56.0 -8.3 34.0
v 54.1 -8.4 36.8
v 56.0 -8.0 44.5
v 56.6 -7.0 25.0
v 56.0 -7.4 28.0
v 56.0 -6.9 29.0
v 56.0 -7.1 30.0
v 56.0 -7.0 32.6
v 56.0 -7.2 37.9
v 55.0 -6.9 38.0
v 54.8 -6.0 18.6
v 56.0 -6.0 17.6
v 55.1 -6.1 20.9
v 56.8 -6.7 25.9
v 56.9 -6.0 27.5
v 56.0 -6.6 31.0
v 56.0 -6.6 32.0
v 56.0 -6.3 40.0
v 56.0 -5.9 41.0
v 56.0 -6.4 42.0
v 56.0 -6.4 43.0
v 55.0 -5.9 44.1
v 56.0 -5.0 16.7
v 56.0 -5.0 21.0
v 55.5 -5.0 22.0
v 55.9 -4.0 16.6
v 55.5 -4.0 20.0
v 56.2 -4.1 21.0
v 55.7 -4.0 22.0
v 55.4 -4.0 23.0
v 55.2 -4.2 23.9
v 56.0 -4.0 26.4
v 56.0 -4.6 27.0
v 55.9 -3.0 16.8
v 55.5 -3.0 19.0
v 55.6 -3.0 20.0
v 55.9 -2.8 23.9
v 55.2 -4.4 26.0
v 55.9 -2.7 17.2
v 56.0 -2.0 20.0
v 55.9 -2.8 23.0
v 57.0 -14.2 30.0
v 57.0 -13.3 28.8
v 57.0 -14.3 31.0
v 57.0 -13.6 32.0
v 57.0 -12.3 27.0
v 57.0 -12.5 28.0
v 56.9 -12.7 32.9
v 57.1 -12.6 34.0
v 57.9 -11.5 25.0
v 56.6 -11.6 26.3
v 57.0 -11.6 36.0
v 57.0 -10.7 37.0
v 56.5 -11.0 38.0
v 56.4 -11.2 40.9
v 57.0 -10.3 22.0
v 57.0 -10.4 23.0
v 56.0 -9.8 23.0
v 56.7 -10.3 38.5
v 56.4 -10.9 39.2
v 56.8 -9.3 20.8
v 56.8 -8.3 18.9
v 56.0 -8.3 35.0
v 57.0 -9.6 39.0
v 56.9 -7.9 40.9
v 56.6 -8.1 41.8
v 56.7 -8.0 43.0
v 57.1 -8.0 44.1
v 56.0 -7.0 18.3
v 57.0 -7.1 17.7
v 56.9 -7.3 26.0
v 56.9 -7.3 27.0
v 57.1 -7.3 34.0
v 56.8 -7.6 35.1
v 57.0 -6.7 37.0
v 57.2 -7.0 42.1
v 56.3 -7.0 44.1
v 57.0 -6.6 27.0
v 56.9 -6.0 30.0
v 57.0 -6.5 32.9
v 56.0 -6.6 39.0
v 57.0 -6.3 40.0
v 57.0 -6.7 42.0
v 57.1 -7.0 43.0
v 57.0 -5.0 16.4
v 57.0 -6.0 17.3
v 57.0 -5.0 27.4
v 57.0 -3.0 16.5
v 56.4 -3.0 22.0
v 56.3 -3.1 25.0
v 56.0 -2.5 19.1
v 57.0 -1.7 20.0
v 56.6 -2.1 21.0
v 57.0 -2.6 24.8
v 57.0 -2.8 26.1
v 57.0 -1.8 21.0
v 58.0 -14.4 30.0
v 58.0 -14.3 31.0
v 58.9 -13.5 29.0
v 58.1 -13.5 32.0
v 58.0 -12.3 26.0
v 58.1 -12.3 35.1
v 58.1 -11.3 36.0
v 58.1 -10.2 20.9
v 58.2 -10.5 22.2
v 58.2 -9.3 38.1
v 58.0 -9.3 39.0
v 58.0 -8.1 40.3
v 58.0 -6.9 17.4
v 57.9 -7.0 26.0
v 57.9 -7.0 27.0
v 57.1 -7.1 28.0
v 57.9 -7.2 35.0
v 58.1 -7.0 41.1
v 57.2 -6.2 28.9
v 57.2 -6.2 31.1
v 57.6 -6.0 32.9
v 58.0 -6.7 36.0
v 58.0 -6.4 37.0
v 57.3 -6.6 37.8
v 58.0 -6.4 39.0
v 58.0 -5.9 40.0
v 58.0 -6.8 41.0
v 57.0 -5.9 41.0
v 58.0 -5.0 15.7
v 58.1 -5.2 27.9
v 57.5 -6.0 28.0
v 57.6 -5.0 30.0
v 57.9 -5.0 32.0
v 57.2 -4.0 15.7
v 57.0 -4.0 26.7
v 58.0 -4.0 27.5
v 58.0 -5.0 28.5
v 58.0 -4.0 30.0
v 58.0 -2.9 15.9
v 57.1 -2.6 17.0
v 58.0 -2.4 18.0
v 58.0 -2.3 22.0
v 57.0 -2.5 22.0
v 58.8 -2.5 26.9
v 58.9 -2.9 28.1
v 58.4 -1.6 21.3
v 59.0 -12.7 28.0
v 59.1 -13.7 30.9
v 59.0 -12.4 34.0
v 58.9 -10.6 24.1
v 59.0 -12.0 35.0
v 59.2 -10.4 21.0
v 59.0 -11.0 34.9
v 58.9 -10.0 35.8
v 58.1 -10.3 36.9
v 57.9 -8.8 20.1
v 59.1 -9.8 20.4
v 58.9 -8.8 37.0
v 60.0 -8.0 38.4
v 59.2 -6.6 17.1
v 59.0 -7.0 40.3
v 58.7 -6.1 34.5
v 59.0 -6.4 38.0
v 59.0 -6.5 39.0
v 59.0 -6.0 40.0
v 59.0 -5.2 15.7
v 58.6 -5.0 28.0
v 58.4 -5.0 33.0
v 59.0 -5.9 37.0
v 59.0 -4.0 15.4
v 58.6 -4.0 28.0
v 59.0 -4.0 28.6
v 59.0 -4.3 29.0
v 58.2 -4.9 31.0
v 58.5 -4.0 32.0
v 58.9 -4.9 34.1
v 59.0 -3.5 30.0
v 58.7 -3.0 31.0
v 58.7 -3.0 32.0
v 59.0 -1.7 18.0
v 58.0 -2.2 19.0
v 59.0 -2.3 23.0
v 59.0 -2.4 24.0
v 59.0 -2.0 32.0
v 59.0 -1.6 19.0
v 58.0 -1.6 20.0
v 59.1 -14.3 30.0
v 60.0 -13.1 28.0
v 60.0 -13.6 29.0
v 60.0 -13.3 32.0
v 59.0 -12.3 26.0
v 60.0 -12.3 26.9
v 59.9 -12.5 33.0
v 59.8 -12.0 33.7
v 60.9 -10.5 24.9
v 60.1 -10.1 35.1
v 59.2 -8.4 18.9
v 60.2 -8.7 35.7
v 59.1 -8.4 38.9
v 60.1 -6.2 15.8
v 59.0 -6.3 35.0
v 59.0 -6.3 36.0
v 59.9 -6.1 37.7
v 60.1 -7.0 39.0
v 60.0 -5.0 15.3
v 60.0 -5.5 35.0
v 60.0 -5.0 34.6
v 60.0 -5.6 36.0
v 60.0 -4.0 14.9
v 59.3 -4.0 33.0
v 60.0 -3.9 34.2
v 59.9 -3.0 15.5
v 60.0 -3.4 30.0
v 60.0 -3.0 34.0
v 60.0 -2.5 16.0
v 59.0 -2.3 17.0
v 60.0 -2.3 25.0
v 59.9 -2.4 25.9
v 59.9 -2.8 28.1
v 60.1 -2.4 31.0
v 59.7 -2.1 33.0
v 60.0 -1.4 19.0
v 60.0 -1.6 23.0
v 60.0 -1.7 24.0
v 60.0 -1.6 32.0
v 60.0 -1.8 33.1
v 61.0 -14.1 30.0
v 61.0 -13.5 31.0
v 60.6 -12.1 27.4
v 61.0 -12.7 32.0
v 61.1 -12.1 33.1
v 60.3 -10.7 25.4
v 60.9 -10.9 27.1
v 60.3 -10.9 34.2
v 61.2 -10.3 20.9
v 61.1 -10.5 22.4
v 61.0 -10.5 26.0
v 60.7 -9.8 33.9
v 61.0 -8.6 19.2
v 60.9 -10.0 33.0
v 60.7 -8.9 35.1
v 61.0 -8.4 36.0
v 61.1 -8.2 37.0
v 61.0 -7.1 17.8
v 61.2 -7.0 38.1
v 61.0 -6.2 15.8
v 61.2 -6.6 17.0
v 61.0 -5.1 14.8
v 61.0 -5.4 35.0
v 61.0 -5.0 34.5
v 60.6 -5.5 37.2
v 61.0 -6.0 38.1
v 61.0 -4.0 14.5
v 60.0 -4.0 29.0
v 60.9 -4.2 33.8
v 61.0 -2.9 14.9
v 61.0 -3.0 33.4
v 60.9 -2.4 16.1
v 61.0 -2.6 30.0
v 61.0 -2.3 31.0
v 61.0 -2.0 31.4
v 61.0 -1.4 18.0
v 61.0 -0.8 19.0
v 60.0 -1.4 20.0
v 60.2 -1.5 21.5
v 61.0 -1.6 23.9
v 61.0 -1.7 25.0
v 61.0 -1.8 26.0
v 61.0 -1.0 31.0
v 61.0 -1.0 31.0
v 61.0 -1.0 31.0
v 61.0 -1.0 32.0
v 61.1 -1.9 33.1
v 61.0 -0.7 20.0
v 61.0 -1.0 31.0
v 61.0 -1.0 32.0
v 61.1 -13.3 29.0
v 62.0 -13.3 30.0
v 62.1 -13.2 31.0
v 62.2 -12.0 28.7
v 62.0 -12.1 32.3
v 62.0 -10.6 27.2
v 62.5 -11.0 28.0
v 61.9 -11.2 31.0
v 61.6 -11.0 32.0
v 62.0 -11.6 32.0
v 61.2 -11.0 33.2
v 62.0 -10.2 20.9
v 62.0 -10.3 24.0
v 62.0 -10.0 26.4
v 61.8 -10.1 30.0
v 61.5 -10.0 32.0
v 62.1 -8.8 20.2
v 62.0 -9.7 25.0
v 61.9 -9.7 26.0
v 61.8 -9.0 30.0
v 61.8 -9.0 31.1
v 62.0 -9.5 32.0
v 62.3 -9.2 32.9
v 61.0 -8.0 18.5
v 63.0 -8.2 18.9
v 61.8 -7.8 36.0
v 62.3 -8.2 34.9
v 62.1 -6.8 18.2
v 62.2 -7.0 37.0
v 62.0 -5.7 16.0
v 62.1 -5.1 14.8
v 62.0 -5.5 35.0
v 62.2 -5.9 37.0
v 62.0 -4.0 14.6
v 61.8 -4.8 32.0
v 61.5 -4.0 33.0
v 62.1 -4.9 34.0
v 61.0 -3.1 28.0
v 61.2 -3.1 29.0
v 61.6 -2.9 31.9
v 62.0 -2.8 16.0
v 62.0 -2.0 16.5
v 62.0 -2.2 24.0
v 62.0 -2.3 25.0
v 61.0 -2.4 27.1
v 61.6 -2.0 28.0
v 62.2 -2.0 29.0
v 61.7 -2.0 30.0
v 62.0 -2.0 30.4
v 62.0 -2.5 31.0
v 60.1 -1.7 17.0
v 62.0 -1.3 18.0
v 62.0 -1.0 21.4
v 61.8 -1.3 21.8
v 62.0 -1.6 23.0
v 62.0 -1.6 27.0
v 62.0 -1.0 30.0
v 62.0 -1.3 31.0
v 62.1 -1.0 31.0
v 62.0 -0.6 19.0
v 62.0 -0.6 21.0
v 62.0 -1.0 30.0
v 62.0 -0.6 31.0
v 63.3 -12.1 30.1
v 63.0 -12.4 31.0
v 63.2 -11.0 29.0
v 63.0 -11.6 31.0
v 63.4 -12.0 32.1
v 62.0 -10.4 22.3
v 63.0 -10.1 26.7
v 63.0 -10.4 28.0
v 63.0 -10.0 28.4
v 62.6 -10.0 29.0
v 63.1 -10.9 30.0
v 63.0 -8.7 20.2
v 63.0 -9.5 21.0
v 63.0 -9.6 22.3
v 63.0 -9.6 24.0
v 63.1 -9.1 25.3
v 63.0 -9.7 27.0
v 62.5 -9.0 26.1
v 62.6 -9.0 28.0
v 63.0 -9.6 28.0
v 62.4 -9.0 29.0
v 63.0 -9.0 32.0
v 63.0 -8.6 25.0
v 62.1 -8.0 27.0
v 62.5 -8.1 28.3
v 62.4 -7.8 30.2
v 62.5 -8.0 31.0
v 63.0 -8.5 33.0
v 63.2 -8.1 34.0
v 63.0 -7.0 18.4
v 62.6 -7.0 25.0
v 62.3 -8.0 25.0
v 62.3 -7.7 26.4
v 62.5 -7.0 28.0
v 62.6 -7.0 31.0
v 62.7 -7.0 32.0
v 62.6 -7.0 35.0
v 62.4 -7.0 36.0
v 63.0 -6.2 17.0
v 63.0 -6.5 18.0
v 62.9 -7.0 24.0
v 63.5 -5.1 26.0
v 62.6 -6.0 26.2
v 62.7 -6.0 30.0
v 62.9 -6.0 31.0
v 62.5 -6.0 32.0
v 62.6 -6.0 33.0
v 62.6 -6.0 34.0
v 63.2 -7.0 34.0
v 62.4 -6.0 35.0
v 63.2 -5.2 15.7
v 62.6 -5.0 31.0
v 62.2 -4.8 33.0
v 62.6 -4.1 30.9
v 62.0 -3.0 15.0
v 62.8 -3.0 29.9
v 62.2 -3.0 31.0
v 64.0 -2.7 25.8
v 63.0 -2.3 26.0
v 63.0 -2.0 30.0
v 63.0 -1.6 17.0
v 63.0 -1.0 17.7
v 63.0 -1.1 21.8
v 63.0 -1.5 23.0
v 62.8 -1.6 26.9
v 62.1 -1.3 28.1
v 63.0 -1.7 29.0
v 63.0 -2.0 30.0
v 62.0 -1.0 30.0
v 63.0 -0.7 18.1
v 63.0 -0.3 20.0
v 62.7 0.0 21.0
v 63.0 0.3 21.0
v 63.0 -0.4 22.0
v 62.9 0.0 22.1
v 63.0 0.4 22.0
v 64.0 -12.0 31.0
v 64.0 -10.0 26.0
v 64.0 -10.3 27.0
v 63.9 -10.0 28.0
v 64.2 -9.4 22.4
v 64.0 -9.4 24.0
v 64.0 -9.6 27.0
v 64.0 -9.0 25.2
v 63.2 -8.0 31.9
v 63.4 -8.0 33.0
v 63.3 -7.0 33.0
v 63.5 -6.0 18.0
v 63.7 -6.0 19.0
v 64.0 -7.0 23.0
v 63.5 -6.0 24.0
v 64.3 -6.0 23.0
v 63.0 -5.0 15.0
v 64.2 -5.0 17.0
v 64.3 -5.0 18.0
v 63.9 -5.0 19.0
v 63.8 -4.9 24.0
v 63.3 -5.1 29.9
v 63.5 -4.0 16.0
v 63.7 -4.0 27.0
v 63.6 -3.9 28.2
v 63.3 -4.0 30.0
v 63.0 -2.1 16.0
v 63.6 -3.0 17.0
v 63.8 -3.0 18.1
v 64.2 -3.0 28.0
v 63.5 -3.0 29.0
v 63.4 -2.0 17.0
v 63.8 -2.0 18.1
v 64.0 -2.7 24.0
v 64.1 -2.0 23.2
v 63.3 -2.0 29.0
v 64.0 -1.0 18.0
v 64.0 -1.1 21.8
v 64.0 -1.4 23.0
v 64.2 -1.9 28.0
v 64.0 -0.6 19.0
v 64.0 0.0 22.1
v 64.2 -12.0 32.0
v 65.1 -10.1 27.1
v 64.1 -9.1 21.0
v 64.5 -9.0 22.0
v 65.2 -9.1 23.0
v 65.0 -9.0 26.0
v 65.0 -9.2 27.0
v 64.2 -8.2 20.0
v 64.6 -8.0 21.0
v 64.1 -8.0 24.3
v 65.0 -9.0 24.0
v 64.1 -7.0 19.0
v 64.6 -7.2 20.7
v 65.2 -7.9 23.0
v 64.4 -6.0 19.9
v 64.6 -6.0 22.0
v 64.5 -5.0 20.0
v 64.6 -5.1 21.2
v 64.4 -5.0 23.0
v 64.2 -4.0 17.0
v 64.4 -4.0 18.0
v 64.5 -4.0 19.0
v 64.6 -4.0 22.0
v 64.4 -4.0 23.0
v 64.4 -4.1 24.0
v 64.3 -4.0 26.0
v 64.5 -3.0 19.0
v 64.8 -3.0 20.0
v 65.1 -4.0 21.0
v 64.7 -3.0 21.1
v 64.0 -3.0 23.0
v 64.3 -3.0 24.0
v 64.4 -3.0 26.0
v 64.4 -3.0 27.0
v 65.0 -2.0 19.0
v 64.5 -2.0 22.0
v 64.1 -1.9 27.0
v 64.5 -0.8 19.5
v 64.5 -1.0 21.0
v 65.1 -2.0 21.0
v 64.0 0.1 20.0
v 64.1 0.2 21.1
v 65.1 -10.0 25.9
v 65.2 -8.0 22.0
v 65.1 -7.0 22.0
v 65.1 -4.0 20.0
v 65.2 -2.0 20.0
f 3 7 1
f 1 4 2
f 1 7 4
f 5 7 3
f 7 6 4
f 6 7 25
f 25 8 6
f 12 13 8
f 9 8 13
f 12 11 30
f 12 30 13
f 14 50 1
f 14 1 2
f 15 14 2
f 3 50 16
f 3 1 50
f 4 20 15
f 4 15 2
f 15 20 17
f 18 19 16
f 16 5 3
f 19 5 16
f 6 20 4
f 20 21 17
f 22 17 21
f 18 26 19
f 18 23 26
f 19 26 5
f 24 7 5
f 26 24 5
f 25 7 24
f 8 20 6
f 20 8 9
f 20 9 21
f 10 22 9
f 22 21 9
f 63 28 26
f 24 28 11
f 26 28 24
f 24 11 12
f 24 12 25
f 25 12 8
f 13 32 9
f 32 10 9
f 27 10 32
f 28 63 29
f 28 30 11
f 31 13 30
f 31 32 13
f 32 33 27
f 28 29 37
f 28 34 30
f 28 37 34
f 30 69 31
f 30 34 69
f 31 36 32
f 31 69 36
f 33 32 36
f 69 34 35
f 34 37 71
f 34 71 35
f 40 39 38
f 48 41 40
f 40 41 39
f 42 43 48
f 48 43 41
f 42 44 43
f 45 46 38
f 38 47 40
f 38 46 47
f 40 47 48
f 48 49 42
f 42 49 50
f 44 50 14
f 42 50 44
f 14 51 44
f 52 14 15
f 52 51 14
f 53 52 15
f 54 46 45
f 55 47 54
f 47 46 54
f 56 47 55
f 56 48 47
f 49 56 16
f 48 56 49
f 49 16 50
f 17 53 15
f 17 58 53
f 56 55 18
f 55 57 18
f 56 18 16
f 22 58 17
f 57 23 18
f 59 23 57
f 60 22 10
f 58 22 60
f 61 62 23
f 59 61 23
f 63 26 23
f 63 23 62
f 60 10 64
f 27 64 10
f 90 65 61
f 65 62 61
f 62 29 63
f 62 65 68
f 29 62 68
f 36 66 33
f 66 27 33
f 70 68 67
f 37 68 70
f 29 68 37
f 73 36 69
f 73 66 36
f 74 66 73
f 70 97 37
f 71 97 75
f 37 97 71
f 35 72 69
f 35 71 72
f 69 72 73
f 38 39 76
f 39 77 76
f 78 39 41
f 78 77 39
f 78 41 43
f 79 78 43
f 80 79 44
f 79 43 44
f 76 81 45
f 76 45 38
f 51 80 44
f 82 52 53
f 54 45 81
f 58 82 53
f 58 83 82
f 81 84 54
f 54 110 55
f 54 84 110
f 85 55 110
f 57 55 85
f 83 58 86
f 85 59 57
f 112 59 85
f 60 86 58
f 87 86 60
f 112 114 61
f 61 59 112
f 88 87 60
f 64 88 60
f 89 90 61
f 114 89 61
f 64 27 91
f 88 64 91
f 89 93 90
f 89 92 93
f 68 65 90
f 91 27 94
f 27 66 94
f 93 92 95
f 93 95 67
f 90 93 67
f 90 67 68
f 74 94 66
f 74 99 94
f 67 95 96
f 96 70 67
f 97 70 96
f 75 129 71
f 72 71 129
f 73 129 98
f 72 129 73
f 99 73 98
f 74 73 99
f 97 96 100
f 97 100 75
f 100 127 75
f 101 77 102
f 101 76 77
f 77 103 102
f 104 77 78
f 104 103 77
f 105 78 79
f 105 104 78
f 79 80 105
f 101 81 76
f 106 81 101
f 107 51 52
f 107 80 51
f 107 52 82
f 81 140 109
f 81 106 140
f 107 82 111
f 83 111 82
f 108 109 140
f 109 84 81
f 111 83 86
f 108 113 109
f 109 113 84
f 84 112 110
f 84 113 112
f 112 85 110
f 115 111 86
f 86 87 115
f 113 114 112
f 88 115 87
f 108 116 113
f 114 116 89
f 113 116 114
f 91 117 88
f 108 120 116
f 116 92 89
f 118 117 94
f 117 91 94
f 116 121 92
f 120 121 116
f 95 92 121
f 99 119 118
f 94 99 118
f 123 122 121
f 122 95 121
f 122 96 95
f 98 119 99
f 130 119 98
f 122 123 124
f 122 124 96
f 124 125 96
f 125 100 96
f 127 100 126
f 75 127 128
f 75 128 129
f 129 130 98
f 127 126 166
f 127 166 128
f 104 131 103
f 104 105 131
f 133 132 101
f 132 106 101
f 133 101 102
f 134 133 102
f 135 102 103
f 134 102 135
f 135 103 131
f 135 131 136
f 131 137 136
f 138 131 105
f 137 131 138
f 80 139 105
f 139 138 105
f 139 80 181
f 181 80 107
f 140 132 141
f 140 106 132
f 142 181 107
f 107 111 142
f 147 141 143
f 141 147 140
f 147 108 140
f 145 144 111
f 144 142 111
f 145 111 115
f 143 146 147
f 88 145 115
f 197 145 88
f 200 148 146
f 148 147 146
f 148 120 108
f 148 108 147
f 197 88 117
f 148 200 149
f 149 120 148
f 150 197 117
f 118 150 117
f 151 152 149
f 152 120 149
f 154 153 150
f 119 150 118
f 119 154 150
f 155 151 156
f 151 157 152
f 151 155 157
f 158 120 152
f 157 158 152
f 159 120 158
f 123 121 120
f 123 120 159
f 153 154 161
f 154 130 161
f 119 130 154
f 156 162 155
f 155 163 157
f 155 162 163
f 158 163 217
f 158 157 163
f 158 217 159
f 159 217 213
f 164 159 213
f 164 123 159
f 164 124 123
f 160 125 124
f 125 160 100
f 160 126 100
f 161 128 167
f 129 128 161
f 130 129 161
f 164 219 124
f 160 124 219
f 160 165 126
f 165 222 126
f 126 222 166
f 166 172 128
f 172 167 128
f 170 169 168
f 170 171 169
f 222 172 166
f 168 173 170
f 170 173 174
f 170 174 171
f 133 175 178
f 175 134 176
f 175 133 134
f 179 176 134
f 132 178 177
f 132 133 178
f 135 179 134
f 180 135 136
f 180 179 135
f 136 137 180
f 183 182 177
f 182 141 177
f 141 132 177
f 240 180 137
f 240 137 138
f 184 138 139
f 184 240 138
f 185 139 181
f 184 139 185
f 186 185 142
f 185 181 142
f 191 189 188
f 191 183 189
f 183 191 182
f 191 143 182
f 182 143 141
f 186 142 144
f 190 186 144
f 256 194 187
f 194 188 187
f 188 194 191
f 193 190 144
f 193 144 145
f 194 195 191
f 195 146 143
f 195 143 191
f 196 201 192
f 192 258 196
f 193 145 197
f 193 197 204
f 194 199 195
f 194 198 199
f 195 200 146
f 199 200 195
f 207 201 196
f 202 196 258
f 207 196 202
f 204 203 202
f 204 202 258
f 203 204 197
f 200 199 205
f 149 200 205
f 206 201 207
f 207 203 150
f 207 202 203
f 150 203 197
f 205 268 151
f 151 149 205
f 209 208 206
f 207 209 206
f 209 207 153
f 153 207 150
f 268 156 151
f 210 156 268
f 208 209 211
f 211 209 153
f 153 161 211
f 156 210 212
f 167 214 211
f 167 211 161
f 215 224 156
f 212 215 156
f 216 162 156
f 216 156 224
f 216 163 162
f 216 217 163
f 218 164 213
f 217 218 213
f 219 164 218
f 220 160 219
f 221 165 160
f 220 221 160
f 222 165 221
f 172 214 167
f 223 214 172
f 225 216 224
f 216 225 229
f 216 226 217
f 216 229 226
f 217 226 218
f 218 227 219
f 218 226 227
f 220 227 168
f 219 227 220
f 220 168 169
f 220 169 221
f 221 169 171
f 228 221 171
f 222 221 228
f 228 223 222
f 223 172 222
f 228 233 223
f 226 229 230
f 226 230 227
f 227 230 231
f 227 231 168
f 231 173 168
f 231 232 173
f 173 232 174
f 171 174 228
f 174 233 228
f 174 232 233
f 234 175 176
f 234 288 175
f 235 234 176
f 288 178 175
f 236 178 288
f 179 235 176
f 235 179 237
f 177 239 238
f 239 177 178
f 178 236 239
f 179 180 237
f 240 241 180
f 241 237 180
f 183 245 243
f 245 183 238
f 238 183 177
f 241 240 184
f 241 184 242
f 184 246 242
f 185 246 184
f 185 186 246
f 246 186 247
f 244 187 188
f 244 248 187
f 189 243 244
f 188 189 244
f 243 189 183
f 251 250 249
f 251 247 250
f 247 190 250
f 247 186 190
f 254 253 252
f 254 256 187
f 248 254 187
f 254 248 253
f 192 307 249
f 249 255 192
f 249 250 255
f 193 250 190
f 193 255 250
f 252 315 254
f 254 315 256
f 314 257 261
f 257 314 307
f 201 257 307
f 201 307 192
f 255 258 192
f 204 255 193
f 258 255 204
f 315 259 260
f 315 260 256
f 260 198 194
f 260 194 256
f 262 267 261
f 257 262 261
f 201 262 257
f 260 259 263
f 260 263 264
f 260 264 198
f 264 265 198
f 198 326 199
f 265 326 198
f 326 266 205
f 199 326 205
f 206 262 201
f 266 268 205
f 267 262 271
f 208 262 206
f 208 271 262
f 210 270 269
f 268 270 210
f 208 272 271
f 211 272 208
f 269 342 212
f 269 212 210
f 273 272 214
f 214 272 211
f 342 274 212
f 212 274 215
f 276 275 215
f 274 276 215
f 277 278 275
f 277 275 276
f 279 278 277
f 273 214 223
f 273 223 281
f 275 224 215
f 275 278 282
f 225 275 282
f 275 225 224
f 282 278 283
f 283 278 279
f 233 281 223
f 287 281 233
f 225 284 229
f 282 284 225
f 229 285 230
f 284 285 229
f 230 286 231
f 285 286 230
f 231 286 232
f 232 287 233
f 286 287 232
f 289 236 288
f 290 288 234
f 289 288 290
f 290 235 291
f 234 235 290
f 291 235 237
f 292 238 239
f 292 354 238
f 239 236 289
f 293 239 289
f 292 239 293
f 289 294 293
f 290 294 289
f 290 291 295
f 290 295 294
f 296 291 237
f 241 296 237
f 297 241 242
f 297 296 241
f 244 243 298
f 299 243 245
f 299 298 243
f 245 238 354
f 245 354 299
f 300 294 295
f 306 294 300
f 301 302 300
f 301 300 295
f 358 302 301
f 358 303 302
f 242 246 297
f 303 358 304
f 246 247 297
f 247 304 297
f 305 244 298
f 248 244 305
f 314 306 300
f 314 300 302
f 307 302 303
f 307 303 249
f 304 249 303
f 304 251 249
f 247 251 304
f 252 309 308
f 310 252 253
f 310 309 252
f 253 248 305
f 253 305 310
f 313 306 314
f 312 306 313
f 314 302 307
f 315 308 316
f 315 252 308
f 318 311 317
f 320 311 318
f 318 312 319
f 318 317 312
f 319 312 313
f 319 313 375
f 375 313 261
f 313 314 261
f 315 316 324
f 324 259 315
f 318 321 320
f 322 318 319
f 321 318 322
f 375 323 322
f 375 322 319
f 267 323 261
f 323 375 261
f 324 379 259
f 259 380 263
f 379 380 259
f 263 380 264
f 264 325 265
f 380 325 264
f 325 326 265
f 266 326 327
f 323 328 322
f 328 323 267
f 268 327 270
f 266 327 268
f 333 332 330
f 332 328 334
f 332 333 328
f 328 335 334
f 267 335 328
f 271 335 267
f 336 269 329
f 329 269 270
f 331 330 337
f 331 337 338
f 339 330 332
f 337 330 339
f 332 334 340
f 332 340 339
f 386 334 335
f 341 386 271
f 386 335 271
f 342 336 387
f 342 269 336
f 337 343 338
f 344 339 340
f 386 345 344
f 386 344 340
f 341 345 386
f 350 345 341
f 272 273 271
f 273 341 271
f 273 350 341
f 346 342 387
f 346 274 342
f 276 274 347
f 276 347 277
f 347 348 277
f 279 348 343
f 279 277 348
f 279 343 280
f 280 343 337
f 337 349 280
f 337 339 349
f 349 339 344
f 344 345 350
f 281 350 273
f 392 274 346
f 347 274 392
f 279 351 283
f 280 351 279
f 349 351 280
f 349 352 351
f 352 349 344
f 352 344 350
f 352 350 287
f 281 287 350
f 284 282 283
f 284 283 285
f 285 283 351
f 285 351 352
f 285 352 286
f 286 352 287
f 292 355 354
f 292 293 355
f 356 295 353
f 353 295 291
f 296 357 291
f 357 353 291
f 357 356 353
f 296 358 357
f 297 358 296
f 299 359 298
f 354 359 299
f 354 360 359
f 360 354 355
f 361 355 293
f 360 355 361
f 306 361 294
f 294 361 293
f 295 356 301
f 301 356 357
f 301 357 358
f 358 297 304
f 298 362 305
f 363 298 359
f 362 298 363
f 363 359 360
f 364 360 361
f 365 309 366
f 365 308 309
f 309 367 366
f 309 310 367
f 310 305 362
f 368 310 362
f 367 310 368
f 362 369 368
f 369 362 363
f 369 363 370
f 371 363 360
f 370 363 371
f 371 364 311
f 371 360 364
f 364 317 311
f 364 361 317
f 312 317 306
f 306 317 361
f 365 316 308
f 372 316 365
f 371 373 370
f 373 371 374
f 320 374 311
f 311 374 371
f 372 324 316
f 376 324 372
f 373 374 377
f 377 374 320
f 378 377 320
f 320 321 378
f 376 379 324
f 380 381 325
f 381 415 325
f 326 415 270
f 325 415 326
f 270 327 326
f 382 378 321
f 382 322 383
f 382 321 322
f 328 383 322
f 329 415 384
f 329 270 415
f 385 330 331
f 333 385 383
f 333 330 385
f 333 383 328
f 384 425 336
f 384 336 329
f 338 390 385
f 331 338 385
f 386 340 334
f 336 425 387
f 343 389 338
f 389 390 338
f 388 346 387
f 394 348 347
f 348 394 343
f 394 389 343
f 388 391 346
f 392 346 391
f 392 393 347
f 347 393 437
f 347 437 394
f 391 396 392
f 391 395 396
f 396 397 392
f 393 392 397
f 398 396 395
f 397 396 398
f 365 366 446
f 372 446 399
f 365 446 372
f 400 446 366
f 405 400 366
f 367 405 366
f 401 367 368
f 405 367 401
f 369 402 368
f 402 401 368
f 370 403 369
f 369 403 402
f 404 376 372
f 404 372 399
f 405 401 406
f 401 407 406
f 402 407 401
f 407 402 408
f 408 403 453
f 402 403 408
f 409 453 373
f 453 403 373
f 403 370 373
f 373 377 409
f 404 411 376
f 411 413 376
f 376 413 379
f 379 413 380
f 413 414 380
f 407 381 406
f 381 414 406
f 381 380 414
f 415 381 416
f 407 416 381
f 408 416 407
f 408 453 416
f 409 377 460
f 377 422 460
f 378 422 377
f 382 422 378
f 410 418 412
f 410 417 418
f 419 412 418
f 384 421 420
f 421 415 416
f 384 415 421
f 422 382 423
f 383 423 382
f 423 383 424
f 385 424 383
f 425 420 426
f 425 384 420
f 424 385 390
f 424 390 427
f 425 426 387
f 426 388 387
f 426 429 388
f 389 431 390
f 390 431 427
f 388 429 428
f 430 389 394
f 389 430 431
f 428 475 391
f 428 391 388
f 394 437 432
f 430 394 432
f 433 391 475
f 433 434 391
f 434 395 391
f 435 393 397
f 437 435 436
f 437 393 435
f 438 434 433
f 434 440 395
f 438 440 434
f 440 398 395
f 398 479 397
f 439 435 397
f 436 435 439
f 440 482 398
f 479 398 482
f 443 442 486
f 486 442 441
f 443 444 442
f 486 490 443
f 443 490 491
f 443 491 444
f 445 399 446
f 449 448 447
f 445 448 449
f 404 445 449
f 399 445 404
f 450 445 446
f 450 446 400
f 450 400 451
f 451 400 405
f 452 405 406
f 452 451 405
f 447 499 410
f 447 410 412
f 447 412 449
f 412 454 449
f 500 449 454
f 449 500 404
f 411 404 500
f 411 455 413
f 500 455 411
f 455 456 413
f 414 456 457
f 413 456 414
f 457 458 414
f 458 406 414
f 458 452 406
f 453 459 416
f 409 459 453
f 417 499 461
f 410 499 417
f 419 454 412
f 457 462 420
f 463 458 457
f 420 463 457
f 421 463 420
f 464 421 416
f 463 421 464
f 464 416 459
f 459 409 460
f 508 460 422
f 510 508 422
f 465 422 423
f 465 510 422
f 466 423 424
f 466 465 423
f 461 467 417
f 417 512 418
f 467 512 417
f 419 418 512
f 462 426 420
f 427 466 424
f 469 468 427
f 468 466 427
f 469 473 468
f 429 462 470
f 426 462 429
f 471 427 431
f 471 469 427
f 472 469 471
f 473 469 472
f 474 429 470
f 428 429 474
f 476 431 430
f 431 477 471
f 431 476 477
f 472 471 477
f 428 524 475
f 428 474 524
f 478 430 432
f 476 430 478
f 475 524 433
f 524 528 433
f 436 529 437
f 437 529 432
f 432 529 478
f 528 530 433
f 438 433 530
f 479 439 397
f 439 480 436
f 529 436 480
f 438 530 481
f 440 438 481
f 485 479 482
f 479 485 439
f 485 483 439
f 439 483 480
f 440 481 484
f 440 484 482
f 482 484 485
f 441 487 486
f 442 444 488
f 487 489 486
f 489 490 486
f 444 491 488
f 494 447 492
f 492 447 448
f 492 448 493
f 448 495 493
f 495 448 445
f 450 495 445
f 496 495 450
f 496 451 497
f 496 450 451
f 451 498 497
f 451 452 498
f 499 494 545
f 499 447 494
f 501 500 503
f 455 500 501
f 455 501 497
f 455 497 456
f 456 497 498
f 456 498 457
f 498 458 457
f 498 452 458
f 545 502 499
f 502 461 499
f 504 503 500
f 454 504 500
f 419 504 454
f 505 457 458
f 505 462 457
f 463 505 458
f 506 505 463
f 507 463 464
f 507 506 463
f 507 459 514
f 507 464 459
f 508 510 509
f 516 510 466
f 510 465 466
f 502 511 461
f 557 467 461
f 557 461 511
f 467 557 512
f 419 512 504
f 513 462 505
f 514 459 515
f 515 459 460
f 515 460 508
f 468 516 466
f 517 516 468
f 517 468 473
f 520 517 473
f 462 513 470
f 513 518 470
f 472 519 473
f 519 520 473
f 522 474 470
f 521 474 522
f 522 470 518
f 522 518 523
f 477 526 472
f 526 519 472
f 527 519 526
f 477 476 525
f 525 526 477
f 532 478 529
f 532 525 478
f 478 525 476
f 528 531 530
f 534 570 529
f 480 534 529
f 529 570 532
f 574 530 531
f 481 530 574
f 534 483 533
f 480 483 534
f 481 536 484
f 574 536 481
f 536 540 484
f 541 485 484
f 485 541 483
f 541 533 483
f 538 535 487
f 535 537 487
f 539 487 441
f 539 538 487
f 539 442 488
f 539 441 442
f 484 540 541
f 537 489 487
f 537 585 489
f 489 586 490
f 585 586 489
f 491 586 488
f 491 490 586
f 543 492 493
f 494 492 543
f 494 543 542
f 495 543 493
f 544 543 495
f 544 495 496
f 542 546 545
f 494 542 545
f 544 496 501
f 503 544 501
f 501 496 497
f 545 546 502
f 546 590 502
f 547 503 504
f 590 551 502
f 511 502 551
f 504 512 547
f 505 506 552
f 513 505 552
f 552 506 507
f 552 507 553
f 553 507 514
f 554 514 515
f 554 553 514
f 558 554 515
f 508 555 515
f 555 508 509
f 509 510 556
f 556 516 548
f 556 510 516
f 548 516 517
f 548 517 549
f 549 517 520
f 549 520 550
f 560 550 520
f 551 599 511
f 599 557 511
f 513 552 518
f 518 552 600
f 558 515 555
f 519 559 520
f 559 560 520
f 521 561 474
f 607 521 522
f 607 523 562
f 607 522 523
f 518 563 523
f 523 563 562
f 518 600 564
f 563 518 564
f 527 565 519
f 519 565 559
f 561 524 474
f 611 524 561
f 567 526 525
f 568 527 526
f 568 566 527
f 566 565 527
f 611 528 524
f 572 567 525
f 526 567 568
f 611 531 528
f 573 531 611
f 570 534 569
f 570 571 532
f 525 532 572
f 532 571 572
f 531 575 574
f 573 575 531
f 533 569 534
f 580 569 533
f 577 576 535
f 578 577 535
f 575 579 574
f 579 536 574
f 540 536 579
f 540 579 628
f 584 580 533
f 584 533 541
f 576 537 535
f 581 537 576
f 538 578 535
f 538 582 578
f 539 582 538
f 539 488 582
f 582 488 583
f 540 584 541
f 628 584 540
f 581 631 537
f 631 585 537
f 488 586 583
f 587 542 543
f 588 587 543
f 543 544 588
f 589 633 546
f 546 542 587
f 546 587 589
f 588 544 591
f 544 503 591
f 633 590 546
f 503 547 591
f 549 592 548
f 550 593 549
f 549 593 592
f 590 594 551
f 553 554 595
f 596 556 548
f 596 548 592
f 596 592 597
f 592 605 597
f 598 592 593
f 605 592 598
f 560 593 550
f 560 598 593
f 594 599 551
f 599 679 557
f 512 557 679
f 552 553 600
f 595 602 601
f 600 595 601
f 553 595 600
f 602 595 554
f 602 554 603
f 603 554 558
f 604 603 558
f 604 555 609
f 604 558 555
f 643 609 555
f 509 643 555
f 643 509 556
f 559 606 560
f 606 598 560
f 521 608 561
f 608 521 607
f 601 564 600
f 647 564 601
f 610 559 565
f 610 606 559
f 608 611 561
f 612 608 607
f 612 607 562
f 613 612 562
f 613 563 616
f 613 562 563
f 564 652 563
f 563 652 616
f 647 652 564
f 566 614 565
f 565 614 610
f 567 572 617
f 655 567 617
f 655 660 567
f 567 697 568
f 660 697 567
f 566 568 614
f 614 568 697
f 615 573 611
f 615 618 573
f 569 620 570
f 619 620 569
f 620 621 577
f 571 620 577
f 570 620 571
f 571 622 617
f 572 571 617
f 622 571 577
f 618 575 573
f 657 623 575
f 618 657 575
f 580 619 569
f 580 661 619
f 621 576 577
f 621 625 576
f 626 622 577
f 578 626 577
f 627 626 578
f 623 579 575
f 579 623 628
f 584 623 624
f 628 623 584
f 661 580 584
f 624 661 584
f 581 625 629
f 576 625 581
f 582 627 578
f 627 583 630
f 583 632 630
f 583 627 582
f 629 631 581
f 585 632 586
f 631 632 585
f 583 586 632
f 589 587 672
f 634 672 587
f 634 587 588
f 634 591 635
f 634 588 591
f 590 633 636
f 547 635 591
f 637 590 636
f 594 590 637
f 547 512 638
f 594 639 599
f 637 639 594
f 639 679 599
f 512 679 638
f 601 602 640
f 602 641 640
f 642 603 604
f 604 609 642
f 596 643 556
f 596 644 643
f 596 597 644
f 645 597 605
f 646 605 598
f 646 645 605
f 598 606 646
f 647 601 640
f 648 642 609
f 649 609 643
f 648 609 649
f 649 643 644
f 610 646 606
f 690 611 608
f 612 690 608
f 650 690 612
f 651 612 613
f 651 650 612
f 613 616 651
f 647 640 652
f 652 640 653
f 656 610 614
f 611 690 615
f 615 690 693
f 654 651 616
f 654 652 653
f 616 652 654
f 697 656 614
f 618 615 693
f 657 618 693
f 694 696 657
f 619 662 658
f 620 619 658
f 621 620 658
f 621 658 702
f 663 659 617
f 622 663 617
f 617 659 655
f 655 659 703
f 655 703 660
f 623 657 696
f 623 696 624
f 699 661 624
f 696 699 624
f 661 699 662
f 619 661 662
f 664 625 663
f 625 702 663
f 625 621 702
f 665 664 626
f 626 664 622
f 663 622 664
f 665 626 627
f 666 627 630
f 666 665 627
f 666 630 667
f 668 629 625
f 664 668 625
f 632 671 630
f 671 669 630
f 669 667 630
f 668 670 629
f 670 631 629
f 631 671 632
f 670 671 631
f 589 673 633
f 674 589 672
f 673 589 674
f 634 674 672
f 635 675 634
f 636 633 673
f 636 673 713
f 635 676 675
f 635 547 676
f 636 713 677
f 677 637 636
f 547 638 676
f 677 678 637
f 737 639 637
f 737 637 678
f 679 639 737
f 641 681 640
f 681 719 640
f 719 680 640
f 682 641 602
f 682 681 641
f 682 602 603
f 683 603 642
f 683 682 603
f 684 683 642
f 640 680 730
f 648 684 642
f 648 685 684
f 649 685 648
f 686 649 644
f 686 685 649
f 686 644 597
f 686 597 645
f 686 645 687
f 687 645 646
f 687 646 688
f 646 689 688
f 646 610 689
f 653 730 691
f 640 730 653
f 656 689 610
f 656 692 689
f 690 650 693
f 694 650 651
f 693 650 694
f 694 651 654
f 691 695 653
f 696 653 695
f 653 696 654
f 694 654 696
f 698 656 697
f 698 692 656
f 657 693 694
f 790 699 696
f 700 699 790
f 701 658 700
f 658 701 702
f 659 663 702
f 701 659 702
f 748 659 701
f 659 748 747
f 703 659 747
f 709 660 703
f 709 704 660
f 704 697 660
f 697 704 698
f 662 699 700
f 662 700 658
f 706 664 665
f 707 706 665
f 666 707 665
f 707 666 708
f 703 708 666
f 708 703 747
f 703 667 709
f 667 708 709
f 667 703 666
f 710 668 664
f 706 710 664
f 711 706 707
f 710 706 711
f 711 707 708
f 708 669 711
f 708 667 669
f 710 670 668
f 670 710 671
f 671 710 711
f 671 711 669
f 712 759 673
f 760 673 674
f 760 712 673
f 760 634 714
f 760 674 634
f 675 714 634
f 713 673 759
f 715 714 675
f 675 676 715
f 716 677 713
f 717 676 638
f 715 676 717
f 677 716 720
f 720 678 677
f 737 721 679
f 721 722 679
f 722 638 679
f 722 717 638
f 723 770 719
f 770 680 719
f 681 723 719
f 724 723 681
f 772 681 682
f 772 724 681
f 725 682 683
f 684 725 683
f 720 727 678
f 678 727 737
f 728 721 737
f 722 721 728
f 770 729 730
f 680 770 730
f 731 684 685
f 731 685 726
f 685 686 726
f 686 732 726
f 686 733 732
f 687 734 686
f 686 734 733
f 734 687 735
f 687 688 735
f 736 688 689
f 736 735 688
f 728 737 788
f 730 729 738
f 730 738 691
f 692 736 689
f 739 736 692
f 738 833 691
f 833 695 691
f 695 790 696
f 833 790 695
f 698 741 692
f 692 741 739
f 744 743 742
f 700 790 740
f 700 740 701
f 745 701 740
f 701 746 748
f 745 746 701
f 749 747 748
f 750 704 709
f 698 750 751
f 704 750 698
f 751 741 698
f 752 742 743
f 752 755 742
f 795 742 705
f 742 755 705
f 742 795 744
f 795 705 753
f 747 749 708
f 754 709 708
f 749 754 708
f 750 709 754
f 756 755 752
f 755 757 705
f 757 753 705
f 755 756 758
f 757 755 758
f 762 760 714
f 761 713 759
f 715 762 714
f 763 762 715
f 764 716 713
f 764 713 761
f 763 715 717
f 765 763 717
f 766 811 718
f 767 812 718
f 812 766 718
f 775 720 716
f 775 716 764
f 765 722 768
f 765 717 722
f 718 816 769
f 718 811 816
f 769 767 718
f 770 767 769
f 723 771 770
f 771 767 770
f 771 723 724
f 772 771 724
f 725 772 682
f 773 684 731
f 773 725 684
f 726 773 731
f 726 774 773
f 775 776 720
f 727 720 776
f 728 777 722
f 768 722 777
f 778 769 816
f 778 779 769
f 770 779 729
f 769 779 770
f 774 732 780
f 726 732 774
f 733 781 732
f 732 781 780
f 733 782 781
f 735 783 826
f 735 736 783
f 784 727 776
f 787 737 727
f 784 787 727
f 788 737 787
f 777 728 788
f 789 777 788
f 779 778 785
f 779 785 729
f 785 832 729
f 729 832 738
f 832 786 738
f 734 782 733
f 734 735 826
f 782 734 826
f 739 783 736
f 786 833 738
f 791 745 740
f 837 745 791
f 793 739 741
f 744 839 743
f 746 745 837
f 792 746 837
f 792 748 746
f 792 841 749
f 748 792 749
f 797 793 741
f 751 797 741
f 743 794 752
f 839 794 743
f 841 754 749
f 841 796 754
f 754 796 750
f 750 796 751
f 796 797 751
f 756 794 798
f 794 756 752
f 757 799 753
f 801 798 800
f 801 758 756
f 801 756 798
f 802 799 757
f 802 757 758
f 801 802 758
f 759 712 803
f 712 804 803
f 805 712 760
f 805 804 712
f 807 805 762
f 805 760 762
f 803 806 761
f 803 761 759
f 808 807 762
f 808 762 763
f 806 764 761
f 765 809 763
f 809 808 763
f 809 765 815
f 811 810 815
f 815 810 809
f 766 810 811
f 771 812 767
f 771 817 812
f 806 775 764
f 823 775 806
f 815 765 768
f 815 816 811
f 817 772 813
f 771 772 817
f 861 772 725
f 818 725 773
f 818 861 725
f 818 773 774
f 780 819 774
f 819 818 774
f 819 780 814
f 780 781 814
f 814 781 820
f 776 775 823
f 776 823 866
f 777 824 768
f 768 825 815
f 768 824 825
f 816 825 778
f 815 825 816
f 820 781 782
f 820 826 821
f 820 782 826
f 822 826 783
f 821 826 822
f 783 827 822
f 866 835 776
f 784 776 835
f 828 829 824
f 789 828 824
f 777 789 824
f 824 829 825
f 825 829 778
f 829 830 778
f 778 830 785
f 785 831 832
f 830 831 785
f 739 827 783
f 739 834 827
f 784 836 787
f 835 836 784
f 787 876 788
f 836 876 787
f 789 876 828
f 789 788 876
f 786 873 833
f 873 790 833
f 790 873 740
f 740 877 791
f 873 877 740
f 877 837 791
f 834 793 838
f 834 739 793
f 840 839 744
f 879 841 792
f 878 879 792
f 837 878 792
f 842 841 879
f 797 843 838
f 793 797 838
f 844 840 744
f 844 744 795
f 795 753 844
f 796 841 842
f 883 796 842
f 843 797 883
f 797 796 883
f 845 798 794
f 839 845 794
f 799 844 753
f 799 846 844
f 888 798 845
f 888 800 798
f 848 846 799
f 848 799 802
f 888 847 800
f 800 847 801
f 801 848 802
f 847 848 801
f 850 803 804
f 850 849 803
f 851 804 805
f 851 850 804
f 805 807 851
f 849 806 803
f 891 806 849
f 852 851 807
f 852 807 808
f 853 852 808
f 894 806 891
f 808 854 853
f 809 854 808
f 810 854 809
f 900 766 812
f 855 812 817
f 855 900 812
f 813 855 817
f 772 903 813
f 903 855 813
f 814 859 858
f 860 859 814
f 907 823 894
f 823 806 894
f 861 903 772
f 862 818 856
f 861 818 862
f 818 857 856
f 857 819 858
f 818 819 857
f 858 819 814
f 820 860 814
f 820 863 860
f 821 863 820
f 864 821 822
f 864 863 821
f 864 822 865
f 866 823 907
f 827 865 822
f 866 911 835
f 835 911 912
f 828 913 829
f 869 913 828
f 829 870 830
f 913 870 829
f 870 871 830
f 831 871 867
f 831 830 871
f 868 872 867
f 872 831 867
f 872 832 831
f 872 916 832
f 832 916 786
f 874 873 786
f 916 874 786
f 834 875 827
f 912 836 835
f 828 876 869
f 873 874 877
f 877 874 917
f 877 878 837
f 885 924 838
f 834 838 875
f 875 838 924
f 881 925 840
f 840 925 839
f 882 881 840
f 842 879 880
f 884 883 842
f 880 884 842
f 884 843 883
f 885 843 884
f 838 843 885
f 928 839 925
f 844 882 840
f 844 887 882
f 845 928 886
f 839 928 845
f 887 844 846
f 932 845 886
f 932 888 845
f 848 887 846
f 932 887 848
f 932 847 888
f 932 848 847
f 851 890 850
f 850 890 889
f 850 892 891
f 849 850 891
f 892 850 889
f 890 896 889
f 852 893 851
f 893 890 851
f 893 896 890
f 891 895 894
f 896 893 897
f 897 893 852
f 897 852 853
f 897 853 939
f 854 939 853
f 898 939 854
f 899 854 810
f 899 898 854
f 900 810 766
f 901 900 855
f 902 855 903
f 902 901 855
f 862 903 861
f 856 903 862
f 904 856 857
f 858 904 857
f 858 905 904
f 859 905 858
f 906 859 860
f 860 863 906
f 895 907 894
f 951 866 907
f 909 908 868
f 909 868 867
f 868 908 952
f 827 910 865
f 951 911 866
f 911 954 912
f 913 956 921
f 869 956 913
f 922 870 913
f 914 870 922
f 871 870 914
f 867 871 909
f 909 871 914
f 952 915 868
f 868 915 872
f 915 916 872
f 916 917 874
f 875 910 827
f 954 919 912
f 919 836 912
f 836 920 876
f 919 920 836
f 869 876 956
f 956 876 920
f 913 921 922
f 918 877 917
f 923 877 918
f 923 878 877
f 878 960 879
f 923 960 878
f 879 960 880
f 960 963 880
f 969 885 963
f 969 924 885
f 926 925 881
f 927 881 882
f 927 926 881
f 963 884 880
f 884 963 885
f 887 927 882
f 887 929 927
f 886 928 930
f 931 929 887
f 886 933 932
f 930 933 886
f 932 933 931
f 887 932 931
f 889 934 892
f 896 934 889
f 936 895 892
f 892 895 891
f 936 934 937
f 892 934 936
f 937 934 896
f 938 937 896
f 938 896 897
f 940 939 898
f 940 899 935
f 898 899 940
f 899 941 935
f 810 941 899
f 942 810 900
f 942 941 810
f 943 942 900
f 944 943 900
f 944 900 901
f 945 901 902
f 945 944 901
f 945 902 903
f 946 945 903
f 946 903 856
f 946 856 904
f 947 904 905
f 947 946 904
f 948 905 859
f 948 947 905
f 906 948 859
f 949 895 936
f 949 907 895
f 949 936 937
f 950 906 863
f 950 863 864
f 865 950 864
f 949 951 907
f 909 952 908
f 865 953 950
f 865 910 953
f 951 954 911
f 914 922 957
f 1003 914 957
f 909 914 952
f 914 1003 952
f 1003 915 952
f 1003 958 915
f 915 958 916
f 958 1005 916
f 916 959 917
f 1005 959 916
f 961 960 923
f 961 923 918
f 962 960 961
f 964 963 962
f 875 953 910
f 875 970 953
f 954 955 919
f 920 955 967
f 919 955 920
f 967 956 920
f 973 921 956
f 967 973 956
f 921 973 968
f 922 968 957
f 922 921 968
f 960 962 963
f 964 969 963
f 969 970 924
f 875 924 970
f 971 965 972
f 971 925 926
f 966 971 926
f 965 971 966
f 926 1019 966
f 927 1019 926
f 971 972 974
f 974 928 925
f 974 925 971
f 1019 929 975
f 1019 927 929
f 974 976 928
f 977 928 976
f 928 977 930
f 977 976 975
f 931 977 975
f 929 931 975
f 933 930 977
f 933 977 931
f 938 984 937
f 984 938 985
f 986 938 897
f 986 985 938
f 986 897 939
f 986 940 987
f 986 939 940
f 987 940 935
f 978 987 935
f 941 978 935
f 942 943 979
f 943 988 979
f 944 988 943
f 988 944 980
f 944 989 980
f 945 989 944
f 989 945 981
f 981 945 946
f 981 946 982
f 982 946 983
f 946 990 983
f 990 947 991
f 990 946 947
f 947 992 991
f 947 948 992
f 993 948 906
f 993 992 948
f 937 994 949
f 937 984 994
f 994 984 985
f 995 993 906
f 995 906 950
f 951 994 996
f 949 994 951
f 999 995 950
f 950 953 999
f 999 953 1000
f 996 1001 951
f 1001 954 951
f 955 954 1001
f 955 1001 1002
f 1016 958 1003
f 1004 958 1016
f 1005 958 1004
f 959 1005 997
f 998 1006 997
f 1006 959 997
f 1006 917 959
f 1006 1056 917
f 917 1056 918
f 918 1007 961
f 1056 1007 918
f 961 1007 962
f 962 1008 964
f 1007 1008 962
f 1008 1009 964
f 1010 970 1009
f 1010 1000 970
f 1000 953 970
f 1012 1011 965
f 1012 965 966
f 955 1002 1013
f 1013 967 955
f 968 1015 957
f 968 1014 1015
f 957 1015 1003
f 1003 1015 1016
f 1009 969 964
f 969 1009 970
f 1011 972 965
f 1017 972 1011
f 1018 1012 966
f 1018 966 1019
f 1013 1020 967
f 967 1020 973
f 1020 1021 973
f 968 973 1014
f 1014 973 1021
f 974 1017 1063
f 974 972 1017
f 1018 976 974
f 1018 974 1063
f 976 1018 1019
f 975 976 1019
f 1022 979 1023
f 981 982 1025
f 1025 982 983
f 986 1033 985
f 1026 987 978
f 978 1027 1026
f 978 941 1027
f 1028 941 942
f 1028 1027 941
f 942 979 1022
f 942 1022 1028
f 1023 979 988
f 988 980 1024
f 988 1024 1023
f 1029 1024 980
f 1029 980 989
f 1030 989 981
f 1029 989 1030
f 1030 981 1025
f 1031 1025 983
f 1037 1031 990
f 1031 983 990
f 991 1037 990
f 985 1032 994
f 985 1033 1032
f 1034 1033 986
f 1034 986 1035
f 1035 986 987
f 1036 1035 987
f 1036 987 1026
f 1038 1037 991
f 992 1038 991
f 992 1048 1038
f 993 1040 1039
f 1048 993 1039
f 992 993 1048
f 995 1040 993
f 1076 1040 995
f 1050 1043 1041
f 1041 1043 1042
f 994 1032 996
f 1033 1034 1045
f 1044 1033 1045
f 1032 1033 1044
f 1047 1046 998
f 1047 998 997
f 998 1046 1084
f 1049 1076 995
f 1049 995 999
f 999 1000 1049
f 1032 1001 996
f 1052 1051 1045
f 1002 1045 1051
f 1045 1002 1044
f 1001 1044 1002
f 1044 1001 1032
f 1053 1004 1016
f 1004 1054 1005
f 1053 1054 1004
f 997 1005 1047
f 1047 1005 1054
f 1084 1055 998
f 998 1055 1006
f 1055 1056 1006
f 1056 1057 1007
f 1008 1057 1058
f 1007 1057 1008
f 1095 1009 1008
f 1095 1008 1058
f 1062 1010 1009
f 1062 1009 1095
f 1062 1059 1010
f 1059 1000 1010
f 1059 1049 1000
f 1060 1013 1002
f 1060 1002 1051
f 1065 1015 1014
f 1096 1015 1065
f 1096 1097 1015
f 1015 1061 1016
f 1097 1061 1015
f 1053 1016 1061
f 1063 1017 1012
f 1012 1017 1011
f 1018 1063 1012
f 1060 1098 1013
f 1013 1064 1020
f 1098 1064 1013
f 1020 1103 1021
f 1064 1103 1020
f 1021 1099 1014
f 1021 1103 1099
f 1014 1099 1065
f 1066 1023 1024
f 1029 1067 1024
f 1067 1066 1024
f 1030 1068 1029
f 1029 1068 1067
f 1108 1069 1027
f 1027 1069 1026
f 1108 1028 1070
f 1108 1027 1028
f 1070 1028 1022
f 1071 1070 1022
f 1071 1022 1023
f 1030 1072 1068
f 1072 1030 1025
f 1031 1072 1025
f 1073 1031 1037
f 1074 1034 1035
f 1074 1114 1034
f 1074 1035 1036
f 1069 1036 1026
f 1069 1074 1036
f 1038 1075 1037
f 1079 1078 1077
f 1041 1042 1077
f 1042 1079 1077
f 1042 1080 1079
f 1081 1042 1043
f 1081 1080 1042
f 1043 1050 1081
f 1081 1050 1082
f 1034 1083 1045
f 1034 1114 1083
f 1047 1084 1046
f 1085 1075 1038
f 1048 1085 1038
f 1085 1048 1039
f 1086 1085 1039
f 1040 1086 1039
f 1085 1086 1087
f 1086 1040 1076
f 1049 1086 1076
f 1078 1088 1041
f 1077 1078 1041
f 1089 1050 1041
f 1089 1041 1088
f 1090 1051 1052
f 1051 1090 1089
f 1082 1089 1090
f 1089 1082 1050
f 1045 1090 1052
f 1053 1092 1054
f 1091 1092 1053
f 1047 1054 1084
f 1054 1093 1084
f 1054 1092 1093
f 1093 1055 1084
f 1056 1094 1057
f 1124 1094 1056
f 1094 1086 1058
f 1057 1094 1058
f 1087 1086 1094
f 1058 1086 1095
f 1062 1086 1049
f 1095 1086 1062
f 1059 1062 1049
f 1134 1089 1088
f 1134 1060 1051
f 1134 1051 1089
f 1102 1053 1061
f 1102 1091 1053
f 1134 1128 1060
f 1128 1098 1060
f 1098 1130 1064
f 1064 1130 1103
f 1100 1065 1099
f 1100 1096 1065
f 1101 1096 1100
f 1131 1097 1101
f 1097 1096 1101
f 1097 1131 1061
f 1061 1131 1102
f 1099 1103 1104
f 1099 1104 1100
f 1100 1104 1101
f 1066 1105 1023
f 1105 1066 1067
f 1067 1068 1106
f 1109 1071 1023
f 1023 1105 1109
f 1110 1105 1067
f 1110 1067 1106
f 1111 1106 1068
f 1111 1068 1072
f 1112 1072 1031
f 1112 1111 1072
f 1112 1073 1107
f 1031 1073 1112
f 1037 1113 1073
f 1113 1107 1073
f 1156 1074 1115
f 1074 1069 1115
f 1116 1069 1108
f 1115 1069 1116
f 1116 1108 1070
f 1075 1113 1037
f 1075 1119 1113
f 1079 1117 1078
f 1080 1117 1079
f 1118 1083 1114
f 1153 1083 1118
f 1118 1114 1074
f 1118 1074 1156
f 1119 1075 1085
f 1085 1087 1119
f 1078 1117 1120
f 1120 1088 1078
f 1090 1081 1082
f 1121 1090 1045
f 1045 1083 1153
f 1045 1153 1121
f 1122 1092 1091
f 1159 1092 1122
f 1093 1092 1159
f 1159 1123 1093
f 1093 1123 1055
f 1055 1123 1056
f 1123 1124 1056
f 1087 1094 1119
f 1120 1125 1088
f 1134 1088 1125
f 1102 1133 1091
f 1122 1133 1126
f 1122 1091 1133
f 1134 1125 1127
f 1129 1098 1128
f 1130 1098 1129
f 1132 1102 1131
f 1132 1133 1102
f 1128 1134 1172
f 1128 1172 1166
f 1128 1166 1129
f 1129 1166 1167
f 1137 1129 1167
f 1137 1130 1129
f 1138 1103 1130
f 1137 1138 1130
f 1139 1104 1103
f 1139 1103 1138
f 1168 1104 1139
f 1104 1168 1101
f 1101 1169 1131
f 1101 1168 1169
f 1135 1131 1169
f 1131 1136 1132
f 1131 1135 1136
f 1133 1132 1136
f 1111 1141 1106
f 1141 1140 1106
f 1142 1109 1148
f 1142 1071 1109
f 1105 1148 1109
f 1105 1144 1148
f 1143 1144 1105
f 1110 1143 1105
f 1110 1106 1140
f 1110 1140 1143
f 1112 1141 1111
f 1145 1112 1107
f 1113 1145 1107
f 1115 1116 1146
f 1147 1116 1070
f 1147 1146 1116
f 1070 1071 1142
f 1070 1142 1147
f 1145 1113 1149
f 1119 1150 1113
f 1150 1149 1113
f 1117 1080 1151
f 1152 1080 1081
f 1152 1151 1080
f 1153 1118 1154
f 1155 1118 1156
f 1156 1115 1146
f 1119 1161 1150
f 1157 1120 1117
f 1157 1117 1151
f 1090 1152 1081
f 1158 1090 1121
f 1154 1121 1153
f 1158 1121 1154
f 1163 1123 1159
f 1160 1123 1163
f 1123 1160 1124
f 1124 1161 1094
f 1160 1161 1124
f 1119 1094 1161
f 1157 1199 1120
f 1120 1199 1125
f 1126 1162 1122
f 1162 1159 1122
f 1159 1162 1163
f 1199 1164 1125
f 1127 1125 1164
f 1165 1126 1133
f 1162 1126 1171
f 1126 1165 1171
f 1172 1134 1127
f 1133 1170 1165
f 1136 1170 1133
f 1165 1170 1204
f 1165 1204 1171
f 1173 1166 1172
f 1173 1167 1166
f 1174 1137 1167
f 1173 1174 1167
f 1179 1138 1137
f 1179 1137 1174
f 1138 1179 1175
f 1139 1138 1175
f 1139 1207 1168
f 1139 1175 1207
f 1176 1168 1207
f 1177 1169 1176
f 1169 1168 1176
f 1169 1177 1135
f 1135 1178 1136
f 1177 1178 1135
f 1170 1136 1178
f 1181 1140 1141
f 1181 1180 1140
f 1181 1141 1184
f 1144 1143 1182
f 1143 1183 1182
f 1143 1140 1180
f 1143 1180 1183
f 1184 1141 1112
f 1112 1145 1184
f 1147 1185 1146
f 1146 1185 1190
f 1142 1185 1147
f 1142 1187 1185
f 1186 1187 1142
f 1148 1186 1142
f 1186 1144 1182
f 1148 1144 1186
f 1191 1184 1145
f 1191 1145 1149
f 1151 1152 1188
f 1118 1220 1154
f 1220 1155 1189
f 1220 1118 1155
f 1156 1146 1190
f 1198 1191 1192
f 1149 1192 1191
f 1161 1149 1150
f 1192 1149 1161
f 1194 1157 1151
f 1193 1157 1194
f 1194 1151 1188
f 1195 1188 1152
f 1195 1152 1090
f 1158 1195 1090
f 1196 1158 1154
f 1154 1220 1196
f 1198 1163 1197
f 1163 1198 1192
f 1160 1163 1192
f 1160 1192 1161
f 1157 1200 1199
f 1157 1193 1200
f 1162 1197 1163
f 1201 1197 1162
f 1199 1200 1202
f 1202 1164 1199
f 1205 1162 1171
f 1201 1162 1205
f 1164 1202 1236
f 1127 1164 1236
f 1203 1204 1170
f 1171 1204 1205
f 1236 1241 1127
f 1127 1206 1172
f 1241 1206 1127
f 1173 1172 1206
f 1209 1177 1208
f 1177 1210 1178
f 1209 1210 1177
f 1170 1178 1203
f 1203 1178 1210
f 1173 1206 1211
f 1212 1173 1211
f 1174 1173 1212
f 1174 1248 1179
f 1212 1248 1174
f 1179 1249 1175
f 1179 1248 1249
f 1213 1175 1249
f 1213 1207 1175
f 1207 1213 1176
f 1213 1250 1176
f 1176 1208 1177
f 1176 1250 1208
f 1214 1182 1183
f 1215 1183 1180
f 1214 1183 1215
f 1215 1180 1181
f 1215 1181 1216
f 1216 1181 1184
f 1217 1216 1184
f 1186 1218 1187
f 1186 1182 1214
f 1186 1214 1218
f 1290 1184 1191
f 1217 1184 1290
f 1298 1189 1155
f 1155 1291 1298
f 1155 1156 1291
f 1291 1156 1190
f 1185 1291 1190
f 1221 1185 1187
f 1187 1218 1221
f 1290 1198 1288
f 1198 1290 1191
f 1193 1194 1223
f 1194 1188 1219
f 1223 1194 1219
f 1195 1219 1188
f 1224 1219 1195
f 1225 1195 1158
f 1225 1224 1195
f 1196 1225 1158
f 1226 1196 1220
f 1226 1220 1189
f 1227 1226 1189
f 1227 1189 1298
f 1222 1288 1197
f 1228 1222 1197
f 1197 1288 1198
f 1229 1200 1193
f 1229 1193 1223
f 1228 1197 1230
f 1201 1230 1197
f 1229 1232 1231
f 1202 1229 1231
f 1200 1229 1202
f 1230 1201 1233
f 1201 1205 1233
f 1234 1231 1232
f 1234 1240 1231
f 1231 1235 1202
f 1240 1235 1231
f 1236 1202 1235
f 1203 1210 1237
f 1204 1203 1237
f 1237 1238 1204
f 1205 1238 1310
f 1204 1238 1205
f 1310 1233 1205
f 1234 1239 1240
f 1240 1244 1235
f 1236 1244 1396
f 1236 1235 1244
f 1236 1396 1241
f 1312 1209 1208
f 1239 1243 1240
f 1239 1242 1243
f 1244 1240 1243
f 1396 1315 1241
f 1241 1315 1245
f 1241 1245 1206
f 1206 1245 1246
f 1247 1206 1246
f 1211 1206 1247
f 1252 1250 1251
f 1208 1250 1252
f 1312 1208 1252
f 1211 1253 1212
f 1211 1247 1253
f 1212 1253 1248
f 1248 1253 1254
f 1255 1248 1254
f 1255 1249 1248
f 1249 1256 1213
f 1255 1256 1249
f 1256 1251 1213
f 1251 1250 1213
f 1257 1260 1258
f 1257 1259 1260
f 1258 1262 1261
f 1258 1260 1262
f 1262 1263 1261
f 1260 1259 1348
f 1264 1260 1348
f 1264 1262 1260
f 1262 1265 1263
f 1262 1264 1265
f 1263 1265 1266
f 1269 1268 1265
f 1268 1266 1265
f 1266 1268 1270
f 1272 1271 1270
f 1271 1272 1267
f 1267 1272 1273
f 1268 1269 1274
f 1268 1275 1270
f 1268 1274 1275
f 1270 1275 1272
f 1272 1275 1276
f 1273 1276 1277
f 1273 1272 1276
f 1273 1277 1278
f 1275 1274 1279
f 1280 1275 1279
f 1275 1281 1276
f 1275 1280 1281
f 1277 1276 1281
f 1281 1280 1282
f 1281 1282 1283
f 1214 1285 1284
f 1286 1214 1215
f 1286 1285 1214
f 1289 1215 1216
f 1289 1286 1215
f 1289 1216 1217
f 1218 1214 1284
f 1287 1218 1284
f 1222 1289 1288
f 1217 1288 1289
f 1290 1288 1217
f 1221 1291 1185
f 1221 1218 1287
f 1219 1293 1223
f 1293 1219 1294
f 1219 1224 1294
f 1294 1225 1295
f 1294 1224 1225
f 1225 1296 1295
f 1225 1196 1296
f 1296 1196 1226
f 1372 1226 1227
f 1372 1296 1226
f 1297 1227 1298
f 1297 1372 1227
f 1292 1228 1299
f 1292 1222 1228
f 1300 1229 1223
f 1301 1300 1223
f 1301 1223 1293
f 1230 1305 1228
f 1228 1305 1299
f 1303 1304 1302
f 1232 1304 1303
f 1300 1232 1229
f 1304 1232 1300
f 1307 1305 1306
f 1306 1305 1233
f 1305 1230 1233
f 1303 1308 1234
f 1302 1308 1303
f 1303 1234 1232
f 1309 1238 1237
f 1309 1307 1238
f 1306 1238 1307
f 1238 1306 1310
f 1233 1310 1306
f 1234 1308 1389
f 1239 1234 1389
f 1209 1313 1210
f 1312 1313 1209
f 1210 1313 1237
f 1237 1313 1309
f 1389 1242 1239
f 1314 1242 1389
f 1243 1425 1244
f 1244 1425 1396
f 1318 1245 1315
f 1245 1318 1316
f 1246 1245 1316
f 1246 1397 1247
f 1316 1397 1246
f 1320 1252 1251
f 1312 1252 1311
f 1311 1252 1320
f 1314 1317 1242
f 1242 1405 1243
f 1317 1405 1242
f 1243 1405 1425
f 1253 1247 1397
f 1427 1253 1397
f 1319 1253 1427
f 1254 1253 1319
f 1254 1411 1255
f 1319 1411 1254
f 1321 1255 1411
f 1321 1320 1251
f 1321 1251 1256
f 1321 1256 1255
f 1327 1330 1322
f 1322 1330 1323
f 1323 1331 1324
f 1323 1330 1331
f 1325 1324 1328
f 1324 1331 1328
f 1439 1329 1326
f 1329 1327 1326
f 1327 1329 1330
f 1331 1332 1328
f 1329 1439 1333
f 1329 1334 1330
f 1329 1333 1334
f 1330 1334 1335
f 1330 1336 1331
f 1330 1335 1336
f 1332 1336 1339
f 1332 1331 1336
f 1337 1333 1338
f 1334 1337 1257
f 1333 1337 1334
f 1334 1257 1258
f 1334 1258 1335
f 1335 1258 1261
f 1336 1335 1261
f 1336 1340 1339
f 1336 1261 1340
f 1337 1338 1259
f 1338 1341 1259
f 1337 1259 1257
f 1261 1263 1340
f 1263 1349 1340
f 1343 1449 1342
f 1342 1344 1343
f 1346 1345 1344
f 1341 1347 1259
f 1259 1347 1348
f 1349 1263 1266
f 1350 1449 1266
f 1449 1349 1266
f 1350 1342 1449
f 1350 1271 1342
f 1344 1271 1267
f 1342 1271 1344
f 1351 1344 1267
f 1346 1344 1351
f 1346 1351 1352
f 1348 1347 1353
f 1348 1354 1264
f 1353 1354 1348
f 1269 1265 1264
f 1269 1264 1354
f 1270 1350 1266
f 1350 1270 1271
f 1273 1351 1267
f 1351 1273 1278
f 1351 1278 1352
f 1355 1352 1278
f 1356 1354 1353
f 1354 1357 1269
f 1354 1356 1357
f 1357 1274 1269
f 1358 1278 1277
f 1359 1278 1358
f 1359 1360 1278
f 1360 1355 1278
f 1357 1356 1361
f 1357 1361 1274
f 1274 1460 1279
f 1361 1460 1274
f 1280 1279 1460
f 1277 1281 1283
f 1277 1283 1358
f 1362 1358 1283
f 1359 1358 1362
f 1360 1359 1366
f 1359 1362 1366
f 1280 1460 1363
f 1364 1280 1363
f 1282 1280 1364
f 1282 1365 1283
f 1364 1365 1282
f 1283 1365 1362
f 1362 1365 1366
f 1370 1287 1467
f 1287 1284 1467
f 1367 1467 1284
f 1285 1367 1284
f 1368 1285 1286
f 1367 1285 1368
f 1222 1368 1289
f 1368 1286 1289
f 1221 1369 1291
f 1369 1221 1287
f 1370 1369 1287
f 1292 1371 1367
f 1368 1292 1367
f 1222 1292 1368
f 1297 1373 1372
f 1374 1298 1291
f 1297 1298 1374
f 1374 1291 1369
f 1371 1292 1299
f 1375 1371 1299
f 1301 1376 1300
f 1377 1301 1293
f 1377 1376 1301
f 1377 1293 1294
f 1378 1294 1295
f 1379 1295 1296
f 1378 1295 1379
f 1379 1296 1380
f 1380 1296 1372
f 1380 1372 1373
f 1305 1375 1299
f 1305 1381 1375
f 1302 1383 1382
f 1383 1302 1304
f 1384 1383 1304
f 1385 1304 1300
f 1385 1384 1304
f 1300 1376 1385
f 1386 1381 1305
f 1305 1307 1386
f 1387 1308 1302
f 1387 1302 1382
f 1485 1386 1309
f 1386 1307 1309
f 1387 1389 1308
f 1388 1389 1387
f 1312 1311 1390
f 1312 1390 1313
f 1390 1485 1313
f 1309 1313 1485
f 1393 1392 1391
f 1393 1394 1392
f 1395 1389 1388
f 1395 1314 1389
f 1320 1398 1311
f 1391 1399 1393
f 1391 1414 1399
f 1393 1400 1394
f 1393 1399 1400
f 1401 1394 1400
f 1404 1317 1314
f 1395 1404 1314
f 1403 1404 1395
f 1405 1317 1404
f 1406 1396 1425
f 1406 1426 1315
f 1396 1406 1315
f 1407 1315 1426
f 1318 1315 1407
f 1318 1408 1316
f 1318 1407 1408
f 1316 1408 1397
f 1397 1408 1409
f 1410 1397 1409
f 1427 1397 1410
f 1501 1320 1321
f 1320 1501 1412
f 1412 1413 1320
f 1320 1413 1398
f 1399 1414 1415
f 1416 1399 1415
f 1416 1400 1399
f 1401 1400 1418
f 1418 1400 1416
f 1417 1402 1418
f 1402 1417 1419
f 1420 1421 1419
f 1422 1421 1420
f 1422 1423 1421
f 1422 1424 1423
f 1424 1435 1403
f 1509 1404 1435
f 1404 1403 1435
f 1404 1509 1405
f 1405 1509 1425
f 1427 1428 1319
f 1319 1428 1411
f 1411 1428 1429
f 1501 1321 1429
f 1321 1411 1429
f 1430 1416 1415
f 1430 1431 1416
f 1416 1432 1418
f 1416 1431 1432
f 1418 1432 1417
f 1432 1327 1417
f 1327 1322 1417
f 1417 1322 1323
f 1417 1323 1419
f 1419 1323 1324
f 1419 1324 1420
f 1420 1324 1325
f 1422 1420 1325
f 1422 1325 1433
f 1424 1433 1434
f 1424 1422 1433
f 1424 1434 1435
f 1431 1436 1326
f 1430 1436 1431
f 1431 1326 1327
f 1431 1327 1432
f 1437 1325 1328
f 1433 1325 1437
f 1434 1433 1521
f 1521 1433 1437
f 1436 1439 1326
f 1438 1439 1436
f 1332 1440 1437
f 1332 1437 1328
f 1521 1437 1440
f 1441 1439 1438
f 1441 1333 1439
f 1440 1332 1339
f 1443 1440 1339
f 1444 1440 1443
f 1442 1338 1333
f 1442 1333 1441
f 1443 1339 1340
f 1443 1445 1444
f 1445 1343 1444
f 1338 1442 1448
f 1341 1338 1448
f 1349 1443 1340
f 1443 1449 1445
f 1443 1349 1449
f 1445 1449 1343
f 1343 1344 1446
f 1446 1344 1345
f 1446 1345 1447
f 1448 1451 1347
f 1341 1448 1347
f 1352 1450 1346
f 1452 1450 1352
f 1347 1451 1453
f 1453 1353 1347
f 1355 1452 1352
f 1355 1455 1452
f 1453 1454 1353
f 1356 1353 1454
f 1355 1360 1455
f 1360 1456 1455
f 1454 1457 1356
f 1361 1457 1458
f 1356 1457 1361
f 1459 1361 1458
f 1460 1361 1459
f 1462 1360 1366
f 1456 1360 1462
f 1459 1458 1461
f 1463 1459 1461
f 1463 1460 1459
f 1463 1363 1460
f 1465 1365 1364
f 1465 1364 1464
f 1537 1365 1465
f 1366 1365 1537
f 1366 1537 1462
f 1463 1466 1363
f 1466 1540 1363
f 1540 1364 1363
f 1364 1540 1464
f 1467 1468 1370
f 1367 1371 1467
f 1371 1468 1467
f 1297 1469 1543
f 1297 1374 1469
f 1470 1469 1374
f 1471 1374 1369
f 1471 1470 1374
f 1472 1369 1370
f 1471 1369 1472
f 1370 1468 1472
f 1473 1468 1371
f 1375 1473 1371
f 1377 1481 1376
f 1376 1481 1474
f 1481 1377 1475
f 1377 1294 1475
f 1475 1294 1378
f 1380 1476 1379
f 1373 1297 1543
f 1468 1473 1477
f 1473 1375 1477
f 1375 1478 1477
f 1375 1381 1478
f 1382 1383 1550
f 1479 1550 1383
f 1480 1383 1384
f 1480 1479 1383
f 1474 1384 1385
f 1474 1480 1384
f 1385 1376 1474
f 1378 1379 1482
f 1482 1379 1476
f 1483 1381 1386
f 1478 1381 1483
f 1556 1387 1382
f 1556 1382 1550
f 1486 1485 1484
f 1485 1486 1483
f 1485 1483 1386
f 1556 1388 1387
f 1561 1388 1556
f 1311 1487 1390
f 1390 1488 1484
f 1488 1390 1487
f 1390 1484 1485
f 1490 1391 1392
f 1490 1489 1391
f 1493 1490 1394
f 1490 1392 1394
f 1388 1492 1491
f 1388 1561 1492
f 1491 1395 1388
f 1487 1311 1398
f 1504 1487 1398
f 1488 1487 1504
f 1414 1489 1568
f 1391 1489 1414
f 1401 1494 1394
f 1494 1493 1394
f 1494 1401 1495
f 1402 1494 1495
f 1402 1496 1494
f 1496 1402 1507
f 1492 1571 1497
f 1497 1491 1492
f 1497 1498 1491
f 1498 1403 1395
f 1498 1395 1491
f 1426 1582 1407
f 1407 1582 1499
f 1408 1407 1499
f 1408 1573 1409
f 1499 1573 1408
f 1410 1409 1573
f 1410 1573 1500
f 1574 1413 1412
f 1413 1574 1502
f 1413 1502 1398
f 1502 1503 1398
f 1398 1503 1504
f 1568 1506 1414
f 1505 1506 1568
f 1415 1414 1506
f 1418 1495 1401
f 1418 1402 1495
f 1507 1402 1419
f 1508 1419 1421
f 1508 1507 1419
f 1423 1497 1571
f 1508 1423 1571
f 1421 1423 1508
f 1497 1423 1424
f 1497 1424 1498
f 1498 1424 1403
f 1510 1425 1509
f 1510 1509 1516
f 1510 1406 1425
f 1517 1426 1406
f 1510 1517 1406
f 1517 1582 1426
f 1500 1511 1410
f 1410 1511 1427
f 1511 1512 1518
f 1428 1511 1518
f 1427 1511 1428
f 1585 1428 1518
f 1429 1428 1585
f 1429 1513 1501
f 1429 1585 1513
f 1574 1412 1513
f 1412 1501 1513
f 1514 1506 1505
f 1514 1430 1415
f 1506 1514 1415
f 1515 1435 1434
f 1515 1509 1435
f 1520 1509 1515
f 1516 1509 1520
f 1505 1591 1514
f 1430 1514 1591
f 1436 1430 1591
f 1434 1519 1515
f 1434 1521 1519
f 1520 1515 1519
f 1591 1438 1436
f 1521 1522 1519
f 1438 1591 1523
f 1523 1441 1438
f 1444 1521 1440
f 1521 1524 1522
f 1521 1444 1524
f 1524 1526 1522
f 1525 1441 1523
f 1442 1441 1525
f 1444 1343 1524
f 1524 1343 1446
f 1446 1526 1524
f 1447 1526 1446
f 1527 1526 1447
f 1447 1529 1527
f 1525 1528 1442
f 1442 1528 1448
f 1345 1529 1447
f 1346 1529 1345
f 1450 1529 1346
f 1528 1601 1448
f 1451 1448 1601
f 1530 1450 1452
f 1601 1453 1451
f 1531 1453 1601
f 1532 1452 1455
f 1453 1533 1454
f 1531 1533 1453
f 1456 1536 1455
f 1536 1532 1455
f 1457 1454 1534
f 1454 1533 1534
f 1534 1458 1457
f 1462 1535 1536
f 1462 1536 1456
f 1534 1461 1458
f 1538 1462 1537
f 1538 1535 1462
f 1539 1535 1538
f 1536 1535 1539
f 1608 1542 1463
f 1461 1608 1463
f 1542 1466 1463
f 1540 1612 1464
f 1465 1541 1537
f 1537 1541 1538
f 1538 1541 1539
f 1539 1541 1614
f 1542 1616 1466
f 1540 1466 1616
f 1544 1470 1471
f 1544 1469 1470
f 1544 1471 1472
f 1468 1544 1472
f 1623 1380 1545
f 1380 1373 1545
f 1545 1543 1546
f 1545 1373 1543
f 1547 1546 1543
f 1547 1543 1469
f 1548 1544 1468
f 1549 1468 1477
f 1549 1548 1468
f 1477 1478 1549
f 1474 1551 1480
f 1474 1627 1551
f 1474 1552 1627
f 1474 1481 1552
f 1554 1481 1475
f 1552 1481 1554
f 1553 1554 1378
f 1554 1475 1378
f 1482 1699 1378
f 1378 1699 1553
f 1699 1482 1555
f 1482 1476 1555
f 1476 1380 1623
f 1555 1476 1623
f 1483 1549 1478
f 1483 1560 1549
f 1550 1557 1556
f 1557 1479 1558
f 1550 1479 1557
f 1558 1479 1480
f 1558 1480 1559
f 1559 1480 1551
f 1484 1560 1486
f 1563 1560 1484
f 1483 1486 1560
f 1561 1557 1562
f 1556 1557 1561
f 1562 1557 1558
f 1488 1563 1484
f 1489 1490 1564
f 1565 1490 1493
f 1565 1564 1490
f 1566 1492 1561
f 1561 1562 1566
f 1504 1563 1488
f 1504 1567 1563
f 1489 1569 1568
f 1489 1564 1569
f 1493 1570 1565
f 1494 1570 1493
f 1570 1496 1579
f 1570 1494 1496
f 1507 1579 1496
f 1572 1571 1492
f 1566 1572 1492
f 1575 1503 1502
f 1504 1503 1576
f 1567 1504 1576
f 1578 1577 1568
f 1577 1505 1568
f 1578 1568 1569
f 1580 1579 1507
f 1580 1507 1508
f 1581 1580 1508
f 1581 1508 1571
f 1581 1571 1572
f 1583 1499 1582
f 1646 1573 1583
f 1573 1499 1583
f 1573 1646 1500
f 1646 1511 1500
f 1646 1584 1511
f 1512 1511 1584
f 1518 1589 1585
f 1513 1586 1574
f 1513 1585 1586
f 1575 1502 1586
f 1502 1574 1586
f 1575 1639 1503
f 1503 1639 1576
f 1505 1577 1590
f 1656 1510 1516
f 1657 1517 1510
f 1657 1587 1517
f 1587 1582 1517
f 1582 1587 1583
f 1584 1588 1512
f 1512 1588 1518
f 1518 1588 1589
f 1505 1590 1591
f 1519 1592 1520
f 1520 1592 1516
f 1516 1592 1656
f 1510 1656 1657
f 1592 1519 1595
f 1595 1519 1522
f 1523 1593 1594
f 1591 1593 1523
f 1526 1595 1522
f 1527 1595 1526
f 1527 1596 1595
f 1594 1668 1523
f 1525 1523 1668
f 1596 1527 1529
f 1596 1598 1597
f 1596 1529 1598
f 1668 1670 1525
f 1525 1670 1528
f 1529 1450 1598
f 1530 1599 1450
f 1599 1598 1450
f 1530 1600 1599
f 1528 1602 1601
f 1528 1670 1602
f 1603 1530 1452
f 1600 1530 1603
f 1604 1601 1602
f 1531 1601 1604
f 1532 1603 1452
f 1604 1605 1533
f 1531 1604 1533
f 1606 1532 1536
f 1678 1533 1605
f 1534 1533 1678
f 1536 1609 1606
f 1678 1607 1534
f 1461 1607 1608
f 1534 1607 1461
f 1539 1610 1609
f 1536 1539 1609
f 1607 1681 1608
f 1681 1611 1608
f 1542 1608 1611
f 1682 1612 1540
f 1464 1613 1465
f 1612 1613 1464
f 1541 1613 1686
f 1465 1613 1541
f 1610 1539 1614
f 1618 1610 1614
f 1611 1615 1542
f 1615 1616 1542
f 1540 1616 1682
f 1541 1686 1617
f 1541 1617 1614
f 1614 1617 1688
f 1614 1688 1618
f 1621 1469 1693
f 1469 1544 1693
f 1619 1693 1544
f 1621 1620 1547
f 1547 1469 1621
f 1544 1548 1619
f 1548 1622 1619
f 1548 1549 1622
f 1623 1545 1546
f 1620 1623 1546
f 1546 1547 1620
f 1560 1624 1622
f 1549 1560 1622
f 1559 1625 1558
f 1551 1626 1559
f 1559 1626 1625
f 1551 1627 1626
f 1552 1628 1627
f 1628 1552 1554
f 1628 1554 1629
f 1630 1629 1553
f 1629 1554 1553
f 1553 1698 1630
f 1553 1699 1698
f 1631 1624 1560
f 1563 1631 1560
f 1558 1625 1562
f 1626 1632 1635
f 1625 1626 1635
f 1632 1626 1627
f 1631 1563 1633
f 1634 1566 1562
f 1635 1562 1625
f 1634 1562 1635
f 1567 1636 1633
f 1563 1567 1633
f 1637 1569 1564
f 1637 1564 1565
f 1637 1565 1638
f 1579 1638 1570
f 1638 1565 1570
f 1566 1634 1572
f 1645 1635 1710
f 1634 1635 1645
f 1639 1648 1636
f 1576 1639 1636
f 1576 1636 1567
f 1569 1640 1578
f 1637 1640 1569
f 1641 1638 1579
f 1643 1579 1580
f 1643 1641 1579
f 1643 1580 1642
f 1581 1644 1580
f 1580 1644 1642
f 1572 1634 1581
f 1634 1644 1581
f 1634 1645 1644
f 1586 1585 1647
f 1586 1648 1575
f 1586 1647 1648
f 1575 1648 1639
f 1649 1577 1578
f 1649 1590 1577
f 1649 1578 1640
f 1643 1642 1655
f 1650 1642 1644
f 1655 1642 1650
f 1651 1644 1645
f 1650 1644 1651
f 1645 1710 1651
f 1652 1583 1587
f 1652 1718 1583
f 1718 1646 1583
f 1659 1646 1718
f 1659 1584 1646
f 1660 1588 1584
f 1659 1660 1584
f 1588 1660 1653
f 1589 1588 1653
f 1585 1589 1647
f 1590 1649 1654
f 1654 1591 1590
f 1658 1587 1657
f 1587 1665 1652
f 1587 1658 1665
f 1718 1652 1665
f 1654 1661 1593
f 1591 1654 1593
f 1592 1595 1656
f 1656 1595 1662
f 1657 1662 1663
f 1657 1656 1662
f 1657 1663 1658
f 1658 1663 1664
f 1665 1658 1664
f 1593 1661 1594
f 1595 1596 1662
f 1596 1663 1662
f 1597 1663 1596
f 1666 1664 1597
f 1664 1663 1597
f 1665 1664 1666
f 1594 1667 1743
f 1594 1661 1667
f 1668 1594 1743
f 1598 1666 1597
f 1671 1666 1598
f 1669 1668 1743
f 1669 1670 1668
f 1599 1671 1598
f 1600 1671 1599
f 1671 1600 1672
f 1670 1669 1673
f 1602 1670 1673
f 1672 1603 1674
f 1600 1603 1672
f 1673 1675 1602
f 1602 1753 1604
f 1675 1753 1602
f 1532 1674 1603
f 1676 1674 1532
f 1605 1604 1753
f 1677 1605 1753
f 1676 1532 1606
f 1678 1605 1677
f 1679 1606 1609
f 1607 1678 1763
f 1679 1609 1680
f 1609 1610 1680
f 1763 1681 1607
f 1682 1683 1612
f 1683 1684 1612
f 1613 1684 1686
f 1612 1684 1613
f 1680 1618 1690
f 1610 1618 1680
f 1615 1685 1616
f 1682 1616 1685
f 1686 1687 1617
f 1618 1688 1689
f 1618 1689 1690
f 1687 1691 1617
f 1617 1691 1688
f 1688 1691 1692
f 1688 1692 1689
f 1694 1620 1621
f 1621 1777 1694
f 1695 1621 1693
f 1777 1621 1695
f 1695 1693 1619
f 1695 1619 1696
f 1619 1622 1696
f 1555 1697 1866
f 1555 1623 1697
f 1778 1623 1620
f 1778 1697 1623
f 1778 1620 1694
f 1696 1622 1624
f 1699 1555 1866
f 1624 1631 1700
f 1627 1701 1632
f 1628 1701 1627
f 1702 1629 1630
f 1703 1630 1698
f 1702 1630 1703
f 1700 1631 1633
f 1700 1633 1705
f 1635 1632 1710
f 1632 1701 1710
f 1705 1636 1704
f 1633 1636 1705
f 1648 1704 1636
f 1706 1704 1648
f 1713 1640 1637
f 1638 1708 1713
f 1637 1638 1713
f 1707 1708 1641
f 1708 1638 1641
f 1641 1709 1707
f 1641 1643 1709
f 1701 1787 1717
f 1710 1701 1717
f 1648 1647 1711
f 1706 1648 1711
f 1649 1640 1712
f 1712 1640 1713
f 1708 1707 1714
f 1715 1707 1709
f 1714 1707 1715
f 1716 1709 1643
f 1715 1709 1716
f 1655 1716 1643
f 1717 1651 1710
f 1589 1719 1730
f 1653 1719 1589
f 1730 1647 1589
f 1720 1647 1730
f 1711 1647 1720
f 1722 1721 1649
f 1721 1654 1649
f 1722 1649 1712
f 1731 1723 1714
f 1731 1715 1724
f 1714 1715 1731
f 1715 1725 1724
f 1716 1725 1715
f 1726 1716 1655
f 1726 1725 1716
f 1650 1727 1655
f 1655 1727 1726
f 1650 1651 1727
f 1787 1728 1651
f 1717 1787 1651
f 1665 1735 1718
f 1737 1659 1718
f 1735 1737 1718
f 1659 1737 1729
f 1660 1659 1729
f 1653 1660 1719
f 1719 1660 1729
f 1807 1661 1654
f 1724 1725 1732
f 1733 1725 1726
f 1732 1725 1733
f 1733 1727 1734
f 1726 1727 1733
f 1734 1727 1651
f 1734 1651 1728
f 1737 1735 1736
f 1665 1666 1738
f 1738 1735 1665
f 1739 1735 1738
f 1736 1735 1739
f 1807 1667 1661
f 1740 1667 1807
f 1671 1738 1666
f 1738 1671 1739
f 1739 1671 1741
f 1740 1742 1743
f 1667 1740 1743
f 1671 1672 1741
f 1741 1745 1744
f 1741 1672 1745
f 1749 1742 1828
f 1742 1750 1743
f 1742 1749 1750
f 1743 1751 1669
f 1750 1751 1743
f 1669 1751 1746
f 1673 1669 1746
f 1672 1747 1745
f 1672 1674 1747
f 1748 1745 1747
f 1675 1673 1752
f 1673 1746 1752
f 1753 1675 1752
f 1674 1754 1747
f 1674 1676 1754
f 1748 1747 1755
f 1747 1754 1755
f 1756 1753 1752
f 1756 1677 1753
f 1757 1676 1606
f 1754 1676 1757
f 1754 1758 1755
f 1754 1757 1758
f 1678 1677 1760
f 1679 1761 1757
f 1679 1757 1606
f 1758 1761 1765
f 1758 1757 1761
f 1763 1760 1762
f 1763 1678 1760
f 1761 1679 1680
f 1770 1761 1680
f 1765 1761 1770
f 1762 1766 1763
f 1766 1681 1763
f 1681 1766 1611
f 1611 1767 1615
f 1766 1767 1611
f 1768 1615 1767
f 1685 1845 1682
f 1768 1845 1685
f 1682 1845 1683
f 1683 1845 1764
f 1684 1683 1764
f 1769 1684 1764
f 1769 1686 1684
f 1770 1680 1690
f 1768 1685 1615
f 1769 1771 1686
f 1686 1771 1687
f 1689 1773 1690
f 1772 1773 1689
f 1690 1773 1770
f 1771 1774 1687
f 1774 1776 1691
f 1687 1774 1691
f 1775 1691 1776
f 1692 1691 1775
f 1689 1692 1772
f 1772 1692 1775
f 1779 1694 1777
f 1778 1694 1779
f 1779 1777 1695
f 1695 1696 1780
f 1696 1624 1780
f 1703 1698 1969
f 1698 1699 1969
f 1969 1699 1866
f 1700 1780 1624
f 1700 1781 1780
f 1628 1629 1782
f 1782 1629 1702
f 1702 1703 1868
f 1705 1781 1700
f 1705 1786 1781
f 1784 1783 1701
f 1628 1784 1701
f 1784 1628 1782
f 1786 1704 1785
f 1705 1704 1786
f 1783 1784 1788
f 1706 1873 1704
f 1785 1704 1873
f 1701 1783 1787
f 1783 1788 1787
f 1711 1789 1706
f 1789 1873 1706
f 1713 1790 1712
f 1708 1790 1713
f 1708 1791 1790
f 1714 1791 1708
f 1787 1788 1795
f 1720 1792 1711
f 1711 1792 1789
f 1793 1722 1712
f 1793 1712 1790
f 1793 1790 1794
f 1794 1790 1723
f 1790 1791 1723
f 1723 1791 1714
f 1806 1881 1729
f 1729 1797 1719
f 1729 1881 1797
f 1797 1730 1719
f 1797 1877 1730
f 1730 1798 1720
f 1877 1798 1730
f 1792 1720 1798
f 1799 1721 1722
f 1799 1654 1721
f 1794 1723 1800
f 1731 1801 1723
f 1723 1801 1800
f 1802 1801 1731
f 1802 1731 1724
f 1724 1732 1802
f 1803 1787 1795
f 1728 1787 1803
f 1795 1796 1803
f 1805 1804 1736
f 1804 1737 1736
f 1806 1737 1804
f 1729 1737 1806
f 1654 1808 1807
f 1654 1799 1808
f 1802 1732 1809
f 1733 1810 1732
f 1732 1810 1809
f 1734 1810 1733
f 1734 1811 1810
f 1812 1734 1728
f 1811 1734 1812
f 1812 1728 1813
f 1813 1728 1803
f 1805 1736 1817
f 1739 1817 1736
f 1807 1808 1740
f 1740 1808 1814
f 1810 1811 1815
f 1811 1816 1815
f 1812 1816 1811
f 1821 1813 1803
f 1822 1817 1741
f 1817 1739 1741
f 1814 1900 1818
f 1814 1818 1740
f 1818 1742 1740
f 1820 1819 1816
f 1812 1820 1816
f 1820 1812 1813
f 1744 1822 1741
f 1823 1822 1744
f 1824 1744 1745
f 1824 1823 1744
f 1827 1900 1825
f 1827 1818 1900
f 1827 1828 1818
f 1828 1742 1818
f 1819 1820 1832
f 1833 1820 1813
f 1832 1820 1833
f 1821 1908 1826
f 1833 1821 1826
f 1813 1821 1833
f 1748 1824 1745
f 1834 1824 1748
f 1916 1827 1825
f 1829 1749 1828
f 1830 1750 1749
f 1830 1749 1829
f 1750 1830 1831
f 1751 1750 1831
f 1751 1917 1746
f 1751 1831 1917
f 1752 1746 1917
f 1755 1834 1748
f 1827 1916 1835
f 1827 1836 1828
f 1827 1835 1836
f 1828 1837 1829
f 1828 1836 1837
f 1830 1837 1839
f 1830 1829 1837
f 1830 1839 1831
f 1917 1930 1752
f 1752 1931 1756
f 1930 1931 1752
f 1758 1834 1755
f 1758 1841 1834
f 1835 1937 1759
f 1836 1835 1759
f 1838 1836 1759
f 1837 1836 1838
f 1837 1844 1839
f 1837 1838 1844
f 1940 1756 1931
f 1940 1677 1756
f 1760 1677 1940
f 1760 1940 1840
f 1846 1841 1758
f 1846 1758 1765
f 1759 1937 1842
f 1842 1838 1759
f 1843 1838 1842
f 1844 1838 1843
f 1760 1840 1762
f 1840 1947 1762
f 1762 1947 1766
f 1947 1847 1766
f 1766 1847 1767
f 1767 1848 1768
f 1847 1848 1767
f 1848 1849 1845
f 1768 1848 1845
f 1845 1849 1764
f 1850 1764 1849
f 1769 1764 1850
f 1770 1846 1765
f 1770 1851 1846
f 1769 1852 1771
f 1850 1852 1769
f 1773 1772 1853
f 1851 1770 1773
f 1774 1771 1854
f 1771 1855 1854
f 1771 1852 1855
f 1857 1854 1856
f 1857 1774 1854
f 1774 1857 1776
f 1775 1776 1857
f 1858 1775 1857
f 1775 1858 1772
f 1772 1858 1853
f 1854 1855 1859
f 1854 1860 1856
f 1860 1854 1861
f 1859 1861 1854
f 1861 1862 1860
f 1697 1778 1864
f 1864 1779 1863
f 1864 1778 1779
f 1695 1865 1779
f 1779 1865 1863
f 1695 1780 1865
f 1866 1697 1864
f 1781 1867 1865
f 1780 1781 1865
f 1703 1869 1868
f 1869 1703 1969
f 1867 1781 1786
f 1867 1786 1870
f 1782 1871 1784
f 1702 1871 1782
f 1975 1871 1702
f 1868 1975 1702
f 1975 1868 1869
f 1785 1870 1786
f 1874 1870 1785
f 1872 1788 1784
f 1875 1784 1871
f 1872 1784 1875
f 1875 1871 1975
f 1876 1874 1873
f 1874 1785 1873
f 1789 1876 1873
f 1788 1872 1795
f 1872 1875 1879
f 1879 1875 1984
f 1792 1878 1876
f 1792 1876 1789
f 1795 1872 1796
f 1872 1879 1796
f 1993 1881 1806
f 1881 1988 1797
f 1877 1797 1988
f 1798 1877 1878
f 1798 1878 1792
f 1722 1882 1799
f 1882 1722 1793
f 1793 1794 1883
f 1794 1800 1883
f 1884 1803 1796
f 1885 1796 1879
f 1884 1796 1885
f 1879 1880 1885
f 1887 1886 1804
f 1887 1804 1805
f 1804 1993 1806
f 1886 1993 1804
f 1882 1888 1893
f 1808 1882 1893
f 1799 1882 1808
f 1889 1883 1800
f 1891 1800 1801
f 1891 1889 1800
f 1891 1801 1802
f 1890 1891 1802
f 1809 1890 1802
f 1817 1887 1805
f 1817 1892 1887
f 1894 1893 1888
f 1814 1808 1893
f 1895 1890 1809
f 1896 1895 1810
f 1895 1809 1810
f 1897 1821 1884
f 1884 1821 1803
f 1885 2000 1898
f 1884 1885 1898
f 1892 1817 1899
f 1822 1899 1817
f 1894 1900 1893
f 1893 1900 1814
f 1896 1810 1815
f 1896 1815 1901
f 1901 1815 1816
f 1819 1901 1816
f 1897 1884 1898
f 1903 1899 1902
f 1902 1899 1822
f 1823 1904 1822
f 1822 1904 1902
f 1823 1824 1904
f 1906 1905 1894
f 1905 1825 1894
f 1894 1825 1900
f 1901 1819 1907
f 1819 1832 1907
f 1821 1897 1908
f 1908 1897 1909
f 1910 1897 1898
f 1909 1897 1910
f 1903 1902 1911
f 1912 1902 1904
f 1913 1904 1824
f 1912 1904 1913
f 1834 1913 1824
f 1906 1915 1914
f 1914 1905 1906
f 1905 1916 1825
f 1914 1916 1905
f 1918 1907 1832
f 1920 1832 1833
f 1920 1918 1832
f 1920 1833 1826
f 1919 1920 1826
f 1908 1919 1826
f 1919 1908 1933
f 1933 1909 1921
f 1908 1909 1933
f 1909 1922 1921
f 1910 1922 1909
f 1911 1902 1923
f 1924 1902 1912
f 1923 1902 1924
f 1925 1912 1913
f 1924 1912 1925
f 1834 1925 1913
f 1914 1915 1926
f 1914 1927 1916
f 1914 1926 1927
f 1927 1835 1916
f 1928 1831 1839
f 1831 1929 1917
f 1831 1928 1929
f 1929 1930 1917
f 1923 1924 2025
f 1935 1934 2025
f 1924 1935 2025
f 1925 1935 1924
f 1841 1935 1834
f 1834 1935 1925
f 1926 1936 1927
f 1927 1936 2028
f 1927 2028 1937
f 1835 1927 1937
f 1938 1839 1844
f 1928 1839 1938
f 1928 1939 1929
f 1928 1938 1939
f 2036 1930 1939
f 1930 1929 1939
f 1945 1930 2036
f 1945 1931 1930
f 1945 1940 1931
f 1932 1941 1949
f 1943 1932 1942
f 1941 1932 1943
f 1934 1935 1841
f 1846 1934 1841
f 1944 1934 1846
f 2028 2035 1937
f 1842 1937 2035
f 1843 1952 1844
f 1952 1938 1844
f 1953 1938 1952
f 1939 1938 1953
f 1940 1945 1946
f 1940 1946 1840
f 1948 1947 1840
f 1946 1948 1840
f 1949 1950 1947
f 1949 1947 1948
f 1941 1950 1949
f 1951 1941 1943
f 1950 1941 1951
f 1943 2039 1951
f 2035 2046 1842
f 1843 2046 2053
f 1842 2046 1843
f 2053 1952 1843
f 1847 1947 1950
f 1847 1950 1848
f 1848 1950 1951
f 2039 1848 1951
f 2039 1849 1848
f 2039 1954 1849
f 1849 1954 1850
f 1955 1850 1954
f 1851 1944 1846
f 1851 1958 1944
f 1852 1850 1955
f 1956 1852 1955
f 1962 1957 1853
f 1853 1958 1773
f 1957 1958 1853
f 1851 1773 1958
f 1960 1855 1959
f 1855 1956 1959
f 1855 1852 1956
f 1857 1856 1960
f 1959 1857 1960
f 1961 1857 1959
f 1857 1961 1858
f 1961 1962 1858
f 1853 1858 1962
f 1964 1963 1960
f 1963 1855 1960
f 1963 1859 1855
f 1964 1960 1856
f 1860 1964 1856
f 1965 1964 1860
f 1968 1860 1862
f 1968 1965 1860
f 1859 1963 1966
f 1967 1861 1859
f 1967 1859 1966
f 1968 1861 1967
f 1862 1861 1968
f 1866 1970 1969
f 1864 1970 1866
f 1863 1970 1864
f 1865 1867 1863
f 1969 1971 1869
f 1969 1976 1971
f 1972 1969 1970
f 1976 1969 1972
f 1972 1970 1973
f 1970 1974 1973
f 1863 1974 1970
f 1870 1863 1867
f 1974 1863 1870
f 1869 1971 1975
f 1977 1976 1972
f 1973 1974 1978
f 1874 1974 1870
f 1978 1974 1874
f 1979 1975 1971
f 1979 1976 1977
f 1971 1976 1979
f 1978 1980 1983
f 1876 1980 1874
f 1980 1978 1874
f 1875 1975 1984
f 1975 1981 1984
f 1981 1979 2069
f 1975 1979 1981
f 2069 1979 1977
f 1876 1983 1980
f 1985 1984 1981
f 1985 1981 1986
f 1987 1981 2069
f 1986 1981 1987
f 1989 1987 2069
f 1982 1988 1989
f 2071 1877 1988
f 1982 2071 1988
f 1983 1878 2071
f 1878 1877 2071
f 1878 1983 1876
f 1879 1984 1880
f 1880 1984 1990
f 1990 1985 1991
f 1984 1985 1990
f 1985 1992 1991
f 1986 1992 1985
f 1993 1986 1987
f 1992 1986 1993
f 1989 1881 1993
f 1987 1989 1993
f 1988 1881 1989
f 1882 1793 1994
f 1995 1793 1883
f 1995 1994 1793
f 1996 1885 1880
f 1996 1880 1990
f 1991 1992 1886
f 1887 1991 1886
f 1892 1991 1887
f 1886 1992 1993
f 1998 1888 1882
f 1997 1888 1998
f 1998 1882 1994
f 1883 1889 1999
f 1995 1883 1999
f 1889 1891 1999
f 1996 2000 1885
f 2001 1996 1990
f 1990 1991 2001
f 1997 2002 1894
f 1894 1888 1997
f 1999 1891 2003
f 1890 2003 1891
f 2004 1890 1895
f 2004 2003 1890
f 1895 1896 2004
f 2000 2005 1898
f 2000 1996 2005
f 2005 2001 2080
f 1996 2001 2005
f 1899 2006 1892
f 2007 2004 1896
f 2008 1896 1901
f 2008 2007 1896
f 2009 1898 2005
f 2010 2005 2080
f 2009 2005 2010
f 2011 2010 2080
f 2011 1899 1903
f 2006 1899 2011
f 1906 1894 2002
f 1906 2002 2012
f 2015 1901 1907
f 2008 1901 2015
f 2009 1910 1898
f 2013 2009 2010
f 2014 2010 2011
f 2013 2010 2014
f 1903 2014 2011
f 1911 2014 1903
f 2012 2086 1906
f 1906 2086 1915
f 1918 2015 1907
f 2017 2015 1918
f 2017 1920 2016
f 2017 1918 1920
f 2018 1922 2009
f 2009 1922 1910
f 2019 2009 2013
f 2018 2009 2019
f 2019 2013 2014
f 2019 2014 1911
f 1926 2086 2020
f 1915 2086 1926
f 2016 1942 1932
f 2021 2016 1932
f 2017 2016 2021
f 1919 2022 1920
f 2022 2016 1920
f 2022 1942 2016
f 1933 2023 1919
f 1919 2023 2022
f 1921 2023 1933
f 2033 1921 1922
f 2033 2023 1921
f 2018 2033 1922
f 2033 2018 2019
f 2024 2019 1911
f 2024 1911 1923
f 1923 2025 2024
f 2020 2026 1926
f 1936 2026 2027
f 1926 2026 1936
f 2028 1936 2027
f 2030 1949 2029
f 2030 2021 1949
f 2021 1932 1949
f 1942 2031 1943
f 1942 2022 2031
f 2032 2022 2023
f 2031 2022 2032
f 2042 2023 2033
f 2032 2023 2042
f 2044 2024 2025
f 1944 2044 1934
f 1934 2044 2025
f 2034 2028 2027
f 2034 2035 2028
f 2036 2102 1945
f 2049 1946 1945
f 2049 1945 2102
f 1946 2049 2037
f 2038 1946 2037
f 1948 2038 2029
f 1948 1946 2038
f 1948 2029 1949
f 2031 2039 1943
f 2040 2031 2032
f 2039 2031 2040
f 2041 2032 2042
f 2040 2032 2041
f 2043 2033 2019
f 2042 2033 2043
f 2043 2019 2024
f 2043 2024 2044
f 2035 2034 2045
f 2045 2046 2035
f 2047 1953 1952
f 2047 2048 1953
f 2048 1939 1953
f 1939 2048 2036
f 1954 2039 2040
f 1954 2040 1955
f 1955 2040 2041
f 2041 2042 2050
f 1955 2041 2050
f 2042 2051 2050
f 2051 2042 2043
f 2051 2043 2052
f 1958 2043 2044
f 2052 2043 1958
f 1944 1958 2044
f 2053 2054 1952
f 1952 2054 2047
f 2050 1956 1955
f 2055 1956 2050
f 2110 2050 2051
f 2110 2051 2056
f 2056 2051 2052
f 1962 2057 1957
f 2057 2052 1957
f 2057 2056 2052
f 1957 2052 1958
f 1956 2055 1959
f 1959 2058 1961
f 2055 2058 1959
f 1961 2057 1962
f 2058 2057 1961
f 1963 1964 2059
f 1964 2060 2059
f 1964 2061 2060
f 1965 2061 1964
f 2062 1965 1968
f 2063 1963 2059
f 1966 1963 2063
f 1967 2062 1968
f 2064 2062 1967
f 1966 2064 1967
f 2063 2064 1966
f 1972 2065 1977
f 1973 2065 1972
f 1973 2066 2065
f 1978 2066 1973
f 2068 1977 2065
f 2067 1977 2068
f 1983 2065 2066
f 2068 2065 1983
f 1978 1983 2066
f 1977 2070 2069
f 2070 2067 1982
f 2070 1977 2067
f 1982 2067 2071
f 2067 2068 2071
f 2071 2068 1983
f 2069 2070 1989
f 1982 1989 2070
f 1892 2072 1991
f 1997 1998 2116
f 2073 1998 1994
f 2116 1998 2073
f 2073 1994 1995
f 2073 1995 2074
f 1995 1999 2074
f 2072 2001 1991
f 2075 2002 1997
f 2076 2075 1997
f 2077 2074 1999
f 2079 1999 2003
f 2079 2077 1999
f 2079 2003 2078
f 2003 2004 2078
f 2001 2072 2080
f 2072 2006 2080
f 1892 2006 2072
f 2081 2002 2075
f 2078 2004 2083
f 2082 2083 2007
f 2083 2004 2007
f 2007 2008 2082
f 2080 2006 2011
f 2012 2084 2123
f 2012 2002 2081
f 2012 2081 2084
f 2082 2087 2083
f 2085 2082 2008
f 2015 2085 2008
f 2123 2086 2012
f 2082 2088 2087
f 2089 2082 2085
f 2088 2082 2089
f 2089 2085 2015
f 2129 2089 2015
f 2130 2015 2017
f 2130 2129 2015
f 2090 2130 2017
f 2020 2086 2091
f 2090 2017 2021
f 2092 2090 2021
f 2094 2090 2092
f 2026 2091 2095
f 2020 2091 2026
f 2095 2027 2026
f 2030 2029 2098
f 2021 2030 2092
f 2030 2093 2092
f 2030 2098 2093
f 2092 2093 2094
f 2095 2096 2027
f 2096 2034 2027
f 2037 2097 2038
f 2097 2029 2038
f 2029 2099 2098
f 2029 2097 2099
f 2034 2142 2045
f 2096 2142 2034
f 2045 2143 2046
f 2142 2143 2045
f 2100 2048 2047
f 2048 2101 2036
f 2048 2100 2101
f 2101 2103 2102
f 2036 2101 2102
f 2049 2102 2144
f 2049 2144 2037
f 2144 2104 2037
f 2104 2097 2037
f 2097 2104 2108
f 2097 2109 2099
f 2097 2108 2109
f 2143 2105 2046
f 2046 2105 2053
f 2053 2106 2054
f 2105 2106 2053
f 2054 2107 2047
f 2106 2107 2054
f 2100 2047 2107
f 2102 2103 2144
f 2110 2055 2050
f 2056 2057 2110
f 2058 2055 2110
f 2058 2110 2057
f 2112 2111 2060
f 2060 2111 2059
f 2115 2060 2061
f 2115 2112 2060
f 2115 1965 2062
f 2115 2061 1965
f 2111 2113 2059
f 2115 2114 2063
f 2059 2115 2063
f 2113 2115 2059
f 2062 2114 2115
f 2064 2114 2062
f 2063 2114 2064
f 2117 2073 2074
f 2117 2116 2073
f 2076 2157 2075
f 2076 1997 2116
f 2118 2076 2116
f 2157 2076 2118
f 2120 2117 2077
f 2117 2074 2077
f 2081 2075 2119
f 2075 2157 2119
f 2079 2121 2077
f 2078 2122 2079
f 2122 2121 2079
f 2078 2083 2122
f 2123 2084 2164
f 2124 2084 2081
f 2164 2084 2124
f 2124 2081 2119
f 2125 2127 2121
f 2122 2125 2121
f 2125 2083 2087
f 2125 2122 2083
f 2126 2086 2123
f 2126 2123 2164
f 2127 2125 2087
f 2128 2127 2087
f 2087 2088 2128
f 2128 2088 2169
f 2091 2086 2126
f 2091 2126 2131
f 2169 2088 2089
f 2132 2089 2129
f 2169 2089 2132
f 2132 2129 2130
f 2132 2130 2133
f 2133 2130 2090
f 2133 2090 2134
f 2090 2094 2134
f 2095 2091 2131
f 2095 2131 2170
f 2139 2093 2098
f 2093 2139 2135
f 2136 2093 2135
f 2094 2093 2136
f 2134 2094 2136
f 2095 2138 2137
f 2095 2170 2138
f 2137 2096 2095
f 2098 2099 2139
f 2099 2145 2139
f 2137 2138 2140
f 2137 2147 2096
f 2140 2147 2137
f 2096 2147 2141
f 2096 2141 2142
f 2101 2100 2183
f 2109 2145 2099
f 2140 2146 2147
f 2141 2148 2142
f 2142 2148 2143
f 2143 2148 2149
f 2149 2105 2143
f 2149 2180 2105
f 2106 2180 2187
f 2105 2180 2106
f 2182 2106 2187
f 2107 2106 2182
f 2100 2107 2183
f 2107 2182 2183
f 2101 2183 2184
f 2101 2184 2103
f 2184 2150 2103
f 2103 2151 2144
f 2103 2150 2151
f 2144 2151 2104
f 2151 2152 2104
f 2108 2152 2153
f 2104 2152 2108
f 2154 2109 2108
f 2154 2108 2153
f 2154 2145 2109
f 2155 2111 2112
f 2112 2115 2155
f 2155 2113 2111
f 2113 2155 2115
f 2156 2118 2116
f 2116 2117 2156
f 2157 2118 2158
f 2161 2118 2156
f 2158 2118 2161
f 2120 2161 2117
f 2161 2156 2117
f 2157 2159 2119
f 2160 2157 2158
f 2159 2157 2160
f 2161 2162 2160
f 2161 2160 2158
f 2162 2161 2120
f 2077 2163 2120
f 2120 2163 2162
f 2121 2163 2077
f 2119 2194 2124
f 2119 2159 2194
f 2159 2160 2165
f 2165 2160 2162
f 2165 2162 2163
f 2198 2163 2121
f 2121 2127 2198
f 2167 2126 2164
f 2166 2126 2167
f 2167 2164 2124
f 2167 2124 2168
f 2168 2124 2194
f 2131 2126 2166
f 2131 2166 2202
f 2171 2133 2134
f 2170 2131 2202
f 2172 2171 2136
f 2172 2136 2135
f 2134 2136 2171
f 2173 2138 2170
f 2145 2175 2139
f 2175 2135 2139
f 2175 2172 2135
f 2173 2210 2174
f 2140 2173 2174
f 2138 2173 2140
f 2176 2174 2210
f 2176 2186 2174
f 2177 2146 2140
f 2174 2177 2140
f 2186 2177 2174
f 2178 2146 2177
f 2147 2146 2178
f 2147 2213 2141
f 2147 2178 2213
f 2213 2148 2141
f 2213 2179 2148
f 2148 2179 2149
f 2179 2181 2180
f 2149 2179 2180
f 2189 2150 2184
f 2214 2150 2189
f 2151 2150 2214
f 2151 2215 2152
f 2214 2215 2151
f 2153 2152 2215
f 2154 2185 2145
f 2175 2145 2192
f 2192 2145 2185
f 2180 2181 2187
f 2187 2188 2182
f 2182 2188 2183
f 2183 2188 2189
f 2183 2189 2184
f 2215 2190 2153
f 2154 2190 2191
f 2153 2190 2154
f 2191 2185 2154
f 2193 2185 2191
f 2192 2185 2193
f 2194 2159 2195
f 2159 2165 2195
f 2196 2195 2165
f 2196 2165 2163
f 2197 2196 2163
f 2198 2197 2163
f 2166 2167 2231
f 2231 2168 2199
f 2231 2167 2168
f 2168 2232 2199
f 2168 2194 2232
f 2232 2194 2229
f 2229 2194 2195
f 2200 2198 2127
f 2201 2127 2128
f 2201 2200 2127
f 2203 2202 2166
f 2204 2203 2166
f 2204 2166 2231
f 2205 2201 2128
f 2205 2128 2169
f 2206 2169 2132
f 2206 2205 2169
f 2207 2132 2133
f 2207 2206 2132
f 2207 2133 2171
f 2203 2170 2202
f 2208 2170 2203
f 2172 2207 2171
f 2209 2207 2172
f 2170 2208 2173
f 2175 2209 2172
f 2175 2216 2209
f 2208 2210 2173
f 2176 2211 2212
f 2176 2210 2211
f 2219 2247 2178
f 2219 2178 2177
f 2247 2213 2178
f 2213 2248 2179
f 2248 2249 2179
f 2181 2179 2249
f 2192 2216 2175
f 2212 2218 2176
f 2217 2218 2212
f 2226 2186 2176
f 2226 2176 2218
f 2186 2226 2219
f 2177 2186 2219
f 2249 2220 2181
f 2181 2221 2187
f 2220 2221 2181
f 2221 2188 2187
f 2188 2254 2189
f 2254 2255 2189
f 2189 2222 2214
f 2189 2255 2222
f 2214 2222 2215
f 2215 2222 2223
f 2223 2224 2190
f 2215 2223 2190
f 2224 2191 2190
f 2216 2192 2228
f 2217 2225 2218
f 2218 2225 2226
f 2224 2264 2191
f 2193 2264 2227
f 2191 2264 2193
f 2193 2227 2192
f 2227 2228 2192
f 2230 2195 2196
f 2197 2230 2196
f 2232 2234 2233
f 2232 2229 2234
f 2235 2197 2198
f 2200 2235 2198
f 2201 2235 2200
f 2204 2236 2203
f 2237 2204 2231
f 2237 2231 2199
f 2233 2199 2232
f 2237 2199 2233
f 2238 2201 2205
f 2239 2205 2206
f 2239 2238 2205
f 2239 2206 2207
f 2208 2236 2240
f 2203 2236 2208
f 2239 2207 2241
f 2209 2241 2207
f 2240 2210 2208
f 2240 2242 2210
f 2241 2209 2243
f 2209 2216 2243
f 2210 2242 2211
f 2216 2244 2243
f 2246 2245 2212
f 2246 2211 2242
f 2212 2211 2246
f 2247 2248 2213
f 2216 2257 2244
f 2217 2245 2250
f 2217 2212 2245
f 2247 2219 2302
f 2249 2251 2220
f 2220 2252 2221
f 2251 2252 2220
f 2221 2252 2188
f 2254 2252 2253
f 2188 2252 2254
f 2222 2255 2256
f 2222 2298 2223
f 2256 2298 2222
f 2224 2223 2298
f 2257 2216 2228
f 2257 2228 2258
f 2250 2259 2217
f 2259 2260 2217
f 2225 2260 2306
f 2217 2260 2225
f 2261 2225 2306
f 2225 2302 2226
f 2261 2302 2225
f 2219 2226 2302
f 2254 2253 2262
f 2254 2262 2255
f 2255 2262 2256
f 2298 2263 2224
f 2224 2263 2264
f 2227 2268 2228
f 2268 2265 2228
f 2265 2258 2228
f 2263 2266 2264
f 2264 2266 2227
f 2266 2267 2227
f 2267 2268 2227
f 2230 2269 2195
f 2230 2197 2269
f 2270 2279 2234
f 2234 2279 2233
f 2271 2234 2229
f 2271 2270 2234
f 2229 2195 2269
f 2272 2229 2269
f 2271 2229 2272
f 2269 2273 2272
f 2273 2269 2197
f 2235 2274 2197
f 2274 2273 2197
f 2235 2275 2274
f 2201 2276 2235
f 2235 2276 2275
f 2238 2276 2201
f 2204 2277 2236
f 2277 2204 2237
f 2278 2277 2237
f 2279 2237 2233
f 2279 2278 2237
f 2280 2273 2274
f 2280 2274 2275
f 2276 2281 2275
f 2282 2276 2238
f 2282 2281 2276
f 2238 2325 2282
f 2238 2239 2325
f 2236 2283 2240
f 2277 2283 2236
f 2325 2239 2284
f 2239 2241 2284
f 2283 2285 2240
f 2285 2242 2240
f 2289 2284 2241
f 2289 2241 2243
f 2287 2286 2242
f 2242 2285 2287
f 2289 2244 2288
f 2289 2243 2244
f 2245 2246 2291
f 2246 2286 2291
f 2246 2242 2286
f 2247 2292 2248
f 2248 2332 2249
f 2292 2332 2248
f 2244 2293 2288
f 2244 2257 2293
f 2294 2250 2290
f 2290 2250 2245
f 2290 2245 2291
f 2247 2302 2295
f 2332 2251 2249
f 2251 2296 2252
f 2296 2297 2252
f 2299 2293 2257
f 2257 2258 2299
f 2294 2300 2250
f 2300 2301 2250
f 2301 2259 2250
f 2260 2301 2306
f 2259 2301 2260
f 2306 2349 2261
f 2261 2349 2302
f 2252 2297 2253
f 2297 2303 2253
f 2253 2345 2262
f 2303 2345 2253
f 2262 2345 2350
f 2262 2350 2256
f 2350 2351 2256
f 2256 2351 2298
f 2298 2351 2352
f 2298 2352 2263
f 2265 2299 2258
f 2265 2304 2299
f 2306 2307 2349
f 2352 2308 2266
f 2263 2352 2266
f 2308 2267 2266
f 2308 2268 2267
f 2268 2304 2265
f 2268 2312 2304
f 2308 2311 2268
f 2311 2312 2268
f 2270 2271 2313
f 2271 2272 2313
f 2314 2277 2278
f 2315 2278 2279
f 2315 2314 2278
f 2279 2270 2315
f 2270 2313 2316
f 2317 2313 2272
f 2316 2313 2317
f 2273 2317 2272
f 2280 2318 2273
f 2273 2318 2317
f 2318 2280 2319
f 2320 2280 2275
f 2320 2319 2280
f 2275 2281 2320
f 2321 2283 2277
f 2321 2277 2358
f 2316 2317 2322
f 2322 2317 2318
f 2324 2320 2281
f 2324 2282 2323
f 2324 2281 2282
f 2282 2325 2323
f 2283 2364 2285
f 2283 2321 2364
f 2284 2326 2325
f 2289 2326 2284
f 2286 2287 2327
f 2287 2285 2364
f 2288 2328 2289
f 2328 2326 2289
f 2290 2330 2329
f 2331 2290 2291
f 2331 2330 2290
f 2331 2286 2327
f 2291 2286 2331
f 2328 2288 2338
f 2293 2338 2288
f 2333 2294 2329
f 2329 2294 2290
f 2295 2374 2247
f 2295 2334 2374
f 2247 2374 2292
f 2292 2374 2379
f 2292 2379 2335
f 2292 2335 2332
f 2335 2251 2332
f 2335 2336 2251
f 2251 2336 2296
f 2297 2296 2336
f 2297 2336 2337
f 2338 2293 2299
f 2341 2340 2339
f 2340 2341 2333
f 2341 2342 2333
f 2342 2300 2294
f 2342 2294 2333
f 2295 2302 2334
f 2334 2302 2343
f 2303 2337 2344
f 2297 2337 2303
f 2345 2303 2344
f 2299 2304 2382
f 2346 2305 2339
f 2339 2305 2309
f 2339 2309 2341
f 2341 2309 2310
f 2341 2310 2342
f 2310 2347 2342
f 2384 2342 2347
f 2342 2384 2300
f 2300 2348 2301
f 2300 2384 2348
f 2348 2306 2301
f 2348 2307 2306
f 2302 2349 2343
f 2345 2344 2350
f 2350 2401 2351
f 2352 2353 2308
f 2312 2382 2304
f 2312 2354 2382
f 2346 2355 2305
f 2305 2355 2309
f 2309 2453 2310
f 2355 2453 2309
f 2347 2310 2453
f 2353 2357 2308
f 2356 2308 2357
f 2311 2308 2356
f 2311 2354 2312
f 2356 2354 2311
f 2277 2314 2358
f 2359 2314 2315
f 2360 2315 2270
f 2359 2315 2360
f 2270 2316 2360
f 2414 2321 2358
f 2361 2360 2316
f 2362 2316 2322
f 2362 2361 2316
f 2363 2322 2318
f 2363 2362 2322
f 2363 2318 2319
f 2319 2365 2363
f 2320 2365 2319
f 2324 2365 2320
f 2364 2321 2414
f 2365 2324 2366
f 2367 2366 2323
f 2366 2324 2323
f 2325 2368 2323
f 2323 2368 2367
f 2326 2368 2325
f 2368 2369 2367
f 2328 2368 2326
f 2328 2369 2368
f 2370 2329 2330
f 2371 2330 2331
f 2371 2370 2330
f 2331 2327 2371
f 2328 2372 2369
f 2338 2372 2328
f 2429 2373 2333
f 2429 2333 2329
f 2335 2379 2375
f 2335 2375 2438
f 2376 2335 2438
f 2336 2335 2376
f 2377 2372 2338
f 2436 2435 2339
f 2373 2339 2340
f 2373 2436 2339
f 2340 2333 2373
f 2343 2378 2334
f 2334 2378 2374
f 2374 2378 2379
f 2375 2379 2380
f 2376 2381 2336
f 2336 2381 2337
f 2381 2497 2337
f 2344 2337 2497
f 2382 2338 2299
f 2346 2339 2435
f 2346 2435 2383
f 2348 2384 2395
f 2395 2385 2348
f 2385 2307 2348
f 2307 2386 2349
f 2343 2349 2386
f 2343 2444 2378
f 2387 2378 2444
f 2378 2400 2379
f 2378 2387 2400
f 2380 2379 2400
f 2497 2388 2344
f 2344 2447 2350
f 2388 2447 2344
f 2350 2447 2401
f 2351 2401 2448
f 2351 2449 2352
f 2448 2449 2351
f 2353 2352 2449
f 2382 2354 2404
f 2346 2390 2389
f 2346 2383 2390
f 2346 2389 2391
f 2392 2346 2391
f 2355 2346 2392
f 2392 2393 2355
f 2393 2453 2355
f 2453 2394 2347
f 2394 2384 2347
f 2384 2396 2395
f 2384 2394 2396
f 2398 2397 2396
f 2396 2397 2395
f 2398 2399 2397
f 2449 2402 2353
f 2357 2353 2402
f 2403 2356 2357
f 2356 2404 2354
f 2403 2404 2356
f 2405 2389 2390
f 2405 2410 2389
f 2391 2389 2410
f 2411 2396 2394
f 2406 2398 2411
f 2398 2396 2411
f 2398 2406 2399
f 2399 2406 2407
f 2402 2408 2357
f 2403 2357 2408
f 2405 2409 2410
f 2314 2412 2358
f 2412 2314 2359
f 2360 2413 2359
f 2358 2415 2414
f 2416 2412 2359
f 2416 2359 2413
f 2420 2413 2361
f 2413 2360 2361
f 2362 2417 2361
f 2363 2418 2362
f 2362 2418 2417
f 2419 2427 2364
f 2419 2414 2415
f 2364 2414 2419
f 2420 2361 2417
f 2420 2417 2421
f 2417 2422 2421
f 2417 2418 2422
f 2418 2363 2423
f 2423 2363 2365
f 2424 2423 2365
f 2425 2365 2366
f 2425 2424 2365
f 2366 2367 2425
f 2426 2481 2327
f 2427 2327 2287
f 2427 2426 2327
f 2287 2364 2427
f 2485 2425 2367
f 2428 2367 2369
f 2428 2485 2367
f 2429 2329 2430
f 2431 2329 2370
f 2431 2430 2329
f 2481 2370 2371
f 2481 2431 2370
f 2371 2327 2481
f 2372 2432 2369
f 2432 2428 2369
f 2434 2433 2429
f 2433 2373 2429
f 2434 2429 2430
f 2372 2377 2432
f 2380 2437 2375
f 2375 2437 2438
f 2438 2439 2376
f 2439 2381 2376
f 2439 2497 2381
f 2377 2338 2440
f 2382 2440 2338
f 2441 2383 2435
f 2385 2395 2442
f 2385 2386 2307
f 2386 2443 2343
f 2443 2444 2343
f 2387 2444 2445
f 2400 2437 2380
f 2446 2505 2388
f 2497 2446 2388
f 2447 2388 2505
f 2440 2450 2451
f 2404 2440 2382
f 2404 2450 2440
f 2506 2390 2383
f 2506 2383 2441
f 2508 2392 2391
f 2392 2452 2393
f 2508 2452 2392
f 2393 2452 2453
f 2454 2442 2395
f 2397 2454 2395
f 2455 2397 2399
f 2455 2454 2397
f 2399 2407 2455
f 2387 2512 2400
f 2445 2512 2387
f 2447 2505 2401
f 2505 2456 2401
f 2401 2457 2448
f 2401 2456 2457
f 2448 2457 2449
f 2449 2457 2458
f 2458 2459 2402
f 2449 2458 2402
f 2451 2450 2403
f 2517 2451 2403
f 2403 2450 2404
f 2460 2405 2506
f 2506 2405 2390
f 2410 2508 2391
f 2410 2465 2508
f 2453 2452 2466
f 2466 2452 2520
f 2453 2461 2394
f 2466 2461 2453
f 2461 2411 2394
f 2462 2407 2406
f 2462 2406 2411
f 2459 2408 2402
f 2459 2517 2408
f 2403 2408 2517
f 2460 2463 2405
f 2463 2464 2405
f 2464 2409 2405
f 2409 2465 2410
f 2464 2465 2409
f 2461 2466 2526
f 2461 2526 2411
f 2526 2467 2411
f 2411 2467 2533
f 2411 2533 2462
f 2464 2463 2468
f 2415 2471 2470
f 2472 2415 2358
f 2472 2471 2415
f 2358 2412 2469
f 2358 2469 2472
f 2412 2416 2473
f 2469 2412 2473
f 2416 2474 2473
f 2416 2413 2474
f 2413 2420 2474
f 2470 2427 2419
f 2470 2475 2427
f 2470 2419 2415
f 2476 2474 2420
f 2476 2421 2477
f 2476 2420 2421
f 2422 2477 2421
f 2424 2484 2423
f 2484 2424 2478
f 2424 2425 2478
f 2481 2480 2479
f 2426 2480 2481
f 2426 2546 2480
f 2475 2426 2427
f 2475 2546 2426
f 2482 2477 2422
f 2483 2422 2418
f 2482 2422 2483
f 2483 2418 2423
f 2483 2423 2484
f 2486 2425 2485
f 2478 2425 2486
f 2487 2553 2430
f 2487 2431 2479
f 2430 2431 2487
f 2479 2431 2481
f 2488 2486 2485
f 2485 2489 2488
f 2428 2489 2485
f 2432 2489 2428
f 2433 2491 2490
f 2553 2433 2434
f 2553 2491 2433
f 2434 2430 2553
f 2489 2432 2492
f 2432 2493 2492
f 2432 2377 2493
f 2435 2436 2494
f 2436 2495 2494
f 2495 2373 2490
f 2436 2373 2495
f 2490 2373 2433
f 2438 2437 2496
f 2438 2558 2439
f 2496 2558 2438
f 2558 2569 2497
f 2439 2558 2497
f 2440 2493 2377
f 2440 2498 2493
f 2494 2564 2441
f 2494 2441 2435
f 2499 2566 2442
f 2442 2567 2385
f 2566 2567 2442
f 2385 2500 2386
f 2567 2500 2385
f 2443 2500 2501
f 2386 2500 2443
f 2443 2501 2502
f 2444 2443 2502
f 2445 2444 2502
f 2400 2503 2437
f 2437 2503 2496
f 2569 2446 2497
f 2569 2504 2446
f 2446 2504 2505
f 2451 2498 2440
f 2451 2572 2498
f 2564 2507 2506
f 2441 2564 2506
f 2509 2499 2442
f 2509 2442 2454
f 2455 2509 2454
f 2455 2407 2510
f 2502 2511 2445
f 2511 2512 2445
f 2400 2512 2503
f 2504 2576 2505
f 2505 2513 2456
f 2576 2513 2505
f 2457 2513 2514
f 2456 2513 2457
f 2515 2457 2514
f 2458 2457 2515
f 2458 2516 2459
f 2515 2516 2458
f 2572 2517 2459
f 2572 2459 2516
f 2572 2451 2517
f 2507 2518 2506
f 2518 2460 2506
f 2465 2519 2508
f 2520 2508 2519
f 2520 2452 2508
f 2462 2510 2407
f 2521 2463 2460
f 2521 2460 2518
f 2522 2465 2464
f 2522 2523 2465
f 2523 2519 2465
f 2520 2519 2524
f 2525 2466 2520
f 2524 2525 2520
f 2526 2466 2525
f 2528 2533 2527
f 2462 2533 2528
f 2529 2468 2463
f 2529 2463 2521
f 2468 2530 2464
f 2464 2531 2522
f 2464 2530 2531
f 2523 2522 2531
f 2536 2525 2524
f 2525 2532 2526
f 2525 2536 2532
f 2585 2467 2532
f 2467 2526 2532
f 2467 2585 2533
f 2529 2534 2468
f 2468 2586 2530
f 2468 2534 2586
f 2535 2530 2586
f 2535 2531 2530
f 2471 2537 2538
f 2470 2471 2538
f 2537 2471 2472
f 2537 2472 2539
f 2472 2540 2539
f 2540 2472 2469
f 2469 2543 2540
f 2469 2473 2543
f 2475 2542 2541
f 2538 2542 2475
f 2470 2538 2475
f 2544 2473 2474
f 2543 2473 2544
f 2476 2544 2474
f 2476 2477 2547
f 2546 2479 2480
f 2546 2545 2479
f 2541 2546 2475
f 2548 2547 2482
f 2547 2477 2482
f 2483 2549 2482
f 2483 2555 2549
f 2484 2550 2483
f 2483 2550 2555
f 2478 2550 2484
f 2486 2550 2478
f 2553 2552 2551
f 2487 2552 2553
f 2487 2479 2545
f 2548 2482 2549
f 2548 2549 2554
f 2555 2554 2549
f 2488 2550 2486
f 2556 2491 2551
f 2490 2491 2556
f 2551 2491 2553
f 2561 2555 2550
f 2554 2555 2561
f 2561 2550 2488
f 2647 2494 2495
f 2647 2557 2494
f 2495 2490 2556
f 2495 2556 2647
f 2554 2560 2559
f 2561 2560 2554
f 2562 2488 2489
f 2561 2488 2562
f 2562 2492 2563
f 2489 2492 2562
f 2492 2493 2563
f 2493 2498 2563
f 2557 2565 2564
f 2494 2557 2564
f 2567 2607 2500
f 2501 2500 2607
f 2503 2568 2496
f 2496 2568 2558
f 2558 2568 2569
f 2504 2608 2570
f 2569 2608 2504
f 2560 2561 2571
f 2571 2561 2562
f 2571 2562 2579
f 2562 2572 2579
f 2572 2562 2563
f 2563 2498 2572
f 2564 2565 2507
f 2565 2581 2507
f 2573 2509 2455
f 2455 2510 2573
f 2607 2610 2501
f 2501 2610 2502
f 2610 2574 2502
f 2574 2611 2502
f 2611 2511 2502
f 2511 2575 2512
f 2611 2575 2511
f 2512 2575 2503
f 2503 2575 2568
f 2504 2570 2615
f 2615 2576 2504
f 2576 2577 2513
f 2514 2513 2577
f 2514 2577 2619
f 2619 2578 2515
f 2619 2515 2514
f 2515 2579 2516
f 2578 2579 2515
f 2572 2516 2579
f 2581 2580 2518
f 2518 2507 2581
f 2462 2582 2510
f 2521 2580 2625
f 2518 2580 2521
f 2523 2524 2519
f 2626 2582 2528
f 2626 2528 2527
f 2462 2528 2582
f 2583 2521 2625
f 2529 2521 2583
f 2531 2588 2523
f 2523 2584 2524
f 2588 2584 2523
f 2584 2536 2524
f 2590 2533 2585
f 2590 2527 2533
f 2590 2626 2527
f 2583 2631 2529
f 2529 2631 2534
f 2535 2586 2587
f 2535 2588 2531
f 2634 2584 2591
f 2584 2588 2591
f 2584 2634 2536
f 2536 2589 2532
f 2634 2589 2536
f 2532 2589 2585
f 2585 2589 2590
f 2535 2591 2588
f 2535 2587 2591
f 2537 2592 2538
f 2593 2537 2539
f 2593 2592 2537
f 2538 2592 2594
f 2595 2593 2539
f 2595 2539 2540
f 2540 2543 2595
f 2542 2596 2541
f 2542 2538 2594
f 2597 2544 2476
f 2476 2547 2597
f 2545 2546 2596
f 2596 2546 2541
f 2598 2597 2547
f 2547 2548 2598
f 2551 2600 2599
f 2600 2551 2552
f 2641 2552 2487
f 2641 2600 2552
f 2487 2545 2641
f 2646 2598 2548
f 2646 2548 2554
f 2599 2647 2556
f 2599 2556 2551
f 2601 2646 2554
f 2559 2601 2554
f 2602 2601 2559
f 2603 2602 2559
f 2559 2560 2603
f 2565 2557 2688
f 2565 2688 2604
f 2499 2605 2566
f 2606 2567 2566
f 2606 2566 2605
f 2607 2567 2606
f 2569 2568 2608
f 2609 2603 2560
f 2609 2560 2571
f 2565 2604 2581
f 2509 2605 2499
f 2605 2509 2573
f 2605 2573 2606
f 2606 2573 2510
f 2622 2606 2510
f 2607 2606 2622
f 2622 2610 2607
f 2612 2575 2611
f 2575 2612 2568
f 2612 2653 2568
f 2568 2653 2608
f 2608 2613 2570
f 2613 2614 2570
f 2614 2615 2570
f 2615 2616 2576
f 2577 2616 2617
f 2576 2616 2577
f 2618 2577 2617
f 2577 2618 2619
f 2619 2618 2609
f 2619 2609 2571
f 2578 2619 2571
f 2578 2571 2579
f 2604 2620 2581
f 2620 2580 2581
f 2510 2621 2622
f 2582 2621 2510
f 2628 2622 2621
f 2610 2623 2574
f 2622 2623 2610
f 2623 2665 2574
f 2665 2611 2574
f 2624 2611 2665
f 2624 2612 2611
f 2659 2612 2624
f 2620 2625 2580
f 2626 2627 2582
f 2627 2621 2582
f 2629 2622 2628
f 2629 2623 2622
f 2665 2623 2629
f 2630 2583 2625
f 2590 2636 2626
f 2627 2626 2636
f 2630 2631 2583
f 2631 2632 2534
f 2534 2672 2586
f 2632 2672 2534
f 2587 2586 2672
f 2633 2634 2591
f 2589 2635 2590
f 2590 2635 2636
f 2672 2677 2587
f 2587 2637 2591
f 2677 2637 2587
f 2633 2591 2637
f 2639 2678 2593
f 2678 2592 2593
f 2594 2592 2678
f 2595 2639 2593
f 2638 2596 2542
f 2638 2682 2596
f 2542 2594 2638
f 2684 2595 2543
f 2640 2543 2544
f 2640 2684 2543
f 2642 2544 2597
f 2642 2640 2544
f 2545 2596 2682
f 2545 2682 2641
f 2644 2642 2598
f 2642 2597 2598
f 2643 2648 2599
f 2600 2643 2599
f 2598 2645 2644
f 2646 2645 2598
f 2599 2648 2647
f 2646 2649 2645
f 2601 2649 2646
f 2688 2647 2648
f 2557 2647 2688
f 2649 2601 2690
f 2690 2601 2602
f 2650 2690 2603
f 2690 2602 2603
f 2604 2688 2651
f 2652 2650 2603
f 2652 2603 2609
f 2651 2657 2604
f 2653 2692 2608
f 2692 2613 2608
f 2692 2693 2613
f 2614 2693 2660
f 2613 2693 2614
f 2654 2614 2660
f 2615 2614 2654
f 2615 2655 2616
f 2654 2655 2615
f 2616 2656 2617
f 2655 2656 2616
f 2656 2652 2609
f 2617 2656 2609
f 2618 2617 2609
f 2620 2604 2657
f 2658 2628 2621
f 2653 2612 2659
f 2667 2653 2659
f 2657 2625 2620
f 2661 2625 2657
f 2627 2662 2658
f 2627 2658 2621
f 2658 2662 2628
f 2662 2664 2628
f 2662 2663 2664
f 2629 2628 2664
f 2666 2624 2665
f 2666 2701 2624
f 2701 2659 2624
f 2659 2701 2667
f 2661 2630 2625
f 2703 2630 2661
f 2636 2662 2627
f 2663 2662 2636
f 2664 2668 2629
f 2668 2669 2629
f 2669 2665 2629
f 2665 2670 2666
f 2665 2669 2670
f 2630 2707 2631
f 2632 2707 2671
f 2631 2707 2632
f 2672 2632 2671
f 2633 2637 2673
f 2634 2633 2673
f 2673 2674 2634
f 2634 2709 2589
f 2674 2709 2634
f 2589 2709 2635
f 2675 2669 2668
f 2675 2670 2669
f 2672 2671 2676
f 2676 2677 2672
f 2677 2756 2637
f 2638 2594 2679
f 2594 2680 2679
f 2594 2678 2680
f 2681 2639 2595
f 2683 2638 2679
f 2682 2638 2683
f 2684 2681 2595
f 2684 2640 2685
f 2640 2642 2685
f 2723 2641 2682
f 2683 2723 2682
f 2644 2725 2642
f 2725 2685 2642
f 2686 2600 2641
f 2686 2641 2723
f 2687 2725 2644
f 2644 2645 2687
f 2648 2643 2688
f 2687 2645 2689
f 2649 2689 2645
f 2690 2689 2649
f 2695 2650 2652
f 2657 2651 2691
f 2694 2654 2660
f 2654 2695 2655
f 2694 2695 2654
f 2652 2656 2695
f 2656 2655 2695
f 2691 2696 2657
f 2698 2697 2692
f 2653 2698 2692
f 2667 2698 2653
f 2692 2697 2693
f 2693 2697 2699
f 2693 2699 2660
f 2699 2742 2660
f 2694 2660 2742
f 2661 2696 2700
f 2657 2696 2661
f 2745 2664 2663
f 2702 2667 2701
f 2702 2698 2667
f 2703 2661 2700
f 2636 2745 2663
f 2636 2710 2745
f 2745 2704 2664
f 2664 2704 2668
f 2670 2712 2701
f 2670 2701 2666
f 2701 2705 2702
f 2701 2712 2705
f 2703 2706 2630
f 2706 2818 2707
f 2630 2706 2707
f 2715 2674 2673
f 2674 2715 2708
f 2709 2674 2708
f 2709 2812 2635
f 2635 2710 2636
f 2812 2710 2635
f 2704 2711 2668
f 2675 2668 2711
f 2675 2712 2670
f 2705 2712 2717
f 2707 2818 2671
f 2671 2713 2676
f 2818 2713 2671
f 2676 2755 2677
f 2713 2755 2676
f 2755 2756 2677
f 2637 2714 2673
f 2637 2756 2714
f 2673 2714 2715
f 2711 2716 2675
f 2675 2717 2712
f 2675 2716 2717
f 2679 2680 2768
f 2680 2678 2718
f 2680 2718 2768
f 2719 2718 2678
f 2719 2678 2639
f 2719 2681 2721
f 2719 2639 2681
f 2720 2683 2679
f 2720 2679 2768
f 2684 2721 2681
f 2722 2721 2684
f 2684 2685 2722
f 2720 2723 2683
f 2720 2724 2723
f 2778 2685 2725
f 2722 2685 2778
f 2727 2643 2600
f 2727 2726 2643
f 2727 2600 2686
f 2686 2723 2728
f 2728 2723 2724
f 2725 2731 2778
f 2729 2731 2725
f 2687 2729 2725
f 2688 2643 2726
f 2688 2726 2730
f 2687 2732 2729
f 2689 2732 2687
f 2730 2791 2688
f 2733 2732 2689
f 2734 2733 2689
f 2734 2690 2650
f 2734 2689 2690
f 2651 2688 2791
f 2651 2791 2735
f 2736 2734 2650
f 2736 2650 2695
f 2738 2691 2651
f 2738 2737 2691
f 2651 2735 2738
f 2743 2736 2695
f 2694 2743 2695
f 2696 2737 2739
f 2691 2737 2696
f 2741 2740 2697
f 2741 2697 2698
f 2697 2740 2699
f 2740 2742 2699
f 2694 2742 2743
f 2739 2744 2700
f 2739 2700 2696
f 2746 2741 2702
f 2741 2698 2702
f 2700 2744 2747
f 2747 2703 2700
f 2805 2806 2745
f 2710 2805 2745
f 2806 2750 2704
f 2745 2806 2704
f 2746 2702 2705
f 2746 2705 2748
f 2747 2706 2703
f 2747 2749 2706
f 2818 2706 2749
f 2759 2709 2708
f 2759 2708 2758
f 2812 2709 2759
f 2710 2812 2805
f 2750 2711 2704
f 2750 2751 2711
f 2711 2751 2752
f 2717 2748 2705
f 2764 2748 2717
f 2713 2753 2754
f 2818 2753 2713
f 2755 2713 2754
f 2756 2755 2821
f 2756 2757 2714
f 2714 2757 2715
f 2708 2715 2758
f 2715 2757 2758
f 2762 2761 2760
f 2760 2763 2716
f 2752 2760 2716
f 2711 2752 2716
f 2760 2752 2762
f 2716 2763 2767
f 2764 2716 2767
f 2717 2716 2764
f 2755 2754 2765
f 2761 2766 2760
f 2760 2766 2763
f 2763 2766 2767
f 2769 2768 2718
f 2719 2769 2718
f 2770 2769 2719
f 2719 2721 2770
f 2771 2720 2768
f 2772 2770 2721
f 2772 2721 2722
f 2774 2773 2720
f 2773 2724 2720
f 2774 2720 2771
f 2777 2776 2775
f 2776 2777 2772
f 2722 2776 2772
f 2778 2776 2722
f 2836 2726 2727
f 2836 2779 2726
f 2780 2836 2727
f 2780 2686 2785
f 2780 2727 2686
f 2728 2786 2686
f 2686 2786 2785
f 2786 2728 2781
f 2728 2773 2781
f 2728 2724 2773
f 2783 2782 2775
f 2783 2775 2776
f 2783 2778 2731
f 2783 2776 2778
f 2726 2784 2730
f 2779 2784 2726
f 2788 2782 2783
f 2787 2782 2788
f 2783 2789 2788
f 2789 2783 2731
f 2790 2789 2731
f 2790 2731 2729
f 2732 2790 2729
f 2792 2791 2730
f 2792 2730 2784
f 2794 2733 2793
f 2794 2732 2733
f 2733 2734 2793
f 2791 2795 2735
f 2793 2734 2796
f 2796 2734 2736
f 2737 2738 2797
f 2738 2735 2795
f 2796 2736 2743
f 2796 2743 2800
f 2739 2737 2797
f 2798 2739 2797
f 2804 2799 2740
f 2804 2740 2741
f 2740 2800 2742
f 2799 2800 2740
f 2743 2742 2800
f 2798 2744 2739
f 2801 2744 2798
f 2803 2802 2883
f 2883 2746 2803
f 2804 2746 2883
f 2741 2746 2804
f 2801 2747 2744
f 2885 2747 2801
f 2802 2807 2887
f 2807 2802 2803
f 2748 2803 2746
f 2747 2808 2749
f 2885 2808 2747
f 2749 2808 2809
f 2813 2805 2812
f 2806 2813 2814
f 2806 2805 2813
f 2814 2815 2750
f 2806 2814 2750
f 2750 2815 2816
f 2817 2750 2816
f 2751 2750 2817
f 2817 2807 2752
f 2751 2817 2752
f 2887 2807 2817
f 2764 2807 2803
f 2748 2764 2803
f 2809 2818 2749
f 2818 2819 2753
f 2754 2753 2819
f 2756 2822 2757
f 2821 2822 2756
f 2757 2822 2810
f 2757 2810 2758
f 2758 2810 2811
f 2895 2758 2811
f 2895 2759 2758
f 2759 2823 2812
f 2759 2895 2823
f 2812 2823 2813
f 2813 2823 2896
f 2813 2896 2814
f 2815 2814 2824
f 2762 2825 2761
f 2825 2815 2761
f 2815 2824 2761
f 2815 2825 2816
f 2825 2762 2752
f 2767 2825 2752
f 2807 2767 2752
f 2825 2767 2826
f 2767 2807 2764
f 2819 2827 2754
f 2827 2765 2754
f 2755 2765 2821
f 2765 2828 2821
f 2821 2828 2820
f 2824 2829 2761
f 2829 2766 2761
f 2829 2830 2766
f 2767 2830 2826
f 2767 2766 2830
f 2831 2771 2768
f 2769 2831 2768
f 2831 2769 2770
f 2831 2770 2832
f 2772 2832 2770
f 2835 2832 2772
f 2833 2774 2771
f 2833 2771 2831
f 2841 2834 2775
f 2775 2835 2777
f 2834 2835 2775
f 2772 2777 2835
f 2773 2837 2781
f 2838 2773 2774
f 2837 2773 2838
f 2774 2839 2838
f 2774 2840 2839
f 2840 2774 2833
f 2833 2782 2840
f 2841 2782 2833
f 2775 2782 2841
f 2843 2842 2779
f 2842 2784 2779
f 2843 2779 2836
f 2843 2836 2844
f 2844 2836 2780
f 2844 2780 2845
f 2845 2780 2785
f 2846 2845 2785
f 2846 2786 2848
f 2846 2785 2786
f 2781 2837 2847
f 2848 2781 2847
f 2786 2781 2848
f 2850 2849 2848
f 2850 2848 2847
f 2849 2850 2839
f 2840 2849 2839
f 2851 2849 2840
f 2787 2851 2782
f 2782 2851 2840
f 2789 2852 2788
f 2852 2789 2790
f 2842 2792 2784
f 2862 2853 2846
f 2848 2862 2846
f 2863 2862 2848
f 2863 2848 2854
f 2855 2848 2849
f 2854 2848 2855
f 2855 2849 2851
f 2856 2851 2787
f 2856 2855 2851
f 2788 2857 2787
f 2787 2857 2856
f 2915 2857 2788
f 2852 2915 2788
f 2858 2852 2790
f 2732 2858 2790
f 2859 2858 2732
f 2859 2732 2794
f 2792 2795 2791
f 2860 2795 2792
f 2862 2871 2853
f 2861 2871 2862
f 2864 2854 2855
f 2863 2854 2864
f 2864 2855 2856
f 2865 2856 2857
f 2857 2915 2866
f 2865 2857 2866
f 2859 2794 2867
f 2859 2867 2879
f 2793 2868 2794
f 2868 2867 2794
f 2793 2796 2868
f 2738 2869 2797
f 2870 2738 2795
f 2870 2869 2738
f 2795 2860 2870
f 2873 2872 2861
f 2862 2873 2861
f 2873 2862 2863
f 2873 2863 2864
f 2873 2864 2874
f 2874 2864 2856
f 2875 2856 2865
f 2874 2856 2875
f 2876 2865 2866
f 2875 2865 2876
f 2877 2866 2917
f 2876 2866 2877
f 2879 2878 2877
f 2879 2877 2917
f 2867 2878 2879
f 2880 2878 2867
f 2800 2867 2868
f 2880 2867 2800
f 2800 2868 2796
f 2881 2798 2797
f 2881 2923 2798
f 2797 2869 2881
f 2875 2882 2874
f 2882 2876 2802
f 2882 2875 2876
f 2876 2883 2802
f 2876 2877 2883
f 2804 2877 2878
f 2883 2877 2804
f 2804 2880 2799
f 2804 2878 2880
f 2799 2880 2800
f 2801 2798 2923
f 2802 2884 2882
f 2923 2885 2801
f 2923 2933 2885
f 2887 2886 2884
f 2802 2887 2884
f 2933 2808 2885
f 2809 2808 2933
f 2810 2888 2811
f 2889 2895 2811
f 2888 2889 2811
f 2816 2890 2817
f 2890 2886 2817
f 2886 2887 2817
f 2933 2891 2809
f 2809 2891 2818
f 2819 2891 2892
f 2818 2891 2819
f 2893 2821 2820
f 2821 2894 2822
f 2893 2894 2821
f 2810 2822 2894
f 2895 2896 2823
f 2896 2897 2814
f 2898 2824 2814
f 2897 2898 2814
f 2824 2898 2899
f 2826 2899 2825
f 2899 2890 2825
f 2890 2816 2825
f 2890 2899 2898
f 2892 2900 2819
f 2900 2827 2819
f 2827 2901 2765
f 2900 2901 2827
f 2901 2903 2902
f 2828 2901 2902
f 2765 2901 2828
f 2893 2820 2904
f 2820 2902 2904
f 2902 2905 2904
f 2820 2828 2902
f 2899 2829 2824
f 2829 2899 2830
f 2830 2899 2826
f 2902 2903 2905
f 2905 2903 2906
f 2832 2907 2831
f 2832 2949 2907
f 2832 2835 2949
f 2831 2841 2833
f 2841 2907 2834
f 2841 2831 2907
f 2949 2834 2907
f 2949 2835 2834
f 2837 2909 2908
f 2909 2838 2910
f 2909 2837 2838
f 2910 2838 2839
f 2843 2951 2842
f 2911 2843 2844
f 2911 2951 2843
f 2912 2844 2845
f 2912 2911 2844
f 2914 2845 2846
f 2914 2912 2845
f 2908 2847 2837
f 2908 2913 2847
f 2850 2913 2910
f 2850 2847 2913
f 2850 2910 2839
f 2792 2842 2956
f 2842 2951 2956
f 2958 2914 2853
f 2846 2853 2914
f 2858 2916 2852
f 2916 2915 2852
f 2858 2859 2916
f 2960 2860 2792
f 2960 2792 2956
f 2958 2871 2920
f 2853 2871 2958
f 2866 2915 2917
f 2915 2916 2917
f 2879 2916 2859
f 2917 2916 2879
f 2870 2918 2869
f 2918 2860 2960
f 2919 2918 2960
f 2870 2860 2918
f 2963 2919 2960
f 2922 2920 2921
f 2921 2920 2871
f 2861 2872 2871
f 2871 2872 2921
f 2924 2881 2869
f 2924 2869 2918
f 2924 2918 2925
f 2918 2926 2925
f 2919 2926 2918
f 2919 2963 2926
f 2922 2921 2927
f 2927 2921 2872
f 2873 2928 2872
f 2874 2928 2873
f 2882 2928 2874
f 2923 2881 2929
f 2881 2924 2968
f 2881 2968 2929
f 2931 2872 2928
f 2930 2872 2931
f 2931 2928 2932
f 2884 2932 2882
f 2882 2932 2928
f 2929 2933 2923
f 2934 2929 2968
f 2933 2929 2934
f 2935 2934 2968
f 2930 2931 2936
f 2931 2937 2936
f 2937 2932 2886
f 2937 2931 2932
f 2886 2932 2884
f 2933 2934 2938
f 2939 2934 2935
f 2938 2934 2939
f 2941 2940 2810
f 2940 2888 2810
f 2889 2888 2985
f 2936 2937 2942
f 2936 2942 2946
f 2890 2937 2886
f 2890 2942 2937
f 2938 2891 2933
f 2938 2939 2943
f 2892 2938 2943
f 2938 2892 2891
f 2893 2945 2894
f 2944 2945 2893
f 2810 2894 2941
f 2941 2894 2945
f 2889 2985 2895
f 2895 2946 2896
f 2985 2946 2895
f 2942 2897 2946
f 2897 2896 2946
f 2897 2942 2898
f 2898 2942 2890
f 2892 2943 2900
f 2943 2947 2900
f 2901 2947 2989
f 2900 2947 2901
f 2989 2903 2901
f 2948 2944 2893
f 2948 2893 2904
f 2904 2905 2948
f 2989 2990 2903
f 2903 2948 2906
f 2990 2948 2903
f 2905 2906 2948
f 2950 2908 2909
f 2950 2991 2908
f 2909 2910 2950
f 2911 2952 2951
f 2952 2911 2953
f 2959 2911 2912
f 2959 2953 2911
f 2959 2912 2914
f 2954 2908 2991
f 2908 2955 2913
f 2954 2955 2908
f 2910 2913 2950
f 2950 2913 2955
f 2951 2957 2956
f 2957 2952 2992
f 2951 2952 2957
f 2992 2952 2953
f 2962 2959 2958
f 2958 2959 2914
f 2956 2961 2960
f 2961 2956 2957
f 2957 2992 2993
f 2957 2993 2961
f 2993 2962 2920
f 2958 2920 2962
f 2960 2961 2963
f 2963 2961 2966
f 2964 2961 2993
f 2966 2961 2964
f 2922 2964 2920
f 2964 2993 2920
f 2965 2926 2963
f 2965 2963 2966
f 2967 2964 2922
f 2966 2964 2967
f 2927 2967 2922
f 2969 2924 2925
f 2968 2924 2969
f 2970 2925 2926
f 2970 2969 2925
f 2994 2970 2926
f 2965 2994 2926
f 2994 2965 2966
f 2994 2966 2977
f 2966 2971 2977
f 2972 2966 2967
f 2971 2966 2972
f 2973 2967 2927
f 2973 2972 2967
f 2872 2974 2927
f 2927 2974 2973
f 2930 2974 2872
f 2935 2968 2969
f 2969 2975 2935
f 2969 2970 2975
f 2976 2970 2994
f 2975 2970 2976
f 2977 2978 2976
f 2977 2976 2994
f 2971 2978 2977
f 2979 2971 2972
f 2978 2971 2979
f 2980 2972 2973
f 2979 2972 2980
f 2981 2973 2974
f 2980 2973 2981
f 2982 2974 2930
f 2982 2981 2974
f 2930 2936 2982
f 2983 2935 2975
f 2983 2939 2935
f 2983 2975 2976
f 2976 2978 2988
f 2978 2984 2988
f 2941 2978 2979
f 2984 2978 2941
f 2941 2980 2940
f 2941 2979 2980
f 2940 2980 2888
f 2888 2980 2981
f 2888 2981 2985
f 2981 2982 2985
f 2946 2982 2936
f 2985 2982 2946
f 2943 2939 2983
f 2986 2943 2983
f 2995 2986 2983
f 2988 2987 2986
f 2988 2986 2995
f 2987 2988 2984
f 2944 2987 2984
f 2944 2984 2945
f 2945 2984 2941
f 2947 2943 2986
f 2947 2986 2989
f 2990 2986 2987
f 2989 2986 2990
f 2948 2987 2944
f 2948 2990 2987
f 2954 2991 2955
f 2955 2991 2950
f 2953 2962 2992
f 2962 2953 2959
f 2993 2992 2962
f 2976 2995 2983
f 2976 2988 2995
