v 38.0 -26.0 19.0
v 38.0 -26.0 19.0
v 38.0 -26.1 19.0
v 38.0 -27.0 20.0
v 37.7 -26.0 20.0
v 38.0 -26.3 21.0
v 37.8 -26.0 21.0
v 38.0 -26.3 22.0
v 37.7 -26.0 22.0
v 38.0 -26.2 23.0
v 37.8 -26.0 23.0
v 38.0 -26.0 23.2
v 38.0 -26.0 19.0
v 38.0 -25.6 20.0
v 38.0 -25.6 21.0
v 37.8 -25.0 22.0
v 38.0 -25.0 21.6
v 37.8 -25.0 23.0
v 38.0 -25.0 23.3
v 38.0 -24.8 22.0
v 38.0 -24.7 23.0
v 37.9 -23.0 17.0
v 38.0 -23.0 16.8
v 38.0 -23.2 17.0
v 38.0 -23.1 18.0
v 37.9 -23.0 18.0
v 38.0 -23.0 18.1
v 37.9 -22.0 17.0
v 38.0 -22.0 16.8
v 38.0 -22.0 17.2
v 38.0 -22.9 18.0
v 37.9 -21.0 16.0
v 38.0 -21.0 15.9
v 38.0 -21.1 16.0
v 38.0 -21.8 17.0
v 38.0 -21.0 16.1
v 38.0 -20.4 16.0
v 38.0 -26.0 19.0
v 39.0 -26.0 19.6
v 39.0 -26.3 20.0
v 39.0 -26.4 21.0
v 39.0 -26.4 22.0
v 39.0 -26.2 23.0
v 39.0 -26.0 23.3
v 39.0 -25.5 19.0
v 38.6 -25.0 19.0
v 39.0 -25.0 18.0
v 38.5 -25.0 20.0
v 38.4 -25.0 21.0
v 39.0 -25.5 24.0
v 38.5 -25.0 24.0
v 39.0 -25.2 25.0
v 38.8 -25.0 25.0
v 39.0 -25.0 25.2
v 38.7 -24.0 18.0
v 39.0 -24.0 17.6
v 39.0 -25.0 18.0
v 38.7 -24.0 19.0
v 39.0 -24.0 19.5
v 39.0 -24.4 20.0
v 39.0 -24.5 21.0
v 39.0 -24.3 22.0
v 38.6 -24.0 23.0
v 39.0 -24.0 22.4
v 38.5 -24.0 24.0
v 38.7 -24.0 25.0
v 39.0 -24.0 25.3
v 39.0 -23.0 16.4
v 39.0 -23.6 17.0
v 39.0 -23.5 19.0
v 39.0 -23.0 18.7
v 39.0 -23.5 23.0
v 38.7 -23.0 24.0
v 39.0 -23.0 23.6
v 38.8 -23.0 25.0
v 39.0 -23.0 25.2
v 38.6 -22.0 16.0
v 39.0 -22.0 15.7
v 39.0 -22.5 16.0
v 38.6 -22.0 18.0
v 39.0 -22.0 18.4
v 39.0 -22.7 24.0
v 39.0 -22.7 25.0
v 39.0 -21.0 15.5
v 38.5 -21.0 17.0
v 39.0 -21.0 17.4
v 39.0 -21.6 18.0
v 38.9 -20.0 15.0
v 39.0 -20.0 14.9
v 39.0 -20.1 15.0
v 38.1 -20.0 16.0
v 39.0 -20.0 16.5
v 39.0 -20.5 17.0
v 39.0 -19.9 15.0
v 39.0 -19.6 16.0
v 39.4 -26.0 20.0
v 39.5 -26.0 21.0
v 39.5 -26.0 22.0
v 39.3 -26.0 23.0
v 40.0 -25.0 18.5
v 40.0 -25.4 19.0
v 40.0 -25.6 20.0
v 40.0 -25.6 21.0
v 40.0 -25.6 22.0
v 40.0 -25.5 23.0
v 40.0 -25.4 24.0
v 40.0 -25.3 25.0
v 40.0 -25.0 25.3
v 40.0 -24.0 17.5
v 40.0 -24.1 18.0
v 39.3 -24.0 20.0
v 39.4 -24.0 21.0
v 39.3 -24.0 22.0
v 40.0 -24.0 25.6
v 40.0 -23.0 16.5
v 40.0 -23.8 17.0
v 39.3 -23.0 19.0
v 39.6 -23.0 20.0
v 39.6 -23.0 21.0
v 39.6 -23.0 22.0
v 39.4 -23.0 23.0
v 40.0 -23.0 25.6
v 40.0 -22.0 15.6
v 40.0 -22.5 16.0
v 39.6 -22.0 19.0
v 40.0 -22.0 19.5
v 40.0 -22.4 20.0
v 40.0 -22.5 21.0
v 40.0 -22.5 22.0
v 40.0 -22.4 23.0
v 39.7 -22.0 24.0
v 40.0 -22.0 23.5
v 39.7 -22.0 25.0
v 40.0 -22.0 25.2
v 40.0 -21.0 15.4
v 40.0 -21.0 18.0
v 40.0 -21.0 18.0
v 40.0 -21.6 19.0
v 40.0 -21.7 24.0
v 40.0 -21.8 25.0
v 40.0 -20.0 14.7
v 40.0 -20.5 15.0
v 39.4 -20.0 17.0
v 40.0 -20.8 18.0
v 39.9 -20.0 18.0
v 40.0 -20.0 18.2
v 39.8 -19.0 15.0
v 40.0 -19.0 14.8
v 40.0 -19.0 15.3
v 40.0 -19.3 16.0
v 40.0 -19.5 17.0
v 40.0 -19.8 18.0
v 40.0 -18.8 15.0
v 41.0 -25.0 18.4
v 41.0 -25.4 19.0
v 41.0 -25.6 20.0
v 41.0 -25.5 21.0
v 41.0 -25.3 22.0
v 40.6 -25.0 23.0
v 41.0 -25.0 22.5
v 40.7 -25.0 24.0
v 41.0 -25.0 24.5
v 41.0 -25.2 25.0
v 41.0 -25.0 25.3
v 41.0 -24.0 17.4
v 41.0 -24.5 18.0
v 41.0 -24.7 23.0
v 41.0 -24.8 24.0
v 41.0 -24.3 26.0
v 40.7 -24.0 26.0
v 41.0 -24.0 26.2
v 41.0 -23.0 17.0
v 41.0 -23.1 17.0
v 40.6 -23.0 26.0
v 41.0 -23.0 26.3
v 41.0 -22.0 15.6
v 41.0 -22.5 16.0
v 40.3 -22.0 20.0
v 40.5 -22.0 21.0
v 40.5 -22.0 22.0
v 40.4 -22.0 23.0
v 41.0 -22.6 26.0
v 41.0 -22.0 25.6
v 41.0 -21.0 15.3
v 40.0 -21.0 18.0
v 40.4 -21.0 19.0
v 40.7 -21.0 20.0
v 41.0 -21.0 20.5
v 41.0 -21.4 21.0
v 41.0 -21.5 22.0
v 41.0 -21.5 23.0
v 41.0 -21.4 24.0
v 41.0 -21.6 25.0
v 41.0 -20.0 14.5
v 41.0 -20.6 15.0
v 40.6 -20.0 19.0
v 41.0 -20.0 19.5
v 41.0 -20.5 20.0
v 40.9 -19.0 14.0
v 41.0 -19.0 13.9
v 41.0 -19.2 14.0
v 40.3 -19.0 16.0
v 40.5 -19.0 17.0
v 40.6 -19.0 18.0
v 41.0 -19.0 18.5
v 41.0 -19.5 19.0
v 41.0 -18.8 14.0
v 40.8 -18.0 15.0
v 41.0 -18.0 14.7
v 41.0 -18.0 15.4
v 41.0 -18.3 16.0
v 41.0 -18.5 17.0
v 41.0 -18.6 18.0
v 41.0 -17.8 15.0
v 41.6 -28.0 20.0
v 42.0 -28.0 19.7
v 42.0 -28.2 20.0
v 42.0 -28.0 20.2
v 41.9 -27.0 19.0
v 42.0 -27.0 18.9
v 42.0 -27.2 19.0
v 41.6 -27.0 20.0
v 42.0 -27.0 20.3
v 42.0 -26.5 19.0
v 41.6 -26.0 20.0
v 42.0 -26.0 19.2
v 42.0 -26.0 20.4
v 41.5 -25.0 18.0
v 42.0 -25.0 17.5
v 42.0 -25.3 18.0
v 42.0 -25.9 19.0
v 42.0 -25.5 21.0
v 41.5 -25.0 22.0
v 42.0 -25.0 21.6
v 42.0 -25.0 24.8
v 42.0 -25.1 25.0
v 42.0 -25.0 25.2
v 41.8 -24.0 16.0
v 42.0 -24.0 15.8
v 42.0 -24.2 16.0
v 42.0 -24.6 17.0
v 41.4 -24.0 17.0
v 42.0 -24.7 22.0
v 42.0 -24.5 23.0
v 42.0 -24.7 24.0
v 42.0 -24.4 26.0
v 42.0 -24.0 26.4
v 41.5 -23.0 16.0
v 42.0 -23.0 15.5
v 42.0 -23.0 26.5
v 42.0 -22.0 15.3
v 41.6 -22.0 26.0
v 42.0 -22.0 26.3
v 41.5 -21.0 15.0
v 42.0 -21.0 14.7
v 42.0 -21.5 15.0
v 41.4 -21.0 21.0
v 41.5 -21.0 22.0
v 41.5 -21.0 23.0
v 41.6 -21.0 24.0
v 42.0 -21.0 24.5
v 42.0 -21.3 25.0
v 42.0 -21.7 26.0
v 42.0 -20.0 14.4
v 41.4 -20.0 20.0
v 42.0 -20.0 20.7
v 42.0 -20.3 21.0
v 42.0 -20.5 22.0
v 42.0 -20.5 23.0
v 42.0 -20.6 24.0
v 42.0 -19.0 13.6
v 42.0 -19.5 14.0
v 41.3 -19.0 19.0
v 41.7 -19.0 20.0
v 42.0 -19.0 20.4
v 41.6 -18.0 14.0
v 42.0 -18.0 13.7
v 41.3 -18.0 16.0
v 41.4 -18.0 17.0
v 41.4 -18.0 18.0
v 41.7 -18.0 19.0
v 42.0 -18.0 19.5
v 42.0 -18.5 20.0
v 42.0 -17.5 14.0
v 41.6 -17.0 15.0
v 42.0 -17.0 14.5
v 41.5 -17.0 16.0
v 41.6 -17.0 17.0
v 41.7 -17.0 18.0
v 42.0 -17.0 18.4
v 42.0 -17.5 19.0
v 42.0 -16.5 15.0
v 41.9 -16.0 16.0
v 42.0 -16.0 15.7
v 42.0 -16.0 16.3
v 42.0 -16.4 17.0
v 42.0 -16.7 18.0
v 42.0 -15.8 16.0
v 42.9 -28.0 19.0
v 43.0 -28.0 18.9
v 43.0 -28.1 19.0
v 43.0 -28.2 20.0
v 43.0 -28.0 20.2
v 43.0 -27.0 18.5
v 43.0 -27.0 20.6
v 42.2 -26.0 19.0
v 43.0 -26.0 18.3
v 43.0 -26.0 20.7
v 42.7 -25.0 17.0
v 43.0 -25.0 16.8
v 43.0 -25.2 17.0
v 43.0 -25.7 18.0
v 43.0 -25.6 21.0
v 43.0 -25.0 21.5
v 42.8 -25.0 24.0
v 43.0 -25.0 23.8
v 43.0 -25.1 24.0
v 42.2 -25.0 25.0
v 43.0 -25.0 24.2
v 43.0 -24.0 15.7
v 43.0 -24.3 16.0
v 43.0 -24.6 22.0
v 43.0 -24.6 23.0
v 43.0 -24.7 25.0
v 43.0 -24.3 26.0
v 43.0 -24.0 26.3
v 42.7 -23.0 15.0
v 43.0 -23.0 14.8
v 43.0 -23.3 15.0
v 43.0 -23.0 26.6
v 42.4 -22.0 15.0
v 43.0 -22.0 14.6
v 43.0 -22.0 26.6
v 43.0 -21.0 14.5
v 42.3 -21.0 25.0
v 42.5 -21.0 26.0
v 43.0 -21.0 26.5
v 43.0 -20.0 14.4
v 42.2 -20.0 21.0
v 42.4 -20.0 22.0
v 42.4 -20.0 23.0
v 42.6 -20.0 24.0
v 43.0 -20.0 24.7
v 43.0 -20.2 25.0
v 42.9 -20.0 26.0
v 43.0 -20.0 25.6
v 43.0 -20.0 26.1
v 43.0 -19.0 13.6
v 43.0 -19.5 14.0
v 42.4 -19.0 21.0
v 42.5 -19.0 22.0
v 42.6 -19.0 23.0
v 43.0 -19.0 23.6
v 43.0 -19.5 24.0
v 43.0 -19.9 26.0
v 43.0 -18.0 13.4
v 42.3 -18.0 20.0
v 42.6 -18.0 21.0
v 42.6 -18.0 22.0
v 42.8 -18.0 23.0
v 43.0 -18.0 23.2
v 42.4 -17.0 14.0
v 43.0 -17.0 13.5
v 42.4 -17.0 19.0
v 42.7 -17.0 20.0
v 43.0 -17.0 20.5
v 43.0 -17.4 21.0
v 43.0 -17.5 22.0
v 43.0 -17.7 23.0
v 42.6 -16.0 14.0
v 43.0 -16.0 13.6
v 42.3 -16.0 15.0
v 42.4 -16.0 17.0
v 42.7 -16.0 18.0
v 43.0 -16.0 18.5
v 43.0 -16.4 19.0
v 43.0 -16.6 20.0
v 42.6 -15.0 14.0
v 43.0 -15.0 13.6
v 42.5 -15.0 15.0
v 42.7 -15.0 16.0
v 43.0 -15.0 16.5
v 43.0 -15.4 17.0
v 43.0 -15.7 18.0
v 42.6 -14.0 14.0
v 43.0 -14.0 13.5
v 42.6 -14.0 15.0
v 43.0 -14.0 15.4
v 43.0 -14.6 16.0
v 42.8 -13.0 14.0
v 43.0 -13.0 13.7
v 42.8 -13.0 15.0
v 43.0 -13.0 15.2
v 43.0 -12.7 14.0
v 43.0 -12.7 15.0
v 43.1 -28.0 19.0
v 43.3 -28.0 20.0
v 44.0 -27.0 18.4
v 44.0 -27.5 19.0
v 44.0 -27.6 20.0
v 44.0 -27.2 21.0
v 43.7 -27.0 21.0
v 44.0 -27.0 21.2
v 43.5 -26.0 18.0
v 44.0 -26.0 17.7
v 44.0 -26.5 18.0
v 43.7 -26.0 21.0
v 44.0 -26.0 21.2
v 43.5 -25.0 17.0
v 44.0 -25.0 17.2
v 44.0 -25.0 20.9
v 43.8 -25.0 21.0
v 44.0 -25.4 21.0
v 44.0 -25.0 23.7
v 44.0 -25.2 24.0
v 44.0 -25.0 24.3
v 43.4 -24.0 16.0
v 44.0 -24.0 16.5
v 44.0 -24.6 17.0
v 44.0 -24.9 21.0
v 44.0 -24.5 22.0
v 44.0 -24.6 23.0
v 44.0 -24.5 25.0
v 43.5 -24.0 26.0
v 44.0 -24.0 25.6
v 44.0 -23.0 14.6
v 44.0 -23.3 15.0
v 44.0 -23.1 16.0
v 44.0 -23.7 26.0
v 44.0 -23.2 27.0
v 43.7 -23.0 27.0
v 44.0 -23.0 27.2
v 44.0 -22.0 14.4
v 43.5 -22.0 27.0
v 44.0 -22.0 27.5
v 44.0 -21.0 14.4
v 43.5 -21.0 27.0
v 44.0 -21.0 27.5
v 44.0 -20.0 14.2
v 43.1 -20.0 25.0
v 43.7 -20.0 27.0
v 44.0 -20.0 27.3
v 44.0 -19.0 13.5
v 44.0 -19.7 14.0
v 43.4 -19.0 24.0
v 43.6 -19.0 25.0
v 43.7 -19.0 26.0
v 44.0 -19.0 26.4
v 44.0 -19.6 27.0
v 43.8 -18.0 13.0
v 44.0 -18.0 12.8
v 44.0 -18.2 13.0
v 44.0 -18.3 24.0
v 44.0 -18.0 23.7
v 44.0 -18.6 25.0
v 44.0 -18.7 26.0
v 43.6 -17.0 13.0
v 44.0 -17.0 12.7
v 43.3 -17.0 21.0
v 43.5 -17.0 22.0
v 43.7 -17.0 23.0
v 44.0 -17.0 23.2
v 44.0 -16.3 13.0
v 44.0 -16.0 13.1
v 43.4 -16.0 19.0
v 43.5 -16.0 20.0
v 43.7 -16.0 21.0
v 44.0 -16.0 21.4
v 44.0 -16.4 22.0
v 44.0 -16.8 23.0
v 43.6 -15.0 13.0
v 44.0 -15.0 12.7
v 44.0 -15.7 13.0
v 43.5 -15.0 17.0
v 44.0 -15.0 17.5
v 44.0 -15.3 18.0
v 44.0 -15.5 19.0
v 44.0 -15.6 20.0
v 44.0 -15.8 21.0
v 43.5 -14.0 13.0
v 44.0 -14.0 12.4
v 44.0 -14.2 16.0
v 44.0 -14.0 15.8
v 44.0 -14.7 17.0
v 43.9 -13.0 12.0
v 44.0 -13.0 11.9
v 44.0 -13.1 12.0
v 43.5 -13.0 13.0
v 44.0 -13.0 15.6
v 44.0 -12.9 12.0
v 44.0 -12.2 13.0
v 43.5 -12.0 14.0
v 44.0 -12.0 13.2
v 43.7 -12.0 15.0
v 44.0 -12.0 15.3
v 43.9 -11.0 13.0
v 44.0 -11.0 12.9
v 44.0 -11.4 13.0
v 43.8 -11.0 14.0
v 44.0 -11.0 14.2
v 44.0 -11.7 15.0
v 44.0 -10.9 13.0
v 44.0 -10.8 14.0
v 44.6 -27.0 18.0
v 45.0 -27.0 17.7
v 45.0 -27.2 18.0
v 45.0 -27.5 19.0
v 45.0 -27.6 20.0
v 45.0 -27.3 21.0
v 45.0 -27.0 21.2
v 45.0 -26.0 17.3
v 44.6 -26.0 21.0
v 45.0 -26.3 21.0
v 45.0 -26.0 20.9
v 44.4 -25.0 17.0
v 45.0 -25.0 16.7
v 45.0 -25.4 17.0
v 45.0 -25.0 20.9
v 45.0 -25.0 23.5
v 45.0 -25.2 24.0
v 45.0 -25.0 24.3
v 44.7 -24.0 16.0
v 45.0 -24.0 15.8
v 45.0 -24.2 16.0
v 45.0 -24.9 21.0
v 45.0 -24.6 22.0
v 45.0 -24.7 23.0
v 45.0 -24.5 25.0
v 45.0 -24.0 25.5
v 44.7 -23.0 14.0
v 45.0 -23.0 13.8
v 45.0 -23.2 14.0
v 45.0 -23.6 15.0
v 45.0 -23.6 26.0
v 45.0 -23.4 27.0
v 45.0 -23.0 27.4
v 44.5 -22.0 14.0
v 45.0 -22.0 13.6
v 45.0 -22.3 28.0
v 44.7 -22.0 28.0
v 45.0 -22.0 28.3
v 44.5 -21.0 14.0
v 45.0 -21.0 13.6
v 44.6 -21.0 28.0
v 45.0 -21.0 28.3
v 44.3 -20.0 14.0
v 45.0 -20.0 13.6
v 45.0 -20.5 28.0
v 45.0 -20.0 27.7
v 45.0 -19.0 13.5
v 44.6 -19.0 27.0
v 45.0 -19.0 27.3
v 44.5 -18.0 13.0
v 45.0 -18.0 13.2
v 44.4 -18.0 24.0
v 45.0 -18.0 24.6
v 45.0 -18.3 25.0
v 45.0 -18.5 26.0
v 45.0 -18.8 27.0
v 45.0 -17.0 12.0
v 45.0 -17.0 12.0
v 45.0 -17.1 12.0
v 45.0 -17.8 13.0
v 45.0 -17.5 24.0
v 45.0 -17.0 23.6
v 45.0 -17.0 12.0
v 44.2 -16.0 13.0
v 45.0 -16.0 12.4
v 44.6 -16.0 22.0
v 45.0 -16.0 22.4
v 45.0 -16.5 23.0
v 45.0 -15.0 12.4
v 44.4 -15.0 18.0
v 44.6 -15.0 19.0
v 45.0 -15.0 19.5
v 45.0 -15.3 20.0
v 45.0 -15.5 21.0
v 45.0 -15.7 22.0
v 44.6 -14.0 12.0
v 45.0 -14.0 11.7
v 45.0 -14.4 12.0
v 44.3 -14.0 16.0
v 45.0 -14.0 16.7
v 45.0 -14.3 17.0
v 45.0 -14.6 18.0
v 45.0 -14.7 19.0
v 45.0 -13.0 11.5
v 44.6 -13.0 16.0
v 45.0 -13.0 16.3
v 44.5 -12.0 12.0
v 45.0 -12.0 11.4
v 44.1 -12.0 13.0
v 45.0 -12.7 16.0
v 45.0 -12.0 15.5
v 44.8 -11.0 11.0
v 45.0 -11.0 10.7
v 45.0 -11.4 11.0
v 44.5 -11.0 12.0
v 45.0 -11.4 15.0
v 45.0 -11.0 14.6
v 44.8 -10.0 11.0
v 45.0 -10.0 10.8
v 44.9 -10.0 12.0
v 45.0 -10.5 13.0
v 45.0 -10.0 12.1
v 45.0 -10.6 14.0
v 45.0 -9.6 11.0
v 45.0 -9.9 12.0
v 45.8 -28.0 20.0
v 46.0 -28.0 19.8
v 46.0 -28.1 20.0
v 46.0 -28.0 20.2
v 46.0 -27.0 17.6
v 46.0 -27.4 18.0
v 46.0 -27.6 19.0
v 46.0 -27.5 21.0
v 46.0 -27.0 21.4
v 45.5 -26.0 17.0
v 46.0 -26.0 16.7
v 46.0 -26.4 17.0
v 45.2 -26.0 21.0
v 46.0 -26.0 21.7
v 46.0 -25.0 16.4
v 45.1 -25.0 21.0
v 46.0 -25.6 22.0
v 45.4 -25.0 22.0
v 46.0 -25.5 23.0
v 45.3 -25.0 23.0
v 46.0 -25.4 24.0
v 46.0 -25.0 24.5
v 46.0 -24.0 15.5
v 46.0 -24.5 16.0
v 46.0 -24.5 25.0
v 46.0 -24.0 25.6
v 46.0 -23.0 13.8
v 46.0 -23.2 14.0
v 46.0 -23.6 15.0
v 46.0 -23.7 26.0
v 46.0 -23.4 27.0
v 46.0 -23.0 27.5
v 46.0 -22.0 13.6
v 46.0 -22.4 28.0
v 46.0 -22.0 28.4
v 46.0 -21.0 13.4
v 46.0 -21.1 29.0
v 45.9 -21.0 29.0
v 46.0 -21.0 29.1
v 46.0 -20.0 13.4
v 45.4 -20.0 28.0
v 46.0 -20.0 28.5
v 46.0 -20.8 29.0
v 46.0 -19.0 13.5
v 46.0 -19.4 28.0
v 46.0 -19.0 27.6
v 46.0 -18.0 13.5
v 45.5 -18.0 25.0
v 46.0 -18.0 25.5
v 46.0 -18.3 26.0
v 46.0 -18.6 27.0
v 45.0 -17.0 12.0
v 45.7 -17.0 13.0
v 46.0 -17.0 13.2
v 45.6 -17.0 24.0
v 46.0 -17.0 24.3
v 46.0 -17.6 25.0
v 46.0 -16.2 12.0
v 45.8 -16.0 12.0
v 46.0 -16.0 11.9
v 46.0 -16.8 13.0
v 46.0 -16.3 23.0
v 46.0 -16.0 22.6
v 46.0 -16.7 24.0
v 46.0 -15.5 12.0
v 46.0 -15.0 12.1
v 45.5 -15.0 20.0
v 46.0 -15.0 20.4
v 46.0 -15.4 21.0
v 46.0 -15.6 22.0
v 46.0 -14.0 11.5
v 46.0 -14.8 12.0
v 45.4 -14.0 17.0
v 46.0 -14.0 17.6
v 46.0 -14.3 18.0
v 46.0 -14.4 19.0
v 46.0 -14.7 20.0
v 46.0 -13.0 11.4
v 46.0 -13.5 17.0
v 46.0 -13.0 16.6
v 45.6 -12.0 11.0
v 46.0 -12.0 10.7
v 46.0 -12.3 11.0
v 46.0 -12.3 16.0
v 46.0 -12.0 15.7
v 45.7 -11.0 10.0
v 46.0 -11.0 9.8
v 46.0 -11.3 10.0
v 45.6 -11.0 15.0
v 46.0 -11.0 15.3
v 45.9 -10.0 10.0
v 46.0 -10.0 9.9
v 45.4 -10.0 11.0
v 46.0 -10.3 11.0
v 46.0 -10.0 10.2
v 45.1 -10.0 12.0
v 46.0 -10.4 12.0
v 46.0 -10.4 13.0
v 46.0 -10.5 14.0
v 46.0 -10.8 15.0
v 46.0 -9.9 10.0
v 47.0 -28.0 19.4
v 47.0 -28.4 20.0
v 47.0 -28.1 21.0
v 46.8 -28.0 21.0
v 47.0 -28.0 21.1
v 47.0 -27.0 17.5
v 47.0 -27.4 18.0
v 47.0 -27.7 19.0
v 47.0 -27.0 21.6
v 47.0 -26.0 16.6
v 47.0 -26.5 17.0
v 47.0 -26.5 22.0
v 46.4 -26.0 22.0
v 47.0 -26.3 23.0
v 46.7 -26.0 23.0
v 47.0 -26.0 23.3
v 47.0 -25.0 16.4
v 47.0 -25.5 24.0
v 47.0 -25.0 24.5
v 47.0 -24.0 15.5
v 47.0 -24.5 16.0
v 47.0 -24.6 25.0
v 47.0 -24.3 26.0
v 46.5 -24.0 26.0
v 47.0 -24.0 26.4
v 46.3 -23.0 14.0
v 47.0 -23.0 14.5
v 47.0 -23.5 15.0
v 47.0 -23.5 27.0
v 47.0 -23.0 27.4
v 46.7 -22.0 14.0
v 47.0 -22.0 14.3
v 46.6 -22.0 28.0
v 47.0 -22.0 27.8
v 47.0 -21.0 13.0
v 47.0 -21.0 13.0
v 47.0 -21.0 13.0
v 47.0 -21.7 14.0
v 47.0 -21.7 28.0
v 47.0 -21.2 29.0
v 47.0 -21.0 29.2
v 46.7 -20.0 13.0
v 47.0 -20.0 12.7
v 46.5 -20.0 29.0
v 47.0 -20.0 29.3
v 47.0 -19.5 13.0
v 47.0 -19.0 13.3
v 46.4 -19.0 28.0
v 47.0 -19.0 29.0
v 47.0 -19.0 29.0
v 47.0 -18.0 13.4
v 46.5 -18.0 26.0
v 47.0 -18.0 26.5
v 47.0 -18.3 27.0
v 47.0 -18.6 28.0
v 47.0 -19.0 29.0
v 47.0 -17.0 13.2
v 47.0 -17.4 25.0
v 47.0 -17.0 24.5
v 47.0 -17.7 26.0
v 47.0 -16.0 11.8
v 47.0 -16.3 12.0
v 47.0 -16.8 13.0
v 46.5 -16.0 23.0
v 47.0 -16.0 23.4
v 47.0 -16.5 24.0
v 46.2 -15.0 12.0
v 47.0 -15.0 11.6
v 47.0 -15.2 21.0
v 47.0 -15.0 20.7
v 47.0 -15.4 22.0
v 47.0 -15.7 23.0
v 47.0 -14.0 11.1
v 46.3 -14.0 18.0
v 46.6 -14.0 19.0
v 47.0 -14.0 19.5
v 47.0 -14.4 20.0
v 47.0 -13.0 11.2
v 46.5 -13.0 17.0
v 47.0 -13.0 17.6
v 47.0 -13.3 18.0
v 47.0 -13.6 19.0
v 46.8 -12.0 10.0
v 47.0 -12.0 9.9
v 47.0 -12.1 10.0
v 47.0 -12.3 11.0
v 46.4 -12.0 16.0
v 47.0 -12.0 16.6
v 47.0 -12.4 17.0
v 47.0 -11.0 9.4
v 47.0 -11.4 16.0
v 47.0 -11.0 15.6
v 46.8 -10.0 9.0
v 47.0 -10.0 8.6
v 47.0 -10.2 9.0
v 47.0 -10.4 11.0
v 47.0 -10.0 10.5
v 47.0 -10.3 12.0
v 46.8 -10.0 13.0
v 47.0 -10.0 12.7
v 47.0 -10.0 13.3
v 47.0 -10.3 14.0
v 47.0 -10.5 15.0
v 47.0 -9.8 9.0
v 47.0 -9.7 10.0
v 47.0 -9.8 13.0
v 47.7 -28.0 19.0
v 48.0 -28.0 18.8
v 48.0 -28.1 19.0
v 48.0 -28.2 20.0
v 47.2 -28.0 21.0
v 48.0 -28.0 20.4
v 48.0 -27.0 17.5
v 48.0 -27.5 18.0
v 48.0 -27.6 21.0
v 48.0 -27.0 21.5
v 48.0 -26.0 16.6
v 48.0 -26.5 17.0
v 48.0 -26.6 22.0
v 48.0 -26.4 23.0
v 48.0 -26.0 23.5
v 48.0 -25.0 16.3
v 48.0 -25.5 24.0
v 48.0 -25.0 24.6
v 48.0 -24.0 15.5
v 48.0 -24.6 16.0
v 48.0 -24.7 25.0
v 48.0 -24.4 26.0
v 48.0 -24.0 26.5
v 48.0 -23.0 14.7
v 48.0 -23.3 15.0
v 48.0 -23.5 27.0
v 48.0 -23.0 27.4
v 48.0 -22.0 14.5
v 48.0 -22.0 27.6
v 47.0 -21.0 13.0
v 47.7 -21.0 14.0
v 48.0 -21.0 14.2
v 48.0 -21.5 28.0
v 47.3 -21.0 29.0
v 48.0 -21.0 28.6
v 48.0 -20.0 12.7
v 48.0 -20.3 13.0
v 48.0 -20.8 14.0
v 48.0 -20.3 29.0
v 48.0 -20.0 29.2
v 47.9 -19.0 12.0
v 48.0 -19.0 11.9
v 48.0 -19.1 12.0
v 47.3 -19.0 13.0
v 47.1 -19.0 29.0
v 48.0 -19.6 29.0
v 48.0 -19.0 28.7
v 48.0 -18.8 12.0
v 47.4 -18.0 13.0
v 48.0 -18.0 12.3
v 47.5 -18.0 27.0
v 48.0 -18.0 27.4
v 48.0 -18.5 28.0
v 47.2 -17.0 13.0
v 48.0 -17.0 12.0
v 48.0 -17.4 25.0
v 48.0 -17.0 24.5
v 48.0 -17.5 26.0
v 48.0 -17.7 27.0
v 47.6 -16.0 12.0
v 48.0 -16.0 12.2
v 48.0 -16.5 24.0
v 48.0 -16.0 23.5
v 47.9 -15.0 12.0
v 48.0 -15.0 12.1
v 47.2 -15.0 21.0
v 47.6 -15.0 22.0
v 48.0 -15.0 22.4
v 48.0 -15.5 23.0
v 48.0 -14.0 11.4
v 48.0 -14.9 12.0
v 47.4 -14.0 20.0
v 47.7 -14.0 21.0
v 48.0 -14.0 21.4
v 48.0 -14.6 22.0
v 47.4 -13.0 11.0
v 48.0 -13.0 10.6
v 48.0 -13.5 11.0
v 47.3 -13.0 18.0
v 47.6 -13.0 19.0
v 48.0 -13.0 19.5
v 48.0 -13.4 20.0
v 48.0 -13.7 21.0
v 48.0 -12.0 9.8
v 48.0 -12.3 10.0
v 47.3 -12.0 17.0
v 47.7 -12.0 18.0
v 48.0 -12.0 18.4
v 48.0 -12.5 19.0
v 48.0 -11.0 9.6
v 47.4 -11.0 16.0
v 47.7 -11.0 17.0
v 48.0 -11.0 17.4
v 48.0 -11.6 18.0
v 48.0 -10.0 9.0
v 48.0 -10.0 9.0
v 48.0 -10.2 11.0
v 48.0 -10.0 10.6
v 47.5 -10.0 12.0
v 48.0 -10.0 11.3
v 47.4 -10.0 14.0
v 47.7 -10.0 15.0
v 48.0 -10.0 15.3
v 48.0 -10.5 16.0
v 48.0 -10.8 17.0
v 48.0 -9.8 10.0
v 48.0 -9.7 12.0
v 48.0 -9.5 13.0
v 48.0 -9.6 14.0
v 48.0 -9.8 15.0
v 48.2 -28.0 19.0
v 48.3 -28.0 20.0
v 49.0 -27.0 17.7
v 49.0 -27.3 18.0
v 49.0 -27.6 19.0
v 49.0 -27.6 20.0
v 49.0 -27.3 21.0
v 49.0 -27.0 21.4
v 49.0 -26.0 16.7
v 49.0 -26.4 17.0
v 49.0 -26.6 22.0
v 49.0 -26.4 23.0
v 49.0 -26.0 23.5
v 48.7 -25.0 16.0
v 49.0 -25.0 15.9
v 49.0 -25.2 16.0
v 49.0 -25.6 24.0
v 49.0 -25.3 25.0
v 48.5 -25.0 25.0
v 49.0 -25.0 25.5
v 49.0 -24.0 15.6
v 49.0 -24.6 26.0
v 49.0 -24.0 26.5
v 48.3 -23.0 15.0
v 49.0 -23.0 15.8
v 49.0 -23.5 27.0
v 49.0 -23.0 27.4
v 49.0 -22.0 14.7
v 49.0 -22.3 15.0
v 49.0 -22.0 27.6
v 49.0 -21.0 14.4
v 49.0 -21.5 28.0
v 49.0 -21.0 28.4
v 48.5 -20.0 13.0
v 49.0 -20.0 13.4
v 49.0 -20.5 14.0
v 48.3 -20.0 29.0
v 49.0 -20.0 28.7
v 49.0 -19.0 11.7
v 49.0 -19.3 12.0
v 49.0 -19.7 13.0
v 49.0 -19.1 29.0
v 48.8 -19.0 29.0
v 49.0 -19.0 29.1
v 48.4 -18.0 12.0
v 49.0 -18.0 11.6
v 49.0 -18.4 28.0
v 49.0 -18.0 27.5
v 49.0 -18.9 29.0
v 48.4 -17.0 12.0
v 49.0 -17.0 12.0
v 49.0 -17.4 25.0
v 49.0 -17.0 24.5
v 49.0 -17.5 26.0
v 49.0 -17.6 27.0
v 48.3 -16.0 12.0
v 49.0 -16.0 11.7
v 49.0 -16.5 24.0
v 49.0 -16.0 23.5
v 48.1 -15.0 12.0
v 49.0 -15.0 11.6
v 49.0 -15.4 23.0
v 49.0 -15.0 22.7
v 49.0 -14.0 11.4
v 48.6 -14.0 22.0
v 49.0 -14.0 22.3
v 49.0 -13.0 10.6
v 49.0 -13.5 11.0
v 48.5 -13.0 20.0
v 49.0 -13.0 20.4
v 49.0 -13.4 21.0
v 49.0 -13.8 22.0
v 48.3 -12.0 10.0
v 49.0 -12.0 10.4
v 48.7 -12.0 19.0
v 49.0 -12.0 19.3
v 49.0 -12.6 20.0
v 48.5 -11.0 10.0
v 49.0 -11.0 10.3
v 48.5 -11.0 18.0
v 49.0 -11.0 18.4
v 49.0 -11.7 19.0
v 48.3 -10.0 10.0
v 48.3 -10.0 11.0
v 49.0 -10.0 10.5
v 49.0 -10.3 16.0
v 49.0 -10.0 15.7
v 49.0 -10.4 17.0
v 49.0 -10.6 18.0
v 49.0 -9.7 11.0
v 49.0 -9.5 12.0
v 49.0 -9.5 13.0
v 49.0 -9.5 14.0
v 49.0 -9.6 15.0
v 49.4 -27.0 18.0
v 50.0 -27.0 18.6
v 50.0 -27.3 19.0
v 50.0 -27.3 20.0
v 49.5 -27.0 21.0
v 50.0 -27.0 20.5
v 49.4 -26.0 17.0
v 50.0 -26.0 17.5
v 50.0 -26.5 18.0
v 50.0 -26.7 21.0
v 50.0 -26.5 22.0
v 50.0 -26.4 23.0
v 50.0 -26.0 23.5
v 49.3 -25.0 16.0
v 50.0 -25.0 16.5
v 50.0 -25.5 17.0
v 50.0 -25.6 24.0
v 50.0 -25.4 25.0
v 50.0 -25.1 26.0
v 49.9 -25.0 26.0
v 50.0 -25.0 26.1
v 50.0 -24.0 15.7
v 50.0 -24.5 16.0
v 50.0 -24.0 26.6
v 50.0 -23.0 15.8
v 50.0 -23.4 27.0
v 50.0 -23.0 27.3
v 49.3 -22.0 15.0
v 50.0 -22.2 16.0
v 49.9 -22.0 16.0
v 50.0 -22.0 16.1
v 50.0 -22.0 27.6
v 50.0 -21.0 14.5
v 50.0 -21.5 15.0
v 50.0 -21.9 16.0
v 50.0 -21.4 28.0
v 50.0 -21.0 28.3
v 50.0 -20.0 13.5
v 50.0 -20.5 14.0
v 50.0 -20.0 28.6
v 50.0 -19.0 11.6
v 50.0 -19.4 12.0
v 50.0 -19.6 13.0
v 50.0 -19.0 29.0
v 50.0 -19.0 29.0
v 49.9 -18.0 11.0
v 50.0 -18.0 10.9
v 50.0 -18.1 11.0
v 50.0 -18.4 28.0
v 50.0 -18.0 27.4
v 50.0 -19.0 29.0
v 50.0 -17.9 11.0
v 50.0 -17.0 11.5
v 50.0 -17.4 25.0
v 50.0 -17.0 24.5
v 50.0 -17.5 26.0
v 50.0 -17.7 27.0
v 50.0 -16.0 11.4
v 50.0 -16.5 24.0
v 50.0 -16.0 23.6
v 50.0 -15.0 11.4
v 49.5 -15.0 23.0
v 50.0 -15.0 23.3
v 50.0 -14.0 11.4
v 50.0 -14.6 23.0
v 50.0 -14.0 22.5
v 50.0 -13.0 10.6
v 50.0 -13.5 11.0
v 50.0 -13.3 21.0
v 50.0 -13.0 20.7
v 50.0 -13.6 22.0
v 50.0 -12.0 10.5
v 50.0 -12.5 20.0
v 50.0 -12.0 19.1
v 50.0 -11.0 10.3
v 50.0 -11.1 19.0
v 50.0 -11.0 19.0
v 49.9 -10.0 10.0
v 50.0 -10.0 9.9
v 50.0 -10.2 10.0
v 49.3 -10.0 16.0
v 49.5 -10.0 17.0
v 49.7 -10.0 18.0
v 50.0 -10.0 18.3
v 50.0 -9.9 10.0
v 50.0 -9.5 11.0
v 50.0 -9.5 12.0
v 50.0 -9.5 13.0
v 50.0 -9.5 14.0
v 50.0 -9.4 15.0
v 50.0 -9.5 16.0
v 50.0 -9.5 17.0
v 50.0 -9.7 18.0
v 50.4 -27.0 19.0
v 50.4 -27.0 20.0
v 50.7 -26.0 18.0
v 51.0 -26.0 18.2
v 51.0 -26.5 19.0
v 51.0 -26.6 20.0
v 51.0 -26.5 21.0
v 51.0 -26.5 22.0
v 51.0 -26.4 23.0
v 51.0 -26.0 23.5
v 50.6 -25.0 17.0
v 51.0 -25.0 17.3
v 51.0 -25.8 18.0
v 51.0 -25.5 24.0
v 50.6 -25.0 25.0
v 51.0 -25.0 24.7
v 50.1 -25.0 26.0
v 51.0 -24.0 15.9
v 51.0 -24.1 16.0
v 51.0 -24.7 17.0
v 51.0 -24.7 25.0
v 51.0 -24.3 26.0
v 51.0 -24.0 26.3
v 51.0 -23.6 16.0
v 50.6 -23.0 16.0
v 51.0 -23.0 16.2
v 50.5 -23.0 27.0
v 51.0 -23.0 26.7
v 51.0 -22.0 16.2
v 51.0 -22.6 27.0
v 51.0 -22.0 27.4
v 51.0 -21.0 14.5
v 51.0 -21.4 15.0
v 51.0 -21.8 16.0
v 50.5 -21.0 28.0
v 51.0 -21.0 27.7
v 51.0 -20.0 13.5
v 51.0 -20.5 14.0
v 51.0 -20.5 28.0
v 51.0 -20.0 28.3
v 51.0 -19.0 11.6
v 51.0 -19.4 12.0
v 51.0 -19.6 13.0
v 50.0 -19.0 29.0
v 51.0 -19.0 28.3
v 51.0 -18.0 10.9
v 51.0 -18.1 11.0
v 50.5 -18.0 27.0
v 51.0 -18.3 27.0
v 51.0 -18.0 26.5
v 51.0 -18.7 28.0
v 51.0 -17.8 11.0
v 51.0 -17.0 11.3
v 51.0 -17.5 25.0
v 51.0 -17.0 24.5
v 51.0 -17.7 26.0
v 50.7 -16.0 11.0
v 51.0 -16.0 10.7
v 51.0 -16.5 11.0
v 51.0 -16.5 24.0
v 51.0 -16.0 23.6
v 50.7 -15.0 11.0
v 51.0 -15.0 10.7
v 51.0 -15.0 23.4
v 51.0 -14.5 11.0
v 51.0 -14.0 11.3
v 51.0 -14.5 23.0
v 51.0 -14.0 22.5
v 51.0 -13.0 10.7
v 51.0 -13.5 11.0
v 50.3 -13.0 21.0
v 51.0 -13.0 21.5
v 51.0 -13.5 22.0
v 51.0 -12.0 10.6
v 51.0 -12.1 20.0
v 51.0 -12.0 19.9
v 50.8 -12.0 21.0
v 51.0 -12.0 20.2
v 51.0 -12.0 21.2
v 51.0 -11.0 10.3
v 51.0 -11.2 19.0
v 51.0 -11.0 18.9
v 50.8 -11.0 21.0
v 51.0 -11.0 20.6
v 51.0 -11.0 21.3
v 51.0 -10.0 9.8
v 51.0 -10.4 10.0
v 51.0 -10.0 18.5
v 50.8 -10.0 21.0
v 51.0 -10.0 20.5
v 51.0 -10.0 21.3
v 51.0 -9.8 10.0
v 51.0 -9.6 11.0
v 51.0 -9.5 12.0
v 51.0 -9.5 13.0
v 51.0 -9.4 14.0
v 50.7 -9.0 15.0
v 51.0 -9.0 14.7
v 50.5 -9.0 16.0
v 50.7 -9.0 17.0
v 51.0 -9.0 17.3
v 51.0 -9.6 18.0
v 50.9 -9.0 20.0
v 51.0 -9.0 19.8
v 51.0 -9.2 20.0
v 50.9 -9.0 21.0
v 51.0 -9.0 21.1
v 51.0 -8.8 15.0
v 51.0 -8.6 16.0
v 51.0 -8.7 17.0
v 51.0 -8.9 20.0
v 51.0 -8.9 21.0
v 51.4 -26.0 18.0
v 52.0 -26.0 17.8
v 52.0 -26.3 18.0
v 52.0 -26.6 19.0
v 52.0 -26.6 20.0
v 52.0 -26.5 21.0
v 52.0 -26.5 22.0
v 52.0 -26.4 23.0
v 52.0 -26.0 23.5
v 52.0 -25.0 17.4
v 52.0 -25.5 24.0
v 52.0 -25.0 24.5
v 51.2 -24.0 16.0
v 52.0 -24.0 16.6
v 52.0 -24.4 17.0
v 52.0 -24.4 25.0
v 51.4 -24.0 26.0
v 52.0 -24.0 25.5
v 52.0 -23.2 16.0
v 51.5 -23.0 16.0
v 52.0 -23.0 15.9
v 52.0 -23.4 26.0
v 52.0 -23.0 26.4
v 51.2 -22.0 16.0
v 52.0 -22.0 15.5
v 52.0 -22.3 27.0
v 52.0 -22.0 27.2
v 52.0 -21.0 14.6
v 52.0 -21.4 15.0
v 52.0 -21.0 27.4
v 52.0 -20.0 13.6
v 52.0 -20.3 14.0
v 51.4 -20.0 28.0
v 52.0 -20.0 27.5
v 52.0 -19.0 11.8
v 52.0 -19.2 12.0
v 52.0 -19.6 13.0
v 51.3 -19.0 28.0
v 52.0 -19.0 27.3
v 51.1 -18.0 11.0
v 52.0 -18.0 11.5
v 51.7 -18.0 25.0
v 52.0 -18.2 25.0
v 52.0 -18.0 24.8
v 51.4 -18.0 26.0
v 52.0 -18.5 26.0
v 52.0 -18.8 27.0
v 52.0 -17.0 11.4
v 52.0 -17.0 24.3
v 52.0 -16.0 10.5
v 52.0 -16.5 11.0
v 52.0 -16.6 24.0
v 52.0 -16.0 23.5
v 52.0 -15.0 10.5
v 52.0 -15.0 23.3
v 52.0 -14.3 11.0
v 52.0 -14.0 11.2
v 52.0 -14.7 23.0
v 52.0 -14.0 22.5
v 51.4 -13.0 11.0
v 52.0 -13.0 11.4
v 52.0 -13.5 22.0
v 52.0 -13.0 21.6
v 51.6 -12.0 11.0
v 52.0 -12.0 11.3
v 51.1 -12.0 20.0
v 52.0 -12.0 21.6
v 52.0 -11.0 10.6
v 52.0 -11.6 11.0
v 51.1 -11.0 19.0
v 51.3 -11.0 20.0
v 52.0 -11.3 22.0
v 51.7 -11.0 22.0
v 52.0 -11.0 22.2
v 51.9 -10.0 10.0
v 52.0 -10.3 11.0
v 51.7 -10.0 11.0
v 52.0 -10.0 11.4
v 51.4 -10.0 19.0
v 51.3 -10.0 20.0
v 51.9 -10.0 22.0
v 52.0 -10.0 22.1
v 52.0 -9.7 12.0
v 52.0 -9.6 13.0
v 52.0 -9.5 14.0
v 52.0 -9.0 14.5
v 52.0 -9.5 18.0
v 52.0 -9.0 17.7
v 51.5 -9.0 19.0
v 52.0 -9.0 18.3
v 52.0 -9.9 22.0
v 52.0 -9.0 21.3
v 52.0 -8.6 15.0
v 52.0 -8.5 16.0
v 52.0 -8.6 17.0
v 51.7 -8.0 19.0
v 52.0 -8.0 18.5
v 51.7 -8.0 20.0
v 52.0 -8.0 20.3
v 52.0 -8.7 21.0
v 52.0 -7.7 19.0
v 52.0 -7.8 20.0
v 52.7 -27.0 19.0
v 53.0 -27.0 18.7
v 53.0 -27.2 19.0
v 53.0 -27.2 20.0
v 52.7 -27.0 20.0
v 53.0 -27.0 20.3
v 53.0 -26.0 17.7
v 53.0 -26.4 18.0
v 53.0 -26.6 21.0
v 53.0 -26.5 22.0
v 53.0 -26.4 23.0
v 53.0 -26.0 23.5
v 53.0 -25.0 17.7
v 53.0 -25.5 24.0
v 53.0 -25.0 24.4
v 52.4 -24.0 17.0
v 53.0 -24.1 18.0
v 53.0 -24.0 18.0
v 53.0 -24.0 18.0
v 52.5 -24.0 25.0
v 53.0 -24.0 24.7
v 52.2 -23.0 16.0
v 53.0 -23.0 16.5
v 53.0 -23.4 17.0
v 53.0 -24.0 18.0
v 53.0 -23.5 25.0
v 52.4 -23.0 26.0
v 53.0 -23.0 25.3
v 53.0 -22.0 15.7
v 53.0 -22.4 16.0
v 52.6 -22.0 26.0
v 53.0 -22.0 25.5
v 52.2 -22.0 27.0
v 52.7 -21.0 15.0
v 53.0 -21.0 15.2
v 52.7 -21.0 26.0
v 53.0 -21.0 25.6
v 52.4 -21.0 27.0
v 52.5 -20.0 14.0
v 53.0 -20.0 14.4
v 53.0 -20.7 15.0
v 53.0 -20.3 26.0
v 53.0 -20.0 26.2
v 52.4 -20.0 27.0
v 52.3 -19.0 12.0
v 53.0 -19.0 12.7
v 53.0 -19.3 13.0
v 53.0 -19.1 14.0
v 52.6 -19.0 26.0
v 53.0 -19.7 26.0
v 53.0 -19.0 25.4
v 52.2 -19.0 27.0
v 52.7 -18.0 12.0
v 53.0 -18.0 12.3
v 53.0 -18.7 25.0
v 53.0 -18.0 24.4
v 53.0 -17.0 11.5
v 53.0 -17.7 12.0
v 52.4 -17.0 24.0
v 53.0 -17.6 24.0
v 53.0 -17.0 23.5
v 52.7 -16.0 10.0
v 53.0 -16.0 9.8
v 53.0 -16.2 10.0
v 53.0 -16.6 11.0
v 52.6 -16.0 23.0
v 53.0 -16.4 23.0
v 53.0 -16.0 22.7
v 52.7 -15.0 10.0
v 53.0 -15.0 9.8
v 52.3 -15.0 23.0
v 53.0 -15.0 22.6
v 53.0 -14.7 10.0
v 52.4 -14.0 11.0
v 53.0 -14.0 10.6
v 53.0 -14.0 22.4
v 53.0 -13.6 11.0
v 53.0 -13.0 11.4
v 53.0 -13.5 22.0
v 53.0 -13.0 21.6
v 53.0 -12.0 11.4
v 53.0 -12.0 21.6
v 53.0 -11.0 10.7
v 53.0 -11.3 11.0
v 53.0 -11.2 22.0
v 53.0 -11.0 22.1
v 53.0 -10.7 11.0
v 52.4 -10.0 12.0
v 53.0 -10.4 12.0
v 52.5 -10.0 13.0
v 53.0 -10.4 13.0
v 52.7 -10.0 14.0
v 53.0 -10.2 14.0
v 53.0 -10.0 14.3
v 52.2 -10.0 22.0
v 53.0 -10.8 22.0
v 53.0 -10.0 21.6
v 53.0 -9.0 14.8
v 52.2 -9.0 18.0
v 52.5 -9.0 21.0
v 53.0 -9.3 21.0
v 53.0 -9.0 20.7
v 53.0 -8.8 15.0
v 53.0 -8.5 16.0
v 53.0 -8.1 17.0
v 52.4 -8.0 18.0
v 53.0 -8.0 17.2
v 53.0 -8.0 20.3
v 52.9 -7.0 17.0
v 53.0 -7.0 16.9
v 53.0 -7.3 17.0
v 52.0 -7.0 18.0
v 53.0 -7.4 19.0
v 53.0 -7.0 18.3
v 53.0 -7.8 20.0
v 53.0 -6.9 17.0
v 53.0 -6.8 18.0
v 54.0 -27.0 18.6
v 54.0 -27.3 19.0
v 54.0 -27.3 20.0
v 54.0 -27.0 20.4
v 54.0 -26.0 17.9
v 54.0 -26.2 18.0
v 54.0 -26.6 21.0
v 54.0 -26.4 22.0
v 54.0 -26.2 23.0
v 54.0 -26.0 23.3
v 54.0 -25.7 18.0
v 53.5 -25.0 18.0
v 54.0 -25.0 18.3
v 54.0 -25.3 24.0
v 54.0 -25.0 24.2
v 54.0 -24.0 18.2
v 54.0 -24.0 24.3
v 53.5 -23.0 17.0
v 54.0 -23.0 17.4
v 54.0 -23.7 18.0
v 53.8 -23.0 24.0
v 54.0 -23.4 24.0
v 54.0 -23.0 23.8
v 53.3 -23.0 25.0
v 53.5 -22.0 16.0
v 54.0 -22.0 16.3
v 54.0 -22.6 17.0
v 54.0 -22.7 24.0
v 54.0 -22.0 24.4
v 53.5 -22.0 25.0
v 53.6 -21.0 15.0
v 54.0 -21.0 14.9
v 54.0 -21.1 15.0
v 54.0 -21.7 16.0
v 53.5 -21.0 25.0
v 54.0 -21.0 24.4
v 54.0 -20.0 15.0
v 54.0 -20.0 15.0
v 54.0 -20.0 15.0
v 53.8 -20.0 24.0
v 54.0 -20.4 24.0
v 54.0 -20.0 23.8
v 53.5 -20.0 25.0
v 53.2 -20.0 26.0
v 54.0 -19.0 13.0
v 54.0 -19.0 13.0
v 53.2 -19.0 14.0
v 54.0 -19.0 13.0
v 54.0 -19.0 14.3
v 54.0 -20.0 15.0
v 53.6 -19.0 24.0
v 54.0 -19.0 23.6
v 53.3 -19.0 25.0
v 54.0 -18.0 12.5
v 54.0 -18.8 14.0
v 53.4 -18.0 24.0
v 54.0 -18.0 23.4
v 54.0 -17.0 11.4
v 54.0 -17.5 12.0
v 53.6 -17.0 23.0
v 54.0 -17.5 23.0
v 54.0 -17.0 22.7
v 54.0 -16.0 9.8
v 54.0 -16.3 10.0
v 54.0 -16.7 11.0
v 54.0 -16.0 22.5
v 54.0 -15.0 9.6
v 54.0 -15.0 22.5
v 54.0 -14.4 10.0
v 54.0 -14.0 10.4
v 54.0 -14.0 22.2
v 54.0 -13.5 11.0
v 54.0 -13.0 11.5
v 54.0 -13.7 22.0
v 54.0 -13.0 21.5
v 54.0 -12.0 11.5
v 54.0 -12.0 21.5
v 54.0 -11.0 10.7
v 54.0 -11.3 11.0
v 53.2 -11.0 22.0
v 54.0 -11.0 21.6
v 54.0 -10.6 11.0
v 54.0 -10.5 12.0
v 54.0 -10.5 13.0
v 54.0 -10.5 14.0
v 53.7 -10.0 15.0
v 54.0 -10.2 15.0
v 54.0 -10.0 15.2
v 54.0 -10.0 21.3
v 53.3 -9.0 15.0
v 54.0 -9.0 15.6
v 54.0 -9.7 21.0
v 54.0 -9.0 20.4
v 54.0 -8.5 16.0
v 53.2 -8.0 17.0
v 54.0 -8.0 16.4
v 53.4 -8.0 20.0
v 54.0 -8.5 20.0
v 54.0 -8.0 19.6
v 54.0 -7.0 16.0
v 54.0 -7.0 16.0
v 54.0 -7.0 16.0
v 54.0 -7.3 18.0
v 54.0 -7.0 17.5
v 53.4 -7.0 18.0
v 54.0 -7.6 19.0
v 54.0 -7.0 16.0
v 54.0 -6.7 17.0
v 55.0 -27.0 19.0
v 55.0 -27.0 19.0
v 54.4 -27.0 20.0
v 55.0 -27.0 19.1
v 54.2 -26.0 18.0
v 55.0 -26.0 18.5
v 55.0 -26.7 20.0
v 55.0 -26.3 21.0
v 54.6 -26.0 22.0
v 55.0 -26.0 21.5
v 54.2 -26.0 23.0
v 55.0 -25.0 18.3
v 55.0 -25.5 22.0
v 55.0 -25.0 22.4
v 54.6 -25.0 23.0
v 54.2 -25.0 24.0
v 54.4 -24.0 18.0
v 55.0 -24.0 17.7
v 55.0 -24.5 18.0
v 54.6 -24.0 23.0
v 55.0 -24.0 22.4
v 54.2 -24.0 24.0
v 55.0 -23.0 17.3
v 54.9 -23.0 22.0
v 55.0 -23.2 22.0
v 55.0 -23.0 21.9
v 54.5 -23.0 23.0
v 55.0 -22.0 16.4
v 55.0 -22.7 17.0
v 55.0 -22.8 22.0
v 55.0 -22.0 22.5
v 54.7 -22.0 23.0
v 54.3 -22.0 24.0
v 54.9 -21.0 15.0
v 55.0 -21.0 15.0
v 55.0 -21.6 16.0
v 55.0 -21.5 23.0
v 55.0 -21.0 23.4
v 54.4 -21.0 24.0
v 55.0 -20.0 15.5
v 55.0 -20.0 23.4
v 54.0 -19.0 13.0
v 54.6 -19.0 15.0
v 55.0 -19.0 15.3
v 55.0 -19.0 23.3
v 54.5 -18.0 13.0
v 54.7 -18.0 14.0
v 55.0 -18.0 14.4
v 55.0 -18.6 15.0
v 54.5 -18.0 23.0
v 55.0 -18.5 23.0
v 55.0 -18.0 22.7
v 54.8 -17.0 11.0
v 55.0 -17.0 10.9
v 55.0 -17.1 11.0
v 55.0 -17.4 12.0
v 55.0 -17.5 13.0
v 55.0 -17.7 14.0
v 55.0 -17.0 22.5
v 54.4 -16.0 10.0
v 55.0 -16.0 10.3
v 55.0 -16.0 22.5
v 55.0 -15.0 9.7
v 55.0 -15.5 10.0
v 55.0 -15.0 22.2
v 54.6 -14.0 10.0
v 55.0 -14.0 9.8
v 54.7 -14.0 21.0
v 55.0 -14.3 21.0
v 55.0 -14.0 20.7
v 54.3 -14.0 22.0
v 55.0 -14.7 22.0
v 55.0 -13.8 10.0
v 55.0 -13.5 11.0
v 54.7 -13.0 12.0
v 55.0 -13.2 12.0
v 55.0 -13.0 12.2
v 54.5 -13.0 21.0
v 55.0 -13.0 20.1
v 54.7 -12.0 12.0
v 55.0 -12.0 12.3
v 55.0 -12.5 21.0
v 55.0 -12.0 21.5
v 55.0 -11.0 10.8
v 55.0 -11.2 11.0
v 55.0 -11.5 12.0
v 55.0 -11.0 21.4
v 54.2 -10.0 10.0
v 55.0 -10.0 9.9
v 55.0 -10.2 10.0
v 54.6 -10.0 11.0
v 55.0 -10.0 11.4
v 55.0 -10.6 12.0
v 55.0 -10.5 13.0
v 55.0 -10.5 14.0
v 55.0 -10.4 15.0
v 55.0 -10.0 15.4
v 54.5 -10.0 21.0
v 55.0 -10.4 21.0
v 55.0 -10.0 20.6
v 55.0 -9.9 10.0
v 55.0 -9.8 11.0
v 55.0 -9.3 16.0
v 54.5 -9.0 16.0
v 55.0 -9.0 16.3
v 54.6 -9.0 20.0
v 55.0 -9.3 20.0
v 55.0 -9.0 19.7
v 55.0 -8.0 16.4
v 55.0 -8.0 19.3
v 55.0 -7.0 15.8
v 55.0 -7.3 16.0
v 55.0 -7.4 18.0
v 55.0 -7.0 17.5
v 55.0 -7.8 19.0
v 55.0 -6.8 16.0
v 55.0 -6.7 17.0
v 55.0 -27.0 19.0
v 55.6 -26.0 19.0
v 56.0 -26.1 20.0
v 56.0 -26.0 19.7
v 55.4 -26.0 21.0
v 56.0 -26.0 20.2
v 55.8 -25.0 18.0
v 56.0 -25.0 17.9
v 56.0 -25.1 18.0
v 56.0 -25.6 19.0
v 56.0 -25.5 21.0
v 55.4 -25.0 22.0
v 56.0 -25.0 21.4
v 56.0 -24.0 17.4
v 55.4 -24.0 22.0
v 56.0 -24.0 21.6
v 55.5 -23.0 17.0
v 56.0 -23.0 16.6
v 56.0 -23.4 17.0
v 56.0 -23.0 21.3
v 56.0 -22.0 16.1
v 55.9 -22.0 21.0
v 56.0 -22.2 21.0
v 56.0 -22.0 20.9
v 55.4 -22.0 22.0
v 55.6 -21.0 16.0
v 56.0 -21.0 16.3
v 56.0 -21.9 21.0
v 56.0 -21.4 22.0
v 55.4 -21.0 23.0
v 56.0 -21.0 22.4
v 55.7 -20.0 16.0
v 56.0 -20.0 16.3
v 55.6 -20.0 23.0
v 56.0 -20.0 22.7
v 56.0 -19.0 15.7
v 56.0 -19.5 16.0
v 55.6 -19.0 23.0
v 56.0 -19.0 22.8
v 55.6 -18.0 15.0
v 56.0 -18.0 15.4
v 56.0 -18.0 22.6
v 55.1 -17.0 11.0
v 55.5 -17.0 12.0
v 55.6 -17.0 13.0
v 56.0 -17.0 13.5
v 56.0 -17.3 14.0
v 56.0 -17.6 15.0
v 56.0 -17.0 22.5
v 56.0 -16.0 10.8
v 56.0 -16.3 11.0
v 56.0 -16.5 12.0
v 56.0 -16.6 13.0
v 56.0 -16.0 22.3
v 55.4 -15.0 10.0
v 56.0 -15.0 10.4
v 55.7 -15.0 21.0
v 56.0 -15.2 21.0
v 56.0 -15.0 20.8
v 55.3 -15.0 22.0
v 56.0 -15.7 22.0
v 56.0 -14.0 10.0
v 56.0 -14.0 10.0
v 56.0 -14.0 20.4
v 56.0 -14.0 10.0
v 56.0 -13.6 11.0
v 56.0 -13.4 12.0
v 56.0 -13.0 12.6
v 55.2 -13.0 20.0
v 56.0 -13.3 20.0
v 56.0 -13.0 19.8
v 56.0 -12.5 13.0
v 55.6 -12.0 13.0
v 55.8 -12.0 14.0
v 56.0 -12.2 14.0
v 55.8 -12.0 15.0
v 56.0 -12.3 15.0
v 56.0 -12.0 16.0
v 56.0 -12.0 16.0
v 56.0 -12.0 16.0
v 56.0 -12.8 20.0
v 56.0 -12.3 21.0
v 56.0 -12.0 21.7
v 55.3 -11.0 11.0
v 55.6 -11.0 12.0
v 56.0 -11.0 12.7
v 56.0 -11.2 13.0
v 56.0 -11.5 14.0
v 56.0 -11.5 15.0
v 56.0 -12.0 16.0
v 56.0 -11.0 21.3
v 56.0 -10.0 9.9
v 56.0 -10.2 10.0
v 56.0 -10.4 11.0
v 56.0 -10.3 12.0
v 55.8 -10.0 12.0
v 56.0 -10.0 12.1
v 56.0 -10.9 13.0
v 56.0 -10.8 14.0
v 56.0 -10.7 15.0
v 56.0 -10.0 15.6
v 56.0 -10.6 21.0
v 56.0 -10.0 20.5
v 56.0 -9.8 10.0
v 56.0 -9.7 11.0
v 56.0 -9.9 12.0
v 56.0 -9.5 16.0
v 56.0 -9.0 16.3
v 56.0 -9.5 20.0
v 56.0 -9.0 19.5
v 56.0 -8.0 16.3
v 55.4 -8.0 19.0
v 56.0 -8.4 19.0
v 56.0 -8.0 18.6
v 56.0 -7.0 15.1
v 56.0 -7.6 16.0
v 56.0 -7.5 18.0
v 56.0 -7.0 17.3
v 56.0 -6.7 16.0
v 56.0 -6.8 17.0
v 56.2 -26.0 20.0
v 56.1 -25.0 18.0
v 56.6 -25.0 19.0
v 57.0 -25.0 19.6
v 57.0 -25.2 20.0
v 56.5 -25.0 21.0
v 57.0 -25.0 20.3
v 57.0 -24.0 17.5
v 57.0 -24.5 18.0
v 57.0 -24.7 19.0
v 57.0 -24.4 21.0
v 57.0 -24.0 21.3
v 57.0 -23.0 16.6
v 57.0 -23.5 17.0
v 56.5 -23.0 21.0
v 57.0 -23.5 21.0
v 57.0 -23.0 20.6
v 57.0 -22.0 16.4
v 56.9 -22.0 20.0
v 57.0 -22.1 20.0
v 57.0 -22.0 19.9
v 57.0 -21.0 16.5
v 56.8 -21.0 20.0
v 57.0 -21.0 19.8
v 57.0 -21.4 21.0
v 57.0 -21.0 20.3
v 56.6 -21.0 22.0
v 57.0 -21.0 21.6
v 57.0 -20.0 16.6
v 56.9 -20.0 20.0
v 57.0 -20.0 19.8
v 57.0 -20.0 20.2
v 57.0 -20.4 22.0
v 57.0 -20.4 23.0
v 56.5 -20.0 23.0
v 57.0 -20.0 23.9
v 56.3 -19.0 16.0
v 57.0 -19.0 16.6
v 57.0 -19.6 20.0
v 56.3 -19.0 23.0
v 57.0 -19.3 24.0
v 57.0 -19.0 24.0
v 57.0 -19.0 24.0
v 56.5 -18.0 16.0
v 57.0 -18.1 17.0
v 56.9 -18.0 17.0
v 57.0 -18.0 17.1
v 56.6 -18.0 23.0
v 57.0 -18.0 23.3
v 57.0 -19.0 24.0
v 56.3 -17.0 14.0
v 56.7 -17.0 15.0
v 57.0 -17.0 15.5
v 57.0 -17.4 16.0
v 57.0 -17.9 17.0
v 57.0 -17.6 23.0
v 57.0 -17.0 22.5
v 56.2 -16.0 11.0
v 56.5 -16.0 12.0
v 56.7 -16.0 13.0
v 57.0 -16.0 13.4
v 57.0 -16.4 14.0
v 57.0 -16.7 15.0
v 56.4 -16.0 22.0
v 57.0 -16.4 22.0
v 57.0 -16.0 21.6
v 56.5 -15.0 11.0
v 57.0 -15.0 11.6
v 57.0 -15.4 12.0
v 57.0 -15.7 13.0
v 57.0 -15.5 21.0
v 57.0 -15.0 20.6
v 56.0 -14.0 10.0
v 56.4 -14.0 11.0
v 57.0 -14.0 11.6
v 57.0 -14.0 20.3
v 57.0 -13.6 12.0
v 56.5 -13.0 13.0
v 57.0 -13.3 13.0
v 57.0 -13.0 13.7
v 56.6 -13.0 15.0
v 57.0 -13.3 15.0
v 57.0 -13.0 14.3
v 56.6 -13.0 16.0
v 57.0 -13.3 16.0
v 57.0 -13.0 17.0
v 57.0 -13.0 17.0
v 57.0 -13.0 17.0
v 57.0 -13.4 20.0
v 57.0 -13.0 19.8
v 57.0 -12.8 14.0
v 57.0 -13.0 17.0
v 57.0 -12.0 16.6
v 57.0 -12.6 20.0
v 56.4 -12.0 21.0
v 57.0 -12.0 20.5
v 56.1 -11.0 13.0
v 56.2 -11.0 14.0
v 56.2 -11.0 15.0
v 56.5 -11.0 16.0
v 57.0 -11.0 16.4
v 56.4 -11.0 21.0
v 57.0 -11.0 20.5
v 57.0 -10.0 9.7
v 57.0 -10.2 10.0
v 57.0 -10.4 11.0
v 57.0 -10.7 12.0
v 57.0 -10.0 12.3
v 56.5 -10.0 16.0
v 57.0 -10.0 16.3
v 57.0 -10.0 20.3
v 57.0 -9.7 10.0
v 57.0 -9.7 11.0
v 57.0 -9.7 12.0
v 57.0 -9.3 16.0
v 56.7 -9.0 16.0
v 57.0 -9.0 15.8
v 57.0 -9.7 20.0
v 57.0 -9.0 19.5
v 56.4 -8.0 16.0
v 57.0 -8.0 15.6
v 57.0 -8.5 19.0
v 57.0 -8.0 18.4
v 57.0 -7.0 15.2
v 57.0 -7.0 16.4
v 56.4 -7.0 17.0
v 57.0 -7.4 17.0
v 57.0 -7.7 18.0
v 57.0 -6.8 16.0
v 57.3 -25.0 20.0
v 58.0 -24.0 17.7
v 58.0 -24.2 18.0
v 58.0 -24.4 19.0
v 58.0 -24.5 20.0
v 58.0 -24.2 21.0
v 58.0 -24.0 21.3
v 58.0 -23.0 16.8
v 58.0 -23.3 17.0
v 58.0 -23.4 21.0
v 58.0 -23.0 20.5
v 58.0 -22.0 16.7
v 57.1 -22.0 20.0
v 58.0 -22.7 21.0
v 57.5 -22.0 21.0
v 58.0 -22.5 22.0
v 57.6 -22.0 22.0
v 58.0 -22.2 23.0
v 57.8 -22.0 23.0
v 58.0 -22.0 23.2
v 58.0 -21.0 16.8
v 57.7 -21.0 19.0
v 58.0 -21.2 19.0
v 58.0 -21.0 18.7
v 58.0 -21.3 20.0
v 58.0 -21.0 20.2
v 57.2 -21.0 22.0
v 57.5 -21.0 23.0
v 58.0 -21.0 23.4
v 58.0 -20.6 17.0
v 57.6 -20.0 17.0
v 58.0 -20.0 17.5
v 57.6 -20.0 19.0
v 58.0 -20.0 18.5
v 58.0 -20.0 20.2
v 58.0 -20.0 23.7
v 57.4 -19.0 17.0
v 58.0 -19.0 17.5
v 58.0 -19.3 19.0
v 58.0 -19.7 20.0
v 57.0 -19.0 24.0
v 58.0 -19.0 23.6
v 58.0 -18.0 17.4
v 58.0 -18.0 23.4
v 57.4 -17.0 16.0
v 58.0 -17.0 17.0
v 58.0 -17.0 17.0
v 58.0 -17.5 23.0
v 58.0 -17.0 22.5
v 57.7 -16.0 14.0
v 58.0 -16.0 14.2
v 58.0 -16.4 15.0
v 58.0 -16.6 16.0
v 58.0 -17.0 17.0
v 58.0 -16.5 22.0
v 58.0 -16.0 21.5
v 57.5 -15.0 12.0
v 58.0 -15.0 12.4
v 58.0 -15.4 13.0
v 58.0 -15.8 14.0
v 58.0 -15.5 21.0
v 58.0 -15.0 20.5
v 58.0 -14.0 11.8
v 58.0 -14.4 12.0
v 57.7 -14.0 20.0
v 58.0 -14.2 20.0
v 58.0 -14.0 19.9
v 58.0 -13.7 12.0
v 58.0 -13.5 13.0
v 57.2 -13.0 14.0
v 58.0 -13.4 14.0
v 58.0 -13.5 15.0
v 58.0 -13.5 16.0
v 58.0 -13.3 17.0
v 58.0 -13.0 17.4
v 58.0 -13.0 19.7
v 57.5 -12.0 17.0
v 58.0 -12.0 17.3
v 58.0 -12.4 20.0
v 58.0 -12.0 20.2
v 58.0 -11.0 16.6
v 58.0 -11.6 17.0
v 57.6 -11.0 20.0
v 58.0 -11.7 20.0
v 58.0 -11.0 19.7
v 58.0 -10.0 9.2
v 58.0 -10.2 10.0
v 58.0 -10.3 11.0
v 58.0 -10.0 12.0
v 58.0 -10.0 12.0
v 58.0 -10.0 16.5
v 57.4 -10.0 20.0
v 58.0 -10.0 19.6
v 58.0 -9.8 10.0
v 58.0 -9.7 11.0
v 57.3 -9.0 16.0
v 58.0 -9.0 16.3
v 58.0 -9.0 19.4
v 58.0 -8.0 15.8
v 58.0 -8.4 16.0
v 57.5 -8.0 18.0
v 58.0 -8.3 18.0
v 58.0 -8.0 17.5
v 58.0 -8.6 19.0
v 58.0 -7.7 16.0
v 57.3 -7.0 16.0
v 58.0 -7.7 17.0
v 58.2 -24.0 18.0
v 58.5 -24.0 19.0
v 59.0 -24.0 19.6
v 59.0 -24.2 20.0
v 59.0 -24.3 21.0
v 59.0 -24.1 22.0
v 58.9 -24.0 22.0
v 59.0 -24.0 22.1
v 58.2 -23.0 17.0
v 58.6 -23.0 18.0
v 59.0 -23.0 18.6
v 59.0 -23.4 19.0
v 58.2 -23.0 21.0
v 58.5 -23.0 22.0
v 59.0 -23.0 22.6
v 58.3 -22.0 17.0
v 58.6 -22.0 18.0
v 59.0 -22.0 18.6
v 59.0 -22.6 23.0
v 59.0 -22.0 23.5
v 58.2 -21.0 17.0
v 58.4 -21.0 18.0
v 59.0 -21.5 19.0
v 58.3 -21.0 20.0
v 59.0 -21.0 19.3
v 59.0 -21.0 23.7
v 58.4 -20.0 18.0
v 58.3 -20.0 20.0
v 59.0 -20.0 19.3
v 59.0 -20.4 24.0
v 58.6 -20.0 24.0
v 59.0 -20.0 24.2
v 59.0 -19.0 17.5
v 59.0 -19.5 18.0
v 59.0 -19.7 19.0
v 59.0 -19.6 24.0
v 59.0 -19.0 23.7
v 58.6 -18.0 17.0
v 59.0 -18.0 16.7
v 59.0 -18.3 17.0
v 59.0 -18.0 23.4
v 58.0 -17.0 17.0
v 59.0 -17.0 16.3
v 59.0 -17.5 23.0
v 59.0 -17.0 22.5
v 58.3 -16.0 14.0
v 59.0 -16.0 13.7
v 59.0 -16.3 14.0
v 59.0 -16.5 15.0
v 59.0 -16.7 16.0
v 59.0 -16.5 22.0
v 59.0 -16.0 21.5
v 59.0 -15.0 12.6
v 59.0 -15.4 13.0
v 59.0 -15.3 21.0
v 59.0 -15.0 20.7
v 59.0 -14.0 11.8
v 59.0 -14.3 12.0
v 58.2 -14.0 20.0
v 59.0 -14.0 20.5
v 59.0 -13.0 12.0
v 59.0 -13.0 12.0
v 59.0 -13.0 12.0
v 59.0 -13.4 13.0
v 59.0 -13.5 14.0
v 59.0 -13.5 15.0
v 59.0 -13.5 16.0
v 59.0 -13.4 17.0
v 59.0 -13.0 17.8
v 58.5 -13.0 20.0
v 59.0 -13.0 20.3
v 59.0 -13.0 12.0
v 59.0 -12.0 17.5
v 58.3 -12.0 20.0
v 59.0 -12.0 19.7
v 59.0 -12.5 20.0
v 59.0 -11.0 16.6
v 59.0 -11.5 17.0
v 59.0 -11.0 19.5
v 58.2 -10.0 10.0
v 58.6 -10.0 11.0
v 59.0 -10.0 16.5
v 59.0 -10.0 19.5
v 59.0 -9.0 16.4
v 59.0 -9.0 19.2
v 59.0 -8.0 16.0
v 59.0 -8.0 16.0
v 59.0 -8.4 17.0
v 58.4 -8.0 17.0
v 59.0 -8.0 16.0
v 59.0 -8.6 18.0
v 59.0 -8.8 19.0
v 59.0 -8.0 16.0
v 59.3 -24.0 20.0
v 59.4 -24.0 21.0
v 59.1 -24.0 22.0
v 59.3 -23.0 19.0
v 60.0 -23.0 19.6
v 60.0 -23.4 20.0
v 60.0 -23.6 21.0
v 60.0 -23.7 22.0
v 60.0 -23.8 23.0
v 59.4 -23.0 23.0
v 60.0 -23.0 23.5
v 59.5 -22.0 19.0
v 60.0 -22.0 19.3
v 60.0 -22.3 24.0
v 59.7 -22.0 24.0
v 60.0 -22.0 24.3
v 60.0 -21.0 18.7
v 59.5 -21.0 19.0
v 60.0 -21.5 19.0
v 59.3 -21.0 24.0
v 60.0 -21.0 24.6
v 59.3 -20.0 19.0
v 60.0 -20.0 18.5
v 60.0 -20.4 25.0
v 59.7 -20.0 25.0
v 60.0 -20.0 25.2
v 60.0 -19.0 17.5
v 60.0 -19.5 18.0
v 59.4 -19.0 24.0
v 60.0 -19.0 25.0
v 60.0 -19.0 25.0
v 60.0 -18.0 16.5
v 60.0 -18.5 17.0
v 60.0 -18.5 24.0
v 60.0 -18.0 23.5
v 60.0 -19.0 25.0
v 59.4 -17.0 16.0
v 60.0 -17.0 15.6
v 60.0 -17.4 16.0
v 60.0 -17.5 23.0
v 60.0 -17.0 22.5
v 60.0 -16.0 13.7
v 60.0 -16.2 14.0
v 60.0 -16.6 15.0
v 60.0 -16.5 22.0
v 60.0 -16.0 21.6
v 59.5 -15.0 13.0
v 60.0 -15.0 13.3
v 59.4 -15.0 21.0
v 60.0 -15.0 21.4
v 59.4 -14.0 12.0
v 60.0 -14.0 12.4
v 60.0 -14.6 13.0
v 59.7 -14.0 21.0
v 60.0 -14.0 21.2
v 60.0 -13.0 11.8
v 60.0 -13.3 12.0
v 59.6 -13.0 13.0
v 60.0 -13.0 13.3
v 60.0 -13.4 14.0
v 60.0 -13.5 15.0
v 60.0 -13.5 16.0
v 60.0 -13.4 17.0
v 60.0 -13.0 17.4
v 60.0 -13.7 21.0
v 60.0 -13.0 20.5
v 60.0 -12.8 12.0
v 60.0 -12.8 13.0
v 60.0 -12.0 17.3
v 60.0 -12.5 20.0
v 60.0 -12.0 19.5
v 60.0 -11.0 16.6
v 60.0 -11.6 17.0
v 60.0 -11.0 19.4
v 60.0 -10.0 16.4
v 60.0 -10.0 19.2
v 59.6 -9.0 16.0
v 60.0 -9.0 15.7
v 60.0 -9.4 16.0
v 59.6 -9.0 18.0
v 60.0 -9.4 18.0
v 60.0 -9.0 17.5
v 59.3 -9.0 19.0
v 60.0 -9.7 19.0
v 60.0 -8.0 15.8
v 60.0 -8.0 16.2
v 60.0 -8.7 17.0
v 60.0 -7.8 16.0
v 60.5 -23.0 20.0
v 61.0 -23.0 20.4
v 61.0 -23.4 21.0
v 61.0 -23.5 22.0
v 61.0 -23.5 23.0
v 61.0 -23.0 23.6
v 61.0 -22.0 19.5
v 61.0 -22.6 20.0
v 61.0 -22.6 24.0
v 61.0 -22.0 24.5
v 61.0 -21.0 18.6
v 61.0 -21.5 19.0
v 61.0 -21.4 25.0
v 60.6 -21.0 25.0
v 61.0 -21.0 25.3
v 61.0 -20.0 18.4
v 61.0 -20.0 25.5
v 61.0 -19.0 17.6
v 61.0 -19.4 18.0
v 60.0 -19.0 25.0
v 61.0 -19.4 25.0
v 61.0 -19.0 24.6
v 61.0 -18.0 16.6
v 61.0 -18.4 17.0
v 61.0 -18.5 24.0
v 61.0 -18.0 23.4
v 61.0 -17.0 15.5
v 61.0 -17.5 16.0
v 61.0 -17.6 23.0
v 61.0 -17.0 22.5
v 60.6 -16.0 14.0
v 61.0 -16.0 14.3
v 61.0 -16.5 15.0
v 61.0 -16.5 22.0
v 61.0 -16.0 21.5
v 61.0 -15.0 13.4
v 61.0 -15.8 14.0
v 61.0 -15.0 21.4
v 61.0 -14.0 12.5
v 61.0 -14.6 13.0
v 60.9 -14.0 17.0
v 61.0 -14.1 17.0
v 61.0 -14.0 16.9
v 61.0 -14.0 17.1
v 61.0 -14.0 21.2
v 61.0 -13.0 12.0
v 61.0 -13.0 12.0
v 61.0 -13.4 14.0
v 61.0 -13.0 13.4
v 61.0 -13.5 15.0
v 61.0 -13.7 16.0
v 61.0 -13.0 17.4
v 61.0 -13.7 21.0
v 61.0 -13.0 20.4
v 61.0 -13.0 12.0
v 61.0 -12.7 13.0
v 60.8 -12.0 17.0
v 61.0 -12.0 16.9
v 61.0 -12.2 17.0
v 60.7 -12.0 19.0
v 61.0 -12.2 19.0
v 61.0 -12.0 18.7
v 61.0 -12.6 20.0
v 61.0 -11.0 16.6
v 60.5 -11.0 19.0
v 61.0 -11.0 18.4
v 60.6 -10.0 16.0
v 61.0 -10.0 15.7
v 61.0 -10.3 16.0
v 60.6 -10.0 18.0
v 61.0 -10.5 18.0
v 61.0 -10.0 17.6
v 60.2 -10.0 19.0
v 61.0 -9.0 15.5
v 61.0 -9.4 17.0
v 61.0 -9.0 16.6
v 60.5 -9.0 17.0
v 61.0 -8.0 15.0
v 61.0 -8.0 15.0
v 61.0 -8.0 15.0
v 61.0 -8.0 16.2
v 61.0 -8.0 15.0
v 61.0 -7.8 16.0
v 62.0 -23.0 20.5
v 62.0 -23.4 21.0
v 62.0 -23.5 22.0
v 62.0 -23.5 23.0
v 62.0 -23.2 24.0
v 61.6 -23.0 24.0
v 62.0 -23.0 24.2
v 62.0 -22.0 19.5
v 62.0 -22.5 20.0
v 62.0 -22.0 24.6
v 62.0 -21.0 18.8
v 62.0 -21.3 19.0
v 62.0 -21.5 25.0
v 62.0 -21.0 25.6
v 62.0 -20.0 18.6
v 62.0 -20.1 26.0
v 61.9 -20.0 26.0
v 62.0 -20.0 26.1
v 61.5 -19.0 18.0
v 62.0 -19.0 18.4
v 62.0 -19.4 25.0
v 62.0 -19.0 24.4
v 62.0 -19.9 26.0
v 61.5 -18.0 17.0
v 62.0 -18.0 17.3
v 62.0 -18.6 18.0
v 61.5 -18.0 23.0
v 62.0 -18.4 23.0
v 62.0 -18.0 22.6
v 62.0 -18.7 24.0
v 62.0 -17.0 15.5
v 62.0 -17.4 16.0
v 62.0 -17.7 17.0
v 61.9 -17.0 21.0
v 62.0 -17.1 21.0
v 62.0 -17.0 20.8
v 62.0 -17.0 21.8
v 62.0 -17.0 22.0
v 61.6 -16.0 14.0
v 62.0 -16.0 13.8
v 62.0 -16.1 14.0
v 62.0 -16.6 15.0
v 61.9 -16.0 20.0
v 62.0 -16.2 20.0
v 62.0 -16.0 19.9
v 61.4 -16.0 21.0
v 62.0 -17.0 22.0
v 61.7 -15.0 13.0
v 62.0 -15.0 12.9
v 62.0 -15.2 13.0
v 62.0 -15.8 20.0
v 62.0 -15.0 20.4
v 61.4 -15.0 21.0
v 62.0 -14.0 12.5
v 61.5 -14.0 16.0
v 62.0 -14.3 16.0
v 62.0 -14.0 15.5
v 62.0 -14.3 17.0
v 62.0 -14.0 17.3
v 61.3 -14.0 21.0
v 62.0 -14.0 20.5
v 61.0 -13.0 12.0
v 62.0 -13.0 12.7
v 62.0 -13.4 14.0
v 62.0 -13.0 13.3
v 62.0 -13.7 15.0
v 62.0 -13.0 17.5
v 62.0 -13.0 20.2
v 62.0 -12.8 13.0
v 61.2 -12.0 17.0
v 62.0 -12.0 17.7
v 62.0 -12.4 19.0
v 62.0 -12.0 18.4
v 62.0 -12.8 20.0
v 61.5 -11.0 17.0
v 62.0 -11.7 18.0
v 61.4 -11.0 18.0
v 62.0 -10.0 15.6
v 62.0 -10.4 16.0
v 62.0 -10.3 17.0
v 62.0 -10.0 17.2
v 61.6 -9.0 15.0
v 62.0 -9.0 14.7
v 62.0 -9.3 15.0
v 62.0 -9.7 17.0
v 62.0 -9.0 16.5
v 62.0 -8.0 14.7
v 62.0 -8.5 16.0
v 62.0 -8.0 15.3
v 61.3 -8.0 16.0
v 62.0 -7.8 15.0
v 63.0 -23.0 20.7
v 63.0 -23.2 21.0
v 63.0 -23.4 22.0
v 63.0 -23.4 23.0
v 63.0 -23.3 24.0
v 63.0 -23.0 24.3
v 63.0 -22.0 19.7
v 63.0 -22.3 20.0
v 63.0 -22.0 24.7
v 62.3 -21.0 19.0
v 63.0 -21.0 19.4
v 63.0 -21.7 25.0
v 63.0 -21.3 26.0
v 62.6 -21.0 26.0
v 63.0 -21.0 26.4
v 63.0 -21.0 28.0
v 63.0 -21.0 27.9
v 63.0 -21.0 28.0
v 63.0 -21.1 29.0
v 62.8 -21.0 29.0
v 63.0 -21.0 29.1
v 62.5 -20.0 19.0
v 63.0 -20.0 19.4
v 63.0 -20.0 23.0
v 63.0 -20.0 23.0
v 63.0 -20.0 23.0
v 62.8 -20.0 24.0
v 63.0 -20.2 24.0
v 63.0 -20.0 24.3
v 63.0 -20.0 26.4
v 63.0 -21.0 28.0
v 63.0 -20.9 29.0
v 62.7 -19.0 19.0
v 63.0 -19.0 19.2
v 62.5 -19.0 23.0
v 63.0 -19.0 22.6
v 62.3 -19.0 24.0
v 63.0 -19.2 25.0
v 63.0 -19.6 26.0
v 63.0 -18.0 17.5
v 63.0 -18.4 18.0
v 63.0 -18.8 19.0
v 62.6 -18.0 22.0
v 63.0 -18.4 22.0
v 63.0 -18.0 21.6
v 63.0 -17.0 15.4
v 63.0 -17.4 16.0
v 63.0 -17.6 17.0
v 62.7 -17.0 20.0
v 63.0 -17.2 20.0
v 63.0 -17.0 19.8
v 63.0 -17.6 21.0
v 62.0 -17.0 22.0
v 62.4 -16.0 14.0
v 63.0 -16.0 14.2
v 63.0 -16.6 15.0
v 63.0 -16.0 19.5
v 62.2 -15.0 13.0
v 63.0 -15.0 13.4
v 63.0 -15.7 14.0
v 62.4 -15.0 20.0
v 63.0 -15.0 19.5
v 63.0 -14.0 12.8
v 63.0 -14.4 13.0
v 62.5 -14.0 15.0
v 63.0 -14.3 15.0
v 63.0 -14.0 14.5
v 63.0 -14.5 16.0
v 63.0 -14.4 17.0
v 63.0 -14.0 17.4
v 62.5 -14.0 20.0
v 63.0 -14.0 19.6
v 63.0 -13.0 12.9
v 63.0 -13.6 14.0
v 63.0 -13.0 13.2
v 63.0 -13.0 17.5
v 62.3 -13.0 20.0
v 63.0 -13.0 19.5
v 63.0 -12.9 13.0
v 63.0 -12.0 17.7
v 63.0 -12.4 19.0
v 63.0 -12.0 18.4
v 63.0 -11.7 18.0
v 63.0 -10.0 15.6
v 63.0 -10.3 16.0
v 63.0 -10.2 17.0
v 63.0 -10.0 17.2
v 63.0 -9.0 14.7
v 63.0 -9.3 15.0
v 63.0 -9.8 17.0
v 63.0 -9.0 16.4
v 62.8 -8.0 14.0
v 63.0 -8.0 13.6
v 63.0 -8.2 14.0
v 63.0 -8.6 16.0
v 63.0 -8.0 15.4
v 63.0 -7.8 14.0
v 63.0 -7.7 15.0
v 63.3 -23.0 21.0
v 63.5 -23.0 22.0
v 63.6 -23.0 23.0
v 64.0 -23.0 23.7
v 64.0 -23.1 24.0
v 64.0 -23.0 24.2
v 63.5 -22.0 20.0
v 64.0 -22.0 20.4
v 64.0 -22.5 21.0
v 64.0 -22.6 22.0
v 64.0 -22.7 23.0
v 64.0 -22.5 25.0
v 63.4 -22.0 25.0
v 64.0 -22.0 25.6
v 64.0 -21.0 19.6
v 64.0 -21.6 20.0
v 64.0 -21.7 26.0
v 64.0 -21.3 27.0
v 63.6 -21.0 27.0
v 64.0 -21.5 28.0
v 64.0 -21.0 29.0
v 64.0 -21.0 29.0
v 64.0 -20.0 19.5
v 63.0 -20.0 23.0
v 64.0 -20.0 23.5
v 64.0 -20.4 24.0
v 63.8 -20.0 25.0
v 64.0 -20.1 25.0
v 64.0 -20.0 25.3
v 64.0 -20.3 27.0
v 64.0 -20.0 26.7
v 63.9 -20.0 28.0
v 64.0 -20.0 27.6
v 64.0 -20.0 28.1
v 64.0 -21.0 29.0
v 64.0 -19.0 19.2
v 64.0 -19.6 23.0
v 64.0 -19.0 22.5
v 64.0 -19.7 26.0
v 64.0 -19.9 28.0
v 64.0 -18.0 17.6
v 64.0 -18.3 18.0
v 64.0 -18.7 19.0
v 64.0 -18.4 22.0
v 64.0 -18.0 21.6
v 63.7 -17.0 15.0
v 64.0 -17.0 14.8
v 64.0 -17.1 15.0
v 64.0 -17.4 16.0
v 64.0 -17.6 17.0
v 64.0 -17.2 20.0
v 64.0 -17.0 19.8
v 64.0 -17.5 21.0
v 63.4 -16.0 14.0
v 64.0 -16.0 13.8
v 64.0 -16.3 14.0
v 64.0 -16.0 19.5
v 64.0 -15.0 13.7
v 64.0 -15.0 19.6
v 63.3 -14.0 13.0
v 64.0 -14.7 14.0
v 63.4 -14.0 14.0
v 64.0 -14.6 15.0
v 64.0 -14.6 16.0
v 64.0 -14.5 17.0
v 64.0 -14.0 17.4
v 64.0 -14.0 19.5
v 63.3 -13.0 13.0
v 64.0 -13.0 17.5
v 64.0 -13.0 19.5
v 64.0 -12.0 17.6
v 63.5 -12.0 19.0
v 64.0 -12.0 19.3
v 63.9 -11.0 18.0
v 64.0 -11.0 17.9
v 64.0 -11.0 18.1
v 64.0 -11.7 19.0
v 64.0 -10.0 15.9
v 64.0 -10.1 16.0
v 64.0 -10.0 17.0
v 64.0 -10.9 18.0
v 64.0 -10.0 17.0
v 63.4 -9.0 15.0
v 64.0 -9.0 15.9
v 64.0 -10.0 17.0
v 64.0 -9.0 16.1
v 63.8 -8.0 14.0
v 64.0 -8.0 15.0
v 64.0 -8.9 16.0
v 64.3 -23.0 24.0
v 65.0 -22.0 20.5
v 65.0 -22.4 21.0
v 65.0 -22.5 22.0
v 65.0 -22.5 23.0
v 65.0 -22.6 24.0
v 65.0 -22.9 25.0
v 65.0 -22.3 26.0
v 64.5 -22.0 26.0
v 65.0 -22.0 26.4
v 65.0 -21.0 19.6
v 65.0 -21.5 20.0
v 65.0 -21.6 27.0
v 65.0 -21.8 28.0
v 64.0 -21.0 29.0
v 65.0 -21.0 28.5
v 65.0 -20.0 19.4
v 65.0 -20.4 24.0
v 65.0 -20.0 23.4
v 64.7 -20.0 25.0
v 65.0 -20.0 24.9
v 64.4 -20.0 27.0
v 65.0 -20.0 28.4
v 64.6 -19.0 19.0
v 65.0 -19.0 18.8
v 65.0 -19.2 19.0
v 65.0 -19.7 23.0
v 65.0 -19.0 22.5
v 65.0 -19.9 25.0
v 65.0 -19.7 26.0
v 65.0 -19.7 27.0
v 65.0 -19.7 28.0
v 64.7 -18.0 18.0
v 65.0 -18.0 18.1
v 64.6 -18.0 22.0
v 65.0 -18.0 22.2
v 64.2 -17.0 15.0
v 65.0 -17.0 15.8
v 65.0 -17.1 16.0
v 65.0 -17.4 17.0
v 65.0 -17.8 18.0
v 64.3 -17.0 20.0
v 64.7 -17.0 21.0
v 65.0 -17.0 21.3
v 65.0 -17.7 22.0
v 65.0 -16.0 14.0
v 65.0 -16.0 14.0
v 65.0 -16.2 15.0
v 65.0 -16.0 15.2
v 64.7 -16.0 16.0
v 65.0 -16.8 16.0
v 64.7 -16.0 17.0
v 65.0 -16.5 17.0
v 65.0 -16.0 18.0
v 65.0 -16.0 18.0
v 65.0 -16.0 18.0
v 65.0 -16.3 20.0
v 65.0 -16.0 19.7
v 65.0 -16.7 21.0
v 65.0 -16.0 14.0
v 64.4 -15.0 14.0
v 64.4 -15.0 15.0
v 65.0 -15.9 15.0
v 64.4 -15.0 16.0
v 64.5 -15.0 17.0
v 65.0 -15.0 17.6
v 65.0 -16.0 18.0
v 65.0 -15.3 20.0
v 64.8 -15.0 20.0
v 65.0 -15.0 20.1
v 65.0 -14.0 17.5
v 65.0 -14.8 20.0
v 65.0 -14.0 19.7
v 65.0 -13.0 17.5
v 65.0 -13.0 19.5
v 65.0 -12.0 17.6
v 65.0 -12.0 19.3
v 65.0 -11.0 18.0
v 65.0 -11.7 19.0
v 65.0 -11.0 18.0
v 64.1 -10.0 16.0
v 64.0 -10.0 17.0
v 65.0 -11.0 18.0
v 64.1 -9.0 16.0
v 66.0 -22.0 20.7
v 66.0 -22.3 21.0
v 66.0 -22.4 22.0
v 66.0 -22.4 23.0
v 66.0 -22.4 24.0
v 66.0 -22.3 25.0
v 65.9 -22.0 26.0
v 66.0 -22.0 25.9
v 66.0 -21.0 19.6
v 66.0 -21.4 20.0
v 65.7 -21.0 23.0
v 66.0 -21.4 23.0
v 66.0 -21.0 22.6
v 65.5 -21.0 24.0
v 66.0 -21.6 24.0
v 65.6 -21.0 25.0
v 66.0 -21.7 25.0
v 65.6 -21.0 26.0
v 65.5 -21.0 27.0
v 66.0 -21.0 27.9
v 66.0 -21.1 28.0
v 66.0 -21.0 28.1
v 66.0 -20.0 19.5
v 65.7 -20.0 22.0
v 66.0 -20.4 22.0
v 66.0 -20.0 21.8
v 65.3 -20.0 23.0
v 65.1 -20.0 25.0
v 65.3 -20.0 26.0
v 65.3 -20.0 27.0
v 66.0 -20.0 27.8
v 66.0 -20.0 28.4
v 65.4 -19.0 19.0
v 66.0 -19.0 19.2
v 65.6 -19.0 22.0
v 66.0 -19.0 21.7
v 66.0 -19.9 28.0
v 65.3 -18.0 18.0
v 66.0 -18.0 17.6
v 66.0 -18.3 18.0
v 66.0 -18.7 19.0
v 66.0 -18.2 22.0
v 66.0 -18.0 22.1
v 65.1 -17.0 16.0
v 66.0 -17.0 16.8
v 66.0 -17.3 17.0
v 66.0 -17.9 22.0
v 66.0 -17.0 21.3
v 65.0 -16.0 14.0
v 65.1 -16.0 15.0
v 66.0 -16.8 17.0
v 66.0 -16.4 18.0
v 66.0 -16.0 18.5
v 66.0 -16.3 20.0
v 66.0 -16.0 19.6
v 66.0 -16.7 21.0
v 65.5 -15.0 18.0
v 66.0 -15.0 18.4
v 66.0 -15.5 20.0
v 66.0 -15.0 20.2
v 66.0 -14.0 17.7
v 66.0 -14.5 18.0
v 65.6 -14.0 20.0
v 66.0 -14.0 20.2
v 66.0 -13.0 17.7
v 66.0 -13.7 20.0
v 66.0 -13.0 19.4
v 66.0 -12.0 18.0
v 65.4 -12.0 19.0
v 66.0 -12.6 19.0
v 66.0 -12.0 18.1
v 66.0 -11.9 18.0
v 65.0 -11.0 18.0
v 66.4 -22.0 21.0
v 67.0 -22.0 21.9
v 67.0 -22.0 22.0
v 67.0 -22.1 23.0
v 66.9 -22.0 24.0
v 67.0 -22.0 23.7
v 66.3 -22.0 25.0
v 67.0 -21.0 19.8
v 67.0 -21.2 20.0
v 67.0 -21.4 21.0
v 67.0 -21.0 21.5
v 66.5 -21.0 22.0
v 67.0 -21.9 22.0
v 67.0 -21.9 23.0
v 66.0 -21.0 28.0
v 67.0 -20.0 19.6
v 67.0 -20.0 21.5
v 66.1 -20.0 28.0
v 67.0 -19.0 19.4
v 67.0 -19.0 21.5
v 67.0 -18.0 17.5
v 67.0 -18.4 18.0
v 67.0 -18.6 19.0
v 66.1 -18.0 22.0
v 67.0 -18.0 21.5
v 67.0 -17.0 16.8
v 67.0 -17.3 17.0
v 66.4 -17.0 21.0
v 67.0 -17.4 21.0
v 67.0 -17.0 20.4
v 67.0 -16.8 17.0
v 67.0 -16.5 18.0
v 66.5 -16.0 19.0
v 67.0 -16.4 19.0
v 67.0 -16.7 20.0
v 67.0 -15.0 18.9
v 67.0 -15.2 19.0
v 66.4 -15.0 20.0
v 67.0 -15.0 19.2
v 66.3 -14.0 18.0
v 67.0 -14.0 18.6
v 67.0 -14.4 20.0
v 67.0 -14.0 20.3
v 66.3 -13.0 18.0
v 67.0 -13.6 19.0
v 66.4 -13.0 19.0
v 67.0 -13.7 20.0
v 66.0 -12.0 18.0
v 67.0 -22.0 22.0
v 67.1 -22.0 23.0
v 67.2 -21.0 20.0
v 67.3 -21.0 21.0
v 67.4 -20.0 20.0
v 68.0 -20.0 21.0
v 68.0 -20.0 21.0
v 68.0 -20.0 21.0
v 67.6 -19.0 20.0
v 68.0 -19.0 20.6
v 68.0 -19.0 21.2
v 68.0 -18.0 17.6
v 68.0 -18.3 18.0
v 68.0 -18.3 19.0
v 68.0 -18.4 20.0
v 68.0 -18.0 21.1
v 68.0 -17.0 16.7
v 68.0 -17.2 17.0
v 67.6 -17.0 19.0
v 68.0 -17.6 19.0
v 68.0 -17.0 18.4
v 67.4 -17.0 20.0
v 68.0 -17.7 20.0
v 68.0 -17.9 21.0
v 68.0 -16.9 17.0
v 68.0 -16.8 18.0
v 67.1 -15.0 19.0
v 68.0 -14.0 19.0
v 68.0 -14.3 20.0
v 68.0 -14.0 19.0
v 68.0 -14.0 20.8
v 68.0 -13.7 20.0
v 68.0 -20.0 21.0
v 68.2 -19.0 21.0
v 68.6 -18.0 18.0
v 68.3 -18.0 19.0
v 68.2 -18.0 20.0
v 68.1 -18.0 21.0
v 68.1 -17.0 17.0
v 68.3 -17.0 18.0
v 68.8 -14.0 20.0
f 3 2 1
f 5 4 1
f 1 4 3
f 7 6 5
f 5 6 4
f 9 8 7
f 7 8 6
f 11 10 9
f 9 10 8
f 11 12 10
f 2 13 1
f 1 13 5
f 5 13 14
f 5 14 7
f 7 14 15
f 17 16 15
f 16 7 15
f 16 9 7
f 9 18 11
f 9 16 18
f 12 11 19
f 19 11 18
f 17 20 16
f 16 20 18
f 18 20 21
f 18 21 19
f 24 23 22
f 26 25 22
f 22 25 24
f 26 27 25
f 22 23 28
f 28 23 29
f 31 26 30
f 26 28 30
f 26 22 28
f 26 31 27
f 34 33 32
f 35 28 29
f 32 36 34
f 28 35 30
f 33 37 32
f 32 37 36
f 38 2 3
f 38 3 39
f 3 40 39
f 3 4 40
f 41 4 6
f 41 40 4
f 42 6 8
f 42 41 6
f 43 8 10
f 43 42 8
f 10 12 43
f 43 12 44
f 13 2 38
f 47 46 45
f 13 38 14
f 39 14 38
f 14 39 48
f 45 48 39
f 48 45 46
f 49 15 14
f 49 14 48
f 49 17 15
f 19 51 50
f 44 19 50
f 12 19 44
f 53 52 51
f 51 52 50
f 53 54 52
f 57 56 55
f 57 55 47
f 55 46 47
f 55 58 46
f 60 48 59
f 48 58 59
f 48 46 58
f 48 60 49
f 49 60 61
f 49 61 17
f 61 20 17
f 61 62 20
f 62 64 63
f 21 62 63
f 20 62 21
f 51 19 21
f 63 51 21
f 65 51 63
f 51 66 53
f 51 65 66
f 54 53 67
f 67 53 66
f 69 68 24
f 24 68 23
f 25 55 56
f 69 25 56
f 24 25 69
f 58 55 70
f 55 27 70
f 27 71 70
f 27 55 25
f 58 70 59
f 64 72 63
f 74 73 72
f 73 63 72
f 73 65 63
f 65 75 66
f 65 73 75
f 67 66 76
f 76 66 75
f 79 78 77
f 68 79 77
f 29 68 77
f 23 68 29
f 30 80 31
f 80 81 31
f 81 27 31
f 81 71 27
f 74 82 73
f 73 82 75
f 75 82 83
f 75 83 76
f 77 78 34
f 78 33 34
f 78 84 33
f 85 34 36
f 85 77 34
f 85 35 29
f 77 85 29
f 85 86 35
f 35 86 30
f 86 87 30
f 87 80 30
f 80 87 81
f 90 89 88
f 88 91 37
f 84 88 37
f 33 84 37
f 88 84 90
f 91 92 37
f 37 92 36
f 92 93 36
f 93 85 36
f 85 93 86
f 89 94 88
f 88 94 91
f 91 94 95
f 91 95 92
f 96 39 40
f 41 97 40
f 40 97 96
f 42 98 41
f 41 98 97
f 43 99 42
f 42 99 98
f 44 99 43
f 101 100 45
f 45 100 47
f 45 39 96
f 102 45 96
f 101 45 102
f 102 96 97
f 102 97 103
f 103 97 98
f 103 98 104
f 104 98 99
f 104 99 105
f 105 99 44
f 50 105 44
f 106 105 50
f 107 50 52
f 107 106 50
f 52 54 107
f 107 54 108
f 110 109 57
f 57 109 56
f 57 47 100
f 57 100 110
f 59 111 60
f 112 61 60
f 112 60 111
f 113 62 61
f 113 61 112
f 113 64 62
f 67 108 54
f 67 114 108
f 116 115 69
f 69 115 68
f 69 56 109
f 69 109 116
f 71 117 70
f 111 59 70
f 117 111 70
f 118 111 117
f 111 119 112
f 111 118 119
f 112 120 113
f 112 119 120
f 121 72 64
f 113 121 64
f 120 121 113
f 121 74 72
f 76 114 67
f 76 122 114
f 124 123 79
f 79 123 78
f 79 68 115
f 79 115 124
f 81 125 117
f 81 117 71
f 127 118 126
f 118 125 126
f 118 117 125
f 118 127 119
f 119 127 128
f 119 128 120
f 120 128 129
f 120 129 121
f 121 129 130
f 130 132 131
f 130 131 82
f 121 130 82
f 74 121 82
f 133 83 82
f 133 82 131
f 133 134 83
f 134 76 83
f 134 122 76
f 123 84 78
f 135 84 123
f 137 136 87
f 137 87 86
f 81 87 125
f 87 138 125
f 87 136 138
f 125 138 126
f 132 139 131
f 131 139 133
f 133 139 140
f 133 140 134
f 142 141 90
f 90 141 89
f 90 84 135
f 90 135 142
f 92 143 93
f 137 86 144
f 86 143 144
f 143 145 144
f 86 93 143
f 145 146 144
f 94 89 147
f 89 148 147
f 89 141 148
f 94 147 149
f 150 94 149
f 95 94 150
f 92 95 143
f 95 151 143
f 95 150 151
f 143 151 145
f 145 151 152
f 145 152 146
f 148 153 147
f 147 153 149
f 155 154 101
f 101 154 100
f 156 101 102
f 156 155 101
f 157 102 103
f 157 156 102
f 158 103 104
f 158 157 103
f 160 158 159
f 158 105 159
f 158 104 105
f 106 161 105
f 105 161 159
f 161 106 162
f 106 163 162
f 106 107 163
f 107 108 163
f 163 108 164
f 166 165 110
f 110 165 109
f 110 100 154
f 110 154 166
f 167 160 159
f 167 159 161
f 167 161 168
f 168 161 162
f 114 170 169
f 164 114 169
f 108 114 164
f 170 171 169
f 173 172 116
f 116 172 115
f 116 109 165
f 116 165 173
f 122 174 170
f 122 170 114
f 171 170 175
f 175 170 174
f 177 176 124
f 124 176 123
f 124 115 172
f 124 172 177
f 126 178 127
f 179 128 127
f 179 127 178
f 180 129 128
f 180 128 179
f 181 130 129
f 181 129 180
f 181 132 130
f 183 182 174
f 122 183 174
f 134 183 122
f 174 182 175
f 176 135 123
f 184 135 176
f 137 185 136
f 186 138 136
f 186 136 185
f 178 126 138
f 186 178 138
f 187 178 186
f 189 179 188
f 179 187 188
f 179 178 187
f 179 189 180
f 180 189 190
f 180 190 181
f 181 190 191
f 181 191 132
f 191 139 132
f 191 192 139
f 139 193 140
f 192 193 139
f 134 140 183
f 183 140 193
f 195 194 142
f 142 194 141
f 142 135 184
f 142 184 195
f 144 185 137
f 185 144 146
f 196 185 146
f 186 185 196
f 198 187 197
f 187 196 197
f 187 186 196
f 187 198 188
f 201 200 199
f 194 201 199
f 148 194 199
f 141 194 148
f 149 202 150
f 203 151 150
f 203 150 202
f 204 152 151
f 204 151 203
f 204 205 152
f 152 205 146
f 205 206 146
f 206 196 146
f 196 206 197
f 200 207 199
f 207 209 208
f 207 208 153
f 199 207 153
f 148 199 153
f 208 210 153
f 153 210 149
f 210 211 149
f 211 202 149
f 202 211 203
f 203 211 212
f 203 212 204
f 204 212 213
f 204 213 205
f 209 214 208
f 208 214 210
f 217 216 215
f 215 218 217
f 221 220 219
f 221 219 216
f 219 215 216
f 219 222 215
f 218 215 223
f 223 215 222
f 220 224 219
f 226 225 224
f 225 219 224
f 225 222 219
f 223 222 227
f 227 222 225
f 230 229 228
f 154 155 228
f 155 230 228
f 155 231 230
f 156 225 226
f 231 156 226
f 155 156 231
f 232 227 225
f 156 232 225
f 157 232 156
f 234 232 233
f 232 158 233
f 232 157 158
f 160 233 158
f 236 235 163
f 163 235 162
f 163 164 236
f 236 164 237
f 240 239 238
f 242 241 238
f 238 241 240
f 241 242 229
f 229 242 228
f 242 165 228
f 165 166 228
f 228 166 154
f 243 234 233
f 243 233 160
f 167 243 160
f 244 243 167
f 245 167 168
f 245 244 167
f 168 162 235
f 168 235 245
f 246 237 164
f 246 164 169
f 169 171 246
f 246 171 247
f 238 239 248
f 248 239 249
f 248 172 173
f 242 248 173
f 238 248 242
f 242 173 165
f 175 247 171
f 175 250 247
f 248 249 177
f 249 176 177
f 249 251 176
f 248 177 172
f 183 252 182
f 252 253 182
f 253 175 182
f 253 250 175
f 256 255 254
f 251 256 254
f 184 251 254
f 176 251 184
f 188 257 189
f 258 190 189
f 258 189 257
f 259 191 190
f 259 190 258
f 260 192 191
f 260 191 259
f 192 260 261
f 262 192 261
f 193 192 262
f 183 193 252
f 193 263 252
f 193 262 263
f 252 263 253
f 254 255 195
f 255 194 195
f 255 264 194
f 254 195 184
f 197 265 198
f 265 266 198
f 198 266 188
f 266 267 188
f 267 257 188
f 257 267 258
f 258 267 268
f 258 268 259
f 259 268 269
f 259 269 260
f 260 269 270
f 260 270 261
f 272 271 201
f 201 271 200
f 201 194 264
f 201 264 272
f 205 273 206
f 265 197 206
f 273 265 206
f 274 265 273
f 266 265 275
f 275 265 274
f 207 200 276
f 200 277 276
f 200 271 277
f 276 209 207
f 210 278 211
f 279 212 211
f 279 211 278
f 280 213 212
f 280 212 279
f 273 205 213
f 280 273 213
f 281 273 280
f 283 274 282
f 274 281 282
f 274 273 281
f 274 283 275
f 277 284 276
f 284 286 285
f 284 285 214
f 276 284 214
f 209 276 214
f 278 210 214
f 285 278 214
f 287 278 285
f 278 288 279
f 278 287 288
f 279 289 280
f 279 288 289
f 291 281 290
f 281 289 290
f 281 280 289
f 281 291 282
f 286 292 285
f 294 293 292
f 293 285 292
f 293 287 285
f 296 288 295
f 288 293 295
f 288 287 293
f 288 296 289
f 289 296 297
f 289 297 290
f 294 298 293
f 293 298 295
f 301 300 299
f 216 217 299
f 217 301 299
f 217 302 301
f 217 218 302
f 302 218 303
f 299 300 221
f 300 220 221
f 300 304 220
f 299 221 216
f 223 303 218
f 223 305 303
f 224 220 306
f 220 307 306
f 220 304 307
f 306 226 224
f 227 305 223
f 227 308 305
f 311 310 309
f 229 230 309
f 230 311 309
f 230 312 311
f 231 306 307
f 312 231 307
f 230 231 312
f 306 231 226
f 313 308 227
f 313 227 232
f 232 234 313
f 313 234 314
f 317 316 315
f 235 236 318
f 317 315 319
f 237 318 236
f 321 320 240
f 240 320 239
f 241 309 310
f 321 241 310
f 240 241 321
f 309 241 229
f 322 314 234
f 322 234 243
f 323 243 244
f 323 322 243
f 245 315 316
f 323 245 316
f 244 245 323
f 245 319 315
f 245 324 319
f 245 235 318
f 324 245 318
f 324 318 237
f 246 324 237
f 325 324 246
f 246 247 325
f 325 247 326
f 329 328 327
f 320 329 327
f 249 320 327
f 239 320 249
f 250 326 247
f 250 330 326
f 327 328 331
f 331 328 332
f 331 251 249
f 331 249 327
f 253 330 250
f 253 333 330
f 331 332 256
f 332 255 256
f 332 334 255
f 331 256 251
f 261 335 262
f 336 263 262
f 336 262 335
f 336 337 263
f 337 253 263
f 337 333 253
f 334 264 255
f 338 264 334
f 266 339 267
f 340 268 267
f 340 267 339
f 341 269 268
f 341 268 340
f 342 270 269
f 342 269 341
f 342 343 270
f 270 343 261
f 343 344 261
f 344 335 261
f 346 345 344
f 345 335 344
f 345 336 335
f 337 336 347
f 347 336 345
f 349 348 272
f 272 348 271
f 272 264 338
f 272 338 349
f 275 350 339
f 275 339 266
f 339 351 340
f 339 350 351
f 340 352 341
f 340 351 352
f 354 342 353
f 342 352 353
f 342 341 352
f 342 354 343
f 346 355 345
f 345 355 347
f 348 277 271
f 356 277 348
f 282 357 283
f 350 275 283
f 357 350 283
f 358 350 357
f 350 359 351
f 350 358 359
f 351 360 352
f 351 359 360
f 353 352 361
f 361 352 360
f 284 277 362
f 277 363 362
f 277 356 363
f 362 286 284
f 290 364 291
f 357 282 291
f 364 357 291
f 365 357 364
f 367 358 366
f 358 365 366
f 358 357 365
f 358 367 359
f 359 367 368
f 359 368 360
f 360 368 369
f 360 369 361
f 362 363 370
f 370 363 371
f 372 292 286
f 362 372 286
f 370 372 362
f 372 294 292
f 295 373 296
f 374 297 296
f 374 296 373
f 374 375 297
f 297 375 290
f 375 376 290
f 376 364 290
f 364 376 365
f 365 376 377
f 365 377 366
f 370 371 378
f 378 371 379
f 370 380 372
f 370 378 380
f 381 298 294
f 372 381 294
f 380 381 372
f 381 382 298
f 298 382 295
f 382 383 295
f 383 373 295
f 373 383 374
f 374 383 384
f 374 384 375
f 378 379 385
f 385 379 386
f 378 387 380
f 378 385 387
f 389 381 388
f 381 387 388
f 381 380 387
f 381 389 382
f 385 386 390
f 390 386 391
f 385 392 387
f 385 390 392
f 388 387 393
f 393 387 392
f 391 394 390
f 390 394 392
f 392 394 395
f 392 395 393
f 396 300 301
f 302 397 301
f 301 397 396
f 303 397 302
f 399 398 396
f 398 300 396
f 398 304 300
f 399 396 397
f 399 397 400
f 303 305 397
f 305 401 397
f 401 400 397
f 401 305 402
f 402 403 401
f 406 405 404
f 398 406 404
f 307 398 404
f 304 398 307
f 308 407 402
f 308 402 305
f 403 402 408
f 408 402 407
f 409 310 311
f 405 410 404
f 410 311 404
f 311 312 404
f 311 410 409
f 404 312 307
f 407 308 313
f 413 412 411
f 412 413 314
f 413 408 314
f 407 313 314
f 407 314 408
f 415 414 317
f 317 414 316
f 317 319 415
f 415 319 416
f 417 320 321
f 418 417 321
f 418 321 310
f 419 418 310
f 409 419 310
f 419 409 410
f 420 411 412
f 420 412 314
f 322 420 314
f 421 420 322
f 422 322 323
f 422 421 322
f 323 316 414
f 323 414 422
f 423 416 319
f 423 319 324
f 425 423 424
f 423 325 424
f 423 324 325
f 326 424 325
f 427 426 329
f 329 426 328
f 329 320 417
f 428 329 417
f 427 329 428
f 428 417 418
f 429 425 424
f 326 330 424
f 330 430 424
f 430 429 424
f 430 330 431
f 431 432 430
f 426 332 328
f 433 332 426
f 333 434 431
f 333 431 330
f 432 431 435
f 435 431 434
f 433 334 332
f 436 334 433
f 337 437 434
f 337 434 333
f 435 434 438
f 438 434 437
f 436 338 334
f 439 338 436
f 343 440 344
f 440 346 344
f 347 441 437
f 347 437 337
f 438 437 442
f 442 437 441
f 444 443 349
f 349 443 348
f 349 338 439
f 349 439 444
f 353 445 354
f 440 343 354
f 445 440 354
f 446 440 445
f 447 355 346
f 440 447 346
f 446 447 440
f 447 448 355
f 355 448 347
f 448 449 347
f 449 441 347
f 441 449 442
f 452 451 450
f 443 452 450
f 356 443 450
f 348 443 356
f 454 453 445
f 353 454 445
f 361 454 353
f 445 453 446
f 446 453 455
f 446 455 447
f 447 455 456
f 447 456 448
f 450 451 457
f 457 451 458
f 457 363 356
f 457 356 450
f 366 459 367
f 460 368 367
f 460 367 459
f 461 369 368
f 461 368 460
f 461 462 369
f 462 361 369
f 462 454 361
f 458 463 457
f 363 457 463
f 464 363 463
f 371 363 464
f 375 465 376
f 466 377 376
f 466 376 465
f 459 366 377
f 466 459 377
f 467 459 466
f 469 460 468
f 460 467 468
f 460 459 467
f 460 469 461
f 461 469 470
f 461 470 462
f 473 472 471
f 464 473 471
f 379 464 471
f 371 464 379
f 382 474 383
f 383 474 475
f 476 383 475
f 384 383 476
f 375 384 465
f 384 477 465
f 384 476 477
f 465 477 466
f 466 477 478
f 466 478 467
f 467 478 479
f 467 479 468
f 471 472 480
f 480 472 481
f 480 386 379
f 480 379 471
f 483 482 389
f 483 389 388
f 382 389 474
f 389 484 474
f 389 482 484
f 474 484 475
f 487 486 485
f 487 485 481
f 485 480 481
f 485 488 480
f 488 391 386
f 488 386 480
f 393 483 388
f 393 489 483
f 486 490 485
f 485 490 488
f 488 490 491
f 491 493 492
f 491 492 394
f 488 491 394
f 391 488 394
f 494 395 394
f 494 394 492
f 494 495 395
f 495 393 395
f 495 489 393
f 498 497 496
f 498 496 493
f 496 492 493
f 496 499 492
f 501 494 500
f 494 499 500
f 494 492 499
f 494 501 495
f 497 502 496
f 496 502 499
f 499 502 503
f 499 503 500
f 506 505 504
f 398 399 504
f 399 506 504
f 399 507 506
f 508 399 400
f 508 507 399
f 509 400 401
f 509 508 400
f 401 403 509
f 509 403 510
f 504 505 406
f 505 405 406
f 505 511 405
f 504 406 398
f 514 513 512
f 513 510 512
f 510 408 512
f 510 403 408
f 517 516 515
f 511 517 515
f 410 511 515
f 405 511 410
f 514 512 413
f 411 514 413
f 518 514 411
f 413 512 408
f 520 519 415
f 415 519 414
f 415 416 520
f 520 416 521
f 524 523 522
f 524 522 516
f 516 522 515
f 522 418 515
f 418 419 515
f 515 419 410
f 525 518 411
f 525 411 420
f 526 420 421
f 526 525 420
f 527 421 422
f 527 526 421
f 422 414 519
f 422 519 527
f 528 521 416
f 528 416 423
f 423 425 528
f 528 425 529
f 532 531 530
f 426 427 530
f 427 532 530
f 427 533 532
f 428 522 523
f 533 428 523
f 427 428 533
f 522 428 418
f 534 529 425
f 534 425 429
f 535 429 430
f 535 534 429
f 430 432 535
f 535 432 536
f 530 531 537
f 537 531 538
f 537 433 426
f 537 426 530
f 435 540 539
f 536 435 539
f 432 435 536
f 540 541 539
f 537 538 542
f 542 538 543
f 542 436 433
f 542 433 537
f 438 544 540
f 438 540 435
f 541 540 545
f 545 540 544
f 542 543 546
f 546 543 547
f 546 439 436
f 546 436 542
f 549 548 544
f 438 549 544
f 442 549 438
f 544 548 545
f 546 547 444
f 547 443 444
f 547 550 443
f 546 444 439
f 448 551 449
f 551 552 449
f 552 442 449
f 552 549 442
f 553 451 452
f 554 553 452
f 443 554 452
f 550 554 443
f 454 555 453
f 453 555 556
f 557 453 556
f 455 453 557
f 455 558 456
f 557 558 455
f 448 456 551
f 456 559 551
f 456 558 559
f 551 559 552
f 562 561 560
f 563 562 553
f 562 458 553
f 458 451 553
f 562 560 458
f 563 553 554
f 565 564 555
f 454 565 555
f 462 565 454
f 555 564 556
f 561 566 560
f 566 568 567
f 566 567 463
f 560 566 463
f 458 560 463
f 567 464 463
f 468 569 469
f 469 569 570
f 571 469 570
f 470 469 571
f 462 470 565
f 565 470 571
f 567 568 473
f 568 472 473
f 568 572 472
f 567 473 464
f 475 573 476
f 574 477 476
f 574 476 573
f 477 574 575
f 576 477 575
f 478 477 576
f 478 577 479
f 576 577 478
f 468 479 569
f 479 578 569
f 479 577 578
f 569 578 570
f 581 580 579
f 572 581 579
f 481 572 579
f 472 572 481
f 483 582 482
f 482 582 583
f 584 482 583
f 484 482 584
f 475 484 573
f 484 585 573
f 484 584 585
f 573 585 574
f 574 585 586
f 574 586 575
f 579 580 487
f 580 486 487
f 580 587 486
f 579 487 481
f 489 588 582
f 489 582 483
f 583 582 589
f 589 582 588
f 490 486 590
f 486 591 590
f 486 587 591
f 592 491 490
f 592 490 590
f 592 493 491
f 594 593 588
f 489 594 588
f 495 594 489
f 588 593 589
f 597 596 595
f 597 595 591
f 595 590 591
f 595 598 590
f 598 497 498
f 592 598 498
f 590 598 592
f 592 498 493
f 600 599 501
f 600 501 500
f 495 501 594
f 594 501 599
f 595 596 601
f 601 596 602
f 595 603 598
f 595 601 603
f 598 603 497
f 603 604 497
f 604 502 497
f 603 605 604
f 502 606 503
f 604 606 502
f 500 503 600
f 600 503 606
f 602 607 601
f 601 607 603
f 603 607 608
f 603 608 605
f 611 610 609
f 609 612 611
f 614 613 506
f 506 613 505
f 615 506 507
f 615 614 506
f 508 609 610
f 615 508 610
f 507 508 615
f 616 612 609
f 508 616 609
f 509 616 508
f 509 510 616
f 616 510 617
f 620 619 618
f 613 620 618
f 511 613 618
f 505 613 511
f 514 621 513
f 621 622 513
f 622 510 513
f 622 617 510
f 618 619 517
f 619 516 517
f 619 623 516
f 618 517 511
f 518 624 621
f 518 621 514
f 622 621 625
f 621 626 625
f 621 624 626
f 628 627 626
f 626 627 625
f 519 520 628
f 520 627 628
f 520 629 627
f 520 521 629
f 629 521 630
f 632 631 524
f 524 631 523
f 524 516 623
f 524 623 632
f 525 624 518
f 624 525 526
f 624 526 626
f 626 526 527
f 626 527 628
f 628 527 519
f 633 630 521
f 633 521 528
f 528 529 633
f 633 529 634
f 636 635 532
f 532 635 531
f 637 532 533
f 637 636 532
f 533 523 631
f 533 631 637
f 638 634 529
f 638 529 534
f 639 534 535
f 639 638 534
f 535 536 639
f 639 536 640
f 635 538 531
f 641 538 635
f 642 640 536
f 642 536 539
f 539 541 642
f 642 541 643
f 641 543 538
f 644 543 641
f 545 646 645
f 643 545 645
f 541 545 643
f 646 647 645
f 644 547 543
f 648 547 644
f 549 649 548
f 649 650 548
f 548 650 545
f 650 651 545
f 651 646 545
f 646 651 647
f 648 550 547
f 652 550 648
f 654 653 649
f 549 654 649
f 552 654 549
f 649 653 650
f 652 554 550
f 655 554 652
f 556 656 557
f 557 656 657
f 658 557 657
f 558 557 658
f 558 659 559
f 658 659 558
f 552 559 654
f 654 559 659
f 660 561 562
f 563 661 562
f 562 661 660
f 662 661 563
f 554 662 563
f 655 662 554
f 565 663 564
f 663 664 564
f 564 664 556
f 664 665 556
f 665 656 556
f 656 665 657
f 566 561 660
f 668 667 666
f 666 667 669
f 568 669 667
f 669 568 661
f 566 661 568
f 661 566 660
f 669 661 662
f 671 670 571
f 671 571 570
f 565 571 663
f 571 672 663
f 571 670 672
f 663 672 664
f 668 673 667
f 568 667 673
f 674 568 673
f 572 568 674
f 575 675 576
f 576 675 676
f 677 576 676
f 577 576 677
f 577 678 578
f 677 678 577
f 570 578 671
f 671 578 678
f 680 679 581
f 581 679 580
f 581 572 674
f 581 674 680
f 583 681 584
f 584 681 682
f 683 584 682
f 585 584 683
f 585 684 586
f 683 684 585
f 575 586 675
f 586 685 675
f 586 684 685
f 675 685 676
f 679 587 580
f 686 587 679
f 688 687 681
f 583 688 681
f 589 688 583
f 681 687 682
f 691 690 689
f 686 691 689
f 591 686 689
f 587 686 591
f 693 692 593
f 693 593 594
f 589 593 688
f 688 593 692
f 696 695 694
f 696 694 690
f 690 694 689
f 694 596 689
f 596 597 689
f 689 597 591
f 600 697 599
f 697 698 599
f 698 594 599
f 698 693 594
f 694 695 699
f 699 695 700
f 596 701 602
f 701 596 702
f 694 702 596
f 702 694 703
f 699 703 694
f 705 704 701
f 705 701 702
f 604 605 704
f 705 604 704
f 706 604 705
f 604 707 606
f 706 707 604
f 600 606 697
f 606 708 697
f 606 707 708
f 697 708 698
f 700 709 699
f 701 607 602
f 709 703 699
f 607 701 608
f 608 701 704
f 608 704 605
f 711 710 611
f 611 710 610
f 713 712 612
f 712 611 612
f 712 711 611
f 713 714 712
f 716 715 614
f 614 715 613
f 717 614 615
f 717 716 614
f 615 610 710
f 615 710 717
f 616 713 612
f 616 617 713
f 617 714 713
f 617 718 714
f 720 719 620
f 620 719 619
f 620 613 715
f 620 715 720
f 622 722 721
f 718 622 721
f 617 622 718
f 724 723 722
f 722 723 721
f 724 725 723
f 719 623 619
f 726 623 719
f 625 722 622
f 722 625 627
f 722 627 724
f 727 725 724
f 627 727 724
f 629 727 627
f 629 630 727
f 727 630 728
f 730 729 632
f 632 729 631
f 632 623 726
f 632 726 730
f 731 728 630
f 731 630 633
f 733 732 634
f 732 633 634
f 732 731 633
f 733 734 732
f 735 635 636
f 735 636 736
f 636 737 736
f 636 637 737
f 637 631 729
f 637 729 737
f 638 733 634
f 738 734 733
f 638 738 733
f 639 738 638
f 639 640 738
f 738 640 739
f 740 641 735
f 735 641 635
f 735 736 741
f 735 741 740
f 640 642 742
f 743 640 742
f 739 640 743
f 643 742 642
f 746 745 744
f 747 746 740
f 746 644 740
f 644 641 740
f 746 744 644
f 747 740 741
f 748 743 742
f 748 742 643
f 645 748 643
f 749 748 645
f 645 647 749
f 749 647 750
f 744 745 751
f 751 745 752
f 751 648 644
f 751 644 744
f 650 753 651
f 753 754 651
f 754 647 651
f 754 750 647
f 752 755 751
f 648 751 755
f 756 648 755
f 652 648 756
f 654 757 653
f 753 650 653
f 757 753 653
f 758 753 757
f 754 753 759
f 759 753 758
f 756 655 652
f 760 655 756
f 657 761 658
f 658 761 762
f 763 658 762
f 659 658 763
f 654 659 757
f 659 764 757
f 659 763 764
f 757 764 758
f 758 764 765
f 758 765 759
f 760 662 655
f 766 662 760
f 768 767 665
f 768 665 664
f 657 665 761
f 665 769 761
f 665 767 769
f 761 769 762
f 771 770 666
f 666 770 668
f 772 666 669
f 772 771 666
f 669 662 766
f 669 766 772
f 671 773 670
f 670 773 774
f 775 670 774
f 672 670 775
f 664 672 768
f 768 672 775
f 673 668 776
f 668 777 776
f 668 770 777
f 776 674 673
f 779 778 677
f 779 677 676
f 677 780 678
f 778 780 677
f 671 678 773
f 678 781 773
f 678 780 781
f 773 781 774
f 776 777 680
f 777 679 680
f 777 782 679
f 776 680 674
f 682 783 683
f 784 684 683
f 784 683 783
f 684 784 785
f 786 684 785
f 685 684 786
f 676 685 779
f 779 685 786
f 782 686 679
f 787 686 782
f 688 788 687
f 788 789 687
f 687 789 682
f 789 790 682
f 790 783 682
f 783 790 784
f 784 790 791
f 784 791 785
f 794 793 792
f 690 691 792
f 691 794 792
f 691 795 794
f 691 686 787
f 691 787 795
f 693 796 692
f 796 797 692
f 692 797 688
f 797 798 688
f 798 788 688
f 788 798 789
f 792 793 696
f 793 695 696
f 793 799 695
f 792 696 690
f 801 800 796
f 693 801 796
f 698 801 693
f 796 800 797
f 804 803 802
f 799 804 802
f 700 799 802
f 695 799 700
f 806 805 702
f 806 702 703
f 702 807 705
f 805 807 702
f 807 809 808
f 706 807 808
f 705 807 706
f 706 808 810
f 811 706 810
f 707 706 811
f 707 812 708
f 811 812 707
f 698 708 801
f 801 708 812
f 803 813 802
f 802 813 700
f 813 709 700
f 813 814 709
f 703 709 806
f 806 709 814
f 809 815 808
f 808 815 810
f 818 817 816
f 710 711 816
f 711 818 816
f 711 819 818
f 821 819 820
f 819 712 820
f 819 711 712
f 714 820 712
f 823 822 716
f 716 822 715
f 717 816 817
f 823 717 817
f 716 717 823
f 816 717 710
f 824 821 820
f 820 714 824
f 714 825 824
f 714 718 825
f 827 826 720
f 720 826 719
f 720 715 822
f 720 822 827
f 828 825 718
f 828 718 721
f 829 721 723
f 829 828 721
f 723 725 829
f 829 725 830
f 826 726 719
f 831 726 826
f 832 830 725
f 832 725 727
f 727 728 832
f 832 728 833
f 835 834 730
f 730 834 729
f 730 726 831
f 730 831 835
f 836 833 728
f 836 728 731
f 837 731 732
f 837 836 731
f 732 734 837
f 837 734 838
f 840 839 737
f 737 839 736
f 737 729 834
f 737 834 840
f 841 838 734
f 841 734 738
f 738 739 841
f 841 739 842
f 839 741 736
f 843 741 839
f 743 842 739
f 743 844 842
f 845 745 746
f 747 846 746
f 746 846 845
f 847 846 747
f 741 847 747
f 843 847 741
f 848 844 743
f 848 743 748
f 850 848 849
f 848 749 849
f 848 748 749
f 750 849 749
f 852 851 845
f 851 745 845
f 851 752 745
f 852 845 846
f 852 846 853
f 853 846 847
f 854 850 849
f 849 750 854
f 750 855 854
f 750 754 855
f 858 857 856
f 856 859 755
f 851 856 755
f 752 851 755
f 856 851 858
f 859 756 755
f 862 861 860
f 861 855 860
f 855 759 860
f 855 754 759
f 857 863 856
f 865 864 863
f 864 856 863
f 864 859 856
f 864 760 756
f 864 756 859
f 762 866 763
f 763 866 867
f 868 763 867
f 764 763 868
f 860 765 862
f 765 868 862
f 765 764 868
f 765 860 759
f 864 865 869
f 869 865 870
f 869 766 760
f 869 760 864
f 872 871 767
f 872 767 768
f 767 873 769
f 871 873 767
f 762 769 866
f 769 874 866
f 769 873 874
f 866 874 867
f 875 770 771
f 870 876 869
f 876 771 869
f 771 772 869
f 771 876 875
f 869 772 766
f 878 877 775
f 878 775 774
f 768 775 872
f 872 775 877
f 879 777 875
f 875 777 770
f 875 876 880
f 875 880 879
f 779 881 778
f 882 780 778
f 882 778 881
f 780 882 883
f 884 780 883
f 781 780 884
f 774 781 878
f 878 781 884
f 886 885 879
f 885 777 879
f 885 782 777
f 886 879 880
f 785 887 786
f 881 779 786
f 887 881 786
f 888 881 887
f 890 882 889
f 882 888 889
f 882 881 888
f 882 890 883
f 893 892 891
f 885 893 891
f 787 885 891
f 782 885 787
f 789 894 790
f 895 791 790
f 895 790 894
f 895 896 791
f 791 896 785
f 896 897 785
f 897 887 785
f 887 897 888
f 888 897 898
f 888 898 889
f 900 899 794
f 794 899 793
f 795 891 892
f 900 795 892
f 794 795 900
f 891 795 787
f 797 901 798
f 894 789 798
f 901 894 798
f 902 894 901
f 904 895 903
f 895 902 903
f 895 894 902
f 895 904 896
f 899 799 793
f 905 799 899
f 801 906 800
f 901 797 800
f 906 901 800
f 907 901 906
f 909 902 908
f 902 907 908
f 902 901 907
f 902 909 903
f 910 803 804
f 911 910 804
f 799 911 804
f 905 911 799
f 913 912 805
f 913 805 806
f 912 915 914
f 807 912 914
f 805 912 807
f 914 809 807
f 810 916 811
f 917 812 811
f 917 811 916
f 917 918 812
f 812 918 801
f 918 919 801
f 919 906 801
f 906 919 907
f 907 919 920
f 907 920 908
f 910 813 803
f 911 921 910
f 921 813 910
f 921 814 813
f 806 814 913
f 913 814 921
f 915 922 914
f 914 922 809
f 922 815 809
f 922 923 815
f 810 815 916
f 815 924 916
f 815 923 924
f 916 924 917
f 917 924 925
f 917 925 918
f 926 817 818
f 819 927 818
f 818 927 926
f 821 927 819
f 929 928 823
f 823 928 822
f 823 817 926
f 930 823 926
f 929 823 930
f 930 926 927
f 930 927 931
f 931 927 821
f 824 931 821
f 932 931 824
f 824 825 932
f 932 825 933
f 935 934 827
f 827 934 826
f 827 822 928
f 827 928 935
f 936 933 825
f 936 825 828
f 937 828 829
f 937 936 828
f 829 830 937
f 937 830 938
f 941 940 939
f 934 941 939
f 831 934 939
f 826 934 831
f 942 938 830
f 942 830 832
f 944 943 833
f 943 832 833
f 943 942 832
f 944 945 943
f 939 940 835
f 940 834 835
f 940 946 834
f 939 835 831
f 836 944 833
f 947 945 944
f 836 947 944
f 837 947 836
f 837 838 947
f 947 838 948
f 949 839 840
f 950 949 840
f 834 950 840
f 946 950 834
f 951 948 838
f 951 838 841
f 841 842 951
f 951 842 952
f 954 953 949
f 953 839 949
f 953 843 839
f 954 949 950
f 844 952 842
f 844 955 952
f 953 847 843
f 956 847 953
f 957 955 844
f 957 844 848
f 848 850 957
f 957 850 958
f 959 851 852
f 959 852 960
f 852 961 960
f 852 853 961
f 853 847 956
f 853 956 961
f 850 854 962
f 963 850 962
f 958 850 963
f 855 962 854
f 965 964 858
f 858 964 857
f 858 851 959
f 966 858 959
f 965 858 966
f 966 959 960
f 963 968 967
f 963 862 968
f 963 962 861
f 862 963 861
f 962 855 861
f 969 967 968
f 863 857 970
f 857 971 970
f 857 964 971
f 970 865 863
f 973 972 868
f 973 868 867
f 862 868 968
f 868 974 968
f 868 972 974
f 968 974 969
f 970 971 975
f 975 971 976
f 975 870 865
f 975 865 970
f 978 977 871
f 978 871 872
f 871 979 873
f 977 979 871
f 873 980 874
f 979 980 873
f 867 874 973
f 973 874 980
f 975 976 981
f 981 976 982
f 981 876 870
f 981 870 975
f 984 983 877
f 984 877 878
f 872 877 978
f 978 877 983
f 981 982 985
f 985 982 986
f 985 880 876
f 985 876 981
f 988 987 884
f 988 884 883
f 878 884 984
f 984 884 987
f 985 986 886
f 986 885 886
f 986 989 885
f 985 886 880
f 889 990 890
f 990 991 890
f 991 883 890
f 991 988 883
f 993 992 893
f 893 992 892
f 893 885 989
f 893 989 993
f 896 994 897
f 897 994 995
f 996 897 995
f 898 897 996
f 889 898 990
f 898 997 990
f 898 996 997
f 990 997 991
f 998 899 900
f 999 998 900
f 892 999 900
f 992 999 892
f 903 1000 904
f 1000 1001 904
f 904 1001 896
f 1001 1002 896
f 1002 994 896
f 994 1002 995
f 1003 905 998
f 998 905 899
f 998 999 1004
f 998 1004 1003
f 908 1005 909
f 1005 1006 909
f 909 1006 903
f 1006 1007 903
f 1007 1000 903
f 1000 1007 1001
f 1008 911 1003
f 1003 911 905
f 912 913 1009
f 1004 1010 1003
f 1008 1003 1010
f 1009 915 912
f 1012 1011 919
f 1012 919 918
f 919 1013 920
f 1011 1013 919
f 908 920 1005
f 920 1014 1005
f 920 1013 1014
f 1005 1014 1006
f 1008 921 911
f 1008 1010 921
f 1010 1015 921
f 1009 913 921
f 1009 921 1015
f 1009 1015 915
f 1015 922 915
f 1015 1016 922
f 922 1017 923
f 1016 1017 922
f 923 1018 924
f 1017 1018 923
f 924 1019 925
f 1018 1019 924
f 918 925 1012
f 1012 925 1019
f 1020 928 929
f 1020 929 1021
f 929 1022 1021
f 929 930 1022
f 1023 930 931
f 1023 1022 930
f 1025 1023 1024
f 1023 932 1024
f 1023 931 932
f 933 1024 932
f 1026 934 935
f 1027 1026 935
f 1027 935 928
f 1028 1027 928
f 1020 1028 928
f 1028 1020 1021
f 1029 1025 1024
f 1029 1024 933
f 936 1029 933
f 1030 1029 936
f 1031 936 937
f 1031 1030 936
f 937 938 1031
f 1031 938 1032
f 1033 940 941
f 1034 1033 941
f 1034 941 934
f 1035 1034 934
f 1026 1035 934
f 1035 1026 1027
f 1036 1032 938
f 1036 938 942
f 1037 942 943
f 1037 1036 942
f 1039 1038 945
f 1038 943 945
f 1038 1037 943
f 1039 1040 1038
f 1042 1041 1033
f 1041 940 1033
f 1041 946 940
f 1042 1033 1034
f 947 1039 945
f 947 948 1039
f 948 1040 1039
f 948 1043 1040
f 1041 950 946
f 1044 950 1041
f 1045 1043 948
f 1045 948 951
f 951 952 1045
f 1045 952 1046
f 1047 953 954
f 950 1044 1048
f 1047 950 1048
f 1049 1047 1048
f 954 950 1047
f 1050 1049 1048
f 955 1046 952
f 955 1051 1046
f 1053 1052 1047
f 1052 953 1047
f 1052 956 953
f 1053 1047 1049
f 1053 1049 1054
f 1054 1049 1050
f 1055 1051 955
f 1055 955 957
f 957 958 1055
f 1055 958 1056
f 1058 1057 961
f 961 1057 960
f 961 956 1052
f 961 1052 1058
f 963 1056 958
f 963 1059 1056
f 1061 1060 965
f 965 1060 964
f 1062 965 966
f 1062 1061 965
f 966 960 1057
f 966 1057 1062
f 1063 1059 963
f 1063 963 967
f 967 969 1063
f 1063 969 1064
f 1067 1066 1065
f 1060 1067 1065
f 971 1060 1065
f 964 1060 971
f 1069 1068 972
f 1069 972 973
f 972 1070 974
f 1068 1070 972
f 969 974 1064
f 1064 974 1070
f 1066 1071 1065
f 971 1065 1071
f 1072 971 1071
f 976 971 1072
f 1074 1073 977
f 1074 977 978
f 977 1075 979
f 1073 1075 977
f 979 1076 980
f 1075 1076 979
f 973 980 1069
f 1069 980 1076
f 1072 982 976
f 1077 982 1072
f 1079 1078 983
f 1079 983 984
f 978 983 1074
f 1074 983 1078
f 1077 986 982
f 1080 986 1077
f 988 1081 987
f 1081 1082 987
f 1082 984 987
f 1082 1079 984
f 1080 989 986
f 1083 989 1080
f 1085 1084 1081
f 988 1085 1081
f 991 1085 988
f 1081 1084 1082
f 1087 1086 993
f 993 1086 992
f 993 989 1083
f 993 1083 1087
f 1089 1088 996
f 1089 996 995
f 996 1090 997
f 1088 1090 996
f 991 997 1085
f 1085 997 1090
f 1086 999 992
f 1091 999 1086
f 1093 1092 1002
f 1093 1002 1001
f 995 1002 1089
f 1089 1002 1092
f 1091 1004 999
f 1094 1004 1091
f 1096 1095 1007
f 1096 1007 1006
f 1001 1007 1093
f 1093 1007 1095
f 1099 1098 1097
f 1094 1099 1097
f 1010 1094 1097
f 1004 1094 1010
f 1012 1100 1011
f 1101 1013 1011
f 1101 1011 1100
f 1102 1014 1013
f 1102 1013 1101
f 1102 1103 1014
f 1103 1006 1014
f 1103 1096 1006
f 1098 1104 1097
f 1097 1104 1010
f 1104 1015 1010
f 1104 1105 1015
f 1015 1106 1016
f 1105 1106 1015
f 1016 1107 1017
f 1106 1107 1016
f 1017 1108 1018
f 1107 1108 1017
f 1018 1109 1019
f 1108 1109 1018
f 1012 1019 1100
f 1019 1110 1100
f 1019 1109 1110
f 1100 1110 1101
f 1101 1110 1111
f 1101 1111 1102
f 1102 1111 1112
f 1102 1112 1103
f 1113 1021 1022
f 1023 1114 1022
f 1022 1114 1113
f 1025 1114 1023
f 1115 1027 1028
f 1116 1115 1028
f 1116 1028 1021
f 1117 1116 1021
f 1113 1117 1021
f 1117 1113 1114
f 1117 1114 1118
f 1118 1114 1025
f 1029 1118 1025
f 1119 1118 1029
f 1120 1029 1030
f 1120 1119 1029
f 1121 1030 1031
f 1121 1120 1030
f 1031 1032 1121
f 1121 1032 1122
f 1123 1034 1035
f 1124 1123 1035
f 1124 1035 1027
f 1125 1124 1027
f 1115 1125 1027
f 1125 1115 1116
f 1126 1122 1032
f 1126 1032 1036
f 1128 1126 1127
f 1126 1037 1127
f 1126 1036 1037
f 1038 1129 1037
f 1037 1129 1127
f 1040 1129 1038
f 1131 1130 1042
f 1042 1130 1041
f 1042 1034 1123
f 1132 1042 1123
f 1131 1042 1132
f 1132 1123 1124
f 1133 1128 1127
f 1133 1127 1129
f 1133 1129 1134
f 1129 1040 1134
f 1040 1135 1134
f 1040 1043 1135
f 1137 1044 1136
f 1044 1130 1136
f 1044 1041 1130
f 1138 1137 1136
f 1043 1045 1139
f 1140 1043 1139
f 1135 1043 1140
f 1046 1139 1045
f 1137 1048 1044
f 1050 1048 1137
f 1138 1050 1137
f 1141 1050 1138
f 1142 1140 1139
f 1139 1046 1142
f 1046 1143 1142
f 1046 1051 1143
f 1145 1144 1053
f 1053 1144 1052
f 1146 1053 1054
f 1146 1145 1053
f 1054 1050 1141
f 1054 1141 1146
f 1051 1055 1147
f 1148 1051 1147
f 1143 1051 1148
f 1056 1147 1055
f 1150 1149 1058
f 1058 1149 1057
f 1058 1052 1144
f 1058 1144 1150
f 1151 1148 1147
f 1147 1056 1151
f 1056 1152 1151
f 1056 1059 1152
f 1154 1153 1061
f 1061 1153 1060
f 1155 1061 1062
f 1155 1154 1061
f 1062 1057 1149
f 1062 1149 1155
f 1059 1063 1156
f 1157 1059 1156
f 1152 1059 1157
f 1064 1156 1063
f 1159 1158 1067
f 1067 1158 1066
f 1067 1060 1153
f 1067 1153 1159
f 1162 1161 1160
f 1068 1069 1160
f 1161 1068 1160
f 1163 1068 1161
f 1156 1070 1157
f 1070 1163 1157
f 1070 1068 1163
f 1070 1156 1064
f 1158 1164 1066
f 1066 1164 1071
f 1072 1071 1164
f 1072 1164 1165
f 1167 1166 1073
f 1167 1073 1074
f 1073 1168 1075
f 1166 1168 1073
f 1160 1076 1162
f 1076 1168 1162
f 1076 1075 1168
f 1076 1160 1069
f 1171 1170 1169
f 1165 1171 1169
f 1077 1165 1169
f 1072 1165 1077
f 1173 1172 1078
f 1173 1078 1079
f 1074 1078 1167
f 1167 1078 1172
f 1169 1170 1174
f 1174 1170 1175
f 1174 1080 1077
f 1174 1077 1169
f 1082 1173 1079
f 1082 1176 1173
f 1175 1177 1174
f 1080 1174 1177
f 1178 1080 1177
f 1083 1080 1178
f 1180 1179 1084
f 1180 1084 1085
f 1082 1084 1176
f 1176 1084 1179
f 1182 1181 1087
f 1087 1181 1086
f 1087 1083 1178
f 1087 1178 1182
f 1089 1183 1088
f 1088 1183 1184
f 1185 1088 1184
f 1090 1088 1185
f 1085 1090 1180
f 1180 1090 1185
f 1181 1091 1086
f 1186 1091 1181
f 1188 1187 1092
f 1188 1092 1093
f 1092 1187 1089
f 1187 1189 1089
f 1189 1183 1089
f 1189 1187 1190
f 1184 1183 1191
f 1191 1183 1189
f 1186 1094 1091
f 1192 1094 1186
f 1194 1193 1095
f 1194 1095 1096
f 1093 1095 1188
f 1188 1095 1193
f 1189 1190 1195
f 1195 1190 1196
f 1191 1189 1197
f 1197 1189 1195
f 1199 1198 1099
f 1099 1198 1098
f 1099 1094 1192
f 1099 1192 1199
f 1103 1194 1096
f 1103 1200 1194
f 1195 1196 1201
f 1201 1196 1202
f 1197 1195 1203
f 1203 1195 1201
f 1198 1204 1098
f 1098 1204 1104
f 1104 1205 1105
f 1204 1205 1104
f 1105 1206 1106
f 1205 1206 1105
f 1106 1207 1107
f 1206 1207 1106
f 1107 1208 1108
f 1207 1208 1107
f 1208 1210 1209
f 1109 1208 1209
f 1108 1208 1109
f 1211 1110 1109
f 1211 1109 1209
f 1212 1111 1110
f 1212 1110 1211
f 1111 1212 1213
f 1214 1111 1213
f 1112 1111 1214
f 1103 1112 1200
f 1200 1112 1214
f 1217 1216 1215
f 1217 1215 1202
f 1215 1201 1202
f 1215 1218 1201
f 1203 1201 1219
f 1219 1201 1218
f 1210 1220 1209
f 1209 1220 1211
f 1211 1220 1221
f 1211 1221 1212
f 1212 1221 1222
f 1212 1222 1213
f 1216 1223 1215
f 1215 1223 1218
f 1218 1223 1224
f 1218 1224 1219
f 1227 1226 1225
f 1116 1117 1225
f 1117 1227 1225
f 1117 1228 1227
f 1229 1117 1118
f 1229 1228 1117
f 1230 1118 1119
f 1230 1229 1118
f 1231 1119 1120
f 1231 1230 1119
f 1232 1120 1121
f 1232 1231 1120
f 1121 1122 1232
f 1232 1122 1233
f 1225 1226 1125
f 1226 1124 1125
f 1226 1234 1124
f 1225 1125 1116
f 1235 1233 1122
f 1235 1122 1126
f 1126 1128 1235
f 1235 1128 1236
f 1237 1130 1131
f 1237 1131 1238
f 1131 1239 1238
f 1131 1132 1239
f 1132 1124 1234
f 1132 1234 1239
f 1240 1236 1128
f 1240 1128 1133
f 1242 1240 1241
f 1240 1134 1241
f 1240 1133 1134
f 1135 1241 1134
f 1136 1130 1237
f 1245 1244 1243
f 1138 1243 1244
f 1138 1238 1243
f 1138 1136 1237
f 1238 1138 1237
f 1246 1242 1241
f 1241 1135 1246
f 1135 1247 1246
f 1135 1140 1247
f 1244 1245 1248
f 1248 1245 1249
f 1248 1141 1138
f 1248 1138 1244
f 1250 1247 1140
f 1250 1140 1142
f 1142 1143 1250
f 1250 1143 1251
f 1253 1252 1145
f 1145 1252 1144
f 1146 1248 1249
f 1253 1146 1249
f 1145 1146 1253
f 1248 1146 1141
f 1148 1251 1143
f 1148 1254 1251
f 1256 1255 1150
f 1150 1255 1149
f 1150 1144 1252
f 1150 1252 1256
f 1148 1151 1257
f 1258 1148 1257
f 1254 1148 1258
f 1152 1257 1151
f 1260 1259 1154
f 1154 1259 1153
f 1261 1154 1155
f 1261 1260 1154
f 1155 1149 1255
f 1155 1255 1261
f 1258 1257 1262
f 1258 1262 1263
f 1157 1262 1152
f 1152 1262 1257
f 1264 1158 1159
f 1265 1264 1159
f 1153 1265 1159
f 1259 1265 1153
f 1268 1267 1266
f 1270 1269 1266
f 1270 1266 1267
f 1161 1162 1269
f 1270 1161 1269
f 1271 1161 1270
f 1262 1163 1263
f 1163 1271 1263
f 1163 1161 1271
f 1163 1262 1157
f 1264 1164 1158
f 1165 1164 1264
f 1265 1165 1264
f 1272 1165 1265
f 1268 1266 1166
f 1167 1268 1166
f 1273 1268 1167
f 1166 1266 1168
f 1168 1266 1269
f 1168 1269 1162
f 1275 1274 1171
f 1171 1274 1170
f 1171 1165 1272
f 1171 1272 1275
f 1277 1276 1172
f 1277 1172 1173
f 1167 1172 1273
f 1273 1172 1276
f 1274 1175 1170
f 1278 1175 1274
f 1176 1277 1173
f 1176 1279 1277
f 1278 1280 1175
f 1175 1280 1177
f 1178 1177 1280
f 1178 1280 1281
f 1283 1282 1179
f 1283 1179 1180
f 1176 1179 1279
f 1279 1179 1282
f 1284 1181 1182
f 1285 1284 1182
f 1178 1285 1182
f 1281 1285 1178
f 1287 1286 1185
f 1287 1185 1184
f 1180 1185 1283
f 1283 1185 1286
f 1288 1186 1284
f 1284 1186 1181
f 1284 1285 1289
f 1284 1289 1288
f 1188 1290 1187
f 1290 1190 1187
f 1191 1287 1184
f 1191 1291 1287
f 1293 1292 1288
f 1292 1186 1288
f 1292 1192 1186
f 1293 1288 1289
f 1194 1294 1193
f 1290 1188 1193
f 1294 1290 1193
f 1295 1290 1294
f 1295 1196 1190
f 1295 1190 1290
f 1197 1297 1296
f 1291 1197 1296
f 1191 1197 1291
f 1297 1298 1296
f 1299 1198 1199
f 1192 1292 1300
f 1299 1192 1300
f 1301 1299 1300
f 1199 1192 1299
f 1302 1301 1300
f 1200 1303 1294
f 1200 1294 1194
f 1294 1304 1295
f 1294 1303 1304
f 1304 1202 1196
f 1304 1196 1295
f 1203 1305 1297
f 1203 1297 1197
f 1298 1297 1306
f 1306 1297 1305
f 1299 1204 1198
f 1204 1299 1205
f 1205 1299 1301
f 1302 1307 1301
f 1307 1205 1301
f 1307 1206 1205
f 1206 1308 1207
f 1307 1308 1206
f 1207 1309 1208
f 1308 1309 1207
f 1210 1208 1309
f 1210 1309 1310
f 1312 1311 1214
f 1312 1214 1213
f 1214 1311 1200
f 1311 1313 1200
f 1313 1303 1200
f 1313 1311 1314
f 1313 1216 1217
f 1304 1313 1217
f 1303 1313 1304
f 1304 1217 1202
f 1316 1315 1305
f 1203 1316 1305
f 1219 1316 1203
f 1305 1315 1306
f 1310 1317 1210
f 1210 1317 1220
f 1220 1318 1221
f 1317 1318 1220
f 1221 1319 1222
f 1318 1319 1221
f 1213 1222 1312
f 1312 1222 1319
f 1313 1314 1320
f 1320 1314 1321
f 1322 1223 1216
f 1313 1322 1216
f 1320 1322 1313
f 1223 1322 1323
f 1324 1223 1323
f 1224 1223 1324
f 1219 1224 1316
f 1316 1224 1324
f 1321 1325 1320
f 1320 1325 1322
f 1322 1325 1326
f 1322 1326 1323
f 1329 1328 1327
f 1331 1330 1327
f 1327 1330 1329
f 1331 1332 1330
f 1334 1333 1227
f 1227 1333 1226
f 1228 1327 1328
f 1334 1228 1328
f 1227 1228 1334
f 1327 1228 1229
f 1327 1229 1331
f 1335 1332 1331
f 1229 1335 1331
f 1230 1335 1229
f 1336 1230 1231
f 1336 1335 1230
f 1337 1231 1232
f 1337 1336 1231
f 1232 1233 1337
f 1337 1233 1338
f 1333 1234 1226
f 1339 1234 1333
f 1340 1338 1233
f 1340 1233 1235
f 1235 1236 1340
f 1340 1236 1341
f 1342 1238 1239
f 1234 1339 1343
f 1342 1234 1343
f 1344 1342 1343
f 1239 1234 1342
f 1345 1344 1343
f 1236 1240 1346
f 1347 1236 1346
f 1341 1236 1347
f 1242 1346 1240
f 1348 1245 1243
f 1349 1348 1243
f 1349 1243 1238
f 1350 1349 1238
f 1342 1350 1238
f 1350 1342 1344
f 1350 1344 1351
f 1351 1344 1345
f 1352 1347 1346
f 1354 1352 1353
f 1353 1352 1246
f 1352 1346 1246
f 1346 1242 1246
f 1247 1353 1246
f 1356 1355 1348
f 1355 1245 1348
f 1355 1249 1245
f 1356 1348 1349
f 1354 1353 1357
f 1354 1357 1358
f 1250 1359 1247
f 1359 1353 1247
f 1359 1357 1353
f 1251 1359 1250
f 1360 1252 1253
f 1361 1360 1253
f 1249 1361 1253
f 1355 1361 1249
f 1358 1357 1362
f 1358 1362 1363
f 1364 1357 1359
f 1362 1357 1364
f 1254 1364 1251
f 1251 1364 1359
f 1365 1255 1256
f 1366 1365 1256
f 1366 1256 1252
f 1367 1366 1252
f 1360 1367 1252
f 1367 1360 1361
f 1368 1363 1362
f 1370 1369 1368
f 1362 1370 1368
f 1364 1370 1362
f 1258 1370 1254
f 1254 1370 1364
f 1371 1259 1260
f 1371 1260 1372
f 1260 1373 1372
f 1260 1261 1373
f 1261 1255 1365
f 1374 1261 1365
f 1373 1261 1374
f 1374 1365 1366
f 1377 1376 1375
f 1375 1376 1369
f 1370 1375 1369
f 1378 1375 1370
f 1263 1378 1258
f 1258 1378 1370
f 1379 1265 1371
f 1371 1265 1259
f 1371 1372 1380
f 1371 1380 1379
f 1382 1381 1267
f 1382 1267 1268
f 1375 1270 1377
f 1270 1381 1377
f 1270 1267 1381
f 1270 1375 1271
f 1271 1375 1378
f 1271 1378 1263
f 1384 1383 1379
f 1383 1265 1379
f 1383 1272 1265
f 1384 1379 1380
f 1387 1386 1385
f 1386 1382 1385
f 1382 1273 1385
f 1382 1268 1273
f 1390 1389 1388
f 1274 1275 1388
f 1275 1390 1388
f 1275 1391 1390
f 1275 1272 1383
f 1275 1383 1391
f 1394 1393 1392
f 1392 1393 1387
f 1392 1387 1385
f 1277 1392 1385
f 1276 1277 1385
f 1276 1385 1273
f 1388 1389 1395
f 1395 1389 1396
f 1395 1278 1274
f 1395 1274 1388
f 1394 1392 1397
f 1394 1397 1398
f 1279 1397 1277
f 1277 1397 1392
f 1396 1399 1395
f 1399 1401 1400
f 1399 1400 1280
f 1395 1399 1280
f 1278 1395 1280
f 1400 1281 1280
f 1398 1397 1282
f 1283 1398 1282
f 1402 1398 1283
f 1282 1397 1279
f 1401 1403 1400
f 1281 1400 1403
f 1404 1281 1403
f 1285 1281 1404
f 1406 1405 1286
f 1406 1286 1287
f 1283 1286 1402
f 1402 1286 1405
f 1404 1289 1285
f 1407 1289 1404
f 1291 1406 1287
f 1291 1408 1406
f 1410 1409 1293
f 1293 1409 1292
f 1293 1289 1407
f 1293 1407 1410
f 1411 1408 1291
f 1411 1291 1296
f 1296 1298 1411
f 1411 1298 1412
f 1409 1413 1292
f 1292 1413 1300
f 1415 1414 1302
f 1300 1415 1302
f 1413 1415 1300
f 1417 1416 1414
f 1417 1414 1415
f 1419 1418 1416
f 1419 1416 1417
f 1420 1418 1419
f 1423 1422 1421
f 1422 1412 1421
f 1412 1306 1421
f 1412 1298 1306
f 1414 1307 1302
f 1307 1414 1308
f 1308 1414 1416
f 1308 1416 1309
f 1309 1416 1418
f 1310 1309 1418
f 1420 1310 1418
f 1424 1310 1420
f 1312 1425 1311
f 1425 1314 1311
f 1428 1427 1426
f 1426 1427 1423
f 1426 1423 1421
f 1316 1426 1421
f 1315 1316 1421
f 1315 1421 1306
f 1424 1429 1310
f 1310 1429 1317
f 1317 1430 1318
f 1429 1430 1317
f 1318 1431 1319
f 1430 1431 1318
f 1319 1431 1312
f 1431 1432 1312
f 1432 1425 1312
f 1432 1431 1433
f 1432 1321 1314
f 1432 1314 1425
f 1428 1426 1324
f 1323 1428 1324
f 1434 1428 1323
f 1324 1426 1316
f 1437 1436 1435
f 1437 1435 1433
f 1435 1432 1433
f 1435 1438 1432
f 1432 1438 1321
f 1438 1439 1321
f 1439 1325 1321
f 1438 1440 1439
f 1325 1441 1326
f 1439 1441 1325
f 1323 1326 1434
f 1434 1326 1441
f 1436 1442 1435
f 1435 1442 1438
f 1438 1442 1443
f 1438 1443 1440
f 1445 1444 1329
f 1329 1444 1328
f 1446 1329 1330
f 1446 1445 1329
f 1330 1332 1446
f 1446 1332 1447
f 1449 1448 1334
f 1334 1448 1333
f 1334 1328 1444
f 1334 1444 1449
f 1450 1447 1332
f 1450 1332 1335
f 1451 1335 1336
f 1451 1450 1335
f 1452 1336 1337
f 1452 1451 1336
f 1337 1338 1452
f 1452 1338 1453
f 1455 1339 1454
f 1339 1448 1454
f 1339 1333 1448
f 1456 1455 1454
f 1457 1453 1338
f 1457 1338 1340
f 1340 1341 1457
f 1457 1341 1458
f 1455 1343 1339
f 1345 1343 1455
f 1456 1345 1455
f 1459 1345 1456
f 1347 1458 1341
f 1347 1460 1458
f 1461 1349 1350
f 1461 1350 1462
f 1350 1463 1462
f 1350 1351 1463
f 1351 1345 1459
f 1351 1459 1463
f 1466 1465 1464
f 1467 1464 1352
f 1464 1460 1352
f 1460 1347 1352
f 1460 1464 1465
f 1354 1467 1352
f 1468 1355 1356
f 1469 1468 1356
f 1469 1356 1349
f 1470 1469 1349
f 1461 1470 1349
f 1470 1461 1462
f 1471 1466 1464
f 1473 1472 1471
f 1464 1473 1471
f 1467 1473 1464
f 1358 1473 1354
f 1354 1473 1467
f 1476 1475 1474
f 1477 1476 1468
f 1476 1361 1468
f 1361 1355 1468
f 1476 1474 1361
f 1477 1468 1469
f 1472 1473 1478
f 1472 1478 1479
f 1363 1478 1358
f 1358 1478 1473
f 1481 1480 1475
f 1480 1366 1475
f 1367 1474 1475
f 1367 1475 1366
f 1367 1361 1474
f 1480 1481 1482
f 1485 1484 1483
f 1483 1484 1479
f 1478 1483 1479
f 1486 1483 1478
f 1368 1487 1363
f 1487 1478 1363
f 1487 1486 1478
f 1369 1487 1368
f 1489 1488 1373
f 1373 1488 1372
f 1491 1489 1490
f 1489 1374 1490
f 1489 1373 1374
f 1492 1490 1374
f 1492 1374 1366
f 1493 1492 1366
f 1480 1493 1366
f 1493 1480 1482
f 1485 1483 1494
f 1485 1494 1495
f 1496 1483 1486
f 1494 1483 1496
f 1377 1496 1376
f 1496 1487 1376
f 1496 1486 1487
f 1376 1487 1369
f 1488 1380 1372
f 1497 1380 1488
f 1498 1491 1490
f 1498 1490 1492
f 1495 1494 1499
f 1495 1499 1500
f 1382 1499 1381
f 1499 1496 1381
f 1499 1494 1496
f 1381 1496 1377
f 1502 1501 1384
f 1384 1501 1383
f 1384 1380 1497
f 1384 1497 1502
f 1505 1504 1503
f 1503 1504 1500
f 1503 1500 1499
f 1387 1503 1499
f 1386 1387 1499
f 1386 1499 1382
f 1507 1506 1390
f 1390 1506 1389
f 1508 1390 1391
f 1508 1507 1390
f 1391 1383 1501
f 1391 1501 1508
f 1505 1503 1393
f 1394 1505 1393
f 1509 1505 1394
f 1393 1503 1387
f 1506 1396 1389
f 1510 1396 1506
f 1398 1509 1394
f 1398 1511 1509
f 1510 1512 1396
f 1396 1512 1399
f 1401 1399 1512
f 1401 1512 1513
f 1402 1511 1398
f 1402 1514 1511
f 1513 1515 1401
f 1401 1515 1403
f 1404 1403 1515
f 1404 1515 1516
f 1518 1517 1405
f 1518 1405 1406
f 1402 1405 1514
f 1514 1405 1517
f 1516 1407 1404
f 1519 1407 1516
f 1408 1518 1406
f 1408 1520 1518
f 1522 1521 1410
f 1410 1521 1409
f 1410 1407 1519
f 1410 1519 1522
f 1408 1411 1523
f 1524 1408 1523
f 1520 1408 1524
f 1412 1523 1411
f 1521 1525 1409
f 1409 1525 1413
f 1413 1526 1415
f 1525 1526 1413
f 1415 1527 1417
f 1526 1527 1415
f 1417 1528 1419
f 1527 1528 1417
f 1530 1529 1420
f 1419 1530 1420
f 1528 1530 1419
f 1531 1529 1530
f 1524 1523 1422
f 1423 1524 1422
f 1532 1524 1423
f 1422 1523 1412
f 1533 1424 1529
f 1529 1424 1420
f 1529 1531 1534
f 1529 1534 1533
f 1536 1535 1427
f 1536 1427 1428
f 1423 1427 1532
f 1532 1427 1535
f 1533 1429 1424
f 1534 1537 1533
f 1537 1429 1533
f 1537 1430 1429
f 1537 1539 1538
f 1431 1537 1538
f 1430 1537 1431
f 1538 1433 1431
f 1542 1541 1540
f 1541 1536 1540
f 1536 1434 1540
f 1536 1428 1434
f 1545 1544 1543
f 1545 1543 1539
f 1539 1543 1538
f 1543 1436 1538
f 1436 1437 1538
f 1538 1546 1433
f 1546 1538 1547
f 1437 1547 1538
f 1547 1437 1548
f 1433 1548 1437
f 1548 1433 1546
f 1439 1440 1548
f 1546 1439 1548
f 1549 1439 1546
f 1540 1441 1542
f 1441 1549 1542
f 1441 1439 1549
f 1441 1540 1434
f 1544 1550 1543
f 1543 1550 1436
f 1550 1442 1436
f 1550 1551 1442
f 1548 1443 1547
f 1443 1551 1547
f 1443 1442 1551
f 1443 1548 1440
f 1553 1552 1445
f 1445 1552 1444
f 1555 1553 1554
f 1553 1446 1554
f 1553 1445 1446
f 1447 1554 1446
f 1556 1448 1449
f 1557 1556 1449
f 1444 1557 1449
f 1552 1557 1444
f 1558 1555 1554
f 1558 1554 1447
f 1450 1558 1447
f 1559 1558 1450
f 1561 1559 1560
f 1559 1451 1560
f 1559 1450 1451
f 1452 1562 1451
f 1451 1562 1560
f 1453 1562 1452
f 1556 1454 1448
f 1456 1454 1556
f 1557 1456 1556
f 1563 1456 1557
f 1564 1561 1560
f 1566 1565 1564
f 1560 1566 1564
f 1562 1566 1560
f 1457 1567 1453
f 1567 1562 1453
f 1567 1566 1562
f 1458 1567 1457
f 1570 1569 1568
f 1563 1570 1568
f 1459 1563 1568
f 1456 1563 1459
f 1565 1566 1571
f 1565 1571 1572
f 1573 1566 1567
f 1571 1566 1573
f 1460 1573 1458
f 1458 1573 1567
f 1568 1569 1463
f 1569 1462 1463
f 1569 1574 1462
f 1568 1463 1459
f 1577 1576 1575
f 1575 1576 1572
f 1571 1575 1572
f 1578 1575 1571
f 1466 1578 1465
f 1578 1573 1465
f 1578 1571 1573
f 1465 1573 1460
f 1580 1579 1470
f 1470 1579 1469
f 1470 1462 1574
f 1470 1574 1580
f 1581 1577 1575
f 1583 1582 1581
f 1575 1583 1581
f 1578 1583 1575
f 1471 1584 1466
f 1584 1578 1466
f 1584 1583 1578
f 1472 1584 1471
f 1585 1475 1476
f 1585 1476 1586
f 1476 1587 1586
f 1476 1477 1587
f 1477 1469 1579
f 1477 1579 1587
f 1588 1582 1583
f 1590 1589 1588
f 1583 1590 1588
f 1584 1590 1583
f 1479 1590 1472
f 1472 1590 1584
f 1585 1481 1475
f 1482 1481 1585
f 1586 1482 1585
f 1591 1482 1586
f 1589 1590 1484
f 1485 1589 1484
f 1592 1589 1485
f 1484 1590 1479
f 1593 1488 1489
f 1491 1593 1489
f 1594 1492 1493
f 1595 1594 1493
f 1482 1595 1493
f 1591 1595 1482
f 1495 1592 1485
f 1495 1596 1592
f 1597 1497 1593
f 1593 1497 1488
f 1498 1598 1491
f 1598 1593 1491
f 1598 1597 1593
f 1599 1598 1498
f 1599 1498 1492
f 1600 1599 1492
f 1594 1600 1492
f 1600 1594 1595
f 1603 1602 1601
f 1602 1596 1601
f 1596 1500 1601
f 1596 1495 1500
f 1606 1605 1604
f 1501 1502 1604
f 1502 1606 1604
f 1502 1607 1606
f 1502 1497 1597
f 1608 1502 1597
f 1607 1502 1608
f 1608 1597 1598
f 1608 1598 1609
f 1609 1598 1599
f 1603 1601 1504
f 1505 1603 1504
f 1610 1603 1505
f 1504 1601 1500
f 1611 1506 1507
f 1605 1612 1604
f 1612 1507 1604
f 1507 1508 1604
f 1507 1612 1611
f 1604 1508 1501
f 1509 1610 1505
f 1509 1613 1610
f 1615 1614 1611
f 1614 1506 1611
f 1614 1510 1506
f 1615 1611 1612
f 1511 1613 1509
f 1511 1616 1613
f 1512 1510 1617
f 1510 1618 1617
f 1510 1614 1618
f 1617 1513 1512
f 1621 1620 1619
f 1623 1622 1619
f 1623 1619 1620
f 1623 1616 1622
f 1616 1514 1622
f 1616 1511 1514
f 1618 1624 1617
f 1617 1624 1513
f 1624 1515 1513
f 1624 1625 1515
f 1627 1626 1516
f 1515 1627 1516
f 1625 1627 1515
f 1628 1626 1627
f 1621 1619 1629
f 1621 1629 1630
f 1518 1629 1517
f 1629 1622 1517
f 1629 1619 1622
f 1517 1622 1514
f 1631 1519 1626
f 1626 1519 1516
f 1626 1628 1632
f 1626 1632 1631
f 1633 1630 1629
f 1629 1518 1633
f 1518 1634 1633
f 1518 1520 1634
f 1636 1635 1522
f 1522 1635 1521
f 1522 1519 1631
f 1637 1522 1631
f 1636 1522 1637
f 1637 1631 1632
f 1524 1634 1520
f 1524 1638 1634
f 1641 1640 1639
f 1639 1642 1525
f 1635 1639 1525
f 1521 1635 1525
f 1639 1635 1641
f 1525 1642 1643
f 1644 1525 1643
f 1526 1525 1644
f 1526 1645 1527
f 1644 1645 1526
f 1527 1646 1528
f 1645 1646 1527
f 1528 1647 1530
f 1646 1647 1528
f 1531 1530 1647
f 1531 1647 1648
f 1651 1650 1649
f 1650 1638 1649
f 1638 1532 1649
f 1638 1524 1532
f 1640 1652 1639
f 1639 1652 1642
f 1642 1652 1653
f 1642 1653 1643
f 1655 1534 1654
f 1534 1648 1654
f 1534 1531 1648
f 1656 1655 1654
f 1659 1658 1657
f 1657 1658 1651
f 1657 1651 1649
f 1536 1657 1649
f 1535 1536 1649
f 1535 1649 1532
f 1655 1537 1534
f 1539 1537 1655
f 1656 1539 1655
f 1660 1539 1656
f 1659 1657 1541
f 1542 1659 1541
f 1661 1659 1542
f 1541 1657 1536
f 1663 1662 1545
f 1545 1662 1544
f 1545 1539 1660
f 1545 1660 1663
f 1665 1664 1546
f 1665 1546 1547
f 1546 1666 1549
f 1664 1666 1546
f 1542 1549 1661
f 1661 1549 1666
f 1662 1667 1544
f 1544 1667 1550
f 1550 1668 1551
f 1667 1668 1550
f 1547 1551 1665
f 1665 1551 1668
f 1669 1552 1553
f 1555 1669 1553
f 1670 1557 1669
f 1669 1557 1552
f 1670 1669 1555
f 1671 1670 1555
f 1558 1671 1555
f 1672 1670 1671
f 1674 1671 1673
f 1671 1559 1673
f 1671 1558 1559
f 1561 1673 1559
f 1677 1676 1675
f 1678 1677 1670
f 1677 1563 1670
f 1563 1557 1670
f 1677 1675 1563
f 1678 1670 1672
f 1679 1674 1673
f 1681 1679 1680
f 1680 1679 1564
f 1679 1673 1564
f 1673 1561 1564
f 1565 1680 1564
f 1675 1676 1570
f 1676 1569 1570
f 1676 1682 1569
f 1675 1570 1563
f 1681 1680 1683
f 1681 1683 1684
f 1572 1683 1565
f 1565 1683 1680
f 1687 1686 1685
f 1682 1687 1685
f 1574 1682 1685
f 1569 1682 1574
f 1684 1683 1576
f 1577 1684 1576
f 1688 1684 1577
f 1576 1683 1572
f 1685 1686 1580
f 1686 1579 1580
f 1686 1689 1579
f 1685 1580 1574
f 1692 1691 1690
f 1693 1690 1581
f 1690 1688 1581
f 1688 1577 1581
f 1688 1690 1691
f 1582 1693 1581
f 1694 1586 1587
f 1695 1694 1587
f 1579 1695 1587
f 1689 1695 1579
f 1696 1692 1690
f 1696 1690 1693
f 1696 1693 1697
f 1699 1697 1698
f 1698 1697 1588
f 1697 1693 1588
f 1693 1582 1588
f 1589 1698 1588
f 1700 1591 1694
f 1694 1591 1586
f 1694 1695 1701
f 1694 1701 1700
f 1699 1698 1702
f 1699 1702 1703
f 1592 1702 1589
f 1589 1702 1698
f 1705 1704 1700
f 1704 1591 1700
f 1704 1595 1591
f 1705 1700 1701
f 1703 1702 1706
f 1703 1706 1707
f 1596 1706 1592
f 1592 1706 1702
f 1708 1599 1600
f 1709 1708 1600
f 1595 1709 1600
f 1704 1709 1595
f 1707 1706 1602
f 1603 1707 1602
f 1710 1707 1603
f 1602 1706 1596
f 1711 1605 1606
f 1607 1712 1606
f 1606 1712 1711
f 1608 1713 1607
f 1607 1713 1712
f 1713 1608 1714
f 1608 1715 1714
f 1608 1609 1715
f 1609 1599 1708
f 1716 1609 1708
f 1715 1609 1716
f 1716 1708 1709
f 1610 1710 1603
f 1610 1717 1710
f 1719 1718 1711
f 1718 1605 1711
f 1718 1612 1605
f 1719 1711 1712
f 1719 1712 1720
f 1720 1712 1713
f 1720 1713 1721
f 1721 1713 1714
f 1613 1717 1610
f 1613 1722 1717
f 1723 1614 1615
f 1724 1723 1615
f 1612 1724 1615
f 1718 1724 1612
f 1727 1726 1725
f 1729 1728 1725
f 1729 1725 1726
f 1729 1722 1728
f 1722 1616 1728
f 1722 1613 1616
f 1731 1730 1723
f 1730 1614 1723
f 1730 1618 1614
f 1731 1723 1724
f 1727 1725 1620
f 1621 1727 1620
f 1732 1727 1621
f 1620 1725 1623
f 1623 1725 1728
f 1623 1728 1616
f 1730 1733 1618
f 1618 1733 1624
f 1624 1734 1625
f 1733 1734 1624
f 1625 1735 1627
f 1734 1735 1625
f 1628 1627 1735
f 1628 1735 1736
f 1739 1738 1737
f 1738 1732 1737
f 1732 1630 1737
f 1732 1621 1630
f 1741 1632 1740
f 1632 1736 1740
f 1632 1628 1736
f 1743 1742 1741
f 1743 1741 1740
f 1745 1744 1742
f 1745 1742 1743
f 1747 1746 1744
f 1747 1744 1745
f 1748 1746 1747
f 1749 1739 1737
f 1749 1737 1630
f 1633 1749 1630
f 1750 1749 1633
f 1633 1634 1750
f 1750 1634 1751
f 1752 1635 1636
f 1637 1753 1636
f 1636 1753 1752
f 1754 1753 1637
f 1754 1637 1632
f 1755 1754 1632
f 1741 1755 1632
f 1755 1741 1742
f 1755 1742 1756
f 1756 1742 1744
f 1756 1744 1757
f 1757 1744 1746
f 1757 1746 1758
f 1758 1746 1748
f 1638 1751 1634
f 1638 1759 1751
f 1761 1760 1641
f 1641 1760 1640
f 1641 1635 1752
f 1762 1641 1752
f 1761 1641 1762
f 1762 1764 1763
f 1764 1762 1643
f 1752 1643 1762
f 1643 1752 1644
f 1753 1644 1752
f 1764 1765 1763
f 1766 1753 1754
f 1753 1766 1644
f 1645 1644 1766
f 1645 1767 1646
f 1766 1767 1645
f 1646 1768 1647
f 1767 1768 1646
f 1648 1647 1768
f 1648 1768 1769
f 1771 1770 1650
f 1771 1650 1651
f 1638 1650 1759
f 1759 1650 1770
f 1760 1772 1640
f 1640 1772 1652
f 1652 1773 1653
f 1772 1773 1652
f 1643 1653 1764
f 1653 1774 1764
f 1653 1773 1774
f 1764 1774 1765
f 1769 1775 1648
f 1648 1775 1654
f 1656 1654 1775
f 1656 1775 1776
f 1778 1777 1658
f 1778 1658 1659
f 1651 1658 1771
f 1771 1658 1777
f 1776 1660 1656
f 1779 1660 1776
f 1782 1781 1780
f 1781 1778 1780
f 1778 1661 1780
f 1778 1659 1661
f 1784 1783 1663
f 1663 1783 1662
f 1663 1660 1779
f 1663 1779 1784
f 1786 1785 1664
f 1786 1664 1665
f 1780 1666 1782
f 1666 1785 1782
f 1666 1664 1785
f 1666 1780 1661
f 1783 1787 1662
f 1662 1787 1667
f 1667 1788 1668
f 1787 1788 1667
f 1665 1668 1786
f 1786 1668 1788
f 1789 1672 1671
f 1674 1789 1671
f 1790 1676 1677
f 1678 1791 1677
f 1677 1791 1790
f 1792 1791 1678
f 1792 1678 1672
f 1793 1792 1672
f 1789 1793 1672
f 1795 1793 1794
f 1794 1793 1679
f 1793 1789 1679
f 1789 1674 1679
f 1681 1794 1679
f 1797 1796 1790
f 1796 1676 1790
f 1796 1682 1676
f 1797 1790 1791
f 1797 1791 1798
f 1798 1791 1792
f 1799 1795 1794
f 1794 1681 1799
f 1681 1800 1799
f 1681 1684 1800
f 1802 1801 1687
f 1687 1801 1686
f 1687 1682 1796
f 1687 1796 1802
f 1805 1804 1803
f 1804 1800 1803
f 1800 1688 1803
f 1800 1684 1688
f 1801 1689 1686
f 1806 1689 1801
f 1809 1808 1807
f 1807 1808 1805
f 1807 1805 1803
f 1692 1807 1803
f 1691 1692 1803
f 1691 1803 1688
f 1806 1695 1689
f 1810 1695 1806
f 1809 1807 1811
f 1809 1811 1812
f 1811 1807 1692
f 1813 1811 1692
f 1696 1813 1692
f 1814 1811 1813
f 1816 1813 1815
f 1813 1697 1815
f 1813 1696 1697
f 1699 1815 1697
f 1810 1701 1695
f 1817 1701 1810
f 1812 1811 1818
f 1812 1818 1819
f 1811 1814 1820
f 1811 1820 1818
f 1821 1816 1815
f 1699 1703 1815
f 1703 1822 1815
f 1822 1821 1815
f 1822 1703 1823
f 1823 1824 1822
f 1825 1704 1705
f 1826 1825 1705
f 1701 1826 1705
f 1817 1826 1701
f 1827 1819 1818
f 1827 1818 1820
f 1707 1828 1823
f 1707 1823 1703
f 1824 1823 1829
f 1823 1830 1829
f 1823 1828 1830
f 1830 1831 1829
f 1832 1709 1825
f 1825 1709 1704
f 1825 1826 1833
f 1834 1825 1833
f 1832 1825 1834
f 1835 1834 1833
f 1710 1836 1828
f 1710 1828 1707
f 1838 1830 1837
f 1830 1836 1837
f 1830 1828 1836
f 1830 1838 1831
f 1839 1714 1715
f 1716 1840 1715
f 1715 1840 1839
f 1841 1840 1716
f 1841 1716 1709
f 1842 1841 1709
f 1832 1842 1709
f 1842 1832 1834
f 1842 1834 1843
f 1843 1834 1835
f 1845 1844 1836
f 1710 1845 1836
f 1717 1845 1710
f 1836 1844 1837
f 1846 1718 1719
f 1720 1847 1719
f 1719 1847 1846
f 1721 1848 1720
f 1720 1848 1847
f 1849 1848 1721
f 1849 1721 1714
f 1850 1849 1714
f 1839 1850 1714
f 1850 1839 1840
f 1850 1840 1851
f 1851 1840 1841
f 1854 1853 1852
f 1853 1845 1852
f 1845 1722 1852
f 1845 1717 1722
f 1855 1724 1846
f 1846 1724 1718
f 1847 1857 1856
f 1855 1847 1856
f 1846 1847 1855
f 1857 1847 1848
f 1857 1848 1858
f 1858 1848 1849
f 1860 1859 1726
f 1860 1726 1727
f 1852 1729 1854
f 1729 1859 1854
f 1729 1726 1859
f 1729 1852 1722
f 1861 1730 1731
f 1724 1855 1731
f 1855 1861 1731
f 1855 1862 1861
f 1855 1856 1863
f 1855 1863 1862
f 1732 1860 1727
f 1732 1864 1860
f 1861 1733 1730
f 1733 1861 1734
f 1734 1861 1862
f 1863 1865 1862
f 1865 1734 1862
f 1865 1735 1734
f 1867 1866 1736
f 1735 1867 1736
f 1865 1867 1735
f 1868 1866 1867
f 1871 1870 1869
f 1873 1872 1869
f 1873 1869 1870
f 1875 1874 1872
f 1875 1872 1873
f 1876 1874 1875
f 1878 1877 1738
f 1878 1738 1739
f 1732 1738 1864
f 1864 1738 1877
f 1866 1740 1736
f 1868 1879 1866
f 1879 1740 1866
f 1879 1743 1740
f 1869 1745 1871
f 1745 1879 1871
f 1745 1743 1879
f 1745 1869 1747
f 1747 1869 1872
f 1872 1874 1880
f 1748 1872 1880
f 1881 1748 1880
f 1872 1748 1747
f 1880 1874 1876
f 1882 1878 1739
f 1882 1739 1749
f 1884 1882 1883
f 1882 1750 1883
f 1882 1749 1750
f 1751 1883 1750
f 1885 1754 1755
f 1756 1886 1755
f 1755 1886 1885
f 1757 1887 1756
f 1756 1887 1886
f 1758 1888 1757
f 1757 1888 1887
f 1889 1888 1758
f 1748 1889 1758
f 1881 1889 1748
f 1884 1883 1890
f 1884 1890 1891
f 1759 1890 1751
f 1751 1890 1883
f 1893 1892 1761
f 1761 1892 1760
f 1894 1761 1762
f 1894 1893 1761
f 1895 1762 1763
f 1895 1894 1762
f 1885 1766 1754
f 1895 1763 1896
f 1765 1896 1763
f 1766 1885 1767
f 1767 1885 1886
f 1767 1886 1768
f 1768 1886 1887
f 1768 1887 1769
f 1887 1897 1769
f 1887 1888 1897
f 1888 1889 1898
f 1888 1898 1897
f 1891 1890 1770
f 1771 1891 1770
f 1899 1891 1771
f 1770 1890 1759
f 1892 1900 1760
f 1760 1900 1772
f 1772 1901 1773
f 1900 1901 1772
f 1773 1902 1774
f 1901 1902 1773
f 1765 1774 1896
f 1896 1774 1902
f 1775 1769 1897
f 1905 1904 1903
f 1776 1903 1904
f 1776 1898 1903
f 1776 1775 1897
f 1898 1776 1897
f 1907 1906 1777
f 1907 1777 1778
f 1771 1777 1899
f 1899 1777 1906
f 1904 1905 1908
f 1908 1905 1909
f 1908 1779 1776
f 1908 1776 1904
f 1911 1910 1781
f 1911 1781 1782
f 1778 1781 1907
f 1907 1781 1910
f 1908 1909 1784
f 1909 1783 1784
f 1909 1912 1783
f 1779 1908 1784
f 1915 1914 1913
f 1785 1786 1914
f 1915 1785 1914
f 1916 1785 1915
f 1782 1785 1911
f 1911 1785 1916
f 1912 1917 1783
f 1783 1917 1787
f 1914 1788 1913
f 1788 1917 1913
f 1788 1787 1917
f 1788 1914 1786
f 1918 1792 1793
f 1795 1918 1793
f 1920 1919 1797
f 1797 1919 1796
f 1921 1797 1798
f 1921 1920 1797
f 1798 1792 1918
f 1922 1798 1918
f 1921 1798 1922
f 1922 1918 1795
f 1799 1922 1795
f 1923 1922 1799
f 1799 1800 1923
f 1923 1800 1924
f 1926 1925 1802
f 1802 1925 1801
f 1802 1796 1919
f 1802 1919 1926
f 1928 1927 1804
f 1928 1804 1805
f 1800 1804 1924
f 1924 1804 1927
f 1925 1806 1801
f 1929 1806 1925
f 1809 1930 1808
f 1928 1805 1931
f 1805 1930 1931
f 1930 1932 1931
f 1805 1808 1930
f 1934 1933 1932
f 1932 1933 1931
f 1936 1935 1934
f 1934 1935 1933
f 1936 1937 1935
f 1929 1810 1806
f 1938 1810 1929
f 1941 1940 1939
f 1940 1942 1930
f 1812 1940 1930
f 1809 1812 1930
f 1939 1940 1812
f 1943 1814 1813
f 1930 1943 1813
f 1932 1930 1813
f 1942 1943 1930
f 1932 1813 1816
f 1944 1932 1816
f 1934 1932 1944
f 1934 1945 1936
f 1934 1944 1945
f 1937 1936 1946
f 1946 1936 1945
f 1948 1817 1947
f 1817 1938 1947
f 1817 1810 1938
f 1949 1948 1947
f 1941 1939 1950
f 1941 1950 1951
f 1819 1950 1812
f 1812 1950 1939
f 1943 1820 1814
f 1952 1820 1943
f 1821 1944 1816
f 1944 1821 1822
f 1944 1822 1945
f 1822 1824 1945
f 1824 1946 1945
f 1824 1953 1946
f 1954 1826 1948
f 1948 1826 1817
f 1948 1949 1955
f 1948 1955 1954
f 1956 1951 1950
f 1956 1950 1819
f 1827 1956 1819
f 1957 1956 1827
f 1827 1820 1952
f 1827 1952 1957
f 1824 1829 1958
f 1959 1824 1958
f 1953 1824 1959
f 1831 1958 1829
f 1954 1833 1826
f 1835 1833 1954
f 1955 1835 1954
f 1960 1835 1955
f 1959 1958 1838
f 1837 1959 1838
f 1961 1959 1837
f 1838 1958 1831
f 1962 1841 1842
f 1843 1963 1842
f 1842 1963 1962
f 1964 1963 1843
f 1835 1964 1843
f 1960 1964 1835
f 1966 1965 1844
f 1966 1844 1845
f 1837 1844 1961
f 1961 1844 1965
f 1967 1849 1850
f 1967 1850 1968
f 1850 1969 1968
f 1850 1851 1969
f 1851 1841 1962
f 1970 1851 1962
f 1969 1851 1970
f 1970 1962 1963
f 1970 1963 1971
f 1971 1963 1964
f 1973 1972 1853
f 1973 1853 1854
f 1845 1853 1966
f 1966 1853 1972
f 1974 1856 1857
f 1974 1857 1975
f 1857 1976 1975
f 1857 1858 1976
f 1858 1849 1967
f 1977 1858 1967
f 1976 1858 1977
f 1977 1967 1968
f 1979 1978 1859
f 1979 1859 1860
f 1854 1859 1973
f 1973 1859 1978
f 1981 1980 1974
f 1980 1856 1974
f 1980 1863 1856
f 1981 1974 1975
f 1984 1983 1982
f 1983 1979 1982
f 1979 1864 1982
f 1979 1860 1864
f 1980 1985 1863
f 1863 1985 1865
f 1865 1986 1867
f 1985 1986 1865
f 1988 1987 1868
f 1867 1988 1868
f 1986 1988 1867
f 1870 1871 1987
f 1988 1870 1987
f 1989 1870 1988
f 1870 1990 1873
f 1989 1990 1870
f 1873 1991 1875
f 1990 1991 1873
f 1876 1875 1991
f 1876 1991 1992
f 1984 1982 1877
f 1878 1984 1877
f 1993 1984 1878
f 1877 1982 1864
f 1987 1879 1868
f 1879 1987 1871
f 1994 1881 1880
f 1995 1994 1880
f 1876 1995 1880
f 1992 1995 1876
f 1996 1993 1878
f 1996 1878 1882
f 1882 1884 1996
f 1996 1884 1997
f 1999 1998 1994
f 1998 1881 1994
f 1998 1889 1881
f 1999 1994 1995
f 2002 2001 2000
f 2001 1997 2000
f 1997 1891 2000
f 1997 1884 1891
f 2004 2003 1893
f 1893 2003 1892
f 2005 1893 1894
f 2005 2004 1893
f 2007 2005 2006
f 2005 1895 2006
f 2005 1894 1895
f 1896 2006 1895
f 1998 1898 1889
f 2008 1898 1998
f 2002 2000 2009
f 2002 2009 2010
f 1899 2009 1891
f 1891 2009 2000
f 2003 2011 1892
f 1892 2011 1900
f 1900 2012 1901
f 2011 2012 1900
f 2006 1902 2007
f 1902 2012 2007
f 1902 1901 2012
f 1902 2006 1896
f 2013 1905 1903
f 2014 2013 1903
f 1898 2014 1903
f 2008 2014 1898
f 2010 2009 1906
f 1907 2010 1906
f 2015 2010 1907
f 1906 2009 1899
f 2017 2016 2013
f 2016 1905 2013
f 2016 1909 1905
f 2017 2013 2014
f 2020 2019 2018
f 1910 1911 2018
f 2019 1910 2018
f 2021 1910 2019
f 1907 1910 2015
f 2015 1910 2021
f 2023 1912 2022
f 1912 2016 2022
f 1912 1909 2016
f 1915 1913 2023
f 2022 1915 2023
f 2024 1915 2022
f 2018 1916 2020
f 1916 2024 2020
f 1916 1915 2024
f 1916 2018 1911
f 2023 1917 1912
f 1917 2023 1913
f 2025 1919 1920
f 1921 2026 1920
f 1920 2026 2025
f 2026 1921 2027
f 1921 2028 2027
f 1921 1922 2028
f 2029 1922 1923
f 2029 2028 1922
f 2031 2030 1924
f 2030 1923 1924
f 2030 2029 1923
f 2031 2032 2030
f 2033 1925 1926
f 1919 2025 1926
f 2025 2033 1926
f 2025 2034 2033
f 2026 2036 2035
f 2034 2026 2035
f 2025 2026 2034
f 2036 2026 2027
f 1928 2037 1927
f 2031 1924 1927
f 2037 2031 1927
f 2038 2031 2037
f 2032 2031 2039
f 2039 2031 2038
f 2040 1929 2033
f 2033 1929 1925
f 2041 2033 2034
f 2040 2033 2041
f 2034 2035 2042
f 2034 2042 2041
f 1931 2037 1928
f 2037 1931 1933
f 2037 1933 2038
f 2043 2039 2038
f 1933 2043 2038
f 1935 2043 1933
f 1935 1937 2043
f 2043 1937 2044
f 2045 1938 2040
f 2040 1938 1929
f 2046 2040 2041
f 2045 2040 2046
f 2047 1940 1941
f 2041 2047 1941
f 2046 2041 1941
f 2047 2041 2042
f 2047 2049 2048
f 1942 2047 2048
f 1940 2047 1942
f 2048 1943 1942
f 1946 2044 1937
f 1946 2050 2044
f 2045 1947 1938
f 1947 2045 1949
f 2045 2051 1949
f 2045 2046 2051
f 1951 2051 1941
f 1941 2051 2046
f 2048 2049 2052
f 2052 2049 2053
f 2052 1952 1943
f 2052 1943 2048
f 1953 2055 2054
f 2050 1953 2054
f 1946 1953 2050
f 2055 2056 2054
f 2058 2057 2051
f 2057 1949 2051
f 2057 1955 1949
f 2058 2051 1951
f 1956 2058 1951
f 2059 2058 1956
f 1957 2052 2053
f 2059 1957 2053
f 1956 1957 2059
f 2052 1957 1952
f 2061 2060 2055
f 1953 2061 2055
f 1959 2061 1953
f 2055 2060 2056
f 2064 2063 2062
f 2057 2064 2062
f 1960 2057 2062
f 1955 2057 1960
f 1961 2061 1959
f 1961 2065 2061
f 2062 2063 2066
f 2066 2063 2067
f 2066 1964 1960
f 2066 1960 2062
f 2069 2068 1965
f 2069 1965 1966
f 1961 1965 2065
f 2065 1965 2068
f 2072 2071 2070
f 1968 1969 2070
f 1969 2072 2070
f 1969 2073 2072
f 2074 1969 1970
f 2074 2073 1969
f 1971 2066 2067
f 2074 1971 2067
f 1970 1971 2074
f 2066 1971 1964
f 2076 2075 1972
f 2076 1972 1973
f 1966 1972 2069
f 2069 1972 2075
f 2078 2077 1976
f 1976 2077 1975
f 1977 2070 2071
f 2078 1977 2071
f 1976 1977 2078
f 2070 1977 1968
f 2080 2079 1978
f 2080 1978 1979
f 1973 1978 2076
f 2076 1978 2079
f 2082 2081 1981
f 1981 2081 1980
f 1981 1975 2077
f 1981 2077 2082
f 1984 2083 1983
f 2083 2084 1983
f 2084 1979 1983
f 2084 2080 1979
f 1985 1980 2085
f 1980 2086 2085
f 1980 2081 2086
f 1985 2085 2087
f 2088 1985 2087
f 1986 1985 2088
f 1986 2089 1988
f 2088 2089 1986
f 1988 2090 1989
f 2089 2090 1988
f 1989 2091 1990
f 2090 2091 1989
f 1990 2092 1991
f 2091 2092 1990
f 1992 1991 2092
f 1992 2092 2093
f 1993 2094 2083
f 1993 2083 1984
f 2084 2083 2095
f 2095 2083 2094
f 2086 2096 2085
f 2085 2096 2087
f 2093 1995 1992
f 2097 1995 2093
f 2099 1996 2098
f 2099 1993 1996
f 2094 1993 2099
f 2094 2099 2100
f 2100 2095 2094
f 1997 2098 1996
f 2102 2101 1999
f 1999 2101 1998
f 1999 1995 2097
f 1999 2097 2102
f 2099 2098 2001
f 2002 2099 2001
f 2103 2099 2002
f 2001 2098 1997
f 2104 2003 2004
f 2005 2105 2004
f 2004 2105 2104
f 2007 2105 2005
f 2101 2008 1998
f 2106 2008 2101
f 2010 2103 2002
f 2010 2107 2103
f 2104 2011 2003
f 2011 2104 2012
f 2012 2104 2105
f 2012 2105 2007
f 2106 2014 2008
f 2108 2014 2106
f 2015 2107 2010
f 2015 2109 2107
f 2111 2110 2017
f 2017 2110 2016
f 2108 2112 2014
f 2113 2014 2112
f 2014 2113 2017
f 2114 2017 2113
f 2017 2114 2111
f 2019 2020 2113
f 2112 2019 2113
f 2115 2019 2112
f 2019 2116 2021
f 2115 2116 2019
f 2015 2021 2109
f 2109 2021 2116
f 2110 2117 2016
f 2016 2117 2022
f 2113 2024 2114
f 2024 2117 2114
f 2024 2022 2117
f 2024 2113 2020
f 2118 2027 2028
f 2029 2119 2028
f 2028 2119 2118
f 2030 2120 2029
f 2029 2120 2119
f 2032 2120 2030
f 2121 2035 2036
f 2122 2121 2036
f 2122 2036 2027
f 2123 2122 2027
f 2118 2123 2027
f 2123 2118 2119
f 2123 2119 2124
f 2124 2119 2120
f 2124 2120 2125
f 2032 2039 2120
f 2039 2126 2120
f 2126 2125 2120
f 2126 2039 2127
f 2127 2128 2126
f 2129 2042 2121
f 2121 2042 2035
f 2121 2122 2130
f 2121 2130 2129
f 2043 2127 2039
f 2132 2131 2044
f 2044 2131 2043
f 2131 2128 2043
f 2128 2127 2043
f 2132 2133 2131
f 2135 2047 2134
f 2047 2042 2134
f 2134 2042 2129
f 2136 2134 2129
f 2129 2130 2136
f 2047 2135 2049
f 2050 2137 2132
f 2050 2132 2044
f 2133 2132 2138
f 2138 2132 2137
f 2135 2134 2139
f 2139 2134 2140
f 2139 2053 2049
f 2139 2049 2135
f 2054 2137 2050
f 2142 2141 2056
f 2056 2141 2054
f 2141 2138 2054
f 2138 2137 2054
f 2142 2143 2141
f 2145 2144 2058
f 2058 2144 2057
f 2059 2139 2140
f 2145 2059 2140
f 2058 2059 2145
f 2139 2059 2053
f 2061 2146 2060
f 2142 2056 2060
f 2146 2142 2060
f 2147 2142 2146
f 2143 2142 2148
f 2148 2142 2147
f 2150 2149 2064
f 2064 2149 2063
f 2064 2057 2144
f 2064 2144 2150
f 2152 2151 2146
f 2061 2152 2146
f 2065 2152 2061
f 2146 2151 2147
f 2147 2151 2153
f 2147 2153 2148
f 2156 2155 2154
f 2149 2156 2154
f 2067 2149 2154
f 2063 2149 2067
f 2158 2157 2068
f 2158 2068 2069
f 2065 2068 2152
f 2152 2068 2157
f 2160 2159 2072
f 2072 2159 2071
f 2161 2072 2073
f 2161 2160 2072
f 2074 2154 2155
f 2161 2074 2155
f 2073 2074 2161
f 2154 2074 2067
f 2163 2162 2075
f 2163 2075 2076
f 2069 2075 2158
f 2158 2075 2162
f 2164 2077 2078
f 2165 2164 2078
f 2071 2165 2078
f 2159 2165 2071
f 2080 2166 2079
f 2166 2167 2079
f 2167 2076 2079
f 2167 2163 2076
f 2168 2081 2082
f 2169 2168 2082
f 2169 2082 2077
f 2170 2169 2077
f 2164 2170 2077
f 2170 2164 2165
f 2084 2171 2166
f 2084 2166 2080
f 2167 2166 2172
f 2172 2166 2171
f 2174 2173 2168
f 2173 2081 2168
f 2173 2086 2081
f 2175 2174 2087
f 2174 2175 2169
f 2088 2169 2175
f 2169 2088 2168
f 2087 2168 2088
f 2168 2087 2174
f 2088 2175 2176
f 2177 2088 2176
f 2089 2088 2177
f 2089 2178 2090
f 2177 2178 2089
f 2090 2179 2091
f 2178 2179 2090
f 2091 2180 2092
f 2179 2180 2091
f 2093 2092 2180
f 2093 2180 2181
f 2183 2182 2171
f 2084 2183 2171
f 2095 2183 2084
f 2171 2182 2172
f 2173 2184 2086
f 2086 2184 2096
f 2087 2096 2175
f 2096 2185 2175
f 2096 2184 2185
f 2175 2185 2176
f 2181 2097 2093
f 2186 2097 2181
f 2188 2187 2100
f 2188 2100 2099
f 2095 2100 2183
f 2183 2100 2187
f 2190 2189 2102
f 2102 2189 2101
f 2102 2097 2186
f 2102 2186 2190
f 2103 2188 2099
f 2103 2191 2188
f 2189 2106 2101
f 2192 2106 2189
f 2107 2191 2103
f 2107 2193 2191
f 2196 2195 2194
f 2192 2196 2194
f 2108 2192 2194
f 2106 2192 2108
f 2199 2198 2197
f 2201 2200 2197
f 2201 2197 2198
f 2201 2193 2200
f 2193 2109 2200
f 2193 2107 2109
f 2194 2195 2111
f 2195 2110 2111
f 2195 2202 2110
f 2203 2111 2114
f 2111 2203 2194
f 2204 2194 2203
f 2194 2204 2108
f 2112 2108 2204
f 2197 2115 2199
f 2115 2204 2199
f 2115 2112 2204
f 2115 2197 2116
f 2116 2197 2200
f 2116 2200 2109
f 2202 2205 2110
f 2110 2205 2117
f 2114 2117 2203
f 2203 2117 2205
f 2206 2122 2123
f 2206 2123 2207
f 2123 2208 2207
f 2123 2124 2208
f 2209 2124 2125
f 2209 2208 2124
f 2210 2125 2126
f 2210 2209 2125
f 2126 2128 2210
f 2210 2128 2211
f 2213 2212 2206
f 2212 2122 2206
f 2212 2130 2122
f 2213 2206 2207
f 2214 2211 2128
f 2214 2128 2131
f 2131 2133 2214
f 2214 2133 2215
f 2217 2216 2136
f 2136 2216 2134
f 2136 2130 2212
f 2136 2212 2217
f 2138 2219 2218
f 2215 2138 2218
f 2133 2138 2215
f 2219 2220 2218
f 2216 2140 2134
f 2221 2140 2216
f 2141 2219 2138
f 2141 2143 2219
f 2143 2220 2219
f 2143 2222 2220
f 2224 2223 2145
f 2145 2223 2144
f 2145 2140 2221
f 2145 2221 2224
f 2227 2226 2225
f 2226 2222 2225
f 2222 2148 2225
f 2222 2143 2148
f 2229 2228 2150
f 2150 2228 2149
f 2150 2144 2223
f 2150 2223 2229
f 2231 2230 2151
f 2231 2151 2152
f 2225 2153 2227
f 2153 2230 2227
f 2153 2151 2230
f 2153 2225 2148
f 2233 2232 2156
f 2156 2232 2155
f 2156 2149 2228
f 2156 2228 2233
f 2235 2234 2157
f 2235 2157 2158
f 2152 2157 2231
f 2231 2157 2234
f 2236 2159 2160
f 2236 2160 2237
f 2160 2238 2237
f 2160 2161 2238
f 2161 2155 2232
f 2161 2232 2238
f 2240 2239 2162
f 2240 2162 2163
f 2158 2162 2235
f 2235 2162 2239
f 2242 2241 2236
f 2241 2159 2236
f 2241 2165 2159
f 2242 2236 2237
f 2167 2240 2163
f 2167 2243 2240
f 2245 2244 2170
f 2170 2244 2169
f 2170 2165 2241
f 2170 2241 2245
f 2248 2247 2246
f 2249 2246 2247
f 2172 2243 2167
f 2172 2250 2243
f 2252 2251 2174
f 2174 2251 2173
f 2174 2169 2244
f 2174 2244 2252
f 2254 2253 2177
f 2254 2177 2176
f 2177 2255 2178
f 2253 2255 2177
f 2178 2256 2179
f 2255 2256 2178
f 2246 2180 2248
f 2180 2256 2248
f 2180 2179 2256
f 2181 2180 2246
f 2249 2181 2246
f 2257 2181 2249
f 2259 2258 2182
f 2259 2182 2183
f 2172 2182 2250
f 2250 2182 2258
f 2251 2260 2173
f 2173 2260 2184
f 2184 2261 2185
f 2260 2261 2184
f 2176 2185 2254
f 2254 2185 2261
f 2264 2263 2262
f 2257 2264 2262
f 2186 2257 2262
f 2181 2257 2186
f 2267 2266 2265
f 2187 2188 2265
f 2266 2187 2265
f 2268 2187 2266
f 2183 2187 2259
f 2259 2187 2268
f 2262 2263 2190
f 2263 2189 2190
f 2263 2269 2189
f 2262 2190 2186
f 2267 2265 2270
f 2267 2270 2271
f 2191 2270 2188
f 2188 2270 2265
f 2274 2273 2272
f 2269 2274 2272
f 2192 2269 2272
f 2189 2269 2192
f 2277 2276 2275
f 2275 2276 2271
f 2270 2275 2271
f 2278 2275 2270
f 2193 2278 2191
f 2191 2278 2270
f 2272 2273 2196
f 2273 2195 2196
f 2273 2279 2195
f 2272 2280 2192
f 2280 2272 2281
f 2196 2281 2272
f 2281 2196 2282
f 2192 2282 2196
f 2282 2192 2280
f 2282 2280 2277
f 2282 2277 2275
f 2199 2282 2275
f 2198 2199 2275
f 2198 2275 2201
f 2201 2275 2278
f 2201 2278 2193
f 2285 2284 2283
f 2279 2285 2283
f 2202 2279 2283
f 2195 2279 2202
f 2281 2282 2204
f 2203 2281 2204
f 2286 2281 2203
f 2204 2282 2199
f 2284 2287 2283
f 2283 2287 2202
f 2287 2205 2202
f 2287 2288 2205
f 2203 2205 2286
f 2286 2205 2288
f 2290 2289 2208
f 2208 2289 2207
f 2291 2208 2209
f 2291 2290 2208
f 2292 2209 2210
f 2292 2291 2209
f 2294 2293 2211
f 2293 2210 2211
f 2293 2292 2210
f 2294 2295 2293
f 2297 2296 2213
f 2213 2296 2212
f 2213 2207 2289
f 2213 2289 2297
f 2214 2294 2211
f 2214 2215 2294
f 2215 2295 2294
f 2215 2298 2295
f 2300 2299 2217
f 2217 2299 2216
f 2217 2212 2296
f 2217 2296 2300
f 2301 2298 2215
f 2301 2215 2218
f 2218 2220 2301
f 2301 2220 2302
f 2299 2221 2216
f 2303 2221 2299
f 2222 2305 2304
f 2302 2222 2304
f 2220 2222 2302
f 2305 2306 2304
f 2307 2223 2224
f 2308 2307 2224
f 2221 2308 2224
f 2303 2308 2221
f 2310 2309 2226
f 2310 2226 2227
f 2222 2226 2305
f 2226 2311 2305
f 2226 2309 2311
f 2305 2311 2306
f 2312 2228 2229
f 2313 2312 2229
f 2313 2229 2223
f 2314 2313 2223
f 2307 2314 2223
f 2314 2307 2308
f 2317 2316 2315
f 2230 2231 2315
f 2316 2230 2315
f 2318 2230 2316
f 2227 2230 2310
f 2310 2230 2318
f 2320 2319 2233
f 2233 2319 2232
f 2233 2228 2312
f 2321 2233 2312
f 2320 2233 2321
f 2321 2312 2313
f 2324 2323 2322
f 2325 2322 2323
f 2317 2315 2234
f 2235 2317 2234
f 2326 2317 2235
f 2234 2315 2231
f 2329 2328 2327
f 2237 2238 2327
f 2238 2329 2327
f 2238 2330 2329
f 2238 2232 2319
f 2238 2319 2330
f 2333 2332 2331
f 2331 2332 2324
f 2322 2331 2324
f 2334 2331 2322
f 2335 2239 2240
f 2322 2335 2240
f 2334 2322 2240
f 2335 2322 2325
f 2235 2239 2326
f 2326 2239 2335
f 2338 2337 2336
f 2338 2336 2328
f 2328 2336 2327
f 2336 2241 2327
f 2241 2242 2327
f 2327 2242 2237
f 2339 2333 2331
f 2341 2340 2339
f 2331 2341 2339
f 2334 2341 2331
f 2243 2341 2240
f 2240 2341 2334
f 2336 2337 2245
f 2337 2244 2245
f 2337 2342 2244
f 2336 2245 2241
f 2345 2344 2343
f 2247 2248 2343
f 2344 2247 2343
f 2346 2247 2344
f 2249 2247 2346
f 2249 2346 2347
f 2340 2341 2348
f 2340 2348 2349
f 2250 2348 2243
f 2243 2348 2341
f 2350 2251 2252
f 2351 2350 2252
f 2244 2351 2252
f 2342 2351 2244
f 2353 2352 2253
f 2353 2253 2254
f 2253 2354 2255
f 2352 2354 2253
f 2343 2256 2345
f 2256 2354 2345
f 2256 2255 2354
f 2256 2343 2248
f 2347 2257 2249
f 2355 2257 2347
f 2349 2348 2258
f 2259 2349 2258
f 2356 2349 2259
f 2258 2348 2250
f 2350 2260 2251
f 2351 2357 2350
f 2357 2260 2350
f 2357 2261 2260
f 2254 2261 2353
f 2353 2261 2357
f 2358 2263 2264
f 2359 2358 2264
f 2257 2359 2264
f 2355 2359 2257
f 2361 2360 2266
f 2361 2266 2267
f 2266 2362 2268
f 2360 2362 2266
f 2259 2268 2356
f 2356 2268 2362
f 2363 2269 2358
f 2358 2269 2263
f 2358 2359 2364
f 2365 2358 2364
f 2363 2358 2365
f 2364 2361 2365
f 2361 2271 2365
f 2361 2267 2271
f 2367 2366 2274
f 2274 2366 2273
f 2274 2269 2363
f 2368 2274 2363
f 2367 2274 2368
f 2277 2369 2276
f 2369 2363 2276
f 2363 2365 2276
f 2369 2368 2363
f 2276 2365 2271
f 2372 2371 2370
f 2366 2372 2370
f 2279 2366 2370
f 2273 2366 2279
f 2374 2373 2280
f 2374 2280 2281
f 2277 2280 2369
f 2369 2280 2373
f 2370 2371 2285
f 2371 2284 2285
f 2371 2375 2284
f 2370 2376 2279
f 2376 2370 2377
f 2285 2377 2370
f 2377 2285 2378
f 2279 2378 2285
f 2378 2279 2376
f 2376 2374 2378
f 2374 2286 2378
f 2374 2281 2286
f 2375 2379 2284
f 2284 2379 2287
f 2378 2288 2377
f 2288 2379 2377
f 2288 2287 2379
f 2288 2378 2286
f 2381 2380 2290
f 2290 2380 2289
f 2382 2290 2291
f 2382 2381 2290
f 2383 2291 2292
f 2383 2382 2291
f 2384 2292 2293
f 2384 2383 2292
f 2293 2295 2384
f 2384 2295 2385
f 2387 2386 2297
f 2297 2386 2296
f 2297 2289 2380
f 2297 2380 2387
f 2298 2385 2295
f 2298 2388 2385
f 2389 2299 2300
f 2390 2389 2300
f 2296 2390 2300
f 2386 2390 2296
f 2391 2388 2298
f 2391 2298 2301
f 2393 2392 2302
f 2392 2301 2302
f 2392 2391 2301
f 2393 2394 2392
f 2397 2396 2395
f 2399 2398 2395
f 2395 2398 2397
f 2399 2400 2398
f 2401 2303 2389
f 2389 2303 2299
f 2389 2390 2402
f 2389 2402 2401
f 2405 2404 2403
f 2407 2406 2403
f 2407 2403 2404
f 2408 2406 2407
f 2304 2393 2302
f 2304 2306 2393
f 2306 2394 2393
f 2306 2409 2394
f 2396 2410 2395
f 2395 2410 2399
f 2399 2410 2411
f 2399 2411 2400
f 2412 2308 2401
f 2401 2308 2303
f 2401 2402 2413
f 2401 2413 2412
f 2405 2403 2414
f 2405 2414 2415
f 2416 2403 2406
f 2414 2403 2416
f 2417 2309 2310
f 2406 2417 2310
f 2416 2406 2310
f 2417 2406 2408
f 2309 2418 2311
f 2417 2418 2309
f 2306 2311 2409
f 2409 2311 2418
f 2420 2419 2314
f 2314 2419 2313
f 2314 2308 2412
f 2421 2314 2412
f 2420 2314 2421
f 2421 2412 2413
f 2424 2423 2422
f 2422 2423 2415
f 2422 2415 2414
f 2317 2422 2414
f 2316 2317 2414
f 2316 2414 2318
f 2318 2414 2416
f 2318 2416 2310
f 2426 2425 2320
f 2320 2425 2319
f 2427 2320 2321
f 2427 2426 2320
f 2321 2313 2419
f 2321 2419 2427
f 2430 2429 2428
f 2323 2324 2428
f 2429 2323 2428
f 2431 2323 2429
f 2422 2432 2325
f 2431 2422 2325
f 2323 2431 2325
f 2424 2422 2431
f 2326 2432 2317
f 2317 2432 2422
f 2433 2328 2329
f 2433 2329 2434
f 2329 2435 2434
f 2329 2330 2435
f 2330 2319 2425
f 2330 2425 2435
f 2430 2428 2332
f 2333 2430 2332
f 2436 2430 2333
f 2332 2428 2324
f 2432 2335 2325
f 2335 2432 2326
f 2437 2337 2338
f 2438 2437 2338
f 2438 2338 2328
f 2439 2438 2328
f 2433 2439 2328
f 2439 2433 2434
f 2333 2339 2440
f 2441 2333 2440
f 2436 2333 2441
f 2340 2440 2339
f 2443 2442 2437
f 2442 2337 2437
f 2442 2342 2337
f 2443 2437 2438
f 2446 2445 2444
f 2344 2345 2444
f 2445 2344 2444
f 2447 2344 2445
f 2344 2448 2346
f 2447 2448 2344
f 2347 2346 2448
f 2347 2448 2449
f 2441 2440 2450
f 2441 2450 2451
f 2349 2450 2340
f 2340 2450 2440
f 2442 2351 2342
f 2452 2351 2442
f 2454 2453 2352
f 2454 2352 2353
f 2444 2354 2446
f 2354 2453 2446
f 2354 2352 2453
f 2354 2444 2345
f 2449 2355 2347
f 2455 2355 2449
f 2451 2450 2456
f 2451 2456 2457
f 2356 2456 2349
f 2349 2456 2450
f 2452 2458 2351
f 2351 2458 2357
f 2353 2357 2454
f 2454 2357 2458
f 2455 2359 2355
f 2459 2359 2455
f 2461 2460 2360
f 2461 2360 2361
f 2456 2362 2457
f 2362 2460 2457
f 2362 2360 2460
f 2362 2456 2356
f 2459 2462 2359
f 2359 2462 2364
f 2361 2364 2461
f 2461 2364 2462
f 2464 2463 2367
f 2367 2463 2366
f 2465 2367 2368
f 2465 2464 2367
f 2368 2369 2465
f 2465 2369 2466
f 2468 2467 2372
f 2372 2467 2371
f 2372 2366 2463
f 2372 2463 2468
f 2470 2469 2373
f 2470 2373 2374
f 2369 2373 2466
f 2466 2373 2469
f 2473 2472 2471
f 2467 2473 2471
f 2375 2467 2471
f 2371 2467 2375
f 2475 2474 2376
f 2475 2376 2377
f 2374 2376 2470
f 2470 2376 2474
f 2472 2476 2471
f 2471 2476 2375
f 2476 2379 2375
f 2476 2477 2379
f 2377 2379 2475
f 2475 2379 2477
f 2478 2380 2381
f 2382 2479 2381
f 2381 2479 2478
f 2383 2480 2382
f 2382 2480 2479
f 2480 2383 2481
f 2383 2482 2481
f 2383 2384 2482
f 2384 2385 2482
f 2482 2385 2483
f 2484 2386 2387
f 2485 2484 2387
f 2485 2387 2380
f 2486 2485 2380
f 2478 2486 2380
f 2486 2478 2479
f 2486 2479 2487
f 2487 2479 2480
f 2487 2480 2488
f 2488 2480 2481
f 2388 2490 2489
f 2483 2388 2489
f 2385 2388 2483
f 2490 2491 2489
f 2493 2492 2484
f 2492 2386 2484
f 2492 2390 2386
f 2493 2484 2485
f 2391 2490 2388
f 2494 2491 2490
f 2391 2494 2490
f 2392 2494 2391
f 2496 2495 2394
f 2495 2392 2394
f 2495 2494 2392
f 2396 2397 2496
f 2397 2495 2496
f 2397 2497 2495
f 2498 2397 2398
f 2498 2497 2397
f 2398 2400 2498
f 2498 2400 2499
f 2492 2402 2390
f 2500 2402 2492
f 2405 2501 2404
f 2404 2501 2502
f 2503 2404 2502
f 2407 2404 2503
f 2505 2504 2408
f 2407 2505 2408
f 2503 2505 2407
f 2506 2504 2505
f 2508 2507 2496
f 2394 2508 2496
f 2409 2508 2394
f 2507 2510 2509
f 2507 2509 2410
f 2496 2507 2410
f 2396 2496 2410
f 2410 2509 2511
f 2512 2410 2511
f 2411 2410 2512
f 2400 2411 2499
f 2499 2411 2512
f 2500 2413 2402
f 2513 2413 2500
f 2515 2514 2501
f 2405 2515 2501
f 2415 2515 2405
f 2501 2514 2502
f 2504 2417 2408
f 2506 2516 2504
f 2516 2417 2504
f 2516 2418 2417
f 2409 2418 2508
f 2508 2418 2516
f 2510 2517 2509
f 2509 2517 2511
f 2519 2518 2420
f 2420 2518 2419
f 2520 2420 2421
f 2520 2519 2420
f 2421 2413 2513
f 2421 2513 2520
f 2522 2521 2423
f 2522 2423 2424
f 2415 2423 2515
f 2515 2423 2521
f 2525 2524 2523
f 2425 2426 2523
f 2426 2525 2523
f 2426 2526 2525
f 2527 2426 2427
f 2527 2526 2426
f 2427 2419 2518
f 2427 2518 2527
f 2529 2528 2429
f 2529 2429 2430
f 2429 2530 2431
f 2528 2530 2429
f 2424 2431 2522
f 2522 2431 2530
f 2533 2532 2531
f 2533 2531 2524
f 2524 2531 2523
f 2531 2434 2523
f 2434 2435 2523
f 2523 2435 2425
f 2436 2529 2430
f 2436 2534 2529
f 2531 2532 2439
f 2532 2438 2439
f 2532 2535 2438
f 2531 2439 2434
f 2441 2534 2436
f 2441 2536 2534
f 2537 2442 2443
f 2438 2535 2538
f 2537 2438 2538
f 2539 2537 2538
f 2443 2438 2537
f 2445 2446 2539
f 2538 2445 2539
f 2540 2445 2538
f 2445 2541 2447
f 2540 2541 2445
f 2447 2542 2448
f 2541 2542 2447
f 2449 2448 2542
f 2449 2542 2543
f 2451 2536 2441
f 2451 2544 2536
f 2545 2452 2537
f 2537 2452 2442
f 2454 2545 2453
f 2545 2539 2453
f 2545 2537 2539
f 2453 2539 2446
f 2543 2455 2449
f 2546 2455 2543
f 2457 2544 2451
f 2457 2547 2544
f 2545 2458 2452
f 2458 2545 2454
f 2546 2459 2455
f 2548 2459 2546
f 2461 2549 2460
f 2549 2550 2460
f 2550 2457 2460
f 2550 2547 2457
f 2462 2459 2551
f 2459 2552 2551
f 2459 2548 2552
f 2551 2553 2462
f 2462 2553 2461
f 2553 2554 2461
f 2554 2549 2461
f 2549 2554 2550
f 2556 2555 2464
f 2464 2555 2463
f 2557 2464 2465
f 2557 2556 2464
f 2552 2558 2551
f 2466 2557 2465
f 2557 2466 2559
f 2551 2558 2553
f 2560 2467 2468
f 2561 2560 2468
f 2463 2561 2468
f 2555 2561 2463
f 2563 2562 2469
f 2563 2469 2470
f 2466 2469 2559
f 2559 2469 2562
f 2564 2472 2473
f 2467 2560 2473
f 2560 2564 2473
f 2560 2565 2564
f 2566 2474 2475
f 2560 2566 2475
f 2565 2560 2475
f 2566 2560 2561
f 2470 2474 2563
f 2563 2474 2566
f 2564 2476 2472
f 2476 2564 2477
f 2477 2564 2565
f 2477 2565 2475
f 2567 2481 2482
f 2483 2567 2482
f 2569 2568 2486
f 2486 2568 2485
f 2570 2486 2487
f 2570 2569 2486
f 2571 2487 2488
f 2571 2570 2487
f 2488 2481 2567
f 2572 2488 2567
f 2571 2488 2572
f 2572 2567 2483
f 2489 2572 2483
f 2573 2572 2489
f 2575 2574 2491
f 2574 2489 2491
f 2574 2573 2489
f 2575 2576 2574
f 2578 2577 2493
f 2493 2577 2492
f 2493 2485 2568
f 2493 2568 2578
f 2494 2575 2491
f 2579 2576 2575
f 2494 2579 2575
f 2495 2579 2494
f 2580 2495 2497
f 2580 2579 2495
f 2582 2580 2581
f 2580 2498 2581
f 2580 2497 2498
f 2499 2581 2498
f 2577 2500 2492
f 2583 2500 2577
f 2585 2584 2503
f 2585 2503 2502
f 2584 2587 2586
f 2505 2584 2586
f 2503 2584 2505
f 2586 2506 2505
f 2508 2588 2507
f 2588 2510 2507
f 2582 2581 2512
f 2511 2582 2512
f 2589 2582 2511
f 2512 2581 2499
f 2592 2591 2590
f 2583 2592 2590
f 2513 2583 2590
f 2500 2583 2513
f 2594 2593 2514
f 2594 2514 2515
f 2502 2514 2585
f 2585 2514 2593
f 2587 2595 2586
f 2586 2595 2506
f 2595 2516 2506
f 2595 2596 2516
f 2508 2516 2588
f 2516 2597 2588
f 2516 2596 2597
f 2588 2597 2510
f 2597 2517 2510
f 2597 2598 2517
f 2511 2517 2589
f 2589 2517 2598
f 2599 2518 2519
f 2591 2600 2590
f 2600 2519 2590
f 2519 2520 2590
f 2519 2600 2599
f 2590 2520 2513
f 2522 2601 2521
f 2601 2602 2521
f 2602 2515 2521
f 2602 2594 2515
f 2603 2524 2525
f 2603 2525 2604
f 2525 2605 2604
f 2525 2526 2605
f 2606 2526 2527
f 2606 2605 2526
f 2527 2518 2599
f 2607 2527 2599
f 2606 2527 2607
f 2607 2599 2600
f 2529 2608 2528
f 2609 2530 2528
f 2609 2528 2608
f 2609 2610 2530
f 2530 2610 2522
f 2610 2611 2522
f 2611 2601 2522
f 2601 2611 2602
f 2613 2612 2533
f 2533 2612 2532
f 2533 2524 2603
f 2614 2533 2603
f 2613 2533 2614
f 2603 2615 2614
f 2603 2616 2615
f 2603 2604 2617
f 2616 2603 2617
f 2619 2618 2616
f 2619 2616 2617
f 2621 2620 2618
f 2621 2618 2619
f 2622 2620 2621
f 2624 2623 2608
f 2529 2624 2608
f 2534 2624 2529
f 2608 2623 2609
f 2609 2623 2625
f 2609 2625 2610
f 2627 2535 2626
f 2535 2612 2626
f 2535 2532 2612
f 2629 2628 2627
f 2629 2627 2626
f 2628 2629 2615
f 2616 2628 2615
f 2630 2628 2616
f 2631 2616 2618
f 2630 2616 2631
f 2620 2633 2632
f 2631 2620 2632
f 2618 2620 2631
f 2633 2620 2622
f 2536 2635 2634
f 2624 2536 2634
f 2534 2536 2624
f 2635 2636 2634
f 2627 2538 2535
f 2538 2627 2540
f 2540 2627 2628
f 2540 2628 2541
f 2541 2628 2630
f 2541 2630 2542
f 2542 2630 2631
f 2543 2542 2631
f 2632 2543 2631
f 2637 2543 2632
f 2639 2638 2635
f 2536 2639 2635
f 2544 2639 2536
f 2635 2638 2636
f 2637 2546 2543
f 2640 2546 2637
f 2547 2639 2544
f 2547 2641 2639
f 2640 2548 2546
f 2642 2548 2640
f 2550 2641 2547
f 2550 2643 2641
f 2642 2552 2548
f 2644 2552 2642
f 2646 2645 2554
f 2646 2554 2553
f 2550 2554 2643
f 2643 2554 2645
f 2647 2555 2556
f 2557 2648 2556
f 2556 2648 2647
f 2648 2557 2559
f 2649 2558 2644
f 2552 2644 2558
f 2553 2558 2646
f 2646 2558 2649
f 2650 2561 2647
f 2647 2561 2555
f 2563 2650 2562
f 2650 2648 2562
f 2650 2647 2648
f 2562 2648 2559
f 2650 2566 2561
f 2566 2650 2563
f 2652 2651 2569
f 2569 2651 2568
f 2653 2569 2570
f 2653 2652 2569
f 2654 2570 2571
f 2654 2653 2570
f 2655 2571 2572
f 2655 2654 2571
f 2656 2572 2573
f 2656 2655 2572
f 2658 2656 2657
f 2656 2574 2657
f 2656 2573 2574
f 2576 2657 2574
f 2660 2659 2578
f 2578 2659 2577
f 2578 2568 2651
f 2578 2651 2660
f 2663 2662 2661
f 2665 2664 2661
f 2665 2661 2662
f 2667 2666 2664
f 2667 2664 2665
f 2666 2667 2658
f 2657 2666 2658
f 2668 2666 2657
f 2579 2669 2576
f 2669 2657 2576
f 2669 2668 2657
f 2669 2579 2670
f 2579 2671 2670
f 2579 2580 2671
f 2580 2582 2671
f 2671 2582 2672
f 2659 2583 2577
f 2673 2583 2659
f 2676 2675 2674
f 2674 2675 2663
f 2661 2674 2663
f 2677 2674 2661
f 2585 2677 2584
f 2677 2664 2584
f 2677 2661 2664
f 2584 2664 2587
f 2664 2678 2587
f 2664 2666 2678
f 2679 2666 2668
f 2678 2666 2679
f 2680 2668 2669
f 2679 2668 2680
f 2669 2670 2681
f 2669 2681 2680
f 2589 2672 2582
f 2589 2682 2672
f 2683 2591 2592
f 2684 2683 2592
f 2583 2684 2592
f 2673 2684 2583
f 2676 2674 2685
f 2676 2685 2686
f 2594 2685 2593
f 2685 2677 2593
f 2685 2674 2677
f 2593 2677 2585
f 2678 2595 2587
f 2595 2678 2596
f 2596 2678 2679
f 2596 2679 2597
f 2597 2679 2680
f 2681 2687 2680
f 2687 2597 2680
f 2687 2598 2597
f 2589 2598 2682
f 2682 2598 2687
f 2690 2689 2688
f 2691 2690 2683
f 2690 2600 2683
f 2600 2591 2683
f 2690 2688 2600
f 2691 2683 2684
f 2692 2686 2685
f 2685 2594 2692
f 2594 2693 2692
f 2594 2602 2693
f 2694 2604 2605
f 2694 2605 2695
f 2605 2696 2695
f 2605 2606 2696
f 2607 2688 2689
f 2696 2607 2689
f 2606 2607 2696
f 2688 2607 2600
f 2698 2697 2611
f 2698 2611 2610
f 2602 2611 2693
f 2693 2611 2697
f 2699 2612 2613
f 2614 2700 2613
f 2613 2700 2699
f 2604 2694 2617
f 2700 2614 2615
f 2695 2701 2694
f 2701 2617 2694
f 2701 2619 2617
f 2619 2702 2621
f 2701 2702 2619
f 2622 2621 2702
f 2622 2702 2703
f 2705 2704 2623
f 2705 2623 2624
f 2623 2706 2625
f 2704 2706 2623
f 2610 2625 2698
f 2698 2625 2706
f 2699 2626 2612
f 2626 2699 2629
f 2629 2699 2700
f 2629 2700 2615
f 2707 2632 2633
f 2708 2707 2633
f 2622 2708 2633
f 2703 2708 2622
f 2709 2705 2624
f 2709 2624 2634
f 2634 2636 2709
f 2709 2636 2710
f 2712 2711 2707
f 2711 2632 2707
f 2711 2637 2632
f 2712 2707 2708
f 2639 2713 2638
f 2713 2714 2638
f 2714 2636 2638
f 2714 2710 2636
f 2711 2640 2637
f 2715 2640 2711
f 2717 2716 2713
f 2639 2717 2713
f 2641 2717 2639
f 2713 2716 2714
f 2715 2642 2640
f 2718 2642 2715
f 2721 2720 2719
f 2720 2717 2719
f 2717 2643 2719
f 2717 2641 2643
f 2723 2644 2722
f 2644 2718 2722
f 2644 2642 2718
f 2723 2722 2721
f 2723 2721 2719
f 2646 2723 2719
f 2645 2646 2719
f 2645 2719 2643
f 2723 2649 2644
f 2649 2723 2646
f 2724 2651 2652
f 2724 2652 2725
f 2652 2726 2725
f 2652 2653 2726
f 2727 2653 2654
f 2727 2726 2653
f 2729 2727 2728
f 2727 2655 2728
f 2727 2654 2655
f 2656 2730 2655
f 2655 2730 2728
f 2658 2730 2656
f 2732 2731 2660
f 2660 2731 2659
f 2660 2651 2724
f 2733 2660 2724
f 2732 2660 2733
f 2724 2734 2733
f 2724 2735 2734
f 2724 2725 2736
f 2735 2724 2736
f 2662 2663 2735
f 2736 2662 2735
f 2737 2662 2736
f 2728 2665 2729
f 2665 2737 2729
f 2665 2662 2737
f 2665 2728 2667
f 2667 2728 2730
f 2667 2730 2658
f 2738 2670 2671
f 2672 2738 2671
f 2731 2673 2659
f 2739 2673 2731
f 2734 2735 2675
f 2676 2734 2675
f 2740 2734 2676
f 2675 2735 2663
f 2741 2681 2738
f 2738 2681 2670
f 2682 2741 2672
f 2672 2741 2738
f 2739 2684 2673
f 2742 2684 2739
f 2686 2740 2676
f 2686 2743 2740
f 2741 2687 2681
f 2687 2741 2682
f 2745 2744 2690
f 2690 2744 2689
f 2746 2690 2691
f 2746 2745 2690
f 2691 2684 2742
f 2691 2742 2746
f 2686 2692 2747
f 2748 2686 2747
f 2743 2686 2748
f 2693 2747 2692
f 2750 2749 2696
f 2696 2749 2695
f 2696 2689 2744
f 2696 2744 2750
f 2753 2752 2751
f 2751 2752 2748
f 2751 2748 2747
f 2698 2751 2747
f 2697 2698 2747
f 2697 2747 2693
f 2749 2754 2695
f 2695 2754 2701
f 2701 2755 2702
f 2754 2755 2701
f 2757 2756 2703
f 2702 2757 2703
f 2755 2757 2702
f 2704 2705 2756
f 2757 2704 2756
f 2758 2704 2757
f 2751 2706 2753
f 2706 2758 2753
f 2706 2704 2758
f 2706 2751 2698
f 2760 2759 2756
f 2759 2703 2756
f 2759 2708 2703
f 2762 2760 2761
f 2761 2760 2709
f 2760 2756 2709
f 2756 2705 2709
f 2710 2761 2709
f 2763 2711 2712
f 2764 2763 2712
f 2708 2764 2712
f 2759 2764 2708
f 2765 2762 2761
f 2761 2710 2765
f 2710 2766 2765
f 2710 2714 2766
f 2767 2715 2763
f 2763 2715 2711
f 2763 2764 2768
f 2769 2763 2768
f 2767 2763 2769
f 2716 2717 2769
f 2768 2716 2769
f 2770 2716 2768
f 2714 2716 2766
f 2766 2716 2770
f 2771 2718 2767
f 2767 2718 2715
f 2721 2771 2720
f 2771 2769 2720
f 2771 2767 2769
f 2720 2769 2717
f 2771 2722 2718
f 2722 2771 2721
f 2772 2725 2726
f 2727 2773 2726
f 2726 2773 2772
f 2729 2773 2727
f 2774 2731 2732
f 2733 2775 2732
f 2732 2775 2774
f 2725 2772 2736
f 2775 2733 2734
f 2736 2772 2737
f 2737 2772 2773
f 2737 2773 2729
f 2776 2739 2774
f 2774 2739 2731
f 2775 2778 2777
f 2776 2775 2777
f 2774 2775 2776
f 2775 2734 2778
f 2734 2779 2778
f 2734 2740 2779
f 2780 2742 2776
f 2776 2742 2739
f 2776 2777 2781
f 2776 2781 2780
f 2743 2779 2740
f 2743 2782 2779
f 2784 2783 2745
f 2745 2783 2744
f 2785 2745 2746
f 2785 2784 2745
f 2746 2742 2780
f 2786 2746 2780
f 2785 2746 2786
f 2786 2780 2781
f 2748 2782 2743
f 2748 2787 2782
f 2789 2788 2750
f 2750 2788 2749
f 2750 2744 2783
f 2750 2783 2789
f 2792 2791 2790
f 2794 2793 2790
f 2794 2790 2791
f 2752 2753 2793
f 2794 2752 2793
f 2795 2752 2794
f 2748 2752 2787
f 2787 2752 2795
f 2788 2796 2749
f 2749 2796 2754
f 2754 2797 2755
f 2796 2797 2754
f 2790 2757 2792
f 2757 2797 2792
f 2757 2755 2797
f 2757 2790 2758
f 2758 2790 2793
f 2758 2793 2753
f 2798 2759 2760
f 2762 2798 2760
f 2799 2764 2798
f 2798 2764 2759
f 2799 2798 2762
f 2800 2799 2762
f 2765 2800 2762
f 2801 2799 2800
f 2765 2766 2800
f 2800 2766 2802
f 2799 2768 2764
f 2801 2803 2799
f 2803 2768 2799
f 2803 2770 2768
f 2766 2770 2802
f 2802 2770 2803
f 2804 2777 2778
f 2779 2804 2778
f 2805 2781 2804
f 2804 2781 2777
f 2782 2805 2779
f 2779 2805 2804
f 2806 2783 2784
f 2785 2807 2784
f 2784 2807 2806
f 2786 2808 2785
f 2785 2808 2807
f 2781 2805 2786
f 2805 2808 2786
f 2805 2809 2808
f 2787 2809 2782
f 2782 2809 2805
f 2810 2788 2789
f 2783 2806 2789
f 2806 2810 2789
f 2806 2811 2810
f 2792 2811 2791
f 2811 2807 2791
f 2811 2806 2807
f 2791 2807 2794
f 2794 2807 2808
f 2794 2808 2795
f 2795 2808 2809
f 2795 2809 2787
f 2810 2796 2788
f 2796 2810 2797
f 2797 2810 2811
f 2797 2811 2792
f 2812 2801 2800
f 2802 2812 2800
f 2812 2803 2801
f 2803 2812 2802
