v -47.1 17.0 39.0
v -47.0 17.0 38.9
v -47.0 16.9 39.0
v -47.0 16.8 40.0
v -47.8 17.0 40.0
v -47.0 17.0 40.3
v -47.0 17.2 39.0
v -47.0 17.5 40.0
v -47.0 17.6 41.0
v -47.9 18.0 41.0
v -47.0 18.0 40.5
v -47.0 18.0 41.3
v -47.3 19.0 41.0
v -47.0 19.0 40.6
v -47.0 18.6 42.0
v -47.3 19.0 42.0
v -47.0 19.0 43.0
v -47.0 19.0 43.0
v -47.0 19.0 43.0
v -47.0 19.4 41.0
v -47.1 20.0 42.0
v -47.0 20.0 41.8
v -47.0 20.0 42.2
v -47.0 19.0 43.0
v -47.0 20.1 42.0
v -47.0 25.0 45.0
v -47.0 25.0 45.0
v -47.0 25.0 45.0
v -47.0 25.0 45.0
v -47.1 26.0 44.0
v -47.0 26.0 43.9
v -47.0 25.9 44.0
v -47.2 26.0 45.0
v -47.0 26.0 45.2
v -47.0 26.1 44.0
v -47.0 26.3 45.0
v -46.0 15.0 38.0
v -46.0 15.0 38.0
v -46.0 15.0 38.0
v -46.0 15.0 38.0
v -46.4 16.0 38.0
v -46.0 16.0 37.6
v -46.0 15.7 39.0
v -46.3 16.0 39.0
v -46.0 16.0 39.3
v -46.5 17.0 38.0
v -46.0 17.0 37.5
v -46.0 16.6 40.0
v -46.0 17.0 40.4
v -46.3 18.0 38.0
v -46.0 18.0 37.7
v -46.5 18.0 39.0
v -46.7 18.0 40.0
v -46.0 17.6 41.0
v -46.0 18.0 41.4
v -46.0 18.3 38.0
v -46.0 18.7 39.0
v -46.5 19.0 40.0
v -46.0 19.0 39.3
v -46.0 18.4 42.0
v -46.0 18.8 43.0
v -46.0 19.0 43.3
v -46.3 20.0 40.0
v -46.0 20.0 39.7
v -46.6 20.0 41.0
v -46.5 20.0 43.0
v -46.0 20.0 43.9
v -46.0 20.3 40.0
v -46.0 20.5 41.0
v -46.0 20.6 42.0
v -46.0 20.5 43.0
v -46.2 24.0 43.0
v -46.0 24.0 42.8
v -46.0 23.5 43.0
v -46.0 23.8 44.0
v -46.2 24.0 44.0
v -46.0 24.0 44.3
v -46.0 24.3 43.0
v -46.6 25.0 44.0
v -46.0 25.0 43.4
v -46.0 24.6 45.0
v -46.0 25.0 45.4
v -46.0 26.0 43.5
v -46.0 25.9 46.0
v -46.1 26.0 46.0
v -46.0 26.0 46.1
v -46.4 27.0 44.0
v -46.0 27.0 43.5
v -46.4 27.0 45.0
v -46.0 27.0 45.5
v -46.0 26.2 46.0
v -46.2 28.0 44.0
v -46.0 28.0 43.7
v -46.0 28.0 44.4
v -46.0 27.5 45.0
v -46.0 28.7 44.0
v -45.0 15.0 37.0
v -45.0 15.0 37.0
v -45.0 15.0 37.0
v -45.0 14.7 38.0
v -45.0 15.0 38.4
v -45.3 16.0 37.0
v -45.0 16.0 36.7
v -45.0 15.5 39.0
v -45.0 16.0 39.5
v -45.5 17.0 37.0
v -45.0 17.0 36.6
v -45.0 16.5 40.0
v -45.0 17.0 40.4
v -45.3 18.0 37.0
v -45.0 18.0 36.7
v -45.2 18.0 41.0
v -45.0 18.0 40.9
v -45.2 18.0 47.0
v -45.0 18.0 46.8
v -45.0 17.8 47.0
v -45.0 18.0 47.4
v -45.0 18.4 37.0
v -45.4 19.0 38.0
v -45.0 19.0 37.5
v -45.7 19.0 39.0
v -45.0 18.1 41.0
v -45.0 18.7 42.0
v -45.6 19.0 43.0
v -45.0 19.0 42.5
v -45.1 19.0 46.0
v -45.0 19.0 45.9
v -45.0 18.9 46.0
v -45.6 19.0 47.0
v -45.0 19.0 47.3
v -45.0 19.5 38.0
v -45.4 20.0 39.0
v -45.0 20.0 38.5
v -45.0 19.3 43.0
v -45.0 19.7 44.0
v -45.9 20.0 44.0
v -45.0 20.0 44.3
v -45.0 19.1 46.0
v -45.0 19.3 47.0
v -45.0 20.5 39.0
v -45.4 21.0 40.0
v -45.0 21.0 39.5
v -45.6 21.0 41.0
v -45.6 21.0 42.0
v -45.4 21.0 43.0
v -45.0 21.0 43.6
v -45.0 20.5 44.0
v -45.0 21.5 40.0
v -45.3 22.0 41.0
v -45.0 22.0 40.6
v -45.4 22.0 42.0
v -45.0 22.0 42.6
v -45.0 21.6 43.0
v -45.0 22.6 41.0
v -45.3 23.0 42.0
v -45.0 23.0 41.5
v -45.0 23.0 42.7
v -45.0 23.6 42.0
v -45.0 24.0 42.3
v -45.0 23.2 43.0
v -45.0 23.6 44.0
v -45.0 24.0 44.4
v -45.5 25.0 43.0
v -45.0 25.0 42.6
v -45.0 24.5 45.0
v -45.0 25.0 45.5
v -45.0 25.8 43.0
v -45.0 26.0 43.1
v -45.0 25.7 46.0
v -45.0 26.0 46.2
v -45.4 27.0 43.0
v -45.0 27.0 42.6
v -45.0 26.2 43.0
v -45.5 27.0 46.0
v -45.0 27.0 46.4
v -45.4 28.0 43.0
v -45.0 28.0 42.5
v -45.7 28.0 45.0
v -45.2 28.0 46.0
v -45.0 28.0 46.2
v -45.1 29.0 42.0
v -45.0 29.0 41.9
v -45.0 28.9 42.0
v -45.0 28.6 43.0
v -45.0 29.0 42.2
v -45.0 28.9 44.0
v -45.2 29.0 45.0
v -45.0 29.0 44.4
v -45.0 29.0 45.2
v -45.0 28.3 46.0
v -45.3 30.0 42.0
v -45.0 30.0 41.7
v -45.0 30.0 42.6
v -45.0 29.2 45.0
v -45.1 31.0 42.0
v -45.0 31.0 41.9
v -45.0 30.6 43.0
v -45.2 31.0 43.0
v -45.0 31.0 43.2
v -45.0 31.1 42.0
v -45.0 31.2 43.0
v -45.0 15.0 37.0
v -44.0 15.0 37.9
v -44.0 14.9 38.0
v -44.0 15.0 38.1
v -44.5 16.0 37.0
v -44.0 16.0 37.3
v -44.0 15.6 39.0
v -44.0 16.0 39.4
v -44.0 17.0 36.2
v -44.0 16.4 37.0
v -44.0 16.6 40.0
v -44.0 17.0 40.4
v -44.0 18.0 36.3
v -44.0 17.7 41.0
v -44.7 18.0 41.0
v -44.0 18.0 41.3
v -44.0 18.0 46.8
v -44.0 17.9 47.0
v -44.0 18.0 47.1
v -44.5 19.0 37.0
v -44.0 19.0 36.6
v -44.0 19.0 41.7
v -44.4 19.0 42.0
v -44.3 19.0 45.0
v -44.0 19.0 44.7
v -44.0 18.8 45.0
v -44.0 18.4 46.0
v -44.0 19.0 47.3
v -44.0 19.5 37.0
v -44.5 20.0 38.0
v -44.0 20.0 37.5
v -44.0 19.2 42.0
v -44.0 19.5 43.0
v -44.0 19.4 44.0
v -44.5 20.0 45.0
v -44.0 19.6 46.0
v -44.0 20.0 45.6
v -44.0 19.3 47.0
v -44.0 20.5 38.0
v -44.5 21.0 39.0
v -44.0 21.0 38.5
v -44.7 21.0 44.0
v -44.3 21.0 45.0
v -44.0 21.0 45.3
v -44.0 21.5 39.0
v -44.5 22.0 40.0
v -44.0 22.0 39.5
v -44.7 22.0 43.0
v -44.4 22.0 44.0
v -44.0 22.0 44.6
v -44.0 21.4 45.0
v -44.0 22.8 40.0
v -44.7 23.0 41.0
v -44.0 23.0 40.1
v -44.9 23.0 43.0
v -44.4 23.0 44.0
v -44.0 23.0 44.4
v -44.1 24.0 39.0
v -44.0 24.0 38.8
v -44.0 23.8 39.0
v -44.0 23.2 40.0
v -44.5 24.0 40.0
v -44.9 24.0 41.0
v -44.8 24.0 42.0
v -44.0 24.0 44.1
v -44.0 24.3 39.0
v -44.4 25.0 40.0
v -44.0 25.0 39.4
v -44.5 25.0 41.0
v -44.2 25.0 42.0
v -44.0 24.6 45.0
v -44.0 25.0 45.4
v -44.3 26.0 40.0
v -44.0 26.0 39.7
v -44.4 26.0 41.0
v -44.4 26.0 42.0
v -44.9 26.0 43.0
v -44.4 26.0 46.0
v -44.0 26.0 45.8
v -44.0 26.3 40.0
v -44.0 26.6 41.0
v -44.5 27.0 42.0
v -44.0 27.0 41.3
v -44.0 26.2 46.0
v -44.0 27.0 46.4
v -44.6 28.0 42.0
v -44.0 28.0 41.4
v -44.0 28.0 46.4
v -44.0 29.0 41.3
v -44.7 29.0 43.0
v -44.6 29.0 44.0
v -44.0 28.5 46.0
v -44.0 29.0 45.5
v -44.2 30.0 41.0
v -44.0 30.0 40.8
v -44.0 29.6 41.0
v -44.5 30.0 43.0
v -45.0 30.0 44.0
v -44.3 30.0 45.0
v -44.0 30.0 45.2
v -44.0 30.2 41.0
v -44.0 31.0 41.7
v -44.4 31.0 44.0
v -44.0 31.0 44.3
v -44.0 30.3 45.0
v -44.0 31.3 42.0
v -44.1 32.0 43.0
v -44.0 32.0 42.9
v -44.0 32.0 43.1
v -44.0 31.3 44.0
v -44.0 32.1 43.0
v -43.9 15.0 38.0
v -43.0 16.0 37.7
v -43.0 15.7 38.0
v -43.5 16.0 39.0
v -43.0 16.0 38.4
v -43.1 17.0 37.0
v -43.0 17.0 37.1
v -43.0 16.4 39.0
v -43.5 17.0 40.0
v -43.0 17.0 39.7
v -43.4 18.0 36.0
v -43.0 18.0 35.7
v -43.0 17.7 36.0
v -43.0 17.1 37.0
v -43.0 17.3 40.0
v -43.0 17.8 41.0
v -43.0 18.0 41.2
v -43.8 18.0 47.0
v -43.4 19.0 36.0
v -43.0 19.0 35.7
v -43.0 19.0 41.6
v -43.0 19.0 44.5
v -43.0 18.6 45.0
v -43.0 18.1 46.0
v -43.0 18.6 47.0
v -43.0 19.0 47.3
v -43.0 19.5 36.0
v -43.6 20.0 37.0
v -43.0 20.0 36.4
v -43.0 19.4 42.0
v -43.0 19.5 43.0
v -43.0 19.4 44.0
v -43.6 20.0 46.0
v -43.0 20.0 46.5
v -43.0 19.4 47.0
v -43.2 21.0 37.0
v -43.0 21.0 36.8
v -43.6 21.0 38.0
v -43.0 20.6 46.0
v -43.0 21.0 45.7
v -43.0 21.2 37.0
v -43.0 21.8 38.0
v -43.6 22.0 39.0
v -43.0 22.0 38.2
v -43.6 22.0 45.0
v -43.0 22.0 45.5
v -43.2 23.0 35.0
v -43.0 23.0 34.8
v -43.0 22.8 35.0
v -43.0 22.8 36.0
v -43.2 23.0 36.0
v -43.0 23.0 36.6
v -43.3 23.0 38.0
v -43.0 23.0 37.4
v -43.0 22.3 38.0
v -43.6 23.0 39.0
v -43.9 23.0 40.0
v -43.4 23.0 45.0
v -43.0 23.0 45.3
v -43.3 24.0 35.0
v -43.0 24.0 34.6
v -43.5 24.0 36.0
v -43.0 23.3 37.0
v -43.4 24.0 37.0
v -43.6 24.0 38.0
v -43.0 23.8 45.0
v -43.0 24.0 44.9
v -43.3 25.0 35.0
v -43.0 25.0 34.7
v -43.5 25.0 36.0
v -43.5 25.0 37.0
v -43.5 25.0 38.0
v -43.7 25.0 39.0
v -43.0 24.1 45.0
v -43.0 25.0 45.6
v -43.0 25.5 35.0
v -43.3 26.0 36.0
v -43.0 26.0 35.5
v -43.5 26.0 37.0
v -43.5 26.0 38.0
v -43.6 26.0 39.0
v -43.0 25.5 46.0
v -43.7 26.0 46.0
v -43.0 26.0 46.3
v -43.0 26.5 36.0
v -43.3 27.0 37.0
v -43.0 27.0 36.5
v -43.4 27.0 38.0
v -43.5 27.0 39.0
v -43.6 27.0 40.0
v -43.7 27.0 41.0
v -43.0 27.0 46.4
v -43.0 27.4 37.0
v -43.0 27.6 38.0
v -43.4 28.0 39.0
v -43.0 28.0 38.4
v -43.5 28.0 40.0
v -43.6 28.0 41.0
v -43.0 28.0 46.2
v -43.3 29.0 39.0
v -43.0 29.0 38.7
v -43.5 29.0 40.0
v -43.7 29.0 41.0
v -43.0 28.3 46.0
v -43.0 29.0 45.6
v -43.0 29.4 39.0
v -43.3 30.0 40.0
v -43.0 30.0 39.6
v -43.0 30.0 45.3
v -43.0 30.3 40.0
v -43.0 30.5 41.0
v -43.3 31.0 42.0
v -43.0 30.9 42.0
v -43.0 31.0 42.1
v -43.0 30.3 45.0
v -43.0 31.0 44.5
v -43.0 32.0 43.0
v -43.0 31.5 44.0
v -43.0 32.0 43.0
v -43.0 32.0 43.0
v -42.0 16.0 38.0
v -42.0 16.0 38.0
v -42.0 16.0 38.0
v -42.8 17.0 37.0
v -42.0 17.0 36.7
v -42.0 16.7 37.0
v -42.0 16.7 39.0
v -42.0 17.0 39.3
v -42.0 18.0 35.7
v -42.0 17.6 36.0
v -42.0 17.7 40.0
v -42.7 18.0 41.0
v -42.0 18.0 40.3
v -42.0 19.0 35.1
v -42.3 19.0 41.0
v -42.0 19.0 40.8
v -42.0 19.0 44.5
v -42.0 18.5 45.0
v -42.0 18.4 46.0
v -42.0 18.6 47.0
v -42.0 19.0 47.4
v -42.5 20.0 36.0
v -42.0 20.0 35.6
v -42.0 19.2 41.0
v -42.0 19.5 42.0
v -42.0 19.5 43.0
v -42.0 19.4 44.0
v -42.5 20.0 47.0
v -42.0 20.0 47.3
v -42.0 20.5 36.0
v -42.0 21.0 36.4
v -42.7 21.0 46.0
v -42.0 21.0 46.6
v -42.0 20.5 47.0
v -42.0 21.7 37.0
v -42.8 22.0 38.0
v -42.0 22.0 37.3
v -42.4 22.0 46.0
v -42.0 22.0 46.3
v -42.0 23.0 34.6
v -42.0 22.6 35.0
v -42.0 22.5 36.0
v -42.0 22.3 37.0
v -42.8 23.0 37.0
v -42.0 22.7 46.0
v -42.0 23.0 45.8
v -42.0 24.0 34.3
v -42.9 24.0 45.0
v -42.0 23.4 46.0
v -42.3 24.0 46.0
v -42.0 24.0 46.3
v -42.3 25.0 34.0
v -42.0 25.0 33.7
v -42.0 24.5 34.0
v -42.6 25.0 46.0
v -42.0 25.0 46.4
v -42.2 26.0 34.0
v -42.0 26.0 33.8
v -42.7 26.0 35.0
v -42.0 26.0 46.4
v -42.0 26.3 34.0
v -42.3 27.0 35.0
v -42.0 27.0 34.7
v -42.7 27.0 36.0
v -42.4 27.0 46.0
v -42.0 26.6 46.0
v -42.0 27.0 45.7
v -42.0 27.4 35.0
v -42.3 28.0 36.0
v -42.0 28.0 35.6
v -42.5 28.0 37.0
v -42.7 28.0 38.0
v -42.7 28.0 46.0
v -42.0 28.0 45.6
v -42.0 28.3 36.0
v -42.0 28.6 37.0
v -42.4 29.0 38.0
v -42.0 29.0 37.5
v -42.0 29.0 45.4
v -42.0 29.4 38.0
v -42.4 30.0 39.0
v -42.0 30.0 38.7
v -42.5 30.0 45.0
v -42.0 29.6 45.0
v -42.0 30.0 44.7
v -42.0 30.3 39.0
v -42.0 30.6 40.0
v -42.0 30.6 41.0
v -42.7 31.0 42.0
v -42.0 31.0 41.6
v -42.0 31.0 44.3
v -42.0 31.3 42.0
v -42.0 31.5 43.0
v -43.0 32.0 43.0
v -42.0 31.3 44.0
v -42.0 16.0 38.0
v -41.0 17.0 37.0
v -41.0 17.0 37.0
v -41.5 17.0 38.0
v -41.0 17.0 37.0
v -41.8 17.0 39.0
v -41.5 18.0 36.0
v -41.0 18.0 36.4
v -41.2 18.0 38.0
v -41.0 18.0 37.7
v -41.4 18.0 39.0
v -41.6 18.0 40.0
v -41.0 19.0 35.4
v -41.0 18.3 36.0
v -41.0 18.2 38.0
v -41.0 18.4 39.0
v -41.0 18.5 40.0
v -41.0 19.0 40.6
v -41.0 19.0 44.3
v -41.0 18.1 45.0
v -41.0 18.3 46.0
v -41.0 18.4 47.0
v -41.0 18.7 48.0
v -41.3 19.0 48.0
v -41.0 19.0 48.9
v -41.0 20.0 35.4
v -41.0 19.3 41.0
v -41.0 19.5 42.0
v -41.0 19.4 43.0
v -41.0 19.2 44.0
v -41.0 19.5 48.0
v -41.0 20.0 47.7
v -41.5 21.0 36.0
v -41.0 21.0 35.6
v -41.4 21.0 47.0
v -41.0 21.0 47.3
v -41.0 21.6 36.0
v -41.2 22.0 37.0
v -41.0 22.0 36.8
v -41.0 21.4 47.0
v -41.0 22.0 46.6
v -41.3 23.0 34.0
v -41.0 23.0 33.8
v -41.0 22.8 34.0
v -41.0 22.5 35.0
v -41.0 22.2 36.0
v -41.8 23.0 46.0
v -41.0 23.0 46.4
v -41.6 24.0 34.0
v -41.0 24.0 33.6
v -41.0 24.0 46.5
v -41.0 25.0 33.4
v -41.0 25.0 46.5
v -41.0 26.0 33.5
v -41.0 26.0 46.3
v -41.0 26.7 34.0
v -41.0 27.0 34.2
v -41.0 26.3 46.0
v -41.0 27.0 45.6
v -41.4 28.0 35.0
v -41.0 28.0 34.6
v -41.0 28.0 45.5
v -41.0 28.3 35.0
v -41.0 28.7 36.0
v -41.5 29.0 37.0
v -41.0 29.0 36.5
v -41.0 29.0 45.4
v -41.0 29.3 37.0
v -41.0 29.7 38.0
v -41.0 30.0 38.3
v -41.0 29.5 45.0
v -41.0 30.0 44.4
v -41.0 30.6 39.0
v -41.2 31.0 40.0
v -41.0 31.0 39.7
v -41.0 31.0 40.7
v -41.0 30.9 41.0
v -41.0 31.0 41.1
v -41.6 31.0 44.0
v -41.0 30.5 44.0
v -41.0 31.0 43.4
v -41.0 31.2 40.0
v -41.0 31.4 42.0
v -41.0 31.3 43.0
v -41.0 17.0 37.0
v -40.0 18.0 36.5
v -40.0 17.7 37.0
v -40.0 18.0 37.4
v -40.5 18.0 46.0
v -40.0 18.0 45.5
v -40.0 17.7 46.0
v -40.0 17.7 47.0
v -40.4 18.0 47.0
v -40.0 18.0 47.5
v -40.2 19.0 35.0
v -40.0 19.0 34.9
v -40.0 18.9 35.0
v -40.0 18.4 36.0
v -40.0 18.4 38.0
v -40.0 18.5 39.0
v -40.0 18.6 40.0
v -40.0 19.0 41.0
v -40.1 19.0 41.0
v -40.0 19.0 41.0
v -40.1 19.0 43.0
v -40.0 19.0 43.0
v -40.0 19.0 43.0
v -40.0 18.7 44.0
v -40.6 19.0 44.0
v -40.0 18.3 45.0
v -40.0 18.3 48.0
v -40.0 18.6 49.0
v -40.9 19.0 49.0
v -40.0 19.0 49.3
v -40.0 20.0 33.0
v -40.0 20.0 33.0
v -40.0 20.0 33.0
v -40.0 19.6 34.0
v -40.4 20.0 34.0
v -40.6 20.0 35.0
v -40.0 20.0 41.9
v -40.1 20.0 42.0
v -40.0 20.0 42.0
v -40.6 20.0 48.0
v -40.1 20.0 49.0
v -40.0 20.0 49.1
v -40.2 21.0 33.0
v -40.0 21.0 32.8
v -40.4 21.0 34.0
v -40.5 21.0 35.0
v -40.0 20.0 42.0
v -40.0 20.5 48.0
v -40.0 21.0 47.4
v -40.0 20.1 49.0
v -40.0 21.3 33.0
v -40.0 21.7 34.0
v -40.0 22.0 35.0
v -40.7 22.0 36.0
v -40.0 22.0 35.0
v -40.0 21.4 47.0
v -40.0 22.0 46.6
v -40.0 23.0 33.5
v -40.0 22.3 34.0
v -40.0 22.0 35.0
v -40.0 23.0 46.5
v -40.0 24.0 33.2
v -40.0 24.0 46.5
v -40.4 25.0 33.0
v -40.0 25.0 32.6
v -40.0 24.4 33.0
v -40.0 25.0 46.3
v -40.5 26.0 33.0
v -40.0 26.0 32.5
v -40.7 26.0 46.0
v -40.0 25.4 46.0
v -40.0 26.0 45.2
v -40.3 27.0 33.0
v -40.0 27.0 32.5
v -40.8 27.0 34.0
v -40.0 27.0 45.3
v -40.0 27.7 33.0
v -40.5 28.0 34.0
v -40.0 28.0 33.2
v -40.0 28.0 45.4
v -40.1 29.0 33.0
v -40.0 29.0 32.9
v -40.0 28.7 33.0
v -40.3 29.0 34.0
v -40.1 29.0 35.0
v -40.7 29.0 36.0
v -40.0 29.0 45.2
v -40.0 29.1 33.0
v -40.0 29.3 34.0
v -40.1 30.0 35.0
v -40.0 30.0 34.9
v -40.3 30.0 36.0
v -40.0 29.9 37.0
v -40.0 30.0 36.7
v -40.6 30.0 38.0
v -40.0 30.0 37.2
v -40.4 30.0 44.0
v -40.0 29.7 44.0
v -40.0 30.0 43.7
v -40.0 29.2 45.0
v -40.0 30.1 35.0
v -40.0 30.3 36.0
v -40.0 30.5 38.0
v -40.5 31.0 39.0
v -40.0 31.0 38.5
v -40.9 31.0 41.0
v -40.5 31.0 43.0
v -40.0 30.6 43.0
v -40.0 31.0 42.6
v -40.0 31.4 39.0
v -40.0 31.7 40.0
v -40.1 32.0 41.0
v -40.0 32.0 40.8
v -40.0 31.5 42.0
v -40.0 32.0 41.1
v -40.0 32.1 41.0
v -39.2 17.0 48.0
v -39.0 17.0 47.7
v -39.0 16.8 48.0
v -39.0 16.6 49.0
v -39.4 17.0 49.0
v -39.0 16.6 50.0
v -39.3 17.0 50.0
v -39.0 17.0 51.0
v -39.0 17.0 51.0
v -39.0 17.0 51.0
v -39.0 18.0 36.3
v -39.0 17.7 37.0
v -39.0 18.0 37.4
v -39.0 18.0 45.5
v -39.0 17.6 46.0
v -39.0 17.4 47.0
v -39.7 18.0 48.0
v -39.6 18.0 49.0
v -39.3 18.0 50.0
v -39.0 18.0 50.3
v -39.0 17.0 51.0
v -39.9 19.0 35.0
v -39.2 19.0 36.0
v -39.0 19.0 36.2
v -39.0 18.4 38.0
v -39.0 18.6 39.0
v -39.4 19.0 40.0
v -39.0 19.0 39.6
v -40.0 19.0 41.0
v -40.0 19.0 43.0
v -39.5 19.0 44.0
v -39.0 19.0 44.3
v -39.0 18.5 45.0
v -39.0 18.3 50.0
v -39.0 19.0 49.5
v -40.0 20.0 33.0
v -39.0 20.0 33.4
v -39.0 19.6 34.0
v -39.0 19.5 35.0
v -39.0 19.2 36.0
v -39.0 19.3 40.0
v -39.0 20.0 40.9
v -39.1 20.0 41.0
v -39.0 20.0 42.3
v -39.0 19.5 43.0
v -39.0 19.3 44.0
v -39.9 20.0 49.0
v -39.0 19.6 49.0
v -39.0 20.0 48.6
v -39.0 21.0 32.5
v -39.0 20.4 33.0
v -39.0 20.1 41.0
v -39.0 20.2 42.0
v -39.5 21.0 47.0
v -39.0 20.7 47.0
v -39.0 21.0 46.7
v -39.0 20.4 48.0
v -39.3 22.0 32.0
v -39.0 22.0 31.7
v -39.0 21.7 32.0
v -39.6 22.0 33.0
v -39.8 22.0 34.0
v -40.0 22.0 35.0
v -39.0 22.0 46.4
v -39.2 23.0 31.0
v -39.0 23.0 30.8
v -39.0 22.7 31.0
v -39.5 23.0 32.0
v -39.6 23.0 33.0
v -39.0 23.0 46.4
v -39.3 24.0 31.0
v -39.0 24.0 30.7
v -39.5 24.0 32.0
v -39.8 24.0 33.0
v -39.0 24.0 46.3
v -39.3 25.0 31.0
v -39.0 25.0 30.7
v -39.6 25.0 32.0
v -39.5 25.0 46.0
v -39.0 24.5 46.0
v -39.0 25.0 45.7
v -39.3 26.0 31.0
v -39.0 26.0 30.7
v -39.6 26.0 32.0
v -39.0 26.0 45.4
v -39.0 26.8 31.0
v -39.6 27.0 32.0
v -39.0 27.0 31.1
v -39.3 27.0 45.0
v -39.0 26.7 45.0
v -39.0 27.0 44.8
v -39.2 28.0 31.0
v -39.0 28.0 30.9
v -39.0 27.3 31.0
v -39.5 28.0 32.0
v -39.8 28.0 33.0
v -39.5 28.0 45.0
v -39.0 28.0 44.6
v -39.0 28.2 31.0
v -39.3 29.0 32.0
v -39.0 29.0 31.6
v -39.7 29.0 45.0
v -39.0 29.0 44.5
v -39.0 29.4 32.0
v -39.0 29.6 33.0
v -39.0 29.7 34.0
v -39.0 30.0 34.3
v -39.9 30.0 37.0
v -39.0 29.5 44.0
v -39.0 30.0 43.5
v -39.0 30.6 35.0
v -39.3 31.0 36.0
v -39.0 31.0 35.6
v -39.4 31.0 37.0
v -39.6 31.0 38.0
v -39.0 30.6 43.0
v -39.0 31.0 42.6
v -39.0 31.3 36.0
v -39.0 31.5 37.0
v -39.0 31.6 38.0
v -39.3 32.0 39.0
v -39.0 32.0 38.5
v -39.6 32.0 40.0
v -39.0 31.6 42.0
v -39.0 32.0 41.6
v -39.0 32.3 39.0
v -39.0 32.5 40.0
v -39.0 32.5 41.0
v -38.3 16.0 49.0
v -38.0 16.0 48.7
v -38.0 15.8 49.0
v -38.0 15.8 50.0
v -38.3 16.0 50.0
v -38.0 16.0 51.0
v -38.0 16.0 51.0
v -38.0 16.0 51.0
v -38.0 17.0 47.5
v -38.0 16.5 48.0
v -38.0 17.0 51.3
v -38.3 18.0 37.0
v -38.0 18.0 45.5
v -38.0 17.6 46.0
v -38.0 17.4 47.0
v -38.0 17.5 51.0
v -38.0 18.0 50.6
v -38.2 19.0 37.0
v -38.0 18.6 38.0
v -38.0 19.0 37.3
v -38.0 18.6 39.0
v -38.0 19.0 39.5
v -38.0 19.0 44.5
v -38.0 18.5 45.0
v -38.0 18.6 50.0
v -38.0 19.0 49.6
v -38.0 20.0 33.8
v -38.0 19.9 34.0
v -38.4 20.0 35.0
v -38.0 20.0 34.3
v -38.3 20.0 36.0
v -38.0 20.0 36.3
v -38.0 19.2 37.0
v -38.0 19.4 40.0
v -38.0 19.6 41.0
v -38.9 20.0 41.0
v -38.0 19.6 42.0
v -38.7 20.0 42.0
v -38.0 19.5 43.0
v -38.0 19.4 44.0
v -38.0 19.5 49.0
v -38.0 20.0 48.5
v -38.0 21.0 32.5
v -38.0 20.5 33.0
v -38.0 20.3 35.0
v -38.0 20.2 36.0
v -38.1 21.0 46.0
v -38.0 20.9 46.0
v -38.0 21.0 45.9
v -38.0 20.5 47.0
v -38.0 20.4 48.0
v -38.0 22.0 31.5
v -38.0 21.5 32.0
v -38.5 22.0 46.0
v -38.0 22.0 45.6
v -38.0 23.0 30.7
v -38.0 22.6 31.0
v -38.5 23.0 46.0
v -38.0 23.0 45.6
v -38.0 24.0 30.5
v -38.6 24.0 46.0
v -38.0 24.0 45.5
v -38.0 25.0 30.5
v -38.0 25.0 45.4
v -38.0 26.0 30.5
v -38.0 26.0 45.4
v -38.9 27.0 31.0
v -38.0 27.0 30.5
v -38.7 27.0 45.0
v -38.0 27.0 45.3
v -38.0 28.0 30.5
v -38.0 27.5 45.0
v -38.0 28.0 44.7
v -38.4 29.0 31.0
v -38.0 29.0 30.7
v -38.0 29.0 44.4
v -38.0 29.4 31.0
v -38.4 30.0 32.0
v -38.0 30.0 31.6
v -38.5 30.0 33.0
v -38.7 30.0 34.0
v -38.0 29.5 44.0
v -38.0 30.0 43.6
v -38.0 30.4 32.0
v -38.0 30.5 33.0
v -38.0 30.6 34.0
v -38.5 31.0 35.0
v -38.0 31.0 34.5
v -38.5 31.0 43.0
v -38.0 31.0 43.3
v -38.0 31.3 35.0
v -38.0 31.6 36.0
v -38.4 32.0 37.0
v -38.0 32.0 36.6
v -38.6 32.0 38.0
v -38.5 32.0 42.0
v -38.0 32.0 42.4
v -38.0 31.3 43.0
v -38.0 32.3 37.0
v -38.0 32.5 38.0
v -38.0 32.7 39.0
v -38.4 33.0 40.0
v -38.0 33.0 39.4
v -38.4 33.0 41.0
v -38.0 33.0 41.6
v -38.0 32.6 42.0
v -38.0 33.4 40.0
v -38.0 33.5 41.0
v -37.0 16.0 48.7
v -37.0 15.8 49.0
v -37.5 16.0 50.0
v -37.0 16.0 49.5
v -38.0 16.0 51.0
v -37.0 17.0 47.5
v -37.0 16.5 48.0
v -37.0 16.3 50.0
v -37.0 16.7 51.0
v -37.0 17.0 51.2
v -37.0 18.0 45.5
v -37.0 17.6 46.0
v -37.0 17.4 47.0
v -37.2 18.0 51.0
v -37.0 18.0 51.1
v -37.4 19.0 38.0
v -37.0 19.0 38.5
v -37.0 18.7 39.0
v -37.0 19.0 39.4
v -37.0 19.0 44.3
v -37.0 18.5 45.0
v -37.3 19.0 50.0
v -37.0 19.0 50.2
v -37.0 18.1 51.0
v -37.8 20.0 34.0
v -37.0 20.0 36.5
v -37.0 19.5 37.0
v -37.0 19.2 38.0
v -37.0 19.4 40.0
v -37.0 19.5 41.0
v -37.0 19.4 42.0
v -37.0 19.4 43.0
v -37.0 19.2 44.0
v -37.0 19.6 49.0
v -37.0 20.0 48.5
v -37.0 19.1 50.0
v -37.0 21.0 32.6
v -37.0 20.7 33.0
v -37.0 20.4 34.0
v -37.0 20.5 35.0
v -37.0 20.4 36.0
v -37.9 21.0 46.0
v -37.0 21.0 46.5
v -37.0 20.6 47.0
v -37.0 20.4 48.0
v -37.0 22.0 31.6
v -37.0 21.5 32.0
v -37.0 21.5 46.0
v -37.0 22.0 45.7
v -37.3 23.0 31.0
v -37.0 23.0 31.2
v -37.0 23.0 45.3
v -37.0 24.0 30.6
v -37.0 23.2 31.0
v -37.4 24.0 45.0
v -37.0 23.5 45.0
v -37.0 24.0 44.7
v -37.0 25.0 30.4
v -37.5 25.0 45.0
v -37.0 25.0 44.6
v -37.0 26.0 30.3
v -37.4 26.0 45.0
v -37.0 26.0 44.7
v -37.0 27.0 30.0
v -37.0 26.5 45.0
v -37.0 27.0 45.2
v -37.0 28.0 30.3
v -37.2 28.0 45.0
v -37.0 28.0 45.1
v -37.0 29.0 30.4
v -37.0 28.2 45.0
v -37.0 29.0 44.5
v -37.5 30.0 31.0
v -37.0 30.0 30.6
v -37.0 29.6 44.0
v -37.0 30.0 43.7
v -37.0 30.5 31.0
v -37.4 31.0 32.0
v -37.0 31.0 31.5
v -37.5 31.0 33.0
v -37.6 31.0 34.0
v -37.0 31.0 43.4
v -37.0 31.5 32.0
v -37.0 31.5 33.0
v -37.0 31.6 34.0
v -37.0 31.6 35.0
v -37.0 31.8 36.0
v -37.0 32.0 36.2
v -37.0 31.6 43.0
v -37.0 32.0 42.7
v -37.3 33.0 37.0
v -37.0 33.0 36.7
v -37.5 33.0 38.0
v -37.7 33.0 39.0
v -37.7 33.0 42.0
v -37.0 33.0 42.4
v -37.0 33.2 37.0
v -37.0 33.5 38.0
v -37.2 34.0 39.0
v -37.0 34.0 38.7
v -37.5 34.0 40.0
v -37.6 34.0 41.0
v -37.7 34.0 42.0
v -37.0 34.0 42.3
v -37.0 34.2 39.0
v -37.0 34.5 40.0
v -37.0 34.5 41.0
v -37.0 34.3 42.0
v -36.0 16.0 49.0
v -36.0 16.0 49.0
v -36.0 16.0 49.0
v -36.0 17.0 47.5
v -36.0 16.6 48.0
v -36.0 16.7 50.0
v -36.7 17.0 51.0
v -36.0 17.0 50.3
v -36.0 18.0 45.3
v -36.0 17.5 46.0
v -36.0 17.3 47.0
v -36.9 18.0 51.0
v -36.0 18.0 50.4
v -36.1 19.0 37.0
v -36.0 19.0 36.9
v -36.0 18.9 37.0
v -36.0 19.0 37.5
v -36.0 19.0 38.2
v -36.0 18.7 39.0
v -36.0 19.0 39.5
v -36.4 19.0 42.0
v -36.0 19.0 41.5
v -36.0 18.6 42.0
v -36.0 18.5 43.0
v -36.5 19.0 43.0
v -36.0 18.5 44.0
v -36.7 19.0 44.0
v -36.0 18.3 45.0
v -36.8 19.0 50.0
v -36.0 18.4 50.0
v -36.0 19.0 49.5
v -36.0 20.0 36.3
v -36.0 19.1 38.0
v -36.0 19.2 40.0
v -36.0 19.3 41.0
v -36.0 19.4 49.0
v -36.0 20.0 48.3
v -36.5 21.0 33.0
v -36.0 21.0 33.5
v -36.0 20.7 34.0
v -36.0 20.6 35.0
v -36.0 20.3 36.0
v -36.0 20.6 47.0
v -36.0 21.0 46.6
v -36.0 20.3 48.0
v -36.0 22.0 31.5
v -36.0 21.6 32.0
v -36.0 21.3 33.0
v -36.4 22.0 46.0
v -36.0 22.0 46.3
v -36.7 23.0 31.0
v -36.0 23.0 30.7
v -36.0 22.6 31.0
v -36.2 23.0 45.0
v -36.0 22.9 45.0
v -36.0 23.0 44.9
v -36.0 22.3 46.0
v -36.0 24.0 30.4
v -36.0 24.0 44.6
v -36.1 25.0 30.0
v -36.0 25.0 29.9
v -36.0 24.9 30.0
v -36.0 25.0 44.5
v -36.2 26.0 30.0
v -36.0 26.0 29.9
v -36.0 26.0 44.5
v -36.0 26.4 30.0
v -36.0 27.0 30.2
v -36.7 27.0 45.0
v -36.0 27.0 44.6
v -36.5 28.0 30.0
v -36.0 28.0 29.7
v -36.0 27.4 30.0
v -36.8 28.0 45.0
v -36.0 28.0 44.6
v -36.5 29.0 30.0
v -36.0 29.0 29.6
v -36.0 29.0 44.5
v -36.3 30.0 30.0
v -36.0 30.0 29.8
v -36.5 30.0 44.0
v -36.0 30.0 44.3
v -36.0 30.3 30.0
v -36.5 31.0 31.0
v -36.0 31.0 30.6
v -36.0 30.5 44.0
v -36.0 31.0 43.7
v -36.0 31.7 31.0
v -36.6 32.0 32.0
v -36.0 32.0 31.2
v -36.6 32.0 33.0
v -36.6 32.0 34.0
v -36.6 32.0 35.0
v -36.8 32.0 36.0
v -36.5 32.0 43.0
v -36.0 32.0 43.3
v -36.1 33.0 31.0
v -36.0 33.0 30.9
v -36.0 32.8 31.0
v -36.8 33.0 32.0
v -36.5 33.0 33.0
v -36.4 33.0 34.0
v -36.5 33.0 35.0
v -36.5 33.0 36.0
v -36.0 32.5 43.0
v -36.0 33.0 42.7
v -36.0 33.1 31.0
v -36.0 33.5 32.0
v -36.0 33.5 33.0
v -36.0 33.6 34.0
v -36.2 34.0 35.0
v -36.0 34.0 34.7
v -36.0 34.0 35.3
v -36.0 33.6 36.0
v -36.0 33.6 37.0
v -36.0 33.8 38.0
v -36.0 34.0 38.3
v -36.0 34.0 42.4
v -36.0 34.2 35.0
v -36.0 34.6 39.0
v -36.4 35.0 40.0
v -36.0 35.0 39.5
v -36.4 35.0 41.0
v -36.0 35.0 41.6
v -36.0 34.7 42.0
v -36.0 35.3 40.0
v -36.0 35.4 41.0
v -36.0 16.0 49.0
v -35.3 17.0 46.0
v -35.0 17.0 45.5
v -35.0 16.7 46.0
v -35.0 16.7 47.0
v -35.5 17.0 47.0
v -35.5 17.0 48.0
v -35.0 17.0 47.5
v -35.5 17.0 49.0
v -35.7 17.0 50.0
v -35.1 18.0 38.0
v -35.0 18.0 37.8
v -35.0 17.9 38.0
v -35.0 18.0 38.3
v -35.4 18.0 42.0
v -35.0 18.0 41.5
v -35.0 17.6 42.0
v -35.0 17.5 43.0
v -35.5 18.0 43.0
v -35.0 17.5 44.0
v -35.5 18.0 44.0
v -35.0 17.4 45.0
v -35.7 18.0 45.0
v -35.0 17.4 48.0
v -35.0 17.8 49.0
v -35.0 18.0 49.1
v -35.7 18.0 50.0
v -35.0 19.0 36.6
v -35.0 18.6 37.0
v -35.9 19.0 38.0
v -35.0 18.3 39.0
v -35.0 18.4 40.0
v -35.7 19.0 40.0
v -35.0 18.3 41.0
v -35.7 19.0 41.0
v -35.5 19.0 49.0
v -35.0 18.2 49.0
v -35.0 19.0 48.6
v -35.5 20.0 36.0
v -35.0 20.0 35.7
v -35.0 19.6 36.0
v -35.4 20.0 48.0
v -35.0 19.8 48.0
v -35.0 20.0 47.8
v -35.6 21.0 34.0
v -35.3 21.0 35.0
v -35.0 21.0 35.2
v -35.0 20.7 47.0
v -35.0 21.0 46.7
v -35.0 22.0 31.6
v -35.0 21.6 32.0
v -35.0 21.5 33.0
v -35.0 21.4 34.0
v -35.0 21.2 35.0
v -35.0 22.0 46.3
v -35.0 23.0 30.7
v -35.0 22.6 31.0
v -35.9 23.0 45.0
v -35.0 23.0 45.5
v -35.0 22.4 46.0
v -35.0 24.0 30.5
v -35.2 24.0 45.0
v -35.0 24.0 45.1
v -35.9 25.0 30.0
v -35.0 25.0 30.4
v -35.0 24.2 45.0
v -35.0 25.0 44.6
v -35.7 26.0 30.0
v -35.0 26.0 30.3
v -35.0 26.0 44.5
v -35.0 27.0 30.2
v -35.0 27.0 44.5
v -35.0 28.0 29.5
v -35.0 27.3 30.0
v -35.0 28.0 44.5
v -35.0 29.0 29.5
v -35.0 29.0 44.5
v -35.0 30.0 29.7
v -35.0 30.0 44.5
v -35.0 30.5 30.0
v -35.0 31.0 30.3
v -35.5 31.0 44.0
v -35.0 31.0 44.4
v -35.8 32.0 31.0
v -35.0 32.0 30.5
v -35.0 31.6 44.0
v -35.0 32.0 43.7
v -35.0 33.0 30.6
v -35.5 33.0 43.0
v -35.0 33.0 43.4
v -35.0 33.6 31.0
v -35.5 34.0 32.0
v -35.0 34.0 31.4
v -35.6 34.0 33.0
v -35.7 34.0 34.0
v -35.7 34.0 36.0
v -35.6 34.0 37.0
v -35.8 34.0 38.0
v -35.0 33.6 43.0
v -35.0 34.0 42.7
v -35.2 35.0 32.0
v -35.0 35.0 31.7
v -35.5 35.0 33.0
v -35.5 35.0 34.0
v -35.6 35.0 35.0
v -35.4 35.0 36.0
v -35.4 35.0 37.0
v -35.4 35.0 38.0
v -35.6 35.0 39.0
v -35.7 35.0 42.0
v -35.0 35.0 42.5
v -35.0 35.4 32.0
v -35.2 36.0 33.0
v -35.0 36.0 32.6
v -35.4 36.0 34.0
v -35.2 36.0 35.0
v -35.0 36.0 35.4
v -35.0 35.6 36.0
v -35.0 35.5 37.0
v -35.0 35.5 38.0
v -35.0 35.5 39.0
v -35.0 35.6 40.0
v -35.0 35.8 41.0
v -35.5 36.0 42.0
v -35.0 36.0 41.5
v -35.0 36.0 42.3
v -35.0 36.3 33.0
v -35.0 36.4 34.0
v -35.0 36.3 35.0
v -35.0 36.2 42.0
v -34.1 16.0 41.0
v -34.0 16.0 40.9
v -34.0 15.9 41.0
v -34.0 16.0 41.1
v -34.1 17.0 38.0
v -34.0 17.0 37.9
v -34.0 16.9 38.0
v -34.0 17.0 38.3
v -34.3 17.0 40.0
v -34.0 17.0 39.3
v -34.0 16.5 40.0
v -34.5 17.0 41.0
v -34.0 16.5 42.0
v -34.5 17.0 42.0
v -34.0 16.6 43.0
v -34.5 17.0 43.0
v -34.0 16.6 44.0
v -34.5 17.0 44.0
v -34.0 16.6 45.0
v -34.6 17.0 45.0
v -34.0 16.6 46.0
v -34.0 16.8 47.0
v -34.0 17.0 47.2
v -34.0 18.0 37.4
v -34.0 17.2 39.0
v -34.7 18.0 39.0
v -34.6 18.0 40.0
v -34.7 18.0 41.0
v -34.4 18.0 48.0
v -34.0 18.0 47.6
v -34.9 18.0 49.0
v -34.0 19.0 36.5
v -34.0 18.5 37.0
v -34.0 18.5 48.0
v -34.0 19.0 48.3
v -34.0 20.0 35.7
v -34.0 19.6 36.0
v -34.6 20.0 48.0
v -34.0 20.0 48.2
v -34.0 21.0 35.4
v -34.5 21.0 47.0
v -34.0 21.0 47.3
v -34.0 20.3 48.0
v -34.0 22.0 31.7
v -34.0 21.8 32.0
v -34.0 21.5 33.0
v -34.0 21.5 34.0
v -34.0 21.4 35.0
v -34.5 22.0 46.0
v -34.0 21.7 46.0
v -34.0 22.0 45.7
v -34.0 21.3 47.0
v -34.5 23.0 31.0
v -34.0 23.0 31.3
v -34.0 23.0 45.3
v -34.0 24.0 30.6
v -34.0 23.4 31.0
v -34.8 24.0 45.0
v -34.0 23.4 45.0
v -34.0 24.0 44.5
v -34.0 25.0 30.4
v -34.0 25.0 44.4
v -34.2 26.0 30.0
v -34.0 26.0 29.9
v -34.0 25.9 30.0
v -34.0 26.0 44.4
v -34.6 27.0 30.0
v -34.0 27.0 29.7
v -34.0 27.0 44.4
v -34.0 28.0 29.2
v -34.0 28.0 44.4
v -34.0 29.0 29.6
v -34.0 29.0 44.4
v -34.0 29.9 30.0
v -34.1 30.0 30.0
v -34.0 30.0 30.0
v -34.0 30.0 44.5
v -34.0 31.0 29.8
v -34.4 31.0 30.0
v -34.0 30.1 30.0
v -34.0 31.0 45.0
v -34.0 31.0 45.0
v -34.0 31.0 45.0
v -34.3 32.0 30.0
v -34.0 32.0 29.8
v -34.7 32.0 44.0
v -34.0 32.0 45.0
v -34.0 32.0 45.0
v -34.0 32.3 30.0
v -34.0 33.0 30.4
v -34.5 33.0 44.0
v -34.0 33.0 44.4
v -34.0 32.0 45.0
v -34.5 34.0 31.0
v -34.0 34.0 30.7
v -34.7 34.0 43.0
v -34.3 34.0 44.0
v -34.0 34.0 44.2
v -34.0 34.5 31.0
v -34.0 35.0 31.3
v -34.6 35.0 43.0
v -34.0 35.0 43.7
v -34.0 34.6 44.0
v -34.4 36.0 32.0
v -34.0 36.0 31.7
v -34.6 36.0 36.0
v -34.5 36.0 37.0
v -34.5 36.0 38.0
v -34.5 36.0 39.0
v -34.6 36.0 40.0
v -34.8 36.0 41.0
v -34.5 36.0 43.0
v -34.0 35.9 44.0
v -34.0 36.0 44.0
v -34.0 36.0 44.0
v -34.0 36.3 32.0
v -34.0 36.7 33.0
v -34.2 37.0 34.0
v -34.0 37.0 33.6
v -34.0 37.0 34.4
v -34.0 36.7 35.0
v -34.0 36.5 36.0
v -34.0 36.4 37.0
v -34.0 36.5 38.0
v -34.0 36.6 39.0
v -34.3 37.0 40.0
v -34.0 37.0 39.5
v -34.4 37.0 41.0
v -34.0 36.9 42.0
v -34.0 37.0 41.9
v -34.0 36.5 43.0
v -34.0 36.0 44.0
v -34.0 37.2 34.0
v -34.0 37.4 40.0
v -34.2 38.0 41.0
v -34.0 38.0 40.6
v -34.0 37.5 42.0
v -34.1 38.0 42.0
v -34.0 38.0 42.1
v -34.0 38.3 41.0
v -34.0 38.1 42.0
v -33.2 16.0 39.0
v -33.0 16.0 38.8
v -33.0 15.8 39.0
v -33.0 15.7 40.0
v -33.4 16.0 40.0
v -33.0 15.8 41.0
v -33.0 16.0 41.3
v -33.0 17.0 37.6
v -33.0 16.6 38.0
v -33.8 17.0 39.0
v -33.0 16.4 42.0
v -33.0 16.5 43.0
v -33.0 16.5 44.0
v -33.0 16.6 45.0
v -33.4 17.0 46.0
v -33.0 17.0 45.6
v -33.8 17.0 47.0
v -33.0 18.0 37.4
v -33.0 17.3 46.0
v -33.0 18.0 46.6
v -33.4 18.0 47.0
v -33.0 19.0 36.6
v -33.0 18.5 37.0
v -33.0 18.5 47.0
v -33.6 19.0 48.0
v -33.0 19.0 47.5
v -33.5 20.0 36.0
v -33.0 20.0 36.3
v -33.0 19.9 48.0
v -33.0 20.0 48.1
v -33.0 21.0 35.6
v -33.0 20.5 36.0
v -33.0 20.1 48.0
v -33.0 21.0 47.3
v -33.6 22.0 32.0
v -33.0 22.0 32.6
v -33.0 21.8 33.0
v -33.0 21.6 34.0
v -33.0 21.5 35.0
v -33.4 22.0 45.0
v -33.0 21.6 45.0
v -33.0 22.0 44.5
v -33.0 21.4 46.0
v -33.0 21.2 47.0
v -33.0 23.0 31.6
v -33.0 22.6 32.0
v -33.3 23.0 43.0
v -33.0 22.7 43.0
v -33.0 23.0 42.7
v -33.4 23.0 44.0
v -33.0 22.4 44.0
v -33.7 23.0 45.0
v -33.0 24.0 30.8
v -33.0 23.7 31.0
v -33.4 24.0 43.0
v -33.0 24.0 42.5
v -33.6 24.0 44.0
v -33.0 25.0 30.6
v -33.3 25.0 43.0
v -33.0 25.0 42.6
v -33.6 25.0 44.0
v -33.9 26.0 30.0
v -33.0 26.0 30.5
v -33.0 25.5 43.0
v -33.0 26.0 43.4
v -33.6 26.0 44.0
v -33.6 27.0 30.0
v -33.0 27.0 30.4
v -33.5 27.0 44.0
v -33.0 27.0 43.5
v -33.4 28.0 30.0
v -33.0 28.0 30.3
v -33.5 28.0 44.0
v -33.0 28.0 43.5
v -33.3 29.0 30.0
v -33.0 29.0 30.1
v -33.5 29.0 44.0
v -33.0 29.0 43.5
v -33.0 30.0 29.8
v -33.9 30.0 30.0
v -33.0 29.4 30.0
v -33.5 30.0 44.0
v -33.0 30.0 43.5
v -33.0 31.0 30.0
v -33.0 31.0 30.0
v -33.0 31.0 30.0
v -33.3 31.0 44.0
v -33.0 31.0 43.7
v -34.0 31.0 45.0
v -33.0 32.0 29.8
v -33.0 31.0 30.0
v -33.0 31.4 44.0
v -33.0 32.0 44.4
v -34.0 32.0 45.0
v -33.0 32.2 30.0
v -33.0 33.0 30.4
v -33.0 33.0 44.5
v -33.0 34.0 30.6
v -33.0 34.0 44.5
v -33.2 35.0 31.0
v -33.0 35.0 30.9
v -33.7 35.0 44.0
v -33.0 35.0 44.4
v -33.0 35.1 31.0
v -33.0 36.0 31.7
v -33.0 36.0 44.3
v -33.0 36.4 32.0
v -33.5 37.0 33.0
v -33.0 37.0 32.6
v -33.7 37.0 35.0
v -33.4 37.0 36.0
v -33.0 37.0 36.7
v -33.0 36.9 37.0
v -33.4 37.0 38.0
v -33.0 37.0 37.3
v -33.6 37.0 39.0
v -33.9 37.0 42.0
v -33.5 37.0 43.0
v -33.0 37.0 43.5
v -33.0 36.4 44.0
v -33.0 37.4 33.0
v -33.3 38.0 34.0
v -33.0 38.0 33.7
v -33.3 38.0 35.0
v -33.0 38.0 35.4
v -33.0 37.5 36.0
v -33.0 37.3 38.0
v -33.0 37.6 39.0
v -33.5 38.0 40.0
v -33.0 38.0 39.5
v -33.2 38.0 43.0
v -33.0 38.0 43.2
v -33.0 38.3 34.0
v -33.0 38.3 35.0
v -33.0 38.5 40.0
v -33.4 39.0 41.0
v -33.0 39.0 40.5
v -33.0 39.0 41.7
v -33.0 38.8 42.0
v -33.0 38.2 43.0
v -33.2 40.0 41.0
v -33.0 40.0 40.8
v -33.0 40.0 42.0
v -33.0 40.0 42.0
v -33.0 40.0 42.0
v -33.0 40.2 41.0
v -33.0 40.1 42.0
v -32.0 16.0 38.8
v -32.0 15.9 39.0
v -32.5 16.0 40.0
v -32.0 16.0 39.3
v -32.7 16.0 41.0
v -32.0 17.0 37.6
v -32.0 16.6 38.0
v -32.0 16.3 40.0
v -32.0 16.4 41.0
v -32.0 16.5 42.0
v -32.0 16.5 43.0
v -32.0 16.5 44.0
v -32.0 16.7 45.0
v -32.0 17.0 45.3
v -32.0 18.0 37.4
v -32.0 17.7 46.0
v -32.0 18.0 46.3
v -32.0 19.0 36.6
v -32.0 18.5 37.0
v -32.6 19.0 47.0
v -32.0 19.0 46.3
v -32.0 20.0 36.5
v -32.3 20.0 44.0
v -32.0 19.6 44.0
v -32.0 20.0 43.5
v -32.4 20.0 45.0
v -32.0 19.5 45.0
v -32.4 20.0 46.0
v -32.0 19.3 46.0
v -32.5 20.0 47.0
v -32.9 20.0 48.0
v -32.3 21.0 36.0
v -32.0 21.0 36.1
v -32.3 21.0 43.0
v -32.0 20.5 43.0
v -32.0 21.0 42.5
v -32.5 21.0 44.0
v -32.6 21.0 45.0
v -32.6 21.0 46.0
v -32.8 21.0 47.0
v -32.7 22.0 33.0
v -32.5 22.0 34.0
v -32.3 22.0 35.0
v -32.0 22.0 35.3
v -32.0 21.2 36.0
v -32.2 22.0 41.0
v -32.0 21.7 41.0
v -32.0 22.0 40.7
v -32.4 22.0 42.0
v -32.0 21.4 42.0
v -32.6 22.0 43.0
v -32.7 22.0 44.0
v -32.6 23.0 32.0
v -32.2 23.0 33.0
v -32.0 23.0 33.3
v -32.0 22.5 34.0
v -32.0 22.2 35.0
v -32.4 23.0 41.0
v -32.0 23.0 40.5
v -32.6 23.0 42.0
v -32.7 24.0 31.0
v -32.0 24.0 31.5
v -32.0 23.5 32.0
v -32.0 23.2 33.0
v -32.3 24.0 41.0
v -32.0 24.0 40.6
v -32.6 24.0 42.0
v -32.5 25.0 31.0
v -32.0 25.0 31.4
v -32.0 24.5 41.0
v -32.0 25.0 41.4
v -32.5 25.0 42.0
v -32.2 26.0 31.0
v -32.0 26.0 31.1
v -32.4 26.0 42.0
v -32.0 26.0 41.5
v -32.7 26.0 43.0
v -32.0 27.0 30.6
v -32.0 26.2 31.0
v -32.4 27.0 42.0
v -32.0 27.0 41.5
v -32.6 27.0 43.0
v -32.0 28.0 30.3
v -32.4 28.0 42.0
v -32.0 28.0 41.5
v -32.6 28.0 43.0
v -32.7 29.0 30.0
v -32.0 29.0 29.7
v -32.0 28.5 30.0
v -32.2 29.0 42.0
v -32.0 29.0 41.7
v -32.6 29.0 43.0
v -32.0 30.0 29.5
v -32.0 29.3 42.0
v -32.0 30.0 42.6
v -32.4 30.0 43.0
v -33.0 31.0 30.0
v -32.0 31.0 29.6
v -32.0 30.5 43.0
v -32.0 31.0 43.3
v -32.5 32.0 30.0
v -32.0 31.7 30.0
v -32.0 32.0 30.2
v -32.5 32.0 44.0
v -32.0 32.0 43.7
v -32.0 33.0 30.5
v -32.0 32.5 44.0
v -32.0 33.0 44.3
v -32.0 33.8 31.0
v -32.2 34.0 31.0
v -32.0 34.0 31.1
v -32.0 34.0 44.4
v -32.8 35.0 31.0
v -32.0 35.0 31.5
v -32.0 35.0 44.4
v -32.2 36.0 32.0
v -32.0 35.9 32.0
v -32.0 36.0 32.1
v -32.0 36.0 44.4
v -32.0 37.0 32.5
v -32.8 37.0 37.0
v -32.0 36.5 44.0
v -32.0 37.0 43.6
v -32.0 37.6 33.0
v -32.0 38.0 33.3
v -32.5 38.0 36.0
v -32.0 38.0 36.5
v -32.0 37.6 37.0
v -32.0 37.6 38.0
v -32.5 38.0 39.0
v -32.0 38.0 38.6
v -32.0 38.0 43.4
v -32.3 39.0 34.0
v -32.0 39.0 33.8
v -32.3 39.0 35.0
v -32.0 39.0 35.3
v -32.0 38.4 36.0
v -32.0 38.4 39.0
v -32.6 39.0 40.0
v -32.0 39.0 39.5
v -32.7 39.0 42.0
v -32.0 39.0 42.4
v -32.0 38.5 43.0
v -32.0 39.2 34.0
v -32.0 39.2 35.0
v -32.1 40.0 40.0
v -32.0 40.0 39.9
v -33.0 40.0 42.0
v -32.0 40.0 41.7
v -32.0 39.7 42.0
v -32.0 40.1 40.0
v -32.0 40.4 41.0
v -31.8 16.0 39.0
v -31.0 17.0 37.6
v -31.0 16.6 38.0
v -31.0 16.4 39.0
v -31.0 16.5 40.0
v -31.0 16.5 41.0
v -31.0 16.5 42.0
v -31.0 16.5 43.0
v -31.0 16.6 44.0
v -31.6 17.0 45.0
v -31.0 17.0 44.5
v -31.0 18.0 37.4
v -31.0 17.8 45.0
v -31.7 18.0 46.0
v -31.0 18.0 45.1
v -31.0 19.0 36.6
v -31.0 18.5 37.0
v -31.3 19.0 43.0
v -31.0 18.7 43.0
v -31.0 19.0 42.6
v -31.5 19.0 44.0
v -31.0 18.5 44.0
v -31.5 19.0 45.0
v -31.0 18.2 45.0
v -31.7 19.0 46.0
v -31.0 20.0 36.4
v -31.3 20.0 42.0
v -31.0 19.6 42.0
v -31.0 20.0 41.5
v -31.7 20.0 43.0
v -31.7 21.0 36.0
v -31.0 21.0 35.7
v -31.0 20.6 36.0
v -31.3 21.0 40.0
v -31.0 20.7 40.0
v -31.0 21.0 39.7
v -31.5 21.0 41.0
v -31.0 20.4 41.0
v -31.7 21.0 42.0
v -31.0 22.0 35.3
v -31.5 22.0 40.0
v -31.0 22.0 39.5
v -31.0 23.0 33.5
v -31.0 22.6 34.0
v -31.0 22.2 35.0
v -31.5 23.0 40.0
v -31.0 23.0 39.5
v -31.0 24.0 31.8
v -31.0 23.8 32.0
v -31.0 23.5 33.0
v -31.5 24.0 40.0
v -31.0 24.0 39.4
v -31.0 25.0 31.5
v -31.3 25.0 39.0
v -31.0 24.5 39.0
v -31.0 25.0 38.6
v -31.5 25.0 40.0
v -31.7 25.0 41.0
v -31.7 26.0 31.0
v -31.0 26.0 30.7
v -31.0 25.6 31.0
v -31.4 26.0 39.0
v -31.0 26.0 38.5
v -31.5 26.0 40.0
v -31.6 26.0 41.0
v -31.0 27.0 30.3
v -31.3 27.0 39.0
v -31.0 27.0 38.6
v -31.5 27.0 40.0
v -31.6 27.0 41.0
v -31.5 28.0 30.0
v -31.0 28.0 29.7
v -31.0 27.5 30.0
v -31.0 27.5 39.0
v -31.0 28.0 39.5
v -31.3 28.0 40.0
v -31.6 28.0 41.0
v -31.0 29.0 29.5
v -31.0 28.5 40.0
v -31.0 29.0 40.5
v -31.4 29.0 41.0
v -31.0 30.0 29.3
v -31.0 29.4 41.0
v -31.0 29.8 42.0
v -31.0 30.0 42.2
v -31.1 31.0 29.0
v -31.0 31.0 28.9
v -31.0 30.8 29.0
v -31.5 31.0 43.0
v -31.0 31.0 42.7
v -31.0 31.1 29.0
v -31.7 32.0 30.0
v -31.0 32.0 29.6
v -31.0 31.5 43.0
v -31.0 32.0 43.3
v -31.0 32.4 30.0
v -31.0 33.0 30.4
v -31.6 33.0 44.0
v -31.0 33.0 43.5
v -31.8 34.0 31.0
v -31.0 34.0 30.7
v -31.4 34.0 44.0
v -31.0 34.0 43.7
v -31.0 34.5 31.0
v -31.0 35.0 31.3
v -31.1 35.0 44.0
v -31.0 35.0 43.9
v -31.8 36.0 32.0
v -31.0 36.0 31.5
v -31.0 35.2 44.0
v -31.0 36.0 44.3
v -31.3 37.0 32.0
v -31.0 37.0 31.7
v -31.0 36.5 44.0
v -31.0 37.0 43.7
v -31.0 37.3 32.0
v -31.4 38.0 33.0
v -31.0 38.0 32.8
v -31.5 38.0 37.0
v -31.0 38.0 37.9
v -31.0 37.9 38.0
v -31.0 38.0 38.1
v -31.0 38.0 43.4
v -31.0 38.2 33.0
v -31.0 39.0 33.6
v -31.0 38.7 36.0
v -31.0 39.0 35.6
v -31.0 38.4 37.0
v -31.0 38.5 39.0
v -31.0 39.0 39.6
v -31.0 38.5 43.0
v -31.0 39.0 42.6
v -31.0 39.4 34.0
v -31.0 39.4 35.0
v -31.0 39.4 40.0
v -31.9 40.0 40.0
v -31.0 40.0 40.6
v -31.5 40.0 42.0
v -31.0 40.0 42.2
v -31.0 40.2 41.0
v -31.0 40.2 42.0
v -30.0 17.0 37.8
v -30.0 16.8 38.0
v -30.0 16.5 39.0
v -30.0 16.5 40.0
v -30.0 16.5 41.0
v -30.0 16.6 42.0
v -30.0 16.8 43.0
v -30.1 17.0 44.0
v -30.0 17.0 43.9
v -30.0 18.0 37.4
v -30.4 18.0 43.0
v -30.0 17.4 43.0
v -30.0 18.0 42.5
v -30.6 18.0 44.0
v -30.9 18.0 45.0
v -30.0 19.0 36.6
v -30.0 18.5 37.0
v -30.5 19.0 42.0
v -30.0 18.5 42.0
v -30.0 19.0 41.4
v -30.0 20.0 36.4
v -30.3 20.0 39.0
v -30.0 19.7 39.0
v -30.0 20.0 38.7
v -30.5 20.0 40.0
v -30.0 19.5 40.0
v -30.6 20.0 41.0
v -30.0 19.3 41.0
v -30.0 21.0 35.5
v -30.0 20.5 36.0
v -30.5 21.0 39.0
v -30.0 21.0 38.5
v -30.6 22.0 35.0
v -30.0 22.0 34.6
v -30.0 21.6 35.0
v -30.5 22.0 39.0
v -30.0 22.0 38.4
v -30.0 23.0 33.6
v -30.0 22.5 34.0
v -30.3 23.0 38.0
v -30.0 22.5 38.0
v -30.0 23.0 37.6
v -30.6 23.0 39.0
v -30.8 24.0 32.0
v -30.3 24.0 33.0
v -30.0 24.0 33.2
v -30.3 24.0 37.0
v -30.0 23.6 37.0
v -30.0 24.0 36.7
v -30.5 24.0 38.0
v -30.7 24.0 39.0
v -30.3 25.0 32.0
v -30.0 25.0 32.3
v -30.0 24.3 33.0
v -30.4 25.0 37.0
v -30.0 25.0 36.5
v -30.6 25.0 38.0
v -30.0 26.0 30.5
v -30.0 25.6 31.0
v -30.0 25.2 32.0
v -30.4 26.0 37.0
v -30.0 26.0 36.5
v -30.6 26.0 38.0
v -30.5 27.0 30.0
v -30.0 27.0 29.7
v -30.0 26.6 30.0
v -30.3 27.0 37.0
v -30.0 27.0 36.6
v -30.6 27.0 38.0
v -30.0 28.0 29.6
v -30.0 27.5 37.0
v -30.0 28.0 37.5
v -30.3 28.0 38.0
v -30.7 28.0 39.0
v -30.0 29.0 29.5
v -30.0 28.5 38.0
v -30.0 29.0 38.4
v -30.4 29.0 39.0
v -30.6 29.0 40.0
v -30.3 30.0 29.0
v -30.0 30.0 28.9
v -30.0 29.8 29.0
v -30.0 30.0 39.0
v -30.0 30.0 38.9
v -30.0 30.0 39.1
v -30.0 29.6 40.0
v -30.3 30.0 41.0
v -30.0 30.0 40.5
v -30.7 30.0 42.0
v -30.0 31.0 28.7
v -30.0 30.0 39.0
v -30.0 30.4 41.0
v -30.0 30.7 42.0
v -30.0 31.0 42.2
v -30.0 31.4 29.0
v -30.0 32.0 29.5
v -30.6 32.0 43.0
v -30.0 32.0 42.5
v -30.0 32.5 30.0
v -30.0 33.0 30.5
v -30.2 33.0 43.0
v -30.0 33.0 42.8
v -30.0 34.0 30.5
v -30.0 33.1 43.0
v -30.0 33.9 44.0
v -30.2 34.0 44.0
v -30.0 34.0 44.1
v -30.6 35.0 31.0
v -30.0 35.0 30.5
v -30.9 35.0 44.0
v -30.0 35.0 44.4
v -30.4 36.0 31.0
v -30.0 36.0 30.6
v -30.0 36.0 44.5
v -30.0 36.5 31.0
v -30.0 37.0 31.4
v -30.5 37.0 44.0
v -30.0 37.0 44.3
v -30.0 37.4 32.0
v -30.6 38.0 33.0
v -30.0 37.8 33.0
v -30.0 38.0 33.3
v -30.9 38.0 38.0
v -30.0 37.4 44.0
v -30.0 38.0 43.5
v -30.0 39.0 33.7
v -30.6 39.0 36.0
v -30.5 39.0 37.0
v -30.3 39.0 38.0
v -30.0 38.7 39.0
v -30.0 39.0 38.5
v -30.4 39.0 40.0
v -30.0 38.8 40.0
v -30.0 39.0 41.0
v -30.0 38.5 43.0
v -30.0 39.0 42.5
v -30.0 39.2 34.0
v -30.0 39.5 35.0
v -30.0 39.4 36.0
v -30.0 39.4 37.0
v -30.0 39.3 38.0
v -30.7 40.0 41.0
v -30.0 39.0 41.0
v -30.0 40.0 41.9
v -30.0 40.0 42.1
v -30.0 40.1 42.0
v -29.6 17.0 38.0
v -29.0 17.0 38.6
v -29.0 16.7 39.0
v -29.0 16.7 40.0
v -29.0 16.8 41.0
v -29.0 17.0 42.0
v -29.7 17.0 43.0
v -29.0 17.0 42.0
v -29.0 18.0 37.5
v -29.0 17.5 38.0
v -29.3 18.0 41.0
v -29.0 17.4 41.0
v -29.0 18.0 40.5
v -29.6 18.0 42.0
v -29.0 17.0 42.0
v -29.0 19.0 36.7
v -29.0 18.6 37.0
v -29.3 19.0 39.0
v -29.0 18.7 39.0
v -29.0 19.0 38.6
v -29.5 19.0 40.0
v -29.0 18.4 40.0
v -29.7 19.0 41.0
v -29.0 20.0 36.5
v -29.3 20.0 38.0
v -29.0 19.6 38.0
v -29.0 20.0 37.6
v -29.0 21.0 35.5
v -29.0 20.5 36.0
v -29.5 21.0 38.0
v -29.0 21.0 37.6
v -29.0 22.0 34.5
v -29.0 21.5 35.0
v -29.6 22.0 38.0
v -29.0 22.0 37.4
v -29.0 23.0 33.6
v -29.0 22.5 34.0
v -29.5 23.0 37.0
v -29.0 22.5 37.0
v -29.0 23.0 36.5
v -29.0 24.0 33.4
v -29.4 24.0 36.0
v -29.0 23.6 36.0
v -29.0 24.0 35.6
v -29.0 25.0 32.5
v -29.0 24.5 33.0
v -29.2 25.0 35.0
v -29.0 24.7 35.0
v -29.0 25.0 34.7
v -29.6 25.0 36.0
v -29.0 26.0 30.6
v -29.0 25.7 31.0
v -29.0 25.4 32.0
v -29.4 26.0 35.0
v -29.0 26.0 34.5
v -29.6 26.0 36.0
v -29.0 27.0 29.3
v -29.0 26.6 30.0
v -29.3 27.0 35.0
v -29.0 27.0 34.6
v -29.6 27.0 36.0
v -29.0 27.6 30.0
v -29.3 28.0 30.0
v -29.0 28.0 30.2
v -29.0 27.5 35.0
v -29.0 28.0 35.4
v -29.4 28.0 36.0
v -29.7 28.0 37.0
v -29.4 29.0 30.0
v -29.0 29.0 30.5
v -29.3 29.0 36.0
v -29.0 29.0 35.6
v -29.5 29.0 37.0
v -29.7 29.0 38.0
v -29.8 30.0 29.0
v -29.0 30.0 29.7
v -29.0 29.7 30.0
v -29.0 29.5 36.0
v -29.0 30.0 36.5
v -29.3 30.0 37.0
v -29.5 30.0 38.0
v -29.0 30.0 40.0
v -29.0 31.0 28.9
v -29.0 30.9 29.0
v -29.1 31.0 32.0
v -29.0 30.9 32.0
v -29.0 31.0 31.9
v -29.0 31.0 32.1
v -29.0 30.4 37.0
v -29.0 30.9 38.0
v -29.0 30.5 39.0
v -29.0 30.0 40.0
v -29.5 31.0 41.0
v -29.0 31.0 40.5
v -29.8 31.0 42.0
v -29.0 31.1 29.0
v -29.0 32.0 29.7
v -29.4 32.0 32.0
v -29.0 32.0 31.4
v -29.0 31.7 33.0
v -29.2 32.0 33.0
v -29.0 32.0 33.3
v -29.3 32.0 41.0
v -29.0 32.0 40.7
v -29.6 32.0 42.0
v -29.0 32.2 30.0
v -29.4 33.0 31.0
v -29.0 32.4 31.0
v -29.5 33.0 32.0
v -29.5 33.0 33.0
v -29.0 32.7 34.0
v -29.2 33.0 34.0
v -29.0 33.0 34.3
v -29.0 32.4 41.0
v -29.0 33.0 42.0
v -29.0 33.0 42.0
v -29.0 34.0 30.8
v -29.0 33.7 31.0
v -29.0 34.0 31.4
v -29.3 34.0 32.0
v -29.4 34.0 33.0
v -29.5 34.0 34.0
v -29.0 33.7 35.0
v -29.2 34.0 35.0
v -29.0 34.0 35.2
v -29.0 33.0 42.0
v -29.0 33.1 43.0
v -29.8 34.0 44.0
v -29.0 34.0 43.6
v -29.3 35.0 30.0
v -29.0 35.0 29.8
v -29.0 34.7 30.0
v -29.0 34.3 32.0
v -29.0 34.5 33.0
v -29.0 35.0 33.6
v -29.2 35.0 34.0
v -29.2 35.0 35.0
v -29.0 35.0 35.2
v -29.0 34.6 44.0
v -29.0 35.0 44.3
v -29.1 36.0 30.0
v -29.0 36.0 29.9
v -29.0 35.2 34.0
v -29.0 35.2 35.0
v -29.0 36.0 44.4
v -29.0 36.1 30.0
v -29.2 37.0 31.0
v -29.0 37.0 30.9
v -29.0 37.0 44.2
v -29.0 37.1 31.0
v -29.0 37.4 32.0
v -29.0 37.6 33.0
v -29.0 38.0 33.5
v -29.0 37.3 44.0
v -29.0 38.0 43.4
v -29.0 38.6 34.0
v -29.6 39.0 34.0
v -29.0 39.0 34.4
v -29.5 39.0 39.0
v -29.5 39.0 40.0
v -29.0 38.6 43.0
v -29.0 39.0 42.7
v -29.0 39.4 35.0
v -29.0 39.5 36.0
v -29.0 39.4 37.0
v -29.0 39.4 38.0
v -29.0 39.2 39.0
v -29.0 39.2 40.0
v -29.0 39.3 41.0
v -29.9 40.0 42.0
v -29.0 39.5 42.0
v -28.7 17.0 39.0
v -28.7 17.0 40.0
v -28.8 17.0 41.0
v -29.0 17.0 42.0
v -28.0 18.0 37.8
v -28.0 17.8 38.0
v -28.0 17.9 39.0
v -28.0 18.0 39.1
v -28.7 18.0 40.0
v -28.0 19.0 36.8
v -28.0 18.7 37.0
v -28.0 18.4 38.0
v -28.5 19.0 38.0
v -28.0 19.0 37.4
v -28.0 18.1 39.0
v -28.0 20.0 36.4
v -28.0 20.0 37.4
v -28.0 21.0 35.4
v -28.0 20.4 36.0
v -28.0 21.0 37.4
v -28.0 22.0 34.5
v -28.0 21.4 35.0
v -28.5 22.0 37.0
v -28.0 21.6 37.0
v -28.0 22.0 36.6
v -28.0 23.0 33.6
v -28.0 22.6 34.0
v -28.4 23.0 36.0
v -28.0 22.6 36.0
v -28.0 23.0 35.7
v -28.0 24.0 33.6
v -28.0 24.0 35.3
v -28.0 25.0 32.9
v -28.0 24.9 33.0
v -28.0 24.5 34.0
v -28.4 25.0 34.0
v -28.0 25.0 33.1
v -28.0 24.3 35.0
v -28.5 26.0 31.0
v -28.0 26.0 31.5
v -28.0 25.7 32.0
v -28.5 26.0 34.0
v -28.0 26.0 33.4
v -28.0 27.0 29.9
v -28.0 26.9 30.0
v -28.0 26.4 31.0
v -28.5 27.0 34.0
v -28.0 27.0 33.1
v -28.0 27.1 30.0
v -28.0 28.0 30.6
v -28.4 28.0 34.0
v -28.0 28.0 33.5
v -28.7 28.0 35.0
v -28.0 28.5 31.0
v -28.4 29.0 31.0
v -28.0 29.0 31.3
v -28.2 29.0 34.0
v -28.0 29.0 33.7
v -28.6 29.0 35.0
v -28.8 30.0 30.0
v -28.9 30.0 31.0
v -28.0 30.0 31.6
v -28.0 29.4 34.0
v -28.0 30.0 34.6
v -28.3 30.0 35.0
v -28.7 30.0 36.0
v -28.9 31.0 29.0
v -28.6 31.0 30.0
v -28.7 31.0 31.0
v -28.0 30.5 32.0
v -28.0 31.0 32.6
v -28.0 30.4 35.0
v -28.0 31.0 35.6
v -28.3 31.0 36.0
v -28.4 31.0 37.0
v -28.0 31.0 37.8
v -28.0 30.9 38.0
v -28.0 30.8 39.0
v -28.6 31.0 40.0
v -28.0 31.0 39.2
v -28.8 32.0 30.0
v -28.8 32.0 31.0
v -28.0 31.4 33.0
v -28.0 32.0 33.6
v -28.0 31.2 36.0
v -28.0 31.3 37.0
v -28.4 32.0 40.0
v -28.0 32.0 39.6
v -28.0 32.4 34.0
v -28.0 33.0 34.6
v -28.0 32.5 40.0
v -28.3 33.0 41.0
v -28.0 33.0 40.6
v -28.8 34.0 31.0
v -28.0 33.4 35.0
v -28.0 34.0 35.5
v -28.0 33.3 41.0
v -28.0 33.2 42.0
v -28.4 34.0 43.0
v -28.0 34.0 42.5
v -28.0 35.0 30.0
v -28.0 35.0 30.0
v -28.0 34.6 31.0
v -28.0 34.7 32.0
v -28.5 35.0 33.0
v -28.0 35.0 32.4
v -28.0 35.0 35.4
v -28.0 34.5 43.0
v -28.7 35.0 44.0
v -28.0 35.0 43.3
v -28.0 35.0 30.0
v -28.8 36.0 30.0
v -28.0 36.0 30.6
v -28.0 35.4 33.0
v -28.0 35.5 34.0
v -28.0 35.4 35.0
v -28.5 36.0 44.0
v -28.0 36.0 43.5
v -28.9 37.0 31.0
v -28.0 36.3 31.0
v -28.4 37.0 32.0
v -28.0 36.6 32.0
v -28.0 37.0 32.5
v -28.7 37.0 44.0
v -28.0 37.0 43.3
v -28.0 37.4 33.0
v -28.0 38.0 33.6
v -28.4 38.0 43.0
v -28.0 37.6 43.0
v -28.0 38.0 42.7
v -28.0 38.4 34.0
v -28.0 39.0 34.7
v -28.4 39.0 37.0
v -28.0 38.7 37.0
v -28.0 39.0 36.5
v -28.5 39.0 38.0
v -28.0 38.6 38.0
v -28.6 39.0 39.0
v -28.0 38.6 39.0
v -28.7 39.0 40.0
v -28.0 38.5 40.0
v -28.5 39.0 41.0
v -28.0 38.7 41.0
v -28.0 39.0 41.6
v -28.0 39.0 42.6
v -28.0 39.2 35.0
v -28.0 39.3 36.0
v -28.0 39.2 42.0
v -27.2 18.0 38.0
v -27.9 18.0 39.0
v -27.0 19.0 36.9
v -27.0 18.9 37.0
v -27.0 19.0 37.1
v -27.5 20.0 36.0
v -27.0 20.0 35.6
v -27.0 19.6 36.0
v -27.0 20.0 37.4
v -27.4 21.0 35.0
v -27.0 21.0 34.7
v -27.0 20.7 35.0
v -27.0 21.0 37.3
v -27.0 22.0 34.5
v -27.0 21.3 37.0
v -27.0 22.0 36.5
v -27.0 23.0 33.9
v -27.0 22.9 34.0
v -27.0 22.5 36.0
v -27.0 23.0 35.4
v -27.0 23.1 34.0
v -27.6 24.0 34.0
v -27.0 24.0 35.0
v -27.0 24.0 35.0
v -27.9 25.0 33.0
v -27.0 24.0 35.0
v -27.6 26.0 32.0
v -27.7 26.0 33.0
v -27.9 27.0 30.0
v -27.0 27.0 30.9
v -27.0 26.9 31.0
v -27.0 26.5 32.0
v -27.0 27.0 32.9
v -27.5 27.0 33.0
v -27.5 28.0 31.0
v -27.0 27.2 31.0
v -27.0 28.0 31.4
v -27.3 28.0 33.0
v -27.0 28.0 32.7
v -27.0 29.0 31.5
v -27.0 28.4 33.0
v -27.0 29.0 33.3
v -27.0 30.0 31.7
v -27.5 30.0 34.0
v -27.0 30.0 33.4
v -27.0 30.3 32.0
v -27.6 31.0 33.0
v -27.0 30.4 33.0
v -27.0 31.0 34.0
v -27.4 31.0 35.0
v -27.9 31.0 38.0
v -27.8 31.0 39.0
v -27.6 32.0 34.0
v -27.0 32.0 34.6
v -27.0 31.5 35.0
v -27.0 31.4 36.0
v -27.0 31.7 37.0
v -27.3 32.0 38.0
v -27.0 32.0 37.5
v -27.6 32.0 39.0
v -27.5 33.0 35.0
v -27.0 32.5 35.0
v -27.0 33.0 35.4
v -27.0 32.5 38.0
v -27.0 33.0 38.4
v -27.4 33.0 39.0
v -27.7 33.0 40.0
v -27.4 34.0 36.0
v -27.0 33.6 36.0
v -27.0 34.0 36.4
v -27.3 34.0 39.0
v -27.0 34.0 38.6
v -27.5 34.0 40.0
v -27.5 34.0 41.0
v -27.6 34.0 42.0
v -28.0 35.0 30.0
v -27.7 35.0 31.0
v -27.7 35.0 32.0
v -27.3 35.0 36.0
v -27.0 35.0 36.3
v -27.0 34.4 39.0
v -27.0 35.0 39.7
v -27.1 35.0 40.0
v -27.0 35.0 40.5
v -27.0 34.8 41.0
v -27.0 35.0 41.3
v -27.3 35.0 42.0
v -27.7 35.0 43.0
v -27.7 36.0 31.0
v -27.5 36.0 32.0
v -27.0 35.9 33.0
v -27.0 36.0 32.9
v -27.0 35.7 34.0
v -27.0 35.6 35.0
v -27.0 35.3 36.0
v -27.0 35.2 40.0
v -27.0 35.7 42.0
v -27.0 36.0 42.2
v -27.5 36.0 43.0
v -27.5 37.0 33.0
v -27.0 36.1 33.0
v -27.0 37.0 33.5
v -27.3 37.0 42.0
v -27.0 36.3 42.0
v -27.0 37.0 41.6
v -27.7 37.0 43.0
v -27.6 38.0 34.0
v -27.0 37.5 34.0
v -27.0 38.0 34.6
v -27.2 38.0 40.0
v -27.0 37.8 40.0
v -27.0 38.0 39.7
v -27.0 38.0 40.7
v -27.5 38.0 42.0
v -27.0 38.0 41.1
v -27.7 39.0 35.0
v -27.0 38.4 35.0
v -27.6 39.0 36.0
v -27.0 38.5 36.0
v -27.0 38.4 37.0
v -27.0 38.4 38.0
v -27.0 38.3 39.0
v -27.0 38.1 41.0
v -27.8 39.0 42.0
v -26.9 19.0 37.0
v -26.0 20.0 35.7
v -26.0 19.8 36.0
v -26.0 19.9 37.0
v -26.0 20.0 37.1
v -26.0 21.0 34.7
v -26.0 20.7 35.0
v -26.4 21.0 37.0
v -26.0 20.3 37.0
v -26.0 21.0 36.7
v -26.0 22.0 34.7
v -26.0 22.0 36.3
v -26.9 23.0 34.0
v -26.0 22.4 35.0
v -26.6 23.0 35.0
v -26.0 22.3 36.0
v -27.0 24.0 35.0
v -26.9 27.0 31.0
v -26.0 27.0 32.0
v -26.0 27.0 32.0
v -26.0 28.0 31.8
v -26.0 28.0 32.2
v -26.0 29.0 31.8
v -26.6 29.0 33.0
v -26.0 29.0 32.2
v -26.0 29.8 32.0
v -26.1 30.0 32.0
v -26.6 30.0 33.0
v -26.0 32.0 35.0
v -26.0 32.0 35.0
v -26.0 31.4 36.0
v -26.6 32.0 37.0
v -26.0 32.0 36.4
v -26.0 32.0 35.0
v -26.0 33.0 36.0
v -26.4 33.0 37.0
v -26.0 33.0 36.0
v -26.7 33.0 38.0
v -26.0 33.0 36.0
v -26.6 34.0 37.0
v -26.6 34.0 38.0
v -26.5 35.0 37.0
v -26.5 35.0 38.0
v -26.6 35.0 39.0
v -26.8 35.0 41.0
v -26.9 36.0 33.0
v -26.7 36.0 34.0
v -26.5 36.0 35.0
v -26.0 36.0 35.6
v -26.0 35.7 36.0
v -26.0 35.7 37.0
v -26.0 36.0 37.7
v -26.2 36.0 38.0
v -26.0 36.0 38.5
v -26.0 35.8 39.0
v -26.4 36.0 40.0
v -26.0 36.0 39.3
v -26.5 36.0 41.0
v -26.8 36.0 42.0
v -26.6 37.0 34.0
v -26.0 37.0 34.9
v -26.0 36.8 35.0
v -26.0 36.3 38.0
v -26.0 36.8 40.0
v -26.0 37.0 40.1
v -26.5 37.0 41.0
v -26.6 38.0 35.0
v -26.0 37.1 35.0
v -26.5 38.0 36.0
v -26.0 37.4 36.0
v -26.5 38.0 37.0
v -26.0 37.4 37.0
v -26.5 38.0 38.0
v -26.0 37.4 38.0
v -26.6 38.0 39.0
v -26.0 37.4 39.0
v -26.0 37.1 40.0
v -26.9 38.0 41.0
v -25.7 20.0 36.0
v -25.9 20.0 37.0
v -25.6 21.0 35.0
v -25.0 21.0 35.9
v -25.0 20.9 36.0
v -25.0 21.0 36.2
v -25.3 22.0 35.0
v -25.0 21.1 36.0
v -25.6 22.0 36.0
v -25.9 28.0 32.0
v -25.8 29.0 32.0
v -26.0 32.0 35.0
v -25.7 32.0 36.0
v -26.0 33.0 36.0
v -25.8 36.0 36.0
v -25.7 36.0 37.0
v -25.9 36.0 39.0
v -25.9 37.0 35.0
v -25.6 37.0 36.0
v -25.6 37.0 37.0
v -25.7 37.0 38.0
v -25.7 37.0 39.0
v -25.9 37.0 40.0
v -24.9 21.0 36.0
f 3 2 1
f 5 4 1
f 1 4 3
f 5 6 4
f 2 7 1
f 1 7 5
f 5 7 8
f 11 10 9
f 5 8 6
f 10 12 9
f 10 11 13
f 13 11 14
f 12 10 15
f 10 16 15
f 10 13 16
f 18 17 16
f 16 17 15
f 18 19 17
f 14 20 13
f 22 21 20
f 21 13 20
f 21 16 13
f 24 18 23
f 18 21 23
f 18 16 21
f 18 24 19
f 22 25 21
f 21 25 23
f 28 27 26
f 26 29 28
f 32 31 30
f 32 30 27
f 30 26 27
f 30 33 26
f 29 26 34
f 34 26 33
f 31 35 30
f 30 35 33
f 33 35 36
f 33 36 34
f 39 38 37
f 37 40 39
f 37 38 41
f 41 38 42
f 40 37 43
f 37 44 43
f 37 41 44
f 44 45 43
f 41 42 46
f 46 42 47
f 46 2 3
f 44 46 3
f 41 46 44
f 48 45 44
f 3 48 44
f 4 48 3
f 4 6 48
f 48 6 49
f 46 47 50
f 50 47 51
f 52 7 2
f 46 52 2
f 50 52 46
f 53 8 7
f 53 7 52
f 54 11 9
f 11 54 53
f 49 53 54
f 53 49 8
f 6 8 49
f 9 12 54
f 54 12 55
f 51 56 50
f 50 56 52
f 52 56 57
f 59 58 57
f 58 52 57
f 58 53 52
f 58 14 11
f 58 11 53
f 60 55 12
f 60 12 15
f 61 15 17
f 61 60 15
f 17 19 61
f 61 19 62
f 58 59 63
f 63 59 64
f 65 20 14
f 58 65 14
f 63 65 58
f 65 22 20
f 23 66 24
f 66 67 24
f 67 19 24
f 67 62 19
f 64 68 63
f 63 68 65
f 65 68 69
f 65 69 22
f 69 25 22
f 69 70 25
f 23 25 66
f 25 71 66
f 25 70 71
f 66 71 67
f 74 73 72
f 76 75 72
f 72 75 74
f 76 77 75
f 73 78 72
f 80 79 78
f 79 72 78
f 79 76 72
f 28 81 27
f 81 76 27
f 76 79 27
f 76 81 77
f 28 29 81
f 81 29 82
f 79 80 32
f 80 31 32
f 80 83 31
f 79 32 27
f 34 85 84
f 82 34 84
f 29 34 82
f 85 86 84
f 35 31 87
f 31 88 87
f 31 83 88
f 89 36 35
f 89 35 87
f 89 90 36
f 36 90 34
f 90 91 34
f 91 85 34
f 85 91 86
f 87 88 92
f 92 88 93
f 95 89 94
f 89 92 94
f 89 87 92
f 89 95 90
f 93 96 92
f 92 96 94
f 99 98 97
f 38 39 97
f 39 99 97
f 39 100 99
f 39 40 100
f 100 40 101
f 97 98 102
f 102 98 103
f 102 42 38
f 102 38 97
f 104 101 40
f 104 40 43
f 43 45 104
f 104 45 105
f 102 103 106
f 106 103 107
f 106 47 42
f 106 42 102
f 108 105 45
f 108 45 48
f 48 49 108
f 108 49 109
f 106 107 110
f 110 107 111
f 110 51 47
f 110 47 106
f 49 54 112
f 113 49 112
f 109 49 113
f 55 112 54
f 116 115 114
f 114 117 116
f 111 118 110
f 118 120 119
f 118 119 56
f 110 118 56
f 51 110 56
f 121 57 56
f 121 56 119
f 121 59 57
f 122 113 112
f 122 112 55
f 60 122 55
f 123 122 60
f 125 123 124
f 123 61 124
f 123 60 61
f 62 124 61
f 128 127 126
f 128 126 115
f 126 114 115
f 126 129 114
f 117 114 130
f 130 114 129
f 120 131 119
f 133 132 131
f 132 119 131
f 132 121 119
f 132 64 59
f 132 59 121
f 134 125 124
f 62 67 124
f 67 135 124
f 135 134 124
f 135 67 136
f 136 137 135
f 127 138 126
f 126 138 129
f 129 138 139
f 129 139 130
f 133 140 132
f 140 142 141
f 140 141 68
f 132 140 68
f 64 132 68
f 143 69 68
f 143 68 141
f 144 70 69
f 144 69 143
f 145 71 70
f 145 70 144
f 145 146 71
f 71 146 67
f 146 147 67
f 147 136 67
f 136 147 137
f 142 148 141
f 150 149 148
f 149 141 148
f 149 143 141
f 143 151 144
f 143 149 151
f 153 145 152
f 145 151 152
f 145 144 151
f 145 153 146
f 150 154 149
f 156 155 154
f 155 149 154
f 155 151 149
f 152 151 157
f 157 151 155
f 156 158 155
f 73 158 159
f 158 73 155
f 74 155 73
f 155 74 157
f 160 157 74
f 161 74 75
f 161 160 74
f 75 77 161
f 161 77 162
f 78 73 163
f 73 164 163
f 73 159 164
f 163 80 78
f 165 162 77
f 165 77 81
f 81 82 165
f 165 82 166
f 164 167 163
f 80 163 167
f 168 80 167
f 83 80 168
f 169 166 82
f 169 82 84
f 84 86 169
f 169 86 170
f 173 172 171
f 168 173 171
f 88 168 171
f 83 168 88
f 90 174 91
f 174 175 91
f 175 86 91
f 175 170 86
f 171 172 176
f 176 172 177
f 176 93 88
f 176 88 171
f 94 178 95
f 174 90 95
f 178 174 95
f 179 174 178
f 175 174 180
f 180 174 179
f 183 182 181
f 184 176 177
f 181 185 183
f 176 184 93
f 184 96 93
f 184 186 96
f 96 186 94
f 186 187 94
f 187 178 94
f 187 186 188
f 190 179 189
f 179 187 189
f 179 178 187
f 179 190 180
f 181 182 191
f 191 182 192
f 185 181 193
f 193 181 191
f 188 194 187
f 187 194 189
f 191 192 195
f 195 192 196
f 193 191 197
f 191 198 197
f 191 195 198
f 198 199 197
f 196 200 195
f 195 200 198
f 198 200 201
f 198 201 199
f 202 98 99
f 202 99 203
f 99 204 203
f 99 100 204
f 100 101 204
f 204 101 205
f 206 103 202
f 202 103 98
f 202 203 207
f 202 207 206
f 208 205 101
f 208 101 104
f 104 105 208
f 208 105 209
f 211 210 206
f 210 103 206
f 210 107 103
f 211 206 207
f 212 209 105
f 212 105 108
f 108 109 212
f 212 109 213
f 210 111 107
f 214 111 210
f 113 216 215
f 213 113 215
f 109 113 213
f 216 217 215
f 219 218 116
f 116 218 115
f 116 117 219
f 219 117 220
f 118 111 221
f 111 222 221
f 111 214 222
f 221 120 118
f 122 216 113
f 122 123 216
f 123 223 216
f 223 217 216
f 123 224 223
f 125 224 123
f 227 226 225
f 127 128 225
f 128 227 225
f 128 228 227
f 128 115 218
f 128 218 228
f 130 220 117
f 130 229 220
f 222 230 221
f 230 232 231
f 230 231 131
f 221 230 131
f 120 221 131
f 231 133 131
f 233 223 224
f 233 224 125
f 134 233 125
f 234 233 134
f 235 134 135
f 235 234 134
f 236 225 137
f 225 235 137
f 235 135 137
f 225 226 235
f 225 236 127
f 236 237 127
f 237 138 127
f 236 238 237
f 138 239 139
f 237 239 138
f 130 139 229
f 229 139 239
f 232 240 231
f 240 242 241
f 240 241 140
f 231 240 140
f 133 231 140
f 241 142 140
f 146 243 147
f 236 137 147
f 243 236 147
f 244 236 243
f 238 236 245
f 245 236 244
f 242 246 241
f 246 248 247
f 246 247 148
f 241 246 148
f 142 241 148
f 247 150 148
f 152 249 153
f 243 146 153
f 249 243 153
f 250 243 249
f 252 244 251
f 244 250 251
f 244 243 250
f 244 252 245
f 248 253 247
f 253 255 254
f 253 254 154
f 247 253 154
f 150 247 154
f 254 156 154
f 157 256 249
f 157 249 152
f 249 257 250
f 249 256 257
f 251 250 258
f 258 250 257
f 261 260 259
f 263 262 259
f 259 262 261
f 262 263 255
f 263 254 255
f 263 264 254
f 265 158 156
f 254 265 156
f 264 265 254
f 160 256 157
f 159 158 265
f 256 160 161
f 256 161 257
f 161 162 257
f 162 258 257
f 162 266 258
f 260 267 259
f 269 268 267
f 268 259 267
f 268 263 259
f 263 270 264
f 263 268 270
f 264 271 265
f 264 270 271
f 271 164 159
f 271 159 265
f 272 266 162
f 272 162 165
f 165 166 272
f 272 166 273
f 268 269 274
f 274 269 275
f 268 276 270
f 268 274 276
f 270 277 271
f 270 276 277
f 278 167 164
f 271 278 164
f 277 278 271
f 278 168 167
f 166 169 279
f 280 166 279
f 273 166 280
f 170 279 169
f 275 281 274
f 274 281 276
f 276 281 282
f 284 283 282
f 283 276 282
f 283 277 276
f 283 172 173
f 278 283 173
f 277 283 278
f 278 173 168
f 285 280 279
f 279 170 285
f 170 286 285
f 170 175 286
f 283 284 287
f 287 284 288
f 287 177 172
f 287 172 283
f 180 286 175
f 180 289 286
f 287 288 183
f 288 182 183
f 288 290 182
f 291 183 185
f 291 287 183
f 291 184 177
f 287 291 177
f 292 186 184
f 292 184 291
f 292 188 186
f 294 293 190
f 294 190 189
f 180 190 289
f 289 190 293
f 297 296 295
f 290 297 295
f 192 290 295
f 182 290 192
f 193 298 291
f 193 291 185
f 291 299 292
f 291 298 299
f 300 194 188
f 292 300 188
f 299 300 292
f 300 301 194
f 301 189 194
f 301 294 189
f 296 302 295
f 192 295 302
f 303 192 302
f 196 192 303
f 197 298 193
f 298 197 199
f 304 298 199
f 299 298 304
f 306 300 305
f 300 304 305
f 300 299 304
f 300 306 301
f 303 307 196
f 196 307 200
f 307 309 308
f 201 307 308
f 200 307 201
f 308 310 201
f 201 310 199
f 310 311 199
f 311 304 199
f 304 311 305
f 309 312 308
f 308 312 310
f 313 203 204
f 205 313 204
f 315 314 313
f 314 203 313
f 314 207 203
f 317 315 316
f 316 315 208
f 315 313 208
f 313 205 208
f 209 316 208
f 318 210 211
f 319 318 211
f 207 319 211
f 314 319 207
f 320 317 316
f 322 320 321
f 321 320 212
f 320 316 212
f 316 209 212
f 213 321 212
f 325 324 323
f 326 325 318
f 325 214 318
f 214 210 318
f 325 323 214
f 326 318 319
f 327 322 321
f 327 321 213
f 215 327 213
f 328 327 215
f 215 217 328
f 328 217 329
f 330 218 219
f 220 330 219
f 323 324 331
f 331 324 332
f 331 222 214
f 331 214 323
f 223 329 217
f 223 333 329
f 335 334 227
f 227 334 226
f 336 227 228
f 336 335 227
f 228 218 330
f 337 228 330
f 336 228 337
f 330 220 337
f 220 338 337
f 220 229 338
f 332 339 331
f 339 341 340
f 339 340 230
f 331 339 230
f 222 331 230
f 340 232 230
f 342 333 223
f 342 223 233
f 343 233 234
f 343 342 233
f 344 234 235
f 344 343 234
f 235 226 334
f 235 334 344
f 238 345 237
f 237 345 346
f 347 237 346
f 239 237 347
f 229 239 338
f 338 239 347
f 340 341 348
f 348 341 349
f 350 240 232
f 340 350 232
f 348 350 340
f 350 242 240
f 352 351 345
f 238 352 345
f 245 352 238
f 345 351 346
f 349 353 348
f 348 353 350
f 350 353 354
f 354 356 355
f 354 355 246
f 350 354 246
f 242 350 246
f 355 248 246
f 251 357 252
f 357 358 252
f 358 245 252
f 358 352 245
f 361 360 359
f 363 362 359
f 359 362 361
f 363 364 362
f 367 366 365
f 367 365 356
f 365 355 356
f 365 368 355
f 369 253 248
f 355 369 248
f 368 369 355
f 369 255 253
f 258 370 357
f 258 357 251
f 358 357 371
f 371 357 370
f 359 360 372
f 372 360 373
f 359 374 363
f 359 372 374
f 364 363 375
f 363 376 375
f 363 374 376
f 375 376 366
f 376 365 366
f 376 377 365
f 377 260 261
f 368 377 261
f 365 377 368
f 368 261 262
f 368 262 369
f 369 262 255
f 379 378 370
f 258 379 370
f 266 379 258
f 370 378 371
f 372 373 380
f 380 373 381
f 372 382 374
f 372 380 382
f 374 383 376
f 374 382 383
f 376 384 377
f 376 383 384
f 385 267 260
f 377 385 260
f 384 385 377
f 385 269 267
f 386 379 266
f 386 266 272
f 272 273 386
f 386 273 387
f 381 388 380
f 390 389 388
f 389 380 388
f 389 382 380
f 382 391 383
f 382 389 391
f 383 392 384
f 383 391 392
f 384 393 385
f 384 392 393
f 393 275 269
f 393 269 385
f 280 395 394
f 387 280 394
f 273 280 387
f 395 396 394
f 390 397 389
f 399 398 397
f 398 389 397
f 398 391 389
f 391 400 392
f 391 398 400
f 392 401 393
f 392 400 401
f 402 281 275
f 393 402 275
f 401 402 393
f 403 282 281
f 403 281 402
f 403 284 282
f 285 395 280
f 285 286 395
f 286 396 395
f 286 404 396
f 399 405 398
f 398 405 400
f 400 405 406
f 408 407 406
f 407 400 406
f 407 401 400
f 401 409 402
f 401 407 409
f 402 410 403
f 402 409 410
f 410 288 284
f 410 284 403
f 289 404 286
f 289 411 404
f 407 408 412
f 412 408 413
f 407 414 409
f 407 412 414
f 409 415 410
f 409 414 415
f 415 290 288
f 415 288 410
f 417 416 293
f 417 293 294
f 289 293 411
f 411 293 416
f 413 418 412
f 420 419 418
f 419 412 418
f 419 414 412
f 419 296 297
f 415 419 297
f 414 419 415
f 415 297 290
f 301 417 294
f 301 421 417
f 420 422 419
f 419 422 296
f 422 302 296
f 422 423 302
f 425 424 303
f 302 425 303
f 423 425 302
f 426 424 425
f 428 427 306
f 428 306 305
f 301 306 421
f 421 306 427
f 424 307 303
f 309 307 424
f 426 309 424
f 429 309 426
f 431 430 311
f 431 311 310
f 305 311 428
f 428 311 430
f 429 432 309
f 309 432 312
f 310 312 431
f 431 312 432
f 434 433 315
f 315 433 314
f 315 317 434
f 434 317 435
f 438 437 436
f 433 438 436
f 319 433 436
f 314 433 319
f 439 435 317
f 439 317 320
f 320 322 439
f 439 322 440
f 442 441 325
f 325 441 324
f 326 436 437
f 442 326 437
f 325 326 442
f 436 326 319
f 443 440 322
f 443 322 327
f 445 443 444
f 443 328 444
f 443 327 328
f 329 444 328
f 441 332 324
f 446 332 441
f 445 444 447
f 445 447 448
f 333 447 329
f 329 447 444
f 450 449 335
f 335 449 334
f 451 335 336
f 451 450 335
f 452 336 337
f 452 451 336
f 337 338 452
f 452 338 453
f 339 332 454
f 332 455 454
f 332 446 455
f 454 341 339
f 456 448 447
f 456 447 333
f 342 456 333
f 457 456 342
f 458 342 343
f 458 457 342
f 459 343 344
f 459 458 343
f 344 334 449
f 344 449 459
f 346 460 347
f 460 461 347
f 461 338 347
f 461 453 338
f 455 462 454
f 341 454 462
f 463 341 462
f 349 341 463
f 352 464 351
f 464 465 351
f 351 465 346
f 465 466 346
f 466 460 346
f 460 466 461
f 463 467 349
f 349 467 353
f 467 469 468
f 354 467 468
f 353 467 354
f 468 356 354
f 358 470 464
f 358 464 352
f 465 464 471
f 471 464 470
f 473 472 361
f 361 472 360
f 474 361 362
f 474 473 361
f 476 475 364
f 475 362 364
f 475 474 362
f 475 476 469
f 469 476 468
f 476 366 468
f 366 367 468
f 468 367 356
f 478 477 470
f 358 478 470
f 371 478 358
f 470 477 471
f 472 373 360
f 479 373 472
f 375 476 364
f 476 375 366
f 379 480 378
f 478 371 481
f 371 480 481
f 480 482 481
f 371 378 480
f 482 483 481
f 486 485 484
f 479 486 484
f 381 479 484
f 373 479 381
f 386 480 379
f 480 386 387
f 487 480 387
f 482 480 487
f 483 482 488
f 488 482 487
f 484 485 489
f 489 485 490
f 491 388 381
f 484 491 381
f 489 491 484
f 491 390 388
f 394 487 387
f 394 396 487
f 396 488 487
f 396 492 488
f 490 493 489
f 495 494 493
f 494 489 493
f 494 491 489
f 496 397 390
f 491 496 390
f 494 496 491
f 496 399 397
f 499 498 497
f 498 492 497
f 492 404 497
f 492 396 404
f 495 500 494
f 502 501 500
f 501 494 500
f 501 496 494
f 503 405 399
f 496 503 399
f 501 503 496
f 504 406 405
f 504 405 503
f 504 408 406
f 499 497 505
f 499 505 506
f 411 505 404
f 404 505 497
f 502 507 501
f 501 507 503
f 503 507 508
f 510 509 508
f 509 503 508
f 509 504 503
f 509 413 408
f 509 408 504
f 506 505 416
f 417 506 416
f 511 506 417
f 416 505 411
f 510 512 509
f 512 514 513
f 512 513 418
f 509 512 418
f 413 509 418
f 513 420 418
f 517 516 515
f 516 511 515
f 511 421 515
f 511 417 421
f 514 518 513
f 513 518 420
f 518 422 420
f 518 519 422
f 422 520 423
f 519 520 422
f 520 522 521
f 425 520 521
f 423 520 425
f 521 426 425
f 517 515 427
f 428 517 427
f 523 517 428
f 427 515 421
f 522 524 521
f 429 426 521
f 525 429 521
f 524 525 521
f 429 525 526
f 430 431 526
f 525 430 526
f 527 430 525
f 428 430 523
f 523 430 527
f 526 432 429
f 432 526 431
f 528 433 434
f 435 528 434
f 530 529 438
f 438 529 437
f 530 438 433
f 531 530 433
f 528 531 433
f 530 531 532
f 439 533 435
f 533 528 435
f 533 531 528
f 440 533 439
f 534 441 442
f 535 534 442
f 437 535 442
f 529 535 437
f 532 531 536
f 532 536 537
f 538 531 533
f 536 531 538
f 443 539 440
f 539 533 440
f 539 538 533
f 445 539 443
f 541 540 534
f 540 441 534
f 540 446 441
f 541 534 535
f 542 537 536
f 542 536 538
f 542 538 543
f 543 538 539
f 543 539 544
f 539 445 544
f 445 545 544
f 445 448 545
f 547 546 450
f 450 546 449
f 548 450 451
f 548 547 450
f 549 451 452
f 549 548 451
f 551 550 453
f 550 452 453
f 550 549 452
f 551 552 550
f 540 455 446
f 553 455 540
f 554 545 448
f 554 448 456
f 555 456 457
f 555 554 456
f 556 457 458
f 556 555 457
f 557 458 459
f 557 556 458
f 459 449 546
f 459 546 557
f 559 558 551
f 453 559 551
f 461 559 453
f 551 558 552
f 462 455 560
f 455 561 560
f 455 553 561
f 560 463 462
f 465 562 466
f 562 563 466
f 563 461 466
f 563 559 461
f 561 564 560
f 564 566 565
f 564 565 467
f 560 564 467
f 463 560 467
f 565 469 467
f 568 567 562
f 465 568 562
f 471 568 465
f 562 567 563
f 571 570 569
f 472 473 569
f 473 571 569
f 473 572 571
f 573 473 474
f 573 572 473
f 475 565 566
f 573 475 566
f 474 475 573
f 565 475 469
f 478 574 477
f 574 575 477
f 575 471 477
f 575 568 471
f 569 570 576
f 576 570 577
f 576 479 472
f 576 472 569
f 481 574 478
f 481 483 574
f 483 575 574
f 483 578 575
f 576 577 486
f 577 485 486
f 577 579 485
f 576 486 479
f 488 578 483
f 488 580 578
f 579 490 485
f 581 490 579
f 492 580 488
f 492 582 580
f 581 583 490
f 490 583 493
f 495 493 583
f 495 583 584
f 586 585 498
f 586 498 499
f 492 498 582
f 582 498 585
f 500 495 587
f 495 588 587
f 495 584 588
f 587 502 500
f 506 586 499
f 506 589 586
f 588 590 587
f 587 590 502
f 590 507 502
f 590 591 507
f 591 593 592
f 508 591 592
f 507 591 508
f 592 510 508
f 511 589 506
f 511 594 589
f 593 595 592
f 592 595 510
f 595 512 510
f 595 596 512
f 514 512 596
f 514 596 597
f 599 598 516
f 599 516 517
f 511 516 594
f 594 516 598
f 597 600 514
f 514 600 518
f 600 602 601
f 519 600 601
f 518 600 519
f 519 601 603
f 604 519 603
f 520 519 604
f 522 520 604
f 522 604 605
f 608 607 606
f 607 599 606
f 599 523 606
f 599 517 523
f 602 609 601
f 601 609 603
f 605 610 522
f 522 610 524
f 524 611 525
f 610 611 524
f 606 527 608
f 527 611 608
f 527 525 611
f 527 606 523
f 612 529 530
f 532 612 530
f 614 613 612
f 613 529 612
f 613 535 529
f 612 532 614
f 532 615 614
f 532 537 615
f 618 617 616
f 620 619 616
f 616 619 618
f 620 621 619
f 624 623 622
f 540 541 622
f 541 624 622
f 541 625 624
f 541 535 613
f 541 613 625
f 626 615 537
f 626 537 542
f 627 542 543
f 627 626 542
f 628 543 544
f 628 627 543
f 630 629 545
f 629 544 545
f 629 628 544
f 630 631 629
f 634 633 632
f 636 635 632
f 632 635 634
f 546 547 636
f 547 635 636
f 547 637 635
f 548 616 617
f 637 548 617
f 547 548 637
f 616 548 549
f 616 549 620
f 638 621 620
f 549 638 620
f 550 638 549
f 640 639 552
f 639 550 552
f 639 638 550
f 640 641 639
f 644 643 642
f 646 645 642
f 642 645 644
f 645 646 623
f 646 622 623
f 646 647 622
f 647 553 540
f 647 540 622
f 554 630 545
f 554 555 630
f 555 648 630
f 648 631 630
f 555 649 648
f 633 650 632
f 650 555 632
f 555 556 632
f 555 650 649
f 632 556 557
f 632 557 636
f 636 557 546
f 559 651 558
f 640 552 558
f 651 640 558
f 652 640 651
f 641 640 653
f 653 640 652
f 642 643 654
f 654 643 655
f 642 656 646
f 642 654 656
f 646 657 647
f 646 656 657
f 657 561 553
f 657 553 647
f 658 648 649
f 658 649 650
f 660 659 651
f 559 660 651
f 563 660 559
f 651 659 652
f 652 659 661
f 652 661 653
f 655 662 654
f 654 662 656
f 656 662 663
f 656 663 657
f 657 663 664
f 664 666 665
f 664 665 564
f 657 664 564
f 561 657 564
f 665 566 564
f 668 667 567
f 668 567 568
f 563 567 660
f 660 567 667
f 670 669 571
f 571 669 570
f 671 571 572
f 671 670 571
f 573 665 666
f 671 573 666
f 572 573 671
f 665 573 566
f 575 668 568
f 575 672 668
f 669 577 570
f 673 577 669
f 578 672 575
f 578 674 672
f 677 676 675
f 673 677 675
f 579 673 675
f 577 673 579
f 580 674 578
f 580 678 674
f 675 676 679
f 679 676 680
f 679 581 579
f 679 579 675
f 683 682 681
f 682 678 681
f 678 582 681
f 678 580 582
f 679 680 684
f 684 680 685
f 686 583 581
f 679 686 581
f 684 686 679
f 686 584 583
f 683 681 585
f 586 683 585
f 687 683 586
f 585 681 582
f 685 688 684
f 690 689 688
f 689 684 688
f 689 686 684
f 689 588 584
f 689 584 686
f 589 687 586
f 589 691 687
f 694 693 692
f 694 692 690
f 692 689 690
f 692 695 689
f 696 590 588
f 689 696 588
f 695 696 689
f 697 591 590
f 697 590 696
f 697 593 591
f 594 691 589
f 594 698 691
f 693 699 692
f 692 699 695
f 695 699 700
f 702 701 700
f 701 695 700
f 701 696 695
f 696 703 697
f 696 701 703
f 697 703 593
f 703 704 593
f 704 595 593
f 703 705 704
f 704 707 706
f 596 704 706
f 595 704 596
f 706 597 596
f 710 709 708
f 598 599 708
f 709 598 708
f 711 598 709
f 594 598 698
f 698 598 711
f 702 712 701
f 701 712 703
f 703 712 713
f 703 713 705
f 707 714 706
f 714 716 715
f 714 715 600
f 706 714 600
f 597 706 600
f 715 602 600
f 603 717 604
f 717 605 604
f 720 719 718
f 718 719 710
f 718 710 708
f 608 718 708
f 607 608 708
f 607 708 599
f 716 721 715
f 715 721 602
f 721 609 602
f 721 722 609
f 609 722 603
f 722 723 603
f 723 717 603
f 723 722 724
f 717 723 605
f 723 725 605
f 725 610 605
f 723 726 725
f 718 611 720
f 611 725 720
f 611 610 725
f 611 718 608
f 724 727 723
f 723 727 726
f 730 729 728
f 732 731 728
f 728 731 730
f 734 733 732
f 732 733 731
f 736 735 734
f 734 735 733
f 736 737 735
f 739 738 614
f 614 738 613
f 614 615 739
f 739 615 740
f 742 741 618
f 618 741 617
f 743 618 619
f 743 742 618
f 744 728 621
f 728 743 621
f 743 619 621
f 728 729 743
f 728 745 732
f 728 744 745
f 732 746 734
f 732 745 746
f 748 736 747
f 736 746 747
f 736 734 746
f 736 748 737
f 749 623 624
f 625 750 624
f 624 750 749
f 751 750 625
f 613 751 625
f 738 751 613
f 752 740 615
f 752 615 626
f 753 626 627
f 753 752 626
f 755 753 754
f 753 628 754
f 753 627 628
f 629 756 628
f 628 756 754
f 631 756 629
f 757 633 634
f 635 758 634
f 634 758 757
f 758 635 759
f 635 760 759
f 635 637 760
f 637 617 741
f 637 741 760
f 638 744 621
f 744 638 639
f 744 639 745
f 746 745 761
f 745 641 761
f 641 762 761
f 641 745 639
f 746 761 747
f 763 643 644
f 763 644 764
f 644 765 764
f 644 645 765
f 645 623 749
f 766 645 749
f 765 645 766
f 766 749 750
f 766 750 767
f 767 750 751
f 768 755 754
f 770 769 768
f 754 770 768
f 756 770 754
f 648 770 631
f 631 770 756
f 772 771 757
f 771 633 757
f 771 650 633
f 772 757 758
f 772 758 773
f 773 758 759
f 776 775 774
f 775 762 774
f 762 653 774
f 762 641 653
f 778 777 763
f 777 643 763
f 777 655 643
f 778 763 764
f 779 769 770
f 779 770 648
f 658 779 648
f 780 779 658
f 658 650 771
f 658 771 780
f 783 782 781
f 659 660 781
f 782 659 781
f 784 659 782
f 774 661 776
f 661 784 776
f 661 659 784
f 661 774 653
f 787 786 785
f 785 788 662
f 777 785 662
f 655 777 662
f 785 777 787
f 789 663 662
f 789 662 788
f 790 664 663
f 790 663 789
f 790 666 664
f 783 781 667
f 668 783 667
f 791 783 668
f 667 781 660
f 794 793 792
f 794 792 786
f 792 785 786
f 792 795 785
f 785 796 788
f 785 795 796
f 796 669 670
f 789 796 670
f 788 796 789
f 789 670 671
f 789 671 790
f 790 671 666
f 672 791 668
f 672 797 791
f 792 793 798
f 798 793 799
f 792 800 795
f 792 798 800
f 795 801 796
f 795 800 801
f 801 673 669
f 801 669 796
f 674 797 672
f 674 802 797
f 798 799 803
f 803 799 804
f 798 805 800
f 798 803 805
f 805 676 677
f 801 805 677
f 800 805 801
f 801 677 673
f 808 807 806
f 807 802 806
f 802 678 806
f 802 674 678
f 803 804 809
f 809 804 810
f 803 811 805
f 803 809 811
f 811 680 676
f 811 676 805
f 808 806 682
f 683 808 682
f 812 808 683
f 682 806 678
f 810 813 809
f 815 814 813
f 814 809 813
f 814 811 809
f 814 685 680
f 814 680 811
f 818 817 816
f 817 812 816
f 812 687 816
f 812 683 687
f 821 820 819
f 821 819 815
f 819 814 815
f 819 822 814
f 823 688 685
f 814 823 685
f 822 823 814
f 823 690 688
f 818 816 824
f 818 824 825
f 691 824 687
f 687 824 816
f 820 826 819
f 828 827 826
f 827 819 826
f 827 822 819
f 827 693 694
f 823 827 694
f 822 827 823
f 823 694 690
f 825 824 829
f 825 829 830
f 698 829 691
f 691 829 824
f 828 831 827
f 827 831 693
f 831 699 693
f 831 832 699
f 699 833 700
f 832 833 699
f 702 700 833
f 702 833 834
f 705 835 704
f 835 707 704
f 837 836 709
f 837 709 710
f 829 711 830
f 711 836 830
f 711 709 836
f 711 829 698
f 834 838 702
f 702 838 712
f 838 840 839
f 713 838 839
f 712 838 713
f 835 705 713
f 839 835 713
f 841 835 839
f 842 714 707
f 835 842 707
f 841 842 835
f 842 716 714
f 844 843 719
f 844 719 720
f 710 719 837
f 837 719 843
f 840 845 839
f 839 845 841
f 841 845 846
f 841 846 842
f 842 846 847
f 847 849 848
f 847 848 721
f 842 847 721
f 716 842 721
f 850 722 721
f 850 721 848
f 850 724 722
f 852 851 725
f 852 725 726
f 720 725 844
f 844 725 851
f 849 853 848
f 848 853 850
f 850 853 854
f 850 854 724
f 854 727 724
f 854 855 727
f 726 727 852
f 852 727 855
f 858 857 856
f 860 859 856
f 856 859 858
f 862 861 860
f 860 861 859
f 862 863 861
f 865 864 730
f 730 864 729
f 731 856 857
f 865 731 857
f 730 731 865
f 856 731 733
f 856 733 860
f 860 733 735
f 860 735 862
f 735 737 862
f 737 863 862
f 737 866 863
f 867 738 739
f 740 867 739
f 869 868 742
f 742 868 741
f 870 742 743
f 870 869 742
f 743 729 864
f 743 864 870
f 872 871 748
f 872 748 747
f 737 748 866
f 866 748 871
f 873 751 867
f 867 751 738
f 873 867 740
f 874 873 740
f 752 874 740
f 875 873 874
f 876 752 753
f 876 874 752
f 753 755 876
f 876 755 877
f 879 878 760
f 760 878 759
f 760 741 868
f 760 868 879
f 881 880 761
f 881 761 762
f 747 761 872
f 872 761 880
f 883 882 765
f 765 882 764
f 885 883 884
f 883 766 884
f 883 765 766
f 767 886 766
f 766 886 884
f 887 886 767
f 887 767 751
f 888 887 751
f 873 888 751
f 888 873 875
f 889 877 755
f 889 755 768
f 891 890 769
f 890 768 769
f 890 889 768
f 893 892 891
f 891 892 890
f 771 772 893
f 772 892 893
f 772 894 892
f 895 772 773
f 895 894 772
f 773 759 878
f 773 878 895
f 897 896 775
f 897 775 776
f 762 775 881
f 881 775 896
f 899 898 778
f 778 898 777
f 778 764 882
f 778 882 899
f 900 885 884
f 900 884 886
f 900 886 901
f 901 886 887
f 779 891 769
f 891 779 780
f 891 780 893
f 893 780 771
f 904 903 902
f 782 783 902
f 903 782 902
f 905 782 903
f 782 906 784
f 905 906 782
f 776 784 897
f 897 784 906
f 908 907 787
f 787 907 786
f 787 777 898
f 787 898 908
f 904 902 909
f 904 909 910
f 791 909 783
f 783 909 902
f 912 911 794
f 794 911 793
f 794 786 907
f 794 907 912
f 910 909 913
f 910 913 914
f 797 913 791
f 791 913 909
f 911 799 793
f 915 799 911
f 914 913 916
f 914 916 917
f 802 916 797
f 797 916 913
f 915 804 799
f 918 804 915
f 917 916 807
f 808 917 807
f 919 917 808
f 807 916 802
f 918 810 804
f 920 810 918
f 812 919 808
f 812 921 919
f 813 810 922
f 810 923 922
f 810 920 923
f 922 815 813
f 818 924 817
f 924 925 817
f 925 812 817
f 925 921 812
f 922 923 821
f 923 820 821
f 923 926 820
f 922 821 815
f 928 927 924
f 818 928 924
f 825 928 818
f 924 927 925
f 826 820 929
f 820 930 929
f 820 926 930
f 929 828 826
f 830 928 825
f 830 931 928
f 930 932 929
f 932 934 933
f 932 933 831
f 929 932 831
f 828 929 831
f 935 832 831
f 935 831 933
f 936 833 832
f 936 832 935
f 936 834 833
f 938 937 836
f 938 836 837
f 830 836 931
f 931 836 937
f 934 939 933
f 933 939 935
f 935 939 940
f 935 940 936
f 936 940 941
f 941 943 942
f 941 942 838
f 936 941 838
f 834 936 838
f 942 840 838
f 844 944 843
f 944 945 843
f 945 837 843
f 945 938 837
f 943 946 942
f 942 946 840
f 946 845 840
f 946 947 845
f 947 949 948
f 846 947 948
f 845 947 846
f 950 847 846
f 950 846 948
f 950 849 847
f 852 951 851
f 951 952 851
f 851 952 844
f 952 953 844
f 953 944 844
f 944 953 945
f 949 954 948
f 948 954 950
f 950 954 955
f 950 955 849
f 955 853 849
f 955 956 853
f 956 958 957
f 854 956 957
f 853 956 854
f 959 855 854
f 959 854 957
f 959 960 855
f 855 960 852
f 960 961 852
f 961 951 852
f 951 961 952
f 958 962 957
f 957 962 959
f 959 962 963
f 959 963 960
f 965 964 858
f 858 964 857
f 967 965 966
f 965 859 966
f 965 858 859
f 861 968 859
f 859 968 966
f 863 968 861
f 970 969 865
f 865 969 864
f 865 857 964
f 865 964 970
f 971 967 966
f 971 966 968
f 971 968 972
f 968 863 972
f 863 973 972
f 863 866 973
f 975 974 869
f 869 974 868
f 976 869 870
f 976 975 869
f 870 864 969
f 870 969 976
f 872 977 871
f 977 978 871
f 978 866 871
f 978 973 866
f 979 875 874
f 979 874 980
f 874 981 980
f 874 876 981
f 876 877 981
f 981 877 982
f 984 983 879
f 879 983 878
f 879 868 974
f 879 974 984
f 881 985 880
f 985 986 880
f 880 986 872
f 986 987 872
f 987 977 872
f 977 987 978
f 988 882 883
f 885 988 883
f 990 989 888
f 888 989 887
f 888 875 979
f 991 888 979
f 990 888 991
f 991 979 980
f 992 982 877
f 992 877 889
f 993 889 890
f 993 992 889
f 994 890 892
f 994 993 890
f 995 892 894
f 995 994 892
f 996 894 895
f 996 995 894
f 895 878 983
f 895 983 996
f 998 997 896
f 998 896 897
f 881 896 985
f 896 999 985
f 896 997 999
f 985 999 986
f 1001 1000 899
f 899 1000 898
f 899 882 988
f 1002 899 988
f 1001 899 1002
f 1002 988 885
f 900 1002 885
f 1003 1002 900
f 1004 900 901
f 1004 1003 900
f 901 887 989
f 901 989 1004
f 904 1005 903
f 903 1005 1006
f 1007 903 1006
f 905 903 1007
f 905 1008 906
f 1007 1008 905
f 897 906 998
f 998 906 1008
f 1010 1009 908
f 908 1009 907
f 908 898 1000
f 908 1000 1010
f 1012 1011 1005
f 904 1012 1005
f 910 1012 904
f 1005 1011 1006
f 1013 911 912
f 1014 1013 912
f 907 1014 912
f 1009 1014 907
f 914 1012 910
f 914 1015 1012
f 1017 1016 1013
f 1016 911 1013
f 1016 915 911
f 1017 1013 1014
f 1020 1019 1018
f 1019 1015 1018
f 1015 917 1018
f 1015 914 917
f 1016 918 915
f 1021 918 1016
f 1020 1018 1022
f 1020 1022 1023
f 919 1022 917
f 917 1022 1018
f 1021 920 918
f 1024 920 1021
f 1023 1022 1025
f 1023 1025 1026
f 921 1025 919
f 919 1025 1022
f 1024 923 920
f 1027 923 1024
f 1028 1026 1025
f 1025 921 1028
f 921 1029 1028
f 921 925 1029
f 1027 926 923
f 1030 926 1027
f 928 1031 927
f 1031 1032 927
f 1032 925 927
f 1032 1029 925
f 1030 930 926
f 1033 930 1030
f 1035 1034 1031
f 928 1035 1031
f 931 1035 928
f 1031 1034 1032
f 932 930 1036
f 930 1037 1036
f 930 1033 1037
f 1036 934 932
f 1039 1038 937
f 1039 937 938
f 931 937 1035
f 1035 937 1038
f 1037 1040 1036
f 1040 1042 1041
f 1040 1041 939
f 1036 1040 939
f 934 1036 939
f 1043 940 939
f 1043 939 1041
f 1044 941 940
f 1044 940 1043
f 1044 943 941
f 945 1039 938
f 945 1045 1039
f 1042 1046 1041
f 1041 1046 1043
f 1043 1046 1047
f 1043 1047 1044
f 1044 1047 1048
f 1044 1048 943
f 1048 946 943
f 1048 1049 946
f 946 1050 947
f 1049 1050 946
f 949 947 1050
f 949 1050 1051
f 1053 1052 953
f 1053 953 952
f 945 953 1045
f 1045 953 1052
f 954 949 1054
f 949 1055 1054
f 949 1051 1055
f 1056 955 954
f 1056 954 1054
f 1057 956 955
f 1057 955 1056
f 1057 958 956
f 960 1058 961
f 1058 1059 961
f 1059 952 961
f 1059 1053 952
f 1055 1060 1054
f 1054 1060 1056
f 1056 1060 1061
f 1063 1062 1061
f 1062 1056 1061
f 1062 1057 1056
f 1064 962 958
f 1057 1064 958
f 1062 1064 1057
f 1065 963 962
f 1065 962 1064
f 1058 960 963
f 1065 1058 963
f 1066 1058 1065
f 1059 1058 1067
f 1067 1058 1066
f 1063 1068 1062
f 1062 1068 1064
f 1064 1068 1069
f 1064 1069 1065
f 1065 1069 1070
f 1065 1070 1066
f 1066 1070 1071
f 1066 1071 1067
f 1073 1072 965
f 965 1072 964
f 965 967 1073
f 1073 967 1074
f 1076 1075 970
f 970 1075 969
f 970 964 1072
f 970 1072 1076
f 1077 1074 967
f 1077 967 971
f 1079 1077 1078
f 1077 972 1078
f 1077 971 972
f 973 1078 972
f 1081 1080 975
f 975 1080 974
f 1082 975 976
f 1082 1081 975
f 976 969 1075
f 976 1075 1082
f 1079 1078 1083
f 1079 1083 1084
f 978 1083 973
f 973 1083 1078
f 1087 1086 1085
f 1085 1088 1087
f 1090 1089 981
f 981 1089 980
f 981 982 1090
f 1090 982 1091
f 1094 1093 1092
f 1096 1095 1092
f 1092 1095 1094
f 1098 1097 1096
f 1096 1097 1095
f 983 984 1098
f 984 1097 1098
f 984 1099 1097
f 984 974 1080
f 984 1080 1099
f 1102 1101 1100
f 1100 1101 1084
f 1100 1084 1083
f 986 1100 1083
f 987 986 1083
f 987 1083 978
f 1085 1086 990
f 1086 989 990
f 1086 1103 989
f 1104 1088 1085
f 990 1104 1085
f 991 1104 990
f 991 980 1089
f 991 1089 1104
f 1105 1091 982
f 1105 982 992
f 1106 992 993
f 1106 1105 992
f 994 1092 1093
f 1106 994 1093
f 993 994 1106
f 1092 994 995
f 1092 995 1096
f 1096 995 996
f 1096 996 1098
f 1098 996 983
f 1108 1107 997
f 1108 997 998
f 1100 999 1102
f 999 1107 1102
f 999 997 1107
f 999 1100 986
f 1109 1000 1001
f 1109 1001 1110
f 1001 1111 1110
f 1001 1002 1111
f 1112 1002 1003
f 1112 1111 1002
f 1113 1003 1004
f 1113 1112 1003
f 1004 989 1103
f 1004 1103 1113
f 1115 1114 1007
f 1115 1007 1006
f 1007 1116 1008
f 1114 1116 1007
f 998 1008 1108
f 1108 1008 1116
f 1118 1117 1010
f 1010 1117 1009
f 1010 1000 1109
f 1119 1010 1109
f 1118 1010 1119
f 1119 1109 1110
f 1012 1120 1011
f 1120 1121 1011
f 1121 1006 1011
f 1121 1115 1006
f 1124 1123 1122
f 1117 1124 1122
f 1014 1117 1122
f 1009 1117 1014
f 1127 1126 1125
f 1126 1128 1120
f 1015 1126 1120
f 1012 1015 1120
f 1125 1126 1015
f 1120 1128 1121
f 1122 1123 1017
f 1123 1016 1017
f 1123 1129 1016
f 1122 1017 1014
f 1127 1125 1019
f 1020 1127 1019
f 1130 1127 1020
f 1019 1125 1015
f 1133 1132 1131
f 1129 1133 1131
f 1021 1129 1131
f 1016 1129 1021
f 1023 1130 1020
f 1023 1134 1130
f 1131 1132 1135
f 1135 1132 1136
f 1135 1024 1021
f 1135 1021 1131
f 1026 1134 1023
f 1026 1137 1134
f 1136 1138 1135
f 1024 1135 1138
f 1139 1024 1138
f 1027 1024 1139
f 1026 1028 1140
f 1141 1026 1140
f 1137 1026 1141
f 1029 1140 1028
f 1144 1143 1142
f 1139 1144 1142
f 1030 1139 1142
f 1027 1139 1030
f 1141 1140 1145
f 1141 1145 1146
f 1032 1145 1029
f 1029 1145 1140
f 1142 1143 1147
f 1147 1143 1148
f 1147 1033 1030
f 1147 1030 1142
f 1146 1145 1034
f 1035 1146 1034
f 1149 1146 1035
f 1034 1145 1032
f 1147 1148 1150
f 1150 1148 1151
f 1150 1037 1033
f 1150 1033 1147
f 1039 1152 1038
f 1152 1153 1038
f 1153 1035 1038
f 1153 1149 1035
f 1151 1154 1150
f 1154 1156 1155
f 1154 1155 1040
f 1150 1154 1040
f 1037 1150 1040
f 1155 1042 1040
f 1158 1157 1152
f 1039 1158 1152
f 1045 1158 1039
f 1152 1157 1153
f 1156 1159 1155
f 1159 1161 1160
f 1159 1160 1046
f 1155 1159 1046
f 1042 1155 1046
f 1162 1047 1046
f 1162 1046 1160
f 1163 1048 1047
f 1163 1047 1162
f 1164 1049 1048
f 1164 1048 1163
f 1165 1050 1049
f 1165 1049 1164
f 1165 1051 1050
f 1053 1166 1052
f 1166 1167 1052
f 1167 1045 1052
f 1167 1158 1045
f 1170 1169 1168
f 1170 1168 1161
f 1168 1160 1161
f 1168 1171 1160
f 1160 1172 1162
f 1160 1171 1172
f 1162 1173 1163
f 1162 1172 1173
f 1163 1174 1164
f 1163 1173 1174
f 1164 1175 1165
f 1164 1174 1175
f 1175 1055 1051
f 1175 1051 1165
f 1177 1176 1166
f 1053 1177 1166
f 1059 1177 1053
f 1166 1176 1167
f 1169 1178 1168
f 1168 1178 1171
f 1171 1178 1179
f 1171 1179 1172
f 1172 1179 1180
f 1172 1180 1173
f 1173 1180 1181
f 1183 1182 1181
f 1182 1173 1181
f 1182 1174 1173
f 1185 1175 1184
f 1175 1182 1184
f 1175 1174 1182
f 1175 1185 1055
f 1185 1060 1055
f 1185 1186 1060
f 1060 1187 1061
f 1186 1187 1060
f 1063 1061 1187
f 1063 1187 1188
f 1067 1177 1059
f 1067 1189 1177
f 1183 1190 1182
f 1182 1190 1184
f 1188 1191 1063
f 1063 1191 1068
f 1191 1193 1192
f 1069 1191 1192
f 1068 1191 1069
f 1194 1070 1069
f 1194 1069 1192
f 1070 1194 1195
f 1196 1070 1195
f 1071 1070 1196
f 1067 1071 1189
f 1189 1071 1196
f 1193 1197 1192
f 1192 1197 1194
f 1194 1197 1198
f 1194 1198 1195
f 1199 1072 1073
f 1074 1199 1073
f 1202 1201 1200
f 1204 1203 1200
f 1200 1203 1202
f 1075 1076 1205
f 1203 1204 1206
f 1072 1199 1076
f 1199 1205 1076
f 1199 1207 1205
f 1077 1208 1074
f 1208 1199 1074
f 1208 1207 1199
f 1079 1208 1077
f 1211 1210 1209
f 1209 1212 1211
f 1215 1214 1213
f 1217 1216 1213
f 1213 1216 1215
f 1219 1218 1217
f 1217 1218 1216
f 1221 1220 1219
f 1219 1220 1218
f 1220 1221 1201
f 1201 1221 1200
f 1221 1080 1200
f 1080 1081 1200
f 1200 1081 1082
f 1200 1082 1204
f 1082 1206 1204
f 1082 1222 1206
f 1082 1075 1205
f 1222 1082 1205
f 1222 1205 1207
f 1222 1207 1223
f 1225 1224 1223
f 1207 1225 1223
f 1208 1225 1207
f 1084 1225 1079
f 1079 1225 1208
f 1227 1226 1087
f 1087 1226 1086
f 1228 1209 1088
f 1209 1227 1088
f 1227 1087 1088
f 1209 1210 1227
f 1090 1229 1089
f 1229 1209 1089
f 1209 1228 1089
f 1209 1229 1212
f 1231 1230 1091
f 1230 1090 1091
f 1230 1229 1090
f 1233 1232 1231
f 1231 1232 1230
f 1232 1233 1214
f 1214 1233 1213
f 1233 1093 1213
f 1093 1094 1213
f 1213 1094 1095
f 1213 1095 1217
f 1217 1095 1097
f 1217 1097 1219
f 1219 1097 1099
f 1219 1099 1221
f 1221 1099 1080
f 1236 1235 1234
f 1234 1235 1224
f 1234 1224 1225
f 1102 1234 1225
f 1101 1102 1225
f 1101 1225 1084
f 1239 1238 1237
f 1226 1239 1237
f 1103 1226 1237
f 1086 1226 1103
f 1104 1228 1088
f 1228 1104 1089
f 1105 1231 1091
f 1231 1105 1106
f 1231 1106 1233
f 1233 1106 1093
f 1242 1241 1240
f 1240 1241 1236
f 1240 1236 1234
f 1108 1240 1234
f 1107 1108 1234
f 1107 1234 1102
f 1243 1110 1111
f 1112 1244 1111
f 1111 1244 1243
f 1238 1245 1237
f 1245 1112 1237
f 1112 1113 1237
f 1112 1245 1244
f 1237 1113 1103
f 1247 1246 1114
f 1247 1114 1115
f 1240 1116 1242
f 1116 1246 1242
f 1116 1114 1246
f 1116 1240 1108
f 1249 1248 1118
f 1118 1248 1117
f 1250 1118 1119
f 1250 1249 1118
f 1119 1110 1243
f 1251 1119 1243
f 1250 1119 1251
f 1251 1243 1244
f 1251 1244 1252
f 1252 1244 1245
f 1121 1247 1115
f 1121 1253 1247
f 1255 1254 1124
f 1124 1254 1123
f 1124 1117 1248
f 1124 1248 1255
f 1127 1256 1126
f 1126 1256 1257
f 1258 1126 1257
f 1128 1126 1258
f 1121 1128 1253
f 1253 1128 1258
f 1254 1129 1123
f 1259 1129 1254
f 1130 1260 1256
f 1130 1256 1127
f 1257 1256 1261
f 1261 1256 1260
f 1262 1132 1133
f 1263 1262 1133
f 1129 1263 1133
f 1259 1263 1129
f 1265 1264 1260
f 1130 1265 1260
f 1134 1265 1130
f 1260 1264 1261
f 1266 1136 1262
f 1262 1136 1132
f 1262 1263 1267
f 1262 1267 1266
f 1137 1265 1134
f 1137 1268 1265
f 1266 1138 1136
f 1139 1138 1266
f 1267 1139 1266
f 1269 1139 1267
f 1141 1268 1137
f 1141 1270 1268
f 1272 1271 1144
f 1144 1271 1143
f 1144 1139 1269
f 1144 1269 1272
f 1146 1270 1141
f 1146 1273 1270
f 1271 1148 1143
f 1274 1148 1271
f 1149 1273 1146
f 1149 1275 1273
f 1274 1151 1148
f 1276 1151 1274
f 1153 1275 1149
f 1153 1277 1275
f 1276 1278 1151
f 1151 1278 1154
f 1156 1154 1278
f 1156 1278 1279
f 1158 1280 1157
f 1280 1281 1157
f 1281 1153 1157
f 1281 1277 1153
f 1159 1156 1282
f 1156 1283 1282
f 1156 1279 1283
f 1282 1161 1159
f 1285 1284 1280
f 1158 1285 1280
f 1167 1285 1158
f 1280 1284 1281
f 1282 1283 1170
f 1283 1169 1170
f 1283 1286 1169
f 1282 1170 1161
f 1177 1287 1176
f 1287 1288 1176
f 1288 1167 1176
f 1288 1285 1167
f 1286 1289 1169
f 1169 1289 1178
f 1289 1291 1290
f 1179 1289 1290
f 1178 1289 1179
f 1292 1180 1179
f 1292 1179 1290
f 1293 1181 1180
f 1293 1180 1292
f 1293 1183 1181
f 1184 1294 1185
f 1295 1186 1185
f 1295 1185 1294
f 1296 1187 1186
f 1296 1186 1295
f 1296 1188 1187
f 1298 1297 1287
f 1177 1298 1287
f 1189 1298 1177
f 1287 1297 1288
f 1290 1291 1299
f 1299 1291 1300
f 1290 1301 1292
f 1290 1299 1301
f 1292 1302 1293
f 1292 1301 1302
f 1303 1190 1183
f 1293 1303 1183
f 1302 1303 1293
f 1294 1184 1190
f 1303 1294 1190
f 1304 1294 1303
f 1294 1305 1295
f 1294 1304 1305
f 1295 1306 1296
f 1295 1305 1306
f 1307 1191 1188
f 1296 1307 1188
f 1306 1307 1296
f 1307 1193 1191
f 1195 1308 1196
f 1308 1309 1196
f 1309 1189 1196
f 1309 1298 1189
f 1300 1310 1299
f 1312 1311 1310
f 1311 1299 1310
f 1311 1301 1299
f 1301 1313 1302
f 1301 1311 1313
f 1302 1314 1303
f 1302 1313 1314
f 1316 1304 1315
f 1304 1314 1315
f 1304 1303 1314
f 1304 1316 1305
f 1305 1316 1317
f 1305 1317 1306
f 1306 1317 1318
f 1306 1318 1307
f 1307 1318 1319
f 1307 1319 1193
f 1319 1197 1193
f 1319 1320 1197
f 1197 1321 1198
f 1320 1321 1197
f 1198 1321 1195
f 1321 1322 1195
f 1322 1308 1195
f 1322 1321 1323
f 1309 1308 1324
f 1324 1308 1322
f 1312 1325 1311
f 1311 1325 1313
f 1313 1325 1326
f 1313 1326 1314
f 1314 1326 1327
f 1314 1327 1315
f 1323 1328 1322
f 1322 1328 1324
f 1331 1330 1329
f 1329 1332 1331
f 1335 1334 1333
f 1333 1336 1335
f 1339 1338 1337
f 1339 1337 1330
f 1337 1329 1330
f 1337 1340 1329
f 1332 1329 1341
f 1329 1342 1341
f 1329 1340 1342
f 1344 1343 1342
f 1342 1343 1341
f 1346 1345 1344
f 1344 1345 1343
f 1348 1347 1346
f 1346 1347 1345
f 1201 1202 1348
f 1202 1347 1348
f 1202 1349 1347
f 1350 1202 1203
f 1350 1349 1202
f 1203 1206 1350
f 1350 1206 1351
f 1333 1334 1211
f 1334 1210 1211
f 1334 1352 1210
f 1354 1353 1212
f 1212 1353 1211
f 1353 1336 1211
f 1336 1333 1211
f 1353 1354 1338
f 1354 1337 1338
f 1354 1355 1337
f 1337 1356 1340
f 1337 1355 1356
f 1356 1214 1215
f 1342 1356 1215
f 1340 1356 1342
f 1342 1215 1216
f 1342 1216 1344
f 1344 1216 1218
f 1344 1218 1346
f 1346 1218 1220
f 1346 1220 1348
f 1348 1220 1201
f 1206 1222 1357
f 1358 1206 1357
f 1351 1206 1358
f 1223 1359 1222
f 1222 1359 1357
f 1224 1359 1223
f 1361 1360 1227
f 1227 1360 1226
f 1227 1210 1352
f 1227 1352 1361
f 1229 1354 1212
f 1354 1229 1230
f 1354 1230 1355
f 1355 1230 1232
f 1355 1232 1356
f 1356 1232 1214
f 1362 1358 1357
f 1236 1363 1235
f 1363 1357 1235
f 1357 1359 1235
f 1363 1362 1357
f 1235 1359 1224
f 1365 1364 1239
f 1239 1364 1238
f 1239 1226 1360
f 1239 1360 1365
f 1242 1366 1241
f 1366 1367 1241
f 1367 1236 1241
f 1367 1363 1236
f 1364 1245 1238
f 1368 1245 1364
f 1247 1369 1246
f 1369 1370 1246
f 1246 1370 1242
f 1370 1371 1242
f 1371 1366 1242
f 1366 1371 1367
f 1373 1372 1249
f 1249 1372 1248
f 1374 1249 1250
f 1374 1373 1249
f 1375 1250 1251
f 1375 1374 1250
f 1376 1251 1252
f 1376 1375 1251
f 1252 1245 1368
f 1252 1368 1376
f 1379 1378 1377
f 1378 1380 1369
f 1253 1378 1369
f 1247 1253 1369
f 1377 1378 1253
f 1369 1380 1370
f 1381 1254 1255
f 1382 1381 1255
f 1248 1382 1255
f 1372 1382 1248
f 1379 1377 1258
f 1257 1379 1258
f 1383 1379 1257
f 1258 1377 1253
f 1385 1384 1381
f 1384 1254 1381
f 1384 1259 1254
f 1385 1381 1382
f 1388 1387 1386
f 1387 1383 1386
f 1383 1261 1386
f 1383 1257 1261
f 1384 1263 1259
f 1389 1263 1384
f 1388 1386 1264
f 1265 1388 1264
f 1390 1388 1265
f 1264 1386 1261
f 1393 1392 1391
f 1389 1393 1391
f 1267 1389 1391
f 1263 1389 1267
f 1268 1390 1265
f 1268 1394 1390
f 1391 1392 1395
f 1395 1392 1396
f 1395 1269 1267
f 1395 1267 1391
f 1270 1394 1268
f 1270 1397 1394
f 1395 1396 1272
f 1396 1271 1272
f 1396 1398 1271
f 1395 1272 1269
f 1273 1397 1270
f 1273 1399 1397
f 1398 1274 1271
f 1400 1274 1398
f 1275 1399 1273
f 1275 1401 1399
f 1403 1276 1402
f 1276 1400 1402
f 1276 1274 1400
f 1404 1403 1402
f 1277 1401 1275
f 1277 1405 1401
f 1407 1278 1406
f 1278 1276 1406
f 1406 1276 1403
f 1408 1406 1403
f 1403 1404 1408
f 1278 1407 1279
f 1281 1410 1409
f 1405 1281 1409
f 1277 1281 1405
f 1410 1411 1409
f 1407 1406 1412
f 1412 1406 1413
f 1412 1283 1279
f 1412 1279 1407
f 1285 1414 1284
f 1410 1281 1284
f 1414 1410 1284
f 1415 1410 1414
f 1411 1410 1416
f 1416 1410 1415
f 1413 1417 1412
f 1283 1412 1417
f 1418 1283 1417
f 1286 1283 1418
f 1288 1419 1414
f 1288 1414 1285
f 1421 1415 1420
f 1415 1419 1420
f 1415 1414 1419
f 1415 1421 1416
f 1289 1286 1422
f 1286 1423 1422
f 1286 1418 1423
f 1422 1291 1289
f 1298 1424 1297
f 1419 1288 1297
f 1424 1419 1297
f 1425 1419 1424
f 1420 1419 1426
f 1426 1419 1425
f 1423 1427 1422
f 1291 1422 1427
f 1428 1291 1427
f 1300 1291 1428
f 1309 1429 1424
f 1309 1424 1298
f 1431 1425 1430
f 1425 1429 1430
f 1425 1424 1429
f 1425 1431 1426
f 1310 1300 1432
f 1300 1433 1432
f 1300 1428 1433
f 1432 1312 1310
f 1315 1434 1316
f 1435 1317 1316
f 1435 1316 1434
f 1436 1318 1317
f 1436 1317 1435
f 1437 1319 1318
f 1437 1318 1436
f 1438 1320 1319
f 1438 1319 1437
f 1439 1321 1320
f 1439 1320 1438
f 1439 1323 1321
f 1324 1440 1429
f 1324 1429 1309
f 1430 1429 1441
f 1429 1442 1441
f 1429 1440 1442
f 1442 1443 1441
f 1433 1444 1432
f 1432 1444 1312
f 1444 1325 1312
f 1444 1445 1325
f 1445 1447 1446
f 1326 1445 1446
f 1325 1445 1326
f 1326 1446 1448
f 1449 1326 1448
f 1327 1326 1449
f 1315 1327 1434
f 1327 1450 1434
f 1327 1449 1450
f 1434 1450 1435
f 1435 1450 1451
f 1435 1451 1436
f 1436 1451 1452
f 1436 1452 1437
f 1437 1452 1453
f 1455 1454 1453
f 1454 1437 1453
f 1454 1438 1437
f 1438 1456 1439
f 1438 1454 1456
f 1439 1456 1323
f 1456 1457 1323
f 1457 1328 1323
f 1456 1458 1457
f 1324 1328 1440
f 1328 1459 1440
f 1328 1457 1459
f 1440 1459 1442
f 1442 1459 1460
f 1442 1460 1443
f 1447 1461 1446
f 1446 1461 1448
f 1455 1462 1454
f 1464 1463 1462
f 1463 1454 1462
f 1463 1456 1454
f 1458 1456 1465
f 1456 1466 1465
f 1456 1463 1466
f 1466 1467 1465
f 1464 1468 1463
f 1463 1468 1466
f 1466 1468 1469
f 1466 1469 1467
f 1472 1471 1470
f 1474 1473 1470
f 1470 1473 1472
f 1330 1331 1474
f 1331 1473 1474
f 1331 1475 1473
f 1331 1332 1475
f 1475 1332 1476
f 1478 1477 1335
f 1335 1477 1334
f 1479 1470 1336
f 1470 1478 1336
f 1478 1335 1336
f 1470 1471 1478
f 1479 1338 1339
f 1474 1479 1339
f 1470 1479 1474
f 1474 1339 1330
f 1480 1476 1332
f 1480 1332 1341
f 1481 1341 1343
f 1481 1480 1341
f 1482 1343 1345
f 1482 1481 1343
f 1483 1345 1347
f 1483 1482 1345
f 1485 1483 1484
f 1483 1349 1484
f 1483 1347 1349
f 1350 1486 1349
f 1349 1486 1484
f 1351 1486 1350
f 1477 1352 1334
f 1487 1352 1477
f 1353 1479 1336
f 1479 1353 1338
f 1488 1485 1484
f 1490 1489 1488
f 1484 1490 1488
f 1486 1490 1484
f 1358 1490 1351
f 1351 1490 1486
f 1492 1491 1361
f 1361 1491 1360
f 1361 1352 1487
f 1361 1487 1492
f 1493 1489 1490
f 1495 1493 1494
f 1494 1493 1362
f 1493 1490 1362
f 1490 1358 1362
f 1363 1494 1362
f 1496 1364 1365
f 1497 1496 1365
f 1360 1497 1365
f 1491 1497 1360
f 1498 1495 1494
f 1494 1363 1498
f 1363 1499 1498
f 1363 1367 1499
f 1501 1500 1496
f 1500 1364 1496
f 1500 1368 1364
f 1501 1496 1497
f 1503 1502 1371
f 1503 1371 1370
f 1367 1371 1499
f 1499 1371 1502
f 1504 1372 1373
f 1504 1373 1505
f 1373 1506 1505
f 1373 1374 1506
f 1507 1374 1375
f 1507 1506 1374
f 1508 1375 1376
f 1508 1507 1375
f 1376 1368 1500
f 1376 1500 1508
f 1511 1510 1509
f 1378 1379 1509
f 1510 1378 1509
f 1512 1378 1510
f 1378 1513 1380
f 1512 1513 1378
f 1370 1380 1503
f 1503 1380 1513
f 1515 1514 1504
f 1514 1372 1504
f 1514 1382 1372
f 1515 1504 1505
f 1518 1517 1516
f 1520 1519 1516
f 1520 1516 1517
f 1519 1520 1511
f 1509 1519 1511
f 1521 1519 1509
f 1383 1521 1379
f 1379 1521 1509
f 1523 1522 1385
f 1385 1522 1384
f 1385 1382 1514
f 1385 1514 1523
f 1518 1516 1524
f 1518 1524 1525
f 1526 1516 1519
f 1524 1516 1526
f 1388 1526 1387
f 1526 1521 1387
f 1526 1519 1521
f 1387 1521 1383
f 1522 1389 1384
f 1527 1389 1522
f 1525 1524 1528
f 1525 1528 1529
f 1530 1524 1526
f 1528 1524 1530
f 1390 1530 1388
f 1388 1530 1526
f 1531 1392 1393
f 1532 1531 1393
f 1389 1532 1393
f 1527 1532 1389
f 1533 1529 1528
f 1535 1534 1533
f 1528 1535 1533
f 1530 1535 1528
f 1394 1535 1390
f 1390 1535 1530
f 1536 1396 1531
f 1531 1396 1392
f 1531 1532 1537
f 1531 1537 1536
f 1534 1535 1538
f 1534 1538 1539
f 1397 1538 1394
f 1394 1538 1535
f 1540 1398 1536
f 1536 1398 1396
f 1536 1537 1541
f 1536 1541 1540
f 1539 1538 1542
f 1539 1542 1543
f 1399 1542 1397
f 1397 1542 1538
f 1544 1400 1540
f 1540 1400 1398
f 1540 1541 1545
f 1540 1545 1544
f 1543 1542 1546
f 1543 1546 1547
f 1401 1546 1399
f 1399 1546 1542
f 1549 1402 1548
f 1402 1400 1548
f 1548 1400 1544
f 1550 1548 1544
f 1544 1545 1550
f 1402 1549 1404
f 1547 1546 1551
f 1547 1551 1552
f 1405 1551 1401
f 1401 1551 1546
f 1554 1553 1548
f 1553 1406 1548
f 1408 1549 1548
f 1408 1548 1406
f 1408 1404 1549
f 1553 1554 1555
f 1552 1551 1556
f 1552 1556 1557
f 1409 1558 1405
f 1558 1551 1405
f 1558 1556 1551
f 1411 1558 1409
f 1560 1559 1553
f 1559 1406 1553
f 1559 1413 1406
f 1560 1553 1555
f 1561 1557 1556
f 1563 1562 1561
f 1556 1563 1561
f 1558 1563 1556
f 1416 1563 1411
f 1411 1563 1558
f 1559 1564 1413
f 1413 1564 1417
f 1418 1417 1564
f 1418 1564 1565
f 1562 1563 1421
f 1420 1562 1421
f 1566 1562 1420
f 1421 1563 1416
f 1565 1423 1418
f 1567 1423 1565
f 1426 1566 1420
f 1426 1568 1566
f 1427 1423 1569
f 1423 1570 1569
f 1423 1567 1570
f 1569 1428 1427
f 1430 1571 1431
f 1571 1572 1431
f 1572 1426 1431
f 1572 1568 1426
f 1570 1573 1569
f 1428 1569 1573
f 1574 1428 1573
f 1433 1428 1574
f 1441 1571 1430
f 1441 1443 1571
f 1443 1572 1571
f 1443 1575 1572
f 1574 1576 1433
f 1433 1576 1444
f 1576 1578 1577
f 1445 1576 1577
f 1444 1576 1445
f 1577 1447 1445
f 1448 1579 1449
f 1580 1450 1449
f 1580 1449 1579
f 1450 1580 1581
f 1582 1450 1581
f 1451 1450 1582
f 1582 1584 1583
f 1452 1582 1583
f 1451 1582 1452
f 1585 1453 1452
f 1585 1452 1583
f 1585 1455 1453
f 1458 1586 1457
f 1587 1459 1457
f 1587 1457 1586
f 1459 1587 1588
f 1589 1459 1588
f 1460 1459 1589
f 1443 1460 1575
f 1575 1460 1589
f 1578 1590 1577
f 1590 1592 1591
f 1590 1591 1461
f 1577 1590 1461
f 1447 1577 1461
f 1579 1448 1461
f 1591 1579 1461
f 1593 1579 1591
f 1595 1580 1594
f 1580 1593 1594
f 1580 1579 1593
f 1580 1595 1581
f 1584 1596 1583
f 1583 1596 1585
f 1585 1596 1597
f 1597 1599 1598
f 1597 1598 1462
f 1585 1597 1462
f 1455 1585 1462
f 1598 1464 1462
f 1465 1586 1458
f 1586 1465 1467
f 1600 1586 1467
f 1587 1586 1600
f 1588 1587 1601
f 1601 1587 1600
f 1592 1602 1591
f 1591 1602 1593
f 1593 1602 1603
f 1593 1603 1594
f 1599 1604 1598
f 1604 1606 1605
f 1604 1605 1468
f 1598 1604 1468
f 1464 1598 1468
f 1468 1605 1607
f 1608 1468 1607
f 1469 1468 1608
f 1467 1469 1600
f 1469 1609 1600
f 1469 1608 1609
f 1600 1609 1601
f 1605 1606 1610
f 1610 1606 1611
f 1607 1605 1612
f 1605 1613 1612
f 1605 1610 1613
f 1613 1614 1612
f 1611 1615 1610
f 1610 1615 1613
f 1613 1615 1616
f 1613 1616 1614
f 1618 1617 1472
f 1472 1617 1471
f 1620 1618 1619
f 1618 1473 1619
f 1618 1472 1473
f 1475 1621 1473
f 1473 1621 1619
f 1476 1621 1475
f 1623 1622 1478
f 1478 1622 1477
f 1478 1471 1617
f 1478 1617 1623
f 1624 1620 1619
f 1624 1619 1621
f 1624 1621 1625
f 1625 1621 1476
f 1480 1625 1476
f 1626 1625 1480
f 1627 1480 1481
f 1627 1626 1480
f 1628 1481 1482
f 1628 1627 1481
f 1629 1482 1483
f 1629 1628 1482
f 1483 1485 1629
f 1629 1485 1630
f 1622 1487 1477
f 1631 1487 1622
f 1632 1630 1485
f 1632 1485 1488
f 1488 1489 1632
f 1632 1489 1633
f 1635 1634 1492
f 1492 1634 1491
f 1492 1487 1631
f 1492 1631 1635
f 1489 1493 1636
f 1637 1489 1636
f 1633 1489 1637
f 1495 1636 1493
f 1634 1497 1491
f 1638 1497 1634
f 1641 1640 1639
f 1643 1642 1639
f 1643 1639 1640
f 1645 1644 1642
f 1645 1642 1643
f 1644 1645 1637
f 1636 1644 1637
f 1646 1644 1636
f 1498 1647 1495
f 1647 1636 1495
f 1647 1646 1636
f 1499 1647 1498
f 1648 1500 1501
f 1649 1648 1501
f 1497 1649 1501
f 1638 1649 1497
f 1652 1651 1650
f 1650 1651 1641
f 1639 1650 1641
f 1653 1650 1639
f 1654 1639 1642
f 1653 1639 1654
f 1655 1642 1644
f 1654 1642 1655
f 1656 1644 1646
f 1655 1644 1656
f 1503 1656 1502
f 1656 1647 1502
f 1656 1646 1647
f 1502 1647 1499
f 1657 1505 1506
f 1507 1658 1506
f 1506 1658 1657
f 1508 1659 1507
f 1507 1659 1658
f 1660 1659 1508
f 1660 1508 1500
f 1661 1660 1500
f 1648 1661 1500
f 1661 1648 1649
f 1664 1663 1662
f 1666 1665 1662
f 1666 1662 1663
f 1665 1666 1652
f 1650 1665 1652
f 1667 1665 1650
f 1668 1650 1653
f 1667 1650 1668
f 1511 1668 1510
f 1668 1654 1510
f 1668 1653 1654
f 1510 1654 1512
f 1512 1654 1655
f 1512 1655 1513
f 1513 1655 1656
f 1513 1656 1503
f 1669 1514 1515
f 1505 1657 1515
f 1657 1669 1515
f 1657 1670 1669
f 1658 1672 1671
f 1670 1658 1671
f 1657 1658 1670
f 1672 1658 1659
f 1672 1659 1673
f 1673 1659 1660
f 1664 1662 1674
f 1664 1674 1675
f 1676 1662 1665
f 1674 1662 1676
f 1518 1676 1517
f 1676 1667 1517
f 1676 1665 1667
f 1517 1667 1520
f 1520 1667 1668
f 1520 1668 1511
f 1677 1522 1523
f 1678 1677 1523
f 1678 1523 1514
f 1679 1678 1514
f 1669 1679 1514
f 1679 1669 1670
f 1679 1670 1680
f 1680 1670 1671
f 1675 1674 1681
f 1675 1681 1682
f 1683 1674 1676
f 1681 1674 1683
f 1525 1683 1518
f 1518 1683 1676
f 1684 1527 1677
f 1677 1527 1522
f 1677 1678 1685
f 1677 1685 1684
f 1686 1682 1681
f 1688 1687 1686
f 1681 1688 1686
f 1683 1688 1681
f 1529 1688 1525
f 1525 1688 1683
f 1689 1532 1684
f 1684 1532 1527
f 1684 1685 1690
f 1684 1690 1689
f 1687 1688 1691
f 1687 1691 1692
f 1533 1693 1529
f 1693 1688 1529
f 1693 1691 1688
f 1534 1693 1533
f 1695 1694 1689
f 1694 1532 1689
f 1694 1537 1532
f 1695 1689 1690
f 1692 1691 1696
f 1692 1696 1697
f 1698 1691 1693
f 1696 1691 1698
f 1539 1698 1534
f 1534 1698 1693
f 1694 1541 1537
f 1699 1541 1694
f 1697 1696 1700
f 1697 1700 1701
f 1702 1696 1698
f 1700 1696 1702
f 1543 1702 1539
f 1539 1702 1698
f 1705 1704 1703
f 1699 1705 1703
f 1545 1699 1703
f 1541 1699 1545
f 1701 1700 1706
f 1701 1706 1707
f 1708 1700 1702
f 1706 1700 1708
f 1547 1708 1543
f 1543 1708 1702
f 1703 1704 1550
f 1704 1548 1550
f 1704 1709 1548
f 1703 1550 1545
f 1710 1707 1706
f 1712 1711 1710
f 1706 1712 1710
f 1708 1712 1706
f 1552 1712 1547
f 1547 1712 1708
f 1554 1548 1713
f 1548 1714 1713
f 1548 1709 1714
f 1713 1555 1554
f 1715 1711 1712
f 1712 1552 1715
f 1552 1716 1715
f 1552 1557 1716
f 1718 1717 1714
f 1717 1559 1714
f 1560 1713 1714
f 1560 1714 1559
f 1560 1555 1713
f 1717 1718 1719
f 1557 1561 1720
f 1721 1557 1720
f 1716 1557 1721
f 1562 1720 1561
f 1717 1564 1559
f 1565 1564 1717
f 1719 1565 1717
f 1722 1565 1719
f 1723 1721 1720
f 1720 1562 1723
f 1562 1724 1723
f 1562 1566 1724
f 1726 1567 1725
f 1567 1722 1725
f 1567 1565 1722
f 1727 1726 1725
f 1568 1724 1566
f 1568 1728 1724
f 1729 1570 1726
f 1726 1570 1567
f 1726 1727 1730
f 1726 1730 1729
f 1572 1728 1568
f 1572 1731 1728
f 1729 1573 1570
f 1733 1732 1574
f 1733 1574 1573
f 1730 1733 1573
f 1729 1730 1573
f 1734 1732 1733
f 1575 1731 1572
f 1575 1735 1731
f 1732 1576 1574
f 1578 1576 1732
f 1734 1578 1732
f 1736 1578 1734
f 1581 1737 1582
f 1737 1584 1582
f 1739 1738 1589
f 1739 1589 1588
f 1575 1589 1735
f 1735 1589 1738
f 1736 1740 1578
f 1578 1740 1590
f 1592 1590 1740
f 1592 1740 1741
f 1594 1742 1595
f 1742 1743 1595
f 1595 1743 1581
f 1743 1744 1581
f 1744 1737 1581
f 1737 1744 1584
f 1744 1596 1584
f 1744 1745 1596
f 1745 1747 1746
f 1597 1745 1746
f 1596 1745 1597
f 1746 1599 1597
f 1601 1739 1588
f 1601 1748 1739
f 1602 1592 1749
f 1592 1750 1749
f 1592 1741 1750
f 1751 1603 1602
f 1751 1602 1749
f 1751 1752 1603
f 1603 1752 1594
f 1752 1753 1594
f 1753 1742 1594
f 1742 1753 1743
f 1747 1754 1746
f 1754 1756 1755
f 1754 1755 1604
f 1746 1754 1604
f 1599 1746 1604
f 1755 1606 1604
f 1607 1757 1608
f 1608 1757 1758
f 1759 1608 1758
f 1609 1608 1759
f 1601 1609 1748
f 1748 1609 1759
f 1750 1760 1749
f 1749 1760 1751
f 1751 1760 1761
f 1751 1761 1752
f 1755 1756 1762
f 1762 1756 1763
f 1762 1611 1606
f 1762 1606 1755
f 1765 1612 1764
f 1765 1607 1612
f 1757 1607 1765
f 1757 1765 1766
f 1766 1758 1757
f 1614 1764 1612
f 1763 1767 1762
f 1762 1767 1611
f 1767 1615 1611
f 1767 1768 1615
f 1764 1616 1765
f 1616 1768 1765
f 1616 1615 1768
f 1616 1764 1614
f 1769 1617 1618
f 1620 1769 1618
f 1771 1770 1623
f 1623 1770 1622
f 1623 1617 1769
f 1772 1623 1769
f 1771 1623 1772
f 1772 1769 1620
f 1624 1772 1620
f 1773 1772 1624
f 1774 1624 1625
f 1774 1773 1624
f 1775 1625 1626
f 1775 1774 1625
f 1776 1626 1627
f 1776 1775 1626
f 1777 1627 1628
f 1777 1776 1627
f 1779 1777 1778
f 1777 1629 1778
f 1777 1628 1629
f 1630 1778 1629
f 1770 1631 1622
f 1780 1631 1770
f 1781 1779 1778
f 1783 1781 1782
f 1782 1781 1632
f 1781 1778 1632
f 1778 1630 1632
f 1633 1782 1632
f 1785 1784 1635
f 1635 1784 1634
f 1635 1631 1780
f 1635 1780 1785
f 1788 1787 1786
f 1790 1789 1786
f 1790 1786 1787
f 1792 1791 1789
f 1792 1789 1790
f 1791 1792 1783
f 1782 1791 1783
f 1793 1791 1782
f 1637 1793 1633
f 1633 1793 1782
f 1784 1638 1634
f 1794 1638 1784
f 1797 1796 1795
f 1795 1796 1788
f 1786 1795 1788
f 1798 1795 1786
f 1641 1798 1640
f 1798 1789 1640
f 1798 1786 1789
f 1640 1789 1643
f 1643 1789 1791
f 1643 1791 1645
f 1645 1791 1793
f 1645 1793 1637
f 1801 1800 1799
f 1794 1801 1799
f 1649 1794 1799
f 1638 1794 1649
f 1804 1803 1802
f 1806 1805 1802
f 1806 1802 1803
f 1805 1806 1797
f 1795 1805 1797
f 1807 1805 1795
f 1652 1807 1651
f 1807 1798 1651
f 1807 1795 1798
f 1651 1798 1641
f 1799 1800 1661
f 1800 1660 1661
f 1800 1808 1660
f 1799 1661 1649
f 1804 1802 1809
f 1804 1809 1810
f 1664 1809 1663
f 1809 1805 1663
f 1809 1802 1805
f 1663 1805 1666
f 1666 1805 1807
f 1666 1807 1652
f 1812 1811 1672
f 1672 1811 1671
f 1813 1672 1673
f 1813 1812 1672
f 1673 1660 1808
f 1673 1808 1813
f 1810 1809 1814
f 1810 1814 1815
f 1675 1814 1664
f 1664 1814 1809
f 1817 1816 1679
f 1679 1816 1678
f 1818 1679 1680
f 1818 1817 1679
f 1680 1671 1811
f 1680 1811 1818
f 1815 1814 1819
f 1815 1819 1820
f 1682 1819 1675
f 1675 1819 1814
f 1816 1685 1678
f 1821 1685 1816
f 1824 1823 1822
f 1822 1823 1820
f 1819 1822 1820
f 1825 1822 1819
f 1686 1826 1682
f 1826 1819 1682
f 1826 1825 1819
f 1687 1826 1686
f 1829 1828 1827
f 1821 1829 1827
f 1690 1821 1827
f 1685 1821 1690
f 1824 1822 1830
f 1824 1830 1831
f 1832 1822 1825
f 1830 1822 1832
f 1833 1825 1826
f 1832 1825 1833
f 1692 1833 1687
f 1687 1833 1826
f 1827 1828 1695
f 1828 1694 1695
f 1828 1834 1694
f 1827 1695 1690
f 1831 1830 1835
f 1831 1835 1836
f 1837 1830 1832
f 1835 1830 1837
f 1838 1832 1833
f 1837 1832 1838
f 1697 1838 1692
f 1692 1838 1833
f 1841 1840 1839
f 1834 1841 1839
f 1699 1834 1839
f 1694 1834 1699
f 1842 1836 1835
f 1844 1843 1842
f 1835 1844 1842
f 1837 1844 1835
f 1845 1837 1838
f 1844 1837 1845
f 1701 1845 1697
f 1697 1845 1838
f 1839 1840 1705
f 1840 1704 1705
f 1840 1846 1704
f 1839 1705 1699
f 1847 1843 1844
f 1849 1848 1847
f 1844 1849 1847
f 1845 1849 1844
f 1707 1849 1701
f 1701 1849 1845
f 1846 1709 1704
f 1850 1709 1846
f 1851 1848 1849
f 1851 1849 1707
f 1710 1851 1707
f 1852 1851 1710
f 1710 1711 1852
f 1852 1711 1853
f 1856 1855 1854
f 1850 1856 1854
f 1714 1850 1854
f 1709 1850 1714
f 1711 1715 1857
f 1858 1711 1857
f 1853 1711 1858
f 1716 1857 1715
f 1855 1859 1854
f 1859 1861 1860
f 1859 1860 1718
f 1854 1859 1718
f 1714 1854 1718
f 1860 1719 1718
f 1862 1858 1857
f 1857 1716 1862
f 1716 1863 1862
f 1716 1721 1863
f 1861 1864 1860
f 1719 1860 1864
f 1865 1719 1864
f 1722 1719 1865
f 1721 1723 1866
f 1867 1721 1866
f 1863 1721 1867
f 1724 1866 1723
f 1725 1722 1868
f 1722 1869 1868
f 1722 1865 1869
f 1868 1727 1725
f 1867 1866 1870
f 1867 1870 1871
f 1728 1870 1724
f 1724 1870 1866
f 1869 1872 1868
f 1727 1868 1872
f 1873 1727 1872
f 1730 1727 1873
f 1871 1870 1874
f 1871 1874 1875
f 1731 1874 1728
f 1728 1874 1870
f 1733 1730 1876
f 1730 1877 1876
f 1730 1873 1877
f 1876 1734 1733
f 1878 1875 1874
f 1874 1731 1878
f 1731 1879 1878
f 1731 1735 1879
f 1876 1877 1880
f 1880 1877 1881
f 1880 1736 1734
f 1880 1734 1876
f 1883 1882 1738
f 1883 1738 1739
f 1735 1738 1879
f 1879 1738 1882
f 1881 1884 1880
f 1884 1886 1885
f 1884 1885 1740
f 1880 1884 1740
f 1736 1880 1740
f 1885 1741 1740
f 1743 1887 1744
f 1744 1887 1888
f 1889 1744 1888
f 1745 1744 1889
f 1747 1745 1889
f 1747 1889 1890
f 1748 1883 1739
f 1748 1891 1883
f 1886 1892 1885
f 1741 1885 1892
f 1893 1741 1892
f 1750 1741 1893
f 1895 1894 1753
f 1895 1753 1752
f 1743 1753 1887
f 1753 1896 1887
f 1753 1894 1896
f 1887 1896 1888
f 1890 1897 1747
f 1747 1897 1754
f 1756 1754 1897
f 1756 1897 1898
f 1900 1899 1759
f 1900 1759 1758
f 1748 1759 1891
f 1891 1759 1899
f 1893 1901 1750
f 1750 1901 1760
f 1760 1902 1761
f 1901 1902 1760
f 1752 1761 1895
f 1895 1761 1902
f 1904 1763 1903
f 1763 1898 1903
f 1763 1756 1898
f 1905 1904 1903
f 1765 1906 1766
f 1906 1907 1766
f 1907 1758 1766
f 1907 1900 1758
f 1904 1767 1763
f 1905 1908 1904
f 1908 1767 1904
f 1908 1768 1767
f 1765 1768 1906
f 1768 1909 1906
f 1768 1908 1909
f 1906 1909 1907
f 1911 1910 1771
f 1771 1910 1770
f 1912 1771 1772
f 1912 1911 1771
f 1913 1772 1773
f 1913 1912 1772
f 1914 1773 1774
f 1914 1913 1773
f 1915 1774 1775
f 1915 1914 1774
f 1916 1775 1776
f 1916 1915 1775
f 1918 1916 1917
f 1916 1777 1917
f 1916 1776 1777
f 1779 1917 1777
f 1910 1780 1770
f 1919 1780 1910
f 1922 1921 1920
f 1920 1921 1918
f 1917 1920 1918
f 1923 1920 1917
f 1781 1924 1779
f 1924 1917 1779
f 1924 1923 1917
f 1783 1924 1781
f 1926 1925 1785
f 1785 1925 1784
f 1785 1780 1919
f 1785 1919 1926
f 1929 1928 1927
f 1927 1928 1922
f 1927 1922 1920
f 1788 1927 1920
f 1787 1788 1920
f 1787 1920 1790
f 1790 1920 1923
f 1790 1923 1792
f 1792 1923 1924
f 1792 1924 1783
f 1925 1794 1784
f 1930 1794 1925
f 1933 1932 1931
f 1935 1934 1931
f 1935 1931 1932
f 1937 1936 1934
f 1937 1934 1935
f 1936 1937 1929
f 1936 1929 1927
f 1797 1936 1927
f 1796 1797 1927
f 1796 1927 1788
f 1939 1938 1801
f 1801 1938 1800
f 1801 1794 1930
f 1801 1930 1939
f 1933 1931 1940
f 1933 1940 1941
f 1804 1940 1803
f 1940 1934 1803
f 1940 1931 1934
f 1803 1934 1806
f 1806 1934 1936
f 1806 1936 1797
f 1944 1943 1942
f 1938 1944 1942
f 1808 1938 1942
f 1800 1938 1808
f 1941 1940 1945
f 1941 1945 1946
f 1810 1945 1804
f 1804 1945 1940
f 1948 1947 1812
f 1812 1947 1811
f 1813 1942 1943
f 1948 1813 1943
f 1812 1813 1948
f 1942 1813 1808
f 1951 1950 1949
f 1949 1950 1946
f 1945 1949 1946
f 1952 1949 1945
f 1815 1952 1810
f 1810 1952 1945
f 1953 1816 1817
f 1818 1954 1817
f 1817 1954 1953
f 1955 1954 1818
f 1811 1955 1818
f 1947 1955 1811
f 1958 1957 1956
f 1956 1957 1951
f 1949 1956 1951
f 1959 1956 1949
f 1960 1949 1952
f 1959 1949 1960
f 1820 1960 1815
f 1815 1960 1952
f 1961 1821 1953
f 1953 1821 1816
f 1954 1963 1962
f 1961 1954 1962
f 1953 1954 1961
f 1963 1954 1955
f 1958 1956 1964
f 1958 1964 1965
f 1966 1956 1959
f 1964 1956 1966
f 1824 1966 1823
f 1966 1960 1823
f 1966 1959 1960
f 1823 1960 1820
f 1968 1967 1829
f 1829 1967 1828
f 1829 1821 1961
f 1969 1829 1961
f 1968 1829 1969
f 1969 1961 1962
f 1965 1964 1970
f 1965 1970 1971
f 1972 1964 1966
f 1970 1964 1972
f 1831 1972 1824
f 1824 1972 1966
f 1975 1974 1973
f 1967 1975 1973
f 1834 1967 1973
f 1828 1967 1834
f 1971 1970 1976
f 1971 1976 1977
f 1978 1970 1972
f 1976 1970 1978
f 1836 1978 1831
f 1831 1978 1972
f 1973 1974 1841
f 1974 1840 1841
f 1974 1979 1840
f 1973 1841 1834
f 1980 1977 1976
f 1982 1981 1980
f 1976 1982 1980
f 1978 1982 1976
f 1842 1983 1836
f 1983 1978 1836
f 1983 1982 1978
f 1843 1983 1842
f 1979 1846 1840
f 1984 1846 1979
f 1985 1981 1982
f 1987 1986 1985
f 1982 1987 1985
f 1983 1987 1982
f 1847 1988 1843
f 1988 1983 1843
f 1988 1987 1983
f 1848 1988 1847
f 1991 1990 1989
f 1984 1991 1989
f 1850 1984 1989
f 1846 1984 1850
f 1986 1987 1992
f 1986 1992 1993
f 1988 1995 1994
f 1992 1988 1994
f 1987 1988 1992
f 1997 1995 1996
f 1996 1995 1851
f 1995 1988 1851
f 1988 1848 1851
f 1852 1998 1851
f 1851 1998 1996
f 1853 1998 1852
f 1989 1990 1856
f 1990 1855 1856
f 1990 1999 1855
f 1989 1856 1850
f 2000 1993 1992
f 2000 1992 1994
f 2001 1997 1996
f 2001 1996 1998
f 2001 1998 2002
f 1998 1853 2002
f 1853 2003 2002
f 1853 1858 2003
f 1999 2004 1855
f 1855 2004 1859
f 1861 1859 2004
f 1861 2004 2005
f 1858 1862 2006
f 2007 1858 2006
f 2003 1858 2007
f 1863 2006 1862
f 2005 2008 1861
f 1861 2008 1864
f 1865 1864 2008
f 1865 2008 2009
f 2007 2006 2010
f 2007 2010 2011
f 1867 2010 1863
f 1863 2010 2006
f 2009 1869 1865
f 2012 1869 2009
f 2013 2011 2010
f 1867 1871 2010
f 1871 2014 2010
f 2014 2013 2010
f 2014 1871 2015
f 2015 2016 2014
f 1872 1869 2017
f 1869 2018 2017
f 1869 2012 2018
f 2017 1873 1872
f 1875 2019 2015
f 1875 2015 1871
f 2016 2015 2020
f 2020 2015 2019
f 2017 2018 2021
f 2021 2018 2022
f 2021 1877 1873
f 2021 1873 2017
f 1878 2019 1875
f 1878 1879 2019
f 1879 2020 2019
f 1879 2023 2020
f 2022 2024 2021
f 1877 2021 2024
f 2025 1877 2024
f 1881 1877 2025
f 1883 2026 1882
f 2026 2027 1882
f 2027 1879 1882
f 2027 2023 1879
f 2025 2028 1881
f 1881 2028 1884
f 2030 2029 1886
f 1884 2030 1886
f 2028 2030 1884
f 2031 2029 2030
f 1888 2032 1889
f 2032 1890 1889
f 2034 2033 2026
f 1883 2034 2026
f 1891 2034 1883
f 2026 2033 2027
f 2029 1892 1886
f 1893 1892 2029
f 2031 1893 2029
f 2035 1893 2031
f 1895 2036 1894
f 2037 1896 1894
f 2037 1894 2036
f 2032 1888 1896
f 2037 2032 1896
f 2038 2032 2037
f 2032 2038 1890
f 2038 2039 1890
f 2039 1897 1890
f 2038 2040 2039
f 2042 2041 1898
f 1897 2042 1898
f 2039 2042 1897
f 2043 2041 2042
f 2045 2044 1899
f 2045 1899 1900
f 1891 1899 2034
f 2034 1899 2044
f 2035 2046 1893
f 1893 2046 1901
f 1901 2047 1902
f 2046 2047 1901
f 1895 1902 2036
f 1902 2048 2036
f 1902 2047 2048
f 2036 2048 2037
f 2037 2048 2049
f 2037 2049 2038
f 2038 2049 2050
f 2038 2050 2040
f 2041 1903 1898
f 2052 2051 1905
f 2052 1905 1903
f 2043 2052 1903
f 2041 2043 1903
f 2053 2051 2052
f 1907 2045 1900
f 1907 2054 2045
f 2051 1908 1905
f 2053 2055 2051
f 2055 1908 2051
f 2055 1909 1908
f 1907 1909 2054
f 2054 1909 2055
f 2056 1910 1911
f 2056 1911 2057
f 1911 2058 2057
f 1911 1912 2058
f 2059 1912 1913
f 2059 2058 1912
f 2060 1913 1914
f 2060 2059 1913
f 2061 1914 1915
f 2061 2060 1914
f 2063 2061 2062
f 2061 1916 2062
f 2061 1915 1916
f 1918 2062 1916
f 2065 2064 2056
f 2064 1910 2056
f 2064 1919 1910
f 2065 2056 2057
f 2068 2067 2066
f 2070 2069 2066
f 2070 2066 2067
f 2069 2070 2063
f 2069 2063 2062
f 1922 2069 2062
f 1921 1922 2062
f 1921 2062 1918
f 2072 2071 1926
f 1926 2071 1925
f 1926 1919 2064
f 1926 2064 2072
f 2075 2074 2073
f 2077 2076 2073
f 2077 2073 2074
f 2076 2077 2068
f 2066 2076 2068
f 2078 2076 2066
f 1929 2078 1928
f 2078 2069 1928
f 2078 2066 2069
f 1928 2069 1922
f 2071 1930 1925
f 2079 1930 2071
f 2082 2081 2080
f 2080 2081 2075
f 2080 2075 2073
f 1933 2080 2073
f 1932 1933 2073
f 1932 2073 1935
f 1935 2073 2076
f 1935 2076 1937
f 1937 2076 2078
f 1937 2078 1929
f 2084 2083 1939
f 1939 2083 1938
f 1939 1930 2079
f 1939 2079 2084
f 2082 2080 2085
f 2082 2085 2086
f 1941 2085 1933
f 1933 2085 2080
f 2088 2087 1944
f 1944 2087 1943
f 1944 1938 2083
f 1944 2083 2088
f 2086 2085 2089
f 2086 2089 2090
f 1946 2089 1941
f 1941 2089 2085
f 2092 2091 1948
f 1948 2091 1947
f 1948 1943 2087
f 1948 2087 2092
f 2095 2094 2093
f 2093 2094 2090
f 2093 2090 2089
f 1951 2093 2089
f 1950 1951 2089
f 1950 2089 1946
f 2091 1955 1947
f 2096 1955 2091
f 2099 2098 2097
f 2097 2098 2095
f 2097 2095 2093
f 1958 2097 2093
f 1957 1958 2093
f 1957 2093 1951
f 2101 2100 1963
f 1963 2100 1962
f 1963 1955 2096
f 1963 2096 2101
f 2104 2103 2102
f 2102 2103 2099
f 2097 2102 2099
f 2105 2102 2097
f 1965 2105 1958
f 1958 2105 2097
f 2107 2106 1968
f 1968 2106 1967
f 2108 1968 1969
f 2108 2107 1968
f 1969 1962 2100
f 1969 2100 2108
f 2104 2102 2109
f 2104 2109 2110
f 2111 2102 2105
f 2109 2102 2111
f 1971 2111 1965
f 1965 2111 2105
f 2113 2112 1975
f 1975 2112 1974
f 1975 1967 2106
f 1975 2106 2113
f 2110 2109 2114
f 2110 2114 2115
f 2116 2109 2111
f 2114 2109 2116
f 1977 2116 1971
f 1971 2116 2111
f 2118 1979 2117
f 1979 2112 2117
f 1979 1974 2112
f 2119 2118 2117
f 2120 2115 2114
f 2122 2121 2120
f 2114 2122 2120
f 2116 2122 2114
f 1980 2123 1977
f 2123 2116 1977
f 2123 2122 2116
f 1981 2123 1980
f 2124 1984 2118
f 2118 1984 1979
f 2118 2119 2125
f 2118 2125 2124
f 2121 2122 2126
f 2121 2126 2127
f 2128 2122 2123
f 2126 2122 2128
f 1985 2129 1981
f 2129 2123 1981
f 2129 2128 2123
f 1986 2129 1985
f 2130 1990 1991
f 2131 2130 1991
f 2131 1991 1984
f 2132 2131 1984
f 2124 2132 1984
f 2132 2124 2125
f 2133 2127 2126
f 2135 2134 2133
f 2126 2135 2133
f 2128 2135 2126
f 2136 2128 2129
f 2135 2128 2136
f 1993 2136 1986
f 1986 2136 2129
f 2137 1994 1995
f 1997 2137 1995
f 2139 2138 2130
f 2138 1990 2130
f 2138 1999 1990
f 2139 2130 2131
f 2142 2141 2140
f 2143 2140 2141
f 2144 2134 2135
f 2144 2135 2136
f 2144 2136 2145
f 2145 2136 1993
f 2000 2145 1993
f 2146 2145 2000
f 2000 1994 2137
f 2147 2000 2137
f 2146 2000 2147
f 2149 2147 2148
f 2148 2147 2001
f 2147 2137 2001
f 2137 1997 2001
f 2002 2150 2001
f 2001 2150 2148
f 2003 2150 2002
f 2138 2151 1999
f 1999 2151 2004
f 2005 2004 2151
f 2005 2151 2152
f 2142 2140 2153
f 2142 2153 2154
f 2140 2143 2155
f 2156 2140 2155
f 2153 2140 2156
f 2157 2156 2155
f 2149 2148 2158
f 2149 2158 2159
f 2160 2148 2150
f 2158 2148 2160
f 2007 2160 2003
f 2003 2160 2150
f 2152 2161 2005
f 2005 2161 2008
f 2163 2162 2009
f 2008 2163 2009
f 2161 2163 2008
f 2162 2163 2154
f 2153 2162 2154
f 2164 2162 2153
f 2165 2153 2156
f 2164 2153 2165
f 2156 2157 2166
f 2167 2156 2166
f 2165 2156 2167
f 2168 2167 2166
f 2169 2159 2158
f 2171 2170 2169
f 2158 2171 2169
f 2160 2171 2158
f 2011 2171 2007
f 2007 2171 2160
f 2173 2172 2162
f 2172 2009 2162
f 2172 2012 2009
f 2175 2174 2173
f 2162 2175 2173
f 2164 2175 2162
f 2176 2164 2165
f 2175 2164 2176
f 2177 2165 2167
f 2176 2165 2177
f 2167 2168 2178
f 2179 2167 2178
f 2177 2167 2179
f 2180 2179 2178
f 2181 2170 2171
f 2181 2171 2011
f 2013 2181 2011
f 2182 2181 2013
f 2184 2182 2183
f 2182 2014 2183
f 2182 2013 2014
f 2016 2183 2014
f 2187 2186 2185
f 2172 2187 2185
f 2018 2172 2185
f 2012 2172 2018
f 2188 2174 2175
f 2188 2175 2176
f 2188 2176 2189
f 2191 2190 2189
f 2176 2191 2189
f 2177 2191 2176
f 2192 2177 2179
f 2191 2177 2192
f 2179 2180 2193
f 2179 2193 2192
f 2194 2184 2183
f 2183 2016 2194
f 2016 2195 2194
f 2016 2020 2195
f 2185 2186 2196
f 2196 2186 2197
f 2196 2022 2018
f 2196 2018 2185
f 2198 2190 2191
f 2198 2191 2192
f 2198 2192 2199
f 2199 2192 2193
f 2023 2195 2020
f 2023 2200 2195
f 2197 2201 2196
f 2201 2203 2202
f 2201 2202 2024
f 2196 2201 2024
f 2022 2196 2024
f 2202 2025 2024
f 2027 2200 2023
f 2027 2204 2200
f 2203 2205 2202
f 2202 2205 2025
f 2205 2028 2025
f 2205 2206 2028
f 2028 2207 2030
f 2206 2207 2028
f 2031 2030 2207
f 2031 2207 2208
f 2210 2209 2033
f 2210 2033 2034
f 2027 2033 2204
f 2204 2033 2209
f 2212 2035 2211
f 2035 2208 2211
f 2035 2031 2208
f 2213 2212 2211
f 2040 2214 2039
f 2215 2042 2039
f 2215 2039 2214
f 2215 2043 2042
f 2217 2216 2044
f 2217 2044 2045
f 2034 2044 2210
f 2210 2044 2216
f 2212 2046 2035
f 2213 2218 2212
f 2218 2046 2212
f 2218 2047 2046
f 2047 2219 2048
f 2218 2219 2047
f 2048 2220 2049
f 2219 2220 2048
f 2049 2221 2050
f 2220 2221 2049
f 2040 2050 2214
f 2050 2222 2214
f 2050 2221 2222
f 2214 2222 2215
f 2215 2222 2223
f 2215 2223 2043
f 2223 2052 2043
f 2223 2224 2052
f 2226 2225 2053
f 2052 2226 2053
f 2224 2226 2052
f 2226 2217 2225
f 2217 2054 2225
f 2217 2045 2054
f 2225 2055 2053
f 2055 2225 2054
f 2227 2057 2058
f 2059 2228 2058
f 2058 2228 2227
f 2060 2229 2059
f 2059 2229 2228
f 2061 2230 2060
f 2060 2230 2229
f 2063 2230 2061
f 2232 2231 2065
f 2065 2231 2064
f 2065 2057 2227
f 2233 2065 2227
f 2232 2065 2233
f 2235 2234 2233
f 2227 2235 2233
f 2228 2235 2227
f 2068 2235 2067
f 2235 2229 2067
f 2235 2228 2229
f 2067 2229 2070
f 2070 2229 2230
f 2070 2230 2063
f 2237 2236 2072
f 2072 2236 2071
f 2231 2238 2064
f 2239 2064 2238
f 2064 2239 2072
f 2240 2072 2239
f 2072 2240 2237
f 2074 2075 2239
f 2238 2074 2239
f 2241 2074 2238
f 2235 2077 2234
f 2077 2241 2234
f 2077 2074 2241
f 2077 2235 2068
f 2236 2079 2071
f 2242 2079 2236
f 2240 2239 2081
f 2082 2240 2081
f 2243 2240 2082
f 2081 2239 2075
f 2245 2244 2084
f 2084 2244 2083
f 2084 2079 2242
f 2084 2242 2245
f 2086 2243 2082
f 2086 2246 2243
f 2248 2247 2088
f 2088 2247 2087
f 2088 2083 2244
f 2088 2244 2248
f 2251 2250 2249
f 2250 2246 2249
f 2246 2090 2249
f 2246 2086 2090
f 2253 2252 2092
f 2092 2252 2091
f 2092 2087 2247
f 2092 2247 2253
f 2256 2255 2254
f 2254 2255 2251
f 2254 2251 2249
f 2095 2254 2249
f 2094 2095 2249
f 2094 2249 2090
f 2252 2096 2091
f 2257 2096 2252
f 2256 2254 2098
f 2099 2256 2098
f 2258 2256 2099
f 2098 2254 2095
f 2260 2259 2101
f 2101 2259 2100
f 2257 2261 2096
f 2262 2096 2261
f 2096 2262 2101
f 2263 2101 2262
f 2101 2263 2260
f 2103 2104 2262
f 2261 2103 2262
f 2264 2103 2261
f 2099 2103 2258
f 2258 2103 2264
f 2265 2106 2107
f 2265 2107 2266
f 2107 2267 2266
f 2107 2108 2267
f 2108 2100 2259
f 2108 2259 2267
f 2263 2262 2268
f 2263 2268 2269
f 2110 2268 2104
f 2104 2268 2262
f 2271 2270 2113
f 2113 2270 2112
f 2113 2106 2265
f 2272 2113 2265
f 2271 2113 2272
f 2272 2265 2266
f 2269 2268 2273
f 2269 2273 2274
f 2115 2273 2110
f 2110 2273 2268
f 2270 2275 2112
f 2112 2275 2117
f 2119 2117 2275
f 2119 2275 2276
f 2274 2273 2277
f 2274 2277 2278
f 2120 2279 2115
f 2279 2273 2115
f 2279 2277 2273
f 2121 2279 2120
f 2281 2125 2280
f 2125 2276 2280
f 2125 2119 2276
f 2282 2281 2280
f 2278 2277 2283
f 2278 2283 2284
f 2285 2277 2279
f 2283 2277 2285
f 2127 2285 2121
f 2121 2285 2279
f 2286 2131 2132
f 2125 2281 2132
f 2281 2286 2132
f 2281 2287 2286
f 2281 2282 2288
f 2281 2288 2287
f 2289 2284 2283
f 2291 2290 2289
f 2283 2291 2289
f 2285 2291 2283
f 2133 2292 2127
f 2292 2285 2127
f 2292 2291 2285
f 2134 2292 2133
f 2293 2138 2139
f 2131 2286 2139
f 2286 2293 2139
f 2286 2294 2293
f 2295 2286 2287
f 2294 2286 2295
f 2296 2141 2142
f 2287 2296 2142
f 2295 2287 2142
f 2296 2287 2288
f 2143 2141 2296
f 2143 2296 2297
f 2298 2290 2291
f 2300 2299 2298
f 2291 2300 2298
f 2292 2300 2291
f 2144 2301 2134
f 2301 2292 2134
f 2301 2300 2292
f 2301 2144 2302
f 2144 2303 2302
f 2144 2145 2303
f 2304 2145 2146
f 2304 2303 2145
f 2306 2304 2305
f 2304 2147 2305
f 2304 2146 2147
f 2149 2305 2147
f 2293 2151 2138
f 2151 2293 2152
f 2293 2307 2152
f 2293 2294 2307
f 2308 2294 2295
f 2307 2294 2308
f 2154 2308 2142
f 2142 2308 2295
f 2297 2309 2143
f 2143 2309 2155
f 2157 2155 2309
f 2157 2309 2310
f 2311 2299 2300
f 2311 2300 2301
f 2311 2301 2312
f 2312 2301 2302
f 2306 2305 2313
f 2306 2313 2314
f 2159 2313 2149
f 2149 2313 2305
f 2307 2161 2152
f 2161 2307 2163
f 2163 2307 2308
f 2163 2308 2154
f 2310 2315 2157
f 2157 2315 2166
f 2168 2166 2315
f 2168 2315 2316
f 2317 2314 2313
f 2319 2317 2318
f 2318 2317 2169
f 2317 2313 2169
f 2313 2159 2169
f 2170 2318 2169
f 2320 2172 2173
f 2174 2320 2173
f 2316 2321 2168
f 2168 2321 2178
f 2180 2178 2321
f 2180 2321 2322
f 2323 2319 2318
f 2323 2318 2170
f 2181 2323 2170
f 2324 2323 2181
f 2326 2324 2325
f 2324 2182 2325
f 2324 2181 2182
f 2184 2325 2182
f 2328 2327 2187
f 2187 2327 2186
f 2187 2172 2320
f 2329 2187 2320
f 2328 2187 2329
f 2329 2320 2174
f 2188 2329 2174
f 2330 2329 2188
f 2332 2330 2331
f 2330 2189 2331
f 2330 2188 2189
f 2190 2331 2189
f 2322 2193 2180
f 2333 2193 2322
f 2334 2326 2325
f 2336 2334 2335
f 2335 2334 2194
f 2334 2325 2194
f 2325 2184 2194
f 2195 2335 2194
f 2338 2197 2337
f 2197 2327 2337
f 2197 2186 2327
f 2339 2338 2337
f 2340 2332 2331
f 2340 2331 2190
f 2198 2340 2190
f 2341 2340 2198
f 2342 2198 2199
f 2342 2341 2198
f 2199 2193 2333
f 2199 2333 2342
f 2336 2335 2343
f 2336 2343 2344
f 2200 2343 2195
f 2195 2343 2335
f 2338 2201 2197
f 2346 2345 2203
f 2346 2203 2201
f 2339 2346 2201
f 2338 2339 2201
f 2348 2347 2345
f 2348 2345 2346
f 2349 2347 2348
f 2344 2343 2350
f 2344 2350 2351
f 2204 2350 2200
f 2200 2350 2343
f 2345 2205 2203
f 2205 2345 2206
f 2206 2345 2347
f 2349 2352 2347
f 2352 2206 2347
f 2352 2207 2206
f 2208 2207 2352
f 2208 2352 2353
f 2356 2355 2354
f 2354 2355 2351
f 2354 2351 2350
f 2210 2354 2350
f 2209 2210 2350
f 2209 2350 2204
f 2353 2357 2208
f 2208 2357 2211
f 2213 2211 2357
f 2213 2357 2358
f 2361 2360 2359
f 2363 2362 2359
f 2363 2359 2360
f 2365 2364 2362
f 2365 2362 2363
f 2367 2366 2364
f 2367 2364 2365
f 2369 2368 2366
f 2369 2366 2367
f 2370 2368 2369
f 2356 2354 2216
f 2217 2356 2216
f 2371 2356 2217
f 2216 2354 2210
f 2358 2372 2213
f 2213 2372 2218
f 2218 2373 2219
f 2372 2373 2218
f 2359 2220 2361
f 2220 2373 2361
f 2220 2219 2373
f 2220 2359 2221
f 2221 2359 2362
f 2221 2362 2222
f 2222 2362 2364
f 2222 2364 2223
f 2223 2364 2366
f 2223 2366 2224
f 2224 2366 2368
f 2370 2374 2368
f 2374 2224 2368
f 2374 2226 2224
f 2217 2226 2371
f 2371 2226 2374
f 2375 2231 2232
f 2233 2376 2232
f 2232 2376 2375
f 2234 2376 2233
f 2378 2377 2237
f 2237 2377 2236
f 2375 2238 2231
f 2378 2237 2379
f 2240 2379 2237
f 2238 2375 2241
f 2241 2375 2376
f 2241 2376 2234
f 2382 2381 2380
f 2377 2382 2380
f 2242 2377 2380
f 2236 2377 2242
f 2243 2379 2240
f 2243 2383 2379
f 2386 2385 2384
f 2386 2384 2381
f 2381 2384 2380
f 2384 2244 2380
f 2244 2245 2380
f 2380 2245 2242
f 2246 2383 2243
f 2246 2387 2383
f 2384 2385 2248
f 2385 2247 2248
f 2385 2388 2247
f 2384 2248 2244
f 2390 2389 2250
f 2390 2250 2251
f 2246 2250 2387
f 2387 2250 2389
f 2392 2391 2253
f 2253 2391 2252
f 2253 2247 2388
f 2253 2388 2392
f 2394 2393 2255
f 2394 2255 2256
f 2251 2255 2390
f 2390 2255 2393
f 2396 2257 2395
f 2257 2391 2395
f 2257 2252 2391
f 2397 2396 2395
f 2258 2394 2256
f 2258 2398 2394
f 2399 2259 2260
f 2257 2396 2261
f 2399 2260 2263
f 2397 2400 2396
f 2400 2261 2396
f 2400 2264 2261
f 2258 2264 2398
f 2398 2264 2400
f 2401 2266 2267
f 2259 2399 2267
f 2399 2401 2267
f 2399 2402 2401
f 2269 2402 2263
f 2263 2402 2399
f 2403 2270 2271
f 2403 2271 2404
f 2271 2405 2404
f 2271 2272 2405
f 2272 2266 2401
f 2406 2272 2401
f 2405 2272 2406
f 2408 2407 2406
f 2401 2408 2406
f 2402 2408 2401
f 2274 2408 2269
f 2269 2408 2402
f 2403 2275 2270
f 2410 2409 2276
f 2410 2276 2275
f 2404 2410 2275
f 2403 2404 2275
f 2411 2409 2410
f 2407 2408 2412
f 2407 2412 2413
f 2278 2412 2274
f 2274 2412 2408
f 2409 2280 2276
f 2282 2280 2409
f 2411 2282 2409
f 2414 2282 2411
f 2415 2413 2412
f 2412 2278 2415
f 2278 2416 2415
f 2278 2284 2416
f 2414 2288 2282
f 2417 2288 2414
f 2284 2289 2418
f 2419 2284 2418
f 2416 2284 2419
f 2290 2418 2289
f 2417 2420 2288
f 2288 2420 2296
f 2422 2421 2297
f 2296 2422 2297
f 2420 2422 2296
f 2421 2422 2419
f 2418 2421 2419
f 2423 2421 2418
f 2298 2424 2290
f 2424 2418 2290
f 2424 2423 2418
f 2299 2424 2298
f 2425 2302 2303
f 2304 2426 2303
f 2303 2426 2425
f 2306 2426 2304
f 2421 2309 2297
f 2309 2421 2310
f 2421 2427 2310
f 2421 2423 2427
f 2424 2429 2428
f 2427 2424 2428
f 2423 2424 2427
f 2429 2424 2299
f 2311 2429 2299
f 2430 2429 2311
f 2431 2311 2312
f 2431 2430 2311
f 2431 2312 2302
f 2432 2431 2302
f 2425 2432 2302
f 2431 2432 2433
f 2434 2425 2426
f 2432 2425 2434
f 2314 2434 2306
f 2306 2434 2426
f 2427 2315 2310
f 2436 2435 2316
f 2436 2316 2315
f 2428 2436 2315
f 2427 2428 2315
f 2437 2435 2436
f 2438 2433 2432
f 2440 2439 2438
f 2432 2440 2438
f 2434 2440 2432
f 2317 2441 2314
f 2441 2434 2314
f 2441 2440 2434
f 2319 2441 2317
f 2435 2321 2316
f 2443 2442 2322
f 2443 2322 2321
f 2437 2443 2321
f 2435 2437 2321
f 2444 2442 2443
f 2439 2440 2445
f 2439 2445 2446
f 2447 2440 2441
f 2445 2440 2447
f 2323 2448 2319
f 2448 2441 2319
f 2448 2447 2441
f 2324 2449 2323
f 2323 2449 2448
f 2326 2449 2324
f 2450 2327 2328
f 2329 2451 2328
f 2328 2451 2450
f 2330 2452 2329
f 2329 2452 2451
f 2332 2452 2330
f 2453 2333 2442
f 2442 2333 2322
f 2442 2444 2454
f 2442 2454 2453
f 2455 2446 2445
f 2457 2456 2455
f 2445 2457 2455
f 2447 2457 2445
f 2448 2459 2458
f 2457 2448 2458
f 2447 2448 2457
f 2461 2460 2459
f 2448 2461 2459
f 2449 2461 2448
f 2334 2462 2326
f 2462 2449 2326
f 2462 2461 2449
f 2336 2462 2334
f 2450 2337 2327
f 2337 2450 2339
f 2450 2463 2339
f 2450 2451 2463
f 2464 2451 2452
f 2463 2451 2464
f 2464 2452 2332
f 2465 2464 2332
f 2340 2465 2332
f 2466 2464 2465
f 2467 2340 2341
f 2467 2465 2340
f 2468 2341 2342
f 2468 2467 2341
f 2342 2333 2453
f 2469 2342 2453
f 2468 2342 2469
f 2469 2453 2454
f 2470 2456 2457
f 2470 2457 2458
f 2471 2460 2461
f 2473 2472 2471
f 2461 2473 2471
f 2462 2473 2461
f 2344 2473 2336
f 2336 2473 2462
f 2463 2346 2339
f 2346 2463 2348
f 2348 2463 2464
f 2475 2474 2349
f 2475 2349 2348
f 2466 2475 2348
f 2464 2466 2348
f 2476 2474 2475
f 2479 2478 2477
f 2477 2478 2472
f 2473 2477 2472
f 2480 2477 2473
f 2351 2480 2344
f 2344 2480 2473
f 2474 2352 2349
f 2482 2481 2353
f 2482 2353 2352
f 2476 2482 2352
f 2474 2476 2352
f 2483 2481 2482
f 2486 2485 2484
f 2487 2484 2485
f 2479 2477 2488
f 2479 2488 2489
f 2356 2488 2355
f 2488 2480 2355
f 2488 2477 2480
f 2355 2480 2351
f 2481 2357 2353
f 2491 2490 2358
f 2491 2358 2357
f 2483 2491 2357
f 2481 2483 2357
f 2493 2492 2490
f 2493 2490 2491
f 2360 2361 2492
f 2493 2360 2492
f 2494 2360 2493
f 2360 2495 2363
f 2494 2495 2360
f 2363 2496 2365
f 2495 2496 2363
f 2484 2367 2486
f 2367 2496 2486
f 2367 2365 2496
f 2487 2497 2484
f 2497 2367 2484
f 2497 2369 2367
f 2488 2498 2370
f 2497 2488 2370
f 2369 2497 2370
f 2489 2488 2497
f 2371 2498 2356
f 2356 2498 2488
f 2490 2372 2358
f 2372 2490 2373
f 2373 2490 2492
f 2373 2492 2361
f 2498 2374 2370
f 2374 2498 2371
f 2499 2377 2378
f 2379 2499 2378
f 2501 2500 2382
f 2382 2500 2381
f 2382 2377 2499
f 2502 2382 2499
f 2501 2382 2502
f 2499 2379 2502
f 2379 2503 2502
f 2379 2383 2503
f 2505 2504 2386
f 2386 2504 2385
f 2386 2381 2500
f 2386 2500 2505
f 2508 2507 2506
f 2507 2503 2506
f 2503 2387 2506
f 2503 2383 2387
f 2504 2388 2385
f 2509 2388 2504
f 2508 2506 2389
f 2390 2508 2389
f 2510 2508 2390
f 2389 2506 2387
f 2511 2391 2392
f 2388 2509 2512
f 2511 2388 2512
f 2513 2511 2512
f 2392 2388 2511
f 2393 2394 2513
f 2512 2393 2513
f 2514 2393 2512
f 2390 2393 2510
f 2510 2393 2514
f 2511 2395 2391
f 2395 2511 2397
f 2511 2515 2397
f 2511 2513 2515
f 2398 2515 2394
f 2394 2515 2513
f 2515 2400 2397
f 2400 2515 2398
f 2516 2404 2405
f 2406 2517 2405
f 2405 2517 2516
f 2407 2517 2406
f 2516 2410 2404
f 2516 2517 2518
f 2411 2516 2518
f 2519 2411 2518
f 2516 2411 2410
f 2517 2407 2518
f 2407 2520 2518
f 2407 2413 2520
f 2519 2414 2411
f 2521 2414 2519
f 2413 2415 2522
f 2523 2413 2522
f 2520 2413 2523
f 2416 2522 2415
f 2525 2417 2524
f 2417 2521 2524
f 2417 2414 2521
f 2525 2524 2523
f 2522 2525 2523
f 2526 2525 2522
f 2419 2526 2416
f 2416 2526 2522
f 2525 2420 2417
f 2420 2525 2422
f 2422 2525 2526
f 2422 2526 2419
f 2528 2527 2429
f 2429 2527 2428
f 2529 2429 2430
f 2529 2528 2429
f 2531 2529 2530
f 2529 2431 2530
f 2529 2430 2431
f 2433 2530 2431
f 2527 2532 2428
f 2428 2532 2436
f 2437 2436 2532
f 2437 2532 2533
f 2531 2530 2534
f 2531 2534 2535
f 2438 2536 2433
f 2536 2530 2433
f 2536 2534 2530
f 2439 2536 2438
f 2533 2537 2437
f 2437 2537 2443
f 2534 2538 2444
f 2537 2534 2444
f 2443 2537 2444
f 2535 2534 2537
f 2539 2534 2536
f 2538 2534 2539
f 2446 2539 2439
f 2439 2539 2536
f 2540 2454 2538
f 2538 2454 2444
f 2541 2538 2539
f 2540 2538 2541
f 2455 2542 2446
f 2542 2539 2446
f 2542 2541 2539
f 2456 2542 2455
f 2543 2458 2459
f 2460 2543 2459
f 2544 2466 2465
f 2467 2545 2465
f 2465 2545 2544
f 2468 2546 2467
f 2467 2546 2545
f 2546 2468 2547
f 2468 2548 2547
f 2468 2469 2548
f 2469 2454 2540
f 2549 2469 2540
f 2548 2469 2549
f 2551 2550 2549
f 2540 2551 2549
f 2541 2551 2540
f 2542 2553 2552
f 2551 2542 2552
f 2541 2542 2551
f 2555 2553 2554
f 2554 2553 2470
f 2553 2542 2470
f 2542 2456 2470
f 2458 2543 2470
f 2543 2554 2470
f 2543 2556 2554
f 2471 2557 2460
f 2557 2543 2460
f 2557 2556 2543
f 2472 2557 2471
f 2544 2475 2466
f 2475 2544 2476
f 2544 2558 2476
f 2544 2545 2558
f 2546 2560 2559
f 2558 2546 2559
f 2545 2546 2558
f 2560 2546 2547
f 2561 2550 2551
f 2561 2551 2552
f 2562 2555 2554
f 2564 2563 2562
f 2554 2564 2562
f 2556 2564 2554
f 2479 2564 2478
f 2564 2557 2478
f 2564 2556 2557
f 2478 2557 2472
f 2558 2482 2476
f 2566 2565 2483
f 2566 2483 2482
f 2559 2566 2482
f 2558 2559 2482
f 2568 2567 2565
f 2568 2565 2566
f 2570 2569 2567
f 2570 2567 2568
f 2572 2571 2569
f 2572 2569 2570
f 2574 2573 2571
f 2574 2571 2572
f 2485 2486 2573
f 2574 2485 2573
f 2575 2485 2574
f 2564 2576 2487
f 2575 2564 2487
f 2485 2575 2487
f 2563 2564 2575
f 2489 2576 2479
f 2479 2576 2564
f 2565 2491 2483
f 2491 2565 2493
f 2493 2565 2567
f 2493 2567 2494
f 2494 2567 2569
f 2494 2569 2495
f 2495 2569 2571
f 2495 2571 2496
f 2496 2571 2573
f 2496 2573 2486
f 2576 2497 2487
f 2497 2576 2489
f 2577 2500 2501
f 2502 2578 2501
f 2501 2578 2577
f 2503 2578 2502
f 2579 2504 2505
f 2580 2579 2505
f 2580 2505 2500
f 2581 2580 2500
f 2577 2581 2500
f 2508 2582 2507
f 2582 2577 2507
f 2577 2578 2507
f 2582 2581 2577
f 2507 2578 2503
f 2583 2509 2579
f 2579 2509 2504
f 2579 2580 2584
f 2585 2579 2584
f 2583 2579 2585
f 2584 2582 2585
f 2582 2510 2585
f 2582 2508 2510
f 2583 2512 2509
f 2512 2583 2514
f 2514 2583 2585
f 2514 2585 2510
f 2586 2519 2518
f 2520 2586 2518
f 2587 2521 2586
f 2586 2521 2519
f 2523 2587 2520
f 2520 2587 2586
f 2587 2524 2521
f 2524 2587 2523
f 2588 2527 2528
f 2529 2589 2528
f 2528 2589 2588
f 2531 2589 2529
f 2588 2532 2527
f 2532 2588 2533
f 2588 2590 2533
f 2588 2589 2590
f 2535 2590 2531
f 2531 2590 2589
f 2590 2537 2533
f 2537 2590 2535
f 2591 2547 2548
f 2549 2592 2548
f 2548 2592 2591
f 2550 2592 2549
f 2593 2552 2553
f 2555 2593 2553
f 2594 2559 2560
f 2547 2591 2560
f 2591 2594 2560
f 2591 2595 2594
f 2596 2591 2592
f 2595 2591 2596
f 2561 2597 2550
f 2597 2592 2550
f 2597 2596 2592
f 2552 2593 2561
f 2593 2597 2561
f 2593 2598 2597
f 2562 2599 2555
f 2599 2593 2555
f 2599 2598 2593
f 2563 2599 2562
f 2594 2566 2559
f 2566 2594 2568
f 2568 2594 2595
f 2568 2595 2570
f 2570 2595 2596
f 2570 2596 2572
f 2572 2596 2597
f 2572 2597 2574
f 2574 2597 2598
f 2574 2598 2575
f 2575 2598 2599
f 2575 2599 2563
f 2600 2580 2581
f 2582 2600 2581
f 2600 2584 2580
f 2584 2600 2582
