v 27.7 14.0 9.0
v 28.0 14.0 8.5
v 28.0 13.6 9.0
v 28.0 13.5 10.0
v 27.6 14.0 10.0
v 28.0 13.7 11.0
v 27.8 14.0 11.0
v 28.0 14.0 11.3
v 27.7 15.0 8.0
v 28.0 15.0 7.6
v 28.0 14.5 8.0
v 27.5 15.0 9.0
v 27.5 15.0 10.0
v 27.7 15.0 11.0
v 28.0 15.0 11.4
v 27.6 16.0 8.0
v 28.0 16.0 7.5
v 27.5 16.0 9.0
v 27.6 16.0 10.0
v 28.0 16.0 10.6
v 28.0 15.5 11.0
v 27.7 17.0 8.0
v 28.0 17.0 7.6
v 27.5 17.0 9.0
v 27.6 17.0 10.0
v 28.0 17.0 10.6
v 28.0 17.6 8.0
v 27.6 18.0 9.0
v 28.0 18.0 8.3
v 27.5 18.0 10.0
v 28.0 17.5 11.0
v 27.7 18.0 11.0
v 28.0 18.0 11.4
v 27.9 19.0 8.0
v 28.0 19.0 7.9
v 28.0 18.7 8.0
v 27.5 19.0 9.0
v 27.5 19.0 10.0
v 27.6 19.0 11.0
v 28.0 19.0 11.5
v 27.8 20.0 8.0
v 28.0 20.0 7.8
v 27.5 20.0 9.0
v 27.5 20.0 10.0
v 27.6 20.0 11.0
v 28.0 20.0 11.5
v 28.0 21.0 8.0
v 28.0 21.0 8.0
v 27.6 21.0 9.0
v 27.5 21.0 10.0
v 27.7 21.0 11.0
v 28.0 21.0 11.4
v 28.0 21.0 8.0
v 28.0 22.0 9.0
v 28.0 22.0 9.0
v 27.8 22.0 10.0
v 28.0 22.0 10.9
v 28.0 21.9 11.0
v 28.0 22.0 9.0
v 28.0 22.2 10.0
v 28.7 11.0 9.0
v 29.0 11.0 8.5
v 29.0 10.6 9.0
v 29.0 10.5 10.0
v 28.6 11.0 10.0
v 29.0 10.6 11.0
v 28.7 11.0 11.0
v 29.0 11.0 11.5
v 28.7 12.0 7.0
v 29.0 12.0 6.5
v 29.0 11.6 7.0
v 29.0 11.4 8.0
v 28.6 12.0 8.0
v 28.5 12.0 9.0
v 28.5 12.0 10.0
v 28.5 12.0 11.0
v 29.0 11.5 12.0
v 28.7 12.0 12.0
v 29.0 12.0 12.5
v 28.7 13.0 6.0
v 29.0 13.0 5.6
v 29.0 12.5 6.0
v 28.5 13.0 7.0
v 28.5 13.0 8.0
v 28.4 13.0 9.0
v 28.4 13.0 10.0
v 28.4 13.0 11.0
v 28.5 13.0 12.0
v 29.0 12.6 13.0
v 28.8 13.0 13.0
v 29.0 13.0 13.3
v 28.6 14.0 6.0
v 29.0 14.0 5.4
v 28.5 14.0 7.0
v 28.3 14.0 8.0
v 28.4 14.0 12.0
v 28.6 14.0 13.0
v 29.0 14.0 13.4
v 28.8 15.0 5.0
v 29.0 15.0 4.8
v 29.0 14.7 5.0
v 28.5 15.0 6.0
v 28.4 15.0 7.0
v 28.4 15.0 12.0
v 28.6 15.0 13.0
v 29.0 15.0 13.5
v 29.0 15.3 5.0
v 28.6 16.0 6.0
v 29.0 16.0 5.4
v 28.4 16.0 7.0
v 28.3 16.0 11.0
v 28.5 16.0 12.0
v 28.6 16.0 13.0
v 29.0 16.0 13.5
v 28.6 17.0 6.0
v 29.0 17.0 5.5
v 28.4 17.0 7.0
v 28.3 17.0 11.0
v 28.5 17.0 12.0
v 28.6 17.0 13.0
v 29.0 17.0 13.5
v 28.6 18.0 6.0
v 29.0 18.0 5.5
v 28.6 18.0 7.0
v 28.2 18.0 8.0
v 28.4 18.0 12.0
v 28.6 18.0 13.0
v 29.0 18.0 13.6
v 28.9 19.0 6.0
v 29.0 19.0 5.9
v 29.0 19.0 6.2
v 29.0 18.7 7.0
v 28.8 19.0 8.0
v 29.0 19.0 8.0
v 29.0 19.0 8.0
v 28.4 19.0 12.0
v 28.5 19.0 13.0
v 29.0 18.8 14.0
v 28.9 19.0 14.0
v 29.0 19.0 14.1
v 28.9 20.0 2.0
v 29.0 20.0 1.9
v 29.0 19.9 2.0
v 29.0 19.7 3.0
v 28.8 20.0 3.0
v 29.0 20.0 3.3
v 29.0 19.1 6.0
v 28.5 20.0 8.0
v 29.0 20.0 8.2
v 28.4 20.0 12.0
v 28.6 20.0 13.0
v 29.0 20.0 13.6
v 29.0 19.2 14.0
v 29.0 20.1 2.0
v 29.0 21.0 3.0
v 29.0 21.0 3.0
v 29.0 21.0 3.0
v 28.0 21.0 8.0
v 29.0 21.0 8.4
v 28.5 21.0 12.0
v 28.7 21.0 13.0
v 29.0 21.0 13.4
v 29.0 21.0 3.0
v 28.0 22.0 9.0
v 29.0 21.5 9.0
v 28.4 22.0 10.0
v 29.0 21.7 10.0
v 29.0 21.7 11.0
v 29.0 21.5 12.0
v 29.0 21.9 13.0
v 29.7 6.0 10.0
v 30.0 6.0 9.5
v 30.0 5.6 10.0
v 30.0 5.6 11.0
v 29.7 6.0 11.0
v 30.0 6.0 11.5
v 29.7 7.0 9.0
v 30.0 7.0 8.6
v 30.0 6.5 9.0
v 29.5 7.0 10.0
v 29.5 7.0 11.0
v 30.0 6.5 12.0
v 29.7 7.0 12.0
v 30.0 7.0 12.4
v 29.6 8.0 9.0
v 30.0 8.0 8.4
v 29.5 8.0 10.0
v 29.5 8.0 11.0
v 29.6 8.0 12.0
v 30.0 8.0 12.5
v 29.7 9.0 8.0
v 30.0 9.0 7.5
v 30.0 8.5 8.0
v 29.5 9.0 9.0
v 29.5 9.0 10.0
v 29.5 9.0 11.0
v 29.6 9.0 12.0
v 30.0 9.0 12.5
v 29.7 10.0 7.0
v 30.0 10.0 6.5
v 30.0 9.5 7.0
v 29.5 10.0 8.0
v 29.4 10.0 9.0
v 29.4 10.0 10.0
v 29.4 10.0 11.0
v 29.6 10.0 12.0
v 30.0 10.0 12.6
v 29.7 11.0 6.0
v 30.0 11.0 5.5
v 30.0 10.5 6.0
v 29.4 11.0 7.0
v 29.3 11.0 8.0
v 29.3 11.0 12.0
v 30.0 10.5 13.0
v 29.7 11.0 13.0
v 30.0 11.0 13.3
v 29.7 12.0 5.0
v 30.0 12.0 4.5
v 30.0 11.5 5.0
v 29.3 12.0 6.0
v 29.4 12.0 13.0
v 30.0 12.0 13.5
v 29.7 13.0 4.0
v 30.0 13.0 3.6
v 30.0 12.5 4.0
v 29.4 13.0 5.0
v 30.0 13.0 13.7
v 29.6 14.0 4.0
v 30.0 14.0 3.5
v 29.3 14.0 5.0
v 30.0 13.5 14.0
v 29.6 14.0 14.0
v 30.0 14.0 14.3
v 29.5 15.0 4.0
v 30.0 15.0 3.4
v 29.5 15.0 14.0
v 30.0 15.0 14.4
v 29.7 16.0 3.0
v 30.0 16.0 2.6
v 30.0 15.5 3.0
v 29.5 16.0 4.0
v 29.3 16.0 5.0
v 29.6 16.0 14.0
v 30.0 16.0 14.3
v 29.7 17.0 3.0
v 30.0 17.0 2.6
v 29.5 17.0 4.0
v 29.4 17.0 5.0
v 29.7 17.0 14.0
v 30.0 17.0 14.2
v 29.9 18.0 1.0
v 30.0 18.0 0.9
v 30.0 17.9 1.0
v 30.0 18.0 1.3
v 30.0 17.7 3.0
v 29.6 18.0 4.0
v 30.0 18.0 3.2
v 29.4 18.0 5.0
v 29.6 18.0 14.0
v 30.0 18.0 14.2
v 29.8 19.0 1.0
v 30.0 19.0 0.8
v 30.0 18.3 2.0
v 29.5 19.0 2.0
v 30.0 18.2 3.0
v 29.5 19.0 3.0
v 29.5 19.0 4.0
v 29.5 19.0 5.0
v 29.3 19.0 7.0
v 29.0 19.0 8.0
v 30.0 19.0 14.3
v 30.0 19.4 1.0
v 30.0 20.0 1.4
v 29.6 20.0 4.0
v 30.0 20.0 4.5
v 30.0 19.6 5.0
v 30.0 19.7 6.0
v 29.7 20.0 7.0
v 30.0 20.0 6.4
v 29.2 20.0 8.0
v 29.5 20.0 14.0
v 30.0 20.0 14.3
v 29.7 21.0 2.0
v 30.0 21.0 1.8
v 30.0 20.4 4.0
v 30.0 21.0 3.3
v 30.0 20.5 7.0
v 29.5 21.0 8.0
v 30.0 21.0 7.5
v 29.7 21.0 14.0
v 30.0 21.0 14.3
v 30.0 21.2 2.0
v 30.0 21.2 3.0
v 30.0 21.4 8.0
v 30.0 21.7 9.0
v 29.5 22.0 10.0
v 30.0 22.0 9.5
v 29.5 22.0 11.0
v 30.0 22.0 11.7
v 30.0 21.9 12.0
v 29.1 22.0 13.0
v 30.0 22.0 12.3
v 30.0 22.0 13.4
v 30.0 21.4 14.0
v 30.0 22.3 10.0
v 30.0 22.3 11.0
v 30.0 22.3 13.0
v 30.7 3.0 10.0
v 31.0 3.0 9.5
v 31.0 2.6 10.0
v 31.0 2.5 11.0
v 30.6 3.0 11.0
v 31.0 2.6 12.0
v 30.7 3.0 12.0
v 31.0 3.0 12.5
v 30.7 4.0 9.0
v 31.0 4.0 8.5
v 31.0 3.5 9.0
v 30.5 4.0 10.0
v 30.5 4.0 11.0
v 30.5 4.0 12.0
v 31.0 3.4 13.0
v 30.6 4.0 13.0
v 31.0 3.7 14.0
v 30.7 4.0 14.0
v 31.0 4.0 14.3
v 30.7 5.0 8.0
v 31.0 5.0 7.6
v 31.0 4.5 8.0
v 30.5 5.0 9.0
v 30.4 5.0 10.0
v 30.4 5.0 11.0
v 30.5 5.0 12.0
v 30.5 5.0 13.0
v 30.6 5.0 14.0
v 31.0 5.0 14.5
v 30.6 6.0 8.0
v 31.0 6.0 7.4
v 30.3 6.0 9.0
v 30.3 6.0 12.0
v 30.5 6.0 13.0
v 30.6 6.0 14.0
v 31.0 6.0 14.5
v 30.7 7.0 7.0
v 31.0 7.0 6.6
v 31.0 6.5 7.0
v 30.4 7.0 8.0
v 30.4 7.0 13.0
v 30.6 7.0 14.0
v 31.0 7.0 14.5
v 30.6 8.0 7.0
v 31.0 8.0 6.4
v 30.3 8.0 8.0
v 30.4 8.0 13.0
v 30.6 8.0 14.0
v 31.0 8.0 14.5
v 30.7 9.0 6.0
v 31.0 9.0 5.5
v 31.0 8.5 6.0
v 30.3 9.0 7.0
v 30.4 9.0 13.0
v 30.7 9.0 14.0
v 31.0 9.0 14.4
v 30.7 10.0 5.0
v 31.0 10.0 4.5
v 31.0 9.5 5.0
v 30.3 10.0 6.0
v 30.4 10.0 13.0
v 31.0 10.0 13.8
v 31.0 9.7 14.0
v 30.7 11.0 4.0
v 31.0 11.0 3.5
v 31.0 10.5 4.0
v 30.3 11.0 5.0
v 31.0 10.3 14.0
v 30.6 11.0 14.0
v 31.0 11.0 14.4
v 30.7 12.0 3.0
v 31.0 12.0 2.6
v 31.0 11.6 3.0
v 30.3 12.0 4.0
v 30.5 12.0 14.0
v 31.0 12.0 14.5
v 30.8 13.0 1.0
v 31.0 13.0 0.7
v 31.0 12.8 1.0
v 31.0 13.0 1.6
v 30.5 13.0 3.0
v 31.0 13.0 2.2
v 30.4 13.0 14.0
v 31.0 13.0 14.5
v 30.8 14.0 0.0
v 31.0 14.0 -0.3
v 31.0 13.6 0.0
v 30.6 14.0 1.0
v 31.0 13.2 2.0
v 30.6 14.0 2.0
v 30.4 14.0 3.0
v 31.0 14.0 14.4
v 30.7 15.0 0.0
v 31.0 15.0 -0.3
v 31.0 15.0 0.8
v 31.0 14.9 1.0
v 30.6 15.0 2.0
v 31.0 15.0 1.1
v 30.3 15.0 3.0
v 31.0 15.0 14.3
v 30.7 16.0 0.0
v 31.0 16.0 -0.3
v 31.0 16.0 0.8
v 30.5 16.0 2.0
v 31.0 16.0 1.1
v 31.0 16.0 14.2
v 30.6 17.0 0.0
v 31.0 17.0 -0.4
v 31.0 16.1 1.0
v 30.5 17.0 1.0
v 30.4 17.0 2.0
v 30.7 17.0 13.0
v 31.0 16.6 13.0
v 31.0 17.0 12.5
v 30.3 17.0 14.0
v 31.0 16.3 14.0
v 30.7 18.0 0.0
v 31.0 18.0 -0.3
v 30.3 18.0 2.0
v 30.1 18.0 3.0
v 30.7 18.0 12.0
v 31.0 17.5 12.0
v 31.0 18.0 11.6
v 30.5 18.0 13.0
v 30.2 18.0 14.0
v 31.0 18.5 0.0
v 31.0 19.0 0.3
v 30.7 19.0 12.0
v 31.0 19.0 11.6
v 30.5 19.0 13.0
v 30.4 19.0 14.0
v 30.5 20.0 1.0
v 31.0 20.0 0.6
v 30.4 20.0 5.0
v 30.3 20.0 6.0
v 31.0 19.5 12.0
v 31.0 20.0 12.8
v 30.9 20.0 13.0
v 31.0 20.0 13.5
v 31.0 19.9 14.0
v 31.0 20.0 14.1
v 31.0 20.5 1.0
v 31.0 21.0 1.5
v 30.7 21.0 3.0
v 31.0 20.9 3.0
v 31.0 21.0 2.7
v 31.0 20.6 4.0
v 31.0 20.7 5.0
v 30.7 21.0 6.0
v 31.0 21.0 5.5
v 30.3 21.0 7.0
v 31.0 20.1 13.0
v 31.0 21.0 14.4
v 31.0 21.3 2.0
v 31.0 21.5 6.0
v 30.7 22.0 7.0
v 31.0 22.0 6.6
v 30.5 22.0 8.0
v 30.4 22.0 9.0
v 30.2 22.0 12.0
v 30.8 22.0 14.0
v 31.0 22.0 14.1
v 31.0 22.3 7.0
v 31.0 22.5 8.0
v 31.0 22.5 9.0
v 31.0 22.6 10.0
v 31.0 22.6 11.0
v 31.0 22.5 12.0
v 31.0 22.5 13.0
v 31.0 22.1 14.0
v 31.7 0.0 10.0
v 32.0 0.0 9.5
v 32.0 -0.3 10.0
v 32.0 -0.4 11.0
v 31.7 0.0 11.0
v 32.0 -0.2 12.0
v 31.8 0.0 12.0
v 32.0 0.0 12.4
v 31.7 1.0 9.0
v 32.0 1.0 8.5
v 32.0 0.5 9.0
v 31.5 1.0 10.0
v 31.5 1.0 11.0
v 31.5 1.0 12.0
v 32.0 0.5 13.0
v 31.6 1.0 13.0
v 32.0 0.8 14.0
v 31.8 1.0 14.0
v 32.0 0.8 15.0
v 31.8 1.0 15.0
v 32.0 1.0 15.3
v 31.7 2.0 8.0
v 32.0 2.0 7.5
v 32.0 1.5 8.0
v 31.5 2.0 9.0
v 31.4 2.0 10.0
v 31.4 2.0 11.0
v 31.4 2.0 12.0
v 31.5 2.0 13.0
v 31.6 2.0 14.0
v 31.5 2.0 15.0
v 32.0 1.6 16.0
v 31.7 2.0 16.0
v 32.0 2.0 16.3
v 31.7 3.0 7.0
v 32.0 3.0 6.6
v 32.0 2.5 7.0
v 31.5 3.0 8.0
v 31.3 3.0 9.0
v 31.3 3.0 13.0
v 31.4 3.0 14.0
v 31.5 3.0 15.0
v 31.6 3.0 16.0
v 32.0 3.0 16.5
v 31.6 4.0 7.0
v 32.0 4.0 6.4
v 31.3 4.0 8.0
v 31.4 4.0 15.0
v 31.6 4.0 16.0
v 32.0 4.0 16.5
v 31.7 5.0 6.0
v 32.0 5.0 5.6
v 32.0 4.5 6.0
v 31.4 5.0 7.0
v 31.4 5.0 15.0
v 31.7 5.0 16.0
v 32.0 5.0 16.3
v 31.6 6.0 6.0
v 32.0 6.0 5.4
v 31.3 6.0 7.0
v 31.5 6.0 15.0
v 32.0 6.0 15.6
v 32.0 5.4 16.0
v 31.7 7.0 5.0
v 32.0 7.0 4.6
v 32.0 6.5 5.0
v 31.4 7.0 6.0
v 31.5 7.0 15.0
v 32.0 7.0 15.4
v 31.6 8.0 5.0
v 32.0 8.0 4.4
v 31.3 8.0 6.0
v 31.5 8.0 15.0
v 32.0 8.0 15.4
v 31.7 9.0 4.0
v 32.0 9.0 3.5
v 32.0 8.5 4.0
v 31.3 9.0 5.0
v 31.6 9.0 15.0
v 32.0 9.0 15.4
v 31.9 10.0 0.0
v 32.0 10.0 -0.2
v 32.0 9.8 0.0
v 32.0 10.0 0.2
v 31.7 10.0 3.0
v 32.0 10.0 2.6
v 32.0 9.5 3.0
v 31.3 10.0 4.0
v 31.2 10.0 14.0
v 31.6 10.0 15.0
v 32.0 10.0 15.3
v 31.9 11.0 -3.0
v 32.0 11.0 -3.1
v 32.0 10.6 -3.0
v 32.0 11.0 -2.8
v 31.6 11.0 0.0
v 32.0 11.0 -0.5
v 32.0 10.5 1.0
v 31.7 11.0 1.0
v 32.0 11.0 1.8
v 31.4 11.0 3.0
v 32.0 11.0 2.1
v 31.7 11.0 15.0
v 32.0 11.0 15.2
v 32.0 12.0 -3.0
v 32.0 12.0 -3.0
v 32.0 12.0 -3.0
v 31.6 12.0 0.0
v 32.0 12.0 -0.6
v 31.4 12.0 1.0
v 32.0 11.1 2.0
v 31.5 12.0 2.0
v 31.8 12.0 15.0
v 32.0 12.0 15.2
v 32.0 12.0 -3.0
v 31.7 13.0 -1.0
v 32.0 13.0 -1.4
v 32.0 12.5 -1.0
v 31.3 13.0 0.0
v 31.1 13.0 2.0
v 32.0 12.9 15.0
v 32.0 13.0 14.9
v 31.5 14.0 -1.0
v 32.0 14.0 -1.5
v 31.6 14.0 14.0
v 32.0 13.5 14.0
v 32.0 14.0 13.5
v 31.5 15.0 -1.0
v 32.0 15.0 -1.5
v 31.1 15.0 1.0
v 31.8 15.0 12.0
v 32.0 14.8 12.0
v 32.0 15.0 11.7
v 31.6 15.0 13.0
v 32.0 14.4 13.0
v 31.4 15.0 14.0
v 31.5 16.0 -1.0
v 32.0 16.0 -1.5
v 31.1 16.0 1.0
v 31.6 16.0 12.0
v 32.0 16.0 11.4
v 31.4 16.0 13.0
v 31.2 16.0 14.0
v 31.6 17.0 -1.0
v 32.0 17.0 -1.3
v 31.7 17.0 11.0
v 32.0 16.5 11.0
v 32.0 17.0 10.6
v 31.3 17.0 12.0
v 32.0 17.4 -1.0
v 32.0 18.0 -0.6
v 31.5 18.0 11.0
v 32.0 18.0 10.4
v 31.4 19.0 0.0
v 32.0 19.0 -0.4
v 31.9 19.0 10.0
v 32.0 18.9 10.0
v 32.0 19.0 9.9
v 31.4 19.0 11.0
v 31.7 20.0 0.0
v 32.0 20.0 -0.3
v 32.0 19.1 10.0
v 32.0 20.0 10.6
v 31.7 20.0 11.0
v 31.3 20.0 12.0
v 31.1 20.0 14.0
v 32.0 20.4 0.0
v 31.5 21.0 1.0
v 32.0 21.0 0.5
v 31.2 21.0 3.0
v 31.4 21.0 4.0
v 31.3 21.0 5.0
v 32.0 20.4 11.0
v 32.0 21.0 11.8
v 31.9 21.0 12.0
v 32.0 20.8 13.0
v 32.0 21.0 12.3
v 32.0 20.9 14.0
v 32.0 21.0 14.0
v 32.0 21.4 1.0
v 32.0 21.5 2.0
v 32.0 21.4 3.0
v 32.0 21.5 4.0
v 31.8 22.0 5.0
v 32.0 22.0 4.7
v 31.4 22.0 6.0
v 32.0 21.1 12.0
v 31.2 22.0 14.0
v 32.0 21.1 14.0
v 32.0 22.0 13.4
v 32.0 22.2 5.0
v 32.0 22.4 6.0
v 32.0 22.7 7.0
v 31.6 23.0 8.0
v 32.0 23.0 7.5
v 31.4 23.0 9.0
v 31.4 23.0 10.0
v 31.4 23.0 11.0
v 31.6 23.0 12.0
v 32.0 23.0 12.4
v 32.0 22.3 13.0
v 32.0 23.5 8.0
v 31.8 24.0 9.0
v 32.0 24.0 8.6
v 31.7 24.0 10.0
v 31.8 24.0 11.0
v 32.0 24.0 11.3
v 32.0 23.4 12.0
v 32.0 24.2 9.0
v 32.0 24.3 10.0
v 32.0 24.2 11.0
v 33.0 -1.0 9.0
v 33.0 -1.0 9.0
v 33.0 -1.0 9.0
v 33.0 -1.1 10.0
v 32.9 -1.0 10.0
v 33.0 -1.0 10.1
v 32.7 0.0 8.0
v 33.0 0.0 7.6
v 33.0 -0.3 8.0
v 32.3 0.0 9.0
v 33.0 -0.5 11.0
v 33.0 -0.3 12.0
v 33.0 -0.0 13.0
v 32.9 0.0 13.0
v 33.0 0.0 13.0
v 32.8 1.0 6.0
v 33.0 1.0 5.7
v 33.0 0.7 6.0
v 33.0 0.4 7.0
v 32.6 1.0 7.0
v 32.3 1.0 8.0
v 33.0 1.0 13.6
v 32.4 1.0 14.0
v 33.0 1.0 14.6
v 33.0 0.8 15.0
v 33.0 0.5 16.0
v 32.6 1.0 16.0
v 33.0 1.0 16.3
v 32.6 2.0 6.0
v 33.0 2.0 5.5
v 32.3 2.0 7.0
v 32.9 2.0 14.0
v 33.0 2.0 13.9
v 33.0 2.0 14.1
v 33.0 1.7 17.0
v 32.7 2.0 17.0
v 33.0 2.0 17.2
v 32.5 3.0 6.0
v 33.0 3.0 5.4
v 33.0 2.1 14.0
v 32.5 3.0 17.0
v 33.0 3.0 17.4
v 32.7 4.0 5.0
v 33.0 4.0 4.5
v 33.0 3.5 5.0
v 32.3 4.0 6.0
v 32.5 4.0 17.0
v 33.0 4.0 17.4
v 32.8 5.0 -1.0
v 33.0 5.0 -1.2
v 33.0 4.8 -1.0
v 33.0 4.8 0.0
v 32.8 5.0 0.0
v 33.0 5.0 0.3
v 32.7 5.0 4.0
v 33.0 5.0 3.6
v 33.0 4.5 4.0
v 32.4 5.0 5.0
v 32.7 5.0 17.0
v 33.0 5.0 17.2
v 32.6 6.0 -1.0
v 33.0 6.0 -1.9
v 32.6 6.0 0.0
v 33.0 6.0 0.5
v 32.6 6.0 4.0
v 33.0 6.0 3.4
v 32.3 6.0 5.0
v 32.7 6.0 16.0
v 33.0 6.0 16.2
v 33.0 5.3 17.0
v 33.0 6.8 -1.0
v 32.7 7.0 0.0
v 33.0 7.0 -0.7
v 33.0 7.0 0.4
v 32.7 7.0 3.0
v 33.0 7.0 2.6
v 33.0 6.5 3.0
v 32.4 7.0 4.0
v 33.0 6.2 16.0
v 33.0 7.0 15.4
v 33.0 8.0 -3.0
v 33.0 8.0 -3.0
v 33.0 8.0 -3.0
v 33.0 7.6 -2.0
v 32.7 8.0 -2.0
v 33.0 7.2 -1.0
v 32.6 8.0 -1.0
v 32.6 8.0 0.0
v 33.0 8.0 0.6
v 32.6 8.0 3.0
v 33.0 8.0 2.3
v 32.3 8.0 4.0
v 33.0 8.0 15.3
v 33.0 8.0 -3.0
v 32.6 9.0 -2.0
v 33.0 9.0 -2.6
v 32.5 9.0 -1.0
v 32.4 9.0 0.0
v 33.0 8.3 1.0
v 32.6 9.0 1.0
v 33.0 8.3 2.0
v 32.6 9.0 2.0
v 32.3 9.0 3.0
v 33.0 9.0 15.3
v 32.5 10.0 -2.0
v 33.0 10.0 -2.8
v 32.4 10.0 -1.0
v 32.3 10.0 1.0
v 32.4 10.0 2.0
v 33.0 10.0 15.2
v 33.0 11.0 -3.4
v 33.0 10.3 -3.0
v 32.4 11.0 -2.0
v 32.4 11.0 -1.0
v 32.1 11.0 2.0
v 32.7 11.0 14.0
v 33.0 10.6 14.0
v 33.0 11.0 13.7
v 32.3 11.0 15.0
v 33.0 10.3 15.0
v 33.0 12.0 -3.5
v 32.4 12.0 -2.0
v 32.3 12.0 -1.0
v 32.6 12.0 14.0
v 33.0 12.0 13.4
v 32.2 12.0 15.0
v 32.7 13.0 -3.0
v 33.0 13.0 -3.3
v 32.4 13.0 -2.0
v 32.7 13.0 13.0
v 33.0 12.5 13.0
v 33.0 13.0 12.6
v 32.4 13.0 14.0
v 33.0 13.4 -3.0
v 32.5 14.0 -2.0
v 33.0 14.0 -2.6
v 32.4 14.0 13.0
v 33.0 14.0 12.3
v 32.5 15.0 -2.0
v 33.0 15.0 -2.5
v 32.8 15.0 10.0
v 33.0 14.8 10.0
v 33.0 15.0 9.7
v 32.5 15.0 11.0
v 33.0 14.5 11.0
v 33.0 14.2 12.0
v 32.5 16.0 -2.0
v 33.0 16.0 -2.5
v 32.6 16.0 10.0
v 33.0 16.0 9.5
v 32.3 16.0 11.0
v 32.7 17.0 -2.0
v 33.0 17.0 -2.3
v 32.5 17.0 10.0
v 33.0 17.0 9.5
v 33.0 17.3 -2.0
v 33.0 17.8 -1.0
v 33.0 18.0 -0.8
v 32.4 18.0 10.0
v 33.0 18.0 9.5
v 33.0 19.0 -0.6
v 33.0 19.0 9.5
v 33.0 20.0 -0.5
v 33.0 19.8 10.0
v 33.0 20.0 10.1
v 32.6 21.0 0.0
v 33.0 21.0 -0.3
v 32.9 21.0 10.0
v 33.0 20.6 10.0
v 33.0 21.0 9.9
v 32.5 21.0 11.0
v 32.2 21.0 13.0
v 32.0 21.0 14.0
v 33.0 21.3 0.0
v 32.9 22.0 1.0
v 33.0 22.0 0.9
v 33.0 22.0 1.2
v 33.0 21.7 2.0
v 33.0 21.5 3.0
v 33.0 21.7 4.0
v 33.0 22.0 4.4
v 33.0 21.1 10.0
v 33.0 21.5 11.0
v 33.0 21.8 12.0
v 32.3 22.0 13.0
v 33.0 22.0 12.3
v 33.0 22.1 1.0
v 33.0 22.5 5.0
v 33.0 22.7 6.0
v 32.4 23.0 7.0
v 33.0 23.0 6.4
v 33.0 23.0 12.4
v 33.0 23.5 7.0
v 32.6 24.0 8.0
v 33.0 24.0 7.6
v 33.0 24.0 12.0
v 33.0 24.0 12.0
v 33.0 24.3 8.0
v 33.0 24.5 9.0
v 33.0 24.4 10.0
v 33.0 24.3 11.0
v 33.0 24.0 12.0
v 33.0 -1.0 9.0
v 33.1 -1.0 10.0
v 33.7 0.0 6.0
v 34.0 0.0 5.6
v 34.0 -0.3 6.0
v 34.0 -0.4 7.0
v 33.4 0.0 7.0
v 34.0 -0.5 8.0
v 34.0 -0.5 9.0
v 34.0 -0.4 10.0
v 33.6 0.0 11.0
v 34.0 0.0 10.5
v 33.4 0.0 12.0
v 33.0 0.0 13.0
v 33.8 1.0 3.0
v 34.0 1.0 2.8
v 34.0 0.8 3.0
v 34.0 0.6 4.0
v 33.6 1.0 4.0
v 34.0 0.4 5.0
v 33.5 1.0 5.0
v 34.0 0.4 11.0
v 34.0 0.7 12.0
v 34.0 1.0 12.3
v 33.5 1.0 13.0
v 33.2 1.0 15.0
v 33.3 1.0 16.0
v 33.6 2.0 3.0
v 34.0 2.0 2.6
v 33.5 2.0 4.0
v 33.4 2.0 5.0
v 33.6 2.0 13.0
v 34.0 2.0 12.6
v 33.4 2.0 15.0
v 33.7 2.0 16.0
v 34.0 1.5 17.0
v 34.0 2.0 16.7
v 34.0 2.0 17.2
v 33.8 3.0 2.0
v 34.0 3.0 1.7
v 34.0 2.7 2.0
v 33.5 3.0 3.0
v 33.5 3.0 4.0
v 33.3 3.0 5.0
v 34.0 2.5 13.0
v 33.6 3.0 14.0
v 34.0 3.0 13.5
v 33.7 3.0 15.0
v 34.0 3.0 15.5
v 34.0 2.5 16.0
v 34.0 3.0 17.3
v 33.7 4.0 1.0
v 34.0 4.0 0.7
v 34.0 3.7 1.0
v 33.5 4.0 2.0
v 33.5 4.0 3.0
v 33.3 4.0 4.0
v 34.0 3.4 14.0
v 34.0 3.5 15.0
v 34.0 4.0 17.3
v 34.0 5.0 -1.3
v 34.0 4.7 -1.0
v 34.0 4.4 0.0
v 33.4 5.0 1.0
v 33.5 5.0 2.0
v 33.4 5.0 3.0
v 33.9 5.0 15.0
v 34.0 4.7 15.0
v 34.0 5.0 14.8
v 34.0 5.0 15.3
v 34.0 5.0 17.2
v 33.2 6.0 -2.0
v 34.0 6.0 -2.1
v 34.0 5.9 -2.0
v 33.4 6.0 1.0
v 33.5 6.0 2.0
v 33.3 6.0 3.0
v 33.6 6.0 15.0
v 34.0 6.0 14.4
v 34.0 5.3 16.0
v 33.2 6.0 16.0
v 34.0 5.2 17.0
v 34.0 6.5 -2.0
v 33.1 7.0 -1.0
v 34.0 7.0 -1.9
v 33.4 7.0 1.0
v 33.4 7.0 2.0
v 33.7 7.0 14.0
v 34.0 6.5 14.0
v 34.0 7.0 13.5
v 33.4 7.0 15.0
v 34.0 8.0 -3.2
v 34.0 7.8 -3.0
v 34.0 7.1 -2.0
v 33.2 8.0 1.0
v 33.2 8.0 2.0
v 33.7 8.0 13.0
v 34.0 7.5 13.0
v 34.0 8.0 12.6
v 33.5 8.0 14.0
v 33.3 8.0 15.0
v 33.4 9.0 -3.0
v 34.0 9.0 -3.5
v 33.6 9.0 13.0
v 34.0 9.0 12.5
v 33.5 9.0 14.0
v 33.3 9.0 15.0
v 33.2 10.0 -3.0
v 34.0 10.0 -3.5
v 33.6 10.0 13.0
v 34.0 10.0 12.4
v 33.4 10.0 14.0
v 33.2 10.0 15.0
v 34.0 11.0 -3.6
v 33.7 11.0 12.0
v 34.0 10.5 12.0
v 34.0 11.0 11.7
v 33.4 11.0 13.0
v 34.0 12.0 -3.6
v 33.6 12.0 12.0
v 34.0 12.0 11.4
v 33.3 12.0 13.0
v 34.0 13.0 -3.6
v 33.8 13.0 11.0
v 34.0 12.6 11.0
v 34.0 13.0 10.7
v 33.4 13.0 12.0
v 33.4 14.0 -3.0
v 34.0 14.0 -3.6
v 33.5 14.0 11.0
v 34.0 14.0 10.4
v 33.2 14.0 12.0
v 33.5 15.0 -3.0
v 34.0 15.0 -3.5
v 33.7 15.0 9.0
v 34.0 14.7 9.0
v 34.0 15.0 8.7
v 34.0 14.3 10.0
v 33.5 16.0 -3.0
v 34.0 16.0 -3.5
v 33.5 16.0 9.0
v 34.0 16.0 8.5
v 33.7 17.0 -3.0
v 34.0 17.0 -3.2
v 33.5 17.0 9.0
v 34.0 17.0 8.5
v 34.0 17.2 -3.0
v 34.0 17.7 -2.0
v 33.3 18.0 -1.0
v 34.0 18.0 -1.7
v 33.5 18.0 9.0
v 34.0 18.0 8.6
v 33.6 19.0 -1.0
v 34.0 19.0 -1.3
v 33.6 19.0 9.0
v 34.0 19.0 8.6
v 34.0 19.5 -1.0
v 34.0 20.0 -0.7
v 34.0 19.5 9.0
v 33.2 20.0 10.0
v 34.0 20.0 9.3
v 34.0 21.0 -0.5
v 34.0 21.0 9.4
v 34.0 21.6 0.0
v 34.0 22.0 0.4
v 33.5 22.0 2.0
v 34.0 22.0 2.7
v 34.0 21.9 3.0
v 33.4 22.0 4.0
v 34.0 22.0 3.2
v 33.7 22.0 10.0
v 34.0 22.0 9.7
v 33.5 22.0 11.0
v 33.2 22.0 12.0
v 34.0 22.4 1.0
v 34.0 22.3 2.0
v 34.0 22.5 4.0
v 33.6 23.0 5.0
v 34.0 23.0 4.6
v 33.3 23.0 6.0
v 34.0 22.5 10.0
v 34.0 22.9 11.0
v 34.0 23.0 11.1
v 33.4 23.0 12.0
v 34.0 23.3 5.0
v 34.0 23.6 6.0
v 33.6 24.0 7.0
v 34.0 24.0 6.6
v 33.6 24.0 10.0
v 34.0 23.5 10.0
v 34.0 24.0 9.4
v 33.4 24.0 11.0
v 34.0 23.1 11.0
v 33.0 24.0 12.0
v 34.0 24.3 7.0
v 34.0 24.4 8.0
v 34.0 24.3 9.0
v 34.6 0.0 5.0
v 35.0 0.0 4.6
v 35.0 -0.3 5.0
v 35.0 -0.5 6.0
v 35.0 -0.4 7.0
v 35.0 -0.2 8.0
v 34.6 0.0 9.0
v 35.0 0.0 8.4
v 34.4 0.0 10.0
v 35.0 1.0 2.7
v 35.0 0.7 3.0
v 35.0 0.4 4.0
v 35.0 0.4 9.0
v 35.0 0.9 10.0
v 34.5 1.0 11.0
v 35.0 1.0 10.2
v 34.3 1.0 12.0
v 35.0 2.0 2.4
v 34.9 2.0 10.0
v 35.0 1.5 10.0
v 35.0 2.0 9.9
v 34.5 2.0 11.0
v 34.4 2.0 12.0
v 34.2 2.0 17.0
v 35.0 3.0 1.5
v 35.0 2.5 2.0
v 35.0 2.1 10.0
v 35.0 3.0 10.7
v 34.8 3.0 11.0
v 34.6 3.0 12.0
v 34.3 3.0 13.0
v 34.3 3.0 16.0
v 34.3 3.0 17.0
v 35.0 4.0 0.4
v 35.0 3.5 1.0
v 35.0 3.3 11.0
v 35.0 3.6 12.0
v 35.0 4.0 12.5
v 34.7 4.0 13.0
v 34.4 4.0 14.0
v 34.3 4.0 15.0
v 34.5 4.0 16.0
v 34.3 4.0 17.0
v 34.6 5.0 -1.0
v 35.0 5.0 -0.8
v 35.0 4.4 0.0
v 35.0 4.7 13.0
v 35.0 5.0 13.2
v 34.5 5.0 14.0
v 34.3 5.0 16.0
v 34.2 5.0 17.0
v 34.3 6.0 -2.0
v 35.0 6.0 -1.8
v 35.0 5.2 -1.0
v 34.7 6.0 13.0
v 35.0 5.3 13.0
v 35.0 6.0 12.5
v 34.3 6.0 14.0
v 35.0 7.0 -2.5
v 34.2 7.0 -2.0
v 35.0 6.3 -2.0
v 34.7 7.0 12.0
v 35.0 6.6 12.0
v 35.0 7.0 11.7
v 34.3 7.0 13.0
v 34.8 8.0 -3.0
v 35.0 8.0 -2.9
v 34.5 8.0 12.0
v 35.0 8.0 11.5
v 34.7 9.0 -4.0
v 35.0 9.0 -4.2
v 35.0 8.8 -4.0
v 35.0 8.1 -3.0
v 34.5 9.0 12.0
v 35.0 9.0 11.5
v 34.5 10.0 -4.0
v 35.0 10.0 -4.4
v 34.4 10.0 12.0
v 35.0 10.0 11.4
v 34.5 11.0 -4.0
v 35.0 11.0 -4.4
v 34.6 11.0 11.0
v 35.0 10.5 11.0
v 35.0 11.0 10.6
v 34.5 12.0 -4.0
v 35.0 12.0 -4.6
v 34.4 12.0 11.0
v 35.0 12.0 10.5
v 34.7 13.0 -5.0
v 35.0 13.0 -5.3
v 35.0 12.6 -5.0
v 34.3 13.0 -4.0
v 35.0 13.0 10.3
v 34.3 14.0 -5.0
v 35.0 14.0 -5.3
v 34.3 14.0 -4.0
v 34.4 14.0 10.0
v 35.0 13.4 10.0
v 35.0 14.0 9.4
v 35.0 14.5 -5.0
v 34.5 15.0 -4.0
v 35.0 15.0 -4.6
v 34.7 15.0 8.0
v 35.0 14.7 8.0
v 35.0 15.0 7.7
v 35.0 14.3 9.0
v 34.6 16.0 -4.0
v 35.0 16.0 -4.4
v 34.5 16.0 8.0
v 35.0 16.0 7.5
v 35.0 16.5 -4.0
v 35.0 17.0 -3.6
v 34.6 17.0 8.0
v 35.0 17.0 7.6
v 35.0 17.6 -3.0
v 34.4 18.0 -2.0
v 35.0 18.0 -2.5
v 35.0 17.7 8.0
v 35.0 18.0 8.1
v 35.0 18.6 -2.0
v 35.0 19.0 -1.7
v 34.6 19.0 8.0
v 35.0 18.3 8.0
v 35.0 19.0 7.6
v 34.4 20.0 -1.0
v 35.0 20.0 -1.4
v 34.7 20.0 8.0
v 35.0 20.0 7.7
v 34.3 20.0 9.0
v 34.7 21.0 -1.0
v 35.0 21.0 -1.2
v 35.0 20.5 8.0
v 35.0 21.0 8.4
v 34.5 21.0 9.0
v 35.0 21.3 -1.0
v 34.5 22.0 0.0
v 35.0 22.0 -0.3
v 34.2 22.0 3.0
v 34.6 22.0 9.0
v 35.0 22.0 8.6
v 35.0 22.3 0.0
v 35.0 22.5 1.0
v 35.0 22.5 2.0
v 35.0 22.6 3.0
v 34.6 23.0 4.0
v 35.0 23.0 3.5
v 35.0 22.7 9.0
v 34.3 23.0 10.0
v 35.0 23.0 9.2
v 34.1 23.0 11.0
v 35.0 23.3 4.0
v 35.0 23.7 5.0
v 34.5 24.0 6.0
v 35.0 24.0 5.5
v 34.6 24.0 8.0
v 35.0 23.7 8.0
v 35.0 24.0 7.6
v 34.3 24.0 9.0
v 35.0 23.2 9.0
v 35.0 24.3 6.0
v 35.0 24.4 7.0
v 36.0 0.0 4.7
v 36.0 -0.2 5.0
v 36.0 -0.3 6.0
v 35.6 0.0 7.0
v 36.0 0.0 6.5
v 35.3 0.0 8.0
v 36.0 1.0 2.7
v 36.0 0.7 3.0
v 36.0 0.4 4.0
v 36.0 0.4 7.0
v 36.0 1.0 7.7
v 35.7 1.0 8.0
v 35.4 1.0 9.0
v 35.1 1.0 10.0
v 36.0 2.0 2.4
v 36.0 1.3 8.0
v 36.0 2.0 8.7
v 35.7 2.0 9.0
v 36.0 3.0 1.4
v 36.0 2.4 2.0
v 36.0 2.2 9.0
v 36.0 2.6 10.0
v 36.0 3.0 10.4
v 35.5 4.0 0.0
v 36.0 4.0 -0.3
v 36.0 3.7 0.0
v 36.0 3.3 1.0
v 35.5 4.0 11.0
v 36.0 4.0 10.5
v 35.3 4.0 12.0
v 35.3 5.0 -1.0
v 36.0 5.0 -1.4
v 36.0 4.6 -1.0
v 35.7 5.0 11.0
v 36.0 5.0 10.6
v 35.5 5.0 12.0
v 35.2 5.0 13.0
v 35.4 6.0 -2.0
v 36.0 6.0 -2.4
v 36.0 5.6 -2.0
v 36.0 5.5 11.0
v 36.0 6.0 11.3
v 35.4 6.0 12.0
v 35.7 7.0 -3.0
v 36.0 7.0 -3.2
v 36.0 6.7 -3.0
v 36.0 7.0 11.3
v 35.1 8.0 -3.0
v 36.0 8.0 -3.5
v 35.6 8.0 11.0
v 36.0 7.4 11.0
v 36.0 8.0 10.7
v 36.0 9.0 -4.3
v 36.0 8.7 -4.0
v 35.5 9.0 11.0
v 36.0 9.0 10.5
v 36.0 10.0 -4.5
v 35.4 10.0 11.0
v 36.0 10.0 10.4
v 36.0 11.0 -4.6
v 35.7 11.0 10.0
v 36.0 10.5 10.0
v 36.0 11.0 9.7
v 35.7 12.0 -5.0
v 36.0 12.0 -5.2
v 36.0 11.8 -5.0
v 35.5 12.0 10.0
v 36.0 12.0 9.6
v 36.0 13.0 -5.5
v 35.3 13.0 10.0
v 36.0 13.0 9.4
v 36.0 14.0 -5.5
v 35.4 14.0 9.0
v 36.0 13.5 9.0
v 36.0 14.0 8.4
v 35.4 15.0 -5.0
v 36.0 15.0 -5.4
v 35.7 15.0 7.0
v 36.0 14.6 7.0
v 36.0 15.0 6.6
v 36.0 14.3 8.0
v 35.7 16.0 -5.0
v 36.0 16.0 -5.3
v 35.5 16.0 7.0
v 36.0 16.0 6.5
v 36.0 16.4 -5.0
v 35.5 17.0 -4.0
v 36.0 17.0 -4.5
v 35.6 17.0 7.0
v 36.0 17.0 6.6
v 36.0 17.4 -4.0
v 35.5 18.0 -3.0
v 36.0 18.0 -3.4
v 36.0 17.7 7.0
v 35.2 18.0 8.0
v 36.0 18.0 7.2
v 36.0 18.4 -3.0
v 35.5 19.0 -2.0
v 36.0 19.0 -2.4
v 35.6 19.0 7.0
v 36.0 18.3 7.0
v 36.0 19.0 6.6
v 36.0 19.4 -2.0
v 36.0 20.0 -1.6
v 35.6 20.0 7.0
v 36.0 20.0 6.6
v 36.0 21.0 -1.4
v 36.0 20.5 7.0
v 35.4 21.0 8.0
v 36.0 21.0 7.3
v 36.0 21.5 -1.0
v 36.0 22.0 -0.4
v 35.6 22.0 8.0
v 36.0 22.0 7.6
v 36.0 22.4 0.0
v 36.0 22.4 1.0
v 36.0 22.6 2.0
v 35.6 23.0 3.0
v 36.0 23.0 2.6
v 36.0 22.8 8.0
v 35.2 23.0 9.0
v 36.0 23.0 8.1
v 36.0 23.3 3.0
v 36.0 23.6 4.0
v 35.6 24.0 5.0
v 36.0 24.0 4.7
v 36.0 23.1 8.0
v 36.0 24.0 7.3
v 36.0 24.2 5.0
v 36.0 24.3 6.0
v 36.0 24.2 7.0
v 36.3 0.0 5.0
v 36.4 0.0 6.0
v 37.0 1.0 2.8
v 37.0 0.8 3.0
v 37.0 0.6 4.0
v 37.0 0.4 5.0
v 37.0 0.4 6.0
v 37.0 0.7 7.0
v 37.0 1.0 7.4
v 37.0 2.0 2.3
v 37.0 1.5 8.0
v 37.0 2.0 8.6
v 36.5 3.0 1.0
v 37.0 3.0 0.6
v 37.0 2.7 1.0
v 37.0 2.3 2.0
v 37.0 2.3 9.0
v 37.0 2.8 10.0
v 37.0 3.0 10.2
v 37.0 4.0 -0.5
v 37.0 3.5 0.0
v 36.7 4.0 10.0
v 37.0 3.4 10.0
v 37.0 4.0 9.7
v 37.0 5.0 -1.6
v 37.0 4.5 -1.0
v 36.5 5.0 10.0
v 37.0 5.0 9.5
v 37.0 6.0 -2.6
v 37.0 5.4 -2.0
v 36.6 6.0 10.0
v 37.0 6.0 9.5
v 36.3 6.0 11.0
v 37.0 7.0 -3.4
v 37.0 6.4 -3.0
v 36.7 7.0 10.0
v 37.0 7.0 9.6
v 36.3 7.0 11.0
v 37.0 8.0 -3.5
v 37.0 7.8 10.0
v 37.0 8.0 10.1
v 36.5 9.0 -4.0
v 37.0 9.0 -3.7
v 36.6 9.0 10.0
v 37.0 8.2 10.0
v 37.0 9.0 9.6
v 37.0 10.0 -4.4
v 37.0 9.4 -4.0
v 36.4 10.0 10.0
v 37.0 10.0 9.5
v 37.0 11.0 -4.5
v 37.0 11.0 9.4
v 36.3 12.0 -5.0
v 37.0 12.0 -4.7
v 37.0 12.0 9.2
v 37.0 13.0 -5.3
v 37.0 12.5 -5.0
v 36.5 13.0 9.0
v 37.0 12.4 9.0
v 37.0 13.0 8.4
v 37.0 14.0 -5.5
v 36.8 14.0 6.0
v 37.0 13.8 6.0
v 37.0 14.0 5.7
v 36.5 14.0 7.0
v 37.0 13.5 7.0
v 36.3 14.0 8.0
v 37.0 13.3 8.0
v 37.0 15.0 -5.5
v 36.5 15.0 6.0
v 37.0 15.0 5.5
v 37.0 16.0 -5.5
v 36.5 16.0 6.0
v 37.0 16.0 5.5
v 36.6 17.0 -5.0
v 37.0 17.0 -5.2
v 36.5 17.0 6.0
v 37.0 17.0 5.5
v 37.0 17.2 -5.0
v 37.0 17.6 -4.0
v 37.0 18.0 -3.5
v 36.6 18.0 6.0
v 37.0 18.0 5.4
v 36.1 18.0 7.0
v 37.0 18.6 -3.0
v 37.0 19.0 -2.6
v 36.9 19.0 5.0
v 37.0 18.8 5.0
v 37.0 19.0 4.9
v 36.4 19.0 6.0
v 37.0 19.6 -2.0
v 37.0 20.0 -1.6
v 37.0 19.2 5.0
v 37.0 20.0 5.4
v 36.5 20.0 6.0
v 37.0 21.0 -1.4
v 36.6 21.0 6.0
v 37.0 21.0 5.6
v 36.3 21.0 7.0
v 37.0 21.5 -1.0
v 37.0 22.0 -0.3
v 36.8 22.0 1.0
v 37.0 21.9 1.0
v 37.0 22.0 0.7
v 37.0 22.0 1.2
v 36.6 22.0 6.0
v 37.0 22.0 5.5
v 36.4 22.0 7.0
v 37.0 22.2 0.0
v 37.0 22.4 2.0
v 37.0 23.0 2.7
v 36.6 23.0 6.0
v 37.0 23.0 5.5
v 36.5 23.0 7.0
v 36.1 23.0 8.0
v 37.0 23.2 3.0
v 37.0 23.5 4.0
v 37.0 24.0 5.0
v 36.4 24.0 6.0
v 37.0 24.0 5.0
v 36.2 24.0 7.0
v 37.0 24.0 5.0
v 37.3 1.0 3.0
v 37.6 1.0 4.0
v 38.0 1.0 4.5
v 38.0 0.7 5.0
v 38.0 0.7 6.0
v 37.5 1.0 7.0
v 38.0 1.0 6.5
v 37.5 2.0 2.0
v 38.0 2.0 1.6
v 38.0 1.7 2.0
v 38.0 1.4 3.0
v 38.0 1.3 4.0
v 38.0 1.3 7.0
v 38.0 1.5 8.0
v 38.0 1.7 9.0
v 37.5 2.0 9.0
v 38.0 2.0 9.3
v 38.0 3.0 0.5
v 38.0 2.5 1.0
v 38.0 2.9 10.0
v 38.0 3.0 10.1
v 38.0 4.0 -0.5
v 38.0 3.5 0.0
v 38.0 3.1 10.0
v 38.0 4.0 9.4
v 37.5 5.0 -2.0
v 38.0 5.0 -2.3
v 38.0 4.7 -2.0
v 38.0 4.4 -1.0
v 37.6 5.0 9.0
v 38.0 4.5 9.0
v 38.0 5.0 8.5
v 37.5 6.0 -3.0
v 38.0 6.0 -3.3
v 38.0 5.7 -3.0
v 37.9 6.0 8.0
v 38.0 5.8 8.0
v 38.0 6.0 7.8
v 37.4 6.0 9.0
v 38.0 7.0 -3.5
v 38.0 6.3 8.0
v 38.0 7.0 8.4
v 37.5 7.0 9.0
v 38.0 8.0 -3.5
v 37.6 8.0 9.0
v 38.0 8.0 8.5
v 37.1 8.0 10.0
v 38.0 9.0 -3.7
v 37.5 9.0 9.0
v 38.0 9.0 8.5
v 38.0 10.0 -4.4
v 38.0 9.4 -4.0
v 37.5 10.0 9.0
v 38.0 10.0 8.4
v 38.0 11.0 -4.5
v 37.7 11.0 8.0
v 38.0 10.5 8.0
v 38.0 11.0 7.6
v 37.4 11.0 9.0
v 38.0 12.0 -4.5
v 37.6 12.0 8.0
v 38.0 12.0 7.4
v 37.2 12.0 9.0
v 37.5 13.0 -5.0
v 38.0 13.0 -4.7
v 37.6 13.0 7.0
v 38.0 12.5 7.0
v 38.0 13.0 6.5
v 37.3 13.0 8.0
v 38.0 14.0 -5.3
v 38.0 13.5 -5.0
v 37.7 14.0 5.0
v 38.0 13.8 5.0
v 38.0 14.0 4.8
v 38.0 13.3 6.0
v 38.0 15.0 -5.4
v 37.5 15.0 5.0
v 38.0 15.0 4.5
v 38.0 16.0 -5.4
v 37.5 16.0 5.0
v 38.0 16.0 4.5
v 38.0 17.0 -5.2
v 37.5 17.0 5.0
v 38.0 17.0 4.5
v 38.0 17.2 -5.0
v 38.0 17.6 -4.0
v 38.0 18.0 -3.6
v 37.4 18.0 5.0
v 38.0 18.0 4.5
v 37.8 19.0 -3.0
v 38.0 19.0 -3.1
v 38.0 19.0 4.4
v 38.0 19.1 -3.0
v 38.0 19.6 -2.0
v 38.0 20.0 -1.6
v 37.5 20.0 5.0
v 38.0 20.0 4.6
v 38.0 21.0 -1.3
v 38.0 20.8 5.0
v 38.0 21.0 5.1
v 38.0 21.3 -1.0
v 38.0 22.0 -0.1
v 38.0 21.7 1.0
v 38.0 22.0 0.3
v 37.6 22.0 2.0
v 38.0 21.7 2.0
v 38.0 22.0 2.5
v 37.6 22.0 5.0
v 38.0 21.2 5.0
v 38.0 22.0 4.5
v 38.0 22.1 0.0
v 37.3 23.0 3.0
v 38.0 22.4 3.0
v 37.5 23.0 4.0
v 38.0 22.4 4.0
v 37.4 23.0 5.0
v 37.0 24.0 5.0
v 38.4 1.0 5.0
v 38.4 1.0 6.0
v 39.0 2.0 1.6
v 39.0 1.7 2.0
v 39.0 1.5 3.0
v 39.0 1.5 4.0
v 39.0 1.4 5.0
v 39.0 1.4 6.0
v 39.0 1.5 7.0
v 39.0 1.6 8.0
v 39.0 1.8 9.0
v 39.0 2.0 9.2
v 39.0 3.0 0.4
v 39.0 2.5 1.0
v 38.1 3.0 10.0
v 39.0 3.0 9.4
v 39.0 4.0 -0.7
v 39.0 3.4 0.0
v 38.5 4.0 9.0
v 39.0 3.6 9.0
v 39.0 4.0 8.6
v 39.0 5.0 -2.5
v 39.0 4.6 -2.0
v 39.0 4.3 -1.0
v 38.5 5.0 8.0
v 39.0 4.6 8.0
v 39.0 5.0 7.5
v 39.0 6.0 -3.4
v 39.0 5.5 -3.0
v 38.7 6.0 7.0
v 39.0 5.6 7.0
v 39.0 6.0 6.6
v 39.0 7.0 -3.5
v 38.6 7.0 7.0
v 39.0 7.0 6.5
v 38.3 7.0 8.0
v 39.0 8.0 -3.7
v 38.6 8.0 7.0
v 39.0 8.0 6.5
v 38.4 8.0 8.0
v 38.5 9.0 -4.0
v 39.0 9.0 -4.3
v 39.0 8.5 -4.0
v 38.6 9.0 7.0
v 39.0 9.0 6.5
v 38.4 9.0 8.0
v 39.0 10.0 -4.5
v 38.6 10.0 7.0
v 39.0 10.0 6.5
v 38.3 10.0 8.0
v 39.0 11.0 -4.5
v 38.5 11.0 7.0
v 39.0 11.0 6.5
v 39.0 12.0 -4.5
v 38.4 12.0 7.0
v 39.0 12.0 6.4
v 39.0 13.0 -4.5
v 38.4 13.0 6.0
v 39.0 12.4 6.0
v 39.0 13.0 5.4
v 38.4 14.0 -5.0
v 39.0 14.0 -4.6
v 39.0 13.4 5.0
v 39.0 14.0 4.4
v 38.5 15.0 -5.0
v 39.0 15.0 -4.6
v 38.6 15.0 4.0
v 39.0 14.5 4.0
v 39.0 15.0 3.7
v 38.5 16.0 -5.0
v 39.0 16.0 -4.6
v 38.5 16.0 4.0
v 39.0 16.0 3.5
v 38.3 17.0 -5.0
v 39.0 17.0 -4.5
v 38.5 17.0 4.0
v 39.0 17.0 3.4
v 39.0 17.5 -4.0
v 39.0 18.0 -3.4
v 38.9 18.0 3.0
v 39.0 17.7 3.0
v 39.0 18.0 2.8
v 38.4 18.0 4.0
v 39.0 18.5 -3.0
v 38.2 19.0 -3.0
v 39.0 19.0 -2.5
v 39.0 18.3 3.0
v 39.0 19.0 3.4
v 38.5 19.0 4.0
v 39.0 19.4 -2.0
v 39.0 20.0 -1.4
v 38.6 20.0 4.0
v 39.0 20.0 3.6
v 39.0 20.5 -1.0
v 38.4 21.0 -1.0
v 39.0 21.0 -0.6
v 39.0 20.7 4.0
v 38.2 21.0 5.0
v 39.0 21.0 4.2
v 38.2 22.0 0.0
v 39.0 21.6 0.0
v 38.7 22.0 1.0
v 39.0 22.0 0.7
v 39.0 22.0 1.3
v 39.0 21.7 2.0
v 38.4 22.0 3.0
v 39.0 21.6 3.0
v 38.4 22.0 4.0
v 39.0 21.2 4.0
v 39.0 22.2 1.0
v 39.5 2.0 2.0
v 40.0 2.0 2.5
v 40.0 1.7 3.0
v 40.0 1.5 4.0
v 40.0 1.5 5.0
v 40.0 1.6 6.0
v 40.0 1.7 7.0
v 39.6 2.0 8.0
v 40.0 2.0 7.5
v 39.3 2.0 9.0
v 39.5 3.0 0.0
v 40.0 3.0 -0.3
v 40.0 2.7 0.0
v 40.0 2.5 1.0
v 40.0 2.3 2.0
v 40.0 2.3 8.0
v 40.0 2.7 9.0
v 40.0 3.0 9.2
v 39.5 4.0 -1.0
v 40.0 4.0 -1.4
v 40.0 3.6 -1.0
v 40.0 3.3 9.0
v 40.0 4.0 8.5
v 40.0 5.0 -2.5
v 40.0 4.5 -2.0
v 39.6 5.0 7.0
v 40.0 4.7 7.0
v 40.0 5.0 6.7
v 40.0 4.4 8.0
v 40.0 6.0 -3.4
v 40.0 5.5 -3.0
v 39.6 6.0 6.0
v 40.0 5.6 6.0
v 40.0 6.0 5.6
v 40.0 7.0 -3.6
v 39.7 7.0 5.0
v 40.0 6.6 5.0
v 40.0 7.0 4.7
v 39.4 7.0 6.0
v 39.5 8.0 -4.0
v 40.0 8.0 -4.3
v 40.0 7.6 -4.0
v 39.7 8.0 5.0
v 40.0 8.0 4.6
v 39.4 8.0 6.0
v 40.0 9.0 -4.5
v 40.0 8.5 5.0
v 40.0 9.0 5.4
v 39.5 9.0 6.0
v 40.0 10.0 -4.5
v 39.5 10.0 6.0
v 40.0 10.0 5.5
v 40.0 11.0 -4.5
v 39.5 11.0 6.0
v 40.0 11.0 5.5
v 40.0 12.0 -4.5
v 39.4 12.0 6.0
v 40.0 12.0 5.3
v 40.0 13.0 -4.4
v 39.8 13.0 4.0
v 40.0 12.8 4.0
v 40.0 13.0 3.7
v 39.4 13.0 5.0
v 40.0 12.3 5.0
v 40.0 14.0 -4.4
v 39.4 14.0 4.0
v 40.0 14.0 3.5
v 40.0 15.0 -4.5
v 40.0 15.0 3.2
v 40.0 16.0 -4.5
v 39.8 16.0 2.0
v 40.0 15.7 2.0
v 40.0 16.0 1.7
v 39.5 16.0 3.0
v 40.0 15.3 3.0
v 40.0 17.0 -4.4
v 39.6 17.0 2.0
v 40.0 17.0 1.5
v 39.3 17.0 3.0
v 40.0 17.4 -4.0
v 39.7 18.0 -3.0
v 40.0 17.9 -3.0
v 40.0 18.0 -2.8
v 39.7 18.0 2.0
v 40.0 18.0 1.6
v 39.5 19.0 -2.0
v 40.0 18.7 -2.0
v 40.0 19.0 -1.6
v 40.0 18.5 2.0
v 39.4 19.0 3.0
v 40.0 19.0 2.4
v 39.6 20.0 -1.0
v 40.0 19.7 -1.0
v 40.0 20.0 -0.7
v 39.6 20.0 3.0
v 40.0 20.0 2.6
v 40.0 21.0 -0.4
v 40.0 20.7 3.0
v 39.2 21.0 4.0
v 40.0 21.0 3.2
v 40.0 21.5 0.0
v 40.0 22.0 0.7
v 39.6 22.0 2.0
v 40.0 22.0 2.3
v 40.0 21.2 3.0
v 40.0 22.2 1.0
v 40.0 22.2 2.0
v 40.5 2.0 3.0
v 41.0 2.0 3.5
v 41.0 1.7 4.0
v 41.0 1.7 5.0
v 40.6 2.0 6.0
v 41.0 2.0 5.5
v 40.4 2.0 7.0
v 41.0 3.0 -0.5
v 41.0 2.6 0.0
v 41.0 2.5 1.0
v 41.0 2.5 2.0
v 41.0 2.3 3.0
v 41.0 2.3 6.0
v 41.0 2.4 7.0
v 41.0 2.5 8.0
v 41.0 3.0 9.0
v 41.0 3.0 9.0
v 41.0 4.0 -1.6
v 41.0 3.5 -1.0
v 41.0 3.0 9.0
v 41.0 4.0 8.3
v 41.0 5.0 -2.5
v 41.0 4.4 -2.0
v 41.0 4.6 7.0
v 41.0 5.0 6.5
v 41.0 4.3 8.0
v 41.0 6.0 -3.4
v 41.0 5.5 -3.0
v 40.6 6.0 5.0
v 41.0 5.7 5.0
v 41.0 6.0 4.7
v 41.0 5.4 6.0
v 41.0 7.0 -3.6
v 40.6 7.0 4.0
v 41.0 6.6 4.0
v 41.0 7.0 3.6
v 41.0 8.0 -4.4
v 41.0 7.5 -4.0
v 40.7 8.0 3.0
v 41.0 7.6 3.0
v 41.0 8.0 2.7
v 40.4 8.0 4.0
v 41.0 9.0 -4.5
v 40.6 9.0 3.0
v 41.0 9.0 2.5
v 40.5 9.0 4.0
v 40.3 9.0 5.0
v 41.0 10.0 -4.5
v 40.7 10.0 3.0
v 41.0 10.0 2.7
v 40.6 10.0 4.0
v 40.4 10.0 5.0
v 41.0 11.0 -4.5
v 41.0 10.4 3.0
v 41.0 10.7 4.0
v 41.0 11.0 4.3
v 40.5 11.0 5.0
v 41.0 12.0 -4.4
v 40.3 12.0 5.0
v 41.0 12.0 4.3
v 41.0 12.7 -4.0
v 40.7 13.0 -4.0
v 41.0 13.0 -3.8
v 40.7 13.0 3.0
v 41.0 12.6 3.0
v 41.0 13.0 2.6
v 41.0 12.2 4.0
v 40.7 14.0 -4.0
v 41.0 14.0 -3.8
v 40.5 14.0 3.0
v 41.0 14.0 2.4
v 41.0 15.0 -4.4
v 41.0 14.3 -4.0
v 40.6 15.0 2.0
v 41.0 14.5 2.0
v 41.0 15.0 1.5
v 40.2 15.0 3.0
v 41.0 16.0 -4.5
v 40.6 16.0 1.0
v 41.0 15.6 1.0
v 41.0 16.0 0.6
v 41.0 17.0 -4.4
v 40.5 17.0 1.0
v 41.0 17.0 0.5
v 41.0 17.4 -4.0
v 40.3 18.0 -3.0
v 41.0 18.0 -3.4
v 40.6 18.0 1.0
v 41.0 18.0 0.6
v 41.0 18.3 -3.0
v 41.0 18.7 -2.0
v 41.0 19.0 -1.6
v 41.0 18.5 1.0
v 40.4 19.0 2.0
v 41.0 19.0 1.3
v 41.0 19.6 -1.0
v 41.0 20.0 -0.7
v 40.6 20.0 2.0
v 41.0 20.0 1.6
v 41.0 21.0 -0.3
v 41.0 20.6 2.0
v 40.2 21.0 3.0
v 41.0 21.0 2.3
v 41.0 21.3 0.0
v 40.4 22.0 1.0
v 41.0 21.6 1.0
v 41.0 22.0 2.0
v 41.0 22.0 2.0
v 41.0 22.0 2.0
v 41.4 2.0 4.0
v 41.4 2.0 5.0
v 42.0 3.0 -0.4
v 42.0 2.7 0.0
v 42.0 2.5 1.0
v 42.0 2.5 2.0
v 42.0 2.5 3.0
v 42.0 2.4 4.0
v 42.0 2.4 5.0
v 42.0 2.5 6.0
v 42.0 2.4 7.0
v 42.0 2.7 8.0
v 41.0 3.0 9.0
v 42.0 3.0 8.3
v 41.8 4.0 -2.0
v 42.0 4.0 -2.1
v 42.0 3.9 -2.0
v 42.0 3.4 -1.0
v 41.4 4.0 8.0
v 42.0 3.4 8.0
v 42.0 4.0 7.5
v 42.0 5.0 -2.6
v 42.0 4.4 7.0
v 42.0 5.0 6.3
v 42.0 6.0 -3.4
v 42.0 5.5 -3.0
v 42.0 5.6 5.0
v 42.0 6.0 4.4
v 42.0 5.3 6.0
v 42.0 7.0 -3.6
v 41.8 7.0 3.0
v 42.0 6.8 3.0
v 42.0 7.0 2.8
v 42.0 6.3 4.0
v 42.0 8.0 -4.3
v 42.0 7.6 -4.0
v 41.9 8.0 2.0
v 42.0 7.9 2.0
v 42.0 8.0 1.9
v 42.0 9.0 -4.5
v 41.5 9.0 2.0
v 42.0 9.0 1.4
v 42.0 10.0 -4.5
v 41.8 10.0 1.0
v 42.0 9.6 1.0
v 42.0 10.0 0.8
v 41.4 10.0 2.0
v 42.0 11.0 -4.5
v 41.8 11.0 1.0
v 42.0 11.0 0.8
v 41.5 11.0 2.0
v 41.4 11.0 3.0
v 41.2 11.0 4.0
v 42.0 12.0 -4.4
v 42.0 11.4 1.0
v 42.0 12.0 1.4
v 41.6 12.0 2.0
v 41.4 12.0 3.0
v 41.2 12.0 4.0
v 42.0 12.6 -4.0
v 42.0 13.0 -3.7
v 41.5 13.0 2.0
v 42.0 13.0 1.5
v 42.0 14.0 -3.6
v 41.4 14.0 2.0
v 42.0 14.0 1.3
v 42.0 15.0 -4.4
v 42.0 14.5 -4.0
v 41.5 15.0 1.0
v 42.0 14.4 1.0
v 42.0 15.0 0.5
v 42.0 16.0 -4.6
v 41.7 16.0 0.0
v 42.0 15.6 0.0
v 42.0 16.0 -0.3
v 42.0 17.0 -4.4
v 41.5 17.0 0.0
v 42.0 17.0 -0.5
v 42.0 17.5 -4.0
v 42.0 18.0 -3.5
v 41.5 18.0 0.0
v 42.0 18.0 -0.5
v 42.0 18.6 -3.0
v 41.5 19.0 -2.0
v 42.0 19.0 -2.5
v 41.7 19.0 0.0
v 42.0 19.0 -0.4
v 41.3 19.0 1.0
v 42.0 19.4 -2.0
v 41.6 20.0 -1.0
v 42.0 20.0 -1.3
v 42.0 19.6 0.0
v 42.0 20.0 0.3
v 41.5 20.0 1.0
v 42.0 20.4 -1.0
v 42.0 21.0 -0.1
v 41.5 21.0 1.0
v 42.0 21.0 0.1
v 41.2 21.0 2.0
v 42.0 21.1 0.0
v 41.0 22.0 2.0
v 42.7 2.0 7.0
v 43.0 2.0 6.5
v 43.0 1.8 7.0
v 43.0 1.9 8.0
v 42.9 2.0 8.0
v 43.0 2.0 8.1
v 42.5 3.0 0.0
v 43.0 3.0 0.5
v 43.0 2.7 1.0
v 43.0 2.6 2.0
v 43.0 2.5 3.0
v 43.0 2.5 4.0
v 43.0 2.4 5.0
v 43.0 2.3 6.0
v 43.0 3.0 8.3
v 42.2 4.0 -2.0
v 43.0 4.0 -1.5
v 43.0 3.7 -1.0
v 43.0 3.3 0.0
v 42.5 4.0 7.0
v 43.0 3.7 7.0
v 43.0 4.0 6.6
v 43.0 3.3 8.0
v 43.0 5.0 -2.5
v 43.0 4.4 -2.0
v 42.4 5.0 6.0
v 43.0 4.5 6.0
v 43.0 5.0 5.4
v 43.0 6.0 -3.3
v 43.0 5.6 -3.0
v 42.5 6.0 4.0
v 43.0 5.7 4.0
v 43.0 6.0 3.7
v 43.0 5.3 5.0
v 43.0 7.0 -3.5
v 42.5 7.0 3.0
v 43.0 7.0 3.2
v 42.5 8.0 -4.0
v 43.0 8.0 -3.7
v 42.4 8.0 2.0
v 43.0 8.0 2.2
v 43.0 7.2 3.0
v 43.0 9.0 -4.4
v 43.0 8.4 -4.0
v 42.6 9.0 1.0
v 43.0 8.7 1.0
v 43.0 9.0 0.7
v 43.0 8.2 2.0
v 43.0 10.0 -4.6
v 43.0 10.0 0.4
v 43.0 11.0 -4.6
v 43.0 11.0 0.4
v 43.0 12.0 -4.5
v 42.4 12.0 1.0
v 43.0 12.0 0.5
v 42.5 13.0 -4.0
v 43.0 13.0 -4.3
v 42.5 13.0 1.0
v 43.0 13.0 0.4
v 43.0 13.5 -4.0
v 43.0 14.0 -3.8
v 42.7 14.0 0.0
v 43.0 13.6 0.0
v 43.0 14.0 -0.3
v 42.3 14.0 1.0
v 43.0 15.0 -4.5
v 43.0 14.3 -4.0
v 42.4 15.0 0.0
v 43.0 15.0 -0.5
v 43.0 16.0 -5.0
v 43.0 16.0 -0.7
v 43.0 17.0 -4.6
v 42.6 17.0 -1.0
v 43.0 16.5 -1.0
v 43.0 17.0 -1.4
v 43.0 17.7 -4.0
v 43.0 18.0 -3.7
v 42.5 18.0 -1.0
v 43.0 18.0 -1.5
v 42.5 19.0 -3.0
v 43.0 19.0 -3.3
v 42.5 19.0 -1.0
v 43.0 19.0 -1.6
v 43.0 19.7 -3.0
v 43.0 19.4 -2.0
v 43.0 20.0 -1.0
v 43.0 20.0 -1.0
v 42.3 20.0 0.0
v 43.0 20.0 -1.0
v 43.0 20.1 -1.0
v 42.1 21.0 0.0
v 44.0 2.0 5.0
v 44.0 2.0 5.0
v 44.0 2.0 5.0
v 44.0 1.8 6.0
v 43.6 2.0 6.0
v 44.0 1.8 7.0
v 43.1 2.0 8.0
v 44.0 2.0 7.3
v 43.5 3.0 1.0
v 43.9 3.0 2.0
v 44.0 3.0 2.1
v 44.0 2.5 3.0
v 44.0 2.4 4.0
v 44.0 2.9 8.0
v 44.0 3.0 8.0
v 43.7 4.0 -1.0
v 44.0 4.0 -0.8
v 44.0 3.5 0.0
v 44.0 3.3 1.0
v 44.0 3.1 2.0
v 43.5 4.0 6.0
v 44.0 3.6 6.0
v 44.0 4.0 5.5
v 44.0 3.4 7.0
v 44.0 3.0 8.0
v 44.0 5.0 -2.4
v 44.0 4.6 -2.0
v 44.0 4.2 -1.0
v 43.4 5.0 5.0
v 44.0 4.5 5.0
v 44.0 5.0 4.5
v 43.5 6.0 -3.0
v 44.0 6.0 -2.7
v 44.0 5.4 4.0
v 44.0 6.0 3.5
v 44.0 7.0 -3.3
v 44.0 6.6 -3.0
v 43.3 7.0 3.0
v 44.0 6.6 3.0
v 44.0 7.0 2.5
v 44.0 8.0 -3.6
v 43.2 8.0 2.0
v 44.0 7.5 2.0
v 44.0 8.0 1.4
v 44.0 9.0 -4.6
v 44.0 8.3 -4.0
v 43.7 9.0 0.0
v 44.0 8.6 0.0
v 44.0 9.0 -0.4
v 44.0 8.3 1.0
v 43.6 10.0 -5.0
v 44.0 10.0 -5.3
v 44.0 9.5 -5.0
v 43.5 10.0 0.0
v 44.0 10.0 -0.5
v 43.7 11.0 -5.0
v 44.0 11.0 -5.2
v 43.5 11.0 0.0
v 44.0 11.0 -0.5
v 44.0 11.3 -5.0
v 44.0 12.0 -4.6
v 43.5 12.0 0.0
v 44.0 12.0 -0.5
v 44.0 13.0 -4.4
v 43.4 13.0 0.0
v 44.0 13.0 -0.5
v 44.0 13.6 -4.0
v 44.0 14.0 -3.8
v 44.0 14.0 -0.7
v 44.0 15.0 -4.4
v 44.0 14.3 -4.0
v 43.6 15.0 -1.0
v 44.0 14.5 -1.0
v 44.0 15.0 -1.4
v 44.0 16.0 -4.8
v 43.3 16.0 -1.0
v 44.0 16.0 -1.6
v 43.8 17.0 -5.0
v 44.0 17.0 -5.1
v 44.0 16.6 -5.0
v 43.7 17.0 -2.0
v 44.0 16.5 -2.0
v 44.0 17.0 -2.3
v 44.0 17.2 -5.0
v 43.5 18.0 -4.0
v 44.0 18.0 -4.3
v 43.5 18.0 -2.0
v 44.0 18.0 -2.5
v 44.0 18.3 -4.0
v 44.0 19.0 -3.1
v 43.3 19.0 -2.0
v 44.0 19.0 -2.9
v 44.0 19.1 -3.0
v 43.0 20.0 -1.0
v 44.0 2.0 5.0
v 44.2 2.0 6.0
v 44.3 2.0 7.0
v 44.6 3.0 1.0
v 45.0 3.0 0.7
v 45.0 2.8 1.0
v 45.0 2.7 2.0
v 44.2 3.0 2.0
v 45.0 2.2 3.0
v 45.0 2.7 4.0
v 44.5 3.0 5.0
v 45.0 3.0 4.3
v 44.4 3.0 6.0
v 44.8 3.0 7.0
v 44.1 3.0 8.0
v 44.4 4.0 -1.0
v 45.0 4.0 -1.3
v 45.0 3.8 -1.0
v 45.0 3.6 0.0
v 44.4 4.0 5.0
v 45.0 4.0 4.3
v 45.0 5.0 -2.3
v 45.0 4.6 -2.0
v 44.5 5.0 4.0
v 45.0 4.4 4.0
v 45.0 5.0 3.6
v 45.0 6.0 -2.3
v 45.0 6.0 3.2
v 44.3 7.0 -3.0
v 45.0 6.3 -2.0
v 44.6 7.0 -2.0
v 44.6 7.0 -1.0
v 45.0 6.5 -1.0
v 44.6 7.0 0.0
v 45.0 6.5 0.0
v 44.6 7.0 1.0
v 45.0 6.4 1.0
v 44.4 7.0 2.0
v 45.0 6.4 2.0
v 45.0 6.2 3.0
v 44.8 8.0 -5.0
v 45.0 8.0 -5.2
v 45.0 7.8 -5.0
v 45.0 7.8 -4.0
v 44.6 8.0 -4.0
v 45.0 8.0 -3.6
v 44.6 8.0 -3.0
v 44.5 8.0 -2.0
v 44.5 8.0 -1.0
v 44.4 8.0 0.0
v 44.2 8.0 1.0
v 44.5 9.0 -5.0
v 45.0 9.0 -5.3
v 45.0 8.5 -3.0
v 45.0 9.0 -2.6
v 44.6 9.0 -2.0
v 44.4 9.0 -1.0
v 45.0 10.0 -5.3
v 44.6 10.0 -2.0
v 45.0 10.0 -2.5
v 44.4 10.0 -1.0
v 45.0 11.0 -5.2
v 44.6 11.0 -2.0
v 45.0 11.0 -2.6
v 44.4 11.0 -1.0
v 45.0 11.3 -5.0
v 45.0 12.0 -4.3
v 44.7 12.0 -3.0
v 45.0 11.5 -3.0
v 45.0 12.0 -3.5
v 44.6 12.0 -2.0
v 44.4 12.0 -1.0
v 45.0 13.0 -4.0
v 44.9 13.0 -3.0
v 45.0 13.0 -3.8
v 45.0 13.0 -2.5
v 45.0 12.8 -2.0
v 45.0 13.0 -1.8
v 44.5 13.0 -1.0
v 45.0 13.1 -4.0
v 45.0 13.2 -3.0
v 45.0 14.0 -3.6
v 44.3 14.0 -1.0
v 45.0 14.0 -1.7
v 45.0 15.0 -4.3
v 45.0 14.5 -4.0
v 44.7 15.0 -2.0
v 45.0 14.5 -2.0
v 45.0 15.0 -2.3
v 44.6 16.0 -5.0
v 45.0 16.0 -5.1
v 45.0 15.8 -5.0
v 44.4 16.0 -2.0
v 45.0 16.0 -2.5
v 45.0 17.0 -5.3
v 45.0 17.0 -2.7
v 45.0 17.4 -5.0
v 45.0 18.0 -4.1
v 44.5 18.0 -3.0
v 45.0 17.4 -3.0
v 45.0 18.0 -3.9
v 45.0 18.1 -4.0
v 44.1 19.0 -3.0
v 45.9 3.0 1.0
v 45.3 3.0 2.0
v 45.4 3.0 3.0
v 45.2 3.0 4.0
v 46.0 4.0 -1.0
v 46.0 4.0 -1.0
v 45.4 4.0 0.0
v 46.0 4.0 -1.0
v 45.5 4.0 1.0
v 45.5 4.0 2.0
v 45.5 4.0 3.0
v 45.3 4.0 4.0
v 46.0 5.0 -2.0
v 46.0 5.0 -2.0
v 45.5 5.0 0.0
v 46.0 5.0 -0.7
v 45.1 5.0 1.0
v 45.4 5.0 2.0
v 45.4 5.0 3.0
v 46.0 5.0 -2.0
v 45.3 6.0 -2.0
v 45.5 6.0 -1.0
v 46.0 5.3 -1.0
v 45.4 6.0 0.0
v 45.3 6.0 1.0
v 45.3 6.0 2.0
v 45.2 6.0 3.0
v 46.0 8.0 -5.1
v 46.0 7.9 -5.0
v 46.0 8.0 -4.0
v 46.0 8.0 -4.0
v 46.0 9.0 -5.1
v 45.6 9.0 -4.0
v 46.0 8.0 -4.0
v 46.0 9.0 -4.9
v 45.3 9.0 -3.0
v 46.0 9.1 -5.0
v 45.4 10.0 -5.0
v 45.5 10.0 -4.0
v 45.4 10.0 -3.0
v 45.2 11.0 -5.0
v 45.5 11.0 -4.0
v 45.3 11.0 -3.0
v 45.2 12.0 -4.0
v 45.0 13.0 -4.0
v 45.1 13.0 -2.0
v 46.0 14.0 -3.0
v 45.3 14.0 -2.0
v 45.4 15.0 -4.0
v 46.0 15.0 -3.1
v 46.0 14.3 -3.0
v 46.0 15.0 -2.9
v 45.2 16.0 -5.0
v 46.0 16.0 -4.0
v 46.0 15.1 -3.0
v 45.5 16.0 -3.0
v 45.8 17.0 -5.0
v 45.6 17.0 -4.0
v 45.3 17.0 -3.0
v 45.1 18.0 -4.0
v 46.0 4.0 -1.0
v 46.0 5.0 -2.0
v 46.2 5.0 -1.0
v 46.1 8.0 -5.0
v 46.0 8.0 -4.0
v 46.1 9.0 -5.0
v 46.1 15.0 -3.0
f 3 2 1
f 5 4 1
f 1 4 3
f 7 6 5
f 5 6 4
f 7 8 6
f 11 10 9
f 11 9 2
f 9 1 2
f 9 12 1
f 1 13 5
f 1 12 13
f 5 14 7
f 5 13 14
f 8 7 15
f 15 7 14
f 9 10 16
f 16 10 17
f 9 18 12
f 9 16 18
f 12 19 13
f 12 18 19
f 21 14 20
f 14 19 20
f 14 13 19
f 14 21 15
f 16 17 22
f 22 17 23
f 16 24 18
f 16 22 24
f 18 25 19
f 18 24 25
f 20 19 26
f 26 19 25
f 23 27 22
f 29 28 27
f 28 22 27
f 28 24 22
f 24 30 25
f 24 28 30
f 26 25 31
f 25 32 31
f 25 30 32
f 32 33 31
f 36 35 34
f 36 34 29
f 34 28 29
f 34 37 28
f 28 38 30
f 28 37 38
f 30 39 32
f 30 38 39
f 33 32 40
f 40 32 39
f 34 35 41
f 41 35 42
f 34 43 37
f 34 41 43
f 37 44 38
f 37 43 44
f 38 45 39
f 38 44 45
f 40 39 46
f 46 39 45
f 41 42 47
f 47 42 48
f 41 49 43
f 41 47 49
f 43 50 44
f 43 49 50
f 44 51 45
f 44 50 51
f 46 45 52
f 52 45 51
f 48 53 47
f 55 54 53
f 54 47 53
f 54 49 47
f 49 56 50
f 49 54 56
f 58 51 57
f 51 56 57
f 51 50 56
f 51 58 52
f 55 59 54
f 54 59 56
f 56 59 60
f 56 60 57
f 63 62 61
f 65 64 61
f 61 64 63
f 67 66 65
f 65 66 64
f 67 68 66
f 71 70 69
f 73 72 69
f 69 72 71
f 72 73 62
f 73 61 62
f 73 74 61
f 61 75 65
f 61 74 75
f 65 76 67
f 65 75 76
f 68 67 77
f 67 78 77
f 67 76 78
f 78 79 77
f 82 81 80
f 82 80 70
f 80 69 70
f 80 83 69
f 69 84 73
f 69 83 84
f 73 85 74
f 73 84 85
f 74 86 75
f 74 85 86
f 75 87 76
f 75 86 87
f 76 88 78
f 76 87 88
f 79 78 89
f 78 90 89
f 78 88 90
f 90 91 89
f 80 81 92
f 92 81 93
f 80 94 83
f 80 92 94
f 83 95 84
f 83 94 95
f 95 2 3
f 85 95 3
f 84 95 85
f 85 3 4
f 85 4 86
f 86 4 6
f 86 6 87
f 87 6 8
f 96 87 8
f 88 87 96
f 88 97 90
f 88 96 97
f 91 90 98
f 98 90 97
f 101 100 99
f 101 99 93
f 99 92 93
f 99 102 92
f 92 103 94
f 92 102 103
f 103 10 11
f 95 103 11
f 94 103 95
f 95 11 2
f 15 104 96
f 15 96 8
f 96 105 97
f 96 104 105
f 98 97 106
f 106 97 105
f 100 107 99
f 109 108 107
f 108 99 107
f 108 102 99
f 102 110 103
f 102 108 110
f 110 17 10
f 110 10 103
f 20 111 21
f 104 15 21
f 111 104 21
f 112 104 111
f 104 113 105
f 104 112 113
f 106 105 114
f 114 105 113
f 108 109 115
f 115 109 116
f 108 117 110
f 108 115 117
f 117 23 17
f 117 17 110
f 26 118 111
f 26 111 20
f 111 119 112
f 111 118 119
f 112 120 113
f 112 119 120
f 114 113 121
f 121 113 120
f 115 116 122
f 122 116 123
f 115 124 117
f 115 122 124
f 125 27 23
f 117 125 23
f 124 125 117
f 125 29 27
f 31 118 26
f 118 31 33
f 126 118 33
f 119 118 126
f 119 127 120
f 119 126 127
f 121 120 128
f 128 120 127
f 122 123 129
f 129 123 130
f 132 124 131
f 124 129 131
f 124 122 129
f 134 133 132
f 35 132 133
f 132 35 124
f 36 124 35
f 124 36 125
f 36 29 125
f 133 134 135
f 40 136 126
f 40 126 33
f 126 137 127
f 126 136 137
f 128 127 138
f 127 139 138
f 127 137 139
f 139 140 138
f 143 142 141
f 145 144 141
f 141 144 143
f 145 146 144
f 130 147 129
f 129 147 131
f 148 42 133
f 133 42 35
f 133 135 149
f 133 149 148
f 46 150 136
f 46 136 40
f 136 151 137
f 136 150 151
f 153 139 152
f 139 151 152
f 139 137 151
f 139 153 140
f 142 154 141
f 156 155 154
f 155 141 154
f 155 145 141
f 146 145 157
f 157 145 155
f 158 48 148
f 148 48 42
f 148 149 159
f 148 159 158
f 52 160 150
f 52 150 46
f 150 161 151
f 150 160 161
f 152 151 162
f 162 151 161
f 156 163 155
f 155 163 157
f 158 53 48
f 165 164 55
f 165 55 53
f 159 165 53
f 158 159 53
f 167 166 164
f 167 164 165
f 58 57 166
f 167 58 166
f 168 58 167
f 52 58 160
f 58 169 160
f 58 168 169
f 160 169 161
f 161 169 170
f 161 170 162
f 164 59 55
f 59 164 60
f 60 164 166
f 60 166 57
f 173 172 171
f 175 174 171
f 171 174 173
f 175 176 174
f 179 178 177
f 179 177 172
f 177 171 172
f 177 180 171
f 171 181 175
f 171 180 181
f 176 175 182
f 175 183 182
f 175 181 183
f 183 184 182
f 177 178 185
f 185 178 186
f 177 187 180
f 177 185 187
f 180 188 181
f 180 187 188
f 181 189 183
f 181 188 189
f 184 183 190
f 190 183 189
f 193 192 191
f 193 191 186
f 191 185 186
f 191 194 185
f 185 195 187
f 185 194 195
f 187 196 188
f 187 195 196
f 188 197 189
f 188 196 197
f 190 189 198
f 198 189 197
f 201 200 199
f 201 199 192
f 199 191 192
f 199 202 191
f 191 203 194
f 191 202 203
f 194 204 195
f 194 203 204
f 195 205 196
f 195 204 205
f 196 206 197
f 196 205 206
f 198 197 207
f 207 197 206
f 210 209 208
f 210 208 200
f 208 199 200
f 208 211 199
f 199 212 202
f 199 211 212
f 212 62 63
f 203 212 63
f 202 212 203
f 203 63 64
f 203 64 204
f 204 64 66
f 204 66 205
f 205 66 68
f 213 205 68
f 206 205 213
f 207 206 214
f 206 215 214
f 206 213 215
f 215 216 214
f 219 218 217
f 219 217 209
f 217 208 209
f 217 220 208
f 220 70 71
f 211 220 71
f 208 220 211
f 211 71 72
f 211 72 212
f 212 72 62
f 77 213 68
f 213 77 79
f 221 213 79
f 215 213 221
f 216 215 222
f 222 215 221
f 225 224 223
f 225 223 218
f 223 217 218
f 223 226 217
f 226 81 82
f 220 226 82
f 217 226 220
f 220 82 70
f 89 221 79
f 89 91 221
f 91 222 221
f 91 227 222
f 223 224 228
f 228 224 229
f 223 230 226
f 223 228 230
f 230 93 81
f 230 81 226
f 98 232 231
f 227 98 231
f 91 98 227
f 232 233 231
f 228 229 234
f 234 229 235
f 234 100 101
f 230 234 101
f 228 234 230
f 230 101 93
f 106 236 232
f 106 232 98
f 233 232 237
f 237 232 236
f 240 239 238
f 240 238 235
f 238 234 235
f 238 241 234
f 242 107 100
f 234 242 100
f 241 242 234
f 242 109 107
f 114 243 236
f 114 236 106
f 237 236 244
f 244 236 243
f 238 239 245
f 245 239 246
f 238 247 241
f 238 245 247
f 241 248 242
f 241 247 248
f 248 116 109
f 248 109 242
f 121 249 243
f 121 243 114
f 244 243 250
f 250 243 249
f 253 252 251
f 251 254 253
f 246 255 245
f 257 256 255
f 256 245 255
f 256 247 245
f 247 258 248
f 247 256 258
f 258 123 116
f 258 116 248
f 128 259 249
f 128 249 121
f 250 249 260
f 260 249 259
f 251 252 261
f 261 252 262
f 254 251 263
f 251 264 263
f 251 261 264
f 266 265 264
f 264 265 263
f 265 266 257
f 266 256 257
f 266 267 256
f 256 268 258
f 256 267 268
f 268 130 123
f 268 123 258
f 131 269 132
f 270 134 132
f 270 132 269
f 270 135 134
f 138 259 128
f 138 140 259
f 140 260 259
f 140 271 260
f 262 272 261
f 273 142 143
f 261 273 143
f 264 261 143
f 272 273 261
f 264 143 144
f 264 144 266
f 266 144 146
f 274 266 146
f 267 266 274
f 276 268 275
f 268 274 275
f 268 267 274
f 268 276 130
f 276 147 130
f 276 277 147
f 147 277 131
f 277 278 131
f 278 269 131
f 278 277 279
f 269 280 270
f 269 278 280
f 280 149 135
f 280 135 270
f 152 281 153
f 281 282 153
f 282 140 153
f 282 271 140
f 154 142 283
f 142 284 283
f 142 273 284
f 283 156 154
f 286 285 274
f 146 286 274
f 157 286 146
f 274 285 275
f 279 287 278
f 289 288 287
f 288 278 287
f 288 280 278
f 288 159 149
f 288 149 280
f 162 290 281
f 162 281 152
f 282 281 291
f 291 281 290
f 284 292 283
f 283 292 156
f 292 163 156
f 292 293 163
f 157 163 286
f 286 163 293
f 289 294 288
f 288 294 159
f 294 165 159
f 294 295 165
f 295 297 296
f 167 295 296
f 165 295 167
f 298 168 167
f 298 167 296
f 168 298 299
f 300 168 299
f 169 168 300
f 300 302 301
f 170 300 301
f 169 300 170
f 301 303 170
f 170 303 162
f 303 304 162
f 304 290 162
f 290 304 291
f 297 305 296
f 296 305 298
f 298 305 306
f 298 306 299
f 302 307 301
f 301 307 303
f 310 309 308
f 312 311 308
f 308 311 310
f 314 313 312
f 312 313 311
f 314 315 313
f 318 317 316
f 318 316 309
f 316 308 309
f 316 319 308
f 308 320 312
f 308 319 320
f 312 321 314
f 312 320 321
f 315 314 322
f 314 323 322
f 314 321 323
f 325 324 323
f 323 324 322
f 325 326 324
f 329 328 327
f 329 327 317
f 327 316 317
f 327 330 316
f 316 331 319
f 316 330 331
f 319 332 320
f 319 331 332
f 320 333 321
f 320 332 333
f 321 334 323
f 321 333 334
f 323 335 325
f 323 334 335
f 326 325 336
f 336 325 335
f 327 328 337
f 337 328 338
f 327 339 330
f 327 337 339
f 339 172 173
f 331 339 173
f 330 339 331
f 331 173 174
f 331 174 332
f 332 174 176
f 340 332 176
f 333 332 340
f 333 341 334
f 333 340 341
f 334 342 335
f 334 341 342
f 336 335 343
f 343 335 342
f 346 345 344
f 346 344 338
f 344 337 338
f 344 347 337
f 347 178 179
f 339 347 179
f 337 347 339
f 339 179 172
f 182 340 176
f 340 182 184
f 348 340 184
f 341 340 348
f 341 349 342
f 341 348 349
f 343 342 350
f 350 342 349
f 344 345 351
f 351 345 352
f 344 353 347
f 344 351 353
f 353 186 178
f 353 178 347
f 190 354 348
f 190 348 184
f 348 355 349
f 348 354 355
f 350 349 356
f 356 349 355
f 359 358 357
f 359 357 352
f 357 351 352
f 357 360 351
f 360 192 193
f 353 360 193
f 351 360 353
f 353 193 186
f 198 361 354
f 198 354 190
f 354 362 355
f 354 361 362
f 356 355 363
f 363 355 362
f 366 365 364
f 366 364 358
f 364 357 358
f 364 367 357
f 367 200 201
f 360 367 201
f 357 367 360
f 360 201 192
f 207 368 361
f 207 361 198
f 370 362 369
f 362 368 369
f 362 361 368
f 362 370 363
f 373 372 371
f 373 371 365
f 371 364 365
f 371 374 364
f 374 209 210
f 367 374 210
f 364 374 367
f 367 210 200
f 214 368 207
f 376 375 216
f 216 375 214
f 375 369 214
f 369 368 214
f 376 377 375
f 380 379 378
f 380 378 372
f 378 371 372
f 378 381 371
f 381 218 219
f 374 381 219
f 371 381 374
f 374 219 209
f 222 382 376
f 222 376 216
f 377 376 383
f 383 376 382
f 386 385 384
f 384 387 386
f 378 379 388
f 388 379 389
f 388 224 225
f 381 388 225
f 378 388 381
f 381 225 218
f 227 390 382
f 227 382 222
f 383 382 391
f 391 382 390
f 394 393 392
f 394 392 385
f 392 384 385
f 392 395 384
f 387 384 396
f 384 397 396
f 384 395 397
f 396 397 389
f 397 388 389
f 397 398 388
f 398 229 224
f 398 224 388
f 231 390 227
f 231 233 390
f 233 391 390
f 233 399 391
f 392 393 400
f 400 393 401
f 403 395 402
f 395 400 402
f 395 392 400
f 405 404 403
f 404 395 403
f 404 397 395
f 397 406 398
f 397 404 406
f 406 235 229
f 406 229 398
f 237 399 233
f 237 407 399
f 400 401 408
f 408 401 409
f 402 400 410
f 410 400 408
f 404 405 411
f 411 405 412
f 411 239 240
f 406 411 240
f 404 411 406
f 406 240 235
f 244 407 237
f 244 413 407
f 408 409 414
f 414 409 415
f 410 408 416
f 408 417 416
f 408 414 417
f 416 417 412
f 417 411 412
f 417 418 411
f 418 246 239
f 418 239 411
f 421 420 419
f 423 422 419
f 423 419 420
f 423 413 422
f 413 250 422
f 413 244 250
f 414 415 424
f 424 415 425
f 424 252 253
f 417 424 253
f 414 424 417
f 417 253 254
f 426 417 254
f 418 417 426
f 427 255 246
f 418 427 246
f 426 427 418
f 427 257 255
f 430 429 428
f 428 429 421
f 419 428 421
f 431 428 419
f 432 419 422
f 431 419 432
f 260 432 250
f 250 432 422
f 425 433 424
f 252 424 433
f 434 252 433
f 262 252 434
f 263 426 254
f 426 263 265
f 426 265 427
f 427 265 257
f 430 428 435
f 430 435 436
f 437 428 431
f 435 428 437
f 438 431 432
f 437 431 438
f 271 438 260
f 260 438 432
f 272 262 439
f 262 440 439
f 262 434 440
f 439 273 272
f 275 441 276
f 442 277 276
f 442 276 441
f 442 279 277
f 443 436 435
f 445 444 443
f 435 445 443
f 437 445 435
f 438 447 446
f 445 438 446
f 437 438 445
f 438 271 447
f 271 448 447
f 271 282 448
f 440 449 439
f 273 439 449
f 450 273 449
f 284 273 450
f 453 452 451
f 285 286 451
f 452 285 451
f 454 285 452
f 275 285 441
f 285 455 441
f 285 454 455
f 457 456 455
f 456 441 455
f 456 442 441
f 458 287 279
f 442 458 279
f 456 458 442
f 458 289 287
f 459 444 445
f 459 445 446
f 291 448 282
f 291 460 448
f 450 461 284
f 284 461 292
f 451 293 453
f 293 461 453
f 293 292 461
f 293 451 286
f 457 462 456
f 464 463 462
f 463 456 462
f 463 458 456
f 465 294 289
f 458 465 289
f 463 465 458
f 466 295 294
f 466 294 465
f 466 297 295
f 299 467 300
f 467 302 300
f 303 468 304
f 468 469 304
f 469 291 304
f 469 460 291
f 464 470 463
f 463 470 465
f 465 470 471
f 465 471 466
f 466 471 472
f 466 472 297
f 472 305 297
f 472 473 305
f 305 474 306
f 473 474 305
f 299 306 467
f 306 475 467
f 306 474 475
f 467 475 302
f 475 307 302
f 475 476 307
f 303 307 468
f 307 477 468
f 307 476 477
f 468 477 469
f 480 479 478
f 482 481 478
f 478 481 480
f 484 483 482
f 482 483 481
f 484 485 483
f 488 487 486
f 488 486 479
f 486 478 479
f 486 489 478
f 478 490 482
f 478 489 490
f 482 491 484
f 482 490 491
f 485 484 492
f 484 493 492
f 484 491 493
f 495 494 493
f 493 494 492
f 497 496 495
f 495 496 494
f 497 498 496
f 501 500 499
f 501 499 487
f 499 486 487
f 499 502 486
f 486 503 489
f 486 502 503
f 489 504 490
f 489 503 504
f 490 505 491
f 490 504 505
f 491 506 493
f 491 505 506
f 493 507 495
f 493 506 507
f 495 508 497
f 495 507 508
f 498 497 509
f 497 510 509
f 497 508 510
f 510 511 509
f 514 513 512
f 514 512 500
f 512 499 500
f 512 515 499
f 499 516 502
f 499 515 516
f 516 309 310
f 503 516 310
f 502 516 503
f 503 310 311
f 503 311 504
f 504 311 313
f 504 313 505
f 505 313 315
f 517 505 315
f 506 505 517
f 506 518 507
f 506 517 518
f 507 519 508
f 507 518 519
f 508 520 510
f 508 519 520
f 511 510 521
f 521 510 520
f 512 513 522
f 522 513 523
f 512 524 515
f 512 522 524
f 524 317 318
f 516 524 318
f 515 524 516
f 516 318 309
f 322 517 315
f 517 322 324
f 517 324 518
f 518 324 326
f 525 518 326
f 519 518 525
f 519 526 520
f 519 525 526
f 521 520 527
f 527 520 526
f 530 529 528
f 530 528 523
f 528 522 523
f 528 531 522
f 531 328 329
f 524 531 329
f 522 531 524
f 524 329 317
f 336 532 525
f 336 525 326
f 525 533 526
f 525 532 533
f 527 526 534
f 534 526 533
f 528 529 535
f 535 529 536
f 528 537 531
f 528 535 537
f 537 338 328
f 537 328 531
f 343 538 532
f 343 532 336
f 540 533 539
f 533 538 539
f 533 532 538
f 533 540 534
f 543 542 541
f 543 541 536
f 541 535 536
f 541 544 535
f 544 345 346
f 537 544 346
f 535 544 537
f 537 346 338
f 350 545 538
f 350 538 343
f 539 538 546
f 546 538 545
f 541 542 547
f 547 542 548
f 541 549 544
f 541 547 549
f 549 352 345
f 549 345 544
f 356 550 545
f 356 545 350
f 546 545 551
f 551 545 550
f 554 553 552
f 554 552 548
f 552 547 548
f 552 555 547
f 555 358 359
f 549 555 359
f 547 555 549
f 549 359 352
f 363 556 550
f 363 550 356
f 551 550 557
f 557 550 556
f 560 559 558
f 558 561 560
f 564 563 562
f 564 562 553
f 562 552 553
f 562 565 552
f 565 365 366
f 555 565 366
f 552 565 555
f 555 366 358
f 369 566 370
f 556 363 370
f 566 556 370
f 567 556 566
f 557 556 568
f 568 556 567
f 571 570 569
f 569 572 571
f 558 559 573
f 573 559 574
f 561 558 575
f 558 576 575
f 558 573 576
f 576 577 575
f 562 563 578
f 578 563 579
f 578 372 373
f 565 578 373
f 562 578 565
f 565 373 365
f 375 566 369
f 566 375 377
f 580 566 377
f 567 566 580
f 568 567 581
f 581 567 580
f 569 570 582
f 582 570 583
f 572 569 584
f 584 569 582
f 573 574 585
f 585 574 586
f 573 587 576
f 573 585 587
f 577 576 588
f 576 589 588
f 576 587 589
f 588 589 579
f 579 589 578
f 589 379 578
f 379 380 578
f 578 380 372
f 383 590 580
f 383 580 377
f 581 580 591
f 591 580 590
f 583 592 582
f 582 592 584
f 595 594 593
f 595 593 586
f 593 585 586
f 593 596 585
f 596 385 386
f 587 596 386
f 585 596 587
f 587 386 387
f 597 587 387
f 589 587 597
f 597 389 379
f 597 379 589
f 599 598 590
f 383 599 590
f 391 599 383
f 590 598 591
f 593 594 600
f 600 594 601
f 600 393 394
f 596 600 394
f 593 600 596
f 596 394 385
f 396 597 387
f 597 396 389
f 604 603 602
f 603 599 602
f 599 399 602
f 599 391 399
f 600 601 605
f 605 601 606
f 605 401 393
f 605 393 600
f 402 607 403
f 607 405 403
f 610 609 608
f 612 611 608
f 612 608 609
f 611 612 604
f 602 611 604
f 613 611 602
f 407 613 399
f 399 613 602
f 605 606 614
f 614 606 615
f 614 409 401
f 614 401 605
f 410 616 607
f 410 607 402
f 616 412 405
f 616 405 607
f 610 608 617
f 610 617 618
f 619 608 611
f 617 608 619
f 620 611 613
f 619 611 620
f 413 620 407
f 407 620 613
f 614 615 621
f 621 615 622
f 621 415 409
f 621 409 614
f 416 616 410
f 616 416 412
f 625 624 623
f 623 624 618
f 617 623 618
f 626 623 617
f 421 626 420
f 626 619 420
f 626 617 619
f 420 619 423
f 423 619 620
f 423 620 413
f 622 627 621
f 415 621 627
f 628 415 627
f 425 415 628
f 625 623 629
f 625 629 630
f 430 629 429
f 629 626 429
f 629 623 626
f 429 626 421
f 433 425 631
f 425 632 631
f 425 628 632
f 631 434 433
f 635 634 633
f 633 634 630
f 629 633 630
f 636 633 629
f 436 636 430
f 430 636 629
f 631 632 637
f 637 632 638
f 637 440 434
f 637 434 631
f 639 635 633
f 641 640 639
f 633 641 639
f 636 641 633
f 443 642 436
f 642 636 436
f 642 641 636
f 444 642 443
f 643 446 447
f 448 643 447
f 638 644 637
f 644 646 645
f 644 645 449
f 637 644 449
f 440 637 449
f 645 450 449
f 453 647 452
f 648 454 452
f 648 452 647
f 649 455 454
f 649 454 648
f 649 457 455
f 650 640 641
f 652 651 650
f 641 652 650
f 642 652 641
f 652 642 444
f 653 652 444
f 459 653 444
f 654 652 653
f 459 446 643
f 655 459 643
f 653 459 655
f 643 448 655
f 448 656 655
f 448 460 656
f 646 657 645
f 645 657 450
f 657 461 450
f 657 658 461
f 453 461 647
f 461 659 647
f 461 658 659
f 647 659 648
f 648 659 660
f 662 661 660
f 661 648 660
f 661 649 648
f 663 462 457
f 649 663 457
f 661 663 649
f 663 464 462
f 664 651 652
f 664 652 654
f 667 666 665
f 666 656 665
f 656 469 665
f 656 460 469
f 662 668 661
f 661 668 663
f 663 668 669
f 663 669 464
f 669 470 464
f 669 670 470
f 670 672 671
f 471 670 671
f 470 670 471
f 673 472 471
f 673 471 671
f 674 473 472
f 674 472 673
f 675 474 473
f 675 473 674
f 676 475 474
f 676 474 675
f 475 676 677
f 678 475 677
f 476 475 678
f 665 477 667
f 477 678 667
f 477 476 678
f 477 665 469
f 672 679 671
f 681 680 679
f 680 671 679
f 680 673 671
f 673 682 674
f 673 680 682
f 674 683 675
f 674 682 683
f 685 676 684
f 676 683 684
f 676 675 683
f 676 685 677
f 681 686 680
f 680 686 682
f 682 686 687
f 682 687 683
f 683 687 688
f 683 688 684
f 691 690 689
f 693 692 689
f 689 692 691
f 693 694 692
f 697 696 695
f 697 695 690
f 695 689 690
f 695 698 689
f 698 479 480
f 693 698 480
f 689 698 693
f 699 694 693
f 480 699 693
f 481 699 480
f 700 481 483
f 700 699 481
f 702 701 485
f 701 483 485
f 701 700 483
f 702 703 701
f 706 705 704
f 708 707 704
f 704 707 706
f 707 708 696
f 708 695 696
f 708 709 695
f 709 487 488
f 698 709 488
f 695 709 698
f 698 488 479
f 492 702 485
f 492 494 702
f 494 710 702
f 710 703 702
f 494 711 710
f 711 494 712
f 494 713 712
f 494 496 713
f 715 714 498
f 714 496 498
f 714 713 496
f 715 716 714
f 704 705 717
f 717 705 718
f 704 719 708
f 704 717 719
f 719 500 501
f 709 719 501
f 708 719 709
f 709 501 487
f 710 711 720
f 710 720 721
f 711 712 722
f 711 722 720
f 509 715 498
f 724 723 511
f 511 723 509
f 723 716 509
f 716 715 509
f 724 725 723
f 717 718 726
f 726 718 727
f 726 513 514
f 719 726 514
f 717 726 719
f 719 514 500
f 728 721 720
f 728 720 722
f 521 729 724
f 521 724 511
f 725 724 730
f 730 724 729
f 733 732 731
f 733 731 727
f 731 726 727
f 731 734 726
f 734 523 513
f 734 513 726
f 527 735 729
f 527 729 521
f 730 729 736
f 736 729 735
f 739 738 737
f 741 740 737
f 737 740 739
f 741 742 740
f 745 744 743
f 745 743 732
f 743 731 732
f 743 746 731
f 746 529 530
f 734 746 530
f 731 746 734
f 734 530 523
f 534 747 735
f 534 735 527
f 736 735 748
f 748 735 747
f 737 738 749
f 749 738 750
f 737 751 741
f 737 749 751
f 742 741 752
f 752 741 751
f 743 744 753
f 753 744 754
f 743 755 746
f 743 753 755
f 755 536 529
f 755 529 746
f 539 756 540
f 756 757 540
f 540 757 534
f 757 758 534
f 758 747 534
f 747 758 748
f 750 759 749
f 761 760 759
f 760 749 759
f 760 751 749
f 752 751 762
f 762 751 760
f 765 764 763
f 765 763 754
f 763 753 754
f 763 766 753
f 766 542 543
f 755 766 543
f 753 766 755
f 755 543 536
f 768 767 756
f 539 768 756
f 546 768 539
f 756 767 757
f 771 770 769
f 773 772 769
f 769 772 771
f 775 774 773
f 773 774 772
f 774 775 761
f 775 760 761
f 775 776 760
f 762 760 777
f 777 760 776
f 763 764 778
f 778 764 779
f 763 780 766
f 763 778 780
f 780 548 542
f 780 542 766
f 551 768 546
f 551 781 768
f 770 782 769
f 784 783 782
f 783 769 782
f 783 773 769
f 773 785 775
f 773 783 785
f 775 786 776
f 775 785 786
f 777 776 787
f 776 788 787
f 776 786 788
f 790 789 788
f 788 789 787
f 789 790 779
f 790 778 779
f 790 791 778
f 791 553 554
f 780 791 554
f 778 791 780
f 780 554 548
f 557 781 551
f 557 792 781
f 783 784 793
f 793 784 794
f 783 795 785
f 783 793 795
f 795 559 560
f 786 795 560
f 785 795 786
f 786 560 561
f 796 786 561
f 788 786 796
f 788 797 790
f 788 796 797
f 797 563 564
f 791 797 564
f 790 797 791
f 791 564 553
f 568 792 557
f 568 798 792
f 800 799 571
f 571 799 570
f 801 793 572
f 793 800 572
f 800 571 572
f 793 794 800
f 793 802 795
f 793 801 802
f 802 574 559
f 802 559 795
f 575 796 561
f 796 575 577
f 803 796 577
f 797 796 803
f 803 579 563
f 803 563 797
f 806 805 804
f 808 807 804
f 808 804 805
f 808 798 807
f 798 581 807
f 798 568 581
f 799 583 570
f 809 583 799
f 584 810 801
f 584 801 572
f 801 811 802
f 801 810 811
f 811 586 574
f 811 574 802
f 588 803 577
f 803 588 579
f 806 804 812
f 806 812 813
f 814 804 807
f 812 804 814
f 591 814 581
f 581 814 807
f 592 583 815
f 583 816 815
f 583 809 816
f 810 584 592
f 815 810 592
f 817 810 815
f 817 594 595
f 811 817 595
f 810 817 811
f 811 595 586
f 820 819 818
f 818 819 813
f 812 818 813
f 821 818 812
f 599 821 598
f 821 814 598
f 821 812 814
f 598 814 591
f 816 822 815
f 824 823 822
f 823 815 822
f 823 817 815
f 823 601 594
f 823 594 817
f 820 818 825
f 820 825 826
f 604 825 603
f 825 821 603
f 825 818 821
f 603 821 599
f 823 824 827
f 827 824 828
f 827 606 601
f 827 601 823
f 831 830 829
f 833 832 829
f 833 829 830
f 609 610 832
f 833 609 832
f 834 609 833
f 825 612 826
f 612 834 826
f 612 609 834
f 612 825 604
f 827 828 835
f 835 828 836
f 835 615 606
f 835 606 827
f 831 829 837
f 831 837 838
f 839 829 832
f 837 829 839
f 618 839 610
f 610 839 832
f 835 836 840
f 840 836 841
f 840 622 615
f 840 615 835
f 838 837 842
f 838 842 843
f 625 842 624
f 842 839 624
f 842 837 839
f 624 839 618
f 841 844 840
f 840 844 622
f 844 627 622
f 844 845 627
f 628 627 845
f 628 845 846
f 843 842 847
f 843 847 848
f 630 847 625
f 625 847 842
f 846 632 628
f 849 632 846
f 848 847 634
f 635 848 634
f 850 848 635
f 634 847 630
f 849 638 632
f 851 638 849
f 852 850 635
f 852 635 639
f 639 640 852
f 852 640 853
f 644 638 854
f 638 855 854
f 638 851 855
f 854 646 644
f 858 857 856
f 859 856 650
f 856 853 650
f 853 640 650
f 853 856 857
f 651 859 650
f 860 654 653
f 655 861 653
f 653 861 860
f 656 861 655
f 855 862 854
f 862 864 863
f 862 863 657
f 854 862 657
f 646 854 657
f 657 863 865
f 866 657 865
f 658 657 866
f 658 867 659
f 866 867 658
f 659 868 660
f 867 868 659
f 662 660 868
f 662 868 869
f 870 858 856
f 870 856 859
f 870 859 871
f 871 859 651
f 664 871 651
f 872 871 664
f 872 664 654
f 873 872 654
f 860 873 654
f 872 873 874
f 667 873 666
f 873 861 666
f 873 860 861
f 666 861 656
f 864 875 863
f 863 875 865
f 869 876 662
f 662 876 668
f 668 877 669
f 876 877 668
f 877 879 878
f 670 877 878
f 669 877 670
f 878 672 670
f 874 873 678
f 677 874 678
f 880 874 677
f 678 873 667
f 879 881 878
f 881 883 882
f 881 882 679
f 878 881 679
f 672 878 679
f 882 681 679
f 684 884 685
f 884 885 685
f 885 677 685
f 885 880 677
f 883 886 882
f 882 886 681
f 886 686 681
f 886 887 686
f 686 888 687
f 887 888 686
f 687 889 688
f 888 889 687
f 684 688 884
f 688 890 884
f 688 889 890
f 884 890 885
f 891 690 691
f 692 892 691
f 691 892 891
f 694 892 692
f 895 894 893
f 897 896 893
f 893 896 895
f 696 697 897
f 697 896 897
f 697 898 896
f 697 690 891
f 899 697 891
f 898 697 899
f 899 891 892
f 899 892 900
f 902 900 901
f 901 900 699
f 900 892 699
f 892 694 699
f 700 903 699
f 699 903 901
f 701 904 700
f 700 904 903
f 703 904 701
f 907 906 905
f 909 908 905
f 905 908 907
f 911 910 909
f 909 910 908
f 910 911 894
f 894 911 893
f 911 705 893
f 705 706 893
f 893 706 707
f 893 707 897
f 897 707 696
f 912 902 901
f 912 901 903
f 912 903 913
f 915 914 913
f 903 915 913
f 904 915 903
f 710 915 703
f 703 915 904
f 916 712 713
f 714 917 713
f 713 917 916
f 716 917 714
f 905 906 918
f 918 906 919
f 905 920 909
f 905 918 920
f 909 921 911
f 909 920 921
f 921 718 705
f 921 705 911
f 914 915 922
f 914 922 923
f 721 922 710
f 710 922 915
f 924 722 916
f 916 722 712
f 925 916 917
f 924 916 925
f 925 917 716
f 926 925 716
f 723 926 716
f 927 925 926
f 723 725 926
f 926 725 928
f 931 930 929
f 931 929 919
f 929 918 919
f 929 932 918
f 918 933 920
f 918 932 933
f 920 934 921
f 920 933 934
f 934 727 718
f 934 718 921
f 935 923 922
f 937 935 936
f 936 935 728
f 935 922 728
f 922 721 728
f 722 924 728
f 924 936 728
f 924 938 936
f 925 940 939
f 938 925 939
f 924 925 938
f 940 925 927
f 730 928 725
f 730 941 928
f 944 943 942
f 944 942 930
f 942 929 930
f 942 945 929
f 929 946 932
f 929 945 946
f 932 947 933
f 932 946 947
f 947 732 733
f 934 947 733
f 933 947 934
f 934 733 727
f 948 937 936
f 948 936 938
f 948 938 949
f 949 938 939
f 736 941 730
f 736 950 941
f 952 951 739
f 739 951 738
f 953 739 740
f 953 952 739
f 954 942 742
f 942 953 742
f 953 740 742
f 942 943 953
f 942 955 945
f 942 954 955
f 945 956 946
f 945 955 956
f 956 744 745
f 947 956 745
f 946 956 947
f 947 745 732
f 959 958 957
f 960 957 958
f 748 950 736
f 748 961 950
f 964 963 962
f 951 964 962
f 750 951 962
f 738 951 750
f 752 965 954
f 752 954 742
f 954 966 955
f 954 965 966
f 955 967 956
f 955 966 967
f 967 754 744
f 967 744 956
f 959 957 968
f 959 968 969
f 957 960 970
f 971 957 970
f 968 957 971
f 758 757 971
f 970 758 971
f 972 758 970
f 748 758 961
f 961 758 972
f 963 973 962
f 973 975 974
f 973 974 759
f 962 973 759
f 750 962 759
f 974 761 759
f 762 976 965
f 762 965 752
f 965 977 966
f 965 976 977
f 977 764 765
f 967 977 765
f 966 977 967
f 967 765 754
f 980 979 978
f 978 979 969
f 968 978 969
f 981 978 968
f 768 981 767
f 981 971 767
f 981 968 971
f 767 971 757
f 983 982 771
f 771 982 770
f 984 771 772
f 984 983 771
f 774 974 975
f 984 774 975
f 772 774 984
f 974 774 761
f 777 985 976
f 777 976 762
f 976 986 977
f 976 985 986
f 986 779 764
f 986 764 977
f 989 988 987
f 987 988 980
f 978 987 980
f 990 987 978
f 991 978 981
f 990 978 991
f 781 991 768
f 768 991 981
f 782 770 992
f 770 993 992
f 770 982 993
f 992 784 782
f 787 985 777
f 985 787 789
f 985 789 986
f 986 789 779
f 989 987 994
f 989 994 995
f 996 987 990
f 994 987 996
f 997 990 991
f 996 990 997
f 792 997 781
f 781 997 991
f 992 993 998
f 998 993 999
f 998 794 784
f 998 784 992
f 995 994 1000
f 995 1000 1001
f 1002 994 996
f 1000 994 1002
f 1003 996 997
f 1002 996 1003
f 798 1003 792
f 792 1003 997
f 998 999 800
f 999 799 800
f 999 1004 799
f 998 800 794
f 1007 1006 1005
f 1005 1006 1001
f 1000 1005 1001
f 1008 1005 1000
f 806 1008 805
f 1008 1002 805
f 1008 1000 1002
f 805 1002 808
f 808 1002 1003
f 808 1003 798
f 1004 809 799
f 1009 809 1004
f 1007 1005 1010
f 1007 1010 1011
f 1012 1005 1008
f 1010 1005 1012
f 813 1012 806
f 806 1012 1008
f 1009 816 809
f 1013 816 1009
f 1016 1015 1014
f 1014 1015 1011
f 1010 1014 1011
f 1017 1014 1010
f 820 1017 819
f 1017 1012 819
f 1017 1010 1012
f 819 1012 813
f 822 816 1018
f 816 1019 1018
f 816 1013 1019
f 1018 824 822
f 1016 1014 1020
f 1016 1020 1021
f 1022 1014 1017
f 1020 1014 1022
f 826 1022 820
f 820 1022 1017
f 1018 1019 1023
f 1023 1019 1024
f 1023 828 824
f 1023 824 1018
f 1027 1026 1025
f 830 831 1025
f 1026 830 1025
f 1028 830 1026
f 1020 833 1021
f 833 1028 1021
f 833 830 1028
f 833 1020 834
f 834 1020 1022
f 834 1022 826
f 1023 1024 1029
f 1029 1024 1030
f 1029 836 828
f 1029 828 1023
f 1027 1025 1031
f 1027 1031 1032
f 838 1031 831
f 831 1031 1025
f 1029 1030 1033
f 1033 1030 1034
f 1033 841 836
f 1033 836 1029
f 1032 1031 1035
f 1032 1035 1036
f 843 1035 838
f 838 1035 1031
f 1034 1037 1033
f 1033 1037 841
f 1037 844 841
f 1037 1038 844
f 1038 1040 1039
f 845 1038 1039
f 844 1038 845
f 1039 846 845
f 1036 1035 1041
f 1036 1041 1042
f 848 1041 843
f 843 1041 1035
f 1039 1040 1043
f 1043 1040 1044
f 1043 849 846
f 1043 846 1039
f 1042 1041 1045
f 1042 1045 1046
f 850 1045 848
f 848 1045 1041
f 1044 1047 1043
f 849 1043 1047
f 1048 849 1047
f 851 849 1048
f 1049 1046 1045
f 1051 1049 1050
f 1050 1049 852
f 1049 1045 852
f 1045 850 852
f 853 1050 852
f 1048 855 851
f 1052 855 1048
f 1051 1050 857
f 858 1051 857
f 1053 1051 858
f 857 1050 853
f 1052 1054 855
f 855 1054 862
f 864 862 1054
f 864 1054 1055
f 865 1056 866
f 866 1056 1057
f 1058 866 1057
f 867 866 1058
f 1058 1060 1059
f 868 1058 1059
f 867 1058 868
f 1059 869 868
f 858 870 1061
f 1062 858 1061
f 1053 858 1062
f 871 1063 870
f 870 1063 1061
f 872 1064 871
f 871 1064 1063
f 874 1064 872
f 1055 1065 864
f 864 1065 875
f 865 875 1056
f 875 1066 1056
f 875 1065 1066
f 1056 1066 1057
f 1060 1067 1059
f 1067 1069 1068
f 1067 1068 876
f 1059 1067 876
f 869 1059 876
f 1070 877 876
f 1070 876 1068
f 1070 879 877
f 1071 1062 1061
f 1071 1061 1063
f 1071 1063 1072
f 1074 1073 1072
f 1063 1074 1072
f 1064 1074 1063
f 880 1074 874
f 874 1074 1064
f 1069 1075 1068
f 1068 1075 1070
f 1070 1075 1076
f 1076 1078 1077
f 1076 1077 881
f 1070 1076 881
f 879 1070 881
f 1077 883 881
f 1081 1080 1079
f 1083 1082 1079
f 1083 1079 1080
f 1082 1083 1073
f 1074 1082 1073
f 1084 1082 1074
f 885 1084 880
f 880 1084 1074
f 1078 1085 1077
f 1077 1085 883
f 1085 886 883
f 1085 1086 886
f 886 1087 887
f 1086 1087 886
f 1079 888 1081
f 888 1087 1081
f 888 887 1087
f 888 1079 889
f 889 1079 1082
f 889 1082 890
f 890 1082 1084
f 890 1084 885
f 1090 1089 1088
f 894 895 1088
f 895 1090 1088
f 895 1091 1090
f 1092 895 896
f 1092 1091 895
f 1093 896 898
f 1093 1092 896
f 1095 1093 1094
f 1093 899 1094
f 1093 898 899
f 900 1096 899
f 899 1096 1094
f 902 1096 900
f 1098 1097 907
f 907 1097 906
f 1099 907 908
f 1099 1098 907
f 910 1088 1089
f 1099 910 1089
f 908 910 1099
f 1088 910 894
f 1100 1095 1094
f 1100 1094 1096
f 1100 1096 1101
f 1103 1101 1102
f 1102 1101 912
f 1101 1096 912
f 1096 902 912
f 913 1104 912
f 912 1104 1102
f 914 1104 913
f 1097 919 906
f 1105 919 1097
f 1108 1107 1106
f 1106 1107 1103
f 1102 1106 1103
f 1109 1106 1102
f 1110 1102 1104
f 1109 1102 1110
f 923 1110 914
f 914 1110 1104
f 1111 927 926
f 928 1111 926
f 1113 1112 931
f 931 1112 930
f 931 919 1105
f 931 1105 1113
f 1114 1108 1106
f 1116 1115 1114
f 1106 1116 1114
f 1109 1116 1106
f 1117 1109 1110
f 1116 1109 1117
f 935 1118 923
f 1118 1110 923
f 1118 1117 1110
f 937 1118 935
f 1119 939 940
f 927 1111 940
f 1111 1119 940
f 1111 1120 1119
f 941 1120 928
f 928 1120 1111
f 1122 1121 944
f 944 1121 943
f 944 930 1112
f 944 1112 1122
f 1123 1115 1116
f 1123 1116 1117
f 1123 1117 1124
f 1126 1125 1124
f 1117 1126 1124
f 1118 1126 1117
f 948 1127 937
f 1127 1118 937
f 1127 1126 1118
f 949 1128 948
f 948 1128 1127
f 939 1119 949
f 1119 1128 949
f 1119 1129 1128
f 1130 1119 1120
f 1129 1119 1130
f 950 1130 941
f 941 1130 1120
f 1131 951 952
f 1131 952 1132
f 952 1133 1132
f 952 953 1133
f 953 943 1121
f 953 1121 1133
f 1134 1125 1126
f 1136 1135 1134
f 1126 1136 1134
f 1127 1136 1126
f 959 1136 958
f 1136 1128 958
f 1136 1127 1128
f 958 1128 960
f 1128 1137 960
f 1128 1129 1137
f 1138 1129 1130
f 1137 1129 1138
f 961 1138 950
f 950 1138 1130
f 1139 963 964
f 1140 1139 964
f 1140 964 951
f 1141 1140 951
f 1131 1141 951
f 1141 1131 1132
f 1144 1143 1142
f 1142 1143 1135
f 1136 1142 1135
f 1145 1142 1136
f 969 1145 959
f 959 1145 1136
f 1137 970 960
f 970 1137 972
f 972 1137 1138
f 972 1138 961
f 1147 973 1146
f 973 963 1146
f 1146 963 1139
f 1148 1146 1139
f 1139 1140 1148
f 973 1147 975
f 1151 1150 1149
f 1149 1150 1144
f 1142 1149 1144
f 1152 1149 1142
f 980 1152 979
f 1152 1145 979
f 1152 1142 1145
f 979 1145 969
f 1153 982 983
f 1146 1154 1147
f 1154 983 1147
f 983 984 1147
f 983 1154 1153
f 1147 984 975
f 1151 1149 1155
f 1151 1155 1156
f 989 1155 988
f 1155 1152 988
f 1155 1149 1152
f 988 1152 980
f 1159 1158 1157
f 1160 1159 1153
f 1159 993 1153
f 993 982 1153
f 1159 1157 993
f 1160 1153 1154
f 1156 1155 1161
f 1156 1161 1162
f 995 1161 989
f 989 1161 1155
f 1157 1158 1163
f 1163 1158 1164
f 1163 999 993
f 1163 993 1157
f 1162 1161 1165
f 1162 1165 1166
f 1001 1165 995
f 995 1165 1161
f 1163 1164 1167
f 1167 1164 1168
f 1167 1004 999
f 1167 999 1163
f 1171 1170 1169
f 1169 1170 1166
f 1169 1166 1165
f 1007 1169 1165
f 1006 1007 1165
f 1006 1165 1001
f 1167 1168 1172
f 1172 1168 1173
f 1172 1009 1004
f 1172 1004 1167
f 1171 1169 1174
f 1171 1174 1175
f 1011 1174 1007
f 1007 1174 1169
f 1178 1177 1176
f 1178 1176 1173
f 1176 1172 1173
f 1176 1179 1172
f 1179 1013 1009
f 1179 1009 1172
f 1175 1174 1015
f 1016 1175 1015
f 1180 1175 1016
f 1015 1174 1011
f 1176 1177 1181
f 1181 1177 1182
f 1176 1183 1179
f 1176 1181 1183
f 1183 1019 1013
f 1183 1013 1179
f 1186 1185 1184
f 1185 1180 1184
f 1180 1021 1184
f 1180 1016 1021
f 1182 1187 1181
f 1189 1188 1187
f 1188 1181 1187
f 1188 1183 1181
f 1188 1024 1019
f 1188 1019 1183
f 1192 1191 1190
f 1026 1027 1190
f 1191 1026 1190
f 1193 1026 1191
f 1184 1028 1186
f 1028 1193 1186
f 1028 1026 1193
f 1028 1184 1021
f 1188 1189 1194
f 1194 1189 1195
f 1194 1030 1024
f 1194 1024 1188
f 1192 1190 1196
f 1192 1196 1197
f 1032 1196 1027
f 1027 1196 1190
f 1195 1198 1194
f 1030 1194 1198
f 1199 1030 1198
f 1034 1030 1199
f 1197 1196 1200
f 1197 1200 1201
f 1036 1200 1032
f 1032 1200 1196
f 1199 1202 1034
f 1034 1202 1037
f 1202 1204 1203
f 1038 1202 1203
f 1037 1202 1038
f 1203 1040 1038
f 1205 1201 1200
f 1200 1036 1205
f 1036 1206 1205
f 1036 1042 1206
f 1204 1207 1203
f 1040 1203 1207
f 1208 1040 1207
f 1044 1040 1208
f 1211 1210 1209
f 1210 1206 1209
f 1206 1046 1209
f 1206 1042 1046
f 1047 1044 1212
f 1044 1213 1212
f 1044 1208 1213
f 1212 1048 1047
f 1211 1209 1214
f 1211 1214 1215
f 1049 1216 1046
f 1216 1209 1046
f 1216 1214 1209
f 1051 1216 1049
f 1212 1213 1217
f 1217 1213 1218
f 1217 1052 1048
f 1217 1048 1212
f 1219 1215 1214
f 1221 1220 1219
f 1214 1221 1219
f 1216 1221 1214
f 1053 1221 1051
f 1051 1221 1216
f 1218 1222 1217
f 1222 1224 1223
f 1222 1223 1054
f 1217 1222 1054
f 1052 1217 1054
f 1223 1055 1054
f 1057 1225 1058
f 1225 1060 1058
f 1220 1221 1226
f 1220 1226 1227
f 1062 1226 1053
f 1053 1226 1221
f 1224 1228 1223
f 1223 1228 1055
f 1228 1065 1055
f 1228 1229 1065
f 1065 1230 1066
f 1229 1230 1065
f 1057 1066 1225
f 1066 1231 1225
f 1066 1230 1231
f 1231 1233 1232
f 1231 1232 1067
f 1225 1231 1067
f 1060 1225 1067
f 1232 1069 1067
f 1234 1227 1226
f 1236 1234 1235
f 1235 1234 1071
f 1234 1226 1071
f 1226 1062 1071
f 1072 1237 1071
f 1071 1237 1235
f 1073 1237 1072
f 1233 1238 1232
f 1232 1238 1069
f 1238 1075 1069
f 1238 1239 1075
f 1239 1241 1240
f 1076 1239 1240
f 1075 1239 1076
f 1240 1078 1076
f 1244 1243 1242
f 1246 1245 1242
f 1246 1242 1243
f 1245 1246 1236
f 1245 1236 1235
f 1081 1245 1235
f 1080 1081 1235
f 1080 1235 1083
f 1083 1235 1237
f 1083 1237 1073
f 1241 1247 1240
f 1240 1247 1078
f 1247 1085 1078
f 1247 1248 1085
f 1242 1086 1244
f 1086 1248 1244
f 1086 1085 1248
f 1086 1242 1087
f 1087 1242 1245
f 1087 1245 1081
f 1250 1249 1090
f 1090 1249 1089
f 1251 1090 1091
f 1251 1250 1090
f 1253 1251 1252
f 1251 1092 1252
f 1251 1091 1092
f 1093 1254 1092
f 1092 1254 1252
f 1095 1254 1093
f 1256 1255 1098
f 1098 1255 1097
f 1257 1098 1099
f 1257 1256 1098
f 1099 1089 1249
f 1099 1249 1257
f 1258 1253 1252
f 1260 1259 1258
f 1252 1260 1258
f 1254 1260 1252
f 1100 1261 1095
f 1261 1254 1095
f 1261 1260 1254
f 1101 1262 1100
f 1100 1262 1261
f 1103 1262 1101
f 1255 1105 1097
f 1263 1105 1255
f 1264 1259 1260
f 1266 1265 1264
f 1260 1266 1264
f 1261 1266 1260
f 1108 1266 1107
f 1266 1262 1107
f 1266 1261 1262
f 1107 1262 1103
f 1268 1267 1113
f 1113 1267 1112
f 1113 1105 1263
f 1113 1263 1268
f 1269 1265 1266
f 1269 1266 1108
f 1114 1269 1108
f 1270 1269 1114
f 1114 1115 1270
f 1270 1115 1271
f 1274 1273 1272
f 1121 1122 1272
f 1122 1274 1272
f 1122 1275 1274
f 1122 1112 1267
f 1122 1267 1275
f 1115 1123 1276
f 1277 1115 1276
f 1271 1115 1277
f 1124 1278 1123
f 1123 1278 1276
f 1125 1278 1124
f 1281 1280 1279
f 1281 1279 1273
f 1273 1279 1272
f 1279 1132 1272
f 1132 1133 1272
f 1272 1133 1121
f 1277 1276 1282
f 1277 1282 1283
f 1284 1276 1278
f 1282 1276 1284
f 1134 1285 1125
f 1285 1278 1125
f 1285 1284 1278
f 1135 1285 1134
f 1288 1287 1286
f 1288 1286 1280
f 1280 1286 1279
f 1286 1140 1279
f 1140 1141 1279
f 1279 1141 1132
f 1289 1283 1282
f 1291 1290 1289
f 1282 1291 1289
f 1284 1291 1282
f 1144 1291 1143
f 1291 1285 1143
f 1291 1284 1285
f 1143 1285 1135
f 1294 1293 1292
f 1294 1292 1287
f 1287 1292 1286
f 1292 1146 1286
f 1146 1148 1286
f 1286 1148 1140
f 1290 1291 1150
f 1151 1290 1150
f 1295 1290 1151
f 1150 1291 1144
f 1292 1293 1296
f 1296 1293 1297
f 1296 1154 1146
f 1296 1146 1292
f 1300 1299 1298
f 1299 1295 1298
f 1295 1156 1298
f 1295 1151 1156
f 1302 1301 1159
f 1159 1301 1158
f 1160 1296 1297
f 1302 1160 1297
f 1159 1160 1302
f 1296 1160 1154
f 1300 1298 1303
f 1300 1303 1304
f 1162 1303 1156
f 1156 1303 1298
f 1301 1164 1158
f 1305 1164 1301
f 1304 1303 1306
f 1304 1306 1307
f 1166 1306 1162
f 1162 1306 1303
f 1305 1168 1164
f 1308 1168 1305
f 1311 1310 1309
f 1309 1310 1307
f 1309 1307 1306
f 1171 1309 1306
f 1170 1171 1306
f 1170 1306 1166
f 1314 1313 1312
f 1308 1314 1312
f 1173 1308 1312
f 1168 1308 1173
f 1311 1309 1315
f 1311 1315 1316
f 1175 1315 1171
f 1171 1315 1309
f 1312 1313 1178
f 1313 1177 1178
f 1313 1317 1177
f 1312 1178 1173
f 1316 1315 1318
f 1316 1318 1319
f 1180 1318 1175
f 1175 1318 1315
f 1317 1182 1177
f 1320 1182 1317
f 1323 1322 1321
f 1321 1322 1319
f 1321 1319 1318
f 1186 1321 1318
f 1185 1186 1318
f 1185 1318 1180
f 1187 1182 1324
f 1182 1325 1324
f 1182 1320 1325
f 1324 1189 1187
f 1328 1327 1326
f 1191 1192 1326
f 1327 1191 1326
f 1329 1191 1327
f 1321 1193 1323
f 1193 1329 1323
f 1193 1191 1329
f 1193 1321 1186
f 1324 1325 1330
f 1330 1325 1331
f 1330 1195 1189
f 1330 1189 1324
f 1328 1326 1332
f 1328 1332 1333
f 1197 1332 1192
f 1192 1332 1326
f 1331 1334 1330
f 1334 1336 1335
f 1334 1335 1198
f 1330 1334 1198
f 1195 1330 1198
f 1335 1199 1198
f 1333 1332 1337
f 1333 1337 1338
f 1201 1337 1197
f 1197 1337 1332
f 1336 1339 1335
f 1339 1341 1340
f 1339 1340 1202
f 1335 1339 1202
f 1199 1335 1202
f 1340 1204 1202
f 1342 1338 1337
f 1344 1342 1343
f 1343 1342 1205
f 1342 1337 1205
f 1337 1201 1205
f 1206 1343 1205
f 1341 1345 1340
f 1345 1347 1346
f 1345 1346 1207
f 1340 1345 1207
f 1204 1340 1207
f 1346 1208 1207
f 1350 1349 1348
f 1348 1349 1344
f 1348 1344 1343
f 1211 1348 1343
f 1210 1211 1343
f 1210 1343 1206
f 1347 1351 1346
f 1208 1346 1351
f 1352 1208 1351
f 1213 1208 1352
f 1350 1348 1353
f 1350 1353 1354
f 1215 1353 1211
f 1211 1353 1348
f 1352 1218 1213
f 1355 1218 1352
f 1356 1354 1353
f 1358 1356 1357
f 1357 1356 1219
f 1356 1353 1219
f 1353 1215 1219
f 1220 1357 1219
f 1355 1359 1218
f 1218 1359 1222
f 1224 1222 1359
f 1224 1359 1360
f 1358 1357 1361
f 1358 1361 1362
f 1227 1361 1220
f 1220 1361 1357
f 1360 1363 1224
f 1224 1363 1228
f 1228 1364 1229
f 1363 1364 1228
f 1229 1365 1230
f 1364 1365 1229
f 1365 1367 1366
f 1231 1365 1366
f 1230 1365 1231
f 1366 1233 1231
f 1368 1362 1361
f 1370 1368 1369
f 1369 1368 1234
f 1368 1361 1234
f 1361 1227 1234
f 1236 1369 1234
f 1367 1371 1366
f 1366 1371 1233
f 1371 1238 1233
f 1371 1372 1238
f 1372 1374 1373
f 1239 1372 1373
f 1238 1372 1239
f 1373 1241 1239
f 1376 1375 1243
f 1376 1243 1244
f 1369 1246 1370
f 1246 1375 1370
f 1246 1243 1375
f 1246 1369 1236
f 1374 1377 1373
f 1373 1377 1241
f 1377 1247 1241
f 1377 1378 1247
f 1247 1379 1248
f 1378 1379 1247
f 1244 1248 1376
f 1376 1248 1379
f 1380 1249 1250
f 1251 1381 1250
f 1250 1381 1380
f 1253 1381 1251
f 1383 1382 1256
f 1256 1382 1255
f 1384 1256 1257
f 1384 1383 1256
f 1257 1249 1380
f 1385 1257 1380
f 1384 1257 1385
f 1385 1380 1381
f 1385 1381 1386
f 1386 1381 1253
f 1258 1386 1253
f 1387 1386 1258
f 1258 1259 1387
f 1387 1259 1388
f 1382 1263 1255
f 1389 1263 1382
f 1390 1388 1259
f 1390 1259 1264
f 1264 1265 1390
f 1390 1265 1391
f 1394 1393 1392
f 1267 1268 1392
f 1268 1394 1392
f 1268 1395 1394
f 1268 1263 1389
f 1268 1389 1395
f 1396 1391 1265
f 1396 1265 1269
f 1397 1269 1270
f 1397 1396 1269
f 1270 1271 1397
f 1397 1271 1398
f 1400 1399 1274
f 1274 1399 1273
f 1275 1392 1393
f 1400 1275 1393
f 1274 1275 1400
f 1392 1275 1267
f 1403 1402 1401
f 1402 1398 1401
f 1398 1277 1401
f 1398 1271 1277
f 1405 1404 1281
f 1281 1404 1280
f 1281 1273 1399
f 1281 1399 1405
f 1403 1401 1406
f 1403 1406 1407
f 1283 1406 1277
f 1277 1406 1401
f 1409 1408 1288
f 1288 1408 1287
f 1288 1280 1404
f 1288 1404 1409
f 1407 1406 1410
f 1407 1410 1411
f 1289 1412 1283
f 1412 1406 1283
f 1412 1410 1406
f 1290 1412 1289
f 1414 1413 1294
f 1294 1413 1293
f 1294 1287 1408
f 1294 1408 1414
f 1411 1410 1415
f 1411 1415 1416
f 1417 1410 1412
f 1415 1410 1417
f 1295 1417 1290
f 1290 1417 1412
f 1413 1297 1293
f 1418 1297 1413
f 1419 1416 1415
f 1300 1420 1299
f 1420 1415 1299
f 1415 1417 1299
f 1420 1419 1415
f 1299 1417 1295
f 1421 1301 1302
f 1422 1421 1302
f 1297 1422 1302
f 1418 1422 1297
f 1425 1424 1423
f 1424 1420 1423
f 1420 1304 1423
f 1420 1300 1304
f 1427 1426 1421
f 1426 1301 1421
f 1426 1305 1301
f 1427 1421 1422
f 1425 1423 1428
f 1425 1428 1429
f 1307 1428 1304
f 1304 1428 1423
f 1426 1308 1305
f 1430 1308 1426
f 1429 1428 1310
f 1311 1429 1310
f 1431 1429 1311
f 1310 1428 1307
f 1432 1313 1314
f 1433 1432 1314
f 1308 1433 1314
f 1430 1433 1308
f 1316 1431 1311
f 1316 1434 1431
f 1436 1435 1432
f 1435 1313 1432
f 1435 1317 1313
f 1436 1432 1433
f 1439 1438 1437
f 1438 1434 1437
f 1434 1319 1437
f 1434 1316 1319
f 1435 1320 1317
f 1440 1320 1435
f 1443 1442 1441
f 1445 1444 1441
f 1445 1441 1442
f 1447 1446 1444
f 1447 1444 1445
f 1446 1447 1439
f 1446 1439 1437
f 1323 1446 1437
f 1322 1323 1437
f 1322 1437 1319
f 1440 1325 1320
f 1448 1325 1440
f 1443 1441 1449
f 1443 1449 1450
f 1328 1449 1327
f 1449 1444 1327
f 1449 1441 1444
f 1327 1444 1329
f 1329 1444 1446
f 1329 1446 1323
f 1448 1331 1325
f 1451 1331 1448
f 1450 1449 1452
f 1450 1452 1453
f 1333 1452 1328
f 1328 1452 1449
f 1334 1331 1454
f 1331 1455 1454
f 1331 1451 1455
f 1454 1336 1334
f 1453 1452 1456
f 1453 1456 1457
f 1338 1456 1333
f 1333 1456 1452
f 1455 1458 1454
f 1454 1458 1336
f 1458 1339 1336
f 1458 1459 1339
f 1341 1339 1459
f 1341 1459 1460
f 1457 1456 1461
f 1457 1461 1462
f 1342 1463 1338
f 1463 1456 1338
f 1463 1461 1456
f 1344 1463 1342
f 1460 1464 1341
f 1341 1464 1345
f 1347 1345 1464
f 1347 1464 1465
f 1468 1467 1466
f 1466 1467 1462
f 1461 1466 1462
f 1469 1466 1461
f 1350 1469 1349
f 1469 1463 1349
f 1469 1461 1463
f 1349 1463 1344
f 1465 1470 1347
f 1347 1470 1351
f 1352 1351 1470
f 1352 1470 1471
f 1472 1468 1466
f 1474 1473 1472
f 1466 1474 1472
f 1469 1474 1466
f 1354 1474 1350
f 1350 1474 1469
f 1471 1355 1352
f 1475 1355 1471
f 1473 1474 1476
f 1473 1476 1477
f 1356 1478 1354
f 1478 1474 1354
f 1478 1476 1474
f 1358 1478 1356
f 1475 1479 1355
f 1355 1479 1359
f 1360 1359 1479
f 1360 1479 1480
f 1483 1482 1481
f 1484 1481 1482
f 1477 1476 1485
f 1477 1485 1486
f 1487 1476 1478
f 1485 1476 1487
f 1362 1487 1358
f 1358 1487 1478
f 1480 1488 1360
f 1360 1488 1363
f 1481 1364 1483
f 1364 1488 1483
f 1364 1363 1488
f 1484 1489 1481
f 1489 1364 1481
f 1489 1365 1364
f 1367 1365 1489
f 1367 1489 1490
f 1486 1485 1491
f 1486 1491 1492
f 1493 1485 1487
f 1491 1485 1493
f 1368 1494 1362
f 1494 1487 1362
f 1494 1493 1487
f 1370 1494 1368
f 1490 1495 1367
f 1367 1495 1371
f 1371 1496 1372
f 1495 1496 1371
f 1374 1372 1496
f 1374 1496 1497
f 1492 1491 1498
f 1492 1498 1499
f 1500 1491 1493
f 1498 1491 1500
f 1376 1500 1375
f 1500 1494 1375
f 1500 1493 1494
f 1375 1494 1370
f 1497 1501 1374
f 1374 1501 1377
f 1498 1378 1499
f 1378 1501 1499
f 1378 1377 1501
f 1378 1498 1379
f 1379 1498 1500
f 1379 1500 1376
f 1502 1382 1383
f 1384 1503 1383
f 1383 1503 1502
f 1503 1384 1504
f 1384 1505 1504
f 1384 1385 1505
f 1506 1385 1386
f 1506 1505 1385
f 1508 1506 1507
f 1506 1387 1507
f 1506 1386 1387
f 1388 1507 1387
f 1511 1510 1509
f 1512 1511 1502
f 1511 1389 1502
f 1389 1382 1502
f 1511 1509 1389
f 1512 1502 1503
f 1512 1503 1513
f 1513 1503 1504
f 1514 1508 1507
f 1514 1507 1388
f 1390 1514 1388
f 1515 1514 1390
f 1517 1516 1391
f 1516 1390 1391
f 1516 1515 1390
f 1517 1518 1516
f 1520 1519 1394
f 1394 1519 1393
f 1395 1509 1510
f 1520 1395 1510
f 1394 1395 1520
f 1509 1395 1389
f 1396 1517 1391
f 1521 1518 1517
f 1396 1521 1517
f 1397 1521 1396
f 1397 1398 1521
f 1521 1398 1522
f 1524 1523 1400
f 1400 1523 1399
f 1400 1393 1519
f 1400 1519 1524
f 1526 1525 1402
f 1526 1402 1403
f 1398 1402 1522
f 1522 1402 1525
f 1529 1528 1527
f 1404 1405 1527
f 1405 1529 1527
f 1405 1530 1529
f 1405 1399 1523
f 1405 1523 1530
f 1533 1532 1531
f 1532 1526 1531
f 1526 1407 1531
f 1526 1403 1407
f 1536 1535 1534
f 1536 1534 1528
f 1528 1534 1527
f 1534 1408 1527
f 1408 1409 1527
f 1527 1409 1404
f 1539 1538 1537
f 1537 1538 1533
f 1531 1537 1533
f 1540 1537 1531
f 1411 1540 1407
f 1407 1540 1531
f 1534 1535 1414
f 1535 1413 1414
f 1535 1541 1413
f 1534 1414 1408
f 1542 1539 1537
f 1544 1543 1542
f 1537 1544 1542
f 1540 1544 1537
f 1416 1544 1411
f 1411 1544 1540
f 1541 1418 1413
f 1545 1418 1541
f 1543 1544 1546
f 1543 1546 1547
f 1419 1548 1416
f 1548 1544 1416
f 1548 1546 1544
f 1420 1548 1419
f 1545 1422 1418
f 1549 1422 1545
f 1547 1546 1550
f 1547 1550 1551
f 1425 1550 1424
f 1550 1548 1424
f 1550 1546 1548
f 1424 1548 1420
f 1553 1552 1427
f 1427 1552 1426
f 1427 1422 1549
f 1427 1549 1553
f 1551 1550 1554
f 1551 1554 1555
f 1429 1554 1425
f 1425 1554 1550
f 1552 1430 1426
f 1556 1430 1552
f 1559 1558 1557
f 1557 1558 1555
f 1554 1557 1555
f 1560 1557 1554
f 1431 1560 1429
f 1429 1560 1554
f 1556 1433 1430
f 1561 1433 1556
f 1559 1557 1562
f 1559 1562 1563
f 1564 1557 1560
f 1562 1557 1564
f 1434 1564 1431
f 1431 1564 1560
f 1565 1435 1436
f 1566 1565 1436
f 1433 1566 1436
f 1561 1566 1433
f 1569 1568 1567
f 1567 1568 1563
f 1562 1567 1563
f 1570 1567 1562
f 1439 1570 1438
f 1570 1564 1438
f 1570 1562 1564
f 1438 1564 1434
f 1572 1571 1565
f 1571 1435 1565
f 1571 1440 1435
f 1572 1565 1566
f 1575 1574 1573
f 1442 1443 1573
f 1574 1442 1573
f 1576 1442 1574
f 1567 1445 1569
f 1445 1576 1569
f 1445 1442 1576
f 1445 1567 1447
f 1447 1567 1570
f 1447 1570 1439
f 1571 1448 1440
f 1577 1448 1571
f 1575 1573 1578
f 1575 1578 1579
f 1450 1578 1443
f 1443 1578 1573
f 1577 1451 1448
f 1580 1451 1577
f 1579 1578 1581
f 1579 1581 1582
f 1453 1581 1450
f 1450 1581 1578
f 1580 1455 1451
f 1583 1455 1580
f 1582 1581 1584
f 1582 1584 1585
f 1457 1584 1453
f 1453 1584 1581
f 1583 1586 1455
f 1455 1586 1458
f 1458 1587 1459
f 1586 1587 1458
f 1460 1459 1587
f 1460 1587 1588
f 1585 1584 1589
f 1585 1589 1590
f 1462 1589 1457
f 1457 1589 1584
f 1464 1460 1591
f 1460 1592 1591
f 1460 1588 1592
f 1591 1465 1464
f 1590 1589 1467
f 1468 1590 1467
f 1593 1590 1468
f 1467 1589 1462
f 1592 1594 1591
f 1591 1594 1465
f 1594 1470 1465
f 1594 1595 1470
f 1471 1470 1595
f 1471 1595 1596
f 1468 1472 1597
f 1598 1468 1597
f 1593 1468 1598
f 1473 1597 1472
f 1596 1475 1471
f 1599 1475 1596
f 1600 1598 1597
f 1597 1473 1600
f 1473 1601 1600
f 1473 1477 1601
f 1599 1602 1475
f 1475 1602 1479
f 1480 1479 1602
f 1480 1602 1603
f 1605 1604 1482
f 1605 1482 1483
f 1607 1606 1484
f 1482 1607 1484
f 1604 1607 1482
f 1608 1606 1607
f 1611 1610 1609
f 1610 1601 1609
f 1601 1486 1609
f 1601 1477 1486
f 1603 1612 1480
f 1480 1612 1488
f 1483 1488 1605
f 1605 1488 1612
f 1606 1489 1484
f 1614 1613 1490
f 1614 1490 1489
f 1608 1614 1489
f 1606 1608 1489
f 1616 1615 1613
f 1616 1613 1614
f 1615 1616 1611
f 1609 1615 1611
f 1617 1615 1609
f 1492 1617 1486
f 1486 1617 1609
f 1613 1495 1490
f 1495 1613 1496
f 1496 1613 1615
f 1496 1615 1497
f 1615 1618 1497
f 1615 1617 1618
f 1499 1618 1492
f 1492 1618 1617
f 1618 1501 1497
f 1501 1618 1499
f 1619 1504 1505
f 1506 1620 1505
f 1505 1620 1619
f 1508 1620 1506
f 1622 1621 1511
f 1511 1621 1510
f 1623 1511 1512
f 1623 1622 1511
f 1624 1512 1513
f 1624 1623 1512
f 1513 1504 1619
f 1625 1513 1619
f 1624 1513 1625
f 1625 1619 1620
f 1625 1620 1626
f 1626 1620 1508
f 1514 1626 1508
f 1627 1626 1514
f 1628 1514 1515
f 1628 1627 1514
f 1629 1515 1516
f 1629 1628 1515
f 1516 1518 1629
f 1629 1518 1630
f 1632 1631 1520
f 1520 1631 1519
f 1520 1510 1621
f 1520 1621 1632
f 1518 1521 1633
f 1634 1518 1633
f 1630 1518 1634
f 1522 1633 1521
f 1636 1635 1524
f 1524 1635 1523
f 1524 1519 1631
f 1524 1631 1636
f 1639 1638 1637
f 1637 1638 1634
f 1637 1634 1633
f 1526 1637 1633
f 1525 1526 1633
f 1525 1633 1522
f 1641 1640 1529
f 1529 1640 1528
f 1642 1529 1530
f 1642 1641 1529
f 1530 1523 1635
f 1530 1635 1642
f 1645 1644 1643
f 1643 1644 1639
f 1643 1639 1637
f 1533 1643 1637
f 1532 1533 1637
f 1532 1637 1526
f 1647 1646 1536
f 1536 1646 1535
f 1536 1528 1640
f 1536 1640 1647
f 1650 1649 1648
f 1648 1649 1645
f 1648 1645 1643
f 1539 1648 1643
f 1538 1539 1643
f 1538 1643 1533
f 1646 1541 1535
f 1651 1541 1646
f 1650 1648 1652
f 1650 1652 1653
f 1542 1654 1539
f 1654 1648 1539
f 1654 1652 1648
f 1543 1654 1542
f 1651 1545 1541
f 1655 1545 1651
f 1653 1652 1656
f 1653 1656 1657
f 1658 1652 1654
f 1656 1652 1658
f 1547 1658 1543
f 1543 1658 1654
f 1661 1660 1659
f 1655 1661 1659
f 1549 1655 1659
f 1545 1655 1549
f 1657 1656 1662
f 1657 1662 1663
f 1664 1656 1658
f 1662 1656 1664
f 1551 1664 1547
f 1547 1664 1658
f 1659 1660 1553
f 1660 1552 1553
f 1660 1665 1552
f 1659 1553 1549
f 1663 1662 1666
f 1663 1666 1667
f 1668 1662 1664
f 1666 1662 1668
f 1555 1668 1551
f 1551 1668 1664
f 1665 1556 1552
f 1669 1556 1665
f 1667 1666 1670
f 1667 1670 1671
f 1559 1670 1558
f 1670 1668 1558
f 1670 1666 1668
f 1558 1668 1555
f 1669 1561 1556
f 1672 1561 1669
f 1671 1670 1673
f 1671 1673 1674
f 1563 1673 1559
f 1559 1673 1670
f 1672 1566 1561
f 1675 1566 1672
f 1678 1677 1676
f 1676 1677 1674
f 1676 1674 1673
f 1569 1676 1673
f 1568 1569 1673
f 1568 1673 1563
f 1679 1571 1572
f 1680 1679 1572
f 1566 1680 1572
f 1675 1680 1566
f 1682 1681 1574
f 1682 1574 1575
f 1676 1576 1678
f 1576 1681 1678
f 1576 1574 1681
f 1576 1676 1569
f 1683 1577 1679
f 1679 1577 1571
f 1679 1680 1684
f 1679 1684 1683
f 1687 1686 1685
f 1686 1682 1685
f 1682 1579 1685
f 1682 1575 1579
f 1688 1580 1683
f 1683 1580 1577
f 1683 1684 1689
f 1683 1689 1688
f 1687 1685 1690
f 1687 1690 1691
f 1582 1690 1579
f 1579 1690 1685
f 1692 1583 1688
f 1688 1583 1580
f 1688 1689 1693
f 1688 1693 1692
f 1691 1690 1694
f 1691 1694 1695
f 1585 1694 1582
f 1582 1694 1690
f 1692 1586 1583
f 1693 1696 1692
f 1696 1586 1692
f 1696 1587 1586
f 1588 1587 1696
f 1588 1696 1697
f 1700 1699 1698
f 1698 1699 1695
f 1694 1698 1695
f 1701 1698 1694
f 1590 1701 1585
f 1585 1701 1694
f 1703 1592 1702
f 1592 1697 1702
f 1592 1588 1697
f 1704 1703 1702
f 1705 1700 1698
f 1707 1706 1705
f 1698 1707 1705
f 1701 1707 1698
f 1593 1707 1590
f 1590 1707 1701
f 1703 1594 1592
f 1704 1708 1703
f 1708 1594 1703
f 1708 1595 1594
f 1596 1595 1708
f 1596 1708 1709
f 1706 1707 1710
f 1706 1710 1711
f 1598 1710 1593
f 1593 1710 1707
f 1713 1599 1712
f 1599 1709 1712
f 1599 1596 1709
f 1714 1713 1712
f 1715 1711 1710
f 1717 1715 1716
f 1716 1715 1600
f 1715 1710 1600
f 1710 1598 1600
f 1601 1716 1600
f 1713 1602 1599
f 1719 1718 1603
f 1719 1603 1602
f 1714 1719 1602
f 1713 1714 1602
f 1719 1605 1718
f 1719 1604 1605
f 1719 1721 1720
f 1604 1719 1720
f 1604 1720 1722
f 1723 1604 1722
f 1607 1604 1723
f 1725 1724 1608
f 1607 1725 1608
f 1723 1725 1607
f 1727 1726 1724
f 1727 1724 1725
f 1726 1727 1717
f 1726 1717 1716
f 1611 1726 1716
f 1610 1611 1716
f 1610 1716 1601
f 1718 1612 1603
f 1721 1728 1720
f 1612 1718 1605
f 1720 1728 1722
f 1724 1614 1608
f 1614 1724 1616
f 1616 1724 1726
f 1616 1726 1611
f 1729 1621 1622
f 1729 1622 1730
f 1622 1731 1730
f 1622 1623 1731
f 1732 1623 1624
f 1732 1731 1623
f 1733 1624 1625
f 1733 1732 1624
f 1734 1625 1626
f 1734 1733 1625
f 1735 1626 1627
f 1735 1734 1626
f 1737 1735 1736
f 1735 1628 1736
f 1735 1627 1628
f 1629 1738 1628
f 1628 1738 1736
f 1630 1738 1629
f 1741 1740 1739
f 1631 1632 1739
f 1632 1741 1739
f 1632 1742 1741
f 1632 1621 1729
f 1743 1632 1729
f 1742 1632 1743
f 1743 1729 1730
f 1744 1737 1736
f 1744 1736 1738
f 1744 1738 1745
f 1738 1630 1745
f 1630 1746 1745
f 1630 1634 1746
f 1749 1748 1747
f 1749 1747 1740
f 1740 1747 1739
f 1747 1635 1739
f 1635 1636 1739
f 1739 1636 1631
f 1751 1750 1638
f 1751 1638 1639
f 1634 1638 1746
f 1746 1638 1750
f 1753 1752 1641
f 1641 1752 1640
f 1642 1747 1748
f 1753 1642 1748
f 1641 1642 1753
f 1747 1642 1635
f 1756 1755 1754
f 1644 1645 1754
f 1755 1644 1754
f 1757 1644 1755
f 1639 1644 1751
f 1751 1644 1757
f 1759 1758 1647
f 1647 1758 1646
f 1647 1640 1752
f 1647 1752 1759
f 1762 1761 1760
f 1760 1761 1756
f 1760 1756 1754
f 1650 1760 1754
f 1649 1650 1754
f 1649 1754 1645
f 1758 1651 1646
f 1763 1651 1758
f 1766 1765 1764
f 1764 1765 1762
f 1760 1764 1762
f 1767 1764 1760
f 1653 1767 1650
f 1650 1767 1760
f 1770 1769 1768
f 1763 1770 1768
f 1655 1763 1768
f 1651 1763 1655
f 1766 1764 1771
f 1766 1771 1772
f 1773 1764 1767
f 1771 1764 1773
f 1657 1773 1653
f 1653 1773 1767
f 1768 1769 1661
f 1769 1660 1661
f 1769 1774 1660
f 1768 1661 1655
f 1775 1772 1771
f 1777 1776 1775
f 1771 1777 1775
f 1773 1777 1771
f 1663 1777 1657
f 1657 1777 1773
f 1774 1665 1660
f 1778 1665 1774
f 1776 1777 1779
f 1776 1779 1780
f 1667 1779 1663
f 1663 1779 1777
f 1778 1669 1665
f 1781 1669 1778
f 1780 1779 1782
f 1780 1782 1783
f 1671 1782 1667
f 1667 1782 1779
f 1781 1672 1669
f 1784 1672 1781
f 1783 1782 1785
f 1783 1785 1786
f 1674 1785 1671
f 1671 1785 1782
f 1784 1675 1672
f 1787 1675 1784
f 1790 1789 1788
f 1792 1791 1788
f 1792 1788 1789
f 1791 1792 1786
f 1791 1786 1785
f 1678 1791 1785
f 1677 1678 1785
f 1677 1785 1674
f 1787 1680 1675
f 1793 1680 1787
f 1790 1788 1794
f 1790 1794 1795
f 1682 1794 1681
f 1794 1791 1681
f 1794 1788 1791
f 1681 1791 1678
f 1793 1684 1680
f 1796 1684 1793
f 1795 1794 1686
f 1687 1795 1686
f 1797 1795 1687
f 1686 1794 1682
f 1796 1689 1684
f 1798 1689 1796
f 1801 1800 1799
f 1803 1802 1799
f 1803 1799 1800
f 1803 1797 1802
f 1797 1691 1802
f 1797 1687 1691
f 1798 1693 1689
f 1804 1693 1798
f 1801 1799 1805
f 1801 1805 1806
f 1807 1799 1802
f 1805 1799 1807
f 1695 1807 1691
f 1691 1807 1802
f 1804 1808 1693
f 1693 1808 1696
f 1810 1809 1697
f 1696 1810 1697
f 1808 1810 1696
f 1811 1809 1810
f 1806 1805 1812
f 1806 1812 1813
f 1700 1812 1699
f 1812 1807 1699
f 1812 1805 1807
f 1699 1807 1695
f 1809 1702 1697
f 1815 1814 1704
f 1815 1704 1702
f 1811 1815 1702
f 1809 1811 1702
f 1816 1814 1815
f 1817 1813 1812
f 1819 1817 1818
f 1818 1817 1705
f 1817 1812 1705
f 1812 1700 1705
f 1706 1818 1705
f 1814 1708 1704
f 1821 1820 1709
f 1821 1709 1708
f 1816 1821 1708
f 1814 1816 1708
f 1822 1820 1821
f 1819 1818 1823
f 1819 1823 1824
f 1711 1823 1706
f 1706 1823 1818
f 1820 1712 1709
f 1714 1712 1820
f 1822 1714 1820
f 1825 1714 1822
f 1826 1824 1823
f 1828 1826 1827
f 1827 1826 1715
f 1826 1823 1715
f 1823 1711 1715
f 1717 1827 1715
f 1825 1829 1714
f 1714 1829 1719
f 1721 1719 1829
f 1721 1829 1830
f 1722 1831 1723
f 1723 1831 1832
f 1833 1723 1832
f 1725 1723 1833
f 1827 1727 1828
f 1727 1833 1828
f 1727 1725 1833
f 1727 1827 1717
f 1830 1834 1721
f 1721 1834 1728
f 1722 1728 1831
f 1728 1835 1831
f 1728 1834 1835
f 1831 1835 1832
f 1836 1730 1731
f 1836 1731 1837
f 1731 1838 1837
f 1731 1732 1838
f 1839 1732 1733
f 1839 1838 1732
f 1841 1839 1840
f 1839 1734 1840
f 1839 1733 1734
f 1735 1842 1734
f 1734 1842 1840
f 1737 1842 1735
f 1844 1843 1741
f 1741 1843 1740
f 1845 1741 1742
f 1845 1844 1741
f 1846 1742 1743
f 1846 1845 1742
f 1743 1730 1836
f 1847 1743 1836
f 1846 1743 1847
f 1847 1836 1837
f 1848 1841 1840
f 1848 1840 1842
f 1848 1842 1849
f 1849 1842 1737
f 1744 1849 1737
f 1850 1849 1744
f 1851 1744 1745
f 1851 1850 1744
f 1745 1746 1851
f 1851 1746 1852
f 1854 1853 1749
f 1749 1853 1748
f 1749 1740 1843
f 1749 1843 1854
f 1856 1855 1750
f 1856 1750 1751
f 1746 1750 1852
f 1852 1750 1855
f 1858 1857 1753
f 1753 1857 1752
f 1753 1748 1853
f 1753 1853 1858
f 1860 1859 1755
f 1860 1755 1756
f 1755 1861 1757
f 1859 1861 1755
f 1751 1757 1856
f 1856 1757 1861
f 1863 1862 1759
f 1759 1862 1758
f 1759 1752 1857
f 1759 1857 1863
f 1866 1865 1864
f 1761 1762 1864
f 1865 1761 1864
f 1867 1761 1865
f 1756 1761 1860
f 1860 1761 1867
f 1862 1763 1758
f 1868 1763 1862
f 1871 1870 1869
f 1869 1870 1866
f 1869 1866 1864
f 1766 1869 1864
f 1765 1766 1864
f 1765 1864 1762
f 1873 1872 1770
f 1770 1872 1769
f 1770 1763 1868
f 1770 1868 1873
f 1876 1875 1874
f 1874 1875 1871
f 1869 1874 1871
f 1877 1874 1869
f 1772 1877 1766
f 1766 1877 1869
f 1872 1774 1769
f 1878 1774 1872
f 1876 1874 1879
f 1876 1879 1880
f 1881 1874 1877
f 1879 1874 1881
f 1775 1882 1772
f 1882 1877 1772
f 1882 1881 1877
f 1776 1882 1775
f 1878 1778 1774
f 1883 1778 1878
f 1880 1879 1884
f 1880 1884 1885
f 1886 1879 1881
f 1884 1879 1886
f 1887 1881 1882
f 1886 1881 1887
f 1780 1887 1776
f 1776 1887 1882
f 1883 1781 1778
f 1888 1781 1883
f 1889 1885 1884
f 1889 1884 1886
f 1889 1886 1890
f 1892 1891 1890
f 1886 1892 1890
f 1887 1892 1886
f 1783 1892 1780
f 1780 1892 1887
f 1888 1784 1781
f 1893 1784 1888
f 1891 1892 1894
f 1891 1894 1895
f 1786 1894 1783
f 1783 1894 1892
f 1897 1787 1896
f 1787 1893 1896
f 1787 1784 1893
f 1898 1897 1896
f 1901 1900 1899
f 1789 1790 1899
f 1900 1789 1899
f 1902 1789 1900
f 1894 1792 1895
f 1792 1902 1895
f 1792 1789 1902
f 1792 1894 1786
f 1903 1793 1897
f 1897 1793 1787
f 1897 1898 1904
f 1897 1904 1903
f 1901 1899 1905
f 1901 1905 1906
f 1795 1905 1790
f 1790 1905 1899
f 1908 1907 1903
f 1907 1793 1903
f 1907 1796 1793
f 1908 1903 1904
f 1911 1910 1909
f 1909 1910 1906
f 1905 1909 1906
f 1912 1909 1905
f 1797 1912 1795
f 1795 1912 1905
f 1907 1798 1796
f 1913 1798 1907
f 1916 1915 1914
f 1914 1915 1911
f 1914 1911 1909
f 1801 1914 1909
f 1800 1801 1909
f 1800 1909 1803
f 1803 1909 1912
f 1803 1912 1797
f 1913 1804 1798
f 1917 1804 1913
f 1916 1914 1918
f 1916 1918 1919
f 1806 1918 1801
f 1801 1918 1914
f 1917 1920 1804
f 1804 1920 1808
f 1920 1922 1921
f 1810 1920 1921
f 1808 1920 1810
f 1921 1811 1810
f 1919 1918 1923
f 1919 1923 1924
f 1813 1923 1806
f 1806 1923 1918
f 1922 1925 1921
f 1921 1925 1811
f 1925 1815 1811
f 1925 1926 1815
f 1816 1815 1926
f 1816 1926 1927
f 1928 1924 1923
f 1930 1928 1929
f 1929 1928 1817
f 1928 1923 1817
f 1923 1813 1817
f 1819 1929 1817
f 1927 1931 1816
f 1816 1931 1821
f 1822 1821 1931
f 1822 1931 1932
f 1930 1929 1933
f 1930 1933 1934
f 1824 1933 1819
f 1819 1933 1929
f 1932 1825 1822
f 1935 1825 1932
f 1936 1934 1933
f 1938 1936 1937
f 1937 1936 1826
f 1936 1933 1826
f 1933 1824 1826
f 1828 1937 1826
f 1935 1939 1825
f 1825 1939 1829
f 1941 1940 1830
f 1829 1941 1830
f 1939 1941 1829
f 1942 1940 1941
f 1938 1937 1833
f 1832 1938 1833
f 1943 1938 1832
f 1833 1937 1828
f 1940 1834 1830
f 1942 1944 1940
f 1944 1834 1940
f 1944 1835 1834
f 1832 1835 1943
f 1943 1835 1944
f 1945 1837 1838
f 1839 1946 1838
f 1838 1946 1945
f 1841 1946 1839
f 1948 1947 1844
f 1844 1947 1843
f 1949 1844 1845
f 1949 1948 1844
f 1950 1845 1846
f 1950 1949 1845
f 1951 1846 1847
f 1951 1950 1846
f 1847 1837 1945
f 1952 1847 1945
f 1951 1847 1952
f 1952 1945 1946
f 1952 1946 1953
f 1953 1946 1841
f 1848 1953 1841
f 1954 1953 1848
f 1955 1848 1849
f 1955 1954 1848
f 1956 1849 1850
f 1956 1955 1849
f 1958 1956 1957
f 1956 1851 1957
f 1956 1850 1851
f 1852 1957 1851
f 1961 1960 1959
f 1853 1854 1959
f 1854 1961 1959
f 1854 1962 1961
f 1854 1843 1947
f 1854 1947 1962
f 1965 1964 1963
f 1963 1964 1958
f 1963 1958 1957
f 1856 1963 1957
f 1855 1856 1957
f 1855 1957 1852
f 1959 1960 1858
f 1960 1857 1858
f 1960 1966 1857
f 1959 1858 1853
f 1968 1967 1859
f 1968 1859 1860
f 1963 1861 1965
f 1861 1967 1965
f 1861 1859 1967
f 1861 1963 1856
f 1970 1969 1863
f 1863 1969 1862
f 1863 1857 1966
f 1863 1966 1970
f 1972 1971 1865
f 1972 1865 1866
f 1865 1973 1867
f 1971 1973 1865
f 1860 1867 1968
f 1968 1867 1973
f 1969 1868 1862
f 1974 1868 1969
f 1977 1976 1975
f 1870 1871 1975
f 1976 1870 1975
f 1978 1870 1976
f 1866 1870 1972
f 1972 1870 1978
f 1980 1979 1873
f 1873 1979 1872
f 1873 1868 1974
f 1873 1974 1980
f 1983 1982 1981
f 1981 1982 1977
f 1981 1977 1975
f 1876 1981 1975
f 1875 1876 1975
f 1875 1975 1871
f 1979 1878 1872
f 1984 1878 1979
f 1983 1981 1985
f 1983 1985 1986
f 1880 1985 1876
f 1876 1985 1981
f 1984 1883 1878
f 1987 1883 1984
f 1990 1989 1988
f 1988 1989 1986
f 1985 1988 1986
f 1991 1988 1985
f 1885 1991 1880
f 1880 1991 1985
f 1987 1888 1883
f 1992 1888 1987
f 1990 1988 1993
f 1990 1993 1994
f 1995 1988 1991
f 1993 1988 1995
f 1889 1996 1885
f 1996 1991 1885
f 1996 1995 1991
f 1890 1997 1889
f 1889 1997 1996
f 1891 1997 1890
f 1992 1893 1888
f 1998 1893 1992
f 1999 1994 1993
f 2001 2000 1999
f 1993 2001 1999
f 1995 2001 1993
f 2002 1995 1996
f 2001 1995 2002
f 2003 1996 1997
f 2002 1996 2003
f 1895 2003 1891
f 1891 2003 1997
f 1998 2004 1893
f 1893 2004 1896
f 1898 1896 2004
f 1898 2004 2005
f 2000 2001 2006
f 2000 2006 2007
f 1901 2006 1900
f 2006 2002 1900
f 2006 2001 2002
f 1900 2002 1902
f 1902 2002 2003
f 1902 2003 1895
f 2005 1904 1898
f 2008 1904 2005
f 2007 2006 2009
f 2007 2009 2010
f 1906 2009 1901
f 1901 2009 2006
f 2012 2011 1908
f 1908 2011 1907
f 1908 1904 2008
f 1908 2008 2012
f 2015 2014 2013
f 2013 2014 2010
f 2013 2010 2009
f 1911 2013 2009
f 1910 1911 2009
f 1910 2009 1906
f 2011 1913 1907
f 2016 1913 2011
f 2019 2018 2017
f 2017 2018 2015
f 2017 2015 2013
f 1916 2017 2013
f 1915 1916 2013
f 1915 2013 1911
f 2016 1917 1913
f 2020 1917 2016
f 2019 2017 2021
f 2019 2021 2022
f 1919 2021 1916
f 1916 2021 2017
f 2020 2023 1917
f 1917 2023 1920
f 1922 1920 2023
f 1922 2023 2024
f 2022 2021 2025
f 2022 2025 2026
f 1924 2025 1919
f 1919 2025 2021
f 2024 2027 1922
f 1922 2027 1925
f 2027 2029 2028
f 1926 2027 2028
f 1925 2027 1926
f 2028 1927 1926
f 2026 2025 2030
f 2026 2030 2031
f 1928 2032 1924
f 2032 2025 1924
f 2032 2030 2025
f 1930 2032 1928
f 2029 2033 2028
f 2033 2035 2034
f 2033 2034 1931
f 2028 2033 1931
f 1927 2028 1931
f 2030 2036 2031
f 1932 1931 2034
f 2038 2037 2036
f 2030 2038 2036
f 2032 2038 2030
f 1934 2038 1930
f 1930 2038 2032
f 2035 2039 2034
f 1932 2034 2039
f 2040 1932 2039
f 1935 1932 2040
f 2037 2038 2041
f 2037 2041 2042
f 1936 2043 1934
f 2043 2038 1934
f 2043 2041 2038
f 1938 2043 1936
f 2040 2044 1935
f 1935 2044 1939
f 2041 1941 2042
f 1941 2044 2042
f 1941 1939 2044
f 1941 2041 1942
f 2041 2045 1942
f 2041 2043 2045
f 1943 2045 1938
f 1938 2045 2043
f 2045 1944 1942
f 1944 2045 1943
f 2048 2047 2046
f 2050 2049 2046
f 2046 2049 2048
f 2050 2051 2049
f 2052 1947 1948
f 2052 1948 2053
f 1948 2054 2053
f 1948 1949 2054
f 2055 1949 1950
f 2055 2054 1949
f 2056 1950 1951
f 2056 2055 1950
f 2057 1951 1952
f 2057 2056 1951
f 2058 1952 1953
f 2058 2057 1952
f 2059 1953 1954
f 2059 2058 1953
f 1955 2046 2047
f 2059 1955 2047
f 1954 1955 2059
f 2046 1955 1956
f 2046 1956 2050
f 1956 1958 2050
f 1958 2051 2050
f 1958 2060 2051
f 2061 1960 1961
f 2061 1961 2062
f 1961 2063 2062
f 1961 1962 2063
f 1962 1947 2052
f 2064 1962 2052
f 2063 1962 2064
f 2064 2052 2053
f 2067 2066 2065
f 1964 1965 2065
f 2066 1964 2065
f 2068 1964 2066
f 1958 1964 2060
f 2060 1964 2068
f 2070 2069 2061
f 2069 1960 2061
f 2069 1966 1960
f 2070 2061 2062
f 2073 2072 2071
f 2071 2072 2067
f 2071 2067 2065
f 1968 2071 2065
f 1967 1968 2065
f 1967 2065 1965
f 2075 2074 1970
f 1970 2074 1969
f 1970 1966 2069
f 1970 2069 2075
f 2078 2077 2076
f 1971 1972 2076
f 2077 1971 2076
f 2079 1971 2077
f 2071 1973 2073
f 1973 2079 2073
f 1973 1971 2079
f 1973 2071 1968
f 2074 1974 1969
f 2080 1974 2074
f 1977 2081 1976
f 2082 2078 2076
f 1976 2082 2076
f 1978 1976 2076
f 2082 1976 2081
f 1978 2076 1972
f 2083 1979 1980
f 2084 2083 1980
f 1974 2084 1980
f 2080 2084 1974
f 1983 2085 1982
f 2085 2086 1982
f 1982 2086 1977
f 2086 2087 1977
f 2087 2081 1977
f 2081 2087 2082
f 2089 2088 2083
f 2088 1979 2083
f 2088 1984 1979
f 2089 2083 2084
f 2092 2091 2090
f 2091 2093 2085
f 1986 2091 2085
f 1983 1986 2085
f 2090 2091 1986
f 2085 2093 2086
f 2088 1987 1984
f 2094 1987 2088
f 2092 2090 1989
f 1990 2092 1989
f 2095 2092 1990
f 1989 2090 1986
f 2094 1992 1987
f 2096 1992 2094
f 1994 2095 1990
f 1994 2097 2095
f 2096 1998 1992
f 2098 1998 2096
f 1994 1999 2099
f 2100 1994 2099
f 2097 1994 2100
f 2000 2099 1999
f 2004 1998 2101
f 1998 2102 2101
f 1998 2098 2102
f 2101 2005 2004
f 2100 2099 2103
f 2100 2103 2104
f 2007 2103 2000
f 2000 2103 2099
f 2102 2105 2101
f 2005 2101 2105
f 2106 2005 2105
f 2008 2005 2106
f 2109 2108 2107
f 2107 2108 2104
f 2103 2107 2104
f 2110 2107 2103
f 2010 2110 2007
f 2007 2110 2103
f 2112 2111 2012
f 2012 2111 2011
f 2012 2008 2106
f 2012 2106 2112
f 2109 2107 2113
f 2109 2113 2114
f 2015 2113 2014
f 2113 2110 2014
f 2113 2107 2110
f 2014 2110 2010
f 2111 2016 2011
f 2115 2016 2111
f 2114 2113 2018
f 2019 2114 2018
f 2116 2114 2019
f 2018 2113 2015
f 2115 2020 2016
f 2117 2020 2115
f 2120 2119 2118
f 2119 2116 2118
f 2116 2022 2118
f 2116 2019 2022
f 2117 2121 2020
f 2020 2121 2023
f 2024 2023 2121
f 2024 2121 2122
f 2120 2118 2123
f 2120 2123 2124
f 2026 2123 2022
f 2022 2123 2118
f 2027 2024 2125
f 2024 2126 2125
f 2024 2122 2126
f 2125 2029 2027
f 2124 2123 2127
f 2124 2127 2128
f 2031 2127 2026
f 2026 2127 2123
f 2126 2129 2125
f 2125 2129 2029
f 2129 2033 2029
f 2129 2130 2033
f 2130 2128 2033
f 2127 2033 2128
f 2033 2127 2035
f 2131 2035 2127
f 2035 2131 2132
f 2134 2131 2133
f 2133 2131 2036
f 2131 2127 2036
f 2127 2031 2036
f 2037 2133 2036
f 2132 2135 2035
f 2035 2135 2039
f 2133 2136 2040
f 2135 2133 2040
f 2039 2135 2040
f 2134 2133 2135
f 2042 2136 2037
f 2037 2136 2133
f 2136 2044 2040
f 2044 2136 2042
f 2139 2138 2137
f 2141 2140 2137
f 2137 2140 2139
f 2047 2048 2141
f 2048 2140 2141
f 2048 2142 2140
f 2144 2142 2143
f 2142 2049 2143
f 2142 2048 2049
f 2051 2143 2049
f 2145 2053 2054
f 2055 2146 2054
f 2054 2146 2145
f 2146 2055 2147
f 2055 2148 2147
f 2055 2056 2148
f 2149 2056 2057
f 2149 2148 2056
f 2058 2137 2138
f 2149 2058 2138
f 2057 2058 2149
f 2137 2058 2059
f 2137 2059 2141
f 2141 2059 2047
f 2150 2144 2143
f 2143 2051 2150
f 2051 2151 2150
f 2051 2060 2151
f 2152 2062 2063
f 2152 2063 2153
f 2063 2154 2153
f 2063 2064 2154
f 2064 2053 2145
f 2155 2064 2145
f 2154 2064 2155
f 2155 2145 2146
f 2155 2146 2156
f 2156 2146 2147
f 2159 2158 2157
f 2066 2067 2157
f 2158 2066 2157
f 2160 2066 2158
f 2066 2161 2068
f 2160 2161 2066
f 2060 2068 2151
f 2151 2068 2161
f 2163 2162 2070
f 2070 2162 2069
f 2070 2062 2152
f 2164 2070 2152
f 2163 2070 2164
f 2164 2152 2153
f 2167 2166 2165
f 2165 2166 2159
f 2165 2159 2157
f 2073 2165 2157
f 2072 2073 2157
f 2072 2157 2067
f 2168 2074 2075
f 2169 2168 2075
f 2069 2169 2075
f 2162 2169 2069
f 2171 2170 2077
f 2171 2077 2078
f 2165 2079 2167
f 2079 2170 2167
f 2079 2077 2170
f 2079 2165 2073
f 2173 2172 2168
f 2172 2074 2168
f 2172 2080 2074
f 2173 2168 2169
f 2176 2175 2174
f 2175 2171 2174
f 2171 2082 2174
f 2171 2078 2082
f 2172 2084 2080
f 2177 2084 2172
f 2180 2179 2178
f 2178 2179 2176
f 2178 2176 2174
f 2086 2178 2174
f 2087 2086 2174
f 2087 2174 2082
f 2182 2181 2089
f 2089 2181 2088
f 2089 2084 2177
f 2089 2177 2182
f 2185 2184 2183
f 2091 2092 2183
f 2184 2091 2183
f 2186 2091 2184
f 2178 2093 2180
f 2093 2186 2180
f 2093 2091 2186
f 2093 2178 2086
f 2189 2188 2187
f 2181 2189 2187
f 2094 2181 2187
f 2088 2181 2094
f 2185 2183 2190
f 2185 2190 2191
f 2095 2190 2092
f 2092 2190 2183
f 2187 2188 2192
f 2192 2188 2193
f 2192 2096 2094
f 2192 2094 2187
f 2191 2190 2194
f 2191 2194 2195
f 2097 2194 2095
f 2095 2194 2190
f 2193 2196 2192
f 2096 2192 2196
f 2197 2096 2196
f 2098 2096 2197
f 2195 2194 2198
f 2195 2198 2199
f 2100 2198 2097
f 2097 2198 2194
f 2197 2102 2098
f 2200 2102 2197
f 2199 2198 2201
f 2199 2201 2202
f 2104 2201 2100
f 2100 2201 2198
f 2200 2203 2102
f 2102 2203 2105
f 2106 2105 2203
f 2106 2203 2204
f 2202 2201 2108
f 2109 2202 2108
f 2205 2202 2109
f 2108 2201 2104
f 2207 2206 2112
f 2112 2206 2111
f 2112 2106 2204
f 2112 2204 2207
f 2210 2209 2208
f 2209 2205 2208
f 2205 2114 2208
f 2205 2109 2114
f 2206 2115 2111
f 2211 2115 2206
f 2210 2208 2212
f 2210 2212 2213
f 2116 2212 2114
f 2114 2212 2208
f 2216 2215 2214
f 2211 2216 2214
f 2117 2211 2214
f 2115 2211 2117
f 2219 2218 2217
f 2217 2218 2213
f 2217 2213 2212
f 2120 2217 2212
f 2119 2120 2212
f 2119 2212 2116
f 2215 2220 2214
f 2220 2222 2221
f 2220 2221 2121
f 2214 2220 2121
f 2117 2214 2121
f 2221 2122 2121
f 2219 2217 2223
f 2219 2223 2224
f 2124 2223 2120
f 2120 2223 2217
f 2222 2225 2221
f 2122 2221 2225
f 2226 2122 2225
f 2126 2122 2226
f 2224 2223 2227
f 2224 2227 2228
f 2128 2227 2124
f 2124 2227 2223
f 2226 2229 2126
f 2126 2229 2129
f 2227 2130 2228
f 2130 2229 2228
f 2130 2129 2229
f 2130 2227 2128
f 2230 2132 2131
f 2134 2230 2131
f 2230 2135 2132
f 2135 2230 2134
f 2231 2138 2139
f 2140 2232 2139
f 2139 2232 2231
f 2142 2233 2140
f 2140 2233 2232
f 2144 2233 2142
f 2236 2235 2234
f 2238 2237 2234
f 2234 2237 2236
f 2147 2148 2238
f 2148 2237 2238
f 2148 2239 2237
f 2240 2148 2149
f 2240 2239 2148
f 2240 2149 2138
f 2241 2240 2138
f 2231 2241 2138
f 2240 2241 2242
f 2243 2231 2232
f 2241 2231 2243
f 2244 2232 2233
f 2243 2232 2244
f 2150 2245 2144
f 2245 2233 2144
f 2245 2244 2233
f 2151 2245 2150
f 2248 2247 2246
f 2153 2154 2246
f 2154 2248 2246
f 2154 2249 2248
f 2155 2234 2235
f 2249 2155 2235
f 2154 2155 2249
f 2234 2155 2156
f 2234 2156 2238
f 2238 2156 2147
f 2242 2241 2250
f 2242 2250 2251
f 2159 2250 2158
f 2250 2243 2158
f 2250 2241 2243
f 2158 2243 2160
f 2160 2243 2244
f 2160 2244 2161
f 2161 2244 2245
f 2161 2245 2151
f 2253 2252 2163
f 2163 2252 2162
f 2164 2246 2247
f 2253 2164 2247
f 2163 2164 2253
f 2246 2164 2153
f 2256 2255 2254
f 2254 2255 2251
f 2254 2251 2250
f 2167 2254 2250
f 2166 2167 2250
f 2166 2250 2159
f 2252 2169 2162
f 2257 2169 2252
f 2256 2254 2170
f 2171 2256 2170
f 2258 2256 2171
f 2170 2254 2167
f 2259 2172 2173
f 2169 2257 2260
f 2259 2169 2260
f 2261 2259 2260
f 2173 2169 2259
f 2263 2262 2261
f 2263 2261 2260
f 2265 2264 2262
f 2265 2262 2263
f 2267 2266 2264
f 2267 2264 2265
f 2269 2268 2266
f 2269 2266 2267
f 2175 2176 2268
f 2269 2175 2268
f 2270 2175 2269
f 2171 2175 2258
f 2258 2175 2270
f 2273 2272 2271
f 2275 2274 2271
f 2271 2274 2273
f 2172 2275 2177
f 2275 2172 2274
f 2259 2274 2172
f 2274 2259 2276
f 2277 2276 2259
f 2278 2259 2261
f 2277 2259 2278
f 2279 2261 2262
f 2278 2261 2279
f 2280 2262 2264
f 2279 2262 2280
f 2281 2264 2266
f 2280 2264 2281
f 2180 2281 2179
f 2281 2268 2179
f 2281 2266 2268
f 2179 2268 2176
f 2271 2272 2282
f 2282 2272 2283
f 2282 2181 2182
f 2275 2282 2182
f 2271 2282 2275
f 2277 2284 2276
f 2177 2275 2182
f 2286 2285 2284
f 2277 2286 2284
f 2278 2286 2277
f 2287 2278 2279
f 2286 2278 2287
f 2185 2287 2184
f 2287 2280 2184
f 2287 2279 2280
f 2184 2280 2186
f 2186 2280 2281
f 2186 2281 2180
f 2282 2283 2189
f 2283 2188 2189
f 2283 2288 2188
f 2282 2189 2181
f 2285 2286 2289
f 2285 2289 2290
f 2291 2286 2287
f 2289 2286 2291
f 2191 2291 2185
f 2185 2291 2287
f 2288 2193 2188
f 2292 2193 2288
f 2290 2289 2293
f 2290 2293 2294
f 2295 2289 2291
f 2293 2289 2295
f 2195 2295 2191
f 2191 2295 2291
f 2292 2296 2193
f 2193 2296 2196
f 2197 2196 2296
f 2197 2296 2297
f 2300 2299 2298
f 2298 2299 2294
f 2293 2298 2294
f 2301 2298 2293
f 2302 2293 2295
f 2301 2293 2302
f 2199 2302 2195
f 2195 2302 2295
f 2297 2200 2197
f 2303 2200 2297
f 2300 2298 2304
f 2300 2304 2305
f 2301 2307 2306
f 2304 2301 2306
f 2298 2301 2304
f 2309 2308 2307
f 2301 2309 2307
f 2302 2309 2301
f 2202 2309 2199
f 2199 2309 2302
f 2303 2310 2200
f 2200 2310 2203
f 2310 2305 2203
f 2304 2203 2305
f 2203 2304 2204
f 2311 2204 2304
f 2204 2311 2312
f 2311 2304 2306
f 2308 2309 2313
f 2308 2313 2314
f 2205 2313 2202
f 2202 2313 2309
f 2316 2315 2207
f 2207 2315 2206
f 2207 2204 2312
f 2207 2312 2316
f 2319 2318 2317
f 2317 2318 2314
f 2317 2314 2313
f 2210 2317 2313
f 2209 2210 2313
f 2209 2313 2205
f 2322 2321 2320
f 2315 2322 2320
f 2211 2315 2320
f 2206 2315 2211
f 2319 2317 2323
f 2319 2323 2324
f 2213 2323 2210
f 2210 2323 2317
f 2320 2321 2216
f 2321 2215 2216
f 2321 2325 2215
f 2320 2216 2211
f 2324 2323 2218
f 2219 2324 2218
f 2326 2324 2219
f 2218 2323 2213
f 2325 2327 2215
f 2215 2327 2220
f 2222 2220 2327
f 2222 2327 2328
f 2331 2330 2329
f 2330 2326 2329
f 2326 2224 2329
f 2326 2219 2224
f 2328 2332 2222
f 2222 2332 2225
f 2329 2333 2226
f 2332 2329 2226
f 2225 2332 2226
f 2331 2329 2332
f 2228 2333 2224
f 2224 2333 2329
f 2333 2229 2226
f 2229 2333 2228
f 2334 2235 2236
f 2237 2335 2236
f 2236 2335 2334
f 2239 2336 2237
f 2237 2336 2335
f 2240 2337 2239
f 2239 2337 2336
f 2242 2337 2240
f 2339 2338 2248
f 2248 2338 2247
f 2341 2339 2340
f 2339 2249 2340
f 2339 2248 2249
f 2235 2334 2249
f 2334 2340 2249
f 2334 2342 2340
f 2343 2334 2335
f 2342 2334 2343
f 2344 2335 2336
f 2343 2335 2344
f 2345 2336 2337
f 2344 2336 2345
f 2251 2345 2242
f 2242 2345 2337
f 2347 2346 2253
f 2253 2346 2252
f 2253 2247 2338
f 2253 2338 2347
f 2341 2340 2348
f 2341 2348 2349
f 2350 2340 2342
f 2348 2340 2350
f 2351 2342 2343
f 2350 2342 2351
f 2352 2343 2344
f 2351 2343 2352
f 2256 2352 2255
f 2352 2345 2255
f 2352 2344 2345
f 2255 2345 2251
f 2354 2257 2353
f 2257 2346 2353
f 2257 2252 2346
f 2356 2355 2354
f 2356 2354 2353
f 2355 2356 2349
f 2348 2355 2349
f 2357 2355 2348
f 2358 2348 2350
f 2357 2348 2358
f 2359 2350 2351
f 2358 2350 2359
f 2360 2351 2352
f 2359 2351 2360
f 2258 2360 2256
f 2256 2360 2352
f 2354 2260 2257
f 2260 2354 2263
f 2263 2354 2355
f 2263 2355 2265
f 2265 2355 2357
f 2265 2357 2267
f 2267 2357 2358
f 2267 2358 2269
f 2269 2358 2359
f 2269 2359 2270
f 2270 2359 2360
f 2270 2360 2258
f 2362 2361 2273
f 2273 2361 2272
f 2363 2273 2274
f 2363 2362 2273
f 2274 2276 2363
f 2363 2276 2364
f 2361 2283 2272
f 2365 2283 2361
f 2368 2367 2366
f 2369 2366 2284
f 2366 2364 2284
f 2364 2276 2284
f 2364 2366 2367
f 2285 2369 2284
f 2371 2288 2370
f 2288 2365 2370
f 2288 2283 2365
f 2371 2370 2368
f 2366 2371 2368
f 2372 2371 2366
f 2373 2366 2369
f 2372 2366 2373
f 2290 2373 2285
f 2285 2373 2369
f 2374 2292 2371
f 2371 2292 2288
f 2375 2371 2372
f 2374 2371 2375
f 2376 2372 2373
f 2375 2372 2376
f 2294 2376 2290
f 2290 2376 2373
f 2374 2296 2292
f 2296 2374 2297
f 2374 2377 2297
f 2374 2375 2377
f 2300 2377 2299
f 2377 2376 2299
f 2377 2375 2376
f 2299 2376 2294
f 2378 2303 2377
f 2377 2303 2297
f 2305 2378 2300
f 2300 2378 2377
f 2379 2306 2307
f 2308 2379 2307
f 2378 2310 2303
f 2310 2378 2305
f 2380 2312 2311
f 2306 2379 2311
f 2379 2380 2311
f 2379 2381 2380
f 2314 2381 2308
f 2308 2381 2379
f 2382 2315 2316
f 2383 2382 2316
f 2383 2316 2312
f 2384 2383 2312
f 2380 2384 2312
f 2319 2385 2318
f 2385 2380 2318
f 2380 2381 2318
f 2385 2384 2380
f 2318 2381 2314
f 2386 2321 2322
f 2315 2382 2322
f 2382 2386 2322
f 2382 2387 2386
f 2382 2383 2388
f 2389 2382 2388
f 2387 2382 2389
f 2388 2385 2389
f 2385 2324 2389
f 2385 2319 2324
f 2390 2325 2386
f 2386 2325 2321
f 2391 2386 2387
f 2390 2386 2391
f 2392 2387 2389
f 2391 2387 2392
f 2326 2392 2324
f 2324 2392 2389
f 2390 2327 2325
f 2327 2390 2328
f 2390 2393 2328
f 2390 2391 2393
f 2331 2393 2330
f 2393 2392 2330
f 2393 2391 2392
f 2330 2392 2326
f 2393 2332 2328
f 2332 2393 2331
f 2394 2338 2339
f 2341 2394 2339
f 2395 2346 2347
f 2338 2394 2347
f 2394 2395 2347
f 2394 2396 2395
f 2349 2396 2341
f 2341 2396 2394
f 2395 2353 2346
f 2353 2395 2356
f 2356 2395 2396
f 2356 2396 2349
f 2397 2361 2362
f 2363 2398 2362
f 2362 2398 2397
f 2364 2398 2363
f 2399 2365 2397
f 2397 2365 2361
f 2368 2399 2367
f 2399 2398 2367
f 2399 2397 2398
f 2367 2398 2364
f 2399 2370 2365
f 2370 2399 2368
f 2400 2383 2384
f 2385 2400 2384
f 2400 2388 2383
f 2388 2400 2385
