v 36.3 -27.0 24.0
v 37.0 -27.0 23.7
v 37.0 -27.3 24.0
v 37.0 -27.0 25.0
v 36.9 -27.0 25.0
v 37.0 -27.0 25.0
v 36.8 -26.0 24.0
v 37.0 -26.0 23.5
v 37.0 -26.0 24.3
v 37.0 -26.9 25.0
v 37.0 -25.8 24.0
v 38.0 -27.0 23.8
v 38.0 -27.2 24.0
v 38.0 -27.3 25.0
v 38.0 -27.0 25.3
v 38.0 -26.0 23.8
v 37.7 -26.0 25.0
v 38.0 -26.0 25.2
v 38.0 -25.8 24.0
v 38.0 -25.8 25.0
v 38.3 -27.0 24.0
v 39.0 -27.0 24.8
v 39.0 -27.2 25.0
v 39.0 -27.0 25.2
v 38.3 -26.0 24.0
v 39.0 -26.0 24.8
v 39.0 -26.0 25.2
v 39.0 -25.8 25.0
v 40.0 -27.0 24.9
v 40.0 -27.1 25.0
v 40.0 -27.0 25.1
v 40.0 -26.0 24.8
v 40.0 -26.0 25.2
v 40.0 -25.8 25.0
v 41.0 -27.0 24.8
v 41.0 -27.2 25.0
v 41.0 -27.0 25.4
v 41.0 -26.0 24.7
v 41.0 -26.2 26.0
v 40.9 -26.0 26.0
v 41.0 -26.0 26.1
v 41.0 -25.7 25.0
v 41.0 -25.9 26.0
v 42.0 -27.0 24.7
v 42.0 -27.4 25.0
v 42.0 -27.9 26.0
v 41.5 -27.0 26.0
v 42.0 -27.0 26.4
v 42.0 -26.0 24.6
v 42.0 -26.0 26.4
v 42.0 -25.5 25.0
v 41.9 -25.0 26.0
v 42.0 -25.0 25.9
v 42.0 -25.0 26.1
v 42.0 -24.9 26.0
v 42.6 -28.0 26.0
v 43.0 -28.0 26.0
v 43.0 -28.0 26.0
v 43.0 -28.0 26.0
v 43.0 -27.0 24.6
v 43.0 -27.4 25.0
v 43.0 -27.0 26.6
v 43.0 -26.0 24.4
v 43.0 -26.0 26.6
v 42.6 -25.0 25.0
v 43.0 -25.0 24.7
v 43.0 -25.0 26.5
v 43.0 -24.7 25.0
v 43.0 -24.6 26.0
v 43.0 -28.0 26.0
v 44.0 -27.0 24.5
v 44.0 -27.4 25.0
v 44.0 -27.6 26.0
v 44.0 -27.5 27.0
v 43.5 -27.0 27.0
v 44.0 -27.6 28.0
v 43.7 -27.0 28.0
v 44.0 -27.0 28.3
v 43.8 -26.0 24.0
v 44.0 -26.0 23.9
v 44.0 -26.2 24.0
v 43.4 -26.0 27.0
v 43.7 -26.0 28.0
v 44.0 -26.0 28.3
v 44.0 -25.8 24.0
v 44.0 -25.0 24.5
v 43.4 -25.0 27.0
v 43.8 -25.0 28.0
v 44.0 -25.0 28.2
v 44.0 -24.5 25.0
v 43.7 -24.0 26.0
v 44.0 -24.0 25.7
v 43.8 -24.0 27.0
v 44.0 -24.0 27.3
v 44.0 -24.7 28.0
v 44.0 -23.8 26.0
v 44.0 -23.8 27.0
v 44.9 -27.0 24.0
v 45.0 -27.0 23.9
v 45.0 -27.1 24.0
v 45.0 -27.4 25.0
v 45.0 -27.4 26.0
v 45.0 -27.4 27.0
v 45.0 -27.4 28.0
v 45.0 -27.0 28.4
v 45.0 -26.0 23.7
v 45.0 -26.0 28.6
v 45.0 -25.6 24.0
v 45.0 -25.0 24.5
v 45.0 -25.0 28.5
v 45.0 -24.5 25.0
v 45.0 -24.0 25.5
v 45.0 -24.4 28.0
v 45.0 -24.0 27.6
v 45.0 -23.6 26.0
v 45.0 -23.6 27.0
v 45.1 -27.0 24.0
v 45.5 -27.0 25.0
v 45.5 -27.0 26.0
v 45.6 -27.0 27.0
v 46.0 -27.0 27.8
v 46.0 -27.1 28.0
v 46.0 -27.0 28.1
v 46.0 -26.0 23.8
v 46.0 -26.2 24.0
v 46.0 -26.5 25.0
v 46.0 -26.6 26.0
v 46.0 -26.7 27.0
v 46.0 -26.3 29.0
v 45.7 -26.0 29.0
v 46.0 -26.0 29.2
v 46.0 -25.8 24.0
v 46.0 -25.0 24.6
v 45.7 -25.0 29.0
v 46.0 -25.0 29.3
v 46.0 -24.7 25.0
v 46.0 -24.0 25.7
v 45.4 -24.0 28.0
v 46.0 -24.0 28.6
v 46.0 -24.5 29.0
v 46.0 -23.7 26.0
v 46.0 -23.4 27.0
v 45.9 -23.0 28.0
v 46.0 -23.0 27.9
v 46.0 -23.0 28.1
v 46.0 -22.9 28.0
v 46.2 -27.0 28.0
v 46.4 -26.0 24.0
v 46.6 -26.0 25.0
v 47.0 -26.0 25.5
v 47.0 -26.4 26.0
v 47.0 -26.4 27.0
v 47.0 -26.5 28.0
v 47.0 -26.3 29.0
v 47.0 -26.0 29.3
v 46.4 -25.0 25.0
v 47.0 -25.0 25.5
v 47.0 -25.0 29.6
v 46.5 -24.0 26.0
v 47.0 -24.4 26.0
v 47.0 -24.0 26.4
v 46.4 -24.0 29.0
v 47.0 -24.0 29.5
v 47.0 -23.5 27.0
v 47.0 -23.0 27.4
v 46.5 -23.0 29.0
v 47.0 -23.0 29.5
v 46.8 -22.0 28.0
v 47.0 -22.0 27.8
v 46.7 -22.0 29.0
v 47.0 -22.0 29.4
v 47.0 -21.8 28.0
v 47.0 -21.7 29.0
v 48.0 -26.0 25.9
v 48.0 -26.1 26.0
v 47.8 -26.0 27.0
v 48.0 -26.0 26.2
v 48.0 -26.0 27.5
v 48.0 -26.2 28.0
v 47.4 -26.0 29.0
v 48.0 -26.0 28.3
v 48.0 -25.0 25.7
v 48.0 -25.8 27.0
v 48.0 -25.7 29.0
v 48.0 -25.2 30.0
v 47.7 -25.0 30.0
v 48.0 -25.0 30.2
v 48.0 -24.6 26.0
v 48.0 -24.0 26.5
v 47.5 -24.0 30.0
v 48.0 -24.0 30.5
v 48.0 -23.5 27.0
v 48.0 -23.0 27.4
v 47.5 -23.0 30.0
v 48.0 -23.0 30.8
v 47.7 -23.0 32.0
v 48.0 -23.0 31.3
v 48.0 -23.3 32.0
v 48.0 -23.4 33.0
v 47.6 -23.0 33.0
v 48.0 -23.5 34.0
v 47.3 -23.0 34.0
v 48.0 -23.0 35.0
v 48.0 -23.0 35.0
v 48.0 -23.0 35.0
v 48.0 -22.0 27.6
v 47.4 -22.0 30.0
v 48.0 -22.8 31.0
v 47.5 -22.0 31.0
v 47.6 -22.0 32.0
v 47.7 -22.0 33.0
v 48.0 -22.0 33.4
v 48.0 -22.5 34.0
v 48.0 -23.0 35.0
v 48.0 -21.6 28.0
v 47.6 -21.0 29.0
v 48.0 -21.0 28.6
v 47.4 -21.0 30.0
v 47.2 -21.0 31.0
v 48.0 -21.0 31.6
v 48.0 -21.5 32.0
v 48.0 -21.8 33.0
v 48.0 -20.4 29.0
v 47.6 -20.0 30.0
v 48.0 -20.0 29.3
v 47.7 -20.0 31.0
v 48.0 -20.0 31.2
v 47.9 -19.0 29.0
v 48.0 -19.0 28.9
v 48.0 -19.2 29.0
v 47.8 -19.0 30.0
v 48.0 -19.0 30.3
v 48.0 -19.7 31.0
v 47.9 -18.0 29.0
v 48.0 -18.0 28.9
v 48.0 -18.0 29.3
v 48.0 -18.5 30.0
v 48.0 -17.7 29.0
v 48.0 -17.4 30.0
v 47.9 -17.0 30.0
v 48.0 -17.0 29.6
v 48.0 -17.0 30.2
v 47.9 -16.0 29.0
v 48.0 -16.0 28.9
v 48.0 -16.3 29.0
v 47.8 -16.0 30.0
v 48.0 -16.0 30.2
v 48.0 -15.9 29.0
v 48.0 -15.8 30.0
v 48.1 -26.0 26.0
v 48.2 -26.0 28.0
v 49.0 -25.0 25.9
v 49.0 -25.1 26.0
v 49.0 -25.5 27.0
v 49.0 -25.6 28.0
v 49.0 -25.5 29.0
v 49.0 -25.3 30.0
v 49.0 -25.0 30.3
v 49.0 -24.9 26.0
v 49.0 -24.0 26.5
v 49.0 -24.4 31.0
v 48.6 -24.0 31.0
v 49.0 -24.0 31.7
v 48.6 -24.0 33.0
v 49.0 -24.0 32.3
v 49.0 -24.3 33.0
v 49.0 -24.5 34.0
v 48.5 -24.0 34.0
v 49.0 -24.3 35.0
v 48.7 -24.0 35.0
v 49.0 -24.0 35.2
v 49.0 -23.5 27.0
v 49.0 -23.0 27.4
v 48.1 -23.0 31.0
v 49.0 -23.8 32.0
v 49.0 -23.0 35.3
v 49.0 -22.0 27.6
v 48.5 -22.0 34.0
v 49.0 -22.0 34.4
v 49.0 -22.6 35.0
v 49.0 -21.5 28.0
v 49.0 -21.0 28.4
v 49.0 -21.2 32.0
v 49.0 -21.0 31.8
v 49.0 -21.4 33.0
v 49.0 -21.7 34.0
v 48.4 -20.0 29.0
v 49.0 -20.0 28.7
v 49.0 -20.0 31.5
v 48.4 -19.0 29.0
v 49.0 -19.2 29.0
v 49.0 -19.0 29.1
v 49.0 -19.3 31.0
v 49.0 -19.0 30.7
v 48.7 -18.0 28.0
v 49.0 -18.0 27.8
v 49.0 -18.2 28.0
v 49.0 -18.9 29.0
v 48.3 -18.0 30.0
v 49.0 -18.0 30.6
v 48.6 -17.0 28.0
v 49.0 -17.0 27.6
v 48.2 -17.0 29.0
v 49.0 -17.5 31.0
v 48.6 -17.0 31.0
v 49.0 -17.0 31.4
v 48.6 -16.0 28.0
v 49.0 -16.0 27.5
v 48.6 -16.0 31.0
v 49.0 -16.0 32.0
v 49.0 -16.0 32.0
v 49.0 -16.0 32.0
v 48.7 -15.0 28.0
v 49.0 -15.0 27.7
v 48.7 -15.0 29.0
v 49.0 -15.0 29.5
v 49.0 -15.3 30.0
v 49.0 -15.6 31.0
v 49.0 -16.0 32.0
v 49.0 -14.7 28.0
v 49.0 -14.7 29.0
v 49.1 -25.0 26.0
v 50.0 -25.0 26.8
v 50.0 -25.2 27.0
v 50.0 -25.4 28.0
v 50.0 -25.3 29.0
v 49.5 -25.0 30.0
v 50.0 -25.0 29.5
v 49.7 -25.0 34.0
v 50.0 -25.0 33.7
v 50.0 -25.2 34.0
v 50.0 -25.2 35.0
v 49.7 -25.0 35.0
v 50.0 -25.0 35.2
v 50.0 -24.0 26.7
v 50.0 -24.7 30.0
v 50.0 -24.5 31.0
v 50.0 -24.4 32.0
v 49.2 -24.0 32.0
v 50.0 -24.6 33.0
v 50.0 -24.0 35.5
v 50.0 -23.5 27.0
v 50.0 -23.0 27.3
v 50.0 -23.0 35.4
v 50.0 -22.0 27.6
v 50.0 -22.4 35.0
v 50.0 -22.0 34.6
v 50.0 -21.4 28.0
v 50.0 -21.0 28.3
v 49.2 -21.0 32.0
v 49.6 -21.0 33.0
v 50.0 -21.0 33.5
v 50.0 -21.4 34.0
v 50.0 -20.0 28.6
v 49.6 -20.0 32.0
v 50.0 -20.0 32.5
v 50.0 -20.5 33.0
v 50.0 -19.0 29.0
v 50.0 -19.0 29.0
v 49.3 -19.0 31.0
v 50.0 -19.0 31.6
v 50.0 -19.5 32.0
v 50.0 -18.0 27.5
v 50.0 -18.4 28.0
v 50.0 -19.0 29.0
v 49.4 -18.0 31.0
v 50.0 -18.0 31.5
v 50.0 -17.0 27.3
v 50.0 -17.0 31.7
v 49.6 -16.0 27.0
v 50.0 -16.0 26.6
v 50.0 -16.5 27.0
v 50.0 -16.6 32.0
v 50.0 -16.0 32.4
v 49.5 -15.0 27.0
v 50.0 -15.0 26.5
v 49.5 -15.0 30.0
v 50.0 -15.0 30.7
v 50.0 -15.2 31.0
v 49.9 -15.0 32.0
v 50.0 -15.0 31.6
v 50.0 -15.0 32.1
v 49.7 -14.0 27.0
v 50.0 -14.0 26.7
v 49.7 -14.0 28.0
v 50.0 -14.0 28.4
v 50.0 -14.4 29.0
v 50.0 -14.7 30.0
v 50.0 -14.9 32.0
v 50.0 -13.7 27.0
v 50.0 -13.7 28.0
v 50.2 -25.0 27.0
v 50.5 -25.0 28.0
v 50.4 -25.0 29.0
v 51.0 -25.0 33.4
v 51.0 -25.5 34.0
v 51.0 -25.5 35.0
v 51.0 -25.0 35.4
v 50.6 -24.0 27.0
v 51.0 -24.0 27.2
v 51.0 -24.5 28.0
v 51.0 -24.6 29.0
v 51.0 -24.5 30.0
v 51.0 -24.5 31.0
v 51.0 -24.5 32.0
v 51.0 -24.7 33.0
v 51.0 -24.0 35.5
v 51.0 -23.5 27.0
v 50.7 -23.0 27.0
v 51.0 -23.0 26.8
v 51.0 -23.0 35.5
v 51.0 -22.8 27.0
v 51.0 -22.0 27.4
v 50.5 -22.0 35.0
v 51.0 -22.0 35.3
v 50.5 -21.0 28.0
v 51.0 -21.0 27.7
v 50.5 -21.0 34.0
v 51.0 -21.0 34.4
v 51.0 -21.7 35.0
v 51.0 -20.5 28.0
v 51.0 -20.0 28.3
v 50.5 -20.0 33.0
v 51.0 -20.0 33.5
v 51.0 -20.5 34.0
v 50.0 -19.0 29.0
v 51.0 -19.0 28.3
v 50.4 -19.0 32.0
v 51.0 -19.0 32.5
v 51.0 -19.6 33.0
v 50.7 -18.0 27.0
v 51.0 -18.0 26.7
v 51.0 -18.3 27.0
v 51.0 -18.7 28.0
v 50.5 -18.0 32.0
v 51.0 -18.0 32.4
v 50.3 -17.0 27.0
v 51.0 -17.0 26.3
v 50.3 -17.0 32.0
v 51.0 -17.0 32.5
v 50.6 -16.0 26.0
v 51.0 -16.0 25.6
v 51.0 -16.5 26.0
v 51.0 -16.3 33.0
v 50.7 -16.0 33.0
v 51.0 -16.0 33.2
v 50.5 -15.0 26.0
v 51.0 -15.0 25.5
v 50.2 -15.0 31.0
v 50.8 -15.0 33.0
v 51.0 -15.0 33.2
v 50.5 -14.0 26.0
v 51.0 -14.0 25.5
v 51.0 -14.2 29.0
v 51.0 -14.0 28.7
v 51.0 -14.5 30.0
v 51.0 -14.6 31.0
v 51.0 -14.6 32.0
v 51.0 -14.8 33.0
v 50.7 -13.0 26.0
v 51.0 -13.0 25.6
v 50.6 -13.0 27.0
v 50.7 -13.0 28.0
v 51.0 -13.0 28.2
v 51.0 -12.7 26.0
v 51.0 -12.6 27.0
v 51.0 -12.8 28.0
v 51.7 -26.0 34.0
v 52.0 -26.0 33.7
v 52.0 -26.2 34.0
v 52.0 -26.3 35.0
v 51.6 -26.0 35.0
v 52.0 -26.0 35.9
v 51.5 -25.0 33.0
v 52.0 -25.0 32.6
v 52.0 -25.4 33.0
v 52.0 -25.0 35.6
v 51.4 -24.0 27.0
v 52.0 -24.0 26.1
v 52.0 -24.3 27.0
v 52.0 -24.4 28.0
v 52.0 -24.4 29.0
v 52.0 -24.5 30.0
v 52.0 -24.5 31.0
v 52.0 -24.6 32.0
v 52.0 -24.0 35.5
v 52.0 -23.0 26.4
v 52.0 -23.0 35.5
v 52.0 -22.3 27.0
v 52.0 -22.0 27.2
v 52.0 -22.0 35.4
v 52.0 -21.0 27.4
v 52.0 -21.5 35.0
v 52.0 -21.0 34.6
v 51.4 -20.0 28.0
v 52.0 -20.0 27.5
v 51.8 -20.0 34.0
v 52.0 -20.0 34.1
v 51.3 -19.0 28.0
v 52.0 -19.0 27.3
v 52.0 -19.4 33.0
v 52.0 -19.0 32.6
v 52.0 -19.9 34.0
v 51.8 -18.0 25.0
v 52.0 -18.0 24.8
v 52.0 -18.2 25.0
v 52.0 -18.5 26.0
v 51.5 -18.0 26.0
v 52.0 -18.8 27.0
v 52.0 -18.0 32.5
v 51.6 -17.0 25.0
v 52.0 -17.0 24.5
v 51.3 -17.0 26.0
v 52.0 -17.0 32.6
v 51.5 -16.0 25.0
v 52.0 -16.0 24.4
v 52.0 -16.5 33.0
v 52.0 -16.0 33.4
v 51.7 -15.0 24.0
v 52.0 -15.0 23.6
v 52.0 -15.5 24.0
v 51.4 -15.0 25.0
v 52.0 -15.0 33.2
v 51.6 -14.0 24.0
v 52.0 -14.0 23.5
v 51.4 -14.0 25.0
v 51.4 -14.0 29.0
v 52.0 -14.0 29.6
v 52.0 -14.3 30.0
v 52.0 -14.6 31.0
v 52.0 -14.9 32.0
v 52.0 -14.8 33.0
v 51.6 -13.0 24.0
v 52.0 -13.0 23.4
v 51.3 -13.0 25.0
v 52.0 -13.5 29.0
v 52.0 -13.0 28.6
v 51.9 -12.0 23.0
v 52.0 -12.0 22.9
v 52.0 -12.2 23.0
v 51.6 -12.0 24.0
v 51.3 -12.0 25.0
v 52.0 -12.3 26.0
v 52.0 -12.0 25.6
v 52.0 -12.4 27.0
v 52.0 -12.6 28.0
v 52.0 -11.9 23.0
v 52.0 -11.6 24.0
v 52.0 -11.6 25.0
v 53.0 -26.0 33.5
v 53.0 -26.4 34.0
v 53.0 -26.5 35.0
v 53.0 -26.3 36.0
v 52.1 -26.0 36.0
v 53.0 -26.0 36.3
v 53.0 -25.0 32.5
v 53.0 -25.5 33.0
v 53.0 -25.5 36.0
v 53.0 -25.0 35.7
v 52.5 -24.0 26.0
v 53.0 -24.0 26.0
v 53.0 -24.0 26.0
v 53.0 -24.0 26.1
v 52.6 -24.0 27.0
v 53.0 -24.0 27.5
v 53.0 -24.2 28.0
v 52.8 -24.0 29.0
v 53.0 -24.0 28.5
v 53.0 -24.0 29.3
v 53.0 -24.3 30.0
v 53.0 -24.4 31.0
v 53.0 -24.6 32.0
v 53.0 -24.0 35.5
v 52.5 -23.0 26.0
v 53.0 -23.0 25.5
v 53.0 -23.8 27.0
v 53.0 -23.8 29.0
v 53.0 -23.0 35.5
v 52.6 -22.0 26.0
v 53.0 -22.0 25.5
v 52.2 -22.0 27.0
v 53.0 -22.0 35.4
v 52.7 -21.0 26.0
v 53.0 -21.0 25.6
v 52.4 -21.0 27.0
v 53.0 -21.5 35.0
v 53.0 -21.0 34.5
v 53.0 -20.3 26.0
v 52.4 -20.0 27.0
v 53.0 -20.0 26.2
v 52.2 -20.0 34.0
v 53.0 -20.4 34.0
v 53.0 -20.0 33.6
v 52.6 -19.0 26.0
v 53.0 -19.0 25.4
v 53.0 -19.7 26.0
v 52.2 -19.0 27.0
v 52.9 -19.0 32.0
v 53.0 -19.1 32.0
v 53.0 -19.0 31.9
v 53.0 -19.6 33.0
v 53.0 -18.0 24.4
v 53.0 -18.7 25.0
v 53.0 -18.7 32.0
v 53.0 -18.0 32.3
v 52.6 -17.0 24.0
v 53.0 -17.0 23.5
v 53.0 -17.5 24.0
v 53.0 -17.0 32.5
v 52.7 -16.0 23.0
v 53.0 -16.0 22.8
v 53.0 -16.4 23.0
v 52.3 -16.0 24.0
v 53.0 -16.3 33.0
v 53.0 -16.0 33.2
v 52.6 -15.0 23.0
v 53.0 -15.0 22.6
v 53.0 -15.0 33.2
v 52.5 -14.0 23.0
v 53.0 -14.0 22.5
v 52.5 -14.0 30.0
v 53.0 -14.0 30.4
v 53.0 -14.4 31.0
v 53.0 -14.6 32.0
v 53.0 -14.8 33.0
v 52.8 -13.0 22.0
v 53.0 -13.0 21.8
v 53.0 -13.3 22.0
v 52.3 -13.0 23.0
v 52.6 -13.0 29.0
v 53.0 -13.0 29.3
v 53.0 -13.6 30.0
v 52.7 -12.0 22.0
v 53.0 -12.0 21.8
v 52.3 -12.0 26.0
v 52.6 -12.0 27.0
v 53.0 -12.0 27.5
v 53.0 -12.3 28.0
v 53.0 -12.7 29.0
v 53.0 -11.7 22.0
v 53.0 -11.3 23.0
v 52.8 -11.0 24.0
v 53.0 -11.0 23.7
v 53.0 -11.0 24.3
v 53.0 -11.3 25.0
v 53.0 -11.5 26.0
v 53.0 -11.7 27.0
v 53.0 -10.8 24.0
v 53.7 -27.0 36.0
v 54.0 -27.0 35.7
v 54.0 -27.2 36.0
v 54.0 -27.2 37.0
v 53.8 -27.0 37.0
v 54.0 -27.0 37.2
v 54.0 -26.0 33.6
v 54.0 -26.4 34.0
v 54.0 -26.6 35.0
v 53.7 -26.0 37.0
v 54.0 -26.0 37.2
v 54.0 -25.0 32.6
v 54.0 -25.4 33.0
v 53.5 -25.0 36.0
v 54.0 -25.0 36.4
v 54.0 -25.7 37.0
v 53.0 -24.0 26.0
v 53.2 -24.0 28.0
v 53.4 -24.0 30.0
v 53.6 -24.0 31.0
v 54.0 -24.0 31.4
v 54.0 -24.5 32.0
v 54.0 -24.6 36.0
v 54.0 -24.0 35.6
v 53.9 -23.0 24.0
v 54.0 -23.0 23.8
v 54.0 -23.1 24.0
v 54.0 -23.4 25.0
v 53.5 -23.0 25.0
v 54.0 -23.6 26.0
v 54.0 -23.5 27.0
v 54.0 -23.6 28.0
v 54.0 -23.5 29.0
v 54.0 -23.5 30.0
v 54.0 -23.7 31.0
v 54.0 -23.0 35.5
v 54.0 -22.8 24.0
v 53.5 -22.0 25.0
v 54.0 -22.0 24.4
v 54.0 -22.0 35.3
v 53.5 -21.0 25.0
v 54.0 -21.0 24.4
v 54.0 -21.6 35.0
v 54.0 -21.0 34.5
v 53.8 -20.0 24.0
v 54.0 -20.0 23.8
v 54.0 -20.4 24.0
v 53.5 -20.0 25.0
v 53.2 -20.0 26.0
v 54.0 -20.5 34.0
v 54.0 -20.0 33.3
v 53.6 -19.0 24.0
v 54.0 -19.0 23.6
v 53.3 -19.0 25.0
v 53.8 -19.0 30.0
v 54.0 -19.2 30.0
v 54.0 -19.0 29.8
v 53.6 -19.0 31.0
v 54.0 -19.5 31.0
v 54.0 -19.6 32.0
v 54.0 -19.7 33.0
v 53.4 -18.0 24.0
v 54.0 -18.0 23.4
v 53.8 -18.0 30.0
v 54.0 -18.0 29.8
v 53.6 -18.0 31.0
v 53.3 -18.0 32.0
v 53.6 -17.0 23.0
v 54.0 -17.0 22.7
v 54.0 -17.5 23.0
v 54.0 -17.8 30.0
v 54.0 -17.5 31.0
v 54.0 -17.0 31.6
v 53.6 -17.0 32.0
v 54.0 -16.0 22.5
v 54.0 -16.5 32.0
v 53.3 -16.0 33.0
v 54.0 -16.0 32.4
v 54.0 -15.0 22.5
v 53.2 -15.0 33.0
v 54.0 -15.0 32.4
v 54.0 -14.0 22.3
v 54.0 -14.4 31.0
v 54.0 -14.0 30.5
v 54.0 -14.6 32.0
v 54.0 -13.0 21.6
v 54.0 -13.7 22.0
v 54.0 -13.5 30.0
v 54.0 -13.0 29.5
v 54.0 -12.0 21.5
v 53.5 -12.0 28.0
v 54.0 -12.0 28.4
v 54.0 -12.5 29.0
v 53.7 -11.0 22.0
v 54.0 -11.0 21.8
v 53.4 -11.0 23.0
v 53.4 -11.0 25.0
v 53.7 -11.0 26.0
v 54.0 -11.0 26.3
v 54.0 -11.4 27.0
v 54.0 -11.7 28.0
v 54.0 -10.7 22.0
v 54.0 -10.5 23.0
v 54.0 -10.5 24.0
v 54.0 -10.6 25.0
v 54.0 -10.8 26.0
v 55.0 -27.0 35.5
v 55.0 -27.5 36.0
v 55.0 -27.6 37.0
v 55.0 -27.1 38.0
v 54.9 -27.0 38.0
v 55.0 -27.0 38.1
v 55.0 -26.0 33.6
v 55.0 -26.4 34.0
v 55.0 -26.6 35.0
v 55.0 -26.8 38.0
v 55.0 -26.0 37.6
v 54.6 -25.0 33.0
v 55.0 -25.0 33.2
v 55.0 -25.5 37.0
v 55.0 -25.0 36.5
v 54.7 -24.0 23.0
v 55.0 -24.0 22.6
v 55.0 -24.2 23.0
v 55.0 -24.2 24.0
v 54.7 -24.0 24.0
v 55.0 -24.0 24.3
v 55.0 -24.0 31.8
v 55.0 -24.2 32.0
v 55.0 -24.7 33.0
v 55.0 -24.4 36.0
v 55.0 -24.0 35.7
v 54.9 -23.0 22.0
v 55.0 -23.0 21.9
v 55.0 -23.2 22.0
v 54.5 -23.0 23.0
v 55.0 -23.6 25.0
v 55.0 -23.5 26.0
v 55.0 -23.5 27.0
v 55.0 -23.4 28.0
v 55.0 -23.4 29.0
v 54.7 -23.0 30.0
v 55.0 -23.0 29.6
v 54.7 -23.0 31.0
v 55.0 -23.0 31.3
v 55.0 -23.0 35.4
v 55.0 -22.8 22.0
v 54.7 -22.0 23.0
v 55.0 -22.0 22.5
v 54.3 -22.0 24.0
v 55.0 -22.8 30.0
v 55.0 -22.8 31.0
v 54.5 -22.0 35.0
v 55.0 -22.4 35.0
v 55.0 -22.0 34.7
v 55.0 -21.5 23.0
v 54.4 -21.0 24.0
v 55.0 -21.0 23.4
v 55.0 -21.0 34.3
v 55.0 -20.0 23.4
v 54.7 -20.0 31.0
v 55.0 -20.2 31.0
v 55.0 -20.0 30.7
v 54.5 -20.0 32.0
v 55.0 -20.4 32.0
v 54.3 -20.0 33.0
v 55.0 -20.4 33.0
v 55.0 -20.7 34.0
v 55.0 -19.0 23.3
v 55.0 -19.3 30.0
v 55.0 -19.0 29.7
v 54.5 -18.0 23.0
v 55.0 -18.0 22.7
v 55.0 -18.5 23.0
v 55.0 -18.0 29.7
v 55.0 -17.0 22.5
v 55.0 -17.6 30.0
v 55.0 -17.2 31.0
v 55.0 -17.0 31.2
v 55.0 -16.0 22.5
v 54.5 -16.0 32.0
v 55.0 -16.0 31.7
v 55.0 -15.0 22.2
v 55.0 -15.1 32.0
v 55.0 -15.0 32.1
v 55.0 -14.0 21.0
v 55.0 -14.0 21.0
v 55.0 -14.0 21.0
v 55.0 -14.7 22.0
v 54.3 -14.0 22.0
v 55.0 -14.4 31.0
v 55.0 -14.0 30.5
v 55.0 -14.9 32.0
v 55.0 -14.0 21.0
v 55.0 -13.0 21.4
v 55.0 -13.5 30.0
v 55.0 -13.0 29.4
v 55.0 -12.0 21.6
v 55.0 -12.6 29.0
v 55.0 -12.0 28.4
v 55.0 -11.0 21.5
v 55.0 -11.4 27.0
v 55.0 -11.0 26.3
v 55.0 -11.6 28.0
v 54.8 -10.0 22.0
v 55.0 -10.0 21.8
v 54.7 -10.0 23.0
v 55.0 -10.0 23.3
v 55.0 -10.4 24.0
v 55.0 -10.6 25.0
v 55.0 -10.8 26.0
v 55.0 -9.8 22.0
v 55.0 -9.8 23.0
v 56.0 -28.0 36.0
v 56.0 -28.0 36.0
v 56.0 -28.0 36.0
v 56.0 -28.2 37.0
v 55.7 -28.0 37.0
v 56.0 -28.0 38.0
v 56.0 -28.0 38.0
v 56.0 -28.0 38.0
v 56.0 -27.0 35.4
v 56.0 -27.0 38.4
v 56.0 -26.0 33.8
v 56.0 -26.2 34.0
v 56.0 -26.6 35.0
v 55.6 -26.0 38.0
v 56.0 -26.0 38.2
v 56.0 -25.0 33.4
v 56.0 -25.4 37.0
v 56.0 -25.0 36.5
v 56.0 -25.8 38.0
v 55.6 -24.0 22.0
v 56.0 -24.0 21.7
v 56.0 -24.2 22.0
v 56.0 -24.5 23.0
v 56.0 -24.4 24.0
v 56.0 -24.0 24.5
v 55.3 -24.0 32.0
v 56.0 -24.0 32.7
v 56.0 -24.4 33.0
v 55.8 -24.0 36.0
v 56.0 -24.0 36.1
v 56.0 -23.0 21.3
v 56.0 -23.6 25.0
v 56.0 -23.5 26.0
v 56.0 -23.4 27.0
v 55.8 -23.0 28.0
v 56.0 -23.0 27.8
v 56.0 -23.0 28.5
v 56.0 -23.1 29.0
v 56.0 -23.0 29.2
v 55.7 -23.0 32.0
v 56.0 -23.0 32.3
v 56.0 -23.9 36.0
v 56.0 -23.0 35.3
v 55.9 -22.0 21.0
v 56.0 -22.0 20.9
v 56.0 -22.1 21.0
v 55.5 -22.0 22.0
v 56.0 -22.9 28.0
v 56.0 -22.6 30.0
v 56.0 -22.4 31.0
v 56.0 -22.7 32.0
v 56.0 -22.7 35.0
v 56.0 -22.0 34.4
v 56.0 -21.9 21.0
v 56.0 -21.5 22.0
v 55.5 -21.0 23.0
v 56.0 -21.0 22.6
v 55.4 -21.0 34.0
v 56.0 -21.6 34.0
v 56.0 -21.0 33.4
v 55.7 -20.0 23.0
v 56.0 -20.0 22.8
v 56.0 -20.2 31.0
v 56.0 -20.0 30.8
v 56.0 -20.4 32.0
v 56.0 -20.7 33.0
v 55.6 -19.0 23.0
v 56.0 -19.0 22.8
v 55.5 -19.0 30.0
v 56.0 -19.0 30.3
v 56.0 -18.0 22.6
v 56.0 -18.6 30.0
v 56.0 -18.0 29.6
v 56.0 -17.0 22.5
v 55.6 -17.0 30.0
v 56.0 -17.0 29.7
v 55.3 -17.0 31.0
v 56.0 -16.0 22.3
v 56.0 -16.6 30.0
v 56.0 -16.3 31.0
v 56.0 -16.0 31.2
v 55.8 -15.0 21.0
v 56.0 -15.0 20.8
v 56.0 -15.2 21.0
v 56.0 -15.7 22.0
v 55.3 -15.0 22.0
v 55.1 -15.0 32.0
v 56.0 -15.0 31.3
v 56.0 -14.0 20.8
v 56.0 -14.7 31.0
v 56.0 -14.0 30.3
v 56.0 -13.7 21.0
v 56.0 -13.0 21.5
v 55.6 -13.0 29.0
v 56.0 -13.3 29.0
v 56.0 -13.0 28.7
v 56.0 -13.7 30.0
v 56.0 -12.1 22.0
v 55.9 -12.0 22.0
v 56.0 -12.0 22.1
v 56.0 -12.0 28.2
v 56.0 -11.0 21.5
v 56.0 -11.9 22.0
v 55.6 -11.0 25.0
v 56.0 -11.3 25.0
v 56.0 -11.0 24.7
v 55.3 -11.0 26.0
v 56.0 -11.4 26.0
v 56.0 -11.6 27.0
v 56.0 -11.8 28.0
v 56.0 -10.0 21.7
v 56.0 -10.5 24.0
v 56.0 -10.0 23.3
v 56.0 -9.8 22.0
v 56.0 -9.8 23.0
v 56.0 -28.0 36.0
v 56.3 -28.0 37.0
v 56.0 -28.0 38.0
v 57.0 -27.0 35.7
v 57.0 -27.3 36.0
v 57.0 -27.5 37.0
v 57.0 -27.3 38.0
v 57.0 -27.0 38.2
v 56.4 -26.0 34.0
v 57.0 -26.0 34.6
v 57.0 -26.3 35.0
v 57.0 -26.0 38.2
v 57.0 -25.0 33.8
v 57.0 -25.4 34.0
v 56.7 -25.0 36.0
v 57.0 -25.3 36.0
v 57.0 -25.0 35.6
v 57.0 -25.5 37.0
v 57.0 -25.8 38.0
v 57.0 -24.0 21.6
v 57.0 -24.4 22.0
v 57.0 -24.5 23.0
v 57.0 -24.4 24.0
v 57.0 -24.0 24.6
v 56.3 -24.0 33.0
v 57.0 -24.0 33.7
v 56.1 -24.0 36.0
v 57.0 -24.0 35.3
v 56.5 -23.0 21.0
v 57.0 -23.0 20.6
v 57.0 -23.4 21.0
v 57.0 -23.7 25.0
v 57.0 -23.5 26.0
v 57.0 -23.4 27.0
v 57.0 -23.0 27.5
v 56.2 -23.0 29.0
v 56.5 -23.0 33.0
v 57.0 -23.6 34.0
v 56.6 -23.0 34.0
v 56.3 -23.0 35.0
v 57.0 -23.7 35.0
v 56.9 -22.0 20.0
v 57.0 -22.0 19.9
v 57.0 -22.1 20.0
v 57.0 -22.6 28.0
v 57.0 -22.6 29.0
v 57.0 -22.3 30.0
v 56.8 -22.0 31.0
v 57.0 -22.0 30.7
v 57.0 -22.0 31.2
v 57.0 -22.4 32.0
v 57.0 -22.4 33.0
v 57.0 -22.0 33.3
v 56.4 -22.0 34.0
v 56.8 -21.0 20.0
v 57.0 -21.0 19.8
v 57.0 -21.6 21.0
v 57.0 -21.0 20.2
v 57.0 -21.6 22.0
v 56.5 -21.0 23.0
v 57.0 -21.3 23.0
v 57.0 -21.0 23.3
v 57.0 -21.9 31.0
v 56.5 -21.0 33.0
v 57.0 -21.6 33.0
v 57.0 -21.0 32.6
v 56.9 -20.0 20.0
v 57.0 -20.0 19.8
v 57.0 -20.0 20.1
v 56.2 -20.0 23.0
v 57.0 -20.0 24.0
v 57.0 -20.0 24.0
v 57.0 -20.0 24.0
v 56.3 -20.0 31.0
v 56.9 -20.0 32.0
v 57.0 -20.0 32.0
v 57.0 -19.6 20.0
v 56.3 -19.0 23.0
v 57.0 -19.0 24.0
v 57.0 -19.0 24.0
v 57.0 -19.4 31.0
v 57.0 -19.0 30.6
v 57.0 -20.0 32.0
v 56.6 -18.0 23.0
v 57.0 -18.0 23.3
v 57.0 -19.0 24.0
v 57.0 -18.5 30.0
v 57.0 -18.0 29.5
v 57.0 -17.0 22.5
v 57.0 -17.6 23.0
v 56.7 -17.0 29.0
v 57.0 -17.3 29.0
v 57.0 -17.0 28.8
v 56.5 -16.0 22.0
v 57.0 -16.0 21.6
v 57.0 -16.4 22.0
v 56.8 -16.0 29.0
v 57.0 -16.0 28.8
v 56.4 -16.0 30.0
v 56.2 -16.0 31.0
v 57.0 -15.0 20.8
v 57.0 -15.3 21.0
v 57.0 -15.7 29.0
v 57.0 -15.0 29.5
v 56.6 -15.0 30.0
v 56.2 -15.0 31.0
v 57.0 -14.5 21.0
v 56.5 -14.0 21.0
v 57.0 -14.0 21.3
v 56.3 -14.0 30.0
v 57.0 -14.0 29.5
v 57.0 -13.0 21.5
v 57.0 -13.5 29.0
v 57.0 -13.0 28.5
v 56.7 -12.0 22.0
v 57.0 -12.0 22.0
v 56.6 -12.0 27.0
v 57.0 -12.3 27.0
v 57.0 -12.0 26.5
v 56.3 -12.0 28.0
v 57.0 -12.5 28.0
v 56.8 -11.0 21.0
v 57.0 -11.0 20.8
v 57.0 -11.3 21.0
v 57.0 -11.4 25.0
v 57.0 -11.0 24.5
v 57.0 -11.7 26.0
v 57.0 -10.4 21.0
v 57.0 -10.4 22.0
v 56.4 -10.0 22.0
v 56.3 -10.0 23.0
v 57.0 -10.4 23.0
v 57.0 -10.6 24.0
v 57.3 -27.0 36.0
v 57.5 -27.0 37.0
v 57.2 -27.0 38.0
v 57.3 -26.0 35.0
v 58.0 -26.0 36.0
v 58.0 -26.0 36.0
v 58.0 -26.0 37.0
v 58.0 -26.0 37.0
v 57.2 -26.0 38.0
v 57.2 -25.0 34.0
v 57.4 -25.0 35.0
v 58.0 -26.0 36.0
v 58.0 -26.0 37.0
v 58.0 -24.0 21.7
v 58.0 -24.2 22.0
v 58.0 -24.5 23.0
v 58.0 -24.5 24.0
v 58.0 -24.3 25.0
v 57.5 -24.0 25.0
v 58.0 -24.0 25.4
v 57.2 -24.0 34.0
v 57.2 -24.0 35.0
v 58.0 -23.0 20.5
v 58.0 -23.2 21.0
v 58.0 -23.6 26.0
v 58.0 -23.4 27.0
v 58.0 -23.0 27.5
v 57.1 -22.0 20.0
v 58.0 -22.7 21.0
v 57.4 -22.0 21.0
v 57.5 -22.0 22.0
v 58.0 -22.5 22.0
v 57.7 -22.0 23.0
v 58.0 -22.2 23.0
v 58.0 -22.0 23.2
v 58.0 -22.6 28.0
v 58.0 -22.4 29.0
v 57.5 -22.0 30.0
v 58.0 -22.0 29.6
v 58.0 -22.0 31.7
v 58.0 -22.2 32.0
v 57.9 -22.0 33.0
v 58.0 -22.0 32.8
v 57.8 -21.0 19.0
v 58.0 -21.0 18.8
v 58.0 -21.2 19.0
v 58.0 -21.3 20.0
v 58.0 -21.0 20.2
v 58.0 -21.0 23.5
v 58.0 -21.7 30.0
v 58.0 -21.5 31.0
v 58.0 -21.6 32.0
v 57.6 -21.0 32.0
v 58.0 -21.0 31.6
v 57.6 -20.0 19.0
v 58.0 -20.0 18.7
v 58.0 -20.0 20.2
v 57.0 -20.0 24.0
v 58.0 -20.0 23.7
v 57.1 -20.0 32.0
v 58.0 -20.0 31.6
v 58.0 -19.3 19.0
v 58.0 -19.7 20.0
v 57.0 -19.0 24.0
v 58.0 -19.0 23.7
v 57.5 -19.0 31.0
v 58.0 -19.0 31.3
v 58.0 -18.0 23.4
v 58.0 -18.3 30.0
v 58.0 -18.0 29.7
v 58.0 -18.7 31.0
v 58.0 -17.0 22.5
v 58.0 -17.5 23.0
v 58.0 -17.4 29.0
v 58.0 -17.0 28.7
v 58.0 -16.0 21.5
v 58.0 -16.5 22.0
v 58.0 -16.0 28.7
v 58.0 -15.0 20.9
v 58.0 -15.1 21.0
v 58.0 -15.6 29.0
v 58.0 -15.0 29.4
v 58.0 -14.8 21.0
v 58.0 -14.0 21.3
v 58.0 -14.0 29.4
v 57.6 -13.0 21.0
v 58.0 -13.0 20.7
v 58.0 -13.5 21.0
v 58.0 -13.5 29.0
v 58.0 -13.0 28.5
v 57.5 -12.0 21.0
v 58.0 -12.0 20.5
v 57.5 -12.0 26.0
v 58.0 -12.3 26.0
v 58.0 -12.0 25.6
v 58.0 -12.5 27.0
v 58.0 -12.6 28.0
v 58.0 -11.0 20.4
v 58.0 -11.5 25.0
v 58.0 -11.0 24.5
v 58.0 -10.5 21.0
v 58.0 -10.5 22.0
v 58.0 -10.5 23.0
v 58.0 -10.6 24.0
v 58.0 -26.0 36.0
v 58.0 -26.0 37.0
v 58.3 -24.0 22.0
v 59.0 -24.0 22.7
v 59.0 -24.2 23.0
v 59.0 -24.5 24.0
v 59.0 -24.4 25.0
v 59.0 -24.0 25.5
v 58.2 -23.0 21.0
v 58.4 -23.0 22.0
v 59.0 -23.0 22.7
v 59.0 -23.6 26.0
v 59.0 -23.4 27.0
v 59.0 -23.0 27.5
v 59.0 -22.6 23.0
v 59.0 -22.0 23.5
v 59.0 -22.6 28.0
v 59.0 -22.3 29.0
v 59.0 -22.0 29.4
v 59.0 -22.0 32.0
v 59.0 -22.0 32.0
v 59.0 -22.0 32.0
v 58.8 -21.0 19.0
v 58.2 -21.0 20.0
v 59.0 -21.0 23.7
v 59.0 -21.6 30.0
v 59.0 -21.5 31.0
v 59.0 -21.0 31.6
v 59.0 -22.0 32.0
v 59.0 -20.0 19.0
v 58.3 -20.0 20.0
v 59.0 -20.5 24.0
v 58.5 -20.0 24.0
v 59.0 -20.0 24.4
v 59.0 -20.0 31.6
v 58.5 -19.0 24.0
v 59.0 -19.0 24.4
v 59.0 -19.0 31.6
v 59.0 -18.0 23.5
v 59.0 -18.6 24.0
v 58.4 -18.0 30.0
v 58.9 -18.0 31.0
v 59.0 -18.0 31.1
v 59.0 -17.0 22.5
v 59.0 -17.5 23.0
v 59.0 -17.1 29.0
v 59.0 -17.0 28.9
v 59.0 -17.6 30.0
v 59.0 -17.9 31.0
v 59.0 -16.0 21.6
v 59.0 -16.5 22.0
v 59.0 -16.8 29.0
v 58.5 -16.0 29.0
v 59.0 -16.0 29.3
v 58.1 -15.0 21.0
v 59.0 -15.0 21.4
v 59.0 -15.0 29.6
v 59.0 -14.0 21.4
v 59.0 -14.0 29.4
v 59.0 -13.0 20.5
v 59.0 -13.5 21.0
v 59.0 -13.5 29.0
v 59.0 -13.0 28.4
v 58.7 -12.0 20.0
v 59.0 -12.0 19.8
v 59.0 -12.3 20.0
v 59.0 -12.3 26.0
v 59.0 -12.0 25.7
v 59.0 -12.5 27.0
v 59.0 -12.7 28.0
v 58.5 -11.0 20.0
v 59.0 -11.0 19.6
v 59.0 -11.4 25.0
v 59.0 -11.0 24.6
v 58.5 -10.0 20.0
v 59.0 -10.0 19.9
v 59.0 -10.4 21.0
v 59.0 -10.0 20.2
v 59.0 -10.5 22.0
v 59.0 -10.5 23.0
v 59.0 -10.6 24.0
v 59.0 -9.9 20.0
v 59.3 -24.0 23.0
v 60.0 -24.0 23.6
v 60.0 -24.4 24.0
v 60.0 -24.4 25.0
v 60.0 -24.0 25.5
v 59.4 -23.0 23.0
v 60.0 -23.0 23.5
v 60.0 -23.6 26.0
v 60.0 -23.3 27.0
v 60.0 -23.0 27.4
v 59.7 -22.0 24.0
v 60.0 -22.3 24.0
v 60.0 -22.0 24.3
v 60.0 -22.5 28.0
v 59.5 -22.0 29.0
v 60.0 -22.0 28.6
v 60.0 -22.0 32.0
v 60.0 -22.0 32.0
v 60.0 -22.0 32.0
v 59.3 -21.0 24.0
v 60.0 -21.0 24.6
v 60.0 -21.7 29.0
v 60.0 -21.5 30.0
v 60.0 -21.6 31.0
v 59.4 -21.0 32.0
v 60.0 -21.0 32.3
v 59.7 -20.0 25.0
v 60.0 -20.4 25.0
v 60.0 -20.0 25.3
v 59.5 -20.0 32.0
v 60.0 -20.0 32.4
v 59.6 -19.0 25.0
v 60.0 -19.0 25.3
v 59.7 -19.0 32.0
v 60.0 -19.0 32.2
v 60.0 -18.0 23.6
v 60.0 -18.3 24.0
v 60.0 -18.3 25.0
v 59.1 -18.0 31.0
v 60.0 -18.3 31.0
v 60.0 -18.0 30.5
v 60.0 -18.8 32.0
v 60.0 -17.0 22.5
v 60.0 -17.5 23.0
v 59.2 -17.0 29.0
v 60.0 -17.0 29.4
v 60.0 -17.6 30.0
v 60.0 -16.0 21.6
v 60.0 -16.5 22.0
v 60.0 -16.0 29.5
v 60.0 -15.0 21.5
v 60.0 -15.3 30.0
v 59.7 -15.0 30.0
v 60.0 -15.0 30.9
v 60.0 -14.0 21.4
v 60.0 -14.6 30.0
v 60.0 -14.0 29.5
v 60.0 -13.0 20.5
v 60.0 -13.5 21.0
v 59.7 -13.0 28.0
v 60.0 -13.1 28.0
v 60.0 -13.0 27.8
v 60.0 -13.6 29.0
v 60.0 -12.0 19.6
v 60.0 -12.5 20.0
v 59.4 -12.0 26.0
v 60.0 -12.0 26.6
v 60.0 -12.3 27.0
v 60.0 -11.0 19.5
v 59.5 -11.0 25.0
v 60.0 -11.0 25.5
v 60.0 -11.5 26.0
v 60.0 -10.0 20.0
v 60.0 -10.4 21.0
v 60.0 -10.0 20.0
v 60.0 -10.5 22.0
v 60.0 -10.5 23.0
v 60.0 -10.5 24.0
v 60.0 -10.7 25.0
v 60.0 -10.0 20.0
v 61.0 -24.0 23.8
v 61.0 -24.2 24.0
v 61.0 -24.2 25.0
v 61.0 -24.0 25.3
v 61.0 -23.0 23.8
v 61.0 -23.5 26.0
v 60.5 -23.0 27.0
v 61.0 -23.0 26.6
v 61.0 -22.7 24.0
v 61.0 -22.0 24.5
v 61.0 -22.7 27.0
v 61.0 -22.4 28.0
v 61.0 -22.0 28.5
v 60.0 -22.0 32.0
v 61.0 -21.4 25.0
v 60.6 -21.0 25.0
v 61.0 -21.0 25.3
v 61.0 -21.4 29.0
v 60.8 -21.0 30.0
v 61.0 -21.0 29.7
v 61.0 -21.0 30.3
v 61.0 -21.7 31.0
v 61.0 -21.3 32.0
v 61.0 -21.0 32.2
v 61.0 -20.0 25.6
v 61.0 -20.8 30.0
v 61.0 -20.0 32.3
v 61.0 -19.0 25.5
v 61.0 -19.0 32.2
v 61.0 -18.0 23.6
v 61.0 -18.3 24.0
v 61.0 -18.5 25.0
v 60.6 -18.0 30.0
v 61.0 -18.3 30.0
v 61.0 -18.0 29.6
v 61.0 -18.5 31.0
v 61.0 -18.8 32.0
v 61.0 -17.0 22.5
v 61.0 -17.6 23.0
v 60.8 -17.0 28.0
v 61.0 -17.3 28.0
v 61.0 -17.0 27.1
v 60.4 -17.0 29.0
v 61.0 -17.5 29.0
v 61.0 -16.0 21.7
v 61.0 -16.4 22.0
v 61.0 -16.6 28.0
v 61.0 -16.0 28.6
v 60.6 -16.0 29.0
v 61.0 -15.0 21.5
v 61.0 -15.7 29.0
v 61.0 -15.4 30.0
v 61.0 -15.3 31.0
v 60.1 -15.0 31.0
v 61.0 -15.0 31.4
v 61.0 -14.0 21.4
v 61.0 -14.2 30.0
v 61.0 -14.0 29.8
v 60.7 -14.0 31.0
v 61.0 -14.0 30.3
v 61.0 -14.0 32.0
v 61.0 -14.0 32.0
v 61.0 -14.0 32.0
v 61.0 -13.0 20.5
v 61.0 -13.5 21.0
v 60.2 -13.0 28.0
v 61.0 -13.0 28.5
v 61.0 -13.4 29.0
v 61.0 -13.8 31.0
v 61.0 -14.0 32.0
v 61.0 -12.0 19.6
v 61.0 -12.5 20.0
v 60.4 -12.0 27.0
v 61.0 -12.0 27.6
v 61.0 -12.5 28.0
v 61.0 -11.0 19.6
v 60.4 -11.0 26.0
v 60.8 -11.0 27.0
v 61.0 -11.0 27.2
v 61.0 -10.6 20.0
v 60.0 -10.0 20.0
v 61.0 -10.5 21.0
v 61.0 -10.5 22.0
v 61.0 -10.5 23.0
v 61.0 -10.5 24.0
v 61.0 -10.4 25.0
v 61.0 -10.5 26.0
v 61.0 -10.8 27.0
v 61.2 -24.0 24.0
v 61.3 -24.0 25.0
v 61.3 -23.0 24.0
v 62.0 -23.0 24.6
v 62.0 -23.4 25.0
v 62.0 -23.3 26.0
v 62.0 -23.0 26.5
v 62.0 -22.0 24.6
v 62.0 -22.7 27.0
v 62.0 -22.2 28.0
v 62.0 -22.0 28.2
v 62.0 -21.5 25.0
v 62.0 -21.0 25.6
v 61.5 -21.0 29.0
v 62.0 -21.0 28.6
v 61.4 -21.0 31.0
v 61.2 -21.0 32.0
v 62.0 -20.4 26.0
v 61.6 -20.0 26.0
v 62.0 -20.0 26.3
v 62.0 -20.5 29.0
v 61.5 -20.0 30.0
v 62.0 -20.0 29.4
v 61.6 -20.0 31.0
v 61.4 -20.0 32.0
v 61.6 -19.0 26.0
v 62.0 -19.0 26.4
v 61.6 -19.0 30.0
v 62.0 -19.0 29.6
v 62.0 -19.0 31.0
v 62.0 -19.0 31.0
v 62.0 -19.0 31.0
v 61.2 -19.0 32.0
v 61.9 -18.0 24.0
v 62.0 -18.0 24.2
v 62.0 -18.3 25.0
v 62.0 -18.5 26.0
v 61.8 -18.0 28.0
v 62.0 -18.2 28.0
v 62.0 -18.0 27.6
v 62.0 -18.0 28.8
v 62.0 -18.0 29.1
v 62.0 -18.9 31.0
v 62.0 -17.0 22.7
v 62.0 -17.9 23.0
v 62.0 -17.9 24.0
v 61.9 -17.0 26.0
v 62.0 -17.2 26.0
v 62.0 -17.0 25.9
v 61.1 -17.0 27.0
v 62.0 -17.7 27.0
v 62.0 -18.0 29.0
v 61.5 -16.0 22.0
v 62.0 -16.0 22.4
v 62.0 -16.9 26.0
v 62.0 -16.5 27.0
v 61.6 -16.0 28.0
v 62.0 -16.0 27.6
v 62.0 -15.0 21.6
v 62.0 -15.6 22.0
v 62.0 -15.7 28.0
v 62.0 -15.5 29.0
v 62.0 -15.5 30.0
v 62.0 -15.4 31.0
v 62.0 -15.0 31.5
v 62.0 -14.0 21.4
v 61.1 -14.0 30.0
v 62.0 -14.5 32.0
v 62.0 -14.1 33.0
v 61.9 -14.0 33.0
v 62.0 -14.0 33.1
v 62.0 -13.0 20.5
v 62.0 -13.5 21.0
v 61.5 -13.0 29.0
v 62.0 -13.0 29.6
v 62.0 -13.3 30.0
v 62.0 -13.4 31.0
v 62.0 -13.5 32.0
v 62.0 -13.9 33.0
v 62.0 -12.0 19.8
v 62.0 -12.3 20.0
v 61.5 -12.0 28.0
v 62.0 -12.0 28.5
v 62.0 -12.5 29.0
v 62.0 -11.0 19.8
v 62.0 -11.5 28.0
v 62.0 -11.0 27.6
v 62.0 -10.8 20.0
v 62.0 -10.4 21.0
v 62.0 -10.4 22.0
v 62.0 -10.4 23.0
v 62.0 -10.3 24.0
v 61.6 -10.0 25.0
v 62.0 -10.0 24.5
v 61.7 -10.0 26.0
v 62.0 -10.0 26.3
v 62.0 -10.5 27.0
v 62.0 -9.7 25.0
v 62.0 -9.8 26.0
v 63.0 -23.0 24.8
v 63.0 -23.2 25.0
v 62.7 -23.0 26.0
v 63.0 -23.0 25.5
v 63.0 -22.0 24.8
v 63.0 -22.7 26.0
v 63.0 -22.9 27.0
v 62.3 -22.0 28.0
v 63.0 -22.0 27.5
v 63.0 -21.8 25.0
v 62.6 -21.0 26.0
v 63.0 -21.4 26.0
v 63.0 -21.0 26.4
v 62.6 -21.0 28.0
v 63.0 -21.0 27.5
v 62.8 -20.0 24.0
v 63.0 -20.0 23.0
v 63.0 -20.2 24.0
v 63.0 -20.0 24.2
v 63.0 -20.0 26.6
v 63.0 -20.5 28.0
v 62.4 -20.0 29.0
v 63.0 -20.0 28.4
v 62.7 -19.0 23.0
v 63.0 -19.0 22.8
v 63.0 -20.0 23.0
v 62.6 -19.0 24.0
v 63.0 -19.0 24.4
v 63.0 -19.5 27.0
v 62.6 -19.0 27.0
v 63.0 -19.0 27.6
v 62.5 -19.0 29.0
v 63.0 -19.0 28.3
v 62.0 -19.0 31.0
v 63.0 -18.5 23.0
v 62.2 -18.0 24.0
v 63.0 -18.0 23.6
v 63.0 -18.0 24.2
v 62.3 -18.0 25.0
v 62.3 -18.0 26.0
v 62.2 -18.0 27.0
v 63.0 -18.7 28.0
v 62.0 -18.0 29.0
v 62.4 -17.0 23.0
v 63.0 -17.6 24.0
v 62.7 -17.0 24.0
v 62.6 -17.0 25.0
v 62.8 -16.0 23.0
v 63.0 -16.0 23.2
v 63.0 -16.7 24.0
v 63.0 -16.7 25.0
v 63.0 -16.5 26.0
v 63.0 -16.4 27.0
v 63.0 -16.0 27.5
v 63.0 -15.0 21.7
v 63.0 -15.3 22.0
v 63.0 -15.9 23.0
v 63.0 -15.6 28.0
v 63.0 -15.5 29.0
v 63.0 -15.5 30.0
v 63.0 -15.4 31.0
v 63.0 -15.0 31.5
v 63.0 -14.0 21.4
v 63.0 -14.6 32.0
v 63.0 -14.4 33.0
v 63.0 -14.0 34.0
v 62.9 -14.0 34.0
v 63.0 -14.0 34.0
v 63.0 -13.0 20.6
v 63.0 -13.5 21.0
v 62.4 -13.0 30.0
v 62.5 -13.0 31.0
v 62.5 -13.0 32.0
v 62.7 -13.0 33.0
v 63.0 -13.0 33.4
v 63.0 -13.9 34.0
v 62.3 -12.0 20.0
v 63.0 -12.0 20.4
v 62.6 -12.0 29.0
v 63.0 -12.0 29.4
v 63.0 -12.5 30.0
v 63.0 -12.6 31.0
v 63.0 -12.6 32.0
v 63.0 -12.7 33.0
v 62.3 -11.0 20.0
v 63.0 -11.0 20.4
v 62.6 -11.0 28.0
v 63.0 -11.0 28.3
v 63.0 -11.6 29.0
v 63.0 -10.0 20.8
v 62.7 -10.0 21.0
v 62.5 -10.0 22.0
v 62.5 -10.0 23.0
v 62.4 -10.0 24.0
v 63.0 -10.4 27.0
v 63.0 -10.0 26.4
v 63.0 -10.7 28.0
v 63.0 -9.8 21.0
v 63.0 -9.6 22.0
v 63.0 -9.6 23.0
v 63.0 -9.6 24.0
v 63.0 -9.5 25.0
v 63.0 -9.7 26.0
v 63.5 -23.0 25.0
v 63.3 -22.0 25.0
v 64.0 -22.0 26.0
v 64.0 -22.0 26.0
v 64.0 -22.0 27.0
v 64.0 -22.0 26.8
v 64.0 -22.0 26.0
v 63.5 -21.0 27.0
v 64.0 -20.0 23.5
v 64.0 -20.4 24.0
v 64.0 -20.1 25.0
v 63.9 -20.0 25.0
v 64.0 -20.0 25.1
v 63.8 -20.0 27.0
v 63.4 -20.0 28.0
v 64.0 -19.0 22.6
v 64.0 -19.6 23.0
v 63.6 -19.0 25.0
v 64.0 -19.0 25.4
v 64.0 -19.2 28.0
v 64.0 -19.0 27.7
v 64.0 -19.0 28.2
v 63.5 -18.0 23.0
v 64.0 -18.0 22.7
v 64.0 -18.5 25.0
v 64.0 -18.0 24.6
v 64.0 -18.6 28.0
v 64.0 -17.5 23.0
v 64.0 -17.3 24.0
v 64.0 -17.0 28.0
v 64.0 -17.0 28.0
v 64.0 -17.1 28.0
v 64.0 -17.0 28.0
v 63.2 -16.0 23.0
v 64.0 -16.0 22.7
v 64.0 -16.5 23.0
v 64.0 -16.8 24.0
v 64.0 -16.7 25.0
v 64.0 -16.7 26.0
v 64.0 -16.7 27.0
v 64.0 -16.8 28.0
v 64.0 -16.0 27.9
v 63.6 -15.0 22.0
v 64.0 -15.0 22.2
v 64.0 -15.9 28.0
v 64.0 -15.7 29.0
v 64.0 -15.6 30.0
v 64.0 -15.4 31.0
v 64.0 -15.0 31.5
v 64.0 -14.0 21.5
v 64.0 -14.8 22.0
v 64.0 -14.6 32.0
v 64.0 -14.5 33.0
v 64.0 -14.3 34.0
v 64.0 -14.0 34.3
v 64.0 -13.0 20.6
v 64.0 -13.5 21.0
v 63.8 -13.0 34.0
v 64.0 -13.0 34.1
v 64.0 -12.0 20.5
v 64.0 -12.4 30.0
v 64.0 -12.0 29.5
v 64.0 -12.5 31.0
v 64.0 -12.5 32.0
v 64.0 -12.5 33.0
v 64.0 -12.9 34.0
v 64.0 -11.0 20.5
v 64.0 -11.5 29.0
v 64.0 -11.0 28.4
v 64.0 -10.0 20.6
v 63.5 -10.0 26.0
v 64.0 -10.3 26.0
v 64.0 -10.0 25.6
v 64.0 -10.5 27.0
v 64.0 -10.7 28.0
v 64.0 -9.6 21.0
v 64.0 -9.4 22.0
v 64.0 -9.5 23.0
v 64.0 -9.5 24.0
v 64.0 -9.6 25.0
v 64.0 -22.0 26.0
v 65.0 -20.0 23.4
v 65.0 -20.4 24.0
v 64.5 -20.0 25.0
v 65.0 -20.0 24.9
v 65.0 -19.0 22.5
v 65.0 -19.7 23.0
v 65.0 -19.9 25.0
v 65.0 -19.6 26.0
v 64.5 -19.0 26.0
v 65.0 -19.6 27.0
v 64.4 -19.0 27.0
v 65.0 -19.5 28.0
v 65.0 -19.3 29.0
v 64.6 -19.0 29.0
v 65.0 -19.0 29.4
v 65.0 -18.0 22.4
v 64.3 -18.0 25.0
v 64.5 -18.0 26.0
v 64.5 -18.0 27.0
v 64.2 -18.0 28.0
v 64.0 -18.0 29.0
v 65.0 -18.3 30.0
v 64.8 -18.0 30.0
v 65.0 -18.0 30.2
v 64.9 -17.0 22.0
v 65.0 -17.0 21.9
v 65.0 -17.1 22.0
v 64.3 -17.0 23.0
v 64.2 -17.0 24.0
v 64.3 -17.0 25.0
v 64.3 -17.0 26.0
v 64.3 -17.0 27.0
v 64.4 -17.0 29.0
v 65.0 -17.0 29.8
v 65.0 -17.4 30.0
v 65.0 -16.7 22.0
v 65.0 -16.0 22.2
v 64.1 -16.0 28.0
v 64.3 -16.0 29.0
v 65.0 -16.7 30.0
v 64.5 -16.0 30.0
v 65.0 -16.0 30.5
v 64.3 -15.0 22.0
v 65.0 -15.0 21.7
v 65.0 -15.7 22.0
v 65.0 -15.6 31.0
v 65.0 -15.0 31.5
v 65.0 -14.0 21.4
v 65.0 -14.6 32.0
v 65.0 -14.4 33.0
v 65.0 -14.0 34.0
v 65.0 -14.0 34.0
v 65.0 -13.0 20.6
v 65.0 -13.5 21.0
v 64.2 -13.0 34.0
v 65.0 -14.0 34.0
v 65.0 -13.0 33.5
v 65.0 -12.0 20.5
v 65.0 -12.4 30.0
v 65.0 -12.0 29.5
v 65.0 -12.5 31.0
v 65.0 -12.5 32.0
v 65.0 -12.6 33.0
v 65.0 -11.0 20.5
v 64.7 -11.0 28.0
v 65.0 -11.2 28.0
v 65.0 -11.0 27.8
v 65.0 -11.6 29.0
v 65.0 -10.0 20.7
v 65.0 -10.5 26.0
v 65.0 -10.0 25.3
v 65.0 -10.6 27.0
v 65.0 -9.7 21.0
v 65.0 -9.0 22.0
v 65.0 -9.4 23.0
v 65.0 -9.5 24.0
v 65.0 -9.8 25.0
v 65.7 -21.0 23.0
v 66.0 -21.0 22.6
v 66.0 -21.2 23.0
v 66.0 -21.4 24.0
v 65.5 -21.0 24.0
v 66.0 -21.4 25.0
v 65.6 -21.0 25.0
v 66.0 -21.3 26.0
v 65.6 -21.0 26.0
v 66.0 -21.0 27.0
v 66.0 -21.0 27.0
v 66.0 -21.0 27.0
v 65.7 -20.0 22.0
v 66.0 -20.0 21.8
v 66.0 -20.4 22.0
v 65.3 -20.0 23.0
v 65.1 -20.0 25.0
v 65.3 -20.0 26.0
v 65.4 -20.0 27.0
v 66.0 -20.0 27.5
v 65.6 -19.0 22.0
v 66.0 -19.0 21.7
v 66.0 -19.6 28.0
v 66.0 -19.5 29.0
v 66.0 -19.4 30.0
v 65.5 -19.0 30.0
v 66.0 -19.2 31.0
v 65.8 -19.0 31.0
v 66.0 -19.0 31.2
v 66.0 -18.3 22.0
v 66.0 -18.0 22.1
v 65.6 -18.0 31.0
v 66.0 -18.0 31.5
v 66.0 -17.0 21.5
v 66.0 -17.8 22.0
v 65.1 -17.0 30.0
v 65.6 -17.0 31.0
v 66.0 -17.0 31.5
v 65.2 -16.0 22.0
v 66.0 -16.0 21.4
v 65.4 -16.0 31.0
v 66.0 -16.0 31.5
v 66.0 -15.0 21.4
v 66.0 -15.0 31.7
v 66.0 -14.0 21.3
v 66.0 -14.7 32.0
v 65.6 -14.0 33.0
v 66.0 -14.0 32.6
v 65.0 -14.0 34.0
v 66.0 -13.0 20.7
v 66.0 -13.5 21.0
v 66.0 -13.4 33.0
v 66.0 -13.0 33.2
v 66.0 -12.0 20.6
v 66.0 -12.4 30.0
v 66.0 -12.0 29.5
v 66.0 -12.5 31.0
v 66.0 -12.5 32.0
v 66.0 -12.8 33.0
v 66.0 -11.0 20.8
v 66.0 -11.0 25.0
v 66.0 -11.0 25.0
v 66.0 -11.0 25.0
v 65.9 -11.0 26.0
v 66.0 -11.1 26.0
v 66.0 -11.0 26.1
v 65.5 -11.0 28.0
v 66.0 -11.0 28.2
v 66.0 -11.5 29.0
v 66.0 -10.6 21.0
v 65.4 -10.0 21.0
v 66.0 -10.0 21.7
v 65.8 -10.0 23.0
v 66.0 -10.2 23.0
v 66.0 -10.0 22.5
v 65.6 -10.0 24.0
v 66.0 -10.4 24.0
v 65.3 -10.0 25.0
v 66.0 -10.6 27.0
v 66.0 -10.8 28.0
v 66.0 -9.7 22.0
v 66.7 -21.0 22.0
v 67.0 -21.0 21.8
v 67.0 -21.2 22.0
v 67.0 -21.5 23.0
v 67.0 -21.6 24.0
v 67.0 -21.9 25.0
v 67.0 -21.4 26.0
v 66.0 -21.0 27.0
v 67.0 -21.0 26.5
v 67.0 -20.0 21.5
v 67.0 -20.6 27.0
v 67.0 -20.0 27.5
v 67.0 -19.0 21.5
v 67.0 -19.6 28.0
v 67.0 -19.4 29.0
v 67.0 -19.4 30.0
v 67.0 -19.2 31.0
v 67.0 -19.0 31.3
v 66.2 -18.0 22.0
v 67.0 -18.0 21.5
v 67.0 -18.3 32.0
v 66.7 -18.0 32.0
v 67.0 -18.0 32.3
v 66.6 -17.0 21.0
v 67.0 -17.0 20.5
v 67.0 -17.4 21.0
v 66.5 -17.0 32.0
v 67.0 -17.0 32.4
v 66.9 -16.0 19.0
v 67.0 -16.0 18.9
v 67.0 -16.1 19.0
v 67.0 -16.6 20.0
v 66.6 -16.0 20.0
v 66.4 -16.0 21.0
v 66.5 -16.0 32.0
v 67.0 -16.0 32.4
v 67.0 -15.8 19.0
v 66.7 -15.0 20.0
v 67.0 -15.0 19.6
v 66.4 -15.0 21.0
v 66.3 -15.0 32.0
v 67.0 -15.0 32.4
v 67.0 -14.7 20.0
v 66.6 -14.0 21.0
v 67.0 -14.0 20.8
v 67.0 -14.0 32.6
v 66.5 -13.0 21.0
v 67.0 -13.6 21.0
v 67.0 -13.0 21.3
v 67.0 -13.0 33.0
v 67.0 -13.0 33.0
v 66.4 -12.0 21.0
v 67.0 -12.0 21.6
v 67.0 -12.4 30.0
v 67.0 -12.0 29.4
v 67.0 -12.5 31.0
v 67.0 -12.5 32.0
v 67.0 -13.0 33.0
v 66.3 -11.0 21.0
v 67.0 -11.6 22.0
v 66.6 -11.0 22.0
v 66.7 -11.0 23.0
v 67.0 -11.3 23.0
v 67.0 -11.0 23.5
v 66.1 -11.0 25.0
v 66.1 -11.0 26.0
v 66.3 -11.0 28.0
v 67.0 -11.3 28.0
v 67.0 -11.0 27.5
v 67.0 -11.7 29.0
v 66.2 -10.0 22.0
v 67.0 -10.7 24.0
v 67.0 -10.7 25.0
v 67.0 -10.6 26.0
v 67.0 -10.7 27.0
v 68.0 -21.0 21.8
v 68.0 -21.2 22.0
v 68.0 -21.4 23.0
v 68.0 -21.4 24.0
v 68.0 -21.5 25.0
v 67.6 -21.0 26.0
v 68.0 -21.0 25.6
v 68.0 -20.0 21.7
v 68.0 -20.7 26.0
v 68.0 -20.4 27.0
v 68.0 -20.0 27.5
v 68.0 -19.0 21.6
v 68.0 -19.5 28.0
v 67.6 -19.0 29.0
v 68.0 -19.0 28.6
v 67.5 -19.0 30.0
v 67.3 -19.0 31.0
v 68.0 -18.0 21.5
v 68.0 -18.7 29.0
v 68.0 -18.6 30.0
v 68.0 -18.5 31.0
v 68.0 -18.2 32.0
v 68.0 -18.0 32.2
v 67.6 -17.0 19.0
v 68.0 -17.0 18.5
v 68.0 -17.4 19.0
v 68.0 -17.5 20.0
v 67.4 -17.0 20.0
v 68.0 -17.6 21.0
v 68.0 -17.0 32.8
v 67.4 -16.0 15.0
v 68.0 -16.0 14.7
v 68.0 -16.3 15.0
v 68.0 -16.5 16.0
v 67.6 -16.0 16.0
v 68.0 -16.5 17.0
v 67.6 -16.0 17.0
v 68.0 -16.6 18.0
v 67.5 -16.0 18.0
v 68.0 -16.0 32.4
v 67.7 -15.0 15.0
v 68.0 -15.0 14.8
v 67.6 -15.0 16.0
v 67.7 -15.0 17.0
v 67.6 -15.0 18.0
v 67.5 -15.0 19.0
v 68.0 -15.0 32.3
v 68.0 -14.7 15.0
v 68.0 -14.6 16.0
v 68.0 -14.7 17.0
v 68.0 -14.6 18.0
v 68.0 -14.6 19.0
v 68.0 -14.5 20.0
v 67.4 -14.0 21.0
v 68.0 -14.2 21.0
v 68.0 -14.0 21.2
v 68.0 -14.0 32.4
v 68.0 -13.0 21.6
v 67.0 -13.0 33.0
v 68.0 -13.0 32.2
v 68.0 -12.4 22.0
v 67.5 -12.0 22.0
v 68.0 -12.0 22.6
v 67.7 -12.0 29.0
v 68.0 -12.2 29.0
v 68.0 -12.0 28.8
v 68.0 -12.5 30.0
v 68.0 -12.6 31.0
v 68.0 -12.8 32.0
v 68.0 -11.7 23.0
v 67.3 -11.0 24.0
v 68.0 -11.5 24.0
v 67.5 -11.0 25.0
v 68.0 -11.3 25.0
v 68.0 -11.0 25.7
v 67.5 -11.0 27.0
v 68.0 -11.3 27.0
v 68.0 -11.0 26.3
v 68.0 -11.6 28.0
v 68.0 -10.8 26.0
v 68.2 -21.0 22.0
v 68.4 -21.0 23.0
v 68.5 -21.0 24.0
v 69.0 -21.0 24.9
v 69.0 -21.1 25.0
v 69.0 -21.0 25.1
v 68.3 -20.0 22.0
v 68.6 -20.0 23.0
v 69.0 -20.0 23.8
v 69.0 -20.2 24.0
v 69.0 -20.4 26.0
v 69.0 -20.2 27.0
v 69.0 -20.0 27.3
v 68.4 -19.0 22.0
v 68.5 -19.0 23.0
v 69.0 -19.8 24.0
v 68.6 -19.0 24.0
v 68.7 -19.0 25.0
v 69.0 -19.4 25.0
v 69.0 -19.0 25.5
v 69.0 -19.4 28.0
v 69.0 -19.0 28.4
v 68.9 -18.0 19.0
v 69.0 -18.0 18.9
v 69.0 -18.1 19.0
v 69.0 -18.1 20.0
v 68.9 -18.0 20.0
v 69.0 -18.0 20.1
v 68.5 -18.0 22.0
v 68.6 -18.0 23.0
v 68.6 -18.0 24.0
v 68.6 -18.0 25.0
v 69.0 -18.2 26.0
v 68.9 -18.0 26.0
v 69.0 -18.0 26.2
v 68.7 -18.0 29.0
v 69.0 -18.0 28.6
v 69.0 -18.0 29.9
v 69.0 -18.0 30.0
v 68.5 -18.0 31.0
v 69.0 -18.0 30.0
v 68.2 -18.0 32.0
v 68.7 -17.0 16.0
v 69.0 -17.0 15.7
v 69.0 -17.2 16.0
v 69.0 -17.3 17.0
v 68.6 -17.0 17.0
v 69.0 -17.5 18.0
v 68.4 -17.0 18.0
v 69.0 -17.5 21.0
v 69.0 -17.5 22.0
v 69.0 -17.5 23.0
v 69.0 -17.5 24.0
v 69.0 -17.5 25.0
v 69.0 -17.8 26.0
v 68.7 -17.0 29.0
v 69.0 -17.0 28.5
v 69.0 -17.0 29.5
v 68.6 -17.0 31.0
v 69.0 -17.0 30.3
v 68.4 -17.0 32.0
v 69.0 -16.0 14.7
v 69.0 -16.3 15.0
v 68.8 -16.0 28.0
v 69.0 -16.5 28.0
v 69.0 -16.0 27.7
v 68.8 -16.0 29.0
v 69.0 -16.0 29.5
v 68.6 -16.0 31.0
v 69.0 -16.0 30.4
v 68.4 -16.0 32.0
v 69.0 -15.0 14.6
v 68.9 -15.0 28.0
v 69.0 -15.0 27.8
v 69.0 -15.0 28.2
v 69.0 -15.6 29.0
v 68.6 -15.0 31.0
v 69.0 -15.0 30.5
v 68.3 -15.0 32.0
v 68.9 -14.0 15.0
v 69.0 -14.0 14.9
v 69.0 -14.0 15.1
v 69.0 -14.3 16.0
v 69.0 -14.4 17.0
v 69.0 -14.4 18.0
v 69.0 -14.4 19.0
v 69.0 -14.4 20.0
v 69.0 -14.2 21.0
v 69.0 -14.0 21.2
v 69.0 -14.8 28.0
v 68.6 -14.0 31.0
v 69.0 -14.0 30.5
v 68.4 -14.0 32.0
v 69.0 -13.9 15.0
v 69.0 -13.0 21.6
v 68.4 -13.0 31.0
v 69.0 -13.0 30.3
v 68.2 -13.0 32.0
v 69.0 -12.6 22.0
v 68.4 -12.0 23.0
v 69.0 -12.4 23.0
v 68.6 -12.0 24.0
v 69.0 -12.4 24.0
v 69.0 -12.0 24.5
v 68.7 -12.0 29.0
v 69.0 -12.0 29.1
v 69.0 -12.7 30.0
v 69.0 -11.7 25.0
v 68.2 -11.0 26.0
v 69.0 -11.4 26.0
v 69.0 -11.5 27.0
v 69.0 -11.6 28.0
v 69.0 -11.9 29.0
v 69.1 -21.0 25.0
v 69.1 -20.0 24.0
v 69.3 -20.0 25.0
v 69.3 -20.0 26.0
v 69.2 -20.0 27.0
v 69.3 -19.0 26.0
v 69.5 -19.0 27.0
v 69.7 -19.0 28.0
v 69.1 -18.0 19.0
v 69.1 -18.0 20.0
v 69.4 -18.0 27.0
v 69.4 -18.0 28.0
v 69.0 -18.0 30.0
v 70.0 -17.0 16.0
v 70.0 -17.0 16.0
v 69.6 -17.0 17.0
v 70.0 -17.0 16.1
v 70.0 -17.0 17.5
v 70.0 -17.3 18.0
v 70.0 -17.4 19.0
v 70.0 -17.3 20.0
v 69.5 -17.0 21.0
v 70.0 -17.0 20.3
v 69.4 -17.0 22.0
v 69.4 -17.0 23.0
v 69.4 -17.0 24.0
v 69.4 -17.0 25.0
v 69.4 -17.0 26.0
v 69.5 -17.0 27.0
v 69.3 -17.0 28.0
v 69.2 -17.0 30.0
v 69.4 -16.0 15.0
v 70.0 -16.0 15.5
v 70.0 -16.7 17.0
v 69.7 -16.0 21.0
v 70.0 -16.0 20.6
v 69.6 -16.0 22.0
v 69.5 -16.0 23.0
v 69.6 -16.0 24.0
v 69.6 -16.0 25.0
v 69.6 -16.0 26.0
v 69.4 -16.0 27.0
v 69.2 -16.0 30.0
v 70.0 -15.0 14.8
v 70.0 -15.4 15.0
v 70.0 -15.6 21.0
v 70.0 -15.3 22.0
v 70.0 -15.0 22.4
v 69.7 -15.0 23.0
v 70.0 -15.0 23.7
v 70.0 -15.2 24.0
v 70.0 -15.5 25.0
v 70.0 -15.3 26.0
v 70.0 -15.0 26.3
v 69.5 -15.0 27.0
v 69.3 -15.0 29.0
v 69.4 -15.0 30.0
v 70.0 -14.0 14.9
v 69.6 -14.0 16.0
v 69.7 -14.0 17.0
v 69.7 -14.0 18.0
v 69.7 -14.0 19.0
v 69.7 -14.0 20.0
v 69.3 -14.0 21.0
v 69.7 -14.0 23.0
v 70.0 -14.0 22.6
v 70.0 -14.7 24.0
v 69.7 -14.0 24.0
v 70.0 -14.0 24.5
v 69.7 -14.0 27.0
v 70.0 -14.0 26.6
v 69.4 -14.0 28.0
v 69.5 -14.0 29.0
v 69.4 -14.0 30.0
v 70.0 -13.9 15.0
v 70.0 -13.8 16.0
v 70.0 -13.8 17.0
v 70.0 -13.8 18.0
v 70.0 -13.8 19.0
v 70.0 -13.8 20.0
v 70.0 -13.0 21.0
v 70.0 -13.0 21.0
v 70.0 -13.2 23.0
v 70.0 -13.0 23.1
v 69.5 -13.0 24.0
v 70.0 -13.5 25.0
v 69.7 -13.0 25.0
v 70.0 -13.0 25.4
v 70.0 -13.5 27.0
v 70.0 -13.0 27.4
v 69.6 -13.0 28.0
v 69.5 -13.0 29.0
v 69.2 -13.0 30.0
v 70.0 -13.0 21.0
v 70.0 -12.7 22.0
v 70.0 -12.9 23.0
v 69.3 -12.0 25.0
v 70.0 -12.0 25.7
v 69.4 -12.0 28.0
v 70.0 -12.0 27.3
v 69.1 -12.0 29.0
v 70.0 -11.8 26.0
v 70.0 -11.8 27.0
v 70.0 -17.0 16.0
v 70.2 -17.0 18.0
v 70.4 -17.0 19.0
v 70.2 -17.0 20.0
v 70.4 -16.0 16.0
v 70.4 -16.0 17.0
v 70.5 -16.0 18.0
v 70.5 -16.0 19.0
v 70.4 -16.0 20.0
v 70.2 -15.0 15.0
v 70.5 -15.0 16.0
v 70.5 -15.0 17.0
v 70.5 -15.0 18.0
v 70.5 -15.0 19.0
v 70.5 -15.0 20.0
v 70.4 -15.0 21.0
v 70.2 -15.0 22.0
v 70.1 -15.0 24.0
v 70.4 -15.0 25.0
v 70.2 -15.0 26.0
v 70.1 -14.0 15.0
v 70.2 -14.0 16.0
v 70.2 -14.0 17.0
v 70.2 -14.0 18.0
v 70.2 -14.0 19.0
v 70.2 -14.0 20.0
v 70.4 -14.0 21.0
v 70.4 -14.0 22.0
v 70.3 -14.0 25.0
v 70.4 -14.0 26.0
v 70.0 -13.0 21.0
v 70.3 -13.0 22.0
v 70.1 -13.0 23.0
v 70.4 -13.0 26.0
v 70.3 -13.0 27.0
v 70.2 -12.0 26.0
v 70.2 -12.0 27.0
f 3 2 1
f 5 4 1
f 1 4 3
f 5 6 4
f 1 2 7
f 7 2 8
f 10 5 9
f 5 7 9
f 5 1 7
f 5 10 6
f 8 11 7
f 7 11 9
f 13 12 3
f 3 12 2
f 14 3 4
f 14 13 3
f 4 6 14
f 14 6 15
f 12 8 2
f 16 8 12
f 9 17 10
f 17 18 10
f 18 6 10
f 18 15 6
f 16 19 8
f 8 19 11
f 9 11 17
f 11 20 17
f 11 19 20
f 17 20 18
f 21 12 13
f 21 13 22
f 13 23 22
f 13 14 23
f 14 15 23
f 23 15 24
f 25 16 21
f 21 16 12
f 21 22 26
f 21 26 25
f 18 24 15
f 18 27 24
f 25 19 16
f 26 28 25
f 28 19 25
f 28 20 19
f 18 20 27
f 27 20 28
f 30 29 23
f 23 29 22
f 23 24 30
f 30 24 31
f 29 26 22
f 32 26 29
f 27 31 24
f 27 33 31
f 32 34 26
f 26 34 28
f 27 28 33
f 33 28 34
f 36 35 30
f 30 35 29
f 30 31 36
f 36 31 37
f 35 32 29
f 38 32 35
f 33 40 39
f 37 33 39
f 31 33 37
f 40 41 39
f 38 42 32
f 32 42 34
f 33 34 40
f 34 43 40
f 34 42 43
f 40 43 41
f 45 44 36
f 36 44 35
f 47 46 37
f 46 36 37
f 46 45 36
f 47 48 46
f 44 38 35
f 49 38 44
f 39 47 37
f 39 41 47
f 41 48 47
f 41 50 48
f 49 51 38
f 38 51 42
f 51 53 52
f 43 51 52
f 42 51 43
f 52 54 43
f 54 41 43
f 54 50 41
f 53 55 52
f 52 55 54
f 58 57 56
f 56 59 58
f 61 60 45
f 45 60 44
f 46 56 57
f 61 46 57
f 45 46 61
f 46 48 56
f 48 59 56
f 48 62 59
f 60 49 44
f 63 49 60
f 50 62 48
f 50 64 62
f 51 49 65
f 49 66 65
f 49 63 66
f 65 53 51
f 54 64 50
f 54 67 64
f 66 68 65
f 65 68 53
f 68 55 53
f 68 69 55
f 54 55 67
f 67 55 69
f 70 57 58
f 59 70 58
f 72 71 61
f 61 71 60
f 61 57 70
f 73 61 70
f 72 61 73
f 59 62 70
f 62 74 70
f 74 73 70
f 74 62 75
f 77 76 75
f 75 76 74
f 77 78 76
f 81 80 79
f 71 81 79
f 63 71 79
f 60 71 63
f 64 82 75
f 64 75 62
f 75 83 77
f 75 82 83
f 78 77 84
f 84 77 83
f 80 85 79
f 63 79 85
f 86 63 85
f 66 63 86
f 67 87 82
f 67 82 64
f 82 88 83
f 82 87 88
f 84 83 89
f 89 83 88
f 86 90 66
f 66 90 68
f 90 92 91
f 69 90 91
f 68 90 69
f 87 67 69
f 91 87 69
f 93 87 91
f 95 88 94
f 88 93 94
f 88 87 93
f 88 95 89
f 92 96 91
f 91 96 93
f 93 96 97
f 93 97 94
f 100 99 98
f 71 72 98
f 72 100 98
f 72 101 100
f 102 72 73
f 102 101 72
f 103 73 74
f 103 102 73
f 104 74 76
f 104 103 74
f 76 78 104
f 104 78 105
f 98 99 81
f 99 80 81
f 99 106 80
f 98 81 71
f 84 105 78
f 84 107 105
f 106 108 80
f 80 108 85
f 86 85 108
f 86 108 109
f 89 107 84
f 89 110 107
f 109 111 86
f 86 111 90
f 92 90 111
f 92 111 112
f 114 113 95
f 114 95 94
f 89 95 110
f 110 95 113
f 112 115 92
f 92 115 96
f 96 116 97
f 115 116 96
f 94 97 114
f 114 97 116
f 117 99 100
f 101 118 100
f 100 118 117
f 102 119 101
f 101 119 118
f 103 120 102
f 102 120 119
f 120 103 121
f 103 122 121
f 103 104 122
f 104 105 122
f 122 105 123
f 125 124 117
f 124 99 117
f 124 106 99
f 125 117 118
f 125 118 126
f 126 118 119
f 126 119 127
f 127 119 120
f 127 120 128
f 128 120 121
f 107 130 129
f 123 107 129
f 105 107 123
f 130 131 129
f 124 132 106
f 106 132 108
f 109 108 132
f 109 132 133
f 110 134 130
f 110 130 107
f 131 130 135
f 135 130 134
f 133 136 109
f 109 136 111
f 112 111 136
f 112 136 137
f 114 138 113
f 138 139 113
f 113 139 110
f 139 140 110
f 140 134 110
f 134 140 135
f 137 141 112
f 112 141 115
f 115 142 116
f 141 142 115
f 116 142 114
f 142 143 114
f 143 138 114
f 143 142 144
f 139 138 145
f 145 138 143
f 144 146 143
f 143 146 145
f 147 121 122
f 123 147 122
f 148 124 125
f 126 149 125
f 125 149 148
f 149 126 150
f 126 151 150
f 126 127 151
f 152 127 128
f 152 151 127
f 128 121 147
f 153 128 147
f 152 128 153
f 153 147 123
f 129 153 123
f 154 153 129
f 129 131 154
f 154 131 155
f 148 132 124
f 132 148 133
f 148 156 133
f 148 149 156
f 149 150 157
f 149 157 156
f 135 155 131
f 135 158 155
f 156 136 133
f 160 159 137
f 160 137 136
f 157 160 136
f 156 157 136
f 161 159 160
f 139 162 140
f 162 163 140
f 163 135 140
f 163 158 135
f 159 141 137
f 161 164 159
f 164 141 159
f 164 142 141
f 144 142 164
f 144 164 165
f 145 166 162
f 145 162 139
f 163 162 167
f 167 162 166
f 146 144 168
f 144 169 168
f 144 165 169
f 166 145 146
f 168 166 146
f 170 166 168
f 167 166 171
f 171 166 170
f 169 172 168
f 168 172 170
f 170 172 173
f 170 173 171
f 175 174 151
f 151 174 150
f 177 175 176
f 175 152 176
f 175 151 152
f 176 152 178
f 152 179 178
f 152 153 179
f 181 179 180
f 179 154 180
f 179 153 154
f 155 180 154
f 174 157 150
f 182 157 174
f 183 177 176
f 183 176 178
f 184 181 180
f 155 158 180
f 158 185 180
f 185 184 180
f 185 158 186
f 186 187 185
f 182 188 157
f 157 188 160
f 161 160 188
f 161 188 189
f 163 190 186
f 163 186 158
f 187 186 191
f 191 186 190
f 189 192 161
f 161 192 164
f 165 164 192
f 165 192 193
f 167 194 190
f 167 190 163
f 191 190 195
f 195 190 194
f 198 197 196
f 200 199 196
f 196 199 198
f 202 201 200
f 200 201 199
f 204 203 202
f 202 203 201
f 204 205 203
f 193 169 165
f 206 169 193
f 171 207 194
f 171 194 167
f 195 194 208
f 194 209 208
f 194 207 209
f 208 209 197
f 209 196 197
f 209 210 196
f 196 211 200
f 196 210 211
f 213 202 212
f 202 211 212
f 202 200 211
f 202 213 204
f 204 213 214
f 204 214 205
f 206 215 169
f 169 215 172
f 215 217 216
f 173 215 216
f 172 215 173
f 207 171 173
f 216 207 173
f 218 207 216
f 207 219 209
f 207 218 219
f 221 210 220
f 210 219 220
f 210 209 219
f 210 221 211
f 211 221 222
f 211 222 212
f 217 223 216
f 225 224 223
f 224 216 223
f 224 218 216
f 218 226 219
f 218 224 226
f 220 219 227
f 227 219 226
f 230 229 228
f 230 228 225
f 228 224 225
f 228 231 224
f 233 226 232
f 226 231 232
f 226 224 231
f 226 233 227
f 228 229 234
f 234 229 235
f 237 231 236
f 231 234 236
f 231 228 234
f 231 237 232
f 235 238 234
f 241 240 239
f 234 238 236
f 240 242 239
f 245 244 243
f 245 243 241
f 243 240 241
f 243 246 240
f 242 240 247
f 247 240 246
f 244 248 243
f 243 248 246
f 246 248 249
f 246 249 247
f 250 174 175
f 177 250 175
f 251 178 179
f 181 251 179
f 253 252 250
f 252 174 250
f 252 182 174
f 253 250 177
f 183 253 177
f 254 253 183
f 183 178 251
f 255 183 251
f 254 183 255
f 255 251 181
f 184 255 181
f 256 255 184
f 257 184 185
f 257 256 184
f 185 187 257
f 257 187 258
f 252 259 182
f 182 259 188
f 189 188 259
f 189 259 260
f 191 262 261
f 258 191 261
f 187 191 258
f 262 263 261
f 266 265 264
f 268 267 264
f 264 267 266
f 270 269 268
f 268 269 267
f 270 271 269
f 260 272 189
f 189 272 192
f 193 192 272
f 193 272 273
f 195 274 262
f 195 262 191
f 198 275 197
f 275 262 197
f 262 274 197
f 262 275 263
f 199 264 265
f 275 199 265
f 198 199 275
f 264 199 201
f 264 201 268
f 268 201 203
f 268 203 270
f 203 205 270
f 205 271 270
f 205 276 271
f 273 206 193
f 277 206 273
f 208 274 195
f 274 208 197
f 212 278 213
f 213 278 279
f 280 213 279
f 214 213 280
f 205 214 276
f 276 214 280
f 277 281 206
f 206 281 215
f 217 215 281
f 217 281 282
f 284 283 221
f 284 221 220
f 221 285 222
f 283 285 221
f 212 222 278
f 222 286 278
f 222 285 286
f 278 286 279
f 223 217 287
f 217 288 287
f 217 282 288
f 287 225 223
f 227 284 220
f 227 289 284
f 291 290 288
f 290 229 288
f 230 287 288
f 230 288 229
f 230 225 287
f 290 291 292
f 294 293 233
f 294 233 232
f 227 233 289
f 289 233 293
f 297 296 295
f 298 297 290
f 297 235 290
f 235 229 290
f 297 295 235
f 299 298 236
f 298 299 292
f 237 292 299
f 292 237 290
f 236 290 237
f 290 236 298
f 299 300 237
f 300 232 237
f 300 294 232
f 295 296 301
f 301 296 302
f 303 238 235
f 295 303 235
f 301 303 295
f 303 236 238
f 303 299 236
f 303 241 239
f 299 303 239
f 305 304 242
f 242 304 239
f 304 300 239
f 300 299 239
f 305 306 304
f 301 302 307
f 307 302 308
f 307 244 245
f 303 307 245
f 301 307 303
f 303 245 241
f 247 309 305
f 247 305 242
f 306 305 310
f 305 311 310
f 305 309 311
f 311 312 310
f 307 308 313
f 313 308 314
f 315 248 244
f 307 315 244
f 313 315 307
f 248 315 316
f 317 248 316
f 249 248 317
f 247 249 309
f 249 318 309
f 249 317 318
f 309 318 311
f 311 318 319
f 311 319 312
f 314 320 313
f 313 320 315
f 315 320 321
f 315 321 316
f 322 252 253
f 322 253 323
f 253 324 323
f 253 254 324
f 325 254 255
f 325 324 254
f 326 255 256
f 326 325 255
f 328 326 327
f 326 257 327
f 326 256 257
f 258 327 257
f 331 330 329
f 333 332 329
f 329 332 331
f 333 334 332
f 322 259 252
f 260 259 322
f 323 260 322
f 335 260 323
f 336 328 327
f 336 327 258
f 261 336 258
f 337 336 261
f 339 338 263
f 338 261 263
f 338 337 261
f 265 266 339
f 266 338 339
f 266 340 338
f 267 329 330
f 340 267 330
f 266 267 340
f 329 267 269
f 329 269 333
f 269 271 333
f 271 334 333
f 271 341 334
f 335 342 260
f 260 342 272
f 273 272 342
f 273 342 343
f 275 339 263
f 339 275 265
f 276 341 271
f 276 344 341
f 343 277 273
f 345 277 343
f 347 346 280
f 347 280 279
f 276 280 344
f 344 280 346
f 345 348 277
f 277 348 281
f 282 281 348
f 282 348 349
f 284 350 283
f 351 285 283
f 351 283 350
f 285 351 352
f 353 285 352
f 286 285 353
f 279 286 347
f 347 286 353
f 349 288 282
f 354 288 349
f 289 355 350
f 289 350 284
f 357 351 356
f 351 355 356
f 351 350 355
f 351 357 352
f 354 358 288
f 288 358 291
f 292 291 358
f 292 358 359
f 294 360 293
f 360 361 293
f 293 361 289
f 361 362 289
f 362 355 289
f 355 362 356
f 364 363 297
f 297 363 296
f 365 297 298
f 365 364 297
f 298 292 359
f 298 359 365
f 300 366 360
f 300 360 294
f 361 360 367
f 367 360 366
f 363 302 296
f 368 302 363
f 304 366 300
f 304 306 366
f 306 367 366
f 306 369 367
f 372 371 370
f 368 372 370
f 308 368 370
f 302 368 308
f 373 369 306
f 373 306 310
f 310 312 373
f 373 312 374
f 370 371 375
f 375 371 376
f 375 314 308
f 375 308 370
f 316 377 317
f 317 377 378
f 379 317 378
f 318 317 379
f 379 381 380
f 319 379 380
f 318 379 319
f 380 382 319
f 382 312 319
f 382 374 312
f 375 376 383
f 383 376 384
f 385 320 314
f 375 385 314
f 383 385 375
f 320 385 386
f 387 320 386
f 321 320 387
f 316 321 377
f 321 388 377
f 321 387 388
f 377 388 378
f 381 389 380
f 380 389 382
f 384 390 383
f 383 390 385
f 385 390 391
f 385 391 386
f 392 323 324
f 325 393 324
f 324 393 392
f 326 394 325
f 325 394 393
f 328 394 326
f 396 395 331
f 331 395 330
f 397 331 332
f 397 396 331
f 332 334 397
f 397 334 398
f 399 335 392
f 392 335 323
f 393 401 400
f 399 393 400
f 392 393 399
f 401 393 394
f 401 394 402
f 402 394 328
f 336 402 328
f 403 402 336
f 404 336 337
f 404 403 336
f 405 337 338
f 405 404 337
f 406 338 340
f 406 405 338
f 340 330 395
f 340 395 406
f 341 398 334
f 341 407 398
f 342 335 399
f 410 409 408
f 343 408 409
f 343 400 408
f 343 342 399
f 400 343 399
f 344 407 341
f 344 411 407
f 410 412 409
f 343 409 412
f 413 343 412
f 345 343 413
f 347 414 346
f 414 415 346
f 415 344 346
f 415 411 344
f 348 345 416
f 345 417 416
f 345 413 417
f 416 349 348
f 352 418 353
f 418 419 353
f 353 419 347
f 419 420 347
f 420 414 347
f 414 420 415
f 417 421 416
f 349 416 421
f 422 349 421
f 354 349 422
f 356 423 357
f 423 424 357
f 357 424 352
f 424 425 352
f 425 418 352
f 418 425 419
f 358 354 426
f 354 427 426
f 354 422 427
f 426 359 358
f 361 428 362
f 428 429 362
f 362 429 356
f 429 430 356
f 430 423 356
f 423 430 424
f 433 432 431
f 363 364 431
f 364 433 431
f 364 434 433
f 365 426 427
f 434 365 427
f 364 365 434
f 426 365 359
f 367 435 428
f 367 428 361
f 429 428 436
f 436 428 435
f 431 432 437
f 437 432 438
f 437 368 363
f 437 363 431
f 369 439 435
f 369 435 367
f 436 435 440
f 440 435 439
f 443 442 441
f 443 441 438
f 438 441 437
f 441 371 437
f 371 372 437
f 437 372 368
f 373 439 369
f 445 444 374
f 374 444 373
f 444 440 373
f 440 439 373
f 445 446 444
f 441 442 447
f 447 442 448
f 447 376 371
f 447 371 441
f 378 449 379
f 449 381 379
f 382 450 445
f 382 445 374
f 446 445 451
f 451 445 450
f 447 448 452
f 452 448 453
f 452 384 376
f 452 376 447
f 455 454 387
f 455 387 386
f 387 456 388
f 454 456 387
f 378 388 449
f 388 457 449
f 388 456 457
f 449 457 381
f 457 389 381
f 457 458 389
f 382 389 450
f 389 459 450
f 389 458 459
f 450 459 451
f 452 453 460
f 460 453 461
f 462 390 384
f 452 462 384
f 460 462 452
f 463 391 390
f 463 390 462
f 463 464 391
f 464 386 391
f 464 455 386
f 461 465 460
f 460 465 462
f 462 465 466
f 462 466 463
f 463 466 467
f 463 467 464
f 470 469 468
f 472 471 468
f 468 471 470
f 472 473 471
f 476 475 474
f 476 474 469
f 469 474 468
f 474 395 468
f 395 396 468
f 468 396 397
f 468 397 472
f 397 398 472
f 398 473 472
f 398 477 473
f 480 479 478
f 400 401 478
f 401 480 478
f 401 481 480
f 482 401 402
f 482 481 401
f 483 402 403
f 483 482 402
f 484 403 404
f 484 483 403
f 485 404 405
f 485 484 404
f 406 474 475
f 485 406 475
f 405 406 485
f 474 406 395
f 407 477 398
f 407 486 477
f 478 479 408
f 479 410 408
f 479 487 410
f 478 408 400
f 411 486 407
f 411 488 486
f 487 489 410
f 410 489 412
f 413 412 489
f 413 489 490
f 415 488 411
f 415 491 488
f 490 417 413
f 492 417 490
f 494 493 420
f 494 420 419
f 415 420 491
f 491 420 493
f 421 417 495
f 417 496 495
f 417 492 496
f 495 422 421
f 424 497 425
f 497 498 425
f 498 419 425
f 498 494 419
f 495 496 499
f 499 496 500
f 499 427 422
f 499 422 495
f 502 501 430
f 502 430 429
f 424 430 497
f 430 503 497
f 430 501 503
f 497 503 498
f 506 505 504
f 508 507 504
f 504 507 506
f 432 433 508
f 433 507 508
f 433 509 507
f 434 499 500
f 509 434 500
f 433 434 509
f 499 434 427
f 436 502 429
f 436 510 502
f 504 505 511
f 511 505 512
f 504 513 508
f 504 511 513
f 513 438 432
f 513 432 508
f 440 510 436
f 440 514 510
f 511 512 515
f 515 512 516
f 515 442 443
f 513 515 443
f 511 515 513
f 513 443 438
f 517 514 440
f 517 440 444
f 444 446 517
f 517 446 518
f 521 520 519
f 521 519 516
f 519 515 516
f 519 522 515
f 522 448 442
f 522 442 515
f 451 518 446
f 451 523 518
f 519 520 524
f 524 520 525
f 519 526 522
f 519 524 526
f 526 453 448
f 526 448 522
f 455 527 454
f 454 527 528
f 529 454 528
f 456 454 529
f 456 530 457
f 529 530 456
f 457 531 458
f 530 531 457
f 458 532 459
f 531 532 458
f 451 459 523
f 523 459 532
f 524 525 533
f 533 525 534
f 524 535 526
f 524 533 535
f 535 461 453
f 535 453 526
f 537 536 527
f 455 537 527
f 464 537 455
f 527 536 528
f 540 539 538
f 540 538 534
f 538 533 534
f 538 541 533
f 533 542 535
f 533 541 542
f 535 542 461
f 542 543 461
f 543 465 461
f 542 544 543
f 465 545 466
f 543 545 465
f 466 546 467
f 545 546 466
f 464 467 537
f 537 467 546
f 539 547 538
f 538 547 541
f 541 547 548
f 541 548 542
f 542 548 549
f 542 549 544
f 551 550 470
f 470 550 469
f 552 470 471
f 552 551 470
f 554 553 473
f 553 471 473
f 553 552 471
f 554 555 553
f 557 556 476
f 476 556 475
f 476 469 550
f 476 550 557
f 559 558 554
f 473 559 554
f 477 559 473
f 554 558 555
f 562 561 560
f 560 479 562
f 479 480 562
f 564 563 562
f 564 562 480
f 564 480 565
f 480 566 565
f 480 481 566
f 568 566 567
f 566 482 567
f 566 481 482
f 567 482 569
f 482 570 569
f 482 483 570
f 571 483 484
f 571 570 483
f 572 484 485
f 572 571 484
f 485 475 556
f 485 556 572
f 486 559 477
f 486 573 559
f 560 561 574
f 574 561 575
f 576 563 564
f 487 479 574
f 560 574 479
f 576 564 565
f 577 568 567
f 577 567 569
f 488 573 486
f 488 578 573
f 574 575 579
f 579 575 580
f 581 489 487
f 574 581 487
f 579 581 574
f 581 490 489
f 491 578 488
f 491 582 578
f 579 580 583
f 583 580 584
f 579 585 581
f 579 583 585
f 585 492 490
f 585 490 581
f 587 586 493
f 587 493 494
f 491 493 582
f 582 493 586
f 584 588 583
f 590 589 588
f 589 583 588
f 589 585 583
f 589 496 492
f 589 492 585
f 593 592 591
f 592 587 591
f 587 498 591
f 587 494 498
f 596 595 594
f 596 594 590
f 594 589 590
f 594 597 589
f 597 500 496
f 597 496 589
f 600 599 598
f 501 502 598
f 599 501 598
f 601 501 599
f 591 503 593
f 503 601 593
f 503 501 601
f 503 591 498
f 603 602 506
f 506 602 505
f 507 594 595
f 603 507 595
f 506 507 603
f 594 507 509
f 594 509 597
f 597 509 500
f 604 600 598
f 598 502 604
f 502 605 604
f 502 510 605
f 608 607 606
f 602 608 606
f 512 602 606
f 505 602 512
f 514 605 510
f 514 609 605
f 612 611 610
f 612 610 607
f 610 606 607
f 610 613 606
f 613 516 512
f 613 512 606
f 614 609 514
f 614 514 517
f 517 518 614
f 614 518 615
f 610 611 616
f 616 611 617
f 616 520 521
f 613 616 521
f 610 616 613
f 613 521 516
f 523 615 518
f 523 618 615
f 616 617 619
f 619 617 620
f 619 525 520
f 619 520 616
f 528 621 529
f 529 621 622
f 623 529 622
f 530 529 623
f 530 624 531
f 623 624 530
f 531 625 532
f 624 625 531
f 523 532 618
f 618 532 625
f 628 627 626
f 628 626 620
f 626 619 620
f 626 629 619
f 629 534 525
f 629 525 619
f 537 630 536
f 630 631 536
f 536 631 528
f 631 632 528
f 632 621 528
f 621 632 622
f 626 627 633
f 633 627 634
f 633 539 540
f 629 633 540
f 626 633 629
f 629 540 534
f 544 635 543
f 636 545 543
f 636 543 635
f 545 636 637
f 638 545 637
f 546 545 638
f 537 546 630
f 546 639 630
f 546 638 639
f 630 639 631
f 634 640 633
f 633 640 539
f 640 547 539
f 640 641 547
f 641 643 642
f 548 641 642
f 547 641 548
f 548 642 644
f 645 548 644
f 549 548 645
f 544 549 635
f 549 646 635
f 549 645 646
f 635 646 636
f 636 646 647
f 636 647 637
f 643 648 642
f 642 648 644
f 651 650 649
f 653 652 649
f 649 652 651
f 653 654 652
f 656 655 551
f 551 655 550
f 657 551 552
f 657 656 551
f 553 649 650
f 657 553 650
f 552 553 657
f 649 553 555
f 658 649 555
f 653 649 658
f 654 653 659
f 659 653 658
f 661 660 557
f 557 660 556
f 557 550 655
f 557 655 661
f 559 662 558
f 662 663 558
f 558 663 555
f 663 664 555
f 664 658 555
f 658 664 659
f 665 561 562
f 563 665 562
f 666 565 566
f 568 666 566
f 667 569 570
f 571 668 570
f 570 668 667
f 668 571 669
f 571 670 669
f 571 572 670
f 572 556 660
f 572 660 670
f 672 671 662
f 559 672 662
f 573 672 559
f 662 671 663
f 675 674 673
f 677 676 673
f 673 676 675
f 678 676 665
f 676 575 665
f 575 561 665
f 676 677 575
f 678 665 563
f 576 678 563
f 679 678 576
f 576 565 666
f 680 576 666
f 679 576 680
f 680 666 568
f 577 680 568
f 681 680 577
f 577 569 667
f 682 577 667
f 681 577 682
f 682 667 668
f 682 668 683
f 683 668 669
f 578 672 573
f 578 684 672
f 674 685 673
f 687 686 685
f 686 673 685
f 686 677 673
f 686 580 575
f 686 575 677
f 582 684 578
f 582 688 684
f 686 687 689
f 689 687 690
f 689 584 580
f 689 580 686
f 692 691 586
f 692 586 587
f 582 586 688
f 688 586 691
f 695 694 693
f 695 693 690
f 693 689 690
f 693 696 689
f 697 588 584
f 689 697 584
f 696 697 689
f 697 590 588
f 699 698 592
f 699 592 593
f 587 592 692
f 692 592 698
f 693 694 700
f 700 694 701
f 693 702 696
f 693 700 702
f 702 595 596
f 697 702 596
f 696 702 697
f 697 596 590
f 705 704 703
f 707 706 703
f 707 703 704
f 599 600 706
f 707 599 706
f 708 599 707
f 599 709 601
f 708 709 599
f 593 601 699
f 699 601 709
f 700 701 710
f 710 701 711
f 710 602 603
f 702 710 603
f 700 710 702
f 702 603 595
f 705 703 712
f 705 712 713
f 714 703 706
f 712 703 714
f 604 715 600
f 715 706 600
f 715 714 706
f 605 715 604
f 718 717 716
f 718 716 711
f 711 716 710
f 716 607 710
f 607 608 710
f 710 608 602
f 719 713 712
f 719 712 714
f 719 714 720
f 722 721 720
f 714 722 720
f 715 722 714
f 609 722 605
f 605 722 715
f 716 717 612
f 717 611 612
f 717 723 611
f 716 612 607
f 724 721 722
f 726 724 725
f 725 724 614
f 724 722 614
f 722 609 614
f 615 725 614
f 723 617 611
f 727 617 723
f 726 725 728
f 726 728 729
f 618 728 615
f 615 728 725
f 727 620 617
f 730 620 727
f 732 731 623
f 732 623 622
f 623 733 624
f 731 733 623
f 728 625 729
f 625 733 729
f 625 624 733
f 625 728 618
f 735 734 628
f 628 734 627
f 628 620 730
f 628 730 735
f 737 736 632
f 737 632 631
f 622 632 732
f 732 632 736
f 734 634 627
f 738 634 734
f 637 739 638
f 638 739 740
f 741 638 740
f 639 638 741
f 631 639 737
f 737 639 741
f 640 634 742
f 634 743 742
f 634 738 743
f 744 641 640
f 744 640 742
f 744 643 641
f 644 745 645
f 746 646 645
f 746 645 745
f 646 746 747
f 748 646 747
f 647 646 748
f 637 647 739
f 647 749 739
f 647 748 749
f 739 749 740
f 743 750 742
f 742 750 744
f 744 750 751
f 744 751 643
f 751 648 643
f 751 752 648
f 644 648 745
f 648 753 745
f 648 752 753
f 745 753 746
f 746 753 754
f 746 754 747
f 756 755 651
f 651 755 650
f 757 651 652
f 757 756 651
f 759 758 654
f 758 652 654
f 758 757 652
f 759 760 758
f 762 761 656
f 656 761 655
f 763 656 657
f 763 762 656
f 657 650 755
f 657 755 763
f 765 764 759
f 654 765 759
f 659 765 654
f 759 764 760
f 766 660 661
f 767 766 661
f 655 767 661
f 761 767 655
f 769 768 664
f 769 664 663
f 659 664 765
f 765 664 768
f 772 771 770
f 774 773 770
f 770 773 772
f 774 775 773
f 777 776 670
f 670 776 669
f 670 660 766
f 778 670 766
f 777 670 778
f 778 766 767
f 780 779 671
f 780 671 672
f 663 671 769
f 769 671 779
f 783 782 781
f 783 781 771
f 781 770 771
f 781 784 770
f 784 674 675
f 774 784 675
f 770 784 774
f 785 775 774
f 675 785 774
f 676 785 675
f 786 676 678
f 786 785 676
f 787 678 679
f 787 786 678
f 788 679 680
f 788 787 679
f 789 680 681
f 789 788 680
f 791 789 790
f 789 682 790
f 789 681 682
f 683 792 682
f 682 792 790
f 793 792 683
f 669 793 683
f 776 793 669
f 684 780 672
f 684 794 780
f 782 795 781
f 797 796 795
f 796 781 795
f 796 784 781
f 798 685 674
f 784 798 674
f 796 798 784
f 798 687 685
f 799 791 790
f 799 790 792
f 799 792 800
f 800 792 793
f 803 802 801
f 802 794 801
f 794 688 801
f 794 684 688
f 797 804 796
f 806 805 804
f 805 796 804
f 805 798 796
f 805 690 687
f 805 687 798
f 803 801 691
f 692 803 691
f 807 803 692
f 691 801 688
f 805 806 695
f 806 694 695
f 806 808 694
f 805 695 690
f 811 810 809
f 813 812 809
f 813 809 810
f 815 814 812
f 815 812 813
f 698 699 814
f 815 698 814
f 816 698 815
f 692 698 807
f 807 698 816
f 808 701 694
f 817 701 808
f 819 818 704
f 819 704 705
f 809 707 811
f 707 818 811
f 707 704 818
f 707 809 708
f 708 809 812
f 708 812 709
f 709 812 814
f 709 814 699
f 822 821 820
f 817 822 820
f 711 817 820
f 701 817 711
f 713 819 705
f 713 823 819
f 820 821 718
f 821 717 718
f 821 824 717
f 820 718 711
f 825 823 713
f 825 713 719
f 826 719 720
f 826 825 719
f 720 721 826
f 826 721 827
f 824 723 717
f 828 723 824
f 721 724 829
f 830 721 829
f 827 721 830
f 726 829 724
f 828 727 723
f 831 727 828
f 832 830 829
f 829 726 832
f 726 833 832
f 726 729 833
f 836 835 834
f 838 837 834
f 834 837 836
f 831 837 838
f 730 831 838
f 727 831 730
f 840 839 731
f 840 731 732
f 731 841 733
f 839 841 731
f 729 733 833
f 833 733 841
f 835 842 834
f 843 734 735
f 834 843 735
f 838 834 735
f 842 843 834
f 838 735 730
f 845 844 736
f 845 736 737
f 732 736 840
f 840 736 844
f 843 738 734
f 846 738 843
f 848 847 741
f 848 741 740
f 737 741 845
f 845 741 847
f 846 743 738
f 849 743 846
f 851 850 748
f 851 748 747
f 748 852 749
f 850 852 748
f 740 749 848
f 848 749 852
f 750 743 853
f 743 854 853
f 743 849 854
f 855 751 750
f 855 750 853
f 751 855 856
f 857 751 856
f 752 751 857
f 752 858 753
f 857 858 752
f 753 859 754
f 858 859 753
f 747 754 851
f 851 754 859
f 854 860 853
f 853 860 855
f 855 860 861
f 855 861 856
f 864 863 862
f 866 865 862
f 862 865 864
f 868 867 866
f 866 867 865
f 868 869 867
f 862 863 756
f 863 755 756
f 863 870 755
f 862 756 757
f 862 757 866
f 866 757 758
f 866 758 868
f 758 760 868
f 760 869 868
f 760 871 869
f 873 872 762
f 762 872 761
f 874 762 763
f 874 873 762
f 763 755 870
f 763 870 874
f 765 875 764
f 875 876 764
f 876 760 764
f 876 871 760
f 872 767 761
f 877 767 872
f 879 878 768
f 879 768 769
f 765 768 875
f 768 880 875
f 768 878 880
f 875 880 876
f 883 882 881
f 771 772 881
f 772 883 881
f 772 884 883
f 885 772 773
f 885 884 772
f 773 775 885
f 885 775 886
f 887 776 777
f 887 777 888
f 777 889 888
f 777 778 889
f 778 767 877
f 778 877 889
f 780 890 779
f 890 891 779
f 891 769 779
f 891 879 769
f 881 882 783
f 882 782 783
f 882 892 782
f 881 783 771
f 893 886 775
f 893 775 785
f 894 785 786
f 894 893 785
f 895 786 787
f 895 894 786
f 897 895 896
f 895 788 896
f 895 787 788
f 896 788 898
f 788 899 898
f 788 789 899
f 789 791 899
f 899 791 900
f 901 793 887
f 887 793 776
f 887 888 902
f 887 902 901
f 904 903 890
f 780 904 890
f 794 904 780
f 890 903 891
f 907 906 905
f 905 908 795
f 892 905 795
f 782 892 795
f 905 892 907
f 908 797 795
f 909 897 896
f 909 896 898
f 910 900 791
f 910 791 799
f 911 799 800
f 911 910 799
f 800 793 901
f 912 800 901
f 911 800 912
f 912 901 902
f 914 913 802
f 914 802 803
f 794 802 904
f 904 802 913
f 906 915 905
f 905 915 908
f 908 915 916
f 916 918 917
f 916 917 804
f 908 916 804
f 797 908 804
f 917 806 804
f 921 920 919
f 920 914 919
f 914 807 919
f 914 803 807
f 917 918 922
f 922 918 923
f 922 808 806
f 922 806 917
f 925 924 810
f 925 810 811
f 810 926 813
f 924 926 810
f 813 927 815
f 926 927 813
f 919 816 921
f 816 927 921
f 816 815 927
f 816 919 807
f 922 923 928
f 928 923 929
f 928 817 808
f 928 808 922
f 819 930 818
f 930 931 818
f 931 811 818
f 931 925 811
f 928 929 822
f 929 821 822
f 929 932 821
f 928 822 817
f 934 933 930
f 819 934 930
f 823 934 819
f 930 933 931
f 932 824 821
f 935 824 932
f 823 825 936
f 937 823 936
f 934 823 937
f 826 938 825
f 825 938 936
f 827 938 826
f 935 828 824
f 939 828 935
f 940 937 936
f 940 936 938
f 940 938 941
f 938 827 941
f 827 942 941
f 827 830 942
f 945 944 943
f 947 946 943
f 943 946 945
f 939 946 947
f 831 939 947
f 828 939 831
f 830 832 948
f 949 830 948
f 942 830 949
f 833 948 832
f 943 944 836
f 944 835 836
f 944 950 835
f 943 836 837
f 943 837 947
f 947 837 831
f 952 951 839
f 952 839 840
f 948 841 949
f 841 951 949
f 841 839 951
f 841 948 833
f 950 953 835
f 835 953 842
f 843 842 953
f 843 953 954
f 957 956 955
f 844 845 955
f 956 844 955
f 958 844 956
f 840 844 952
f 952 844 958
f 960 846 959
f 846 954 959
f 846 843 954
f 961 960 959
f 957 955 847
f 848 957 847
f 962 957 848
f 847 955 845
f 964 963 960
f 963 846 960
f 963 849 846
f 964 960 961
f 967 966 965
f 969 968 965
f 969 965 966
f 850 851 968
f 969 850 968
f 970 850 969
f 850 971 852
f 970 971 850
f 848 852 962
f 962 852 971
f 963 854 849
f 972 854 963
f 974 973 857
f 974 857 856
f 965 858 967
f 858 973 967
f 858 857 973
f 858 965 859
f 859 965 968
f 859 968 851
f 972 975 854
f 854 975 860
f 860 976 861
f 975 976 860
f 856 861 974
f 974 861 976
f 977 863 864
f 865 978 864
f 864 978 977
f 867 979 865
f 865 979 978
f 869 979 867
f 981 980 977
f 980 863 977
f 980 870 863
f 981 977 978
f 981 978 982
f 982 978 979
f 982 979 983
f 979 869 983
f 869 984 983
f 869 871 984
f 985 872 873
f 985 873 986
f 873 987 986
f 873 874 987
f 874 870 980
f 874 980 987
f 876 984 871
f 876 988 984
f 990 989 985
f 989 872 985
f 989 877 872
f 990 985 986
f 993 992 991
f 878 879 991
f 992 878 991
f 994 878 992
f 878 995 880
f 994 995 878
f 876 880 988
f 988 880 995
f 997 996 883
f 883 996 882
f 998 883 884
f 998 997 883
f 999 884 885
f 999 998 884
f 885 886 999
f 999 886 1000
f 1001 888 889
f 1002 1001 889
f 877 1002 889
f 989 1002 877
f 993 991 1003
f 993 1003 1004
f 891 1003 879
f 879 1003 991
f 1007 1006 1005
f 996 1007 1005
f 892 996 1005
f 882 996 892
f 1008 1000 886
f 1008 886 893
f 1009 893 894
f 1009 1008 893
f 1010 894 895
f 1010 1009 894
f 895 897 1010
f 1010 897 1011
f 1012 898 899
f 900 1012 899
f 1013 902 1001
f 1001 902 888
f 1001 1002 1014
f 1015 1001 1014
f 1013 1001 1015
f 1017 1016 1015
f 1017 1015 1014
f 1016 1017 1004
f 1016 1004 1003
f 904 1016 1003
f 903 904 1003
f 903 1003 891
f 1020 1019 1018
f 1020 1018 1006
f 1006 1018 1005
f 1018 906 1005
f 906 907 1005
f 1005 907 892
f 1021 1011 897
f 1021 897 909
f 909 898 1012
f 1022 909 1012
f 1021 909 1022
f 1022 1012 900
f 910 1022 900
f 1023 1022 910
f 1025 1023 1024
f 1023 911 1024
f 1023 910 911
f 1024 911 1026
f 911 1027 1026
f 911 912 1027
f 912 902 1013
f 1028 912 1013
f 1027 912 1028
f 1030 1029 1028
f 1013 1030 1028
f 1015 1030 1013
f 914 1030 913
f 1030 1016 913
f 1030 1015 1016
f 913 1016 904
f 1018 1019 1031
f 1031 1019 1032
f 1018 1031 906
f 1031 1033 906
f 1033 915 906
f 1031 1034 1033
f 915 1035 916
f 1033 1035 915
f 1037 1036 918
f 916 1037 918
f 1035 1037 916
f 1038 1036 1037
f 1039 1025 1024
f 1039 1024 1026
f 1042 1041 1040
f 1040 1041 1029
f 1040 1029 1030
f 921 1040 1030
f 920 921 1030
f 920 1030 914
f 1031 1032 1043
f 1043 1032 1044
f 1034 1031 1045
f 1045 1031 1043
f 1046 923 1036
f 1036 923 918
f 1036 1038 1047
f 1048 1036 1047
f 1046 1036 1048
f 1049 1048 1047
f 925 1050 924
f 1051 926 924
f 1051 924 1050
f 1052 1042 1040
f 926 1052 1040
f 927 926 1040
f 1052 926 1051
f 927 1040 921
f 1044 1053 1043
f 1043 1053 1045
f 1054 929 1046
f 1046 929 923
f 1055 1046 1048
f 1054 1046 1055
f 1048 1049 1056
f 1048 1056 1055
f 1058 1057 1050
f 925 1058 1050
f 931 1058 925
f 1050 1057 1051
f 1051 1057 1059
f 1051 1059 1052
f 1060 932 1054
f 1054 932 929
f 1055 1062 1061
f 1060 1055 1061
f 1054 1055 1060
f 1062 1055 1056
f 1064 1063 933
f 1064 933 934
f 931 933 1058
f 1058 933 1063
f 1066 1065 1060
f 1065 932 1060
f 1065 935 932
f 1066 1060 1061
f 1069 1068 1067
f 1068 1064 1067
f 1064 937 1067
f 1064 934 937
f 1072 1071 1070
f 1065 1072 1070
f 939 1065 1070
f 935 1065 939
f 1069 1067 1073
f 1069 1073 1074
f 940 1075 937
f 1075 1067 937
f 1075 1073 1067
f 941 1076 940
f 940 1076 1075
f 942 1076 941
f 1078 1077 945
f 945 1077 944
f 946 1070 1071
f 1078 946 1071
f 945 946 1078
f 1070 946 939
f 1079 1074 1073
f 1081 1080 1079
f 1073 1081 1079
f 1075 1081 1073
f 1082 1075 1076
f 1081 1075 1082
f 949 1082 942
f 942 1082 1076
f 1084 950 1083
f 950 1077 1083
f 950 944 1077
f 1085 1084 1083
f 1080 1081 1086
f 1080 1086 1087
f 952 1086 951
f 1086 1082 951
f 1086 1081 1082
f 951 1082 949
f 1084 953 950
f 954 953 1084
f 1085 954 1084
f 1088 954 1085
f 1090 1089 956
f 1090 956 957
f 1086 958 1087
f 958 1089 1087
f 958 956 1089
f 958 1086 952
f 959 954 1091
f 954 1092 1091
f 954 1088 1092
f 1091 961 959
f 1095 1094 1093
f 1097 1096 1093
f 1097 1093 1094
f 1097 1090 1096
f 1090 962 1096
f 1090 957 962
f 1100 1099 1098
f 1100 1098 1092
f 1092 1098 1091
f 1098 963 1091
f 963 964 1091
f 1091 964 961
f 1102 1101 966
f 1102 966 967
f 966 1103 969
f 1101 1103 966
f 1093 970 1095
f 970 1103 1095
f 970 969 1103
f 970 1093 971
f 971 1093 1096
f 971 1096 962
f 1099 1104 1098
f 972 963 1098
f 1105 972 1098
f 1104 1105 1098
f 972 1105 1106
f 1108 1107 1106
f 1108 1106 1105
f 973 974 1107
f 1108 973 1107
f 1109 973 1108
f 967 973 1102
f 1102 973 1109
f 1106 975 972
f 975 1106 976
f 976 1106 1107
f 976 1107 974
f 1110 980 981
f 982 1111 981
f 981 1111 1110
f 983 1112 982
f 982 1112 1111
f 984 1112 983
f 1113 986 987
f 1114 1113 987
f 1114 987 980
f 1115 1114 980
f 1110 1115 980
f 1115 1110 1111
f 1115 1111 1116
f 1118 1117 1116
f 1111 1118 1116
f 1112 1118 1111
f 988 1118 984
f 984 1118 1112
f 1119 989 990
f 986 1113 990
f 1113 1119 990
f 1113 1120 1119
f 1121 992 993
f 1113 1121 993
f 1120 1113 993
f 1121 1113 1114
f 992 1122 994
f 1121 1122 992
f 1118 995 1117
f 995 1122 1117
f 995 994 1122
f 995 1118 988
f 1124 1123 997
f 997 1123 996
f 1125 997 998
f 1125 1124 997
f 1126 998 999
f 1126 1125 998
f 1128 1127 1000
f 1127 999 1000
f 1127 1126 999
f 1128 1129 1127
f 1130 1002 1119
f 1119 1002 989
f 1131 1119 1120
f 1130 1119 1131
f 1004 1131 993
f 993 1131 1120
f 1133 1132 1007
f 1007 1132 1006
f 1007 996 1123
f 1007 1123 1133
f 1008 1128 1000
f 1134 1129 1128
f 1008 1134 1128
f 1009 1134 1008
f 1135 1009 1010
f 1135 1134 1009
f 1010 1011 1135
f 1135 1011 1136
f 1130 1014 1002
f 1014 1130 1017
f 1017 1130 1131
f 1017 1131 1004
f 1137 1019 1020
f 1006 1132 1138
f 1137 1006 1138
f 1139 1137 1138
f 1020 1006 1137
f 1141 1140 1139
f 1141 1139 1138
f 1143 1142 1140
f 1143 1140 1141
f 1144 1142 1143
f 1145 1136 1011
f 1145 1011 1021
f 1146 1021 1022
f 1146 1145 1021
f 1148 1146 1147
f 1146 1023 1147
f 1146 1022 1023
f 1025 1147 1023
f 1150 1149 1027
f 1027 1149 1026
f 1152 1150 1151
f 1150 1028 1151
f 1150 1027 1028
f 1029 1151 1028
f 1155 1154 1153
f 1156 1155 1137
f 1155 1032 1137
f 1032 1019 1137
f 1155 1153 1032
f 1034 1157 1033
f 1157 1137 1033
f 1137 1139 1033
f 1157 1156 1137
f 1033 1139 1035
f 1035 1139 1140
f 1035 1140 1037
f 1037 1140 1142
f 1038 1037 1142
f 1144 1038 1142
f 1158 1038 1144
f 1159 1148 1147
f 1159 1147 1025
f 1039 1159 1025
f 1160 1159 1039
f 1149 1161 1026
f 1162 1026 1161
f 1026 1162 1039
f 1163 1039 1162
f 1039 1163 1160
f 1162 1161 1152
f 1162 1152 1151
f 1042 1162 1151
f 1041 1042 1151
f 1041 1151 1029
f 1153 1154 1164
f 1164 1154 1165
f 1164 1044 1032
f 1164 1032 1153
f 1045 1157 1034
f 1045 1166 1157
f 1047 1038 1167
f 1038 1168 1167
f 1038 1158 1168
f 1167 1049 1047
f 1163 1162 1169
f 1163 1169 1170
f 1052 1169 1042
f 1042 1169 1162
f 1165 1171 1164
f 1164 1171 1044
f 1171 1053 1044
f 1171 1172 1053
f 1045 1053 1166
f 1166 1053 1172
f 1167 1168 1173
f 1173 1168 1174
f 1173 1056 1049
f 1173 1049 1167
f 1058 1175 1057
f 1176 1170 1169
f 1057 1176 1169
f 1059 1057 1169
f 1176 1057 1175
f 1059 1169 1052
f 1173 1174 1062
f 1174 1061 1062
f 1174 1177 1061
f 1173 1062 1056
f 1179 1178 1063
f 1179 1063 1064
f 1058 1063 1175
f 1063 1180 1175
f 1063 1178 1180
f 1175 1180 1176
f 1182 1181 1066
f 1066 1181 1065
f 1066 1061 1177
f 1066 1177 1182
f 1184 1183 1068
f 1184 1068 1069
f 1064 1068 1179
f 1179 1068 1183
f 1186 1185 1072
f 1072 1185 1071
f 1072 1065 1181
f 1072 1181 1186
f 1074 1184 1069
f 1074 1187 1184
f 1189 1188 1078
f 1078 1188 1077
f 1078 1071 1185
f 1078 1185 1189
f 1190 1187 1074
f 1190 1074 1079
f 1079 1080 1190
f 1190 1080 1191
f 1188 1192 1077
f 1077 1192 1083
f 1085 1083 1192
f 1085 1192 1193
f 1087 1191 1080
f 1087 1194 1191
f 1197 1196 1195
f 1193 1197 1195
f 1088 1193 1195
f 1085 1193 1088
f 1199 1198 1089
f 1199 1089 1090
f 1087 1089 1194
f 1194 1089 1198
f 1195 1196 1200
f 1200 1196 1201
f 1200 1092 1088
f 1200 1088 1195
f 1204 1203 1202
f 1094 1095 1202
f 1203 1094 1202
f 1205 1094 1203
f 1094 1206 1097
f 1205 1206 1094
f 1090 1097 1199
f 1199 1097 1206
f 1200 1201 1100
f 1201 1099 1100
f 1201 1207 1099
f 1200 1100 1092
f 1209 1208 1101
f 1209 1101 1102
f 1202 1103 1204
f 1103 1208 1204
f 1103 1101 1208
f 1103 1202 1095
f 1207 1210 1099
f 1099 1210 1104
f 1104 1211 1105
f 1210 1211 1104
f 1105 1212 1108
f 1211 1212 1105
f 1108 1213 1109
f 1212 1213 1108
f 1102 1109 1209
f 1209 1109 1213
f 1214 1114 1115
f 1116 1215 1115
f 1115 1215 1214
f 1117 1215 1116
f 1214 1121 1114
f 1121 1214 1122
f 1122 1214 1215
f 1122 1215 1117
f 1216 1123 1124
f 1216 1124 1217
f 1124 1218 1217
f 1124 1125 1218
f 1219 1125 1126
f 1219 1218 1125
f 1220 1126 1127
f 1220 1219 1126
f 1127 1129 1220
f 1220 1129 1221
f 1222 1132 1133
f 1123 1216 1133
f 1216 1222 1133
f 1216 1223 1222
f 1216 1217 1224
f 1216 1224 1223
f 1225 1221 1129
f 1225 1129 1134
f 1226 1134 1135
f 1226 1225 1134
f 1135 1136 1226
f 1226 1136 1227
f 1222 1138 1132
f 1138 1222 1141
f 1141 1222 1223
f 1224 1228 1223
f 1228 1141 1223
f 1228 1143 1141
f 1144 1143 1228
f 1144 1228 1229
f 1230 1227 1136
f 1230 1136 1145
f 1231 1145 1146
f 1231 1230 1145
f 1146 1148 1231
f 1231 1148 1232
f 1234 1233 1150
f 1150 1233 1149
f 1150 1152 1234
f 1234 1152 1235
f 1236 1154 1155
f 1156 1237 1155
f 1155 1237 1236
f 1157 1237 1156
f 1229 1158 1144
f 1238 1158 1229
f 1239 1232 1148
f 1239 1148 1159
f 1240 1159 1160
f 1240 1239 1159
f 1160 1163 1240
f 1241 1240 1163
f 1233 1161 1149
f 1161 1233 1242
f 1152 1161 1235
f 1235 1161 1242
f 1243 1165 1236
f 1236 1165 1154
f 1244 1236 1237
f 1243 1236 1244
f 1166 1244 1157
f 1157 1244 1237
f 1246 1168 1245
f 1168 1238 1245
f 1168 1158 1238
f 1247 1246 1245
f 1170 1241 1163
f 1170 1248 1241
f 1243 1171 1165
f 1171 1243 1172
f 1172 1243 1244
f 1172 1244 1166
f 1249 1174 1246
f 1246 1174 1168
f 1246 1247 1250
f 1246 1250 1249
f 1176 1248 1170
f 1176 1251 1248
f 1253 1252 1249
f 1252 1174 1249
f 1252 1177 1174
f 1253 1249 1250
f 1179 1254 1178
f 1255 1180 1178
f 1255 1178 1254
f 1255 1256 1180
f 1256 1176 1180
f 1256 1251 1176
f 1258 1257 1182
f 1182 1257 1181
f 1182 1177 1252
f 1182 1252 1258
f 1260 1259 1183
f 1260 1183 1184
f 1179 1183 1254
f 1183 1261 1254
f 1183 1259 1261
f 1254 1261 1255
f 1255 1261 1262
f 1255 1262 1256
f 1264 1263 1186
f 1186 1263 1185
f 1186 1181 1257
f 1186 1257 1264
f 1187 1266 1265
f 1260 1187 1265
f 1184 1187 1260
f 1266 1267 1265
f 1268 1188 1189
f 1269 1268 1189
f 1185 1269 1189
f 1263 1269 1185
f 1190 1266 1187
f 1190 1191 1266
f 1191 1267 1266
f 1191 1270 1267
f 1268 1192 1188
f 1193 1192 1268
f 1269 1193 1268
f 1271 1193 1269
f 1194 1270 1191
f 1194 1272 1270
f 1274 1273 1197
f 1197 1273 1196
f 1197 1193 1271
f 1197 1271 1274
f 1276 1275 1198
f 1276 1198 1199
f 1194 1198 1272
f 1272 1198 1275
f 1279 1278 1277
f 1273 1279 1277
f 1201 1273 1277
f 1196 1273 1201
f 1281 1280 1203
f 1281 1203 1204
f 1203 1282 1205
f 1280 1282 1203
f 1205 1283 1206
f 1282 1283 1205
f 1199 1206 1276
f 1276 1206 1283
f 1277 1278 1284
f 1284 1278 1285
f 1284 1207 1201
f 1284 1201 1277
f 1287 1286 1208
f 1287 1208 1209
f 1204 1208 1281
f 1281 1208 1286
f 1284 1285 1288
f 1288 1285 1289
f 1284 1288 1207
f 1288 1290 1207
f 1290 1210 1207
f 1288 1291 1290
f 1210 1292 1211
f 1290 1292 1210
f 1211 1293 1212
f 1292 1293 1211
f 1212 1294 1213
f 1293 1294 1212
f 1209 1213 1287
f 1287 1213 1294
f 1289 1295 1288
f 1288 1295 1291
f 1296 1217 1218
f 1296 1218 1297
f 1218 1298 1297
f 1218 1219 1298
f 1299 1219 1220
f 1299 1298 1219
f 1220 1221 1299
f 1299 1221 1300
f 1301 1224 1296
f 1296 1224 1217
f 1296 1297 1302
f 1296 1302 1301
f 1303 1300 1221
f 1303 1221 1225
f 1304 1225 1226
f 1304 1303 1225
f 1226 1227 1304
f 1304 1227 1305
f 1301 1228 1224
f 1307 1306 1229
f 1307 1229 1228
f 1302 1307 1228
f 1301 1302 1228
f 1308 1306 1307
f 1309 1305 1227
f 1309 1227 1230
f 1311 1309 1310
f 1309 1231 1310
f 1309 1230 1231
f 1232 1310 1231
f 1313 1312 1234
f 1234 1312 1233
f 1234 1235 1313
f 1313 1235 1314
f 1315 1238 1306
f 1306 1238 1229
f 1306 1308 1316
f 1306 1316 1315
f 1317 1311 1310
f 1317 1310 1232
f 1239 1317 1232
f 1318 1317 1239
f 1319 1239 1240
f 1319 1318 1239
f 1312 1242 1233
f 1242 1312 1320
f 1319 1320 1312
f 1320 1319 1241
f 1240 1241 1319
f 1320 1321 1242
f 1321 1235 1242
f 1321 1314 1235
f 1315 1245 1238
f 1323 1322 1247
f 1323 1247 1245
f 1316 1323 1245
f 1315 1316 1245
f 1324 1322 1323
f 1248 1325 1320
f 1248 1320 1241
f 1321 1320 1326
f 1326 1320 1325
f 1327 1250 1322
f 1322 1250 1247
f 1322 1324 1328
f 1322 1328 1327
f 1251 1329 1325
f 1251 1325 1248
f 1326 1325 1330
f 1330 1325 1329
f 1332 1331 1253
f 1253 1331 1252
f 1253 1250 1327
f 1333 1253 1327
f 1332 1253 1333
f 1333 1327 1328
f 1336 1335 1334
f 1335 1337 1329
f 1256 1335 1329
f 1251 1256 1329
f 1334 1335 1256
f 1329 1337 1330
f 1339 1338 1258
f 1258 1338 1257
f 1258 1252 1331
f 1258 1331 1339
f 1260 1340 1259
f 1259 1340 1341
f 1342 1259 1341
f 1261 1259 1342
f 1334 1262 1336
f 1262 1342 1336
f 1262 1261 1342
f 1262 1334 1256
f 1344 1343 1264
f 1264 1343 1263
f 1264 1257 1338
f 1264 1338 1344
f 1265 1340 1260
f 1265 1267 1340
f 1267 1341 1340
f 1267 1345 1341
f 1343 1269 1263
f 1346 1269 1343
f 1270 1348 1347
f 1345 1270 1347
f 1267 1270 1345
f 1348 1349 1347
f 1346 1271 1269
f 1350 1271 1346
f 1352 1351 1348
f 1270 1352 1348
f 1272 1352 1270
f 1348 1351 1349
f 1354 1353 1274
f 1274 1353 1273
f 1274 1271 1350
f 1274 1350 1354
f 1357 1356 1355
f 1275 1276 1355
f 1356 1275 1355
f 1358 1275 1356
f 1272 1275 1352
f 1352 1275 1358
f 1360 1359 1279
f 1279 1359 1278
f 1279 1273 1353
f 1279 1353 1360
f 1281 1361 1280
f 1280 1361 1362
f 1363 1280 1362
f 1282 1280 1363
f 1355 1283 1357
f 1283 1363 1357
f 1283 1282 1363
f 1283 1355 1276
f 1359 1285 1278
f 1364 1285 1359
f 1287 1365 1286
f 1365 1366 1286
f 1286 1366 1281
f 1366 1367 1281
f 1367 1361 1281
f 1361 1367 1362
f 1364 1289 1285
f 1368 1289 1364
f 1370 1369 1290
f 1370 1290 1291
f 1290 1371 1292
f 1369 1371 1290
f 1292 1372 1293
f 1371 1372 1292
f 1293 1373 1294
f 1372 1373 1293
f 1287 1294 1365
f 1294 1374 1365
f 1294 1373 1374
f 1365 1374 1366
f 1368 1375 1289
f 1289 1375 1295
f 1291 1295 1370
f 1370 1295 1375
f 1377 1376 1298
f 1298 1376 1297
f 1378 1298 1299
f 1378 1377 1298
f 1299 1300 1378
f 1378 1300 1379
f 1376 1302 1297
f 1380 1302 1376
f 1381 1379 1300
f 1381 1300 1303
f 1383 1381 1382
f 1381 1304 1382
f 1381 1303 1304
f 1305 1382 1304
f 1380 1384 1302
f 1302 1384 1307
f 1308 1307 1384
f 1308 1384 1385
f 1386 1383 1382
f 1386 1382 1305
f 1309 1386 1305
f 1387 1386 1309
f 1309 1311 1387
f 1387 1311 1388
f 1389 1312 1313
f 1314 1389 1313
f 1391 1316 1390
f 1316 1385 1390
f 1316 1308 1385
f 1392 1391 1390
f 1393 1388 1311
f 1393 1311 1317
f 1395 1393 1394
f 1393 1318 1394
f 1393 1317 1318
f 1394 1318 1396
f 1318 1397 1396
f 1318 1319 1397
f 1319 1312 1389
f 1398 1319 1389
f 1397 1319 1398
f 1389 1314 1398
f 1314 1399 1398
f 1314 1321 1399
f 1391 1323 1316
f 1324 1323 1391
f 1392 1324 1391
f 1400 1324 1392
f 1401 1395 1394
f 1401 1394 1396
f 1326 1399 1321
f 1326 1402 1399
f 1400 1328 1324
f 1403 1328 1400
f 1330 1402 1326
f 1330 1404 1402
f 1406 1405 1332
f 1332 1405 1331
f 1407 1332 1333
f 1407 1406 1332
f 1333 1328 1403
f 1333 1403 1407
f 1410 1409 1408
f 1335 1336 1408
f 1409 1335 1408
f 1411 1335 1409
f 1335 1412 1337
f 1411 1412 1335
f 1330 1337 1404
f 1404 1337 1412
f 1414 1413 1339
f 1339 1413 1338
f 1339 1331 1405
f 1339 1405 1414
f 1417 1416 1415
f 1419 1418 1415
f 1419 1415 1416
f 1418 1419 1410
f 1418 1410 1408
f 1341 1418 1408
f 1342 1341 1408
f 1342 1408 1336
f 1421 1420 1344
f 1344 1420 1343
f 1344 1338 1413
f 1344 1413 1421
f 1422 1417 1415
f 1424 1423 1422
f 1415 1424 1422
f 1418 1424 1415
f 1345 1424 1341
f 1341 1424 1418
f 1420 1346 1343
f 1425 1346 1420
f 1426 1423 1424
f 1426 1424 1345
f 1347 1426 1345
f 1427 1426 1347
f 1429 1428 1349
f 1428 1347 1349
f 1428 1427 1347
f 1429 1430 1428
f 1425 1350 1346
f 1431 1350 1425
f 1433 1432 1351
f 1433 1351 1352
f 1351 1432 1349
f 1432 1434 1349
f 1434 1429 1349
f 1434 1432 1435
f 1430 1429 1436
f 1429 1437 1436
f 1429 1434 1437
f 1437 1438 1436
f 1440 1439 1354
f 1354 1439 1353
f 1354 1350 1431
f 1354 1431 1440
f 1357 1441 1356
f 1356 1441 1442
f 1443 1356 1442
f 1358 1356 1443
f 1352 1358 1433
f 1433 1358 1443
f 1435 1444 1434
f 1434 1444 1437
f 1437 1444 1445
f 1437 1445 1438
f 1447 1446 1360
f 1360 1446 1359
f 1360 1353 1439
f 1360 1439 1447
f 1362 1448 1363
f 1448 1449 1363
f 1363 1449 1357
f 1449 1450 1357
f 1450 1441 1357
f 1441 1450 1442
f 1446 1364 1359
f 1451 1364 1446
f 1366 1452 1367
f 1448 1362 1367
f 1452 1448 1367
f 1453 1448 1452
f 1449 1448 1454
f 1454 1448 1453
f 1456 1368 1455
f 1368 1451 1455
f 1368 1364 1451
f 1369 1370 1456
f 1455 1369 1456
f 1457 1369 1455
f 1369 1458 1371
f 1457 1458 1369
f 1371 1459 1372
f 1458 1459 1371
f 1372 1460 1373
f 1459 1460 1372
f 1373 1461 1374
f 1460 1461 1373
f 1366 1374 1452
f 1374 1462 1452
f 1374 1461 1462
f 1452 1462 1453
f 1453 1462 1463
f 1453 1463 1454
f 1456 1375 1368
f 1375 1456 1370
f 1464 1376 1377
f 1378 1465 1377
f 1377 1465 1464
f 1379 1465 1378
f 1466 1380 1464
f 1464 1380 1376
f 1465 1468 1467
f 1466 1465 1467
f 1464 1465 1466
f 1468 1465 1379
f 1381 1468 1379
f 1469 1468 1381
f 1381 1383 1469
f 1469 1383 1470
f 1466 1384 1380
f 1385 1384 1466
f 1467 1385 1466
f 1471 1385 1467
f 1472 1470 1383
f 1472 1383 1386
f 1473 1386 1387
f 1473 1472 1386
f 1387 1388 1473
f 1473 1388 1474
f 1471 1475 1385
f 1385 1475 1390
f 1392 1390 1475
f 1392 1475 1476
f 1388 1393 1477
f 1478 1388 1477
f 1474 1388 1478
f 1395 1477 1393
f 1479 1396 1397
f 1398 1480 1397
f 1397 1480 1479
f 1399 1480 1398
f 1482 1400 1481
f 1400 1476 1481
f 1400 1392 1476
f 1483 1482 1481
f 1484 1478 1477
f 1486 1484 1485
f 1485 1484 1401
f 1484 1477 1401
f 1477 1395 1401
f 1396 1479 1401
f 1479 1485 1401
f 1479 1487 1485
f 1488 1479 1480
f 1487 1479 1488
f 1402 1488 1399
f 1399 1488 1480
f 1489 1403 1482
f 1482 1403 1400
f 1482 1483 1490
f 1482 1490 1489
f 1486 1485 1491
f 1486 1491 1492
f 1487 1494 1493
f 1491 1487 1493
f 1485 1487 1491
f 1496 1495 1494
f 1487 1496 1494
f 1488 1496 1487
f 1404 1496 1402
f 1402 1496 1488
f 1497 1405 1406
f 1497 1406 1498
f 1406 1499 1498
f 1406 1407 1499
f 1407 1403 1489
f 1500 1407 1489
f 1499 1407 1500
f 1500 1489 1490
f 1503 1502 1501
f 1504 1501 1502
f 1492 1491 1409
f 1410 1492 1409
f 1505 1492 1410
f 1493 1506 1491
f 1506 1409 1491
f 1506 1411 1409
f 1496 1412 1495
f 1412 1506 1495
f 1412 1411 1506
f 1412 1496 1404
f 1508 1507 1414
f 1414 1507 1413
f 1414 1405 1497
f 1509 1414 1497
f 1508 1414 1509
f 1509 1497 1498
f 1512 1511 1510
f 1514 1513 1510
f 1514 1510 1511
f 1513 1514 1503
f 1513 1503 1501
f 1417 1513 1501
f 1416 1417 1501
f 1504 1515 1501
f 1515 1416 1501
f 1515 1419 1416
f 1410 1419 1505
f 1505 1419 1515
f 1516 1420 1421
f 1517 1516 1421
f 1413 1517 1421
f 1507 1517 1413
f 1518 1512 1510
f 1518 1510 1513
f 1518 1513 1519
f 1521 1519 1520
f 1520 1519 1422
f 1519 1513 1422
f 1513 1417 1422
f 1423 1520 1422
f 1523 1522 1516
f 1522 1420 1516
f 1522 1425 1420
f 1523 1516 1517
f 1524 1521 1520
f 1524 1520 1423
f 1426 1524 1423
f 1525 1524 1426
f 1526 1426 1427
f 1526 1525 1426
f 1527 1427 1428
f 1527 1526 1427
f 1428 1430 1527
f 1527 1430 1528
f 1522 1431 1425
f 1529 1431 1522
f 1433 1530 1432
f 1530 1435 1432
f 1531 1528 1430
f 1531 1430 1436
f 1533 1532 1438
f 1532 1436 1438
f 1532 1531 1436
f 1533 1534 1532
f 1536 1535 1440
f 1440 1535 1439
f 1440 1431 1529
f 1440 1529 1536
f 1442 1537 1443
f 1537 1538 1443
f 1443 1538 1433
f 1538 1539 1433
f 1539 1530 1433
f 1530 1539 1435
f 1539 1444 1435
f 1539 1540 1444
f 1444 1541 1445
f 1540 1541 1444
f 1438 1445 1533
f 1445 1542 1533
f 1445 1541 1542
f 1533 1542 1534
f 1544 1543 1447
f 1447 1543 1446
f 1447 1439 1535
f 1447 1535 1544
f 1449 1545 1450
f 1545 1546 1450
f 1450 1546 1442
f 1546 1547 1442
f 1547 1537 1442
f 1537 1547 1538
f 1543 1451 1446
f 1548 1451 1543
f 1550 1549 1545
f 1449 1550 1545
f 1454 1550 1449
f 1545 1549 1546
f 1548 1551 1451
f 1451 1551 1455
f 1455 1552 1457
f 1551 1552 1455
f 1457 1553 1458
f 1552 1553 1457
f 1458 1554 1459
f 1553 1554 1458
f 1459 1555 1460
f 1554 1555 1459
f 1555 1557 1556
f 1461 1555 1556
f 1460 1555 1461
f 1558 1462 1461
f 1558 1461 1556
f 1462 1558 1559
f 1560 1462 1559
f 1463 1462 1560
f 1454 1463 1550
f 1550 1463 1560
f 1557 1561 1556
f 1556 1561 1558
f 1558 1561 1562
f 1558 1562 1559
f 1564 1563 1468
f 1468 1563 1467
f 1566 1564 1565
f 1564 1469 1565
f 1564 1468 1469
f 1470 1565 1469
f 1563 1471 1467
f 1567 1471 1563
f 1568 1566 1565
f 1568 1565 1470
f 1472 1568 1470
f 1569 1568 1472
f 1571 1569 1570
f 1569 1473 1570
f 1569 1472 1473
f 1474 1570 1473
f 1567 1572 1471
f 1471 1572 1475
f 1574 1573 1476
f 1475 1574 1476
f 1572 1574 1475
f 1575 1573 1574
f 1571 1570 1576
f 1571 1576 1577
f 1478 1576 1474
f 1474 1576 1570
f 1580 1579 1578
f 1578 1581 1580
f 1573 1481 1476
f 1483 1481 1573
f 1575 1483 1573
f 1582 1483 1575
f 1583 1577 1576
f 1585 1583 1584
f 1584 1583 1484
f 1583 1576 1484
f 1576 1478 1484
f 1486 1584 1484
f 1588 1587 1586
f 1588 1586 1579
f 1586 1578 1579
f 1586 1589 1578
f 1581 1578 1590
f 1590 1578 1589
f 1592 1490 1591
f 1490 1582 1591
f 1490 1483 1582
f 1593 1592 1591
f 1585 1584 1594
f 1585 1594 1595
f 1492 1594 1486
f 1486 1594 1584
f 1596 1493 1494
f 1495 1596 1494
f 1587 1597 1586
f 1599 1598 1597
f 1598 1586 1597
f 1598 1589 1586
f 1590 1601 1600
f 1601 1590 1499
f 1589 1499 1590
f 1499 1589 1498
f 1598 1498 1589
f 1500 1602 1499
f 1499 1602 1601
f 1490 1592 1500
f 1592 1602 1500
f 1592 1603 1602
f 1604 1502 1503
f 1592 1604 1503
f 1603 1592 1503
f 1604 1592 1593
f 1594 1605 1504
f 1604 1594 1504
f 1502 1604 1504
f 1595 1594 1604
f 1505 1605 1492
f 1492 1605 1594
f 1596 1506 1493
f 1506 1596 1495
f 1606 1507 1508
f 1509 1598 1508
f 1599 1508 1598
f 1508 1599 1606
f 1607 1606 1599
f 1606 1607 1608
f 1598 1509 1498
f 1607 1600 1608
f 1601 1608 1600
f 1608 1601 1609
f 1512 1609 1511
f 1609 1602 1511
f 1609 1601 1602
f 1511 1602 1514
f 1514 1602 1603
f 1514 1603 1503
f 1605 1515 1504
f 1515 1605 1505
f 1610 1517 1606
f 1606 1517 1507
f 1608 1612 1611
f 1610 1608 1611
f 1606 1608 1610
f 1612 1608 1609
f 1612 1609 1613
f 1613 1609 1512
f 1518 1613 1512
f 1614 1613 1518
f 1615 1518 1519
f 1615 1614 1518
f 1519 1521 1615
f 1615 1521 1616
f 1618 1617 1523
f 1523 1617 1522
f 1523 1517 1610
f 1619 1523 1610
f 1618 1523 1619
f 1619 1610 1611
f 1620 1616 1521
f 1620 1521 1524
f 1621 1524 1525
f 1621 1620 1524
f 1622 1525 1526
f 1622 1621 1525
f 1623 1526 1527
f 1623 1622 1526
f 1527 1528 1623
f 1623 1528 1624
f 1617 1529 1522
f 1625 1529 1617
f 1626 1624 1528
f 1626 1528 1531
f 1627 1531 1532
f 1627 1626 1531
f 1629 1628 1534
f 1628 1532 1534
f 1628 1627 1532
f 1629 1630 1628
f 1632 1631 1536
f 1536 1631 1535
f 1536 1529 1625
f 1536 1625 1632
f 1538 1633 1539
f 1634 1540 1539
f 1634 1539 1633
f 1635 1541 1540
f 1635 1540 1634
f 1636 1542 1541
f 1636 1541 1635
f 1636 1637 1542
f 1542 1637 1534
f 1637 1638 1534
f 1638 1629 1534
f 1629 1638 1630
f 1639 1543 1544
f 1640 1639 1544
f 1535 1640 1544
f 1631 1640 1535
f 1546 1641 1547
f 1641 1642 1547
f 1547 1642 1538
f 1642 1643 1538
f 1643 1633 1538
f 1633 1643 1634
f 1634 1643 1644
f 1634 1644 1635
f 1635 1644 1645
f 1635 1645 1636
f 1636 1645 1646
f 1636 1646 1637
f 1647 1548 1639
f 1639 1548 1543
f 1639 1640 1648
f 1639 1648 1647
f 1550 1649 1549
f 1649 1650 1549
f 1549 1650 1546
f 1650 1651 1546
f 1651 1641 1546
f 1641 1651 1642
f 1647 1551 1548
f 1552 1551 1647
f 1652 1552 1647
f 1648 1652 1647
f 1653 1552 1652
f 1654 1553 1552
f 1654 1552 1653
f 1655 1554 1553
f 1655 1553 1654
f 1656 1555 1554
f 1656 1554 1655
f 1656 1557 1555
f 1658 1657 1560
f 1658 1560 1559
f 1550 1560 1649
f 1560 1659 1649
f 1560 1657 1659
f 1649 1659 1650
f 1652 1660 1653
f 1653 1660 1654
f 1654 1660 1661
f 1654 1661 1655
f 1655 1661 1662
f 1655 1662 1656
f 1656 1662 1663
f 1656 1663 1557
f 1663 1561 1557
f 1663 1664 1561
f 1561 1665 1562
f 1664 1665 1561
f 1559 1562 1658
f 1658 1562 1665
f 1666 1563 1564
f 1566 1666 1564
f 1667 1567 1666
f 1666 1567 1563
f 1667 1666 1566
f 1668 1667 1566
f 1568 1668 1566
f 1669 1667 1668
f 1671 1668 1670
f 1668 1569 1670
f 1668 1568 1569
f 1571 1670 1569
f 1667 1572 1567
f 1669 1672 1667
f 1672 1572 1667
f 1672 1574 1572
f 1670 1673 1575
f 1672 1670 1575
f 1574 1672 1575
f 1671 1670 1672
f 1577 1673 1571
f 1571 1673 1670
f 1675 1674 1580
f 1580 1674 1579
f 1677 1676 1581
f 1676 1580 1581
f 1676 1675 1580
f 1677 1678 1676
f 1679 1582 1673
f 1673 1582 1575
f 1583 1680 1577
f 1680 1673 1577
f 1680 1679 1673
f 1585 1680 1583
f 1682 1681 1588
f 1588 1681 1587
f 1588 1579 1674
f 1588 1674 1682
f 1590 1683 1677
f 1590 1677 1581
f 1678 1677 1684
f 1684 1677 1683
f 1679 1591 1582
f 1679 1680 1685
f 1593 1679 1685
f 1686 1593 1685
f 1679 1593 1591
f 1680 1585 1685
f 1585 1687 1685
f 1585 1595 1687
f 1597 1587 1688
f 1587 1689 1688
f 1587 1681 1689
f 1688 1599 1597
f 1691 1690 1683
f 1590 1691 1683
f 1600 1691 1590
f 1683 1690 1684
f 1686 1692 1593
f 1593 1692 1604
f 1595 1604 1687
f 1687 1604 1692
f 1689 1693 1688
f 1688 1693 1599
f 1693 1607 1599
f 1693 1694 1607
f 1600 1607 1691
f 1691 1607 1694
f 1697 1696 1695
f 1695 1698 1697
f 1701 1700 1699
f 1611 1612 1699
f 1612 1701 1699
f 1612 1702 1701
f 1703 1612 1613
f 1703 1702 1612
f 1704 1613 1614
f 1704 1703 1613
f 1705 1614 1615
f 1705 1704 1614
f 1696 1706 1695
f 1616 1705 1615
f 1705 1616 1707
f 1695 1706 1698
f 1708 1617 1618
f 1700 1709 1699
f 1709 1618 1699
f 1618 1619 1699
f 1618 1709 1708
f 1699 1619 1611
f 1710 1707 1616
f 1710 1616 1620
f 1711 1620 1621
f 1711 1710 1620
f 1712 1621 1622
f 1712 1711 1621
f 1713 1622 1623
f 1713 1712 1622
f 1623 1624 1713
f 1713 1624 1714
f 1716 1715 1708
f 1715 1617 1708
f 1715 1625 1617
f 1716 1708 1709
f 1717 1714 1624
f 1717 1624 1626
f 1718 1626 1627
f 1718 1717 1626
f 1719 1627 1628
f 1719 1718 1627
f 1628 1630 1719
f 1719 1630 1720
f 1722 1721 1632
f 1632 1721 1631
f 1632 1625 1715
f 1632 1715 1722
f 1637 1723 1638
f 1723 1724 1638
f 1724 1630 1638
f 1724 1720 1630
f 1721 1640 1631
f 1725 1640 1721
f 1727 1726 1643
f 1727 1643 1642
f 1643 1728 1644
f 1726 1728 1643
f 1644 1729 1645
f 1728 1729 1644
f 1645 1730 1646
f 1729 1730 1645
f 1637 1646 1723
f 1646 1731 1723
f 1646 1730 1731
f 1723 1731 1724
f 1725 1648 1640
f 1732 1648 1725
f 1734 1733 1651
f 1734 1651 1650
f 1642 1651 1727
f 1727 1651 1733
f 1732 1652 1648
f 1735 1652 1732
f 1738 1737 1736
f 1657 1658 1736
f 1737 1657 1736
f 1739 1657 1737
f 1657 1740 1659
f 1739 1740 1657
f 1650 1659 1734
f 1734 1659 1740
f 1735 1741 1652
f 1652 1741 1660
f 1660 1742 1661
f 1741 1742 1660
f 1661 1743 1662
f 1742 1743 1661
f 1662 1744 1663
f 1743 1744 1662
f 1663 1745 1664
f 1744 1745 1663
f 1736 1665 1738
f 1665 1745 1738
f 1665 1664 1745
f 1665 1736 1658
f 1746 1669 1668
f 1671 1746 1668
f 1746 1672 1669
f 1672 1746 1671
f 1748 1747 1675
f 1675 1747 1674
f 1750 1748 1749
f 1748 1676 1749
f 1748 1675 1676
f 1678 1749 1676
f 1752 1751 1682
f 1682 1751 1681
f 1682 1674 1747
f 1682 1747 1752
f 1753 1750 1749
f 1678 1684 1749
f 1684 1754 1749
f 1754 1753 1749
f 1754 1684 1755
f 1757 1756 1755
f 1755 1756 1754
f 1686 1685 1757
f 1685 1756 1757
f 1685 1758 1756
f 1760 1759 1687
f 1759 1685 1687
f 1759 1758 1685
f 1760 1761 1759
f 1751 1689 1681
f 1762 1689 1751
f 1691 1763 1690
f 1755 1684 1690
f 1763 1755 1690
f 1764 1755 1763
f 1755 1765 1757
f 1755 1764 1765
f 1766 1692 1686
f 1757 1766 1686
f 1765 1766 1757
f 1760 1687 1692
f 1766 1760 1692
f 1767 1760 1766
f 1761 1760 1768
f 1760 1769 1768
f 1760 1767 1769
f 1769 1770 1768
f 1773 1772 1771
f 1771 1774 1693
f 1762 1771 1693
f 1689 1762 1693
f 1771 1762 1773
f 1775 1694 1693
f 1775 1693 1774
f 1763 1691 1694
f 1775 1763 1694
f 1776 1763 1775
f 1763 1777 1764
f 1763 1776 1777
f 1764 1778 1765
f 1764 1777 1778
f 1778 1696 1697
f 1766 1778 1697
f 1765 1778 1766
f 1766 1697 1698
f 1779 1766 1698
f 1767 1766 1779
f 1781 1769 1780
f 1769 1779 1780
f 1769 1767 1779
f 1769 1781 1770
f 1772 1782 1771
f 1783 1700 1701
f 1771 1783 1701
f 1774 1771 1701
f 1782 1783 1771
f 1774 1701 1702
f 1774 1702 1775
f 1775 1702 1703
f 1775 1703 1776
f 1776 1703 1704
f 1776 1704 1777
f 1777 1704 1705
f 1777 1705 1778
f 1784 1705 1707
f 1784 1778 1705
f 1784 1706 1696
f 1778 1784 1696
f 1779 1698 1706
f 1784 1779 1706
f 1785 1779 1784
f 1780 1779 1786
f 1779 1787 1786
f 1779 1785 1787
f 1787 1788 1786
f 1791 1790 1789
f 1783 1791 1789
f 1709 1783 1789
f 1700 1783 1709
f 1710 1784 1707
f 1784 1710 1711
f 1784 1711 1785
f 1785 1711 1712
f 1785 1712 1787
f 1792 1788 1787
f 1712 1792 1787
f 1713 1792 1712
f 1713 1714 1792
f 1792 1714 1793
f 1789 1790 1716
f 1790 1715 1716
f 1790 1794 1715
f 1789 1716 1709
f 1795 1793 1714
f 1795 1714 1717
f 1796 1717 1718
f 1796 1795 1717
f 1797 1718 1719
f 1797 1796 1718
f 1719 1720 1797
f 1797 1720 1798
f 1800 1799 1722
f 1722 1799 1721
f 1722 1715 1794
f 1722 1794 1800
f 1803 1802 1801
f 1802 1798 1801
f 1798 1724 1801
f 1798 1720 1724
f 1799 1725 1721
f 1804 1725 1799
f 1806 1805 1726
f 1806 1726 1727
f 1726 1807 1728
f 1805 1807 1726
f 1728 1808 1729
f 1807 1808 1728
f 1729 1809 1730
f 1808 1809 1729
f 1801 1731 1803
f 1731 1809 1803
f 1731 1730 1809
f 1731 1801 1724
f 1804 1732 1725
f 1810 1732 1804
f 1813 1812 1811
f 1733 1734 1811
f 1812 1733 1811
f 1814 1733 1812
f 1727 1733 1806
f 1806 1733 1814
f 1810 1735 1732
f 1815 1735 1810
f 1817 1816 1737
f 1817 1737 1738
f 1737 1818 1739
f 1816 1818 1737
f 1811 1740 1813
f 1740 1818 1813
f 1740 1739 1818
f 1740 1811 1734
f 1815 1819 1735
f 1735 1819 1741
f 1741 1820 1742
f 1819 1820 1741
f 1742 1821 1743
f 1820 1821 1742
f 1743 1822 1744
f 1821 1822 1743
f 1744 1823 1745
f 1822 1823 1744
f 1738 1745 1817
f 1817 1745 1823
f 1826 1825 1824
f 1828 1827 1824
f 1824 1827 1826
f 1830 1829 1828
f 1828 1829 1827
f 1832 1831 1830
f 1830 1831 1829
f 1834 1833 1832
f 1832 1833 1831
f 1834 1835 1833
f 1838 1837 1836
f 1838 1836 1825
f 1836 1824 1825
f 1836 1839 1824
f 1839 1747 1748
f 1828 1839 1748
f 1824 1839 1828
f 1828 1748 1750
f 1840 1828 1750
f 1830 1828 1840
f 1830 1841 1832
f 1830 1840 1841
f 1832 1842 1834
f 1832 1841 1842
f 1835 1834 1843
f 1843 1834 1842
f 1836 1837 1844
f 1844 1837 1845
f 1844 1751 1752
f 1839 1844 1752
f 1836 1844 1839
f 1839 1752 1747
f 1753 1840 1750
f 1840 1753 1754
f 1840 1754 1841
f 1841 1754 1756
f 1841 1756 1842
f 1846 1843 1842
f 1756 1846 1842
f 1758 1846 1756
f 1847 1758 1759
f 1847 1846 1758
f 1849 1848 1761
f 1848 1759 1761
f 1848 1847 1759
f 1851 1850 1849
f 1849 1850 1848
f 1851 1852 1850
f 1845 1853 1844
f 1751 1844 1853
f 1854 1751 1853
f 1762 1751 1854
f 1768 1849 1761
f 1849 1768 1770
f 1855 1849 1770
f 1851 1849 1855
f 1852 1851 1856
f 1856 1851 1855
f 1858 1857 1773
f 1773 1857 1772
f 1773 1762 1854
f 1773 1854 1858
f 1780 1859 1781
f 1855 1770 1781
f 1859 1855 1781
f 1860 1855 1859
f 1856 1855 1861
f 1861 1855 1860
f 1782 1772 1862
f 1772 1863 1862
f 1772 1857 1863
f 1862 1783 1782
f 1786 1859 1780
f 1859 1786 1788
f 1864 1859 1788
f 1860 1859 1864
f 1861 1860 1865
f 1865 1860 1864
f 1862 1863 1791
f 1863 1790 1791
f 1863 1866 1790
f 1862 1791 1783
f 1792 1864 1788
f 1792 1793 1864
f 1793 1865 1864
f 1793 1867 1865
f 1866 1794 1790
f 1868 1794 1866
f 1869 1867 1793
f 1869 1793 1795
f 1871 1869 1870
f 1869 1796 1870
f 1869 1795 1796
f 1797 1872 1796
f 1796 1872 1870
f 1798 1872 1797
f 1874 1873 1800
f 1800 1873 1799
f 1800 1794 1868
f 1800 1868 1874
f 1875 1871 1870
f 1803 1876 1802
f 1876 1870 1802
f 1870 1872 1802
f 1876 1875 1870
f 1802 1872 1798
f 1873 1804 1799
f 1877 1804 1873
f 1879 1878 1805
f 1879 1805 1806
f 1805 1880 1807
f 1878 1880 1805
f 1807 1881 1808
f 1880 1881 1807
f 1808 1882 1809
f 1881 1882 1808
f 1803 1809 1876
f 1876 1809 1882
f 1877 1810 1804
f 1883 1810 1877
f 1886 1885 1884
f 1888 1887 1884
f 1888 1884 1885
f 1889 1887 1888
f 1813 1890 1812
f 1812 1890 1891
f 1892 1812 1891
f 1814 1812 1892
f 1806 1814 1879
f 1879 1814 1892
f 1894 1815 1893
f 1815 1883 1893
f 1815 1810 1883
f 1895 1894 1893
f 1898 1897 1896
f 1900 1899 1896
f 1900 1896 1897
f 1899 1900 1886
f 1884 1899 1886
f 1901 1899 1884
f 1817 1901 1816
f 1901 1887 1816
f 1901 1884 1887
f 1889 1902 1887
f 1902 1816 1887
f 1902 1818 1816
f 1813 1818 1890
f 1818 1903 1890
f 1818 1902 1903
f 1890 1903 1891
f 1894 1819 1815
f 1895 1904 1894
f 1904 1819 1894
f 1904 1820 1819
f 1896 1821 1898
f 1821 1904 1898
f 1821 1820 1904
f 1821 1896 1822
f 1822 1896 1899
f 1822 1899 1823
f 1823 1899 1901
f 1823 1901 1817
f 1907 1906 1905
f 1825 1826 1905
f 1826 1907 1905
f 1826 1908 1907
f 1909 1826 1827
f 1909 1908 1826
f 1910 1827 1829
f 1910 1909 1827
f 1911 1829 1831
f 1911 1910 1829
f 1913 1911 1912
f 1911 1833 1912
f 1911 1831 1833
f 1835 1912 1833
f 1905 1906 1838
f 1906 1837 1838
f 1906 1914 1837
f 1905 1838 1825
f 1915 1913 1912
f 1912 1835 1915
f 1835 1916 1915
f 1835 1843 1916
f 1914 1845 1837
f 1917 1845 1914
f 1918 1916 1843
f 1918 1843 1846
f 1919 1846 1847
f 1919 1918 1846
f 1920 1847 1848
f 1920 1919 1847
f 1921 1848 1850
f 1921 1920 1848
f 1850 1852 1921
f 1921 1852 1922
f 1853 1845 1923
f 1845 1924 1923
f 1845 1917 1924
f 1923 1854 1853
f 1856 1926 1925
f 1922 1856 1925
f 1852 1856 1922
f 1926 1927 1925
f 1930 1929 1928
f 1930 1928 1924
f 1924 1928 1923
f 1928 1857 1923
f 1857 1858 1923
f 1923 1858 1854
f 1861 1931 1926
f 1861 1926 1856
f 1927 1926 1932
f 1932 1926 1931
f 1935 1934 1933
f 1937 1936 1933
f 1933 1936 1935
f 1936 1937 1929
f 1937 1928 1929
f 1937 1938 1928
f 1938 1863 1857
f 1938 1857 1928
f 1865 1939 1931
f 1865 1931 1861
f 1932 1931 1940
f 1940 1931 1939
f 1934 1941 1933
f 1943 1942 1941
f 1942 1933 1941
f 1942 1937 1933
f 1937 1944 1938
f 1937 1942 1944
f 1944 1866 1863
f 1944 1863 1938
f 1867 1945 1939
f 1867 1939 1865
f 1940 1939 1946
f 1946 1939 1945
f 1943 1947 1942
f 1949 1948 1947
f 1948 1942 1947
f 1948 1944 1942
f 1948 1868 1866
f 1948 1866 1944
f 1869 1945 1867
f 1869 1871 1945
f 1871 1946 1945
f 1871 1950 1946
f 1951 1873 1874
f 1949 1952 1948
f 1953 1948 1952
f 1953 1868 1948
f 1953 1951 1874
f 1868 1953 1874
f 1954 1950 1871
f 1954 1871 1875
f 1875 1876 1954
f 1954 1876 1955
f 1956 1877 1951
f 1951 1877 1873
f 1951 1953 1957
f 1951 1957 1956
f 1959 1958 1878
f 1959 1878 1879
f 1878 1960 1880
f 1958 1960 1878
f 1880 1961 1881
f 1960 1961 1880
f 1881 1962 1882
f 1961 1962 1881
f 1876 1882 1955
f 1955 1882 1962
f 1963 1883 1956
f 1956 1883 1877
f 1956 1957 1964
f 1965 1956 1964
f 1963 1956 1965
f 1967 1966 1965
f 1967 1965 1964
f 1968 1966 1967
f 1886 1969 1885
f 1970 1888 1885
f 1970 1885 1969
f 1970 1889 1888
f 1973 1972 1971
f 1892 1891 1971
f 1972 1892 1971
f 1974 1892 1972
f 1879 1892 1959
f 1959 1892 1974
f 1963 1893 1883
f 1893 1963 1895
f 1963 1975 1895
f 1963 1965 1975
f 1898 1975 1897
f 1975 1966 1897
f 1975 1965 1966
f 1968 1976 1966
f 1976 1897 1966
f 1976 1900 1897
f 1886 1900 1969
f 1900 1977 1969
f 1900 1976 1977
f 1969 1977 1970
f 1970 1977 1978
f 1970 1978 1889
f 1978 1902 1889
f 1978 1979 1902
f 1971 1903 1973
f 1903 1979 1973
f 1903 1902 1979
f 1903 1971 1891
f 1975 1904 1895
f 1904 1975 1898
f 1981 1980 1907
f 1907 1980 1906
f 1982 1907 1908
f 1982 1981 1907
f 1983 1908 1909
f 1983 1982 1908
f 1984 1909 1910
f 1984 1983 1909
f 1986 1984 1985
f 1984 1911 1985
f 1984 1910 1911
f 1913 1985 1911
f 1980 1914 1906
f 1987 1914 1980
f 1988 1986 1985
f 1988 1985 1913
f 1915 1988 1913
f 1989 1988 1915
f 1915 1916 1989
f 1989 1916 1990
f 1987 1917 1914
f 1991 1917 1987
f 1992 1990 1916
f 1992 1916 1918
f 1994 1992 1993
f 1992 1919 1993
f 1992 1918 1919
f 1920 1995 1919
f 1919 1995 1993
f 1921 1996 1920
f 1920 1996 1995
f 1922 1996 1921
f 1991 1924 1917
f 1997 1924 1991
f 1998 1994 1993
f 1998 1993 1995
f 1998 1995 1999
f 1999 1995 1996
f 1999 1996 2000
f 2000 1996 1922
f 1925 2000 1922
f 2001 2000 1925
f 1925 1927 2001
f 2001 1927 2002
f 2005 2004 2003
f 2007 2006 2003
f 2003 2006 2005
f 1929 1930 2007
f 1930 2006 2007
f 1930 2008 2006
f 1930 1924 1997
f 1930 1997 2008
f 1932 2002 1927
f 1932 2009 2002
f 2012 2011 2010
f 2014 2013 2010
f 2010 2013 2012
f 2016 2015 2014
f 2014 2015 2013
f 2018 2017 2016
f 2016 2017 2015
f 2017 2018 2004
f 2004 2018 2003
f 2018 1934 2003
f 1934 1935 2003
f 2003 1935 1936
f 2003 1936 2007
f 2007 1936 1929
f 1940 2009 1932
f 1940 2019 2009
f 2010 2011 2020
f 2020 2011 2021
f 2010 2022 2014
f 2010 2020 2022
f 2014 2023 2016
f 2014 2022 2023
f 2016 2024 2018
f 2016 2023 2024
f 2025 1941 1934
f 2018 2025 1934
f 2024 2025 2018
f 2025 1943 1941
f 1946 2019 1940
f 1946 2026 2019
f 2021 2027 2020
f 2020 2027 2022
f 2022 2027 2028
f 2022 2028 2023
f 2023 2028 2029
f 2023 2029 2024
f 2024 2029 2030
f 2024 2030 2025
f 2025 2030 2031
f 2025 2031 1943
f 2031 1947 1943
f 2031 2032 1947
f 2034 2033 1949
f 1947 2034 1949
f 2032 2034 1947
f 2035 2033 2034
f 1950 2026 1946
f 1950 2036 2026
f 2033 1952 1949
f 1953 1952 2033
f 2035 1953 2033
f 2037 1953 2035
f 1950 1954 2038
f 2039 1950 2038
f 2036 1950 2039
f 1955 2038 1954
f 2041 1957 2040
f 1957 2037 2040
f 1957 1953 2037
f 2042 2041 2040
f 2045 2044 2043
f 1958 1959 2043
f 2044 1958 2043
f 2046 1958 2044
f 1958 2047 1960
f 2046 2047 1958
f 1960 2048 1961
f 2047 2048 1960
f 2038 1962 2039
f 1962 2048 2039
f 1962 1961 2048
f 1962 2038 1955
f 2041 1964 1957
f 2042 2049 2041
f 2049 1964 2041
f 2049 1967 1964
f 2051 2050 1968
f 1967 2051 1968
f 2049 2051 1967
f 2053 2052 2050
f 2053 2050 2051
f 2054 2052 2053
f 2057 2056 2055
f 1972 1973 2055
f 2056 1972 2055
f 2058 1972 2056
f 2043 1974 2045
f 1974 2058 2045
f 1974 1972 2058
f 1974 2043 1959
f 2050 1976 1968
f 1976 2050 1977
f 1977 2050 2052
f 2054 2059 2052
f 2059 1977 2052
f 2059 1978 1977
f 2055 1979 2057
f 1979 2059 2057
f 1979 1978 2059
f 1979 2055 1973
f 2060 1980 1981
f 1982 2061 1981
f 1981 2061 2060
f 1983 2062 1982
f 1982 2062 2061
f 2062 1983 2063
f 1983 2064 2063
f 1983 1984 2064
f 1984 1986 2064
f 2064 1986 2065
f 2066 1987 2060
f 2060 1987 1980
f 2067 2060 2061
f 2066 2060 2067
f 2062 2069 2068
f 2067 2062 2068
f 2061 2062 2067
f 2069 2062 2063
f 2070 2065 1986
f 2070 1986 1988
f 2071 1988 1989
f 2071 2070 1988
f 1989 1990 2071
f 2071 1990 2072
f 2073 1991 2066
f 2066 1991 1987
f 2074 2066 2067
f 2073 2066 2074
f 2067 2068 2075
f 2076 2067 2075
f 2074 2067 2076
f 2078 2077 2076
f 2078 2076 2075
f 2079 2077 2078
f 2080 2072 1990
f 2080 1990 1992
f 1992 1994 2080
f 2080 1994 2081
f 2084 2083 2082
f 2086 2085 2082
f 2082 2085 2084
f 2086 2087 2085
f 2088 1997 2073
f 2073 1997 1991
f 2089 2073 2074
f 2088 2073 2089
f 2090 2074 2076
f 2089 2074 2090
f 2091 2076 2077
f 2090 2076 2091
f 2077 2079 2092
f 2093 2077 2092
f 2091 2077 2093
f 2094 2093 2092
f 1994 1998 2095
f 2096 1994 2095
f 2081 1994 2096
f 2095 1998 2097
f 1998 2098 2097
f 1998 1999 2098
f 2100 2098 2099
f 2098 2000 2099
f 2098 1999 2000
f 2001 2101 2000
f 2000 2101 2099
f 2002 2101 2001
f 2104 2103 2102
f 2106 2105 2102
f 2102 2105 2104
f 2108 2107 2106
f 2106 2107 2105
f 2107 2108 2083
f 2083 2108 2082
f 2108 2004 2082
f 2004 2005 2082
f 2082 2005 2006
f 2082 2006 2086
f 2109 2087 2086
f 2006 2109 2086
f 2008 2109 2006
f 2008 1997 2088
f 2110 2008 2088
f 2109 2008 2110
f 2110 2088 2089
f 2110 2089 2111
f 2111 2089 2090
f 2111 2090 2112
f 2112 2090 2091
f 2112 2091 2113
f 2113 2091 2093
f 2113 2093 2114
f 2114 2093 2094
f 2096 2095 2115
f 2096 2115 2116
f 2095 2097 2117
f 2095 2117 2115
f 2100 2099 2118
f 2100 2118 2119
f 2120 2099 2101
f 2118 2099 2120
f 2009 2120 2002
f 2002 2120 2101
f 2122 2121 2012
f 2012 2121 2011
f 2013 2102 2103
f 2122 2013 2103
f 2012 2013 2122
f 2102 2013 2015
f 2102 2015 2106
f 2106 2015 2017
f 2106 2017 2108
f 2108 2017 2004
f 2125 2124 2123
f 2123 2124 2116
f 2115 2123 2116
f 2126 2123 2115
f 2115 2117 2127
f 2115 2127 2126
f 2119 2118 2128
f 2119 2128 2129
f 2130 2118 2120
f 2128 2118 2130
f 2019 2130 2009
f 2009 2130 2120
f 2121 2021 2011
f 2131 2021 2121
f 2125 2123 2132
f 2125 2132 2133
f 2126 2135 2134
f 2132 2126 2134
f 2123 2126 2132
f 2135 2126 2127
f 2129 2128 2136
f 2129 2136 2137
f 2138 2128 2130
f 2136 2128 2138
f 2026 2138 2019
f 2019 2138 2130
f 2027 2021 2139
f 2021 2140 2139
f 2021 2131 2140
f 2027 2139 2141
f 2142 2027 2141
f 2028 2027 2142
f 2028 2143 2029
f 2142 2143 2028
f 2029 2144 2030
f 2143 2144 2029
f 2030 2145 2031
f 2144 2145 2030
f 2031 2146 2032
f 2145 2146 2031
f 2032 2147 2034
f 2146 2147 2032
f 2035 2034 2147
f 2035 2147 2148
f 2149 2133 2132
f 2149 2132 2134
f 2137 2136 2150
f 2137 2150 2151
f 2152 2136 2138
f 2150 2136 2152
f 2036 2152 2026
f 2026 2152 2138
f 2140 2153 2139
f 2139 2153 2141
f 2148 2037 2035
f 2154 2037 2148
f 2151 2150 2155
f 2151 2155 2156
f 2157 2150 2152
f 2155 2150 2157
f 2039 2157 2036
f 2036 2157 2152
f 2154 2158 2037
f 2037 2158 2040
f 2160 2159 2042
f 2040 2160 2042
f 2158 2160 2040
f 2162 2161 2159
f 2162 2159 2160
f 2163 2161 2162
f 2045 2164 2044
f 2044 2164 2165
f 2166 2044 2165
f 2046 2044 2166
f 2155 2047 2156
f 2047 2166 2156
f 2047 2046 2166
f 2047 2155 2048
f 2048 2155 2157
f 2048 2157 2039
f 2159 2049 2042
f 2049 2159 2051
f 2051 2159 2161
f 2163 2167 2161
f 2167 2051 2161
f 2167 2053 2051
f 2169 2168 2054
f 2053 2169 2054
f 2167 2169 2053
f 2056 2057 2168
f 2169 2056 2168
f 2170 2056 2169
f 2056 2171 2058
f 2170 2171 2056
f 2045 2058 2164
f 2058 2172 2164
f 2058 2171 2172
f 2164 2172 2165
f 2168 2059 2054
f 2059 2168 2057
f 2173 2063 2064
f 2065 2173 2064
f 2174 2068 2069
f 2063 2173 2069
f 2173 2174 2069
f 2173 2175 2174
f 2070 2176 2065
f 2176 2173 2065
f 2176 2175 2173
f 2071 2177 2070
f 2070 2177 2176
f 2072 2177 2071
f 2174 2075 2068
f 2075 2174 2078
f 2078 2174 2175
f 2078 2175 2079
f 2175 2178 2079
f 2175 2176 2178
f 2179 2176 2177
f 2178 2176 2179
f 2080 2180 2072
f 2180 2177 2072
f 2180 2179 2177
f 2081 2180 2080
f 2181 2083 2084
f 2085 2182 2084
f 2084 2182 2181
f 2087 2182 2085
f 2178 2092 2079
f 2092 2178 2094
f 2178 2183 2094
f 2178 2179 2183
f 2184 2179 2180
f 2183 2179 2184
f 2096 2184 2081
f 2081 2184 2180
f 2185 2097 2098
f 2100 2185 2098
f 2187 2186 2104
f 2104 2186 2103
f 2189 2187 2188
f 2187 2105 2188
f 2187 2104 2105
f 2188 2105 2190
f 2105 2191 2190
f 2105 2107 2191
f 2107 2083 2181
f 2192 2107 2181
f 2191 2107 2192
f 2192 2181 2182
f 2192 2182 2193
f 2195 2193 2194
f 2194 2193 2109
f 2193 2182 2109
f 2182 2087 2109
f 2110 2196 2109
f 2109 2196 2194
f 2111 2197 2110
f 2110 2197 2196
f 2112 2198 2111
f 2111 2198 2197
f 2113 2199 2112
f 2112 2199 2198
f 2114 2200 2113
f 2113 2200 2199
f 2094 2183 2114
f 2183 2200 2114
f 2183 2201 2200
f 2202 2183 2184
f 2201 2183 2202
f 2116 2202 2096
f 2096 2202 2184
f 2203 2117 2185
f 2185 2117 2097
f 2119 2203 2100
f 2100 2203 2185
f 2204 2121 2122
f 2205 2204 2122
f 2103 2205 2122
f 2186 2205 2103
f 2206 2189 2188
f 2206 2188 2190
f 2195 2194 2207
f 2195 2207 2208
f 2209 2194 2196
f 2207 2194 2209
f 2210 2196 2197
f 2209 2196 2210
f 2211 2197 2198
f 2210 2197 2211
f 2212 2198 2199
f 2211 2198 2212
f 2213 2199 2200
f 2212 2199 2213
f 2214 2200 2201
f 2213 2200 2214
f 2125 2214 2124
f 2214 2202 2124
f 2214 2201 2202
f 2124 2202 2116
f 2215 2127 2203
f 2203 2127 2117
f 2129 2215 2119
f 2119 2215 2203
f 2217 2216 2204
f 2216 2121 2204
f 2216 2131 2121
f 2217 2204 2205
f 2218 2208 2207
f 2218 2207 2209
f 2218 2209 2219
f 2221 2220 2219
f 2209 2221 2219
f 2210 2221 2209
f 2211 2223 2222
f 2221 2211 2222
f 2210 2211 2221
f 2223 2211 2212
f 2223 2212 2224
f 2224 2212 2213
f 2224 2213 2225
f 2227 2226 2225
f 2213 2227 2225
f 2214 2227 2213
f 2133 2227 2125
f 2125 2227 2214
f 2228 2134 2135
f 2127 2215 2135
f 2215 2228 2135
f 2215 2229 2228
f 2137 2229 2129
f 2129 2229 2215
f 2216 2140 2131
f 2230 2140 2216
f 2141 2231 2142
f 2232 2143 2142
f 2232 2142 2231
f 2233 2144 2143
f 2233 2143 2232
f 2234 2145 2144
f 2234 2144 2233
f 2235 2146 2145
f 2235 2145 2234
f 2236 2147 2146
f 2236 2146 2235
f 2236 2148 2147
f 2220 2221 2237
f 2220 2237 2238
f 2221 2222 2239
f 2240 2221 2239
f 2237 2221 2240
f 2241 2240 2239
f 2226 2227 2242
f 2226 2242 2243
f 2149 2244 2133
f 2244 2227 2133
f 2244 2242 2227
f 2134 2228 2149
f 2228 2244 2149
f 2228 2245 2244
f 2246 2228 2229
f 2245 2228 2246
f 2151 2246 2137
f 2137 2246 2229
f 2230 2247 2140
f 2140 2247 2153
f 2141 2153 2231
f 2153 2248 2231
f 2153 2247 2248
f 2231 2248 2232
f 2232 2248 2249
f 2232 2249 2233
f 2233 2249 2250
f 2233 2250 2234
f 2234 2250 2251
f 2234 2251 2235
f 2235 2251 2252
f 2254 2253 2252
f 2253 2235 2252
f 2253 2236 2235
f 2253 2154 2148
f 2253 2148 2236
f 2255 2238 2237
f 2257 2256 2255
f 2237 2257 2255
f 2240 2257 2237
f 2240 2241 2258
f 2259 2240 2258
f 2257 2240 2259
f 2260 2259 2258
f 2261 2243 2242
f 2263 2262 2261
f 2242 2263 2261
f 2244 2263 2242
f 2264 2244 2245
f 2263 2244 2264
f 2265 2245 2246
f 2264 2245 2265
f 2156 2265 2151
f 2151 2265 2246
f 2254 2266 2253
f 2253 2266 2154
f 2266 2158 2154
f 2266 2267 2158
f 2158 2268 2160
f 2267 2268 2158
f 2257 2162 2256
f 2162 2268 2256
f 2162 2160 2268
f 2162 2257 2163
f 2257 2269 2163
f 2257 2259 2269
f 2259 2260 2270
f 2259 2270 2269
f 2262 2263 2271
f 2262 2271 2272
f 2273 2263 2264
f 2271 2263 2273
f 2165 2273 2166
f 2273 2265 2166
f 2273 2264 2265
f 2166 2265 2156
f 2269 2167 2163
f 2270 2274 2269
f 2274 2167 2269
f 2274 2169 2167
f 2169 2275 2170
f 2274 2275 2169
f 2271 2171 2272
f 2171 2275 2272
f 2171 2170 2275
f 2171 2271 2172
f 2172 2271 2273
f 2172 2273 2165
f 2276 2186 2187
f 2189 2276 2187
f 2277 2190 2191
f 2192 2278 2191
f 2191 2278 2277
f 2193 2279 2192
f 2192 2279 2278
f 2195 2279 2193
f 2280 2205 2276
f 2276 2205 2186
f 2206 2281 2189
f 2281 2276 2189
f 2281 2280 2276
f 2190 2277 2206
f 2277 2281 2206
f 2277 2282 2281
f 2283 2277 2278
f 2282 2277 2283
f 2284 2278 2279
f 2283 2278 2284
f 2208 2284 2195
f 2195 2284 2279
f 2285 2216 2217
f 2205 2280 2217
f 2280 2285 2217
f 2280 2286 2285
f 2287 2280 2281
f 2286 2280 2287
f 2288 2281 2282
f 2287 2281 2288
f 2289 2282 2283
f 2288 2282 2289
f 2290 2283 2284
f 2289 2283 2290
f 2218 2291 2208
f 2291 2284 2208
f 2291 2290 2284
f 2219 2292 2218
f 2218 2292 2291
f 2220 2292 2219
f 2293 2222 2223
f 2224 2294 2223
f 2223 2294 2293
f 2225 2295 2224
f 2224 2295 2294
f 2226 2295 2225
f 2296 2230 2285
f 2285 2230 2216
f 2297 2285 2286
f 2296 2285 2297
f 2298 2286 2287
f 2297 2286 2298
f 2299 2287 2288
f 2298 2287 2299
f 2300 2288 2289
f 2299 2288 2300
f 2301 2289 2290
f 2300 2289 2301
f 2302 2290 2291
f 2301 2290 2302
f 2303 2291 2292
f 2302 2291 2303
f 2238 2303 2220
f 2220 2303 2292
f 2293 2239 2222
f 2239 2293 2241
f 2293 2304 2241
f 2293 2294 2304
f 2305 2294 2295
f 2304 2294 2305
f 2243 2305 2226
f 2226 2305 2295
f 2296 2247 2230
f 2247 2296 2248
f 2248 2296 2297
f 2248 2297 2249
f 2249 2297 2298
f 2249 2298 2250
f 2250 2298 2299
f 2250 2299 2251
f 2251 2299 2300
f 2251 2300 2252
f 2252 2300 2301
f 2252 2301 2254
f 2301 2306 2254
f 2301 2302 2306
f 2307 2302 2303
f 2306 2302 2307
f 2255 2308 2238
f 2308 2303 2238
f 2308 2307 2303
f 2256 2308 2255
f 2304 2258 2241
f 2258 2304 2260
f 2304 2309 2260
f 2304 2305 2309
f 2261 2310 2243
f 2310 2305 2243
f 2310 2309 2305
f 2262 2310 2261
f 2306 2266 2254
f 2266 2306 2267
f 2267 2306 2307
f 2267 2307 2268
f 2268 2307 2308
f 2268 2308 2256
f 2311 2270 2309
f 2309 2270 2260
f 2312 2309 2310
f 2311 2309 2312
f 2272 2312 2262
f 2262 2312 2310
f 2311 2274 2270
f 2274 2311 2275
f 2275 2311 2312
f 2275 2312 2272
