v -33.3 20.0 49.0
v -33.0 20.0 48.5
v -33.0 19.6 49.0
v -33.0 19.5 50.0
v -33.4 20.0 50.0
v -33.0 19.7 51.0
v -33.2 20.0 51.0
v -33.0 20.0 51.3
v -33.3 21.0 48.0
v -33.0 21.0 47.6
v -33.0 20.5 48.0
v -33.5 21.0 49.0
v -33.5 21.0 50.0
v -33.2 21.0 51.0
v -33.0 21.0 51.3
v -33.3 22.0 48.0
v -33.0 22.0 47.6
v -33.5 22.0 49.0
v -33.3 22.0 50.0
v -33.0 22.0 50.4
v -33.0 21.4 51.0
v -33.1 23.0 43.0
v -33.0 23.0 42.9
v -33.0 22.9 43.0
v -33.0 23.0 43.1
v -33.0 22.5 48.0
v -33.1 23.0 49.0
v -33.0 23.0 48.8
v -33.0 23.0 49.2
v -33.0 22.4 50.0
v -33.2 24.0 43.0
v -33.0 24.0 42.7
v -33.0 24.0 43.3
v -33.0 23.1 49.0
v -33.1 25.0 43.0
v -33.0 25.0 42.8
v -33.0 25.0 43.3
v -33.0 25.2 43.0
v -33.0 25.7 44.0
v -33.1 26.0 44.0
v -33.0 26.0 43.8
v -33.0 25.9 45.0
v -33.1 26.0 45.0
v -33.0 26.0 45.1
v -33.0 26.2 44.0
v -33.0 26.1 45.0
v -32.3 17.0 48.0
v -32.0 17.0 47.5
v -32.0 16.3 48.0
v -32.0 16.7 49.0
v -32.3 17.0 49.0
v -32.0 17.0 49.4
v -32.3 18.0 47.0
v -32.0 18.0 46.7
v -32.0 17.6 47.0
v -32.5 18.0 48.0
v -32.5 18.0 49.0
v -32.0 17.5 50.0
v -32.4 18.0 50.0
v -32.0 17.8 51.0
v -32.2 18.0 51.0
v -32.0 18.0 51.3
v -32.4 19.0 47.0
v -32.0 19.0 46.4
v -32.5 19.0 48.0
v -32.6 19.0 49.0
v -32.6 19.0 50.0
v -32.6 19.0 51.0
v -32.0 18.7 52.0
v -32.2 19.0 52.0
v -32.0 19.0 52.2
v -32.3 20.0 44.0
v -32.0 20.0 43.5
v -32.0 19.6 44.0
v -32.0 19.5 45.0
v -32.4 20.0 45.0
v -32.0 19.4 46.0
v -32.4 20.0 46.0
v -32.5 20.0 47.0
v -32.7 20.0 48.0
v -32.3 20.0 52.0
v -32.0 20.0 52.3
v -32.3 21.0 43.0
v -32.0 21.0 42.5
v -32.0 20.5 43.0
v -32.5 21.0 44.0
v -32.5 21.0 45.0
v -32.5 21.0 46.0
v -32.6 21.0 47.0
v -32.0 20.5 52.0
v -32.0 21.0 51.7
v -32.2 22.0 41.0
v -32.0 22.0 40.7
v -32.0 21.7 41.0
v -32.0 21.4 42.0
v -32.4 22.0 42.0
v -32.6 22.0 43.0
v -32.5 22.0 44.0
v -32.5 22.0 45.0
v -32.5 22.0 46.0
v -32.6 22.0 47.0
v -32.4 22.0 51.0
v -32.0 22.0 51.3
v -32.4 23.0 41.0
v -32.0 23.0 40.5
v -32.6 23.0 42.0
v -32.6 23.0 44.0
v -32.5 23.0 45.0
v -32.5 23.0 46.0
v -32.5 23.0 47.0
v -32.7 23.0 48.0
v -32.4 23.0 50.0
v -32.0 23.0 50.3
v -32.0 22.3 51.0
v -32.3 24.0 41.0
v -32.0 24.0 40.6
v -32.6 24.0 42.0
v -32.6 24.0 44.0
v -32.5 24.0 45.0
v -32.5 24.0 46.0
v -32.5 24.0 47.0
v -32.3 24.0 48.0
v -32.0 23.7 49.0
v -32.0 24.0 48.5
v -32.0 23.3 50.0
v -32.0 24.5 41.0
v -32.5 25.0 42.0
v -32.0 25.0 41.4
v -32.7 25.0 44.0
v -32.6 25.0 45.0
v -32.5 25.0 46.0
v -32.3 25.0 47.0
v -32.0 25.0 47.6
v -32.0 24.6 48.0
v -32.4 26.0 42.0
v -32.0 26.0 41.5
v -32.7 26.0 43.0
v -32.5 26.0 46.0
v -32.1 26.0 47.0
v -32.0 26.0 48.0
v -32.0 26.0 48.0
v -32.0 26.0 48.0
v -32.4 27.0 42.0
v -32.0 27.0 41.5
v -32.5 27.0 43.0
v -32.6 27.0 44.0
v -32.6 27.0 45.0
v -32.6 27.0 46.0
v -32.8 27.0 47.0
v -32.0 27.0 47.8
v -32.0 26.0 48.0
v -32.4 28.0 42.0
v -32.0 28.0 41.5
v -32.5 28.0 43.0
v -32.5 28.0 44.0
v -32.5 28.0 45.0
v -32.5 28.0 46.0
v -32.6 28.0 47.0
v -32.0 27.3 48.0
v -32.3 28.0 48.0
v -32.0 28.0 48.3
v -32.2 29.0 42.0
v -32.0 29.0 41.7
v -32.5 29.0 43.0
v -32.5 29.0 44.0
v -32.5 29.0 45.0
v -32.5 29.0 46.0
v -32.4 29.0 47.0
v -32.2 29.0 48.0
v -32.0 29.0 48.2
v -32.0 29.3 42.0
v -32.2 30.0 43.0
v -32.0 30.0 42.7
v -32.4 30.0 44.0
v -32.4 30.0 45.0
v -32.3 30.0 46.0
v -32.0 30.0 46.4
v -32.0 29.6 47.0
v -32.0 29.2 48.0
v -32.0 30.3 43.0
v -32.0 30.5 44.0
v -32.0 30.5 45.0
v -32.0 30.3 46.0
v -31.5 17.0 47.0
v -31.0 17.0 46.5
v -31.0 16.6 47.0
v -31.0 16.3 48.0
v -31.0 16.4 49.0
v -31.0 16.6 50.0
v -31.5 17.0 50.0
v -31.0 17.0 50.5
v -31.4 18.0 46.0
v -31.0 18.0 45.4
v -31.0 17.5 46.0
v -31.0 17.4 51.0
v -31.0 18.0 51.6
v -31.3 19.0 43.0
v -31.0 19.0 42.6
v -31.0 18.7 43.0
v -31.0 18.5 44.0
v -31.5 19.0 44.0
v -31.0 18.4 45.0
v -31.5 19.0 45.0
v -31.7 19.0 46.0
v -31.0 18.4 52.0
v -31.0 19.0 52.5
v -31.3 20.0 42.0
v -31.0 20.0 41.5
v -31.0 19.6 42.0
v -31.7 20.0 43.0
v -31.0 20.0 52.6
v -31.3 21.0 40.0
v -31.0 21.0 39.7
v -31.0 20.7 40.0
v -31.0 20.4 41.0
v -31.5 21.0 41.0
v -31.7 21.0 42.0
v -31.5 21.0 52.0
v -31.0 21.0 52.3
v -31.5 22.0 40.0
v -31.0 22.0 39.5
v -31.0 21.4 52.0
v -31.0 22.0 51.5
v -31.5 23.0 40.0
v -31.0 23.0 39.5
v -31.0 22.6 51.0
v -31.0 23.0 50.7
v -31.5 24.0 40.0
v -31.0 24.0 39.4
v -31.6 24.0 49.0
v -31.0 24.0 49.6
v -31.0 23.7 50.0
v -31.3 25.0 39.0
v -31.0 25.0 38.6
v -31.0 24.5 39.0
v -31.5 25.0 40.0
v -31.7 25.0 41.0
v -31.7 25.0 48.0
v -31.0 25.0 48.8
v -31.0 24.8 49.0
v -31.4 26.0 39.0
v -31.0 26.0 38.5
v -31.5 26.0 40.0
v -31.6 26.0 41.0
v -31.0 25.3 49.0
v -31.3 26.0 49.0
v -31.0 26.0 49.4
v -31.3 27.0 39.0
v -31.0 27.0 38.6
v -31.5 27.0 40.0
v -31.6 27.0 41.0
v -31.8 27.0 48.0
v -31.4 27.0 49.0
v -31.0 27.0 49.4
v -31.0 27.5 39.0
v -31.3 28.0 40.0
v -31.0 28.0 39.5
v -31.6 28.0 41.0
v -31.3 28.0 49.0
v -31.0 28.0 49.2
v -31.0 28.5 40.0
v -31.4 29.0 41.0
v -31.0 29.0 40.5
v -31.0 28.3 49.0
v -31.0 29.0 48.5
v -31.0 29.4 41.0
v -31.0 29.8 42.0
v -31.0 30.0 42.2
v -31.5 30.0 47.0
v -31.0 30.0 47.4
v -31.0 29.5 48.0
v -31.3 31.0 43.0
v -31.0 31.0 42.7
v -31.6 31.0 44.0
v -31.5 31.0 45.0
v -31.3 31.0 46.0
v -31.0 31.0 46.4
v -31.0 30.5 47.0
v -31.0 31.4 43.0
v -31.1 32.0 44.0
v -31.0 32.0 43.7
v -31.0 32.0 44.3
v -31.0 31.6 45.0
v -31.0 31.3 46.0
v -31.0 32.2 44.0
v -30.3 16.0 47.0
v -30.0 16.0 46.7
v -30.0 15.7 47.0
v -30.0 15.5 48.0
v -30.6 16.0 48.0
v -30.0 15.6 49.0
v -30.5 16.0 49.0
v -30.0 15.7 50.0
v -30.3 16.0 50.0
v -30.0 16.0 50.4
v -30.3 17.0 45.0
v -30.0 17.0 44.6
v -30.0 16.8 45.0
v -30.0 16.5 46.0
v -30.6 17.0 46.0
v -30.0 16.6 51.0
v -30.5 17.0 51.0
v -30.0 17.0 51.5
v -30.4 18.0 43.0
v -30.0 18.0 42.5
v -30.0 17.6 43.0
v -30.0 17.4 44.0
v -30.5 18.0 44.0
v -30.7 18.0 45.0
v -30.0 17.5 52.0
v -30.5 18.0 52.0
v -30.0 18.0 52.5
v -30.5 19.0 42.0
v -30.0 19.0 41.4
v -30.0 18.5 42.0
v -30.0 18.6 53.0
v -30.3 19.0 53.0
v -30.0 19.0 53.3
v -30.3 20.0 39.0
v -30.0 20.0 38.7
v -30.0 19.7 39.0
v -30.0 19.5 40.0
v -30.5 20.0 40.0
v -30.0 19.3 41.0
v -30.6 20.0 41.0
v -30.4 20.0 53.0
v -30.0 20.0 53.3
v -30.5 21.0 39.0
v -30.0 21.0 38.5
v -30.0 20.4 53.0
v -30.0 21.0 52.6
v -30.5 22.0 39.0
v -30.0 22.0 38.4
v -30.0 21.7 52.0
v -30.0 22.0 51.7
v -30.3 23.0 38.0
v -30.0 23.0 37.6
v -30.0 22.5 38.0
v -30.6 23.0 39.0
v -30.6 23.0 51.0
v -30.0 23.0 51.4
v -30.3 24.0 37.0
v -30.0 24.0 36.7
v -30.0 23.6 37.0
v -30.5 24.0 38.0
v -30.7 24.0 39.0
v -30.7 24.0 50.0
v -30.4 24.0 51.0
v -30.0 24.0 51.4
v -30.4 25.0 37.0
v -30.0 25.0 36.5
v -30.6 25.0 38.0
v -30.9 25.0 49.0
v -30.5 25.0 50.0
v -30.2 25.0 51.0
v -30.0 25.0 51.2
v -30.4 26.0 37.0
v -30.0 26.0 36.5
v -30.6 26.0 38.0
v -30.3 26.0 50.0
v -30.0 26.0 50.3
v -30.0 25.3 51.0
v -30.3 27.0 37.0
v -30.0 27.0 36.6
v -30.6 27.0 38.0
v -30.0 26.4 50.0
v -30.0 27.0 49.6
v -30.0 27.5 37.0
v -30.3 28.0 38.0
v -30.0 28.0 37.5
v -30.7 28.0 39.0
v -30.0 28.0 49.4
v -30.0 28.5 38.0
v -30.4 29.0 39.0
v -30.0 29.0 38.4
v -30.6 29.0 40.0
v -30.0 28.6 49.0
v -30.0 29.0 48.6
v -30.0 30.0 39.0
v -30.0 30.0 38.9
v -30.0 30.0 39.1
v -30.0 29.6 40.0
v -30.3 30.0 41.0
v -30.0 30.0 40.5
v -30.7 30.0 42.0
v -30.0 29.7 48.0
v -30.0 30.0 47.7
v -30.0 30.0 39.0
v -30.0 30.4 41.0
v -30.0 30.7 42.0
v -30.0 31.0 42.2
v -30.4 31.0 47.0
v -30.0 31.0 47.3
v -30.6 32.0 43.0
v -30.0 32.0 42.5
v -30.5 32.0 45.0
v -30.0 32.0 45.6
v -30.0 31.7 46.0
v -30.0 31.3 47.0
v -30.1 33.0 43.0
v -30.0 33.0 42.9
v -30.3 33.0 44.0
v -30.0 33.0 44.4
v -30.0 32.5 45.0
v -30.0 33.1 43.0
v -30.0 33.3 44.0
v -29.2 15.0 48.0
v -29.0 15.0 47.7
v -29.0 14.8 48.0
v -29.0 15.0 48.5
v -29.3 15.0 50.0
v -29.0 15.0 49.4
v -29.0 14.8 50.0
v -29.0 14.9 51.0
v -29.1 15.0 51.0
v -29.0 15.0 51.1
v -29.0 16.0 46.3
v -29.0 15.4 47.0
v -29.0 15.2 49.0
v -29.0 15.7 51.0
v -29.0 16.0 51.0
v -29.3 17.0 43.0
v -29.0 17.0 42.7
v -29.0 16.8 43.0
v -29.0 16.6 44.0
v -29.6 17.0 44.0
v -29.0 16.5 45.0
v -29.0 16.3 46.0
v -29.0 16.0 51.0
v -29.0 16.5 52.0
v -29.5 17.0 52.0
v -29.0 17.0 52.5
v -29.3 18.0 41.0
v -29.0 18.0 40.6
v -29.0 17.8 41.0
v -29.0 17.5 42.0
v -29.6 18.0 42.0
v -29.0 17.5 53.0
v -29.5 18.0 53.0
v -29.0 18.0 53.4
v -29.3 19.0 39.0
v -29.0 19.0 38.6
v -29.0 18.7 39.0
v -29.0 18.4 40.0
v -29.5 19.0 40.0
v -29.7 19.0 41.0
v -29.0 19.0 53.6
v -29.3 20.0 38.0
v -29.0 20.0 37.7
v -29.0 19.6 38.0
v -29.0 20.0 53.6
v -29.5 21.0 38.0
v -29.0 21.0 37.6
v -29.5 21.0 53.0
v -29.0 21.0 53.3
v -29.6 22.0 38.0
v -29.0 22.0 37.4
v -29.6 22.0 52.0
v -29.0 22.0 52.5
v -29.0 21.4 53.0
v -29.5 23.0 37.0
v -29.0 23.0 36.5
v -29.0 22.5 37.0
v -29.0 22.4 52.0
v -29.0 23.0 51.6
v -29.4 24.0 36.0
v -29.0 24.0 35.6
v -29.0 23.6 36.0
v -29.0 24.0 51.5
v -29.2 25.0 35.0
v -29.0 25.0 34.7
v -29.0 24.7 35.0
v -29.6 25.0 36.0
v -29.0 25.0 51.4
v -29.4 26.0 35.0
v -29.0 26.0 34.5
v -29.6 26.0 36.0
v -29.0 25.6 51.0
v -29.0 26.0 50.6
v -29.3 27.0 35.0
v -29.0 27.0 34.6
v -29.6 27.0 36.0
v -29.0 26.7 50.0
v -29.0 27.0 49.8
v -29.0 27.5 35.0
v -29.4 28.0 36.0
v -29.0 28.0 35.4
v -29.7 28.0 37.0
v -29.0 28.0 49.6
v -29.3 29.0 36.0
v -29.0 29.0 35.6
v -29.5 29.0 37.0
v -29.7 29.0 38.0
v -29.5 29.0 49.0
v -29.0 29.0 49.3
v -29.0 29.5 36.0
v -29.3 30.0 37.0
v -29.0 30.0 36.5
v -29.5 30.0 38.0
v -29.0 30.0 40.0
v -29.6 30.0 48.0
v -29.0 30.0 48.5
v -29.0 29.4 49.0
v -29.0 30.4 37.0
v -29.0 30.9 38.0
v -29.0 30.5 39.0
v -29.0 30.0 40.0
v -29.5 31.0 41.0
v -29.0 31.0 40.5
v -29.8 31.0 42.0
v -29.0 30.6 48.0
v -29.0 31.0 47.7
v -29.3 32.0 41.0
v -29.0 32.0 40.7
v -29.6 32.0 42.0
v -29.7 32.0 46.0
v -29.3 32.0 47.0
v -29.0 32.0 47.2
v -29.0 32.4 41.0
v -29.0 33.0 42.0
v -29.0 33.0 42.0
v -29.5 33.0 45.0
v -29.0 33.0 45.5
v -29.0 32.6 46.0
v -29.0 32.2 47.0
v -29.0 33.0 42.0
v -29.0 33.1 43.0
v -29.2 34.0 44.0
v -29.0 34.0 43.8
v -29.0 34.0 44.3
v -29.0 33.5 45.0
v -29.0 34.2 44.0
v -28.4 15.0 47.0
v -28.0 15.0 46.7
v -28.0 14.7 47.0
v -28.0 14.5 48.0
v -28.0 14.6 49.0
v -28.8 15.0 49.0
v -28.0 14.6 50.0
v -28.0 14.6 51.0
v -28.0 14.8 52.0
v -28.3 15.0 52.0
v -28.0 15.0 52.4
v -28.6 16.0 46.0
v -28.0 16.0 45.5
v -28.0 15.6 46.0
v -29.0 16.0 51.0
v -28.6 16.0 52.0
v -28.0 15.5 53.0
v -28.4 16.0 53.0
v -28.0 16.0 54.0
v -28.0 16.0 54.0
v -28.0 16.0 54.0
v -28.0 17.0 42.6
v -28.0 16.7 43.0
v -28.0 16.5 44.0
v -28.0 16.3 45.0
v -28.7 17.0 53.0
v -28.4 17.0 54.0
v -28.0 17.0 54.4
v -28.5 18.0 40.0
v -28.0 18.0 39.5
v -28.0 17.7 40.0
v -28.0 17.5 41.0
v -28.0 17.4 42.0
v -28.6 18.0 54.0
v -28.0 17.9 55.0
v -28.1 18.0 55.0
v -28.0 18.0 55.1
v -28.4 19.0 38.0
v -28.0 19.0 37.8
v -28.0 18.7 38.0
v -28.0 18.3 39.0
v -28.5 19.0 54.0
v -28.0 19.0 54.6
v -28.0 18.1 55.0
v -28.0 20.0 37.5
v -28.4 20.0 54.0
v -28.0 20.0 54.4
v -28.0 21.0 37.4
v -28.0 20.4 54.0
v -28.0 21.0 53.6
v -28.5 22.0 37.0
v -28.0 22.0 36.6
v -28.0 21.6 37.0
v -28.2 22.0 53.0
v -28.0 22.0 53.1
v -28.4 23.0 36.0
v -28.0 23.0 35.7
v -28.0 22.7 36.0
v -28.0 22.8 52.0
v -28.0 23.0 51.8
v -28.0 22.1 53.0
v -28.0 24.0 35.4
v -28.0 24.0 51.6
v -28.3 25.0 34.0
v -28.0 25.0 33.8
v -28.0 24.8 34.0
v -28.0 24.4 35.0
v -28.0 25.0 51.6
v -28.5 26.0 34.0
v -28.0 26.0 33.5
v -28.5 26.0 51.0
v -28.0 26.0 51.4
v -28.5 27.0 34.0
v -28.0 27.0 33.1
v -28.7 27.0 50.0
v -28.0 27.0 50.7
v -28.0 26.6 51.0
v -28.4 28.0 34.0
v -28.0 28.0 33.5
v -28.7 28.0 35.0
v -28.4 28.0 50.0
v -28.0 28.0 50.4
v -28.2 29.0 34.0
v -28.0 29.0 33.7
v -28.6 29.0 35.0
v -28.0 28.6 50.0
v -28.0 29.0 49.7
v -28.0 29.4 34.0
v -28.3 30.0 35.0
v -28.0 30.0 34.6
v -28.7 30.0 36.0
v -28.5 30.0 49.0
v -28.0 30.0 49.4
v -28.0 30.4 35.0
v -28.3 31.0 36.0
v -28.0 31.0 35.6
v -28.4 31.0 37.0
v -28.0 31.0 37.8
v -28.0 30.9 38.0
v -28.0 30.8 39.0
v -28.6 31.0 40.0
v -28.0 31.0 39.2
v -28.5 31.0 48.0
v -28.0 31.0 48.4
v -28.0 30.5 49.0
v -28.0 31.2 36.0
v -28.0 31.3 37.0
v -28.4 32.0 40.0
v -28.0 32.0 39.6
v -28.0 31.4 48.0
v -28.0 32.0 47.3
v -28.0 32.5 40.0
v -28.3 33.0 41.0
v -28.0 33.0 40.6
v -28.5 33.0 46.0
v -28.0 33.0 46.4
v -28.0 32.3 47.0
v -28.0 33.3 41.0
v -28.0 33.2 42.0
v -28.4 34.0 43.0
v -28.0 34.0 42.5
v -28.6 34.0 45.0
v -28.0 34.0 45.5
v -28.0 33.4 46.0
v -28.0 34.5 43.0
v -28.3 35.0 44.0
v -28.0 35.0 43.6
v -28.0 35.0 45.0
v -28.0 35.0 45.0
v -28.0 35.2 44.0
v -28.0 35.0 45.0
v -27.0 13.0 55.0
v -27.0 13.0 55.0
v -27.0 13.0 55.0
v -27.0 12.7 56.0
v -27.2 13.0 56.0
v -27.0 13.0 56.4
v -27.0 13.1 55.0
v -27.4 14.0 56.0
v -27.0 14.0 55.3
v -27.0 13.8 57.0
v -27.1 14.0 57.0
v -27.0 14.0 57.2
v -27.0 15.0 46.5
v -27.0 14.6 47.0
v -27.0 14.5 48.0
v -27.0 14.6 49.0
v -27.2 15.0 50.0
v -27.0 15.0 49.8
v -27.4 15.0 51.0
v -27.0 15.0 51.3
v -27.0 14.6 52.0
v -27.0 14.7 53.0
v -27.4 15.0 53.0
v -27.0 15.0 53.5
v -27.2 15.0 55.0
v -27.0 15.0 54.7
v -27.0 14.6 55.0
v -27.4 15.0 56.0
v -27.0 15.0 56.5
v -27.0 14.3 57.0
v -27.3 16.0 45.0
v -27.0 16.0 44.8
v -27.0 15.8 45.0
v -27.0 15.4 46.0
v -27.0 15.1 50.0
v -27.0 15.2 51.0
v -27.0 16.0 54.0
v -27.5 16.0 54.0
v -27.0 15.4 55.0
v -27.1 16.0 56.0
v -27.0 16.0 55.7
v -27.0 16.0 56.1
v -27.5 17.0 43.0
v -27.0 17.0 43.4
v -27.0 16.5 44.0
v -27.0 16.0 54.0
v -27.0 17.0 54.7
v -27.0 16.2 56.0
v -27.3 18.0 39.0
v -27.0 18.0 38.8
v -27.0 17.8 39.0
v -27.0 17.5 40.0
v -27.0 17.5 41.0
v -27.0 17.5 42.0
v -27.0 17.3 43.0
v -27.0 17.3 55.0
v -27.0 18.0 55.4
v -27.0 19.0 37.6
v -27.0 18.6 38.0
v -27.6 19.0 55.0
v -27.0 19.0 55.6
v -27.0 20.0 37.5
v -27.4 20.0 55.0
v -27.0 20.0 56.0
v -27.0 20.0 56.0
v -27.0 20.0 56.0
v -27.0 21.0 37.3
v -27.0 20.6 54.0
v -27.0 21.0 53.5
v -27.0 20.4 55.0
v -27.0 20.0 56.0
v -27.0 22.0 36.5
v -27.0 21.4 37.0
v -27.8 22.0 53.0
v -27.0 21.6 53.0
v -27.0 22.0 52.6
v -27.0 23.0 35.5
v -27.0 22.5 36.0
v -27.5 23.0 52.0
v -27.0 23.0 52.3
v -27.0 24.0 35.2
v -27.3 24.0 52.0
v -27.0 24.0 52.2
v -27.0 25.0 33.6
v -27.0 24.6 34.0
v -27.0 24.2 35.0
v -27.3 25.0 52.0
v -27.0 25.0 52.2
v -27.0 26.0 33.4
v -27.3 26.0 52.0
v -27.0 26.0 52.3
v -27.0 27.0 33.2
v -27.7 27.0 51.0
v -27.4 27.0 52.0
v -27.0 27.0 52.4
v -27.3 28.0 33.0
v -27.0 28.0 32.8
v -27.0 27.5 33.0
v -27.6 28.0 51.0
v -27.2 28.0 52.0
v -27.0 28.0 52.3
v -27.0 28.4 33.0
v -27.0 29.0 33.3
v -27.7 29.0 50.0
v -27.4 29.0 51.0
v -27.0 29.0 51.4
v -27.0 28.3 52.0
v -27.5 30.0 34.0
v -27.0 30.0 33.6
v -27.6 30.0 46.0
v -27.0 29.7 46.0
v -27.0 30.0 45.7
v -27.2 30.0 47.0
v -27.0 29.8 47.0
v -27.0 30.0 47.2
v -27.5 30.0 50.0
v -27.0 30.0 51.0
v -27.0 30.0 51.0
v -27.0 30.5 34.0
v -27.4 31.0 35.0
v -27.0 31.0 34.6
v -27.9 31.0 38.0
v -27.8 31.0 39.0
v -27.2 31.0 46.0
v -27.0 31.0 45.8
v -27.4 31.0 47.0
v -27.0 31.0 47.6
v -27.4 31.0 49.0
v -27.0 31.0 49.4
v -27.0 30.6 50.0
v -27.0 30.0 51.0
v -27.0 31.3 35.0
v -27.0 31.4 36.0
v -27.0 31.7 37.0
v -27.3 32.0 38.0
v -27.0 32.0 37.5
v -27.6 32.0 39.0
v -27.0 31.3 46.0
v -27.0 32.0 46.4
v -27.6 32.0 47.0
v -27.0 31.3 48.0
v -27.0 31.3 49.0
v -27.0 32.5 38.0
v -27.4 33.0 39.0
v -27.0 33.0 38.4
v -27.7 33.0 40.0
v -27.0 33.0 46.4
v -27.3 34.0 39.0
v -27.0 34.0 38.6
v -27.5 34.0 40.0
v -27.5 34.0 41.0
v -27.6 34.0 42.0
v -27.0 33.6 46.0
v -27.0 34.0 45.6
v -27.0 34.4 39.0
v -27.1 35.0 40.0
v -27.0 35.0 39.7
v -27.0 35.0 40.5
v -27.0 34.8 41.0
v -27.2 35.0 42.0
v -27.0 35.0 41.4
v -27.4 35.0 43.0
v -28.0 35.0 45.0
v -27.0 34.6 45.0
v -27.0 35.0 44.4
v -27.0 35.2 40.0
v -27.0 35.2 42.0
v -27.0 35.3 43.0
v -27.0 35.2 44.0
v -26.3 12.0 56.0
v -26.0 12.0 55.7
v -26.0 11.8 56.0
v -26.0 11.8 57.0
v -26.2 12.0 57.0
v -26.0 12.0 57.3
v -26.0 13.0 54.7
v -26.0 12.6 55.0
v -26.6 13.0 57.0
v -26.0 13.0 57.6
v -26.7 14.0 55.0
v -26.0 14.0 54.5
v -26.0 13.8 58.0
v -26.1 14.0 58.0
v -26.0 14.0 58.1
v -26.0 15.0 46.5
v -26.0 14.6 47.0
v -26.0 14.5 48.0
v -26.0 14.5 49.0
v -26.0 14.8 50.0
v -26.6 15.0 50.0
v -26.0 15.0 50.3
v -26.0 15.0 51.4
v -26.0 14.6 52.0
v -26.0 14.5 53.0
v -26.0 14.5 54.0
v -26.6 15.0 54.0
v -26.6 15.0 57.0
v -26.0 15.0 57.5
v -26.0 14.1 58.0
v -26.7 16.0 45.0
v -26.0 16.0 45.4
v -26.0 15.5 46.0
v -26.0 15.3 51.0
v -27.0 16.0 54.0
v -26.8 16.0 55.0
v -26.3 16.0 57.0
v -26.0 16.0 57.2
v -26.0 17.0 43.4
v -26.0 16.6 44.0
v -26.0 16.3 45.0
v -26.8 17.0 55.0
v -26.4 17.0 56.0
v -26.0 17.0 56.4
v -26.0 16.3 57.0
v -26.7 18.0 39.0
v -26.0 18.0 39.4
v -26.0 17.6 40.0
v -26.0 17.5 41.0
v -26.0 17.5 42.0
v -26.0 17.3 43.0
v -26.0 17.7 56.0
v -26.0 18.0 55.8
v -26.0 19.0 37.6
v -26.0 18.6 38.0
v -26.0 18.3 39.0
v -26.0 18.4 56.0
v -26.4 19.0 56.0
v -26.0 19.0 56.3
v -26.0 20.0 37.4
v -26.0 20.0 56.2
v -26.3 21.0 37.0
v -26.0 21.0 36.8
v -26.0 20.8 37.0
v -26.0 20.6 54.0
v -26.0 21.0 53.5
v -26.0 20.4 55.0
v -26.0 20.2 56.0
v -26.0 22.0 36.3
v -26.1 22.0 52.0
v -26.0 21.9 52.0
v -26.0 22.0 51.9
v -26.0 21.4 53.0
v -26.3 23.0 35.0
v -26.0 23.0 34.8
v -26.0 22.8 35.0
v -26.0 22.3 36.0
v -26.6 23.0 52.0
v -26.0 23.0 51.5
v -26.7 24.0 35.0
v -26.0 24.0 34.5
v -26.7 24.0 52.0
v -26.0 24.0 51.5
v -26.0 25.0 33.5
v -26.0 24.5 34.0
v -26.7 25.0 52.0
v -26.0 25.0 51.5
v -26.4 26.0 33.0
v -26.0 26.0 32.7
v -26.0 25.7 33.0
v -26.3 26.0 52.0
v -26.0 26.0 51.9
v -26.8 27.0 33.0
v -26.0 27.0 32.6
v -26.0 26.1 52.0
v -26.0 27.0 53.0
v -26.0 27.0 53.0
v -26.0 27.0 53.0
v -26.0 28.0 32.4
v -26.0 28.0 53.0
v -26.0 28.0 53.0
v -26.6 29.0 33.0
v -26.0 29.0 32.5
v -26.0 28.7 52.0
v -26.0 29.0 51.7
v -26.0 28.0 53.0
v -26.5 30.0 33.0
v -26.0 30.0 32.5
v -26.0 29.7 46.0
v -26.0 30.0 45.2
v -26.0 29.7 47.0
v -26.0 30.0 47.4
v -26.8 30.0 51.0
v -26.0 29.9 51.0
v -26.0 30.0 50.9
v -26.2 31.0 33.0
v -26.0 31.0 32.7
v -26.6 31.0 34.0
v -26.0 31.0 45.8
v -26.0 30.6 48.0
v -26.6 31.0 48.0
v -26.0 31.0 48.6
v -26.4 31.0 50.0
v -26.0 31.0 50.3
v -26.0 31.2 33.0
v -26.0 31.4 34.0
v -26.0 31.4 35.0
v -26.0 31.3 36.0
v -26.6 32.0 37.0
v -26.0 32.0 36.4
v -26.1 32.0 44.0
v -26.0 31.9 44.0
v -26.0 32.0 43.9
v -26.2 32.0 45.0
v -26.0 31.7 45.0
v -26.5 32.0 46.0
v -26.0 31.3 49.0
v -26.0 31.2 50.0
v -26.4 33.0 37.0
v -26.0 33.0 36.6
v -26.7 33.0 38.0
v -26.2 33.0 44.0
v -26.0 33.0 43.8
v -26.0 33.0 44.4
v -26.0 32.5 45.0
v -26.0 32.7 46.0
v -26.0 33.0 46.2
v -26.2 34.0 37.0
v -26.0 34.0 36.8
v -26.6 34.0 38.0
v -26.3 34.0 44.0
v -26.0 34.0 43.7
v -26.0 34.0 44.6
v -26.0 34.0 46.0
v -26.0 34.0 46.0
v -26.0 34.3 37.0
v -26.4 35.0 38.0
v -26.0 35.0 37.6
v -26.6 35.0 39.0
v -26.8 35.0 41.0
v -26.5 35.0 43.0
v -26.0 34.6 43.0
v -26.0 35.0 42.6
v -26.8 35.0 44.0
v -26.0 34.2 45.0
v -26.0 36.0 38.0
v -26.0 36.0 38.0
v -26.0 36.0 38.0
v -26.0 35.7 39.0
v -26.3 36.0 40.0
v -26.0 36.0 39.4
v -26.2 36.0 41.0
v -26.0 35.5 42.0
v -26.0 36.0 41.3
v -26.0 36.0 38.0
v -26.0 36.3 40.0
v -26.0 36.2 41.0
v -25.0 12.0 55.5
v -25.0 11.6 56.0
v -25.0 11.5 57.0
v -25.0 11.8 58.0
v -25.3 12.0 58.0
v -25.0 12.0 58.2
v -25.0 13.0 54.6
v -25.0 12.5 55.0
v -25.6 13.0 58.0
v -25.0 13.0 58.4
v -25.0 14.0 54.3
v -25.0 14.0 58.4
v -25.0 15.0 46.7
v -25.0 14.8 47.0
v -25.0 14.6 48.0
v -25.0 14.7 49.0
v -25.7 15.0 50.0
v -25.0 15.0 49.5
v -25.0 15.0 51.3
v -25.0 14.6 52.0
v -25.0 14.5 53.0
v -25.0 14.3 54.0
v -25.0 14.6 58.0
v -25.0 15.0 57.7
v -25.0 16.0 45.6
v -25.0 15.7 46.0
v -25.0 15.3 50.0
v -25.0 15.2 51.0
v -25.0 16.0 57.4
v -25.5 17.0 43.0
v -25.0 17.0 42.5
v -25.0 16.7 43.0
v -25.0 16.5 44.0
v -25.0 16.4 45.0
v -25.0 16.5 57.0
v -25.0 17.0 56.6
v -25.0 18.0 39.5
v -25.0 17.6 40.0
v -25.0 17.5 41.0
v -25.0 17.3 42.0
v -25.7 18.0 56.0
v -25.0 18.0 56.3
v -25.0 19.0 37.8
v -25.0 18.8 38.0
v -25.0 18.5 39.0
v -25.0 19.0 56.2
v -25.0 20.0 37.6
v -25.4 20.0 55.0
v -25.0 19.7 55.0
v -25.0 20.0 54.5
v -25.8 20.0 56.0
v -25.0 19.3 56.0
v -25.4 21.0 37.0
v -25.0 21.0 37.1
v -25.0 20.4 54.0
v -25.0 21.0 53.3
v -25.5 22.0 36.0
v -25.0 22.0 35.6
v -25.0 21.7 36.0
v -25.0 21.1 37.0
v -25.7 22.0 52.0
v -25.0 22.0 52.2
v -25.0 21.3 53.0
v -25.0 23.0 34.6
v -25.0 22.6 35.0
v -25.1 23.0 51.0
v -25.0 22.9 51.0
v -25.0 23.0 50.9
v -25.0 22.1 52.0
v -25.0 24.0 34.4
v -25.4 24.0 51.0
v -25.0 24.0 50.6
v -25.0 25.0 33.4
v -25.0 24.4 34.0
v -25.3 25.0 51.0
v -25.0 25.0 50.7
v -25.0 26.0 32.6
v -25.0 25.4 33.0
v -25.0 25.3 51.0
v -25.0 26.0 52.0
v -25.2 26.0 52.0
v -25.0 26.0 52.0
v -25.0 27.0 32.3
v -25.0 27.0 52.4
v -26.0 27.0 53.0
v -25.4 28.0 32.0
v -25.0 28.0 31.7
v -25.0 27.5 32.0
v -26.0 28.0 53.0
v -25.0 28.0 52.4
v -25.5 29.0 32.0
v -25.0 29.0 31.6
v -25.4 29.0 52.0
v -25.0 29.0 52.2
v -25.5 30.0 32.0
v -25.0 30.0 31.6
v -25.5 30.0 46.0
v -25.0 30.0 46.8
v -25.0 29.9 47.0
v -25.0 30.0 47.2
v -25.9 30.0 51.0
v -25.0 30.0 52.0
v -25.0 30.0 52.0
v -25.3 31.0 32.0
v -25.0 31.0 31.7
v -25.0 30.5 46.0
v -25.0 31.0 45.5
v -25.0 30.4 48.0
v -25.3 31.0 49.0
v -25.0 30.9 49.0
v -25.0 31.0 49.2
v -25.2 31.0 51.0
v -25.0 31.0 51.1
v -25.0 30.0 52.0
v -25.0 31.3 32.0
v -25.0 31.6 33.0
v -25.0 31.5 34.0
v -25.0 31.7 35.0
v -25.6 32.0 36.0
v -25.0 32.0 35.4
v -25.0 31.8 44.0
v -25.0 32.0 43.8
v -25.0 31.4 45.0
v -25.0 31.4 50.0
v -25.0 31.1 51.0
v -25.2 33.0 36.0
v -25.0 33.0 35.9
v -25.0 33.0 43.5
v -25.8 33.0 45.0
v -25.8 33.0 46.0
v -25.0 33.1 36.0
v -25.0 34.0 36.7
v -25.0 34.0 43.4
v -25.8 34.0 45.0
v -25.0 34.4 37.0
v -25.0 35.0 37.5
v -25.0 34.4 43.0
v -25.0 35.0 42.4
v -25.0 36.0 37.9
v -25.5 36.0 39.0
v -25.0 35.3 42.0
v -25.0 36.0 41.3
v -25.0 36.1 38.0
v -25.0 36.2 39.0
v -25.0 36.3 40.0
v -25.0 36.2 41.0
v -24.0 12.0 55.5
v -24.0 11.6 56.0
v -24.0 11.5 57.0
v -24.0 11.7 58.0
v -24.0 12.0 58.3
v -24.0 13.0 54.5
v -24.0 12.5 55.0
v -24.0 13.0 58.5
v -24.0 14.0 54.2
v -24.0 14.0 58.5
v -24.8 15.0 47.0
v -24.5 15.0 48.0
v -24.6 15.0 49.0
v -24.5 15.0 51.0
v -24.0 15.0 50.6
v -24.0 14.7 51.0
v -24.0 14.5 52.0
v -24.0 14.4 53.0
v -24.0 14.2 54.0
v -24.5 15.0 58.0
v -24.0 15.0 58.3
v -24.6 16.0 46.0
v -24.2 16.0 47.0
v -24.0 16.0 47.3
v -24.0 15.5 48.0
v -24.0 15.4 49.0
v -24.0 15.4 50.0
v -24.0 15.5 58.0
v -24.0 16.0 57.6
v -24.2 17.0 42.0
v -24.0 17.0 41.9
v -24.0 16.9 42.0
v -24.0 16.6 43.0
v -24.0 16.5 44.0
v -24.0 16.5 45.0
v -24.0 16.4 46.0
v -24.0 16.2 47.0
v -24.0 16.6 57.0
v -24.0 17.0 56.6
v -24.0 18.0 39.8
v -24.0 17.8 40.0
v -24.0 17.5 41.0
v -24.4 18.0 56.0
v -24.0 17.7 56.0
v -24.0 18.0 55.7
v -24.8 19.0 38.0
v -24.4 19.0 39.0
v -24.0 19.0 39.4
v -24.7 19.0 56.0
v -24.0 19.0 55.4
v -24.4 20.0 38.0
v -24.0 20.0 38.4
v -24.0 19.4 39.0
v -24.6 20.0 54.0
v -24.0 19.2 54.0
v -24.0 20.0 53.4
v -24.0 19.3 55.0
v -24.6 21.0 37.0
v -24.0 21.0 36.8
v -24.0 20.8 37.0
v -24.0 20.3 38.0
v -24.3 21.0 52.0
v -24.0 20.7 52.0
v -24.0 21.0 51.7
v -24.7 21.0 53.0
v -24.0 20.3 53.0
v -24.0 22.0 35.5
v -24.0 21.5 36.0
v -24.8 22.0 52.0
v -24.0 22.0 51.6
v -24.0 23.0 34.6
v -24.0 22.5 35.0
v -24.8 23.0 51.0
v -24.0 23.0 51.3
v -24.0 24.0 34.4
v -24.0 23.4 51.0
v -24.0 24.0 50.6
v -24.2 25.0 33.0
v -24.0 25.0 32.9
v -24.0 24.9 33.0
v -24.0 24.4 34.0
v -24.0 25.0 50.5
v -24.0 26.0 32.4
v -24.5 26.0 51.0
v -24.0 26.0 50.6
v -25.0 26.0 52.0
v -24.5 27.0 32.0
v -24.0 27.0 31.7
v -24.0 26.6 32.0
v -24.4 27.0 51.0
v -24.0 27.0 50.6
v -24.6 27.0 52.0
v -24.0 28.0 31.5
v -24.4 28.0 51.0
v -24.0 28.0 50.2
v -24.6 28.0 52.0
v -24.0 29.0 31.5
v -24.3 29.0 51.0
v -24.0 29.0 50.7
v -24.8 29.0 52.0
v -24.0 30.0 31.4
v -24.9 30.0 47.0
v -24.0 29.6 51.0
v -24.0 30.0 51.2
v -25.0 30.0 52.0
v -24.0 31.0 31.0
v -24.0 31.0 31.0
v -24.0 31.0 31.0
v -24.5 31.0 46.0
v -24.0 31.0 46.4
v -24.0 30.5 47.0
v -24.0 30.6 48.0
v -24.7 31.0 49.0
v -24.0 31.0 48.6
v -24.8 31.0 51.0
v -24.0 30.4 51.0
v -24.0 31.0 50.6
v -24.0 31.0 31.0
v -24.0 31.6 32.0
v -24.2 32.0 33.0
v -24.0 32.0 32.8
v -24.0 32.0 33.6
v -24.0 31.9 34.0
v -24.6 32.0 35.0
v -24.0 32.0 34.2
v -24.6 32.0 44.0
v -24.0 32.0 44.4
v -24.0 31.6 45.0
v -24.0 31.3 46.0
v -24.0 31.5 49.0
v -24.1 32.0 50.0
v -24.0 32.0 49.9
v -24.0 32.0 50.1
v -24.0 32.2 33.0
v -24.0 32.4 35.0
v -24.0 32.7 36.0
v -24.7 33.0 36.0
v -24.0 33.0 36.3
v -24.0 32.5 44.0
v -24.0 33.0 43.7
v -24.0 32.1 50.0
v -24.5 34.0 37.0
v -24.0 33.6 37.0
v -24.0 34.0 37.4
v -24.0 34.0 43.4
v -24.4 35.0 38.0
v -24.0 34.7 38.0
v -24.2 35.0 39.0
v -24.0 34.8 39.0
v -24.3 35.0 40.0
v -24.0 34.7 40.0
v -24.4 35.0 41.0
v -24.0 34.6 41.0
v -24.6 35.0 42.0
v -24.0 34.6 42.0
v -24.0 34.4 43.0
v -24.9 36.0 38.0
v -24.7 36.0 39.0
v -24.7 36.0 40.0
v -24.8 36.0 41.0
v -23.0 12.0 55.4
v -23.0 11.6 56.0
v -23.0 11.5 57.0
v -23.0 11.8 58.0
v -23.0 12.0 58.2
v -23.3 13.0 54.0
v -23.0 13.0 53.7
v -23.0 12.7 54.0
v -23.0 12.3 55.0
v -23.0 13.0 58.5
v -23.4 14.0 53.0
v -23.0 14.0 52.5
v -23.0 13.6 53.0
v -23.8 14.0 54.0
v -23.0 14.0 58.5
v -23.0 15.0 50.5
v -23.0 14.6 51.0
v -23.0 14.3 52.0
v -23.0 15.0 58.5
v -23.0 16.0 47.5
v -23.0 15.6 48.0
v -23.0 15.5 49.0
v -23.0 15.4 50.0
v -23.4 16.0 58.0
v -23.0 16.0 58.3
v -23.9 17.0 42.0
v -23.4 17.0 43.0
v -23.0 17.0 43.4
v -23.0 16.6 44.0
v -23.0 16.4 45.0
v -23.0 16.4 46.0
v -23.0 16.4 47.0
v -23.5 17.0 57.0
v -23.0 17.0 57.3
v -23.0 16.3 58.0
v -23.8 18.0 40.0
v -23.4 18.0 41.0
v -23.0 18.0 41.5
v -23.0 17.6 42.0
v -23.0 17.3 43.0
v -23.0 17.7 56.0
v -23.0 18.0 55.8
v -23.0 17.3 57.0
v -23.4 19.0 40.0
v -23.0 19.0 40.5
v -23.0 18.5 41.0
v -23.1 19.0 53.0
v -23.0 18.7 53.0
v -23.0 19.0 52.9
v -23.0 19.0 53.1
v -23.0 19.0 55.3
v -23.4 20.0 39.0
v -23.0 20.0 39.5
v -23.0 19.5 40.0
v -23.1 20.0 51.0
v -23.0 19.8 51.0
v -23.0 20.0 50.9
v -23.4 20.0 52.0
v -23.0 19.5 52.0
v -23.6 20.0 53.0
v -23.0 19.4 54.0
v -23.0 19.3 55.0
v -23.7 21.0 37.0
v -23.0 21.0 37.5
v -23.0 20.7 38.0
v -23.0 20.3 39.0
v -23.1 21.0 51.0
v -23.0 21.0 50.9
v -23.0 22.0 35.7
v -23.0 21.7 36.0
v -23.0 21.3 37.0
v -23.0 21.1 51.0
v -23.0 22.0 51.5
v -23.0 23.0 34.7
v -23.0 22.7 35.0
v -23.0 23.0 51.4
v -23.0 24.0 34.4
v -23.0 23.6 51.0
v -23.0 24.0 50.7
v -23.8 25.0 33.0
v -23.0 25.0 33.4
v -23.0 24.5 34.0
v -23.0 25.0 50.5
v -23.0 26.0 32.5
v -23.0 25.4 33.0
v -23.0 26.0 50.5
v -23.0 27.0 31.6
v -23.0 26.5 32.0
v -23.0 27.0 50.5
v -23.0 28.0 31.5
v -23.0 28.0 50.4
v -23.0 29.0 31.5
v -23.0 29.0 50.5
v -23.0 30.0 31.4
v -23.7 30.0 51.0
v -23.0 30.0 50.6
v -23.0 31.0 30.8
v -23.0 30.7 31.0
v -23.0 30.8 47.0
v -23.0 31.0 46.7
v -23.0 30.8 48.0
v -23.0 31.0 48.2
v -23.0 31.0 50.5
v -23.0 31.3 31.0
v -23.0 31.8 32.0
v -23.0 32.0 32.2
v -23.9 32.0 34.0
v -23.0 31.8 45.0
v -23.0 32.0 44.8
v -23.0 31.5 46.0
v -23.4 32.0 49.0
v -23.0 32.0 48.6
v -23.0 32.0 50.4
v -23.3 33.0 33.0
v -23.0 33.0 32.6
v -23.5 33.0 34.0
v -23.4 33.0 35.0
v -23.0 33.0 35.8
v -23.0 32.9 36.0
v -23.0 33.0 36.1
v -23.5 33.0 44.0
v -23.0 33.0 44.4
v -23.0 32.4 49.0
v -23.0 32.4 50.0
v -23.0 33.4 33.0
v -23.0 33.9 34.0
v -23.0 33.3 35.0
v -23.0 33.7 37.0
v -23.0 34.0 37.3
v -23.0 33.5 44.0
v -23.0 34.0 43.6
v -23.5 35.0 38.0
v -23.0 35.0 37.7
v -23.7 35.0 39.0
v -23.0 35.0 39.6
v -23.0 34.7 40.0
v -23.0 34.5 41.0
v -23.0 34.5 42.0
v -23.0 34.4 43.0
v -23.0 35.4 38.0
v -23.0 36.0 39.0
v -23.0 36.0 39.0
v -23.0 36.0 39.0
v -23.0 36.0 39.0
v -22.3 12.0 55.0
v -22.0 12.0 54.7
v -22.0 11.8 55.0
v -22.0 11.6 56.0
v -22.0 11.7 57.0
v -22.6 12.0 58.0
v -22.0 12.0 57.4
v -22.0 13.0 53.3
v -22.0 12.4 54.0
v -22.0 12.5 58.0
v -22.0 13.0 58.4
v -22.5 14.0 52.0
v -22.0 14.0 51.5
v -22.0 13.7 52.0
v -22.0 13.3 53.0
v -22.0 14.0 58.5
v -22.0 15.0 50.3
v -22.0 14.4 51.0
v -22.0 15.0 58.5
v -22.3 16.0 45.0
v -22.0 16.0 44.7
v -22.0 15.8 45.0
v -22.0 15.7 46.0
v -22.4 16.0 46.0
v -22.0 16.0 46.7
v -22.0 16.0 47.2
v -22.0 15.6 48.0
v -22.0 15.4 49.0
v -22.0 15.2 50.0
v -22.0 16.0 58.4
v -22.0 17.0 43.5
v -22.0 16.5 44.0
v -22.0 16.1 47.0
v -22.0 16.5 58.0
v -22.0 17.0 57.5
v -22.6 18.0 42.0
v -22.0 18.0 42.5
v -22.0 17.5 43.0
v -22.6 18.0 56.0
v -22.0 18.0 56.4
v -22.0 17.5 57.0
v -22.7 19.0 41.0
v -22.3 19.0 42.0
v -22.0 19.0 42.2
v -22.9 19.0 53.0
v -22.0 18.4 56.0
v -22.0 19.0 55.4
v -22.6 20.0 40.0
v -22.3 20.0 41.0
v -22.0 20.0 41.4
v -22.0 19.4 42.0
v -22.0 19.9 51.0
v -22.0 20.0 51.0
v -22.0 19.8 52.0
v -22.4 20.0 53.0
v -22.0 20.0 52.3
v -22.0 19.7 54.0
v -22.0 20.0 53.5
v -22.0 19.4 55.0
v -22.5 21.0 38.0
v -22.0 21.0 38.6
v -22.0 20.7 39.0
v -22.0 20.5 40.0
v -22.0 20.4 41.0
v -22.0 20.1 51.0
v -22.8 21.0 51.0
v -22.0 21.0 51.7
v -22.1 21.0 53.0
v -22.0 21.0 52.8
v -22.0 21.0 53.1
v -22.6 22.0 36.0
v -22.0 22.0 36.6
v -22.0 21.7 37.0
v -22.0 21.4 38.0
v -22.0 21.8 52.0
v -22.1 22.0 52.0
v -22.0 21.1 53.0
v -22.0 22.0 52.1
v -22.6 23.0 35.0
v -22.0 23.0 35.5
v -22.0 22.5 36.0
v -22.0 22.1 52.0
v -22.0 23.0 51.6
v -22.0 24.0 34.5
v -22.0 23.4 35.0
v -22.5 24.0 51.0
v -22.0 24.0 51.3
v -22.0 25.0 33.6
v -22.0 24.6 34.0
v -22.0 24.5 51.0
v -22.0 25.0 50.7
v -22.0 26.0 32.5
v -22.0 25.5 33.0
v -22.0 26.0 50.5
v -22.0 27.0 31.6
v -22.0 26.5 32.0
v -22.0 27.0 50.5
v -22.0 28.0 31.5
v -22.0 28.0 50.5
v -22.0 29.0 31.5
v -22.0 29.0 50.5
v -22.0 30.0 31.4
v -22.0 30.0 50.5
v -22.0 31.0 30.6
v -22.0 30.5 31.0
v -22.7 31.0 47.0
v -22.8 31.0 48.0
v -22.0 31.0 50.5
v -22.2 32.0 30.0
v -22.0 32.0 29.8
v -22.0 31.7 30.0
v -22.6 32.0 31.0
v -22.8 32.0 32.0
v -22.8 32.0 45.0
v -22.4 32.0 46.0
v -22.0 32.0 46.8
v -22.0 31.9 47.0
v -22.5 32.0 48.0
v -22.0 32.0 47.2
v -22.0 32.0 50.5
v -22.2 33.0 30.0
v -22.0 33.0 29.7
v -22.5 33.0 31.0
v -22.6 33.0 32.0
v -22.9 33.0 36.0
v -22.4 33.0 45.0
v -22.0 33.0 45.5
v -22.0 32.5 46.0
v -22.3 33.0 48.0
v -22.0 33.0 47.6
v -22.5 33.0 49.0
v -22.3 33.0 50.0
v -22.0 33.0 50.2
v -22.0 33.6 30.0
v -22.4 34.0 31.0
v -22.0 34.0 30.3
v -22.4 34.0 32.0
v -22.5 34.0 33.0
v -22.0 34.0 33.7
v -22.0 33.9 34.0
v -22.0 33.6 35.0
v -22.0 33.6 36.0
v -22.6 34.0 37.0
v -22.0 34.0 36.6
v -22.4 34.0 44.0
v -22.0 34.0 44.4
v -22.0 33.5 45.0
v -22.0 33.3 48.0
v -22.0 33.5 49.0
v -22.0 33.3 50.0
v -22.1 35.0 30.0
v -22.0 35.0 29.9
v -22.0 34.6 30.0
v -22.2 35.0 31.0
v -22.0 35.0 31.4
v -22.0 34.6 32.0
v -22.0 34.4 33.0
v -22.0 34.5 37.0
v -22.0 35.0 37.3
v -22.5 35.0 40.0
v -22.0 35.0 40.4
v -22.0 34.5 41.0
v -22.0 34.4 42.0
v -22.0 34.4 43.0
v -22.0 34.3 44.0
v -22.0 35.2 30.0
v -22.0 35.2 31.0
v -22.4 36.0 38.0
v -22.0 36.0 37.7
v -22.0 35.4 40.0
v -22.0 36.0 39.5
v -22.0 36.4 38.0
v -22.0 36.5 39.0
v -21.2 12.0 54.0
v -21.0 12.0 53.2
v -21.0 11.9 54.0
v -21.7 12.0 55.0
v -21.0 12.0 54.2
v -21.5 12.0 56.0
v -21.6 12.0 57.0
v -21.6 13.0 53.0
v -21.0 13.0 52.5
v -21.0 12.1 53.0
v -21.0 12.3 55.0
v -21.0 12.4 56.0
v -21.0 12.4 57.0
v -21.0 12.6 58.0
v -21.0 13.0 58.4
v -21.4 14.0 51.0
v -21.0 14.0 50.7
v -21.0 13.7 51.0
v -21.0 13.4 52.0
v -21.0 14.0 58.5
v -21.4 15.0 49.0
v -21.0 15.0 48.5
v -21.0 14.7 49.0
v -21.0 14.5 50.0
v -21.7 15.0 50.0
v -21.0 15.0 58.5
v -21.0 16.0 44.7
v -21.0 15.7 45.0
v -21.0 15.5 46.0
v -21.0 15.5 47.0
v -21.8 16.0 47.0
v -21.0 15.3 48.0
v -21.0 16.0 58.3
v -21.0 17.0 43.5
v -21.0 16.5 44.0
v -21.0 16.3 58.0
v -21.0 17.0 57.4
v -21.0 18.0 42.6
v -21.0 17.6 43.0
v -21.0 17.4 57.0
v -21.0 18.0 56.4
v -21.0 19.0 42.6
v -21.0 18.4 56.0
v -21.0 19.0 55.3
v -21.4 20.0 42.0
v -21.0 20.0 42.3
v -22.0 20.0 51.0
v -21.8 20.0 52.0
v -21.6 20.0 54.0
v -21.0 20.0 54.5
v -21.0 19.4 55.0
v -21.7 21.0 39.0
v -21.5 21.0 40.0
v -21.5 21.0 41.0
v -21.0 21.0 41.6
v -21.0 20.5 42.0
v -21.8 21.0 52.0
v -21.3 21.0 54.0
v -21.0 21.0 54.2
v -21.7 22.0 37.0
v -21.5 22.0 38.0
v -21.3 22.0 39.0
v -21.0 22.0 39.6
v -21.0 21.7 40.0
v -21.0 22.0 40.8
v -21.1 22.0 41.0
v -21.0 22.0 41.1
v -21.0 22.0 52.2
v -21.0 21.6 53.0
v -21.0 21.2 54.0
v -21.5 23.0 36.0
v -21.0 23.0 36.6
v -21.0 22.7 37.0
v -21.0 22.5 38.0
v -21.0 22.3 39.0
v -21.0 22.1 41.0
v -21.3 23.0 52.0
v -21.0 23.0 52.2
v -21.0 24.0 34.8
v -21.0 23.8 35.0
v -21.0 23.4 36.0
v -21.0 23.4 52.0
v -21.0 24.0 51.7
v -21.5 25.0 34.0
v -21.0 25.0 34.3
v -21.5 25.0 51.0
v -21.0 25.0 51.3
v -21.0 26.0 32.7
v -21.0 25.7 33.0
v -21.0 25.3 34.0
v -21.0 25.5 51.0
v -21.0 26.0 50.7
v -21.0 27.0 31.8
v -21.0 26.7 32.0
v -21.0 27.0 50.6
v -21.0 28.0 31.6
v -21.0 28.0 50.5
v -21.0 29.0 31.5
v -21.0 29.0 50.5
v -21.0 30.0 31.4
v -21.0 30.0 50.5
v -21.0 31.0 30.5
v -21.0 30.5 31.0
v -21.0 31.0 50.5
v -21.0 32.0 29.7
v -21.0 31.7 30.0
v -21.9 32.0 47.0
v -21.0 32.0 50.5
v -21.0 33.0 29.4
v -21.7 33.0 46.0
v -21.6 33.0 47.0
v -21.0 33.0 50.5
v -21.2 34.0 29.0
v -21.0 34.0 28.8
v -21.0 33.7 29.0
v -21.8 34.0 30.0
v -21.8 34.0 34.0
v -21.4 34.0 35.0
v -21.0 34.0 36.0
v -21.0 34.0 36.0
v -21.0 34.0 36.0
v -21.0 34.0 41.0
v -21.0 34.0 41.0
v -21.0 34.0 41.0
v -21.3 34.0 42.0
v -21.0 33.8 42.0
v -21.2 34.0 43.0
v -21.0 33.9 43.0
v -21.0 34.0 43.2
v -21.5 34.0 45.0
v -21.4 34.0 46.0
v -21.4 34.0 47.0
v -21.5 34.0 48.0
v -21.5 34.0 49.0
v -21.3 34.0 50.0
v -21.0 34.0 50.2
v -21.4 35.0 29.0
v -21.0 35.0 28.7
v -21.6 35.0 32.0
v -21.4 35.0 33.0
v -21.0 35.0 33.5
v -21.0 34.7 34.0
v -21.0 34.4 35.0
v -21.5 35.0 37.0
v -21.0 35.0 36.5
v -21.0 35.0 40.3
v -21.0 34.3 44.0
v -21.0 34.4 45.0
v -21.0 34.4 46.0
v -21.0 34.4 47.0
v -21.0 34.5 48.0
v -21.0 34.5 49.0
v -21.0 34.4 50.0
v -21.1 36.0 29.0
v -21.0 36.0 28.9
v -21.4 36.0 30.0
v -21.0 36.0 30.6
v -21.0 35.7 31.0
v -21.0 35.5 32.0
v -21.0 35.4 33.0
v -21.0 35.8 37.0
v -21.0 36.0 37.1
v -21.0 35.4 40.0
v -21.0 36.0 39.6
v -21.0 36.1 29.0
v -21.2 37.0 30.0
v -21.0 37.0 29.8
v -21.0 37.0 30.2
v -21.3 37.0 37.0
v -21.0 37.0 36.6
v -21.0 36.3 37.0
v -21.6 37.0 38.0
v -21.4 37.0 39.0
v -21.0 37.0 39.3
v -21.0 37.8 30.0
v -21.2 38.0 37.0
v -21.0 38.0 36.8
v -21.2 38.0 38.0
v -21.0 38.0 38.9
v -21.0 37.9 39.0
v -21.0 38.2 37.0
v -21.0 38.2 38.0
v -20.8 12.0 54.0
v -20.0 13.0 52.5
v -20.0 12.6 53.0
v -20.0 12.5 54.0
v -20.0 12.5 55.0
v -20.0 12.5 56.0
v -20.0 12.6 57.0
v -20.0 12.8 58.0
v -20.0 13.0 58.2
v -20.0 14.0 50.7
v -20.0 13.8 51.0
v -20.0 13.5 52.0
v -20.0 14.0 58.4
v -20.1 15.0 47.0
v -20.0 15.0 46.9
v -20.0 14.9 47.0
v -20.0 14.6 48.0
v -20.6 15.0 48.0
v -20.0 14.5 49.0
v -20.0 14.4 50.0
v -20.0 15.0 58.3
v -20.6 16.0 45.0
v -20.0 16.0 45.5
v -20.0 15.7 46.0
v -20.6 16.0 58.0
v -20.0 15.4 58.0
v -20.0 16.0 57.6
v -20.0 17.0 43.7
v -20.0 16.7 44.0
v -20.0 16.4 45.0
v -20.5 17.0 57.0
v -20.0 16.6 57.0
v -20.0 17.0 56.6
v -20.0 18.0 42.9
v -20.0 17.9 43.0
v -20.5 18.0 56.0
v -20.0 17.6 56.0
v -20.0 18.0 55.6
v -20.0 18.4 43.0
v -20.2 19.0 43.0
v -20.0 19.0 43.2
v -20.6 19.0 55.0
v -20.0 18.5 55.0
v -20.0 19.0 54.0
v -20.0 20.0 42.7
v -20.0 19.4 43.0
v -20.0 20.0 54.4
v -20.6 21.0 42.0
v -20.0 21.0 42.5
v -20.0 21.0 54.4
v -20.8 22.0 40.0
v -20.3 22.0 42.0
v -20.0 22.0 42.3
v -20.4 22.0 53.0
v -20.0 22.0 53.4
v -20.0 21.4 54.0
v -20.7 23.0 37.0
v -20.5 23.0 38.0
v -20.4 23.0 39.0
v -20.0 23.0 39.6
v -20.0 22.7 40.0
v -20.0 22.6 41.0
v -20.0 22.3 42.0
v -20.0 22.4 53.0
v -20.0 23.0 52.6
v -20.8 24.0 35.0
v -20.5 24.0 36.0
v -20.3 24.0 37.0
v -20.0 24.0 37.5
v -20.0 23.6 38.0
v -20.0 23.4 39.0
v -20.5 24.0 52.0
v -20.0 24.0 52.3
v -20.4 25.0 35.0
v -20.0 25.0 35.5
v -20.0 24.6 36.0
v -20.0 24.4 37.0
v -20.0 24.5 52.0
v -20.0 25.0 51.7
v -20.6 26.0 33.0
v -20.0 26.0 33.6
v -20.0 25.7 34.0
v -20.0 25.4 35.0
v -20.6 26.0 51.0
v -20.0 26.0 51.5
v -20.7 27.0 32.0
v -20.0 27.0 32.6
v -20.0 26.6 33.0
v -20.4 27.0 51.0
v -20.0 27.0 51.3
v -20.4 28.0 32.0
v -20.0 28.0 32.4
v -20.0 27.4 51.0
v -20.0 28.0 50.6
v -20.0 29.0 31.7
v -20.0 28.5 32.0
v -20.0 29.0 50.5
v -20.0 30.0 31.5
v -20.0 30.0 50.5
v -20.0 31.0 30.7
v -20.0 30.7 31.0
v -20.0 31.0 50.5
v -20.6 32.0 30.0
v -20.0 32.0 30.4
v -20.0 32.0 50.5
v -20.0 33.0 29.6
v -20.0 32.5 30.0
v -20.0 33.0 50.5
v -20.0 34.0 28.8
v -20.0 33.7 29.0
v -21.0 34.0 36.0
v -21.0 34.0 41.0
v -20.7 34.0 42.0
v -20.7 34.0 43.0
v -20.0 33.9 44.0
v -20.0 34.0 43.7
v -20.2 34.0 44.0
v -20.0 34.0 44.2
v -20.0 34.0 50.5
v -20.0 35.0 28.8
v -20.7 35.0 34.0
v -20.6 35.0 35.0
v -20.6 35.0 36.0
v -20.1 35.0 40.0
v -20.0 35.0 40.0
v -20.0 35.0 40.0
v -20.0 34.5 41.0
v -20.0 34.4 42.0
v -20.0 34.3 43.0
v -20.0 34.4 45.0
v -20.0 34.5 46.0
v -20.0 34.7 47.0
v -20.4 35.0 48.0
v -20.0 35.0 47.5
v -20.6 35.0 49.0
v -20.5 35.0 50.0
v -20.0 35.0 50.4
v -20.0 35.4 29.0
v -20.9 36.0 29.0
v -20.0 36.0 29.5
v -20.7 36.0 31.0
v -20.5 36.0 32.0
v -20.5 36.0 33.0
v -20.5 36.0 34.0
v -20.5 36.0 35.0
v -20.5 36.0 36.0
v -20.9 36.0 37.0
v -20.0 36.0 39.6
v -20.0 35.4 48.0
v -20.3 36.0 49.0
v -20.0 36.0 48.7
v -20.6 36.0 50.0
v -20.0 36.0 50.3
v -20.0 37.0 29.7
v -20.0 36.7 31.0
v -20.0 37.0 30.5
v -20.0 36.5 32.0
v -20.0 36.6 33.0
v -20.2 37.0 34.0
v -20.0 37.0 33.6
v -20.4 37.0 35.0
v -20.6 37.0 36.0
v -20.0 37.0 39.5
v -20.0 36.2 49.0
v -20.0 36.3 50.0
v -20.9 38.0 30.0
v -20.0 38.0 29.7
v -20.0 38.0 30.5
v -20.0 37.3 34.0
v -20.0 37.5 35.0
v -20.3 38.0 36.0
v -20.0 38.0 35.6
v -20.4 38.0 38.0
v -20.0 37.9 38.0
v -20.0 38.0 37.8
v -20.0 37.5 39.0
v -20.2 39.0 30.0
v -20.0 39.0 29.8
v -20.0 38.5 31.0
v -20.3 39.0 31.0
v -20.0 39.0 31.3
v -20.0 38.3 36.0
v -20.0 38.4 37.0
v -20.2 40.0 30.0
v -20.0 40.0 29.8
v -20.4 40.0 31.0
v -20.0 40.0 31.4
v -20.1 41.0 30.0
v -20.0 41.0 29.9
v -20.8 41.0 31.0
v -20.0 41.0 31.6
v -20.0 41.1 30.0
v -20.2 42.0 31.0
v -20.0 42.0 30.8
v -20.0 42.0 31.5
v -20.0 42.2 31.0
v -19.0 13.0 53.0
v -19.0 13.0 53.0
v -19.3 13.0 54.0
v -19.0 13.0 53.1
v -19.0 13.0 54.5
v -19.0 12.8 55.0
v -19.0 12.8 56.0
v -19.5 13.0 57.0
v -19.0 13.0 56.4
v -19.8 13.0 58.0
v -19.8 14.0 51.0
v -19.5 14.0 52.0
v -19.0 14.0 52.5
v -19.0 13.3 54.0
v -19.0 13.6 57.0
v -19.0 14.0 57.4
v -19.6 14.0 58.0
v -19.9 15.0 47.0
v -19.0 15.0 47.7
v -19.0 14.8 48.0
v -19.0 14.7 49.0
v -19.0 14.7 50.0
v -19.3 15.0 51.0
v -19.0 15.0 50.5
v -19.2 15.0 52.0
v -19.0 15.0 52.2
v -19.6 15.0 58.0
v -19.0 15.0 57.4
v -19.6 16.0 46.0
v -19.3 16.0 47.0
v -19.0 16.0 47.4
v -19.0 15.4 51.0
v -19.0 15.2 52.0
v -19.0 16.0 57.3
v -19.7 17.0 44.0
v -19.4 17.0 45.0
v -19.0 17.0 45.5
v -19.0 16.7 46.0
v -19.0 16.4 47.0
v -19.0 16.3 57.0
v -19.0 17.0 56.4
v -19.9 18.0 43.0
v -19.0 18.0 43.7
v -19.0 17.7 44.0
v -19.0 17.4 45.0
v -19.0 17.4 56.0
v -19.0 18.0 55.4
v -19.0 19.0 43.7
v -19.9 19.0 54.0
v -19.0 18.8 54.0
v -19.0 19.0 53.7
v -19.0 18.4 55.0
v -19.7 20.0 43.0
v -19.0 19.7 44.0
v -19.2 20.0 44.0
v -19.0 20.0 44.2
v -19.0 19.5 54.0
v -19.0 20.0 54.3
v -19.5 21.0 43.0
v -19.0 21.0 43.6
v -19.0 20.3 44.0
v -19.0 21.0 54.4
v -19.5 22.0 43.0
v -19.0 22.0 43.5
v -19.0 21.6 54.0
v -19.0 22.0 53.6
v -19.7 23.0 40.0
v -19.6 23.0 41.0
v -19.1 23.0 42.0
v -19.2 23.0 43.0
v -19.0 23.0 43.2
v -19.0 22.7 53.0
v -19.0 23.0 52.7
v -19.7 24.0 38.0
v -19.5 24.0 39.0
v -19.4 24.0 40.0
v -19.4 24.0 41.0
v -19.3 24.0 42.0
v -19.0 24.0 42.4
v -19.0 23.3 43.0
v -19.0 24.0 52.5
v -19.6 25.0 36.0
v -19.5 25.0 37.0
v -19.3 25.0 38.0
v -19.0 25.0 38.5
v -19.0 24.6 39.0
v -19.0 24.5 40.0
v -19.0 24.6 41.0
v -19.0 25.0 41.7
v -19.1 25.0 42.0
v -19.0 25.0 42.2
v -19.6 25.0 52.0
v -19.0 25.0 52.4
v -19.7 26.0 34.0
v -19.4 26.0 35.0
v -19.0 26.0 35.5
v -19.0 25.7 36.0
v -19.0 25.5 37.0
v -19.0 25.4 38.0
v -19.0 25.2 42.0
v -19.3 26.0 52.0
v -19.0 26.0 52.2
v -19.6 27.0 33.0
v -19.0 27.0 33.7
v -19.0 26.7 34.0
v -19.0 26.4 35.0
v -19.0 26.3 52.0
v -19.0 27.0 51.5
v -19.4 28.0 33.0
v -19.0 28.0 33.4
v -19.0 27.5 51.0
v -19.0 28.0 50.6
v -19.7 29.0 32.0
v -19.0 29.0 32.7
v -19.0 28.5 33.0
v -19.0 29.0 50.4
v -19.4 30.0 32.0
v -19.0 30.0 32.4
v -19.0 30.0 50.4
v -19.7 31.0 31.0
v -19.0 31.0 31.7
v -19.0 30.5 32.0
v -19.0 31.0 50.4
v -19.4 32.0 31.0
v -19.0 32.0 31.4
v -19.0 32.0 50.4
v -19.7 33.0 30.0
v -19.0 33.0 30.8
v -19.0 32.7 31.0
v -19.0 33.0 50.4
v -19.8 34.0 29.0
v -19.5 34.0 30.0
v -19.0 33.5 31.0
v -19.2 34.0 31.0
v -19.0 34.0 31.2
v -19.0 33.8 44.0
v -19.0 34.0 43.5
v -19.0 34.0 44.4
v -19.0 34.0 50.5
v -19.8 35.0 29.0
v -19.4 35.0 30.0
v -19.0 35.0 30.6
v -19.0 34.3 31.0
v -20.0 35.0 40.0
v -19.4 35.0 41.0
v -19.0 35.0 41.4
v -19.0 34.6 42.0
v -19.0 34.3 43.0
v -19.0 34.4 45.0
v -19.0 34.7 46.0
v -19.5 35.0 47.0
v -19.0 35.0 46.5
v -19.0 35.0 50.5
v -19.5 36.0 30.0
v -19.0 36.0 30.6
v -19.6 36.0 40.0
v -19.0 36.0 40.6
v -19.0 35.5 41.0
v -19.0 35.4 47.0
v -19.0 35.7 48.0
v -19.0 36.0 48.4
v -19.0 36.0 50.4
v -19.6 37.0 30.0
v -19.5 37.0 31.0
v -19.0 37.0 30.6
v -19.5 37.0 32.0
v -19.6 37.0 33.0
v -19.4 37.0 40.0
v -19.0 37.0 40.3
v -19.0 36.4 49.0
v -19.0 36.4 50.0
v -19.0 38.0 29.9
v -19.0 37.9 30.0
v -19.6 38.0 31.0
v -19.3 38.0 32.0
v -19.0 38.0 32.4
v -19.0 37.5 33.0
v -19.0 37.6 34.0
v -19.3 38.0 35.0
v -19.0 38.0 34.8
v -19.8 38.0 38.0
v -19.0 38.0 38.6
v -19.0 37.7 39.0
v -19.0 37.4 40.0
v -19.0 38.1 30.0
v -19.6 39.0 30.0
v -19.0 39.0 30.4
v -19.3 39.0 32.0
v -19.0 39.0 32.3
v -19.0 38.2 35.0
v -19.0 38.5 36.0
v -19.0 38.5 37.0
v -19.0 38.4 38.0
v -19.8 40.0 30.0
v -19.0 40.0 30.6
v -19.0 39.6 32.0
v -19.0 40.0 31.7
v -19.9 41.0 30.0
v -19.0 41.0 30.6
v -19.0 40.4 32.0
v -19.4 41.0 32.0
v -19.0 41.0 32.9
v -19.0 42.0 30.8
v -19.0 41.4 32.0
v -19.0 42.0 31.3
v -19.0 42.2 31.0
v -19.0 13.0 53.0
v -18.8 13.0 55.0
v -18.8 13.0 56.0
v -18.6 14.0 53.0
v -18.5 14.0 54.0
v -18.4 14.0 55.0
v -18.5 14.0 56.0
v -18.7 14.0 57.0
v -18.8 15.0 48.0
v -18.7 15.0 49.0
v -18.8 15.0 50.0
v -18.0 15.0 52.7
v -18.0 14.7 53.0
v -18.0 14.5 54.0
v -18.0 14.6 55.0
v -18.0 15.0 55.5
v -18.3 15.0 56.0
v -18.6 15.0 57.0
v -18.6 16.0 48.0
v -18.5 16.0 49.0
v -18.5 16.0 50.0
v -18.5 16.0 51.0
v -18.0 16.0 51.7
v -18.0 15.7 52.0
v -18.0 15.7 56.0
v -18.0 16.0 56.2
v -18.7 16.0 57.0
v -18.7 17.0 46.0
v -18.6 17.0 47.0
v -18.4 17.0 48.0
v -18.4 17.0 49.0
v -18.4 17.0 50.0
v -18.3 17.0 51.0
v -18.0 17.0 51.4
v -18.5 17.0 56.0
v -18.0 16.3 56.0
v -18.0 17.0 55.6
v -18.8 18.0 44.0
v -18.5 18.0 45.0
v -18.4 18.0 46.0
v -18.3 18.0 47.0
v -18.0 18.0 47.5
v -18.0 17.7 48.0
v -18.0 17.6 49.0
v -18.0 17.6 50.0
v -18.0 17.3 51.0
v -18.0 18.0 55.2
v -18.7 19.0 44.0
v -18.0 19.0 44.9
v -18.0 18.9 45.0
v -18.0 18.7 46.0
v -18.0 18.5 47.0
v -18.1 19.0 49.0
v -18.0 18.8 49.0
v -18.0 19.0 48.9
v -18.0 19.0 50.0
v -18.0 18.9 50.0
v -18.0 19.0 50.0
v -18.1 19.0 53.0
v -18.0 18.8 53.0
v -18.0 19.0 52.9
v -18.0 18.4 54.0
v -18.0 18.2 55.0
v -18.5 20.0 45.0
v -18.0 19.1 45.0
v -18.4 20.0 46.0
v -18.0 19.3 46.0
v -18.1 20.0 47.0
v -18.0 19.7 47.0
v -18.0 20.0 47.2
v -18.0 19.1 49.0
v -18.0 19.1 50.0
v -18.0 19.2 53.0
v -18.6 20.0 54.0
v -18.0 20.0 53.5
v -18.7 21.0 44.0
v -18.5 21.0 45.0
v -18.4 21.0 46.0
v -18.0 21.0 46.6
v -18.0 20.3 47.0
v -18.0 20.5 54.0
v -18.0 21.0 54.4
v -18.6 22.0 44.0
v -18.5 22.0 45.0
v -18.3 22.0 46.0
v -18.0 22.0 46.4
v -18.4 22.0 54.0
v -18.0 22.0 54.3
v -18.5 23.0 44.0
v -18.4 23.0 45.0
v -18.0 23.0 45.6
v -18.0 22.5 46.0
v -18.5 23.0 53.0
v -18.0 23.0 53.4
v -18.0 22.3 54.0
v -18.6 24.0 43.0
v -18.1 24.0 44.0
v -18.2 24.0 45.0
v -18.0 24.0 45.4
v -18.0 23.4 53.0
v -18.0 24.0 52.6
v -18.7 25.0 39.0
v -18.6 25.0 40.0
v -18.7 25.0 41.0
v -18.6 25.0 43.0
v -18.3 25.0 44.0
v -18.0 25.0 44.9
v -18.0 24.8 45.0
v -18.0 25.0 52.4
v -18.7 26.0 36.0
v -18.5 26.0 37.0
v -18.5 26.0 38.0
v -18.4 26.0 39.0
v -18.4 26.0 40.0
v -18.4 26.0 41.0
v -18.5 26.0 42.0
v -18.4 26.0 43.0
v -18.4 26.0 44.0
v -18.0 25.2 45.0
v -18.2 26.0 45.0
v -18.0 26.0 45.4
v -18.0 26.0 52.2
v -18.8 27.0 34.0
v -18.6 27.0 35.0
v -18.4 27.0 36.0
v -18.0 27.0 36.7
v -18.0 26.7 37.0
v -18.0 26.5 38.0
v -18.0 26.5 39.0
v -18.0 26.5 40.0
v -18.0 26.5 41.0
v -18.0 26.5 42.0
v -18.0 26.5 43.0
v -18.0 26.5 44.0
v -18.0 26.4 45.0
v -18.0 26.3 52.0
v -18.0 27.0 51.3
v -18.6 28.0 34.0
v -18.4 28.0 35.0
v -18.3 28.0 36.0
v -18.0 28.0 36.4
v -18.0 27.3 51.0
v -18.0 28.0 50.3
v -18.7 29.0 33.0
v -18.3 29.0 34.0
v -18.0 29.0 34.5
v -18.0 28.6 35.0
v -18.0 28.4 36.0
v -18.1 29.0 49.0
v -18.0 28.8 49.0
v -18.0 29.0 48.8
v -18.4 29.0 50.0
v -18.0 28.4 50.0
v -18.5 30.0 33.0
v -18.0 30.0 33.6
v -18.0 29.5 34.0
v -18.1 30.0 46.0
v -18.0 29.9 46.0
v -18.0 30.0 45.9
v -18.2 30.0 47.0
v -18.0 29.7 47.0
v -18.3 30.0 48.0
v -18.0 29.6 48.0
v -18.1 30.0 49.0
v -18.1 30.0 50.0
v -18.7 31.0 32.0
v -18.3 31.0 33.0
v -18.0 31.0 33.4
v -18.0 30.1 46.0
v -18.0 30.4 47.0
v -18.0 31.0 47.6
v -18.3 31.0 48.0
v -18.5 31.0 49.0
v -18.6 31.0 50.0
v -18.5 32.0 32.0
v -18.0 32.0 32.6
v -18.0 31.5 33.0
v -18.0 31.3 48.0
v -18.0 32.0 48.7
v -18.3 32.0 49.0
v -18.6 32.0 50.0
v -18.9 33.0 31.0
v -18.4 33.0 32.0
v -18.0 33.0 32.6
v -18.0 32.4 49.0
v -18.0 33.0 49.6
v -18.4 33.0 50.0
v -18.5 34.0 32.0
v -18.0 33.7 33.0
v -18.2 34.0 33.0
v -18.0 34.0 33.2
v -18.2 34.0 43.0
v -18.0 33.9 43.0
v -18.0 34.0 42.9
v -18.0 33.8 44.0
v -18.0 34.0 44.3
v -18.0 33.4 50.0
v -18.0 34.0 50.4
v -18.7 35.0 31.0
v -18.4 35.0 32.0
v -18.0 35.0 32.6
v -18.0 34.3 33.0
v -18.0 34.7 42.0
v -18.0 35.0 41.7
v -18.0 34.5 45.0
v -18.5 35.0 46.0
v -18.0 35.0 45.6
v -18.0 35.0 50.5
v -18.6 36.0 31.0
v -18.4 36.0 32.0
v -18.0 36.0 32.5
v -18.6 36.0 41.0
v -18.0 36.0 41.4
v -18.0 35.5 46.0
v -18.4 36.0 47.0
v -18.0 36.0 46.6
v -18.7 36.0 48.0
v -18.0 36.0 50.5
v -18.7 37.0 31.0
v -18.4 37.0 32.0
v -18.0 37.0 32.6
v -18.3 37.0 41.0
v -18.0 37.0 41.3
v -18.0 36.4 47.0
v -18.0 36.5 48.0
v -18.0 36.7 49.0
v -18.1 37.0 50.0
v -18.0 37.0 49.9
v -18.0 37.0 50.1
v -18.9 38.0 30.0
v -18.5 38.0 31.0
v -18.0 38.0 31.8
v -18.0 37.8 32.0
v -18.0 38.0 32.1
v -18.0 37.3 33.0
v -18.0 37.5 34.0
v -18.7 38.0 35.0
v -18.0 37.7 35.0
v -18.0 38.0 35.5
v -18.8 38.0 39.0
v -18.5 38.0 40.0
v -18.0 38.0 40.6
v -18.0 37.4 41.0
v -18.0 37.1 50.0
v -18.0 38.8 31.0
v -18.0 39.0 30.9
v -18.0 39.0 32.3
v -18.0 38.3 36.0
v -18.0 38.6 37.0
v -18.3 39.0 38.0
v -18.0 39.0 37.7
v -18.4 39.0 39.0
v -18.2 39.0 40.0
v -18.0 39.0 40.2
v -18.0 39.2 31.0
v -18.5 40.0 31.0
v -18.4 40.0 32.0
v -18.0 40.0 31.8
v -18.0 40.0 32.2
v -18.0 39.2 38.0
v -18.0 39.3 39.0
v -18.0 39.2 40.0
v -18.5 41.0 31.0
v -18.0 41.0 31.7
v -18.0 40.6 33.0
v -18.9 41.0 33.0
v -18.0 41.0 33.9
v -18.5 42.0 31.0
v -18.0 41.3 32.0
v -18.0 41.3 33.0
v -17.7 15.0 53.0
v -17.5 15.0 54.0
v -17.7 15.0 55.0
v -17.8 16.0 52.0
v -17.4 16.0 53.0
v -17.1 16.0 54.0
v -17.5 16.0 55.0
v -17.9 16.0 56.0
v -17.6 17.0 52.0
v -17.5 17.0 53.0
v -17.4 17.0 54.0
v -17.6 17.0 55.0
v -17.8 18.0 48.0
v -17.7 18.0 49.0
v -17.7 18.0 50.0
v -17.5 18.0 51.0
v -17.4 18.0 52.0
v -17.6 18.0 53.0
v -17.6 18.0 54.0
v -17.8 18.0 55.0
v -17.9 19.0 45.0
v -17.8 19.0 46.0
v -17.7 19.0 47.0
v -17.6 19.0 48.0
v -17.0 18.9 51.0
v -17.0 19.0 51.0
v -17.0 18.9 52.0
v -17.0 19.0 52.0
v -17.6 20.0 48.0
v -17.6 20.0 49.0
v -17.5 20.0 50.0
v -17.0 19.1 51.0
v -17.3 20.0 51.0
v -17.2 20.0 52.0
v -17.0 19.1 52.0
v -17.5 20.0 53.0
v -17.7 21.0 47.0
v -17.5 21.0 48.0
v -17.4 21.0 49.0
v -17.0 21.0 49.7
v -17.0 20.7 50.0
v -17.0 20.3 51.0
v -17.0 20.2 52.0
v -17.0 20.4 53.0
v -17.0 20.8 54.0
v -17.0 21.0 54.2
v -17.6 22.0 47.0
v -17.5 22.0 48.0
v -17.4 22.0 49.0
v -17.0 22.0 49.5
v -17.0 22.0 54.2
v -17.7 23.0 46.0
v -17.5 23.0 47.0
v -17.5 23.0 48.0
v -17.4 23.0 49.0
v -17.0 23.0 49.5
v -17.0 22.3 54.0
v -17.0 23.0 53.5
v -17.7 24.0 46.0
v -17.5 24.0 47.0
v -17.5 24.0 48.0
v -17.4 24.0 49.0
v -17.0 24.0 49.6
v -17.0 23.5 53.0
v -17.0 24.0 52.5
v -18.0 25.0 45.0
v -18.0 25.0 46.0
v -17.6 25.0 47.0
v -17.5 25.0 48.0
v -17.5 25.0 49.0
v -17.0 24.4 50.0
v -17.4 25.0 50.0
v -17.4 25.0 51.0
v -17.0 24.6 51.0
v -17.5 25.0 52.0
v -17.0 24.5 52.0
v -17.8 26.0 46.0
v -17.5 26.0 47.0
v -17.5 26.0 48.0
v -17.5 26.0 49.0
v -17.4 26.0 50.0
v -17.5 26.0 51.0
v -17.8 26.0 52.0
v -17.8 27.0 37.0
v -17.6 27.0 38.0
v -17.6 27.0 39.0
v -17.6 27.0 40.0
v -17.6 27.0 41.0
v -17.6 27.0 42.0
v -17.6 27.0 43.0
v -17.6 27.0 44.0
v -17.7 27.0 45.0
v -18.0 27.0 46.0
v -17.6 27.0 47.0
v -17.5 27.0 48.0
v -17.4 27.0 49.0
v -17.1 27.0 50.0
v -17.7 27.0 51.0
v -17.6 28.0 37.0
v -17.5 28.0 38.0
v -17.5 28.0 39.0
v -17.4 28.0 40.0
v -17.4 28.0 41.0
v -17.4 28.0 42.0
v -17.4 28.0 43.0
v -17.4 28.0 44.0
v -17.5 28.0 45.0
v -17.6 28.0 46.0
v -17.5 28.0 47.0
v -17.4 28.0 48.0
v -17.6 28.0 49.0
v -17.7 28.0 50.0
v -17.7 29.0 35.0
v -17.6 29.0 36.0
v -17.5 29.0 37.0
v -17.5 29.0 38.0
v -17.3 29.0 39.0
v -17.0 29.0 39.5
v -17.0 28.6 40.0
v -17.0 28.5 41.0
v -17.0 28.5 42.0
v -17.0 28.5 43.0
v -17.0 28.7 44.0
v -17.0 29.0 44.3
v -17.4 29.0 45.0
v -17.6 29.0 46.0
v -17.5 29.0 47.0
v -17.3 29.0 48.0
v -17.7 30.0 34.0
v -17.5 30.0 35.0
v -17.5 30.0 36.0
v -17.5 30.0 37.0
v -17.3 30.0 38.0
v -17.0 30.0 38.5
v -17.0 29.5 39.0
v -17.4 30.0 45.0
v -17.0 30.0 44.6
v -17.6 31.0 34.0
v -17.5 31.0 35.0
v -17.5 31.0 36.0
v -17.3 31.0 37.0
v -17.0 31.0 37.5
v -17.0 30.5 38.0
v -17.0 30.5 45.0
v -17.4 31.0 46.0
v -17.0 31.0 45.5
v -17.6 31.0 47.0
v -17.7 32.0 33.0
v -17.5 32.0 34.0
v -17.5 32.0 35.0
v -17.3 32.0 36.0
v -17.0 32.0 36.5
v -17.0 31.5 37.0
v -17.0 31.4 46.0
v -17.0 31.5 47.0
v -17.0 31.8 48.0
v -17.0 32.0 48.2
v -17.7 33.0 33.0
v -17.5 33.0 34.0
v -17.3 33.0 35.0
v -17.0 33.0 35.5
v -17.0 32.5 36.0
v -17.4 33.0 49.0
v -17.0 33.0 48.6
v -17.5 34.0 34.0
v -17.0 34.0 34.6
v -17.0 33.5 35.0
v -17.8 34.0 43.0
v -17.7 34.0 44.0
v -17.0 33.3 49.0
v -17.0 33.6 50.0
v -17.0 34.0 50.4
v -17.7 35.0 33.0
v -17.4 35.0 34.0
v -17.0 35.0 34.5
v -17.5 35.0 42.0
v -17.0 35.0 42.4
v -17.0 34.5 43.0
v -17.0 34.5 44.0
v -17.0 34.8 45.0
v -17.0 35.0 45.2
v -17.0 35.0 50.5
v -17.6 36.0 33.0
v -17.3 36.0 34.0
v -17.0 36.0 34.4
v -17.0 35.4 42.0
v -17.0 36.0 41.6
v -17.5 36.0 46.0
v -17.0 36.0 45.6
v -17.0 36.0 50.5
v -17.7 37.0 33.0
v -17.0 37.0 33.9
v -17.0 36.9 34.0
v -17.0 37.0 41.5
v -17.0 36.5 46.0
v -17.4 37.0 47.0
v -17.0 37.0 46.6
v -17.5 37.0 48.0
v -17.5 37.0 49.0
v -17.0 37.0 50.2
v -17.9 38.0 32.0
v -17.0 37.1 34.0
v -17.0 37.4 35.0
v -17.5 38.0 36.0
v -17.0 37.6 36.0
v -17.0 38.0 36.5
v -17.2 38.0 41.0
v -17.0 38.0 41.1
v -17.0 37.3 47.0
v -17.0 37.4 48.0
v -17.0 37.3 49.0
v -17.0 37.2 50.0
v -17.9 39.0 31.0
v -17.7 39.0 32.0
v -17.0 38.3 37.0
v -17.0 39.0 37.7
v -17.0 38.1 41.0
v -17.0 39.0 40.2
v -17.9 40.0 32.0
v -17.0 39.2 38.0
v -17.0 39.3 39.0
v -17.0 39.2 40.0
v -17.8 41.0 32.0
v -17.1 41.0 33.0
v -17.0 19.0 51.0
v -17.0 19.0 52.0
v -16.7 21.0 50.0
v -16.5 21.0 51.0
v -16.0 21.0 51.7
v -16.0 20.8 52.0
v -16.0 20.8 53.0
v -16.7 21.0 54.0
v -16.0 21.0 53.3
v -16.6 22.0 50.0
v -16.4 22.0 51.0
v -16.0 22.0 51.5
v -16.7 22.0 54.0
v -16.0 22.0 53.5
v -16.6 23.0 50.0
v -16.3 23.0 51.0
v -16.0 23.0 51.4
v -16.0 23.0 53.3
v -16.7 24.0 50.0
v -16.0 24.0 50.9
v -16.0 23.9 51.0
v -16.0 23.4 53.0
v -16.0 24.0 52.2
v -16.0 24.1 51.0
v -16.0 24.2 52.0
v -16.7 29.0 40.0
v -16.6 29.0 41.0
v -16.6 29.0 42.0
v -16.6 29.0 43.0
v -16.7 29.0 44.0
v -16.7 30.0 39.0
v -16.5 30.0 40.0
v -16.5 30.0 41.0
v -16.4 30.0 42.0
v -16.5 30.0 43.0
v -16.6 30.0 44.0
v -16.7 31.0 38.0
v -16.5 31.0 39.0
v -16.5 31.0 40.0
v -16.3 31.0 41.0
v -16.0 31.0 41.8
v -16.0 30.8 42.0
v -16.0 31.0 42.2
v -16.4 31.0 43.0
v -16.5 31.0 44.0
v -16.7 31.0 45.0
v -16.7 32.0 37.0
v -16.5 32.0 38.0
v -16.5 32.0 39.0
v -16.3 32.0 40.0
v -16.0 32.0 40.5
v -16.0 31.5 41.0
v -16.4 32.0 43.0
v -16.0 32.0 42.5
v -16.5 32.0 44.0
v -16.5 32.0 45.0
v -16.5 32.0 46.0
v -16.6 32.0 47.0
v -16.8 32.0 48.0
v -16.7 33.0 36.0
v -16.5 33.0 37.0
v -16.5 33.0 38.0
v -16.3 33.0 39.0
v -16.0 33.0 39.5
v -16.0 32.5 40.0
v -16.3 33.0 43.0
v -16.0 33.0 42.7
v -16.4 33.0 44.0
v -16.3 33.0 45.0
v -16.0 33.0 45.7
v -16.0 32.8 46.0
v -16.0 33.0 46.3
v -16.3 33.0 47.0
v -16.5 33.0 48.0
v -16.7 34.0 35.0
v -16.5 34.0 36.0
v -16.4 34.0 37.0
v -16.3 34.0 38.0
v -16.0 34.0 38.5
v -16.0 33.5 39.0
v -16.0 33.4 43.0
v -16.0 33.6 44.0
v -16.0 33.4 45.0
v -16.0 33.4 47.0
v -16.0 33.5 48.0
v -16.0 33.6 49.0
v -16.0 33.8 50.0
v -16.0 34.0 50.2
v -16.6 35.0 35.0
v -16.4 35.0 36.0
v -16.0 35.0 36.7
v -16.0 34.7 37.0
v -16.0 34.4 38.0
v -16.0 34.5 43.0
v -16.0 35.0 42.6
v -16.2 35.0 44.0
v -16.0 35.0 43.8
v -16.8 35.0 45.0
v -16.0 35.0 50.3
v -16.6 36.0 35.0
v -16.3 36.0 36.0
v -16.0 36.0 36.5
v -16.0 35.5 42.0
v -16.0 36.0 41.5
v -16.0 35.1 44.0
v -16.3 36.0 45.0
v -16.0 36.0 44.7
v -16.0 36.0 50.2
v -16.9 37.0 34.0
v -16.6 37.0 35.0
v -16.1 37.0 36.0
v -16.0 36.5 37.0
v -16.3 37.0 37.0
v -16.4 37.0 38.0
v -16.0 36.5 38.0
v -16.3 37.0 39.0
v -16.0 36.6 39.0
v -16.0 37.0 39.5
v -16.0 37.0 41.2
v -16.0 36.3 45.0
v -16.5 37.0 46.0
v -16.0 37.0 45.6
v -16.5 37.0 49.0
v -16.0 36.7 49.0
v -16.0 37.0 48.7
v -16.8 37.0 50.0
v -16.0 36.3 50.0
v -16.7 38.0 37.0
v -16.5 38.0 38.0
v -16.5 38.0 39.0
v -16.0 37.4 40.0
v -16.4 38.0 40.0
v -16.9 38.0 41.0
v -16.0 37.3 41.0
v -16.0 37.5 46.0
v -16.2 38.0 47.0
v -16.0 38.0 46.7
v -16.0 38.0 47.3
v -16.0 37.6 48.0
v -16.8 39.0 38.0
v -16.7 39.0 39.0
v -16.8 39.0 40.0
v -16.0 38.2 47.0
v -15.8 21.0 52.0
v -15.8 21.0 53.0
v -15.6 22.0 52.0
v -15.6 22.0 53.0
v -15.6 23.0 52.0
v -15.3 23.0 53.0
v -15.9 24.0 51.0
v -15.8 24.0 52.0
v -15.9 31.0 42.0
v -15.7 32.0 41.0
v -15.6 32.0 42.0
v -15.7 33.0 40.0
v -15.4 33.0 41.0
v -15.5 33.0 42.0
v -15.8 33.0 46.0
v -15.7 34.0 39.0
v -15.4 34.0 40.0
v -15.0 34.0 40.8
v -15.0 33.8 41.0
v -15.0 33.7 42.0
v -15.6 34.0 43.0
v -15.0 34.0 42.3
v -15.7 34.0 44.0
v -15.5 34.0 45.0
v -15.4 34.0 46.0
v -15.5 34.0 47.0
v -15.5 34.0 48.0
v -15.6 34.0 49.0
v -15.8 34.0 50.0
v -15.8 35.0 37.0
v -15.6 35.0 38.0
v -15.5 35.0 39.0
v -15.5 35.0 40.0
v -15.0 34.2 41.0
v -15.3 35.0 41.0
v -15.0 35.0 41.9
v -15.0 35.0 42.0
v -15.9 35.0 44.0
v -15.0 35.0 44.7
v -15.0 34.7 45.0
v -15.0 34.5 46.0
v -15.0 34.5 47.0
v -15.0 34.6 48.0
v -15.0 35.0 48.5
v -15.3 35.0 49.0
v -15.6 35.0 50.0
v -15.7 36.0 37.0
v -15.6 36.0 38.0
v -15.6 36.0 39.0
v -15.5 36.0 40.0
v -15.6 36.0 41.0
v -15.0 35.0 42.0
v -15.0 36.0 44.7
v -15.0 35.8 49.0
v -15.0 36.0 49.1
v -15.7 36.0 50.0
v -15.7 37.0 40.0
v -15.8 37.0 41.0
v -15.0 36.3 45.0
v -15.0 37.0 45.4
v -15.0 36.2 49.0
v -15.0 37.0 48.5
v -15.4 38.0 46.0
v -15.0 38.0 45.7
v -15.3 38.0 48.0
v -15.0 38.0 48.1
v -15.0 38.4 46.0
v -15.1 39.0 47.0
v -15.0 39.0 46.8
v -15.0 39.0 47.1
v -15.0 38.2 48.0
v -15.0 39.1 47.0
v -14.9 34.0 41.0
v -14.8 34.0 42.0
v -15.0 35.0 42.0
v -14.7 35.0 45.0
v -14.5 35.0 46.0
v -14.5 35.0 47.0
v -14.7 35.0 48.0
v -14.7 36.0 45.0
v -14.0 36.0 45.7
v -14.0 35.7 46.0
v -14.0 35.7 47.0
v -14.0 36.0 47.4
v -14.3 36.0 48.0
v -14.9 36.0 49.0
v -14.0 37.0 45.6
v -14.0 36.8 48.0
v -14.0 37.0 48.1
v -14.0 38.0 45.6
v -14.7 38.0 48.0
v -14.0 37.2 48.0
v -14.0 38.0 47.6
v -14.3 39.0 46.0
v -14.0 39.0 45.8
v -14.0 39.0 47.2
v -14.0 39.5 46.0
v -14.0 39.2 47.0
v -13.8 36.0 46.0
v -13.7 36.0 47.0
v -13.6 37.0 46.0
v -13.5 37.0 47.0
v -13.9 37.0 48.0
v -13.2 38.0 46.0
v -13.5 38.0 47.0
v -13.8 39.0 46.0
v -13.8 39.0 47.0
f 3 2 1
f 5 4 1
f 1 4 3
f 7 6 5
f 5 6 4
f 7 8 6
f 11 10 9
f 11 9 2
f 9 1 2
f 9 12 1
f 1 13 5
f 1 12 13
f 5 14 7
f 5 13 14
f 8 7 15
f 15 7 14
f 9 10 16
f 16 10 17
f 9 18 12
f 9 16 18
f 12 19 13
f 12 18 19
f 21 14 20
f 14 19 20
f 14 13 19
f 14 21 15
f 24 23 22
f 22 25 24
f 17 26 16
f 28 27 26
f 27 16 26
f 27 18 16
f 30 19 29
f 19 27 29
f 19 18 27
f 19 30 20
f 22 23 31
f 31 23 32
f 25 22 33
f 33 22 31
f 28 34 27
f 27 34 29
f 31 32 35
f 35 32 36
f 33 31 37
f 37 31 35
f 36 38 35
f 41 40 39
f 35 38 37
f 43 42 40
f 40 42 39
f 43 44 42
f 41 45 40
f 40 45 43
f 43 45 46
f 43 46 44
f 49 48 47
f 51 50 47
f 47 50 49
f 51 52 50
f 55 54 53
f 55 53 48
f 53 47 48
f 53 56 47
f 47 57 51
f 47 56 57
f 52 51 58
f 51 59 58
f 51 57 59
f 61 60 59
f 59 60 58
f 61 62 60
f 53 54 63
f 63 54 64
f 53 65 56
f 53 63 65
f 56 66 57
f 56 65 66
f 57 67 59
f 57 66 67
f 59 68 61
f 59 67 68
f 62 61 69
f 61 70 69
f 61 68 70
f 70 71 69
f 74 73 72
f 76 75 72
f 72 75 74
f 78 77 76
f 76 77 75
f 77 78 64
f 78 63 64
f 78 79 63
f 63 80 65
f 63 79 80
f 80 2 3
f 66 80 3
f 65 80 66
f 66 3 4
f 66 4 67
f 67 4 6
f 67 6 68
f 68 6 8
f 81 68 8
f 70 68 81
f 71 70 82
f 82 70 81
f 85 84 83
f 85 83 73
f 83 72 73
f 83 86 72
f 72 87 76
f 72 86 87
f 76 88 78
f 76 87 88
f 78 89 79
f 78 88 89
f 89 10 11
f 80 89 11
f 79 89 80
f 80 11 2
f 91 90 81
f 8 91 81
f 15 91 8
f 81 90 82
f 94 93 92
f 96 95 92
f 92 95 94
f 95 96 84
f 96 83 84
f 96 97 83
f 83 98 86
f 83 97 98
f 86 99 87
f 86 98 99
f 87 100 88
f 87 99 100
f 88 101 89
f 88 100 101
f 101 17 10
f 101 10 89
f 20 102 21
f 102 103 21
f 103 15 21
f 103 91 15
f 92 93 104
f 104 93 105
f 92 106 96
f 92 104 106
f 106 23 24
f 97 106 24
f 96 106 97
f 97 24 25
f 107 97 25
f 98 97 107
f 98 108 99
f 98 107 108
f 99 109 100
f 99 108 109
f 100 110 101
f 100 109 110
f 111 26 17
f 101 111 17
f 110 111 101
f 111 28 26
f 29 112 30
f 112 113 30
f 30 113 20
f 113 114 20
f 114 102 20
f 102 114 103
f 104 105 115
f 115 105 116
f 104 117 106
f 104 115 117
f 117 32 23
f 117 23 106
f 33 118 107
f 33 107 25
f 107 119 108
f 107 118 119
f 108 120 109
f 108 119 120
f 109 121 110
f 109 120 121
f 110 122 111
f 110 121 122
f 111 122 28
f 122 123 28
f 123 34 28
f 122 124 123
f 29 34 112
f 34 125 112
f 34 123 125
f 112 125 113
f 116 126 115
f 128 127 126
f 127 115 126
f 127 117 115
f 127 36 32
f 127 32 117
f 37 129 118
f 37 118 33
f 118 130 119
f 118 129 130
f 119 131 120
f 119 130 131
f 120 132 121
f 120 131 132
f 134 122 133
f 122 132 133
f 122 121 132
f 122 134 124
f 127 128 135
f 135 128 136
f 137 38 36
f 127 137 36
f 135 137 127
f 137 37 38
f 137 129 37
f 137 41 39
f 129 137 39
f 129 39 42
f 129 42 130
f 130 42 44
f 138 130 44
f 131 130 138
f 131 139 132
f 131 138 139
f 133 132 140
f 132 141 140
f 132 139 141
f 141 142 140
f 135 136 143
f 143 136 144
f 135 145 137
f 135 143 145
f 146 45 41
f 137 146 41
f 145 146 137
f 147 46 45
f 147 45 146
f 138 44 46
f 147 138 46
f 148 138 147
f 138 149 139
f 138 148 149
f 151 141 150
f 141 149 150
f 141 139 149
f 141 151 142
f 143 144 152
f 152 144 153
f 143 154 145
f 143 152 154
f 145 155 146
f 145 154 155
f 146 156 147
f 146 155 156
f 147 157 148
f 147 156 157
f 148 158 149
f 148 157 158
f 150 149 159
f 149 160 159
f 149 158 160
f 160 161 159
f 152 153 162
f 162 153 163
f 152 164 154
f 152 162 164
f 154 165 155
f 154 164 165
f 155 166 156
f 155 165 166
f 156 167 157
f 156 166 167
f 157 168 158
f 157 167 168
f 158 169 160
f 158 168 169
f 161 160 170
f 170 160 169
f 163 171 162
f 173 172 171
f 172 162 171
f 172 164 162
f 164 174 165
f 164 172 174
f 165 175 166
f 165 174 175
f 166 176 167
f 166 175 176
f 178 168 177
f 168 176 177
f 168 167 176
f 168 178 169
f 169 178 179
f 169 179 170
f 173 180 172
f 172 180 174
f 174 180 181
f 174 181 175
f 175 181 182
f 175 182 176
f 176 182 183
f 176 183 177
f 186 185 184
f 48 49 184
f 49 186 184
f 49 187 186
f 188 49 50
f 188 187 49
f 190 189 52
f 189 50 52
f 189 188 50
f 190 191 189
f 194 193 192
f 194 192 185
f 185 192 184
f 192 54 184
f 54 55 184
f 184 55 48
f 58 190 52
f 195 191 190
f 58 195 190
f 60 195 58
f 60 62 195
f 195 62 196
f 199 198 197
f 201 200 197
f 197 200 199
f 203 202 201
f 201 202 200
f 202 203 193
f 203 192 193
f 203 204 192
f 204 64 54
f 204 54 192
f 205 196 62
f 205 62 69
f 69 71 205
f 205 71 206
f 209 208 207
f 209 207 198
f 207 197 198
f 207 210 197
f 210 73 74
f 201 210 74
f 197 210 201
f 201 74 75
f 201 75 203
f 203 75 77
f 203 77 204
f 204 77 64
f 82 206 71
f 82 211 206
f 214 213 212
f 216 215 212
f 212 215 214
f 215 216 208
f 216 207 208
f 216 217 207
f 217 84 85
f 210 217 85
f 207 217 210
f 210 85 73
f 91 218 90
f 218 219 90
f 219 82 90
f 219 211 82
f 212 213 220
f 220 213 221
f 220 93 94
f 216 220 94
f 212 220 216
f 216 94 95
f 216 95 217
f 217 95 84
f 223 222 218
f 91 223 218
f 103 223 91
f 218 222 219
f 220 221 224
f 224 221 225
f 224 105 93
f 224 93 220
f 227 226 114
f 227 114 113
f 103 114 223
f 223 114 226
f 224 225 228
f 228 225 229
f 228 116 105
f 228 105 224
f 124 230 123
f 123 230 231
f 232 123 231
f 125 123 232
f 113 125 227
f 227 125 232
f 235 234 233
f 235 233 229
f 233 228 229
f 233 236 228
f 237 126 116
f 228 237 116
f 236 237 228
f 237 128 126
f 133 238 134
f 238 239 134
f 134 239 124
f 239 240 124
f 240 230 124
f 230 240 231
f 233 234 241
f 241 234 242
f 233 243 236
f 233 241 243
f 236 244 237
f 236 243 244
f 244 136 128
f 244 128 237
f 140 238 133
f 246 245 142
f 142 245 140
f 245 239 140
f 239 238 140
f 246 247 245
f 241 242 248
f 248 242 249
f 241 250 243
f 241 248 250
f 243 251 244
f 243 250 251
f 251 144 136
f 251 136 244
f 150 252 151
f 246 142 151
f 252 246 151
f 253 246 252
f 247 246 254
f 254 246 253
f 249 255 248
f 257 256 255
f 256 248 255
f 256 250 248
f 250 258 251
f 250 256 258
f 258 153 144
f 258 144 251
f 159 252 150
f 252 159 161
f 259 252 161
f 253 252 259
f 254 253 260
f 260 253 259
f 257 261 256
f 263 262 261
f 262 256 261
f 262 258 256
f 262 163 153
f 262 153 258
f 265 264 259
f 161 265 259
f 170 265 161
f 259 264 260
f 263 266 262
f 262 266 163
f 266 171 163
f 266 267 171
f 173 171 267
f 173 267 268
f 177 269 178
f 178 269 270
f 271 178 270
f 179 178 271
f 170 179 265
f 265 179 271
f 180 173 272
f 173 273 272
f 173 268 273
f 274 181 180
f 274 180 272
f 275 182 181
f 275 181 274
f 276 183 182
f 276 182 275
f 276 277 183
f 183 277 177
f 277 278 177
f 278 269 177
f 269 278 270
f 273 279 272
f 281 280 279
f 280 272 279
f 280 274 272
f 283 275 282
f 275 280 282
f 275 274 280
f 275 283 276
f 276 283 284
f 276 284 277
f 281 285 280
f 280 285 282
f 288 287 286
f 290 289 286
f 286 289 288
f 292 291 290
f 290 291 289
f 294 293 292
f 292 293 291
f 294 295 293
f 298 297 296
f 300 299 296
f 296 299 298
f 299 300 287
f 287 300 286
f 300 185 286
f 185 186 286
f 286 186 187
f 286 187 290
f 290 187 188
f 290 188 292
f 292 188 189
f 292 189 294
f 302 301 191
f 191 301 189
f 301 295 189
f 295 294 189
f 302 303 301
f 306 305 304
f 308 307 304
f 304 307 306
f 307 308 297
f 308 296 297
f 308 309 296
f 309 193 194
f 300 309 194
f 296 309 300
f 300 194 185
f 195 302 191
f 311 310 196
f 196 310 195
f 310 303 195
f 303 302 195
f 311 312 310
f 315 314 313
f 315 313 305
f 305 313 304
f 313 198 304
f 198 199 304
f 304 199 200
f 304 200 308
f 308 200 202
f 308 202 309
f 309 202 193
f 205 311 196
f 317 316 206
f 206 316 205
f 316 312 205
f 312 311 205
f 317 318 316
f 321 320 319
f 323 322 319
f 319 322 321
f 325 324 323
f 323 324 322
f 324 325 314
f 314 325 313
f 325 208 313
f 208 209 313
f 313 209 198
f 211 326 317
f 211 317 206
f 318 317 327
f 327 317 326
f 319 320 328
f 328 320 329
f 328 213 214
f 323 328 214
f 319 328 323
f 323 214 215
f 323 215 325
f 325 215 208
f 331 330 326
f 211 331 326
f 219 331 211
f 326 330 327
f 328 329 332
f 332 329 333
f 332 221 213
f 332 213 328
f 335 334 222
f 335 222 223
f 219 222 331
f 331 222 334
f 338 337 336
f 338 336 333
f 336 332 333
f 336 339 332
f 339 225 221
f 339 221 332
f 227 340 226
f 340 341 226
f 341 223 226
f 341 335 223
f 344 343 342
f 344 342 337
f 342 336 337
f 342 345 336
f 336 346 339
f 336 345 346
f 346 229 225
f 346 225 339
f 231 347 232
f 340 227 232
f 347 340 232
f 348 340 347
f 341 340 349
f 349 340 348
f 342 343 350
f 350 343 351
f 342 352 345
f 342 350 352
f 352 234 235
f 346 352 235
f 345 352 346
f 346 235 229
f 239 353 240
f 347 231 240
f 353 347 240
f 354 347 353
f 347 355 348
f 347 354 355
f 349 348 356
f 356 348 355
f 350 351 357
f 357 351 358
f 350 359 352
f 350 357 359
f 359 242 234
f 359 234 352
f 245 353 239
f 353 245 247
f 360 353 247
f 354 353 360
f 362 355 361
f 355 360 361
f 355 354 360
f 355 362 356
f 357 358 363
f 363 358 364
f 357 365 359
f 357 363 365
f 365 249 242
f 365 242 359
f 367 366 360
f 247 367 360
f 254 367 247
f 360 366 361
f 364 368 363
f 370 369 368
f 369 363 368
f 369 365 363
f 371 255 249
f 365 371 249
f 369 371 365
f 371 257 255
f 260 367 254
f 260 372 367
f 370 373 369
f 375 374 373
f 374 369 373
f 374 371 369
f 376 261 257
f 371 376 257
f 374 376 371
f 376 263 261
f 378 377 264
f 378 264 265
f 260 264 372
f 372 264 377
f 374 375 379
f 379 375 380
f 382 376 381
f 376 379 381
f 376 374 379
f 382 384 383
f 382 383 266
f 376 382 266
f 263 376 266
f 385 267 266
f 385 266 383
f 385 268 267
f 387 386 271
f 387 271 270
f 265 271 378
f 378 271 386
f 380 388 379
f 379 388 381
f 384 389 383
f 383 389 385
f 385 389 390
f 268 385 390
f 391 268 390
f 273 268 391
f 277 392 278
f 392 393 278
f 393 270 278
f 393 387 270
f 279 273 394
f 273 395 394
f 273 391 395
f 394 281 279
f 282 396 283
f 283 396 397
f 398 283 397
f 284 283 398
f 277 284 392
f 284 399 392
f 284 398 399
f 392 399 393
f 394 395 400
f 400 395 401
f 402 285 281
f 394 402 281
f 400 402 394
f 402 403 285
f 285 403 282
f 403 404 282
f 404 396 282
f 396 404 397
f 401 405 400
f 400 405 402
f 402 405 406
f 402 406 403
f 409 408 407
f 407 410 409
f 413 412 411
f 415 414 411
f 411 414 413
f 415 416 414
f 418 417 288
f 288 417 287
f 289 407 408
f 418 289 408
f 288 289 418
f 419 410 407
f 289 419 407
f 291 419 289
f 293 411 412
f 419 293 412
f 291 293 419
f 415 411 420
f 411 295 420
f 295 421 420
f 295 411 293
f 415 420 416
f 424 423 422
f 426 425 422
f 422 425 424
f 297 298 426
f 298 425 426
f 298 427 425
f 428 298 299
f 428 427 298
f 299 287 417
f 299 417 428
f 429 421 295
f 429 295 301
f 431 430 303
f 430 301 303
f 430 429 301
f 431 432 430
f 435 434 433
f 437 436 433
f 433 436 435
f 436 437 423
f 423 437 422
f 437 305 422
f 305 306 422
f 422 306 307
f 422 307 426
f 426 307 297
f 310 431 303
f 439 438 312
f 312 438 310
f 438 432 310
f 432 431 310
f 439 440 438
f 443 442 441
f 445 444 441
f 441 444 443
f 444 445 434
f 445 433 434
f 445 446 433
f 446 314 315
f 437 446 315
f 433 446 437
f 437 315 305
f 316 439 312
f 316 318 439
f 318 440 439
f 318 447 440
f 450 449 448
f 450 448 442
f 442 448 441
f 448 320 441
f 320 321 441
f 441 321 322
f 441 322 445
f 445 322 324
f 445 324 446
f 446 324 314
f 327 447 318
f 327 451 447
f 448 449 452
f 452 449 453
f 452 329 320
f 452 320 448
f 331 454 330
f 454 455 330
f 455 327 330
f 455 451 327
f 452 453 456
f 456 453 457
f 456 333 329
f 456 329 452
f 335 458 334
f 458 459 334
f 334 459 331
f 459 460 331
f 460 454 331
f 454 460 455
f 463 462 461
f 463 461 457
f 457 461 456
f 461 337 456
f 337 338 456
f 456 338 333
f 465 464 458
f 335 465 458
f 341 465 335
f 458 464 459
f 468 467 466
f 468 466 462
f 462 466 461
f 466 343 461
f 343 344 461
f 461 344 337
f 349 465 341
f 349 469 465
f 472 471 470
f 472 470 467
f 470 466 467
f 470 473 466
f 473 351 343
f 473 343 466
f 356 469 349
f 356 474 469
f 470 471 475
f 475 471 476
f 470 477 473
f 470 475 477
f 477 358 351
f 477 351 473
f 479 478 362
f 479 362 361
f 356 362 474
f 474 362 478
f 475 476 480
f 480 476 481
f 475 482 477
f 475 480 482
f 482 364 358
f 482 358 477
f 484 483 366
f 484 366 367
f 361 366 479
f 479 366 483
f 481 485 480
f 487 486 485
f 486 480 485
f 486 482 480
f 488 368 364
f 482 488 364
f 486 488 482
f 488 370 368
f 372 484 367
f 372 489 484
f 486 487 490
f 490 487 491
f 486 492 488
f 486 490 492
f 493 373 370
f 488 493 370
f 492 493 488
f 493 375 373
f 378 494 377
f 494 495 377
f 495 372 377
f 495 489 372
f 491 496 490
f 498 497 496
f 497 490 496
f 497 492 490
f 492 499 493
f 492 497 499
f 499 380 375
f 499 375 493
f 381 500 382
f 500 384 382
f 387 501 386
f 501 502 386
f 386 502 378
f 502 503 378
f 503 494 378
f 494 503 495
f 498 504 497
f 497 504 499
f 499 504 505
f 499 505 380
f 505 388 380
f 505 506 388
f 381 388 500
f 388 507 500
f 388 506 507
f 507 509 508
f 507 508 389
f 500 507 389
f 384 500 389
f 510 390 389
f 510 389 508
f 510 391 390
f 512 511 501
f 387 512 501
f 393 512 387
f 501 511 502
f 508 509 513
f 513 509 514
f 508 515 510
f 508 513 515
f 515 395 391
f 515 391 510
f 397 516 398
f 517 399 398
f 517 398 516
f 517 518 399
f 518 393 399
f 518 512 393
f 514 519 513
f 521 520 519
f 520 513 519
f 520 515 513
f 520 401 395
f 520 395 515
f 403 522 404
f 522 523 404
f 404 523 397
f 523 524 397
f 524 516 397
f 516 524 517
f 517 524 525
f 517 525 518
f 521 526 520
f 520 526 401
f 526 405 401
f 526 527 405
f 527 529 528
f 406 527 528
f 405 527 406
f 528 530 406
f 406 530 403
f 530 531 403
f 531 522 403
f 522 531 523
f 529 532 528
f 528 532 530
f 535 534 533
f 408 409 533
f 409 535 533
f 409 536 535
f 538 537 410
f 537 409 410
f 537 536 409
f 412 413 538
f 413 537 538
f 413 539 537
f 540 413 414
f 540 539 413
f 542 541 416
f 541 414 416
f 541 540 414
f 542 543 541
f 546 545 544
f 546 544 534
f 534 544 533
f 544 417 533
f 417 418 533
f 533 418 408
f 419 538 410
f 538 419 412
f 421 547 420
f 542 416 420
f 547 542 420
f 548 542 547
f 543 542 549
f 542 550 549
f 542 548 550
f 552 551 550
f 550 551 549
f 552 553 551
f 555 554 424
f 424 554 423
f 556 424 425
f 556 555 424
f 557 425 427
f 557 556 425
f 428 544 545
f 557 428 545
f 427 428 557
f 544 428 417
f 429 547 421
f 547 429 430
f 547 430 548
f 548 430 432
f 558 548 432
f 550 548 558
f 550 559 552
f 550 558 559
f 553 552 560
f 560 552 559
f 563 562 561
f 434 435 561
f 435 563 561
f 435 564 563
f 565 435 436
f 565 564 435
f 436 423 554
f 436 554 565
f 438 558 432
f 558 438 440
f 566 558 440
f 559 558 566
f 560 559 567
f 559 568 567
f 559 566 568
f 568 569 567
f 572 571 570
f 442 443 570
f 443 572 570
f 443 573 572
f 444 561 562
f 573 444 562
f 443 444 573
f 561 444 434
f 447 574 566
f 447 566 440
f 576 568 575
f 568 574 575
f 568 566 574
f 568 576 569
f 570 571 450
f 571 449 450
f 571 577 449
f 570 450 442
f 451 578 574
f 451 574 447
f 575 574 579
f 579 574 578
f 577 453 449
f 580 453 577
f 582 581 578
f 451 582 578
f 455 582 451
f 578 581 579
f 585 584 583
f 580 585 583
f 457 580 583
f 453 580 457
f 459 586 460
f 586 587 460
f 587 455 460
f 587 582 455
f 590 589 588
f 590 588 584
f 584 588 583
f 588 462 583
f 462 463 583
f 583 463 457
f 592 591 464
f 592 464 465
f 459 464 586
f 464 593 586
f 464 591 593
f 586 593 587
f 588 589 468
f 589 467 468
f 589 594 467
f 588 468 462
f 469 592 465
f 469 595 592
f 598 597 596
f 471 472 596
f 472 598 596
f 472 599 598
f 472 467 594
f 472 594 599
f 474 595 469
f 474 600 595
f 596 597 601
f 601 597 602
f 601 476 471
f 601 471 596
f 479 603 478
f 603 604 478
f 604 474 478
f 604 600 474
f 601 602 605
f 605 602 606
f 605 481 476
f 605 476 601
f 484 607 483
f 607 608 483
f 483 608 479
f 608 609 479
f 609 603 479
f 603 609 604
f 605 606 610
f 610 606 611
f 612 485 481
f 605 612 481
f 610 612 605
f 612 487 485
f 489 613 607
f 489 607 484
f 608 607 614
f 614 607 613
f 610 611 615
f 615 611 616
f 610 617 612
f 610 615 617
f 617 491 487
f 617 487 612
f 619 618 613
f 489 619 613
f 495 619 489
f 613 618 614
f 616 620 615
f 622 621 620
f 621 615 620
f 621 617 615
f 623 496 491
f 617 623 491
f 621 623 617
f 623 498 496
f 502 624 503
f 624 625 503
f 625 495 503
f 625 619 495
f 622 626 621
f 628 627 626
f 627 621 626
f 627 623 621
f 629 504 498
f 623 629 498
f 627 629 623
f 504 629 630
f 631 504 630
f 505 504 631
f 505 632 506
f 631 632 505
f 632 634 633
f 507 632 633
f 506 632 507
f 633 509 507
f 512 635 511
f 635 636 511
f 511 636 502
f 636 637 502
f 637 624 502
f 624 637 625
f 628 638 627
f 627 638 629
f 629 638 639
f 629 639 630
f 633 634 640
f 640 634 641
f 640 514 509
f 640 509 633
f 643 642 635
f 512 643 635
f 518 643 512
f 635 642 636
f 641 644 640
f 644 646 645
f 644 645 519
f 640 644 519
f 514 640 519
f 645 521 519
f 523 647 524
f 524 647 648
f 649 524 648
f 525 524 649
f 518 525 643
f 643 525 649
f 646 650 645
f 645 650 521
f 650 526 521
f 650 651 526
f 651 653 652
f 527 651 652
f 526 651 527
f 652 529 527
f 530 654 531
f 654 655 531
f 531 655 523
f 655 656 523
f 656 647 523
f 647 656 648
f 653 657 652
f 657 659 658
f 657 658 532
f 652 657 532
f 529 652 532
f 654 530 532
f 658 654 532
f 660 654 658
f 655 654 661
f 661 654 660
f 659 662 658
f 658 662 660
f 660 662 663
f 660 663 661
f 666 665 664
f 668 667 664
f 664 667 666
f 668 669 667
f 665 670 664
f 672 671 670
f 671 664 670
f 671 668 664
f 669 668 673
f 668 674 673
f 668 671 674
f 674 675 673
f 677 676 535
f 535 676 534
f 678 535 536
f 678 677 535
f 679 536 537
f 679 678 536
f 681 679 680
f 679 539 680
f 679 537 539
f 540 682 539
f 539 682 680
f 682 540 683
f 540 684 683
f 540 541 684
f 686 685 543
f 685 541 543
f 685 684 541
f 686 687 685
f 690 689 688
f 690 688 672
f 688 671 672
f 688 691 671
f 693 674 692
f 674 691 692
f 674 671 691
f 674 693 675
f 696 695 694
f 545 546 694
f 546 696 694
f 546 697 696
f 546 534 676
f 546 676 697
f 698 681 680
f 698 680 682
f 698 682 699
f 699 682 683
f 549 686 543
f 549 551 686
f 551 700 686
f 700 687 686
f 551 701 700
f 689 702 688
f 701 551 553
f 704 703 702
f 703 688 702
f 703 691 688
f 692 691 705
f 705 691 703
f 706 554 555
f 706 555 707
f 555 708 707
f 555 556 708
f 557 694 695
f 708 557 695
f 556 557 708
f 694 557 545
f 709 700 701
f 701 553 709
f 553 710 709
f 553 560 710
f 704 711 703
f 703 711 705
f 714 713 712
f 562 563 712
f 563 714 712
f 563 715 714
f 716 563 564
f 716 715 563
f 717 564 565
f 717 716 564
f 565 554 706
f 718 565 706
f 717 565 718
f 718 706 707
f 719 710 560
f 719 560 567
f 567 569 719
f 719 569 720
f 722 721 572
f 572 721 571
f 573 712 713
f 722 573 713
f 572 573 722
f 712 573 562
f 575 723 576
f 723 724 576
f 724 569 576
f 724 720 569
f 721 577 571
f 725 577 721
f 579 726 723
f 579 723 575
f 724 723 727
f 723 728 727
f 723 726 728
f 728 729 727
f 725 580 577
f 730 580 725
f 732 731 581
f 732 581 582
f 579 581 726
f 581 733 726
f 581 731 733
f 726 733 728
f 728 733 734
f 728 734 729
f 736 735 585
f 585 735 584
f 585 580 730
f 585 730 736
f 739 738 737
f 738 732 737
f 732 587 737
f 732 582 587
f 741 740 590
f 590 740 589
f 590 584 735
f 590 735 741
f 592 742 591
f 743 739 737
f 591 743 737
f 593 591 737
f 743 591 742
f 593 737 587
f 740 594 589
f 744 594 740
f 595 745 742
f 595 742 592
f 743 742 746
f 746 742 745
f 748 747 598
f 598 747 597
f 749 598 599
f 749 748 598
f 599 594 744
f 599 744 749
f 600 750 745
f 600 745 595
f 746 745 751
f 751 745 750
f 747 602 597
f 752 602 747
f 604 753 750
f 604 750 600
f 751 750 754
f 754 750 753
f 752 606 602
f 755 606 752
f 608 756 609
f 753 604 609
f 756 753 609
f 757 753 756
f 754 753 758
f 758 753 757
f 761 760 759
f 755 761 759
f 611 755 759
f 606 755 611
f 614 762 756
f 614 756 608
f 756 763 757
f 756 762 763
f 758 757 764
f 764 757 763
f 760 765 759
f 611 759 765
f 766 611 765
f 616 611 766
f 619 767 618
f 762 614 618
f 767 762 618
f 768 762 767
f 770 763 769
f 763 768 769
f 763 762 768
f 763 770 764
f 620 616 771
f 616 772 771
f 616 766 772
f 771 622 620
f 775 774 773
f 777 776 773
f 777 773 774
f 778 776 777
f 625 779 767
f 625 767 619
f 767 780 768
f 767 779 780
f 769 768 781
f 781 768 780
f 772 782 771
f 782 784 783
f 782 783 626
f 771 782 626
f 622 771 626
f 783 628 626
f 630 785 631
f 786 632 631
f 786 631 785
f 786 634 632
f 775 773 787
f 775 787 788
f 789 773 776
f 787 773 789
f 776 778 790
f 776 790 789
f 636 791 637
f 791 792 637
f 637 792 625
f 792 793 625
f 793 779 625
f 779 793 780
f 780 793 794
f 780 794 781
f 784 795 783
f 783 795 628
f 795 638 628
f 795 796 638
f 638 797 639
f 796 797 638
f 639 797 630
f 797 798 630
f 798 785 630
f 798 797 799
f 785 800 786
f 785 798 800
f 800 641 634
f 800 634 786
f 801 788 787
f 803 802 801
f 787 803 801
f 789 803 787
f 804 642 643
f 789 804 643
f 803 789 643
f 804 789 790
f 636 642 791
f 642 805 791
f 642 804 805
f 791 805 792
f 799 806 798
f 808 807 806
f 807 798 806
f 807 800 798
f 809 644 641
f 800 809 641
f 807 809 800
f 809 646 644
f 802 803 649
f 648 802 649
f 810 802 648
f 649 803 643
f 807 808 811
f 811 808 812
f 807 813 809
f 807 811 813
f 814 650 646
f 809 814 646
f 813 814 809
f 815 651 650
f 815 650 814
f 815 653 651
f 817 816 656
f 817 656 655
f 648 656 810
f 810 656 816
f 812 818 811
f 820 819 818
f 819 811 818
f 819 813 811
f 822 814 821
f 814 819 821
f 814 813 819
f 824 823 822
f 823 814 822
f 823 815 814
f 825 657 653
f 815 825 653
f 823 825 815
f 825 659 657
f 828 827 826
f 827 817 826
f 817 661 826
f 817 655 661
f 820 829 819
f 819 829 821
f 824 830 823
f 823 830 825
f 825 830 831
f 825 831 659
f 831 662 659
f 831 832 662
f 826 663 828
f 663 832 828
f 663 662 832
f 663 826 661
f 835 834 833
f 837 836 833
f 833 836 835
f 837 838 836
f 840 839 666
f 666 839 665
f 667 833 834
f 840 667 834
f 666 667 840
f 833 667 669
f 841 833 669
f 837 833 841
f 838 837 842
f 842 837 841
f 670 665 843
f 665 844 843
f 665 839 844
f 843 672 670
f 673 841 669
f 846 845 675
f 675 845 673
f 845 842 673
f 842 841 673
f 846 847 845
f 849 848 677
f 677 848 676
f 850 677 678
f 850 849 677
f 851 678 679
f 851 850 678
f 853 852 681
f 852 679 681
f 852 851 679
f 853 854 852
f 856 855 684
f 684 855 683
f 857 684 685
f 857 856 684
f 859 858 687
f 858 685 687
f 858 857 685
f 858 859 844
f 844 859 843
f 859 689 843
f 689 690 843
f 843 690 672
f 692 860 693
f 860 861 693
f 693 861 675
f 861 862 675
f 862 846 675
f 846 862 847
f 863 695 696
f 863 696 864
f 696 865 864
f 696 697 865
f 697 676 848
f 697 848 865
f 698 853 681
f 866 854 853
f 698 866 853
f 699 866 698
f 699 683 855
f 699 855 866
f 700 867 859
f 700 859 687
f 868 702 689
f 859 868 689
f 867 868 859
f 868 704 702
f 705 869 860
f 705 860 692
f 861 860 870
f 870 860 869
f 872 871 708
f 708 871 707
f 708 695 863
f 873 708 863
f 872 708 873
f 873 863 864
f 709 867 700
f 867 709 710
f 874 867 710
f 868 867 874
f 875 711 704
f 868 875 704
f 874 875 868
f 875 876 711
f 711 876 705
f 876 877 705
f 877 869 705
f 869 877 870
f 878 713 714
f 878 714 879
f 714 880 879
f 714 715 880
f 881 715 716
f 881 880 715
f 882 716 717
f 882 881 716
f 883 717 718
f 883 882 717
f 718 707 871
f 718 871 883
f 719 874 710
f 875 874 884
f 874 720 884
f 720 885 884
f 720 874 719
f 875 884 876
f 887 886 722
f 722 886 721
f 722 713 878
f 888 722 878
f 887 722 888
f 888 878 879
f 724 890 889
f 885 724 889
f 720 724 885
f 890 891 889
f 886 725 721
f 892 725 886
f 727 890 724
f 727 729 890
f 729 891 890
f 729 893 891
f 896 895 894
f 892 896 894
f 730 892 894
f 725 892 730
f 898 897 731
f 898 731 732
f 731 899 733
f 897 899 731
f 733 900 734
f 899 900 733
f 729 734 893
f 893 734 900
f 894 895 736
f 895 735 736
f 895 901 735
f 894 736 730
f 904 903 902
f 738 739 902
f 903 738 902
f 905 738 903
f 732 738 898
f 898 738 905
f 908 907 906
f 740 741 906
f 741 908 906
f 741 909 908
f 741 735 901
f 741 901 909
f 904 902 910
f 904 910 911
f 743 910 739
f 739 910 902
f 906 907 912
f 912 907 913
f 912 744 740
f 912 740 906
f 911 910 914
f 911 914 915
f 746 914 743
f 743 914 910
f 917 916 748
f 748 916 747
f 749 912 913
f 917 749 913
f 748 749 917
f 912 749 744
f 915 914 918
f 915 918 919
f 751 918 746
f 746 918 914
f 922 921 920
f 916 922 920
f 752 916 920
f 747 916 752
f 919 918 923
f 919 923 924
f 754 923 751
f 751 923 918
f 920 921 925
f 925 921 926
f 925 755 752
f 925 752 920
f 927 924 923
f 754 758 923
f 758 928 923
f 928 927 923
f 928 758 929
f 929 930 928
f 925 926 761
f 926 760 761
f 926 931 760
f 925 761 755
f 764 932 929
f 764 929 758
f 930 929 933
f 933 929 932
f 765 760 934
f 760 935 934
f 760 931 935
f 934 766 765
f 937 936 770
f 937 770 769
f 764 770 932
f 770 938 932
f 770 936 938
f 932 938 933
f 934 935 939
f 939 935 940
f 939 772 766
f 939 766 934
f 942 941 774
f 942 774 775
f 774 943 777
f 941 943 774
f 778 777 943
f 778 943 944
f 947 946 945
f 946 937 945
f 937 781 945
f 937 769 781
f 939 940 948
f 948 940 949
f 950 782 772
f 939 950 772
f 948 950 939
f 950 784 782
f 788 942 775
f 788 951 942
f 953 790 952
f 790 944 952
f 790 778 944
f 954 953 952
f 792 955 793
f 956 947 945
f 793 956 945
f 794 793 945
f 956 793 955
f 794 945 781
f 949 957 948
f 948 957 950
f 950 957 958
f 950 958 784
f 958 795 784
f 958 959 795
f 795 960 796
f 959 960 795
f 960 962 961
f 797 960 961
f 796 960 797
f 961 799 797
f 965 964 963
f 967 966 963
f 967 963 964
f 968 966 801
f 966 951 801
f 951 788 801
f 951 966 967
f 802 968 801
f 953 804 790
f 954 969 953
f 969 804 953
f 969 805 804
f 792 805 955
f 805 970 955
f 805 969 970
f 955 970 956
f 961 962 971
f 971 962 972
f 973 806 799
f 961 973 799
f 971 973 961
f 973 808 806
f 965 963 974
f 965 974 975
f 966 977 976
f 974 966 976
f 963 966 974
f 977 966 968
f 977 968 978
f 968 802 978
f 802 979 978
f 802 810 979
f 971 972 980
f 980 972 981
f 971 982 973
f 971 980 982
f 982 812 808
f 982 808 973
f 975 974 983
f 975 983 984
f 974 976 985
f 974 985 983
f 987 986 816
f 987 816 817
f 810 816 979
f 979 816 986
f 981 988 980
f 990 989 988
f 989 980 988
f 989 982 980
f 991 818 812
f 982 991 812
f 989 991 982
f 991 820 818
f 821 992 822
f 992 824 822
f 995 994 993
f 993 994 984
f 983 993 984
f 996 993 983
f 997 827 828
f 983 997 828
f 996 983 828
f 997 983 985
f 817 827 987
f 987 827 997
f 989 990 998
f 998 990 999
f 1001 991 1000
f 991 998 1000
f 991 989 998
f 1001 1003 1002
f 1001 1002 829
f 991 1001 829
f 820 991 829
f 992 821 829
f 1002 992 829
f 1004 992 1002
f 992 1004 824
f 1004 1005 824
f 1005 830 824
f 1004 1006 1005
f 993 831 995
f 831 1005 995
f 831 830 1005
f 831 993 832
f 832 993 996
f 832 996 828
f 999 1007 998
f 998 1007 1000
f 1003 1008 1002
f 1002 1008 1004
f 1004 1008 1009
f 1004 1009 1006
f 1011 1010 835
f 835 1010 834
f 1012 835 836
f 1012 1011 835
f 1014 1013 838
f 1013 836 838
f 1013 1012 836
f 1014 1015 1013
f 1017 1016 840
f 840 1016 839
f 840 834 1010
f 840 1010 1017
f 842 1018 1014
f 842 1014 838
f 1015 1014 1019
f 1019 1014 1018
f 1016 844 839
f 1020 844 1016
f 845 1018 842
f 845 847 1018
f 847 1019 1018
f 847 1021 1019
f 1023 1022 849
f 849 1022 848
f 1024 849 850
f 1024 1023 849
f 1025 850 851
f 1025 1024 850
f 1027 1025 1026
f 1025 852 1026
f 1025 851 852
f 854 1026 852
f 1029 1028 856
f 856 1028 855
f 1030 856 857
f 1030 1029 856
f 1031 857 858
f 1031 1030 857
f 858 844 1020
f 858 1020 1031
f 1033 1032 862
f 1033 862 861
f 847 862 1021
f 1021 862 1032
f 1035 1034 865
f 865 1034 864
f 865 848 1022
f 865 1022 1035
f 1036 1027 1026
f 1036 1026 854
f 866 1036 854
f 1037 1036 866
f 866 855 1028
f 866 1028 1037
f 870 1033 861
f 870 1038 1033
f 1041 1040 1039
f 871 872 1039
f 872 1041 1039
f 872 1042 1041
f 1043 872 873
f 1043 1042 872
f 873 864 1034
f 873 1034 1043
f 1045 1044 877
f 1045 877 876
f 870 877 1038
f 1038 877 1044
f 1047 1046 880
f 880 1046 879
f 1048 880 881
f 1048 1047 880
f 1049 881 882
f 1049 1048 881
f 883 1039 1040
f 1049 883 1040
f 882 883 1049
f 1039 883 871
f 885 1050 884
f 1050 1051 884
f 1051 876 884
f 1051 1045 876
f 1053 1052 887
f 887 1052 886
f 1054 887 888
f 1054 1053 887
f 888 879 1046
f 888 1046 1054
f 889 1050 885
f 889 891 1050
f 891 1051 1050
f 891 1055 1051
f 1052 892 886
f 1056 892 1052
f 1059 1058 1057
f 1061 1060 1057
f 1061 1057 1058
f 1061 1055 1060
f 1055 893 1060
f 1055 891 893
f 1062 895 896
f 1063 1062 896
f 892 1063 896
f 1056 1063 892
f 1065 1064 897
f 1065 897 898
f 1057 899 1059
f 899 1064 1059
f 899 897 1064
f 899 1057 900
f 900 1057 1060
f 900 1060 893
f 1068 1067 1066
f 1069 1068 1062
f 1068 901 1062
f 901 895 1062
f 1068 1066 901
f 1069 1062 1063
f 904 1070 903
f 903 1070 1071
f 1072 903 1071
f 905 903 1072
f 898 905 1065
f 1065 905 1072
f 1074 1073 908
f 908 1073 907
f 909 1066 1067
f 1074 909 1067
f 908 909 1074
f 1066 909 901
f 1077 1076 1075
f 1076 1078 1070
f 911 1076 1070
f 904 911 1070
f 1075 1076 911
f 1070 1078 1071
f 1073 913 907
f 1079 913 1073
f 1077 1075 1080
f 1077 1080 1081
f 915 1080 911
f 911 1080 1075
f 1083 1082 917
f 917 1082 916
f 917 913 1079
f 917 1079 1083
f 1081 1080 1084
f 1081 1084 1085
f 919 1084 915
f 915 1084 1080
f 1087 1086 922
f 922 1086 921
f 922 916 1082
f 922 1082 1087
f 1088 1085 1084
f 919 924 1084
f 924 1089 1084
f 1089 1088 1084
f 1089 924 1090
f 1090 1091 1089
f 1086 926 921
f 1092 926 1086
f 927 1090 924
f 927 928 1090
f 928 1093 1090
f 1093 1091 1090
f 928 1094 1093
f 930 1094 928
f 1097 1096 1095
f 1092 1097 1095
f 931 1092 1095
f 926 1092 931
f 1093 1094 1098
f 1093 1098 1099
f 933 1098 930
f 930 1098 1094
f 1095 1096 1100
f 1100 1096 1101
f 1100 935 931
f 1100 931 1095
f 937 1102 936
f 1103 1099 1098
f 936 1103 1098
f 938 936 1098
f 1103 936 1102
f 938 1098 933
f 1100 1101 1104
f 1104 1101 1105
f 1104 940 935
f 1104 935 1100
f 942 1106 941
f 941 1106 1107
f 1108 941 1107
f 943 941 1108
f 944 943 1108
f 944 1108 1109
f 947 1110 946
f 1102 937 946
f 1110 1102 946
f 1111 1102 1110
f 1103 1102 1112
f 1112 1102 1111
f 1104 1105 1113
f 1113 1105 1114
f 1113 949 940
f 1113 940 1104
f 1116 1115 1106
f 942 1116 1106
f 951 1116 942
f 1106 1115 1107
f 1109 1117 944
f 944 1117 952
f 1119 1118 954
f 952 1119 954
f 1117 1119 952
f 1120 1118 1119
f 956 1121 1110
f 956 1110 947
f 1123 1111 1122
f 1111 1121 1122
f 1111 1110 1121
f 1111 1123 1112
f 1114 1124 1113
f 1113 1124 949
f 1124 957 949
f 1124 1125 957
f 957 1126 958
f 1125 1126 957
f 958 1127 959
f 1126 1127 958
f 1127 1129 1128
f 960 1127 1128
f 959 1127 960
f 1128 962 960
f 1131 1130 964
f 1131 964 965
f 964 1132 967
f 1130 1132 964
f 951 967 1116
f 1116 967 1132
f 1118 969 954
f 1120 1133 1118
f 1133 969 1118
f 1133 970 969
f 956 970 1121
f 970 1134 1121
f 970 1133 1134
f 1121 1134 1122
f 1128 1129 1135
f 1135 1129 1136
f 1135 972 962
f 1135 962 1128
f 975 1131 965
f 975 1137 1131
f 1138 976 977
f 978 1139 977
f 977 1139 1138
f 979 1139 978
f 1136 1140 1135
f 972 1135 1140
f 1141 972 1140
f 981 972 1141
f 984 1137 975
f 984 1142 1137
f 1143 985 1138
f 1138 985 976
f 987 1143 986
f 1143 1139 986
f 1143 1138 1139
f 986 1139 979
f 1141 1144 981
f 981 1144 988
f 990 988 1144
f 990 1144 1145
f 1147 1146 994
f 1147 994 995
f 984 994 1142
f 1142 994 1146
f 1143 997 985
f 997 1143 987
f 1145 999 990
f 1148 999 1145
f 1000 1149 1001
f 1149 1003 1001
f 1151 1150 1005
f 1151 1005 1006
f 995 1005 1147
f 1147 1005 1150
f 1148 1152 999
f 999 1152 1007
f 1000 1007 1149
f 1007 1153 1149
f 1007 1152 1153
f 1149 1153 1003
f 1153 1008 1003
f 1153 1154 1008
f 1008 1155 1009
f 1154 1155 1008
f 1006 1009 1151
f 1151 1009 1155
f 1157 1156 1011
f 1011 1156 1010
f 1158 1011 1012
f 1158 1157 1011
f 1159 1012 1013
f 1159 1158 1012
f 1013 1015 1159
f 1159 1015 1160
f 1162 1161 1017
f 1017 1161 1016
f 1017 1010 1156
f 1017 1156 1162
f 1019 1160 1015
f 1019 1163 1160
f 1161 1020 1016
f 1164 1020 1161
f 1021 1163 1019
f 1021 1165 1163
f 1166 1022 1023
f 1024 1167 1023
f 1023 1167 1166
f 1025 1168 1024
f 1024 1168 1167
f 1027 1168 1025
f 1171 1170 1169
f 1028 1029 1169
f 1029 1171 1169
f 1029 1172 1171
f 1173 1029 1030
f 1173 1172 1029
f 1174 1030 1031
f 1174 1173 1030
f 1031 1020 1164
f 1031 1164 1174
f 1033 1175 1032
f 1175 1176 1032
f 1176 1021 1032
f 1176 1165 1021
f 1177 1034 1035
f 1022 1166 1035
f 1166 1177 1035
f 1166 1178 1177
f 1167 1180 1179
f 1178 1167 1179
f 1166 1167 1178
f 1180 1167 1168
f 1180 1168 1181
f 1181 1168 1027
f 1036 1181 1027
f 1182 1181 1036
f 1037 1169 1170
f 1182 1037 1170
f 1036 1037 1182
f 1169 1037 1028
f 1184 1183 1175
f 1033 1184 1175
f 1038 1184 1033
f 1175 1183 1176
f 1187 1186 1185
f 1040 1041 1185
f 1041 1187 1185
f 1041 1188 1187
f 1189 1041 1042
f 1189 1188 1041
f 1190 1042 1043
f 1190 1189 1042
f 1043 1034 1177
f 1191 1043 1177
f 1190 1043 1191
f 1191 1177 1178
f 1191 1178 1192
f 1192 1178 1179
f 1194 1193 1044
f 1194 1044 1045
f 1038 1044 1184
f 1184 1044 1193
f 1196 1195 1047
f 1047 1195 1046
f 1197 1047 1048
f 1197 1196 1047
f 1049 1185 1186
f 1197 1049 1186
f 1048 1049 1197
f 1185 1049 1040
f 1200 1199 1198
f 1199 1194 1198
f 1194 1051 1198
f 1194 1045 1051
f 1201 1052 1053
f 1054 1202 1053
f 1053 1202 1201
f 1203 1202 1054
f 1046 1203 1054
f 1195 1203 1046
f 1200 1198 1204
f 1200 1204 1205
f 1055 1204 1051
f 1051 1204 1198
f 1206 1056 1201
f 1201 1056 1052
f 1202 1208 1207
f 1206 1202 1207
f 1201 1202 1206
f 1208 1202 1203
f 1211 1210 1209
f 1058 1059 1209
f 1210 1058 1209
f 1212 1058 1210
f 1204 1061 1205
f 1061 1212 1205
f 1061 1058 1212
f 1061 1204 1055
f 1215 1214 1213
f 1216 1215 1206
f 1215 1063 1206
f 1063 1056 1206
f 1215 1213 1063
f 1216 1206 1207
f 1219 1218 1217
f 1221 1220 1217
f 1221 1217 1218
f 1220 1221 1211
f 1220 1211 1209
f 1065 1220 1209
f 1064 1065 1209
f 1064 1209 1059
f 1223 1222 1068
f 1068 1222 1067
f 1069 1213 1214
f 1223 1069 1214
f 1068 1069 1223
f 1213 1069 1063
f 1219 1217 1224
f 1219 1224 1225
f 1071 1224 1072
f 1224 1220 1072
f 1224 1217 1220
f 1072 1220 1065
f 1227 1226 1074
f 1074 1226 1073
f 1074 1067 1222
f 1074 1222 1227
f 1077 1228 1076
f 1229 1225 1224
f 1076 1229 1224
f 1078 1076 1224
f 1229 1076 1228
f 1078 1224 1071
f 1226 1079 1073
f 1230 1079 1226
f 1232 1231 1228
f 1077 1232 1228
f 1081 1232 1077
f 1228 1231 1229
f 1235 1234 1233
f 1082 1083 1233
f 1083 1235 1233
f 1083 1236 1235
f 1083 1079 1230
f 1083 1230 1236
f 1085 1232 1081
f 1085 1237 1232
f 1233 1234 1087
f 1234 1086 1087
f 1234 1238 1086
f 1233 1087 1082
f 1085 1088 1239
f 1240 1085 1239
f 1237 1085 1240
f 1089 1241 1088
f 1088 1241 1239
f 1091 1241 1089
f 1244 1243 1242
f 1238 1244 1242
f 1092 1238 1242
f 1086 1238 1092
f 1240 1239 1245
f 1240 1245 1246
f 1247 1239 1241
f 1245 1239 1247
f 1093 1247 1091
f 1091 1247 1241
f 1242 1243 1097
f 1243 1096 1097
f 1243 1248 1096
f 1242 1097 1092
f 1246 1245 1249
f 1246 1249 1250
f 1251 1245 1247
f 1249 1245 1251
f 1099 1251 1093
f 1093 1251 1247
f 1248 1101 1096
f 1252 1101 1248
f 1250 1249 1253
f 1250 1253 1254
f 1255 1249 1251
f 1253 1249 1255
f 1103 1255 1099
f 1099 1255 1251
f 1252 1105 1101
f 1256 1105 1252
f 1107 1257 1108
f 1257 1109 1108
f 1258 1254 1253
f 1260 1259 1258
f 1253 1260 1258
f 1255 1260 1253
f 1112 1260 1103
f 1103 1260 1255
f 1263 1262 1261
f 1256 1263 1261
f 1114 1256 1261
f 1105 1256 1114
f 1116 1264 1115
f 1264 1265 1115
f 1115 1265 1107
f 1265 1266 1107
f 1266 1257 1107
f 1257 1266 1109
f 1266 1117 1109
f 1266 1267 1117
f 1267 1269 1268
f 1119 1267 1268
f 1117 1267 1119
f 1268 1120 1119
f 1272 1271 1270
f 1270 1271 1259
f 1270 1259 1260
f 1122 1270 1260
f 1123 1122 1260
f 1123 1260 1112
f 1262 1273 1261
f 1261 1273 1114
f 1273 1124 1114
f 1273 1274 1124
f 1274 1276 1275
f 1125 1274 1275
f 1124 1274 1125
f 1125 1275 1277
f 1278 1125 1277
f 1126 1125 1278
f 1278 1280 1279
f 1127 1278 1279
f 1126 1278 1127
f 1279 1129 1127
f 1131 1281 1130
f 1130 1281 1282
f 1283 1130 1282
f 1132 1130 1283
f 1116 1132 1264
f 1132 1284 1264
f 1132 1283 1284
f 1264 1284 1265
f 1269 1285 1268
f 1285 1287 1286
f 1285 1286 1133
f 1268 1285 1133
f 1120 1268 1133
f 1288 1272 1270
f 1133 1288 1270
f 1134 1133 1270
f 1288 1133 1286
f 1134 1270 1122
f 1276 1289 1275
f 1275 1289 1277
f 1280 1290 1279
f 1136 1129 1279
f 1291 1136 1279
f 1290 1291 1279
f 1136 1291 1292
f 1293 1292 1291
f 1295 1294 1281
f 1131 1295 1281
f 1137 1295 1131
f 1281 1294 1282
f 1287 1296 1286
f 1286 1296 1288
f 1292 1140 1136
f 1298 1297 1141
f 1298 1141 1140
f 1293 1298 1140
f 1292 1293 1140
f 1299 1297 1298
f 1142 1295 1137
f 1142 1300 1295
f 1297 1144 1141
f 1302 1301 1145
f 1302 1145 1144
f 1299 1302 1144
f 1297 1299 1144
f 1304 1303 1301
f 1304 1301 1302
f 1306 1305 1303
f 1306 1303 1304
f 1308 1307 1305
f 1308 1305 1306
f 1310 1309 1307
f 1310 1307 1308
f 1146 1147 1309
f 1310 1146 1309
f 1311 1146 1310
f 1142 1146 1300
f 1300 1146 1311
f 1312 1148 1301
f 1301 1148 1145
f 1313 1301 1303
f 1312 1301 1313
f 1314 1303 1305
f 1313 1303 1314
f 1315 1305 1307
f 1314 1305 1315
f 1151 1315 1150
f 1315 1309 1150
f 1315 1307 1309
f 1150 1309 1147
f 1312 1152 1148
f 1152 1312 1153
f 1153 1312 1313
f 1153 1313 1154
f 1154 1313 1314
f 1154 1314 1155
f 1155 1314 1315
f 1155 1315 1151
f 1317 1316 1157
f 1157 1316 1156
f 1318 1157 1158
f 1318 1317 1157
f 1319 1158 1159
f 1319 1318 1158
f 1159 1160 1319
f 1319 1160 1320
f 1323 1322 1321
f 1161 1162 1321
f 1162 1323 1321
f 1162 1324 1323
f 1162 1156 1316
f 1162 1316 1324
f 1163 1320 1160
f 1163 1325 1320
f 1328 1327 1326
f 1328 1326 1322
f 1326 1321 1322
f 1326 1329 1321
f 1329 1164 1161
f 1329 1161 1321
f 1165 1325 1163
f 1165 1330 1325
f 1332 1331 1171
f 1171 1331 1170
f 1333 1171 1172
f 1333 1332 1171
f 1173 1326 1327
f 1333 1173 1327
f 1172 1173 1333
f 1326 1173 1174
f 1326 1174 1329
f 1329 1174 1164
f 1176 1330 1165
f 1176 1334 1330
f 1336 1335 1180
f 1180 1335 1179
f 1337 1180 1181
f 1337 1336 1180
f 1338 1181 1182
f 1338 1337 1181
f 1182 1170 1331
f 1182 1331 1338
f 1184 1339 1183
f 1339 1340 1183
f 1340 1176 1183
f 1340 1334 1176
f 1341 1186 1187
f 1188 1342 1187
f 1187 1342 1341
f 1342 1188 1343
f 1188 1344 1343
f 1188 1189 1344
f 1345 1189 1190
f 1345 1344 1189
f 1346 1190 1191
f 1346 1345 1190
f 1347 1191 1192
f 1347 1346 1191
f 1192 1179 1335
f 1192 1335 1347
f 1194 1348 1193
f 1348 1349 1193
f 1193 1349 1184
f 1349 1350 1184
f 1350 1339 1184
f 1339 1350 1340
f 1351 1195 1196
f 1197 1352 1196
f 1196 1352 1351
f 1353 1352 1197
f 1353 1197 1186
f 1354 1353 1186
f 1341 1354 1186
f 1354 1341 1342
f 1354 1342 1355
f 1355 1342 1343
f 1357 1356 1199
f 1357 1199 1200
f 1194 1199 1348
f 1199 1358 1348
f 1199 1356 1358
f 1348 1358 1349
f 1359 1203 1351
f 1351 1203 1195
f 1352 1361 1360
f 1359 1352 1360
f 1351 1352 1359
f 1361 1352 1353
f 1364 1363 1362
f 1365 1362 1363
f 1205 1357 1200
f 1205 1366 1357
f 1367 1207 1208
f 1368 1367 1208
f 1368 1208 1203
f 1369 1368 1203
f 1359 1369 1203
f 1369 1359 1360
f 1372 1371 1370
f 1374 1373 1370
f 1374 1370 1371
f 1373 1374 1364
f 1362 1373 1364
f 1375 1373 1362
f 1376 1210 1211
f 1362 1376 1211
f 1375 1362 1211
f 1376 1362 1365
f 1210 1377 1212
f 1376 1377 1210
f 1205 1212 1366
f 1366 1212 1377
f 1378 1214 1215
f 1378 1215 1379
f 1215 1380 1379
f 1215 1216 1380
f 1216 1207 1367
f 1381 1216 1367
f 1380 1216 1381
f 1381 1367 1368
f 1372 1370 1382
f 1372 1382 1383
f 1219 1382 1218
f 1382 1373 1218
f 1382 1370 1373
f 1218 1373 1221
f 1221 1373 1375
f 1221 1375 1211
f 1385 1384 1223
f 1223 1384 1222
f 1223 1214 1378
f 1386 1223 1378
f 1385 1223 1386
f 1386 1378 1379
f 1387 1383 1382
f 1382 1219 1387
f 1219 1388 1387
f 1219 1225 1388
f 1390 1389 1227
f 1227 1389 1226
f 1227 1222 1384
f 1227 1384 1390
f 1229 1388 1225
f 1229 1391 1388
f 1389 1230 1226
f 1392 1230 1389
f 1394 1393 1231
f 1394 1231 1232
f 1229 1231 1391
f 1391 1231 1393
f 1395 1234 1235
f 1395 1235 1396
f 1235 1397 1396
f 1235 1236 1397
f 1236 1230 1392
f 1236 1392 1397
f 1237 1394 1232
f 1237 1398 1394
f 1400 1399 1395
f 1399 1234 1395
f 1399 1238 1234
f 1400 1395 1396
f 1240 1398 1237
f 1240 1401 1398
f 1403 1402 1244
f 1244 1402 1243
f 1244 1238 1399
f 1244 1399 1403
f 1246 1401 1240
f 1246 1404 1401
f 1402 1248 1243
f 1405 1248 1402
f 1250 1404 1246
f 1250 1406 1404
f 1405 1252 1248
f 1407 1252 1405
f 1254 1406 1250
f 1254 1408 1406
f 1407 1256 1252
f 1409 1256 1407
f 1254 1258 1410
f 1411 1254 1410
f 1408 1254 1411
f 1259 1410 1258
f 1413 1412 1263
f 1263 1412 1262
f 1263 1256 1409
f 1263 1409 1413
f 1415 1414 1266
f 1415 1266 1265
f 1266 1416 1267
f 1414 1416 1266
f 1269 1267 1416
f 1269 1416 1417
f 1411 1410 1271
f 1272 1411 1271
f 1418 1411 1272
f 1271 1410 1259
f 1412 1419 1262
f 1262 1419 1273
f 1273 1420 1274
f 1419 1420 1273
f 1276 1274 1420
f 1276 1420 1421
f 1277 1422 1278
f 1422 1280 1278
f 1424 1423 1283
f 1424 1283 1282
f 1283 1425 1284
f 1423 1425 1283
f 1265 1284 1415
f 1415 1284 1425
f 1285 1269 1426
f 1269 1427 1426
f 1269 1417 1427
f 1426 1287 1285
f 1288 1418 1272
f 1288 1428 1418
f 1289 1276 1429
f 1276 1430 1429
f 1276 1421 1430
f 1422 1277 1289
f 1429 1422 1289
f 1431 1422 1429
f 1432 1290 1280
f 1422 1432 1280
f 1431 1432 1422
f 1290 1432 1433
f 1434 1290 1433
f 1291 1290 1434
f 1293 1291 1434
f 1293 1434 1435
f 1295 1436 1294
f 1436 1437 1294
f 1437 1282 1294
f 1437 1424 1282
f 1427 1438 1426
f 1426 1438 1287
f 1438 1296 1287
f 1438 1439 1296
f 1288 1296 1428
f 1428 1296 1439
f 1430 1440 1429
f 1429 1440 1431
f 1431 1440 1441
f 1431 1441 1432
f 1432 1441 1442
f 1432 1442 1433
f 1435 1443 1293
f 1293 1443 1298
f 1299 1298 1443
f 1299 1443 1444
f 1446 1445 1436
f 1295 1446 1436
f 1300 1446 1295
f 1436 1445 1437
f 1302 1299 1447
f 1299 1448 1447
f 1299 1444 1448
f 1449 1304 1302
f 1449 1302 1447
f 1304 1449 1450
f 1451 1304 1450
f 1306 1304 1451
f 1306 1452 1308
f 1451 1452 1306
f 1308 1453 1310
f 1452 1453 1308
f 1310 1454 1311
f 1453 1454 1310
f 1300 1311 1446
f 1446 1311 1454
f 1448 1455 1447
f 1457 1456 1455
f 1456 1447 1455
f 1456 1449 1447
f 1450 1449 1458
f 1458 1449 1456
f 1457 1459 1456
f 1456 1459 1458
f 1462 1461 1460
f 1316 1317 1460
f 1317 1462 1460
f 1317 1463 1462
f 1464 1317 1318
f 1464 1463 1317
f 1466 1464 1465
f 1464 1319 1465
f 1464 1318 1319
f 1320 1465 1319
f 1468 1467 1323
f 1323 1467 1322
f 1324 1460 1461
f 1468 1324 1461
f 1323 1324 1468
f 1460 1324 1316
f 1469 1466 1465
f 1465 1320 1469
f 1320 1470 1469
f 1320 1325 1470
f 1473 1472 1471
f 1327 1328 1471
f 1328 1473 1471
f 1328 1474 1473
f 1328 1322 1467
f 1328 1467 1474
f 1330 1470 1325
f 1330 1475 1470
f 1477 1476 1332
f 1332 1476 1331
f 1333 1471 1472
f 1477 1333 1472
f 1332 1333 1477
f 1471 1333 1327
f 1334 1475 1330
f 1334 1478 1475
f 1481 1480 1479
f 1483 1482 1479
f 1479 1482 1481
f 1483 1484 1482
f 1486 1485 1336
f 1336 1485 1335
f 1487 1336 1337
f 1487 1486 1336
f 1488 1337 1338
f 1488 1487 1337
f 1338 1331 1476
f 1338 1476 1488
f 1340 1478 1334
f 1340 1489 1478
f 1491 1490 1344
f 1344 1490 1343
f 1345 1479 1480
f 1491 1345 1480
f 1344 1345 1491
f 1479 1345 1346
f 1479 1346 1483
f 1492 1484 1483
f 1346 1492 1483
f 1347 1492 1346
f 1347 1335 1485
f 1347 1485 1492
f 1494 1493 1350
f 1494 1350 1349
f 1340 1350 1489
f 1489 1350 1493
f 1495 1353 1354
f 1495 1354 1496
f 1354 1497 1496
f 1354 1355 1497
f 1355 1343 1490
f 1355 1490 1497
f 1357 1498 1356
f 1356 1498 1499
f 1500 1356 1499
f 1358 1356 1500
f 1349 1358 1494
f 1494 1358 1500
f 1501 1360 1361
f 1353 1495 1361
f 1495 1501 1361
f 1495 1502 1501
f 1495 1496 1503
f 1495 1503 1502
f 1364 1504 1363
f 1504 1365 1363
f 1506 1505 1498
f 1357 1506 1498
f 1366 1506 1357
f 1498 1505 1499
f 1507 1368 1369
f 1360 1501 1369
f 1501 1507 1369
f 1501 1508 1507
f 1502 1510 1509
f 1508 1502 1509
f 1501 1502 1508
f 1510 1502 1503
f 1512 1511 1371
f 1512 1371 1372
f 1371 1513 1374
f 1511 1513 1371
f 1374 1513 1364
f 1513 1514 1364
f 1514 1504 1364
f 1514 1513 1515
f 1504 1514 1365
f 1514 1516 1365
f 1516 1376 1365
f 1514 1517 1516
f 1376 1518 1377
f 1516 1518 1376
f 1366 1377 1506
f 1506 1377 1518
f 1519 1379 1380
f 1519 1380 1520
f 1380 1521 1520
f 1380 1381 1521
f 1381 1368 1507
f 1522 1381 1507
f 1521 1381 1522
f 1522 1507 1508
f 1522 1508 1523
f 1523 1508 1509
f 1383 1525 1524
f 1512 1383 1524
f 1372 1383 1512
f 1525 1526 1524
f 1514 1515 1527
f 1527 1515 1528
f 1517 1514 1529
f 1529 1514 1527
f 1530 1384 1385
f 1530 1385 1531
f 1385 1532 1531
f 1385 1386 1532
f 1386 1379 1519
f 1533 1386 1519
f 1532 1386 1533
f 1533 1519 1520
f 1387 1525 1383
f 1535 1534 1388
f 1388 1534 1387
f 1534 1526 1387
f 1526 1525 1387
f 1536 1527 1528
f 1535 1537 1534
f 1527 1536 1529
f 1538 1389 1390
f 1539 1538 1390
f 1539 1390 1384
f 1540 1539 1384
f 1530 1540 1384
f 1540 1530 1531
f 1542 1541 1535
f 1388 1542 1535
f 1391 1542 1388
f 1535 1541 1537
f 1544 1543 1538
f 1543 1389 1538
f 1543 1392 1389
f 1544 1538 1539
f 1394 1545 1393
f 1545 1546 1393
f 1546 1391 1393
f 1546 1542 1391
f 1548 1547 1397
f 1397 1547 1396
f 1397 1392 1543
f 1397 1543 1548
f 1550 1549 1545
f 1394 1550 1545
f 1398 1550 1394
f 1545 1549 1546
f 1552 1551 1400
f 1400 1551 1399
f 1400 1396 1547
f 1400 1547 1552
f 1401 1550 1398
f 1401 1553 1550
f 1555 1554 1403
f 1403 1554 1402
f 1403 1399 1551
f 1403 1551 1555
f 1404 1553 1401
f 1404 1556 1553
f 1554 1405 1402
f 1557 1405 1554
f 1406 1556 1404
f 1406 1558 1556
f 1557 1407 1405
f 1559 1407 1557
f 1408 1558 1406
f 1408 1560 1558
f 1559 1409 1407
f 1561 1409 1559
f 1411 1560 1408
f 1411 1562 1560
f 1564 1563 1413
f 1413 1563 1412
f 1413 1409 1561
f 1413 1561 1564
f 1415 1565 1414
f 1566 1416 1414
f 1566 1414 1565
f 1566 1417 1416
f 1418 1562 1411
f 1418 1567 1562
f 1570 1569 1568
f 1568 1571 1419
f 1563 1568 1419
f 1412 1563 1419
f 1568 1563 1570
f 1572 1420 1419
f 1572 1419 1571
f 1572 1421 1420
f 1424 1573 1423
f 1574 1425 1423
f 1574 1423 1573
f 1574 1575 1425
f 1425 1575 1415
f 1575 1576 1415
f 1576 1565 1415
f 1578 1577 1576
f 1577 1565 1576
f 1577 1566 1565
f 1577 1427 1417
f 1577 1417 1566
f 1428 1567 1418
f 1428 1579 1567
f 1568 1569 1580
f 1580 1569 1581
f 1568 1582 1571
f 1568 1580 1582
f 1571 1583 1572
f 1571 1582 1583
f 1583 1430 1421
f 1583 1421 1572
f 1433 1584 1434
f 1584 1435 1434
f 1437 1585 1573
f 1437 1573 1424
f 1587 1574 1586
f 1574 1585 1586
f 1574 1573 1585
f 1574 1587 1575
f 1577 1578 1588
f 1588 1578 1589
f 1590 1438 1427
f 1577 1590 1427
f 1588 1590 1577
f 1591 1439 1438
f 1591 1438 1590
f 1591 1592 1439
f 1592 1428 1439
f 1592 1579 1428
f 1581 1593 1580
f 1595 1594 1593
f 1594 1580 1593
f 1594 1582 1580
f 1582 1596 1583
f 1582 1594 1596
f 1597 1440 1430
f 1583 1597 1430
f 1596 1597 1583
f 1440 1597 1598
f 1599 1440 1598
f 1441 1440 1599
f 1441 1600 1442
f 1599 1600 1441
f 1433 1442 1584
f 1442 1601 1584
f 1442 1600 1601
f 1601 1603 1602
f 1601 1602 1443
f 1584 1601 1443
f 1435 1584 1443
f 1602 1444 1443
f 1446 1604 1445
f 1604 1605 1445
f 1445 1605 1437
f 1605 1606 1437
f 1606 1585 1437
f 1585 1606 1586
f 1589 1607 1588
f 1588 1607 1590
f 1590 1607 1608
f 1590 1608 1591
f 1591 1608 1609
f 1591 1609 1592
f 1612 1611 1610
f 1612 1610 1595
f 1610 1594 1595
f 1610 1613 1594
f 1615 1596 1614
f 1596 1613 1614
f 1596 1594 1613
f 1596 1615 1597
f 1597 1615 1616
f 1597 1616 1598
f 1603 1617 1602
f 1444 1602 1617
f 1618 1444 1617
f 1448 1444 1618
f 1450 1619 1451
f 1451 1619 1620
f 1621 1451 1620
f 1452 1451 1621
f 1452 1622 1453
f 1621 1622 1452
f 1453 1623 1454
f 1622 1623 1453
f 1446 1454 1604
f 1454 1624 1604
f 1454 1623 1624
f 1604 1624 1605
f 1611 1625 1610
f 1610 1625 1613
f 1613 1625 1626
f 1613 1626 1614
f 1455 1448 1627
f 1448 1628 1627
f 1448 1618 1628
f 1627 1457 1455
f 1630 1629 1619
f 1450 1630 1619
f 1458 1630 1450
f 1619 1629 1620
f 1628 1631 1627
f 1627 1631 1457
f 1631 1459 1457
f 1631 1632 1459
f 1458 1459 1630
f 1630 1459 1632
f 1635 1634 1633
f 1461 1462 1636
f 1635 1633 1637
f 1463 1638 1462
f 1462 1638 1636
f 1464 1639 1463
f 1463 1639 1638
f 1466 1639 1464
f 1642 1641 1640
f 1642 1640 1634
f 1634 1640 1633
f 1640 1467 1633
f 1467 1468 1633
f 1468 1637 1633
f 1468 1643 1637
f 1468 1461 1636
f 1643 1468 1636
f 1643 1636 1638
f 1643 1638 1644
f 1644 1638 1639
f 1644 1639 1645
f 1645 1639 1466
f 1469 1645 1466
f 1646 1645 1469
f 1469 1470 1646
f 1646 1470 1647
f 1650 1649 1648
f 1472 1473 1648
f 1473 1650 1648
f 1473 1651 1650
f 1474 1640 1641
f 1651 1474 1641
f 1473 1474 1651
f 1640 1474 1467
f 1475 1647 1470
f 1475 1652 1647
f 1655 1654 1653
f 1657 1656 1653
f 1653 1656 1655
f 1656 1657 1649
f 1649 1657 1648
f 1657 1476 1648
f 1476 1477 1648
f 1648 1477 1472
f 1478 1652 1475
f 1478 1658 1652
f 1660 1659 1481
f 1481 1659 1480
f 1661 1481 1482
f 1661 1660 1481
f 1663 1662 1484
f 1662 1482 1484
f 1662 1661 1482
f 1485 1486 1663
f 1486 1662 1663
f 1486 1664 1662
f 1487 1653 1654
f 1664 1487 1654
f 1486 1487 1664
f 1653 1487 1488
f 1653 1488 1657
f 1657 1488 1476
f 1489 1658 1478
f 1489 1665 1658
f 1667 1666 1491
f 1491 1666 1490
f 1491 1480 1659
f 1491 1659 1667
f 1492 1663 1484
f 1663 1492 1485
f 1669 1668 1493
f 1669 1493 1494
f 1489 1493 1665
f 1665 1493 1668
f 1671 1670 1497
f 1497 1670 1496
f 1497 1490 1666
f 1497 1666 1671
f 1673 1672 1500
f 1673 1500 1499
f 1494 1500 1669
f 1669 1500 1672
f 1670 1503 1496
f 1674 1503 1670
f 1676 1675 1505
f 1676 1505 1506
f 1499 1505 1673
f 1673 1505 1675
f 1677 1509 1510
f 1678 1677 1510
f 1503 1678 1510
f 1674 1678 1503
f 1512 1679 1511
f 1680 1513 1511
f 1680 1511 1679
f 1680 1515 1513
f 1517 1681 1516
f 1516 1681 1682
f 1683 1516 1682
f 1518 1516 1683
f 1506 1518 1676
f 1676 1518 1683
f 1684 1520 1521
f 1522 1685 1521
f 1521 1685 1684
f 1523 1686 1522
f 1522 1686 1685
f 1687 1686 1523
f 1687 1523 1509
f 1688 1687 1509
f 1677 1688 1509
f 1688 1677 1678
f 1524 1679 1512
f 1679 1524 1526
f 1689 1679 1526
f 1680 1679 1689
f 1689 1528 1515
f 1689 1515 1680
f 1529 1690 1681
f 1529 1681 1517
f 1682 1681 1691
f 1691 1681 1690
f 1692 1531 1532
f 1533 1693 1532
f 1532 1693 1692
f 1520 1684 1533
f 1684 1693 1533
f 1684 1694 1693
f 1685 1696 1695
f 1694 1685 1695
f 1684 1685 1694
f 1698 1697 1696
f 1685 1698 1696
f 1686 1698 1685
f 1686 1687 1699
f 1686 1699 1698
f 1534 1689 1526
f 1700 1534 1537
f 1534 1700 1689
f 1701 1689 1700
f 1689 1701 1528
f 1536 1528 1701
f 1529 1536 1690
f 1536 1702 1690
f 1536 1701 1702
f 1690 1702 1691
f 1703 1539 1540
f 1704 1703 1540
f 1704 1540 1531
f 1705 1704 1531
f 1692 1705 1531
f 1705 1692 1693
f 1705 1693 1706
f 1706 1693 1694
f 1706 1694 1707
f 1707 1694 1695
f 1708 1697 1698
f 1708 1698 1699
f 1542 1709 1541
f 1709 1710 1541
f 1710 1537 1541
f 1710 1700 1537
f 1712 1711 1544
f 1544 1711 1543
f 1544 1539 1703
f 1713 1544 1703
f 1712 1544 1713
f 1713 1703 1704
f 1715 1714 1709
f 1542 1715 1709
f 1546 1715 1542
f 1709 1714 1710
f 1716 1547 1548
f 1717 1716 1548
f 1543 1717 1548
f 1711 1717 1543
f 1550 1718 1549
f 1718 1719 1549
f 1719 1546 1549
f 1719 1715 1546
f 1721 1720 1552
f 1552 1720 1551
f 1552 1547 1716
f 1722 1552 1716
f 1721 1552 1722
f 1722 1716 1717
f 1724 1723 1718
f 1550 1724 1718
f 1553 1724 1550
f 1718 1723 1719
f 1726 1725 1555
f 1555 1725 1554
f 1555 1551 1720
f 1555 1720 1726
f 1556 1724 1553
f 1556 1727 1724
f 1725 1557 1554
f 1728 1557 1725
f 1558 1727 1556
f 1558 1729 1727
f 1728 1559 1557
f 1730 1559 1728
f 1560 1729 1558
f 1560 1731 1729
f 1730 1561 1559
f 1732 1561 1730
f 1562 1731 1560
f 1562 1733 1731
f 1735 1734 1564
f 1564 1734 1563
f 1564 1561 1732
f 1564 1732 1735
f 1567 1733 1562
f 1567 1736 1733
f 1738 1737 1570
f 1570 1737 1569
f 1570 1563 1734
f 1570 1734 1738
f 1575 1739 1576
f 1739 1578 1576
f 1579 1736 1567
f 1579 1740 1736
f 1737 1581 1569
f 1741 1581 1737
f 1586 1742 1587
f 1739 1575 1587
f 1742 1739 1587
f 1743 1739 1742
f 1743 1589 1578
f 1743 1578 1739
f 1592 1740 1579
f 1592 1744 1740
f 1747 1746 1745
f 1745 1748 1593
f 1741 1745 1593
f 1581 1741 1593
f 1745 1741 1747
f 1748 1595 1593
f 1598 1749 1599
f 1750 1600 1599
f 1750 1599 1749
f 1600 1750 1751
f 1752 1600 1751
f 1601 1600 1752
f 1603 1601 1752
f 1603 1752 1753
f 1756 1755 1754
f 1758 1757 1754
f 1758 1754 1755
f 1760 1759 1757
f 1760 1757 1758
f 1761 1759 1760
f 1605 1762 1606
f 1742 1586 1606
f 1762 1742 1606
f 1763 1742 1762
f 1742 1764 1743
f 1742 1763 1764
f 1765 1607 1589
f 1743 1765 1589
f 1764 1765 1743
f 1766 1608 1607
f 1766 1607 1765
f 1767 1609 1608
f 1767 1608 1766
f 1767 1768 1609
f 1768 1592 1609
f 1768 1744 1592
f 1745 1746 1769
f 1769 1746 1770
f 1769 1611 1612
f 1748 1769 1612
f 1745 1769 1748
f 1748 1612 1595
f 1614 1771 1615
f 1772 1616 1615
f 1772 1615 1771
f 1772 1773 1616
f 1616 1773 1598
f 1773 1774 1598
f 1774 1749 1598
f 1749 1774 1750
f 1750 1774 1775
f 1750 1775 1751
f 1617 1603 1776
f 1603 1777 1776
f 1603 1753 1777
f 1776 1618 1617
f 1756 1754 1621
f 1620 1756 1621
f 1778 1756 1620
f 1621 1754 1622
f 1622 1754 1757
f 1622 1757 1623
f 1623 1757 1759
f 1761 1779 1759
f 1779 1623 1759
f 1779 1624 1623
f 1605 1624 1762
f 1624 1780 1762
f 1624 1779 1780
f 1762 1780 1763
f 1763 1780 1781
f 1763 1781 1764
f 1764 1781 1782
f 1764 1782 1765
f 1765 1782 1783
f 1765 1783 1766
f 1766 1783 1784
f 1766 1784 1767
f 1767 1784 1785
f 1767 1785 1768
f 1769 1770 1786
f 1786 1770 1787
f 1788 1625 1611
f 1769 1788 1611
f 1786 1788 1769
f 1625 1788 1789
f 1790 1625 1789
f 1626 1625 1790
f 1614 1626 1771
f 1626 1791 1771
f 1626 1790 1791
f 1771 1791 1772
f 1772 1791 1792
f 1772 1792 1773
f 1777 1793 1776
f 1618 1776 1793
f 1794 1618 1793
f 1628 1618 1794
f 1796 1795 1629
f 1796 1629 1630
f 1620 1629 1778
f 1778 1629 1795
f 1787 1797 1786
f 1799 1798 1797
f 1798 1786 1797
f 1798 1788 1786
f 1789 1788 1800
f 1800 1788 1798
f 1803 1802 1801
f 1801 1804 1631
f 1794 1801 1631
f 1628 1794 1631
f 1801 1794 1803
f 1805 1632 1631
f 1805 1631 1804
f 1805 1806 1632
f 1806 1630 1632
f 1806 1796 1630
f 1799 1807 1798
f 1798 1807 1800
f 1801 1802 1808
f 1808 1802 1809
f 1801 1810 1804
f 1801 1808 1810
f 1812 1805 1811
f 1805 1810 1811
f 1805 1804 1810
f 1805 1812 1806
f 1809 1813 1808
f 1808 1813 1810
f 1810 1813 1814
f 1810 1814 1811
f 1815 1634 1635
f 1637 1815 1635
f 1817 1816 1642
f 1642 1816 1641
f 1642 1634 1815
f 1818 1642 1815
f 1817 1642 1818
f 1818 1815 1637
f 1643 1818 1637
f 1819 1818 1643
f 1820 1643 1644
f 1820 1819 1643
f 1821 1644 1645
f 1821 1820 1644
f 1822 1645 1646
f 1822 1821 1645
f 1646 1647 1822
f 1822 1647 1823
f 1825 1824 1650
f 1650 1824 1649
f 1826 1650 1651
f 1826 1825 1650
f 1651 1641 1816
f 1651 1816 1826
f 1652 1823 1647
f 1652 1827 1823
f 1830 1829 1828
f 1832 1831 1828
f 1828 1831 1830
f 1654 1655 1832
f 1655 1831 1832
f 1655 1833 1831
f 1834 1655 1656
f 1834 1833 1655
f 1656 1649 1824
f 1656 1824 1834
f 1658 1827 1652
f 1658 1835 1827
f 1836 1659 1660
f 1836 1660 1837
f 1660 1838 1837
f 1660 1661 1838
f 1662 1828 1829
f 1838 1662 1829
f 1661 1662 1838
f 1828 1662 1664
f 1828 1664 1832
f 1832 1664 1654
f 1841 1840 1839
f 1840 1835 1839
f 1835 1665 1839
f 1835 1658 1665
f 1843 1842 1667
f 1667 1842 1666
f 1667 1659 1836
f 1844 1667 1836
f 1843 1667 1844
f 1844 1836 1837
f 1847 1846 1845
f 1845 1846 1841
f 1845 1841 1839
f 1669 1845 1839
f 1668 1669 1839
f 1668 1839 1665
f 1849 1848 1671
f 1671 1848 1670
f 1671 1666 1842
f 1671 1842 1849
f 1852 1851 1850
f 1850 1851 1847
f 1850 1847 1845
f 1673 1850 1845
f 1672 1673 1845
f 1672 1845 1669
f 1854 1674 1853
f 1674 1848 1853
f 1674 1670 1848
f 1855 1854 1853
f 1858 1857 1856
f 1856 1857 1852
f 1856 1852 1850
f 1676 1856 1850
f 1675 1676 1850
f 1675 1850 1673
f 1860 1859 1854
f 1859 1674 1854
f 1859 1678 1674
f 1860 1854 1855
f 1858 1856 1683
f 1682 1858 1683
f 1861 1858 1682
f 1683 1856 1676
f 1862 1687 1688
f 1863 1862 1688
f 1678 1863 1688
f 1859 1863 1678
f 1691 1861 1682
f 1691 1864 1861
f 1865 1695 1696
f 1697 1865 1696
f 1866 1699 1862
f 1862 1699 1687
f 1862 1863 1867
f 1862 1867 1866
f 1700 1868 1701
f 1701 1868 1869
f 1870 1701 1869
f 1702 1701 1870
f 1691 1702 1864
f 1864 1702 1870
f 1871 1704 1705
f 1706 1872 1705
f 1705 1872 1871
f 1707 1873 1706
f 1706 1873 1872
f 1874 1873 1707
f 1874 1707 1695
f 1875 1874 1695
f 1865 1875 1695
f 1875 1865 1697
f 1708 1875 1697
f 1876 1875 1708
f 1708 1699 1866
f 1877 1708 1866
f 1876 1708 1877
f 1877 1866 1867
f 1879 1878 1868
f 1700 1879 1868
f 1710 1879 1700
f 1868 1878 1869
f 1880 1711 1712
f 1713 1881 1712
f 1712 1881 1880
f 1704 1871 1713
f 1871 1881 1713
f 1871 1882 1881
f 1872 1884 1883
f 1882 1872 1883
f 1871 1872 1882
f 1884 1872 1873
f 1884 1873 1885
f 1885 1873 1874
f 1715 1886 1714
f 1886 1887 1714
f 1887 1710 1714
f 1887 1879 1710
f 1888 1717 1880
f 1880 1717 1711
f 1881 1890 1889
f 1888 1881 1889
f 1880 1881 1888
f 1890 1881 1882
f 1890 1882 1891
f 1891 1882 1883
f 1893 1892 1886
f 1715 1893 1886
f 1719 1893 1715
f 1886 1892 1887
f 1894 1720 1721
f 1894 1721 1895
f 1721 1896 1895
f 1721 1722 1896
f 1722 1717 1888
f 1897 1722 1888
f 1896 1722 1897
f 1897 1888 1889
f 1724 1898 1723
f 1898 1899 1723
f 1899 1719 1723
f 1899 1893 1719
f 1900 1725 1726
f 1901 1900 1726
f 1901 1726 1720
f 1902 1901 1720
f 1894 1902 1720
f 1902 1894 1895
f 1727 1903 1898
f 1727 1898 1724
f 1899 1898 1904
f 1904 1898 1903
f 1905 1728 1900
f 1900 1728 1725
f 1900 1901 1906
f 1900 1906 1905
f 1908 1907 1903
f 1727 1908 1903
f 1729 1908 1727
f 1903 1907 1904
f 1910 1909 1905
f 1909 1728 1905
f 1909 1730 1728
f 1910 1905 1906
f 1731 1908 1729
f 1731 1911 1908
f 1909 1732 1730
f 1912 1732 1909
f 1733 1911 1731
f 1733 1913 1911
f 1915 1914 1735
f 1735 1914 1734
f 1735 1732 1912
f 1735 1912 1915
f 1736 1913 1733
f 1736 1916 1913
f 1917 1737 1738
f 1918 1917 1738
f 1734 1918 1738
f 1914 1918 1734
f 1740 1916 1736
f 1740 1919 1916
f 1921 1920 1917
f 1920 1737 1917
f 1920 1741 1737
f 1921 1917 1918
f 1744 1919 1740
f 1744 1922 1919
f 1924 1923 1747
f 1747 1923 1746
f 1747 1741 1920
f 1747 1920 1924
f 1751 1925 1752
f 1925 1753 1752
f 1756 1926 1755
f 1927 1758 1755
f 1927 1755 1926
f 1928 1760 1758
f 1928 1758 1927
f 1761 1760 1928
f 1931 1930 1929
f 1932 1931 1929
f 1768 1922 1744
f 1768 1933 1922
f 1923 1770 1746
f 1934 1770 1923
f 1773 1935 1774
f 1936 1775 1774
f 1936 1774 1935
f 1925 1751 1775
f 1936 1925 1775
f 1937 1925 1936
f 1937 1777 1753
f 1937 1753 1925
f 1940 1939 1938
f 1939 1941 1926
f 1778 1939 1926
f 1756 1778 1926
f 1938 1939 1778
f 1926 1941 1927
f 1927 1941 1942
f 1927 1942 1928
f 1928 1942 1943
f 1930 1931 1943
f 1931 1779 1943
f 1761 1928 1943
f 1761 1943 1779
f 1932 1944 1931
f 1944 1779 1931
f 1944 1780 1779
f 1780 1945 1781
f 1944 1945 1780
f 1781 1946 1782
f 1945 1946 1781
f 1946 1948 1947
f 1783 1946 1947
f 1782 1946 1783
f 1949 1784 1783
f 1949 1783 1947
f 1950 1785 1784
f 1950 1784 1949
f 1950 1951 1785
f 1951 1768 1785
f 1951 1933 1768
f 1953 1787 1952
f 1787 1934 1952
f 1787 1770 1934
f 1954 1953 1952
f 1789 1955 1790
f 1956 1791 1790
f 1956 1790 1955
f 1957 1792 1791
f 1957 1791 1956
f 1935 1773 1792
f 1957 1935 1792
f 1958 1935 1957
f 1935 1959 1936
f 1935 1958 1959
f 1936 1960 1937
f 1936 1959 1960
f 1961 1793 1777
f 1937 1961 1777
f 1960 1961 1937
f 1961 1794 1793
f 1940 1938 1795
f 1796 1940 1795
f 1962 1940 1796
f 1795 1938 1778
f 1948 1963 1947
f 1965 1964 1963
f 1964 1947 1963
f 1964 1949 1947
f 1949 1966 1950
f 1949 1964 1966
f 1951 1950 1967
f 1967 1950 1966
f 1953 1797 1787
f 1799 1797 1953
f 1954 1799 1953
f 1968 1799 1954
f 1970 1969 1955
f 1789 1970 1955
f 1800 1970 1789
f 1955 1969 1956
f 1956 1969 1971
f 1956 1971 1957
f 1957 1971 1972
f 1974 1973 1972
f 1973 1957 1972
f 1973 1958 1957
f 1958 1975 1959
f 1958 1973 1975
f 1959 1976 1960
f 1959 1975 1976
f 1976 1802 1803
f 1961 1976 1803
f 1960 1976 1961
f 1961 1803 1794
f 1806 1962 1796
f 1806 1977 1962
f 1965 1978 1964
f 1964 1978 1966
f 1966 1978 1979
f 1966 1979 1967
f 1807 1799 1980
f 1799 1981 1980
f 1799 1968 1981
f 1980 1982 1807
f 1982 1800 1807
f 1982 1970 1800
f 1974 1983 1973
f 1973 1983 1975
f 1975 1983 1984
f 1986 1985 1984
f 1985 1975 1984
f 1985 1976 1975
f 1985 1809 1802
f 1985 1802 1976
f 1989 1988 1987
f 1812 1811 1987
f 1988 1812 1987
f 1990 1812 1988
f 1806 1812 1977
f 1977 1812 1990
f 1980 1981 1991
f 1991 1981 1992
f 1982 1980 1993
f 1980 1994 1993
f 1980 1991 1994
f 1994 1995 1993
f 1986 1996 1985
f 1985 1996 1809
f 1996 1813 1809
f 1996 1997 1813
f 1987 1814 1989
f 1814 1997 1989
f 1814 1813 1997
f 1814 1987 1811
f 1991 1992 1998
f 1998 1992 1999
f 1991 2000 1994
f 1991 1998 2000
f 1995 1994 2001
f 2001 1994 2000
f 1998 1999 2002
f 2002 1999 2003
f 1998 2004 2000
f 1998 2002 2004
f 2001 2000 2005
f 2005 2000 2004
f 2003 2006 2002
f 2008 2007 2006
f 2007 2002 2006
f 2007 2004 2002
f 2005 2004 2009
f 2009 2004 2007
f 2008 2010 2007
f 2007 2010 2009
f 2012 2011 1817
f 1817 2011 1816
f 2014 2012 2013
f 2012 1818 2013
f 2012 1817 1818
f 2013 1818 2015
f 1818 2016 2015
f 1818 1819 2016
f 2017 1819 1820
f 2017 2016 1819
f 2019 2017 2018
f 2017 1821 2018
f 2017 1820 1821
f 1822 2020 1821
f 1821 2020 2018
f 1823 2020 1822
f 2021 1824 1825
f 1826 2022 1825
f 1825 2022 2021
f 2023 2022 1826
f 1816 2023 1826
f 2011 2023 1816
f 2024 2014 2013
f 2024 2013 2015
f 2025 2019 2018
f 2027 2026 2025
f 2018 2027 2025
f 2020 2027 2018
f 1827 2027 1823
f 1823 2027 2020
f 2028 1829 1830
f 2028 1830 2029
f 1830 2030 2029
f 1830 1831 2030
f 2031 1831 1833
f 2031 2030 1831
f 2032 1833 1834
f 2032 2031 1833
f 2032 1834 1824
f 2033 2032 1824
f 2021 2033 1824
f 2032 2033 2034
f 2035 2021 2022
f 2033 2021 2035
f 2022 2023 2036
f 2022 2036 2035
f 2026 2027 2037
f 2026 2037 2038
f 1835 2037 1827
f 1827 2037 2027
f 2039 1837 1838
f 1829 2028 1838
f 2028 2039 1838
f 2028 2040 2039
f 2028 2029 2041
f 2028 2041 2040
f 2042 2034 2033
f 2042 2033 2035
f 2042 2035 2043
f 2043 2035 2036
f 2038 2037 1840
f 1841 2038 1840
f 2044 2038 1841
f 1840 2037 1835
f 2045 1842 1843
f 1844 2046 1843
f 1843 2046 2045
f 2047 2046 1844
f 2047 1844 1837
f 2048 2047 1837
f 2039 2048 1837
f 2048 2039 2040
f 2048 2040 2049
f 2049 2040 2041
f 2051 2050 1846
f 2051 1846 1847
f 1841 1846 2044
f 2044 1846 2050
f 2052 1848 1849
f 2053 2052 1849
f 2053 1849 1842
f 2054 2053 1842
f 2045 2054 1842
f 2054 2045 2046
f 2054 2046 2055
f 2055 2046 2047
f 2057 2056 1851
f 2057 1851 1852
f 1847 1851 2051
f 2051 1851 2056
f 2052 1853 1848
f 1855 1853 2052
f 2053 1855 2052
f 2058 1855 2053
f 2061 2060 2059
f 1857 1858 2059
f 2060 1857 2059
f 2062 1857 2060
f 1852 1857 2057
f 2057 1857 2062
f 2063 1859 1860
f 1855 2058 2064
f 2063 1855 2064
f 2065 2063 2064
f 1860 1855 2063
f 2066 2065 2064
f 2067 2061 2059
f 2059 1858 2067
f 1858 2068 2067
f 1858 1861 2068
f 2069 1863 2063
f 2063 1863 1859
f 2065 2071 2070
f 2069 2065 2070
f 2063 2065 2069
f 2071 2065 2066
f 1864 2068 1861
f 1864 2072 2068
f 2073 1867 2069
f 2069 1867 1863
f 2069 2070 2074
f 2069 2074 2073
f 2076 2075 1870
f 2076 1870 1869
f 1864 1870 2072
f 2072 1870 2075
f 2077 1874 1875
f 1876 2078 1875
f 1875 2078 2077
f 1877 2079 1876
f 1876 2079 2078
f 1867 2073 1877
f 2073 2079 1877
f 2073 2080 2079
f 2073 2074 2081
f 2073 2081 2080
f 2083 2082 1878
f 2083 1878 1879
f 1869 1878 2076
f 2076 1878 2082
f 2084 1883 1884
f 1885 2085 1884
f 1884 2085 2084
f 1874 2077 1885
f 2077 2085 1885
f 2077 2086 2085
f 2087 2077 2078
f 2086 2077 2087
f 2088 2078 2079
f 2087 2078 2088
f 2080 2090 2089
f 2088 2080 2089
f 2079 2080 2088
f 2090 2080 2081
f 1887 2083 1879
f 1887 2091 2083
f 2092 1889 1890
f 1891 2093 1890
f 1890 2093 2092
f 1883 2084 1891
f 2084 2093 1891
f 2084 2094 2093
f 2085 2096 2095
f 2094 2085 2095
f 2084 2085 2094
f 2096 2085 2086
f 2096 2086 2097
f 2097 2086 2087
f 2097 2087 2098
f 2100 2099 2098
f 2087 2100 2098
f 2088 2100 2087
f 2088 2089 2101
f 2088 2101 2100
f 1893 2102 1892
f 2102 2103 1892
f 2103 1887 1892
f 2103 2091 1887
f 2104 1895 1896
f 1897 2105 1896
f 1896 2105 2104
f 2106 2105 1897
f 2106 1897 1889
f 2107 2106 1889
f 2092 2107 1889
f 2107 2092 2093
f 2107 2093 2108
f 2108 2093 2094
f 2108 2094 2109
f 2109 2094 2095
f 2110 2099 2100
f 2110 2100 2101
f 1899 2111 2102
f 1899 2102 1893
f 2103 2102 2112
f 2112 2102 2111
f 2113 1901 1902
f 2114 2113 1902
f 2114 1902 1895
f 2115 2114 1895
f 2104 2115 1895
f 2115 2104 2105
f 2115 2105 2116
f 2116 2105 2106
f 2118 2117 2111
f 1899 2118 2111
f 1904 2118 1899
f 2111 2117 2112
f 2119 1906 2113
f 2113 1906 1901
f 2113 2114 2120
f 2113 2120 2119
f 2122 2121 1907
f 2122 1907 1908
f 1904 1907 2118
f 2118 1907 2121
f 2123 1909 1910
f 2124 2123 1910
f 2124 1910 1906
f 2125 2124 1906
f 2119 2125 1906
f 2125 2119 2120
f 1911 2122 1908
f 1911 2126 2122
f 2127 1912 2123
f 2123 1912 1909
f 2123 2124 2128
f 2123 2128 2127
f 1913 2126 1911
f 1913 2129 2126
f 2130 1914 1915
f 2131 2130 1915
f 2131 1915 1912
f 2132 2131 1912
f 2127 2132 1912
f 2132 2127 2128
f 1916 2129 1913
f 1916 2133 2129
f 2134 1918 2130
f 2130 1918 1914
f 2130 2131 2135
f 2130 2135 2134
f 1919 2133 1916
f 1919 2136 2133
f 2137 1920 1921
f 2138 2137 1921
f 2138 1921 1918
f 2139 2138 1918
f 2134 2139 1918
f 2139 2134 2135
f 1922 2136 1919
f 1922 2140 2136
f 2141 1923 1924
f 1920 2137 1924
f 2137 2141 1924
f 2137 2142 2141
f 2137 2138 2143
f 2144 2137 2143
f 2142 2137 2144
f 2145 2144 2143
f 2147 2146 1929
f 2147 1929 1930
f 1932 1929 2146
f 1932 2146 2148
f 1933 2140 1922
f 1933 2149 2140
f 2150 1934 2141
f 2141 1934 1923
f 2151 2141 2142
f 2150 2141 2151
f 2144 2153 2152
f 2151 2144 2152
f 2142 2144 2151
f 2153 2144 2145
f 1940 2154 1939
f 2155 1941 1939
f 2155 1939 2154
f 1941 2155 2156
f 2157 1941 2156
f 1942 1941 2157
f 1942 2158 1943
f 2157 2158 1942
f 1930 1943 2147
f 2147 1943 2158
f 2148 2159 1932
f 1932 2159 1944
f 1944 2160 1945
f 2159 2160 1944
f 2160 2162 2161
f 1946 2160 2161
f 1945 2160 1946
f 2161 1948 1946
f 1951 2149 1933
f 1951 2163 2149
f 2150 1952 1934
f 1952 2150 1954
f 2150 2164 1954
f 2150 2151 2164
f 2151 2152 2165
f 2151 2165 2164
f 1962 2166 2154
f 1962 2154 1940
f 2168 2155 2167
f 2155 2166 2167
f 2155 2154 2166
f 2155 2168 2156
f 2162 2169 2161
f 2161 2169 1948
f 2169 1963 1948
f 2169 2170 1963
f 1965 1963 2170
f 1965 2170 2171
f 1967 2163 1951
f 1967 2172 2163
f 2173 1968 2164
f 2164 1968 1954
f 2175 2174 2165
f 1969 2165 2174
f 2165 1969 2164
f 1970 2164 1969
f 2164 1970 2173
f 2176 1971 1969
f 2176 1969 2174
f 2177 1972 1971
f 2177 1971 2176
f 2177 1974 1972
f 1977 2178 2166
f 1977 2166 1962
f 2167 2166 2179
f 2179 2166 2178
f 2171 2180 1965
f 1965 2180 1978
f 1978 2181 1979
f 2180 2181 1978
f 1967 1979 2172
f 2172 1979 2181
f 2183 2182 2173
f 2182 1968 2173
f 2182 1981 1968
f 1982 2173 1970
f 2173 1982 2183
f 2184 2183 1982
f 2183 2184 2175
f 2174 2175 2184
f 2174 2185 2176
f 2174 2184 2185
f 2187 2177 2186
f 2177 2185 2186
f 2177 2176 2185
f 2177 2187 1974
f 2187 1983 1974
f 2187 2188 1983
f 2188 2190 2189
f 1984 2188 2189
f 1983 2188 1984
f 2189 1986 1984
f 1989 2191 1988
f 1988 2191 2192
f 2193 1988 2192
f 1990 1988 2193
f 1977 1990 2178
f 1990 2194 2178
f 1990 2193 2194
f 2178 2194 2179
f 2196 1992 2195
f 1992 2182 2195
f 1992 1981 2182
f 1982 1993 2184
f 2196 2195 2197
f 2184 1993 1995
f 2198 2184 1995
f 2185 2184 2198
f 2186 2185 2199
f 2199 2185 2198
f 2190 2200 2189
f 2189 2200 1986
f 2200 1996 1986
f 2200 2201 1996
f 1996 2202 1997
f 2201 2202 1996
f 1989 1997 2191
f 1997 2203 2191
f 1997 2202 2203
f 2191 2203 2192
f 2204 1999 2196
f 2196 1999 1992
f 2196 2197 2205
f 2196 2205 2204
f 2207 2206 2198
f 1995 2207 2198
f 2001 2207 1995
f 2198 2206 2199
f 2208 2003 2204
f 2204 2003 1999
f 2204 2205 2209
f 2204 2209 2208
f 2005 2211 2210
f 2207 2005 2210
f 2001 2005 2207
f 2211 2212 2210
f 2208 2006 2003
f 2008 2006 2208
f 2209 2008 2208
f 2213 2008 2209
f 2215 2214 2211
f 2005 2215 2211
f 2009 2215 2005
f 2211 2214 2212
f 2213 2216 2008
f 2008 2216 2010
f 2009 2010 2215
f 2215 2010 2216
f 2217 2011 2012
f 2014 2217 2012
f 2218 2015 2016
f 2017 2219 2016
f 2016 2219 2218
f 2019 2219 2017
f 2220 2023 2217
f 2217 2023 2011
f 2024 2221 2014
f 2221 2217 2014
f 2221 2220 2217
f 2015 2218 2024
f 2218 2221 2024
f 2218 2222 2221
f 2223 2218 2219
f 2222 2218 2223
f 2025 2224 2019
f 2224 2219 2019
f 2224 2223 2219
f 2026 2224 2025
f 2225 2029 2030
f 2031 2226 2030
f 2030 2226 2225
f 2032 2227 2031
f 2031 2227 2226
f 2034 2227 2032
f 2229 2228 2220
f 2228 2023 2220
f 2228 2036 2023
f 2229 2220 2221
f 2229 2221 2230
f 2230 2221 2222
f 2230 2222 2231
f 2233 2232 2231
f 2222 2233 2231
f 2223 2233 2222
f 2234 2223 2224
f 2233 2223 2234
f 2038 2234 2026
f 2026 2234 2224
f 2235 2041 2225
f 2225 2041 2029
f 2236 2225 2226
f 2235 2225 2236
f 2237 2226 2227
f 2236 2226 2237
f 2042 2238 2034
f 2238 2227 2034
f 2238 2237 2227
f 2238 2042 2239
f 2042 2240 2239
f 2042 2043 2240
f 2043 2036 2228
f 2043 2228 2240
f 2241 2232 2233
f 2243 2242 2241
f 2233 2243 2241
f 2234 2243 2233
f 2044 2243 2038
f 2038 2243 2234
f 2244 2047 2048
f 2049 2245 2048
f 2048 2245 2244
f 2041 2235 2049
f 2235 2245 2049
f 2235 2246 2245
f 2247 2235 2236
f 2246 2235 2247
f 2248 2236 2237
f 2247 2236 2248
f 2249 2237 2238
f 2248 2237 2249
f 2238 2239 2250
f 2238 2250 2249
f 2253 2252 2251
f 2251 2252 2242
f 2251 2242 2243
f 2051 2251 2243
f 2050 2051 2243
f 2050 2243 2044
f 2254 2053 2054
f 2055 2255 2054
f 2054 2255 2254
f 2047 2244 2055
f 2244 2255 2055
f 2244 2256 2255
f 2257 2244 2245
f 2256 2244 2257
f 2246 2259 2258
f 2257 2246 2258
f 2245 2246 2257
f 2259 2246 2247
f 2259 2247 2260
f 2260 2247 2248
f 2260 2248 2261
f 2261 2248 2249
f 2261 2249 2262
f 2262 2249 2250
f 2253 2251 2056
f 2057 2253 2056
f 2263 2253 2057
f 2056 2251 2051
f 2264 2058 2254
f 2254 2058 2053
f 2255 2266 2265
f 2264 2255 2265
f 2254 2255 2264
f 2266 2255 2256
f 2266 2256 2267
f 2267 2256 2257
f 2267 2257 2268
f 2268 2257 2258
f 2271 2270 2269
f 2273 2272 2269
f 2273 2269 2270
f 2274 2272 2273
f 2277 2276 2275
f 2060 2061 2275
f 2276 2060 2275
f 2278 2060 2276
f 2060 2279 2062
f 2278 2279 2060
f 2057 2062 2263
f 2263 2062 2279
f 2264 2064 2058
f 2281 2280 2066
f 2281 2066 2064
f 2265 2281 2064
f 2264 2265 2064
f 2283 2282 2280
f 2283 2280 2281
f 2285 2284 2282
f 2285 2282 2283
f 2286 2284 2285
f 2287 2271 2269
f 2287 2269 2272
f 2287 2272 2288
f 2288 2272 2274
f 2289 2277 2275
f 2291 2289 2290
f 2290 2289 2067
f 2289 2275 2067
f 2275 2061 2067
f 2068 2290 2067
f 2292 2070 2071
f 2066 2280 2071
f 2280 2292 2071
f 2280 2293 2292
f 2294 2280 2282
f 2293 2280 2294
f 2284 2296 2295
f 2294 2284 2295
f 2282 2284 2294
f 2296 2284 2286
f 2297 2291 2290
f 2290 2068 2297
f 2068 2298 2297
f 2068 2072 2298
f 2299 2074 2292
f 2292 2074 2070
f 2300 2292 2293
f 2299 2292 2300
f 2301 2293 2294
f 2300 2293 2301
f 2294 2295 2302
f 2294 2302 2301
f 2076 2303 2075
f 2303 2304 2075
f 2304 2072 2075
f 2304 2298 2072
f 2305 2081 2299
f 2299 2081 2074
f 2306 2299 2300
f 2305 2299 2306
f 2301 2308 2307
f 2306 2301 2307
f 2300 2301 2306
f 2308 2301 2302
f 2083 2309 2082
f 2309 2310 2082
f 2082 2310 2076
f 2310 2311 2076
f 2311 2303 2076
f 2303 2311 2304
f 2312 2089 2090
f 2081 2305 2090
f 2305 2312 2090
f 2305 2313 2312
f 2314 2305 2306
f 2313 2305 2314
f 2306 2307 2315
f 2306 2315 2314
f 2317 2316 2309
f 2083 2317 2309
f 2091 2317 2083
f 2309 2316 2310
f 2318 2095 2096
f 2097 2319 2096
f 2096 2319 2318
f 2098 2320 2097
f 2097 2320 2319
f 2099 2320 2098
f 2321 2101 2312
f 2312 2101 2089
f 2322 2312 2313
f 2321 2312 2322
f 2314 2324 2323
f 2322 2314 2323
f 2313 2314 2322
f 2324 2314 2315
f 2103 2317 2091
f 2103 2325 2317
f 2326 2106 2107
f 2108 2327 2107
f 2107 2327 2326
f 2109 2328 2108
f 2108 2328 2327
f 2095 2318 2109
f 2318 2328 2109
f 2318 2329 2328
f 2330 2318 2319
f 2329 2318 2330
f 2331 2319 2320
f 2330 2319 2331
f 2110 2332 2099
f 2332 2320 2099
f 2332 2331 2320
f 2101 2321 2110
f 2321 2332 2110
f 2321 2333 2332
f 2334 2321 2322
f 2333 2321 2334
f 2322 2323 2335
f 2336 2322 2335
f 2334 2322 2336
f 2337 2336 2335
f 2112 2325 2103
f 2112 2338 2325
f 2339 2114 2115
f 2116 2340 2115
f 2115 2340 2339
f 2106 2326 2116
f 2326 2340 2116
f 2326 2341 2340
f 2327 2343 2342
f 2341 2327 2342
f 2326 2327 2341
f 2343 2327 2328
f 2343 2328 2344
f 2344 2328 2329
f 2344 2329 2345
f 2345 2329 2330
f 2345 2330 2346
f 2346 2330 2331
f 2346 2331 2347
f 2347 2331 2332
f 2347 2332 2348
f 2348 2332 2333
f 2348 2333 2349
f 2349 2333 2334
f 2349 2334 2350
f 2350 2334 2336
f 2350 2336 2351
f 2351 2336 2337
f 2353 2352 2117
f 2353 2117 2118
f 2112 2117 2338
f 2338 2117 2352
f 2354 2120 2339
f 2339 2120 2114
f 2355 2339 2340
f 2354 2339 2355
f 2356 2340 2341
f 2355 2340 2356
f 2341 2342 2357
f 2341 2357 2356
f 2359 2358 2121
f 2359 2121 2122
f 2118 2121 2353
f 2353 2121 2358
f 2360 2124 2125
f 2120 2354 2125
f 2354 2360 2125
f 2354 2361 2360
f 2355 2363 2362
f 2361 2355 2362
f 2354 2355 2361
f 2363 2355 2356
f 2363 2356 2364
f 2364 2356 2357
f 2367 2366 2365
f 2369 2368 2365
f 2369 2365 2366
f 2369 2359 2368
f 2359 2126 2368
f 2359 2122 2126
f 2370 2128 2360
f 2360 2128 2124
f 2361 2372 2371
f 2370 2361 2371
f 2360 2361 2370
f 2372 2361 2362
f 2375 2374 2373
f 2377 2376 2373
f 2377 2373 2374
f 2379 2378 2376
f 2379 2376 2377
f 2378 2379 2367
f 2365 2378 2367
f 2380 2378 2365
f 2381 2365 2368
f 2380 2365 2381
f 2129 2381 2126
f 2126 2381 2368
f 2382 2131 2132
f 2128 2370 2132
f 2370 2382 2132
f 2370 2383 2382
f 2370 2371 2384
f 2370 2384 2383
f 2385 2375 2373
f 2385 2373 2376
f 2385 2376 2386
f 2388 2387 2386
f 2376 2388 2386
f 2378 2388 2376
f 2389 2378 2380
f 2388 2378 2389
f 2390 2380 2381
f 2389 2380 2390
f 2133 2390 2129
f 2129 2390 2381
f 2391 2135 2382
f 2382 2135 2131
f 2383 2393 2392
f 2391 2383 2392
f 2382 2383 2391
f 2393 2383 2384
f 2394 2387 2388
f 2396 2395 2394
f 2388 2396 2394
f 2389 2396 2388
f 2397 2389 2390
f 2396 2389 2397
f 2136 2397 2133
f 2133 2397 2390
f 2398 2138 2139
f 2135 2391 2139
f 2391 2398 2139
f 2391 2399 2398
f 2391 2392 2400
f 2391 2400 2399
f 2401 2395 2396
f 2403 2402 2401
f 2396 2403 2401
f 2397 2403 2396
f 2140 2403 2136
f 2136 2403 2397
f 2398 2143 2138
f 2143 2398 2145
f 2398 2404 2145
f 2398 2399 2404
f 2399 2400 2405
f 2406 2399 2405
f 2404 2399 2406
f 2407 2406 2405
f 2410 2409 2408
f 2146 2147 2408
f 2409 2146 2408
f 2411 2146 2409
f 2148 2146 2411
f 2148 2411 2412
f 2413 2402 2403
f 2403 2140 2413
f 2140 2414 2413
f 2140 2149 2414
f 2415 2152 2153
f 2145 2404 2153
f 2404 2415 2153
f 2404 2416 2415
f 2406 2418 2417
f 2416 2406 2417
f 2404 2406 2416
f 2418 2406 2407
f 2420 2419 2157
f 2420 2157 2156
f 2408 2158 2410
f 2158 2419 2410
f 2158 2157 2419
f 2158 2408 2147
f 2412 2421 2148
f 2148 2421 2159
f 2421 2423 2422
f 2160 2421 2422
f 2159 2421 2160
f 2422 2162 2160
f 2163 2414 2149
f 2163 2424 2414
f 2425 2165 2415
f 2415 2165 2152
f 2426 2415 2416
f 2425 2415 2426
f 2416 2417 2427
f 2416 2427 2426
f 2167 2428 2168
f 2428 2429 2168
f 2429 2156 2168
f 2429 2420 2156
f 2423 2430 2422
f 2430 2432 2431
f 2430 2431 2169
f 2422 2430 2169
f 2162 2422 2169
f 2433 2170 2169
f 2433 2169 2431
f 2433 2171 2170
f 2172 2424 2163
f 2172 2434 2424
f 2435 2175 2425
f 2425 2175 2165
f 2436 2425 2426
f 2435 2425 2436
f 2426 2427 2437
f 2426 2437 2436
f 2179 2438 2428
f 2179 2428 2167
f 2429 2428 2439
f 2439 2428 2438
f 2432 2440 2431
f 2431 2440 2433
f 2433 2440 2441
f 2433 2441 2171
f 2441 2180 2171
f 2441 2442 2180
f 2442 2444 2443
f 2181 2442 2443
f 2180 2442 2181
f 2443 2445 2181
f 2445 2172 2181
f 2445 2434 2172
f 2446 2182 2183
f 2175 2435 2183
f 2435 2446 2183
f 2435 2447 2446
f 2436 2449 2448
f 2447 2436 2448
f 2435 2436 2447
f 2450 2449 2186
f 2436 2186 2449
f 2186 2436 2187
f 2437 2187 2436
f 2187 2437 2451
f 2187 2452 2188
f 2451 2452 2187
f 2454 2453 2190
f 2188 2454 2190
f 2452 2454 2188
f 2455 2453 2454
f 2192 2456 2193
f 2457 2194 2193
f 2457 2193 2456
f 2457 2458 2194
f 2194 2458 2179
f 2458 2459 2179
f 2459 2438 2179
f 2438 2459 2439
f 2444 2460 2443
f 2443 2460 2445
f 2446 2195 2182
f 2446 2447 2461
f 2197 2446 2461
f 2462 2197 2461
f 2446 2197 2195
f 2461 2447 2448
f 2199 2450 2186
f 2199 2463 2450
f 2453 2200 2190
f 2455 2464 2453
f 2464 2200 2453
f 2464 2201 2200
f 2201 2465 2202
f 2464 2465 2201
f 2465 2467 2466
f 2203 2465 2466
f 2202 2465 2203
f 2456 2192 2203
f 2466 2456 2203
f 2468 2456 2466
f 2456 2469 2457
f 2456 2468 2469
f 2458 2457 2470
f 2470 2457 2469
f 2472 2205 2471
f 2205 2462 2471
f 2205 2197 2462
f 2471 2207 2472
f 2471 2206 2207
f 2471 2474 2473
f 2206 2471 2473
f 2473 2475 2206
f 2475 2199 2206
f 2475 2463 2199
f 2467 2476 2466
f 2466 2476 2468
f 2468 2476 2477
f 2468 2477 2469
f 2469 2477 2478
f 2469 2478 2470
f 2479 2209 2472
f 2472 2209 2205
f 2480 2473 2474
f 2473 2480 2210
f 2479 2210 2480
f 2210 2479 2207
f 2472 2207 2479
f 2482 2481 2212
f 2212 2481 2210
f 2481 2475 2210
f 2475 2473 2210
f 2482 2483 2481
f 2484 2213 2479
f 2479 2213 2209
f 2485 2214 2215
f 2479 2485 2215
f 2484 2479 2215
f 2485 2479 2480
f 2212 2214 2482
f 2214 2486 2482
f 2214 2485 2486
f 2482 2486 2483
f 2484 2216 2213
f 2216 2484 2215
f 2487 2228 2229
f 2230 2488 2229
f 2229 2488 2487
f 2231 2489 2230
f 2230 2489 2488
f 2232 2489 2231
f 2490 2239 2240
f 2228 2487 2240
f 2487 2490 2240
f 2487 2491 2490
f 2492 2487 2488
f 2491 2487 2492
f 2493 2488 2489
f 2492 2488 2493
f 2241 2494 2232
f 2494 2489 2232
f 2494 2493 2489
f 2242 2494 2241
f 2495 2250 2490
f 2490 2250 2239
f 2496 2490 2491
f 2495 2490 2496
f 2497 2491 2492
f 2496 2491 2497
f 2498 2492 2493
f 2497 2492 2498
f 2253 2498 2252
f 2498 2494 2252
f 2498 2493 2494
f 2252 2494 2242
f 2499 2258 2259
f 2260 2500 2259
f 2259 2500 2499
f 2261 2501 2260
f 2260 2501 2500
f 2262 2502 2261
f 2261 2502 2501
f 2250 2495 2262
f 2495 2502 2262
f 2495 2503 2502
f 2504 2495 2496
f 2503 2495 2504
f 2505 2496 2497
f 2504 2496 2505
f 2506 2497 2498
f 2505 2497 2506
f 2263 2506 2253
f 2253 2506 2498
f 2507 2265 2266
f 2267 2508 2266
f 2266 2508 2507
f 2268 2509 2267
f 2267 2509 2508
f 2258 2499 2268
f 2499 2509 2268
f 2499 2510 2509
f 2271 2510 2270
f 2510 2500 2270
f 2510 2499 2500
f 2270 2500 2273
f 2273 2500 2501
f 2501 2502 2511
f 2274 2501 2511
f 2512 2274 2511
f 2501 2274 2273
f 2511 2502 2503
f 2511 2503 2513
f 2277 2514 2276
f 2514 2503 2276
f 2503 2504 2276
f 2514 2513 2503
f 2276 2504 2278
f 2278 2504 2505
f 2278 2505 2279
f 2279 2505 2506
f 2279 2506 2263
f 2507 2281 2265
f 2281 2507 2283
f 2283 2507 2508
f 2283 2508 2285
f 2285 2508 2509
f 2285 2509 2286
f 2509 2515 2286
f 2509 2510 2515
f 2287 2516 2271
f 2516 2510 2271
f 2516 2515 2510
f 2288 2517 2287
f 2287 2517 2516
f 2274 2512 2518
f 2517 2274 2518
f 2519 2517 2518
f 2288 2274 2517
f 2521 2520 2519
f 2521 2519 2518
f 2522 2520 2289
f 2520 2514 2289
f 2514 2277 2289
f 2514 2520 2521
f 2291 2522 2289
f 2523 2295 2296
f 2286 2515 2296
f 2515 2523 2296
f 2515 2524 2523
f 2525 2515 2516
f 2524 2515 2525
f 2517 2527 2526
f 2525 2517 2526
f 2516 2517 2525
f 2527 2517 2519
f 2527 2519 2528
f 2528 2519 2520
f 2528 2520 2529
f 2529 2520 2522
f 2529 2522 2530
f 2530 2522 2291
f 2297 2530 2291
f 2531 2530 2297
f 2297 2298 2531
f 2531 2298 2532
f 2533 2302 2523
f 2523 2302 2295
f 2534 2523 2524
f 2533 2523 2534
f 2535 2524 2525
f 2534 2524 2535
f 2525 2526 2536
f 2525 2536 2535
f 2304 2532 2298
f 2304 2537 2532
f 2538 2307 2308
f 2302 2533 2308
f 2533 2538 2308
f 2533 2539 2538
f 2540 2533 2534
f 2539 2533 2540
f 2541 2534 2535
f 2540 2534 2541
f 2535 2536 2542
f 2535 2542 2541
f 2544 2543 2311
f 2544 2311 2310
f 2304 2311 2537
f 2537 2311 2543
f 2545 2315 2538
f 2538 2315 2307
f 2546 2538 2539
f 2545 2538 2546
f 2547 2539 2540
f 2546 2539 2547
f 2548 2540 2541
f 2547 2540 2548
f 2541 2542 2549
f 2541 2549 2548
f 2551 2550 2316
f 2551 2316 2317
f 2310 2316 2544
f 2544 2316 2550
f 2552 2323 2324
f 2315 2545 2324
f 2545 2552 2324
f 2545 2553 2552
f 2554 2545 2546
f 2553 2545 2554
f 2555 2546 2547
f 2554 2546 2555
f 2556 2547 2548
f 2555 2547 2556
f 2548 2549 2557
f 2558 2548 2557
f 2556 2548 2558
f 2560 2559 2558
f 2560 2558 2557
f 2562 2561 2559
f 2562 2559 2560
f 2562 2551 2561
f 2551 2325 2561
f 2551 2317 2325
f 2552 2335 2323
f 2335 2552 2337
f 2552 2563 2337
f 2552 2553 2563
f 2564 2553 2554
f 2563 2553 2564
f 2565 2554 2555
f 2564 2554 2565
f 2566 2555 2556
f 2565 2555 2566
f 2567 2556 2558
f 2566 2556 2567
f 2568 2558 2559
f 2567 2558 2568
f 2569 2559 2561
f 2568 2559 2569
f 2338 2569 2325
f 2325 2569 2561
f 2570 2342 2343
f 2344 2571 2343
f 2343 2571 2570
f 2345 2572 2344
f 2344 2572 2571
f 2346 2573 2345
f 2345 2573 2572
f 2347 2574 2346
f 2346 2574 2573
f 2348 2575 2347
f 2347 2575 2574
f 2349 2576 2348
f 2348 2576 2575
f 2350 2577 2349
f 2349 2577 2576
f 2351 2578 2350
f 2350 2578 2577
f 2337 2563 2351
f 2563 2578 2351
f 2563 2579 2578
f 2580 2563 2564
f 2579 2563 2580
f 2581 2564 2565
f 2580 2564 2581
f 2582 2565 2566
f 2581 2565 2582
f 2583 2566 2567
f 2582 2566 2583
f 2584 2567 2568
f 2583 2567 2584
f 2353 2584 2352
f 2584 2569 2352
f 2584 2568 2569
f 2352 2569 2338
f 2585 2357 2570
f 2570 2357 2342
f 2586 2570 2571
f 2585 2570 2586
f 2587 2571 2572
f 2586 2571 2587
f 2588 2572 2573
f 2587 2572 2588
f 2589 2573 2574
f 2588 2573 2589
f 2590 2574 2575
f 2589 2574 2590
f 2591 2575 2576
f 2590 2575 2591
f 2592 2576 2577
f 2591 2576 2592
f 2593 2577 2578
f 2592 2577 2593
f 2594 2578 2579
f 2593 2578 2594
f 2595 2579 2580
f 2594 2579 2595
f 2596 2580 2581
f 2595 2580 2596
f 2597 2581 2582
f 2596 2581 2597
f 2598 2582 2583
f 2597 2582 2598
f 2359 2598 2358
f 2598 2584 2358
f 2598 2583 2584
f 2358 2584 2353
f 2599 2362 2363
f 2364 2600 2363
f 2363 2600 2599
f 2357 2585 2364
f 2585 2600 2364
f 2585 2601 2600
f 2602 2585 2586
f 2601 2585 2602
f 2603 2586 2587
f 2602 2586 2603
f 2588 2605 2604
f 2603 2588 2604
f 2587 2588 2603
f 2605 2588 2589
f 2605 2589 2606
f 2606 2589 2590
f 2606 2590 2607
f 2607 2590 2591
f 2607 2591 2608
f 2608 2591 2592
f 2608 2592 2609
f 2611 2610 2609
f 2592 2611 2609
f 2593 2611 2592
f 2612 2593 2594
f 2611 2593 2612
f 2613 2594 2595
f 2612 2594 2613
f 2614 2595 2596
f 2613 2595 2614
f 2367 2614 2366
f 2614 2597 2366
f 2614 2596 2597
f 2366 2597 2369
f 2369 2597 2598
f 2369 2598 2359
f 2615 2371 2372
f 2362 2599 2372
f 2599 2615 2372
f 2599 2616 2615
f 2617 2599 2600
f 2616 2599 2617
f 2618 2600 2601
f 2617 2600 2618
f 2619 2601 2602
f 2618 2601 2619
f 2603 2621 2620
f 2619 2603 2620
f 2602 2603 2619
f 2621 2603 2604
f 2610 2611 2622
f 2610 2622 2623
f 2375 2622 2374
f 2622 2612 2374
f 2622 2611 2612
f 2374 2612 2377
f 2377 2612 2613
f 2377 2613 2379
f 2379 2613 2614
f 2379 2614 2367
f 2624 2384 2615
f 2615 2384 2371
f 2625 2615 2616
f 2624 2615 2625
f 2626 2616 2617
f 2625 2616 2626
f 2627 2617 2618
f 2626 2617 2627
f 2619 2629 2628
f 2627 2619 2628
f 2618 2619 2627
f 2629 2619 2620
f 2630 2623 2622
f 2632 2630 2631
f 2631 2630 2385
f 2630 2622 2385
f 2622 2375 2385
f 2386 2633 2385
f 2385 2633 2631
f 2387 2633 2386
f 2634 2392 2393
f 2384 2624 2393
f 2624 2634 2393
f 2624 2635 2634
f 2636 2624 2625
f 2635 2624 2636
f 2637 2625 2626
f 2636 2625 2637
f 2627 2639 2638
f 2637 2627 2638
f 2626 2627 2637
f 2639 2627 2628
f 2640 2632 2631
f 2640 2631 2633
f 2640 2633 2641
f 2641 2633 2387
f 2394 2641 2387
f 2642 2641 2394
f 2394 2395 2642
f 2642 2395 2643
f 2644 2400 2634
f 2634 2400 2392
f 2645 2634 2635
f 2644 2634 2645
f 2646 2635 2636
f 2645 2635 2646
f 2637 2648 2647
f 2646 2637 2647
f 2636 2637 2646
f 2648 2637 2638
f 2395 2401 2649
f 2650 2395 2649
f 2643 2395 2650
f 2402 2649 2401
f 2644 2405 2400
f 2405 2644 2407
f 2644 2651 2407
f 2644 2645 2651
f 2646 2653 2652
f 2651 2646 2652
f 2645 2646 2651
f 2653 2646 2647
f 2410 2654 2409
f 2655 2411 2409
f 2655 2409 2654
f 2655 2412 2411
f 2656 2650 2649
f 2656 2649 2402
f 2413 2656 2402
f 2657 2656 2413
f 2413 2414 2657
f 2657 2414 2658
f 2659 2417 2418
f 2407 2651 2418
f 2651 2659 2418
f 2651 2660 2659
f 2651 2652 2661
f 2651 2661 2660
f 2420 2662 2419
f 2662 2663 2419
f 2419 2663 2410
f 2663 2664 2410
f 2664 2654 2410
f 2654 2664 2655
f 2655 2664 2665
f 2655 2665 2412
f 2665 2421 2412
f 2665 2666 2421
f 2423 2421 2666
f 2423 2666 2667
f 2424 2658 2414
f 2424 2668 2658
f 2669 2427 2659
f 2659 2427 2417
f 2670 2659 2660
f 2669 2659 2670
f 2660 2661 2671
f 2660 2671 2670
f 2673 2672 2662
f 2420 2673 2662
f 2429 2673 2420
f 2662 2672 2663
f 2430 2423 2674
f 2423 2675 2674
f 2423 2667 2675
f 2674 2432 2430
f 2434 2668 2424
f 2434 2676 2668
f 2677 2437 2669
f 2669 2437 2427
f 2670 2679 2678
f 2677 2670 2678
f 2669 2670 2677
f 2679 2670 2671
f 2439 2673 2429
f 2439 2680 2673
f 2675 2681 2674
f 2681 2683 2682
f 2681 2682 2440
f 2674 2681 2440
f 2432 2674 2440
f 2684 2441 2440
f 2684 2440 2682
f 2685 2442 2441
f 2685 2441 2684
f 2685 2444 2442
f 2445 2676 2434
f 2445 2686 2676
f 2687 2448 2449
f 2437 2677 2451
f 2687 2449 2450
f 2678 2688 2677
f 2688 2451 2677
f 2688 2452 2451
f 2452 2689 2454
f 2688 2689 2452
f 2691 2690 2455
f 2454 2691 2455
f 2689 2691 2454
f 2692 2690 2691
f 2458 2693 2459
f 2693 2694 2459
f 2694 2439 2459
f 2694 2680 2439
f 2683 2695 2682
f 2682 2695 2684
f 2684 2695 2696
f 2684 2696 2685
f 2685 2696 2697
f 2685 2697 2444
f 2697 2460 2444
f 2697 2698 2460
f 2445 2460 2686
f 2686 2460 2698
f 2699 2462 2461
f 2448 2687 2461
f 2687 2699 2461
f 2687 2700 2699
f 2463 2700 2450
f 2450 2700 2687
f 2690 2464 2455
f 2692 2701 2690
f 2701 2464 2690
f 2701 2465 2464
f 2467 2465 2701
f 2467 2701 2702
f 2704 2703 2693
f 2458 2704 2693
f 2470 2704 2458
f 2693 2703 2694
f 2699 2471 2462
f 2471 2699 2474
f 2699 2705 2474
f 2699 2700 2705
f 2475 2705 2463
f 2463 2705 2700
f 2702 2706 2467
f 2467 2706 2476
f 2476 2707 2477
f 2706 2707 2476
f 2477 2708 2478
f 2707 2708 2477
f 2470 2478 2704
f 2704 2478 2708
f 2709 2480 2705
f 2705 2480 2474
f 2481 2710 2475
f 2710 2705 2475
f 2710 2709 2705
f 2483 2710 2481
f 2709 2485 2480
f 2485 2709 2486
f 2486 2709 2710
f 2486 2710 2483
f 2711 2512 2511
f 2513 2712 2511
f 2511 2712 2711
f 2514 2712 2513
f 2711 2518 2512
f 2518 2711 2521
f 2521 2711 2712
f 2521 2712 2514
f 2713 2526 2527
f 2528 2714 2527
f 2527 2714 2713
f 2714 2528 2715
f 2528 2716 2715
f 2528 2529 2716
f 2717 2529 2530
f 2717 2716 2529
f 2719 2717 2718
f 2717 2531 2718
f 2717 2530 2531
f 2532 2718 2531
f 2720 2536 2713
f 2713 2536 2526
f 2721 2713 2714
f 2720 2713 2721
f 2714 2715 2722
f 2714 2722 2721
f 2719 2718 2723
f 2719 2723 2724
f 2537 2723 2532
f 2532 2723 2718
f 2725 2542 2720
f 2720 2542 2536
f 2726 2720 2721
f 2725 2720 2726
f 2721 2722 2727
f 2721 2727 2726
f 2724 2723 2543
f 2544 2724 2543
f 2728 2724 2544
f 2543 2723 2537
f 2729 2549 2725
f 2725 2549 2542
f 2726 2731 2730
f 2729 2726 2730
f 2725 2726 2729
f 2731 2726 2727
f 2733 2732 2550
f 2733 2550 2551
f 2544 2550 2728
f 2728 2550 2732
f 2729 2557 2549
f 2730 2734 2729
f 2734 2557 2729
f 2734 2560 2557
f 2560 2735 2562
f 2734 2735 2560
f 2551 2562 2733
f 2733 2562 2735
f 2736 2604 2605
f 2606 2737 2605
f 2605 2737 2736
f 2607 2738 2606
f 2606 2738 2737
f 2608 2739 2607
f 2607 2739 2738
f 2609 2740 2608
f 2608 2740 2739
f 2610 2740 2609
f 2741 2620 2621
f 2604 2736 2621
f 2736 2741 2621
f 2736 2742 2741
f 2743 2736 2737
f 2742 2736 2743
f 2744 2737 2738
f 2743 2737 2744
f 2745 2738 2739
f 2744 2738 2745
f 2746 2739 2740
f 2745 2739 2746
f 2623 2746 2610
f 2610 2746 2740
f 2747 2628 2629
f 2620 2741 2629
f 2741 2747 2629
f 2741 2748 2747
f 2749 2741 2742
f 2748 2741 2749
f 2750 2742 2743
f 2749 2742 2750
f 2744 2752 2751
f 2750 2744 2751
f 2743 2744 2750
f 2754 2753 2752
f 2744 2754 2752
f 2745 2754 2744
f 2755 2745 2746
f 2754 2745 2755
f 2630 2756 2623
f 2756 2746 2623
f 2756 2755 2746
f 2632 2756 2630
f 2757 2638 2639
f 2628 2747 2639
f 2747 2757 2639
f 2747 2758 2757
f 2759 2747 2748
f 2758 2747 2759
f 2760 2748 2749
f 2759 2748 2760
f 2750 2762 2761
f 2760 2750 2761
f 2749 2750 2760
f 2762 2750 2751
f 2753 2754 2763
f 2753 2763 2764
f 2765 2754 2755
f 2763 2754 2765
f 2766 2755 2756
f 2765 2755 2766
f 2640 2767 2632
f 2767 2756 2632
f 2767 2766 2756
f 2641 2768 2640
f 2640 2768 2767
f 2642 2769 2641
f 2641 2769 2768
f 2643 2769 2642
f 2770 2647 2648
f 2638 2757 2648
f 2757 2770 2648
f 2757 2771 2770
f 2772 2757 2758
f 2771 2757 2772
f 2773 2758 2759
f 2772 2758 2773
f 2760 2775 2774
f 2773 2760 2774
f 2759 2760 2773
f 2775 2760 2761
f 2764 2763 2776
f 2764 2776 2777
f 2778 2763 2765
f 2776 2763 2778
f 2779 2765 2766
f 2778 2765 2779
f 2767 2781 2780
f 2779 2767 2780
f 2766 2767 2779
f 2783 2782 2781
f 2767 2783 2781
f 2768 2783 2767
f 2784 2768 2769
f 2783 2768 2784
f 2650 2784 2643
f 2643 2784 2769
f 2785 2652 2653
f 2647 2770 2653
f 2770 2785 2653
f 2770 2786 2785
f 2787 2770 2771
f 2786 2770 2787
f 2788 2771 2772
f 2787 2771 2788
f 2773 2790 2789
f 2788 2773 2789
f 2772 2773 2788
f 2790 2773 2774
f 2791 2777 2776
f 2791 2776 2778
f 2791 2778 2792
f 2792 2778 2779
f 2792 2779 2793
f 2793 2779 2780
f 2794 2782 2783
f 2794 2783 2784
f 2794 2784 2795
f 2795 2784 2650
f 2656 2795 2650
f 2796 2795 2656
f 2797 2656 2657
f 2797 2796 2656
f 2657 2658 2797
f 2797 2658 2798
f 2799 2661 2785
f 2785 2661 2652
f 2800 2785 2786
f 2799 2785 2800
f 2787 2802 2801
f 2800 2787 2801
f 2786 2787 2800
f 2802 2787 2788
f 2802 2788 2803
f 2803 2788 2789
f 2805 2804 2664
f 2805 2664 2663
f 2804 2807 2806
f 2665 2804 2806
f 2664 2804 2665
f 2808 2666 2665
f 2808 2665 2806
f 2808 2667 2666
f 2668 2798 2658
f 2668 2809 2798
f 2810 2671 2799
f 2799 2671 2661
f 2811 2799 2800
f 2810 2799 2811
f 2800 2801 2812
f 2800 2812 2811
f 2814 2813 2672
f 2814 2672 2673
f 2663 2672 2805
f 2805 2672 2813
f 2807 2815 2806
f 2817 2816 2815
f 2816 2806 2815
f 2816 2808 2806
f 2816 2675 2667
f 2816 2667 2808
f 2676 2809 2668
f 2676 2818 2809
f 2819 2678 2679
f 2671 2810 2679
f 2810 2819 2679
f 2810 2820 2819
f 2821 2810 2811
f 2820 2810 2821
f 2811 2812 2822
f 2823 2811 2822
f 2821 2811 2823
f 2825 2824 2823
f 2825 2823 2822
f 2827 2826 2824
f 2827 2824 2825
f 2828 2826 2827
f 2680 2814 2673
f 2680 2829 2814
f 2817 2830 2816
f 2830 2832 2831
f 2830 2831 2681
f 2816 2830 2681
f 2675 2816 2681
f 2831 2683 2681
f 2835 2834 2833
f 2837 2836 2833
f 2837 2833 2834
f 2837 2818 2836
f 2818 2686 2836
f 2818 2676 2686
f 2819 2688 2678
f 2688 2819 2689
f 2689 2819 2820
f 2689 2820 2691
f 2691 2820 2821
f 2691 2821 2692
f 2821 2838 2692
f 2821 2823 2838
f 2839 2823 2824
f 2838 2823 2839
f 2840 2824 2826
f 2839 2824 2840
f 2826 2828 2841
f 2842 2826 2841
f 2840 2826 2842
f 2844 2843 2842
f 2844 2842 2841
f 2844 2829 2843
f 2829 2694 2843
f 2829 2680 2694
f 2832 2845 2831
f 2845 2847 2846
f 2845 2846 2695
f 2831 2845 2695
f 2683 2831 2695
f 2695 2846 2848
f 2849 2695 2848
f 2696 2695 2849
f 2833 2697 2835
f 2697 2849 2835
f 2697 2696 2849
f 2697 2833 2698
f 2698 2833 2836
f 2698 2836 2686
f 2838 2701 2692
f 2701 2838 2702
f 2838 2850 2702
f 2838 2839 2850
f 2851 2839 2840
f 2850 2839 2851
f 2852 2840 2842
f 2851 2840 2852
f 2704 2852 2703
f 2852 2843 2703
f 2852 2842 2843
f 2703 2843 2694
f 2847 2853 2846
f 2846 2853 2848
f 2850 2706 2702
f 2706 2850 2707
f 2707 2850 2851
f 2707 2851 2708
f 2708 2851 2852
f 2708 2852 2704
f 2854 2715 2716
f 2717 2855 2716
f 2716 2855 2854
f 2719 2855 2717
f 2856 2722 2854
f 2854 2722 2715
f 2857 2854 2855
f 2856 2854 2857
f 2724 2857 2719
f 2719 2857 2855
f 2858 2727 2856
f 2856 2727 2722
f 2859 2856 2857
f 2858 2856 2859
f 2728 2859 2724
f 2724 2859 2857
f 2860 2730 2731
f 2727 2858 2731
f 2858 2860 2731
f 2858 2861 2860
f 2733 2861 2732
f 2861 2859 2732
f 2861 2858 2859
f 2732 2859 2728
f 2860 2734 2730
f 2734 2860 2735
f 2735 2860 2861
f 2735 2861 2733
f 2862 2751 2752
f 2753 2862 2752
f 2863 2761 2762
f 2751 2862 2762
f 2862 2863 2762
f 2862 2864 2863
f 2764 2864 2753
f 2753 2864 2862
f 2865 2774 2775
f 2761 2863 2775
f 2863 2865 2775
f 2863 2866 2865
f 2867 2863 2864
f 2866 2863 2867
f 2777 2867 2764
f 2764 2867 2864
f 2868 2780 2781
f 2782 2868 2781
f 2869 2789 2790
f 2774 2865 2790
f 2865 2869 2790
f 2865 2870 2869
f 2866 2872 2871
f 2870 2866 2871
f 2865 2866 2870
f 2872 2866 2867
f 2872 2867 2873
f 2875 2873 2874
f 2874 2873 2791
f 2873 2867 2791
f 2867 2777 2791
f 2792 2876 2791
f 2791 2876 2874
f 2793 2877 2792
f 2792 2877 2876
f 2780 2868 2793
f 2868 2877 2793
f 2868 2878 2877
f 2794 2879 2782
f 2879 2868 2782
f 2879 2878 2868
f 2795 2880 2794
f 2794 2880 2879
f 2796 2881 2795
f 2795 2881 2880
f 2797 2882 2796
f 2796 2882 2881
f 2798 2882 2797
f 2883 2801 2802
f 2803 2884 2802
f 2802 2884 2883
f 2789 2869 2803
f 2869 2884 2803
f 2869 2885 2884
f 2886 2869 2870
f 2885 2869 2886
f 2870 2871 2887
f 2888 2870 2887
f 2886 2870 2888
f 2889 2888 2887
f 2875 2874 2804
f 2805 2875 2804
f 2890 2875 2805
f 2804 2874 2807
f 2874 2891 2807
f 2874 2876 2891
f 2877 2893 2892
f 2891 2877 2892
f 2876 2877 2891
f 2893 2877 2878
f 2893 2878 2894
f 2894 2878 2879
f 2894 2879 2895
f 2895 2879 2880
f 2895 2880 2896
f 2898 2897 2896
f 2880 2898 2896
f 2881 2898 2880
f 2899 2881 2882
f 2898 2881 2899
f 2809 2899 2798
f 2798 2899 2882
f 2900 2812 2883
f 2883 2812 2801
f 2901 2883 2884
f 2900 2883 2901
f 2902 2884 2885
f 2901 2884 2902
f 2903 2885 2886
f 2902 2885 2903
f 2904 2886 2888
f 2903 2886 2904
f 2905 2813 2814
f 2888 2905 2814
f 2904 2888 2814
f 2905 2888 2889
f 2805 2813 2890
f 2890 2813 2905
f 2891 2815 2807
f 2817 2815 2891
f 2892 2817 2891
f 2906 2817 2892
f 2907 2897 2898
f 2909 2908 2907
f 2898 2909 2907
f 2899 2909 2898
f 2818 2909 2809
f 2809 2909 2899
f 2900 2822 2812
f 2822 2900 2825
f 2825 2900 2901
f 2825 2901 2827
f 2827 2901 2902
f 2827 2902 2828
f 2902 2910 2828
f 2902 2903 2910
f 2911 2903 2904
f 2910 2903 2911
f 2829 2911 2814
f 2814 2911 2904
f 2906 2912 2817
f 2817 2912 2830
f 2832 2830 2912
f 2832 2912 2913
f 2915 2914 2834
f 2915 2834 2835
f 2909 2837 2908
f 2837 2914 2908
f 2837 2834 2914
f 2837 2909 2818
f 2910 2841 2828
f 2841 2910 2844
f 2844 2910 2911
f 2844 2911 2829
f 2845 2832 2916
f 2832 2917 2916
f 2832 2913 2917
f 2916 2847 2845
f 2848 2918 2849
f 2918 2919 2849
f 2919 2835 2849
f 2919 2915 2835
f 2917 2920 2916
f 2920 2922 2921
f 2920 2921 2853
f 2916 2920 2853
f 2847 2916 2853
f 2921 2923 2853
f 2853 2923 2848
f 2923 2924 2848
f 2924 2918 2848
f 2918 2924 2919
f 2922 2925 2921
f 2921 2925 2923
f 2926 2871 2872
f 2873 2927 2872
f 2872 2927 2926
f 2875 2927 2873
f 2926 2887 2871
f 2887 2926 2889
f 2926 2928 2889
f 2926 2927 2928
f 2890 2928 2875
f 2875 2928 2927
f 2929 2892 2893
f 2894 2930 2893
f 2893 2930 2929
f 2895 2931 2894
f 2894 2931 2930
f 2896 2932 2895
f 2895 2932 2931
f 2897 2932 2896
f 2928 2905 2889
f 2905 2928 2890
f 2933 2906 2929
f 2929 2906 2892
f 2930 2935 2934
f 2933 2930 2934
f 2929 2930 2933
f 2935 2930 2931
f 2935 2931 2936
f 2938 2937 2936
f 2931 2938 2936
f 2932 2938 2931
f 2907 2939 2897
f 2939 2932 2897
f 2939 2938 2932
f 2908 2939 2907
f 2933 2912 2906
f 2913 2912 2933
f 2934 2913 2933
f 2940 2913 2934
f 2941 2937 2938
f 2915 2942 2914
f 2942 2938 2914
f 2938 2939 2914
f 2942 2941 2938
f 2914 2939 2908
f 2940 2917 2913
f 2943 2917 2940
f 2946 2945 2944
f 2945 2942 2944
f 2942 2919 2944
f 2942 2915 2919
f 2920 2917 2947
f 2917 2948 2947
f 2917 2943 2948
f 2947 2922 2920
f 2946 2944 2924
f 2923 2946 2924
f 2949 2946 2923
f 2924 2944 2919
f 2948 2950 2947
f 2947 2950 2922
f 2950 2925 2922
f 2950 2951 2925
f 2923 2925 2949
f 2949 2925 2951
f 2952 2934 2935
f 2936 2953 2935
f 2935 2953 2952
f 2937 2953 2936
f 2954 2940 2952
f 2952 2940 2934
f 2955 2952 2953
f 2954 2952 2955
f 2941 2956 2937
f 2956 2953 2937
f 2956 2955 2953
f 2942 2956 2941
f 2957 2943 2954
f 2954 2943 2940
f 2958 2954 2955
f 2957 2954 2958
f 2946 2958 2945
f 2958 2956 2945
f 2958 2955 2956
f 2945 2956 2942
f 2959 2948 2957
f 2957 2948 2943
f 2960 2957 2958
f 2959 2957 2960
f 2949 2960 2946
f 2946 2960 2958
f 2959 2950 2948
f 2950 2959 2951
f 2951 2959 2960
f 2951 2960 2949
