v 45.7 -36.0 24.0
v 46.0 -36.0 23.3
v 46.0 -36.3 24.0
v 46.0 -36.3 25.0
v 45.7 -36.0 25.0
v 46.0 -36.4 26.0
v 45.7 -36.0 26.0
v 46.0 -36.4 27.0
v 45.8 -36.0 27.0
v 46.0 -36.0 27.2
v 45.8 -35.0 24.0
v 46.0 -35.0 23.7
v 45.7 -35.0 25.0
v 45.8 -35.0 26.0
v 46.0 -35.0 26.3
v 46.0 -35.7 27.0
v 46.0 -34.8 24.0
v 46.0 -34.7 25.0
v 46.0 -34.8 26.0
v 47.0 -36.0 23.3
v 47.0 -36.4 24.0
v 47.0 -36.5 25.0
v 47.0 -36.5 26.0
v 47.0 -36.4 27.0
v 47.0 -36.0 27.3
v 46.8 -35.0 23.0
v 47.0 -35.0 22.9
v 47.0 -35.3 23.0
v 46.7 -35.0 27.0
v 47.0 -35.0 27.2
v 47.0 -34.9 23.0
v 47.0 -34.5 24.0
v 47.0 -34.5 25.0
v 47.0 -34.5 26.0
v 47.0 -34.8 27.0
v 47.0 -28.0 29.0
v 47.0 -28.0 29.0
v 47.0 -28.0 29.0
v 47.0 -28.6 30.0
v 46.7 -28.0 30.0
v 47.0 -28.0 30.3
v 46.8 -27.0 29.0
v 47.0 -27.0 28.8
v 46.8 -27.0 30.0
v 47.0 -27.0 30.2
v 47.0 -26.8 29.0
v 47.0 -26.8 30.0
v 47.3 -36.0 23.0
v 48.0 -36.0 22.2
v 48.0 -36.4 23.0
v 48.0 -36.5 24.0
v 48.0 -36.5 25.0
v 48.0 -36.5 26.0
v 48.0 -36.2 27.0
v 48.0 -36.0 27.2
v 48.0 -35.0 22.5
v 48.0 -35.0 27.2
v 48.0 -34.6 23.0
v 48.0 -34.5 24.0
v 48.0 -34.5 25.0
v 48.0 -34.5 26.0
v 48.0 -34.8 27.0
v 47.1 -28.0 29.0
v 48.0 -28.0 29.7
v 48.0 -28.2 30.0
v 48.0 -28.0 30.3
v 48.0 -27.0 28.7
v 48.0 -27.4 29.0
v 48.0 -27.0 30.5
v 47.8 -26.0 29.0
v 48.0 -26.0 28.8
v 47.8 -26.0 30.0
v 48.0 -26.0 30.2
v 48.0 -25.8 29.0
v 48.0 -25.8 30.0
v 49.0 -36.0 22.4
v 49.0 -36.4 23.0
v 49.0 -36.5 24.0
v 49.0 -36.4 25.0
v 49.0 -36.2 26.0
v 48.2 -36.0 27.0
v 49.0 -36.0 26.3
v 48.9 -35.0 21.0
v 49.0 -35.0 20.9
v 49.0 -35.1 21.0
v 49.0 -35.5 22.0
v 48.5 -35.0 22.0
v 48.2 -35.0 27.0
v 49.0 -35.0 26.3
v 49.0 -34.9 21.0
v 49.0 -34.5 22.0
v 48.9 -34.0 23.0
v 49.0 -34.0 22.8
v 49.0 -34.0 23.2
v 49.0 -34.4 24.0
v 49.0 -34.6 25.0
v 49.0 -34.8 26.0
v 49.0 -33.9 23.0
v 48.3 -28.0 30.0
v 48.7 -28.0 31.0
v 49.0 -28.0 30.7
v 49.0 -28.2 31.0
v 49.0 -28.0 31.6
v 48.4 -27.0 29.0
v 49.0 -27.0 29.6
v 49.0 -27.4 30.0
v 48.6 -27.0 31.0
v 49.0 -27.0 31.4
v 49.0 -26.0 29.0
v 49.0 -26.1 29.0
v 49.0 -26.6 31.0
v 49.0 -26.0 30.5
v 49.0 -26.0 29.0
v 49.0 -25.7 30.0
v 49.9 -36.0 21.0
v 50.0 -36.0 20.9
v 50.0 -36.1 21.0
v 50.0 -36.0 21.2
v 50.0 -36.0 22.4
v 50.0 -36.4 23.0
v 50.0 -36.4 24.0
v 49.5 -36.0 25.0
v 50.0 -36.0 24.5
v 49.2 -36.0 26.0
v 49.9 -35.0 20.0
v 50.0 -35.0 19.9
v 50.0 -35.1 20.0
v 50.0 -35.7 22.0
v 49.5 -35.0 25.0
v 50.0 -35.0 24.5
v 49.2 -35.0 26.0
v 50.0 -34.8 20.0
v 49.6 -34.0 21.0
v 50.0 -34.0 20.5
v 49.4 -34.0 22.0
v 50.0 -34.5 24.0
v 50.0 -34.0 23.5
v 50.0 -33.6 21.0
v 50.0 -33.5 22.0
v 50.0 -33.6 23.0
v 50.0 -28.0 30.9
v 50.0 -28.1 31.0
v 50.0 -28.0 31.1
v 49.5 -27.0 30.0
v 50.0 -27.0 30.5
v 50.0 -27.3 32.0
v 49.8 -27.0 32.0
v 50.0 -27.0 32.1
v 49.1 -26.0 29.0
v 50.0 -26.0 29.8
v 50.0 -26.3 30.0
v 49.6 -26.0 31.0
v 50.0 -26.0 31.3
v 50.0 -26.8 32.0
v 50.0 -25.8 30.0
v 50.0 -25.8 31.0
v 51.0 -36.0 20.5
v 51.0 -36.3 21.0
v 51.0 -36.0 21.8
v 51.0 -36.0 22.1
v 51.0 -36.4 23.0
v 51.0 -36.3 24.0
v 51.0 -36.0 24.3
v 51.0 -35.0 19.4
v 51.0 -35.6 20.0
v 51.0 -35.9 22.0
v 51.0 -35.0 24.4
v 50.9 -34.0 19.0
v 51.0 -34.0 18.9
v 51.0 -34.2 19.0
v 50.4 -34.0 20.0
v 51.0 -34.5 24.0
v 51.0 -34.0 23.6
v 51.0 -33.9 19.0
v 51.0 -33.4 20.0
v 50.7 -33.0 21.0
v 51.0 -33.0 20.5
v 50.6 -33.0 22.0
v 50.9 -33.0 23.0
v 51.0 -33.0 23.1
v 51.0 -32.7 21.0
v 51.0 -32.6 22.0
v 51.0 -32.9 23.0
v 50.1 -28.0 31.0
v 50.6 -27.0 31.0
v 51.0 -27.7 32.0
v 51.0 -27.0 31.5
v 51.0 -27.0 32.3
v 51.0 -26.0 30.0
v 51.0 -26.0 30.0
v 51.0 -26.5 31.0
v 50.9 -26.0 32.0
v 51.0 -26.0 32.0
v 51.0 -26.0 30.0
v 51.0 -25.7 31.0
v 51.0 -26.0 32.0
v 51.5 -36.0 20.0
v 52.0 -36.0 19.7
v 52.0 -36.3 20.0
v 52.0 -36.5 21.0
v 52.0 -36.4 22.0
v 51.1 -36.0 22.0
v 52.0 -36.5 23.0
v 52.0 -36.3 24.0
v 52.0 -36.0 24.3
v 51.5 -35.0 19.0
v 52.0 -35.0 18.6
v 52.0 -35.4 19.0
v 52.0 -35.0 24.4
v 52.0 -34.0 17.0
v 52.0 -34.0 17.0
v 52.0 -34.0 17.0
v 52.0 -34.3 18.0
v 51.7 -34.0 18.0
v 52.0 -34.5 24.0
v 52.0 -34.0 23.5
v 52.0 -34.0 17.0
v 52.0 -33.6 18.0
v 51.7 -33.0 19.0
v 52.0 -33.0 18.5
v 51.4 -33.0 20.0
v 51.1 -33.0 23.0
v 52.0 -33.4 23.0
v 52.0 -33.0 22.6
v 52.0 -32.7 19.0
v 52.0 -32.6 20.0
v 52.0 -32.5 21.0
v 52.0 -32.6 22.0
v 51.8 -27.0 32.0
v 51.1 -26.0 30.0
v 52.0 -26.0 30.6
v 52.0 -26.2 31.0
v 51.1 -26.0 32.0
v 52.0 -26.0 31.4
v 52.0 -25.2 30.0
v 51.9 -25.0 30.0
v 52.0 -25.0 29.5
v 52.0 -25.0 30.2
v 52.0 -25.7 31.0
v 52.0 -24.9 30.0
v 53.0 -36.0 19.5
v 53.0 -36.4 20.0
v 53.0 -36.5 21.0
v 53.0 -36.5 22.0
v 53.0 -36.5 23.0
v 53.0 -36.3 24.0
v 53.0 -36.0 24.3
v 53.0 -35.0 18.5
v 53.0 -35.5 19.0
v 53.0 -35.0 24.4
v 52.8 -34.0 16.0
v 53.0 -34.0 15.8
v 53.0 -34.2 16.0
v 53.0 -34.5 17.0
v 53.0 -34.6 18.0
v 53.0 -34.5 24.0
v 53.0 -34.0 23.5
v 52.7 -33.0 16.0
v 53.0 -33.0 15.7
v 52.5 -33.0 17.0
v 52.4 -33.0 18.0
v 53.0 -33.4 23.0
v 53.0 -33.0 22.6
v 53.0 -32.7 16.0
v 53.0 -32.5 17.0
v 53.0 -32.6 18.0
v 53.0 -32.5 19.0
v 53.0 -32.5 20.0
v 53.0 -32.5 21.0
v 53.0 -32.6 22.0
v 52.7 -26.0 30.0
v 53.0 -26.0 29.9
v 53.0 -26.1 30.0
v 53.0 -26.3 31.0
v 53.0 -26.1 32.0
v 52.9 -26.0 32.0
v 53.0 -26.0 32.1
v 53.0 -25.0 29.0
v 52.7 -25.0 31.0
v 53.0 -25.0 31.3
v 53.0 -25.9 32.0
v 53.0 -24.6 30.0
v 53.0 -24.8 31.0
v 54.0 -36.0 19.5
v 54.0 -36.4 20.0
v 54.0 -36.5 21.0
v 54.0 -36.5 22.0
v 54.0 -36.5 23.0
v 54.0 -36.2 24.0
v 54.0 -36.0 24.2
v 54.0 -35.0 18.4
v 54.0 -35.5 19.0
v 54.0 -35.0 24.4
v 54.0 -34.0 15.6
v 54.0 -34.4 16.0
v 54.0 -34.5 17.0
v 54.0 -34.7 18.0
v 54.0 -34.5 24.0
v 54.0 -34.0 23.6
v 53.7 -33.0 15.0
v 54.0 -33.0 14.7
v 54.0 -33.4 15.0
v 53.8 -33.0 23.0
v 54.0 -33.0 23.1
v 53.6 -32.0 15.0
v 54.0 -32.0 14.5
v 53.4 -32.0 16.0
v 53.6 -32.0 17.0
v 54.0 -32.0 17.4
v 54.0 -32.4 18.0
v 54.0 -32.5 19.0
v 54.0 -32.5 20.0
v 54.0 -32.5 21.0
v 54.0 -32.5 22.0
v 54.0 -32.9 23.0
v 53.8 -31.0 15.0
v 54.0 -31.0 14.7
v 53.7 -31.0 16.0
v 54.0 -31.0 16.4
v 54.0 -31.6 17.0
v 54.0 -30.7 15.0
v 54.0 -30.7 16.0
v 53.1 -26.0 30.0
v 53.4 -26.0 31.0
v 53.2 -26.0 32.0
v 54.0 -25.0 30.0
v 54.0 -25.0 30.2
v 54.0 -25.0 31.0
v 54.0 -25.0 31.0
v 54.0 -25.0 31.0
v 55.0 -36.0 19.7
v 55.0 -36.2 20.0
v 55.0 -36.4 21.0
v 55.0 -36.4 22.0
v 55.0 -36.3 23.0
v 54.4 -36.0 24.0
v 55.0 -36.0 23.4
v 54.7 -35.0 18.0
v 55.0 -35.0 17.8
v 55.0 -35.1 18.0
v 55.0 -35.5 19.0
v 55.0 -35.2 24.0
v 55.0 -35.0 24.1
v 55.0 -34.0 15.4
v 55.0 -34.4 16.0
v 55.0 -34.6 17.0
v 55.0 -34.8 24.0
v 55.0 -34.0 23.5
v 54.9 -33.0 14.0
v 55.0 -33.0 13.9
v 55.0 -33.1 14.0
v 55.0 -33.7 15.0
v 54.2 -33.0 23.0
v 55.0 -33.4 23.0
v 55.0 -33.0 22.6
v 54.9 -32.0 13.0
v 55.0 -32.0 12.9
v 55.0 -32.1 13.0
v 54.4 -32.0 14.0
v 55.0 -32.2 18.0
v 55.0 -32.0 17.8
v 55.0 -32.4 19.0
v 55.0 -32.4 20.0
v 55.0 -32.4 21.0
v 55.0 -32.2 22.0
v 54.6 -31.0 13.0
v 55.0 -31.0 12.6
v 54.4 -31.0 14.0
v 54.6 -31.0 17.0
v 55.0 -31.0 17.3
v 54.7 -30.0 13.0
v 55.0 -30.0 12.6
v 54.5 -30.0 14.0
v 54.4 -30.0 15.0
v 54.5 -30.0 16.0
v 55.0 -30.0 16.5
v 55.0 -30.6 17.0
v 55.0 -29.5 13.0
v 54.7 -29.0 14.0
v 55.0 -29.0 13.5
v 54.6 -29.0 15.0
v 54.8 -29.0 16.0
v 55.0 -29.0 16.2
v 55.0 -28.6 14.0
v 55.0 -28.5 15.0
v 55.0 -28.7 16.0
v 54.0 -25.0 31.0
v 55.3 -36.0 20.0
v 55.5 -36.0 21.0
v 55.5 -36.0 22.0
v 55.3 -36.0 23.0
v 55.2 -35.0 18.0
v 55.7 -35.0 19.0
v 56.0 -35.0 19.3
v 56.0 -35.5 20.0
v 56.0 -35.5 21.0
v 56.0 -35.5 22.0
v 56.0 -35.3 23.0
v 55.1 -35.0 24.0
v 56.0 -35.0 23.3
v 55.6 -34.0 15.0
v 56.0 -34.0 14.7
v 56.0 -34.2 15.0
v 56.0 -34.5 16.0
v 56.0 -34.5 17.0
v 56.0 -34.6 18.0
v 56.0 -34.8 19.0
v 56.0 -34.0 23.3
v 55.3 -33.0 14.0
v 56.0 -33.0 14.3
v 56.0 -33.0 21.0
v 56.0 -33.0 21.0
v 56.0 -33.0 21.0
v 55.5 -33.0 22.0
v 56.0 -33.4 22.0
v 56.0 -33.7 23.0
v 55.3 -32.0 13.0
v 56.0 -32.0 13.2
v 56.0 -32.7 14.0
v 55.3 -32.0 18.0
v 55.5 -32.0 19.0
v 55.5 -32.0 20.0
v 56.0 -32.9 21.0
v 55.8 -32.0 21.0
v 56.0 -32.0 21.2
v 55.8 -31.0 11.0
v 56.0 -31.0 10.8
v 56.0 -31.2 11.0
v 56.0 -31.5 12.0
v 55.5 -31.0 12.0
v 56.0 -31.9 13.0
v 56.0 -31.4 18.0
v 56.0 -31.0 17.5
v 56.0 -31.5 19.0
v 56.0 -31.5 20.0
v 56.0 -31.8 21.0
v 55.7 -30.0 11.0
v 56.0 -30.0 10.7
v 55.4 -30.0 12.0
v 56.0 -30.6 17.0
v 56.0 -30.0 16.6
v 56.0 -29.4 11.0
v 55.6 -29.0 12.0
v 56.0 -29.0 11.2
v 55.3 -29.0 13.0
v 56.0 -29.0 16.4
v 55.7 -28.0 11.0
v 56.0 -28.0 10.7
v 56.0 -28.6 11.0
v 55.5 -28.0 12.0
v 55.5 -28.0 13.0
v 55.4 -28.0 14.0
v 55.4 -28.0 15.0
v 55.9 -28.0 16.0
v 56.0 -28.0 16.1
v 55.8 -27.0 11.0
v 56.0 -27.0 10.8
v 55.6 -27.0 12.0
v 55.5 -27.0 13.0
v 55.5 -27.0 14.0
v 55.6 -27.0 15.0
v 56.0 -27.0 15.4
v 56.0 -27.9 16.0
v 56.0 -26.8 11.0
v 56.0 -26.5 12.0
v 55.8 -26.0 13.0
v 56.0 -26.0 12.6
v 55.7 -26.0 14.0
v 55.8 -26.0 15.0
v 56.0 -26.0 15.2
v 56.0 -25.8 13.0
v 56.0 -25.7 14.0
v 56.0 -25.8 15.0
v 57.0 -35.0 19.6
v 57.0 -35.2 20.0
v 56.7 -35.0 21.0
v 57.0 -35.0 20.5
v 56.5 -35.0 22.0
v 56.3 -35.0 23.0
v 57.0 -34.0 14.7
v 57.0 -34.3 15.0
v 57.0 -34.5 16.0
v 57.0 -34.5 17.0
v 57.0 -34.5 18.0
v 57.0 -34.6 19.0
v 57.0 -34.7 21.0
v 57.0 -34.5 22.0
v 57.0 -34.0 23.0
v 57.0 -34.0 23.0
v 57.0 -33.0 14.4
v 57.0 -33.2 21.0
v 57.0 -33.0 20.8
v 57.0 -33.5 22.0
v 57.0 -34.0 23.0
v 56.7 -32.0 12.0
v 57.0 -32.0 11.7
v 57.0 -32.2 12.0
v 57.0 -32.4 13.0
v 56.2 -32.0 13.0
v 57.0 -32.6 14.0
v 57.0 -32.8 21.0
v 57.0 -32.0 21.6
v 57.0 -31.0 10.4
v 57.0 -31.5 11.0
v 56.5 -31.0 18.0
v 56.5 -31.0 19.0
v 56.5 -31.0 20.0
v 56.6 -31.0 21.0
v 57.0 -31.4 22.0
v 56.8 -31.0 22.0
v 57.0 -31.0 22.7
v 56.7 -30.0 10.0
v 57.0 -30.0 9.7
v 57.0 -30.4 10.0
v 57.0 -30.9 17.0
v 57.0 -30.0 16.5
v 57.0 -30.7 18.0
v 57.0 -30.6 19.0
v 57.0 -30.5 20.0
v 57.0 -30.6 21.0
v 57.0 -30.8 22.0
v 56.8 -29.0 10.0
v 57.0 -29.0 9.8
v 56.2 -29.0 11.0
v 56.6 -29.0 16.0
v 57.0 -29.3 16.0
v 57.0 -29.0 15.8
v 57.0 -28.6 10.0
v 57.0 -28.0 10.3
v 56.1 -28.0 16.0
v 57.0 -28.0 15.6
v 57.0 -27.0 10.2
v 57.0 -27.0 15.5
v 57.0 -26.4 11.0
v 56.5 -26.0 12.0
v 57.0 -26.0 11.5
v 57.0 -26.0 15.3
v 57.0 -25.7 12.0
v 57.0 -25.4 13.0
v 57.0 -25.5 14.0
v 57.0 -25.7 15.0
v 58.0 -35.0 19.9
v 58.0 -35.1 20.0
v 58.0 -35.0 20.1
v 58.0 -34.0 14.6
v 58.0 -34.4 15.0
v 58.0 -34.5 16.0
v 58.0 -34.5 17.0
v 58.0 -34.5 18.0
v 58.0 -34.6 19.0
v 58.0 -34.5 21.0
v 58.0 -34.3 22.0
v 57.0 -34.0 23.0
v 58.0 -34.0 22.4
v 58.0 -33.0 14.4
v 57.7 -33.0 21.0
v 57.6 -33.0 22.0
v 58.0 -33.0 22.3
v 58.0 -32.0 11.5
v 58.0 -32.4 12.0
v 58.0 -32.4 13.0
v 58.0 -32.6 14.0
v 57.4 -32.0 22.0
v 58.0 -32.0 22.5
v 57.6 -31.0 10.0
v 58.0 -31.0 9.8
v 58.0 -31.2 10.0
v 58.0 -31.6 11.0
v 58.0 -31.2 23.0
v 57.3 -31.0 23.0
v 58.0 -31.0 23.2
v 58.0 -30.0 9.5
v 58.0 -30.4 17.0
v 58.0 -30.0 16.6
v 58.0 -30.4 18.0
v 58.0 -30.3 19.0
v 57.8 -30.0 20.0
v 58.0 -30.0 19.7
v 58.0 -30.0 20.2
v 58.0 -30.4 21.0
v 58.0 -30.5 22.0
v 58.0 -30.8 23.0
v 58.0 -29.0 9.5
v 58.0 -29.4 16.0
v 58.0 -29.0 15.7
v 58.0 -29.9 20.0
v 58.0 -28.3 10.0
v 58.0 -28.0 10.2
v 58.0 -28.0 15.5
v 58.0 -27.0 10.4
v 58.0 -27.0 15.5
v 57.6 -26.0 11.0
v 58.0 -26.0 10.7
v 58.0 -26.0 15.4
v 58.0 -25.7 11.0
v 58.0 -25.3 12.0
v 57.8 -25.0 13.0
v 58.0 -25.0 12.7
v 58.0 -25.0 13.3
v 58.0 -25.3 14.0
v 58.0 -25.6 15.0
v 58.0 -24.8 13.0
v 58.9 -35.0 15.0
v 59.0 -35.0 14.9
v 59.0 -35.1 15.0
v 59.0 -35.0 15.1
v 58.1 -35.0 20.0
v 59.0 -34.0 14.5
v 59.0 -34.7 16.0
v 59.0 -34.5 17.0
v 59.0 -34.5 18.0
v 59.0 -34.5 19.0
v 59.0 -34.5 20.0
v 59.0 -34.4 21.0
v 59.0 -34.2 22.0
v 59.0 -34.0 22.2
v 59.0 -33.0 14.4
v 59.0 -33.0 22.4
v 59.0 -32.0 11.6
v 59.0 -32.3 12.0
v 59.0 -32.1 13.0
v 59.0 -32.6 14.0
v 59.0 -32.0 22.6
v 59.0 -31.0 9.6
v 59.0 -31.4 10.0
v 59.0 -31.6 11.0
v 59.0 -31.3 23.0
v 59.0 -31.0 23.2
v 59.0 -30.0 9.3
v 59.0 -30.0 17.0
v 59.0 -30.0 17.0
v 58.6 -30.0 18.0
v 59.0 -30.0 17.1
v 58.4 -30.0 19.0
v 59.0 -30.1 21.0
v 59.0 -30.0 20.9
v 58.8 -30.0 22.0
v 59.0 -30.0 21.4
v 59.0 -30.0 22.2
v 59.0 -30.7 23.0
v 58.8 -29.0 9.0
v 59.0 -29.0 8.9
v 59.0 -29.3 9.0
v 58.5 -29.0 16.0
v 59.0 -29.0 16.4
v 59.0 -29.7 18.0
v 59.0 -29.6 19.0
v 59.0 -29.6 20.0
v 59.0 -29.9 22.0
v 59.0 -28.8 9.0
v 58.4 -28.0 10.0
v 59.0 -28.0 9.5
v 59.0 -28.6 16.0
v 59.0 -28.0 15.6
v 59.0 -27.4 10.0
v 59.0 -27.0 10.3
v 59.0 -27.0 15.5
v 59.0 -26.0 10.5
v 59.0 -26.0 15.3
v 59.0 -25.5 11.0
v 58.5 -25.0 12.0
v 59.0 -25.0 11.6
v 58.5 -25.0 14.0
v 59.0 -25.0 14.3
v 59.0 -25.7 15.0
v 59.0 -24.6 12.0
v 59.0 -24.4 13.0
v 59.0 -24.7 14.0
v 60.0 -35.0 14.5
v 60.0 -35.4 15.0
v 60.0 -35.3 16.0
v 59.5 -35.0 16.0
v 60.0 -35.0 16.4
v 60.0 -34.0 14.4
v 60.0 -34.5 17.0
v 60.0 -34.4 18.0
v 60.0 -34.4 19.0
v 60.0 -34.4 20.0
v 59.6 -34.0 21.0
v 60.0 -34.0 20.6
v 59.2 -34.0 22.0
v 60.0 -33.0 14.2
v 60.0 -33.7 21.0
v 60.0 -33.0 21.7
v 59.6 -33.0 22.0
v 60.0 -32.0 11.6
v 60.0 -32.3 12.0
v 60.0 -32.4 13.0
v 60.0 -32.8 14.0
v 60.0 -32.6 22.0
v 60.0 -32.0 22.5
v 60.0 -31.0 9.6
v 60.0 -31.4 10.0
v 60.0 -31.6 11.0
v 60.0 -31.3 23.0
v 60.0 -31.0 23.2
v 59.5 -30.0 9.0
v 60.0 -30.0 8.7
v 60.0 -30.3 9.0
v 59.0 -30.0 17.0
v 59.1 -30.0 21.0
v 60.0 -30.6 23.0
v 60.0 -30.0 22.6
v 60.0 -29.0 8.6
v 59.8 -29.0 17.0
v 60.0 -29.4 18.0
v 60.0 -29.0 17.2
v 60.0 -29.5 19.0
v 60.0 -29.3 20.0
v 59.9 -29.0 21.0
v 60.0 -29.0 20.8
v 60.0 -29.5 22.0
v 60.0 -29.0 21.1
v 59.8 -28.0 9.0
v 60.0 -28.0 8.9
v 60.0 -28.4 16.0
v 60.0 -28.0 15.6
v 60.0 -28.9 17.0
v 60.0 -28.9 21.0
v 60.0 -27.8 9.0
v 59.4 -27.0 10.0
v 60.0 -27.0 9.5
v 60.0 -27.0 15.3
v 59.7 -26.0 10.0
v 60.0 -26.0 9.8
v 59.5 -26.0 15.0
v 60.0 -26.5 15.0
v 60.0 -26.0 14.7
v 60.0 -25.7 10.0
v 60.0 -25.2 11.0
v 60.0 -25.0 11.2
v 60.0 -25.0 14.4
v 59.7 -24.0 12.0
v 60.0 -24.0 11.7
v 59.5 -24.0 13.0
v 60.0 -24.0 13.6
v 60.0 -24.4 14.0
v 60.0 -23.6 12.0
v 59.9 -23.0 13.0
v 60.0 -23.0 12.9
v 60.0 -23.0 13.1
v 60.0 -22.9 13.0
v 60.8 -36.0 14.0
v 61.0 -36.0 13.8
v 61.0 -36.2 14.0
v 61.0 -36.3 15.0
v 60.7 -36.0 15.0
v 61.0 -36.0 15.3
v 60.5 -35.0 14.0
v 61.0 -35.0 13.6
v 61.0 -35.3 16.0
v 61.0 -35.0 16.3
v 60.5 -34.0 14.0
v 61.0 -34.0 13.5
v 60.6 -34.0 17.0
v 61.0 -34.0 16.7
v 60.5 -34.0 18.0
v 60.6 -34.0 19.0
v 61.0 -34.0 19.7
v 61.0 -34.1 20.0
v 61.0 -34.0 20.2
v 60.3 -33.0 14.0
v 61.0 -33.0 13.3
v 61.0 -33.7 17.0
v 61.0 -33.6 18.0
v 61.0 -33.7 19.0
v 61.0 -33.5 21.0
v 61.0 -33.0 21.5
v 60.8 -32.0 12.0
v 61.0 -32.0 12.1
v 61.0 -32.7 13.0
v 61.0 -32.5 22.0
v 61.0 -32.0 22.5
v 61.0 -31.0 9.5
v 61.0 -31.4 10.0
v 61.0 -31.6 11.0
v 61.0 -31.9 12.0
v 61.0 -31.4 23.0
v 61.0 -31.0 23.4
v 61.0 -30.0 8.7
v 61.0 -30.3 9.0
v 60.6 -30.0 23.0
v 61.0 -30.0 23.2
v 61.0 -29.0 8.6
v 60.5 -29.0 17.0
v 61.0 -29.1 17.0
v 61.0 -29.0 16.8
v 61.0 -29.3 18.0
v 61.0 -29.2 19.0
v 60.5 -29.0 20.0
v 61.0 -29.0 19.4
v 61.0 -29.4 22.0
v 61.0 -29.0 21.5
v 61.0 -29.8 23.0
v 61.0 -28.2 9.0
v 60.6 -28.0 9.0
v 61.0 -28.0 9.1
v 61.0 -28.4 16.0
v 61.0 -28.0 15.5
v 61.0 -28.6 20.0
v 61.0 -28.6 21.0
v 61.0 -27.0 9.4
v 60.5 -27.0 15.0
v 61.0 -27.3 15.0
v 61.0 -27.0 14.7
v 61.0 -26.0 9.4
v 61.0 -26.0 14.6
v 60.6 -25.0 10.0
v 61.0 -25.0 9.6
v 60.2 -25.0 11.0
v 61.0 -25.0 14.6
v 61.0 -24.6 10.0
v 60.7 -24.0 11.0
v 61.0 -24.0 10.6
v 60.3 -24.0 14.0
v 61.0 -24.0 14.7
v 61.0 -23.7 11.0
v 61.0 -23.1 12.0
v 61.0 -23.0 12.1
v 60.4 -23.0 14.0
v 61.0 -23.6 15.0
v 60.6 -23.0 15.0
v 61.0 -23.0 16.0
v 61.0 -23.0 16.0
v 61.0 -23.0 16.0
v 60.9 -22.0 12.0
v 61.0 -22.0 11.9
v 61.0 -22.6 12.0
v 60.5 -22.0 13.0
v 60.6 -22.0 14.0
v 60.8 -22.0 15.0
v 61.0 -22.0 15.3
v 61.0 -23.0 16.0
v 61.0 -21.8 12.0
v 60.9 -21.0 13.0
v 61.0 -21.0 12.7
v 61.0 -21.0 13.3
v 61.0 -21.4 14.0
v 61.0 -21.8 15.0
v 61.0 -20.8 13.0
v 61.9 -37.0 15.0
v 62.0 -37.0 14.9
v 62.0 -37.1 15.0
v 62.0 -37.0 15.1
v 62.0 -36.0 13.6
v 62.0 -36.5 14.0
v 62.0 -36.0 15.5
v 62.0 -35.0 13.4
v 61.3 -35.0 16.0
v 62.0 -35.0 15.6
v 61.6 -34.0 13.0
v 62.0 -34.0 12.6
v 62.0 -34.4 13.0
v 61.7 -34.0 16.0
v 62.0 -34.0 15.7
v 61.2 -34.0 20.0
v 61.7 -33.0 12.0
v 62.0 -33.0 11.7
v 62.0 -33.4 12.0
v 61.3 -33.0 13.0
v 62.0 -33.6 16.0
v 61.8 -33.0 17.0
v 62.0 -33.0 16.8
v 62.0 -33.0 17.3
v 62.0 -33.3 18.0
v 62.0 -33.4 19.0
v 62.0 -33.5 20.0
v 62.0 -33.3 21.0
v 62.0 -33.0 21.3
v 61.6 -32.0 11.0
v 62.0 -32.0 10.6
v 62.0 -32.3 11.0
v 61.1 -32.0 12.0
v 62.0 -32.9 17.0
v 62.0 -32.5 22.0
v 62.0 -32.0 22.5
v 62.0 -31.0 9.6
v 62.0 -31.5 10.0
v 62.0 -31.5 23.0
v 62.0 -31.0 23.4
v 61.5 -30.0 9.0
v 62.0 -30.0 9.3
v 62.0 -30.0 23.5
v 62.0 -29.0 8.7
v 62.0 -29.5 9.0
v 61.2 -29.0 17.0
v 61.4 -29.0 18.0
v 61.3 -29.0 19.0
v 62.0 -29.2 22.0
v 62.0 -29.0 21.7
v 62.0 -29.5 23.0
v 61.2 -28.0 9.0
v 62.0 -28.0 8.6
v 62.0 -28.3 16.0
v 62.0 -28.0 15.7
v 62.0 -28.6 17.0
v 62.0 -28.5 18.0
v 61.8 -28.0 19.0
v 62.0 -28.0 18.7
v 61.7 -28.0 20.0
v 62.0 -28.0 20.4
v 62.0 -28.4 21.0
v 61.5 -27.0 9.0
v 62.0 -27.0 8.5
v 62.0 -27.2 15.0
v 62.0 -27.0 14.8
v 62.0 -27.8 19.0
v 62.0 -27.7 20.0
v 61.5 -26.0 9.0
v 62.0 -26.0 8.4
v 62.0 -26.0 14.9
v 61.9 -26.0 16.0
v 62.0 -26.0 15.3
v 62.0 -26.2 16.0
v 62.0 -26.0 16.2
v 61.9 -25.0 8.0
v 62.0 -25.0 7.9
v 62.0 -25.2 8.0
v 61.7 -25.0 9.0
v 62.0 -25.9 15.0
v 61.4 -25.0 15.0
v 61.6 -25.0 16.0
v 62.0 -25.0 16.5
v 62.0 -24.9 8.0
v 62.0 -24.7 9.0
v 61.8 -24.0 10.0
v 62.0 -24.0 9.9
v 61.2 -24.0 15.0
v 61.5 -24.0 16.0
v 62.0 -24.0 16.7
v 61.8 -24.0 18.0
v 62.0 -24.0 17.5
v 62.0 -24.3 18.0
v 62.0 -24.2 19.0
v 61.8 -24.0 19.0
v 62.0 -24.0 19.3
v 62.0 -23.9 10.0
v 62.0 -23.3 11.0
v 61.1 -23.0 12.0
v 62.0 -23.0 11.3
v 62.0 -23.0 16.7
v 61.8 -23.0 18.0
v 62.0 -23.0 17.5
v 61.7 -23.0 19.0
v 62.0 -23.0 19.9
v 62.0 -22.0 11.3
v 62.0 -22.3 16.0
v 62.0 -22.0 15.7
v 62.0 -22.7 18.0
v 62.0 -22.6 19.0
v 61.7 -21.0 11.0
v 62.0 -21.0 10.7
v 62.0 -21.5 11.0
v 61.3 -21.0 12.0
v 61.5 -21.0 14.0
v 62.0 -21.0 14.6
v 62.0 -21.4 15.0
v 61.8 -20.0 11.0
v 62.0 -20.0 10.7
v 61.6 -20.0 12.0
v 61.7 -20.0 13.0
v 62.0 -20.0 13.4
v 62.0 -20.5 14.0
v 62.0 -19.0 8.0
v 62.0 -19.0 7.3
v 62.0 -19.0 8.0
v 62.0 -19.0 8.0
v 62.0 -19.8 11.0
v 62.0 -19.6 12.0
v 62.0 -19.6 13.0
v 62.0 -19.0 8.0
v 62.6 -37.0 14.0
v 63.0 -37.0 13.7
v 63.0 -37.3 14.0
v 63.0 -37.3 15.0
v 63.0 -37.0 15.3
v 63.0 -36.0 13.5
v 63.0 -36.0 15.4
v 63.0 -35.0 13.3
v 63.0 -35.0 15.4
v 62.6 -34.0 12.0
v 63.0 -34.0 11.7
v 63.0 -34.3 12.0
v 63.0 -34.7 13.0
v 63.0 -34.0 15.4
v 63.0 -33.0 11.3
v 62.6 -33.0 16.0
v 63.0 -33.0 15.7
v 62.4 -33.0 18.0
v 62.5 -33.0 19.0
v 62.5 -33.0 20.0
v 62.3 -33.0 21.0
v 63.0 -32.0 10.4
v 63.0 -32.7 11.0
v 63.0 -32.7 16.0
v 63.0 -32.4 17.0
v 63.0 -32.5 18.0
v 63.0 -32.5 19.0
v 63.0 -32.5 20.0
v 63.0 -32.5 21.0
v 63.0 -32.3 22.0
v 63.0 -32.0 22.3
v 63.0 -31.0 9.6
v 63.0 -31.6 10.0
v 63.0 -31.5 23.0
v 63.0 -31.0 23.5
v 63.0 -30.0 9.5
v 63.0 -30.1 24.0
v 62.9 -30.0 24.0
v 63.0 -30.0 24.1
v 62.5 -29.0 9.0
v 63.0 -29.0 9.3
v 62.3 -29.0 22.0
v 62.6 -29.0 23.0
v 63.0 -29.0 23.4
v 63.0 -29.9 24.0
v 63.0 -28.0 8.5
v 63.0 -28.6 9.0
v 62.3 -28.0 16.0
v 63.0 -28.0 16.8
v 63.0 -28.2 17.0
v 63.0 -28.1 18.0
v 63.0 -28.0 18.1
v 62.5 -28.0 21.0
v 63.0 -28.0 21.5
v 63.0 -28.4 22.0
v 63.0 -28.6 23.0
v 62.6 -27.0 8.0
v 63.0 -27.0 7.6
v 63.0 -27.4 8.0
v 62.2 -27.0 15.0
v 62.5 -27.0 16.0
v 63.0 -27.0 16.8
v 62.9 -27.0 18.0
v 63.0 -27.0 17.5
v 63.0 -27.7 18.0
v 63.0 -27.4 19.0
v 63.0 -27.0 18.2
v 63.0 -27.4 20.0
v 63.0 -27.7 21.0
v 62.7 -26.0 7.0
v 63.0 -26.0 6.7
v 63.0 -26.4 7.0
v 62.3 -26.0 8.0
v 62.1 -26.0 15.0
v 63.0 -26.9 17.0
v 62.5 -26.0 17.0
v 62.7 -26.0 18.0
v 63.0 -26.0 18.4
v 62.6 -25.0 7.0
v 63.0 -25.0 6.5
v 63.0 -25.0 8.6
v 62.5 -25.0 9.0
v 63.0 -25.4 9.0
v 62.8 -25.0 10.0
v 63.0 -25.3 10.0
v 63.0 -25.0 10.2
v 62.4 -25.0 17.0
v 62.5 -25.0 18.0
v 63.0 -25.0 18.6
v 62.8 -24.0 7.0
v 63.0 -24.0 6.7
v 63.0 -24.0 8.0
v 63.0 -24.0 8.0
v 62.2 -24.0 10.0
v 63.0 -24.0 10.4
v 62.2 -24.0 17.0
v 63.0 -24.6 19.0
v 63.0 -24.0 19.6
v 63.0 -23.8 7.0
v 63.0 -24.0 8.0
v 63.0 -23.0 10.5
v 62.3 -23.0 11.0
v 62.3 -23.0 17.0
v 63.0 -23.4 20.0
v 62.1 -23.0 20.0
v 63.0 -23.0 20.3
v 62.4 -22.0 11.0
v 63.0 -22.0 10.5
v 62.3 -22.0 16.0
v 62.6 -22.0 17.0
v 62.5 -22.0 18.0
v 62.6 -22.0 19.0
v 63.0 -22.0 19.4
v 63.0 -22.6 20.0
v 63.0 -21.0 10.2
v 62.3 -21.0 15.0
v 62.6 -21.0 16.0
v 63.0 -21.0 16.8
v 63.0 -21.2 17.0
v 63.0 -21.6 18.0
v 63.0 -21.7 19.0
v 62.7 -20.0 9.0
v 63.0 -20.0 8.6
v 63.0 -20.3 9.0
v 63.0 -20.6 10.0
v 62.6 -20.0 10.0
v 62.5 -20.0 14.0
v 63.0 -20.0 14.7
v 63.0 -20.2 15.0
v 62.8 -20.0 16.0
v 63.0 -20.0 15.4
v 63.0 -20.2 17.0
v 63.0 -20.0 17.0
v 63.0 -20.0 17.0
v 62.0 -19.0 7.0
v 63.0 -19.0 6.3
v 63.0 -19.3 7.0
v 63.0 -19.6 8.0
v 62.7 -19.0 9.0
v 63.0 -19.0 9.5
v 63.0 -19.5 10.0
v 63.0 -19.3 11.0
v 62.6 -19.0 12.0
v 63.0 -19.0 11.5
v 62.6 -19.0 13.0
v 63.0 -19.0 13.5
v 63.0 -19.5 14.0
v 63.0 -19.8 16.0
v 63.0 -19.9 17.0
v 62.9 -18.0 7.0
v 63.0 -18.0 6.9
v 62.7 -18.0 8.0
v 63.0 -18.0 8.4
v 63.0 -18.6 9.0
v 63.0 -18.6 12.0
v 63.0 -18.6 13.0
v 63.0 -17.9 7.0
v 63.0 -17.8 8.0
v 64.0 -37.0 13.0
v 64.0 -37.0 13.0
v 64.0 -37.0 13.0
v 64.0 -37.4 14.0
v 64.0 -37.0 15.0
v 64.0 -37.0 15.0
v 64.0 -37.0 13.0
v 64.0 -36.0 13.6
v 63.6 -36.0 15.0
v 64.0 -36.9 15.0
v 64.0 -36.0 14.5
v 63.6 -35.0 13.0
v 64.0 -35.0 12.8
v 64.0 -35.3 13.0
v 63.5 -35.0 15.0
v 64.0 -35.0 14.4
v 64.0 -34.0 11.6
v 64.0 -34.4 12.0
v 63.6 -34.0 15.0
v 64.0 -34.0 14.6
v 63.6 -33.0 11.0
v 64.0 -33.0 10.8
v 64.0 -33.2 11.0
v 64.0 -33.5 15.0
v 64.0 -33.0 15.3
v 63.7 -32.0 10.0
v 64.0 -32.0 9.9
v 64.0 -32.2 10.0
v 63.7 -32.0 16.0
v 64.0 -32.0 15.7
v 63.5 -32.0 17.0
v 63.5 -32.0 18.0
v 63.5 -32.0 19.0
v 63.5 -32.0 20.0
v 63.5 -32.0 21.0
v 63.4 -32.0 22.0
v 64.0 -31.0 9.5
v 64.0 -31.7 16.0
v 64.0 -31.5 17.0
v 64.0 -31.5 18.0
v 64.0 -31.5 19.0
v 64.0 -31.5 20.0
v 64.0 -31.5 21.0
v 64.0 -31.6 22.0
v 64.0 -31.5 23.0
v 64.0 -31.0 23.6
v 64.0 -30.0 9.5
v 64.0 -30.5 24.0
v 64.0 -30.0 24.4
v 64.0 -29.0 9.4
v 64.0 -29.2 24.0
v 64.0 -29.0 23.9
v 64.0 -28.0 8.7
v 64.0 -28.3 9.0
v 63.2 -28.0 17.0
v 63.1 -28.0 18.0
v 63.4 -28.0 22.0
v 63.7 -28.0 23.0
v 64.0 -28.6 24.0
v 63.8 -28.0 24.0
v 64.0 -28.0 24.4
v 63.6 -27.0 7.0
v 64.0 -27.0 6.7
v 64.0 -27.2 7.0
v 64.0 -27.4 8.0
v 63.1 -27.0 17.0
v 64.0 -27.0 19.0
v 63.6 -27.0 20.0
v 64.0 -27.0 20.5
v 64.0 -27.3 21.0
v 64.0 -27.5 22.0
v 64.0 -27.7 23.0
v 64.0 -27.6 24.0
v 63.8 -26.0 4.0
v 64.0 -26.0 3.8
v 64.0 -26.2 4.0
v 64.0 -26.4 5.0
v 63.6 -26.0 5.0
v 64.0 -26.5 6.0
v 63.5 -26.0 6.0
v 63.6 -26.0 9.0
v 64.0 -26.4 9.0
v 64.0 -26.0 8.7
v 63.7 -26.0 10.0
v 64.0 -26.3 10.0
v 64.0 -26.0 10.2
v 64.0 -26.9 19.0
v 64.0 -26.0 18.9
v 64.0 -26.2 20.0
v 63.7 -25.0 4.0
v 64.0 -25.0 3.6
v 63.5 -25.0 5.0
v 63.4 -25.0 6.0
v 63.8 -25.0 8.0
v 64.0 -25.2 8.0
v 64.0 -25.0 7.9
v 64.0 -25.0 10.5
v 64.0 -25.8 19.0
v 63.4 -25.0 19.0
v 64.0 -25.0 19.6
v 63.8 -24.0 4.0
v 64.0 -24.0 3.7
v 63.6 -24.0 5.0
v 63.5 -24.0 6.0
v 63.0 -24.0 8.0
v 64.0 -24.0 7.6
v 64.0 -24.0 10.4
v 64.0 -24.5 20.0
v 63.5 -24.0 20.0
v 64.0 -24.0 20.3
v 64.0 -23.7 4.0
v 64.0 -23.5 5.0
v 64.0 -23.4 6.0
v 63.9 -23.0 7.0
v 64.0 -23.0 6.7
v 64.0 -23.0 7.1
v 63.6 -23.0 10.0
v 64.0 -23.0 9.6
v 64.0 -23.4 10.0
v 64.0 -23.0 20.4
v 64.0 -22.8 7.0
v 63.8 -22.0 9.0
v 64.0 -22.0 8.7
v 64.0 -22.3 9.0
v 63.4 -22.0 10.0
v 63.8 -22.0 20.0
v 64.0 -22.0 20.1
v 63.5 -21.0 9.0
v 64.0 -21.0 8.4
v 63.2 -21.0 10.0
v 63.2 -21.0 17.0
v 64.0 -21.0 17.5
v 64.0 -21.4 18.0
v 64.0 -21.5 19.0
v 64.0 -21.9 20.0
v 63.5 -20.0 8.0
v 64.0 -20.0 7.7
v 64.0 -20.5 8.0
v 63.2 -20.0 15.0
v 64.0 -20.0 17.3
v 63.4 -19.0 7.0
v 64.0 -19.0 7.4
v 63.4 -19.0 10.0
v 63.3 -19.0 11.0
v 63.4 -19.0 14.0
v 63.7 -19.0 15.0
v 64.0 -19.3 16.0
v 64.0 -19.0 15.4
v 64.0 -19.1 17.0
v 63.2 -18.0 7.0
v 64.0 -18.0 7.6
v 63.6 -18.0 9.0
v 64.0 -18.0 9.4
v 64.0 -18.4 10.0
v 64.0 -18.4 11.0
v 63.7 -18.0 12.0
v 64.0 -18.0 11.5
v 63.6 -18.0 13.0
v 64.0 -18.0 13.5
v 64.0 -18.4 14.0
v 64.0 -18.8 15.0
v 64.0 -17.8 8.0
v 64.0 -17.7 9.0
v 64.0 -17.7 12.0
v 64.0 -17.7 13.0
v 64.9 -43.0 11.0
v 65.0 -43.0 10.9
v 65.0 -43.1 11.0
v 65.0 -43.0 11.1
v 64.9 -42.0 11.0
v 65.0 -42.0 10.9
v 65.0 -42.0 11.1
v 65.0 -41.9 11.0
v 64.0 -37.0 13.0
v 65.0 -37.0 14.0
v 64.1 -37.0 15.0
v 64.4 -36.0 14.0
v 64.2 -35.0 13.0
v 64.3 -35.0 14.0
v 65.0 -34.0 11.8
v 65.0 -34.2 12.0
v 65.0 -34.4 13.0
v 65.0 -34.0 13.5
v 64.6 -34.0 14.0
v 64.3 -33.0 11.0
v 65.0 -33.0 11.4
v 65.0 -33.5 14.0
v 64.4 -33.0 15.0
v 65.0 -33.0 14.5
v 64.2 -32.0 10.0
v 65.0 -32.0 10.6
v 65.0 -32.5 11.0
v 65.0 -32.2 15.0
v 65.0 -32.0 15.2
v 65.0 -31.0 9.8
v 65.0 -31.4 10.0
v 64.8 -31.0 15.0
v 65.0 -31.5 15.0
v 65.0 -31.0 14.8
v 64.4 -31.0 16.0
v 64.4 -31.0 17.0
v 64.5 -31.0 18.0
v 64.4 -31.0 19.0
v 64.5 -31.0 20.0
v 64.7 -31.0 21.0
v 65.0 -31.0 21.3
v 65.0 -31.5 22.0
v 65.0 -31.9 23.0
v 65.0 -31.2 24.0
v 64.7 -31.0 24.0
v 65.0 -31.0 24.2
v 65.0 -30.0 9.7
v 65.0 -30.7 15.0
v 65.0 -30.0 15.6
v 64.8 -30.0 16.0
v 64.8 -30.0 17.0
v 65.0 -30.0 17.6
v 65.0 -30.3 18.0
v 65.0 -30.0 18.6
v 64.9 -30.0 19.0
v 65.0 -30.0 19.3
v 65.0 -30.4 20.0
v 65.0 -30.7 21.0
v 65.0 -30.0 25.0
v 65.0 -30.0 25.0
v 65.0 -30.0 25.0
v 65.0 -29.0 9.7
v 65.0 -29.8 16.0
v 65.0 -29.8 17.0
v 65.0 -29.8 19.0
v 64.2 -29.0 24.0
v 65.0 -29.0 25.0
v 65.0 -29.0 25.0
v 64.3 -28.0 9.0
v 65.0 -28.6 10.0
v 64.7 -28.0 10.0
v 65.0 -28.0 10.4
v 64.5 -28.0 23.0
v 65.0 -28.3 23.0
v 65.0 -28.0 22.6
v 65.0 -28.5 24.0
v 64.2 -28.0 24.0
v 65.0 -29.0 25.0
v 64.8 -27.0 5.0
v 65.0 -27.0 4.8
v 65.0 -27.1 5.0
v 65.0 -27.0 5.4
v 65.0 -27.0 6.3
v 65.0 -27.2 7.0
v 64.5 -27.0 8.0
v 65.0 -27.0 7.4
v 64.4 -27.0 9.0
v 64.5 -27.0 10.0
v 65.0 -27.0 10.5
v 64.4 -27.0 21.0
v 65.0 -27.0 22.0
v 65.0 -27.0 22.0
v 65.0 -26.0 3.7
v 65.0 -26.4 4.0
v 65.0 -26.9 6.0
v 65.0 -26.4 8.0
v 65.0 -26.0 8.2
v 65.0 -26.0 10.6
v 64.2 -26.0 19.0
v 65.0 -26.0 19.7
v 65.0 -26.2 20.0
v 65.0 -26.6 21.0
v 65.0 -27.0 22.0
v 65.0 -25.0 3.5
v 64.7 -25.0 8.0
v 65.0 -25.0 8.1
v 65.0 -25.0 10.5
v 65.0 -25.4 20.0
v 64.7 -25.0 20.0
v 65.0 -25.0 20.1
v 65.0 -24.0 3.1
v 65.0 -24.9 8.0
v 65.0 -24.0 7.5
v 65.0 -24.0 10.4
v 65.0 -24.0 20.4
v 64.9 -23.0 4.0
v 65.0 -23.0 3.9
v 64.5 -23.0 5.0
v 64.3 -23.0 6.0
v 65.0 -23.0 7.6
v 65.0 -23.0 9.5
v 65.0 -23.5 10.0
v 65.0 -23.0 20.3
v 65.0 -22.9 4.0
v 65.0 -22.6 5.0
v 64.8 -22.0 6.0
v 65.0 -22.0 5.7
v 64.6 -22.0 7.0
v 65.0 -22.5 8.0
v 64.5 -22.0 8.0
v 65.0 -22.6 9.0
v 64.2 -22.0 20.0
v 65.0 -22.6 20.0
v 65.0 -22.0 19.4
v 65.0 -21.8 6.0
v 65.0 -21.4 7.0
v 64.4 -21.0 8.0
v 65.0 -21.0 7.4
v 65.0 -21.5 18.0
v 65.0 -21.0 17.4
v 65.0 -21.7 19.0
v 65.0 -20.0 7.5
v 64.6 -20.0 17.0
v 65.0 -20.4 17.0
v 65.0 -20.0 16.6
v 65.0 -19.0 7.7
v 65.0 -19.5 16.0
v 65.0 -19.0 15.5
v 65.0 -18.6 8.0
v 64.4 -18.0 8.0
v 65.0 -18.0 8.6
v 64.6 -18.0 10.0
v 64.6 -18.0 11.0
v 64.5 -18.0 14.0
v 65.0 -18.0 14.4
v 65.0 -18.6 15.0
v 65.0 -17.8 9.0
v 65.0 -17.8 10.0
v 65.0 -17.7 11.0
v 65.0 -17.5 12.0
v 65.0 -17.1 13.0
v 65.0 -17.7 14.0
v 65.8 -45.0 10.0
v 66.0 -45.0 9.8
v 66.0 -45.2 10.0
v 66.0 -45.3 11.0
v 65.8 -45.0 11.0
v 66.0 -45.0 11.4
v 65.6 -44.0 10.0
v 66.0 -44.0 9.6
v 65.4 -44.0 11.0
v 66.0 -44.6 12.0
v 65.6 -44.0 12.0
v 66.0 -44.3 13.0
v 65.8 -44.0 13.0
v 66.0 -44.0 13.2
v 65.6 -43.0 10.0
v 66.0 -43.0 9.6
v 65.4 -43.0 12.0
v 65.7 -43.0 13.0
v 66.0 -43.0 13.4
v 65.7 -42.0 10.0
v 66.0 -42.0 9.8
v 65.5 -42.0 12.0
v 66.0 -42.0 12.8
v 66.0 -42.3 13.0
v 65.9 -42.0 15.0
v 66.0 -42.0 14.9
v 66.0 -42.1 15.0
v 66.0 -42.0 15.5
v 66.0 -41.7 10.0
v 65.9 -41.0 11.0
v 66.0 -41.0 10.9
v 65.7 -41.0 12.0
v 66.0 -41.6 13.0
v 65.8 -41.0 13.0
v 66.0 -41.0 13.5
v 66.0 -41.9 15.0
v 66.0 -40.9 11.0
v 66.0 -40.7 12.0
v 66.0 -40.8 13.0
v 65.2 -34.0 12.0
v 65.3 -34.0 13.0
v 65.5 -33.0 12.0
v 66.0 -33.0 12.9
v 66.0 -33.1 13.0
v 65.5 -33.0 14.0
v 66.0 -33.0 13.2
v 65.3 -32.0 11.0
v 65.6 -32.0 12.0
v 66.0 -32.0 12.7
v 66.0 -32.2 14.0
v 65.2 -32.0 15.0
v 66.0 -32.0 14.1
v 65.2 -31.0 10.0
v 65.5 -31.0 11.0
v 65.5 -31.0 12.0
v 66.0 -31.7 13.0
v 65.6 -31.0 13.0
v 65.5 -31.0 14.0
v 66.0 -31.9 14.0
v 66.0 -31.0 21.7
v 66.0 -31.2 22.0
v 66.0 -31.3 23.0
v 65.2 -31.0 24.0
v 66.0 -31.0 23.3
v 65.3 -30.0 10.0
v 65.5 -30.0 11.0
v 65.6 -30.0 12.0
v 65.5 -30.0 13.0
v 65.6 -30.0 14.0
v 65.4 -30.0 15.0
v 65.3 -30.0 18.0
v 65.5 -30.0 20.0
v 66.0 -30.0 20.6
v 66.0 -30.3 21.0
v 65.7 -30.0 24.0
v 66.0 -30.0 23.6
v 65.0 -30.0 25.0
v 65.2 -29.0 10.0
v 65.6 -29.0 11.0
v 66.0 -29.0 12.0
v 65.8 -29.0 13.0
v 66.0 -29.0 13.3
v 66.0 -29.4 14.0
v 66.0 -29.5 15.0
v 66.0 -29.4 16.0
v 66.0 -29.4 17.0
v 66.0 -29.5 18.0
v 65.9 -29.0 19.0
v 66.0 -29.0 18.8
v 66.0 -29.0 19.2
v 66.0 -29.5 20.0
v 65.9 -29.0 22.0
v 66.0 -29.1 22.0
v 66.0 -29.0 21.9
v 66.0 -29.0 22.3
v 66.0 -29.1 24.0
v 66.0 -29.0 24.1
v 65.0 -29.0 25.0
v 65.4 -28.0 11.0
v 65.8 -28.0 12.0
v 66.0 -28.0 12.3
v 66.0 -28.7 13.0
v 66.0 -28.9 19.0
v 65.5 -28.0 22.0
v 66.0 -28.0 21.5
v 66.0 -28.8 23.0
v 66.0 -28.9 24.0
v 66.0 -27.0 4.8
v 66.0 -27.2 5.0
v 66.0 -27.2 6.0
v 65.4 -27.0 6.0
v 66.0 -27.0 6.9
v 65.9 -27.0 7.0
v 65.5 -27.0 11.0
v 66.0 -27.0 11.6
v 66.0 -27.7 12.0
v 65.0 -27.0 22.0
v 66.0 -27.0 21.3
v 66.0 -26.0 3.9
v 66.0 -26.1 4.0
v 65.7 -26.0 7.0
v 66.0 -26.0 6.6
v 65.2 -26.0 8.0
v 65.6 -26.0 11.0
v 66.0 -26.0 11.3
v 65.9 -26.0 19.0
v 66.0 -26.1 19.0
v 66.0 -26.0 18.9
v 66.0 -26.5 20.0
v 66.0 -26.8 21.0
v 66.0 -25.8 4.0
v 65.8 -25.0 4.0
v 66.0 -25.0 4.3
v 65.6 -25.0 7.0
v 66.0 -25.0 6.4
v 65.1 -25.0 8.0
v 66.0 -25.0 10.7
v 66.0 -25.5 11.0
v 66.0 -25.9 19.0
v 65.2 -25.0 20.0
v 66.0 -25.0 19.4
v 66.0 -24.0 3.7
v 66.0 -24.6 4.0
v 65.9 -24.0 6.0
v 66.0 -24.3 6.0
v 66.0 -24.0 5.8
v 65.5 -24.0 7.0
v 66.0 -24.0 10.4
v 65.4 -24.0 20.0
v 66.0 -24.0 19.4
v 66.0 -23.6 4.0
v 65.2 -23.0 4.0
v 66.0 -23.0 4.6
v 66.0 -23.8 6.0
v 66.0 -23.4 7.0
v 66.0 -23.0 7.4
v 66.0 -23.0 9.4
v 66.0 -23.5 10.0
v 65.8 -23.0 17.0
v 66.0 -23.3 17.0
v 66.0 -23.0 16.8
v 65.7 -23.0 18.0
v 66.0 -23.4 18.0
v 66.0 -23.0 18.8
v 65.3 -23.0 20.0
v 66.0 -23.0 19.1
v 66.0 -22.7 5.0
v 66.0 -22.0 5.6
v 66.0 -22.6 8.0
v 66.0 -22.7 9.0
v 65.6 -22.0 17.0
v 66.0 -22.0 16.5
v 65.4 -22.0 18.0
v 66.0 -22.9 19.0
v 65.3 -22.0 19.0
v 66.0 -21.6 6.0
v 65.5 -21.0 7.0
v 66.0 -21.0 6.6
v 65.4 -21.0 17.0
v 66.0 -21.0 16.4
v 66.0 -20.6 7.0
v 66.0 -20.0 7.5
v 65.5 -20.0 16.0
v 66.0 -20.5 16.0
v 66.0 -20.0 15.6
v 66.0 -19.4 8.0
v 65.5 -19.0 8.0
v 66.0 -19.0 8.5
v 65.5 -19.0 15.0
v 66.0 -19.3 15.0
v 66.0 -19.0 14.7
v 65.3 -18.0 9.0
v 66.0 -18.6 9.0
v 65.4 -18.0 10.0
v 66.0 -18.4 10.0
v 65.4 -18.0 11.0
v 66.0 -18.4 11.0
v 65.7 -18.0 12.0
v 66.0 -18.2 12.0
v 66.0 -18.0 12.3
v 66.0 -18.0 14.3
v 66.0 -17.5 13.0
v 66.0 -17.7 14.0
v 67.0 -46.0 12.0
v 67.0 -46.0 12.0
v 67.0 -46.0 12.0
v 67.0 -46.0 12.0
v 67.0 -45.0 9.8
v 67.0 -45.2 10.0
v 67.0 -45.6 11.0
v 66.3 -45.0 12.0
v 67.0 -45.3 13.0
v 66.7 -45.0 13.0
v 67.0 -45.0 13.4
v 67.0 -44.0 9.5
v 67.0 -44.0 13.8
v 67.0 -43.0 9.4
v 67.0 -43.7 14.0
v 66.5 -43.0 14.0
v 67.0 -43.5 15.0
v 66.6 -43.0 15.0
v 67.0 -43.1 16.0
v 66.9 -43.0 16.0
v 67.0 -43.0 16.2
v 67.0 -42.0 9.7
v 66.1 -42.0 13.0
v 66.4 -42.0 14.0
v 67.0 -42.8 16.0
v 67.0 -42.0 15.4
v 67.0 -41.7 10.0
v 66.2 -41.0 11.0
v 67.0 -41.3 11.0
v 67.0 -41.0 11.6
v 67.0 -41.5 14.0
v 67.0 -41.0 13.4
v 67.0 -41.8 15.0
v 67.0 -40.7 12.0
v 67.0 -40.8 13.0
v 66.1 -33.0 13.0
v 66.2 -32.0 13.0
v 66.1 -32.0 14.0
v 66.2 -31.0 22.0
v 66.2 -31.0 23.0
v 66.3 -30.0 21.0
v 66.4 -30.0 22.0
v 66.4 -30.0 23.0
v 66.4 -29.0 14.0
v 66.5 -29.0 15.0
v 66.5 -29.0 16.0
v 66.6 -29.0 17.0
v 67.0 -29.0 17.8
v 67.0 -29.1 18.0
v 67.0 -29.0 18.2
v 66.5 -29.0 20.0
v 66.9 -29.0 21.0
v 66.2 -29.0 23.0
v 66.1 -29.0 24.0
v 66.6 -28.0 13.0
v 67.0 -28.0 13.5
v 67.0 -28.4 14.0
v 67.0 -28.5 15.0
v 67.0 -28.5 16.0
v 67.0 -28.6 17.0
v 67.0 -28.5 19.0
v 67.0 -28.5 20.0
v 67.0 -28.0 20.5
v 66.6 -28.0 21.0
v 66.2 -27.0 5.0
v 66.2 -27.0 6.0
v 66.5 -27.0 12.0
v 67.0 -27.0 12.4
v 67.0 -27.6 13.0
v 66.3 -27.0 21.0
v 67.0 -27.0 20.3
v 66.1 -26.0 4.0
v 66.5 -26.0 5.0
v 66.4 -26.0 6.0
v 67.0 -26.0 11.6
v 67.0 -26.6 12.0
v 67.0 -26.4 19.0
v 67.0 -26.0 18.6
v 67.0 -26.8 20.0
v 66.4 -25.0 5.0
v 66.3 -25.0 6.0
v 66.5 -25.0 11.0
v 67.0 -25.0 11.4
v 66.4 -25.0 19.0
v 67.0 -25.0 18.5
v 66.6 -24.0 4.0
v 66.5 -24.0 5.0
v 67.0 -24.0 10.5
v 67.0 -24.6 11.0
v 66.9 -24.0 17.0
v 67.0 -24.1 17.0
v 67.0 -24.0 16.9
v 66.5 -24.0 18.0
v 67.0 -24.5 18.0
v 66.4 -24.0 19.0
v 66.3 -23.0 5.0
v 66.4 -23.0 6.0
v 66.3 -23.0 7.0
v 66.5 -23.0 9.0
v 67.0 -23.0 8.6
v 67.0 -23.3 9.0
v 67.0 -23.6 10.0
v 67.0 -23.0 16.3
v 66.1 -23.0 19.0
v 66.8 -22.0 6.0
v 66.8 -22.0 7.0
v 67.0 -22.5 8.0
v 67.0 -22.0 7.2
v 66.6 -22.0 16.0
v 67.0 -22.5 16.0
v 67.0 -22.0 15.7
v 67.0 -21.7 7.0
v 67.0 -21.0 6.7
v 66.4 -21.0 16.0
v 67.0 -21.0 15.5
v 67.0 -20.7 7.0
v 67.0 -20.0 7.7
v 67.0 -20.0 15.3
v 67.0 -19.7 8.0
v 66.5 -19.0 9.0
v 67.0 -19.4 9.0
v 67.0 -19.0 9.6
v 67.0 -19.7 15.0
v 67.0 -19.0 14.5
v 67.0 -18.8 10.0
v 67.0 -18.6 11.0
v 67.0 -18.5 12.0
v 67.0 -18.0 12.8
v 66.4 -18.0 14.0
v 67.0 -18.4 14.0
v 67.0 -18.0 13.2
v 67.0 -17.9 13.0
v 68.0 -46.0 11.8
v 68.0 -46.1 12.0
v 68.0 -46.0 12.1
v 67.4 -45.0 10.0
v 68.0 -45.0 10.4
v 68.0 -45.6 11.0
v 68.0 -45.5 13.0
v 68.0 -45.2 14.0
v 67.7 -45.0 14.0
v 68.0 -45.0 14.9
v 68.0 -44.0 9.6
v 68.0 -44.5 10.0
v 67.3 -44.0 14.0
v 68.0 -44.9 15.0
v 67.5 -44.0 15.0
v 68.0 -44.1 16.0
v 67.9 -44.0 16.0
v 68.0 -44.0 16.1
v 68.0 -43.0 9.0
v 68.0 -43.0 9.0
v 68.0 -43.0 9.0
v 68.0 -43.2 17.0
v 67.7 -43.0 17.0
v 68.0 -43.3 18.0
v 67.1 -43.0 18.0
v 68.0 -43.1 19.0
v 67.5 -43.0 19.0
v 68.0 -43.0 19.1
v 68.0 -43.0 9.0
v 68.0 -42.4 10.0
v 67.4 -42.0 10.0
v 68.0 -42.0 10.4
v 67.4 -42.0 15.0
v 68.0 -42.4 15.0
v 68.0 -42.0 14.5
v 68.0 -42.7 16.0
v 68.0 -42.8 17.0
v 68.0 -42.7 18.0
v 68.0 -42.9 19.0
v 68.0 -41.6 11.0
v 67.4 -41.0 12.0
v 68.0 -41.4 12.0
v 67.3 -41.0 13.0
v 68.0 -41.4 13.0
v 68.0 -41.7 14.0
v 67.1 -29.0 18.0
v 67.4 -28.0 14.0
v 67.5 -28.0 15.0
v 67.5 -28.0 16.0
v 67.7 -28.0 17.0
v 68.0 -28.0 17.5
v 68.0 -28.3 18.0
v 67.6 -28.0 19.0
v 68.0 -28.0 18.5
v 67.7 -28.0 20.0
v 68.0 -27.0 12.6
v 68.0 -27.3 13.0
v 68.0 -27.6 14.0
v 68.0 -27.6 15.0
v 68.0 -27.6 16.0
v 68.0 -27.8 17.0
v 67.7 -27.0 19.0
v 68.0 -27.0 18.7
v 67.3 -27.0 20.0
v 68.0 -26.0 11.8
v 68.0 -26.3 12.0
v 68.0 -26.0 18.5
v 68.0 -25.2 12.0
v 67.9 -25.0 12.0
v 68.0 -25.0 12.2
v 68.0 -25.0 18.3
v 68.0 -24.0 10.6
v 68.0 -24.3 11.0
v 68.0 -24.9 12.0
v 67.3 -24.0 17.0
v 68.0 -24.0 17.2
v 68.0 -24.7 18.0
v 68.0 -23.0 8.5
v 68.0 -23.4 9.0
v 68.0 -23.6 10.0
v 67.6 -23.0 16.0
v 68.0 -23.3 16.0
v 68.0 -23.0 15.7
v 68.0 -23.8 17.0
v 68.0 -22.0 7.4
v 68.0 -22.5 8.0
v 68.0 -22.0 15.3
v 68.0 -21.0 6.9
v 68.0 -21.2 7.0
v 67.6 -21.0 15.0
v 68.0 -21.5 15.0
v 68.0 -21.0 14.6
v 68.0 -20.9 7.0
v 67.4 -20.0 8.0
v 68.0 -20.4 8.0
v 67.5 -20.0 9.0
v 68.0 -20.4 9.0
v 67.7 -20.0 10.0
v 68.0 -20.3 10.0
v 68.0 -20.0 10.5
v 67.3 -20.0 15.0
v 68.0 -20.0 14.4
v 67.3 -19.0 10.0
v 68.0 -19.6 11.0
v 67.4 -19.0 11.0
v 67.6 -19.0 12.0
v 68.0 -19.4 12.0
v 68.0 -19.0 12.6
v 68.0 -19.0 14.2
v 67.1 -18.0 13.0
v 68.0 -18.7 13.0
v 68.0 -18.8 14.0
v 68.1 -46.0 12.0
v 69.0 -45.0 11.0
v 69.0 -45.4 11.0
v 68.6 -45.0 12.0
v 69.0 -45.0 11.1
v 68.9 -45.0 13.0
v 68.3 -45.0 14.0
v 68.4 -44.0 10.0
v 69.0 -45.0 11.0
v 68.6 -44.0 11.0
v 68.6 -44.0 12.0
v 68.8 -44.0 13.0
v 69.0 -44.0 13.5
v 69.0 -44.3 14.0
v 68.5 -44.0 15.0
v 69.0 -44.0 14.3
v 68.1 -44.0 16.0
v 68.8 -43.0 9.0
v 69.0 -43.0 9.0
v 69.0 -43.3 10.0
v 69.0 -43.0 10.5
v 68.7 -43.0 11.0
v 68.8 -43.0 12.0
v 69.0 -43.0 12.5
v 69.0 -43.6 13.0
v 69.0 -43.1 15.0
v 69.0 -43.0 15.1
v 68.4 -43.0 16.0
v 68.8 -43.0 17.0
v 69.0 -43.0 17.3
v 69.0 -43.1 18.0
v 68.5 -43.0 19.0
v 69.0 -43.0 18.5
v 69.0 -42.7 10.0
v 69.0 -42.5 11.0
v 69.0 -42.0 10.7
v 69.0 -42.6 12.0
v 68.5 -42.0 14.0
v 69.0 -42.5 14.0
v 69.0 -42.0 13.4
v 69.0 -42.9 15.0
v 69.0 -42.9 18.0
v 69.0 -41.7 11.0
v 69.0 -41.5 12.0
v 69.0 -41.7 13.0
v 69.0 -28.0 18.0
v 69.0 -28.0 18.0
v 69.0 -28.0 18.0
v 68.7 -27.0 13.0
v 69.0 -27.0 13.2
v 69.0 -27.4 14.0
v 69.0 -27.5 15.0
v 69.0 -27.5 16.0
v 69.0 -27.5 17.0
v 69.0 -27.0 18.8
v 69.0 -26.0 11.7
v 69.0 -26.4 12.0
v 69.0 -26.8 13.0
v 69.0 -26.0 18.3
v 68.2 -25.0 12.0
v 69.0 -25.0 11.7
v 68.4 -25.0 18.0
v 69.0 -25.6 18.0
v 69.0 -25.0 17.4
v 68.4 -24.0 11.0
v 69.0 -24.4 12.0
v 68.7 -24.0 12.0
v 69.0 -24.0 12.9
v 68.3 -24.0 17.0
v 69.0 -24.6 17.0
v 69.0 -24.0 16.4
v 69.0 -23.0 8.5
v 69.0 -23.4 9.0
v 69.0 -23.5 10.0
v 69.0 -23.6 11.0
v 69.0 -23.8 12.0
v 69.0 -23.6 16.0
v 69.0 -23.0 15.4
v 69.0 -22.0 7.2
v 69.0 -22.5 8.0
v 68.4 -22.0 15.0
v 69.0 -22.6 15.0
v 69.0 -22.0 14.4
v 68.1 -21.0 7.0
v 69.0 -21.0 7.6
v 68.7 -21.0 11.0
v 69.0 -21.2 11.0
v 69.0 -21.0 10.6
v 68.7 -21.0 12.0
v 69.0 -21.3 12.0
v 68.6 -21.0 13.0
v 69.0 -21.4 13.0
v 68.5 -21.0 14.0
v 69.0 -21.6 14.0
v 69.0 -20.7 8.0
v 69.0 -20.6 9.0
v 69.0 -20.7 10.0
v 68.3 -20.0 11.0
v 68.4 -20.0 12.0
v 68.5 -20.0 13.0
v 68.4 -20.0 14.0
v 68.3 -19.0 13.0
v 68.2 -19.0 14.0
v 69.0 -45.0 11.0
v 69.2 -44.0 14.0
v 69.6 -43.0 10.0
v 69.3 -43.0 13.0
v 69.3 -43.0 14.0
v 69.1 -43.0 15.0
v 69.1 -43.0 18.0
v 70.0 -42.2 11.0
v 70.0 -42.0 10.8
v 70.0 -42.2 12.0
v 69.3 -42.0 13.0
v 70.0 -42.0 12.2
v 70.0 -41.2 11.0
v 70.0 -41.2 12.0
v 69.0 -28.0 18.0
v 69.7 -27.0 13.0
v 70.0 -27.0 12.9
v 70.0 -27.1 13.0
v 70.0 -27.3 14.0
v 70.0 -27.3 15.0
v 70.0 -27.1 16.0
v 69.5 -27.0 17.0
v 70.0 -27.0 16.1
v 69.4 -27.0 18.0
v 70.0 -26.0 11.7
v 70.0 -26.3 12.0
v 69.7 -26.0 16.0
v 70.0 -26.9 16.0
v 70.0 -26.0 15.6
v 69.5 -26.0 17.0
v 69.3 -26.0 18.0
v 69.9 -25.0 11.0
v 70.0 -25.0 10.9
v 70.0 -25.1 11.0
v 69.6 -25.0 16.0
v 70.0 -25.0 15.5
v 69.3 -25.0 17.0
v 70.0 -24.8 11.0
v 70.0 -24.2 12.0
v 69.4 -24.0 13.0
v 70.0 -24.1 13.0
v 70.0 -24.0 13.1
v 69.4 -24.0 16.0
v 70.0 -24.0 15.3
v 70.0 -23.0 8.5
v 70.0 -23.4 9.0
v 70.0 -23.6 10.0
v 70.0 -23.8 11.0
v 70.0 -23.8 12.0
v 70.0 -23.9 13.0
v 70.0 -23.0 13.5
v 69.7 -23.0 14.0
v 70.0 -23.4 14.0
v 69.4 -23.0 15.0
v 70.0 -23.7 15.0
v 70.0 -22.0 7.9
v 70.0 -22.2 8.0
v 69.4 -22.0 14.0
v 70.0 -22.0 13.3
v 70.0 -21.9 8.0
v 69.3 -21.0 8.0
v 69.5 -21.0 9.0
v 70.0 -21.4 9.0
v 69.4 -21.0 10.0
v 70.0 -21.4 10.0
v 70.0 -21.5 11.0
v 70.0 -21.5 12.0
v 70.0 -21.8 13.0
v 70.2 -42.0 11.0
v 70.2 -42.0 12.0
v 70.1 -27.0 13.0
v 70.3 -27.0 14.0
v 70.3 -27.0 15.0
v 70.1 -27.0 16.0
v 70.3 -26.0 12.0
v 70.6 -26.0 13.0
v 70.6 -26.0 14.0
v 70.4 -26.0 15.0
v 71.0 -25.0 10.7
v 71.0 -25.2 11.0
v 71.0 -25.4 12.0
v 71.0 -25.4 13.0
v 71.0 -25.2 14.0
v 71.0 -25.0 14.1
v 70.5 -25.0 15.0
v 70.6 -24.0 10.0
v 71.0 -24.0 9.5
v 71.0 -24.5 10.0
v 70.3 -24.0 11.0
v 70.2 -24.0 12.0
v 70.2 -24.0 13.0
v 71.0 -24.8 14.0
v 71.0 -24.0 13.2
v 70.5 -24.0 14.0
v 70.3 -24.0 15.0
v 71.0 -23.0 8.5
v 71.0 -23.6 9.0
v 70.5 -23.0 13.0
v 71.0 -23.7 13.0
v 71.0 -23.0 12.5
v 70.2 -22.0 8.0
v 71.0 -22.0 8.5
v 70.3 -22.0 13.0
v 71.0 -22.0 12.3
v 71.0 -21.6 9.0
v 71.0 -21.5 10.0
v 71.0 -21.5 11.0
v 71.0 -21.8 12.0
v 71.9 -25.0 10.0
v 72.0 -25.0 9.9
v 72.0 -25.3 10.0
v 71.3 -25.0 11.0
v 72.0 -25.0 10.1
v 71.3 -25.0 12.0
v 71.3 -25.0 13.0
v 71.1 -25.0 14.0
v 71.8 -24.0 9.0
v 72.0 -24.0 8.9
v 72.0 -24.1 9.0
v 72.0 -24.0 10.5
v 71.6 -24.0 11.0
v 71.4 -24.0 12.0
v 71.1 -24.0 13.0
v 72.0 -23.0 8.0
v 72.0 -23.0 8.0
v 72.0 -23.0 8.0
v 72.0 -23.5 11.0
v 72.0 -23.0 11.4
v 71.5 -23.0 12.0
v 72.0 -23.0 8.0
v 72.0 -22.0 8.1
v 71.3 -22.0 12.0
v 72.0 -22.0 11.3
v 72.0 -21.7 9.0
v 72.0 -21.7 10.0
v 72.0 -21.8 11.0
v 72.0 -25.0 10.0
v 72.1 -24.0 9.0
v 72.3 -24.0 10.0
v 72.0 -23.0 8.0
v 72.4 -23.0 9.0
v 72.5 -23.0 10.0
v 72.3 -23.0 11.0
v 72.3 -22.0 9.0
v 72.3 -22.0 10.0
v 72.2 -22.0 11.0
f 3 2 1
f 5 4 1
f 1 4 3
f 7 6 5
f 5 6 4
f 9 8 7
f 7 8 6
f 9 10 8
f 1 2 11
f 11 2 12
f 1 13 5
f 1 11 13
f 5 14 7
f 5 13 14
f 16 9 15
f 9 14 15
f 9 7 14
f 9 16 10
f 12 17 11
f 11 17 13
f 13 17 18
f 13 18 14
f 14 18 19
f 14 19 15
f 21 20 3
f 3 20 2
f 22 3 4
f 22 21 3
f 23 4 6
f 23 22 4
f 24 6 8
f 24 23 6
f 8 10 24
f 24 10 25
f 28 27 26
f 20 28 26
f 12 20 26
f 2 20 12
f 15 29 16
f 29 30 16
f 30 10 16
f 30 25 10
f 27 31 26
f 26 31 12
f 31 17 12
f 31 32 17
f 17 33 18
f 32 33 17
f 18 34 19
f 33 34 18
f 15 19 29
f 19 35 29
f 19 34 35
f 29 35 30
f 38 37 36
f 40 39 36
f 36 39 38
f 40 41 39
f 36 37 42
f 42 37 43
f 36 44 40
f 36 42 44
f 41 40 45
f 45 40 44
f 43 46 42
f 42 46 44
f 44 46 47
f 44 47 45
f 50 49 48
f 20 21 48
f 21 50 48
f 21 51 50
f 52 21 22
f 52 51 21
f 53 22 23
f 53 52 22
f 54 23 24
f 54 53 23
f 24 25 54
f 54 25 55
f 48 49 28
f 49 27 28
f 49 56 27
f 48 28 20
f 30 55 25
f 30 57 55
f 56 58 27
f 27 58 31
f 31 59 32
f 58 59 31
f 32 60 33
f 59 60 32
f 33 61 34
f 60 61 33
f 34 62 35
f 61 62 34
f 30 35 57
f 57 35 62
f 63 37 38
f 63 38 64
f 38 65 64
f 38 39 65
f 39 41 65
f 65 41 66
f 68 67 63
f 67 37 63
f 67 43 37
f 68 63 64
f 45 66 41
f 45 69 66
f 46 43 70
f 43 71 70
f 43 67 71
f 72 47 46
f 72 46 70
f 72 73 47
f 73 45 47
f 73 69 45
f 71 74 70
f 70 74 72
f 72 74 75
f 72 75 73
f 77 76 50
f 50 76 49
f 78 50 51
f 78 77 50
f 79 51 52
f 79 78 51
f 80 52 53
f 80 79 52
f 82 80 81
f 80 54 81
f 80 53 54
f 55 81 54
f 85 84 83
f 87 86 83
f 83 86 85
f 76 86 87
f 56 76 87
f 49 76 56
f 82 81 88
f 82 88 89
f 57 88 55
f 55 88 81
f 84 90 83
f 83 90 87
f 87 90 91
f 91 93 92
f 91 92 58
f 87 91 58
f 56 87 58
f 58 92 94
f 95 58 94
f 59 58 95
f 59 96 60
f 95 96 59
f 60 97 61
f 96 97 60
f 88 62 89
f 62 97 89
f 62 61 97
f 62 88 57
f 93 98 92
f 92 98 94
f 99 64 65
f 99 65 66
f 102 101 100
f 100 103 102
f 104 67 68
f 105 104 68
f 105 68 64
f 106 105 64
f 99 106 64
f 69 99 66
f 99 69 106
f 107 106 69
f 106 107 101
f 100 101 107
f 103 100 108
f 108 100 107
f 110 109 104
f 109 67 104
f 109 71 67
f 110 104 105
f 112 111 107
f 69 112 107
f 73 112 69
f 107 111 108
f 109 113 71
f 71 113 74
f 74 114 75
f 113 114 74
f 73 75 112
f 112 75 114
f 117 116 115
f 115 118 117
f 120 119 77
f 77 119 76
f 121 77 78
f 121 120 77
f 123 121 122
f 121 79 122
f 121 78 79
f 80 124 79
f 79 124 122
f 82 124 80
f 127 126 125
f 127 125 116
f 116 125 115
f 125 84 115
f 84 85 115
f 128 118 115
f 85 128 115
f 86 128 85
f 86 76 119
f 86 119 128
f 123 122 129
f 123 129 130
f 131 122 124
f 129 122 131
f 89 131 82
f 82 131 124
f 126 132 125
f 132 134 133
f 132 133 90
f 125 132 90
f 84 125 90
f 135 91 90
f 135 90 133
f 135 93 91
f 137 136 95
f 137 95 94
f 129 96 130
f 96 136 130
f 96 95 136
f 96 129 97
f 97 129 131
f 97 131 89
f 134 138 133
f 133 138 135
f 135 138 139
f 135 139 93
f 139 98 93
f 139 140 98
f 94 98 137
f 137 98 140
f 142 141 102
f 102 141 101
f 102 103 142
f 142 103 143
f 144 105 106
f 145 144 106
f 101 145 106
f 141 145 101
f 108 147 146
f 143 108 146
f 103 108 143
f 147 148 146
f 149 109 110
f 150 149 110
f 150 110 105
f 151 150 105
f 144 151 105
f 152 151 112
f 151 152 145
f 111 145 152
f 145 111 144
f 112 144 111
f 144 112 151
f 152 153 111
f 111 153 108
f 153 154 108
f 154 147 108
f 147 154 148
f 149 113 109
f 150 155 149
f 155 113 149
f 155 114 113
f 112 114 152
f 114 156 152
f 114 155 156
f 152 156 153
f 158 157 117
f 117 157 116
f 117 118 158
f 158 118 159
f 161 160 120
f 120 160 119
f 162 120 121
f 162 161 120
f 121 123 162
f 162 123 163
f 165 164 127
f 127 164 126
f 127 116 157
f 127 157 165
f 166 159 118
f 166 118 128
f 128 119 160
f 128 160 166
f 130 163 123
f 130 167 163
f 170 169 168
f 168 171 132
f 164 168 132
f 126 164 132
f 168 164 170
f 171 134 132
f 173 172 136
f 173 136 137
f 130 136 167
f 167 136 172
f 169 174 168
f 168 174 171
f 171 174 175
f 175 177 176
f 175 176 138
f 171 175 138
f 134 171 138
f 178 139 138
f 178 138 176
f 179 140 139
f 179 139 178
f 179 180 140
f 180 137 140
f 180 173 137
f 177 181 176
f 176 181 178
f 178 181 182
f 178 182 179
f 179 182 183
f 179 183 180
f 184 141 142
f 143 184 142
f 185 145 184
f 184 145 141
f 185 184 143
f 186 185 143
f 146 186 143
f 187 185 186
f 146 148 186
f 186 148 188
f 190 189 151
f 151 189 150
f 151 145 185
f 191 151 185
f 190 151 191
f 192 191 153
f 191 192 187
f 154 187 192
f 187 154 185
f 153 185 154
f 185 153 191
f 192 193 154
f 193 148 154
f 193 188 148
f 189 194 150
f 150 194 155
f 155 195 156
f 194 195 155
f 153 156 192
f 156 196 192
f 156 195 196
f 192 196 193
f 199 198 197
f 157 158 197
f 158 199 197
f 158 200 199
f 202 201 159
f 201 158 159
f 201 200 158
f 160 161 202
f 161 201 202
f 161 203 201
f 204 161 162
f 204 203 161
f 162 163 204
f 204 163 205
f 208 207 206
f 208 206 198
f 198 206 197
f 206 164 197
f 164 165 197
f 197 165 157
f 166 202 159
f 202 166 160
f 167 205 163
f 167 209 205
f 212 211 210
f 214 213 210
f 210 213 212
f 213 214 207
f 207 214 206
f 214 169 206
f 169 170 206
f 206 170 164
f 216 215 172
f 216 172 173
f 167 172 209
f 209 172 215
f 211 217 210
f 210 217 214
f 214 217 218
f 218 220 219
f 218 219 174
f 214 218 174
f 169 214 174
f 221 175 174
f 221 174 219
f 221 177 175
f 224 223 222
f 223 216 222
f 216 180 222
f 216 173 180
f 220 225 219
f 219 225 221
f 221 225 226
f 221 226 177
f 226 181 177
f 226 227 181
f 181 228 182
f 227 228 181
f 222 183 224
f 183 228 224
f 183 182 228
f 183 222 180
f 229 187 186
f 188 229 186
f 230 189 190
f 230 190 231
f 190 232 231
f 190 191 232
f 232 191 187
f 233 232 187
f 229 233 187
f 232 233 234
f 193 233 188
f 188 233 229
f 194 189 230
f 237 236 235
f 236 238 235
f 239 230 231
f 230 239 194
f 195 194 239
f 233 196 234
f 196 239 234
f 196 195 239
f 196 233 193
f 237 240 236
f 236 240 238
f 242 241 199
f 199 241 198
f 243 199 200
f 243 242 199
f 244 200 201
f 244 243 200
f 245 201 203
f 245 244 201
f 246 203 204
f 246 245 203
f 204 205 246
f 246 205 247
f 249 248 208
f 208 248 207
f 208 198 241
f 208 241 249
f 209 247 205
f 209 250 247
f 253 252 251
f 211 212 251
f 212 253 251
f 212 254 253
f 255 212 213
f 255 254 212
f 213 207 248
f 213 248 255
f 257 256 215
f 257 215 216
f 209 215 250
f 250 215 256
f 251 252 258
f 258 252 259
f 260 217 211
f 251 260 211
f 258 260 251
f 261 218 217
f 261 217 260
f 261 220 218
f 263 262 223
f 263 223 224
f 216 223 257
f 257 223 262
f 259 264 258
f 258 264 260
f 260 264 265
f 260 265 261
f 261 265 266
f 261 266 220
f 266 225 220
f 266 267 225
f 225 268 226
f 267 268 225
f 226 269 227
f 268 269 226
f 227 270 228
f 269 270 227
f 224 228 263
f 263 228 270
f 273 272 271
f 231 232 271
f 232 273 271
f 232 274 273
f 276 275 234
f 275 232 234
f 275 274 232
f 276 277 275
f 271 272 235
f 272 237 235
f 272 278 237
f 279 235 238
f 279 271 235
f 279 239 231
f 271 279 231
f 279 280 239
f 239 280 234
f 280 281 234
f 281 276 234
f 276 281 277
f 278 282 237
f 237 282 240
f 238 240 279
f 240 283 279
f 240 282 283
f 279 283 280
f 285 284 242
f 242 284 241
f 286 242 243
f 286 285 242
f 287 243 244
f 287 286 243
f 288 244 245
f 288 287 244
f 289 245 246
f 289 288 245
f 246 247 289
f 289 247 290
f 292 291 249
f 249 291 248
f 249 241 284
f 249 284 292
f 250 290 247
f 250 293 290
f 295 294 253
f 253 294 252
f 296 253 254
f 296 295 253
f 297 254 255
f 297 296 254
f 255 248 291
f 255 291 297
f 299 298 256
f 299 256 257
f 250 256 293
f 293 256 298
f 302 301 300
f 294 302 300
f 259 294 300
f 252 294 259
f 263 303 262
f 303 304 262
f 304 257 262
f 304 299 257
f 300 301 305
f 305 301 306
f 307 264 259
f 300 307 259
f 305 307 300
f 308 265 264
f 308 264 307
f 265 308 309
f 310 265 309
f 266 265 310
f 266 311 267
f 310 311 266
f 267 312 268
f 311 312 267
f 268 313 269
f 312 313 268
f 269 314 270
f 313 314 269
f 263 270 303
f 270 315 303
f 270 314 315
f 303 315 304
f 305 306 316
f 316 306 317
f 305 318 307
f 305 316 318
f 320 308 319
f 308 318 319
f 308 307 318
f 308 320 309
f 317 321 316
f 316 321 318
f 318 321 322
f 318 322 319
f 323 272 273
f 274 324 273
f 273 324 323
f 275 325 274
f 274 325 324
f 277 325 275
f 326 278 323
f 323 278 272
f 324 328 327
f 326 324 327
f 323 324 326
f 280 329 281
f 329 324 281
f 324 325 281
f 329 328 324
f 281 325 277
f 326 282 278
f 327 330 326
f 330 282 326
f 330 283 282
f 280 283 329
f 329 283 330
f 332 331 285
f 285 331 284
f 333 285 286
f 333 332 285
f 334 286 287
f 334 333 286
f 335 287 288
f 335 334 287
f 337 335 336
f 335 289 336
f 335 288 289
f 290 336 289
f 340 339 338
f 291 292 338
f 292 340 338
f 292 341 340
f 292 284 331
f 292 331 341
f 342 337 336
f 336 290 342
f 290 343 342
f 290 293 343
f 345 344 295
f 295 344 294
f 346 295 296
f 346 345 295
f 297 338 339
f 346 297 339
f 296 297 346
f 338 297 291
f 348 347 298
f 348 298 299
f 293 298 343
f 343 298 347
f 351 350 349
f 301 302 349
f 302 351 349
f 302 352 351
f 302 294 344
f 302 344 352
f 355 354 353
f 354 348 353
f 348 304 353
f 348 299 304
f 358 357 356
f 358 356 350
f 356 349 350
f 356 359 349
f 359 306 301
f 359 301 349
f 361 360 310
f 361 310 309
f 310 362 311
f 360 362 310
f 311 363 312
f 362 363 311
f 312 364 313
f 363 364 312
f 313 365 314
f 364 365 313
f 353 315 355
f 315 365 355
f 315 314 365
f 315 353 304
f 356 357 366
f 366 357 367
f 356 368 359
f 356 366 368
f 368 317 306
f 368 306 359
f 319 369 320
f 369 370 320
f 370 309 320
f 370 361 309
f 366 367 371
f 371 367 372
f 366 373 368
f 366 371 373
f 374 321 317
f 368 374 317
f 373 374 368
f 375 322 321
f 375 321 374
f 375 376 322
f 322 376 319
f 376 377 319
f 377 369 319
f 369 377 370
f 372 378 371
f 380 379 378
f 379 371 378
f 379 373 371
f 373 381 374
f 373 379 381
f 374 382 375
f 374 381 382
f 376 375 383
f 383 375 382
f 380 384 379
f 379 384 381
f 381 384 385
f 381 385 382
f 382 385 386
f 382 386 383
f 387 327 328
f 329 387 328
f 387 330 327
f 330 387 329
f 388 331 332
f 333 389 332
f 332 389 388
f 334 390 333
f 333 390 389
f 335 391 334
f 334 391 390
f 337 391 335
f 392 339 340
f 341 393 340
f 340 393 392
f 394 393 341
f 394 341 331
f 395 394 331
f 388 395 331
f 395 388 389
f 395 389 396
f 396 389 390
f 396 390 397
f 397 390 391
f 397 391 398
f 400 398 399
f 399 398 342
f 398 391 342
f 391 337 342
f 343 399 342
f 403 402 401
f 344 345 401
f 345 403 401
f 345 404 403
f 405 345 346
f 405 404 345
f 346 339 392
f 406 346 392
f 405 346 406
f 406 392 393
f 406 393 407
f 407 393 394
f 400 399 347
f 348 400 347
f 408 400 348
f 347 399 343
f 409 350 351
f 402 410 401
f 410 351 401
f 351 352 401
f 351 410 409
f 401 352 344
f 413 412 411
f 415 414 411
f 415 411 412
f 354 355 414
f 415 354 414
f 416 354 415
f 348 354 408
f 408 354 416
f 417 357 358
f 418 417 358
f 418 358 350
f 419 418 350
f 409 419 350
f 419 409 410
f 361 420 360
f 421 362 360
f 421 360 420
f 422 363 362
f 422 362 421
f 411 423 413
f 422 364 363
f 364 422 424
f 364 424 365
f 425 365 424
f 365 425 414
f 423 414 425
f 414 423 411
f 365 414 355
f 428 427 426
f 430 429 426
f 426 429 428
f 431 429 417
f 429 367 417
f 367 357 417
f 429 430 367
f 431 417 418
f 433 432 420
f 361 433 420
f 370 433 361
f 420 432 421
f 421 432 434
f 421 434 422
f 422 434 435
f 422 435 424
f 424 435 436
f 424 436 425
f 426 427 437
f 437 427 438
f 426 439 430
f 426 437 439
f 439 372 367
f 439 367 430
f 441 440 377
f 441 377 376
f 370 377 433
f 433 377 440
f 438 442 437
f 444 443 442
f 443 437 442
f 443 439 437
f 445 378 372
f 439 445 372
f 443 445 439
f 445 380 378
f 383 441 376
f 383 446 441
f 449 448 447
f 449 447 444
f 447 443 444
f 447 450 443
f 443 451 445
f 443 450 451
f 452 384 380
f 445 452 380
f 451 452 445
f 453 385 384
f 453 384 452
f 454 386 385
f 454 385 453
f 454 455 386
f 455 383 386
f 455 446 383
f 447 448 456
f 456 448 457
f 447 458 450
f 447 456 458
f 450 459 451
f 450 458 459
f 451 460 452
f 451 459 460
f 452 461 453
f 452 460 461
f 463 454 462
f 454 461 462
f 454 453 461
f 454 463 455
f 457 464 456
f 456 464 458
f 458 464 465
f 467 466 465
f 466 458 465
f 466 459 458
f 459 468 460
f 459 466 468
f 460 469 461
f 460 468 469
f 462 461 470
f 470 461 469
f 467 471 466
f 466 471 468
f 468 471 472
f 468 472 469
f 469 472 473
f 469 473 470
f 475 474 395
f 395 474 394
f 477 475 476
f 475 396 476
f 475 395 396
f 397 478 396
f 396 478 476
f 398 479 397
f 397 479 478
f 400 479 398
f 481 480 403
f 403 480 402
f 482 403 404
f 482 481 403
f 483 404 405
f 483 482 404
f 484 405 406
f 484 483 405
f 485 406 407
f 485 484 406
f 407 394 474
f 407 474 485
f 486 477 476
f 486 476 478
f 486 478 487
f 487 478 479
f 487 479 488
f 479 400 488
f 400 489 488
f 400 408 489
f 480 410 402
f 490 410 480
f 492 491 412
f 492 412 413
f 412 493 415
f 491 493 412
f 415 494 416
f 493 494 415
f 408 416 489
f 489 416 494
f 497 496 495
f 499 498 495
f 495 498 497
f 418 419 499
f 419 498 499
f 419 500 498
f 419 410 490
f 419 490 500
f 501 492 413
f 501 413 423
f 423 425 501
f 501 425 502
f 504 503 428
f 428 503 427
f 429 495 496
f 504 429 496
f 428 429 504
f 495 429 431
f 495 431 499
f 499 431 418
f 433 505 432
f 506 434 432
f 506 432 505
f 507 435 434
f 507 434 506
f 508 436 435
f 508 435 507
f 502 425 509
f 425 508 509
f 508 510 509
f 425 436 508
f 510 511 509
f 514 513 512
f 503 514 512
f 438 503 512
f 427 503 438
f 516 515 440
f 516 440 441
f 433 440 505
f 440 517 505
f 440 515 517
f 505 517 506
f 506 517 518
f 506 518 507
f 507 518 519
f 507 519 508
f 508 519 520
f 508 520 510
f 510 520 521
f 510 521 511
f 512 513 522
f 522 513 523
f 524 442 438
f 512 524 438
f 522 524 512
f 524 444 442
f 527 526 525
f 526 516 525
f 516 446 525
f 516 441 446
f 523 528 522
f 529 448 449
f 522 529 449
f 524 522 449
f 528 529 522
f 524 449 444
f 527 525 530
f 527 530 531
f 455 530 446
f 446 530 525
f 529 457 448
f 532 457 529
f 531 530 463
f 462 531 463
f 533 531 462
f 463 530 455
f 532 534 457
f 457 534 464
f 534 536 535
f 465 534 535
f 464 534 465
f 535 467 465
f 470 533 462
f 470 537 533
f 536 538 535
f 535 538 467
f 538 471 467
f 538 539 471
f 471 540 472
f 539 540 471
f 472 541 473
f 540 541 472
f 470 473 537
f 537 473 541
f 543 542 475
f 475 542 474
f 475 477 543
f 543 477 544
f 546 545 481
f 481 545 480
f 547 481 482
f 547 546 481
f 548 482 483
f 548 547 482
f 549 483 484
f 549 548 483
f 550 484 485
f 550 549 484
f 485 474 542
f 485 542 550
f 551 544 477
f 551 477 486
f 552 486 487
f 552 551 486
f 554 552 553
f 552 488 553
f 552 487 488
f 489 553 488
f 545 490 480
f 555 490 545
f 492 556 491
f 557 493 491
f 557 491 556
f 558 554 553
f 493 558 553
f 494 493 553
f 558 493 557
f 494 553 489
f 560 559 497
f 497 559 496
f 561 497 498
f 561 560 497
f 562 498 500
f 562 561 498
f 500 490 555
f 500 555 562
f 501 556 492
f 556 501 502
f 563 556 502
f 557 556 563
f 558 557 564
f 564 557 563
f 567 566 565
f 503 504 565
f 504 567 565
f 504 568 567
f 504 496 559
f 504 559 568
f 509 563 502
f 570 569 511
f 511 569 509
f 569 564 509
f 564 563 509
f 570 571 569
f 565 566 514
f 566 513 514
f 566 572 513
f 565 514 503
f 574 573 515
f 574 515 516
f 515 575 517
f 573 575 515
f 517 576 518
f 575 576 517
f 576 578 577
f 519 576 577
f 518 576 519
f 519 577 579
f 580 519 579
f 520 519 580
f 520 581 521
f 580 581 520
f 511 521 570
f 521 582 570
f 521 581 582
f 570 582 571
f 572 523 513
f 583 523 572
f 585 584 526
f 585 526 527
f 516 526 574
f 574 526 584
f 578 586 577
f 577 586 579
f 583 587 523
f 523 587 528
f 529 528 587
f 529 587 588
f 531 585 527
f 531 589 585
f 588 532 529
f 590 532 588
f 533 589 531
f 533 591 589
f 534 532 592
f 532 593 592
f 532 590 593
f 592 536 534
f 537 591 533
f 537 594 591
f 593 595 592
f 592 595 536
f 595 538 536
f 595 596 538
f 596 598 597
f 539 596 597
f 538 596 539
f 539 597 599
f 600 539 599
f 540 539 600
f 540 601 541
f 600 601 540
f 537 541 594
f 594 541 601
f 598 602 597
f 597 602 599
f 605 604 603
f 603 606 605
f 607 542 543
f 544 607 543
f 603 604 546
f 604 545 546
f 604 608 545
f 609 606 603
f 546 609 603
f 547 609 546
f 610 547 548
f 610 609 547
f 611 548 549
f 611 610 548
f 612 549 550
f 612 611 549
f 550 542 607
f 613 550 607
f 612 550 613
f 613 607 544
f 551 613 544
f 614 613 551
f 615 551 552
f 615 614 551
f 552 554 615
f 615 554 616
f 608 555 545
f 617 555 608
f 558 616 554
f 558 618 616
f 620 619 560
f 560 619 559
f 621 560 561
f 621 620 560
f 622 561 562
f 622 621 561
f 562 555 617
f 562 617 622
f 564 618 558
f 564 623 618
f 625 624 567
f 567 624 566
f 626 567 568
f 626 625 567
f 568 559 619
f 568 619 626
f 627 623 564
f 627 564 569
f 569 571 627
f 627 571 628
f 624 572 566
f 629 572 624
f 631 630 573
f 631 573 574
f 630 633 632
f 575 630 632
f 573 630 575
f 634 576 575
f 634 575 632
f 634 578 576
f 636 635 580
f 636 580 579
f 635 638 637
f 581 635 637
f 580 635 581
f 581 637 639
f 640 581 639
f 582 581 640
f 571 582 628
f 628 582 640
f 643 642 641
f 629 643 641
f 583 629 641
f 572 629 583
f 585 644 584
f 644 645 584
f 645 574 584
f 645 631 574
f 633 646 632
f 632 646 634
f 634 646 647
f 634 647 578
f 647 586 578
f 647 648 586
f 579 586 636
f 636 586 648
f 638 649 637
f 637 649 639
f 642 650 641
f 650 652 651
f 650 651 587
f 641 650 587
f 583 641 587
f 651 588 587
f 654 653 644
f 585 654 644
f 589 654 585
f 644 653 645
f 652 655 651
f 588 651 655
f 656 588 655
f 590 588 656
f 591 654 589
f 591 657 654
f 656 593 590
f 658 593 656
f 594 657 591
f 594 659 657
f 658 660 593
f 593 660 595
f 660 662 661
f 596 660 661
f 595 660 596
f 661 598 596
f 599 663 600
f 600 663 664
f 665 600 664
f 601 600 665
f 594 601 659
f 659 601 665
f 662 666 661
f 661 666 598
f 666 602 598
f 666 667 602
f 599 602 663
f 602 668 663
f 602 667 668
f 663 668 664
f 670 669 605
f 605 669 604
f 672 671 606
f 671 605 606
f 671 670 605
f 672 673 671
f 669 608 604
f 674 608 669
f 609 672 606
f 675 673 672
f 609 675 672
f 610 675 609
f 676 610 611
f 676 675 610
f 677 611 612
f 677 676 611
f 678 612 613
f 678 677 612
f 680 678 679
f 678 614 679
f 678 613 614
f 615 681 614
f 614 681 679
f 616 681 615
f 674 617 608
f 682 617 674
f 683 680 679
f 685 684 683
f 679 685 683
f 681 685 679
f 618 685 616
f 616 685 681
f 687 686 620
f 620 686 619
f 688 620 621
f 688 687 620
f 689 621 622
f 689 688 621
f 622 617 682
f 622 682 689
f 690 684 685
f 685 618 690
f 618 691 690
f 618 623 691
f 693 692 625
f 625 692 624
f 694 625 626
f 694 693 625
f 626 619 686
f 626 686 694
f 695 691 623
f 695 623 627
f 627 628 695
f 695 628 696
f 699 698 697
f 692 699 697
f 629 692 697
f 624 692 629
f 631 700 630
f 700 633 630
f 636 701 635
f 701 638 635
f 703 702 640
f 703 640 639
f 628 640 696
f 696 640 702
f 697 698 643
f 698 642 643
f 698 704 642
f 697 643 629
f 645 705 700
f 645 700 631
f 700 705 633
f 705 706 633
f 706 646 633
f 705 707 706
f 646 708 647
f 706 708 646
f 647 709 648
f 708 709 647
f 648 709 636
f 709 710 636
f 710 701 636
f 710 709 711
f 701 710 638
f 710 712 638
f 712 649 638
f 710 713 712
f 639 649 703
f 703 649 712
f 650 642 714
f 642 715 714
f 642 704 715
f 714 652 650
f 717 716 653
f 717 653 654
f 645 653 705
f 653 718 705
f 653 716 718
f 705 718 707
f 711 719 710
f 710 719 713
f 715 720 714
f 720 722 721
f 720 721 655
f 714 720 655
f 652 714 655
f 721 656 655
f 657 717 654
f 657 723 717
f 721 722 724
f 724 722 725
f 724 658 656
f 724 656 721
f 728 727 726
f 727 723 726
f 723 659 726
f 723 657 659
f 725 729 724
f 724 729 658
f 729 660 658
f 729 730 660
f 662 660 730
f 662 730 731
f 728 726 665
f 664 728 665
f 732 728 664
f 665 726 659
f 666 662 733
f 662 734 733
f 662 731 734
f 735 667 666
f 735 666 733
f 667 735 736
f 737 667 736
f 668 667 737
f 664 668 732
f 732 668 737
f 734 738 733
f 740 739 738
f 739 733 738
f 739 735 733
f 736 735 741
f 741 735 739
f 740 742 739
f 739 742 741
f 745 744 743
f 747 746 743
f 743 746 745
f 747 748 746
f 743 744 749
f 749 744 750
f 749 669 670
f 747 749 670
f 743 749 747
f 751 748 747
f 670 751 747
f 671 751 670
f 671 673 751
f 751 673 752
f 749 750 753
f 753 750 754
f 753 674 669
f 753 669 749
f 673 675 755
f 756 673 755
f 752 673 756
f 676 757 675
f 675 757 755
f 677 758 676
f 676 758 757
f 758 677 759
f 677 760 759
f 677 678 760
f 678 680 760
f 760 680 761
f 753 754 762
f 762 754 763
f 762 682 674
f 762 674 753
f 764 756 755
f 764 755 757
f 764 757 765
f 765 757 758
f 765 758 766
f 766 758 759
f 767 761 680
f 767 680 683
f 683 684 767
f 767 684 768
f 769 686 687
f 769 687 770
f 687 771 770
f 687 688 771
f 689 762 763
f 771 689 763
f 688 689 771
f 762 689 682
f 772 768 684
f 772 684 690
f 690 691 772
f 772 691 773
f 775 774 693
f 693 774 692
f 776 693 694
f 776 775 693
f 694 686 769
f 777 694 769
f 776 694 777
f 777 769 770
f 778 773 691
f 778 691 695
f 695 696 778
f 778 696 779
f 781 780 699
f 699 780 698
f 699 692 774
f 699 774 781
f 703 782 702
f 782 783 702
f 783 696 702
f 783 779 696
f 780 704 698
f 784 704 780
f 787 786 785
f 706 707 785
f 786 706 785
f 788 706 786
f 706 789 708
f 788 789 706
f 789 791 790
f 709 789 790
f 708 789 709
f 790 711 709
f 793 792 712
f 793 712 713
f 703 712 782
f 712 794 782
f 712 792 794
f 782 794 783
f 796 715 795
f 715 784 795
f 715 704 784
f 797 796 795
f 799 798 716
f 799 716 717
f 785 718 787
f 718 798 787
f 718 716 798
f 718 785 707
f 791 800 790
f 790 800 711
f 800 719 711
f 800 801 719
f 713 719 793
f 793 719 801
f 796 720 715
f 722 720 796
f 797 722 796
f 802 722 797
f 805 804 803
f 804 799 803
f 799 723 803
f 799 717 723
f 802 725 722
f 806 725 802
f 805 803 727
f 728 805 727
f 807 805 728
f 727 803 723
f 729 725 808
f 725 809 808
f 725 806 809
f 810 730 729
f 810 729 808
f 810 731 730
f 732 807 728
f 732 811 807
f 809 812 808
f 814 813 812
f 813 808 812
f 813 810 808
f 813 734 731
f 813 731 810
f 736 815 737
f 815 816 737
f 816 732 737
f 816 811 732
f 814 817 813
f 813 817 734
f 817 738 734
f 817 818 738
f 740 738 818
f 740 818 819
f 741 820 815
f 741 815 736
f 816 815 821
f 815 822 821
f 815 820 822
f 824 823 822
f 822 823 821
f 824 825 823
f 828 827 826
f 826 829 742
f 819 826 742
f 740 819 742
f 826 819 828
f 820 741 742
f 829 820 742
f 830 820 829
f 820 831 822
f 820 830 831
f 833 824 832
f 824 831 832
f 824 822 831
f 824 833 825
f 827 834 826
f 836 835 834
f 835 826 834
f 835 829 826
f 838 830 837
f 830 835 837
f 830 829 835
f 830 838 831
f 831 838 839
f 831 839 832
f 836 840 835
f 835 840 837
f 843 842 841
f 841 844 843
f 846 845 745
f 745 845 744
f 746 841 842
f 846 746 842
f 745 746 846
f 746 748 841
f 748 844 841
f 748 847 844
f 845 750 744
f 848 750 845
f 748 751 849
f 850 748 849
f 847 748 850
f 752 849 751
f 853 852 851
f 848 853 851
f 754 848 851
f 750 848 754
f 850 849 854
f 850 854 855
f 756 854 752
f 752 854 849
f 856 759 760
f 761 856 760
f 859 858 857
f 859 857 852
f 857 851 852
f 857 860 851
f 860 763 754
f 860 754 851
f 861 855 854
f 863 861 862
f 862 861 764
f 861 854 764
f 854 756 764
f 862 764 864
f 764 865 864
f 764 765 865
f 866 765 766
f 866 865 765
f 766 759 856
f 867 766 856
f 866 766 867
f 867 856 761
f 767 867 761
f 868 867 767
f 767 768 868
f 868 768 869
f 872 871 870
f 872 870 858
f 870 857 858
f 870 873 857
f 873 770 771
f 860 873 771
f 857 873 860
f 860 771 763
f 874 863 862
f 874 862 864
f 875 869 768
f 875 768 772
f 772 773 875
f 875 773 876
f 878 877 775
f 775 877 774
f 776 870 871
f 878 776 871
f 775 776 878
f 870 776 777
f 870 777 873
f 873 777 770
f 879 876 773
f 879 773 778
f 778 779 879
f 879 779 880
f 881 780 781
f 882 881 781
f 774 882 781
f 877 882 774
f 783 880 779
f 783 883 880
f 885 884 881
f 884 780 881
f 884 784 780
f 885 881 882
f 787 886 786
f 887 788 786
f 887 786 886
f 888 789 788
f 888 788 887
f 888 791 789
f 890 889 792
f 890 792 793
f 792 891 794
f 889 891 792
f 783 794 883
f 883 794 891
f 795 784 892
f 784 893 892
f 784 884 893
f 892 797 795
f 895 894 798
f 895 798 799
f 787 798 886
f 798 896 886
f 798 894 896
f 886 896 887
f 887 896 897
f 899 898 897
f 898 887 897
f 898 888 887
f 900 800 791
f 888 900 791
f 898 900 888
f 800 900 901
f 902 800 901
f 801 800 902
f 793 801 890
f 890 801 902
f 892 893 903
f 903 893 904
f 903 802 797
f 903 797 892
f 906 905 804
f 906 804 805
f 799 804 895
f 895 804 905
f 899 907 898
f 898 907 900
f 900 907 908
f 900 908 901
f 903 904 909
f 909 904 910
f 909 806 802
f 909 802 903
f 807 906 805
f 807 911 906
f 914 913 912
f 912 915 914
f 918 917 916
f 918 916 910
f 916 909 910
f 916 919 909
f 919 809 806
f 919 806 909
f 811 921 920
f 911 811 920
f 807 811 911
f 920 921 913
f 921 912 913
f 921 922 912
f 915 912 923
f 923 912 922
f 917 924 916
f 916 924 919
f 919 924 925
f 925 927 926
f 925 926 812
f 919 925 812
f 809 919 812
f 926 814 812
f 816 928 921
f 816 921 811
f 921 929 922
f 921 928 929
f 923 922 930
f 930 922 929
f 933 932 931
f 935 934 931
f 931 934 933
f 935 936 934
f 927 937 926
f 926 937 814
f 937 817 814
f 937 938 817
f 938 940 939
f 818 938 939
f 817 938 818
f 939 819 818
f 821 928 816
f 928 821 823
f 928 823 929
f 823 825 929
f 825 930 929
f 825 941 930
f 931 932 942
f 942 932 943
f 931 944 935
f 931 942 944
f 936 935 945
f 945 935 944
f 939 940 828
f 940 827 828
f 940 946 827
f 939 828 819
f 948 947 833
f 948 833 832
f 825 833 941
f 941 833 947
f 943 949 942
f 942 949 944
f 944 949 950
f 944 950 945
f 953 952 951
f 951 954 834
f 946 951 834
f 827 946 834
f 951 946 953
f 954 836 834
f 837 955 838
f 838 955 956
f 957 838 956
f 839 838 957
f 832 839 948
f 948 839 957
f 951 952 958
f 958 952 959
f 951 960 954
f 951 958 960
f 961 840 836
f 954 961 836
f 960 961 954
f 961 962 840
f 840 962 837
f 962 963 837
f 963 955 837
f 955 963 956
f 966 965 964
f 964 967 966
f 959 968 958
f 958 968 960
f 960 968 969
f 960 969 961
f 961 969 970
f 961 970 962
f 965 971 964
f 964 971 967
f 974 973 972
f 842 843 972
f 843 974 972
f 843 975 974
f 843 844 975
f 975 844 976
f 972 973 846
f 973 845 846
f 973 977 845
f 972 846 842
f 847 976 844
f 847 978 976
f 977 848 845
f 979 848 977
f 850 978 847
f 850 980 978
f 983 982 981
f 852 853 981
f 853 983 981
f 853 984 983
f 853 848 979
f 853 979 984
f 855 980 850
f 855 985 980
f 981 982 859
f 982 858 859
f 982 986 858
f 981 859 852
f 855 861 987
f 988 855 987
f 985 855 988
f 863 987 861
f 989 864 865
f 866 990 865
f 865 990 989
f 867 991 866
f 866 991 990
f 868 992 867
f 867 992 991
f 869 992 868
f 994 993 872
f 872 993 871
f 872 858 986
f 872 986 994
f 995 988 987
f 995 987 863
f 874 995 863
f 996 995 874
f 874 864 989
f 997 874 989
f 996 874 997
f 997 989 990
f 997 990 998
f 998 990 991
f 998 991 999
f 999 991 992
f 999 992 1000
f 1000 992 869
f 875 1000 869
f 1001 1000 875
f 875 876 1001
f 1001 876 1002
f 1004 1003 878
f 878 1003 877
f 878 871 993
f 878 993 1004
f 1005 1002 876
f 1005 876 879
f 879 880 1005
f 1005 880 1006
f 1003 882 877
f 1007 882 1003
f 883 1009 1008
f 1006 883 1008
f 880 883 1006
f 1009 1010 1008
f 1011 884 885
f 1012 1011 885
f 882 1012 885
f 1007 1012 882
f 890 1013 889
f 1014 891 889
f 1014 889 1013
f 1014 1015 891
f 891 1015 883
f 1015 1016 883
f 1016 1009 883
f 1009 1016 1010
f 1018 1017 1011
f 1017 884 1011
f 1017 893 884
f 1018 1011 1012
f 895 1019 894
f 894 1019 1020
f 1021 894 1020
f 896 894 1021
f 896 1022 897
f 1021 1022 896
f 899 897 1022
f 899 1022 1023
f 901 1024 902
f 1024 1025 902
f 902 1025 890
f 1025 1026 890
f 1026 1013 890
f 1013 1026 1014
f 1014 1026 1027
f 1014 1027 1015
f 1030 1029 1028
f 1017 1030 1028
f 904 1017 1028
f 893 1017 904
f 906 1031 905
f 1019 895 905
f 1031 1019 905
f 1032 1019 1031
f 1020 1019 1033
f 1033 1019 1032
f 1036 1035 1034
f 907 1038 1037
f 1038 907 1034
f 899 1034 907
f 1034 899 1036
f 1023 1036 899
f 907 1039 908
f 1037 1039 907
f 901 908 1024
f 908 1040 1024
f 908 1039 1040
f 1024 1040 1025
f 1043 1042 1041
f 1043 1041 1029
f 1041 1028 1029
f 1041 1044 1028
f 1044 910 904
f 1044 904 1028
f 911 1045 1031
f 911 1031 906
f 1045 913 914
f 1032 1045 914
f 1031 1045 1032
f 1047 1046 915
f 915 1046 914
f 1046 1033 914
f 1033 1032 914
f 1046 1047 1035
f 1047 1034 1035
f 1047 1048 1034
f 1038 1034 1049
f 1049 1034 1048
f 1041 1042 1050
f 1050 1042 1051
f 1050 917 918
f 1044 1050 918
f 1041 1050 1044
f 910 1044 918
f 1054 1053 1052
f 1056 1055 1053
f 1056 1053 1054
f 1057 1055 1056
f 920 1045 911
f 1045 920 913
f 923 1058 1047
f 923 1047 915
f 1047 1059 1048
f 1047 1058 1059
f 1049 1048 1060
f 1060 1048 1059
f 1050 1051 1061
f 1061 1051 1062
f 1063 924 917
f 1050 1063 917
f 1061 1063 1050
f 1064 1052 1053
f 924 1064 1053
f 925 924 1053
f 1064 924 1063
f 925 1053 927
f 1053 1065 927
f 1053 1055 1065
f 1055 1057 1066
f 1055 1066 1065
f 930 1067 1058
f 930 1058 923
f 1067 932 933
f 1059 1067 933
f 1058 1067 1059
f 1068 1060 1059
f 933 1068 1059
f 934 1068 933
f 934 936 1068
f 1068 936 1069
f 1062 1070 1061
f 1061 1070 1063
f 1063 1070 1071
f 1063 1071 1064
f 1065 937 927
f 938 937 1065
f 1072 938 1065
f 1066 1072 1065
f 1073 938 1072
f 1073 940 938
f 941 1074 1067
f 941 1067 930
f 1074 943 932
f 1074 932 1067
f 945 1076 1075
f 1069 945 1075
f 936 945 1069
f 1076 1077 1075
f 1073 1072 1078
f 1078 1072 1079
f 1078 946 940
f 1078 940 1073
f 948 1080 947
f 1074 941 947
f 1080 1074 947
f 1081 1074 1080
f 1082 949 943
f 1074 1082 943
f 1081 1082 1074
f 1083 950 949
f 1083 949 1082
f 1083 1084 950
f 950 1084 945
f 1084 1085 945
f 1085 1076 945
f 1076 1085 1077
f 1078 1079 953
f 1079 952 953
f 1079 1086 952
f 1078 953 946
f 956 1087 957
f 1080 948 957
f 1087 1080 957
f 1088 1080 1087
f 1090 1081 1089
f 1081 1088 1089
f 1081 1080 1088
f 1081 1090 1082
f 1082 1090 1091
f 1082 1091 1083
f 1083 1091 1092
f 1083 1092 1084
f 1095 1094 1093
f 1097 1096 1093
f 1093 1096 1095
f 1086 1096 1097
f 959 1086 1097
f 952 1086 959
f 962 1098 963
f 1098 1099 963
f 963 1099 956
f 1099 1100 956
f 1100 1087 956
f 1102 1101 1100
f 1101 1087 1100
f 1101 1088 1087
f 1089 1088 1103
f 1088 1104 1103
f 1088 1101 1104
f 1104 1105 1103
f 1108 1107 1106
f 965 966 1106
f 966 1108 1106
f 966 1109 1108
f 1110 1093 967
f 1093 1109 967
f 1109 966 967
f 1093 1094 1109
f 1112 1097 1111
f 1097 1110 1111
f 1097 1093 1110
f 1097 1112 959
f 1112 968 959
f 1112 1113 968
f 1113 1115 1114
f 969 1113 1114
f 968 1113 969
f 1116 970 969
f 1116 969 1114
f 1116 1117 970
f 970 1117 962
f 1117 1118 962
f 1118 1098 962
f 1098 1118 1099
f 1102 1119 1101
f 1101 1119 1104
f 1104 1119 1120
f 1104 1120 1105
f 1106 1107 1121
f 1121 1107 1122
f 1123 971 965
f 1106 1123 965
f 1121 1123 1106
f 1123 1124 971
f 971 1124 967
f 1124 1125 967
f 1125 1110 967
f 1110 1125 1111
f 1115 1126 1114
f 1114 1126 1116
f 1116 1126 1127
f 1116 1127 1117
f 1122 1128 1121
f 1121 1128 1123
f 1123 1128 1129
f 1123 1129 1124
f 1132 1131 1130
f 973 974 1130
f 974 1132 1130
f 974 1133 1132
f 1134 974 975
f 1134 1133 974
f 975 976 1134
f 1134 976 1135
f 1131 1136 1130
f 973 1130 1136
f 1137 973 1136
f 977 973 1137
f 1140 1139 1138
f 1139 1135 1138
f 1135 978 1138
f 1135 976 978
f 1143 1142 1141
f 1137 1143 1141
f 979 1137 1141
f 977 1137 979
f 1140 1138 1144
f 1140 1144 1145
f 980 1144 978
f 978 1144 1138
f 1147 1146 983
f 983 1146 982
f 984 1141 1142
f 1147 984 1142
f 983 984 1147
f 1141 984 979
f 1145 1144 1148
f 1145 1148 1149
f 985 1148 980
f 980 1148 1144
f 1152 1151 1150
f 1146 1152 1150
f 986 1146 1150
f 982 1146 986
f 1153 1149 1148
f 1148 985 1153
f 985 1154 1153
f 985 988 1154
f 1157 1156 1155
f 1157 1155 1151
f 1151 1155 1150
f 1155 993 1150
f 993 994 1150
f 1150 994 986
f 988 995 1158
f 1159 988 1158
f 1154 988 1159
f 996 1160 995
f 995 1160 1158
f 997 1161 996
f 996 1161 1160
f 998 1162 997
f 997 1162 1161
f 999 1163 998
f 998 1163 1162
f 1000 1164 999
f 999 1164 1163
f 1001 1165 1000
f 1000 1165 1164
f 1002 1165 1001
f 1155 1156 1004
f 1156 1003 1004
f 1156 1166 1003
f 1155 1004 993
f 1167 1159 1158
f 1167 1158 1160
f 1167 1160 1168
f 1168 1160 1161
f 1168 1161 1169
f 1169 1161 1162
f 1169 1162 1170
f 1170 1162 1163
f 1170 1163 1171
f 1171 1163 1164
f 1171 1164 1172
f 1172 1164 1165
f 1172 1165 1173
f 1173 1165 1002
f 1005 1173 1002
f 1174 1173 1005
f 1005 1006 1174
f 1174 1006 1175
f 1166 1007 1003
f 1176 1007 1166
f 1177 1175 1006
f 1177 1006 1008
f 1008 1010 1177
f 1177 1010 1178
f 1176 1012 1007
f 1179 1012 1176
f 1181 1180 1016
f 1181 1016 1015
f 1010 1016 1178
f 1178 1016 1180
f 1183 1182 1018
f 1018 1182 1017
f 1018 1012 1179
f 1018 1179 1183
f 1020 1184 1021
f 1185 1022 1021
f 1185 1021 1184
f 1185 1023 1022
f 1025 1186 1026
f 1187 1027 1026
f 1187 1026 1186
f 1181 1015 1188
f 1015 1187 1188
f 1187 1189 1188
f 1015 1027 1187
f 1189 1190 1188
f 1193 1192 1191
f 1029 1030 1191
f 1030 1193 1191
f 1030 1194 1193
f 1030 1017 1182
f 1030 1182 1194
f 1033 1195 1184
f 1033 1184 1020
f 1195 1035 1036
f 1185 1195 1036
f 1184 1195 1185
f 1023 1185 1036
f 1037 1038 1196
f 1197 1039 1037
f 1197 1037 1196
f 1039 1197 1198
f 1199 1039 1198
f 1040 1039 1199
f 1025 1040 1186
f 1040 1200 1186
f 1040 1199 1200
f 1186 1200 1187
f 1187 1200 1201
f 1187 1201 1189
f 1189 1201 1202
f 1189 1202 1190
f 1205 1204 1203
f 1207 1206 1203
f 1203 1206 1205
f 1209 1208 1207
f 1207 1208 1206
f 1208 1209 1192
f 1192 1209 1191
f 1209 1042 1191
f 1042 1043 1191
f 1191 1043 1029
f 1212 1211 1210
f 1214 1213 1210
f 1214 1210 1211
f 1215 1213 1214
f 1046 1195 1033
f 1195 1046 1035
f 1217 1216 1196
f 1038 1217 1196
f 1049 1217 1038
f 1196 1216 1197
f 1197 1216 1218
f 1197 1218 1198
f 1203 1204 1219
f 1219 1204 1220
f 1203 1221 1207
f 1203 1219 1221
f 1207 1222 1209
f 1207 1221 1222
f 1222 1051 1042
f 1222 1042 1209
f 1225 1224 1223
f 1223 1224 1212
f 1223 1212 1210
f 1052 1223 1210
f 1054 1052 1210
f 1054 1210 1056
f 1056 1210 1213
f 1057 1056 1213
f 1215 1057 1213
f 1226 1057 1215
f 1060 1228 1227
f 1217 1060 1227
f 1049 1060 1217
f 1228 1229 1227
f 1219 1220 1230
f 1230 1220 1231
f 1219 1232 1221
f 1219 1230 1232
f 1221 1233 1222
f 1221 1232 1233
f 1233 1062 1051
f 1233 1051 1222
f 1225 1223 1234
f 1225 1234 1235
f 1064 1234 1052
f 1052 1234 1223
f 1226 1066 1057
f 1236 1066 1226
f 1068 1228 1060
f 1238 1237 1069
f 1069 1237 1068
f 1237 1229 1068
f 1229 1228 1068
f 1238 1239 1237
f 1231 1240 1230
f 1230 1240 1232
f 1232 1240 1241
f 1232 1241 1233
f 1233 1241 1242
f 1242 1244 1243
f 1242 1243 1070
f 1233 1242 1070
f 1062 1233 1070
f 1245 1235 1234
f 1070 1245 1234
f 1071 1070 1234
f 1245 1070 1243
f 1071 1234 1064
f 1248 1247 1246
f 1236 1248 1246
f 1072 1236 1246
f 1066 1236 1072
f 1075 1238 1069
f 1075 1077 1238
f 1077 1239 1238
f 1077 1249 1239
f 1244 1250 1243
f 1243 1250 1245
f 1253 1252 1251
f 1253 1251 1247
f 1251 1246 1247
f 1251 1254 1246
f 1254 1079 1072
f 1254 1072 1246
f 1084 1255 1085
f 1255 1256 1085
f 1256 1077 1085
f 1256 1249 1077
f 1251 1252 1257
f 1257 1252 1258
f 1251 1259 1254
f 1251 1257 1259
f 1259 1086 1079
f 1259 1079 1254
f 1089 1260 1090
f 1090 1260 1261
f 1262 1090 1261
f 1091 1090 1262
f 1091 1263 1092
f 1262 1263 1091
f 1084 1092 1255
f 1092 1264 1255
f 1092 1263 1264
f 1255 1264 1256
f 1267 1266 1265
f 1267 1265 1258
f 1258 1265 1257
f 1265 1094 1257
f 1094 1095 1257
f 1257 1095 1096
f 1257 1096 1259
f 1259 1096 1086
f 1099 1268 1100
f 1268 1102 1100
f 1103 1260 1089
f 1103 1105 1260
f 1105 1261 1260
f 1105 1269 1261
f 1270 1107 1108
f 1266 1271 1265
f 1271 1108 1265
f 1108 1109 1265
f 1108 1271 1270
f 1265 1109 1094
f 1111 1272 1112
f 1273 1113 1112
f 1273 1112 1272
f 1273 1115 1113
f 1117 1274 1118
f 1268 1099 1118
f 1274 1268 1118
f 1275 1268 1274
f 1268 1275 1102
f 1275 1276 1102
f 1276 1119 1102
f 1275 1277 1276
f 1119 1278 1120
f 1276 1278 1119
f 1105 1120 1269
f 1269 1120 1278
f 1279 1122 1270
f 1270 1122 1107
f 1270 1271 1280
f 1270 1280 1279
f 1124 1281 1125
f 1281 1282 1125
f 1125 1282 1111
f 1282 1283 1111
f 1283 1272 1111
f 1272 1283 1273
f 1273 1283 1284
f 1284 1286 1285
f 1284 1285 1126
f 1273 1284 1126
f 1115 1273 1126
f 1287 1127 1126
f 1287 1126 1285
f 1287 1288 1127
f 1127 1288 1117
f 1288 1289 1117
f 1289 1274 1117
f 1274 1289 1275
f 1275 1289 1290
f 1275 1290 1277
f 1279 1128 1122
f 1280 1291 1279
f 1291 1128 1279
f 1291 1129 1128
f 1124 1129 1281
f 1129 1292 1281
f 1129 1291 1292
f 1281 1292 1282
f 1286 1293 1285
f 1285 1293 1287
f 1287 1293 1294
f 1287 1294 1288
f 1297 1296 1295
f 1295 1298 1297
f 1295 1296 1299
f 1299 1296 1300
f 1298 1295 1301
f 1301 1295 1299
f 1300 1302 1299
f 1299 1302 1301
f 1303 1131 1132
f 1133 1304 1132
f 1132 1304 1303
f 1134 1305 1133
f 1133 1305 1304
f 1135 1305 1134
f 1303 1136 1131
f 1136 1303 1137
f 1303 1306 1137
f 1303 1304 1306
f 1140 1306 1139
f 1306 1305 1139
f 1306 1304 1305
f 1139 1305 1135
f 1307 1142 1143
f 1137 1306 1143
f 1306 1307 1143
f 1306 1308 1307
f 1145 1308 1140
f 1140 1308 1306
f 1310 1309 1147
f 1147 1309 1146
f 1147 1142 1307
f 1311 1147 1307
f 1310 1147 1311
f 1313 1312 1311
f 1307 1313 1311
f 1308 1313 1307
f 1149 1313 1145
f 1145 1313 1308
f 1314 1151 1152
f 1315 1314 1152
f 1146 1315 1152
f 1309 1315 1146
f 1316 1312 1313
f 1318 1316 1317
f 1317 1316 1153
f 1316 1313 1153
f 1313 1149 1153
f 1154 1317 1153
f 1319 1156 1157
f 1320 1319 1157
f 1320 1157 1151
f 1321 1320 1151
f 1314 1321 1151
f 1321 1314 1315
f 1322 1318 1317
f 1317 1154 1322
f 1154 1323 1322
f 1154 1159 1323
f 1325 1324 1319
f 1324 1156 1319
f 1324 1166 1156
f 1325 1319 1320
f 1328 1327 1326
f 1329 1326 1167
f 1326 1323 1167
f 1323 1159 1167
f 1323 1326 1327
f 1168 1330 1167
f 1167 1330 1329
f 1169 1331 1168
f 1168 1331 1330
f 1170 1332 1169
f 1169 1332 1331
f 1171 1333 1170
f 1170 1333 1332
f 1172 1334 1171
f 1171 1334 1333
f 1334 1172 1335
f 1172 1336 1335
f 1172 1173 1336
f 1337 1173 1174
f 1337 1336 1173
f 1339 1338 1175
f 1338 1174 1175
f 1338 1337 1174
f 1339 1340 1338
f 1324 1176 1166
f 1341 1176 1324
f 1342 1328 1326
f 1344 1343 1342
f 1326 1344 1342
f 1329 1344 1326
f 1345 1329 1330
f 1344 1329 1345
f 1331 1347 1346
f 1345 1331 1346
f 1330 1331 1345
f 1349 1348 1347
f 1331 1349 1347
f 1332 1349 1331
f 1333 1351 1350
f 1349 1333 1350
f 1332 1333 1349
f 1351 1333 1334
f 1351 1334 1352
f 1352 1334 1335
f 1177 1339 1175
f 1354 1353 1178
f 1178 1353 1177
f 1353 1340 1177
f 1340 1339 1177
f 1354 1355 1353
f 1341 1179 1176
f 1356 1179 1341
f 1357 1343 1344
f 1357 1344 1345
f 1357 1345 1358
f 1358 1345 1346
f 1359 1348 1349
f 1359 1349 1350
f 1181 1360 1180
f 1354 1178 1180
f 1360 1354 1180
f 1361 1354 1360
f 1355 1354 1362
f 1362 1354 1361
f 1363 1182 1183
f 1179 1356 1364
f 1363 1179 1364
f 1365 1363 1364
f 1183 1179 1363
f 1366 1365 1364
f 1369 1368 1367
f 1181 1188 1360
f 1368 1370 1367
f 1371 1367 1370
f 1372 1371 1370
f 1371 1372 1190
f 1361 1190 1372
f 1190 1361 1188
f 1360 1188 1361
f 1361 1372 1362
f 1375 1374 1373
f 1373 1376 1375
f 1378 1377 1193
f 1193 1377 1192
f 1380 1378 1379
f 1378 1194 1379
f 1378 1193 1194
f 1182 1363 1194
f 1363 1379 1194
f 1363 1381 1379
f 1382 1363 1365
f 1381 1363 1382
f 1365 1366 1383
f 1365 1383 1382
f 1198 1384 1199
f 1385 1200 1199
f 1385 1199 1384
f 1386 1369 1367
f 1200 1386 1367
f 1201 1200 1367
f 1386 1200 1385
f 1201 1367 1202
f 1202 1367 1371
f 1202 1371 1190
f 1388 1387 1205
f 1205 1387 1204
f 1206 1373 1374
f 1388 1206 1374
f 1205 1206 1388
f 1389 1376 1373
f 1206 1389 1373
f 1208 1389 1206
f 1208 1192 1377
f 1208 1377 1389
f 1390 1380 1379
f 1212 1391 1211
f 1391 1379 1211
f 1379 1381 1211
f 1391 1390 1379
f 1211 1381 1214
f 1214 1381 1382
f 1215 1214 1382
f 1383 1215 1382
f 1392 1215 1383
f 1217 1393 1216
f 1216 1393 1394
f 1395 1216 1394
f 1218 1216 1395
f 1198 1218 1384
f 1218 1396 1384
f 1218 1395 1396
f 1384 1396 1385
f 1385 1396 1397
f 1385 1397 1386
f 1387 1220 1204
f 1398 1220 1387
f 1225 1399 1224
f 1399 1400 1224
f 1400 1212 1224
f 1400 1391 1212
f 1392 1226 1215
f 1401 1226 1392
f 1227 1393 1217
f 1403 1402 1229
f 1229 1402 1227
f 1402 1394 1227
f 1394 1393 1227
f 1403 1404 1402
f 1398 1231 1220
f 1405 1231 1398
f 1407 1406 1399
f 1225 1407 1399
f 1235 1407 1225
f 1399 1406 1400
f 1401 1236 1226
f 1408 1236 1401
f 1237 1403 1229
f 1237 1239 1403
f 1239 1404 1403
f 1239 1409 1404
f 1240 1231 1410
f 1231 1411 1410
f 1231 1405 1411
f 1412 1241 1240
f 1412 1240 1410
f 1413 1242 1241
f 1413 1241 1412
f 1413 1244 1242
f 1245 1407 1235
f 1245 1414 1407
f 1416 1415 1248
f 1248 1415 1247
f 1248 1236 1408
f 1248 1408 1416
f 1249 1409 1239
f 1249 1417 1409
f 1411 1418 1410
f 1410 1418 1412
f 1412 1418 1419
f 1421 1420 1419
f 1420 1412 1419
f 1420 1413 1412
f 1422 1250 1244
f 1413 1422 1244
f 1420 1422 1413
f 1414 1245 1423
f 1245 1422 1423
f 1422 1424 1423
f 1245 1250 1422
f 1252 1253 1424
f 1253 1423 1424
f 1253 1425 1423
f 1253 1247 1415
f 1253 1415 1425
f 1428 1427 1426
f 1427 1417 1426
f 1417 1256 1426
f 1417 1249 1256
f 1421 1429 1420
f 1420 1429 1422
f 1422 1429 1430
f 1432 1431 1430
f 1431 1422 1430
f 1431 1424 1422
f 1431 1258 1252
f 1431 1252 1424
f 1434 1433 1262
f 1434 1262 1261
f 1262 1435 1263
f 1433 1435 1262
f 1426 1264 1428
f 1264 1435 1428
f 1264 1263 1435
f 1264 1426 1256
f 1431 1432 1267
f 1432 1266 1267
f 1432 1436 1266
f 1431 1267 1258
f 1439 1438 1437
f 1438 1434 1437
f 1434 1269 1437
f 1434 1261 1269
f 1436 1271 1266
f 1440 1271 1436
f 1442 1441 1276
f 1442 1276 1277
f 1437 1278 1439
f 1278 1441 1439
f 1278 1276 1441
f 1278 1437 1269
f 1444 1280 1443
f 1280 1440 1443
f 1280 1271 1440
f 1445 1444 1443
f 1282 1446 1283
f 1447 1284 1283
f 1447 1283 1446
f 1447 1286 1284
f 1288 1448 1289
f 1289 1448 1449
f 1450 1289 1449
f 1290 1289 1450
f 1277 1290 1442
f 1442 1290 1450
f 1444 1291 1280
f 1445 1451 1444
f 1451 1291 1444
f 1451 1292 1291
f 1282 1292 1446
f 1292 1452 1446
f 1292 1451 1452
f 1446 1452 1447
f 1447 1452 1453
f 1447 1453 1286
f 1453 1293 1286
f 1453 1454 1293
f 1293 1455 1294
f 1454 1455 1293
f 1288 1294 1448
f 1294 1456 1448
f 1294 1455 1456
f 1448 1456 1449
f 1459 1458 1457
f 1461 1460 1457
f 1457 1460 1459
f 1461 1462 1460
f 1457 1458 1463
f 1463 1458 1464
f 1457 1465 1461
f 1457 1463 1465
f 1462 1461 1466
f 1461 1467 1466
f 1461 1465 1467
f 1469 1468 1467
f 1467 1468 1466
f 1469 1470 1468
f 1463 1464 1471
f 1471 1464 1472
f 1471 1296 1297
f 1465 1471 1297
f 1463 1471 1465
f 1465 1297 1298
f 1473 1465 1298
f 1467 1465 1473
f 1467 1474 1469
f 1467 1473 1474
f 1470 1469 1475
f 1475 1469 1474
f 1471 1472 1476
f 1476 1472 1477
f 1476 1300 1296
f 1476 1296 1471
f 1301 1478 1473
f 1301 1473 1298
f 1480 1474 1479
f 1474 1478 1479
f 1474 1473 1478
f 1474 1480 1475
f 1483 1482 1481
f 1481 1484 1483
f 1477 1485 1476
f 1485 1487 1486
f 1485 1486 1302
f 1476 1485 1302
f 1300 1476 1302
f 1478 1301 1302
f 1486 1478 1302
f 1488 1478 1486
f 1479 1478 1489
f 1478 1490 1489
f 1478 1488 1490
f 1490 1491 1489
f 1482 1492 1481
f 1481 1492 1484
f 1487 1493 1486
f 1486 1493 1488
f 1488 1493 1494
f 1488 1494 1490
f 1490 1494 1495
f 1490 1495 1491
f 1496 1309 1310
f 1311 1497 1310
f 1310 1497 1496
f 1312 1497 1311
f 1498 1315 1496
f 1496 1315 1309
f 1497 1500 1499
f 1498 1497 1499
f 1496 1497 1498
f 1502 1500 1501
f 1501 1500 1316
f 1500 1497 1316
f 1497 1312 1316
f 1318 1501 1316
f 1503 1320 1321
f 1315 1498 1321
f 1498 1503 1321
f 1498 1504 1503
f 1498 1499 1505
f 1498 1505 1504
f 1506 1502 1501
f 1508 1506 1507
f 1507 1506 1322
f 1506 1501 1322
f 1501 1318 1322
f 1323 1507 1322
f 1509 1324 1325
f 1320 1503 1325
f 1503 1509 1325
f 1503 1510 1509
f 1511 1503 1504
f 1510 1503 1511
f 1504 1505 1512
f 1513 1504 1512
f 1511 1504 1513
f 1515 1514 1513
f 1515 1513 1512
f 1514 1515 1508
f 1514 1508 1507
f 1328 1514 1507
f 1327 1328 1507
f 1327 1507 1323
f 1517 1516 1336
f 1336 1516 1335
f 1518 1336 1337
f 1518 1517 1336
f 1520 1518 1519
f 1518 1338 1519
f 1518 1337 1338
f 1340 1519 1338
f 1521 1341 1509
f 1509 1341 1324
f 1522 1509 1510
f 1521 1509 1522
f 1523 1510 1511
f 1522 1510 1523
f 1524 1511 1513
f 1523 1511 1524
f 1525 1513 1514
f 1524 1513 1525
f 1342 1526 1328
f 1526 1514 1328
f 1526 1525 1514
f 1343 1526 1342
f 1527 1346 1347
f 1348 1527 1347
f 1528 1350 1351
f 1528 1351 1529
f 1351 1530 1529
f 1351 1352 1530
f 1352 1335 1516
f 1352 1516 1530
f 1520 1519 1531
f 1520 1531 1532
f 1353 1533 1340
f 1533 1519 1340
f 1533 1531 1519
f 1355 1533 1353
f 1534 1356 1521
f 1521 1356 1341
f 1535 1521 1522
f 1534 1521 1535
f 1536 1522 1523
f 1535 1522 1536
f 1537 1523 1524
f 1536 1523 1537
f 1525 1539 1538
f 1537 1525 1538
f 1524 1525 1537
f 1539 1525 1526
f 1539 1526 1540
f 1540 1526 1343
f 1357 1540 1343
f 1541 1540 1357
f 1542 1357 1358
f 1542 1541 1357
f 1358 1346 1527
f 1543 1358 1527
f 1542 1358 1543
f 1545 1543 1544
f 1544 1543 1359
f 1543 1527 1359
f 1527 1348 1359
f 1546 1544 1359
f 1546 1359 1350
f 1547 1546 1350
f 1528 1547 1350
f 1547 1528 1529
f 1550 1549 1548
f 1551 1548 1549
f 1552 1532 1531
f 1554 1553 1552
f 1531 1554 1552
f 1533 1554 1531
f 1362 1554 1355
f 1355 1554 1533
f 1534 1364 1356
f 1364 1534 1366
f 1534 1555 1366
f 1534 1535 1555
f 1556 1535 1536
f 1555 1535 1556
f 1537 1558 1557
f 1556 1537 1557
f 1536 1537 1556
f 1558 1537 1538
f 1559 1545 1544
f 1559 1544 1546
f 1550 1548 1560
f 1550 1560 1561
f 1562 1368 1369
f 1548 1562 1369
f 1560 1548 1369
f 1562 1548 1551
f 1368 1563 1370
f 1562 1563 1368
f 1554 1372 1553
f 1372 1563 1553
f 1372 1370 1563
f 1372 1554 1362
f 1565 1564 1375
f 1375 1564 1374
f 1567 1566 1376
f 1566 1375 1376
f 1566 1565 1375
f 1567 1377 1566
f 1377 1378 1566
f 1569 1568 1566
f 1569 1566 1378
f 1380 1569 1378
f 1570 1383 1555
f 1555 1383 1366
f 1556 1572 1571
f 1570 1556 1571
f 1555 1556 1570
f 1572 1556 1557
f 1561 1560 1573
f 1561 1573 1574
f 1386 1573 1369
f 1369 1573 1560
f 1576 1575 1388
f 1388 1575 1387
f 1388 1374 1564
f 1388 1564 1576
f 1389 1567 1376
f 1389 1377 1567
f 1578 1568 1577
f 1569 1577 1568
f 1390 1579 1380
f 1579 1569 1380
f 1579 1577 1569
f 1391 1579 1390
f 1580 1392 1570
f 1570 1392 1383
f 1570 1571 1581
f 1570 1581 1580
f 1584 1583 1582
f 1395 1394 1582
f 1583 1395 1582
f 1585 1395 1583
f 1395 1586 1396
f 1585 1586 1395
f 1573 1397 1574
f 1397 1586 1574
f 1397 1396 1586
f 1397 1573 1386
f 1588 1398 1587
f 1398 1575 1587
f 1398 1387 1575
f 1589 1588 1587
f 1578 1577 1590
f 1578 1590 1591
f 1592 1577 1579
f 1590 1577 1592
f 1400 1592 1391
f 1391 1592 1579
f 1594 1593 1580
f 1593 1392 1580
f 1593 1401 1392
f 1594 1580 1581
f 1595 1584 1582
f 1597 1595 1596
f 1596 1595 1402
f 1595 1582 1402
f 1582 1394 1402
f 1404 1596 1402
f 1599 1598 1588
f 1598 1398 1588
f 1598 1405 1398
f 1599 1588 1589
f 1602 1601 1600
f 1600 1601 1591
f 1590 1600 1591
f 1603 1600 1590
f 1407 1603 1406
f 1603 1592 1406
f 1603 1590 1592
f 1406 1592 1400
f 1593 1408 1401
f 1604 1408 1593
f 1597 1596 1605
f 1597 1605 1606
f 1409 1605 1404
f 1404 1605 1596
f 1608 1411 1607
f 1411 1598 1607
f 1411 1405 1598
f 1609 1608 1607
f 1610 1602 1600
f 1610 1600 1603
f 1610 1603 1611
f 1603 1407 1611
f 1407 1612 1611
f 1407 1414 1612
f 1614 1613 1416
f 1416 1613 1415
f 1416 1408 1604
f 1416 1604 1614
f 1617 1616 1615
f 1619 1618 1615
f 1619 1615 1616
f 1620 1618 1619
f 1606 1605 1621
f 1606 1621 1622
f 1417 1621 1409
f 1409 1621 1605
f 1608 1418 1411
f 1609 1623 1608
f 1623 1418 1608
f 1623 1419 1418
f 1421 1419 1623
f 1421 1623 1624
f 1625 1612 1414
f 1625 1414 1423
f 1626 1423 1425
f 1626 1625 1423
f 1425 1415 1613
f 1425 1613 1626
f 1617 1615 1627
f 1617 1627 1628
f 1629 1615 1618
f 1627 1615 1629
f 1618 1620 1630
f 1631 1618 1630
f 1629 1618 1631
f 1631 1630 1622
f 1631 1622 1621
f 1428 1631 1621
f 1427 1428 1621
f 1427 1621 1417
f 1624 1632 1421
f 1421 1632 1429
f 1632 1634 1633
f 1430 1632 1633
f 1429 1632 1430
f 1633 1432 1430
f 1628 1627 1635
f 1628 1635 1636
f 1434 1635 1433
f 1635 1629 1433
f 1635 1627 1629
f 1433 1629 1435
f 1435 1629 1631
f 1435 1631 1428
f 1634 1637 1633
f 1432 1633 1637
f 1638 1432 1637
f 1436 1432 1638
f 1641 1640 1639
f 1639 1640 1636
f 1639 1636 1635
f 1439 1639 1635
f 1438 1439 1635
f 1438 1635 1434
f 1643 1440 1642
f 1440 1638 1642
f 1440 1436 1638
f 1644 1643 1642
f 1647 1646 1645
f 1645 1646 1641
f 1645 1641 1639
f 1442 1645 1639
f 1441 1442 1639
f 1441 1639 1439
f 1643 1443 1440
f 1649 1648 1445
f 1649 1445 1443
f 1644 1649 1443
f 1643 1644 1443
f 1651 1650 1648
f 1651 1648 1649
f 1653 1652 1650
f 1653 1650 1651
f 1655 1654 1652
f 1655 1652 1653
f 1656 1654 1655
f 1647 1645 1450
f 1449 1647 1450
f 1657 1647 1449
f 1450 1645 1442
f 1648 1451 1445
f 1451 1648 1452
f 1452 1648 1650
f 1452 1650 1453
f 1453 1650 1652
f 1453 1652 1454
f 1454 1652 1654
f 1656 1658 1654
f 1658 1454 1654
f 1658 1455 1454
f 1455 1659 1456
f 1658 1659 1455
f 1449 1456 1657
f 1657 1456 1659
f 1662 1661 1660
f 1660 1663 1662
f 1665 1664 1459
f 1459 1664 1458
f 1666 1459 1460
f 1666 1665 1459
f 1667 1660 1462
f 1660 1666 1462
f 1666 1460 1462
f 1660 1661 1666
f 1663 1660 1668
f 1660 1669 1668
f 1660 1667 1669
f 1669 1670 1668
f 1664 1464 1458
f 1671 1464 1664
f 1466 1667 1462
f 1667 1466 1468
f 1667 1468 1669
f 1468 1470 1669
f 1470 1670 1669
f 1470 1672 1670
f 1671 1472 1464
f 1673 1472 1671
f 1475 1675 1674
f 1672 1475 1674
f 1470 1475 1672
f 1677 1676 1675
f 1675 1676 1674
f 1679 1678 1677
f 1677 1678 1676
f 1679 1680 1678
f 1673 1477 1472
f 1681 1477 1673
f 1479 1682 1480
f 1675 1475 1480
f 1682 1675 1480
f 1683 1675 1682
f 1683 1482 1483
f 1677 1683 1483
f 1675 1683 1677
f 1679 1677 1684
f 1677 1484 1684
f 1484 1685 1684
f 1484 1677 1483
f 1679 1684 1680
f 1681 1686 1477
f 1477 1686 1485
f 1688 1687 1487
f 1485 1688 1487
f 1686 1688 1485
f 1689 1687 1688
f 1489 1682 1479
f 1683 1682 1690
f 1682 1491 1690
f 1491 1691 1690
f 1491 1682 1489
f 1683 1690 1482
f 1690 1492 1482
f 1690 1692 1492
f 1484 1492 1685
f 1685 1492 1692
f 1687 1493 1487
f 1689 1693 1687
f 1693 1493 1687
f 1693 1494 1493
f 1494 1694 1495
f 1693 1694 1494
f 1491 1495 1691
f 1691 1495 1694
f 1695 1499 1500
f 1502 1695 1500
f 1696 1505 1695
f 1695 1505 1499
f 1506 1697 1502
f 1697 1695 1502
f 1697 1696 1695
f 1508 1697 1506
f 1696 1512 1505
f 1512 1696 1515
f 1515 1696 1697
f 1515 1697 1508
f 1698 1516 1517
f 1518 1699 1517
f 1517 1699 1698
f 1520 1699 1518
f 1700 1529 1530
f 1516 1698 1530
f 1698 1700 1530
f 1698 1701 1700
f 1702 1698 1699
f 1701 1698 1702
f 1532 1702 1520
f 1520 1702 1699
f 1703 1538 1539
f 1540 1704 1539
f 1539 1704 1703
f 1541 1705 1540
f 1540 1705 1704
f 1542 1706 1541
f 1541 1706 1705
f 1706 1542 1707
f 1542 1708 1707
f 1542 1543 1708
f 1543 1545 1708
f 1708 1545 1709
f 1710 1546 1547
f 1529 1700 1547
f 1700 1710 1547
f 1700 1711 1710
f 1550 1711 1549
f 1711 1701 1549
f 1711 1700 1701
f 1549 1701 1551
f 1701 1712 1551
f 1701 1702 1712
f 1552 1713 1532
f 1713 1702 1532
f 1713 1712 1702
f 1553 1713 1552
f 1714 1557 1558
f 1715 1714 1558
f 1715 1558 1538
f 1716 1715 1538
f 1703 1716 1538
f 1716 1703 1704
f 1716 1704 1717
f 1717 1704 1705
f 1717 1705 1718
f 1718 1705 1706
f 1718 1706 1719
f 1719 1706 1707
f 1720 1709 1545
f 1720 1545 1559
f 1559 1546 1710
f 1721 1559 1710
f 1720 1559 1721
f 1723 1722 1721
f 1710 1723 1721
f 1711 1723 1710
f 1561 1723 1550
f 1550 1723 1711
f 1712 1562 1551
f 1562 1712 1563
f 1563 1712 1713
f 1563 1713 1553
f 1724 1564 1565
f 1566 1725 1565
f 1565 1725 1724
f 1568 1725 1566
f 1726 1571 1572
f 1727 1726 1572
f 1727 1572 1557
f 1728 1727 1557
f 1714 1728 1557
f 1728 1714 1715
f 1722 1723 1729
f 1722 1729 1730
f 1574 1729 1561
f 1561 1729 1723
f 1731 1575 1576
f 1564 1724 1576
f 1724 1731 1576
f 1724 1732 1731
f 1733 1724 1725
f 1732 1724 1733
f 1578 1733 1568
f 1568 1733 1725
f 1735 1734 1726
f 1734 1571 1726
f 1734 1581 1571
f 1735 1726 1727
f 1737 1736 1583
f 1737 1583 1584
f 1583 1738 1585
f 1736 1738 1583
f 1729 1586 1730
f 1586 1738 1730
f 1586 1585 1738
f 1586 1729 1574
f 1731 1587 1575
f 1587 1731 1589
f 1731 1739 1589
f 1731 1732 1739
f 1740 1732 1733
f 1739 1732 1740
f 1591 1740 1578
f 1578 1740 1733
f 1741 1593 1594
f 1742 1741 1594
f 1581 1742 1594
f 1734 1742 1581
f 1584 1595 1743
f 1744 1584 1743
f 1737 1584 1744
f 1597 1743 1595
f 1745 1598 1599
f 1589 1739 1599
f 1739 1745 1599
f 1739 1746 1745
f 1602 1746 1601
f 1746 1740 1601
f 1746 1739 1740
f 1601 1740 1591
f 1748 1747 1741
f 1747 1593 1741
f 1747 1604 1593
f 1748 1741 1742
f 1751 1750 1749
f 1753 1752 1749
f 1753 1749 1750
f 1752 1753 1744
f 1743 1752 1744
f 1754 1752 1743
f 1606 1754 1597
f 1597 1754 1743
f 1745 1607 1598
f 1607 1745 1609
f 1745 1755 1609
f 1745 1746 1755
f 1610 1756 1602
f 1756 1746 1602
f 1756 1755 1746
f 1611 1757 1610
f 1610 1757 1756
f 1612 1757 1611
f 1760 1759 1758
f 1613 1614 1758
f 1614 1760 1758
f 1614 1761 1760
f 1614 1604 1747
f 1614 1747 1761
f 1751 1749 1616
f 1617 1751 1616
f 1762 1751 1617
f 1616 1749 1619
f 1619 1749 1752
f 1619 1752 1620
f 1752 1763 1620
f 1752 1754 1763
f 1622 1763 1606
f 1606 1763 1754
f 1755 1623 1609
f 1623 1755 1624
f 1755 1764 1624
f 1755 1756 1764
f 1765 1756 1757
f 1764 1756 1765
f 1765 1757 1612
f 1766 1765 1612
f 1625 1766 1612
f 1767 1765 1766
f 1626 1758 1759
f 1766 1626 1759
f 1625 1626 1766
f 1758 1626 1613
f 1770 1769 1768
f 1769 1762 1768
f 1762 1628 1768
f 1762 1617 1628
f 1763 1630 1620
f 1630 1763 1622
f 1764 1632 1624
f 1764 1765 1771
f 1634 1764 1771
f 1772 1634 1771
f 1764 1634 1632
f 1771 1765 1767
f 1770 1768 1773
f 1770 1773 1774
f 1636 1773 1628
f 1628 1773 1768
f 1772 1775 1634
f 1634 1775 1637
f 1638 1637 1775
f 1638 1775 1776
f 1774 1773 1640
f 1641 1774 1640
f 1777 1774 1641
f 1640 1773 1636
f 1776 1778 1638
f 1638 1778 1642
f 1780 1779 1644
f 1642 1780 1644
f 1778 1780 1642
f 1781 1779 1780
f 1783 1782 1646
f 1783 1646 1647
f 1641 1646 1777
f 1777 1646 1782
f 1779 1649 1644
f 1781 1784 1779
f 1784 1649 1779
f 1784 1651 1649
f 1651 1785 1653
f 1784 1785 1651
f 1653 1786 1655
f 1785 1786 1653
f 1656 1655 1786
f 1656 1786 1787
f 1790 1789 1788
f 1789 1783 1788
f 1783 1657 1788
f 1783 1647 1657
f 1787 1791 1656
f 1656 1791 1658
f 1788 1659 1790
f 1659 1791 1790
f 1659 1658 1791
f 1659 1788 1657
f 1793 1792 1662
f 1662 1792 1661
f 1662 1663 1793
f 1793 1663 1794
f 1795 1664 1665
f 1795 1665 1796
f 1665 1797 1796
f 1665 1666 1797
f 1666 1661 1792
f 1666 1792 1797
f 1798 1794 1663
f 1798 1663 1668
f 1800 1799 1670
f 1799 1668 1670
f 1799 1798 1668
f 1800 1801 1799
f 1803 1802 1795
f 1802 1664 1795
f 1802 1671 1664
f 1803 1795 1796
f 1672 1804 1800
f 1672 1800 1670
f 1801 1800 1805
f 1800 1806 1805
f 1800 1804 1806
f 1808 1807 1806
f 1806 1807 1805
f 1808 1809 1807
f 1812 1811 1810
f 1802 1812 1810
f 1673 1802 1810
f 1671 1802 1673
f 1674 1804 1672
f 1804 1674 1676
f 1804 1676 1806
f 1806 1676 1678
f 1806 1678 1808
f 1814 1813 1680
f 1680 1813 1678
f 1813 1809 1678
f 1809 1808 1678
f 1816 1815 1814
f 1814 1815 1813
f 1818 1817 1816
f 1816 1817 1815
f 1818 1819 1817
f 1811 1820 1810
f 1681 1673 1810
f 1821 1681 1810
f 1820 1821 1810
f 1681 1821 1822
f 1823 1822 1821
f 1826 1825 1824
f 1684 1685 1824
f 1825 1684 1824
f 1827 1684 1825
f 1680 1684 1814
f 1684 1828 1814
f 1684 1827 1828
f 1814 1828 1816
f 1816 1828 1829
f 1816 1829 1818
f 1818 1829 1830
f 1818 1830 1819
f 1822 1686 1681
f 1823 1831 1822
f 1831 1686 1822
f 1831 1688 1686
f 1833 1832 1689
f 1688 1833 1689
f 1831 1833 1688
f 1835 1834 1832
f 1835 1832 1833
f 1690 1691 1834
f 1835 1690 1834
f 1836 1690 1835
f 1824 1692 1826
f 1692 1836 1826
f 1692 1690 1836
f 1692 1824 1685
f 1832 1693 1689
f 1693 1832 1694
f 1694 1832 1834
f 1694 1834 1691
f 1837 1707 1708
f 1709 1837 1708
f 1838 1715 1716
f 1717 1839 1716
f 1716 1839 1838
f 1718 1840 1717
f 1717 1840 1839
f 1719 1841 1718
f 1718 1841 1840
f 1842 1841 1719
f 1842 1719 1707
f 1843 1842 1707
f 1837 1843 1707
f 1845 1843 1844
f 1844 1843 1720
f 1843 1837 1720
f 1837 1709 1720
f 1721 1846 1720
f 1720 1846 1844
f 1722 1846 1721
f 1848 1847 1728
f 1728 1847 1727
f 1728 1715 1838
f 1849 1728 1838
f 1848 1728 1849
f 1849 1838 1839
f 1849 1839 1850
f 1850 1839 1840
f 1850 1840 1851
f 1851 1840 1841
f 1851 1841 1852
f 1852 1841 1842
f 1845 1844 1853
f 1845 1853 1854
f 1855 1844 1846
f 1853 1844 1855
f 1730 1855 1722
f 1722 1855 1846
f 1857 1856 1735
f 1735 1856 1734
f 1735 1727 1847
f 1735 1847 1857
f 1854 1853 1736
f 1737 1854 1736
f 1858 1854 1737
f 1736 1853 1738
f 1738 1853 1855
f 1738 1855 1730
f 1860 1742 1859
f 1742 1856 1859
f 1742 1734 1856
f 1861 1860 1859
f 1744 1858 1737
f 1744 1862 1858
f 1864 1863 1748
f 1748 1863 1747
f 1748 1742 1860
f 1865 1748 1860
f 1864 1748 1865
f 1865 1860 1861
f 1751 1866 1750
f 1750 1866 1867
f 1868 1750 1867
f 1753 1750 1868
f 1744 1753 1862
f 1862 1753 1868
f 1870 1869 1760
f 1760 1869 1759
f 1871 1760 1761
f 1871 1870 1760
f 1761 1747 1863
f 1761 1863 1871
f 1874 1873 1872
f 1873 1875 1866
f 1762 1873 1866
f 1751 1762 1866
f 1872 1873 1762
f 1866 1875 1867
f 1877 1876 1766
f 1766 1876 1767
f 1766 1759 1869
f 1766 1869 1877
f 1874 1872 1769
f 1770 1874 1769
f 1878 1874 1770
f 1769 1872 1762
f 1880 1879 1771
f 1771 1879 1772
f 1771 1767 1876
f 1771 1876 1880
f 1883 1882 1881
f 1882 1878 1881
f 1878 1774 1881
f 1878 1770 1774
f 1879 1884 1772
f 1772 1884 1775
f 1886 1885 1776
f 1775 1886 1776
f 1884 1886 1775
f 1888 1887 1885
f 1888 1885 1886
f 1890 1889 1887
f 1890 1887 1888
f 1891 1889 1890
f 1883 1881 1892
f 1883 1892 1893
f 1777 1892 1774
f 1774 1892 1881
f 1885 1778 1776
f 1778 1885 1780
f 1780 1885 1887
f 1780 1887 1781
f 1887 1894 1781
f 1887 1889 1894
f 1889 1891 1895
f 1896 1889 1895
f 1894 1889 1896
f 1898 1897 1896
f 1898 1896 1895
f 1899 1897 1898
f 1893 1892 1782
f 1783 1893 1782
f 1900 1893 1783
f 1782 1892 1777
f 1894 1784 1781
f 1784 1894 1785
f 1785 1894 1896
f 1785 1896 1786
f 1786 1896 1897
f 1902 1901 1787
f 1902 1787 1786
f 1899 1902 1786
f 1897 1899 1786
f 1789 1790 1901
f 1902 1789 1901
f 1903 1789 1902
f 1783 1789 1900
f 1900 1789 1903
f 1901 1791 1787
f 1791 1901 1790
f 1904 1792 1793
f 1794 1904 1793
f 1906 1905 1797
f 1797 1905 1796
f 1906 1797 1792
f 1907 1906 1792
f 1904 1907 1792
f 1906 1907 1908
f 1798 1909 1794
f 1909 1904 1794
f 1909 1907 1904
f 1799 1910 1798
f 1798 1910 1909
f 1801 1910 1799
f 1911 1802 1803
f 1796 1905 1912
f 1911 1796 1912
f 1913 1911 1912
f 1803 1796 1911
f 1913 1912 1908
f 1907 1913 1908
f 1914 1913 1907
f 1915 1907 1909
f 1914 1907 1915
f 1910 1917 1916
f 1915 1910 1916
f 1909 1910 1915
f 1919 1917 1918
f 1918 1917 1805
f 1917 1910 1805
f 1910 1801 1805
f 1807 1920 1805
f 1805 1920 1918
f 1809 1920 1807
f 1921 1811 1812
f 1922 1921 1812
f 1922 1812 1802
f 1923 1922 1802
f 1911 1923 1802
f 1925 1924 1923
f 1911 1925 1923
f 1913 1925 1911
f 1926 1913 1914
f 1925 1913 1926
f 1915 1928 1927
f 1926 1915 1927
f 1914 1915 1926
f 1928 1915 1916
f 1929 1919 1918
f 1931 1930 1929
f 1918 1931 1929
f 1920 1931 1918
f 1813 1932 1809
f 1932 1920 1809
f 1932 1931 1920
f 1932 1813 1933
f 1813 1934 1933
f 1813 1815 1934
f 1936 1934 1935
f 1934 1817 1935
f 1934 1815 1817
f 1819 1935 1817
f 1921 1820 1811
f 1922 1937 1921
f 1937 1820 1921
f 1937 1821 1820
f 1937 1924 1821
f 1925 1821 1924
f 1821 1925 1823
f 1938 1823 1925
f 1823 1938 1939
f 1938 1925 1926
f 1938 1926 1940
f 1940 1926 1927
f 1943 1942 1941
f 1825 1826 1941
f 1942 1825 1941
f 1944 1825 1942
f 1931 1827 1930
f 1827 1944 1930
f 1827 1825 1944
f 1827 1931 1828
f 1828 1931 1932
f 1933 1945 1932
f 1945 1828 1932
f 1945 1829 1828
f 1935 1830 1936
f 1830 1945 1936
f 1830 1829 1945
f 1830 1935 1819
f 1939 1946 1823
f 1823 1946 1831
f 1831 1947 1833
f 1946 1947 1831
f 1833 1948 1835
f 1947 1948 1833
f 1941 1836 1943
f 1836 1948 1943
f 1836 1835 1948
f 1836 1941 1826
f 1950 1949 1843
f 1843 1949 1842
f 1843 1845 1950
f 1950 1845 1951
f 1952 1847 1848
f 1952 1848 1953
f 1848 1954 1953
f 1848 1849 1954
f 1955 1849 1850
f 1955 1954 1849
f 1956 1850 1851
f 1956 1955 1850
f 1957 1851 1852
f 1957 1956 1851
f 1852 1842 1949
f 1852 1949 1957
f 1854 1951 1845
f 1854 1958 1951
f 1960 1959 1857
f 1857 1959 1856
f 1857 1847 1952
f 1961 1857 1952
f 1960 1857 1961
f 1961 1952 1953
f 1858 1958 1854
f 1858 1962 1958
f 1859 1856 1963
f 1856 1964 1963
f 1856 1959 1964
f 1963 1861 1859
f 1967 1966 1965
f 1966 1962 1965
f 1962 1862 1965
f 1962 1858 1862
f 1968 1863 1864
f 1865 1963 1864
f 1964 1864 1963
f 1864 1964 1968
f 1969 1968 1964
f 1968 1969 1970
f 1865 1861 1963
f 1970 1969 1971
f 1974 1973 1972
f 1972 1973 1967
f 1972 1967 1965
f 1867 1972 1965
f 1868 1867 1965
f 1868 1965 1862
f 1976 1975 1870
f 1870 1975 1869
f 1977 1870 1871
f 1977 1976 1870
f 1871 1863 1968
f 1978 1871 1968
f 1977 1871 1978
f 1978 1968 1970
f 1978 1970 1979
f 1979 1970 1971
f 1981 1980 1873
f 1981 1873 1874
f 1972 1875 1974
f 1875 1980 1974
f 1875 1873 1980
f 1875 1972 1867
f 1983 1982 1877
f 1877 1982 1876
f 1877 1869 1975
f 1877 1975 1983
f 1986 1985 1984
f 1985 1981 1984
f 1981 1878 1984
f 1981 1874 1878
f 1987 1879 1880
f 1988 1987 1880
f 1876 1988 1880
f 1982 1988 1876
f 1991 1990 1989
f 1993 1992 1989
f 1993 1989 1990
f 1995 1994 1992
f 1995 1992 1993
f 1997 1996 1994
f 1997 1994 1995
f 1996 1997 1986
f 1996 1986 1984
f 1883 1996 1984
f 1882 1883 1984
f 1882 1984 1878
f 1987 1884 1879
f 1988 1998 1987
f 1998 1884 1987
f 1998 1886 1884
f 1886 1999 1888
f 1998 1999 1886
f 1888 2000 1890
f 1999 2000 1888
f 1989 2001 1891
f 2000 1989 1891
f 1890 2000 1891
f 1991 1989 2000
f 2002 1989 1992
f 2001 1989 2002
f 2003 1992 1994
f 2002 1992 2003
f 2004 1994 1996
f 2003 1994 2004
f 1893 2004 1883
f 1883 2004 1996
f 2001 1895 1891
f 1895 2001 1898
f 1898 2001 2002
f 1898 2002 1899
f 2002 2005 1899
f 2002 2003 2005
f 2006 2003 2004
f 2005 2003 2006
f 1900 2006 1893
f 1893 2006 2004
f 2005 1902 1899
f 1902 2005 1903
f 1903 2005 2006
f 1903 2006 1900
f 2007 1905 1906
f 1908 2007 1906
f 2007 1912 1905
f 1912 2007 1908
f 2008 1916 1917
f 1919 2008 1917
f 2009 1922 1923
f 1924 2009 1923
f 2010 1927 1928
f 1916 2008 1928
f 2008 2010 1928
f 2008 2011 2010
f 1929 2012 1919
f 2012 2008 1919
f 2012 2011 2008
f 1930 2012 1929
f 2013 1933 1934
f 1936 2013 1934
f 2009 1937 1922
f 2009 1924 1937
f 2015 1939 2014
f 1938 2014 1939
f 2016 1938 1940
f 2016 2014 1938
f 2016 1940 1927
f 2017 2016 1927
f 2010 2017 1927
f 2016 2017 2018
f 1943 2017 1942
f 2017 2011 1942
f 2017 2010 2011
f 1942 2011 1944
f 1944 2011 2012
f 1944 2012 1930
f 2013 1945 1933
f 1945 2013 1936
f 2015 2019 1939
f 1939 2019 1946
f 1946 2020 1947
f 2019 2020 1946
f 2017 1948 2018
f 1948 2020 2018
f 1948 1947 2020
f 1948 2017 1943
f 2021 1949 1950
f 1951 2021 1950
f 2024 2023 2022
f 1953 1954 2022
f 1954 2024 2022
f 1954 2025 2024
f 2026 1954 1955
f 2026 2025 1954
f 2027 1955 1956
f 2027 2026 1955
f 2029 2027 2028
f 2027 1957 2028
f 2027 1956 1957
f 1949 2021 1957
f 2021 2028 1957
f 2021 2030 2028
f 1958 2030 1951
f 1951 2030 2021
f 2032 2031 1960
f 1960 2031 1959
f 1961 2022 2023
f 2032 1961 2023
f 1960 1961 2032
f 2022 1961 1953
f 2035 2034 2033
f 2033 2034 2029
f 2028 2033 2029
f 2036 2033 2028
f 2037 2028 2030
f 2036 2028 2037
f 1962 2037 1958
f 1958 2037 2030
f 2040 2039 2038
f 2031 2040 2038
f 1964 2031 2038
f 1959 2031 1964
f 2035 2033 2041
f 2035 2041 2042
f 2043 2033 2036
f 2041 2033 2043
f 1967 2043 1966
f 2043 2037 1966
f 2043 2036 2037
f 1966 2037 1962
f 2039 2044 2038
f 2038 2044 1964
f 2044 1969 1964
f 2044 2045 1969
f 2047 2046 1971
f 1969 2047 1971
f 2045 2047 1969
f 2048 2046 2047
f 2042 2041 2049
f 2042 2049 2050
f 1974 2049 1973
f 2049 2043 1973
f 2049 2041 2043
f 1973 2043 1967
f 2052 2051 1976
f 1976 2051 1975
f 2053 1976 1977
f 2053 2052 1976
f 2054 1977 1978
f 2054 2053 1977
f 2055 1978 1979
f 2055 2054 1978
f 1979 1971 2046
f 2056 1979 2046
f 2055 1979 2056
f 2059 2058 2057
f 2048 2056 2046
f 2061 2060 2058
f 2061 2058 2059
f 2060 2061 2050
f 2060 2050 2049
f 1981 2060 2049
f 1980 1981 2049
f 1980 2049 1974
f 2063 2062 1983
f 1983 2062 1982
f 1983 1975 2051
f 1983 2051 2063
f 2057 2058 2064
f 2057 2064 2065
f 1986 2064 1985
f 2064 2060 1985
f 2064 2058 2060
f 1985 2060 1981
f 2067 1988 2066
f 1988 2062 2066
f 1988 1982 2062
f 2069 2068 2067
f 2069 2067 2066
f 2071 2070 2068
f 2071 2068 2069
f 1990 1991 2070
f 2071 1990 2070
f 2072 1990 2071
f 1990 2073 1993
f 2072 2073 1990
f 1993 2074 1995
f 2073 2074 1993
f 2064 1997 2065
f 1997 2074 2065
f 1997 1995 2074
f 1997 2064 1986
f 2067 1998 1988
f 1998 2067 1999
f 1999 2067 2068
f 1999 2068 2000
f 2000 2068 2070
f 2000 2070 1991
f 2075 2015 2014
f 2016 2076 2014
f 2014 2076 2075
f 2018 2076 2016
f 2075 2019 2015
f 2019 2075 2020
f 2020 2075 2076
f 2020 2076 2018
f 2077 2023 2024
f 2025 2078 2024
f 2024 2078 2077
f 2026 2079 2025
f 2025 2079 2078
f 2027 2080 2026
f 2026 2080 2079
f 2029 2080 2027
f 2081 2031 2032
f 2023 2077 2032
f 2077 2081 2032
f 2077 2082 2081
f 2083 2077 2078
f 2082 2077 2083
f 2084 2078 2079
f 2083 2078 2084
f 2035 2084 2034
f 2084 2080 2034
f 2084 2079 2080
f 2034 2080 2029
f 2086 2085 2040
f 2040 2085 2039
f 2040 2031 2081
f 2087 2040 2081
f 2086 2040 2087
f 2087 2081 2082
f 2087 2082 2088
f 2088 2082 2083
f 2088 2083 2089
f 2091 2090 2089
f 2083 2091 2089
f 2084 2091 2083
f 2042 2091 2035
f 2035 2091 2084
f 2094 2093 2092
f 2092 2095 2044
f 2085 2092 2044
f 2039 2085 2044
f 2092 2085 2094
f 2096 2045 2044
f 2096 2044 2095
f 2097 2047 2045
f 2097 2045 2096
f 2048 2047 2097
f 2100 2099 2098
f 2100 2098 2090
f 2091 2100 2090
f 2101 2100 2091
f 2050 2101 2042
f 2042 2101 2091
f 2103 2102 2052
f 2052 2102 2051
f 2053 2092 2093
f 2103 2053 2093
f 2052 2053 2103
f 2092 2053 2054
f 2092 2054 2095
f 2095 2054 2055
f 2095 2055 2096
f 2106 2105 2104
f 2055 2056 2096
f 2097 2096 2056
f 2104 2105 2057
f 2100 2057 2105
f 2057 2100 2059
f 2099 2100 2105
f 2056 2048 2097
f 2059 2100 2061
f 2061 2100 2101
f 2061 2101 2050
f 2107 2062 2063
f 2108 2107 2063
f 2051 2108 2063
f 2102 2108 2051
f 2106 2104 2109
f 2106 2109 2110
f 2065 2109 2057
f 2057 2109 2104
f 2107 2066 2062
f 2108 2111 2107
f 2111 2066 2107
f 2111 2069 2066
f 2069 2112 2071
f 2111 2112 2069
f 2071 2113 2072
f 2112 2113 2071
f 2072 2114 2073
f 2113 2114 2072
f 2109 2074 2110
f 2074 2114 2110
f 2074 2073 2114
f 2074 2109 2065
f 2117 2116 2115
f 2085 2086 2118
f 2117 2115 2119
f 2087 2120 2086
f 2086 2120 2118
f 2088 2121 2087
f 2087 2121 2120
f 2089 2122 2088
f 2088 2122 2121
f 2090 2122 2089
f 2125 2124 2123
f 2125 2123 2116
f 2116 2123 2115
f 2123 2093 2115
f 2093 2094 2115
f 2119 2115 2126
f 2094 2126 2115
f 2126 2094 2127
f 2085 2127 2094
f 2127 2085 2118
f 2128 2118 2120
f 2127 2118 2128
f 2129 2120 2121
f 2128 2120 2129
f 2099 2129 2098
f 2129 2122 2098
f 2129 2121 2122
f 2098 2122 2090
f 2132 2131 2130
f 2132 2130 2124
f 2124 2130 2123
f 2130 2102 2123
f 2102 2103 2123
f 2123 2103 2093
f 2133 2126 2127
f 2135 2134 2133
f 2127 2135 2133
f 2128 2135 2127
f 2106 2135 2105
f 2135 2129 2105
f 2135 2128 2129
f 2105 2129 2099
f 2131 2136 2130
f 2102 2130 2136
f 2137 2102 2136
f 2108 2102 2137
f 2134 2135 2138
f 2134 2138 2139
f 2110 2138 2106
f 2106 2138 2135
f 2137 2140 2108
f 2108 2140 2111
f 2111 2141 2112
f 2140 2141 2111
f 2112 2142 2113
f 2141 2142 2112
f 2138 2114 2139
f 2114 2142 2139
f 2114 2113 2142
f 2114 2138 2110
f 2143 2116 2117
f 2119 2143 2117
f 2144 2124 2125
f 2116 2143 2125
f 2143 2144 2125
f 2143 2145 2144
f 2126 2145 2119
f 2119 2145 2143
f 2146 2131 2132
f 2124 2144 2132
f 2144 2146 2132
f 2144 2147 2146
f 2148 2144 2145
f 2147 2144 2148
f 2133 2149 2126
f 2149 2145 2126
f 2149 2148 2145
f 2134 2149 2133
f 2146 2136 2131
f 2136 2146 2137
f 2146 2150 2137
f 2146 2147 2150
f 2151 2147 2148
f 2150 2147 2151
f 2152 2148 2149
f 2151 2148 2152
f 2139 2152 2134
f 2134 2152 2149
f 2150 2140 2137
f 2140 2150 2141
f 2141 2150 2151
f 2141 2151 2142
f 2142 2151 2152
f 2142 2152 2139
