v -44.0 -35.0 -12.0
v -44.3 -32.8 -13.0
v -44.0 -31.0 -16.0
v -44.3 -33.7 -12.0
v -44.2 -29.4 -16.1
v -44.3 -29.1 -13.0
v -44.0 -28.0 -16.0
v -44.3 -28.2 -12.0
v -44.1 -27.0 -12.0
v -43.1 -35.1 -14.1
v -43.2 -35.4 -12.8
v -43.3 -35.2 -11.1
v -43.2 -35.1 -9.0
v -42.6 -34.9 -8.1
v -43.6 -33.3 -13.9
v -43.4 -33.0 -8.4
v -43.0 -31.8 -16.2
v -43.6 -32.2 -14.1
v -43.4 -32.0 -9.0
v -42.6 -32.4 -7.7
v -43.6 -31.0 -15.0
v -43.6 -34.0 -11.0
v -43.6 -28.8 -13.9
v -43.5 -28.4 -10.9
v -43.3 -29.1 -9.0
v -43.0 -26.9 -16.0
v -43.1 -27.0 -10.1
v -42.8 -27.9 -9.9
v -43.5 -28.1 -14.9
v -43.4 -26.2 -13.1
v -43.0 -25.0 -12.0
v -42.4 -36.0 -8.8
v -42.0 -35.0 -14.8
v -42.1 -36.0 -7.0
v -43.0 -33.6 -14.6
v -41.6 -35.0 -6.7
v -41.7 -34.1 -6.2
v -42.4 -33.0 -7.0
v -42.1 -31.8 -15.6
v -41.7 -32.0 -6.0
v -42.3 -30.3 -5.8
v -43.0 -28.0 -16.3
v -41.6 -29.8 -5.2
v -42.0 -28.1 -15.7
v -42.5 -28.4 -7.9
v -42.0 -27.0 -16.5
v -42.9 -27.0 -15.0
v -42.3 -27.0 -8.1
v -42.1 -26.0 -17.1
v -42.0 -25.0 -17.0
v -42.4 -25.6 -11.0
v -42.2 -24.9 -15.0
v -42.5 -24.9 -13.1
v -42.2 -25.1 -9.9
v -42.0 -22.1 -24.0
v -42.0 -22.1 -20.0
v -42.0 -22.2 -18.7
v -42.1 -21.0 -25.0
v -42.2 -21.2 -21.8
v -42.8 -21.0 -21.0
v -42.3 -21.0 -19.0
v -42.4 -20.0 -22.9
v -42.3 -19.2 -20.0
v -41.6 -20.4 -18.5
v -42.4 -18.9 -23.2
v -42.5 -19.0 -21.0
v -42.4 -17.8 -23.4
v -41.6 -18.0 -19.8
v -42.3 -17.0 -25.0
v -41.9 -17.0 -23.0
v -42.4 -16.0 -21.2
v -42.3 -15.9 -24.2
v -42.4 -14.6 -27.0
v -41.7 -16.0 -27.0
v -42.4 -15.6 -25.3
v -41.8 -16.0 -23.0
v -41.8 -14.0 -25.0
v -42.3 -15.0 -22.0
v -41.7 -15.0 -23.0
v -42.4 -13.2 -26.1
v -42.5 -13.0 -23.6
v -42.3 -13.6 -21.8
v -41.7 -11.3 -27.1
v -42.2 -11.8 -23.9
v -42.1 -11.9 -21.9
v -42.2 -2.2 -25.7
v -42.5 -1.0 -26.7
v -42.3 -1.8 -23.9
v -42.0 1.0 -29.2
v -42.4 0.4 -27.1
v -42.3 0.5 -25.4
v -42.0 0.1 -23.9
v -42.1 2.0 -29.1
v -42.3 2.1 -27.9
v -42.2 2.0 -26.8
v -40.5 -38.0 -8.9
v -40.6 -37.8 -6.8
v -40.1 -35.1 -14.2
v -41.6 -35.4 -14.0
v -41.7 -35.7 -10.3
v -40.9 -35.8 -6.0
v -41.3 -34.8 -5.0
v -42.0 -33.0 -14.7
v -40.9 -33.0 -4.4
v -40.7 -31.9 -5.1
v -40.8 -31.0 -5.1
v -41.4 -29.7 -4.0
v -40.9 -28.1 -15.7
v -40.5 -30.3 -3.0
v -41.0 -26.0 -17.4
v -41.6 -27.8 -6.9
v -41.6 -25.2 -8.7
v -41.3 -26.2 -4.8
v -41.2 -26.9 -4.0
v -42.2 -25.6 -16.1
v -41.4 -25.3 -6.8
v -41.0 -24.0 -17.5
v -41.6 -24.1 -12.2
v -40.7 -24.1 -9.0
v -41.3 -22.2 -24.9
v -40.9 -22.4 -24.0
v -41.0 -22.5 -19.0
v -41.5 -24.0 -16.9
v -41.6 -23.6 -14.3
v -41.1 -23.0 -11.0
v -41.7 -21.0 -24.0
v -41.7 -20.5 -23.5
v -41.0 -21.4 -22.9
v -41.4 -19.4 -15.1
v -41.3 -22.5 -12.6
v -42.1 -20.0 -25.0
v -41.5 -18.2 -25.0
v -41.6 -19.3 -18.7
v -41.4 -18.0 -16.0
v -41.4 -17.1 -26.1
v -41.4 -16.2 -17.0
v -41.8 -16.3 -28.1
v -41.8 -16.0 -26.0
v -41.1 -16.0 -29.1
v -41.2 -15.3 -18.6
v -41.2 -13.7 -29.3
v -41.5 -14.5 -20.9
v -41.5 -15.1 -20.2
v -40.8 -13.2 -21.0
v -41.4 -10.5 -29.0
v -41.6 -12.1 -28.0
v -41.7 -12.5 -25.2
v -40.8 -11.1 -23.0
v -41.3 -10.7 -28.1
v -41.4 -10.0 -26.5
v -41.3 -10.1 -23.9
v -41.2 -4.2 -21.7
v -41.1 -4.1 -19.9
v -41.3 -3.0 -24.1
v -41.3 -3.2 -23.0
v -41.4 -3.2 -20.1
v -41.0 -1.9 -28.1
v -41.2 -2.3 -27.1
v -40.0 -2.8 -24.9
v -41.2 -1.5 -21.4
v -41.6 -1.8 -22.8
v -41.5 0.1 -28.3
v -40.9 1.0 -25.0
v -40.9 3.1 -29.2
v -40.2 4.0 -28.0
v -39.7 4.1 -27.1
v -41.1 3.0 -26.0
v -41.2 12.0 -15.0
v -41.1 12.0 -14.0
v -41.0 13.0 -15.0
v -40.2 -38.1 -11.0
v -40.0 -35.8 -11.6
v -40.8 -36.1 -10.8
v -40.6 -36.6 -5.8
v -40.3 -38.0 -4.1
v -39.6 -35.2 -2.4
v -40.4 -35.0 -3.5
v -40.2 -34.0 -3.5
v -40.3 -31.9 -15.4
v -40.3 -32.8 -3.0
v -39.8 -29.0 -16.0
v -39.5 -29.3 -2.0
v -39.2 -28.0 -1.8
v -39.9 -26.1 -4.1
v -40.3 -25.0 -4.8
v -40.0 -23.8 -17.8
v -40.6 -24.0 -10.6
v -40.7 -24.7 -6.5
v -40.2 -23.0 -10.0
v -40.2 -24.0 -4.9
v -39.0 -22.6 -25.5
v -40.5 -22.0 -11.4
v -40.2 -22.9 -6.0
v -40.1 -21.0 -28.1
v -40.4 -21.2 -27.0
v -40.0 -21.2 -22.0
v -40.2 -21.7 -19.9
v -40.1 -19.4 -13.3
v -40.7 -22.5 -8.9
v -40.4 -19.6 -28.0
v -40.4 -18.0 -28.1
v -40.6 -19.9 -27.0
v -41.3 -18.9 -25.2
v -40.6 -19.8 -13.8
v -40.3 -18.0 -26.6
v -39.1 -18.1 -29.3
v -40.3 -17.8 -14.2
v -39.4 -16.4 -29.9
v -41.2 -16.9 -16.0
v -40.1 -14.8 -30.3
v -41.6 -15.0 -28.1
v -40.2 -13.6 -18.2
v -40.1 -14.8 -16.8
v -40.3 -10.2 -21.8
v -39.8 -12.6 -30.6
v -40.8 -11.6 -21.6
v -40.3 -9.2 -30.1
v -40.6 -8.9 -26.8
v -40.6 -9.2 -25.0
v -39.8 -9.1 -24.0
v -40.3 -8.1 -29.0
v -40.3 -7.9 -26.3
v -39.9 -4.5 -20.0
v -39.8 -3.7 -23.9
v -39.8 -3.9 -19.3
v -40.0 -2.3 -27.4
v -40.0 -2.0 -19.0
v -40.0 -1.4 -20.1
v -40.3 1.5 -29.5
v -40.5 0.8 -23.7
v -40.1 0.2 -21.9
v -40.1 2.1 -23.9
v -40.4 3.0 -24.8
v -40.2 4.2 -26.0
v -40.1 5.0 -25.0
v -40.0 4.7 -21.0
v -40.1 6.0 -23.9
v -40.4 6.0 -21.2
v -40.0 6.0 -20.0
v -40.2 10.0 -16.0
v -40.3 10.2 -14.8
v -40.4 11.9 -16.6
v -40.1 11.0 -13.1
v -40.1 13.0 -19.0
v -40.0 13.0 -13.2
v -40.1 14.0 -19.0
v -40.3 13.0 -16.7
v -39.4 -42.7 -8.0
v -39.0 -40.3 -9.4
v -39.4 -42.9 -5.2
v -39.5 -40.0 -8.9
v -39.1 -39.2 -10.1
v -39.6 -39.0 -8.8
v -39.5 -39.2 -4.4
v -38.7 -40.1 -4.0
v -39.1 -38.1 -11.3
v -39.5 -38.7 -3.2
v -38.8 -38.0 -2.0
v -39.2 -36.9 -1.1
v -39.0 -35.7 -11.7
v -38.1 -36.0 -0.3
v -38.9 -35.1 -13.1
v -39.8 -34.0 -14.3
v -38.7 -35.0 -1.0
v -39.3 -34.0 -1.0
v -39.2 -33.0 -14.5
v -39.6 -33.0 -2.0
v -39.1 -32.3 -15.3
v -39.4 -31.6 -0.9
v -39.4 -30.2 -15.8
v -39.1 -30.9 0.0
v -39.1 -29.0 -17.3
v -38.7 -28.7 -1.3
v -39.3 -27.9 -19.1
v -39.9 -28.0 -18.0
v -39.8 -26.8 -17.9
v -38.5 -26.5 -2.3
v -39.6 -26.1 -19.1
v -39.9 -24.9 -17.3
v -39.3 -24.6 -4.2
v -39.8 -26.8 -2.7
v -39.1 -23.9 -18.5
v -38.9 -23.1 -19.2
v -38.7 -22.8 -4.8
v -39.0 -22.2 -27.0
v -39.0 -22.3 -24.0
v -39.0 -22.2 -22.0
v -39.1 -22.4 -20.1
v -39.0 -21.2 -28.3
v -39.0 -21.7 -23.0
v -39.6 -22.3 -6.7
v -39.0 -20.0 -29.1
v -39.7 -20.9 -11.0
v -39.1 -20.4 -10.3
v -39.1 -20.7 -9.0
v -39.1 -18.0 -12.6
v -38.1 -16.6 -30.4
v -39.5 -13.6 -16.5
v -38.7 -12.0 -18.0
v -39.1 -10.9 -31.4
v -39.7 -11.6 -19.4
v -38.8 -10.8 -18.5
v -39.0 -9.8 -32.1
v -38.7 -10.0 -20.0
v -38.4 -9.7 -19.4
v -40.0 -9.6 -22.8
v -39.0 -7.9 -32.1
v -39.7 -8.6 -30.7
v -38.9 -8.2 -23.0
v -39.3 -8.8 -21.2
v -39.5 -7.0 -29.0
v -39.1 -7.9 -22.0
v -39.0 -6.0 -30.0
v -38.7 -6.1 -28.2
v -39.1 -6.7 -27.1
v -39.8 -4.7 -21.9
v -38.7 -5.7 -21.0
v -39.2 -4.1 -25.0
v -39.8 -4.0 -22.9
v -39.2 -3.9 -18.2
v -38.9 -3.1 -18.2
v -39.1 -2.1 -30.1
v -39.6 -2.0 -28.2
v -38.7 -2.8 -27.8
v -38.9 -2.9 -26.0
v -39.8 -1.0 -28.7
v -39.1 -1.7 -18.7
v -39.9 0.0 -28.8
v -38.9 -1.1 -20.2
v -38.9 1.2 -22.6
v -38.9 3.0 -24.1
v -39.0 3.3 -29.3
v -38.8 4.0 -24.1
v -39.1 3.9 -19.9
v -39.5 5.0 -23.7
v -38.7 4.0 -22.0
v -39.3 6.1 -25.0
v -39.1 7.4 -23.7
v -39.3 6.0 -19.6
v -39.3 8.1 -15.1
v -39.2 7.2 -16.9
v -39.6 9.2 -16.3
v -39.2 9.0 -14.8
v -39.3 10.0 -19.0
v -38.5 11.1 -19.8
v -39.7 11.3 -17.3
v -38.9 10.1 -14.1
v -38.7 10.3 -13.0
v -38.7 11.0 -12.2
v -39.4 11.9 -19.2
v -39.1 13.0 -20.2
v -39.5 12.3 -13.1
v -39.0 14.0 -20.3
v -39.5 13.9 -14.4
v -39.1 14.1 -13.9
v -39.7 13.3 -17.8
v -39.6 14.0 -15.8
v -38.9 14.8 -15.1
v -39.1 16.5 -19.1
v -39.3 16.0 -16.1
v -38.9 16.5 -18.2
v -38.1 -45.1 -8.1
v -37.8 -45.5 -6.5
v -38.1 -45.2 -3.7
v -38.0 -45.0 -2.0
v -38.6 -44.1 -7.8
v -38.0 -44.0 -1.5
v -39.1 -42.1 -9.1
v -38.0 -42.4 -10.2
v -38.6 -43.5 -4.4
v -38.4 -44.0 -2.0
v -38.0 -41.2 -1.6
v -38.5 -39.7 -2.0
v -37.7 -40.3 -1.0
v -37.6 -39.0 1.0
v -38.5 -38.7 -1.3
v -38.3 -38.8 0.1
v -38.4 -37.0 -0.0
v -38.2 -35.0 -11.8
v -37.6 -34.3 0.9
v -38.0 -32.6 -14.0
v -38.3 -34.6 0.1
v -38.1 -32.0 -10.7
v -38.3 -32.1 0.2
v -38.1 -31.0 -22.0
v -38.0 -31.0 -16.9
v -38.2 -32.0 -12.1
v -38.3 -31.0 -11.8
v -37.4 -31.0 1.0
v -38.0 -30.0 -22.0
v -38.0 -30.1 -18.0
v -38.2 -30.0 -15.4
v -38.4 -29.3 -14.9
v -38.5 -29.8 -13.0
v -38.1 -29.2 -19.2
v -38.0 -29.0 -15.9
v -37.0 -29.8 1.2
v -38.4 -28.0 -14.2
v -38.3 -27.1 -13.0
v -38.3 -25.1 -19.3
v -37.7 -25.0 -14.0
v -38.5 -24.9 -25.0
v -37.8 -26.1 -25.0
v -38.1 -26.0 -17.0
v -38.4 -24.9 -16.1
v -38.4 -25.4 -14.7
v -38.0 -24.0 -19.0
v -38.3 -24.1 -18.0
v -38.4 -23.7 -17.2
v -38.3 -24.0 -15.0
v -38.0 -23.0 -25.0
v -38.0 -23.0 -18.0
v -38.3 -22.1 -16.1
v -37.9 -24.8 -2.8
v -38.0 -22.1 -27.0
v -38.0 -21.9 -26.0
v -37.7 -21.8 -24.3
v -37.9 -22.2 -22.0
v -37.8 -22.1 -19.1
v -38.4 -21.8 -17.9
v -38.4 -21.3 -16.9
v -37.7 -21.0 -28.1
v -40.4 -22.9 -8.0
v -37.8 -20.5 -7.0
v -38.4 -19.6 -18.9
v -37.8 -19.1 -11.1
v -38.0 -18.0 -19.0
v -38.5 -16.9 -12.6
v -37.9 -18.0 -12.0
v -38.0 -17.0 -11.0
v -38.8 -15.1 -15.0
v -38.3 -15.5 -12.9
v -37.0 -13.0 -30.7
v -38.3 -13.8 -14.4
v -38.8 -11.9 -31.4
v -37.8 -11.3 -16.9
v -38.0 -10.0 -31.6
v -37.9 -9.8 -17.8
v -38.0 -7.2 -31.5
v -39.0 -7.2 -30.9
v -39.0 -7.3 -26.0
v -39.3 -7.8 -24.6
v -37.5 -7.0 -22.7
v -38.1 -7.6 -21.2
v -37.7 -6.0 -26.8
v -37.5 -7.0 -21.1
v -38.2 -6.3 -19.3
v -38.3 -4.8 -28.8
v -38.4 -5.0 -28.0
v -38.2 -5.1 -25.0
v -37.7 -5.8 -22.9
v -37.9 -5.0 -24.0
v -37.8 -5.9 -22.0
v -38.3 -5.3 -17.9
v -38.1 -5.1 -15.0
v -38.4 -3.9 -26.4
v -38.6 -4.0 -17.0
v -38.3 -3.4 -14.8
v -38.1 -1.1 -32.2
v -38.9 -1.1 -30.6
v -38.1 0.1 -32.1
v -38.8 0.0 -29.8
v -37.9 -0.0 -20.0
v -38.3 -1.0 -15.1
v -38.3 0.2 -31.1
v -38.2 1.1 -30.2
v -37.8 1.0 -21.1
v -38.4 2.2 -22.0
v -37.9 2.1 -21.2
v -38.5 3.0 -21.0
v -37.9 4.2 -29.1
v -38.2 4.0 -23.0
v -38.0 3.1 -19.8
v -37.9 6.1 -26.2
v -38.0 6.0 -19.5
v -37.9 5.9 -17.0
v -37.0 6.7 -25.0
v -37.9 7.0 -20.1
v -38.2 7.0 -18.7
v -37.6 6.2 -14.9
v -38.2 7.6 -22.6
v -39.1 7.2 -21.0
v -37.7 7.8 -13.3
v -37.8 9.0 -13.0
v -38.2 10.0 -11.9
v -38.1 12.1 -19.8
v -38.0 12.9 -13.1
v -38.1 11.9 -11.7
v -38.0 14.0 -21.0
v -38.0 14.0 -19.0
v -37.7 13.9 -13.3
v -38.0 14.3 -20.0
v -39.2 15.2 -19.3
v -37.2 15.0 -13.8
v -38.0 16.2 -19.1
v -38.1 16.3 -15.3
v -38.0 -44.0 -9.1
v -36.9 -44.6 -3.9
v -36.8 -44.6 -0.8
v -37.4 -43.0 -8.8
v -37.9 -41.3 -10.1
v -37.3 -41.8 -7.9
v -37.1 -42.7 0.0
v -36.7 -42.5 -0.9
v -37.1 -42.0 1.0
v -37.2 -40.2 -7.8
v -37.9 -39.9 -9.6
v -37.3 -41.0 1.9
v -38.0 -38.0 -11.2
v -37.3 -39.0 -9.0
v -37.4 -38.5 2.1
v -37.4 -37.0 1.3
v -37.2 -35.4 2.2
v -36.9 -34.9 -11.1
v -37.8 -33.7 -12.4
v -37.1 -34.0 -9.1
v -37.6 -33.0 -12.0
v -37.6 -32.8 -10.6
v -36.9 -33.0 0.8
v -38.0 -32.0 -21.0
v -36.3 -32.1 -21.0
v -38.0 -32.1 -16.1
v -37.0 -32.6 -15.0
v -37.2 -32.0 -14.1
v -37.0 -31.2 -22.1
v -37.0 -31.0 -20.6
v -37.0 -31.0 -16.0
v -37.4 -31.0 -15.0
v -37.3 -31.9 -13.3
v -37.0 -31.0 -10.0
v -37.0 -29.2 -22.4
v -37.5 -30.1 -21.0
v -36.1 -30.4 -18.8
v -37.9 -30.1 -16.9
v -37.3 -30.0 -16.1
v -36.9 -30.1 -11.1
v -37.3 -28.8 -21.0
v -36.8 -29.9 -20.1
v -37.5 -29.0 -20.0
v -38.1 -29.0 -11.8
v -37.1 -28.7 -22.0
v -37.5 -27.8 -19.9
v -37.3 -28.0 -16.2
v -36.7 -29.0 -16.2
v -37.7 -28.0 -12.0
v -37.3 -28.0 -11.0
v -37.0 -27.3 -1.3
v -37.7 -27.3 -19.9
v -38.4 -26.5 -15.2
v -37.2 -27.0 -11.6
v -36.2 -25.9 -24.6
v -36.8 -26.0 -17.8
v -37.2 -25.4 -12.3
v -37.1 -24.9 -18.4
v -36.9 -25.6 -1.9
v -37.2 -24.8 -25.0
v -37.7 -23.2 -14.8
v -37.1 -24.0 -12.8
v -37.0 -23.3 -25.0
v -37.6 -21.9 -15.1
v -37.2 -22.0 -13.9
v -37.0 -21.4 -27.0
v -37.0 -21.4 -23.0
v -37.2 -20.9 -22.1
v -37.7 -21.9 -21.2
v -37.9 -20.5 -19.3
v -37.0 -21.5 -5.9
v -36.9 -20.0 -29.3
v -37.4 -20.1 -21.4
v -37.3 -20.0 -15.8
v -38.0 -20.0 -28.7
v -37.8 -19.1 -21.3
v -37.7 -18.7 -19.9
v -37.7 -19.1 -17.9
v -37.8 -19.9 -10.1
v -37.8 -19.6 -9.0
v -37.3 -19.0 -7.7
v -38.0 -18.0 -29.0
v -37.1 -17.4 -29.6
v -37.3 -18.0 -22.0
v -37.2 -17.0 -21.0
v -37.3 -17.9 -17.4
v -37.4 -17.9 -10.0
v -37.2 -18.0 -8.0
v -36.8 -16.8 -21.8
v -36.3 -16.7 -18.9
v -37.3 -17.0 -20.0
v -36.6 -17.0 -8.0
v -37.0 -16.0 -30.5
v -36.8 -16.1 -11.0
v -37.7 -14.6 -12.4
v -36.8 -14.0 -11.4
v -37.1 -12.3 -14.3
v -37.7 -12.9 -15.0
v -37.1 -12.9 -12.8
v -37.3 -10.8 -16.0
v -37.2 -11.0 -15.0
v -37.6 -8.6 -19.4
v -36.9 -5.9 -31.2
v -37.7 -6.0 -24.4
v -36.8 -7.0 -20.0
v -36.5 -6.8 -18.0
v -37.7 -5.3 -29.8
v -37.6 -5.0 -26.7
v -36.8 -5.8 -17.0
v -36.8 -5.7 -16.0
v -36.0 -5.7 -15.0
v -36.7 -5.0 -14.4
v -37.4 -3.0 -29.3
v -38.0 -3.9 -29.1
v -38.0 -2.1 -31.0
v -37.0 -2.2 -30.3
v -37.0 -2.8 -13.6
v -37.0 -1.1 -32.2
v -37.5 -1.2 -14.0
v -36.9 0.3 -32.2
v -38.5 -1.0 -18.4
v -37.6 0.0 -15.1
v -37.0 0.8 -30.7
v -36.6 1.2 -18.2
v -38.7 1.4 -29.6
v -37.0 2.7 -29.8
v -37.4 1.0 -19.0
v -37.0 3.0 -20.1
v -37.0 4.2 -29.2
v -37.0 5.0 -20.1
v -38.1 4.8 -26.7
v -37.1 5.0 -16.0
v -36.8 5.3 -27.6
v -37.1 5.8 -18.8
v -37.0 6.0 -18.0
v -37.3 6.1 -13.9
v -37.0 7.5 -24.0
v -36.9 8.0 -21.0
v -37.5 8.0 -20.0
v -38.2 7.9 -18.6
v -37.3 8.0 -12.0
v -37.9 9.0 -19.5
v -37.3 9.1 -11.7
v -37.0 10.0 -11.4
v -35.5 11.5 -11.3
v -37.8 13.9 -21.0
v -37.2 13.2 -21.0
v -36.9 13.1 -11.8
v -37.8 14.0 -21.0
v -37.0 14.0 -21.0
v -37.0 14.0 -21.0
v -37.5 14.0 -20.0
v -37.2 13.9 -18.8
v -37.0 14.0 -21.0
v -36.9 15.0 -19.0
v -37.0 16.3 -18.3
v -36.8 15.8 -15.1
v -35.7 -45.1 -7.2
v -36.0 -45.1 -5.8
v -36.8 -44.0 -8.4
v -35.9 -44.5 -4.8
v -36.1 -44.0 0.1
v -36.1 -43.0 -0.0
v -36.2 -42.2 1.9
v -36.0 -42.0 3.0
v -35.9 -40.9 3.6
v -36.0 -40.1 3.6
v -36.8 -38.0 -10.0
v -36.2 -37.1 -7.9
v -36.1 -39.0 4.0
v -36.8 -35.9 -11.1
v -36.6 -36.7 -10.3
v -36.4 -35.4 -9.1
v -36.4 -36.4 3.1
v -36.6 -34.9 2.9
v -36.5 -32.0 -15.0
v -37.0 -32.0 -10.0
v -35.7 -31.9 -8.0
v -36.8 -32.0 0.8
v -36.0 -31.1 -20.0
v -36.2 -30.2 -8.8
v -36.0 -31.0 1.6
v -36.9 -29.8 -19.0
v -36.6 -30.5 -17.0
v -36.0 -30.0 -16.3
v -37.0 -31.0 -11.0
v -36.0 -29.0 -22.5
v -36.4 -29.0 -9.8
v -36.1 -27.9 -23.1
v -37.1 -27.0 -17.2
v -36.1 -27.3 -9.8
v -36.0 -27.7 -22.0
v -35.5 -27.1 -1.3
v -35.0 -26.4 -25.0
v -36.1 -27.0 -24.0
v -37.0 -26.0 -19.6
v -36.2 -26.0 -10.6
v -37.0 -25.0 -20.1
v -35.2 -25.8 -1.7
v -37.0 -24.0 -20.0
v -36.8 -24.4 -19.1
v -37.3 -23.0 -13.8
v -35.1 -23.0 -11.5
v -37.0 -21.9 -25.6
v -36.0 -21.2 -27.2
v -36.0 -22.0 -24.3
v -36.0 -21.1 -22.7
v -36.0 -20.0 -23.2
v -36.0 -19.9 -13.7
v -35.9 -20.1 -6.3
v -36.6 -18.2 -23.1
v -35.8 -18.2 -23.7
v -36.7 -17.2 -16.8
v -36.3 -18.0 -14.9
v -36.0 -19.1 -6.6
v -36.0 -17.0 -30.3
v -36.9 -17.0 -23.0
v -36.3 -16.1 -16.1
v -36.7 -17.0 -10.0
v -36.5 -18.0 -7.0
v -36.2 -17.0 -24.9
v -36.4 -16.0 -17.8
v -35.6 -15.4 -24.6
v -35.7 -15.0 -21.9
v -35.6 -15.1 -20.1
v -36.3 -15.3 -8.7
v -36.1 -16.0 -6.8
v -36.3 -14.8 -10.0
v -36.9 -12.0 -31.2
v -36.0 -12.0 -23.0
v -35.2 -12.1 -12.4
v -33.3 -12.8 -9.1
v -35.7 -11.0 -29.2
v -36.1 -11.0 -24.1
v -36.1 -10.9 -22.9
v -36.7 -10.0 -31.3
v -35.4 -11.0 -13.1
v -35.8 -8.9 -31.2
v -36.1 -9.8 -24.1
v -36.1 -9.8 -15.0
v -36.1 -7.2 -31.4
v -36.6 -8.0 -18.0
v -35.3 -9.0 -15.8
v -36.5 -6.9 -19.1
v -35.8 -7.0 -17.0
v -36.0 -6.9 -16.0
v -35.9 -4.9 -29.1
v -36.0 1.0 -29.9
v -37.0 0.6 -17.1
v -36.9 0.3 -13.8
v -36.1 0.8 -13.5
v -35.8 2.1 -29.9
v -37.0 1.4 -16.0
v -37.1 1.3 -15.0
v -36.3 2.0 -14.0
v -35.7 3.0 -16.6
v -36.4 3.1 -18.9
v -36.0 3.0 -18.1
v -36.2 4.0 -17.1
v -35.9 4.1 -16.0
v -36.0 5.0 -27.3
v -36.3 5.1 -17.2
v -36.3 4.3 -15.0
v -35.1 5.0 -11.5
v -36.0 5.9 -26.8
v -36.5 5.3 -13.2
v -36.1 6.2 -12.2
v -37.0 8.0 -23.1
v -36.1 7.1 -10.7
v -36.7 8.5 -21.9
v -36.7 9.6 -20.8
v -36.0 10.0 -22.6
v -36.1 11.0 -21.5
v -36.6 11.0 -20.8
v -36.9 12.0 -19.9
v -37.0 13.0 -19.9
v -36.0 13.4 -21.0
v -36.0 13.8 -18.9
v -36.1 15.0 -13.5
v -35.7 16.4 -16.2
v -36.2 -45.1 -8.2
v -35.2 -43.4 -5.8
v -34.8 -44.2 -5.0
v -35.0 -44.2 0.2
v -35.9 -42.2 -7.3
v -34.2 -42.8 0.9
v -35.1 -41.6 3.6
v -35.0 -41.0 5.0
v -36.4 -39.0 -7.8
v -35.1 -39.9 5.1
v -34.0 -39.0 5.6
v -35.2 -38.3 5.0
v -35.7 -38.0 4.0
v -35.2 -37.0 5.1
v -35.3 -36.0 4.3
v -35.6 -35.8 -8.1
v -35.4 -35.1 -7.0
v -35.1 -35.0 -5.0
v -34.3 -34.9 5.0
v -36.0 -33.3 -8.0
v -35.3 -33.1 -6.1
v -35.0 -34.0 4.2
v -35.7 -33.0 -7.3
v -36.2 -34.0 3.1
v -35.0 -33.0 3.4
v -36.2 -32.2 1.5
v -34.8 -31.9 2.7
v -35.5 -30.8 -21.2
v -35.1 -31.0 -6.9
v -35.4 -29.5 -22.3
v -35.0 -30.5 -19.9
v -35.0 -30.2 -17.8
v -35.1 -29.3 -8.3
v -35.3 -28.9 -17.3
v -35.1 -30.3 1.8
v -34.9 -27.7 -22.8
v -36.0 -28.0 -21.0
v -35.0 -28.0 -8.7
v -34.9 -27.2 -24.3
v -35.4 -26.9 -22.3
v -35.9 -27.0 -19.8
v -35.0 -27.9 -17.6
v -35.6 -26.0 -24.0
v -35.0 -26.3 -19.5
v -33.5 -23.4 -10.3
v -33.1 -24.0 -9.7
v -35.4 -24.9 -19.0
v -34.8 -25.3 -2.3
v -36.4 -24.0 -25.1
v -36.1 -25.0 -10.8
v -35.0 -24.0 -24.1
v -35.2 -23.0 -23.7
v -35.2 -21.9 -22.8
v -35.0 -22.0 -11.7
v -34.2 -22.2 -5.3
v -35.8 -21.0 -13.1
v -33.2 -21.0 -5.6
v -34.8 -20.5 -29.0
v -34.2 -19.8 -23.6
v -35.3 -18.1 -29.6
v -36.9 -19.0 -15.5
v -36.4 -17.1 -24.1
v -35.0 -17.1 -25.5
v -35.1 -17.0 -14.5
v -34.9 -18.0 -13.6
v -36.0 -15.9 -31.1
v -35.2 -16.1 -27.0
v -35.4 -16.2 -26.0
v -35.1 -15.2 -14.8
v -34.9 -16.2 -6.5
v -35.2 -15.0 -29.2
v -35.5 -14.7 -18.2
v -35.5 -14.9 -16.2
v -36.0 -13.1 -31.1
v -35.4 -13.9 -25.0
v -35.6 -14.2 -23.0
v -35.1 -13.8 -8.0
v -35.3 -14.1 -27.5
v -35.3 -13.0 -24.0
v -35.5 -13.1 -22.9
v -35.6 -13.1 -19.4
v -35.9 -13.0 -18.0
v -35.3 -13.1 -16.7
v -35.9 -12.0 -29.6
v -35.0 -12.0 -23.7
v -34.9 -12.1 -22.1
v -35.3 -11.9 -20.4
v -35.8 -12.0 -19.0
v -35.1 -11.0 -27.8
v -35.0 -11.0 -24.1
v -35.1 -11.3 -23.1
v -35.2 -10.0 -27.9
v -34.4 -10.0 -24.9
v -36.0 -10.0 -23.0
v -35.0 -10.2 -14.1
v -35.0 -8.8 -24.0
v -35.0 -9.0 -23.4
v -35.3 -8.3 -28.9
v -35.0 -8.9 -25.1
v -35.6 -8.0 -16.9
v -35.6 -7.2 -30.9
v -35.3 -7.1 -16.1
v -34.9 -7.1 -14.5
v -35.9 -5.9 -31.1
v -35.8 -5.8 -30.0
v -35.8 -5.9 -29.0
v -35.2 -4.1 -28.6
v -35.3 -5.7 -13.6
v -34.9 -3.1 -29.2
v -35.9 -3.9 -13.4
v -35.7 -2.4 -29.8
v -35.8 -1.2 -31.0
v -35.3 -0.3 -29.9
v -35.1 -1.2 -12.5
v -35.9 0.1 -32.1
v -35.2 0.3 -11.8
v -35.7 3.1 -14.4
v -35.5 2.0 -12.8
v -35.9 4.1 -29.1
v -35.6 4.1 -13.2
v -35.3 3.0 -12.0
v -35.0 5.1 -27.5
v -36.0 7.2 -24.9
v -35.5 7.8 -22.7
v -35.1 6.2 -10.5
v -36.0 9.0 -22.5
v -35.0 10.0 -22.5
v -35.0 11.0 -21.8
v -36.0 12.0 -21.8
v -36.0 10.1 -10.7
v -35.6 12.6 -21.4
v -35.9 13.9 -20.1
v -35.1 14.0 -16.2
v -35.8 15.0 -18.3
v -34.8 13.8 -12.5
v -35.9 16.1 -18.1
v -34.9 16.0 -16.0
v -34.2 -44.4 -4.1
v -34.0 -43.0 -4.7
v -34.0 -41.9 -5.4
v -34.5 -42.5 2.0
v -34.2 -42.2 3.9
v -35.1 -39.7 -6.6
v -33.9 -40.4 5.3
v -34.6 -37.9 -7.0
v -33.1 -38.0 7.1
v -34.4 -37.0 -6.0
v -34.2 -37.0 -2.9
v -34.8 -36.0 -7.1
v -34.6 -35.9 -4.9
v -34.1 -36.0 -2.9
v -34.2 -36.9 6.1
v -34.3 -34.8 -4.1
v -34.0 -33.0 -4.8
v -33.8 -34.0 4.6
v -35.2 -31.9 -6.7
v -34.1 -31.1 -6.5
v -33.8 -31.2 2.8
v -34.0 -32.0 4.0
v -34.1 -29.2 -22.2
v -33.9 -29.5 -21.1
v -34.0 -29.6 -18.9
v -33.9 -29.2 -17.7
v -34.0 -29.1 -8.3
v -34.2 -29.5 1.0
v -34.1 -27.3 -1.2
v -33.0 -26.1 -25.4
v -34.8 -26.2 -23.0
v -34.1 -26.4 -18.9
v -34.4 -26.4 -9.3
v -34.9 -26.4 -21.2
v -34.2 -24.7 -22.1
v -34.0 -24.9 -2.8
v -34.6 -22.9 -25.5
v -34.1 -24.0 -23.0
v -32.1 -21.0 -10.8
v -34.2 -21.8 -25.5
v -33.2 -22.9 -22.7
v -33.2 -22.3 -22.5
v -32.3 -20.3 -11.3
v -34.9 -21.3 -28.0
v -33.0 -19.5 -12.0
v -34.1 -18.5 -24.8
v -35.0 -20.0 -12.7
v -32.5 -20.2 -6.4
v -34.1 -17.3 -29.1
v -35.1 -16.9 -30.1
v -34.2 -16.0 -29.0
v -34.3 -16.2 -28.0
v -33.9 -16.8 -27.0
v -34.8 -15.0 -28.0
v -35.0 -14.8 -6.9
v -35.0 -13.2 -29.3
v -34.9 -13.8 -29.0
v -33.8 -12.1 -26.0
v -34.8 -13.3 -9.8
v -34.0 -11.5 -27.2
v -33.9 -12.1 -24.8
v -35.3 -11.9 -18.0
v -33.2 -12.0 -15.8
v -33.9 -11.2 -24.1
v -34.6 -11.0 -24.0
v -34.0 -11.0 -23.0
v -34.0 -10.7 -20.0
v -34.0 -10.7 -19.0
v -33.7 -11.3 -18.1
v -34.6 -9.9 -27.3
v -33.3 -10.3 -12.5
v -34.3 -8.7 -27.0
v -34.4 -8.9 -26.0
v -34.0 -9.0 -23.7
v -34.2 -8.0 -27.7
v -34.9 -7.0 -29.0
v -33.9 -5.9 -13.1
v -34.3 -4.0 -25.8
v -34.3 -4.0 -22.0
v -34.4 -5.0 -12.0
v -33.8 -2.9 -28.1
v -34.5 -2.9 -25.5
v -34.4 -3.0 -22.1
v -33.1 -3.0 -10.5
v -33.7 -1.9 -29.1
v -34.3 -1.9 -26.8
v -34.2 -1.8 -23.2
v -34.5 -3.0 -12.0
v -34.8 -0.4 -29.6
v -34.2 -1.9 -10.8
v -33.6 -0.0 -10.1
v -35.2 2.1 -29.5
v -34.8 3.8 -27.9
v -33.8 1.6 -11.3
v -33.1 3.0 -9.7
v -34.3 3.9 -10.7
v -34.3 4.9 -26.9
v -34.3 4.8 -10.0
v -34.1 4.9 -8.9
v -35.0 6.0 -25.8
v -34.0 6.1 -26.1
v -34.3 6.4 -8.8
v -34.7 6.5 -10.0
v -34.1 8.0 -8.8
v -34.0 11.4 -22.0
v -34.0 13.0 -20.0
v -34.8 13.3 -19.0
v -35.3 13.8 -17.9
v -34.3 12.9 -16.0
v -34.0 12.4 -11.0
v -34.5 13.9 -15.0
v -34.8 14.3 -13.9
v -33.8 13.4 -13.0
v -34.7 15.1 -16.7
v -33.1 -44.1 -4.2
v -33.2 -43.4 1.5
v -33.0 -41.2 -5.3
v -33.0 -42.1 5.2
v -33.3 -39.5 -5.3
v -33.8 -38.9 -6.2
v -33.0 -40.0 5.7
v -32.9 -39.0 6.5
v -33.8 -38.0 -6.0
v -33.8 -37.7 -5.1
v -33.0 -37.0 -1.9
v -32.0 -36.9 7.2
v -33.0 -35.2 -2.7
v -33.0 -35.6 6.0
v -33.0 -32.3 -5.3
v -32.9 -32.9 4.3
v -33.0 -30.7 -6.7
v -33.0 -31.9 4.2
v -33.0 -28.3 -22.3
v -31.9 -29.3 -20.8
v -33.0 -29.1 -17.8
v -33.0 -29.2 -0.2
v -32.9 -29.8 2.1
v -32.9 -28.0 -17.7
v -33.8 -27.0 -8.7
v -33.1 -27.4 -23.7
v -33.0 -27.0 -18.3
v -32.8 -28.0 -1.0
v -33.3 -26.1 -18.8
v -33.1 -26.5 -2.9
v -34.0 -24.9 -25.6
v -33.2 -24.9 -19.8
v -32.8 -24.1 -22.4
v -33.1 -24.4 -20.9
v -32.9 -23.6 -19.9
v -32.8 -25.0 -3.5
v -33.2 -23.0 -25.0
v -33.0 -23.2 -5.0
v -33.0 -22.0 -5.6
v -32.8 -21.3 -28.1
v -33.0 -21.1 -22.6
v -33.1 -18.2 -27.0
v -33.3 -18.3 -25.9
v -33.1 -17.4 -13.2
v -33.0 -17.7 -28.1
v -33.5 -15.4 -14.3
v -34.0 -14.0 -14.7
v -32.0 -14.0 -7.5
v -33.2 -13.5 -8.1
v -33.1 -12.3 -10.3
v -33.5 -11.1 -27.0
v -33.8 -10.7 -24.9
v -33.0 -11.1 -17.0
v -34.0 -9.9 -24.1
v -33.0 -10.0 -23.6
v -32.9 -10.6 -21.4
v -32.2 -8.2 -26.2
v -33.1 -7.9 -25.0
v -34.0 -6.7 -27.8
v -33.2 -8.0 -14.3
v -33.1 -7.0 -12.7
v -33.5 -6.1 -27.9
v -34.2 -4.3 -28.3
v -32.9 -5.0 -27.0
v -33.5 -5.1 -25.7
v -33.1 -6.0 -22.0
v -33.3 -5.0 -21.0
v -34.3 -3.3 -27.1
v -33.0 -5.0 -10.8
v -33.7 -2.8 -21.3
v -33.3 -2.0 -21.0
v -33.0 -1.9 -9.7
v -33.1 -1.3 -29.0
v -33.6 -1.0 -26.9
v -33.4 -0.8 -25.0
v -33.3 0.2 -26.5
v -33.0 2.4 -29.0
v -33.0 4.0 -10.0
v -33.1 5.0 -7.9
v -33.6 6.5 -25.0
v -33.3 7.0 -23.9
v -32.7 6.8 -8.2
v -33.0 8.0 -23.5
v -34.0 7.9 -22.8
v -33.4 9.7 -22.6
v -34.5 9.4 -10.3
v -33.7 9.1 -9.5
v -33.1 11.2 -22.1
v -33.3 11.7 -21.1
v -33.1 11.6 -16.4
v -33.2 11.2 -10.0
v -33.0 12.3 -10.8
v -33.1 13.2 -12.0
v -31.2 -44.4 -1.8
v -33.1 -44.4 -0.1
v -32.0 -43.0 -4.5
v -32.0 -43.5 0.0
v -31.9 -42.8 4.2
v -32.0 -42.0 6.0
v -32.0 -41.0 -5.2
v -31.9 -40.5 6.4
v -32.6 -37.9 -3.3
v -32.8 -37.9 -4.0
v -32.0 -37.1 -1.7
v -32.0 -35.5 -2.8
v -32.0 -35.4 5.9
v -32.0 -34.0 4.4
v -32.0 -33.0 -5.1
v -32.0 -31.0 -5.9
v -32.0 -31.2 2.7
v -32.0 -32.0 4.0
v -31.2 -29.7 -0.7
v -31.9 -28.0 -22.1
v -32.0 -28.0 -18.5
v -32.0 -26.5 -24.0
v -32.0 -27.0 -18.2
v -32.4 -26.0 -9.3
v -31.8 -27.2 -8.7
v -32.0 -26.2 -3.3
v -31.9 -24.3 -25.3
v -31.9 -25.5 -19.1
v -32.0 -24.0 -4.3
v -31.7 -22.9 -24.5
v -32.1 -22.9 -21.7
v -32.0 -23.5 -21.0
v -32.0 -24.0 -9.7
v -33.0 -22.0 -26.1
v -31.9 -22.0 -22.0
v -31.9 -22.1 -6.2
v -31.2 -22.8 -4.7
v -31.8 -21.1 -27.1
v -31.8 -20.4 -25.8
v -33.1 -20.0 -29.3
v -31.8 -19.3 -28.6
v -32.9 -19.1 -24.6
v -31.8 -21.1 -23.7
v -32.9 -19.0 -29.2
v -31.8 -18.9 -26.0
v -32.0 -18.3 -12.4
v -32.0 -17.9 -28.0
v -30.4 -17.0 -13.3
v -32.9 -16.1 -13.7
v -32.6 -15.0 -6.6
v -31.9 -11.9 -15.8
v -32.0 -12.7 -8.7
v -32.0 -11.2 -18.0
v -32.0 -11.3 -17.0
v -31.8 -11.9 -10.4
v -31.9 -10.3 -23.1
v -32.5 -10.7 -22.9
v -31.9 -10.0 -12.2
v -33.1 -8.8 -23.9
v -32.0 -9.2 -24.1
v -32.2 -9.0 -12.6
v -32.8 -8.1 -27.1
v -32.0 -8.0 -25.5
v -32.0 -8.0 -24.6
v -32.3 -8.0 -12.8
v -32.5 -6.9 -25.0
v -32.0 -7.2 -23.8
v -31.9 -6.9 -25.6
v -32.0 -6.0 -27.0
v -33.0 -5.7 -24.0
v -31.3 -7.0 -23.0
v -33.0 -5.6 -23.0
v -32.4 -6.2 -21.0
v -31.8 -6.7 -12.0
v -32.6 -2.5 -19.9
v -32.0 -3.0 -18.6
v -33.2 -0.8 -22.0
v -32.6 0.0 -28.0
v -31.9 0.6 -25.1
v -32.7 0.7 -29.2
v -31.4 -1.5 -9.5
v -31.5 2.1 -28.0
v -32.0 3.4 -9.0
v -32.1 3.9 -7.0
v -32.2 5.0 -6.7
v -31.4 6.9 -24.0
v -32.0 6.1 -6.7
v -32.0 8.0 -24.1
v -32.6 9.0 -23.5
v -32.0 8.7 -9.0
v -31.8 11.3 -21.1
v -33.1 11.7 -19.6
v -32.0 11.3 -18.4
v -32.0 11.2 -9.8
v -31.1 -44.3 -3.0
v -31.8 -44.2 -1.1
v -31.0 -43.3 0.8
v -31.1 -43.1 5.1
v -31.9 -42.0 -5.1
v -31.0 -42.2 -1.0
v -31.0 -42.2 0.1
v -31.0 -42.0 5.7
v -31.1 -40.9 -4.3
v -31.2 -40.0 -2.7
v -31.0 -41.0 5.9
v -31.2 -37.9 -1.1
v -31.0 -39.1 6.7
v -30.1 -38.6 7.4
v -31.0 -34.8 -2.9
v -30.3 -34.1 3.2
v -30.9 -31.7 -5.8
v -31.4 -32.4 3.3
v -31.2 -30.6 1.4
v -31.1 -30.3 0.0
v -32.0 -29.8 2.0
v -31.7 -29.1 -19.1
v -30.7 -29.2 -2.6
v -31.5 -27.8 -20.6
v -30.7 -28.0 -3.0
v -31.6 -26.5 -22.6
v -31.5 -26.5 -18.9
v -31.0 -27.0 -9.3
v -31.7 -25.9 -25.1
v -31.6 -25.9 -23.3
v -30.8 -27.0 -3.6
v -31.5 -24.0 -22.1
v -31.4 -26.0 -20.1
v -30.7 -24.9 -19.7
v -31.9 -23.0 -10.4
v -31.0 -24.2 -3.8
v -31.5 -23.0 -23.7
v -31.2 -23.0 -22.0
v -30.9 -23.9 -19.9
v -31.9 -21.1 -28.1
v -31.7 -21.0 -25.0
v -31.4 -19.9 -27.9
v -31.6 -18.9 -26.8
v -31.0 -19.3 -12.2
v -30.9 -19.0 -28.1
v -30.8 -16.3 -6.5
v -31.1 -14.2 -14.5
v -30.9 -15.0 -7.3
v -30.7 -10.9 -10.4
v -30.7 -12.3 -9.2
v -31.1 -9.8 -20.0
v -31.7 -10.4 -19.4
v -31.0 -9.3 -24.2
v -30.7 -9.1 -23.0
v -30.6 -9.1 -21.0
v -30.8 -8.9 -11.4
v -31.1 -10.0 -10.8
v -31.0 -8.0 -23.0
v -31.7 -7.0 -27.1
v -31.0 -7.0 -26.0
v -31.4 -7.0 -22.0
v -31.1 -7.2 -11.7
v -32.1 -6.1 -19.9
v -31.0 -4.9 -10.5
v -30.6 -2.7 -9.9
v -31.7 -0.2 -20.8
v -31.3 -2.0 -18.0
v -31.2 0.0 -19.9
v -31.4 0.9 -28.0
v -31.2 1.3 -27.0
v -31.1 1.3 -22.1
v -30.1 1.5 -21.1
v -31.3 2.1 -9.5
v -32.0 3.0 -28.3
v -31.0 3.3 -8.4
v -31.1 3.8 -6.8
v -32.5 5.0 -26.5
v -31.0 5.4 -6.5
v -31.0 7.0 -26.0
v -31.8 6.6 -25.0
v -31.2 8.1 -25.2
v -31.2 9.0 -25.0
v -31.0 9.0 -23.0
v -32.0 10.0 -23.1
v -31.1 9.7 -9.3
v -31.0 10.5 -22.0
v -30.9 10.6 -18.7
v -32.1 11.5 -15.3
v -31.7 10.7 -17.0
v -30.7 10.5 -12.7
v -31.1 10.7 -12.2
v -31.9 12.2 -12.0
v -30.9 -43.0 -4.2
v -29.7 -43.1 -1.9
v -30.0 -42.7 0.1
v -30.2 -43.4 4.9
v -30.0 -42.1 6.2
v -29.8 -40.6 6.6
v -31.2 -36.5 -2.0
v -30.0 -36.8 -0.7
v -29.3 -36.9 7.3
v -29.9 -35.2 -2.4
v -30.0 -35.2 3.9
v -30.1 -35.7 6.0
v -30.0 -33.4 -4.2
v -30.0 -31.8 -6.0
v -31.1 -30.4 -7.1
v -29.9 -31.7 -7.1
v -30.1 -30.2 -3.9
v -30.3 -30.2 -1.6
v -30.2 -29.1 -5.0
v -29.8 -27.2 -9.2
v -30.1 -28.1 -5.8
v -29.7 -26.6 -4.9
v -30.9 -24.0 -21.0
v -29.6 -23.8 -4.9
v -29.8 -21.9 -6.7
v -29.9 -22.9 -4.9
v -30.6 -21.4 -10.6
v -29.9 -20.2 -6.7
v -30.0 -18.0 -12.8
v -30.6 -14.7 -13.8
v -29.9 -13.8 -15.5
v -31.0 -12.9 -15.1
v -30.8 -12.2 -16.3
v -30.6 -12.8 -7.7
v -31.0 -10.9 -17.0
v -30.0 -10.7 -17.7
v -29.2 -10.0 -10.6
v -30.1 -9.0 -24.0
v -30.0 -9.0 -20.2
v -30.9 -8.0 -26.1
v -30.9 -8.0 -25.0
v -30.8 -7.9 -24.0
v -30.6 -7.8 -21.1
v -28.7 -9.2 -11.4
v -30.5 -6.9 -19.8
v -30.1 -6.1 -17.8
v -32.4 -5.0 -19.8
v -30.9 -5.2 -10.7
v -32.1 -4.0 -18.8
v -30.1 -1.8 -16.8
v -30.1 1.2 -19.8
v -30.2 -0.2 -9.5
v -29.9 1.7 -25.7
v -30.3 3.2 -26.8
v -30.0 2.0 -9.8
v -29.8 3.7 -7.9
v -29.9 3.9 -6.9
v -29.5 5.3 -26.2
v -29.8 6.0 -6.7
v -30.5 5.9 -25.8
v -30.0 7.1 -26.3
v -30.0 7.9 -6.6
v -30.9 9.1 -26.0
v -30.0 8.0 -25.7
v -30.9 8.7 -24.0
v -30.8 9.9 -22.8
v -30.3 9.4 -8.3
v -30.1 10.3 -24.8
v -30.1 10.3 -22.9
v -30.8 11.2 -20.7
v -31.8 12.1 -10.9
v -31.0 11.2 -9.9
v -29.8 -43.0 -3.0
v -29.0 -43.3 -0.0
v -30.4 -43.5 1.4
v -29.5 -42.0 -3.0
v -28.7 -42.1 -2.1
v -29.6 -42.5 -1.0
v -29.0 -42.6 4.9
v -29.0 -42.1 6.1
v -29.8 -40.9 -3.0
v -29.6 -40.8 -2.0
v -29.1 -41.2 -1.0
v -29.1 -41.2 7.1
v -29.1 -40.0 8.2
v -29.7 -39.2 -0.4
v -29.2 -38.9 0.9
v -29.7 -38.0 -0.2
v -29.1 -39.1 8.2
v -29.0 -38.0 7.7
v -29.0 -36.9 0.2
v -29.0 -35.4 -2.1
v -28.9 -35.7 5.3
v -29.0 -33.7 -3.9
v -28.7 -35.3 3.5
v -28.8 -33.9 2.3
v -29.0 -33.2 -5.1
v -28.7 -32.2 0.5
v -29.6 -32.9 2.7
v -29.0 -31.4 -7.2
v -30.1 -29.1 -8.4
v -29.0 -30.5 -4.0
v -28.9 -30.8 -0.9
v -28.8 -29.0 -9.3
v -28.8 -27.9 -9.4
v -29.1 -28.0 -6.5
v -29.0 -27.1 -10.0
v -29.4 -27.2 -7.0
v -29.2 -27.2 -9.0
v -29.7 -26.0 -9.7
v -29.1 -25.8 -10.3
v -28.9 -26.5 -9.0
v -29.4 -26.0 -8.0
v -29.0 -24.0 -10.4
v -29.5 -23.4 -10.7
v -29.7 -22.7 -6.0
v -29.4 -21.1 -7.9
v -28.7 -20.0 -7.8
v -29.2 -18.6 -13.3
v -29.6 -18.5 -6.7
v -29.0 -15.7 -13.7
v -28.9 -15.8 -6.7
v -28.9 -14.2 -15.4
v -28.7 -14.9 -7.7
v -28.9 -12.8 -15.8
v -28.9 -12.3 -9.4
v -29.0 -11.0 -10.5
v -29.9 -10.1 -19.1
v -29.2 -10.0 -17.8
v -29.1 -8.7 -18.7
v -29.0 -6.9 -18.4
v -29.9 -5.1 -17.4
v -28.7 -6.1 -11.3
v -28.9 -5.2 -8.8
v -29.0 -4.0 -15.7
v -29.8 -3.0 -16.4
v -29.1 -3.4 -8.8
v -28.9 -0.7 -16.9
v -28.8 -1.5 -9.3
v -29.0 -0.0 -10.1
v -28.9 1.3 -19.0
v -29.6 2.0 -27.0
v -29.0 2.3 -21.1
v -28.3 1.7 -20.0
v -29.0 2.5 -25.9
v -29.4 3.1 -9.2
v -29.3 5.0 -8.9
v -28.7 6.0 -7.9
v -29.0 6.0 -26.4
v -28.4 7.8 -6.9
v -29.0 8.7 -26.5
v -29.0 8.2 -6.8
v -29.0 9.3 -7.9
v -30.0 10.0 -26.0
v -29.0 9.7 -13.0
v -29.7 9.6 -12.0
v -29.1 9.7 -10.6
v -29.9 10.2 -9.9
v -29.0 10.3 -21.9
v -29.6 10.5 -20.7
v -27.9 -43.4 1.9
v -28.9 -43.5 3.8
v -28.0 -43.3 5.0
v -28.1 -42.0 -1.9
v -27.8 -42.1 -0.9
v -28.4 -41.2 -0.0
v -28.3 -41.0 1.0
v -28.0 -41.9 5.9
v -27.8 -41.2 8.1
v -28.8 -40.0 -0.0
v -28.0 -36.7 0.3
v -28.0 -36.9 8.2
v -28.0 -35.1 1.9
v -28.0 -35.5 4.0
v -27.8 -36.3 6.7
v -28.0 -33.1 -5.4
v -27.9 -31.6 -1.3
v -28.0 -31.2 -4.1
v -28.0 -26.7 -10.0
v -27.9 -27.7 -7.9
v -28.7 -24.8 -10.0
v -28.6 -25.0 -9.0
v -28.2 -22.7 -11.7
v -27.8 -23.4 -11.2
v -28.1 -23.0 -10.4
v -28.4 -22.1 -9.3
v -28.1 -21.0 -10.1
v -28.4 -20.2 -9.0
v -29.0 -20.7 -12.5
v -28.0 -19.9 -13.5
v -27.8 -19.0 -7.9
v -27.9 -18.0 -6.8
v -28.0 -16.0 -13.8
v -27.5 -15.5 -15.2
v -28.1 -15.9 -10.0
v -28.3 -15.1 -9.9
v -28.0 -16.1 -6.7
v -28.0 -14.0 -11.1
v -28.8 -13.0 -8.0
v -28.1 -13.5 -11.5
v -28.0 -12.0 -11.9
v -27.9 -11.3 -17.1
v -28.2 -10.9 -11.3
v -27.9 -10.1 -17.4
v -27.5 -8.0 -17.9
v -27.8 -7.1 -11.6
v -28.4 -6.3 -17.3
v -28.0 -6.4 -10.9
v -28.0 -6.1 -8.9
v -28.6 -3.0 -15.4
v -28.4 -2.6 -8.9
v -28.0 -1.0 -8.9
v -27.5 0.6 -18.0
v -29.0 1.0 -9.8
v -29.1 3.3 -26.4
v -27.7 2.4 -23.5
v -28.0 2.3 -21.1
v -28.1 0.1 -10.3
v -27.9 4.0 -10.5
v -28.0 6.2 -27.2
v -28.4 6.1 -9.8
v -28.7 5.2 -9.7
v -28.3 8.0 -8.0
v -27.8 9.0 -9.1
v -27.7 9.3 -11.5
v -28.0 9.0 -8.0
v -28.9 10.5 -25.2
v -29.0 10.6 -23.5
v -28.0 10.7 -18.7
v -28.1 10.6 -15.0
v -28.7 10.4 -14.0
v -28.1 11.3 -20.0
v -27.9 -43.2 0.1
v -27.0 -42.0 1.0
v -28.2 -40.0 2.1
v -27.0 -41.7 6.8
v -27.1 -37.6 2.0
v -28.1 -38.9 8.5
v -26.9 -36.3 -2.1
v -28.1 -35.8 -1.2
v -26.7 -36.5 -0.7
v -27.0 -36.3 4.0
v -27.1 -36.4 5.9
v -27.7 -35.2 -3.3
v -26.1 -35.7 3.0
v -26.8 -33.8 1.2
v -28.0 -32.9 1.3
v -27.1 -32.9 -0.3
v -26.9 -27.8 -8.0
v -26.7 -24.9 -12.0
v -27.2 -24.1 -10.9
v -27.3 -24.6 -12.9
v -27.2 -21.6 -15.3
v -27.0 -22.0 -10.5
v -27.7 -21.1 -13.7
v -27.1 -20.0 -15.2
v -27.4 -20.1 -10.3
v -27.4 -19.0 -14.2
v -27.2 -18.3 -10.2
v -27.5 -18.5 -8.9
v -27.0 -17.3 -14.4
v -27.6 -16.5 -9.9
v -27.6 -17.2 -7.2
v -27.7 -15.8 -7.9
v -26.9 -16.7 -10.5
v -27.5 -12.8 -15.7
v -26.8 -13.9 -10.5
v -27.6 -11.9 -16.3
v -27.3 -12.2 -10.9
v -27.6 -11.1 -15.9
v -27.0 -11.0 -11.3
v -27.1 -10.1 -16.9
v -27.1 -10.7 -16.1
v -26.9 -8.5 -11.7
v -28.0 -6.9 -18.2
v -27.3 -6.0 -12.0
v -26.5 -5.9 -13.0
v -26.9 -6.3 -8.7
v -27.5 -5.1 -15.3
v -27.0 -4.2 -8.4
v -26.6 -3.0 -13.2
v -26.2 -3.2 -8.4
v -27.9 -1.4 -15.9
v -27.1 -0.6 -15.0
v -26.8 -2.1 -8.6
v -27.1 0.2 -17.0
v -26.6 0.3 -9.8
v -26.8 1.3 -10.5
v -26.7 1.6 -23.3
v -27.0 1.5 -21.0
v -27.0 1.3 -19.0
v -27.8 2.7 -25.1
v -28.1 4.6 -26.2
v -27.0 6.0 -26.7
v -27.4 5.4 -11.1
v -27.0 7.0 -27.5
v -27.6 7.1 -10.2
v -28.0 8.0 -27.5
v -27.4 8.9 -10.9
v -27.1 9.0 -28.2
v -27.0 8.9 -11.3
v -27.9 10.1 -27.0
v -27.0 9.7 -13.1
v -27.5 10.4 -25.9
v -27.7 11.9 -23.8
v -27.7 11.8 -21.2
v -27.0 11.6 -20.1
v -27.1 13.3 -22.3
v -26.9 -43.2 2.7
v -26.3 -41.9 2.3
v -28.2 -39.0 2.2
v -26.0 -39.9 8.4
v -26.0 -37.8 3.0
v -25.4 -38.1 4.0
v -25.2 -37.0 8.2
v -25.9 -37.3 0.1
v -27.0 -36.9 1.0
v -26.1 -36.4 4.2
v -26.3 -36.8 8.2
v -26.0 -35.4 1.8
v -24.9 -33.9 1.2
v -25.1 -32.8 0.3
v -26.0 -32.3 -1.0
v -26.9 -30.0 -8.5
v -27.0 -31.2 -4.0
v -26.8 -29.0 -9.2
v -25.8 -28.9 -8.2
v -26.9 -29.4 -6.0
v -25.8 -30.3 -4.2
v -26.9 -27.9 -9.1
v -26.8 -28.5 -7.0
v -26.1 -27.0 -12.0
v -26.5 -26.0 -13.0
v -25.1 -28.0 -10.8
v -26.4 -24.6 -14.9
v -25.4 -24.7 -10.7
v -26.4 -23.1 -15.2
v -26.0 -21.7 -11.4
v -25.4 -18.3 -10.6
v -25.1 -18.0 -15.3
v -26.0 -12.0 -13.1
v -27.0 -11.0 -17.9
v -25.9 -11.0 -16.5
v -27.0 -11.1 -15.0
v -25.7 -10.7 -10.6
v -26.0 -10.7 -17.0
v -26.6 -10.0 -15.7
v -26.1 -9.9 -10.9
v -25.9 -9.1 -12.4
v -26.0 -8.0 -17.0
v -26.8 -6.9 -17.2
v -27.0 -5.8 -16.0
v -25.7 -8.0 -13.0
v -26.5 -4.5 -11.8
v -25.0 -4.0 -10.1
v -26.0 -6.0 -7.8
v -26.6 -4.5 -14.1
v -26.5 -4.2 -11.0
v -26.0 -4.0 -7.8
v -26.7 -1.9 -13.3
v -26.2 -0.4 -14.0
v -26.0 -1.1 -9.3
v -26.0 -0.3 -17.9
v -25.8 -0.3 -16.0
v -27.0 0.1 -16.0
v -26.0 -0.0 -15.0
v -26.0 0.0 -13.0
v -25.8 0.4 -19.0
v -25.9 2.6 -25.3
v -25.5 1.4 -22.0
v -26.2 1.4 -10.9
v -26.6 2.9 -11.0
v -26.5 4.1 -26.4
v -26.0 4.0 -12.3
v -25.4 5.0 -12.8
v -25.9 6.1 -11.7
v -26.8 7.9 -28.3
v -26.0 9.0 -11.4
v -26.0 10.1 -28.2
v -25.9 9.9 -13.1
v -26.0 10.7 -26.7
v -26.7 10.9 -14.1
v -27.0 12.2 -25.1
v -26.0 11.9 -20.0
v -26.8 11.7 -18.8
v -26.6 11.8 -15.0
v -26.4 12.0 -13.0
v -25.2 12.9 -23.0
v -26.0 13.0 -21.4
v -26.4 12.2 -16.0
v -26.3 12.3 -11.8
v -26.1 14.0 -14.0
v -26.0 14.0 -12.0
v -25.5 -41.2 3.8
v -25.2 -42.1 6.5
v -25.3 -41.0 8.3
v -25.1 -40.0 5.2
v -25.0 -39.0 5.2
v -25.0 -39.7 7.6
v -24.9 -38.0 3.2
v -24.8 -37.5 0.1
v -24.7 -36.5 2.0
v -25.0 -36.4 3.0
v -25.0 -36.1 4.0
v -25.1 -36.5 6.7
v -24.9 -35.0 1.4
v -25.0 -32.3 -6.3
v -25.0 -31.0 -7.6
v -26.5 -31.5 -2.3
v -25.0 -31.7 -1.0
v -25.7 -30.5 -3.3
v -25.1 -28.2 -13.0
v -25.2 -28.3 -12.0
v -25.6 -26.8 -13.9
v -25.0 -26.5 -15.0
v -26.1 -26.1 -15.1
v -25.0 -23.8 -16.3
v -25.9 -22.9 -10.6
v -25.7 -21.7 -15.7
v -25.1 -19.3 -15.4
v -25.7 -20.1 -11.5
v -26.0 -19.0 -14.8
v -25.2 -16.1 -15.6
v -25.9 -13.9 -15.6
v -26.0 -13.0 -16.1
v -25.9 -11.8 -16.2
v -24.9 -11.9 -15.1
v -26.0 -12.2 -13.9
v -25.7 -11.0 -18.2
v -24.2 -11.1 -17.0
v -25.9 -11.1 -13.1
v -25.7 -10.0 -14.0
v -25.9 -10.0 -13.0
v -25.6 -9.0 -16.0
v -25.0 -9.0 -15.0
v -25.5 -7.8 -15.5
v -25.0 -9.0 -14.0
v -25.7 -6.3 -14.1
v -25.2 -6.2 -8.1
v -24.9 -5.3 -7.9
v -25.8 -3.0 -12.0
v -25.4 -2.9 -10.4
v -25.0 -3.0 -8.6
v -25.5 -0.1 -12.0
v -25.3 -1.5 -10.9
v -25.0 0.2 -14.0
v -25.4 0.0 -11.0
v -25.0 0.1 -10.0
v -24.9 -0.8 -8.8
v -25.7 0.6 -20.9
v -25.0 0.7 -12.0
v -25.5 1.0 -11.2
v -24.9 2.0 -11.8
v -24.9 3.1 -12.5
v -25.3 6.0 -26.7
v -25.1 8.9 -12.4
v -25.0 10.0 -11.9
v -25.0 10.2 -28.2
v -25.9 11.0 -13.2
v -25.0 11.0 -11.8
v -25.5 12.4 -25.1
v -27.0 13.1 -23.9
v -25.6 12.8 -18.8
v -25.0 12.9 -11.6
v -25.0 13.5 -22.0
v -25.0 14.1 -21.0
v -25.7 13.6 -17.0
v -24.9 14.0 -16.0
v -26.4 13.2 -13.1
v -25.1 15.0 -17.1
v -25.1 14.2 -11.8
v -25.1 15.2 -14.0
v -24.0 -43.4 4.1
v -24.9 -41.9 2.8
v -23.9 -43.4 5.2
v -23.9 -40.1 5.6
v -23.1 -40.6 7.4
v -24.0 -38.8 5.4
v -24.0 -38.0 3.8
v -22.3 -37.5 -0.0
v -24.7 -37.5 2.1
v -24.5 -37.1 7.6
v -24.2 -36.5 -1.9
v -24.0 -36.4 2.0
v -24.4 -36.4 5.0
v -24.0 -35.3 1.0
v -23.0 -34.4 -4.1
v -23.9 -33.2 -5.4
v -23.6 -32.9 -0.0
v -24.2 -31.0 -8.0
v -24.0 -31.7 -0.8
v -24.9 -30.0 -8.1
v -25.0 -29.7 -5.2
v -24.0 -30.8 -2.2
v -25.0 -28.9 -7.0
v -24.0 -28.4 -12.7
v -24.1 -28.2 -10.8
v -24.0 -27.4 -14.2
v -23.8 -26.2 -10.4
v -25.8 -24.4 -15.6
v -24.1 -24.7 -16.4
v -23.9 -24.5 -10.4
v -24.0 -23.0 -11.1
v -24.9 -22.0 -16.3
v -24.7 -18.9 -11.3
v -24.1 -17.0 -15.6
v -23.1 -18.5 -10.6
v -24.6 -15.3 -15.8
v -24.2 -12.7 -15.3
v -22.6 -16.3 -10.6
v -24.0 -12.0 -11.7
v -23.5 -12.6 -10.5
v -24.6 -11.0 -12.1
v -24.0 -10.8 -11.1
v -24.8 -9.9 -12.0
v -24.9 -9.9 -10.9
v -24.5 -4.0 -7.8
v -24.6 -3.0 -9.0
v -24.0 -2.0 -9.0
v -23.7 -1.3 -16.0
v -24.0 -1.0 -10.0
v -23.7 -0.6 -16.9
v -24.7 -0.5 -15.3
v -23.8 -0.2 -13.8
v -23.9 -0.9 -8.9
v -24.0 1.0 -21.0
v -23.7 0.9 -20.0
v -23.0 0.7 -19.2
v -24.0 0.9 -12.8
v -24.2 1.7 -24.0
v -24.0 1.7 -23.0
v -24.6 2.8 -26.2
v -24.0 2.4 -25.0
v -24.1 2.4 -21.9
v -24.6 4.0 -26.7
v -24.0 4.2 -13.6
v -24.4 7.2 -28.2
v -23.2 6.0 -14.3
v -25.0 8.0 -29.0
v -25.0 9.0 -29.1
v -24.0 9.2 -28.5
v -24.1 8.8 -13.3
v -24.1 10.6 -26.9
v -24.9 13.0 -20.0
v -23.8 12.5 -12.5
v -24.0 14.9 -21.0
v -24.5 16.0 -16.9
v -24.0 14.0 -11.9
v -23.9 15.0 -12.5
v -24.1 15.5 -18.1
v -23.9 16.0 -17.6
v -24.4 16.0 -16.0
v -25.0 15.2 -13.0
v -24.1 17.1 -16.0
v -23.3 -44.0 4.9
v -22.4 -45.1 6.1
v -24.1 -43.1 2.9
v -23.2 -42.9 4.5
v -23.8 -42.3 7.2
v -23.8 -41.9 3.9
v -24.0 -41.0 8.1
v -23.0 -40.8 6.5
v -23.0 -39.0 6.3
v -22.8 -37.5 4.9
v -23.5 -37.3 -1.2
v -22.9 -37.4 1.0
v -23.1 -35.5 -2.9
v -23.8 -36.2 6.4
v -23.0 -36.9 7.2
v -23.0 -35.1 -0.1
v -22.5 -34.0 -0.9
v -23.0 -33.5 -5.0
v -23.0 -33.1 -4.0
v -22.5 -32.1 -8.7
v -23.1 -32.3 -5.1
v -23.7 -30.7 -4.9
v -23.6 -31.0 -3.4
v -22.9 -31.9 -0.9
v -23.0 -30.6 -5.7
v -24.0 -30.2 -7.0
v -23.0 -27.6 -13.2
v -22.8 -28.2 -12.0
v -22.9 -28.1 -10.9
v -22.8 -27.3 -15.1
v -23.2 -26.2 -15.6
v -23.0 -26.1 -10.1
v -23.0 -25.0 -9.9
v -23.0 -23.3 -10.7
v -23.0 -22.0 -16.6
v -23.4 -20.8 -16.4
v -22.9 -21.8 -11.5
v -22.3 -19.5 -11.4
v -23.7 -16.0 -16.2
v -20.8 -13.5 -10.5
v -23.7 -12.6 -13.9
v -24.0 -12.8 -13.0
v -23.0 -12.1 -11.7
v -23.0 -10.8 -11.0
v -23.8 -11.1 -10.8
v -22.8 -1.3 -14.9
v -23.3 -0.4 -18.0
v -21.2 -0.1 -13.7
v -23.0 1.0 -13.4
v -22.8 1.9 -22.0
v -24.0 2.0 -20.1
v -23.2 2.2 -19.8
v -23.0 2.0 -13.5
v -22.8 2.4 -23.2
v -23.0 2.5 -21.0
v -23.0 3.0 -14.3
v -22.3 3.9 -15.0
v -23.9 6.0 -27.6
v -23.8 8.1 -28.5
v -23.1 10.0 -13.4
v -24.0 12.2 -25.0
v -23.9 12.5 -22.8
v -23.0 12.0 -13.3
v -23.9 13.7 -21.7
v -23.1 13.5 -21.2
v -23.0 14.0 -20.0
v -22.8 14.0 -12.6
v -24.1 15.2 -20.0
v -23.0 15.3 -19.2
v -24.2 15.5 -15.1
v -23.4 15.8 -13.7
v -22.6 15.7 -13.2
v -22.4 17.4 -16.9
v -23.2 17.4 -15.4
v -22.1 -45.2 4.9
v -22.1 -45.1 7.1
v -22.3 -44.0 7.3
v -22.0 -43.0 4.7
v -22.1 -42.3 7.5
v -21.8 -40.9 7.0
v -21.8 -39.1 7.0
v -22.0 -37.2 -1.1
v -22.7 -37.3 2.2
v -21.9 -37.4 5.1
v -21.9 -37.8 7.1
v -22.2 -36.6 1.6
v -21.6 -36.7 5.9
v -22.0 -35.0 -3.4
v -20.5 -35.0 -3.2
v -21.9 -35.7 -1.9
v -23.0 -35.7 1.9
v -22.0 -34.4 -4.0
v -22.2 -34.2 -1.8
v -21.9 -34.7 -0.8
v -21.3 -32.7 -8.1
v -22.3 -33.4 -6.5
v -22.0 -33.2 -4.4
v -22.3 -33.4 -3.0
v -21.9 -31.9 -5.3
v -22.8 -32.0 -3.0
v -22.7 -31.8 -1.9
v -23.0 -30.0 -8.0
v -22.0 -29.5 -7.2
v -21.6 -29.8 -5.8
v -22.0 -27.4 -12.0
v -22.2 -26.9 -11.3
v -22.0 -26.1 -11.2
v -23.1 -24.9 -16.3
v -21.4 -25.1 -10.7
v -22.0 -23.3 -16.2
v -21.4 -24.1 -10.6
v -21.3 -23.0 -11.4
v -22.0 -22.1 -17.2
v -22.1 -21.0 -17.3
v -22.2 -20.0 -17.1
v -22.9 -19.9 -15.8
v -19.9 -20.6 -11.5
v -22.1 -17.5 -15.5
v -22.0 -14.5 -15.6
v -23.1 -12.7 -15.2
v -22.1 -12.2 -12.8
v -22.1 -11.0 -18.3
v -22.3 -11.0 -16.9
v -22.0 -0.2 -17.4
v -22.0 1.0 -19.1
v -22.0 2.0 -18.9
v -21.9 2.5 -24.4
v -22.0 3.1 -23.0
v -22.1 3.3 -20.9
v -21.8 3.0 -14.5
v -24.6 5.0 -27.3
v -21.5 4.9 -15.9
v -21.3 7.3 -15.1
v -22.0 8.0 -28.7
v -22.7 8.9 -28.2
v -22.8 10.1 -27.0
v -23.1 8.2 -14.1
v -21.7 8.5 -14.7
v -22.0 10.0 -14.3
v -22.4 10.7 -25.4
v -22.0 10.7 -23.2
v -21.9 11.1 -13.6
v -22.1 12.1 -21.9
v -21.6 14.3 -21.1
v -22.0 13.0 -12.9
v -21.6 14.6 -20.0
v -22.0 15.0 -12.9
v -24.0 17.1 -17.2
v -22.0 17.1 -14.0
v -20.8 -45.8 5.0
v -21.1 -45.3 7.2
v -21.1 -43.6 4.7
v -21.0 -43.0 7.5
v -21.4 -42.3 5.7
v -21.1 -42.4 7.0
v -21.7 -38.0 6.0
v -20.9 -37.1 3.6
v -20.9 -37.2 6.2
v -20.7 -36.3 -1.0
v -21.0 -36.4 0.1
v -20.8 -35.3 -2.0
v -20.9 -35.6 0.1
v -22.1 -34.3 -5.0
v -19.2 -34.3 -4.0
v -21.5 -34.0 -3.0
v -20.7 -34.9 -1.0
v -20.0 -33.7 -6.0
v -21.2 -32.1 -10.1
v -21.0 -33.0 -9.0
v -21.9 -31.0 -8.7
v -20.8 -32.0 -4.7
v -21.1 -31.0 -10.2
v -21.9 -26.5 -15.8
v -20.0 -27.2 -11.8
v -20.4 -26.7 -15.6
v -20.7 -25.0 -10.5
v -21.0 -23.0 -15.9
v -20.1 -22.2 -17.4
v -21.0 -20.0 -18.1
v -21.0 -18.9 -17.0
v -21.7 -16.8 -11.4
v -22.0 -16.0 -16.1
v -21.0 -14.0 -16.1
v -21.6 -11.9 -15.0
v -21.2 -12.2 -13.9
v -20.8 -11.2 -18.4
v -20.9 -11.4 -12.8
v -21.6 -10.7 -18.1
v -21.0 -11.0 -17.0
v -22.1 -10.9 -12.1
v -21.0 -1.5 -16.0
v -19.9 0.8 -13.7
v -20.7 2.6 -23.1
v -22.0 3.2 -19.9
v -21.1 3.0 -18.0
v -21.0 2.0 -13.7
v -21.1 3.7 -15.2
v -21.0 6.0 -16.2
v -21.3 7.0 -28.4
v -22.0 8.1 -27.0
v -21.0 8.0 -15.3
v -20.8 9.0 -26.2
v -21.9 10.1 -26.1
v -21.0 10.0 -24.1
v -20.9 11.8 -22.8
v -21.0 13.0 -22.3
v -21.0 13.0 -14.1
v -20.9 14.0 -13.6
v -20.7 15.1 -13.5
v -21.1 16.3 -13.6
v -20.7 -46.0 4.0
v -20.2 -46.4 4.1
v -20.0 -46.2 7.1
v -20.0 -45.0 2.7
v -20.9 -45.1 4.4
v -20.1 -44.8 7.7
v -20.1 -43.8 3.9
v -20.0 -43.6 8.2
v -19.9 -42.1 6.3
v -20.2 -41.8 7.1
v -20.0 -40.8 7.0
v -19.8 -37.4 1.9
v -19.9 -37.4 2.9
v -19.3 -37.0 4.8
v -20.0 -37.0 6.6
v -21.0 -36.0 -1.4
v -20.7 -36.5 1.6
v -20.1 -36.6 6.0
v -19.4 -34.4 -5.5
v -20.0 -33.0 -9.0
v -20.0 -31.8 -10.6
v -19.0 -29.9 -5.6
v -20.6 -29.9 -9.9
v -20.1 -29.1 -8.7
v -20.0 -28.0 -8.0
v -20.6 -28.7 -7.0
v -19.0 -27.2 -15.0
v -20.1 -27.5 -13.5
v -20.0 -26.0 -16.1
v -20.0 -26.0 -10.9
v -21.5 -24.7 -15.7
v -21.0 -24.0 -16.2
v -19.9 -23.0 -15.9
v -20.6 -20.9 -18.0
v -19.9 -22.1 -10.7
v -20.2 -19.9 -18.3
v -19.7 -16.9 -15.8
v -21.1 -18.3 -15.8
v -20.8 -16.0 -15.5
v -20.0 -15.0 -15.6
v -19.1 -13.1 -10.7
v -20.6 -13.0 -15.9
v -20.0 -11.0 -18.0
v -20.0 -11.9 -16.1
v -19.8 -11.6 -14.3
v -20.0 -10.5 -12.0
v -20.0 -10.3 -11.0
v -20.0 -2.0 -19.0
v -20.0 -2.0 -19.0
v -20.0 -2.0 -19.0
v -20.0 -3.0 -17.0
v -20.2 -2.2 -16.0
v -20.0 -1.0 -19.0
v -20.0 -1.0 -19.0
v -20.0 -1.0 -19.0
v -20.7 -0.6 -17.3
v -20.0 -1.4 -14.8
v -20.9 0.0 -17.5
v -20.3 0.9 -17.7
v -20.3 2.1 -17.7
v -19.9 1.9 -14.2
v -22.1 2.7 -26.1
v -20.0 3.5 -17.1
v -19.7 3.8 -26.2
v -21.0 3.4 -26.1
v -20.0 3.3 -22.0
v -21.0 3.5 -19.0
v -20.3 4.0 -17.4
v -20.0 3.7 -16.0
v -20.0 5.1 -27.4
v -20.3 3.7 -19.7
v -19.8 5.1 -17.0
v -21.0 8.1 -28.1
v -21.0 7.9 -27.0
v -19.9 9.1 -15.3
v -20.1 10.8 -23.8
v -19.9 10.9 -13.8
v -20.0 12.6 -22.8
v -21.0 12.0 -13.7
v -19.8 12.1 -14.4
v -19.9 15.3 -19.2
v -20.1 15.8 -17.8
v -20.0 16.0 -12.9
v -19.1 -46.3 7.2
v -18.3 -43.7 3.8
v -19.0 -45.0 8.2
v -20.0 -43.0 8.0
v -19.0 -41.9 5.9
v -18.8 -43.6 7.7
v -19.0 -37.2 0.9
v -18.8 -37.4 3.9
v -20.0 -37.0 4.0
v -18.8 -37.0 6.0
v -18.3 -36.5 -0.0
v -19.0 -35.1 -3.3
v -19.8 -35.7 -1.0
v -19.7 -35.5 3.6
v -19.9 -33.5 -7.4
v -20.6 -34.7 -3.0
v -19.7 -33.3 -10.0
v -18.4 -33.6 -8.9
v -19.0 -31.9 -11.3
v -19.0 -29.1 -10.8
v -19.0 -27.8 -9.1
v -18.8 -27.3 -13.3
v -19.0 -27.7 -7.9
v -20.0 -25.0 -16.3
v -19.0 -24.0 -16.4
v -18.9 -25.1 -10.7
v -19.0 -23.0 -17.2
v -19.0 -22.1 -18.2
v -19.0 -20.7 -18.6
v -18.9 -22.0 -10.8
v -19.0 -18.8 -18.2
v -19.4 -19.6 -12.1
v -19.9 -18.9 -16.8
v -19.4 -18.4 -11.6
v -18.9 -17.0 -11.6
v -20.0 -13.9 -16.2
v -19.0 -14.1 -14.9
v -19.9 -12.9 -16.3
v -19.6 -12.1 -15.1
v -20.0 -12.0 -17.0
v -19.0 -11.8 -14.4
v -19.1 -11.2 -12.9
v -19.1 -10.8 -10.7
v -19.0 -3.0 -19.3
v -19.1 -3.2 -18.8
v -17.7 -3.8 -17.0
v -19.0 -2.0 -19.6
v -19.7 -2.0 -17.9
v -19.1 -2.7 -16.1
v -19.0 -1.0 -19.8
v -19.0 -1.2 -17.8
v -19.0 -1.0 -18.4
v -19.0 -0.7 -19.0
v -19.0 0.1 -17.4
v -18.9 -1.0 -13.7
v -17.3 0.9 -13.7
v -19.0 2.6 -23.0
v -18.6 2.7 -21.8
v -19.0 3.9 -25.0
v -18.8 3.7 -16.0
v -19.0 3.2 -14.9
v -18.7 5.0 -18.7
v -19.1 5.0 -18.0
v -20.0 6.0 -28.1
v -19.9 7.0 -28.2
v -20.1 8.2 -27.4
v -19.5 7.4 -15.7
v -19.7 8.7 -25.9
v -19.9 10.1 -24.9
v -18.1 11.0 -13.8
v -19.1 12.9 -21.0
v -19.6 13.0 -20.0
v -19.6 14.1 -21.2
v -19.6 14.3 -20.0
v -18.8 14.9 -19.2
v -19.2 13.0 -14.4
v -20.2 17.2 -17.2
v -19.2 16.1 -12.8
v -20.9 17.5 -15.2
v -18.0 -46.5 4.0
v -18.0 -46.3 8.2
v -18.3 -45.0 2.7
v -18.0 -44.0 7.7
v -19.2 -43.2 5.1
v -17.9 -42.7 7.6
v -18.8 -40.7 7.0
v -18.1 -36.0 -1.3
v -18.0 -37.0 4.8
v -17.9 -36.0 5.3
v -18.4 -35.1 -3.9
v -18.0 -35.4 -2.0
v -17.0 -35.5 -0.9
v -20.0 -35.9 5.2
v -18.4 -34.4 -7.5
v -17.4 -34.7 -6.5
v -17.9 -34.0 -3.5
v -19.7 -35.0 -1.8
v -17.9 -33.2 -10.2
v -20.7 -34.0 -3.8
v -18.8 -31.0 -4.7
v -19.0 -29.8 -11.2
v -18.0 -29.2 -7.2
v -17.9 -30.1 -5.5
v -17.2 -27.8 -9.0
v -17.9 -27.8 -7.9
v -18.6 -26.1 -15.1
v -18.5 -26.0 -12.1
v -17.8 -25.0 -15.1
v -17.9 -25.0 -11.2
v -17.8 -23.2 -16.9
v -18.3 -24.1 -13.9
v -18.0 -22.2 -18.3
v -18.5 -24.0 -11.1
v -18.1 -23.0 -15.1
v -18.4 -23.0 -13.0
v -18.0 -22.2 -12.8
v -18.0 -21.0 -19.1
v -18.9 -21.0 -11.7
v -17.7 -20.9 -12.8
v -18.2 -20.1 -19.3
v -18.1 -19.1 -20.1
v -18.1 -18.0 -20.0
v -17.8 -18.1 -18.0
v -17.7 -18.2 -12.8
v -17.9 -14.1 -14.7
v -17.9 -15.8 -11.7
v -18.0 -11.7 -14.0
v -18.1 -13.1 -11.4
v -18.0 -11.0 -11.4
v -18.9 -9.9 -12.0
v -17.8 -4.5 -15.9
v -18.0 -3.1 -19.9
v -18.0 -3.4 -18.0
v -17.6 -2.9 -15.1
v -18.0 -1.0 -19.0
v -17.8 -1.9 -15.1
v -18.2 -1.0 -13.7
v -18.0 1.7 -16.6
v -19.0 2.2 -17.2
v -17.3 2.5 -23.4
v -18.0 2.3 -14.7
v -18.1 3.9 -26.1
v -17.9 3.4 -24.3
v -19.0 3.4 -21.0
v -17.7 3.6 -20.0
v -18.7 5.4 -26.7
v -19.1 7.0 -27.5
v -17.8 7.0 -17.3
v -18.1 7.9 -15.8
v -17.2 9.1 -15.4
v -16.9 11.1 -24.5
v -18.9 11.1 -24.3
v -18.0 11.9 -20.0
v -18.2 11.8 -19.0
v -18.1 12.0 -17.9
v -18.9 12.3 -23.2
v -18.7 13.0 -19.2
v -18.2 14.1 -17.5
v -17.9 12.0 -14.0
v -18.8 13.3 -22.0
v -18.8 15.3 -18.0
v -18.2 15.0 -16.9
v -18.0 13.8 -13.4
v -18.9 16.6 -16.9
v -18.0 15.8 -12.3
v -18.6 17.5 -15.6
v -19.9 17.3 -14.0
v -17.0 -47.0 4.0
v -17.0 -47.4 5.2
v -16.9 -47.2 7.0
v -17.0 -47.1 8.6
v -17.0 -45.0 3.0
v -16.8 -44.9 8.4
v -17.5 -44.6 8.4
v -18.0 -42.1 6.3
v -17.0 -42.9 8.2
v -17.8 -37.3 0.6
v -17.2 -37.6 2.5
v -16.7 -37.2 5.3
v -17.4 -36.1 -2.0
v -16.3 -35.8 -5.6
v -16.7 -35.7 -5.0
v -17.0 -35.0 -1.6
v -16.9 -34.2 -8.3
v -18.0 -34.6 -3.0
v -16.7 -33.2 -9.2
v -17.0 -33.2 -4.3
v -17.9 -31.6 -11.4
v -17.5 -29.6 -9.7
v -16.8 -30.7 -7.1
v -16.9 -30.9 -4.9
v -16.7 -29.4 -8.8
v -17.8 -25.0 -14.0
v -17.6 -22.6 -16.3
v -16.7 -22.1 -17.1
v -17.4 -21.0 -14.0
v -17.0 -18.9 -20.9
v -18.1 -18.6 -19.2
v -17.3 -18.1 -14.0
v -17.0 -16.9 -20.9
v -17.4 -17.0 -19.7
v -17.8 -17.0 -16.9
v -16.8 -17.0 -12.9
v -17.2 -16.1 -18.4
v -16.6 -16.0 -12.9
v -17.5 -15.7 -16.7
v -17.1 -15.0 -12.3
v -18.0 -14.9 -15.4
v -16.9 -14.1 -14.9
v -16.8 -13.8 -11.8
v -17.0 -10.5 -13.1
v -16.7 -10.9 -11.8
v -16.9 -9.7 -12.0
v -16.9 -5.4 -17.2
v -17.3 -4.9 -15.0
v -16.5 -4.9 -13.9
v -17.5 -3.0 -18.1
v -17.9 -2.0 -20.0
v -17.7 -1.8 -18.0
v -17.3 -1.8 -16.7
v -17.0 -0.9 -15.6
v -17.0 -0.7 -14.5
v -16.8 2.1 -16.1
v -17.0 3.7 -25.3
v -17.0 3.1 -22.0
v -17.0 2.9 -16.0
v -17.0 2.4 -14.9
v -17.3 5.9 -17.7
v -17.6 8.1 -27.0
v -17.0 9.1 -26.3
v -17.0 12.0 -12.9
v -17.9 12.4 -20.8
v -17.1 13.9 -11.9
v -15.9 14.0 -16.2
v -16.7 16.0 -11.5
v -17.7 17.2 -15.9
v -17.2 17.1 -12.0
v -15.9 -47.1 5.0
v -15.9 -47.1 6.0
v -17.0 -46.0 9.0
v -16.0 -44.1 5.2
v -16.1 -45.0 7.0
v -16.0 -44.0 8.7
v -17.1 -43.2 5.3
v -16.0 -42.0 8.4
v -17.0 -41.6 7.1
v -15.7 -38.7 2.1
v -16.2 -37.2 -3.8
v -16.2 -37.1 -2.0
v -16.1 -36.8 -1.0
v -16.4 -37.8 3.3
v -16.9 -35.7 -3.1
v -15.0 -36.0 5.6
v -16.0 -35.1 -7.2
v -16.0 -34.3 -3.2
v -16.9 -33.1 -10.1
v -16.3 -33.0 -6.0
v -16.1 -33.3 -5.1
v -16.0 -33.0 -4.0
v -16.7 -32.1 -10.2
v -16.5 -31.9 -9.1
v -16.4 -31.9 -7.6
v -16.8 -31.0 -10.1
v -17.0 -31.0 -8.0
v -16.7 -30.8 -5.9
v -16.9 -22.1 -18.1
v -16.7 -21.1 -18.3
v -16.7 -20.8 -15.1
v -16.9 -20.1 -19.3
v -16.3 -20.0 -16.9
v -17.0 -18.0 -21.2
v -15.7 -18.0 -16.0
v -16.0 -17.0 -20.1
v -16.6 -17.8 -14.8
v -16.3 -16.0 -15.0
v -15.7 -14.9 -13.0
v -15.9 -14.7 -17.0
v -16.1 -13.3 -14.6
v -16.8 -12.7 -14.3
v -15.6 -12.0 -12.8
v -16.0 -11.0 -13.6
v -16.3 -9.8 -13.0
v -16.0 -10.9 -12.6
v -16.2 -8.0 -14.0
v -15.8 -8.0 -12.8
v -16.1 -7.1 -12.9
v -15.7 -6.9 -15.8
v -16.5 -6.0 -15.0
v -16.5 -6.3 -13.9
v -17.0 -3.1 -17.5
v -16.1 -3.3 -13.6
v -16.0 -2.1 -16.4
v -16.0 -2.0 -14.3
v -16.0 -1.0 -15.4
v -15.9 0.2 -15.0
v -16.5 1.0 -15.1
v -16.1 2.0 -15.0
v -15.9 2.7 -23.8
v -16.0 3.2 -21.5
v -16.0 3.7 -20.0
v -16.9 5.0 -26.3
v -16.5 4.5 -18.8
v -15.9 5.1 -17.5
v -17.1 5.9 -27.3
v -16.1 6.1 -25.9
v -16.8 7.0 -27.2
v -16.1 7.1 -26.7
v -15.0 7.0 -26.9
v -16.8 7.9 -16.7
v -16.1 9.0 -27.2
v -16.1 10.0 -27.2
v -16.6 10.6 -25.3
v -17.1 9.9 -24.8
v -15.9 9.2 -16.1
v -17.0 11.8 -17.7
v -16.3 13.0 -24.2
v -17.0 13.0 -22.6
v -16.0 12.7 -21.0
v -16.2 11.7 -18.3
v -16.5 13.1 -16.9
v -16.1 13.1 -11.9
v -17.8 15.9 -16.4
v -16.8 16.8 -13.1
v -16.0 17.1 -12.0
v -15.5 -45.9 4.7
v -15.5 -46.0 6.0
v -15.3 -45.0 4.0
v -14.8 -45.0 6.1
v -15.0 -44.3 5.4
v -14.8 -44.1 7.0
v -15.3 -42.9 8.0
v -15.9 -41.0 8.0
v -15.0 -41.0 7.7
v -14.9 -42.0 9.0
v -15.3 -39.0 0.1
v -15.0 -39.1 3.0
v -15.8 -37.7 0.4
v -15.0 -37.2 -5.2
v -14.8 -37.7 -3.9
v -15.0 -37.7 3.9
v -14.9 -37.1 4.7
v -15.9 -34.1 -8.1
v -15.4 -34.1 -6.5
v -15.2 -34.3 -4.0
v -15.8 -33.0 -8.1
v -15.7 -33.0 -7.0
v -15.8 -19.0 -19.0
v -15.6 -19.0 -17.2
v -15.6 -17.1 -19.3
v -15.5 -18.0 -17.4
v -16.0 -15.0 -18.1
v -15.6 -15.3 -15.5
v -16.0 -14.0 -16.0
v -15.7 -14.3 -15.1
v -15.5 -12.9 -14.1
v -14.7 -10.6 -12.9
v -15.1 -10.1 -14.4
v -15.0 -9.2 -12.7
v -15.1 -9.0 -15.2
v -16.2 -9.0 -13.0
v -15.1 -6.7 -17.3
v -15.6 -7.1 -15.2
v -15.0 -7.0 -12.8
v -15.0 -5.9 -12.7
v -15.0 -3.0 -17.1
v -15.1 -3.0 -16.0
v -15.0 -4.0 -12.7
v -14.7 -0.9 -15.1
v -15.0 -2.1 -13.7
v -15.0 -1.0 -14.7
v -15.9 4.0 -25.2
v -14.8 3.8 -23.9
v -14.9 4.0 -21.7
v -15.6 5.0 -25.3
v -14.9 4.4 -20.5
v -15.1 5.0 -17.0
v -14.1 7.0 -17.3
v -14.0 10.8 -27.2
v -16.0 10.9 -26.4
v -15.0 11.0 -14.6
v -15.0 12.3 -26.1
v -14.9 11.8 -18.0
v -15.0 12.0 -15.9
v -14.9 12.8 -20.0
v -15.0 12.9 -12.6
v -15.0 14.2 -24.0
v -16.3 13.4 -22.0
v -15.0 14.1 -15.5
v -14.9 14.0 -12.3
v -15.9 14.2 -23.0
v -14.8 14.4 -21.7
v -15.0 15.0 -11.6
v -15.2 15.9 -13.9
v -16.1 17.1 -14.0
v -15.0 16.6 -12.0
v -15.0 16.0 -11.0
v -14.4 -45.0 5.0
v -14.9 -42.9 5.9
v -14.6 -43.6 6.4
v -14.9 -42.0 6.8
v -14.5 -42.0 8.0
v -13.9 -40.9 8.0
v -14.0 -41.0 9.0
v -14.1 -40.1 2.1
v -14.2 -39.1 -2.9
v -14.2 -39.4 -1.1
v -13.4 -38.7 3.1
v -14.0 -38.0 -4.6
v -14.8 -37.9 -1.0
v -13.9 -38.4 4.0
v -14.0 -37.3 -5.3
v -13.9 -37.0 5.4
v -15.0 -36.0 -6.2
v -15.0 -35.0 -7.0
v -14.5 -35.1 -5.1
v -14.8 -34.7 -2.9
v -15.5 -35.6 5.0
v -14.5 -34.6 -2.1
v -14.9 -11.0 -14.2
v -13.7 -9.9 -14.0
v -14.6 -8.0 -15.9
v -14.0 -8.9 -13.6
v -14.0 -6.9 -13.5
v -14.4 -4.4 -16.9
v -14.0 -4.0 -13.5
v -13.7 -3.2 -14.1
v -14.0 -2.0 -14.0
v -14.7 -1.9 -15.1
v -14.0 0.0 -15.0
v -14.2 2.0 -16.1
v -14.5 2.1 -15.0
v -14.2 3.0 -15.9
v -14.3 4.0 -17.0
v -14.5 5.6 -24.1
v -14.8 5.0 -23.0
v -14.4 4.7 -21.5
v -13.2 4.6 -20.2
v -14.1 4.2 -15.9
v -14.7 6.4 -25.5
v -13.8 5.9 -23.0
v -14.0 6.0 -17.2
v -14.2 7.0 -24.0
v -15.0 8.4 -27.3
v -14.1 7.7 -25.4
v -13.9 10.0 -27.1
v -14.0 8.3 -16.4
v -14.9 9.5 -15.8
v -13.4 12.1 -26.4
v -13.7 12.9 -18.0
v -14.0 12.6 -15.7
v -13.5 12.2 -14.4
v -14.0 12.9 -12.8
v -13.8 14.0 -20.0
v -14.7 12.6 -19.0
v -14.2 15.2 -21.0
v -14.2 15.2 -22.0
v -13.7 16.0 -11.9
v -13.7 16.2 -12.0
v -13.0 -42.7 -1.1
v -13.0 -42.6 -0.1
v -12.7 -42.5 2.1
v -13.1 -40.3 -1.4
v -13.6 -40.9 0.2
v -13.3 -41.0 2.2
v -13.0 -38.8 -5.0
v -13.0 -39.7 -4.0
v -12.1 -39.9 -1.9
v -13.0 -37.0 -4.4
v -12.4 -38.1 5.1
v -13.8 -36.0 -5.1
v -13.0 -35.6 -2.0
v -14.2 -35.4 -1.0
v -13.2 -35.5 0.1
v -13.0 -35.4 2.9
v -13.4 -35.5 4.6
v -14.0 -10.0 -15.0
v -14.0 -9.0 -16.0
v -13.5 -8.7 -14.9
v -13.7 -7.2 -16.2
v -13.6 -4.1 -15.8
v -13.1 -0.0 -16.2
v -12.9 -1.0 -14.0
v -12.1 -0.2 -14.3
v -13.3 0.9 -16.2
v -13.5 1.1 -14.8
v -13.9 4.4 -17.9
v -12.8 3.1 -15.3
v -13.0 5.0 -15.7
v -12.9 6.0 -16.5
v -13.0 6.5 -22.2
v -13.1 7.6 -16.6
v -13.2 10.7 -26.4
v -12.7 9.3 -16.2
v -11.6 10.9 -14.7
v -14.4 11.6 -17.0
v -12.6 13.2 -13.6
v -13.4 13.9 -18.1
v -14.0 14.0 -15.2
v -13.3 14.6 -23.7
v -13.5 14.6 -19.3
v -13.8 15.1 -14.4
v -13.0 15.0 -12.5
v -13.5 16.0 -21.0
v -14.9 16.4 -13.0
v -13.1 17.1 -21.1
v -13.3 17.0 -19.1
v -12.5 -41.8 -1.0
v -12.4 -41.9 -0.1
v -12.9 -41.8 1.0
v -12.0 -43.2 3.4
v -12.0 -41.2 -2.1
v -12.3 -41.9 2.9
v -11.9 -40.8 3.2
v -12.0 -40.0 3.1
v -11.8 -39.6 -3.1
v -12.0 -39.9 4.0
v -11.0 -38.8 5.4
v -13.0 -38.0 -5.1
v -12.5 -37.0 -3.0
v -12.0 -37.0 6.9
v -12.1 -35.7 -1.3
v -13.2 -36.0 5.4
v -12.0 -34.8 -0.0
v -12.0 -34.6 2.7
v -12.0 -35.8 6.2
v -13.1 -1.2 -15.0
v -13.7 2.9 -16.4
v -12.2 2.7 -14.6
v -11.0 4.7 -20.0
v -12.2 8.0 -17.0
v -13.0 8.1 -23.7
v -12.0 12.0 -26.7
v -12.0 11.0 -25.0
v -12.8 12.8 -16.0
v -13.0 13.0 -15.0
v -11.1 12.2 -14.2
v -12.5 13.7 -24.9
v -12.8 12.9 -16.9
v -13.0 14.0 -13.1
v -13.0 15.3 -23.0
v -12.0 13.9 -16.0
v -12.8 14.1 -14.7
v -13.0 15.7 -21.7
v -12.3 15.3 -17.4
v -11.5 17.3 -21.2
v -12.8 17.4 -19.3
v -12.0 17.1 -17.8
v -11.9 -43.0 1.2
v -11.5 -42.9 2.9
v -11.1 -41.9 1.8
v -11.0 -39.9 3.5
v -11.3 -38.8 -1.9
v -12.2 -38.2 -3.7
v -11.3 -37.1 -1.7
v -11.0 -38.0 7.0
v -11.0 -34.7 2.9
v -11.6 0.0 -16.4
v -11.0 1.0 -14.3
v -10.9 2.2 -14.4
v -11.8 4.4 -17.8
v -10.9 4.8 -19.0
v -11.0 5.1 -18.0
v -10.6 4.4 -15.4
v -10.8 6.3 -16.4
v -12.0 9.6 -24.3
v -11.0 8.2 -23.5
v -11.0 8.0 -17.1
v -11.0 10.0 -25.1
v -10.2 9.2 -16.2
v -10.9 12.0 -26.4
v -11.0 12.9 -12.7
v -11.0 14.3 -25.0
v -11.3 13.9 -11.9
v -11.7 14.6 -23.9
v -10.9 14.6 -16.1
v -11.0 15.0 -12.1
v -11.2 15.8 -21.8
v -11.1 16.1 -16.8
v -11.2 16.4 -13.0
v -11.0 -41.0 -1.3
v -10.0 -41.7 2.0
v -10.2 -40.0 -0.7
v -10.0 -40.0 3.0
v -10.0 -38.8 4.8
v -10.9 -35.9 -1.1
v -10.3 -36.5 0.5
v -10.9 -34.8 0.0
v -11.2 -35.4 4.1
v -9.1 -35.8 6.1
v -10.3 -1.3 -13.8
v -10.0 0.0 -16.3
v -9.6 0.2 -13.3
v -10.3 0.5 -13.6
v -10.0 2.4 -16.6
v -10.0 2.9 -17.1
v -9.3 4.0 -14.5
v -10.0 5.2 -17.9
v -10.1 7.5 -22.0
v -10.0 6.0 -15.7
v -9.2 8.2 -16.4
v -10.0 8.6 -23.3
v -10.2 11.0 -25.7
v -9.8 10.8 -14.4
v -11.7 13.1 -26.4
v -9.8 12.7 -12.6
v -10.0 13.9 -25.6
v -9.8 14.0 -12.4
v -10.0 14.8 -16.1
v -11.3 14.7 -14.8
v -10.0 15.0 -11.9
v -10.1 15.6 -17.1
v -10.9 15.4 -14.1
v -10.1 15.7 -13.9
v -9.9 17.1 -21.1
v -10.7 17.4 -19.2
v -11.0 17.2 -17.2
v -10.0 16.1 -11.8
v -9.9 -41.2 0.0
v -8.4 -40.0 1.0
v -9.3 -40.7 2.1
v -9.0 -40.1 4.1
v -9.5 -39.0 0.8
v -10.3 -37.9 -0.6
v -9.5 -38.0 2.0
v -9.7 -38.0 3.0
v -8.7 -38.0 4.0
v -9.0 -38.9 4.6
v -9.8 -35.8 2.1
v -9.6 -37.0 4.0
v -9.3 -38.1 7.2
v -9.6 -35.9 3.1
v -8.9 -1.3 -14.1
v -9.0 -1.0 -13.0
v -9.0 0.1 -12.7
v -9.0 2.1 -15.8
v -9.7 2.3 -13.7
v -9.0 4.0 -17.0
v -8.5 4.1 -18.0
v -10.0 6.1 -19.0
v -10.1 6.6 -20.4
v -9.0 6.6 -21.0
v -8.8 6.8 -16.0
v -8.8 7.8 -22.5
v -9.0 8.7 -24.0
v -9.0 8.7 -23.0
v -8.6 11.6 -12.5
v -9.2 11.9 -26.4
v -8.9 13.1 -26.1
v -9.2 12.9 -22.0
v -9.4 12.9 -20.4
v -8.8 12.8 -12.2
v -8.8 14.0 -24.1
v -9.4 14.3 -23.4
v -9.2 14.6 -18.2
v -10.0 15.1 -23.9
v -9.5 14.7 -22.3
v -9.6 15.8 -18.0
v -9.2 14.8 -16.9
v -9.3 14.8 -13.3
v -10.0 16.1 -22.1
v -9.7 17.1 -20.2
v -9.0 15.3 -16.0
v -9.9 16.7 -13.0
v -9.0 -40.0 -0.0
v -8.5 -40.0 2.0
v -8.2 -39.9 3.9
v -8.0 -40.0 3.0
v -8.7 -39.0 1.9
v -8.6 -38.9 3.0
v -8.0 -38.8 5.0
v -8.0 -38.0 6.8
v -8.7 -36.9 6.3
v -9.0 -36.0 4.0
v -8.9 -35.7 5.1
v -9.1 -1.2 -15.1
v -8.1 -1.1 -10.9
v -8.0 -1.1 -11.0
v -8.7 -0.0 -15.3
v -7.8 -0.1 -14.0
v -7.8 0.0 -12.9
v -7.8 1.1 -15.1
v -7.8 1.0 -13.7
v -8.1 0.1 -10.8
v -8.1 2.3 -15.7
v -7.7 2.0 -13.7
v -7.9 2.8 -17.1
v -8.8 3.2 -16.8
v -8.0 3.8 -19.1
v -8.0 4.3 -19.9
v -8.9 6.2 -20.0
v -8.0 5.5 -21.0
v -8.9 5.0 -15.3
v -8.0 8.9 -25.2
v -7.9 8.0 -16.0
v -8.0 9.4 -14.5
v -9.0 10.1 -25.4
v -9.0 11.0 -26.1
v -8.0 11.0 -25.0
v -8.0 10.5 -12.4
v -8.0 12.0 -26.0
v -8.0 11.8 -22.0
v -8.0 12.1 -20.7
v -9.0 13.0 -19.0
v -8.2 13.3 -14.4
v -8.5 14.1 -14.2
v -8.8 15.4 -15.0
v -8.0 15.4 -16.0
v -9.0 16.0 -14.0
v -7.7 -38.0 4.9
v -8.0 -36.9 5.0
v -8.0 0.0 -12.0
v -7.0 0.0 -11.0
v -7.4 0.1 -9.6
v -7.0 -0.4 -10.0
v -7.0 1.0 -10.0
v -7.0 -0.0 -8.0
v -8.0 2.7 -18.0
v -7.1 3.1 -15.9
v -7.2 2.4 -15.0
v -7.0 2.7 -13.6
v -7.2 4.9 -17.0
v -6.9 4.1 -13.4
v -7.0 4.7 -22.0
v -7.7 4.9 -19.9
v -7.0 6.0 -23.0
v -6.9 5.5 -19.8
v -7.5 6.7 -22.7
v -7.0 7.0 -15.3
v -8.0 7.9 -24.0
v -6.7 8.1 -15.2
v -7.2 11.1 -15.0
v -7.0 9.0 -15.4
v -7.6 12.1 -25.0
v -7.0 11.9 -22.0
v -7.3 11.9 -14.2
v -7.9 12.0 -12.0
v -8.0 12.6 -23.0
v -6.9 13.0 -14.9
v -8.0 13.8 -18.1
v -8.0 14.5 -17.0
v -6.1 14.3 -17.9
v -6.9 14.2 -16.0
v -5.9 -0.0 -10.1
v -5.8 -0.2 -7.9
v -6.0 0.0 -7.1
v -6.0 1.2 -8.9
v -5.9 1.1 -7.5
v -5.9 2.8 -15.5
v -6.0 2.7 -13.9
v -5.9 3.0 -12.9
v -6.0 3.7 -16.0
v -7.0 4.8 -21.0
v -6.0 5.9 -16.8
v -6.0 6.7 -22.2
v -5.9 5.9 -21.0
v -6.7 5.9 -18.0
v -7.0 8.1 -23.6
v -5.5 6.7 -20.6
v -7.8 4.3 -13.7
v -6.1 7.2 -19.0
v -6.9 8.9 -25.1
v -6.1 9.1 -23.8
v -6.9 10.0 -25.2
v -6.0 10.0 -24.4
v -5.9 9.5 -15.3
v -6.3 10.9 -24.1
v -6.0 11.0 -15.5
v -6.9 12.2 -24.1
v -6.0 12.3 -23.1
v -6.0 13.2 -22.1
v -7.0 12.7 -20.1
v -5.9 12.4 -16.3
v -6.0 13.5 -20.0
v -5.9 1.1 -10.1
v -5.0 4.0 -16.8
v -5.0 3.3 -15.0
v -4.8 3.6 -13.9
v -5.0 5.3 -17.0
v -6.0 4.1 -12.8
v -6.0 7.0 -18.0
v -4.9 7.9 -21.3
v -4.7 8.0 -20.0
v -5.4 6.9 -13.9
v -4.5 8.0 -13.9
v -4.8 8.4 -19.0
v -5.0 10.0 -14.6
v -4.9 10.1 -23.9
v -5.0 13.0 -16.6
v -6.0 14.1 -19.0
v -4.8 13.6 -18.6
v -6.1 13.7 -17.0
v -3.9 3.4 -16.1
v -4.0 3.1 -15.1
v -3.9 4.9 -12.8
v -3.9 6.1 -12.4
v -4.9 7.1 -18.2
v -4.1 7.0 -17.6
v -3.7 7.0 -13.1
v -4.7 9.9 -22.9
v -4.4 9.1 -20.9
v -3.8 9.2 -20.1
v -3.4 9.8 -13.0
v -4.0 11.1 -15.0
v -4.0 10.3 -14.0
v -4.8 12.0 -22.3
v -4.8 11.6 -15.5
v -4.0 11.7 -16.4
v -5.0 13.2 -22.0
v -4.4 12.8 -21.0
v -3.9 13.2 -20.0
v -3.9 13.2 -17.0
v -3.4 5.1 -15.9
v -3.4 5.2 -14.0
v -4.0 5.3 -17.2
v -3.0 7.0 -17.3
v -3.0 7.0 -11.7
v -3.0 8.0 -11.6
v -4.2 9.0 -17.9
v -3.7 10.7 -19.1
v -3.9 11.0 -17.0
v -3.4 10.8 -15.6
v -3.6 12.0 -19.9
v -3.6 12.1 -17.3
v -3.6 13.0 -18.4
v -1.6 6.9 -14.1
v -2.6 9.0 -12.0
v -1.9 9.0 -17.1
v -3.4 10.1 -17.7
v -1.8 10.1 -16.0
v -2.7 10.3 -14.0
v -2.9 10.2 -13.0
v -1.8 9.0 -13.0
v -3.0 9.9 -11.1
v -1.8 10.1 -15.1
v -1.8 7.0 -16.1
v -1.5 8.8 -16.1
v -1.5 8.8 -14.3
v -1.7 7.1 -12.9
f 15 2 4
f 2 8 4
f 2 6 8
f 12 11 1
f 15 10 35
f 10 15 11
f 15 4 1
f 15 1 11
f 4 22 12
f 4 12 1
f 12 16 13
f 12 22 16
f 14 13 16
f 17 18 35
f 35 18 15
f 18 2 15
f 22 19 16
f 16 19 20
f 21 17 3
f 18 17 21
f 20 19 45
f 17 5 3
f 5 29 21
f 5 21 3
f 21 29 18
f 18 6 2
f 8 24 22
f 8 22 4
f 22 25 19
f 22 24 25
f 45 19 25
f 42 5 17
f 29 23 18
f 23 6 18
f 42 7 5
f 7 29 5
f 23 8 6
f 24 28 25
f 7 42 26
f 26 47 7
f 47 29 7
f 23 29 30
f 30 9 8
f 30 8 23
f 9 27 24
f 9 24 8
f 24 27 28
f 30 31 9
f 31 51 9
f 51 27 9
f 99 33 10
f 99 10 11
f 100 13 32
f 12 13 100
f 32 13 14
f 34 14 36
f 34 32 14
f 33 35 10
f 14 37 36
f 38 14 16
f 37 14 38
f 39 17 35
f 103 39 35
f 20 38 16
f 40 38 20
f 20 45 41
f 20 41 40
f 17 39 44
f 17 44 42
f 41 45 43
f 28 45 25
f 44 46 42
f 46 26 42
f 48 28 27
f 28 48 45
f 111 45 48
f 49 115 26
f 46 49 26
f 115 47 26
f 52 47 115
f 53 29 47
f 52 53 47
f 53 30 29
f 54 27 51
f 54 48 27
f 115 49 50
f 53 31 30
f 53 118 31
f 51 31 118
f 59 60 56
f 60 61 56
f 56 61 57
f 59 66 60
f 59 62 66
f 60 63 61
f 60 66 63
f 61 63 64
f 62 65 66
f 65 67 66
f 63 66 68
f 69 67 65
f 71 67 70
f 71 66 67
f 75 69 138
f 69 72 67
f 69 75 72
f 70 67 76
f 76 67 72
f 71 70 78
f 75 138 73
f 73 138 74
f 73 80 75
f 72 80 77
f 72 75 80
f 81 78 79
f 78 81 82
f 80 73 83
f 84 81 147
f 81 85 82
f 81 84 85
f 88 154 86
f 86 87 88
f 90 87 162
f 87 90 91
f 87 92 88
f 87 91 92
f 90 162 89
f 89 94 90
f 89 93 94
f 90 94 95
f 91 90 95
f 173 32 96
f 32 34 97
f 34 101 97
f 99 98 33
f 100 11 12
f 173 100 32
f 34 36 101
f 36 102 101
f 98 35 33
f 36 37 102
f 98 103 35
f 37 104 102
f 103 179 39
f 40 37 38
f 104 40 105
f 104 37 40
f 41 105 40
f 41 106 105
f 41 43 106
f 43 107 106
f 179 44 39
f 108 44 179
f 111 43 45
f 108 110 44
f 44 110 46
f 111 113 43
f 43 114 107
f 43 113 114
f 49 46 110
f 54 112 48
f 112 111 48
f 116 111 112
f 111 116 113
f 110 50 49
f 116 188 113
f 50 117 123
f 50 110 117
f 123 115 50
f 124 115 123
f 124 52 115
f 118 53 52
f 118 52 124
f 118 187 51
f 51 187 54
f 54 119 112
f 54 187 119
f 57 123 117
f 118 124 130
f 118 125 187
f 118 130 125
f 55 121 120
f 56 122 197
f 56 57 122
f 57 117 122
f 123 129 124
f 195 58 120
f 126 120 58
f 120 126 55
f 121 55 128
f 55 126 128
f 126 127 128
f 59 128 127
f 197 59 56
f 61 64 57
f 57 64 123
f 123 64 129
f 129 130 124
f 131 58 195
f 131 127 126
f 131 126 58
f 127 62 59
f 130 129 204
f 203 127 131
f 132 127 203
f 132 65 62
f 132 62 127
f 63 133 64
f 133 134 64
f 64 134 129
f 133 63 68
f 133 68 136
f 133 136 134
f 205 135 132
f 135 69 132
f 132 69 65
f 134 136 209
f 137 74 135
f 135 74 138
f 138 69 135
f 76 78 70
f 71 143 68
f 71 68 66
f 68 143 136
f 211 137 139
f 211 73 74
f 137 211 74
f 79 78 76
f 78 142 71
f 142 143 71
f 136 143 140
f 141 146 211
f 146 73 211
f 77 76 72
f 79 76 77
f 82 142 78
f 143 142 144
f 141 145 146
f 80 147 77
f 147 81 79
f 77 147 79
f 82 144 142
f 146 83 73
f 147 80 83
f 85 144 82
f 85 216 144
f 145 149 146
f 149 83 146
f 83 151 147
f 83 150 151
f 151 84 147
f 84 151 148
f 84 216 85
f 148 216 84
f 150 83 149
f 150 219 151
f 155 156 152
f 152 156 153
f 159 158 86
f 86 154 159
f 161 154 88
f 155 154 161
f 155 161 156
f 156 161 160
f 158 157 87
f 158 87 86
f 162 87 157
f 92 161 88
f 160 161 92
f 91 230 92
f 163 230 91
f 229 93 89
f 95 163 91
f 93 229 164
f 165 94 93
f 165 93 164
f 94 165 166
f 95 94 166
f 166 167 95
f 163 95 167
f 169 168 170
f 171 173 96
f 96 32 253
f 253 32 97
f 97 174 175
f 171 172 173
f 101 174 97
f 174 177 175
f 176 175 177
f 172 99 11
f 100 173 172
f 11 100 172
f 101 102 174
f 177 174 102
f 102 178 177
f 263 103 98
f 266 103 263
f 104 178 102
f 178 104 180
f 179 103 266
f 104 105 180
f 105 106 109
f 105 109 180
f 106 107 109
f 182 180 109
f 270 108 179
f 181 108 270
f 107 183 109
f 182 109 183
f 181 276 108
f 276 110 108
f 114 281 183
f 114 183 107
f 184 114 113
f 114 184 281
f 279 110 276
f 185 113 188
f 185 184 113
f 279 117 110
f 186 117 279
f 188 116 112
f 188 112 119
f 188 190 185
f 189 187 125
f 187 199 119
f 187 189 199
f 119 199 423
f 119 423 188
f 188 423 193
f 190 188 193
f 121 191 120
f 186 197 122
f 122 117 186
f 192 125 130
f 192 189 125
f 189 192 199
f 423 291 193
f 197 128 59
f 197 196 128
f 192 198 293
f 194 202 195
f 194 200 202
f 202 131 195
f 192 130 204
f 198 192 204
f 200 194 201
f 202 203 131
f 200 205 202
f 200 201 205
f 202 205 203
f 205 132 203
f 204 129 134
f 207 204 134
f 198 204 207
f 206 137 201
f 201 137 135
f 201 135 205
f 209 207 134
f 206 208 139
f 206 139 137
f 431 207 209
f 210 211 139
f 208 210 139
f 213 136 140
f 213 209 136
f 209 213 431
f 210 141 211
f 212 140 143
f 212 143 144
f 213 140 212
f 144 214 212
f 141 210 215
f 144 216 214
f 141 215 217
f 217 145 141
f 151 306 148
f 148 214 216
f 148 306 214
f 217 221 145
f 221 149 145
f 218 150 149
f 221 218 149
f 219 150 218
f 151 219 220
f 151 220 306
f 308 221 217
f 221 222 218
f 219 218 222
f 219 222 220
f 316 319 152
f 223 152 153
f 223 316 152
f 223 153 225
f 224 159 154
f 319 154 155
f 319 224 154
f 155 152 319
f 156 225 153
f 157 158 226
f 159 226 158
f 160 227 156
f 225 156 227
f 226 326 157
f 228 227 160
f 326 162 157
f 328 162 326
f 92 231 160
f 231 228 160
f 328 229 89
f 89 162 328
f 92 230 231
f 163 232 230
f 167 233 163
f 232 163 233
f 166 234 167
f 234 233 167
f 235 233 234
f 236 238 239
f 242 240 346
f 240 242 241
f 241 242 168
f 241 168 169
f 241 169 243
f 169 352 243
f 247 242 356
f 247 170 168
f 247 168 242
f 170 245 169
f 245 352 169
f 247 357 170
f 357 354 170
f 170 354 245
f 251 368 249
f 368 251 248
f 248 254 250
f 248 251 254
f 255 250 254
f 252 251 249
f 252 253 251
f 251 253 254
f 254 257 255
f 256 171 252
f 252 171 96
f 252 96 253
f 253 97 254
f 254 97 175
f 257 254 175
f 256 172 171
f 257 259 258
f 260 172 256
f 176 257 175
f 257 176 259
f 259 176 261
f 98 99 262
f 260 99 172
f 260 262 99
f 261 176 264
f 98 262 263
f 176 177 178
f 176 265 264
f 267 178 180
f 176 178 267
f 176 269 265
f 176 267 269
f 266 268 179
f 270 179 268
f 180 182 267
f 267 182 269
f 384 269 271
f 182 271 269
f 272 181 270
f 271 182 273
f 275 272 274
f 275 181 272
f 273 182 183
f 274 276 275
f 275 276 181
f 281 277 183
f 274 278 276
f 400 279 278
f 279 276 278
f 185 280 184
f 281 184 280
f 279 400 282
f 282 186 279
f 190 280 185
f 283 186 282
f 193 284 190
f 284 280 190
f 195 120 285
f 120 191 285
f 286 191 121
f 288 197 283
f 197 186 283
f 193 291 284
f 289 195 285
f 194 195 289
f 290 286 121
f 290 121 128
f 290 196 287
f 128 196 290
f 287 196 197
f 287 197 288
f 294 192 293
f 295 199 192
f 295 192 294
f 199 295 423
f 194 289 292
f 292 201 194
f 294 293 198
f 206 201 292
f 207 296 198
f 294 198 296
f 207 431 296
f 297 210 208
f 298 213 212
f 431 213 298
f 215 210 297
f 301 299 212
f 212 299 298
f 300 215 435
f 301 212 214
f 299 301 302
f 300 217 215
f 304 301 214
f 301 304 302
f 302 304 305
f 303 308 300
f 308 217 300
f 310 214 306
f 304 214 310
f 303 307 308
f 442 220 222
f 306 442 309
f 306 220 442
f 312 306 309
f 312 310 306
f 308 307 440
f 313 308 440
f 311 221 308
f 313 311 308
f 314 222 221
f 314 221 311
f 315 222 314
f 441 222 315
f 222 441 442
f 314 311 313
f 224 319 318
f 317 316 223
f 225 320 223
f 159 318 325
f 318 159 224
f 320 225 321
f 323 324 322
f 226 324 323
f 325 324 226
f 226 159 325
f 227 321 225
f 227 327 321
f 322 326 323
f 322 460 326
f 323 326 226
f 228 327 227
f 329 327 228
f 462 328 460
f 328 326 460
f 329 228 231
f 462 229 328
f 462 621 229
f 231 230 330
f 329 231 330
f 232 330 230
f 621 164 229
f 332 164 621
f 331 232 233
f 330 232 331
f 165 164 332
f 233 333 331
f 166 627 234
f 235 234 627
f 235 335 333
f 233 235 333
f 334 236 239
f 339 334 239
f 235 627 337
f 337 335 235
f 335 337 237
f 335 237 238
f 335 238 336
f 336 238 236
f 337 338 237
f 338 238 237
f 482 238 338
f 339 238 482
f 239 238 339
f 344 341 636
f 341 342 340
f 340 342 343
f 344 342 341
f 342 240 241
f 342 241 343
f 241 347 343
f 344 346 342
f 346 240 342
f 347 241 243
f 348 347 243
f 348 243 349
f 344 345 350
f 344 350 346
f 352 349 243
f 351 244 350
f 356 350 244
f 346 350 356
f 356 242 346
f 353 246 244
f 353 244 351
f 246 356 244
f 357 247 356
f 355 245 354
f 355 352 245
f 353 493 246
f 493 356 246
f 354 357 358
f 354 358 355
f 493 360 356
f 493 359 360
f 356 360 357
f 358 357 360
f 360 359 361
f 364 363 362
f 497 366 362
f 362 366 364
f 364 366 370
f 364 370 371
f 364 371 365
f 367 365 371
f 368 497 369
f 366 368 248
f 497 368 366
f 366 248 250
f 366 250 370
f 367 371 372
f 250 255 370
f 370 255 371
f 372 371 373
f 501 249 368
f 501 368 369
f 371 255 373
f 507 249 501
f 372 373 374
f 252 249 507
f 255 257 373
f 373 376 374
f 376 377 374
f 256 252 507
f 256 507 509
f 258 373 257
f 373 258 376
f 258 259 376
f 378 376 259
f 377 376 378
f 509 260 256
f 261 378 259
f 260 379 262
f 509 379 260
f 261 264 382
f 515 263 262
f 262 379 515
f 382 264 265
f 381 266 263
f 515 381 263
f 269 382 265
f 380 382 384
f 268 266 381
f 384 382 269
f 270 522 386
f 270 268 522
f 387 383 388
f 271 389 384
f 386 534 270
f 529 393 392
f 393 529 387
f 394 393 387
f 394 387 388
f 397 389 271
f 395 272 391
f 534 391 272
f 272 270 534
f 392 393 396
f 540 394 388
f 395 542 274
f 395 274 272
f 398 396 393
f 399 393 394
f 398 393 399
f 399 540 545
f 394 540 399
f 271 273 397
f 548 274 542
f 548 278 274
f 400 278 548
f 406 549 398
f 406 399 401
f 398 399 406
f 549 405 404
f 405 549 406
f 280 414 281
f 414 277 281
f 408 282 400
f 407 408 400
f 405 409 408
f 410 405 406
f 406 401 410
f 282 408 283
f 408 412 283
f 412 408 409
f 413 409 405
f 413 410 557
f 405 410 413
f 280 284 414
f 415 191 416
f 415 285 191
f 416 191 411
f 191 286 411
f 286 417 411
f 418 287 288
f 419 288 283
f 418 288 419
f 283 420 419
f 412 420 283
f 421 412 409
f 420 412 421
f 421 409 413
f 284 291 424
f 289 285 415
f 289 415 422
f 290 417 286
f 290 287 418
f 424 291 423
f 289 571 292
f 422 571 289
f 420 425 566
f 421 425 420
f 295 575 576
f 294 575 295
f 576 423 295
f 423 576 424
f 426 294 296
f 575 294 426
f 578 206 292
f 292 571 578
f 426 296 429
f 297 208 578
f 208 206 578
f 296 428 429
f 428 430 429
f 428 296 431
f 432 428 431
f 433 297 589
f 298 434 431
f 591 432 434
f 432 431 434
f 433 215 297
f 594 434 298
f 436 298 299
f 298 436 594
f 436 299 302
f 300 437 303
f 435 437 300
f 438 302 305
f 436 302 438
f 310 305 304
f 305 598 438
f 303 437 439
f 303 439 307
f 312 444 310
f 444 598 310
f 598 305 310
f 439 440 307
f 600 443 442
f 442 443 309
f 309 443 312
f 443 444 312
f 439 599 440
f 313 440 599
f 315 314 445
f 315 445 441
f 441 445 442
f 442 445 600
f 317 447 446
f 599 603 313
f 603 448 313
f 448 314 313
f 314 448 449
f 445 314 604
f 604 314 449
f 316 453 451
f 316 317 453
f 317 223 447
f 447 223 320
f 447 320 454
f 448 603 610
f 449 456 604
f 449 448 456
f 604 456 450
f 456 318 450
f 318 452 450
f 319 452 318
f 319 451 452
f 451 319 316
f 457 454 320
f 454 457 455
f 455 457 458
f 609 324 610
f 324 448 610
f 448 324 456
f 456 324 325
f 325 318 456
f 321 457 320
f 609 611 322
f 322 324 609
f 327 617 321
f 321 464 457
f 321 617 464
f 457 464 458
f 615 458 464
f 459 460 611
f 460 322 611
f 617 327 329
f 459 465 460
f 459 461 465
f 465 462 460
f 623 329 463
f 623 617 329
f 466 462 465
f 466 621 462
f 330 467 329
f 329 467 463
f 467 330 469
f 469 330 468
f 472 330 331
f 330 472 468
f 468 470 469
f 470 473 469
f 331 333 472
f 472 336 468
f 470 336 236
f 468 336 470
f 470 236 334
f 470 334 473
f 471 165 332
f 165 627 166
f 471 627 165
f 333 335 472
f 472 335 336
f 339 473 334
f 474 337 627
f 339 475 473
f 474 477 337
f 338 337 477
f 478 339 482
f 475 339 478
f 479 341 476
f 340 476 341
f 340 480 476
f 477 633 338
f 633 481 338
f 481 482 338
f 636 341 479
f 483 480 340
f 343 483 340
f 484 483 343
f 638 344 636
f 484 343 348
f 343 347 348
f 344 638 345
f 485 348 349
f 488 485 349
f 350 345 486
f 352 488 349
f 351 350 486
f 352 487 488
f 486 353 351
f 489 353 486
f 355 487 352
f 355 491 487
f 489 492 353
f 353 492 493
f 355 358 494
f 491 355 494
f 495 359 493
f 360 496 358
f 494 358 496
f 495 361 359
f 361 496 360
f 363 777 362
f 362 656 497
f 777 656 362
f 498 364 365
f 367 499 365
f 499 498 365
f 500 369 497
f 497 656 500
f 372 504 367
f 500 501 369
f 501 500 502
f 372 374 504
f 374 503 504
f 503 508 505
f 503 374 508
f 506 501 502
f 507 501 506
f 507 506 510
f 374 377 375
f 508 374 375
f 508 375 511
f 664 509 507
f 664 507 510
f 377 512 375
f 375 512 511
f 509 664 668
f 378 512 377
f 667 509 668
f 512 378 261
f 380 512 261
f 512 380 513
f 667 379 509
f 514 379 667
f 380 261 382
f 515 379 514
f 516 515 514
f 671 513 519
f 513 380 519
f 517 515 518
f 518 515 516
f 384 519 380
f 522 523 672
f 522 268 523
f 523 381 524
f 523 268 381
f 515 524 381
f 515 529 524
f 529 517 387
f 529 515 517
f 387 517 383
f 383 517 518
f 383 518 673
f 673 518 516
f 384 675 519
f 532 520 385
f 520 525 385
f 520 521 525
f 521 520 526
f 526 520 532
f 527 386 522
f 522 528 527
f 528 522 672
f 528 672 524
f 529 528 524
f 383 682 388
f 530 383 673
f 383 530 682
f 384 389 675
f 525 390 385
f 531 390 525
f 390 532 385
f 526 532 538
f 533 679 391
f 680 391 534
f 680 533 391
f 534 386 527
f 534 527 535
f 534 535 680
f 535 527 528
f 392 535 528
f 392 528 529
f 536 388 682
f 390 531 541
f 541 532 390
f 537 532 541
f 532 539 538
f 532 537 539
f 395 538 539
f 395 679 538
f 395 391 679
f 535 392 544
f 392 396 544
f 540 388 536
f 542 539 537
f 542 395 539
f 543 544 398
f 544 396 398
f 540 546 545
f 273 547 397
f 549 686 543
f 549 543 398
f 550 399 545
f 545 546 550
f 183 547 273
f 692 400 548
f 552 686 404
f 404 686 549
f 399 550 401
f 550 553 401
f 277 555 183
f 555 547 183
f 403 556 402
f 402 551 403
f 402 556 551
f 400 692 694
f 405 554 404
f 554 552 404
f 414 555 277
f 694 696 400
f 696 697 400
f 697 407 400
f 408 697 554
f 408 407 697
f 408 554 405
f 557 410 401
f 558 401 553
f 557 401 558
f 557 558 698
f 555 414 284
f 559 416 411
f 700 416 559
f 417 559 411
f 418 419 565
f 560 413 557
f 561 557 698
f 560 557 561
f 567 284 424
f 562 422 415
f 562 415 416
f 700 562 416
f 563 417 290
f 563 290 418
f 564 563 418
f 564 418 565
f 566 565 419
f 420 566 419
f 560 421 413
f 560 561 570
f 562 568 422
f 568 571 422
f 565 569 564
f 569 565 566
f 421 560 574
f 560 570 574
f 711 567 424
f 573 569 566
f 572 569 573
f 425 573 566
f 574 425 421
f 837 574 570
f 424 576 577
f 571 568 578
f 578 568 579
f 580 572 581
f 581 572 573
f 427 573 425
f 582 427 574
f 574 427 425
f 582 837 709
f 574 837 582
f 426 583 575
f 426 429 583
f 575 583 576
f 576 584 577
f 576 583 584
f 579 297 578
f 580 581 585
f 587 581 573
f 587 573 427
f 586 587 427
f 586 427 582
f 583 429 430
f 584 583 588
f 579 589 297
f 432 590 428
f 428 590 430
f 430 590 583
f 590 432 591
f 590 591 592
f 593 434 594
f 593 591 434
f 595 591 593
f 592 591 595
f 435 215 433
f 435 433 725
f 436 597 594
f 436 596 597
f 593 594 597
f 725 437 435
f 732 437 725
f 596 436 438
f 737 437 732
f 737 439 437
f 438 598 740
f 446 444 443
f 446 601 444
f 601 598 444
f 598 601 740
f 439 737 599
f 451 443 600
f 443 451 453
f 453 317 446
f 443 453 446
f 447 601 446
f 605 602 447
f 602 601 447
f 600 604 450
f 445 604 600
f 600 450 452
f 600 452 451
f 454 605 447
f 606 454 455
f 606 605 454
f 607 606 455
f 607 455 608
f 458 608 455
f 608 458 613
f 611 609 612
f 615 613 458
f 612 459 611
f 614 459 612
f 614 461 459
f 616 461 614
f 745 464 617
f 618 464 745
f 618 615 464
f 746 615 618
f 613 615 746
f 461 619 465
f 616 619 461
f 466 465 619
f 623 463 467
f 620 617 623
f 617 620 745
f 749 618 745
f 618 749 750
f 746 618 750
f 466 622 621
f 466 619 622
f 467 469 623
f 332 621 622
f 473 624 469
f 469 624 623
f 624 620 623
f 622 471 332
f 625 471 622
f 473 626 624
f 471 625 629
f 627 471 629
f 474 627 629
f 473 475 626
f 475 630 626
f 758 631 476
f 628 758 476
f 628 476 480
f 478 630 475
f 630 478 479
f 479 631 630
f 479 476 631
f 632 480 483
f 481 633 764
f 766 481 764
f 481 766 634
f 482 481 634
f 482 634 478
f 634 635 478
f 478 636 479
f 635 636 478
f 632 483 637
f 635 634 638
f 638 634 767
f 635 638 636
f 483 639 637
f 483 484 639
f 484 348 485
f 484 485 639
f 485 640 639
f 638 767 345
f 767 770 345
f 488 640 485
f 770 771 345
f 486 345 771
f 488 641 640
f 771 772 486
f 644 488 487
f 644 641 488
f 642 643 645
f 645 643 646
f 642 648 647
f 642 647 643
f 642 645 489
f 642 489 486
f 642 486 772
f 642 772 648
f 772 649 490
f 648 772 490
f 644 491 494
f 644 487 491
f 646 650 645
f 647 648 650
f 648 492 650
f 489 645 650
f 489 650 492
f 493 492 651
f 648 651 492
f 490 651 648
f 490 649 651
f 495 493 651
f 652 495 651
f 496 653 494
f 652 361 495
f 654 777 363
f 655 654 363
f 655 363 364
f 657 655 364
f 657 364 498
f 499 657 498
f 658 499 367
f 656 781 500
f 658 367 504
f 659 658 504
f 781 502 500
f 659 504 503
f 503 505 659
f 781 506 502
f 508 660 505
f 662 660 508
f 661 660 662
f 785 506 781
f 511 663 662
f 511 662 508
f 785 510 506
f 511 666 663
f 785 664 510
f 665 664 785
f 666 511 512
f 670 666 512
f 789 666 670
f 669 668 664
f 664 665 669
f 670 512 513
f 669 667 668
f 514 667 669
f 513 671 670
f 516 514 669
f 792 516 669
f 796 516 792
f 802 671 519
f 800 671 802
f 524 672 523
f 516 796 673
f 673 799 674
f 796 799 673
f 802 519 675
f 804 525 521
f 526 676 521
f 673 677 530
f 673 674 677
f 389 802 675
f 389 678 802
f 806 531 525
f 538 676 526
f 676 679 533
f 676 538 679
f 535 681 680
f 677 682 530
f 397 678 389
f 683 531 806
f 681 535 544
f 536 684 540
f 536 682 684
f 682 677 684
f 685 688 541
f 683 685 541
f 531 683 541
f 541 688 813
f 537 541 813
f 542 537 813
f 543 686 544
f 687 546 684
f 684 546 540
f 397 547 689
f 813 817 542
f 548 542 817
f 546 687 550
f 403 551 690
f 817 692 548
f 693 553 550
f 550 687 693
f 555 689 547
f 555 695 689
f 1058 556 403
f 692 823 694
f 693 826 553
f 556 1058 825
f 825 551 556
f 694 697 696
f 697 694 823
f 553 826 558
f 825 950 559
f 559 702 825
f 699 698 558
f 699 558 826
f 555 284 695
f 950 700 559
f 417 702 559
f 698 699 561
f 831 284 567
f 700 701 562
f 703 417 563
f 703 702 417
f 563 564 703
f 832 570 561
f 706 831 567
f 701 568 562
f 704 703 569
f 703 564 569
f 832 705 570
f 711 706 567
f 704 707 708
f 572 707 569
f 707 704 569
f 570 705 837
f 577 711 424
f 836 579 568
f 580 707 572
f 837 710 709
f 584 716 577
f 711 577 716
f 836 712 579
f 707 838 708
f 713 838 707
f 585 707 580
f 585 713 707
f 582 709 586
f 709 710 714
f 588 583 715
f 716 584 588
f 711 716 723
f 712 842 579
f 842 589 579
f 717 838 713
f 587 721 581
f 586 721 587
f 709 718 586
f 718 709 714
f 715 583 590
f 724 715 590
f 715 722 588
f 588 723 716
f 588 722 723
f 842 433 589
f 717 852 719
f 713 852 717
f 585 720 852
f 713 585 852
f 720 585 581
f 720 581 721
f 849 718 714
f 724 722 715
f 850 433 842
f 724 590 592
f 595 728 592
f 850 860 433
f 433 860 725
f 595 593 727
f 595 727 728
f 729 725 860
f 731 730 726
f 597 733 593
f 727 593 733
f 725 729 732
f 870 730 731
f 735 730 870
f 736 597 596
f 736 733 597
f 734 737 732
f 734 732 729
f 438 739 596
f 596 739 736
f 740 738 438
f 738 876 438
f 876 739 438
f 602 738 740
f 876 738 741
f 741 738 602
f 880 599 737
f 740 601 602
f 605 741 602
f 606 742 605
f 605 742 741
f 606 607 742
f 599 881 603
f 880 881 599
f 603 881 743
f 603 743 610
f 610 743 883
f 883 887 610
f 610 887 609
f 613 886 608
f 612 609 887
f 614 612 888
f 612 887 888
f 613 747 886
f 891 616 614
f 891 614 888
f 746 747 613
f 616 891 619
f 891 744 619
f 748 619 744
f 748 622 619
f 620 754 745
f 754 749 745
f 751 746 750
f 747 746 751
f 753 620 624
f 754 620 753
f 754 752 749
f 749 752 750
f 750 752 893
f 750 893 751
f 748 625 622
f 895 625 748
f 624 626 753
f 753 755 754
f 625 757 629
f 895 757 625
f 626 758 753
f 753 758 755
f 756 755 628
f 755 758 628
f 759 756 628
f 759 762 896
f 757 761 629
f 474 629 761
f 626 630 758
f 758 630 631
f 480 759 628
f 759 480 632
f 762 759 632
f 760 762 763
f 477 761 899
f 474 761 477
f 763 762 632
f 899 633 477
f 899 764 633
f 637 763 632
f 765 763 637
f 902 766 764
f 900 902 764
f 767 634 766
f 639 765 637
f 766 902 768
f 766 770 767
f 766 768 770
f 640 906 639
f 765 639 906
f 770 768 769
f 640 641 906
f 769 771 770
f 769 905 643
f 905 907 643
f 772 769 643
f 771 769 772
f 647 646 773
f 646 907 773
f 646 643 907
f 773 908 772
f 647 773 772
f 643 647 772
f 908 649 772
f 908 774 649
f 775 644 494
f 647 650 646
f 649 910 651
f 774 910 649
f 910 652 651
f 912 652 910
f 653 775 494
f 652 776 361
f 912 776 652
f 361 776 496
f 653 496 776
f 777 654 656
f 778 654 655
f 779 778 655
f 657 779 655
f 914 779 657
f 1122 657 499
f 780 499 658
f 780 1122 499
f 654 781 656
f 659 780 658
f 659 782 780
f 654 778 781
f 782 659 505
f 917 505 660
f 917 782 505
f 783 917 661
f 917 660 661
f 662 783 661
f 662 784 783
f 781 919 785
f 662 786 784
f 662 663 786
f 663 666 786
f 666 787 786
f 921 665 785
f 921 785 919
f 787 666 788
f 666 789 788
f 789 790 788
f 792 669 665
f 925 792 665
f 921 925 665
f 670 791 789
f 790 789 791
f 792 925 793
f 671 795 791
f 671 791 670
f 797 792 793
f 796 792 797
f 793 794 797
f 800 798 795
f 800 795 671
f 796 797 799
f 801 798 800
f 799 932 674
f 799 797 932
f 803 800 802
f 800 803 801
f 521 676 804
f 805 674 932
f 803 802 811
f 811 802 678
f 804 806 525
f 804 676 807
f 533 807 676
f 808 807 533
f 808 680 681
f 808 533 680
f 809 677 674
f 674 805 809
f 397 811 678
f 808 681 810
f 544 810 681
f 809 684 677
f 683 812 685
f 806 812 683
f 818 810 686
f 686 810 544
f 814 687 684
f 684 809 814
f 397 689 811
f 811 689 942
f 812 691 816
f 691 812 815
f 812 688 685
f 688 812 816
f 816 813 688
f 947 813 816
f 947 817 813
f 818 686 552
f 946 687 814
f 690 943 403
f 691 815 819
f 690 819 815
f 819 690 551
f 819 944 691
f 944 816 691
f 816 944 947
f 817 947 820
f 692 817 820
f 554 818 552
f 945 818 554
f 821 693 687
f 822 821 687
f 946 822 687
f 943 1058 403
f 551 951 819
f 944 819 951
f 823 692 820
f 945 554 823
f 821 826 693
f 551 827 951
f 825 827 551
f 697 823 554
f 702 828 827
f 825 702 827
f 695 284 824
f 824 284 831
f 953 700 950
f 828 702 829
f 830 561 699
f 953 701 700
f 953 957 701
f 702 703 829
f 830 832 561
f 706 833 831
f 834 701 957
f 568 701 834
f 703 704 835
f 960 705 832
f 708 835 704
f 841 710 837
f 837 705 841
f 712 836 963
f 838 717 839
f 840 714 710
f 841 840 710
f 723 846 711
f 842 712 963
f 719 844 717
f 844 839 717
f 845 714 840
f 847 842 963
f 719 843 844
f 854 843 719
f 586 848 721
f 718 848 586
f 718 849 848
f 845 849 714
f 968 723 722
f 968 846 723
f 850 842 847
f 967 854 970
f 854 967 843
f 851 854 719
f 720 848 852
f 848 720 721
f 849 845 859
f 853 722 724
f 968 722 853
f 969 850 847
f 847 970 969
f 719 855 851
f 856 719 852
f 855 719 856
f 856 852 848
f 856 848 857
f 857 848 858
f 859 848 849
f 858 848 859
f 728 972 592
f 972 724 592
f 724 972 853
f 860 850 969
f 861 855 726
f 855 856 726
f 726 856 862
f 856 863 862
f 857 863 856
f 863 857 864
f 975 857 858
f 864 857 975
f 858 859 975
f 729 860 865
f 730 861 726
f 861 730 866
f 731 862 867
f 726 862 731
f 868 729 865
f 735 866 730
f 735 869 866
f 867 978 870
f 870 731 867
f 871 733 736
f 729 874 734
f 874 868 983
f 729 868 874
f 872 875 735
f 875 869 735
f 873 735 870
f 735 873 872
f 871 736 739
f 877 737 734
f 877 734 874
f 877 874 989
f 876 741 878
f 877 880 737
f 880 877 881
f 882 877 989
f 881 877 882
f 741 742 878
f 878 742 607
f 879 878 607
f 879 607 884
f 881 882 743
f 882 883 743
f 607 608 884
f 883 885 887
f 887 889 888
f 747 890 886
f 891 888 889
f 747 894 890
f 890 894 892
f 744 891 889
f 1002 744 889
f 1005 748 744
f 1002 1005 744
f 751 894 747
f 894 751 893
f 896 894 893
f 894 896 897
f 1005 895 748
f 895 1005 1006
f 754 755 752
f 752 755 756
f 893 756 759
f 752 756 893
f 896 893 759
f 757 895 1006
f 898 757 1006
f 896 762 760
f 897 896 760
f 757 898 761
f 898 1013 761
f 760 763 901
f 1013 899 761
f 763 765 901
f 899 900 764
f 765 1113 901
f 903 768 902
f 906 1113 765
f 903 904 768
f 768 904 769
f 904 905 769
f 908 773 907
f 908 1020 774
f 1020 1021 774
f 911 644 775
f 1021 910 774
f 909 1027 910
f 1021 909 910
f 911 775 1025
f 912 910 913
f 1025 775 913
f 775 653 913
f 776 912 913
f 653 776 913
f 1122 914 657
f 915 778 779
f 779 914 915
f 916 781 778
f 915 916 778
f 783 918 917
f 781 916 919
f 783 784 918
f 784 920 918
f 919 916 1032
f 784 786 920
f 1033 919 1032
f 787 920 786
f 1033 921 919
f 922 787 788
f 923 921 1036
f 1037 923 1036
f 1037 924 923
f 790 928 922
f 790 922 788
f 925 921 923
f 925 923 926
f 926 923 924
f 926 924 927
f 791 928 790
f 793 925 794
f 794 925 926
f 926 929 794
f 926 927 929
f 928 791 795
f 929 797 794
f 798 931 795
f 797 929 930
f 801 931 798
f 933 932 797
f 930 933 797
f 801 803 935
f 933 805 932
f 811 934 803
f 803 934 935
f 805 940 809
f 805 933 940
f 934 811 941
f 937 806 804
f 936 806 937
f 937 804 807
f 937 807 938
f 938 807 808
f 938 808 939
f 808 810 939
f 936 812 806
f 818 939 810
f 940 814 809
f 811 942 941
f 1052 946 814
f 940 1052 814
f 690 815 943
f 820 947 1056
f 1056 945 820
f 942 689 695
f 944 951 948
f 947 944 948
f 945 823 820
f 1058 950 825
f 827 828 951
f 828 954 951
f 826 952 699
f 821 952 826
f 824 831 949
f 954 828 829
f 954 829 955
f 956 830 699
f 956 699 952
f 703 955 829
f 703 1068 955
f 956 958 830
f 834 1160 568
f 703 835 1068
f 958 832 830
f 958 960 832
f 1160 836 568
f 835 708 959
f 711 961 706
f 838 959 708
f 1071 705 960
f 1071 841 705
f 711 846 961
f 963 836 962
f 839 1070 959
f 839 959 838
f 1073 840 841
f 963 962 964
f 964 962 965
f 966 843 965
f 1070 844 966
f 844 843 966
f 844 1070 839
f 964 847 963
f 847 964 967
f 964 965 967
f 843 967 965
f 1073 845 840
f 1074 845 1073
f 968 1170 846
f 847 967 970
f 1074 859 845
f 851 971 854
f 854 971 970
f 1074 976 859
f 972 1076 853
f 968 853 1076
f 969 973 860
f 969 970 973
f 970 971 973
f 971 851 974
f 974 851 861
f 851 855 861
f 976 975 859
f 728 727 1077
f 973 865 860
f 1078 865 973
f 974 978 977
f 974 866 978
f 974 861 866
f 977 867 979
f 867 977 978
f 979 867 862
f 1083 862 863
f 1083 863 980
f 864 981 863
f 863 981 980
f 864 982 981
f 864 975 982
f 733 984 727
f 727 984 1077
f 983 868 1078
f 868 865 1078
f 869 983 1078
f 1079 866 869
f 866 1079 978
f 1081 978 1079
f 870 978 1081
f 733 871 984
f 986 983 869
f 985 983 986
f 986 869 875
f 987 870 1081
f 873 870 987
f 871 739 984
f 988 874 983
f 983 985 988
f 872 873 987
f 876 1087 739
f 874 988 989
f 988 1086 989
f 878 1087 876
f 879 1087 878
f 882 989 1086
f 1089 882 1086
f 884 990 879
f 1089 883 882
f 1090 883 1089
f 993 884 608
f 993 990 884
f 886 993 608
f 994 885 883
f 1090 994 883
f 1090 1095 994
f 995 1095 991
f 995 991 992
f 995 992 996
f 890 1001 993
f 890 993 886
f 997 993 1001
f 998 887 885
f 998 885 994
f 994 1095 999
f 999 1095 995
f 999 995 1000
f 1000 995 996
f 996 1097 1000
f 997 1001 1003
f 998 889 887
f 1002 889 998
f 1001 890 1003
f 1004 890 892
f 1003 890 1004
f 892 1007 1004
f 1007 892 894
f 897 1007 894
f 897 1008 1007
f 1008 897 1009
f 898 1006 1010
f 760 1009 897
f 1009 760 1011
f 1013 898 1010
f 1014 1013 1010
f 1016 760 901
f 1011 760 1016
f 1011 1015 1012
f 1011 1016 1015
f 1014 1107 1013
f 1107 1108 1013
f 1013 1108 899
f 899 1111 900
f 1108 1111 899
f 1016 1017 1015
f 1111 902 900
f 1112 902 1111
f 1113 1016 901
f 1017 1113 1114
f 1017 1016 1113
f 1112 903 902
f 904 903 1018
f 903 1112 1018
f 906 1118 1113
f 905 904 1018
f 641 1023 906
f 1023 1118 906
f 905 1018 907
f 907 1018 1019
f 644 1023 641
f 907 1019 908
f 1020 908 1019
f 909 1021 1022
f 1022 1024 909
f 1120 911 1026
f 644 911 1023
f 1023 911 1120
f 1024 1027 909
f 1024 913 1027
f 913 1024 1025
f 911 1025 1026
f 1027 913 910
f 1122 1121 914
f 1028 915 914
f 1122 782 1029
f 780 782 1122
f 915 1030 916
f 1028 1030 915
f 782 917 1029
f 917 1125 1029
f 918 1125 917
f 920 1031 918
f 1030 1032 916
f 920 1034 1031
f 920 787 1034
f 1036 921 1033
f 1037 1033 1032
f 1036 1033 1037
f 1032 1130 1037
f 922 1034 787
f 1035 1034 922
f 1037 1129 924
f 1130 1129 1037
f 1129 1038 924
f 928 1039 922
f 1040 924 1038
f 1040 927 924
f 1041 1039 928
f 795 1041 928
f 1042 929 927
f 1040 1042 927
f 1041 795 931
f 1042 930 929
f 801 1043 931
f 930 1042 933
f 935 1043 801
f 935 1045 1043
f 933 1042 1044
f 934 1045 935
f 940 933 1044
f 1050 934 941
f 936 937 1046
f 1047 937 938
f 1048 938 939
f 941 1049 1050
f 1046 812 936
f 818 1048 939
f 818 1051 1048
f 942 1049 941
f 1055 1049 942
f 1053 815 812
f 812 1046 1053
f 818 945 1051
f 1051 945 1054
f 1055 942 1057
f 943 815 1053
f 1056 1054 945
f 1052 1144 946
f 824 1057 942
f 695 824 942
f 948 1061 947
f 1061 1056 947
f 1059 1056 1061
f 1144 822 946
f 1057 949 1063
f 824 949 1057
f 1060 948 951
f 948 1060 1061
f 1062 1059 1061
f 950 1147 1064
f 950 1058 1147
f 954 1060 951
f 831 1065 1063
f 949 831 1063
f 1154 953 1064
f 953 950 1064
f 1066 1065 831
f 957 1067 834
f 1067 953 1154
f 957 953 1067
f 833 1066 831
f 1067 1160 834
f 961 833 706
f 1164 836 1160
f 1162 1068 959
f 835 959 1068
f 962 836 1164
f 1162 959 1070
f 958 1071 960
f 1072 965 962
f 1164 1072 962
f 965 1072 1069
f 966 965 1069
f 966 1069 1070
f 1169 1073 841
f 1071 1169 841
f 1170 968 1075
f 1074 1338 976
f 1076 972 728
f 968 1076 1075
f 971 1078 973
f 1079 971 974
f 1078 971 1079
f 977 1079 974
f 1080 982 975
f 1080 975 976
f 869 1078 1079
f 1079 977 1081
f 1081 977 979
f 1177 1081 979
f 1082 1081 1177
f 1083 979 862
f 1177 979 1083
f 1266 1083 980
f 981 1266 980
f 1082 987 1081
f 1179 987 1082
f 739 1181 984
f 985 1182 988
f 1084 985 986
f 1084 1182 985
f 1084 875 1085
f 1084 986 875
f 875 1179 1085
f 875 872 1179
f 872 987 1179
f 739 1087 1181
f 1182 1086 988
f 1088 1087 879
f 990 1088 879
f 1089 1091 1090
f 1092 1091 1186
f 1092 1186 1190
f 990 993 1088
f 1096 1088 993
f 1091 1095 1090
f 1095 1091 1092
f 991 1095 1092
f 991 1092 992
f 992 1092 1190
f 992 1190 1192
f 992 1192 1093
f 1093 1094 992
f 1094 1195 992
f 993 997 1096
f 1097 996 992
f 992 1195 1097
f 1099 997 1003
f 1100 1002 998
f 994 1100 998
f 1101 994 999
f 1101 1100 994
f 999 1102 1101
f 999 1000 1102
f 1097 1197 1000
f 1097 1098 1197
f 1200 1002 1100
f 1101 1103 1100
f 1101 1102 1103
f 1004 1099 1003
f 1099 1004 1008
f 1200 1005 1002
f 1104 1005 1200
f 1006 1005 1104
f 1004 1007 1008
f 1006 1104 1291
f 1009 1105 1008
f 1006 1291 1010
f 1105 1009 1011
f 1105 1011 1012
f 1106 1105 1012
f 1014 1010 1291
f 1012 1109 1106
f 1015 1109 1012
f 1291 1107 1014
f 1110 1111 1108
f 1017 1109 1015
f 1111 1110 1209
f 1209 1112 1111
f 1115 1018 1112
f 1114 1113 1118
f 1115 1116 1018
f 1023 1119 1118
f 1018 1116 1019
f 1116 1212 1019
f 1019 1212 1020
f 1020 1212 1021
f 1021 1212 1117
f 1021 1117 1022
f 1117 1024 1022
f 1120 1119 1023
f 1025 1024 1026
f 1028 914 1215
f 1121 1215 914
f 1216 1121 1122
f 1215 1123 1028
f 1124 1216 1122
f 1029 1124 1122
f 1030 1123 1219
f 1028 1123 1030
f 1125 918 1031
f 1126 1125 1031
f 1219 1127 1030
f 1031 1128 1126
f 1032 1030 1127
f 1034 1128 1031
f 1223 1129 1032
f 1127 1223 1032
f 1035 1128 1034
f 1129 1130 1032
f 1131 1038 1129
f 1131 1132 1038
f 1038 1132 1040
f 1041 1133 1039
f 1042 1040 1132
f 1134 1133 931
f 1041 931 1133
f 1135 1042 1132
f 1134 931 1043
f 1043 1045 1138
f 1042 1136 1044
f 934 1138 1045
f 1137 1138 934
f 1044 1321 940
f 1321 1044 1136
f 1050 1137 934
f 1050 1235 1137
f 937 1047 1046
f 1236 1047 938
f 1236 938 1048
f 940 1321 1407
f 1139 1049 1237
f 1139 1235 1049
f 1049 1235 1050
f 1046 1047 1140
f 1236 1048 1051
f 1236 1051 1141
f 1407 1052 940
f 1053 1240 1142
f 1046 1240 1053
f 1140 1240 1046
f 1141 1051 1054
f 1143 1141 1054
f 1145 1052 1407
f 1146 1055 1057
f 943 1053 1142
f 1243 943 1142
f 1056 1143 1054
f 1056 1148 1143
f 1144 1052 1145
f 1243 1058 943
f 1147 1058 1243
f 1148 1056 1059
f 1063 1146 1057
f 1062 1148 1059
f 1153 822 1144
f 1149 1063 1065
f 1064 1147 1150
f 954 1151 1060
f 1152 1061 1151
f 1061 1060 1151
f 1061 1152 1062
f 1153 1249 822
f 822 1249 821
f 1157 1149 1065
f 1154 1064 1150
f 955 1155 1151
f 955 1151 954
f 1249 952 821
f 1156 1157 1065
f 1066 1156 1065
f 1158 1254 1067
f 1158 1067 1154
f 1159 1158 1154
f 1154 1150 1159
f 1068 1163 1155
f 955 1068 1155
f 1156 833 961
f 1066 833 1156
f 1161 1160 1067
f 1254 1161 1067
f 1163 1162 1255
f 1068 1162 1163
f 1160 1161 1164
f 956 1166 958
f 1161 1072 1164
f 1167 1072 1161
f 1167 1257 1069
f 1069 1165 1070
f 1257 1165 1069
f 1162 1070 1165
f 1166 1071 958
f 846 1260 961
f 1069 1072 1167
f 1071 1166 1168
f 846 1170 1260
f 1168 1169 1071
f 1169 1261 1073
f 1261 1074 1073
f 1338 1074 1261
f 1172 1076 728
f 1075 1076 1172
f 1171 976 1338
f 1077 1172 728
f 1175 1172 1077
f 1174 982 1080
f 1174 1173 982
f 1171 1080 976
f 1171 1174 1080
f 1175 1077 984
f 1177 1176 1082
f 1266 1177 1083
f 981 982 1173
f 981 1173 1266
f 1175 984 1178
f 1176 1180 1179
f 1082 1176 1179
f 1181 1178 984
f 1084 1085 1183
f 1180 1085 1179
f 1180 1184 1085
f 1185 1181 1087
f 1273 1086 1182
f 1188 1085 1186
f 1183 1085 1188
f 1085 1184 1187
f 1186 1085 1187
f 1087 1088 1185
f 1088 1194 1185
f 1273 1089 1086
f 1189 1089 1273
f 1186 1187 1190
f 1192 1187 1191
f 1190 1187 1192
f 1191 1093 1192
f 1191 1193 1093
f 1194 1088 1096
f 1091 1089 1189
f 1091 1189 1188
f 1091 1188 1186
f 1193 1094 1093
f 1193 1353 1094
f 1193 1277 1353
f 1353 1195 1094
f 1195 1353 1355
f 1196 1195 1355
f 1195 1098 1097
f 1280 1197 1098
f 1195 1280 1098
f 1198 1200 1100
f 1103 1198 1100
f 1000 1199 1102
f 1200 1198 1283
f 1283 1198 1103
f 1199 1283 1103
f 1199 1103 1102
f 1199 1000 1285
f 1285 1000 1197
f 1008 1201 1099
f 1202 1104 1200
f 1200 1283 1202
f 1008 1287 1201
f 1288 1104 1202
f 1291 1104 1288
f 1287 1008 1203
f 1008 1105 1203
f 1203 1105 1106
f 1203 1106 1204
f 1205 1204 1106
f 1109 1205 1106
f 1207 1205 1109
f 1291 1294 1107
f 1107 1206 1108
f 1294 1206 1107
f 1110 1206 1208
f 1108 1206 1110
f 1017 1210 1109
f 1109 1210 1207
f 1209 1110 1208
f 1017 1114 1210
f 1112 1209 1298
f 1115 1112 1298
f 1211 1115 1298
f 1118 1214 1114
f 1211 1116 1115
f 1211 1212 1116
f 1117 1213 1303
f 1117 1212 1213
f 1302 1117 1303
f 1305 1026 1302
f 1377 1214 1118
f 1377 1118 1119
f 1302 1024 1117
f 1024 1302 1026
f 1119 1120 1306
f 1377 1119 1306
f 1306 1120 1026
f 1215 1307 1123
f 1121 1216 1220
f 1124 1221 1216
f 1221 1124 1217
f 1381 1124 1029
f 1381 1217 1124
f 1310 1381 1029
f 1310 1029 1125
f 1125 1218 1310
f 1307 1219 1123
f 1220 1216 1221
f 1125 1126 1218
f 1126 1222 1218
f 1219 1223 1127
f 1222 1126 1225
f 1128 1225 1126
f 1128 1227 1225
f 1223 1226 1129
f 1223 1224 1226
f 1035 1227 1128
f 1035 922 1227
f 1227 922 1228
f 1226 1131 1129
f 1313 1131 1226
f 1039 1228 922
f 1131 1313 1132
f 1315 1039 1133
f 1313 1229 1132
f 1315 1133 1318
f 1229 1135 1132
f 1230 1134 1043
f 1232 1230 1043
f 1231 1042 1135
f 1231 1135 1229
f 1232 1043 1138
f 1231 1321 1136
f 1042 1231 1136
f 1137 1233 1232
f 1137 1232 1138
f 1233 1235 1234
f 1137 1235 1233
f 1139 1234 1235
f 1047 1238 1140
f 1238 1047 1236
f 1238 1236 1241
f 1141 1241 1236
f 1237 1055 1239
f 1049 1055 1237
f 1240 1140 1238
f 1143 1241 1141
f 1245 1239 1055
f 1146 1245 1055
f 1142 1244 1243
f 1240 1244 1142
f 1240 1238 1247
f 1247 1238 1241
f 1148 1241 1143
f 1242 1144 1145
f 1242 1416 1144
f 1246 1244 1240
f 1246 1240 1247
f 1248 1247 1148
f 1247 1241 1148
f 1153 1144 1416
f 1063 1245 1146
f 1063 1250 1245
f 1243 1244 1246
f 1246 1247 1329
f 1329 1247 1248
f 1062 1248 1148
f 1062 1253 1248
f 1250 1063 1149
f 1147 1251 1150
f 1147 1243 1251
f 1251 1243 1246
f 1251 1246 1252
f 1329 1152 1151
f 1246 1329 1151
f 1252 1246 1151
f 1152 1253 1062
f 1329 1253 1152
f 1149 1157 1250
f 1155 1251 1252
f 1151 1155 1252
f 1422 1157 1156
f 1255 1159 1150
f 1163 1150 1251
f 1255 1150 1163
f 1163 1251 1155
f 1333 952 1249
f 1256 1161 1254
f 1256 1254 1158
f 1159 1256 1158
f 1255 1162 1159
f 1333 1258 952
f 952 1258 956
f 1259 1161 1256
f 1256 1257 1259
f 1165 1256 1159
f 1257 1256 1165
f 1162 1165 1159
f 956 1258 1166
f 1167 1161 1259
f 1167 1259 1257
f 1169 1336 1261
f 1168 1336 1169
f 1260 1170 1262
f 1340 1262 1075
f 1075 1262 1170
f 1340 1075 1172
f 1339 1171 1338
f 1172 1175 1264
f 1172 1264 1340
f 1174 1341 1173
f 1339 1341 1171
f 1341 1174 1171
f 1263 1264 1175
f 1266 1265 1177
f 1266 1173 1341
f 1271 1175 1178
f 1263 1175 1271
f 1268 1180 1176
f 1267 1180 1268
f 1176 1177 1269
f 1269 1177 1265
f 1271 1181 1270
f 1271 1178 1181
f 1347 1084 1183
f 1347 1346 1084
f 1184 1267 1347
f 1180 1267 1184
f 1185 1276 1181
f 1270 1181 1276
f 1274 1273 1182
f 1084 1274 1182
f 1346 1274 1084
f 1183 1274 1347
f 1188 1274 1183
f 1347 1187 1184
f 1347 1348 1187
f 1272 1191 1187
f 1348 1272 1187
f 1191 1272 1275
f 1194 1276 1185
f 1274 1188 1189
f 1273 1274 1189
f 1191 1275 1193
f 1193 1275 1349
f 1351 1193 1349
f 1351 1277 1193
f 1194 1439 1276
f 1354 1439 1194
f 1194 1096 1354
f 1354 1096 1278
f 1355 1442 1196
f 997 1278 1096
f 997 1279 1278
f 1196 1442 1281
f 1279 997 1099
f 1279 1099 1201
f 1195 1196 1280
f 1196 1281 1280
f 1280 1281 1282
f 1201 1287 1358
f 1283 1199 1284
f 1286 1285 1197
f 1280 1286 1197
f 1286 1280 1282
f 1283 1284 1202
f 1284 1199 1285
f 1202 1360 1288
f 1203 1289 1287
f 1290 1203 1204
f 1290 1289 1203
f 1291 1288 1360
f 1205 1290 1204
f 1205 1292 1290
f 1294 1291 1366
f 1207 1292 1205
f 1366 1293 1294
f 1295 1294 1293
f 1206 1295 1208
f 1294 1295 1206
f 1369 1296 1295
f 1295 1296 1208
f 1296 1371 1208
f 1209 1208 1371
f 1209 1371 1297
f 1298 1209 1297
f 1372 1298 1297
f 1114 1299 1210
f 1210 1299 1373
f 1372 1300 1298
f 1300 1211 1298
f 1211 1300 1376
f 1301 1303 1213
f 1304 1302 1303
f 1214 1299 1114
f 1214 1378 1299
f 1211 1376 1212
f 1301 1213 1376
f 1213 1212 1376
f 1302 1304 1305
f 1026 1305 1306
f 1306 1305 1377
f 1378 1214 1377
f 1379 1307 1215
f 1379 1215 1121
f 1379 1121 1308
f 1121 1220 1308
f 1381 1309 1217
f 1382 1219 1307
f 1384 1308 1220
f 1309 1220 1221
f 1309 1384 1220
f 1221 1217 1309
f 1310 1222 1311
f 1218 1222 1310
f 1382 1223 1219
f 1382 1387 1223
f 1225 1311 1222
f 1312 1311 1225
f 1387 1224 1223
f 1387 1388 1224
f 1392 1224 1388
f 1227 1312 1225
f 1227 1228 1312
f 1392 1226 1224
f 1394 1226 1392
f 1314 1313 1226
f 1394 1314 1226
f 1039 1315 1228
f 1314 1316 1313
f 1316 1229 1313
f 1317 1318 1133
f 1134 1230 1317
f 1134 1317 1133
f 1229 1316 1319
f 1230 1232 1405
f 1319 1320 1231
f 1231 1229 1319
f 1405 1232 1404
f 1231 1322 1321
f 1231 1320 1322
f 1233 1409 1232
f 1322 1407 1321
f 1324 1234 1139
f 1409 1234 1324
f 1233 1234 1409
f 1325 1323 1237
f 1237 1323 1324
f 1237 1324 1139
f 1326 1145 1407
f 1239 1325 1237
f 1242 1145 1326
f 1245 1328 1327
f 1325 1245 1327
f 1245 1325 1239
f 1326 1416 1242
f 1153 1416 1417
f 1245 1250 1328
f 1248 1253 1329
f 1417 1249 1153
f 1328 1250 1330
f 1421 1249 1417
f 1157 1330 1250
f 1332 1330 1157
f 1421 1333 1249
f 1331 1422 1156
f 1422 1332 1157
f 961 1331 1156
f 961 1334 1331
f 1260 1334 961
f 1260 1426 1334
f 1335 1166 1258
f 1168 1166 1335
f 1261 1336 1337
f 1338 1261 1337
f 1337 1339 1338
f 1339 1342 1341
f 1266 1434 1265
f 1342 1434 1266
f 1266 1341 1342
f 1271 1343 1263
f 1267 1268 1344
f 1176 1269 1268
f 1269 1265 1345
f 1265 1434 1345
f 1343 1271 1270
f 1267 1344 1347
f 1344 1348 1347
f 1348 1268 1272
f 1348 1344 1268
f 1268 1349 1272
f 1268 1269 1349
f 1349 1269 1345
f 1276 1350 1270
f 1274 1346 1347
f 1349 1275 1272
f 1349 1345 1351
f 1276 1439 1350
f 1351 1352 1277
f 1352 1353 1277
f 1352 1438 1353
f 1353 1438 1355
f 1356 1281 1442
f 1201 1358 1279
f 1356 1282 1281
f 1356 1357 1282
f 1282 1357 1286
f 1284 1448 1202
f 1359 1448 1284
f 1286 1284 1285
f 1286 1359 1284
f 1360 1202 1448
f 1361 1287 1289
f 1362 1361 1289
f 1363 1289 1290
f 1363 1362 1289
f 1364 1291 1360
f 1292 1363 1290
f 1292 1365 1363
f 1364 1366 1291
f 1293 1366 1367
f 1207 1365 1292
f 1207 1368 1365
f 1295 1293 1367
f 1295 1367 1370
f 1210 1368 1207
f 1369 1295 1370
f 1373 1368 1210
f 1374 1296 1369
f 1374 1369 1460
f 1374 1371 1296
f 1371 1372 1297
f 1374 1372 1371
f 1464 1373 1299
f 1372 1374 1375
f 1375 1300 1372
f 1300 1466 1376
f 1375 1466 1300
f 1466 1301 1376
f 1305 1304 1462
f 1463 1377 1305
f 1462 1463 1305
f 1464 1378 1377
f 1464 1377 1463
f 1464 1299 1378
f 1309 1381 1380
f 1381 1467 1380
f 1468 1381 1310
f 1468 1310 1385
f 1379 1382 1307
f 1382 1308 1383
f 1379 1308 1382
f 1384 1383 1308
f 1384 1309 1380
f 1311 1385 1310
f 1386 1385 1311
f 1388 1382 1383
f 1387 1382 1388
f 1389 1388 1383
f 1386 1312 1390
f 1311 1312 1386
f 1388 1389 1392
f 1389 1476 1392
f 1390 1312 1391
f 1393 1392 1476
f 1395 1312 1228
f 1391 1312 1395
f 1392 1393 1394
f 1228 1396 1395
f 1397 1314 1394
f 1394 1393 1397
f 1315 1396 1228
f 1315 1318 1399
f 1316 1314 1398
f 1401 1399 1317
f 1318 1317 1399
f 1316 1398 1400
f 1402 1401 1230
f 1317 1230 1401
f 1319 1400 1403
f 1319 1316 1400
f 1402 1230 1405
f 1403 1406 1320
f 1320 1319 1403
f 1322 1320 1406
f 1409 1404 1232
f 1322 1406 1407
f 1323 1408 1324
f 1408 1409 1324
f 1406 1410 1407
f 1412 1408 1325
f 1323 1325 1408
f 1411 1326 1407
f 1411 1407 1410
f 1325 1327 1412
f 1415 1326 1411
f 1414 1412 1327
f 1327 1328 1414
f 1416 1413 1417
f 1326 1415 1416
f 1418 1416 1415
f 1413 1416 1418
f 1415 1419 1418
f 1419 1415 1414
f 1330 1419 1414
f 1422 1419 1330
f 1330 1414 1328
f 1417 1420 1421
f 1423 1419 1422
f 1422 1330 1332
f 1333 1421 1489
f 1331 1423 1422
f 1489 1495 1258
f 1489 1258 1333
f 1334 1424 1423
f 1331 1334 1423
f 1335 1495 1425
f 1258 1495 1335
f 1424 1334 1426
f 1425 1168 1335
f 1260 1503 1426
f 1427 1168 1425
f 1260 1428 1503
f 1168 1427 1336
f 1430 1428 1262
f 1260 1262 1428
f 1429 1336 1427
f 1337 1336 1429
f 1340 1430 1262
f 1429 1431 1337
f 1340 1505 1430
f 1431 1339 1337
f 1264 1505 1340
f 1432 1505 1264
f 1342 1339 1431
f 1342 1431 1508
f 1433 1432 1263
f 1264 1263 1432
f 1342 1435 1434
f 1508 1435 1342
f 1343 1433 1263
f 1434 1436 1345
f 1434 1435 1436
f 1343 1270 1350
f 1436 1351 1345
f 1436 1437 1351
f 1437 1352 1351
f 1352 1437 1513
f 1438 1352 1513
f 1440 1439 1354
f 1438 1441 1355
f 1278 1443 1440
f 1278 1440 1354
f 1441 1442 1355
f 1441 1516 1442
f 1279 1443 1278
f 1279 1445 1443
f 1358 1445 1279
f 1442 1444 1356
f 1444 1357 1356
f 1445 1358 1446
f 1444 1447 1357
f 1358 1520 1446
f 1358 1287 1520
f 1286 1450 1449
f 1286 1357 1450
f 1450 1357 1447
f 1361 1520 1287
f 1448 1359 1451
f 1360 1448 1451
f 1521 1360 1451
f 1451 1359 1286
f 1451 1286 1449
f 1520 1361 1452
f 1362 1452 1361
f 1521 1364 1360
f 1452 1453 1528
f 1453 1452 1362
f 1453 1362 1363
f 1366 1364 1455
f 1453 1365 1454
f 1363 1365 1453
f 1455 1367 1366
f 1365 1368 1456
f 1367 1457 1370
f 1367 1455 1457
f 1368 1458 1456
f 1457 1369 1370
f 1459 1458 1368
f 1459 1368 1373
f 1460 1457 1533
f 1460 1369 1457
f 1463 1373 1464
f 1463 1459 1373
f 1533 1374 1460
f 1533 1534 1374
f 1374 1534 1375
f 1534 1465 1375
f 1375 1465 1466
f 1466 1536 1301
f 1301 1536 1303
f 1303 1537 1304
f 1536 1537 1303
f 1304 1537 1461
f 1304 1461 1462
f 1539 1380 1467
f 1468 1467 1381
f 1469 1468 1385
f 1383 1471 1470
f 1383 1384 1471
f 1384 1380 1539
f 1384 1539 1471
f 1385 1386 1469
f 1386 1474 1469
f 1470 1389 1383
f 1470 1472 1389
f 1390 1474 1386
f 1475 1474 1390
f 1472 1476 1389
f 1476 1472 1473
f 1391 1475 1390
f 1391 1544 1475
f 1393 1476 1473
f 1473 1617 1393
f 1473 1541 1617
f 1395 1544 1391
f 1617 1543 1393
f 1396 1544 1395
f 1477 1397 1393
f 1477 1393 1543
f 1315 1478 1396
f 1544 1396 1478
f 1314 1477 1546
f 1314 1397 1477
f 1315 1399 1481
f 1315 1481 1478
f 1398 1546 1550
f 1398 1314 1546
f 1401 1480 1399
f 1399 1480 1481
f 1482 1400 1550
f 1550 1400 1398
f 1479 1402 1553
f 1402 1479 1401
f 1403 1400 1482
f 1553 1402 1405
f 1403 1482 1406
f 1405 1404 1553
f 1409 1483 1404
f 1406 1482 1410
f 1408 1484 1483
f 1408 1483 1409
f 1408 1412 1484
f 1412 1486 1484
f 1415 1486 1414
f 1414 1486 1412
f 1485 1417 1413
f 1418 1485 1413
f 1487 1417 1485
f 1488 1485 1418
f 1487 1485 1488
f 1419 1488 1418
f 1487 1420 1417
f 1490 1489 1421
f 1490 1421 1420
f 1491 1490 1420
f 1487 1491 1420
f 1492 1487 1488
f 1491 1487 1492
f 1423 1492 1419
f 1419 1492 1488
f 1561 1495 1489
f 1494 1493 1492
f 1423 1494 1492
f 1495 1561 1496
f 1424 1494 1423
f 1495 1496 1425
f 1494 1424 1497
f 1424 1426 1497
f 1498 1497 1426
f 1499 1425 1496
f 1503 1498 1426
f 1499 1427 1425
f 1427 1499 1500
f 1502 1501 1568
f 1570 1430 1502
f 1570 1502 1568
f 1570 1428 1430
f 1503 1428 1570
f 1500 1429 1427
f 1502 1504 1501
f 1505 1502 1430
f 1572 1431 1429
f 1506 1504 1502
f 1506 1502 1505
f 1572 1574 1431
f 1432 1506 1505
f 1508 1431 1574
f 1507 1506 1509
f 1433 1509 1432
f 1509 1506 1432
f 1510 1435 1508
f 1509 1343 1350
f 1433 1343 1509
f 1510 1511 1435
f 1511 1436 1435
f 1511 1437 1436
f 1581 1437 1511
f 1439 1512 1350
f 1581 1513 1437
f 1512 1439 1514
f 1513 1585 1438
f 1439 1440 1514
f 1514 1440 1515
f 1585 1441 1438
f 1516 1441 1585
f 1589 1442 1516
f 1445 1517 1443
f 1589 1444 1442
f 1517 1445 1518
f 1445 1446 1518
f 1446 1524 1518
f 1444 1519 1447
f 1444 1589 1519
f 1524 1446 1520
f 1521 1451 1598
f 1522 1598 1451
f 1523 1451 1449
f 1523 1522 1451
f 1449 1450 1523
f 1524 1520 1452
f 1521 1598 1599
f 1524 1452 1525
f 1599 1364 1521
f 1525 1452 1528
f 1455 1599 1526
f 1364 1599 1455
f 1453 1454 1528
f 1365 1456 1454
f 1456 1528 1454
f 1604 1457 1455
f 1604 1455 1526
f 1603 1527 1530
f 1529 1527 1528
f 1530 1527 1529
f 1529 1528 1456
f 1606 1457 1604
f 1530 1529 1532
f 1459 1532 1458
f 1532 1529 1458
f 1529 1456 1458
f 1606 1608 1457
f 1608 1610 1457
f 1610 1533 1457
f 1609 1462 1461
f 1462 1531 1463
f 1463 1532 1459
f 1531 1532 1463
f 1612 1465 1534
f 1538 1466 1465
f 1538 1465 1612
f 1535 1466 1538
f 1535 1536 1466
f 1461 1537 1609
f 1534 1533 1611
f 1534 1611 1612
f 1468 1615 1467
f 1471 1539 1540
f 1540 1539 1467
f 1469 1474 1542
f 1470 1471 1472
f 1540 1472 1471
f 1540 1473 1472
f 1616 1541 1473
f 1540 1616 1473
f 1475 1542 1474
f 1616 1700 1541
f 1544 1702 1475
f 1623 1477 1543
f 1478 1625 1544
f 1546 1547 1545
f 1477 1547 1546
f 1547 1477 1623
f 1481 1625 1478
f 1550 1546 1545
f 1479 1551 1401
f 1626 1551 1479
f 1480 1551 1548
f 1480 1401 1551
f 1480 1548 1549
f 1480 1549 1481
f 1553 1552 1479
f 1552 1553 1554
f 1482 1550 1713
f 1404 1554 1553
f 1484 1715 1483
f 1631 1715 1484
f 1483 1715 1554
f 1483 1554 1404
f 1410 1482 1630
f 1631 1484 1634
f 1630 1632 1410
f 1637 1634 1484
f 1632 1411 1410
f 1636 1411 1632
f 1555 1637 1486
f 1484 1486 1637
f 1411 1636 1415
f 1415 1555 1486
f 1636 1555 1415
f 1558 1557 1556
f 1558 1490 1557
f 1490 1491 1557
f 1559 1558 1643
f 1559 1561 1558
f 1490 1561 1489
f 1558 1561 1490
f 1560 1491 1492
f 1560 1492 1493
f 1563 1560 1493
f 1559 1564 1561
f 1559 1562 1564
f 1564 1496 1561
f 1494 1563 1493
f 1566 1563 1494
f 1566 1565 1563
f 1494 1497 1566
f 1567 1496 1564
f 1569 1566 1497
f 1498 1569 1497
f 1499 1496 1567
f 1565 1568 1571
f 1568 1565 1566
f 1503 1569 1498
f 1500 1499 1567
f 1571 1568 1501
f 1570 1566 1569
f 1568 1566 1570
f 1570 1569 1503
f 1729 1429 1500
f 1730 1429 1729
f 1573 1501 1504
f 1573 1571 1501
f 1730 1572 1429
f 1506 1575 1504
f 1573 1504 1575
f 1507 1575 1506
f 1574 1576 1508
f 1579 1508 1576
f 1507 1577 1575
f 1509 1577 1507
f 1510 1648 1578
f 1510 1508 1648
f 1579 1576 1650
f 1350 1577 1509
f 1350 1580 1577
f 1512 1580 1350
f 1511 1657 1581
f 1657 1513 1581
f 1513 1657 1658
f 1512 1582 1583
f 1514 1582 1512
f 1584 1514 1515
f 1584 1745 1514
f 1513 1658 1585
f 1514 1664 1582
f 1440 1584 1515
f 1440 1586 1584
f 1443 1586 1440
f 1663 1587 1516
f 1585 1663 1516
f 1517 1586 1443
f 1517 1588 1586
f 1516 1587 1589
f 1587 1666 1589
f 1517 1591 1588
f 1666 1667 1590
f 1589 1666 1590
f 1591 1517 1518
f 1589 1671 1592
f 1589 1590 1671
f 1593 1591 1518
f 1524 1593 1518
f 1519 1589 1592
f 1594 1593 1524
f 1450 1597 1596
f 1597 1450 1447
f 1447 1519 1597
f 1595 1522 1523
f 1595 1523 1596
f 1596 1523 1450
f 1524 1678 1594
f 1598 1679 1599
f 1678 1524 1525
f 1679 1600 1599
f 1528 1601 1525
f 1599 1600 1526
f 1527 1601 1528
f 1600 1602 1526
f 1603 1601 1527
f 1602 1683 1604
f 1526 1602 1604
f 1607 1601 1605
f 1605 1601 1603
f 1604 1683 1606
f 1530 1605 1603
f 1609 1531 1462
f 1605 1531 1607
f 1531 1605 1530
f 1531 1530 1532
f 1538 1691 1535
f 1692 1536 1535
f 1688 1536 1692
f 1537 1536 1688
f 1609 1537 1688
f 1533 1610 1689
f 1611 1533 1689
f 1538 1612 1613
f 1538 1613 1691
f 1535 1691 1692
f 1768 1611 1689
f 1611 1768 1614
f 1611 1614 1612
f 1613 1612 1614
f 1467 1616 1540
f 1615 1616 1467
f 1701 1469 1542
f 1700 1703 1541
f 1544 1618 1702
f 1703 1617 1541
f 1619 1543 1617
f 1620 1619 1617
f 1544 1621 1618
f 1543 1622 1623
f 1625 1621 1544
f 1622 1547 1623
f 1551 1624 1548
f 1548 1624 1549
f 1549 1711 1481
f 1624 1711 1549
f 1711 1625 1481
f 1552 1626 1479
f 1552 1627 1626
f 1552 1554 1628
f 1554 1629 1628
f 1482 1713 1630
f 1717 1715 1631
f 1554 1715 1629
f 1634 1635 1631
f 1631 1635 1717
f 1633 1632 1630
f 1555 1632 1633
f 1636 1632 1555
f 1633 1637 1555
f 1639 1720 1722
f 1720 1639 1638
f 1639 1556 1638
f 1640 1638 1556
f 1641 1722 1806
f 1722 1641 1639
f 1639 1641 1558
f 1556 1639 1558
f 1640 1556 1642
f 1643 1558 1641
f 1557 1642 1556
f 1641 1806 1643
f 1491 1642 1557
f 1491 1724 1642
f 1643 1725 1559
f 1644 1724 1560
f 1724 1491 1560
f 1563 1644 1560
f 1726 1562 1559
f 1563 1727 1644
f 1726 1728 1562
f 1564 1562 1728
f 1727 1563 1645
f 1563 1565 1645
f 1728 1567 1564
f 1646 1567 1728
f 1571 1645 1565
f 1646 1729 1500
f 1646 1500 1567
f 1572 1730 1731
f 1731 1732 1574
f 1731 1574 1572
f 1508 1735 1648
f 1649 1508 1579
f 1732 1576 1574
f 1732 1650 1576
f 1734 1737 1650
f 1734 1647 1737
f 1577 1651 1575
f 1651 1573 1575
f 1735 1578 1648
f 1735 1652 1578
f 1653 1649 1579
f 1649 1653 1652
f 1578 1652 1653
f 1650 1653 1579
f 1738 1653 1650
f 1737 1738 1650
f 1651 1577 1654
f 1653 1740 1578
f 1580 1655 1654
f 1577 1580 1654
f 1656 1510 1578
f 1656 1511 1510
f 1656 1578 1740
f 1655 1580 1659
f 1657 1511 1656
f 1658 1657 1656
f 1744 1659 1580
f 1512 1744 1580
f 1512 1583 1744
f 1662 1745 1584
f 1744 1663 1585
f 1658 1744 1585
f 1583 1663 1744
f 1582 1660 1583
f 1664 1660 1582
f 1661 1664 1514
f 1661 1514 1745
f 1586 1662 1584
f 1663 1583 1660
f 1662 1586 1665
f 1660 1747 1587
f 1663 1660 1587
f 1747 1660 1664
f 1588 1665 1586
f 1671 1670 1592
f 1592 1670 1669
f 1590 1670 1671
f 1590 1672 1670
f 1672 1590 1667
f 1666 1673 1667
f 1593 1668 1591
f 1597 1674 1756
f 1674 1597 1669
f 1597 1519 1669
f 1669 1519 1592
f 1677 1593 1594
f 1676 1596 1756
f 1595 1596 1676
f 1756 1596 1597
f 1522 1595 1675
f 1598 1522 1675
f 1594 1678 1677
f 1679 1598 1675
f 1525 1680 1678
f 1601 1681 1525
f 1525 1681 1680
f 1761 1600 1679
f 1681 1601 1682
f 1601 1607 1682
f 1600 1761 1602
f 1683 1602 1761
f 1607 1684 1682
f 1685 1608 1606
f 1609 1686 1531
f 1607 1531 1684
f 1684 1531 1686
f 1685 1687 1608
f 1608 1687 1610
f 1765 1609 1688
f 1765 1686 1609
f 1689 1610 1687
f 1691 1690 1769
f 1613 1690 1691
f 1696 1692 1691
f 1765 1688 1693
f 1688 1692 1693
f 1689 1694 1768
f 1767 1694 1689
f 1695 1613 1614
f 1690 1613 1695
f 1773 1691 1769
f 1696 1691 1773
f 1698 1692 1696
f 1692 1698 1775
f 1692 1775 1693
f 1693 1775 1697
f 1768 1771 1614
f 1695 1614 1771
f 1699 1697 1775
f 1779 1615 1468
f 1779 1863 1615
f 1781 1468 1469
f 1781 1779 1468
f 1863 1616 1615
f 1780 1616 1863
f 1701 1781 1469
f 1616 1780 1700
f 1702 1542 1475
f 1702 1701 1542
f 1705 1702 1618
f 1704 1617 1703
f 1620 1706 1619
f 1620 1617 1704
f 1621 1788 1618
f 1618 1788 1705
f 1707 1789 1622
f 1787 1622 1543
f 1787 1707 1622
f 1706 1543 1619
f 1706 1787 1543
f 1789 1545 1547
f 1547 1622 1789
f 1624 1551 1709
f 1710 1624 1709
f 1710 1791 1624
f 1791 1711 1624
f 1711 1621 1625
f 1550 1545 1873
f 1712 1708 1626
f 1626 1708 1551
f 1551 1708 1709
f 1627 1712 1626
f 1550 1873 1713
f 1627 1552 1628
f 1628 1629 1716
f 1630 1713 1714
f 1629 1715 1716
f 1630 1714 1798
f 1799 1717 1635
f 1633 1630 1798
f 1801 1633 1798
f 1801 1799 1634
f 1801 1634 1637
f 1634 1799 1635
f 1801 1637 1633
f 1721 1720 1718
f 1719 1720 1638
f 1718 1720 1719
f 1640 1719 1638
f 1722 1720 1721
f 1723 1643 1806
f 1810 1725 1643
f 1810 1643 1723
f 1725 1726 1559
f 1727 1645 1811
f 1728 1726 1646
f 1812 1729 1646
f 1814 1730 1729
f 1730 1815 1731
f 1731 1815 1733
f 1731 1733 1732
f 1735 1508 1736
f 1736 1508 1649
f 1733 1650 1732
f 1734 1650 1733
f 1819 1737 1647
f 1737 1739 1738
f 1737 1819 1821
f 1737 1821 1739
f 1654 1822 1651
f 1740 1653 1741
f 1743 1653 1738
f 1741 1653 1743
f 1738 1655 1743
f 1739 1655 1738
f 1739 1821 1655
f 1655 1822 1654
f 1821 1822 1655
f 1740 1742 1656
f 1742 1740 1741
f 1743 1742 1741
f 1659 1743 1655
f 1658 1656 1742
f 1744 1742 1743
f 1744 1743 1659
f 1658 1742 1744
f 1745 1746 1661
f 1662 1746 1745
f 1665 1746 1662
f 1665 1823 1746
f 1664 1748 1747
f 1748 1664 1661
f 1824 1748 1661
f 1749 1823 1665
f 1749 1665 1588
f 1750 1587 1747
f 1751 1747 1748
f 1750 1747 1751
f 1591 1749 1588
f 1750 1666 1587
f 1755 1591 1668
f 1755 1749 1591
f 1829 1670 1672
f 1829 1667 1752
f 1829 1672 1667
f 1673 1752 1667
f 1750 1673 1666
f 1753 1750 1751
f 1751 1754 1753
f 1754 1755 1668
f 1593 1754 1668
f 1674 1669 1907
f 1757 1752 1673
f 1757 1673 1750
f 1750 1758 1757
f 1753 1758 1750
f 1754 1593 1677
f 1753 1754 1677
f 1758 1753 1677
f 1595 1836 1675
f 1676 1836 1595
f 1759 1758 1677
f 1759 1677 1678
f 1838 1679 1675
f 1838 1841 1679
f 1760 1759 1680
f 1680 1759 1678
f 1679 1841 1991
f 1760 1680 1681
f 1761 1679 1991
f 1844 1681 1682
f 1683 1843 1845
f 1683 1761 1843
f 1684 1762 1682
f 1846 1606 1683
f 1846 1683 1845
f 1764 1606 1846
f 1685 1606 1764
f 1762 1686 1763
f 1762 1684 1686
f 1685 1849 1687
f 1764 1849 1685
f 1686 1766 1763
f 1686 1765 1766
f 1849 1767 1687
f 1689 1687 1767
f 1765 1693 1697
f 1765 1697 1766
f 1697 1770 1766
f 1695 1850 1690
f 1690 1850 1769
f 1694 1771 1768
f 1771 1772 1695
f 1850 1695 1772
f 1850 1856 1769
f 1776 1769 1856
f 1776 1773 1769
f 1773 1774 1696
f 1696 1774 1698
f 1699 1770 1697
f 1699 1777 1770
f 1774 1773 1776
f 1774 1930 1698
f 1930 1778 1698
f 1778 1775 1698
f 1859 1775 1778
f 1775 1859 1699
f 1859 1777 1699
f 1866 1780 1863
f 1865 1781 1701
f 1866 1700 1780
f 1700 1866 1782
f 1701 1867 1865
f 1702 1867 1701
f 1700 1782 1703
f 1783 1867 1705
f 1702 1705 1867
f 1782 1704 1703
f 1784 1704 1782
f 1620 1785 1706
f 1784 1620 1704
f 1784 1785 1620
f 1789 1707 1871
f 1707 1786 1871
f 1706 1785 1787
f 1789 1873 1545
f 1709 1791 1710
f 1791 1874 1711
f 1621 1874 1788
f 1621 1711 1874
f 1792 1790 1712
f 1790 1708 1712
f 1713 1873 1793
f 1713 1793 1794
f 1795 1627 1628
f 1797 1628 1716
f 1795 1628 1797
f 1796 1714 1713
f 1797 1715 1800
f 1716 1715 1797
f 1796 1886 1714
f 1714 1886 1798
f 1882 1799 1886
f 1717 1799 1882
f 1882 1800 1717
f 1715 1717 1800
f 1798 1886 1801
f 1801 1886 1799
f 1802 1718 1719
f 1803 1719 1640
f 1803 1802 1719
f 1721 1718 1802
f 1721 1802 1804
f 1640 1805 1803
f 1804 1891 1721
f 1721 1891 1722
f 1891 1807 1806
f 1722 1891 1806
f 1642 1805 1640
f 1642 1808 1805
f 1806 1807 1723
f 1724 1808 1642
f 1808 1724 1809
f 1807 1810 1723
f 1897 1809 1644
f 1644 1809 1724
f 1725 1810 1896
f 1727 1897 1644
f 1976 1725 1896
f 1726 1725 1976
f 1812 1646 1726
f 1811 1645 1813
f 1571 1813 1645
f 1729 1812 1899
f 1814 1729 1899
f 1573 1813 1571
f 1573 1816 1813
f 1815 1730 1814
f 1651 1816 1573
f 1651 1818 1816
f 1815 1734 1733
f 1901 1734 1815
f 1734 1902 1647
f 1901 1902 1734
f 1902 1817 1647
f 1817 1819 1647
f 1817 1820 1819
f 1651 1905 1818
f 1736 1652 1735
f 1652 1736 1649
f 1822 1819 1820
f 1821 1819 1822
f 1820 1905 1822
f 1905 1651 1822
f 1746 1823 1661
f 1749 1824 1823
f 1824 1661 1823
f 1825 1748 1824
f 1824 1749 1825
f 1827 1751 1748
f 1827 1748 1825
f 1755 1825 1749
f 1755 1831 1825
f 1828 1907 1669
f 1828 1670 1826
f 1669 1670 1828
f 1670 1829 1826
f 1830 1829 1752
f 1754 1751 1827
f 1827 1755 1754
f 1831 1755 1827
f 1756 1833 1832
f 1756 1674 1833
f 1834 1833 1674
f 1674 1907 1834
f 1835 1830 1752
f 1757 1835 1752
f 1758 1835 1757
f 1837 1676 1840
f 1837 1836 1676
f 1756 1832 1676
f 1832 1840 1676
f 1832 1911 1840
f 1758 1759 1835
f 1839 1838 1675
f 1675 1836 1839
f 1842 1760 1681
f 1991 1918 1761
f 1842 1681 1844
f 1918 1843 1761
f 1919 1845 1843
f 1844 1762 1848
f 1682 1762 1844
f 1845 1919 1847
f 1845 1847 1846
f 1847 1764 1846
f 1920 1848 1763
f 1848 1762 1763
f 1847 1849 1764
f 1920 1763 1766
f 1767 1849 1921
f 1920 1766 1770
f 1920 1770 1851
f 1921 1922 1767
f 1767 1922 1694
f 1694 1922 1924
f 1694 1924 1771
f 1772 1771 1924
f 1772 1928 1850
f 1928 1856 1850
f 1851 1770 1854
f 1770 1777 1854
f 1924 1852 1772
f 1852 1928 1772
f 1776 1853 1774
f 1853 1930 1774
f 1855 1854 1777
f 1855 1777 1859
f 1856 1857 1853
f 1856 1853 1776
f 1930 1853 1858
f 1930 1931 1778
f 1931 1859 1778
f 1853 1857 2008
f 1853 1860 1858
f 1853 2008 1860
f 1779 1864 1863
f 1864 1779 1861
f 1779 1781 1861
f 1862 1861 1781
f 1862 1781 1865
f 1863 1864 1866
f 1866 1864 1782
f 1782 1864 1868
f 1783 1865 1867
f 1939 1865 1783
f 1869 1784 1782
f 1782 1868 1869
f 1784 1870 1785
f 1869 1870 1784
f 1788 1783 1705
f 1872 1786 1707
f 1943 1707 1787
f 1943 1872 1707
f 1870 1943 1787
f 1870 1787 1785
f 1789 1871 1873
f 1709 1947 1791
f 1708 1947 1709
f 1947 1874 1791
f 1788 1874 1875
f 1792 1712 1876
f 1951 1792 1876
f 1790 1792 1951
f 1793 1873 1948
f 1627 1877 1712
f 1712 1877 1876
f 1878 1794 1793
f 1627 1795 1877
f 1713 1794 1880
f 1883 1881 1879
f 1879 1960 1883
f 1884 1795 1797
f 1880 2030 1796
f 1880 1796 1713
f 1881 1882 1885
f 1882 1881 1883
f 1961 1883 1960
f 1797 1800 1961
f 1884 1797 1961
f 1796 2030 1962
f 1886 1796 1962
f 1882 1886 1885
f 1800 1882 1883
f 1800 1883 1961
f 1887 1802 1888
f 1889 1802 1803
f 1889 1888 1802
f 1804 1887 1890
f 1804 1802 1887
f 1805 1889 1803
f 1805 1892 1889
f 1890 1891 1804
f 1891 1968 1807
f 1808 1893 1892
f 1808 1892 1805
f 1808 1894 1893
f 1895 1807 1968
f 1894 1808 1809
f 1895 1810 1807
f 1809 1897 1894
f 1895 1896 1810
f 1727 1898 1897
f 1978 1726 1976
f 1898 1811 1813
f 1727 1811 1898
f 1978 1812 1726
f 1818 1900 1816
f 1980 1901 1815
f 1902 1903 1817
f 1903 1820 1817
f 1904 1820 1903
f 1905 1820 1904
f 1829 1906 1826
f 1825 1831 1827
f 1830 1906 1829
f 1909 1830 1835
f 1908 1830 1909
f 1833 1911 1832
f 1833 1834 1912
f 1833 1912 1911
f 1909 1835 1913
f 1759 1913 1835
f 1914 1839 1836
f 1914 1836 1837
f 1914 1840 1910
f 1914 1837 1840
f 1840 1915 1910
f 1911 1915 1840
f 1915 1911 1912
f 1760 1916 1913
f 1760 1913 1759
f 1916 1842 1917
f 1760 1842 1916
f 1843 1918 2059
f 2059 1919 1843
f 1848 1997 1844
f 1995 1847 1919
f 1847 1995 1996
f 1997 1848 1920
f 1847 1996 1849
f 1996 2000 1849
f 2000 1921 1849
f 1851 1923 1920
f 1925 1924 1922
f 1927 1851 1854
f 1925 1852 1924
f 1926 1928 1852
f 1925 1926 1852
f 1929 1928 1926
f 1855 1927 1854
f 1929 1856 1928
f 1859 1931 1932
f 1855 1859 1932
f 1860 1934 1930
f 1860 1930 1858
f 1931 1930 1934
f 2008 1934 1860
f 1933 1934 2008
f 1935 2075 1861
f 1935 1861 1862
f 1936 1862 1937
f 2075 1864 1861
f 1938 1864 2075
f 1865 1937 1862
f 1865 1939 1937
f 1864 1938 2014
f 1864 2014 1868
f 1868 2014 1940
f 1783 1940 1939
f 1940 1869 1868
f 1941 1869 1940
f 1869 1944 1870
f 1869 1941 1944
f 1788 1940 1783
f 1788 1945 1940
f 1786 1942 1871
f 1947 1945 1875
f 1945 1788 1875
f 1871 1950 1873
f 1942 1950 1871
f 1946 1872 1943
f 1790 1947 1708
f 1875 1874 1947
f 1949 1948 1873
f 1949 1873 1950
f 1954 2022 1876
f 2022 1951 1876
f 1793 1952 2023
f 1793 1948 1952
f 1954 1877 1953
f 1954 1876 1877
f 1956 1878 2023
f 1794 1878 1956
f 1878 1793 2023
f 1957 1958 1879
f 1794 1956 1955
f 1880 1794 1955
f 1879 1881 1957
f 1957 1881 1959
f 1958 1960 1879
f 1961 1958 1953
f 1960 1958 1961
f 1884 1953 1877
f 1961 1953 1884
f 1795 1884 1877
f 1885 1959 1881
f 1885 1964 1959
f 1962 2030 1963
f 1886 1964 1885
f 1963 1886 1962
f 1886 1963 1964
f 1965 1887 1888
f 1888 1966 1965
f 1889 1966 1888
f 1892 1966 1889
f 2033 1891 1890
f 1892 1967 1966
f 2101 1968 1891
f 2033 2101 1891
f 1893 1969 1967
f 1892 1893 1967
f 1968 2101 1970
f 1894 1969 1893
f 1971 1969 1894
f 1970 1895 1968
f 1972 1971 1894
f 1970 1973 1895
f 1897 1972 1894
f 1895 1973 1974
f 1974 1896 1895
f 1974 1976 1896
f 1975 1976 1974
f 1898 1977 1897
f 1976 1975 2108
f 1978 1976 2108
f 1816 2041 1813
f 1813 2041 1898
f 1899 1812 1978
f 1899 1978 2042
f 1814 1899 2042
f 1814 2042 1979
f 1979 1815 1814
f 1979 1980 1815
f 2045 1980 2044
f 1901 1980 2045
f 1901 1981 1902
f 2045 1981 1901
f 1902 1981 1903
f 1903 1981 2050
f 2050 1904 1903
f 1982 2048 1983
f 2050 2117 1904
f 1905 1904 2117
f 1907 1828 1984
f 1828 1826 1984
f 1984 1834 1907
f 1985 1834 1984
f 1986 1912 1985
f 1912 1834 1985
f 1987 1838 1839
f 1987 2132 1838
f 1987 1839 1914
f 1987 1914 1988
f 1910 1988 1914
f 1915 1989 1910
f 1989 1988 1910
f 1912 2054 1915
f 1915 2054 1989
f 1986 2054 1912
f 1913 1916 1990
f 2132 1841 1838
f 1990 1916 1917
f 1842 1992 1917
f 1842 1844 1992
f 1994 1919 2059
f 1997 1993 1844
f 1997 1998 1993
f 1995 1919 1994
f 2060 1996 1995
f 1996 2060 2063
f 1998 1997 1999
f 1920 1999 1997
f 2063 2000 1996
f 2001 1921 2000
f 1920 2002 1999
f 1922 1921 2001
f 2001 2003 1922
f 1923 2002 1920
f 1925 1922 2003
f 2005 1923 1851
f 1925 2003 2004
f 2005 1851 1927
f 1925 2004 1926
f 2004 2006 1926
f 1929 1926 2006
f 1927 1855 2007
f 1855 1932 2007
f 2009 1932 1931
f 1931 1934 2009
f 2010 2075 1935
f 2010 1935 1862
f 2011 1862 1936
f 2011 2010 1862
f 1937 2011 1936
f 1937 2076 2011
f 1938 2075 2012
f 1939 2076 1937
f 1939 2013 2076
f 2012 2014 1938
f 2013 1939 2015
f 2014 2015 1940
f 1939 1940 2015
f 1941 2016 1944
f 1941 1945 2016
f 1940 1945 1941
f 1943 1870 2017
f 1944 2017 1870
f 2018 1944 2016
f 1947 2018 1945
f 2018 2016 1945
f 2019 2086 1942
f 2086 1950 1942
f 2019 1942 1786
f 2019 1786 2020
f 2020 1786 1872
f 1946 2020 1872
f 2087 2020 1946
f 1946 1943 2017
f 2087 1946 2017
f 1790 1951 2246
f 2088 1790 2246
f 1947 1790 2088
f 2021 1949 1950
f 1950 2086 2021
f 2026 2022 1954
f 2022 2167 1951
f 2024 2023 1952
f 1949 2169 1948
f 2025 1948 2169
f 1948 2025 1952
f 2252 1952 2025
f 1952 2252 2024
f 2169 1953 2025
f 1953 2026 1954
f 2169 2026 1953
f 2168 1955 1956
f 2027 2168 1956
f 1956 2023 2027
f 2025 1958 2252
f 1958 1957 2252
f 1958 2025 1953
f 1880 2029 2028
f 1955 2029 1880
f 2031 1957 1959
f 2028 2030 1880
f 2032 2030 2028
f 2093 2030 2032
f 2093 1963 2030
f 1963 2093 2094
f 2094 2096 1963
f 1963 2096 1964
f 1965 1966 2034
f 1967 2034 1966
f 1967 1969 2034
f 2035 2101 2033
f 1970 2101 2102
f 1971 2036 1969
f 2037 1970 2102
f 1973 1970 2037
f 2038 1973 2037
f 2038 1974 1973
f 2104 1974 2038
f 1975 2104 2039
f 1974 2104 1975
f 2039 2040 1975
f 2108 1975 2040
f 1978 2109 2042
f 2109 1979 2042
f 2112 1979 2043
f 1980 1979 2112
f 2112 2044 1980
f 2049 1982 1983
f 2049 2046 1982
f 2045 2047 1981
f 2050 1981 2047
f 1905 2196 1818
f 2046 2048 1982
f 2048 2049 1983
f 1905 2117 2196
f 2051 2126 1826
f 1906 2051 1826
f 2126 2128 1984
f 1984 1826 2126
f 1908 1906 1830
f 1985 1984 2129
f 1984 2128 2129
f 1909 2052 1908
f 2129 1986 1985
f 2130 1986 2129
f 1913 2052 1909
f 1913 2056 2052
f 2053 1987 1988
f 1986 2130 2055
f 2054 1986 2055
f 1913 1990 2056
f 2135 1841 2132
f 2141 1988 1989
f 1989 2054 2137
f 2137 2054 2055
f 1990 1917 2057
f 1841 2140 1991
f 1841 2135 2140
f 2057 1917 1992
f 2140 1918 1991
f 1844 2058 1992
f 2059 1918 2140
f 1993 2058 1844
f 2143 1994 2059
f 1998 2061 1993
f 1994 2143 1995
f 2060 2143 2144
f 2060 1995 2143
f 2062 2060 2144
f 2063 2060 2062
f 2064 2063 2062
f 2000 2063 2064
f 2000 2064 2001
f 2065 2001 2064
f 2001 2065 2003
f 1923 2149 2002
f 2003 2065 2066
f 2067 2149 2005
f 2149 1923 2005
f 2004 2003 2066
f 1927 2068 2005
f 2068 2067 2005
f 2069 1927 2007
f 2068 1927 2069
f 2006 2151 1929
f 1929 2152 1856
f 2151 2152 1929
f 1857 1856 2152
f 1932 2069 2007
f 2070 2069 1932
f 2152 2008 1857
f 2230 2008 2152
f 2070 1932 2009
f 2008 2230 1933
f 1933 2232 1934
f 2009 2232 2070
f 2009 1934 2232
f 2010 2072 2071
f 2074 2071 2072
f 2074 2075 2071
f 2071 2075 2010
f 2072 2010 2011
f 2072 2011 2073
f 2011 2076 2073
f 2077 2075 2074
f 2077 2012 2075
f 2013 2078 2076
f 2237 2079 2012
f 2012 2079 2014
f 2015 2079 2080
f 2014 2079 2015
f 2015 2080 2013
f 2080 2157 2013
f 2157 2078 2013
f 2080 2079 2081
f 2017 2083 2082
f 2162 2083 2017
f 2017 2084 2162
f 2017 1944 2084
f 2018 2084 1944
f 2087 2019 2020
f 2082 2087 2017
f 2018 1947 2085
f 2085 1947 2088
f 2026 2086 2166
f 2086 2026 2021
f 2250 2021 2026
f 2166 2022 2026
f 1951 2167 2246
f 2089 2027 2023
f 2024 2089 2023
f 2026 2169 2250
f 2170 2091 2028
f 2028 2090 2170
f 2029 2090 2028
f 1955 2168 2090
f 2029 1955 2090
f 2091 2032 2028
f 2092 2031 1959
f 2032 2091 2093
f 1964 2092 1959
f 2096 2092 1964
f 2094 2095 2096
f 2097 2035 1890
f 1890 2035 2033
f 2098 1890 1887
f 2098 2097 1890
f 2034 1887 1965
f 2034 2098 1887
f 2034 1969 2100
f 2101 2099 2177
f 2101 2035 2099
f 1969 2036 2100
f 2101 2177 2102
f 2102 2103 2037
f 2105 1971 1972
f 2105 2036 1971
f 2103 2038 2037
f 1972 1977 2105
f 1897 1977 1972
f 2104 2106 2039
f 2106 2186 2039
f 1898 2187 1977
f 2186 2040 2039
f 2108 2040 2186
f 2107 2108 2186
f 2041 2187 1898
f 1978 2108 2107
f 2107 2109 1978
f 2110 1979 2109
f 2043 1979 2110
f 2043 2110 2189
f 2111 2281 2041
f 2041 1816 2111
f 1816 1900 2111
f 2043 2191 2112
f 2043 2189 2191
f 2193 2112 2191
f 2193 2114 2112
f 2114 2044 2112
f 2046 2049 2113
f 2114 2115 2044
f 2044 2115 2045
f 2115 2047 2045
f 2115 2195 2047
f 2047 2195 2116
f 2196 1900 1818
f 2113 2048 2046
f 2048 2113 2049
f 2047 2116 2050
f 2116 2117 2050
f 2120 2119 2118
f 2118 2119 2123
f 2123 2119 2124
f 2120 2118 2125
f 2125 2118 2123
f 2121 2201 2126
f 2122 2126 2051
f 2121 2126 2122
f 2051 2127 2122
f 1906 2127 2051
f 1906 1908 2127
f 2123 2124 2125
f 2127 1908 2052
f 2131 2052 2056
f 2053 2132 1987
f 2133 2055 2130
f 1990 2131 2056
f 2136 2053 1988
f 2141 1989 2137
f 2055 2138 2137
f 2138 2055 2133
f 2139 2138 2133
f 2140 2135 2134
f 2141 2137 2138
f 2141 2138 2142
f 2142 2138 1992
f 2138 2139 1992
f 1992 2139 2057
f 2058 2142 1992
f 2217 2059 2140
f 2217 2218 2059
f 2220 2142 2058
f 2220 2058 1993
f 2143 2059 2218
f 2219 2143 2218
f 2061 2220 1993
f 2144 2143 2219
f 2221 2062 2144
f 2219 2221 2144
f 2061 1998 2145
f 2220 2061 2145
f 2222 2064 2062
f 2221 2222 2062
f 1998 2147 2145
f 1998 1999 2147
f 2064 2222 2146
f 2065 2064 2146
f 1999 2002 2147
f 2065 2146 2148
f 2150 2147 2149
f 2147 2002 2149
f 2066 2065 2148
f 2150 2149 2067
f 2229 2150 2067
f 2004 2066 2148
f 2004 2148 2226
f 2067 2068 2229
f 2004 2227 2006
f 2226 2227 2004
f 2006 2227 2151
f 2069 2070 2153
f 2320 2153 2070
f 2232 2320 2070
f 2154 2072 2073
f 2074 2072 2235
f 2154 2076 2156
f 2073 2076 2154
f 2077 2074 2235
f 2077 2235 2155
f 2159 2076 2078
f 2156 2076 2159
f 2077 2237 2012
f 2155 2237 2077
f 2159 2078 2157
f 2079 2237 2158
f 2080 2159 2157
f 2239 2079 2158
f 2081 2079 2239
f 2081 2159 2080
f 2081 2239 2159
f 2161 2083 2162
f 2162 2084 2161
f 2084 2018 2163
f 2018 2085 2163
f 2019 2240 2086
f 2164 2240 2019
f 2164 2087 2160
f 2019 2087 2164
f 2160 2087 2082
f 2246 2084 2088
f 2163 2088 2084
f 2085 2088 2163
f 2021 2165 1949
f 2240 2166 2086
f 2166 2245 2022
f 2245 2167 2022
f 2165 2169 1949
f 2171 2170 2090
f 2168 2171 2090
f 2247 2168 2027
f 2247 2027 2089
f 2091 2170 2172
f 2031 2253 1957
f 2253 2031 2092
f 2091 2172 2254
f 2254 2093 2091
f 2254 2173 2093
f 2094 2093 2173
f 2176 2092 2096
f 2174 2094 2173
f 2174 2095 2094
f 2176 2096 2095
f 2175 2097 2098
f 2175 2098 2034
f 2174 2176 2095
f 2035 2259 2099
f 2097 2259 2035
f 2179 2175 2034
f 2179 2034 2100
f 2099 2259 2177
f 2100 2036 2179
f 2178 2102 2177
f 2178 2180 2103
f 2102 2178 2103
f 2105 2179 2036
f 2105 2183 2179
f 2181 2038 2180
f 2180 2038 2103
f 2181 2182 2104
f 2181 2104 2038
f 2271 2183 2105
f 2271 2105 1977
f 2182 2106 2104
f 2271 1977 2185
f 2106 2182 2184
f 2186 2106 2184
f 2187 2185 1977
f 2041 2188 2187
f 2107 2110 2109
f 2361 2110 2107
f 2281 2188 2041
f 2110 2361 2190
f 2189 2110 2190
f 2192 2189 2190
f 2191 2189 2192
f 2191 2192 2193
f 2192 2190 2194
f 1900 2196 2111
f 2114 2193 2192
f 2114 2192 2115
f 2194 2115 2192
f 2194 2195 2115
f 2116 2195 2283
f 2196 2116 2283
f 2117 2116 2196
f 2121 2199 2198
f 2199 2121 2202
f 2198 2197 2120
f 2197 2119 2120
f 2197 2200 2119
f 2201 2198 2120
f 2201 2121 2198
f 2202 2121 2122
f 2200 2124 2119
f 2203 2124 2200
f 2205 2204 2201
f 2120 2205 2201
f 2125 2205 2120
f 2126 2201 2204
f 2127 2202 2122
f 2203 2206 2124
f 2125 2124 2205
f 2205 2124 2206
f 2204 2128 2126
f 2207 2128 2204
f 2052 2208 2127
f 2207 2129 2128
f 2052 2209 2208
f 2207 2130 2129
f 2292 2130 2207
f 2052 2131 2209
f 2209 2131 2294
f 2132 2053 2210
f 2211 2053 2136
f 2211 2210 2053
f 2133 2130 2292
f 1990 2294 2131
f 1990 2214 2294
f 2212 2134 2135
f 2210 2135 2132
f 2212 2135 2210
f 2297 2211 2136
f 1988 2297 2136
f 2297 1988 2141
f 2213 2133 2292
f 2213 2139 2133
f 2139 2214 2057
f 2213 2214 2139
f 1990 2057 2214
f 2299 2140 2134
f 2215 2297 2141
f 2215 2142 2216
f 2215 2141 2142
f 2140 2300 2217
f 2140 2299 2300
f 2217 2300 2218
f 2216 2142 2220
f 2300 2219 2218
f 2305 2146 2222
f 2309 2146 2305
f 2148 2146 2309
f 2147 2150 2223
f 2309 2313 2148
f 2313 2224 2226
f 2148 2313 2226
f 2227 2224 2225
f 2226 2224 2227
f 2225 2310 2228
f 2225 2228 2227
f 2229 2068 2316
f 2228 2151 2227
f 2069 2316 2068
f 2069 2231 2316
f 2151 2314 2152
f 2228 2314 2151
f 2152 2314 2317
f 2231 2069 2153
f 2230 2152 2317
f 2320 2231 2153
f 2317 2319 2230
f 2319 1933 2230
f 2319 2232 1933
f 2234 2072 2154
f 2234 2233 2072
f 2235 2072 2233
f 2156 2234 2154
f 2156 2327 2234
f 2236 2156 2159
f 2327 2156 2236
f 2159 2238 2236
f 2158 2237 2328
f 2328 2239 2158
f 2238 2159 2239
f 2331 2160 2082
f 2331 2330 2160
f 2161 2082 2083
f 2161 2084 2241
f 2164 2160 2330
f 2241 2084 2242
f 2246 2242 2084
f 2165 2244 2243
f 2244 2165 2021
f 2021 2250 2244
f 2166 2240 2245
f 2248 2247 2089
f 2248 2024 2243
f 2089 2024 2248
f 2249 2024 2252
f 2024 2249 2243
f 2338 2243 2249
f 2243 2338 2165
f 2169 2165 2338
f 2338 2250 2169
f 2171 2251 2170
f 2171 2168 2247
f 2251 2341 2172
f 2172 2170 2251
f 2254 2172 2341
f 2256 2253 2092
f 2254 2342 2173
f 2092 2176 2255
f 2256 2092 2255
f 2174 2173 2342
f 2257 2174 2342
f 2258 2255 2176
f 2174 2258 2176
f 2257 2258 2174
f 2259 2097 2175
f 2259 2175 2260
f 2179 2260 2175
f 2261 2177 2259
f 2261 2259 2346
f 2346 2259 2260
f 2262 2260 2179
f 2178 2177 2261
f 2178 2261 2263
f 2262 2266 2264
f 2179 2266 2262
f 2180 2178 2263
f 2180 2263 2265
f 2267 2264 2268
f 2268 2264 2266
f 2183 2266 2179
f 2181 2180 2265
f 2266 2269 2268
f 2269 2266 2183
f 2182 2265 2270
f 2181 2265 2182
f 2269 2271 2272
f 2271 2269 2183
f 2273 2182 2270
f 2272 2271 2185
f 2277 2272 2185
f 2274 2351 2273
f 2351 2184 2182
f 2351 2182 2273
f 2351 2274 2275
f 2351 2276 2184
f 2184 2276 2186
f 2277 2185 2187
f 2276 2355 2186
f 2107 2186 2355
f 2277 2187 2188
f 2107 2355 2359
f 2361 2107 2359
f 2281 2279 2188
f 2361 2278 2190
f 2278 2194 2190
f 2280 2194 2278
f 2196 2281 2111
f 2194 2280 2195
f 2281 2196 2282
f 2283 2195 2280
f 2283 2282 2196
f 2366 2282 2283
f 2198 2285 2197
f 2286 2285 2198
f 2199 2286 2198
f 2287 2284 2202
f 2284 2199 2202
f 2200 2285 2371
f 2197 2285 2200
f 2202 2289 2287
f 2288 2200 2371
f 2203 2200 2288
f 2288 2372 2204
f 2288 2204 2205
f 2372 2373 2204
f 2289 2202 2127
f 2290 2127 2208
f 2290 2289 2127
f 2203 2288 2206
f 2205 2206 2288
f 2209 2290 2208
f 2207 2291 2292
f 2293 2296 2210
f 2211 2293 2210
f 2379 2292 2291
f 2296 2134 2212
f 2296 2295 2134
f 2296 2212 2210
f 2379 2213 2292
f 2294 2214 2213
f 2295 2299 2134
f 2215 2298 2297
f 2299 2457 2300
f 2381 2215 2216
f 2381 2216 2301
f 2220 2301 2216
f 2382 2219 2300
f 2302 2301 2220
f 2219 2382 2221
f 2145 2302 2220
f 2145 2303 2302
f 2382 2466 2221
f 2222 2221 2466
f 2145 2147 2303
f 2466 2305 2222
f 2304 2305 2466
f 2223 2303 2147
f 2312 2223 2150
f 2313 2385 2224
f 2306 2225 2385
f 2225 2224 2385
f 2225 2306 2310
f 2306 2307 2310
f 2310 2307 2308
f 2150 2229 2312
f 2311 2310 2308
f 2228 2310 2311
f 2316 2312 2229
f 2314 2228 2311
f 2314 2311 2315
f 2231 2318 2316
f 2314 2315 2317
f 2315 2475 2317
f 2389 2317 2475
f 2476 2231 2320
f 2318 2231 2476
f 2317 2389 2319
f 2319 2320 2232
f 2321 2325 2233
f 2321 2233 2322
f 2322 2233 2234
f 2322 2234 2323
f 2323 2234 2324
f 2393 2324 2234
f 2235 2233 2325
f 2234 2326 2393
f 2327 2326 2234
f 2235 2394 2155
f 2325 2394 2235
f 2397 2155 2394
f 2397 2237 2155
f 2238 2329 2236
f 2327 2236 2329
f 2397 2328 2237
f 2238 2399 2329
f 2328 2399 2239
f 2238 2239 2399
f 2161 2331 2082
f 2332 2161 2241
f 2240 2403 2333
f 2403 2164 2330
f 2240 2164 2403
f 2241 2242 2332
f 2405 2243 2244
f 2405 2335 2243
f 2244 2333 2405
f 2336 2244 2250
f 2244 2336 2333
f 2245 2333 2336
f 2333 2245 2240
f 2167 2570 2246
f 2242 2246 2570
f 2248 2337 2247
f 2334 2248 2335
f 2335 2248 2243
f 2338 2571 2250
f 2336 2250 2571
f 2339 2251 2171
f 2339 2409 2251
f 2171 2247 2337
f 2171 2337 2339
f 2340 2252 1957
f 2249 2252 2340
f 2413 2341 2251
f 2409 2413 2251
f 2253 2340 1957
f 2341 2413 2416
f 2253 2344 2340
f 2341 2416 2254
f 2344 2256 2418
f 2253 2256 2344
f 2416 2342 2254
f 2255 2345 2343
f 2255 2343 2256
f 2256 2343 2418
f 2258 2257 2345
f 2255 2258 2345
f 2260 2262 2346
f 2261 2346 2263
f 2264 2346 2262
f 2347 2346 2267
f 2347 2263 2346
f 2267 2346 2264
f 2348 2265 2263
f 2419 2265 2348
f 2263 2347 2348
f 2268 2269 2267
f 2265 2420 2270
f 2419 2420 2265
f 2349 2421 2267
f 2269 2349 2267
f 2349 2269 2272
f 2422 2273 2270
f 2422 2270 2420
f 2274 2273 2422
f 2274 2422 2350
f 2277 2349 2272
f 2352 2349 2277
f 2275 2350 2424
f 2274 2350 2275
f 2353 2354 2275
f 2424 2353 2275
f 2354 2351 2275
f 2351 2354 2276
f 2352 2277 2356
f 2277 2188 2356
f 2354 2353 2357
f 2357 2276 2354
f 2276 2359 2355
f 2276 2357 2359
f 2358 2188 2279
f 2356 2188 2358
f 2358 2279 2360
f 2361 2362 2278
f 2279 2363 2360
f 2432 2278 2362
f 2281 2363 2279
f 2280 2278 2432
f 2281 2365 2363
f 2364 2280 2432
f 2282 2365 2281
f 2283 2280 2364
f 2283 2364 2366
f 2366 2365 2282
f 2199 2367 2443
f 2367 2199 2284
f 2286 2370 2285
f 2443 2286 2199
f 2286 2443 2370
f 2287 2368 2284
f 2369 2368 2287
f 2370 2371 2285
f 2371 2370 2372
f 2370 2443 2373
f 2372 2370 2373
f 2375 2287 2289
f 2288 2371 2372
f 2374 2204 2373
f 2290 2375 2289
f 2374 2207 2204
f 2449 2291 2374
f 2374 2291 2207
f 2375 2290 2209
f 2376 2291 2449
f 2380 2209 2294
f 2293 2211 2378
f 2379 2291 2376
f 2294 2213 2379
f 2380 2294 2379
f 2295 2296 2377
f 2296 2293 2377
f 2297 2378 2211
f 2377 2454 2295
f 2454 2299 2295
f 2455 2298 2215
f 2455 2215 2381
f 2457 2299 2454
f 2459 2300 2457
f 2382 2300 2459
f 2460 2382 2459
f 2462 2301 2302
f 2460 2383 2382
f 2302 2303 2462
f 2383 2466 2382
f 2306 2385 2472
f 2307 2306 2472
f 2307 2468 2308
f 2472 2468 2307
f 2303 2223 2384
f 2223 2312 2384
f 2304 2470 2305
f 2305 2470 2309
f 2540 2471 2385
f 2540 2385 2313
f 2468 2311 2308
f 2473 2311 2468
f 2386 2384 2312
f 2470 2540 2309
f 2309 2540 2313
f 2312 2316 2386
f 2473 2315 2311
f 2387 2315 2473
f 2386 2316 2318
f 2388 2386 2318
f 2475 2315 2387
f 2476 2390 2318
f 2388 2318 2390
f 2319 2547 2320
f 2389 2547 2319
f 2476 2320 2547
f 2321 2322 2391
f 2392 2391 2322
f 2392 2322 2323
f 2478 2325 2321
f 2321 2391 2478
f 2392 2323 2395
f 2395 2323 2324
f 2478 2480 2325
f 2326 2395 2324
f 2326 2324 2393
f 2480 2394 2325
f 2326 2327 2396
f 2329 2396 2327
f 2329 2398 2396
f 2399 2328 2397
f 2399 2398 2329
f 2399 2485 2398
f 2490 2403 2330
f 2331 2400 2490
f 2330 2331 2490
f 2400 2331 2404
f 2161 2404 2331
f 2332 2404 2161
f 2334 2335 2401
f 2335 2405 2401
f 2402 2405 2333
f 2401 2405 2402
f 2333 2403 2402
f 2242 2406 2332
f 2248 2334 2407
f 2336 2625 2245
f 2625 2626 2245
f 2242 2570 2406
f 2495 2248 2407
f 2337 2248 2495
f 2408 2338 2249
f 2408 2571 2338
f 2337 2498 2339
f 2495 2498 2337
f 2340 2411 2412
f 2412 2249 2340
f 2412 2408 2249
f 2414 2409 2339
f 2413 2409 2414
f 2339 2498 2415
f 2414 2339 2415
f 2415 2499 2410
f 2415 2410 2411
f 2416 2413 2414
f 2417 2414 2415
f 2417 2415 2343
f 2343 2415 2418
f 2344 2415 2411
f 2418 2415 2344
f 2340 2344 2411
f 2416 2345 2342
f 2416 2414 2345
f 2345 2414 2417
f 2345 2417 2343
f 2345 2257 2342
f 2420 2419 2348
f 2421 2348 2347
f 2267 2421 2347
f 2420 2423 2422
f 2423 2420 2348
f 2423 2348 2421
f 2500 2350 2422
f 2500 2422 2423
f 2427 2423 2421
f 2352 2427 2349
f 2349 2427 2421
f 2350 2502 2424
f 2350 2500 2502
f 2427 2425 2423
f 2424 2502 2426
f 2353 2424 2426
f 2425 2427 2428
f 2352 2356 2427
f 2357 2426 2504
f 2353 2426 2357
f 2358 2428 2427
f 2358 2427 2356
f 2430 2359 2357
f 2430 2357 2504
f 2358 2360 2429
f 2430 2506 2361
f 2359 2430 2361
f 2362 2361 2506
f 2429 2360 2363
f 2362 2506 2431
f 2432 2362 2431
f 2364 2432 2434
f 2433 2363 2365
f 2433 2365 2436
f 2364 2434 2435
f 2435 2436 2364
f 2365 2364 2436
f 2364 2365 2366
f 2435 2513 2436
f 2436 2513 2438
f 2442 2437 2515
f 2437 2439 2513
f 2437 2442 2439
f 2438 2513 2439
f 2441 2515 2440
f 2441 2442 2515
f 2367 2284 2440
f 2440 2284 2368
f 2440 2368 2441
f 2441 2368 2369
f 2442 2441 2369
f 2442 2369 2444
f 2444 2369 2287
f 2443 2518 2373
f 2373 2518 2445
f 2446 2444 2287
f 2375 2446 2287
f 2373 2445 2374
f 2374 2445 2447
f 2448 2374 2447
f 2449 2374 2448
f 2449 2448 2209
f 2448 2375 2209
f 2449 2450 2376
f 2380 2450 2209
f 2450 2449 2209
f 2293 2451 2377
f 2452 2293 2378
f 2452 2451 2293
f 2379 2376 2380
f 2380 2376 2450
f 2377 2451 2524
f 2297 2452 2378
f 2453 2297 2298
f 2453 2452 2297
f 2527 2454 2377
f 2524 2527 2377
f 2455 2453 2298
f 2456 2455 2381
f 2454 2458 2457
f 2454 2527 2458
f 2459 2458 2460
f 2457 2458 2459
f 2383 2461 2463
f 2460 2461 2383
f 2303 2467 2462
f 2463 2465 2383
f 2464 2465 2463
f 2466 2383 2465
f 2465 2304 2466
f 2469 2464 2532
f 2469 2465 2464
f 2469 2304 2465
f 2467 2303 2384
f 2469 2470 2304
f 2385 2471 2472
f 2386 2474 2384
f 2543 2470 2469
f 2543 2540 2470
f 2541 2475 2387
f 2388 2474 2386
f 2541 2546 2475
f 2546 2389 2475
f 2546 2547 2389
f 2390 2476 2477
f 2390 2477 2388
f 2479 2391 2392
f 2478 2391 2479
f 2395 2479 2392
f 2478 2479 2481
f 2479 2395 2481
f 2482 2394 2480
f 2483 2481 2395
f 2483 2326 2396
f 2483 2395 2326
f 2482 2397 2394
f 2551 2397 2482
f 2483 2396 2484
f 2398 2484 2396
f 2398 2487 2484
f 2551 2553 2397
f 2397 2553 2399
f 2553 2486 2485
f 2399 2553 2485
f 2485 2487 2398
f 2490 2488 2562
f 2488 2490 2400
f 2400 2404 2489
f 2404 2493 2489
f 2401 2492 2491
f 2492 2401 2402
f 2562 2402 2403
f 2562 2492 2402
f 2562 2403 2490
f 2493 2332 2494
f 2493 2404 2332
f 2566 2334 2491
f 2491 2334 2401
f 2332 2406 2494
f 2567 2334 2566
f 2407 2334 2567
f 2245 2628 2167
f 2628 2570 2167
f 2495 2407 2567
f 2496 2495 2567
f 2568 2496 2567
f 2411 2496 2568
f 2569 2408 2497
f 2569 2571 2408
f 2336 2571 2625
f 2499 2495 2496
f 2498 2495 2499
f 2499 2496 2410
f 2410 2496 2411
f 2411 2497 2412
f 2408 2412 2497
f 2415 2498 2499
f 2423 2501 2500
f 2503 2500 2501
f 2502 2500 2503
f 2425 2501 2423
f 2425 2503 2501
f 2426 2502 2504
f 2502 2503 2507
f 2505 2503 2425
f 2507 2503 2505
f 2428 2505 2425
f 2430 2502 2507
f 2504 2502 2430
f 2358 2505 2428
f 2358 2429 2505
f 2430 2507 2506
f 2507 2505 2508
f 2508 2505 2429
f 2431 2506 2507
f 2507 2508 2431
f 2508 2432 2431
f 2429 2433 2508
f 2363 2433 2429
f 2432 2508 2572
f 2433 2509 2508
f 2434 2432 2572
f 2433 2436 2509
f 2510 2435 2434
f 2510 2434 2572
f 2436 2511 2509
f 2512 2513 2510
f 2513 2435 2510
f 2515 2512 2574
f 2513 2515 2437
f 2512 2515 2513
f 2511 2436 2438
f 2440 2574 2514
f 2440 2515 2574
f 2438 2439 2516
f 2514 2367 2440
f 2442 2517 2439
f 2517 2516 2439
f 2514 2443 2367
f 2518 2443 2514
f 2444 2520 2517
f 2444 2517 2442
f 2518 2519 2445
f 2444 2522 2520
f 2445 2519 2581
f 2446 2522 2444
f 2447 2445 2581
f 2521 2447 2581
f 2446 2523 2522
f 2375 2523 2446
f 2521 2448 2447
f 2582 2448 2521
f 2448 2523 2375
f 2525 2524 2451
f 2525 2451 2452
f 2525 2452 2526
f 2528 2526 2452
f 2528 2452 2453
f 2455 2528 2453
f 2529 2455 2456
f 2592 2458 2527
f 2592 2461 2458
f 2458 2461 2460
f 2301 2456 2381
f 2301 2530 2456
f 2301 2462 2530
f 2596 2463 2461
f 2467 2600 2462
f 2596 2464 2463
f 2531 2464 2596
f 2531 2532 2464
f 2533 2600 2467
f 2472 2648 2468
f 2535 2648 2472
f 2648 2536 2468
f 2538 2533 2467
f 2467 2384 2538
f 2532 2534 2469
f 2471 2607 2472
f 2537 2607 2471
f 2535 2472 2607
f 2536 2473 2468
f 2538 2384 2474
f 2534 2539 2469
f 2539 2543 2469
f 2540 2544 2471
f 2471 2544 2537
f 2536 2387 2473
f 2536 2541 2387
f 2538 2474 2542
f 2543 2544 2540
f 2474 2545 2542
f 2474 2388 2545
f 2545 2388 2549
f 2657 2476 2547
f 2546 2657 2547
f 2476 2548 2477
f 2657 2548 2476
f 2477 2548 2549
f 2388 2477 2549
f 2550 2480 2478
f 2478 2481 2550
f 2550 2482 2480
f 2550 2552 2482
f 2550 2481 2552
f 2483 2552 2481
f 2552 2551 2482
f 2484 2552 2483
f 2551 2552 2553
f 2554 2552 2484
f 2554 2553 2552
f 2484 2487 2554
f 2553 2554 2555
f 2486 2553 2555
f 2485 2556 2487
f 2556 2554 2487
f 2556 2555 2554
f 2486 2555 2485
f 2556 2485 2555
f 2559 2488 2616
f 2616 2488 2400
f 2616 2400 2557
f 2400 2489 2557
f 2489 2560 2557
f 2561 2492 2558
f 2492 2562 2558
f 2558 2562 2559
f 2562 2488 2559
f 2493 2563 2489
f 2563 2560 2489
f 2564 2492 2561
f 2491 2492 2564
f 2494 2563 2493
f 2491 2623 2566
f 2564 2623 2491
f 2406 2565 2494
f 2406 2675 2565
f 2566 2568 2567
f 2568 2566 2623
f 2626 2628 2245
f 2406 2570 2675
f 2411 2568 2497
f 2497 2568 2569
f 2509 2572 2508
f 2573 2629 2572
f 2629 2510 2572
f 2572 2509 2573
f 2630 2512 2629
f 2629 2512 2510
f 2573 2509 2511
f 2573 2511 2575
f 2574 2512 2630
f 2575 2511 2438
f 2630 2632 2574
f 2632 2514 2574
f 2438 2516 2576
f 2575 2438 2576
f 2514 2632 2577
f 2517 2576 2516
f 2578 2576 2517
f 2577 2518 2514
f 2578 2517 2520
f 2633 2519 2518
f 2577 2633 2518
f 2633 2579 2519
f 2522 2578 2520
f 2580 2578 2522
f 2579 2581 2519
f 2579 2580 2581
f 2580 2522 2523
f 2581 2580 2523
f 2521 2581 2523
f 2521 2523 2582
f 2523 2448 2582
f 2585 2583 2680
f 2640 2584 2585
f 2584 2583 2585
f 2639 2586 2680
f 2586 2585 2680
f 2586 2591 2585
f 2587 2527 2525
f 2525 2527 2524
f 2587 2525 2588
f 2589 2525 2526
f 2588 2525 2589
f 2528 2589 2526
f 2590 2589 2528
f 2590 2528 2455
f 2639 2590 2455
f 2529 2586 2639
f 2455 2529 2639
f 2586 2529 2591
f 2527 2587 2592
f 2587 2588 2593
f 2593 2588 2589
f 2594 2529 2456
f 2591 2529 2594
f 2595 2592 2587
f 2597 2592 2595
f 2587 2593 2595
f 2530 2594 2456
f 2592 2596 2461
f 2592 2597 2596
f 2530 2462 2599
f 2596 2597 2598
f 2462 2600 2599
f 2598 2531 2596
f 2601 2532 2531
f 2534 2532 2601
f 2604 2533 2538
f 2607 2602 2535
f 2648 2603 2536
f 2605 2604 2538
f 2539 2534 2652
f 2544 2606 2537
f 2537 2606 2607
f 2603 2541 2536
f 2651 2541 2603
f 2542 2605 2538
f 2539 2652 2543
f 2544 2652 2609
f 2543 2652 2544
f 2608 2544 2609
f 2606 2544 2608
f 2541 2651 2654
f 2545 2610 2542
f 2541 2654 2546
f 2546 2654 2657
f 2610 2545 2549
f 2657 2611 2548
f 2549 2611 2610
f 2549 2548 2611
f 2612 2616 2613
f 2613 2616 2662
f 2616 2614 2662
f 2616 2617 2614
f 2612 2615 2616
f 2616 2557 2617
f 2558 2619 2618
f 2620 2558 2559
f 2620 2619 2558
f 2620 2559 2615
f 2615 2559 2616
f 2671 2561 2618
f 2618 2561 2558
f 2494 2622 2563
f 2621 2561 2671
f 2561 2621 2564
f 2565 2622 2494
f 2621 2623 2564
f 2672 2623 2621
f 2568 2623 2569
f 2569 2623 2672
f 2624 2571 2569
f 2672 2624 2569
f 2624 2625 2571
f 2626 2627 2628
f 2675 2570 2628
f 2629 2631 2630
f 2631 2629 2573
f 2632 2630 2631
f 2576 2573 2575
f 2578 2573 2576
f 2633 2577 2632
f 2633 2632 2631
f 2579 2631 2573
f 2633 2631 2579
f 2578 2579 2573
f 2580 2579 2578
f 2634 2582 2679
f 2679 2582 2635
f 2582 2636 2635
f 2634 2638 2582
f 2637 2638 2634
f 2638 2636 2582
f 2637 2680 2583
f 2637 2583 2584
f 2637 2584 2638
f 2584 2681 2638
f 2584 2640 2681
f 2591 2640 2585
f 2641 2640 2591
f 2589 2643 2593
f 2590 2643 2589
f 2594 2642 2591
f 2642 2641 2591
f 2643 2595 2593
f 2642 2594 2644
f 2644 2594 2530
f 2595 2684 2597
f 2643 2684 2595
f 2599 2644 2530
f 2597 2684 2645
f 2644 2599 2646
f 2597 2645 2598
f 2599 2600 2646
f 2598 2645 2531
f 2600 2533 2647
f 2645 2601 2531
f 2604 2647 2533
f 2602 2691 2535
f 2691 2648 2535
f 2691 2603 2648
f 2691 2687 2603
f 2687 2688 2603
f 2649 2604 2605
f 2601 2690 2534
f 2652 2534 2690
f 2650 2607 2606
f 2650 2602 2607
f 2691 2602 2650
f 2688 2651 2603
f 2688 2695 2651
f 2649 2605 2692
f 2542 2692 2605
f 2608 2653 2606
f 2606 2653 2650
f 2650 2653 2697
f 2695 2654 2651
f 2542 2655 2692
f 2542 2610 2655
f 2693 2609 2652
f 2693 2696 2609
f 2608 2696 2656
f 2609 2696 2608
f 2656 2653 2608
f 2659 2653 2656
f 2697 2653 2659
f 2657 2654 2762
f 2656 2696 2658
f 2656 2658 2659
f 2659 2658 2699
f 2663 2701 2614
f 2613 2661 2612
f 2612 2661 2660
f 2661 2613 2701
f 2613 2662 2701
f 2701 2662 2614
f 2663 2614 2665
f 2664 2615 2660
f 2615 2612 2660
f 2617 2665 2614
f 2663 2665 2666
f 2620 2615 2664
f 2557 2667 2665
f 2557 2665 2617
f 2666 2665 2667
f 2706 2618 2619
f 2706 2619 2668
f 2620 2668 2619
f 2560 2667 2557
f 2563 2669 2560
f 2669 2667 2560
f 2669 2563 2670
f 2706 2671 2618
f 2563 2622 2670
f 2671 2706 2621
f 2621 2706 2672
f 2622 2565 2673
f 2674 2624 2672
f 2675 2678 2565
f 2678 2673 2565
f 2674 2625 2624
f 2626 2674 2676
f 2625 2674 2626
f 2677 2627 2626
f 2677 2626 2676
f 2741 2627 2677
f 2628 2627 2741
f 2628 2678 2675
f 2628 2741 2678
f 2743 2679 2635
f 2634 2679 2710
f 2710 2637 2634
f 2710 2680 2637
f 2747 2680 2710
f 2680 2713 2639
f 2713 2590 2639
f 2713 2682 2590
f 2590 2682 2643
f 2644 2683 2642
f 2644 2646 2683
f 2718 2645 2684
f 2686 2685 2645
f 2718 2686 2645
f 2685 2601 2645
f 2601 2685 2757
f 2604 2649 2689
f 2757 2690 2601
f 2687 2691 2694
f 2695 2687 2694
f 2695 2688 2687
f 2692 2726 2649
f 2690 2727 2652
f 2693 2652 2727
f 2691 2650 2697
f 2694 2691 2697
f 2654 2695 2762
f 2655 2726 2692
f 2698 2658 2696
f 2659 2700 2697
f 2762 2732 2657
f 2732 2611 2657
f 2698 2699 2658
f 2659 2699 2700
f 2663 2702 2701
f 2703 2661 2701
f 2703 2701 2702
f 2660 2661 2703
f 2702 2666 2703
f 2663 2666 2702
f 2733 2620 2664
f 2666 2667 2704
f 2620 2705 2668
f 2733 2705 2620
f 2704 2667 2669
f 2670 2704 2669
f 2706 2668 2705
f 2622 2708 2670
f 2706 2707 2672
f 2706 2705 2707
f 2622 2673 2708
f 2707 2674 2672
f 2738 2674 2707
f 2678 2708 2673
f 2678 2742 2708
f 2676 2674 2738
f 2676 2738 2740
f 2709 2741 2677
f 2741 2742 2678
f 2676 2740 2677
f 2740 2709 2677
f 2746 2635 2636
f 2711 2746 2636
f 2638 2711 2636
f 2681 2711 2638
f 2681 2712 2711
f 2747 2713 2680
f 2716 2681 2640
f 2714 2713 2715
f 2714 2682 2713
f 2641 2716 2640
f 2641 2642 2716
f 2716 2642 2717
f 2643 2682 2719
f 2683 2717 2642
f 2684 2643 2719
f 2717 2683 2720
f 2684 2719 2718
f 2683 2646 2720
f 2720 2646 2722
f 2719 2721 2718
f 2722 2646 2647
f 2721 2755 2686
f 2721 2686 2718
f 2647 2646 2600
f 2685 2686 2755
f 2685 2755 2723
f 2604 2689 2647
f 2723 2757 2685
f 2724 2689 2649
f 2690 2757 2725
f 2725 2727 2690
f 2726 2724 2649
f 2728 2695 2694
f 2728 2762 2695
f 2655 2729 2726
f 2727 2808 2693
f 2693 2730 2696
f 2808 2730 2693
f 2697 2731 2694
f 2731 2728 2694
f 2729 2655 2610
f 2729 2610 2770
f 2730 2698 2696
f 2697 2769 2731
f 2700 2769 2697
f 2765 2732 2762
f 2732 2770 2611
f 2610 2611 2770
f 2698 2768 2699
f 2699 2769 2700
f 2768 2769 2699
f 2733 2664 2771
f 2664 2660 2771
f 2771 2660 2703
f 2734 2771 2703
f 2703 2666 2734
f 2733 2771 2735
f 2734 2666 2736
f 2704 2736 2666
f 2776 2705 2735
f 2735 2705 2733
f 2776 2735 2775
f 2737 2736 2670
f 2736 2704 2670
f 2783 2737 2670
f 2783 2670 2708
f 2738 2707 2776
f 2776 2707 2705
f 2738 2776 2739
f 2738 2739 2740
f 2740 2739 2781
f 2741 2709 2784
f 2827 2742 2741
f 2709 2740 2781
f 2709 2781 2784
f 2743 2828 2679
f 2710 2679 2828
f 2710 2828 2744
f 2746 2743 2635
f 2746 2745 2743
f 2744 2747 2710
f 2712 2789 2711
f 2746 2711 2789
f 2748 2713 2747
f 2749 2681 2716
f 2749 2712 2681
f 2748 2715 2713
f 2750 2715 2748
f 2792 2682 2714
f 2793 2682 2792
f 2792 2714 2715
f 2750 2792 2715
f 2752 2716 2717
f 2682 2751 2719
f 2682 2793 2751
f 2753 2717 2720
f 2754 2719 2751
f 2722 2753 2720
f 2754 2721 2719
f 2754 2755 2721
f 2756 2722 2647
f 2755 2800 2723
f 2647 2689 2756
f 2689 2758 2756
f 2800 2757 2723
f 2724 2758 2689
f 2725 2757 2759
f 2724 2726 2760
f 2758 2724 2760
f 2727 2759 2808
f 2725 2759 2727
f 2728 2761 2762
f 2760 2729 2763
f 2760 2726 2729
f 2730 2808 2813
f 2761 2731 2764
f 2761 2728 2731
f 2761 2765 2762
f 2729 2770 2763
f 2767 2730 2813
f 2698 2730 2767
f 2810 2769 2768
f 2769 2810 2764
f 2769 2764 2731
f 2766 2816 2765
f 2765 2816 2732
f 2816 2770 2732
f 2698 2814 2768
f 2767 2814 2698
f 2734 2773 2771
f 2817 2735 2771
f 2817 2771 2772
f 2772 2771 2773
f 2734 2736 2773
f 2736 2774 2773
f 2735 2817 2775
f 2736 2737 2774
f 2737 2780 2774
f 2777 2775 2821
f 2822 2778 2777
f 2822 2777 2821
f 2779 2778 2822
f 2783 2780 2737
f 2776 2781 2739
f 2776 2775 2781
f 2784 2775 2777
f 2781 2775 2784
f 2784 2777 2778
f 2782 2778 2779
f 2825 2783 2708
f 2784 2782 2826
f 2778 2782 2784
f 2742 2825 2708
f 2826 2741 2784
f 2826 2827 2741
f 2785 2828 2743
f 2786 2785 2743
f 2828 2831 2744
f 2745 2786 2743
f 2787 2786 2745
f 2788 2747 2744
f 2744 2831 2788
f 2789 2745 2746
f 2840 2748 2747
f 2788 2840 2747
f 2790 2748 2840
f 2790 2791 2750
f 2748 2790 2750
f 2845 2749 2716
f 2843 2792 2791
f 2791 2792 2750
f 2752 2845 2716
f 2752 2795 2845
f 2793 2843 2794
f 2793 2792 2843
f 2795 2752 2717
f 2796 2793 2794
f 2751 2793 2796
f 2753 2795 2717
f 2754 2798 2797
f 2754 2751 2796
f 2754 2796 2798
f 2849 2754 2797
f 2756 2753 2722
f 2850 2755 2849
f 2755 2754 2849
f 2850 2800 2755
f 2758 2799 2756
f 2801 2757 2800
f 2758 2804 2799
f 2757 2801 2759
f 2801 2805 2759
f 2809 2806 2802
f 2809 2802 2803
f 2807 2803 2856
f 2804 2758 2760
f 2805 2808 2759
f 2808 2805 2806
f 2809 2803 2810
f 2810 2803 2807
f 2763 2812 2760
f 2808 2806 2813
f 2806 2809 2813
f 2813 2809 2814
f 2814 2809 2810
f 2810 2811 2764
f 2810 2807 2811
f 2811 2815 2764
f 2761 2764 2815
f 2815 2765 2761
f 2815 2859 2765
f 2766 2859 2861
f 2765 2859 2766
f 2861 2812 2766
f 2816 2766 2812
f 2770 2812 2763
f 2816 2812 2770
f 2813 2814 2767
f 2814 2810 2768
f 2773 2818 2772
f 2818 2773 2820
f 2820 2774 2819
f 2820 2773 2774
f 2775 2817 2772
f 2775 2772 2821
f 2772 2818 2821
f 2822 2818 2820
f 2821 2818 2822
f 2819 2822 2820
f 2780 2819 2774
f 2822 2819 2779
f 2779 2819 2780
f 2823 2779 2780
f 2862 2779 2823
f 2824 2780 2783
f 2824 2823 2780
f 2862 2782 2779
f 2863 2782 2862
f 2863 2824 2825
f 2783 2825 2824
f 2826 2782 2863
f 2827 2826 2863
f 2825 2827 2863
f 2742 2827 2825
f 2831 2785 2832
f 2828 2785 2831
f 2832 2785 2786
f 2832 2786 2833
f 2787 2864 2786
f 2864 2833 2786
f 2864 2829 2830
f 2864 2836 2829
f 2834 2831 2832
f 2835 2833 2787
f 2835 2787 2745
f 2787 2833 2864
f 2834 2788 2831
f 2837 2788 2834
f 2745 2838 2835
f 2840 2839 2870
f 2788 2839 2840
f 2788 2837 2839
f 2789 2838 2745
f 2841 2791 2870
f 2840 2791 2790
f 2870 2791 2840
f 2749 2912 2712
f 2912 2789 2712
f 2842 2843 2841
f 2841 2843 2791
f 2845 2912 2749
f 2844 2843 2842
f 2796 2794 2844
f 2844 2794 2843
f 2753 2847 2795
f 2846 2797 2882
f 2882 2797 2798
f 2882 2798 2796
f 2848 2753 2756
f 2848 2847 2753
f 2846 2849 2797
f 2850 2849 2851
f 2799 2852 2756
f 2852 2848 2756
f 2853 2800 2850
f 2853 2850 2851
f 2799 2889 2852
f 2801 2800 2853
f 2886 2801 2853
f 2802 2890 2854
f 2802 2854 2803
f 2803 2854 2855
f 2803 2855 2856
f 2889 2804 2857
f 2889 2799 2804
f 2805 2801 2886
f 2806 2805 2890
f 2806 2890 2802
f 2892 2807 2856
f 2858 2804 2760
f 2858 2857 2804
f 2893 2807 2892
f 2893 2811 2807
f 2811 2893 2860
f 2857 2859 2860
f 2859 2857 2858
f 2812 2858 2760
f 2811 2860 2815
f 2859 2815 2860
f 2859 2858 2861
f 2812 2861 2858
f 2823 2824 2862
f 2863 2862 2824
f 2865 2864 2830
f 2829 2865 2830
f 2836 2867 2829
f 2867 2865 2829
f 2867 2836 2866
f 2866 2869 2867
f 2832 2835 2834
f 2835 2832 2833
f 2865 2836 2864
f 2865 2868 2836
f 2868 2866 2836
f 2872 2837 2834
f 2838 2834 2835
f 2872 2834 2838
f 2837 2871 2839
f 2872 2871 2837
f 2872 2838 2873
f 2838 2789 2873
f 2874 2870 2839
f 2841 2870 2874
f 2839 2871 2874
f 2912 2873 2789
f 2912 2875 2873
f 2841 2877 2842
f 2877 2841 2874
f 2880 2876 2878
f 2905 2880 2844
f 2876 2880 2905
f 2844 2879 2905
f 2844 2842 2877
f 2879 2844 2877
f 2879 2877 2909
f 2909 2877 2874
f 2878 2910 2880
f 2880 2796 2844
f 2795 2881 2845
f 2845 2881 2912
f 2910 2882 2880
f 2882 2796 2880
f 2883 2795 2847
f 2883 2881 2795
f 2910 2846 2882
f 2914 2846 2910
f 2848 2885 2847
f 2885 2883 2847
f 2914 2849 2846
f 2916 2849 2914
f 2885 2848 2884
f 2849 2916 2851
f 2851 2916 2919
f 2852 2884 2848
f 2851 2886 2853
f 2921 2886 2851
f 2919 2921 2851
f 2854 2887 2855
f 2889 2884 2852
f 2888 2884 2889
f 2921 2805 2886
f 2921 2890 2805
f 2854 2890 2887
f 2887 2924 2855
f 2856 2855 2924
f 2891 2888 2857
f 2857 2888 2889
f 2924 2892 2856
f 2895 2891 2857
f 2893 2895 2860
f 2894 2895 2893
f 2895 2857 2860
f 2865 2867 2896
f 2897 2896 2867
f 2897 2867 2869
f 2897 2869 2898
f 2896 2868 2865
f 2927 2868 2896
f 2868 2899 2866
f 2900 2869 2866
f 2900 2866 2899
f 2900 2898 2869
f 2868 2927 2899
f 2872 2901 2871
f 2902 2872 2873
f 2902 2901 2872
f 2903 2902 2873
f 2871 2904 2874
f 2871 2901 2904
f 2875 2932 2903
f 2875 2903 2873
f 2906 2874 2904
f 2907 2878 2876
f 2907 2905 2908
f 2876 2905 2907
f 2908 2905 2879
f 2874 2906 2909
f 2907 2910 2878
f 2911 2908 2879
f 2879 2913 2911
f 2933 2879 2909
f 2913 2879 2933
f 2909 2906 2933
f 2881 2936 2912
f 2910 2907 2934
f 2936 2881 2883
f 2910 2915 2914
f 2885 2918 2883
f 2916 2915 2917
f 2914 2915 2916
f 2917 2919 2916
f 2884 2918 2885
f 2884 2920 2918
f 2919 2922 2921
f 2888 2925 2884
f 2925 2920 2884
f 2922 2890 2921
f 2890 2922 2887
f 2922 2923 2887
f 2923 2924 2887
f 2891 2925 2888
f 2924 2923 2926
f 2926 2942 2892
f 2924 2926 2892
f 2895 2944 2925
f 2895 2925 2891
f 2942 2893 2892
f 2942 2894 2893
f 2894 2944 2895
f 2900 2896 2897
f 2927 2896 2900
f 2898 2900 2897
f 2899 2927 2900
f 2929 2904 2901
f 2929 2901 2902
f 2929 2902 2930
f 2930 2902 2903
f 2928 2906 2904
f 2931 2906 2928
f 2908 2911 2907
f 2949 2933 2931
f 2931 2933 2906
f 2936 2875 2912
f 2907 2911 2934
f 2934 2911 2935
f 2938 2935 2913
f 2935 2911 2913
f 2949 2938 2933
f 2938 2913 2933
f 2883 2937 2936
f 2952 2915 2910
f 2952 2910 2934
f 2918 2939 2883
f 2939 2937 2883
f 2940 2917 2915
f 2952 2940 2915
f 2919 2917 2940
f 2959 2939 2918
f 2920 2959 2918
f 2958 2922 2940
f 2922 2919 2940
f 2959 2920 2925
f 2923 2922 2958
f 2961 2923 2958
f 2941 2959 2925
f 2923 2961 2926
f 2926 2943 2942
f 2961 2943 2926
f 2943 2894 2942
f 2943 2944 2894
f 2925 2944 2941
f 2904 2945 2928
f 2946 2904 2929
f 2946 2945 2904
f 2946 2929 2930
f 2931 2945 2967
f 2928 2945 2931
f 2930 2903 2947
f 2903 2932 2947
f 2875 2951 2932
f 2951 2948 2932
f 2948 2947 2932
f 2931 2950 2949
f 2967 2950 2931
f 2936 2951 2875
f 2937 2951 2936
f 2934 2953 2952
f 2953 2935 2954
f 2934 2935 2953
f 2954 2935 2938
f 2949 2971 2938
f 2949 2950 2971
f 2955 2937 2939
f 2954 2938 2972
f 2938 2971 2972
f 2940 2952 2962
f 2962 2952 2953
f 2959 2956 2939
f 2956 2957 2939
f 2957 2955 2939
f 2940 2962 2958
f 2953 2954 2962
f 2959 2960 2956
f 2961 2958 2962
f 2941 2960 2959
f 2964 2960 2941
f 2963 2961 2962
f 2961 2963 2943
f 2963 2964 2943
f 2943 2964 2944
f 2941 2944 2964
f 2945 2965 2967
f 2965 2945 2946
f 2966 2946 2930
f 2966 2965 2946
f 2930 2947 2966
f 2947 2948 2966
f 2968 2950 2967
f 2968 2967 2965
f 2951 2969 2948
f 2951 2970 2969
f 2968 2971 2950
f 2955 2951 2937
f 2951 2986 2970
f 2951 2955 2986
f 2981 2972 2971
f 2981 2976 2972
f 2976 2981 2973
f 2974 2973 2981
f 2974 2957 2956
f 2983 2957 2974
f 2957 2984 2955
f 2957 2983 2984
f 2955 2984 2986
f 2975 2962 2954
f 2975 2954 2972
f 2975 2972 2976
f 2976 2974 2960
f 2976 2973 2974
f 2960 2974 2956
f 2975 2963 2962
f 2963 2975 2977
f 2977 2975 2976
f 2977 2976 2964
f 2960 2964 2976
f 2963 2977 2964
f 2988 2968 2965
f 2988 2965 2978
f 2978 2965 2966
f 2948 2978 2966
f 2991 2978 2948
f 2991 2948 2969
f 2991 2969 2970
f 2980 2968 2988
f 2980 2971 2968
f 2991 2970 2979
f 2991 2979 2985
f 2986 2979 2970
f 2981 2971 2980
f 2982 2981 2980
f 2985 2984 2983
f 2979 2984 2985
f 2986 2984 2979
f 2982 2974 2981
f 2982 2987 2974
f 2983 2974 2987
f 2990 2988 2978
f 2989 2988 2990
f 2990 2978 2991
f 2988 2989 2980
f 2985 2990 2991
f 2980 2989 2982
f 2982 2989 2987
f 2987 2990 2983
f 2987 2989 2990
f 2983 2990 2985
