v 1.3 40.0 -6.0
v 2.0 40.0 -6.3
v 2.0 39.7 -6.0
v 2.0 40.0 -5.8
v 1.1 41.0 -6.0
v 2.0 41.0 -6.3
v 2.0 41.0 -5.6
v 1.8 42.0 -6.0
v 2.0 42.0 -6.2
v 2.0 42.0 -5.7
v 2.0 42.5 -6.0
v 1.8 47.0 4.0
v 2.0 47.0 3.8
v 2.0 46.8 4.0
v 2.0 47.0 4.3
v 1.9 48.0 3.0
v 2.0 48.0 2.9
v 2.0 47.9 3.0
v 1.2 48.0 4.0
v 2.0 47.4 5.0
v 1.6 48.0 5.0
v 2.0 47.7 6.0
v 1.8 48.0 6.0
v 2.0 48.0 6.3
v 2.0 48.1 3.0
v 2.0 48.5 4.0
v 1.7 49.0 5.0
v 2.0 49.0 4.7
v 1.8 49.0 6.0
v 2.0 49.0 6.2
v 2.0 49.3 5.0
v 2.0 49.3 6.0
v 2.8 39.0 -8.0
v 3.0 39.0 -8.2
v 3.0 38.7 -8.0
v 3.0 38.5 -7.0
v 2.6 39.0 -7.0
v 3.0 38.7 -6.0
v 2.7 39.0 -6.0
v 3.0 39.0 -5.7
v 2.8 40.0 -8.0
v 3.0 40.0 -8.2
v 2.5 40.0 -7.0
v 3.0 40.0 -5.3
v 3.0 40.2 -8.0
v 3.0 40.5 -7.0
v 3.0 41.0 -6.6
v 3.0 40.4 -5.0
v 2.6 41.0 -5.0
v 3.0 41.0 -4.4
v 3.0 42.0 -6.4
v 2.4 42.0 -5.0
v 3.0 41.4 -4.0
v 2.6 42.0 -4.0
v 3.0 41.5 -3.0
v 2.6 42.0 -3.0
v 3.0 41.5 -2.0
v 2.6 42.0 -2.0
v 3.0 41.6 -1.0
v 2.6 42.0 -1.0
v 3.0 41.8 0.0
v 2.8 42.0 0.0
v 3.0 42.0 0.4
v 3.0 42.5 -6.0
v 2.9 43.0 -5.0
v 3.0 43.0 -5.2
v 2.6 43.0 -4.0
v 2.5 43.0 -3.0
v 2.5 43.0 -2.0
v 2.5 43.0 -1.0
v 2.5 43.0 0.0
v 3.0 42.5 1.0
v 2.6 43.0 1.0
v 3.0 42.8 2.0
v 2.8 43.0 2.0
v 3.0 43.0 2.2
v 3.0 43.1 -5.0
v 3.0 43.4 -4.0
v 2.8 44.0 -3.0
v 3.0 44.0 -3.3
v 2.6 44.0 -2.0
v 2.5 44.0 -1.0
v 2.5 44.0 0.0
v 2.5 44.0 1.0
v 2.6 44.0 2.0
v 3.0 44.0 2.6
v 3.0 44.2 -3.0
v 3.0 44.6 -2.0
v 2.7 45.0 -1.0
v 3.0 45.0 -1.5
v 2.5 45.0 0.0
v 2.5 45.0 1.0
v 2.5 45.0 2.0
v 3.0 44.4 3.0
v 2.6 45.0 3.0
v 3.0 44.5 4.0
v 2.6 45.0 4.0
v 3.0 44.5 5.0
v 2.6 45.0 5.0
v 3.0 44.7 6.0
v 2.8 45.0 6.0
v 3.0 45.0 6.3
v 3.0 45.4 -1.0
v 2.7 46.0 0.0
v 3.0 46.0 -0.4
v 2.5 46.0 1.0
v 2.5 46.0 2.0
v 2.6 46.0 3.0
v 2.5 46.0 4.0
v 2.5 46.0 5.0
v 2.6 46.0 6.0
v 3.0 46.0 6.6
v 3.0 46.5 0.0
v 2.6 47.0 1.0
v 3.0 47.0 0.4
v 2.6 47.0 2.0
v 3.0 47.0 2.9
v 3.0 46.9 3.0
v 3.0 47.0 3.0
v 2.3 47.0 5.0
v 2.4 47.0 6.0
v 3.0 46.4 7.0
v 2.6 47.0 7.0
v 3.0 46.7 8.0
v 2.8 47.0 8.0
v 3.0 46.7 9.0
v 2.8 47.0 9.0
v 3.0 46.7 10.0
v 2.8 47.0 10.0
v 3.0 47.0 11.0
v 3.0 47.0 11.0
v 3.0 47.0 11.0
v 2.8 48.0 1.0
v 3.0 48.0 0.7
v 2.6 48.0 2.0
v 3.0 47.1 3.0
v 2.6 48.0 7.0
v 3.0 48.0 7.5
v 3.0 47.5 8.0
v 3.0 47.3 9.0
v 3.0 47.2 10.0
v 3.0 47.0 11.0
v 3.0 48.2 1.0
v 3.0 48.3 2.0
v 3.0 48.4 3.0
v 3.0 48.6 4.0
v 3.0 49.0 4.4
v 3.0 48.6 7.0
v 3.0 49.0 6.7
v 2.9 50.0 5.0
v 3.0 50.0 4.9
v 2.8 50.0 6.0
v 3.0 50.0 6.2
v 3.0 50.1 5.0
v 3.0 50.2 6.0
v 3.8 37.0 -8.0
v 4.0 37.0 -8.2
v 4.0 36.8 -8.0
v 4.0 36.8 -7.0
v 3.8 37.0 -7.0
v 4.0 37.0 -6.7
v 3.5 38.0 -8.0
v 4.0 38.0 -8.5
v 3.4 38.0 -7.0
v 4.0 37.6 -6.0
v 3.6 38.0 -6.0
v 4.0 38.0 -5.2
v 4.0 39.0 -8.6
v 4.0 39.0 -5.2
v 4.0 40.0 -8.4
v 4.0 39.2 -5.0
v 3.3 40.0 -5.0
v 4.0 39.6 -4.0
v 3.6 40.0 -4.0
v 4.0 39.8 -3.0
v 3.8 40.0 -3.0
v 4.0 40.0 -2.6
v 4.0 40.4 -8.0
v 4.0 40.8 -7.0
v 4.0 41.0 -6.7
v 3.3 41.0 -4.0
v 3.4 41.0 -3.0
v 4.0 40.5 -2.0
v 3.6 41.0 -2.0
v 4.0 41.0 -1.4
v 4.0 42.0 -6.2
v 4.0 41.3 -1.0
v 4.0 41.4 0.0
v 4.0 41.7 1.0
v 3.5 42.0 1.0
v 4.0 42.0 1.5
v 4.0 42.2 -6.0
v 3.2 43.0 -5.0
v 4.0 42.6 -5.0
v 4.0 43.0 -4.6
v 4.0 42.4 2.0
v 4.0 43.0 2.7
v 4.0 43.5 -4.0
v 4.0 44.0 -3.5
v 4.0 43.3 3.0
v 3.3 44.0 3.0
v 4.0 43.6 4.0
v 3.5 44.0 4.0
v 4.0 43.6 5.0
v 3.5 44.0 5.0
v 4.0 43.7 6.0
v 3.7 44.0 6.0
v 4.0 44.0 6.4
v 3.8 44.0 12.0
v 4.0 44.0 11.7
v 4.0 43.7 12.0
v 4.0 43.8 13.0
v 3.9 44.0 13.0
v 4.0 44.0 13.2
v 4.0 44.5 -3.0
v 3.5 45.0 -2.0
v 4.0 45.0 -2.4
v 4.0 44.5 7.0
v 3.6 45.0 7.0
v 4.0 45.0 7.6
v 3.7 45.0 12.0
v 4.0 45.0 11.4
v 4.0 45.0 12.7
v 4.0 44.5 13.0
v 3.7 45.0 15.0
v 4.0 45.0 14.5
v 4.0 44.6 15.0
v 4.0 44.5 16.0
v 3.6 45.0 16.0
v 4.0 44.5 17.0
v 3.6 45.0 17.0
v 4.0 44.8 18.0
v 3.8 45.0 18.0
v 4.0 45.0 18.3
v 4.0 45.4 -2.0
v 3.5 46.0 -1.0
v 4.0 46.0 -1.4
v 3.3 46.0 7.0
v 4.0 45.4 8.0
v 3.5 46.0 8.0
v 4.0 45.5 9.0
v 3.5 46.0 9.0
v 4.0 45.5 10.0
v 3.5 46.0 10.0
v 4.0 45.3 11.0
v 3.5 46.0 11.0
v 3.5 46.0 12.0
v 4.0 45.2 13.0
v 3.6 46.0 13.0
v 4.0 45.3 14.0
v 3.6 46.0 14.0
v 3.5 46.0 15.0
v 3.5 46.0 16.0
v 3.5 46.0 17.0
v 3.6 46.0 18.0
v 4.0 46.0 18.5
v 4.0 46.5 -1.0
v 3.4 47.0 0.0
v 4.0 47.0 -0.6
v 3.2 47.0 3.0
v 3.4 47.0 12.0
v 3.5 47.0 13.0
v 3.6 47.0 14.0
v 3.7 47.0 15.0
v 3.7 47.0 16.0
v 3.7 47.0 17.0
v 3.8 47.0 18.0
v 4.0 47.0 18.3
v 3.7 48.0 0.0
v 4.0 48.0 -0.3
v 3.3 48.0 8.0
v 3.6 48.0 9.0
v 4.0 48.0 9.6
v 4.0 47.7 10.0
v 4.0 47.6 11.0
v 3.8 48.0 12.0
v 4.0 48.0 11.7
v 3.8 48.0 13.0
v 4.0 48.0 13.3
v 4.0 47.4 14.0
v 4.0 47.4 15.0
v 4.0 47.3 16.0
v 4.0 47.3 17.0
v 4.0 47.2 18.0
v 4.0 48.2 0.0
v 4.0 48.5 1.0
v 4.0 48.5 2.0
v 4.0 48.4 3.0
v 4.0 48.5 4.0
v 4.0 49.0 4.4
v 3.4 49.0 7.0
v 3.7 49.0 8.0
v 4.0 49.0 8.4
v 4.0 48.5 9.0
v 4.0 48.2 12.0
v 4.0 48.2 13.0
v 4.0 49.6 5.0
v 3.1 50.0 5.0
v 4.0 50.0 5.6
v 4.0 49.5 7.0
v 4.0 50.0 6.3
v 4.0 49.2 8.0
v 4.0 50.2 6.0
v 5.0 37.0 -8.4
v 5.0 36.6 -8.0
v 5.0 36.6 -7.0
v 5.0 37.0 -6.5
v 4.7 38.0 -9.0
v 5.0 38.0 -9.3
v 5.0 37.7 -9.0
v 5.0 37.5 -6.0
v 5.0 38.0 -5.4
v 4.6 39.0 -9.0
v 5.0 39.0 -9.5
v 5.0 38.5 -5.0
v 4.3 39.0 -5.0
v 5.0 39.0 -4.4
v 5.0 39.3 -9.0
v 5.0 40.0 -8.5
v 5.0 39.3 -4.0
v 5.0 39.4 -3.0
v 5.0 39.7 -2.0
v 4.6 40.0 -2.0
v 5.0 40.0 -1.5
v 5.0 40.5 -8.0
v 4.5 41.0 -7.0
v 5.0 41.0 -7.4
v 5.0 40.4 -1.0
v 4.3 41.0 -1.0
v 5.0 40.7 0.0
v 4.6 41.0 0.0
v 5.0 41.0 0.5
v 5.0 41.3 -7.0
v 5.0 41.6 -6.0
v 4.3 42.0 -6.0
v 4.7 42.0 -5.0
v 5.0 41.8 -5.0
v 5.0 42.0 -4.8
v 5.0 41.3 1.0
v 5.0 41.6 2.0
v 4.4 42.0 2.0
v 5.0 42.0 3.0
v 5.0 42.0 3.0
v 5.0 42.0 3.0
v 5.0 43.0 -4.3
v 4.4 43.0 3.0
v 5.0 43.0 3.7
v 4.7 43.0 10.0
v 5.0 43.0 9.6
v 5.0 42.7 10.0
v 5.0 42.5 11.0
v 4.6 43.0 11.0
v 5.0 42.5 12.0
v 4.5 43.0 12.0
v 5.0 42.5 13.0
v 4.5 43.0 13.0
v 5.0 42.6 14.0
v 4.7 43.0 14.0
v 5.0 43.0 14.5
v 4.9 43.0 17.0
v 5.0 43.0 16.7
v 5.0 42.9 17.0
v 5.0 43.0 17.2
v 5.0 43.4 -4.0
v 5.0 44.0 -3.5
v 5.0 43.3 4.0
v 5.0 43.4 5.0
v 5.0 43.4 6.0
v 5.0 43.6 7.0
v 4.5 44.0 7.0
v 5.0 43.7 8.0
v 4.7 44.0 8.0
v 5.0 43.5 9.0
v 4.6 44.0 9.0
v 4.5 44.0 10.0
v 4.4 44.0 11.0
v 4.4 44.0 14.0
v 5.0 43.4 15.0
v 4.5 44.0 15.0
v 5.0 43.4 16.0
v 4.5 44.0 16.0
v 4.5 44.0 17.0
v 5.0 44.0 17.7
v 5.0 44.5 -3.0
v 5.0 45.0 -2.5
v 4.3 45.0 8.0
v 4.4 45.0 9.0
v 4.4 45.0 10.0
v 4.3 45.0 11.0
v 4.1 45.0 13.0
v 4.2 45.0 14.0
v 5.0 44.2 18.0
v 5.0 44.5 19.0
v 4.5 45.0 19.0
v 5.0 44.5 20.0
v 4.6 45.0 20.0
v 5.0 44.6 21.0
v 4.8 45.0 21.0
v 5.0 44.9 22.0
v 4.9 45.0 22.0
v 5.0 45.0 22.1
v 5.0 45.6 -2.0
v 5.0 46.0 -1.7
v 4.4 46.0 19.0
v 4.7 46.0 20.0
v 5.0 46.0 20.5
v 5.0 45.5 21.0
v 5.0 45.1 22.0
v 4.4 47.0 -1.0
v 5.0 47.0 -1.4
v 4.7 47.0 19.0
v 5.0 47.0 19.4
v 5.0 46.5 20.0
v 4.9 48.0 -1.0
v 5.0 48.0 -1.1
v 4.3 48.0 10.0
v 5.0 48.0 11.0
v 5.0 48.0 11.0
v 5.0 48.0 11.0
v 5.0 47.7 14.0
v 5.0 48.0 13.7
v 5.0 47.6 15.0
v 5.0 47.5 16.0
v 5.0 47.5 17.0
v 5.0 47.5 18.0
v 5.0 47.3 19.0
v 5.0 48.1 -1.0
v 5.0 48.5 0.0
v 5.0 48.5 1.0
v 5.0 48.5 2.0
v 5.0 48.5 3.0
v 5.0 48.6 4.0
v 5.0 49.0 4.5
v 4.5 49.0 9.0
v 4.8 49.0 10.0
v 5.0 49.0 10.3
v 5.0 48.5 12.0
v 5.0 48.4 13.0
v 5.0 49.5 5.0
v 5.0 50.0 5.9
v 5.0 49.6 7.0
v 5.0 50.0 6.1
v 5.0 49.5 8.0
v 5.0 49.4 9.0
v 5.0 49.2 10.0
v 5.0 50.1 6.0
v 6.0 37.0 -8.4
v 6.0 36.7 -8.0
v 6.0 36.7 -7.0
v 6.0 37.0 -6.7
v 6.0 38.0 -9.1
v 6.0 37.8 -9.0
v 6.0 37.6 -6.0
v 6.0 38.0 -5.6
v 5.9 38.0 23.0
v 6.0 38.0 22.8
v 6.0 37.9 23.0
v 6.0 38.0 23.2
v 6.0 38.3 -9.0
v 5.5 39.0 -9.0
v 6.0 39.0 -8.7
v 6.0 38.4 -5.0
v 6.0 38.6 -4.0
v 5.4 39.0 -4.0
v 6.0 38.7 -3.0
v 5.6 39.0 -3.0
v 6.0 39.0 -2.5
v 5.7 39.0 22.0
v 6.0 39.0 21.5
v 6.0 38.5 22.0
v 5.5 39.0 23.0
v 6.0 38.5 24.0
v 5.6 39.0 24.0
v 6.0 38.6 25.0
v 5.6 39.0 25.0
v 6.0 38.8 26.0
v 5.8 39.0 26.0
v 6.0 39.0 26.3
v 6.0 40.0 -8.4
v 6.0 39.3 -2.0
v 6.0 39.7 -1.0
v 5.5 40.0 -1.0
v 6.0 40.0 -0.5
v 5.8 40.0 20.0
v 6.0 40.0 19.7
v 6.0 39.7 20.0
v 6.0 39.4 21.0
v 5.6 40.0 21.0
v 5.5 40.0 22.0
v 5.5 40.0 23.0
v 5.5 40.0 24.0
v 5.5 40.0 25.0
v 5.7 40.0 26.0
v 6.0 40.0 26.3
v 6.0 40.4 -8.0
v 6.0 41.0 -7.3
v 6.0 40.3 0.0
v 6.0 40.7 1.0
v 5.5 41.0 1.0
v 6.0 41.0 1.5
v 5.9 41.0 15.0
v 6.0 41.0 14.8
v 6.0 40.9 15.0
v 6.0 41.0 15.2
v 5.6 41.0 20.0
v 6.0 41.0 19.4
v 5.5 41.0 21.0
v 5.5 41.0 22.0
v 5.6 41.0 23.0
v 5.6 41.0 24.0
v 5.6 41.0 25.0
v 6.0 41.0 25.5
v 6.0 40.4 26.0
v 6.0 41.2 -7.0
v 6.0 41.4 -6.0
v 6.0 41.6 -5.0
v 6.0 42.0 -4.6
v 6.0 41.4 2.0
v 5.1 42.0 3.0
v 6.0 42.0 2.7
v 5.9 42.0 10.0
v 6.0 42.0 9.9
v 6.0 41.9 10.0
v 6.0 41.6 11.0
v 5.6 42.0 11.0
v 6.0 41.5 12.0
v 5.5 42.0 12.0
v 6.0 41.5 13.0
v 5.5 42.0 13.0
v 6.0 41.4 14.0
v 5.5 42.0 14.0
v 5.5 42.0 15.0
v 6.0 41.4 16.0
v 5.6 42.0 16.0
v 6.0 41.7 17.0
v 5.7 42.0 17.0
v 6.0 42.0 17.7
v 5.7 42.0 19.0
v 6.0 42.0 18.3
v 6.0 41.5 19.0
v 5.5 42.0 20.0
v 5.5 42.0 21.0
v 5.6 42.0 22.0
v 6.0 42.0 22.7
v 6.0 41.7 23.0
v 6.0 41.8 24.0
v 5.9 42.0 25.0
v 6.0 42.0 24.7
v 6.0 42.0 25.1
v 6.0 42.6 -4.0
v 5.5 43.0 -4.0
v 6.0 43.0 -3.7
v 6.0 42.3 3.0
v 6.0 42.6 4.0
v 5.3 43.0 4.0
v 6.0 42.6 5.0
v 5.5 43.0 5.0
v 6.0 42.8 6.0
v 5.7 43.0 6.0
v 6.0 43.0 6.3
v 5.8 43.0 9.0
v 6.0 43.0 8.9
v 6.0 42.9 9.0
v 5.3 43.0 15.0
v 5.3 43.0 16.0
v 6.0 42.2 18.0
v 5.5 43.0 18.0
v 5.5 43.0 19.0
v 5.5 43.0 20.0
v 5.5 43.0 21.0
v 5.6 43.0 22.0
v 6.0 43.0 22.8
v 6.0 42.1 25.0
v 6.0 44.0 -3.4
v 6.0 43.5 7.0
v 5.9 44.0 8.0
v 6.0 44.0 7.9
v 6.0 44.0 8.0
v 5.2 44.0 18.0
v 5.4 44.0 19.0
v 5.4 44.0 20.0
v 5.4 44.0 21.0
v 5.4 44.0 22.0
v 6.0 43.3 23.0
v 5.7 44.0 23.0
v 6.0 44.0 23.4
v 6.0 44.6 -3.0
v 6.0 45.0 -2.7
v 6.0 44.0 8.0
v 5.6 45.0 23.0
v 6.0 45.0 23.4
v 5.5 46.0 -2.0
v 6.0 46.0 -2.3
v 5.3 46.0 21.0
v 5.5 46.0 22.0
v 5.8 46.0 23.0
v 6.0 46.0 23.2
v 6.0 46.4 -2.0
v 6.0 47.0 -1.5
v 5.4 47.0 20.0
v 5.7 47.0 21.0
v 6.0 47.0 21.4
v 6.0 46.6 22.0
v 6.0 46.2 23.0
v 6.0 47.6 -1.0
v 5.1 48.0 -1.0
v 6.0 48.0 -0.4
v 5.0 48.0 11.0
v 5.4 48.0 14.0
v 5.7 48.0 15.0
v 6.0 48.0 15.3
v 6.0 47.6 16.0
v 6.0 47.5 17.0
v 6.0 47.5 18.0
v 6.0 47.5 19.0
v 6.0 47.5 20.0
v 6.0 47.3 21.0
v 6.0 48.3 0.0
v 6.0 48.4 1.0
v 6.0 48.5 2.0
v 6.0 48.5 3.0
v 6.0 48.6 4.0
v 6.0 49.0 4.5
v 5.7 49.0 11.0
v 5.9 49.0 12.0
v 6.0 49.0 12.1
v 6.0 48.6 13.0
v 6.0 48.4 14.0
v 6.0 48.3 15.0
v 6.0 49.4 5.0
v 5.1 50.0 6.0
v 6.0 49.6 6.0
v 6.0 49.5 7.0
v 6.0 49.5 8.0
v 6.0 49.5 9.0
v 6.0 49.5 10.0
v 6.0 49.3 11.0
v 6.0 49.1 12.0
v 7.0 37.0 -8.0
v 7.0 37.0 -8.0
v 6.4 37.0 -7.0
v 7.0 37.0 -7.9
v 6.2 38.0 -9.0
v 7.0 38.0 -8.4
v 7.0 37.4 -7.0
v 6.8 38.0 -6.0
v 7.0 38.0 -6.2
v 6.7 38.0 21.0
v 7.0 38.0 20.6
v 7.0 37.8 21.0
v 7.0 37.6 22.0
v 6.5 38.0 22.0
v 7.0 37.5 23.0
v 7.0 37.7 24.0
v 6.6 38.0 24.0
v 7.0 38.0 24.4
v 7.0 39.0 -8.4
v 7.0 38.1 -6.0
v 7.0 38.3 -5.0
v 7.0 38.4 -4.0
v 7.0 38.4 -3.0
v 7.0 38.6 -2.0
v 6.5 39.0 -2.0
v 7.0 39.0 -1.5
v 6.6 39.0 20.0
v 7.0 39.0 19.5
v 7.0 38.5 20.0
v 6.3 39.0 21.0
v 7.0 38.4 25.0
v 7.0 38.5 26.0
v 7.0 38.8 27.0
v 6.7 39.0 27.0
v 7.0 39.0 27.2
v 7.0 40.0 -8.2
v 7.0 39.3 -1.0
v 7.0 39.7 0.0
v 6.5 40.0 0.0
v 7.0 40.0 0.4
v 6.6 40.0 19.0
v 7.0 40.0 18.5
v 7.0 39.5 19.0
v 6.7 40.0 27.0
v 7.0 40.0 27.2
v 7.0 40.2 -8.0
v 6.3 41.0 -7.0
v 7.0 40.6 -7.0
v 6.7 41.0 -6.0
v 7.0 40.7 -6.0
v 7.0 41.0 -5.7
v 7.0 40.4 1.0
v 7.0 40.9 2.0
v 6.8 41.0 2.0
v 7.0 41.0 2.1
v 6.6 41.0 12.0
v 7.0 41.0 11.5
v 7.0 40.6 12.0
v 7.0 40.5 13.0
v 6.5 41.0 13.0
v 7.0 40.5 14.0
v 6.4 41.0 14.0
v 7.0 40.4 15.0
v 7.0 40.7 16.0
v 6.5 41.0 16.0
v 7.0 41.0 16.8
v 6.7 41.0 18.0
v 7.0 41.0 17.2
v 7.0 40.5 18.0
v 6.3 41.0 19.0
v 6.5 41.0 26.0
v 7.0 41.0 26.4
v 7.0 40.3 27.0
v 7.0 41.5 -5.0
v 7.0 42.0 -4.5
v 7.0 42.0 2.6
v 6.1 42.0 10.0
v 7.0 42.0 10.4
v 7.0 41.4 11.0
v 7.0 41.1 17.0
v 6.2 42.0 18.0
v 6.2 42.0 23.0
v 6.2 42.0 24.0
v 7.0 41.4 26.0
v 7.0 42.0 25.5
v 7.0 42.5 -4.0
v 7.0 43.0 -3.6
v 7.0 42.4 3.0
v 7.0 42.5 4.0
v 7.0 42.5 5.0
v 7.0 42.7 6.0
v 7.0 43.0 6.4
v 6.2 43.0 9.0
v 6.8 43.0 10.0
v 7.0 43.0 10.1
v 6.2 43.0 23.0
v 6.1 43.0 24.0
v 7.0 42.6 25.0
v 7.0 43.0 24.7
v 7.0 44.0 -3.4
v 7.0 43.5 7.0
v 7.0 44.0 7.9
v 7.0 44.0 8.1
v 7.0 43.5 9.0
v 7.0 43.1 10.0
v 6.6 44.0 24.0
v 7.0 44.0 24.3
v 6.7 45.0 -3.0
v 7.0 45.0 -3.1
v 7.0 44.1 8.0
v 7.0 44.4 24.0
v 7.0 45.0 23.6
v 7.0 45.2 -3.0
v 7.0 46.0 -2.5
v 7.0 46.0 23.4
v 7.0 46.5 -2.0
v 7.0 47.0 -1.5
v 6.6 47.0 22.0
v 7.0 47.0 22.4
v 7.0 46.4 23.0
v 7.0 47.4 -1.0
v 6.4 48.0 0.0
v 7.0 47.6 0.0
v 6.6 48.0 1.0
v 7.0 47.7 1.0
v 7.0 48.0 1.5
v 7.0 47.6 16.0
v 7.0 48.0 15.5
v 7.0 47.5 17.0
v 7.0 47.6 18.0
v 7.0 47.7 19.0
v 6.8 48.0 20.0
v 7.0 48.0 19.7
v 7.0 48.0 20.2
v 7.0 47.6 21.0
v 7.0 47.3 22.0
v 7.0 48.3 2.0
v 7.0 48.5 3.0
v 7.0 48.6 4.0
v 7.0 49.0 4.5
v 6.7 49.0 11.0
v 7.0 48.9 11.0
v 7.0 49.0 10.8
v 6.1 49.0 12.0
v 7.0 48.6 12.0
v 7.0 48.5 13.0
v 7.0 48.5 14.0
v 7.0 48.4 15.0
v 7.0 48.1 20.0
v 7.0 49.4 5.0
v 7.0 49.5 6.0
v 7.0 49.5 7.0
v 7.0 49.5 8.0
v 7.0 49.5 9.0
v 7.0 49.4 10.0
v 7.0 37.0 -8.0
v 7.5 38.0 -8.0
v 8.0 37.6 -7.0
v 8.0 38.0 -7.4
v 8.0 37.6 -6.0
v 7.2 38.0 -6.0
v 8.0 37.5 -5.0
v 7.4 38.0 -5.0
v 8.0 37.1 -4.0
v 7.4 38.0 -4.0
v 8.0 37.6 -3.0
v 7.5 38.0 -3.0
v 8.0 37.9 -2.0
v 7.9 38.0 -2.0
v 8.0 38.0 -1.9
v 7.6 38.0 20.0
v 8.0 38.0 19.7
v 8.0 37.7 20.0
v 8.0 37.5 21.0
v 8.0 37.4 22.0
v 8.0 37.4 23.0
v 8.0 37.6 24.0
v 8.0 38.0 24.5
v 7.5 39.0 -8.0
v 8.0 39.0 -7.6
v 8.0 38.7 -1.0
v 7.6 39.0 -1.0
v 8.0 39.0 -0.7
v 8.0 39.0 12.0
v 8.0 39.0 12.0
v 8.0 39.0 12.0
v 8.0 39.0 12.0
v 7.5 39.0 19.0
v 8.0 39.0 18.5
v 8.0 38.6 19.0
v 8.0 38.4 25.0
v 8.0 38.5 26.0
v 8.0 38.6 27.0
v 8.0 39.0 27.4
v 7.3 40.0 -8.0
v 8.0 40.0 -7.3
v 8.0 39.7 0.0
v 8.0 40.0 0.4
v 7.8 40.0 11.0
v 8.0 40.0 10.8
v 8.0 39.7 11.0
v 7.4 40.0 12.0
v 8.0 39.5 13.0
v 7.5 40.0 13.0
v 8.0 39.6 14.0
v 7.5 40.0 14.0
v 8.0 39.6 15.0
v 7.6 40.0 15.0
v 8.0 40.0 15.8
v 7.7 40.0 17.0
v 8.0 40.0 16.2
v 8.0 39.6 17.0
v 8.0 39.4 18.0
v 7.4 40.0 18.0
v 8.0 40.0 27.5
v 8.0 40.2 -7.0
v 8.0 40.5 -6.0
v 8.0 41.0 -5.3
v 8.0 40.5 1.0
v 7.2 41.0 2.0
v 8.0 41.0 1.6
v 7.4 41.0 11.0
v 8.0 41.0 10.4
v 8.0 40.1 16.0
v 7.1 41.0 17.0
v 8.0 40.6 27.0
v 8.0 41.0 26.6
v 8.0 41.3 -5.0
v 8.0 42.0 -4.3
v 8.0 41.4 2.0
v 8.0 42.0 2.7
v 8.0 42.0 10.0
v 8.0 42.0 10.0
v 8.0 42.0 10.0
v 8.0 41.5 26.0
v 8.0 42.0 25.6
v 8.0 42.4 -4.0
v 8.0 43.0 -3.5
v 8.0 42.2 3.0
v 8.0 42.4 4.0
v 8.0 42.5 5.0
v 7.7 43.0 6.0
v 8.0 43.0 5.9
v 8.0 42.1 10.0
v 8.0 43.0 10.1
v 7.5 43.0 25.0
v 8.0 43.0 25.3
v 8.0 43.8 -3.0
v 7.8 44.0 -3.0
v 8.0 44.0 -2.9
v 8.0 43.1 6.0
v 8.0 43.4 7.0
v 8.0 43.5 8.0
v 7.1 44.0 8.0
v 8.0 43.4 9.0
v 8.0 43.1 10.0
v 8.0 43.4 25.0
v 8.0 44.0 24.5
v 7.2 45.0 -3.0
v 8.0 45.0 -2.6
v 8.0 44.5 24.0
v 8.0 45.0 23.6
v 8.0 46.0 -2.4
v 8.0 46.0 23.4
v 8.0 46.5 -2.0
v 8.0 47.0 -1.5
v 8.0 46.5 23.0
v 8.0 47.0 22.5
v 8.0 47.4 -1.0
v 8.0 47.5 0.0
v 8.0 47.5 1.0
v 7.5 48.0 2.0
v 8.0 47.7 2.0
v 8.0 48.0 2.4
v 8.0 47.6 16.0
v 8.0 48.0 15.5
v 8.0 47.6 17.0
v 7.7 48.0 18.0
v 8.0 48.0 17.6
v 7.4 48.0 19.0
v 8.0 47.6 21.0
v 8.0 48.0 20.5
v 8.0 47.4 22.0
v 8.0 48.4 3.0
v 8.0 48.6 4.0
v 8.0 49.0 4.5
v 7.2 49.0 11.0
v 8.0 49.0 11.5
v 8.0 48.7 12.0
v 8.0 48.6 13.0
v 8.0 48.5 14.0
v 8.0 48.4 15.0
v 8.0 48.3 18.0
v 8.0 48.4 19.0
v 8.0 48.4 20.0
v 8.0 49.4 5.0
v 8.0 49.5 6.0
v 8.0 49.5 7.0
v 8.0 49.5 8.0
v 8.0 49.5 9.0
v 8.0 49.5 10.0
v 8.0 49.3 11.0
v 8.8 37.0 -5.0
v 9.0 37.0 -5.3
v 9.0 36.9 -5.0
v 9.0 37.0 -4.7
v 8.6 37.0 22.0
v 9.0 37.0 21.5
v 9.0 36.7 22.0
v 9.0 36.8 23.0
v 8.7 37.0 23.0
v 9.0 37.0 23.3
v 9.0 38.0 -7.5
v 9.0 37.5 -7.0
v 9.0 37.3 -6.0
v 9.0 37.3 -4.0
v 9.0 37.6 -3.0
v 8.2 38.0 -2.0
v 9.0 38.0 -2.5
v 9.0 38.0 19.5
v 9.0 37.6 20.0
v 9.0 37.3 21.0
v 9.0 37.5 24.0
v 9.0 38.0 24.5
v 9.0 39.0 -7.3
v 9.0 38.6 -2.0
v 8.9 39.0 -1.0
v 9.0 39.0 -1.1
v 9.0 39.0 11.9
v 9.0 38.9 12.0
v 9.0 39.0 12.1
v 8.8 39.0 15.0
v 9.0 39.0 14.7
v 9.0 38.9 15.0
v 9.0 38.7 16.0
v 8.6 39.0 16.0
v 9.0 38.6 17.0
v 8.6 39.0 17.0
v 9.0 38.6 18.0
v 8.4 39.0 18.0
v 9.0 38.4 19.0
v 9.0 38.4 25.0
v 9.0 38.5 26.0
v 9.0 38.6 27.0
v 9.0 39.0 27.6
v 9.0 39.3 -7.0
v 8.3 40.0 -7.0
v 8.5 40.0 -6.0
v 9.0 39.5 -6.0
v 8.6 40.0 -5.0
v 9.0 39.5 -5.0
v 8.6 40.0 -4.0
v 9.0 39.5 -4.0
v 8.6 40.0 -3.0
v 9.0 39.5 -3.0
v 8.6 40.0 -2.0
v 9.0 39.4 -2.0
v 8.6 40.0 -1.0
v 8.4 40.0 0.0
v 9.0 40.0 10.5
v 9.0 39.5 11.0
v 9.0 39.4 13.0
v 9.0 39.3 14.0
v 8.1 40.0 16.0
v 9.0 39.8 28.0
v 8.8 40.0 28.0
v 9.0 40.0 28.1
v 8.2 41.0 -5.0
v 8.5 41.0 -4.0
v 8.6 41.0 -3.0
v 8.6 41.0 -2.0
v 8.7 41.0 -1.0
v 9.0 41.0 -0.5
v 9.0 40.6 0.0
v 9.0 40.5 1.0
v 9.0 41.0 1.7
v 8.7 41.0 10.0
v 9.0 41.0 9.8
v 9.0 40.8 10.0
v 8.5 41.0 27.0
v 9.0 41.0 27.3
v 9.0 40.2 28.0
v 8.3 42.0 -4.0
v 9.0 42.0 -3.3
v 9.0 41.7 -3.0
v 9.0 41.5 -2.0
v 9.0 41.4 -1.0
v 9.0 41.3 2.0
v 9.0 41.6 3.0
v 8.3 42.0 3.0
v 9.0 41.6 4.0
v 8.5 42.0 4.0
v 9.0 41.8 5.0
v 8.7 42.0 5.0
v 9.0 42.0 5.3
v 9.0 42.0 9.9
v 9.0 41.7 26.0
v 9.0 42.0 25.7
v 9.0 41.3 27.0
v 9.0 43.0 -3.3
v 9.0 42.5 6.0
v 8.2 43.0 6.0
v 9.0 42.6 7.0
v 8.5 43.0 7.0
v 9.0 42.6 8.0
v 8.5 43.0 8.0
v 9.0 42.6 9.0
v 8.5 43.0 9.0
v 8.1 43.0 10.0
v 9.0 43.0 25.3
v 8.7 44.0 -3.0
v 9.0 44.0 -3.1
v 9.0 43.4 25.0
v 9.0 44.0 24.5
v 9.0 44.1 -3.0
v 9.0 45.0 -2.5
v 9.0 44.5 24.0
v 9.0 45.0 23.6
v 9.0 46.0 -2.3
v 9.0 46.0 23.4
v 9.0 46.3 -2.0
v 9.0 47.0 -1.4
v 9.0 46.4 23.0
v 9.0 47.0 22.4
v 9.0 47.4 -1.0
v 9.0 47.5 0.0
v 9.0 47.5 1.0
v 9.0 47.6 2.0
v 9.0 48.0 2.5
v 9.0 47.7 16.0
v 9.0 48.0 15.6
v 9.0 47.6 17.0
v 9.0 48.0 17.5
v 9.0 47.6 21.0
v 9.0 48.0 20.4
v 9.0 47.3 22.0
v 9.0 48.4 3.0
v 9.0 48.6 4.0
v 9.0 49.0 4.5
v 8.4 49.0 12.0
v 8.8 49.0 13.0
v 9.0 49.0 13.2
v 9.0 48.6 14.0
v 9.0 48.4 15.0
v 9.0 48.4 18.0
v 9.0 48.5 19.0
v 9.0 48.3 20.0
v 9.0 49.4 5.0
v 9.0 49.5 6.0
v 9.0 49.5 7.0
v 9.0 49.5 8.0
v 9.0 49.5 9.0
v 9.0 49.5 10.0
v 9.0 49.5 11.0
v 9.0 49.4 12.0
v 9.0 49.1 13.0
v 9.9 37.0 -8.0
v 10.0 37.0 -8.1
v 10.0 36.9 -8.0
v 10.0 36.2 -7.0
v 9.5 37.0 -7.0
v 10.0 36.6 -6.0
v 9.4 37.0 -6.0
v 10.0 36.8 -5.0
v 10.0 37.0 -4.7
v 9.5 37.0 21.0
v 10.0 37.0 20.5
v 10.0 36.7 21.0
v 10.0 36.4 22.0
v 10.0 36.6 23.0
v 10.0 37.0 23.5
v 9.8 38.0 -9.0
v 10.0 38.0 -9.2
v 10.0 37.8 -9.0
v 9.5 38.0 -8.0
v 10.0 37.6 -4.0
v 10.0 38.0 -3.0
v 10.0 38.0 -3.0
v 10.0 38.0 19.3
v 10.0 37.4 20.0
v 10.0 37.5 24.0
v 10.0 38.0 24.5
v 10.0 39.0 -9.0
v 10.0 38.6 -8.0
v 10.0 38.7 -7.0
v 9.5 39.0 -7.0
v 9.5 39.0 -6.0
v 10.0 38.6 -6.0
v 9.5 39.0 -5.0
v 10.0 38.6 -5.0
v 9.5 39.0 -4.0
v 10.0 38.5 -4.0
v 9.5 39.0 -3.0
v 10.0 38.0 -3.0
v 9.3 39.0 -2.0
v 9.2 39.0 12.0
v 9.7 39.0 14.0
v 10.0 39.0 13.6
v 10.0 38.8 14.0
v 10.0 38.9 15.0
v 10.0 38.5 16.0
v 10.0 38.5 17.0
v 10.0 38.5 18.0
v 10.0 38.3 19.0
v 10.0 38.4 25.0
v 10.0 38.5 26.0
v 10.0 38.5 27.0
v 10.0 38.7 28.0
v 9.5 39.0 28.0
v 10.0 39.0 28.7
v 9.7 40.0 1.0
v 10.0 40.0 0.8
v 10.0 39.8 1.0
v 10.0 39.8 2.0
v 9.8 40.0 2.0
v 10.0 40.0 2.2
v 10.0 40.0 10.5
v 10.0 39.5 11.0
v 10.0 39.3 12.0
v 10.0 39.3 13.0
v 10.0 40.0 28.4
v 9.4 41.0 0.0
v 10.0 41.0 0.4
v 9.3 41.0 2.0
v 10.0 41.0 2.5
v 10.0 41.0 9.6
v 10.0 40.5 10.0
v 10.0 40.5 28.0
v 10.0 41.0 27.5
v 9.2 42.0 -3.0
v 9.4 42.0 -2.0
v 9.4 42.0 -1.0
v 9.7 42.0 0.0
v 10.0 42.0 0.3
v 10.0 41.4 3.0
v 10.0 41.5 4.0
v 10.0 41.6 5.0
v 10.0 42.0 5.5
v 10.0 42.0 9.4
v 9.5 42.0 26.0
v 10.0 42.0 26.4
v 10.0 41.5 27.0
v 9.3 43.0 -3.0
v 9.5 43.0 -2.0
v 9.6 43.0 -1.0
v 10.0 43.0 -0.4
v 10.0 42.4 0.0
v 10.0 42.4 6.0
v 10.0 42.5 7.0
v 10.0 42.5 8.0
v 10.0 42.4 9.0
v 9.8 43.0 25.0
v 10.0 42.9 25.0
v 10.0 43.0 24.9
v 10.0 42.3 26.0
v 9.1 44.0 -3.0
v 9.5 44.0 -2.0
v 9.8 44.0 -1.0
v 10.0 44.0 -0.7
v 10.0 44.0 24.4
v 9.5 45.0 -2.0
v 10.0 45.0 -1.5
v 10.0 44.3 -1.0
v 10.0 44.5 24.0
v 10.0 45.0 23.6
v 9.3 46.0 -2.0
v 10.0 46.0 -1.6
v 10.0 46.0 23.2
v 10.0 47.0 -1.2
v 9.5 47.0 22.0
v 10.0 46.7 22.0
v 10.0 47.0 21.6
v 10.0 46.3 23.0
v 10.0 47.2 -1.0
v 10.0 47.4 0.0
v 10.0 47.5 1.0
v 10.0 47.6 2.0
v 10.0 48.0 2.6
v 9.5 48.0 16.0
v 10.0 48.0 16.5
v 10.0 47.7 17.0
v 10.0 48.0 17.4
v 9.5 48.0 20.0
v 10.0 47.7 20.0
v 10.0 48.0 19.5
v 10.0 47.4 21.0
v 10.0 48.3 3.0
v 10.0 48.6 4.0
v 10.0 49.0 4.5
v 9.3 49.0 13.0
v 10.0 48.7 13.0
v 10.0 49.0 12.6
v 10.0 48.5 14.0
v 10.0 48.5 15.0
v 10.0 48.3 16.0
v 10.0 48.4 18.0
v 10.0 48.3 19.0
v 10.0 49.4 5.0
v 10.0 49.5 6.0
v 10.0 49.5 7.0
v 10.0 49.5 8.0
v 10.0 49.5 9.0
v 10.0 49.5 10.0
v 10.0 49.5 11.0
v 10.0 49.4 12.0
v 10.8 36.0 22.0
v 11.0 36.0 21.7
v 11.0 35.9 22.0
v 11.0 36.0 22.2
v 10.2 37.0 -8.0
v 11.0 37.0 -7.4
v 11.0 36.7 -7.0
v 11.0 36.7 -6.0
v 10.4 37.0 -5.0
v 11.0 37.0 -5.6
v 10.5 37.0 20.0
v 11.0 37.0 19.5
v 11.0 36.6 20.0
v 11.0 36.3 21.0
v 11.0 36.5 23.0
v 11.0 37.0 23.5
v 11.0 38.0 -9.2
v 11.0 37.8 -9.0
v 11.0 37.5 -8.0
v 11.0 37.6 -5.0
v 10.9 38.0 -4.0
v 11.0 38.0 -4.1
v 10.0 38.0 -3.0
v 10.8 38.0 16.0
v 11.0 38.0 15.7
v 11.0 37.9 16.0
v 11.0 38.0 16.3
v 10.4 38.0 19.0
v 11.0 38.0 18.4
v 11.0 37.5 19.0
v 11.0 37.5 24.0
v 11.0 38.0 24.5
v 10.0 39.0 -9.0
v 11.0 39.0 -9.2
v 10.5 39.0 -8.0
v 10.6 39.0 -7.0
v 11.0 39.0 -6.6
v 11.0 38.6 -6.0
v 11.0 38.3 -5.0
v 10.6 39.0 11.0
v 11.0 39.0 10.6
v 11.0 38.7 11.0
v 11.0 38.5 12.0
v 10.4 39.0 12.0
v 11.0 38.5 13.0
v 10.3 39.0 13.0
v 11.0 38.4 14.0
v 11.0 38.4 15.0
v 11.0 38.3 17.0
v 11.0 38.3 18.0
v 11.0 38.4 25.0
v 11.0 38.5 26.0
v 11.0 38.5 27.0
v 11.0 38.6 28.0
v 11.0 39.0 28.4
v 11.0 39.2 -9.0
v 11.0 39.3 -8.0
v 11.0 39.2 -7.0
v 11.0 40.0 0.8
v 11.0 39.8 1.0
v 11.0 39.7 2.0
v 11.0 40.0 2.3
v 11.0 40.0 10.2
v 11.0 40.0 28.4
v 11.0 41.0 0.6
v 11.0 41.0 2.8
v 11.0 41.0 9.5
v 11.0 40.3 10.0
v 11.0 40.5 28.0
v 11.0 41.0 27.5
v 11.0 42.0 0.6
v 11.0 41.2 3.0
v 11.0 41.4 4.0
v 11.0 41.5 5.0
v 11.0 42.0 5.7
v 11.0 42.0 9.3
v 11.0 41.5 27.0
v 11.0 42.0 26.5
v 10.3 43.0 0.0
v 11.0 43.0 1.0
v 11.0 43.0 1.0
v 11.0 43.0 1.0
v 11.0 42.3 6.0
v 11.0 42.5 7.0
v 11.0 42.5 8.0
v 11.0 42.3 9.0
v 10.2 43.0 25.0
v 11.0 43.0 25.4
v 11.0 42.5 26.0
v 10.7 44.0 0.0
v 11.0 44.0 0.3
v 11.0 43.0 1.0
v 11.0 43.4 25.0
v 11.0 44.0 24.4
v 11.0 45.0 -1.2
v 11.0 44.8 -1.0
v 11.0 44.3 0.0
v 11.0 44.4 24.0
v 11.0 45.0 23.5
v 11.0 46.0 -1.2
v 10.4 46.0 23.0
v 11.0 45.6 23.0
v 11.0 46.0 22.6
v 11.0 46.3 -1.0
v 10.3 47.0 -1.0
v 10.6 47.0 0.0
v 11.0 46.7 0.0
v 11.0 47.0 0.4
v 11.0 46.5 22.0
v 11.0 47.0 21.3
v 11.0 47.4 1.0
v 11.0 47.5 2.0
v 10.5 48.0 3.0
v 11.0 47.7 3.0
v 11.0 48.0 3.4
v 11.0 47.7 17.0
v 11.0 48.0 16.6
v 11.0 48.0 17.7
v 10.5 48.0 19.0
v 11.0 47.7 19.0
v 11.0 48.0 18.2
v 11.0 47.4 20.0
v 11.0 47.3 21.0
v 11.0 48.5 4.0
v 11.0 49.0 4.5
v 11.0 48.6 13.0
v 11.0 49.0 12.5
v 11.0 48.5 14.0
v 11.0 48.5 15.0
v 11.0 48.4 16.0
v 11.0 48.1 18.0
v 11.0 49.4 5.0
v 11.0 49.5 6.0
v 11.0 49.5 7.0
v 11.0 49.5 8.0
v 11.0 49.5 9.0
v 11.0 49.5 10.0
v 11.0 49.5 11.0
v 11.0 49.4 12.0
v 11.9 35.0 20.0
v 12.0 35.0 19.9
v 12.0 34.9 20.0
v 12.0 35.0 20.1
v 11.5 36.0 20.0
v 12.0 36.0 19.4
v 12.0 35.4 21.0
v 11.3 36.0 21.0
v 12.0 35.6 22.0
v 12.0 36.0 22.5
v 11.3 37.0 -7.0
v 11.3 37.0 -6.0
v 11.9 37.0 13.0
v 12.0 37.0 12.9
v 12.0 36.9 13.0
v 12.0 37.0 13.2
v 11.5 37.0 19.0
v 12.0 37.0 18.4
v 12.0 36.4 19.0
v 12.0 36.5 23.0
v 12.0 37.0 23.6
v 11.2 38.0 -9.0
v 11.5 38.0 -8.0
v 11.7 38.0 -7.0
v 12.0 38.0 -6.1
v 12.0 37.9 -6.0
v 11.3 38.0 -5.0
v 12.0 38.0 -5.9
v 11.7 38.0 11.0
v 12.0 38.0 10.7
v 12.0 37.8 11.0
v 12.0 37.5 12.0
v 11.5 38.0 12.0
v 11.4 38.0 13.0
v 12.0 37.4 14.0
v 11.5 38.0 14.0
v 12.0 37.4 15.0
v 11.4 38.0 15.0
v 12.0 37.4 16.0
v 12.0 37.4 17.0
v 11.4 38.0 17.0
v 12.0 37.3 18.0
v 11.3 38.0 18.0
v 12.0 37.4 24.0
v 12.0 38.0 24.6
v 11.2 39.0 -9.0
v 12.0 39.0 -8.0
v 12.0 39.0 -8.0
v 12.0 38.7 -7.0
v 12.0 39.0 -6.2
v 12.0 38.6 -6.0
v 11.8 39.0 9.0
v 12.0 39.0 8.7
v 12.0 38.8 9.0
v 12.0 38.5 10.0
v 11.5 39.0 10.0
v 12.0 38.4 25.0
v 12.0 38.5 26.0
v 12.0 38.5 27.0
v 12.0 38.8 28.0
v 12.0 39.0 28.2
v 12.0 39.0 -8.0
v 12.0 39.2 -7.0
v 11.3 40.0 1.0
v 12.0 40.0 1.9
v 12.0 39.9 2.0
v 12.0 40.0 2.1
v 11.6 40.0 9.0
v 12.0 40.0 8.5
v 11.2 40.0 10.0
v 12.0 40.0 28.2
v 11.7 41.0 1.0
v 12.0 41.0 1.3
v 12.0 40.5 3.0
v 11.3 41.0 3.0
v 12.0 40.6 4.0
v 11.5 41.0 4.0
v 12.0 40.7 5.0
v 11.6 41.0 5.0
v 12.0 41.0 5.5
v 11.6 41.0 9.0
v 12.0 41.0 8.6
v 12.0 40.3 28.0
v 12.0 41.0 27.3
v 12.0 42.0 0.7
v 12.0 41.4 1.0
v 12.0 41.4 6.0
v 11.4 42.0 6.0
v 12.0 42.0 6.6
v 12.0 42.0 9.0
v 12.0 42.0 9.0
v 12.0 41.3 27.0
v 12.0 42.0 26.4
v 12.0 42.6 1.0
v 12.0 43.0 1.2
v 12.0 42.2 7.0
v 12.0 42.3 8.0
v 12.0 42.0 9.0
v 12.0 42.4 26.0
v 12.0 43.0 25.3
v 12.0 44.0 0.6
v 12.0 43.3 1.0
v 11.6 44.0 24.0
v 12.0 43.7 24.0
v 12.0 44.0 23.7
v 12.0 43.3 25.0
v 11.2 45.0 -1.0
v 11.7 45.0 0.0
v 12.0 45.0 0.3
v 12.0 45.0 23.3
v 11.3 46.0 -1.0
v 12.0 46.0 -0.2
v 12.0 45.7 0.0
v 12.0 45.3 23.0
v 12.0 46.0 22.3
v 12.0 46.2 0.0
v 12.0 47.0 0.6
v 11.6 47.0 20.0
v 12.0 46.6 20.0
v 12.0 47.0 19.5
v 11.3 47.0 21.0
v 12.0 46.5 21.0
v 12.0 46.2 22.0
v 12.0 47.4 1.0
v 12.0 47.5 2.0
v 12.0 47.7 3.0
v 12.0 48.0 3.4
v 12.0 47.6 17.0
v 12.0 48.0 16.5
v 11.2 48.0 18.0
v 12.0 47.5 18.0
v 12.0 47.3 19.0
v 12.0 48.5 4.0
v 12.0 49.0 4.6
v 12.0 48.6 13.0
v 12.0 49.0 12.4
v 12.0 48.5 14.0
v 12.0 48.5 15.0
v 12.0 48.4 16.0
v 12.0 49.3 5.0
v 12.0 49.5 6.0
v 12.0 49.5 7.0
v 12.0 49.5 8.0
v 12.0 49.5 9.0
v 12.0 49.5 10.0
v 12.0 49.5 11.0
v 12.0 49.3 12.0
v 12.7 35.0 18.0
v 13.0 35.0 17.5
v 13.0 34.7 18.0
v 13.0 34.5 19.0
v 12.5 35.0 19.0
v 13.0 34.5 20.0
v 13.0 34.7 21.0
v 12.6 35.0 21.0
v 13.0 35.0 21.4
v 12.8 36.0 14.0
v 13.0 36.0 13.7
v 13.0 35.8 14.0
v 13.0 35.6 15.0
v 12.6 36.0 15.0
v 13.0 35.5 16.0
v 12.6 36.0 16.0
v 13.0 35.4 17.0
v 12.6 36.0 17.0
v 12.5 36.0 18.0
v 12.3 36.0 19.0
v 13.0 35.5 22.0
v 13.0 36.0 22.5
v 13.0 37.0 12.5
v 13.0 36.6 13.0
v 12.3 37.0 14.0
v 12.4 37.0 15.0
v 12.4 37.0 16.0
v 12.4 37.0 17.0
v 12.3 37.0 18.0
v 13.0 36.4 23.0
v 13.0 36.8 24.0
v 12.6 37.0 24.0
v 13.0 37.0 24.2
v 12.1 38.0 -6.0
v 13.0 38.0 10.6
v 13.0 37.7 11.0
v 13.0 37.4 12.0
v 13.0 38.0 24.6
v 12.0 39.0 -8.0
v 12.2 39.0 -7.0
v 12.9 39.0 8.0
v 13.0 39.0 7.9
v 13.0 38.9 8.0
v 13.0 38.6 9.0
v 13.0 38.4 10.0
v 13.0 38.4 25.0
v 13.0 38.6 26.0
v 13.0 38.9 27.0
v 12.2 39.0 28.0
v 13.0 39.0 27.1
v 12.1 40.0 2.0
v 12.8 40.0 6.0
v 13.0 40.0 5.7
v 13.0 39.8 6.0
v 13.0 39.6 7.0
v 12.6 40.0 7.0
v 12.4 40.0 8.0
v 12.7 40.0 27.0
v 13.0 39.2 27.0
v 13.0 40.0 26.7
v 12.2 40.0 28.0
v 13.0 41.0 1.6
v 13.0 40.7 2.0
v 13.0 40.6 3.0
v 13.0 40.6 4.0
v 13.0 40.5 5.0
v 12.3 41.0 6.0
v 12.5 41.0 7.0
v 12.4 41.0 8.0
v 12.3 41.0 27.0
v 13.0 41.0 26.4
v 12.9 42.0 0.0
v 13.0 42.0 -0.1
v 13.0 41.7 0.0
v 13.0 41.6 1.0
v 12.2 42.0 7.0
v 12.3 42.0 8.0
v 12.0 42.0 9.0
v 12.4 42.0 26.0
v 13.0 41.4 26.0
v 13.0 42.0 25.5
v 13.0 42.1 0.0
v 13.0 42.8 1.0
v 13.0 43.0 1.1
v 12.4 43.0 25.0
v 13.0 42.5 25.0
v 13.0 43.0 24.6
v 13.0 44.0 0.6
v 13.0 43.1 1.0
v 13.0 43.5 24.0
v 13.0 44.0 23.5
v 13.0 45.0 0.5
v 12.8 45.0 22.0
v 13.0 44.8 22.0
v 13.0 45.0 21.7
v 12.3 45.0 23.0
v 13.0 44.5 23.0
v 12.2 46.0 0.0
v 13.0 46.0 0.5
v 12.7 46.0 20.0
v 13.0 45.7 20.0
v 13.0 46.0 19.6
v 12.5 46.0 21.0
v 13.0 45.5 21.0
v 12.2 46.0 22.0
v 13.0 47.0 0.8
v 12.7 47.0 18.0
v 13.0 46.7 18.0
v 13.0 47.0 17.7
v 12.3 47.0 19.0
v 13.0 46.4 19.0
v 13.0 47.2 1.0
v 13.0 47.5 2.0
v 12.7 48.0 3.0
v 13.0 48.0 2.8
v 13.0 47.5 17.0
v 13.0 48.0 16.4
v 13.0 48.1 3.0
v 13.0 48.5 4.0
v 12.5 49.0 5.0
v 13.0 48.7 5.0
v 13.0 49.0 5.4
v 12.5 49.0 12.0
v 13.0 48.7 12.0
v 13.0 49.0 11.6
v 13.0 48.5 13.0
v 13.0 48.5 14.0
v 13.0 48.5 15.0
v 13.0 48.3 16.0
v 13.0 49.4 6.0
v 13.0 49.5 7.0
v 13.0 49.5 8.0
v 13.0 49.5 9.0
v 13.0 49.5 10.0
v 13.0 49.4 11.0
v 14.0 34.0 17.0
v 14.0 34.0 16.9
v 14.0 34.0 17.0
v 14.0 34.0 17.0
v 13.8 35.0 15.0
v 14.0 35.0 14.9
v 14.0 34.9 15.0
v 14.0 34.1 16.0
v 13.5 35.0 16.0
v 13.4 35.0 17.0
v 14.0 34.4 18.0
v 14.0 34.1 19.0
v 14.0 34.5 20.0
v 14.0 34.6 21.0
v 14.0 35.0 21.6
v 14.0 36.0 13.6
v 14.0 35.7 14.0
v 14.0 35.3 22.0
v 14.0 36.0 22.7
v 14.0 37.0 12.6
v 14.0 36.6 13.0
v 14.0 36.2 23.0
v 14.0 36.6 24.0
v 14.0 37.0 24.4
v 13.4 38.0 11.0
v 14.0 38.0 11.5
v 14.0 37.6 12.0
v 14.0 38.0 24.5
v 13.1 39.0 8.0
v 13.6 39.0 9.0
v 14.0 39.0 9.5
v 14.0 38.7 10.0
v 14.0 38.4 11.0
v 14.0 38.5 25.0
v 14.0 38.9 26.0
v 13.1 39.0 27.0
v 14.0 39.0 26.1
v 14.0 40.0 5.8
v 14.0 39.8 6.0
v 14.0 39.6 7.0
v 14.0 39.6 8.0
v 14.0 39.4 9.0
v 13.6 40.0 26.0
v 14.0 39.1 26.0
v 14.0 40.0 25.6
v 13.3 41.0 2.0
v 13.4 41.0 3.0
v 13.5 41.0 4.0
v 13.6 41.0 5.0
v 14.0 41.0 5.4
v 13.4 41.0 26.0
v 14.0 41.0 25.4
v 13.3 42.0 0.0
v 13.4 42.0 1.0
v 13.7 42.0 2.0
v 14.0 42.0 2.4
v 14.0 41.6 3.0
v 14.0 41.5 4.0
v 14.0 41.4 5.0
v 13.5 42.0 25.0
v 14.0 41.5 25.0
v 14.0 42.0 24.6
v 13.2 43.0 1.0
v 14.0 43.0 0.7
v 14.0 42.6 1.0
v 14.0 42.3 2.0
v 14.0 43.0 24.2
v 14.0 44.0 0.6
v 14.0 43.3 24.0
v 14.0 44.0 23.3
v 14.0 45.0 0.7
v 14.0 44.6 22.0
v 14.0 45.0 21.3
v 14.0 44.2 23.0
v 14.0 45.4 1.0
v 13.6 46.0 1.0
v 14.0 46.0 1.5
v 13.5 46.0 19.0
v 14.0 45.7 19.0
v 14.0 46.0 18.5
v 14.0 45.4 20.0
v 14.0 45.3 21.0
v 13.2 47.0 1.0
v 14.0 46.5 2.0
v 13.6 47.0 2.0
v 14.0 47.0 2.5
v 14.0 46.4 18.0
v 14.0 47.0 17.3
v 13.2 48.0 3.0
v 14.0 47.5 3.0
v 14.0 48.0 3.6
v 13.4 48.0 16.0
v 14.0 47.6 16.0
v 14.0 48.0 15.4
v 14.0 47.3 17.0
v 14.0 48.2 4.0
v 14.0 48.5 5.0
v 14.0 49.0 5.7
v 14.0 48.6 12.0
v 14.0 49.0 11.5
v 14.0 48.5 13.0
v 14.0 48.4 14.0
v 14.0 48.3 15.0
v 14.0 49.2 6.0
v 14.0 49.4 7.0
v 14.0 49.5 8.0
v 14.0 49.5 9.0
v 14.0 49.5 10.0
v 14.0 49.4 11.0
v 14.0 34.0 17.0
v 14.1 35.0 15.0
v 14.5 35.0 16.0
v 14.5 35.0 17.0
v 14.4 35.0 18.0
v 14.5 35.0 19.0
v 14.6 35.0 20.0
v 15.0 35.0 20.6
v 15.0 34.8 21.0
v 15.0 34.8 22.0
v 14.6 35.0 22.0
v 15.0 35.0 22.8
v 14.4 36.0 14.0
v 15.0 36.0 14.6
v 15.0 35.7 15.0
v 15.0 35.5 16.0
v 15.0 35.6 17.0
v 15.0 36.0 17.7
v 14.8 36.0 18.0
v 15.0 36.0 18.3
v 15.0 35.6 19.0
v 15.0 35.4 20.0
v 15.0 35.1 23.0
v 14.4 36.0 23.0
v 15.0 36.0 24.0
v 15.0 36.0 24.0
v 15.0 36.0 24.0
v 14.4 37.0 13.0
v 15.0 37.0 13.6
v 15.0 36.6 14.0
v 15.0 36.2 18.0
v 15.0 37.0 24.2
v 14.5 38.0 12.0
v 15.0 38.0 12.6
v 15.0 37.6 13.0
v 14.6 38.0 24.0
v 15.0 37.4 24.0
v 15.0 38.0 23.6
v 14.3 39.0 10.0
v 14.6 39.0 11.0
v 15.0 39.0 11.5
v 15.0 38.6 12.0
v 14.7 39.0 24.0
v 15.0 39.0 23.6
v 14.4 39.0 25.0
v 14.0 39.0 26.0
v 14.2 40.0 6.0
v 14.4 40.0 7.0
v 14.4 40.0 8.0
v 14.6 40.0 9.0
v 15.0 40.0 9.6
v 15.0 39.7 10.0
v 15.0 39.4 11.0
v 15.0 39.5 24.0
v 15.0 40.0 24.4
v 14.5 40.0 25.0
v 14.4 41.0 6.0
v 14.6 41.0 7.0
v 14.7 41.0 8.0
v 15.0 41.0 8.5
v 15.0 40.5 9.0
v 14.4 41.0 25.0
v 15.0 41.0 24.3
v 14.4 42.0 3.0
v 14.5 42.0 4.0
v 14.5 42.0 5.0
v 14.6 42.0 6.0
v 15.0 42.0 6.6
v 15.0 41.7 7.0
v 15.0 41.4 8.0
v 14.6 42.0 24.0
v 15.0 41.4 24.0
v 15.0 42.0 23.5
v 15.0 43.0 0.8
v 15.0 42.8 1.0
v 15.0 42.5 2.0
v 15.0 42.5 3.0
v 15.0 42.5 4.0
v 15.0 42.6 5.0
v 15.0 43.0 5.8
v 14.9 43.0 6.0
v 15.0 43.0 6.2
v 14.7 43.0 23.0
v 15.0 42.5 23.0
v 15.0 43.0 22.6
v 14.2 43.0 24.0
v 15.0 43.4 1.0
v 14.6 44.0 1.0
v 15.0 44.0 1.3
v 15.0 43.1 6.0
v 14.3 44.0 23.0
v 15.0 44.0 22.3
v 14.3 45.0 1.0
v 15.0 45.0 1.6
v 14.6 45.0 20.0
v 15.0 44.6 20.0
v 15.0 45.0 19.4
v 14.3 45.0 21.0
v 15.0 44.4 21.0
v 15.0 44.2 22.0
v 14.5 46.0 2.0
v 15.0 45.5 2.0
v 15.0 46.0 2.6
v 14.5 46.0 18.0
v 15.0 45.6 18.0
v 15.0 46.0 17.5
v 15.0 45.3 19.0
v 14.4 47.0 3.0
v 15.0 46.4 3.0
v 14.7 47.0 4.0
v 15.0 46.7 4.0
v 15.0 47.0 4.5
v 14.6 47.0 16.0
v 15.0 46.6 16.0
v 15.0 47.0 15.5
v 14.3 47.0 17.0
v 15.0 46.4 17.0
v 14.3 48.0 4.0
v 15.0 47.4 5.0
v 14.5 48.0 5.0
v 14.7 48.0 6.0
v 15.0 47.7 6.0
v 15.0 48.0 6.4
v 14.6 48.0 14.0
v 15.0 47.6 14.0
v 15.0 48.0 13.4
v 14.3 48.0 15.0
v 15.0 47.3 15.0
v 14.2 49.0 6.0
v 15.0 48.5 7.0
v 14.6 49.0 7.0
v 15.0 49.0 7.6
v 15.0 48.6 12.0
v 15.0 49.0 11.3
v 15.0 48.3 13.0
v 15.0 49.3 8.0
v 15.0 49.4 9.0
v 15.0 49.4 10.0
v 15.0 49.2 11.0
v 15.2 35.0 21.0
v 15.2 35.0 22.0
v 15.3 36.0 15.0
v 15.4 36.0 16.0
v 15.3 36.0 17.0
v 15.3 36.0 19.0
v 15.4 36.0 20.0
v 15.5 36.0 21.0
v 15.5 36.0 22.0
v 15.4 36.0 23.0
v 15.0 36.0 24.0
v 15.3 37.0 14.0
v 15.5 37.0 15.0
v 15.5 37.0 16.0
v 15.5 37.0 17.0
v 15.5 37.0 18.0
v 15.5 37.0 19.0
v 15.5 37.0 20.0
v 15.5 37.0 21.0
v 15.5 37.0 22.0
v 15.5 37.0 23.0
v 15.2 37.0 24.0
v 15.3 38.0 13.0
v 15.5 38.0 14.0
v 15.5 38.0 15.0
v 15.5 38.0 16.0
v 15.7 38.0 17.0
v 16.0 38.0 17.7
v 16.0 37.8 18.0
v 16.0 38.0 18.3
v 15.7 38.0 19.0
v 15.5 38.0 20.0
v 15.5 38.0 21.0
v 15.5 38.0 22.0
v 15.4 38.0 23.0
v 15.3 39.0 12.0
v 15.5 39.0 13.0
v 15.5 39.0 14.0
v 15.5 39.0 15.0
v 15.6 39.0 16.0
v 16.0 39.0 16.6
v 16.0 38.5 17.0
v 16.0 38.7 19.0
v 16.0 39.0 19.2
v 15.6 39.0 20.0
v 15.5 39.0 21.0
v 15.5 39.0 22.0
v 15.4 39.0 23.0
v 15.3 40.0 10.0
v 15.4 40.0 11.0
v 15.5 40.0 12.0
v 15.5 40.0 13.0
v 15.6 40.0 14.0
v 15.6 40.0 15.0
v 15.7 40.0 16.0
v 16.0 40.0 16.4
v 15.7 40.0 19.0
v 16.0 39.4 19.0
v 16.0 40.0 18.6
v 15.6 40.0 20.0
v 15.5 40.0 21.0
v 15.5 40.0 22.0
v 15.5 40.0 23.0
v 15.3 40.0 24.0
v 15.3 41.0 9.0
v 15.6 41.0 10.0
v 15.6 41.0 11.0
v 15.5 41.0 12.0
v 15.6 41.0 13.0
v 16.0 41.0 13.9
v 16.0 40.9 14.0
v 16.0 40.6 15.0
v 16.0 40.4 16.0
v 15.7 41.0 19.0
v 16.0 41.0 18.6
v 15.9 41.0 20.0
v 15.6 41.0 21.0
v 15.5 41.0 22.0
v 15.5 41.0 23.0
v 15.3 41.0 24.0
v 15.3 42.0 7.0
v 15.4 42.0 8.0
v 15.6 42.0 9.0
v 16.0 42.0 9.9
v 16.0 41.9 10.0
v 16.0 41.8 11.0
v 16.0 42.0 11.2
v 15.7 42.0 12.0
v 15.6 42.0 13.0
v 16.0 41.2 14.0
v 15.7 42.0 14.0
v 15.9 42.0 15.0
v 16.0 41.8 15.0
v 16.0 42.0 15.1
v 15.6 42.0 19.0
v 16.0 42.0 18.5
v 15.6 42.0 20.0
v 15.5 42.0 21.0
v 15.5 42.0 22.0
v 15.3 42.0 23.0
v 15.8 43.0 1.0
v 16.0 43.0 1.2
v 16.0 42.8 2.0
v 15.6 43.0 3.0
v 16.0 43.0 2.4
v 15.5 43.0 4.0
v 15.4 43.0 5.0
v 15.4 43.0 7.0
v 15.6 43.0 8.0
v 15.6 43.0 9.0
v 16.0 42.2 10.0
v 15.7 43.0 10.0
v 15.7 43.0 11.0
v 16.0 42.3 11.0
v 16.0 43.0 11.5
v 16.0 42.5 12.0
v 16.0 42.5 13.0
v 16.0 42.4 14.0
v 16.0 42.1 15.0
v 15.6 43.0 19.0
v 16.0 43.0 18.5
v 15.5 43.0 20.0
v 15.5 43.0 21.0
v 15.4 43.0 22.0
v 16.0 44.0 1.7
v 16.0 43.4 3.0
v 16.0 43.5 4.0
v 16.0 43.7 5.0
v 15.7 44.0 6.0
v 16.0 44.0 5.5
v 15.7 44.0 7.0
v 16.0 44.0 7.5
v 16.0 43.6 8.0
v 16.0 43.5 9.0
v 16.0 43.5 10.0
v 16.0 44.0 10.7
v 15.8 44.0 11.0
v 16.0 44.0 11.3
v 15.6 44.0 19.0
v 16.0 44.0 18.4
v 15.4 44.0 20.0
v 15.4 44.0 21.0
v 15.2 44.0 22.0
v 16.0 44.4 2.0
v 15.5 45.0 2.0
v 16.0 45.0 2.6
v 16.0 44.4 6.0
v 16.0 44.4 7.0
v 16.0 44.3 11.0
v 16.0 45.0 11.7
v 15.8 45.0 12.0
v 16.0 44.7 12.0
v 15.6 45.0 13.0
v 16.0 44.5 13.0
v 15.6 45.0 14.0
v 16.0 44.5 14.0
v 15.6 45.0 15.0
v 16.0 44.5 15.0
v 15.7 45.0 16.0
v 16.0 44.6 16.0
v 16.0 45.0 16.7
v 15.6 45.0 18.0
v 16.0 44.4 18.0
v 16.0 45.0 17.3
v 15.3 45.0 19.0
v 15.4 46.0 3.0
v 16.0 45.4 3.0
v 15.6 46.0 4.0
v 16.0 45.6 4.0
v 16.0 46.0 4.5
v 16.0 45.3 12.0
v 16.0 46.0 12.4
v 15.6 46.0 13.0
v 15.5 46.0 14.0
v 15.5 46.0 15.0
v 15.4 46.0 16.0
v 16.0 45.2 17.0
v 15.3 46.0 17.0
v 15.4 47.0 5.0
v 16.0 46.3 5.0
v 15.6 47.0 6.0
v 16.0 46.6 6.0
v 16.0 47.0 6.5
v 15.6 47.0 13.0
v 16.0 47.0 12.5
v 15.4 47.0 14.0
v 15.3 47.0 15.0
v 15.5 48.0 7.0
v 16.0 47.4 7.0
v 16.0 48.0 7.6
v 15.3 48.0 13.0
v 16.0 48.0 12.3
v 15.3 49.0 8.0
v 16.0 48.3 8.0
v 15.5 49.0 9.0
v 16.0 48.5 9.0
v 15.5 49.0 10.0
v 16.0 48.5 10.0
v 15.3 49.0 11.0
v 16.0 48.4 11.0
v 16.0 48.2 12.0
v 16.2 38.0 18.0
v 16.3 39.0 17.0
v 16.4 39.0 18.0
v 16.2 39.0 19.0
v 16.4 40.0 17.0
v 16.4 40.0 18.0
v 16.1 41.0 14.0
v 16.3 41.0 15.0
v 16.4 41.0 16.0
v 16.5 41.0 17.0
v 16.4 41.0 18.0
v 16.1 42.0 10.0
v 16.1 42.0 11.0
v 16.4 42.0 16.0
v 16.5 42.0 17.0
v 16.4 42.0 18.0
v 16.2 43.0 2.0
v 16.3 43.0 12.0
v 16.4 43.0 13.0
v 16.4 43.0 14.0
v 16.4 43.0 15.0
v 16.5 43.0 16.0
v 16.5 43.0 17.0
v 16.4 43.0 18.0
v 16.3 44.0 2.0
v 16.8 44.0 3.0
v 16.5 44.0 4.0
v 16.3 44.0 5.0
v 16.3 44.0 8.0
v 16.4 44.0 9.0
v 16.3 44.0 10.0
v 16.3 44.0 12.0
v 16.4 44.0 13.0
v 16.4 44.0 14.0
v 16.4 44.0 15.0
v 16.4 44.0 16.0
v 16.5 44.0 17.0
v 16.3 44.0 18.0
v 16.3 45.0 3.0
v 16.4 45.0 4.0
v 16.5 45.0 5.0
v 16.4 45.0 6.0
v 16.4 45.0 7.0
v 16.5 45.0 8.0
v 16.5 45.0 9.0
v 16.5 45.0 10.0
v 16.3 45.0 11.0
v 16.1 45.0 17.0
v 16.3 46.0 5.0
v 16.4 46.0 6.0
v 16.5 46.0 7.0
v 16.5 46.0 8.0
v 16.5 46.0 9.0
v 16.5 46.0 10.0
v 16.5 46.0 11.0
v 16.3 46.0 12.0
v 16.3 47.0 7.0
v 16.5 47.0 8.0
v 16.5 47.0 9.0
v 16.5 47.0 10.0
v 16.5 47.0 11.0
v 16.4 47.0 12.0
v 16.3 48.0 8.0
v 16.4 48.0 9.0
v 16.4 48.0 10.0
v 16.4 48.0 11.0
v 16.2 48.0 12.0
f 3 2 1
f 1 4 3
f 1 2 5
f 5 2 6
f 4 1 7
f 7 1 5
f 5 6 8
f 8 6 9
f 7 5 10
f 10 5 8
f 9 11 8
f 8 11 10
f 14 13 12
f 12 15 14
f 18 17 16
f 18 16 13
f 16 12 13
f 16 19 12
f 15 12 20
f 12 21 20
f 12 19 21
f 23 22 21
f 21 22 20
f 23 24 22
f 17 25 16
f 16 25 19
f 19 25 26
f 28 27 26
f 27 19 26
f 27 21 19
f 21 29 23
f 21 27 29
f 24 23 30
f 30 23 29
f 28 31 27
f 27 31 29
f 29 31 32
f 29 32 30
f 35 34 33
f 37 36 33
f 33 36 35
f 39 38 37
f 37 38 36
f 39 40 38
f 33 34 41
f 41 34 42
f 33 43 37
f 33 41 43
f 43 2 3
f 39 43 3
f 37 43 39
f 3 4 39
f 4 40 39
f 4 44 40
f 42 45 41
f 41 45 43
f 43 45 46
f 2 43 46
f 47 2 46
f 6 2 47
f 7 49 48
f 44 7 48
f 4 7 44
f 49 50 48
f 47 9 6
f 51 9 47
f 10 52 49
f 10 49 7
f 50 49 53
f 49 54 53
f 49 52 54
f 56 55 54
f 54 55 53
f 58 57 56
f 56 57 55
f 60 59 58
f 58 59 57
f 62 61 60
f 60 61 59
f 62 63 61
f 51 64 9
f 9 64 11
f 11 64 10
f 64 65 10
f 65 52 10
f 65 64 66
f 52 67 54
f 52 65 67
f 54 68 56
f 54 67 68
f 56 69 58
f 56 68 69
f 58 70 60
f 58 69 70
f 60 71 62
f 60 70 71
f 63 62 72
f 62 73 72
f 62 71 73
f 75 74 73
f 73 74 72
f 75 76 74
f 66 77 65
f 65 77 67
f 67 77 78
f 80 79 78
f 79 67 78
f 79 68 67
f 68 81 69
f 68 79 81
f 69 82 70
f 69 81 82
f 70 83 71
f 70 82 83
f 71 84 73
f 71 83 84
f 73 85 75
f 73 84 85
f 76 75 86
f 86 75 85
f 80 87 79
f 79 87 81
f 81 87 88
f 90 89 88
f 89 81 88
f 89 82 81
f 82 91 83
f 82 89 91
f 83 92 84
f 83 91 92
f 84 93 85
f 84 92 93
f 86 85 94
f 85 95 94
f 85 93 95
f 97 96 95
f 95 96 94
f 99 98 97
f 97 98 96
f 101 100 99
f 99 100 98
f 101 102 100
f 90 103 89
f 105 104 103
f 104 89 103
f 104 91 89
f 91 106 92
f 91 104 106
f 92 107 93
f 92 106 107
f 93 108 95
f 93 107 108
f 95 109 97
f 95 108 109
f 97 110 99
f 97 109 110
f 99 111 101
f 99 110 111
f 102 101 112
f 112 101 111
f 105 113 104
f 115 114 113
f 114 104 113
f 114 106 104
f 106 116 107
f 106 114 116
f 118 108 117
f 108 116 117
f 108 107 116
f 119 13 14
f 108 119 14
f 109 108 14
f 118 119 108
f 109 14 15
f 120 109 15
f 110 109 120
f 110 121 111
f 110 120 121
f 112 111 122
f 111 123 122
f 111 121 123
f 125 124 123
f 123 124 122
f 127 126 125
f 125 126 124
f 129 128 127
f 127 128 126
f 131 130 129
f 129 130 128
f 131 132 130
f 114 115 133
f 133 115 134
f 114 135 116
f 114 133 135
f 18 136 17
f 136 116 17
f 116 135 17
f 116 136 117
f 18 13 119
f 18 119 136
f 20 120 15
f 120 20 22
f 120 22 121
f 121 22 24
f 137 121 24
f 123 121 137
f 139 125 138
f 125 137 138
f 125 123 137
f 125 139 127
f 127 139 140
f 127 140 129
f 129 140 141
f 129 141 131
f 131 141 142
f 131 142 132
f 134 143 133
f 133 143 135
f 135 143 144
f 135 144 17
f 144 25 17
f 144 145 25
f 25 146 26
f 145 146 25
f 28 26 146
f 28 146 147
f 149 148 137
f 24 149 137
f 30 149 24
f 137 148 138
f 31 28 150
f 28 151 150
f 28 147 151
f 152 32 31
f 152 31 150
f 152 153 32
f 153 30 32
f 153 149 30
f 151 154 150
f 150 154 152
f 152 154 155
f 152 155 153
f 158 157 156
f 160 159 156
f 156 159 158
f 160 161 159
f 156 157 162
f 162 157 163
f 156 164 160
f 156 162 164
f 161 160 165
f 160 166 165
f 160 164 166
f 166 167 165
f 162 163 35
f 163 34 35
f 163 168 34
f 162 35 36
f 162 36 164
f 164 36 38
f 164 38 166
f 38 40 166
f 40 167 166
f 40 169 167
f 168 42 34
f 170 42 168
f 44 172 171
f 169 44 171
f 40 44 169
f 174 173 172
f 172 173 171
f 176 175 174
f 174 175 173
f 176 177 175
f 170 178 42
f 42 178 45
f 45 179 46
f 178 179 45
f 47 46 179
f 47 179 180
f 48 172 44
f 172 48 50
f 181 172 50
f 174 172 181
f 174 182 176
f 174 181 182
f 177 176 183
f 176 184 183
f 176 182 184
f 184 185 183
f 180 51 47
f 186 51 180
f 53 181 50
f 181 53 55
f 181 55 182
f 182 55 57
f 182 57 184
f 187 185 184
f 57 187 184
f 59 187 57
f 188 59 61
f 188 187 59
f 190 189 63
f 189 61 63
f 189 188 61
f 190 191 189
f 186 192 51
f 51 192 64
f 194 193 66
f 64 194 66
f 192 194 64
f 195 193 194
f 72 190 63
f 196 191 190
f 72 196 190
f 74 196 72
f 74 76 196
f 196 76 197
f 193 77 66
f 195 198 193
f 198 77 193
f 198 78 77
f 80 78 198
f 80 198 199
f 86 201 200
f 197 86 200
f 76 86 197
f 203 202 201
f 201 202 200
f 205 204 203
f 203 204 202
f 207 206 205
f 205 206 204
f 207 208 206
f 211 210 209
f 213 212 209
f 209 212 211
f 213 214 212
f 199 215 80
f 80 215 87
f 215 217 216
f 88 215 216
f 87 215 88
f 216 90 88
f 94 201 86
f 201 94 96
f 201 96 203
f 203 96 98
f 203 98 205
f 205 98 100
f 205 100 207
f 219 218 102
f 102 218 100
f 218 208 100
f 208 207 100
f 219 220 218
f 209 210 221
f 221 210 222
f 224 213 223
f 213 221 223
f 213 209 221
f 213 224 214
f 227 226 225
f 229 228 225
f 225 228 227
f 231 230 229
f 229 230 228
f 233 232 231
f 231 232 230
f 233 234 232
f 217 235 216
f 235 237 236
f 235 236 103
f 216 235 103
f 90 216 103
f 236 105 103
f 112 238 219
f 112 219 102
f 220 219 239
f 219 240 239
f 219 238 240
f 242 241 240
f 240 241 239
f 244 243 242
f 242 243 241
f 246 245 244
f 244 245 243
f 245 246 222
f 246 221 222
f 246 247 221
f 223 221 248
f 221 249 248
f 221 247 249
f 251 250 249
f 249 250 248
f 250 251 226
f 251 225 226
f 251 252 225
f 225 253 229
f 225 252 253
f 229 254 231
f 229 253 254
f 231 255 233
f 231 254 255
f 234 233 256
f 256 233 255
f 237 257 236
f 257 259 258
f 257 258 113
f 236 257 113
f 105 236 113
f 258 115 113
f 117 260 118
f 260 119 118
f 122 238 112
f 238 122 124
f 238 124 240
f 240 124 126
f 240 126 242
f 242 126 128
f 242 128 244
f 244 128 130
f 244 130 246
f 246 130 132
f 261 246 132
f 247 246 261
f 247 262 249
f 247 261 262
f 249 263 251
f 249 262 263
f 251 264 252
f 251 263 264
f 252 265 253
f 252 264 265
f 253 266 254
f 253 265 266
f 254 267 255
f 254 266 267
f 256 255 268
f 268 255 267
f 258 259 269
f 269 259 270
f 269 134 115
f 269 115 258
f 136 260 117
f 260 136 119
f 138 271 139
f 272 140 139
f 272 139 271
f 140 272 273
f 274 140 273
f 141 140 274
f 141 275 142
f 274 275 141
f 142 275 132
f 275 276 132
f 276 261 132
f 276 275 277
f 261 278 262
f 261 276 278
f 280 263 279
f 263 278 279
f 263 262 278
f 263 280 264
f 264 280 281
f 264 281 265
f 265 281 282
f 265 282 266
f 266 282 283
f 266 283 267
f 267 283 284
f 267 284 268
f 270 285 269
f 269 285 134
f 285 143 134
f 285 286 143
f 143 287 144
f 286 287 143
f 144 288 145
f 287 288 144
f 145 289 146
f 288 289 145
f 147 146 289
f 147 289 290
f 149 291 148
f 271 138 148
f 291 271 148
f 292 271 291
f 294 272 293
f 272 292 293
f 272 271 292
f 272 294 273
f 277 295 276
f 276 295 278
f 278 295 296
f 278 296 279
f 298 151 297
f 151 290 297
f 151 147 290
f 299 298 297
f 301 300 291
f 149 301 291
f 153 301 149
f 291 300 292
f 292 300 302
f 292 302 293
f 298 154 151
f 299 303 298
f 303 154 298
f 303 155 154
f 153 155 301
f 301 155 303
f 305 304 158
f 158 304 157
f 306 158 159
f 306 305 158
f 159 161 306
f 306 161 307
f 310 309 308
f 304 310 308
f 163 304 308
f 157 304 163
f 311 307 161
f 311 161 165
f 165 167 311
f 311 167 312
f 308 309 313
f 313 309 314
f 313 168 163
f 313 163 308
f 169 316 315
f 312 169 315
f 167 169 312
f 316 317 315
f 314 318 313
f 168 313 318
f 319 168 318
f 170 168 319
f 171 316 169
f 320 317 316
f 171 320 316
f 173 320 171
f 321 173 175
f 321 320 173
f 323 322 177
f 322 175 177
f 322 321 175
f 323 324 322
f 319 325 170
f 170 325 178
f 325 327 326
f 179 325 326
f 178 325 179
f 326 180 179
f 183 323 177
f 329 328 185
f 185 328 183
f 328 324 183
f 324 323 183
f 331 330 329
f 329 330 328
f 331 332 330
f 327 333 326
f 186 180 326
f 334 186 326
f 333 334 326
f 186 334 335
f 337 336 335
f 337 335 334
f 338 336 337
f 187 329 185
f 329 187 188
f 329 188 331
f 339 332 331
f 188 339 331
f 189 339 188
f 341 340 191
f 340 189 191
f 340 339 189
f 343 342 341
f 341 342 340
f 343 344 342
f 335 192 186
f 192 335 194
f 194 335 336
f 195 194 336
f 338 195 336
f 345 195 338
f 196 341 191
f 341 196 197
f 346 341 197
f 343 341 346
f 344 343 347
f 347 343 346
f 350 349 348
f 352 351 348
f 348 351 350
f 354 353 352
f 352 353 351
f 356 355 354
f 354 355 353
f 358 357 356
f 356 357 355
f 358 359 357
f 362 361 360
f 360 363 362
f 345 364 195
f 195 364 198
f 199 198 364
f 199 364 365
f 200 346 197
f 366 347 346
f 200 366 346
f 202 366 200
f 367 202 204
f 367 366 202
f 368 204 206
f 368 367 204
f 370 369 208
f 369 206 208
f 369 368 206
f 372 371 370
f 370 371 369
f 374 373 372
f 372 373 371
f 373 374 349
f 374 348 349
f 374 375 348
f 348 376 352
f 348 375 376
f 376 210 211
f 354 376 211
f 352 376 354
f 354 211 212
f 354 212 356
f 356 212 214
f 377 356 214
f 358 356 377
f 359 358 378
f 358 379 378
f 358 377 379
f 381 380 379
f 379 380 378
f 380 381 361
f 381 360 361
f 381 382 360
f 363 360 383
f 383 360 382
f 365 384 199
f 199 384 215
f 217 215 384
f 217 384 385
f 218 370 208
f 370 218 220
f 386 370 220
f 372 370 386
f 372 387 374
f 372 386 387
f 374 388 375
f 374 387 388
f 375 389 376
f 375 388 389
f 389 222 210
f 389 210 376
f 223 390 224
f 377 214 224
f 390 377 224
f 391 377 390
f 391 226 227
f 379 391 227
f 377 391 379
f 379 227 228
f 379 228 381
f 381 228 230
f 381 230 382
f 392 383 382
f 230 392 382
f 232 392 230
f 394 393 234
f 393 232 234
f 393 392 232
f 396 395 394
f 394 395 393
f 398 397 396
f 396 397 395
f 400 399 398
f 398 399 397
f 400 401 399
f 385 402 217
f 217 402 235
f 237 235 402
f 237 402 403
f 239 386 220
f 386 239 241
f 386 241 387
f 387 241 243
f 387 243 388
f 388 243 245
f 388 245 389
f 389 245 222
f 248 390 223
f 390 248 250
f 390 250 391
f 391 250 226
f 256 404 394
f 256 394 234
f 394 405 396
f 394 404 405
f 407 398 406
f 398 405 406
f 398 396 405
f 398 407 400
f 400 407 408
f 400 408 401
f 257 237 409
f 237 410 409
f 237 403 410
f 409 259 257
f 268 411 404
f 268 404 256
f 413 405 412
f 405 411 412
f 405 404 411
f 405 413 406
f 409 410 414
f 414 410 415
f 414 270 259
f 414 259 409
f 273 416 274
f 274 416 417
f 418 274 417
f 275 274 418
f 277 275 418
f 277 418 419
f 421 420 280
f 421 280 279
f 280 422 281
f 420 422 280
f 281 423 282
f 422 423 281
f 282 424 283
f 423 424 282
f 283 425 284
f 424 425 283
f 268 284 411
f 284 426 411
f 284 425 426
f 411 426 412
f 415 427 414
f 414 427 270
f 427 285 270
f 427 428 285
f 285 429 286
f 428 429 285
f 286 430 287
f 429 430 286
f 287 431 288
f 430 431 287
f 288 432 289
f 431 432 288
f 290 289 432
f 290 432 433
f 293 434 294
f 416 273 294
f 434 416 294
f 435 416 434
f 417 416 436
f 436 416 435
f 419 437 277
f 277 437 295
f 295 438 296
f 437 438 295
f 279 296 421
f 421 296 438
f 433 439 290
f 290 439 297
f 299 297 439
f 299 439 440
f 442 441 300
f 442 300 301
f 300 443 302
f 441 443 300
f 293 302 434
f 302 444 434
f 302 443 444
f 434 444 435
f 435 444 445
f 435 445 436
f 440 446 299
f 299 446 303
f 301 303 442
f 442 303 446
f 448 447 305
f 305 447 304
f 449 305 306
f 449 448 305
f 306 307 449
f 449 307 450
f 452 451 310
f 310 451 309
f 310 304 447
f 310 447 452
f 453 450 307
f 453 307 311
f 311 312 453
f 453 312 454
f 457 456 455
f 455 458 457
f 460 314 459
f 314 451 459
f 314 309 451
f 461 460 459
f 462 454 312
f 462 312 315
f 464 463 317
f 463 315 317
f 463 462 315
f 466 465 464
f 464 465 463
f 466 467 465
f 470 469 468
f 470 468 456
f 468 455 456
f 468 471 455
f 458 455 472
f 455 473 472
f 455 471 473
f 475 474 473
f 473 474 472
f 477 476 475
f 475 476 474
f 477 478 476
f 460 318 314
f 319 318 460
f 461 319 460
f 479 319 461
f 320 464 317
f 464 320 321
f 464 321 466
f 480 467 466
f 321 480 466
f 322 480 321
f 482 481 324
f 481 322 324
f 481 480 322
f 482 483 481
f 486 485 484
f 488 487 484
f 484 487 486
f 487 488 469
f 488 468 469
f 488 489 468
f 468 490 471
f 468 489 490
f 471 491 473
f 471 490 491
f 473 492 475
f 473 491 492
f 475 493 477
f 475 492 493
f 478 477 494
f 494 477 493
f 479 495 319
f 319 495 325
f 327 325 495
f 327 495 496
f 328 482 324
f 497 483 482
f 328 497 482
f 330 497 328
f 499 498 332
f 498 330 332
f 498 497 330
f 499 500 498
f 503 502 501
f 501 504 503
f 484 485 505
f 505 485 506
f 484 507 488
f 484 505 507
f 488 508 489
f 488 507 508
f 489 509 490
f 489 508 509
f 490 510 491
f 490 509 510
f 491 511 492
f 491 510 511
f 513 493 512
f 493 511 512
f 493 492 511
f 493 513 494
f 496 514 327
f 327 514 333
f 333 515 334
f 514 515 333
f 334 516 337
f 515 516 334
f 338 337 516
f 338 516 517
f 339 499 332
f 518 500 499
f 339 518 499
f 340 518 339
f 520 518 519
f 518 342 519
f 518 340 342
f 344 519 342
f 523 522 521
f 525 524 521
f 521 524 523
f 527 526 525
f 525 526 524
f 529 528 527
f 527 528 526
f 531 530 529
f 529 530 528
f 530 531 502
f 531 501 502
f 531 532 501
f 504 501 533
f 501 534 533
f 501 532 534
f 536 535 534
f 534 535 533
f 536 537 535
f 540 539 538
f 540 538 506
f 538 505 506
f 538 541 505
f 505 542 507
f 505 541 542
f 507 543 508
f 507 542 543
f 545 509 544
f 509 543 544
f 509 508 543
f 509 545 510
f 510 545 546
f 548 547 546
f 547 510 546
f 547 511 510
f 512 511 549
f 549 511 547
f 551 345 550
f 345 517 550
f 345 338 517
f 552 551 550
f 553 520 519
f 344 347 519
f 347 554 519
f 554 553 519
f 554 347 555
f 557 556 555
f 555 556 554
f 559 558 557
f 557 558 556
f 559 560 558
f 563 562 561
f 563 561 522
f 522 561 521
f 561 349 521
f 349 350 521
f 521 350 351
f 521 351 525
f 525 351 353
f 525 353 527
f 527 353 355
f 527 355 529
f 529 355 357
f 529 357 531
f 531 357 359
f 564 531 359
f 532 531 564
f 532 565 534
f 532 564 565
f 565 361 362
f 536 565 362
f 534 565 536
f 567 566 363
f 363 566 362
f 566 537 362
f 537 536 362
f 566 567 539
f 567 538 539
f 567 568 538
f 538 569 541
f 538 568 569
f 541 570 542
f 541 569 570
f 542 571 543
f 542 570 571
f 544 543 572
f 572 543 571
f 548 573 547
f 547 573 549
f 551 364 345
f 365 364 551
f 552 365 551
f 574 365 552
f 366 555 347
f 555 366 367
f 555 367 557
f 557 367 368
f 557 368 559
f 575 560 559
f 368 575 559
f 369 575 368
f 577 575 576
f 575 371 576
f 575 369 371
f 562 578 561
f 578 371 561
f 371 373 561
f 371 578 576
f 561 373 349
f 378 564 359
f 564 378 380
f 564 380 565
f 565 380 361
f 383 579 567
f 383 567 363
f 567 580 568
f 567 579 580
f 568 581 569
f 568 580 581
f 569 582 570
f 569 581 582
f 570 583 571
f 570 582 583
f 572 571 584
f 571 585 584
f 571 583 585
f 585 586 584
f 574 587 365
f 365 587 384
f 385 384 587
f 385 587 588
f 589 577 576
f 589 576 578
f 392 579 383
f 579 392 393
f 579 393 580
f 580 393 395
f 580 395 581
f 581 395 397
f 581 397 582
f 582 397 399
f 582 399 583
f 583 399 401
f 590 583 401
f 585 583 590
f 586 585 591
f 591 585 590
f 402 385 592
f 385 593 592
f 385 588 593
f 592 403 402
f 406 594 407
f 595 408 407
f 595 407 594
f 590 401 408
f 595 590 408
f 596 590 595
f 591 590 597
f 597 590 596
f 593 598 592
f 403 592 598
f 599 403 598
f 410 403 599
f 412 600 413
f 594 406 413
f 600 594 413
f 601 594 600
f 603 595 602
f 595 601 602
f 595 594 601
f 595 603 596
f 596 603 604
f 596 604 597
f 606 415 605
f 415 599 605
f 415 410 599
f 607 606 605
f 417 608 418
f 608 419 418
f 421 609 420
f 610 422 420
f 610 420 609
f 422 610 611
f 612 422 611
f 423 422 612
f 423 613 424
f 612 613 423
f 424 614 425
f 613 614 424
f 425 615 426
f 614 615 425
f 412 426 600
f 426 616 600
f 426 615 616
f 600 616 601
f 601 616 617
f 601 617 602
f 606 427 415
f 607 618 606
f 618 427 606
f 618 428 427
f 428 619 429
f 618 619 428
f 429 620 430
f 619 620 429
f 430 621 431
f 620 621 430
f 431 622 432
f 621 622 431
f 433 432 622
f 433 622 623
f 436 624 608
f 436 608 417
f 625 437 419
f 608 625 419
f 624 625 608
f 437 625 626
f 627 437 626
f 438 437 627
f 421 438 609
f 438 628 609
f 438 627 628
f 609 628 610
f 610 628 629
f 610 629 611
f 623 630 433
f 433 630 439
f 632 631 440
f 439 632 440
f 630 632 439
f 441 442 631
f 632 441 631
f 633 441 632
f 441 634 443
f 633 634 441
f 443 635 444
f 634 635 443
f 444 636 445
f 635 636 444
f 436 445 624
f 445 637 624
f 445 636 637
f 624 637 625
f 625 637 638
f 625 638 626
f 631 446 440
f 446 631 442
f 640 639 448
f 448 639 447
f 642 640 641
f 640 449 641
f 640 448 449
f 450 641 449
f 643 451 452
f 644 643 452
f 447 644 452
f 639 644 447
f 645 642 641
f 647 645 646
f 646 645 453
f 645 641 453
f 641 450 453
f 454 646 453
f 650 649 648
f 652 651 648
f 648 651 650
f 456 457 652
f 457 651 652
f 457 653 651
f 655 654 458
f 654 457 458
f 654 653 457
f 655 656 654
f 643 459 451
f 461 459 643
f 644 461 643
f 657 461 644
f 658 647 646
f 658 646 454
f 462 658 454
f 659 658 462
f 660 462 463
f 660 659 462
f 661 463 465
f 661 660 463
f 663 662 467
f 662 465 467
f 662 661 465
f 663 664 662
f 667 666 665
f 667 665 649
f 665 648 649
f 665 668 648
f 668 469 470
f 652 668 470
f 648 668 652
f 652 470 456
f 472 655 458
f 669 656 655
f 472 669 655
f 474 669 472
f 670 474 476
f 670 669 474
f 672 671 478
f 671 476 478
f 671 670 476
f 672 673 671
f 657 479 461
f 674 479 657
f 480 663 467
f 675 664 663
f 480 675 663
f 481 675 480
f 677 676 483
f 676 481 483
f 676 675 481
f 677 678 676
f 681 680 679
f 681 679 666
f 666 679 665
f 679 485 665
f 485 486 665
f 665 486 487
f 665 487 668
f 668 487 469
f 494 682 672
f 494 672 478
f 673 672 683
f 683 672 682
f 674 684 479
f 479 684 495
f 686 685 496
f 495 686 496
f 684 686 495
f 688 687 685
f 688 685 686
f 689 687 688
f 497 677 483
f 690 678 677
f 497 690 677
f 498 690 497
f 692 691 500
f 691 498 500
f 691 690 498
f 692 693 691
f 696 695 694
f 698 697 694
f 694 697 696
f 700 699 698
f 698 699 697
f 502 503 700
f 503 699 700
f 503 701 699
f 703 702 504
f 702 503 504
f 702 701 503
f 703 704 702
f 707 706 705
f 707 705 680
f 705 679 680
f 705 708 679
f 708 506 485
f 708 485 679
f 512 709 513
f 709 710 513
f 513 710 494
f 710 711 494
f 711 682 494
f 682 711 683
f 685 514 496
f 514 685 515
f 515 685 687
f 689 712 687
f 712 515 687
f 712 516 515
f 517 516 712
f 517 712 713
f 518 692 500
f 518 520 692
f 520 693 692
f 520 714 693
f 715 522 523
f 715 523 716
f 523 717 716
f 523 524 717
f 526 694 695
f 717 526 695
f 524 526 717
f 694 526 528
f 694 528 698
f 698 528 530
f 698 530 700
f 700 530 502
f 533 703 504
f 718 704 703
f 533 718 703
f 535 718 533
f 719 705 537
f 705 718 537
f 718 535 537
f 705 706 718
f 719 539 540
f 708 719 540
f 705 719 708
f 708 540 506
f 544 720 545
f 721 546 545
f 721 545 720
f 721 548 546
f 723 722 709
f 512 723 709
f 549 723 512
f 709 722 710
f 713 724 517
f 517 724 550
f 552 550 724
f 552 724 725
f 726 714 520
f 726 520 553
f 727 553 554
f 727 726 553
f 728 554 556
f 728 727 554
f 729 556 558
f 729 728 556
f 558 560 729
f 729 560 730
f 731 562 563
f 522 715 563
f 715 731 563
f 715 732 731
f 715 716 733
f 715 733 732
f 566 719 537
f 719 566 539
f 572 734 720
f 572 720 544
f 720 735 721
f 720 734 735
f 721 735 548
f 735 736 548
f 736 573 548
f 735 737 736
f 549 573 723
f 723 573 736
f 725 574 552
f 738 574 725
f 739 730 560
f 739 560 575
f 575 577 739
f 739 577 740
f 742 741 731
f 741 562 731
f 741 578 562
f 742 731 732
f 742 732 743
f 743 732 733
f 584 734 572
f 734 584 586
f 744 734 586
f 735 734 744
f 737 735 745
f 745 735 744
f 587 574 746
f 574 747 746
f 574 738 747
f 746 588 587
f 748 740 577
f 748 577 589
f 589 578 741
f 589 741 748
f 750 749 744
f 586 750 744
f 591 750 586
f 744 749 745
f 747 751 746
f 588 746 751
f 752 588 751
f 593 588 752
f 597 750 591
f 597 753 750
f 752 754 593
f 593 754 598
f 599 598 754
f 599 754 755
f 602 756 603
f 603 756 757
f 758 603 757
f 604 603 758
f 597 604 753
f 753 604 758
f 755 759 599
f 599 759 605
f 761 760 607
f 605 761 607
f 759 761 605
f 763 762 760
f 763 760 761
f 764 762 763
f 766 765 612
f 766 612 611
f 612 767 613
f 765 767 612
f 613 768 614
f 767 768 613
f 614 769 615
f 768 769 614
f 769 771 770
f 616 769 770
f 615 769 616
f 616 770 772
f 773 616 772
f 617 616 773
f 602 617 756
f 617 774 756
f 617 773 774
f 756 774 757
f 760 618 607
f 618 760 619
f 619 760 762
f 764 775 762
f 775 619 762
f 775 620 619
f 620 776 621
f 775 776 620
f 621 777 622
f 776 777 621
f 623 622 777
f 623 777 778
f 781 780 779
f 783 782 779
f 783 779 780
f 627 626 782
f 783 627 782
f 784 627 783
f 627 785 628
f 784 785 627
f 628 786 629
f 785 786 628
f 611 629 766
f 766 629 786
f 771 787 770
f 770 787 772
f 778 788 623
f 623 788 630
f 630 789 632
f 788 789 630
f 632 790 633
f 789 790 632
f 633 791 634
f 790 791 633
f 634 792 635
f 791 792 634
f 635 793 636
f 792 793 635
f 779 637 781
f 637 793 781
f 637 636 793
f 637 779 638
f 638 779 782
f 638 782 626
f 794 639 640
f 642 794 640
f 795 644 794
f 794 644 639
f 795 794 642
f 796 795 642
f 645 796 642
f 797 795 796
f 799 798 647
f 798 645 647
f 798 796 645
f 801 800 799
f 799 800 798
f 803 802 801
f 801 802 800
f 805 804 803
f 803 804 802
f 807 806 805
f 805 806 804
f 807 808 806
f 811 810 809
f 649 650 809
f 650 811 809
f 650 812 811
f 813 650 651
f 813 812 650
f 814 651 653
f 814 813 651
f 815 653 654
f 815 814 653
f 654 656 815
f 815 656 816
f 817 657 795
f 795 657 644
f 795 797 818
f 795 818 817
f 658 799 647
f 799 658 659
f 799 659 801
f 801 659 660
f 801 660 803
f 803 660 661
f 803 661 805
f 805 661 662
f 805 662 807
f 820 819 664
f 664 819 662
f 819 808 662
f 808 807 662
f 820 821 819
f 824 823 822
f 822 825 824
f 828 827 826
f 828 826 810
f 810 826 809
f 826 666 809
f 666 667 809
f 809 667 649
f 829 816 656
f 829 656 669
f 830 669 670
f 830 829 669
f 831 670 671
f 831 830 670
f 671 673 831
f 831 673 832
f 833 674 817
f 817 674 657
f 817 818 834
f 817 834 833
f 675 820 664
f 835 821 820
f 675 835 820
f 676 835 675
f 676 678 835
f 835 678 836
f 839 838 837
f 839 837 823
f 837 822 823
f 837 840 822
f 825 822 841
f 822 842 841
f 822 840 842
f 844 843 842
f 842 843 841
f 846 845 844
f 844 845 843
f 846 847 845
f 850 849 848
f 852 851 848
f 848 851 850
f 851 852 827
f 827 852 826
f 852 680 826
f 680 681 826
f 826 681 666
f 683 832 673
f 683 853 832
f 833 684 674
f 834 854 833
f 854 684 833
f 854 686 684
f 686 855 688
f 854 855 686
f 689 688 855
f 689 855 856
f 857 836 678
f 857 678 690
f 859 857 858
f 857 691 858
f 857 690 691
f 693 858 691
f 837 838 860
f 860 838 861
f 860 695 696
f 840 860 696
f 837 860 840
f 840 696 697
f 840 697 842
f 842 697 699
f 842 699 844
f 844 699 701
f 844 701 846
f 862 847 846
f 701 862 846
f 702 862 701
f 863 848 704
f 848 862 704
f 862 702 704
f 848 849 862
f 863 706 707
f 852 863 707
f 848 863 852
f 852 707 680
f 865 864 711
f 865 711 710
f 683 711 853
f 853 711 864
f 856 866 689
f 689 866 712
f 713 712 866
f 713 866 867
f 868 859 858
f 858 693 868
f 693 869 868
f 693 714 869
f 872 871 870
f 872 870 861
f 861 870 860
f 870 716 860
f 716 717 860
f 860 717 695
f 718 863 704
f 863 718 706
f 874 873 722
f 874 722 723
f 710 722 865
f 865 722 873
f 867 875 713
f 713 875 724
f 725 724 875
f 725 875 876
f 877 869 714
f 877 714 726
f 878 726 727
f 878 877 726
f 879 727 728
f 879 878 727
f 881 879 880
f 879 729 880
f 879 728 729
f 730 880 729
f 871 882 870
f 716 870 882
f 883 716 882
f 733 716 883
f 737 884 736
f 884 885 736
f 885 723 736
f 885 874 723
f 887 738 886
f 738 876 886
f 738 725 876
f 888 887 886
f 889 881 880
f 889 880 730
f 739 889 730
f 890 889 739
f 892 891 740
f 891 739 740
f 891 890 739
f 741 742 892
f 742 891 892
f 742 893 891
f 894 742 743
f 894 893 742
f 743 733 883
f 743 883 894
f 896 895 884
f 737 896 884
f 745 896 737
f 884 895 885
f 897 747 887
f 887 747 738
f 887 888 898
f 887 898 897
f 748 892 740
f 892 748 741
f 900 899 749
f 900 749 750
f 745 749 896
f 896 749 899
f 897 751 747
f 752 751 897
f 898 752 897
f 901 752 898
f 753 900 750
f 753 902 900
f 901 903 752
f 752 903 754
f 755 754 903
f 755 903 904
f 906 905 758
f 906 758 757
f 753 758 902
f 902 758 905
f 904 907 755
f 755 907 759
f 759 908 761
f 907 908 759
f 761 909 763
f 908 909 761
f 911 910 764
f 763 911 764
f 909 911 763
f 912 910 911
f 914 913 765
f 914 765 766
f 765 915 767
f 913 915 765
f 915 917 916
f 768 915 916
f 767 915 768
f 918 769 768
f 918 768 916
f 918 771 769
f 920 919 773
f 920 773 772
f 773 921 774
f 919 921 773
f 757 774 906
f 906 774 921
f 910 775 764
f 912 922 910
f 922 775 910
f 922 776 775
f 776 923 777
f 922 923 776
f 778 777 923
f 778 923 924
f 781 925 780
f 780 925 926
f 927 780 926
f 783 780 927
f 783 928 784
f 927 928 783
f 784 929 785
f 928 929 784
f 785 930 786
f 929 930 785
f 766 786 914
f 914 786 930
f 917 931 916
f 916 931 918
f 918 931 932
f 918 932 771
f 932 787 771
f 932 933 787
f 772 787 920
f 920 787 933
f 924 934 778
f 778 934 788
f 788 935 789
f 934 935 788
f 789 936 790
f 935 936 789
f 790 937 791
f 936 937 790
f 791 938 792
f 937 938 791
f 792 939 793
f 938 939 792
f 781 793 925
f 793 940 925
f 793 939 940
f 925 940 926
f 943 942 941
f 941 944 943
f 947 946 945
f 949 948 945
f 945 948 947
f 949 950 948
f 952 951 796
f 796 951 797
f 953 796 798
f 953 952 796
f 800 941 942
f 953 800 942
f 798 800 953
f 954 944 941
f 800 954 941
f 802 954 800
f 955 802 804
f 955 954 802
f 957 955 956
f 955 806 956
f 955 804 806
f 808 956 806
f 959 958 811
f 811 958 810
f 960 811 812
f 960 959 811
f 813 945 946
f 960 813 946
f 812 813 960
f 945 813 814
f 945 814 949
f 961 950 949
f 814 961 949
f 815 961 814
f 815 816 961
f 961 816 962
f 951 818 797
f 963 818 951
f 964 957 956
f 966 964 965
f 965 964 819
f 964 956 819
f 956 808 819
f 821 965 819
f 968 967 824
f 824 967 823
f 824 825 968
f 968 825 969
f 972 971 970
f 974 973 970
f 970 973 972
f 976 975 974
f 974 975 973
f 978 977 976
f 976 977 975
f 827 828 978
f 828 977 978
f 828 979 977
f 828 810 958
f 828 958 979
f 980 962 816
f 980 816 829
f 981 829 830
f 981 980 829
f 982 830 831
f 982 981 830
f 831 832 982
f 982 832 983
f 985 834 984
f 834 963 984
f 834 818 963
f 987 986 985
f 987 985 984
f 989 988 986
f 989 986 987
f 991 990 988
f 991 988 989
f 993 992 990
f 993 990 991
f 995 994 992
f 995 992 993
f 994 995 966
f 965 994 966
f 996 994 965
f 835 997 821
f 997 965 821
f 997 996 965
f 836 997 835
f 999 998 839
f 839 998 838
f 839 823 967
f 839 967 999
f 1000 969 825
f 1000 825 841
f 1001 841 843
f 1001 1000 841
f 845 970 971
f 1001 845 971
f 843 845 1001
f 970 845 847
f 1002 970 847
f 974 970 1002
f 1002 849 850
f 976 1002 850
f 974 1002 976
f 976 850 851
f 976 851 978
f 978 851 827
f 853 1004 1003
f 983 853 1003
f 832 853 983
f 1004 1005 1003
f 985 854 834
f 854 985 855
f 855 985 986
f 855 986 856
f 986 1006 856
f 986 988 1006
f 1007 988 990
f 1006 988 1007
f 1008 990 992
f 1007 990 1008
f 1009 992 994
f 1008 992 1009
f 1010 994 996
f 1009 994 1010
f 997 1012 1011
f 1010 997 1011
f 996 997 1010
f 1012 997 836
f 857 1012 836
f 1013 1012 857
f 857 859 1013
f 1013 859 1014
f 1017 1016 1015
f 998 1017 1015
f 861 998 1015
f 838 998 861
f 862 1002 847
f 1002 862 849
f 865 1018 864
f 1018 1019 864
f 864 1019 853
f 1019 1020 853
f 1020 1004 853
f 1004 1020 1005
f 1006 866 856
f 866 1006 867
f 1006 1021 867
f 1006 1007 1021
f 1008 1023 1022
f 1021 1008 1022
f 1007 1008 1021
f 1023 1008 1009
f 1023 1009 1024
f 1024 1009 1010
f 1024 1010 1025
f 1025 1010 1011
f 1026 1014 859
f 1026 859 868
f 1028 1027 869
f 1027 868 869
f 1027 1026 868
f 1030 1029 1028
f 1028 1029 1027
f 1032 1031 1030
f 1030 1031 1029
f 1032 1033 1031
f 1015 1016 872
f 1016 871 872
f 1016 1034 871
f 1015 872 861
f 1036 1035 873
f 1036 873 874
f 865 873 1018
f 873 1037 1018
f 873 1035 1037
f 1018 1037 1019
f 1021 875 867
f 876 875 1021
f 1022 876 1021
f 1038 876 1022
f 877 1028 869
f 1028 877 878
f 1028 878 1030
f 1030 878 879
f 1030 879 1032
f 1040 1039 881
f 881 1039 879
f 1039 1033 879
f 1033 1032 879
f 1042 1041 1040
f 1040 1041 1039
f 1044 1043 1042
f 1042 1043 1041
f 1046 1045 1044
f 1044 1045 1043
f 1046 1047 882
f 1034 1046 882
f 871 1034 882
f 1046 1034 1045
f 1047 883 882
f 885 1036 874
f 885 1048 1036
f 886 876 1049
f 876 1050 1049
f 876 1038 1050
f 1049 888 886
f 889 1040 881
f 1040 889 890
f 1040 890 1042
f 1042 890 891
f 1042 891 1044
f 1044 891 893
f 1044 893 1046
f 1046 893 894
f 1046 894 1047
f 1047 894 883
f 1052 1051 895
f 1052 895 896
f 885 895 1048
f 1048 895 1051
f 1050 1053 1049
f 888 1049 1053
f 1054 888 1053
f 898 888 1054
f 1056 1055 899
f 1056 899 900
f 896 899 1052
f 1052 899 1055
f 1054 901 898
f 1057 901 1054
f 902 1056 900
f 902 1058 1056
f 1057 1059 901
f 901 1059 903
f 904 903 1059
f 904 1059 1060
f 1062 1061 905
f 1062 905 906
f 902 905 1058
f 1058 905 1061
f 1060 1063 904
f 904 1063 907
f 907 1064 908
f 1063 1064 907
f 908 1065 909
f 1064 1065 908
f 909 1066 911
f 1065 1066 909
f 912 911 1066
f 912 1066 1067
f 1069 1068 913
f 1069 913 914
f 913 1070 915
f 1068 1070 913
f 917 915 1070
f 917 1070 1071
f 1073 1072 919
f 1073 919 920
f 919 1074 921
f 1072 1074 919
f 906 921 1062
f 1062 921 1074
f 1067 1075 912
f 912 1075 922
f 922 1076 923
f 1075 1076 922
f 924 923 1076
f 924 1076 1077
f 926 1078 927
f 1079 928 927
f 1079 927 1078
f 928 1079 1080
f 1081 928 1080
f 929 928 1081
f 929 1082 930
f 1081 1082 929
f 914 930 1069
f 1069 930 1082
f 1071 1083 917
f 917 1083 931
f 931 1084 932
f 1083 1084 931
f 932 1085 933
f 1084 1085 932
f 920 933 1073
f 1073 933 1085
f 1077 1086 924
f 924 1086 934
f 934 1087 935
f 1086 1087 934
f 935 1088 936
f 1087 1088 935
f 936 1089 937
f 1088 1089 936
f 937 1090 938
f 1089 1090 937
f 938 1091 939
f 1090 1091 938
f 939 1092 940
f 1091 1092 939
f 926 940 1078
f 940 1093 1078
f 940 1092 1093
f 1078 1093 1079
f 1079 1093 1094
f 1079 1094 1080
f 1097 1096 1095
f 1099 1098 1095
f 1095 1098 1097
f 1101 1100 1099
f 1099 1100 1098
f 942 943 1101
f 943 1100 1101
f 943 1102 1100
f 943 944 1102
f 1102 944 1103
f 1106 1105 1104
f 946 947 1104
f 947 1106 1104
f 947 1107 1106
f 1108 947 948
f 1108 1107 947
f 948 950 1108
f 1108 950 1109
f 1112 1111 1110
f 1112 1110 1096
f 1110 1095 1096
f 1110 1113 1095
f 1113 951 952
f 1099 1113 952
f 1095 1113 1099
f 1099 952 953
f 1099 953 1101
f 1101 953 942
f 1114 1103 944
f 1114 944 954
f 1115 954 955
f 1115 1114 954
f 955 957 1115
f 1115 957 1116
f 1118 1117 959
f 959 1117 958
f 960 1104 1105
f 1118 960 1105
f 959 960 1118
f 1104 960 946
f 1119 1109 950
f 1119 950 961
f 961 962 1119
f 1119 962 1120
f 1111 1121 1110
f 1110 1121 1113
f 1113 1121 1122
f 963 951 1113
f 1123 963 1113
f 1122 1123 1113
f 963 1123 1124
f 1126 1125 1124
f 1126 1124 1123
f 1128 1127 1125
f 1128 1125 1126
f 1130 1129 1127
f 1130 1127 1128
f 1132 1131 1129
f 1132 1129 1130
f 1133 1131 964
f 1131 1116 964
f 1116 957 964
f 1116 1131 1132
f 966 1133 964
f 1134 967 968
f 969 1134 968
f 1137 1136 1135
f 971 972 1135
f 972 1137 1135
f 972 1138 1137
f 1139 972 973
f 1139 1138 972
f 1140 973 975
f 1140 1139 973
f 1141 975 977
f 1141 1140 975
f 1142 977 979
f 1142 1141 977
f 979 958 1117
f 979 1117 1142
f 1143 1120 962
f 1143 962 980
f 1144 980 981
f 1144 1143 980
f 1145 981 982
f 1145 1144 981
f 1147 1146 983
f 1146 982 983
f 1146 1145 982
f 1147 1148 1146
f 1124 984 963
f 984 1124 987
f 987 1124 1125
f 987 1125 989
f 989 1125 1127
f 989 1127 991
f 991 1127 1129
f 991 1129 993
f 993 1129 1131
f 993 1131 995
f 995 1131 1133
f 995 1133 966
f 1151 1150 1149
f 1153 1152 1149
f 1149 1152 1151
f 1153 1154 1152
f 1156 1155 999
f 999 1155 998
f 999 967 1134
f 1157 999 1134
f 1156 999 1157
f 1157 1134 969
f 1000 1157 969
f 1158 1157 1000
f 1001 1135 1136
f 1158 1001 1136
f 1000 1001 1158
f 1135 1001 971
f 1003 1147 983
f 1003 1005 1147
f 1005 1148 1147
f 1005 1159 1148
f 1160 1011 1012
f 1150 1161 1149
f 1161 1012 1149
f 1012 1013 1149
f 1012 1161 1160
f 1149 1013 1014
f 1162 1149 1014
f 1153 1149 1162
f 1154 1153 1163
f 1163 1153 1162
f 1165 1164 1017
f 1017 1164 1016
f 1017 998 1155
f 1017 1155 1165
f 1167 1166 1020
f 1167 1020 1019
f 1005 1020 1159
f 1159 1020 1166
f 1168 1022 1023
f 1024 1169 1023
f 1023 1169 1168
f 1025 1170 1024
f 1024 1170 1169
f 1011 1160 1025
f 1160 1170 1025
f 1160 1171 1170
f 1160 1161 1172
f 1160 1172 1171
f 1026 1162 1014
f 1173 1163 1162
f 1026 1173 1162
f 1027 1173 1026
f 1174 1027 1029
f 1174 1173 1027
f 1175 1029 1031
f 1175 1174 1029
f 1031 1033 1175
f 1175 1033 1176
f 1164 1034 1016
f 1177 1034 1164
f 1036 1178 1035
f 1035 1178 1179
f 1180 1035 1179
f 1037 1035 1180
f 1019 1037 1167
f 1167 1037 1180
f 1181 1038 1168
f 1168 1038 1022
f 1182 1168 1169
f 1181 1168 1182
f 1183 1169 1170
f 1182 1169 1183
f 1171 1185 1184
f 1183 1171 1184
f 1170 1171 1183
f 1185 1171 1172
f 1186 1176 1033
f 1186 1033 1039
f 1187 1039 1041
f 1187 1186 1039
f 1188 1041 1043
f 1188 1187 1041
f 1189 1043 1045
f 1189 1188 1043
f 1045 1034 1177
f 1045 1177 1189
f 1192 1191 1190
f 1191 1193 1178
f 1048 1191 1178
f 1036 1048 1178
f 1190 1191 1048
f 1178 1193 1179
f 1194 1050 1181
f 1181 1050 1038
f 1195 1181 1182
f 1194 1181 1195
f 1196 1182 1183
f 1195 1182 1196
f 1183 1184 1197
f 1183 1197 1196
f 1192 1190 1051
f 1052 1192 1051
f 1198 1192 1052
f 1051 1190 1048
f 1194 1053 1050
f 1053 1194 1054
f 1194 1199 1054
f 1194 1195 1199
f 1196 1201 1200
f 1199 1196 1200
f 1195 1196 1199
f 1201 1196 1197
f 1203 1202 1055
f 1203 1055 1056
f 1052 1055 1198
f 1198 1055 1202
f 1204 1057 1199
f 1199 1057 1054
f 1199 1200 1205
f 1199 1205 1204
f 1058 1203 1056
f 1058 1206 1203
f 1204 1059 1057
f 1060 1059 1204
f 1205 1060 1204
f 1207 1060 1205
f 1210 1209 1208
f 1061 1062 1208
f 1209 1061 1208
f 1211 1061 1209
f 1058 1061 1206
f 1206 1061 1211
f 1207 1212 1060
f 1060 1212 1063
f 1063 1213 1064
f 1212 1213 1063
f 1064 1214 1065
f 1213 1214 1064
f 1065 1215 1066
f 1214 1215 1065
f 1067 1066 1215
f 1067 1215 1216
f 1069 1217 1068
f 1068 1217 1218
f 1219 1068 1218
f 1070 1068 1219
f 1071 1070 1219
f 1071 1219 1220
f 1223 1222 1221
f 1072 1073 1221
f 1222 1072 1221
f 1224 1072 1222
f 1208 1074 1210
f 1074 1224 1210
f 1074 1072 1224
f 1074 1208 1062
f 1216 1225 1067
f 1067 1225 1075
f 1075 1226 1076
f 1225 1226 1075
f 1077 1076 1226
f 1077 1226 1227
f 1230 1229 1228
f 1081 1080 1228
f 1229 1081 1228
f 1231 1081 1229
f 1081 1232 1082
f 1231 1232 1081
f 1069 1082 1217
f 1082 1233 1217
f 1082 1232 1233
f 1217 1233 1218
f 1220 1234 1071
f 1071 1234 1083
f 1083 1235 1084
f 1234 1235 1083
f 1221 1085 1223
f 1085 1235 1223
f 1085 1084 1235
f 1085 1221 1073
f 1227 1236 1077
f 1077 1236 1086
f 1086 1237 1087
f 1236 1237 1086
f 1087 1238 1088
f 1237 1238 1087
f 1088 1239 1089
f 1238 1239 1088
f 1089 1240 1090
f 1239 1240 1089
f 1090 1241 1091
f 1240 1241 1090
f 1091 1242 1092
f 1241 1242 1091
f 1092 1243 1093
f 1242 1243 1092
f 1228 1094 1230
f 1094 1243 1230
f 1094 1093 1243
f 1094 1228 1080
f 1246 1245 1244
f 1244 1247 1246
f 1248 1096 1097
f 1248 1097 1249
f 1097 1250 1249
f 1097 1098 1250
f 1251 1098 1100
f 1251 1250 1098
f 1253 1251 1252
f 1251 1102 1252
f 1251 1100 1102
f 1103 1252 1102
f 1256 1255 1254
f 1105 1106 1254
f 1106 1256 1254
f 1106 1257 1256
f 1107 1244 1245
f 1257 1107 1245
f 1106 1107 1257
f 1258 1247 1244
f 1107 1258 1244
f 1108 1258 1107
f 1108 1109 1258
f 1258 1109 1259
f 1261 1260 1112
f 1112 1260 1111
f 1112 1096 1248
f 1262 1112 1248
f 1261 1112 1262
f 1262 1248 1249
f 1263 1253 1252
f 1265 1263 1264
f 1264 1263 1114
f 1263 1252 1114
f 1252 1103 1114
f 1115 1266 1114
f 1114 1266 1264
f 1116 1266 1115
f 1269 1268 1267
f 1267 1270 1269
f 1273 1272 1271
f 1273 1271 1255
f 1255 1271 1254
f 1271 1117 1254
f 1117 1118 1254
f 1254 1118 1105
f 1274 1259 1109
f 1274 1109 1119
f 1119 1120 1274
f 1274 1120 1275
f 1121 1111 1276
f 1111 1277 1276
f 1111 1260 1277
f 1278 1122 1121
f 1278 1121 1276
f 1279 1123 1122
f 1279 1122 1278
f 1123 1279 1280
f 1281 1123 1280
f 1126 1123 1281
f 1126 1282 1128
f 1281 1282 1126
f 1264 1130 1265
f 1130 1282 1265
f 1130 1128 1282
f 1130 1264 1132
f 1132 1264 1266
f 1132 1266 1116
f 1285 1284 1283
f 1287 1286 1283
f 1283 1286 1285
f 1289 1288 1287
f 1287 1288 1286
f 1136 1137 1289
f 1137 1288 1289
f 1137 1290 1288
f 1291 1137 1138
f 1291 1290 1137
f 1139 1267 1268
f 1291 1139 1268
f 1138 1139 1291
f 1292 1270 1267
f 1139 1292 1267
f 1140 1292 1139
f 1293 1140 1141
f 1293 1292 1140
f 1142 1271 1272
f 1293 1142 1272
f 1141 1142 1293
f 1271 1142 1117
f 1294 1275 1120
f 1294 1120 1143
f 1295 1143 1144
f 1295 1294 1143
f 1296 1144 1145
f 1296 1295 1144
f 1297 1145 1146
f 1297 1296 1145
f 1146 1148 1297
f 1297 1148 1298
f 1277 1299 1276
f 1276 1299 1278
f 1278 1299 1300
f 1278 1300 1279
f 1279 1300 1301
f 1279 1301 1280
f 1303 1302 1151
f 1151 1302 1150
f 1304 1151 1152
f 1304 1303 1151
f 1152 1154 1304
f 1304 1154 1305
f 1283 1284 1156
f 1284 1155 1156
f 1284 1306 1155
f 1283 1156 1157
f 1283 1157 1287
f 1287 1157 1158
f 1287 1158 1289
f 1289 1158 1136
f 1159 1298 1148
f 1159 1307 1298
f 1302 1161 1150
f 1308 1161 1302
f 1163 1305 1154
f 1163 1309 1305
f 1311 1310 1165
f 1165 1310 1164
f 1165 1155 1306
f 1165 1306 1311
f 1313 1312 1166
f 1313 1166 1167
f 1159 1166 1307
f 1307 1166 1312
f 1308 1172 1161
f 1314 1172 1308
f 1315 1309 1163
f 1315 1163 1173
f 1316 1173 1174
f 1316 1315 1173
f 1317 1174 1175
f 1317 1316 1174
f 1175 1176 1317
f 1317 1176 1318
f 1310 1177 1164
f 1319 1177 1310
f 1321 1320 1180
f 1321 1180 1179
f 1167 1180 1313
f 1313 1180 1320
f 1322 1184 1185
f 1172 1314 1323
f 1322 1172 1323
f 1324 1322 1323
f 1185 1172 1322
f 1325 1324 1323
f 1326 1318 1176
f 1326 1176 1186
f 1327 1186 1187
f 1327 1326 1186
f 1328 1187 1188
f 1328 1327 1187
f 1329 1188 1189
f 1329 1328 1188
f 1189 1177 1319
f 1189 1319 1329
f 1192 1330 1191
f 1191 1330 1331
f 1332 1191 1331
f 1193 1191 1332
f 1179 1193 1321
f 1321 1193 1332
f 1333 1197 1322
f 1322 1197 1184
f 1324 1335 1334
f 1333 1324 1334
f 1322 1324 1333
f 1335 1324 1325
f 1337 1336 1330
f 1192 1337 1330
f 1198 1337 1192
f 1330 1336 1331
f 1339 1338 1201
f 1201 1338 1200
f 1201 1197 1333
f 1340 1201 1333
f 1339 1201 1340
f 1340 1333 1334
f 1342 1341 1202
f 1342 1202 1203
f 1198 1202 1337
f 1337 1202 1341
f 1338 1205 1200
f 1343 1205 1338
f 1346 1345 1344
f 1345 1342 1344
f 1342 1206 1344
f 1342 1203 1206
f 1348 1207 1347
f 1207 1343 1347
f 1207 1205 1343
f 1350 1349 1348
f 1350 1348 1347
f 1351 1349 1350
f 1353 1352 1209
f 1353 1209 1210
f 1344 1211 1346
f 1211 1352 1346
f 1211 1209 1352
f 1211 1344 1206
f 1348 1212 1207
f 1212 1348 1213
f 1213 1348 1349
f 1351 1354 1349
f 1354 1213 1349
f 1354 1214 1213
f 1214 1355 1215
f 1354 1355 1214
f 1357 1356 1216
f 1215 1357 1216
f 1355 1357 1215
f 1358 1356 1357
f 1360 1359 1219
f 1360 1219 1218
f 1220 1219 1359
f 1220 1359 1361
f 1364 1363 1362
f 1222 1223 1362
f 1363 1222 1362
f 1365 1222 1363
f 1222 1366 1224
f 1365 1366 1222
f 1210 1224 1353
f 1353 1224 1366
f 1356 1225 1216
f 1358 1367 1356
f 1367 1225 1356
f 1367 1226 1225
f 1227 1226 1367
f 1227 1367 1368
f 1370 1369 1229
f 1370 1229 1230
f 1229 1371 1231
f 1369 1371 1229
f 1231 1372 1232
f 1371 1372 1231
f 1232 1373 1233
f 1372 1373 1232
f 1218 1233 1360
f 1360 1233 1373
f 1361 1374 1220
f 1220 1374 1234
f 1362 1235 1364
f 1235 1374 1364
f 1235 1234 1374
f 1235 1362 1223
f 1368 1375 1227
f 1227 1375 1236
f 1236 1376 1237
f 1375 1376 1236
f 1237 1377 1238
f 1376 1377 1237
f 1238 1378 1239
f 1377 1378 1238
f 1239 1379 1240
f 1378 1379 1239
f 1240 1380 1241
f 1379 1380 1240
f 1241 1381 1242
f 1380 1381 1241
f 1242 1382 1243
f 1381 1382 1242
f 1230 1243 1370
f 1370 1243 1382
f 1385 1384 1383
f 1383 1386 1385
f 1383 1384 1387
f 1387 1384 1388
f 1386 1383 1389
f 1383 1390 1389
f 1383 1387 1390
f 1245 1246 1390
f 1246 1389 1390
f 1246 1391 1389
f 1246 1247 1391
f 1391 1247 1392
f 1393 1249 1250
f 1251 1394 1250
f 1250 1394 1393
f 1253 1394 1251
f 1397 1396 1395
f 1395 1398 1397
f 1401 1400 1399
f 1401 1399 1388
f 1388 1399 1387
f 1399 1255 1387
f 1255 1256 1387
f 1387 1256 1257
f 1387 1257 1390
f 1390 1257 1245
f 1402 1392 1247
f 1402 1247 1258
f 1258 1259 1402
f 1402 1259 1403
f 1404 1260 1261
f 1262 1405 1261
f 1261 1405 1404
f 1249 1393 1262
f 1393 1405 1262
f 1393 1406 1405
f 1394 1408 1407
f 1406 1394 1407
f 1393 1394 1406
f 1410 1408 1409
f 1409 1408 1263
f 1408 1394 1263
f 1394 1253 1263
f 1265 1409 1263
f 1413 1412 1411
f 1415 1414 1411
f 1411 1414 1413
f 1414 1415 1396
f 1415 1395 1396
f 1415 1416 1395
f 1398 1395 1417
f 1395 1418 1417
f 1395 1416 1418
f 1420 1419 1418
f 1418 1419 1417
f 1268 1269 1420
f 1269 1419 1420
f 1269 1421 1419
f 1423 1422 1270
f 1422 1269 1270
f 1422 1421 1269
f 1425 1424 1423
f 1423 1424 1422
f 1424 1425 1400
f 1400 1425 1399
f 1425 1272 1399
f 1272 1273 1399
f 1399 1273 1255
f 1426 1403 1259
f 1426 1259 1274
f 1274 1275 1426
f 1426 1275 1427
f 1428 1277 1404
f 1404 1277 1260
f 1405 1430 1429
f 1428 1405 1429
f 1404 1405 1428
f 1430 1405 1406
f 1430 1406 1431
f 1432 1431 1280
f 1406 1280 1431
f 1280 1406 1281
f 1407 1281 1406
f 1281 1407 1433
f 1409 1282 1410
f 1282 1433 1410
f 1282 1281 1433
f 1282 1409 1265
f 1436 1435 1434
f 1438 1437 1434
f 1434 1437 1436
f 1437 1438 1412
f 1412 1438 1411
f 1438 1284 1411
f 1284 1285 1411
f 1411 1285 1286
f 1411 1286 1415
f 1415 1286 1288
f 1415 1288 1416
f 1416 1288 1290
f 1416 1290 1418
f 1418 1290 1291
f 1418 1291 1420
f 1420 1291 1268
f 1292 1423 1270
f 1423 1292 1293
f 1423 1293 1425
f 1425 1293 1272
f 1439 1427 1275
f 1439 1275 1294
f 1440 1294 1295
f 1440 1439 1294
f 1441 1295 1296
f 1441 1440 1295
f 1442 1296 1297
f 1442 1441 1296
f 1297 1298 1442
f 1442 1298 1443
f 1428 1299 1277
f 1429 1444 1428
f 1444 1299 1428
f 1444 1300 1299
f 1300 1445 1301
f 1444 1445 1300
f 1280 1301 1432
f 1432 1301 1445
f 1446 1302 1303
f 1446 1303 1447
f 1303 1448 1447
f 1303 1304 1448
f 1304 1305 1448
f 1448 1305 1449
f 1434 1435 1450
f 1450 1435 1451
f 1434 1452 1438
f 1434 1450 1452
f 1452 1306 1284
f 1452 1284 1438
f 1307 1443 1298
f 1307 1453 1443
f 1454 1308 1446
f 1446 1308 1302
f 1446 1447 1455
f 1446 1455 1454
f 1309 1457 1456
f 1449 1309 1456
f 1305 1309 1449
f 1459 1458 1457
f 1457 1458 1456
f 1461 1460 1459
f 1459 1460 1458
f 1461 1462 1460
f 1450 1451 1463
f 1463 1451 1464
f 1463 1310 1311
f 1452 1463 1311
f 1450 1463 1452
f 1452 1311 1306
f 1466 1465 1312
f 1466 1312 1313
f 1307 1312 1453
f 1453 1312 1465
f 1468 1467 1454
f 1467 1308 1454
f 1467 1314 1308
f 1468 1454 1455
f 1315 1457 1309
f 1457 1315 1316
f 1457 1316 1459
f 1459 1316 1317
f 1459 1317 1461
f 1470 1469 1318
f 1318 1469 1317
f 1469 1462 1317
f 1462 1461 1317
f 1470 1471 1469
f 1464 1472 1463
f 1310 1463 1472
f 1473 1310 1472
f 1319 1310 1473
f 1475 1474 1320
f 1475 1320 1321
f 1313 1320 1466
f 1466 1320 1474
f 1467 1476 1314
f 1314 1476 1323
f 1325 1323 1476
f 1325 1476 1477
f 1326 1470 1318
f 1478 1471 1470
f 1326 1478 1470
f 1327 1478 1326
f 1479 1327 1328
f 1479 1478 1327
f 1480 1328 1329
f 1480 1479 1328
f 1329 1319 1473
f 1329 1473 1480
f 1482 1481 1332
f 1482 1332 1331
f 1321 1332 1475
f 1475 1332 1481
f 1484 1483 1335
f 1335 1483 1334
f 1335 1325 1477
f 1335 1477 1484
f 1487 1486 1485
f 1336 1337 1485
f 1486 1336 1485
f 1488 1336 1486
f 1331 1336 1482
f 1482 1336 1488
f 1489 1338 1339
f 1340 1490 1339
f 1339 1490 1489
f 1491 1490 1340
f 1334 1491 1340
f 1483 1491 1334
f 1487 1485 1341
f 1342 1487 1341
f 1492 1487 1342
f 1341 1485 1337
f 1493 1343 1489
f 1489 1343 1338
f 1490 1495 1494
f 1493 1490 1494
f 1489 1490 1493
f 1495 1490 1491
f 1497 1496 1345
f 1497 1345 1346
f 1342 1345 1492
f 1492 1345 1496
f 1493 1347 1343
f 1494 1498 1493
f 1498 1347 1493
f 1498 1350 1347
f 1351 1350 1498
f 1351 1498 1499
f 1502 1501 1500
f 1504 1503 1500
f 1504 1500 1501
f 1352 1353 1503
f 1504 1352 1503
f 1505 1352 1504
f 1346 1352 1497
f 1497 1352 1505
f 1499 1506 1351
f 1351 1506 1354
f 1354 1507 1355
f 1506 1507 1354
f 1355 1508 1357
f 1507 1508 1355
f 1358 1357 1508
f 1358 1508 1509
f 1511 1510 1359
f 1511 1359 1360
f 1513 1512 1361
f 1359 1513 1361
f 1510 1513 1359
f 1363 1364 1512
f 1513 1363 1512
f 1514 1363 1513
f 1500 1365 1502
f 1365 1514 1502
f 1365 1363 1514
f 1365 1500 1366
f 1366 1500 1503
f 1366 1503 1353
f 1509 1515 1358
f 1358 1515 1367
f 1368 1367 1515
f 1368 1515 1516
f 1518 1517 1369
f 1518 1369 1370
f 1369 1519 1371
f 1517 1519 1369
f 1371 1520 1372
f 1519 1520 1371
f 1372 1521 1373
f 1520 1521 1372
f 1360 1373 1511
f 1511 1373 1521
f 1512 1374 1361
f 1374 1512 1364
f 1516 1522 1368
f 1368 1522 1375
f 1375 1523 1376
f 1522 1523 1375
f 1376 1524 1377
f 1523 1524 1376
f 1377 1525 1378
f 1524 1525 1377
f 1378 1526 1379
f 1525 1526 1378
f 1379 1527 1380
f 1526 1527 1379
f 1380 1528 1381
f 1527 1528 1380
f 1381 1529 1382
f 1528 1529 1381
f 1370 1382 1518
f 1518 1382 1529
f 1532 1531 1530
f 1534 1533 1530
f 1530 1533 1532
f 1384 1385 1534
f 1385 1533 1534
f 1385 1535 1533
f 1537 1536 1386
f 1536 1385 1386
f 1536 1535 1385
f 1537 1538 1536
f 1541 1540 1539
f 1543 1542 1539
f 1539 1542 1541
f 1545 1544 1543
f 1543 1544 1542
f 1547 1546 1545
f 1545 1546 1544
f 1546 1547 1531
f 1547 1530 1531
f 1547 1548 1530
f 1530 1549 1534
f 1530 1548 1549
f 1549 1388 1384
f 1549 1384 1534
f 1389 1537 1386
f 1550 1538 1537
f 1389 1550 1537
f 1391 1550 1389
f 1391 1392 1550
f 1550 1392 1551
f 1553 1552 1397
f 1397 1552 1396
f 1554 1539 1398
f 1539 1553 1398
f 1553 1397 1398
f 1539 1540 1553
f 1539 1555 1543
f 1539 1554 1555
f 1543 1556 1545
f 1543 1555 1556
f 1545 1557 1547
f 1545 1556 1557
f 1547 1558 1548
f 1547 1557 1558
f 1558 1400 1401
f 1549 1558 1401
f 1548 1558 1549
f 1549 1401 1388
f 1559 1551 1392
f 1559 1392 1402
f 1561 1560 1403
f 1560 1402 1403
f 1560 1559 1402
f 1561 1562 1560
f 1563 1407 1408
f 1410 1563 1408
f 1565 1564 1413
f 1413 1564 1412
f 1566 1413 1414
f 1566 1565 1413
f 1414 1396 1552
f 1414 1552 1566
f 1417 1554 1398
f 1554 1417 1419
f 1554 1419 1555
f 1555 1419 1421
f 1555 1421 1556
f 1556 1421 1422
f 1556 1422 1557
f 1557 1422 1424
f 1557 1424 1558
f 1558 1424 1400
f 1426 1561 1403
f 1426 1427 1561
f 1427 1562 1561
f 1427 1567 1562
f 1568 1429 1430
f 1431 1569 1430
f 1430 1569 1568
f 1407 1563 1433
f 1569 1431 1432
f 1433 1563 1410
f 1572 1571 1570
f 1435 1436 1570
f 1436 1572 1570
f 1436 1573 1572
f 1574 1436 1437
f 1574 1573 1436
f 1437 1412 1564
f 1437 1564 1574
f 1575 1567 1427
f 1575 1427 1439
f 1576 1439 1440
f 1576 1575 1439
f 1577 1440 1441
f 1577 1576 1440
f 1579 1577 1578
f 1577 1442 1578
f 1577 1441 1442
f 1443 1578 1442
f 1568 1444 1429
f 1444 1568 1445
f 1445 1568 1569
f 1445 1569 1432
f 1580 1447 1448
f 1449 1580 1448
f 1583 1582 1581
f 1585 1584 1581
f 1581 1584 1583
f 1584 1585 1571
f 1585 1570 1571
f 1585 1586 1570
f 1586 1451 1435
f 1586 1435 1570
f 1589 1588 1587
f 1587 1588 1579
f 1578 1587 1579
f 1590 1587 1578
f 1453 1590 1443
f 1443 1590 1578
f 1592 1591 1580
f 1591 1447 1580
f 1591 1455 1447
f 1592 1580 1449
f 1456 1592 1449
f 1593 1592 1456
f 1594 1456 1458
f 1594 1593 1456
f 1595 1458 1460
f 1595 1594 1458
f 1596 1581 1462
f 1581 1595 1462
f 1595 1460 1462
f 1581 1582 1595
f 1581 1597 1585
f 1581 1596 1597
f 1585 1598 1586
f 1585 1597 1598
f 1598 1464 1451
f 1598 1451 1586
f 1589 1587 1599
f 1589 1599 1600
f 1466 1599 1465
f 1599 1590 1465
f 1599 1587 1590
f 1465 1590 1453
f 1603 1602 1601
f 1467 1468 1601
f 1468 1603 1601
f 1468 1604 1603
f 1468 1455 1591
f 1468 1591 1604
f 1469 1596 1462
f 1596 1469 1471
f 1605 1596 1471
f 1597 1596 1605
f 1597 1606 1598
f 1597 1605 1606
f 1607 1472 1464
f 1598 1607 1464
f 1606 1607 1598
f 1607 1473 1472
f 1610 1609 1608
f 1608 1609 1600
f 1608 1600 1599
f 1475 1608 1599
f 1474 1475 1599
f 1474 1599 1466
f 1602 1611 1601
f 1601 1611 1467
f 1611 1476 1467
f 1611 1612 1476
f 1477 1476 1612
f 1477 1612 1613
f 1478 1605 1471
f 1605 1478 1479
f 1605 1479 1606
f 1606 1479 1480
f 1606 1480 1607
f 1607 1480 1473
f 1616 1615 1614
f 1614 1615 1610
f 1614 1610 1608
f 1482 1614 1608
f 1481 1482 1608
f 1481 1608 1475
f 1618 1617 1484
f 1484 1617 1483
f 1484 1477 1613
f 1484 1613 1618
f 1620 1619 1486
f 1620 1486 1487
f 1614 1488 1616
f 1488 1619 1616
f 1488 1486 1619
f 1488 1614 1482
f 1617 1491 1483
f 1621 1491 1617
f 1624 1623 1622
f 1626 1625 1622
f 1626 1622 1623
f 1626 1620 1625
f 1620 1492 1625
f 1620 1487 1492
f 1627 1494 1495
f 1628 1627 1495
f 1491 1628 1495
f 1621 1628 1491
f 1631 1630 1629
f 1633 1632 1629
f 1633 1629 1630
f 1632 1633 1624
f 1622 1632 1624
f 1634 1632 1622
f 1497 1634 1496
f 1634 1625 1496
f 1634 1622 1625
f 1496 1625 1492
f 1627 1498 1494
f 1499 1498 1627
f 1628 1499 1627
f 1635 1499 1628
f 1638 1637 1636
f 1640 1639 1636
f 1640 1636 1637
f 1639 1640 1631
f 1639 1631 1629
f 1502 1639 1629
f 1501 1502 1629
f 1501 1629 1504
f 1504 1629 1632
f 1504 1632 1505
f 1505 1632 1634
f 1505 1634 1497
f 1635 1641 1499
f 1499 1641 1506
f 1506 1642 1507
f 1641 1642 1506
f 1642 1644 1643
f 1508 1642 1643
f 1507 1642 1508
f 1643 1509 1508
f 1646 1645 1510
f 1646 1510 1511
f 1636 1513 1638
f 1513 1645 1638
f 1513 1510 1645
f 1513 1636 1514
f 1514 1636 1639
f 1514 1639 1502
f 1644 1647 1643
f 1643 1647 1509
f 1647 1515 1509
f 1647 1648 1515
f 1650 1649 1516
f 1515 1650 1516
f 1648 1650 1515
f 1651 1649 1650
f 1654 1653 1652
f 1517 1518 1652
f 1653 1517 1652
f 1655 1517 1653
f 1517 1656 1519
f 1655 1656 1517
f 1519 1657 1520
f 1656 1657 1519
f 1520 1658 1521
f 1657 1658 1520
f 1511 1521 1646
f 1646 1521 1658
f 1649 1522 1516
f 1651 1659 1649
f 1659 1522 1649
f 1659 1523 1522
f 1523 1660 1524
f 1659 1660 1523
f 1524 1661 1525
f 1660 1661 1524
f 1525 1662 1526
f 1661 1662 1525
f 1526 1663 1527
f 1662 1663 1526
f 1527 1664 1528
f 1663 1664 1527
f 1652 1529 1654
f 1529 1664 1654
f 1529 1528 1664
f 1529 1652 1518
f 1667 1666 1665
f 1665 1668 1667
f 1671 1670 1669
f 1673 1672 1669
f 1669 1672 1671
f 1672 1673 1666
f 1673 1665 1666
f 1673 1674 1665
f 1532 1675 1531
f 1675 1665 1531
f 1665 1674 1531
f 1665 1675 1668
f 1676 1532 1533
f 1676 1675 1532
f 1677 1533 1535
f 1677 1676 1533
f 1678 1535 1536
f 1678 1677 1535
f 1536 1538 1678
f 1678 1538 1679
f 1681 1680 1541
f 1541 1680 1540
f 1542 1669 1670
f 1681 1542 1670
f 1541 1542 1681
f 1669 1542 1544
f 1669 1544 1673
f 1673 1544 1546
f 1673 1546 1674
f 1674 1546 1531
f 1682 1679 1538
f 1682 1538 1550
f 1550 1551 1682
f 1682 1551 1683
f 1685 1684 1553
f 1553 1684 1552
f 1553 1540 1680
f 1553 1680 1685
f 1686 1683 1551
f 1686 1551 1559
f 1687 1559 1560
f 1687 1686 1559
f 1560 1562 1687
f 1687 1562 1688
f 1689 1564 1565
f 1689 1565 1690
f 1565 1691 1690
f 1565 1566 1691
f 1566 1552 1684
f 1566 1684 1691
f 1567 1688 1562
f 1567 1692 1688
f 1693 1571 1572
f 1573 1694 1572
f 1572 1694 1693
f 1694 1573 1695
f 1573 1696 1695
f 1573 1574 1696
f 1574 1564 1689
f 1697 1574 1689
f 1696 1574 1697
f 1697 1689 1690
f 1698 1692 1567
f 1698 1567 1575
f 1699 1575 1576
f 1699 1698 1575
f 1701 1699 1700
f 1699 1577 1700
f 1699 1576 1577
f 1579 1700 1577
f 1703 1702 1583
f 1583 1702 1582
f 1704 1583 1584
f 1704 1703 1583
f 1584 1571 1693
f 1705 1584 1693
f 1704 1584 1705
f 1705 1693 1694
f 1705 1694 1706
f 1706 1694 1695
f 1709 1708 1707
f 1707 1708 1701
f 1707 1701 1700
f 1589 1707 1700
f 1588 1589 1700
f 1588 1700 1579
f 1710 1591 1592
f 1593 1711 1592
f 1592 1711 1710
f 1594 1712 1593
f 1593 1712 1711
f 1595 1713 1594
f 1594 1713 1712
f 1714 1713 1595
f 1582 1714 1595
f 1702 1714 1582
f 1709 1707 1715
f 1709 1715 1716
f 1600 1715 1589
f 1589 1715 1707
f 1717 1602 1603
f 1604 1718 1603
f 1603 1718 1717
f 1591 1710 1604
f 1710 1718 1604
f 1710 1719 1718
f 1711 1721 1720
f 1719 1711 1720
f 1710 1711 1719
f 1721 1711 1712
f 1721 1712 1722
f 1722 1712 1713
f 1722 1713 1723
f 1723 1713 1714
f 1726 1725 1724
f 1724 1725 1716
f 1724 1716 1715
f 1610 1724 1715
f 1609 1610 1715
f 1609 1715 1600
f 1717 1611 1602
f 1611 1727 1612
f 1727 1611 1728
f 1717 1728 1611
f 1728 1717 1729
f 1718 1729 1717
f 1613 1612 1727
f 1730 1729 1719
f 1718 1719 1729
f 1730 1719 1720
f 1726 1724 1615
f 1616 1726 1615
f 1731 1726 1616
f 1615 1724 1610
f 1727 1728 1618
f 1728 1617 1618
f 1728 1732 1617
f 1727 1618 1613
f 1734 1733 1619
f 1734 1619 1620
f 1616 1619 1731
f 1731 1619 1733
f 1732 1621 1617
f 1735 1621 1732
f 1737 1736 1623
f 1737 1623 1624
f 1623 1738 1626
f 1736 1738 1623
f 1620 1626 1734
f 1734 1626 1738
f 1740 1628 1739
f 1628 1735 1739
f 1628 1621 1735
f 1741 1740 1739
f 1744 1743 1742
f 1630 1631 1742
f 1743 1630 1742
f 1745 1630 1743
f 1630 1746 1633
f 1745 1746 1630
f 1624 1633 1737
f 1737 1633 1746
f 1747 1635 1740
f 1740 1635 1628
f 1740 1741 1748
f 1749 1740 1748
f 1747 1740 1749
f 1750 1749 1748
f 1752 1751 1637
f 1752 1637 1638
f 1742 1640 1744
f 1640 1751 1744
f 1640 1637 1751
f 1640 1742 1631
f 1747 1641 1635
f 1641 1747 1642
f 1642 1747 1749
f 1754 1753 1644
f 1754 1644 1642
f 1750 1754 1642
f 1749 1750 1642
f 1755 1753 1754
f 1758 1757 1756
f 1645 1646 1756
f 1757 1645 1756
f 1759 1645 1757
f 1638 1645 1752
f 1752 1645 1759
f 1753 1647 1644
f 1755 1760 1753
f 1760 1647 1753
f 1760 1648 1647
f 1648 1761 1650
f 1760 1761 1648
f 1651 1650 1761
f 1651 1761 1762
f 1764 1763 1653
f 1764 1653 1654
f 1653 1765 1655
f 1763 1765 1653
f 1655 1766 1656
f 1765 1766 1655
f 1656 1767 1657
f 1766 1767 1656
f 1756 1658 1758
f 1658 1767 1758
f 1658 1657 1767
f 1658 1756 1646
f 1762 1768 1651
f 1651 1768 1659
f 1659 1769 1660
f 1768 1769 1659
f 1660 1770 1661
f 1769 1770 1660
f 1661 1771 1662
f 1770 1771 1661
f 1662 1772 1663
f 1771 1772 1662
f 1663 1773 1664
f 1772 1773 1663
f 1654 1664 1764
f 1764 1664 1773
f 1774 1666 1667
f 1668 1774 1667
f 1775 1670 1671
f 1672 1776 1671
f 1671 1776 1775
f 1666 1774 1672
f 1774 1776 1672
f 1774 1777 1776
f 1675 1778 1668
f 1778 1774 1668
f 1778 1777 1774
f 1676 1779 1675
f 1675 1779 1778
f 1677 1780 1676
f 1676 1780 1779
f 1780 1677 1781
f 1677 1782 1781
f 1677 1678 1782
f 1784 1783 1679
f 1783 1678 1679
f 1783 1782 1678
f 1784 1785 1783
f 1786 1680 1681
f 1787 1786 1681
f 1787 1681 1670
f 1788 1787 1670
f 1775 1788 1670
f 1788 1775 1776
f 1788 1776 1789
f 1789 1776 1777
f 1789 1777 1790
f 1792 1791 1790
f 1777 1792 1790
f 1778 1792 1777
f 1779 1794 1793
f 1792 1779 1793
f 1778 1779 1792
f 1794 1779 1780
f 1794 1780 1795
f 1795 1780 1781
f 1682 1784 1679
f 1797 1796 1683
f 1683 1796 1682
f 1796 1785 1682
f 1785 1784 1682
f 1799 1798 1797
f 1797 1798 1796
f 1799 1800 1798
f 1801 1684 1685
f 1802 1801 1685
f 1802 1685 1680
f 1803 1802 1680
f 1786 1803 1680
f 1803 1786 1787
f 1804 1791 1792
f 1804 1792 1793
f 1686 1797 1683
f 1797 1686 1687
f 1797 1687 1799
f 1687 1688 1799
f 1688 1800 1799
f 1688 1805 1800
f 1806 1690 1691
f 1807 1806 1691
f 1807 1691 1684
f 1808 1807 1684
f 1801 1808 1684
f 1808 1801 1802
f 1811 1810 1809
f 1810 1805 1809
f 1805 1692 1809
f 1805 1688 1692
f 1812 1695 1696
f 1697 1813 1696
f 1696 1813 1812
f 1814 1813 1697
f 1814 1697 1690
f 1815 1814 1690
f 1806 1815 1690
f 1815 1806 1807
f 1811 1809 1816
f 1811 1816 1817
f 1698 1818 1692
f 1818 1809 1692
f 1818 1816 1809
f 1699 1819 1698
f 1698 1819 1818
f 1701 1819 1699
f 1820 1702 1703
f 1704 1821 1703
f 1703 1821 1820
f 1705 1822 1704
f 1704 1822 1821
f 1706 1823 1705
f 1705 1823 1822
f 1824 1823 1706
f 1824 1706 1695
f 1825 1824 1695
f 1812 1825 1695
f 1825 1812 1813
f 1825 1813 1826
f 1826 1813 1814
f 1827 1817 1816
f 1829 1828 1827
f 1816 1829 1827
f 1818 1829 1816
f 1709 1829 1708
f 1829 1819 1708
f 1829 1818 1819
f 1708 1819 1701
f 1830 1714 1820
f 1820 1714 1702
f 1831 1820 1821
f 1830 1820 1831
f 1832 1821 1822
f 1831 1821 1832
f 1823 1834 1833
f 1832 1823 1833
f 1822 1823 1832
f 1834 1823 1824
f 1828 1829 1835
f 1828 1835 1836
f 1716 1835 1709
f 1709 1835 1829
f 1837 1720 1721
f 1722 1838 1721
f 1721 1838 1837
f 1723 1839 1722
f 1722 1839 1838
f 1714 1830 1723
f 1830 1839 1723
f 1830 1840 1839
f 1831 1842 1841
f 1840 1831 1841
f 1830 1831 1840
f 1842 1831 1832
f 1842 1832 1843
f 1843 1832 1833
f 1846 1845 1844
f 1844 1845 1836
f 1844 1836 1835
f 1726 1844 1835
f 1725 1726 1835
f 1725 1835 1716
f 1848 1847 1729
f 1729 1847 1728
f 1849 1729 1730
f 1849 1848 1729
f 1730 1720 1837
f 1850 1730 1837
f 1849 1730 1850
f 1850 1837 1838
f 1850 1838 1851
f 1851 1838 1839
f 1851 1839 1852
f 1854 1853 1852
f 1839 1854 1852
f 1840 1854 1839
f 1840 1841 1855
f 1840 1855 1854
f 1858 1857 1856
f 1856 1857 1846
f 1844 1856 1846
f 1859 1856 1844
f 1731 1859 1726
f 1726 1859 1844
f 1861 1732 1860
f 1732 1847 1860
f 1732 1728 1847
f 1862 1861 1860
f 1863 1853 1854
f 1863 1854 1855
f 1858 1856 1864
f 1858 1864 1865
f 1734 1864 1733
f 1864 1859 1733
f 1864 1856 1859
f 1733 1859 1731
f 1866 1735 1861
f 1861 1735 1732
f 1861 1862 1867
f 1861 1867 1866
f 1870 1869 1868
f 1872 1871 1868
f 1872 1868 1869
f 1736 1737 1871
f 1872 1736 1871
f 1873 1736 1872
f 1864 1738 1865
f 1738 1873 1865
f 1738 1736 1873
f 1738 1864 1734
f 1866 1739 1735
f 1875 1874 1741
f 1875 1741 1739
f 1867 1875 1739
f 1866 1867 1739
f 1876 1874 1875
f 1879 1878 1877
f 1743 1744 1877
f 1878 1743 1877
f 1880 1743 1878
f 1868 1745 1870
f 1745 1880 1870
f 1745 1743 1880
f 1745 1868 1746
f 1746 1868 1871
f 1746 1871 1737
f 1874 1748 1741
f 1882 1881 1750
f 1882 1750 1748
f 1876 1882 1748
f 1874 1876 1748
f 1884 1883 1881
f 1884 1881 1882
f 1885 1883 1884
f 1888 1887 1886
f 1890 1889 1886
f 1890 1886 1887
f 1889 1890 1879
f 1889 1879 1877
f 1752 1889 1877
f 1751 1752 1877
f 1751 1877 1744
f 1881 1754 1750
f 1754 1881 1755
f 1881 1891 1755
f 1881 1883 1891
f 1883 1885 1892
f 1893 1883 1892
f 1891 1883 1893
f 1895 1894 1893
f 1895 1893 1892
f 1896 1894 1895
f 1899 1898 1897
f 1901 1900 1897
f 1901 1897 1898
f 1900 1901 1888
f 1900 1888 1886
f 1758 1900 1886
f 1757 1758 1886
f 1757 1886 1759
f 1759 1886 1889
f 1759 1889 1752
f 1891 1760 1755
f 1760 1891 1761
f 1761 1891 1893
f 1761 1893 1762
f 1893 1902 1762
f 1893 1894 1902
f 1894 1896 1903
f 1904 1894 1903
f 1902 1894 1904
f 1905 1904 1903
f 1907 1906 1763
f 1907 1763 1764
f 1763 1908 1765
f 1906 1908 1763
f 1897 1766 1899
f 1766 1908 1899
f 1766 1765 1908
f 1766 1897 1767
f 1767 1897 1900
f 1767 1900 1758
f 1902 1768 1762
f 1768 1902 1769
f 1769 1902 1904
f 1905 1909 1904
f 1909 1769 1904
f 1909 1770 1769
f 1770 1910 1771
f 1909 1910 1770
f 1771 1911 1772
f 1910 1911 1771
f 1772 1912 1773
f 1911 1912 1772
f 1764 1773 1907
f 1907 1773 1912
f 1913 1781 1782
f 1783 1914 1782
f 1782 1914 1913
f 1785 1914 1783
f 1915 1787 1788
f 1789 1916 1788
f 1788 1916 1915
f 1790 1917 1789
f 1789 1917 1916
f 1791 1917 1790
f 1918 1793 1794
f 1795 1919 1794
f 1794 1919 1918
f 1781 1913 1795
f 1913 1919 1795
f 1913 1920 1919
f 1921 1913 1914
f 1920 1913 1921
f 1796 1922 1785
f 1922 1914 1785
f 1922 1921 1914
f 1798 1923 1796
f 1796 1923 1922
f 1800 1923 1798
f 1924 1802 1803
f 1787 1915 1803
f 1915 1924 1803
f 1915 1925 1924
f 1926 1915 1916
f 1925 1915 1926
f 1927 1916 1917
f 1926 1916 1927
f 1804 1928 1791
f 1928 1917 1791
f 1928 1927 1917
f 1793 1918 1804
f 1918 1928 1804
f 1918 1929 1928
f 1930 1918 1919
f 1929 1918 1930
f 1931 1919 1920
f 1930 1919 1931
f 1932 1920 1921
f 1931 1920 1932
f 1933 1921 1922
f 1932 1921 1933
f 1934 1922 1923
f 1933 1922 1934
f 1805 1934 1800
f 1800 1934 1923
f 1935 1807 1808
f 1802 1924 1808
f 1924 1935 1808
f 1924 1936 1935
f 1937 1924 1925
f 1936 1924 1937
f 1938 1925 1926
f 1937 1925 1938
f 1939 1926 1927
f 1938 1926 1939
f 1928 1941 1940
f 1939 1928 1940
f 1927 1928 1939
f 1943 1942 1941
f 1928 1943 1941
f 1929 1943 1928
f 1944 1929 1930
f 1943 1929 1944
f 1945 1930 1931
f 1944 1930 1945
f 1946 1931 1932
f 1945 1931 1946
f 1947 1932 1933
f 1946 1932 1947
f 1811 1947 1810
f 1947 1934 1810
f 1947 1933 1934
f 1810 1934 1805
f 1948 1814 1815
f 1807 1935 1815
f 1935 1948 1815
f 1935 1949 1948
f 1950 1935 1936
f 1949 1935 1950
f 1951 1936 1937
f 1950 1936 1951
f 1952 1937 1938
f 1951 1937 1952
f 1939 1954 1953
f 1952 1939 1953
f 1938 1939 1952
f 1954 1939 1940
f 1955 1942 1943
f 1957 1956 1955
f 1943 1957 1955
f 1944 1957 1943
f 1958 1944 1945
f 1957 1944 1958
f 1959 1945 1946
f 1958 1945 1959
f 1960 1946 1947
f 1959 1946 1960
f 1817 1960 1811
f 1811 1960 1947
f 1961 1824 1825
f 1826 1962 1825
f 1825 1962 1961
f 1814 1948 1826
f 1948 1962 1826
f 1948 1963 1962
f 1964 1948 1949
f 1963 1948 1964
f 1965 1949 1950
f 1964 1949 1965
f 1966 1950 1951
f 1965 1950 1966
f 1967 1951 1952
f 1966 1951 1967
f 1952 1953 1968
f 1952 1968 1967
f 1971 1970 1969
f 1969 1970 1956
f 1957 1969 1956
f 1972 1969 1957
f 1973 1957 1958
f 1972 1957 1973
f 1974 1958 1959
f 1973 1958 1974
f 1975 1959 1960
f 1974 1959 1975
f 1827 1976 1817
f 1976 1960 1817
f 1976 1975 1960
f 1828 1976 1827
f 1977 1833 1834
f 1824 1961 1834
f 1961 1977 1834
f 1961 1978 1977
f 1979 1961 1962
f 1978 1961 1979
f 1980 1962 1963
f 1979 1962 1980
f 1981 1963 1964
f 1980 1963 1981
f 1965 1983 1982
f 1981 1965 1982
f 1964 1965 1981
f 1983 1965 1966
f 1983 1966 1984
f 1984 1966 1967
f 1984 1967 1985
f 1985 1967 1968
f 1971 1969 1986
f 1971 1986 1987
f 1988 1969 1972
f 1986 1969 1988
f 1989 1972 1973
f 1988 1972 1989
f 1990 1973 1974
f 1989 1973 1990
f 1991 1974 1975
f 1990 1974 1991
f 1992 1975 1976
f 1991 1975 1992
f 1836 1992 1828
f 1828 1992 1976
f 1993 1841 1842
f 1843 1994 1842
f 1842 1994 1993
f 1833 1977 1843
f 1977 1994 1843
f 1977 1995 1994
f 1978 1997 1996
f 1995 1978 1996
f 1977 1978 1995
f 1997 1978 1979
f 1997 1979 1998
f 2000 1999 1998
f 1979 2000 1998
f 1980 2000 1979
f 2001 1980 1981
f 2000 1980 2001
f 1981 1982 2002
f 2003 1981 2002
f 2001 1981 2003
f 2005 2004 2003
f 2005 2003 2002
f 2006 2004 2005
f 1987 1986 2007
f 1987 2007 2008
f 2009 1986 1988
f 2007 1986 2009
f 2010 1988 1989
f 2009 1988 2010
f 2011 1989 1990
f 2010 1989 2011
f 2012 1990 1991
f 2011 1990 2012
f 1846 2012 1845
f 2012 1992 1845
f 2012 1991 1992
f 1845 1992 1836
f 2013 1847 1848
f 2013 1848 2014
f 1848 2015 2014
f 1848 1849 2015
f 2017 2015 2016
f 2015 1850 2016
f 2015 1849 1850
f 1851 2018 1850
f 1850 2018 2016
f 1852 2019 1851
f 1851 2019 2018
f 1853 2019 1852
f 2020 1855 1993
f 1993 1855 1841
f 2021 1993 1994
f 2020 1993 2021
f 2022 1994 1995
f 2021 1994 2022
f 1995 1996 2023
f 2024 1995 2023
f 2022 1995 2024
f 2026 2025 2024
f 2026 2024 2023
f 2025 2028 2027
f 2025 2000 2028
f 2025 2026 1999
f 2000 2025 1999
f 2028 2000 2001
f 2028 2001 2029
f 2029 2001 2003
f 2029 2003 2030
f 2030 2003 2004
f 2030 2004 2031
f 2031 2004 2006
f 2008 2007 2032
f 2008 2032 2033
f 2034 2007 2009
f 2032 2007 2034
f 2035 2009 2010
f 2034 2009 2035
f 2036 2010 2011
f 2035 2010 2036
f 1858 2036 1857
f 2036 2012 1857
f 2036 2011 2012
f 1857 2012 1846
f 2013 1860 1847
f 1862 1860 2013
f 2014 1862 2013
f 2037 1862 2014
f 2038 2017 2016
f 2038 2016 2018
f 2038 2018 2039
f 2039 2018 2019
f 2039 2019 2040
f 2042 2040 2041
f 2041 2040 1863
f 2040 2019 1863
f 2019 1853 1863
f 1855 2020 1863
f 2020 2041 1863
f 2020 2043 2041
f 2021 2045 2044
f 2043 2021 2044
f 2020 2021 2043
f 2045 2021 2022
f 2045 2022 2046
f 2046 2022 2024
f 2046 2024 2047
f 2049 2048 2047
f 2024 2049 2047
f 2025 2049 2024
f 2025 2027 2050
f 2025 2050 2049
f 2033 2032 2051
f 2033 2051 2052
f 2053 2032 2034
f 2051 2032 2053
f 2054 2034 2035
f 2053 2034 2054
f 2055 2035 2036
f 2054 2035 2055
f 1865 2055 1858
f 1858 2055 2036
f 2057 1867 2056
f 1867 2037 2056
f 1867 1862 2037
f 2058 2057 2056
f 2059 2042 2041
f 2059 2041 2043
f 2059 2043 2060
f 2060 2043 2044
f 2061 2048 2049
f 2064 2063 2062
f 2050 2061 2049
f 2066 2065 2063
f 2066 2063 2064
f 2068 2067 2065
f 2068 2065 2066
f 2070 2069 2067
f 2070 2067 2068
f 2072 2071 2069
f 2072 2069 2070
f 2073 2071 2072
f 2076 2075 2074
f 2074 2075 2052
f 2051 2074 2052
f 2077 2074 2051
f 1870 2077 1869
f 2077 2053 1869
f 2077 2051 2053
f 1869 2053 1872
f 1872 2053 2054
f 1872 2054 1873
f 1873 2054 2055
f 1873 2055 1865
f 2057 1875 1867
f 2079 2078 1876
f 2079 1876 1875
f 2058 2079 1875
f 2057 2058 1875
f 2081 2080 2078
f 2081 2078 2079
f 2082 2080 2081
f 2083 2062 2063
f 2085 2084 2083
f 2063 2085 2083
f 2065 2085 2063
f 2086 2065 2067
f 2085 2065 2086
f 2087 2067 2069
f 2086 2067 2087
f 2088 2069 2071
f 2087 2069 2088
f 2071 2073 2089
f 2090 2071 2089
f 2088 2071 2090
f 2090 2089 2076
f 2090 2076 2074
f 1879 2090 2074
f 1878 1879 2074
f 1878 2074 1880
f 1880 2074 2077
f 1880 2077 1870
f 2078 1882 1876
f 1882 2078 1884
f 1884 2078 2080
f 2092 2091 1885
f 2092 1885 1884
f 2082 2092 1884
f 2080 2082 1884
f 2094 2093 2091
f 2094 2091 2092
f 2095 2093 2094
f 2084 2085 2096
f 2084 2096 2097
f 2098 2085 2086
f 2096 2085 2098
f 2099 2086 2087
f 2098 2086 2099
f 1888 2099 1887
f 2099 2088 1887
f 2099 2087 2088
f 1887 2088 1890
f 1890 2088 2090
f 1890 2090 1879
f 2091 1892 1885
f 1892 2091 1895
f 1895 2091 2093
f 2101 2100 1896
f 2101 1896 1895
f 2095 2101 1895
f 2093 2095 1895
f 2102 2100 2101
f 2097 2096 2103
f 2097 2103 2104
f 1899 2103 1898
f 2103 2098 1898
f 2103 2096 2098
f 1898 2098 1901
f 1901 2098 2099
f 1901 2099 1888
f 2100 1903 1896
f 2106 2105 1905
f 2106 1905 1903
f 2102 2106 1903
f 2100 2102 1903
f 2108 2107 2105
f 2108 2105 2106
f 2110 2109 2107
f 2110 2107 2108
f 2112 2111 2109
f 2112 2109 2110
f 1906 1907 2111
f 2112 1906 2111
f 2113 1906 2112
f 2103 1908 2104
f 1908 2113 2104
f 1908 1906 2113
f 1908 2103 1899
f 2105 1909 1905
f 1909 2105 1910
f 1910 2105 2107
f 1910 2107 1911
f 1911 2107 2109
f 1911 2109 1912
f 1912 2109 2111
f 1912 2111 1907
f 2114 1940 1941
f 1942 2114 1941
f 2115 1953 1954
f 1940 2114 1954
f 2114 2115 1954
f 2114 2116 2115
f 1955 2117 1942
f 2117 2114 1942
f 2117 2116 2114
f 1956 2117 1955
f 2118 1968 2115
f 2115 1968 1953
f 2119 2115 2116
f 2118 2115 2119
f 1971 2119 1970
f 2119 2117 1970
f 2119 2116 2117
f 1970 2117 1956
f 2120 1982 1983
f 1984 2121 1983
f 1983 2121 2120
f 1985 2122 1984
f 1984 2122 2121
f 1968 2118 1985
f 2118 2122 1985
f 2118 2123 2122
f 2124 2118 2119
f 2123 2118 2124
f 1987 2124 1971
f 1971 2124 2119
f 2125 1996 1997
f 1998 2126 1997
f 1997 2126 2125
f 1999 2126 1998
f 2120 2002 1982
f 2002 2120 2005
f 2005 2120 2121
f 2005 2121 2006
f 2121 2127 2006
f 2121 2122 2127
f 2128 2122 2123
f 2127 2122 2128
f 2129 2123 2124
f 2128 2123 2129
f 2008 2129 1987
f 1987 2129 2124
f 2130 2014 2015
f 2017 2130 2015
f 2125 2023 1996
f 2023 2125 2026
f 2026 2125 2126
f 2026 2126 1999
f 2131 2027 2028
f 2029 2132 2028
f 2028 2132 2131
f 2030 2133 2029
f 2029 2133 2132
f 2031 2134 2030
f 2030 2134 2133
f 2006 2127 2031
f 2127 2134 2031
f 2127 2135 2134
f 2136 2127 2128
f 2135 2127 2136
f 2137 2128 2129
f 2136 2128 2137
f 2033 2137 2008
f 2008 2137 2129
f 2138 2037 2130
f 2130 2037 2014
f 2038 2139 2017
f 2139 2130 2017
f 2139 2138 2130
f 2039 2140 2038
f 2038 2140 2139
f 2040 2141 2039
f 2039 2141 2140
f 2042 2141 2040
f 2142 2044 2045
f 2046 2143 2045
f 2045 2143 2142
f 2047 2144 2046
f 2046 2144 2143
f 2048 2144 2047
f 2145 2050 2131
f 2131 2050 2027
f 2146 2131 2132
f 2145 2131 2146
f 2147 2132 2133
f 2146 2132 2147
f 2148 2133 2134
f 2147 2133 2148
f 2149 2134 2135
f 2148 2134 2149
f 2150 2135 2136
f 2149 2135 2150
f 2151 2136 2137
f 2150 2136 2151
f 2052 2151 2033
f 2033 2151 2137
f 2138 2056 2037
f 2056 2138 2058
f 2138 2152 2058
f 2138 2139 2152
f 2153 2139 2140
f 2152 2139 2153
f 2154 2140 2141
f 2153 2140 2154
f 2059 2155 2042
f 2155 2141 2042
f 2155 2154 2141
f 2060 2156 2059
f 2059 2156 2155
f 2044 2142 2060
f 2142 2156 2060
f 2142 2157 2156
f 2158 2142 2143
f 2157 2142 2158
f 2159 2143 2144
f 2158 2143 2159
f 2061 2160 2048
f 2160 2144 2048
f 2160 2159 2144
f 2061 2050 2160
f 2050 2145 2160
f 2064 2062 2160
f 2064 2160 2145
f 2064 2145 2066
f 2066 2145 2146
f 2066 2146 2068
f 2068 2146 2147
f 2068 2147 2070
f 2070 2147 2148
f 2070 2148 2072
f 2072 2148 2149
f 2072 2149 2073
f 2149 2161 2073
f 2149 2150 2161
f 2076 2161 2075
f 2161 2151 2075
f 2161 2150 2151
f 2075 2151 2052
f 2152 2079 2058
f 2079 2152 2081
f 2081 2152 2153
f 2081 2153 2082
f 2153 2162 2082
f 2153 2154 2162
f 2163 2154 2155
f 2162 2154 2163
f 2164 2155 2156
f 2163 2155 2164
f 2165 2156 2157
f 2164 2156 2165
f 2166 2157 2158
f 2165 2157 2166
f 2167 2158 2159
f 2166 2158 2167
f 2168 2159 2160
f 2167 2159 2168
f 2083 2169 2062
f 2169 2160 2062
f 2169 2168 2160
f 2084 2169 2083
f 2161 2089 2073
f 2089 2161 2076
f 2162 2092 2082
f 2092 2162 2094
f 2094 2162 2163
f 2094 2163 2095
f 2163 2170 2095
f 2163 2164 2170
f 2171 2164 2165
f 2170 2164 2171
f 2172 2165 2166
f 2171 2165 2172
f 2173 2166 2167
f 2172 2166 2173
f 2174 2167 2168
f 2173 2167 2174
f 2175 2168 2169
f 2174 2168 2175
f 2097 2175 2084
f 2084 2175 2169
f 2170 2101 2095
f 2101 2170 2102
f 2170 2176 2102
f 2170 2171 2176
f 2177 2171 2172
f 2176 2171 2177
f 2178 2172 2173
f 2177 2172 2178
f 2179 2173 2174
f 2178 2173 2179
f 2180 2174 2175
f 2179 2174 2180
f 2104 2180 2097
f 2097 2180 2175
f 2176 2106 2102
f 2106 2176 2108
f 2108 2176 2177
f 2108 2177 2110
f 2110 2177 2178
f 2110 2178 2112
f 2112 2178 2179
f 2112 2179 2113
f 2113 2179 2180
f 2113 2180 2104
