v -63.1 -61.0 22.7
v -63.0 -61.1 23.0
v -63.1 -61.0 25.1
v -63.0 -61.0 26.0
v -63.0 -60.9 23.0
v -63.0 -60.9 25.0
v -62.0 -62.2 23.0
v -62.0 -62.0 22.8
v -62.1 -62.1 26.0
v -62.0 -61.0 22.5
v -61.9 -61.7 24.1
v -62.2 -61.0 27.1
v -62.0 -61.0 28.0
v -62.0 -60.6 23.0
v -62.0 -60.6 26.2
v -61.3 -63.0 22.0
v -61.0 -63.0 21.3
v -61.0 -63.4 22.0
v -61.5 -63.0 23.0
v -61.4 -63.1 24.5
v -61.5 -62.9 26.1
v -61.2 -63.1 28.0
v -60.7 -63.0 29.0
v -61.5 -62.0 22.0
v -61.0 -61.1 21.7
v -61.9 -61.7 24.9
v -61.7 -62.0 27.0
v -61.2 -62.0 29.0
v -61.0 -62.0 29.5
v -61.4 -61.0 22.0
v -61.0 -61.7 29.0
v -61.0 -60.5 24.1
v -61.0 -60.5 26.8
v -61.1 -60.7 28.1
v -60.0 -69.0 15.0
v -60.2 -69.0 16.0
v -60.0 -69.0 16.4
v -60.2 -68.0 17.0
v -60.0 -68.4 17.0
v -60.4 -68.0 18.2
v -60.4 -68.0 20.0
v -60.3 -68.0 21.0
v -59.7 -67.9 22.2
v -60.0 -67.7 17.0
v -60.4 -67.0 18.0
v -60.5 -67.0 19.0
v -60.5 -66.8 20.7
v -60.3 -67.0 22.0
v -60.1 -66.0 17.9
v -60.4 -66.0 19.0
v -60.4 -66.0 20.0
v -60.4 -65.0 22.1
v -60.0 -65.8 18.0
v -60.0 -65.6 20.0
v -60.4 -65.0 21.0
v -60.0 -65.0 20.6
v -59.8 -65.0 23.0
v -60.2 -65.1 26.1
v -60.0 -65.4 27.0
v -60.4 -65.0 27.6
v -60.3 -65.0 29.0
v -59.7 -65.0 30.0
v -60.6 -64.0 22.0
v -60.5 -64.0 23.0
v -59.6 -65.0 24.1
v -60.5 -64.1 25.0
v -60.6 -64.0 26.7
v -60.6 -64.0 28.0
v -60.5 -64.0 29.0
v -60.2 -63.9 30.1
v -60.0 -63.0 21.4
v -60.3 -63.0 30.0
v -60.0 -63.0 30.2
v -60.0 -62.0 21.5
v -60.0 -62.6 30.0
v -60.0 -62.0 29.5
v -60.0 -61.0 21.5
v -60.0 -61.5 29.0
v -61.0 -60.7 22.0
v -60.0 -60.0 21.8
v -60.0 -60.3 24.0
v -60.0 -60.6 25.0
v -60.0 -60.6 26.0
v -60.0 -60.5 27.0
v -60.0 -60.7 28.1
v -60.0 -59.7 22.0
v -60.9 -60.4 23.0
v -59.0 -71.0 13.0
v -59.2 -71.0 14.0
v -59.4 -70.0 14.0
v -59.0 -70.0 13.6
v -59.5 -70.0 15.0
v -58.7 -70.9 15.1
v -59.5 -70.0 16.0
v -59.4 -70.0 17.2
v -59.4 -70.0 20.0
v -59.3 -70.0 21.0
v -59.1 -69.0 13.9
v -59.7 -69.0 17.0
v -59.6 -69.0 20.9
v -58.7 -70.0 22.0
v -59.4 -69.0 22.0
v -59.3 -69.0 24.0
v -59.0 -68.8 14.1
v -60.0 -68.0 16.0
v -59.0 -68.3 16.0
v -59.0 -68.0 16.4
v -59.4 -68.0 24.0
v -59.0 -67.5 17.0
v -60.0 -66.9 17.6
v -59.6 -67.0 23.0
v -59.4 -67.0 24.0
v -59.2 -67.1 29.1
v -59.2 -67.1 29.9
v -59.0 -66.0 17.5
v -59.6 -66.0 23.0
v -59.4 -66.0 24.0
v -58.8 -66.0 25.0
v -59.1 -66.2 27.0
v -59.0 -66.0 26.4
v -59.0 -66.6 28.0
v -59.5 -66.0 28.0
v -59.6 -65.9 29.1
v -59.4 -66.1 31.0
v -58.6 -67.0 32.0
v -59.5 -66.0 32.0
v -59.3 -66.0 33.0
v -59.0 -66.0 33.3
v -59.0 -64.9 18.0
v -59.0 -65.3 19.0
v -59.0 -65.0 20.4
v -59.0 -65.7 25.0
v -59.6 -65.0 25.0
v -58.8 -65.9 26.0
v -59.5 -65.0 31.0
v -59.8 -65.0 32.0
v -59.2 -65.0 33.1
v -60.0 -64.0 20.9
v -59.0 -64.0 21.3
v -59.0 -64.5 31.0
v -59.0 -64.0 30.6
v -59.0 -64.5 32.0
v -59.0 -64.8 33.0
v -59.0 -63.0 30.3
v -59.0 -61.0 21.5
v -59.0 -61.1 25.0
v -59.0 -61.2 26.0
v -59.0 -61.3 28.0
v -59.0 -61.8 29.1
v -59.0 -60.0 21.6
v -59.0 -59.8 24.1
v -59.0 -60.8 27.0
v -59.0 -58.8 23.0
v -58.1 -72.2 13.0
v -58.0 -72.0 12.8
v -58.0 -72.5 14.0
v -58.5 -72.0 14.0
v -57.7 -72.7 15.0
v -58.3 -72.0 16.0
v -57.9 -71.0 12.6
v -57.7 -72.0 17.0
v -58.5 -71.0 17.0
v -58.5 -71.0 21.0
v -58.3 -71.0 23.0
v -58.0 -70.0 13.4
v -58.4 -70.1 24.0
v -58.3 -69.0 26.0
v -57.0 -68.3 16.0
v -58.0 -68.4 16.0
v -58.0 -68.0 16.4
v -58.5 -68.9 25.0
v -58.4 -68.0 26.0
v -58.1 -68.1 32.0
v -58.6 -67.0 25.0
v -58.4 -67.0 26.0
v -58.0 -67.4 28.0
v -57.9 -67.0 27.0
v -58.0 -67.6 29.0
v -58.0 -67.6 31.0
v -58.6 -67.0 31.0
v -57.7 -67.9 33.0
v -58.5 -67.0 33.0
v -58.3 -67.0 34.0
v -58.0 -67.0 34.3
v -58.0 -66.0 17.5
v -58.3 -66.0 34.0
v -58.0 -65.1 20.0
v -58.0 -66.0 34.3
v -58.0 -65.0 33.6
v -58.0 -64.7 18.0
v -58.0 -64.4 21.0
v -58.0 -64.0 21.4
v -58.0 -64.1 31.0
v -58.0 -64.4 33.0
v -58.2 -63.1 21.5
v -58.0 -63.4 30.0
v -58.0 -63.9 32.0
v -58.0 -62.0 21.6
v -58.0 -62.1 28.7
v -57.9 -61.2 26.0
v -58.0 -61.3 27.0
v -58.0 -61.6 28.0
v -58.0 -60.0 22.3
v -57.9 -60.1 24.7
v -59.0 -59.0 22.0
v -58.0 -59.0 22.7
v -58.0 -59.5 24.0
v -58.0 -58.8 23.0
v -57.0 -73.3 14.0
v -57.0 -73.0 13.6
v -57.0 -73.5 16.0
v -57.5 -73.0 16.0
v -57.4 -73.1 16.8
v -57.4 -73.0 17.9
v -57.3 -73.0 19.0
v -57.3 -73.0 23.0
v -57.4 -73.0 24.1
v -57.0 -72.4 13.0
v -57.6 -72.0 18.5
v -56.7 -73.0 20.0
v -57.6 -72.0 19.9
v -56.6 -72.9 21.0
v -56.7 -73.0 22.0
v -57.5 -72.0 22.0
v -57.5 -72.0 24.0
v -57.5 -71.7 25.4
v -57.3 -73.0 25.0
v -57.3 -71.0 27.0
v -56.7 -72.0 27.0
v -57.0 -70.9 12.6
v -57.6 -71.9 23.1
v -57.0 -70.0 13.4
v -57.7 -70.0 25.0
v -57.5 -70.0 26.0
v -57.0 -71.0 28.0
v -58.1 -68.8 13.9
v -57.0 -69.1 14.3
v -56.9 -70.0 27.0
v -57.5 -69.0 27.0
v -57.4 -69.0 28.3
v -56.7 -70.0 28.0
v -57.3 -69.0 30.0
v -56.7 -69.0 31.0
v -57.0 -68.5 15.0
v -57.0 -68.0 16.2
v -57.6 -68.0 27.0
v -57.6 -68.0 28.0
v -57.6 -68.0 29.6
v -57.0 -68.7 31.0
v -57.6 -68.0 31.0
v -57.0 -68.5 33.0
v -57.0 -68.5 34.0
v -57.5 -68.0 34.0
v -57.2 -68.1 35.0
v -58.0 -67.1 17.3
v -57.0 -67.0 16.7
v -57.4 -67.0 35.0
v -57.0 -66.5 35.0
v -57.0 -66.0 34.6
v -57.0 -67.0 36.0
v -58.0 -65.0 17.7
v -57.0 -64.4 19.0
v -57.0 -64.4 20.0
v -57.0 -64.1 21.1
v -57.0 -64.9 34.3
v -57.0 -63.6 31.0
v -57.0 -63.7 33.0
v -57.0 -62.0 22.3
v -57.0 -62.0 28.5
v -58.0 -61.0 21.7
v -57.0 -61.0 22.5
v -57.5 -61.0 27.0
v -57.0 -61.4 28.0
v -57.0 -60.0 22.7
v -57.6 -60.0 25.0
v -57.1 -59.8 26.0
v -57.0 -60.6 27.0
v -57.0 -59.1 23.0
v -57.0 -59.5 24.0
v -57.0 -59.6 25.0
v -56.1 -75.0 20.0
v -56.1 -75.0 23.0
v -56.0 -75.0 22.8
v -55.8 -74.6 16.0
v -55.2 -75.3 17.1
v -56.5 -74.0 18.0
v -55.7 -74.9 19.0
v -56.5 -73.9 19.0
v -55.7 -74.9 21.0
v -56.4 -74.0 21.0
v -55.7 -75.0 22.0
v -56.4 -74.0 22.0
v -56.6 -74.0 23.0
v -56.5 -74.0 24.0
v -55.1 -75.3 25.0
v -56.0 -73.0 13.1
v -56.0 -73.9 14.0
v -56.5 -73.0 26.1
v -56.3 -73.1 26.9
v -57.0 -72.0 12.7
v -56.0 -72.0 13.2
v -55.7 -73.0 28.0
v -56.5 -72.0 28.0
v -56.1 -72.0 29.0
v -56.0 -71.4 29.0
v -55.9 -71.0 29.0
v -56.3 -70.2 29.7
v -56.5 -70.0 30.0
v -56.3 -70.0 32.0
v -56.0 -69.5 14.0
v -56.0 -69.0 14.4
v -55.7 -70.0 33.0
v -56.5 -69.0 33.0
v -56.1 -69.2 34.0
v -55.8 -68.9 35.1
v -56.0 -68.5 36.0
v -56.5 -68.0 36.0
v -56.0 -68.0 37.0
v -56.0 -67.9 14.9
v -56.0 -67.5 16.0
v -56.1 -66.9 16.6
v -56.0 -67.0 36.4
v -57.0 -66.0 17.4
v -56.0 -66.7 36.0
v -56.0 -65.0 17.6
v -55.4 -65.0 34.4
v -56.0 -64.6 18.0
v -56.0 -63.8 19.0
v -56.0 -63.6 20.0
v -56.7 -64.0 21.0
v -56.0 -64.3 33.8
v -56.0 -63.6 21.0
v -56.0 -63.3 22.0
v -57.0 -63.0 21.7
v -56.0 -63.0 22.3
v -56.0 -63.4 30.0
v -56.8 -63.5 32.0
v -56.0 -63.6 33.0
v -56.7 -62.6 29.1
v -55.5 -62.0 28.6
v -56.4 -61.0 23.0
v -56.7 -60.0 23.0
v -56.4 -60.0 24.0
v -56.1 -60.3 26.9
v -56.0 -60.9 28.2
v -56.0 -59.7 25.0
v -56.0 -59.6 26.0
v -55.1 -77.0 20.0
v -55.1 -77.0 21.0
v -55.2 -76.0 19.0
v -54.9 -76.0 20.0
v -55.2 -76.0 22.0
v -55.0 -75.4 16.0
v -54.7 -76.0 18.0
v -55.5 -75.0 18.0
v -54.9 -76.0 21.0
v -54.8 -75.9 23.1
v -54.6 -75.9 24.0
v -55.8 -74.8 24.0
v -56.0 -73.8 15.1
v -55.0 -74.0 14.5
v -54.7 -75.0 26.0
v -55.5 -74.0 27.1
v -55.4 -74.0 28.9
v -55.3 -74.0 30.0
v -55.0 -72.9 13.6
v -55.0 -73.4 14.0
v -55.6 -72.9 29.1
v -55.6 -72.1 30.0
v -55.3 -72.0 32.0
v -55.9 -71.0 12.8
v -55.7 -71.0 30.0
v -55.6 -71.0 32.0
v -54.7 -72.0 33.0
v -55.4 -71.0 33.0
v -55.3 -71.0 34.0
v -54.7 -71.0 35.0
v -56.0 -70.0 13.0
v -55.4 -70.0 14.0
v -55.0 -70.0 14.4
v -55.6 -70.0 34.0
v -55.2 -70.0 35.1
v -55.3 -69.1 36.1
v -54.8 -69.0 37.0
v -55.1 -69.0 38.0
v -55.0 -69.0 38.4
v -55.0 -67.9 14.8
v -55.0 -68.7 37.0
v -55.0 -68.0 37.4
v -55.0 -67.3 16.0
v -55.0 -67.7 37.1
v -55.7 -66.3 35.0
v -55.6 -66.0 34.7
v -55.0 -66.8 36.1
v -55.0 -64.9 17.8
v -55.0 -64.0 18.6
v -55.0 -64.6 34.0
v -55.0 -63.6 19.1
v -55.1 -63.5 21.8
v -55.3 -63.0 23.0
v -55.0 -63.3 23.0
v -55.0 -63.2 30.0
v -55.0 -63.4 31.0
v -55.0 -63.4 32.0
v -55.0 -63.7 33.0
v -55.8 -62.0 22.8
v -55.0 -62.5 29.0
v -55.7 -60.9 23.9
v -55.1 -61.1 25.1
v -55.0 -60.8 28.2
v -55.7 -60.0 25.0
v -55.0 -60.0 25.6
v -55.0 -60.0 27.3
v -55.0 -59.7 26.0
v -55.0 -59.7 27.0
v -54.0 -78.1 22.0
v -54.2 -77.0 16.0
v -54.0 -77.0 15.2
v -54.0 -77.2 16.0
v -54.0 -77.0 16.6
v -54.2 -77.1 17.9
v -54.5 -77.0 19.0
v -54.0 -77.5 19.0
v -54.0 -77.7 21.0
v -54.6 -77.0 22.0
v -54.0 -78.0 23.0
v -54.4 -77.0 23.0
v -54.1 -77.0 25.0
v -54.0 -76.8 15.0
v -54.6 -76.0 16.0
v -54.5 -76.0 17.0
v -53.9 -76.9 24.0
v -54.6 -76.0 25.0
v -54.3 -76.1 26.0
v -54.4 -75.0 15.0
v -53.9 -75.8 27.0
v -54.5 -75.0 27.1
v -54.5 -75.0 30.0
v -54.3 -75.1 31.0
v -54.0 -74.0 14.7
v -53.7 -75.0 32.0
v -54.4 -74.0 32.0
v -54.3 -74.0 33.0
v -54.7 -73.0 14.0
v -54.0 -73.5 15.0
v -54.1 -73.0 15.2
v -54.7 -74.0 31.0
v -53.7 -73.9 34.1
v -54.6 -72.0 14.0
v -54.3 -71.6 15.0
v -54.6 -72.0 34.0
v -54.3 -72.0 35.0
v -54.8 -71.0 13.8
v -54.0 -71.4 15.3
v -54.1 -71.0 36.1
v -54.5 -70.0 15.0
v -53.9 -70.1 15.5
v -54.1 -70.0 36.0
v -54.0 -70.0 37.0
v -55.0 -69.0 14.6
v -53.6 -69.9 38.1
v -54.0 -69.4 39.0
v -54.8 -69.0 39.0
v -54.0 -69.0 39.3
v -54.7 -68.0 15.0
v -54.0 -68.0 15.5
v -54.4 -68.0 38.0
v -54.0 -68.0 38.5
v -54.0 -68.6 39.0
v -54.0 -67.3 36.0
v -54.7 -66.4 17.0
v -54.1 -66.0 17.4
v -54.0 -66.5 35.0
v -54.0 -66.0 34.5
v -54.0 -65.4 18.0
v -54.0 -65.0 18.4
v -53.9 -63.9 18.9
v -54.0 -64.0 23.0
v -54.5 -64.0 33.0
v -54.0 -64.2 32.9
v -54.0 -64.9 34.2
v -54.0 -63.6 20.0
v -54.0 -63.5 21.0
v -54.0 -63.6 22.0
v -54.0 -62.9 23.6
v -54.0 -62.4 29.0
v -54.0 -62.0 28.5
v -54.0 -62.6 30.0
v -54.0 -62.7 31.0
v -53.0 -61.7 25.0
v -54.0 -61.0 25.4
v -54.0 -61.4 28.0
v -54.0 -61.0 27.6
v -54.0 -60.0 25.8
v -53.9 -59.9 27.0
v -53.1 -78.4 18.0
v -53.0 -78.4 19.5
v -53.0 -78.3 21.0
v -53.0 -77.9 22.0
v -53.1 -78.1 25.0
v -53.0 -77.2 16.0
v -53.9 -76.9 17.0
v -53.0 -77.7 23.2
v -53.0 -77.7 24.0
v -52.6 -77.9 26.0
v -51.8 -77.9 27.0
v -54.0 -76.0 14.8
v -53.0 -76.0 15.5
v -52.2 -77.3 28.0
v -53.5 -76.0 31.0
v -53.4 -76.0 33.0
v -53.2 -76.0 34.1
v -54.0 -75.0 14.8
v -53.0 -75.0 15.4
v -53.6 -75.0 33.0
v -53.4 -75.0 34.0
v -53.0 -75.0 34.6
v -53.0 -74.0 15.5
v -53.0 -74.7 35.0
v -53.4 -74.0 35.0
v -53.2 -74.0 36.1
v -53.0 -73.0 15.6
v -53.4 -73.0 36.0
v -53.0 -73.0 36.6
v -53.7 -72.0 36.0
v -53.2 -72.0 37.0
v -53.0 -71.6 37.0
v -52.9 -71.0 36.8
v -53.0 -70.0 16.3
v -53.0 -70.3 37.0
v -53.0 -70.4 38.0
v -53.5 -70.0 39.0
v -53.0 -70.3 39.8
v -53.3 -70.0 40.0
v -54.0 -69.0 15.5
v -53.0 -69.0 16.3
v -53.4 -69.0 40.0
v -53.0 -70.0 41.0
v -53.1 -68.0 39.4
v -54.0 -67.0 15.9
v -53.0 -67.0 16.4
v -53.0 -66.5 17.0
v -53.0 -66.1 33.9
v -53.0 -66.6 35.0
v -53.1 -65.2 19.0
v -53.0 -65.0 33.4
v -53.0 -64.4 20.0
v -53.4 -64.0 20.0
v -53.0 -64.3 23.0
v -53.0 -64.0 23.4
v -52.9 -64.4 32.7
v -52.9 -63.8 22.0
v -54.0 -62.9 32.0
v -53.0 -63.3 31.7
v -53.0 -62.5 29.0
v -52.9 -60.9 26.0
v -53.2 -61.2 27.0
v -53.9 -59.8 26.0
v -52.0 -80.0 22.0
v -52.0 -80.0 22.0
v -52.0 -80.0 23.0
v -52.3 -79.0 18.0
v -52.0 -79.7 18.0
v -52.0 -79.0 18.3
v -52.0 -79.9 22.0
v -52.0 -80.0 23.0
v -52.2 -79.2 25.0
v -52.0 -79.0 24.5
v -52.2 -79.1 26.0
v -53.0 -78.0 17.0
v -52.0 -78.0 17.4
v -52.0 -78.6 19.0
v -52.0 -78.6 20.0
v -52.1 -78.6 22.0
v -51.8 -79.0 23.0
v -51.8 -79.0 24.0
v -52.9 -77.0 15.8
v -52.3 -77.0 17.0
v -52.0 -77.0 17.2
v -51.5 -78.0 30.0
v -52.1 -77.4 33.0
v -52.1 -77.2 34.1
v -52.4 -76.0 16.0
v -52.0 -76.0 16.4
v -51.8 -76.0 34.9
v -52.0 -75.0 36.3
v -52.0 -74.0 16.3
v -52.0 -73.0 16.3
v -51.8 -74.0 36.9
v -52.6 -73.0 37.0
v -52.3 -73.0 38.0
v -51.5 -73.0 39.0
v -52.1 -72.0 15.8
v -52.3 -72.0 38.0
v -52.0 -71.0 16.3
v -52.0 -69.8 16.5
v -51.9 -71.0 38.0
v -52.0 -70.6 39.2
v -52.0 -70.5 41.0
v -51.7 -69.1 41.8
v -52.1 -70.0 42.0
v -53.0 -68.0 15.9
v -52.0 -68.0 16.5
v -51.7 -68.1 40.8
v -53.0 -67.4 36.0
v -53.8 -67.5 37.1
v -53.0 -65.7 18.0
v -52.0 -66.4 18.0
v -52.0 -66.4 34.0
v -52.0 -65.6 19.0
v -52.3 -65.0 22.0
v -52.2 -65.1 23.0
v -51.9 -66.0 33.4
v -52.9 -63.8 21.0
v -51.8 -64.9 21.0
v -52.5 -64.0 24.0
v -52.1 -64.0 25.1
v -52.0 -64.1 31.0
v -52.6 -64.0 32.0
v -52.0 -64.6 32.1
v -52.9 -63.0 23.8
v -52.0 -63.0 25.4
v -52.0 -63.3 29.0
v -52.5 -63.0 30.0
v -52.0 -63.5 30.0
v -52.9 -62.8 31.0
v -52.6 -62.0 25.0
v -51.9 -61.9 26.0
v -52.0 -62.3 27.0
v -53.0 -61.7 28.0
v -52.0 -62.5 28.0
v -51.1 -81.1 22.0
v -50.9 -81.0 22.3
v -51.0 -80.1 18.0
v -51.0 -80.0 21.3
v -51.0 -80.7 23.0
v -51.0 -80.4 24.0
v -51.4 -80.0 24.0
v -51.0 -79.0 17.6
v -51.3 -79.1 19.9
v -50.8 -80.0 21.0
v -51.6 -79.0 21.0
v -51.7 -79.0 22.0
v -51.0 -79.7 25.0
v -51.0 -79.5 27.0
v -51.5 -79.0 27.0
v -51.3 -79.0 29.0
v -51.6 -78.0 28.2
v -50.6 -78.9 31.0
v -51.0 -78.4 32.0
v -51.0 -78.3 33.0
v -51.1 -77.0 17.4
v -50.9 -77.7 34.1
v -51.0 -77.4 35.0
v -51.4 -77.0 35.0
v -51.0 -76.0 16.6
v -50.6 -77.0 36.0
v -51.4 -76.0 36.0
v -52.0 -75.0 15.9
v -51.0 -75.0 16.4
v -51.4 -75.0 37.0
v -51.0 -74.0 16.4
v -50.7 -75.0 38.0
v -51.5 -74.0 38.0
v -51.3 -74.0 39.0
v -51.0 -73.0 16.6
v -50.6 -73.0 40.0
v -51.0 -72.0 16.5
v -51.5 -72.0 39.0
v -50.6 -72.0 40.0
v -51.0 -71.0 16.5
v -51.6 -71.0 39.0
v -51.2 -71.2 41.0
v -51.1 -71.3 42.0
v -51.0 -71.0 42.4
v -51.0 -71.0 40.0
v -51.0 -70.0 42.6
v -51.0 -69.0 16.6
v -51.0 -68.9 42.3
v -51.0 -68.5 17.0
v -51.5 -68.0 17.0
v -51.1 -68.1 18.0
v -51.9 -66.9 16.9
v -51.5 -67.0 18.0
v -51.2 -67.1 21.0
v -51.0 -67.0 20.7
v -51.2 -67.1 22.0
v -51.0 -67.0 22.4
v -51.0 -67.4 36.0
v -51.1 -67.5 37.2
v -50.6 -67.5 40.2
v -51.0 -67.7 41.0
v -51.6 -66.0 19.0
v -51.0 -66.5 20.0
v -51.4 -66.0 20.0
v -51.6 -66.0 22.0
v -51.3 -66.0 23.0
v -51.0 -66.0 23.3
v -51.0 -66.2 33.0
v -51.0 -66.4 34.0
v -51.6 -66.6 35.0
v -51.9 -64.8 20.0
v -51.9 -65.0 23.4
v -51.0 -65.4 32.0
v -52.0 -64.5 24.0
v -52.0 -64.1 25.0
v -51.0 -64.2 30.0
v -51.0 -64.2 31.0
v -50.0 -63.9 25.7
v -51.0 -63.5 29.0
v -51.0 -62.7 26.0
v -51.0 -62.5 27.0
v -51.1 -62.6 28.1
v -50.3 -82.0 19.0
v -50.0 -82.0 18.7
v -50.0 -82.4 19.0
v -50.2 -82.0 20.0
v -50.3 -82.0 23.0
v -50.2 -82.0 24.0
v -50.8 -81.0 19.0
v -50.0 -81.0 18.6
v -50.1 -81.0 20.0
v -50.0 -81.5 21.0
v -50.4 -81.0 21.0
v -49.9 -81.8 22.0
v -50.5 -81.0 24.0
v -50.0 -80.0 18.4
v -50.6 -80.0 19.0
v -50.5 -80.0 20.0
v -49.8 -81.0 25.0
v -50.2 -80.4 25.8
v -50.5 -80.0 29.0
v -50.2 -80.1 30.0
v -50.0 -79.0 17.7
v -50.0 -79.4 18.0
v -51.0 -79.0 19.0
v -50.7 -79.0 30.0
v -49.9 -79.7 31.0
v -50.2 -79.2 32.0
v -50.8 -78.0 17.5
v -49.8 -78.8 33.1
v -50.0 -78.5 34.0
v -50.5 -78.0 35.0
v -50.3 -78.0 36.0
v -49.7 -77.0 37.0
v -50.0 -76.0 16.6
v -50.0 -77.0 17.3
v -50.6 -76.0 37.0
v -50.2 -76.1 38.1
v -50.0 -75.0 16.4
v -50.2 -75.3 38.9
v -50.0 -74.0 16.0
v -49.8 -74.8 40.0
v -50.5 -74.0 40.1
v -50.2 -74.1 41.0
v -50.0 -72.0 17.2
v -50.6 -72.0 41.0
v -50.6 -72.0 42.0
v -50.0 -72.6 42.9
v -50.4 -72.0 42.9
v -50.2 -72.0 44.0
v -50.0 -72.1 44.1
v -50.0 -71.0 16.7
v -50.6 -71.0 43.0
v -50.3 -71.0 44.0
v -50.0 -71.0 44.7
v -50.9 -70.0 16.5
v -50.4 -70.0 43.0
v -50.0 -70.6 44.0
v -50.0 -69.0 16.6
v -50.1 -69.1 20.0
v -50.1 -69.0 21.0
v -50.0 -69.7 43.0
v -50.0 -69.0 42.5
v -50.0 -68.6 17.0
v -50.0 -68.5 18.0
v -50.5 -68.0 19.0
v -50.0 -68.5 19.0
v -50.3 -68.0 20.0
v -49.9 -68.0 21.0
v -50.1 -68.0 23.0
v -50.0 -68.2 41.7
v -50.7 -67.0 19.0
v -50.2 -67.0 20.0
v -49.9 -67.9 21.9
v -50.6 -67.0 23.0
v -50.0 -67.0 23.5
v -50.0 -67.3 36.0
v -50.0 -67.4 38.0
v -50.0 -67.6 41.0
v -50.0 -66.0 23.6
v -50.0 -66.3 33.0
v -50.0 -66.5 35.0
v -49.9 -64.9 23.9
v -50.0 -65.2 30.9
v -50.1 -65.8 32.2
v -50.0 -65.9 34.0
v -50.0 -64.5 25.0
v -50.0 -64.4 30.0
v -50.0 -63.0 26.4
v -50.0 -62.6 27.0
v -49.1 -84.1 16.9
v -49.0 -84.4 18.0
v -49.4 -84.0 18.0
v -49.2 -84.1 19.0
v -49.0 -84.0 23.0
v -49.2 -83.0 17.0
v -49.1 -82.9 16.8
v -49.9 -83.0 18.0
v -49.4 -83.0 20.0
v -49.5 -83.0 23.0
v -49.0 -83.0 22.4
v -49.4 -83.0 24.0
v -49.5 -82.1 21.0
v -49.5 -82.0 25.0
v -48.7 -83.0 25.0
v -49.2 -82.0 27.0
v -49.0 -81.0 18.4
v -49.6 -81.0 26.0
v -49.5 -81.0 28.0
v -48.1 -82.4 29.0
v -48.0 -81.7 31.0
v -49.0 -80.0 18.4
v -49.5 -80.0 32.0
v -49.2 -80.1 33.0
v -49.5 -79.0 34.0
v -48.7 -79.9 34.0
v -49.2 -79.1 36.0
v -49.3 -78.1 37.1
v -48.9 -77.1 16.7
v -49.3 -76.9 38.2
v -48.9 -75.9 38.9
v -49.1 -75.2 41.0
v -49.1 -73.9 15.8
v -49.4 -74.1 42.0
v -50.0 -73.0 17.1
v -49.0 -72.9 16.8
v -49.0 -72.0 17.4
v -49.0 -72.6 44.0
v -49.0 -72.0 44.4
v -49.0 -71.0 17.3
v -49.0 -71.0 44.6
v -49.0 -70.0 16.6
v -49.0 -70.1 43.7
v -49.0 -69.0 16.5
v -49.0 -69.4 20.0
v -49.0 -69.9 21.0
v -49.5 -69.0 22.0
v -49.0 -69.4 22.0
v -49.3 -69.0 23.0
v -49.0 -69.2 23.0
v -49.0 -69.4 42.9
v -49.0 -68.0 17.0
v -49.0 -68.0 17.0
v -49.0 -68.4 18.0
v -49.0 -68.6 19.0
v -49.0 -68.0 24.2
v -49.0 -68.5 42.0
v -49.0 -68.0 17.0
v -49.4 -67.0 24.1
v -49.0 -67.0 24.5
v -49.8 -67.0 36.0
v -49.5 -67.0 38.0
v -49.0 -67.0 38.6
v -49.0 -67.3 39.0
v -49.1 -67.5 39.9
v -49.0 -67.7 41.0
v -49.0 -66.3 25.0
v -49.2 -66.0 25.0
v -49.0 -66.2 32.0
v -49.0 -65.8 34.0
v -48.9 -66.4 35.0
v -49.5 -65.0 25.0
v -49.0 -65.5 31.0
v -49.1 -65.8 37.0
v -49.0 -66.0 38.0
v -49.0 -64.0 26.4
v -49.0 -63.5 29.0
v -49.0 -62.7 27.0
v -49.7 -62.6 28.0
v -48.2 -85.1 18.0
v -47.8 -84.8 19.1
v -48.0 -85.0 23.0
v -48.0 -84.0 16.2
v -47.8 -84.8 17.0
v -48.0 -84.4 20.0
v -47.7 -84.0 22.0
v -48.5 -84.1 24.0
v -48.0 -84.6 24.0
v -48.0 -84.1 26.0
v -48.0 -83.0 16.5
v -47.7 -83.9 21.0
v -48.6 -83.0 26.0
v -48.1 -83.3 26.9
v -48.0 -82.4 17.0
v -49.0 -82.0 18.2
v -47.8 -82.9 28.0
v -48.0 -82.3 30.0
v -48.0 -81.0 17.5
v -48.2 -81.2 33.0
v -48.1 -79.9 17.6
v -48.0 -80.6 34.1
v -48.0 -80.3 36.0
v -49.0 -79.0 18.1
v -48.0 -79.0 17.6
v -47.7 -79.9 36.9
v -48.0 -79.0 37.4
v -49.0 -78.0 17.5
v -48.0 -78.1 38.2
v -48.0 -76.0 16.3
v -47.1 -77.6 39.0
v -48.9 -75.6 40.0
v -49.0 -75.0 16.3
v -47.0 -75.9 15.7
v -48.0 -75.7 41.0
v -48.0 -75.4 42.0
v -48.0 -74.0 15.5
v -47.7 -75.0 42.9
v -48.0 -73.1 16.0
v -48.0 -73.0 16.5
v -48.2 -73.5 43.9
v -48.0 -73.0 44.4
v -48.0 -72.9 17.0
v -48.0 -72.0 17.4
v -47.9 -72.1 44.8
v -48.0 -71.0 17.4
v -48.1 -71.0 45.1
v -48.0 -69.0 16.7
v -48.0 -69.4 20.0
v -48.0 -69.6 21.0
v -48.0 -69.4 22.0
v -48.0 -69.8 44.1
v -48.0 -68.3 18.0
v -48.0 -68.0 17.0
v -48.0 -68.6 19.0
v -48.0 -68.0 24.2
v -48.0 -68.3 41.0
v -48.0 -68.7 42.1
v -48.0 -68.0 17.0
v -48.1 -66.8 24.9
v -48.3 -67.0 39.0
v -48.0 -67.6 40.0
v -48.5 -66.0 26.0
v -48.0 -66.5 26.0
v -48.1 -66.1 27.1
v -49.0 -66.2 33.0
v -48.0 -66.2 35.0
v -49.0 -66.4 36.0
v -48.0 -66.4 38.0
v -48.0 -66.9 39.1
v -48.8 -64.9 26.0
v -48.4 -65.0 27.0
v -48.0 -65.0 27.4
v -48.0 -65.2 30.8
v -48.0 -65.7 33.0
v -48.0 -65.6 34.0
v -48.0 -65.8 37.0
v -48.3 -64.0 27.0
v -48.0 -64.0 27.3
v -48.0 -64.3 30.0
v -48.0 -63.5 29.0
v -48.0 -62.7 28.0
v -47.1 -86.2 18.0
v -47.1 -86.2 19.0
v -47.0 -85.0 16.7
v -47.5 -85.0 20.0
v -47.3 -85.0 21.0
v -47.0 -85.5 23.0
v -47.0 -85.3 24.0
v -47.0 -84.0 16.4
v -46.9 -85.0 22.0
v -46.9 -84.7 25.0
v -47.0 -83.9 26.0
v -47.0 -83.6 27.0
v -47.0 -83.5 28.0
v -47.0 -83.3 29.0
v -47.6 -82.0 17.0
v -47.0 -82.0 16.6
v -47.0 -82.7 30.0
v -47.0 -82.5 31.0
v -47.0 -82.5 32.0
v -47.0 -81.0 16.7
v -47.0 -82.3 33.0
v -46.9 -80.8 35.0
v -47.0 -80.6 36.0
v -47.0 -80.3 37.0
v -47.0 -80.0 37.3
v -47.0 -79.0 17.4
v -47.1 -78.0 17.4
v -47.0 -78.6 38.0
v -47.1 -77.8 38.7
v -47.0 -77.0 16.5
v -47.0 -77.3 40.0
v -47.0 -76.6 41.0
v -47.0 -76.3 42.0
v -47.0 -75.0 15.4
v -46.2 -76.4 43.0
v -47.2 -75.1 44.1
v -47.0 -74.0 15.0
v -47.7 -74.0 44.0
v -47.3 -74.3 44.8
v -47.0 -73.4 16.0
v -47.0 -73.0 16.5
v -47.6 -73.0 45.0
v -47.3 -73.0 46.1
v -47.0 -72.6 17.0
v -47.0 -72.0 17.4
v -47.5 -72.0 46.0
v -47.0 -72.0 47.0
v -47.0 -71.0 17.6
v -47.3 -71.0 46.0
v -47.0 -71.0 46.4
v -48.0 -70.0 16.8
v -47.0 -70.4 45.0
v -47.0 -70.7 46.0
v -47.5 -69.0 17.0
v -47.0 -69.0 17.4
v -46.9 -69.2 20.0
v -47.0 -69.4 21.0
v -47.5 -69.0 22.0
v -47.0 -69.0 21.4
v -47.9 -69.2 23.0
v -47.0 -69.3 42.0
v -48.0 -69.4 43.0
v -48.0 -68.0 17.0
v -47.1 -67.9 17.9
v -47.0 -68.0 21.8
v -47.6 -68.0 24.0
v -47.1 -68.1 38.9
v -47.6 -68.0 40.0
v -47.0 -68.5 40.0
v -47.0 -68.7 41.0
v -47.2 -67.9 22.0
v -47.0 -67.6 24.0
v -47.0 -67.4 25.0
v -47.0 -67.1 26.0
v -47.0 -66.0 27.5
v -48.0 -66.1 32.0
v -47.0 -66.8 36.0
v -48.0 -65.9 36.0
v -47.0 -66.6 37.0
v -46.8 -66.9 38.0
v -47.0 -65.0 27.6
v -47.0 -65.0 31.5
v -47.0 -65.4 32.0
v -47.0 -65.8 35.1
v -47.0 -64.0 27.7
v -46.6 -64.0 31.0
v -48.0 -63.0 26.9
v -47.0 -63.6 29.0
v -47.0 -63.7 30.0
v -46.0 -87.1 19.0
v -46.2 -87.0 20.0
v -46.0 -87.2 20.0
v -46.0 -86.4 18.0
v -46.7 -86.0 20.0
v -46.5 -86.0 21.1
v -46.0 -86.5 21.1
v -46.2 -86.2 23.0
v -45.8 -85.1 16.6
v -45.9 -85.7 24.0
v -45.9 -85.6 24.9
v -46.2 -85.1 26.0
v -46.6 -84.0 27.0
v -46.2 -84.2 28.0
v -46.0 -83.7 28.9
v -46.1 -83.4 29.9
v -46.0 -83.3 32.0
v -46.0 -81.4 16.5
v -45.9 -82.8 33.0
v -46.0 -82.4 34.0
v -45.7 -82.0 35.0
v -46.2 -81.2 36.0
v -47.0 -80.0 17.3
v -46.0 -80.0 16.6
v -45.8 -80.8 37.0
v -46.0 -80.0 38.1
v -46.0 -79.0 16.7
v -46.0 -78.0 17.1
v -46.0 -79.0 38.0
v -46.0 -78.4 39.0
v -45.9 -76.8 42.0
v -46.1 -76.2 44.0
v -46.0 -75.0 15.5
v -46.0 -74.1 16.1
v -46.6 -74.0 46.0
v -46.2 -74.1 47.0
v -46.0 -74.0 47.2
v -45.9 -72.9 16.7
v -46.5 -73.0 47.0
v -46.0 -72.0 17.6
v -46.0 -72.0 47.6
v -46.0 -71.0 18.3
v -47.0 -70.0 17.5
v -45.4 -70.4 45.0
v -46.0 -70.9 47.1
v -46.0 -70.0 18.3
v -46.0 -69.0 20.6
v -46.0 -69.2 21.0
v -46.0 -69.0 21.3
v -46.0 -69.3 40.0
v -46.0 -69.4 41.1
v -45.6 -69.5 43.0
v -46.0 -68.0 17.7
v -47.0 -68.4 19.0
v -46.2 -68.1 37.9
v -46.0 -68.3 38.0
v -46.0 -68.7 39.0
v -46.0 -67.6 18.0
v -46.0 -67.7 19.0
v -46.0 -67.0 21.8
v -46.0 -67.3 23.9
v -46.0 -67.4 25.0
v -46.5 -67.0 37.0
v -46.0 -67.0 36.5
v -47.0 -67.5 23.0
v -46.0 -66.9 26.0
v -47.0 -66.4 27.0
v -46.5 -66.0 28.0
v -46.0 -66.4 28.0
v -46.0 -66.2 29.0
v -46.9 -65.6 34.0
v -46.0 -66.1 34.0
v -46.0 -66.0 34.7
v -46.0 -66.6 36.0
v -46.6 -65.0 28.0
v -46.0 -65.2 32.0
v -46.0 -65.0 31.8
v -46.0 -65.6 33.0
v -46.7 -64.0 28.0
v -46.5 -64.0 29.0
v -47.0 -63.0 28.0
v -46.0 -63.8 30.0
v -46.0 -63.6 31.0
v -46.0 -64.0 32.0
v -46.0 -87.1 19.0
v -45.1 -86.7 19.0
v -45.0 -87.4 20.0
v -45.0 -86.7 22.1
v -45.0 -86.5 24.0
v -44.1 -87.2 26.0
v -45.0 -85.0 16.6
v -45.0 -85.4 17.0
v -44.3 -86.2 27.1
v -45.0 -84.1 16.5
v -45.1 -85.3 28.0
v -45.7 -83.0 16.5
v -45.0 -83.7 30.0
v -45.1 -83.4 32.9
v -45.5 -83.0 34.0
v -45.1 -83.2 35.0
v -45.3 -82.1 36.1
v -45.0 -81.0 16.4
v -45.0 -81.0 37.4
v -45.1 -80.4 38.1
v -45.0 -79.0 16.4
v -45.0 -79.4 39.0
v -45.0 -78.0 16.6
v -44.1 -79.5 40.0
v -45.9 -77.7 40.0
v -46.0 -77.4 41.0
v -46.0 -77.0 16.5
v -45.4 -77.0 43.0
v -46.0 -76.0 15.7
v -45.0 -76.0 16.3
v -45.0 -76.7 44.0
v -45.0 -76.4 45.0
v -45.0 -75.0 15.9
v -44.9 -75.8 46.0
v -45.0 -74.0 16.5
v -44.0 -74.9 47.6
v -45.0 -73.0 17.0
v -45.3 -73.0 18.0
v -45.0 -73.7 18.0
v -45.0 -73.0 19.0
v -45.7 -72.0 17.9
v -45.1 -72.0 19.1
v -45.0 -72.4 48.0
v -45.7 -72.0 48.0
v -45.0 -71.6 19.0
v -45.0 -71.9 48.2
v -45.6 -70.6 46.3
v -45.0 -70.8 47.1
v -46.0 -69.0 17.7
v -45.0 -69.1 21.0
v -45.0 -69.0 22.0
v -44.0 -69.0 23.0
v -45.0 -69.3 39.0
v -45.0 -69.5 40.0
v -45.0 -69.5 41.2
v -47.1 -69.6 44.0
v -45.0 -68.0 17.7
v -45.0 -68.0 20.5
v -45.0 -68.0 21.5
v -45.0 -68.0 37.0
v -45.0 -68.0 37.0
v -45.0 -68.5 38.0
v -45.0 -67.0 18.0
v -45.0 -67.4 19.0
v -45.0 -67.7 20.0
v -45.0 -67.0 21.5
v -45.0 -67.4 25.0
v -45.0 -67.0 35.0
v -45.0 -67.0 36.5
v -45.0 -66.0 21.8
v -45.0 -66.8 24.2
v -45.0 -66.6 27.0
v -44.1 -66.5 29.9
v -45.0 -66.3 30.0
v -45.0 -66.0 30.3
v -45.0 -66.4 34.0
v -45.0 -66.0 33.5
v -46.0 -65.9 35.0
v -45.0 -66.7 36.0
v -45.1 -65.8 22.0
v -45.0 -65.8 23.0
v -46.2 -66.0 29.0
v -45.0 -65.2 32.0
v -45.0 -65.0 31.5
v -45.0 -65.5 33.0
v -45.8 -64.0 29.9
v -45.0 -64.0 31.3
v -45.0 -63.3 31.0
v -44.0 -87.4 21.0
v -44.0 -87.4 22.0
v -44.0 -87.5 23.0
v -44.0 -87.5 24.0
v -44.0 -87.5 25.0
v -45.0 -86.3 17.9
v -44.0 -86.3 19.0
v -44.0 -86.1 28.0
v -44.0 -85.1 16.9
v -44.0 -85.5 18.0
v -44.0 -85.3 29.0
v -44.0 -84.0 16.6
v -44.0 -84.5 30.0
v -44.0 -84.3 31.0
v -45.0 -83.6 31.0
v -44.0 -84.0 31.5
v -44.1 -82.8 16.5
v -43.9 -83.8 32.0
v -44.0 -83.6 33.0
v -44.0 -83.5 35.0
v -44.1 -83.2 36.0
v -44.0 -82.0 16.3
v -43.9 -82.2 37.3
v -44.0 -81.0 15.7
v -45.0 -80.0 16.4
v -44.0 -80.0 15.6
v -44.0 -81.0 37.8
v -44.0 -79.0 15.9
v -44.0 -79.8 39.0
v -44.1 -79.3 41.0
v -44.0 -78.6 42.0
v -44.0 -78.3 43.0
v -44.0 -77.0 16.5
v -44.0 -77.6 44.0
v -44.0 -77.3 45.0
v -44.0 -76.0 16.6
v -44.0 -76.6 46.0
v -44.0 -76.2 47.0
v -44.0 -76.0 47.3
v -44.0 -74.0 47.8
v -44.0 -73.7 17.0
v -44.0 -73.5 18.0
v -44.0 -72.8 18.8
v -44.0 -73.0 48.3
v -44.0 -72.0 19.4
v -45.0 -71.0 18.7
v -44.0 -71.0 19.3
v -44.0 -71.2 46.9
v -44.1 -71.9 48.2
v -44.1 -70.1 18.7
v -44.0 -70.6 46.0
v -45.0 -69.0 18.3
v -44.8 -69.0 21.0
v -44.0 -69.0 21.6
v -44.0 -69.3 22.0
v -44.0 -69.0 23.0
v -44.0 -69.2 38.9
v -44.0 -69.5 40.2
v -44.0 -69.4 42.0
v -44.0 -69.4 43.0
v -44.1 -68.0 17.7
v -44.5 -68.0 21.0
v -44.0 -68.0 21.6
v -44.3 -68.0 22.0
v -45.0 -68.0 37.0
v -44.0 -68.0 38.0
v -44.0 -68.0 38.0
v -44.0 -67.5 20.0
v -44.0 -67.6 21.0
v -44.0 -67.7 22.0
v -44.0 -67.0 21.6
v -44.0 -67.3 25.0
v -45.0 -67.1 26.0
v -44.6 -67.0 37.0
v -44.0 -68.0 38.0
v -44.8 -67.0 38.0
v -44.5 -67.0 39.0
v -44.3 -67.0 40.2
v -44.0 -66.0 21.7
v -44.0 -66.6 24.0
v -44.0 -66.0 23.4
v -44.0 -66.8 26.0
v -43.9 -66.5 27.0
v -44.9 -66.5 28.0
v -44.4 -66.0 31.0
v -44.0 -66.9 31.0
v -44.0 -66.0 31.4
v -43.9 -66.1 33.9
v -44.0 -66.5 36.0
v -44.2 -65.8 38.0
v -44.4 -66.0 39.0
v -44.2 -66.0 40.0
v -44.0 -67.0 41.0
v -44.0 -65.7 22.0
v -44.0 -65.6 23.0
v -44.7 -65.0 31.0
v -44.0 -65.0 33.3
v -44.0 -65.6 39.0
v -44.0 -65.8 40.0
v -44.8 -64.0 31.0
v -44.2 -64.8 31.9
v -44.0 -64.8 33.0
v -43.0 -88.3 24.0
v -43.0 -88.3 25.0
v -43.9 -87.2 20.0
v -43.4 -87.0 21.0
v -43.0 -86.9 21.2
v -43.0 -87.5 22.0
v -42.9 -87.8 25.8
v -43.4 -87.0 27.0
v -43.1 -87.2 27.1
v -43.7 -86.0 19.0
v -43.2 -86.1 20.2
v -43.8 -85.0 17.0
v -43.6 -85.0 18.0
v -43.4 -85.0 19.0
v -43.0 -85.0 19.6
v -43.0 -85.9 28.0
v -43.0 -85.5 29.0
v -43.0 -85.0 29.6
v -43.1 -85.0 32.0
v -43.6 -84.0 17.0
v -43.1 -83.9 19.1
v -43.0 -84.7 30.0
v -43.0 -84.7 31.0
v -43.4 -84.0 33.0
v -43.0 -83.0 16.7
v -42.9 -83.3 17.0
v -43.0 -83.6 18.0
v -42.9 -83.8 34.0
v -43.0 -83.6 35.0
v -43.0 -83.4 36.0
v -43.0 -82.0 15.9
v -43.0 -82.7 37.0
v -42.8 -82.0 38.5
v -43.0 -81.0 15.5
v -43.0 -80.0 15.5
v -43.0 -80.7 39.0
v -43.0 -80.4 40.0
v -43.0 -80.2 41.0
v -43.0 -79.0 16.3
v -42.9 -78.8 43.0
v -44.0 -78.0 16.4
v -43.0 -78.4 44.0
v -43.0 -77.0 16.6
v -42.9 -77.7 45.0
v -43.0 -77.4 46.0
v -43.0 -76.0 17.2
v -43.0 -76.7 47.0
v -43.0 -76.3 48.0
v -43.0 -76.0 48.3
v -44.0 -75.0 16.5
v -44.0 -74.0 16.8
v -43.0 -74.0 17.6
v -43.0 -74.0 48.6
v -43.0 -73.6 18.0
v -43.0 -73.0 18.5
v -43.0 -72.0 19.4
v -43.0 -72.3 48.0
v -43.1 -73.0 49.0
v -43.0 -71.0 19.5
v -43.0 -71.5 47.0
v -43.0 -69.9 19.3
v -43.0 -70.4 45.0
v -43.0 -70.0 44.5
v -42.9 -70.6 46.0
v -43.0 -69.0 18.6
v -43.0 -69.0 21.8
v -42.9 -69.1 23.1
v -43.7 -69.0 39.0
v -43.1 -69.5 44.0
v -43.0 -68.0 17.7
v -43.0 -68.4 18.0
v -43.0 -68.0 21.4
v -43.0 -68.0 23.2
v -43.6 -68.0 39.0
v -42.9 -69.0 40.0
v -43.4 -68.0 40.0
v -43.2 -68.8 42.0
v -43.2 -68.8 43.0
v -43.0 -67.0 17.8
v -43.0 -67.3 19.0
v -43.0 -67.6 21.0
v -43.5 -67.0 22.0
v -42.7 -67.0 23.0
v -43.0 -67.0 23.3
v -43.0 -67.4 24.0
v -42.7 -67.5 25.2
v -42.5 -67.3 26.4
v -44.0 -67.0 35.0
v -42.8 -67.9 41.1
v -43.0 -67.0 41.6
v -43.0 -66.7 18.0
v -43.0 -66.0 22.0
v -43.0 -66.5 29.0
v -43.0 -66.5 30.0
v -43.0 -66.0 31.4
v -43.5 -66.0 35.0
v -44.0 -66.4 37.0
v -43.5 -66.0 41.0
v -43.0 -66.3 42.0
v -43.1 -66.0 42.0
v -42.9 -65.9 23.0
v -43.9 -65.0 31.7
v -43.4 -65.0 34.0
v -42.9 -65.3 35.0
v -43.5 -66.0 36.0
v -43.0 -64.9 38.0
v -43.0 -65.0 38.2
v -43.0 -65.3 39.0
v -43.0 -65.5 41.0
v -43.1 -66.0 42.0
v -43.0 -64.6 32.0
v -43.0 -64.4 33.0
v -43.0 -64.6 34.0
v -43.0 -88.1 23.0
v -42.0 -88.4 24.0
v -42.0 -88.5 25.0
v -42.0 -88.8 26.0
v -42.0 -88.0 26.6
v -42.0 -87.2 22.0
v -42.1 -87.7 23.0
v -42.0 -87.7 27.0
v -42.1 -86.7 27.9
v -42.0 -86.2 29.2
v -42.0 -86.1 32.0
v -42.0 -85.0 20.4
v -42.0 -85.0 30.0
v -42.6 -85.0 33.0
v -42.2 -85.1 34.0
v -42.0 -84.0 19.7
v -42.1 -82.7 18.0
v -42.0 -83.3 19.0
v -41.9 -83.8 36.0
v -41.8 -83.6 37.0
v -42.1 -83.2 38.1
v -42.1 -82.5 17.0
v -43.0 -82.3 38.0
v -42.0 -81.0 15.7
v -42.8 -81.0 38.9
v -41.8 -81.0 40.0
v -42.0 -80.0 15.2
v -42.0 -80.8 40.0
v -42.0 -80.4 42.0
v -42.0 -79.4 16.0
v -41.9 -79.0 16.4
v -41.0 -80.4 43.9
v -42.0 -77.0 16.7
v -42.0 -77.6 47.0
v -42.0 -77.3 48.0
v -42.0 -76.0 17.3
v -42.1 -76.0 49.1
v -42.0 -75.0 17.6
v -41.9 -75.0 48.9
v -42.0 -73.0 18.6
v -42.3 -73.0 50.0
v -42.0 -72.6 49.0
v -42.0 -72.8 50.0
v -42.0 -73.0 51.0
v -41.7 -71.0 19.5
v -42.1 -71.0 44.9
v -42.0 -71.6 45.0
v -42.0 -71.0 45.5
v -42.0 -72.5 48.0
v -42.0 -70.0 19.5
v -42.0 -70.0 44.7
v -41.9 -70.9 46.0
v -42.0 -68.9 19.1
v -42.9 -69.1 22.0
v -42.9 -69.1 40.9
v -42.5 -69.0 44.0
v -42.0 -69.0 44.4
v -42.0 -68.0 17.8
v -42.7 -68.0 23.0
v -42.6 -68.0 42.0
v -42.6 -68.0 43.0
v -42.0 -68.0 44.3
v -42.0 -67.0 17.7
v -42.0 -66.6 19.0
v -42.0 -67.5 21.0
v -42.0 -67.5 23.0
v -42.7 -67.5 23.3
v -41.9 -67.5 24.3
v -43.0 -66.7 27.0
v -43.0 -67.0 31.0
v -42.7 -67.0 42.0
v -42.4 -67.0 43.0
v -42.0 -67.0 43.6
v -42.0 -66.1 30.0
v -42.0 -66.4 31.0
v -42.0 -66.0 31.3
v -42.4 -66.0 43.0
v -42.0 -66.0 43.4
v -42.0 -66.0 18.0
v -42.9 -65.2 37.0
v -42.3 -65.0 39.0
v -42.6 -65.0 40.0
v -42.6 -65.0 41.9
v -42.4 -65.0 43.0
v -42.0 -65.0 43.4
v -42.0 -64.7 32.0
v -42.0 -64.0 32.7
v -42.0 -64.4 38.0
v -42.3 -64.0 38.9
v -42.5 -64.0 40.0
v -42.4 -64.0 42.7
v -42.0 -64.0 43.9
v -42.0 -63.8 33.0
v -42.0 -63.7 34.0
v -42.1 -62.9 38.9
v -42.3 -63.1 40.7
v -42.2 -63.0 42.0
v -42.0 -62.7 39.0
v -42.0 -62.4 41.0
v -42.0 -63.0 42.8
v -41.1 -89.1 27.0
v -41.0 -88.1 24.0
v -41.0 -87.9 25.0
v -41.0 -88.6 26.0
v -41.7 -88.0 27.0
v -41.1 -88.0 29.0
v -41.0 -87.3 23.0
v -41.7 -87.0 28.0
v -41.9 -86.0 20.8
v -41.3 -86.0 22.1
v -40.9 -87.0 29.0
v -40.7 -87.0 30.0
v -41.5 -86.0 30.0
v -41.0 -86.9 31.0
v -41.7 -86.0 31.0
v -40.7 -87.0 31.0
v -41.0 -86.5 33.0
v -41.7 -85.9 33.0
v -41.1 -86.2 34.0
v -41.5 -85.0 21.1
v -42.4 -84.0 35.0
v -41.7 -84.0 20.0
v -41.4 -83.9 21.0
v -41.4 -83.1 21.0
v -40.9 -83.7 38.0
v -41.0 -83.4 39.0
v -40.6 -83.0 40.0
v -41.5 -82.0 18.0
v -41.4 -82.0 19.0
v -41.7 -83.0 19.0
v -41.4 -82.0 21.0
v -41.5 -82.0 40.0
v -41.0 -82.0 41.0
v -40.8 -81.0 17.0
v -40.6 -81.0 17.9
v -40.7 -81.0 19.0
v -41.3 -81.0 20.0
v -41.2 -81.0 21.0
v -41.5 -81.0 41.0
v -41.0 -81.3 42.0
v -41.3 -81.0 42.0
v -41.0 -80.0 15.9
v -41.7 -80.0 43.0
v -41.0 -79.0 16.5
v -41.0 -79.6 45.0
v -41.0 -79.2 46.1
v -41.0 -78.0 16.5
v -41.1 -78.0 22.0
v -41.1 -78.0 23.0
v -39.7 -77.9 49.0
v -41.0 -77.0 16.9
v -40.1 -77.7 48.9
v -41.6 -77.2 48.6
v -41.1 -77.0 49.3
v -41.0 -76.0 49.7
v -41.0 -76.0 16.8
v -41.0 -75.0 17.3
v -41.0 -75.5 50.0
v -41.2 -75.1 50.1
v -42.0 -74.0 18.1
v -41.0 -74.0 17.7
v -41.7 -74.0 50.0
v -41.3 -74.0 51.1
v -41.0 -73.0 18.5
v -41.3 -73.0 47.0
v -41.0 -73.3 47.0
v -41.0 -73.0 46.2
v -41.4 -73.0 48.0
v -41.0 -73.3 48.0
v -41.7 -72.0 45.0
v -41.0 -72.2 45.0
v -41.0 -72.0 44.8
v -41.0 -72.2 46.0
v -41.7 -72.0 47.0
v -40.5 -72.5 50.7
v -41.0 -72.6 51.0
v -41.0 -73.0 52.0
v -41.0 -71.0 44.7
v -41.0 -70.0 19.5
v -41.0 -70.3 45.0
v -41.8 -70.0 45.0
v -41.0 -70.0 45.2
v -41.7 -69.0 19.0
v -41.0 -69.1 18.8
v -41.0 -68.0 18.4
v -42.0 -68.1 22.0
v -41.4 -68.0 45.0
v -41.0 -68.3 46.0
v -41.1 -68.0 47.4
v -40.9 -68.0 48.0
v -41.5 -67.0 18.0
v -42.0 -67.3 20.0
v -41.0 -67.2 22.0
v -41.0 -67.0 23.0
v -41.1 -67.3 24.1
v -41.0 -67.4 26.0
v -41.0 -67.5 27.0
v -42.0 -66.7 28.0
v -41.0 -67.4 28.0
v -42.0 -66.6 28.9
v -41.0 -67.3 29.0
v -41.0 -67.0 29.7
v -41.0 -67.1 31.0
v -42.2 -67.9 44.0
v -40.7 -67.0 45.0
v -41.2 -68.0 46.2
v -41.0 -66.1 18.0
v -41.4 -66.0 19.0
v -41.0 -66.4 20.0
v -41.0 -66.7 21.0
v -41.0 -66.0 31.6
v -41.0 -66.1 43.7
v -41.0 -65.7 19.0
v -42.0 -65.0 31.7
v -41.0 -65.0 43.3
v -41.0 -64.0 32.6
v -41.7 -64.1 35.0
v -41.7 -64.2 36.1
v -42.0 -64.4 37.0
v -41.6 -64.0 38.0
v -41.5 -64.0 43.0
v -41.1 -64.3 42.9
v -41.0 -63.7 33.0
v -41.0 -63.5 34.0
v -41.0 -63.6 35.0
v -41.0 -63.6 37.7
v -41.0 -63.4 39.0
v -41.8 -63.0 39.0
v -42.0 -62.7 39.8
v -41.0 -63.5 40.0
v -41.5 -63.0 41.1
v -41.7 -63.0 42.0
v -40.0 -89.0 26.6
v -40.0 -89.9 27.0
v -40.0 -89.5 28.0
v -40.8 -88.8 27.9
v -40.1 -89.2 29.0
v -40.4 -88.0 30.0
v -41.7 -87.0 22.0
v -40.0 -87.3 24.0
v -40.0 -87.5 25.0
v -40.0 -87.2 31.0
v -40.0 -87.4 32.0
v -40.0 -87.3 33.0
v -40.0 -86.0 23.3
v -40.0 -86.7 33.9
v -40.0 -86.3 35.1
v -39.9 -85.7 36.0
v -40.1 -85.3 37.0
v -40.5 -84.0 22.0
v -40.5 -84.0 39.0
v -40.2 -84.1 40.0
v -40.0 -84.0 40.3
v -40.6 -82.5 22.0
v -40.3 -83.0 22.9
v -40.0 -83.0 40.5
v -40.0 -82.0 40.7
v -40.6 -81.0 22.0
v -40.4 -81.0 23.0
v -40.0 -81.2 41.0
v -40.0 -81.0 41.3
v -41.0 -81.0 43.0
v -40.5 -80.0 17.0
v -40.5 -80.2 18.3
v -40.6 -80.0 20.0
v -40.6 -80.0 21.0
v -40.5 -80.1 22.9
v -40.3 -80.0 24.0
v -40.0 -80.7 43.0
v -40.0 -80.3 45.0
v -40.5 -79.0 17.0
v -40.4 -79.0 18.0
v -40.5 -78.6 19.4
v -40.5 -78.9 20.4
v -40.6 -79.0 22.0
v -40.6 -79.0 23.0
v -40.4 -78.9 24.0
v -40.0 -79.6 46.0
v -39.6 -79.0 47.9
v -40.0 -78.0 16.1
v -39.7 -78.0 17.0
v -40.3 -78.0 19.0
v -40.6 -78.0 21.0
v -40.3 -78.0 24.0
v -40.0 -77.0 16.0
v -40.5 -77.0 21.0
v -40.5 -77.0 22.0
v -39.7 -76.0 23.0
v -39.7 -77.0 24.0
v -40.0 -77.1 50.2
v -40.0 -76.0 16.5
v -40.3 -76.9 20.1
v -40.1 -76.0 21.0
v -40.1 -76.0 26.0
v -40.0 -76.0 50.5
v -40.0 -75.0 16.7
v -40.1 -75.0 23.0
v -40.2 -75.0 23.8
v -40.3 -75.0 25.0
v -40.2 -75.0 26.0
v -40.0 -75.4 51.0
v -40.0 -74.0 17.5
v -39.5 -74.0 26.0
v -40.0 -74.0 52.4
v -40.1 -73.2 18.3
v -40.0 -73.0 46.6
v -40.0 -73.5 48.0
v -40.8 -72.7 49.2
v -40.0 -73.0 52.3
v -40.0 -72.0 45.0
v -39.8 -72.6 52.0
v -40.0 -71.0 19.6
v -40.2 -71.0 45.3
v -40.0 -70.0 20.0
v -40.0 -70.0 45.6
v -40.0 -69.0 18.8
v -40.0 -69.0 31.0
v -41.0 -69.0 44.9
v -40.0 -69.4 46.0
v -40.0 -68.0 18.6
v -40.2 -68.2 30.0
v -40.4 -68.0 31.0
v -40.0 -68.0 31.4
v -40.0 -68.7 47.0
v -40.0 -68.4 48.0
v -40.0 -68.0 48.3
v -41.0 -67.0 18.3
v -40.0 -67.0 23.0
v -40.0 -67.6 27.0
v -40.0 -67.6 28.0
v -40.0 -67.7 29.0
v -40.9 -66.9 30.0
v -40.6 -67.0 46.0
v -40.4 -67.0 47.0
v -41.0 -66.0 17.9
v -40.0 -66.0 18.5
v -39.8 -66.2 21.1
v -40.0 -66.6 22.0
v -40.0 -66.8 24.0
v -40.0 -66.8 25.1
v -40.0 -67.0 26.0
v -40.0 -66.0 32.3
v -40.4 -66.0 44.0
v -40.2 -66.0 45.0
v -40.4 -66.0 46.0
v -40.0 -66.7 47.0
v -40.0 -65.5 19.0
v -40.0 -65.6 20.0
v -41.0 -65.0 32.3
v -40.1 -65.1 42.0
v -40.6 -65.0 43.0
v -40.0 -65.5 43.0
v -40.0 -65.8 44.3
v -40.0 -65.9 46.0
v -40.0 -64.0 32.8
v -40.1 -64.3 40.1
v -40.5 -64.0 41.0
v -40.0 -64.5 41.0
v -40.8 -63.8 42.0
v -40.0 -63.6 38.0
v -39.0 -89.0 27.2
v -39.0 -89.7 28.0
v -39.0 -89.6 29.0
v -39.0 -89.3 30.0
v -40.0 -88.1 25.8
v -39.0 -88.0 26.4
v -39.0 -88.6 31.0
v -39.5 -88.0 31.0
v -39.0 -88.3 32.0
v -39.7 -87.0 23.9
v -39.3 -86.9 25.1
v -39.0 -87.7 33.0
v -39.0 -87.4 34.0
v -38.9 -86.0 24.0
v -39.0 -86.7 35.0
v -39.0 -86.5 36.0
v -39.0 -86.3 37.0
v -39.7 -85.0 23.0
v -39.3 -85.0 24.0
v -39.0 -85.5 37.9
v -39.8 -84.8 38.0
v -39.0 -85.2 39.0
v -39.0 -85.0 40.0
v -39.0 -85.0 40.0
v -39.7 -84.0 23.0
v -39.4 -84.0 24.0
v -39.0 -84.0 40.9
v -39.6 -83.0 24.0
v -39.3 -83.0 25.0
v -39.4 -81.8 25.0
v -39.0 -82.9 40.9
v -39.7 -82.0 41.0
v -39.3 -82.1 42.0
v -39.7 -81.0 24.0
v -39.5 -80.1 25.0
v -40.0 -80.9 41.6
v -39.6 -81.0 43.0
v -38.9 -80.8 44.0
v -39.0 -80.5 45.0
v -39.5 -79.0 25.0
v -39.0 -79.8 46.0
v -39.0 -79.6 47.0
v -39.2 -79.4 47.8
v -39.1 -79.1 49.1
v -39.6 -78.0 25.0
v -39.3 -78.0 26.0
v -39.1 -78.0 29.0
v -39.0 -78.0 49.6
v -39.5 -77.0 17.0
v -39.4 -77.0 18.0
v -39.7 -78.0 18.0
v -39.5 -77.0 25.0
v -39.6 -77.0 26.0
v -39.4 -77.0 27.0
v -39.4 -77.0 28.0
v -39.3 -77.1 29.1
v -39.0 -77.6 50.0
v -39.0 -77.0 50.4
v -39.0 -76.0 16.7
v -38.7 -76.0 17.0
v -39.7 -76.0 20.0
v -39.8 -76.0 22.0
v -39.6 -76.0 24.0
v -39.7 -76.0 25.0
v -39.6 -76.0 27.0
v -39.5 -76.0 28.0
v -39.3 -76.0 29.0
v -39.0 -76.0 50.6
v -39.0 -75.0 16.7
v -39.3 -75.8 19.1
v -39.3 -75.0 20.0
v -39.6 -75.0 21.0
v -39.7 -75.0 22.0
v -39.6 -75.0 27.0
v -39.3 -75.0 28.0
v -39.0 -75.5 51.0
v -39.0 -75.1 52.0
v -39.0 -74.6 17.0
v -39.0 -74.0 17.7
v -39.5 -74.0 21.0
v -39.9 -74.0 22.0
v -39.6 -74.0 23.0
v -39.5 -74.0 25.0
v -39.3 -74.0 27.0
v -39.0 -74.0 53.1
v -39.0 -73.0 18.5
v -38.9 -73.0 23.0
v -39.1 -73.0 24.0
v -38.5 -73.0 26.0
v -38.5 -73.0 27.0
v -40.0 -73.3 47.1
v -39.0 -73.3 50.0
v -39.0 -73.0 52.4
v -39.0 -72.4 19.0
v -39.0 -72.0 19.4
v -39.2 -73.0 21.0
v -39.3 -73.0 22.0
v -39.9 -72.5 46.0
v -39.0 -72.1 46.6
v -39.0 -72.6 51.0
v -39.0 -71.0 19.7
v -39.0 -71.0 45.7
v -39.0 -70.0 20.3
v -39.0 -70.0 25.9
v -39.0 -70.1 27.6
v -39.1 -70.0 27.7
v -39.0 -69.9 28.9
v -38.9 -70.0 45.8
v -39.0 -69.0 19.5
v -39.3 -69.0 26.0
v -39.0 -69.0 25.3
v -39.3 -69.0 27.0
v -39.3 -69.0 28.0
v -39.3 -69.0 29.0
v -39.5 -69.0 30.0
v -39.0 -69.3 30.0
v -39.0 -69.3 31.0
v -39.0 -69.0 31.5
v -39.0 -69.8 46.0
v -39.0 -69.4 47.0
v -39.0 -68.0 19.3
v -39.3 -68.0 26.0
v -39.0 -68.0 25.6
v -39.5 -68.0 27.0
v -39.1 -68.0 28.0
v -39.7 -68.0 29.0
v -39.0 -68.1 32.3
v -39.0 -68.0 48.2
v -38.9 -67.0 18.7
v -39.0 -67.1 24.0
v -39.6 -67.0 25.0
v -39.0 -67.4 25.0
v -39.9 -67.0 31.7
v -39.0 -67.0 32.4
v -39.3 -67.0 44.0
v -39.0 -67.3 44.1
v -39.5 -67.0 45.5
v -39.0 -67.4 46.0
v -39.7 -67.0 47.0
v -39.0 -67.5 47.0
v -40.0 -67.0 48.0
v -39.0 -66.0 18.5
v -39.0 -65.9 22.1
v -39.0 -66.6 23.0
v -39.4 -66.1 43.0
v -39.7 -66.0 44.1
v -39.4 -65.0 20.0
v -39.0 -64.9 21.0
v -39.0 -65.0 32.6
v -39.0 -65.7 42.0
v -39.0 -64.7 20.0
v -39.0 -64.6 33.0
v -40.0 -63.8 33.0
v -39.0 -64.5 34.0
v -40.0 -63.6 34.1
v -39.0 -64.5 38.0
v -39.0 -64.4 39.0
v -40.0 -63.7 39.0
v -39.0 -64.6 40.0
v -39.0 -64.8 41.0
v -38.1 -91.1 28.0
v -38.0 -91.0 27.5
v -38.6 -90.0 28.0
v -38.0 -90.0 27.5
v -38.4 -90.0 29.0
v -38.0 -89.7 29.8
v -38.0 -89.2 31.0
v -38.0 -88.0 26.7
v -37.9 -88.7 32.0
v -38.0 -88.5 33.0
v -38.0 -88.3 34.0
v -38.1 -86.9 26.2
v -38.0 -87.6 35.0
v -38.0 -87.3 36.0
v -38.5 -86.0 25.0
v -38.0 -86.0 25.5
v -38.0 -86.5 37.0
v -38.5 -85.0 25.0
v -38.0 -85.5 38.0
v -38.7 -84.0 25.0
v -38.2 -84.0 26.1
v -38.0 -84.9 39.0
v -38.0 -84.0 40.0
v -38.0 -84.0 40.0
v -38.5 -83.0 26.0
v -37.9 -83.7 41.1
v -38.1 -83.3 42.0
v -38.4 -81.9 26.1
v -38.0 -82.6 43.0
v -38.6 -82.0 43.0
v -38.2 -82.2 43.9
v -38.5 -81.0 26.0
v -38.3 -81.0 28.0
v -38.8 -81.0 29.0
v -38.0 -81.5 29.0
v -38.1 -81.1 30.1
v -37.8 -81.9 45.0
v -38.5 -81.0 45.0
v -38.2 -81.1 46.0
v -38.4 -80.0 27.0
v -38.5 -80.0 29.0
v -38.2 -80.0 30.0
v -38.8 -80.0 46.0
v -38.4 -80.0 47.0
v -37.8 -80.0 47.9
v -38.7 -79.0 26.0
v -38.5 -79.1 27.1
v -38.5 -79.0 29.0
v -38.0 -79.8 48.0
v -38.0 -79.5 49.0
v -38.0 -79.0 49.5
v -38.7 -78.0 27.0
v -38.7 -78.0 28.0
v -38.0 -78.0 50.3
v -38.1 -77.0 30.3
v -38.0 -77.0 50.5
v -38.7 -76.1 18.0
v -38.4 -76.0 30.0
v -38.0 -76.0 30.4
v -38.0 -76.0 50.4
v -38.1 -75.0 17.0
v -38.5 -75.0 19.0
v -37.9 -75.0 18.0
v -38.7 -75.0 29.0
v -38.3 -75.0 30.0
v -38.0 -75.0 30.2
v -38.0 -75.1 50.0
v -38.0 -75.0 50.0
v -38.5 -74.0 18.0
v -38.0 -74.8 18.0
v -38.0 -74.0 18.8
v -38.7 -74.0 20.1
v -37.9 -74.0 19.0
v -38.7 -74.0 28.0
v -38.3 -74.1 29.1
v -38.0 -74.5 51.0
v -38.0 -74.5 52.0
v -38.0 -74.3 53.0
v -38.0 -74.0 53.3
v -38.0 -73.0 18.8
v -38.4 -73.0 20.0
v -38.0 -73.0 19.3
v -38.7 -73.0 25.0
v -38.3 -73.0 28.0
v -38.0 -73.3 49.0
v -38.0 -73.5 50.0
v -38.0 -73.0 50.6
v -38.0 -73.7 53.0
v -38.0 -73.0 52.5
v -38.0 -72.1 19.0
v -38.0 -72.1 20.0
v -38.0 -72.0 19.4
v -38.5 -72.0 21.0
v -38.6 -72.0 22.0
v -38.5 -72.0 23.0
v -38.6 -72.0 24.0
v -38.5 -72.0 24.9
v -37.9 -72.0 26.0
v -37.7 -72.0 26.9
v -38.0 -72.6 48.0
v -38.0 -72.8 51.0
v -38.0 -72.7 52.0
v -38.7 -71.0 20.0
v -38.4 -71.0 21.0
v -38.5 -71.0 22.0
v -38.6 -71.0 23.0
v -38.2 -71.0 26.0
v -38.3 -71.0 37.0
v -38.3 -71.0 38.0
v -38.1 -71.0 39.0
v -38.0 -71.0 46.3
v -38.0 -71.9 47.1
v -38.1 -70.0 21.0
v -38.5 -70.0 22.0
v -38.9 -70.0 23.0
v -38.5 -70.0 24.0
v -38.7 -70.0 26.0
v -38.5 -70.0 25.0
v -37.9 -70.0 26.0
v -38.9 -70.0 27.8
v -38.1 -71.0 36.0
v -37.8 -70.0 36.2
v -38.3 -70.0 37.0
v -38.0 -70.0 46.3
v -38.2 -69.0 21.0
v -38.0 -69.0 20.0
v -38.3 -69.0 23.0
v -37.7 -69.0 25.0
v -38.5 -69.0 26.0
v -38.5 -69.0 27.0
v -38.7 -69.0 28.0
v -38.6 -69.0 29.0
v -37.7 -69.0 31.0
v -38.0 -69.2 31.0
v -38.1 -69.0 37.0
v -38.0 -69.1 47.0
v -39.0 -69.0 48.0
v -38.0 -67.0 19.4
v -38.4 -69.0 22.0
v -38.2 -68.0 26.0
v -38.0 -68.5 27.0
v -38.0 -68.4 28.2
v -38.5 -69.0 30.0
v -38.0 -68.0 32.4
v -38.5 -68.0 47.0
v -37.8 -68.0 46.0
v -38.8 -68.0 48.0
v -38.4 -67.0 25.0
v -38.0 -67.0 25.2
v -38.0 -67.9 26.1
v -38.0 -67.0 32.6
v -38.2 -67.1 42.0
v -38.0 -67.0 41.6
v -38.0 -67.5 43.0
v -38.0 -67.6 44.3
v -38.0 -67.8 46.0
v -38.0 -66.4 22.0
v -38.0 -66.6 23.0
v -38.0 -66.1 24.0
v -38.0 -66.2 25.0
v -38.0 -66.0 32.7
v -38.3 -66.0 40.9
v -38.6 -66.9 43.0
v -39.0 -64.9 18.9
v -38.0 -64.9 20.0
v -38.0 -65.6 21.0
v -38.1 -65.3 34.0
v -38.1 -65.4 35.0
v -38.2 -65.3 37.0
v -38.1 -65.2 38.0
v -38.0 -64.9 39.0
v -38.4 -65.0 40.0
v -38.8 -65.0 41.0
v -37.0 -91.0 27.7
v -37.0 -91.3 28.0
v -37.0 -90.0 27.5
v -37.0 -90.7 29.0
v -37.9 -89.0 27.4
v -37.0 -89.7 30.0
v -37.0 -89.1 31.0
v -37.0 -89.4 32.0
v -37.0 -89.3 33.0
v -37.0 -88.4 35.0
v -37.0 -87.0 26.5
v -37.0 -87.6 36.0
v -37.0 -86.7 37.0
v -37.0 -86.0 25.9
v -38.0 -85.0 25.6
v -37.0 -85.8 38.0
v -37.0 -85.5 39.0
v -37.0 -85.3 40.0
v -37.3 -85.0 40.0
v -37.0 -84.5 41.0
v -37.5 -83.0 27.0
v -37.0 -83.0 27.6
v -37.0 -83.3 43.1
v -37.6 -82.0 27.0
v -37.5 -82.0 28.0
v -37.1 -82.2 29.0
v -37.0 -82.7 44.0
v -37.0 -82.5 45.0
v -37.0 -82.3 46.0
v -36.9 -81.6 47.0
v -37.9 -81.0 27.0
v -37.0 -81.6 30.0
v -37.0 -81.0 30.4
v -37.6 -81.0 47.0
v -37.2 -81.0 48.0
v -37.0 -81.2 48.0
v -38.0 -80.0 30.2
v -37.3 -80.0 49.0
v -37.0 -80.0 49.2
v -37.9 -79.0 29.7
v -37.0 -79.0 30.5
v -36.0 -79.0 49.8
v -38.0 -78.0 29.7
v -37.0 -78.5 50.0
v -37.0 -78.0 50.6
v -37.1 -77.0 31.1
v -37.0 -76.0 30.8
v -37.0 -76.0 50.0
v -37.2 -77.0 51.0
v -37.0 -75.0 49.8
v -37.6 -74.0 30.0
v -37.0 -74.0 30.5
v -37.2 -74.0 41.0
v -37.2 -74.0 42.0
v -37.1 -74.0 43.0
v -37.0 -74.7 50.0
v -37.2 -74.0 51.0
v -37.0 -74.0 50.7
v -37.0 -74.0 51.4
v -37.0 -74.3 52.0
v -37.0 -74.4 53.0
v -37.0 -74.6 54.0
v -37.0 -74.0 54.3
v -37.8 -73.0 19.0
v -37.7 -73.0 29.0
v -37.2 -73.0 30.1
v -37.3 -73.0 41.0
v -36.9 -73.0 42.0
v -37.1 -73.1 46.0
v -37.0 -73.5 50.0
v -37.6 -73.0 51.0
v -37.0 -73.0 51.9
v -37.0 -73.3 53.0
v -37.0 -73.0 52.3
v -37.0 -73.0 54.0
v -37.9 -72.0 20.0
v -37.6 -72.0 28.0
v -37.3 -72.0 29.0
v -36.7 -72.0 30.0
v -37.1 -72.3 36.0
v -37.0 -72.0 35.6
v -37.1 -72.4 37.0
v -37.5 -72.0 38.0
v -37.5 -72.0 39.0
v -37.4 -72.0 40.0
v -37.5 -72.0 41.0
v -36.9 -72.0 43.0
v -37.2 -72.0 44.0
v -37.3 -72.0 45.0
v -37.5 -72.0 46.0
v -37.8 -72.0 47.0
v -37.0 -72.5 48.0
v -36.8 -72.8 49.3
v -37.6 -71.0 27.0
v -37.3 -71.0 28.0
v -36.8 -71.1 35.1
v -37.6 -71.0 40.0
v -37.5 -70.9 41.0
v -37.5 -71.0 42.0
v -37.3 -71.0 43.0
v -37.3 -71.0 44.0
v -37.0 -71.0 45.0
v -37.7 -71.0 46.0
v -37.4 -70.0 27.0
v -37.1 -70.0 34.9
v -37.7 -70.0 38.0
v -37.6 -70.0 39.0
v -37.3 -70.0 42.0
v -37.3 -70.0 45.0
v -37.7 -70.0 46.0
v -37.8 -69.0 24.0
v -37.6 -69.0 26.0
v -37.0 -69.0 26.7
v -38.0 -69.0 32.0
v -37.5 -69.0 36.0
v -37.6 -69.0 38.0
v -37.4 -69.0 39.0
v -37.4 -69.0 41.0
v -36.8 -69.0 42.0
v -37.3 -69.0 44.0
v -37.6 -69.0 46.0
v -37.9 -69.0 47.0
v -37.7 -68.0 20.0
v -37.6 -68.0 21.0
v -37.6 -68.0 22.0
v -37.6 -68.0 23.0
v -37.5 -68.0 24.0
v -37.6 -68.0 25.0
v -37.9 -68.0 26.0
v -37.2 -68.0 30.0
v -37.1 -68.0 31.0
v -37.3 -68.0 32.0
v -37.3 -68.0 35.0
v -37.5 -67.3 35.9
v -37.6 -68.0 37.0
v -37.3 -68.0 38.0
v -37.3 -68.0 40.0
v -37.4 -68.0 41.0
v -36.9 -68.0 42.0
v -37.4 -68.0 43.0
v -37.6 -68.0 44.0
v -37.7 -68.0 45.0
v -37.6 -67.0 20.0
v -37.5 -67.0 21.0
v -37.6 -67.0 22.0
v -37.6 -67.0 23.0
v -37.6 -67.0 24.0
v -37.8 -67.0 25.0
v -37.0 -67.8 28.2
v -37.0 -67.9 30.9
v -37.0 -67.8 32.0
v -37.0 -67.6 33.0
v -37.5 -67.0 33.0
v -37.4 -67.0 34.0
v -37.4 -67.0 37.0
v -36.9 -67.0 38.0
v -37.6 -67.0 41.0
v -37.9 -66.0 18.9
v -37.6 -66.0 20.0
v -37.7 -66.0 21.0
v -37.7 -66.0 33.0
v -37.6 -66.0 34.1
v -37.6 -66.0 37.0
v -37.4 -66.0 38.0
v -37.4 -66.1 39.9
v -36.9 -67.0 40.0
v -38.0 -65.0 33.0
v -36.0 -91.0 27.5
v -36.0 -91.4 29.0
v -36.6 -91.0 29.0
v -36.0 -91.0 30.0
v -36.0 -90.0 27.5
v -36.6 -90.0 30.0
v -36.0 -90.0 30.8
v -36.0 -90.1 32.0
v -35.8 -90.0 31.0
v -36.0 -89.7 33.0
v -36.0 -89.5 34.0
v -37.0 -88.7 34.0
v -36.0 -89.2 35.0
v -36.0 -89.0 35.3
v -37.0 -88.0 27.3
v -36.0 -88.5 36.0
v -36.6 -88.0 36.0
v -36.0 -88.0 37.0
v -36.0 -87.0 26.6
v -36.0 -87.5 27.0
v -36.6 -87.0 37.0
v -36.0 -86.9 37.7
v -36.0 -86.0 26.6
v -36.0 -86.6 38.0
v -36.0 -86.3 39.0
v -37.1 -84.0 27.2
v -36.3 -85.2 26.9
v -36.0 -85.0 27.4
v -36.0 -85.7 40.0
v -36.0 -85.2 41.0
v -36.0 -84.0 27.7
v -36.0 -84.4 42.0
v -35.0 -84.4 43.0
v -36.9 -82.8 28.0
v -36.1 -83.2 29.1
v -35.0 -83.7 43.9
v -36.0 -83.4 44.0
v -36.0 -83.3 45.0
v -36.1 -82.4 30.0
v -36.0 -82.0 30.4
v -36.0 -82.6 46.0
v -35.3 -82.3 47.7
v -36.0 -80.0 30.8
v -36.0 -81.6 48.0
v -36.0 -80.8 48.8
v -36.0 -80.0 49.5
v -36.4 -79.0 31.0
v -36.3 -77.9 32.1
v -36.8 -78.0 30.9
v -36.0 -78.4 51.0
v -36.3 -78.0 51.2
v -36.6 -77.0 32.0
v -36.3 -77.0 33.0
v -36.0 -77.4 52.0
v -36.3 -77.0 52.0
v -36.8 -76.0 31.0
v -36.5 -75.7 33.2
v -36.4 -76.0 34.0
v -36.4 -76.0 36.2
v -36.3 -76.0 37.0
v -36.3 -76.0 39.0
v -36.4 -76.0 40.1
v -36.0 -76.5 42.9
v -36.4 -76.0 44.0
v -36.2 -76.0 45.0
v -36.0 -76.0 45.3
v -37.0 -76.0 50.0
v -36.6 -76.0 51.0
v -36.2 -76.0 52.1
v -36.6 -74.7 31.0
v -36.5 -75.2 32.0
v -36.5 -75.0 36.8
v -36.4 -75.0 38.0
v -36.6 -75.0 41.0
v -36.6 -75.0 42.0
v -36.6 -75.0 43.0
v -36.5 -75.0 44.0
v -36.2 -75.0 45.0
v -36.0 -75.0 45.3
v -36.8 -75.0 50.0
v -36.4 -75.0 51.0
v -36.0 -75.0 51.5
v -36.0 -75.6 52.0
v -36.5 -74.0 35.1
v -36.5 -74.0 38.8
v -36.6 -74.0 40.0
v -36.5 -74.0 44.0
v -35.9 -74.0 44.9
v -36.6 -74.0 51.0
v -36.0 -74.0 51.4
v -36.6 -74.0 52.0
v -36.0 -74.0 52.6
v -36.0 -74.3 53.0
v -36.0 -74.4 54.0
v -36.0 -74.0 54.3
v -36.6 -73.0 31.0
v -36.5 -71.7 32.1
v -36.5 -72.9 34.4
v -36.6 -73.0 36.0
v -36.6 -73.0 39.0
v -36.8 -73.0 40.0
v -36.6 -73.0 43.0
v -36.6 -73.0 44.0
v -36.0 -73.8 45.0
v -36.6 -73.0 45.0
v -36.0 -73.5 46.0
v -37.0 -72.6 47.0
v -36.0 -73.3 47.0
v -36.0 -73.0 47.6
v -36.0 -73.7 51.0
v -36.9 -73.0 52.0
v -36.6 -73.0 53.0
v -36.0 -73.0 52.7
v -36.0 -73.0 54.3
v -36.5 -71.9 34.0
v -36.6 -72.0 35.0
v -36.0 -72.8 48.0
v -36.0 -72.7 49.0
v -36.0 -72.9 50.0
v -36.0 -72.6 53.0
v -36.0 -72.3 54.0
v -36.7 -71.0 29.0
v -36.5 -71.0 30.0
v -36.5 -71.0 31.0
v -36.7 -70.0 28.0
v -36.5 -70.0 29.0
v -36.5 -70.0 30.0
v -36.5 -69.6 31.9
v -36.5 -69.1 33.1
v -36.6 -70.0 34.0
v -36.8 -70.0 43.0
v -36.9 -70.0 44.0
v -36.8 -69.0 27.0
v -36.5 -69.0 28.0
v -36.5 -69.0 29.2
v -36.6 -69.0 31.0
v -36.5 -69.0 34.0
v -36.8 -69.0 35.0
v -36.7 -69.0 43.0
v -37.0 -68.0 27.0
v -36.8 -68.0 28.0
v -36.9 -68.0 31.0
v -36.8 -68.0 32.0
v -36.7 -68.0 33.0
v -36.7 -68.0 34.0
v -36.9 -68.0 39.0
v -36.6 -67.0 39.0
v -36.9 -66.0 39.0
v -36.0 -92.0 28.0
v -35.0 -91.3 28.0
v -35.0 -91.4 29.0
v -35.0 -90.8 30.0
v -35.0 -90.5 31.0
v -35.0 -90.5 32.0
v -35.0 -90.5 33.0
v -35.0 -90.1 34.0
v -35.0 -89.0 27.6
v -35.0 -89.0 35.0
v -35.0 -89.0 35.5
v -35.0 -88.0 27.4
v -35.0 -88.9 36.0
v -35.8 -88.0 37.0
v -35.0 -87.0 26.9
v -35.0 -87.9 37.0
v -35.0 -86.8 27.0
v -35.4 -86.0 27.2
v -34.3 -86.7 39.7
v -34.9 -86.3 40.1
v -35.5 -85.1 28.0
v -35.2 -85.0 29.0
v -35.1 -85.0 30.0
v -35.0 -85.6 41.0
v -35.7 -84.0 28.0
v -35.0 -84.0 29.0
v -35.0 -83.6 30.0
v -35.0 -82.7 30.9
v -35.0 -83.5 45.0
v -35.0 -82.7 46.0
v -35.3 -82.0 31.1
v -35.0 -82.3 48.0
v -35.5 -81.0 31.0
v -35.2 -81.1 33.0
v -35.0 -81.0 32.3
v -35.2 -81.1 34.0
v -35.0 -81.4 49.0
v -35.7 -80.0 31.0
v -35.5 -80.0 32.0
v -35.5 -80.0 34.0
v -35.3 -80.0 35.0
v -35.4 -80.0 50.0
v -35.0 -80.5 50.0
v -35.7 -78.8 32.1
v -35.4 -79.0 35.0
v -35.9 -78.9 49.9
v -35.4 -79.0 51.0
v -35.0 -79.0 51.4
v -35.5 -78.3 33.7
v -35.4 -78.0 35.0
v -35.2 -78.0 43.0
v -35.0 -78.3 43.0
v -35.2 -78.0 44.0
v -35.0 -78.2 44.0
v -35.0 -78.0 45.0
v -35.0 -78.0 45.0
v -35.0 -78.3 52.2
v -35.7 -77.0 34.0
v -35.5 -77.0 36.0
v -35.5 -77.0 37.0
v -34.6 -78.0 37.1
v -35.4 -77.0 38.0
v -35.5 -77.0 39.0
v -35.5 -77.0 41.0
v -35.5 -77.0 42.0
v -35.6 -77.0 43.8
v -35.6 -77.0 45.0
v -35.0 -77.2 46.0
v -35.2 -77.0 46.0
v -35.0 -77.0 46.2
v -35.0 -77.0 53.2
v -35.9 -76.0 38.0
v -35.3 -76.0 46.0
v -35.0 -76.0 46.3
v -35.0 -76.0 53.2
v -35.0 -75.0 45.7
v -35.0 -75.2 52.0
v -35.0 -75.0 51.8
v -35.0 -75.7 53.0
v -35.3 -74.0 48.0
v -35.0 -74.3 48.0
v -35.0 -74.0 47.5
v -35.2 -74.0 49.0
v -35.0 -74.2 49.0
v -35.0 -74.0 51.3
v -35.6 -74.0 53.0
v -35.3 -74.0 54.0
v -35.0 -73.8 46.0
v -35.0 -73.7 47.0
v -35.7 -73.0 48.0
v -35.7 -73.0 49.0
v -35.0 -73.6 50.0
v -34.9 -73.0 53.0
v -35.5 -73.0 54.0
v -35.0 -72.5 53.0
v -35.0 -91.0 27.8
v -34.0 -91.2 29.0
v -34.0 -91.3 30.0
v -35.0 -90.2 27.6
v -34.0 -90.7 31.0
v -34.0 -90.7 32.0
v -34.0 -90.9 33.0
v -34.1 -89.0 28.2
v -34.0 -89.9 34.0
v -34.0 -89.4 35.0
v -34.0 -88.0 27.8
v -34.0 -88.8 36.0
v -34.0 -88.3 37.0
v -33.9 -87.0 28.0
v -34.3 -87.0 29.0
v -34.3 -87.0 30.0
v -34.0 -87.7 38.0
v -35.0 -87.3 38.0
v -34.6 -86.0 28.0
v -34.6 -86.0 30.0
v -34.3 -85.9 31.2
v -34.0 -86.3 41.1
v -34.6 -85.0 31.0
v -34.3 -85.0 32.0
v -34.0 -85.5 42.0
v -35.0 -84.7 42.0
v -34.0 -85.3 43.0
v -34.7 -84.0 30.0
v -34.5 -84.0 31.0
v -34.4 -83.9 32.0
v -34.0 -84.6 44.0
v -34.0 -84.3 45.0
v -34.7 -83.0 31.0
v -34.4 -83.0 32.0
v -34.0 -83.0 46.4
v -34.5 -82.0 32.0
v -34.3 -82.0 34.0
v -34.4 -82.0 35.1
v -34.4 -82.0 36.0
v -34.2 -82.0 37.0
v -34.0 -82.6 47.0
v -34.0 -82.3 48.0
v -34.9 -81.0 32.0
v -34.7 -81.0 35.0
v -34.5 -81.0 36.0
v -34.4 -81.0 37.0
v -34.0 -81.6 49.0
v -34.0 -81.3 50.0
v -34.0 -81.0 50.3
v -34.6 -80.0 36.0
v -34.4 -80.0 37.0
v -34.0 -80.0 51.1
v -34.6 -79.0 36.0
v -34.4 -79.0 37.0
v -34.1 -79.1 43.0
v -34.0 -79.0 51.6
v -34.8 -78.0 36.0
v -34.5 -78.0 38.0
v -34.1 -78.5 39.0
v -34.1 -78.4 41.0
v -34.9 -77.7 42.0
v -34.0 -78.0 44.0
v -34.9 -78.0 45.0
v -34.0 -78.0 44.0
v -34.0 -78.6 52.0
v -34.0 -78.0 53.1
v -34.0 -77.8 45.0
v -34.0 -77.5 46.0
v -34.0 -77.0 46.5
v -34.0 -77.0 53.5
v -34.0 -76.0 46.7
v -34.0 -76.0 53.5
v -34.7 -75.0 46.0
v -34.0 -75.5 47.0
v -34.3 -75.0 47.0
v -34.0 -75.0 47.4
v -34.7 -75.0 52.0
v -34.0 -75.0 53.2
v -34.8 -74.0 45.9
v -34.7 -74.0 47.0
v -34.0 -74.6 48.0
v -34.1 -74.4 49.9
v -34.6 -74.0 50.0
v -35.0 -73.8 51.0
v -34.0 -74.3 51.0
v -34.0 -74.8 53.0
v -33.8 -91.0 28.9
v -33.0 -91.0 29.6
v -33.0 -91.3 30.0
v -33.0 -91.4 31.0
v -33.0 -91.3 32.0
v -33.0 -90.8 33.0
v -33.9 -90.2 28.6
v -33.0 -90.0 29.4
v -33.0 -89.7 35.0
v -32.9 -89.0 29.0
v -32.8 -89.4 36.2
v -33.8 -88.0 28.0
v -33.5 -88.0 29.0
v -33.5 -88.0 30.0
v -33.0 -88.5 30.0
v -33.2 -88.0 31.0
v -33.0 -88.0 31.2
v -31.9 -88.3 39.1
v -33.6 -87.0 31.0
v -33.0 -87.0 31.6
v -32.9 -87.3 40.1
v -33.6 -86.0 32.0
v -33.0 -86.3 33.0
v -33.2 -86.0 33.1
v -33.0 -86.6 41.0
v -33.0 -86.0 41.5
v -33.6 -85.0 33.0
v -33.2 -85.1 34.0
v -33.0 -85.6 42.0
v -33.0 -85.4 43.0
v -33.0 -85.2 44.0
v -33.6 -84.0 33.0
v -33.4 -84.0 34.0
v -33.0 -84.5 45.0
v -33.6 -83.0 33.0
v -33.6 -83.0 34.0
v -33.5 -83.0 35.0
v -33.9 -82.6 36.0
v -32.6 -84.0 36.0
v -33.3 -83.1 37.0
v -33.1 -83.4 46.1
v -33.9 -82.0 33.0
v -33.5 -82.0 38.0
v -33.2 -82.0 39.0
v -33.0 -82.6 47.0
v -33.0 -82.0 47.7
v -33.6 -81.0 38.0
v -33.4 -81.0 39.0
v -33.0 -81.7 48.0
v -32.5 -81.4 50.0
v -32.3 -81.0 50.4
v -33.6 -80.0 38.0
v -33.5 -80.0 39.0
v -33.4 -80.0 40.0
v -33.4 -80.0 40.9
v -33.4 -80.0 42.1
v -33.8 -79.0 38.0
v -33.6 -79.0 39.0
v -33.6 -79.0 40.7
v -33.7 -79.0 42.0
v -33.3 -80.0 43.0
v -33.0 -79.9 50.7
v -33.0 -79.0 51.5
v -33.7 -78.0 45.0
v -33.0 -78.6 45.0
v -33.5 -78.0 46.0
v -32.5 -79.0 46.0
v -33.4 -78.0 47.0
v -33.0 -78.4 47.0
v -33.1 -78.1 48.0
v -33.0 -78.0 48.2
v -33.0 -78.5 52.0
v -33.6 -77.0 47.0
v -33.2 -77.0 48.0
v -33.0 -77.0 48.2
v -33.0 -77.7 52.9
v -33.0 -77.0 53.4
v -33.6 -76.0 47.0
v -33.0 -76.0 47.5
v -33.0 -76.0 53.5
v -33.0 -75.0 47.8
v -33.0 -75.0 53.3
v -33.0 -74.6 49.0
v -33.0 -74.4 50.0
v -33.0 -73.9 51.0
v -33.0 -74.4 52.0
v -33.0 -74.7 53.0
v -33.0 -73.9 51.0
v -32.0 -91.0 29.8
v -32.0 -91.3 30.0
v -32.0 -91.5 31.0
v -32.0 -91.5 32.0
v -32.0 -91.3 33.0
v -32.4 -90.0 30.0
v -32.0 -90.6 34.0
v -33.0 -90.4 34.0
v -32.3 -89.0 31.0
v -32.0 -89.7 36.0
v -32.0 -88.0 31.6
v -32.7 -88.7 37.3
v -32.0 -87.4 32.0
v -33.0 -86.6 32.0
v -32.0 -87.7 40.0
v -32.0 -87.1 41.1
v -32.0 -86.3 34.0
v -32.2 -86.0 34.2
v -32.4 -85.0 35.0
v -32.0 -85.5 35.0
v -32.1 -85.8 41.9
v -32.0 -85.1 43.0
v -32.0 -85.2 44.0
v -32.7 -84.0 35.0
v -32.0 -84.4 37.0
v -32.0 -84.5 45.0
v -32.8 -82.8 38.0
v -32.0 -83.2 39.0
v -32.0 -83.7 46.0
v -32.0 -83.1 47.1
v -32.0 -82.4 40.0
v -32.4 -82.0 40.0
v -32.0 -82.0 47.6
v -32.8 -81.0 40.0
v -31.8 -81.9 41.0
v -32.5 -81.0 41.0
v -32.0 -81.5 42.0
v -32.5 -81.0 43.0
v -32.0 -81.4 43.0
v -32.2 -81.0 44.0
v -32.0 -81.2 44.0
v -32.0 -81.7 48.0
v -32.0 -81.6 49.0
v -32.7 -80.0 44.0
v -32.0 -80.0 45.3
v -32.3 -80.0 45.0
v -32.7 -79.0 45.0
v -32.0 -79.3 47.0
v -32.0 -79.0 51.5
v -32.0 -78.6 48.0
v -32.0 -78.0 48.5
v -32.0 -78.4 52.0
v -32.0 -77.0 48.5
v -32.0 -77.0 53.3
v -32.0 -76.0 47.8
v -31.3 -76.0 48.0
v -32.0 -76.0 53.5
v -32.0 -75.7 48.0
v -33.0 -74.8 48.0
v -32.0 -75.3 49.0
v -32.0 -75.2 49.1
v -32.0 -75.0 53.2
v -32.0 -74.0 50.9
v -32.0 -74.4 52.0
v -32.0 -73.9 51.0
v -32.0 -74.8 53.0
v -32.0 -73.9 51.0
v -31.0 -92.0 30.0
v -31.0 -91.0 29.7
v -31.0 -91.7 31.0
v -31.0 -91.5 32.0
v -31.0 -91.4 33.0
v -31.0 -90.6 30.0
v -32.0 -90.0 30.4
v -31.0 -90.7 34.0
v -31.0 -90.3 36.0
v -30.0 -89.7 31.0
v -32.0 -89.0 31.2
v -31.0 -89.6 37.0
v -31.0 -89.3 38.0
v -31.0 -88.6 39.0
v -31.0 -88.2 40.0
v -31.4 -88.0 40.0
v -31.0 -88.0 40.3
v -31.0 -87.7 32.0
v -32.0 -86.7 33.0
v -31.0 -87.3 33.1
v -31.0 -87.0 40.7
v -31.7 -87.0 41.0
v -31.0 -86.6 34.0
v -31.1 -86.2 35.0
v -31.0 -86.6 41.0
v -31.0 -86.1 42.0
v -31.8 -84.8 36.0
v -31.0 -85.5 36.0
v -31.0 -85.2 37.0
v -31.0 -85.2 43.0
v -32.0 -83.6 37.9
v -31.0 -84.6 44.0
v -31.0 -84.4 45.0
v -31.0 -84.2 46.0
v -31.4 -84.0 46.0
v -31.0 -84.0 46.2
v -31.0 -83.6 39.0
v -31.0 -83.0 46.7
v -31.0 -82.4 41.0
v -31.0 -82.3 42.0
v -31.0 -82.7 47.0
v -31.0 -81.5 44.0
v -31.0 -81.0 44.6
v -31.0 -81.9 48.0
v -31.0 -81.9 49.0
v -31.0 -81.3 50.0
v -31.0 -81.0 50.2
v -31.0 -80.0 50.5
v -32.0 -79.5 46.0
v -31.0 -79.6 47.0
v -31.6 -79.0 48.0
v -31.0 -79.5 48.0
v -31.2 -79.1 49.0
v -31.0 -79.0 49.3
v -31.0 -79.0 51.3
v -31.5 -78.0 49.0
v -31.0 -78.0 49.5
v -31.0 -78.0 51.7
v -31.2 -77.0 49.1
v -31.0 -77.0 52.6
v -31.0 -76.0 48.2
v -31.0 -76.5 49.0
v -31.0 -76.0 53.1
v -31.0 -75.6 49.0
v -31.0 -75.0 49.5
v -31.0 -75.0 52.5
v -32.0 -74.5 50.0
v -31.0 -74.4 51.0
v -31.0 -74.6 52.0
v -30.0 -92.0 29.8
v -30.0 -92.2 30.0
v -30.0 -92.2 31.0
v -30.0 -92.0 31.3
v -30.0 -91.0 29.8
v -30.0 -91.6 32.0
v -30.0 -91.4 33.0
v -30.0 -91.1 34.0
v -30.0 -90.5 35.0
v -30.0 -90.3 36.0
v -30.0 -89.6 36.9
v -30.0 -89.2 38.0
v -30.0 -89.0 31.6
v -31.0 -88.0 31.8
v -30.0 -88.0 32.4
v -30.0 -88.5 39.0
v -30.0 -88.2 40.0
v -30.0 -87.5 33.0
v -30.0 -88.0 40.2
v -29.9 -86.7 34.0
v -30.0 -86.4 35.0
v -30.0 -85.7 41.0
v -30.0 -86.0 40.7
v -30.0 -85.6 37.0
v -30.0 -85.3 38.1
v -29.8 -85.2 42.0
v -30.0 -84.5 39.0
v -29.9 -83.8 39.7
v -30.0 -84.6 43.0
v -30.0 -84.3 44.0
v -30.4 -84.0 45.0
v -29.7 -84.0 44.1
v -30.1 -84.0 46.0
v -30.9 -82.8 40.0
v -30.0 -82.7 45.0
v -30.0 -83.0 46.3
v -30.0 -82.7 41.0
v -30.9 -81.7 43.1
v -30.0 -82.5 43.0
v -30.1 -82.3 44.0
v -30.0 -82.4 47.0
v -30.0 -82.1 48.1
v -30.0 -81.6 45.0
v -30.0 -81.0 45.4
v -30.0 -81.3 49.0
v -29.8 -81.0 49.0
v -31.0 -80.0 45.6
v -30.3 -80.0 47.0
v -30.0 -80.2 47.0
v -30.0 -80.0 46.6
v -30.2 -80.2 48.0
v -29.9 -80.0 49.0
v -30.5 -80.0 50.0
v -30.0 -79.8 46.0
v -30.5 -78.2 50.0
v -30.0 -79.0 51.0
v -30.0 -78.0 51.3
v -30.1 -77.0 50.3
v -30.0 -77.1 52.2
v -30.7 -76.0 49.0
v -30.0 -76.0 49.5
v -30.0 -76.6 50.0
v -30.0 -76.0 52.5
v -29.9 -75.0 52.2
v -30.0 -74.8 50.0
v -30.0 -74.5 51.0
v -30.0 -74.8 52.0
v -29.8 -92.0 30.0
v -29.4 -92.0 31.0
v -29.8 -91.0 30.0
v -29.4 -91.0 31.0
v -28.9 -91.0 32.0
v -29.9 -91.0 34.0
v -29.4 -90.0 32.0
v -29.3 -90.0 33.0
v -29.0 -91.0 33.0
v -29.3 -89.9 33.8
v -29.5 -89.9 35.0
v -29.6 -89.0 32.0
v -29.0 -89.0 32.7
v -28.8 -89.1 33.0
v -29.0 -89.5 36.0
v -29.0 -89.2 37.0
v -29.7 -89.0 38.0
v -28.8 -89.0 37.0
v -29.0 -88.0 32.8
v -29.3 -88.0 38.0
v -29.5 -88.0 39.0
v -29.0 -86.8 34.0
v -28.8 -87.0 40.0
v -29.0 -87.0 40.2
v -29.0 -86.6 35.0
v -30.0 -85.8 36.0
v -29.0 -86.5 36.0
v -29.3 -86.1 37.0
v -29.0 -85.7 38.0
v -29.0 -86.0 40.3
v -29.0 -85.5 39.0
v -28.9 -85.0 40.0
v -29.5 -85.0 41.0
v -29.6 -84.0 40.0
v -29.4 -84.0 41.0
v -29.1 -84.0 42.0
v -29.5 -84.0 43.0
v -29.8 -83.0 41.0
v -29.6 -83.0 42.0
v -29.5 -83.0 43.0
v -29.3 -83.0 44.0
v -29.8 -83.0 46.0
v -29.8 -82.0 45.0
v -29.6 -82.0 46.0
v -29.6 -82.0 47.0
v -29.5 -81.0 46.0
v -29.5 -81.0 47.0
v -29.6 -81.0 48.0
v -29.0 -80.0 45.8
v -28.9 -80.0 46.0
v -29.0 -80.0 46.3
v -29.8 -78.0 51.0
v -29.5 -77.0 51.0
v -29.7 -77.0 52.0
v -29.0 -76.0 50.0
v -29.0 -76.4 51.0
v -29.0 -76.0 52.0
v -29.9 -75.0 49.8
v -28.5 -89.0 35.0
v -28.5 -89.0 36.0
v -28.8 -88.0 33.0
v -28.5 -88.0 34.0
v -27.9 -88.0 35.0
v -28.4 -88.0 37.0
v -28.8 -87.0 34.0
v -28.6 -87.0 35.0
v -28.4 -87.0 36.0
v -27.9 -88.0 36.0
v -28.1 -87.0 37.0
v -28.5 -87.0 38.0
v -28.6 -87.0 39.0
v -28.7 -86.0 38.0
v -28.6 -86.0 39.0
v -28.7 -86.0 40.0
v -28.7 -76.0 51.0
v -28.9 -75.0 51.0
f 1 3 2
f 1 5 6
f 1 6 3
f 3 6 4
f 7 8 2
f 8 1 2
f 8 10 1
f 2 11 7
f 26 2 3
f 26 11 2
f 9 26 4
f 26 3 4
f 9 4 12
f 10 14 1
f 1 14 5
f 5 14 6
f 6 15 4
f 6 14 15
f 4 15 12
f 12 15 13
f 18 17 16
f 16 19 18
f 21 67 20
f 16 17 24
f 24 17 25
f 24 8 7
f 19 24 7
f 16 24 19
f 11 19 7
f 20 19 11
f 20 11 26
f 21 26 9
f 20 26 21
f 27 21 9
f 21 27 22
f 23 22 28
f 24 25 30
f 30 10 8
f 30 8 24
f 12 27 9
f 27 12 13
f 22 27 13
f 31 28 34
f 28 13 34
f 28 22 13
f 28 31 29
f 25 79 30
f 30 79 10
f 79 14 10
f 79 87 14
f 87 32 14
f 14 33 15
f 32 33 14
f 15 34 13
f 15 33 34
f 105 36 35
f 37 36 39
f 36 38 39
f 36 105 38
f 40 39 38
f 38 105 44
f 110 45 44
f 45 38 44
f 45 40 38
f 40 45 46
f 40 47 41
f 40 46 47
f 41 47 42
f 43 42 48
f 42 47 48
f 45 110 49
f 45 50 46
f 45 49 50
f 46 51 47
f 46 50 51
f 47 52 48
f 49 53 50
f 50 53 54
f 50 54 51
f 56 55 54
f 55 51 54
f 55 47 51
f 47 55 52
f 60 59 58
f 55 56 138
f 55 63 52
f 55 138 63
f 57 52 64
f 52 63 64
f 66 67 58
f 58 67 60
f 60 67 68
f 60 69 61
f 60 68 69
f 62 61 70
f 61 69 70
f 71 17 18
f 138 71 18
f 63 138 18
f 63 18 19
f 63 19 64
f 64 19 20
f 64 20 65
f 65 20 66
f 66 20 67
f 67 21 22
f 67 22 68
f 68 22 23
f 69 68 23
f 69 72 70
f 69 23 72
f 73 70 72
f 71 25 17
f 74 25 71
f 72 23 75
f 23 29 75
f 29 76 75
f 29 23 28
f 72 75 73
f 77 25 74
f 85 78 31
f 85 31 34
f 29 31 76
f 76 31 78
f 25 80 79
f 25 77 80
f 32 87 81
f 81 82 32
f 32 83 33
f 82 83 32
f 83 84 33
f 33 85 34
f 84 85 33
f 80 86 79
f 79 86 87
f 91 90 88
f 90 89 88
f 89 92 93
f 89 90 92
f 94 93 92
f 94 95 93
f 90 91 98
f 92 98 35
f 90 98 92
f 92 35 36
f 92 36 94
f 94 36 37
f 99 94 37
f 95 94 99
f 95 99 100
f 95 100 96
f 96 100 97
f 97 102 101
f 97 100 102
f 102 103 101
f 98 104 35
f 35 106 105
f 104 106 35
f 99 107 39
f 107 99 106
f 37 106 99
f 106 37 105
f 39 105 37
f 105 39 107
f 99 39 40
f 99 40 100
f 100 40 41
f 100 41 42
f 100 42 43
f 102 100 43
f 102 43 103
f 103 43 108
f 107 109 105
f 109 44 105
f 110 44 109
f 111 43 48
f 43 112 108
f 43 111 112
f 115 49 110
f 52 116 111
f 52 111 48
f 111 117 112
f 111 116 117
f 118 112 117
f 122 121 119
f 121 122 113
f 122 123 113
f 113 123 114
f 114 123 124
f 126 125 124
f 126 127 125
f 53 49 129
f 49 115 129
f 130 53 129
f 54 53 130
f 130 187 54
f 56 54 187
f 56 187 131
f 57 116 52
f 116 65 117
f 116 57 65
f 118 117 132
f 117 133 132
f 117 65 133
f 58 132 133
f 58 134 132
f 59 119 120
f 134 59 120
f 58 59 134
f 119 59 60
f 119 60 122
f 122 60 61
f 122 61 123
f 123 61 62
f 123 135 124
f 123 62 135
f 124 136 126
f 124 135 136
f 126 137 127
f 126 136 137
f 128 127 137
f 138 131 139
f 138 56 131
f 57 64 65
f 65 66 133
f 133 66 58
f 135 62 140
f 62 70 140
f 70 141 140
f 135 140 136
f 136 140 142
f 136 142 137
f 137 142 143
f 139 71 138
f 195 71 139
f 73 141 70
f 73 144 141
f 195 74 71
f 149 144 75
f 149 75 76
f 73 75 144
f 195 77 74
f 145 77 195
f 78 85 148
f 149 78 148
f 76 78 149
f 145 80 77
f 150 80 145
f 81 151 146
f 82 81 146
f 82 146 83
f 83 146 147
f 152 83 147
f 152 84 83
f 148 85 152
f 85 84 152
f 86 80 205
f 80 150 205
f 153 87 86
f 153 86 205
f 87 153 81
f 153 151 81
f 157 156 154
f 157 158 156
f 157 159 158
f 154 155 88
f 155 160 88
f 154 88 89
f 154 89 157
f 93 157 89
f 157 93 159
f 159 162 161
f 159 93 162
f 91 88 160
f 91 160 165
f 93 95 162
f 162 95 221
f 221 95 96
f 221 96 163
f 163 96 97
f 163 97 101
f 163 101 164
f 164 101 166
f 165 98 91
f 236 98 165
f 101 103 166
f 171 233 103
f 233 166 103
f 171 167 233
f 98 236 104
f 236 168 104
f 104 169 106
f 168 169 104
f 107 106 169
f 107 169 170
f 108 171 103
f 171 172 167
f 170 255 107
f 107 255 109
f 110 109 255
f 112 174 171
f 112 171 108
f 171 175 172
f 171 174 175
f 177 172 175
f 113 178 176
f 178 113 114
f 180 179 114
f 179 178 114
f 179 180 173
f 180 125 173
f 173 182 181
f 173 125 182
f 182 183 181
f 255 115 110
f 185 115 255
f 118 174 112
f 174 134 175
f 174 118 134
f 119 177 120
f 177 175 120
f 175 134 120
f 121 176 177
f 119 121 177
f 176 121 113
f 124 180 114
f 180 124 125
f 125 127 182
f 182 127 128
f 186 182 128
f 183 182 186
f 184 183 188
f 188 183 186
f 185 129 115
f 261 129 185
f 130 129 187
f 118 132 134
f 189 188 186
f 128 189 186
f 137 189 128
f 261 190 129
f 129 190 263
f 129 263 187
f 187 191 131
f 131 191 139
f 139 191 192
f 193 140 141
f 142 193 197
f 140 193 142
f 194 142 197
f 143 142 194
f 137 143 189
f 189 143 194
f 192 195 139
f 193 144 196
f 193 141 144
f 149 199 196
f 144 149 196
f 198 145 195
f 270 145 198
f 147 146 200
f 200 201 147
f 148 152 201
f 202 148 201
f 149 202 199
f 149 148 202
f 150 270 203
f 150 145 270
f 151 204 146
f 146 204 200
f 201 152 147
f 203 205 150
f 203 206 205
f 208 207 151
f 208 151 153
f 204 151 207
f 206 208 205
f 208 153 205
f 212 211 158
f 158 211 209
f 212 213 211
f 218 300 154
f 154 300 155
f 156 209 210
f 218 156 210
f 154 156 218
f 209 156 158
f 158 159 212
f 212 159 161
f 213 212 161
f 213 219 214
f 213 161 219
f 214 219 215
f 215 221 220
f 215 219 221
f 221 222 220
f 224 223 222
f 223 224 216
f 224 231 216
f 216 225 217
f 216 231 225
f 217 226 227
f 217 225 226
f 227 226 228
f 228 229 227
f 300 160 155
f 230 160 300
f 161 162 219
f 219 162 221
f 221 163 222
f 222 163 224
f 224 163 164
f 224 164 231
f 165 160 230
f 165 230 232
f 166 231 164
f 233 231 166
f 225 231 233
f 225 234 226
f 225 233 234
f 228 234 238
f 228 226 234
f 228 238 235
f 236 232 237
f 236 165 232
f 233 167 234
f 239 238 167
f 238 234 167
f 240 241 239
f 239 241 238
f 240 242 241
f 237 244 236
f 244 168 236
f 170 169 168
f 170 168 245
f 172 246 239
f 172 239 167
f 239 247 240
f 239 246 247
f 240 247 248
f 240 248 242
f 243 242 249
f 242 250 249
f 242 248 250
f 173 249 250
f 181 251 173
f 251 249 173
f 253 252 181
f 181 252 251
f 253 254 252
f 170 256 255
f 170 245 256
f 177 246 172
f 247 177 176
f 246 177 247
f 247 176 178
f 247 178 248
f 248 178 179
f 248 179 250
f 250 179 173
f 181 183 253
f 253 183 184
f 257 253 184
f 254 253 257
f 254 257 260
f 323 255 256
f 185 255 323
f 259 258 257
f 184 259 257
f 188 259 184
f 257 258 260
f 323 261 185
f 189 265 188
f 265 259 188
f 190 262 263
f 263 191 187
f 263 264 191
f 192 191 264
f 197 267 194
f 194 267 189
f 267 265 189
f 264 195 192
f 334 195 264
f 196 266 193
f 193 266 197
f 266 337 197
f 197 337 267
f 198 334 268
f 198 195 334
f 269 339 199
f 196 199 339
f 268 270 198
f 268 271 270
f 272 201 200
f 273 201 272
f 202 201 273
f 199 202 269
f 269 202 273
f 271 203 270
f 274 203 271
f 275 200 204
f 276 200 275
f 277 272 276
f 272 200 276
f 206 274 278
f 206 203 274
f 207 208 278
f 279 207 278
f 204 207 275
f 207 280 275
f 207 279 280
f 275 280 276
f 278 208 206
f 213 285 284
f 213 286 285
f 288 287 286
f 287 288 281
f 281 290 289
f 281 288 290
f 292 291 290
f 290 291 289
f 291 292 283
f 292 282 283
f 292 293 282
f 282 294 359
f 282 293 294
f 294 295 359
f 297 296 209
f 209 296 210
f 360 297 209
f 211 284 360
f 209 211 360
f 284 211 213
f 213 214 286
f 286 214 215
f 286 215 288
f 288 215 220
f 288 222 290
f 288 220 222
f 290 223 292
f 290 222 223
f 293 223 216
f 292 223 293
f 293 216 217
f 293 217 294
f 294 217 227
f 294 227 295
f 298 295 227
f 301 300 218
f 210 301 218
f 296 301 210
f 298 227 229
f 299 298 229
f 299 303 302
f 299 229 303
f 303 304 302
f 371 230 300
f 371 300 301
f 229 228 235
f 229 235 303
f 304 303 305
f 303 235 305
f 235 306 305
f 230 371 378
f 378 232 230
f 241 235 238
f 235 241 306
f 241 307 306
f 378 237 232
f 378 310 237
f 237 310 311
f 307 241 242
f 307 242 308
f 308 242 243
f 308 243 309
f 309 313 312
f 309 243 313
f 313 314 312
f 244 237 319
f 237 311 319
f 168 244 319
f 243 249 251
f 243 251 313
f 313 251 252
f 313 252 314
f 252 315 314
f 254 315 252
f 317 316 254
f 316 315 254
f 317 318 316
f 168 319 320
f 245 168 320
f 321 245 320
f 256 245 321
f 260 317 254
f 260 318 317
f 260 322 318
f 323 256 321
f 393 392 258
f 393 258 259
f 258 324 260
f 392 324 258
f 322 260 324
f 325 261 323
f 265 393 259
f 265 326 393
f 325 327 261
f 261 327 190
f 262 327 328
f 190 327 262
f 329 263 262
f 329 262 328
f 330 264 263
f 330 263 329
f 331 265 267
f 326 265 331
f 330 329 332
f 334 264 330
f 333 334 330
f 332 333 330
f 335 334 333
f 336 196 339
f 336 266 196
f 337 338 267
f 331 267 338
f 335 268 334
f 406 268 335
f 340 339 269
f 271 406 341
f 271 268 406
f 272 345 273
f 345 269 273
f 345 340 269
f 342 274 341
f 341 274 271
f 343 341 408
f 342 341 343
f 344 277 276
f 272 277 345
f 277 344 345
f 342 278 274
f 278 342 279
f 279 342 343
f 346 279 343
f 346 280 279
f 280 347 276
f 346 347 280
f 344 276 347
f 284 285 353
f 355 354 285
f 354 355 350
f 355 287 350
f 351 350 281
f 350 287 281
f 289 356 281
f 356 351 281
f 356 289 352
f 289 291 352
f 282 357 283
f 357 352 283
f 352 291 283
f 359 358 282
f 358 357 282
f 359 295 358
f 353 360 284
f 285 286 355
f 355 286 287
f 298 362 295
f 298 363 362
f 367 366 297
f 297 366 296
f 367 360 361
f 297 360 367
f 298 299 363
f 363 299 302
f 363 368 364
f 363 302 368
f 364 368 365
f 365 370 447
f 365 368 370
f 366 301 296
f 302 304 368
f 369 368 304
f 368 369 370
f 301 453 371
f 366 453 301
f 369 304 305
f 306 369 305
f 372 369 306
f 369 373 370
f 369 372 373
f 370 375 374
f 370 373 375
f 375 376 374
f 379 371 453
f 378 371 379
f 380 379 453
f 306 307 372
f 372 307 308
f 372 308 309
f 372 309 373
f 373 309 312
f 375 373 312
f 375 381 376
f 375 312 381
f 377 376 382
f 376 381 382
f 310 378 379
f 311 310 379
f 380 311 379
f 460 311 380
f 312 314 381
f 381 314 315
f 382 381 315
f 382 315 383
f 460 319 311
f 387 319 460
f 315 316 383
f 318 388 316
f 388 384 316
f 384 383 316
f 318 389 388
f 319 390 320
f 387 390 319
f 321 320 390
f 394 391 318
f 322 394 318
f 318 391 389
f 390 471 321
f 323 321 471
f 323 471 472
f 392 394 324
f 322 324 394
f 472 325 323
f 395 325 472
f 325 395 327
f 328 327 395
f 328 395 396
f 405 397 331
f 326 331 397
f 396 398 328
f 328 398 329
f 329 399 332
f 398 399 329
f 332 399 333
f 401 400 335
f 333 401 335
f 399 401 333
f 336 403 266
f 402 403 336
f 266 404 337
f 403 404 266
f 337 405 338
f 404 405 337
f 331 338 405
f 400 406 335
f 340 407 339
f 336 339 402
f 402 339 407
f 341 406 408
f 406 400 408
f 400 401 409
f 408 400 409
f 345 410 340
f 408 411 343
f 408 409 411
f 409 412 411
f 344 415 413
f 410 344 413
f 345 344 410
f 411 346 343
f 412 414 411
f 414 346 411
f 414 347 346
f 344 347 415
f 347 414 415
f 419 418 417
f 417 420 419
f 422 423 421
f 348 423 422
f 424 348 349
f 424 423 348
f 425 416 349
f 416 424 349
f 416 427 426
f 416 425 427
f 427 432 426
f 429 417 418
f 429 430 417
f 420 417 502
f 417 431 502
f 417 430 431
f 431 421 502
f 431 354 421
f 422 354 350
f 421 354 422
f 351 422 350
f 422 351 348
f 356 349 348
f 356 348 351
f 356 425 349
f 425 356 352
f 425 352 357
f 427 425 357
f 427 358 432
f 427 357 358
f 432 358 428
f 358 433 428
f 428 433 434
f 429 507 435
f 435 507 513
f 430 435 353
f 429 435 430
f 430 353 285
f 430 285 431
f 431 285 354
f 358 295 433
f 433 295 362
f 434 433 362
f 434 437 436
f 434 362 437
f 435 513 360
f 513 361 360
f 513 440 361
f 435 360 353
f 362 363 437
f 437 363 364
f 437 364 438
f 438 364 365
f 438 365 447
f 439 438 447
f 439 442 441
f 439 447 442
f 442 443 441
f 444 366 367
f 361 440 445
f 444 361 445
f 446 444 445
f 367 361 444
f 449 366 444
f 450 444 446
f 449 444 450
f 446 454 450
f 374 447 370
f 442 447 374
f 442 451 443
f 442 374 451
f 448 443 452
f 443 451 452
f 449 453 366
f 453 449 450
f 374 376 451
f 451 376 377
f 452 451 377
f 452 377 455
f 453 456 380
f 453 450 456
f 450 454 457
f 450 457 456
f 458 377 382
f 455 377 458
f 455 458 459
f 456 460 380
f 456 457 535
f 456 535 460
f 383 458 382
f 458 383 384
f 459 458 384
f 461 459 385
f 459 384 385
f 463 462 386
f 462 385 386
f 462 461 385
f 463 464 462
f 465 387 460
f 460 535 466
f 460 466 465
f 467 388 389
f 467 384 388
f 384 467 385
f 467 468 385
f 385 468 386
f 468 469 386
f 469 463 386
f 463 469 464
f 390 387 465
f 540 390 465
f 466 540 465
f 391 394 470
f 606 391 470
f 389 391 467
f 467 391 468
f 540 471 390
f 474 473 392
f 474 392 393
f 394 473 470
f 394 392 473
f 395 472 475
f 476 395 475
f 326 474 393
f 326 481 474
f 476 396 395
f 477 396 476
f 397 405 479
f 480 397 479
f 481 397 480
f 326 397 481
f 396 477 398
f 477 482 398
f 398 483 399
f 482 483 398
f 483 484 399
f 401 484 478
f 401 399 484
f 485 401 478
f 489 403 402
f 553 404 403
f 553 403 489
f 553 480 479
f 404 553 479
f 405 404 479
f 487 486 407
f 487 407 340
f 407 488 402
f 407 486 488
f 402 488 489
f 485 490 401
f 401 490 409
f 409 490 491
f 487 410 492
f 487 340 410
f 491 412 409
f 494 412 491
f 493 492 410
f 413 493 410
f 495 493 413
f 494 558 412
f 412 558 414
f 414 495 415
f 558 495 414
f 413 415 495
f 426 499 416
f 501 577 419
f 419 577 418
f 502 570 420
f 570 501 420
f 501 419 420
f 496 502 421
f 570 502 496
f 496 421 423
f 496 423 497
f 497 423 424
f 497 424 498
f 424 499 498
f 424 416 499
f 503 499 426
f 504 426 432
f 504 503 426
f 504 432 500
f 432 428 500
f 505 500 428
f 508 507 429
f 418 508 429
f 577 508 418
f 434 505 428
f 436 506 434
f 506 505 434
f 510 511 581
f 507 508 514
f 507 514 513
f 436 437 509
f 509 437 438
f 509 438 510
f 510 438 439
f 510 439 441
f 510 515 511
f 510 441 515
f 511 516 512
f 511 515 516
f 517 512 516
f 518 440 513
f 513 514 518
f 441 443 515
f 515 443 448
f 516 515 448
f 517 516 519
f 516 520 519
f 516 448 520
f 520 521 519
f 518 445 440
f 446 445 518
f 522 446 518
f 520 523 521
f 520 448 523
f 524 521 523
f 522 454 446
f 593 454 522
f 525 448 452
f 523 448 525
f 524 523 526
f 523 525 526
f 457 454 593
f 455 525 452
f 526 525 527
f 525 455 527
f 455 528 527
f 530 528 455
f 530 455 459
f 461 531 459
f 531 530 459
f 532 533 461
f 461 533 531
f 534 533 532
f 534 538 533
f 529 535 457
f 529 536 535
f 461 462 532
f 532 462 464
f 537 532 464
f 534 532 537
f 538 534 537
f 602 466 535
f 602 535 536
f 468 539 469
f 469 539 464
f 539 537 464
f 540 466 602
f 541 540 602
f 544 605 470
f 605 606 470
f 468 391 539
f 541 542 540
f 542 471 540
f 472 471 542
f 472 542 607
f 473 474 543
f 544 473 543
f 470 473 544
f 472 607 475
f 475 545 476
f 607 545 475
f 543 481 546
f 474 481 543
f 545 477 476
f 548 545 547
f 477 545 548
f 614 548 547
f 552 549 478
f 478 549 550
f 481 551 546
f 481 480 551
f 482 477 548
f 614 482 548
f 614 483 482
f 483 552 484
f 614 552 483
f 478 484 552
f 550 485 478
f 621 485 550
f 554 551 553
f 551 480 553
f 485 621 490
f 630 555 486
f 630 486 487
f 486 555 488
f 488 626 489
f 555 626 488
f 553 626 554
f 553 489 626
f 491 490 556
f 492 493 557
f 630 492 557
f 487 492 630
f 558 494 556
f 494 491 556
f 557 558 556
f 495 558 557
f 493 495 557
f 566 561 559
f 559 561 560
f 562 564 563
f 560 565 559
f 559 565 566
f 563 571 562
f 571 570 562
f 570 496 562
f 572 564 562
f 496 572 562
f 497 572 496
f 573 572 497
f 574 497 498
f 574 573 497
f 574 498 499
f 503 575 499
f 499 575 574
f 504 576 503
f 503 576 575
f 576 504 568
f 568 504 567
f 504 500 567
f 567 500 505
f 569 567 505
f 506 569 505
f 570 577 501
f 570 578 577
f 570 571 579
f 570 579 578
f 581 580 509
f 583 508 577
f 578 579 584
f 583 578 584
f 577 578 583
f 506 436 509
f 509 510 581
f 581 511 512
f 581 512 582
f 512 585 582
f 659 508 583
f 659 514 508
f 659 583 584
f 517 519 585
f 512 517 585
f 519 658 585
f 587 518 659
f 518 514 659
f 519 521 658
f 521 586 658
f 521 589 586
f 588 522 587
f 587 522 518
f 524 590 589
f 521 524 589
f 590 591 589
f 593 522 588
f 526 590 524
f 594 590 526
f 591 590 594
f 592 591 594
f 595 457 593
f 528 597 527
f 527 597 526
f 597 594 526
f 595 529 457
f 596 529 595
f 530 597 528
f 531 597 530
f 598 531 533
f 598 597 531
f 599 533 538
f 599 598 533
f 601 599 538
f 596 536 529
f 537 600 538
f 600 601 538
f 536 603 602
f 596 603 536
f 539 604 537
f 537 604 600
f 603 541 602
f 683 541 603
f 391 692 539
f 391 606 692
f 539 692 604
f 541 683 542
f 542 608 607
f 683 608 542
f 613 609 543
f 543 701 544
f 609 701 543
f 605 544 701
f 608 610 607
f 610 545 607
f 545 610 702
f 613 543 546
f 545 702 547
f 547 615 614
f 702 615 547
f 614 615 611
f 552 614 611
f 552 612 549
f 552 611 612
f 705 616 550
f 705 550 549
f 703 705 549
f 612 703 549
f 706 617 616
f 706 616 705
f 620 619 618
f 619 620 613
f 551 619 613
f 551 613 546
f 616 621 550
f 627 616 617
f 621 616 627
f 617 622 627
f 625 624 623
f 624 625 618
f 626 624 618
f 626 619 554
f 626 618 619
f 554 619 551
f 621 627 490
f 627 622 628
f 631 630 629
f 630 631 623
f 555 630 623
f 555 623 624
f 555 624 626
f 628 556 490
f 627 628 490
f 556 628 629
f 557 556 629
f 557 629 630
f 632 635 560
f 636 633 632
f 560 636 632
f 561 636 560
f 638 637 566
f 637 561 566
f 637 636 561
f 634 639 563
f 563 564 634
f 564 736 634
f 642 641 640
f 642 643 565
f 635 642 565
f 560 635 565
f 642 635 641
f 575 566 565
f 575 565 643
f 575 638 566
f 576 638 575
f 567 644 568
f 644 638 568
f 638 576 568
f 644 567 569
f 646 645 569
f 645 644 569
f 646 732 645
f 646 647 732
f 639 571 563
f 740 571 639
f 736 564 572
f 573 640 736
f 572 573 736
f 640 573 574
f 640 574 642
f 642 574 643
f 643 574 575
f 506 646 569
f 646 506 648
f 646 648 647
f 647 648 580
f 740 579 571
f 652 579 740
f 506 509 648
f 648 509 580
f 649 580 581
f 649 581 650
f 650 581 651
f 581 653 651
f 582 653 581
f 655 654 582
f 654 653 582
f 655 657 654
f 652 656 579
f 579 656 584
f 585 655 582
f 655 658 657
f 655 585 658
f 658 748 657
f 584 660 659
f 656 660 584
f 586 661 658
f 661 748 658
f 660 587 659
f 662 587 660
f 589 661 586
f 661 664 663
f 661 589 664
f 664 665 663
f 662 588 587
f 666 588 662
f 589 591 664
f 664 591 592
f 665 664 592
f 667 665 592
f 588 668 593
f 666 668 588
f 594 669 592
f 667 592 670
f 670 592 669
f 668 595 593
f 671 595 668
f 669 594 597
f 672 669 597
f 670 669 676
f 676 669 672
f 671 596 595
f 767 596 671
f 597 598 672
f 598 676 672
f 599 673 676
f 598 599 676
f 673 599 601
f 673 601 674
f 601 675 674
f 601 677 675
f 678 596 767
f 600 679 601
f 679 677 601
f 681 603 680
f 603 678 680
f 603 596 678
f 682 681 680
f 604 692 600
f 692 679 600
f 681 683 603
f 684 681 682
f 683 681 684
f 605 690 606
f 689 690 605
f 606 690 691
f 606 691 692
f 608 683 684
f 783 693 608
f 684 783 608
f 694 695 693
f 694 693 783
f 695 694 686
f 685 695 686
f 696 685 687
f 695 685 696
f 687 688 697
f 696 687 697
f 699 609 613
f 700 609 699
f 700 701 609
f 605 701 689
f 693 610 608
f 610 693 702
f 693 695 702
f 702 695 615
f 615 696 611
f 615 695 696
f 611 696 612
f 612 696 697
f 703 612 697
f 698 703 697
f 704 699 613
f 708 618 707
f 620 618 708
f 620 704 613
f 706 622 617
f 709 622 706
f 713 710 623
f 625 710 707
f 625 623 710
f 625 707 618
f 628 709 711
f 628 622 709
f 711 629 628
f 712 629 711
f 629 713 631
f 712 713 629
f 623 631 713
f 716 715 714
f 714 717 716
f 714 715 720
f 720 715 721
f 714 722 717
f 714 720 722
f 717 724 723
f 717 722 724
f 632 723 724
f 632 725 723
f 718 725 633
f 725 632 633
f 718 726 719
f 718 633 726
f 730 719 726
f 721 727 720
f 728 720 727
f 720 729 722
f 720 728 729
f 722 641 724
f 722 729 641
f 641 635 632
f 641 632 724
f 633 636 637
f 633 637 726
f 644 730 638
f 638 730 637
f 730 726 637
f 644 731 730
f 735 734 634
f 734 639 634
f 634 736 735
f 735 736 727
f 728 727 736
f 729 736 640
f 728 736 729
f 729 640 641
f 731 644 645
f 731 645 732
f 737 732 647
f 733 732 737
f 733 649 738
f 733 737 649
f 649 739 738
f 734 740 639
f 580 737 647
f 737 580 649
f 649 650 739
f 650 741 739
f 651 741 650
f 653 742 651
f 742 741 651
f 653 743 742
f 747 652 740
f 653 654 743
f 743 654 657
f 744 743 657
f 745 744 657
f 747 746 652
f 652 746 656
f 748 745 657
f 746 660 656
f 750 660 746
f 748 661 663
f 749 748 663
f 749 663 751
f 662 750 752
f 660 750 662
f 663 665 751
f 754 753 665
f 753 751 665
f 754 755 753
f 666 662 752
f 836 666 752
f 667 754 665
f 755 760 759
f 755 754 760
f 756 668 836
f 836 668 666
f 667 757 754
f 667 670 757
f 754 758 760
f 754 757 758
f 761 762 760
f 760 762 759
f 763 668 756
f 763 671 668
f 757 676 673
f 670 676 757
f 757 673 674
f 757 674 758
f 758 674 675
f 764 758 675
f 760 758 764
f 760 765 761
f 760 764 765
f 762 761 766
f 766 761 765
f 763 767 671
f 677 768 764
f 677 764 675
f 769 765 773
f 765 768 773
f 765 764 768
f 765 769 766
f 770 678 767
f 774 773 768
f 677 774 768
f 679 774 677
f 770 775 678
f 678 775 680
f 680 776 682
f 775 776 680
f 778 777 682
f 776 778 682
f 777 778 771
f 779 777 771
f 779 772 780
f 771 772 779
f 782 679 692
f 774 679 782
f 783 684 777
f 777 684 682
f 784 777 779
f 783 777 784
f 780 685 686
f 779 780 686
f 784 779 686
f 685 785 687
f 780 785 685
f 781 786 688
f 785 781 688
f 687 785 688
f 781 787 786
f 689 788 690
f 788 789 690
f 690 866 691
f 789 866 690
f 691 790 692
f 782 692 790
f 694 783 784
f 694 784 686
f 786 697 688
f 698 697 786
f 787 698 786
f 791 698 787
f 796 792 699
f 700 792 797
f 699 792 700
f 793 700 797
f 701 700 793
f 689 701 788
f 788 701 793
f 791 703 698
f 794 703 791
f 704 620 795
f 796 704 795
f 699 704 796
f 703 794 705
f 705 798 706
f 794 798 705
f 706 798 709
f 708 799 795
f 708 707 799
f 708 795 620
f 707 710 799
f 799 710 713
f 800 711 709
f 801 711 800
f 801 712 711
f 712 880 713
f 801 880 712
f 804 803 802
f 804 805 803
f 807 802 808
f 802 809 804
f 802 807 809
f 804 809 805
f 805 809 810
f 811 806 812
f 806 811 813
f 807 808 809
f 809 808 896
f 896 715 716
f 809 896 716
f 809 716 717
f 809 717 810
f 814 810 717
f 812 725 811
f 725 718 811
f 811 718 719
f 811 719 813
f 815 816 719
f 816 813 719
f 815 817 816
f 896 721 715
f 818 721 896
f 723 814 717
f 814 723 725
f 730 815 719
f 815 730 819
f 815 820 817
f 815 819 820
f 818 727 721
f 823 727 818
f 730 731 819
f 819 731 820
f 820 731 732
f 820 732 821
f 821 732 733
f 738 822 733
f 738 824 822
f 904 734 735
f 727 904 735
f 823 904 727
f 738 739 824
f 741 824 739
f 825 824 741
f 825 826 827
f 825 741 826
f 908 734 904
f 908 740 734
f 741 742 826
f 826 742 743
f 826 743 827
f 827 743 744
f 827 744 828
f 829 828 744
f 908 830 747
f 740 908 747
f 745 829 744
f 829 745 831
f 830 746 747
f 745 748 749
f 745 749 831
f 749 832 831
f 830 750 746
f 913 750 830
f 832 749 751
f 753 912 751
f 912 832 751
f 753 833 912
f 752 750 913
f 752 913 834
f 753 755 833
f 835 833 755
f 834 837 836
f 752 834 836
f 759 835 755
f 838 836 837
f 756 836 838
f 839 921 759
f 762 839 759
f 839 762 840
f 841 763 756
f 838 841 756
f 766 840 762
f 766 842 840
f 841 843 763
f 843 767 763
f 844 769 773
f 766 769 842
f 842 769 844
f 843 770 767
f 845 770 843
f 856 846 771
f 771 847 772
f 846 847 771
f 849 848 772
f 847 849 772
f 851 850 848
f 851 848 849
f 852 773 774
f 844 773 852
f 775 770 853
f 770 854 853
f 770 845 854
f 855 775 853
f 776 775 855
f 776 856 778
f 855 856 776
f 771 778 856
f 772 848 780
f 848 785 780
f 785 850 781
f 785 848 850
f 851 857 781
f 850 851 781
f 867 858 782
f 774 782 852
f 852 782 858
f 854 859 853
f 860 787 857
f 857 787 781
f 857 861 860
f 863 789 788
f 863 788 862
f 789 863 864
f 865 789 864
f 866 789 865
f 691 867 790
f 866 867 691
f 782 790 867
f 860 791 787
f 860 861 868
f 869 860 868
f 792 796 870
f 946 792 870
f 797 792 946
f 797 946 871
f 872 793 797
f 788 793 862
f 793 948 862
f 793 872 948
f 875 862 948
f 862 876 863
f 862 875 876
f 864 863 876
f 860 794 791
f 873 860 869
f 794 860 873
f 869 951 873
f 870 796 874
f 796 795 874
f 872 797 871
f 798 794 873
f 951 877 709
f 951 709 798
f 873 951 798
f 795 799 874
f 874 799 878
f 877 800 709
f 1049 800 877
f 961 878 713
f 799 713 878
f 1049 879 800
f 800 879 801
f 879 880 801
f 713 880 961
f 885 884 802
f 885 803 881
f 802 803 885
f 803 882 881
f 805 882 803
f 886 882 805
f 805 892 886
f 883 887 806
f 888 889 806
f 889 883 806
f 888 890 889
f 884 808 802
f 891 808 884
f 814 892 810
f 810 892 805
f 725 887 814
f 814 887 892
f 812 887 725
f 806 887 812
f 813 888 806
f 888 813 816
f 888 893 890
f 888 816 893
f 890 893 894
f 891 895 808
f 895 977 896
f 808 895 896
f 893 816 817
f 893 817 894
f 897 894 817
f 896 977 899
f 899 818 896
f 820 897 817
f 897 820 821
f 821 733 898
f 822 898 733
f 901 823 818
f 901 818 899
f 822 824 825
f 822 825 900
f 827 902 825
f 902 900 825
f 827 903 902
f 904 901 905
f 904 823 901
f 827 828 903
f 906 903 828
f 905 908 904
f 829 906 828
f 909 907 829
f 907 906 829
f 831 909 829
f 831 991 909
f 991 832 911
f 831 832 991
f 832 912 911
f 910 914 913
f 830 910 913
f 833 915 912
f 916 915 833
f 833 918 916
f 913 914 834
f 914 917 834
f 918 833 835
f 917 919 834
f 837 834 919
f 837 919 920
f 759 918 835
f 921 918 759
f 920 923 837
f 838 837 923
f 838 923 924
f 839 840 921
f 840 922 921
f 840 925 922
f 924 841 838
f 926 841 924
f 925 842 927
f 840 842 925
f 841 1013 843
f 841 926 1013
f 844 932 842
f 932 927 842
f 1013 845 843
f 928 845 1013
f 929 846 856
f 846 930 847
f 929 930 846
f 847 931 849
f 930 931 847
f 849 1022 851
f 931 1022 849
f 938 1024 852
f 852 932 844
f 852 1024 932
f 928 854 845
f 1025 854 928
f 934 933 855
f 934 855 853
f 855 935 856
f 933 935 855
f 929 856 935
f 1022 936 851
f 851 936 857
f 858 867 937
f 938 858 937
f 852 858 938
f 1025 939 854
f 854 939 859
f 853 859 934
f 934 859 939
f 936 861 857
f 940 861 936
f 864 941 865
f 865 941 950
f 942 865 950
f 866 865 942
f 867 942 937
f 867 866 942
f 861 940 868
f 944 943 869
f 868 944 869
f 940 944 868
f 945 943 944
f 1038 870 874
f 870 1038 946
f 947 1040 948
f 872 947 948
f 957 949 876
f 949 950 941
f 876 949 941
f 864 876 941
f 943 951 869
f 952 943 945
f 951 943 952
f 945 953 952
f 1038 874 954
f 1038 955 946
f 946 955 871
f 955 956 871
f 872 871 947
f 947 871 956
f 948 1040 875
f 1040 957 875
f 876 875 957
f 951 958 877
f 951 952 958
f 952 953 959
f 952 959 958
f 874 878 954
f 954 878 960
f 1049 877 958
f 1049 958 959
f 960 878 961
f 879 962 880
f 1049 962 879
f 961 880 962
f 965 885 963
f 885 881 963
f 963 881 882
f 964 963 882
f 964 882 966
f 968 971 883
f 969 968 883
f 965 884 885
f 965 970 884
f 882 886 966
f 966 886 892
f 967 966 892
f 967 887 971
f 967 892 887
f 883 971 887
f 889 969 883
f 889 972 969
f 972 890 973
f 972 889 890
f 970 891 884
f 1147 891 970
f 894 973 890
f 974 973 894
f 897 975 894
f 975 974 894
f 821 976 897
f 897 976 975
f 895 891 977
f 891 978 977
f 891 1147 978
f 979 976 821
f 898 979 821
f 822 980 898
f 980 979 898
f 822 981 980
f 977 978 982
f 982 899 977
f 981 822 900
f 981 900 983
f 900 984 983
f 899 982 1074
f 901 899 1074
f 902 984 900
f 985 902 903
f 985 984 902
f 986 903 906
f 986 985 903
f 906 987 986
f 1074 905 901
f 988 905 1074
f 907 987 906
f 988 908 905
f 989 908 988
f 990 907 909
f 990 909 991
f 989 992 830
f 830 908 989
f 910 992 914
f 830 992 910
f 911 912 993
f 915 994 912
f 994 993 912
f 915 995 994
f 915 916 995
f 918 997 916
f 997 995 916
f 918 998 997
f 996 917 914
f 999 917 996
f 1000 918 921
f 998 918 1000
f 998 1000 1001
f 999 1002 917
f 917 1002 919
f 920 919 1002
f 920 1002 1003
f 1000 921 922
f 1004 1000 922
f 1001 1000 1004
f 1001 1004 1005
f 1003 1006 920
f 920 1006 923
f 924 923 1006
f 924 1006 1007
f 925 1004 922
f 1004 1008 1005
f 1004 925 1008
f 1009 1005 1008
f 1007 926 924
f 1010 926 1007
f 1011 925 927
f 1008 925 1011
f 1009 1008 1012
f 1012 1008 1011
f 926 1094 1013
f 1010 1094 926
f 1191 1014 927
f 1191 927 932
f 927 1015 1011
f 927 1014 1015
f 1011 1015 1012
f 1016 928 1013
f 1013 1094 1017
f 1013 1017 1016
f 929 1019 930
f 1018 1019 929
f 1019 1021 1020
f 931 1019 1020
f 930 1019 931
f 1022 931 1020
f 1024 938 1023
f 1024 1191 932
f 1016 1025 928
f 933 1017 1026
f 1017 933 1016
f 934 1016 933
f 1016 934 1025
f 1105 933 1026
f 935 933 1105
f 929 935 1018
f 1018 935 1105
f 1020 1021 1033
f 1033 1021 1027
f 1020 1028 1022
f 1020 1033 1028
f 1028 936 1022
f 1031 1030 1029
f 1031 937 1030
f 1032 937 1031
f 1023 938 1032
f 938 937 1032
f 939 1025 934
f 1028 1033 1116
f 1028 1116 1034
f 940 936 1028
f 1035 940 1028
f 1034 1035 1028
f 1036 940 1035
f 1029 950 1042
f 950 1030 942
f 950 1029 1030
f 942 1030 937
f 944 940 1036
f 1118 944 1036
f 1118 945 944
f 945 1118 1037
f 1039 947 1046
f 947 1039 1040
f 1041 957 1040
f 1041 1040 1039
f 1041 949 957
f 1042 949 1041
f 950 949 1042
f 1037 953 945
f 1043 953 1037
f 954 1044 1038
f 1044 1045 1038
f 1045 955 1038
f 955 1122 956
f 1045 1122 955
f 947 956 1046
f 956 1122 1046
f 1043 959 953
f 1047 959 1043
f 1051 1048 960
f 960 1048 954
f 1048 1044 954
f 959 1132 1049
f 1047 1132 959
f 1132 1050 961
f 960 961 1051
f 961 1050 1051
f 1132 962 1049
f 961 962 1132
f 1053 1054 1136
f 1136 1054 1052
f 1055 964 1136
f 963 964 1055
f 1056 1136 964
f 1053 1136 1056
f 1054 1053 1058
f 1053 1057 1058
f 1053 1056 1057
f 1057 1059 1058
f 965 963 1055
f 965 1055 1060
f 966 1056 964
f 1056 966 967
f 1056 967 1057
f 1057 967 971
f 1059 971 968
f 1057 971 1059
f 968 1061 1059
f 969 1061 968
f 972 1062 969
f 1062 1061 969
f 972 1063 1062
f 1060 970 965
f 1145 970 1060
f 1063 972 973
f 1063 973 1064
f 1145 1147 970
f 973 974 1064
f 1064 974 975
f 1064 975 1065
f 975 1066 1065
f 976 1066 975
f 979 1067 976
f 1067 1066 976
f 1069 978 1147
f 979 980 1067
f 1067 980 981
f 1067 981 1068
f 981 1070 1068
f 983 1070 981
f 1071 1070 983
f 1069 982 978
f 984 1072 983
f 1072 1071 983
f 984 1073 1072
f 982 1075 1074
f 982 1069 1075
f 984 985 1073
f 985 1076 1073
f 986 1076 985
f 1077 986 987
f 1077 1076 986
f 1074 1075 1078
f 1078 988 1074
f 987 1080 1077
f 907 1080 987
f 988 1078 1079
f 989 988 1079
f 1080 907 990
f 911 1081 991
f 1081 990 991
f 1081 1080 990
f 1079 1162 989
f 989 1162 992
f 1160 1081 911
f 993 1160 911
f 1161 993 994
f 1161 1160 993
f 994 1082 1161
f 1162 1164 914
f 914 992 1162
f 995 1082 994
f 997 1082 995
f 1164 996 914
f 1084 996 1164
f 997 998 1083
f 999 1084 1085
f 999 996 1084
f 1085 1002 999
f 1003 1002 1085
f 1089 1003 1085
f 1086 1001 1005
f 1090 1086 1005
f 1087 1086 1090
f 1088 1087 1092
f 1092 1087 1090
f 1003 1089 1006
f 1007 1006 1089
f 1007 1089 1091
f 1009 1090 1005
f 1092 1090 1009
f 1093 1010 1176
f 1010 1091 1176
f 1010 1007 1091
f 1012 1096 1009
f 1092 1009 1096
f 1093 1094 1010
f 1093 1097 1094
f 1095 1014 1191
f 1014 1182 1015
f 1095 1182 1014
f 1012 1015 1096
f 1015 1182 1096
f 1097 1184 1094
f 1184 1017 1094
f 1099 1018 1098
f 1019 1018 1099
f 1021 1019 1099
f 1021 1099 1100
f 1102 1032 1101
f 1102 1023 1032
f 1023 1103 1024
f 1102 1103 1023
f 1103 1191 1024
f 1184 1026 1017
f 1104 1026 1184
f 1100 1027 1021
f 1107 1029 1106
f 1108 1029 1107
f 1101 1031 1108
f 1031 1029 1108
f 1031 1101 1032
f 1104 1109 1026
f 1026 1110 1105
f 1026 1109 1110
f 1033 1027 1215
f 1027 1111 1215
f 1027 1100 1111
f 1116 1033 1215
f 1034 1116 1112
f 1034 1113 1035
f 1112 1113 1034
f 1113 1117 1036
f 1035 1113 1036
f 1114 1115 1106
f 1042 1114 1106
f 1029 1042 1106
f 1117 1118 1036
f 1120 1119 1037
f 1118 1120 1037
f 1121 1217 1119
f 1121 1119 1120
f 1124 1122 1123
f 1213 1125 1039
f 1213 1039 1046
f 1114 1041 1115
f 1041 1125 1115
f 1041 1039 1125
f 1041 1114 1042
f 1126 1043 1119
f 1119 1043 1037
f 1126 1119 1217
f 1128 1127 1045
f 1128 1045 1044
f 1127 1129 1045
f 1122 1129 1123
f 1122 1045 1129
f 1124 1213 1122
f 1213 1046 1122
f 1130 1047 1126
f 1126 1047 1043
f 1131 1126 1217
f 1130 1126 1131
f 1217 1221 1131
f 1128 1044 1135
f 1044 1048 1135
f 1130 1132 1047
f 1132 1131 1050
f 1132 1130 1131
f 1221 1133 1131
f 1133 1050 1131
f 1133 1051 1050
f 1051 1134 1048
f 1051 1133 1134
f 1048 1134 1135
f 1136 1052 1137
f 1052 1138 1137
f 1052 1054 1138
f 1137 1055 1136
f 1229 1055 1137
f 1058 1139 1054
f 1139 1058 1059
f 1061 1140 1059
f 1140 1139 1059
f 1061 1062 1140
f 1143 1142 1060
f 1060 1055 1229
f 1060 1229 1143
f 1062 1063 1141
f 1064 1144 1063
f 1144 1141 1063
f 1064 1146 1144
f 1142 1145 1060
f 1064 1065 1146
f 1066 1146 1065
f 1066 1148 1146
f 1067 1148 1066
f 1238 1148 1067
f 1149 1067 1068
f 1149 1238 1067
f 1070 1149 1068
f 1150 1149 1070
f 1150 1151 1149
f 1240 1069 1147
f 1070 1071 1150
f 1072 1150 1071
f 1151 1150 1072
f 1151 1072 1152
f 1153 1069 1240
f 1072 1073 1152
f 1076 1152 1073
f 1153 1075 1069
f 1248 1075 1153
f 1155 1154 1076
f 1077 1155 1076
f 1248 1078 1075
f 1156 1078 1248
f 1155 1077 1157
f 1077 1080 1157
f 1078 1158 1079
f 1078 1156 1158
f 1080 1081 1157
f 1160 1159 1081
f 1159 1157 1081
f 1160 1161 1159
f 1158 1162 1079
f 1165 1164 1162
f 1082 997 1163
f 997 1166 1163
f 1083 1166 997
f 1169 1167 1083
f 1167 1166 1083
f 1168 1084 1164
f 1168 1164 1165
f 998 1169 1083
f 1001 1169 998
f 1084 1168 1085
f 1085 1168 1170
f 1086 1169 1001
f 1169 1086 1087
f 1170 1089 1085
f 1172 1089 1170
f 1172 1174 1173
f 1175 1173 1174
f 1092 1171 1088
f 1092 1263 1171
f 1173 1176 1091
f 1172 1173 1091
f 1089 1172 1091
f 1177 1173 1175
f 1176 1173 1177
f 1092 1179 1178
f 1263 1092 1178
f 1179 1181 1178
f 1176 1177 1180
f 1093 1176 1180
f 1269 1093 1180
f 1183 1181 1179
f 1092 1183 1179
f 1096 1183 1092
f 1269 1097 1093
f 1273 1097 1269
f 1182 1183 1096
f 1275 1184 1097
f 1273 1275 1097
f 1185 1099 1098
f 1099 1186 1100
f 1185 1186 1099
f 1101 1108 1188
f 1189 1101 1188
f 1101 1190 1102
f 1189 1190 1101
f 1190 1103 1102
f 1275 1192 1184
f 1192 1104 1184
f 1105 1193 1018
f 1193 1098 1018
f 1193 1185 1098
f 1194 1100 1186
f 1107 1106 1195
f 1196 1107 1195
f 1197 1107 1196
f 1108 1197 1188
f 1108 1107 1197
f 1109 1104 1198
f 1104 1192 1198
f 1199 1109 1198
f 1110 1109 1199
f 1105 1110 1193
f 1110 1200 1193
f 1110 1199 1200
f 1194 1111 1100
f 1201 1111 1194
f 1202 1112 1206
f 1113 1112 1202
f 1113 1296 1117
f 1202 1296 1113
f 1204 1195 1115
f 1115 1195 1106
f 1111 1205 1215
f 1111 1201 1205
f 1216 1116 1215
f 1116 1216 1112
f 1216 1206 1112
f 1296 1207 1117
f 1207 1118 1117
f 1118 1307 1120
f 1207 1307 1118
f 1120 1208 1121
f 1307 1208 1120
f 1209 1210 1217
f 1121 1209 1217
f 1208 1209 1121
f 1212 1211 1123
f 1203 1213 1124
f 1211 1203 1124
f 1123 1211 1124
f 1214 1125 1213
f 1203 1214 1213
f 1115 1125 1204
f 1204 1125 1214
f 1210 1319 1217
f 1219 1218 1127
f 1219 1127 1128
f 1127 1220 1129
f 1218 1220 1127
f 1123 1129 1212
f 1212 1129 1220
f 1217 1319 1323
f 1217 1323 1221
f 1222 1128 1135
f 1219 1128 1222
f 1323 1223 1221
f 1223 1133 1221
f 1223 1134 1133
f 1135 1223 1222
f 1135 1134 1223
f 1138 1328 1137
f 1224 1138 1054
f 1224 1328 1138
f 1225 1054 1139
f 1225 1224 1054
f 1139 1226 1225
f 1229 1137 1230
f 1137 1328 1230
f 1226 1139 1140
f 1226 1140 1227
f 1227 1140 1062
f 1227 1062 1228
f 1228 1062 1141
f 1143 1232 1142
f 1233 1143 1229
f 1232 1143 1233
f 1233 1229 1230
f 1144 1146 1231
f 1234 1231 1146
f 1232 1145 1142
f 1235 1145 1232
f 1148 1236 1146
f 1236 1234 1146
f 1238 1237 1148
f 1148 1237 1236
f 1238 1239 1237
f 1235 1147 1145
f 1240 1147 1235
f 1241 1239 1238
f 1149 1241 1238
f 1242 1241 1149
f 1354 1242 1149
f 1243 1149 1151
f 1243 1354 1149
f 1244 1243 1151
f 1152 1244 1151
f 1246 1244 1152
f 1153 1245 1247
f 1240 1245 1153
f 1076 1246 1152
f 1076 1154 1246
f 1154 1250 1246
f 1248 1247 1249
f 1248 1153 1247
f 1250 1154 1155
f 1250 1155 1252
f 1248 1249 1251
f 1251 1156 1248
f 1252 1155 1157
f 1159 1252 1157
f 1366 1156 1251
f 1158 1156 1366
f 1159 1161 1253
f 1254 1253 1161
f 1366 1162 1158
f 1256 1162 1366
f 1082 1254 1161
f 1254 1082 1163
f 1254 1163 1255
f 1166 1257 1163
f 1257 1255 1163
f 1166 1258 1257
f 1256 1165 1162
f 1259 1165 1256
f 1166 1167 1258
f 1169 1260 1167
f 1260 1258 1167
f 1169 1261 1260
f 1165 1375 1168
f 1259 1375 1165
f 1169 1087 1261
f 1087 1088 1261
f 1088 1262 1261
f 1088 1171 1262
f 1375 1170 1168
f 1376 1170 1375
f 1172 1376 1264
f 1172 1170 1376
f 1264 1174 1172
f 1265 1174 1264
f 1265 1266 1175
f 1174 1265 1175
f 1268 1175 1266
f 1177 1175 1268
f 1178 1267 1263
f 1178 1181 1267
f 1181 1272 1267
f 1270 1269 1180
f 1177 1270 1180
f 1268 1270 1177
f 1181 1183 1271
f 1272 1181 1271
f 1270 1273 1269
f 1095 1274 1182
f 1387 1274 1095
f 1183 1274 1271
f 1183 1182 1274
f 1185 1276 1277
f 1278 1185 1277
f 1186 1185 1278
f 1278 1187 1186
f 1188 1281 1189
f 1280 1281 1188
f 1189 1281 1190
f 1281 1282 1190
f 1190 1283 1103
f 1282 1283 1190
f 1103 1394 1191
f 1283 1394 1103
f 1095 1191 1387
f 1387 1191 1394
f 1275 1284 1192
f 1193 1285 1276
f 1193 1276 1185
f 1277 1287 1286
f 1287 1277 1186
f 1276 1186 1277
f 1186 1276 1194
f 1285 1194 1276
f 1287 1186 1187
f 1279 1287 1187
f 1195 1288 1196
f 1196 1288 1289
f 1290 1196 1289
f 1197 1196 1290
f 1188 1197 1280
f 1280 1197 1290
f 1284 1198 1192
f 1404 1198 1284
f 1198 1405 1199
f 1199 1291 1200
f 1405 1291 1199
f 1193 1200 1285
f 1200 1292 1285
f 1200 1291 1292
f 1287 1293 1286
f 1294 1285 1292
f 1285 1294 1194
f 1201 1194 1294
f 1295 1202 1206
f 1295 1305 1296
f 1202 1295 1296
f 1204 1297 1288
f 1204 1288 1195
f 1289 1288 1298
f 1288 1299 1298
f 1288 1297 1299
f 1299 1300 1298
f 1294 1205 1201
f 1302 1205 1294
f 1304 1303 1206
f 1304 1206 1216
f 1295 1206 1303
f 1305 1207 1296
f 1305 1306 1207
f 1306 1307 1207
f 1309 1308 1210
f 1209 1309 1210
f 1208 1309 1209
f 1310 1308 1309
f 1311 1211 1212
f 1203 1211 1413
f 1413 1211 1311
f 1413 1312 1203
f 1203 1312 1214
f 1204 1214 1297
f 1214 1422 1297
f 1214 1312 1422
f 1313 1297 1422
f 1313 1299 1297
f 1299 1314 1300
f 1299 1313 1314
f 1300 1315 1301
f 1300 1314 1315
f 1316 1301 1315
f 1302 1317 1205
f 1205 1317 1215
f 1215 1318 1216
f 1317 1318 1215
f 1304 1216 1318
f 1308 1319 1210
f 1427 1324 1310
f 1218 1310 1324
f 1310 1218 1308
f 1219 1308 1218
f 1308 1219 1319
f 1325 1220 1218
f 1325 1218 1324
f 1325 1320 1220
f 1320 1212 1220
f 1320 1311 1212
f 1314 1313 1321
f 1314 1321 1315
f 1315 1321 1322
f 1323 1219 1222
f 1219 1323 1319
f 1223 1323 1222
f 1228 1327 1326
f 1228 1332 1327
f 1224 1329 1328
f 1329 1224 1330
f 1224 1331 1330
f 1224 1225 1331
f 1331 1226 1439
f 1225 1226 1331
f 1439 1226 1227
f 1439 1227 1326
f 1326 1227 1228
f 1141 1332 1228
f 1333 1334 1141
f 1334 1332 1141
f 1328 1335 1230
f 1328 1336 1335
f 1329 1330 1336
f 1328 1329 1336
f 1144 1333 1141
f 1144 1231 1333
f 1231 1341 1333
f 1341 1334 1333
f 1233 1338 1232
f 1232 1338 1337
f 1230 1335 1233
f 1335 1338 1233
f 1335 1339 1338
f 1339 1336 1340
f 1335 1336 1339
f 1234 1341 1231
f 1342 1341 1234
f 1342 1234 1343
f 1345 1235 1337
f 1337 1235 1232
f 1345 1337 1338
f 1346 1338 1339
f 1345 1338 1346
f 1339 1340 1346
f 1347 1343 1234
f 1347 1234 1236
f 1348 1236 1237
f 1348 1347 1236
f 1241 1344 1239
f 1344 1348 1239
f 1348 1237 1239
f 1344 1241 1349
f 1351 1350 1345
f 1350 1235 1345
f 1350 1240 1235
f 1351 1345 1352
f 1352 1345 1346
f 1241 1242 1349
f 1242 1353 1349
f 1354 1353 1242
f 1355 1243 1244
f 1355 1354 1243
f 1245 1350 1356
f 1240 1350 1245
f 1357 1355 1244
f 1357 1244 1246
f 1358 1461 1246
f 1461 1357 1246
f 1356 1359 1247
f 1356 1247 1245
f 1250 1358 1246
f 1463 1358 1250
f 1359 1249 1247
f 1360 1249 1359
f 1252 1361 1250
f 1361 1463 1250
f 1252 1362 1361
f 1251 1360 1364
f 1251 1249 1360
f 1252 1159 1362
f 1362 1159 1253
f 1362 1253 1363
f 1364 1366 1251
f 1254 1365 1253
f 1255 1365 1254
f 1367 1255 1257
f 1367 1365 1255
f 1257 1369 1367
f 1368 1256 1366
f 1258 1369 1257
f 1370 1258 1260
f 1370 1369 1258
f 1259 1368 1371
f 1259 1256 1368
f 1372 1370 1260
f 1261 1372 1260
f 1374 1373 1262
f 1373 1261 1262
f 1373 1372 1261
f 1371 1375 1259
f 1171 1374 1262
f 1375 1371 1377
f 1375 1377 1376
f 1374 1171 1378
f 1378 1171 1263
f 1377 1379 1376
f 1379 1264 1376
f 1379 1265 1264
f 1266 1265 1379
f 1266 1379 1380
f 1383 1378 1267
f 1378 1263 1267
f 1380 1381 1266
f 1268 1266 1381
f 1272 1382 1383
f 1267 1272 1383
f 1381 1270 1268
f 1384 1270 1381
f 1389 1385 1271
f 1272 1385 1382
f 1272 1271 1385
f 1386 1273 1270
f 1384 1386 1270
f 1387 1389 1274
f 1271 1274 1389
f 1390 1273 1386
f 1390 1275 1273
f 1391 1492 1278
f 1391 1278 1277
f 1278 1392 1187
f 1492 1392 1278
f 1279 1187 1392
f 1280 1393 1400
f 1281 1280 1400
f 1400 1493 1281
f 1282 1493 1402
f 1281 1493 1282
f 1403 1283 1282
f 1403 1282 1402
f 1394 1283 1403
f 1387 1394 1388
f 1396 1395 1284
f 1284 1275 1390
f 1284 1390 1396
f 1286 1391 1277
f 1286 1397 1391
f 1398 1287 1279
f 1392 1398 1279
f 1289 1298 1290
f 1393 1280 1290
f 1298 1393 1290
f 1399 1393 1298
f 1393 1401 1400
f 1393 1399 1401
f 1395 1404 1284
f 1291 1406 1292
f 1405 1406 1291
f 1286 1293 1397
f 1407 1397 1293
f 1397 1407 1406
f 1294 1406 1407
f 1406 1294 1292
f 1408 1407 1293
f 1408 1293 1287
f 1398 1408 1287
f 1411 1295 1410
f 1295 1412 1305
f 1411 1412 1295
f 1298 1300 1399
f 1399 1300 1301
f 1399 1301 1401
f 1301 1414 1401
f 1316 1414 1301
f 1414 1316 1415
f 1404 1416 1198
f 1405 1198 1416
f 1417 1294 1407
f 1417 1302 1294
f 1417 1407 1408
f 1409 1410 1303
f 1304 1409 1303
f 1426 1409 1304
f 1303 1410 1295
f 1412 1507 1305
f 1507 1306 1305
f 1307 1418 1208
f 1306 1418 1307
f 1418 1419 1208
f 1309 1419 1508
f 1309 1208 1419
f 1310 1309 1508
f 1420 1310 1508
f 1421 1413 1311
f 1430 1312 1413
f 1421 1430 1413
f 1422 1312 1430
f 1315 1423 1316
f 1415 1316 1424
f 1316 1423 1424
f 1423 1425 1424
f 1425 1435 1424
f 1302 1417 1317
f 1317 1426 1318
f 1417 1426 1317
f 1304 1318 1426
f 1420 1427 1310
f 1320 1428 1311
f 1421 1428 1429
f 1421 1311 1428
f 1421 1429 1430
f 1422 1430 1518
f 1518 1431 1313
f 1422 1518 1313
f 1313 1431 1432
f 1433 1313 1432
f 1321 1313 1433
f 1321 1433 1322
f 1315 1322 1423
f 1322 1434 1423
f 1322 1433 1434
f 1423 1434 1425
f 1425 1434 1435
f 1427 1436 1324
f 1324 1437 1325
f 1436 1437 1324
f 1320 1325 1428
f 1325 1438 1428
f 1325 1437 1438
f 1428 1438 1429
f 1439 1440 1445
f 1439 1326 1440
f 1441 1326 1327
f 1441 1440 1326
f 1442 1327 1332
f 1442 1441 1327
f 1332 1443 1442
f 1331 1444 1330
f 1445 1331 1439
f 1444 1331 1445
f 1446 1443 1332
f 1334 1446 1332
f 1446 1334 1447
f 1330 1547 1336
f 1330 1444 1547
f 1334 1341 1447
f 1341 1448 1447
f 1450 1340 1336
f 1547 1450 1336
f 1341 1342 1448
f 1342 1343 1448
f 1343 1451 1448
f 1451 1344 1449
f 1452 1556 1344
f 1556 1449 1344
f 1452 1453 1556
f 1454 1340 1450
f 1454 1346 1340
f 1451 1343 1347
f 1347 1348 1451
f 1451 1348 1344
f 1349 1452 1344
f 1452 1349 1353
f 1453 1452 1353
f 1453 1353 1559
f 1352 1455 1351
f 1455 1352 1456
f 1352 1346 1456
f 1346 1454 1456
f 1353 1354 1559
f 1354 1457 1559
f 1355 1457 1354
f 1357 1458 1355
f 1458 1457 1355
f 1357 1459 1458
f 1460 1356 1350
f 1351 1460 1350
f 1460 1351 1455
f 1357 1461 1459
f 1462 1359 1356
f 1462 1356 1460
f 1464 1358 1463
f 1462 1360 1359
f 1465 1360 1462
f 1466 1464 1463
f 1361 1466 1463
f 1362 1466 1361
f 1466 1362 1363
f 1467 1466 1363
f 1465 1468 1360
f 1360 1468 1364
f 1364 1468 1469
f 1365 1581 1253
f 1581 1467 1253
f 1467 1363 1253
f 1365 1470 1581
f 1469 1366 1364
f 1365 1367 1470
f 1369 1470 1367
f 1469 1368 1366
f 1471 1368 1469
f 1372 1472 1370
f 1372 1473 1472
f 1368 1471 1371
f 1371 1471 1474
f 1372 1373 1473
f 1374 1475 1373
f 1475 1591 1373
f 1591 1473 1373
f 1476 1371 1474
f 1374 1477 1475
f 1377 1476 1598
f 1377 1371 1476
f 1374 1378 1477
f 1598 1379 1377
f 1380 1379 1598
f 1478 1380 1598
f 1383 1477 1378
f 1479 1477 1383
f 1380 1478 1381
f 1382 1480 1383
f 1487 1480 1382
f 1383 1481 1479
f 1383 1480 1481
f 1479 1481 1482
f 1483 1384 1381
f 1486 1484 1485
f 1490 1487 1385
f 1490 1385 1389
f 1382 1385 1487
f 1483 1386 1384
f 1488 1386 1483
f 1388 1484 1387
f 1489 1484 1388
f 1486 1490 1484
f 1490 1387 1484
f 1490 1389 1387
f 1491 1390 1386
f 1488 1491 1386
f 1403 1494 1394
f 1494 1495 1394
f 1495 1388 1394
f 1495 1489 1388
f 1396 1496 1395
f 1396 1390 1491
f 1496 1396 1491
f 1391 1624 1492
f 1397 1624 1391
f 1497 1492 1624
f 1497 1392 1492
f 1497 1398 1392
f 1414 1400 1401
f 1493 1400 1414
f 1498 1402 1493
f 1414 1498 1493
f 1499 1403 1402
f 1499 1402 1498
f 1499 1494 1403
f 1642 1494 1499
f 1495 1494 1500
f 1500 1494 1642
f 1496 1404 1395
f 1501 1404 1496
f 1630 1405 1502
f 1405 1503 1406
f 1630 1503 1405
f 1397 1406 1624
f 1624 1406 1503
f 1624 1504 1497
f 1408 1398 1505
f 1409 1408 1505
f 1410 1409 1505
f 1506 1410 1505
f 1504 1506 1505
f 1497 1504 1505
f 1398 1497 1505
f 1410 1506 1411
f 1509 1414 1415
f 1498 1414 1509
f 1498 1510 1499
f 1498 1509 1510
f 1642 1510 1511
f 1642 1499 1510
f 1416 1404 1517
f 1404 1501 1517
f 1416 1517 1405
f 1517 1502 1405
f 1408 1426 1417
f 1409 1426 1408
f 1412 1636 1507
f 1636 1306 1507
f 1306 1638 1418
f 1636 1638 1306
f 1418 1512 1419
f 1638 1512 1418
f 1419 1513 1508
f 1419 1512 1513
f 1514 1508 1513
f 1420 1508 1514
f 1424 1509 1415
f 1509 1424 1435
f 1515 1509 1435
f 1510 1509 1515
f 1511 1510 1516
f 1516 1510 1515
f 1514 1427 1420
f 1652 1427 1514
f 1656 1430 1429
f 1518 1430 1656
f 1432 1519 1433
f 1520 1433 1519
f 1521 1434 1433
f 1521 1433 1520
f 1521 1435 1434
f 1521 1515 1435
f 1522 1515 1521
f 1516 1515 1523
f 1523 1515 1522
f 1652 1524 1427
f 1427 1524 1436
f 1524 1525 1531
f 1437 1524 1531
f 1436 1524 1437
f 1532 1438 1437
f 1532 1437 1531
f 1438 1532 1429
f 1532 1655 1429
f 1429 1655 1656
f 1518 1656 1657
f 1518 1657 1431
f 1657 1526 1431
f 1431 1526 1432
f 1526 1527 1432
f 1527 1519 1432
f 1519 1528 1520
f 1519 1527 1528
f 1520 1534 1521
f 1520 1528 1534
f 1521 1534 1529
f 1521 1529 1522
f 1523 1522 1530
f 1530 1522 1529
f 1527 1534 1528
f 1527 1533 1534
f 1534 1535 1529
f 1529 1535 1538
f 1529 1538 1530
f 1533 1536 1534
f 1534 1536 1667
f 1534 1667 1537
f 1534 1537 1535
f 1535 1537 1538
f 1440 1540 1445
f 1540 1441 1541
f 1540 1440 1441
f 1441 1542 1541
f 1441 1442 1542
f 1543 1539 1443
f 1539 1542 1443
f 1542 1442 1443
f 1539 1543 1674
f 1543 1544 1674
f 1444 1545 1677
f 1444 1445 1545
f 1445 1540 1545
f 1446 1543 1443
f 1543 1446 1447
f 1546 1543 1447
f 1544 1546 1549
f 1544 1543 1546
f 1444 1677 1547
f 1677 1548 1547
f 1447 1549 1546
f 1448 1549 1447
f 1551 1550 1448
f 1550 1549 1448
f 1553 1552 1551
f 1551 1552 1550
f 1449 1552 1553
f 1449 1554 1552
f 1556 1555 1449
f 1555 1554 1449
f 1556 1557 1555
f 1558 1450 1547
f 1547 1548 1558
f 1451 1551 1448
f 1551 1451 1553
f 1553 1451 1449
f 1556 1453 1557
f 1686 1557 1453
f 1560 1454 1450
f 1558 1560 1450
f 1558 1561 1560
f 1559 1686 1453
f 1454 1560 1456
f 1560 1568 1456
f 1560 1562 1568
f 1562 1560 1561
f 1459 1563 1458
f 1564 1563 1459
f 1459 1565 1564
f 1455 1566 1460
f 1456 1568 1455
f 1568 1566 1455
f 1568 1567 1566
f 1568 1562 1569
f 1570 1565 1358
f 1358 1565 1461
f 1565 1459 1461
f 1570 1571 1565
f 1572 1462 1460
f 1572 1460 1566
f 1572 1566 1573
f 1573 1566 1567
f 1573 1567 1574
f 1567 1575 1574
f 1568 1575 1567
f 1576 1568 1569
f 1575 1568 1576
f 1464 1570 1358
f 1570 1577 1571
f 1570 1464 1577
f 1571 1579 1578
f 1571 1577 1579
f 1579 1700 1578
f 1580 1465 1462
f 1580 1462 1572
f 1464 1466 1577
f 1577 1466 1467
f 1577 1467 1579
f 1581 1579 1467
f 1700 1579 1581
f 1700 1581 1470
f 1465 1580 1468
f 1469 1468 1580
f 1469 1580 1582
f 1585 1469 1582
f 1369 1583 1470
f 1583 1369 1370
f 1583 1370 1584
f 1472 1584 1370
f 1472 1588 1584
f 1585 1471 1469
f 1589 1471 1585
f 1590 1588 1472
f 1473 1590 1472
f 1591 1590 1473
f 1471 1589 1594
f 1594 1474 1471
f 1475 1592 1591
f 1475 1593 1592
f 1595 1474 1594
f 1476 1474 1595
f 1593 1475 1596
f 1475 1477 1596
f 1477 1597 1596
f 1476 1599 1598
f 1476 1595 1599
f 1597 1477 1600
f 1597 1600 1601
f 1599 1602 1598
f 1478 1598 1602
f 1605 1604 1603
f 1607 1606 1603
f 1607 1603 1604
f 1479 1600 1477
f 1600 1479 1482
f 1600 1482 1601
f 1615 1601 1482
f 1610 1609 1608
f 1611 1608 1609
f 1603 1611 1605
f 1612 1611 1603
f 1612 1606 1487
f 1612 1603 1606
f 1607 1746 1606
f 1746 1487 1606
f 1746 1480 1487
f 1480 1613 1481
f 1746 1613 1480
f 1481 1614 1482
f 1613 1614 1481
f 1482 1614 1615
f 1610 1608 1485
f 1484 1610 1485
f 1616 1610 1484
f 1485 1608 1486
f 1608 1490 1486
f 1608 1611 1490
f 1490 1612 1487
f 1490 1611 1612
f 1617 1488 1483
f 1489 1619 1618
f 1616 1489 1618
f 1484 1489 1616
f 1620 1618 1619
f 1617 1622 1621
f 1491 1617 1621
f 1488 1617 1491
f 1489 1756 1619
f 1495 1756 1489
f 1619 1756 1620
f 1622 1623 1621
f 1623 1496 1621
f 1496 1491 1621
f 1500 1625 1756
f 1495 1500 1756
f 1644 1626 1625
f 1625 1626 1756
f 1644 1627 1626
f 1629 1501 1496
f 1496 1623 1765
f 1496 1765 1629
f 1648 1503 1630
f 1648 1631 1503
f 1503 1631 1624
f 1631 1504 1624
f 1631 1632 1504
f 1504 1633 1506
f 1632 1633 1504
f 1506 1634 1411
f 1633 1634 1506
f 1411 1635 1412
f 1634 1635 1411
f 1637 1636 1412
f 1635 1637 1412
f 1639 1638 1636
f 1639 1636 1637
f 1640 1638 1639
f 1642 1643 1500
f 1643 1625 1500
f 1625 1643 1644
f 1645 1773 1629
f 1773 1501 1629
f 1773 1517 1501
f 1646 1645 1517
f 1645 1646 1765
f 1502 1765 1646
f 1765 1502 1629
f 1517 1629 1502
f 1629 1517 1645
f 1646 1647 1502
f 1647 1630 1502
f 1630 1647 1648
f 1640 1770 1638
f 1770 1512 1638
f 1513 1770 1641
f 1513 1512 1770
f 1514 1513 1641
f 1649 1514 1641
f 1511 1650 1642
f 1516 1650 1511
f 1642 1650 1643
f 1517 1651 1646
f 1517 1773 1651
f 1652 1514 1649
f 1523 1650 1516
f 1523 1653 1650
f 1525 1524 1652
f 1787 1525 1652
f 1654 1525 1787
f 1658 1526 1657
f 1658 1527 1526
f 1660 1653 1659
f 1653 1530 1659
f 1653 1523 1530
f 1654 1661 1525
f 1525 1661 1531
f 1531 1662 1532
f 1661 1662 1531
f 1532 1663 1655
f 1532 1662 1663
f 1655 1663 1656
f 1656 1663 1664
f 1656 1664 1657
f 1657 1664 1658
f 1533 1527 1658
f 1665 1533 1658
f 1664 1665 1658
f 1533 1665 1666
f 1668 1667 1666
f 1668 1666 1665
f 1669 1667 1668
f 1797 1670 1669
f 1670 1797 1660
f 1670 1660 1659
f 1538 1670 1659
f 1538 1659 1530
f 1666 1536 1533
f 1536 1666 1667
f 1537 1667 1669
f 1537 1669 1538
f 1538 1669 1670
f 1672 1671 1539
f 1674 1673 1539
f 1673 1672 1539
f 1674 1675 1673
f 1542 1803 1541
f 1542 1539 1671
f 1542 1671 1803
f 1674 1544 1675
f 1676 1675 1544
f 1808 1677 1545
f 1808 1545 1540
f 1678 1808 1540
f 1678 1540 1541
f 1679 1678 1541
f 1541 1803 1679
f 1676 1544 1549
f 1550 1676 1549
f 1676 1554 1680
f 1676 1550 1554
f 1554 1681 1680
f 1555 1682 1681
f 1555 1684 1682
f 1683 1548 1677
f 1677 1808 1683
f 1550 1552 1554
f 1681 1554 1555
f 1557 1684 1555
f 1685 1684 1557
f 1816 1558 1548
f 1683 1816 1548
f 1686 1685 1557
f 1457 1686 1559
f 1457 1687 1686
f 1688 1561 1558
f 1558 1816 1823
f 1558 1823 1688
f 1457 1458 1687
f 1563 1819 1458
f 1819 1687 1458
f 1689 1819 1563
f 1689 1690 1819
f 1692 1562 1688
f 1688 1562 1561
f 1688 1823 1693
f 1692 1688 1693
f 1563 1564 1689
f 1689 1564 1565
f 1690 1689 1565
f 1691 1690 1694
f 1694 1690 1565
f 1692 1569 1562
f 1571 1695 1565
f 1695 1694 1565
f 1696 1576 1692
f 1692 1576 1569
f 1697 1692 1693
f 1696 1692 1697
f 1693 1832 1697
f 1698 1695 1571
f 1699 1698 1578
f 1698 1571 1578
f 1578 1700 1699
f 1572 1701 1580
f 1702 1572 1573
f 1701 1572 1702
f 1702 1573 1574
f 1575 1703 1574
f 1703 1702 1574
f 1576 1704 1575
f 1575 1704 1703
f 1696 1704 1576
f 1696 1705 1704
f 1705 1696 1697
f 1697 1832 1706
f 1705 1697 1706
f 1834 1699 1700
f 1834 1700 1707
f 1470 1707 1700
f 1708 1470 1583
f 1708 1707 1470
f 1580 1709 1582
f 1580 1701 1709
f 1710 1701 1702
f 1709 1701 1710
f 1710 1702 1711
f 1712 1702 1703
f 1711 1702 1712
f 1712 1703 1704
f 1713 1704 1705
f 1712 1704 1713
f 1713 1705 1714
f 1715 1705 1706
f 1714 1705 1715
f 1583 1716 1708
f 1584 1716 1583
f 1717 1841 1584
f 1841 1716 1584
f 1719 1718 1709
f 1718 1582 1709
f 1718 1585 1582
f 1719 1709 1710
f 1719 1710 1849
f 1710 1720 1849
f 1711 1720 1710
f 1711 1712 1721
f 1721 1713 1586
f 1721 1712 1713
f 1586 1713 1587
f 1587 1713 1714
f 1714 1722 1587
f 1714 1715 1722
f 1588 1717 1584
f 1718 1589 1585
f 1723 1589 1718
f 1711 1730 1720
f 1724 1711 1721
f 1730 1711 1724
f 1725 1721 1586
f 1725 1724 1721
f 1587 1726 1586
f 1586 1726 1725
f 1727 1726 1587
f 1722 1727 1587
f 1728 1591 1592
f 1728 1590 1591
f 1723 1594 1589
f 1729 1594 1723
f 1724 1731 1730
f 1725 1860 1731
f 1724 1725 1731
f 1860 1725 1726
f 1593 1728 1592
f 1733 1728 1593
f 1594 1729 1734
f 1734 1595 1594
f 1738 1737 1732
f 1597 1739 1596
f 1739 1733 1596
f 1733 1593 1596
f 1595 1734 1740
f 1599 1595 1740
f 1737 1738 1741
f 1742 1739 1601
f 1739 1597 1601
f 1740 1743 1599
f 1599 1743 1602
f 1744 1889 1604
f 1744 1604 1605
f 1604 1745 1607
f 1889 1745 1604
f 1615 1742 1601
f 1615 1747 1742
f 1743 1893 1602
f 1602 1893 1478
f 1381 1478 1893
f 1610 1748 1609
f 1896 1609 1748
f 1611 1609 1896
f 1605 1611 1744
f 1744 1611 1896
f 1614 1749 1615
f 1613 1749 1614
f 1747 1615 1749
f 1893 1483 1381
f 1750 1483 1893
f 1616 1751 1748
f 1616 1748 1610
f 1617 1750 1752
f 1617 1483 1750
f 1618 1751 1616
f 1618 1620 1751
f 1620 1753 1751
f 1622 1617 1752
f 1754 1622 1752
f 1753 1620 1757
f 1620 1756 1757
f 1754 1623 1622
f 1758 1623 1754
f 1760 1759 1755
f 1755 1761 1760
f 1756 1626 1757
f 1626 1762 1757
f 1627 1762 1626
f 1763 1627 1628
f 1763 1762 1627
f 1628 1764 1763
f 1758 1765 1623
f 1632 1631 1766
f 1633 1766 1777
f 1632 1766 1633
f 1778 1633 1777
f 1779 1634 1633
f 1779 1633 1778
f 1767 1634 1779
f 1635 1634 1767
f 1635 1768 1637
f 1767 1768 1635
f 1637 1769 1639
f 1768 1769 1637
f 1759 1770 1640
f 1769 1759 1640
f 1639 1769 1640
f 1770 1760 1641
f 1770 1759 1760
f 1761 1641 1760
f 1931 1641 1761
f 1771 1644 1643
f 1772 1627 1644
f 1772 1644 1771
f 1772 1628 1627
f 1939 1628 1772
f 1764 1628 1939
f 1774 1773 1645
f 1765 1774 1645
f 1647 1646 1775
f 1648 1647 1775
f 1648 1776 1631
f 1648 1775 1776
f 1631 1776 1766
f 1649 1931 1780
f 1649 1641 1931
f 1781 1643 1650
f 1782 1643 1781
f 1643 1783 1771
f 1643 1782 1783
f 1784 1772 1792
f 1772 1783 1792
f 1772 1771 1783
f 1772 1784 1939
f 1774 1785 1773
f 1785 1651 1773
f 1651 1786 1646
f 1651 1785 1786
f 1646 1786 1775
f 1780 1652 1649
f 1787 1652 1780
f 1790 1789 1788
f 1790 1791 1781
f 1653 1790 1781
f 1650 1653 1781
f 1789 1790 1653
f 1781 1791 1782
f 1782 1791 1783
f 1783 1791 1792
f 1793 1654 1787
f 1796 1795 1794
f 1795 1796 1788
f 1797 1795 1788
f 1797 1789 1660
f 1797 1788 1789
f 1660 1789 1653
f 1793 1951 1654
f 1654 1951 1661
f 1661 1953 1662
f 1951 1953 1661
f 1662 1953 1663
f 1663 1953 1664
f 1953 1798 1664
f 1664 1956 1665
f 1798 1956 1664
f 1668 1956 1794
f 1668 1665 1956
f 1668 1794 1669
f 1669 1794 1795
f 1669 1795 1797
f 1799 1671 1672
f 1672 1800 1799
f 1672 1673 1800
f 1801 1673 1675
f 1801 1800 1673
f 1802 1801 1675
f 1804 1803 1671
f 1799 1804 1671
f 1806 1805 1676
f 1805 1802 1676
f 1802 1675 1676
f 1806 1807 1805
f 1679 1809 1678
f 1678 1809 1808
f 1809 1679 1803
f 1680 1806 1676
f 1806 1680 1681
f 1806 1681 1807
f 1681 1810 1807
f 1682 1810 1681
f 1811 1682 1684
f 1811 1810 1682
f 1812 1683 1808
f 1812 1808 1809
f 1813 1811 1684
f 1685 1813 1684
f 1686 1814 1685
f 1814 1813 1685
f 1686 1815 1814
f 1816 1683 1812
f 1817 1816 1812
f 1976 1817 1812
f 1686 1687 1815
f 1819 1818 1687
f 1818 1815 1687
f 1819 1820 1818
f 1824 1816 1817
f 1823 1816 1824
f 1817 1976 1978
f 1817 1978 1824
f 1820 1819 1690
f 1820 1690 1821
f 1690 1691 1821
f 1691 1822 1821
f 1691 1825 1822
f 1823 1826 1693
f 1823 1824 1826
f 1827 1824 1978
f 1826 1824 1827
f 1694 1825 1691
f 1694 1829 1825
f 1828 1826 1827
f 1695 1830 1829
f 1694 1695 1829
f 1830 1831 1829
f 1826 1832 1693
f 1833 1826 1828
f 1832 1826 1833
f 1698 1830 1695
f 1830 1698 1699
f 1834 1830 1699
f 1831 1830 1834
f 1831 1835 1836
f 1831 1834 1835
f 1832 1833 1706
f 1833 1828 1990
f 1834 1707 1835
f 1707 1836 1835
f 1837 1707 1708
f 1837 1836 1707
f 1837 1708 1839
f 1838 1715 1833
f 1833 1715 1706
f 1833 1990 2004
f 1833 2004 1838
f 1839 1708 1716
f 1840 1716 1841
f 1840 1839 1716
f 1717 1842 1841
f 1843 1722 1838
f 1838 1722 1715
f 1838 2004 1844
f 1843 1838 1844
f 1842 1717 1588
f 1846 1842 1588
f 1847 1723 1719
f 1719 1723 1718
f 1848 1719 1849
f 1847 1719 1848
f 1722 1843 1727
f 1843 1850 1727
f 1851 1843 1844
f 1850 1843 1851
f 1852 1844 2010
f 1851 1844 1852
f 2011 1853 1852
f 2011 1852 2010
f 1853 2011 1845
f 1854 1853 1845
f 1855 1846 1588
f 1590 1855 1588
f 1728 1855 1590
f 1855 1728 1856
f 1858 1857 1847
f 1857 1723 1847
f 1857 1729 1723
f 1858 1847 1848
f 1858 1848 2015
f 1848 1868 2015
f 1849 1868 1848
f 1730 1859 1720
f 1859 1849 1720
f 1859 1868 1849
f 1731 1859 1730
f 1727 1861 1726
f 1862 1727 1850
f 1861 1727 1862
f 1862 1851 1732
f 1862 1850 1851
f 1851 1863 1732
f 1851 1852 1863
f 1864 1852 1853
f 1863 1852 1864
f 1865 1853 1854
f 1864 1853 1865
f 1733 1856 1728
f 1733 1866 1856
f 1857 1734 1729
f 1867 1734 1857
f 1859 1869 1868
f 1870 1859 1731
f 1870 1869 1859
f 1860 1870 1731
f 1860 1871 1870
f 1871 1726 1735
f 1871 1860 1726
f 1735 1726 1736
f 1736 1726 1861
f 1736 1861 1737
f 1737 1861 1862
f 1737 1862 1732
f 1872 1738 1863
f 1863 1738 1732
f 1873 1863 1864
f 1872 1863 1873
f 1865 2022 1873
f 1864 1865 1873
f 1874 1866 1733
f 1874 1733 1739
f 1875 1874 1739
f 1867 1876 1734
f 1734 1876 1740
f 1740 1876 1877
f 1878 2030 1869
f 1870 1878 1869
f 1879 1870 1871
f 1878 1870 1879
f 1880 1871 1735
f 1880 1879 1871
f 1736 1880 1735
f 1737 1881 1736
f 1736 1881 1880
f 1737 1741 1881
f 1738 1872 1741
f 1872 1882 1741
f 1872 1873 1882
f 1742 1875 1739
f 1883 1875 1742
f 1740 1877 1743
f 1743 1877 1884
f 2030 1878 1894
f 1895 1878 1879
f 1894 1878 1895
f 1895 1880 1885
f 1879 1880 1895
f 1880 1886 1885
f 1881 2041 1886
f 1880 1881 1886
f 2041 1881 1741
f 2041 1741 1887
f 1887 1741 1882
f 1887 1882 1888
f 1745 1890 1607
f 1742 1891 1883
f 1747 1891 1742
f 1884 1892 1743
f 1743 1892 1893
f 1896 1897 1744
f 1744 1897 1889
f 1890 1746 1607
f 1898 1746 1890
f 1898 1613 1746
f 1898 1749 1613
f 1747 1749 1891
f 1899 1750 1893
f 1748 1900 1896
f 1751 1900 1748
f 1896 1900 1897
f 1750 1899 1752
f 1752 1899 1901
f 1903 1904 1902
f 1905 1904 1903
f 1753 1900 1751
f 1753 1906 1900
f 1754 1901 1907
f 1754 1752 1901
f 1902 1908 1909
f 1910 1902 1904
f 1908 1902 1910
f 1910 1904 1911
f 1912 1904 1905
f 1911 1904 1912
f 1914 1913 1912
f 1914 1912 1905
f 1914 1755 1913
f 1915 1755 1914
f 1755 1915 1916
f 1917 1906 1753
f 1917 1753 1757
f 1918 1757 1762
f 1918 1917 1757
f 1762 2095 1918
f 1919 1758 1754
f 1754 1907 1919
f 1909 1908 1920
f 1909 1920 1921
f 1922 1908 1910
f 1920 1908 1922
f 1923 1910 1911
f 1922 1910 1923
f 1924 1911 1912
f 1923 1911 1924
f 1924 1913 1759
f 1924 1912 1913
f 1759 1913 1755
f 1761 1916 1925
f 1761 1755 1916
f 1762 1763 2095
f 1763 1764 2095
f 1764 1926 2095
f 1927 1758 1919
f 1927 1765 1758
f 1930 1929 1928
f 1929 1930 1921
f 1920 1929 1921
f 1779 1929 1920
f 1779 1922 1767
f 1779 1920 1922
f 1767 1922 1768
f 1768 1922 1923
f 1768 1923 1769
f 1769 1923 1924
f 1769 1924 1759
f 1925 1931 1761
f 1925 1932 1931
f 1934 1935 1933
f 1936 1935 1934
f 1938 1937 1935
f 1938 1935 1936
f 2105 1939 1937
f 2105 1937 1938
f 2105 1926 1939
f 1926 1764 1939
f 1927 1774 1765
f 1940 1774 1927
f 1941 1776 1775
f 1776 1941 1766
f 1941 1942 1766
f 1928 1777 1942
f 1766 1942 1777
f 1777 1928 1778
f 1778 1928 1929
f 1778 1929 1779
f 1932 1780 1931
f 2119 1780 1932
f 1944 1943 1933
f 1944 1933 1935
f 1944 1935 1792
f 1792 1937 1784
f 1792 1935 1937
f 1784 1937 1939
f 1785 1774 2122
f 1774 1940 2122
f 1945 1786 1785
f 1945 1785 2122
f 1945 1775 1786
f 1946 1775 1945
f 1941 1775 1946
f 2119 1787 1780
f 1947 1787 2119
f 1958 1948 1788
f 1790 1948 1943
f 1790 1788 1948
f 1790 1943 1791
f 1791 1943 1944
f 1791 1944 1792
f 1945 2122 1949
f 1945 1949 1946
f 1951 1793 1950
f 1793 1947 1950
f 1793 1787 1947
f 1952 1953 1951
f 1952 1951 1950
f 1954 1955 1953
f 1954 1953 1952
f 1955 1794 1956
f 1957 1794 1955
f 1794 1958 1796
f 1957 1958 1794
f 1788 1796 1958
f 1953 1955 1798
f 1798 1955 1956
f 1959 1960 1961
f 1961 1960 1962
f 1959 1963 1964
f 1959 1961 1963
f 1961 1962 1800
f 1962 1799 1800
f 1962 2136 1799
f 1961 1800 1801
f 1961 1801 1963
f 1801 1964 1963
f 1802 1964 1801
f 1965 1964 1802
f 1799 1966 1804
f 1799 2136 1966
f 1805 1965 1802
f 1805 1967 1965
f 1807 1967 1805
f 1810 1968 1807
f 1968 1967 1807
f 1810 1969 1968
f 1970 1809 1803
f 1804 1970 1803
f 1966 1970 1804
f 1810 1811 1969
f 1813 1971 1811
f 1971 1969 1811
f 1814 1972 1813
f 1813 1972 1971
f 1809 1973 1812
f 1974 1973 1809
f 1970 1974 1809
f 1975 1972 1814
f 1815 1975 1814
f 1815 1818 1975
f 1812 1973 1976
f 1973 1974 2146
f 1973 2146 1976
f 1977 1820 1980
f 1977 1818 1820
f 1820 1821 1980
f 1976 2146 1979
f 1978 1976 1979
f 1980 1821 1981
f 1821 1822 1981
f 1822 1982 1981
f 1822 1825 1982
f 1978 1983 1827
f 1978 1979 1983
f 1982 1829 1984
f 1825 1829 1982
f 1829 1985 1984
f 1986 1828 1983
f 1983 1828 1827
f 1829 1831 1985
f 1988 1987 1831
f 1987 1985 1831
f 1988 1989 1987
f 1990 1828 1986
f 1986 2162 1990
f 1993 1992 1991
f 1994 1992 1993
f 1836 1988 1831
f 1989 1988 1836
f 1989 1996 1995
f 1989 1836 1996
f 1996 1997 1995
f 1998 1990 2162
f 1991 1998 2162
f 1999 1998 1991
f 1999 1991 1992
f 2000 1992 1994
f 1999 1992 2000
f 1994 2168 2000
f 1836 1837 1996
f 1996 1837 1839
f 2001 1996 1839
f 1997 1996 2001
f 1997 2002 2003
f 1997 2001 2002
f 2005 1990 1998
f 2004 1990 2005
f 2005 1998 1999
f 2005 1999 2006
f 2006 2000 2171
f 1999 2000 2006
f 2001 1839 1840
f 2001 1840 2002
f 2007 2003 2002
f 1840 2007 2002
f 1841 2007 1840
f 2008 1841 1842
f 2008 2007 1841
f 2008 1842 2009
f 1844 2004 2010
f 2004 2005 2010
f 2010 2005 2011
f 2011 2006 1845
f 2011 2005 2006
f 2171 1845 2006
f 2174 1845 2171
f 2009 1846 2012
f 1842 1846 2009
f 1854 2174 2013
f 1854 1845 2174
f 1855 2012 1846
f 1855 1856 2012
f 1856 2014 2012
f 2016 1865 2013
f 2013 1865 1854
f 2013 2017 2016
f 1866 2014 1856
f 1866 2018 2014
f 2019 1867 1858
f 1858 1867 1857
f 2015 2021 2019
f 1858 2015 2019
f 2020 2021 1868
f 2021 2015 1868
f 1865 2016 2022
f 2016 2023 2022
f 2016 2017 2024
f 2016 2024 2023
f 2026 2018 1874
f 2018 1866 1874
f 2018 2026 2025
f 1874 1875 2026
f 2019 1876 1867
f 2028 2027 1877
f 2028 1877 1876
f 2019 2028 1876
f 2027 2031 2029
f 2027 2020 2031
f 2027 2028 2021
f 2020 2027 2021
f 2030 2031 1869
f 2031 2020 1869
f 2020 1868 1869
f 2032 1882 1873
f 2022 2032 1873
f 2022 2033 2032
f 2022 2023 2033
f 2034 2026 1875
f 2034 1875 2035
f 1883 2035 1875
f 2036 2035 1883
f 2036 1883 2037
f 1884 1877 2027
f 2029 1884 2027
f 2038 1884 2029
f 2031 2030 2039
f 2031 2039 2040
f 1894 2039 2030
f 1882 2032 1888
f 2032 2042 1888
f 2032 2033 2042
f 1745 1889 2043
f 1745 2044 1890
f 2043 2044 1745
f 1890 2044 2045
f 2047 2046 1883
f 2047 1883 1891
f 2037 1883 2046
f 2038 2048 1884
f 1884 2048 1892
f 2048 2040 1892
f 2039 1892 2040
f 1892 2039 1893
f 2049 1893 2039
f 1893 2049 2050
f 2207 2049 2051
f 2051 2049 1894
f 2049 2039 1894
f 1895 2052 1894
f 1894 2052 2051
f 1885 2052 1895
f 1885 2053 2052
f 1886 2054 1885
f 2054 2053 1885
f 2041 2054 1886
f 2041 2055 2054
f 2055 1887 2056
f 2041 1887 2055
f 2056 1887 1888
f 2056 1888 2057
f 2057 1888 2042
f 1897 2070 1889
f 2070 2058 1889
f 1889 2058 2043
f 2045 2059 1890
f 1890 2059 1898
f 1898 2060 1749
f 2059 2060 1898
f 1891 1749 2047
f 2047 1749 2060
f 2061 1899 2207
f 1899 2050 2207
f 1899 1893 2050
f 2051 2061 2207
f 2062 2061 2051
f 2063 2051 2052
f 2062 2051 2063
f 2064 2052 2053
f 2063 2052 2064
f 2076 2053 2054
f 2064 2053 2076
f 2076 2054 2055
f 2065 2055 2056
f 1900 2069 1897
f 2069 2070 1897
f 1899 2061 1901
f 2061 2071 1901
f 2061 2062 2071
f 2072 2062 2063
f 2071 2062 2072
f 2073 2063 2064
f 2072 2063 2073
f 2074 2064 2076
f 2073 2064 2074
f 2077 2076 2065
f 2065 2076 2055
f 1903 1902 2078
f 2075 2078 1902
f 2078 1905 1903
f 2081 2080 2079
f 2066 2081 2079
f 2066 2067 2081
f 2069 1900 2082
f 2082 1900 1906
f 1901 2084 1907
f 2083 2084 1901
f 2071 2083 1901
f 2097 2071 2072
f 2083 2071 2097
f 2085 2072 2073
f 2097 2072 2085
f 2085 2074 2242
f 2073 2074 2085
f 2242 2074 2076
f 2242 2076 2086
f 2087 1902 1909
f 1902 2087 2075
f 2075 2088 2078
f 2075 2087 2088
f 2078 2088 2089
f 2078 2090 1905
f 2089 2090 2078
f 2101 1914 1905
f 2101 1905 2090
f 1914 2101 2091
f 2092 1914 2091
f 1915 1914 2092
f 1915 2245 1916
f 2092 2245 1915
f 2080 2081 2093
f 2094 2082 1906
f 1917 2094 1906
f 1918 2094 1917
f 2253 2094 2095
f 2094 1918 2095
f 2084 1919 1907
f 2096 1919 2084
f 1921 2098 2087
f 1921 2087 1909
f 2099 2088 2108
f 2088 2098 2108
f 2088 2087 2098
f 2088 2099 2089
f 2089 2099 2100
f 2089 2100 2090
f 2090 2100 2101
f 2245 1925 1916
f 2102 1925 2245
f 2104 2253 2103
f 2095 2103 2253
f 2105 2103 2095
f 1926 2105 2095
f 2096 1927 1919
f 2106 1930 1928
f 2106 2107 1930
f 1930 2107 1921
f 2107 2108 1921
f 2108 2098 1921
f 2102 1932 1925
f 2109 1932 2102
f 2112 2121 2110
f 1934 1933 2121
f 2112 1934 2121
f 2113 1934 2112
f 1934 2114 1936
f 2113 2114 1934
f 2103 1938 2104
f 1938 2114 2104
f 1938 1936 2114
f 1938 2103 2105
f 2289 1940 1927
f 2289 1927 2096
f 2115 1942 1941
f 2116 1942 2115
f 1942 2117 1928
f 1942 2116 2117
f 1928 2117 2106
f 2106 2117 2118
f 2106 2118 2107
f 2109 2119 1932
f 2110 2120 2111
f 2121 2120 2110
f 1943 2121 1933
f 2122 1940 2289
f 2123 2122 2289
f 2123 2124 1946
f 1946 2124 2115
f 1946 2115 1941
f 2298 1947 2119
f 2131 2130 2120
f 1958 2131 1948
f 2131 2121 1948
f 2131 2120 2121
f 1948 2121 1943
f 2123 1949 2122
f 1946 1949 2123
f 1947 2298 1950
f 2125 1952 2298
f 1952 1950 2298
f 1952 2125 2126
f 1952 2126 1954
f 1954 2126 2127
f 1954 2127 2128
f 2129 1954 2128
f 2129 1955 1954
f 2130 1957 2129
f 1957 1955 2129
f 1957 2130 1958
f 1958 2130 2131
f 2133 2132 1959
f 1959 2132 1960
f 2132 1962 1960
f 2134 1962 2132
f 2135 2133 1959
f 2135 1959 1964
f 2135 1964 2137
f 2134 2136 1962
f 2138 1964 1965
f 2138 2137 1964
f 1967 2139 1965
f 2139 2138 1965
f 1967 2140 2139
f 2136 2313 1966
f 1967 1968 2140
f 1968 2310 2140
f 1969 2310 1968
f 2141 1969 1971
f 2141 2310 1969
f 2313 2142 1966
f 2142 1970 1966
f 2143 2141 1971
f 1972 2143 1971
f 2143 1972 2144
f 1970 2145 1974
f 1970 2142 2145
f 2144 1972 1975
f 1975 1818 2144
f 2144 1818 2147
f 2146 1974 2145
f 2325 2146 2145
f 2147 1818 1977
f 2148 1977 1980
f 2148 2147 1977
f 2150 2149 1980
f 1980 2149 2148
f 2325 2324 1979
f 2146 2325 1979
f 1980 1981 2150
f 1984 2151 1982
f 1982 2151 1981
f 2151 2150 1981
f 2152 1983 2324
f 2324 1983 1979
f 2324 2153 2152
f 2154 1984 1985
f 2155 1986 2152
f 2152 1986 1983
f 2152 2153 2332
f 2156 2152 2332
f 2155 2152 2156
f 2157 2156 2332
f 1987 2154 1985
f 1987 2158 2154
f 1989 2158 1987
f 1995 2159 1989
f 2159 2158 1989
f 1995 2160 2159
f 2155 2162 1986
f 2162 2156 1991
f 2162 2155 2156
f 1991 2156 1993
f 1993 2156 2157
f 2163 1993 2157
f 2163 1994 1993
f 1994 2163 2164
f 1995 1997 2160
f 2165 2161 1997
f 2161 2160 1997
f 2166 2167 2165
f 2165 2167 2161
f 2164 2168 1994
f 2003 2165 1997
f 2166 2165 2003
f 2167 2166 2170
f 2166 2169 2170
f 2166 2003 2169
f 2172 2171 2000
f 2168 2172 2000
f 2003 2007 2008
f 2003 2008 2169
f 2008 2009 2169
f 2009 2170 2169
f 2009 2173 2170
f 2171 2172 2347
f 2171 2347 2174
f 2175 2173 2009
f 2175 2009 2012
f 2175 2012 2176
f 2347 2177 2013
f 2174 2347 2013
f 2176 2014 2180
f 2012 2014 2176
f 2178 2013 2177
f 2178 2017 2013
f 2018 2365 2180
f 2014 2018 2180
f 2178 2024 2017
f 2179 2365 2025
f 2026 2179 2025
f 2181 2179 2026
f 2025 2365 2018
f 2021 2028 2019
f 2182 2033 2023
f 2183 2182 2023
f 2024 2183 2023
f 2178 2183 2024
f 2187 2181 2026
f 2189 2187 2188
f 2187 2034 2188
f 2187 2026 2034
f 2188 2034 2190
f 2034 2191 2190
f 2034 2035 2191
f 2192 2035 2036
f 2192 2191 2035
f 2194 2193 2037
f 2193 2036 2037
f 2193 2192 2036
f 2195 2038 2031
f 2031 2038 2029
f 2040 2195 2031
f 2196 2042 2033
f 2182 2196 2033
f 2182 2197 2196
f 2182 2183 2197
f 2198 2185 2199
f 2184 2185 2198
f 2199 2185 2186
f 2201 2043 2224
f 2044 2043 2201
f 2188 2202 2045
f 2201 2188 2045
f 2044 2201 2045
f 2189 2188 2201
f 2188 2190 2203
f 2188 2203 2202
f 2205 2204 2046
f 2205 2046 2047
f 2046 2204 2037
f 2204 2206 2037
f 2206 2194 2037
f 2195 2048 2038
f 2048 2195 2040
f 2207 2050 2049
f 2042 2208 2057
f 2196 2208 2042
f 2196 2209 2208
f 2197 2210 2209
f 2196 2197 2209
f 2215 2214 2213
f 2399 2216 2215
f 2216 2399 2198
f 2217 2216 2198
f 2231 2198 2199
f 2217 2198 2231
f 2218 2231 2199
f 2221 2220 2200
f 2222 2200 2405
f 2221 2200 2222
f 2058 2070 2222
f 2405 2058 2222
f 2223 2058 2405
f 2058 2224 2043
f 2058 2223 2224
f 2202 2059 2045
f 2203 2409 2202
f 2409 2059 2202
f 2409 2060 2059
f 2047 2060 2205
f 2205 2060 2409
f 2056 2225 2065
f 2056 2057 2225
f 2226 2057 2208
f 2225 2057 2226
f 2208 2209 2226
f 2212 2211 2079
f 2227 2212 2079
f 2079 2211 2066
f 2066 2211 2213
f 2066 2213 2067
f 2067 2213 2214
f 2067 2214 2068
f 2068 2214 2215
f 2215 2228 2068
f 2215 2216 2228
f 2229 2216 2217
f 2228 2216 2229
f 2230 2217 2231
f 2229 2217 2230
f 2231 2218 2219
f 2232 2231 2219
f 2233 2219 2220
f 2232 2219 2233
f 2234 2220 2221
f 2233 2220 2234
f 2069 2234 2070
f 2234 2222 2070
f 2234 2221 2222
f 2065 2225 2077
f 2225 2235 2077
f 2225 2226 2235
f 2080 2236 2079
f 2236 2227 2079
f 2237 2081 2067
f 2068 2238 2067
f 2067 2238 2237
f 2228 2238 2068
f 2239 2229 2230
f 2239 2231 2429
f 2230 2231 2239
f 2429 2231 2232
f 2240 2430 2232
f 2233 2240 2232
f 2241 2233 2234
f 2240 2233 2241
f 2082 2241 2069
f 2069 2241 2234
f 2076 2077 2086
f 2077 2243 2086
f 2243 2235 2244
f 2077 2235 2243
f 2244 2235 2226
f 2245 2092 2091
f 2246 2436 2236
f 2080 2246 2236
f 2093 2246 2080
f 2247 2093 2237
f 2237 2093 2081
f 2248 2237 2238
f 2247 2237 2248
f 2249 2228 2229
f 2238 2228 2249
f 2249 2239 2250
f 2229 2239 2249
f 2250 2239 2429
f 2240 2251 2430
f 2252 2240 2241
f 2094 2253 2082
f 2253 2241 2082
f 2253 2252 2241
f 2254 2096 2084
f 2083 2255 2084
f 2255 2254 2084
f 2097 2256 2083
f 2083 2256 2255
f 2085 2257 2097
f 2097 2257 2256
f 2242 2257 2085
f 2242 2258 2257
f 2259 2242 2086
f 2258 2242 2259
f 2260 2086 2243
f 2259 2086 2260
f 2099 2244 2438
f 2244 2099 2243
f 2108 2243 2099
f 2243 2108 2260
f 2280 2100 2099
f 2280 2099 2438
f 2261 2101 2100
f 2261 2100 2280
f 2261 2091 2101
f 2262 2091 2261
f 2091 2263 2245
f 2091 2262 2263
f 2263 2102 2245
f 2246 2264 2436
f 2265 2264 2246
f 2266 2246 2093
f 2266 2265 2246
f 2247 2266 2093
f 2247 2267 2266
f 2267 2248 2444
f 2247 2248 2267
f 2248 2268 2444
f 2238 2268 2248
f 2269 2238 2249
f 2268 2238 2269
f 2249 2250 2270
f 2249 2270 2269
f 2272 2271 2251
f 2273 2251 2240
f 2272 2251 2273
f 2104 2240 2252
f 2273 2240 2104
f 2104 2252 2253
f 2274 2096 2254
f 2275 2254 2255
f 2274 2254 2275
f 2276 2255 2256
f 2275 2255 2276
f 2277 2256 2257
f 2276 2256 2277
f 2278 2257 2258
f 2277 2257 2278
f 2279 2258 2259
f 2278 2258 2279
f 2107 2279 2108
f 2279 2260 2108
f 2279 2259 2260
f 2280 2281 2261
f 2261 2281 2262
f 2262 2281 2263
f 2263 2281 2282
f 2109 2102 2263
f 2283 2109 2263
f 2282 2283 2263
f 2109 2283 2284
f 2443 2285 2284
f 2443 2284 2283
f 2285 2443 2264
f 2286 2265 2266
f 2286 2267 2287
f 2266 2267 2286
f 2287 2267 2444
f 2268 2288 2297
f 2269 2288 2268
f 2270 2110 2111
f 2269 2270 2111
f 2288 2269 2111
f 2271 2112 2270
f 2112 2110 2270
f 2112 2271 2113
f 2113 2271 2272
f 2113 2272 2273
f 2113 2273 2114
f 2114 2273 2104
f 2096 2274 2289
f 2274 2290 2289
f 2291 2274 2275
f 2290 2274 2291
f 2291 2276 2115
f 2291 2275 2276
f 2115 2276 2116
f 2116 2276 2277
f 2116 2277 2117
f 2117 2277 2278
f 2117 2278 2118
f 2118 2278 2279
f 2118 2279 2107
f 2292 2119 2284
f 2284 2119 2109
f 2293 2284 2285
f 2292 2284 2293
f 2293 2285 2264
f 2293 2264 2265
f 2294 2265 2286
f 2293 2265 2294
f 2295 2286 2287
f 2294 2286 2295
f 2446 2295 2287
f 2296 2297 2288
f 2120 2296 2288
f 2120 2288 2111
f 2289 2290 2123
f 2123 2291 2124
f 2123 2290 2291
f 2124 2291 2115
f 2292 2298 2119
f 2298 2293 2125
f 2298 2292 2293
f 2125 2293 2126
f 2126 2293 2127
f 2127 2293 2294
f 2127 2294 2128
f 2128 2294 2295
f 2446 2129 2128
f 2295 2446 2128
f 2129 2446 2296
f 2130 2129 2296
f 2130 2296 2120
f 2447 2132 2133
f 2447 2299 2132
f 2301 2300 2133
f 2300 2447 2133
f 2301 2302 2300
f 2299 2134 2132
f 2303 2134 2299
f 2135 2301 2133
f 2301 2135 2137
f 2304 2301 2137
f 2302 2301 2304
f 2305 2302 2304
f 2303 2136 2134
f 2455 2136 2303
f 2307 2305 2304
f 2137 2307 2304
f 2138 2307 2137
f 2307 2139 2306
f 2138 2139 2307
f 2139 2308 2306
f 2140 2308 2139
f 2310 2309 2140
f 2309 2308 2140
f 2310 2311 2309
f 2455 2313 2136
f 2310 2141 2311
f 2315 2314 2141
f 2314 2312 2141
f 2312 2311 2141
f 2315 2316 2314
f 2318 2317 2313
f 2313 2317 2142
f 2143 2315 2141
f 2315 2143 2144
f 2319 2315 2144
f 2316 2315 2319
f 2320 2316 2319
f 2142 2321 2145
f 2317 2321 2142
f 2147 2322 2144
f 2322 2320 2144
f 2320 2319 2144
f 2147 2323 2322
f 2321 2325 2145
f 2326 2324 2325
f 2147 2148 2323
f 2148 2327 2323
f 2149 2327 2148
f 2328 2149 2150
f 2328 2327 2149
f 2329 2324 2326
f 2151 2328 2150
f 1984 2330 2151
f 2330 2328 2151
f 1984 2331 2330
f 2332 2153 2471
f 2153 2329 2471
f 2153 2324 2329
f 2333 2332 2471
f 2334 2331 1984
f 2154 2334 1984
f 2158 2335 2154
f 2335 2334 2154
f 2158 2336 2335
f 2157 2332 2333
f 2337 2163 2157
f 2333 2337 2157
f 2158 2159 2336
f 2159 2339 2336
f 2160 2339 2159
f 2340 2160 2161
f 2340 2339 2160
f 2164 2163 2337
f 2338 2164 2337
f 2341 2164 2338
f 2342 2340 2161
f 2167 2342 2161
f 2342 2167 2343
f 2341 2168 2164
f 2343 2167 2170
f 2343 2170 2344
f 2172 2341 2345
f 2172 2168 2341
f 2173 2344 2170
f 2345 2347 2172
f 2347 2345 2346
f 2492 2173 2175
f 2349 2348 2176
f 2348 2175 2176
f 2348 2492 2175
f 2347 2350 2177
f 2347 2346 2350
f 2350 2346 2351
f 2180 2349 2176
f 2353 2352 2180
f 2352 2349 2180
f 2354 2178 2177
f 2350 2354 2177
f 2350 2369 2354
f 2355 2350 2351
f 2369 2350 2355
f 2356 2351 2504
f 2355 2351 2356
f 2361 2362 2360
f 2512 2362 2361
f 2363 2362 2512
f 2366 2180 2365
f 2366 2353 2180
f 2367 2353 2366
f 2368 2178 2354
f 2368 2354 2369
f 2355 2356 2370
f 2370 2356 2357
f 2370 2357 2358
f 2371 2358 2518
f 2370 2358 2371
f 2359 2371 2518
f 2372 2359 2360
f 2371 2359 2372
f 2373 2360 2362
f 2372 2360 2373
f 2373 2362 2374
f 2374 2362 2375
f 2376 2362 2363
f 2375 2362 2376
f 2363 2364 2377
f 2363 2377 2376
f 2181 2378 2365
f 2181 2365 2179
f 2365 2379 2366
f 2365 2378 2379
f 2381 2367 2380
f 2367 2379 2380
f 2367 2366 2379
f 2368 2183 2178
f 2382 2355 2370
f 2382 2370 2383
f 2383 2370 2371
f 2384 2371 2372
f 2383 2371 2384
f 2384 2372 2184
f 2184 2372 2185
f 2185 2372 2373
f 2185 2373 2186
f 2186 2373 2374
f 2374 2385 2186
f 2374 2375 2385
f 2385 2376 2386
f 2375 2376 2385
f 2386 2376 2377
f 2187 2378 2181
f 2378 2187 2189
f 2387 2378 2189
f 2379 2378 2387
f 2380 2389 2388
f 2389 2380 2191
f 2379 2191 2380
f 2191 2379 2190
f 2387 2190 2379
f 2389 2191 2390
f 2191 2391 2390
f 2191 2192 2391
f 2392 2192 2193
f 2392 2391 2192
f 2193 2194 2392
f 2392 2194 2393
f 2394 2197 2368
f 2368 2197 2183
f 2395 2368 2369
f 2394 2368 2395
f 2396 2369 2355
f 2395 2369 2396
f 2396 2355 2382
f 2396 2382 2397
f 2397 2382 2383
f 2397 2383 2398
f 2399 2383 2384
f 2398 2383 2399
f 2198 2399 2184
f 2184 2399 2384
f 2186 2400 2199
f 2385 2400 2186
f 2385 2401 2400
f 2385 2386 2402
f 2403 2385 2402
f 2401 2385 2403
f 2402 2200 2403
f 2404 2200 2402
f 2406 2405 2200
f 2404 2406 2200
f 2407 2405 2406
f 2224 2417 2201
f 2201 2417 2189
f 2417 2408 2189
f 2408 2387 2189
f 2190 2387 2203
f 2408 2203 2387
f 2203 2408 2409
f 2388 2409 2408
f 2409 2388 2389
f 2411 2410 2390
f 2204 2390 2410
f 2390 2204 2389
f 2205 2389 2204
f 2389 2205 2409
f 2410 2206 2204
f 2206 2393 2194
f 2206 2412 2393
f 2197 2394 2210
f 2413 2395 2396
f 2413 2396 2414
f 2212 2414 2211
f 2414 2397 2211
f 2414 2396 2397
f 2211 2397 2213
f 2213 2397 2215
f 2215 2397 2398
f 2215 2398 2399
f 2199 2400 2218
f 2218 2401 2219
f 2218 2400 2401
f 2219 2401 2220
f 2220 2401 2403
f 2220 2403 2200
f 2407 2415 2405
f 2415 2223 2405
f 2223 2416 2224
f 2415 2416 2223
f 2224 2416 2417
f 2411 2418 2410
f 2410 2418 2206
f 2418 2419 2206
f 2412 2206 2419
f 2420 2226 2209
f 2210 2420 2209
f 2210 2421 2420
f 2422 2210 2394
f 2421 2210 2422
f 2422 2394 2395
f 2227 2413 2414
f 2212 2227 2414
f 2420 2423 2226
f 2420 2424 2423
f 2425 2420 2421
f 2424 2420 2425
f 2426 2421 2422
f 2425 2421 2426
f 2427 2422 2395
f 2426 2422 2427
f 2428 2395 2413
f 2427 2395 2428
f 2428 2227 2236
f 2428 2413 2227
f 2232 2430 2429
f 2226 2423 2244
f 2423 2431 2244
f 2423 2432 2431
f 2433 2423 2424
f 2432 2423 2433
f 2433 2424 2425
f 2434 2425 2426
f 2433 2425 2434
f 2435 2427 2428
f 2436 2428 2236
f 2436 2435 2428
f 2429 2437 2250
f 2251 2437 2430
f 2437 2429 2430
f 2431 2438 2244
f 2439 2431 2432
f 2438 2431 2439
f 2439 2432 2433
f 2439 2433 2440
f 2440 2433 2434
f 2441 2434 2426
f 2440 2434 2441
f 2442 2426 2427
f 2441 2426 2442
f 2443 2427 2435
f 2442 2427 2443
f 2264 2443 2436
f 2443 2435 2436
f 2270 2437 2271
f 2270 2250 2437
f 2271 2437 2251
f 2280 2438 2439
f 2280 2439 2281
f 2281 2439 2440
f 2281 2440 2282
f 2282 2440 2441
f 2282 2441 2283
f 2283 2441 2442
f 2283 2442 2443
f 2444 2445 2287
f 2297 2444 2268
f 2297 2445 2444
f 2287 2445 2446
f 2296 2446 2297
f 2446 2445 2297
f 2448 2542 2447
f 2542 2299 2447
f 2300 2448 2447
f 2449 2448 2300
f 2450 2449 2302
f 2449 2300 2302
f 2542 2303 2299
f 2545 2303 2542
f 2305 2451 2302
f 2451 2450 2302
f 2451 2305 2307
f 2306 2451 2307
f 2306 2452 2451
f 2308 2453 2306
f 2453 2452 2306
f 2308 2454 2453
f 2545 2455 2303
f 2308 2309 2454
f 2309 2456 2454
f 2311 2456 2309
f 2311 2312 2456
f 2456 2312 2457
f 2458 2313 2455
f 2459 2457 2312
f 2459 2312 2314
f 2462 2459 2460
f 2459 2316 2460
f 2459 2314 2316
f 2318 2461 2317
f 2318 2313 2458
f 2318 2458 2461
f 2316 2320 2460
f 2320 2559 2460
f 2559 2462 2460
f 2464 2321 2463
f 2321 2461 2463
f 2321 2317 2461
f 2322 2465 2320
f 2323 2465 2322
f 2466 2465 2323
f 2464 2325 2321
f 2467 2326 2325
f 2464 2467 2325
f 2327 2466 2323
f 2327 2470 2466
f 2328 2470 2327
f 2471 2329 2467
f 2467 2329 2326
f 2471 2468 2472
f 2467 2468 2471
f 2472 2468 2469
f 2567 2470 2328
f 2567 2328 2330
f 2331 2567 2330
f 2472 2333 2471
f 2472 2473 2333
f 2474 2333 2473
f 2475 2335 2336
f 2475 2334 2335
f 2475 2336 2476
f 2474 2477 2338
f 2474 2338 2337
f 2333 2474 2337
f 2476 2336 2339
f 2340 2476 2339
f 2479 2341 2477
f 2477 2341 2338
f 2477 2584 2479
f 2342 2478 2340
f 2343 2483 2342
f 2483 2478 2342
f 2484 2341 2479
f 2485 2479 2584
f 2484 2479 2485
f 2485 2584 2481
f 2480 2485 2481
f 2486 2480 2482
f 2485 2480 2486
f 2482 2585 2487
f 2486 2482 2487
f 2488 2489 2344
f 2344 2489 2343
f 2484 2345 2341
f 2345 2484 2346
f 2484 2490 2346
f 2484 2485 2490
f 2490 2485 2495
f 2495 2485 2486
f 2491 2486 2487
f 2173 2492 2488
f 2173 2488 2344
f 2489 2488 2494
f 2488 2493 2494
f 2488 2492 2493
f 2496 2486 2491
f 2495 2486 2496
f 2491 2598 2496
f 2500 2499 2497
f 2500 2497 2498
f 2501 2499 2500
f 2492 2348 2493
f 2349 2503 2348
f 2503 2494 2348
f 2494 2493 2348
f 2490 2351 2346
f 2351 2490 2504
f 2490 2495 2504
f 2505 2495 2496
f 2504 2495 2505
f 2505 2496 2598
f 2507 2506 2505
f 2507 2505 2598
f 2508 2506 2507
f 2602 2511 2510
f 2511 2602 2498
f 2497 2511 2498
f 2512 2511 2497
f 2512 2497 2499
f 2513 2499 2501
f 2512 2499 2513
f 2501 2502 2514
f 2515 2501 2514
f 2513 2501 2515
f 2516 2515 2514
f 2352 2503 2349
f 2353 2517 2352
f 2517 2503 2352
f 2356 2504 2505
f 2356 2505 2357
f 2357 2505 2358
f 2358 2505 2506
f 2358 2506 2518
f 2506 2508 2518
f 2518 2509 2359
f 2518 2508 2509
f 2359 2509 2360
f 2360 2509 2510
f 2360 2510 2361
f 2361 2510 2511
f 2361 2511 2512
f 2363 2512 2513
f 2363 2513 2364
f 2513 2519 2364
f 2513 2515 2519
f 2515 2516 2520
f 2515 2520 2519
f 2367 2521 2517
f 2367 2517 2353
f 2522 2364 2519
f 2522 2377 2364
f 2522 2519 2520
f 2524 2523 2381
f 2524 2381 2380
f 2367 2381 2521
f 2381 2525 2521
f 2381 2523 2525
f 2377 2620 2386
f 2522 2620 2377
f 2528 2527 2526
f 2530 2529 2526
f 2530 2526 2527
f 2388 2524 2380
f 2388 2531 2524
f 2532 2390 2391
f 2392 2533 2391
f 2391 2533 2532
f 2393 2533 2392
f 2620 2534 2386
f 2534 2402 2386
f 2534 2404 2402
f 2404 2535 2406
f 2534 2535 2404
f 2526 2536 2407
f 2535 2526 2407
f 2406 2535 2407
f 2528 2526 2535
f 2537 2526 2529
f 2536 2526 2537
f 2529 2530 2538
f 2417 2529 2538
f 2537 2529 2417
f 2538 2408 2417
f 2625 2408 2538
f 2388 2408 2531
f 2531 2408 2625
f 2539 2390 2532
f 2539 2411 2390
f 2540 2539 2532
f 2533 2540 2532
f 2412 2540 2393
f 2393 2540 2533
f 2536 2415 2407
f 2415 2536 2416
f 2416 2536 2537
f 2416 2537 2417
f 2539 2541 2411
f 2411 2541 2418
f 2540 2419 2539
f 2419 2541 2539
f 2419 2418 2541
f 2419 2540 2412
f 2542 2448 2628
f 2448 2543 2628
f 2448 2449 2543
f 2544 2449 2450
f 2544 2543 2449
f 2542 2628 2634
f 2542 2634 2545
f 2546 2544 2450
f 2451 2546 2450
f 2547 2451 2452
f 2547 2546 2451
f 2548 2452 2453
f 2548 2547 2452
f 2550 2548 2454
f 2548 2453 2454
f 2549 2455 2545
f 2545 2634 2549
f 2456 2550 2454
f 2551 2550 2456
f 2456 2457 2551
f 2551 2457 2553
f 2552 2455 2549
f 2552 2458 2455
f 2553 2457 2459
f 2554 2459 2462
f 2554 2553 2459
f 2458 2555 2461
f 2552 2555 2458
f 2558 2554 2462
f 2559 2558 2462
f 2555 2560 2464
f 2555 2464 2463
f 2461 2555 2463
f 2556 2560 2555
f 2561 2556 2557
f 2560 2556 2561
f 2561 2557 2562
f 2465 2559 2320
f 2563 2465 2466
f 2560 2467 2464
f 2467 2560 2468
f 2468 2560 2469
f 2469 2560 2561
f 2561 2564 2469
f 2561 2562 2564
f 2564 2562 2565
f 2470 2563 2466
f 2567 2566 2470
f 2566 2563 2470
f 2567 2568 2566
f 2469 2569 2472
f 2564 2569 2469
f 2564 2570 2569
f 2571 2564 2565
f 2570 2564 2571
f 2567 2331 2568
f 2334 2572 2331
f 2572 2568 2331
f 2334 2573 2572
f 2473 2472 2569
f 2473 2569 2474
f 2569 2574 2474
f 2569 2570 2574
f 2575 2570 2571
f 2574 2570 2575
f 2334 2475 2573
f 2476 2576 2475
f 2576 2573 2475
f 2474 2574 2477
f 2574 2577 2477
f 2574 2575 2577
f 2575 2669 2577
f 2665 2580 2579
f 2581 2580 2665
f 2582 2576 2476
f 2340 2582 2476
f 2583 2340 2478
f 2583 2582 2340
f 2577 2584 2477
f 2669 2480 2481
f 2577 2669 2481
f 2584 2577 2481
f 2578 2482 2669
f 2482 2480 2669
f 2482 2578 2585
f 2578 2579 2585
f 2586 2579 2580
f 2585 2579 2586
f 2587 2580 2581
f 2586 2580 2587
f 2588 2583 2478
f 2588 2478 2483
f 2590 2589 2343
f 2589 2483 2343
f 2589 2588 2483
f 2585 2591 2487
f 2585 2586 2591
f 2592 2586 2587
f 2591 2586 2592
f 2489 2590 2343
f 2593 2590 2489
f 2594 2491 2591
f 2591 2491 2487
f 2595 2591 2592
f 2594 2591 2595
f 2592 2684 2595
f 2494 2593 2489
f 2494 2597 2593
f 2594 2598 2491
f 2507 2594 2595
f 2598 2594 2507
f 2599 2595 2684
f 2507 2595 2599
f 2600 2599 2684
f 2687 2602 2601
f 2602 2687 2596
f 2498 2602 2596
f 2603 2498 2596
f 2603 2500 2498
f 2603 2605 2604
f 2501 2603 2604
f 2500 2603 2501
f 2604 2502 2501
f 2606 2597 2494
f 2606 2494 2503
f 2607 2606 2503
f 2508 2507 2599
f 2508 2599 2509
f 2509 2599 2600
f 2509 2600 2510
f 2510 2600 2601
f 2510 2601 2602
f 2605 2608 2604
f 2604 2608 2502
f 2608 2514 2502
f 2608 2609 2514
f 2516 2514 2609
f 2516 2609 2610
f 2517 2607 2503
f 2517 2611 2607
f 2610 2520 2516
f 2612 2520 2610
f 2521 2611 2517
f 2521 2613 2611
f 2520 2612 2615
f 2614 2520 2615
f 2616 2614 2615
f 2522 2520 2614
f 2617 2616 2615
f 2524 2618 2523
f 2627 2525 2523
f 2627 2523 2618
f 2627 2619 2525
f 2619 2521 2525
f 2619 2613 2521
f 2614 2620 2522
f 2621 2614 2616
f 2620 2614 2621
f 2622 2527 2528
f 2616 2622 2528
f 2621 2616 2528
f 2622 2616 2617
f 2527 2623 2530
f 2622 2623 2527
f 2623 2624 2530
f 2626 2625 2624
f 2626 2624 2623
f 2531 2626 2618
f 2524 2531 2618
f 2625 2626 2531
f 2618 2626 2627
f 2534 2620 2535
f 2535 2620 2621
f 2535 2621 2528
f 2624 2538 2530
f 2538 2624 2625
f 2628 2543 2629
f 2543 2630 2629
f 2543 2544 2630
f 2546 2631 2544
f 2631 2630 2544
f 2546 2632 2631
f 2628 2629 2635
f 2628 2635 2634
f 2546 2547 2632
f 2547 2633 2632
f 2548 2633 2547
f 2723 2548 2550
f 2723 2633 2548
f 2550 2636 2723
f 2637 2549 2634
f 2637 2634 2635
f 2551 2636 2550
f 2638 2551 2553
f 2638 2636 2551
f 2639 2549 2637
f 2640 2639 2637
f 2552 2549 2639
f 2642 2641 2640
f 2642 2640 2637
f 2643 2641 2642
f 2727 2638 2553
f 2554 2727 2553
f 2558 2645 2554
f 2645 2727 2554
f 2639 2555 2552
f 2555 2640 2556
f 2555 2639 2640
f 2556 2640 2557
f 2557 2640 2641
f 2641 2646 2557
f 2641 2643 2646
f 2643 2644 2647
f 2643 2647 2646
f 2648 2558 2559
f 2646 2562 2557
f 2729 2649 2562
f 2647 2729 2562
f 2646 2647 2562
f 2650 2651 2649
f 2650 2649 2729
f 2465 2648 2559
f 2465 2652 2648
f 2563 2652 2465
f 2652 2563 2653
f 2562 2649 2565
f 2649 2654 2565
f 2649 2651 2654
f 2654 2651 2655
f 2656 2653 2563
f 2656 2563 2566
f 2657 2566 2568
f 2657 2656 2566
f 2658 2568 2572
f 2658 2657 2568
f 2659 2571 2654
f 2654 2571 2565
f 2660 2654 2655
f 2659 2654 2660
f 2655 2739 2660
f 2572 2661 2658
f 2573 2661 2572
f 2662 2575 2659
f 2659 2575 2571
f 2663 2659 2660
f 2662 2659 2663
f 2664 2660 2739
f 2663 2660 2664
f 2666 2665 2664
f 2666 2664 2739
f 2667 2665 2666
f 2668 2661 2573
f 2668 2573 2576
f 2662 2669 2575
f 2669 2663 2578
f 2669 2662 2663
f 2578 2663 2579
f 2579 2663 2664
f 2579 2664 2665
f 2581 2665 2667
f 2742 2670 2581
f 2667 2742 2581
f 2671 2670 2742
f 2672 2668 2576
f 2672 2576 2582
f 2672 2583 2673
f 2672 2582 2583
f 2674 2587 2670
f 2670 2587 2581
f 2675 2670 2671
f 2674 2670 2675
f 2671 2749 2675
f 2676 2673 2583
f 2588 2676 2583
f 2677 2588 2589
f 2677 2676 2588
f 2589 2590 2677
f 2677 2590 2678
f 2679 2592 2674
f 2674 2592 2587
f 2680 2674 2675
f 2679 2674 2680
f 2681 2675 2749
f 2680 2675 2681
f 2682 2681 2749
f 2689 2590 2593
f 2678 2590 2689
f 2679 2684 2592
f 2685 2679 2680
f 2684 2679 2685
f 2686 2680 2681
f 2685 2680 2686
f 2686 2681 2682
f 2687 2682 2683
f 2686 2682 2687
f 2687 2688 2596
f 2687 2683 2688
f 2688 2762 2596
f 2593 2690 2689
f 2593 2597 2690
f 2600 2684 2685
f 2600 2685 2686
f 2600 2686 2601
f 2601 2686 2687
f 2762 2603 2596
f 2692 2691 2605
f 2692 2605 2603
f 2762 2692 2603
f 2694 2693 2691
f 2694 2691 2692
f 2696 2695 2693
f 2696 2693 2694
f 2697 2695 2696
f 2699 2690 2597
f 2699 2597 2606
f 2703 2699 2607
f 2699 2606 2607
f 2691 2608 2605
f 2608 2691 2609
f 2609 2691 2693
f 2609 2693 2610
f 2693 2700 2610
f 2693 2695 2700
f 2701 2695 2697
f 2700 2695 2701
f 2697 2698 2702
f 2697 2702 2701
f 2607 2704 2703
f 2607 2611 2704
f 2705 2612 2700
f 2700 2612 2610
f 2701 2702 2706
f 2705 2701 2706
f 2700 2701 2705
f 2613 2704 2611
f 2613 2707 2704
f 2705 2615 2612
f 2617 2615 2705
f 2706 2617 2705
f 2708 2617 2706
f 2619 2707 2613
f 2619 2709 2707
f 2708 2774 2617
f 2617 2774 2622
f 2622 2710 2623
f 2774 2710 2622
f 2710 2711 2623
f 2626 2711 2712
f 2623 2711 2626
f 2713 2626 2712
f 2626 2714 2627
f 2713 2714 2626
f 2619 2627 2709
f 2709 2627 2714
f 2717 2716 2630
f 2630 2716 2629
f 2718 2630 2631
f 2718 2717 2630
f 2719 2631 2632
f 2719 2718 2631
f 2720 2632 2633
f 2720 2719 2632
f 2721 2635 2716
f 2635 2629 2716
f 2789 2721 2716
f 2722 2720 2633
f 2723 2722 2633
f 2635 2721 2637
f 2721 2724 2637
f 2721 2789 2793
f 2724 2721 2793
f 2725 2723 2636
f 2638 2725 2636
f 2642 2637 2724
f 2642 2724 2643
f 2644 2643 2724
f 2793 2644 2724
f 2726 2644 2793
f 2729 2647 2728
f 2647 2726 2728
f 2647 2644 2726
f 2801 2729 2728
f 2558 2730 2645
f 2648 2730 2558
f 2731 2730 2648
f 2801 2650 2729
f 2732 2733 2651
f 2650 2732 2651
f 2801 2732 2650
f 2652 2731 2648
f 2652 2653 2731
f 2653 2736 2731
f 2733 2655 2651
f 2735 2734 2655
f 2733 2735 2655
f 2809 2734 2735
f 2736 2653 2656
f 2737 2656 2657
f 2737 2736 2656
f 2738 2657 2658
f 2738 2737 2657
f 2734 2739 2655
f 2666 2734 2809
f 2739 2734 2666
f 2740 2666 2809
f 2741 2738 2658
f 2741 2658 2661
f 2667 2666 2740
f 2813 2742 2667
f 2740 2813 2667
f 2743 2742 2813
f 2744 2741 2661
f 2744 2661 2668
f 2745 2744 2668
f 2671 2742 2743
f 2746 2747 2671
f 2743 2746 2671
f 2672 2745 2668
f 2672 2673 2745
f 2673 2748 2745
f 2747 2749 2671
f 2751 2747 2750
f 2749 2747 2751
f 2752 2751 2750
f 2754 2753 2752
f 2756 2755 2753
f 2756 2753 2754
f 2757 2748 2673
f 2757 2673 2676
f 2758 2757 2676
f 2677 2758 2676
f 2682 2749 2751
f 2682 2751 2683
f 2683 2751 2752
f 2683 2752 2688
f 2688 2752 2753
f 2753 2759 2688
f 2753 2755 2759
f 2755 2756 2760
f 2761 2755 2760
f 2759 2755 2761
f 2688 2759 2762
f 2759 2761 2762
f 2761 2760 2831
f 2694 2761 2831
f 2762 2761 2694
f 2763 2694 2831
f 2689 2690 2764
f 2692 2762 2694
f 2696 2694 2763
f 2765 2696 2763
f 2765 2697 2696
f 2698 2697 2765
f 2698 2765 2766
f 2767 2764 2690
f 2767 2690 2699
f 2699 2703 2767
f 2766 2702 2698
f 2768 2702 2766
f 2769 2767 2703
f 2703 2704 2769
f 2771 2770 2702
f 2702 2770 2706
f 2702 2768 2771
f 2707 2769 2704
f 2707 2772 2769
f 2774 2708 2773
f 2708 2770 2773
f 2708 2706 2770
f 2775 2776 2774
f 2775 2774 2773
f 2709 2772 2707
f 2709 2777 2772
f 2710 2774 2776
f 2849 2710 2776
f 2849 2711 2710
f 2712 2711 2849
f 2712 2849 2778
f 2780 2779 2713
f 2780 2713 2712
f 2713 2781 2714
f 2779 2781 2713
f 2709 2714 2777
f 2777 2714 2781
f 2778 2782 2712
f 2712 2782 2715
f 2712 2715 2780
f 2780 2715 2782
f 2783 2716 2717
f 2783 2784 2716
f 2717 2785 2783
f 2718 2785 2717
f 2786 2718 2719
f 2786 2785 2718
f 2787 2719 2720
f 2787 2786 2719
f 2787 2720 2790
f 2784 2788 2716
f 2789 2716 2788
f 2790 2720 2722
f 2791 2722 2723
f 2791 2790 2722
f 2789 2792 2793
f 2725 2791 2723
f 2725 2794 2791
f 2638 2794 2725
f 2795 2794 2638
f 2865 2726 2793
f 2727 2795 2638
f 2727 2796 2795
f 2645 2796 2727
f 2798 2797 2645
f 2797 2796 2645
f 2798 2799 2797
f 2865 2800 2726
f 2726 2800 2728
f 2728 2802 2801
f 2800 2802 2728
f 2730 2798 2645
f 2730 2731 2798
f 2731 2803 2798
f 2803 2799 2798
f 2731 2804 2803
f 2802 2805 2801
f 2805 2732 2801
f 2732 2806 2733
f 2805 2806 2732
f 2807 2803 2804
f 2731 2736 2804
f 2736 2808 2804
f 2808 2807 2804
f 2806 2735 2733
f 2810 2809 2735
f 2806 2810 2735
f 2811 2809 2810
f 2736 2812 2808
f 2737 2812 2736
f 2812 2737 2738
f 2740 2809 2811
f 2811 2813 2740
f 2814 2812 2738
f 2741 2814 2738
f 2815 2814 2741
f 2817 2816 2741
f 2816 2815 2741
f 2817 2818 2816
f 2819 2743 2813
f 2743 2819 2885
f 2744 2817 2741
f 2744 2745 2817
f 2745 2820 2817
f 2820 2818 2817
f 2743 2885 2746
f 2821 2750 2747
f 2746 2821 2747
f 2885 2821 2746
f 2822 2750 2821
f 2823 2820 2745
f 2745 2826 2823
f 2745 2748 2826
f 2752 2750 2822
f 2889 2752 2822
f 2889 2754 2752
f 2754 2824 2756
f 2889 2824 2754
f 2756 2824 2825
f 2826 2748 2757
f 2827 2757 2758
f 2827 2826 2757
f 2828 2758 2677
f 2828 2827 2758
f 2677 2678 2828
f 2828 2678 2829
f 2756 2825 2760
f 2760 2825 2898
f 2689 2829 2678
f 2689 2830 2829
f 2898 2831 2760
f 2831 2832 2763
f 2834 2833 2763
f 2832 2834 2763
f 2835 2833 2834
f 2837 2830 2689
f 2689 2764 2837
f 2833 2765 2763
f 2765 2833 2766
f 2833 2838 2766
f 2833 2835 2838
f 2835 2836 2839
f 2835 2839 2838
f 2764 2767 2840
f 2837 2764 2840
f 2841 2768 2838
f 2838 2768 2766
f 2838 2839 2841
f 2842 2840 2769
f 2840 2767 2769
f 2843 2771 2768
f 2844 2843 2768
f 2841 2844 2768
f 2845 2842 2769
f 2769 2772 2845
f 2771 2773 2770
f 2843 2846 2771
f 2846 2773 2771
f 2846 2775 2773
f 2776 2775 2846
f 2776 2846 2847
f 2848 2845 2777
f 2845 2772 2777
f 2847 2849 2776
f 2850 2780 2778
f 2849 2850 2778
f 2850 2779 2780
f 2851 2779 2850
f 2777 2781 2848
f 2781 2851 2848
f 2781 2779 2851
f 2780 2782 2778
f 2853 2852 2783
f 2785 2854 2783
f 2854 2853 2783
f 2785 2855 2854
f 2852 2784 2783
f 2856 2784 2852
f 2857 2855 2785
f 2786 2857 2785
f 2858 2786 2787
f 2858 2857 2786
f 2859 2787 2790
f 2859 2858 2787
f 2784 2856 2788
f 2789 2788 2856
f 2789 2856 2792
f 2790 2860 2859
f 2791 2860 2790
f 2861 2860 2791
f 2861 2791 2862
f 2793 2792 2864
f 2862 2791 2794
f 2863 2794 2795
f 2863 2862 2794
f 2865 2793 2864
f 2866 2865 2864
f 2867 2863 2795
f 2867 2795 2796
f 2868 2796 2797
f 2868 2867 2796
f 2797 2799 2868
f 2868 2799 2870
f 2866 2869 2865
f 2869 2800 2865
f 2869 2802 2800
f 2802 2869 2871
f 2803 2870 2799
f 2802 2871 2805
f 2805 2872 2806
f 2871 2872 2805
f 2806 2872 2944
f 2803 2807 2873
f 2874 2803 2873
f 2870 2803 2874
f 2807 2808 2873
f 2806 2944 2810
f 2810 2875 2811
f 2944 2875 2810
f 2875 2876 2811
f 2873 2808 2877
f 2877 2808 2812
f 2876 2813 2811
f 2878 2879 2813
f 2876 2878 2813
f 2880 2877 2812
f 2814 2880 2812
f 2881 2880 2814
f 2883 2881 2882
f 2881 2815 2882
f 2881 2814 2815
f 2816 2884 2815
f 2815 2884 2882
f 2818 2884 2816
f 2879 2819 2813
f 2879 2885 2819
f 2956 2885 2879
f 2883 2882 2886
f 2882 2884 2886
f 2818 2887 2884
f 2818 2820 2887
f 2956 2888 2885
f 2888 2821 2885
f 2821 2888 2822
f 2890 2889 2822
f 2888 2890 2822
f 2891 2889 2890
f 2892 2887 2820
f 2892 2820 2823
f 2893 2823 2826
f 2893 2892 2823
f 2824 2889 2891
f 2894 2895 2825
f 2894 2825 2824
f 2961 2894 2824
f 2891 2961 2824
f 2826 2896 2893
f 2827 2896 2826
f 2897 2896 2829
f 2896 2828 2829
f 2896 2827 2828
f 2898 2825 2895
f 2901 2900 2899
f 2902 2899 2900
f 2897 2829 2904
f 2897 2904 2903
f 2830 2904 2829
f 2898 2905 2831
f 2899 2832 2901
f 2832 2905 2901
f 2832 2831 2905
f 2832 2899 2834
f 2834 2899 2902
f 2903 2834 2902
f 2903 2835 2834
f 2904 2906 2836
f 2903 2904 2836
f 2835 2903 2836
f 2837 2907 2830
f 2907 2904 2830
f 2907 2906 2904
f 2906 2839 2836
f 2837 2908 2907
f 2837 2840 2908
f 2909 2841 2906
f 2906 2841 2839
f 2906 2907 2909
f 2910 2908 2840
f 2840 2842 2910
f 2911 2843 2844
f 2912 2911 2844
f 2912 2844 2841
f 2913 2912 2841
f 2909 2913 2841
f 2914 2842 2845
f 2910 2842 2914
f 2911 2846 2843
f 2847 2846 2911
f 2912 2847 2911
f 2976 2847 2912
f 2848 2914 2845
f 2915 2914 2848
f 2976 2916 2847
f 2847 2916 2849
f 2849 2917 2850
f 2916 2917 2849
f 2850 2918 2851
f 2917 2918 2850
f 2848 2851 2915
f 2915 2851 2918
f 2919 2852 2853
f 2854 2920 2853
f 2853 2920 2919
f 2855 2920 2854
f 2921 2856 2919
f 2919 2856 2852
f 2922 2919 2920
f 2921 2919 2922
f 2922 2920 2855
f 2923 2922 2855
f 2857 2923 2855
f 2927 2857 2858
f 2927 2923 2857
f 2927 2859 2924
f 2927 2858 2859
f 2856 2921 2792
f 2925 2922 2923
f 2921 2922 2925
f 2927 2926 2925
f 2927 2925 2923
f 2924 2926 2927
f 2928 2926 2924
f 2860 2929 2859
f 2929 2924 2859
f 2929 2928 2924
f 2860 2861 2929
f 2792 2921 2864
f 2921 2930 2864
f 2921 2925 2930
f 2926 2932 2931
f 2930 2926 2931
f 2925 2926 2930
f 2932 2926 2928
f 2929 2861 2933
f 2933 2861 2862
f 2934 2933 2862
f 2936 2934 2935
f 2934 2863 2935
f 2934 2862 2863
f 2866 2864 2930
f 2931 2866 2930
f 2937 2866 2931
f 2936 2935 2938
f 2867 2939 2863
f 2939 2935 2863
f 2939 2938 2935
f 2867 2868 2939
f 2866 2937 2869
f 2871 2869 2937
f 2871 2937 2940
f 2938 2939 2941
f 2941 2939 2868
f 2868 2870 2941
f 2870 2942 2941
f 2871 2943 2872
f 2940 2943 2871
f 2872 2945 2944
f 2943 2945 2872
f 2946 2944 2945
f 2874 2942 2870
f 2874 2948 2942
f 2875 2944 2946
f 2947 2875 2946
f 2947 2876 2875
f 2947 2949 2876
f 2874 2873 2951
f 2950 2874 2951
f 2948 2874 2950
f 2873 2877 2951
f 2949 2878 2876
f 2950 2952 2879
f 2950 2879 2878
f 2949 2950 2878
f 2951 2952 2950
f 2953 2952 2951
f 2954 2951 2877
f 2953 2951 2954
f 2880 2955 2877
f 2955 2954 2877
f 2881 2883 2880
f 2880 2883 2955
f 2879 2952 2956
f 2952 2953 2956
f 2957 2953 2954
f 2956 2953 2957
f 2958 2954 2955
f 2957 2954 2958
f 2959 2955 2883
f 2958 2955 2959
f 2886 2959 2883
f 2960 2886 2884
f 2887 2960 2884
f 2888 2956 2957
f 2888 2957 2890
f 2890 2957 2958
f 2890 2958 2891
f 2891 2958 2959
f 2891 2959 2961
f 2886 2961 2959
f 2960 2961 2886
f 2960 2962 2961
f 2892 2963 2887
f 2963 2960 2887
f 2963 2962 2960
f 2892 2893 2963
f 2894 2961 2895
f 2961 2964 2895
f 2961 2962 2964
f 2965 2962 2963
f 2964 2962 2965
f 2966 2963 2893
f 2965 2963 2966
f 2896 2897 2893
f 2897 2966 2893
f 2968 2967 2964
f 2967 2895 2964
f 2967 2898 2895
f 2901 2969 2900
f 2969 2964 2900
f 2964 2965 2900
f 2969 2968 2964
f 2900 2965 2902
f 2902 2965 2966
f 2902 2966 2903
f 2966 2897 2903
f 2967 2968 2898
f 2898 2968 2905
f 2901 2905 2969
f 2969 2905 2968
f 2908 2970 2907
f 2971 2909 2970
f 2970 2909 2907
f 2910 2972 2908
f 2972 2970 2908
f 2972 2971 2970
f 2913 2973 2912
f 2913 2909 2971
f 2974 2913 2971
f 2973 2913 2974
f 2974 2971 2972
f 2974 2972 2975
f 2972 2910 2975
f 2910 2914 2975
f 2976 2912 2973
f 2994 2976 2973
f 2994 2975 2915
f 2975 2914 2915
f 2994 2916 2976
f 2994 2917 2916
f 2915 2918 2994
f 2918 2917 2994
f 2928 2977 2932
f 2929 2977 2928
f 2933 2978 2929
f 2929 2978 2977
f 2934 2936 2933
f 2933 2936 2978
f 2979 2937 2932
f 2932 2937 2931
f 2980 2932 2977
f 2979 2932 2980
f 2980 2977 2981
f 2981 2977 2978
f 2936 2982 2978
f 2938 2982 2936
f 2937 2979 2940
f 2979 2983 2940
f 2979 2980 2983
f 2984 2980 2981
f 2983 2980 2984
f 2986 2985 2984
f 2986 2984 2981
f 2985 2986 2982
f 2987 2985 2982
f 2988 2982 2938
f 2988 2987 2982
f 2941 2989 2938
f 2938 2989 2988
f 2940 2983 2943
f 2943 2983 2984
f 2943 2984 2945
f 2945 2984 2985
f 2945 2985 2946
f 2946 2985 2987
f 2946 2987 2947
f 2987 2990 2947
f 2987 2988 2990
f 2991 2988 2989
f 2990 2988 2991
f 2992 2989 2941
f 2991 2989 2992
f 2948 2992 2942
f 2942 2992 2941
f 2947 2990 2949
f 2949 2990 2991
f 2949 2991 2950
f 2991 2992 2950
f 2948 2950 2992
f 2974 2993 2973
f 2974 2975 2993
f 2973 2993 2994
f 2994 2993 2975
f 2978 2986 2981
f 2982 2986 2978
