v -35.1 10.0 55.0
v -35.0 10.0 54.8
v -35.0 9.9 55.0
v -35.3 11.0 52.0
v -35.4 11.0 53.0
v -35.0 10.4 54.0
v -35.4 11.0 54.0
v -35.4 11.0 55.0
v -35.0 10.6 56.0
v -35.2 11.0 56.0
v -35.2 11.0 57.0
v -35.0 11.0 57.8
v -35.0 12.0 50.0
v -35.0 11.4 51.0
v -35.4 12.0 51.0
v -35.5 12.0 52.0
v -35.5 12.0 53.0
v -35.4 12.0 54.0
v -35.1 12.0 55.0
v -35.0 12.0 55.1
v -35.0 11.3 56.0
v -35.0 11.2 57.0
v -35.2 13.0 51.0
v -35.0 13.0 50.7
v -35.3 13.0 52.0
v -35.2 13.0 53.0
v -35.0 13.2 51.0
v -35.0 13.3 52.0
v -35.0 13.2 53.0
v -34.3 9.0 53.0
v -34.0 8.7 53.0
v -34.0 8.7 54.0
v -34.3 9.0 54.0
v -34.0 9.0 54.5
v -34.3 10.0 51.0
v -34.0 10.0 50.5
v -33.5 9.0 51.0
v -34.0 9.4 52.0
v -34.5 10.0 52.0
v -34.7 10.0 54.0
v -34.0 9.3 55.0
v -34.0 9.6 56.0
v -34.6 10.0 56.0
v -34.0 9.6 57.0
v -34.5 10.0 57.0
v -34.0 9.8 58.0
v -34.3 10.0 58.0
v -34.0 10.0 58.3
v -34.4 11.0 50.0
v -34.0 11.0 49.6
v -34.0 10.5 50.0
v -34.7 11.0 51.0
v -34.9 11.0 58.0
v -34.0 11.0 58.3
v -34.0 12.0 49.4
v -34.8 12.0 55.0
v -34.0 11.7 55.0
v -34.0 11.5 56.0
v -34.0 11.5 57.0
v -34.0 11.3 58.0
v -34.4 13.0 50.0
v -34.0 13.0 49.6
v -34.6 13.0 53.0
v -34.0 12.7 53.0
v -34.0 13.0 52.6
v -35.0 13.0 54.0
v -34.0 13.4 50.0
v -34.0 13.5 51.0
v -34.0 13.4 52.0
v -33.0 7.6 53.0
v -33.0 7.6 54.0
v -33.0 8.0 54.5
v -33.2 9.0 48.0
v -33.4 9.0 49.0
v -33.4 9.0 50.0
v -33.0 8.4 51.0
v -33.0 8.3 52.0
v -33.0 8.5 55.0
v -33.5 9.0 55.0
v -33.0 9.0 55.6
v -33.4 10.0 48.0
v -33.5 10.0 49.0
v -33.7 10.0 50.0
v -33.0 9.3 56.0
v -33.0 9.4 57.0
v -33.0 9.4 58.0
v -33.0 9.9 59.0
v -33.1 10.0 59.0
v -33.0 10.0 59.1
v -33.0 11.0 47.5
v -33.6 11.0 49.0
v -33.0 10.1 59.0
v -33.0 11.0 58.4
v -33.4 12.0 48.0
v -33.0 12.0 47.4
v -33.6 12.0 49.0
v -33.0 11.6 55.0
v -33.0 11.4 56.0
v -33.0 11.5 57.0
v -33.0 11.4 58.0
v -33.2 13.0 47.0
v -33.1 13.0 46.9
v -33.5 13.0 48.0
v -33.6 13.0 49.0
v -33.0 12.6 53.0
v -33.0 13.0 52.5
v -34.0 12.5 54.0
v -33.3 14.0 48.0
v -33.0 14.0 47.5
v -33.4 14.0 49.0
v -33.3 14.0 50.0
v -33.0 14.0 50.3
v -33.0 13.6 51.0
v -33.0 13.4 52.0
v -33.0 14.3 48.0
v -33.0 14.4 49.0
v -33.0 14.2 50.0
v -32.1 6.0 51.0
v -32.0 5.9 51.0
v -32.0 6.0 51.2
v -32.3 7.0 48.0
v -32.0 6.5 49.0
v -32.4 7.0 49.0
v -32.0 6.4 50.0
v -32.4 7.0 50.0
v -32.5 7.0 51.0
v -32.0 6.4 52.0
v -32.4 7.0 52.0
v -32.0 6.5 53.0
v -32.5 7.0 53.0
v -32.0 6.6 54.0
v -32.5 7.0 54.0
v -32.0 6.7 55.0
v -32.3 7.0 55.0
v -32.5 8.0 48.0
v -32.0 8.0 47.3
v -32.6 8.0 49.0
v -32.6 8.0 51.0
v -32.7 8.0 52.0
v -32.6 8.0 55.0
v -32.0 7.0 56.0
v -32.2 9.0 46.0
v -32.0 9.0 45.7
v -31.7 8.0 47.0
v -32.5 9.0 47.0
v -31.9 8.0 56.0
v -32.7 9.0 56.0
v -32.0 8.5 57.0
v -32.5 9.0 57.0
v -31.6 8.1 58.1
v -32.5 9.0 58.0
v -32.0 8.6 59.0
v -32.4 9.0 59.0
v -32.0 9.0 60.0
v -32.4 10.0 46.0
v -32.0 10.0 45.5
v -32.6 10.0 47.0
v -32.0 10.0 59.4
v -32.4 11.0 46.0
v -32.0 11.0 45.5
v -32.6 11.0 47.0
v -32.0 10.4 59.0
v -32.0 11.0 58.3
v -32.4 12.0 46.0
v -31.9 12.0 45.2
v -32.7 12.0 47.0
v -32.0 11.5 55.0
v -32.0 11.0 56.0
v -32.0 11.3 57.0
v -32.0 11.2 58.0
v -32.3 13.0 45.0
v -32.0 13.0 44.7
v -32.6 13.0 46.0
v -32.0 12.6 53.0
v -32.0 13.0 52.3
v -32.0 12.3 54.0
v -32.4 14.0 45.0
v -32.0 14.0 44.6
v -32.5 14.0 46.0
v -32.7 14.0 47.0
v -32.0 13.5 51.0
v -32.0 14.0 50.3
v -32.0 13.3 52.0
v -32.4 15.0 45.0
v -32.0 15.0 44.5
v -32.5 15.0 46.0
v -32.5 15.0 47.0
v -32.3 15.0 48.0
v -32.0 14.6 49.0
v -32.2 16.0 45.0
v -32.4 16.0 46.0
v -32.2 16.0 47.0
v -32.0 15.0 48.3
v -32.0 16.3 45.0
v -32.0 16.4 46.0
v -32.0 16.2 47.0
v -31.1 5.0 52.0
v -31.0 5.0 51.8
v -31.0 4.9 52.0
v -31.2 6.0 47.0
v -31.0 5.8 47.0
v -31.0 5.6 48.0
v -31.4 6.0 48.0
v -31.0 5.5 49.0
v -31.5 6.0 49.0
v -31.0 5.4 50.0
v -31.6 6.0 50.0
v -31.0 5.3 51.0
v -31.7 6.0 52.0
v -31.0 5.6 53.0
v -31.4 6.0 53.0
v -31.5 7.0 47.0
v -31.0 7.0 46.4
v -31.0 6.4 55.0
v -31.0 6.5 56.0
v -31.0 7.0 56.6
v -31.4 8.0 46.0
v -30.7 7.0 46.1
v -31.0 7.4 57.0
v -31.5 8.0 57.0
v -31.0 7.5 58.0
v -31.0 7.7 59.0
v -31.0 8.0 59.4
v -31.3 9.0 45.0
v -31.0 9.0 44.7
v -31.0 8.8 60.0
v -31.5 10.0 45.0
v -31.0 10.0 44.5
v -31.0 9.0 60.1
v -31.0 10.0 59.3
v -31.2 11.0 44.0
v -31.0 11.0 43.8
v -31.6 11.0 45.0
v -31.3 11.0 57.0
v -31.0 11.0 56.8
v -31.6 11.0 58.0
v -31.0 10.6 58.0
v -31.0 10.3 59.0
v -31.4 12.0 44.0
v -31.0 12.0 43.6
v -31.7 12.0 45.0
v -31.0 11.9 54.0
v -31.0 11.6 55.0
v -31.0 11.4 56.0
v -31.3 13.0 44.0
v -31.0 13.0 43.7
v -31.0 12.9 51.0
v -31.0 12.7 52.0
v -31.0 12.5 53.0
v -32.0 14.3 50.0
v -31.0 13.7 50.0
v -31.0 14.0 49.6
v -31.0 15.0 43.0
v -31.0 14.2 44.0
v -31.5 15.0 44.0
v -31.0 14.5 49.0
v -31.0 15.0 48.5
v -31.0 15.1 43.0
v -31.4 16.0 44.0
v -31.0 16.0 43.6
v -31.0 15.5 48.0
v -31.0 16.0 47.4
v -31.0 16.3 44.0
v -31.1 17.0 45.0
v -31.0 16.3 47.0
v -31.0 17.1 45.0
v -31.0 17.1 46.0
v -30.2 -2.0 47.0
v -30.0 -2.0 46.7
v -30.0 -2.2 47.0
v -30.0 -2.3 48.0
v -30.3 -2.0 48.0
v -30.0 -2.2 49.0
v -30.2 -2.0 49.0
v -30.0 -2.0 49.2
v -30.4 -1.0 47.0
v -30.0 -1.0 46.5
v -30.5 -1.0 48.0
v -30.4 -1.0 49.0
v -30.0 -1.0 49.5
v -30.4 0.0 47.0
v -30.0 0.0 46.5
v -30.5 0.0 48.0
v -30.4 0.0 49.0
v -30.0 0.0 49.6
v -30.3 1.0 47.0
v -30.5 1.0 48.0
v -30.5 1.0 49.0
v -30.3 1.0 50.0
v -30.0 1.4 47.0
v -30.3 2.0 48.0
v -30.0 2.3 47.8
v -30.5 2.0 49.0
v -30.4 2.0 50.0
v -30.0 2.0 50.5
v -30.4 3.0 49.0
v -30.0 3.0 48.4
v -30.4 3.0 50.0
v -30.0 3.0 50.6
v -30.4 4.0 49.0
v -30.5 4.0 50.0
v -30.0 3.5 51.0
v -30.3 4.0 51.0
v -30.0 4.0 51.5
v -30.5 5.0 49.0
v -29.8 5.0 48.0
v -30.7 5.0 51.0
v -30.0 4.4 52.0
v -30.0 6.0 45.6
v -30.0 5.6 46.0
v -30.0 5.4 47.0
v -30.0 5.2 48.0
v -30.0 5.2 53.0
v -30.0 5.5 54.0
v -31.0 6.3 54.0
v -30.0 5.5 55.0
v -30.5 6.0 55.0
v -30.0 5.7 56.0
v -30.0 7.0 45.3
v -30.0 6.5 57.0
v -30.6 7.0 57.0
v -30.0 6.7 58.0
v -30.5 8.0 45.0
v -30.0 8.0 44.6
v -30.0 7.3 59.0
v -30.0 7.9 60.0
v -30.1 8.0 60.1
v -30.0 9.0 44.4
v -30.0 9.0 59.6
v -30.0 8.2 60.0
v -30.0 10.0 44.2
v -30.5 10.0 59.0
v -30.0 9.6 59.0
v -30.0 10.0 58.6
v -30.0 11.0 43.5
v -31.0 10.9 57.0
v -30.0 11.0 57.4
v -30.0 10.5 58.0
v -30.0 12.0 43.4
v -31.0 11.9 54.0
v -30.5 12.0 55.0
v -30.0 12.0 56.3
v -30.0 11.4 57.0
v -30.0 13.0 43.4
v -30.0 13.1 52.0
v -30.0 12.6 53.0
v -30.0 12.5 54.0
v -30.0 12.5 55.0
v -30.0 12.3 56.0
v -31.0 14.0 44.1
v -30.0 14.0 43.3
v -30.0 13.7 50.0
v -30.0 13.9 49.7
v -30.0 13.3 51.0
v -30.0 13.1 52.0
v -30.0 15.0 42.4
v -30.0 14.3 43.0
v -30.0 14.5 49.0
v -30.0 15.0 48.4
v -30.0 16.0 42.0
v -30.5 16.0 43.0
v -30.5 16.0 47.0
v -30.0 15.7 47.0
v -30.0 15.3 48.0
v -30.0 16.4 43.0
v -30.0 16.5 44.0
v -31.0 17.1 45.0
v -30.0 16.6 45.0
v -30.0 16.5 46.0
v -29.2 -20.0 57.0
v -29.0 -20.0 56.7
v -29.0 -20.2 57.0
v -29.0 -20.3 58.0
v -29.3 -20.0 58.0
v -29.0 -20.0 58.9
v -29.2 -19.0 57.0
v -29.0 -19.0 56.7
v -29.2 -19.0 58.0
v -29.0 -19.0 58.3
v -29.0 -18.7 57.0
v -29.0 -18.8 58.0
v -29.3 -4.0 54.0
v -29.0 -4.0 53.6
v -29.0 -4.3 54.0
v -29.0 -4.4 55.0
v -29.4 -4.0 55.0
v -29.0 -4.2 56.0
v -29.2 -4.0 56.0
v -29.0 -4.0 56.3
v -29.1 -3.0 45.0
v -29.0 -3.1 45.0
v -29.0 -3.3 46.0
v -29.3 -3.0 46.0
v -28.7 -3.0 47.0
v -29.2 -3.0 52.0
v -28.5 -4.0 52.0
v -29.0 -3.6 53.0
v -29.4 -3.0 53.0
v -29.5 -3.0 54.0
v -29.5 -3.0 55.0
v -29.4 -3.0 56.0
v -29.0 -3.0 56.5
v -29.5 -2.0 46.0
v -29.0 -2.0 45.4
v -29.0 -2.7 47.0
v -29.0 -2.6 48.0
v -29.0 -2.5 49.0
v -29.0 -2.0 49.6
v -29.4 -2.0 52.0
v -29.0 -2.0 51.5
v -29.5 -2.0 53.0
v -29.5 -2.0 54.0
v -29.5 -2.0 55.0
v -29.4 -2.0 56.0
v -29.0 -2.0 56.5
v -29.5 -1.0 46.0
v -29.4 -1.0 50.0
v -28.9 -1.0 51.0
v -29.4 -1.0 52.0
v -29.0 -1.0 51.2
v -29.5 -1.0 53.0
v -29.4 -1.0 54.0
v -29.5 -1.0 55.0
v -29.4 -1.0 56.0
v -29.0 -1.0 56.7
v -29.1 -0.0 45.0
v -29.6 0.0 46.0
v -29.7 0.0 50.0
v -29.4 0.0 51.0
v -29.4 0.0 52.0
v -29.2 0.0 53.0
v -29.0 0.0 53.5
v -29.0 -0.3 54.0
v -29.1 0.0 55.0
v -29.0 -0.5 56.0
v -29.0 1.0 45.5
v -29.5 1.0 51.0
v -29.0 1.0 51.5
v -29.0 0.5 52.0
v -29.0 0.2 53.0
v -29.0 0.1 55.0
v -29.4 1.0 46.0
v -29.6 2.0 47.0
v -28.7 2.0 46.0
v -29.5 2.0 51.0
v -29.0 2.0 51.5
v -29.4 3.0 47.0
v -29.0 3.0 46.5
v -29.7 3.0 48.0
v -29.0 3.0 51.7
v -29.4 4.0 47.0
v -29.6 4.0 48.0
v -29.0 3.4 52.0
v -29.0 4.0 52.6
v -29.3 5.0 45.0
v -29.0 5.0 44.6
v -29.0 4.7 45.0
v -29.0 4.4 46.0
v -29.5 5.0 46.0
v -29.6 5.0 47.0
v -29.0 4.3 53.0
v -29.7 5.0 53.0
v -29.0 4.5 54.0
v -29.5 5.0 54.0
v -29.0 4.7 55.0
v -29.0 5.0 55.3
v -29.0 6.0 43.8
v -29.0 5.6 44.0
v -29.6 6.0 45.0
v -29.0 5.5 56.0
v -29.2 6.0 44.0
v -29.0 7.0 43.6
v -29.7 7.0 45.0
v -29.0 6.3 57.0
v -29.0 6.5 58.0
v -29.0 6.7 59.0
v -29.2 7.0 59.3
v -29.5 8.0 44.0
v -29.0 8.0 43.5
v -29.0 7.4 60.0
v -29.5 9.0 44.0
v -29.0 8.5 60.0
v -29.0 9.0 59.4
v -29.0 8.0 61.0
v -29.7 10.0 44.0
v -29.0 10.0 43.4
v -29.0 9.4 59.0
v -29.0 10.0 58.5
v -29.2 11.0 42.9
v -29.0 10.5 58.0
v -29.0 11.0 57.5
v -29.6 12.0 43.0
v -29.0 12.0 42.4
v -29.0 11.5 57.0
v -29.0 12.0 56.5
v -29.2 13.0 42.0
v -29.0 13.0 41.8
v -29.6 13.0 43.0
v -29.0 12.8 52.0
v -29.0 13.0 51.1
v -29.0 12.8 53.0
v -29.4 13.0 54.0
v -29.4 13.0 55.0
v -29.0 13.0 55.5
v -29.0 12.6 56.0
v -29.4 14.0 42.0
v -29.0 14.0 41.5
v -29.8 14.0 43.0
v -29.0 14.0 50.4
v -29.0 13.0 51.0
v -29.0 13.4 54.0
v -29.0 13.4 55.0
v -29.6 15.0 42.0
v -29.0 15.0 41.5
v -29.0 14.7 48.0
v -28.5 15.1 47.0
v -29.0 14.5 49.0
v -29.0 14.3 50.0
v -29.0 16.0 41.5
v -29.0 15.4 47.0
v -29.0 16.0 46.3
v -29.0 16.5 42.0
v -29.0 16.5 43.0
v -29.0 16.5 44.0
v -29.0 16.5 45.0
v -28.3 -20.0 56.0
v -28.0 -20.3 56.0
v -28.0 -20.5 57.0
v -28.0 -20.5 58.0
v -28.0 -20.2 59.0
v -28.8 -20.0 59.0
v -28.0 -20.0 59.2
v -28.1 -19.0 55.0
v -28.5 -19.0 56.0
v -28.0 -19.7 59.0
v -28.0 -19.0 58.5
v -28.0 -18.9 55.0
v -28.0 -18.0 56.0
v -28.1 -18.0 57.0
v -28.0 -17.9 57.0
v -28.0 -18.6 58.0
v -28.0 -17.9 57.0
v -28.2 -5.0 53.0
v -28.0 -5.2 53.0
v -27.9 -5.0 54.0
v -28.0 -5.2 55.0
v -28.0 -5.0 54.4
v -28.0 -4.0 43.9
v -28.0 -4.5 45.0
v -28.4 -4.0 45.0
v -28.0 -4.5 46.0
v -28.5 -4.0 46.0
v -28.0 -4.3 47.0
v -28.3 -4.0 47.0
v -28.0 -4.0 47.5
v -28.2 -4.0 50.0
v -28.0 -4.2 50.0
v -28.0 -4.5 51.0
v -28.4 -4.0 51.0
v -27.7 -5.0 52.0
v -28.7 -4.0 53.0
v -28.0 -4.9 54.0
v -28.0 -4.7 56.0
v -28.0 -4.2 57.0
v -28.3 -4.0 57.0
v -28.0 -4.0 57.2
v -28.1 -4.0 44.0
v -28.0 -3.0 44.3
v -28.5 -3.0 48.0
v -28.0 -3.5 49.0
v -28.4 -3.0 49.0
v -28.1 -3.0 50.0
v -28.5 -3.0 51.0
v -28.4 -3.0 57.0
v -28.0 -3.0 57.4
v -28.6 -2.0 45.0
v -28.0 -2.0 44.4
v -28.7 -2.0 50.0
v -28.6 -2.0 51.0
v -28.3 -2.0 57.0
v -28.0 -2.0 57.2
v -28.3 -1.0 44.0
v -28.0 -1.0 43.7
v -28.7 -1.0 45.0
v -28.0 -1.7 57.0
v -28.0 -1.0 56.6
v -28.4 0.0 44.0
v -28.0 0.0 43.6
v -28.7 0.0 54.0
v -28.0 0.1 56.0
v -28.0 0.0 56.1
v -28.3 1.0 44.0
v -28.0 1.0 43.7
v -28.7 1.0 45.0
v -28.0 0.7 53.0
v -28.0 0.5 54.0
v -28.0 0.5 55.0
v -28.3 2.0 45.0
v -28.0 1.0 52.0
v -28.4 2.0 52.0
v -28.0 2.0 52.5
v -28.0 2.5 45.0
v -28.5 3.0 46.0
v -28.0 3.0 45.4
v -28.7 3.0 52.0
v -28.0 2.5 53.0
v -28.3 3.0 53.0
v -28.0 3.0 53.4
v -29.0 4.0 46.3
v -28.7 4.0 53.0
v -28.0 3.5 54.0
v -28.4 4.0 54.0
v -28.0 4.0 54.5
v -28.4 5.0 44.0
v -28.0 5.0 43.7
v -28.0 4.7 44.0
v -28.0 4.3 45.0
v -28.0 4.4 55.0
v -28.0 5.2 55.9
v -28.0 6.0 43.4
v -28.0 5.3 56.0
v -28.0 5.7 57.0
v -28.0 6.0 57.5
v -28.0 7.0 43.3
v -28.0 6.3 58.0
v -28.0 6.5 59.0
v -28.0 6.6 60.0
v -28.6 7.0 60.0
v -28.0 6.8 61.0
v -28.3 7.0 61.0
v -28.0 7.0 61.3
v -28.0 8.0 42.7
v -28.0 8.0 61.4
v -28.5 9.0 43.0
v -28.0 9.0 42.6
v -28.0 8.8 59.0
v -28.0 9.0 58.8
v -28.0 8.5 60.0
v -28.0 8.3 61.0
v -28.6 10.0 43.0
v -28.0 10.0 42.4
v -27.9 10.0 58.4
v -28.3 11.0 42.0
v -28.0 11.0 41.7
v -28.0 10.5 58.0
v -28.0 11.0 57.5
v -28.6 12.0 42.0
v -28.0 11.7 57.0
v -28.0 12.0 56.7
v -28.0 13.0 41.3
v -28.8 13.0 52.0
v -28.8 13.0 53.0
v -28.0 13.0 56.2
v -28.2 14.0 40.9
v -28.0 14.0 40.7
v -28.5 14.0 51.0
v -28.4 14.0 52.0
v -28.5 14.0 53.0
v -28.5 14.0 54.0
v -28.3 14.0 55.0
v -28.0 14.0 55.3
v -28.0 13.2 56.0
v -28.5 15.0 41.0
v -28.0 15.0 40.5
v -28.0 14.7 47.0
v -28.0 14.5 48.0
v -28.0 14.5 49.0
v -28.0 14.6 50.0
v -28.0 14.5 51.0
v -28.0 14.4 52.0
v -28.0 14.8 53.0
v -28.0 14.5 54.0
v -28.0 14.2 55.0
v -28.5 16.0 41.0
v -28.0 16.0 40.6
v -29.0 16.3 46.0
v -28.0 15.6 46.0
v -28.0 16.0 45.5
v -28.2 17.0 41.0
v -28.0 17.0 40.8
v -28.3 17.0 42.0
v -28.0 16.7 43.0
v -28.0 16.5 44.0
v -28.0 16.3 45.0
v -28.0 17.2 41.0
v -28.0 17.3 42.0
v -27.2 -20.0 54.0
v -27.0 -20.2 54.0
v -27.0 -20.4 55.0
v -27.5 -20.0 55.0
v -27.0 -20.5 56.0
v -27.0 -20.5 57.0
v -27.0 -20.5 58.0
v -27.0 -20.3 59.0
v -27.0 -20.0 59.9
v -27.3 -19.0 54.0
v -27.0 -19.6 59.0
v -27.0 -19.0 58.4
v -27.0 -18.8 54.0
v -27.0 -18.5 55.0
v -28.0 -18.0 56.0
v -27.0 -18.4 56.0
v -27.0 -18.4 57.0
v -27.0 -18.7 58.0
v -27.0 -6.1 49.0
v -27.1 -6.0 49.0
v -27.3 -6.0 51.0
v -27.0 -5.8 50.0
v -27.0 -6.3 51.0
v -27.0 -6.5 52.0
v -27.4 -6.0 52.0
v -27.0 -6.5 53.0
v -27.5 -6.0 53.0
v -27.0 -6.4 54.0
v -27.3 -6.0 54.0
v -26.7 -6.0 55.0
v -27.3 -5.0 44.0
v -27.0 -5.0 43.6
v -27.0 -5.3 44.0
v -27.0 -5.4 45.0
v -27.5 -5.0 45.0
v -27.4 -5.0 46.0
v -27.0 -5.3 46.0
v -27.3 -5.0 48.0
v -27.0 -5.1 47.5
v -27.5 -5.0 49.0
v -27.5 -5.0 50.0
v -27.6 -5.0 51.0
v -27.0 -5.7 55.0
v -27.0 -5.4 56.0
v -27.5 -5.0 56.0
v -27.0 -5.0 56.5
v -27.0 -4.0 43.1
v -27.0 -4.9 47.0
v -27.7 -4.0 48.0
v -27.7 -4.0 49.0
v -27.0 -4.6 57.0
v -27.0 -4.0 57.4
v -27.6 -3.0 44.0
v -27.0 -3.0 43.5
v -27.0 -3.0 57.4
v -27.6 -2.0 44.0
v -27.0 -2.4 57.0
v -27.0 -2.0 56.7
v -27.0 -1.0 43.3
v -27.0 -1.0 56.4
v -27.0 0.0 42.8
v -27.0 -0.4 56.0
v -27.0 0.0 55.7
v -27.2 -0.0 43.0
v -27.0 1.0 43.3
v -27.3 1.0 54.0
v -27.0 1.0 54.4
v -27.0 0.6 55.0
v -28.0 1.4 44.0
v -27.0 2.0 43.6
v -27.6 2.0 53.0
v -27.0 2.0 53.7
v -27.0 1.5 54.0
v -27.0 2.5 44.0
v -27.1 3.0 44.5
v -27.0 2.4 54.0
v -27.5 3.0 54.0
v -27.0 3.0 54.4
v -28.0 4.0 45.3
v -27.0 4.0 44.3
v -27.0 3.7 55.0
v -27.0 4.0 55.4
v -27.0 5.0 42.9
v -27.0 4.3 44.0
v -27.0 4.6 56.0
v -27.0 5.0 56.6
v -27.0 6.0 42.6
v -27.0 5.3 57.0
v -27.0 5.6 58.0
v -26.9 6.2 59.0
v -27.6 7.0 43.0
v -27.0 7.0 42.6
v -27.0 6.3 59.0
v -27.0 6.4 60.0
v -27.0 6.4 61.0
v -27.0 6.6 62.0
v -27.4 7.0 62.0
v -27.0 7.0 62.9
v -27.0 8.0 42.5
v -27.0 8.0 62.3
v -27.0 8.7 59.0
v -27.0 9.0 58.7
v -27.0 8.5 60.0
v -27.0 8.5 61.0
v -27.0 8.2 62.0
v -27.0 9.0 42.3
v -27.0 10.0 41.7
v -27.0 11.0 41.3
v -27.0 11.0 57.6
v -28.0 12.0 41.5
v -27.0 12.0 40.7
v -27.4 12.0 57.0
v -27.0 12.0 57.2
v -27.6 13.0 41.0
v -27.0 13.0 40.6
v -27.0 13.0 55.0
v -27.0 12.6 56.0
v -27.0 12.5 57.0
v -27.0 14.0 40.4
v -27.0 15.0 39.9
v -27.0 14.8 40.0
v -27.0 14.6 47.0
v -27.0 15.0 46.5
v -27.0 14.5 48.0
v -27.0 14.6 49.0
v -27.2 15.0 50.0
v -27.0 15.0 49.8
v -27.3 15.0 51.0
v -27.0 15.0 51.3
v -27.0 14.6 52.0
v -27.0 14.7 53.0
v -27.0 14.9 54.0
v -27.0 14.1 55.0
v -27.1 15.0 40.0
v -27.0 16.0 40.3
v -27.0 15.9 44.9
v -27.0 15.8 45.0
v -27.0 15.4 46.0
v -27.0 15.2 51.0
v -27.0 17.0 40.6
v -27.0 16.5 44.0
v -27.0 17.4 41.0
v -27.0 17.5 42.0
v -27.0 17.3 43.0
v -26.0 -20.0 52.6
v -26.0 -20.3 53.0
v -26.0 -20.5 54.0
v -26.0 -20.5 55.0
v -26.0 -20.6 56.0
v -26.0 -20.6 57.0
v -26.0 -20.5 58.0
v -26.0 -20.2 59.0
v -26.0 -20.0 59.7
v -26.0 -19.0 52.7
v -26.0 -19.0 57.6
v -26.0 -19.4 58.0
v -26.0 -19.8 59.0
v -26.0 -18.7 53.0
v -26.0 -18.4 54.0
v -26.0 -18.5 55.0
v -26.0 -18.5 56.0
v -26.0 -18.6 57.0
v -26.3 -7.1 51.0
v -26.0 -7.4 51.0
v -26.0 -7.5 52.0
v -26.5 -7.0 52.0
v -26.0 -7.4 53.0
v -26.5 -7.0 53.0
v -26.0 -7.4 54.0
v -26.4 -7.0 54.0
v -26.0 -7.2 55.0
v -26.3 -7.0 55.0
v -26.0 -7.0 55.3
v -26.1 -6.0 44.0
v -26.0 -6.1 44.0
v -26.0 -6.1 46.0
v -26.4 -6.0 48.0
v -26.0 -6.0 47.5
v -26.0 -6.3 48.0
v -26.0 -6.5 49.0
v -26.0 -6.7 50.0
v -26.8 -6.0 50.0
v -26.0 -6.6 56.0
v -26.5 -6.0 56.0
v -26.0 -6.2 57.0
v -26.2 -6.0 57.0
v -26.2 -5.0 43.0
v -26.0 -5.0 42.9
v -26.0 -5.1 43.0
v -26.0 -5.8 45.0
v -26.0 -5.6 47.0
v -26.6 -5.0 57.0
v -26.0 -5.0 57.5
v -26.0 -4.0 43.3
v -26.0 -4.0 57.6
v -26.0 -3.0 43.3
v -26.0 -3.0 57.5
v -27.0 -2.0 43.5
v -26.0 -2.0 42.7
v -26.0 -2.3 57.0
v -26.0 -2.0 56.6
v -26.6 -1.0 43.0
v -26.0 -1.0 42.6
v -26.0 -1.0 56.1
v -26.0 0.0 42.5
v -26.0 0.0 56.2
v -26.6 1.0 43.0
v -26.0 1.0 42.6
v -26.0 1.0 55.0
v -26.0 0.2 56.0
v -26.0 1.0 62.0
v -26.0 1.0 61.9
v -26.0 1.0 62.1
v -26.3 2.0 43.0
v -26.0 2.0 42.8
v -26.6 2.0 54.0
v -26.0 2.0 54.4
v -26.0 1.6 62.0
v -26.6 3.0 44.0
v -26.0 3.0 43.5
v -26.0 3.0 54.6
v -26.7 4.0 44.0
v -26.0 4.0 43.6
v -26.0 3.5 55.0
v -26.0 5.0 43.3
v -26.0 4.4 56.0
v -26.0 4.6 57.0
v -26.6 5.0 57.0
v -26.0 4.7 58.0
v -26.0 5.0 58.4
v -26.0 6.0 42.7
v -26.0 5.4 59.0
v -26.0 5.6 60.0
v -26.5 6.0 60.0
v -26.0 5.7 61.0
v -26.2 5.9 61.0
v -26.0 7.0 42.5
v -26.0 6.3 62.0
v -26.0 6.7 63.0
v -26.9 7.0 63.0
v -26.0 7.0 63.2
v -26.0 8.0 42.4
v -26.0 7.3 63.0
v -26.0 8.0 62.3
v -26.0 8.8 41.9
v -26.0 9.0 41.7
v -26.0 8.6 59.0
v -26.0 9.0 58.7
v -26.0 8.5 60.0
v -26.0 8.4 61.0
v -26.0 8.2 62.0
v -26.0 10.0 41.4
v -25.0 10.0 58.4
v -26.0 10.8 41.0
v -26.0 11.0 40.8
v -26.9 10.5 58.0
v -26.0 11.0 57.5
v -26.0 12.0 40.5
v -26.3 12.0 56.0
v -26.0 11.8 56.0
v -26.7 12.0 57.0
v -26.0 11.5 57.0
v -26.0 13.0 40.5
v -26.0 12.6 55.0
v -26.0 13.0 54.6
v -26.0 14.0 40.4
v -27.0 14.0 55.1
v -26.0 14.0 54.5
v -26.0 14.7 40.0
v -26.0 14.6 47.0
v -26.0 15.0 46.5
v -26.0 14.5 48.0
v -26.0 14.5 49.0
v -27.0 15.1 50.0
v -26.0 15.0 50.3
v -26.0 15.0 51.4
v -26.0 14.5 53.0
v -26.0 14.4 54.0
v -26.6 16.0 40.0
v -26.0 16.0 39.6
v -26.0 15.5 46.0
v -26.0 15.3 51.0
v -26.0 17.0 39.8
v -26.0 16.6 44.0
v -26.0 17.0 43.4
v -26.0 16.3 45.0
v -26.0 17.2 40.0
v -26.0 17.5 41.0
v -26.0 17.5 42.0
v -26.0 17.3 43.0
v -25.2 -21.0 52.0
v -25.0 -21.0 51.8
v -25.0 -21.2 52.0
v -25.3 -21.0 53.0
v -25.0 -21.3 53.0
v -25.3 -21.1 56.0
v -25.0 -21.3 56.0
v -25.0 -21.4 57.0
v -25.5 -21.0 57.0
v -25.0 -21.1 58.0
v -25.1 -21.0 58.0
v -25.0 -21.0 58.1
v -25.5 -20.0 52.0
v -25.0 -20.0 51.4
v -25.0 -20.7 54.0
v -25.0 -20.7 55.0
v -25.0 -20.0 58.4
v -25.8 -20.0 59.0
v -25.0 -19.0 50.9
v -25.5 -19.0 52.0
v -25.0 -19.4 58.0
v -25.0 -19.0 57.6
v -25.1 -19.0 51.0
v -25.0 -18.5 52.0
v -25.0 -18.3 53.0
v -25.2 -18.0 54.0
v -25.0 -17.8 54.0
v -25.0 -18.3 55.0
v -25.0 -18.5 56.0
v -25.0 -18.6 57.0
v -25.0 -9.0 51.0
v -25.3 -8.0 50.0
v -25.0 -8.0 49.6
v -25.0 -8.4 50.0
v -25.6 -8.0 51.0
v -25.0 -8.4 52.0
v -25.4 -8.0 52.0
v -25.0 -8.0 52.5
v -25.6 -7.0 50.0
v -25.0 -7.7 53.0
v -25.0 -7.5 54.0
v -25.0 -7.5 55.0
v -25.0 -7.3 56.0
v -25.0 -6.0 43.6
v -25.0 -6.4 44.0
v -25.0 -6.5 45.0
v -25.0 -6.5 46.0
v -25.0 -6.0 47.0
v -25.0 -6.6 48.0
v -25.0 -6.8 49.0
v -25.0 -6.7 57.0
v -25.0 -6.3 58.0
v -25.2 -6.0 58.1
v -25.0 -5.0 42.9
v -25.0 -5.1 43.0
v -25.4 -5.0 58.1
v -25.0 -4.0 43.3
v -25.5 -4.0 58.0
v -24.5 -4.0 59.0
v -25.0 -3.1 42.9
v -25.0 -3.0 42.9
v -25.5 -3.0 58.0
v -25.0 -3.0 58.5
v -25.0 -2.0 42.6
v -25.7 -2.0 57.0
v -25.4 -2.0 58.0
v -25.0 -2.0 58.4
v -25.0 -1.0 42.5
v -25.3 -1.0 57.0
v -25.2 -1.0 58.0
v -25.0 -1.0 58.2
v -25.1 -1.0 62.0
v -25.0 -1.0 61.9
v -25.0 -1.1 62.0
v -25.0 -1.1 63.0
v -25.0 0.0 42.6
v -25.0 -0.6 57.0
v -25.0 0.0 56.4
v -25.0 -0.8 58.0
v -25.3 0.0 62.0
v -25.0 0.0 61.7
v -25.0 0.0 62.6
v -25.1 -1.0 63.0
v -25.0 1.0 42.6
v -25.5 1.0 54.0
v -25.0 0.9 54.0
v -25.0 1.0 53.9
v -25.0 0.4 56.0
v -25.0 1.0 61.6
v -25.0 0.4 63.0
v -25.3 1.0 63.0
v -25.0 1.0 63.3
v -25.0 2.0 42.8
v -25.0 1.2 54.0
v -25.0 2.0 54.5
v -25.0 1.6 62.0
v -25.2 2.0 63.0
v -25.0 2.0 62.6
v -25.0 2.0 63.2
v -25.0 2.3 43.0
v -25.0 3.0 43.4
v -25.0 3.0 54.8
v -25.0 2.5 63.0
v -25.0 4.0 43.5
v -25.0 3.3 55.0
v -25.0 4.0 55.7
v -25.0 5.0 43.5
v -25.0 4.2 56.0
v -25.0 4.4 57.0
v -25.0 4.5 58.0
v -25.0 4.7 59.0
v -25.2 5.0 59.3
v -25.0 6.0 43.3
v -25.0 5.3 60.0
v -25.0 5.4 61.0
v -25.0 5.6 62.0
v -25.6 6.0 62.0
v -25.0 5.9 63.0
v -25.0 6.0 63.0
v -25.0 7.0 42.7
v -25.0 7.0 63.1
v -25.0 8.0 42.5
v -25.4 8.0 61.0
v -25.0 7.6 61.0
v -25.0 8.0 60.4
v -25.7 8.0 62.0
v -25.0 7.4 62.0
v -25.0 7.1 63.0
v -25.0 9.0 41.8
v -25.0 8.5 59.0
v -25.0 9.0 58.6
v -25.0 8.2 60.0
v -25.0 10.0 41.6
v -25.0 11.0 41.3
v -25.0 10.5 58.0
v -25.0 11.0 57.5
v -25.0 12.0 40.7
v -25.0 11.5 41.0
v -25.0 11.6 56.0
v -25.0 12.0 55.5
v -25.0 11.4 57.0
v -25.0 13.0 40.5
v -25.0 12.5 55.0
v -25.0 13.0 54.6
v -25.0 14.0 40.5
v -25.0 14.0 54.3
v -26.0 15.0 39.8
v -25.0 15.0 40.3
v -25.0 14.8 47.0
v -25.0 14.6 48.0
v -25.0 14.7 49.0
v -26.0 14.8 50.0
v -25.0 14.6 52.0
v -25.0 15.0 51.3
v -25.0 14.5 53.0
v -25.0 14.3 54.0
v -25.0 16.0 39.7
v -25.0 16.0 45.6
v -25.0 15.3 50.0
v -25.0 15.2 51.0
v -25.0 17.0 39.7
v -25.0 16.7 43.0
v -25.0 16.5 44.0
v -25.0 16.4 45.0
v -25.0 17.3 40.0
v -25.0 17.5 41.0
v -25.0 17.3 42.0
v -24.0 -21.0 51.6
v -24.0 -21.4 52.0
v -24.0 -21.6 53.0
v -24.0 -21.5 54.0
v -24.0 -21.5 55.0
v -24.0 -21.6 56.0
v -24.0 -21.5 57.0
v -24.0 -21.0 57.6
v -24.4 -20.0 51.0
v -24.0 -20.0 50.7
v -24.0 -20.4 51.0
v -24.0 -20.6 58.0
v -24.0 -20.0 58.4
v -24.0 -19.0 50.4
v -24.5 -19.0 58.0
v -24.0 -19.0 58.3
v -24.3 -18.0 51.0
v -24.0 -18.0 50.6
v -24.5 -18.0 52.0
v -24.6 -18.0 53.0
v -24.0 -18.3 56.0
v -24.0 -18.4 57.0
v -24.0 -18.6 58.0
v -24.0 -17.6 51.0
v -24.0 -17.5 52.0
v -24.0 -17.5 53.0
v -24.0 -17.4 54.0
v -24.1 -17.7 54.9
v -24.3 -9.0 50.0
v -24.0 -9.2 50.0
v -24.0 -9.4 51.0
v -24.0 -9.0 51.6
v -24.1 -8.0 46.0
v -24.0 -8.3 47.0
v -24.3 -8.0 47.0
v -24.0 -8.4 48.0
v -24.4 -8.0 48.0
v -24.0 -8.5 49.0
v -24.5 -8.0 49.0
v -24.0 -8.7 52.0
v -24.0 -8.3 53.0
v -23.9 -8.0 53.6
v -24.4 -7.0 45.0
v -24.0 -7.0 44.7
v -24.0 -7.3 45.0
v -24.6 -7.0 46.0
v -24.5 -7.0 47.0
v -24.6 -7.0 48.0
v -24.8 -7.0 49.0
v -24.0 -7.7 54.0
v -24.0 -7.5 55.0
v -24.0 -7.5 56.0
v -24.0 -7.4 57.0
v -24.6 -7.0 57.0
v -24.0 -7.3 58.0
v -24.0 -7.0 58.4
v -24.0 -6.0 43.6
v -24.0 -6.4 44.0
v -24.0 -6.4 59.0
v -24.1 -6.0 59.3
v -25.0 -5.0 42.9
v -24.0 -5.0 43.4
v -24.0 -5.0 59.5
v -24.0 -4.0 43.5
v -24.0 -4.0 59.5
v -24.8 -3.0 43.0
v -24.0 -3.0 43.5
v -24.4 -2.0 43.0
v -24.0 -2.0 43.4
v -24.0 -3.0 59.3
v -24.0 -2.0 58.7
v -24.0 -1.0 42.9
v -24.0 -1.0 58.5
v -24.0 -1.0 61.8
v -24.0 -1.2 62.0
v -24.0 -1.3 63.0
v -24.0 -1.2 64.0
v -24.2 -1.0 64.0
v -24.0 -1.0 64.2
v -24.4 0.0 43.0
v -24.0 0.0 43.4
v -24.0 -0.7 57.0
v -24.0 0.0 56.6
v -24.0 0.0 57.8
v -24.0 0.0 58.2
v -24.0 0.0 61.3
v -24.8 0.0 63.0
v -24.3 0.0 64.0
v -24.0 0.0 64.2
v -24.5 1.0 43.0
v -24.4 1.0 54.0
v -24.0 1.0 54.3
v -24.0 0.8 55.0
v -24.0 0.5 56.0
v -24.0 0.1 58.0
v -24.0 1.0 61.3
v -24.0 0.4 64.0
v -24.0 1.0 63.7
v -24.7 2.0 43.0
v -24.0 2.0 43.4
v -24.0 1.4 55.0
v -24.4 2.0 55.0
v -24.0 2.0 55.4
v -24.2 2.0 62.0
v -24.0 2.0 61.4
v -24.0 2.0 63.4
v -24.0 3.0 43.5
v -24.7 3.0 55.0
v -23.9 3.0 55.7
v -24.1 3.0 62.0
v -24.0 3.0 61.8
v -24.0 2.5 63.0
v -24.0 3.0 62.2
v -24.0 4.0 43.5
v -24.0 3.3 56.0
v -24.7 4.0 56.0
v -24.0 3.7 57.0
v -24.4 4.0 57.0
v -23.9 3.9 57.5
v -24.0 3.5 62.0
v -24.0 5.0 43.5
v -24.0 4.3 58.0
v -24.0 4.5 59.0
v -24.0 4.6 60.0
v -24.6 5.0 60.0
v -24.0 4.6 61.0
v -24.4 5.0 61.0
v -24.0 5.0 61.7
v -24.0 6.0 43.5
v -24.0 5.4 62.0
v -24.9 6.0 63.0
v -24.0 6.0 62.4
v -24.6 7.0 43.0
v -24.0 7.0 43.4
v -24.3 7.0 60.0
v -24.0 6.7 60.0
v -24.0 7.0 59.6
v -24.5 7.0 61.0
v -24.0 6.6 61.0
v -24.6 7.0 62.0
v -24.0 6.3 62.0
v -24.9 7.0 63.0
v -24.5 8.0 43.0
v -24.0 8.0 43.4
v -24.4 8.0 59.0
v -24.0 7.6 59.0
v -24.0 8.0 58.7
v -24.7 8.0 60.0
v -24.8 9.0 42.0
v -24.4 9.0 43.0
v -24.0 9.0 43.4
v -24.0 9.0 58.5
v -24.5 10.0 42.0
v -24.2 10.0 43.0
v -24.0 10.0 43.2
v -24.0 10.0 58.4
v -24.0 10.7 42.0
v -24.0 10.2 43.0
v -24.0 10.6 58.0
v -24.0 11.0 57.6
v -24.0 12.0 41.4
v -24.0 11.6 56.0
v -24.0 12.0 55.5
v -24.0 11.4 57.0
v -24.0 13.0 40.7
v -23.8 12.7 41.0
v -24.0 12.5 55.0
v -24.0 13.0 54.5
v -24.0 14.0 40.5
v -24.0 14.0 54.2
v -24.0 15.0 40.5
v -24.8 15.0 47.0
v -24.5 15.0 48.0
v -24.6 15.0 49.0
v -24.0 15.0 50.7
v -24.0 14.7 51.0
v -24.0 14.5 52.0
v -24.0 14.4 53.0
v -24.0 14.2 54.0
v -24.5 16.0 40.0
v -24.0 16.0 40.3
v -24.6 16.0 46.0
v -24.2 16.0 47.0
v -24.0 15.5 48.0
v -24.0 15.4 49.0
v -24.0 15.4 50.0
v -24.0 17.0 39.9
v -23.9 17.0 40.0
v -24.0 16.6 43.0
v -24.0 16.5 44.0
v -24.0 16.5 45.0
v -24.0 16.4 46.0
v -24.0 16.2 47.0
v -24.0 17.1 40.0
v -24.0 17.5 41.0
v -23.2 -22.0 53.0
v -23.0 -22.1 53.0
v -23.0 -22.4 54.0
v -23.4 -22.0 54.0
v -23.0 -22.4 55.0
v -23.5 -22.0 55.0
v -23.0 -22.4 56.0
v -23.5 -22.0 56.0
v -23.0 -22.2 57.0
v -23.0 -22.0 57.2
v -23.0 -21.0 51.5
v -23.0 -21.5 52.0
v -23.0 -21.0 57.6
v -23.0 -20.0 50.5
v -23.0 -20.5 58.0
v -23.0 -20.0 58.5
v -23.3 -19.0 50.0
v -23.0 -19.0 49.8
v -23.0 -19.3 50.0
v -23.0 -19.2 59.0
v -23.0 -19.0 59.2
v -23.5 -18.0 50.0
v -23.0 -18.0 49.6
v -23.0 -18.0 58.5
v -23.0 -18.7 59.0
v -23.3 -17.0 50.0
v -23.0 -17.0 49.7
v -23.5 -17.0 51.0
v -23.5 -17.0 52.0
v -23.5 -17.0 53.0
v -23.4 -17.0 54.0
v -23.0 -17.0 54.6
v -23.0 -17.3 55.0
v -23.0 -17.5 56.0
v -23.4 -17.9 57.0
v -23.4 -18.0 58.0
v -23.0 -16.7 50.0
v -23.0 -16.5 51.0
v -23.0 -16.5 53.0
v -23.0 -16.6 54.0
v -24.0 -9.1 49.9
v -23.0 -9.3 51.0
v -23.0 -9.3 52.0
v -24.0 -8.1 46.0
v -23.0 -8.0 46.5
v -23.0 -8.3 47.0
v -23.0 -8.5 48.0
v -23.0 -9.0 49.0
v -23.0 -8.8 50.0
v -23.0 -8.7 53.0
v -23.0 -8.4 54.0
v -23.0 -8.0 54.6
v -23.1 -8.1 58.0
v -23.0 -8.0 57.6
v -23.0 -8.0 58.3
v -23.0 -7.0 44.7
v -23.0 -7.3 45.0
v -23.0 -7.7 46.0
v -23.0 -7.7 55.0
v -23.0 -7.6 56.0
v -23.0 -7.8 57.0
v -23.1 -7.3 59.0
v -23.0 -7.0 59.4
v -23.0 -6.0 43.8
v -23.0 -6.3 44.0
v -23.0 -6.3 60.0
v -23.0 -6.0 60.3
v -23.0 -5.0 43.6
v -23.5 -5.0 60.0
v -23.0 -5.0 60.4
v -23.0 -4.0 60.1
v -23.4 -3.0 44.0
v -23.0 -3.0 44.3
v -23.0 -4.0 60.1
v -23.0 -3.0 59.5
v -23.5 -2.0 44.0
v -23.0 -2.0 44.4
v -23.5 -2.0 59.0
v -23.0 -2.0 59.3
v -23.9 -1.0 43.0
v -23.4 -1.0 44.0
v -23.0 -1.0 44.5
v -23.5 -1.0 59.0
v -23.0 -1.0 59.5
v -23.7 -1.0 62.0
v -23.4 -1.0 63.0
v -23.0 -1.0 64.0
v -23.5 0.0 44.0
v -23.0 0.0 44.5
v -23.3 0.0 57.0
v -23.7 0.0 59.0
v -23.0 -0.6 60.0
v -23.8 0.0 60.0
v -23.0 -0.4 61.0
v -23.6 0.0 61.0
v -23.0 -0.6 62.0
v -23.0 -0.7 63.0
v -23.0 0.0 64.3
v -24.0 1.0 43.5
v -23.0 1.0 44.3
v -23.8 1.0 55.0
v -23.6 1.0 56.0
v -23.3 1.0 57.0
v -23.4 1.0 58.0
v -23.4 1.0 59.0
v -23.5 1.0 60.0
v -23.7 1.0 61.0
v -23.6 1.0 64.0
v -23.0 1.0 64.4
v -23.0 2.0 43.7
v -23.5 2.0 56.0
v -23.0 1.6 57.0
v -23.0 1.5 58.0
v -23.0 1.5 59.0
v -23.0 1.7 60.0
v -23.9 2.0 61.0
v -23.0 2.0 60.3
v -23.3 2.0 64.0
v -23.0 2.0 64.3
v -23.0 3.0 43.5
v -22.8 3.0 57.0
v -23.4 3.0 61.0
v -23.0 3.0 60.6
v -23.0 2.8 63.0
v -23.0 3.0 62.7
v -23.0 2.3 64.0
v -23.0 4.0 43.5
v -23.0 3.2 57.0
v -23.0 3.6 58.0
v -23.0 3.7 61.0
v -23.0 3.8 62.0
v -23.0 4.3 59.0
v -23.0 4.3 60.0
v -23.0 4.2 61.0
v -23.0 4.3 62.0
v -23.0 5.0 62.3
v -23.0 6.0 43.5
v -23.0 6.0 61.7
v -23.5 6.0 62.0
v -23.0 5.5 62.0
v -23.0 7.0 43.5
v -23.5 7.0 59.0
v -23.0 6.2 59.0
v -23.0 7.0 58.2
v -23.0 6.5 60.0
v -23.0 6.4 61.0
v -23.0 8.0 43.5
v -23.0 8.0 58.5
v -23.0 9.0 43.5
v -23.0 9.0 58.5
v -23.0 10.0 43.5
v -23.0 10.0 58.5
v -24.0 11.0 41.7
v -23.0 10.6 43.0
v -23.4 11.0 58.0
v -23.0 11.0 58.3
v -23.1 12.0 42.3
v -23.0 11.6 56.0
v -23.0 12.0 55.4
v -23.0 11.5 57.0
v -23.0 11.3 58.0
v -23.0 12.4 42.0
v -23.3 13.0 54.0
v -23.0 12.7 54.0
v -23.0 12.3 55.0
v -23.0 14.0 40.7
v -22.6 14.0 41.0
v -23.4 14.0 53.0
v -23.0 13.6 53.0
v -23.0 14.0 52.5
v -23.8 14.0 54.0
v -23.0 15.0 40.5
v -23.0 14.6 51.0
v -23.0 15.0 50.5
v -23.0 14.3 52.0
v -23.0 16.0 40.5
v -23.0 15.6 48.0
v -23.0 15.5 49.0
v -23.0 15.4 50.0
v -23.0 17.0 40.5
v -24.0 16.9 42.0
v -23.4 17.0 43.0
v -23.0 17.0 43.4
v -23.0 16.6 44.0
v -23.0 16.4 45.0
v -23.0 16.4 46.0
v -23.0 16.4 47.0
v -23.0 18.0 40.8
v -23.2 18.0 41.0
v -23.0 17.6 42.0
v -23.0 17.3 43.0
v -23.0 18.3 41.0
v -23.0 -22.0 52.9
v -22.0 -22.3 54.0
v -22.0 -22.4 55.0
v -22.0 -22.6 56.0
v -22.0 -22.4 57.0
v -22.0 -22.0 57.4
v -22.0 -21.0 51.7
v -22.0 -21.3 52.0
v -22.0 -21.7 53.0
v -22.0 -21.0 57.6
v -22.0 -20.1 50.7
v -22.0 -20.5 58.0
v -22.0 -20.0 58.5
v -22.0 -19.0 49.7
v -22.0 -19.3 50.0
v -22.0 -19.6 59.0
v -22.0 -18.0 49.4
v -22.6 -18.0 59.0
v -22.0 -18.0 60.0
v -22.0 -19.0 60.0
v -22.1 -17.0 49.0
v -22.0 -17.0 48.9
v -22.8 -17.0 55.0
v -22.6 -17.0 56.0
v -22.5 -17.0 57.0
v -22.3 -17.0 58.0
v -22.0 -17.0 58.4
v -22.0 -17.4 59.0
v -22.3 -16.0 49.0
v -22.0 -16.0 48.7
v -22.6 -16.0 50.0
v -22.6 -16.0 51.0
v -22.6 -16.0 52.0
v -22.6 -16.0 53.0
v -22.6 -16.0 54.0
v -22.4 -16.0 55.0
v -22.3 -16.0 56.0
v -22.0 -16.4 57.0
v -22.0 -16.7 58.0
v -22.4 -15.0 49.0
v -22.0 -15.0 48.5
v -22.5 -15.0 50.0
v -22.5 -15.0 51.0
v -22.5 -15.0 52.0
v -22.4 -15.0 53.0
v -22.3 -15.0 54.0
v -22.0 -15.4 55.0
v -22.1 -15.8 56.0
v -22.2 -14.0 48.0
v -22.0 -14.0 47.8
v -22.0 -14.4 48.0
v -22.5 -14.0 49.0
v -22.5 -14.0 50.0
v -22.5 -14.0 51.0
v -22.4 -14.0 52.0
v -22.0 -14.0 52.7
v -22.0 -14.3 53.0
v -22.0 -14.6 54.0
v -22.3 -13.0 48.0
v -22.0 -13.0 47.7
v -22.5 -13.0 49.0
v -22.5 -13.0 50.0
v -22.5 -13.0 51.0
v -22.3 -13.0 52.0
v -22.3 -12.0 48.0
v -22.0 -12.0 47.7
v -22.5 -12.0 49.0
v -22.5 -12.0 50.0
v -22.3 -12.0 51.0
v -22.1 -13.0 52.2
v -22.3 -11.0 48.0
v -22.0 -11.0 47.7
v -22.4 -11.0 49.0
v -22.3 -11.0 50.0
v -22.0 -10.3 48.0
v -22.0 -10.4 49.0
v -22.0 -8.9 51.0
v -22.0 -9.6 52.0
v -22.0 -9.5 53.0
v -22.0 -9.3 54.0
v -22.0 -9.0 54.7
v -22.3 -9.0 56.0
v -21.9 -9.0 55.0
v -22.0 -9.3 56.0
v -22.0 -9.4 57.0
v -22.4 -9.0 57.0
v -22.0 -9.2 58.0
v -22.3 -9.0 58.0
v -22.0 -9.0 58.3
v -22.6 -8.0 47.0
v -22.2 -7.9 48.0
v -22.0 -8.0 48.4
v -22.0 -8.5 49.0
v -22.0 -8.7 50.0
v -22.7 -8.0 55.0
v -22.6 -8.0 56.0
v -22.8 -8.0 57.0
v -22.0 -8.3 59.0
v -22.0 -8.0 59.3
v -22.6 -7.0 45.0
v -22.0 -7.0 45.6
v -22.0 -7.3 46.0
v -22.0 -7.5 47.0
v -22.0 -7.0 59.6
v -22.7 -6.0 44.0
v -22.0 -6.0 44.7
v -22.0 -6.4 45.0
v -22.0 -6.5 60.0
v -22.0 -6.0 60.4
v -22.5 -5.0 44.0
v -22.0 -5.0 44.5
v -22.0 -5.0 60.9
v -23.0 -4.0 43.7
v -22.0 -4.0 44.6
v -22.5 -4.0 60.0
v -22.0 -4.0 59.8
v -22.0 -3.0 44.6
v -22.3 -3.0 59.0
v -22.0 -3.3 59.0
v -22.0 -3.0 58.8
v -22.0 -2.0 44.7
v -22.5 -2.0 59.0
v -22.0 -2.0 58.8
v -22.0 -1.0 45.3
v -22.0 -1.7 59.0
v -22.0 -1.0 59.7
v -22.4 0.0 45.0
v -22.0 0.0 45.3
v -22.0 -0.7 60.0
v -22.0 -0.5 61.0
v -22.0 -0.5 62.0
v -22.0 -0.3 63.0
v -22.5 0.0 64.0
v -22.0 0.0 63.5
v -22.0 1.0 44.6
v -22.0 0.4 45.0
v -22.0 0.4 64.0
v -22.0 1.0 64.4
v -22.0 2.0 44.3
v -22.8 2.0 57.0
v -22.6 2.0 58.0
v -22.6 2.0 59.0
v -22.8 2.0 60.0
v -22.0 2.0 64.7
v -22.0 3.0 43.7
v -22.6 3.0 58.0
v -22.5 3.0 59.0
v -22.6 3.0 60.0
v -22.8 3.0 63.0
v -22.5 3.0 64.0
v -22.0 2.9 65.0
v -22.7 4.0 59.0
v -22.7 4.0 60.0
v -22.8 4.0 61.0
v -22.9 4.0 62.0
v -22.4 4.0 63.0
v -22.0 4.0 63.5
v -22.0 3.6 64.0
v -22.0 3.0 65.0
v -22.0 4.5 63.0
v -22.0 5.0 62.6
v -22.0 6.0 43.6
v -22.1 6.0 56.0
v -22.0 5.8 56.0
v -22.0 6.0 55.9
v -22.3 6.0 57.0
v -22.0 5.6 58.0
v -22.1 6.0 58.0
v -22.0 5.7 62.0
v -22.0 6.0 61.7
v -22.0 7.0 43.5
v -22.0 6.4 56.0
v -22.0 6.3 57.0
v -22.0 6.1 58.0
v -22.4 7.0 59.0
v -22.0 7.0 59.3
v -22.0 6.5 60.0
v -22.0 6.4 61.0
v -22.0 8.0 43.6
v -22.0 7.5 59.0
v -22.0 8.0 58.7
v -22.0 9.0 43.7
v -22.0 9.0 58.6
v -22.0 10.0 44.1
v -22.0 10.0 44.1
v -22.0 10.0 58.6
v -22.7 11.0 43.0
v -22.0 11.0 43.5
v -22.0 11.0 58.6
v -22.4 12.0 42.9
v -22.0 12.0 43.3
v -22.0 11.8 55.0
v -22.0 11.6 56.0
v -22.0 11.7 57.0
v -22.0 12.1 58.0
v -22.0 12.0 58.1
v -23.0 13.0 41.6
v -22.0 13.0 42.5
v -22.0 12.4 54.0
v -22.0 13.0 53.3
v -22.0 14.0 41.4
v -22.0 13.4 42.0
v -22.4 14.0 51.8
v -22.0 13.7 52.0
v -22.0 13.3 53.0
v -22.0 15.0 40.8
v -22.0 14.6 41.0
v -22.0 14.4 51.0
v -22.0 16.0 40.7
v -22.3 16.0 45.0
v -22.0 15.8 45.0
v -22.0 16.0 44.7
v -22.4 16.0 46.0
v -22.0 15.7 46.0
v -22.0 15.6 48.0
v -22.0 16.0 47.2
v -22.0 15.4 49.0
v -22.0 15.2 50.0
v -22.0 17.0 40.7
v -22.0 16.5 44.0
v -22.0 17.0 43.5
v -22.0 16.1 47.0
v -22.0 18.0 40.5
v -22.6 18.0 42.0
v -22.0 18.0 42.5
v -22.0 17.5 43.0
v -22.8 19.0 40.0
v -22.0 19.0 39.6
v -22.0 18.6 40.0
v -22.6 19.0 41.0
v -22.2 19.0 42.0
v -22.0 19.0 42.2
v -22.3 20.0 40.0
v -22.0 20.0 39.3
v -22.1 20.0 41.0
v -22.0 19.3 42.0
v -22.0 20.2 40.0
v -22.0 20.1 41.0
v -21.0 -21.5 54.0
v -21.4 -22.0 55.0
v -21.0 -22.0 55.3
v -21.0 -22.8 56.0
v -21.0 -22.4 57.0
v -21.0 -22.0 57.4
v -21.6 -21.0 52.0
v -21.0 -21.0 52.6
v -21.0 -21.3 53.0
v -21.0 -21.7 55.0
v -21.0 -21.0 57.6
v -21.6 -20.0 51.0
v -20.9 -20.3 51.9
v -21.0 -20.4 58.0
v -21.6 -19.0 50.0
v -21.0 -19.0 50.5
v -21.0 -19.5 51.0
v -21.0 -19.4 59.0
v -21.0 -19.0 59.4
v -21.0 -18.0 49.7
v -21.0 -18.4 50.0
v -21.0 -18.0 59.6
v -21.0 -17.0 49.4
v -21.0 -17.0 59.3
v -21.0 -16.0 48.6
v -21.0 -16.5 49.0
v -21.6 -16.0 57.0
v -21.0 -16.0 57.7
v -21.0 -16.3 58.0
v -21.0 -16.7 59.0
v -21.0 -15.1 47.9
v -21.0 -15.0 47.9
v -21.7 -15.0 55.0
v -21.6 -15.0 56.0
v -21.4 -15.0 57.0
v -21.0 -15.0 57.5
v -21.0 -14.0 47.6
v -21.7 -14.0 53.0
v -21.6 -14.0 54.0
v -21.5 -14.0 55.0
v -21.5 -14.0 56.0
v -21.3 -14.0 57.0
v -21.0 -14.0 57.4
v -21.0 -12.1 47.6
v -21.5 -13.0 54.0
v -21.5 -13.0 55.0
v -21.3 -13.0 56.0
v -21.0 -13.5 57.0
v -21.7 -12.0 52.0
v -21.6 -13.0 53.0
v -21.4 -12.0 54.0
v -21.3 -12.0 55.0
v -21.0 -11.0 47.7
v -21.7 -11.0 51.0
v -21.5 -11.0 52.0
v -21.4 -11.0 53.0
v -21.0 -11.0 53.7
v -21.0 -11.3 54.0
v -21.0 -10.6 48.0
v -21.3 -10.0 49.0
v -21.0 -9.9 48.8
v -21.6 -10.0 50.0
v -21.6 -10.0 51.0
v -21.6 -10.0 52.0
v -21.5 -10.0 53.0
v -20.9 -10.0 54.0
v -21.3 -10.0 55.0
v -21.0 -10.5 55.0
v -21.0 -10.4 56.0
v -21.4 -10.0 56.0
v -21.0 -10.0 56.6
v -21.5 -9.0 50.0
v -21.0 -9.0 49.6
v -21.9 -9.0 51.0
v -21.0 -9.9 54.0
v -21.0 -9.8 57.0
v -21.0 -9.5 58.0
v -21.0 -9.0 58.5
v -21.0 -8.0 48.8
v -21.0 -8.3 49.0
v -21.0 -8.5 59.0
v -21.0 -8.0 59.4
v -21.8 -7.0 46.0
v -21.6 -7.0 47.0
v -21.4 -7.0 48.0
v -21.0 -7.0 48.4
v -21.0 -7.0 59.6
v -21.7 -6.0 45.0
v -21.5 -6.0 46.0
v -21.4 -6.0 47.0
v -21.0 -6.0 47.6
v -21.0 -6.4 60.0
v -21.0 -6.0 60.3
v -21.6 -5.0 45.0
v -21.5 -5.0 46.0
v -21.4 -5.0 47.0
v -21.0 -5.0 47.5
v -21.0 -5.0 60.7
v -21.6 -4.0 45.0
v -21.5 -4.0 46.0
v -21.3 -4.0 47.0
v -21.0 -4.0 47.4
v -21.8 -4.0 60.0
v -21.0 -4.0 61.0
v -21.6 -3.0 45.0
v -21.3 -3.0 46.0
v -21.0 -3.5 47.0
v -21.0 -3.4 59.0
v -21.0 -3.0 58.6
v -21.0 -3.6 60.0
v -21.0 -4.0 61.0
v -21.7 -2.0 45.0
v -21.0 -2.0 45.7
v -21.0 -2.0 58.6
v -21.0 -1.0 45.7
v -21.0 -1.6 59.0
v -21.0 -1.2 60.0
v -21.0 -1.1 60.1
v -21.0 0.0 46.1
v -21.0 -0.6 61.0
v -21.0 -0.3 62.0
v -21.0 1.0 44.7
v -21.0 0.6 45.0
v -21.0 0.1 46.0
v -21.0 0.3 63.0
v -21.0 0.7 64.0
v -21.0 1.0 64.3
v -21.0 2.0 44.6
v -21.0 1.9 65.0
v -21.2 2.0 65.0
v -21.0 2.0 65.1
v -21.6 3.0 44.0
v -21.0 3.0 44.4
v -21.0 3.0 65.2
v -22.0 4.0 43.6
v -21.0 4.0 44.4
v -21.0 4.0 64.2
v -21.0 3.2 65.0
v -21.5 5.0 44.0
v -21.0 5.0 44.4
v -22.0 5.0 57.0
v -21.6 5.0 63.0
v -21.0 5.0 63.5
v -21.0 4.3 64.0
v -21.4 6.0 44.0
v -21.0 6.0 44.3
v -21.0 6.0 56.0
v -21.0 6.0 56.2
v -21.0 6.0 57.0
v -22.0 6.0 58.1
v -21.7 6.0 62.0
v -21.3 6.0 63.0
v -21.0 6.0 63.2
v -21.0 7.0 43.8
v -20.9 7.0 44.0
v -21.0 6.0 57.0
v -21.0 6.2 60.0
v -21.0 7.0 59.5
v -21.0 6.5 61.0
v -21.0 6.7 63.0
v -21.4 7.9 44.0
v -21.0 8.0 44.3
v -21.6 8.0 59.0
v -21.0 8.0 59.4
v -21.6 9.0 44.0
v -21.0 9.0 44.4
v -21.5 9.0 59.0
v -21.0 9.0 59.5
v -21.0 10.0 44.5
v -21.5 10.0 59.0
v -21.0 10.0 59.4
v -21.0 11.0 43.8
v -21.0 10.7 44.0
v -21.5 11.0 59.0
v -21.0 11.0 59.5
v -21.0 12.0 43.6
v -21.2 12.0 54.0
v -21.0 11.9 54.0
v -21.7 12.0 55.0
v -21.0 12.0 54.2
v -21.5 12.0 56.0
v -21.6 12.0 57.0
v -21.3 12.0 59.0
v -21.0 12.0 59.3
v -21.0 13.0 43.4
v -21.6 13.0 53.0
v -21.0 12.0 53.0
v -21.0 13.0 52.5
v -21.0 12.3 55.0
v -21.0 12.4 56.0
v -21.0 12.4 57.0
v -21.0 12.5 58.0
v -21.0 12.2 59.0
v -21.0 14.0 42.0
v -21.0 13.5 43.0
v -21.4 14.0 51.0
v -21.0 13.7 51.0
v -21.0 13.4 52.0
v -21.7 15.0 41.0
v -21.4 15.0 42.0
v -21.0 14.8 43.0
v -21.1 15.0 43.0
v -21.0 15.0 43.1
v -21.3 14.9 49.0
v -21.0 14.7 49.0
v -21.7 15.0 50.0
v -21.0 14.5 50.0
v -21.7 16.0 41.0
v -21.4 16.0 42.0
v -21.0 16.0 42.7
v -21.0 15.7 45.0
v -21.0 15.5 46.0
v -21.9 16.0 47.0
v -21.0 15.5 47.0
v -21.0 15.3 48.0
v -21.6 17.0 41.0
v -21.3 17.0 42.0
v -21.0 17.0 42.9
v -21.0 16.0 44.5
v -21.4 18.0 41.0
v -21.0 18.0 41.7
v -21.0 17.7 42.0
v -21.0 18.0 42.2
v -21.0 17.1 43.0
v -21.0 19.0 40.0
v -21.0 19.0 40.1
v -21.0 18.5 41.0
v -21.0 19.0 42.4
v -21.8 20.0 40.0
v -21.0 19.4 41.0
v -21.9 20.0 41.0
v -21.0 19.8 42.0
v -20.0 -22.0 55.8
v -20.0 -22.2 56.0
v -20.0 -22.2 57.0
v -20.0 -22.0 57.2
v -20.7 -21.0 53.0
v -20.5 -21.0 54.0
v -20.3 -21.0 55.0
v -20.0 -21.0 55.4
v -20.0 -21.0 57.4
v -20.6 -20.0 52.0
v -20.3 -20.0 53.0
v -20.0 -20.4 54.0
v -20.0 -20.6 55.0
v -20.5 -20.0 58.0
v -20.0 -20.0 57.6
v -20.6 -19.0 51.0
v -20.0 -19.0 51.7
v -20.0 -19.3 52.0
v -20.0 -19.6 53.0
v -20.0 -19.6 58.0
v -20.0 -19.0 58.6
v -20.7 -18.0 50.0
v -20.3 -18.0 51.0
v -20.0 -18.0 51.4
v -20.0 -18.4 59.0
v -20.0 -18.0 59.3
v -20.4 -17.0 50.0
v -20.0 -17.0 50.5
v -20.0 -17.5 51.0
v -20.0 -17.0 59.2
v -20.0 -16.0 49.6
v -20.0 -16.5 50.0
v -20.6 -16.0 58.0
v -20.0 -16.0 58.4
v -20.0 -16.7 59.0
v -20.9 -15.0 48.0
v -20.0 -15.0 48.7
v -20.0 -15.4 49.0
v -20.4 -15.0 58.0
v -20.0 -15.0 58.4
v -20.6 -14.0 48.0
v -20.0 -14.0 48.5
v -20.5 -14.0 58.0
v -20.0 -14.0 58.4
v -20.5 -13.0 48.0
v -20.7 -13.0 57.0
v -20.4 -13.0 58.0
v -20.0 -13.0 58.4
v -20.5 -12.0 48.0
v -20.0 -12.0 48.5
v -20.7 -12.0 56.0
v -20.5 -12.0 57.0
v -20.4 -12.0 58.0
v -20.0 -12.0 58.4
v -20.7 -11.0 48.0
v -20.0 -11.0 48.7
v -20.8 -11.0 54.0
v -20.7 -11.0 55.0
v -20.6 -11.0 56.0
v -20.5 -11.0 57.0
v -20.4 -11.0 58.0
v -20.0 -11.0 58.4
v -20.7 -10.0 49.0
v -20.0 -10.6 49.0
v -20.0 -10.0 49.5
v -20.8 -10.0 57.0
v -20.5 -10.0 58.0
v -20.0 -10.0 58.5
v -20.5 -9.0 50.0
v -20.0 -9.5 50.0
v -20.0 -8.5 51.0
v -20.0 -9.0 58.6
v -20.8 -8.0 49.0
v -20.5 -8.0 50.0
v -20.3 -8.0 51.0
v -20.0 -8.4 59.0
v -20.0 -8.0 59.2
v -20.6 -7.0 49.0
v -20.5 -7.0 50.0
v -20.4 -7.0 51.0
v -20.0 -7.0 51.5
v -20.0 -7.0 59.4
v -20.7 -6.0 48.0
v -20.5 -6.0 49.0
v -20.5 -6.0 50.0
v -20.3 -6.0 51.0
v -20.6 -6.0 60.0
v -20.0 -6.0 59.6
v -20.6 -5.0 48.0
v -20.5 -5.0 49.0
v -20.4 -5.0 50.0
v -20.0 -5.0 50.6
v -20.0 -5.5 60.0
v -20.0 -5.0 60.4
v -20.6 -4.0 48.0
v -20.5 -4.0 49.0
v -20.3 -4.0 50.0
v -20.0 -4.0 50.4
v -20.0 -4.2 61.0
v -20.0 -4.0 61.2
v -20.7 -3.0 47.0
v -20.3 -3.0 49.0
v -19.7 -3.0 50.0
v -20.0 -3.0 58.0
v -20.0 -3.0 58.0
v -20.0 -3.4 59.0
v -20.0 -3.5 60.0
v -20.0 -3.8 61.0
v -20.7 -2.0 46.0
v -20.4 -2.0 47.0
v -20.3 -2.0 48.0
v -20.0 -2.0 48.4
v -20.0 -3.0 58.0
v -20.0 -2.0 58.5
v -20.7 -1.0 46.0
v -20.0 -1.0 46.7
v -20.0 -1.3 47.0
v -20.0 -1.7 48.0
v -20.0 -1.5 59.0
v -20.0 -1.0 59.6
v -20.0 0.0 46.5
v -20.0 -0.7 60.0
v -20.0 -0.3 61.0
v -20.0 0.5 46.0
v -20.0 0.3 62.0
v -20.0 0.7 63.0
v -20.6 1.0 64.0
v -20.2 2.0 45.0
v -20.0 2.0 45.1
v -20.0 1.6 64.0
v -20.0 2.0 64.4
v -20.0 3.0 44.6
v -20.0 2.2 45.0
v -20.7 3.0 65.0
v -20.0 3.0 64.4
v -20.0 4.0 44.6
v -20.5 4.0 64.0
v -20.0 4.0 63.8
v -20.0 5.0 44.6
v -20.0 5.0 63.8
v -20.0 6.0 44.6
v -20.6 6.0 63.0
v -20.0 5.6 63.0
v -20.0 6.0 62.5
v -20.0 7.0 44.5
v -20.0 6.5 60.0
v -20.0 7.0 59.5
v -20.0 6.4 61.0
v -21.0 7.0 62.0
v -20.0 8.0 44.6
v -20.0 8.0 59.5
v -20.0 9.0 44.8
v -20.0 9.0 59.9
v -20.0 9.6 45.0
v -20.3 10.0 45.0
v -20.0 10.0 45.3
v -20.0 10.0 59.7
v -20.7 11.0 44.0
v -20.0 11.0 44.8
v -20.0 10.6 45.0
v -20.0 10.6 60.0
v -20.3 11.0 60.0
v -20.0 11.0 60.2
v -20.6 12.0 44.0
v -20.0 11.3 45.0
v -20.3 12.0 45.0
v -20.0 12.0 45.4
v -20.8 12.0 54.0
v -20.3 12.0 60.0
v -20.0 12.0 60.2
v -20.6 13.0 44.0
v -20.3 13.0 45.0
v -20.0 13.0 45.4
v -20.0 12.6 53.0
v -20.0 13.0 52.5
v -20.0 12.5 54.0
v -20.0 12.5 56.0
v -20.0 12.6 57.0
v -20.0 12.6 58.0
v -20.0 12.6 59.0
v -20.0 12.3 60.0
v -20.7 14.0 43.0
v -20.3 14.0 44.0
v -20.0 13.5 45.0
v -20.0 14.0 50.3
v -20.0 13.4 52.0
v -20.0 14.8 44.0
v -20.0 15.0 43.9
v -20.4 15.0 47.0
v -20.0 14.6 47.0
v -20.0 15.0 46.4
v -20.6 15.0 48.0
v -20.0 14.4 48.0
v -20.0 14.4 49.0
v -20.0 14.2 50.0
v -20.7 16.0 43.0
v -20.0 15.2 44.0
v -20.6 16.0 44.0
v -20.0 15.8 45.0
v -20.0 15.3 46.0
v -20.9 17.0 43.0
v -20.8 18.0 42.0
v -20.7 19.0 41.0
v -20.3 19.0 42.0
v -19.8 -22.0 56.0
v -19.8 -22.0 57.0
v -19.6 -21.0 56.0
v -19.7 -21.0 57.0
v -19.7 -20.0 54.0
v -19.6 -20.0 55.0
v -19.5 -20.0 56.0
v -19.6 -20.0 57.0
v -19.8 -19.0 52.0
v -19.6 -19.0 53.0
v -19.5 -19.0 54.0
v -19.5 -19.0 55.0
v -19.4 -19.0 56.0
v -19.3 -19.0 57.0
v -19.0 -19.0 58.0
v -19.6 -18.0 52.0
v -19.5 -18.0 53.0
v -19.5 -18.0 54.0
v -19.4 -18.0 55.0
v -19.0 -18.0 55.7
v -19.0 -18.3 56.0
v -19.0 -18.6 57.0
v -19.7 -18.0 59.0
v -19.0 -18.0 58.3
v -19.7 -17.0 51.0
v -19.5 -17.0 52.0
v -19.5 -17.0 53.0
v -19.5 -17.0 54.0
v -19.3 -17.0 55.0
v -19.0 -17.0 55.4
v -19.3 -17.0 58.0
v -19.0 -17.6 58.0
v -19.0 -17.0 57.6
v -19.8 -17.0 59.0
v -19.7 -16.0 50.0
v -19.5 -16.0 51.0
v -19.5 -16.0 52.0
v -19.5 -16.0 53.0
v -19.3 -16.0 54.0
v -19.0 -16.5 55.0
v -19.5 -16.0 58.0
v -19.0 -16.0 57.6
v -19.7 -15.0 49.0
v -19.5 -15.0 50.0
v -19.5 -15.0 51.0
v -19.4 -15.0 52.0
v -19.3 -15.0 53.0
v -19.0 -15.0 53.4
v -19.0 -15.5 58.0
v -19.0 -15.0 58.3
v -19.6 -14.0 49.0
v -19.5 -14.0 50.0
v -19.3 -14.0 51.0
v -19.0 -14.0 51.5
v -19.0 -14.4 52.0
v -19.0 -14.7 53.0
v -19.0 -14.0 58.6
v -19.6 -13.0 49.0
v -19.4 -13.0 50.0
v -19.0 -13.0 50.6
v -18.7 -13.0 51.0
v -19.0 -13.1 59.0
v -19.0 -13.0 59.1
v -19.6 -12.0 49.0
v -19.4 -12.0 50.0
v -19.0 -12.0 50.5
v -19.1 -12.0 59.0
v -19.7 -11.0 49.0
v -19.4 -11.0 50.0
v -19.0 -11.8 59.0
v -19.0 -11.0 58.7
v -19.6 -10.0 50.0
v -19.0 -10.0 50.7
v -19.0 -10.0 58.9
v -19.0 -9.6 51.0
v -19.0 -8.5 52.0
v -19.0 -9.0 58.6
v -19.4 -8.0 52.0
v -19.0 -8.0 52.5
v -19.7 -8.0 59.0
v -19.0 -8.0 58.5
v -19.6 -7.0 52.0
v -19.0 -7.0 53.2
v -19.2 -7.0 53.0
v -19.5 -7.0 59.0
v -19.0 -7.0 58.4
v -19.5 -6.0 52.0
v -19.0 -6.0 52.6
v -19.0 -6.7 53.0
v -19.1 -6.0 58.0
v -19.6 -6.0 59.0
v -19.7 -5.0 51.0
v -19.3 -5.0 52.0
v -19.0 -5.0 52.4
v -19.0 -5.8 58.0
v -19.0 -5.0 58.6
v -19.3 -5.0 59.0
v -19.6 -5.0 60.0
v -19.5 -4.0 51.0
v -19.0 -4.5 52.0
v -19.0 -4.7 59.0
v -19.0 -4.3 60.0
v -19.3 -4.0 61.0
v -19.0 -4.0 60.8
v -19.3 -3.0 51.0
v -19.0 -3.0 51.4
v -19.4 -3.0 59.0
v -19.0 -3.0 59.4
v -19.0 -3.6 60.0
v -19.6 -2.0 49.0
v -19.3 -2.0 50.0
v -19.0 -2.5 51.0
v -19.0 -2.0 57.9
v -19.2 -2.0 58.0
v -19.0 -2.2 58.0
v -19.0 -2.6 59.0
v -19.7 -1.0 47.0
v -19.4 -1.0 48.0
v -19.0 -1.0 48.6
v -19.0 -1.3 49.0
v -19.0 -1.9 58.0
v -19.0 -1.4 59.0
v -19.0 -1.0 59.3
v -19.5 0.0 47.0
v -19.0 0.0 47.6
v -19.0 -0.4 48.0
v -19.0 -0.4 60.0
v -19.2 0.0 60.8
v -20.0 1.0 45.0
v -19.5 1.0 46.0
v -19.3 1.0 47.0
v -19.0 0.3 61.0
v -19.0 0.6 62.0
v -19.5 1.0 63.0
v -19.0 1.0 62.6
v -19.0 1.7 46.0
v -19.0 2.0 45.7
v -19.0 1.3 47.0
v -19.0 1.5 63.0
v -19.0 2.0 63.4
v -19.0 3.0 44.9
v -19.6 3.0 64.0
v -19.0 3.0 63.5
v -18.9 3.0 45.0
v -19.5 4.0 45.0
v -19.0 4.0 45.5
v -19.0 4.0 63.3
v -19.6 5.0 45.0
v -19.0 4.7 46.0
v -19.1 5.0 46.0
v -19.1 5.0 46.1
v -19.5 5.0 63.0
v -19.0 4.4 63.0
v -19.0 5.0 62.5
v -19.5 6.0 45.0
v -19.0 6.0 45.6
v -19.4 6.0 61.0
v -19.0 5.7 61.0
v -19.0 6.0 60.5
v -20.0 6.4 62.0
v -19.0 5.4 62.0
v -19.5 7.0 45.0
v -19.0 7.0 45.5
v -19.0 7.0 58.8
v -19.0 6.7 59.0
v -19.0 6.3 60.0
v -19.5 8.0 45.0
v -19.0 8.0 45.6
v -19.0 8.0 58.8
v -19.7 9.0 45.0
v -19.3 9.0 46.0
v -19.0 8.3 59.0
v -19.0 9.0 59.5
v -19.6 10.0 46.0
v -19.0 9.7 47.2
v -19.4 10.0 47.0
v -19.0 10.0 59.6
v -19.9 11.0 45.0
v -19.6 11.0 46.0
v -19.9 11.0 47.0
v -19.0 10.5 48.0
v -19.3 11.0 48.0
v -19.0 11.0 48.4
v -19.0 10.6 60.0
v -19.0 11.0 60.3
v -19.6 12.0 46.0
v -19.6 12.0 47.0
v -19.4 12.0 48.0
v -19.0 12.0 48.6
v -19.0 12.0 60.5
v -19.6 13.0 46.0
v -19.5 13.0 47.0
v -19.5 13.0 48.0
v -19.3 13.0 49.0
v -19.0 13.0 49.4
v -19.0 12.9 53.0
v -19.0 13.0 52.9
v -19.3 13.0 54.0
v -19.0 13.0 54.5
v -19.0 12.8 55.0
v -19.0 12.8 56.0
v -19.5 13.0 57.0
v -19.0 13.0 56.4
v -19.6 13.0 58.0
v -19.6 13.0 59.0
v -19.3 13.0 60.0
v -19.0 13.0 60.2
v -19.7 14.0 45.0
v -19.5 14.0 46.0
v -19.6 14.0 47.0
v -19.6 14.0 48.0
v -19.6 14.0 49.0
v -19.0 13.5 50.0
v -19.7 14.0 50.0
v -20.0 13.6 51.0
v -19.0 13.5 52.0
v -19.0 13.3 54.0
v -19.0 13.5 57.0
v -19.2 14.0 58.0
v -19.0 14.0 57.6
v -19.2 14.0 59.0
v -19.0 14.0 59.3
v -19.0 13.3 60.0
v -19.9 15.0 44.0
v -19.6 15.0 45.0
v -19.7 15.0 46.0
v -19.0 14.3 58.0
v -19.0 14.2 59.0
v -18.7 -18.0 56.0
v -18.6 -18.0 57.0
v -18.8 -18.0 58.0
v -18.6 -17.0 56.0
v -18.6 -17.0 57.0
v -18.7 -16.0 55.0
v -18.4 -16.0 56.0
v -18.5 -16.0 57.0
v -18.6 -15.0 54.0
v -18.3 -15.0 55.0
v -18.0 -15.4 56.0
v -18.0 -15.3 57.0
v -18.6 -15.0 58.0
v -18.0 -15.0 57.4
v -18.7 -14.0 52.0
v -18.4 -14.0 53.0
v -18.0 -14.0 53.6
v -18.0 -14.3 54.0
v -18.0 -14.6 55.0
v -18.0 -14.4 58.0
v -18.0 -14.0 58.3
v -18.4 -13.0 52.0
v -18.0 -13.0 52.6
v -18.0 -13.4 53.0
v -18.9 -13.0 59.0
v -18.0 -13.0 58.4
v -18.6 -12.0 51.0
v -18.4 -12.0 52.0
v -18.0 -12.0 52.6
v -19.0 -12.0 59.1
v -18.0 -12.0 58.4
v -18.6 -11.0 51.0
v -18.5 -11.0 52.0
v -18.0 -11.5 53.0
v -18.3 -11.0 53.0
v -18.0 -11.0 58.4
v -18.7 -10.0 51.0
v -18.5 -10.0 52.0
v -18.5 -10.0 53.0
v -18.3 -10.0 54.0
v -18.0 -10.0 54.4
v -18.0 -10.0 58.4
v -18.7 -9.0 52.0
v -18.5 -9.0 53.0
v -18.4 -9.0 54.0
v -18.0 -9.0 54.6
v -18.0 -9.0 58.3
v -18.7 -8.0 53.0
v -18.5 -8.0 54.0
v -18.0 -8.5 55.0
v -18.3 -8.0 55.0
v -18.4 -8.0 58.0
v -18.0 -8.6 58.0
v -18.0 -8.0 57.4
v -18.6 -7.0 54.0
v -18.5 -7.0 55.0
v -18.3 -7.0 56.0
v -18.4 -7.0 57.0
v -18.0 -7.6 57.0
v -18.7 -7.0 58.0
v -18.7 -6.0 53.0
v -18.5 -6.0 54.0
v -18.4 -6.0 55.0
v -18.0 -6.0 55.8
v -18.0 -6.2 56.0
v -17.9 -6.0 56.0
v -18.4 -6.0 57.0
v -18.6 -5.0 53.0
v -18.5 -5.0 54.0
v -18.3 -5.0 55.0
v -18.0 -5.0 55.4
v -18.0 -5.5 57.0
v -18.5 -5.0 58.0
v -18.0 -5.0 57.5
v -18.7 -4.0 52.0
v -18.5 -4.0 53.0
v -18.4 -4.0 54.0
v -18.0 -4.0 54.8
v -18.0 -4.6 58.0
v -18.0 -4.3 59.0
v -18.6 -4.0 60.0
v -18.0 -4.0 59.4
v -18.6 -3.0 52.0
v -18.4 -3.0 53.0
v -18.4 -3.0 54.0
v -18.0 -3.7 55.0
v -18.3 -3.0 55.0
v -18.0 -3.0 55.5
v -18.0 -3.0 60.0
v -18.7 -2.0 51.0
v -18.3 -2.0 52.0
v -18.0 -2.0 52.5
v -18.0 -2.4 53.0
v -18.0 -2.4 54.0
v -18.2 -2.0 55.0
v -18.2 -2.0 56.0
v -18.3 -2.0 57.0
v -18.0 -2.4 57.0
v -18.0 -2.5 58.0
v -18.0 -2.6 59.0
v -18.0 -3.0 60.0
v -18.7 -1.0 49.0
v -18.5 -1.0 50.0
v -18.3 -1.0 51.0
v -18.0 -1.7 55.0
v -18.0 -1.6 56.0
v -18.0 -1.5 57.0
v -18.3 -1.0 58.0
v -18.0 -1.0 57.5
v -18.7 -1.0 59.0
v -18.7 0.0 48.0
v -18.3 -0.0 49.0
v -18.0 -0.4 50.0
v -18.0 -0.6 51.0
v -18.0 -0.6 58.0
v -18.0 -0.4 59.0
v -18.5 0.0 60.0
v -18.0 0.0 59.5
v -18.5 1.0 48.0
v -18.0 0.3 60.0
v -18.0 0.6 61.0
v -18.0 0.8 62.0
v -18.0 1.0 62.2
v -18.7 2.0 46.0
v -18.5 2.0 47.0
v -18.3 2.0 48.0
v -18.0 2.0 48.4
v -18.6 2.0 63.0
v -18.0 2.0 62.5
v -18.4 3.0 46.0
v -18.0 3.0 46.7
v -18.0 2.7 47.0
v -18.0 2.4 48.0
v -18.5 3.0 63.0
v -18.0 3.0 62.4
v -18.6 4.0 46.0
v -18.0 4.0 46.7
v -18.3 4.0 62.0
v -18.0 4.0 61.7
v -18.7 4.0 63.0
v -18.5 5.0 47.0
v -18.0 4.3 47.0
v -18.2 5.0 48.0
v -18.0 4.7 48.0
v -18.0 5.0 48.3
v -18.6 5.0 62.0
v -18.7 6.0 46.0
v -18.3 6.0 48.0
v -18.0 6.0 48.4
v -18.3 6.0 59.0
v -18.0 5.8 59.0
v -18.0 6.0 58.8
v -18.0 5.5 60.0
v -18.0 5.2 61.0
v -18.6 7.0 46.0
v -18.4 7.0 47.0
v -18.0 7.0 47.8
v -18.0 6.7 48.0
v -18.0 7.0 58.5
v -18.7 8.0 46.0
v -18.5 8.0 47.0
v -18.0 7.3 48.0
v -18.3 8.0 48.0
v -18.0 8.0 48.4
v -18.0 8.0 58.6
v -18.7 9.0 47.0
v -18.4 9.0 48.0
v -18.0 9.0 48.6
v -18.0 8.5 59.0
v -18.0 9.0 59.4
v -18.7 10.0 48.0
v -18.3 10.0 49.0
v -18.0 10.0 49.4
v -18.0 10.0 59.5
v -18.5 11.0 49.0
v -18.0 11.0 49.5
v -18.5 11.0 60.0
v -18.0 11.0 59.7
v -18.6 12.0 49.0
v -18.0 12.0 49.6
v -18.0 12.0 60.3
v -18.0 13.0 49.8
v -18.9 13.0 53.0
v -18.8 13.0 55.0
v -18.8 13.0 56.0
v -18.0 13.0 60.2
v -18.0 13.2 50.0
v -18.0 13.5 51.0
v -18.3 14.0 52.0
v -18.0 14.0 51.7
v -18.4 14.0 53.0
v -18.5 14.0 54.0
v -18.4 14.0 55.0
v -18.5 14.0 56.0
v -18.7 14.0 57.0
v -18.0 13.3 60.0
v -18.0 14.0 59.3
v -18.0 14.3 52.0
v -18.0 14.5 53.0
v -18.0 14.5 54.0
v -18.0 14.6 55.0
v -18.2 15.0 56.0
v -18.0 15.0 55.6
v -18.1 15.0 57.0
v -18.0 14.5 58.0
v -18.0 15.0 57.1
v -18.0 14.3 59.0
v -18.0 15.2 56.0
v -18.0 15.1 57.0
v -17.7 -15.0 56.0
v -17.7 -15.0 57.0
v -17.7 -14.0 54.0
v -17.6 -14.0 55.0
v -17.5 -14.0 56.0
v -17.5 -14.0 57.0
v -17.8 -14.0 58.0
v -17.7 -13.0 53.0
v -17.5 -13.0 54.0
v -17.5 -13.0 55.0
v -17.5 -13.0 56.0
v -17.5 -13.0 57.0
v -17.6 -13.0 58.0
v -17.7 -12.0 53.0
v -17.5 -12.0 54.0
v -17.5 -11.7 57.0
v -17.6 -12.0 58.0
v -17.7 -11.0 54.0
v -17.5 -11.0 55.0
v -17.5 -11.7 55.3
v -17.6 -11.0 58.0
v -17.6 -10.0 55.0
v -17.5 -10.0 56.0
v -17.5 -10.0 57.0
v -17.6 -10.0 58.0
v -17.7 -9.0 55.0
v -17.5 -9.0 56.0
v -17.5 -9.0 57.0
v -17.8 -9.0 58.0
v -17.7 -8.0 56.0
v -17.7 -8.0 57.0
v -17.6 -5.0 56.0
v -17.7 -5.0 57.0
v -17.8 -4.0 55.0
v -17.5 -4.0 56.0
v -17.5 -4.0 57.0
v -17.6 -4.0 58.0
v -17.7 -4.0 59.0
v -17.7 -3.0 56.0
v -17.6 -3.0 57.0
v -17.6 -3.0 58.0
v -17.5 -3.0 59.0
v -17.9 -3.0 60.0
v -17.7 -2.0 53.0
v -17.7 -2.0 54.0
v -17.7 -1.0 52.0
v -17.5 -1.0 53.0
v -17.5 -1.0 54.0
v -17.6 -1.0 55.0
v -17.6 -1.0 56.0
v -17.7 -1.0 57.0
v -17.7 0.0 50.0
v -17.6 0.0 51.0
v -17.5 0.0 52.0
v -17.5 0.0 53.0
v -17.5 0.0 54.0
v -17.4 0.0 55.0
v -17.4 0.0 56.0
v -17.4 0.0 57.0
v -17.4 0.0 58.0
v -17.5 0.0 59.0
v -17.7 1.0 49.0
v -17.5 1.0 50.0
v -17.5 1.0 51.0
v -17.4 1.0 52.0
v -17.4 1.0 53.0
v -17.2 1.0 54.0
v -17.0 0.5 55.0
v -17.0 0.4 56.0
v -17.0 0.4 57.0
v -17.0 0.3 58.0
v -17.0 0.3 59.0
v -17.0 0.5 60.0
v -17.4 1.0 61.0
v -17.0 1.0 60.6
v -17.8 1.0 62.0
v -17.6 2.0 49.0
v -17.4 2.0 50.0
v -17.3 2.0 51.0
v -17.0 1.6 52.0
v -17.0 1.5 53.0
v -17.0 1.3 54.0
v -17.0 1.5 61.0
v -17.0 2.0 61.4
v -17.5 2.0 62.0
v -17.8 3.0 47.0
v -17.6 3.0 48.0
v -17.3 3.0 49.0
v -17.0 3.0 49.5
v -17.0 2.6 50.0
v -17.0 2.4 51.0
v -17.6 3.0 62.0
v -17.0 3.0 61.4
v -17.8 4.0 47.0
v -17.5 4.0 48.0
v -17.0 4.0 48.9
v -17.4 4.0 61.0
v -17.0 3.5 61.0
v -17.0 4.0 60.6
v -17.5 5.0 49.0
v -17.4 5.0 50.0
v -17.0 4.5 50.0
v -17.4 5.0 51.0
v -17.4 5.0 52.0
v -17.1 5.0 53.0
v -17.0 4.8 53.0
v -17.0 5.0 53.1
v -17.4 5.0 60.0
v -17.0 4.7 60.0
v -17.0 5.0 59.6
v -17.8 5.0 61.0
v -17.6 6.0 49.0
v -17.5 6.0 50.0
v -17.5 6.0 51.0
v -17.3 6.0 52.0
v -17.0 6.0 52.5
v -17.0 5.5 59.0
v -17.0 6.0 58.5
v -17.8 7.0 48.0
v -17.5 7.0 49.0
v -17.5 7.0 50.0
v -17.4 7.0 51.0
v -17.0 7.0 51.6
v -16.7 7.0 52.0
v -17.0 7.0 58.4
v -17.6 8.0 49.0
v -17.5 8.0 50.0
v -17.4 8.3 51.0
v -17.0 8.0 51.5
v -17.0 8.0 58.6
v -17.7 9.0 49.0
v -17.5 9.0 50.0
v -17.0 8.7 59.0
v -17.0 9.0 59.2
v -17.6 10.0 50.0
v -17.4 10.0 51.0
v -17.0 10.0 59.4
v -17.6 11.0 50.0
v -17.4 11.0 51.0
v -17.0 11.0 59.4
v -17.6 12.0 50.0
v -17.4 12.0 51.0
v -17.0 12.0 51.6
v -17.7 12.0 60.0
v -17.0 12.0 59.5
v -17.8 13.0 50.0
v -17.6 13.0 51.0
v -17.0 12.7 52.0
v -17.2 13.0 52.0
v -17.0 13.0 52.2
v -17.7 13.0 60.0
v -17.0 13.0 59.4
v -17.0 13.4 52.0
v -17.0 14.0 51.8
v -17.6 14.0 59.0
v -17.0 13.4 59.0
v -17.0 14.0 58.4
v -17.0 14.8 52.0
v -17.2 15.0 53.0
v -17.0 15.0 52.2
v -17.4 15.0 55.0
v -17.0 14.6 57.0
v -17.0 15.0 56.4
v -17.0 14.3 58.0
v -17.0 15.2 53.0
v -17.0 15.2 54.0
v -17.0 15.2 55.0
v -17.0 15.2 56.0
v -16.3 0.0 59.0
v -16.0 0.0 58.8
v -16.0 -0.1 59.0
v -16.0 -0.2 60.0
v -16.0 0.0 60.2
v -17.0 0.9 54.6
v -16.0 1.0 55.6
v -16.0 0.7 56.0
v -16.0 0.6 57.0
v -16.0 0.4 58.0
v -16.0 1.0 60.6
v -16.7 2.0 52.0
v -16.5 2.0 53.0
v -16.0 1.9 54.0
v -16.0 1.4 55.0
v -16.5 2.0 61.0
v -16.0 2.0 60.7
v -16.7 3.0 50.0
v -16.6 3.0 51.0
v -16.5 3.0 52.0
v -16.5 3.0 53.0
v -16.2 3.0 54.0
v -16.0 3.0 54.2
v -16.6 3.0 61.0
v -16.0 3.0 60.6
v -16.9 4.0 49.0
v -16.6 4.0 50.0
v -16.6 4.0 51.0
v -16.6 4.0 52.0
v -16.5 4.0 53.0
v -16.0 4.0 53.9
v -16.0 4.0 60.4
v -16.5 5.0 54.0
v -16.0 4.2 54.0
v -16.3 5.0 55.0
v -16.0 4.6 55.0
v -16.0 4.5 60.0
v -16.0 5.0 59.4
v -16.7 6.0 53.0
v -16.5 6.0 54.0
v -16.5 6.0 55.0
v -16.0 5.4 56.0
v -16.4 6.0 56.0
v -16.3 6.0 57.0
v -16.0 5.6 57.0
v -16.5 6.0 58.0
v -16.0 5.6 58.0
v -16.0 5.3 59.0
v -16.5 7.0 53.0
v -16.5 7.0 54.0
v -16.5 7.0 55.0
v -16.3 7.0 56.0
v -16.0 6.7 57.0
v -16.0 7.0 57.3
v -16.5 7.0 58.0
v -16.6 8.0 52.0
v -16.5 8.0 54.0
v -16.4 8.0 55.0
v -16.0 8.0 55.8
v -16.0 7.7 56.0
v -16.0 7.6 58.0
v -16.0 8.0 58.3
v -16.5 8.0 53.0
v -16.5 9.0 55.0
v -16.0 8.3 56.0
v -16.3 9.0 56.0
v -16.0 9.0 56.4
v -16.7 9.0 59.0
v -16.0 9.0 58.4
v -16.5 10.0 54.0
v -16.5 10.0 55.0
v -16.4 10.0 56.0
v -16.0 10.0 56.5
v -16.5 10.0 59.0
v -16.0 10.0 58.5
v -16.6 11.0 52.0
v -16.5 11.0 53.0
v -16.5 11.0 54.0
v -16.5 11.0 55.0
v -16.3 11.0 56.0
v -16.0 11.0 56.4
v -16.5 11.0 59.0
v -16.0 11.0 58.4
v -16.7 12.0 52.0
v -16.5 12.0 53.0
v -16.5 12.0 54.0
v -16.3 12.0 55.0
v -16.0 11.5 56.0
v -16.2 12.0 58.0
v -16.0 11.7 58.0
v -16.0 12.0 57.8
v -16.6 12.0 59.0
v -16.6 13.0 53.0
v -16.4 13.0 54.0
v -16.0 13.0 54.6
v -16.7 13.0 59.0
v -16.8 14.0 52.0
v -16.5 14.0 53.0
v -16.4 14.0 54.0
v -16.0 14.0 54.7
v -16.4 14.0 57.0
v -16.0 13.6 57.0
v -16.0 14.0 56.5
v -16.7 14.0 58.0
v -15.9 13.0 58.0
v -16.8 15.0 53.0
v -16.8 15.0 54.0
v -16.0 14.3 55.0
v -16.7 15.0 55.0
v -16.7 15.0 56.0
v -16.0 14.3 56.0
v -15.8 0.0 59.0
v -15.0 0.0 59.8
v -15.0 -0.1 60.0
v -15.0 0.0 60.1
v -15.7 1.0 56.0
v -15.4 1.0 57.0
v -15.0 1.0 57.5
v -15.0 0.7 58.0
v -15.0 0.4 59.0
v -15.0 0.7 61.0
v -15.3 1.0 61.0
v -15.0 1.0 61.2
v -15.9 2.0 54.0
v -15.6 2.0 55.0
v -15.0 2.0 55.9
v -15.0 1.9 56.0
v -15.0 1.4 57.0
v -15.5 2.0 61.0
v -15.0 2.0 61.2
v -15.6 3.0 55.0
v -15.3 3.0 56.0
v -15.0 3.0 56.4
v -15.0 2.3 61.0
v -15.0 3.0 60.6
v -15.9 4.0 54.0
v -15.6 4.0 55.0
v -15.4 4.0 56.0
v -15.0 4.0 56.6
v -15.0 4.0 60.2
v -15.7 5.0 56.0
v -15.0 4.4 57.0
v -15.4 5.0 57.0
v -15.6 5.0 59.0
v -15.0 4.6 59.0
v -15.0 4.2 60.0
v -15.0 5.1 58.0
v -15.8 7.0 57.0
v -15.8 8.0 56.0
v -15.6 8.0 57.0
v -15.8 8.0 58.0
v -15.6 9.0 57.0
v -15.6 9.0 58.0
v -15.6 10.0 57.0
v -15.6 10.0 58.0
v -15.6 11.0 57.0
v -15.7 11.0 58.0
v -15.7 12.0 56.0
v -15.6 12.0 57.0
v -15.7 13.0 55.0
v -15.5 13.0 56.0
v -15.6 13.0 57.0
v -15.9 13.0 58.0
v -15.8 14.0 55.0
v -15.7 14.0 56.0
v -14.7 1.0 58.0
v -14.4 1.0 59.0
v -14.0 1.0 59.6
v -14.0 0.7 60.0
v -14.0 0.8 61.0
v -14.0 1.0 61.2
v -14.9 2.0 56.0
v -14.5 2.0 57.0
v -14.0 2.0 57.9
v -13.9 2.0 58.0
v -14.0 1.4 59.0
v -14.0 2.0 61.2
v -14.6 3.0 57.0
v -14.3 3.0 58.0
v -14.0 3.0 58.5
v -14.0 2.3 61.0
v -14.0 3.0 60.3
v -14.7 4.0 57.0
v -14.5 4.0 58.0
v -14.5 4.0 59.0
v -14.7 4.0 60.0
v -14.0 3.3 60.0
v -14.9 5.0 58.0
v -13.7 1.0 60.0
v -13.8 1.0 61.0
v -13.6 2.0 59.0
v -13.5 2.0 60.0
v -13.8 2.0 61.0
v -13.7 3.0 59.0
v -13.8 3.0 60.0
f 3 2 1
f 7 6 5
f 6 7 2
f 7 1 2
f 7 8 1
f 1 10 9
f 1 8 10
f 10 11 9
f 15 14 13
f 14 15 4
f 15 16 4
f 4 17 5
f 4 16 17
f 5 18 7
f 5 17 18
f 7 19 8
f 7 18 19
f 21 10 20
f 10 19 20
f 10 8 19
f 10 21 11
f 11 21 22
f 11 22 12
f 24 23 13
f 23 15 13
f 15 25 16
f 15 23 25
f 16 26 17
f 16 25 26
f 17 66 18
f 17 26 66
f 19 18 66
f 19 66 20
f 24 27 23
f 23 27 25
f 25 27 28
f 25 28 26
f 26 28 29
f 26 29 66
f 33 32 30
f 30 32 31
f 33 34 32
f 37 36 35
f 39 38 35
f 35 38 37
f 38 39 31
f 39 30 31
f 30 40 33
f 30 39 40
f 3 41 2
f 41 33 2
f 33 40 2
f 33 41 34
f 43 42 1
f 42 3 1
f 42 41 3
f 45 44 43
f 43 44 42
f 47 46 45
f 45 46 44
f 47 48 46
f 51 50 49
f 51 49 36
f 49 35 36
f 49 52 35
f 39 52 4
f 35 52 39
f 39 4 5
f 39 5 6
f 39 6 40
f 40 6 2
f 9 43 1
f 43 9 11
f 43 11 45
f 45 11 12
f 53 45 12
f 47 45 53
f 48 47 54
f 54 47 53
f 49 50 13
f 50 55 13
f 49 13 14
f 49 14 52
f 52 14 4
f 21 20 56
f 57 21 56
f 58 21 57
f 21 59 22
f 58 59 21
f 12 22 53
f 22 60 53
f 22 59 60
f 53 60 54
f 13 62 61
f 13 55 62
f 61 24 13
f 65 64 63
f 107 66 63
f 107 63 64
f 66 107 57
f 66 57 56
f 66 56 20
f 62 67 61
f 61 67 24
f 67 27 24
f 67 68 27
f 27 69 28
f 68 69 27
f 63 29 65
f 29 69 65
f 29 28 69
f 29 63 66
f 75 76 74
f 37 76 75
f 37 77 76
f 77 31 70
f 70 31 32
f 70 32 71
f 79 78 34
f 34 78 32
f 78 72 32
f 72 71 32
f 79 80 78
f 73 82 74
f 73 81 82
f 74 83 75
f 74 82 83
f 83 36 37
f 75 83 37
f 37 38 77
f 77 38 31
f 41 79 34
f 84 80 79
f 41 84 79
f 42 84 41
f 85 42 44
f 85 84 42
f 86 44 46
f 86 85 44
f 88 87 48
f 87 46 48
f 87 86 46
f 88 89 87
f 94 81 90
f 81 91 82
f 81 94 91
f 91 50 51
f 83 91 51
f 82 91 83
f 83 51 36
f 93 92 88
f 48 93 88
f 54 93 48
f 88 92 89
f 94 90 95
f 94 96 91
f 96 55 50
f 96 50 91
f 57 98 58
f 97 98 57
f 58 99 59
f 98 99 58
f 59 100 60
f 99 100 59
f 54 60 93
f 93 60 100
f 102 101 95
f 101 94 95
f 101 103 94
f 94 104 96
f 94 103 104
f 104 62 55
f 104 55 96
f 106 105 64
f 106 64 65
f 105 107 64
f 57 107 97
f 109 108 102
f 108 101 102
f 108 103 101
f 103 110 104
f 103 108 110
f 111 67 62
f 104 111 62
f 110 111 104
f 67 111 112
f 113 67 112
f 68 67 113
f 68 114 69
f 113 114 68
f 65 69 106
f 106 69 114
f 109 115 108
f 108 115 110
f 110 115 116
f 110 116 111
f 111 116 117
f 111 117 112
f 118 120 119
f 123 122 121
f 125 124 123
f 123 124 122
f 124 125 119
f 125 118 119
f 125 126 118
f 120 118 127
f 118 128 127
f 118 126 128
f 130 129 128
f 128 129 127
f 132 131 130
f 130 131 129
f 134 133 132
f 132 133 131
f 134 141 133
f 135 121 136
f 121 137 123
f 121 135 137
f 123 137 125
f 125 138 126
f 125 137 138
f 126 139 128
f 126 138 139
f 130 139 70
f 128 139 130
f 130 70 71
f 130 71 132
f 132 71 72
f 140 132 72
f 134 132 140
f 141 140 146
f 141 134 140
f 145 144 142
f 144 145 136
f 136 145 135
f 145 73 135
f 135 73 74
f 135 74 137
f 137 74 76
f 137 76 138
f 138 76 77
f 138 77 139
f 139 77 70
f 78 140 72
f 147 146 80
f 80 146 78
f 146 140 78
f 149 148 147
f 147 148 146
f 151 150 149
f 149 150 148
f 153 152 151
f 151 152 150
f 153 154 152
f 142 143 155
f 155 143 156
f 142 157 145
f 142 155 157
f 157 81 73
f 157 73 145
f 84 147 80
f 147 84 85
f 147 85 149
f 149 85 86
f 149 86 151
f 151 86 87
f 151 87 153
f 87 89 153
f 89 154 153
f 89 158 154
f 155 156 159
f 159 156 160
f 155 161 157
f 155 159 161
f 161 90 81
f 161 81 157
f 163 162 92
f 163 92 93
f 89 92 158
f 158 92 162
f 159 160 164
f 164 160 165
f 159 166 161
f 159 164 166
f 166 95 90
f 166 90 161
f 176 167 97
f 97 168 98
f 167 168 97
f 98 169 99
f 168 169 98
f 99 170 100
f 169 170 99
f 93 100 163
f 163 100 170
f 165 172 171
f 171 164 165
f 171 173 164
f 166 173 102
f 164 173 166
f 166 102 95
f 175 174 105
f 175 105 106
f 105 176 107
f 174 176 105
f 97 107 176
f 171 172 177
f 177 172 178
f 171 179 173
f 171 177 179
f 173 180 102
f 179 180 173
f 180 109 102
f 182 181 113
f 182 113 112
f 113 183 114
f 181 183 113
f 106 114 175
f 175 114 183
f 177 178 184
f 184 178 185
f 177 186 179
f 177 184 186
f 179 187 180
f 179 186 187
f 188 115 109
f 180 188 109
f 187 188 180
f 115 188 193
f 189 115 193
f 116 115 189
f 116 250 117
f 189 250 116
f 112 117 182
f 182 117 250
f 184 185 190
f 184 191 186
f 184 190 191
f 186 192 187
f 186 191 192
f 193 188 196
f 188 192 196
f 188 187 192
f 190 194 191
f 191 194 195
f 191 195 192
f 192 195 196
f 199 198 197
f 203 202 200
f 200 202 201
f 205 204 203
f 203 204 202
f 207 206 205
f 205 206 204
f 119 206 207
f 119 208 206
f 209 197 120
f 197 208 120
f 208 119 120
f 197 198 208
f 199 197 210
f 197 211 210
f 197 209 211
f 212 200 213
f 203 212 121
f 200 212 203
f 203 121 122
f 203 122 205
f 205 122 124
f 205 124 207
f 207 124 119
f 127 209 120
f 209 127 129
f 209 129 211
f 129 315 211
f 131 315 129
f 214 131 133
f 214 315 131
f 215 133 141
f 215 214 133
f 215 141 216
f 217 212 213
f 217 144 212
f 144 136 121
f 144 121 212
f 216 141 219
f 141 146 219
f 146 220 219
f 150 221 220
f 220 221 219
f 150 222 221
f 218 224 217
f 224 143 217
f 143 142 217
f 217 142 144
f 146 148 220
f 220 148 150
f 150 152 222
f 154 226 152
f 226 223 152
f 223 222 152
f 154 229 226
f 224 225 227
f 227 225 228
f 227 156 143
f 227 143 224
f 230 229 154
f 158 230 154
f 232 231 228
f 231 227 228
f 231 233 227
f 233 160 156
f 233 156 227
f 235 336 234
f 237 236 234
f 237 234 336
f 162 163 236
f 237 162 236
f 238 162 237
f 158 162 230
f 230 162 238
f 231 232 239
f 239 232 240
f 231 241 233
f 231 239 241
f 241 165 160
f 241 160 233
f 167 176 242
f 243 167 242
f 167 244 168
f 243 244 167
f 234 169 235
f 169 244 235
f 169 168 244
f 169 234 170
f 170 234 236
f 170 236 163
f 239 240 245
f 245 240 246
f 245 172 165
f 241 245 165
f 239 245 241
f 174 175 248
f 249 174 248
f 242 176 340
f 176 249 340
f 176 174 249
f 246 350 245
f 172 245 350
f 178 172 350
f 252 251 250
f 250 251 247
f 182 250 247
f 181 182 247
f 181 247 183
f 183 247 248
f 183 248 175
f 255 254 253
f 350 254 255
f 185 350 255
f 178 350 185
f 257 256 189
f 257 189 193
f 250 256 252
f 250 189 256
f 260 259 258
f 259 253 258
f 259 255 253
f 259 190 185
f 259 185 255
f 262 261 193
f 262 193 196
f 257 193 261
f 260 263 259
f 263 367 264
f 263 264 194
f 259 263 194
f 190 259 194
f 267 195 194
f 267 194 264
f 265 195 267
f 196 195 265
f 262 196 265
f 367 266 264
f 264 266 267
f 270 269 268
f 272 271 268
f 268 271 270
f 274 273 272
f 272 273 271
f 274 275 273
f 268 269 276
f 276 269 277
f 268 278 272
f 268 276 278
f 272 279 274
f 272 278 279
f 275 274 280
f 280 274 279
f 276 277 281
f 281 277 282
f 276 283 278
f 276 281 283
f 278 284 279
f 278 283 284
f 280 279 285
f 285 279 284
f 281 282 286
f 281 287 283
f 281 286 287
f 283 288 284
f 283 287 288
f 285 284 289
f 284 288 289
f 292 291 290
f 291 286 290
f 291 287 286
f 287 293 288
f 287 291 293
f 288 294 289
f 288 293 294
f 295 289 294
f 297 296 292
f 296 291 292
f 296 293 291
f 293 298 294
f 293 296 298
f 295 294 299
f 299 294 298
f 296 297 300
f 296 301 298
f 296 300 301
f 299 298 302
f 298 303 302
f 298 301 303
f 303 304 302
f 305 300 306
f 300 305 301
f 301 307 303
f 301 305 307
f 199 308 198
f 308 303 198
f 303 307 198
f 303 308 304
f 308 199 313
f 200 201 309
f 201 310 309
f 201 311 310
f 312 201 202
f 312 311 201
f 204 305 306
f 312 204 306
f 202 204 312
f 305 204 206
f 305 206 208
f 305 208 307
f 307 208 198
f 313 199 210
f 315 314 211
f 314 210 211
f 314 313 210
f 317 316 315
f 315 316 314
f 317 318 316
f 218 309 319
f 218 213 200
f 218 200 309
f 315 214 317
f 317 214 215
f 317 215 318
f 321 320 216
f 216 320 215
f 320 318 215
f 321 322 320
f 324 323 319
f 319 323 218
f 218 217 213
f 219 321 216
f 321 219 221
f 321 221 322
f 221 325 322
f 222 325 221
f 327 326 223
f 326 222 223
f 326 325 222
f 323 324 224
f 324 225 224
f 324 328 225
f 323 224 218
f 329 226 229
f 329 223 226
f 327 223 329
f 327 329 330
f 328 228 225
f 331 228 328
f 334 333 332
f 332 333 329
f 332 329 229
f 230 332 229
f 331 335 232
f 232 228 331
f 338 336 337
f 237 336 338
f 332 238 334
f 238 338 334
f 238 237 338
f 238 332 230
f 335 240 232
f 339 240 335
f 341 243 242
f 341 242 340
f 349 244 243
f 349 243 341
f 349 342 244
f 244 342 235
f 342 343 235
f 343 336 235
f 336 343 337
f 339 246 240
f 344 246 339
f 355 248 247
f 248 355 345
f 346 248 345
f 249 248 346
f 249 347 340
f 249 346 347
f 340 347 341
f 341 347 348
f 341 348 349
f 246 351 350
f 246 344 351
f 353 352 251
f 353 251 252
f 251 354 247
f 251 352 354
f 247 354 355
f 357 356 253
f 254 350 351
f 357 254 351
f 253 254 357
f 359 358 256
f 359 256 257
f 252 256 353
f 353 256 358
f 360 361 258
f 356 360 258
f 253 356 258
f 361 260 258
f 261 262 362
f 363 261 362
f 364 261 363
f 257 261 359
f 359 261 364
f 361 360 365
f 361 365 260
f 365 263 260
f 365 366 263
f 263 368 367
f 366 368 263
f 369 267 367
f 369 367 368
f 267 369 363
f 267 363 362
f 265 267 362
f 265 362 262
f 266 367 267
f 372 371 370
f 374 373 370
f 370 373 372
f 374 375 373
f 370 371 376
f 376 371 377
f 370 378 374
f 370 376 378
f 375 374 379
f 379 374 378
f 377 380 376
f 376 380 378
f 378 380 381
f 378 381 379
f 384 383 382
f 386 385 382
f 382 385 384
f 388 387 386
f 386 387 385
f 388 389 387
f 393 392 390
f 390 392 391
f 393 394 392
f 398 397 395
f 395 397 396
f 397 398 383
f 398 382 383
f 398 399 382
f 382 400 386
f 382 399 400
f 386 401 388
f 386 400 401
f 389 388 402
f 402 388 401
f 404 403 390
f 403 393 390
f 270 405 269
f 405 393 269
f 393 403 269
f 393 405 394
f 406 270 271
f 406 405 270
f 407 271 273
f 407 406 271
f 273 275 407
f 407 275 408
f 409 395 410
f 395 411 398
f 395 409 411
f 398 412 399
f 398 411 412
f 399 413 400
f 399 412 413
f 400 414 401
f 400 413 414
f 402 401 415
f 415 401 414
f 403 404 416
f 416 404 584
f 416 277 269
f 416 269 403
f 408 280 417
f 275 280 408
f 409 410 419
f 419 410 420
f 409 421 411
f 409 419 421
f 411 422 412
f 411 421 422
f 412 423 413
f 412 422 423
f 413 424 414
f 413 423 424
f 415 414 425
f 425 414 424
f 426 416 584
f 426 427 416
f 427 282 277
f 427 277 416
f 285 428 417
f 285 417 280
f 417 429 418
f 417 428 429
f 418 429 420
f 429 419 420
f 429 430 419
f 419 431 421
f 419 430 431
f 433 422 432
f 422 431 432
f 422 421 431
f 434 422 433
f 434 423 422
f 435 424 441
f 424 434 441
f 424 423 434
f 424 435 425
f 436 442 426
f 442 427 426
f 442 286 282
f 442 282 427
f 289 428 285
f 437 428 289
f 429 428 437
f 439 430 438
f 430 437 438
f 430 429 437
f 430 439 431
f 431 439 440
f 431 440 432
f 442 444 443
f 442 443 290
f 286 442 290
f 443 292 290
f 295 445 437
f 295 437 289
f 438 437 446
f 446 437 445
f 443 444 447
f 447 444 448
f 443 449 292
f 447 449 443
f 449 297 292
f 299 445 295
f 446 445 450
f 450 445 299
f 447 448 451
f 451 448 609
f 447 452 449
f 447 451 452
f 452 300 297
f 452 297 449
f 304 453 302
f 453 450 302
f 450 299 302
f 304 454 453
f 457 456 455
f 459 458 455
f 455 458 457
f 458 459 609
f 459 451 609
f 459 460 451
f 451 306 452
f 451 460 306
f 306 300 452
f 462 461 313
f 313 461 308
f 461 454 308
f 454 304 308
f 464 463 462
f 462 463 461
f 316 465 464
f 464 465 463
f 316 466 465
f 468 467 471
f 468 471 456
f 471 455 456
f 471 469 455
f 469 309 310
f 459 469 310
f 455 469 459
f 459 310 311
f 459 311 460
f 460 311 312
f 460 312 306
f 462 313 314
f 462 314 464
f 464 314 316
f 470 466 316
f 318 470 316
f 471 467 472
f 471 473 469
f 473 319 309
f 473 309 469
f 474 470 318
f 474 318 320
f 475 320 322
f 475 474 320
f 477 476 322
f 476 475 322
f 471 472 478
f 478 472 479
f 473 478 324
f 471 478 473
f 473 324 319
f 325 477 322
f 325 480 477
f 326 480 325
f 484 326 327
f 484 480 326
f 478 479 481
f 481 328 324
f 481 324 478
f 483 482 330
f 483 330 329
f 327 330 484
f 330 482 484
f 485 481 486
f 485 331 328
f 485 328 481
f 488 487 333
f 488 333 334
f 329 333 483
f 483 333 487
f 486 489 485
f 489 335 485
f 335 331 485
f 491 490 338
f 491 338 337
f 334 338 488
f 488 338 490
f 492 489 493
f 492 339 335
f 492 335 489
f 495 494 343
f 495 343 342
f 337 343 491
f 491 343 494
f 497 496 493
f 496 492 493
f 496 498 492
f 498 344 339
f 498 339 492
f 500 499 345
f 499 346 345
f 501 346 499
f 347 501 502
f 346 501 347
f 503 348 347
f 503 347 502
f 348 503 504
f 505 348 504
f 349 348 505
f 342 349 495
f 495 349 505
f 496 497 506
f 506 497 507
f 496 508 498
f 496 506 508
f 508 351 344
f 508 344 498
f 352 353 509
f 510 352 509
f 354 352 510
f 345 355 500
f 355 510 500
f 355 354 510
f 501 511 502
f 502 511 503
f 503 511 512
f 503 512 504
f 506 507 513
f 513 507 514
f 513 356 357
f 508 513 357
f 506 513 508
f 508 357 351
f 358 359 515
f 517 358 515
f 358 518 353
f 358 517 518
f 353 518 509
f 513 514 360
f 514 519 360
f 513 360 356
f 521 520 363
f 515 364 516
f 364 520 516
f 364 363 520
f 364 515 359
f 519 522 360
f 360 523 365
f 522 523 360
f 365 524 366
f 523 524 365
f 366 525 368
f 524 525 366
f 368 676 369
f 525 676 368
f 363 369 521
f 521 369 676
f 371 372 526
f 372 527 526
f 372 528 527
f 529 372 373
f 529 528 372
f 531 530 375
f 530 373 375
f 530 529 373
f 531 532 530
f 533 534 526
f 534 377 371
f 534 371 526
f 536 535 531
f 375 536 531
f 379 536 375
f 531 535 532
f 538 533 537
f 538 534 533
f 539 380 377
f 534 539 377
f 538 539 534
f 380 539 540
f 541 380 540
f 381 380 541
f 379 381 536
f 536 381 541
f 538 701 539
f 539 701 542
f 539 542 540
f 543 545 544
f 550 549 567
f 552 551 550
f 550 551 549
f 554 553 552
f 552 553 551
f 554 555 553
f 559 558 556
f 556 558 557
f 396 560 559
f 559 560 558
f 560 396 544
f 396 543 544
f 396 561 543
f 384 562 383
f 562 543 383
f 543 561 383
f 543 562 545
f 385 546 547
f 562 385 547
f 384 385 562
f 385 563 546
f 387 563 385
f 565 564 389
f 564 387 389
f 564 563 387
f 565 566 564
f 568 390 391
f 567 568 391
f 550 567 391
f 550 391 392
f 550 392 552
f 552 392 394
f 554 552 394
f 555 554 569
f 554 394 569
f 571 570 569
f 570 571 557
f 571 556 557
f 571 572 556
f 556 573 559
f 556 572 573
f 573 395 396
f 559 573 396
f 396 397 561
f 561 397 383
f 402 574 565
f 402 565 389
f 566 565 575
f 575 565 574
f 390 577 576
f 390 568 577
f 576 404 390
f 394 405 406
f 394 406 569
f 569 406 407
f 569 407 571
f 571 407 408
f 578 571 408
f 572 571 578
f 572 579 573
f 572 578 579
f 579 410 395
f 579 395 573
f 415 580 574
f 415 574 402
f 575 574 581
f 581 574 580
f 583 582 577
f 582 576 577
f 582 584 576
f 584 404 576
f 417 578 408
f 578 417 418
f 579 578 418
f 418 420 410
f 418 410 579
f 586 585 580
f 415 586 580
f 425 586 415
f 580 585 581
f 582 583 587
f 587 583 588
f 584 587 426
f 582 587 584
f 432 589 433
f 589 434 433
f 441 590 435
f 590 591 435
f 591 425 435
f 591 586 425
f 587 588 592
f 592 588 593
f 587 594 426
f 592 594 587
f 594 436 426
f 599 439 438
f 439 595 440
f 599 595 439
f 432 440 589
f 440 596 589
f 440 595 596
f 589 596 434
f 596 441 434
f 596 597 441
f 441 597 590
f 593 755 592
f 598 592 755
f 598 594 592
f 444 442 436
f 594 444 436
f 598 444 594
f 446 600 599
f 438 446 599
f 600 601 599
f 755 602 598
f 604 603 602
f 603 598 602
f 603 444 598
f 603 448 444
f 450 605 600
f 450 600 446
f 601 600 606
f 600 607 606
f 600 605 607
f 607 608 606
f 603 604 609
f 609 604 765
f 609 448 603
f 453 605 450
f 605 453 454
f 610 605 454
f 607 605 610
f 608 607 611
f 607 612 611
f 607 610 612
f 612 613 611
f 616 615 614
f 456 457 614
f 457 616 614
f 457 617 616
f 458 609 765
f 617 458 765
f 457 458 617
f 461 610 454
f 610 461 463
f 610 463 612
f 618 613 612
f 463 618 612
f 465 618 463
f 465 466 618
f 618 466 619
f 614 615 468
f 615 467 468
f 615 620 467
f 614 468 456
f 621 619 466
f 621 466 470
f 474 622 470
f 622 621 470
f 474 623 622
f 620 472 467
f 624 472 620
f 625 623 474
f 475 625 474
f 626 475 476
f 626 625 475
f 628 627 477
f 627 476 477
f 627 626 476
f 630 629 628
f 628 629 627
f 630 631 629
f 479 624 632
f 472 624 479
f 480 628 477
f 628 480 484
f 628 484 630
f 484 631 630
f 484 633 631
f 634 632 635
f 634 481 479
f 634 479 632
f 482 483 636
f 638 482 636
f 482 639 484
f 638 639 482
f 633 484 639
f 634 635 640
f 640 635 641
f 640 486 481
f 640 481 634
f 637 636 487
f 488 637 487
f 642 637 488
f 487 636 483
f 644 643 641
f 641 643 640
f 643 489 640
f 640 489 486
f 646 645 490
f 646 490 491
f 488 490 642
f 642 490 645
f 643 644 647
f 647 644 796
f 647 493 489
f 647 489 643
f 649 648 494
f 649 494 495
f 491 494 646
f 646 494 648
f 647 796 497
f 796 650 497
f 647 497 493
f 500 651 499
f 652 501 499
f 652 499 651
f 504 653 505
f 653 495 505
f 653 649 495
f 507 650 654
f 497 650 507
f 509 656 510
f 651 500 510
f 656 651 510
f 657 651 656
f 651 658 652
f 651 657 658
f 659 511 501
f 652 659 501
f 658 659 652
f 660 512 511
f 660 511 659
f 660 661 512
f 512 661 504
f 661 662 504
f 662 653 504
f 654 655 663
f 663 655 664
f 663 514 507
f 663 507 654
f 665 515 516
f 666 515 665
f 515 667 517
f 666 667 515
f 517 668 518
f 667 668 517
f 509 518 656
f 518 669 656
f 518 668 669
f 656 669 657
f 657 669 670
f 657 670 658
f 658 670 671
f 658 671 659
f 659 671 672
f 659 672 660
f 660 672 673
f 660 673 661
f 663 664 674
f 674 664 675
f 674 519 514
f 674 514 663
f 678 677 676
f 676 677 665
f 676 665 516
f 521 676 516
f 520 521 516
f 674 675 679
f 679 675 680
f 681 522 519
f 674 681 519
f 679 681 674
f 522 681 682
f 523 522 682
f 523 683 524
f 682 683 523
f 524 684 525
f 683 684 524
f 676 684 678
f 676 525 684
f 680 685 679
f 679 685 681
f 681 685 686
f 681 686 682
f 690 689 687
f 687 689 688
f 526 527 690
f 527 689 690
f 527 691 689
f 692 527 528
f 692 691 527
f 693 528 529
f 693 692 528
f 694 529 530
f 694 693 529
f 530 532 694
f 694 532 695
f 690 696 533
f 687 696 690
f 690 533 526
f 698 697 535
f 698 535 536
f 532 535 695
f 695 535 697
f 696 699 533
f 699 537 533
f 699 700 537
f 702 701 538
f 537 702 538
f 700 702 537
f 703 540 701
f 703 701 702
f 703 541 540
f 704 541 703
f 536 541 698
f 698 541 704
f 542 701 540
f 709 708 707
f 711 710 707
f 707 710 709
f 713 712 711
f 711 712 710
f 715 714 713
f 713 714 712
f 715 716 714
f 719 718 717
f 721 720 717
f 717 720 719
f 722 723 721
f 721 723 720
f 725 724 705
f 724 706 705
f 724 726 706
f 706 727 708
f 706 726 727
f 727 707 708
f 727 728 707
f 707 560 711
f 707 728 560
f 713 560 544
f 711 560 713
f 713 544 545
f 715 713 545
f 546 729 547
f 729 715 547
f 715 545 547
f 715 729 716
f 731 730 546
f 730 729 546
f 731 732 730
f 717 718 567
f 718 548 567
f 718 733 548
f 717 567 549
f 717 549 721
f 721 549 551
f 721 551 722
f 734 723 722
f 551 734 722
f 553 734 551
f 735 724 555
f 724 734 555
f 734 553 555
f 724 725 734
f 724 736 726
f 724 735 736
f 727 736 557
f 726 736 727
f 727 557 558
f 727 558 728
f 728 558 560
f 545 562 547
f 563 731 546
f 737 732 731
f 563 737 731
f 564 737 563
f 564 566 737
f 737 566 738
f 567 548 739
f 548 740 739
f 548 733 740
f 739 568 567
f 569 735 555
f 735 569 570
f 735 570 736
f 736 570 557
f 575 738 566
f 575 741 738
f 739 740 742
f 742 740 884
f 742 577 568
f 742 568 739
f 744 743 581
f 743 741 581
f 741 575 581
f 742 884 583
f 884 745 583
f 742 583 577
f 744 581 585
f 586 744 585
f 746 744 586
f 588 745 750
f 583 745 588
f 749 748 591
f 748 746 591
f 746 586 591
f 751 588 750
f 593 588 751
f 752 596 595
f 752 595 599
f 596 752 753
f 754 596 753
f 597 596 754
f 591 590 749
f 590 754 749
f 590 597 754
f 593 756 755
f 593 751 756
f 757 599 601
f 759 752 758
f 752 757 758
f 752 599 757
f 752 759 753
f 756 760 755
f 760 761 602
f 755 760 602
f 761 604 602
f 606 757 601
f 763 762 608
f 608 762 606
f 762 758 606
f 758 757 606
f 763 764 762
f 765 761 766
f 765 604 761
f 611 763 608
f 613 767 611
f 767 764 611
f 764 763 611
f 615 616 769
f 616 770 769
f 617 765 766
f 770 617 766
f 616 617 770
f 618 767 613
f 619 771 618
f 771 768 618
f 768 767 618
f 619 772 771
f 773 620 615
f 773 615 769
f 774 772 619
f 621 774 619
f 622 774 621
f 775 622 623
f 775 774 622
f 623 776 775
f 777 773 778
f 777 624 620
f 777 620 773
f 779 776 623
f 625 779 623
f 626 779 625
f 780 626 627
f 780 779 626
f 781 627 629
f 781 780 627
f 783 782 631
f 782 629 631
f 782 781 629
f 783 784 782
f 777 778 632
f 778 785 632
f 777 632 624
f 633 786 783
f 633 783 631
f 784 783 786
f 785 635 632
f 792 635 785
f 788 787 636
f 788 636 637
f 636 789 638
f 787 789 636
f 638 790 639
f 789 790 638
f 633 639 786
f 639 791 786
f 639 790 791
f 635 792 641
f 642 788 637
f 792 793 644
f 793 794 644
f 792 644 641
f 795 942 645
f 795 645 646
f 642 645 942
f 794 797 796
f 644 794 796
f 649 798 648
f 798 799 648
f 799 646 648
f 799 795 646
f 796 797 800
f 800 797 801
f 800 650 796
f 803 662 802
f 803 804 798
f 653 803 798
f 649 653 798
f 662 803 653
f 798 804 799
f 800 801 654
f 801 655 654
f 801 805 655
f 800 654 650
f 661 953 662
f 953 802 662
f 807 806 820
f 805 807 820
f 664 805 820
f 655 805 664
f 809 808 665
f 665 810 666
f 808 810 665
f 666 811 667
f 810 811 666
f 811 813 812
f 668 811 812
f 667 811 668
f 814 669 668
f 814 668 812
f 669 814 815
f 816 669 815
f 670 669 816
f 670 817 671
f 816 817 670
f 671 818 672
f 817 818 671
f 672 819 673
f 818 819 672
f 661 673 953
f 953 673 819
f 821 664 820
f 675 664 821
f 677 678 822
f 823 677 822
f 824 677 823
f 665 677 809
f 809 677 824
f 813 960 812
f 812 960 814
f 814 960 825
f 814 825 815
f 821 680 675
f 826 680 821
f 827 682 830
f 683 682 827
f 684 827 822
f 684 683 827
f 684 822 678
f 826 828 680
f 680 828 685
f 685 829 686
f 828 829 685
f 682 686 830
f 686 829 830
f 687 688 831
f 688 832 831
f 688 833 832
f 834 688 689
f 834 833 688
f 835 689 691
f 835 834 689
f 836 691 692
f 836 835 691
f 837 692 693
f 837 836 692
f 838 693 694
f 838 837 693
f 694 695 838
f 838 695 839
f 840 696 687
f 840 687 831
f 697 698 841
f 842 697 841
f 843 697 842
f 695 697 839
f 839 697 843
f 840 844 696
f 844 699 696
f 844 845 699
f 699 846 700
f 845 846 699
f 700 847 702
f 846 847 700
f 702 848 703
f 847 848 702
f 704 848 841
f 704 703 848
f 704 841 698
f 852 851 849
f 849 851 850
f 854 853 852
f 852 853 851
f 856 855 854
f 854 855 853
f 858 857 856
f 856 857 855
f 858 859 857
f 865 864 863
f 705 865 863
f 705 866 865
f 868 867 706
f 867 705 706
f 867 866 705
f 867 868 849
f 868 708 849
f 708 709 849
f 849 709 710
f 849 710 852
f 852 710 712
f 852 712 854
f 854 712 714
f 854 714 856
f 856 714 716
f 858 856 716
f 859 858 869
f 858 870 869
f 858 716 870
f 872 871 870
f 870 871 869
f 875 874 873
f 875 873 861
f 861 873 860
f 873 718 860
f 718 719 860
f 719 876 860
f 720 876 719
f 876 723 862
f 720 723 876
f 734 877 723
f 877 862 723
f 877 734 864
f 864 734 863
f 734 725 863
f 863 725 705
f 708 868 706
f 716 729 730
f 716 730 870
f 870 730 732
f 878 870 732
f 872 870 878
f 879 872 878
f 718 873 874
f 880 718 874
f 733 718 880
f 737 878 732
f 737 738 878
f 738 879 878
f 738 881 879
f 880 740 733
f 882 740 880
f 741 881 738
f 741 883 881
f 882 885 884
f 740 882 884
f 887 886 743
f 887 743 744
f 741 743 883
f 883 743 886
f 884 885 888
f 888 885 889
f 888 745 884
f 746 887 744
f 746 890 887
f 888 889 750
f 889 747 750
f 889 891 747
f 888 750 745
f 749 892 748
f 892 746 748
f 892 890 746
f 750 747 893
f 747 894 893
f 747 891 894
f 893 751 750
f 895 754 753
f 749 754 892
f 754 896 892
f 754 895 896
f 893 894 900
f 900 894 901
f 900 756 751
f 900 751 893
f 758 902 759
f 902 903 759
f 903 753 759
f 903 895 753
f 898 904 897
f 897 904 899
f 901 906 905
f 901 905 760
f 900 901 760
f 756 900 760
f 905 761 760
f 762 902 758
f 762 764 902
f 764 903 902
f 764 907 903
f 905 906 908
f 908 906 909
f 908 766 761
f 908 761 905
f 910 907 764
f 910 764 767
f 767 768 910
f 909 911 908
f 911 769 908
f 769 770 908
f 908 770 766
f 912 768 771
f 914 913 772
f 913 771 772
f 913 912 771
f 914 915 913
f 911 917 769
f 917 773 769
f 774 914 772
f 914 774 775
f 914 775 915
f 776 918 775
f 918 916 775
f 916 915 775
f 920 919 776
f 776 919 918
f 922 921 920
f 920 921 919
f 917 778 773
f 923 778 917
f 776 779 780
f 776 780 920
f 920 780 781
f 920 781 922
f 781 924 922
f 782 924 781
f 926 925 784
f 925 782 784
f 925 924 782
f 926 927 925
f 923 785 778
f 928 785 923
f 930 929 926
f 784 930 926
f 786 930 784
f 926 929 927
f 792 928 931
f 785 928 792
f 934 933 787
f 934 787 788
f 787 935 789
f 933 935 787
f 789 936 790
f 935 936 789
f 790 937 791
f 936 937 790
f 786 791 930
f 930 791 937
f 931 932 793
f 932 938 793
f 931 793 792
f 642 934 788
f 642 939 934
f 794 938 940
f 793 938 794
f 943 942 795
f 642 942 939
f 940 941 797
f 941 944 797
f 940 797 794
f 948 947 945
f 948 945 946
f 948 943 947
f 943 799 947
f 943 795 799
f 944 801 797
f 949 801 944
f 951 950 802
f 945 803 946
f 803 950 946
f 803 802 950
f 803 945 804
f 804 945 947
f 804 947 799
f 949 805 801
f 952 805 949
f 954 802 953
f 951 802 954
f 955 1123 807
f 807 1123 806
f 807 805 952
f 807 952 955
f 957 956 808
f 957 808 809
f 808 958 810
f 956 958 808
f 810 959 811
f 958 959 810
f 1128 960 813
f 811 1128 813
f 959 1128 811
f 961 960 1128
f 962 1129 816
f 962 816 815
f 816 963 817
f 1129 963 816
f 817 964 818
f 963 964 817
f 953 819 954
f 819 964 954
f 819 818 964
f 820 806 965
f 806 966 965
f 806 1123 966
f 965 821 820
f 823 822 972
f 967 823 972
f 824 823 967
f 809 824 957
f 957 824 967
f 961 968 960
f 968 825 960
f 815 825 962
f 962 825 968
f 965 966 969
f 969 826 821
f 969 821 965
f 971 970 827
f 971 827 830
f 827 972 822
f 827 970 972
f 969 973 826
f 973 828 826
f 973 974 828
f 828 975 829
f 974 975 828
f 829 976 830
f 975 976 829
f 971 830 976
f 979 978 977
f 980 981 977
f 977 981 979
f 985 984 982
f 982 984 983
f 987 986 985
f 985 986 984
f 987 988 986
f 977 978 989
f 989 978 990
f 989 831 832
f 980 989 832
f 977 989 980
f 991 981 980
f 832 991 980
f 833 991 832
f 992 833 834
f 992 991 833
f 992 835 982
f 834 835 992
f 982 835 836
f 982 836 985
f 985 836 837
f 985 837 987
f 837 838 987
f 838 993 987
f 993 988 987
f 838 994 993
f 839 994 838
f 995 999 990
f 999 989 990
f 999 996 989
f 996 840 831
f 996 831 989
f 998 997 842
f 998 842 841
f 994 843 993
f 843 997 993
f 843 842 997
f 843 994 839
f 996 999 1000
f 996 1000 840
f 1000 844 840
f 1000 1001 844
f 1001 1003 1002
f 845 1001 1002
f 844 1001 845
f 1004 845 1002
f 846 845 1004
f 846 1005 847
f 1004 1005 846
f 847 1006 848
f 1005 1006 847
f 841 848 998
f 998 848 1006
f 1010 1009 1008
f 1010 1008 1007
f 1008 1011 1007
f 1007 1013 1012
f 1007 1011 1013
f 1013 1014 1012
f 1008 1009 1015
f 1015 1009 1192
f 1015 849 850
f 1011 1015 850
f 1008 1015 1011
f 1011 850 851
f 1011 851 1013
f 1016 1014 1013
f 851 1016 1013
f 853 1016 851
f 1017 853 855
f 1017 1016 853
f 1018 855 857
f 1018 1017 855
f 1019 857 859
f 1019 1018 857
f 1021 1020 861
f 876 1022 860
f 1022 861 860
f 1022 1021 861
f 862 1022 876
f 862 1023 1022
f 1023 862 1024
f 1025 1024 865
f 865 1024 864
f 1026 865 866
f 1026 1025 865
f 867 1015 1192
f 1026 867 1192
f 866 867 1026
f 1015 867 849
f 1027 1019 859
f 869 1027 859
f 871 1027 869
f 1029 1028 872
f 1028 871 872
f 1028 1027 871
f 1031 1030 875
f 875 1030 874
f 875 861 1020
f 875 1020 1031
f 1024 862 877
f 877 864 1024
f 879 1032 1029
f 879 1029 872
f 1030 1204 874
f 880 874 1204
f 880 1204 1033
f 881 1034 1032
f 881 1032 879
f 1035 1032 1034
f 882 1033 1036
f 880 1033 882
f 883 1038 1034
f 883 1034 881
f 1035 1034 1039
f 1039 1034 1038
f 1036 1037 885
f 1037 1040 885
f 1036 885 882
f 887 1041 886
f 1038 883 886
f 1041 1038 886
f 1042 1038 1041
f 1039 1038 1043
f 1043 1038 1042
f 1040 889 885
f 1044 889 1040
f 890 1045 1041
f 890 1041 887
f 1041 1046 1042
f 1041 1045 1046
f 1043 1042 1047
f 1047 1042 1046
f 1050 1049 1048
f 1059 1051 1048
f 1048 1051 1050
f 1044 891 889
f 1052 891 1044
f 1054 1053 1045
f 890 1054 1045
f 892 1054 890
f 1045 1053 1046
f 1046 1053 1055
f 1046 1055 1047
f 1048 1049 1056
f 1056 1049 1057
f 1059 1056 1058
f 1059 1048 1056
f 1052 894 891
f 1060 894 1052
f 1063 1062 1061
f 1062 895 1061
f 1064 895 1062
f 895 1064 896
f 892 896 1054
f 1054 896 1064
f 1056 1057 897
f 1057 898 897
f 1057 1065 898
f 1067 1066 899
f 899 1066 897
f 1066 1058 897
f 1058 1056 897
f 1067 1068 1066
f 1060 901 894
f 1069 901 1060
f 1070 1063 1061
f 1061 895 1070
f 895 1071 1070
f 895 903 1071
f 1065 1072 898
f 898 1072 904
f 904 1072 899
f 1072 1073 899
f 1073 1067 899
f 1073 1072 1074
f 1068 1067 1075
f 1075 1067 1073
f 1069 1076 901
f 906 901 1076
f 906 1076 1077
f 907 1071 903
f 907 1078 1071
f 1074 1079 1073
f 1073 1079 1075
f 1077 909 906
f 1080 909 1077
f 1081 1078 907
f 1081 907 910
f 910 768 1081
f 1081 768 1082
f 1080 911 909
f 1083 911 1080
f 1084 1082 768
f 1084 768 912
f 1085 912 913
f 1085 1084 912
f 1086 913 915
f 1086 1085 913
f 1088 1087 916
f 1087 915 916
f 1087 1086 915
f 1089 917 911
f 1083 1089 911
f 918 1088 916
f 918 1090 1088
f 919 1090 918
f 1091 919 921
f 1091 1090 919
f 1093 1092 922
f 1092 921 922
f 1092 1091 921
f 1093 1094 1092
f 1089 1096 917
f 1096 923 917
f 924 1093 922
f 1093 924 925
f 1093 925 1094
f 925 927 1094
f 927 1095 1094
f 927 1097 1095
f 1096 928 923
f 1098 928 1096
f 1101 1100 1099
f 1103 1102 1099
f 1103 1099 1100
f 929 930 1102
f 1103 929 1102
f 1104 929 1103
f 927 929 1097
f 1097 929 1104
f 931 1105 932
f 931 928 1098
f 931 1098 1105
f 1107 1106 933
f 1107 933 934
f 933 1108 935
f 1106 1108 933
f 1099 936 1101
f 936 1108 1101
f 936 935 1108
f 936 1099 937
f 937 1099 1102
f 937 1102 930
f 1105 938 932
f 1109 938 1105
f 939 1107 934
f 938 1110 940
f 1109 1110 938
f 1112 1111 942
f 1112 942 943
f 939 942 1111
f 1114 1113 940
f 1113 941 940
f 1113 944 941
f 1114 940 1110
f 1116 1115 946
f 946 1117 948
f 1115 1117 946
f 943 948 1112
f 1112 948 1117
f 1113 949 944
f 1118 949 1113
f 1120 1119 950
f 1120 950 951
f 946 950 1116
f 1116 950 1119
f 1118 952 949
f 1121 952 1118
f 954 1120 951
f 954 1122 1120
f 1124 1123 955
f 952 1124 955
f 1121 1124 952
f 1125 956 957
f 956 1126 958
f 1125 1126 956
f 958 1127 959
f 1126 1127 958
f 1127 1135 1128
f 959 1127 1128
f 1130 1129 962
f 1129 1131 963
f 963 1132 964
f 1131 1132 963
f 954 964 1122
f 1122 964 1132
f 1124 1133 1123
f 1133 966 1123
f 1134 967 972
f 957 967 1125
f 1125 967 1134
f 1128 1135 961
f 1135 968 961
f 1135 1136 968
f 962 968 1130
f 1130 968 1136
f 1133 969 966
f 1137 969 1133
f 970 971 1138
f 1139 970 1138
f 970 1140 972
f 1139 1140 970
f 1134 972 1140
f 1137 1141 969
f 969 1141 973
f 973 1142 974
f 1141 1142 973
f 974 1143 975
f 1142 1143 974
f 1138 976 1143
f 976 975 1143
f 976 1138 971
f 1145 1144 979
f 979 1144 978
f 1146 979 981
f 1146 1145 979
f 991 1147 981
f 1147 1146 981
f 991 1148 1147
f 982 983 1148
f 983 1149 1148
f 1150 983 984
f 1150 1149 983
f 1151 1150 988
f 1150 986 988
f 1150 984 986
f 1154 1153 1152
f 1144 1154 1152
f 990 1144 1152
f 978 1144 990
f 991 992 1148
f 1148 992 982
f 1155 1151 988
f 988 1156 1155
f 988 993 1156
f 1152 1153 995
f 1153 1157 995
f 1152 995 990
f 998 1158 997
f 1158 1159 997
f 1159 993 997
f 1159 1156 993
f 999 995 1160
f 995 1161 1160
f 995 1157 1161
f 1162 1000 999
f 1162 999 1160
f 1163 1001 1000
f 1163 1000 1162
f 1163 1003 1001
f 1002 1171 1004
f 1004 1171 1164
f 1005 1004 1164
f 1005 1165 1006
f 1164 1165 1005
f 998 1006 1158
f 1006 1166 1158
f 1006 1165 1166
f 1158 1166 1159
f 1161 1167 1160
f 1160 1167 1162
f 1162 1167 1168
f 1162 1168 1163
f 1163 1168 1169
f 1163 1169 1003
f 1169 1170 1003
f 1002 1003 1171
f 1003 1170 1171
f 1173 1379 1172
f 1007 1173 1172
f 1007 1174 1173
f 1174 1007 1175
f 1178 1177 1176
f 1176 1177 1382
f 1180 1179 1178
f 1178 1179 1177
f 1182 1181 1180
f 1180 1181 1179
f 1181 1182 1379
f 1379 1182 1172
f 1182 1009 1172
f 1009 1010 1172
f 1172 1010 1007
f 1183 1175 1007
f 1183 1007 1012
f 1184 1012 1014
f 1184 1183 1012
f 1014 1185 1184
f 1188 1187 1186
f 1188 1186 1382
f 1186 1176 1382
f 1186 1189 1176
f 1176 1190 1178
f 1176 1189 1190
f 1178 1191 1180
f 1178 1190 1191
f 1180 1192 1182
f 1180 1191 1192
f 1192 1009 1182
f 1193 1185 1014
f 1016 1193 1014
f 1017 1193 1016
f 1194 1017 1018
f 1194 1193 1017
f 1195 1018 1019
f 1195 1194 1018
f 1197 1196 1019
f 1196 1195 1019
f 1197 1198 1196
f 1201 1200 1021
f 1021 1200 1020
f 1022 1186 1187
f 1201 1022 1187
f 1021 1022 1201
f 1186 1022 1023
f 1186 1023 1189
f 1189 1023 1024
f 1190 1189 1024
f 1191 1024 1025
f 1190 1024 1191
f 1191 1025 1026
f 1191 1026 1192
f 1027 1197 1019
f 1197 1027 1028
f 1197 1028 1198
f 1203 1202 1029
f 1029 1202 1028
f 1202 1199 1028
f 1199 1198 1028
f 1204 1030 1031
f 1205 1204 1031
f 1020 1205 1031
f 1200 1205 1020
f 1032 1206 1203
f 1032 1203 1029
f 1205 1033 1204
f 1207 1033 1205
f 1035 1206 1032
f 1208 1206 1035
f 1209 1037 1036
f 1210 1209 1036
f 1033 1210 1036
f 1207 1210 1033
f 1208 1035 1213
f 1213 1035 1039
f 1211 1040 1209
f 1209 1040 1037
f 1209 1210 1212
f 1209 1212 1211
f 1214 1213 1039
f 1043 1214 1039
f 1215 1040 1211
f 1215 1044 1040
f 1215 1211 1212
f 1047 1214 1043
f 1047 1216 1214
f 1218 1217 1050
f 1050 1217 1049
f 1219 1050 1051
f 1219 1218 1050
f 1221 1220 1059
f 1220 1051 1059
f 1220 1219 1051
f 1221 1222 1220
f 1223 1052 1418
f 1052 1215 1418
f 1052 1044 1215
f 1224 1223 1418
f 1226 1225 1053
f 1226 1053 1054
f 1225 1227 1238
f 1055 1225 1238
f 1053 1225 1055
f 1238 1228 1055
f 1228 1047 1055
f 1228 1216 1047
f 1217 1057 1049
f 1229 1057 1217
f 1058 1230 1059
f 1230 1221 1059
f 1231 1221 1230
f 1222 1221 1232
f 1232 1221 1231
f 1233 1060 1223
f 1223 1060 1052
f 1223 1224 1437
f 1223 1437 1233
f 1063 1234 1062
f 1062 1234 1235
f 1236 1062 1235
f 1064 1062 1236
f 1236 1237 1064
f 1054 1064 1226
f 1226 1064 1237
f 1229 1065 1057
f 1239 1065 1229
f 1066 1230 1058
f 1231 1230 1240
f 1230 1068 1240
f 1068 1241 1240
f 1068 1230 1066
f 1231 1240 1232
f 1242 1069 1233
f 1233 1069 1060
f 1233 1437 1243
f 1233 1243 1242
f 1070 1234 1063
f 1245 1244 1071
f 1071 1244 1070
f 1244 1235 1070
f 1235 1234 1070
f 1245 1246 1244
f 1072 1065 1247
f 1065 1248 1247
f 1065 1239 1248
f 1247 1074 1072
f 1075 1241 1068
f 1075 1249 1241
f 1242 1076 1069
f 1077 1076 1242
f 1243 1077 1242
f 1250 1077 1243
f 1078 1251 1245
f 1078 1245 1071
f 1246 1245 1252
f 1252 1245 1251
f 1247 1248 1253
f 1253 1248 1254
f 1247 1253 1074
f 1253 1255 1074
f 1255 1079 1074
f 1253 1256 1255
f 1075 1079 1249
f 1249 1079 1255
f 1250 1080 1077
f 1257 1080 1250
f 1081 1251 1078
f 1259 1258 1082
f 1082 1258 1081
f 1258 1252 1081
f 1252 1251 1081
f 1261 1260 1259
f 1259 1260 1258
f 1261 1262 1260
f 1254 1263 1253
f 1253 1263 1256
f 1257 1083 1080
f 1264 1083 1257
f 1084 1259 1082
f 1259 1084 1085
f 1259 1085 1261
f 1265 1262 1261
f 1085 1265 1261
f 1086 1265 1085
f 1266 1086 1087
f 1266 1265 1086
f 1268 1267 1088
f 1267 1087 1088
f 1267 1266 1087
f 1270 1269 1268
f 1268 1269 1267
f 1270 1271 1269
f 1264 1089 1083
f 1272 1089 1264
f 1090 1268 1088
f 1268 1090 1091
f 1268 1091 1270
f 1273 1271 1270
f 1091 1273 1270
f 1092 1273 1091
f 1275 1273 1274
f 1273 1094 1274
f 1273 1092 1094
f 1095 1274 1094
f 1276 1096 1089
f 1277 1276 1089
f 1272 1277 1089
f 1280 1279 1278
f 1282 1281 1278
f 1282 1278 1279
f 1284 1283 1281
f 1284 1281 1282
f 1283 1284 1275
f 1274 1283 1275
f 1285 1283 1274
f 1097 1285 1095
f 1095 1285 1274
f 1286 1098 1276
f 1276 1098 1096
f 1276 1277 1287
f 1276 1287 1286
f 1290 1289 1288
f 1288 1289 1280
f 1278 1288 1280
f 1291 1288 1278
f 1101 1291 1100
f 1291 1281 1100
f 1291 1278 1281
f 1100 1281 1103
f 1103 1281 1283
f 1103 1283 1104
f 1104 1283 1285
f 1104 1285 1097
f 1098 1286 1105
f 1286 1292 1105
f 1286 1293 1292
f 1286 1287 1294
f 1286 1294 1293
f 1290 1288 1106
f 1107 1290 1106
f 1295 1290 1107
f 1106 1288 1108
f 1108 1288 1291
f 1108 1291 1101
f 1296 1109 1292
f 1292 1109 1105
f 1297 1292 1293
f 1296 1292 1297
f 1293 1294 1298
f 1293 1298 1297
f 939 1295 1107
f 939 1299 1295
f 1300 1491 1296
f 1491 1109 1296
f 1491 1110 1109
f 1300 1296 1297
f 1300 1297 1301
f 1301 1297 1298
f 1303 1302 1111
f 1303 1111 1112
f 939 1111 1299
f 1299 1111 1302
f 1110 1304 1114
f 1491 1304 1110
f 1306 1305 1115
f 1306 1115 1116
f 1115 1307 1117
f 1305 1307 1115
f 1112 1117 1303
f 1303 1117 1307
f 1309 1308 1114
f 1308 1113 1114
f 1308 1118 1113
f 1309 1114 1304
f 1311 1310 1119
f 1311 1119 1120
f 1116 1119 1306
f 1306 1119 1310
f 1308 1121 1118
f 1312 1121 1308
f 1122 1311 1120
f 1122 1313 1311
f 1312 1124 1121
f 1314 1124 1312
f 1316 1126 1125
f 1316 1125 1315
f 1317 1127 1126
f 1317 1126 1316
f 1317 1135 1127
f 1129 1130 1318
f 1319 1129 1318
f 1320 1129 1319
f 1129 1321 1131
f 1320 1321 1129
f 1131 1322 1132
f 1321 1322 1131
f 1122 1132 1313
f 1313 1132 1322
f 1323 1133 1124
f 1324 1323 1124
f 1314 1324 1124
f 1315 1125 1134
f 1325 1315 1134
f 1326 1315 1325
f 1327 1316 1336
f 1316 1326 1336
f 1316 1315 1326
f 1316 1327 1317
f 1317 1327 1328
f 1317 1328 1135
f 1328 1329 1135
f 1136 1329 1318
f 1136 1135 1329
f 1136 1318 1130
f 1331 1330 1323
f 1330 1133 1323
f 1330 1137 1133
f 1331 1323 1324
f 1138 1143 1519
f 1332 1138 1519
f 1138 1333 1139
f 1332 1333 1138
f 1139 1334 1140
f 1333 1334 1139
f 1134 1140 1325
f 1140 1335 1325
f 1140 1334 1335
f 1325 1335 1326
f 1326 1335 1336
f 1330 1337 1137
f 1137 1337 1141
f 1141 1338 1142
f 1337 1338 1141
f 1143 1338 1519
f 1143 1142 1338
f 1340 1531 1339
f 1342 1341 1339
f 1339 1341 1340
f 1344 1343 1342
f 1342 1343 1341
f 1346 1345 1344
f 1344 1345 1343
f 1346 1347 1345
f 1350 1349 1145
f 1145 1349 1144
f 1146 1339 1531
f 1350 1146 1531
f 1145 1146 1350
f 1339 1146 1147
f 1339 1147 1342
f 1342 1147 1148
f 1342 1148 1344
f 1344 1148 1149
f 1344 1149 1346
f 1346 1149 1150
f 1346 1150 1347
f 1150 1151 1347
f 1151 1348 1347
f 1151 1351 1348
f 1154 1352 1153
f 1154 1144 1349
f 1154 1349 1352
f 1353 1351 1151
f 1353 1151 1155
f 1155 1156 1353
f 1353 1156 1354
f 1357 1356 1355
f 1352 1357 1355
f 1157 1352 1355
f 1153 1352 1157
f 1159 1359 1358
f 1354 1159 1358
f 1156 1159 1354
f 1355 1356 1360
f 1360 1356 1361
f 1360 1161 1157
f 1360 1157 1355
f 1373 1165 1164
f 1374 1166 1165
f 1374 1165 1373
f 1374 1362 1166
f 1166 1362 1159
f 1362 1363 1159
f 1363 1359 1159
f 1360 1361 1364
f 1364 1361 1365
f 1366 1167 1161
f 1360 1366 1161
f 1364 1366 1360
f 1367 1168 1167
f 1367 1167 1366
f 1368 1169 1168
f 1368 1168 1367
f 1369 1170 1169
f 1369 1169 1368
f 1170 1369 1370
f 1371 1170 1370
f 1171 1170 1371
f 1171 1372 1164
f 1171 1371 1372
f 1164 1372 1373
f 1365 1375 1364
f 1364 1375 1366
f 1366 1375 1376
f 1366 1376 1367
f 1367 1376 1368
f 1368 1376 1377
f 1368 1377 1369
f 1369 1377 1378
f 1369 1378 1370
f 1173 1380 1379
f 1173 1174 1380
f 1183 1381 1175
f 1381 1174 1175
f 1381 1380 1174
f 1382 1384 1383
f 1382 1177 1384
f 1385 1177 1179
f 1385 1384 1177
f 1386 1179 1181
f 1386 1385 1179
f 1387 1181 1379
f 1386 1181 1387
f 1388 1381 1183
f 1184 1388 1183
f 1389 1184 1185
f 1389 1388 1184
f 1185 1390 1389
f 1395 1394 1188
f 1188 1394 1187
f 1396 1188 1382
f 1395 1188 1396
f 1396 1382 1383
f 1397 1390 1185
f 1193 1397 1185
f 1194 1397 1193
f 1398 1194 1195
f 1398 1397 1194
f 1399 1195 1196
f 1399 1398 1195
f 1198 1391 1392
f 1399 1198 1392
f 1196 1198 1399
f 1199 1400 1198
f 1400 1393 1198
f 1393 1391 1198
f 1403 1402 1201
f 1201 1402 1200
f 1201 1187 1394
f 1201 1394 1403
f 1202 1400 1199
f 1405 1404 1203
f 1203 1404 1202
f 1404 1401 1202
f 1401 1400 1202
f 1402 1205 1200
f 1406 1205 1402
f 1206 1407 1405
f 1206 1405 1203
f 1408 1405 1407
f 1406 1207 1205
f 1643 1207 1406
f 1208 1412 1407
f 1208 1407 1206
f 1408 1407 1409
f 1409 1407 1412
f 1410 1210 1643
f 1210 1207 1643
f 1411 1410 1643
f 1208 1413 1412
f 1213 1413 1208
f 1414 1212 1410
f 1410 1212 1210
f 1410 1411 1415
f 1410 1415 1414
f 1214 1416 1213
f 1416 1417 1213
f 1417 1413 1213
f 1212 1414 1215
f 1414 1418 1215
f 1414 1419 1418
f 1414 1415 1420
f 1414 1420 1419
f 1216 1421 1416
f 1216 1416 1214
f 1417 1416 1422
f 1422 1416 1421
f 1423 1217 1218
f 1219 1424 1218
f 1218 1424 1423
f 1424 1219 1425
f 1219 1220 1425
f 1220 1222 1425
f 1418 1426 1224
f 1418 1419 1426
f 1419 1420 1427
f 1419 1427 1426
f 1226 1428 1225
f 1428 1227 1225
f 1228 1429 1421
f 1228 1421 1216
f 1422 1421 1430
f 1421 1431 1430
f 1421 1429 1431
f 1433 1432 1431
f 1431 1432 1430
f 1434 1432 1423
f 1432 1229 1423
f 1229 1217 1423
f 1432 1433 1229
f 1434 1423 1424
f 1434 1424 1435
f 1435 1424 1425
f 1232 1425 1222
f 1232 1436 1425
f 1426 1437 1224
f 1426 1427 1438
f 1426 1438 1437
f 1235 1439 1236
f 1440 1237 1236
f 1440 1236 1439
f 1428 1226 1237
f 1440 1428 1237
f 1441 1428 1440
f 1442 1238 1227
f 1428 1442 1227
f 1441 1442 1428
f 1429 1228 1238
f 1442 1429 1238
f 1443 1429 1442
f 1429 1444 1431
f 1429 1443 1444
f 1431 1445 1433
f 1431 1444 1445
f 1445 1239 1229
f 1445 1229 1433
f 1241 1446 1240
f 1446 1447 1240
f 1447 1232 1240
f 1447 1436 1232
f 1448 1243 1437
f 1448 1437 1438
f 1244 1439 1235
f 1439 1244 1246
f 1449 1439 1246
f 1440 1439 1449
f 1450 1441 1449
f 1441 1440 1449
f 1441 1450 1442
f 1442 1450 1451
f 1442 1451 1443
f 1443 1451 1452
f 1443 1452 1444
f 1444 1452 1453
f 1455 1454 1453
f 1454 1444 1453
f 1454 1445 1444
f 1454 1248 1239
f 1454 1239 1445
f 1249 1456 1446
f 1249 1446 1241
f 1447 1446 1457
f 1457 1446 1456
f 1448 1250 1243
f 1458 1250 1448
f 1252 1449 1246
f 1459 1449 1252
f 1454 1455 1460
f 1460 1455 1461
f 1460 1254 1248
f 1460 1248 1454
f 1463 1462 1255
f 1463 1255 1256
f 1249 1255 1456
f 1255 1464 1456
f 1255 1462 1464
f 1456 1464 1457
f 1458 1257 1250
f 1465 1257 1458
f 1466 1459 1252
f 1258 1466 1252
f 1260 1466 1258
f 1467 1260 1262
f 1467 1466 1260
f 1461 1468 1460
f 1460 1468 1254
f 1468 1263 1254
f 1468 1469 1263
f 1256 1263 1463
f 1463 1263 1469
f 1465 1264 1257
f 1470 1467 1262
f 1265 1470 1262
f 1266 1470 1265
f 1471 1266 1267
f 1471 1470 1266
f 1472 1267 1269
f 1472 1471 1267
f 1273 1473 1271
f 1473 1269 1271
f 1473 1472 1269
f 1273 1474 1473
f 1465 1272 1264
f 1475 1272 1465
f 1478 1477 1476
f 1477 1478 1275
f 1478 1474 1275
f 1273 1275 1474
f 1475 1277 1272
f 1479 1277 1475
f 1482 1481 1480
f 1279 1280 1480
f 1481 1279 1480
f 1483 1279 1481
f 1279 1484 1282
f 1483 1484 1279
f 1477 1284 1476
f 1284 1484 1476
f 1284 1282 1484
f 1284 1477 1275
f 1479 1287 1277
f 1485 1287 1479
f 1482 1480 1289
f 1290 1482 1289
f 1486 1482 1290
f 1289 1480 1280
f 1485 1294 1287
f 1487 1294 1485
f 1295 1486 1290
f 1295 1488 1486
f 1487 1298 1294
f 1489 1298 1487
f 1299 1488 1295
f 1299 1490 1488
f 1491 1300 1717
f 1300 1492 1717
f 1300 1301 1492
f 1301 1298 1489
f 1301 1489 1492
f 1303 1493 1302
f 1493 1494 1302
f 1494 1299 1302
f 1494 1490 1299
f 1495 1304 1491
f 1491 1717 1495
f 1497 1496 1305
f 1497 1305 1306
f 1305 1498 1307
f 1496 1498 1305
f 1303 1307 1493
f 1307 1499 1493
f 1307 1498 1499
f 1493 1499 1494
f 1727 1309 1304
f 1500 1727 1304
f 1495 1500 1304
f 1310 1311 1501
f 1502 1310 1501
f 1503 1310 1502
f 1306 1310 1497
f 1497 1310 1503
f 1505 1504 1309
f 1504 1308 1309
f 1504 1312 1308
f 1505 1309 1727
f 1508 1507 1506
f 1506 1507 1502
f 1501 1506 1502
f 1509 1506 1501
f 1313 1509 1311
f 1311 1509 1501
f 1504 1314 1312
f 1510 1314 1504
f 1512 1511 1319
f 1512 1319 1318
f 1319 1513 1320
f 1511 1513 1319
f 1506 1321 1508
f 1321 1513 1508
f 1321 1320 1513
f 1321 1506 1322
f 1322 1506 1509
f 1322 1509 1313
f 1510 1324 1314
f 1514 1324 1510
f 1515 1327 1336
f 1327 1516 1328
f 1515 1516 1327
f 1328 1517 1329
f 1516 1517 1328
f 1318 1329 1512
f 1512 1329 1517
f 1324 1518 1331
f 1514 1518 1324
f 1520 1332 1519
f 1332 1520 1521
f 1522 1332 1521
f 1333 1332 1522
f 1333 1523 1334
f 1522 1523 1333
f 1334 1524 1335
f 1523 1524 1334
f 1335 1525 1336
f 1524 1525 1335
f 1515 1336 1525
f 1331 1337 1330
f 1338 1337 1331
f 1526 1338 1331
f 1518 1526 1331
f 1527 1338 1526
f 1338 1527 1519
f 1527 1528 1519
f 1519 1528 1520
f 1520 1528 1529
f 1520 1529 1521
f 1526 1530 1527
f 1531 1340 1532
f 1340 1341 1532
f 1533 1341 1343
f 1533 1532 1341
f 1534 1343 1345
f 1534 1533 1343
f 1535 1345 1347
f 1535 1534 1345
f 1347 1348 1535
f 1535 1348 1536
f 1538 1537 1350
f 1350 1537 1349
f 1539 1350 1531
f 1538 1350 1539
f 1539 1531 1532
f 1351 1536 1348
f 1351 1540 1536
f 1352 1349 1537
f 1352 1537 1541
f 1542 1540 1351
f 1542 1351 1353
f 1353 1354 1542
f 1542 1354 1543
f 1545 1544 1357
f 1357 1544 1356
f 1357 1352 1541
f 1357 1541 1545
f 1546 1543 1354
f 1546 1354 1358
f 1550 1358 1359
f 1550 1546 1358
f 1544 1361 1356
f 1547 1361 1544
f 1362 1548 1363
f 1548 1549 1363
f 1363 1549 1359
f 1549 1550 1359
f 1547 1552 1551
f 1365 1547 1551
f 1361 1547 1365
f 1370 1553 1371
f 1554 1372 1371
f 1554 1371 1553
f 1555 1373 1372
f 1555 1372 1554
f 1556 1374 1373
f 1556 1373 1555
f 1556 1557 1374
f 1374 1557 1362
f 1557 1558 1362
f 1558 1548 1362
f 1548 1558 1549
f 1551 1552 1559
f 1559 1552 1560
f 1561 1375 1365
f 1551 1561 1365
f 1559 1561 1551
f 1562 1376 1375
f 1562 1375 1561
f 1563 1376 1562
f 1564 1377 1376
f 1564 1376 1563
f 1565 1378 1377
f 1565 1377 1564
f 1553 1370 1378
f 1565 1553 1378
f 1566 1553 1565
f 1553 1567 1554
f 1553 1566 1567
f 1568 1555 1578
f 1555 1567 1578
f 1555 1554 1567
f 1555 1568 1556
f 1556 1568 1569
f 1556 1569 1557
f 1559 1560 1570
f 1570 1560 1571
f 1559 1572 1561
f 1559 1570 1572
f 1561 1573 1562
f 1561 1572 1573
f 1562 1574 1563
f 1562 1573 1574
f 1563 1575 1564
f 1563 1574 1575
f 1564 1576 1565
f 1564 1575 1576
f 1566 1576 1577
f 1566 1565 1576
f 1566 1577 1567
f 1567 1577 1578
f 1581 1580 1579
f 1581 1579 1571
f 1579 1570 1571
f 1579 1582 1570
f 1570 1583 1572
f 1570 1582 1583
f 1572 1584 1573
f 1572 1583 1584
f 1573 1585 1574
f 1573 1584 1585
f 1587 1575 1586
f 1575 1585 1586
f 1575 1574 1585
f 1575 1587 1576
f 1576 1587 1588
f 1576 1588 1577
f 1579 1580 1589
f 1589 1580 1590
f 1579 1591 1582
f 1579 1589 1591
f 1582 1592 1583
f 1582 1591 1592
f 1583 1593 1584
f 1583 1592 1593
f 1584 1594 1585
f 1584 1593 1594
f 1586 1585 1600
f 1600 1585 1594
f 1589 1590 1595
f 1595 1590 1596
f 1589 1597 1591
f 1589 1595 1597
f 1591 1598 1592
f 1591 1597 1598
f 1592 1599 1593
f 1592 1598 1599
f 1600 1594 1599
f 1594 1593 1599
f 1595 1596 1601
f 1601 1596 1602
f 1595 1603 1597
f 1595 1601 1603
f 1597 1604 1598
f 1597 1603 1604
f 1822 1599 1604
f 1599 1598 1604
f 1602 1605 1601
f 1601 1605 1603
f 1603 1605 1606
f 1603 1606 1604
f 1607 1379 1380
f 1380 1608 1607
f 1380 1381 1608
f 1388 1609 1381
f 1609 1608 1381
f 1388 1610 1609
f 1614 1613 1612
f 1616 1615 1612
f 1612 1615 1614
f 1618 1617 1616
f 1616 1617 1615
f 1618 1619 1617
f 1620 1383 1384
f 1385 1621 1384
f 1384 1621 1620
f 1621 1385 1622
f 1385 1623 1622
f 1385 1386 1623
f 1624 1386 1387
f 1624 1623 1386
f 1387 1379 1607
f 1624 1387 1607
f 1388 1389 1610
f 1625 1613 1390
f 1390 1613 1389
f 1613 1611 1389
f 1611 1610 1389
f 1625 1612 1613
f 1625 1626 1612
f 1612 1627 1616
f 1612 1626 1627
f 1627 1392 1391
f 1618 1627 1391
f 1616 1627 1618
f 1393 1628 1391
f 1628 1619 1391
f 1619 1618 1391
f 1630 1394 1395
f 1630 1395 1631
f 1395 1632 1631
f 1395 1396 1632
f 1396 1383 1620
f 1633 1396 1620
f 1632 1396 1633
f 1633 1620 1621
f 1397 1625 1390
f 1625 1397 1398
f 1625 1398 1626
f 1626 1398 1399
f 1626 1399 1627
f 1627 1399 1392
f 1400 1628 1393
f 1400 1401 1628
f 1401 1629 1628
f 1401 1634 1629
f 1635 1402 1403
f 1636 1635 1403
f 1636 1403 1394
f 1637 1636 1394
f 1630 1637 1394
f 1637 1630 1631
f 1638 1634 1401
f 1638 1401 1404
f 1404 1405 1638
f 1638 1405 1639
f 1640 1406 1635
f 1635 1406 1402
f 1635 1636 1641
f 1635 1641 1640
f 1408 1639 1405
f 1408 1642 1639
f 1640 1643 1406
f 1640 1641 1644
f 1640 1644 1643
f 1646 1642 1645
f 1642 1409 1645
f 1642 1408 1409
f 1644 1411 1643
f 1647 1411 1644
f 1650 1649 1648
f 1648 1649 1646
f 1648 1646 1645
f 1413 1648 1645
f 1412 1413 1645
f 1412 1645 1409
f 1647 1415 1411
f 1651 1415 1647
f 1650 1648 1652
f 1650 1652 1653
f 1417 1652 1413
f 1413 1652 1648
f 1420 1651 1654
f 1420 1415 1651
f 1655 1653 1652
f 1652 1417 1655
f 1417 1656 1655
f 1417 1422 1656
f 1657 1427 1654
f 1654 1427 1420
f 1654 1658 1657
f 1659 1656 1422
f 1659 1422 1430
f 1660 1430 1432
f 1660 1659 1430
f 1661 1432 1434
f 1661 1660 1432
f 1662 1434 1435
f 1662 1661 1434
f 1662 1435 1425
f 1663 1662 1425
f 1662 1663 1664
f 1436 1663 1425
f 1666 1665 1657
f 1665 1427 1657
f 1665 1438 1427
f 1666 1657 1658
f 1667 1664 1663
f 1663 1436 1667
f 1436 1668 1667
f 1436 1447 1668
f 1438 1669 1448
f 1665 1669 1438
f 1449 1670 1450
f 1671 1451 1450
f 1671 1450 1670
f 1672 1452 1451
f 1672 1451 1671
f 1673 1453 1452
f 1673 1452 1672
f 1673 1455 1453
f 1457 1668 1447
f 1457 1674 1668
f 1669 1675 1448
f 1675 1458 1448
f 1459 1670 1449
f 1670 1676 1671
f 1670 1459 1676
f 1671 1677 1672
f 1671 1676 1677
f 1672 1678 1673
f 1672 1677 1678
f 1678 1461 1455
f 1678 1455 1673
f 1463 1679 1462
f 1680 1464 1462
f 1680 1462 1679
f 1674 1457 1681
f 1457 1680 1681
f 1680 1689 1681
f 1457 1464 1680
f 1675 1465 1458
f 1903 1465 1675
f 1459 1466 1467
f 1459 1467 1676
f 1682 1676 1467
f 1677 1676 1682
f 1677 1683 1678
f 1677 1682 1683
f 1684 1468 1461
f 1678 1684 1461
f 1683 1684 1678
f 1685 1469 1468
f 1685 1468 1684
f 1679 1463 1469
f 1685 1679 1469
f 1686 1679 1685
f 1688 1680 1687
f 1680 1686 1687
f 1680 1679 1686
f 1680 1688 1689
f 1470 1682 1467
f 1682 1470 1471
f 1682 1471 1683
f 1683 1471 1472
f 1683 1472 1684
f 1684 1472 1473
f 1684 1473 1685
f 1686 1685 1690
f 1685 1474 1690
f 1474 1691 1690
f 1474 1685 1473
f 1686 1690 1687
f 1903 1475 1465
f 1692 1475 1903
f 1695 1694 1693
f 1693 1694 1909
f 1696 1693 1909
f 1698 1909 1697
f 1696 1909 1698
f 1918 1698 1697
f 1700 1699 1478
f 1700 1478 1476
f 1474 1478 1691
f 1691 1478 1699
f 1692 1479 1475
f 1701 1479 1692
f 1702 1695 1693
f 1702 1693 1696
f 1702 1696 1703
f 1703 1696 1698
f 1703 1698 1704
f 1481 1482 1705
f 1698 1918 1704
f 1481 1705 1706
f 1707 1481 1706
f 1483 1481 1707
f 1483 1708 1484
f 1707 1708 1483
f 1476 1484 1700
f 1700 1484 1708
f 1701 1485 1479
f 1709 1485 1701
f 1711 1710 1705
f 1482 1711 1705
f 1486 1711 1482
f 1705 1710 1706
f 1709 1487 1485
f 1712 1487 1709
f 1488 1711 1486
f 1488 1713 1711
f 1489 1712 1714
f 1489 1487 1712
f 1490 1713 1488
f 1490 1716 1713
f 1718 1717 1492
f 1718 1492 1489
f 1714 1718 1489
f 1494 1716 1490
f 1494 1719 1716
f 1720 1495 1717
f 1717 1718 1721
f 1717 1721 1720
f 1496 1497 1722
f 1723 1496 1722
f 1496 1724 1498
f 1723 1724 1496
f 1499 1724 1725
f 1498 1724 1499
f 1725 1726 1499
f 1726 1494 1499
f 1726 1719 1494
f 1728 1727 1500
f 1728 1500 1495
f 1720 1728 1495
f 1730 1729 1502
f 1722 1503 1729
f 1503 1502 1729
f 1503 1722 1497
f 1731 1505 1727
f 1732 1731 1727
f 1732 1727 1728
f 1507 1508 1733
f 1734 1507 1733
f 1735 1507 1734
f 1502 1507 1730
f 1730 1507 1735
f 1737 1736 1505
f 1736 1504 1505
f 1736 1510 1504
f 1737 1505 1731
f 1748 1738 1511
f 1748 1511 1512
f 1513 1738 1733
f 1513 1511 1738
f 1513 1733 1508
f 1736 1514 1510
f 1739 1514 1736
f 1742 1741 1740
f 1744 1743 1740
f 1744 1740 1741
f 1981 1743 1744
f 1746 1745 1515
f 1515 1747 1516
f 1745 1747 1515
f 1516 1748 1517
f 1747 1748 1516
f 1512 1517 1748
f 1739 1518 1514
f 1749 1518 1739
f 1751 1750 1522
f 1751 1522 1521
f 1740 1523 1742
f 1523 1750 1742
f 1523 1522 1750
f 1523 1740 1524
f 1524 1740 1743
f 1981 1752 1743
f 1752 1524 1743
f 1752 1525 1524
f 1515 1525 1746
f 1746 1525 1752
f 1749 1526 1518
f 1753 1526 1749
f 1527 1754 1528
f 1528 1754 1755
f 1756 1528 1755
f 1529 1528 1756
f 1521 1529 1751
f 1751 1529 1756
f 1759 1758 1757
f 1757 1760 1530
f 1753 1757 1530
f 1526 1753 1530
f 1757 1753 1759
f 1754 1527 1530
f 1760 1754 1530
f 1761 1754 1760
f 1755 1754 1762
f 1762 1754 1761
f 1757 1758 1763
f 1763 1758 1764
f 1757 1765 1760
f 1757 1763 1765
f 1766 1761 1768
f 1761 1765 1768
f 1761 1760 1765
f 1761 1766 1762
f 1764 1767 1763
f 1763 1767 1765
f 1765 1767 1768
f 1533 1770 1532
f 1532 1770 1769
f 1770 1533 1771
f 1533 1772 1771
f 1533 1534 1772
f 1773 1534 1535
f 1773 1772 1534
f 1535 1536 1773
f 1773 1536 1774
f 1775 1537 1538
f 1775 1538 1776
f 1538 1777 1776
f 1538 1539 1777
f 1539 1532 1769
f 1777 1539 1769
f 1769 1770 1778
f 1778 1770 1771
f 1540 1774 1536
f 1540 1779 1774
f 1781 1780 1541
f 1781 1541 1537
f 1775 1781 1537
f 1781 1775 1776
f 1782 1779 1540
f 1782 1540 1542
f 1542 1543 1782
f 1783 1544 1545
f 1784 1783 1545
f 1784 1545 1541
f 1785 1784 1541
f 1780 1785 1541
f 1785 1780 1781
f 1786 1782 1543
f 1786 1543 1546
f 1787 1786 1550
f 1786 1546 1550
f 1789 1788 1783
f 1788 1544 1783
f 1788 1547 1544
f 1789 1783 1784
f 1549 1787 1550
f 1790 1787 1549
f 1547 1791 1552
f 1788 1791 1547
f 1557 1798 1558
f 1798 1792 1558
f 1792 1549 1558
f 1792 1790 1549
f 1794 1793 1552
f 1793 1560 1552
f 1794 1552 1791
f 1578 1795 1568
f 1568 1795 1796
f 1797 1568 1796
f 1569 1568 1797
f 1557 1569 1798
f 1569 1797 1798
f 1571 1793 1799
f 1560 1793 1571
f 1802 1578 1577
f 1802 1577 1801
f 1802 1795 1578
f 1803 1795 1802
f 1796 1795 1804
f 1804 1795 1803
f 1799 1800 1581
f 1800 1580 1581
f 1800 1805 1580
f 1799 1581 1571
f 1586 1806 1587
f 1807 1588 1587
f 1807 1587 1806
f 1801 1577 1588
f 1807 1801 1588
f 1808 1801 1807
f 1801 1809 1802
f 1801 1808 1809
f 1802 1810 1803
f 1802 1809 1810
f 1804 1803 1811
f 1811 1803 1810
f 1805 1590 1580
f 1812 1590 1805
f 1600 1818 1806
f 1600 1806 1586
f 1806 1813 1807
f 1806 1818 1813
f 1807 1814 1808
f 1807 1813 1814
f 1808 1815 1809
f 1808 1814 1815
f 1816 1810 1815
f 1810 1809 1815
f 1810 1816 1811
f 1812 1596 1590
f 1599 1817 1600
f 1817 1818 1600
f 1818 1819 1813
f 1813 1820 1814
f 1813 1819 1820
f 2051 1815 1820
f 1815 1814 1820
f 1812 1602 1596
f 1821 1602 1812
f 1817 1599 1822
f 1823 1817 1822
f 1817 1824 1818
f 1817 1823 1824
f 1826 1819 1825
f 1819 1824 1825
f 1819 1818 1824
f 1819 1826 1820
f 1820 1826 2058
f 1821 1827 1602
f 1602 1827 1605
f 1827 1829 1828
f 1606 1827 1828
f 1605 1827 1606
f 1830 1604 1606
f 1830 1606 1828
f 1830 1822 1604
f 1831 1822 1830
f 1822 1832 1823
f 1822 1831 1832
f 1823 1833 1824
f 1823 1832 1833
f 1825 1824 1834
f 1834 1824 1833
f 1836 1834 1835
f 1838 1837 1835
f 1835 1837 1836
f 1838 1839 1837
f 1841 1840 1829
f 1840 1828 1829
f 1840 1830 1828
f 1830 1842 1831
f 1830 1840 1842
f 1842 1607 1608
f 1832 1842 1608
f 1831 1842 1832
f 1832 1608 1609
f 1832 1609 1833
f 1843 1834 1833
f 1609 1843 1833
f 1610 1843 1609
f 1613 1835 1611
f 1835 1843 1611
f 1843 1610 1611
f 1835 1834 1843
f 1838 1613 1614
f 1835 1613 1838
f 1844 1839 1838
f 1614 1844 1838
f 1615 1844 1614
f 1845 1615 1617
f 1845 1844 1615
f 1617 1619 1845
f 1845 1619 1846
f 1848 1847 1623
f 1623 1847 1622
f 1624 1840 1841
f 1848 1624 1841
f 1623 1624 1848
f 1840 1624 1607
f 1840 1607 1842
f 1849 1846 1619
f 1849 1619 1628
f 1628 1629 1849
f 1849 1629 1850
f 1851 1631 1632
f 1633 1852 1632
f 1632 1852 1851
f 1621 1853 1633
f 1633 1853 1852
f 1854 1853 1621
f 1622 1854 1621
f 1847 1854 1622
f 1634 1850 1629
f 1634 1855 1850
f 1856 1636 1637
f 1631 1851 1637
f 1851 1856 1637
f 1851 1857 1856
f 1858 1851 1852
f 1857 1851 1858
f 1858 1853 1859
f 1852 1853 1858
f 1859 1853 1854
f 1860 1855 1634
f 1860 1634 1638
f 1638 1639 1860
f 1860 1639 1861
f 1862 1641 1856
f 1856 1641 1636
f 1863 1856 1857
f 1862 1856 1863
f 1864 1857 1858
f 1863 1857 1864
f 1858 1859 1865
f 1858 1865 1864
f 1642 1861 1639
f 1642 1866 1861
f 1867 1644 1862
f 1862 1644 1641
f 1868 1862 1863
f 1867 1862 1868
f 1869 1863 1864
f 1868 1863 1869
f 1864 1865 1870
f 1864 1870 1869
f 1866 1642 1872
f 1642 1871 1872
f 1871 1879 1872
f 1642 1646 1871
f 1873 1647 1867
f 1867 1647 1644
f 1874 1867 1868
f 1873 1867 1874
f 1874 1869 1875
f 1868 1869 1874
f 1875 1869 1870
f 1877 1876 1649
f 1877 1649 1650
f 1646 1649 1871
f 1649 1878 1871
f 1649 1876 1878
f 1871 1878 1879
f 1880 1651 1873
f 1873 1651 1647
f 1880 1874 1881
f 1873 1874 1880
f 1653 1877 1650
f 1653 1882 1877
f 1880 1654 1651
f 1881 1654 1880
f 1883 1654 1881
f 1884 1882 1653
f 1884 1653 1655
f 1886 1885 1656
f 1885 1655 1656
f 1885 1884 1655
f 1658 1883 1887
f 1658 1654 1883
f 1659 1886 1656
f 1659 1888 1886
f 1660 1888 1659
f 1889 1660 1661
f 1889 1888 1660
f 1889 1661 1662
f 1891 1890 1666
f 1666 1890 1665
f 1666 1658 1887
f 1892 1666 1887
f 1891 1666 1892
f 1893 1662 1664
f 1667 1893 1664
f 1894 1893 1667
f 1667 1668 1894
f 1894 1668 1895
f 1890 1669 1665
f 1896 1669 1890
f 1674 1898 1897
f 1895 1674 1897
f 1668 1674 1895
f 1898 1899 1897
f 1900 1675 1669
f 1901 1900 1669
f 1896 1901 1669
f 1681 1898 1674
f 1681 1689 1898
f 1689 1899 1898
f 1689 1902 1899
f 1900 1903 1675
f 1900 1901 1904
f 1900 1904 1903
f 1687 1905 1688
f 1906 1688 1905
f 1689 1688 1906
f 1902 1689 1906
f 1903 1904 1908
f 1903 1908 1907
f 1691 1910 1690
f 1910 1911 1690
f 1690 1911 1687
f 1911 1912 1687
f 1912 1905 1687
f 1913 1692 1907
f 1907 1692 1903
f 1907 1908 1914
f 1907 1914 1913
f 1695 1915 1694
f 1915 1916 1694
f 1694 1916 1909
f 1916 1917 1909
f 1917 1918 1697
f 1909 1917 1697
f 1700 1919 1699
f 1910 1691 1699
f 1919 1910 1699
f 1920 1910 1919
f 1911 1910 1921
f 1921 1910 1920
f 1923 1922 1913
f 1922 1692 1913
f 1922 1701 1692
f 1923 1913 1914
f 1702 1915 1695
f 1924 1916 1915
f 1702 1924 1915
f 1703 1924 1702
f 1704 1918 1917
f 1924 1704 1917
f 1703 1704 1924
f 1926 1925 1707
f 1926 1707 1706
f 1707 1927 1708
f 1925 1927 1707
f 1708 1927 1700
f 1927 2149 1700
f 2149 1919 1700
f 1928 1920 2149
f 1920 1919 2149
f 1920 1928 1921
f 1709 1922 1929
f 1709 1701 1922
f 1711 1931 1710
f 1931 1932 1710
f 1932 1706 1710
f 1932 1926 1706
f 1933 1712 1929
f 1929 1712 1709
f 1929 1930 1934
f 1929 1934 1933
f 1713 1935 1931
f 1713 1931 1711
f 1932 1931 1936
f 1936 1931 1935
f 1933 1714 1712
f 1715 1714 1933
f 1934 1715 1933
f 1937 1715 1934
f 1716 1938 1935
f 1716 1935 1713
f 1936 1935 1939
f 1939 1935 1938
f 1941 1940 1714
f 1714 1940 1718
f 1714 1715 1937
f 1714 1937 1941
f 1719 1942 1938
f 1719 1938 1716
f 1939 1938 1943
f 1943 1938 1942
f 1940 1721 1718
f 1944 1721 1940
f 1955 1946 1945
f 1947 1722 1729
f 1948 1945 1946
f 1949 1723 1722
f 1949 1722 1947
f 1950 1724 1723
f 1950 1723 1949
f 1950 1725 1724
f 1726 1951 1942
f 1726 1942 1719
f 1943 1942 1952
f 1952 1942 1951
f 1953 1728 1720
f 1721 1953 1720
f 1944 1953 1721
f 1956 1955 1954
f 1954 1955 1945
f 1730 1954 1945
f 1729 1730 1945
f 1945 1948 1729
f 1948 1957 1729
f 1947 1729 1957
f 1947 1957 1949
f 1949 1957 1958
f 1949 1958 1950
f 1950 1958 1959
f 1950 1959 1725
f 1959 1960 1725
f 1726 1725 1951
f 1725 1961 1951
f 1725 1960 1961
f 1951 1961 1952
f 1962 1731 1732
f 1962 1732 1728
f 1963 1962 1728
f 1953 1963 1728
f 1734 1733 1964
f 1965 1734 1964
f 1966 1734 1965
f 1954 1735 1956
f 1735 1966 1956
f 1735 1734 1966
f 1735 1954 1730
f 1967 1736 1737
f 1731 1962 1737
f 1962 1967 1737
f 1962 1968 1967
f 1970 1962 1969
f 1968 1962 1970
f 1971 1970 1969
f 1975 1974 1972
f 1975 1972 1973
f 1974 1975 1965
f 1974 1965 1964
f 1748 1974 1964
f 1738 1748 1964
f 1738 1964 1733
f 1976 1739 1967
f 1967 1739 1736
f 1977 1967 1968
f 1976 1967 1977
f 1970 1971 1978
f 1977 1970 1978
f 1968 1970 1977
f 1987 1979 1741
f 1987 1741 1742
f 1741 1980 1744
f 1979 1980 1741
f 1744 1982 1981
f 1980 1982 1744
f 1745 1746 1981
f 1982 1745 1981
f 1983 1745 1982
f 1747 1983 1972
f 1747 1745 1983
f 1747 1972 1748
f 1748 1972 1974
f 1984 1749 1976
f 1976 1749 1739
f 1985 1976 1977
f 1984 1976 1985
f 1977 1978 1986
f 1977 1986 1985
f 1992 1987 1750
f 1992 1750 1751
f 1742 1750 1987
f 1752 1981 1746
f 1988 1753 1984
f 1984 1753 1749
f 1985 1990 1989
f 1988 1985 1989
f 1984 1985 1988
f 1991 1990 1755
f 1985 1755 1990
f 1755 1985 1756
f 1986 1756 1985
f 1756 1986 1992
f 1751 1756 1992
f 1993 1758 1759
f 1994 1993 1759
f 1994 1759 1753
f 1995 1994 1753
f 1988 1995 1753
f 1995 1988 1989
f 1762 1991 1755
f 1762 1996 1991
f 1997 1764 1993
f 1993 1764 1758
f 1993 1994 1998
f 1999 1993 1998
f 1997 1993 1999
f 1766 1768 1999
f 1998 1766 1999
f 2000 1766 1998
f 1762 1766 1996
f 1996 1766 2000
f 1997 1767 1764
f 1767 1997 1768
f 1768 1997 1999
f 2002 2001 1772
f 1772 2001 1771
f 2003 1772 1773
f 2003 2002 1772
f 1773 1774 2003
f 2003 1774 2004
f 2005 1776 1777
f 1769 2006 1777
f 1777 2006 2005
f 1778 2007 1769
f 1769 2007 2006
f 2008 2007 1778
f 1771 2008 1778
f 2001 2008 1771
f 1779 2004 1774
f 1779 2009 2004
f 1776 2005 1781
f 2005 2010 1781
f 2005 2011 2010
f 2006 2012 2011
f 2005 2006 2011
f 2012 2006 2007
f 2012 2007 2013
f 2013 2007 2008
f 1779 1782 2014
f 2015 1779 2014
f 2009 1779 2015
f 2016 1784 1785
f 2017 2016 1785
f 2017 1785 1781
f 2018 2017 1781
f 2010 2018 1781
f 2018 2010 2011
f 2018 2011 2019
f 2020 2015 2014
f 2021 2020 1787
f 1787 2020 1786
f 2020 2014 1786
f 2014 1782 1786
f 2022 1788 1789
f 1784 2016 1789
f 2016 2022 1789
f 2016 2023 2022
f 2016 2017 2024
f 2016 2024 2023
f 2025 2021 1787
f 1787 2026 2025
f 1787 1790 2026
f 2027 1791 2022
f 2022 1791 1788
f 2023 2029 2028
f 2027 2023 2028
f 2022 2023 2027
f 2029 2023 2024
f 1792 2026 1790
f 1792 2030 2026
f 2031 1794 1791
f 2032 2031 1791
f 2027 2032 1791
f 2032 2027 2028
f 1796 2033 1797
f 1797 2033 2034
f 2035 1797 2034
f 1798 1797 2035
f 1792 1798 2030
f 2030 1798 2035
f 2036 1800 1799
f 2037 2036 1799
f 2037 1799 1793
f 2038 2037 1793
f 1794 2038 1793
f 2038 1794 2031
f 1804 2039 2033
f 1804 2033 1796
f 2034 2033 2040
f 2040 2033 2039
f 2041 1805 2036
f 2036 1805 1800
f 2036 2037 2042
f 2036 2042 2041
f 1811 2043 2039
f 1811 2039 1804
f 2040 2039 2044
f 2044 2039 2043
f 2045 1812 2041
f 2041 1812 1805
f 2041 2042 2045
f 1815 2046 1816
f 2043 1811 1816
f 2046 2043 1816
f 2047 2043 2046
f 2044 2043 2048
f 2048 2043 2047
f 2049 1812 2045
f 2045 2042 2050
f 2045 2050 2049
f 2046 1815 2051
f 2052 2046 2051
f 2046 2053 2047
f 2046 2052 2053
f 2048 2047 2054
f 2054 2047 2053
f 2055 1821 2049
f 2049 1821 1812
f 2049 2050 2056
f 2049 2056 2055
f 1825 2057 1826
f 2058 1826 2057
f 2051 1820 2058
f 2059 2051 2058
f 2051 2060 2052
f 2051 2059 2060
f 2052 2061 2053
f 2052 2060 2061
f 2054 2053 2062
f 2062 2053 2061
f 2055 1827 1821
f 2064 2063 1829
f 2064 1829 1827
f 2056 2064 1827
f 2055 2056 1827
f 2065 2063 2064
f 1834 2057 1825
f 2058 1834 1836
f 2057 1834 2058
f 2058 1836 1837
f 2058 1837 2059
f 2059 1837 1839
f 2066 2059 1839
f 2060 2059 2066
f 2060 2067 2061
f 2060 2066 2067
f 2062 2061 2068
f 2068 2061 2067
f 2070 2069 1841
f 2070 1841 1829
f 2065 2070 1829
f 2063 2065 1829
f 2071 2069 2070
f 1844 2066 1839
f 2066 1844 1845
f 2066 1845 2067
f 1845 1846 2067
f 1846 2068 2067
f 1846 2072 2068
f 2073 1847 1848
f 1841 2069 1848
f 2069 2073 1848
f 2069 2074 2073
f 2075 2069 2071
f 2074 2069 2075
f 2076 2072 1846
f 2076 1846 1849
f 1849 1850 2076
f 2076 1850 2077
f 2078 1854 2073
f 2073 1854 1847
f 2079 2073 2074
f 2078 2073 2079
f 2080 2074 2075
f 2079 2074 2080
f 2075 2081 2080
f 1855 2077 1850
f 1855 2082 2077
f 1854 2078 1859
f 2078 2083 1859
f 2078 2084 2083
f 2085 2078 2079
f 2084 2078 2085
f 2086 2079 2080
f 2085 2079 2086
f 2080 2081 2086
f 1855 1860 2087
f 2088 1855 2087
f 2082 1855 2088
f 1861 2087 1860
f 2089 1865 2083
f 2083 1865 1859
f 2090 2083 2084
f 2089 2083 2090
f 2091 2084 2085
f 2090 2084 2091
f 2091 2086 2092
f 2085 2086 2091
f 2093 2088 2087
f 2087 1861 2093
f 1861 2094 2093
f 1861 1866 2094
f 2095 1870 2089
f 2089 1870 1865
f 2096 2089 2090
f 2095 2089 2096
f 2097 2090 2091
f 2096 2090 2097
f 2091 2092 2098
f 2091 2098 2097
f 2099 2094 1866
f 2099 1866 1872
f 1872 1879 2099
f 2099 1879 2100
f 1870 2095 1875
f 2095 2101 1875
f 2102 2095 2096
f 2101 2095 2102
f 2102 2097 2103
f 2096 2097 2102
f 2103 2097 2098
f 1876 1877 2104
f 2105 1876 2104
f 2106 1876 2105
f 1876 2107 1878
f 2106 2107 1876
f 1878 2108 1879
f 2107 2108 1878
f 2100 1879 2108
f 2109 1881 1874
f 1875 2101 1874
f 2101 2109 1874
f 2101 2110 2109
f 2110 2101 2111
f 2111 2102 2112
f 2101 2102 2111
f 2112 2102 2103
f 2113 2105 2104
f 2104 1877 2113
f 1877 2114 2113
f 1877 1882 2114
f 2115 1883 2109
f 2109 1883 1881
f 2110 2117 2116
f 2115 2110 2116
f 2109 2110 2115
f 2117 2110 2111
f 2117 2111 2118
f 2118 2111 2112
f 2119 2114 1882
f 2119 1882 1884
f 2120 2119 1885
f 2119 1884 1885
f 2115 1887 1883
f 2116 1887 2115
f 2121 1887 2116
f 2122 2120 1885
f 2122 1885 1886
f 1888 2122 1886
f 2123 2122 1888
f 2123 1888 1889
f 1891 2333 1890
f 2124 1891 1892
f 2124 2333 1891
f 1892 1887 2121
f 1892 2121 2124
f 2125 1889 1662
f 1893 2125 1662
f 2126 2125 1893
f 2126 1894 2127
f 2126 1893 1894
f 1895 2127 1894
f 2128 1896 2333
f 1896 1890 2333
f 2129 2128 2333
f 2131 2130 1899
f 1899 2130 1897
f 2130 2127 1897
f 2127 1895 1897
f 2133 2132 2128
f 2132 1896 2128
f 2132 1901 1896
f 2133 2128 2129
f 2131 1899 2134
f 2131 2134 2135
f 1902 2134 1899
f 2132 1904 1901
f 2136 1904 2132
f 2137 2138 2135
f 2137 2135 2134
f 1905 2137 2134
f 1906 1905 2134
f 1906 2134 1902
f 2136 1908 1904
f 2139 1908 2136
f 2138 2137 1912
f 1911 2138 1912
f 2140 2138 1911
f 1912 2137 1905
f 2139 1914 1908
f 2141 1914 2139
f 2144 2143 2142
f 2143 2140 2142
f 2140 1921 2142
f 2140 1911 1921
f 1914 2145 1923
f 2141 2145 1914
f 1924 1917 1916
f 2147 2146 1925
f 2147 1925 1926
f 1925 2148 1927
f 2146 2148 1925
f 1927 2364 2149
f 2148 2364 1927
f 2149 2364 2144
f 2149 2144 2142
f 1928 2149 2142
f 1928 2142 1921
f 1923 1929 1922
f 1930 1929 1923
f 2145 1930 1923
f 2150 1930 2145
f 1932 2147 1926
f 1932 2151 2147
f 2150 1934 1930
f 2152 1934 2150
f 1936 2151 1932
f 1936 2153 2151
f 2155 1937 2154
f 1937 2152 2154
f 1937 1934 2152
f 2156 2155 2154
f 1939 2153 1936
f 1939 2157 2153
f 2158 1940 1941
f 2159 2158 1941
f 2159 1941 1937
f 2160 2159 1937
f 2155 2160 1937
f 2160 2155 2156
f 1943 2162 2161
f 2157 1943 2161
f 1939 1943 2157
f 2162 2163 2161
f 2164 1944 2158
f 2158 1944 1940
f 2158 2159 2165
f 2166 2158 2165
f 2164 2158 2166
f 2167 2166 2165
f 1955 2168 1946
f 2168 1948 1946
f 1952 2169 2162
f 1952 2162 1943
f 2163 2162 2170
f 2170 2162 2169
f 2171 1953 2164
f 2164 1953 1944
f 2172 2164 2166
f 2171 2164 2172
f 2166 2167 2173
f 2166 2173 2172
f 2175 2174 1955
f 2175 1955 1956
f 1955 2176 2168
f 1955 2174 2176
f 2168 2176 1948
f 2176 1957 1948
f 1957 2177 1958
f 2176 2177 1957
f 1958 2178 1959
f 2177 2178 1958
f 1959 2179 1960
f 2178 2179 1959
f 1960 2180 1961
f 2179 2180 1960
f 1952 1961 2169
f 1961 2181 2169
f 1961 2180 2181
f 2169 2181 2170
f 2182 1962 1963
f 1953 2171 1963
f 2171 2182 1963
f 2171 2183 2182
f 2172 2184 2183
f 2171 2172 2183
f 2184 2172 2173
f 2185 2419 1965
f 1965 2186 1966
f 2419 2186 1965
f 1956 1966 2175
f 2175 1966 2186
f 2182 1969 1962
f 2182 2183 2187
f 1971 2182 2187
f 2188 1971 2187
f 2182 1971 1969
f 2191 2190 2189
f 2193 2192 2189
f 2193 2189 2190
f 1973 1972 2192
f 2193 1973 2192
f 2194 1973 2193
f 1973 2195 1975
f 2194 2195 1973
f 1965 1975 2185
f 2185 1975 2195
f 2196 1978 1971
f 1971 2188 2197
f 2196 1971 2197
f 2198 2196 2197
f 1979 1987 2198
f 2197 1979 2198
f 2199 1979 2197
f 1979 2200 1980
f 2199 2200 1979
f 2189 1982 2191
f 1982 2200 2191
f 1982 1980 2200
f 1982 2189 1983
f 1983 2189 2192
f 1983 2192 1972
f 2201 1986 2196
f 2196 1986 1978
f 1992 2201 1987
f 2201 2198 1987
f 2201 2196 2198
f 2202 1989 1990
f 1986 2201 1992
f 2202 1990 1991
f 2203 1994 1995
f 1989 2202 1995
f 2202 2203 1995
f 2202 2204 2203
f 1996 2204 1991
f 1991 2204 2202
f 2203 1998 1994
f 1998 2203 2000
f 2000 2203 2204
f 2000 2204 1996
f 2205 2001 2002
f 2003 2206 2002
f 2002 2206 2205
f 2004 2206 2003
f 2207 2008 2205
f 2205 2008 2001
f 2208 2205 2206
f 2207 2205 2208
f 2009 2208 2004
f 2004 2208 2206
f 2209 2011 2012
f 2013 2210 2012
f 2012 2210 2209
f 2008 2207 2013
f 2207 2210 2013
f 2207 2211 2210
f 2212 2207 2208
f 2211 2207 2212
f 2015 2212 2009
f 2009 2212 2208
f 2213 2017 2018
f 2019 2214 2018
f 2018 2214 2213
f 2011 2209 2019
f 2209 2214 2019
f 2209 2215 2214
f 2216 2209 2210
f 2215 2209 2216
f 2217 2210 2211
f 2216 2210 2217
f 2218 2211 2212
f 2217 2211 2218
f 2218 2212 2015
f 2219 2218 2015
f 2020 2219 2015
f 2020 2021 2219
f 2220 2024 2213
f 2213 2024 2017
f 2221 2213 2214
f 2220 2213 2221
f 2222 2214 2215
f 2221 2214 2222
f 2223 2215 2216
f 2222 2215 2223
f 2217 2225 2224
f 2223 2217 2224
f 2216 2217 2223
f 2225 2217 2218
f 2225 2218 2226
f 2226 2218 2219
f 2021 2025 2227
f 2228 2021 2227
f 2219 2021 2228
f 2026 2227 2025
f 2229 2028 2029
f 2024 2220 2029
f 2220 2229 2029
f 2220 2230 2229
f 2231 2220 2221
f 2230 2220 2231
f 2232 2221 2222
f 2231 2221 2232
f 2233 2222 2223
f 2232 2222 2233
f 2223 2224 2234
f 2223 2234 2233
f 2237 2236 2235
f 2235 2236 2228
f 2227 2235 2228
f 2238 2235 2227
f 2030 2238 2026
f 2026 2238 2227
f 2239 2031 2032
f 2028 2229 2032
f 2229 2239 2032
f 2229 2240 2239
f 2241 2229 2230
f 2240 2229 2241
f 2242 2230 2231
f 2241 2230 2242
f 2243 2231 2232
f 2242 2231 2243
f 2233 2244 2243
f 2232 2233 2243
f 2244 2233 2234
f 2237 2235 2245
f 2237 2245 2246
f 2034 2245 2035
f 2245 2238 2035
f 2245 2235 2238
f 2035 2238 2030
f 2247 2037 2038
f 2031 2239 2038
f 2239 2247 2038
f 2239 2248 2247
f 2249 2239 2240
f 2248 2239 2249
f 2250 2240 2241
f 2249 2240 2250
f 2251 2241 2242
f 2250 2241 2251
f 2251 2243 2252
f 2242 2243 2251
f 2253 2246 2245
f 2245 2034 2253
f 2034 2254 2253
f 2034 2040 2254
f 2255 2042 2247
f 2247 2042 2037
f 2256 2247 2248
f 2255 2247 2256
f 2257 2248 2249
f 2256 2248 2257
f 2250 2259 2258
f 2257 2250 2258
f 2249 2250 2257
f 2259 2250 2251
f 2259 2251 2260
f 2260 2251 2252
f 2044 2254 2040
f 2044 2261 2254
f 2262 2042 2255
f 2263 2255 2256
f 2262 2255 2263
f 2257 2265 2264
f 2263 2257 2264
f 2256 2257 2263
f 2265 2257 2258
f 2048 2267 2266
f 2261 2048 2266
f 2044 2048 2261
f 2268 2050 2262
f 2262 2050 2042
f 2269 2262 2263
f 2268 2262 2269
f 2263 2264 2270
f 2263 2270 2269
f 2054 2271 2267
f 2054 2267 2048
f 2462 2267 2271
f 2272 2056 2268
f 2268 2056 2050
f 2273 2268 2269
f 2272 2268 2273
f 2269 2270 2273
f 2275 2274 2271
f 2054 2275 2271
f 2062 2275 2054
f 2271 2274 2462
f 2272 2064 2056
f 2064 2272 2065
f 2272 2276 2065
f 2272 2273 2276
f 2273 2277 2276
f 2068 2275 2062
f 2068 2278 2275
f 2276 2070 2065
f 2279 2071 2070
f 2277 2279 2070
f 2276 2277 2070
f 2072 2278 2068
f 2072 2281 2278
f 2280 2282 2075
f 2280 2075 2071
f 2279 2280 2071
f 2283 2282 2280
f 2072 2076 2284
f 2285 2072 2284
f 2281 2072 2285
f 2077 2284 2076
f 2286 2081 2282
f 2282 2081 2075
f 2282 2283 2287
f 2288 2282 2287
f 2286 2282 2288
f 2285 2284 2289
f 2285 2289 2290
f 2082 2289 2077
f 2077 2289 2284
f 2291 2086 2286
f 2286 2086 2081
f 2288 2293 2292
f 2291 2288 2292
f 2286 2288 2291
f 2293 2288 2287
f 2289 2294 2290
f 2295 2294 2289
f 2088 2295 2082
f 2082 2295 2289
f 2296 2092 2086
f 2291 2296 2086
f 2291 2297 2296
f 2291 2292 2298
f 2291 2298 2297
f 2301 2300 2299
f 2294 2301 2299
f 2295 2301 2294
f 2093 2302 2088
f 2302 2295 2088
f 2302 2301 2295
f 2094 2302 2093
f 2303 2098 2296
f 2296 2098 2092
f 2297 2304 2303
f 2296 2297 2303
f 2304 2297 2298
f 2305 2300 2301
f 2305 2301 2302
f 2305 2302 2306
f 2308 2306 2307
f 2307 2306 2099
f 2306 2302 2099
f 2302 2094 2099
f 2100 2307 2099
f 2098 2303 2103
f 2303 2309 2103
f 2303 2310 2309
f 2311 2106 2105
f 2106 2311 2312
f 2313 2106 2312
f 2107 2106 2313
f 2307 2108 2308
f 2108 2313 2308
f 2108 2107 2313
f 2108 2307 2100
f 2103 2314 2112
f 2103 2315 2314
f 2309 2316 2315
f 2103 2309 2315
f 2316 2309 2310
f 2319 2318 2317
f 2320 2318 2319
f 2318 2320 2114
f 2311 2114 2320
f 2114 2311 2113
f 2105 2113 2311
f 2311 2320 2312
f 2321 2116 2117
f 2118 2322 2117
f 2117 2322 2321
f 2323 2322 2118
f 2323 2118 2112
f 2324 2323 2112
f 2314 2324 2112
f 2324 2314 2315
f 2325 2317 2318
f 2325 2318 2114
f 2119 2325 2114
f 2326 2325 2119
f 2119 2120 2326
f 2326 2120 2327
f 2328 2121 2321
f 2321 2121 2116
f 2322 2330 2329
f 2328 2322 2329
f 2321 2322 2328
f 2330 2322 2323
f 2331 2327 2120
f 2331 2120 2122
f 2331 2123 2332
f 2331 2122 2123
f 1889 2332 2123
f 2124 2334 2333
f 2121 2328 2124
f 2328 2334 2124
f 2328 2335 2334
f 2328 2329 2335
f 2336 2332 1889
f 2125 2336 1889
f 2337 2336 2125
f 2339 2337 2338
f 2337 2126 2338
f 2337 2125 2126
f 2127 2338 2126
f 2333 2334 2340
f 2129 2333 2340
f 2341 2129 2340
f 2340 2334 2335
f 2340 2335 2342
f 2343 2339 2338
f 2344 2343 2130
f 2343 2338 2130
f 2338 2127 2130
f 2131 2344 2130
f 2133 2345 2132
f 2133 2129 2341
f 2133 2341 2345
f 2344 2346 2347
f 2135 2346 2131
f 2131 2346 2344
f 2349 2136 2348
f 2136 2345 2348
f 2136 2132 2345
f 2350 2349 2348
f 2347 2346 2138
f 2351 2347 2138
f 2138 2346 2135
f 2352 2139 2349
f 2349 2139 2136
f 2349 2350 2353
f 2354 2349 2353
f 2352 2349 2354
f 2355 2354 2353
f 2358 2357 2356
f 2357 2351 2356
f 2351 2140 2356
f 2351 2138 2140
f 2359 2141 2352
f 2352 2141 2139
f 2354 2355 2360
f 2359 2354 2360
f 2352 2354 2359
f 2363 2362 2361
f 2365 2364 2361
f 2365 2361 2362
f 2364 2365 2358
f 2364 2358 2356
f 2144 2364 2356
f 2143 2144 2356
f 2143 2356 2140
f 2366 2145 2359
f 2359 2145 2141
f 2359 2360 2367
f 2359 2367 2366
f 2146 2147 2368
f 2369 2146 2368
f 2370 2146 2369
f 2361 2148 2363
f 2148 2370 2363
f 2148 2146 2370
f 2148 2361 2364
f 2371 2150 2366
f 2366 2150 2145
f 2366 2367 2372
f 2366 2372 2371
f 2151 2373 2147
f 2147 2373 2368
f 2374 2152 2371
f 2371 2152 2150
f 2371 2372 2375
f 2374 2371 2375
f 2373 2151 2376
f 2151 2377 2376
f 2151 2153 2377
f 2374 2154 2152
f 2154 2374 2156
f 2374 2378 2156
f 2374 2375 2378
f 2375 2598 2379
f 2380 2375 2379
f 2378 2375 2380
f 2157 2377 2153
f 2157 2381 2377
f 2382 2159 2160
f 2156 2378 2160
f 2378 2382 2160
f 2378 2383 2382
f 2384 2378 2380
f 2383 2378 2384
f 2380 2379 2385
f 2386 2380 2385
f 2384 2380 2386
f 2387 2386 2385
f 2388 2381 2157
f 2388 2157 2161
f 2161 2163 2388
f 2388 2163 2389
f 2382 2165 2159
f 2165 2382 2167
f 2382 2390 2167
f 2382 2383 2390
f 2391 2383 2384
f 2390 2383 2391
f 2392 2384 2386
f 2391 2384 2392
f 2386 2387 2393
f 2386 2393 2392
f 2170 2389 2163
f 2170 2394 2389
f 2395 2173 2390
f 2390 2173 2167
f 2396 2390 2391
f 2395 2390 2396
f 2397 2391 2392
f 2396 2391 2397
f 2398 2392 2393
f 2397 2392 2398
f 2399 2398 2393
f 2401 2400 2174
f 2401 2174 2175
f 2176 2400 2402
f 2174 2400 2176
f 2176 2402 2403
f 2404 2176 2403
f 2176 2405 2177
f 2404 2405 2176
f 2405 2407 2406
f 2178 2405 2406
f 2177 2405 2178
f 2408 2179 2178
f 2408 2178 2406
f 2409 2180 2179
f 2409 2179 2408
f 2410 2181 2180
f 2410 2180 2409
f 2410 2411 2181
f 2411 2170 2181
f 2411 2394 2170
f 2412 2183 2184
f 2173 2395 2184
f 2395 2412 2184
f 2395 2413 2412
f 2414 2395 2396
f 2413 2395 2414
f 2415 2396 2397
f 2414 2396 2415
f 2416 2397 2398
f 2415 2397 2416
f 2398 2399 2417
f 2418 2398 2417
f 2416 2398 2418
f 2419 2185 2418
f 2417 2419 2418
f 2419 2420 2186
f 2175 2186 2401
f 2401 2186 2420
f 2400 2421 2402
f 2402 2421 2403
f 2407 2422 2406
f 2424 2423 2422
f 2423 2406 2422
f 2423 2408 2406
f 2408 2425 2409
f 2408 2423 2425
f 2427 2410 2426
f 2410 2425 2426
f 2410 2409 2425
f 2410 2427 2411
f 2428 2188 2187
f 2183 2412 2187
f 2412 2428 2187
f 2412 2429 2428
f 2430 2412 2413
f 2429 2412 2430
f 2191 2430 2190
f 2430 2414 2190
f 2430 2413 2414
f 2190 2414 2193
f 2193 2414 2415
f 2193 2415 2194
f 2194 2415 2416
f 2194 2416 2195
f 2195 2416 2418
f 2195 2418 2185
f 2424 2431 2423
f 2423 2431 2425
f 2425 2431 2432
f 2425 2432 2426
f 2428 2197 2188
f 2197 2428 2199
f 2199 2428 2429
f 2199 2429 2200
f 2200 2429 2430
f 2200 2430 2191
f 2433 2224 2225
f 2226 2434 2225
f 2225 2434 2433
f 2219 2434 2226
f 2219 2435 2434
f 2228 2435 2219
f 2436 2234 2433
f 2433 2234 2224
f 2437 2433 2434
f 2436 2433 2437
f 2237 2437 2236
f 2437 2435 2236
f 2437 2434 2435
f 2236 2435 2228
f 2438 2243 2244
f 2234 2436 2244
f 2436 2438 2244
f 2436 2439 2438
f 2440 2436 2437
f 2439 2436 2440
f 2246 2440 2237
f 2237 2440 2437
f 2243 2438 2252
f 2438 2441 2252
f 2438 2442 2441
f 2442 2439 2443
f 2438 2439 2442
f 2443 2439 2440
f 2443 2440 2444
f 2446 2444 2445
f 2445 2444 2253
f 2444 2440 2253
f 2440 2246 2253
f 2254 2445 2253
f 2447 2258 2259
f 2260 2448 2259
f 2259 2448 2447
f 2449 2448 2260
f 2449 2260 2252
f 2450 2449 2252
f 2441 2450 2252
f 2450 2441 2442
f 2450 2442 2451
f 2451 2442 2443
f 2452 2446 2445
f 2445 2254 2452
f 2254 2453 2452
f 2254 2261 2453
f 2258 2447 2265
f 2447 2454 2265
f 2448 2456 2455
f 2454 2448 2455
f 2447 2448 2454
f 2456 2448 2449
f 2261 2266 2457
f 2458 2261 2457
f 2453 2261 2458
f 2267 2457 2266
f 2459 2270 2265
f 2265 2270 2264
f 2460 2265 2454
f 2459 2265 2460
f 2454 2455 2461
f 2454 2461 2460
f 2458 2457 2462
f 2458 2462 2463
f 2267 2462 2457
f 2464 2273 2459
f 2459 2273 2270
f 2465 2459 2460
f 2464 2459 2465
f 2460 2461 2466
f 2467 2460 2466
f 2465 2460 2467
f 2463 2462 2274
f 2275 2463 2274
f 2468 2463 2275
f 2469 2277 2464
f 2464 2277 2273
f 2470 2464 2465
f 2469 2464 2470
f 2471 2465 2467
f 2470 2465 2471
f 2467 2466 2472
f 2471 2467 2472
f 2278 2468 2275
f 2278 2474 2468
f 2469 2279 2277
f 2279 2469 2280
f 2469 2475 2280
f 2469 2470 2475
f 2476 2470 2471
f 2475 2470 2476
f 2477 2471 2472
f 2476 2471 2477
f 2472 2473 2478
f 2472 2478 2477
f 2281 2474 2278
f 2281 2479 2474
f 2280 2475 2283
f 2475 2480 2283
f 2475 2476 2480
f 2481 2476 2477
f 2480 2476 2481
f 2477 2478 2482
f 2483 2477 2482
f 2481 2477 2483
f 2486 2485 2484
f 2485 2479 2484
f 2479 2285 2484
f 2479 2281 2285
f 2480 2287 2283
f 2480 2487 2287
f 2480 2481 2487
f 2488 2481 2483
f 2487 2481 2488
f 2483 2482 2489
f 2488 2483 2489
f 2491 2490 2489
f 2490 2491 2486
f 2484 2490 2486
f 2492 2490 2484
f 2290 2492 2285
f 2285 2492 2484
f 2493 2292 2293
f 2287 2487 2293
f 2487 2493 2293
f 2487 2494 2493
f 2495 2487 2488
f 2494 2487 2495
f 2489 2497 2496
f 2495 2489 2496
f 2488 2489 2495
f 2499 2498 2497
f 2489 2499 2497
f 2490 2499 2489
f 2499 2492 2294
f 2499 2490 2492
f 2294 2492 2290
f 2500 2298 2493
f 2493 2298 2292
f 2501 2493 2494
f 2500 2493 2501
f 2502 2494 2495
f 2501 2494 2502
f 2495 2496 2503
f 2495 2503 2502
f 2504 2498 2499
f 2506 2504 2505
f 2505 2504 2299
f 2504 2499 2299
f 2499 2294 2299
f 2300 2505 2299
f 2507 2303 2304
f 2298 2500 2304
f 2500 2507 2304
f 2500 2508 2507
f 2509 2500 2501
f 2508 2500 2509
f 2509 2502 2510
f 2501 2502 2509
f 2510 2502 2503
f 2511 2506 2505
f 2511 2505 2300
f 2305 2511 2300
f 2512 2511 2305
f 2514 2512 2513
f 2512 2306 2513
f 2512 2305 2306
f 2308 2513 2306
f 2515 2310 2507
f 2507 2310 2303
f 2516 2507 2508
f 2515 2507 2516
f 2517 2508 2509
f 2516 2508 2517
f 2509 2510 2518
f 2519 2509 2518
f 2517 2509 2519
f 2520 2519 2518
f 2514 2312 2521
f 2514 2513 2313
f 2312 2514 2313
f 2513 2308 2313
f 2522 2315 2316
f 2310 2515 2316
f 2515 2522 2316
f 2515 2523 2522
f 2516 2525 2524
f 2523 2516 2524
f 2515 2516 2523
f 2525 2516 2517
f 2525 2517 2526
f 2517 2527 2526
f 2519 2527 2517
f 2519 2520 2528
f 2527 2519 2528
f 2530 2529 2528
f 2319 2317 2529
f 2530 2319 2529
f 2531 2319 2530
f 2319 2532 2320
f 2531 2532 2319
f 2312 2320 2521
f 2320 2533 2521
f 2320 2532 2533
f 2534 2323 2324
f 2315 2535 2324
f 2324 2535 2534
f 2522 2535 2315
f 2522 2536 2535
f 2522 2523 2536
f 2536 2523 2524
f 2537 2526 2527
f 2537 2527 2528
f 2537 2528 2538
f 2538 2528 2529
f 2538 2529 2539
f 2541 2539 2540
f 2540 2539 2325
f 2539 2529 2325
f 2529 2317 2325
f 2326 2542 2325
f 2325 2542 2540
f 2327 2542 2326
f 2543 2329 2330
f 2323 2534 2330
f 2534 2543 2330
f 2534 2544 2543
f 2535 2545 2544
f 2534 2535 2544
f 2545 2535 2536
f 2545 2536 2546
f 2547 2541 2540
f 2547 2540 2542
f 2547 2542 2548
f 2550 2548 2549
f 2549 2548 2331
f 2548 2542 2331
f 2542 2327 2331
f 2332 2549 2331
f 2551 2335 2543
f 2543 2335 2329
f 2544 2703 2551
f 2543 2544 2551
f 2552 2550 2549
f 2552 2549 2332
f 2336 2552 2332
f 2553 2552 2336
f 2554 2336 2337
f 2554 2553 2336
f 2337 2339 2554
f 2554 2339 2555
f 2556 2341 2340
f 2342 2557 2340
f 2340 2557 2556
f 2335 2551 2342
f 2551 2557 2342
f 2551 2558 2557
f 2551 2559 2558
f 2339 2343 2560
f 2561 2339 2560
f 2555 2339 2561
f 2344 2560 2343
f 2341 2556 2345
f 2556 2348 2345
f 2556 2562 2348
f 2557 2564 2563
f 2562 2557 2563
f 2556 2557 2562
f 2564 2557 2558
f 2564 2558 2565
f 2565 2558 2559
f 2561 2560 2566
f 2561 2566 2567
f 2347 2566 2344
f 2344 2566 2560
f 2348 2568 2350
f 2348 2562 2568
f 2562 2563 2569
f 2562 2569 2568
f 2570 2571 2567
f 2566 2570 2567
f 2572 2570 2566
f 2351 2572 2347
f 2347 2572 2566
f 2568 2353 2350
f 2574 2573 2355
f 2574 2355 2353
f 2569 2574 2353
f 2568 2569 2353
f 2576 2575 2573
f 2576 2573 2574
f 2577 2575 2576
f 2571 2570 2578
f 2571 2578 2752
f 2358 2578 2357
f 2578 2572 2357
f 2578 2570 2572
f 2357 2572 2351
f 2579 2360 2355
f 2573 2579 2355
f 2580 2573 2575
f 2579 2573 2580
f 2575 2577 2581
f 2575 2581 2580
f 2584 2583 2582
f 2585 2582 2583
f 2362 2363 2585
f 2586 2362 2585
f 2578 2365 2752
f 2365 2586 2752
f 2365 2362 2586
f 2365 2578 2358
f 2587 2367 2579
f 2579 2367 2360
f 2587 2579 2588
f 2580 2590 2589
f 2588 2580 2589
f 2579 2580 2588
f 2590 2580 2581
f 2584 2582 2369
f 2368 2584 2369
f 2591 2584 2368
f 2369 2582 2370
f 2370 2582 2585
f 2370 2585 2363
f 2592 2372 2587
f 2587 2372 2367
f 2593 2587 2588
f 2592 2587 2593
f 2588 2589 2594
f 2595 2588 2594
f 2593 2588 2595
f 2596 2595 2594
f 2373 2591 2368
f 2373 2597 2591
f 2592 2375 2372
f 2375 2592 2598
f 2592 2593 2598
f 2599 2593 2595
f 2598 2593 2599
f 2595 2596 2600
f 2595 2600 2599
f 2601 2597 2373
f 2601 2373 2376
f 2376 2377 2601
f 2601 2377 2602
f 2598 2603 2379
f 2598 2599 2603
f 2604 2599 2600
f 2603 2599 2604
f 2605 2604 2600
f 2381 2602 2377
f 2381 2606 2602
f 2603 2385 2379
f 2385 2603 2387
f 2603 2607 2387
f 2603 2604 2607
f 2604 2605 2608
f 2604 2608 2607
f 2381 2388 2609
f 2610 2381 2609
f 2606 2381 2610
f 2389 2609 2388
f 2611 2393 2607
f 2607 2393 2387
f 2607 2608 2612
f 2607 2612 2611
f 2613 2610 2609
f 2609 2389 2613
f 2389 2394 2613
f 2399 2393 2611
f 2612 2399 2611
f 2614 2399 2612
f 2401 2615 2400
f 2403 2616 2404
f 2617 2405 2404
f 2617 2404 2616
f 2617 2407 2405
f 2411 2613 2394
f 2411 2618 2613
f 2614 2619 2399
f 2399 2619 2417
f 2417 2620 2419
f 2619 2620 2417
f 2620 2622 2621
f 2420 2620 2621
f 2419 2620 2420
f 2615 2401 2420
f 2621 2615 2420
f 2623 2615 2621
f 2624 2421 2400
f 2615 2624 2400
f 2623 2624 2615
f 2616 2403 2421
f 2624 2616 2421
f 2625 2616 2624
f 2616 2626 2617
f 2616 2625 2626
f 2627 2422 2407
f 2617 2627 2407
f 2626 2627 2617
f 2627 2424 2422
f 2629 2628 2427
f 2629 2427 2426
f 2411 2427 2618
f 2618 2427 2628
f 2622 2630 2621
f 2621 2630 2623
f 2623 2630 2631
f 2623 2631 2624
f 2624 2631 2632
f 2624 2632 2625
f 2625 2632 2633
f 2635 2634 2633
f 2634 2625 2633
f 2634 2626 2625
f 2626 2636 2627
f 2626 2634 2636
f 2627 2636 2424
f 2636 2637 2424
f 2637 2431 2424
f 2636 2638 2637
f 2431 2639 2432
f 2637 2639 2431
f 2426 2432 2629
f 2629 2432 2639
f 2635 2640 2634
f 2634 2640 2636
f 2636 2640 2641
f 2636 2641 2638
f 2444 2643 2443
f 2443 2643 2642
f 2446 2643 2444
f 2644 2449 2450
f 2451 2645 2450
f 2450 2645 2644
f 2443 2642 2451
f 2642 2645 2451
f 2642 2646 2645
f 2647 2642 2643
f 2646 2642 2647
f 2452 2648 2446
f 2648 2643 2446
f 2648 2647 2643
f 2453 2648 2452
f 2649 2455 2456
f 2449 2644 2456
f 2644 2649 2456
f 2644 2650 2649
f 2651 2644 2645
f 2650 2644 2651
f 2652 2645 2646
f 2651 2645 2652
f 2653 2646 2647
f 2652 2646 2653
f 2654 2647 2648
f 2653 2647 2654
f 2458 2654 2453
f 2453 2654 2648
f 2655 2461 2649
f 2649 2461 2455
f 2656 2649 2650
f 2655 2649 2656
f 2661 2650 2651
f 2656 2650 2661
f 2661 2651 2652
f 2657 2652 2653
f 2658 2653 2654
f 2657 2653 2658
f 2463 2658 2458
f 2458 2658 2654
f 2655 2466 2461
f 2655 2659 2466
f 2655 2656 2659
f 2660 2656 2661
f 2659 2656 2660
f 2661 2652 2657
f 2662 2657 2658
f 2468 2662 2463
f 2463 2662 2658
f 2659 2472 2466
f 2472 2659 2473
f 2659 2663 2473
f 2659 2660 2663
f 2664 2660 2661
f 2663 2660 2664
f 2665 2661 2657
f 2664 2661 2665
f 2666 2657 2662
f 2665 2657 2666
f 2474 2666 2468
f 2468 2666 2662
f 2667 2478 2663
f 2663 2478 2473
f 2668 2663 2664
f 2667 2663 2668
f 2669 2664 2665
f 2668 2664 2669
f 2670 2665 2666
f 2669 2665 2670
f 2479 2670 2474
f 2474 2670 2666
f 2667 2482 2478
f 2667 2671 2482
f 2667 2668 2671
f 2672 2668 2669
f 2671 2668 2672
f 2486 2672 2485
f 2672 2670 2485
f 2672 2669 2670
f 2485 2670 2479
f 2671 2489 2482
f 2489 2671 2491
f 2491 2671 2672
f 2491 2672 2486
f 2498 2496 2497
f 2673 2503 2498
f 2498 2503 2496
f 2504 2674 2498
f 2674 2673 2498
f 2506 2674 2504
f 2503 2673 2510
f 2673 2675 2510
f 2673 2676 2675
f 2677 2673 2674
f 2676 2673 2677
f 2511 2678 2506
f 2678 2674 2506
f 2678 2677 2674
f 2512 2679 2511
f 2511 2679 2678
f 2514 2679 2512
f 2675 2518 2510
f 2518 2675 2520
f 2675 2680 2520
f 2675 2676 2680
f 2681 2676 2677
f 2680 2676 2681
f 2682 2677 2678
f 2681 2677 2682
f 2683 2678 2679
f 2682 2678 2683
f 2521 2684 2514
f 2684 2679 2514
f 2684 2683 2679
f 2685 2524 2525
f 2526 2686 2525
f 2525 2686 2685
f 2680 2528 2520
f 2528 2680 2530
f 2530 2680 2681
f 2530 2681 2531
f 2531 2681 2682
f 2531 2682 2532
f 2532 2682 2683
f 2532 2683 2533
f 2533 2683 2684
f 2533 2684 2521
f 2524 2685 2536
f 2685 2687 2536
f 2685 2688 2687
f 2689 2685 2686
f 2688 2685 2689
f 2537 2690 2526
f 2690 2686 2526
f 2690 2689 2686
f 2538 2691 2537
f 2537 2691 2690
f 2539 2692 2538
f 2538 2692 2691
f 2541 2692 2539
f 2693 2544 2545
f 2546 2694 2545
f 2545 2694 2693
f 2536 2687 2546
f 2687 2694 2546
f 2687 2695 2694
f 2696 2687 2688
f 2695 2687 2696
f 2697 2688 2689
f 2696 2688 2697
f 2698 2689 2690
f 2697 2689 2698
f 2699 2690 2691
f 2698 2690 2699
f 2700 2691 2692
f 2699 2691 2700
f 2547 2701 2541
f 2701 2692 2541
f 2701 2700 2692
f 2548 2702 2547
f 2547 2702 2701
f 2550 2702 2548
f 2544 2693 2703
f 2693 2704 2703
f 2705 2693 2694
f 2704 2693 2705
f 2706 2694 2695
f 2705 2694 2706
f 2707 2695 2696
f 2706 2695 2707
f 2708 2696 2697
f 2707 2696 2708
f 2698 2709 2815
f 2708 2698 2815
f 2697 2698 2708
f 2709 2698 2699
f 2709 2699 2710
f 2710 2699 2700
f 2710 2700 2711
f 2711 2700 2701
f 2711 2701 2712
f 2712 2701 2702
f 2712 2702 2713
f 2713 2702 2550
f 2552 2713 2550
f 2714 2713 2552
f 2716 2714 2715
f 2714 2553 2715
f 2714 2552 2553
f 2554 2717 2553
f 2553 2717 2715
f 2555 2717 2554
f 2718 2559 2703
f 2703 2559 2551
f 2719 2703 2704
f 2718 2703 2719
f 2720 2704 2705
f 2719 2704 2720
f 2720 2706 2721
f 2705 2706 2720
f 2721 2706 2707
f 2721 2707 2722
f 2722 2707 2708
f 2722 2708 2723
f 2723 2708 2815
f 2724 2716 2715
f 2726 2725 2724
f 2715 2726 2724
f 2717 2726 2715
f 2561 2726 2555
f 2555 2726 2717
f 2727 2563 2564
f 2565 2728 2564
f 2564 2728 2727
f 2559 2718 2565
f 2718 2728 2565
f 2718 2729 2728
f 2719 2731 2730
f 2729 2719 2730
f 2718 2719 2729
f 2731 2719 2720
f 2731 2720 2732
f 2732 2720 2721
f 2725 2726 2733
f 2725 2733 2734
f 2567 2733 2561
f 2561 2733 2726
f 2735 2569 2727
f 2727 2569 2563
f 2736 2727 2728
f 2735 2727 2736
f 2736 2729 2737
f 2728 2729 2736
f 2737 2729 2730
f 2740 2739 2738
f 2738 2739 2734
f 2738 2734 2733
f 2571 2738 2733
f 2571 2733 2567
f 2735 2574 2569
f 2574 2735 2576
f 2576 2735 2736
f 2835 2741 2577
f 2835 2577 2576
f 2737 2835 2576
f 2736 2737 2576
f 2743 2742 2741
f 2743 2741 2835
f 2744 2742 2743
f 2747 2746 2745
f 2748 2746 2747
f 2751 2750 2749
f 2749 2750 2740
f 2738 2749 2740
f 2752 2749 2738
f 2571 2752 2738
f 2753 2581 2741
f 2741 2581 2577
f 2754 2741 2742
f 2753 2741 2754
f 2755 2742 2744
f 2754 2742 2755
f 2756 2744 2745
f 2755 2744 2756
f 2756 2746 2757
f 2745 2746 2756
f 2757 2746 2748
f 2759 2758 2583
f 2759 2583 2584
f 2749 2585 2751
f 2585 2758 2751
f 2585 2583 2758
f 2585 2749 2586
f 2586 2749 2752
f 2760 2589 2590
f 2581 2753 2590
f 2753 2760 2590
f 2753 2761 2760
f 2762 2753 2754
f 2761 2753 2762
f 2763 2754 2755
f 2762 2754 2763
f 2756 2765 2764
f 2763 2756 2764
f 2755 2756 2763
f 2765 2756 2757
f 2591 2759 2584
f 2591 2766 2759
f 2760 2594 2589
f 2594 2760 2596
f 2760 2767 2596
f 2760 2761 2767
f 2768 2761 2762
f 2767 2761 2768
f 2769 2762 2763
f 2768 2762 2769
f 2763 2764 2770
f 2763 2770 2769
f 2597 2766 2591
f 2597 2771 2766
f 2772 2600 2767
f 2767 2600 2596
f 2773 2767 2768
f 2772 2767 2773
f 2773 2768 2769
f 2774 2771 2597
f 2774 2597 2601
f 2601 2602 2774
f 2774 2602 2775
f 2600 2772 2605
f 2772 2776 2605
f 2772 2773 2776
f 2777 2773 2769
f 2776 2773 2777
f 2606 2775 2602
f 2606 2778 2775
f 2779 2608 2776
f 2776 2608 2605
f 2780 2776 2777
f 2779 2776 2780
f 2610 2778 2606
f 2610 2781 2778
f 2782 2612 2779
f 2779 2612 2608
f 2783 2779 2780
f 2782 2779 2783
f 2780 2784 2783
f 2610 2613 2785
f 2786 2610 2785
f 2781 2610 2786
f 2787 2614 2782
f 2782 2614 2612
f 2788 2782 2783
f 2787 2782 2788
f 2783 2784 2789
f 2790 2783 2789
f 2788 2783 2790
f 2791 2790 2789
f 2786 2785 2792
f 2786 2792 2793
f 2618 2792 2613
f 2613 2792 2785
f 2787 2619 2614
f 2619 2787 2620
f 2620 2787 2788
f 2788 2790 2794
f 2622 2788 2794
f 2795 2622 2794
f 2788 2622 2620
f 2794 2790 2791
f 2798 2797 2796
f 2796 2797 2793
f 2796 2793 2792
f 2629 2796 2792
f 2628 2629 2792
f 2628 2792 2618
f 2795 2799 2622
f 2622 2799 2630
f 2799 2801 2800
f 2631 2799 2800
f 2630 2799 2631
f 2807 2632 2631
f 2807 2631 2800
f 2802 2633 2632
f 2802 2632 2807
f 2802 2635 2633
f 2804 2803 2638
f 2803 2637 2638
f 2805 2637 2803
f 2796 2639 2798
f 2639 2805 2798
f 2639 2637 2805
f 2639 2796 2629
f 2801 2806 2800
f 2800 2806 2807
f 2802 2807 2808
f 2802 2808 2635
f 2808 2640 2635
f 2808 2809 2640
f 2638 2641 2804
f 2641 2809 2804
f 2641 2640 2809
f 2812 2811 2810
f 2810 2813 2812
f 2815 2709 2816
f 2709 2817 2816
f 2709 2710 2817
f 2818 2710 2711
f 2818 2817 2710
f 2819 2711 2712
f 2819 2818 2711
f 2713 2810 2811
f 2819 2713 2811
f 2712 2713 2819
f 2810 2713 2714
f 2810 2714 2813
f 2714 2716 2813
f 2716 2814 2813
f 2716 2820 2814
f 2722 2822 2721
f 2721 2822 2821
f 2822 2722 2933
f 2722 2823 2933
f 2722 2723 2823
f 2824 2723 2815
f 2823 2723 2824
f 2824 2815 2816
f 2716 2724 2825
f 2826 2716 2825
f 2820 2716 2826
f 2725 2825 2724
f 2827 2730 2731
f 2732 2828 2731
f 2731 2828 2827
f 2721 2821 2732
f 2821 2828 2732
f 2821 2829 2828
f 2830 2821 2822
f 2829 2821 2830
f 2831 2822 2933
f 2830 2822 2831
f 2832 2831 2933
f 2826 2825 2833
f 2826 2833 2834
f 2734 2833 2725
f 2725 2833 2825
f 2730 2827 2737
f 2827 2835 2737
f 2827 2836 2835
f 2837 2827 2828
f 2836 2827 2837
f 2838 2828 2829
f 2837 2828 2838
f 2839 2829 2830
f 2838 2829 2839
f 2839 2831 2840
f 2830 2831 2839
f 2840 2831 2832
f 2834 2833 2739
f 2740 2834 2739
f 2841 2834 2740
f 2739 2833 2734
f 2743 2835 2836
f 2743 2836 2744
f 2744 2836 2837
f 2744 2837 2745
f 2745 2837 2838
f 2745 2838 2747
f 2747 2838 2839
f 2843 2842 2748
f 2843 2748 2747
f 2840 2843 2747
f 2839 2840 2747
f 2845 2844 2842
f 2845 2842 2843
f 2847 2846 2750
f 2847 2750 2751
f 2740 2750 2841
f 2841 2750 2846
f 2748 2842 2757
f 2842 2848 2757
f 2842 2849 2848
f 2850 2842 2844
f 2849 2842 2850
f 2844 2845 2851
f 2852 2844 2851
f 2850 2844 2852
f 2854 2853 2852
f 2854 2852 2851
f 2856 2855 2853
f 2856 2853 2854
f 2758 2759 2855
f 2856 2758 2855
f 2857 2758 2856
f 2751 2758 2847
f 2847 2758 2857
f 2757 2848 2765
f 2848 2858 2765
f 2859 2848 2849
f 2858 2848 2859
f 2860 2849 2850
f 2859 2849 2860
f 2861 2850 2852
f 2860 2850 2861
f 2861 2853 2862
f 2852 2853 2861
f 2864 2863 2862
f 2853 2864 2862
f 2855 2864 2853
f 2766 2864 2759
f 2759 2864 2855
f 2865 2770 2765
f 2765 2770 2764
f 2872 2765 2858
f 2865 2765 2872
f 2866 2858 2859
f 2872 2858 2866
f 2867 2859 2860
f 2866 2859 2867
f 2861 2869 2868
f 2867 2861 2868
f 2860 2861 2867
f 2869 2861 2862
f 2870 2863 2864
f 2864 2766 2870
f 2766 2871 2870
f 2766 2771 2871
f 2865 2769 2770
f 2873 2866 2867
f 2872 2866 2873
f 2867 2868 2874
f 2875 2867 2874
f 2873 2867 2875
f 2876 2875 2874
f 2771 2774 2877
f 2878 2771 2877
f 2871 2771 2878
f 2775 2877 2774
f 2865 2777 2769
f 2886 2865 2872
f 2886 2872 2879
f 2880 2872 2873
f 2879 2872 2880
f 2881 2873 2875
f 2880 2873 2881
f 2875 2876 2882
f 2875 2882 2881
f 2878 2877 2883
f 2878 2883 2884
f 2778 2883 2775
f 2775 2883 2877
f 2885 2780 2865
f 2865 2780 2777
f 2885 2865 2886
f 2887 2886 2879
f 2888 2879 2880
f 2887 2879 2888
f 2889 2880 2881
f 2888 2880 2889
f 2881 2882 2890
f 2881 2890 2889
f 2884 2883 2891
f 2884 2891 2892
f 2781 2891 2778
f 2778 2891 2883
f 2893 2784 2885
f 2885 2784 2780
f 2894 2885 2886
f 2893 2885 2894
f 2895 2886 2887
f 2894 2886 2895
f 2896 2887 2888
f 2895 2887 2896
f 2896 2889 2897
f 2888 2889 2896
f 2897 2889 2890
f 2900 2899 2898
f 2898 2899 2892
f 2891 2898 2892
f 2901 2898 2891
f 2786 2901 2781
f 2781 2901 2891
f 2893 2789 2784
f 2789 2893 2791
f 2893 2902 2791
f 2893 2894 2902
f 2903 2894 2895
f 2902 2894 2903
f 2903 2896 2904
f 2895 2896 2903
f 2905 2914 2898
f 2901 2905 2898
f 2793 2905 2786
f 2786 2905 2901
f 2906 2795 2794
f 2791 2902 2794
f 2902 2906 2794
f 2902 2907 2906
f 2908 2902 2903
f 2907 2902 2908
f 2903 2904 2909
f 2903 2909 2908
f 2912 2911 2910
f 2914 2913 2910
f 2914 2910 2911
f 2913 2914 2905
f 2798 2913 2905
f 2797 2798 2905
f 2797 2905 2793
f 2906 2799 2795
f 2799 2906 2801
f 2906 2915 2801
f 2906 2907 2915
f 2916 2907 2908
f 2915 2907 2916
f 2908 2909 2917
f 2918 2908 2917
f 2916 2908 2918
f 2920 2919 2918
f 2920 2918 2917
f 2919 2920 2912
f 2919 2912 2910
f 2804 2919 2910
f 2803 2804 2910
f 2803 2910 2805
f 2805 2910 2913
f 2805 2913 2798
f 2915 2806 2801
f 2806 2915 2807
f 2807 2915 2916
f 2807 2916 2808
f 2808 2916 2918
f 2808 2918 2809
f 2809 2918 2919
f 2809 2919 2804
f 2921 2811 2812
f 2921 2812 2922
f 2812 2923 2922
f 2812 2813 2923
f 2813 2814 2923
f 2923 2814 2924
f 2925 2816 2817
f 2818 2926 2817
f 2817 2926 2925
f 2926 2818 2927
f 2818 2928 2927
f 2818 2819 2928
f 2819 2811 2921
f 2929 2819 2921
f 2928 2819 2929
f 2929 2921 2922
f 2820 2931 2930
f 2924 2820 2930
f 2814 2820 2924
f 2931 2932 2930
f 2824 2934 2823
f 2823 2934 2933
f 2935 2934 2824
f 2935 2824 2816
f 2936 2935 2816
f 2925 2936 2816
f 2936 2925 2926
f 2936 2926 2937
f 2937 2926 2927
f 2826 2938 2931
f 2826 2931 2820
f 2932 2931 2939
f 2939 2931 2938
f 2933 2940 2832
f 2933 2934 2940
f 2941 2934 2935
f 2940 2934 2941
f 2942 2941 2935
f 2944 2943 2938
f 2826 2944 2938
f 2834 2944 2826
f 2938 2943 2939
f 2832 2940 2840
f 2940 2945 2840
f 2940 2946 2945
f 2947 2940 2941
f 2946 2940 2947
f 2941 2942 2948
f 2941 2948 2947
f 2841 2944 2834
f 2841 2949 2944
f 2945 2843 2840
f 2843 2945 2845
f 2845 2945 2946
f 2946 2950 2845
f 2946 2947 2950
f 2947 2948 2951
f 2952 2947 2951
f 2950 2947 2952
f 2997 2952 2951
f 2956 2954 2953
f 2846 2847 2953
f 2954 2846 2953
f 2955 2846 2954
f 2841 2846 2949
f 2949 2846 2955
f 2950 2851 2845
f 2851 2950 2854
f 2854 2950 2952
f 2997 2956 2952
f 2956 2854 2952
f 2956 2856 2854
f 2953 2857 2956
f 2857 2856 2956
f 2857 2953 2847
f 2863 2957 2862
f 2958 2868 2869
f 2862 2957 2869
f 2957 2958 2869
f 2957 2959 2958
f 2870 2960 2863
f 2960 2957 2863
f 2960 2959 2957
f 2871 2960 2870
f 2958 2874 2868
f 2874 2958 2876
f 2958 2961 2876
f 2958 2959 2961
f 2962 2959 2960
f 2961 2959 2962
f 2878 2962 2871
f 2871 2962 2960
f 2963 2882 2961
f 2961 2882 2876
f 2964 2961 2962
f 2963 2961 2964
f 2884 2964 2878
f 2878 2964 2962
f 2965 2890 2963
f 2963 2890 2882
f 2966 2963 2964
f 2965 2963 2966
f 2892 2966 2884
f 2884 2966 2964
f 2890 2965 2897
f 2965 2967 2897
f 2965 2968 2967
f 2900 2968 2899
f 2968 2966 2899
f 2968 2965 2966
f 2899 2966 2892
f 2969 2904 2896
f 2897 2967 2896
f 2967 2969 2896
f 2967 2970 2969
f 2971 2967 2968
f 2970 2967 2971
f 2898 2972 2900
f 2972 2968 2900
f 2972 2971 2968
f 2914 2972 2898
f 2973 2909 2969
f 2969 2909 2904
f 2974 2969 2970
f 2973 2969 2974
f 2912 2974 2911
f 2974 2971 2911
f 2974 2970 2971
f 2911 2971 2914
f 2914 2971 2972
f 2973 2917 2909
f 2917 2973 2920
f 2920 2973 2974
f 2920 2974 2912
f 2975 2927 2928
f 2929 2976 2928
f 2928 2976 2975
f 2977 2976 2929
f 2977 2929 2922
f 2978 2977 2922
f 2923 2978 2922
f 2978 2923 2924
f 2930 2978 2924
f 2979 2978 2930
f 2930 2932 2979
f 2979 2932 2980
f 2981 2935 2936
f 2937 2982 2936
f 2936 2982 2981
f 2983 2982 2937
f 2983 2937 2927
f 2984 2983 2927
f 2975 2984 2927
f 2984 2975 2976
f 2984 2976 2985
f 2985 2976 2977
f 2939 2980 2932
f 2939 2986 2980
f 2935 2981 2942
f 2981 2987 2942
f 2981 2982 2987
f 2988 2982 2983
f 2987 2982 2988
f 2989 2988 2983
f 2991 2990 2943
f 2991 2943 2944
f 2939 2943 2986
f 2986 2943 2990
f 2992 2948 2987
f 2987 2948 2942
f 2993 2987 2988
f 2992 2987 2993
f 2988 2989 2994
f 2993 2988 2994
f 2996 2995 2994
f 2996 2991 2995
f 2991 2949 2995
f 2991 2944 2949
f 2992 2951 2948
f 2951 2992 2997
f 2992 2993 2997
f 2956 2997 2954
f 2997 2994 2954
f 2997 2993 2994
f 2954 2994 2955
f 2955 2994 2995
f 2955 2995 2949
f 2998 2977 2978
f 2979 2999 2978
f 2978 2999 2998
f 2980 2999 2979
f 2985 3000 2984
f 2977 2998 2985
f 2998 3000 2985
f 2998 3001 3000
f 3002 2998 2999
f 3001 2998 3002
f 2986 3002 2980
f 2980 3002 2999
f 2983 2984 2989
f 2984 3003 2989
f 2984 3000 3003
f 3004 3000 3001
f 3003 3000 3004
f 2991 3004 2990
f 3004 3002 2990
f 3004 3001 3002
f 2990 3002 2986
f 3003 2994 2989
f 2994 3003 2996
f 2996 3003 3004
f 2996 3004 2991
