v 32.6 -81.0 40.0
v 33.0 -81.0 39.3
v 33.0 -81.4 40.0
v 33.0 -81.5 41.0
v 32.2 -81.0 41.0
v 33.0 -81.3 42.0
v 32.7 -81.0 42.0
v 32.9 -81.0 45.9
v 33.0 -81.4 46.0
v 33.0 -81.0 47.0
v 32.8 -80.0 40.0
v 33.0 -80.0 39.8
v 32.6 -80.0 41.0
v 32.6 -80.0 42.0
v 33.1 -80.9 42.6
v 32.8 -80.0 43.0
v 33.0 -80.8 46.0
v 33.0 -79.8 40.0
v 33.0 -79.6 41.0
v 33.0 -79.0 42.0
v 33.0 -79.1 43.0
v 32.9 -72.0 50.0
v 33.0 -72.0 51.0
v 34.0 -81.0 39.5
v 34.0 -81.9 40.0
v 34.0 -81.7 41.0
v 34.0 -81.6 42.0
v 34.0 -81.3 43.0
v 34.0 -81.0 43.3
v 34.0 -81.0 45.7
v 34.0 -81.2 46.0
v 34.0 -81.1 47.0
v 34.1 -81.0 47.3
v 34.0 -80.0 39.7
v 34.0 -80.4 44.0
v 33.7 -80.0 44.0
v 34.0 -80.4 45.0
v 33.7 -80.0 45.0
v 34.0 -80.0 46.3
v 34.0 -80.8 47.0
v 34.0 -79.7 40.0
v 34.0 -79.6 41.0
v 34.0 -79.5 42.0
v 34.0 -79.3 43.0
v 34.0 -79.5 44.0
v 33.9 -79.0 45.0
v 33.7 -80.0 46.0
v 33.6 -74.0 53.0
v 34.0 -74.3 53.0
v 34.0 -74.2 54.0
v 33.5 -74.0 54.0
v 34.0 -74.0 54.2
v 33.2 -73.0 52.0
v 34.0 -72.7 51.0
v 33.5 -73.0 53.0
v 33.8 -73.0 54.0
v 34.0 -73.0 54.2
v 33.7 -72.0 48.0
v 34.0 -72.5 49.0
v 33.5 -72.0 49.0
v 33.6 -72.0 52.0
v 34.0 -72.5 53.0
v 33.8 -71.0 46.0
v 34.3 -72.0 47.0
v 33.6 -71.0 47.0
v 33.5 -71.0 48.0
v 33.1 -71.0 49.0
v 33.5 -71.0 50.0
v 33.7 -71.0 51.0
v 34.0 -71.8 52.1
v 33.8 -70.0 46.0
v 33.7 -70.0 47.0
v 33.7 -70.0 48.0
v 34.0 -70.3 49.0
v 34.0 -70.6 50.0
v 34.0 -70.8 51.0
v 34.0 -69.8 46.0
v 34.0 -69.6 47.0
v 34.0 -69.7 48.0
v 35.0 -88.0 30.8
v 35.0 -88.8 31.0
v 34.8 -88.0 31.0
v 34.9 -88.0 32.0
v 34.8 -83.0 42.0
v 35.0 -83.2 42.0
v 34.5 -82.0 41.0
v 35.0 -82.4 41.0
v 34.5 -82.0 42.0
v 35.0 -83.0 43.0
v 35.0 -81.0 39.6
v 35.0 -81.7 40.0
v 35.1 -82.0 42.9
v 34.3 -81.0 46.0
v 35.0 -80.0 39.7
v 34.7 -80.0 41.0
v 35.0 -80.2 41.0
v 35.0 -80.0 42.0
v 35.0 -80.8 44.0
v 35.0 -80.5 45.0
v 35.0 -80.2 46.0
v 35.1 -79.9 46.2
v 35.0 -79.8 40.0
v 35.0 -79.0 42.6
v 34.5 -79.0 43.0
v 34.3 -79.0 44.0
v 34.6 -79.0 46.0
v 35.0 -79.0 46.3
v 35.0 -78.5 43.0
v 35.0 -78.0 45.0
v 34.8 -78.0 46.0
v 35.0 -78.0 46.5
v 35.0 -77.7 44.0
v 35.0 -77.7 45.0
v 35.0 -77.8 46.0
v 34.8 -75.0 51.0
v 34.8 -74.0 45.0
v 35.0 -74.2 45.0
v 35.0 -74.5 46.0
v 34.6 -74.0 46.1
v 35.0 -74.5 48.9
v 34.6 -74.0 50.0
v 35.0 -74.7 52.0
v 34.4 -74.0 52.0
v 35.0 -74.5 53.0
v 34.6 -72.9 45.0
v 34.5 -72.7 46.1
v 34.4 -73.0 48.0
v 34.4 -73.0 50.0
v 34.2 -73.0 51.0
v 35.0 -73.9 53.8
v 35.0 -73.0 54.2
v 34.6 -71.8 45.0
v 34.4 -72.0 46.0
v 34.0 -72.9 54.0
v 34.5 -71.0 45.0
v 36.0 -71.0 51.6
v 35.0 -70.3 50.0
v 35.0 -70.6 51.0
v 35.0 -69.8 45.0
v 35.0 -69.5 46.0
v 35.0 -69.4 47.0
v 35.0 -69.1 48.0
v 35.0 -69.6 49.0
v 36.0 -89.0 31.0
v 36.0 -88.0 30.5
v 36.0 -88.5 32.0
v 36.0 -88.3 33.0
v 35.6 -88.0 33.0
v 36.0 -88.1 34.0
v 36.0 -87.0 30.7
v 35.5 -87.0 32.0
v 35.5 -87.0 33.0
v 35.5 -87.0 34.0
v 36.0 -87.4 35.0
v 35.7 -87.0 35.0
v 36.0 -87.0 35.7
v 35.9 -86.8 31.0
v 36.0 -86.4 32.0
v 35.8 -86.0 33.0
v 36.0 -85.8 33.0
v 35.7 -86.0 34.0
v 35.7 -86.0 35.0
v 36.0 -86.0 35.5
v 36.0 -85.7 34.0
v 36.0 -85.7 35.0
v 35.9 -85.0 36.0
v 36.0 -85.3 37.0
v 35.0 -85.0 37.0
v 35.1 -85.0 38.0
v 36.0 -85.2 38.0
v 36.0 -84.0 36.7
v 35.5 -84.0 38.0
v 35.7 -84.0 37.0
v 35.9 -83.0 38.0
v 36.0 -83.0 38.2
v 36.0 -84.0 39.0
v 36.0 -82.7 41.0
v 36.0 -83.4 42.0
v 36.0 -83.2 43.0
v 35.3 -82.0 40.1
v 36.0 -82.0 39.6
v 36.0 -82.4 40.0
v 36.0 -82.1 44.0
v 36.0 -81.0 39.4
v 35.3 -81.0 44.0
v 36.0 -81.0 44.9
v 36.0 -80.0 39.0
v 36.0 -80.0 41.0
v 36.0 -80.0 41.0
v 35.0 -80.0 42.0
v 36.0 -80.7 45.0
v 36.0 -80.0 45.2
v 36.0 -79.6 40.0
v 35.6 -79.0 42.0
v 36.0 -79.0 45.9
v 36.2 -78.1 42.0
v 35.4 -78.0 43.0
v 36.0 -78.0 46.5
v 35.7 -76.9 43.0
v 35.4 -77.0 44.0
v 35.1 -77.0 45.0
v 35.7 -76.0 44.0
v 35.5 -76.0 45.0
v 36.1 -77.0 46.0
v 35.7 -76.0 46.0
v 35.7 -76.0 49.0
v 36.0 -76.5 50.0
v 35.6 -76.0 50.0
v 36.0 -76.4 51.0
v 35.6 -76.0 51.0
v 36.0 -76.1 52.0
v 35.9 -75.0 43.0
v 36.0 -75.4 43.0
v 35.5 -75.0 46.0
v 35.5 -75.0 47.0
v 36.3 -76.0 48.0
v 35.5 -75.0 48.0
v 35.3 -75.0 50.0
v 35.3 -75.0 52.0
v 36.0 -75.1 53.1
v 35.8 -74.0 42.9
v 36.1 -75.0 44.0
v 35.5 -74.0 44.0
v 36.0 -74.3 54.0
v 35.9 -74.0 54.2
v 36.0 -73.0 54.3
v 35.5 -73.0 44.0
v 36.0 -72.2 53.0
v 36.0 -72.7 54.0
v 34.9 -70.0 44.9
v 36.0 -70.5 51.0
v 36.0 -69.8 44.0
v 36.0 -69.5 45.0
v 36.0 -69.5 46.0
v 36.0 -69.5 47.0
v 36.0 -69.4 48.0
v 36.0 -69.6 49.0
v 36.0 -69.9 50.0
v 37.0 -88.0 29.9
v 37.0 -88.4 31.0
v 37.0 -88.4 31.8
v 37.0 -88.3 33.0
v 36.7 -87.0 30.0
v 37.0 -87.0 29.7
v 37.0 -87.6 34.0
v 37.1 -87.2 35.0
v 37.0 -87.0 35.4
v 37.0 -86.8 30.0
v 36.9 -86.3 31.1
v 36.7 -86.0 36.0
v 37.0 -86.1 36.1
v 37.0 -85.7 32.0
v 37.0 -85.5 33.0
v 37.0 -85.5 35.0
v 37.0 -85.0 35.7
v 37.0 -85.0 36.4
v 37.0 -84.6 37.0
v 37.0 -84.1 36.4
v 37.0 -84.5 38.0
v 37.0 -84.2 39.0
v 37.0 -83.0 36.6
v 36.3 -83.0 39.0
v 37.0 -83.5 40.0
v 36.5 -83.0 40.0
v 37.0 -83.4 41.0
v 37.0 -83.3 42.0
v 37.0 -82.6 37.0
v 37.0 -82.3 38.0
v 36.6 -82.0 39.0
v 37.0 -82.6 43.0
v 36.9 -81.8 43.8
v 37.0 -80.0 38.7
v 37.0 -80.6 45.0
v 37.0 -80.2 46.0
v 36.7 -80.0 46.0
v 37.0 -80.0 47.0
v 37.0 -79.6 39.0
v 37.0 -79.2 40.0
v 36.5 -79.0 41.0
v 36.9 -79.0 48.0
v 37.0 -79.1 48.1
v 36.6 -78.0 41.0
v 36.4 -78.0 47.0
v 36.9 -78.0 49.0
v 37.0 -78.1 49.0
v 36.6 -77.1 41.0
v 36.4 -77.0 42.0
v 36.5 -77.0 47.0
v 37.0 -78.0 48.0
v 36.6 -77.0 48.0
v 36.4 -77.0 49.0
v 37.0 -77.9 50.0
v 36.5 -77.0 50.0
v 37.0 -77.0 50.4
v 36.6 -76.0 42.0
v 36.2 -76.0 43.0
v 36.3 -76.0 47.0
v 36.8 -76.0 41.0
v 36.0 -75.0 45.0
v 37.0 -76.4 51.0
v 36.9 -74.0 41.0
v 36.5 -74.0 42.0
v 37.0 -74.6 53.0
v 37.1 -74.1 54.1
v 37.0 -74.0 54.2
v 36.6 -73.0 42.0
v 37.3 -73.0 41.0
v 37.0 -73.0 54.3
v 36.7 -72.0 42.0
v 36.3 -73.0 43.0
v 36.3 -72.0 53.0
v 37.0 -72.0 53.6
v 37.0 -72.5 54.0
v 36.5 -71.0 43.0
v 36.4 -71.0 52.0
v 36.7 -71.0 53.0
v 37.0 -71.0 53.4
v 36.9 -70.0 42.7
v 37.0 -70.2 49.0
v 37.0 -70.4 50.0
v 37.0 -70.5 51.0
v 37.0 -70.6 52.0
v 37.0 -70.7 53.0
v 36.9 -70.0 55.0
v 36.8 -70.0 56.0
v 37.0 -70.0 56.2
v 37.0 -69.7 43.0
v 37.0 -69.5 44.0
v 37.1 -69.5 45.2
v 37.0 -69.6 48.0
v 37.9 -88.0 28.0
v 38.0 -88.0 27.9
v 38.0 -88.1 28.0
v 38.0 -88.0 29.1
v 37.6 -87.9 30.8
v 37.8 -87.0 28.0
v 38.0 -87.0 27.8
v 37.8 -87.0 29.0
v 38.0 -87.3 30.0
v 38.0 -87.5 32.0
v 38.0 -87.5 33.0
v 37.9 -86.8 33.9
v 38.0 -86.4 28.0
v 38.0 -86.8 29.0
v 38.0 -86.8 30.0
v 38.0 -86.7 34.0
v 38.0 -86.4 35.0
v 37.2 -86.0 36.0
v 38.0 -86.0 35.4
v 38.0 -85.9 31.0
v 38.0 -85.4 32.0
v 38.0 -85.4 33.0
v 38.0 -85.4 34.0
v 38.0 -85.4 35.0
v 38.0 -85.4 36.0
v 38.0 -85.0 35.5
v 38.0 -85.0 36.3
v 38.0 -83.9 35.5
v 38.0 -84.4 37.0
v 37.9 -83.0 35.7
v 38.0 -83.7 38.0
v 38.0 -83.5 39.0
v 37.5 -82.0 37.0
v 38.0 -82.0 36.4
v 37.2 -82.0 38.0
v 37.9 -82.7 42.0
v 38.0 -82.2 43.0
v 37.8 -81.0 37.0
v 38.0 -81.0 36.8
v 37.5 -81.0 38.0
v 37.0 -81.0 39.0
v 38.0 -81.1 44.3
v 37.6 -80.0 38.0
v 38.0 -80.0 37.6
v 38.0 -80.5 45.0
v 38.0 -80.0 45.6
v 37.5 -79.0 39.0
v 38.0 -79.0 38.4
v 37.2 -79.0 40.0
v 38.0 -79.6 46.0
v 38.0 -79.4 47.0
v 38.0 -79.1 48.1
v 38.0 -78.0 38.6
v 38.0 -78.0 48.5
v 37.6 -78.0 39.0
v 37.4 -78.0 40.0
v 38.0 -77.7 49.0
v 38.0 -77.3 50.0
v 38.0 -77.0 50.3
v 37.7 -76.0 39.0
v 38.0 -76.0 38.7
v 37.4 -76.0 40.0
v 37.5 -75.0 40.0
v 37.3 -75.0 41.0
v 37.0 -75.0 42.0
v 38.0 -76.0 50.7
v 38.0 -74.7 51.9
v 37.7 -74.0 39.0
v 37.4 -74.0 40.0
v 37.7 -74.0 53.0
v 37.6 -73.0 39.0
v 37.4 -73.0 54.0
v 37.7 -72.0 38.0
v 37.5 -72.7 39.9
v 37.4 -72.0 41.0
v 38.0 -73.0 53.6
v 37.5 -72.0 54.0
v 38.0 -72.0 54.4
v 37.7 -71.0 37.0
v 37.5 -71.0 38.0
v 37.5 -71.1 38.9
v 37.5 -71.0 41.0
v 37.3 -71.0 42.0
v 37.4 -71.0 54.0
v 38.0 -71.4 55.0
v 37.6 -71.0 55.0
v 37.6 -70.0 37.0
v 38.0 -70.0 36.4
v 37.5 -70.0 38.0
v 37.6 -70.0 39.0
v 37.5 -69.9 40.7
v 37.4 -70.0 42.0
v 38.0 -70.4 49.0
v 38.0 -70.5 50.0
v 38.0 -70.5 51.0
v 38.0 -70.3 52.0
v 37.6 -70.0 53.0
v 37.5 -70.0 54.0
v 38.0 -70.0 56.4
v 37.9 -69.0 36.0
v 37.7 -69.0 37.0
v 37.8 -69.0 38.0
v 38.1 -69.1 39.0
v 37.7 -69.0 40.1
v 37.6 -69.0 42.0
v 37.7 -69.0 43.0
v 38.0 -69.4 44.0
v 38.9 -69.5 45.6
v 37.2 -69.5 47.0
v 38.0 -69.7 48.0
v 38.0 -69.6 53.0
v 38.1 -69.0 54.0
v 37.5 -69.0 55.0
v 37.0 -69.0 56.0
v 38.0 -69.0 56.3
v 38.0 -68.6 37.0
v 38.0 -68.7 38.0
v 38.0 -68.8 40.0
v 38.0 -68.6 41.6
v 38.0 -68.8 43.0
v 38.0 -68.5 55.0
v 38.0 -68.6 56.0
v 38.7 -88.0 28.0
v 38.2 -87.0 28.0
v 38.2 -87.0 29.0
v 38.2 -87.0 30.0
v 38.3 -87.0 31.0
v 38.6 -87.0 32.0
v 39.0 -87.1 33.0
v 38.1 -86.0 31.0
v 39.1 -86.4 34.0
v 39.0 -86.2 35.0
v 39.0 -86.0 35.3
v 38.7 -85.0 32.0
v 38.4 -85.0 33.0
v 38.4 -85.0 34.0
v 38.3 -85.0 35.0
v 39.0 -85.3 36.0
v 38.6 -84.0 33.0
v 38.5 -84.0 34.0
v 38.4 -84.0 35.0
v 39.0 -84.0 36.7
v 39.0 -83.3 33.2
v 38.7 -83.0 34.0
v 38.4 -83.0 35.0
v 39.0 -83.7 37.0
v 39.0 -83.3 38.0
v 38.0 -83.2 41.0
v 39.0 -82.7 39.0
v 39.0 -82.5 40.0
v 39.0 -82.1 41.0
v 38.3 -82.0 43.0
v 39.0 -82.1 42.1
v 38.7 -81.9 35.0
v 38.4 -82.0 36.0
v 39.0 -81.0 36.3
v 38.4 -81.0 44.0
v 38.9 -80.9 42.9
v 39.0 -80.5 44.0
v 39.0 -80.2 45.0
v 39.0 -80.0 45.2
v 39.0 -79.0 37.6
v 39.0 -79.0 45.7
v 38.7 -79.0 46.1
v 39.0 -78.0 38.2
v 39.0 -78.7 46.0
v 39.0 -78.0 46.7
v 38.8 -78.0 47.0
v 38.5 -78.0 48.0
v 39.0 -77.5 47.0
v 39.0 -77.5 48.0
v 39.0 -77.3 49.0
v 38.5 -77.0 49.9
v 38.6 -76.0 38.0
v 39.3 -76.3 49.9
v 39.0 -76.0 50.4
v 38.5 -74.0 38.0
v 38.1 -75.0 39.0
v 39.0 -75.2 51.2
v 38.1 -73.0 38.3
v 39.0 -73.2 53.2
v 39.2 -73.0 37.2
v 39.0 -72.4 54.1
v 39.0 -71.0 35.6
v 39.0 -71.3 55.0
v 38.0 -71.0 56.0
v 39.1 -71.0 55.2
v 39.0 -70.5 49.0
v 39.0 -70.5 50.0
v 39.0 -70.3 51.0
v 38.2 -70.0 52.3
v 39.0 -69.0 34.8
v 39.0 -69.3 44.0
v 39.0 -69.5 45.0
v 39.0 -69.6 47.0
v 39.0 -69.1 52.3
v 38.5 -69.0 53.0
v 38.7 -69.9 55.9
v 39.1 -69.0 56.2
v 39.1 -68.0 35.4
v 38.7 -68.0 36.0
v 39.0 -68.4 38.0
v 39.0 -68.6 39.0
v 39.0 -68.5 42.0
v 39.0 -68.6 43.0
v 38.7 -68.0 53.0
v 38.2 -68.0 54.0
v 38.5 -68.0 55.0
v 39.0 -68.0 56.2
v 39.0 -67.7 36.0
v 39.0 -67.8 37.0
v 39.0 -67.8 53.0
v 39.0 -67.6 54.0
v 39.0 -67.6 55.0
v 39.0 -67.8 56.0
v 39.2 -86.0 31.9
v 40.1 -86.0 33.0
v 40.0 -86.0 33.2
v 39.0 -85.0 31.8
v 40.0 -85.0 32.5
v 40.0 -85.7 34.0
v 40.0 -85.4 35.0
v 39.0 -84.0 32.0
v 40.0 -84.0 32.5
v 39.7 -84.8 35.9
v 39.0 -85.0 36.2
v 40.0 -83.0 32.2
v 40.0 -82.8 37.0
v 40.0 -83.0 36.8
v 39.4 -83.0 33.0
v 40.0 -82.0 32.4
v 39.3 -82.0 34.0
v 40.0 -82.6 38.0
v 40.0 -82.4 40.0
v 40.0 -82.1 41.0
v 40.0 -81.0 29.0
v 39.7 -81.0 33.0
v 39.5 -81.0 34.0
v 39.4 -81.0 35.0
v 39.3 -81.0 36.0
v 40.3 -81.2 42.0
v 40.0 -81.0 42.4
v 39.8 -80.0 28.0
v 40.0 -80.0 27.7
v 39.8 -80.0 34.0
v 40.1 -80.0 36.0
v 39.1 -80.0 37.2
v 39.7 -79.9 44.0
v 40.0 -80.4 43.0
v 39.9 -79.0 28.0
v 39.8 -80.0 29.0
v 39.7 -80.0 35.0
v 39.5 -79.0 37.0
v 40.0 -79.0 36.5
v 40.0 -79.0 45.4
v 39.8 -78.1 36.8
v 39.3 -78.0 38.0
v 40.0 -78.5 46.0
v 40.0 -78.1 47.0
v 39.2 -77.0 38.2
v 40.0 -77.3 48.0
v 40.0 -76.0 36.7
v 40.0 -75.0 36.5
v 39.8 -75.4 50.3
v 39.9 -73.5 52.1
v 40.3 -73.0 36.0
v 39.7 -72.0 35.0
v 39.4 -72.0 36.0
v 40.0 -72.6 53.0
v 39.8 -71.0 34.0
v 39.4 -71.0 35.0
v 39.8 -71.0 54.0
v 40.0 -72.0 54.0
v 39.6 -70.0 34.0
v 39.3 -70.0 35.1
v 39.0 -70.1 48.0
v 40.0 -70.2 49.0
v 40.0 -70.2 50.0
v 39.9 -70.0 50.5
v 39.6 -70.0 55.0
v 39.6 -69.0 34.0
v 40.0 -69.6 48.0
v 40.0 -69.0 55.4
v 39.8 -68.0 33.0
v 40.0 -68.4 33.0
v 39.8 -68.0 34.0
v 39.5 -68.0 35.0
v 40.0 -68.5 38.0
v 40.0 -68.5 39.0
v 39.0 -68.5 41.0
v 40.0 -68.7 44.0
v 40.0 -68.0 56.0
v 40.0 -67.8 33.0
v 40.0 -67.7 34.0
v 40.0 -67.3 35.0
v 40.0 -67.6 36.0
v 40.0 -67.8 52.0
v 40.0 -67.5 53.0
v 40.0 -67.5 54.0
v 40.0 -67.7 55.0
v 40.5 -85.0 33.0
v 40.8 -84.7 35.0
v 41.0 -85.1 34.0
v 40.5 -84.0 33.0
v 41.0 -84.0 33.4
v 40.7 -83.0 33.0
v 41.0 -83.0 33.2
v 41.1 -83.0 36.3
v 41.0 -82.3 32.0
v 40.6 -82.0 32.0
v 41.0 -82.4 37.0
v 40.8 -81.9 40.0
v 41.0 -82.1 39.0
v 40.6 -81.0 28.0
v 41.0 -81.3 28.0
v 41.0 -81.4 29.0
v 41.0 -81.4 30.0
v 40.6 -81.0 30.0
v 40.4 -81.0 32.0
v 40.8 -82.0 38.0
v 41.0 -81.3 41.0
v 41.0 -81.0 41.3
v 41.0 -80.0 26.8
v 41.1 -80.0 30.0
v 40.4 -80.0 33.0
v 40.8 -80.0 42.0
v 41.0 -80.0 41.8
v 40.4 -80.0 43.0
v 40.5 -79.0 29.0
v 41.0 -79.0 29.4
v 40.7 -80.0 31.0
v 40.6 -80.0 32.0
v 41.3 -79.0 33.0
v 40.5 -79.0 36.0
v 41.0 -78.4 45.0
v 41.0 -78.0 27.8
v 41.4 -78.1 29.0
v 40.5 -79.0 35.1
v 41.0 -78.0 36.2
v 41.0 -77.9 28.0
v 40.2 -77.0 37.1
v 41.0 -77.0 36.5
v 41.0 -77.7 46.0
v 41.0 -77.4 47.0
v 41.0 -76.0 36.4
v 41.7 -76.9 46.9
v 40.8 -75.0 36.0
v 41.0 -75.0 35.9
v 41.0 -75.2 36.0
v 40.5 -74.0 36.0
v 41.0 -74.0 35.4
v 40.7 -73.0 34.9
v 40.2 -71.9 34.3
v 41.1 -71.7 33.0
v 41.0 -72.6 52.0
v 40.5 -72.0 53.0
v 41.0 -72.0 52.5
v 40.7 -71.0 32.0
v 40.9 -71.2 31.9
v 40.6 -71.0 53.0
v 41.0 -71.0 52.7
v 40.7 -70.1 31.1
v 41.0 -70.0 30.6
v 40.5 -71.0 33.0
v 40.2 -70.0 49.0
v 40.2 -70.0 50.0
v 41.0 -70.0 52.9
v 40.3 -70.0 54.0
v 41.0 -69.0 30.0
v 40.7 -69.0 31.0
v 40.5 -69.0 32.0
v 40.3 -69.0 33.0
v 41.0 -69.1 38.0
v 40.0 -69.3 45.0
v 40.0 -69.4 46.1
v 40.0 -69.4 47.0
v 40.5 -69.0 48.0
v 40.6 -69.0 49.9
v 40.2 -69.0 51.1
v 40.7 -69.0 54.0
v 40.3 -69.0 55.0
v 41.0 -68.7 31.0
v 40.1 -68.0 32.0
v 41.0 -68.2 34.0
v 40.6 -68.0 34.0
v 41.0 -68.3 35.0
v 41.0 -68.4 36.0
v 40.0 -67.8 37.0
v 41.0 -68.6 37.0
v 41.1 -68.5 40.2
v 40.6 -68.5 43.5
v 41.0 -68.6 45.0
v 41.0 -68.6 47.3
v 41.0 -68.5 49.0
v 40.6 -68.0 51.1
v 41.0 -69.0 53.7
v 41.0 -68.0 54.4
v 40.4 -68.0 55.0
v 40.9 -67.0 27.0
v 41.0 -67.8 32.0
v 41.0 -67.7 33.0
v 41.0 -67.6 51.0
v 41.0 -67.4 53.0
v 41.0 -67.6 54.0
v 40.8 -66.0 26.0
v 41.0 -66.0 25.3
v 41.0 -66.3 26.0
v 41.0 -66.4 27.0
v 41.0 -66.0 26.8
v 41.0 -65.8 26.0
v 42.0 -84.0 34.0
v 42.0 -83.0 33.6
v 41.9 -83.5 35.0
v 41.0 -82.0 31.0
v 41.3 -82.0 32.0
v 41.7 -82.0 33.0
v 42.0 -82.0 33.3
v 41.9 -81.7 36.9
v 41.6 -81.0 27.0
v 42.0 -81.3 27.0
v 42.0 -81.5 28.0
v 42.0 -81.4 29.0
v 42.0 -81.4 30.0
v 42.0 -81.6 31.0
v 42.0 -81.5 32.0
v 42.0 -80.9 38.0
v 41.9 -80.7 40.0
v 42.1 -81.1 39.0
v 41.7 -80.0 26.0
v 42.0 -80.0 25.8
v 42.2 -80.1 41.0
v 42.0 -80.0 41.3
v 41.7 -79.0 26.0
v 42.0 -79.0 25.7
v 41.1 -78.9 27.2
v 41.5 -79.0 30.0
v 41.9 -78.9 41.9
v 41.5 -78.0 27.0
v 42.0 -78.0 29.5
v 41.5 -79.0 31.0
v 41.7 -78.0 32.0
v 41.5 -78.1 34.0
v 41.5 -78.0 35.0
v 41.2 -78.0 36.0
v 41.5 -78.2 44.0
v 41.9 -78.5 43.0
v 41.9 -77.0 27.0
v 42.0 -77.3 28.0
v 42.0 -77.7 29.0
v 41.6 -77.0 36.0
v 42.0 -77.7 44.0
v 42.0 -77.5 45.0
v 42.0 -77.3 46.0
v 42.0 -76.0 36.2
v 42.0 -76.0 47.5
v 41.7 -75.0 36.0
v 42.0 -74.3 34.9
v 42.0 -72.6 33.1
v 42.0 -72.3 32.0
v 42.0 -72.6 51.0
v 42.0 -72.2 52.0
v 42.1 -72.0 52.2
v 41.9 -71.2 30.9
v 42.0 -71.0 52.6
v 41.7 -70.0 29.8
v 42.0 -70.4 30.0
v 42.0 -70.0 53.1
v 41.9 -69.0 28.9
v 42.0 -69.1 31.0
v 42.0 -69.1 37.0
v 42.0 -69.4 38.0
v 41.0 -68.7 39.0
v 42.0 -69.3 39.0
v 42.0 -69.0 53.6
v 41.7 -68.0 27.0
v 42.0 -68.5 28.0
v 41.7 -68.0 28.1
v 42.0 -68.5 29.0
v 42.0 -68.6 30.0
v 42.0 -68.5 32.0
v 42.0 -67.8 34.0
v 42.0 -68.6 36.0
v 42.0 -68.6 40.0
v 42.0 -68.4 41.0
v 42.0 -68.4 43.0
v 42.0 -68.5 44.7
v 42.0 -68.4 46.0
v 42.0 -67.7 49.0
v 41.2 -68.2 50.0
v 42.0 -68.0 54.2
v 41.6 -67.0 26.0
v 42.0 -67.0 25.7
v 41.6 -67.0 28.0
v 42.0 -67.4 50.0
v 41.1 -67.4 52.0
v 42.0 -67.0 54.2
v 42.0 -66.0 25.0
v 42.0 -66.0 26.6
v 42.0 -66.3 27.0
v 42.0 -66.5 28.0
v 42.0 -67.0 29.0
v 42.0 -66.6 51.0
v 41.8 -66.7 53.0
v 41.9 -66.8 54.0
v 42.0 -65.6 26.0
v 42.4 -83.0 34.0
v 42.4 -83.0 35.0
v 43.0 -82.0 33.8
v 43.2 -82.0 34.0
v 42.4 -82.0 35.9
v 43.0 -81.2 27.0
v 43.0 -81.3 28.0
v 43.0 -80.7 29.0
v 43.0 -80.7 32.0
v 43.0 -81.1 31.0
v 43.0 -81.0 33.3
v 43.0 -81.2 35.0
v 42.6 -81.0 36.0
v 42.4 -81.0 37.0
v 43.0 -80.0 25.5
v 43.0 -80.5 26.0
v 43.0 -80.6 30.0
v 43.0 -80.8 33.0
v 43.0 -81.0 35.0
v 43.0 -80.6 36.0
v 43.0 -80.6 37.0
v 43.0 -80.4 38.0
v 43.1 -80.3 39.0
v 43.0 -79.0 24.9
v 43.0 -79.7 40.0
v 43.0 -79.4 41.0
v 43.0 -79.0 41.4
v 42.1 -78.0 26.3
v 42.3 -78.0 30.0
v 42.3 -78.0 31.0
v 43.0 -78.4 42.0
v 42.5 -77.0 26.0
v 42.7 -77.1 30.0
v 42.4 -77.0 32.9
v 42.4 -77.0 33.9
v 42.3 -77.0 35.0
v 43.1 -77.5 43.0
v 42.6 -76.9 45.1
v 43.1 -77.2 44.0
v 42.7 -75.9 26.0
v 42.5 -76.0 27.0
v 43.3 -76.0 28.0
v 43.0 -76.4 28.0
v 42.5 -77.0 32.0
v 42.7 -76.0 33.0
v 42.6 -75.9 35.0
v 42.2 -76.0 36.0
v 43.1 -76.3 45.2
v 42.3 -77.0 46.0
v 42.9 -74.9 27.0
v 43.0 -75.0 27.2
v 42.0 -75.0 36.1
v 43.2 -75.2 46.1
v 42.7 -74.9 47.0
v 42.4 -75.0 48.0
v 42.9 -74.0 25.0
v 43.0 -74.0 24.9
v 43.0 -74.3 26.0
v 42.9 -73.9 33.5
v 43.0 -74.6 34.0
v 43.2 -74.2 48.0
v 43.0 -73.0 25.0
v 42.9 -74.0 26.0
v 43.0 -73.0 32.4
v 42.0 -73.1 50.5
v 42.2 -74.2 49.0
v 43.0 -72.6 32.0
v 43.0 -71.7 51.0
v 43.1 -72.2 50.2
v 43.0 -70.8 30.0
v 42.8 -70.0 28.0
v 43.0 -70.2 28.0
v 43.0 -70.5 29.0
v 42.4 -70.0 29.0
v 43.0 -70.0 52.7
v 42.7 -69.0 27.0
v 43.0 -69.0 26.7
v 42.3 -69.0 28.0
v 43.0 -69.3 31.0
v 43.0 -69.0 30.7
v 43.0 -69.3 38.0
v 43.0 -69.1 53.3
v 43.0 -68.0 25.9
v 42.3 -68.0 29.0
v 43.0 -68.0 29.6
v 43.0 -68.6 32.0
v 42.0 -68.2 33.0
v 43.0 -68.0 32.8
v 42.1 -68.3 35.1
v 43.0 -68.7 37.0
v 43.0 -68.4 40.0
v 42.9 -67.9 41.0
v 43.1 -68.1 42.0
v 43.0 -68.2 44.0
v 43.0 -68.3 45.0
v 42.0 -68.4 47.2
v 42.0 -68.3 48.0
v 43.0 -68.0 53.7
v 43.0 -67.0 25.6
v 43.0 -67.0 29.5
v 43.0 -67.8 33.0
v 43.0 -67.5 34.0
v 42.9 -67.7 35.0
v 42.9 -67.9 43.0
v 42.8 -67.9 46.0
v 43.0 -67.5 48.0
v 43.0 -67.2 49.0
v 43.0 -67.0 54.4
v 43.0 -66.0 25.6
v 43.0 -66.1 27.0
v 43.0 -65.7 28.0
v 42.9 -65.8 29.0
v 43.0 -66.0 29.2
v 42.6 -65.9 51.0
v 42.4 -66.1 52.0
v 42.4 -66.0 53.0
v 43.0 -66.0 54.3
v 43.0 -65.1 26.0
v 42.8 -65.0 51.9
v 42.7 -65.0 53.0
v 43.0 -64.7 52.0
v 43.0 -64.7 53.0
v 42.7 -61.0 57.0
v 43.0 -61.0 56.6
v 43.0 -61.2 57.0
v 43.0 -61.0 58.0
v 42.3 -60.0 56.0
v 43.0 -60.0 55.8
v 42.0 -60.0 57.0
v 43.0 -60.0 58.3
v 43.0 -59.8 56.0
v 43.0 -59.5 57.0
v 42.7 -60.0 58.0
v 43.1 -82.0 35.0
v 44.0 -80.5 27.0
v 44.0 -81.0 33.8
v 44.2 -81.0 34.0
v 44.0 -80.0 25.7
v 44.0 -80.3 26.0
v 44.0 -80.5 28.0
v 44.3 -80.0 31.0
v 44.0 -80.3 31.0
v 44.0 -80.5 33.0
v 44.0 -80.5 35.0
v 44.0 -79.9 36.0
v 44.0 -80.1 37.0
v 44.0 -79.0 24.7
v 44.0 -79.3 25.0
v 43.8 -80.0 30.0
v 44.0 -79.7 38.0
v 44.0 -79.6 39.0
v 44.0 -78.6 41.0
v 44.1 -79.3 39.9
v 43.2 -78.0 25.2
v 44.0 -78.0 24.5
v 43.7 -77.0 24.8
v 43.1 -77.0 29.0
v 44.0 -77.8 41.8
v 44.0 -77.0 42.7
v 44.0 -76.0 24.6
v 43.5 -76.0 29.0
v 43.4 -76.1 29.9
v 43.3 -76.0 31.9
v 44.2 -76.2 44.0
v 44.1 -75.0 25.0
v 43.2 -75.0 26.0
v 43.4 -75.0 28.0
v 43.5 -75.1 29.1
v 43.5 -75.0 32.0
v 43.4 -75.0 33.0
v 43.2 -75.0 34.0
v 43.0 -75.0 35.0
v 44.9 -74.7 44.9
v 44.0 -74.0 24.6
v 44.0 -74.8 25.0
v 44.0 -74.0 27.0
v 43.5 -74.0 29.0
v 43.5 -74.0 31.0
v 43.5 -74.0 32.0
v 43.3 -74.0 33.0
v 43.9 -73.7 47.0
v 44.0 -73.0 26.5
v 43.7 -74.0 28.0
v 43.6 -73.0 28.9
v 43.5 -73.0 30.0
v 43.5 -73.0 31.0
v 43.3 -73.0 32.0
v 43.7 -72.0 25.0
v 44.0 -72.0 24.7
v 43.9 -72.6 26.1
v 43.6 -72.0 29.0
v 43.5 -72.0 30.0
v 43.2 -72.0 31.0
v 44.0 -72.6 49.0
v 44.0 -71.8 49.9
v 43.5 -71.0 29.0
v 43.2 -71.0 30.0
v 44.0 -71.0 50.7
v 44.0 -71.0 25.0
v 44.0 -69.8 27.1
v 44.0 -70.7 28.0
v 44.0 -70.0 52.3
v 44.0 -69.0 26.4
v 44.1 -69.3 31.0
v 44.0 -69.3 32.0
v 44.0 -69.0 32.3
v 43.0 -69.2 39.0
v 44.0 -68.0 26.3
v 43.0 -68.5 30.0
v 43.6 -68.0 33.0
v 44.1 -68.3 37.0
v 44.0 -68.6 38.0
v 44.0 -68.3 39.0
v 43.4 -68.0 40.0
v 43.3 -68.0 44.0
v 43.3 -68.0 45.0
v 44.0 -69.0 52.7
v 44.0 -68.0 53.4
v 44.0 -66.9 26.1
v 44.0 -67.0 29.5
v 44.0 -67.0 33.8
v 44.2 -67.2 35.0
v 44.0 -67.7 36.0
v 43.7 -67.0 40.0
v 43.5 -67.0 41.0
v 43.4 -67.0 43.0
v 43.7 -67.0 44.0
v 44.1 -67.0 45.0
v 43.9 -66.8 46.0
v 43.1 -67.4 47.0
v 43.3 -67.0 49.0
v 44.0 -67.5 54.0
v 44.0 -67.0 54.4
v 44.0 -66.0 25.8
v 44.5 -66.0 29.4
v 43.9 -66.9 34.0
v 43.7 -66.0 42.0
v 44.0 -65.7 42.0
v 44.0 -66.0 43.4
v 43.5 -67.0 48.0
v 43.6 -66.0 49.0
v 44.2 -66.0 48.0
v 43.3 -66.0 50.0
v 44.0 -66.0 54.6
v 44.0 -65.1 26.0
v 44.0 -65.5 27.0
v 44.0 -65.5 28.0
v 44.0 -65.6 29.0
v 43.8 -65.9 43.0
v 43.8 -65.0 49.0
v 43.6 -65.0 50.0
v 43.4 -65.0 51.0
v 42.7 -66.0 54.0
v 44.0 -65.0 54.4
v 44.0 -64.5 50.0
v 44.0 -64.6 51.0
v 44.0 -64.4 52.0
v 43.8 -64.0 53.0
v 44.0 -64.0 52.7
v 44.4 -64.1 54.1
v 44.0 -63.8 53.0
v 44.0 -61.0 55.7
v 44.0 -61.3 56.0
v 44.0 -61.4 57.0
v 44.0 -60.0 55.5
v 43.9 -61.0 57.6
v 44.0 -60.0 58.8
v 44.0 -59.6 56.0
v 44.0 -58.9 57.0
v 44.0 -59.0 58.0
v 45.0 -79.6 27.0
v 44.1 -80.3 29.0
v 44.4 -80.0 32.0
v 44.5 -80.0 33.0
v 45.0 -80.0 33.7
v 45.0 -80.3 34.0
v 45.0 -80.3 35.0
v 44.6 -79.0 25.0
v 45.0 -78.9 25.1
v 45.0 -79.5 26.0
v 45.0 -79.5 28.0
v 45.2 -79.1 29.1
v 45.0 -79.0 29.7
v 44.7 -79.1 30.0
v 44.9 -78.5 32.3
v 44.7 -79.0 33.0
v 45.0 -79.5 36.0
v 45.0 -79.5 37.0
v 45.0 -79.4 38.0
v 45.0 -79.2 39.0
v 44.8 -78.0 24.0
v 45.0 -78.8 30.0
v 45.0 -78.0 33.0
v 45.0 -78.6 40.0
v 45.0 -78.2 41.0
v 45.0 -77.0 22.0
v 45.0 -77.3 23.0
v 44.4 -77.0 24.0
v 45.0 -77.1 42.2
v 44.8 -77.0 23.0
v 44.5 -76.0 24.0
v 45.6 -75.1 43.0
v 45.0 -76.0 42.7
v 44.9 -75.0 22.0
v 44.8 -75.0 23.9
v 45.3 -75.1 44.0
v 45.0 -74.0 24.2
v 45.0 -74.0 22.0
v 45.0 -73.0 24.0
v 44.4 -73.0 27.0
v 44.3 -73.0 28.0
v 45.0 -73.7 45.9
v 45.0 -72.9 47.0
v 44.3 -73.1 48.0
v 45.0 -71.9 24.5
v 44.3 -72.0 26.0
v 44.5 -72.0 27.0
v 44.4 -72.0 28.0
v 45.0 -72.6 48.0
v 45.1 -72.3 49.0
v 44.5 -71.0 27.0
v 44.2 -71.0 28.0
v 45.0 -71.1 50.3
v 44.6 -70.0 25.0
v 44.4 -71.0 26.0
v 44.2 -70.0 27.0
v 44.9 -69.8 51.0
v 44.1 -70.2 52.0
v 44.7 -69.0 25.0
v 45.0 -69.0 24.7
v 44.4 -69.0 26.0
v 45.0 -69.2 31.0
v 45.0 -69.2 32.0
v 45.0 -69.0 32.2
v 45.0 -69.0 52.1
v 44.9 -68.0 24.9
v 44.8 -68.0 26.0
v 45.0 -68.4 30.0
v 45.0 -68.0 29.6
v 44.0 -68.0 33.1
v 45.0 -68.0 32.5
v 45.0 -68.0 38.0
v 44.2 -68.0 39.1
v 44.5 -68.0 53.0
v 45.0 -68.0 52.2
v 45.0 -67.8 25.0
v 44.3 -67.0 26.0
v 45.0 -67.0 25.6
v 45.0 -67.0 29.5
v 44.5 -67.0 33.0
v 45.0 -67.2 35.9
v 45.0 -67.5 37.0
v 44.5 -67.0 39.0
v 45.3 -67.0 38.0
v 45.0 -67.6 53.0
v 45.0 -67.4 54.0
v 44.6 -66.0 26.0
v 45.0 -66.0 26.2
v 44.6 -66.0 33.0
v 45.0 -66.0 32.6
v 44.5 -66.0 34.0
v 45.3 -66.0 35.0
v 45.0 -66.4 35.0
v 44.6 -66.0 39.0
v 44.4 -66.0 40.0
v 44.3 -66.0 41.0
v 44.3 -66.0 44.0
v 44.4 -66.0 46.8
v 45.0 -67.0 54.5
v 44.7 -66.0 55.0
v 45.0 -66.0 55.3
v 45.0 -65.6 27.0
v 45.0 -65.4 28.0
v 45.0 -65.2 29.0
v 45.0 -65.0 32.8
v 44.8 -64.9 34.0
v 45.0 -65.0 34.3
v 44.7 -65.0 39.0
v 44.6 -65.0 40.0
v 44.5 -65.0 41.0
v 44.6 -65.0 42.0
v 44.8 -65.0 44.0
v 44.6 -65.9 45.0
v 44.5 -66.0 46.0
v 44.6 -65.0 47.0
v 45.2 -65.0 46.0
v 44.4 -65.0 48.0
v 44.6 -65.0 55.0
v 45.0 -65.0 55.7
v 44.8 -64.9 33.0
v 45.0 -64.0 39.0
v 45.1 -65.1 43.0
v 44.8 -64.0 47.0
v 44.6 -64.0 49.0
v 44.9 -63.8 50.0
v 45.0 -64.3 51.0
v 45.0 -64.0 52.2
v 45.0 -64.0 55.0
v 44.9 -64.0 41.0
v 45.0 -63.8 47.0
v 45.0 -63.6 48.5
v 44.6 -63.0 53.0
v 44.9 -62.0 52.0
v 45.0 -62.0 51.9
v 45.0 -62.3 53.0
v 45.0 -62.9 54.0
v 44.7 -61.0 52.0
v 45.0 -61.0 51.6
v 44.6 -61.0 53.0
v 45.0 -61.7 53.4
v 44.6 -61.0 54.0
v 45.0 -61.5 55.0
v 44.5 -61.0 55.0
v 45.0 -61.5 56.0
v 45.0 -61.2 57.1
v 44.8 -60.0 51.9
v 44.7 -60.0 53.2
v 44.6 -60.0 55.0
v 45.0 -60.0 58.0
v 45.0 -59.8 52.0
v 45.0 -59.6 53.4
v 45.0 -59.6 55.0
v 45.0 -59.6 56.0
v 45.0 -59.6 57.0
v 45.6 -79.0 25.0
v 46.0 -79.1 25.0
v 46.0 -79.5 26.0
v 46.0 -79.4 27.0
v 45.6 -79.0 28.0
v 45.1 -79.2 31.0
v 46.0 -79.0 33.7
v 46.3 -79.1 34.0
v 46.3 -79.1 35.0
v 46.0 -78.9 36.0
v 45.6 -78.9 38.0
v 46.0 -79.1 37.0
v 45.3 -79.0 39.0
v 45.0 -78.1 24.0
v 46.1 -77.8 24.1
v 46.2 -78.3 28.0
v 46.0 -78.3 30.0
v 46.0 -77.9 29.0
v 46.0 -78.3 31.0
v 45.9 -77.7 32.0
v 46.0 -78.0 33.3
v 45.8 -77.9 39.0
v 46.0 -77.0 21.5
v 46.0 -77.4 22.0
v 46.0 -77.5 23.0
v 46.0 -77.7 33.0
v 45.5 -78.0 40.0
v 46.3 -77.0 41.0
v 46.0 -77.0 41.4
v 45.3 -76.0 21.0
v 46.0 -76.0 20.6
v 45.2 -76.0 22.0
v 45.2 -76.0 23.0
v 45.9 -76.0 41.8
v 45.9 -75.0 21.0
v 46.0 -75.0 20.6
v 45.3 -75.0 23.0
v 46.0 -75.6 42.0
v 45.7 -74.0 21.0
v 46.0 -74.0 20.7
v 45.5 -74.0 23.0
v 45.2 -74.0 24.0
v 46.0 -74.7 43.0
v 46.0 -74.5 44.0
v 46.0 -73.0 21.0
v 46.0 -73.3 22.0
v 46.0 -73.4 23.0
v 46.0 -73.9 45.0
v 46.0 -73.1 47.0
v 46.0 -72.0 24.3
v 46.0 -72.4 48.0
v 46.0 -71.0 24.4
v 45.8 -70.8 49.8
v 45.0 -70.0 24.6
v 46.9 -69.1 50.4
v 46.0 -69.0 24.5
v 45.3 -69.0 31.0
v 45.2 -69.0 32.0
v 46.0 -68.8 51.0
v 46.0 -69.0 50.8
v 46.0 -68.0 24.4
v 46.0 -68.2 30.0
v 46.0 -68.0 29.8
v 46.0 -68.5 31.0
v 46.0 -68.0 31.6
v 46.0 -68.2 52.0
v 46.0 -68.0 52.3
v 45.8 -67.0 24.0
v 46.0 -67.0 23.8
v 45.3 -67.0 25.0
v 46.0 -66.9 29.6
v 45.6 -68.0 32.0
v 46.0 -67.0 31.7
v 45.2 -67.0 36.0
v 45.4 -67.0 37.0
v 46.0 -67.5 53.0
v 46.0 -67.2 54.1
v 46.0 -66.0 23.8
v 45.5 -66.0 25.0
v 45.2 -66.0 26.0
v 46.0 -66.0 31.7
v 45.5 -66.0 36.0
v 45.5 -66.0 37.0
v 45.8 -66.0 24.0
v 46.0 -65.0 25.0
v 46.0 -65.5 27.7
v 46.0 -65.4 29.0
v 46.0 -65.0 32.3
v 45.4 -65.0 35.0
v 45.5 -65.0 36.0
v 45.5 -65.0 37.0
v 45.4 -65.0 38.0
v 45.3 -65.0 45.0
v 45.5 -65.0 55.0
v 46.0 -63.9 33.0
v 46.0 -64.1 34.0
v 45.7 -64.0 35.0
v 45.6 -64.0 37.0
v 45.9 -64.0 38.0
v 45.1 -64.1 40.0
v 45.4 -64.0 42.0
v 45.6 -64.0 43.0
v 45.6 -64.0 44.0
v 45.6 -64.0 45.0
v 45.5 -64.0 46.0
v 45.2 -64.0 52.0
v 46.0 -64.0 52.6
v 45.8 -64.0 53.0
v 45.5 -64.0 54.0
v 46.1 -64.8 54.1
v 46.0 -63.6 35.0
v 45.8 -63.0 35.9
v 45.6 -63.0 37.0
v 45.7 -63.0 38.0
v 46.0 -63.3 39.0
v 46.0 -63.5 40.0
v 46.0 -63.4 41.8
v 46.0 -63.6 43.1
v 46.0 -63.5 45.0
v 46.0 -63.5 46.1
v 46.0 -63.4 48.3
v 46.0 -63.4 50.0
v 46.0 -63.6 51.0
v 45.0 -63.0 52.0
v 46.0 -63.6 52.0
v 46.0 -63.7 53.0
v 46.0 -63.0 52.5
v 46.0 -63.0 53.5
v 45.2 -63.0 54.0
v 45.9 -62.0 38.0
v 45.5 -62.0 52.0
v 45.2 -62.0 53.0
v 46.0 -62.0 52.1
v 46.0 -62.7 54.0
v 45.4 -62.0 54.0
v 46.0 -62.3 55.0
v 46.0 -62.0 55.3
v 46.0 -61.0 50.7
v 46.0 -61.3 51.0
v 46.0 -61.2 56.0
v 45.3 -61.0 57.0
v 46.0 -60.0 50.9
v 45.6 -60.0 56.0
v 46.1 -61.0 56.1
v 46.0 -60.0 55.6
v 45.4 -60.0 57.0
v 46.0 -59.5 52.0
v 46.0 -59.5 53.0
v 46.0 -59.5 54.0
v 46.0 -59.6 55.0
v 47.0 -78.8 25.3
v 47.0 -79.3 26.0
v 47.0 -79.0 27.2
v 46.0 -79.0 27.6
v 47.0 -78.0 33.4
v 47.0 -78.5 34.0
v 47.0 -78.6 35.0
v 47.0 -78.4 36.0
v 47.0 -78.3 37.0
v 47.0 -77.0 20.7
v 47.0 -77.3 21.0
v 47.0 -77.5 22.0
v 47.0 -77.5 23.0
v 47.0 -77.6 24.0
v 47.0 -77.7 28.0
v 48.0 -77.1 29.0
v 47.0 -77.5 30.0
v 47.0 -77.5 31.0
v 47.0 -77.4 32.0
v 47.0 -77.7 33.0
v 47.0 -76.0 19.8
v 46.9 -76.8 38.9
v 47.0 -76.5 40.0
v 47.1 -76.0 41.0
v 47.0 -76.0 41.1
v 46.2 -75.0 20.0
v 47.0 -75.0 19.7
v 47.0 -75.5 41.0
v 46.4 -75.0 42.0
v 47.0 -74.6 20.0
v 47.0 -74.0 20.4
v 46.9 -75.0 41.0
v 47.0 -74.5 42.0
v 47.0 -74.4 44.0
v 47.0 -74.1 45.0
v 47.0 -73.0 20.6
v 46.3 -73.0 22.0
v 46.4 -73.0 23.0
v 46.0 -73.0 24.0
v 47.0 -73.3 46.0
v 47.0 -72.6 21.0
v 46.6 -72.0 22.0
v 47.0 -72.0 21.5
v 46.5 -72.0 23.0
v 46.3 -72.0 24.0
v 46.9 -72.1 47.5
v 46.8 -71.0 22.0
v 47.0 -70.9 21.9
v 46.5 -71.0 24.0
v 47.0 -70.4 23.9
v 47.0 -69.0 24.5
v 47.2 -69.2 50.0
v 47.3 -68.0 31.0
v 47.0 -68.3 31.0
v 47.0 -68.4 32.0
v 47.0 -68.0 32.1
v 47.1 -68.4 51.0
v 47.0 -67.0 23.6
v 47.0 -68.0 24.3
v 47.0 -67.0 30.5
v 46.6 -67.0 53.0
v 47.0 -67.1 52.4
v 46.2 -67.0 54.0
v 47.0 -66.0 23.4
v 46.0 -66.0 29.6
v 47.0 -66.0 31.4
v 46.5 -66.0 54.0
v 46.0 -66.0 55.1
v 47.0 -65.0 23.6
v 46.0 -65.5 26.0
v 47.0 -65.5 27.0
v 47.0 -65.5 28.0
v 47.0 -65.4 29.0
v 46.2 -65.0 30.0
v 47.0 -65.0 29.5
v 47.0 -65.0 30.6
v 47.0 -65.0 31.4
v 46.6 -65.0 53.0
v 47.1 -66.0 53.2
v 47.2 -65.0 52.3
v 46.3 -65.0 54.0
v 46.9 -64.7 24.0
v 47.0 -64.7 25.0
v 47.0 -64.2 30.0
v 46.8 -64.8 31.9
v 47.0 -64.0 32.5
v 46.4 -64.0 52.0
v 47.0 -64.0 51.5
v 47.0 -63.3 34.0
v 47.0 -62.9 34.5
v 46.3 -63.0 39.0
v 46.5 -63.0 40.0
v 46.5 -63.0 41.0
v 47.0 -62.8 45.0
v 46.5 -63.0 47.0
v 46.6 -63.0 50.0
v 47.0 -63.0 50.5
v 47.0 -63.5 51.0
v 47.0 -63.0 52.6
v 47.0 -63.3 53.0
v 46.6 -62.0 36.0
v 46.3 -62.0 37.0
v 46.6 -62.0 39.0
v 47.0 -62.4 39.9
v 47.0 -62.6 41.0
v 47.0 -62.5 42.0
v 47.0 -62.7 43.0
v 47.0 -62.6 46.2
v 47.0 -62.5 47.0
v 46.8 -62.7 49.1
v 46.6 -62.0 51.0
v 47.0 -62.5 51.0
v 47.0 -62.6 52.0
v 47.0 -62.2 55.0
v 47.0 -62.0 55.2
v 46.7 -60.8 37.1
v 46.5 -61.0 38.0
v 47.2 -61.0 38.8
v 46.9 -61.0 50.0
v 47.0 -61.0 55.5
v 47.0 -60.9 50.0
v 47.0 -60.4 51.0
v 47.1 -60.0 55.2
v 47.0 -60.0 38.0
v 47.0 -59.5 53.0
v 47.0 -59.5 54.0
v 47.0 -59.8 55.0
v 47.0 -79.2 27.0
v 47.1 -78.0 24.6
v 48.0 -78.0 25.5
v 48.3 -78.1 26.0
v 48.2 -78.0 27.0
v 48.0 -78.0 27.2
v 47.8 -78.0 33.0
v 48.0 -78.3 34.0
v 48.0 -78.2 35.0
v 47.6 -78.0 36.0
v 47.3 -78.0 37.0
v 48.0 -77.2 21.0
v 48.0 -77.4 22.0
v 48.1 -77.5 23.9
v 48.0 -77.7 25.0
v 48.0 -76.9 28.0
v 48.0 -76.9 32.0
v 48.0 -77.0 32.1
v 48.2 -78.0 35.0
v 47.8 -76.9 37.0
v 47.4 -77.0 38.0
v 48.0 -76.0 19.8
v 48.0 -76.7 30.0
v 48.0 -76.6 31.0
v 48.0 -76.5 38.0
v 48.0 -76.3 39.0
v 47.6 -76.0 40.0
v 48.0 -75.0 19.6
v 48.1 -75.0 40.1
v 48.0 -74.0 20.3
v 47.6 -74.0 41.0
v 47.5 -74.0 42.0
v 47.9 -73.6 43.1
v 47.4 -74.0 44.0
v 48.0 -73.0 20.5
v 48.0 -74.0 40.0
v 48.0 -73.6 41.0
v 48.0 -73.5 42.0
v 48.0 -73.4 44.0
v 47.7 -73.0 44.9
v 47.3 -73.0 46.0
v 48.0 -72.0 21.3
v 48.1 -72.1 45.4
v 47.7 -71.9 46.0
v 47.4 -72.0 47.0
v 47.4 -71.0 48.0
v 48.0 -71.0 47.3
v 49.0 -70.5 22.0
v 48.0 -70.4 23.0
v 47.0 -70.1 24.3
v 48.0 -70.0 23.5
v 47.8 -70.0 47.9
v 47.4 -70.0 49.0
v 48.2 -69.0 49.1
v 48.0 -68.0 23.7
v 48.0 -69.0 24.1
v 47.1 -68.0 32.0
v 48.3 -68.1 50.0
v 48.0 -67.0 23.4
v 48.0 -67.0 31.0
v 47.0 -67.0 32.1
v 47.8 -66.0 22.8
v 48.0 -66.4 23.0
v 47.9 -66.0 31.0
v 48.1 -66.0 52.1
v 47.9 -65.0 22.8
v 48.0 -65.2 26.0
v 48.0 -65.4 27.0
v 48.0 -65.3 28.0
v 48.0 -65.0 29.0
v 47.3 -65.0 31.0
v 48.0 -65.0 51.6
v 48.0 -64.6 23.0
v 47.9 -64.0 29.0
v 47.6 -64.0 30.0
v 47.6 -64.0 31.0
v 48.0 -64.0 32.0
v 47.9 -64.0 50.7
v 47.9 -63.9 24.0
v 48.0 -63.5 29.0
v 48.0 -63.8 30.0
v 47.9 -63.0 31.0
v 48.0 -63.3 33.0
v 47.4 -63.0 34.0
v 47.0 -63.2 44.0
v 48.0 -63.0 50.7
v 48.0 -63.1 53.0
v 47.6 -62.0 34.0
v 48.0 -62.0 33.4
v 47.3 -61.4 35.6
v 48.0 -61.8 42.0
v 48.1 -62.3 43.0
v 48.0 -62.6 44.0
v 48.0 -62.9 45.0
v 48.0 -62.4 46.0
v 47.6 -62.0 47.0
v 47.4 -62.0 48.0
v 47.4 -62.0 49.0
v 47.2 -62.0 50.0
v 48.0 -62.7 51.0
v 48.0 -62.6 52.0
v 48.0 -62.5 54.0
v 48.0 -62.0 54.6
v 47.8 -61.1 32.0
v 48.0 -61.7 32.0
v 48.0 -61.0 32.4
v 47.6 -61.0 34.0
v 48.0 -61.0 33.3
v 47.5 -61.0 35.0
v 48.0 -61.0 39.6
v 48.0 -61.6 47.0
v 47.6 -61.0 49.0
v 47.6 -60.0 32.0
v 48.0 -60.0 31.6
v 48.0 -60.7 33.0
v 47.6 -60.0 33.0
v 47.5 -60.0 34.0
v 47.5 -60.0 35.0
v 47.6 -60.0 36.0
v 47.4 -60.0 37.0
v 47.9 -60.0 39.2
v 48.0 -60.7 49.0
v 48.0 -60.5 51.0
v 47.0 -59.7 52.0
v 48.0 -60.3 52.0
v 48.0 -60.0 52.6
v 48.3 -60.0 54.0
v 47.3 -59.0 32.0
v 48.0 -59.0 31.6
v 47.4 -59.0 33.0
v 47.5 -59.0 34.0
v 47.7 -59.0 35.0
v 48.0 -59.4 36.0
v 48.0 -59.6 37.0
v 48.0 -59.5 38.0
v 48.0 -59.8 39.0
v 48.0 -59.8 53.0
v 48.0 -59.7 54.0
v 48.0 -58.5 32.0
v 47.8 -58.0 33.0
v 48.0 -57.8 33.0
v 47.8 -58.0 34.0
v 48.0 -58.7 35.0
v 48.0 -57.8 34.0
v 48.0 -78.1 33.0
v 48.4 -78.0 34.0
v 48.2 -77.0 21.0
v 48.4 -77.0 22.0
v 49.0 -77.2 23.0
v 49.0 -77.3 24.0
v 49.0 -77.3 25.0
v 48.8 -76.8 26.1
v 49.0 -77.0 25.5
v 48.5 -77.0 27.0
v 48.5 -77.0 32.0
v 49.0 -77.1 32.0
v 49.0 -77.4 33.0
v 49.1 -77.2 34.0
v 48.7 -76.9 35.0
v 48.4 -76.9 36.0
v 48.3 -76.0 20.0
v 48.6 -76.0 21.0
v 48.8 -76.0 22.0
v 49.0 -76.5 27.0
v 49.0 -76.4 28.0
v 49.0 -76.5 29.0
v 49.0 -76.3 30.0
v 49.0 -75.9 31.0
v 48.4 -76.0 39.0
v 49.0 -75.0 19.8
v 49.2 -75.0 20.0
v 49.0 -75.5 21.0
v 49.0 -75.8 22.0
v 49.0 -75.0 39.3
v 49.0 -74.0 19.8
v 49.0 -74.0 39.6
v 49.0 -73.0 19.9
v 49.1 -73.4 40.0
v 49.0 -72.7 42.0
v 49.0 -73.0 42.8
v 48.8 -72.7 43.9
v 49.1 -73.1 43.0
v 49.0 -72.7 41.0
v 49.0 -72.0 20.7
v 49.0 -71.0 21.5
v 49.0 -70.0 23.2
v 48.9 -70.7 46.0
v 49.2 -70.0 47.1
v 49.0 -69.0 23.5
v 48.6 -69.0 48.0
v 49.0 -68.0 23.4
v 49.0 -68.9 47.7
v 48.8 -67.9 49.0
v 48.3 -67.1 51.2
v 49.0 -66.0 18.3
v 49.0 -66.2 19.2
v 48.7 -66.0 20.3
v 49.0 -66.3 21.0
v 49.0 -66.4 22.0
v 48.5 -66.0 22.0
v 49.0 -66.8 23.0
v 49.0 -66.0 51.3
v 48.8 -66.0 19.0
v 48.5 -65.0 20.0
v 49.0 -65.0 19.4
v 48.5 -65.0 21.0
v 48.4 -65.0 22.0
v 48.3 -65.0 28.0
v 48.4 -64.0 20.0
v 49.0 -64.0 19.7
v 48.6 -64.0 21.0
v 48.8 -64.0 22.0
v 48.9 -64.0 23.0
v 48.0 -64.4 25.0
v 49.0 -64.0 25.5
v 48.4 -65.0 27.0
v 48.5 -64.0 28.0
v 49.0 -65.0 51.3
v 49.0 -64.0 50.5
v 49.0 -63.7 20.0
v 49.0 -63.6 21.0
v 49.0 -63.7 22.0
v 49.0 -63.2 23.0
v 49.0 -63.4 24.0
v 49.0 -63.7 25.0
v 49.0 -63.2 28.0
v 49.0 -63.0 29.0
v 48.4 -63.0 30.0
v 48.9 -63.0 32.0
v 48.2 -63.0 33.1
v 49.0 -63.0 50.6
v 48.6 -62.0 30.0
v 49.0 -62.0 29.6
v 48.4 -62.0 31.0
v 48.5 -62.0 32.0
v 48.4 -62.0 33.0
v 48.0 -62.1 41.0
v 49.0 -62.3 44.0
v 49.0 -62.3 45.0
v 49.0 -62.6 51.0
v 49.0 -62.3 53.0
v 49.1 -62.1 54.1
v 48.8 -61.0 30.0
v 49.0 -61.0 29.8
v 48.4 -61.0 31.0
v 48.5 -61.0 33.0
v 48.1 -61.4 40.0
v 49.0 -61.4 41.0
v 49.0 -61.6 43.0
v 49.0 -61.6 46.0
v 49.0 -61.5 47.0
v 48.0 -60.9 48.0
v 49.0 -61.3 48.0
v 48.8 -61.0 53.0
v 48.1 -61.0 55.1
v 48.6 -60.0 31.0
v 49.0 -59.8 30.8
v 49.0 -60.6 50.0
v 49.0 -60.6 51.0
v 49.0 -60.7 52.0
v 48.3 -60.0 53.0
v 49.1 -61.0 54.0
v 49.0 -59.0 31.4
v 49.0 -59.4 37.0
v 49.0 -59.5 38.0
v 49.0 -59.6 39.0
v 49.0 -58.0 32.0
v 49.0 -58.5 35.0
v 49.0 -58.7 36.0
v 49.0 -57.7 33.0
v 49.0 -57.8 34.0
v 49.2 -77.0 23.0
v 49.3 -77.0 24.0
v 49.3 -77.0 25.0
v 49.6 -76.9 33.0
v 49.5 -76.0 23.0
v 49.8 -75.8 24.9
v 49.9 -75.8 27.0
v 50.0 -76.2 26.0
v 49.6 -76.0 30.0
v 50.0 -76.0 31.4
v 50.0 -76.4 32.0
v 50.3 -76.0 34.0
v 49.6 -75.0 21.0
v 50.0 -75.3 22.0
v 50.0 -75.5 23.0
v 50.0 -75.5 24.0
v 50.0 -75.5 29.0
v 50.0 -75.7 30.0
v 50.0 -75.8 31.0
v 50.4 -75.1 35.0
v 49.0 -75.3 39.0
v 49.3 -74.0 20.0
v 50.6 -74.0 37.0
v 50.4 -74.0 38.1
v 50.2 -74.0 39.0
v 50.0 -74.0 39.2
v 50.0 -73.0 20.5
v 50.0 -73.0 39.6
v 50.0 -72.0 20.7
v 50.0 -72.7 40.0
v 49.7 -71.9 43.0
v 50.0 -72.3 42.0
v 49.4 -72.0 44.0
v 50.0 -71.5 21.0
v 50.0 -71.0 21.3
v 50.2 -71.1 44.1
v 50.0 -70.0 21.6
v 49.0 -70.2 23.0
v 49.5 -70.0 46.0
v 50.0 -70.0 45.4
v 49.9 -69.8 22.0
v 49.8 -69.0 45.9
v 49.5 -69.0 47.0
v 49.8 -68.1 22.8
v 50.2 -68.0 47.0
v 49.0 -67.0 23.2
v 49.6 -67.0 49.0
v 49.2 -67.0 50.0
v 50.0 -66.0 18.0
v 50.0 -66.4 19.0
v 50.0 -66.6 21.0
v 50.0 -66.8 22.0
v 50.2 -66.0 49.3
v 49.7 -66.0 50.0
v 49.3 -66.0 51.0
v 49.5 -65.0 19.0
v 50.0 -65.0 18.6
v 50.0 -65.0 50.2
v 49.3 -65.0 51.0
v 50.0 -64.0 19.5
v 49.2 -64.1 26.0
v 49.3 -64.0 27.0
v 49.9 -64.0 49.8
v 50.0 -63.4 20.0
v 49.6 -63.0 21.0
v 49.4 -63.0 22.0
v 49.0 -63.0 23.0
v 49.5 -63.0 24.0
v 50.1 -63.0 25.0
v 49.9 -63.0 26.0
v 50.0 -63.0 25.5
v 50.0 -63.3 27.0
v 50.0 -63.0 49.7
v 49.7 -62.0 22.0
v 49.5 -62.0 23.0
v 50.3 -62.0 24.0
v 50.0 -62.9 26.0
v 50.0 -62.1 29.2
v 50.0 -62.5 50.0
v 50.0 -62.2 51.0
v 49.3 -62.0 53.0
v 49.1 -62.0 54.0
v 49.7 -61.0 23.0
v 50.0 -61.0 29.5
v 50.0 -61.1 42.0
v 50.0 -60.9 43.0
v 50.0 -61.1 46.0
v 50.0 -61.4 47.0
v 50.0 -61.5 48.0
v 49.1 -60.7 49.0
v 50.0 -61.5 49.0
v 50.0 -61.6 50.0
v 49.5 -61.0 50.6
v 49.3 -61.0 52.0
v 49.8 -60.0 23.0
v 50.0 -60.2 30.2
v 49.1 -60.0 39.6
v 49.6 -59.0 23.0
v 50.2 -60.0 23.9
v 49.6 -59.0 24.0
v 49.8 -59.0 25.0
v 50.0 -59.5 31.0
v 50.0 -59.0 31.5
v 50.0 -59.4 37.0
v 50.0 -59.0 36.4
v 50.0 -59.4 38.0
v 50.8 -59.5 39.6
v 50.7 -59.7 40.7
v 49.8 -58.0 22.0
v 50.0 -58.0 21.7
v 50.0 -58.4 22.0
v 49.5 -58.0 23.0
v 49.5 -58.0 24.0
v 49.6 -58.0 25.0
v 50.0 -58.5 32.0
v 50.0 -58.4 33.0
v 50.0 -58.5 34.0
v 50.0 -58.9 35.0
v 50.0 -58.4 36.0
v 49.8 -57.0 22.0
v 50.0 -56.9 21.8
v 49.5 -57.0 23.0
v 49.6 -57.0 24.0
v 49.8 -57.0 25.0
v 49.9 -56.0 23.0
v 50.0 -55.8 23.0
v 50.0 -56.4 24.0
v 50.0 -56.8 25.0
v 51.0 -75.6 32.0
v 50.5 -76.0 33.0
v 50.2 -75.0 22.0
v 50.6 -75.0 24.0
v 51.0 -75.3 25.0
v 50.9 -74.7 27.0
v 51.0 -75.3 26.0
v 50.1 -75.4 28.0
v 50.7 -75.0 29.0
v 51.0 -75.0 29.3
v 51.1 -75.3 33.0
v 50.7 -74.9 34.0
v 50.4 -75.0 36.0
v 50.3 -74.0 20.9
v 50.6 -74.0 22.0
v 50.8 -73.9 22.9
v 51.4 -74.1 28.0
v 51.3 -74.0 36.0
v 50.5 -73.0 21.0
v 51.0 -73.4 22.0
v 51.3 -73.0 37.0
v 50.6 -73.0 38.0
v 50.4 -73.0 39.0
v 51.0 -72.0 21.4
v 50.8 -72.0 38.0
v 50.7 -72.0 39.0
v 51.0 -72.3 40.0
v 51.0 -72.2 41.0
v 51.0 -71.0 20.8
v 50.6 -71.0 21.0
v 51.0 -71.7 38.0
v 51.0 -71.7 39.0
v 50.6 -70.9 43.0
v 50.8 -70.0 20.0
v 51.0 -70.0 19.8
v 51.0 -70.2 20.0
v 50.5 -70.0 21.0
v 51.3 -70.0 43.0
v 50.7 -70.0 44.0
v 50.3 -70.0 45.0
v 50.8 -69.0 20.0
v 51.0 -69.0 19.7
v 50.6 -69.0 21.0
v 50.8 -69.0 22.0
v 50.1 -69.0 23.0
v 51.2 -69.0 45.1
v 50.6 -68.0 21.0
v 51.0 -68.0 20.5
v 50.5 -68.0 22.0
v 50.8 -67.7 46.1
v 51.0 -68.0 45.7
v 50.6 -67.0 21.0
v 51.0 -67.0 20.5
v 50.2 -67.0 22.0
v 50.8 -67.0 47.0
v 50.4 -67.0 48.0
v 51.0 -66.3 19.0
v 51.0 -66.6 20.0
v 51.0 -66.8 47.0
v 51.0 -66.4 48.0
v 50.9 -65.0 18.6
v 51.0 -65.0 49.3
v 51.0 -64.0 19.4
v 51.1 -64.0 49.2
v 51.0 -63.0 19.6
v 50.3 -63.0 27.0
v 50.0 -63.1 28.0
v 51.0 -63.0 48.9
v 50.8 -62.8 20.0
v 50.4 -62.0 21.0
v 50.5 -62.0 25.0
v 50.6 -62.0 28.0
v 50.2 -62.0 29.0
v 51.0 -62.3 49.0
v 50.3 -62.0 50.0
v 50.2 -62.0 50.9
v 50.0 -62.0 52.0
v 50.6 -61.0 21.0
v 50.3 -61.0 22.0
v 50.4 -61.0 24.0
v 50.5 -61.0 25.0
v 51.0 -62.0 26.0
v 51.1 -62.0 27.0
v 50.7 -61.0 27.0
v 51.1 -61.1 28.0
v 51.1 -61.0 28.0
v 50.5 -61.0 29.0
v 50.3 -61.1 44.0
v 50.0 -61.4 45.0
v 51.0 -61.3 46.0
v 51.0 -61.5 47.0
v 51.0 -61.6 48.0
v 51.1 -62.0 49.0
v 50.9 -60.0 20.0
v 50.5 -60.0 21.0
v 50.4 -60.0 22.0
v 50.4 -60.0 25.0
v 50.6 -61.0 26.0
v 50.7 -60.0 29.0
v 50.4 -60.0 30.0
v 50.6 -60.1 41.1
v 51.0 -60.4 43.0
v 51.0 -60.6 44.0
v 51.0 -60.7 45.0
v 50.7 -59.0 21.0
v 51.0 -59.0 20.6
v 50.3 -59.0 22.0
v 50.4 -59.0 26.0
v 50.6 -59.9 27.0
v 51.1 -60.0 28.0
v 50.7 -59.0 28.0
v 51.0 -59.5 29.0
v 51.3 -59.0 29.0
v 51.0 -59.5 30.0
v 51.0 -59.4 31.0
v 51.0 -59.0 31.5
v 51.0 -59.0 35.6
v 51.0 -59.3 36.0
v 51.0 -59.4 37.0
v 51.0 -59.4 39.0
v 51.0 -58.6 21.0
v 51.0 -58.0 21.4
v 50.4 -58.0 26.0
v 50.6 -58.2 28.0
v 51.0 -58.6 32.0
v 51.0 -58.7 35.0
v 51.0 -58.9 38.0
v 51.0 -57.0 21.7
v 50.5 -57.0 26.0
v 50.5 -57.0 27.0
v 50.6 -57.0 28.0
v 51.2 -57.0 29.0
v 51.0 -56.5 22.0
v 51.0 -56.0 22.3
v 51.0 -56.4 26.0
v 50.8 -56.0 27.0
v 51.0 -55.8 27.0
v 50.6 -56.0 28.0
v 50.7 -56.0 29.0
v 50.6 -55.0 22.0
v 51.0 -55.0 21.9
v 50.7 -55.0 23.0
v 51.0 -55.0 23.3
v 51.0 -55.6 24.0
v 51.0 -55.6 28.0
v 51.0 -55.0 29.0
v 50.9 -56.0 30.0
v 51.0 -54.9 22.0
v 51.0 -54.8 23.0
v 51.0 -76.0 30.0
v 51.0 -76.1 31.0
v 51.2 -75.0 25.0
v 51.3 -75.0 26.0
v 52.0 -75.1 30.0
v 51.5 -75.0 32.0
v 51.4 -74.0 24.0
v 51.6 -74.0 25.1
v 51.6 -74.0 26.0
v 51.4 -74.0 27.0
v 51.7 -74.0 29.0
v 52.0 -74.0 29.3
v 51.8 -74.9 31.0
v 52.9 -73.7 31.0
v 52.7 -72.9 34.0
v 51.5 -74.0 35.0
v 51.1 -73.0 21.7
v 52.0 -73.2 23.0
v 52.0 -73.4 24.0
v 52.3 -73.0 26.0
v 51.7 -73.0 27.0
v 51.7 -73.0 28.0
v 52.3 -73.1 35.0
v 51.7 -73.0 36.0
v 51.9 -72.0 22.2
v 52.0 -72.1 36.3
v 51.5 -72.0 37.0
v 51.3 -72.0 40.0
v 52.0 -71.0 21.3
v 52.0 -71.7 22.0
v 51.8 -71.0 37.0
v 52.0 -71.0 36.6
v 51.9 -71.0 38.0
v 52.0 -71.3 39.0
v 52.0 -71.3 40.0
v 51.7 -71.0 41.0
v 51.3 -72.0 41.0
v 52.0 -70.0 19.6
v 52.0 -70.4 20.0
v 52.0 -70.7 21.0
v 52.0 -70.9 36.9
v 52.0 -70.9 38.0
v 52.0 -69.0 19.3
v 51.5 -69.0 44.0
v 51.0 -68.6 20.0
v 51.7 -69.0 43.0
v 51.6 -68.0 45.0
v 52.0 -68.0 19.0
v 52.0 -67.0 20.6
v 52.0 -67.6 45.0
v 52.0 -67.2 46.0
v 51.0 -66.0 18.7
v 52.0 -66.6 20.0
v 52.0 -66.3 47.1
v 52.0 -65.0 48.4
v 52.0 -64.0 19.4
v 52.0 -64.0 48.6
v 51.7 -63.0 19.0
v 52.0 -63.0 18.8
v 52.0 -63.4 19.0
v 52.0 -63.0 48.4
v 52.0 -62.0 18.8
v 51.3 -62.0 20.0
v 51.6 -62.0 48.0
v 52.0 -62.2 47.8
v 51.8 -62.0 19.0
v 51.3 -61.0 20.1
v 52.0 -61.6 47.0
v 52.0 -60.0 18.9
v 51.1 -60.0 28.0
v 51.1 -60.3 42.0
v 52.0 -60.4 44.0
v 52.0 -60.6 45.0
v 51.9 -58.9 19.5
v 51.5 -59.0 30.0
v 52.0 -59.1 31.0
v 52.0 -59.3 37.0
v 52.0 -59.5 39.0
v 52.0 -59.0 38.3
v 52.0 -59.6 40.0
v 52.0 -59.6 41.0
v 52.0 -59.6 42.0
v 52.0 -59.8 43.0
v 51.9 -58.0 20.0
v 52.0 -58.0 21.0
v 51.4 -58.0 29.0
v 51.6 -58.0 30.0
v 52.0 -58.0 30.5
v 52.0 -58.6 32.0
v 51.1 -58.5 33.0
v 52.0 -58.6 35.0
v 52.0 -58.8 38.0
v 52.0 -57.0 22.0
v 51.4 -57.0 30.0
v 51.7 -57.0 31.0
v 52.0 -57.0 31.4
v 51.0 -56.3 25.0
v 51.6 -56.0 31.0
v 52.0 -56.0 31.7
v 52.0 -55.0 21.7
v 52.0 -56.0 22.2
v 52.0 -55.4 24.0
v 52.0 -55.6 25.0
v 52.0 -55.7 26.0
v 52.0 -55.6 27.0
v 52.0 -55.3 28.0
v 52.0 -54.8 29.0
v 52.0 -55.4 30.0
v 52.0 -55.6 31.0
v 52.0 -54.7 22.0
v 52.0 -54.7 23.0
v 53.1 -74.0 30.0
v 52.9 -73.5 33.0
v 52.2 -73.0 23.0
v 52.4 -73.0 24.3
v 52.4 -73.0 29.0
v 53.0 -73.0 29.5
v 52.5 -72.0 23.0
v 52.6 -72.0 24.0
v 52.6 -71.9 27.0
v 52.5 -72.0 28.0
v 52.9 -72.0 29.1
v 52.4 -72.0 36.0
v 53.0 -72.3 35.0
v 53.0 -71.3 22.0
v 53.0 -71.5 24.6
v 52.6 -72.0 26.0
v 53.0 -71.5 28.0
v 53.0 -71.8 29.0
v 53.3 -71.1 36.0
v 53.0 -71.2 37.0
v 52.4 -71.0 39.0
v 53.0 -71.1 38.0
v 53.0 -70.0 19.7
v 53.0 -70.2 20.0
v 53.0 -70.5 21.0
v 53.0 -70.4 39.0
v 52.7 -70.0 40.0
v 52.3 -71.0 40.0
v 52.8 -69.0 41.0
v 52.4 -69.0 42.0
v 53.0 -68.0 18.6
v 53.0 -68.7 41.0
v 53.0 -68.4 42.0
v 52.0 -68.3 44.0
v 53.0 -67.0 19.0
v 52.2 -67.1 20.0
v 53.5 -67.1 43.0
v 52.6 -67.0 45.0
v 53.4 -67.0 44.0
v 52.2 -67.0 46.0
v 52.3 -66.0 19.9
v 53.0 -66.6 20.0
v 53.0 -66.5 21.0
v 52.6 -66.0 21.0
v 52.8 -66.0 22.0
v 52.8 -65.9 46.0
v 52.4 -66.0 47.0
v 52.0 -65.0 18.9
v 52.5 -65.0 20.0
v 52.6 -65.0 21.0
v 53.0 -65.0 21.6
v 53.0 -65.6 22.0
v 52.2 -65.2 48.0
v 52.6 -64.0 20.0
v 52.8 -64.0 21.0
v 53.0 -63.9 21.1
v 53.0 -64.0 48.2
v 53.0 -63.4 19.0
v 53.0 -63.6 20.0
v 53.0 -62.0 18.4
v 53.0 -63.0 48.2
v 53.0 -62.0 47.4
v 52.2 -61.0 19.1
v 53.0 -61.0 18.5
v 53.0 -61.4 46.0
v 53.0 -61.6 47.0
v 53.0 -60.2 39.0
v 53.0 -60.0 38.7
v 53.0 -60.4 39.9
v 53.0 -60.3 41.0
v 53.0 -60.4 43.9
v 53.0 -60.7 45.0
v 52.4 -59.0 19.0
v 53.0 -59.0 18.3
v 52.0 -59.2 36.0
v 53.0 -59.0 38.2
v 53.0 -59.7 42.0
v 53.0 -59.8 43.0
v 52.8 -58.0 17.0
v 52.9 -58.1 16.9
v 53.0 -58.6 18.0
v 52.6 -58.0 18.0
v 52.4 -58.0 19.0
v 53.0 -58.3 31.0
v 53.0 -58.0 30.8
v 51.1 -58.5 33.9
v 53.0 -58.6 36.0
v 53.0 -58.6 37.0
v 53.0 -58.8 38.0
v 52.8 -57.0 17.0
v 53.0 -57.0 16.7
v 52.5 -57.0 18.0
v 52.4 -57.0 20.0
v 53.0 -57.7 31.0
v 53.0 -57.0 31.8
v 52.6 -56.0 18.0
v 53.0 -56.0 17.5
v 52.5 -56.5 19.1
v 52.4 -57.0 21.0
v 52.2 -56.0 22.0
v 53.0 -56.3 26.0
v 52.7 -56.0 27.0
v 52.9 -56.2 27.1
v 53.0 -56.0 31.6
v 53.0 -55.0 17.8
v 52.5 -55.0 19.0
v 52.6 -55.0 20.0
v 52.6 -55.0 21.0
v 53.0 -55.4 24.0
v 53.0 -55.7 25.0
v 53.0 -55.1 30.0
v 53.0 -54.9 31.0
v 52.8 -54.9 18.0
v 53.0 -54.0 19.0
v 53.0 -54.6 20.0
v 53.0 -54.6 21.0
v 53.0 -54.5 22.0
v 53.0 -54.6 23.0
v 53.0 -54.6 29.0
v 54.0 -73.0 30.0
v 53.5 -73.0 31.1
v 53.3 -73.0 33.0
v 54.0 -72.0 29.5
v 53.8 -72.0 31.0
v 53.6 -72.0 31.9
v 53.6 -72.0 33.0
v 53.5 -72.0 34.0
v 53.3 -72.0 35.0
v 53.0 -71.5 23.0
v 53.4 -71.0 25.1
v 53.4 -71.0 27.0
v 53.6 -71.0 28.0
v 54.0 -71.0 28.4
v 54.0 -71.6 29.0
v 54.3 -71.0 34.0
v 53.7 -71.0 35.0
v 53.3 -71.0 37.0
v 53.8 -69.8 21.0
v 54.2 -70.1 22.0
v 54.4 -70.1 23.3
v 54.3 -70.0 25.0
v 53.7 -70.0 26.0
v 53.7 -69.9 27.0
v 54.0 -70.3 27.9
v 54.0 -70.6 35.0
v 54.3 -70.1 37.0
v 53.7 -70.0 38.0
v 53.3 -70.0 39.0
v 53.0 -69.0 18.9
v 54.1 -69.2 19.9
v 54.0 -69.0 38.6
v 53.8 -68.9 39.0
v 53.4 -69.0 40.0
v 54.0 -68.5 40.0
v 54.1 -68.2 41.0
v 53.4 -68.0 42.0
v 54.0 -68.0 41.3
v 54.0 -67.4 20.0
v 53.0 -66.3 22.0
v 54.0 -67.0 21.5
v 54.0 -67.0 22.2
v 53.8 -67.0 42.0
v 54.0 -67.0 41.8
v 53.0 -66.0 22.9
v 54.0 -66.2 23.0
v 54.0 -66.0 23.2
v 53.5 -65.0 22.0
v 54.0 -65.0 23.0
v 53.6 -65.0 46.0
v 53.2 -65.1 47.0
v 53.9 -64.0 18.0
v 54.0 -64.0 18.2
v 54.0 -64.0 21.3
v 54.0 -64.6 22.0
v 53.7 -64.0 46.9
v 53.2 -64.0 48.0
v 53.0 -63.0 18.5
v 54.0 -63.7 19.0
v 54.0 -63.5 20.0
v 54.0 -63.8 21.0
v 54.0 -63.0 47.3
v 53.3 -63.0 48.0
v 54.1 -62.0 47.1
v 54.0 -61.3 45.0
v 54.0 -61.6 46.0
v 54.0 -61.8 47.0
v 53.0 -60.1 18.4
v 54.2 -59.9 17.3
v 54.7 -60.0 37.0
v 54.0 -60.2 38.0
v 54.0 -60.4 39.0
v 54.0 -60.4 40.5
v 54.0 -60.3 42.0
v 54.0 -60.4 43.0
v 54.0 -60.6 44.0
v 54.2 -59.0 37.0
v 54.0 -58.0 16.5
v 54.0 -58.6 17.0
v 53.0 -58.4 32.1
v 53.1 -58.5 33.0
v 54.1 -58.5 34.2
v 54.0 -58.6 36.0
v 54.0 -58.8 37.0
v 54.0 -57.0 15.9
v 53.9 -56.6 31.0
v 54.0 -57.0 30.7
v 54.0 -56.3 25.0
v 54.0 -55.5 24.0
v 54.0 -56.5 26.0
v 54.0 -56.3 27.0
v 54.0 -56.0 27.4
v 54.0 -56.0 31.3
v 54.0 -55.0 17.4
v 53.0 -54.9 28.0
v 54.0 -55.0 28.4
v 54.0 -55.0 31.2
v 54.0 -54.5 20.0
v 54.0 -53.8 19.0
v 54.0 -54.6 21.0
v 54.0 -54.8 23.0
v 54.0 -54.6 29.0
v 54.0 -54.5 30.0
v 54.0 -54.8 31.0
v 54.3 -72.0 30.0
v 55.0 -71.0 28.8
v 55.0 -71.5 29.0
v 54.5 -71.0 31.0
v 54.5 -71.0 32.0
v 54.4 -70.0 24.0
v 54.3 -70.0 28.0
v 55.0 -70.0 28.5
v 54.7 -71.0 30.0
v 55.4 -70.0 30.9
v 55.3 -70.0 32.0
v 54.7 -70.0 33.0
v 54.5 -70.0 35.0
v 54.5 -70.0 36.0
v 54.3 -69.0 20.0
v 54.4 -69.0 21.0
v 54.6 -69.0 22.0
v 54.6 -69.0 23.0
v 54.6 -69.0 25.0
v 54.5 -69.0 26.0
v 54.5 -69.0 27.0
v 54.3 -69.0 28.0
v 55.0 -69.0 28.3
v 55.4 -69.0 34.9
v 54.7 -69.0 36.9
v 54.3 -69.0 38.0
v 54.0 -68.0 19.0
v 54.4 -68.0 20.0
v 54.5 -68.0 21.0
v 55.1 -68.0 22.0
v 55.4 -68.0 23.0
v 55.4 -68.0 24.0
v 55.0 -68.5 25.0
v 55.0 -68.6 26.0
v 55.0 -68.6 27.0
v 55.0 -68.7 28.0
v 55.4 -68.0 37.0
v 54.9 -68.0 38.0
v 54.9 -67.8 40.0
v 55.1 -68.0 39.0
v 54.1 -66.9 21.0
v 55.0 -67.0 22.5
v 55.2 -67.0 41.0
v 55.0 -67.0 41.2
v 54.3 -66.0 23.0
v 55.0 -66.0 22.4
v 54.6 -66.0 42.1
v 54.2 -66.1 44.0
v 55.0 -65.1 19.0
v 54.5 -65.0 22.0
v 55.0 -65.3 21.8
v 55.0 -65.9 41.6
v 55.3 -65.0 42.0
v 54.9 -64.0 16.8
v 55.0 -64.2 17.0
v 55.0 -64.6 18.0
v 54.4 -64.0 19.0
v 54.7 -64.8 43.2
v 54.3 -64.3 45.7
v 55.0 -63.0 16.6
v 54.7 -63.0 44.9
v 54.3 -63.0 47.0
v 53.7 -61.8 17.8
v 55.0 -62.0 16.5
v 54.4 -62.0 46.0
v 55.0 -60.0 16.6
v 55.1 -62.0 45.0
v 55.0 -60.2 37.0
v 55.0 -60.2 38.0
v 55.0 -59.8 39.0
v 54.7 -60.0 41.0
v 55.0 -60.5 43.0
v 55.0 -60.8 44.0
v 54.2 -59.0 17.2
v 55.0 -59.0 16.7
v 54.5 -59.0 36.0
v 55.0 -60.0 36.0
v 55.2 -59.0 35.2
v 55.0 -59.8 40.0
v 55.0 -58.0 16.4
v 54.8 -58.4 31.0
v 55.0 -58.0 30.5
v 55.1 -58.5 32.1
v 55.0 -58.5 34.0
v 55.0 -58.7 35.0
v 55.0 -57.0 15.6
v 55.0 -57.0 30.4
v 54.6 -56.0 16.0
v 55.0 -56.0 15.6
v 54.1 -56.0 17.1
v 55.0 -56.5 25.0
v 55.0 -56.5 26.0
v 55.0 -56.1 27.0
v 55.0 -56.2 28.0
v 55.0 -56.0 28.2
v 55.0 -56.0 30.5
v 54.8 -55.0 16.0
v 55.0 -55.0 15.8
v 54.4 -55.0 17.0
v 55.0 -55.3 20.0
v 55.0 -55.4 21.1
v 54.0 -54.6 21.9
v 55.0 -55.5 22.0
v 55.0 -55.5 23.0
v 55.0 -55.7 24.0
v 55.0 -54.8 28.9
v 55.0 -55.0 30.4
v 55.0 -54.8 16.0
v 55.0 -54.2 17.0
v 55.0 -54.4 18.0
v 54.0 -53.9 18.0
v 55.1 -54.7 19.0
v 55.0 -54.3 30.0
v 55.2 -71.0 29.0
v 55.5 -70.0 30.0
v 56.0 -70.0 29.0
v 56.0 -69.0 28.5
v 55.8 -69.0 29.9
v 55.7 -69.0 31.0
v 55.6 -69.0 32.0
v 55.5 -69.0 33.0
v 55.4 -69.0 34.0
v 55.3 -69.0 36.0
v 55.5 -68.0 25.0
v 56.0 -68.0 25.5
v 56.0 -68.4 26.0
v 56.0 -68.5 27.0
v 56.0 -68.7 28.0
v 56.0 -68.8 30.0
v 56.0 -68.7 31.0
v 56.0 -68.6 32.0
v 56.0 -68.5 33.0
v 55.8 -68.0 34.0
v 55.7 -68.0 35.0
v 55.6 -68.0 36.0
v 55.5 -67.0 23.0
v 55.6 -67.0 24.0
v 55.9 -66.9 25.0
v 56.0 -67.0 25.2
v 56.0 -67.8 34.0
v 56.0 -67.7 35.0
v 56.0 -67.6 36.0
v 56.0 -67.4 37.0
v 55.6 -67.0 38.0
v 55.4 -67.0 40.0
v 56.0 -66.1 22.0
v 56.3 -66.2 23.0
v 56.0 -66.6 24.0
v 56.0 -66.9 37.6
v 56.0 -66.0 38.5
v 55.6 -66.0 39.0
v 55.4 -66.0 41.0
v 56.0 -65.1 18.0
v 56.0 -65.3 19.0
v 56.0 -65.2 20.0
v 55.7 -65.0 20.0
v 56.0 -65.3 21.0
v 55.5 -65.0 21.0
v 56.0 -65.0 39.0
v 55.8 -65.0 40.1
v 56.0 -64.0 16.7
v 56.0 -64.3 17.0
v 55.0 -64.0 20.0
v 56.0 -64.7 40.0
v 55.5 -65.5 40.4
v 56.0 -63.0 15.9
v 56.0 -64.0 40.7
v 55.7 -63.0 42.0
v 55.3 -63.0 44.0
v 56.0 -62.0 15.8
v 56.0 -63.0 41.7
v 56.1 -62.0 42.3
v 55.6 -62.0 43.0
v 55.5 -62.0 44.0
v 56.0 -61.0 16.3
v 55.5 -61.0 43.0
v 56.2 -61.0 42.2
v 55.2 -61.0 44.0
v 55.9 -60.3 40.0
v 55.0 -59.8 41.0
v 56.0 -60.4 41.0
v 55.0 -59.9 42.0
v 56.0 -60.7 42.0
v 56.0 -59.0 17.1
v 56.0 -59.0 30.0
v 56.0 -59.4 35.0
v 56.0 -59.8 36.0
v 56.0 -59.8 37.2
v 56.0 -59.8 38.0
v 56.0 -59.8 39.0
v 56.0 -58.0 16.5
v 55.8 -58.1 29.7
v 56.0 -58.6 31.0
v 56.0 -58.6 32.0
v 56.0 -58.6 33.0
v 56.0 -58.7 34.0
v 55.9 -57.0 15.6
v 56.0 -57.3 25.0
v 55.5 -57.0 26.0
v 56.0 -57.4 26.0
v 56.0 -57.3 27.0
v 56.2 -56.9 28.1
v 55.5 -57.0 30.0
v 56.0 -56.0 15.5
v 55.6 -56.0 22.0
v 55.7 -56.2 23.2
v 55.5 -56.0 29.0
v 56.0 -56.7 29.0
v 56.0 -55.0 15.8
v 56.0 -55.3 18.0
v 56.0 -55.4 19.0
v 56.0 -55.6 20.0
v 55.2 -55.0 29.0
v 55.3 -55.0 30.0
v 56.0 -54.7 17.0
v 56.5 -69.0 29.0
v 57.0 -68.1 25.9
v 57.0 -68.4 27.0
v 57.0 -68.9 28.0
v 57.0 -68.6 29.0
v 57.0 -68.4 30.3
v 57.0 -68.3 32.0
v 57.0 -68.2 33.0
v 57.0 -67.0 25.4
v 57.0 -67.5 34.0
v 57.1 -67.2 36.0
v 56.8 -66.9 36.8
v 57.0 -65.7 24.0
v 57.0 -66.6 25.0
v 56.5 -64.9 18.8
v 56.2 -65.0 20.0
v 56.5 -65.0 21.0
v 57.0 -65.5 23.0
v 57.0 -65.6 38.0
v 57.0 -65.2 39.0
v 57.0 -64.2 18.0
v 57.0 -64.0 19.6
v 57.0 -63.9 20.0
v 57.0 -64.6 21.0
v 57.0 -65.0 40.0
v 57.0 -64.0 40.4
v 57.0 -63.2 16.8
v 56.9 -63.0 19.0
v 57.0 -63.0 19.1
v 57.0 -63.0 41.2
v 57.0 -62.0 15.8
v 57.1 -62.0 19.0
v 57.0 -62.0 41.4
v 56.7 -61.0 16.0
v 57.0 -60.9 15.9
v 56.9 -61.1 35.0
v 56.6 -61.0 36.0
v 57.0 -61.5 36.0
v 56.8 -61.1 37.0
v 56.9 -61.1 40.0
v 57.0 -61.0 41.0
v 57.0 -60.3 17.0
v 56.0 -60.0 16.7
v 57.0 -60.0 17.3
v 56.5 -60.0 35.0
v 57.0 -60.0 34.4
v 56.2 -60.0 36.0
v 56.2 -60.0 37.0
v 57.3 -60.9 38.0
v 56.3 -60.0 38.0
v 57.0 -59.0 17.2
v 56.8 -59.0 28.0
v 57.0 -59.2 28.0
v 56.6 -59.0 29.0
v 57.0 -59.4 29.0
v 57.0 -59.4 30.0
v 57.0 -58.9 31.0
v 56.9 -59.3 32.0
v 57.0 -59.4 32.9
v 57.0 -59.6 34.0
v 57.0 -57.8 16.2
v 57.0 -58.1 23.0
v 57.0 -58.0 23.2
v 57.2 -58.0 26.0
v 56.6 -58.0 27.0
v 56.4 -58.0 29.0
v 57.0 -57.0 15.6
v 56.6 -57.0 22.0
v 57.0 -57.4 22.0
v 56.4 -57.0 23.0
v 57.0 -57.7 24.0
v 56.3 -57.0 24.0
v 57.0 -57.6 25.0
v 57.0 -57.8 26.0
v 56.2 -57.0 29.0
v 57.0 -56.0 15.8
v 57.0 -56.1 18.0
v 57.0 -56.3 20.0
v 56.0 -55.7 21.0
v 57.0 -56.6 21.0
v 56.0 -54.8 16.0
v 57.0 -55.8 19.0
v 57.2 -68.0 26.0
v 57.4 -68.0 27.6
v 57.5 -68.0 29.0
v 57.4 -68.0 30.1
v 57.3 -68.0 32.0
v 57.2 -68.0 33.0
v 57.6 -67.0 26.0
v 57.6 -67.0 26.9
v 57.7 -67.0 28.0
v 58.3 -67.0 29.0
v 58.3 -67.0 30.0
v 57.6 -67.0 31.9
v 57.6 -66.9 33.0
v 57.5 -67.0 34.0
v 57.8 -66.7 35.1
v 58.0 -66.0 24.5
v 58.0 -66.8 25.0
v 58.0 -66.6 26.0
v 57.7 -67.0 31.0
v 57.9 -66.0 36.5
v 57.1 -65.3 22.0
v 58.0 -64.9 23.0
v 58.0 -65.5 24.0
v 57.5 -65.0 38.0
v 57.2 -65.0 39.0
v 57.2 -64.0 18.0
v 57.2 -64.0 19.0
v 58.0 -64.4 21.0
v 58.0 -64.6 22.0
v 57.7 -64.0 37.0
v 58.1 -65.0 37.0
v 57.3 -64.0 40.0
v 57.3 -63.0 17.0
v 57.4 -63.0 18.0
v 58.0 -63.0 19.6
v 58.0 -63.5 20.0
v 57.7 -63.0 36.0
v 57.5 -63.0 37.0
v 57.5 -63.3 38.1
v 57.5 -63.4 39.8
v 57.2 -63.0 41.0
v 57.3 -62.0 16.0
v 57.5 -62.0 17.0
v 57.4 -62.0 18.0
v 58.0 -62.0 19.3
v 57.5 -62.0 36.0
v 58.2 -62.0 35.0
v 57.4 -62.0 37.0
v 57.5 -62.0 38.4
v 57.4 -62.0 40.0
v 57.3 -62.0 41.0
v 57.5 -61.0 16.0
v 57.6 -61.0 17.0
v 58.0 -60.9 18.0
v 58.0 -61.6 19.0
v 58.0 -61.7 35.0
v 58.0 -61.0 34.3
v 57.3 -60.9 39.0
v 58.0 -60.0 17.3
v 57.9 -60.1 32.0
v 57.8 -60.3 33.9
v 58.0 -59.0 16.6
v 58.3 -60.0 17.0
v 58.0 -59.2 24.0
v 57.7 -59.0 24.0
v 58.0 -59.3 25.0
v 57.6 -59.0 26.0
v 57.4 -59.0 27.0
v 58.0 -59.4 27.0
v 58.0 -59.6 28.0
v 58.0 -59.6 29.1
v 58.0 -59.7 31.0
v 57.9 -58.0 15.7
v 58.0 -58.6 23.0
v 57.3 -58.0 24.0
v 57.4 -58.0 25.0
v 58.0 -57.0 15.7
v 58.0 -57.4 21.0
v 58.0 -57.7 22.0
v 58.0 -56.6 16.0
v 57.3 -56.0 16.0
v 57.3 -55.9 17.0
v 58.0 -56.4 17.0
v 58.0 -56.6 18.0
v 58.0 -56.5 19.0
v 58.1 -56.8 20.0
v 58.5 -66.0 25.0
v 58.5 -66.0 26.0
v 58.4 -66.0 27.0
v 58.4 -66.0 28.0
v 58.7 -65.0 30.0
v 58.5 -66.0 31.0
v 58.5 -66.0 32.0
v 58.4 -66.0 33.2
v 58.4 -66.0 35.0
v 58.2 -66.0 36.0
v 59.0 -65.3 24.0
v 59.0 -65.5 25.0
v 59.2 -65.2 26.0
v 58.8 -65.0 27.0
v 58.6 -65.0 28.5
v 59.0 -65.0 30.5
v 59.3 -65.0 32.0
v 58.7 -65.0 33.0
v 58.6 -65.0 34.0
v 58.5 -65.0 35.0
v 58.5 -65.0 36.0
v 59.0 -64.4 21.0
v 59.0 -64.5 22.0
v 59.0 -64.8 27.0
v 59.0 -64.7 28.6
v 59.0 -64.7 30.0
v 58.6 -64.0 35.0
v 58.3 -64.0 36.0
v 59.0 -63.0 19.6
v 59.0 -63.5 20.0
v 59.1 -64.0 34.0
v 58.7 -63.0 34.0
v 58.4 -63.0 35.0
v 59.0 -62.0 19.2
v 58.7 -62.0 33.0
v 58.3 -61.1 34.0
v 59.0 -61.0 16.9
v 59.0 -61.4 18.0
v 58.1 -61.0 18.0
v 59.0 -61.7 19.0
v 58.7 -61.0 31.0
v 58.6 -61.1 32.0
v 58.5 -61.0 33.0
v 59.0 -60.0 16.6
v 59.0 -60.2 28.0
v 58.5 -60.0 29.0
v 58.5 -60.0 30.0
v 58.3 -60.0 31.0
v 58.1 -60.0 33.0
v 59.0 -59.0 16.3
v 58.9 -59.1 22.7
v 59.0 -59.5 24.1
v 58.0 -59.4 26.0
v 59.0 -59.6 27.0
v 59.0 -58.0 15.7
v 58.7 -58.0 21.0
v 59.0 -57.0 15.8
v 58.7 -57.1 18.0
v 59.0 -56.8 16.0
v 59.0 -56.8 17.0
v 59.0 -65.1 23.0
v 59.3 -65.0 24.0
v 59.5 -65.0 25.0
v 59.3 -65.0 31.0
v 60.0 -64.0 20.7
v 60.0 -64.5 21.0
v 59.6 -63.9 23.0
v 59.8 -63.9 24.0
v 60.0 -64.5 26.0
v 60.0 -64.4 27.5
v 60.0 -64.3 29.0
v 60.0 -64.3 30.0
v 59.7 -64.0 31.0
v 60.2 -64.0 30.0
v 59.6 -64.0 32.0
v 59.4 -64.0 33.0
v 60.0 -63.0 19.5
v 60.0 -63.5 20.0
v 59.4 -63.0 33.0
v 60.0 -62.2 18.8
v 59.7 -62.1 31.0
v 59.4 -62.0 32.0
v 60.1 -63.0 32.0
v 60.0 -61.5 18.0
v 59.0 -60.6 30.0
v 60.0 -60.0 16.5
v 60.0 -60.8 17.2
v 60.0 -60.4 28.0
v 60.1 -60.7 29.0
v 60.0 -59.0 15.8
v 60.0 -59.3 21.0
v 59.9 -59.4 22.0
v 59.1 -59.3 22.9
v 60.0 -59.5 24.0
v 60.0 -59.6 25.0
v 60.0 -59.6 26.0
v 60.0 -59.8 27.0
v 60.0 -58.0 15.9
v 59.7 -58.0 17.0
v 60.0 -58.3 17.0
v 59.5 -58.0 18.0
v 60.0 -58.5 19.0
v 60.3 -58.9 20.0
v 60.0 -58.0 16.0
v 59.2 -57.0 16.0
v 59.3 -57.0 17.0
v 60.3 -64.0 21.0
v 60.0 -64.4 25.0
v 60.5 -64.0 26.0
v 60.4 -64.0 27.1
v 60.3 -64.0 29.0
v 61.0 -63.2 20.0
v 59.6 -64.0 22.0
v 61.0 -63.3 21.0
v 61.3 -63.0 26.0
v 60.7 -63.0 27.0
v 60.6 -63.0 28.0
v 60.6 -63.0 29.0
v 60.5 -63.0 30.0
v 60.3 -63.0 31.0
v 61.0 -62.6 22.0
v 61.0 -62.5 23.0
v 61.0 -62.6 24.0
v 61.0 -62.5 28.0
v 60.4 -62.0 30.0
v 61.0 -61.1 17.8
v 60.4 -61.0 29.0
v 61.1 -62.0 29.0
v 61.2 -61.0 28.0
v 61.0 -60.0 16.5
v 61.0 -60.5 17.0
v 61.2 -60.0 24.0
v 60.5 -59.9 25.0
v 61.0 -60.4 25.1
v 61.0 -60.6 27.0
v 61.0 -60.7 28.0
v 61.0 -59.0 15.8
v 61.0 -59.3 19.0
v 61.0 -58.7 18.0
v 61.0 -59.4 20.0
v 61.0 -59.6 22.0
v 61.0 -59.6 23.0
v 61.0 -59.8 24.0
v 61.0 -58.7 16.0
v 61.0 -58.5 17.0
v 61.3 -63.0 20.0
v 61.3 -63.0 21.0
v 61.3 -63.0 25.0
v 61.0 -62.3 19.0
v 62.1 -62.0 20.0
v 61.7 -62.0 21.0
v 61.5 -62.0 22.0
v 61.4 -62.0 23.0
v 61.4 -62.0 24.0
v 61.5 -62.0 25.5
v 61.4 -62.0 27.0
v 61.4 -62.0 28.0
v 61.9 -61.0 18.5
v 62.0 -61.5 19.0
v 62.0 -61.6 21.0
v 61.6 -61.0 23.0
v 61.5 -61.0 24.0
v 61.4 -61.0 25.0
v 61.4 -61.0 27.0
v 62.0 -60.0 16.4
v 62.0 -60.4 17.0
v 62.0 -60.5 18.0
v 62.1 -61.0 22.0
v 62.3 -60.0 21.0
v 61.5 -60.0 22.0
v 62.0 -59.0 15.8
v 62.0 -59.4 16.0
v 62.0 -59.0 17.7
v 62.0 -59.3 18.0
v 62.0 -59.5 19.0
v 62.0 -59.5 20.0
v 62.0 -59.7 21.0
v 62.0 -58.6 17.0
v 62.4 -61.0 19.0
v 62.6 -61.0 20.0
v 62.4 -61.0 21.0
v 62.7 -60.0 16.0
v 63.0 -60.0 15.6
v 63.0 -60.2 16.0
v 63.0 -60.2 17.0
v 62.6 -60.0 18.0
v 63.0 -60.0 17.4
v 63.0 -60.0 19.0
v 63.0 -59.0 15.8
v 63.0 -59.0 17.7
v 63.0 -60.0 20.0
v 63.0 -58.8 16.0
v 63.0 -58.7 17.0
v 63.2 -60.0 16.0
v 63.2 -60.0 17.0
v 63.2 -59.0 16.0
v 63.3 -59.0 17.0
f 3 2 1
f 5 4 1
f 1 4 3
f 7 6 5
f 5 6 4
f 7 15 6
f 8 10 9
f 1 2 11
f 11 2 12
f 1 13 5
f 1 11 13
f 5 14 7
f 5 13 14
f 7 16 15
f 7 14 16
f 8 17 10
f 12 18 11
f 11 18 13
f 13 18 19
f 20 13 19
f 20 14 13
f 21 16 20
f 16 14 20
f 25 24 3
f 3 24 2
f 26 3 4
f 26 25 3
f 27 4 6
f 27 26 4
f 28 6 15
f 28 27 6
f 15 29 28
f 31 30 9
f 9 30 8
f 32 9 10
f 32 31 9
f 10 33 32
f 24 12 2
f 34 12 24
f 36 35 16
f 16 35 15
f 35 29 15
f 38 37 36
f 36 37 35
f 38 47 17
f 30 38 17
f 8 30 17
f 38 30 37
f 47 39 17
f 17 39 10
f 39 40 10
f 10 40 33
f 34 41 12
f 12 41 18
f 18 42 19
f 41 42 18
f 19 43 20
f 42 43 19
f 43 21 20
f 44 21 43
f 16 21 36
f 21 45 36
f 21 44 45
f 46 36 45
f 46 38 36
f 47 38 46
f 51 50 48
f 48 50 49
f 51 52 50
f 49 54 53
f 53 48 49
f 53 55 48
f 48 56 51
f 48 55 56
f 52 51 57
f 57 51 56
f 60 59 58
f 22 59 60
f 54 22 23
f 54 59 22
f 61 53 23
f 53 54 23
f 62 55 70
f 55 61 70
f 55 53 61
f 55 62 56
f 56 62 134
f 56 134 57
f 65 64 63
f 64 65 58
f 65 66 58
f 58 67 60
f 58 66 67
f 60 68 22
f 67 68 60
f 69 23 22
f 69 22 68
f 69 76 23
f 76 70 23
f 70 61 23
f 63 72 65
f 63 71 72
f 65 73 66
f 65 72 73
f 67 73 74
f 67 66 73
f 67 74 68
f 68 74 75
f 68 75 69
f 69 75 76
f 71 77 72
f 72 77 78
f 72 78 73
f 73 78 79
f 73 79 74
f 81 80 82
f 82 83 81
f 84 89 85
f 87 180 86
f 87 86 85
f 86 84 85
f 86 88 84
f 89 88 92
f 89 84 88
f 91 90 25
f 25 90 24
f 26 86 180
f 91 26 180
f 25 26 91
f 86 26 27
f 86 27 88
f 27 92 88
f 28 92 27
f 28 29 92
f 92 29 98
f 93 30 31
f 32 33 31
f 31 33 93
f 90 34 24
f 94 34 90
f 102 96 95
f 97 95 96
f 98 29 35
f 99 35 37
f 99 98 35
f 37 30 93
f 100 37 93
f 99 37 100
f 39 101 40
f 101 93 40
f 93 33 40
f 101 100 93
f 94 102 34
f 34 102 41
f 95 42 102
f 42 41 102
f 42 95 43
f 43 95 97
f 44 43 97
f 103 44 97
f 104 44 103
f 105 45 44
f 105 44 104
f 105 46 45
f 46 106 47
f 106 107 47
f 107 39 47
f 107 101 39
f 103 108 104
f 197 112 108
f 112 104 108
f 112 105 104
f 105 109 46
f 112 109 105
f 109 106 46
f 110 106 109
f 107 106 111
f 111 106 110
f 109 112 113
f 109 113 110
f 110 113 114
f 110 114 111
f 119 118 116
f 116 118 117
f 119 120 118
f 121 120 119
f 121 218 120
f 218 121 115
f 115 123 122
f 49 122 123
f 49 124 122
f 124 50 130
f 124 49 50
f 52 130 50
f 116 126 119
f 116 125 126
f 119 126 127
f 119 127 121
f 121 127 128
f 121 129 115
f 121 128 129
f 129 54 49
f 123 129 49
f 115 129 123
f 52 131 130
f 52 57 131
f 125 133 126
f 125 132 133
f 126 133 64
f 127 64 58
f 126 64 127
f 127 58 59
f 127 59 128
f 128 59 54
f 128 54 129
f 57 134 131
f 133 135 63
f 132 135 133
f 133 63 64
f 136 70 76
f 230 71 63
f 230 63 135
f 74 143 137
f 75 74 137
f 75 138 76
f 137 138 75
f 136 76 138
f 230 139 71
f 139 77 71
f 139 140 77
f 77 141 78
f 140 141 77
f 78 142 79
f 141 142 78
f 74 79 143
f 79 142 143
f 144 80 81
f 144 145 80
f 81 146 144
f 83 146 81
f 148 147 83
f 147 146 83
f 148 149 147
f 82 80 157
f 80 150 157
f 80 145 150
f 151 83 82
f 151 82 157
f 151 148 83
f 152 148 151
f 148 153 149
f 148 152 153
f 149 155 154
f 149 153 155
f 155 156 154
f 151 157 158
f 160 159 158
f 159 151 158
f 159 152 151
f 152 161 153
f 152 159 161
f 153 162 155
f 153 161 162
f 156 155 163
f 163 155 162
f 159 160 161
f 161 160 164
f 161 164 162
f 162 164 165
f 162 165 163
f 168 167 166
f 169 170 168
f 168 170 167
f 171 173 166
f 173 168 166
f 168 172 169
f 168 173 172
f 170 169 176
f 169 172 176
f 174 172 173
f 176 174 175
f 176 172 174
f 178 177 85
f 179 85 89
f 179 178 85
f 182 181 180
f 87 182 180
f 87 177 182
f 87 85 177
f 179 89 183
f 89 92 183
f 180 181 91
f 181 90 91
f 181 184 90
f 185 92 98
f 183 92 185
f 186 183 185
f 94 184 187
f 90 184 94
f 189 188 96
f 189 96 102
f 188 189 190
f 97 188 190
f 96 188 97
f 191 186 185
f 98 191 185
f 99 191 98
f 192 191 101
f 191 100 101
f 191 99 100
f 187 102 94
f 187 193 102
f 189 102 193
f 190 189 194
f 194 189 279
f 194 103 97
f 194 97 190
f 192 101 195
f 107 195 101
f 279 196 194
f 196 197 108
f 194 196 108
f 103 194 108
f 107 198 195
f 107 111 198
f 197 196 199
f 200 112 197
f 199 200 197
f 201 113 112
f 201 112 200
f 113 201 204
f 114 113 204
f 111 114 198
f 198 114 204
f 202 200 199
f 200 203 201
f 200 202 203
f 201 205 204
f 201 203 205
f 208 207 206
f 210 209 208
f 208 209 207
f 210 211 209
f 222 202 212
f 202 213 212
f 202 222 203
f 203 222 299
f 214 203 299
f 214 205 203
f 205 214 215
f 217 216 215
f 216 217 206
f 206 218 208
f 206 217 218
f 210 218 115
f 208 218 210
f 219 210 115
f 211 210 219
f 211 219 220
f 212 223 222
f 212 221 223
f 116 117 223
f 117 222 223
f 117 299 222
f 118 214 299
f 117 118 299
f 214 118 120
f 214 120 215
f 215 120 217
f 217 120 218
f 122 219 115
f 219 122 124
f 219 124 220
f 225 224 130
f 130 224 124
f 224 220 124
f 310 227 221
f 227 223 221
f 227 125 116
f 227 116 223
f 130 131 225
f 131 226 225
f 227 132 125
f 228 62 70
f 62 229 134
f 228 229 62
f 131 134 226
f 226 134 229
f 135 132 227
f 70 136 228
f 231 137 238
f 138 137 231
f 136 138 231
f 232 139 230
f 232 233 139
f 139 234 140
f 233 234 139
f 140 235 141
f 234 235 140
f 141 236 142
f 235 236 141
f 142 237 143
f 236 237 142
f 137 143 238
f 143 237 238
f 240 239 144
f 239 145 144
f 146 240 144
f 241 240 146
f 242 146 147
f 242 241 146
f 242 147 149
f 243 239 244
f 243 150 145
f 243 145 239
f 245 242 149
f 154 245 149
f 246 245 154
f 154 156 246
f 246 156 247
f 244 248 243
f 243 248 150
f 248 157 150
f 248 249 157
f 157 249 158
f 249 160 158
f 163 250 251
f 247 163 251
f 156 163 247
f 249 252 160
f 252 253 160
f 160 254 164
f 253 254 160
f 164 254 165
f 254 163 165
f 163 254 250
f 255 250 254
f 250 255 166
f 166 167 250
f 167 256 250
f 256 251 250
f 167 257 256
f 167 170 257
f 255 258 166
f 166 258 171
f 257 170 259
f 176 259 170
f 260 259 176
f 173 171 267
f 171 261 267
f 171 258 261
f 267 174 173
f 175 262 176
f 260 176 263
f 176 262 263
f 262 264 263
f 264 265 263
f 177 178 265
f 178 266 265
f 266 178 179
f 267 268 174
f 174 268 175
f 268 269 175
f 269 262 175
f 269 268 365
f 269 181 182
f 264 269 182
f 262 269 264
f 264 182 177
f 264 177 265
f 271 270 183
f 270 179 183
f 365 371 269
f 181 269 371
f 184 181 371
f 183 273 271
f 183 186 273
f 371 272 187
f 187 184 371
f 273 186 191
f 275 274 192
f 274 191 192
f 274 273 191
f 275 276 274
f 272 277 187
f 187 278 193
f 277 278 187
f 193 278 189
f 278 279 189
f 279 278 379
f 195 275 192
f 275 280 276
f 275 195 280
f 276 280 281
f 279 379 282
f 282 196 279
f 283 195 198
f 280 195 283
f 280 283 289
f 289 284 280
f 285 281 280
f 285 280 284
f 284 292 285
f 282 287 196
f 282 286 287
f 287 199 196
f 283 198 204
f 288 283 204
f 283 290 289
f 283 288 290
f 290 284 289
f 290 291 284
f 284 293 292
f 284 291 293
f 293 294 292
f 286 295 287
f 286 298 295
f 287 296 199
f 295 296 287
f 296 202 199
f 297 204 205
f 288 204 297
f 288 216 290
f 288 297 216
f 291 216 206
f 290 216 291
f 291 206 207
f 291 207 293
f 300 294 293
f 207 300 293
f 209 300 207
f 300 209 211
f 295 298 395
f 395 212 213
f 295 395 213
f 296 295 213
f 202 296 213
f 215 297 205
f 297 215 216
f 303 300 220
f 300 211 220
f 302 395 301
f 221 395 302
f 212 395 221
f 224 303 220
f 304 303 224
f 224 225 304
f 304 225 305
f 307 306 301
f 306 302 301
f 302 310 221
f 306 310 302
f 226 305 225
f 226 308 305
f 306 307 309
f 306 309 310
f 228 311 312
f 313 228 312
f 229 228 313
f 226 229 308
f 308 229 313
f 413 314 309
f 314 310 309
f 314 135 227
f 314 227 310
f 311 228 136
f 315 311 136
f 316 311 315
f 312 311 317
f 317 311 316
f 314 413 318
f 318 230 135
f 318 135 314
f 320 238 319
f 320 231 238
f 321 231 320
f 136 231 315
f 231 322 315
f 231 321 322
f 315 322 316
f 316 322 323
f 316 323 317
f 318 327 230
f 327 232 230
f 327 328 232
f 232 329 233
f 328 329 232
f 233 329 234
f 234 439 235
f 329 439 234
f 235 330 236
f 439 330 235
f 319 237 330
f 237 236 330
f 237 319 238
f 325 324 444
f 325 444 326
f 333 332 331
f 331 334 333
f 240 335 239
f 240 241 335
f 331 332 336
f 336 332 337
f 331 338 334
f 331 336 338
f 339 244 239
f 244 339 338
f 334 338 339
f 339 239 335
f 335 241 340
f 340 241 242
f 340 242 341
f 342 341 245
f 341 242 245
f 245 246 342
f 337 343 336
f 336 343 338
f 338 343 344
f 338 344 244
f 344 248 244
f 344 345 248
f 249 345 350
f 248 345 249
f 346 342 246
f 346 246 347
f 349 347 348
f 348 347 251
f 347 246 251
f 246 247 251
f 350 252 249
f 350 351 252
f 252 352 253
f 351 352 252
f 253 353 254
f 352 353 253
f 353 354 254
f 354 349 254
f 348 254 349
f 254 348 255
f 355 255 348
f 255 355 356
f 348 251 355
f 251 357 355
f 251 256 357
f 258 255 358
f 255 356 358
f 357 257 359
f 257 357 256
f 359 259 361
f 359 257 259
f 259 260 361
f 360 261 258
f 360 258 358
f 361 260 362
f 263 362 260
f 478 362 263
f 478 263 265
f 366 478 266
f 478 265 266
f 360 364 363
f 360 363 267
f 261 360 267
f 365 268 267
f 365 267 363
f 366 266 179
f 270 366 179
f 367 366 270
f 270 271 367
f 363 364 368
f 368 364 369
f 363 370 365
f 363 368 370
f 370 371 365
f 372 367 271
f 271 273 372
f 374 373 369
f 373 368 369
f 373 370 368
f 373 272 371
f 370 373 371
f 375 372 273
f 376 375 274
f 375 273 274
f 374 378 377
f 374 377 277
f 373 374 277
f 272 373 277
f 379 278 277
f 379 277 377
f 380 376 274
f 380 274 276
f 380 276 381
f 281 381 276
f 382 381 281
f 377 378 385
f 385 378 383
f 377 386 379
f 377 385 386
f 386 282 379
f 384 281 285
f 281 384 382
f 386 286 282
f 285 387 384
f 387 285 292
f 388 387 292
f 292 294 388
f 388 294 389
f 385 383 390
f 390 383 391
f 385 392 386
f 385 390 392
f 392 298 286
f 392 286 386
f 396 294 300
f 389 294 396
f 391 508 390
f 393 390 508
f 393 392 390
f 392 394 298
f 393 394 392
f 395 298 394
f 397 396 300
f 303 397 300
f 398 393 508
f 398 399 393
f 394 399 301
f 393 399 394
f 394 301 395
f 406 397 400
f 400 397 303
f 303 304 400
f 401 398 510
f 398 404 399
f 398 401 404
f 399 307 301
f 404 307 399
f 400 402 406
f 304 402 400
f 308 402 305
f 305 402 304
f 403 401 510
f 403 411 401
f 401 411 404
f 404 405 307
f 405 309 307
f 406 312 407
f 406 402 313
f 312 406 313
f 402 308 313
f 408 406 407
f 409 403 510
f 409 410 403
f 403 410 411
f 411 412 404
f 404 412 405
f 405 413 309
f 412 413 405
f 317 414 407
f 317 407 312
f 408 407 415
f 407 416 415
f 407 414 416
f 416 516 415
f 417 409 418
f 409 419 410
f 409 417 419
f 410 420 411
f 410 419 420
f 411 421 412
f 411 420 421
f 412 422 413
f 412 421 422
f 422 318 413
f 440 423 319
f 440 319 330
f 319 424 320
f 423 424 319
f 320 425 321
f 424 425 320
f 321 426 322
f 425 426 321
f 426 521 427
f 323 426 427
f 322 426 323
f 414 317 323
f 427 414 323
f 428 414 427
f 416 428 324
f 414 428 416
f 416 324 325
f 416 325 516
f 325 326 516
f 326 429 516
f 430 417 418
f 430 431 417
f 417 432 419
f 417 431 432
f 420 432 433
f 420 419 432
f 434 420 433
f 434 421 420
f 421 435 422
f 421 434 435
f 436 327 318
f 422 436 318
f 435 436 422
f 327 436 450
f 437 327 450
f 328 327 437
f 328 438 329
f 437 438 328
f 439 440 330
f 521 441 427
f 427 441 428
f 428 441 442
f 442 443 324
f 428 442 324
f 444 324 443
f 445 326 444
f 445 429 326
f 431 430 446
f 431 446 432
f 432 446 447
f 432 447 433
f 433 448 434
f 434 448 449
f 434 449 435
f 435 449 436
f 436 449 450
f 442 451 443
f 443 451 444
f 444 451 452
f 444 452 445
f 453 332 333
f 333 334 453
f 454 337 453
f 453 337 332
f 455 453 334
f 454 453 455
f 339 456 334
f 456 455 334
f 335 457 339
f 339 457 456
f 340 458 335
f 335 458 457
f 458 340 459
f 340 341 459
f 341 342 459
f 454 343 337
f 343 454 344
f 344 454 455
f 344 455 345
f 345 455 456
f 345 456 350
f 456 460 350
f 456 457 460
f 460 458 546
f 457 458 460
f 461 459 342
f 461 342 346
f 462 346 347
f 462 461 346
f 347 349 462
f 462 349 463
f 351 350 460
f 549 351 460
f 546 549 460
f 464 351 549
f 465 352 351
f 465 351 464
f 466 353 352
f 466 352 465
f 467 354 353
f 467 353 466
f 468 356 355
f 356 468 467
f 463 467 468
f 467 463 354
f 349 354 463
f 355 357 468
f 468 357 556
f 464 549 553
f 464 469 465
f 464 553 469
f 465 470 466
f 465 469 470
f 466 471 467
f 466 470 471
f 471 358 356
f 471 356 467
f 472 357 359
f 556 357 472
f 469 553 473
f 474 469 473
f 474 470 469
f 470 475 471
f 470 474 475
f 475 360 358
f 475 358 471
f 476 472 359
f 476 359 361
f 477 476 361
f 477 362 479
f 477 361 362
f 362 478 479
f 562 484 473
f 484 474 473
f 484 475 474
f 475 485 360
f 484 485 475
f 485 364 360
f 479 478 480
f 480 478 481
f 481 478 366
f 483 481 366
f 483 367 482
f 483 366 367
f 486 364 485
f 369 364 486
f 483 482 488
f 372 487 367
f 487 482 367
f 487 488 482
f 486 577 369
f 374 369 577
f 488 487 489
f 489 487 372
f 375 489 372
f 490 489 375
f 375 376 490
f 490 376 491
f 374 577 492
f 492 378 374
f 376 380 494
f 493 376 494
f 491 376 493
f 381 494 380
f 381 382 494
f 378 492 495
f 383 378 495
f 496 493 494
f 498 497 496
f 494 498 496
f 499 494 382
f 498 494 499
f 384 499 382
f 590 383 495
f 500 497 498
f 500 498 499
f 500 499 501
f 501 499 384
f 387 501 384
f 502 501 387
f 502 388 503
f 502 387 388
f 389 503 388
f 391 590 504
f 383 590 391
f 503 389 505
f 389 506 505
f 389 396 506
f 504 508 391
f 507 508 504
f 509 506 396
f 396 397 509
f 507 398 508
f 397 406 509
f 510 507 512
f 510 398 507
f 511 509 406
f 513 511 406
f 406 408 513
f 514 409 512
f 512 409 510
f 515 513 408
f 515 408 415
f 517 515 516
f 515 415 516
f 605 418 409
f 605 409 514
f 423 440 606
f 518 423 606
f 423 519 424
f 518 519 423
f 424 520 425
f 519 520 424
f 426 520 521
f 425 520 426
f 517 516 528
f 429 528 516
f 522 430 605
f 605 430 418
f 523 437 450
f 437 524 438
f 523 524 437
f 329 525 439
f 438 525 329
f 440 525 606
f 440 439 525
f 526 527 441
f 521 526 441
f 442 441 527
f 429 529 528
f 429 445 529
f 530 531 430
f 522 530 430
f 541 446 430
f 541 430 531
f 446 541 532
f 447 446 532
f 447 533 433
f 447 532 533
f 533 448 433
f 448 620 449
f 533 620 448
f 620 534 449
f 449 535 450
f 534 535 449
f 523 450 535
f 527 526 536
f 527 537 442
f 527 536 537
f 538 451 442
f 537 538 442
f 545 452 451
f 545 451 538
f 545 539 452
f 539 445 452
f 539 529 445
f 530 540 531
f 531 540 541
f 536 542 537
f 537 542 543
f 537 543 538
f 538 543 544
f 538 544 545
f 547 546 458
f 547 458 459
f 548 547 461
f 547 459 461
f 546 547 550
f 546 550 549
f 551 548 461
f 551 461 462
f 551 462 552
f 555 552 468
f 552 462 468
f 462 463 468
f 556 555 468
f 549 550 554
f 549 554 553
f 557 473 553
f 554 557 553
f 560 473 557
f 472 476 558
f 559 472 558
f 556 472 559
f 476 477 558
f 560 557 561
f 560 562 473
f 558 477 563
f 563 477 479
f 564 479 480
f 564 563 479
f 565 480 481
f 565 564 480
f 565 481 483
f 560 561 567
f 560 568 562
f 560 567 568
f 569 484 562
f 568 569 562
f 570 485 484
f 570 484 569
f 570 486 485
f 571 565 483
f 483 572 571
f 483 488 572
f 573 581 566
f 575 568 567
f 568 582 569
f 568 575 582
f 570 582 576
f 570 569 582
f 570 576 577
f 486 570 577
f 579 572 488
f 579 489 578
f 579 488 489
f 489 490 578
f 573 574 580
f 581 573 580
f 577 576 583
f 583 576 584
f 583 492 577
f 578 490 665
f 490 491 665
f 491 585 665
f 491 493 585
f 583 584 586
f 587 495 492
f 583 587 492
f 586 587 583
f 588 585 493
f 588 493 496
f 589 496 497
f 589 588 496
f 671 590 586
f 590 587 586
f 590 495 587
f 500 589 497
f 500 591 589
f 501 591 500
f 591 502 503
f 591 501 502
f 671 592 590
f 592 504 590
f 593 507 504
f 593 504 592
f 594 505 509
f 505 506 509
f 680 507 593
f 595 594 509
f 512 680 596
f 512 507 680
f 599 595 511
f 595 509 511
f 598 596 597
f 596 598 512
f 513 599 511
f 603 599 513
f 600 597 683
f 600 601 597
f 598 601 514
f 597 601 598
f 598 514 512
f 517 602 515
f 602 603 515
f 603 513 515
f 600 605 601
f 600 604 605
f 605 514 601
f 518 606 607
f 518 608 519
f 607 608 518
f 520 608 609
f 519 608 520
f 609 521 520
f 610 698 602
f 517 610 602
f 528 610 517
f 605 611 522
f 604 611 605
f 523 621 704
f 524 523 704
f 524 705 438
f 704 705 524
f 438 706 525
f 705 706 438
f 525 612 606
f 525 706 612
f 606 612 607
f 609 709 526
f 521 609 526
f 613 698 610
f 529 613 528
f 613 610 528
f 615 713 614
f 615 614 611
f 614 616 611
f 617 530 522
f 611 617 522
f 616 617 611
f 718 618 532
f 532 619 533
f 618 619 532
f 619 620 533
f 534 721 535
f 523 535 621
f 535 721 621
f 526 709 725
f 725 536 526
f 613 529 622
f 539 622 529
f 713 623 614
f 614 623 616
f 616 623 624
f 616 624 617
f 617 624 625
f 617 625 530
f 625 540 530
f 625 626 540
f 540 718 541
f 626 718 540
f 532 541 718
f 725 627 536
f 627 542 536
f 627 628 542
f 542 629 543
f 628 629 542
f 543 630 544
f 629 630 543
f 545 630 622
f 545 544 630
f 545 622 539
f 631 550 547
f 631 547 548
f 633 631 548
f 551 633 548
f 633 552 632
f 633 551 552
f 555 632 552
f 634 554 631
f 631 554 550
f 631 633 635
f 631 635 634
f 636 557 634
f 634 557 554
f 634 635 637
f 634 637 636
f 638 632 555
f 555 556 638
f 556 559 638
f 640 639 744
f 639 561 636
f 561 557 636
f 639 640 561
f 641 638 559
f 641 559 558
f 641 563 650
f 641 558 563
f 650 563 643
f 643 564 642
f 643 563 564
f 564 565 642
f 566 645 644
f 566 646 645
f 648 647 566
f 647 646 566
f 647 648 744
f 648 649 744
f 744 649 640
f 649 567 561
f 649 561 640
f 642 565 651
f 652 651 571
f 651 565 571
f 653 574 644
f 574 573 644
f 644 573 566
f 566 654 648
f 581 654 566
f 661 648 654
f 661 649 648
f 649 661 662
f 649 655 567
f 662 655 649
f 655 575 567
f 652 571 656
f 652 656 657
f 579 658 572
f 658 571 572
f 658 656 571
f 765 574 653
f 580 574 765
f 580 659 581
f 659 660 581
f 660 654 581
f 655 662 663
f 655 663 575
f 668 582 575
f 668 576 582
f 664 576 668
f 664 584 576
f 656 658 776
f 775 776 578
f 776 658 578
f 658 579 578
f 578 665 775
f 580 666 670
f 580 765 666
f 670 667 580
f 667 659 580
f 659 667 660
f 663 772 575
f 575 772 668
f 664 668 774
f 584 664 774
f 669 584 774
f 586 584 669
f 673 665 588
f 665 585 588
f 588 589 673
f 586 672 671
f 586 669 672
f 673 589 674
f 676 674 591
f 674 589 591
f 503 676 591
f 671 672 592
f 672 675 592
f 676 503 505
f 679 678 677
f 675 679 677
f 593 675 677
f 592 675 593
f 901 676 505
f 901 505 594
f 677 678 680
f 680 678 681
f 680 593 677
f 901 594 595
f 682 680 681
f 682 596 680
f 900 901 595
f 683 597 682
f 682 597 596
f 687 685 686
f 686 685 599
f 685 900 599
f 900 595 599
f 599 603 686
f 694 684 688
f 688 684 689
f 684 694 683
f 694 600 683
f 687 686 690
f 687 690 691
f 602 690 603
f 690 686 603
f 689 693 692
f 692 688 689
f 688 692 694
f 694 604 600
f 696 608 607
f 696 607 695
f 696 609 608
f 691 690 697
f 698 690 602
f 698 697 690
f 699 692 693
f 699 700 692
f 692 700 701
f 692 702 694
f 692 701 702
f 702 611 604
f 702 604 694
f 707 612 706
f 695 607 612
f 707 695 612
f 708 695 707
f 695 708 696
f 696 709 609
f 708 709 696
f 710 726 697
f 698 710 697
f 613 711 698
f 711 710 698
f 700 699 712
f 730 713 712
f 713 700 712
f 713 701 700
f 702 713 615
f 701 713 702
f 611 702 615
f 716 715 714
f 717 715 716
f 719 718 717
f 718 719 703
f 618 718 703
f 802 618 703
f 802 619 618
f 802 720 619
f 619 720 620
f 620 720 534
f 720 721 534
f 621 722 704
f 621 721 722
f 704 722 705
f 705 722 723
f 705 723 706
f 706 723 707
f 707 723 708
f 708 723 724
f 708 724 819
f 725 708 819
f 725 709 708
f 728 727 726
f 710 728 726
f 711 728 710
f 622 728 613
f 613 728 711
f 730 623 713
f 730 731 623
f 715 624 714
f 624 731 714
f 624 623 731
f 624 715 625
f 625 715 626
f 626 715 717
f 626 717 718
f 732 627 725
f 732 825 627
f 627 733 628
f 825 733 627
f 628 734 629
f 733 734 628
f 728 630 727
f 630 734 727
f 630 629 734
f 630 728 622
f 737 736 735
f 735 739 737
f 736 740 735
f 735 740 739
f 741 635 633
f 743 741 632
f 741 633 632
f 741 637 635
f 742 637 741
f 743 632 638
f 639 745 744
f 636 746 639
f 639 746 745
f 747 746 636
f 637 747 636
f 742 747 637
f 748 743 638
f 748 638 641
f 650 748 641
f 644 645 749
f 645 750 749
f 645 751 750
f 752 645 646
f 752 751 645
f 753 646 647
f 753 752 646
f 754 647 744
f 753 647 754
f 754 744 745
f 754 745 755
f 755 745 746
f 756 748 650
f 756 650 643
f 758 756 643
f 757 758 642
f 758 643 642
f 642 651 757
f 760 759 750
f 750 759 749
f 759 653 749
f 749 653 644
f 757 651 761
f 651 652 761
f 652 762 761
f 652 657 762
f 759 760 763
f 763 760 764
f 759 765 653
f 763 765 759
f 660 766 654
f 770 661 654
f 766 770 654
f 770 662 661
f 663 662 770
f 657 656 767
f 762 657 767
f 656 776 767
f 863 768 764
f 768 763 764
f 768 765 763
f 768 666 765
f 667 769 660
f 769 864 660
f 864 766 660
f 766 864 770
f 770 771 663
f 771 772 663
f 773 668 772
f 774 668 773
f 768 863 777
f 768 777 666
f 777 778 666
f 778 670 666
f 670 779 667
f 670 778 779
f 667 779 769
f 771 869 772
f 772 869 870
f 772 870 773
f 773 870 871
f 780 773 871
f 780 774 773
f 780 672 669
f 780 669 774
f 781 776 775
f 781 775 665
f 781 665 782
f 782 665 673
f 783 782 673
f 783 674 676
f 783 673 674
f 871 882 780
f 672 780 882
f 784 672 882
f 675 672 784
f 786 678 679
f 887 786 679
f 675 887 679
f 784 887 675
f 785 676 901
f 887 787 786
f 787 681 786
f 681 678 786
f 788 682 787
f 787 682 681
f 684 788 789
f 684 683 788
f 788 683 682
f 685 790 900
f 791 790 685
f 685 687 791
f 791 687 792
f 793 689 789
f 789 689 684
f 691 792 687
f 691 794 792
f 796 795 793
f 795 693 793
f 693 689 793
f 794 697 797
f 691 697 794
f 798 699 795
f 693 795 699
f 801 703 800
f 803 802 703
f 801 803 703
f 726 797 697
f 726 804 797
f 807 806 805
f 798 808 699
f 808 809 699
f 712 809 799
f 712 699 809
f 810 730 712
f 799 810 712
f 922 730 810
f 924 714 811
f 716 714 924
f 716 812 717
f 924 812 716
f 719 812 800
f 719 717 812
f 719 800 703
f 803 813 802
f 813 720 802
f 813 814 720
f 720 815 721
f 814 815 720
f 815 816 721
f 721 816 722
f 722 817 723
f 816 817 722
f 817 931 723
f 931 932 723
f 724 932 818
f 723 932 724
f 819 724 818
f 820 804 726
f 726 727 820
f 821 729 805
f 823 805 729
f 807 805 823
f 807 823 831
f 731 730 922
f 922 811 731
f 714 731 811
f 819 818 824
f 819 824 732
f 725 819 732
f 833 733 825
f 834 734 733
f 834 733 833
f 834 826 734
f 826 727 734
f 826 820 727
f 822 827 821
f 827 736 821
f 736 737 821
f 828 737 739
f 737 828 821
f 829 821 828
f 821 829 729
f 738 729 829
f 729 738 823
f 738 830 823
f 738 829 830
f 823 830 831
f 824 832 732
f 732 832 825
f 825 832 950
f 825 950 833
f 827 740 736
f 827 835 740
f 739 740 828
f 828 740 835
f 836 742 741
f 743 837 741
f 837 836 741
f 839 838 836
f 838 742 836
f 838 747 742
f 839 836 837
f 840 837 748
f 837 743 748
f 842 750 751
f 842 841 750
f 842 752 843
f 842 751 752
f 752 753 843
f 753 754 845
f 845 755 844
f 845 754 755
f 746 853 755
f 755 853 844
f 846 853 746
f 747 846 746
f 838 846 747
f 854 847 840
f 848 854 840
f 849 840 748
f 849 848 840
f 756 849 748
f 851 850 760
f 760 750 841
f 760 841 851
f 843 753 852
f 854 848 855
f 855 848 849
f 855 849 856
f 856 849 756
f 857 856 756
f 858 756 758
f 857 756 858
f 860 858 757
f 858 758 757
f 757 761 860
f 764 850 859
f 760 850 764
f 860 761 861
f 761 762 861
f 762 862 861
f 762 767 862
f 859 989 863
f 859 863 764
f 865 770 864
f 865 771 770
f 866 862 767
f 866 767 776
f 863 989 867
f 867 777 863
f 778 777 992
f 779 778 992
f 779 992 769
f 992 868 769
f 868 864 769
f 864 868 865
f 865 879 771
f 868 879 865
f 869 771 879
f 872 866 776
f 781 872 776
f 874 872 781
f 874 782 873
f 874 781 782
f 783 884 782
f 782 884 873
f 676 884 783
f 867 876 777
f 875 876 867
f 876 877 777
f 877 878 777
f 777 878 992
f 992 997 868
f 868 997 879
f 880 869 879
f 869 881 870
f 869 880 881
f 870 881 871
f 881 882 871
f 883 874 873
f 785 884 676
f 885 876 875
f 877 876 886
f 886 876 885
f 881 880 1006
f 881 1006 1007
f 887 881 1007
f 887 882 881
f 887 784 882
f 888 883 873
f 873 889 888
f 884 889 873
f 890 884 785
f 890 889 884
f 901 890 785
f 898 893 891
f 787 895 894
f 787 1007 895
f 787 887 1007
f 889 890 896
f 896 890 901
f 891 892 897
f 898 891 897
f 899 788 894
f 894 788 787
f 902 788 899
f 789 788 902
f 904 901 900
f 903 904 790
f 904 900 790
f 790 791 903
f 902 905 793
f 793 789 902
f 903 791 1163
f 791 792 1163
f 909 908 906
f 906 908 907
f 795 796 909
f 796 908 909
f 796 905 908
f 796 793 905
f 910 794 797
f 792 794 910
f 912 911 907
f 911 906 907
f 911 913 906
f 909 913 798
f 906 913 909
f 909 798 795
f 915 914 799
f 801 800 916
f 801 1042 803
f 916 1042 801
f 917 910 797
f 797 804 917
f 912 918 911
f 918 821 911
f 821 805 911
f 911 805 806
f 911 806 913
f 919 806 807
f 919 913 806
f 919 808 798
f 913 919 798
f 808 919 920
f 1044 808 920
f 809 808 1044
f 799 809 915
f 915 809 1044
f 914 921 799
f 799 921 810
f 921 923 922
f 810 921 922
f 811 938 924
f 812 925 800
f 812 924 925
f 800 925 916
f 1042 926 803
f 803 926 813
f 814 926 927
f 813 926 814
f 814 927 928
f 815 928 939
f 814 928 815
f 929 815 939
f 816 815 929
f 929 930 816
f 930 1051 940
f 817 930 940
f 816 930 817
f 931 817 940
f 933 804 820
f 917 804 933
f 918 934 822
f 918 822 821
f 831 919 807
f 831 920 919
f 831 935 920
f 923 936 922
f 922 936 811
f 936 937 811
f 811 937 938
f 931 940 1065
f 931 1065 932
f 932 1065 941
f 932 941 818
f 941 942 818
f 818 942 824
f 820 943 933
f 820 826 943
f 822 944 827
f 934 944 822
f 945 829 828
f 830 945 946
f 829 945 830
f 947 831 830
f 947 830 946
f 947 948 831
f 948 935 831
f 942 949 832
f 824 942 832
f 950 832 949
f 951 833 950
f 1088 834 833
f 1088 833 951
f 1088 952 834
f 952 826 834
f 952 943 826
f 944 953 827
f 953 835 827
f 828 835 945
f 945 835 953
f 954 950 949
f 950 955 951
f 950 954 955
f 1088 951 955
f 954 956 955
f 955 956 957
f 960 959 958
f 958 961 960
f 963 962 959
f 962 958 959
f 962 964 958
f 958 968 961
f 958 964 968
f 965 961 968
f 963 966 962
f 962 966 964
f 964 966 967
f 964 967 968
f 837 969 839
f 840 969 837
f 841 842 970
f 972 971 839
f 971 838 839
f 971 846 838
f 854 972 847
f 972 839 847
f 839 969 847
f 847 969 840
f 974 973 851
f 851 973 850
f 851 841 970
f 974 851 970
f 970 842 975
f 975 842 843
f 1107 975 843
f 1107 852 984
f 1107 843 852
f 976 984 852
f 976 852 753
f 977 976 753
f 845 977 753
f 844 977 845
f 978 844 853
f 978 977 844
f 853 846 971
f 853 971 978
f 979 972 854
f 979 855 980
f 979 854 855
f 855 981 980
f 855 856 981
f 981 857 985
f 981 856 857
f 857 858 985
f 983 982 859
f 859 850 973
f 859 973 983
f 985 858 986
f 986 858 860
f 988 986 860
f 988 861 987
f 988 860 861
f 862 987 861
f 859 990 989
f 859 982 990
f 993 987 866
f 987 862 866
f 989 990 991
f 991 867 989
f 994 993 872
f 993 866 872
f 995 875 867
f 995 867 991
f 877 992 878
f 996 992 877
f 996 997 992
f 998 879 997
f 998 880 879
f 872 874 999
f 999 874 883
f 1000 1001 875
f 995 1000 875
f 1001 885 875
f 886 1002 877
f 877 1003 996
f 877 1002 1003
f 996 1003 997
f 997 1004 998
f 997 1003 1004
f 998 1005 880
f 1004 1005 998
f 1006 880 1005
f 1008 999 883
f 1008 883 888
f 1010 1009 891
f 891 1009 892
f 893 1001 1000
f 1010 893 1000
f 891 893 1010
f 1011 893 898
f 893 1011 1001
f 1001 1011 885
f 885 1011 886
f 1011 1018 886
f 1018 1002 886
f 1002 1012 1003
f 1002 1018 1012
f 1003 1013 1004
f 1003 1012 1013
f 1004 1013 1014
f 1004 1015 1005
f 1004 1014 1015
f 1015 894 895
f 1006 1015 895
f 1005 1015 1006
f 1006 895 1007
f 1016 888 889
f 889 896 1016
f 1009 897 892
f 1144 897 1009
f 897 1025 898
f 1025 1017 898
f 1017 1011 898
f 1019 1012 1018
f 1012 1019 1020
f 1012 1021 1013
f 1012 1020 1021
f 1013 1022 1014
f 1013 1021 1022
f 1015 1022 899
f 1014 1022 1015
f 1015 899 894
f 1016 896 1149
f 1029 1149 901
f 1149 896 901
f 897 1024 1023
f 897 1144 1024
f 1023 1025 897
f 1019 1027 1020
f 1019 1026 1027
f 1020 1028 1021
f 1020 1027 1028
f 1022 1028 902
f 1021 1028 1022
f 1022 902 899
f 1030 1029 904
f 1029 901 904
f 1023 1024 1034
f 1031 1026 1157
f 1026 1032 1027
f 1026 1031 1032
f 1032 905 902
f 1028 1032 902
f 1027 1032 1028
f 1033 1030 903
f 1030 904 903
f 1036 1035 907
f 908 1031 1157
f 1036 908 1157
f 907 908 1036
f 1031 908 905
f 1031 905 1032
f 792 1037 1163
f 792 910 1037
f 1035 1038 912
f 912 907 1035
f 1039 914 915
f 1039 1040 914
f 1052 910 917
f 1037 910 1052
f 912 1043 918
f 1038 1043 912
f 915 1044 1039
f 1040 921 914
f 1175 1045 923
f 1175 923 921
f 1041 1175 921
f 1040 1041 921
f 924 938 1046
f 925 924 1046
f 925 1047 916
f 925 1046 1047
f 916 1047 1042
f 1042 1047 1048
f 1048 1178 1049
f 1048 1049 926
f 1042 1048 926
f 1049 927 926
f 939 1050 929
f 1051 930 929
f 1051 929 1050
f 917 1053 1052
f 917 933 1053
f 1054 934 918
f 918 1043 1054
f 935 1055 920
f 1045 936 923
f 937 936 1045
f 1056 937 1045
f 1175 1056 1045
f 1071 937 1056
f 1057 937 1071
f 938 937 1057
f 938 1057 1058
f 938 1058 1046
f 1049 1178 1059
f 1049 1060 927
f 1059 1060 1049
f 1060 928 927
f 1061 939 928
f 1060 1061 928
f 1061 1050 939
f 1062 1050 1061
f 1051 1062 1063
f 1051 1050 1062
f 1063 1064 940
f 1051 1063 940
f 1065 940 1064
f 1075 941 1065
f 1066 942 941
f 1066 941 1075
f 1067 1053 933
f 933 943 1067
f 1067 943 1068
f 1069 934 1054
f 1069 944 934
f 948 1055 935
f 948 1070 1055
f 1073 1072 1060
f 1060 1084 1061
f 1060 1072 1084
f 1202 1062 1074
f 1062 1084 1074
f 1062 1061 1084
f 1062 1202 1063
f 1065 1064 1203
f 1065 1203 1075
f 1077 1076 1075
f 1076 1066 1075
f 1078 949 942
f 1066 1078 942
f 1076 1078 1066
f 952 1068 943
f 952 1079 1068
f 1069 1080 944
f 944 1080 953
f 953 1081 945
f 953 1080 1081
f 1081 946 945
f 1081 1082 946
f 946 1083 947
f 1082 1083 946
f 948 947 1070
f 1070 947 1083
f 1072 1073 1084
f 1076 1077 1085
f 1076 1086 1078
f 1076 1085 1086
f 1087 954 949
f 1078 1087 949
f 1086 1087 1078
f 1089 952 1088
f 1089 1079 952
f 1086 1085 1090
f 1086 1090 1087
f 1087 1090 1091
f 1087 1091 954
f 1091 956 954
f 1091 1092 956
f 1092 1094 1093
f 957 1092 1093
f 956 1092 957
f 957 1093 955
f 1093 1095 955
f 1095 1088 955
f 1088 1095 1089
f 1094 1096 1093
f 959 960 1097
f 960 1098 1097
f 960 1099 1098
f 1101 1099 961
f 1099 960 961
f 1097 1100 963
f 1097 963 959
f 961 1102 1101
f 961 965 1102
f 1100 1103 963
f 963 1103 966
f 967 1103 1104
f 966 1103 967
f 1105 968 967
f 1105 967 1104
f 1105 965 968
f 1105 1102 965
f 970 1106 974
f 970 975 1106
f 977 1108 976
f 978 1109 977
f 977 1109 1108
f 1110 1109 978
f 1110 978 971
f 1111 1110 971
f 972 1111 971
f 979 1111 972
f 1112 1111 979
f 979 980 1112
f 1113 982 983
f 1114 1113 983
f 1114 983 973
f 1115 1114 973
f 974 1115 973
f 1115 974 1106
f 1106 975 1116
f 1116 975 1107
f 1116 1107 1117
f 1118 1117 1119
f 1119 1117 984
f 1117 1107 984
f 1119 984 976
f 1265 1119 976
f 976 1120 1265
f 1108 1120 976
f 1121 1108 1109
f 1120 1108 1121
f 1109 1110 1121
f 1122 1112 980
f 1123 980 981
f 1122 980 1123
f 985 1123 981
f 1124 1123 985
f 1125 985 986
f 1125 1124 985
f 1125 986 988
f 1114 1273 1113
f 1273 990 1113
f 990 982 1113
f 1273 1126 990
f 1127 1118 1119
f 1121 1128 1120
f 1121 1110 1128
f 1129 1125 988
f 987 1129 988
f 1130 1129 987
f 987 993 1130
f 1135 1132 1131
f 1132 1135 1273
f 1135 1126 1273
f 1135 1133 1126
f 1133 991 990
f 1133 990 1126
f 1134 1130 993
f 993 994 1134
f 1292 1136 1135
f 1136 1133 1135
f 1136 995 991
f 1136 991 1133
f 994 872 1137
f 1138 994 1137
f 1134 994 1138
f 872 999 1137
f 1136 1292 1140
f 1136 1000 995
f 1140 1000 1136
f 1137 999 1141
f 1141 999 1008
f 1142 1009 1010
f 1140 1142 1010
f 1000 1140 1010
f 1301 1142 1140
f 1147 1008 888
f 1016 1147 888
f 1142 1144 1009
f 1017 1145 1011
f 1146 1018 1011
f 1145 1146 1011
f 1146 1019 1018
f 1148 1147 1016
f 1016 1149 1148
f 1150 1024 1144
f 1023 1151 1025
f 1145 1017 1025
f 1151 1145 1025
f 1152 1145 1151
f 1145 1153 1146
f 1145 1152 1153
f 1153 1026 1019
f 1153 1019 1146
f 1148 1149 1154
f 1154 1149 1029
f 1155 1154 1029
f 1029 1030 1155
f 1150 1034 1024
f 1034 1160 1151
f 1034 1151 1023
f 1151 1156 1152
f 1151 1160 1156
f 1152 1157 1153
f 1152 1156 1157
f 1157 1026 1153
f 1158 1155 1030
f 1030 1033 1158
f 1034 1313 1159
f 1034 1150 1313
f 1159 1160 1034
f 1160 1161 1156
f 1161 1035 1036
f 1157 1161 1036
f 1156 1161 1157
f 1033 903 1162
f 1319 1033 1162
f 1158 1033 1319
f 903 1163 1162
f 1159 1313 1164
f 1164 1313 1165
f 1159 1166 1160
f 1159 1164 1166
f 1166 1038 1035
f 1161 1166 1035
f 1160 1166 1161
f 1039 1168 1040
f 1167 1168 1039
f 1041 1040 1168
f 1041 1168 1169
f 1162 1163 1170
f 1163 1037 1170
f 1037 1052 1170
f 1164 1165 1171
f 1164 1172 1166
f 1164 1171 1172
f 1172 1043 1038
f 1172 1038 1166
f 1174 1173 1044
f 1174 1044 920
f 1039 1044 1167
f 1167 1044 1173
f 1041 1176 1175
f 1041 1169 1176
f 1047 1046 1177
f 1048 1177 1178
f 1047 1177 1048
f 1180 1052 1179
f 1170 1052 1180
f 1053 1179 1052
f 1183 1182 1181
f 1182 1171 1181
f 1182 1172 1171
f 1182 1054 1043
f 1182 1043 1172
f 1055 1174 920
f 1055 1184 1174
f 1175 1176 1185
f 1185 1056 1175
f 1058 1057 1186
f 1058 1187 1046
f 1058 1186 1187
f 1046 1187 1177
f 1178 1177 1188
f 1188 1177 1189
f 1188 1059 1178
f 1190 1180 1179
f 1190 1179 1053
f 1067 1190 1053
f 1191 1190 1067
f 1067 1068 1191
f 1191 1068 1204
f 1192 1069 1183
f 1054 1182 1183
f 1054 1183 1069
f 1192 1183 1193
f 1070 1184 1055
f 1185 1176 1194
f 1194 1176 1195
f 1196 1071 1056
f 1185 1196 1056
f 1194 1196 1185
f 1196 1197 1071
f 1197 1198 1071
f 1198 1057 1071
f 1057 1198 1186
f 1188 1189 1199
f 1188 1200 1059
f 1199 1200 1188
f 1201 1060 1059
f 1201 1059 1200
f 1201 1073 1060
f 1218 1063 1202
f 1219 1064 1063
f 1218 1219 1063
f 1203 1064 1219
f 1077 1075 1203
f 1079 1205 1204
f 1068 1079 1204
f 1205 1206 1204
f 1192 1080 1069
f 1193 1207 1192
f 1207 1080 1192
f 1207 1081 1080
f 1081 1208 1082
f 1207 1208 1081
f 1082 1209 1083
f 1208 1209 1082
f 1070 1083 1209
f 1194 1195 1225
f 1225 1195 1210
f 1194 1211 1196
f 1194 1225 1211
f 1197 1196 1212
f 1212 1196 1211
f 1199 1214 1200
f 1199 1213 1214
f 1200 1215 1201
f 1200 1214 1215
f 1201 1216 1073
f 1215 1216 1201
f 1073 1216 1227
f 1084 1073 1227
f 1084 1227 1074
f 1227 1217 1074
f 1217 1202 1074
f 1218 1202 1217
f 1221 1220 1219
f 1220 1203 1219
f 1203 1222 1077
f 1203 1220 1222
f 1222 1085 1077
f 1089 1223 1205
f 1089 1205 1079
f 1206 1205 1224
f 1224 1205 1223
f 1359 1214 1226
f 1214 1213 1226
f 1234 1214 1359
f 1234 1215 1214
f 1227 1216 1234
f 1216 1215 1234
f 1220 1221 1228
f 1220 1228 1222
f 1222 1229 1085
f 1228 1229 1222
f 1230 1090 1085
f 1230 1085 1229
f 1090 1230 1231
f 1091 1090 1231
f 1091 1365 1092
f 1231 1365 1091
f 1094 1092 1365
f 1094 1365 1232
f 1223 1089 1095
f 1233 1223 1095
f 1224 1223 1233
f 1228 1235 1236
f 1228 1236 1229
f 1229 1236 1230
f 1383 1237 1096
f 1232 1383 1096
f 1094 1232 1096
f 1095 1093 1096
f 1237 1095 1096
f 1241 1095 1237
f 1233 1095 1241
f 1238 1383 1239
f 1240 1237 1238
f 1237 1383 1238
f 1237 1240 1241
f 1238 1239 1242
f 1242 1239 1243
f 1238 1244 1245
f 1238 1242 1244
f 1246 1245 1244
f 1248 1247 1246
f 1246 1247 1245
f 1097 1098 1248
f 1098 1247 1248
f 1098 1249 1247
f 1250 1098 1099
f 1250 1249 1098
f 1099 1101 1250
f 1242 1243 1251
f 1242 1252 1244
f 1242 1251 1252
f 1244 1252 1246
f 1246 1253 1248
f 1246 1252 1253
f 1253 1100 1097
f 1253 1097 1248
f 1254 1250 1101
f 1101 1102 1254
f 1251 1255 1252
f 1252 1255 1256
f 1252 1256 1253
f 1253 1256 1257
f 1253 1257 1100
f 1257 1103 1100
f 1257 1258 1103
f 1103 1259 1104
f 1258 1259 1103
f 1254 1105 1104
f 1254 1104 1259
f 1254 1102 1105
f 1114 1115 1260
f 1115 1261 1260
f 1115 1262 1261
f 1263 1115 1106
f 1263 1262 1115
f 1413 1263 1264
f 1263 1116 1264
f 1263 1106 1116
f 1116 1117 1264
f 1267 1266 1111
f 1266 1110 1111
f 1267 1111 1112
f 1267 1112 1268
f 1269 1268 1122
f 1268 1112 1122
f 1122 1271 1269
f 1122 1123 1271
f 1271 1124 1270
f 1271 1123 1124
f 1125 1272 1124
f 1124 1272 1270
f 1261 1274 1260
f 1274 1273 1260
f 1273 1114 1260
f 1275 1413 1264
f 1264 1277 1275
f 1117 1277 1264
f 1277 1117 1118
f 1276 1277 1118
f 1127 1276 1118
f 1127 1119 1265
f 1278 1127 1265
f 1276 1127 1278
f 1279 1278 1120
f 1278 1265 1120
f 1128 1279 1120
f 1266 1128 1110
f 1280 1128 1266
f 1272 1281 1270
f 1129 1286 1125
f 1286 1272 1125
f 1286 1281 1272
f 1129 1130 1286
f 1283 1282 1131
f 1284 1131 1132
f 1284 1283 1131
f 1274 1132 1273
f 1284 1132 1274
f 1285 1279 1128
f 1128 1280 1285
f 1286 1130 1287
f 1288 1287 1134
f 1287 1130 1134
f 1289 1291 1131
f 1282 1289 1131
f 1289 1282 1290
f 1292 1135 1131
f 1292 1131 1291
f 1138 1293 1134
f 1134 1293 1288
f 1289 1290 1294
f 1294 1290 1295
f 1291 1294 1139
f 1289 1294 1291
f 1296 1291 1139
f 1292 1291 1296
f 1296 1140 1292
f 1297 1293 1137
f 1293 1138 1137
f 1294 1295 1298
f 1298 1295 1299
f 1298 1143 1139
f 1298 1139 1294
f 1143 1300 1296
f 1143 1296 1139
f 1296 1301 1140
f 1300 1301 1296
f 1302 1137 1141
f 1302 1141 1303
f 1307 1303 1008
f 1303 1141 1008
f 1147 1307 1008
f 1298 1299 1304
f 1298 1304 1143
f 1304 1305 1143
f 1143 1306 1300
f 1143 1305 1306
f 1300 1306 1301
f 1301 1306 1448
f 1142 1301 1448
f 1144 1142 1448
f 1308 1147 1148
f 1308 1307 1147
f 1448 1150 1144
f 1309 1150 1448
f 1148 1310 1308
f 1154 1310 1148
f 1310 1154 1155
f 1311 1150 1309
f 1312 1155 1158
f 1311 1313 1150
f 1158 1314 1312
f 1158 1319 1314
f 1315 1165 1313
f 1317 1168 1167
f 1317 1167 1316
f 1317 1169 1168
f 1319 1162 1318
f 1162 1170 1318
f 1315 1171 1165
f 1320 1171 1315
f 1322 1321 1173
f 1322 1173 1174
f 1167 1173 1316
f 1173 1323 1316
f 1173 1321 1323
f 1324 1331 1323
f 1331 1316 1323
f 1331 1317 1316
f 1331 1176 1169
f 1331 1169 1317
f 1318 1170 1325
f 1170 1326 1325
f 1170 1180 1326
f 1327 1329 1181
f 1320 1327 1181
f 1171 1320 1181
f 1327 1320 1328
f 1329 1183 1181
f 1184 1322 1174
f 1184 1330 1322
f 1331 1324 1332
f 1334 1187 1186
f 1334 1186 1333
f 1334 1177 1187
f 1189 1177 1334
f 1335 1326 1180
f 1335 1180 1190
f 1336 1190 1191
f 1336 1335 1190
f 1191 1204 1336
f 1327 1328 1343
f 1343 1328 1337
f 1327 1338 1329
f 1327 1343 1338
f 1329 1339 1183
f 1338 1339 1329
f 1339 1193 1183
f 1070 1330 1184
f 1070 1474 1330
f 1331 1332 1340
f 1340 1195 1176
f 1340 1176 1331
f 1333 1186 1198
f 1197 1333 1198
f 1341 1333 1197
f 1333 1342 1334
f 1333 1341 1342
f 1334 1351 1189
f 1334 1342 1351
f 1351 1199 1189
f 1477 1336 1204
f 1204 1206 1477
f 1344 1338 1343
f 1479 1339 1344
f 1339 1338 1344
f 1339 1479 1193
f 1479 1207 1193
f 1479 1345 1207
f 1207 1345 1208
f 1208 1346 1209
f 1345 1346 1208
f 1070 1209 1474
f 1474 1209 1346
f 1195 1340 1347
f 1210 1195 1347
f 1212 1348 1197
f 1197 1349 1341
f 1197 1348 1349
f 1341 1350 1342
f 1341 1349 1350
f 1342 1350 1351
f 1351 1213 1199
f 1221 1219 1218
f 1221 1218 1352
f 1369 1477 1353
f 1477 1224 1353
f 1477 1206 1224
f 1225 1210 1354
f 1210 1347 1354
f 1355 1225 1354
f 1211 1225 1355
f 1211 1355 1212
f 1355 1356 1212
f 1356 1348 1212
f 1349 1357 1350
f 1349 1348 1357
f 1350 1358 1351
f 1350 1357 1358
f 1358 1226 1213
f 1358 1213 1351
f 1234 1360 1227
f 1361 1227 1360
f 1227 1362 1217
f 1361 1362 1227
f 1352 1218 1217
f 1362 1352 1217
f 1363 1352 1362
f 1352 1364 1221
f 1352 1363 1364
f 1364 1228 1221
f 1369 1368 1367
f 1369 1367 1366
f 1353 1368 1369
f 1233 1368 1353
f 1224 1233 1353
f 1355 1370 1356
f 1371 1356 1370
f 1371 1348 1356
f 1348 1372 1357
f 1348 1371 1372
f 1357 1373 1358
f 1357 1372 1373
f 1358 1373 1226
f 1373 1374 1226
f 1226 1375 1359
f 1226 1374 1375
f 1359 1375 1234
f 1375 1376 1234
f 1234 1376 1360
f 1360 1376 1361
f 1361 1376 1377
f 1361 1377 1362
f 1362 1377 1363
f 1363 1377 1378
f 1363 1378 1364
f 1364 1378 1379
f 1364 1379 1228
f 1379 1235 1228
f 1235 1380 1236
f 1379 1380 1235
f 1236 1381 1230
f 1380 1381 1236
f 1230 1382 1231
f 1230 1381 1382
f 1382 1384 1231
f 1365 1231 1384
f 1367 1385 1366
f 1232 1386 1383
f 1386 1232 1384
f 1365 1384 1232
f 1388 1387 1385
f 1367 1388 1385
f 1368 1388 1367
f 1241 1388 1233
f 1388 1368 1233
f 1372 1371 1511
f 1389 1372 1511
f 1389 1373 1372
f 1390 1239 1383
f 1240 1238 1391
f 1386 1392 1383
f 1390 1383 1392
f 1240 1388 1241
f 1388 1240 1387
f 1391 1387 1240
f 1387 1391 1393
f 1394 1393 1391
f 1394 1395 1393
f 1392 1398 1390
f 1398 1243 1390
f 1243 1239 1390
f 1398 1397 1243
f 1238 1245 1391
f 1391 1245 1394
f 1394 1245 1247
f 1394 1247 1395
f 1399 1396 1395
f 1247 1399 1395
f 1249 1399 1247
f 1403 1399 1400
f 1399 1250 1400
f 1399 1249 1250
f 1401 1251 1243
f 1401 1243 1397
f 1404 1403 1402
f 1400 1402 1403
f 1405 1402 1400
f 1254 1400 1250
f 1254 1405 1400
f 1401 1255 1251
f 1401 1406 1255
f 1255 1407 1256
f 1406 1407 1255
f 1407 1408 1256
f 1256 1409 1257
f 1408 1409 1256
f 1402 1258 1404
f 1258 1409 1404
f 1258 1257 1409
f 1258 1402 1259
f 1259 1402 1405
f 1259 1405 1254
f 1261 1411 1410
f 1261 1262 1411
f 1537 1262 1263
f 1537 1411 1262
f 1263 1413 1537
f 1537 1413 1412
f 1410 1538 1261
f 1538 1274 1261
f 1415 1414 1267
f 1414 1266 1267
f 1414 1280 1266
f 1415 1267 1268
f 1415 1268 1416
f 1416 1268 1269
f 1417 1416 1269
f 1418 1269 1271
f 1417 1269 1418
f 1418 1271 1270
f 1281 1418 1270
f 1282 1283 1419
f 1283 1420 1419
f 1283 1421 1420
f 1422 1283 1284
f 1422 1421 1283
f 1423 1284 1274
f 1423 1422 1284
f 1274 1538 1423
f 1424 1413 1275
f 1424 1275 1277
f 1425 1424 1277
f 1426 1277 1276
f 1425 1277 1426
f 1426 1276 1278
f 1426 1278 1427
f 1427 1278 1279
f 1428 1427 1279
f 1429 1279 1285
f 1429 1428 1279
f 1285 1280 1414
f 1285 1414 1429
f 1431 1418 1281
f 1286 1287 1281
f 1281 1287 1431
f 1430 1290 1419
f 1419 1290 1282
f 1431 1287 1432
f 1432 1287 1433
f 1287 1288 1433
f 1288 1434 1433
f 1288 1293 1434
f 1435 1430 1436
f 1435 1295 1290
f 1435 1290 1430
f 1438 1441 1297
f 1441 1434 1297
f 1434 1293 1297
f 1434 1441 1437
f 1137 1438 1297
f 1436 1439 1435
f 1295 1435 1439
f 1440 1295 1439
f 1299 1295 1440
f 1441 1438 1442
f 1442 1438 1137
f 1302 1442 1137
f 1443 1302 1303
f 1443 1442 1302
f 1444 1303 1307
f 1444 1443 1303
f 1440 1304 1299
f 1445 1304 1440
f 1304 1446 1305
f 1447 1306 1305
f 1447 1305 1446
f 1448 1306 1447
f 1307 1449 1444
f 1449 1307 1308
f 1445 1450 1304
f 1450 1451 1304
f 1451 1446 1304
f 1451 1450 1452
f 1446 1453 1447
f 1446 1451 1453
f 1447 1454 1448
f 1447 1453 1454
f 1454 1309 1448
f 1455 1449 1308
f 1455 1308 1310
f 1155 1455 1310
f 1451 1452 1456
f 1456 1452 1457
f 1451 1456 1453
f 1453 1458 1454
f 1453 1456 1458
f 1458 1311 1309
f 1458 1309 1454
f 1455 1155 1312
f 1456 1457 1459
f 1456 1459 1458
f 1311 1458 1459
f 1586 1311 1459
f 1313 1311 1586
f 1586 1315 1313
f 1460 1315 1586
f 1461 1455 1312
f 1312 1314 1461
f 1460 1320 1315
f 1468 1320 1460
f 1321 1322 1462
f 1463 1321 1462
f 1323 1321 1463
f 1464 1465 1324
f 1323 1464 1324
f 1463 1464 1323
f 1466 1314 1319
f 1466 1319 1318
f 1466 1318 1325
f 1468 1467 1328
f 1328 1320 1468
f 1462 1322 1469
f 1469 1322 1330
f 1597 1332 1465
f 1465 1332 1324
f 1471 1466 1325
f 1470 1471 1335
f 1471 1325 1335
f 1325 1326 1335
f 1336 1472 1335
f 1335 1472 1470
f 1467 1337 1328
f 1473 1337 1467
f 1469 1330 1474
f 1475 1332 1597
f 1475 1340 1332
f 1488 1471 1470
f 1470 1476 1488
f 1472 1476 1470
f 1477 1472 1336
f 1477 1476 1472
f 1343 1337 1491
f 1337 1478 1491
f 1337 1473 1478
f 1491 1344 1343
f 1492 1479 1344
f 1479 1480 1345
f 1480 1481 1345
f 1345 1482 1346
f 1481 1482 1345
f 1346 1482 1474
f 1482 1483 1474
f 1483 1482 1484
f 1469 1474 1485
f 1485 1474 1483
f 1347 1340 1494
f 1340 1486 1494
f 1340 1475 1486
f 1489 1488 1487
f 1476 1487 1488
f 1490 1487 1476
f 1369 1490 1477
f 1490 1476 1477
f 1491 1492 1344
f 1484 1493 1483
f 1483 1493 1485
f 1495 1347 1494
f 1354 1347 1495
f 1496 1497 1489
f 1496 1489 1487
f 1366 1496 1487
f 1366 1487 1369
f 1369 1487 1490
f 1495 1619 1354
f 1354 1498 1355
f 1354 1619 1498
f 1498 1499 1370
f 1355 1498 1370
f 1499 1371 1370
f 1373 1500 1374
f 1501 1375 1374
f 1501 1374 1500
f 1502 1376 1375
f 1502 1375 1501
f 1516 1377 1376
f 1377 1516 1621
f 1378 1621 1503
f 1377 1621 1378
f 1517 1379 1378
f 1517 1378 1503
f 1504 1379 1517
f 1504 1380 1379
f 1519 1380 1504
f 1505 1381 1380
f 1505 1380 1519
f 1381 1505 1506
f 1507 1381 1506
f 1382 1381 1507
f 1496 1384 1497
f 1384 1507 1497
f 1384 1382 1507
f 1386 1384 1508
f 1496 1508 1384
f 1508 1496 1509
f 1366 1509 1496
f 1509 1366 1385
f 1385 1387 1509
f 1509 1387 1623
f 1499 1510 1371
f 1511 1371 1510
f 1389 1512 1500
f 1389 1500 1373
f 1501 1512 1513
f 1501 1500 1512
f 1501 1513 1502
f 1502 1513 1514
f 1502 1514 1376
f 1376 1514 1515
f 1376 1515 1516
f 1504 1517 1518
f 1504 1518 1519
f 1505 1519 1635
f 1635 1520 1505
f 1521 1506 1505
f 1521 1505 1520
f 1392 1522 1520
f 1520 1522 1521
f 1508 1522 1392
f 1386 1508 1392
f 1393 1623 1387
f 1523 1393 1395
f 1395 1396 1523
f 1523 1396 1524
f 1499 1525 1510
f 1525 1511 1510
f 1511 1526 1389
f 1525 1526 1511
f 1526 1527 1389
f 1527 1512 1389
f 1512 1527 1513
f 1635 1528 1520
f 1528 1397 1520
f 1397 1398 1520
f 1520 1398 1392
f 1396 1399 1403
f 1529 1396 1403
f 1524 1396 1529
f 1533 1526 1525
f 1527 1526 1533
f 1401 1397 1528
f 1531 1401 1528
f 1530 1531 1528
f 1660 1401 1531
f 1404 1529 1403
f 1532 1529 1404
f 1660 1406 1401
f 1406 1534 1407
f 1660 1534 1406
f 1407 1535 1408
f 1534 1535 1407
f 1408 1536 1409
f 1535 1536 1408
f 1404 1409 1532
f 1532 1409 1536
f 1539 1538 1410
f 1540 1539 1410
f 1411 1540 1410
f 1540 1411 1537
f 1540 1537 1541
f 1537 1412 1541
f 1412 1542 1541
f 1412 1413 1542
f 1414 1415 1543
f 1415 1681 1543
f 1415 1544 1681
f 1545 1415 1416
f 1545 1544 1415
f 1555 1545 1546
f 1545 1417 1546
f 1545 1416 1417
f 1418 1547 1417
f 1417 1547 1546
f 1420 1548 1419
f 1549 1420 1421
f 1549 1548 1420
f 1550 1421 1422
f 1550 1549 1421
f 1550 1422 1423
f 1551 1423 1538
f 1550 1423 1551
f 1551 1538 1539
f 1413 1424 1552
f 1542 1413 1552
f 1424 1425 1552
f 1425 1426 1559
f 1426 1427 1559
f 1428 1553 1427
f 1681 1554 1543
f 1554 1428 1543
f 1428 1429 1543
f 1428 1554 1553
f 1543 1429 1414
f 1546 1556 1555
f 1547 1556 1546
f 1431 1557 1418
f 1557 1547 1418
f 1557 1556 1547
f 1430 1419 1548
f 1430 1548 1558
f 1559 1427 1560
f 1560 1427 1553
f 1556 1557 1561
f 1561 1557 1431
f 1562 1561 1431
f 1562 1432 1563
f 1562 1431 1432
f 1432 1433 1563
f 1558 1436 1430
f 1564 1436 1558
f 1441 1565 1437
f 1565 1563 1437
f 1563 1433 1437
f 1437 1433 1434
f 1564 1566 1436
f 1436 1566 1439
f 1440 1439 1566
f 1567 1572 1441
f 1572 1565 1441
f 1442 1568 1441
f 1441 1568 1567
f 1442 1569 1568
f 1443 1570 1442
f 1442 1570 1569
f 1443 1444 1570
f 1566 1445 1440
f 1571 1445 1566
f 1572 1567 1573
f 1573 1567 1568
f 1573 1568 1574
f 1574 1568 1569
f 1569 1570 1575
f 1570 1576 1575
f 1444 1576 1570
f 1449 1577 1444
f 1577 1576 1444
f 1571 1578 1445
f 1445 1578 1450
f 1452 1450 1578
f 1580 1579 1576
f 1577 1580 1576
f 1455 1581 1449
f 1581 1577 1449
f 1581 1580 1577
f 1578 1457 1452
f 1721 1457 1578
f 1583 1581 1582
f 1582 1581 1455
f 1721 1584 1457
f 1457 1585 1459
f 1584 1585 1457
f 1585 1587 1586
f 1459 1585 1586
f 1583 1582 1588
f 1589 1582 1455
f 1589 1588 1582
f 1587 1592 1586
f 1460 1586 1592
f 1588 1589 1590
f 1590 1589 1461
f 1589 1455 1461
f 1592 1591 1468
f 1460 1592 1468
f 1593 1464 1463
f 1593 1463 1462
f 1593 1465 1464
f 1594 1590 1461
f 1594 1461 1466
f 1461 1314 1466
f 1591 1467 1468
f 1591 1595 1467
f 1469 1596 1462
f 1462 1597 1593
f 1462 1596 1597
f 1597 1465 1593
f 1730 1594 1466
f 1730 1466 1471
f 1595 1599 1598
f 1473 1595 1598
f 1467 1595 1473
f 1469 1600 1596
f 1600 1475 1597
f 1596 1600 1597
f 1601 1471 1488
f 1602 1478 1473
f 1602 1473 1598
f 1603 1479 1492
f 1479 1604 1480
f 1603 1604 1479
f 1480 1605 1481
f 1604 1605 1480
f 1481 1606 1482
f 1605 1606 1481
f 1484 1482 1606
f 1485 1607 1600
f 1485 1600 1469
f 1607 1486 1475
f 1607 1475 1600
f 1489 1601 1488
f 1609 1615 1491
f 1602 1609 1491
f 1478 1602 1491
f 1750 1491 1615
f 1492 1491 1750
f 1603 1492 1750
f 1610 1611 1493
f 1606 1610 1493
f 1484 1606 1493
f 1607 1485 1493
f 1611 1607 1493
f 1612 1607 1611
f 1607 1612 1486
f 1612 1613 1486
f 1613 1494 1486
f 1495 1494 1613
f 1614 1608 1489
f 1497 1614 1489
f 1610 1616 1611
f 1611 1616 1617
f 1618 1611 1617
f 1618 1612 1611
f 1613 1612 1618
f 1613 1619 1495
f 1619 1766 1620
f 1498 1619 1620
f 1620 1499 1498
f 1506 1614 1507
f 1622 1614 1506
f 1507 1614 1497
f 1509 1623 1508
f 1620 1766 1624
f 1624 1766 1625
f 1620 1626 1499
f 1624 1626 1620
f 1514 1513 1773
f 1515 1773 1627
f 1514 1773 1515
f 1515 1627 1628
f 1516 1515 1628
f 1516 1629 1621
f 1516 1628 1629
f 1621 1629 1503
f 1629 1630 1503
f 1503 1631 1517
f 1630 1631 1503
f 1518 1631 1632
f 1517 1631 1518
f 1633 1518 1632
f 1634 1519 1518
f 1634 1518 1633
f 1635 1519 1634
f 1622 1521 1636
f 1521 1622 1506
f 1637 1521 1522
f 1637 1636 1521
f 1522 1508 1623
f 1522 1623 1637
f 1638 1623 1393
f 1639 1638 1524
f 1638 1523 1524
f 1638 1393 1523
f 1640 1642 1641
f 1624 1625 1643
f 1643 1625 1644
f 1624 1645 1626
f 1624 1643 1645
f 1626 1525 1499
f 1527 1646 1513
f 1646 1783 1513
f 1513 1783 1773
f 1631 1647 1632
f 1788 1632 1647
f 1788 1633 1632
f 1633 1648 1634
f 1633 1788 1648
f 1635 1648 1528
f 1634 1648 1635
f 1791 1639 1524
f 1524 1529 1791
f 1649 1640 1650
f 1642 1640 1651
f 1640 1652 1651
f 1640 1649 1652
f 1651 1652 1644
f 1652 1643 1644
f 1652 1653 1643
f 1643 1654 1645
f 1643 1653 1654
f 1645 1655 1626
f 1645 1654 1655
f 1626 1656 1525
f 1655 1656 1626
f 1656 1533 1525
f 1533 1657 1527
f 1646 1527 1657
f 1648 1788 1658
f 1648 1658 1528
f 1658 1530 1528
f 1658 1659 1530
f 1530 1659 1531
f 1531 1661 1660
f 1659 1661 1531
f 1662 1660 1661
f 1663 1791 1532
f 1791 1529 1532
f 1649 1650 1664
f 1664 1650 1665
f 1649 1666 1652
f 1649 1664 1666
f 1652 1667 1653
f 1652 1666 1667
f 1653 1668 1654
f 1653 1667 1668
f 1655 1668 1669
f 1655 1654 1668
f 1655 1669 1656
f 1656 1669 1670
f 1656 1670 1533
f 1670 1671 1533
f 1533 1672 1657
f 1533 1671 1672
f 1662 1673 1660
f 1673 1534 1660
f 1534 1674 1535
f 1673 1674 1534
f 1532 1536 1663
f 1536 1674 1663
f 1536 1535 1674
f 1665 1675 1664
f 1677 1676 1675
f 1676 1664 1675
f 1676 1666 1664
f 1666 1678 1667
f 1666 1676 1678
f 1679 1668 1680
f 1668 1678 1680
f 1668 1667 1678
f 1668 1679 1669
f 1676 1677 1678
f 1678 1677 1680
f 1544 1682 1681
f 1545 1555 1544
f 1544 1555 1682
f 1549 1684 1548
f 1548 1684 1683
f 1684 1549 1808
f 1549 1685 1808
f 1549 1550 1685
f 1686 1685 1550
f 1687 1550 1551
f 1687 1686 1550
f 1687 1551 1539
f 1688 1687 1539
f 1540 1688 1539
f 1687 1688 1689
f 1690 1540 1541
f 1688 1540 1690
f 1552 1690 1542
f 1542 1690 1541
f 1693 1692 1681
f 1692 1554 1681
f 1692 1691 1554
f 1693 1681 1682
f 1693 1682 1694
f 1682 1695 1694
f 1555 1695 1682
f 1696 1695 1555
f 1556 1696 1555
f 1548 1683 1558
f 1683 1697 1558
f 1683 1698 1697
f 1699 1683 1684
f 1698 1683 1699
f 1684 1808 1699
f 1688 1690 1700
f 1700 1690 1552
f 1701 1700 1552
f 1702 1552 1425
f 1701 1552 1702
f 1559 1702 1425
f 1703 1702 1559
f 1703 1560 1704
f 1703 1559 1560
f 1692 1704 1691
f 1704 1560 1691
f 1560 1553 1691
f 1691 1553 1554
f 1561 1705 1556
f 1562 1705 1561
f 1563 1705 1562
f 1707 1706 1697
f 1706 1558 1697
f 1706 1564 1558
f 1707 1697 1698
f 1707 1698 1708
f 1708 1698 1699
f 1708 1699 1709
f 1710 1828 1565
f 1828 1705 1565
f 1705 1563 1565
f 1566 1564 1711
f 1564 1706 1711
f 1710 1565 1572
f 1712 1710 1572
f 1713 1571 1566
f 1713 1566 1711
f 1714 1712 1572
f 1714 1573 1719
f 1714 1572 1573
f 1574 1715 1573
f 1573 1715 1719
f 1715 1574 1716
f 1574 1718 1716
f 1574 1569 1718
f 1718 1575 1717
f 1718 1569 1575
f 1576 1717 1575
f 1713 1720 1578
f 1571 1713 1578
f 1579 1717 1576
f 1721 1578 1720
f 1723 1717 1579
f 1723 1579 1580
f 1580 1581 1723
f 1584 1845 1585
f 1587 1585 1845
f 1587 1845 1722
f 1723 1581 1724
f 1581 1583 1724
f 1583 1588 1724
f 1587 1725 1592
f 1587 1722 1725
f 1728 1588 1726
f 1724 1588 1728
f 1588 1590 1726
f 1725 1591 1592
f 1725 1727 1591
f 1726 1729 1728
f 1590 1729 1726
f 1594 1729 1590
f 1727 1595 1591
f 1853 1595 1727
f 1729 1594 1855
f 1855 1594 1730
f 1732 1731 1739
f 1733 1732 1739
f 1733 1734 1732
f 1736 1735 1733
f 1733 1735 1734
f 1598 1599 1736
f 1599 1735 1736
f 1599 1737 1735
f 1599 1595 1853
f 1599 1853 1737
f 1738 1855 1730
f 1738 1730 1601
f 1730 1471 1601
f 1741 1740 1739
f 1740 1733 1739
f 1733 1740 1742
f 1733 1743 1736
f 1733 1742 1743
f 1743 1602 1598
f 1743 1598 1736
f 1752 1604 1603
f 1744 1605 1604
f 1744 1604 1752
f 1606 1605 1744
f 1738 1601 1489
f 1608 1738 1489
f 1754 1738 1608
f 1740 1741 1745
f 1745 1741 1746
f 1740 1747 1742
f 1740 1745 1747
f 1742 1748 1743
f 1742 1747 1748
f 1749 1609 1602
f 1743 1749 1602
f 1748 1749 1743
f 1749 1615 1609
f 1750 1751 1603
f 1751 1868 1603
f 1603 1868 1752
f 1869 1753 1752
f 1753 1744 1752
f 1753 1610 1606
f 1744 1753 1606
f 1755 1754 1614
f 1608 1614 1754
f 1746 1756 1745
f 1745 1756 1747
f 1747 1756 1757
f 1747 1757 1748
f 1748 1757 1758
f 1748 1758 1749
f 1749 1758 1759
f 1749 1759 1615
f 1759 1760 1615
f 1615 1761 1750
f 1615 1760 1761
f 1750 1761 1751
f 1869 1762 1753
f 1753 1762 1610
f 1762 1616 1610
f 1762 1763 1616
f 1617 1763 1764
f 1616 1763 1617
f 1764 1618 1617
f 1618 1765 1613
f 1766 1619 1613
f 1765 1766 1613
f 1622 1755 1614
f 1622 1767 1755
f 1764 1763 1768
f 1768 1763 1769
f 1764 1770 1618
f 1768 1770 1764
f 1770 1765 1618
f 1771 1765 1770
f 1765 1772 1766
f 1765 1771 1772
f 1772 1625 1766
f 1629 1628 1774
f 1629 1775 1630
f 1774 1775 1629
f 1631 1775 1786
f 1630 1775 1631
f 1776 1767 1622
f 1776 1622 1636
f 1777 1636 1637
f 1777 1776 1636
f 1777 1637 1623
f 1638 1777 1623
f 1778 1777 1638
f 1638 1639 1778
f 1768 1769 1779
f 1779 1769 1780
f 1768 1781 1770
f 1768 1779 1781
f 1781 1640 1641
f 1771 1781 1641
f 1770 1781 1771
f 1771 1641 1642
f 1782 1771 1642
f 1772 1771 1782
f 1782 1644 1625
f 1782 1625 1772
f 1783 1784 1773
f 1773 1784 1627
f 1627 1785 1628
f 1627 1784 1785
f 1628 1785 1774
f 1786 1647 1631
f 1786 1787 1647
f 1647 1789 1788
f 1787 1789 1647
f 1798 1639 1791
f 1778 1639 1798
f 1793 1792 1780
f 1792 1779 1780
f 1792 1781 1779
f 1792 1650 1640
f 1792 1640 1781
f 1651 1782 1642
f 1782 1651 1644
f 1646 1904 1783
f 1657 1904 1646
f 1783 1904 1784
f 1789 1897 1788
f 1897 1658 1788
f 1658 1794 1659
f 1897 1794 1658
f 1794 1795 1659
f 1659 1796 1661
f 1795 1796 1659
f 1790 1797 1662
f 1796 1790 1662
f 1661 1796 1662
f 1663 1790 1798
f 1797 1790 1663
f 1663 1798 1791
f 1650 1792 1793
f 1799 1650 1793
f 1665 1650 1799
f 1800 1669 1805
f 1670 1669 1800
f 1670 1801 1671
f 1800 1801 1670
f 1671 1802 1672
f 1801 1802 1671
f 1657 1672 1904
f 1904 1672 1802
f 1797 1673 1662
f 1673 1797 1674
f 1674 1797 1663
f 1675 1665 1803
f 1665 1799 1803
f 1803 1677 1675
f 1807 1804 1679
f 1807 1679 1680
f 1669 1679 1805
f 1679 1804 1805
f 1803 1806 1677
f 1677 1807 1680
f 1806 1807 1677
f 1686 1809 1685
f 1685 1809 1808
f 1687 1810 1686
f 1686 1810 1809
f 1689 1810 1687
f 1693 1811 1692
f 1693 1694 1811
f 1812 1699 1808
f 1812 1808 1809
f 1813 1809 1810
f 1812 1809 1813
f 1813 1810 1689
f 1815 1813 1689
f 1688 1815 1689
f 1815 1700 1814
f 1815 1688 1700
f 1700 1701 1814
f 1702 1816 1701
f 1703 1816 1702
f 1704 1816 1703
f 1818 1817 1692
f 1817 1704 1692
f 1818 1692 1811
f 1811 1694 1819
f 1827 1819 1695
f 1819 1694 1695
f 1695 1696 1827
f 1708 1820 1707
f 1820 1708 1938
f 1708 1821 1938
f 1708 1709 1821
f 1709 1699 1812
f 1822 1709 1812
f 1821 1709 1822
f 1822 1812 1823
f 1823 1812 1813
f 1814 1701 1943
f 1943 1701 1816
f 1943 1816 1824
f 1824 1816 1825
f 1825 1816 1704
f 1826 1825 1704
f 1704 1817 1826
f 1830 1696 1556
f 1556 1705 1830
f 1829 1711 1707
f 1707 1711 1706
f 1829 1820 1949
f 1707 1820 1829
f 1949 1820 1938
f 1830 1705 1831
f 1831 1705 1828
f 1831 1828 1832
f 1828 1710 1832
f 1710 1833 1832
f 1710 1712 1833
f 1829 1713 1711
f 1829 1949 1834
f 1829 1834 1713
f 1835 1712 1714
f 1833 1712 1835
f 1834 1720 1713
f 1836 1720 1834
f 1837 1835 1714
f 1837 1714 1719
f 1839 1719 1715
f 1839 1837 1719
f 1839 1715 1716
f 1838 1839 1716
f 1718 1838 1716
f 1717 1840 1718
f 1840 1838 1718
f 1836 1841 1720
f 1721 1720 1841
f 1721 1841 1842
f 1838 1840 1843
f 1843 1840 1723
f 1840 1717 1723
f 1584 1721 1848
f 1721 1844 1848
f 1721 1842 1844
f 1845 1584 1848
f 1847 1975 1846
f 1846 1975 1723
f 1975 1843 1723
f 1723 1724 1846
f 1845 1848 1980
f 1722 1845 1980
f 1725 1722 1980
f 1847 1846 1849
f 1850 1846 1724
f 1849 1846 1850
f 1728 1850 1724
f 1727 1980 1851
f 1725 1980 1727
f 1849 1850 1852
f 1729 1852 1728
f 1852 1850 1728
f 1853 1851 1989
f 1853 1727 1851
f 1854 1852 1729
f 1729 1855 1854
f 1857 1856 1732
f 1732 1856 1731
f 1858 1732 1734
f 1858 1857 1732
f 1859 1734 1735
f 1859 1858 1734
f 1737 1853 1989
f 1859 1737 1989
f 1735 1737 1859
f 1854 1861 1860
f 1855 1861 1854
f 1738 1862 1855
f 1862 1861 1855
f 1739 1731 1863
f 1731 1864 1863
f 1731 1856 1864
f 1863 1741 1739
f 1865 1860 1861
f 1861 1866 1865
f 1862 1866 1861
f 1754 1866 1738
f 1738 1866 1862
f 1864 1867 1863
f 1741 1863 1867
f 1746 1741 1867
f 1869 1752 1868
f 1870 1865 1866
f 1755 1870 1866
f 1754 1755 1866
f 1867 1871 1746
f 1746 1871 1756
f 1757 1871 1872
f 1756 1871 1757
f 1873 1758 1757
f 1873 1757 1872
f 1874 1759 1758
f 1874 1758 1873
f 1875 1760 1759
f 1875 1759 1874
f 1760 1875 1876
f 1761 1760 1876
f 1761 1876 1751
f 1876 1877 1751
f 1877 1868 1751
f 1877 1876 1878
f 1879 1869 1877
f 1869 1868 1877
f 1879 1762 1869
f 1879 2002 1762
f 1762 2002 1763
f 1767 1880 1755
f 1755 1880 1870
f 1881 1873 1872
f 1873 1882 1874
f 1873 1881 1882
f 1875 1882 1883
f 1875 1874 1882
f 1875 1883 1876
f 1878 1884 1877
f 2002 1885 1763
f 1769 1763 1885
f 1886 1880 1767
f 1776 1886 1767
f 1887 1886 1776
f 2012 1776 1777
f 2012 1887 1776
f 2012 1777 1888
f 1778 1889 1777
f 1777 1889 1888
f 1890 1882 1881
f 1883 1882 1890
f 1885 1780 1769
f 1891 1780 1885
f 1785 1892 1893
f 1784 1892 1785
f 1785 1893 1774
f 1893 2023 1774
f 1774 2023 1775
f 1775 2023 2024
f 1775 2024 1786
f 2024 1894 1786
f 1786 1895 1787
f 1894 1895 1786
f 1787 1896 1789
f 1895 1896 1787
f 1898 1897 1789
f 1896 1898 1789
f 1899 1900 1897
f 1899 1897 1898
f 2011 1900 1899
f 2012 1901 1900
f 2012 1900 2011
f 1901 2012 1888
f 1790 1901 1888
f 1790 1888 1798
f 1888 1889 1798
f 1778 1798 1889
f 1906 1890 1902
f 1891 1903 1780
f 1793 1780 1903
f 1904 2036 1784
f 1784 2036 1892
f 1794 1897 1900
f 1794 1900 1795
f 1795 1900 1796
f 1796 1900 1901
f 1796 1901 1790
f 1902 1907 1906
f 1902 1905 1907
f 1907 1908 1906
f 1903 1909 1793
f 1799 1793 1909
f 1799 1909 1910
f 1912 1911 1800
f 1912 1800 1805
f 1800 1913 1801
f 1911 1913 1800
f 1801 1914 1802
f 1913 1914 1801
f 1802 1915 1904
f 1802 1914 1915
f 1918 1917 1916
f 1918 1916 1905
f 1916 1919 1905
f 1905 1920 1907
f 1905 1919 1920
f 1907 1921 1908
f 1907 1920 1921
f 1803 1910 1922
f 1803 1799 1910
f 1923 1803 1922
f 1804 1807 1924
f 1925 1804 1924
f 1804 1926 1805
f 1925 1926 1804
f 1912 1805 1926
f 1916 1917 1927
f 1927 1917 1928
f 1916 1929 1919
f 1916 1927 1929
f 1919 1930 1920
f 1919 1929 1930
f 1920 1931 1921
f 1920 1930 1931
f 1806 1803 1923
f 1806 1923 1807
f 1807 1923 1924
f 1933 1932 1928
f 1932 1927 1928
f 1932 1929 1927
f 1934 1930 1932
f 1930 1929 1932
f 1930 1934 1931
f 1931 1934 1935
f 1817 1818 1936
f 1811 1937 1818
f 1818 1937 1936
f 1811 1819 1937
f 1822 1939 1821
f 1821 1939 1938
f 1823 1939 1822
f 1939 1823 2087
f 1823 1940 2087
f 1823 1813 1940
f 1942 1813 1815
f 1940 1813 1942
f 1941 1942 1814
f 1942 1815 1814
f 1814 1943 1941
f 1824 1944 1943
f 1945 1824 2085
f 1824 1825 2085
f 1824 1945 1944
f 2085 1825 1826
f 2085 1826 2086
f 1826 1936 2086
f 1826 1817 1936
f 1936 1937 1946
f 1937 1947 1946
f 1819 1947 1937
f 1827 1947 1819
f 1696 1948 1827
f 1830 1948 1696
f 1938 1950 1949
f 1951 1938 1939
f 1950 1938 1951
f 1951 1939 2087
f 1941 1943 1952
f 1952 1943 1944
f 1947 1827 1948
f 1947 1948 1953
f 1953 1948 1830
f 1954 1834 1949
f 1950 1955 2101
f 1954 1950 2101
f 1949 1950 1954
f 1955 1950 1951
f 1956 1953 1830
f 1830 1957 1956
f 1831 1957 1830
f 1958 1831 1832
f 1957 1831 1958
f 1835 1958 1833
f 1833 1958 1832
f 1959 1836 1954
f 1954 1836 1834
f 1954 2101 1959
f 1956 1957 1960
f 1961 1957 1958
f 1960 1957 1961
f 1961 1958 1835
f 1962 1961 1835
f 1837 1962 1835
f 1963 1962 1837
f 1963 1837 1839
f 1841 1836 1959
f 1842 1964 1965
f 1842 1959 1964
f 1842 1841 1959
f 1966 1960 1961
f 1966 1961 1967
f 1967 1961 1962
f 1968 1963 1839
f 1968 1839 1838
f 1838 1843 1968
f 1971 1970 1969
f 1971 1969 1964
f 1969 1965 1964
f 1969 1972 1965
f 1972 1844 1842
f 1972 1842 1965
f 1974 1973 1968
f 1843 1974 1968
f 1975 1974 1843
f 1969 1970 1976
f 1976 1970 1977
f 1969 1978 1972
f 1969 1976 1978
f 1979 1848 1844
f 1972 1979 1844
f 1978 1979 1972
f 1980 1848 1979
f 1974 1975 1981
f 1975 1847 1981
f 1847 1849 1981
f 1977 2129 1976
f 1983 1982 2129
f 1982 1976 2129
f 1982 1978 1976
f 1978 1984 1979
f 1978 1982 1984
f 1984 1851 1980
f 1979 1984 1980
f 1986 1849 1985
f 1981 1849 1986
f 1849 1852 1985
f 1982 1983 1987
f 1987 1983 1988
f 1982 1989 1984
f 1982 1987 1989
f 1989 1851 1984
f 1990 1994 1985
f 1852 1990 1985
f 1854 1991 1852
f 1991 1990 1852
f 1992 2136 1857
f 1857 2136 1856
f 1993 1992 1857
f 1858 1987 1988
f 1993 1858 1988
f 1857 1858 1993
f 1987 1858 1859
f 1987 1859 1989
f 1994 1990 1991
f 1994 1991 1995
f 1995 1991 1860
f 1991 1854 1860
f 2136 1864 1856
f 1996 1864 2136
f 1997 1860 1865
f 1864 1996 1867
f 1867 1996 1998
f 1997 1865 1870
f 1999 1997 1870
f 1871 1867 2004
f 1867 2000 2004
f 1867 1998 2000
f 2004 1872 1871
f 1877 2001 1879
f 2002 1879 2001
f 1999 1880 2003
f 1999 1870 1880
f 2004 2147 2005
f 2004 2005 1872
f 2005 1881 1872
f 2006 1876 1883
f 1876 2006 1878
f 2006 2017 1878
f 2017 1884 1878
f 1877 1884 2001
f 1884 2018 2001
f 1884 2017 2018
f 2007 2001 2018
f 2007 2002 2001
f 2008 1885 2002
f 2007 2008 2002
f 2028 2009 2010
f 2010 2009 1886
f 2009 2003 1886
f 2003 1880 1886
f 1887 2011 1886
f 1886 2011 2010
f 1887 2012 2011
f 2005 2147 2013
f 2013 2147 2151
f 2005 2014 1881
f 2013 2014 2005
f 2014 1890 1881
f 1890 2015 1883
f 1883 2016 2006
f 1883 2015 2016
f 2006 2033 2017
f 2006 2016 2033
f 2019 2018 2033
f 2033 2018 2017
f 2021 2020 2019
f 2020 2007 2019
f 2007 2018 2019
f 2022 2007 2020
f 2022 2008 2007
f 2022 1891 1885
f 2022 1885 2008
f 1894 2024 2025
f 1894 2026 1895
f 2025 2026 1894
f 1895 2027 1896
f 2026 2027 1895
f 1896 2028 1898
f 2027 2028 1896
f 2010 1899 2028
f 1899 1898 2028
f 1899 2010 2011
f 2029 2013 2151
f 2029 2030 2013
f 2013 2031 2014
f 2013 2030 2031
f 2031 1902 1890
f 2031 1890 2014
f 1906 2015 1890
f 2015 2032 2016
f 2015 1906 2032
f 2016 2032 2033
f 2033 2044 2019
f 2021 2019 2045
f 2045 2019 2044
f 2022 2020 2034
f 2035 1903 1891
f 2022 2035 1891
f 2034 2035 2022
f 2036 2155 1892
f 1892 2155 1893
f 2155 2037 1893
f 1893 2038 2023
f 1893 2037 2038
f 2023 2038 2024
f 2024 2038 2039
f 2024 2039 2025
f 2041 2040 2029
f 2040 2030 2029
f 2030 2042 2031
f 2030 2040 2042
f 2042 1905 1902
f 2042 1902 2031
f 1906 1908 2032
f 2043 2032 1908
f 2033 2032 2043
f 2033 2043 2044
f 2044 2046 2045
f 2048 2047 2046
f 2047 2034 2046
f 2034 2045 2046
f 2034 2047 2035
f 2035 2047 2049
f 2035 2049 1903
f 2049 1909 1903
f 2049 2050 1909
f 1910 1909 2050
f 1910 2050 2051
f 1911 1912 2052
f 2053 1911 2052
f 2054 1911 2053
f 1913 2054 2062
f 1911 2054 1913
f 2055 1913 2062
f 1914 1913 2055
f 1904 1915 2036
f 2041 2056 2040
f 2057 1917 1918
f 2040 2057 1918
f 2042 2040 1918
f 2056 2057 2040
f 2042 1918 1905
f 1921 2058 2043
f 1921 2043 1908
f 2044 2059 2046
f 2044 2043 2059
f 2048 2046 2059
f 2051 2060 1910
f 1910 2060 1922
f 1922 2174 1923
f 2060 2174 1922
f 1923 2281 1924
f 2174 2281 1923
f 1924 2061 1925
f 2281 2061 1924
f 1926 2061 2052
f 1926 1925 2061
f 1926 2052 1912
f 2057 1928 1917
f 2063 1928 2057
f 1931 2064 2058
f 1931 2058 1921
f 2058 2065 2043
f 2058 2064 2065
f 2043 2066 2059
f 2043 2065 2066
f 2067 2059 2066
f 2063 2068 1928
f 1933 1928 2068
f 1933 2068 2069
f 1935 1934 2181
f 1931 1935 2064
f 1935 2070 2064
f 1935 2181 2070
f 2072 2071 2070
f 2071 2064 2070
f 2071 2065 2064
f 2065 2073 2066
f 2065 2071 2073
f 2067 2066 2074
f 2066 2073 2074
f 2075 2077 1933
f 2069 2075 1933
f 2075 2069 2076
f 2077 2078 1933
f 1933 2078 1932
f 2078 2079 1932
f 2079 1934 1932
f 2071 2072 2073
f 2073 2072 2080
f 2081 2073 2080
f 2081 2074 2073
f 2082 2074 2081
f 2076 2083 2075
f 2075 2083 2077
f 2077 2083 2084
f 2077 2084 2078
f 1942 2088 1940
f 1940 2088 2087
f 2089 1945 2085
f 2085 2097 2089
f 2086 2097 2085
f 1936 2090 2086
f 2090 2097 2086
f 1936 1946 2090
f 2087 2091 1951
f 2087 2092 2091
f 2093 2087 2088
f 2092 2087 2093
f 1941 2094 1942
f 2094 2088 1942
f 2094 2093 2088
f 1941 1952 2094
f 1944 2095 1952
f 2096 2095 1944
f 1945 2096 1944
f 2089 2096 1945
f 2097 2090 2098
f 2098 2090 1946
f 2098 1946 2197
f 2099 2197 1947
f 2197 1946 1947
f 1947 2100 2099
f 1947 1953 2100
f 2101 1955 2198
f 1955 2102 2198
f 1955 1951 2102
f 2103 1951 2091
f 2102 1951 2103
f 2103 2091 2092
f 2092 2093 2104
f 2093 2105 2104
f 2094 2105 2093
f 2106 2094 1952
f 2105 2094 2106
f 1952 2095 2106
f 2099 2100 2107
f 2100 2108 2107
f 1953 2108 2100
f 1956 2108 1953
f 2109 1959 2101
f 2101 2198 2109
f 2108 2111 2110
f 1956 2111 2108
f 1960 2111 1956
f 1963 2121 1962
f 1962 2121 2112
f 2113 1964 1959
f 2114 2113 1959
f 2109 2114 1959
f 2110 2111 2115
f 2110 2115 2116
f 1966 2117 1960
f 2117 2111 1960
f 2117 2115 2111
f 1966 2118 2117
f 1966 1967 2118
f 1967 1962 2112
f 2119 1967 2112
f 2118 1967 2119
f 2112 2120 2119
f 2121 2120 2112
f 1968 2121 1963
f 2123 2122 1971
f 1971 2122 1970
f 2124 1971 1964
f 2123 1971 2124
f 2124 1964 2113
f 2125 2116 2115
f 2125 2115 2117
f 2125 2117 2126
f 2121 2130 2120
f 1973 2121 1968
f 1973 2130 2121
f 2122 1977 1970
f 2127 1977 2122
f 1974 2128 1973
f 2128 2130 1973
f 1974 1981 2128
f 2127 2132 2129
f 1977 2127 2129
f 2130 2128 2229
f 2128 2131 2229
f 1981 2131 2128
f 1986 2131 1981
f 2129 2132 2231
f 1983 2129 2231
f 2133 1983 2231
f 1988 1983 2133
f 2134 2131 1986
f 1985 2134 1986
f 2135 2134 1985
f 1985 1994 2135
f 2136 1992 2236
f 1992 2137 2236
f 1992 1993 2137
f 1993 1988 2133
f 1993 2133 2137
f 2138 2135 1994
f 2138 1994 1995
f 1860 2138 1995
f 2243 1996 2136
f 2243 2136 2236
f 2139 2248 1997
f 2248 2138 1997
f 2138 1860 1997
f 1998 1996 2243
f 1998 2243 2140
f 2139 1997 1999
f 2139 1999 2141
f 2144 2143 2142
f 2140 2144 2142
f 2000 2140 2142
f 1998 2140 2000
f 2141 1999 2003
f 2145 2141 2003
f 2142 2143 2150
f 2150 2143 2146
f 2147 2004 2000
f 2142 2147 2000
f 2150 2147 2142
f 2028 2148 2009
f 2148 2145 2009
f 2145 2003 2009
f 2145 2148 2149
f 2258 2151 2150
f 2151 2147 2150
f 2157 2260 2025
f 2025 2152 2026
f 2260 2152 2025
f 2148 2027 2149
f 2027 2152 2149
f 2027 2026 2152
f 2027 2148 2028
f 2258 2153 2151
f 2153 2029 2151
f 2045 2154 2021
f 2154 2034 2020
f 2154 2020 2021
f 2167 2037 2155
f 2156 2037 2167
f 2038 2037 2156
f 2038 2157 2039
f 2156 2157 2038
f 2025 2039 2157
f 2153 2158 2029
f 2158 2041 2029
f 2034 2154 2045
f 2159 2049 2047
f 2159 2047 2048
f 2049 2159 2160
f 2050 2049 2160
f 2051 2050 2160
f 2270 2053 2052
f 2053 2161 2054
f 2270 2161 2053
f 2062 2054 2161
f 2163 2162 2055
f 2163 2055 2062
f 2055 2164 1914
f 2162 2164 2055
f 1914 2165 1915
f 2164 2165 1914
f 2036 1915 2155
f 1915 2166 2155
f 1915 2165 2166
f 2155 2166 2167
f 2158 2168 2041
f 2168 2169 2041
f 2169 2056 2041
f 2057 2056 2169
f 2059 2170 2048
f 2048 2171 2159
f 2048 2170 2171
f 2160 2159 2172
f 2172 2159 2171
f 2160 2173 2051
f 2051 2173 2060
f 2173 2174 2060
f 2281 2175 2061
f 2052 2061 2270
f 2270 2061 2175
f 2161 2176 2062
f 2163 2062 2176
f 2063 2169 2177
f 2063 2057 2169
f 2067 2170 2059
f 2170 2178 2171
f 2170 2067 2178
f 2172 2171 2180
f 2171 2179 2180
f 2171 2178 2179
f 2177 2068 2063
f 2069 2068 2177
f 2185 2069 2177
f 2188 2070 2181
f 2188 2072 2070
f 2067 2074 2082
f 2067 2082 2178
f 2182 2178 2082
f 2179 2178 2182
f 2180 2179 2183
f 2183 2179 2182
f 2185 2184 2076
f 2076 2069 2185
f 2186 2079 2078
f 1934 2079 2181
f 2079 2187 2181
f 2079 2186 2187
f 2181 2187 2188
f 2188 2189 2072
f 2072 2190 2080
f 2189 2190 2072
f 2081 2080 2190
f 2081 2190 2191
f 2191 2192 2082
f 2191 2082 2081
f 2082 2193 2182
f 2082 2192 2193
f 2182 2193 2183
f 2184 2194 2076
f 2076 2194 2083
f 2083 2195 2084
f 2194 2195 2083
f 2078 2084 2186
f 2186 2084 2195
f 2196 2096 2089
f 2098 2196 2097
f 2196 2089 2097
f 2103 2199 2102
f 2102 2199 2198
f 2092 2199 2103
f 2092 2104 2199
f 2200 2106 2095
f 2201 2200 2095
f 2096 2201 2095
f 2196 2201 2096
f 2202 2109 2198
f 2203 2198 2199
f 2202 2198 2203
f 2211 2199 2104
f 2203 2199 2211
f 2204 2104 2105
f 2204 2211 2104
f 2106 2205 2105
f 2105 2205 2204
f 2200 2205 2106
f 2200 2206 2205
f 2200 2201 2206
f 2099 2107 2208
f 2207 2208 2110
f 2208 2107 2110
f 2107 2108 2110
f 2114 2209 2113
f 2114 2109 2202
f 2324 2114 2202
f 2209 2114 2324
f 2324 2202 2203
f 2324 2203 2210
f 2210 2203 2211
f 2204 2205 2212
f 2212 2205 2206
f 2212 2206 2213
f 2214 2208 2207
f 2110 2116 2207
f 2116 2215 2207
f 2215 2214 2207
f 2215 2116 2125
f 2125 2217 2215
f 2117 2118 2216
f 2119 2223 2118
f 2118 2223 2216
f 2120 2223 2119
f 2219 2218 2123
f 2123 2218 2122
f 2220 2123 2124
f 2220 2219 2123
f 2124 2113 2209
f 2124 2209 2220
f 2125 2126 2217
f 2126 2221 2217
f 2126 2117 2216
f 2221 2126 2216
f 2216 2222 2221
f 2223 2222 2216
f 2130 2223 2120
f 2127 2218 2344
f 2122 2218 2127
f 2224 2221 2222
f 2223 2224 2222
f 2225 2223 2130
f 2225 2224 2223
f 2344 2226 2132
f 2344 2132 2127
f 2227 2224 2225
f 2227 2225 2228
f 2228 2225 2130
f 2132 2226 2230
f 2231 2132 2230
f 2232 2228 2130
f 2232 2130 2229
f 2232 2229 2234
f 2233 2234 2134
f 2234 2229 2134
f 2229 2131 2134
f 2135 2235 2134
f 2134 2235 2233
f 2231 2230 2237
f 2238 2231 2237
f 2231 2238 2133
f 2239 2133 2238
f 2133 2239 2137
f 2236 2137 2239
f 2354 2240 2239
f 2354 2239 2238
f 2359 2240 2354
f 2241 2234 2233
f 2235 2241 2233
f 2138 2242 2135
f 2242 2235 2135
f 2242 2241 2235
f 2236 2244 2243
f 2245 2236 2239
f 2244 2236 2245
f 2240 2247 2246
f 2245 2240 2246
f 2239 2240 2245
f 2247 2240 2359
f 2241 2242 2365
f 2365 2242 2248
f 2242 2138 2248
f 2243 2249 2140
f 2243 2244 2249
f 2250 2244 2245
f 2249 2244 2250
f 2245 2246 2251
f 2245 2251 2250
f 2371 2365 2248
f 2248 2139 2371
f 2139 2252 2371
f 2139 2141 2252
f 2253 2372 2144
f 2144 2372 2143
f 2144 2140 2249
f 2254 2144 2249
f 2253 2144 2254
f 2254 2249 2250
f 2254 2250 2251
f 2145 2252 2141
f 2145 2256 2252
f 2372 2146 2143
f 2255 2146 2372
f 2257 2256 2149
f 2145 2149 2256
f 2150 2146 2258
f 2146 2259 2258
f 2146 2255 2259
f 2267 2260 2157
f 2260 2261 2152
f 2149 2152 2257
f 2257 2152 2261
f 2258 2259 2153
f 2259 2382 2153
f 2266 2156 2167
f 2156 2267 2157
f 2266 2267 2156
f 2153 2269 2268
f 2153 2382 2269
f 2268 2158 2153
f 2263 2262 2162
f 2163 2263 2162
f 2271 2263 2163
f 2162 2262 2164
f 2164 2262 2264
f 2164 2264 2165
f 2165 2264 2265
f 2272 2165 2265
f 2272 2166 2165
f 2166 2273 2167
f 2272 2273 2166
f 2266 2167 2273
f 2277 2276 2274
f 2274 2276 2275
f 2276 2277 2269
f 2277 2268 2269
f 2277 2278 2268
f 2278 2168 2158
f 2278 2158 2268
f 2280 2279 2160
f 2172 2280 2160
f 2279 2173 2160
f 2279 2394 2173
f 2173 2395 2174
f 2394 2395 2173
f 2395 2281 2174
f 2281 2282 2175
f 2175 2282 2270
f 2270 2282 2161
f 2161 2282 2283
f 2283 2176 2161
f 2283 2284 2176
f 2163 2176 2271
f 2271 2176 2284
f 2274 2275 2285
f 2285 2275 2286
f 2274 2287 2277
f 2274 2285 2287
f 2277 2293 2278
f 2277 2287 2293
f 2278 2288 2168
f 2293 2288 2278
f 2288 2169 2168
f 2294 2169 2288
f 2294 2177 2169
f 2289 2280 2172
f 2289 2172 2180
f 2289 2180 2290
f 2292 2291 2286
f 2291 2285 2286
f 2291 2287 2285
f 2287 2291 2293
f 2294 2295 2177
f 2295 2185 2177
f 2298 2297 2296
f 2183 2290 2180
f 2183 2299 2290
f 2291 2292 2308
f 2308 2292 2300
f 2291 2301 2293
f 2291 2308 2301
f 2293 2302 2288
f 2293 2301 2302
f 2288 2303 2294
f 2288 2302 2303
f 2303 2184 2185
f 2295 2303 2185
f 2294 2303 2295
f 2186 2305 2187
f 2304 2305 2186
f 2296 2188 2305
f 2188 2187 2305
f 2188 2296 2189
f 2189 2296 2297
f 2190 2189 2297
f 2409 2190 2297
f 2298 2409 2297
f 2409 2191 2190
f 2306 2192 2191
f 2193 2306 2307
f 2192 2306 2193
f 2307 2183 2193
f 2307 2299 2183
f 2309 2301 2308
f 2310 2302 2309
f 2302 2301 2309
f 2302 2310 2303
f 2303 2310 2311
f 2303 2311 2184
f 2311 2194 2184
f 2311 2312 2194
f 2194 2313 2195
f 2312 2313 2194
f 2186 2195 2304
f 2304 2195 2313
f 2409 2314 2191
f 2306 2191 2314
f 2315 2201 2196
f 2316 2315 2098
f 2315 2196 2098
f 2197 2317 2098
f 2098 2317 2316
f 2315 2206 2201
f 2318 2206 2315
f 2315 2316 2319
f 2319 2316 2320
f 2321 2316 2317
f 2320 2316 2321
f 2099 2322 2197
f 2322 2317 2197
f 2322 2321 2317
f 2208 2323 2099
f 2099 2323 2322
f 2211 2325 2210
f 2204 2326 2211
f 2211 2326 2325
f 2212 2327 2204
f 2204 2327 2326
f 2327 2212 2328
f 2212 2329 2328
f 2212 2213 2329
f 2213 2206 2318
f 2213 2318 2329
f 2321 2322 2330
f 2322 2331 2330
f 2323 2331 2322
f 2214 2323 2208
f 2214 2331 2323
f 2215 2332 2214
f 2215 2217 2332
f 2220 2333 2219
f 2334 2333 2220
f 2334 2220 2209
f 2334 2209 2324
f 2334 2324 2335
f 2335 2324 2210
f 2335 2210 2325
f 2335 2325 2336
f 2325 2337 2336
f 2338 2325 2326
f 2337 2325 2338
f 2338 2327 2339
f 2326 2327 2338
f 2339 2327 2328
f 2340 2330 2331
f 2340 2331 2214
f 2340 2214 2332
f 2340 2332 2341
f 2332 2342 2341
f 2217 2342 2332
f 2221 2343 2217
f 2343 2342 2217
f 2345 2344 2218
f 2219 2345 2218
f 2345 2219 2333
f 2347 2346 2342
f 2343 2347 2342
f 2224 2348 2221
f 2348 2343 2221
f 2348 2347 2343
f 2445 2226 2344
f 2445 2344 2345
f 2347 2348 2349
f 2349 2348 2224
f 2227 2349 2224
f 2350 2349 2227
f 2352 2350 2351
f 2350 2228 2351
f 2350 2227 2228
f 2230 2226 2445
f 2353 2230 2445
f 2352 2351 2357
f 2352 2357 2358
f 2232 2351 2228
f 2232 2357 2351
f 2237 2230 2353
f 2459 2237 2353
f 2459 2238 2237
f 2354 2459 2355
f 2354 2238 2459
f 2360 2359 2354
f 2356 2360 2354
f 2361 2359 2360
f 2232 2234 2466
f 2466 2234 2241
f 2362 2246 2247
f 2363 2362 2247
f 2363 2247 2359
f 2363 2359 2361
f 2364 2466 2241
f 2241 2365 2364
f 2369 2368 2362
f 2368 2246 2362
f 2368 2251 2246
f 2369 2362 2363
f 2370 2466 2364
f 2365 2370 2364
f 2371 2370 2365
f 2253 2373 2372
f 2373 2366 2372
f 2366 2373 2367
f 2374 2253 2254
f 2374 2373 2253
f 2375 2254 2251
f 2375 2374 2254
f 2251 2368 2375
f 2377 2376 2370
f 2371 2377 2370
f 2256 2377 2252
f 2252 2377 2371
f 2481 2255 2372
f 2376 2377 2256
f 2257 2376 2256
f 2378 2376 2257
f 2481 2259 2255
f 2260 2267 2379
f 2380 2260 2379
f 2260 2381 2261
f 2380 2381 2260
f 2257 2261 2378
f 2378 2261 2381
f 2382 2481 2383
f 2382 2259 2481
f 2262 2263 2384
f 2385 2262 2384
f 2386 2262 2385
f 2262 2387 2264
f 2386 2387 2262
f 2264 2387 2265
f 2387 2388 2265
f 2390 2266 2389
f 2267 2390 2379
f 2267 2266 2390
f 2382 2383 2269
f 2269 2383 2492
f 2384 2271 2391
f 2263 2271 2384
f 2388 2272 2265
f 2272 2388 2273
f 2273 2388 2389
f 2273 2389 2266
f 2393 2392 2275
f 2276 2269 2492
f 2393 2276 2492
f 2275 2276 2393
f 2280 2499 2279
f 2499 2394 2279
f 2395 2396 2281
f 2281 2396 2282
f 2396 2397 2282
f 2282 2398 2283
f 2397 2398 2282
f 2271 2284 2391
f 2284 2398 2391
f 2284 2283 2398
f 2286 2392 2399
f 2275 2392 2286
f 2280 2289 2400
f 2401 2280 2400
f 2290 2400 2289
f 2399 2508 2286
f 2292 2286 2508
f 2296 2305 2402
f 2404 2296 2402
f 2296 2405 2298
f 2404 2405 2296
f 2298 2405 2406
f 2290 2407 2400
f 2290 2299 2407
f 2508 2300 2292
f 2408 2300 2508
f 2415 2403 2304
f 2402 2305 2403
f 2305 2304 2403
f 2409 2406 2410
f 2409 2298 2406
f 2307 2407 2299
f 2307 2411 2407
f 2308 2300 2529
f 2300 2408 2529
f 2529 2309 2308
f 2413 2412 2310
f 2413 2310 2309
f 2310 2414 2311
f 2412 2414 2310
f 2311 2520 2312
f 2414 2520 2311
f 2312 2415 2313
f 2520 2415 2312
f 2304 2313 2415
f 2410 2416 2409
f 2416 2314 2409
f 2314 2417 2306
f 2314 2416 2417
f 2306 2417 2307
f 2417 2418 2307
f 2411 2307 2418
f 2529 2413 2309
f 2419 2318 2315
f 2319 2419 2315
f 2421 2420 2329
f 2329 2420 2328
f 2421 2329 2318
f 2427 2421 2318
f 2419 2427 2318
f 2422 2419 2319
f 2422 2427 2419
f 2320 2423 2319
f 2319 2423 2422
f 2321 2423 2320
f 2321 2330 2423
f 2335 2336 2424
f 2426 2425 2339
f 2328 2426 2339
f 2420 2426 2328
f 2427 2422 2428
f 2428 2422 2423
f 2428 2423 2429
f 2423 2430 2429
f 2430 2423 2330
f 2340 2431 2330
f 2431 2430 2330
f 2340 2432 2431
f 2340 2341 2432
f 2333 2434 2345
f 2345 2434 2433
f 2334 2434 2333
f 2334 2435 2434
f 2436 2334 2335
f 2435 2334 2436
f 2436 2335 2424
f 2437 2424 2336
f 2436 2424 2437
f 2337 2438 2336
f 2438 2437 2336
f 2338 2439 2337
f 2337 2439 2438
f 2339 2425 2338
f 2425 2439 2338
f 2425 2440 2439
f 2425 2426 2441
f 2425 2441 2440
f 2442 2431 2432
f 2341 2443 2432
f 2342 2444 2341
f 2444 2443 2341
f 2346 2444 2342
f 2345 2433 2445
f 2433 2446 2445
f 2447 2433 2434
f 2446 2433 2447
f 2447 2435 2448
f 2434 2435 2447
f 2448 2435 2436
f 2448 2436 2449
f 2449 2436 2450
f 2450 2436 2437
f 2450 2437 2451
f 2451 2437 2438
f 2451 2438 2452
f 2452 2438 2439
f 2452 2439 2453
f 2453 2439 2440
f 2453 2440 2454
f 2454 2440 2441
f 2443 2456 2455
f 2444 2456 2443
f 2456 2444 2346
f 2458 2456 2346
f 2347 2458 2346
f 2458 2349 2457
f 2458 2347 2349
f 2349 2350 2457
f 2353 2445 2446
f 2353 2446 2459
f 2446 2447 2459
f 2448 2354 2355
f 2447 2448 2355
f 2459 2447 2355
f 2356 2354 2448
f 2356 2448 2460
f 2457 2350 2461
f 2350 2352 2461
f 2352 2462 2461
f 2352 2358 2462
f 2360 2356 2463
f 2356 2464 2463
f 2356 2460 2464
f 2463 2361 2360
f 2358 2357 2465
f 2470 2358 2465
f 2462 2358 2470
f 2232 2465 2357
f 2232 2466 2465
f 2469 2468 2464
f 2464 2468 2463
f 2468 2363 2463
f 2463 2363 2361
f 2476 2471 2470
f 2465 2476 2470
f 2476 2465 2466
f 2477 2476 2466
f 2366 2473 2472
f 2366 2474 2473
f 2475 2467 2367
f 2467 2474 2367
f 2474 2366 2367
f 2581 2467 2475
f 2469 2375 2468
f 2375 2368 2468
f 2368 2369 2468
f 2468 2369 2363
f 2370 2477 2466
f 2478 2372 2366
f 2478 2366 2472
f 2373 2475 2367
f 2373 2581 2475
f 2374 2581 2373
f 2374 2375 2581
f 2480 2476 2477
f 2479 2476 2480
f 2480 2477 2370
f 2376 2480 2370
f 2481 2478 2482
f 2481 2372 2478
f 2479 2483 2485
f 2480 2483 2479
f 2483 2480 2378
f 2376 2378 2480
f 2491 2485 2379
f 2483 2380 2485
f 2380 2379 2485
f 2380 2483 2381
f 2381 2483 2378
f 2482 2484 2383
f 2383 2481 2482
f 2495 2486 2384
f 2486 2385 2384
f 2487 2385 2486
f 2386 2487 2488
f 2385 2487 2386
f 2488 2387 2386
f 2489 2387 2488
f 2600 2388 2387
f 2600 2387 2489
f 2490 2388 2600
f 2389 2388 2490
f 2389 2491 2390
f 2490 2491 2389
f 2379 2390 2491
f 2383 2484 2492
f 2492 2484 2493
f 2496 2495 2494
f 2384 2494 2495
f 2391 2494 2384
f 2488 2497 2489
f 2489 2497 2598
f 2489 2598 2600
f 2492 2493 2393
f 2493 2392 2393
f 2493 2498 2392
f 2500 2499 2280
f 2499 2501 2394
f 2394 2501 2395
f 2395 2502 2396
f 2501 2502 2395
f 2502 2503 2396
f 2494 2397 2496
f 2397 2503 2496
f 2397 2396 2503
f 2397 2494 2398
f 2398 2494 2391
f 2399 2392 2498
f 2399 2498 2504
f 2401 2500 2280
f 2401 2505 2500
f 2399 2507 2506
f 2399 2504 2507
f 2508 2399 2506
f 2523 2509 2402
f 2523 2402 2403
f 2402 2510 2404
f 2509 2510 2402
f 2404 2511 2405
f 2510 2511 2404
f 2405 2512 2406
f 2511 2512 2405
f 2401 2400 2514
f 2505 2401 2514
f 2407 2514 2400
f 2506 2507 2515
f 2515 2507 2516
f 2506 2517 2508
f 2506 2515 2517
f 2517 2408 2508
f 2521 2520 2519
f 2522 2520 2521
f 2403 2415 2522
f 2523 2403 2522
f 2512 2410 2406
f 2513 2410 2512
f 2524 2410 2513
f 2514 2411 2525
f 2407 2411 2514
f 2516 2526 2515
f 2515 2526 2517
f 2517 2526 2527
f 2529 2408 2517
f 2528 2529 2517
f 2527 2528 2517
f 2530 2413 2529
f 2530 2529 2528
f 2413 2530 2518
f 2412 2413 2518
f 2412 2518 2414
f 2414 2518 2519
f 2414 2519 2520
f 2415 2520 2522
f 2410 2524 2416
f 2416 2531 2417
f 2524 2531 2416
f 2411 2418 2525
f 2418 2531 2525
f 2418 2417 2531
f 2532 2420 2421
f 2427 2532 2421
f 2534 2420 2532
f 2534 2426 2420
f 2533 2534 2427
f 2534 2532 2427
f 2427 2428 2533
f 2534 2441 2426
f 2535 2441 2534
f 2534 2533 2536
f 2537 2533 2428
f 2536 2533 2537
f 2538 2428 2429
f 2537 2428 2538
f 2430 2539 2429
f 2539 2538 2429
f 2431 2540 2430
f 2430 2540 2539
f 2431 2442 2540
f 2432 2541 2442
f 2443 2541 2432
f 2451 2542 2450
f 2542 2451 2543
f 2451 2544 2543
f 2451 2452 2544
f 2545 2452 2453
f 2545 2544 2452
f 2546 2453 2454
f 2546 2545 2453
f 2454 2441 2535
f 2454 2535 2546
f 2547 2536 2537
f 2547 2537 2548
f 2548 2537 2538
f 2548 2538 2549
f 2549 2538 2539
f 2549 2539 2550
f 2551 2558 2550
f 2539 2551 2550
f 2540 2551 2539
f 2552 2540 2442
f 2551 2540 2552
f 2553 2442 2541
f 2552 2442 2553
f 2455 2541 2443
f 2455 2553 2541
f 2448 2554 2460
f 2448 2449 2554
f 2555 2449 2450
f 2554 2449 2555
f 2556 2450 2542
f 2555 2450 2556
f 2542 2543 2557
f 2542 2557 2556
f 2558 2551 2552
f 2558 2552 2559
f 2559 2552 2553
f 2559 2553 2560
f 2560 2553 2455
f 2560 2455 2561
f 2567 2561 2562
f 2562 2561 2456
f 2561 2455 2456
f 2458 2562 2456
f 2457 2563 2458
f 2563 2562 2458
f 2457 2461 2563
f 2565 2564 2554
f 2564 2464 2554
f 2464 2460 2554
f 2565 2554 2555
f 2565 2555 2566
f 2566 2555 2556
f 2569 2568 2567
f 2562 2569 2567
f 2583 2562 2563
f 2569 2562 2583
f 2570 2563 2461
f 2583 2563 2570
f 2470 2570 2462
f 2462 2570 2461
f 2467 2572 2571
f 2574 2573 2467
f 2573 2572 2467
f 2576 2575 2574
f 2574 2575 2573
f 2575 2576 2564
f 2576 2469 2564
f 2564 2469 2464
f 2577 2568 2569
f 2569 2578 2577
f 2583 2578 2569
f 2471 2570 2470
f 2471 2583 2570
f 2580 2579 2473
f 2473 2579 2472
f 2580 2474 2571
f 2473 2474 2580
f 2571 2474 2467
f 2581 2574 2467
f 2576 2581 2375
f 2574 2581 2576
f 2576 2375 2469
f 2582 2577 2578
f 2578 2585 2582
f 2478 2579 2584
f 2472 2579 2478
f 2586 2589 2585
f 2578 2586 2585
f 2583 2586 2578
f 2587 2583 2471
f 2586 2583 2587
f 2476 2587 2471
f 2479 2587 2476
f 2588 2482 2478
f 2588 2478 2584
f 2591 2590 2589
f 2586 2591 2589
f 2587 2591 2586
f 2591 2587 2592
f 2485 2587 2479
f 2485 2592 2587
f 2482 2588 2593
f 2484 2482 2593
f 2590 2591 2594
f 2590 2594 2595
f 2596 2591 2592
f 2594 2591 2596
f 2491 2596 2485
f 2596 2592 2485
f 2676 2484 2593
f 2495 2606 2486
f 2607 2487 2486
f 2607 2486 2606
f 2607 2488 2487
f 2599 2598 2597
f 2601 2600 2598
f 2601 2598 2599
f 2600 2601 2595
f 2600 2595 2594
f 2490 2600 2594
f 2490 2594 2491
f 2491 2594 2596
f 2493 2676 2602
f 2493 2484 2676
f 2614 2604 2496
f 2604 2495 2496
f 2605 2495 2604
f 2495 2605 2606
f 2607 2608 2488
f 2597 2497 2608
f 2497 2488 2608
f 2497 2597 2598
f 2609 2493 2602
f 2609 2498 2493
f 2611 2499 2500
f 2603 2611 2500
f 2610 2603 2500
f 2499 2612 2501
f 2611 2612 2499
f 2612 2613 2501
f 2501 2614 2502
f 2613 2614 2501
f 2496 2503 2614
f 2503 2502 2614
f 2504 2498 2609
f 2504 2609 2615
f 2618 2617 2616
f 2619 2617 2618
f 2505 2621 2500
f 2500 2621 2610
f 2615 2507 2504
f 2622 2507 2615
f 2705 2523 2624
f 2523 2705 2616
f 2509 2523 2616
f 2509 2616 2510
f 2510 2616 2617
f 2510 2617 2511
f 2511 2617 2619
f 2620 2511 2619
f 2620 2512 2511
f 2626 2625 2513
f 2512 2626 2513
f 2620 2626 2512
f 2625 2626 2621
f 2514 2621 2505
f 2622 2516 2507
f 2627 2516 2622
f 2629 2530 2628
f 2629 2518 2530
f 2630 2518 2629
f 2518 2712 2519
f 2630 2712 2518
f 2521 2712 2623
f 2521 2519 2712
f 2521 2623 2522
f 2522 2623 2624
f 2522 2624 2523
f 2631 2524 2625
f 2625 2524 2513
f 2632 2625 2621
f 2631 2625 2632
f 2525 2632 2514
f 2514 2632 2621
f 2627 2714 2516
f 2516 2714 2526
f 2526 2633 2527
f 2714 2633 2526
f 2628 2528 2633
f 2528 2527 2633
f 2528 2628 2530
f 2524 2631 2531
f 2531 2631 2632
f 2531 2632 2525
f 2634 2535 2534
f 2536 2634 2534
f 2544 2635 2543
f 2636 2544 2545
f 2636 2635 2544
f 2637 2545 2546
f 2637 2636 2545
f 2546 2535 2634
f 2638 2546 2634
f 2637 2546 2638
f 2638 2634 2536
f 2547 2638 2536
f 2639 2638 2547
f 2639 2547 2548
f 2640 2548 2549
f 2640 2639 2548
f 2641 2549 2550
f 2641 2640 2549
f 2550 2558 2641
f 2635 2557 2543
f 2642 2557 2635
f 2643 2641 2558
f 2643 2558 2559
f 2644 2559 2560
f 2644 2643 2559
f 2644 2561 2645
f 2644 2560 2561
f 2567 2645 2561
f 2566 2646 2565
f 2566 2647 2646
f 2566 2556 2647
f 2556 2557 2642
f 2556 2642 2647
f 2568 2645 2567
f 2572 2648 2571
f 2573 2649 2572
f 2572 2649 2648
f 2575 2650 2573
f 2573 2650 2649
f 2736 2650 2575
f 2736 2575 2564
f 2736 2564 2565
f 2736 2565 2651
f 2651 2565 2646
f 2652 2645 2568
f 2577 2652 2568
f 2653 2652 2577
f 2653 2577 2658
f 2654 2580 2571
f 2654 2571 2648
f 2656 2655 2648
f 2649 2656 2648
f 2650 2657 2656
f 2649 2650 2656
f 2657 2650 2736
f 2658 2577 2582
f 2582 2585 2658
f 2658 2585 2659
f 2660 2584 2579
f 2580 2660 2579
f 2660 2580 2654
f 2663 2659 2585
f 2585 2589 2663
f 2664 2588 2584
f 2664 2584 2660
f 2665 2661 2662
f 2666 2589 2590
f 2663 2589 2666
f 2593 2588 2667
f 2588 2668 2667
f 2588 2664 2668
f 2671 2670 2669
f 2672 2670 2671
f 2666 2590 2595
f 2666 2595 2674
f 2676 2593 2667
f 2675 2676 2667
f 2668 2675 2667
f 2677 2676 2675
f 2669 2678 2679
f 2680 2669 2670
f 2678 2669 2680
f 2681 2670 2672
f 2680 2670 2681
f 2683 2672 2682
f 2681 2672 2683
f 2773 2608 2683
f 2773 2683 2682
f 2608 2773 2673
f 2597 2608 2673
f 2674 2597 2673
f 2674 2599 2597
f 2595 2601 2674
f 2601 2599 2674
f 2677 2602 2676
f 2684 2602 2677
f 2688 2687 2685
f 2688 2685 2686
f 2688 2603 2687
f 2689 2603 2688
f 2603 2689 2690
f 2693 2614 2692
f 2614 2693 2679
f 2614 2679 2678
f 2604 2614 2678
f 2604 2678 2605
f 2605 2678 2680
f 2605 2680 2606
f 2606 2680 2681
f 2606 2681 2607
f 2607 2681 2683
f 2607 2683 2608
f 2684 2694 2602
f 2602 2694 2609
f 2698 2697 2685
f 2699 2685 2687
f 2698 2685 2699
f 2610 2699 2603
f 2603 2699 2687
f 2603 2690 2611
f 2691 2612 2690
f 2612 2611 2690
f 2612 2691 2613
f 2613 2691 2692
f 2613 2692 2614
f 2694 2700 2615
f 2615 2609 2694
f 2713 2702 2701
f 2701 2702 2695
f 2703 2701 2695
f 2695 2696 2704
f 2705 2695 2704
f 2703 2695 2705
f 2704 2616 2705
f 2706 2616 2704
f 2616 2707 2618
f 2706 2707 2616
f 2698 2619 2697
f 2619 2707 2697
f 2619 2618 2707
f 2619 2698 2620
f 2708 2698 2699
f 2620 2698 2708
f 2621 2708 2610
f 2610 2708 2699
f 2700 2622 2615
f 2709 2622 2700
f 2713 2712 2711
f 2712 2713 2701
f 2623 2712 2701
f 2623 2701 2624
f 2624 2701 2703
f 2624 2703 2705
f 2626 2620 2708
f 2626 2708 2621
f 2714 2627 2796
f 2627 2709 2796
f 2627 2622 2709
f 2797 2633 2714
f 2797 2714 2796
f 2633 2797 2710
f 2628 2633 2710
f 2715 2628 2710
f 2715 2629 2628
f 2711 2630 2715
f 2630 2629 2715
f 2630 2711 2712
f 2636 2717 2635
f 2635 2717 2716
f 2637 2717 2636
f 2638 2718 2637
f 2637 2718 2717
f 2639 2719 2638
f 2638 2719 2718
f 2640 2720 2639
f 2639 2720 2719
f 2641 2721 2640
f 2640 2721 2720
f 2722 2642 2716
f 2716 2642 2635
f 2723 2716 2717
f 2722 2716 2723
f 2723 2717 2724
f 2718 2725 2724
f 2717 2718 2724
f 2725 2718 2719
f 2725 2719 2726
f 2719 2734 2726
f 2727 2719 2720
f 2734 2719 2727
f 2728 2720 2721
f 2727 2720 2728
f 2643 2729 2641
f 2729 2721 2641
f 2729 2728 2721
f 2643 2730 2729
f 2643 2644 2730
f 2732 2731 2647
f 2647 2731 2646
f 2647 2642 2722
f 2733 2647 2722
f 2732 2647 2733
f 2733 2722 2723
f 2728 2729 2730
f 2730 2644 2811
f 2735 2811 2645
f 2811 2644 2645
f 2651 2737 2736
f 2651 2738 2737
f 2651 2646 2738
f 2646 2731 2738
f 2739 2746 2652
f 2746 2735 2652
f 2735 2645 2652
f 2653 2740 2652
f 2652 2740 2739
f 2658 2740 2653
f 2648 2742 2654
f 2654 2742 2741
f 2655 2742 2648
f 2657 2743 2656
f 2744 2657 2736
f 2743 2657 2744
f 2744 2736 2737
f 2739 2745 2746
f 2754 2745 2739
f 2755 2739 2740
f 2754 2739 2755
f 2747 2740 2658
f 2747 2755 2740
f 2659 2747 2658
f 2654 2741 2660
f 2741 2748 2660
f 2741 2749 2748
f 2749 2742 2661
f 2749 2741 2742
f 2662 2661 2750
f 2742 2750 2661
f 2750 2742 2751
f 2655 2751 2742
f 2751 2655 2656
f 2656 2743 2751
f 2753 2752 2745
f 2753 2745 2754
f 2663 2756 2659
f 2756 2747 2659
f 2756 2755 2747
f 2660 2748 2664
f 2748 2757 2664
f 2748 2758 2757
f 2759 2748 2749
f 2758 2748 2759
f 2665 2749 2661
f 2665 2759 2749
f 2662 2760 2665
f 2750 2760 2662
f 2752 2761 2762
f 2763 2752 2753
f 2761 2752 2763
f 2764 2753 2754
f 2763 2753 2764
f 2765 2754 2755
f 2764 2754 2765
f 2766 2755 2756
f 2765 2755 2766
f 2666 2766 2663
f 2663 2766 2756
f 2767 2668 2757
f 2757 2668 2664
f 2768 2757 2758
f 2767 2757 2768
f 2769 2758 2759
f 2768 2758 2769
f 2665 2770 2769
f 2759 2665 2769
f 2770 2665 2760
f 2772 2771 2669
f 2761 2671 2762
f 2671 2771 2762
f 2671 2669 2771
f 2671 2761 2672
f 2672 2761 2763
f 2763 2682 2672
f 2763 2764 2682
f 2682 2764 2773
f 2773 2765 2673
f 2773 2764 2765
f 2673 2765 2674
f 2765 2766 2674
f 2666 2674 2766
f 2668 2767 2675
f 2675 2767 2768
f 2677 2768 2769
f 2774 2677 2769
f 2768 2677 2675
f 2772 2679 2776
f 2772 2669 2679
f 2774 2778 2777
f 2684 2774 2777
f 2677 2774 2684
f 2781 2780 2779
f 2854 2782 2780
f 2854 2780 2781
f 2784 2783 2782
f 2784 2782 2854
f 2686 2685 2783
f 2784 2686 2783
f 2785 2686 2784
f 2686 2786 2688
f 2785 2786 2686
f 2688 2786 2689
f 2689 2787 2690
f 2786 2787 2689
f 2690 2787 2775
f 2691 2690 2775
f 2850 2691 2775
f 2850 2692 2691
f 2776 2693 2850
f 2693 2692 2850
f 2693 2776 2679
f 2788 2694 2777
f 2694 2684 2777
f 2794 2789 2695
f 2780 2790 2696
f 2789 2780 2696
f 2695 2789 2696
f 2779 2780 2789
f 2790 2780 2791
f 2697 2780 2782
f 2791 2780 2697
f 2697 2782 2783
f 2697 2783 2685
f 2788 2700 2694
f 2788 2792 2700
f 2702 2713 2793
f 2794 2702 2793
f 2695 2702 2794
f 2790 2704 2696
f 2704 2790 2706
f 2706 2790 2791
f 2706 2791 2707
f 2707 2791 2697
f 2796 2709 2795
f 2709 2792 2795
f 2709 2700 2792
f 2798 2797 2796
f 2798 2796 2795
f 2798 2710 2797
f 2799 2710 2798
f 2800 2715 2710
f 2799 2800 2710
f 2800 2711 2715
f 2801 2711 2800
f 2793 2713 2801
f 2713 2711 2801
f 2802 2731 2732
f 2733 2803 2732
f 2732 2803 2802
f 2723 2804 2733
f 2733 2804 2803
f 2724 2805 2723
f 2723 2805 2804
f 2725 2805 2724
f 2725 2806 2805
f 2806 2725 2726
f 2734 2807 2726
f 2807 2806 2726
f 2727 2808 2734
f 2734 2808 2807
f 2728 2809 2727
f 2727 2809 2808
f 2730 2810 2728
f 2728 2810 2809
f 2730 2811 2810
f 2737 2738 2862
f 2738 2812 2862
f 2738 2731 2802
f 2813 2738 2802
f 2812 2738 2813
f 2813 2802 2803
f 2813 2803 2814
f 2803 2815 2814
f 2804 2815 2803
f 2816 2804 2805
f 2815 2804 2816
f 2816 2805 2806
f 2806 2807 2817
f 2807 2808 2818
f 2808 2819 2818
f 2809 2819 2808
f 2819 2809 2820
f 2821 2809 2810
f 2820 2809 2821
f 2822 2810 2811
f 2821 2810 2822
f 2746 2811 2735
f 2746 2822 2811
f 2824 2743 2744
f 2824 2823 2743
f 2824 2737 2862
f 2744 2737 2824
f 2825 2815 2816
f 2825 2816 2826
f 2826 2816 2806
f 2826 2806 2827
f 2827 2806 2817
f 2819 2820 2832
f 2820 2828 2832
f 2821 2828 2820
f 2829 2821 2822
f 2828 2821 2829
f 2745 2829 2746
f 2829 2822 2746
f 2831 2830 2751
f 2751 2830 2750
f 2751 2743 2823
f 2751 2823 2831
f 2828 2833 2832
f 2834 2833 2828
f 2834 2829 2752
f 2834 2828 2829
f 2752 2829 2745
f 2830 2760 2750
f 2835 2760 2830
f 2837 2836 2833
f 2762 2833 2834
f 2837 2833 2762
f 2752 2762 2834
f 2840 2839 2838
f 2769 2770 2840
f 2770 2839 2840
f 2770 2841 2839
f 2770 2760 2835
f 2770 2835 2841
f 2844 2843 2836
f 2844 2836 2837
f 2772 2837 2771
f 2837 2762 2771
f 2778 2838 2845
f 2778 2774 2769
f 2840 2778 2769
f 2838 2778 2840
f 2886 2848 2847
f 2886 2847 2846
f 2848 2886 2842
f 2849 2848 2842
f 2849 2843 2775
f 2849 2842 2843
f 2775 2843 2850
f 2843 2844 2850
f 2850 2837 2776
f 2850 2844 2837
f 2776 2837 2772
f 2845 2777 2778
f 2845 2851 2777
f 2894 2779 2852
f 2853 2779 2894
f 2779 2853 2781
f 2853 2854 2781
f 2854 2855 2784
f 2846 2785 2855
f 2785 2784 2855
f 2785 2846 2786
f 2786 2846 2847
f 2786 2847 2848
f 2786 2848 2787
f 2787 2848 2849
f 2787 2849 2775
f 2851 2856 2788
f 2788 2777 2851
f 2789 2794 2852
f 2789 2852 2779
f 2856 2792 2788
f 2858 2792 2856
f 2793 2801 2857
f 2793 2857 2794
f 2858 2860 2792
f 2792 2860 2795
f 2795 2861 2798
f 2860 2861 2795
f 2859 2799 2861
f 2799 2798 2861
f 2799 2859 2800
f 2800 2859 2801
f 2812 2863 2862
f 2813 2864 2812
f 2812 2864 2863
f 2813 2814 2864
f 2865 2817 2807
f 2807 2818 2865
f 2867 2866 2823
f 2867 2824 2914
f 2867 2823 2824
f 2862 2914 2824
f 2862 2868 2914
f 2869 2862 2863
f 2868 2862 2869
f 2864 2909 2869
f 2863 2864 2869
f 2909 2864 2814
f 2909 2814 2870
f 2870 2814 2815
f 2825 2870 2815
f 2871 2870 2825
f 2871 2825 2826
f 2872 2871 2826
f 2873 2826 2827
f 2873 2872 2826
f 2873 2827 2817
f 2874 2873 2817
f 2865 2874 2817
f 2873 2874 2875
f 2876 2865 2818
f 2874 2865 2876
f 2819 2877 2818
f 2877 2876 2818
f 2819 2832 2877
f 2879 2878 2831
f 2831 2878 2830
f 2831 2823 2866
f 2831 2866 2879
f 2874 2876 2884
f 2876 2880 2884
f 2877 2880 2876
f 2833 2880 2832
f 2880 2877 2832
f 2835 2878 2881
f 2830 2878 2835
f 2884 2883 2882
f 2883 2884 2880
f 2836 2883 2880
f 2836 2880 2833
f 2838 2885 2888
f 2838 2839 2885
f 2885 2841 2881
f 2839 2841 2885
f 2881 2841 2835
f 2886 2890 2882
f 2842 2886 2882
f 2842 2882 2843
f 2843 2882 2883
f 2843 2883 2836
f 2888 2887 2838
f 2887 2845 2838
f 2898 2889 2846
f 2898 2846 2855
f 2889 2890 2846
f 2886 2846 2890
f 2851 2887 2891
f 2845 2887 2851
f 2894 2852 2893
f 2894 2895 2853
f 2895 2896 2853
f 2853 2897 2854
f 2896 2897 2853
f 2854 2898 2855
f 2897 2898 2854
f 2891 2856 2851
f 2891 2899 2856
f 2901 2900 2905
f 2901 2902 2900
f 2903 2902 2901
f 2904 2801 2903
f 2801 2904 2892
f 2857 2801 2892
f 2857 2892 2794
f 2794 2892 2893
f 2794 2893 2852
f 2906 2858 2905
f 2858 2899 2905
f 2858 2856 2899
f 2900 2906 2905
f 2907 2906 2900
f 2861 2907 2859
f 2907 2902 2859
f 2907 2900 2902
f 2859 2902 2903
f 2859 2903 2801
f 2906 2860 2858
f 2860 2906 2861
f 2861 2906 2907
f 2908 2866 2867
f 2914 2908 2867
f 2870 2910 2909
f 2871 2911 2870
f 2870 2911 2910
f 2872 2912 2871
f 2871 2912 2911
f 2873 2875 2872
f 2872 2875 2912
f 2879 2913 2878
f 2879 2866 2908
f 2915 2879 2908
f 2913 2879 2915
f 2915 2908 2914
f 2909 2949 2869
f 2949 2909 2910
f 2949 2910 2916
f 2910 2917 2916
f 2911 2917 2910
f 2917 2911 2918
f 2919 2911 2912
f 2918 2911 2919
f 2920 2912 2875
f 2919 2912 2920
f 2874 2921 2875
f 2921 2920 2875
f 2874 2884 2921
f 2881 2878 2913
f 2881 2913 2950
f 2922 2915 2914
f 2922 2914 2868
f 2922 2868 2923
f 2923 2868 2869
f 2923 2869 2924
f 2924 2869 2949
f 2917 2918 2925
f 2925 2918 2919
f 2925 2919 2929
f 2919 2926 2929
f 2920 2926 2919
f 2926 2921 2882
f 2926 2920 2921
f 2882 2921 2884
f 2885 2927 2888
f 2885 2881 2950
f 2885 2950 2927
f 2930 2929 2928
f 2928 2929 2926
f 2890 2928 2926
f 2890 2926 2882
f 2932 2931 2888
f 2888 2931 2887
f 2888 2927 2932
f 2933 2935 2934
f 2936 2898 2934
f 2936 2934 2935
f 2936 2889 2898
f 2937 2889 2936
f 2928 2890 2930
f 2890 2937 2930
f 2890 2889 2937
f 2891 2887 2931
f 2891 2931 2938
f 2941 2904 2939
f 2941 2892 2904
f 2892 2942 2893
f 2941 2942 2892
f 2893 2943 2894
f 2942 2943 2893
f 2894 2944 2895
f 2943 2944 2894
f 2934 2896 2933
f 2896 2944 2933
f 2896 2895 2944
f 2896 2934 2897
f 2897 2934 2898
f 2905 2899 2945
f 2899 2938 2945
f 2899 2891 2938
f 2945 2901 2905
f 2946 2901 2945
f 2946 2940 2901
f 2939 2903 2940
f 2903 2901 2940
f 2903 2939 2904
f 2915 2948 2913
f 2913 2948 2947
f 2951 2950 2913
f 2947 2951 2913
f 2947 2952 2951
f 2948 2952 2947
f 2922 2953 2915
f 2953 2948 2915
f 2953 2952 2948
f 2923 2954 2922
f 2922 2954 2953
f 2924 2955 2923
f 2923 2955 2954
f 2949 2955 2924
f 2949 2956 2955
f 2956 2949 2916
f 2917 2957 2916
f 2957 2956 2916
f 2925 2958 2917
f 2917 2958 2957
f 2925 2929 2958
f 2959 2927 2950
f 2960 2959 2950
f 2960 2950 2951
f 2961 2951 2952
f 2961 2952 2953
f 2961 2953 2969
f 2953 2962 2969
f 2954 2962 2953
f 2963 2954 2955
f 2962 2954 2963
f 2964 2955 2956
f 2963 2955 2964
f 2965 2956 2957
f 2964 2956 2965
f 2930 2957 2958
f 2965 2957 2930
f 2930 2958 2929
f 2967 2966 2932
f 2932 2966 2931
f 2932 2927 2959
f 2968 2932 2959
f 2967 2932 2968
f 2970 2969 2971
f 2962 2971 2969
f 2933 2962 2963
f 2971 2962 2933
f 2933 2964 2935
f 2933 2963 2964
f 2935 2964 2936
f 2936 2964 2965
f 2936 2965 2937
f 2937 2965 2930
f 2973 2972 2938
f 2938 2931 2966
f 2938 2966 2973
f 2939 2940 2974
f 2975 2939 2974
f 2976 2939 2975
f 2939 2977 2941
f 2976 2977 2939
f 2977 2978 2941
f 2971 2942 2970
f 2942 2978 2970
f 2942 2941 2978
f 2942 2971 2943
f 2943 2971 2944
f 2944 2971 2933
f 2972 2993 2938
f 2938 2993 2945
f 2945 2979 2946
f 2993 2979 2945
f 2940 2979 2974
f 2940 2946 2979
f 2980 2959 2960
f 2951 2980 2960
f 2951 2981 2980
f 2961 2982 2951
f 2982 2981 2951
f 2961 2969 2982
f 2985 2984 2983
f 2966 2967 2983
f 2967 2985 2983
f 2967 2986 2985
f 2988 2986 2987
f 2986 2968 2987
f 2986 2967 2968
f 2989 2987 2968
f 2989 2968 2959
f 2980 2989 2959
f 2989 2980 2981
f 2989 2981 2992
f 2981 2970 2992
f 2982 2970 2981
f 2970 2982 2969
f 2983 2984 2973
f 2984 2972 2973
f 2984 2990 2972
f 2983 2973 2966
f 2988 2987 2975
f 2974 2988 2975
f 2991 2988 2974
f 2989 2975 2987
f 2989 2976 2975
f 2976 2992 2977
f 2989 2992 2976
f 2970 2978 2992
f 2978 2977 2992
f 2990 2993 2972
f 2993 2994 2979
f 2974 2979 2991
f 2991 2979 2994
f 2995 2984 2985
f 2986 2996 2985
f 2985 2996 2995
f 2988 2996 2986
f 2997 2990 2995
f 2995 2990 2984
f 2998 2995 2996
f 2997 2995 2998
f 2991 2998 2988
f 2988 2998 2996
f 2997 2993 2990
f 2993 2997 2994
f 2994 2997 2998
f 2994 2998 2991
