v 33.9 -31.0 21.0
v 34.0 -31.0 20.9
v 34.0 -31.1 21.0
v 34.0 -31.0 21.1
v 33.2 -30.0 21.0
v 34.0 -30.0 20.4
v 34.0 -30.3 22.0
v 33.8 -30.0 22.0
v 34.0 -30.0 22.2
v 34.0 -29.0 20.0
v 34.0 -29.0 20.0
v 34.0 -29.0 20.0
v 33.7 -29.0 21.0
v 34.0 -29.0 21.4
v 34.0 -29.7 22.0
v 34.0 -29.0 20.0
v 34.0 -28.7 21.0
v 35.0 -31.0 20.6
v 35.0 -31.3 21.0
v 35.0 -31.3 22.0
v 34.6 -31.0 22.0
v 35.0 -31.0 22.3
v 34.7 -30.0 20.0
v 35.0 -30.0 19.8
v 35.0 -30.2 20.0
v 35.0 -30.3 23.0
v 34.7 -30.0 23.0
v 35.0 -30.0 23.3
v 35.0 -29.0 19.7
v 34.3 -29.0 22.0
v 34.5 -29.0 23.0
v 35.0 -29.3 24.0
v 34.8 -29.0 24.0
v 35.0 -29.0 24.2
v 35.0 -28.7 20.0
v 35.0 -28.3 21.0
v 34.7 -28.0 22.0
v 35.0 -28.0 21.6
v 34.6 -28.0 23.0
v 34.8 -28.0 24.0
v 35.0 -28.0 24.2
v 35.0 -27.7 22.0
v 35.0 -27.6 23.0
v 35.0 -27.8 24.0
v 36.0 -31.0 20.5
v 36.0 -31.5 21.0
v 36.0 -31.5 22.0
v 36.0 -31.0 22.6
v 35.6 -30.0 20.0
v 36.0 -30.0 20.1
v 36.0 -30.6 23.0
v 36.0 -30.0 23.6
v 36.0 -29.0 19.6
v 36.0 -29.8 20.0
v 36.0 -29.6 24.0
v 36.0 -29.0 24.4
v 36.0 -28.5 20.0
v 35.5 -28.0 21.0
v 36.0 -28.0 20.5
v 36.0 -28.0 24.4
v 36.0 -27.6 21.0
v 36.0 -27.3 22.0
v 35.8 -27.0 23.0
v 36.0 -27.0 22.7
v 36.0 -27.0 23.2
v 36.0 -27.6 24.0
v 36.0 -26.9 23.0
v 36.9 -33.0 21.0
v 37.0 -33.0 20.7
v 37.0 -33.2 21.0
v 37.0 -33.0 21.3
v 36.7 -32.0 20.0
v 37.0 -32.0 19.7
v 37.0 -32.5 20.0
v 36.4 -32.0 21.0
v 37.0 -32.5 22.0
v 36.6 -32.0 22.0
v 37.0 -32.0 22.5
v 36.5 -31.0 20.0
v 37.0 -31.0 19.6
v 37.0 -31.5 23.0
v 36.5 -31.0 23.0
v 37.0 -31.0 23.4
v 36.2 -30.0 20.0
v 37.0 -30.0 19.5
v 37.0 -30.2 24.0
v 36.7 -30.0 24.0
v 37.0 -30.0 24.1
v 37.0 -29.0 19.1
v 37.0 -29.0 24.5
v 36.5 -28.0 20.0
v 37.0 -28.0 19.6
v 37.0 -28.0 24.4
v 37.0 -27.6 20.0
v 36.7 -27.0 21.0
v 37.0 -27.0 20.7
v 36.4 -27.0 22.0
v 37.0 -27.5 24.0
v 37.0 -27.0 23.4
v 37.0 -26.8 21.0
v 37.0 -26.6 22.0
v 37.0 -26.6 23.0
v 37.2 -34.0 19.0
v 38.0 -34.0 18.2
v 38.0 -34.5 19.0
v 38.0 -34.5 20.0
v 37.5 -34.0 20.0
v 38.0 -34.3 21.0
v 37.7 -34.0 21.0
v 38.0 -34.0 21.3
v 37.5 -33.0 19.0
v 38.0 -33.0 18.4
v 37.3 -33.0 20.0
v 38.0 -33.5 22.0
v 37.4 -33.0 22.0
v 38.0 -33.2 23.0
v 37.8 -33.0 23.0
v 38.0 -33.0 23.2
v 37.6 -32.0 19.0
v 38.0 -32.0 18.6
v 37.4 -32.0 23.0
v 38.0 -32.0 23.5
v 38.0 -31.4 19.0
v 38.0 -31.0 19.2
v 38.0 -31.0 23.5
v 38.0 -30.0 19.3
v 37.5 -30.0 24.0
v 38.0 -30.0 23.8
v 38.0 -29.0 19.2
v 38.0 -29.8 24.0
v 38.0 -29.0 24.4
v 37.8 -28.0 19.0
v 38.0 -28.0 18.9
v 38.0 -28.5 19.0
v 38.0 -28.0 24.4
v 38.0 -27.8 19.0
v 38.0 -27.3 20.0
v 38.0 -27.0 20.4
v 38.0 -27.4 24.0
v 38.0 -27.0 23.6
v 38.0 -26.6 21.0
v 38.0 -26.5 22.0
v 38.0 -26.6 23.0
v 38.7 -35.0 19.0
v 39.0 -35.0 18.8
v 39.0 -35.2 19.0
v 39.0 -35.3 20.0
v 38.6 -35.0 20.0
v 39.0 -35.0 20.4
v 39.0 -34.0 18.3
v 39.0 -34.6 21.0
v 39.0 -34.0 21.7
v 38.6 -33.0 18.0
v 39.0 -33.0 17.7
v 39.0 -33.5 18.0
v 39.0 -33.8 22.0
v 39.0 -33.5 23.0
v 39.0 -33.0 23.6
v 38.5 -32.0 18.0
v 39.0 -32.0 17.5
v 39.0 -32.3 24.0
v 38.8 -32.0 24.0
v 39.0 -32.0 24.2
v 38.7 -31.0 18.0
v 39.0 -31.0 17.7
v 38.3 -31.0 19.0
v 39.0 -31.4 24.0
v 39.0 -31.0 23.9
v 39.0 -30.6 18.0
v 38.4 -30.0 19.0
v 39.0 -30.0 18.4
v 39.0 -30.7 24.0
v 38.3 -30.0 24.0
v 39.0 -30.0 24.3
v 38.2 -29.0 19.0
v 39.0 -29.0 18.6
v 39.0 -29.0 24.5
v 39.0 -28.0 18.5
v 39.0 -28.0 24.6
v 38.6 -27.0 19.0
v 39.0 -27.0 18.6
v 38.3 -27.0 20.0
v 38.4 -27.0 24.0
v 39.0 -27.0 24.4
v 39.0 -26.0 19.0
v 39.0 -26.0 19.0
v 39.0 -26.0 19.0
v 39.0 -26.4 20.0
v 39.0 -26.4 21.0
v 39.0 -26.4 22.0
v 39.0 -26.3 23.0
v 39.0 -26.0 24.0
v 39.0 -26.0 24.0
v 39.0 -26.0 24.0
v 39.0 -26.0 19.0
v 39.0 -26.0 24.0
v 40.0 -35.0 18.8
v 40.0 -35.2 19.0
v 40.0 -35.4 20.0
v 40.0 -35.3 21.0
v 39.6 -35.0 21.0
v 40.0 -35.0 21.5
v 40.0 -34.0 18.5
v 40.0 -34.7 22.0
v 39.3 -34.0 22.0
v 40.0 -34.3 23.0
v 39.6 -34.0 23.0
v 40.0 -34.0 23.3
v 40.0 -33.0 17.5
v 40.0 -33.5 18.0
v 40.0 -33.4 24.0
v 39.5 -33.0 24.0
v 40.0 -33.0 24.5
v 39.7 -32.0 17.0
v 40.0 -32.0 16.8
v 40.0 -32.3 17.0
v 40.0 -32.3 25.0
v 39.8 -32.0 25.0
v 40.0 -32.0 25.2
v 39.8 -31.0 17.0
v 40.0 -31.0 16.8
v 39.2 -31.0 24.0
v 40.0 -31.0 24.7
v 40.0 -31.6 25.0
v 40.0 -30.7 17.0
v 39.5 -30.0 18.0
v 40.0 -30.0 17.5
v 40.0 -30.0 24.6
v 40.0 -29.4 18.0
v 40.0 -29.0 18.2
v 40.0 -29.0 24.7
v 40.0 -28.0 18.3
v 40.0 -28.3 25.0
v 39.8 -28.0 25.0
v 40.0 -28.0 25.1
v 40.0 -27.0 18.0
v 40.0 -27.8 25.0
v 40.0 -27.0 24.6
v 40.0 -26.0 18.6
v 39.4 -26.0 20.0
v 39.5 -26.0 21.0
v 39.5 -26.0 22.0
v 39.4 -26.0 23.0
v 40.0 -26.0 24.4
v 40.0 -25.7 19.0
v 40.0 -25.6 20.0
v 40.0 -25.6 21.0
v 40.0 -25.6 22.0
v 40.0 -25.5 23.0
v 40.0 -25.6 24.0
v 40.2 -35.0 19.0
v 40.7 -35.0 20.0
v 41.0 -35.0 20.2
v 41.0 -35.5 21.0
v 41.0 -35.8 22.0
v 40.3 -35.0 22.0
v 41.0 -35.3 23.0
v 40.7 -35.0 23.0
v 41.0 -35.0 23.3
v 40.7 -34.0 19.0
v 41.0 -34.0 19.3
v 41.0 -34.8 20.0
v 41.0 -34.0 23.7
v 41.0 -33.0 17.5
v 41.0 -33.4 18.0
v 41.0 -33.8 19.0
v 41.0 -33.7 24.0
v 41.0 -33.3 25.0
v 40.6 -33.0 25.0
v 41.0 -33.0 25.4
v 41.0 -32.0 16.7
v 41.0 -32.4 17.0
v 41.0 -32.4 26.0
v 40.7 -32.0 26.0
v 41.0 -32.0 26.3
v 41.0 -31.0 16.8
v 40.3 -31.0 25.0
v 40.7 -31.0 26.0
v 41.0 -31.0 26.3
v 40.9 -30.0 16.0
v 41.0 -30.0 15.9
v 41.0 -30.2 16.0
v 40.4 -30.0 17.0
v 40.4 -30.0 25.0
v 41.0 -30.0 25.6
v 41.0 -30.6 26.0
v 41.0 -29.8 16.0
v 40.7 -29.0 17.0
v 41.0 -29.0 16.6
v 40.3 -29.0 18.0
v 40.4 -29.0 25.0
v 41.0 -29.0 25.5
v 41.0 -28.6 17.0
v 40.4 -28.0 18.0
v 41.0 -28.0 17.5
v 41.0 -28.0 25.4
v 41.0 -27.3 18.0
v 41.0 -27.0 18.3
v 41.0 -27.5 25.0
v 41.0 -27.0 24.6
v 41.0 -26.0 18.7
v 41.0 -26.0 24.5
v 41.0 -25.7 19.0
v 41.0 -25.6 20.0
v 41.0 -25.5 21.0
v 41.0 -25.3 22.0
v 40.6 -25.0 23.0
v 41.0 -25.0 22.5
v 40.7 -25.0 24.0
v 41.0 -25.0 24.2
v 41.0 -24.7 23.0
v 41.0 -24.8 24.0
v 42.0 -35.0 20.5
v 42.0 -35.4 21.0
v 42.0 -35.6 22.0
v 42.0 -35.4 23.0
v 42.0 -35.0 23.6
v 42.0 -34.0 19.5
v 42.0 -34.5 20.0
v 42.0 -34.6 24.0
v 41.4 -34.0 24.0
v 42.0 -34.0 24.6
v 42.0 -33.0 17.7
v 42.0 -33.3 18.0
v 42.0 -33.6 19.0
v 42.0 -33.7 25.0
v 42.0 -33.4 26.0
v 41.5 -33.0 26.0
v 42.0 -33.0 26.5
v 42.0 -32.0 16.7
v 42.0 -32.3 17.0
v 42.0 -32.2 27.0
v 41.8 -32.0 27.0
v 42.0 -32.0 27.1
v 41.8 -31.0 16.0
v 42.0 -31.0 15.9
v 42.0 -31.1 16.0
v 42.0 -31.7 27.0
v 42.0 -31.0 26.7
v 41.9 -30.0 15.0
v 42.0 -30.0 15.0
v 42.0 -30.1 15.0
v 41.4 -30.0 26.0
v 42.0 -30.0 26.5
v 42.0 -29.9 15.0
v 41.6 -29.0 16.0
v 42.0 -29.0 15.6
v 41.6 -29.0 26.0
v 42.0 -29.0 26.3
v 42.0 -28.6 16.0
v 41.6 -28.0 17.0
v 42.0 -28.0 16.6
v 41.6 -28.0 20.0
v 42.0 -28.2 20.0
v 42.0 -28.0 19.7
v 42.0 -28.0 20.2
v 42.0 -28.6 26.0
v 42.0 -28.0 25.5
v 42.0 -27.6 17.0
v 41.6 -27.0 18.0
v 42.0 -27.0 17.8
v 42.0 -27.3 19.0
v 42.0 -27.0 18.5
v 41.7 -27.0 19.0
v 41.6 -27.0 20.0
v 42.0 -27.0 20.3
v 42.0 -27.5 25.0
v 42.0 -27.0 24.6
v 42.0 -26.7 18.0
v 41.8 -26.0 19.0
v 41.6 -26.0 20.0
v 42.0 -26.0 20.4
v 42.0 -26.0 24.5
v 42.0 -25.5 21.0
v 41.5 -25.0 22.0
v 42.0 -25.0 21.6
v 42.0 -25.0 24.2
v 42.0 -24.7 22.0
v 42.0 -24.5 23.0
v 42.0 -24.8 24.0
v 43.0 -35.0 20.7
v 43.0 -35.3 21.0
v 43.0 -35.4 22.0
v 43.0 -35.5 23.0
v 43.0 -35.5 24.0
v 42.4 -35.0 24.0
v 43.0 -35.4 25.0
v 42.7 -35.0 25.0
v 43.0 -35.0 25.5
v 43.0 -34.0 19.5
v 43.0 -34.5 20.0
v 42.3 -34.0 25.0
v 43.0 -34.5 26.0
v 42.6 -34.0 26.0
v 43.0 -34.0 26.5
v 42.4 -33.0 18.0
v 43.0 -33.0 18.4
v 43.0 -33.5 19.0
v 43.0 -33.5 27.0
v 42.6 -33.0 27.0
v 43.0 -33.0 27.3
v 42.3 -32.0 17.0
v 43.0 -32.0 17.6
v 43.0 -32.5 18.0
v 43.0 -32.0 27.6
v 42.2 -31.0 16.0
v 42.9 -31.0 17.0
v 43.0 -31.0 17.0
v 42.4 -31.0 27.0
v 43.0 -31.0 27.5
v 43.0 -30.0 15.0
v 43.0 -30.0 15.0
v 43.0 -30.6 16.0
v 43.0 -31.0 17.0
v 42.5 -30.0 27.0
v 43.0 -30.0 27.5
v 43.0 -30.0 15.0
v 43.0 -29.0 15.5
v 42.7 -29.0 27.0
v 43.0 -29.0 27.3
v 43.0 -28.5 16.0
v 43.0 -28.0 16.5
v 42.9 -28.0 19.0
v 43.0 -28.1 19.0
v 43.0 -28.0 18.9
v 43.0 -28.2 20.0
v 43.0 -28.0 20.2
v 43.0 -28.3 26.0
v 43.0 -28.0 25.7
v 43.0 -28.7 27.0
v 43.0 -27.5 17.0
v 43.0 -27.0 17.6
v 43.0 -27.0 18.4
v 43.0 -27.0 20.6
v 43.0 -27.5 25.0
v 43.0 -27.0 24.6
v 43.0 -26.3 18.0
v 43.0 -26.0 20.7
v 43.0 -26.0 24.3
v 43.0 -25.6 21.0
v 43.0 -25.0 21.5
v 42.4 -25.0 24.0
v 43.0 -25.5 24.0
v 43.0 -25.0 23.5
v 43.0 -24.6 22.0
v 43.0 -24.6 23.0
v 43.8 -36.0 24.0
v 44.0 -36.0 23.7
v 44.0 -36.2 24.0
v 44.0 -36.4 25.0
v 43.6 -36.0 25.0
v 44.0 -36.3 26.0
v 43.7 -36.0 26.0
v 44.0 -36.0 26.4
v 43.3 -35.0 21.0
v 43.7 -35.0 22.0
v 44.0 -35.0 22.3
v 44.0 -35.6 23.0
v 43.3 -35.0 26.0
v 44.0 -35.4 27.0
v 43.7 -35.0 27.0
v 44.0 -35.0 27.2
v 44.0 -34.0 19.7
v 44.0 -34.3 20.0
v 44.0 -34.6 21.0
v 44.0 -34.8 22.0
v 43.4 -34.0 27.0
v 44.0 -34.0 27.4
v 44.0 -33.0 18.7
v 44.0 -33.3 19.0
v 44.0 -33.0 27.7
v 43.6 -32.0 18.0
v 44.0 -32.0 18.3
v 44.0 -32.5 28.0
v 43.6 -32.0 28.0
v 44.0 -32.0 28.3
v 43.2 -31.0 17.0
v 44.0 -31.0 16.8
v 44.0 -31.2 17.0
v 44.0 -31.7 18.0
v 43.5 -31.0 28.0
v 44.0 -31.0 28.5
v 43.0 -30.0 15.0
v 44.0 -30.0 15.6
v 44.0 -30.4 16.0
v 43.5 -30.0 28.0
v 44.0 -30.0 28.5
v 44.0 -29.0 15.6
v 43.7 -29.0 28.0
v 44.0 -29.0 28.3
v 44.0 -28.5 16.0
v 44.0 -28.0 16.5
v 43.1 -28.0 19.0
v 43.3 -28.0 20.0
v 43.4 -28.0 26.0
v 43.7 -28.0 27.0
v 44.0 -28.0 27.4
v 44.0 -28.6 28.0
v 44.0 -27.5 17.0
v 44.0 -27.0 17.8
v 44.0 -27.5 19.0
v 44.0 -27.0 18.2
v 44.0 -27.6 20.0
v 44.0 -27.2 21.0
v 43.7 -27.0 21.0
v 44.0 -27.0 21.2
v 44.0 -27.4 25.0
v 44.0 -27.0 24.5
v 44.0 -27.6 26.0
v 44.0 -27.7 27.0
v 44.0 -26.9 18.0
v 43.7 -26.0 21.0
v 44.0 -26.0 21.2
v 43.5 -26.0 24.0
v 44.0 -26.5 24.0
v 44.0 -26.0 23.7
v 44.0 -25.4 21.0
v 43.8 -25.0 21.0
v 44.0 -25.0 20.9
v 44.0 -25.0 23.4
v 44.0 -24.9 21.0
v 44.0 -24.5 22.0
v 44.0 -24.6 23.0
v 44.4 -36.0 24.0
v 45.0 -36.0 24.3
v 45.0 -36.9 25.0
v 45.0 -37.0 26.0
v 45.0 -36.1 27.0
v 44.8 -36.0 27.0
v 45.0 -36.0 27.1
v 45.0 -35.0 22.5
v 45.0 -35.7 23.0
v 45.0 -35.7 24.0
v 45.0 -35.0 27.5
v 44.5 -34.0 20.0
v 45.0 -34.0 20.4
v 45.0 -34.4 21.0
v 45.0 -34.6 22.0
v 45.0 -34.0 27.7
v 44.4 -33.0 19.0
v 45.0 -33.0 19.4
v 45.0 -33.6 20.0
v 45.0 -33.6 28.0
v 44.5 -33.0 28.0
v 45.0 -33.0 28.4
v 45.0 -32.0 18.6
v 45.0 -32.5 19.0
v 45.0 -32.0 28.7
v 44.3 -31.0 17.0
v 45.0 -31.0 17.5
v 45.0 -31.4 18.0
v 45.0 -31.5 29.0
v 44.6 -31.0 29.0
v 45.0 -31.0 29.3
v 45.0 -30.0 15.6
v 45.0 -30.4 16.0
v 45.0 -30.7 17.0
v 44.6 -30.0 29.0
v 45.0 -30.0 29.3
v 45.0 -29.0 15.6
v 45.0 -29.5 29.0
v 45.0 -29.0 28.7
v 45.0 -28.5 16.0
v 45.0 -28.0 16.5
v 44.6 -28.0 28.0
v 45.0 -28.0 28.3
v 45.0 -27.5 17.0
v 44.2 -27.0 18.0
v 45.0 -27.4 18.0
v 45.0 -27.5 19.0
v 45.0 -27.6 20.0
v 45.0 -27.3 21.0
v 45.0 -27.0 21.2
v 44.9 -27.0 24.0
v 45.0 -27.1 24.0
v 45.0 -27.0 23.9
v 45.0 -27.4 25.0
v 45.0 -27.4 26.0
v 45.0 -27.4 27.0
v 45.0 -27.7 28.0
v 44.6 -26.0 21.0
v 45.0 -26.0 20.9
v 45.0 -26.3 21.0
v 45.0 -26.0 23.5
v 45.0 -25.0 20.9
v 45.0 -25.0 23.2
v 45.0 -24.9 21.0
v 45.0 -24.6 22.0
v 45.0 -24.8 23.0
v 45.4 -36.0 25.0
v 45.5 -36.0 26.0
v 45.1 -36.0 27.0
v 45.5 -35.0 23.0
v 45.6 -35.0 24.0
v 45.6 -35.0 25.0
v 45.8 -35.0 26.0
v 46.0 -35.0 26.6
v 46.0 -35.2 27.0
v 46.0 -35.0 27.4
v 46.0 -34.0 20.7
v 46.0 -34.3 21.0
v 46.0 -34.5 22.0
v 46.0 -34.5 23.0
v 46.0 -34.6 24.0
v 46.0 -34.6 25.0
v 46.0 -34.8 26.0
v 46.0 -34.7 28.0
v 45.3 -34.0 28.0
v 46.0 -34.8 29.0
v 45.6 -34.0 29.0
v 46.0 -34.0 29.8
v 46.0 -33.0 19.7
v 46.0 -33.3 20.0
v 45.5 -33.0 29.0
v 46.0 -33.0 29.6
v 45.4 -32.0 19.0
v 46.0 -32.0 19.5
v 45.4 -32.0 29.0
v 46.0 -32.0 29.6
v 45.4 -31.0 18.0
v 46.0 -31.0 19.0
v 46.0 -31.0 19.0
v 46.0 -31.0 29.7
v 46.0 -30.0 15.8
v 46.0 -30.2 16.0
v 46.0 -30.5 17.0
v 46.0 -30.6 18.0
v 46.0 -31.0 19.0
v 46.0 -30.2 30.0
v 45.9 -30.0 30.0
v 46.0 -30.0 30.1
v 46.0 -29.0 15.6
v 45.5 -29.0 29.0
v 46.0 -29.0 29.4
v 46.0 -29.9 30.0
v 46.0 -28.5 16.0
v 46.0 -28.0 16.4
v 45.8 -28.0 20.0
v 46.0 -28.1 20.0
v 46.0 -28.0 19.8
v 46.0 -28.0 20.2
v 46.0 -28.6 29.0
v 46.0 -28.0 28.5
v 46.0 -27.0 17.0
v 46.0 -27.0 17.0
v 46.0 -27.0 17.0
v 46.0 -27.4 18.0
v 46.0 -27.6 19.0
v 46.0 -27.5 21.0
v 46.0 -27.0 21.4
v 45.1 -27.0 24.0
v 45.5 -27.0 25.0
v 45.5 -27.0 26.0
v 45.6 -27.0 27.0
v 46.0 -27.0 27.4
v 46.0 -27.4 28.0
v 46.0 -27.0 17.0
v 45.2 -26.0 21.0
v 46.0 -26.0 21.7
v 46.0 -26.5 24.0
v 46.0 -26.0 23.4
v 46.0 -26.5 25.0
v 46.0 -26.6 26.0
v 46.0 -26.7 27.0
v 45.1 -25.0 21.0
v 46.0 -25.7 22.0
v 45.4 -25.0 22.0
v 45.3 -25.0 23.0
v 46.0 -25.7 23.0
v 46.4 -35.0 27.0
v 46.6 -35.0 28.0
v 47.0 -35.0 27.7
v 47.0 -35.1 28.0
v 47.0 -35.0 28.3
v 46.5 -34.0 21.0
v 47.0 -34.0 21.5
v 47.0 -34.3 22.0
v 47.0 -34.1 23.0
v 47.0 -34.4 24.0
v 47.0 -34.5 25.0
v 47.0 -34.5 26.0
v 47.0 -34.7 27.0
v 47.0 -34.6 29.0
v 47.0 -34.0 29.8
v 46.3 -33.0 20.0
v 47.0 -33.0 20.5
v 47.0 -33.6 21.0
v 47.0 -33.7 30.0
v 46.4 -33.0 30.0
v 47.0 -33.2 31.0
v 46.8 -33.0 31.0
v 47.0 -33.0 31.2
v 46.7 -32.0 20.0
v 47.0 -32.0 20.2
v 46.4 -32.0 30.0
v 46.7 -32.0 31.0
v 47.0 -32.0 31.3
v 46.1 -31.0 19.0
v 47.0 -31.0 18.5
v 47.0 -31.3 19.0
v 47.0 -31.8 20.0
v 46.3 -31.0 30.0
v 47.0 -31.0 30.6
v 47.0 -31.5 31.0
v 46.4 -30.0 16.0
v 47.0 -30.0 16.4
v 47.0 -30.4 17.0
v 47.0 -30.7 18.0
v 47.0 -30.0 30.5
v 47.0 -29.0 15.8
v 47.0 -29.4 16.0
v 47.0 -29.4 30.0
v 47.0 -29.0 29.6
v 47.0 -28.6 16.0
v 47.0 -28.0 16.4
v 47.0 -28.4 20.0
v 47.0 -28.0 19.4
v 46.8 -28.0 21.0
v 47.0 -28.1 21.0
v 47.0 -28.0 21.1
v 47.0 -28.3 29.0
v 47.0 -28.0 28.7
v 47.0 -27.0 16.8
v 47.0 -27.4 18.0
v 47.0 -27.0 17.3
v 47.0 -27.7 19.0
v 47.0 -27.0 21.6
v 46.6 -27.0 28.0
v 47.0 -27.0 28.3
v 47.0 -26.8 17.0
v 47.0 -26.5 22.0
v 46.4 -26.0 22.0
v 46.4 -26.0 23.0
v 47.0 -26.4 23.0
v 47.0 -26.2 24.0
v 46.6 -26.0 25.0
v 47.0 -26.0 24.5
v 47.0 -26.0 25.4
v 47.0 -26.4 26.0
v 47.0 -26.4 27.0
v 47.0 -26.7 28.0
v 47.0 -25.2 25.0
v 48.0 -35.0 27.8
v 48.0 -35.1 28.0
v 48.0 -35.0 28.2
v 48.0 -34.0 21.6
v 48.0 -34.3 22.0
v 48.0 -34.3 23.0
v 48.0 -34.5 24.0
v 48.0 -34.5 25.0
v 48.0 -34.5 26.0
v 48.0 -34.7 27.0
v 48.0 -34.6 29.0
v 48.0 -34.3 30.0
v 47.4 -34.0 30.0
v 48.0 -34.0 30.4
v 48.0 -33.0 20.6
v 48.0 -33.5 21.0
v 48.0 -33.5 31.0
v 48.0 -33.0 31.5
v 48.0 -32.0 20.4
v 48.0 -32.2 32.0
v 47.8 -32.0 32.0
v 48.0 -32.0 32.1
v 47.8 -31.0 18.0
v 48.0 -31.0 17.9
v 48.0 -31.1 18.0
v 48.0 -31.4 19.0
v 48.0 -31.6 20.0
v 47.4 -31.0 31.0
v 48.0 -31.0 31.6
v 48.0 -31.7 32.0
v 48.0 -30.0 16.7
v 48.0 -30.3 17.0
v 47.6 -30.0 31.0
v 48.0 -30.0 31.4
v 48.0 -29.0 15.9
v 48.0 -29.1 16.0
v 47.5 -29.0 30.0
v 48.0 -29.0 30.5
v 48.0 -29.6 31.0
v 48.0 -28.8 16.0
v 48.0 -28.0 16.3
v 47.7 -28.0 19.0
v 48.0 -28.1 19.0
v 48.0 -28.0 18.8
v 48.0 -28.2 20.0
v 47.2 -28.0 21.0
v 48.0 -28.0 20.4
v 47.4 -28.0 29.0
v 48.0 -28.0 29.5
v 48.0 -28.5 30.0
v 48.0 -27.0 16.8
v 48.0 -27.5 18.0
v 48.0 -27.0 17.3
v 48.0 -27.6 21.0
v 48.0 -27.0 21.5
v 48.0 -27.5 29.0
v 48.0 -27.0 28.6
v 48.0 -26.8 17.0
v 48.0 -26.6 22.0
v 48.0 -26.4 23.0
v 47.4 -26.0 24.0
v 48.0 -26.0 23.6
v 48.0 -26.1 26.0
v 48.0 -26.0 25.9
v 47.8 -26.0 27.0
v 48.0 -26.0 26.3
v 48.0 -26.0 27.3
v 48.0 -26.4 28.0
v 48.0 -25.6 24.0
v 47.9 -25.0 25.0
v 48.0 -25.0 25.0
v 48.0 -25.0 25.0
v 48.0 -25.8 27.0
v 48.0 -25.0 25.0
v 48.7 -35.0 27.0
v 49.0 -35.0 26.7
v 49.0 -35.2 27.0
v 48.2 -35.0 28.0
v 49.0 -35.0 27.3
v 49.0 -34.0 21.9
v 49.0 -34.1 22.0
v 48.8 -34.0 23.0
v 49.0 -34.0 22.5
v 49.0 -34.0 23.2
v 49.0 -34.4 24.0
v 49.0 -34.6 25.0
v 49.0 -34.7 26.0
v 49.0 -34.7 28.0
v 49.0 -34.5 29.0
v 49.0 -34.3 30.0
v 49.0 -34.0 30.4
v 49.0 -33.0 20.7
v 49.0 -33.3 21.0
v 49.0 -33.9 23.0
v 49.0 -33.5 31.0
v 49.0 -33.0 31.6
v 49.0 -32.0 20.4
v 49.0 -32.6 32.0
v 49.0 -32.0 32.5
v 48.1 -31.0 18.0
v 48.6 -31.0 19.0
v 49.0 -31.0 19.4
v 49.0 -31.6 20.0
v 48.3 -31.0 32.0
v 49.0 -31.1 33.0
v 48.9 -31.0 33.0
v 49.0 -31.0 33.1
v 48.4 -30.0 17.0
v 48.9 -30.0 18.0
v 49.0 -30.0 18.1
v 49.0 -30.7 19.0
v 48.6 -30.0 32.0
v 49.0 -30.0 32.5
v 49.0 -30.9 33.0
v 48.2 -29.0 16.0
v 49.0 -29.0 16.4
v 49.0 -29.5 17.0
v 49.0 -29.9 18.0
v 48.5 -29.0 31.0
v 49.0 -29.0 31.5
v 49.0 -29.5 32.0
v 49.0 -28.2 16.0
v 48.8 -28.0 16.0
v 49.0 -28.0 15.9
v 48.2 -28.0 19.0
v 48.3 -28.0 20.0
v 48.5 -28.0 30.0
v 49.0 -28.0 30.4
v 49.0 -28.6 31.0
v 49.0 -27.8 16.0
v 49.0 -27.0 16.5
v 49.0 -27.3 18.0
v 49.0 -27.0 17.5
v 49.0 -27.6 19.0
v 49.0 -27.6 20.0
v 49.0 -27.3 21.0
v 49.0 -27.0 21.4
v 48.5 -27.0 29.0
v 49.0 -27.0 29.5
v 49.0 -27.5 30.0
v 49.0 -26.6 17.0
v 49.0 -26.6 22.0
v 49.0 -26.4 23.0
v 49.0 -26.0 23.5
v 48.1 -26.0 26.0
v 48.5 -26.0 28.0
v 49.0 -26.0 28.4
v 49.0 -26.5 29.0
v 49.0 -25.6 24.0
v 48.0 -25.0 25.0
v 49.0 -25.4 25.0
v 49.0 -25.6 26.0
v 49.0 -25.5 27.0
v 49.0 -25.7 28.0
v 49.5 -35.0 25.0
v 50.0 -35.0 24.5
v 50.0 -35.9 25.0
v 50.0 -35.5 26.0
v 49.4 -35.0 26.0
v 50.0 -35.2 27.0
v 50.0 -35.0 27.3
v 49.1 -34.0 22.0
v 50.0 -34.0 23.5
v 50.0 -34.5 24.0
v 50.0 -34.5 28.0
v 50.0 -34.3 29.0
v 49.5 -34.0 30.0
v 50.0 -34.0 29.5
v 49.5 -33.0 21.0
v 50.0 -33.0 21.5
v 50.0 -33.4 22.0
v 50.0 -33.5 23.0
v 50.0 -33.7 30.0
v 50.0 -33.3 31.0
v 50.0 -33.0 31.4
v 50.0 -32.0 20.3
v 50.0 -32.6 21.0
v 50.0 -32.5 32.0
v 50.0 -32.0 32.5
v 50.0 -31.0 19.3
v 50.0 -31.7 20.0
v 50.0 -31.5 33.0
v 50.0 -31.0 33.5
v 49.2 -30.0 18.0
v 50.0 -30.0 17.7
v 50.0 -30.3 18.0
v 50.0 -30.7 19.0
v 49.4 -30.0 33.0
v 50.0 -30.0 33.5
v 50.0 -29.0 16.6
v 50.0 -29.4 17.0
v 49.4 -29.0 32.0
v 49.8 -29.0 33.0
v 50.0 -29.0 33.3
v 50.0 -28.0 15.9
v 50.0 -28.1 16.0
v 50.0 -28.2 31.0
v 50.0 -28.0 30.8
v 50.0 -28.6 32.0
v 50.0 -28.8 33.0
v 50.0 -27.8 16.0
v 50.0 -27.0 16.3
v 49.4 -27.0 18.0
v 50.0 -27.0 18.6
v 50.0 -27.3 19.0
v 50.0 -27.3 20.0
v 49.5 -27.0 21.0
v 50.0 -27.0 20.5
v 49.6 -27.0 30.0
v 50.0 -27.0 30.4
v 49.5 -26.0 16.0
v 50.0 -26.0 15.9
v 50.0 -26.3 16.0
v 49.6 -26.0 17.0
v 50.0 -26.0 17.4
v 50.0 -26.5 18.0
v 50.0 -26.7 21.0
v 50.0 -26.5 22.0
v 50.0 -26.4 23.0
v 50.0 -26.0 23.5
v 49.6 -26.0 29.0
v 50.0 -26.0 29.3
v 50.0 -26.6 30.0
v 50.0 -25.5 16.0
v 50.0 -25.6 17.0
v 50.0 -25.6 24.0
v 50.0 -25.4 25.0
v 50.0 -25.4 26.0
v 50.0 -25.4 27.0
v 50.0 -25.4 28.0
v 50.0 -25.7 29.0
v 51.0 -36.0 25.0
v 51.0 -36.0 25.0
v 51.0 -36.0 25.0
v 51.0 -36.0 25.0
v 51.0 -35.0 24.4
v 51.0 -35.4 26.0
v 50.3 -35.0 27.0
v 51.0 -35.0 26.4
v 51.0 -34.0 23.6
v 51.0 -34.5 24.0
v 50.8 -34.0 27.0
v 51.0 -34.0 26.8
v 50.5 -34.0 28.0
v 50.4 -34.0 29.0
v 50.4 -33.0 22.0
v 50.9 -33.0 23.0
v 51.0 -33.0 23.1
v 51.0 -33.8 27.0
v 51.0 -33.6 28.0
v 51.0 -33.6 29.0
v 51.0 -33.3 30.0
v 50.4 -33.0 31.0
v 51.0 -33.0 30.5
v 50.4 -32.0 20.0
v 51.0 -32.0 19.6
v 51.0 -32.7 20.0
v 51.0 -32.6 21.0
v 51.0 -32.6 22.0
v 51.0 -32.9 23.0
v 51.0 -32.6 31.0
v 51.0 -32.3 32.0
v 51.0 -32.0 32.4
v 50.6 -31.0 19.0
v 51.0 -31.0 18.7
v 51.0 -31.3 19.0
v 51.0 -31.6 33.0
v 51.0 -31.3 34.0
v 50.7 -31.0 34.0
v 51.0 -31.0 34.4
v 51.0 -30.0 17.6
v 51.0 -30.4 18.0
v 50.5 -30.0 34.0
v 51.0 -30.0 34.5
v 50.5 -29.0 17.0
v 51.0 -29.0 17.3
v 50.7 -29.0 34.0
v 51.0 -29.0 34.3
v 50.1 -28.0 16.0
v 51.0 -28.0 16.6
v 51.0 -28.5 17.0
v 50.3 -28.0 31.0
v 51.0 -28.0 31.7
v 51.0 -28.2 32.0
v 51.0 -28.4 33.0
v 51.0 -28.7 34.0
v 51.0 -27.0 16.6
v 50.4 -27.0 19.0
v 50.4 -27.0 20.0
v 50.7 -27.0 31.0
v 51.0 -27.0 31.2
v 50.2 -26.0 16.0
v 51.0 -26.0 16.6
v 50.8 -26.0 18.0
v 51.0 -26.0 18.2
v 51.0 -26.5 19.0
v 51.0 -26.6 20.0
v 51.0 -26.5 21.0
v 51.0 -26.5 22.0
v 51.0 -26.4 23.0
v 51.0 -26.0 23.5
v 51.0 -26.3 30.0
v 51.0 -26.0 29.6
v 51.0 -26.8 31.0
v 51.0 -25.3 17.0
v 51.0 -25.8 18.0
v 51.0 -25.5 24.0
v 50.7 -25.0 25.0
v 51.0 -25.0 24.7
v 50.5 -25.0 26.0
v 50.4 -25.0 27.0
v 50.8 -25.0 28.0
v 51.0 -25.0 28.2
v 51.0 -25.5 29.0
v 51.0 -24.7 25.0
v 51.0 -24.5 26.0
v 51.0 -24.2 27.0
v 51.0 -24.8 28.0
v 51.0 -36.0 25.0
v 52.0 -35.0 24.8
v 52.0 -35.2 25.0
v 51.5 -35.0 26.0
v 52.0 -35.0 25.3
v 52.0 -34.0 23.5
v 52.0 -34.5 24.0
v 52.0 -34.6 26.0
v 52.0 -34.0 26.6
v 51.1 -33.0 23.0
v 52.0 -33.0 22.6
v 52.0 -33.4 23.0
v 52.0 -33.6 27.0
v 52.0 -33.5 28.0
v 52.0 -33.4 29.0
v 51.5 -33.0 30.0
v 52.0 -33.0 29.6
v 52.0 -32.0 19.6
v 52.0 -32.4 20.0
v 52.0 -32.5 21.0
v 52.0 -32.6 22.0
v 52.0 -32.6 30.0
v 51.7 -32.0 31.0
v 52.0 -32.0 30.7
v 51.4 -32.0 32.0
v 51.7 -31.0 19.0
v 52.0 -31.0 19.1
v 52.0 -31.8 31.0
v 52.0 -31.6 32.0
v 52.0 -31.5 33.0
v 52.0 -31.5 34.0
v 52.0 -31.4 35.0
v 51.6 -31.0 35.0
v 52.0 -31.0 35.5
v 52.0 -30.0 17.6
v 52.0 -30.4 18.0
v 52.0 -30.9 19.0
v 51.6 -30.0 35.0
v 52.0 -30.0 35.4
v 52.0 -29.0 17.5
v 52.0 -29.5 35.0
v 52.0 -29.0 34.7
v 51.4 -28.0 17.0
v 52.0 -28.0 17.5
v 51.3 -28.0 32.0
v 51.5 -28.0 33.0
v 51.7 -28.0 34.0
v 52.0 -28.0 34.3
v 51.4 -27.0 17.0
v 52.0 -27.0 17.7
v 52.0 -27.4 32.0
v 52.0 -27.0 31.6
v 52.0 -27.6 33.0
v 52.0 -27.7 34.0
v 51.3 -26.0 17.0
v 52.0 -26.7 18.0
v 51.2 -26.0 18.0
v 52.0 -26.6 19.0
v 52.0 -26.6 20.0
v 52.0 -26.5 21.0
v 52.0 -26.5 22.0
v 52.0 -26.4 23.0
v 52.0 -26.0 23.5
v 51.7 -26.0 30.0
v 52.0 -26.0 30.2
v 52.0 -26.5 31.0
v 52.0 -25.5 24.0
v 52.0 -25.0 24.5
v 51.5 -25.0 28.0
v 52.0 -25.1 28.0
v 52.0 -25.0 27.8
v 52.0 -25.5 29.0
v 52.0 -25.8 30.0
v 52.0 -24.5 25.0
v 52.0 -24.4 26.0
v 52.0 -24.4 27.0
v 52.2 -35.0 25.0
v 53.0 -34.0 23.5
v 53.0 -34.4 24.0
v 53.0 -34.6 25.0
v 53.0 -34.4 26.0
v 53.0 -34.0 26.5
v 53.0 -33.0 22.6
v 53.0 -33.4 23.0
v 53.0 -33.6 27.0
v 53.0 -33.5 28.0
v 53.0 -33.4 29.0
v 53.0 -33.0 29.5
v 53.0 -32.0 19.7
v 53.0 -32.3 20.0
v 53.0 -32.5 21.0
v 53.0 -32.6 22.0
v 53.0 -32.5 30.0
v 53.0 -32.0 30.5
v 52.3 -32.0 36.0
v 53.0 -32.0 35.7
v 53.0 -32.3 36.0
v 53.0 -32.7 37.0
v 52.6 -32.0 37.0
v 53.0 -32.0 37.5
v 52.2 -31.0 19.0
v 53.0 -31.0 18.6
v 53.0 -31.4 19.0
v 53.0 -31.6 31.0
v 53.0 -31.5 32.0
v 53.0 -31.4 33.0
v 53.0 -31.5 34.0
v 53.0 -31.6 35.0
v 52.3 -31.0 36.0
v 52.5 -31.0 37.0
v 53.0 -31.3 38.0
v 52.9 -31.0 38.0
v 53.0 -31.0 38.2
v 53.0 -30.0 17.6
v 53.0 -30.5 18.0
v 52.5 -30.0 36.0
v 52.7 -30.0 37.0
v 53.0 -30.0 37.4
v 53.0 -30.7 38.0
v 53.0 -29.0 17.5
v 52.4 -29.0 35.0
v 53.0 -29.0 35.6
v 53.0 -29.4 36.0
v 53.0 -29.6 37.0
v 53.0 -28.1 18.0
v 52.9 -28.0 18.0
v 53.0 -28.0 18.1
v 53.0 -28.4 35.0
v 53.0 -28.0 34.7
v 52.3 -27.0 18.0
v 53.0 -27.4 19.0
v 52.5 -27.0 19.0
v 52.7 -27.0 20.0
v 53.0 -27.2 20.0
v 53.0 -27.0 20.3
v 52.5 -27.0 32.0
v 53.0 -27.0 32.7
v 53.0 -27.2 33.0
v 52.9 -27.0 34.0
v 53.0 -27.0 33.7
v 53.0 -27.0 34.1
v 53.0 -26.6 21.0
v 53.0 -26.5 22.0
v 53.0 -26.4 23.0
v 53.0 -26.0 23.5
v 52.6 -26.0 30.0
v 53.0 -26.1 30.0
v 53.0 -26.0 29.9
v 53.0 -26.4 31.0
v 53.0 -26.7 32.0
v 53.0 -26.9 34.0
v 53.0 -25.5 24.0
v 53.0 -25.0 24.4
v 52.2 -25.0 28.0
v 53.0 -25.0 28.5
v 53.0 -25.4 29.0
v 52.9 -24.0 25.0
v 53.0 -24.0 24.9
v 53.0 -24.0 25.3
v 53.0 -24.2 26.0
v 52.7 -24.0 27.0
v 53.0 -24.0 26.5
v 53.0 -24.0 27.3
v 53.0 -24.5 28.0
v 53.0 -23.9 25.0
v 53.0 -23.9 27.0
v 54.0 -34.0 23.6
v 54.0 -34.4 24.0
v 54.0 -34.5 25.0
v 54.0 -34.4 26.0
v 54.0 -34.0 26.5
v 53.8 -33.0 23.0
v 54.0 -33.0 23.1
v 54.0 -33.6 27.0
v 54.0 -33.5 28.0
v 54.0 -33.4 29.0
v 54.0 -33.0 29.5
v 53.5 -32.0 20.0
v 54.0 -32.0 20.4
v 54.0 -32.4 21.0
v 54.0 -32.5 22.0
v 54.0 -32.9 23.0
v 54.0 -32.5 30.0
v 54.0 -32.0 30.6
v 53.5 -32.0 36.0
v 54.0 -32.0 36.4
v 54.0 -32.5 37.0
v 54.0 -32.5 38.0
v 53.4 -32.0 38.0
v 54.0 -32.3 39.0
v 53.8 -32.0 39.0
v 54.0 -32.0 39.2
v 54.0 -31.0 18.6
v 54.0 -31.3 19.0
v 54.0 -31.7 20.0
v 54.0 -31.7 31.0
v 54.0 -31.5 32.0
v 54.0 -31.1 33.0
v 54.0 -31.4 34.0
v 54.0 -31.5 35.0
v 54.0 -31.7 36.0
v 53.7 -31.0 39.0
v 54.0 -31.0 39.3
v 54.0 -30.0 17.5
v 54.0 -30.5 18.0
v 53.4 -30.0 38.0
v 54.0 -30.0 38.6
v 54.0 -30.6 39.0
v 53.7 -29.0 17.0
v 54.0 -29.0 16.8
v 54.0 -29.3 17.0
v 53.3 -29.0 36.0
v 53.5 -29.0 37.0
v 53.7 -29.0 38.0
v 54.0 -29.0 38.3
v 53.7 -28.0 17.0
v 54.0 -28.0 16.8
v 53.1 -28.0 18.0
v 53.3 -28.0 35.0
v 53.7 -28.0 36.0
v 54.0 -28.0 36.4
v 54.0 -28.4 37.0
v 54.0 -28.7 38.0
v 54.0 -27.6 17.0
v 53.9 -27.0 18.0
v 54.0 -27.0 17.9
v 54.0 -27.4 19.0
v 54.0 -27.0 18.1
v 54.0 -27.3 20.0
v 54.0 -27.0 20.4
v 53.2 -27.0 33.0
v 54.0 -27.4 35.0
v 54.0 -27.0 34.6
v 54.0 -27.7 36.0
v 54.0 -26.9 18.0
v 54.0 -26.6 21.0
v 54.0 -26.4 22.0
v 54.0 -26.2 23.0
v 54.0 -26.0 23.3
v 53.1 -26.0 30.0
v 53.6 -26.0 31.0
v 54.0 -26.0 31.6
v 54.0 -26.3 32.0
v 54.0 -26.5 33.0
v 54.0 -26.6 34.0
v 54.0 -25.3 24.0
v 54.0 -25.0 24.2
v 53.5 -25.0 29.0
v 54.0 -25.0 29.6
v 54.0 -25.4 30.0
v 54.0 -25.6 31.0
v 54.0 -24.0 24.7
v 53.2 -24.0 26.0
v 53.6 -24.0 28.0
v 54.0 -24.0 28.4
v 54.0 -24.5 29.0
v 54.0 -23.7 25.0
v 54.0 -23.6 26.0
v 54.0 -23.5 27.0
v 54.0 -23.7 28.0
v 55.0 -34.0 23.5
v 55.0 -34.4 24.0
v 55.0 -34.5 25.0
v 55.0 -34.3 26.0
v 55.0 -34.0 26.4
v 54.2 -33.0 23.0
v 55.0 -33.0 22.6
v 55.0 -33.4 23.0
v 55.0 -33.6 27.0
v 55.0 -33.5 28.0
v 55.0 -33.4 29.0
v 55.0 -33.0 29.5
v 54.7 -33.0 38.0
v 55.0 -33.0 37.7
v 55.0 -33.2 38.0
v 55.0 -33.1 39.0
v 54.9 -33.0 39.0
v 55.0 -33.0 39.1
v 55.0 -32.0 20.8
v 55.0 -32.2 21.0
v 55.0 -32.2 22.0
v 55.0 -32.6 30.0
v 55.0 -32.3 31.0
v 54.5 -32.0 31.0
v 55.0 -32.0 31.5
v 54.9 -32.0 33.0
v 55.0 -32.0 32.8
v 55.0 -32.1 33.0
v 55.0 -32.0 33.2
v 55.0 -32.0 36.5
v 55.0 -32.5 37.0
v 55.0 -32.0 39.6
v 54.5 -31.0 19.0
v 55.0 -31.0 19.5
v 55.0 -31.4 20.0
v 55.0 -31.7 32.0
v 55.0 -31.7 34.0
v 55.0 -31.5 35.0
v 55.0 -31.6 36.0
v 55.0 -31.0 39.6
v 55.0 -30.0 17.5
v 55.0 -30.4 18.0
v 55.0 -30.7 19.0
v 54.4 -30.0 39.0
v 55.0 -30.0 39.6
v 55.0 -29.0 16.6
v 55.0 -29.5 17.0
v 54.6 -29.0 39.0
v 55.0 -29.0 39.4
v 55.0 -28.0 16.5
v 54.6 -28.0 37.0
v 54.9 -28.0 38.0
v 55.0 -28.0 38.2
v 55.0 -28.6 39.0
v 54.6 -27.0 17.0
v 55.0 -27.0 16.6
v 55.0 -27.1 19.0
v 55.0 -27.0 18.9
v 54.4 -27.0 20.0
v 55.0 -27.0 19.1
v 54.5 -27.0 35.0
v 55.0 -27.0 35.3
v 55.0 -27.5 36.0
v 55.0 -27.7 37.0
v 55.0 -27.9 38.0
v 55.0 -26.6 17.0
v 55.0 -26.5 18.0
v 55.0 -26.7 20.0
v 55.0 -26.3 21.0
v 54.6 -26.0 22.0
v 55.0 -26.0 21.5
v 54.2 -26.0 23.0
v 54.3 -26.0 32.0
v 54.6 -26.0 33.0
v 55.0 -26.0 33.4
v 55.0 -26.4 34.0
v 55.0 -26.7 35.0
v 55.0 -25.5 22.0
v 54.7 -25.0 23.0
v 55.0 -25.0 22.6
v 54.3 -25.0 24.0
v 54.4 -25.0 30.0
v 54.5 -25.0 31.0
v 54.8 -25.0 32.0
v 55.0 -25.0 32.3
v 55.0 -25.7 33.0
v 55.0 -24.8 23.0
v 55.0 -24.5 24.0
v 55.0 -24.0 24.5
v 54.6 -24.0 29.0
v 55.0 -24.0 29.5
v 55.0 -24.4 30.0
v 55.0 -24.5 31.0
v 55.0 -24.8 32.0
v 55.0 -23.6 25.0
v 55.0 -23.5 26.0
v 55.0 -23.5 27.0
v 55.0 -23.4 28.0
v 55.0 -23.7 29.0
v 56.0 -34.0 23.5
v 56.0 -34.4 24.0
v 56.0 -34.3 25.0
v 55.7 -34.0 26.0
v 56.0 -34.0 25.7
v 56.0 -33.0 21.0
v 56.0 -33.0 21.0
v 56.0 -33.0 21.0
v 56.0 -33.4 22.0
v 55.5 -33.0 22.0
v 56.0 -33.6 23.0
v 56.0 -33.8 26.0
v 56.0 -33.6 27.0
v 56.0 -33.5 28.0
v 56.0 -33.3 29.0
v 56.0 -33.0 29.4
v 56.0 -33.0 37.8
v 56.0 -33.1 38.0
v 55.1 -33.0 39.0
v 56.0 -33.0 38.2
v 55.5 -32.0 21.0
v 56.0 -33.0 21.0
v 56.0 -32.0 21.3
v 56.0 -32.6 30.0
v 56.0 -32.4 31.0
v 56.0 -32.0 31.7
v 56.0 -32.0 32.4
v 56.0 -32.3 33.0
v 56.0 -32.1 34.0
v 55.7 -32.0 34.0
v 56.0 -32.0 34.2
v 56.0 -32.0 36.5
v 56.0 -32.5 37.0
v 56.0 -32.6 39.0
v 56.0 -32.1 40.0
v 55.8 -32.0 40.0
v 56.0 -32.0 40.1
v 55.5 -31.0 20.0
v 56.0 -31.0 20.5
v 56.0 -31.7 21.0
v 56.0 -31.8 32.0
v 56.0 -31.6 35.0
v 56.0 -31.6 36.0
v 55.4 -31.0 40.0
v 56.0 -31.1 41.0
v 55.9 -31.0 41.0
v 56.0 -31.0 41.0
v 56.0 -30.0 17.5
v 56.0 -30.4 18.0
v 56.0 -30.5 19.0
v 56.0 -30.7 20.0
v 55.4 -30.0 40.0
v 55.7 -30.0 41.0
v 56.0 -30.0 41.3
v 56.0 -29.0 16.6
v 56.0 -29.5 17.0
v 55.5 -29.0 40.0
v 55.8 -29.0 41.0
v 56.0 -29.0 41.2
v 56.0 -28.0 16.4
v 56.0 -28.0 36.0
v 56.0 -28.0 36.0
v 56.0 -28.0 36.0
v 55.5 -28.0 37.0
v 56.0 -28.2 37.0
v 55.5 -28.0 38.0
v 56.0 -28.1 38.0
v 55.7 -28.0 39.0
v 56.0 -28.0 38.4
v 56.0 -28.0 39.3
v 56.0 -28.4 40.0
v 56.0 -28.7 41.0
v 55.7 -27.0 16.0
v 56.0 -27.0 15.8
v 56.0 -27.3 16.0
v 55.1 -27.0 19.0
v 56.0 -27.0 35.4
v 56.0 -27.8 39.0
v 55.8 -26.0 16.0
v 56.0 -26.0 15.8
v 55.5 -26.0 17.0
v 55.5 -26.0 18.0
v 55.7 -26.0 19.0
v 56.0 -26.2 20.0
v 56.0 -26.0 19.7
v 55.4 -26.0 21.0
v 56.0 -26.0 20.2
v 56.0 -26.3 34.0
v 56.0 -26.0 33.7
v 56.0 -26.6 35.0
v 56.0 -25.7 16.0
v 56.0 -25.5 17.0
v 56.0 -25.5 18.0
v 56.0 -25.7 19.0
v 56.0 -25.5 21.0
v 55.6 -25.0 22.0
v 56.0 -25.0 21.6
v 56.0 -25.4 33.0
v 56.0 -25.0 32.6
v 56.0 -24.7 22.0
v 56.0 -24.5 23.0
v 56.0 -24.4 24.0
v 56.0 -24.0 24.5
v 55.4 -24.0 30.0
v 55.6 -24.0 31.0
v 56.0 -24.0 31.5
v 56.0 -24.4 32.0
v 56.0 -23.6 25.0
v 56.0 -23.5 26.0
v 56.0 -23.4 27.0
v 55.8 -23.0 28.0
v 56.0 -23.0 27.8
v 56.0 -23.0 28.3
v 56.0 -23.3 29.0
v 56.0 -23.5 30.0
v 56.0 -23.6 31.0
v 56.0 -22.9 28.0
v 57.0 -34.0 23.9
v 57.0 -34.1 24.0
v 56.6 -34.0 25.0
v 57.0 -34.0 24.2
v 56.7 -34.0 26.0
v 57.0 -34.0 25.8
v 57.0 -34.1 26.0
v 57.0 -34.1 27.0
v 56.8 -34.0 27.0
v 57.0 -34.0 27.2
v 57.0 -33.0 20.8
v 57.0 -33.2 21.0
v 57.0 -33.4 22.0
v 57.0 -33.6 23.0
v 57.0 -33.7 25.0
v 57.0 -33.6 28.0
v 56.7 -33.0 29.0
v 57.0 -33.0 28.9
v 56.2 -33.0 38.0
v 57.0 -32.8 21.0
v 57.0 -32.0 21.6
v 57.0 -32.9 29.0
v 57.0 -32.6 30.0
v 57.0 -32.3 31.0
v 57.0 -32.0 31.4
v 57.0 -32.0 32.9
v 57.0 -32.1 33.0
v 56.3 -32.0 34.0
v 57.0 -32.0 33.1
v 57.0 -32.0 36.6
v 57.0 -32.3 37.0
v 57.0 -32.5 38.0
v 57.0 -32.3 39.0
v 56.3 -32.0 40.0
v 57.0 -32.0 39.6
v 56.5 -31.0 21.0
v 57.0 -31.4 22.0
v 56.8 -31.0 22.0
v 57.0 -31.0 22.7
v 57.0 -31.5 32.0
v 57.0 -31.6 34.0
v 57.0 -31.4 35.0
v 57.0 -31.6 36.0
v 57.0 -31.7 40.0
v 56.1 -31.0 41.0
v 57.0 -31.0 40.6
v 57.0 -30.0 17.4
v 57.0 -30.4 18.0
v 57.0 -30.5 19.0
v 57.0 -30.4 20.0
v 57.0 -30.6 21.0
v 57.0 -30.8 22.0
v 56.7 -30.0 31.0
v 57.0 -30.4 31.0
v 57.0 -30.0 30.6
v 56.8 -30.0 32.0
v 57.0 -30.4 32.0
v 57.0 -30.0 32.2
v 57.0 -30.5 41.0
v 57.0 -30.0 41.3
v 57.0 -29.0 16.6
v 57.0 -29.6 17.0
v 56.7 -29.0 30.0
v 57.0 -29.4 30.0
v 57.0 -29.0 29.7
v 56.6 -29.0 31.0
v 56.8 -29.0 32.0
v 57.0 -29.0 32.2
v 57.0 -29.0 41.5
v 57.0 -28.0 16.3
v 56.8 -28.0 30.0
v 57.0 -28.0 29.8
v 56.9 -28.0 31.0
v 57.0 -28.0 31.1
v 57.0 -28.8 32.0
v 56.0 -28.0 36.0
v 56.3 -28.0 37.0
v 56.2 -28.0 38.0
v 56.4 -28.0 40.0
v 56.7 -28.0 41.0
v 57.0 -28.0 41.2
v 57.0 -27.0 15.6
v 57.0 -27.6 16.0
v 57.0 -27.8 30.0
v 57.0 -27.9 31.0
v 57.0 -27.3 36.0
v 57.0 -27.0 35.7
v 57.0 -27.5 37.0
v 57.0 -27.5 38.0
v 57.0 -27.4 39.0
v 57.0 -27.6 40.0
v 57.0 -27.8 41.0
v 57.0 -26.0 15.5
v 56.2 -26.0 20.0
v 56.4 -26.0 34.0
v 57.0 -26.0 34.5
v 57.0 -26.4 35.0
v 56.7 -25.0 16.0
v 57.0 -25.0 15.8
v 56.5 -25.0 17.0
v 56.5 -25.0 18.0
v 56.7 -25.0 19.0
v 57.0 -25.0 19.6
v 57.0 -25.2 20.0
v 56.6 -25.0 21.0
v 57.0 -25.0 20.4
v 56.4 -25.0 33.0
v 57.0 -25.0 33.5
v 57.0 -25.5 34.0
v 57.0 -24.8 16.0
v 57.0 -24.6 17.0
v 57.0 -24.6 18.0
v 57.0 -24.7 19.0
v 57.0 -24.7 21.0
v 57.0 -24.5 22.0
v 57.0 -24.5 23.0
v 57.0 -24.4 24.0
v 57.0 -24.0 24.6
v 56.5 -24.0 32.0
v 57.0 -24.0 32.5
v 57.0 -24.5 33.0
v 57.0 -23.7 25.0
v 57.0 -23.5 26.0
v 57.0 -23.4 27.0
v 57.0 -23.0 27.5
v 56.4 -23.0 29.0
v 56.5 -23.0 30.0
v 56.7 -23.0 31.0
v 57.0 -23.0 31.3
v 57.0 -23.6 32.0
v 57.0 -22.6 28.0
v 57.0 -22.6 29.0
v 57.0 -22.5 30.0
v 57.0 -22.7 31.0
v 57.1 -34.0 24.0
v 57.1 -34.0 26.0
v 57.2 -34.0 27.0
v 57.7 -33.0 21.0
v 57.5 -33.0 22.0
v 58.0 -33.0 22.8
v 58.0 -33.1 23.0
v 57.7 -33.0 24.0
v 58.0 -33.0 23.3
v 57.5 -33.0 25.0
v 57.7 -33.0 26.0
v 58.0 -33.0 26.3
v 58.0 -33.6 27.0
v 58.0 -33.9 28.0
v 58.0 -33.4 29.0
v 57.2 -33.0 29.0
v 58.0 -33.0 30.0
v 58.0 -33.0 30.0
v 58.0 -33.0 30.0
v 57.4 -32.0 22.0
v 58.0 -32.0 22.6
v 58.0 -32.6 24.0
v 58.0 -32.2 25.0
v 58.0 -32.7 26.0
v 58.0 -32.0 30.4
v 57.3 -32.0 31.0
v 57.1 -32.0 33.0
v 57.3 -32.0 37.0
v 57.5 -32.0 38.0
v 57.5 -32.0 39.0
v 57.3 -31.0 23.0
v 58.0 -31.3 23.0
v 58.0 -31.0 23.2
v 57.5 -31.0 31.0
v 58.0 -31.0 30.4
v 57.3 -31.0 32.0
v 57.5 -31.0 33.0
v 57.5 -31.0 34.0
v 57.6 -31.0 35.0
v 58.0 -31.0 35.5
v 58.0 -31.3 36.0
v 58.0 -31.5 37.0
v 58.0 -31.5 38.0
v 58.0 -31.7 39.0
v 58.0 -31.9 40.0
v 58.0 -31.0 40.6
v 58.0 -30.0 17.0
v 58.0 -30.0 17.0
v 58.0 -30.0 17.0
v 58.0 -30.3 18.0
v 58.0 -30.3 19.0
v 57.8 -30.0 20.0
v 58.0 -30.0 19.7
v 58.0 -30.0 20.2
v 58.0 -30.4 21.0
v 58.0 -30.5 22.0
v 58.0 -30.8 23.0
v 57.8 -30.0 29.0
v 58.0 -30.2 29.0
v 58.0 -30.0 28.8
v 57.4 -30.0 30.0
v 58.0 -30.7 30.0
v 58.0 -30.4 33.0
v 58.0 -30.0 32.7
v 58.0 -30.6 34.0
v 58.0 -30.7 35.0
v 57.8 -30.0 41.0
v 58.0 -30.0 40.9
v 58.0 -29.0 16.5
v 58.0 -29.9 20.0
v 57.6 -29.0 29.0
v 58.0 -29.0 28.6
v 58.0 -29.0 32.4
v 58.0 -29.8 41.0
v 58.0 -29.0 41.4
v 57.5 -28.0 16.0
v 58.0 -28.0 15.7
v 58.0 -28.3 16.0
v 57.7 -28.0 29.0
v 58.0 -28.0 28.8
v 57.3 -28.0 31.0
v 58.0 -28.0 30.8
v 58.0 -28.2 31.0
v 58.0 -28.6 32.0
v 58.0 -28.0 41.3
v 58.0 -27.0 15.5
v 58.0 -27.7 29.0
v 58.0 -27.5 30.0
v 57.3 -27.0 36.0
v 57.5 -27.0 37.0
v 57.5 -27.0 38.0
v 57.7 -27.0 39.0
v 58.0 -27.0 39.4
v 58.0 -27.4 40.0
v 58.0 -27.7 41.0
v 58.0 -26.0 15.5
v 57.5 -26.0 35.0
v 58.0 -26.0 35.6
v 58.0 -26.4 36.0
v 58.0 -26.5 37.0
v 58.0 -26.5 38.0
v 58.0 -26.7 39.0
v 58.0 -25.0 15.7
v 57.3 -25.0 20.0
v 57.4 -25.0 34.0
v 58.0 -25.0 34.6
v 58.0 -25.5 35.0
v 58.0 -24.7 16.0
v 58.0 -24.5 17.0
v 58.0 -24.5 18.0
v 58.0 -24.5 19.0
v 58.0 -24.6 20.0
v 58.0 -24.5 21.0
v 58.0 -24.5 22.0
v 58.0 -24.5 23.0
v 58.0 -24.5 24.0
v 57.5 -24.0 25.0
v 58.0 -24.3 25.0
v 58.0 -24.0 25.4
v 57.4 -24.0 33.0
v 57.8 -24.0 34.0
v 58.0 -24.0 34.2
v 58.0 -23.6 26.0
v 58.0 -23.4 27.0
v 58.0 -23.0 27.5
v 58.0 -23.3 32.0
v 58.0 -23.0 31.6
v 58.0 -23.6 33.0
v 58.0 -23.8 34.0
v 58.0 -22.6 28.0
v 58.0 -22.4 29.0
v 58.0 -22.1 30.0
v 58.0 -22.5 31.0
v 58.1 -33.0 23.0
v 59.0 -33.0 26.5
v 59.0 -33.4 27.0
v 59.0 -33.5 28.0
v 59.0 -33.2 29.0
v 58.0 -33.0 30.0
v 59.0 -33.0 29.3
v 59.0 -32.0 23.0
v 59.0 -32.0 23.0
v 59.0 -32.3 24.0
v 59.0 -32.3 25.0
v 59.0 -32.6 26.0
v 58.5 -32.0 30.0
v 59.0 -32.0 29.5
v 59.0 -31.9 23.0
v 59.0 -31.0 23.3
v 58.3 -31.0 30.0
v 59.0 -31.0 29.3
v 58.4 -31.0 36.0
v 58.5 -31.0 37.0
v 58.8 -31.0 38.0
v 59.0 -31.0 38.2
v 59.0 -31.4 39.0
v 59.0 -31.4 40.0
v 59.0 -31.0 41.0
v 59.0 -31.0 41.0
v 59.0 -31.0 41.0
v 58.0 -30.0 17.0
v 58.4 -30.0 18.0
v 58.4 -30.0 19.0
v 59.0 -30.0 20.9
v 59.0 -30.1 21.0
v 58.8 -30.0 22.0
v 59.0 -30.0 21.4
v 59.0 -30.0 22.2
v 59.0 -30.7 23.0
v 59.0 -30.6 29.0
v 59.0 -30.0 28.6
v 58.4 -30.0 33.0
v 59.0 -30.0 33.5
v 59.0 -30.4 34.0
v 59.0 -30.5 35.0
v 59.0 -30.6 36.0
v 59.0 -30.6 37.0
v 59.0 -30.9 38.0
v 58.2 -30.0 41.0
v 59.0 -30.0 41.4
v 58.7 -29.0 17.0
v 59.0 -29.0 17.3
v 59.0 -29.5 18.0
v 59.0 -29.6 19.0
v 59.0 -29.6 20.0
v 59.0 -29.9 22.0
v 59.0 -29.0 28.5
v 59.0 -29.0 32.6
v 59.0 -29.5 33.0
v 59.0 -29.0 41.5
v 59.0 -28.0 15.8
v 59.0 -28.3 16.0
v 59.0 -28.7 17.0
v 59.0 -28.0 28.4
v 58.3 -28.0 31.0
v 59.0 -28.0 31.4
v 59.0 -28.5 32.0
v 59.0 -28.0 41.3
v 59.0 -27.0 15.5
v 58.7 -27.0 29.0
v 59.0 -27.0 28.7
v 58.6 -27.0 30.0
v 59.0 -27.0 30.3
v 59.0 -27.6 31.0
v 59.0 -27.4 40.0
v 59.0 -27.0 39.5
v 59.0 -27.7 41.0
v 59.0 -26.0 15.4
v 59.0 -26.7 29.0
v 59.0 -26.7 30.0
v 58.4 -26.0 36.0
v 58.5 -26.0 37.0
v 58.7 -26.0 38.0
v 59.0 -26.0 38.3
v 59.0 -26.5 39.0
v 59.0 -25.0 15.6
v 58.5 -25.0 35.0
v 59.0 -25.0 35.4
v 59.0 -25.5 36.0
v 59.0 -25.6 37.0
v 59.0 -25.8 38.0
v 59.0 -24.6 16.0
v 59.0 -24.5 17.0
v 59.0 -24.5 18.0
v 59.0 -24.5 19.0
v 59.0 -24.4 20.0
v 59.0 -24.4 21.0
v 59.0 -24.4 22.0
v 59.0 -24.5 23.0
v 59.0 -24.5 24.0
v 59.0 -24.4 25.0
v 59.0 -24.0 25.5
v 59.0 -24.6 35.0
v 59.0 -24.0 34.4
v 59.0 -23.6 26.0
v 59.0 -23.4 27.0
v 59.0 -23.0 27.5
v 58.5 -23.0 32.0
v 59.0 -23.0 32.4
v 59.0 -23.4 33.0
v 59.0 -23.6 34.0
v 59.0 -22.6 28.0
v 59.0 -22.5 29.0
v 59.0 -22.4 30.0
v 59.0 -22.5 31.0
v 59.0 -22.7 32.0
v 60.0 -33.0 26.8
v 60.0 -33.1 27.0
v 59.6 -33.0 28.0
v 60.0 -33.0 27.2
v 59.2 -33.0 29.0
v 59.0 -32.0 23.0
v 59.4 -32.0 24.0
v 59.6 -32.0 25.0
v 60.0 -32.0 25.3
v 60.0 -32.5 26.0
v 60.0 -32.5 28.0
v 60.0 -32.0 28.4
v 59.5 -32.0 29.0
v 60.0 -31.4 24.0
v 60.0 -31.0 23.6
v 60.0 -31.7 25.0
v 59.4 -31.0 29.0
v 60.0 -31.0 28.6
v 59.7 -31.0 38.0
v 60.0 -31.0 37.9
v 60.0 -31.1 38.0
v 60.0 -31.2 39.0
v 59.6 -31.0 40.0
v 60.0 -31.0 39.4
v 59.0 -31.0 41.0
v 59.1 -30.0 21.0
v 60.0 -30.0 22.6
v 60.0 -30.4 23.0
v 60.0 -30.0 28.5
v 60.0 -30.0 33.8
v 60.0 -30.2 34.0
v 60.0 -30.4 35.0
v 60.0 -30.4 36.0
v 60.0 -30.5 37.0
v 60.0 -30.6 40.0
v 60.0 -30.3 41.0
v 60.0 -30.0 41.2
v 60.0 -29.0 17.4
v 60.0 -29.4 18.0
v 60.0 -29.5 19.0
v 60.0 -29.3 20.0
v 59.9 -29.0 21.0
v 60.0 -29.0 20.8
v 60.0 -29.5 22.0
v 60.0 -29.0 21.1
v 60.0 -29.0 28.4
v 59.7 -29.0 33.0
v 60.0 -29.0 33.2
v 60.0 -29.0 41.3
v 59.6 -28.0 16.0
v 60.0 -28.0 16.2
v 60.0 -28.6 17.0
v 60.0 -28.9 21.0
v 59.8 -28.0 28.0
v 60.0 -28.2 28.0
v 60.0 -28.0 27.9
v 60.0 -28.0 31.7
v 60.0 -28.3 32.0
v 60.0 -28.8 33.0
v 60.0 -28.0 41.2
v 60.0 -27.0 15.4
v 60.0 -27.8 16.0
v 60.0 -27.8 28.0
v 60.0 -27.0 28.3
v 60.0 -27.0 30.7
v 60.0 -27.3 31.0
v 60.0 -27.3 40.0
v 60.0 -27.0 39.6
v 60.0 -27.8 41.0
v 60.0 -26.0 15.1
v 59.7 -26.0 29.0
v 60.0 -26.0 28.8
v 59.7 -26.0 30.0
v 60.0 -26.0 30.2
v 60.0 -26.5 39.0
v 60.0 -26.0 38.5
v 60.0 -25.0 15.6
v 60.0 -25.8 29.0
v 60.0 -25.8 30.0
v 60.0 -25.2 36.0
v 60.0 -25.0 35.7
v 60.0 -25.4 37.0
v 60.0 -25.6 38.0
v 60.0 -24.6 16.0
v 60.0 -24.5 17.0
v 60.0 -24.5 18.0
v 60.0 -24.3 19.0
v 59.6 -24.0 20.0
v 60.0 -24.0 19.5
v 59.5 -24.0 21.0
v 59.6 -24.0 22.0
v 60.0 -24.0 22.5
v 60.0 -24.3 23.0
v 60.0 -24.5 24.0
v 60.0 -24.4 25.0
v 60.0 -24.0 25.5
v 60.0 -24.3 35.0
v 60.0 -24.0 34.6
v 60.0 -23.7 20.0
v 60.0 -23.6 21.0
v 60.0 -23.7 22.0
v 60.0 -23.6 26.0
v 60.0 -23.3 27.0
v 60.0 -23.0 27.4
v 60.0 -23.4 33.0
v 60.0 -23.0 32.3
v 60.0 -23.6 34.0
v 60.0 -22.6 28.0
v 60.0 -22.5 29.0
v 60.0 -22.5 30.0
v 60.0 -22.6 31.0
v 60.0 -22.8 32.0
v 60.1 -33.0 27.0
v 61.0 -32.0 25.6
v 61.0 -32.4 26.0
v 61.0 -32.3 27.0
v 60.5 -32.0 28.0
v 61.0 -32.0 27.4
v 60.5 -31.0 24.0
v 61.0 -31.0 24.5
v 61.0 -31.4 25.0
v 61.0 -31.4 28.0
v 61.0 -31.0 28.2
v 60.1 -31.0 38.0
v 60.2 -31.0 39.0
v 60.5 -30.0 23.0
v 61.0 -30.0 23.3
v 61.0 -30.6 24.0
v 61.0 -30.0 28.4
v 60.2 -30.0 34.0
v 60.4 -30.0 35.0
v 60.4 -30.0 36.0
v 60.5 -30.0 37.0
v 60.6 -30.0 38.0
v 60.6 -30.0 39.0
v 60.4 -30.0 40.0
v 60.2 -30.0 41.0
v 60.8 -29.0 17.0
v 61.0 -29.0 16.9
v 61.0 -29.1 17.0
v 61.0 -29.3 18.0
v 61.0 -29.2 19.0
v 60.5 -29.0 20.0
v 61.0 -29.0 19.4
v 61.0 -29.0 21.5
v 61.0 -29.4 22.0
v 61.0 -29.7 23.0
v 61.0 -29.0 28.3
v 60.8 -29.0 34.0
v 61.0 -29.0 34.5
v 61.0 -29.3 35.0
v 61.0 -29.0 35.7
v 60.9 -29.0 36.0
v 61.0 -29.0 36.2
v 61.0 -29.4 37.0
v 61.0 -29.5 38.0
v 61.0 -29.4 39.0
v 61.0 -29.0 39.5
v 60.7 -29.0 40.0
v 60.4 -29.0 41.0
v 60.4 -28.0 16.0
v 61.0 -28.0 15.6
v 61.0 -28.3 16.0
v 61.0 -28.6 20.0
v 61.0 -28.6 21.0
v 61.0 -28.6 28.0
v 61.0 -28.0 27.6
v 60.4 -28.0 32.0
v 61.0 -28.0 32.5
v 61.0 -28.8 33.0
v 61.0 -28.8 34.0
v 61.0 -28.9 36.0
v 61.0 -28.4 40.0
v 61.0 -28.0 40.3
v 60.3 -28.0 41.0
v 60.8 -27.0 15.0
v 61.0 -27.0 14.9
v 61.0 -27.1 15.0
v 60.5 -27.0 28.0
v 61.0 -27.0 27.7
v 60.4 -27.0 31.0
v 61.0 -27.0 31.6
v 61.0 -27.5 32.0
v 61.0 -27.0 40.0
v 61.0 -27.0 40.0
v 61.0 -26.8 15.0
v 61.0 -26.0 15.4
v 61.0 -26.5 28.0
v 61.0 -26.0 28.4
v 61.0 -26.0 30.8
v 61.0 -26.2 31.0
v 61.0 -26.6 39.0
v 61.0 -26.0 38.5
v 61.0 -27.0 40.0
v 61.0 -25.0 15.8
v 61.0 -25.6 29.0
v 61.0 -25.4 30.0
v 60.2 -25.0 36.0
v 60.6 -25.0 37.0
v 61.0 -25.0 37.4
v 61.0 -25.6 38.0
v 61.0 -24.8 16.0
v 61.0 -24.6 17.0
v 61.0 -24.4 18.0
v 60.6 -24.0 19.0
v 61.0 -24.0 18.7
v 60.5 -24.0 23.0
v 61.0 -24.0 23.4
v 61.0 -24.4 24.0
v 61.0 -24.3 25.0
v 61.0 -24.0 25.4
v 60.4 -24.0 35.0
v 60.8 -24.0 36.0
v 61.0 -24.0 36.3
v 61.0 -24.7 37.0
v 61.0 -23.8 19.0
v 61.0 -23.1 20.0
v 61.0 -23.4 21.0
v 61.0 -23.5 22.0
v 61.0 -23.7 23.0
v 61.0 -23.5 26.0
v 60.5 -23.0 27.0
v 61.0 -23.0 26.6
v 60.6 -23.0 31.0
v 61.0 -23.4 31.0
v 61.0 -23.0 30.4
v 60.3 -23.0 32.0
v 61.0 -23.5 32.0
v 61.0 -23.4 33.0
v 61.0 -23.4 34.0
v 61.0 -23.6 35.0
v 61.0 -23.8 36.0
v 61.0 -22.7 27.0
v 61.0 -22.5 28.0
v 61.0 -22.6 29.0
v 61.0 -22.7 30.0
v 61.9 -32.0 26.0
v 61.4 -32.0 27.0
v 61.6 -31.0 25.0
v 62.0 -31.0 25.5
v 62.0 -31.9 26.0
v 62.0 -31.0 26.5
v 61.7 -31.0 27.0
v 61.3 -31.0 28.0
v 62.0 -30.0 23.6
v 62.0 -30.3 24.0
v 62.0 -30.7 25.0
v 62.0 -30.5 27.0
v 62.0 -30.0 27.4
v 61.4 -30.0 28.0
v 61.2 -29.0 17.0
v 61.4 -29.0 18.0
v 61.3 -29.0 19.0
v 62.0 -29.0 21.7
v 62.0 -29.2 22.0
v 62.0 -29.5 23.0
v 61.3 -29.0 28.0
v 62.0 -29.0 27.5
v 61.2 -29.0 35.0
v 61.3 -29.0 37.0
v 61.4 -29.0 38.0
v 61.3 -29.0 39.0
v 62.0 -28.0 15.7
v 62.0 -28.3 16.0
v 62.0 -28.6 17.0
v 62.0 -28.5 18.0
v 62.0 -28.0 18.7
v 61.8 -28.0 19.0
v 61.7 -28.0 20.0
v 62.0 -28.0 20.4
v 62.0 -28.4 21.0
v 62.0 -28.0 27.5
v 61.4 -28.0 33.0
v 61.6 -28.0 34.0
v 62.0 -28.0 34.6
v 62.0 -28.3 35.0
v 62.0 -28.3 36.0
v 61.7 -28.0 37.0
v 62.0 -28.0 36.4
v 61.5 -28.0 38.0
v 61.5 -28.0 39.0
v 61.2 -28.0 40.0
v 61.8 -27.0 15.0
v 62.0 -27.0 15.1
v 62.0 -27.8 19.0
v 62.0 -27.7 20.0
v 62.0 -27.0 27.4
v 61.3 -27.0 32.0
v 61.6 -27.0 33.0
v 62.0 -27.0 33.6
v 62.0 -27.4 34.0
v 62.0 -27.5 37.0
v 62.0 -27.0 37.5
v 61.7 -27.0 38.0
v 61.4 -27.0 39.0
v 61.0 -27.0 40.0
v 61.6 -26.0 16.0
v 62.0 -26.4 16.0
v 62.0 -26.0 16.5
v 61.6 -26.0 28.0
v 62.0 -26.0 27.7
v 61.1 -26.0 31.0
v 61.5 -26.0 32.0
v 61.7 -26.0 33.0
v 62.0 -26.0 33.4
v 62.0 -26.1 38.0
v 62.0 -26.0 38.1
v 61.2 -25.0 16.0
v 62.0 -25.5 17.0
v 61.5 -25.0 17.0
v 62.0 -25.0 17.6
v 62.0 -25.7 28.0
v 62.0 -25.3 29.0
v 61.4 -25.0 30.0
v 62.0 -25.0 29.3
v 61.1 -25.0 31.0
v 61.5 -25.0 32.0
v 62.0 -25.0 32.6
v 62.0 -25.5 33.0
v 62.0 -25.9 38.0
v 62.0 -25.0 37.3
v 62.0 -24.7 18.0
v 61.4 -24.0 19.0
v 62.0 -24.3 19.0
v 62.0 -24.0 19.4
v 62.0 -24.3 24.0
v 62.0 -24.0 23.4
v 61.7 -24.0 25.0
v 62.0 -24.0 24.7
v 61.7 -24.0 30.0
v 62.0 -24.0 29.5
v 61.8 -24.0 31.0
v 61.6 -24.0 32.0
v 62.0 -24.0 32.5
v 62.0 -24.7 37.0
v 62.0 -24.0 36.4
v 62.0 -23.5 20.0
v 62.0 -23.5 21.0
v 62.0 -23.6 22.0
v 62.0 -23.7 23.0
v 62.0 -23.8 25.0
v 62.0 -23.4 26.0
v 62.0 -23.0 26.6
v 61.6 -23.0 29.0
v 62.0 -23.5 29.0
v 62.0 -23.0 28.6
v 61.3 -23.0 30.0
v 62.0 -23.1 33.0
v 62.0 -23.0 34.0
v 62.0 -23.0 33.6
v 62.0 -23.0 34.0
v 62.0 -23.5 35.0
v 62.0 -23.6 36.0
v 62.0 -22.7 27.0
v 62.0 -22.6 28.0
v 62.0 -23.0 34.0
v 62.4 -31.0 26.0
v 62.4 -30.0 24.0
v 63.0 -30.0 24.6
v 63.0 -30.3 25.0
v 63.0 -30.3 26.0
v 62.4 -30.0 27.0
v 63.0 -30.0 26.3
v 62.3 -29.0 22.0
v 62.6 -29.0 23.0
v 63.0 -29.0 23.4
v 63.0 -29.6 24.0
v 62.6 -29.0 27.0
v 63.0 -29.0 26.6
v 62.3 -28.0 16.0
v 63.0 -28.0 16.8
v 63.0 -28.2 17.0
v 63.0 -28.1 18.0
v 63.0 -28.0 18.1
v 62.5 -28.0 21.0
v 63.0 -28.0 21.5
v 63.0 -28.4 22.0
v 63.0 -28.6 23.0
v 63.0 -28.2 27.0
v 63.0 -28.0 27.1
v 62.3 -28.0 35.0
v 62.2 -28.0 36.0
v 62.5 -27.0 16.0
v 63.0 -27.0 16.8
v 62.9 -27.0 18.0
v 63.0 -27.7 18.0
v 63.0 -27.0 17.5
v 63.0 -27.0 18.2
v 63.0 -27.4 19.0
v 63.0 -27.4 20.0
v 63.0 -27.7 21.0
v 62.7 -27.0 27.0
v 63.0 -27.7 27.0
v 63.0 -27.0 26.7
v 62.3 -27.0 34.0
v 62.5 -27.0 35.0
v 62.5 -27.0 36.0
v 62.3 -27.0 37.0
v 62.4 -26.0 17.0
v 63.0 -26.9 17.0
v 62.7 -26.0 18.0
v 63.0 -26.0 18.4
v 63.0 -26.6 27.0
v 63.0 -26.0 27.3
v 62.4 -26.0 34.0
v 62.6 -26.0 35.0
v 62.6 -26.0 36.0
v 62.5 -26.0 37.0
v 62.1 -26.0 38.0
v 62.3 -25.0 18.0
v 63.0 -25.0 18.6
v 63.0 -25.3 28.0
v 62.3 -25.0 29.0
v 63.0 -25.0 28.3
v 62.3 -25.0 33.0
v 62.6 -25.0 34.0
v 63.0 -25.0 34.7
v 63.0 -25.3 35.0
v 63.0 -25.3 36.0
v 63.0 -25.0 36.3
v 62.3 -25.0 37.0
v 63.0 -24.6 19.0
v 63.0 -24.0 19.7
v 62.6 -24.0 22.0
v 63.0 -24.3 22.0
v 63.0 -24.0 21.5
v 62.3 -24.0 23.0
v 63.0 -24.4 23.0
v 63.0 -24.5 24.0
v 62.3 -24.0 25.0
v 63.0 -24.4 25.0
v 63.0 -24.0 25.6
v 62.4 -24.0 29.0
v 63.0 -24.0 28.4
v 62.3 -24.0 33.0
v 62.6 -24.0 34.0
v 63.0 -24.0 34.7
v 63.0 -24.0 36.2
v 63.0 -23.8 20.0
v 63.0 -23.7 21.0
v 63.0 -23.7 26.0
v 62.4 -23.0 27.0
v 63.0 -23.5 27.0
v 63.0 -23.0 28.0
v 63.0 -23.0 28.0
v 62.0 -23.0 34.0
v 63.0 -23.8 35.0
v 63.0 -23.8 36.0
v 63.0 -23.0 28.0
v 63.3 -30.0 25.0
v 63.2 -30.0 26.0
v 64.0 -29.0 24.0
v 64.0 -29.0 24.2
v 64.0 -29.1 25.0
v 64.0 -29.0 25.1
v 63.5 -29.0 26.0
v 63.2 -28.0 17.0
v 63.1 -28.0 18.0
v 63.4 -28.0 22.0
v 63.5 -28.0 23.0
v 63.6 -28.0 24.0
v 64.0 -28.9 25.0
v 63.6 -28.0 25.0
v 63.5 -28.0 26.0
v 63.1 -28.0 27.0
v 63.1 -27.0 17.0
v 64.0 -27.0 19.0
v 63.6 -27.0 20.0
v 64.0 -27.0 20.6
v 64.0 -27.2 21.0
v 64.0 -27.4 22.0
v 64.0 -27.2 23.0
v 64.0 -27.0 23.3
v 63.7 -27.0 24.0
v 63.5 -27.0 25.0
v 63.4 -27.0 26.0
v 64.0 -26.0 18.9
v 64.0 -26.7 19.0
v 64.0 -26.0 19.3
v 63.9 -26.0 20.0
v 64.0 -26.0 20.2
v 64.0 -26.0 23.0
v 64.0 -26.0 23.0
v 64.0 -26.0 23.0
v 64.0 -26.1 24.0
v 64.0 -26.0 23.1
v 64.0 -26.0 24.1
v 63.7 -26.0 25.0
v 63.5 -26.0 26.0
v 63.3 -26.0 27.0
v 64.0 -25.9 19.0
v 63.4 -25.0 19.0
v 64.0 -25.0 19.8
v 64.0 -25.5 20.0
v 64.0 -26.0 23.0
v 64.0 -25.0 23.2
v 63.6 -25.0 24.0
v 64.0 -25.9 24.0
v 63.9 -25.0 25.0
v 63.6 -25.0 26.0
v 63.5 -25.0 27.0
v 63.2 -25.0 28.0
v 63.2 -25.0 35.0
v 63.2 -25.0 36.0
v 63.3 -24.0 20.0
v 64.0 -24.8 20.0
v 63.4 -24.0 21.0
v 64.0 -24.6 21.0
v 64.0 -24.7 22.0
v 64.0 -24.9 23.0
v 63.3 -24.0 26.0
v 63.4 -24.0 27.0
v 63.3 -24.0 28.0
v 63.2 -24.0 35.0
v 63.2 -24.0 36.0
v 63.0 -23.0 28.0
v 64.1 -29.0 25.0
v 64.2 -27.0 21.0
v 64.3 -27.0 22.0
v 64.2 -27.0 23.0
v 64.1 -26.0 19.0
v 64.4 -26.0 21.0
v 64.4 -26.0 22.0
v 64.0 -26.0 24.0
v 64.1 -25.0 20.0
v 64.3 -25.0 21.0
v 64.3 -25.0 22.0
v 64.1 -25.0 23.0
f 3 2 1
f 1 4 3
f 1 2 5
f 5 2 6
f 4 1 7
f 1 8 7
f 1 5 8
f 8 9 7
f 12 11 10
f 12 10 6
f 10 5 6
f 10 13 5
f 15 8 14
f 8 13 14
f 8 5 13
f 8 15 9
f 11 16 10
f 10 16 13
f 13 16 17
f 13 17 14
f 19 18 3
f 3 18 2
f 21 20 4
f 20 3 4
f 20 19 3
f 21 22 20
f 25 24 23
f 18 25 23
f 6 18 23
f 2 18 6
f 7 21 4
f 27 26 9
f 9 26 7
f 26 22 7
f 22 21 7
f 27 28 26
f 23 24 12
f 24 11 12
f 24 29 11
f 23 12 6
f 14 30 15
f 27 9 15
f 30 27 15
f 31 27 30
f 28 27 32
f 27 33 32
f 27 31 33
f 33 34 32
f 29 35 11
f 11 35 16
f 16 36 17
f 35 36 16
f 17 36 14
f 36 37 14
f 37 30 14
f 37 36 38
f 30 39 31
f 30 37 39
f 31 40 33
f 31 39 40
f 34 33 41
f 41 33 40
f 38 42 37
f 37 42 39
f 39 42 43
f 39 43 40
f 40 43 44
f 40 44 41
f 46 45 19
f 19 45 18
f 47 19 20
f 47 46 19
f 20 22 47
f 47 22 48
f 49 24 25
f 50 49 25
f 18 50 25
f 45 50 18
f 51 48 22
f 51 22 26
f 26 28 51
f 51 28 52
f 54 53 49
f 53 24 49
f 53 29 24
f 54 49 50
f 55 52 28
f 55 28 32
f 32 34 55
f 55 34 56
f 53 57 29
f 29 57 35
f 57 59 58
f 36 57 58
f 35 57 36
f 58 38 36
f 41 56 34
f 41 60 56
f 59 61 58
f 58 61 38
f 61 42 38
f 61 62 42
f 62 64 63
f 43 62 63
f 42 62 43
f 43 63 65
f 66 43 65
f 44 43 66
f 41 44 60
f 60 44 66
f 64 67 63
f 63 67 65
f 70 69 68
f 68 71 70
f 74 73 72
f 74 72 69
f 72 68 69
f 72 75 68
f 71 68 76
f 68 77 76
f 68 75 77
f 77 78 76
f 72 73 79
f 79 73 80
f 79 45 46
f 75 79 46
f 72 79 75
f 75 46 47
f 75 47 77
f 82 81 48
f 48 81 47
f 81 78 47
f 78 77 47
f 82 83 81
f 79 80 84
f 84 80 85
f 84 50 45
f 84 45 79
f 51 82 48
f 87 86 52
f 52 86 51
f 86 83 51
f 83 82 51
f 87 88 86
f 84 85 54
f 85 53 54
f 85 89 53
f 84 54 50
f 55 87 52
f 55 56 87
f 56 88 87
f 56 90 88
f 57 53 91
f 53 92 91
f 53 89 92
f 91 59 57
f 60 90 56
f 60 93 90
f 92 94 91
f 94 96 95
f 94 95 61
f 91 94 61
f 59 91 61
f 97 62 61
f 97 61 95
f 97 64 62
f 99 98 66
f 99 66 65
f 60 66 93
f 93 66 98
f 96 100 95
f 95 100 97
f 97 100 101
f 97 101 64
f 101 67 64
f 101 102 67
f 65 67 99
f 99 67 102
f 105 104 103
f 107 106 103
f 103 106 105
f 109 108 107
f 107 108 106
f 109 110 108
f 103 104 111
f 111 104 112
f 103 113 107
f 103 111 113
f 113 69 70
f 109 113 70
f 107 113 109
f 115 114 71
f 71 114 70
f 114 110 70
f 110 109 70
f 117 116 115
f 115 116 114
f 117 118 116
f 111 112 119
f 119 112 120
f 119 73 74
f 113 119 74
f 111 119 113
f 113 74 69
f 76 115 71
f 115 76 78
f 121 115 78
f 117 115 121
f 118 117 122
f 122 117 121
f 120 123 119
f 73 119 123
f 124 73 123
f 80 73 124
f 81 121 78
f 81 83 121
f 83 122 121
f 83 125 122
f 124 85 80
f 126 85 124
f 83 86 127
f 128 83 127
f 125 83 128
f 88 127 86
f 126 89 85
f 129 89 126
f 130 128 127
f 127 88 130
f 88 131 130
f 88 90 131
f 134 133 132
f 129 134 132
f 92 129 132
f 89 129 92
f 93 131 90
f 93 135 131
f 133 136 132
f 132 136 92
f 136 94 92
f 136 137 94
f 96 94 137
f 96 137 138
f 140 139 98
f 140 98 99
f 93 98 135
f 135 98 139
f 138 141 96
f 96 141 100
f 100 142 101
f 141 142 100
f 101 143 102
f 142 143 101
f 99 102 140
f 140 102 143
f 146 145 144
f 148 147 144
f 144 147 146
f 148 149 147
f 144 145 105
f 145 104 105
f 145 150 104
f 144 105 106
f 144 106 148
f 151 149 148
f 106 151 148
f 108 151 106
f 108 110 151
f 151 110 152
f 155 154 153
f 150 155 153
f 112 150 153
f 104 150 112
f 156 152 110
f 156 110 114
f 157 114 116
f 157 156 114
f 116 118 157
f 157 118 158
f 153 154 159
f 159 154 160
f 159 120 112
f 159 112 153
f 122 162 161
f 158 122 161
f 118 122 158
f 162 163 161
f 159 160 164
f 164 160 165
f 166 123 120
f 159 166 120
f 164 166 159
f 166 124 123
f 168 167 162
f 122 168 162
f 125 168 122
f 162 167 163
f 165 169 164
f 171 170 169
f 170 164 169
f 170 166 164
f 170 126 124
f 170 124 166
f 128 173 172
f 168 128 172
f 125 128 168
f 173 174 172
f 170 171 175
f 175 171 176
f 175 129 126
f 175 126 170
f 130 173 128
f 130 131 173
f 131 174 173
f 131 177 174
f 175 176 134
f 176 133 134
f 176 178 133
f 175 134 129
f 135 177 131
f 135 179 177
f 136 133 180
f 133 181 180
f 133 178 181
f 182 137 136
f 182 136 180
f 182 138 137
f 140 183 139
f 183 184 139
f 184 135 139
f 184 179 135
f 180 181 185
f 185 181 186
f 188 182 187
f 182 185 187
f 182 180 185
f 182 188 138
f 188 141 138
f 188 189 141
f 141 190 142
f 189 190 141
f 142 191 143
f 190 191 142
f 143 191 140
f 191 192 140
f 192 183 140
f 192 191 193
f 184 183 194
f 194 183 192
f 186 195 185
f 185 195 187
f 193 196 192
f 192 196 194
f 198 197 146
f 146 197 145
f 199 146 147
f 199 198 146
f 201 200 149
f 200 147 149
f 200 199 147
f 201 202 200
f 197 150 145
f 203 150 197
f 151 201 149
f 205 204 152
f 152 204 151
f 204 202 151
f 202 201 151
f 207 206 205
f 205 206 204
f 207 208 206
f 210 209 155
f 155 209 154
f 155 150 203
f 155 203 210
f 156 205 152
f 205 156 157
f 205 157 207
f 212 211 158
f 158 211 157
f 211 208 157
f 208 207 157
f 212 213 211
f 216 215 214
f 209 216 214
f 160 209 214
f 154 209 160
f 161 212 158
f 218 217 163
f 163 217 161
f 217 213 161
f 213 212 161
f 218 219 217
f 214 215 220
f 220 215 221
f 220 165 160
f 220 160 214
f 168 222 167
f 222 223 167
f 167 223 163
f 223 224 163
f 224 218 163
f 218 224 219
f 221 225 220
f 225 227 226
f 225 226 169
f 220 225 169
f 165 220 169
f 226 171 169
f 172 222 168
f 172 174 222
f 174 223 222
f 174 228 223
f 227 229 226
f 171 226 229
f 230 171 229
f 176 171 230
f 177 228 174
f 177 231 228
f 230 178 176
f 232 178 230
f 179 234 233
f 231 179 233
f 177 179 231
f 234 235 233
f 232 181 178
f 236 181 232
f 238 237 234
f 179 238 234
f 184 238 179
f 234 237 235
f 236 186 181
f 239 186 236
f 187 240 188
f 241 189 188
f 241 188 240
f 242 190 189
f 242 189 241
f 243 191 190
f 243 190 242
f 243 193 191
f 194 238 184
f 194 244 238
f 239 245 186
f 186 245 195
f 187 195 240
f 195 246 240
f 195 245 246
f 240 246 241
f 241 246 247
f 241 247 242
f 242 247 248
f 242 248 243
f 243 248 249
f 243 249 193
f 249 196 193
f 249 250 196
f 194 196 244
f 244 196 250
f 251 197 198
f 199 252 198
f 198 252 251
f 252 199 253
f 199 254 253
f 199 200 254
f 256 255 202
f 255 200 202
f 255 254 200
f 258 257 256
f 256 257 255
f 258 259 257
f 260 203 251
f 251 203 197
f 252 262 261
f 260 252 261
f 251 252 260
f 262 252 253
f 204 256 202
f 256 204 206
f 256 206 258
f 206 208 258
f 208 259 258
f 208 263 259
f 265 264 210
f 210 264 209
f 210 203 260
f 266 210 260
f 265 210 266
f 266 260 261
f 267 263 208
f 267 208 211
f 269 268 213
f 268 211 213
f 268 267 211
f 269 270 268
f 272 271 216
f 216 271 215
f 216 209 264
f 216 264 272
f 217 269 213
f 274 273 219
f 219 273 217
f 273 270 217
f 270 269 217
f 274 275 273
f 271 221 215
f 276 221 271
f 223 277 224
f 274 219 224
f 277 274 224
f 278 274 277
f 275 274 279
f 279 274 278
f 282 281 280
f 280 283 225
f 276 280 225
f 221 276 225
f 280 276 282
f 283 227 225
f 228 284 277
f 228 277 223
f 286 278 285
f 278 284 285
f 278 277 284
f 278 286 279
f 281 287 280
f 289 288 287
f 288 280 287
f 288 283 280
f 290 229 227
f 283 290 227
f 288 290 283
f 290 230 229
f 231 291 284
f 231 284 228
f 285 284 292
f 292 284 291
f 289 293 288
f 295 294 293
f 294 288 293
f 294 290 288
f 294 232 230
f 294 230 290
f 233 291 231
f 233 235 291
f 235 292 291
f 235 296 292
f 295 297 294
f 232 294 297
f 298 232 297
f 236 232 298
f 300 299 237
f 300 237 238
f 235 237 296
f 296 237 299
f 298 239 236
f 301 239 298
f 244 300 238
f 244 302 300
f 301 303 239
f 239 303 245
f 245 304 246
f 303 304 245
f 246 305 247
f 304 305 246
f 247 306 248
f 305 306 247
f 306 308 307
f 249 306 307
f 248 306 249
f 309 250 249
f 309 249 307
f 309 310 250
f 310 244 250
f 310 302 244
f 308 311 307
f 307 311 309
f 309 311 312
f 309 312 310
f 314 313 254
f 254 313 253
f 315 254 255
f 315 314 254
f 316 255 257
f 316 315 255
f 257 259 316
f 316 259 317
f 319 318 262
f 262 318 261
f 262 253 313
f 262 313 319
f 263 321 320
f 317 263 320
f 259 263 317
f 321 322 320
f 324 323 265
f 265 323 264
f 325 265 266
f 325 324 265
f 266 261 318
f 266 318 325
f 267 321 263
f 326 322 321
f 267 326 321
f 268 326 267
f 328 327 270
f 327 268 270
f 327 326 268
f 328 329 327
f 331 330 272
f 272 330 271
f 272 264 323
f 272 323 331
f 273 328 270
f 333 332 275
f 275 332 273
f 332 329 273
f 329 328 273
f 333 334 332
f 337 336 335
f 330 337 335
f 276 330 335
f 271 330 276
f 339 338 333
f 275 339 333
f 279 339 275
f 333 338 334
f 342 341 340
f 342 340 336
f 336 340 335
f 340 281 335
f 281 282 335
f 335 282 276
f 285 343 286
f 343 344 286
f 344 279 286
f 344 339 279
f 341 345 340
f 345 347 346
f 345 346 287
f 340 345 287
f 281 340 287
f 346 289 287
f 292 348 343
f 292 343 285
f 344 343 349
f 349 343 348
f 347 350 346
f 350 352 351
f 350 351 293
f 346 350 293
f 289 346 293
f 351 295 293
f 355 354 353
f 356 353 354
f 358 357 348
f 292 358 348
f 296 358 292
f 348 357 349
f 352 359 351
f 359 361 360
f 359 360 297
f 351 359 297
f 295 351 297
f 298 297 360
f 364 363 362
f 364 362 355
f 353 364 355
f 365 364 353
f 353 356 366
f 353 366 365
f 368 367 299
f 368 299 300
f 296 299 358
f 358 299 367
f 361 369 360
f 298 360 301
f 369 301 360
f 301 369 370
f 363 370 369
f 370 363 364
f 371 364 365
f 370 364 371
f 365 366 372
f 365 372 371
f 302 368 300
f 302 373 368
f 370 303 301
f 303 370 304
f 304 370 371
f 372 374 371
f 374 304 371
f 374 305 304
f 374 376 375
f 306 374 375
f 305 374 306
f 375 308 306
f 310 373 302
f 310 377 373
f 376 378 375
f 375 378 308
f 378 311 308
f 378 379 311
f 311 380 312
f 379 380 311
f 310 312 377
f 377 312 380
f 382 381 314
f 314 381 313
f 383 314 315
f 383 382 314
f 384 315 316
f 384 383 315
f 386 385 317
f 385 316 317
f 385 384 316
f 388 387 386
f 386 387 385
f 388 389 387
f 391 390 319
f 319 390 318
f 319 313 381
f 319 381 391
f 320 386 317
f 386 320 322
f 392 386 322
f 388 386 392
f 389 388 393
f 388 394 393
f 388 392 394
f 394 395 393
f 396 323 324
f 396 324 397
f 324 398 397
f 324 325 398
f 325 318 390
f 325 390 398
f 326 392 322
f 392 326 327
f 392 327 394
f 400 399 329
f 329 399 327
f 399 395 327
f 395 394 327
f 400 401 399
f 402 330 331
f 403 402 331
f 403 331 323
f 404 403 323
f 396 404 323
f 404 396 397
f 332 400 329
f 332 334 400
f 334 401 400
f 334 405 401
f 406 336 337
f 330 402 337
f 402 406 337
f 402 407 406
f 402 403 408
f 402 408 407
f 339 409 338
f 409 410 338
f 410 334 338
f 410 405 334
f 412 411 342
f 342 411 341
f 342 336 406
f 413 342 406
f 412 342 413
f 413 406 407
f 413 407 414
f 414 407 408
f 344 415 409
f 344 409 339
f 410 409 416
f 416 409 415
f 411 417 341
f 341 417 345
f 347 345 417
f 347 417 418
f 349 419 415
f 349 415 344
f 416 415 420
f 420 415 419
f 418 421 347
f 347 421 350
f 352 350 421
f 352 421 422
f 425 424 423
f 354 355 423
f 424 354 423
f 426 354 424
f 356 354 426
f 356 426 427
f 429 428 357
f 429 357 358
f 349 357 419
f 357 430 419
f 357 428 430
f 419 430 420
f 422 431 352
f 352 431 359
f 361 359 431
f 361 431 432
f 425 423 362
f 363 425 362
f 433 425 363
f 362 423 355
f 427 366 356
f 434 366 427
f 436 435 367
f 436 367 368
f 358 367 429
f 429 367 435
f 432 437 361
f 361 437 369
f 363 369 433
f 433 369 437
f 434 372 366
f 438 372 434
f 373 436 368
f 373 439 436
f 438 440 372
f 372 440 374
f 376 374 440
f 376 440 441
f 444 443 442
f 443 439 442
f 439 377 442
f 439 373 377
f 441 445 376
f 376 445 378
f 378 446 379
f 445 446 378
f 442 380 444
f 380 446 444
f 380 379 446
f 380 442 377
f 449 448 447
f 451 450 447
f 447 450 449
f 453 452 451
f 451 452 450
f 453 454 452
f 455 381 382
f 383 456 382
f 382 456 455
f 456 383 457
f 383 458 457
f 383 384 458
f 385 447 448
f 458 385 448
f 384 385 458
f 447 385 387
f 447 387 451
f 451 387 389
f 459 451 389
f 453 451 459
f 454 453 460
f 453 461 460
f 453 459 461
f 461 462 460
f 464 463 391
f 391 463 390
f 391 381 455
f 465 391 455
f 464 391 465
f 465 455 456
f 465 456 466
f 466 456 457
f 393 459 389
f 459 393 395
f 467 459 395
f 461 459 467
f 462 461 468
f 468 461 467
f 470 469 398
f 398 469 397
f 398 390 463
f 398 463 470
f 399 467 395
f 399 401 467
f 401 468 467
f 401 471 468
f 472 403 404
f 473 472 404
f 397 473 404
f 469 473 397
f 405 475 474
f 471 405 474
f 401 405 471
f 475 476 474
f 479 478 477
f 480 479 472
f 479 408 472
f 408 403 472
f 479 477 408
f 480 472 473
f 410 481 475
f 410 475 405
f 476 475 482
f 482 475 481
f 483 411 412
f 483 412 484
f 412 485 484
f 412 413 485
f 414 477 478
f 485 414 478
f 413 414 485
f 477 414 408
f 416 486 481
f 416 481 410
f 482 481 487
f 487 481 486
f 483 417 411
f 418 417 483
f 484 418 483
f 488 418 484
f 420 489 486
f 420 486 416
f 487 486 490
f 490 486 489
f 488 491 418
f 418 491 421
f 422 421 491
f 422 491 492
f 425 493 424
f 494 426 424
f 494 424 493
f 494 427 426
f 429 495 428
f 496 430 428
f 496 428 495
f 496 497 430
f 430 497 420
f 497 498 420
f 498 489 420
f 489 498 490
f 492 499 422
f 422 499 431
f 432 431 499
f 432 499 500
f 502 501 493
f 425 502 493
f 433 502 425
f 493 501 494
f 494 501 503
f 434 427 494
f 504 434 494
f 503 504 494
f 434 504 505
f 506 505 504
f 508 507 435
f 508 435 436
f 429 435 495
f 435 509 495
f 435 507 509
f 495 509 496
f 496 509 510
f 496 510 497
f 500 511 432
f 432 511 437
f 433 437 502
f 502 437 511
f 512 438 505
f 505 438 434
f 505 506 513
f 505 513 512
f 516 515 514
f 515 508 514
f 508 439 514
f 508 436 439
f 440 438 512
f 519 518 517
f 441 517 518
f 441 513 517
f 441 440 512
f 513 441 512
f 516 514 443
f 444 516 443
f 520 516 444
f 443 514 439
f 519 521 518
f 518 521 441
f 521 445 441
f 521 522 445
f 445 523 446
f 522 523 445
f 444 446 520
f 520 446 523
f 524 448 449
f 524 449 525
f 449 526 525
f 449 450 526
f 527 450 452
f 527 526 450
f 529 528 454
f 528 452 454
f 528 527 452
f 529 530 528
f 532 531 458
f 458 531 457
f 458 448 524
f 533 458 524
f 532 458 533
f 533 524 525
f 460 529 454
f 460 462 529
f 462 530 529
f 462 534 530
f 535 463 464
f 535 464 536
f 464 537 536
f 464 465 537
f 538 465 466
f 538 537 465
f 466 457 531
f 466 531 538
f 468 534 462
f 468 539 534
f 540 469 470
f 541 540 470
f 541 470 463
f 542 541 463
f 535 542 463
f 542 535 536
f 471 544 543
f 539 471 543
f 468 471 539
f 544 545 543
f 547 546 540
f 546 469 540
f 546 473 469
f 547 540 541
f 474 544 471
f 474 476 544
f 476 545 544
f 476 548 545
f 549 478 479
f 549 479 550
f 479 551 550
f 479 480 551
f 480 473 546
f 480 546 551
f 482 553 552
f 548 482 552
f 476 482 548
f 553 554 552
f 556 555 485
f 485 555 484
f 485 478 549
f 557 485 549
f 556 485 557
f 557 549 550
f 487 558 553
f 487 553 482
f 554 553 559
f 559 553 558
f 555 488 484
f 560 488 555
f 562 561 558
f 487 562 558
f 490 562 487
f 558 561 559
f 560 563 488
f 488 563 491
f 492 491 563
f 492 563 564
f 497 565 498
f 565 566 498
f 566 490 498
f 566 562 490
f 564 567 492
f 492 567 499
f 569 568 500
f 499 569 500
f 567 569 499
f 501 502 568
f 569 501 568
f 570 501 569
f 501 571 503
f 570 571 501
f 503 572 504
f 571 572 503
f 506 504 572
f 506 572 573
f 576 575 574
f 507 508 574
f 575 507 574
f 577 507 575
f 507 578 509
f 577 578 507
f 509 579 510
f 578 579 509
f 497 510 565
f 510 580 565
f 510 579 580
f 565 580 566
f 568 511 500
f 511 568 502
f 583 582 581
f 573 583 581
f 513 573 581
f 506 573 513
f 576 574 515
f 516 576 515
f 584 576 516
f 515 574 508
f 581 582 517
f 582 519 517
f 582 585 519
f 581 517 513
f 520 584 516
f 520 586 584
f 585 587 519
f 519 587 521
f 521 588 522
f 587 588 521
f 522 589 523
f 588 589 522
f 520 523 586
f 586 523 589
f 590 525 526
f 527 591 526
f 526 591 590
f 528 592 527
f 527 592 591
f 530 592 528
f 593 531 532
f 533 594 532
f 532 594 593
f 525 590 533
f 590 594 533
f 590 595 594
f 596 590 591
f 595 590 596
f 592 598 597
f 596 592 597
f 591 592 596
f 592 530 598
f 530 599 598
f 530 534 599
f 601 600 537
f 537 600 536
f 602 537 538
f 602 601 537
f 538 531 593
f 603 538 593
f 602 538 603
f 603 593 594
f 603 594 604
f 604 594 595
f 604 595 605
f 605 595 596
f 605 596 606
f 606 596 597
f 539 608 607
f 599 539 607
f 534 539 599
f 610 609 608
f 608 609 607
f 610 611 609
f 613 612 542
f 542 612 541
f 542 536 600
f 542 600 613
f 543 608 539
f 608 543 545
f 614 608 545
f 610 608 614
f 611 610 615
f 615 610 614
f 616 546 547
f 617 616 547
f 541 617 547
f 612 617 541
f 548 618 614
f 548 614 545
f 615 614 619
f 619 614 618
f 620 550 551
f 546 616 551
f 616 620 551
f 616 621 620
f 616 617 622
f 616 622 621
f 552 618 548
f 552 554 618
f 554 619 618
f 554 623 619
f 625 624 556
f 556 624 555
f 626 556 557
f 626 625 556
f 557 550 620
f 627 557 620
f 626 557 627
f 627 620 621
f 627 621 628
f 628 621 622
f 559 630 629
f 623 559 629
f 554 559 623
f 630 631 629
f 624 560 555
f 632 560 624
f 562 633 561
f 633 634 561
f 561 634 559
f 634 635 559
f 635 630 559
f 630 635 631
f 632 636 560
f 560 636 563
f 564 563 636
f 564 636 637
f 640 639 638
f 641 638 639
f 643 642 633
f 562 643 633
f 566 643 562
f 633 642 634
f 567 564 644
f 564 645 644
f 564 637 645
f 567 644 646
f 647 567 646
f 569 567 647
f 569 648 570
f 647 648 569
f 638 571 640
f 571 648 640
f 571 570 648
f 641 649 638
f 649 571 638
f 649 572 571
f 573 572 649
f 573 649 650
f 576 651 575
f 652 577 575
f 652 575 651
f 653 578 577
f 653 577 652
f 654 579 578
f 654 578 653
f 579 654 655
f 656 579 655
f 580 579 656
f 566 580 643
f 643 580 656
f 645 657 644
f 644 657 646
f 658 582 583
f 659 658 583
f 573 659 583
f 650 659 573
f 661 660 651
f 576 661 651
f 584 661 576
f 651 660 652
f 652 660 662
f 652 662 653
f 653 662 663
f 653 663 654
f 654 663 664
f 654 664 655
f 665 585 658
f 658 585 582
f 658 659 666
f 667 658 666
f 665 658 667
f 669 668 667
f 669 667 666
f 669 661 668
f 661 586 668
f 661 584 586
f 665 587 585
f 587 665 588
f 588 665 667
f 588 667 589
f 589 667 668
f 589 668 586
f 670 597 598
f 670 598 599
f 673 672 671
f 671 674 673
f 675 600 601
f 675 601 676
f 601 677 676
f 601 602 677
f 678 602 603
f 678 677 602
f 679 603 604
f 679 678 603
f 680 604 605
f 680 679 604
f 681 605 606
f 681 680 605
f 606 597 670
f 682 606 670
f 681 606 682
f 682 671 672
f 682 607 671
f 682 670 599
f 607 682 599
f 683 674 671
f 607 683 671
f 609 683 607
f 609 611 683
f 683 611 684
f 685 612 613
f 686 685 613
f 686 613 600
f 687 686 600
f 675 687 600
f 687 675 676
f 615 689 688
f 684 615 688
f 611 615 684
f 691 690 689
f 689 690 688
f 691 692 690
f 693 617 685
f 685 617 612
f 685 686 694
f 685 694 693
f 619 695 689
f 619 689 615
f 689 696 691
f 689 695 696
f 692 691 697
f 697 691 696
f 700 699 698
f 701 700 693
f 700 622 693
f 622 617 693
f 700 698 622
f 701 693 694
f 623 702 695
f 623 695 619
f 704 696 703
f 696 702 703
f 696 695 702
f 696 704 697
f 705 624 625
f 705 625 706
f 625 707 706
f 625 626 707
f 708 626 627
f 708 707 626
f 628 698 699
f 708 628 699
f 627 628 708
f 698 628 622
f 629 702 623
f 629 631 702
f 631 703 702
f 631 709 703
f 711 710 705
f 710 624 705
f 710 632 624
f 711 705 706
f 713 712 635
f 713 635 634
f 631 635 709
f 709 635 712
f 710 714 632
f 632 714 636
f 637 636 714
f 637 714 715
f 717 716 639
f 717 639 640
f 719 718 641
f 639 719 641
f 716 719 639
f 720 718 719
f 722 721 642
f 722 642 643
f 634 642 713
f 713 642 721
f 715 645 637
f 723 645 715
f 725 724 647
f 725 647 646
f 647 726 648
f 724 726 647
f 640 648 717
f 717 648 726
f 718 649 641
f 650 649 718
f 720 650 718
f 727 650 720
f 655 728 656
f 728 729 656
f 729 643 656
f 729 722 643
f 723 730 645
f 645 730 657
f 646 657 725
f 725 657 730
f 732 659 731
f 659 727 731
f 659 650 727
f 734 733 732
f 734 732 731
f 660 661 733
f 734 660 733
f 735 660 734
f 735 737 736
f 662 735 736
f 660 735 662
f 662 736 738
f 739 662 738
f 663 662 739
f 663 740 664
f 739 740 663
f 655 664 728
f 664 741 728
f 664 740 741
f 728 741 729
f 732 666 659
f 666 732 669
f 669 732 733
f 669 733 661
f 737 742 736
f 736 742 738
f 744 743 673
f 673 743 672
f 673 674 744
f 744 674 745
f 747 746 677
f 677 746 676
f 748 677 678
f 748 747 677
f 749 678 679
f 749 748 678
f 750 679 680
f 750 749 679
f 751 680 681
f 751 750 680
f 752 681 682
f 752 751 681
f 682 672 743
f 682 743 752
f 753 745 674
f 753 674 683
f 755 754 684
f 754 683 684
f 754 753 683
f 755 756 754
f 758 757 687
f 687 757 686
f 687 676 746
f 687 746 758
f 688 755 684
f 759 756 755
f 688 759 755
f 690 759 688
f 690 692 759
f 759 692 760
f 757 694 686
f 761 694 757
f 697 763 762
f 760 697 762
f 692 697 760
f 763 764 762
f 767 766 765
f 699 700 765
f 700 767 765
f 700 768 767
f 769 700 701
f 769 768 700
f 701 694 761
f 701 761 769
f 703 770 704
f 770 771 704
f 704 771 697
f 771 772 697
f 772 763 697
f 763 772 764
f 774 773 707
f 707 773 706
f 708 765 766
f 774 708 766
f 707 708 774
f 765 708 699
f 709 775 770
f 709 770 703
f 771 770 776
f 776 770 775
f 778 777 711
f 711 777 710
f 711 706 773
f 711 773 778
f 713 779 712
f 779 780 712
f 712 780 709
f 780 781 709
f 781 775 709
f 775 781 776
f 777 782 710
f 710 782 714
f 715 714 782
f 715 782 783
f 786 785 784
f 716 717 784
f 785 716 784
f 787 716 785
f 787 789 788
f 719 787 788
f 716 787 719
f 788 720 719
f 722 790 721
f 790 791 721
f 721 791 713
f 791 792 713
f 792 779 713
f 779 792 780
f 783 723 715
f 793 723 783
f 795 794 724
f 795 724 725
f 784 726 786
f 726 794 786
f 726 724 794
f 726 784 717
f 789 796 788
f 720 788 796
f 797 720 796
f 727 720 797
f 799 798 790
f 722 799 790
f 729 799 722
f 790 798 791
f 793 800 723
f 723 800 730
f 725 730 795
f 795 730 800
f 797 801 727
f 727 801 731
f 731 802 734
f 801 802 731
f 802 804 803
f 735 802 803
f 734 802 735
f 803 737 735
f 806 805 739
f 806 739 738
f 805 808 807
f 740 805 807
f 739 805 740
f 740 807 809
f 810 740 809
f 741 740 810
f 729 741 799
f 799 741 810
f 804 811 803
f 811 813 812
f 811 812 742
f 803 811 742
f 737 803 742
f 812 814 742
f 814 738 742
f 814 806 738
f 808 815 807
f 807 815 809
f 813 816 812
f 812 816 814
f 819 818 817
f 743 744 820
f 819 817 821
f 745 820 744
f 823 822 747
f 747 822 746
f 825 823 824
f 823 748 824
f 823 747 748
f 824 748 826
f 748 827 826
f 748 749 827
f 828 749 750
f 828 827 749
f 829 750 751
f 829 828 750
f 752 817 818
f 829 752 818
f 751 752 829
f 752 821 817
f 752 830 821
f 752 743 820
f 830 752 820
f 830 820 745
f 753 830 745
f 831 830 753
f 832 753 754
f 832 831 753
f 754 756 832
f 832 756 833
f 835 834 758
f 758 834 757
f 758 746 822
f 758 822 835
f 836 825 824
f 836 824 826
f 837 833 756
f 837 756 759
f 759 760 837
f 837 760 838
f 834 761 757
f 839 761 834
f 840 838 760
f 840 760 762
f 762 764 840
f 840 764 841
f 842 766 767
f 768 843 767
f 767 843 842
f 843 768 844
f 768 845 844
f 768 769 845
f 769 761 839
f 769 839 845
f 771 846 772
f 841 764 847
f 764 846 847
f 846 848 847
f 764 772 846
f 848 849 847
f 850 773 774
f 766 842 774
f 842 850 774
f 842 851 850
f 843 853 852
f 851 843 852
f 842 843 851
f 853 843 844
f 776 854 846
f 776 846 771
f 856 848 855
f 848 854 855
f 848 846 854
f 848 856 849
f 857 777 778
f 858 857 778
f 858 778 773
f 859 858 773
f 850 859 773
f 859 850 851
f 859 851 860
f 860 851 852
f 780 861 781
f 861 862 781
f 781 862 776
f 862 863 776
f 863 854 776
f 854 863 855
f 782 777 857
f 866 865 864
f 783 864 865
f 783 858 864
f 783 782 857
f 858 783 857
f 786 867 785
f 868 787 785
f 868 785 867
f 868 789 787
f 791 869 792
f 869 870 792
f 792 870 780
f 870 871 780
f 871 861 780
f 861 871 862
f 866 872 865
f 783 865 872
f 873 783 872
f 793 783 873
f 875 874 794
f 875 794 795
f 786 794 867
f 794 876 867
f 794 874 876
f 867 876 868
f 868 876 877
f 868 877 789
f 877 796 789
f 877 878 796
f 797 796 878
f 797 878 879
f 799 880 798
f 880 881 798
f 798 881 791
f 881 882 791
f 882 869 791
f 869 882 870
f 873 883 793
f 793 883 800
f 795 800 875
f 875 800 883
f 879 884 797
f 797 884 801
f 801 885 802
f 884 885 801
f 804 802 885
f 804 885 886
f 806 887 805
f 887 808 805
f 809 888 810
f 888 889 810
f 810 889 799
f 889 890 799
f 890 880 799
f 880 890 881
f 886 891 804
f 804 891 811
f 893 892 813
f 811 893 813
f 891 893 811
f 893 894 887
f 814 893 887
f 806 814 887
f 892 893 814
f 887 894 808
f 894 815 808
f 894 895 815
f 809 815 888
f 815 896 888
f 815 895 896
f 888 896 889
f 892 816 813
f 816 892 814
f 899 898 897
f 901 900 897
f 897 900 899
f 818 819 901
f 819 900 901
f 819 902 900
f 819 821 902
f 902 821 903
f 904 822 823
f 825 904 823
f 906 905 827
f 827 905 826
f 828 897 898
f 906 828 898
f 827 828 906
f 897 828 829
f 897 829 901
f 901 829 818
f 907 903 821
f 907 821 830
f 908 830 831
f 908 907 830
f 910 908 909
f 908 832 909
f 908 831 832
f 833 909 832
f 911 834 835
f 912 911 835
f 912 835 822
f 913 912 822
f 904 913 822
f 913 904 825
f 836 913 825
f 914 913 836
f 836 826 905
f 836 905 914
f 915 910 909
f 915 909 833
f 837 915 833
f 916 915 837
f 837 838 916
f 916 838 917
f 919 918 911
f 918 834 911
f 918 839 834
f 919 911 912
f 920 917 838
f 920 838 840
f 840 841 920
f 920 841 921
f 923 922 845
f 845 922 844
f 845 839 918
f 845 918 923
f 924 921 841
f 924 841 847
f 847 849 924
f 924 849 925
f 928 927 926
f 852 853 926
f 853 928 926
f 853 929 928
f 853 844 922
f 853 922 929
f 855 930 856
f 930 931 856
f 931 849 856
f 931 925 849
f 933 932 859
f 859 932 858
f 860 926 927
f 933 860 927
f 859 860 933
f 926 860 852
f 862 934 863
f 930 855 863
f 934 930 863
f 935 930 934
f 931 930 936
f 936 930 935
f 938 937 864
f 864 937 866
f 864 858 932
f 864 932 938
f 940 939 871
f 940 871 870
f 862 871 934
f 871 941 934
f 871 939 941
f 934 941 935
f 935 941 942
f 935 942 936
f 937 943 866
f 866 943 872
f 873 872 943
f 873 943 944
f 875 945 874
f 874 945 946
f 947 874 946
f 876 874 947
f 876 948 877
f 947 948 876
f 948 950 949
f 878 948 949
f 877 948 878
f 949 879 878
f 881 951 882
f 951 952 882
f 952 870 882
f 952 940 870
f 955 954 953
f 953 956 883
f 944 953 883
f 873 944 883
f 953 944 955
f 956 957 883
f 883 957 875
f 957 958 875
f 958 945 875
f 945 958 946
f 950 959 949
f 949 959 879
f 959 884 879
f 959 960 884
f 884 961 885
f 960 961 884
f 886 885 961
f 886 961 962
f 889 963 890
f 963 964 890
f 890 964 881
f 964 965 881
f 965 951 881
f 951 965 952
f 954 966 953
f 953 966 956
f 956 966 967
f 956 967 957
f 962 968 886
f 886 968 891
f 891 969 893
f 968 969 891
f 893 970 894
f 969 970 893
f 894 971 895
f 970 971 894
f 895 972 896
f 971 972 895
f 889 896 963
f 896 973 963
f 896 972 973
f 963 973 964
f 976 975 974
f 974 977 976
f 974 975 899
f 975 898 899
f 975 978 898
f 979 977 974
f 899 979 974
f 900 979 899
f 981 979 980
f 979 902 980
f 979 900 902
f 903 980 902
f 983 982 906
f 906 982 905
f 906 898 978
f 906 978 983
f 981 980 984
f 981 984 985
f 907 986 903
f 986 980 903
f 986 984 980
f 908 987 907
f 907 987 986
f 910 987 908
f 988 912 913
f 914 989 913
f 913 989 988
f 990 989 914
f 905 990 914
f 982 990 905
f 991 985 984
f 991 984 986
f 991 986 992
f 992 986 987
f 992 987 993
f 993 987 910
f 915 993 910
f 994 993 915
f 996 994 995
f 994 916 995
f 994 915 916
f 917 995 916
f 999 998 997
f 918 919 997
f 919 999 997
f 919 1000 999
f 919 912 988
f 1001 919 988
f 1000 919 1001
f 1001 988 989
f 1001 989 1002
f 1002 989 990
f 1003 996 995
f 1003 995 917
f 920 1003 917
f 1004 1003 920
f 920 921 1004
f 1004 921 1005
f 1008 1007 1006
f 1008 1006 998
f 998 1006 997
f 1006 922 997
f 922 923 997
f 997 923 918
f 1009 1005 921
f 1009 921 924
f 1011 1010 925
f 1010 924 925
f 1010 1009 924
f 1011 1012 1010
f 1014 1013 928
f 928 1013 927
f 929 1006 1007
f 1014 929 1007
f 928 929 1014
f 1006 929 922
f 931 1015 1011
f 931 1011 925
f 1012 1011 1016
f 1016 1011 1015
f 1017 932 933
f 1018 1017 933
f 927 1018 933
f 1013 1018 927
f 936 1019 1015
f 936 1015 931
f 1016 1015 1020
f 1020 1015 1019
f 1021 937 938
f 1022 1021 938
f 1022 938 932
f 1023 1022 932
f 1017 1023 932
f 1023 1017 1018
f 940 1024 939
f 939 1024 1025
f 1026 939 1025
f 941 939 1026
f 941 1027 942
f 1026 1027 941
f 936 942 1019
f 942 1028 1019
f 942 1027 1028
f 1019 1028 1020
f 1021 943 937
f 944 943 1021
f 1022 944 1021
f 1029 944 1022
f 946 1030 947
f 1031 948 947
f 1031 947 1030
f 1031 950 948
f 952 1032 1024
f 952 1024 940
f 1025 1024 1033
f 1033 1024 1032
f 1034 954 955
f 1035 1034 955
f 944 1035 955
f 1029 1035 944
f 957 1036 958
f 1036 1037 958
f 958 1037 946
f 1037 1038 946
f 1038 1030 946
f 1030 1038 1031
f 1031 1038 1039
f 1031 1039 950
f 1039 959 950
f 1039 1040 959
f 959 1041 960
f 1040 1041 959
f 960 1042 961
f 1041 1042 960
f 962 961 1042
f 962 1042 1043
f 1045 1044 965
f 1045 965 964
f 952 965 1032
f 965 1046 1032
f 965 1044 1046
f 1032 1046 1033
f 1034 966 954
f 1035 1047 1034
f 1047 966 1034
f 1047 967 966
f 957 967 1036
f 967 1048 1036
f 967 1047 1048
f 1036 1048 1037
f 1043 1049 962
f 962 1049 968
f 1049 1051 1050
f 969 1049 1050
f 968 1049 969
f 1052 970 969
f 1052 969 1050
f 1053 971 970
f 1053 970 1052
f 1054 972 971
f 1054 971 1053
f 972 1054 1055
f 1056 972 1055
f 973 972 1056
f 964 973 1045
f 1045 973 1056
f 1051 1057 1050
f 1050 1057 1052
f 1052 1057 1058
f 1052 1058 1053
f 1053 1058 1059
f 1053 1059 1054
f 1054 1059 1060
f 1054 1060 1055
f 1061 975 976
f 977 1061 976
f 1063 1062 1061
f 1062 975 1061
f 1062 978 975
f 1065 1063 1064
f 1064 1063 979
f 1063 1061 979
f 1061 977 979
f 981 1064 979
f 1067 1066 983
f 983 1066 982
f 983 978 1062
f 983 1062 1067
f 1068 1065 1064
f 1064 981 1068
f 981 1069 1068
f 981 985 1069
f 1072 1071 1070
f 1066 1072 1070
f 990 1066 1070
f 982 1066 990
f 1073 1069 985
f 1073 985 991
f 1074 991 992
f 1074 1073 991
f 1075 992 993
f 1075 1074 992
f 1077 1075 1076
f 1075 994 1076
f 1075 993 994
f 996 1076 994
f 1079 1078 999
f 999 1078 998
f 1080 999 1000
f 1080 1079 999
f 1081 1000 1001
f 1081 1080 1000
f 1002 1070 1071
f 1081 1002 1071
f 1001 1002 1081
f 1070 1002 990
f 1082 1077 1076
f 1084 1082 1083
f 1083 1082 1003
f 1082 1076 1003
f 1076 996 1003
f 1004 1085 1003
f 1003 1085 1083
f 1005 1085 1004
f 1086 1007 1008
f 1087 1086 1008
f 998 1087 1008
f 1078 1087 998
f 1088 1084 1083
f 1088 1083 1085
f 1088 1085 1089
f 1089 1085 1005
f 1009 1089 1005
f 1090 1089 1009
f 1091 1009 1010
f 1091 1090 1009
f 1093 1092 1012
f 1092 1010 1012
f 1092 1091 1010
f 1093 1094 1092
f 1096 1095 1014
f 1014 1095 1013
f 1014 1007 1086
f 1097 1014 1086
f 1096 1014 1097
f 1097 1086 1087
f 1016 1098 1093
f 1016 1093 1012
f 1094 1093 1099
f 1099 1093 1098
f 1095 1018 1013
f 1100 1018 1095
f 1102 1101 1098
f 1016 1102 1098
f 1020 1102 1016
f 1098 1101 1099
f 1103 1022 1023
f 1104 1103 1023
f 1018 1104 1023
f 1100 1104 1018
f 1025 1105 1026
f 1106 1027 1026
f 1106 1026 1105
f 1107 1028 1027
f 1107 1027 1106
f 1107 1108 1028
f 1108 1020 1028
f 1108 1102 1020
f 1109 1029 1103
f 1103 1029 1022
f 1103 1104 1110
f 1103 1110 1109
f 1112 1111 1105
f 1025 1112 1105
f 1033 1112 1025
f 1105 1111 1106
f 1106 1111 1113
f 1106 1113 1107
f 1107 1113 1114
f 1107 1114 1108
f 1115 1035 1109
f 1109 1035 1029
f 1109 1110 1116
f 1117 1109 1116
f 1115 1109 1117
f 1038 1037 1117
f 1116 1038 1117
f 1118 1038 1116
f 1038 1119 1039
f 1118 1119 1038
f 1039 1120 1040
f 1119 1120 1039
f 1040 1121 1041
f 1120 1121 1040
f 1041 1122 1042
f 1121 1122 1041
f 1043 1042 1122
f 1043 1122 1123
f 1045 1124 1044
f 1044 1124 1125
f 1126 1044 1125
f 1046 1044 1126
f 1033 1046 1112
f 1112 1046 1126
f 1115 1047 1035
f 1047 1115 1048
f 1048 1115 1117
f 1048 1117 1037
f 1123 1127 1043
f 1043 1127 1049
f 1051 1049 1127
f 1051 1127 1128
f 1131 1130 1129
f 1056 1055 1129
f 1130 1056 1129
f 1132 1056 1130
f 1045 1056 1124
f 1056 1133 1124
f 1056 1132 1133
f 1124 1133 1125
f 1128 1134 1051
f 1051 1134 1057
f 1057 1135 1058
f 1134 1135 1057
f 1058 1136 1059
f 1135 1136 1058
f 1129 1060 1131
f 1060 1136 1131
f 1060 1059 1136
f 1060 1129 1055
f 1137 1062 1063
f 1065 1137 1063
f 1139 1138 1067
f 1067 1138 1066
f 1067 1062 1137
f 1140 1067 1137
f 1139 1067 1140
f 1140 1137 1065
f 1068 1140 1065
f 1141 1140 1068
f 1068 1069 1141
f 1141 1069 1142
f 1144 1143 1072
f 1072 1143 1071
f 1072 1066 1138
f 1072 1138 1144
f 1145 1142 1069
f 1145 1069 1073
f 1146 1073 1074
f 1146 1145 1073
f 1147 1074 1075
f 1147 1146 1074
f 1075 1077 1147
f 1147 1077 1148
f 1150 1149 1079
f 1079 1149 1078
f 1151 1079 1080
f 1151 1150 1079
f 1152 1080 1081
f 1152 1151 1080
f 1081 1071 1143
f 1081 1143 1152
f 1153 1148 1077
f 1153 1077 1082
f 1082 1084 1153
f 1153 1084 1154
f 1157 1156 1155
f 1159 1158 1155
f 1155 1158 1157
f 1159 1160 1158
f 1163 1162 1161
f 1149 1163 1161
f 1087 1149 1161
f 1078 1149 1087
f 1164 1154 1084
f 1164 1084 1088
f 1165 1088 1089
f 1165 1164 1088
f 1166 1089 1090
f 1166 1165 1089
f 1167 1090 1091
f 1167 1166 1090
f 1168 1091 1092
f 1168 1167 1091
f 1169 1155 1094
f 1155 1168 1094
f 1168 1092 1094
f 1155 1156 1168
f 1155 1170 1159
f 1155 1169 1170
f 1160 1159 1171
f 1159 1172 1171
f 1159 1170 1172
f 1172 1173 1171
f 1175 1174 1096
f 1096 1174 1095
f 1097 1161 1162
f 1175 1097 1162
f 1096 1097 1175
f 1161 1097 1087
f 1099 1176 1169
f 1099 1169 1094
f 1169 1177 1170
f 1169 1176 1177
f 1179 1172 1178
f 1172 1177 1178
f 1172 1170 1177
f 1172 1179 1173
f 1174 1100 1095
f 1180 1100 1174
f 1102 1181 1101
f 1181 1182 1101
f 1101 1182 1099
f 1182 1183 1099
f 1183 1176 1099
f 1176 1183 1177
f 1177 1183 1184
f 1177 1184 1178
f 1186 1104 1185
f 1104 1180 1185
f 1104 1100 1180
f 1187 1186 1185
f 1189 1188 1181
f 1102 1189 1181
f 1108 1189 1102
f 1181 1188 1182
f 1190 1110 1186
f 1186 1110 1104
f 1186 1187 1191
f 1192 1186 1191
f 1190 1186 1192
f 1194 1193 1192
f 1194 1192 1191
f 1195 1193 1194
f 1112 1196 1111
f 1111 1196 1197
f 1198 1111 1197
f 1113 1111 1198
f 1198 1200 1199
f 1114 1198 1199
f 1113 1198 1114
f 1199 1201 1114
f 1201 1108 1114
f 1201 1189 1108
f 1190 1116 1110
f 1116 1190 1118
f 1118 1190 1192
f 1118 1192 1119
f 1119 1192 1193
f 1195 1202 1193
f 1202 1119 1193
f 1202 1120 1119
f 1120 1203 1121
f 1202 1203 1120
f 1121 1204 1122
f 1203 1204 1121
f 1123 1122 1204
f 1123 1204 1205
f 1208 1207 1206
f 1126 1125 1206
f 1207 1126 1206
f 1209 1126 1207
f 1112 1126 1196
f 1126 1210 1196
f 1126 1209 1210
f 1196 1210 1197
f 1200 1211 1199
f 1199 1211 1201
f 1205 1212 1123
f 1123 1212 1127
f 1128 1127 1212
f 1128 1212 1213
f 1131 1214 1130
f 1130 1214 1215
f 1216 1130 1215
f 1132 1130 1216
f 1206 1133 1208
f 1133 1216 1208
f 1133 1132 1216
f 1133 1206 1125
f 1134 1128 1217
f 1128 1218 1217
f 1128 1213 1218
f 1134 1217 1219
f 1220 1134 1219
f 1135 1134 1220
f 1220 1222 1221
f 1136 1220 1221
f 1135 1220 1136
f 1221 1223 1136
f 1136 1223 1131
f 1223 1224 1131
f 1224 1214 1131
f 1214 1224 1215
f 1218 1225 1217
f 1217 1225 1219
f 1222 1226 1221
f 1221 1226 1223
f 1228 1227 1139
f 1139 1227 1138
f 1229 1139 1140
f 1229 1228 1139
f 1230 1140 1141
f 1230 1229 1140
f 1141 1142 1230
f 1230 1142 1231
f 1232 1143 1144
f 1233 1232 1144
f 1138 1233 1144
f 1227 1233 1138
f 1234 1231 1142
f 1234 1142 1145
f 1235 1145 1146
f 1235 1234 1145
f 1236 1146 1147
f 1236 1235 1146
f 1147 1148 1236
f 1236 1148 1237
f 1238 1149 1150
f 1238 1150 1239
f 1150 1240 1239
f 1150 1151 1240
f 1241 1151 1152
f 1241 1240 1151
f 1152 1143 1232
f 1242 1152 1232
f 1241 1152 1242
f 1242 1232 1233
f 1243 1237 1148
f 1243 1148 1153
f 1153 1154 1243
f 1243 1154 1244
f 1245 1156 1157
f 1245 1157 1246
f 1157 1247 1246
f 1157 1158 1247
f 1249 1248 1160
f 1248 1158 1160
f 1248 1247 1158
f 1251 1250 1249
f 1249 1250 1248
f 1251 1252 1250
f 1254 1253 1163
f 1163 1253 1162
f 1163 1149 1238
f 1255 1163 1238
f 1254 1163 1255
f 1255 1238 1239
f 1256 1244 1154
f 1256 1154 1164
f 1257 1164 1165
f 1257 1256 1164
f 1258 1165 1166
f 1258 1257 1165
f 1259 1166 1167
f 1259 1258 1166
f 1260 1167 1168
f 1260 1259 1167
f 1168 1156 1245
f 1261 1168 1245
f 1260 1168 1261
f 1261 1245 1246
f 1171 1249 1160
f 1249 1171 1173
f 1262 1249 1173
f 1251 1249 1262
f 1252 1251 1263
f 1263 1251 1262
f 1265 1264 1175
f 1175 1264 1174
f 1175 1162 1253
f 1175 1253 1265
f 1178 1266 1179
f 1266 1267 1179
f 1179 1267 1173
f 1267 1268 1173
f 1268 1262 1173
f 1262 1268 1263
f 1271 1270 1269
f 1264 1271 1269
f 1180 1264 1269
f 1174 1264 1180
f 1182 1272 1183
f 1273 1184 1183
f 1273 1183 1272
f 1266 1178 1184
f 1273 1266 1184
f 1274 1266 1273
f 1267 1266 1275
f 1275 1266 1274
f 1269 1270 1276
f 1276 1270 1277
f 1278 1185 1180
f 1269 1278 1180
f 1276 1278 1269
f 1278 1187 1185
f 1189 1279 1188
f 1272 1182 1188
f 1279 1272 1188
f 1280 1272 1279
f 1282 1273 1281
f 1273 1280 1281
f 1273 1272 1280
f 1273 1282 1274
f 1274 1282 1283
f 1274 1283 1275
f 1277 1284 1276
f 1286 1285 1284
f 1285 1276 1284
f 1285 1278 1276
f 1278 1285 1187
f 1285 1287 1187
f 1287 1191 1187
f 1285 1288 1287
f 1191 1289 1194
f 1287 1289 1191
f 1195 1194 1289
f 1195 1289 1290
f 1197 1291 1198
f 1291 1200 1198
f 1293 1292 1279
f 1189 1293 1279
f 1201 1293 1189
f 1279 1292 1280
f 1280 1292 1294
f 1280 1294 1281
f 1286 1295 1285
f 1285 1295 1288
f 1290 1296 1195
f 1195 1296 1202
f 1202 1297 1203
f 1296 1297 1202
f 1203 1298 1204
f 1297 1298 1203
f 1205 1204 1298
f 1205 1298 1299
f 1208 1300 1207
f 1301 1209 1207
f 1301 1207 1300
f 1209 1301 1302
f 1303 1209 1302
f 1210 1209 1303
f 1197 1210 1291
f 1210 1304 1291
f 1210 1303 1304
f 1291 1304 1200
f 1304 1211 1200
f 1304 1305 1211
f 1201 1211 1293
f 1293 1211 1305
f 1299 1306 1205
f 1205 1306 1212
f 1213 1212 1306
f 1213 1306 1307
f 1215 1308 1216
f 1308 1309 1216
f 1216 1309 1208
f 1309 1310 1208
f 1310 1300 1208
f 1300 1310 1301
f 1301 1310 1311
f 1301 1311 1302
f 1307 1218 1213
f 1312 1218 1307
f 1219 1313 1220
f 1313 1222 1220
f 1223 1314 1224
f 1314 1315 1224
f 1224 1315 1215
f 1315 1316 1215
f 1316 1308 1215
f 1308 1316 1309
f 1312 1317 1218
f 1218 1317 1225
f 1219 1225 1313
f 1225 1318 1313
f 1225 1317 1318
f 1313 1318 1222
f 1318 1226 1222
f 1318 1319 1226
f 1223 1226 1314
f 1226 1320 1314
f 1226 1319 1320
f 1314 1320 1315
f 1322 1321 1228
f 1228 1321 1227
f 1323 1228 1229
f 1323 1322 1228
f 1324 1229 1230
f 1324 1323 1229
f 1230 1231 1324
f 1324 1231 1325
f 1328 1327 1326
f 1321 1328 1326
f 1233 1321 1326
f 1227 1321 1233
f 1329 1325 1231
f 1329 1231 1234
f 1330 1234 1235
f 1330 1329 1234
f 1331 1235 1236
f 1331 1330 1235
f 1236 1237 1331
f 1331 1237 1332
f 1335 1334 1333
f 1337 1336 1333
f 1333 1336 1335
f 1337 1338 1336
f 1340 1339 1240
f 1240 1339 1239
f 1341 1240 1241
f 1341 1340 1240
f 1242 1326 1327
f 1341 1242 1327
f 1241 1242 1341
f 1326 1242 1233
f 1342 1332 1237
f 1342 1237 1243
f 1344 1343 1244
f 1343 1243 1244
f 1343 1342 1243
f 1344 1345 1343
f 1348 1347 1346
f 1346 1349 1348
f 1351 1350 1247
f 1247 1350 1246
f 1248 1333 1334
f 1351 1248 1334
f 1247 1248 1351
f 1333 1248 1250
f 1333 1250 1337
f 1250 1252 1337
f 1252 1338 1337
f 1252 1352 1338
f 1353 1253 1254
f 1353 1254 1354
f 1254 1355 1354
f 1254 1255 1355
f 1255 1239 1339
f 1255 1339 1355
f 1256 1344 1244
f 1356 1345 1344
f 1256 1356 1344
f 1257 1356 1256
f 1258 1346 1347
f 1356 1258 1347
f 1257 1258 1356
f 1357 1349 1346
f 1258 1357 1346
f 1259 1357 1258
f 1358 1259 1260
f 1358 1357 1259
f 1359 1260 1261
f 1359 1358 1260
f 1261 1246 1350
f 1261 1350 1359
f 1263 1352 1252
f 1263 1360 1352
f 1362 1361 1265
f 1265 1361 1264
f 1265 1253 1353
f 1363 1265 1353
f 1362 1265 1363
f 1363 1353 1354
f 1267 1364 1268
f 1364 1365 1268
f 1365 1263 1268
f 1365 1360 1263
f 1367 1366 1271
f 1271 1366 1270
f 1271 1264 1361
f 1271 1361 1367
f 1275 1368 1364
f 1275 1364 1267
f 1365 1364 1369
f 1369 1364 1368
f 1366 1277 1270
f 1370 1277 1366
f 1281 1371 1282
f 1372 1283 1282
f 1372 1282 1371
f 1372 1373 1283
f 1283 1373 1275
f 1373 1374 1275
f 1374 1368 1275
f 1368 1374 1369
f 1284 1277 1375
f 1277 1376 1375
f 1277 1370 1376
f 1375 1286 1284
f 1378 1377 1287
f 1378 1287 1288
f 1377 1380 1379
f 1289 1377 1379
f 1287 1377 1289
f 1379 1290 1289
f 1293 1381 1292
f 1292 1381 1382
f 1383 1292 1382
f 1294 1292 1383
f 1281 1294 1371
f 1294 1384 1371
f 1294 1383 1384
f 1371 1384 1372
f 1372 1384 1385
f 1372 1385 1373
f 1376 1386 1375
f 1375 1386 1286
f 1386 1295 1286
f 1386 1387 1295
f 1288 1295 1378
f 1378 1295 1387
f 1380 1388 1379
f 1379 1388 1290
f 1388 1296 1290
f 1388 1389 1296
f 1389 1391 1390
f 1297 1389 1390
f 1296 1389 1297
f 1392 1298 1297
f 1392 1297 1390
f 1392 1299 1298
f 1302 1393 1303
f 1394 1304 1303
f 1394 1303 1393
f 1304 1394 1395
f 1396 1304 1395
f 1305 1304 1396
f 1293 1305 1381
f 1305 1397 1381
f 1305 1396 1397
f 1381 1397 1382
f 1391 1398 1390
f 1400 1399 1398
f 1399 1390 1398
f 1399 1392 1390
f 1401 1306 1299
f 1392 1401 1299
f 1399 1401 1392
f 1401 1307 1306
f 1309 1402 1310
f 1403 1311 1310
f 1403 1310 1402
f 1393 1302 1311
f 1403 1393 1311
f 1404 1393 1403
f 1406 1394 1405
f 1394 1404 1405
f 1394 1393 1404
f 1394 1406 1395
f 1400 1407 1399
f 1399 1407 1401
f 1401 1407 1408
f 1307 1401 1408
f 1409 1307 1408
f 1312 1307 1409
f 1315 1410 1316
f 1410 1411 1316
f 1316 1411 1309
f 1411 1412 1309
f 1412 1402 1309
f 1402 1412 1403
f 1403 1412 1413
f 1403 1413 1404
f 1404 1413 1414
f 1404 1414 1405
f 1409 1415 1312
f 1312 1415 1317
f 1317 1416 1318
f 1415 1416 1317
f 1318 1417 1319
f 1416 1417 1318
f 1319 1418 1320
f 1417 1418 1319
f 1315 1320 1410
f 1320 1419 1410
f 1320 1418 1419
f 1410 1419 1411
f 1421 1420 1322
f 1322 1420 1321
f 1422 1322 1323
f 1422 1421 1322
f 1424 1422 1423
f 1422 1324 1423
f 1422 1323 1324
f 1325 1423 1324
f 1427 1426 1425
f 1429 1428 1425
f 1425 1428 1427
f 1327 1328 1429
f 1328 1428 1429
f 1328 1430 1428
f 1328 1321 1420
f 1328 1420 1430
f 1431 1424 1423
f 1431 1423 1325
f 1329 1431 1325
f 1432 1431 1329
f 1433 1329 1330
f 1433 1432 1329
f 1434 1330 1331
f 1434 1433 1330
f 1331 1332 1434
f 1434 1332 1435
f 1437 1436 1335
f 1335 1436 1334
f 1439 1437 1438
f 1437 1336 1438
f 1437 1335 1336
f 1338 1438 1336
f 1440 1339 1340
f 1426 1441 1425
f 1341 1440 1340
f 1440 1341 1442
f 1429 1442 1341
f 1442 1429 1441
f 1425 1441 1429
f 1429 1341 1327
f 1443 1435 1332
f 1443 1332 1342
f 1444 1342 1343
f 1444 1443 1342
f 1343 1345 1444
f 1444 1345 1445
f 1447 1446 1348
f 1348 1446 1347
f 1449 1448 1349
f 1448 1348 1349
f 1448 1447 1348
f 1449 1450 1448
f 1452 1451 1351
f 1351 1451 1350
f 1351 1334 1436
f 1351 1436 1452
f 1453 1439 1438
f 1338 1352 1438
f 1352 1454 1438
f 1454 1453 1438
f 1454 1352 1455
f 1455 1456 1454
f 1457 1354 1355
f 1458 1457 1355
f 1458 1355 1339
f 1459 1458 1339
f 1440 1459 1339
f 1459 1440 1442
f 1460 1445 1345
f 1460 1345 1356
f 1356 1347 1446
f 1356 1446 1460
f 1357 1449 1349
f 1461 1450 1449
f 1357 1461 1449
f 1358 1461 1357
f 1462 1358 1359
f 1462 1461 1358
f 1359 1350 1451
f 1359 1451 1462
f 1360 1463 1455
f 1360 1455 1352
f 1456 1455 1464
f 1455 1465 1464
f 1455 1463 1465
f 1465 1466 1464
f 1468 1467 1362
f 1362 1467 1361
f 1469 1362 1363
f 1469 1468 1362
f 1363 1354 1457
f 1470 1363 1457
f 1469 1363 1470
f 1470 1457 1458
f 1365 1471 1463
f 1365 1463 1360
f 1463 1472 1465
f 1463 1471 1472
f 1466 1465 1473
f 1473 1465 1472
f 1475 1474 1367
f 1367 1474 1366
f 1367 1361 1467
f 1367 1467 1475
f 1369 1476 1471
f 1369 1471 1365
f 1471 1477 1472
f 1471 1476 1477
f 1473 1472 1478
f 1478 1472 1477
f 1474 1370 1366
f 1479 1370 1474
f 1482 1481 1480
f 1484 1483 1480
f 1484 1480 1481
f 1486 1485 1483
f 1486 1483 1484
f 1486 1373 1485
f 1486 1374 1373
f 1486 1488 1487
f 1374 1486 1487
f 1487 1489 1374
f 1374 1489 1369
f 1489 1490 1369
f 1490 1476 1369
f 1476 1490 1477
f 1477 1490 1491
f 1477 1491 1478
f 1494 1493 1492
f 1479 1494 1492
f 1376 1479 1492
f 1370 1479 1376
f 1378 1495 1377
f 1495 1380 1377
f 1482 1480 1383
f 1382 1482 1383
f 1496 1482 1382
f 1383 1480 1384
f 1384 1480 1483
f 1384 1483 1385
f 1385 1483 1485
f 1488 1497 1487
f 1385 1485 1373
f 1487 1497 1489
f 1492 1493 1498
f 1498 1493 1499
f 1500 1386 1376
f 1492 1500 1376
f 1498 1500 1492
f 1501 1387 1386
f 1501 1386 1500
f 1495 1378 1387
f 1501 1495 1387
f 1502 1495 1501
f 1495 1502 1380
f 1502 1503 1380
f 1503 1388 1380
f 1502 1504 1503
f 1503 1506 1505
f 1389 1503 1505
f 1388 1503 1389
f 1505 1391 1389
f 1508 1507 1396
f 1508 1396 1395
f 1396 1509 1397
f 1507 1509 1396
f 1382 1397 1496
f 1496 1397 1509
f 1499 1510 1498
f 1498 1510 1500
f 1500 1510 1511
f 1500 1511 1501
f 1501 1511 1512
f 1501 1512 1502
f 1502 1512 1513
f 1502 1513 1504
f 1506 1514 1505
f 1514 1516 1515
f 1514 1515 1398
f 1505 1514 1398
f 1391 1505 1398
f 1515 1400 1398
f 1518 1517 1406
f 1518 1406 1405
f 1395 1406 1508
f 1508 1406 1517
f 1516 1519 1515
f 1515 1519 1400
f 1519 1407 1400
f 1519 1520 1407
f 1407 1521 1408
f 1520 1521 1407
f 1409 1408 1521
f 1409 1521 1522
f 1411 1523 1412
f 1524 1413 1412
f 1524 1412 1523
f 1413 1524 1525
f 1526 1413 1525
f 1414 1413 1526
f 1405 1414 1518
f 1518 1414 1526
f 1522 1527 1409
f 1409 1527 1415
f 1415 1528 1416
f 1527 1528 1415
f 1416 1529 1417
f 1528 1529 1416
f 1529 1531 1530
f 1418 1529 1530
f 1417 1529 1418
f 1418 1530 1532
f 1533 1418 1532
f 1419 1418 1533
f 1411 1419 1523
f 1419 1534 1523
f 1419 1533 1534
f 1523 1534 1524
f 1524 1534 1535
f 1524 1535 1525
f 1531 1536 1530
f 1530 1536 1532
f 1538 1537 1421
f 1421 1537 1420
f 1540 1538 1539
f 1538 1422 1539
f 1538 1421 1422
f 1539 1422 1424
f 1543 1542 1541
f 1545 1544 1541
f 1541 1544 1543
f 1545 1546 1544
f 1548 1547 1427
f 1427 1547 1426
f 1549 1427 1428
f 1549 1548 1427
f 1550 1428 1430
f 1550 1549 1428
f 1430 1420 1537
f 1430 1537 1550
f 1551 1540 1539
f 1551 1541 1542
f 1551 1431 1541
f 1551 1539 1424
f 1431 1551 1424
f 1541 1431 1432
f 1541 1432 1545
f 1552 1546 1545
f 1432 1552 1545
f 1433 1552 1432
f 1554 1552 1553
f 1552 1434 1553
f 1552 1433 1434
f 1435 1553 1434
f 1555 1436 1437
f 1439 1555 1437
f 1547 1556 1426
f 1426 1556 1441
f 1442 1441 1556
f 1442 1556 1557
f 1558 1554 1553
f 1558 1553 1435
f 1443 1558 1435
f 1559 1558 1443
f 1560 1443 1444
f 1560 1559 1443
f 1444 1445 1560
f 1560 1445 1561
f 1563 1562 1447
f 1447 1562 1446
f 1565 1563 1564
f 1563 1448 1564
f 1563 1447 1448
f 1450 1564 1448
f 1567 1566 1452
f 1452 1566 1451
f 1452 1436 1555
f 1568 1452 1555
f 1567 1452 1568
f 1568 1555 1439
f 1453 1568 1439
f 1569 1568 1453
f 1571 1569 1570
f 1569 1454 1570
f 1569 1453 1454
f 1456 1570 1454
f 1572 1458 1459
f 1442 1557 1573
f 1572 1442 1573
f 1574 1572 1573
f 1459 1442 1572
f 1575 1574 1573
f 1576 1561 1445
f 1576 1445 1460
f 1460 1446 1562
f 1460 1562 1576
f 1577 1565 1564
f 1577 1564 1450
f 1461 1577 1450
f 1578 1577 1461
f 1579 1461 1462
f 1579 1578 1461
f 1462 1451 1566
f 1462 1566 1579
f 1580 1571 1570
f 1582 1580 1581
f 1581 1580 1464
f 1580 1570 1464
f 1570 1456 1464
f 1466 1581 1464
f 1584 1583 1468
f 1468 1583 1467
f 1585 1468 1469
f 1585 1584 1468
f 1586 1469 1470
f 1586 1585 1469
f 1470 1458 1572
f 1587 1470 1572
f 1586 1470 1587
f 1587 1572 1574
f 1587 1574 1588
f 1588 1574 1575
f 1591 1590 1589
f 1593 1592 1589
f 1593 1589 1590
f 1594 1592 1593
f 1595 1582 1581
f 1581 1466 1595
f 1466 1596 1595
f 1466 1473 1596
f 1598 1597 1475
f 1475 1597 1474
f 1475 1467 1583
f 1475 1583 1598
f 1601 1600 1599
f 1599 1600 1591
f 1589 1599 1591
f 1602 1599 1589
f 1603 1589 1592
f 1602 1589 1603
f 1592 1594 1604
f 1592 1604 1603
f 1478 1596 1473
f 1478 1605 1596
f 1597 1479 1474
f 1606 1479 1597
f 1601 1599 1607
f 1601 1607 1608
f 1609 1599 1602
f 1607 1599 1609
f 1603 1611 1610
f 1609 1603 1610
f 1602 1603 1609
f 1611 1603 1604
f 1482 1612 1481
f 1613 1484 1481
f 1613 1481 1612
f 1614 1486 1484
f 1614 1484 1613
f 1614 1488 1486
f 1489 1615 1490
f 1616 1491 1490
f 1616 1490 1615
f 1616 1617 1491
f 1617 1478 1491
f 1617 1605 1478
f 1619 1618 1494
f 1494 1618 1493
f 1494 1479 1606
f 1494 1606 1619
f 1620 1608 1607
f 1620 1607 1609
f 1620 1609 1621
f 1621 1609 1610
f 1623 1622 1612
f 1482 1623 1612
f 1496 1623 1482
f 1612 1622 1613
f 1613 1622 1624
f 1613 1624 1614
f 1614 1624 1625
f 1614 1625 1488
f 1625 1497 1488
f 1625 1626 1497
f 1489 1497 1615
f 1497 1627 1615
f 1497 1626 1627
f 1615 1627 1616
f 1616 1627 1628
f 1616 1628 1617
f 1618 1499 1493
f 1629 1499 1618
f 1504 1630 1503
f 1630 1506 1503
f 1508 1631 1507
f 1507 1631 1632
f 1633 1507 1632
f 1509 1507 1633
f 1496 1509 1623
f 1623 1509 1633
f 1510 1499 1634
f 1499 1635 1634
f 1499 1629 1635
f 1636 1511 1510
f 1636 1510 1634
f 1637 1512 1511
f 1637 1511 1636
f 1638 1513 1512
f 1638 1512 1637
f 1638 1639 1513
f 1513 1639 1504
f 1639 1640 1504
f 1640 1630 1504
f 1640 1642 1641
f 1640 1641 1514
f 1630 1640 1514
f 1506 1630 1514
f 1641 1516 1514
f 1518 1643 1517
f 1643 1644 1517
f 1517 1644 1508
f 1644 1645 1508
f 1645 1631 1508
f 1631 1645 1632
f 1635 1646 1634
f 1634 1646 1636
f 1636 1646 1647
f 1636 1647 1637
f 1637 1647 1648
f 1637 1648 1638
f 1638 1648 1649
f 1638 1649 1639
f 1642 1650 1641
f 1641 1650 1516
f 1650 1519 1516
f 1650 1651 1519
f 1519 1652 1520
f 1651 1652 1519
f 1520 1653 1521
f 1652 1653 1520
f 1522 1521 1653
f 1522 1653 1654
f 1525 1655 1526
f 1655 1656 1526
f 1526 1656 1518
f 1656 1657 1518
f 1657 1643 1518
f 1643 1657 1644
f 1654 1658 1522
f 1522 1658 1527
f 1527 1659 1528
f 1658 1659 1527
f 1528 1660 1529
f 1659 1660 1528
f 1531 1529 1660
f 1531 1660 1661
f 1532 1662 1533
f 1663 1534 1533
f 1663 1533 1662
f 1664 1535 1534
f 1664 1534 1663
f 1664 1665 1535
f 1535 1665 1525
f 1665 1666 1525
f 1666 1655 1525
f 1655 1666 1656
f 1661 1667 1531
f 1531 1667 1536
f 1532 1536 1662
f 1536 1668 1662
f 1536 1667 1668
f 1662 1668 1663
f 1663 1668 1669
f 1663 1669 1664
f 1664 1669 1670
f 1664 1670 1665
f 1671 1537 1538
f 1540 1671 1538
f 1672 1542 1543
f 1544 1673 1543
f 1543 1673 1672
f 1546 1673 1544
f 1674 1547 1548
f 1549 1675 1548
f 1548 1675 1674
f 1675 1549 1676
f 1549 1677 1676
f 1549 1550 1677
f 1677 1550 1537
f 1678 1677 1537
f 1671 1678 1537
f 1677 1678 1679
f 1551 1680 1540
f 1680 1671 1540
f 1680 1678 1671
f 1542 1672 1551
f 1672 1680 1551
f 1672 1681 1680
f 1673 1683 1682
f 1681 1673 1682
f 1672 1673 1681
f 1683 1673 1546
f 1552 1683 1546
f 1684 1683 1552
f 1686 1685 1554
f 1685 1552 1554
f 1685 1684 1552
f 1688 1687 1686
f 1686 1687 1685
f 1688 1689 1687
f 1674 1556 1547
f 1556 1674 1557
f 1674 1690 1557
f 1674 1675 1690
f 1675 1676 1691
f 1675 1691 1690
f 1692 1679 1678
f 1692 1678 1680
f 1692 1680 1693
f 1693 1680 1681
f 1693 1681 1694
f 1694 1681 1682
f 1558 1686 1554
f 1686 1558 1559
f 1686 1559 1688
f 1559 1560 1688
f 1560 1695 1688
f 1695 1689 1688
f 1560 1696 1695
f 1561 1696 1560
f 1697 1562 1563
f 1565 1697 1563
f 1698 1566 1567
f 1568 1699 1567
f 1567 1699 1698
f 1569 1700 1568
f 1568 1700 1699
f 1571 1700 1569
f 1690 1573 1557
f 1702 1701 1575
f 1702 1575 1573
f 1691 1702 1573
f 1690 1691 1573
f 1703 1701 1702
f 1695 1696 1704
f 1695 1704 1705
f 1576 1706 1561
f 1706 1696 1561
f 1706 1704 1696
f 1562 1697 1576
f 1697 1706 1576
f 1697 1707 1706
f 1577 1708 1565
f 1708 1697 1565
f 1708 1707 1697
f 1578 1709 1577
f 1577 1709 1708
f 1709 1578 1710
f 1578 1711 1710
f 1578 1579 1711
f 1579 1566 1698
f 1712 1579 1698
f 1711 1579 1712
f 1712 1698 1699
f 1712 1699 1713
f 1713 1699 1700
f 1713 1700 1714
f 1714 1700 1571
f 1580 1714 1571
f 1715 1714 1580
f 1580 1582 1715
f 1715 1582 1716
f 1719 1718 1717
f 1583 1584 1717
f 1584 1719 1717
f 1584 1720 1719
f 1721 1584 1585
f 1721 1720 1584
f 1723 1721 1722
f 1721 1586 1722
f 1721 1585 1586
f 1722 1586 1724
f 1586 1725 1724
f 1586 1587 1725
f 1726 1587 1588
f 1726 1725 1587
f 1588 1575 1701
f 1727 1588 1701
f 1726 1588 1727
f 1727 1701 1703
f 1730 1729 1728
f 1732 1731 1728
f 1732 1728 1729
f 1731 1732 1705
f 1731 1705 1704
f 1591 1731 1704
f 1590 1591 1704
f 1590 1704 1593
f 1593 1704 1706
f 1706 1707 1733
f 1594 1706 1733
f 1734 1594 1733
f 1706 1594 1593
f 1733 1707 1708
f 1733 1708 1735
f 1735 1708 1709
f 1735 1709 1736
f 1736 1709 1710
f 1582 1595 1737
f 1738 1582 1737
f 1716 1582 1738
f 1596 1737 1595
f 1717 1718 1598
f 1718 1597 1598
f 1718 1739 1597
f 1717 1598 1583
f 1740 1723 1722
f 1740 1722 1724
f 1730 1728 1741
f 1730 1741 1742
f 1601 1741 1600
f 1741 1731 1600
f 1741 1728 1731
f 1600 1731 1591
f 1734 1604 1594
f 1743 1604 1734
f 1744 1738 1737
f 1737 1596 1744
f 1596 1745 1744
f 1596 1605 1745
f 1748 1747 1746
f 1739 1748 1746
f 1606 1739 1746
f 1597 1739 1606
f 1742 1741 1749
f 1742 1749 1750
f 1608 1749 1601
f 1601 1749 1741
f 1753 1752 1751
f 1610 1611 1751
f 1611 1753 1751
f 1611 1754 1753
f 1611 1604 1743
f 1611 1743 1754
f 1617 1745 1605
f 1617 1755 1745
f 1746 1747 1619
f 1747 1618 1619
f 1747 1756 1618
f 1746 1619 1606
f 1757 1750 1749
f 1757 1749 1608
f 1620 1757 1608
f 1758 1757 1620
f 1621 1751 1752
f 1758 1621 1752
f 1620 1621 1758
f 1751 1621 1610
f 1623 1759 1622
f 1760 1624 1622
f 1760 1622 1759
f 1761 1625 1624
f 1761 1624 1760
f 1762 1626 1625
f 1762 1625 1761
f 1626 1762 1763
f 1764 1626 1763
f 1627 1626 1764
f 1627 1765 1628
f 1764 1765 1627
f 1617 1628 1755
f 1755 1628 1765
f 1756 1629 1618
f 1766 1629 1756
f 1632 1767 1633
f 1767 1768 1633
f 1633 1768 1623
f 1768 1769 1623
f 1769 1759 1623
f 1759 1769 1760
f 1760 1769 1770
f 1760 1770 1761
f 1761 1770 1771
f 1761 1771 1762
f 1762 1771 1772
f 1762 1772 1763
f 1766 1635 1629
f 1773 1635 1766
f 1639 1774 1640
f 1774 1642 1640
f 1644 1775 1645
f 1775 1776 1645
f 1645 1776 1632
f 1776 1777 1632
f 1777 1767 1632
f 1767 1777 1768
f 1773 1778 1635
f 1635 1778 1646
f 1646 1779 1647
f 1778 1779 1646
f 1647 1780 1648
f 1779 1780 1647
f 1648 1781 1649
f 1780 1781 1648
f 1639 1649 1774
f 1649 1782 1774
f 1649 1781 1782
f 1774 1782 1642
f 1782 1650 1642
f 1782 1783 1650
f 1650 1784 1651
f 1783 1784 1650
f 1651 1785 1652
f 1784 1785 1651
f 1652 1786 1653
f 1785 1786 1652
f 1788 1787 1654
f 1653 1788 1654
f 1786 1788 1653
f 1789 1787 1788
f 1656 1790 1657
f 1775 1644 1657
f 1790 1775 1657
f 1791 1775 1790
f 1776 1775 1792
f 1792 1775 1791
f 1787 1658 1654
f 1789 1793 1787
f 1793 1658 1787
f 1793 1659 1658
f 1659 1794 1660
f 1793 1794 1659
f 1661 1660 1794
f 1661 1794 1795
f 1797 1796 1666
f 1797 1666 1665
f 1656 1666 1790
f 1666 1798 1790
f 1666 1796 1798
f 1790 1798 1791
f 1791 1798 1799
f 1791 1799 1792
f 1795 1800 1661
f 1661 1800 1667
f 1667 1801 1668
f 1800 1801 1667
f 1668 1802 1669
f 1801 1802 1668
f 1669 1803 1670
f 1802 1803 1669
f 1665 1670 1797
f 1797 1670 1803
f 1804 1676 1677
f 1679 1804 1677
f 1806 1805 1683
f 1683 1805 1682
f 1807 1683 1684
f 1807 1806 1683
f 1808 1684 1685
f 1808 1807 1684
f 1810 1808 1809
f 1808 1687 1809
f 1808 1685 1687
f 1689 1809 1687
f 1812 1811 1804
f 1811 1676 1804
f 1811 1691 1676
f 1812 1804 1679
f 1692 1812 1679
f 1813 1812 1692
f 1814 1692 1693
f 1814 1813 1692
f 1815 1693 1694
f 1815 1814 1693
f 1694 1682 1805
f 1694 1805 1815
f 1810 1809 1816
f 1810 1816 1817
f 1695 1816 1689
f 1689 1816 1809
f 1811 1818 1691
f 1691 1818 1702
f 1703 1702 1818
f 1703 1818 1819
f 1817 1816 1820
f 1817 1820 1821
f 1705 1820 1695
f 1695 1820 1816
f 1822 1710 1711
f 1712 1823 1711
f 1711 1823 1822
f 1713 1824 1712
f 1712 1824 1823
f 1824 1713 1825
f 1713 1826 1825
f 1713 1714 1826
f 1827 1714 1715
f 1827 1826 1714
f 1829 1828 1716
f 1828 1715 1716
f 1828 1827 1715
f 1829 1830 1828
f 1831 1718 1719
f 1720 1832 1719
f 1719 1832 1831
f 1721 1833 1720
f 1720 1833 1832
f 1723 1833 1721
f 1835 1834 1725
f 1725 1834 1724
f 1837 1835 1836
f 1835 1726 1836
f 1835 1725 1726
f 1836 1726 1838
f 1726 1839 1838
f 1726 1727 1839
f 1727 1703 1819
f 1727 1819 1839
f 1841 1840 1729
f 1841 1729 1730
f 1820 1732 1821
f 1732 1840 1821
f 1732 1729 1840
f 1732 1820 1705
f 1842 1734 1733
f 1842 1733 1843
f 1733 1844 1843
f 1733 1735 1844
f 1845 1735 1736
f 1845 1844 1735
f 1736 1710 1822
f 1846 1736 1822
f 1845 1736 1846
f 1846 1822 1823
f 1846 1823 1847
f 1847 1823 1824
f 1847 1824 1848
f 1848 1824 1825
f 1738 1849 1829
f 1738 1829 1716
f 1830 1829 1850
f 1850 1829 1849
f 1851 1739 1831
f 1831 1739 1718
f 1832 1853 1852
f 1851 1832 1852
f 1831 1832 1851
f 1853 1832 1833
f 1853 1833 1854
f 1854 1833 1723
f 1740 1854 1723
f 1855 1854 1740
f 1740 1724 1834
f 1740 1834 1855
f 1856 1837 1836
f 1856 1836 1838
f 1742 1841 1730
f 1742 1857 1841
f 1859 1858 1842
f 1858 1734 1842
f 1858 1743 1734
f 1859 1842 1843
f 1744 1849 1738
f 1744 1745 1849
f 1745 1850 1849
f 1745 1860 1850
f 1862 1861 1748
f 1748 1861 1747
f 1748 1739 1851
f 1863 1748 1851
f 1862 1748 1863
f 1863 1851 1852
f 1750 1857 1742
f 1750 1864 1857
f 1865 1752 1753
f 1865 1753 1866
f 1753 1867 1866
f 1753 1754 1867
f 1754 1743 1858
f 1754 1858 1867
f 1755 1860 1745
f 1755 1868 1860
f 1861 1756 1747
f 1869 1756 1861
f 1750 1757 1870
f 1871 1750 1870
f 1864 1750 1871
f 1758 1872 1757
f 1757 1872 1870
f 1873 1872 1758
f 1873 1758 1752
f 1874 1873 1752
f 1865 1874 1752
f 1874 1865 1866
f 1876 1875 1764
f 1876 1764 1763
f 1764 1877 1765
f 1875 1877 1764
f 1755 1765 1868
f 1868 1765 1877
f 1869 1766 1756
f 1878 1766 1869
f 1879 1871 1870
f 1879 1870 1872
f 1879 1872 1880
f 1880 1872 1873
f 1768 1881 1769
f 1882 1770 1769
f 1882 1769 1881
f 1883 1771 1770
f 1883 1770 1882
f 1771 1883 1884
f 1885 1771 1884
f 1772 1771 1885
f 1763 1772 1876
f 1876 1772 1885
f 1878 1773 1766
f 1886 1773 1878
f 1776 1887 1777
f 1887 1888 1777
f 1777 1888 1768
f 1888 1889 1768
f 1889 1881 1768
f 1881 1889 1882
f 1882 1889 1890
f 1882 1890 1883
f 1883 1890 1891
f 1883 1891 1884
f 1886 1892 1773
f 1773 1892 1778
f 1778 1893 1779
f 1892 1893 1778
f 1779 1894 1780
f 1893 1894 1779
f 1780 1895 1781
f 1894 1895 1780
f 1781 1896 1782
f 1895 1896 1781
f 1782 1897 1783
f 1896 1897 1782
f 1783 1898 1784
f 1897 1898 1783
f 1784 1899 1785
f 1898 1899 1784
f 1785 1900 1786
f 1899 1900 1785
f 1786 1901 1788
f 1900 1901 1786
f 1789 1788 1901
f 1789 1901 1902
f 1904 1903 1887
f 1776 1904 1887
f 1792 1904 1776
f 1887 1903 1888
f 1902 1905 1789
f 1789 1905 1793
f 1793 1906 1794
f 1905 1906 1793
f 1795 1794 1906
f 1795 1906 1907
f 1797 1908 1796
f 1796 1908 1909
f 1910 1796 1909
f 1798 1796 1910
f 1798 1911 1799
f 1910 1911 1798
f 1792 1799 1904
f 1904 1799 1911
f 1907 1912 1795
f 1795 1912 1800
f 1800 1913 1801
f 1912 1913 1800
f 1801 1914 1802
f 1913 1914 1801
f 1802 1915 1803
f 1914 1915 1802
f 1797 1803 1908
f 1803 1916 1908
f 1803 1915 1916
f 1908 1916 1909
f 1918 1917 1806
f 1806 1917 1805
f 1920 1918 1919
f 1918 1807 1919
f 1918 1806 1807
f 1808 1921 1807
f 1807 1921 1919
f 1810 1921 1808
f 1922 1811 1812
f 1813 1923 1812
f 1812 1923 1922
f 1814 1924 1813
f 1813 1924 1923
f 1924 1814 1925
f 1814 1926 1925
f 1814 1815 1926
f 1815 1805 1917
f 1815 1917 1926
f 1927 1920 1919
f 1929 1928 1927
f 1919 1929 1927
f 1921 1929 1919
f 1817 1929 1810
f 1810 1929 1921
f 1922 1818 1811
f 1922 1923 1930
f 1819 1922 1930
f 1931 1819 1930
f 1922 1819 1818
f 1930 1923 1924
f 1930 1924 1932
f 1932 1924 1925
f 1928 1929 1933
f 1928 1933 1934
f 1821 1933 1817
f 1817 1933 1929
f 1937 1936 1935
f 1825 1826 1935
f 1826 1937 1935
f 1826 1938 1937
f 1940 1938 1939
f 1938 1827 1939
f 1938 1826 1827
f 1828 1941 1827
f 1827 1941 1939
f 1830 1941 1828
f 1942 1834 1835
f 1837 1942 1835
f 1944 1943 1839
f 1839 1943 1838
f 1839 1819 1931
f 1839 1931 1944
f 1934 1933 1840
f 1841 1934 1840
f 1945 1934 1841
f 1840 1933 1821
f 1947 1946 1844
f 1844 1946 1843
f 1948 1844 1845
f 1948 1947 1844
f 1949 1845 1846
f 1949 1948 1845
f 1950 1846 1847
f 1950 1949 1846
f 1848 1935 1936
f 1950 1848 1936
f 1847 1848 1950
f 1935 1848 1825
f 1951 1940 1939
f 1951 1939 1941
f 1951 1941 1952
f 1941 1830 1952
f 1830 1953 1952
f 1830 1850 1953
f 1955 1954 1853
f 1853 1954 1852
f 1956 1853 1854
f 1956 1955 1853
f 1957 1854 1855
f 1957 1956 1854
f 1957 1855 1834
f 1958 1957 1834
f 1942 1958 1834
f 1957 1958 1959
f 1958 1942 1837
f 1960 1958 1837
f 1856 1960 1837
f 1961 1958 1960
f 1856 1838 1943
f 1856 1943 1960
f 1857 1945 1841
f 1857 1962 1945
f 1963 1858 1859
f 1964 1963 1859
f 1843 1964 1859
f 1946 1964 1843
f 1860 1953 1850
f 1860 1965 1953
f 1966 1861 1862
f 1966 1862 1967
f 1862 1968 1967
f 1862 1863 1968
f 1863 1852 1954
f 1863 1954 1968
f 1969 1959 1958
f 1969 1958 1961
f 1972 1971 1970
f 1971 1962 1970
f 1962 1864 1970
f 1962 1857 1864
f 1974 1973 1867
f 1867 1973 1866
f 1867 1858 1963
f 1975 1867 1963
f 1974 1867 1975
f 1975 1963 1964
f 1868 1965 1860
f 1868 1976 1965
f 1978 1977 1966
f 1977 1861 1966
f 1977 1869 1861
f 1978 1966 1967
f 1979 1972 1970
f 1970 1864 1979
f 1864 1980 1979
f 1864 1871 1980
f 1982 1981 1874
f 1874 1981 1873
f 1874 1866 1973
f 1874 1973 1982
f 1984 1983 1875
f 1984 1875 1876
f 1875 1985 1877
f 1983 1985 1875
f 1868 1877 1976
f 1976 1877 1985
f 1977 1878 1869
f 1986 1878 1977
f 1871 1879 1987
f 1988 1871 1987
f 1980 1871 1988
f 1880 1989 1879
f 1879 1989 1987
f 1990 1989 1880
f 1873 1990 1880
f 1981 1990 1873
f 1992 1991 1885
f 1992 1885 1884
f 1876 1885 1984
f 1984 1885 1991
f 1986 1886 1878
f 1993 1886 1986
f 1994 1988 1987
f 1994 1987 1989
f 1994 1989 1995
f 1995 1989 1990
f 1997 1996 1889
f 1997 1889 1888
f 1889 1998 1890
f 1996 1998 1889
f 1890 1999 1891
f 1998 1999 1890
f 1884 1891 1992
f 1992 1891 1999
f 1993 2000 1886
f 1886 2000 1892
f 1892 2001 1893
f 2000 2001 1892
f 1893 2002 1894
f 2001 2002 1893
f 1894 2003 1895
f 2002 2003 1894
f 2003 2005 2004
f 1896 2003 2004
f 1895 2003 1896
f 2006 1897 1896
f 2006 1896 2004
f 2007 1898 1897
f 2007 1897 2006
f 1898 2007 2008
f 2009 1898 2008
f 1899 1898 2009
f 1899 2010 1900
f 2009 2010 1899
f 1900 2011 1901
f 2010 2011 1900
f 1902 1901 2011
f 1902 2011 2012
f 2014 2013 1903
f 2014 1903 1904
f 1888 1903 1997
f 1997 1903 2013
f 2005 2015 2004
f 2004 2015 2006
f 2006 2015 2016
f 2006 2016 2007
f 2007 2016 2017
f 2007 2017 2008
f 2012 2018 1902
f 1902 2018 1905
f 1905 2019 1906
f 2018 2019 1905
f 1907 1906 2019
f 1907 2019 2020
f 2022 2021 1910
f 2022 1910 1909
f 1910 2023 1911
f 2021 2023 1910
f 1904 1911 2014
f 2014 1911 2023
f 2020 2024 1907
f 1907 2024 1912
f 1912 2025 1913
f 2024 2025 1912
f 1913 2026 1914
f 2025 2026 1913
f 1914 2027 1915
f 2026 2027 1914
f 1915 2028 1916
f 2027 2028 1915
f 1909 1916 2022
f 2022 1916 2028
f 2029 1917 1918
f 1920 2029 1918
f 2031 2030 1926
f 1926 2030 1925
f 1926 1917 2029
f 2032 1926 2029
f 2031 1926 2032
f 2034 2032 2033
f 2033 2032 1927
f 2032 2029 1927
f 2029 1920 1927
f 1928 2033 1927
f 2035 1931 1930
f 2035 1930 2036
f 1930 2037 2036
f 1930 1932 2037
f 1932 1925 2030
f 1932 2030 2037
f 2038 2034 2033
f 2033 1928 2038
f 1928 2039 2038
f 1928 1934 2039
f 2040 1936 1937
f 1938 2041 1937
f 1937 2041 2040
f 1940 2041 1938
f 2042 1943 1944
f 2043 2042 1944
f 2043 1944 1931
f 2044 2043 1931
f 2035 2044 1931
f 2044 2035 2036
f 1945 2039 1934
f 1945 2045 2039
f 2046 1946 1947
f 1948 2047 1947
f 1947 2047 2046
f 1949 2048 1948
f 1948 2048 2047
f 1950 2049 1949
f 1949 2049 2048
f 1936 2040 1950
f 2040 2049 1950
f 2040 2050 2049
f 2051 2040 2041
f 2050 2040 2051
f 1951 2052 1940
f 2052 2041 1940
f 2052 2051 2041
f 1952 2053 1951
f 1951 2053 2052
f 1953 2053 1952
f 2056 2055 2054
f 1954 1955 2054
f 1955 2056 2054
f 1955 2057 2056
f 2058 1955 1956
f 2058 2057 1955
f 2060 2058 2059
f 2058 1957 2059
f 2058 1956 1957
f 1959 2059 1957
f 2062 2061 1960
f 1960 2061 1961
f 1960 1943 2042
f 2063 1960 2042
f 2062 1960 2063
f 2063 2042 2043
f 1962 2045 1945
f 1962 2064 2045
f 2065 1964 2046
f 2046 1964 1946
f 2047 2067 2066
f 2065 2047 2066
f 2046 2047 2065
f 2069 2068 2067
f 2047 2069 2067
f 2048 2069 2047
f 2049 2071 2070
f 2069 2049 2070
f 2048 2049 2069
f 2071 2049 2050
f 2071 2050 2072
f 2072 2050 2051
f 2072 2051 2073
f 2075 2074 2073
f 2051 2075 2073
f 2052 2075 2051
f 2076 2052 2053
f 2075 2052 2076
f 1965 2076 1953
f 1953 2076 2053
f 2079 2078 2077
f 2079 2077 2055
f 2055 2077 2054
f 2077 1967 2054
f 1967 1968 2054
f 2054 1968 1954
f 2080 2060 2059
f 2080 2059 1959
f 1969 2080 1959
f 2081 2080 1969
f 1969 1961 2061
f 1969 2061 2081
f 2083 2082 1971
f 2083 1971 1972
f 1962 1971 2064
f 2064 1971 2082
f 2084 1973 1974
f 2084 1974 2085
f 1974 2086 2085
f 1974 1975 2086
f 1975 1964 2065
f 2087 1975 2065
f 2086 1975 2087
f 2087 2065 2066
f 2088 2068 2069
f 2088 2069 2070
f 2089 2074 2075
f 2091 2090 2089
f 2075 2091 2089
f 2076 2091 2075
f 1976 2091 1965
f 1965 2091 2076
f 2094 2093 2092
f 2094 2092 2078
f 2078 2092 2077
f 2092 1977 2077
f 1977 1978 2077
f 2077 1978 1967
f 1972 1979 2095
f 2096 1972 2095
f 2083 1972 2096
f 1980 2095 1979
f 2097 1981 1982
f 2098 2097 1982
f 2098 1982 1973
f 2099 2098 1973
f 2084 2099 1973
f 2099 2084 2085
f 1984 2100 1983
f 2101 2090 2091
f 1983 2101 2091
f 1985 1983 2091
f 2101 1983 2100
f 1985 2091 1976
f 2093 2102 2092
f 1977 2092 2102
f 2103 1977 2102
f 1986 1977 2103
f 2104 2096 2095
f 2095 1980 2104
f 1980 2105 2104
f 1980 1988 2105
f 2107 2106 2097
f 2106 1981 2097
f 2106 1990 1981
f 2107 2097 2098
f 2109 2108 1991
f 2109 1991 1992
f 1984 1991 2100
f 1991 2110 2100
f 1991 2108 2110
f 2100 2110 2101
f 2103 1993 1986
f 2111 1993 2103
f 2112 2105 1988
f 2112 1988 1994
f 2113 1994 1995
f 2113 2112 1994
f 1995 1990 2106
f 1995 2106 2113
f 1997 2114 1996
f 2115 1998 1996
f 2115 1996 2114
f 1998 2115 2116
f 2117 1998 2116
f 1999 1998 2117
f 1992 1999 2109
f 2109 1999 2117
f 2111 2118 1993
f 1993 2118 2000
f 2000 2119 2001
f 2118 2119 2000
f 2001 2120 2002
f 2119 2120 2001
f 2120 2122 2121
f 2003 2120 2121
f 2002 2120 2003
f 2121 2005 2003
f 2008 2123 2009
f 2009 2123 2124
f 2125 2009 2124
f 2010 2009 2125
f 2010 2126 2011
f 2125 2126 2010
f 2012 2011 2126
f 2012 2126 2127
f 2014 2128 2013
f 2114 1997 2013
f 2128 2114 2013
f 2129 2114 2128
f 2131 2115 2130
f 2115 2129 2130
f 2115 2114 2129
f 2115 2131 2116
f 2122 2132 2121
f 2121 2132 2005
f 2132 2015 2005
f 2132 2133 2015
f 2015 2134 2016
f 2133 2134 2015
f 2016 2135 2017
f 2134 2135 2016
f 2008 2017 2123
f 2017 2136 2123
f 2017 2135 2136
f 2123 2136 2124
f 2127 2137 2012
f 2012 2137 2018
f 2137 2139 2138
f 2019 2137 2138
f 2018 2137 2019
f 2138 2020 2019
f 2142 2141 2140
f 2144 2143 2140
f 2144 2140 2141
f 2021 2022 2143
f 2144 2021 2143
f 2145 2021 2144
f 2021 2146 2023
f 2145 2146 2021
f 2014 2023 2128
f 2023 2147 2128
f 2023 2146 2147
f 2128 2147 2129
f 2129 2147 2148
f 2129 2148 2130
f 2139 2149 2138
f 2138 2149 2020
f 2149 2024 2020
f 2149 2150 2024
f 2024 2151 2025
f 2150 2151 2024
f 2025 2152 2026
f 2151 2152 2025
f 2140 2027 2142
f 2027 2152 2142
f 2027 2026 2152
f 2027 2140 2028
f 2028 2140 2143
f 2028 2143 2022
f 2153 2030 2031
f 2032 2154 2031
f 2031 2154 2153
f 2034 2154 2032
f 2155 2036 2037
f 2156 2155 2037
f 2156 2037 2030
f 2157 2156 2030
f 2153 2157 2030
f 2159 2158 2157
f 2153 2159 2157
f 2154 2159 2153
f 2038 2160 2034
f 2160 2154 2034
f 2160 2159 2154
f 2039 2160 2038
f 2162 2161 2044
f 2044 2161 2043
f 2044 2036 2155
f 2163 2044 2155
f 2162 2044 2163
f 2163 2155 2156
f 2164 2158 2159
f 2166 2165 2164
f 2159 2166 2164
f 2160 2166 2159
f 2045 2166 2039
f 2039 2166 2160
f 2167 2055 2056
f 2057 2168 2056
f 2056 2168 2167
f 2058 2169 2057
f 2057 2169 2168
f 2060 2169 2058
f 2171 2170 2062
f 2062 2170 2061
f 2172 2062 2063
f 2172 2171 2062
f 2063 2043 2161
f 2063 2161 2172
f 2165 2166 2173
f 2165 2173 2174
f 2064 2173 2045
f 2045 2173 2166
f 2175 2066 2067
f 2068 2175 2067
f 2176 2070 2071
f 2072 2177 2071
f 2071 2177 2176
f 2073 2178 2072
f 2072 2178 2177
f 2074 2178 2073
f 2180 2179 2079
f 2079 2179 2078
f 2079 2055 2167
f 2181 2079 2167
f 2180 2079 2181
f 2181 2167 2168
f 2181 2168 2182
f 2184 2183 2182
f 2168 2184 2182
f 2169 2184 2168
f 2080 2185 2060
f 2185 2169 2060
f 2185 2184 2169
f 2185 2080 2186
f 2080 2187 2186
f 2080 2081 2187
f 2081 2061 2170
f 2081 2170 2187
f 2174 2173 2082
f 2083 2174 2082
f 2188 2174 2083
f 2082 2173 2064
f 2189 2085 2086
f 2087 2190 2086
f 2086 2190 2189
f 2191 2190 2087
f 2191 2087 2066
f 2192 2191 2066
f 2175 2192 2066
f 2192 2175 2068
f 2088 2192 2068
f 2193 2192 2088
f 2193 2088 2070
f 2194 2193 2070
f 2176 2194 2070
f 2193 2194 2195
f 2196 2176 2177
f 2194 2176 2196
f 2197 2177 2178
f 2196 2177 2197
f 2089 2198 2074
f 2198 2178 2074
f 2198 2197 2178
f 2090 2198 2089
f 2199 2093 2094
f 2200 2199 2094
f 2078 2200 2094
f 2179 2200 2078
f 2201 2183 2184
f 2201 2184 2185
f 2201 2185 2202
f 2202 2185 2186
f 2096 2188 2083
f 2096 2203 2188
f 2204 2098 2099
f 2085 2189 2099
f 2189 2204 2099
f 2189 2205 2204
f 2190 2207 2206
f 2205 2190 2206
f 2189 2190 2205
f 2207 2190 2191
f 2208 2195 2194
f 2210 2209 2208
f 2194 2210 2208
f 2196 2210 2194
f 2211 2196 2197
f 2210 2196 2211
f 2212 2197 2198
f 2211 2197 2212
f 2101 2212 2090
f 2090 2212 2198
f 2199 2102 2093
f 2214 2213 2103
f 2214 2103 2102
f 2200 2214 2102
f 2199 2200 2102
f 2215 2213 2214
f 2096 2104 2216
f 2217 2096 2216
f 2203 2096 2217
f 2105 2216 2104
f 2218 2106 2107
f 2098 2204 2107
f 2204 2218 2107
f 2204 2219 2218
f 2220 2204 2205
f 2219 2204 2220
f 2205 2206 2221
f 2205 2221 2220
f 2222 2209 2210
f 2109 2223 2108
f 2223 2210 2108
f 2210 2211 2108
f 2223 2222 2210
f 2108 2211 2110
f 2110 2211 2212
f 2110 2212 2101
f 2224 2111 2213
f 2213 2111 2103
f 2213 2215 2225
f 2226 2213 2225
f 2224 2213 2226
f 2227 2226 2225
f 2228 2217 2216
f 2228 2216 2105
f 2112 2228 2105
f 2229 2228 2112
f 2231 2229 2230
f 2229 2113 2230
f 2229 2112 2113
f 2106 2218 2113
f 2218 2230 2113
f 2218 2232 2230
f 2233 2218 2219
f 2232 2218 2233
f 2220 2235 2234
f 2233 2220 2234
f 2219 2220 2233
f 2235 2220 2221
f 2237 2236 2117
f 2237 2117 2116
f 2109 2117 2223
f 2223 2117 2236
f 2224 2118 2111
f 2118 2224 2119
f 2119 2224 2226
f 2227 2238 2226
f 2238 2119 2226
f 2238 2120 2119
f 2240 2239 2122
f 2120 2240 2122
f 2238 2240 2120
f 2241 2239 2240
f 2243 2242 2125
f 2243 2125 2124
f 2242 2245 2244
f 2126 2242 2244
f 2125 2242 2126
f 2244 2127 2126
f 2231 2230 2246
f 2231 2246 2247
f 2248 2230 2232
f 2246 2230 2248
f 2249 2232 2233
f 2248 2232 2249
f 2233 2234 2250
f 2233 2250 2249
f 2252 2251 2131
f 2252 2131 2130
f 2116 2131 2237
f 2237 2131 2251
f 2239 2132 2122
f 2241 2253 2239
f 2253 2132 2239
f 2253 2133 2132
f 2133 2254 2134
f 2253 2254 2133
f 2134 2255 2135
f 2254 2255 2134
f 2135 2256 2136
f 2255 2256 2135
f 2124 2136 2243
f 2243 2136 2256
f 2245 2257 2244
f 2244 2257 2127
f 2257 2137 2127
f 2257 2258 2137
f 2139 2137 2258
f 2139 2258 2259
f 2262 2261 2260
f 2260 2261 2247
f 2246 2260 2247
f 2263 2260 2246
f 2142 2263 2141
f 2263 2248 2141
f 2263 2246 2248
f 2141 2248 2144
f 2144 2248 2249
f 2250 2264 2249
f 2264 2144 2249
f 2264 2145 2144
f 2264 2266 2265
f 2146 2264 2265
f 2145 2264 2146
f 2146 2265 2267
f 2268 2146 2267
f 2147 2146 2268
f 2147 2269 2148
f 2268 2269 2147
f 2130 2148 2252
f 2252 2148 2269
f 2259 2270 2139
f 2139 2270 2149
f 2149 2271 2150
f 2270 2271 2149
f 2260 2151 2262
f 2151 2271 2262
f 2151 2150 2271
f 2151 2260 2152
f 2152 2260 2263
f 2152 2263 2142
f 2266 2272 2265
f 2265 2272 2267
f 2273 2156 2157
f 2158 2273 2157
f 2274 2161 2162
f 2274 2162 2275
f 2162 2276 2275
f 2162 2163 2276
f 2163 2156 2273
f 2277 2163 2273
f 2276 2163 2277
f 2279 2277 2278
f 2278 2277 2164
f 2277 2273 2164
f 2273 2158 2164
f 2165 2278 2164
f 2280 2170 2171
f 2172 2281 2171
f 2171 2281 2280
f 2282 2281 2172
f 2282 2172 2161
f 2283 2282 2161
f 2274 2283 2161
f 2283 2274 2275
f 2279 2278 2284
f 2279 2284 2285
f 2174 2284 2165
f 2165 2284 2278
f 2286 2179 2180
f 2286 2180 2287
f 2180 2288 2287
f 2180 2181 2288
f 2289 2181 2182
f 2289 2288 2181
f 2182 2183 2289
f 2289 2183 2290
f 2291 2186 2187
f 2292 2291 2187
f 2292 2187 2170
f 2293 2292 2170
f 2280 2293 2170
f 2293 2280 2281
f 2293 2281 2294
f 2294 2281 2282
f 2295 2285 2284
f 2284 2174 2295
f 2174 2296 2295
f 2174 2188 2296
f 2297 2191 2192
f 2193 2298 2192
f 2192 2298 2297
f 2195 2298 2193
f 2299 2200 2286
f 2286 2200 2179
f 2286 2287 2300
f 2286 2300 2299
f 2303 2302 2301
f 2305 2304 2201
f 2301 2201 2304
f 2201 2301 2183
f 2302 2183 2301
f 2183 2302 2290
f 2306 2201 2202
f 2306 2305 2201
f 2202 2186 2291
f 2307 2202 2291
f 2306 2202 2307
f 2307 2291 2292
f 2310 2309 2308
f 2309 2296 2308
f 2296 2203 2308
f 2296 2188 2203
f 2311 2206 2207
f 2191 2297 2207
f 2297 2311 2207
f 2297 2312 2311
f 2313 2297 2298
f 2312 2297 2313
f 2208 2314 2195
f 2314 2298 2195
f 2314 2313 2298
f 2209 2314 2208
f 2299 2214 2200
f 2316 2315 2215
f 2316 2215 2214
f 2300 2316 2214
f 2299 2300 2214
f 2315 2316 2303
f 2301 2315 2303
f 2317 2315 2301
f 2301 2304 2318
f 2301 2318 2317
f 2319 2310 2308
f 2308 2203 2319
f 2203 2320 2319
f 2203 2217 2320
f 2321 2221 2311
f 2311 2221 2206
f 2322 2311 2312
f 2321 2311 2322
f 2323 2312 2313
f 2322 2312 2323
f 2324 2313 2314
f 2323 2313 2324
f 2222 2325 2209
f 2325 2314 2209
f 2325 2324 2314
f 2223 2325 2222
f 2315 2225 2215
f 2225 2315 2227
f 2315 2326 2227
f 2315 2317 2326
f 2317 2318 2327
f 2317 2327 2326
f 2328 2320 2217
f 2328 2217 2228
f 2330 2328 2329
f 2328 2229 2329
f 2328 2228 2229
f 2231 2329 2229
f 2331 2234 2235
f 2221 2321 2235
f 2321 2331 2235
f 2321 2332 2331
f 2322 2334 2333
f 2332 2322 2333
f 2321 2322 2332
f 2334 2322 2323
f 2334 2323 2335
f 2337 2336 2335
f 2323 2337 2335
f 2324 2337 2323
f 2237 2337 2236
f 2337 2325 2236
f 2337 2324 2325
f 2236 2325 2223
f 2326 2238 2227
f 2327 2338 2326
f 2338 2238 2326
f 2338 2240 2238
f 2241 2240 2338
f 2241 2338 2339
f 2342 2341 2340
f 2344 2343 2340
f 2344 2340 2341
f 2242 2243 2343
f 2344 2242 2343
f 2345 2242 2344
f 2347 2346 2245
f 2242 2347 2245
f 2345 2347 2242
f 2348 2346 2347
f 2330 2329 2349
f 2330 2349 2350
f 2247 2349 2231
f 2231 2349 2329
f 2351 2250 2331
f 2331 2250 2234
f 2352 2331 2332
f 2351 2331 2352
f 2332 2333 2353
f 2332 2353 2352
f 2336 2337 2251
f 2252 2336 2251
f 2354 2336 2252
f 2251 2337 2237
f 2339 2355 2241
f 2241 2355 2253
f 2253 2356 2254
f 2355 2356 2253
f 2340 2255 2342
f 2255 2356 2342
f 2255 2254 2356
f 2255 2340 2256
f 2256 2340 2343
f 2256 2343 2243
f 2346 2257 2245
f 2348 2357 2346
f 2357 2257 2346
f 2357 2258 2257
f 2359 2358 2259
f 2258 2359 2259
f 2357 2359 2258
f 2360 2358 2359
f 2350 2349 2261
f 2262 2350 2261
f 2361 2350 2262
f 2261 2349 2247
f 2351 2264 2250
f 2264 2351 2266
f 2351 2362 2266
f 2351 2352 2362
f 2363 2268 2267
f 2352 2363 2267
f 2362 2352 2267
f 2363 2352 2353
f 2268 2364 2269
f 2363 2364 2268
f 2252 2269 2354
f 2354 2269 2364
f 2358 2270 2259
f 2360 2365 2358
f 2365 2270 2358
f 2365 2271 2270
f 2262 2271 2361
f 2361 2271 2365
f 2362 2272 2266
f 2272 2362 2267
f 2366 2275 2276
f 2277 2367 2276
f 2276 2367 2366
f 2279 2367 2277
f 2368 2282 2283
f 2369 2368 2283
f 2369 2283 2275
f 2370 2369 2275
f 2366 2370 2275
f 2372 2371 2370
f 2366 2372 2370
f 2367 2372 2366
f 2285 2372 2279
f 2279 2372 2367
f 2373 2287 2288
f 2289 2374 2288
f 2288 2374 2373
f 2290 2374 2289
f 2375 2292 2293
f 2294 2376 2293
f 2293 2376 2375
f 2282 2368 2294
f 2368 2376 2294
f 2368 2377 2376
f 2368 2369 2378
f 2379 2368 2378
f 2377 2368 2379
f 2379 2378 2371
f 2372 2379 2371
f 2380 2379 2372
f 2295 2381 2285
f 2381 2372 2285
f 2381 2380 2372
f 2296 2381 2295
f 2382 2300 2373
f 2373 2300 2287
f 2303 2382 2302
f 2382 2374 2302
f 2382 2373 2374
f 2302 2374 2290
f 2383 2304 2305
f 2306 2384 2305
f 2305 2384 2383
f 2384 2306 2385
f 2306 2386 2385
f 2306 2307 2386
f 2307 2292 2375
f 2387 2307 2375
f 2386 2307 2387
f 2387 2375 2376
f 2387 2376 2388
f 2390 2389 2388
f 2376 2390 2388
f 2377 2390 2376
f 2391 2377 2379
f 2390 2377 2391
f 2392 2379 2380
f 2391 2379 2392
f 2310 2392 2309
f 2392 2381 2309
f 2392 2380 2381
f 2309 2381 2296
f 2382 2316 2300
f 2316 2382 2303
f 2394 2393 2383
f 2393 2304 2383
f 2393 2318 2304
f 2396 2395 2394
f 2383 2396 2394
f 2384 2396 2383
f 2384 2385 2397
f 2384 2397 2396
f 2400 2399 2398
f 2389 2390 2401
f 2399 2402 2398
f 2404 2403 2401
f 2390 2404 2401
f 2391 2404 2390
f 2405 2391 2392
f 2404 2391 2405
f 2319 2406 2310
f 2406 2392 2310
f 2406 2405 2392
f 2320 2406 2319
f 2408 2327 2407
f 2327 2393 2407
f 2327 2318 2393
f 2408 2410 2409
f 2408 2396 2410
f 2408 2407 2395
f 2396 2408 2395
f 2410 2396 2397
f 2411 2400 2398
f 2414 2413 2412
f 2402 2411 2398
f 2413 2414 2403
f 2404 2413 2403
f 2415 2413 2404
f 2416 2404 2405
f 2415 2404 2416
f 2417 2405 2406
f 2416 2405 2417
f 2328 2418 2320
f 2418 2406 2320
f 2418 2417 2406
f 2330 2418 2328
f 2419 2333 2334
f 2335 2420 2334
f 2334 2420 2419
f 2336 2420 2335
f 2408 2338 2327
f 2422 2421 2339
f 2422 2339 2338
f 2409 2422 2338
f 2408 2409 2338
f 2424 2423 2421
f 2424 2421 2422
f 2341 2342 2423
f 2424 2341 2423
f 2425 2341 2424
f 2341 2426 2344
f 2425 2426 2341
f 2413 2345 2412
f 2345 2426 2412
f 2345 2344 2426
f 2345 2413 2347
f 2347 2413 2415
f 2347 2415 2348
f 2415 2427 2348
f 2415 2416 2427
f 2428 2416 2417
f 2427 2416 2428
f 2429 2417 2418
f 2428 2417 2429
f 2350 2429 2330
f 2330 2429 2418
f 2430 2353 2419
f 2419 2353 2333
f 2431 2419 2420
f 2430 2419 2431
f 2354 2431 2336
f 2336 2431 2420
f 2421 2355 2339
f 2355 2421 2356
f 2356 2421 2423
f 2356 2423 2342
f 2427 2357 2348
f 2357 2427 2359
f 2359 2427 2428
f 2359 2428 2360
f 2428 2432 2360
f 2428 2429 2432
f 2361 2432 2350
f 2350 2432 2429
f 2430 2363 2353
f 2363 2430 2364
f 2364 2430 2431
f 2364 2431 2354
f 2432 2365 2360
f 2365 2432 2361
f 2433 2369 2370
f 2371 2433 2370
f 2433 2378 2369
f 2378 2433 2371
f 2434 2385 2386
f 2387 2435 2386
f 2386 2435 2434
f 2388 2436 2387
f 2387 2436 2435
f 2389 2436 2388
f 2437 2393 2394
f 2395 2437 2394
f 2438 2397 2434
f 2434 2397 2385
f 2439 2434 2435
f 2438 2434 2439
f 2400 2439 2399
f 2439 2436 2399
f 2439 2435 2436
f 2402 2399 2440
f 2399 2436 2440
f 2389 2401 2440
f 2389 2440 2436
f 2403 2440 2401
f 2437 2407 2393
f 2407 2437 2395
f 2441 2409 2410
f 2397 2438 2410
f 2438 2441 2410
f 2438 2442 2441
f 2443 2438 2439
f 2442 2438 2443
f 2411 2444 2400
f 2444 2439 2400
f 2444 2443 2439
f 2411 2402 2444
f 2402 2440 2444
f 2414 2412 2444
f 2414 2444 2440
f 2414 2440 2403
f 2441 2422 2409
f 2422 2441 2424
f 2424 2441 2442
f 2424 2442 2425
f 2425 2442 2443
f 2425 2443 2426
f 2426 2443 2444
f 2426 2444 2412
