v -25.1 -64.0 -42.0
v -25.0 -64.0 -42.1
v -25.0 -64.1 -42.0
v -25.0 -64.0 -41.9
v -25.3 -63.0 -42.0
v -25.0 -63.0 -42.4
v -25.0 -63.6 -41.0
v -25.4 -63.0 -41.0
v -25.0 -63.5 -40.0
v -25.4 -63.0 -40.0
v -25.0 -63.3 -39.0
v -25.2 -63.0 -39.0
v -25.0 -63.0 -38.7
v -25.4 -62.0 -42.0
v -25.0 -62.0 -42.5
v -25.5 -62.0 -41.0
v -25.5 -62.0 -40.0
v -25.4 -62.0 -39.0
v -25.0 -62.0 -38.5
v -25.4 -61.0 -42.0
v -25.0 -61.0 -42.4
v -25.5 -61.0 -41.0
v -25.5 -61.0 -40.0
v -25.4 -61.0 -39.0
v -25.0 -61.0 -38.5
v -25.2 -60.0 -42.0
v -25.0 -60.0 -42.2
v -25.4 -60.0 -41.0
v -25.5 -60.0 -40.0
v -25.4 -60.0 -39.0
v -25.0 -60.0 -38.5
v -25.0 -59.7 -42.0
v -25.0 -59.4 -41.0
v -25.3 -59.0 -40.0
v -25.0 -59.0 -40.5
v -25.2 -59.0 -39.0
v -25.0 -59.0 -38.7
v -25.0 -58.6 -40.0
v -25.0 -58.7 -39.0
v -24.1 -65.0 -42.0
v -24.0 -65.0 -42.1
v -24.0 -65.1 -42.0
v -24.0 -65.0 -41.8
v -24.0 -64.0 -42.6
v -24.0 -64.7 -41.0
v -24.6 -64.0 -41.0
v -24.0 -64.5 -40.0
v -24.5 -64.0 -40.0
v -24.0 -64.5 -39.0
v -24.5 -64.0 -39.0
v -24.0 -64.4 -38.0
v -24.3 -64.0 -38.0
v -24.0 -64.0 -37.7
v -24.4 -63.0 -43.0
v -24.0 -63.0 -43.3
v -24.0 -63.5 -43.0
v -24.5 -63.0 -38.0
v -24.0 -63.0 -37.4
v -24.5 -62.0 -43.0
v -24.0 -62.0 -43.5
v -24.6 -62.0 -38.0
v -24.0 -62.3 -37.0
v -24.2 -62.0 -37.0
v -24.0 -62.0 -36.8
v -24.4 -61.0 -43.0
v -24.0 -61.0 -43.4
v -24.5 -61.0 -38.0
v -24.0 -61.0 -37.4
v -24.0 -61.7 -37.0
v -24.0 -60.4 -43.0
v -24.0 -60.0 -42.7
v -24.5 -60.0 -38.0
v -24.0 -60.0 -37.4
v -24.4 -59.0 -42.0
v -24.0 -59.0 -42.4
v -24.7 -59.0 -41.0
v -24.6 -59.0 -38.0
v -24.0 -59.5 -37.0
v -24.3 -59.0 -37.0
v -24.0 -59.0 -36.6
v -24.0 -58.5 -42.0
v -24.3 -58.0 -41.0
v -24.0 -58.0 -41.5
v -24.6 -58.0 -40.0
v -24.6 -58.0 -39.0
v -24.5 -58.0 -38.0
v -24.4 -58.0 -37.0
v -24.0 -58.0 -36.5
v -24.0 -57.5 -41.0
v -24.3 -57.0 -40.0
v -24.0 -57.0 -40.5
v -24.5 -57.0 -39.0
v -24.5 -57.0 -38.0
v -24.3 -57.0 -37.0
v -24.0 -57.0 -36.6
v -24.0 -56.5 -40.0
v -24.3 -56.0 -39.0
v -24.0 -56.0 -39.5
v -24.3 -56.0 -38.0
v -24.0 -56.0 -37.5
v -24.0 -56.5 -37.0
v -24.0 -55.6 -39.0
v -24.0 -55.6 -38.0
v -23.3 -66.0 -41.0
v -23.0 -66.0 -41.4
v -23.0 -66.4 -41.0
v -23.0 -66.5 -40.0
v -23.4 -66.0 -40.0
v -23.0 -66.5 -39.0
v -23.4 -66.0 -39.0
v -23.0 -66.4 -38.0
v -23.3 -66.0 -38.0
v -23.0 -66.0 -37.5
v -23.0 -65.0 -42.6
v -23.0 -65.6 -42.0
v -23.7 -65.0 -41.0
v -23.6 -65.0 -40.0
v -23.6 -65.0 -39.0
v -23.6 -65.0 -38.0
v -23.0 -65.5 -37.0
v -23.3 -65.0 -37.0
v -23.0 -65.0 -36.6
v -23.5 -64.0 -43.0
v -23.0 -64.0 -43.4
v -23.0 -64.5 -43.0
v -23.5 -64.0 -37.0
v -23.0 -64.0 -36.4
v -23.0 -63.0 -43.7
v -23.7 -63.0 -37.0
v -23.0 -63.5 -36.0
v -23.3 -63.0 -36.0
v -23.0 -63.0 -35.6
v -23.4 -62.0 -44.0
v -23.0 -62.0 -44.3
v -23.0 -62.5 -44.0
v -23.5 -62.0 -36.0
v -23.0 -62.0 -35.5
v -23.4 -61.0 -44.0
v -23.0 -61.0 -44.4
v -23.7 -61.0 -37.0
v -23.4 -61.0 -36.0
v -23.0 -61.0 -35.4
v -23.4 -60.0 -44.0
v -23.0 -60.0 -44.4
v -23.8 -60.0 -43.0
v -23.7 -60.0 -37.0
v -23.5 -60.0 -36.0
v -23.0 -60.5 -35.0
v -23.3 -60.0 -35.0
v -23.0 -60.0 -34.6
v -23.3 -59.0 -44.0
v -23.0 -59.0 -44.3
v -23.6 -59.0 -43.0
v -23.6 -59.0 -36.0
v -23.4 -59.0 -35.0
v -23.0 -59.0 -34.5
v -23.2 -58.0 -44.0
v -23.0 -58.0 -44.2
v -23.5 -58.0 -43.0
v -23.7 -58.0 -42.0
v -23.6 -58.0 -36.0
v -23.4 -58.0 -35.0
v -23.0 -58.0 -34.5
v -23.0 -57.6 -44.0
v -23.3 -57.0 -43.0
v -23.0 -57.0 -43.4
v -23.4 -57.0 -42.0
v -23.7 -57.0 -41.0
v -23.6 -57.0 -36.0
v -23.4 -57.0 -35.0
v -23.0 -57.0 -34.5
v -23.0 -56.6 -43.0
v -23.0 -56.4 -42.0
v -23.3 -56.0 -41.0
v -23.0 -56.0 -41.5
v -23.7 -56.0 -40.0
v -23.7 -56.0 -37.0
v -23.5 -56.0 -36.0
v -23.3 -56.0 -35.0
v -23.0 -56.0 -34.6
v -23.0 -55.5 -41.0
v -23.3 -55.0 -40.0
v -23.0 -55.0 -40.5
v -23.5 -55.0 -39.0
v -23.5 -55.0 -38.0
v -23.4 -55.0 -37.0
v -23.3 -55.0 -36.0
v -23.0 -55.0 -35.5
v -23.0 -55.5 -35.0
v -23.0 -54.6 -40.0
v -23.0 -54.5 -39.0
v -23.0 -54.5 -38.0
v -23.0 -54.5 -37.0
v -23.0 -54.6 -36.0
v -22.2 -68.0 -41.0
v -22.0 -68.0 -41.2
v -22.0 -68.3 -41.0
v -22.0 -68.5 -40.0
v -22.4 -68.0 -40.0
v -22.0 -68.5 -39.0
v -22.4 -68.0 -39.0
v -22.0 -68.5 -38.0
v -22.4 -68.0 -38.0
v -22.0 -68.3 -37.0
v -22.2 -68.0 -37.0
v -22.0 -68.0 -36.7
v -22.5 -67.0 -41.0
v -22.0 -67.0 -41.6
v -22.6 -67.0 -40.0
v -22.6 -67.0 -39.0
v -22.6 -67.0 -38.0
v -22.4 -67.0 -37.0
v -22.0 -67.0 -36.4
v -22.5 -66.0 -42.0
v -22.0 -66.0 -42.5
v -22.0 -66.5 -42.0
v -22.7 -66.0 -37.0
v -22.0 -66.5 -36.0
v -22.3 -66.0 -36.0
v -22.0 -66.0 -35.6
v -22.5 -65.0 -43.0
v -22.0 -65.0 -43.5
v -22.0 -65.5 -43.0
v -22.5 -65.0 -36.0
v -22.0 -65.0 -35.4
v -22.4 -64.0 -44.0
v -22.0 -64.0 -44.5
v -22.0 -64.5 -44.0
v -22.7 -64.0 -36.0
v -22.0 -64.5 -35.0
v -22.3 -64.0 -35.0
v -22.0 -64.0 -34.7
v -22.1 -63.0 -45.0
v -22.0 -63.0 -45.1
v -22.0 -63.1 -45.0
v -22.7 -63.0 -44.0
v -22.5 -63.0 -35.0
v -22.0 -63.0 -34.4
v -22.0 -62.9 -45.0
v -22.0 -62.0 -44.6
v -22.6 -62.0 -35.0
v -22.0 -62.5 -34.0
v -22.3 -62.0 -34.0
v -22.0 -62.0 -33.7
v -22.0 -61.0 -44.5
v -22.7 -61.0 -35.0
v -22.4 -61.0 -34.0
v -22.0 -61.0 -33.5
v -22.0 -60.0 -44.5
v -22.5 -60.0 -34.0
v -22.0 -60.0 -33.5
v -22.0 -59.0 -44.5
v -22.5 -59.0 -34.0
v -22.0 -59.0 -33.5
v -22.0 -58.0 -44.5
v -22.5 -58.0 -34.0
v -22.0 -58.0 -33.5
v -22.6 -57.0 -44.0
v -22.0 -57.0 -44.4
v -22.5 -57.0 -34.0
v -22.0 -57.0 -33.5
v -22.4 -56.0 -44.0
v -22.0 -56.0 -44.4
v -22.6 -56.0 -43.0
v -22.7 -56.0 -42.0
v -22.5 -56.0 -34.0
v -22.0 -56.0 -33.5
v -22.2 -55.0 -44.0
v -22.0 -55.0 -44.2
v -22.4 -55.0 -43.0
v -22.4 -55.0 -42.0
v -22.7 -55.0 -41.0
v -22.7 -55.0 -35.0
v -22.3 -55.0 -34.0
v -22.0 -55.0 -33.7
v -22.0 -54.7 -44.0
v -22.0 -54.5 -43.0
v -22.0 -54.4 -42.0
v -22.3 -54.0 -41.0
v -22.0 -54.0 -41.5
v -22.5 -54.0 -40.0
v -22.6 -54.0 -39.0
v -22.6 -54.0 -38.0
v -22.6 -54.0 -37.0
v -22.5 -54.0 -36.0
v -22.3 -54.0 -35.0
v -22.0 -54.0 -34.6
v -22.0 -54.6 -34.0
v -22.0 -53.6 -41.0
v -22.0 -53.4 -40.0
v -22.3 -53.0 -39.0
v -22.0 -53.0 -39.5
v -22.4 -53.0 -38.0
v -22.3 -53.0 -37.0
v -22.0 -53.0 -36.5
v -22.0 -53.4 -36.0
v -22.0 -53.6 -35.0
v -22.0 -52.6 -39.0
v -22.0 -52.5 -38.0
v -22.0 -52.6 -37.0
v -21.2 -70.0 -41.0
v -21.0 -70.0 -41.2
v -21.0 -70.3 -41.0
v -21.0 -70.5 -40.0
v -21.4 -70.0 -40.0
v -21.0 -70.5 -39.0
v -21.4 -70.0 -39.0
v -21.0 -70.5 -38.0
v -21.4 -70.0 -38.0
v -21.0 -70.3 -37.0
v -21.3 -70.0 -37.0
v -21.0 -70.0 -36.6
v -21.4 -69.0 -41.0
v -21.0 -69.0 -41.4
v -21.6 -69.0 -40.0
v -21.6 -69.0 -39.0
v -21.6 -69.0 -38.0
v -21.6 -69.0 -37.0
v -21.0 -69.4 -36.0
v -21.3 -69.0 -36.0
v -21.0 -69.0 -35.7
v -21.0 -68.0 -41.7
v -21.5 -68.0 -36.0
v -21.0 -68.0 -35.4
v -21.5 -67.0 -42.0
v -21.0 -67.0 -42.4
v -21.0 -67.5 -42.0
v -21.7 -67.0 -36.0
v -21.0 -67.5 -35.0
v -21.3 -67.0 -35.0
v -21.0 -67.0 -34.7
v -21.5 -66.0 -43.0
v -21.0 -66.0 -43.4
v -21.0 -66.4 -43.0
v -21.5 -66.0 -35.0
v -21.0 -66.0 -34.5
v -21.2 -65.0 -45.0
v -21.0 -65.0 -45.2
v -21.0 -65.2 -45.0
v -21.0 -65.5 -44.0
v -21.6 -65.0 -44.0
v -21.6 -65.0 -35.0
v -21.0 -65.0 -34.3
v -21.5 -64.0 -45.0
v -21.0 -64.0 -45.4
v -21.0 -64.5 -34.0
v -21.4 -64.0 -34.0
v -21.0 -64.0 -33.6
v -21.0 -63.0 -45.4
v -21.6 -63.0 -34.0
v -21.0 -63.0 -33.4
v -21.0 -62.5 -45.0
v -21.0 -62.0 -44.6
v -21.0 -62.5 -33.0
v -21.4 -62.0 -33.0
v -21.0 -62.0 -32.6
v -21.0 -61.0 -44.5
v -21.5 -61.0 -33.0
v -21.0 -61.0 -32.5
v -21.0 -60.0 -44.5
v -21.5 -60.0 -33.0
v -21.0 -60.0 -32.5
v -21.0 -59.0 -44.5
v -21.5 -59.0 -33.0
v -21.0 -59.0 -32.5
v -21.0 -58.0 -44.5
v -21.5 -58.0 -33.0
v -21.0 -58.0 -32.5
v -21.0 -57.0 -44.7
v -21.5 -57.0 -33.0
v -21.0 -57.0 -32.5
v -21.2 -56.0 -45.0
v -21.0 -56.0 -45.2
v -21.0 -56.3 -45.0
v -21.5 -56.0 -33.0
v -21.0 -56.0 -32.5
v -21.0 -55.7 -45.0
v -21.0 -55.0 -44.7
v -21.3 -55.0 -33.0
v -21.0 -55.0 -32.7
v -21.5 -54.0 -44.0
v -21.0 -54.0 -44.5
v -21.6 -54.0 -43.0
v -21.7 -54.0 -42.0
v -21.6 -54.0 -34.0
v -21.0 -54.0 -33.4
v -21.0 -54.6 -33.0
v -21.3 -53.0 -44.0
v -21.0 -53.0 -44.4
v -21.5 -53.0 -43.0
v -21.5 -53.0 -42.0
v -21.6 -53.0 -41.0
v -21.7 -53.0 -40.0
v -21.7 -53.0 -36.0
v -21.5 -53.0 -35.0
v -21.2 -53.0 -34.0
v -21.0 -53.0 -33.8
v -21.0 -52.5 -44.0
v -21.3 -52.0 -43.0
v -21.0 -52.0 -43.5
v -21.4 -52.0 -42.0
v -21.4 -52.0 -41.0
v -21.4 -52.0 -40.0
v -21.5 -52.0 -39.0
v -21.5 -52.0 -38.0
v -21.5 -52.0 -37.0
v -21.3 -52.0 -36.0
v -21.0 -52.0 -35.6
v -21.0 -52.4 -35.0
v -21.0 -52.8 -34.0
v -21.0 -51.6 -43.0
v -21.0 -51.5 -42.0
v -21.0 -51.5 -41.0
v -21.0 -51.5 -40.0
v -21.0 -51.5 -39.0
v -21.0 -51.5 -38.0
v -21.0 -51.5 -37.0
v -21.0 -51.7 -36.0
v -20.3 -71.0 -41.0
v -20.0 -71.0 -41.2
v -20.0 -71.2 -41.0
v -20.0 -71.4 -40.0
v -20.5 -71.0 -40.0
v -20.0 -71.4 -39.0
v -20.5 -71.0 -39.0
v -20.0 -71.4 -38.0
v -20.5 -71.0 -38.0
v -20.0 -71.3 -37.0
v -20.3 -71.0 -37.0
v -20.0 -71.0 -36.6
v -20.0 -70.0 -41.5
v -20.0 -70.5 -36.0
v -20.5 -70.0 -36.0
v -20.0 -70.0 -35.5
v -20.0 -69.0 -41.6
v -20.0 -69.4 -35.0
v -20.4 -69.0 -35.0
v -20.0 -69.0 -34.6
v -20.5 -68.0 -42.0
v -20.0 -68.0 -42.3
v -20.0 -68.4 -42.0
v -20.6 -68.0 -35.0
v -20.0 -68.0 -34.4
v -20.0 -67.0 -42.7
v -20.0 -67.5 -34.0
v -20.3 -67.0 -34.0
v -20.0 -67.0 -33.7
v -20.0 -66.0 -43.7
v -20.0 -66.7 -43.0
v -20.5 -66.0 -34.0
v -20.0 -66.0 -33.4
v -20.0 -65.0 -45.3
v -20.0 -65.4 -45.0
v -20.0 -65.7 -44.0
v -20.7 -65.0 -34.0
v -20.0 -65.4 -33.0
v -20.3 -65.0 -33.0
v -20.0 -65.0 -32.7
v -20.0 -64.0 -45.5
v -20.5 -64.0 -33.0
v -20.0 -64.0 -32.5
v -20.0 -63.0 -45.4
v -20.6 -63.0 -33.0
v -20.0 -63.0 -32.4
v -20.0 -62.5 -45.0
v -20.0 -62.0 -44.6
v -20.0 -62.5 -32.0
v -20.4 -62.0 -32.0
v -20.0 -62.0 -31.6
v -20.0 -61.0 -44.5
v -20.5 -61.0 -32.0
v -20.0 -61.0 -31.5
v -20.0 -60.0 -44.5
v -20.5 -60.0 -32.0
v -20.0 -60.0 -31.5
v -20.0 -59.0 -44.5
v -20.5 -59.0 -32.0
v -20.0 -59.0 -31.5
v -20.0 -58.0 -44.6
v -20.5 -58.0 -32.0
v -20.0 -58.0 -31.5
v -20.5 -57.0 -45.0
v -20.0 -57.0 -45.3
v -20.0 -57.4 -45.0
v -20.5 -57.0 -32.0
v -20.0 -57.0 -31.6
v -20.0 -56.0 -45.5
v -20.4 -56.0 -32.0
v -20.0 -56.0 -31.7
v -20.6 -55.0 -45.0
v -20.0 -55.0 -45.4
v -20.0 -55.5 -32.0
v -20.0 -55.0 -32.3
v -20.5 -54.0 -45.0
v -20.0 -54.0 -45.4
v -20.5 -54.0 -33.0
v -20.0 -54.0 -32.7
v -20.4 -53.0 -45.0
v -20.0 -53.0 -45.4
v -20.0 -53.5 -33.0
v -20.0 -53.0 -33.4
v -20.3 -52.0 -45.0
v -20.0 -52.0 -45.2
v -20.7 -52.0 -44.0
v -20.5 -52.0 -35.0
v -20.0 -52.0 -34.5
v -20.0 -52.4 -34.0
v -20.0 -51.6 -45.0
v -20.3 -51.0 -44.0
v -20.0 -51.0 -44.4
v -20.5 -51.0 -43.0
v -20.6 -51.0 -42.0
v -20.6 -51.0 -41.0
v -20.6 -51.0 -40.0
v -20.6 -51.0 -39.0
v -20.5 -51.0 -38.0
v -20.5 -51.0 -37.0
v -20.4 -51.0 -36.0
v -20.0 -51.0 -35.6
v -20.0 -51.5 -35.0
v -20.0 -50.7 -44.0
v -20.0 -50.4 -43.0
v -20.3 -50.0 -42.0
v -20.0 -50.0 -42.5
v -20.4 -50.0 -41.0
v -20.4 -50.0 -40.0
v -20.2 -50.0 -39.0
v -20.0 -50.0 -38.6
v -20.0 -50.4 -38.0
v -20.0 -50.5 -37.0
v -20.0 -50.6 -36.0
v -20.0 -49.7 -42.0
v -20.0 -49.6 -41.0
v -20.0 -49.6 -40.0
v -20.0 -49.8 -39.0
v -19.0 -71.0 -41.4
v -19.0 -71.4 -41.0
v -19.0 -71.5 -40.0
v -19.0 -71.6 -39.0
v -19.0 -71.6 -38.0
v -19.0 -71.6 -37.0
v -19.0 -71.4 -36.0
v -19.5 -71.0 -36.0
v -19.0 -71.0 -35.5
v -19.0 -70.0 -41.6
v -19.0 -70.5 -35.0
v -19.5 -70.0 -35.0
v -19.0 -70.0 -34.6
v -19.0 -69.0 -41.8
v -19.0 -69.1 -34.0
v -19.1 -69.0 -34.0
v -19.0 -69.0 -33.9
v -19.0 -68.0 -42.6
v -19.0 -68.7 -42.0
v -19.4 -68.0 -34.0
v -19.0 -68.0 -33.8
v -19.6 -67.0 -43.0
v -19.0 -67.0 -43.5
v -19.0 -67.5 -43.0
v -19.0 -67.0 -33.5
v -19.6 -66.0 -44.0
v -19.0 -66.0 -44.4
v -19.0 -66.5 -44.0
v -19.0 -66.4 -33.0
v -19.4 -66.0 -33.0
v -19.0 -66.0 -32.7
v -19.0 -65.0 -45.2
v -19.0 -65.3 -45.0
v -19.0 -65.0 -32.3
v -19.0 -64.0 -45.4
v -19.0 -64.5 -32.0
v -19.4 -64.0 -32.0
v -19.0 -64.0 -31.6
v -19.0 -63.0 -45.4
v -19.6 -63.0 -32.0
v -19.0 -63.0 -31.4
v -19.0 -62.5 -45.0
v -19.0 -62.0 -44.6
v -19.0 -62.5 -31.0
v -19.3 -62.0 -31.0
v -19.0 -62.0 -30.7
v -19.0 -61.0 -44.5
v -19.5 -61.0 -31.0
v -19.0 -61.0 -30.5
v -19.0 -60.0 -44.5
v -19.5 -60.0 -31.0
v -19.0 -60.0 -30.5
v -19.0 -59.0 -44.5
v -19.5 -59.0 -31.0
v -19.0 -59.0 -30.6
v -19.0 -58.0 -44.7
v -19.4 -58.0 -31.0
v -19.0 -58.0 -30.7
v -19.0 -57.0 -45.4
v -19.0 -57.6 -45.0
v -19.0 -57.5 -31.0
v -19.0 -57.0 -31.3
v -19.0 -56.0 -45.5
v -19.0 -56.0 -31.4
v -19.0 -55.0 -45.6
v -19.5 -55.0 -32.0
v -19.0 -55.0 -31.6
v -19.0 -54.0 -45.6
v -19.0 -54.4 -32.0
v -19.0 -54.0 -32.3
v -19.0 -53.0 -45.6
v -19.5 -53.0 -33.0
v -19.0 -53.0 -32.6
v -19.0 -52.0 -45.6
v -19.5 -52.0 -34.0
v -19.0 -52.0 -33.5
v -19.0 -52.5 -33.0
v -19.4 -51.0 -45.0
v -19.0 -51.0 -45.3
v -19.5 -51.0 -35.0
v -19.0 -51.0 -34.5
v -19.0 -51.5 -34.0
v -19.0 -50.6 -45.0
v -19.4 -50.0 -44.0
v -19.0 -50.0 -44.4
v -19.6 -50.0 -43.0
v -19.6 -50.0 -38.0
v -19.5 -50.0 -37.0
v -19.3 -50.0 -36.0
v -19.0 -50.0 -35.6
v -19.0 -50.5 -35.0
v -19.0 -49.7 -44.0
v -19.0 -49.5 -43.0
v -19.3 -49.0 -42.0
v -19.0 -49.0 -42.3
v -19.4 -49.0 -41.0
v -19.0 -49.0 -40.5
v -19.0 -49.3 -40.0
v -19.0 -49.4 -39.0
v -19.0 -49.5 -38.0
v -19.0 -49.5 -37.0
v -19.0 -49.7 -36.0
v -19.0 -48.8 -42.0
v -19.0 -48.7 -41.0
v -18.3 -72.0 -39.0
v -18.0 -72.0 -39.3
v -18.0 -72.2 -39.0
v -18.0 -72.4 -38.0
v -18.5 -72.0 -38.0
v -18.0 -72.4 -37.0
v -18.5 -72.0 -37.0
v -18.0 -72.2 -36.0
v -18.3 -72.0 -36.0
v -18.0 -72.0 -35.7
v -18.2 -71.0 -42.0
v -18.0 -71.0 -42.2
v -18.0 -71.2 -42.0
v -18.0 -71.4 -41.0
v -18.0 -71.6 -40.0
v -18.0 -71.3 -35.0
v -18.4 -71.0 -35.0
v -18.0 -71.0 -34.7
v -18.5 -70.0 -42.0
v -18.0 -70.0 -42.4
v -18.0 -70.0 -34.5
v -18.7 -69.0 -42.0
v -18.0 -69.0 -42.6
v -18.9 -69.0 -34.0
v -18.0 -69.0 -34.5
v -18.5 -68.0 -43.0
v -18.0 -68.0 -43.4
v -18.0 -68.5 -43.0
v -18.6 -68.0 -34.0
v -18.0 -68.0 -34.4
v -18.4 -67.0 -44.0
v -18.0 -67.0 -44.3
v -18.0 -67.3 -44.0
v -18.3 -67.0 -34.0
v -18.0 -67.0 -34.2
v -18.0 -66.0 -44.5
v -18.0 -66.8 -34.0
v -18.0 -66.3 -33.0
v -18.0 -66.0 -32.7
v -18.7 -65.0 -45.0
v -18.0 -65.0 -44.6
v -18.0 -65.2 -32.0
v -18.3 -65.0 -32.0
v -18.0 -65.0 -31.8
v -18.4 -64.0 -45.0
v -18.0 -64.0 -44.7
v -18.0 -64.3 -31.0
v -18.3 -64.0 -31.0
v -18.0 -64.0 -30.8
v -18.0 -63.0 -45.1
v -18.0 -63.3 -45.0
v -18.6 -63.0 -31.0
v -18.0 -63.0 -30.5
v -18.0 -62.8 -45.0
v -18.0 -62.0 -44.6
v -18.0 -62.0 -30.3
v -18.0 -61.0 -44.5
v -18.0 -61.5 -30.0
v -18.3 -61.0 -30.0
v -18.0 -61.0 -29.7
v -18.0 -60.0 -44.5
v -18.3 -60.0 -30.0
v -18.0 -60.0 -29.7
v -18.0 -59.0 -44.6
v -18.0 -59.5 -30.0
v -18.0 -59.0 -30.3
v -18.5 -58.0 -45.0
v -18.0 -58.0 -45.3
v -18.0 -58.4 -45.0
v -18.0 -58.0 -30.4
v -18.0 -57.0 -45.5
v -18.6 -57.0 -31.0
v -18.0 -57.0 -30.5
v -18.0 -56.0 -45.7
v -18.5 -56.0 -31.0
v -18.0 -56.0 -30.5
v -18.4 -55.0 -46.0
v -18.0 -55.0 -46.3
v -18.0 -55.5 -46.0
v -18.3 -55.0 -31.0
v -18.0 -55.0 -30.7
v -18.5 -54.0 -46.0
v -18.0 -54.0 -46.4
v -18.7 -54.0 -32.0
v -18.0 -54.0 -31.4
v -18.0 -54.5 -31.0
v -18.5 -53.0 -46.0
v -18.0 -53.0 -46.4
v -18.4 -53.0 -32.0
v -18.0 -53.0 -31.6
v -18.4 -52.0 -46.0
v -18.0 -52.0 -46.3
v -18.5 -52.0 -33.0
v -18.0 -52.0 -32.5
v -18.0 -52.6 -32.0
v -18.0 -51.5 -46.0
v -18.0 -51.0 -45.7
v -18.5 -51.0 -34.0
v -18.0 -51.0 -33.5
v -18.0 -51.5 -33.0
v -18.5 -50.0 -45.0
v -18.0 -50.0 -45.4
v -18.4 -50.0 -35.0
v -18.0 -50.0 -34.6
v -18.0 -50.5 -34.0
v -18.0 -49.5 -45.0
v -18.2 -49.0 -44.0
v -18.0 -49.0 -44.2
v -18.0 -49.0 -43.4
v -18.0 -49.1 -43.0
v -18.0 -49.0 -42.8
v -18.6 -49.0 -40.0
v -18.5 -49.0 -39.0
v -18.5 -49.0 -38.0
v -18.4 -49.0 -37.0
v -18.0 -49.0 -36.5
v -18.0 -49.3 -36.0
v -18.0 -49.7 -35.0
v -18.0 -48.9 -44.0
v -18.0 -48.6 -42.0
v -18.0 -48.4 -41.0
v -18.0 -48.5 -40.0
v -18.0 -48.6 -39.0
v -18.0 -48.6 -38.0
v -18.0 -48.7 -37.0
v -17.0 -72.0 -39.4
v -17.0 -72.3 -39.0
v -17.0 -72.5 -38.0
v -17.0 -72.5 -37.0
v -17.0 -72.4 -36.0
v -17.0 -72.0 -35.4
v -17.0 -71.0 -42.1
v -17.0 -71.1 -42.0
v -17.0 -71.0 -41.0
v -17.0 -71.5 -40.0
v -17.0 -71.6 -35.0
v -17.0 -71.0 -34.6
v -17.0 -70.0 -42.5
v -17.0 -70.0 -34.6
v -17.3 -69.0 -43.0
v -17.0 -69.0 -43.2
v -17.0 -69.2 -43.0
v -17.0 -69.0 -34.9
v -17.0 -68.0 -43.6
v -17.0 -68.0 -34.6
v -17.0 -67.0 -44.4
v -17.0 -67.5 -44.0
v -17.0 -67.0 -34.4
v -17.0 -66.0 -44.5
v -17.0 -66.6 -34.0
v -17.5 -66.0 -33.0
v -17.0 -66.0 -33.4
v -17.0 -65.0 -44.5
v -17.0 -65.6 -33.0
v -17.6 -65.0 -32.0
v -17.0 -65.0 -32.4
v -17.0 -64.0 -44.5
v -17.0 -64.6 -32.0
v -17.0 -64.2 -31.0
v -17.0 -64.0 -30.7
v -17.8 -63.0 -45.0
v -17.0 -63.0 -44.7
v -17.0 -63.3 -30.0
v -17.3 -63.0 -30.0
v -17.0 -63.0 -29.8
v -17.0 -62.0 -44.5
v -17.6 -62.0 -30.0
v -17.0 -62.0 -29.6
v -17.0 -61.0 -44.5
v -17.0 -61.0 -29.6
v -17.0 -60.0 -44.5
v -17.0 -60.0 -29.7
v -17.0 -59.0 -44.7
v -17.4 -59.0 -30.0
v -17.0 -59.0 -29.8
v -17.0 -58.0 -45.4
v -17.0 -58.6 -45.0
v -17.3 -58.0 -30.0
v -17.0 -58.0 -29.8
v -17.0 -57.0 -45.6
v -17.3 -57.0 -30.0
v -17.0 -57.0 -29.8
v -17.5 -56.0 -46.0
v -17.0 -56.0 -46.3
v -17.0 -56.4 -46.0
v -17.3 -56.0 -30.0
v -17.0 -56.0 -29.8
v -17.0 -55.0 -46.5
v -17.0 -55.6 -30.0
v -17.0 -55.0 -30.4
v -17.0 -54.0 -46.5
v -17.6 -54.0 -31.0
v -17.0 -54.0 -30.5
v -17.0 -53.0 -46.5
v -17.4 -53.0 -31.0
v -17.0 -53.0 -30.6
v -17.0 -52.0 -46.5
v -17.5 -52.0 -32.0
v -17.0 -52.0 -31.5
v -17.0 -52.6 -31.0
v -17.6 -51.0 -46.0
v -17.0 -51.0 -46.4
v -17.5 -51.0 -33.0
v -17.0 -51.0 -32.5
v -17.0 -51.5 -32.0
v -17.3 -50.0 -46.0
v -17.0 -50.0 -46.3
v -17.5 -50.0 -34.0
v -17.0 -50.0 -33.5
v -17.0 -50.5 -33.0
v -17.0 -49.6 -46.0
v -17.5 -49.0 -45.0
v -17.0 -49.0 -45.5
v -17.8 -49.0 -43.0
v -17.5 -49.0 -36.0
v -17.0 -49.0 -35.4
v -17.0 -49.3 -35.0
v -17.0 -49.6 -34.0
v -17.0 -48.6 -45.0
v -17.0 -48.4 -44.0
v -17.0 -48.5 -43.0
v -17.0 -48.4 -42.0
v -17.3 -48.0 -41.0
v -17.0 -48.0 -41.4
v -17.4 -48.0 -40.0
v -17.0 -48.0 -39.5
v -17.0 -48.3 -39.0
v -17.0 -48.4 -38.0
v -17.0 -48.4 -37.0
v -17.0 -48.6 -36.0
v -17.0 -47.8 -41.0
v -17.0 -47.7 -40.0
v -16.5 -72.0 -39.0
v -16.0 -72.0 -38.5
v -16.0 -72.3 -38.0
v -16.0 -72.4 -37.0
v -16.0 -72.4 -36.0
v -16.0 -72.1 -35.0
v -16.1 -72.0 -35.0
v -16.0 -72.0 -34.9
v -16.8 -71.0 -42.0
v -16.0 -71.0 -41.4
v -16.0 -71.3 -41.0
v -16.0 -71.5 -40.0
v -16.0 -71.7 -39.0
v -16.0 -71.0 -34.4
v -16.0 -70.0 -42.3
v -16.0 -70.4 -42.0
v -16.0 -70.0 -34.4
v -16.7 -69.0 -43.0
v -16.0 -69.0 -42.7
v -16.0 -69.0 -34.6
v -16.0 -68.0 -43.4
v -16.0 -68.5 -43.0
v -16.0 -68.0 -34.5
v -16.0 -67.0 -44.4
v -16.0 -67.4 -44.0
v -16.0 -67.0 -34.5
v -16.0 -66.0 -44.5
v -16.0 -66.5 -34.0
v -16.0 -66.0 -33.5
v -16.0 -65.0 -44.5
v -16.0 -65.5 -33.0
v -16.0 -65.0 -32.6
v -16.0 -64.0 -44.6
v -16.3 -64.0 -32.0
v -16.0 -64.0 -32.3
v -16.8 -64.0 -31.0
v -16.2 -63.0 -45.0
v -16.0 -63.0 -45.1
v -16.0 -63.1 -45.0
v -16.0 -63.6 -32.0
v -16.0 -63.0 -31.3
v -16.2 -63.0 -31.0
v -16.0 -63.0 -30.0
v -16.0 -63.0 -30.1
v -16.0 -63.0 -30.0
v -16.0 -62.9 -45.0
v -16.0 -62.0 -44.6
v -16.0 -62.7 -31.0
v -16.0 -62.0 -29.8
v -16.0 -61.0 -44.5
v -16.5 -61.0 -30.0
v -16.0 -61.7 -30.0
v -16.0 -61.0 -30.5
v -16.0 -60.0 -44.6
v -16.3 -60.0 -31.0
v -16.0 -60.5 -31.0
v -16.0 -60.0 -31.4
v -16.7 -60.0 -30.0
v -16.3 -59.0 -45.0
v -16.0 -59.0 -45.2
v -16.0 -59.2 -45.0
v -16.4 -59.0 -31.0
v -16.0 -59.0 -31.5
v -16.8 -59.0 -30.0
v -16.0 -58.0 -45.5
v -16.4 -58.0 -31.0
v -16.0 -58.0 -31.6
v -16.8 -58.0 -30.0
v -16.0 -57.0 -45.6
v -16.3 -57.0 -32.0
v -16.0 -57.5 -32.0
v -16.0 -57.0 -32.4
v -16.5 -57.0 -31.0
v -16.7 -57.0 -30.0
v -16.0 -56.0 -46.2
v -16.0 -56.3 -46.0
v -16.4 -56.0 -32.0
v -16.0 -56.0 -32.5
v -16.4 -56.0 -31.0
v -16.1 -56.0 -30.0
v -16.0 -55.0 -46.4
v -16.2 -55.0 -32.0
v -16.0 -55.0 -32.3
v -16.4 -55.0 -31.0
v -16.0 -55.0 -30.0
v -16.0 -55.3 -30.0
v -16.0 -55.0 -30.0
v -16.0 -55.0 -30.0
v -16.0 -54.0 -46.4
v -16.0 -54.7 -32.0
v -16.0 -54.6 -31.0
v -16.2 -54.0 -30.0
v -16.0 -54.0 -29.9
v -16.0 -53.0 -46.4
v -16.1 -53.0 -30.0
v -16.0 -53.0 -29.9
v -16.0 -52.0 -46.4
v -16.5 -52.0 -31.0
v -16.0 -52.0 -30.5
v -16.0 -52.8 -30.0
v -16.0 -51.0 -46.6
v -16.5 -51.0 -32.0
v -16.0 -51.0 -31.5
v -16.0 -51.5 -31.0
v -16.0 -50.0 -46.6
v -16.5 -50.0 -33.0
v -16.0 -50.0 -32.5
v -16.0 -50.5 -32.0
v -16.5 -49.0 -46.0
v -16.0 -49.0 -46.4
v -16.7 -49.0 -35.0
v -16.3 -49.0 -34.0
v -16.0 -49.0 -33.7
v -16.0 -49.6 -33.0
v -16.0 -48.5 -46.0
v -16.4 -48.0 -45.0
v -16.0 -48.0 -45.5
v -16.5 -48.0 -44.0
v -16.4 -48.0 -43.0
v -16.0 -48.0 -42.3
v -16.0 -48.1 -42.0
v -16.0 -48.0 -41.8
v -16.6 -48.0 -39.0
v -16.5 -48.0 -38.0
v -16.5 -48.0 -37.0
v -16.3 -48.0 -36.0
v -16.0 -48.0 -35.6
v -16.0 -48.4 -35.0
v -16.0 -48.7 -34.0
v -16.0 -47.7 -45.0
v -16.0 -47.6 -44.0
v -16.0 -47.7 -43.0
v -16.0 -47.6 -41.0
v -16.0 -47.4 -40.0
v -16.0 -47.5 -39.0
v -16.0 -47.5 -38.0
v -16.0 -47.5 -37.0
v -16.0 -47.7 -36.0
v -15.6 -72.0 -38.0
v -15.5 -72.0 -37.0
v -15.6 -72.0 -36.0
v -15.9 -72.0 -35.0
v -15.0 -71.0 -41.3
v -15.0 -71.2 -41.0
v -15.0 -71.5 -40.0
v -15.0 -71.5 -39.0
v -15.0 -71.5 -38.0
v -15.0 -71.5 -37.0
v -15.0 -71.5 -36.0
v -15.0 -71.4 -35.0
v -15.0 -71.0 -34.0
v -15.1 -71.0 -34.0
v -15.0 -71.0 -34.0
v -15.5 -70.0 -42.0
v -15.0 -70.0 -41.7
v -15.4 -70.0 -34.0
v -15.0 -70.0 -33.7
v -15.0 -69.0 -42.3
v -15.0 -69.5 -42.0
v -15.0 -69.5 -34.0
v -15.0 -69.0 -34.3
v -15.4 -68.0 -43.0
v -15.0 -68.0 -42.7
v -15.0 -68.0 -34.5
v -15.0 -67.0 -44.2
v -15.0 -67.2 -44.0
v -15.0 -67.7 -43.0
v -15.0 -67.0 -34.7
v -15.0 -66.0 -44.4
v -15.0 -66.6 -34.0
v -15.0 -66.0 -33.5
v -15.0 -65.0 -44.5
v -15.0 -65.5 -33.0
v -15.0 -65.0 -32.6
v -15.0 -64.0 -44.6
v -15.0 -64.0 -32.5
v -15.0 -63.0 -45.2
v -15.0 -63.3 -45.0
v -15.6 -63.0 -32.0
v -15.0 -63.0 -32.5
v -16.0 -63.0 -30.0
v -15.0 -62.7 -45.0
v -15.0 -62.0 -44.6
v -15.4 -62.0 -32.0
v -15.0 -62.0 -32.5
v -15.6 -62.0 -31.0
v -15.8 -62.0 -30.0
v -15.0 -61.0 -44.5
v -15.4 -61.0 -32.0
v -15.0 -61.0 -32.5
v -15.7 -61.0 -31.0
v -15.0 -60.0 -44.5
v -15.5 -60.0 -32.0
v -15.0 -60.0 -32.6
v -15.7 -59.0 -45.0
v -15.0 -59.0 -44.7
v -15.2 -59.0 -33.0
v -15.0 -59.4 -33.0
v -15.0 -59.0 -33.3
v -15.6 -59.0 -32.0
v -15.0 -58.0 -45.3
v -15.0 -58.5 -45.0
v -15.4 -58.0 -33.0
v -15.0 -58.0 -33.5
v -15.7 -58.0 -32.0
v -15.0 -57.0 -45.4
v -15.5 -57.0 -33.0
v -15.0 -57.0 -33.5
v -15.7 -56.0 -46.0
v -15.0 -56.0 -45.6
v -15.5 -56.0 -33.0
v -15.0 -56.0 -33.4
v -15.5 -55.0 -46.0
v -15.0 -55.0 -45.6
v -15.3 -55.0 -33.0
v -15.0 -55.0 -33.3
v -16.0 -55.0 -30.0
v -15.5 -54.0 -46.0
v -15.0 -54.0 -45.6
v -15.0 -54.6 -33.0
v -15.4 -54.0 -32.0
v -15.0 -54.0 -32.4
v -15.5 -54.0 -31.0
v -15.8 -54.0 -30.0
v -15.5 -53.0 -46.0
v -15.0 -53.0 -45.6
v -15.0 -53.6 -32.0
v -15.0 -53.4 -31.0
v -15.0 -53.0 -30.6
v -15.8 -53.0 -30.0
v -15.3 -52.0 -46.0
v -15.0 -52.0 -45.8
v -15.0 -52.0 -30.1
v -15.1 -51.0 -47.0
v -15.0 -51.0 -47.1
v -15.0 -51.1 -47.0
v -15.0 -51.8 -46.0
v -15.4 -51.0 -31.0
v -15.0 -51.0 -30.7
v -15.5 -50.0 -47.0
v -15.0 -50.0 -47.4
v -15.4 -50.0 -32.0
v -15.0 -50.0 -31.7
v -15.0 -50.6 -31.0
v -15.5 -49.0 -47.0
v -15.0 -49.0 -47.4
v -15.0 -49.4 -33.0
v -15.0 -49.0 -33.5
v -15.0 -49.7 -32.0
v -15.3 -48.0 -47.0
v -15.0 -48.0 -47.3
v -15.6 -48.0 -46.0
v -15.8 -48.0 -42.0
v -15.4 -48.0 -35.0
v -15.0 -48.0 -34.6
v -15.0 -48.5 -34.0
v -15.0 -47.7 -47.0
v -15.0 -47.4 -46.0
v -15.2 -47.0 -45.0
v -15.0 -47.0 -45.3
v -15.0 -47.0 -44.7
v -15.0 -47.3 -44.0
v -15.0 -47.5 -43.0
v -15.0 -47.6 -42.0
v -15.0 -47.4 -41.0
v -15.3 -47.0 -40.0
v -15.0 -47.0 -40.3
v -15.5 -47.0 -39.0
v -15.5 -47.0 -38.0
v -15.4 -47.0 -37.0
v -15.0 -47.0 -36.5
v -15.0 -47.3 -36.0
v -15.0 -47.7 -35.0
v -15.0 -46.9 -45.0
v -15.0 -46.8 -40.0
v -15.0 -46.6 -39.0
v -15.0 -46.6 -38.0
v -15.0 -46.7 -37.0
v -14.6 -71.0 -41.0
v -14.0 -71.0 -40.4
v -14.0 -71.2 -40.0
v -14.0 -71.2 -39.0
v -14.4 -71.0 -38.0
v -14.0 -71.0 -38.6
v -14.5 -71.0 -37.0
v -14.5 -71.0 -36.0
v -14.5 -71.0 -35.0
v -15.0 -71.0 -34.0
v -14.0 -70.0 -41.3
v -14.0 -70.4 -41.0
v -14.0 -70.7 -38.0
v -14.0 -70.5 -37.0
v -14.0 -70.5 -36.0
v -14.0 -70.5 -35.0
v -14.0 -70.4 -34.0
v -14.0 -70.0 -33.3
v -14.5 -69.0 -42.0
v -14.0 -69.0 -41.6
v -14.6 -69.0 -34.0
v -14.0 -69.0 -33.4
v -14.0 -68.0 -42.4
v -14.0 -68.5 -42.0
v -14.5 -68.0 -34.0
v -14.0 -68.0 -33.5
v -14.7 -67.0 -44.0
v -14.0 -67.0 -43.4
v -14.0 -67.4 -43.0
v -14.6 -67.0 -34.0
v -14.0 -67.0 -33.5
v -14.4 -66.0 -44.0
v -14.0 -66.0 -43.7
v -14.0 -66.0 -33.2
v -14.0 -65.0 -44.4
v -14.0 -65.6 -44.0
v -14.0 -65.7 -33.0
v -14.0 -65.0 -32.5
v -14.0 -64.0 -44.6
v -14.0 -64.0 -32.6
v -14.0 -63.0 -45.2
v -14.0 -63.3 -45.0
v -14.2 -63.0 -33.0
v -14.0 -63.2 -33.0
v -14.0 -63.0 -33.1
v -14.0 -62.7 -45.0
v -14.0 -62.0 -44.5
v -14.5 -62.0 -33.0
v -14.0 -62.0 -33.4
v -14.0 -61.0 -44.5
v -14.5 -61.0 -33.0
v -14.0 -61.0 -33.5
v -14.0 -60.0 -44.4
v -14.6 -60.0 -33.0
v -14.0 -60.0 -33.5
v -14.0 -59.0 -44.4
v -14.0 -59.0 -33.8
v -14.6 -58.0 -45.0
v -14.0 -58.0 -44.6
v -14.2 -58.0 -35.0
v -14.0 -58.3 -35.0
v -14.0 -58.0 -35.2
v -14.5 -58.0 -34.0
v -14.0 -58.7 -34.0
v -14.3 -57.0 -45.0
v -14.0 -57.0 -44.7
v -14.2 -57.0 -35.0
v -14.0 -57.0 -35.2
v -14.5 -57.0 -34.0
v -14.0 -56.0 -45.4
v -14.0 -56.6 -45.0
v -14.0 -56.7 -35.0
v -14.0 -56.3 -34.0
v -14.0 -56.0 -33.8
v -14.0 -55.0 -45.5
v -14.0 -55.0 -33.6
v -14.0 -54.0 -45.5
v -14.4 -54.0 -33.0
v -14.0 -54.0 -33.4
v -14.0 -53.0 -45.5
v -14.0 -53.6 -33.0
v -14.3 -53.0 -32.0
v -14.0 -53.0 -32.3
v -14.6 -53.0 -31.0
v -14.0 -52.0 -45.6
v -14.0 -52.7 -32.0
v -14.0 -52.3 -31.0
v -14.0 -52.0 -30.7
v -14.9 -51.0 -47.0
v -14.0 -51.0 -46.6
v -14.0 -51.6 -46.0
v -14.0 -51.0 -30.8
v -14.0 -50.0 -47.4
v -14.0 -50.6 -47.0
v -14.0 -50.7 -31.0
v -14.0 -50.0 -31.7
v -14.0 -49.0 -47.6
v -14.0 -49.4 -33.0
v -14.0 -49.0 -33.5
v -14.0 -49.7 -32.0
v -14.0 -48.0 -47.9
v -14.0 -48.5 -34.0
v -14.0 -48.0 -34.5
v -14.4 -47.0 -47.0
v -14.0 -47.0 -47.4
v -14.6 -47.0 -46.0
v -14.2 -47.0 -44.0
v -14.0 -47.0 -43.8
v -14.0 -47.4 -43.0
v -14.0 -47.5 -42.0
v -14.0 -47.4 -41.0
v -14.0 -47.0 -40.5
v -14.5 -47.0 -36.0
v -14.0 -47.0 -35.6
v -14.0 -47.5 -35.0
v -14.0 -46.3 -47.0
v -14.0 -46.6 -46.0
v -14.0 -46.6 -45.0
v -14.0 -46.9 -44.0
v -14.0 -46.6 -40.0
v -14.0 -46.5 -39.0
v -14.0 -46.5 -38.0
v -14.0 -46.5 -37.0
v -14.0 -46.7 -36.0
v -13.8 -71.0 -40.0
v -13.7 -71.0 -39.0
v -13.7 -70.0 -41.0
v -13.4 -70.0 -40.0
v -13.3 -70.0 -39.0
v -13.0 -70.1 -38.0
v -13.0 -70.0 -38.2
v -13.4 -70.0 -37.0
v -13.0 -70.0 -37.8
v -13.5 -70.0 -36.0
v -13.5 -70.0 -35.0
v -13.6 -70.0 -34.0
v -13.4 -69.0 -41.0
v -13.0 -69.0 -40.4
v -13.0 -69.4 -40.0
v -13.0 -69.6 -39.0
v -13.0 -69.6 -37.0
v -13.0 -69.5 -36.0
v -13.0 -69.5 -35.0
v -13.0 -69.5 -34.0
v -13.0 -69.1 -33.0
v -13.1 -69.0 -33.0
v -13.0 -69.0 -32.9
v -13.5 -68.0 -42.0
v -13.0 -68.0 -41.4
v -13.0 -68.5 -41.0
v -13.4 -68.0 -33.0
v -13.0 -68.0 -32.6
v -13.6 -67.0 -43.0
v -13.0 -67.0 -42.4
v -13.0 -67.4 -42.0
v -13.5 -67.0 -33.0
v -13.0 -67.0 -32.4
v -13.0 -66.0 -43.4
v -13.0 -66.4 -43.0
v -13.8 -66.0 -33.0
v -13.0 -66.4 -32.0
v -13.3 -66.0 -32.0
v -13.0 -66.0 -31.6
v -13.0 -65.0 -44.3
v -13.0 -65.3 -44.0
v -13.4 -65.0 -32.0
v -13.0 -65.0 -31.6
v -13.0 -64.0 -44.5
v -13.0 -64.5 -32.0
v -13.0 -64.0 -32.3
v -13.5 -63.0 -45.0
v -13.0 -63.2 -44.0
v -13.1 -63.0 -44.0
v -13.0 -63.0 -43.9
v -13.7 -63.0 -33.0
v -13.0 -63.0 -32.7
v -13.3 -62.0 -44.0
v -13.0 -62.0 -43.7
v -13.1 -62.0 -34.0
v -13.0 -62.1 -34.0
v -13.0 -62.0 -34.1
v -13.0 -62.7 -33.0
v -13.0 -61.0 -44.2
v -13.0 -61.4 -44.0
v -13.5 -61.0 -34.0
v -13.0 -61.0 -34.4
v -13.0 -60.7 -44.0
v -13.4 -60.0 -44.0
v -13.0 -60.0 -43.7
v -13.2 -60.0 -35.0
v -13.0 -60.3 -35.0
v -13.0 -60.0 -35.2
v -13.6 -60.0 -34.0
v -13.4 -59.0 -44.0
v -13.0 -59.0 -43.7
v -13.5 -59.0 -35.0
v -13.0 -59.0 -35.5
v -13.8 -59.0 -34.0
v -13.0 -58.0 -44.3
v -13.0 -58.5 -44.0
v -13.0 -58.0 -35.6
v -13.0 -57.0 -44.5
v -13.0 -57.0 -35.6
v -13.0 -56.0 -45.2
v -13.0 -56.3 -45.0
v -13.3 -56.0 -35.0
v -13.0 -56.0 -35.3
v -13.8 -56.0 -34.0
v -13.0 -55.0 -45.4
v -13.0 -55.5 -35.0
v -13.0 -55.0 -34.6
v -13.5 -55.0 -34.0
v -13.0 -54.0 -45.4
v -13.3 -54.0 -34.0
v -13.0 -54.0 -34.3
v -13.0 -53.0 -45.4
v -13.0 -53.6 -34.0
v -13.0 -53.2 -33.0
v -13.0 -53.0 -32.8
v -13.0 -52.0 -45.5
v -13.4 -52.0 -32.0
v -13.0 -52.0 -32.4
v -13.8 -52.0 -31.0
v -13.0 -51.0 -46.3
v -13.0 -51.3 -46.0
v -13.0 -51.3 -32.0
v -13.0 -51.0 -31.8
v -13.7 -51.0 -31.0
v -13.0 -50.0 -47.2
v -13.0 -50.3 -47.0
v -13.6 -50.0 -32.0
v -13.0 -50.7 -32.0
v -13.0 -50.0 -32.5
v -13.0 -49.0 -47.4
v -13.0 -49.5 -33.0
v -13.0 -49.0 -33.5
v -13.0 -48.0 -47.4
v -13.0 -48.5 -34.0
v -13.0 -48.0 -34.5
v -13.0 -47.0 -47.2
v -13.5 -47.0 -45.0
v -13.0 -47.4 -45.0
v -13.0 -47.0 -45.6
v -13.8 -47.0 -44.0
v -13.0 -47.5 -44.0
v -13.0 -47.6 -43.0
v -13.0 -47.5 -42.0
v -13.0 -47.4 -41.0
v -13.0 -47.0 -40.4
v -13.0 -47.5 -35.0
v -13.0 -47.0 -35.5
v -13.0 -46.8 -47.0
v -13.0 -46.8 -46.0
v -13.0 -46.7 -40.0
v -13.0 -46.5 -39.0
v -13.0 -46.5 -38.0
v -13.0 -46.5 -37.0
v -13.0 -46.6 -36.0
v -12.9 -70.0 -38.0
v -12.7 -69.0 -40.0
v -12.5 -69.0 -39.0
v -12.5 -69.0 -38.0
v -12.6 -69.0 -37.0
v -12.6 -69.0 -36.0
v -12.5 -69.0 -35.0
v -12.5 -69.0 -34.0
v -12.9 -69.0 -33.0
v -12.7 -68.0 -41.0
v -12.3 -68.0 -40.0
v -12.0 -68.0 -39.3
v -12.0 -68.2 -39.0
v -12.0 -68.0 -38.7
v -12.3 -68.0 -38.0
v -12.4 -68.0 -37.0
v -12.3 -68.0 -36.0
v -12.0 -68.0 -35.5
v -12.0 -68.4 -35.0
v -12.0 -68.5 -34.0
v -12.0 -68.3 -33.0
v -12.0 -68.0 -32.7
v -12.7 -67.0 -42.0
v -12.3 -67.0 -41.0
v -12.0 -67.0 -40.5
v -12.0 -67.5 -40.0
v -12.0 -67.6 -38.0
v -12.0 -67.5 -37.0
v -12.0 -67.7 -36.0
v -12.0 -67.4 -32.0
v -12.5 -67.0 -32.0
v -12.0 -67.0 -31.6
v -12.6 -66.0 -43.0
v -12.3 -66.0 -42.0
v -12.0 -66.0 -41.5
v -12.0 -66.5 -41.0
v -12.0 -66.5 -31.0
v -12.5 -66.0 -31.0
v -12.0 -66.2 -30.0
v -12.2 -66.0 -30.0
v -12.0 -66.0 -29.6
v -12.6 -65.0 -44.0
v -12.0 -65.0 -43.4
v -12.0 -65.3 -43.0
v -12.0 -65.6 -42.0
v -12.6 -65.0 -31.0
v -12.5 -65.0 -30.0
v -12.0 -65.3 -29.0
v -12.2 -65.0 -29.0
v -12.0 -65.0 -28.8
v -12.0 -64.0 -44.0
v -12.0 -64.1 -44.0
v -12.7 -64.0 -32.0
v -12.4 -64.0 -31.0
v -12.4 -64.0 -30.0
v -12.2 -64.0 -29.0
v -12.0 -64.0 -28.8
v -12.0 -64.0 -44.0
v -12.2 -63.0 -43.0
v -12.0 -63.2 -43.0
v -12.0 -63.0 -42.8
v -12.0 -63.3 -32.0
v -12.0 -63.0 -32.4
v -12.0 -63.5 -31.0
v -12.0 -63.5 -30.0
v -12.0 -63.7 -29.0
v -12.0 -62.0 -43.3
v -12.0 -62.6 -43.0
v -12.9 -62.0 -34.0
v -12.0 -62.0 -33.5
v -12.0 -62.4 -33.0
v -12.8 -61.0 -44.0
v -12.0 -61.0 -43.4
v -12.0 -61.5 -34.0
v -12.0 -61.0 -34.4
v -12.0 -60.0 -43.4
v -12.0 -60.4 -35.0
v -12.0 -60.0 -35.4
v -12.0 -59.0 -43.5
v -12.4 -59.0 -36.0
v -12.0 -59.4 -36.0
v -12.0 -59.0 -36.7
v -12.6 -58.0 -44.0
v -12.0 -58.0 -43.5
v -12.5 -58.0 -36.0
v -12.0 -58.0 -36.5
v -12.4 -57.0 -44.0
v -12.0 -57.0 -43.6
v -12.4 -57.0 -36.0
v -12.0 -57.0 -36.3
v -12.7 -56.0 -45.0
v -12.0 -56.0 -44.3
v -12.0 -56.5 -44.0
v -12.0 -56.5 -36.0
v -12.0 -56.0 -35.7
v -12.5 -55.0 -45.0
v -12.0 -55.0 -44.5
v -12.6 -55.0 -35.0
v -12.0 -55.0 -35.5
v -12.5 -54.0 -45.0
v -12.0 -54.0 -44.5
v -12.3 -54.0 -35.0
v -12.0 -54.0 -35.3
v -12.5 -53.0 -45.0
v -12.0 -53.0 -44.5
v -12.0 -53.5 -35.0
v -12.5 -53.0 -34.0
v -12.0 -53.0 -34.6
v -12.8 -53.0 -33.0
v -12.5 -52.0 -45.0
v -12.0 -52.0 -44.5
v -12.4 -52.0 -34.0
v -12.0 -52.0 -34.4
v -12.6 -52.0 -33.0
v -12.7 -51.0 -46.0
v -12.3 -51.0 -45.0
v -12.0 -51.0 -44.6
v -12.2 -51.0 -34.0
v -12.0 -51.0 -34.2
v -12.4 -51.0 -33.0
v -12.8 -51.0 -32.0
v -12.8 -50.0 -47.0
v -12.4 -50.0 -46.0
v -12.0 -50.0 -45.2
v -12.0 -50.3 -45.0
v -12.0 -50.8 -34.0
v -12.0 -50.1 -33.0
v -12.0 -50.0 -32.9
v -12.6 -49.0 -47.0
v -12.5 -49.0 -46.0
v -12.0 -49.7 -45.0
v -12.3 -49.0 -45.0
v -12.0 -49.0 -44.5
v -12.0 -49.9 -33.0
v -12.0 -49.0 -33.6
v -12.6 -48.0 -47.0
v -12.5 -48.0 -46.0
v -12.6 -48.0 -45.0
v -12.0 -48.6 -44.0
v -12.5 -48.0 -44.0
v -12.4 -48.0 -43.0
v -12.0 -48.3 -43.0
v -12.0 -48.0 -42.6
v -12.0 -48.6 -34.0
v -12.0 -48.0 -34.6
v -12.8 -47.0 -47.0
v -12.8 -47.0 -46.0
v -12.0 -47.6 -42.0
v -12.0 -47.6 -41.0
v -12.6 -47.0 -40.0
v -12.0 -47.4 -40.0
v -12.0 -47.0 -39.4
v -12.0 -47.6 -35.0
v -12.0 -47.0 -35.7
v -12.0 -46.7 -39.0
v -12.0 -46.6 -38.0
v -12.0 -46.6 -37.0
v -12.0 -46.8 -36.0
v -11.8 -68.0 -39.0
v -11.6 -68.0 -35.0
v -11.5 -68.0 -34.0
v -11.6 -68.0 -33.0
v -11.7 -67.0 -40.0
v -11.5 -67.0 -39.0
v -11.6 -67.0 -38.0
v -11.5 -67.0 -37.0
v -11.4 -67.0 -36.0
v -11.0 -67.0 -35.5
v -11.0 -67.4 -35.0
v -11.0 -67.6 -34.0
v -11.0 -67.6 -33.0
v -11.0 -67.3 -32.0
v -11.0 -67.0 -31.6
v -11.7 -66.0 -41.0
v -11.5 -66.0 -40.0
v -11.4 -66.0 -39.0
v -11.3 -66.0 -38.0
v -11.0 -66.0 -37.5
v -11.0 -66.4 -37.0
v -11.0 -66.6 -36.0
v -11.0 -66.6 -31.0
v -11.0 -66.5 -30.0
v -11.0 -66.1 -29.0
v -11.2 -66.0 -29.0
v -11.0 -66.0 -28.9
v -11.7 -65.0 -43.0
v -11.5 -65.0 -42.0
v -11.5 -65.0 -41.0
v -11.3 -65.0 -40.0
v -11.0 -65.0 -39.5
v -11.0 -65.4 -39.0
v -11.0 -65.7 -38.0
v -11.0 -65.0 -28.5
v -12.0 -64.0 -44.0
v -11.6 -64.0 -43.0
v -11.1 -64.0 -42.0
v -11.2 -64.0 -41.0
v -11.0 -64.0 -40.7
v -11.0 -64.5 -40.0
v -11.0 -64.0 -28.5
v -11.4 -63.0 -42.0
v -11.0 -63.0 -41.5
v -11.0 -63.6 -41.0
v -11.5 -63.0 -32.0
v -11.3 -63.0 -31.0
v -11.3 -63.0 -30.0
v -11.2 -63.0 -29.0
v -11.0 -63.0 -28.8
v -11.8 -62.0 -43.0
v -11.4 -62.0 -42.0
v -11.0 -62.0 -41.5
v -11.3 -62.0 -33.0
v -11.0 -62.0 -32.8
v -11.0 -62.7 -32.0
v -11.0 -62.8 -31.0
v -11.0 -62.8 -30.0
v -11.0 -62.8 -29.0
v -11.6 -61.0 -43.0
v -11.4 -61.0 -42.0
v -11.0 -61.0 -41.5
v -11.3 -61.0 -34.0
v -11.0 -61.0 -33.8
v -11.0 -61.8 -33.0
v -11.5 -60.0 -43.0
v -11.2 -60.0 -42.0
v -11.0 -60.0 -41.7
v -11.3 -60.0 -35.0
v -11.0 -60.0 -34.8
v -11.0 -60.8 -34.0
v -11.0 -59.0 -43.1
v -11.0 -59.1 -43.0
v -11.0 -59.7 -42.0
v -11.0 -59.3 -36.0
v -11.0 -59.0 -36.3
v -11.0 -59.8 -35.0
v -11.0 -58.9 -43.0
v -11.4 -58.0 -43.0
v -11.0 -58.0 -42.6
v -11.0 -58.0 -36.5
v -11.5 -57.0 -43.0
v -11.0 -57.0 -42.5
v -11.0 -57.0 -36.6
v -11.7 -56.0 -44.0
v -11.4 -56.0 -43.0
v -11.0 -56.0 -42.5
v -11.6 -56.0 -36.0
v -11.0 -56.0 -36.6
v -11.6 -55.0 -44.0
v -11.3 -55.0 -43.0
v -11.0 -55.0 -42.6
v -11.4 -55.0 -36.0
v -11.0 -55.0 -36.4
v -11.5 -54.0 -44.0
v -11.0 -54.0 -43.4
v -11.0 -54.5 -43.0
v -11.0 -54.4 -36.0
v -11.0 -54.0 -35.7
v -11.5 -53.0 -44.0
v -11.0 -53.0 -43.5
v -11.6 -53.0 -35.0
v -11.0 -53.0 -35.5
v -11.5 -52.0 -44.0
v -11.0 -52.0 -43.5
v -11.4 -52.0 -35.0
v -11.0 -52.0 -35.3
v -11.5 -51.0 -44.0
v -11.0 -51.0 -43.6
v -11.0 -51.5 -35.0
v -11.0 -51.0 -34.6
v -11.8 -50.0 -45.0
v -11.4 -50.0 -44.0
v -11.0 -50.0 -43.6
v -11.0 -50.1 -34.0
v -11.9 -50.0 -33.0
v -11.0 -50.0 -33.9
v -11.6 -49.0 -44.0
v -11.0 -49.0 -43.5
v -11.6 -49.0 -34.0
v -11.0 -49.8 -34.0
v -11.0 -49.0 -34.6
v -11.0 -48.5 -43.0
v -11.0 -48.0 -42.2
v -11.4 -48.0 -41.0
v -11.0 -48.4 -41.0
v -11.0 -48.0 -41.8
v -11.4 -48.0 -40.0
v -11.0 -48.4 -40.0
v -11.0 -48.0 -39.5
v -11.6 -48.0 -35.0
v -11.0 -48.6 -35.0
v -11.0 -48.0 -35.6
v -11.0 -47.9 -42.0
v -11.7 -47.0 -39.0
v -11.0 -47.6 -39.0
v -11.5 -47.0 -38.0
v -11.0 -47.5 -38.0
v -11.5 -47.0 -37.0
v -11.0 -47.5 -37.0
v -11.7 -47.0 -36.0
v -11.0 -47.7 -36.0
v -10.5 -67.0 -35.0
v -10.0 -67.0 -34.4
v -10.0 -67.3 -34.0
v -10.0 -67.2 -33.0
v -10.6 -67.0 -32.0
v -10.0 -67.0 -32.6
v -10.6 -66.0 -37.0
v -10.4 -66.0 -36.0
v -10.0 -66.0 -35.5
v -10.0 -66.5 -35.0
v -10.0 -66.6 -32.0
v -10.0 -66.4 -31.0
v -10.0 -66.3 -30.0
v -10.8 -66.0 -29.0
v -10.0 -66.0 -29.6
v -10.7 -65.0 -39.0
v -10.4 -65.0 -38.0
v -10.0 -65.0 -37.5
v -10.0 -65.4 -37.0
v -10.0 -65.6 -36.0
v -10.0 -65.4 -29.0
v -10.0 -65.0 -28.7
v -10.7 -64.0 -40.0
v -10.3 -64.0 -39.0
v -10.0 -64.0 -38.6
v -10.0 -64.5 -38.0
v -10.0 -64.0 -28.6
v -10.7 -63.0 -41.0
v -10.3 -63.0 -40.0
v -10.0 -63.0 -39.5
v -10.0 -63.5 -39.0
v -10.4 -63.0 -32.0
v -10.0 -63.2 -32.0
v -10.0 -63.0 -32.9
v -10.5 -63.0 -31.0
v -10.0 -63.2 -31.0
v -10.3 -63.0 -30.0
v -10.0 -63.1 -30.0
v -10.0 -63.0 -29.7
v -10.0 -63.0 -28.8
v -10.5 -62.0 -41.0
v -10.0 -62.0 -40.4
v -10.0 -62.5 -40.0
v -10.8 -62.0 -33.0
v -10.0 -63.0 -33.0
v -10.0 -62.0 -33.5
v -10.0 -62.8 -29.0
v -10.5 -61.0 -41.0
v -10.0 -61.0 -40.5
v -10.7 -61.0 -34.0
v -10.0 -61.4 -34.0
v -10.0 -61.0 -34.4
v -10.4 -60.0 -41.0
v -10.0 -60.0 -40.6
v -10.7 -60.0 -35.0
v -10.0 -60.3 -35.0
v -10.0 -60.0 -35.3
v -10.9 -59.0 -43.0
v -10.5 -59.0 -42.0
v -10.0 -59.0 -41.3
v -10.0 -59.4 -41.0
v -10.3 -59.0 -36.0
v -10.0 -59.0 -35.9
v -10.5 -58.0 -42.0
v -10.0 -58.0 -41.3
v -10.1 -58.0 -40.0
v -10.0 -58.2 -40.0
v -10.0 -58.0 -40.3
v -10.0 -58.0 -39.7
v -10.0 -58.9 -36.0
v -10.0 -58.0 -36.7
v -10.5 -57.0 -42.0
v -10.0 -57.0 -41.3
v -10.4 -57.0 -40.0
v -10.0 -57.0 -40.7
v -10.0 -57.6 -39.0
v -10.4 -57.0 -39.0
v -10.4 -57.0 -38.0
v -10.0 -57.5 -38.0
v -10.5 -57.0 -37.0
v -10.0 -57.7 -37.0
v -10.5 -56.0 -42.0
v -10.0 -56.0 -41.1
v -10.4 -56.0 -40.0
v -10.0 -56.0 -40.9
v -10.5 -56.0 -39.0
v -10.5 -56.0 -38.0
v -10.6 -56.0 -37.0
v -10.6 -55.0 -42.0
v -10.0 -55.9 -41.0
v -10.4 -55.0 -41.0
v -10.5 -55.0 -40.0
v -10.5 -55.0 -39.0
v -10.5 -55.0 -38.0
v -10.6 -55.0 -37.0
v -10.7 -54.0 -43.0
v -10.4 -54.0 -42.0
v -10.5 -54.0 -41.0
v -10.4 -54.0 -40.0
v -10.4 -54.0 -39.0
v -10.5 -54.0 -38.0
v -10.5 -54.0 -37.0
v -10.8 -54.0 -36.0
v -10.5 -53.0 -43.0
v -10.0 -53.0 -42.2
v -10.0 -53.2 -42.0
v -10.0 -53.0 -41.6
v -10.2 -53.0 -41.0
v -10.0 -53.0 -40.7
v -10.0 -53.4 -40.0
v -10.0 -53.4 -39.0
v -10.0 -53.0 -38.5
v -10.3 -53.0 -38.0
v -10.4 -53.0 -37.0
v -10.5 -53.0 -36.0
v -10.4 -52.0 -43.0
v -10.0 -52.0 -42.6
v -10.0 -52.8 -41.0
v -10.0 -52.6 -38.0
v -10.0 -52.5 -37.0
v -10.0 -52.3 -36.0
v -10.0 -52.0 -35.8
v -10.0 -51.0 -43.3
v -10.0 -51.4 -43.0
v -10.6 -51.0 -35.0
v -10.0 -51.0 -35.6
v -10.0 -50.0 -43.5
v -10.4 -50.0 -35.0
v -10.0 -50.0 -35.6
v -10.9 -50.0 -34.0
v -10.0 -49.0 -43.2
v -10.3 -49.0 -41.0
v -10.0 -49.4 -41.0
v -10.0 -49.0 -41.4
v -10.4 -49.0 -40.0
v -10.0 -49.4 -40.0
v -10.0 -49.0 -39.5
v -10.3 -49.0 -36.0
v -10.0 -49.5 -36.0
v -10.0 -49.0 -36.5
v -10.7 -49.0 -35.0
v -10.0 -48.7 -43.0
v -10.9 -48.0 -42.0
v -10.0 -48.6 -42.0
v -10.6 -48.0 -39.0
v -10.0 -48.7 -39.0
v -10.5 -48.0 -38.0
v -10.0 -48.5 -38.0
v -10.5 -48.0 -37.0
v -10.0 -48.6 -37.0
v -10.7 -48.0 -36.0
v -9.7 -67.0 -34.0
v -9.7 -67.0 -33.0
v -9.6 -66.0 -35.0
v -9.0 -66.0 -34.1
v -9.0 -66.1 -34.0
v -9.0 -66.0 -33.8
v -9.3 -66.0 -33.0
v -9.5 -66.0 -32.0
v -9.5 -66.0 -31.0
v -9.7 -66.0 -30.0
v -9.7 -65.0 -37.0
v -9.6 -65.0 -36.0
v -9.3 -65.0 -35.0
v -9.0 -65.0 -34.6
v -9.0 -65.6 -33.0
v -9.0 -65.5 -32.0
v -9.0 -65.5 -31.0
v -9.0 -65.3 -30.0
v -9.7 -65.0 -29.0
v -9.0 -65.0 -29.7
v -9.5 -64.0 -38.0
v -9.0 -64.0 -37.2
v -9.0 -64.2 -37.0
v -9.0 -64.0 -36.5
v -9.2 -64.0 -36.0
v -9.0 -64.0 -35.7
v -9.0 -64.5 -35.0
v -9.5 -64.0 -29.0
v -9.0 -64.0 -29.5
v -9.6 -63.0 -39.0
v -9.0 -63.0 -38.3
v -9.0 -63.4 -38.0
v -9.0 -63.8 -36.0
v -9.7 -63.0 -32.0
v -9.5 -63.0 -31.0
v -9.6 -63.0 -30.0
v -9.0 -63.0 -29.2
v -9.1 -63.0 -29.0
v -9.7 -62.0 -40.0
v -9.3 -62.0 -39.0
v -9.0 -62.0 -38.6
v -9.0 -62.4 -33.0
v -9.0 -62.0 -33.4
v -9.0 -62.6 -32.0
v -9.0 -62.8 -31.0
v -9.0 -62.8 -30.0
v -9.5 -61.0 -40.0
v -9.0 -61.0 -39.2
v -9.0 -61.3 -39.0
v -9.0 -61.5 -34.0
v -9.0 -61.0 -34.5
v -9.6 -60.0 -40.0
v -9.0 -60.7 -39.0
v -9.3 -60.0 -39.0
v -9.0 -60.0 -38.5
v -9.0 -60.5 -35.0
v -9.0 -60.0 -35.6
v -9.8 -59.0 -41.0
v -9.6 -59.0 -40.0
v -9.5 -59.0 -39.0
v -9.0 -59.6 -38.0
v -9.4 -59.0 -38.0
v -9.4 -59.0 -37.0
v -9.0 -59.5 -37.0
v -9.8 -59.0 -36.0
v -9.0 -59.7 -36.0
v -9.8 -58.0 -41.0
v -9.7 -58.0 -39.0
v -9.6 -58.0 -38.0
v -9.8 -58.0 -37.0
v -9.8 -57.0 -41.0
v -9.9 -56.0 -41.0
v -9.9 -53.0 -42.0
v -9.7 -53.0 -40.0
v -9.7 -53.0 -39.0
v -9.6 -52.0 -42.0
v -9.6 -52.0 -41.0
v -9.5 -52.0 -40.0
v -9.5 -52.0 -39.0
v -9.6 -52.0 -38.0
v -9.6 -52.0 -37.0
v -9.8 -52.0 -36.0
v -9.7 -51.0 -43.0
v -9.4 -51.0 -42.0
v -9.5 -51.0 -41.0
v -9.5 -51.0 -40.0
v -9.5 -51.0 -39.0
v -9.5 -51.0 -38.0
v -9.5 -51.0 -37.0
v -9.6 -51.0 -36.0
v -9.0 -50.0 -43.1
v -9.0 -50.1 -43.0
v -9.0 -50.3 -42.0
v -9.0 -50.0 -41.7
v -9.5 -50.0 -41.0
v -9.6 -50.0 -40.0
v -9.5 -50.0 -39.0
v -9.5 -50.0 -38.0
v -9.5 -50.0 -37.0
v -9.7 -50.0 -36.0
v -9.0 -49.9 -43.0
v -9.6 -49.0 -43.0
v -9.0 -49.0 -42.0
v -9.0 -49.0 -42.0
v -9.7 -49.0 -39.0
v -9.6 -49.0 -38.0
v -9.7 -49.0 -37.0
v -9.0 -49.0 -42.0
v -8.9 -66.0 -34.0
v -8.6 -65.0 -34.0
v -8.6 -65.0 -33.0
v -8.6 -65.0 -32.0
v -8.6 -65.0 -31.0
v -8.8 -65.0 -30.0
v -8.9 -64.0 -37.0
v -8.7 -64.0 -35.0
v -8.5 -64.0 -34.0
v -8.4 -64.0 -33.0
v -8.4 -64.0 -32.0
v -8.5 -64.0 -31.0
v -8.6 -64.0 -30.0
v -8.7 -63.0 -38.0
v -8.5 -63.0 -37.0
v -8.6 -63.0 -36.0
v -8.4 -63.0 -35.0
v -8.3 -63.0 -34.0
v -8.0 -63.0 -33.4
v -8.0 -63.3 -33.0
v -8.0 -63.3 -32.0
v -8.0 -63.0 -31.7
v -8.7 -63.0 -31.0
v -8.8 -63.0 -30.0
v -8.6 -62.0 -38.0
v -8.5 -62.0 -37.0
v -8.3 -62.0 -36.0
v -8.0 -62.0 -35.4
v -8.0 -62.3 -35.0
v -8.0 -62.4 -34.0
v -8.3 -62.0 -33.0
v -8.0 -62.0 -32.2
v -8.0 -62.1 -32.0
v -8.8 -61.0 -39.0
v -8.5 -61.0 -38.0
v -8.4 -61.0 -37.0
v -8.0 -61.0 -36.2
v -8.0 -61.2 -36.0
v -8.0 -61.7 -34.0
v -8.0 -61.0 -34.8
v -8.0 -61.8 -33.0
v -8.7 -60.0 -38.0
v -8.6 -60.0 -37.0
v -8.0 -60.9 -36.0
v -8.7 -60.0 -36.0
v -8.0 -60.8 -35.0
v -8.9 -50.0 -43.0
v -8.8 -50.0 -42.0
v -9.0 -49.0 -42.0
v -7.8 -63.0 -33.0
v -7.8 -63.0 -32.0
v -7.8 -62.0 -35.0
v -7.8 -62.0 -34.0
v -7.8 -62.0 -33.0
v -7.9 -61.0 -36.0
v -7.8 -61.0 -35.0
f 3 2 1
f 1 4 3
f 1 2 5
f 5 2 6
f 4 1 7
f 1 8 7
f 1 5 8
f 10 9 8
f 8 9 7
f 12 11 10
f 10 11 9
f 12 13 11
f 5 6 14
f 14 6 15
f 5 16 8
f 5 14 16
f 8 17 10
f 8 16 17
f 10 18 12
f 10 17 18
f 13 12 19
f 19 12 18
f 14 15 20
f 20 15 21
f 14 22 16
f 14 20 22
f 16 23 17
f 16 22 23
f 17 24 18
f 17 23 24
f 19 18 25
f 25 18 24
f 20 21 26
f 26 21 27
f 20 28 22
f 20 26 28
f 22 29 23
f 22 28 29
f 23 30 24
f 23 29 30
f 25 24 31
f 31 24 30
f 27 32 26
f 26 32 28
f 28 32 33
f 35 34 33
f 34 28 33
f 34 29 28
f 29 36 30
f 29 34 36
f 31 30 37
f 37 30 36
f 35 38 34
f 34 38 36
f 36 38 39
f 36 39 37
f 42 41 40
f 40 43 42
f 40 41 3
f 41 2 3
f 41 44 2
f 46 45 4
f 4 45 3
f 45 43 3
f 43 40 3
f 48 47 46
f 46 47 45
f 50 49 48
f 48 49 47
f 52 51 50
f 50 51 49
f 52 53 51
f 56 55 54
f 44 56 54
f 6 44 54
f 2 44 6
f 7 46 4
f 46 7 9
f 46 9 48
f 48 9 11
f 48 11 50
f 50 11 13
f 57 50 13
f 52 50 57
f 53 52 58
f 58 52 57
f 54 55 59
f 59 55 60
f 59 15 6
f 59 6 54
f 19 61 57
f 19 57 13
f 58 57 62
f 57 63 62
f 57 61 63
f 63 64 62
f 59 60 65
f 65 60 66
f 65 21 15
f 65 15 59
f 25 67 61
f 25 61 19
f 69 63 68
f 63 67 68
f 63 61 67
f 63 69 64
f 66 70 65
f 21 65 70
f 71 21 70
f 27 21 71
f 31 72 67
f 31 67 25
f 68 67 73
f 73 67 72
f 32 27 74
f 27 75 74
f 27 71 75
f 76 33 32
f 76 32 74
f 76 35 33
f 37 77 72
f 37 72 31
f 73 72 78
f 72 79 78
f 72 77 79
f 79 80 78
f 75 81 74
f 83 82 81
f 82 74 81
f 82 76 74
f 84 38 35
f 76 84 35
f 82 84 76
f 85 39 38
f 85 38 84
f 77 37 39
f 85 77 39
f 86 77 85
f 77 87 79
f 77 86 87
f 80 79 88
f 88 79 87
f 83 89 82
f 91 90 89
f 90 82 89
f 90 84 82
f 84 92 85
f 84 90 92
f 85 93 86
f 85 92 93
f 86 94 87
f 86 93 94
f 88 87 95
f 95 87 94
f 91 96 90
f 98 97 96
f 97 90 96
f 97 92 90
f 92 99 93
f 92 97 99
f 101 94 100
f 94 99 100
f 94 93 99
f 94 101 95
f 98 102 97
f 97 102 99
f 99 102 103
f 99 103 100
f 106 105 104
f 108 107 104
f 104 107 106
f 110 109 108
f 108 109 107
f 112 111 110
f 110 111 109
f 112 113 111
f 115 114 42
f 42 114 41
f 116 104 43
f 104 115 43
f 115 42 43
f 104 105 115
f 104 117 108
f 104 116 117
f 108 118 110
f 108 117 118
f 110 119 112
f 110 118 119
f 113 112 120
f 112 121 120
f 112 119 121
f 121 122 120
f 125 124 123
f 114 125 123
f 44 114 123
f 41 114 44
f 45 116 43
f 116 45 47
f 116 47 117
f 117 47 49
f 117 49 118
f 118 49 51
f 118 51 119
f 119 51 53
f 126 119 53
f 121 119 126
f 122 121 127
f 127 121 126
f 123 124 56
f 124 55 56
f 124 128 55
f 123 56 44
f 58 129 126
f 58 126 53
f 127 126 130
f 126 131 130
f 126 129 131
f 131 132 130
f 135 134 133
f 128 135 133
f 60 128 133
f 55 128 60
f 62 129 58
f 129 62 64
f 136 129 64
f 131 129 136
f 132 131 137
f 137 131 136
f 133 134 138
f 138 134 139
f 138 66 60
f 138 60 133
f 68 140 69
f 136 64 69
f 140 136 69
f 141 136 140
f 137 136 142
f 142 136 141
f 138 139 143
f 143 139 144
f 145 70 66
f 138 145 66
f 143 145 138
f 145 71 70
f 73 146 140
f 73 140 68
f 140 147 141
f 140 146 147
f 142 141 148
f 141 149 148
f 141 147 149
f 149 150 148
f 143 144 151
f 151 144 152
f 143 153 145
f 143 151 153
f 153 75 71
f 153 71 145
f 78 146 73
f 146 78 80
f 154 146 80
f 147 146 154
f 147 155 149
f 147 154 155
f 150 149 156
f 156 149 155
f 151 152 157
f 157 152 158
f 151 159 153
f 151 157 159
f 160 81 75
f 153 160 75
f 159 160 153
f 160 83 81
f 88 161 154
f 88 154 80
f 154 162 155
f 154 161 162
f 156 155 163
f 163 155 162
f 158 164 157
f 166 165 164
f 165 157 164
f 165 159 157
f 159 167 160
f 159 165 167
f 168 89 83
f 160 168 83
f 167 168 160
f 168 91 89
f 95 169 161
f 95 161 88
f 161 170 162
f 161 169 170
f 163 162 171
f 171 162 170
f 166 172 165
f 165 172 167
f 167 172 173
f 175 174 173
f 174 167 173
f 174 168 167
f 176 96 91
f 168 176 91
f 174 176 168
f 176 98 96
f 100 177 101
f 169 95 101
f 177 169 101
f 178 169 177
f 169 179 170
f 169 178 179
f 171 170 180
f 180 170 179
f 175 181 174
f 183 182 181
f 182 174 181
f 182 176 174
f 184 102 98
f 176 184 98
f 182 184 176
f 185 103 102
f 185 102 184
f 177 100 103
f 185 177 103
f 186 177 185
f 177 187 178
f 177 186 187
f 189 179 188
f 179 187 188
f 179 178 187
f 179 189 180
f 183 190 182
f 182 190 184
f 184 190 191
f 184 191 185
f 185 191 192
f 185 192 186
f 186 192 193
f 186 193 187
f 187 193 194
f 187 194 188
f 197 196 195
f 199 198 195
f 195 198 197
f 201 200 199
f 199 200 198
f 203 202 201
f 201 202 200
f 205 204 203
f 203 204 202
f 205 206 204
f 195 196 207
f 207 196 208
f 195 209 199
f 195 207 209
f 199 210 201
f 199 209 210
f 201 211 203
f 201 210 211
f 203 212 205
f 203 211 212
f 206 205 213
f 213 205 212
f 216 215 214
f 216 214 208
f 208 214 207
f 214 105 207
f 105 106 207
f 207 106 107
f 207 107 209
f 209 107 109
f 209 109 210
f 210 109 111
f 210 111 211
f 211 111 113
f 217 211 113
f 212 211 217
f 213 212 218
f 212 219 218
f 212 217 219
f 219 220 218
f 223 222 221
f 223 221 215
f 215 221 214
f 221 114 214
f 114 115 214
f 214 115 105
f 120 217 113
f 217 120 122
f 224 217 122
f 219 217 224
f 220 219 225
f 225 219 224
f 228 227 226
f 228 226 222
f 222 226 221
f 226 124 221
f 124 125 221
f 221 125 114
f 127 229 224
f 127 224 122
f 225 224 230
f 224 231 230
f 224 229 231
f 231 232 230
f 235 234 233
f 235 233 227
f 233 226 227
f 233 236 226
f 236 128 124
f 236 124 226
f 130 229 127
f 229 130 132
f 237 229 132
f 231 229 237
f 232 231 238
f 238 231 237
f 234 239 233
f 240 134 135
f 233 240 135
f 236 233 135
f 239 240 233
f 236 135 128
f 137 241 237
f 137 237 132
f 238 237 242
f 237 243 242
f 237 241 243
f 243 244 242
f 240 139 134
f 245 139 240
f 142 246 241
f 142 241 137
f 241 247 243
f 241 246 247
f 244 243 248
f 248 243 247
f 245 144 139
f 249 144 245
f 148 246 142
f 246 148 150
f 250 246 150
f 247 246 250
f 248 247 251
f 251 247 250
f 249 152 144
f 252 152 249
f 156 253 250
f 156 250 150
f 251 250 254
f 254 250 253
f 252 158 152
f 255 158 252
f 163 256 253
f 163 253 156
f 254 253 257
f 257 253 256
f 164 158 258
f 158 259 258
f 158 255 259
f 258 166 164
f 171 260 256
f 171 256 163
f 257 256 261
f 261 256 260
f 258 259 262
f 262 259 263
f 264 172 166
f 258 264 166
f 262 264 258
f 265 173 172
f 265 172 264
f 265 175 173
f 180 266 260
f 180 260 171
f 261 260 267
f 267 260 266
f 262 263 268
f 268 263 269
f 262 270 264
f 262 268 270
f 264 271 265
f 264 270 271
f 272 181 175
f 265 272 175
f 271 272 265
f 272 183 181
f 188 273 189
f 266 180 189
f 273 266 189
f 274 266 273
f 267 266 275
f 275 266 274
f 269 276 268
f 268 276 270
f 270 276 277
f 270 277 271
f 271 277 278
f 280 279 278
f 279 271 278
f 279 272 271
f 281 190 183
f 272 281 183
f 279 281 272
f 282 191 190
f 282 190 281
f 283 192 191
f 283 191 282
f 284 193 192
f 284 192 283
f 285 194 193
f 285 193 284
f 273 188 194
f 285 273 194
f 286 273 285
f 288 274 287
f 274 286 287
f 274 273 286
f 274 288 275
f 280 289 279
f 279 289 281
f 281 289 290
f 292 291 290
f 291 281 290
f 291 282 281
f 282 293 283
f 282 291 293
f 283 294 284
f 283 293 294
f 296 285 295
f 285 294 295
f 285 284 294
f 285 296 286
f 286 296 297
f 286 297 287
f 292 298 291
f 291 298 293
f 293 298 299
f 293 299 294
f 294 299 300
f 294 300 295
f 303 302 301
f 305 304 301
f 301 304 303
f 307 306 305
f 305 306 304
f 309 308 307
f 307 308 306
f 311 310 309
f 309 310 308
f 311 312 310
f 301 302 313
f 313 302 314
f 301 315 305
f 301 313 315
f 305 316 307
f 305 315 316
f 307 317 309
f 307 316 317
f 309 318 311
f 309 317 318
f 312 311 319
f 311 320 319
f 311 318 320
f 320 321 319
f 313 314 197
f 314 196 197
f 314 322 196
f 313 197 198
f 313 198 315
f 315 198 200
f 315 200 316
f 316 200 202
f 316 202 317
f 317 202 204
f 317 204 318
f 318 204 206
f 323 318 206
f 320 318 323
f 321 320 324
f 324 320 323
f 327 326 325
f 322 327 325
f 208 322 325
f 196 322 208
f 213 328 323
f 213 323 206
f 324 323 329
f 323 330 329
f 323 328 330
f 330 331 329
f 334 333 332
f 334 332 326
f 326 332 325
f 332 215 325
f 215 216 325
f 325 216 208
f 218 328 213
f 328 218 220
f 335 328 220
f 330 328 335
f 331 330 336
f 336 330 335
f 339 338 337
f 341 340 337
f 337 340 339
f 340 341 333
f 333 341 332
f 341 222 332
f 222 223 332
f 332 223 215
f 225 342 335
f 225 335 220
f 336 335 343
f 343 335 342
f 337 338 344
f 344 338 345
f 344 227 228
f 341 344 228
f 337 344 341
f 341 228 222
f 230 342 225
f 347 346 232
f 232 346 230
f 346 343 230
f 343 342 230
f 347 348 346
f 344 345 235
f 345 234 235
f 345 349 234
f 344 235 227
f 238 350 347
f 238 347 232
f 348 347 351
f 351 347 350
f 349 352 234
f 234 352 239
f 240 239 352
f 240 352 353
f 242 350 238
f 355 354 244
f 244 354 242
f 354 351 242
f 351 350 242
f 355 356 354
f 353 245 240
f 357 245 353
f 248 358 355
f 248 355 244
f 356 355 359
f 359 355 358
f 357 249 245
f 360 249 357
f 251 361 358
f 251 358 248
f 359 358 362
f 362 358 361
f 360 252 249
f 363 252 360
f 254 364 361
f 254 361 251
f 362 361 365
f 365 361 364
f 363 255 252
f 366 255 363
f 257 367 364
f 257 364 254
f 365 364 368
f 368 364 367
f 366 259 255
f 369 259 366
f 261 370 367
f 261 367 257
f 368 367 371
f 371 367 370
f 374 373 372
f 369 374 372
f 263 369 372
f 259 369 263
f 267 375 370
f 267 370 261
f 371 370 376
f 376 370 375
f 373 377 372
f 263 372 377
f 378 263 377
f 269 263 378
f 275 379 375
f 275 375 267
f 376 375 380
f 380 375 379
f 276 269 381
f 269 382 381
f 269 378 382
f 383 277 276
f 383 276 381
f 384 278 277
f 384 277 383
f 384 280 278
f 287 385 288
f 385 386 288
f 288 386 275
f 386 387 275
f 387 379 275
f 379 387 380
f 381 382 388
f 388 382 389
f 381 390 383
f 381 388 390
f 383 391 384
f 383 390 391
f 392 289 280
f 384 392 280
f 391 392 384
f 393 290 289
f 393 289 392
f 393 292 290
f 295 394 296
f 395 297 296
f 395 296 394
f 385 287 297
f 395 385 297
f 396 385 395
f 386 385 397
f 397 385 396
f 389 398 388
f 400 399 398
f 399 388 398
f 399 390 388
f 390 401 391
f 390 399 401
f 391 402 392
f 391 401 402
f 392 403 393
f 392 402 403
f 404 298 292
f 393 404 292
f 403 404 393
f 405 299 298
f 405 298 404
f 406 300 299
f 406 299 405
f 394 295 300
f 406 394 300
f 407 394 406
f 409 395 408
f 395 407 408
f 395 394 407
f 395 409 396
f 396 409 410
f 396 410 397
f 400 411 399
f 399 411 401
f 401 411 412
f 401 412 402
f 402 412 413
f 402 413 403
f 403 413 414
f 403 414 404
f 404 414 415
f 404 415 405
f 405 415 416
f 405 416 406
f 406 416 417
f 406 417 407
f 407 417 418
f 407 418 408
f 421 420 419
f 423 422 419
f 419 422 421
f 425 424 423
f 423 424 422
f 427 426 425
f 425 426 424
f 429 428 427
f 427 428 426
f 429 430 428
f 419 420 303
f 420 302 303
f 420 431 302
f 419 303 304
f 419 304 423
f 423 304 306
f 423 306 425
f 425 306 308
f 425 308 427
f 427 308 310
f 427 310 429
f 433 432 312
f 312 432 310
f 432 430 310
f 430 429 310
f 433 434 432
f 431 314 302
f 435 314 431
f 319 433 312
f 437 436 321
f 321 436 319
f 436 434 319
f 434 433 319
f 437 438 436
f 441 440 439
f 435 441 439
f 322 435 439
f 314 435 322
f 324 442 437
f 324 437 321
f 438 437 443
f 443 437 442
f 439 440 327
f 440 326 327
f 440 444 326
f 439 327 322
f 329 442 324
f 446 445 331
f 331 445 329
f 445 443 329
f 443 442 329
f 446 447 445
f 449 448 334
f 334 448 333
f 334 326 444
f 334 444 449
f 336 450 446
f 336 446 331
f 447 446 451
f 451 446 450
f 453 452 339
f 339 452 338
f 454 339 340
f 454 453 339
f 340 333 448
f 340 448 454
f 343 455 450
f 343 450 336
f 451 450 456
f 450 457 456
f 450 455 457
f 457 458 456
f 452 345 338
f 459 345 452
f 346 455 343
f 455 346 348
f 460 455 348
f 457 455 460
f 458 457 461
f 461 457 460
f 459 349 345
f 462 349 459
f 351 463 460
f 351 460 348
f 461 460 464
f 464 460 463
f 462 465 349
f 349 465 352
f 353 352 465
f 353 465 466
f 354 463 351
f 468 467 356
f 356 467 354
f 467 464 354
f 464 463 354
f 468 469 467
f 466 357 353
f 470 357 466
f 359 471 468
f 359 468 356
f 469 468 472
f 472 468 471
f 470 360 357
f 473 360 470
f 362 474 471
f 362 471 359
f 472 471 475
f 475 471 474
f 473 363 360
f 476 363 473
f 365 477 474
f 365 474 362
f 475 474 478
f 478 474 477
f 476 366 363
f 479 366 476
f 368 480 477
f 368 477 365
f 478 477 481
f 481 477 480
f 484 483 482
f 479 484 482
f 369 479 482
f 366 479 369
f 371 485 480
f 371 480 368
f 481 480 486
f 486 480 485
f 482 483 374
f 483 373 374
f 483 487 373
f 482 374 369
f 376 488 485
f 376 485 371
f 486 485 489
f 489 485 488
f 377 373 490
f 373 491 490
f 373 487 491
f 490 378 377
f 493 492 488
f 376 493 488
f 380 493 376
f 488 492 489
f 490 491 494
f 494 491 495
f 494 382 378
f 494 378 490
f 386 496 387
f 496 497 387
f 497 380 387
f 497 493 380
f 494 495 498
f 498 495 499
f 498 389 382
f 498 382 494
f 501 500 496
f 386 501 496
f 397 501 386
f 496 500 497
f 498 499 502
f 502 499 503
f 504 398 389
f 498 504 389
f 502 504 498
f 504 400 398
f 408 505 409
f 409 505 506
f 507 409 506
f 410 409 507
f 397 410 501
f 501 410 507
f 503 508 502
f 510 509 508
f 509 502 508
f 509 504 502
f 511 411 400
f 504 511 400
f 509 511 504
f 512 412 411
f 512 411 511
f 513 413 412
f 513 412 512
f 514 414 413
f 514 413 513
f 515 415 414
f 515 414 514
f 516 416 415
f 516 415 515
f 517 417 416
f 517 416 516
f 518 418 417
f 518 417 517
f 518 519 418
f 418 519 408
f 519 520 408
f 520 505 408
f 505 520 506
f 510 521 509
f 509 521 511
f 511 521 522
f 524 523 522
f 523 511 522
f 523 512 511
f 512 525 513
f 512 523 525
f 513 526 514
f 513 525 526
f 514 527 515
f 514 526 527
f 529 516 528
f 516 527 528
f 516 515 527
f 516 529 517
f 517 529 530
f 517 530 518
f 518 530 531
f 518 531 519
f 524 532 523
f 523 532 525
f 525 532 533
f 525 533 526
f 526 533 534
f 526 534 527
f 527 534 535
f 527 535 528
f 537 536 421
f 421 536 420
f 538 421 422
f 538 537 421
f 539 422 424
f 539 538 422
f 540 424 426
f 540 539 424
f 541 426 428
f 541 540 426
f 543 542 430
f 542 428 430
f 542 541 428
f 543 544 542
f 536 431 420
f 545 431 536
f 432 543 430
f 547 546 434
f 434 546 432
f 546 544 432
f 544 543 432
f 547 548 546
f 545 435 431
f 549 435 545
f 436 547 434
f 551 550 438
f 438 550 436
f 550 548 436
f 548 547 436
f 551 552 550
f 554 553 441
f 441 553 440
f 441 435 549
f 441 549 554
f 443 555 551
f 443 551 438
f 552 551 556
f 556 551 555
f 559 558 557
f 553 559 557
f 444 553 557
f 440 553 444
f 445 555 443
f 445 447 555
f 447 556 555
f 447 560 556
f 563 562 561
f 563 561 558
f 558 561 557
f 561 448 557
f 448 449 557
f 557 449 444
f 451 565 564
f 560 451 564
f 447 451 560
f 565 566 564
f 568 567 453
f 453 567 452
f 454 561 562
f 568 454 562
f 453 454 568
f 561 454 448
f 456 565 451
f 456 458 565
f 458 566 565
f 458 569 566
f 567 459 452
f 570 459 567
f 461 572 571
f 569 461 571
f 458 461 569
f 572 573 571
f 570 462 459
f 574 462 570
f 464 575 572
f 464 572 461
f 573 572 576
f 576 572 575
f 574 577 462
f 462 577 465
f 466 465 577
f 466 577 578
f 467 575 464
f 580 579 469
f 469 579 467
f 579 576 467
f 576 575 467
f 580 581 579
f 578 470 466
f 582 470 578
f 472 583 580
f 472 580 469
f 581 580 584
f 584 580 583
f 582 473 470
f 585 473 582
f 475 586 583
f 475 583 472
f 584 583 587
f 587 583 586
f 585 476 473
f 588 476 585
f 478 589 586
f 478 586 475
f 587 586 590
f 590 586 589
f 588 479 476
f 591 479 588
f 481 592 589
f 481 589 478
f 590 589 593
f 593 589 592
f 595 594 484
f 484 594 483
f 484 479 591
f 484 591 595
f 597 596 592
f 481 597 592
f 486 597 481
f 592 596 593
f 594 487 483
f 598 487 594
f 489 597 486
f 489 599 597
f 598 491 487
f 600 491 598
f 493 601 492
f 601 602 492
f 602 489 492
f 602 599 489
f 600 495 491
f 603 495 600
f 605 604 601
f 493 605 601
f 497 605 493
f 601 604 602
f 603 499 495
f 606 499 603
f 501 607 500
f 607 608 500
f 608 497 500
f 608 605 497
f 606 503 499
f 609 503 606
f 506 610 507
f 610 611 507
f 507 611 501
f 611 612 501
f 612 607 501
f 607 612 608
f 508 503 613
f 503 614 613
f 503 609 614
f 613 510 508
f 519 615 520
f 615 616 520
f 520 616 506
f 616 617 506
f 617 610 506
f 610 617 611
f 614 618 613
f 618 620 619
f 618 619 521
f 613 618 521
f 510 613 521
f 621 522 521
f 621 521 619
f 621 524 522
f 528 622 529
f 623 530 529
f 623 529 622
f 624 531 530
f 624 530 623
f 624 625 531
f 531 625 519
f 625 626 519
f 626 615 519
f 615 626 616
f 620 627 619
f 619 627 621
f 621 627 628
f 628 630 629
f 628 629 532
f 621 628 532
f 524 621 532
f 631 533 532
f 631 532 629
f 533 631 632
f 633 533 632
f 534 533 633
f 534 634 535
f 633 634 534
f 528 535 622
f 535 635 622
f 535 634 635
f 622 635 623
f 623 635 636
f 623 636 624
f 624 636 637
f 624 637 625
f 630 638 629
f 629 638 631
f 631 638 639
f 631 639 632
f 642 641 640
f 644 643 640
f 640 643 642
f 646 645 644
f 644 645 643
f 648 647 646
f 646 647 645
f 648 649 647
f 652 651 650
f 536 537 650
f 537 652 650
f 537 653 652
f 654 537 538
f 654 653 537
f 539 640 641
f 654 539 641
f 538 539 654
f 640 539 540
f 640 540 644
f 644 540 541
f 644 541 646
f 646 541 542
f 646 542 648
f 656 655 544
f 544 655 542
f 655 649 542
f 649 648 542
f 656 657 655
f 650 651 658
f 658 651 659
f 658 545 536
f 658 536 650
f 546 656 544
f 546 548 656
f 548 657 656
f 548 660 657
f 658 659 661
f 661 659 662
f 661 549 545
f 661 545 658
f 548 550 663
f 664 548 663
f 660 548 664
f 552 663 550
f 667 666 665
f 667 665 662
f 662 665 661
f 665 553 661
f 553 554 661
f 661 554 549
f 664 663 668
f 664 668 669
f 556 668 552
f 552 668 663
f 672 671 670
f 672 670 666
f 666 670 665
f 670 558 665
f 558 559 665
f 665 559 553
f 669 668 673
f 669 673 674
f 560 673 556
f 556 673 668
f 670 671 563
f 671 562 563
f 671 675 562
f 670 563 558
f 676 674 673
f 676 673 560
f 564 676 560
f 677 676 564
f 564 566 677
f 677 566 678
f 679 567 568
f 680 679 568
f 562 680 568
f 675 680 562
f 569 682 681
f 678 569 681
f 566 569 678
f 682 683 681
f 684 570 679
f 679 570 567
f 679 680 685
f 679 685 684
f 571 682 569
f 687 686 573
f 573 686 571
f 686 683 571
f 683 682 571
f 687 688 686
f 690 689 684
f 689 570 684
f 689 574 570
f 690 684 685
f 576 691 687
f 576 687 573
f 688 687 692
f 692 687 691
f 689 693 574
f 574 693 577
f 578 577 693
f 578 693 694
f 579 691 576
f 579 581 691
f 581 692 691
f 581 695 692
f 694 582 578
f 696 582 694
f 584 698 697
f 695 584 697
f 581 584 695
f 698 699 697
f 696 585 582
f 700 585 696
f 587 701 698
f 587 698 584
f 699 698 702
f 702 698 701
f 700 588 585
f 703 588 700
f 705 704 701
f 587 705 701
f 590 705 587
f 701 704 702
f 708 707 706
f 703 708 706
f 591 703 706
f 588 703 591
f 593 705 590
f 593 709 705
f 706 707 595
f 707 594 595
f 707 710 594
f 706 595 591
f 597 711 596
f 711 712 596
f 712 593 596
f 712 709 593
f 710 598 594
f 713 598 710
f 599 714 711
f 599 711 597
f 712 711 715
f 715 711 714
f 718 717 716
f 713 718 716
f 600 713 716
f 598 713 600
f 602 719 714
f 602 714 599
f 715 714 720
f 720 714 719
f 716 717 721
f 721 717 722
f 721 603 600
f 721 600 716
f 605 723 604
f 723 724 604
f 604 724 602
f 724 725 602
f 725 719 602
f 719 725 720
f 721 722 726
f 726 722 727
f 726 606 603
f 726 603 721
f 608 728 723
f 608 723 605
f 724 723 729
f 729 723 728
f 726 727 730
f 730 727 731
f 730 609 606
f 730 606 726
f 611 732 612
f 732 733 612
f 612 733 608
f 733 734 608
f 734 728 608
f 728 734 729
f 731 735 730
f 609 730 735
f 736 609 735
f 614 609 736
f 616 737 617
f 737 738 617
f 617 738 611
f 738 739 611
f 739 732 611
f 732 739 733
f 618 614 740
f 614 741 740
f 614 736 741
f 740 620 618
f 625 742 626
f 742 743 626
f 626 743 616
f 743 744 616
f 744 737 616
f 737 744 738
f 741 745 740
f 745 747 746
f 745 746 627
f 740 745 627
f 620 740 627
f 627 746 748
f 749 627 748
f 628 627 749
f 630 628 749
f 630 749 750
f 632 751 633
f 752 634 633
f 752 633 751
f 753 635 634
f 753 634 752
f 754 636 635
f 754 635 753
f 636 754 755
f 756 636 755
f 637 636 756
f 625 637 742
f 637 757 742
f 637 756 757
f 742 757 743
f 747 758 746
f 746 758 748
f 750 759 630
f 630 759 638
f 638 760 639
f 759 760 638
f 632 639 751
f 639 761 751
f 639 760 761
f 751 761 752
f 752 761 762
f 752 762 753
f 753 762 763
f 753 763 754
f 754 763 764
f 754 764 755
f 766 765 642
f 642 765 641
f 767 642 643
f 767 766 642
f 768 643 645
f 768 767 643
f 769 645 647
f 769 768 645
f 647 649 769
f 769 649 770
f 772 771 652
f 652 771 651
f 773 652 653
f 773 772 652
f 774 653 654
f 774 773 653
f 654 641 765
f 654 765 774
f 775 770 649
f 775 649 655
f 655 657 775
f 775 657 776
f 771 659 651
f 777 659 771
f 660 776 657
f 660 778 776
f 781 780 779
f 777 781 779
f 662 777 779
f 659 777 662
f 664 778 660
f 664 782 778
f 779 780 667
f 780 666 667
f 780 783 666
f 779 667 662
f 669 782 664
f 669 784 782
f 786 785 672
f 672 785 671
f 672 666 783
f 672 783 786
f 674 784 669
f 674 787 784
f 785 675 671
f 788 675 785
f 789 787 674
f 789 674 676
f 791 789 790
f 789 677 790
f 789 676 677
f 678 790 677
f 788 680 675
f 792 680 788
f 793 791 790
f 795 793 794
f 794 793 681
f 793 790 681
f 790 678 681
f 683 794 681
f 792 685 680
f 796 685 792
f 797 795 794
f 797 794 683
f 686 797 683
f 798 797 686
f 686 688 798
f 798 688 799
f 800 689 690
f 801 800 690
f 685 801 690
f 796 801 685
f 692 803 802
f 799 692 802
f 688 692 799
f 803 804 802
f 800 693 689
f 694 693 800
f 801 694 800
f 805 694 801
f 695 806 803
f 695 803 692
f 804 803 807
f 807 803 806
f 805 696 694
f 808 696 805
f 697 806 695
f 697 699 806
f 699 807 806
f 699 809 807
f 808 700 696
f 810 700 808
f 702 809 699
f 702 811 809
f 810 703 700
f 812 703 810
f 705 813 704
f 813 814 704
f 814 702 704
f 814 811 702
f 816 815 708
f 708 815 707
f 708 703 812
f 708 812 816
f 709 817 813
f 709 813 705
f 814 813 818
f 818 813 817
f 815 710 707
f 819 710 815
f 712 820 817
f 712 817 709
f 818 817 821
f 821 817 820
f 824 823 822
f 819 824 822
f 713 819 822
f 710 819 713
f 715 825 820
f 715 820 712
f 821 820 826
f 826 820 825
f 822 823 718
f 823 717 718
f 823 827 717
f 822 718 713
f 829 828 825
f 715 829 825
f 720 829 715
f 825 828 826
f 827 722 717
f 830 722 827
f 724 831 725
f 831 832 725
f 832 720 725
f 832 829 720
f 830 727 722
f 833 727 830
f 729 834 831
f 729 831 724
f 832 831 835
f 835 831 834
f 833 731 727
f 836 731 833
f 733 837 734
f 837 838 734
f 734 838 729
f 838 839 729
f 839 834 729
f 834 839 835
f 735 731 840
f 731 841 840
f 731 836 841
f 840 736 735
f 738 842 739
f 842 843 739
f 739 843 733
f 843 844 733
f 844 837 733
f 837 844 838
f 840 841 845
f 845 841 846
f 845 741 736
f 845 736 840
f 743 847 744
f 847 848 744
f 744 848 738
f 848 849 738
f 849 842 738
f 842 849 843
f 846 850 845
f 850 852 851
f 850 851 745
f 845 850 745
f 741 845 745
f 851 747 745
f 748 853 749
f 853 750 749
f 755 854 756
f 756 854 855
f 856 756 855
f 757 756 856
f 743 757 847
f 757 857 847
f 757 856 857
f 847 857 848
f 852 858 851
f 851 858 747
f 858 758 747
f 858 859 758
f 748 758 853
f 758 860 853
f 758 859 860
f 853 860 750
f 860 759 750
f 860 861 759
f 861 863 862
f 760 861 862
f 759 861 760
f 864 761 760
f 864 760 862
f 761 864 865
f 866 761 865
f 762 761 866
f 762 867 763
f 866 867 762
f 763 868 764
f 867 868 763
f 755 764 854
f 764 869 854
f 764 868 869
f 854 869 855
f 863 870 862
f 862 870 864
f 864 870 871
f 864 871 865
f 872 765 766
f 872 766 873
f 766 874 873
f 766 767 874
f 875 767 768
f 875 874 767
f 876 768 769
f 876 875 768
f 878 877 770
f 877 769 770
f 877 876 769
f 878 879 877
f 880 771 772
f 880 772 881
f 772 882 881
f 772 773 882
f 883 773 774
f 883 882 773
f 774 765 872
f 884 774 872
f 883 774 884
f 884 872 873
f 775 878 770
f 775 776 878
f 776 879 878
f 776 885 879
f 887 886 880
f 886 771 880
f 886 777 771
f 887 880 881
f 778 885 776
f 778 888 885
f 889 780 781
f 890 889 781
f 777 890 781
f 886 890 777
f 782 888 778
f 782 891 888
f 893 892 889
f 892 780 889
f 892 783 780
f 893 889 890
f 784 891 782
f 784 894 891
f 896 895 786
f 786 895 785
f 786 783 892
f 786 892 896
f 787 894 784
f 787 897 894
f 895 788 785
f 898 788 895
f 899 897 787
f 899 787 789
f 789 791 899
f 899 791 900
f 898 792 788
f 901 792 898
f 902 900 791
f 902 791 793
f 793 795 902
f 902 795 903
f 901 796 792
f 904 796 901
f 795 797 905
f 906 795 905
f 903 795 906
f 798 907 797
f 797 907 905
f 799 907 798
f 910 909 908
f 904 910 908
f 801 904 908
f 796 904 801
f 911 906 905
f 913 912 911
f 905 913 911
f 907 913 905
f 913 907 799
f 914 913 799
f 802 914 799
f 915 913 914
f 802 804 914
f 914 804 916
f 909 917 908
f 801 908 917
f 918 801 917
f 805 801 918
f 919 912 913
f 919 913 915
f 807 916 804
f 807 920 916
f 918 808 805
f 921 808 918
f 924 923 922
f 923 920 922
f 920 809 922
f 920 807 809
f 921 810 808
f 925 810 921
f 928 927 926
f 926 927 924
f 922 926 924
f 929 926 922
f 811 929 809
f 809 929 922
f 932 931 930
f 925 932 930
f 812 925 930
f 810 925 812
f 928 926 933
f 928 933 934
f 935 926 929
f 933 926 935
f 814 935 811
f 811 935 929
f 930 931 816
f 931 815 816
f 931 936 815
f 930 816 812
f 934 933 937
f 934 937 938
f 939 933 935
f 937 933 939
f 818 939 814
f 814 939 935
f 936 819 815
f 940 819 936
f 943 942 941
f 941 942 938
f 937 941 938
f 944 941 937
f 945 937 939
f 944 937 945
f 821 945 818
f 818 945 939
f 947 946 824
f 824 946 823
f 824 819 940
f 824 940 947
f 943 941 948
f 943 948 949
f 950 941 944
f 948 941 950
f 951 944 945
f 950 944 951
f 826 951 821
f 821 951 945
f 946 827 823
f 952 827 946
f 949 948 953
f 949 953 954
f 955 948 950
f 953 948 955
f 958 957 956
f 828 829 951
f 955 951 829
f 951 955 950
f 951 826 828
f 959 957 958
f 952 830 827
f 960 830 952
f 961 954 953
f 961 953 955
f 961 955 962
f 832 955 829
f 955 832 962
f 963 962 832
f 962 963 956
f 958 956 963
f 959 958 964
f 964 958 963
f 960 833 830
f 965 833 960
f 835 966 963
f 835 963 832
f 964 963 967
f 967 963 966
f 965 836 833
f 968 836 965
f 838 969 839
f 969 970 839
f 839 970 835
f 970 971 835
f 971 966 835
f 966 971 967
f 968 841 836
f 972 841 968
f 843 973 844
f 973 974 844
f 844 974 838
f 974 975 838
f 975 969 838
f 969 975 970
f 972 846 841
f 976 846 972
f 848 977 849
f 977 978 849
f 849 978 843
f 978 979 843
f 979 973 843
f 973 979 974
f 850 846 980
f 846 981 980
f 846 976 981
f 980 852 850
f 855 982 856
f 983 857 856
f 983 856 982
f 983 984 857
f 857 984 848
f 984 985 848
f 985 977 848
f 977 985 978
f 981 986 980
f 986 988 987
f 986 987 858
f 980 986 858
f 852 980 858
f 989 859 858
f 989 858 987
f 990 860 859
f 990 859 989
f 860 990 991
f 992 860 991
f 861 860 992
f 863 861 992
f 863 992 993
f 865 994 866
f 995 867 866
f 995 866 994
f 996 868 867
f 996 867 995
f 997 869 868
f 997 868 996
f 997 998 869
f 869 998 855
f 998 999 855
f 999 982 855
f 982 999 983
f 983 999 1000
f 983 1000 984
f 988 1001 987
f 987 1001 989
f 989 1001 1002
f 989 1002 990
f 990 1002 1003
f 990 1003 991
f 993 1004 863
f 863 1004 870
f 870 1005 871
f 1004 1005 870
f 865 871 994
f 871 1006 994
f 871 1005 1006
f 994 1006 995
f 995 1006 1007
f 995 1007 996
f 996 1007 1008
f 996 1008 997
f 997 1008 1009
f 997 1009 998
f 1010 873 874
f 875 1011 874
f 874 1011 1010
f 876 1012 875
f 875 1012 1011
f 877 1013 876
f 876 1013 1012
f 879 1013 877
f 1015 1014 882
f 882 1014 881
f 1016 882 883
f 1016 1015 882
f 1017 883 884
f 1017 1016 883
f 884 873 1010
f 1018 884 1010
f 1017 884 1018
f 1018 1010 1011
f 1018 1011 1019
f 1019 1011 1012
f 1019 1012 1020
f 1020 1012 1013
f 1020 1013 1021
f 879 885 1013
f 885 1022 1013
f 1022 1021 1013
f 1022 885 1023
f 1023 1024 1022
f 1025 886 887
f 1026 1025 887
f 881 1026 887
f 1014 1026 881
f 888 1027 1023
f 888 1023 885
f 1024 1023 1028
f 1028 1023 1027
f 1030 1029 1025
f 1029 886 1025
f 1029 890 886
f 1030 1025 1026
f 1032 1031 1027
f 888 1032 1027
f 891 1032 888
f 1027 1031 1028
f 1033 892 893
f 1034 1033 893
f 890 1034 893
f 1029 1034 890
f 894 1032 891
f 894 1035 1032
f 1037 1036 896
f 896 1036 895
f 896 892 1033
f 1038 896 1033
f 1037 896 1038
f 1038 1033 1034
f 897 1035 894
f 897 1039 1035
f 1036 898 895
f 1040 898 1036
f 1041 1039 897
f 1041 897 899
f 899 900 1041
f 1041 900 1042
f 1040 901 898
f 1043 901 1040
f 1044 1042 900
f 1044 900 902
f 902 903 1044
f 1044 903 1045
f 1043 904 901
f 1046 904 1043
f 906 1045 903
f 906 1047 1045
f 1049 1048 910
f 910 1048 909
f 910 904 1046
f 910 1046 1049
f 906 911 1050
f 1051 906 1050
f 1047 906 1051
f 912 1050 911
f 1052 915 914
f 916 1052 914
f 1048 1053 909
f 909 1053 917
f 918 917 1053
f 918 1053 1054
f 1051 1050 1055
f 1051 1055 1056
f 919 1057 912
f 1057 1050 912
f 1057 1055 1050
f 915 1052 919
f 1052 1057 919
f 1052 1058 1057
f 920 1058 916
f 916 1058 1052
f 1054 921 918
f 1059 921 1054
f 1056 1055 1060
f 1056 1060 1061
f 1062 1055 1057
f 1060 1055 1062
f 924 1062 923
f 1062 1058 923
f 1062 1057 1058
f 923 1058 920
f 1059 925 921
f 1063 925 1059
f 1061 1060 1064
f 1061 1064 1065
f 928 1064 927
f 1064 1062 927
f 1064 1060 1062
f 927 1062 924
f 1066 931 932
f 1067 1066 932
f 925 1067 932
f 1063 1067 925
f 1070 1069 1068
f 1068 1069 1065
f 1064 1068 1065
f 1071 1068 1064
f 934 1071 928
f 928 1071 1064
f 1073 1072 1066
f 1072 931 1066
f 1072 936 931
f 1073 1066 1067
f 1070 1068 1074
f 1070 1074 1075
f 1076 1068 1071
f 1074 1068 1076
f 938 1076 934
f 934 1076 1071
f 1072 940 936
f 1077 940 1072
f 1075 1074 1078
f 1075 1078 1079
f 943 1078 942
f 1078 1076 942
f 1078 1074 1076
f 942 1076 938
f 1080 946 947
f 1081 1080 947
f 940 1081 947
f 1077 1081 940
f 1079 1078 1082
f 1079 1082 1083
f 949 1082 943
f 943 1082 1078
f 1084 952 1080
f 1080 952 946
f 1080 1081 1085
f 1080 1085 1084
f 1083 1082 1086
f 1083 1086 1087
f 954 1086 949
f 949 1086 1082
f 1088 956 957
f 959 1088 957
f 1089 960 1084
f 1084 960 952
f 1084 1085 1090
f 1084 1090 1089
f 1091 1087 1086
f 1093 1091 1092
f 1092 1091 961
f 1091 1086 961
f 1086 954 961
f 962 1094 961
f 961 1094 1092
f 956 1088 962
f 1088 1094 962
f 1088 1095 1094
f 964 1095 959
f 959 1095 1088
f 1096 965 1089
f 1089 965 960
f 1089 1090 1097
f 1089 1097 1096
f 1098 1093 1092
f 1098 1092 1094
f 1098 1094 1099
f 1101 1100 1099
f 1094 1101 1099
f 1095 1101 1094
f 967 1101 964
f 964 1101 1095
f 1102 968 1096
f 1096 968 965
f 1096 1097 1103
f 1096 1103 1102
f 1100 1101 971
f 970 1100 971
f 1104 1100 970
f 971 1101 967
f 1107 1106 1105
f 1108 1107 1102
f 1107 972 1102
f 972 968 1102
f 1107 1105 972
f 1108 1102 1103
f 974 1109 975
f 1109 1110 975
f 1110 970 975
f 1110 1104 970
f 1105 1106 1111
f 1111 1106 1112
f 1111 976 972
f 1111 972 1105
f 978 1113 979
f 1113 1114 979
f 979 1114 974
f 1114 1115 974
f 1115 1109 974
f 1109 1115 1110
f 1111 1112 1116
f 1116 1112 1117
f 1116 981 976
f 1116 976 1111
f 1119 1118 985
f 1119 985 984
f 978 985 1113
f 985 1120 1113
f 985 1118 1120
f 1113 1120 1114
f 1116 1117 1121
f 1121 1117 1122
f 1123 986 981
f 1116 1123 981
f 1121 1123 1116
f 1123 988 986
f 991 1124 992
f 1124 993 992
f 998 1125 999
f 999 1125 1126
f 1127 999 1126
f 1000 999 1127
f 984 1000 1119
f 1119 1000 1127
f 1122 1128 1121
f 1121 1128 1123
f 1123 1128 1129
f 1129 1131 1130
f 1129 1130 1001
f 1123 1129 1001
f 988 1123 1001
f 1001 1130 1132
f 1133 1001 1132
f 1002 1001 1133
f 1002 1134 1003
f 1133 1134 1002
f 991 1003 1124
f 1003 1135 1124
f 1003 1134 1135
f 1124 1135 993
f 1135 1004 993
f 1135 1136 1004
f 1136 1138 1137
f 1005 1136 1137
f 1004 1136 1005
f 1139 1006 1005
f 1139 1005 1137
f 1140 1007 1006
f 1140 1006 1139
f 1141 1008 1007
f 1141 1007 1140
f 1008 1141 1142
f 1143 1008 1142
f 1009 1008 1143
f 998 1009 1125
f 1009 1144 1125
f 1009 1143 1144
f 1125 1144 1126
f 1131 1145 1130
f 1130 1145 1132
f 1138 1146 1137
f 1137 1146 1139
f 1139 1146 1147
f 1139 1147 1140
f 1140 1147 1148
f 1140 1148 1141
f 1141 1148 1149
f 1141 1149 1142
f 1150 1014 1015
f 1150 1015 1151
f 1015 1152 1151
f 1015 1016 1152
f 1153 1016 1017
f 1153 1152 1016
f 1155 1153 1154
f 1153 1018 1154
f 1153 1017 1018
f 1019 1156 1018
f 1018 1156 1154
f 1020 1157 1019
f 1019 1157 1156
f 1021 1158 1020
f 1020 1158 1157
f 1022 1159 1021
f 1021 1159 1158
f 1024 1159 1022
f 1161 1160 1150
f 1160 1014 1150
f 1160 1026 1014
f 1161 1150 1151
f 1162 1155 1154
f 1162 1154 1156
f 1162 1156 1163
f 1163 1156 1157
f 1163 1157 1164
f 1164 1157 1158
f 1164 1158 1165
f 1165 1158 1159
f 1165 1159 1166
f 1159 1024 1166
f 1024 1167 1166
f 1024 1028 1167
f 1168 1029 1030
f 1169 1168 1030
f 1026 1169 1030
f 1160 1169 1026
f 1032 1170 1031
f 1170 1171 1031
f 1171 1028 1031
f 1171 1167 1028
f 1173 1172 1168
f 1172 1029 1168
f 1172 1034 1029
f 1173 1168 1169
f 1035 1174 1170
f 1035 1170 1032
f 1171 1170 1175
f 1175 1170 1174
f 1176 1036 1037
f 1176 1037 1177
f 1037 1178 1177
f 1037 1038 1178
f 1038 1034 1172
f 1038 1172 1178
f 1039 1179 1174
f 1039 1174 1035
f 1175 1174 1180
f 1180 1174 1179
f 1181 1040 1176
f 1176 1040 1036
f 1176 1177 1182
f 1176 1182 1181
f 1041 1179 1039
f 1041 1042 1179
f 1042 1180 1179
f 1042 1183 1180
f 1185 1184 1181
f 1184 1040 1181
f 1184 1043 1040
f 1185 1181 1182
f 1186 1183 1042
f 1186 1042 1044
f 1044 1045 1186
f 1186 1045 1187
f 1184 1046 1043
f 1188 1046 1184
f 1047 1187 1045
f 1047 1189 1187
f 1191 1190 1049
f 1049 1190 1048
f 1049 1046 1188
f 1049 1188 1191
f 1194 1193 1192
f 1193 1189 1192
f 1189 1051 1192
f 1189 1047 1051
f 1190 1195 1048
f 1048 1195 1053
f 1054 1053 1195
f 1054 1195 1196
f 1194 1192 1197
f 1194 1197 1198
f 1056 1197 1051
f 1051 1197 1192
f 1196 1059 1054
f 1199 1059 1196
f 1198 1197 1200
f 1198 1200 1201
f 1061 1200 1056
f 1056 1200 1197
f 1199 1063 1059
f 1202 1063 1199
f 1201 1200 1203
f 1201 1203 1204
f 1065 1203 1061
f 1061 1203 1200
f 1202 1067 1063
f 1205 1067 1202
f 1204 1203 1069
f 1070 1204 1069
f 1206 1204 1070
f 1069 1203 1065
f 1207 1072 1073
f 1208 1207 1073
f 1067 1208 1073
f 1205 1208 1067
f 1211 1210 1209
f 1213 1212 1209
f 1213 1209 1210
f 1213 1206 1212
f 1206 1075 1212
f 1206 1070 1075
f 1214 1077 1207
f 1207 1077 1072
f 1207 1208 1215
f 1207 1215 1214
f 1211 1209 1216
f 1211 1216 1217
f 1218 1209 1212
f 1216 1209 1218
f 1079 1218 1075
f 1075 1218 1212
f 1220 1219 1214
f 1219 1077 1214
f 1219 1081 1077
f 1220 1214 1215
f 1221 1217 1216
f 1221 1216 1218
f 1221 1218 1222
f 1218 1079 1222
f 1079 1223 1222
f 1079 1083 1223
f 1219 1085 1081
f 1224 1085 1219
f 1087 1223 1083
f 1087 1225 1223
f 1224 1090 1085
f 1226 1090 1224
f 1087 1091 1227
f 1228 1087 1227
f 1225 1087 1228
f 1093 1227 1091
f 1226 1097 1090
f 1229 1097 1226
f 1230 1228 1227
f 1232 1230 1231
f 1231 1230 1098
f 1230 1227 1098
f 1227 1093 1098
f 1099 1233 1098
f 1098 1233 1231
f 1100 1233 1099
f 1229 1103 1097
f 1234 1103 1229
f 1235 1232 1231
f 1235 1231 1233
f 1235 1233 1236
f 1233 1100 1236
f 1100 1237 1236
f 1100 1104 1237
f 1238 1106 1107
f 1238 1107 1239
f 1107 1240 1239
f 1107 1108 1240
f 1108 1103 1234
f 1108 1234 1240
f 1110 1237 1104
f 1110 1241 1237
f 1243 1242 1238
f 1242 1106 1238
f 1242 1112 1106
f 1243 1238 1239
f 1245 1244 1115
f 1245 1115 1114
f 1110 1115 1241
f 1241 1115 1244
f 1242 1117 1112
f 1246 1117 1242
f 1248 1247 1118
f 1248 1118 1119
f 1118 1249 1120
f 1247 1249 1118
f 1114 1120 1245
f 1245 1120 1249
f 1246 1122 1117
f 1250 1122 1246
f 1252 1251 1127
f 1252 1127 1126
f 1119 1127 1248
f 1248 1127 1251
f 1128 1122 1253
f 1122 1254 1253
f 1122 1250 1254
f 1255 1129 1128
f 1255 1128 1253
f 1255 1131 1129
f 1132 1256 1133
f 1133 1256 1257
f 1258 1133 1257
f 1134 1133 1258
f 1134 1259 1135
f 1258 1259 1134
f 1135 1260 1136
f 1259 1260 1135
f 1138 1136 1260
f 1138 1260 1261
f 1142 1262 1143
f 1143 1262 1263
f 1264 1143 1263
f 1144 1143 1264
f 1126 1144 1252
f 1252 1144 1264
f 1254 1265 1253
f 1253 1265 1255
f 1255 1265 1266
f 1255 1266 1131
f 1266 1145 1131
f 1266 1267 1145
f 1132 1145 1256
f 1145 1268 1256
f 1145 1267 1268
f 1256 1268 1257
f 1261 1269 1138
f 1138 1269 1146
f 1146 1270 1147
f 1269 1270 1146
f 1147 1271 1148
f 1270 1271 1147
f 1148 1272 1149
f 1271 1272 1148
f 1142 1149 1262
f 1149 1273 1262
f 1149 1272 1273
f 1262 1273 1263
f 1274 1151 1152
f 1153 1275 1152
f 1152 1275 1274
f 1155 1275 1153
f 1276 1160 1161
f 1151 1274 1161
f 1274 1276 1161
f 1274 1277 1276
f 1278 1274 1275
f 1277 1274 1278
f 1278 1275 1155
f 1279 1278 1155
f 1162 1279 1155
f 1280 1278 1279
f 1282 1279 1281
f 1279 1163 1281
f 1279 1162 1163
f 1164 1283 1163
f 1163 1283 1281
f 1165 1284 1164
f 1164 1284 1283
f 1166 1285 1165
f 1165 1285 1284
f 1167 1285 1166
f 1286 1169 1276
f 1276 1169 1160
f 1277 1288 1287
f 1286 1277 1287
f 1276 1277 1286
f 1288 1277 1278
f 1288 1278 1289
f 1289 1278 1280
f 1290 1282 1281
f 1290 1281 1283
f 1290 1283 1291
f 1291 1283 1284
f 1291 1284 1292
f 1292 1284 1285
f 1292 1285 1293
f 1167 1171 1285
f 1171 1294 1285
f 1294 1293 1285
f 1294 1171 1295
f 1295 1296 1294
f 1297 1172 1173
f 1298 1297 1173
f 1298 1173 1169
f 1299 1298 1169
f 1286 1299 1169
f 1299 1286 1287
f 1175 1300 1295
f 1175 1295 1171
f 1296 1295 1301
f 1301 1295 1300
f 1302 1177 1178
f 1303 1302 1178
f 1303 1178 1172
f 1304 1303 1172
f 1297 1304 1172
f 1304 1297 1298
f 1180 1305 1300
f 1180 1300 1175
f 1301 1300 1306
f 1306 1300 1305
f 1308 1307 1302
f 1307 1177 1302
f 1307 1182 1177
f 1308 1302 1303
f 1183 1309 1305
f 1183 1305 1180
f 1306 1305 1310
f 1305 1311 1310
f 1305 1309 1311
f 1311 1312 1310
f 1314 1313 1185
f 1185 1313 1184
f 1185 1182 1307
f 1185 1307 1314
f 1186 1309 1183
f 1309 1186 1187
f 1315 1309 1187
f 1311 1309 1315
f 1312 1311 1316
f 1316 1311 1315
f 1313 1188 1184
f 1317 1188 1313
f 1319 1318 1315
f 1187 1319 1315
f 1189 1319 1187
f 1315 1318 1316
f 1320 1190 1191
f 1188 1317 1321
f 1320 1188 1321
f 1322 1320 1321
f 1191 1188 1320
f 1323 1322 1321
f 1194 1324 1193
f 1324 1325 1193
f 1325 1189 1193
f 1325 1319 1189
f 1320 1195 1190
f 1195 1320 1196
f 1320 1326 1196
f 1320 1322 1326
f 1322 1323 1327
f 1322 1327 1326
f 1330 1329 1328
f 1329 1331 1324
f 1198 1329 1324
f 1194 1198 1324
f 1328 1329 1198
f 1324 1331 1325
f 1333 1332 1326
f 1332 1196 1326
f 1332 1199 1196
f 1333 1326 1327
f 1330 1328 1334
f 1330 1334 1335
f 1201 1334 1198
f 1198 1334 1328
f 1337 1202 1336
f 1202 1332 1336
f 1202 1199 1332
f 1338 1337 1336
f 1341 1340 1339
f 1339 1340 1335
f 1334 1339 1335
f 1342 1339 1334
f 1204 1342 1201
f 1201 1342 1334
f 1343 1205 1337
f 1337 1205 1202
f 1337 1338 1344
f 1337 1344 1343
f 1341 1339 1345
f 1341 1345 1346
f 1347 1339 1342
f 1345 1339 1347
f 1206 1347 1204
f 1204 1347 1342
f 1349 1348 1343
f 1348 1205 1343
f 1348 1208 1205
f 1349 1343 1344
f 1346 1345 1210
f 1211 1346 1210
f 1350 1346 1211
f 1210 1345 1213
f 1213 1345 1347
f 1213 1347 1206
f 1348 1215 1208
f 1351 1215 1348
f 1217 1350 1211
f 1217 1352 1350
f 1354 1353 1220
f 1220 1353 1219
f 1220 1215 1351
f 1220 1351 1354
f 1217 1221 1355
f 1356 1217 1355
f 1352 1217 1356
f 1222 1357 1221
f 1221 1357 1355
f 1223 1357 1222
f 1353 1224 1219
f 1358 1224 1353
f 1359 1356 1355
f 1361 1360 1359
f 1355 1361 1359
f 1357 1361 1355
f 1225 1361 1223
f 1223 1361 1357
f 1358 1226 1224
f 1362 1226 1358
f 1360 1361 1363
f 1360 1363 1364
f 1228 1363 1225
f 1225 1363 1361
f 1362 1229 1226
f 1365 1229 1362
f 1366 1364 1363
f 1366 1363 1228
f 1230 1366 1228
f 1367 1366 1230
f 1230 1232 1367
f 1367 1232 1368
f 1365 1234 1229
f 1369 1234 1365
f 1232 1235 1370
f 1371 1232 1370
f 1368 1232 1371
f 1236 1372 1235
f 1235 1372 1370
f 1237 1372 1236
f 1374 1373 1240
f 1240 1373 1239
f 1240 1234 1369
f 1240 1369 1374
f 1375 1371 1370
f 1377 1376 1375
f 1370 1377 1375
f 1372 1377 1370
f 1241 1377 1237
f 1237 1377 1372
f 1379 1378 1243
f 1243 1378 1242
f 1243 1239 1373
f 1243 1373 1379
f 1382 1381 1380
f 1380 1381 1376
f 1380 1376 1377
f 1245 1380 1377
f 1244 1245 1377
f 1244 1377 1241
f 1378 1246 1242
f 1383 1246 1378
f 1385 1384 1247
f 1385 1247 1248
f 1380 1249 1382
f 1249 1384 1382
f 1249 1247 1384
f 1249 1380 1245
f 1383 1250 1246
f 1386 1250 1383
f 1388 1387 1251
f 1388 1251 1252
f 1248 1251 1385
f 1385 1251 1387
f 1386 1254 1250
f 1389 1254 1386
f 1392 1391 1390
f 1394 1393 1390
f 1394 1390 1391
f 1258 1257 1393
f 1394 1258 1393
f 1395 1258 1394
f 1258 1396 1259
f 1395 1396 1258
f 1259 1397 1260
f 1396 1397 1259
f 1261 1260 1397
f 1261 1397 1398
f 1400 1399 1264
f 1400 1264 1263
f 1252 1264 1388
f 1388 1264 1399
f 1389 1401 1254
f 1254 1401 1265
f 1265 1402 1266
f 1401 1402 1265
f 1390 1267 1392
f 1267 1402 1392
f 1267 1266 1402
f 1267 1390 1268
f 1268 1390 1393
f 1268 1393 1257
f 1398 1403 1261
f 1261 1403 1269
f 1269 1404 1270
f 1403 1404 1269
f 1270 1405 1271
f 1404 1405 1270
f 1271 1406 1272
f 1405 1406 1271
f 1272 1407 1273
f 1406 1407 1272
f 1263 1273 1400
f 1400 1273 1407
f 1408 1280 1279
f 1282 1408 1279
f 1409 1287 1288
f 1289 1410 1288
f 1288 1410 1409
f 1280 1408 1289
f 1408 1410 1289
f 1408 1411 1410
f 1290 1412 1282
f 1412 1408 1282
f 1412 1411 1408
f 1291 1413 1290
f 1290 1413 1412
f 1292 1414 1291
f 1291 1414 1413
f 1293 1415 1292
f 1292 1415 1414
f 1294 1416 1293
f 1293 1416 1415
f 1296 1416 1294
f 1417 1298 1299
f 1287 1409 1299
f 1409 1417 1299
f 1409 1418 1417
f 1410 1420 1419
f 1418 1410 1419
f 1409 1410 1418
f 1422 1421 1420
f 1410 1422 1420
f 1411 1422 1410
f 1423 1411 1412
f 1422 1411 1423
f 1424 1412 1413
f 1423 1412 1424
f 1414 1426 1425
f 1424 1414 1425
f 1413 1414 1424
f 1426 1414 1415
f 1426 1415 1427
f 1427 1415 1416
f 1427 1416 1428
f 1416 1296 1428
f 1296 1429 1428
f 1296 1301 1429
f 1430 1303 1304
f 1298 1417 1304
f 1417 1430 1304
f 1417 1431 1430
f 1418 1433 1432
f 1431 1418 1432
f 1417 1418 1431
f 1433 1418 1419
f 1434 1421 1422
f 1434 1422 1423
f 1434 1423 1435
f 1435 1423 1424
f 1435 1424 1436
f 1436 1424 1425
f 1306 1438 1437
f 1429 1306 1437
f 1301 1306 1429
f 1438 1439 1437
f 1440 1307 1308
f 1303 1430 1308
f 1430 1440 1308
f 1430 1441 1440
f 1431 1443 1442
f 1441 1431 1442
f 1430 1431 1441
f 1443 1431 1432
f 1310 1438 1306
f 1445 1444 1312
f 1312 1444 1310
f 1444 1439 1310
f 1439 1438 1310
f 1447 1446 1445
f 1445 1446 1444
f 1447 1448 1446
f 1449 1313 1314
f 1450 1449 1314
f 1450 1314 1307
f 1451 1450 1307
f 1440 1451 1307
f 1451 1440 1441
f 1451 1441 1452
f 1452 1441 1442
f 1316 1453 1445
f 1316 1445 1312
f 1445 1454 1447
f 1445 1453 1454
f 1448 1447 1455
f 1447 1456 1455
f 1447 1454 1456
f 1456 1457 1455
f 1459 1458 1449
f 1458 1313 1449
f 1458 1317 1313
f 1459 1449 1450
f 1319 1460 1318
f 1453 1316 1318
f 1460 1453 1318
f 1461 1453 1460
f 1453 1462 1454
f 1453 1461 1462
f 1454 1463 1456
f 1454 1462 1463
f 1457 1456 1464
f 1464 1456 1463
f 1458 1465 1317
f 1317 1465 1321
f 1467 1466 1323
f 1321 1467 1323
f 1465 1467 1321
f 1468 1466 1467
f 1470 1469 1460
f 1319 1470 1460
f 1325 1470 1319
f 1460 1469 1461
f 1461 1469 1471
f 1461 1471 1462
f 1462 1471 1472
f 1462 1472 1463
f 1463 1472 1473
f 1463 1473 1464
f 1475 1474 1466
f 1474 1323 1466
f 1474 1327 1323
f 1475 1466 1468
f 1330 1476 1329
f 1329 1476 1477
f 1478 1329 1477
f 1331 1329 1478
f 1325 1331 1470
f 1470 1331 1478
f 1479 1332 1333
f 1480 1479 1333
f 1327 1480 1333
f 1474 1480 1327
f 1482 1481 1476
f 1330 1482 1476
f 1335 1482 1330
f 1476 1481 1477
f 1479 1336 1332
f 1338 1336 1479
f 1480 1338 1479
f 1483 1338 1480
f 1485 1484 1340
f 1485 1340 1341
f 1335 1340 1482
f 1482 1340 1484
f 1483 1344 1338
f 1486 1344 1483
f 1489 1488 1487
f 1488 1485 1487
f 1485 1346 1487
f 1485 1341 1346
f 1490 1348 1349
f 1491 1490 1349
f 1344 1491 1349
f 1486 1491 1344
f 1489 1487 1492
f 1489 1492 1493
f 1350 1492 1346
f 1346 1492 1487
f 1494 1351 1490
f 1490 1351 1348
f 1490 1491 1495
f 1490 1495 1494
f 1493 1492 1496
f 1493 1496 1497
f 1352 1496 1350
f 1350 1496 1492
f 1498 1353 1354
f 1499 1498 1354
f 1499 1354 1351
f 1500 1499 1351
f 1494 1500 1351
f 1500 1494 1495
f 1501 1497 1496
f 1496 1352 1501
f 1352 1502 1501
f 1352 1356 1502
f 1503 1358 1498
f 1498 1358 1353
f 1498 1499 1504
f 1498 1504 1503
f 1356 1359 1505
f 1506 1356 1505
f 1502 1356 1506
f 1360 1505 1359
f 1507 1362 1503
f 1503 1362 1358
f 1503 1504 1508
f 1503 1508 1507
f 1506 1505 1509
f 1506 1509 1510
f 1364 1509 1360
f 1360 1509 1505
f 1511 1365 1507
f 1507 1365 1362
f 1507 1508 1512
f 1507 1512 1511
f 1513 1510 1509
f 1515 1513 1514
f 1514 1513 1366
f 1513 1509 1366
f 1509 1364 1366
f 1367 1516 1366
f 1366 1516 1514
f 1368 1516 1367
f 1517 1369 1511
f 1511 1369 1365
f 1511 1512 1518
f 1511 1518 1517
f 1515 1514 1519
f 1515 1519 1520
f 1521 1514 1516
f 1519 1514 1521
f 1371 1521 1368
f 1368 1521 1516
f 1522 1373 1374
f 1369 1517 1374
f 1517 1522 1374
f 1517 1523 1522
f 1517 1518 1524
f 1517 1524 1523
f 1520 1519 1525
f 1520 1525 1526
f 1527 1519 1521
f 1525 1519 1527
f 1375 1528 1371
f 1528 1521 1371
f 1528 1527 1521
f 1376 1528 1375
f 1529 1378 1379
f 1373 1522 1379
f 1522 1529 1379
f 1522 1530 1529
f 1523 1532 1531
f 1530 1523 1531
f 1522 1523 1530
f 1532 1523 1524
f 1533 1526 1525
f 1533 1525 1527
f 1533 1527 1534
f 1382 1535 1381
f 1535 1527 1381
f 1527 1528 1381
f 1535 1534 1527
f 1381 1528 1376
f 1536 1383 1529
f 1529 1383 1378
f 1537 1529 1530
f 1536 1529 1537
f 1530 1531 1538
f 1539 1530 1538
f 1537 1530 1539
f 1540 1539 1538
f 1542 1541 1384
f 1542 1384 1385
f 1382 1384 1535
f 1535 1384 1541
f 1543 1386 1536
f 1536 1386 1383
f 1544 1536 1537
f 1543 1536 1544
f 1545 1537 1539
f 1544 1537 1545
f 1539 1540 1546
f 1547 1539 1546
f 1545 1539 1547
f 1549 1548 1547
f 1549 1547 1546
f 1550 1548 1549
f 1552 1551 1387
f 1552 1387 1388
f 1385 1387 1542
f 1542 1387 1551
f 1553 1389 1543
f 1543 1389 1386
f 1554 1543 1544
f 1553 1543 1554
f 1392 1554 1391
f 1554 1545 1391
f 1554 1544 1545
f 1391 1545 1394
f 1394 1545 1547
f 1394 1547 1395
f 1395 1547 1548
f 1550 1555 1548
f 1555 1395 1548
f 1555 1396 1395
f 1396 1556 1397
f 1555 1556 1396
f 1558 1557 1398
f 1397 1558 1398
f 1556 1558 1397
f 1559 1557 1558
f 1561 1560 1399
f 1561 1399 1400
f 1388 1399 1552
f 1552 1399 1560
f 1553 1401 1389
f 1401 1553 1402
f 1402 1553 1554
f 1402 1554 1392
f 1557 1403 1398
f 1559 1562 1557
f 1562 1403 1557
f 1562 1404 1403
f 1404 1563 1405
f 1562 1563 1404
f 1405 1564 1406
f 1563 1564 1405
f 1406 1565 1407
f 1564 1565 1406
f 1400 1407 1561
f 1561 1407 1565
f 1566 1419 1420
f 1421 1566 1420
f 1567 1425 1426
f 1427 1568 1426
f 1426 1568 1567
f 1428 1569 1427
f 1427 1569 1568
f 1429 1569 1428
f 1570 1432 1433
f 1419 1566 1433
f 1566 1570 1433
f 1566 1571 1570
f 1434 1572 1421
f 1572 1566 1421
f 1572 1571 1566
f 1435 1573 1434
f 1434 1573 1572
f 1436 1574 1435
f 1435 1574 1573
f 1575 1574 1436
f 1575 1436 1425
f 1576 1575 1425
f 1567 1576 1425
f 1576 1567 1568
f 1576 1568 1577
f 1577 1568 1569
f 1577 1569 1578
f 1578 1569 1429
f 1437 1578 1429
f 1579 1578 1437
f 1437 1439 1579
f 1579 1439 1580
f 1581 1442 1443
f 1432 1570 1443
f 1570 1581 1443
f 1570 1582 1581
f 1583 1570 1571
f 1582 1570 1583
f 1584 1571 1572
f 1583 1571 1584
f 1573 1586 1585
f 1584 1573 1585
f 1572 1573 1584
f 1586 1573 1574
f 1586 1574 1587
f 1587 1574 1575
f 1588 1580 1439
f 1588 1439 1444
f 1589 1444 1446
f 1589 1588 1444
f 1591 1590 1448
f 1590 1446 1448
f 1590 1589 1446
f 1591 1592 1590
f 1593 1450 1451
f 1452 1594 1451
f 1451 1594 1593
f 1442 1581 1452
f 1581 1594 1452
f 1581 1595 1594
f 1596 1581 1582
f 1595 1581 1596
f 1583 1598 1597
f 1596 1583 1597
f 1582 1583 1596
f 1598 1583 1584
f 1598 1584 1599
f 1599 1584 1585
f 1455 1591 1448
f 1455 1457 1591
f 1457 1592 1591
f 1457 1600 1592
f 1601 1458 1459
f 1450 1593 1459
f 1593 1601 1459
f 1593 1602 1601
f 1603 1593 1594
f 1602 1593 1603
f 1604 1594 1595
f 1603 1594 1604
f 1596 1606 1605
f 1604 1596 1605
f 1595 1596 1604
f 1606 1596 1597
f 1464 1600 1457
f 1464 1607 1600
f 1601 1465 1458
f 1465 1601 1467
f 1467 1601 1602
f 1467 1602 1468
f 1602 1608 1468
f 1602 1603 1608
f 1604 1610 1609
f 1608 1604 1609
f 1603 1604 1608
f 1610 1604 1605
f 1470 1611 1469
f 1612 1471 1469
f 1612 1469 1611
f 1613 1472 1471
f 1613 1471 1612
f 1614 1473 1472
f 1614 1472 1613
f 1614 1615 1473
f 1615 1464 1473
f 1615 1607 1464
f 1616 1474 1475
f 1468 1608 1475
f 1608 1616 1475
f 1608 1617 1616
f 1608 1609 1618
f 1608 1618 1617
f 1477 1619 1478
f 1619 1620 1478
f 1478 1620 1470
f 1620 1621 1470
f 1621 1611 1470
f 1611 1621 1612
f 1612 1621 1622
f 1612 1622 1613
f 1613 1622 1623
f 1613 1623 1614
f 1614 1623 1624
f 1614 1624 1615
f 1625 1480 1616
f 1616 1480 1474
f 1626 1616 1617
f 1625 1616 1626
f 1617 1618 1627
f 1617 1627 1626
f 1482 1628 1481
f 1628 1629 1481
f 1481 1629 1477
f 1629 1630 1477
f 1630 1619 1477
f 1619 1630 1620
f 1631 1483 1625
f 1625 1483 1480
f 1632 1625 1626
f 1631 1625 1632
f 1626 1627 1633
f 1626 1633 1632
f 1485 1634 1484
f 1634 1635 1484
f 1484 1635 1482
f 1635 1636 1482
f 1636 1628 1482
f 1628 1636 1629
f 1638 1637 1631
f 1637 1483 1631
f 1637 1486 1483
f 1638 1631 1632
f 1638 1632 1639
f 1639 1632 1633
f 1641 1640 1488
f 1641 1488 1489
f 1485 1488 1634
f 1488 1642 1634
f 1488 1640 1642
f 1634 1642 1635
f 1644 1491 1643
f 1491 1637 1643
f 1491 1486 1637
f 1645 1644 1643
f 1493 1641 1489
f 1493 1646 1641
f 1647 1495 1644
f 1644 1495 1491
f 1644 1645 1648
f 1644 1648 1647
f 1497 1646 1493
f 1497 1649 1646
f 1650 1499 1500
f 1495 1647 1500
f 1647 1650 1500
f 1647 1651 1650
f 1647 1648 1652
f 1647 1652 1651
f 1497 1501 1653
f 1654 1497 1653
f 1649 1497 1654
f 1502 1653 1501
f 1655 1504 1650
f 1650 1504 1499
f 1656 1650 1651
f 1655 1650 1656
f 1651 1652 1657
f 1651 1657 1656
f 1654 1653 1658
f 1654 1658 1659
f 1506 1658 1502
f 1502 1658 1653
f 1660 1508 1655
f 1655 1508 1504
f 1656 1662 1661
f 1660 1656 1661
f 1655 1656 1660
f 1662 1656 1657
f 1663 1659 1658
f 1658 1506 1663
f 1506 1664 1663
f 1506 1510 1664
f 1665 1512 1660
f 1660 1512 1508
f 1660 1661 1666
f 1660 1666 1665
f 1510 1513 1667
f 1668 1510 1667
f 1664 1510 1668
f 1515 1667 1513
f 1669 1518 1665
f 1665 1518 1512
f 1665 1666 1670
f 1665 1670 1669
f 1668 1667 1671
f 1668 1671 1672
f 1520 1671 1515
f 1515 1671 1667
f 1673 1524 1669
f 1669 1524 1518
f 1669 1670 1674
f 1669 1674 1673
f 1675 1672 1671
f 1671 1520 1675
f 1520 1676 1675
f 1520 1526 1676
f 1677 1531 1532
f 1524 1673 1532
f 1673 1677 1532
f 1673 1678 1677
f 1673 1674 1679
f 1673 1679 1678
f 1680 1676 1526
f 1680 1526 1533
f 1682 1680 1681
f 1680 1534 1681
f 1680 1533 1534
f 1535 1681 1534
f 1677 1538 1531
f 1538 1677 1540
f 1677 1683 1540
f 1677 1678 1683
f 1678 1679 1684
f 1678 1684 1683
f 1687 1686 1685
f 1685 1686 1682
f 1685 1682 1681
f 1542 1685 1681
f 1541 1542 1681
f 1541 1681 1535
f 1683 1546 1540
f 1684 1688 1683
f 1688 1546 1683
f 1688 1549 1546
f 1550 1549 1688
f 1550 1688 1689
f 1692 1691 1690
f 1694 1693 1690
f 1694 1690 1691
f 1695 1693 1694
f 1698 1697 1696
f 1696 1697 1687
f 1696 1687 1685
f 1552 1696 1685
f 1551 1552 1685
f 1551 1685 1542
f 1689 1699 1550
f 1550 1699 1555
f 1690 1556 1692
f 1556 1699 1692
f 1556 1555 1699
f 1556 1690 1558
f 1558 1690 1693
f 1701 1700 1559
f 1701 1559 1558
f 1695 1701 1558
f 1693 1695 1558
f 1703 1702 1700
f 1703 1700 1701
f 1705 1704 1702
f 1705 1702 1703
f 1707 1706 1704
f 1707 1704 1705
f 1706 1707 1698
f 1706 1698 1696
f 1561 1706 1696
f 1560 1561 1696
f 1560 1696 1552
f 1700 1562 1559
f 1562 1700 1563
f 1563 1700 1702
f 1563 1702 1564
f 1564 1702 1704
f 1564 1704 1565
f 1565 1704 1706
f 1565 1706 1561
f 1708 1575 1576
f 1708 1576 1709
f 1576 1710 1709
f 1576 1577 1710
f 1711 1577 1578
f 1711 1710 1577
f 1713 1711 1712
f 1711 1579 1712
f 1711 1578 1579
f 1580 1712 1579
f 1714 1585 1586
f 1587 1715 1586
f 1586 1715 1714
f 1716 1715 1587
f 1716 1587 1575
f 1717 1716 1575
f 1708 1717 1575
f 1717 1708 1709
f 1718 1713 1712
f 1718 1712 1580
f 1588 1718 1580
f 1719 1718 1588
f 1720 1588 1589
f 1720 1719 1588
f 1722 1720 1721
f 1720 1590 1721
f 1720 1589 1590
f 1592 1721 1590
f 1723 1597 1598
f 1599 1724 1598
f 1598 1724 1723
f 1725 1724 1599
f 1725 1599 1585
f 1726 1725 1585
f 1714 1726 1585
f 1726 1714 1715
f 1726 1715 1727
f 1727 1715 1716
f 1728 1722 1721
f 1721 1592 1728
f 1592 1729 1728
f 1592 1600 1729
f 1730 1605 1606
f 1597 1723 1606
f 1723 1730 1606
f 1723 1731 1730
f 1724 1733 1732
f 1731 1724 1732
f 1723 1724 1731
f 1733 1724 1725
f 1607 1729 1600
f 1607 1734 1729
f 1735 1609 1610
f 1605 1730 1610
f 1730 1735 1610
f 1730 1736 1735
f 1731 1738 1737
f 1736 1731 1737
f 1730 1731 1736
f 1738 1731 1732
f 1741 1740 1739
f 1743 1742 1739
f 1743 1739 1740
f 1745 1744 1742
f 1745 1742 1743
f 1746 1744 1745
f 1615 1734 1607
f 1615 1747 1734
f 1748 1618 1735
f 1735 1618 1609
f 1736 1750 1749
f 1748 1736 1749
f 1735 1736 1748
f 1750 1736 1737
f 1753 1752 1751
f 1751 1752 1741
f 1751 1741 1739
f 1620 1751 1739
f 1621 1620 1739
f 1621 1739 1622
f 1622 1739 1742
f 1622 1742 1623
f 1623 1742 1744
f 1746 1754 1744
f 1754 1623 1744
f 1754 1624 1623
f 1615 1624 1747
f 1747 1624 1754
f 1755 1627 1748
f 1748 1627 1618
f 1748 1749 1756
f 1748 1756 1755
f 1759 1758 1757
f 1757 1758 1753
f 1757 1753 1751
f 1629 1757 1751
f 1630 1629 1751
f 1630 1751 1620
f 1760 1633 1755
f 1755 1633 1627
f 1755 1756 1761
f 1755 1761 1760
f 1764 1763 1762
f 1762 1763 1759
f 1762 1759 1757
f 1635 1762 1757
f 1636 1635 1757
f 1636 1757 1629
f 1765 1637 1638
f 1639 1766 1638
f 1638 1766 1765
f 1767 1766 1639
f 1767 1639 1633
f 1768 1767 1633
f 1760 1768 1633
f 1768 1760 1761
f 1641 1769 1640
f 1770 1764 1762
f 1640 1770 1762
f 1642 1640 1762
f 1770 1640 1769
f 1642 1762 1635
f 1765 1643 1637
f 1643 1765 1645
f 1765 1771 1645
f 1765 1766 1771
f 1766 1767 1772
f 1766 1772 1771
f 1775 1774 1773
f 1776 1773 1774
f 1778 1777 1769
f 1641 1778 1769
f 1646 1778 1641
f 1769 1777 1770
f 1779 1648 1771
f 1771 1648 1645
f 1771 1772 1780
f 1771 1780 1779
f 1775 1773 1781
f 1775 1781 1782
f 1773 1776 1783
f 1784 1773 1783
f 1781 1773 1784
f 1786 1785 1784
f 1786 1784 1783
f 1788 1787 1785
f 1788 1785 1786
f 1788 1778 1787
f 1778 1649 1787
f 1778 1646 1649
f 1789 1652 1779
f 1779 1652 1648
f 1779 1780 1790
f 1779 1790 1789
f 1782 1781 1791
f 1782 1791 1792
f 1793 1781 1784
f 1791 1781 1793
f 1794 1784 1785
f 1793 1784 1794
f 1795 1785 1787
f 1794 1785 1795
f 1654 1795 1649
f 1649 1795 1787
f 1796 1657 1789
f 1789 1657 1652
f 1789 1790 1797
f 1798 1789 1797
f 1796 1789 1798
f 1798 1797 1792
f 1791 1798 1792
f 1799 1798 1791
f 1800 1791 1793
f 1799 1791 1800
f 1801 1793 1794
f 1800 1793 1801
f 1802 1794 1795
f 1801 1794 1802
f 1659 1802 1654
f 1654 1802 1795
f 1803 1661 1662
f 1657 1796 1662
f 1796 1803 1662
f 1796 1804 1803
f 1805 1796 1798
f 1804 1796 1805
f 1806 1798 1799
f 1805 1798 1806
f 1807 1799 1800
f 1806 1799 1807
f 1808 1800 1801
f 1807 1800 1808
f 1809 1801 1802
f 1808 1801 1809
f 1663 1810 1659
f 1810 1802 1659
f 1810 1809 1802
f 1664 1810 1663
f 1811 1666 1803
f 1803 1666 1661
f 1804 1813 1812
f 1811 1804 1812
f 1803 1804 1811
f 1815 1814 1813
f 1804 1815 1813
f 1805 1815 1804
f 1806 1817 1816
f 1815 1806 1816
f 1805 1806 1815
f 1817 1806 1807
f 1817 1807 1818
f 1820 1819 1818
f 1807 1820 1818
f 1808 1820 1807
f 1821 1808 1809
f 1820 1808 1821
f 1822 1809 1810
f 1821 1809 1822
f 1668 1822 1664
f 1664 1822 1810
f 1823 1670 1811
f 1811 1670 1666
f 1811 1812 1824
f 1811 1824 1823
f 1825 1814 1815
f 1825 1815 1816
f 1826 1819 1820
f 1826 1820 1821
f 1826 1821 1827
f 1827 1821 1822
f 1827 1822 1828
f 1822 1668 1828
f 1668 1829 1828
f 1668 1672 1829
f 1831 1830 1823
f 1830 1670 1823
f 1830 1674 1670
f 1831 1823 1824
f 1672 1675 1832
f 1833 1672 1832
f 1829 1672 1833
f 1676 1832 1675
f 1830 1679 1674
f 1834 1679 1830
f 1833 1832 1835
f 1833 1835 1836
f 1680 1837 1676
f 1837 1832 1676
f 1837 1835 1832
f 1682 1837 1680
f 1834 1684 1679
f 1838 1684 1834
f 1841 1840 1839
f 1843 1842 1839
f 1843 1839 1840
f 1844 1842 1843
f 1847 1846 1845
f 1845 1846 1836
f 1835 1845 1836
f 1848 1845 1835
f 1687 1848 1686
f 1848 1837 1686
f 1848 1835 1837
f 1686 1837 1682
f 1838 1849 1684
f 1684 1849 1688
f 1851 1850 1689
f 1688 1851 1689
f 1849 1851 1688
f 1850 1851 1841
f 1850 1841 1839
f 1692 1850 1839
f 1691 1692 1839
f 1691 1839 1694
f 1694 1839 1842
f 1853 1852 1695
f 1853 1695 1694
f 1844 1853 1694
f 1842 1844 1694
f 1855 1854 1852
f 1855 1852 1853
f 1857 1856 1854
f 1857 1854 1855
f 1856 1857 1847
f 1845 1856 1847
f 1858 1856 1845
f 1698 1858 1697
f 1858 1848 1697
f 1858 1845 1848
f 1697 1848 1687
f 1850 1699 1689
f 1699 1850 1692
f 1852 1701 1695
f 1701 1852 1703
f 1703 1852 1854
f 1703 1854 1705
f 1705 1854 1856
f 1705 1856 1707
f 1707 1856 1858
f 1707 1858 1698
f 1859 1709 1710
f 1711 1860 1710
f 1710 1860 1859
f 1713 1860 1711
f 1861 1716 1717
f 1862 1861 1717
f 1862 1717 1709
f 1863 1862 1709
f 1859 1863 1709
f 1865 1864 1863
f 1859 1865 1863
f 1860 1865 1859
f 1718 1866 1713
f 1866 1860 1713
f 1866 1865 1860
f 1719 1867 1718
f 1718 1867 1866
f 1720 1868 1719
f 1719 1868 1867
f 1722 1868 1720
f 1869 1725 1726
f 1727 1870 1726
f 1726 1870 1869
f 1716 1861 1727
f 1861 1870 1727
f 1861 1871 1870
f 1861 1862 1872
f 1861 1872 1871
f 1873 1864 1865
f 1873 1865 1866
f 1873 1866 1874
f 1874 1866 1867
f 1874 1867 1875
f 1875 1867 1868
f 1875 1868 1876
f 1878 1876 1877
f 1877 1876 1728
f 1876 1868 1728
f 1868 1722 1728
f 1729 1877 1728
f 1879 1732 1733
f 1880 1879 1733
f 1880 1733 1725
f 1881 1880 1725
f 1869 1881 1725
f 1883 1882 1881
f 1869 1883 1881
f 1870 1883 1869
f 1871 1885 1884
f 1883 1871 1884
f 1870 1871 1883
f 1885 1871 1872
f 1878 1877 1886
f 1878 1886 1887
f 1734 1886 1729
f 1729 1886 1877
f 1888 1737 1738
f 1889 1888 1738
f 1889 1738 1732
f 1890 1889 1732
f 1879 1890 1732
f 1890 1879 1880
f 1891 1882 1883
f 1891 1883 1884
f 1741 1892 1740
f 1893 1743 1740
f 1893 1740 1892
f 1894 1745 1743
f 1894 1743 1893
f 1894 1746 1745
f 1886 1895 1887
f 1895 1886 1896
f 1747 1896 1734
f 1734 1896 1886
f 1897 1749 1750
f 1737 1888 1750
f 1888 1897 1750
f 1888 1898 1897
f 1888 1889 1899
f 1888 1899 1898
f 1901 1900 1752
f 1901 1752 1753
f 1741 1752 1892
f 1752 1902 1892
f 1752 1900 1902
f 1892 1902 1893
f 1893 1902 1903
f 1893 1903 1894
f 1894 1903 1904
f 1895 1896 1904
f 1896 1754 1904
f 1746 1894 1904
f 1746 1904 1754
f 1754 1896 1747
f 1905 1756 1897
f 1897 1756 1749
f 1898 1907 1906
f 1905 1898 1906
f 1897 1898 1905
f 1907 1898 1899
f 1909 1908 1758
f 1909 1758 1759
f 1753 1758 1901
f 1901 1758 1908
f 1910 1761 1905
f 1905 1761 1756
f 1905 1906 1911
f 1912 1905 1911
f 1910 1905 1912
f 1913 1912 1911
f 1915 1914 1763
f 1915 1763 1764
f 1759 1763 1909
f 1909 1763 1914
f 1916 1767 1768
f 1761 1910 1768
f 1910 1916 1768
f 1910 1917 1916
f 1918 1910 1912
f 1917 1910 1918
f 1912 1913 1919
f 1920 1912 1919
f 1918 1912 1920
f 1922 1921 1920
f 1922 1920 1919
f 1924 1923 1921
f 1924 1921 1922
f 1924 1915 1923
f 1915 1770 1923
f 1915 1764 1770
f 1925 1772 1916
f 1916 1772 1767
f 1775 1925 1774
f 1925 1917 1774
f 1925 1916 1917
f 1774 1917 1776
f 1917 1926 1776
f 1917 1918 1926
f 1927 1918 1920
f 1926 1918 1927
f 1928 1920 1921
f 1927 1920 1928
f 1778 1928 1777
f 1928 1923 1777
f 1928 1921 1923
f 1777 1923 1770
f 1929 1780 1925
f 1925 1780 1772
f 1782 1929 1775
f 1775 1929 1925
f 1926 1783 1776
f 1783 1926 1786
f 1786 1926 1927
f 1786 1927 1788
f 1788 1927 1928
f 1788 1928 1778
f 1930 1790 1929
f 1929 1790 1780
f 1792 1930 1782
f 1782 1930 1929
f 1930 1797 1790
f 1797 1930 1792
f 1931 1812 1813
f 1814 1931 1813
f 1932 1816 1817
f 1818 1933 1817
f 1817 1933 1932
f 1819 1933 1818
f 1934 1824 1931
f 1931 1824 1812
f 1825 1935 1814
f 1935 1931 1814
f 1935 1934 1931
f 1816 1932 1825
f 1932 1935 1825
f 1932 1936 1935
f 1937 1932 1933
f 1936 1932 1937
f 1826 1938 1819
f 1938 1933 1819
f 1938 1937 1933
f 1827 1939 1826
f 1826 1939 1938
f 1828 1940 1827
f 1827 1940 1939
f 1829 1940 1828
f 1941 1830 1831
f 1824 1934 1831
f 1934 1941 1831
f 1934 1942 1941
f 1943 1934 1935
f 1942 1934 1943
f 1944 1935 1936
f 1943 1935 1944
f 1945 1936 1937
f 1944 1936 1945
f 1946 1937 1938
f 1945 1937 1946
f 1947 1938 1939
f 1946 1938 1947
f 1948 1939 1940
f 1947 1939 1948
f 1833 1948 1829
f 1829 1948 1940
f 1950 1949 1941
f 1949 1830 1941
f 1949 1834 1830
f 1950 1941 1942
f 1950 1942 1951
f 1953 1952 1951
f 1942 1953 1951
f 1943 1953 1942
f 1954 1943 1944
f 1953 1943 1954
f 1955 1944 1945
f 1954 1944 1955
f 1956 1945 1946
f 1955 1945 1956
f 1957 1946 1947
f 1956 1946 1957
f 1958 1947 1948
f 1957 1947 1958
f 1836 1958 1833
f 1833 1958 1948
f 1960 1838 1959
f 1838 1949 1959
f 1838 1834 1949
f 1961 1960 1959
f 1952 1953 1840
f 1841 1952 1840
f 1962 1952 1841
f 1840 1953 1843
f 1843 1953 1954
f 1843 1954 1844
f 1954 1963 1844
f 1954 1955 1963
f 1964 1955 1956
f 1963 1955 1964
f 1965 1956 1957
f 1964 1956 1965
f 1847 1965 1846
f 1965 1958 1846
f 1965 1957 1958
f 1846 1958 1836
f 1960 1849 1838
f 1961 1966 1960
f 1966 1849 1960
f 1966 1851 1849
f 1841 1851 1962
f 1962 1851 1966
f 1963 1853 1844
f 1853 1963 1855
f 1855 1963 1964
f 1855 1964 1857
f 1857 1964 1965
f 1857 1965 1847
f 1967 1862 1863
f 1864 1967 1863
f 1968 1872 1967
f 1967 1872 1862
f 1873 1969 1864
f 1969 1967 1864
f 1969 1968 1967
f 1874 1970 1873
f 1873 1970 1969
f 1875 1971 1874
f 1874 1971 1970
f 1876 1972 1875
f 1875 1972 1971
f 1878 1972 1876
f 1973 1880 1881
f 1882 1973 1881
f 1974 1884 1885
f 1872 1968 1885
f 1968 1974 1885
f 1968 1975 1974
f 1976 1968 1969
f 1975 1968 1976
f 1977 1969 1970
f 1976 1969 1977
f 1978 1970 1971
f 1977 1970 1978
f 1979 1971 1972
f 1978 1971 1979
f 1887 1979 1878
f 1878 1979 1972
f 1980 1889 1890
f 1880 1973 1890
f 1973 1980 1890
f 1973 1981 1980
f 1891 1982 1882
f 1982 1973 1882
f 1982 1981 1973
f 1884 1974 1891
f 1974 1982 1891
f 1974 1983 1982
f 1984 1974 1975
f 1983 1974 1984
f 1976 1986 1985
f 1984 1976 1985
f 1975 1976 1984
f 1986 1976 1977
f 1986 1977 1987
f 1989 1988 1987
f 1977 1989 1987
f 1978 1989 1977
f 1990 1978 1979
f 1989 1978 1990
f 1895 1990 1887
f 1887 1990 1979
f 1991 1899 1980
f 1980 1899 1889
f 1992 1980 1981
f 1991 1980 1992
f 1993 1981 1982
f 1992 1981 1993
f 1983 1995 1994
f 1993 1983 1994
f 1982 1983 1993
f 1995 1983 1984
f 1995 1984 1996
f 1900 1901 1997
f 1984 1985 1996
f 1900 1997 1998
f 1999 1900 1998
f 1902 1900 1999
f 1989 1903 1988
f 1903 1999 1988
f 1903 1902 1999
f 1903 1989 1904
f 1904 1989 1990
f 1904 1990 1895
f 2000 1906 1907
f 1899 1991 1907
f 1991 2000 1907
f 1991 2001 2000
f 2002 1991 1992
f 2001 1991 2002
f 1993 2004 2003
f 2002 1993 2003
f 1992 1993 2002
f 2004 1993 1994
f 2006 2005 1908
f 2006 1908 1909
f 1901 1908 1997
f 1908 2007 1997
f 1908 2005 2007
f 1997 2007 1998
f 2000 1911 1906
f 1911 2000 1913
f 2000 2008 1913
f 2000 2001 2008
f 2009 2001 2002
f 2008 2001 2009
f 2002 2003 2010
f 2011 2002 2010
f 2009 2002 2011
f 1914 1915 2011
f 2010 1914 2011
f 2012 1914 2010
f 1909 1914 2006
f 2006 1914 2012
f 2008 1919 1913
f 1919 2008 1922
f 1922 2008 2009
f 1922 2009 1924
f 1924 2009 2011
f 1924 2011 1915
f 2013 1949 1950
f 1951 2014 1950
f 1950 2014 2013
f 1952 2014 1951
f 2013 1959 1949
f 1959 2013 1961
f 2013 2015 1961
f 2013 2014 2015
f 1962 2015 1952
f 1952 2015 2014
f 2015 1966 1961
f 1966 2015 1962
f 2016 1985 1986
f 1987 2017 1986
f 1986 2017 2016
f 1988 2017 1987
f 2018 1994 1995
f 1996 2019 1995
f 1995 2019 2018
f 1985 2016 1996
f 2016 2019 1996
f 2016 2020 2019
f 1998 2020 1999
f 2020 2017 1999
f 2020 2016 2017
f 1999 2017 1988
f 2021 2003 2004
f 1994 2018 2004
f 2018 2021 2004
f 2018 2022 2021
f 2006 2022 2005
f 2022 2019 2005
f 2022 2018 2019
f 2005 2019 2007
f 2007 2019 2020
f 2007 2020 1998
f 2021 2010 2003
f 2010 2021 2012
f 2012 2021 2022
f 2012 2022 2006
