v -38.2 -32.0 -12.0
v -38.0 -32.3 -12.0
v -38.0 -32.3 -11.0
v -38.2 -32.0 -11.0
v -38.0 -32.0 -10.4
v -38.3 -31.0 -13.0
v -38.0 -31.0 -13.5
v -38.0 -31.4 -13.0
v -38.3 -31.0 -12.0
v -38.0 -31.0 -11.5
v -38.0 -31.7 -11.0
v -38.3 -30.0 -15.0
v -38.0 -30.0 -15.4
v -38.0 -30.3 -15.0
v -38.0 -30.6 -14.0
v -38.4 -30.0 -14.0
v -38.5 -30.0 -13.0
v -38.4 -30.0 -12.0
v -38.0 -30.0 -11.6
v -38.4 -29.0 -15.0
v -38.0 -29.0 -15.8
v -38.5 -29.0 -14.0
v -38.5 -29.0 -13.0
v -38.3 -29.0 -12.0
v -38.0 -29.0 -11.7
v -38.0 -28.2 -15.0
v -38.4 -28.0 -14.0
v -38.0 -28.0 -14.8
v -38.4 -28.0 -13.0
v -38.0 -28.0 -12.4
v -38.0 -28.5 -12.0
v -38.3 -27.0 -15.0
v -38.0 -27.0 -15.5
v -38.5 -27.0 -14.0
v -38.3 -27.0 -13.0
v -38.0 -27.0 -12.6
v -38.1 -26.0 -17.0
v -38.0 -26.0 -17.1
v -38.0 -26.6 -16.0
v -38.4 -26.0 -16.0
v -38.5 -26.0 -15.0
v -38.3 -26.0 -14.0
v -38.0 -25.7 -17.0
v -38.4 -25.0 -16.0
v -38.0 -25.0 -16.8
v -38.4 -25.0 -15.0
v -38.0 -25.0 -14.4
v -38.1 -24.0 -18.0
v -38.0 -24.0 -18.2
v -38.0 -24.8 -17.0
v -38.4 -24.0 -17.0
v -38.5 -24.0 -16.0
v -38.3 -24.0 -15.0
v -38.0 -24.0 -14.6
v -38.0 -23.0 -18.0
v -38.4 -23.0 -17.0
v -38.4 -23.0 -16.0
v -38.0 -23.0 -15.4
v -38.3 -22.0 -18.0
v -38.0 -22.0 -18.5
v -38.5 -22.0 -17.0
v -38.3 -22.0 -16.0
v -38.0 -22.0 -15.6
v -38.4 -21.0 -18.0
v -38.0 -21.0 -18.7
v -38.3 -21.0 -17.0
v -38.0 -21.5 -16.0
v -38.3 -20.0 -19.0
v -37.7 -20.0 -17.0
v -38.2 -19.0 -19.0
v -38.0 -19.0 -19.5
v -38.3 -20.0 -18.0
v -38.0 -18.0 -19.1
v -38.0 -18.0 -19.0
v -37.6 -34.0 -13.0
v -37.0 -34.0 -13.4
v -37.0 -34.2 -13.0
v -37.0 -34.0 -12.4
v -37.3 -34.0 -11.0
v -37.0 -34.0 -11.6
v -37.0 -34.3 -11.0
v -37.0 -34.4 -10.0
v -37.4 -34.0 -10.0
v -37.0 -34.1 -9.0
v -37.0 -34.0 -8.9
v -37.1 -33.0 -16.0
v -37.0 -33.0 -16.1
v -37.0 -33.1 -16.0
v -37.0 -33.0 -15.9
v -37.6 -33.0 -14.0
v -37.0 -33.0 -14.4
v -37.5 -33.0 -13.0
v -37.0 -33.8 -12.0
v -37.5 -33.0 -12.0
v -37.6 -33.0 -11.0
v -37.4 -33.0 -10.0
v -37.0 -33.0 -9.5
v -37.1 -34.0 -9.0
v -37.2 -32.0 -17.0
v -37.0 -32.0 -17.3
v -37.0 -32.4 -17.0
v -37.3 -32.0 -16.0
v -37.0 -32.0 -15.5
v -37.2 -32.0 -14.0
v -37.0 -32.0 -14.4
v -37.2 -32.0 -13.0
v -37.0 -32.0 -10.0
v -37.1 -31.0 -17.0
v -37.0 -31.0 -16.3
v -37.0 -31.2 -16.0
v -37.0 -31.0 -15.9
v -37.4 -31.0 -15.0
v -37.0 -31.6 -15.0
v -37.7 -31.0 -14.0
v -37.0 -31.1 -11.0
v -37.0 -31.0 -11.1
v -37.0 -31.9 -10.0
v -37.0 -31.0 -10.0
v -37.0 -31.0 -10.0
v -37.0 -30.9 -17.0
v -37.0 -30.6 -16.0
v -37.1 -30.0 -16.0
v -37.0 -30.0 -16.1
v -37.0 -29.0 -16.0
v -37.0 -30.0 -11.2
v -37.4 -29.0 -11.0
v -37.0 -29.0 -10.6
v -37.4 -28.0 -16.0
v -37.0 -28.0 -16.5
v -37.9 -28.0 -15.0
v -37.7 -28.0 -12.0
v -37.3 -28.0 -11.0
v -37.3 -27.0 -17.0
v -37.0 -27.0 -17.3
v -37.0 -27.4 -17.0
v -37.7 -27.0 -16.0
v -37.5 -27.0 -12.0
v -37.0 -27.0 -11.4
v -37.0 -28.0 -10.7
v -37.0 -26.0 -17.7
v -37.7 -26.0 -13.0
v -37.2 -26.0 -12.0
v -37.0 -26.0 -11.8
v -37.4 -25.0 -18.0
v -37.0 -25.0 -18.4
v -37.0 -25.5 -18.0
v -37.9 -25.0 -17.0
v -37.7 -25.0 -14.0
v -37.4 -25.0 -13.0
v -37.0 -25.0 -12.6
v -37.0 -25.7 -12.0
v -37.4 -24.0 -19.0
v -37.0 -24.0 -19.3
v -37.0 -24.4 -19.0
v -37.6 -24.0 -14.0
v -37.2 -24.0 -13.0
v -37.0 -24.0 -12.8
v -37.1 -23.0 -20.0
v -37.0 -23.0 -20.1
v -38.0 -23.0 -19.0
v -37.7 -23.0 -15.0
v -37.4 -23.0 -14.0
v -37.0 -23.0 -13.6
v -37.0 -23.7 -13.0
v -37.5 -22.0 -20.0
v -37.0 -22.0 -20.5
v -37.7 -22.0 -19.0
v -37.6 -22.0 -15.0
v -37.2 -22.0 -14.0
v -37.0 -22.0 -13.8
v -37.0 -21.0 -22.0
v -37.0 -21.5 -21.0
v -37.4 -21.0 -21.0
v -37.9 -21.0 -20.0
v -37.8 -21.0 -19.0
v -37.7 -21.0 -16.0
v -37.3 -21.0 -15.0
v -37.0 -21.0 -14.7
v -37.0 -21.7 -14.0
v -37.0 -20.9 -22.0
v -37.5 -20.0 -21.0
v -37.0 -20.0 -21.8
v -37.7 -20.0 -20.0
v -37.4 -20.0 -16.0
v -37.0 -20.0 -15.4
v -37.0 -20.5 -15.0
v -37.3 -19.0 -22.0
v -37.0 -19.0 -22.4
v -36.8 -20.0 -22.0
v -37.9 -19.0 -21.0
v -37.7 -19.0 -20.0
v -37.7 -19.0 -18.0
v -37.3 -19.0 -16.0
v -37.0 -19.0 -15.7
v -37.3 -18.0 -22.0
v -37.0 -18.0 -22.5
v -37.6 -18.0 -21.0
v -37.6 -18.0 -20.0
v -37.5 -18.0 -18.0
v -37.3 -18.0 -17.0
v -37.0 -18.0 -16.6
v -37.0 -18.6 -16.0
v -36.8 -17.0 -22.0
v -37.3 -17.0 -21.0
v -37.3 -17.0 -20.0
v -37.0 -17.3 -19.0
v -37.0 -17.0 -19.5
v -37.0 -17.5 -18.0
v -37.0 -17.6 -17.0
v -37.0 -16.6 -21.0
v -37.0 -16.7 -20.0
v -36.0 -36.0 -9.0
v -36.0 -36.0 -9.0
v -36.3 -35.0 -11.0
v -36.0 -35.0 -11.3
v -36.0 -35.2 -11.0
v -36.0 -35.5 -10.0
v -36.5 -35.0 -10.0
v -36.4 -35.0 -9.0
v -36.0 -35.0 -8.5
v -36.2 -34.0 -18.0
v -36.0 -34.0 -18.3
v -36.0 -34.2 -18.0
v -36.0 -34.2 -17.0
v -36.2 -34.0 -17.0
v -36.0 -34.0 -16.6
v -36.2 -34.0 -15.0
v -36.0 -34.2 -15.0
v -36.0 -34.3 -14.0
v -36.5 -34.0 -14.0
v -36.0 -34.4 -13.0
v -36.0 -34.5 -12.0
v -36.8 -34.0 -12.0
v -36.0 -34.0 -8.3
v -36.1 -33.0 -19.0
v -36.0 -33.2 -19.0
v -36.5 -33.0 -18.0
v -36.7 -33.0 -17.0
v -36.0 -33.7 -16.0
v -36.5 -33.0 -15.0
v -36.7 -33.0 -9.0
v -36.0 -33.2 -8.0
v -36.1 -33.0 -8.0
v -36.0 -33.0 -7.9
v -36.3 -32.0 -19.0
v -36.0 -32.0 -19.3
v -36.6 -32.0 -18.0
v -36.1 -32.0 -15.0
v -37.0 -32.0 -10.0
v -36.4 -32.0 -9.0
v -36.0 -32.0 -8.5
v -36.0 -32.9 -8.0
v -36.2 -31.0 -19.0
v -36.0 -31.0 -19.2
v -36.4 -31.0 -18.0
v -36.9 -31.0 -16.0
v -36.9 -31.0 -11.0
v -36.4 -31.0 -9.0
v -36.0 -31.0 -8.7
v -36.0 -30.8 -19.0
v -36.0 -30.6 -18.0
v -36.0 -30.4 -17.0
v -36.0 -30.0 -16.2
v -36.8 -30.0 -11.0
v -36.5 -30.0 -10.0
v -36.1 -30.0 -9.0
v -36.9 -29.0 -16.0
v -36.0 -29.0 -16.6
v -36.2 -29.0 -10.0
v -36.0 -30.0 -8.9
v -36.4 -28.0 -17.0
v -36.0 -28.0 -17.3
v -36.0 -28.5 -17.0
v -36.0 -28.8 -10.0
v -36.0 -28.0 -10.5
v -36.0 -27.0 -17.7
v -36.0 -27.0 -10.9
v -36.0 -26.0 -18.3
v -36.0 -26.8 -11.0
v -36.0 -26.0 -11.5
v -36.0 -25.0 -18.6
v -36.0 -25.5 -12.0
v -36.0 -25.0 -12.4
v -36.0 -24.0 -19.4
v -36.0 -24.5 -19.0
v -36.0 -24.0 -12.7
v -36.0 -23.0 -19.8
v -36.0 -23.6 -13.0
v -36.0 -23.0 -13.4
v -36.0 -22.0 -20.6
v -36.0 -22.8 -20.0
v -36.0 -22.0 -13.7
v -36.0 -21.0 -22.4
v -36.0 -21.4 -22.0
v -36.0 -21.6 -21.0
v -36.0 -21.6 -14.0
v -36.0 -21.0 -14.4
v -36.2 -20.0 -23.0
v -36.0 -20.0 -23.2
v -36.0 -20.3 -23.0
v -36.4 -20.0 -15.0
v -36.0 -20.0 -14.7
v -36.5 -19.0 -23.0
v -36.0 -19.0 -23.4
v -36.6 -18.0 -23.0
v -36.0 -18.0 -23.6
v -36.5 -18.0 -16.0
v -36.0 -18.0 -15.7
v -36.0 -19.0 -14.9
v -36.0 -17.0 -25.0
v -36.0 -17.6 -24.0
v -36.4 -17.0 -24.0
v -36.9 -17.0 -23.0
v -36.8 -17.0 -22.0
v -36.7 -17.0 -19.0
v -36.6 -17.0 -18.0
v -36.6 -17.0 -17.0
v -36.2 -17.0 -16.0
v -36.0 -16.9 -15.8
v -36.0 -16.9 -25.0
v -36.3 -16.0 -24.0
v -36.5 -16.0 -23.0
v -36.4 -16.0 -22.0
v -36.5 -16.0 -21.0
v -36.4 -16.0 -20.0
v -36.0 -16.2 -19.0
v -36.3 -16.0 -18.0
v -36.3 -16.0 -17.0
v -36.0 -16.0 -16.1
v -36.0 -16.1 -16.0
v -36.0 -15.5 -24.0
v -36.2 -15.0 -23.0
v -36.0 -14.8 -23.0
v -36.0 -15.0 -22.7
v -36.0 -15.4 -22.0
v -36.0 -15.5 -21.0
v -36.0 -15.6 -20.0
v -36.0 -15.6 -18.0
v -36.0 -15.6 -17.0
v -35.0 -37.0 -8.0
v -35.0 -37.0 -8.0
v -35.0 -37.0 -7.9
v -35.0 -36.0 -9.5
v -35.0 -36.4 -9.0
v -35.5 -36.0 -8.0
v -35.0 -36.0 -7.4
v -35.0 -35.0 -11.5
v -35.0 -35.4 -11.0
v -35.0 -35.6 -10.0
v -35.6 -35.0 -8.0
v -35.2 -35.0 -7.0
v -35.0 -35.0 -6.7
v -35.0 -34.0 -19.1
v -35.0 -34.1 -19.0
v -35.0 -34.5 -18.0
v -35.0 -34.4 -17.0
v -35.0 -34.0 -16.1
v -35.0 -34.0 -15.9
v -35.0 -34.4 -15.0
v -35.0 -34.5 -14.0
v -35.0 -34.5 -13.0
v -35.0 -34.6 -12.0
v -35.7 -34.0 -8.0
v -35.2 -34.0 -7.0
v -35.0 -34.0 -6.8
v -36.0 -33.0 -19.1
v -35.0 -33.0 -18.9
v -35.0 -33.9 -16.0
v -35.0 -33.7 -7.0
v -35.0 -33.0 -7.6
v -35.0 -32.0 -19.5
v -35.0 -32.8 -19.0
v -35.0 -32.5 -8.0
v -35.0 -32.0 -8.4
v -35.0 -31.0 -19.5
v -35.0 -31.0 -8.7
v -35.0 -30.5 -19.0
v -35.0 -30.3 -18.0
v -35.6 -30.0 -17.0
v -35.0 -30.0 -17.7
v -35.0 -30.5 -9.0
v -35.0 -30.0 -9.4
v -35.6 -29.0 -17.0
v -35.0 -29.0 -17.4
v -35.7 -29.0 -10.0
v -35.0 -29.4 -10.0
v -35.0 -29.0 -10.4
v -35.0 -28.0 -17.6
v -35.0 -28.0 -10.7
v -35.5 -27.0 -18.0
v -35.0 -27.0 -18.3
v -35.0 -27.4 -18.0
v -35.0 -27.6 -11.0
v -35.0 -27.0 -11.5
v -35.0 -26.0 -18.5
v -35.0 -26.0 -11.8
v -35.0 -25.0 -18.6
v -35.0 -25.7 -12.0
v -35.0 -25.0 -12.7
v -35.0 -24.0 -19.5
v -35.0 -24.5 -19.0
v -35.6 -24.0 -13.0
v -35.0 -24.0 -13.4
v -35.0 -23.0 -20.2
v -35.0 -23.2 -20.0
v -35.0 -23.0 -13.7
v -35.0 -22.0 -20.7
v -35.6 -22.0 -14.0
v -35.0 -22.6 -14.0
v -35.0 -22.0 -14.4
v -35.0 -21.0 -22.5
v -35.0 -21.4 -22.0
v -35.0 -21.7 -21.0
v -35.0 -21.0 -14.7
v -35.0 -20.0 -23.4
v -35.0 -20.5 -23.0
v -35.6 -20.0 -15.0
v -35.0 -20.6 -15.0
v -35.0 -20.0 -15.4
v -35.0 -19.0 -23.7
v -35.0 -19.0 -15.7
v -35.6 -18.0 -24.0
v -35.0 -18.0 -24.5
v -35.0 -18.6 -24.0
v -35.3 -18.0 -16.1
v -35.0 -18.5 -16.0
v -35.0 -17.0 -25.6
v -35.0 -17.6 -25.0
v -35.0 -17.0 -16.5
v -35.4 -16.0 -26.0
v -35.0 -16.0 -26.9
v -35.0 -16.5 -26.0
v -35.7 -16.0 -25.0
v -35.9 -16.0 -19.0
v -35.0 -16.0 -16.6
v -35.2 -15.0 -27.0
v -35.0 -15.0 -27.2
v -35.0 -15.9 -27.0
v -35.5 -15.0 -26.0
v -35.5 -15.0 -25.0
v -35.7 -15.0 -24.0
v -35.7 -15.0 -22.0
v -35.6 -15.0 -21.0
v -35.6 -15.0 -20.0
v -35.5 -15.0 -19.0
v -35.6 -15.0 -18.0
v -35.3 -15.0 -17.0
v -35.0 -15.0 -16.8
v -35.2 -14.0 -27.0
v -35.0 -14.0 -27.4
v -35.4 -14.0 -26.0
v -35.4 -14.0 -25.0
v -35.5 -14.0 -24.0
v -35.6 -14.0 -23.0
v -35.5 -14.0 -22.0
v -35.5 -14.0 -21.0
v -35.5 -14.0 -20.0
v -35.5 -14.0 -19.0
v -35.6 -14.0 -18.0
v -35.2 -14.0 -17.0
v -35.0 -14.0 -16.8
v -35.0 -13.8 -27.0
v -35.0 -13.6 -26.0
v -35.0 -13.4 -25.0
v -35.3 -13.0 -24.0
v -35.0 -12.7 -24.0
v -35.4 -13.0 -23.0
v -35.4 -13.0 -22.0
v -35.5 -13.0 -21.0
v -35.5 -13.0 -20.0
v -35.7 -13.0 -19.0
v -35.9 -13.0 -18.0
v -35.1 -13.0 -17.0
v -35.0 -13.0 -16.9
v -35.0 -12.5 -23.0
v -35.0 -12.4 -22.0
v -35.2 -12.0 -21.0
v -35.0 -12.0 -21.4
v -35.4 -12.0 -20.0
v -35.9 -12.0 -19.0
v -35.4 -12.0 -18.0
v -35.0 -12.0 -17.7
v -35.0 -12.9 -17.0
v -35.0 -11.7 -21.0
v -35.0 -11.5 -20.0
v -35.0 -11.5 -19.0
v -35.0 -11.7 -18.0
v -34.1 -38.0 -7.0
v -34.0 -38.1 -7.0
v -34.0 -37.0 -8.5
v -34.0 -37.4 -8.0
v -34.6 -37.0 -7.0
v -34.0 -38.0 -6.8
v -34.4 -37.0 -6.0
v -34.1 -37.0 -5.0
v -34.0 -36.0 -9.5
v -34.0 -36.5 -9.0
v -34.7 -36.0 -7.0
v -34.3 -36.0 -6.0
v -34.0 -36.0 -5.6
v -34.0 -37.0 -4.9
v -34.0 -35.4 -11.0
v -34.0 -35.6 -10.0
v -34.0 -35.5 -6.0
v -34.0 -35.0 -6.3
v -34.4 -34.0 -19.0
v -34.0 -34.0 -18.9
v -34.0 -34.3 -18.0
v -34.0 -34.3 -17.0
v -34.0 -34.4 -16.0
v -34.9 -34.0 -16.0
v -34.0 -34.5 -15.0
v -34.0 -34.5 -14.0
v -34.0 -34.6 -13.0
v -34.0 -34.6 -12.0
v -34.0 -34.0 -6.7
v -34.0 -33.0 -18.6
v -34.0 -33.7 -7.0
v -34.0 -33.0 -7.6
v -34.0 -32.0 -19.9
v -34.0 -32.6 -19.0
v -34.0 -32.0 -8.6
v -34.2 -31.0 -20.0
v -34.0 -31.0 -20.2
v -34.0 -31.8 -20.0
v -34.5 -31.0 -9.0
v -34.0 -31.0 -9.4
v -34.0 -30.3 -20.0
v -34.2 -30.0 -19.0
v -34.0 -30.0 -19.7
v -34.5 -30.0 -18.0
v -34.0 -30.0 -9.8
v -34.0 -29.8 -19.0
v -34.0 -29.6 -18.0
v -34.0 -29.0 -17.6
v -34.4 -29.0 -11.0
v -34.0 -29.4 -11.0
v -34.0 -29.0 -11.5
v -34.0 -29.8 -10.0
v -34.0 -28.0 -17.6
v -34.2 -28.0 -13.0
v -34.0 -28.2 -13.0
v -34.0 -28.0 -13.3
v -34.4 -28.0 -12.0
v -34.0 -28.6 -12.0
v -34.7 -28.0 -11.0
v -34.0 -27.0 -18.4
v -34.0 -27.5 -18.0
v -34.2 -27.0 -14.0
v -34.0 -27.3 -14.0
v -34.0 -27.0 -14.2
v -34.5 -27.0 -13.0
v -34.6 -27.0 -12.0
v -34.0 -26.0 -18.5
v -34.4 -26.0 -14.0
v -34.0 -26.0 -14.5
v -34.5 -26.0 -13.0
v -34.8 -26.0 -12.0
v -34.0 -25.0 -18.7
v -34.2 -25.0 -15.0
v -34.0 -25.4 -15.0
v -34.0 -25.0 -15.3
v -34.7 -25.0 -13.0
v -34.0 -24.0 -19.4
v -34.0 -24.6 -19.0
v -34.4 -24.0 -15.0
v -34.0 -24.0 -15.5
v -34.6 -24.0 -14.0
v -34.6 -23.0 -20.0
v -34.0 -23.0 -19.8
v -34.1 -23.0 -16.0
v -34.0 -23.0 -16.1
v -34.5 -23.0 -15.0
v -34.8 -23.0 -14.0
v -34.0 -22.0 -21.5
v -34.0 -22.3 -21.0
v -34.0 -22.7 -20.0
v -34.0 -22.5 -16.0
v -34.0 -22.0 -15.8
v -34.5 -22.0 -15.0
v -34.0 -21.0 -22.5
v -34.0 -21.6 -22.0
v -34.1 -21.0 -17.0
v -34.4 -21.0 -16.0
v -34.0 -21.8 -16.0
v -34.7 -21.0 -15.0
v -34.0 -20.0 -23.5
v -34.0 -20.5 -23.0
v -34.1 -21.0 -17.1
v -34.0 -20.0 -16.8
v -34.5 -20.0 -16.0
v -34.5 -19.0 -24.0
v -34.0 -19.4 -24.0
v -34.0 -19.0 -18.0
v -34.3 -19.0 -17.0
v -34.0 -19.7 -17.0
v -34.7 -19.0 -16.0
v -34.5 -18.0 -25.0
v -34.0 -18.0 -25.3
v -34.0 -18.4 -25.0
v -34.0 -18.9 -18.0
v -34.0 -18.2 -17.0
v -34.3 -17.0 -26.0
v -34.0 -17.0 -26.2
v -34.4 -17.0 -17.0
v -34.0 -18.0 -16.9
v -34.0 -17.0 -17.4
v -34.0 -16.0 -26.6
v -34.5 -16.0 -17.0
v -34.0 -16.0 -17.5
v -34.7 -15.0 -27.0
v -34.0 -15.0 -26.6
v -34.7 -15.0 -17.0
v -34.0 -15.0 -17.4
v -34.7 -14.0 -27.0
v -34.0 -14.0 -26.7
v -34.7 -14.0 -17.0
v -34.0 -14.0 -17.4
v -34.0 -13.2 -27.0
v -34.1 -13.0 -27.0
v -34.5 -13.0 -26.0
v -34.6 -13.0 -25.0
v -34.0 -13.0 -17.5
v -34.0 -12.2 -27.0
v -34.0 -12.4 -26.0
v -34.0 -12.3 -25.0
v -34.4 -12.0 -24.0
v -34.0 -12.0 -24.6
v -34.6 -12.0 -23.0
v -34.6 -12.0 -22.0
v -34.0 -12.0 -17.7
v -34.0 -11.5 -24.0
v -34.0 -11.1 -23.0
v -34.0 -11.4 -22.0
v -34.0 -11.3 -21.0
v -34.2 -10.9 -20.0
v -34.3 -11.0 -19.0
v -34.0 -11.0 -18.7
v -34.0 -11.7 -18.0
v -34.0 -10.7 -20.0
v -34.0 -10.8 -19.0
v -33.2 -39.0 -6.0
v -33.0 -39.2 -6.0
v -33.0 -39.3 -5.0
v -33.2 -39.0 -5.0
v -33.0 -39.0 -4.7
v -33.0 -38.0 -7.5
v -33.0 -38.5 -7.0
v -33.7 -38.0 -6.0
v -33.5 -38.0 -5.0
v -33.0 -38.0 -4.5
v -33.0 -37.0 -8.5
v -33.0 -37.5 -8.0
v -33.0 -37.0 -4.5
v -33.0 -36.0 -9.6
v -33.0 -36.5 -9.0
v -33.2 -36.0 -5.0
v -33.0 -36.0 -4.9
v -33.2 -35.0 -13.0
v -33.0 -35.0 -13.4
v -32.9 -35.0 -12.0
v -33.0 -35.0 -11.9
v -33.0 -35.5 -11.0
v -33.0 -35.6 -10.0
v -33.3 -35.0 -6.0
v -33.0 -35.0 -5.8
v -33.0 -35.8 -5.0
v -33.7 -34.0 -18.0
v -33.6 -34.0 -17.0
v -33.0 -34.0 -16.1
v -33.0 -34.1 -16.0
v -33.0 -34.5 -15.0
v -33.0 -34.7 -14.0
v -33.0 -34.9 -12.0
v -33.5 -34.0 -7.0
v -33.0 -34.3 -7.0
v -33.0 -34.0 -7.3
v -33.0 -34.8 -6.0
v -33.6 -33.0 -18.0
v -33.5 -33.0 -17.0
v -33.0 -33.6 -16.0
v -33.1 -33.0 -16.0
v -33.0 -33.0 -15.8
v -33.5 -33.0 -8.0
v -33.0 -33.4 -8.0
v -33.6 -32.0 -19.0
v -33.5 -32.0 -18.0
v -33.4 -32.0 -17.0
v -33.0 -32.0 -16.4
v -33.5 -32.0 -9.0
v -33.0 -32.4 -9.0
v -33.0 -32.0 -9.5
v -33.8 -31.0 -20.0
v -33.5 -31.0 -19.0
v -33.5 -31.0 -18.0
v -33.3 -31.0 -17.0
v -33.0 -31.0 -16.7
v -33.4 -31.0 -10.0
v -33.0 -31.1 -10.4
v -33.8 -30.0 -19.0
v -33.6 -30.0 -18.0
v -33.0 -30.0 -17.4
v -33.0 -30.5 -17.0
v -33.2 -30.0 -12.0
v -33.0 -30.2 -12.0
v -33.0 -30.0 -12.2
v -33.5 -30.0 -11.0
v -33.0 -30.6 -11.0
v -33.8 -30.0 -10.0
v -33.0 -29.0 -17.4
v -33.6 -29.0 -12.0
v -33.0 -29.0 -12.6
v -33.0 -28.0 -17.7
v -33.0 -28.6 -13.0
v -33.0 -27.0 -18.3
v -33.0 -27.5 -18.0
v -33.0 -27.9 -13.7
v -33.0 -27.0 -14.6
v -33.0 -26.0 -18.6
v -33.5 -26.0 -15.0
v -33.0 -26.5 -15.0
v -33.0 -26.0 -15.3
v -33.0 -25.3 -19.0
v -33.0 -25.0 -19.3
v -33.0 -25.0 -15.7
v -33.0 -24.0 -19.5
v -33.5 -24.0 -16.0
v -33.0 -24.0 -16.3
v -33.0 -23.0 -19.8
v -33.0 -23.0 -16.7
v -33.0 -22.1 -22.0
v -33.0 -22.0 -22.1
v -33.0 -22.6 -21.0
v -33.0 -22.8 -20.0
v -33.4 -22.0 -17.0
v -33.0 -22.5 -17.0
v -33.0 -22.0 -17.4
v -33.9 -22.0 -16.0
v -33.0 -21.0 -22.7
v -33.3 -21.0 -18.0
v -33.0 -21.3 -18.0
v -33.0 -21.0 -18.3
v -33.0 -20.0 -23.7
v -33.0 -20.7 -23.0
v -33.5 -20.0 -18.0
v -33.0 -20.0 -18.5
v -33.9 -20.0 -17.0
v -33.0 -19.1 -24.6
v -33.0 -19.0 -18.7
v -33.0 -18.0 -25.5
v -33.0 -18.6 -25.0
v -33.0 -18.4 -19.0
v -33.0 -18.0 -19.3
v -33.3 -18.0 -19.0
v -33.9 -18.0 -17.0
v -33.4 -17.0 -26.0
v -33.0 -17.0 -25.9
v -33.3 -17.0 -19.0
v -33.0 -17.0 -19.3
v -33.6 -17.0 -18.0
v -33.0 -16.0 -26.4
v -33.0 -16.8 -26.0
v -33.0 -16.5 -19.0
v -33.0 -16.0 -18.5
v -33.4 -16.0 -18.0
v -33.0 -15.0 -26.5
v -33.0 -15.4 -18.0
v -33.0 -15.0 -17.8
v -33.0 -14.0 -26.5
v -33.0 -14.0 -17.7
v -34.0 -13.0 -27.1
v -33.0 -13.0 -26.8
v -33.4 -13.0 -18.0
v -33.0 -13.5 -18.0
v -33.0 -13.0 -18.3
v -33.0 -12.0 -27.4
v -34.0 -12.0 -27.0
v -33.0 -12.7 -27.0
v -33.7 -12.0 -26.0
v -33.7 -12.0 -25.0
v -33.7 -12.0 -18.0
v -33.0 -12.0 -18.5
v -33.0 -11.1 -27.0
v -33.5 -11.0 -26.0
v -33.0 -11.0 -27.0
v -33.6 -11.0 -25.0
v -33.6 -11.0 -24.0
v -33.5 -11.0 -23.0
v -33.5 -11.0 -22.0
v -33.6 -11.0 -21.0
v -33.0 -11.0 -18.7
v -33.6 -10.0 -26.0
v -33.0 -10.0 -26.9
v -33.9 -10.0 -25.0
v -33.3 -10.0 -24.0
v -33.0 -10.0 -23.7
v -33.0 -10.9 -23.0
v -33.0 -10.7 -22.0
v -33.0 -10.6 -21.0
v -33.0 -10.5 -20.0
v -33.0 -10.7 -19.0
v -33.2 -9.0 -26.0
v -33.0 -9.0 -26.1
v -33.0 -9.0 -25.9
v -33.0 -9.4 -25.0
v -33.0 -9.8 -24.0
v -32.0 -40.1 -5.0
v -32.0 -40.0 -5.2
v -32.0 -40.0 -4.8
v -32.0 -39.0 -6.5
v -32.0 -39.5 -6.0
v -32.0 -39.5 -4.0
v -32.4 -39.0 -4.0
v -32.0 -39.0 -3.6
v -32.0 -38.0 -7.5
v -32.0 -38.5 -7.0
v -32.4 -38.0 -4.0
v -32.0 -38.0 -3.6
v -32.0 -37.0 -8.5
v -32.0 -37.5 -8.0
v -32.0 -37.0 -4.0
v -32.0 -37.0 -4.0
v -32.1 -36.0 -13.0
v -32.0 -36.1 -13.0
v -32.0 -36.0 -12.6
v -32.3 -36.0 -11.0
v -32.0 -36.2 -11.0
v -32.0 -36.0 -10.2
v -32.0 -36.0 -9.9
v -32.0 -36.6 -9.0
v -32.7 -36.0 -5.0
v -32.0 -36.4 -5.0
v -32.0 -36.0 -5.5
v -32.5 -35.0 -14.0
v -32.0 -35.0 -14.5
v -32.0 -35.4 -14.0
v -32.0 -35.8 -12.0
v -32.0 -35.9 -10.0
v -32.7 -35.0 -6.0
v -32.0 -35.5 -6.0
v -32.0 -35.0 -6.4
v -32.9 -34.0 -16.0
v -32.0 -34.0 -15.2
v -32.0 -34.3 -15.0
v -32.0 -34.5 -7.0
v -32.0 -34.0 -7.5
v -32.2 -33.0 -15.0
v -32.0 -33.4 -15.0
v -32.0 -33.0 -14.9
v -32.0 -33.5 -8.0
v -32.0 -33.0 -8.7
v -32.6 -32.0 -16.0
v -32.0 -32.0 -15.4
v -32.0 -32.8 -15.0
v -32.4 -32.0 -10.0
v -32.0 -32.4 -10.0
v -32.0 -32.0 -10.4
v -32.0 -32.8 -9.0
v -32.3 -31.0 -16.0
v -32.0 -31.0 -15.7
v -32.5 -31.0 -11.0
v -32.0 -31.4 -11.0
v -32.0 -31.0 -11.5
v -32.6 -30.0 -17.0
v -32.0 -30.0 -16.4
v -32.0 -30.6 -16.0
v -32.0 -30.6 -12.0
v -32.0 -30.0 -12.5
v -32.3 -29.0 -17.0
v -32.0 -29.0 -16.8
v -32.5 -29.0 -13.0
v -32.0 -29.4 -13.0
v -32.0 -29.0 -13.4
v -32.0 -28.0 -17.9
v -32.0 -28.7 -17.0
v -32.5 -28.0 -14.0
v -32.0 -28.0 -14.4
v -32.0 -27.0 -18.0
v -32.0 -27.2 -18.0
v -32.4 -27.0 -15.0
v -32.0 -27.3 -15.0
v -32.0 -27.0 -15.3
v -32.0 -26.0 -18.6
v -32.0 -26.0 -15.6
v -32.0 -25.0 -19.3
v -32.0 -25.5 -19.0
v -32.5 -25.0 -16.0
v -32.0 -25.4 -16.0
v -32.0 -25.0 -16.3
v -32.0 -24.0 -19.6
v -32.0 -24.0 -16.6
v -32.3 -23.0 -21.0
v -32.0 -23.0 -21.2
v -32.0 -23.2 -21.0
v -32.0 -23.5 -20.0
v -32.5 -23.0 -17.0
v -32.0 -23.4 -17.0
v -32.0 -23.0 -17.3
v -32.5 -22.0 -22.0
v -32.0 -22.0 -21.9
v -32.3 -21.0 -23.0
v -32.0 -21.0 -23.2
v -32.0 -21.2 -23.0
v -32.0 -21.9 -22.0
v -32.0 -22.0 -17.7
v -32.0 -21.0 -18.5
v -32.0 -20.0 -25.0
v -32.0 -20.0 -25.0
v -32.0 -20.4 -24.0
v -32.6 -20.0 -24.0
v -32.3 -20.0 -19.0
v -32.0 -20.3 -19.0
v -32.0 -20.0 -19.3
v -32.6 -19.0 -25.0
v -32.0 -19.0 -25.4
v -32.6 -19.0 -19.0
v -32.0 -19.0 -19.4
v -32.0 -18.0 -26.0
v -32.0 -18.0 -19.7
v -32.6 -17.0 -26.0
v -32.0 -17.0 -26.2
v -32.4 -17.0 -20.0
v -32.0 -17.5 -20.0
v -32.0 -17.0 -20.4
v -32.0 -16.0 -26.3
v -32.4 -16.0 -20.0
v -32.0 -16.0 -20.6
v -32.7 -16.0 -19.0
v -32.0 -15.0 -26.4
v -32.3 -15.0 -21.0
v -32.0 -15.5 -21.0
v -32.0 -15.0 -21.4
v -32.5 -15.0 -20.0
v -32.4 -15.0 -19.0
v -32.7 -15.0 -18.0
v -32.0 -14.0 -26.5
v -32.3 -14.0 -21.0
v -32.0 -14.0 -21.4
v -32.4 -14.0 -20.0
v -32.0 -14.0 -19.1
v -32.0 -14.1 -19.0
v -32.0 -14.0 -18.9
v -32.7 -14.0 -18.0
v -32.5 -13.0 -27.0
v -32.0 -13.0 -27.1
v -32.0 -13.2 -27.0
v -32.0 -13.6 -21.0
v -32.0 -13.0 -20.2
v -32.1 -13.0 -20.0
v -32.0 -13.0 -19.4
v -32.0 -13.0 -18.9
v -32.0 -12.0 -27.5
v -32.0 -12.8 -20.0
v -32.0 -12.0 -19.3
v -32.3 -12.0 -19.0
v -32.0 -12.7 -19.0
v -32.0 -11.0 -28.0
v -32.9 -11.0 -27.0
v -32.0 -11.2 -19.0
v -32.0 -11.0 -18.9
v -32.0 -10.3 -27.0
v -32.0 -10.0 -26.8
v -32.0 -10.3 -23.0
v -32.0 -10.0 -23.4
v -32.0 -10.4 -22.0
v -32.0 -10.4 -21.0
v -32.0 -10.4 -20.0
v -32.0 -10.9 -19.0
v -32.0 -9.3 -26.0
v -33.0 -8.9 -26.0
v -32.3 -9.0 -25.0
v -32.0 -9.0 -25.4
v -32.0 -9.0 -24.8
v -32.0 -9.5 -24.0
v -32.0 -8.8 -25.0
v -31.0 -40.0 -5.5
v -31.0 -40.4 -5.0
v -31.0 -40.5 -4.0
v -31.6 -40.0 -4.0
v -31.0 -40.3 -3.0
v -31.3 -40.0 -3.0
v -31.0 -40.0 -2.7
v -31.0 -39.0 -6.6
v -31.0 -39.5 -6.0
v -31.4 -39.0 -3.0
v -31.0 -39.0 -2.3
v -31.0 -38.0 -7.7
v -31.0 -38.6 -3.0
v -31.0 -38.0 -3.5
v -31.2 -37.0 -12.0
v -31.0 -37.2 -12.0
v -31.0 -37.4 -11.0
v -31.4 -37.0 -11.0
v -31.0 -37.3 -10.0
v -31.3 -37.0 -10.0
v -31.0 -37.0 -8.9
v -31.0 -37.7 -8.0
v -31.3 -37.0 -5.0
v -31.0 -37.2 -5.0
v -31.0 -37.0 -5.3
v -32.0 -37.0 -4.0
v -31.0 -37.5 -4.0
v -31.0 -36.0 -13.6
v -31.0 -36.5 -13.0
v -31.8 -36.0 -12.0
v -31.9 -36.0 -10.0
v -31.0 -36.9 -9.0
v -31.4 -36.0 -6.0
v -31.0 -36.4 -6.0
v -31.0 -36.0 -6.4
v -31.0 -35.0 -14.9
v -31.0 -35.7 -14.0
v -31.0 -35.0 -6.8
v -31.7 -34.0 -15.0
v -31.0 -34.0 -14.7
v -31.1 -34.0 -9.0
v -31.0 -34.1 -9.0
v -31.0 -34.0 -9.2
v -31.0 -34.0 -8.4
v -31.0 -34.7 -7.0
v -31.0 -34.0 -7.9
v -31.0 -33.0 -14.6
v -31.4 -33.0 -10.0
v -31.0 -33.4 -10.0
v -31.0 -33.0 -10.4
v -31.7 -33.0 -9.0
v -31.0 -33.9 -8.0
v -31.2 -32.0 -15.0
v -31.0 -32.0 -14.9
v -31.0 -32.0 -10.8
v -31.0 -31.0 -15.5
v -31.0 -31.9 -15.0
v -31.5 -31.0 -12.0
v -31.0 -31.4 -12.0
v -31.0 -31.0 -12.4
v -31.0 -31.8 -11.0
v -31.0 -30.0 -15.9
v -31.0 -30.0 -12.7
v -31.0 -29.0 -16.7
v -31.0 -29.7 -13.0
v -31.0 -29.0 -13.6
v -31.0 -28.0 -17.6
v -31.0 -28.6 -17.0
v -31.0 -28.0 -14.6
v -31.0 -27.0 -18.4
v -31.0 -27.5 -18.0
v -31.0 -27.6 -15.0
v -31.0 -27.0 -15.5
v -31.0 -26.2 -19.0
v -31.0 -26.0 -19.1
v -31.0 -26.0 -15.6
v -31.0 -25.0 -19.0
v -31.0 -25.5 -16.0
v -31.0 -25.0 -16.4
v -31.0 -24.0 -19.6
v -31.0 -24.0 -16.6
v -31.0 -23.0 -21.3
v -31.0 -23.3 -21.0
v -31.0 -23.6 -20.0
v -31.0 -23.5 -17.0
v -31.0 -23.0 -17.5
v -31.7 -22.0 -22.0
v -31.0 -22.0 -22.3
v -31.0 -22.3 -22.0
v -31.0 -22.4 -18.0
v -31.0 -22.0 -18.3
v -31.4 -21.0 -23.0
v -31.0 -21.0 -22.9
v -31.0 -20.0 -24.4
v -31.0 -20.3 -24.0
v -31.0 -20.9 -23.0
v -31.0 -21.0 -18.7
v -31.0 -20.0 -19.5
v -31.0 -19.0 -25.1
v -31.0 -19.2 -25.0
v -31.0 -19.0 -19.8
v -32.0 -18.0 -26.0
v -31.0 -18.7 -25.0
v -31.3 -18.0 -25.0
v -31.0 -18.0 -24.7
v -31.3 -18.0 -21.0
v -31.0 -18.3 -21.0
v -31.0 -18.0 -21.3
v -31.7 -18.0 -20.0
v -31.0 -18.7 -20.0
v -31.8 -17.0 -26.0
v -31.4 -17.0 -25.0
v -31.0 -17.0 -24.6
v -31.2 -17.0 -22.0
v -31.0 -17.3 -22.0
v -31.0 -17.0 -22.3
v -31.6 -17.0 -21.0
v -31.7 -16.0 -26.0
v -31.4 -16.0 -25.0
v -31.0 -16.0 -24.6
v -31.4 -16.0 -22.0
v -31.0 -16.0 -22.6
v -31.7 -16.0 -21.0
v -31.6 -15.0 -26.0
v -31.2 -15.0 -25.0
v -31.0 -15.0 -24.6
v -31.3 -15.0 -23.0
v -31.0 -15.5 -23.0
v -31.0 -15.0 -23.5
v -31.6 -15.0 -22.0
v -31.4 -14.0 -26.0
v -31.0 -14.0 -25.6
v -31.0 -14.7 -25.0
v -31.4 -14.0 -23.0
v -31.0 -14.0 -23.5
v -31.6 -14.0 -22.0
v -31.9 -14.0 -19.0
v -31.8 -13.0 -27.0
v -31.0 -13.0 -26.5
v -31.0 -13.6 -26.0
v -31.2 -13.0 -23.0
v -31.0 -13.0 -23.3
v -31.4 -13.0 -22.0
v -31.7 -13.0 -21.0
v -31.9 -13.0 -19.0
v -31.0 -12.0 -27.2
v -31.0 -12.3 -27.0
v -31.0 -12.7 -23.0
v -31.0 -12.4 -22.0
v -31.0 -12.0 -21.2
v -31.1 -12.0 -21.0
v -31.0 -12.1 -20.0
v -31.0 -12.0 -20.3
v -31.0 -12.0 -19.9
v -32.0 -11.0 -28.0
v -31.0 -11.0 -27.1
v -31.0 -11.9 -21.0
v -31.9 -11.0 -19.0
v -31.0 -11.0 -19.6
v -31.0 -10.2 -28.0
v -31.2 -10.0 -28.0
v -31.0 -10.0 -28.4
v -31.7 -10.0 -27.0
v -31.6 -10.0 -23.0
v -31.5 -10.0 -22.0
v -31.5 -10.0 -21.0
v -31.3 -10.0 -20.0
v -31.0 -10.0 -19.8
v -31.0 -9.8 -28.0
v -31.0 -9.5 -27.0
v -31.6 -9.0 -26.0
v -31.0 -9.0 -26.5
v -31.0 -9.3 -24.0
v -31.0 -9.0 -24.5
v -31.0 -9.4 -23.0
v -31.0 -9.5 -22.0
v -31.0 -9.5 -21.0
v -31.0 -9.8 -20.0
v -31.0 -8.6 -26.0
v -31.0 -8.6 -25.0
v -30.3 -41.0 -4.0
v -30.0 -41.0 -4.4
v -30.0 -41.2 -4.0
v -30.0 -41.0 -3.6
v -30.0 -40.0 -5.7
v -30.0 -40.6 -5.0
v -30.0 -40.7 -3.0
v -30.0 -40.2 -2.0
v -30.2 -40.0 -2.0
v -30.0 -40.0 -1.9
v -30.2 -39.0 -8.0
v -30.0 -39.2 -8.0
v -30.0 -39.5 -7.0
v -30.6 -39.0 -7.0
v -30.0 -39.8 -6.0
v -30.0 -39.8 -2.0
v -30.0 -39.0 -2.4
v -30.3 -38.0 -10.0
v -30.0 -38.0 -10.3
v -30.0 -38.2 -10.0
v -30.0 -38.5 -9.0
v -30.4 -38.0 -9.0
v -30.7 -38.0 -8.0
v -30.0 -38.5 -3.0
v -30.0 -38.0 -3.6
v -30.0 -37.0 -12.6
v -30.0 -37.4 -12.0
v -30.0 -37.6 -11.0
v -30.9 -37.0 -9.0
v -30.0 -37.4 -5.0
v -30.0 -37.0 -5.6
v -30.0 -37.7 -4.0
v -30.5 -36.0 -14.0
v -30.0 -36.0 -14.3
v -30.0 -36.3 -14.0
v -30.0 -36.7 -13.0
v -30.3 -36.0 -7.0
v -30.0 -36.3 -7.0
v -30.0 -36.0 -7.3
v -30.0 -36.7 -6.0
v -30.0 -35.0 -14.6
v -30.3 -35.0 -8.0
v -30.0 -35.3 -8.0
v -30.0 -35.0 -8.3
v -30.8 -35.0 -7.0
v -30.0 -34.0 -14.6
v -30.2 -34.0 -10.0
v -30.0 -34.1 -10.0
v -30.0 -34.0 -10.2
v -30.0 -34.5 -9.0
v -30.9 -34.0 -8.0
v -30.4 -33.0 -15.0
v -30.0 -33.0 -15.3
v -30.0 -33.4 -15.0
v -30.3 -33.0 -11.0
v -30.0 -33.3 -11.0
v -30.8 -32.0 -15.0
v -30.0 -32.0 -15.5
v -30.3 -32.0 -12.0
v -30.0 -32.3 -12.0
v -30.0 -32.0 -12.3
v -30.8 -32.0 -11.0
v -30.3 -31.0 -16.0
v -30.0 -31.0 -16.2
v -30.3 -31.0 -13.0
v -30.0 -31.3 -13.0
v -30.0 -31.0 -13.2
v -30.8 -30.0 -16.0
v -30.0 -30.0 -16.5
v -30.7 -30.0 -13.0
v -30.0 -30.0 -13.5
v -30.5 -29.0 -17.0
v -30.0 -29.0 -17.3
v -30.0 -29.4 -17.0
v -30.5 -29.0 -14.0
v -30.0 -29.4 -14.0
v -30.0 -29.0 -14.4
v -30.0 -28.0 -17.7
v -30.3 -28.0 -15.0
v -30.0 -28.2 -15.0
v -30.0 -28.0 -15.2
v -30.0 -27.0 -18.6
v -30.0 -27.7 -18.0
v -30.0 -27.0 -15.9
v -30.0 -26.0 -19.5
v -30.0 -26.6 -19.0
v -30.0 -26.0 -15.8
v -30.0 -25.0 -19.5
v -30.0 -25.8 -16.0
v -30.0 -25.0 -16.4
v -30.0 -24.0 -19.7
v -30.0 -24.0 -16.7
v -30.5 -23.0 -21.0
v -30.0 -23.0 -20.7
v -30.0 -23.7 -20.0
v -30.0 -23.7 -17.0
v -30.0 -22.0 -22.3
v -30.0 -22.3 -22.0
v -30.0 -22.7 -21.0
v -30.0 -23.0 -17.6
v -30.0 -22.0 -18.6
v -30.5 -21.0 -23.0
v -30.0 -21.0 -23.1
v -30.0 -21.1 -23.0
v -30.6 -21.0 -19.0
v -30.0 -21.5 -19.0
v -30.0 -21.0 -19.5
v -30.6 -20.0 -24.0
v -30.0 -20.0 -23.4
v -30.4 -20.0 -20.0
v -30.0 -20.5 -20.0
v -30.0 -20.0 -20.5
v -30.9 -19.0 -25.0
v -30.3 -19.0 -24.0
v -30.0 -19.0 -23.6
v -30.4 -19.0 -21.0
v -30.0 -19.5 -21.0
v -30.0 -19.0 -21.4
v -30.8 -19.0 -20.0
v -30.0 -18.4 -24.0
v -30.0 -18.0 -24.2
v -30.0 -18.0 -21.8
v -30.0 -17.0 -24.2
v -30.3 -17.0 -23.0
v -30.0 -17.4 -23.0
v -30.0 -17.0 -23.6
v -30.0 -17.8 -22.0
v -30.6 -16.0 -23.0
v -30.6 -15.0 -24.0
v -30.0 -14.0 -25.0
v -30.5 -14.0 -24.0
v -30.4 -13.0 -26.0
v -30.0 -13.0 -25.5
v -30.0 -14.0 -25.0
v -29.6 -13.0 -25.0
v -30.4 -13.0 -24.0
v -30.7 -12.0 -27.0
v -30.0 -12.0 -26.6
v -30.0 -12.6 -26.0
v -30.0 -12.6 -24.0
v -30.3 -12.0 -23.0
v -30.0 -12.0 -23.4
v -30.6 -12.0 -22.0
v -30.9 -12.0 -20.0
v -30.0 -11.0 -27.3
v -30.0 -11.4 -27.0
v -30.0 -11.7 -23.0
v -30.0 -11.6 -22.0
v -30.0 -11.4 -21.0
v -30.4 -11.0 -20.0
v -30.0 -11.0 -20.4
v -30.0 -10.0 -28.1
v -30.0 -10.2 -28.0
v -30.0 -10.5 -20.0
v -30.0 -10.0 -19.7
v -30.0 -9.8 -28.0
v -30.5 -9.0 -27.0
v -30.0 -9.0 -27.5
v -30.1 -9.0 -24.0
v -30.7 -9.0 -23.0
v -30.6 -9.0 -22.0
v -30.4 -9.0 -21.0
v -30.0 -9.0 -20.5
v -30.0 -9.5 -20.0
v -30.0 -8.6 -27.0
v -30.3 -8.0 -26.0
v -30.0 -8.0 -26.3
v -30.3 -8.0 -25.0
v -30.3 -8.0 -24.0
v -30.8 -8.0 -23.0
v -30.3 -8.0 -22.0
v -30.0 -8.0 -21.7
v -30.0 -8.6 -21.0
v -30.0 -7.8 -26.0
v -30.0 -7.7 -25.0
v -30.0 -7.7 -24.0
v -30.0 -7.6 -23.0
v -30.0 -7.8 -22.0
v -29.3 -42.0 -4.0
v -29.0 -42.0 -4.5
v -29.0 -42.4 -4.0
v -29.0 -42.4 -3.0
v -29.3 -42.0 -3.0
v -29.0 -42.0 -2.5
v -29.2 -41.0 -6.0
v -29.0 -41.0 -6.3
v -29.0 -41.2 -6.0
v -29.0 -41.6 -5.0
v -29.6 -41.0 -5.0
v -29.7 -41.0 -3.0
v -29.0 -41.6 -2.0
v -29.5 -41.0 -2.0
v -29.0 -41.0 -1.0
v -29.0 -41.0 -1.0
v -29.4 -40.0 -7.0
v -29.0 -40.0 -7.4
v -29.0 -40.3 -7.0
v -29.8 -40.0 -6.0
v -29.0 -41.0 -1.0
v -29.0 -40.0 -1.5
v -29.0 -39.0 -8.5
v -29.0 -39.5 -8.0
v -29.0 -39.5 -2.0
v -29.0 -39.0 -2.5
v -29.0 -38.0 -10.6
v -29.0 -38.4 -10.0
v -29.0 -38.6 -9.0
v -29.6 -38.0 -4.0
v -29.0 -38.4 -4.0
v -29.0 -38.0 -4.5
v -29.0 -38.6 -3.0
v -29.0 -37.0 -14.0
v -29.0 -37.4 -13.0
v -29.6 -37.0 -13.0
v -29.0 -37.5 -12.0
v -29.0 -37.7 -11.0
v -29.5 -37.0 -6.0
v -29.0 -37.3 -6.0
v -29.0 -37.7 -5.0
v -29.0 -36.0 -14.4
v -29.0 -36.5 -7.0
v -29.0 -36.0 -7.5
v -29.0 -35.0 -14.5
v -29.0 -35.5 -8.0
v -29.0 -35.0 -8.5
v -29.0 -34.0 -14.6
v -29.7 -34.0 -10.0
v -29.0 -34.0 -9.6
v -29.0 -34.5 -9.0
v -29.0 -33.0 -15.4
v -29.0 -33.5 -15.0
v -29.0 -33.4 -11.0
v -29.0 -33.0 -11.6
v -29.0 -33.7 -10.0
v -29.0 -32.0 -15.6
v -29.0 -32.6 -12.0
v -29.0 -32.0 -12.5
v -29.0 -31.0 -16.4
v -29.0 -31.5 -16.0
v -29.0 -31.5 -13.0
v -29.0 -31.0 -13.4
v -29.0 -30.0 -16.6
v -29.0 -30.0 -13.6
v -29.0 -29.0 -17.5
v -29.0 -29.5 -17.0
v -29.0 -29.5 -14.0
v -29.0 -29.0 -14.4
v -29.4 -28.0 -18.0
v -29.0 -28.0 -18.2
v -29.0 -28.2 -18.0
v -29.0 -28.0 -14.9
v -29.3 -27.0 -19.0
v -29.0 -27.0 -19.2
v -29.0 -27.2 -19.0
v -29.0 -27.8 -15.0
v -29.0 -27.0 -15.8
v -29.3 -26.0 -20.0
v -29.0 -26.0 -20.2
v -29.0 -26.2 -20.0
v -29.7 -26.0 -16.0
v -29.0 -26.7 -16.0
v -29.0 -26.0 -16.5
v -29.3 -25.0 -20.0
v -29.0 -25.0 -20.2
v -29.0 -25.0 -16.7
v -29.4 -24.0 -20.0
v -29.0 -24.0 -20.2
v -29.6 -24.0 -17.0
v -29.0 -24.6 -17.0
v -29.0 -23.0 -20.4
v -29.6 -23.0 -18.0
v -29.0 -23.9 -17.7
v -29.6 -22.0 -22.0
v -29.0 -22.0 -21.4
v -29.0 -22.3 -21.0
v -29.5 -22.0 -19.0
v -29.0 -22.7 -18.9
v -29.0 -22.0 -19.6
v -29.9 -21.0 -23.0
v -29.0 -21.0 -22.1
v -29.0 -21.2 -22.0
v -29.5 -21.0 -20.0
v -29.0 -21.6 -20.0
v -29.0 -21.0 -20.6
v -29.6 -20.0 -23.0
v -29.0 -20.8 -22.0
v -29.4 -20.0 -22.0
v -29.6 -20.0 -21.0
v -29.0 -20.7 -21.0
v -29.6 -19.0 -23.0
v -29.6 -19.0 -22.0
v -29.8 -18.0 -24.0
v -29.6 -18.0 -23.0
v -29.8 -18.0 -22.0
v -29.8 -17.0 -24.0
v -30.0 -16.0 -24.0
v -29.0 -12.0 -26.2
v -29.0 -12.2 -26.0
v -29.0 -12.4 -25.0
v -29.4 -12.0 -24.0
v -29.0 -12.0 -24.5
v -29.6 -11.0 -27.0
v -29.0 -11.0 -26.7
v -29.0 -11.7 -24.0
v -29.0 -11.5 -23.0
v -29.0 -11.5 -22.0
v -29.0 -11.4 -21.0
v -29.0 -11.0 -20.4
v -29.8 -10.0 -28.0
v -29.0 -10.0 -27.6
v -29.0 -10.7 -27.0
v -29.0 -10.7 -20.0
v -29.0 -9.2 -28.0
v -29.2 -9.0 -28.0
v -29.0 -9.0 -28.1
v -29.4 -9.0 -20.0
v -29.0 -9.0 -19.7
v -29.0 -10.0 -19.0
v -29.0 -8.8 -28.0
v -29.0 -8.2 -27.0
v -29.0 -8.0 -26.7
v -29.0 -8.4 -21.0
v -29.0 -8.0 -21.5
v -29.0 -8.7 -20.0
v -29.0 -7.5 -26.0
v -29.0 -7.5 -25.0
v -29.0 -7.5 -24.0
v -29.0 -7.5 -23.0
v -29.0 -7.6 -22.0
v -28.2 -44.0 -2.0
v -28.0 -44.0 -2.2
v -28.0 -44.1 -2.0
v -28.3 -43.0 -4.0
v -28.0 -43.0 -4.3
v -28.0 -43.3 -4.0
v -28.0 -43.6 -3.0
v -28.6 -43.0 -3.0
v -28.8 -43.0 -2.0
v -28.0 -43.2 -1.0
v -28.2 -43.0 -1.0
v -28.0 -43.0 -0.8
v -28.5 -42.0 -5.0
v -28.0 -42.0 -5.4
v -28.0 -42.4 -5.0
v -28.1 -42.0 -2.0
v -28.0 -42.0 -1.8
v -28.0 -42.6 -1.0
v -28.0 -41.0 -6.5
v -28.0 -41.5 -6.0
v -28.0 -41.6 -1.0
v -28.0 -41.0 -0.6
v -28.0 -40.0 -7.6
v -28.0 -40.5 -7.0
v -28.4 -40.0 -1.0
v -28.0 -40.0 -0.8
v -28.0 -39.0 -8.7
v -28.0 -39.6 -8.0
v -28.1 -39.0 -4.0
v -28.0 -39.1 -4.0
v -28.0 -39.0 -3.5
v -28.0 -39.4 -2.0
v -28.0 -39.0 -2.8
v -28.0 -39.8 -1.0
v -28.1 -38.0 -13.0
v -28.0 -38.0 -13.1
v -28.0 -38.1 -13.0
v -28.0 -38.0 -12.6
v -28.6 -38.0 -11.0
v -28.0 -38.0 -11.8
v -28.0 -38.4 -11.0
v -28.0 -38.6 -10.0
v -28.0 -38.8 -9.0
v -28.5 -38.0 -5.0
v -28.0 -38.4 -5.0
v -28.0 -38.0 -5.4
v -28.0 -38.9 -3.0
v -29.0 -37.0 -14.0
v -28.0 -37.0 -13.6
v -28.0 -37.9 -12.0
v -28.0 -37.5 -6.0
v -28.0 -37.0 -6.5
v -28.4 -36.0 -14.0
v -28.0 -36.0 -13.8
v -28.0 -36.5 -7.0
v -28.0 -36.0 -7.5
v -28.0 -35.0 -14.4
v -28.0 -35.7 -14.0
v -28.0 -35.5 -8.0
v -28.0 -35.0 -8.5
v -28.0 -34.0 -14.6
v -28.0 -34.5 -9.0
v -28.0 -34.0 -9.6
v -28.0 -33.0 -15.3
v -28.0 -33.4 -15.0
v -28.4 -33.0 -12.0
v -28.0 -33.3 -12.0
v -28.0 -33.0 -12.3
v -28.0 -33.6 -11.0
v -28.0 -33.7 -10.0
v -28.0 -32.0 -15.6
v -28.0 -32.0 -12.7
v -28.0 -31.0 -16.2
v -28.0 -31.3 -16.0
v -28.0 -31.6 -13.0
v -28.0 -31.0 -13.4
v -28.0 -30.0 -16.4
v -28.0 -30.0 -13.8
v -28.0 -29.0 -17.2
v -28.0 -29.7 -14.0
v -28.0 -29.0 -14.7
v -28.7 -28.0 -18.0
v -28.0 -28.0 -17.4
v -28.8 -28.0 -15.0
v -28.0 -28.6 -15.0
v -28.0 -28.0 -15.6
v -28.7 -27.0 -19.0
v -28.0 -27.0 -18.0
v -28.0 -27.6 -17.0
v -28.3 -27.0 -17.0
v -28.8 -27.0 -16.0
v -28.0 -27.7 -16.0
v -28.1 -26.0 -20.0
v -28.0 -26.0 -19.8
v -28.0 -26.2 -19.0
v -28.0 -26.0 -18.8
v -28.3 -26.0 -18.0
v -28.6 -26.0 -17.0
v -28.7 -25.0 -20.0
v -28.0 -25.8 -19.0
v -28.4 -25.0 -19.0
v -28.5 -25.0 -18.0
v -28.8 -25.0 -17.0
v -28.8 -24.0 -20.0
v -28.5 -24.0 -19.0
v -28.7 -24.0 -18.0
v -28.7 -23.0 -20.0
v -28.7 -23.0 -19.0
v -28.8 -22.0 -21.0
v -28.7 -22.0 -20.0
v -28.9 -21.0 -22.0
v -28.8 -21.0 -21.0
v -28.6 -12.0 -26.0
v -28.6 -12.0 -25.0
v -28.0 -11.0 -26.5
v -28.0 -11.6 -26.0
v -28.0 -11.6 -25.0
v -28.0 -11.5 -24.0
v -28.0 -11.5 -23.0
v -28.0 -11.5 -22.0
v -28.0 -11.5 -21.0
v -28.0 -11.3 -20.0
v -28.5 -11.0 -20.0
v -28.0 -11.0 -19.6
v -28.0 -10.0 -27.5
v -28.0 -10.5 -27.0
v -28.0 -10.3 -19.0
v -28.0 -10.0 -18.8
v -28.0 -9.0 -28.3
v -28.0 -9.4 -28.0
v -28.0 -9.7 -19.0
v -28.0 -9.0 -19.5
v -28.4 -8.0 -28.0
v -28.0 -8.0 -28.4
v -28.8 -8.0 -27.0
v -28.0 -8.4 -21.0
v -28.0 -8.0 -21.5
v -28.0 -8.6 -20.0
v -28.2 -7.0 -28.0
v -28.0 -7.0 -28.3
v -28.4 -7.0 -27.0
v -28.4 -7.0 -26.0
v -28.0 -7.0 -25.5
v -28.0 -7.3 -25.0
v -28.0 -7.5 -24.0
v -28.0 -7.5 -23.0
v -28.0 -7.6 -22.0
v -28.0 -6.7 -28.0
v -28.0 -6.6 -27.0
v -28.0 -6.7 -26.0
v -27.4 -44.0 -3.0
v -27.0 -44.0 -3.4
v -27.0 -44.3 -3.0
v -27.0 -44.5 -2.0
v -27.0 -44.4 -1.0
v -27.5 -44.0 -1.0
v -27.0 -44.0 -0.5
v -27.0 -43.0 -4.5
v -27.0 -43.5 -4.0
v -27.0 -43.6 0.0
v -27.4 -43.0 0.0
v -27.0 -43.1 1.0
v -27.0 -42.0 -5.5
v -27.0 -42.5 -5.0
v -27.8 -42.0 -1.0
v -27.4 -42.0 0.0
v -27.0 -42.0 0.6
v -27.1 -43.0 1.0
v -27.0 -41.0 -6.7
v -27.0 -41.5 -6.0
v -27.4 -41.0 0.0
v -27.0 -41.0 0.4
v -27.5 -40.0 -8.0
v -27.0 -40.0 -8.5
v -27.0 -40.4 -8.0
v -27.0 -40.8 -7.0
v -27.0 -40.6 0.0
v -27.0 -40.0 -0.6
v -27.2 -39.0 -12.0
v -27.0 -39.0 -12.3
v -27.0 -39.2 -12.0
v -27.0 -39.4 -11.0
v -27.5 -39.0 -11.0
v -27.0 -39.5 -10.0
v -27.5 -39.0 -10.0
v -27.0 -39.6 -9.0
v -27.7 -39.0 -9.0
v -27.0 -39.4 -4.0
v -27.0 -39.0 -4.4
v -27.8 -39.0 -3.0
v -27.0 -39.4 -3.0
v -27.0 -39.6 -2.0
v -27.0 -39.7 -1.0
v -27.0 -38.0 -13.4
v -27.0 -38.4 -13.0
v -27.9 -38.0 -12.0
v -27.0 -38.5 -5.0
v -27.0 -38.0 -5.5
v -27.0 -37.0 -13.5
v -27.0 -37.5 -6.0
v -27.0 -36.0 -13.7
v -27.0 -37.0 -6.6
v -27.0 -36.0 -7.7
v -27.0 -35.0 -14.4
v -27.0 -35.6 -14.0
v -27.0 -35.7 -8.0
v -27.0 -35.0 -8.8
v -27.0 -34.0 -14.4
v -27.2 -34.0 -11.0
v -27.0 -34.2 -11.0
v -27.0 -34.0 -11.2
v -27.2 -34.0 -10.0
v -27.0 -34.5 -10.0
v -27.0 -34.9 -9.0
v -27.6 -33.0 -15.0
v -27.0 -33.0 -14.5
v -27.0 -33.5 -12.0
v -27.0 -33.0 -12.6
v -27.0 -32.0 -15.2
v -27.0 -32.4 -15.0
v -27.6 -32.0 -13.0
v -27.0 -32.5 -13.0
v -27.0 -32.0 -13.5
v -27.7 -31.0 -16.0
v -27.0 -31.0 -15.3
v -27.0 -31.0 -13.8
v -27.6 -30.0 -16.0
v -27.0 -30.7 -15.0
v -27.4 -30.0 -15.0
v -27.7 -30.0 -14.0
v -27.0 -30.7 -14.0
v -27.8 -29.0 -17.0
v -27.5 -29.0 -16.0
v -27.7 -29.0 -15.0
v -27.7 -28.0 -17.0
v -27.7 -28.0 -16.0
v -27.9 -26.0 -19.0
v -27.2 -12.0 -26.0
v -27.0 -12.0 -26.1
v -27.0 -12.1 -26.0
v -27.0 -12.0 -25.7
v -27.0 -11.0 -26.7
v -27.0 -11.7 -25.0
v -27.0 -11.6 -24.0
v -27.0 -11.5 -23.0
v -27.0 -11.5 -22.0
v -27.0 -11.5 -21.0
v -27.0 -11.4 -20.0
v -27.0 -11.0 -19.5
v -27.0 -10.0 -27.5
v -27.0 -10.7 -27.0
v -27.0 -10.2 -19.0
v -27.0 -9.0 -28.4
v -27.0 -9.5 -28.0
v -27.0 -10.0 -18.9
v -27.0 -9.0 -19.7
v -27.0 -8.0 -28.5
v -27.0 -8.4 -21.0
v -27.0 -8.0 -21.6
v -27.0 -8.7 -20.0
v -27.0 -7.0 -28.4
v -27.0 -7.0 -24.6
v -27.0 -7.4 -24.0
v -27.0 -7.5 -23.0
v -27.0 -7.7 -22.0
v -27.0 -6.6 -28.0
v -27.0 -6.5 -27.0
v -27.0 -6.5 -26.0
v -27.0 -6.7 -25.0
v -26.3 -45.0 -1.0
v -26.0 -45.0 -1.3
v -26.0 -45.2 -1.0
v -26.0 -45.2 0.0
v -26.2 -45.0 0.0
v -26.0 -45.0 0.3
v -26.0 -44.0 -3.5
v -26.0 -44.4 -3.0
v -26.0 -44.6 -2.0
v -26.6 -44.0 0.0
v -26.0 -44.0 0.7
v -26.0 -43.0 -4.6
v -26.0 -43.5 -4.0
v -26.0 -43.8 1.0
v -26.0 -43.3 2.0
v -26.3 -43.0 2.0
v -26.0 -43.0 2.2
v -26.1 -42.0 -7.0
v -26.0 -42.0 -7.2
v -26.0 -42.1 -7.0
v -26.0 -42.0 -6.5
v -26.0 -42.0 -5.8
v -26.0 -42.6 -5.0
v -26.7 -42.0 1.0
v -26.2 -42.0 2.0
v -26.0 -42.0 2.2
v -26.4 -41.0 -8.0
v -26.0 -41.0 -8.5
v -26.0 -41.5 -8.0
v -26.7 -41.0 -7.0
v -26.0 -41.9 -6.0
v -26.2 -41.0 1.0
v -26.0 -41.0 1.3
v -26.0 -41.7 2.0
v -26.3 -40.0 -10.0
v -26.0 -40.0 -10.4
v -26.0 -40.3 -10.0
v -26.0 -40.6 -9.0
v -26.3 -40.0 -2.0
v -26.0 -40.2 -2.0
v -26.0 -40.0 -2.3
v -26.5 -40.0 -1.0
v -26.0 -40.3 -1.0
v -26.0 -40.1 0.0
v -26.0 -40.8 1.0
v -26.0 -39.0 -12.5
v -26.0 -39.4 -12.0
v -26.0 -39.6 -11.0
v -26.0 -39.4 -4.0
v -26.0 -39.0 -4.5
v -26.0 -39.6 -3.0
v -26.0 -38.0 -13.4
v -26.0 -38.5 -13.0
v -26.0 -38.5 -5.0
v -26.0 -38.0 -5.6
v -26.0 -37.0 -13.6
v -26.5 -37.0 -7.0
v -26.0 -37.3 -7.0
v -26.0 -37.0 -7.5
v -26.0 -37.7 -6.0
v -26.2 -36.0 -14.0
v -26.0 -36.0 -14.1
v -26.0 -36.1 -14.0
v -26.2 -36.0 -9.0
v -26.0 -36.2 -9.0
v -26.0 -36.0 -9.3
v -26.7 -36.0 -8.0
v -26.0 -36.6 -8.0
v -26.0 -35.0 -14.2
v -26.8 -35.0 -10.0
v -26.0 -35.3 -10.0
v -26.0 -35.0 -10.3
v -26.9 -35.0 -9.0
v -26.0 -34.7 -14.0
v -26.4 -34.0 -14.0
v -26.0 -34.0 -13.5
v -26.0 -34.4 -11.0
v -26.0 -34.0 -11.4
v -26.6 -33.0 -14.0
v -26.0 -33.6 -13.0
v -26.6 -33.0 -13.0
v -26.0 -33.6 -12.0
v -26.8 -32.0 -15.0
v -26.6 -32.0 -14.0
v -26.8 -31.0 -15.0
v -26.8 -31.0 -14.0
v -26.3 -12.0 -27.0
v -26.0 -12.0 -27.2
v -26.0 -12.2 -27.0
v -26.0 -12.5 -26.0
v -26.0 -12.4 -25.0
v -26.6 -12.0 -25.0
v -26.4 -12.0 -24.0
v -26.0 -12.3 -24.0
v -26.6 -11.0 -27.0
v -26.0 -11.0 -27.4
v -26.0 -11.7 -23.0
v -26.0 -11.6 -22.0
v -26.0 -11.6 -21.0
v -26.0 -11.5 -20.0
v -26.0 -11.1 -19.0
v -26.1 -11.0 -19.0
v -26.0 -11.0 -18.9
v -26.0 -10.0 -27.7
v -26.8 -10.0 -19.0
v -26.0 -10.0 -19.4
v -26.0 -10.9 -19.0
v -26.0 -9.0 -28.4
v -26.0 -9.6 -28.0
v -26.5 -9.0 -20.0
v -26.0 -9.4 -20.0
v -26.0 -9.0 -20.4
v -26.0 -8.0 -28.5
v -26.5 -8.0 -22.0
v -26.0 -8.3 -22.0
v -26.0 -8.0 -22.4
v -26.0 -8.6 -21.0
v -26.0 -7.0 -28.4
v -26.0 -7.4 -24.0
v -26.0 -7.0 -24.5
v -26.0 -7.6 -23.0
v -26.0 -6.6 -28.0
v -26.0 -6.5 -27.0
v -26.0 -6.5 -26.0
v -26.0 -6.6 -25.0
v -25.0 -45.0 -1.5
v -25.0 -45.4 -1.0
v -25.0 -45.5 0.0
v -25.0 -45.3 1.0
v -25.3 -45.0 1.0
v -25.0 -45.0 1.4
v -25.0 -44.0 -3.5
v -25.0 -44.6 -2.0
v -25.8 -44.0 1.0
v -25.0 -44.4 2.0
v -25.4 -44.0 2.0
v -25.0 -44.0 2.4
v -25.0 -43.0 -8.0
v -25.0 -43.0 -8.0
v -25.5 -43.0 -5.0
v -25.0 -43.0 -5.4
v -25.0 -43.3 -5.0
v -25.0 -43.6 -4.0
v -25.0 -43.0 2.5
v -25.2 -42.0 -9.0
v -25.0 -42.0 -9.2
v -25.0 -42.3 -9.0
v -25.6 -42.0 -8.0
v -25.0 -42.6 -7.0
v -25.0 -42.5 -6.0
v -25.8 -42.0 -6.0
v -25.0 -42.0 2.5
v -25.6 -41.0 -9.0
v -25.0 -41.0 -9.5
v -25.2 -41.0 2.0
v -25.0 -41.0 2.1
v -25.0 -40.0 -10.5
v -25.0 -40.5 -10.0
v -25.0 -40.2 -2.0
v -25.0 -40.0 -2.3
v -25.0 -40.4 -1.0
v -25.0 -40.5 0.0
v -25.0 -40.9 1.0
v -25.0 -40.9 2.0
v -25.0 -39.0 -12.4
v -25.0 -39.3 -12.0
v -25.0 -39.6 -11.0
v -25.0 -39.3 -4.0
v -25.0 -39.0 -4.3
v -25.0 -39.5 -3.0
v -25.0 -38.0 -13.2
v -25.0 -38.3 -13.0
v -25.3 -38.0 -6.0
v -25.0 -38.1 -6.0
v -25.0 -38.0 -6.2
v -25.0 -38.6 -5.0
v -25.0 -37.0 -13.2
v -25.0 -37.0 -8.1
v -25.0 -37.1 -8.0
v -25.0 -37.5 -7.0
v -25.9 -36.0 -14.0
v -25.0 -36.7 -13.0
v -25.4 -36.0 -13.0
v -25.2 -36.0 -12.0
v -25.0 -36.3 -12.0
v -25.0 -36.0 -11.8
v -25.0 -36.3 -9.0
v -25.0 -36.0 -9.3
v -25.8 -35.0 -14.0
v -25.5 -35.0 -13.0
v -25.3 -35.0 -12.0
v -25.0 -35.0 -11.6
v -25.5 -35.0 -10.0
v -25.0 -35.0 -9.7
v -25.6 -34.0 -13.0
v -25.0 -34.0 -12.2
v -25.0 -34.3 -12.0
v -25.2 -34.0 -11.0
v -25.0 -34.0 -10.8
v -25.0 -34.6 -10.0
v -25.0 -33.5 -12.0
v -25.0 -33.9 -11.0
v -25.2 -13.0 -26.0
v -25.0 -13.0 -26.2
v -25.0 -13.1 -26.0
v -25.0 -13.0 -25.7
v -25.0 -12.0 -27.4
v -25.0 -12.4 -27.0
v -25.0 -12.7 -25.0
v -25.0 -12.6 -24.0
v -25.0 -12.5 -23.0
v -25.6 -12.0 -23.0
v -25.0 -12.5 -22.0
v -25.5 -12.0 -22.0
v -25.0 -12.3 -21.0
v -25.4 -12.0 -21.0
v -25.0 -12.0 -20.6
v -25.0 -11.0 -27.6
v -25.0 -11.6 -20.0
v -25.0 -11.2 -19.0
v -25.5 -10.0 -28.0
v -25.0 -10.0 -28.2
v -25.0 -10.3 -28.0
v -25.0 -11.0 -18.8
v -25.0 -10.0 -19.5
v -25.0 -9.0 -28.4
v -25.0 -9.5 -20.0
v -25.0 -9.0 -20.6
v -25.0 -8.0 -28.4
v -25.0 -8.4 -22.0
v -25.0 -8.0 -22.6
v -25.0 -8.7 -21.0
v -25.0 -7.0 -28.2
v -25.0 -7.4 -24.0
v -25.0 -7.0 -24.6
v -25.0 -7.7 -23.0
v -25.0 -6.8 -28.0
v -25.0 -6.6 -27.0
v -25.0 -6.5 -26.0
v -25.0 -6.7 -25.0
v -24.0 -45.4 -1.0
v -24.0 -45.5 0.0
v -24.0 -45.5 1.0
v -24.0 -45.3 2.0
v -24.4 -45.0 2.0
v -24.0 -45.0 2.5
v -24.0 -44.0 -3.5
v -24.0 -44.4 -3.0
v -24.0 -44.6 -2.0
v -24.0 -44.5 3.0
v -24.4 -44.0 3.0
v -24.0 -44.0 4.0
v -24.0 -43.0 -8.1
v -24.0 -43.1 -8.0
v -24.0 -43.0 -7.8
v -24.0 -43.0 -5.5
v -24.0 -43.4 -5.0
v -24.0 -43.6 -4.0
v -24.0 -43.1 3.0
v -24.0 -43.0 2.9
v -24.0 -44.0 4.0
v -24.0 -42.0 -9.3
v -24.0 -42.3 -9.0
v -24.0 -42.7 -7.0
v -24.0 -42.6 -6.0
v -24.0 -42.8 3.0
v -24.0 -42.0 3.3
v -24.0 -41.0 -9.6
v -24.3 -42.0 3.0
v -24.0 -41.0 2.5
v -24.0 -40.0 -10.3
v -24.0 -40.3 -10.0
v -24.8 -40.0 -2.0
v -24.4 -40.0 -1.0
v -23.9 -40.0 -0.4
v -24.0 -40.3 0.0
v -24.0 -40.6 1.0
v -24.0 -40.6 2.0
v -24.1 -39.0 -12.0
v -24.0 -39.0 -11.9
v -24.0 -39.3 -11.0
v -24.7 -39.0 -4.0
v -24.5 -39.0 -3.0
v -24.2 -39.0 -2.0
v -24.0 -39.0 -1.7
v -24.0 -39.6 -1.0
v -24.8 -38.0 -13.0
v -24.4 -38.0 -12.0
v -24.0 -38.5 -11.0
v -24.3 -38.0 -11.0
v -24.0 -38.0 -10.7
v -24.0 -38.0 -5.4
v -24.0 -38.3 -5.0
v -24.0 -38.5 -4.0
v -24.0 -38.5 -3.0
v -24.0 -38.8 -2.0
v -24.8 -37.0 -13.0
v -24.6 -37.0 -12.0
v -24.3 -37.0 -11.0
v -24.0 -37.0 -10.6
v -24.4 -37.0 -7.0
v -24.0 -37.0 -6.5
v -24.0 -37.4 -6.0
v -24.0 -36.2 -11.0
v -24.0 -36.0 -11.1
v -24.6 -36.0 -9.0
v -24.0 -36.0 -8.4
v -24.0 -36.3 -8.0
v -24.0 -36.6 -7.0
v -24.0 -35.8 -11.0
v -24.4 -35.0 -11.0
v -24.0 -35.0 -10.4
v -24.0 -35.5 -9.0
v -24.0 -35.0 -9.6
v -24.8 -34.0 -12.0
v -24.9 -34.0 -11.0
v -24.0 -34.4 -10.0
v -24.0 -13.0 -26.5
v -24.0 -13.4 -26.0
v -24.0 -13.5 -25.0
v -24.6 -13.0 -25.0
v -24.0 -13.5 -24.0
v -24.5 -13.0 -24.0
v -24.0 -13.5 -23.0
v -24.5 -13.0 -23.0
v -24.0 -13.5 -22.0
v -24.5 -13.0 -22.0
v -24.0 -13.3 -21.0
v -24.3 -13.0 -21.0
v -24.0 -13.0 -20.7
v -24.0 -12.0 -27.4
v -24.0 -12.5 -27.0
v -24.0 -12.0 -20.2
v -24.0 -11.8 -20.0
v -24.0 -11.2 -19.0
v -24.0 -11.0 -18.8
v -24.0 -10.0 -28.1
v -24.0 -10.2 -28.0
v -24.0 -10.7 -19.0
v -24.0 -10.0 -19.5
v -24.0 -9.7 -28.0
v -24.4 -9.0 -28.0
v -24.0 -9.0 -27.7
v -24.5 -9.0 -21.0
v -24.0 -9.6 -20.0
v -24.6 -8.0 -28.0
v -24.0 -8.0 -27.4
v -24.5 -8.0 -23.0
v -24.0 -8.3 -23.0
v -24.0 -8.7 -22.0
v -24.8 -7.0 -28.0
v -24.0 -7.5 -27.0
v -24.5 -7.0 -27.0
v -24.0 -7.0 -26.3
v -24.5 -7.0 -25.0
v -24.0 -7.3 -25.0
v -24.0 -7.0 -25.7
v -24.0 -7.7 -24.0
v -24.0 -6.9 -26.0
v -23.0 -45.0 -1.4
v -23.0 -45.3 -1.0
v -23.0 -45.5 0.0
v -23.0 -45.5 1.0
v -23.0 -45.5 2.0
v -23.0 -45.4 3.0
v -23.6 -45.0 3.0
v -23.0 -45.2 4.0
v -23.3 -45.0 4.0
v -23.0 -45.0 4.2
v -23.0 -44.0 -3.5
v -23.0 -44.4 -3.0
v -23.0 -44.6 -2.0
v -23.0 -44.0 4.5
v -23.8 -43.0 -8.0
v -23.0 -43.0 -5.5
v -23.0 -43.3 -5.0
v -23.0 -43.6 -4.0
v -23.9 -43.0 3.0
v -23.5 -43.0 4.0
v -23.0 -43.0 4.5
v -23.6 -42.0 -9.0
v -23.0 -42.0 -8.4
v -23.0 -42.4 -8.0
v -23.0 -42.9 -7.0
v -23.0 -42.7 -6.0
v -23.4 -42.0 4.0
v -23.0 -42.0 5.0
v -23.0 -41.0 -9.1
v -23.0 -41.2 -9.0
v -23.5 -41.0 3.0
v -23.0 -41.0 3.5
v -23.0 -41.5 4.0
v -23.7 -40.0 -10.0
v -23.0 -40.8 -9.0
v -23.3 -40.0 -9.0
v -23.0 -40.0 -8.6
v -23.0 -40.0 0.5
v -23.0 -40.3 1.0
v -23.0 -40.5 2.0
v -23.0 -40.7 3.0
v -23.8 -39.0 -11.0
v -23.5 -39.0 -10.0
v -23.4 -39.0 -9.0
v -23.0 -39.0 -8.6
v -23.0 -39.3 -1.0
v -23.0 -39.0 -1.3
v -23.0 -39.6 0.0
v -23.6 -38.0 -10.0
v -23.3 -38.0 -9.0
v -23.0 -38.0 -8.7
v -23.7 -38.0 -5.0
v -23.5 -38.0 -4.0
v -23.4 -38.0 -3.0
v -23.0 -38.0 -2.6
v -23.0 -38.4 -2.0
v -23.5 -37.0 -10.0
v -23.7 -37.0 -6.0
v -23.3 -37.0 -5.0
v -23.0 -37.0 -4.5
v -23.0 -37.4 -4.0
v -23.0 -37.7 -3.0
v -23.9 -36.0 -11.0
v -23.5 -36.0 -10.0
v -23.0 -36.0 -9.4
v -23.6 -36.0 -8.0
v -23.5 -36.0 -7.0
v -23.3 -36.0 -6.0
v -23.0 -36.6 -5.0
v -23.7 -35.0 -10.0
v -23.1 -35.0 -9.0
v -23.0 -35.0 -9.1
v -23.3 -35.0 -8.0
v -23.1 -35.0 -7.0
v -23.0 -35.0 -6.9
v -23.0 -35.6 -6.0
v -23.0 -34.9 -9.0
v -23.0 -34.2 -8.0
v -23.0 -34.9 -7.0
v -23.4 -14.0 -25.0
v -23.0 -14.0 -25.4
v -23.0 -14.3 -25.0
v -23.0 -14.5 -24.0
v -23.5 -14.0 -24.0
v -23.0 -14.4 -23.0
v -23.5 -14.0 -23.0
v -23.0 -14.2 -22.0
v -23.3 -14.0 -22.0
v -23.0 -14.0 -21.7
v -23.0 -13.0 -26.5
v -23.0 -13.6 -26.0
v -23.0 -13.6 -21.0
v -23.0 -13.2 -20.0
v -23.3 -13.0 -20.0
v -23.0 -13.0 -19.8
v -23.0 -12.0 -27.3
v -23.7 -12.0 -20.0
v -23.0 -12.0 -19.4
v -24.0 -11.0 -27.6
v -23.0 -11.2 -19.0
v -23.8 -10.0 -28.0
v -23.0 -10.0 -27.6
v -23.0 -11.0 -18.9
v -23.0 -10.0 -19.7
v -23.0 -9.0 -27.3
v -23.0 -9.0 -22.5
v -24.0 -9.3 -21.0
v -23.0 -9.7 -20.0
v -23.0 -8.6 -27.0
v -23.0 -8.0 -26.4
v -23.0 -8.3 -24.0
v -23.0 -8.7 -23.0
v -23.8 -7.0 -26.0
v -23.0 -7.7 -26.0
v -22.5 -45.0 -1.0
v -22.0 -45.0 -0.6
v -22.0 -45.4 0.0
v -22.0 -45.5 1.0
v -22.0 -45.5 2.0
v -22.0 -45.5 3.0
v -22.0 -45.3 4.0
v -22.0 -45.0 4.3
v -22.0 -44.3 -3.0
v -22.0 -44.5 -2.0
v -22.0 -44.7 -1.0
v -22.0 -44.0 4.5
v -22.5 -43.0 -5.0
v -22.0 -43.0 -4.6
v -22.0 -43.5 -4.0
v -22.0 -43.0 4.7
v -22.6 -42.0 -8.0
v -21.9 -42.0 -7.0
v -22.0 -42.1 -7.0
v -22.0 -42.4 -6.0
v -22.0 -42.7 -5.0
v -22.0 -42.5 5.0
v -22.9 -42.0 5.0
v -22.0 -42.0 5.3
v -22.9 -41.0 -9.0
v -22.1 -41.0 -7.0
v -22.0 -41.0 -6.9
v -22.5 -41.0 4.0
v -22.0 -41.0 4.5
v -22.0 -41.5 5.0
v -22.5 -40.0 -8.0
v -22.0 -40.0 -7.4
v -22.0 -40.0 1.6
v -22.0 -40.3 2.0
v -22.0 -40.4 3.0
v -22.0 -40.6 4.0
v -22.4 -39.0 -8.0
v -22.0 -39.0 -7.6
v -22.7 -39.0 -1.0
v -22.3 -39.0 0.0
v -22.0 -39.0 0.4
v -22.0 -39.5 1.0
v -22.0 -38.0 -8.1
v -22.5 -38.0 -2.0
v -22.0 -38.0 -1.5
v -22.0 -38.4 -1.0
v -22.0 -38.7 0.0
v -22.7 -37.0 -9.0
v -22.0 -37.8 -8.0
v -22.3 -37.0 -8.0
v -22.0 -37.0 -7.5
v -22.0 -37.0 -3.5
v -22.0 -37.3 -3.0
v -22.0 -37.7 -2.0
v -22.7 -36.0 -9.0
v -22.6 -36.0 -8.0
v -22.0 -36.5 -7.0
v -22.4 -36.0 -7.0
v -22.0 -36.0 -6.5
v -22.0 -36.0 -4.8
v -22.0 -36.6 -4.0
v -22.9 -35.0 -9.0
v -22.7 -35.0 -8.0
v -22.9 -35.0 -7.0
v -22.0 -35.3 -6.0
v -22.0 -35.8 -5.0
v -22.2 -15.0 -24.0
v -22.0 -15.0 -24.2
v -22.0 -15.1 -24.0
v -22.0 -15.0 -23.8
v -22.2 -14.0 -26.0
v -22.0 -14.0 -26.1
v -22.0 -14.1 -26.0
v -22.0 -14.7 -25.0
v -22.0 -14.6 -23.0
v -22.0 -14.4 -22.0
v -22.0 -14.0 -21.5
v -22.0 -13.0 -26.5
v -22.0 -13.6 -21.0
v -22.0 -13.4 -20.0
v -22.0 -13.0 -19.6
v -22.5 -12.0 -27.0
v -22.0 -12.0 -26.7
v -22.0 -12.2 -19.0
v -22.2 -12.0 -19.0
v -22.0 -12.0 -18.9
v -22.0 -11.0 -27.4
v -22.0 -11.6 -27.0
v -22.8 -11.0 -19.0
v -22.0 -11.0 -19.4
v -22.0 -11.8 -19.0
v -22.0 -10.0 -27.4
v -22.6 -10.0 -20.0
v -22.0 -10.4 -20.0
v -22.0 -9.4 -27.0
v -22.5 -9.0 -27.0
v -22.0 -9.0 -26.5
v -22.0 -9.3 -23.0
v -22.0 -9.0 -23.4
v -23.0 -9.3 -22.0
v -22.0 -9.7 -21.0
v -22.6 -8.0 -26.0
v -22.0 -8.6 -26.0
v -23.0 -7.7 -25.0
v -22.0 -8.5 -25.0
v -22.0 -8.6 -24.0
v -21.0 -45.0 -0.3
v -21.0 -45.2 0.0
v -21.0 -45.4 1.0
v -21.0 -45.4 2.0
v -21.0 -45.4 3.0
v -21.0 -45.2 4.0
v -21.0 -45.0 4.2
v -21.6 -44.0 -3.0
v -21.0 -44.0 -2.5
v -21.0 -44.3 -2.0
v -21.0 -44.6 -1.0
v -21.0 -44.0 4.5
v -21.0 -43.0 -4.3
v -21.0 -43.2 -4.0
v -21.0 -43.6 -3.0
v -21.0 -43.4 5.0
v -21.5 -43.0 5.0
v -21.0 -43.0 5.4
v -21.9 -42.0 -7.0
v -21.5 -42.0 -6.0
v -21.0 -42.0 -5.5
v -21.0 -42.4 -5.0
v -21.0 -42.0 6.1
v -21.0 -41.4 -6.0
v -21.0 -41.0 -6.3
v -21.5 -41.0 5.0
v -21.0 -41.0 5.5
v -21.0 -41.8 6.0
v -21.6 -40.0 -7.0
v -21.0 -40.0 -6.5
v -21.7 -40.0 2.0
v -21.5 -40.0 3.0
v -21.3 -40.0 4.0
v -21.0 -40.0 4.4
v -21.0 -40.5 5.0
v -21.5 -39.0 -7.0
v -21.0 -39.0 -6.5
v -21.5 -39.0 1.0
v -21.0 -39.0 1.5
v -21.0 -39.4 2.0
v -21.0 -39.6 3.0
v -21.0 -39.7 4.0
v -21.9 -38.0 -8.0
v -21.4 -38.0 -7.0
v -21.0 -38.0 -6.3
v -21.5 -38.0 -1.0
v -21.0 -38.0 -0.5
v -21.0 -38.3 0.0
v -21.0 -38.6 1.0
v -21.7 -37.0 -7.0
v -21.0 -37.7 -6.0
v -21.4 -37.0 -6.0
v -21.3 -37.0 -5.0
v -21.0 -37.4 -5.0
v -21.0 -37.0 -4.6
v -21.5 -37.0 -3.0
v -21.0 -37.0 -2.5
v -21.0 -37.3 -2.0
v -21.0 -37.7 -1.0
v -21.7 -36.0 -6.0
v -21.8 -36.0 -5.0
v -21.0 -36.3 -4.0
v -21.0 -36.7 -3.0
v -21.4 -15.0 -25.0
v -21.0 -15.0 -25.2
v -21.0 -15.2 -25.0
v -21.0 -15.2 -24.0
v -21.0 -15.0 -23.7
v -21.6 -14.0 -26.0
v -21.0 -14.0 -25.8
v -21.0 -14.6 -23.0
v -21.0 -14.4 -22.0
v -21.0 -13.0 -26.4
v -21.0 -13.8 -26.0
v -21.0 -13.6 -21.0
v -21.0 -13.3 -20.0
v -21.0 -13.0 -19.6
v -21.0 -12.0 -26.6
v -21.0 -12.3 -19.0
v -21.0 -12.0 -18.8
v -21.0 -11.0 -27.2
v -21.0 -11.3 -27.0
v -21.0 -11.6 -19.0
v -21.0 -11.0 -19.4
v -21.0 -10.0 -27.2
v -21.5 -10.0 -21.0
v -21.0 -10.3 -21.0
v -21.0 -10.6 -20.0
v -21.0 -9.8 -27.0
v -21.6 -9.0 -26.0
v -21.0 -9.5 -26.0
v -21.4 -9.0 -25.0
v -21.0 -9.4 -25.0
v -21.0 -9.4 -23.0
v -21.0 -9.0 -23.8
v -21.0 -9.7 -22.0
v -21.0 -8.9 -24.0
v -20.6 -45.0 0.0
v -20.5 -45.0 1.0
v -20.4 -45.0 2.0
v -20.5 -45.0 3.0
v -20.8 -45.0 4.0
v -20.5 -44.0 -2.0
v -20.0 -44.0 -1.6
v -20.0 -44.5 -1.0
v -20.0 -44.6 0.0
v -20.0 -44.3 1.0
v -20.0 -44.7 2.0
v -20.0 -44.5 3.0
v -20.0 -44.0 3.7
v -20.3 -44.0 4.0
v -20.8 -43.0 -4.0
v -20.3 -43.0 -3.0
v -20.0 -43.0 -2.7
v -20.0 -43.6 -2.0
v -20.0 -43.8 4.0
v -20.0 -43.4 5.0
v -20.0 -43.0 5.5
v -20.6 -42.0 -5.0
v -20.3 -42.0 -4.0
v -20.0 -42.0 -3.7
v -20.0 -42.6 -3.0
v -20.0 -42.3 6.0
v -20.0 -42.0 6.2
v -20.7 -41.0 -6.0
v -20.0 -41.1 -5.0
v -20.0 -41.5 -4.0
v -20.4 -41.0 6.0
v -20.0 -41.0 6.2
v -20.6 -40.0 -6.0
v -20.0 -40.9 -5.0
v -20.4 -40.0 -5.0
v -20.3 -40.0 -4.0
v -20.0 -40.5 -4.0
v -20.4 -40.0 5.0
v -20.0 -40.0 5.4
v -20.0 -40.7 6.0
v -20.6 -39.0 -6.0
v -20.5 -39.0 -5.0
v -20.4 -39.0 -4.0
v -20.0 -39.0 -3.5
v -20.5 -39.0 2.0
v -20.0 -39.0 2.6
v -20.0 -39.2 3.0
v -20.0 -39.4 4.0
v -20.0 -39.6 5.0
v -20.8 -38.0 -6.0
v -20.6 -38.0 -5.0
v -20.4 -38.0 -4.0
v -20.0 -38.0 -3.5
v -20.6 -38.0 0.0
v -20.3 -38.0 1.0
v -20.0 -38.0 1.4
v -20.0 -38.5 2.0
v -20.6 -37.0 -4.0
v -20.0 -37.0 -3.3
v -20.4 -37.0 -2.0
v -20.0 -37.3 -1.0
v -20.0 -37.5 0.0
v -20.0 -37.7 1.0
v -20.0 -36.8 -3.0
v -20.0 -36.7 -2.0
v -20.0 -15.0 -25.5
v -20.0 -15.3 -25.0
v -20.5 -15.0 -24.0
v -20.0 -15.0 -24.5
v -20.7 -14.0 -26.0
v -20.0 -14.0 -26.3
v -20.0 -14.5 -26.0
v -20.0 -14.7 -24.0
v -20.0 -14.3 -22.0
v -20.0 -14.0 -21.6
v -20.0 -13.0 -26.5
v -20.0 -13.5 -21.0
v -20.0 -13.0 -20.4
v -20.0 -12.0 -26.5
v -20.0 -12.7 -20.0
v -20.0 -12.2 -19.0
v -20.0 -12.0 -18.8
v -20.7 -11.0 -27.0
v -20.0 -11.0 -26.3
v -20.0 -11.0 -18.9
v -20.8 -10.0 -27.0
v -20.0 -10.6 -26.0
v -20.5 -10.0 -26.0
v -20.0 -10.4 -25.0
v -20.0 -10.0 -24.5
v -20.0 -10.3 -22.0
v -20.0 -10.0 -22.5
v -20.0 -10.5 -21.0
v -20.0 -10.5 -20.0
v -20.0 -10.9 -19.0
v -20.9 -9.0 -24.0
v -20.0 -9.7 -24.0
v -20.0 -9.7 -23.0
v -19.2 -45.0 1.0
v -19.0 -45.1 1.0
v -19.0 -45.2 2.0
v -19.4 -45.0 2.0
v -19.0 -45.0 2.3
v -19.0 -44.0 -1.6
v -19.0 -44.8 -1.0
v -19.0 -44.6 0.0
v -19.0 -44.5 3.0
v -19.0 -44.0 3.5
v -19.0 -43.0 -2.3
v -19.0 -43.5 -2.0
v -19.0 -43.6 4.0
v -19.0 -43.4 5.0
v -19.0 -43.0 5.4
v -19.0 -42.0 -3.1
v -19.4 -42.0 6.0
v -19.0 -42.0 5.8
v -19.9 -41.0 -5.0
v -19.7 -41.0 -4.0
v -19.0 -41.8 -3.0
v -19.3 -41.0 -3.0
v -19.0 -41.0 -2.6
v -19.0 -41.7 6.0
v -19.0 -41.0 6.3
v -19.5 -40.0 -3.0
v -19.0 -40.0 -2.5
v -19.0 -40.5 6.0
v -19.0 -40.0 5.7
v -19.5 -39.0 -3.0
v -19.0 -39.0 -2.5
v -19.7 -39.0 3.0
v -19.5 -39.0 4.0
v -19.3 -39.0 5.0
v -19.0 -39.0 5.2
v -19.5 -38.0 -3.0
v -19.0 -38.0 -2.5
v -19.6 -38.0 2.0
v -19.2 -38.0 3.0
v -19.0 -38.5 4.0
v -19.0 -38.8 5.0
v -19.7 -37.0 -3.0
v -19.0 -37.0 -2.3
v -19.6 -37.0 -1.0
v -19.3 -37.0 0.0
v -19.0 -37.0 0.3
v -19.0 -37.4 1.0
v -19.0 -37.6 2.0
v -19.0 -37.8 3.0
v -19.0 -36.8 -2.0
v -19.0 -36.6 -1.0
v -19.0 -36.8 0.0
v -19.2 -16.0 -25.0
v -19.0 -16.2 -25.0
v -19.0 -16.0 -24.8
v -19.5 -15.0 -26.0
v -19.0 -15.0 -26.3
v -19.0 -15.4 -26.0
v -19.0 -15.0 -24.2
v -19.0 -14.8 -24.0
v -19.0 -14.4 -23.0
v -19.5 -14.0 -22.0
v -19.0 -14.0 -22.4
v -19.0 -13.7 -22.0
v -19.0 -13.3 -21.0
v -19.0 -13.0 -20.7
v -19.0 -12.0 -26.4
v -19.0 -12.3 -20.0
v -19.8 -12.0 -19.0
v -19.0 -12.0 -19.7
v -19.0 -11.6 -26.0
v -19.6 -11.0 -26.0
v -19.3 -11.0 -25.0
v -19.0 -11.2 -25.0
v -19.0 -11.0 -24.7
v -19.9 -11.0 -19.0
v -19.0 -11.0 -19.7
v -19.6 -10.0 -24.0
v -19.0 -10.5 -24.0
v -19.6 -10.0 -23.0
v -19.0 -10.4 -23.0
v -19.0 -10.5 -22.0
v -19.0 -10.5 -21.0
v -19.0 -10.8 -20.0
v -19.0 -45.0 0.9
v -18.0 -45.0 1.8
v -18.0 -45.1 2.0
v -18.0 -45.0 2.2
v -18.0 -44.0 -1.5
v -18.0 -44.3 -1.0
v -18.0 -44.4 0.0
v -18.0 -44.6 1.0
v -18.0 -44.5 3.0
v -18.6 -43.0 -2.0
v -18.0 -43.4 -1.0
v -18.1 -43.0 -1.0
v -18.0 -43.0 -0.8
v -18.0 -43.7 4.0
v -18.0 -43.4 5.0
v -18.0 -43.0 5.5
v -18.9 -42.0 -3.0
v -18.4 -42.0 -2.0
v -18.0 -42.0 -1.4
v -18.0 -42.7 -1.0
v -18.0 -42.4 6.0
v -18.7 -42.0 6.0
v -18.0 -42.0 6.3
v -18.5 -41.0 -2.0
v -18.0 -41.0 -1.4
v -18.0 -41.0 6.6
v -18.6 -40.0 -2.0
v -18.0 -40.0 -0.9
v -18.1 -40.0 -1.0
v -18.5 -40.0 6.0
v -18.0 -40.0 6.4
v -18.5 -39.0 -2.0
v -18.0 -39.0 -1.4
v -18.0 -39.6 6.0
v -18.0 -39.0 5.5
v -18.5 -38.0 -2.0
v -18.0 -38.0 -1.5
v -18.0 -38.3 4.0
v -18.0 -38.0 3.6
v -18.0 -38.6 5.0
v -18.7 -37.0 -2.0
v -18.0 -37.0 -1.4
v -18.0 -37.4 1.0
v -18.0 -37.0 0.4
v -18.0 -37.5 2.0
v -18.0 -37.6 3.0
v -18.0 -36.7 -1.0
v -18.0 -36.7 0.0
v -18.0 -17.2 -25.0
v -18.0 -17.0 -25.3
v -18.0 -17.0 -24.7
v -18.4 -16.0 -26.0
v -18.0 -16.0 -26.3
v -18.0 -16.4 -26.0
v -18.0 -16.4 -24.0
v -18.3 -16.0 -24.0
v -18.0 -16.0 -23.7
v -19.0 -14.0 -26.5
v -18.7 -15.0 -24.0
v -18.0 -15.0 -23.5
v -19.0 -13.0 -26.5
v -18.0 -14.5 -23.0
v -18.0 -14.0 -22.5
v -18.0 -13.0 -26.5
v -18.0 -13.4 -22.0
v -18.6 -13.0 -21.0
v -18.0 -13.0 -21.6
v -18.0 -12.0 -26.2
v -18.0 -12.4 -21.0
v -18.7 -12.0 -20.0
v -18.0 -12.0 -20.7
v -18.0 -11.8 -26.0
v -18.0 -11.5 -25.0
v -18.0 -11.0 -24.3
v -18.7 -11.0 -20.0
v -18.0 -11.0 -20.7
v -18.0 -10.8 -24.0
v -18.0 -10.6 -23.0
v -18.0 -10.6 -22.0
v -18.0 -10.8 -21.0
v -17.8 -45.0 2.0
v -17.8 -44.0 -1.0
v -17.6 -44.0 0.0
v -17.3 -44.0 1.0
v -17.0 -44.0 1.4
v -17.0 -44.5 2.0
v -17.0 -44.6 3.0
v -17.0 -44.3 4.0
v -17.6 -44.0 4.0
v -17.5 -43.0 0.0
v -17.0 -43.0 0.5
v -17.0 -43.6 1.0
v -17.0 -43.6 5.0
v -17.0 -43.0 5.5
v -17.7 -42.0 -1.0
v -17.3 -42.0 0.0
v -17.0 -42.0 0.2
v -17.0 -42.5 6.0
v -17.0 -42.0 6.5
v -17.6 -41.0 -1.0
v -17.0 -41.0 -0.4
v -17.0 -41.6 0.0
v -17.0 -41.3 7.0
v -17.3 -41.0 7.0
v -17.0 -41.0 7.2
v -17.0 -40.0 -0.4
v -17.3 -40.0 7.0
v -17.0 -40.0 7.2
v -17.6 -39.0 -1.0
v -17.0 -39.0 -0.5
v -17.0 -39.4 6.0
v -17.0 -39.0 5.5
v -17.0 -39.8 7.0
v -17.4 -38.0 -1.0
v -17.0 -38.0 -0.6
v -17.5 -38.0 4.0
v -17.0 -38.5 5.0
v -17.3 -37.0 -1.0
v -17.0 -37.4 0.0
v -17.6 -37.0 0.0
v -17.0 -37.5 1.0
v -17.0 -37.6 2.0
v -17.0 -37.6 3.0
v -17.0 -37.8 4.0
v -17.3 -18.0 -25.0
v -17.0 -18.0 -25.3
v -17.0 -18.3 -25.0
v -17.0 -18.9 -24.0
v -17.3 -18.0 -24.0
v -17.0 -18.0 -23.7
v -17.4 -17.0 -26.0
v -17.0 -17.0 -26.3
v -17.0 -17.3 -26.0
v -17.6 -17.0 -24.0
v -17.0 -17.0 -23.6
v -17.0 -16.0 -26.5
v -17.0 -16.0 -23.5
v -17.0 -15.0 -26.5
v -17.0 -15.0 -23.4
v -17.0 -14.0 -26.5
v -17.0 -14.4 -23.0
v -17.0 -14.0 -22.7
v -17.0 -13.0 -26.3
v -17.6 -13.0 -22.0
v -17.0 -13.0 -22.5
v -17.0 -12.7 -26.0
v -17.7 -12.0 -26.0
v -17.4 -12.0 -25.0
v -17.0 -12.3 -25.0
v -17.0 -12.0 -24.5
v -17.4 -12.0 -22.0
v -17.0 -12.0 -22.7
v -17.7 -12.0 -21.0
v -17.7 -11.0 -24.0
v -17.0 -11.6 -24.0
v -17.6 -11.0 -23.0
v -17.0 -11.7 -23.0
v -17.6 -11.0 -22.0
v -17.8 -11.0 -21.0
v -16.0 -44.0 1.7
v -16.0 -44.3 2.0
v -16.0 -44.8 3.0
v -16.0 -44.5 4.0
v -16.0 -44.2 5.0
v -16.4 -44.0 5.0
v -16.0 -44.0 5.2
v -16.0 -43.0 0.7
v -16.0 -43.3 1.0
v -16.0 -43.0 5.6
v -16.0 -42.0 0.5
v -16.0 -42.5 6.0
v -16.0 -42.0 6.5
v -16.6 -41.0 0.0
v -16.0 -41.0 0.5
v -16.0 -41.5 7.0
v -16.0 -41.0 7.4
v -16.5 -40.0 0.0
v -16.0 -40.0 0.4
v -16.0 -40.0 7.4
v -16.4 -39.0 0.0
v -16.0 -39.0 0.4
v -16.0 -39.4 6.0
v -16.0 -39.0 5.5
v -16.0 -39.6 7.0
v -16.0 -38.0 -0.0
v -16.4 -38.0 2.0
v -16.0 -38.4 2.0
v -16.0 -38.0 1.4
v -16.4 -38.0 3.0
v -16.0 -38.3 3.0
v -16.0 -38.0 3.6
v -16.0 -38.5 5.0
v -16.0 -38.0 4.3
v -16.0 -37.8 1.0
v -16.0 -37.8 4.0
v -16.2 -19.0 -24.0
v -16.0 -19.0 -24.0
v -16.0 -19.0 -24.0
v -16.0 -18.0 -25.5
v -16.0 -18.5 -25.0
v -16.0 -18.0 -23.5
v -16.0 -17.0 -26.3
v -16.0 -17.3 -26.0
v -16.0 -17.0 -23.5
v -16.0 -16.0 -26.5
v -16.0 -16.0 -23.5
v -16.0 -15.0 -26.5
v -16.0 -15.0 -23.5
v -16.0 -14.0 -26.4
v -16.7 -14.0 -23.0
v -16.0 -14.0 -23.5
v -16.0 -13.5 -26.0
v -16.6 -13.0 -26.0
v -16.0 -13.0 -25.4
v -16.5 -13.0 -23.0
v -16.0 -13.0 -23.7
v -16.0 -12.7 -25.0
v -16.6 -12.0 -24.0
v -16.0 -12.7 -24.0
v -16.7 -12.0 -23.0
v -15.3 -44.0 3.0
v -15.0 -44.0 3.4
v -15.0 -44.3 4.0
v -15.0 -44.3 5.0
v -15.0 -44.0 5.4
v -15.6 -43.0 1.0
v -15.0 -43.0 1.5
v -15.0 -43.4 2.0
v -15.0 -43.7 3.0
v -15.0 -43.0 5.8
v -15.0 -42.0 0.9
v -15.0 -42.2 1.0
v -15.0 -42.7 6.0
v -15.0 -41.5 1.0
v -15.2 -41.0 1.0
v -15.0 -41.0 1.2
v -15.0 -41.6 7.0
v -15.0 -41.0 7.4
v -15.0 -40.0 0.9
v -15.0 -40.0 7.7
v -15.0 -39.9 1.0
v -15.5 -39.0 1.0
v -15.5 -39.0 2.0
v -15.0 -39.5 2.0
v -15.1 -39.0 3.0
v -15.0 -39.1 3.0
v -15.0 -39.0 3.1
v -15.0 -39.5 6.0
v -15.0 -39.0 5.4
v -15.0 -39.7 7.0
v -16.0 -38.0 0.0
v -15.8 -38.0 1.0
v -15.0 -38.0 4.0
v -15.0 -38.6 5.0
v -16.0 -19.0 -24.0
v -15.0 -18.0 -25.2
v -15.0 -18.2 -25.0
v -15.0 -18.4 -24.0
v -15.0 -18.0 -23.7
v -15.6 -17.0 -26.0
v -15.0 -17.0 -25.5
v -15.0 -17.0 -23.6
v -15.0 -16.0 -26.2
v -15.0 -16.4 -26.0
v -15.0 -16.0 -23.7
v -15.0 -15.0 -26.3
v -15.0 -15.0 -23.8
v -15.0 -14.0 -26.2
v -15.4 -14.0 -24.0
v -15.0 -14.6 -24.0
v -15.0 -14.0 -24.6
v -15.0 -13.8 -26.0
v -15.7 -13.0 -25.0
v -15.0 -13.7 -25.0
v -15.7 -13.0 -24.0
v -14.5 -44.0 4.0
v -14.0 -44.3 6.0
v -14.4 -44.0 6.0
v -14.0 -44.2 7.0
v -14.2 -44.0 7.0
v -14.0 -44.0 7.2
v -14.5 -43.0 2.0
v -14.0 -43.3 3.0
v -14.0 -43.7 4.0
v -14.8 -43.0 6.0
v -14.4 -43.0 7.0
v -14.0 -43.0 7.4
v -14.0 -42.0 1.7
v -14.0 -42.4 2.0
v -14.6 -42.0 7.0
v -14.0 -42.0 7.5
v -14.0 -41.0 1.7
v -14.0 -41.0 7.5
v -14.9 -40.0 1.0
v -14.0 -40.5 2.0
v -14.4 -40.0 2.0
v -14.0 -40.0 2.3
v -14.4 -40.0 6.0
v -14.0 -40.3 6.0
v -14.0 -40.0 5.6
v -14.6 -40.0 7.0
v -14.0 -40.5 7.0
v -14.0 -39.0 2.8
v -14.8 -39.0 3.0
v -14.6 -39.0 5.0
v -14.0 -39.0 4.4
v -14.0 -38.8 3.0
v -14.0 -38.7 4.0
v -15.0 -38.0 4.0
v -14.8 -18.0 -25.0
v -14.4 -18.0 -24.0
v -14.6 -17.0 -25.0
v -14.6 -17.0 -24.0
v -14.8 -16.0 -26.0
v -14.5 -16.0 -25.0
v -14.7 -16.0 -24.0
v -14.7 -15.0 -26.0
v -14.5 -15.0 -25.0
v -14.8 -15.0 -24.0
v -14.8 -14.0 -26.0
v -14.7 -14.0 -25.0
v -14.0 -44.3 5.0
v -13.0 -44.0 5.4
v -13.0 -44.4 6.0
v -13.0 -44.2 7.0
v -13.0 -44.0 7.2
v -14.0 -43.0 2.6
v -13.0 -43.0 3.6
v -13.0 -43.3 4.0
v -13.0 -43.7 5.0
v -13.0 -43.0 7.6
v -13.6 -42.0 2.0
v -13.0 -42.0 2.6
v -13.0 -42.4 3.0
v -13.0 -42.1 8.0
v -13.1 -42.0 8.0
v -13.0 -42.0 8.1
v -13.6 -41.0 2.0
v -13.0 -41.0 2.5
v -13.2 -41.0 8.0
v -13.0 -41.0 8.1
v -13.0 -40.0 2.6
v -13.5 -40.0 5.0
v -13.0 -40.3 5.0
v -13.0 -40.0 4.5
v -13.0 -40.6 6.0
v -13.0 -40.6 7.0
v -13.0 -40.7 8.0
v -13.0 -39.0 3.0
v -13.6 -39.0 4.0
v -13.0 -39.5 4.0
v -13.0 -39.0 3.0
v -12.0 -44.1 6.0
v -12.6 -44.0 7.0
v -12.0 -44.0 6.1
v -12.6 -43.0 4.0
v -12.0 -43.0 4.6
v -12.0 -43.3 5.0
v -12.0 -43.5 7.0
v -12.0 -43.0 8.0
v -12.0 -43.0 8.0
v -12.6 -42.0 3.0
v -12.0 -42.0 3.7
v -12.0 -42.4 4.0
v -12.3 -42.0 7.0
v -12.0 -42.4 7.0
v -12.0 -42.0 6.6
v -12.0 -43.0 8.0
v -12.9 -42.0 8.0
v -12.4 -41.0 3.0
v -12.0 -41.0 3.5
v -12.4 -41.0 6.0
v -12.0 -41.5 6.0
v -12.0 -41.0 5.4
v -12.6 -41.0 7.0
v -12.9 -41.0 8.0
v -12.1 -40.0 3.0
v -12.0 -40.5 4.0
v -12.4 -40.0 4.0
v -12.0 -40.7 5.0
v -12.9 -39.0 3.0
v -11.9 -44.0 6.0
v -11.7 -43.0 5.0
v -11.5 -43.0 6.0
v -11.1 -43.0 7.0
v -11.9 -43.0 8.0
v -11.7 -42.0 4.0
v -11.5 -42.0 5.0
v -11.7 -42.0 6.0
v -11.7 -41.0 4.0
v -11.7 -41.0 5.0
f 4 3 1
f 1 3 2
f 4 5 3
f 8 7 6
f 8 6 2
f 6 1 2
f 6 9 1
f 11 4 10
f 4 9 10
f 4 1 9
f 4 11 5
f 14 13 12
f 16 15 12
f 12 15 14
f 15 16 7
f 16 6 7
f 16 17 6
f 6 18 9
f 6 17 18
f 10 9 19
f 19 9 18
f 12 13 20
f 20 13 21
f 12 22 16
f 12 20 22
f 16 23 17
f 16 22 23
f 17 24 18
f 17 23 24
f 19 18 25
f 25 18 24
f 21 26 20
f 28 27 26
f 27 20 26
f 27 22 20
f 22 29 23
f 22 27 29
f 31 24 30
f 24 29 30
f 24 23 29
f 24 31 25
f 28 33 32
f 32 27 28
f 32 34 27
f 27 35 29
f 27 34 35
f 30 29 36
f 36 29 35
f 40 39 37
f 39 40 33
f 40 32 33
f 40 41 32
f 32 42 34
f 32 41 42
f 141 35 42
f 35 34 42
f 35 141 36
f 38 43 37
f 45 44 43
f 44 37 43
f 44 40 37
f 40 46 41
f 40 44 46
f 42 46 47
f 42 41 46
f 51 50 48
f 50 51 45
f 51 44 45
f 51 52 44
f 44 53 46
f 44 52 53
f 47 46 54
f 54 46 53
f 49 55 48
f 56 48 55
f 56 51 48
f 51 57 52
f 51 56 57
f 53 57 58
f 53 52 57
f 53 58 54
f 55 60 59
f 59 56 55
f 59 61 56
f 56 62 57
f 56 61 62
f 58 57 63
f 63 57 62
f 59 60 64
f 64 60 65
f 59 66 61
f 59 64 66
f 67 62 66
f 62 61 66
f 62 67 63
f 68 64 65
f 68 72 64
f 69 66 72
f 66 64 72
f 70 68 71
f 72 68 70
f 70 71 74
f 74 71 73
f 77 76 75
f 75 78 77
f 81 80 79
f 83 82 79
f 79 82 81
f 98 84 83
f 83 84 82
f 98 85 84
f 88 87 86
f 86 89 88
f 91 90 76
f 90 75 76
f 90 92 75
f 78 75 93
f 75 94 93
f 75 92 94
f 93 94 80
f 94 79 80
f 94 95 79
f 79 96 83
f 79 95 96
f 98 96 97
f 98 83 96
f 101 100 99
f 101 99 87
f 99 86 87
f 99 102 86
f 89 86 103
f 103 86 102
f 90 91 104
f 104 91 105
f 90 106 92
f 90 104 106
f 94 106 2
f 92 106 94
f 94 2 3
f 94 3 95
f 96 95 107
f 95 5 107
f 5 95 3
f 96 107 97
f 99 100 108
f 110 102 109
f 102 108 109
f 102 99 108
f 110 111 102
f 111 112 102
f 113 103 102
f 113 102 112
f 113 112 105
f 112 104 105
f 112 114 104
f 114 7 8
f 106 114 8
f 104 114 106
f 106 8 2
f 116 115 11
f 116 11 10
f 5 117 107
f 117 5 118
f 11 118 5
f 115 118 11
f 118 119 117
f 123 122 121
f 108 120 109
f 121 122 111
f 111 122 112
f 122 13 112
f 13 14 112
f 112 14 15
f 112 15 114
f 114 15 7
f 19 116 10
f 19 125 116
f 123 124 122
f 13 122 124
f 21 13 124
f 25 126 125
f 19 25 125
f 126 127 125
f 124 129 128
f 128 130 26
f 124 128 26
f 21 124 26
f 130 28 26
f 30 131 31
f 126 25 31
f 131 126 31
f 132 126 131
f 127 126 139
f 139 126 132
f 135 134 133
f 135 133 129
f 133 128 129
f 133 136 128
f 136 33 28
f 130 136 28
f 128 136 130
f 36 137 131
f 36 131 30
f 139 132 138
f 132 137 138
f 132 131 137
f 133 134 37
f 134 38 37
f 134 140 38
f 133 37 39
f 133 39 136
f 136 39 33
f 137 36 141
f 142 137 141
f 138 137 143
f 143 137 142
f 146 145 144
f 144 147 43
f 140 144 43
f 38 140 43
f 144 140 146
f 147 45 43
f 47 148 42
f 148 141 42
f 149 141 148
f 151 142 150
f 142 149 150
f 142 141 149
f 142 151 143
f 154 153 152
f 154 152 145
f 145 152 144
f 152 49 144
f 49 48 144
f 144 48 50
f 144 50 147
f 147 50 45
f 54 155 148
f 54 148 47
f 148 156 149
f 148 155 156
f 150 149 157
f 157 149 156
f 159 158 153
f 158 152 153
f 158 160 152
f 152 55 49
f 160 55 152
f 155 54 58
f 161 155 58
f 162 155 161
f 164 156 163
f 156 162 163
f 156 155 162
f 156 164 157
f 158 159 165
f 165 159 166
f 158 167 160
f 158 165 167
f 167 60 55
f 160 167 55
f 63 168 161
f 63 161 58
f 161 169 162
f 161 168 169
f 163 162 170
f 170 162 169
f 173 172 171
f 172 173 166
f 173 165 166
f 173 174 165
f 165 175 167
f 165 174 175
f 175 65 60
f 175 60 167
f 66 176 67
f 168 63 67
f 176 168 67
f 177 168 176
f 179 169 178
f 169 177 178
f 169 168 177
f 169 179 170
f 182 181 180
f 181 171 180
f 181 173 171
f 173 183 174
f 173 181 183
f 183 68 65
f 175 183 65
f 174 183 175
f 176 66 69
f 184 176 69
f 186 177 185
f 177 184 185
f 177 176 184
f 177 186 178
f 189 188 187
f 189 187 182
f 187 181 182
f 187 190 181
f 181 191 183
f 181 190 191
f 191 71 68
f 191 68 183
f 70 192 72
f 192 69 72
f 69 193 184
f 69 192 193
f 185 184 194
f 194 184 193
f 187 188 195
f 195 188 196
f 187 197 190
f 187 195 197
f 190 198 191
f 190 197 198
f 198 73 71
f 198 71 191
f 74 199 192
f 74 192 70
f 192 199 200
f 202 193 201
f 193 200 201
f 193 192 200
f 193 202 194
f 196 203 195
f 204 195 203
f 204 197 195
f 197 205 198
f 197 204 205
f 198 205 73
f 205 206 73
f 206 74 73
f 205 207 206
f 74 208 199
f 74 206 208
f 199 208 200
f 200 208 209
f 200 209 201
f 203 210 204
f 204 210 205
f 205 210 211
f 205 211 207
f 216 215 214
f 218 217 214
f 214 217 216
f 217 218 212
f 218 219 212
f 213 212 220
f 220 212 219
f 223 222 221
f 225 224 221
f 221 224 223
f 225 226 224
f 230 229 227
f 227 229 228
f 76 77 230
f 77 229 230
f 77 231 229
f 233 232 78
f 232 77 78
f 232 231 77
f 232 233 215
f 215 233 214
f 233 80 214
f 80 81 214
f 214 81 82
f 214 82 218
f 218 82 84
f 218 84 219
f 84 85 219
f 85 220 219
f 85 234 220
f 236 366 235
f 236 235 222
f 235 221 222
f 235 237 221
f 221 238 225
f 221 237 238
f 88 239 87
f 239 225 87
f 225 238 87
f 225 239 226
f 240 227 89
f 227 239 89
f 239 88 89
f 227 228 239
f 230 240 91
f 227 240 230
f 230 91 76
f 93 233 78
f 233 93 80
f 97 241 98
f 234 85 242
f 85 241 242
f 241 243 242
f 85 98 241
f 243 244 242
f 235 366 245
f 245 366 246
f 235 247 237
f 235 245 247
f 247 100 101
f 238 247 101
f 237 247 238
f 238 101 87
f 103 248 240
f 103 240 89
f 248 105 91
f 248 91 240
f 241 97 107
f 249 241 107
f 250 241 249
f 252 243 251
f 243 250 251
f 243 241 250
f 243 252 244
f 245 246 253
f 253 246 254
f 245 255 247
f 245 253 255
f 255 108 100
f 255 100 247
f 109 256 110
f 113 248 103
f 111 110 256
f 248 113 105
f 116 257 115
f 117 249 107
f 118 115 257
f 249 117 119
f 258 249 119
f 250 249 258
f 251 250 259
f 259 250 258
f 254 260 253
f 253 260 255
f 255 260 261
f 255 261 108
f 261 120 108
f 261 262 120
f 262 109 120
f 109 262 256
f 263 256 262
f 256 263 121
f 123 121 263
f 256 121 111
f 125 264 257
f 125 257 116
f 257 265 118
f 264 265 257
f 258 119 118
f 265 258 118
f 266 258 265
f 259 258 270
f 270 258 266
f 124 123 267
f 123 268 267
f 123 263 268
f 264 125 127
f 269 264 127
f 265 264 269
f 270 266 274
f 266 269 274
f 266 265 269
f 273 272 271
f 273 271 268
f 268 271 267
f 271 129 267
f 129 124 267
f 275 274 269
f 127 275 269
f 139 275 127
f 271 272 135
f 272 134 135
f 272 276 134
f 271 135 129
f 138 279 139
f 279 277 139
f 277 275 139
f 276 278 146
f 140 276 146
f 134 276 140
f 138 280 279
f 143 280 138
f 278 145 146
f 278 281 145
f 283 282 151
f 283 151 150
f 143 151 280
f 280 151 282
f 285 284 154
f 154 284 153
f 154 145 281
f 154 281 285
f 157 283 150
f 157 286 283
f 153 287 159
f 284 287 153
f 289 288 164
f 289 164 163
f 157 164 286
f 286 164 288
f 291 290 159
f 290 166 159
f 291 159 287
f 170 289 163
f 170 292 289
f 294 293 171
f 295 171 172
f 295 294 171
f 172 166 290
f 172 290 295
f 297 296 179
f 297 179 178
f 170 179 292
f 292 179 296
f 300 299 298
f 298 189 180
f 293 298 180
f 171 293 180
f 298 293 300
f 189 182 180
f 185 301 186
f 301 302 186
f 302 178 186
f 302 297 178
f 298 299 303
f 303 299 304
f 303 188 189
f 298 303 189
f 194 309 301
f 194 301 185
f 302 301 309
f 303 304 305
f 305 304 306
f 305 196 188
f 305 188 303
f 201 307 202
f 307 308 202
f 202 308 194
f 308 309 194
f 312 311 310
f 311 312 306
f 312 305 306
f 312 313 305
f 314 203 196
f 305 314 196
f 313 314 305
f 207 315 206
f 316 208 206
f 316 206 315
f 317 209 208
f 317 208 316
f 307 201 209
f 317 307 209
f 318 307 317
f 308 307 319
f 319 307 318
f 433 321 320
f 321 310 320
f 321 312 310
f 312 322 313
f 312 321 322
f 313 323 314
f 313 322 323
f 324 210 203
f 314 324 203
f 323 324 314
f 325 211 210
f 325 210 324
f 325 434 211
f 211 434 207
f 434 326 207
f 326 315 207
f 327 315 326
f 327 316 315
f 316 328 317
f 316 327 328
f 330 318 329
f 318 328 329
f 318 317 328
f 318 330 319
f 433 331 321
f 333 332 331
f 332 321 331
f 332 322 321
f 335 323 334
f 323 332 334
f 323 322 332
f 323 335 324
f 324 335 336
f 324 336 325
f 325 336 337
f 325 337 434
f 326 338 327
f 327 338 328
f 328 338 339
f 328 339 329
f 332 333 334
f 340 342 341
f 344 343 212
f 345 340 213
f 340 344 213
f 344 212 213
f 340 341 344
f 342 340 346
f 346 340 345
f 348 347 216
f 216 347 215
f 349 216 217
f 349 348 216
f 217 212 343
f 217 343 349
f 220 350 345
f 220 345 213
f 346 345 351
f 345 350 351
f 222 223 353
f 223 354 353
f 223 355 354
f 356 223 224
f 356 355 223
f 224 226 356
f 356 226 357
f 359 358 228
f 360 228 229
f 360 359 228
f 361 229 231
f 361 360 229
f 362 231 232
f 362 361 231
f 232 215 347
f 232 347 362
f 234 363 350
f 234 350 220
f 350 364 351
f 350 363 364
f 352 351 365
f 365 351 364
f 367 222 353
f 367 366 236
f 222 367 236
f 368 357 226
f 368 226 239
f 239 228 358
f 239 358 368
f 242 363 234
f 364 363 369
f 363 244 369
f 244 370 369
f 244 363 242
f 364 369 365
f 372 371 366
f 371 246 366
f 372 366 367
f 374 373 252
f 374 252 251
f 244 252 370
f 370 252 373
f 371 254 246
f 375 254 371
f 259 374 251
f 259 376 374
f 375 377 254
f 254 377 260
f 260 378 261
f 377 378 260
f 378 380 379
f 262 378 379
f 261 378 262
f 379 263 262
f 382 381 270
f 381 376 270
f 376 259 270
f 379 380 383
f 383 380 384
f 383 268 263
f 383 263 379
f 387 386 385
f 385 386 382
f 385 382 270
f 274 385 270
f 383 384 273
f 384 272 273
f 384 388 272
f 383 273 268
f 387 385 274
f 275 387 274
f 389 387 275
f 392 391 390
f 388 392 390
f 276 388 390
f 272 388 276
f 394 393 277
f 393 389 277
f 389 275 277
f 390 391 278
f 391 395 278
f 390 278 276
f 394 277 279
f 280 394 279
f 396 394 280
f 395 281 278
f 397 281 395
f 399 398 282
f 399 282 283
f 280 282 396
f 396 282 398
f 401 400 285
f 285 400 284
f 285 281 397
f 285 397 401
f 403 399 402
f 399 286 402
f 399 283 286
f 405 404 291
f 400 405 291
f 287 400 291
f 284 400 287
f 403 402 288
f 289 403 288
f 406 403 289
f 288 402 286
f 404 290 291
f 404 407 290
f 410 409 408
f 409 406 408
f 406 292 408
f 406 289 292
f 412 411 294
f 294 411 293
f 413 294 295
f 413 412 294
f 295 290 407
f 295 407 413
f 410 408 296
f 297 410 296
f 414 410 297
f 296 408 292
f 416 415 300
f 300 415 299
f 300 293 411
f 300 411 416
f 419 418 417
f 418 414 417
f 414 302 417
f 414 297 302
f 415 304 299
f 420 304 415
f 419 417 309
f 419 309 421
f 302 309 417
f 424 423 422
f 420 424 422
f 306 420 422
f 304 420 306
f 425 426 421
f 425 421 309
f 308 425 309
f 428 427 310
f 311 422 423
f 428 311 423
f 310 311 428
f 422 311 306
f 425 319 429
f 308 319 425
f 432 431 430
f 430 433 320
f 427 430 320
f 310 427 320
f 430 427 432
f 429 319 330
f 329 429 330
f 435 429 329
f 438 437 436
f 438 436 431
f 436 430 431
f 436 439 430
f 430 440 433
f 430 439 440
f 441 331 433
f 440 441 433
f 441 333 331
f 334 442 335
f 443 336 335
f 443 335 442
f 444 337 336
f 444 336 443
f 444 434 337
f 445 434 444
f 446 338 326
f 434 446 326
f 445 446 434
f 447 339 338
f 447 338 446
f 447 448 339
f 448 329 339
f 448 435 329
f 436 437 449
f 449 437 450
f 436 451 439
f 436 449 451
f 439 452 440
f 439 451 452
f 440 453 441
f 440 452 453
f 441 454 333
f 453 454 441
f 442 334 333
f 454 442 333
f 455 442 454
f 442 456 443
f 442 455 456
f 443 457 444
f 443 456 457
f 444 458 445
f 444 457 458
f 445 459 446
f 445 458 459
f 446 460 447
f 446 459 460
f 448 447 461
f 461 447 460
f 450 462 449
f 449 462 451
f 451 462 463
f 451 463 452
f 452 463 464
f 466 465 464
f 465 452 464
f 465 453 452
f 453 467 454
f 453 465 467
f 454 468 455
f 454 467 468
f 455 469 456
f 455 468 469
f 456 470 457
f 456 469 470
f 457 471 458
f 457 470 471
f 458 472 459
f 458 471 472
f 459 473 460
f 459 472 473
f 461 460 474
f 474 460 473
f 465 466 467
f 467 466 475
f 467 475 468
f 468 475 476
f 478 477 476
f 477 468 476
f 477 469 468
f 469 479 470
f 469 477 479
f 470 480 471
f 470 479 480
f 471 481 472
f 471 480 481
f 483 473 482
f 473 481 482
f 473 472 481
f 473 483 474
f 478 484 477
f 477 484 479
f 479 484 485
f 479 485 480
f 480 485 486
f 480 486 481
f 481 486 487
f 481 487 482
f 488 493 489
f 491 490 341
f 492 488 342
f 488 491 342
f 491 341 342
f 488 489 491
f 488 494 493
f 488 492 494
f 494 495 493
f 497 496 344
f 344 496 343
f 344 341 490
f 344 490 497
f 346 498 492
f 346 492 342
f 492 499 494
f 492 498 499
f 501 495 500
f 495 499 500
f 495 494 499
f 348 502 347
f 503 348 349
f 503 502 348
f 349 343 496
f 349 496 503
f 351 498 346
f 499 498 504
f 498 352 504
f 352 505 504
f 352 498 351
f 499 504 500
f 506 353 354
f 506 354 507
f 354 508 507
f 354 355 508
f 509 355 356
f 509 508 355
f 511 510 357
f 510 356 357
f 510 509 356
f 358 359 511
f 359 510 511
f 359 512 510
f 513 359 360
f 513 512 359
f 514 360 361
f 514 513 360
f 515 361 362
f 515 514 361
f 362 347 502
f 362 502 515
f 365 505 352
f 365 516 505
f 367 353 506
f 507 367 506
f 517 367 507
f 368 511 357
f 511 368 358
f 519 518 369
f 519 369 370
f 365 369 516
f 516 369 518
f 521 520 372
f 372 520 371
f 372 367 517
f 372 517 521
f 522 373 374
f 370 373 519
f 519 373 522
f 525 524 523
f 520 525 523
f 375 520 523
f 371 520 375
f 527 522 526
f 522 376 526
f 522 374 376
f 524 528 523
f 528 530 529
f 528 529 377
f 523 528 377
f 375 523 377
f 531 378 377
f 531 377 529
f 531 380 378
f 527 526 381
f 382 527 381
f 532 527 382
f 381 526 376
f 530 533 529
f 529 533 531
f 531 533 534
f 380 531 534
f 535 380 534
f 384 380 535
f 538 537 536
f 386 387 536
f 537 386 536
f 539 386 537
f 382 386 532
f 532 386 539
f 535 388 384
f 540 388 535
f 543 542 541
f 545 544 541
f 545 541 542
f 544 545 538
f 536 544 538
f 546 544 536
f 389 546 387
f 387 546 536
f 548 547 392
f 392 547 391
f 392 388 540
f 392 540 548
f 551 550 549
f 549 550 543
f 541 549 543
f 552 549 541
f 553 541 544
f 552 541 553
f 394 553 393
f 553 546 393
f 553 544 546
f 393 546 389
f 547 395 391
f 554 395 547
f 551 549 555
f 551 555 556
f 557 549 552
f 555 549 557
f 558 552 553
f 557 552 558
f 396 558 394
f 394 558 553
f 554 397 395
f 559 397 554
f 562 561 560
f 560 561 556
f 555 560 556
f 563 555 557
f 399 563 398
f 563 558 398
f 563 557 558
f 398 558 396
f 565 564 401
f 401 564 400
f 401 397 559
f 401 559 565
f 562 560 566
f 562 566 567
f 568 560 555
f 566 560 568
f 568 563 403
f 568 555 563
f 403 563 399
f 569 404 405
f 570 569 405
f 400 570 405
f 564 570 400
f 571 572 567
f 566 571 567
f 573 571 566
f 574 566 568
f 573 566 574
f 406 574 403
f 403 574 568
f 576 575 413
f 577 576 569
f 576 407 569
f 407 404 569
f 576 413 407
f 577 569 570
f 578 572 571
f 580 579 578
f 571 580 578
f 573 580 571
f 410 580 409
f 580 574 409
f 580 573 574
f 409 574 406
f 582 581 412
f 412 581 411
f 582 413 575
f 412 413 582
f 585 584 583
f 584 585 579
f 580 584 579
f 586 584 580
f 414 586 410
f 410 586 580
f 588 587 416
f 416 587 415
f 416 411 581
f 416 581 588
f 591 590 589
f 583 591 589
f 584 591 583
f 419 591 418
f 591 586 418
f 591 584 586
f 418 586 414
f 587 593 592
f 420 587 592
f 415 587 420
f 596 595 594
f 595 596 590
f 591 595 590
f 597 595 591
f 421 597 419
f 419 597 591
f 600 599 598
f 600 598 593
f 593 598 592
f 598 423 592
f 423 424 592
f 592 424 420
f 601 594 595
f 601 595 602
f 425 606 426
f 606 595 426
f 595 597 426
f 606 602 595
f 426 597 421
f 599 604 603
f 599 603 598
f 603 427 598
f 427 428 598
f 598 428 423
f 607 606 605
f 606 429 605
f 606 425 429
f 603 604 432
f 604 431 432
f 604 608 431
f 603 432 427
f 607 605 609
f 607 609 610
f 435 609 429
f 429 609 605
f 611 437 438
f 612 611 438
f 431 612 438
f 608 612 431
f 610 609 613
f 610 613 614
f 448 613 435
f 435 613 609
f 615 450 611
f 611 450 437
f 611 612 616
f 611 616 615
f 614 613 617
f 614 617 618
f 461 617 448
f 448 617 613
f 462 450 615
f 771 620 619
f 462 615 463
f 616 463 615
f 463 616 621
f 619 621 616
f 621 619 620
f 622 464 463
f 622 463 621
f 622 466 464
f 618 617 474
f 618 474 623
f 461 474 617
f 771 624 620
f 620 624 621
f 621 624 625
f 621 625 622
f 622 625 626
f 626 628 627
f 626 627 466
f 622 626 466
f 629 475 466
f 629 466 627
f 630 476 475
f 630 475 629
f 630 478 476
f 623 474 483
f 482 623 483
f 631 623 482
f 628 632 627
f 627 632 629
f 629 632 633
f 629 633 630
f 630 633 634
f 630 634 478
f 634 484 478
f 634 635 484
f 485 635 636
f 484 635 485
f 637 486 485
f 637 485 636
f 486 637 638
f 639 486 638
f 487 486 639
f 482 487 631
f 631 487 639
f 636 640 637
f 637 640 641
f 637 641 638
f 645 644 642
f 642 644 643
f 645 646 644
f 648 647 489
f 649 642 493
f 642 648 493
f 648 489 493
f 642 643 648
f 642 650 645
f 642 649 650
f 646 645 651
f 651 645 650
f 653 652 491
f 491 652 490
f 491 489 647
f 491 647 653
f 649 493 495
f 649 495 650
f 495 501 650
f 501 651 650
f 501 654 651
f 656 655 497
f 497 655 496
f 497 490 652
f 497 652 656
f 500 657 501
f 657 658 501
f 658 654 501
f 663 662 502
f 664 502 503
f 664 663 502
f 503 496 655
f 503 655 664
f 505 665 504
f 665 666 504
f 504 666 500
f 666 667 500
f 667 657 500
f 657 667 658
f 668 507 508
f 509 669 508
f 508 669 668
f 669 509 670
f 509 671 670
f 509 510 671
f 672 510 512
f 672 671 510
f 673 512 513
f 673 672 512
f 514 659 660
f 673 514 660
f 513 514 673
f 674 661 659
f 514 674 659
f 515 674 514
f 515 502 662
f 515 662 674
f 677 676 675
f 676 678 665
f 516 676 665
f 505 516 665
f 675 676 516
f 665 678 666
f 679 517 668
f 668 517 507
f 680 668 669
f 679 668 680
f 669 670 681
f 682 669 681
f 680 669 682
f 683 682 681
f 684 685 677
f 684 677 675
f 519 684 675
f 518 519 675
f 518 675 516
f 686 520 521
f 517 679 521
f 679 686 521
f 679 687 686
f 688 679 680
f 687 679 688
f 688 682 689
f 680 682 688
f 692 691 690
f 690 691 685
f 690 685 684
f 522 690 684
f 522 684 519
f 693 524 525
f 520 686 525
f 686 693 525
f 686 694 693
f 695 686 687
f 694 686 695
f 696 687 688
f 695 687 696
f 688 689 697
f 688 697 696
f 698 699 692
f 698 692 690
f 527 698 690
f 527 690 522
f 693 528 524
f 528 693 530
f 693 700 530
f 693 694 700
f 701 694 695
f 700 694 701
f 696 703 702
f 701 696 702
f 695 696 701
f 703 696 697
f 706 705 704
f 708 707 704
f 708 704 705
f 707 708 699
f 698 707 699
f 709 707 698
f 532 709 527
f 527 709 698
f 700 533 530
f 533 700 534
f 534 700 701
f 535 534 701
f 702 535 701
f 710 535 702
f 706 704 711
f 706 711 712
f 538 711 537
f 711 707 537
f 711 704 707
f 537 707 539
f 539 707 709
f 539 709 532
f 710 540 535
f 713 540 710
f 717 714 542
f 717 542 543
f 711 545 712
f 545 714 712
f 545 542 714
f 545 711 538
f 716 715 548
f 548 715 547
f 548 540 713
f 548 713 716
f 718 717 550
f 718 550 551
f 543 550 717
f 715 554 547
f 719 554 715
f 722 721 720
f 721 718 720
f 718 556 720
f 718 551 556
f 559 719 723
f 554 719 559
f 722 720 561
f 562 722 561
f 725 722 562
f 561 720 556
f 723 724 565
f 724 564 565
f 724 726 564
f 723 565 559
f 728 725 727
f 725 567 727
f 725 562 567
f 726 570 564
f 729 570 726
f 728 727 572
f 730 728 572
f 572 727 567
f 575 576 731
f 576 733 731
f 734 576 577
f 734 733 576
f 577 570 729
f 577 729 734
f 737 736 735
f 738 735 578
f 735 730 578
f 730 572 578
f 730 735 736
f 579 738 578
f 731 732 582
f 732 581 582
f 732 739 581
f 731 582 575
f 742 741 740
f 740 741 737
f 740 737 735
f 589 740 735
f 583 589 735
f 583 735 585
f 585 735 738
f 585 738 579
f 744 743 588
f 588 743 587
f 588 581 739
f 588 739 744
f 742 740 745
f 742 745 746
f 747 740 589
f 747 745 740
f 590 747 589
f 593 587 743
f 593 743 748
f 746 745 594
f 749 746 594
f 594 745 596
f 596 745 747
f 596 747 590
f 751 750 600
f 600 750 599
f 600 593 748
f 600 748 751
f 753 752 754
f 754 749 601
f 749 594 601
f 749 754 752
f 602 755 601
f 601 755 754
f 606 755 602
f 756 604 599
f 757 756 599
f 750 757 599
f 753 754 758
f 753 758 759
f 758 754 760
f 607 760 606
f 760 755 606
f 760 754 755
f 762 761 756
f 761 604 756
f 761 608 604
f 762 756 757
f 763 759 758
f 765 764 763
f 758 765 763
f 760 765 758
f 610 765 607
f 607 765 760
f 761 612 608
f 766 612 761
f 767 764 765
f 765 610 767
f 610 768 767
f 610 614 768
f 766 616 612
f 769 616 766
f 618 768 614
f 618 770 768
f 772 771 619
f 616 772 619
f 769 772 616
f 775 774 773
f 774 770 773
f 770 623 773
f 770 618 623
f 777 624 776
f 624 771 776
f 778 776 771
f 772 778 771
f 625 624 779
f 777 779 624
f 780 626 625
f 780 625 779
f 780 628 626
f 775 773 781
f 775 781 782
f 631 781 623
f 623 781 773
f 776 783 777
f 785 784 783
f 784 777 783
f 784 779 777
f 779 786 780
f 779 784 786
f 787 632 628
f 780 787 628
f 786 787 780
f 788 633 632
f 788 632 787
f 789 634 633
f 789 633 788
f 790 635 634
f 790 634 789
f 790 636 635
f 782 781 639
f 638 782 639
f 791 782 638
f 639 781 631
f 784 785 792
f 792 785 793
f 784 794 786
f 784 792 794
f 786 795 787
f 786 794 795
f 797 788 796
f 788 795 796
f 788 787 795
f 788 797 789
f 789 797 798
f 789 798 790
f 790 798 799
f 790 799 636
f 799 640 636
f 799 800 640
f 640 801 641
f 800 801 640
f 638 641 791
f 791 641 801
f 792 793 802
f 802 793 803
f 805 794 804
f 794 802 804
f 794 792 802
f 794 805 795
f 795 805 806
f 795 806 796
f 803 970 802
f 802 970 804
f 811 810 643
f 644 807 808
f 811 644 808
f 643 644 811
f 813 812 646
f 646 812 644
f 812 809 644
f 809 807 644
f 813 814 812
f 816 815 648
f 648 815 647
f 648 643 810
f 648 810 816
f 651 817 813
f 651 813 646
f 814 813 818
f 818 813 817
f 820 819 653
f 653 819 652
f 653 647 815
f 653 815 820
f 654 821 817
f 654 817 651
f 818 817 822
f 822 817 821
f 823 825 824
f 826 828 827
f 830 829 656
f 656 829 655
f 656 652 819
f 656 819 830
f 833 832 831
f 832 1001 821
f 658 832 821
f 654 658 821
f 831 832 658
f 821 1001 822
f 836 835 834
f 836 834 824
f 824 834 823
f 834 660 823
f 660 659 823
f 661 837 659
f 837 825 659
f 825 823 659
f 837 661 827
f 827 661 826
f 661 662 826
f 662 663 826
f 838 828 826
f 663 838 826
f 664 838 663
f 664 655 829
f 664 829 838
f 841 840 839
f 839 840 833
f 839 833 831
f 666 839 831
f 667 666 831
f 667 831 658
f 842 670 671
f 842 671 843
f 671 844 843
f 671 672 844
f 673 834 835
f 844 673 835
f 672 673 844
f 834 673 660
f 661 674 662
f 846 845 676
f 846 676 677
f 839 678 841
f 678 845 841
f 678 676 845
f 678 839 666
f 842 681 670
f 848 847 683
f 848 683 681
f 843 848 681
f 842 843 681
f 849 847 848
f 851 850 685
f 677 685 846
f 846 685 850
f 852 689 682
f 853 852 682
f 853 682 683
f 854 853 683
f 847 854 683
f 854 847 849
f 857 856 855
f 691 692 855
f 856 691 855
f 858 691 856
f 685 691 851
f 851 691 858
f 859 697 852
f 852 697 689
f 852 853 860
f 852 860 859
f 863 862 861
f 861 862 857
f 861 857 855
f 699 861 855
f 699 855 692
f 864 702 703
f 865 864 703
f 865 703 697
f 866 865 697
f 859 866 697
f 866 859 860
f 868 867 705
f 868 705 706
f 861 708 863
f 708 867 863
f 708 705 867
f 708 861 699
f 869 710 864
f 864 710 702
f 864 865 870
f 864 870 869
f 873 872 871
f 872 868 871
f 868 712 871
f 868 706 712
f 875 874 869
f 874 710 869
f 874 713 710
f 875 869 870
f 876 877 873
f 876 873 871
f 717 876 871
f 714 717 871
f 714 871 712
f 879 878 716
f 716 878 715
f 716 713 874
f 716 874 879
f 882 881 880
f 880 881 877
f 880 877 876
f 718 880 876
f 717 718 876
f 878 719 715
f 883 719 878
f 882 880 721
f 722 882 721
f 884 882 722
f 721 880 718
f 886 885 723
f 723 885 724
f 723 719 883
f 723 883 886
f 889 888 887
f 888 884 887
f 884 725 887
f 884 722 725
f 885 726 724
f 890 726 885
f 889 887 728
f 891 889 728
f 728 887 725
f 894 893 892
f 734 895 892
f 892 895 894
f 890 895 734
f 729 890 734
f 726 890 729
f 898 897 896
f 897 891 896
f 891 730 896
f 891 728 730
f 899 732 731
f 893 900 892
f 900 731 892
f 731 733 892
f 731 900 899
f 892 733 734
f 898 896 736
f 737 898 736
f 905 898 737
f 736 896 730
f 903 902 901
f 904 903 899
f 903 739 899
f 739 732 899
f 903 901 739
f 904 899 900
f 906 905 741
f 906 741 742
f 737 741 905
f 910 909 907
f 907 909 908
f 909 910 902
f 902 910 901
f 910 743 901
f 743 744 901
f 901 744 739
f 913 912 911
f 912 906 911
f 906 746 911
f 906 742 746
f 907 908 914
f 914 908 915
f 910 914 748
f 907 914 910
f 910 748 743
f 913 911 916
f 913 916 917
f 749 916 746
f 746 916 911
f 915 918 914
f 918 750 914
f 750 751 914
f 914 751 748
f 917 916 752
f 753 917 752
f 919 917 753
f 752 916 749
f 920 918 921
f 920 757 750
f 920 750 918
f 924 923 922
f 923 919 922
f 919 759 922
f 919 753 759
f 920 921 762
f 921 761 762
f 921 925 761
f 920 762 757
f 924 922 926
f 924 926 927
f 763 928 759
f 928 922 759
f 928 926 922
f 764 928 763
f 925 766 761
f 929 766 925
f 932 931 930
f 930 931 927
f 926 930 927
f 933 930 926
f 934 926 928
f 933 926 934
f 767 935 764
f 935 928 764
f 935 934 928
f 768 935 767
f 929 769 766
f 936 769 929
f 932 930 937
f 932 937 938
f 939 930 933
f 937 930 939
f 934 941 940
f 939 934 940
f 933 934 939
f 943 942 941
f 934 943 941
f 935 943 934
f 770 943 768
f 768 943 935
f 946 945 944
f 936 946 944
f 772 936 944
f 769 936 772
f 947 938 937
f 949 948 947
f 937 949 947
f 939 949 937
f 939 940 950
f 939 950 949
f 942 943 774
f 775 942 774
f 951 942 775
f 774 943 770
f 944 945 778
f 945 776 778
f 945 952 776
f 944 778 772
f 953 948 949
f 956 955 954
f 950 953 949
f 956 951 955
f 951 782 955
f 951 775 782
f 957 958 783
f 952 957 783
f 776 952 783
f 957 952 1130
f 958 785 783
f 959 954 955
f 955 782 959
f 782 960 959
f 782 791 960
f 957 1130 958
f 958 1130 961
f 785 958 961
f 962 785 961
f 793 785 962
f 964 963 797
f 964 797 796
f 797 965 798
f 963 965 797
f 798 966 799
f 965 966 798
f 799 967 800
f 966 967 799
f 800 968 801
f 967 968 800
f 791 801 960
f 960 801 968
f 970 803 969
f 803 962 969
f 803 793 962
f 969 804 970
f 969 805 804
f 969 972 971
f 805 969 971
f 805 971 973
f 974 805 973
f 806 805 974
f 796 806 964
f 964 806 974
f 972 975 971
f 971 975 973
f 977 976 807
f 807 976 808
f 979 978 809
f 978 807 809
f 978 977 807
f 981 980 979
f 979 980 978
f 981 982 980
f 984 983 811
f 811 983 810
f 811 808 976
f 811 976 984
f 812 979 809
f 979 812 814
f 985 979 814
f 981 979 985
f 982 981 986
f 986 981 985
f 983 987 816
f 816 987 815
f 816 810 983
f 989 988 985
f 814 989 985
f 818 989 814
f 985 988 986
f 993 992 990
f 990 992 991
f 995 994 993
f 993 994 992
f 995 1007 994
f 997 996 820
f 820 996 819
f 820 815 987
f 820 987 997
f 1000 999 998
f 1002 1001 998
f 1002 998 999
f 1002 989 1001
f 989 822 1001
f 989 818 822
f 1004 1003 824
f 1005 990 825
f 990 1004 825
f 1004 824 825
f 990 991 1004
f 993 1005 827
f 990 1005 993
f 993 827 828
f 1006 993 828
f 995 993 1006
f 830 1007 829
f 1007 995 829
f 995 1006 829
f 830 819 996
f 830 996 1007
f 1010 1009 1008
f 1008 1009 1000
f 1008 1000 998
f 833 1008 998
f 832 833 998
f 832 998 1001
f 1012 1011 836
f 836 1011 835
f 836 824 1003
f 836 1003 1012
f 837 1005 825
f 1005 837 827
f 838 1006 828
f 1006 838 829
f 1010 1008 840
f 841 1010 840
f 1013 1010 841
f 840 1008 833
f 1014 843 844
f 1015 1014 844
f 835 1015 844
f 1011 1015 835
f 1018 1017 1016
f 1019 1016 1017
f 1021 1020 845
f 1021 845 846
f 841 845 1013
f 1013 845 1020
f 1014 848 843
f 849 848 1014
f 1015 849 1014
f 1022 849 1015
f 1025 1024 1023
f 1023 1024 1018
f 1016 1023 1018
f 1026 1023 1016
f 1027 850 851
f 1016 1027 851
f 1026 1016 851
f 1027 1016 1019
f 846 850 1021
f 1021 850 1027
f 1028 853 854
f 1029 1028 854
f 849 1029 854
f 1022 1029 849
f 1025 1023 856
f 857 1025 856
f 1030 1025 857
f 856 1023 858
f 858 1023 1026
f 858 1026 851
f 1032 1031 1028
f 1031 853 1028
f 1031 860 853
f 1032 1028 1029
f 1035 1034 1033
f 862 863 1033
f 1034 862 1033
f 1036 862 1034
f 857 862 1030
f 1030 862 1036
f 1037 865 866
f 860 1037 866
f 1031 1037 860
f 1035 1033 867
f 868 1035 867
f 1038 1035 868
f 867 1033 863
f 1039 865 1037
f 1039 870 865
f 1041 1040 872
f 1041 872 873
f 868 872 1038
f 1038 872 1040
f 1043 1042 875
f 875 1042 874
f 875 870 1039
f 875 1039 1043
f 873 877 1041
f 1041 877 1044
f 1046 1045 879
f 879 1045 878
f 879 874 1042
f 879 1042 1046
f 1048 1047 881
f 1048 881 882
f 877 881 1044
f 1044 881 1047
f 883 1045 1049
f 878 1045 883
f 884 1048 882
f 884 1051 1048
f 1049 1050 886
f 1050 885 886
f 1050 1052 885
f 1049 886 883
f 1054 1053 888
f 1054 888 889
f 884 888 1051
f 1051 888 1053
f 1052 890 885
f 1055 890 1052
f 891 1054 889
f 891 1056 1054
f 1058 1057 894
f 894 1057 893
f 1059 894 895
f 1059 1058 894
f 895 890 1055
f 895 1055 1059
f 1061 1060 897
f 1061 897 898
f 891 897 1056
f 1056 897 1060
f 1064 1063 1062
f 1057 1064 1062
f 900 1057 1062
f 893 1057 900
f 1066 1065 905
f 1065 1061 905
f 1061 898 905
f 1067 902 903
f 1063 1068 1062
f 1068 903 1062
f 903 904 1062
f 903 1068 1067
f 1062 904 900
f 906 1066 905
f 1072 1066 906
f 908 1070 1069
f 908 909 1070
f 909 902 1067
f 1071 909 1067
f 1070 909 1071
f 1071 1067 1068
f 1073 1072 912
f 1073 912 913
f 906 912 1072
f 1075 1074 908
f 1074 915 908
f 1075 908 1069
f 917 1073 913
f 917 1076 1073
f 915 1074 1078
f 1077 915 1078
f 1079 1077 1078
f 918 915 1077
f 1080 1079 1078
f 1083 1082 1081
f 1085 1084 1081
f 1085 1081 1082
f 1085 1076 1084
f 1076 919 1084
f 1076 917 919
f 1086 921 1077
f 1077 921 918
f 1087 1077 1079
f 1086 1077 1087
f 1079 1080 1088
f 1079 1088 1087
f 1091 1090 1089
f 1089 1090 1083
f 1081 1089 1083
f 1092 1089 1081
f 924 1092 923
f 1092 1084 923
f 1092 1081 1084
f 923 1084 919
f 1093 925 1086
f 1086 925 921
f 1094 1086 1087
f 1093 1086 1094
f 1087 1088 1095
f 1087 1095 1094
f 1091 1089 1096
f 1091 1096 1097
f 1098 1089 1092
f 1096 1089 1098
f 927 1098 924
f 924 1098 1092
f 1099 929 1093
f 1093 929 925
f 1100 1093 1094
f 1099 1093 1100
f 1094 1095 1101
f 1094 1101 1100
f 1104 1103 1102
f 1102 1103 1097
f 1096 1102 1097
f 1105 1102 1096
f 932 1105 931
f 1105 1098 931
f 1105 1096 1098
f 931 1098 927
f 1106 936 1099
f 1099 936 929
f 1100 1108 1107
f 1106 1100 1107
f 1099 1100 1106
f 1108 1100 1101
f 1104 1102 1109
f 1104 1109 1110
f 1111 1102 1105
f 1109 1102 1111
f 938 1111 932
f 932 1111 1105
f 1112 940 941
f 942 1112 941
f 1113 945 946
f 1114 1113 946
f 1114 946 936
f 1115 1114 936
f 1106 1115 936
f 1115 1106 1107
f 1110 1109 1116
f 1110 1116 1117
f 1118 1109 1111
f 1116 1109 1118
f 947 1119 938
f 1119 1111 938
f 1119 1118 1111
f 948 1119 947
f 1120 950 1112
f 1112 950 940
f 951 1120 942
f 942 1120 1112
f 1122 1121 1113
f 1121 945 1113
f 1121 952 945
f 1122 1113 1114
f 1123 1117 1116
f 1123 1116 1118
f 1123 1118 1124
f 1126 1125 1124
f 1118 1126 1124
f 1119 1126 1118
f 1126 1119 948
f 1127 1126 948
f 953 1127 948
f 1128 1126 1127
f 953 950 1127
f 1120 1127 950
f 1127 1120 1129
f 956 1129 1120
f 1129 956 954
f 956 1120 951
f 952 1131 1130
f 1121 1131 952
f 1132 1125 1126
f 1132 1126 1128
f 954 959 1133
f 1134 954 1133
f 1129 954 1134
f 960 1133 959
f 1137 1136 1135
f 1131 961 1130
f 961 1131 1138
f 1135 1138 1131
f 1138 1135 1136
f 1138 962 961
f 964 1139 963
f 1140 965 963
f 1140 963 1139
f 1141 966 965
f 1141 965 1140
f 1142 967 966
f 1142 966 1141
f 1143 1134 1133
f 967 1143 1133
f 968 967 1133
f 1143 967 1142
f 968 1133 960
f 1137 1144 1136
f 1136 1144 1138
f 1138 1144 1145
f 1145 1147 1146
f 1145 1146 969
f 1138 1145 969
f 962 1138 969
f 1146 972 969
f 1149 1148 974
f 1149 974 973
f 964 974 1139
f 974 1150 1139
f 974 1148 1150
f 1139 1150 1140
f 1140 1150 1151
f 1140 1151 1141
f 1141 1151 1152
f 1141 1152 1142
f 1142 1152 1153
f 1142 1153 1143
f 1147 1154 1146
f 1146 1154 972
f 1154 975 972
f 1154 1155 975
f 973 975 1149
f 1149 975 1155
f 1158 1157 1156
f 1156 1159 1158
f 1161 1160 977
f 977 1160 976
f 978 1156 1157
f 1161 978 1157
f 977 978 1161
f 1162 1159 1156
f 978 1162 1156
f 980 1162 978
f 1164 1163 982
f 1163 980 982
f 1163 1162 980
f 1164 1165 1163
f 1169 1168 1166
f 1166 1168 1167
f 983 984 1169
f 984 1168 1169
f 984 1170 1168
f 984 976 1160
f 984 1160 1170
f 1172 1171 1164
f 982 1172 1164
f 986 1172 982
f 1164 1171 1165
f 1175 1174 1173
f 1177 1176 1173
f 1173 1176 1175
f 1176 1177 1167
f 1177 1166 1167
f 1177 1178 1166
f 1178 987 983
f 1169 1178 983
f 1166 1178 1169
f 1180 1179 988
f 1180 988 989
f 986 988 1172
f 1172 988 1179
f 1182 1181 991
f 1183 991 992
f 1183 1182 991
f 994 1173 1174
f 1183 994 1174
f 992 994 1183
f 1173 994 1007
f 1184 1173 1007
f 1177 1173 1184
f 1184 996 997
f 1178 1184 997
f 1177 1184 1178
f 1178 997 987
f 1186 1185 999
f 1186 999 1000
f 999 1187 1002
f 1185 1187 999
f 989 1002 1180
f 1180 1002 1187
f 1190 1189 1188
f 1003 1004 1188
f 1004 1190 1188
f 1004 1191 1190
f 1004 991 1181
f 1004 1181 1191
f 1184 1007 996
f 1194 1193 1192
f 1009 1010 1192
f 1193 1009 1192
f 1195 1009 1193
f 1000 1009 1186
f 1186 1009 1195
f 1188 1189 1012
f 1189 1011 1012
f 1189 1196 1011
f 1188 1012 1003
f 1199 1198 1197
f 1197 1198 1194
f 1192 1197 1194
f 1200 1197 1192
f 1013 1200 1010
f 1010 1200 1192
f 1196 1015 1011
f 1201 1015 1196
f 1204 1203 1202
f 1017 1018 1202
f 1203 1017 1202
f 1205 1017 1203
f 1197 1206 1019
f 1205 1197 1019
f 1017 1205 1019
f 1199 1197 1205
f 1021 1206 1020
f 1206 1200 1020
f 1206 1197 1200
f 1020 1200 1013
f 1209 1208 1207
f 1201 1209 1207
f 1022 1201 1207
f 1015 1201 1022
f 1210 1211 1204
f 1210 1204 1202
f 1025 1210 1202
f 1024 1025 1202
f 1024 1202 1018
f 1206 1027 1019
f 1027 1206 1021
f 1207 1208 1212
f 1212 1208 1213
f 1212 1029 1022
f 1212 1022 1207
f 1216 1215 1214
f 1214 1215 1211
f 1210 1214 1211
f 1217 1214 1210
f 1030 1217 1025
f 1025 1217 1210
f 1219 1218 1213
f 1213 1218 1212
f 1218 1031 1212
f 1031 1032 1212
f 1212 1032 1029
f 1222 1221 1220
f 1220 1221 1216
f 1220 1216 1214
f 1035 1220 1214
f 1034 1035 1214
f 1034 1214 1036
f 1036 1214 1217
f 1036 1217 1030
f 1218 1219 1223
f 1223 1219 1224
f 1223 1037 1031
f 1223 1031 1218
f 1222 1220 1225
f 1222 1225 1226
f 1038 1225 1035
f 1035 1225 1220
f 1229 1228 1227
f 1229 1227 1224
f 1224 1227 1223
f 1227 1039 1223
f 1039 1037 1223
f 1232 1231 1230
f 1230 1231 1226
f 1230 1226 1225
f 1041 1230 1225
f 1040 1041 1225
f 1040 1225 1038
f 1227 1228 1043
f 1228 1042 1043
f 1228 1233 1042
f 1227 1043 1039
f 1236 1235 1234
f 1234 1235 1232
f 1234 1232 1230
f 1044 1234 1230
f 1044 1230 1041
f 1238 1237 1046
f 1046 1237 1045
f 1046 1042 1233
f 1046 1233 1238
f 1236 1234 1047
f 1048 1236 1047
f 1239 1236 1048
f 1047 1234 1044
f 1241 1240 1049
f 1049 1240 1050
f 1049 1045 1237
f 1049 1237 1241
f 1051 1239 1048
f 1051 1242 1239
f 1240 1052 1050
f 1243 1052 1240
f 1245 1244 1053
f 1245 1053 1054
f 1051 1053 1242
f 1242 1053 1244
f 1243 1055 1052
f 1246 1055 1243
f 1056 1245 1054
f 1056 1247 1245
f 1248 1057 1058
f 1248 1058 1249
f 1058 1250 1249
f 1058 1059 1250
f 1059 1055 1246
f 1059 1246 1250
f 1255 1251 1060
f 1255 1060 1061
f 1056 1060 1247
f 1247 1060 1251
f 1253 1252 1064
f 1064 1252 1063
f 1064 1057 1248
f 1254 1064 1248
f 1253 1064 1254
f 1254 1248 1249
f 1256 1255 1065
f 1256 1065 1066
f 1061 1065 1255
f 1259 1258 1257
f 1252 1259 1257
f 1068 1252 1257
f 1063 1252 1068
f 1262 1261 1260
f 1261 1256 1260
f 1256 1072 1260
f 1256 1066 1072
f 1263 1069 1070
f 1258 1264 1257
f 1264 1070 1257
f 1070 1071 1257
f 1070 1264 1263
f 1257 1071 1068
f 1267 1266 1265
f 1265 1266 1262
f 1265 1262 1260
f 1073 1265 1260
f 1072 1073 1260
f 1268 1074 1075
f 1069 1263 1075
f 1263 1268 1075
f 1263 1269 1268
f 1263 1264 1270
f 1263 1270 1269
f 1273 1272 1271
f 1271 1272 1267
f 1265 1271 1267
f 1274 1271 1265
f 1076 1274 1073
f 1073 1274 1265
f 1268 1078 1074
f 1268 1269 1275
f 1080 1268 1275
f 1276 1080 1275
f 1268 1080 1078
f 1275 1269 1270
f 1273 1271 1082
f 1083 1273 1082
f 1277 1273 1083
f 1082 1271 1085
f 1085 1271 1274
f 1085 1274 1076
f 1276 1088 1080
f 1278 1088 1276
f 1281 1280 1279
f 1090 1091 1279
f 1280 1090 1279
f 1282 1090 1280
f 1083 1090 1277
f 1277 1090 1282
f 1278 1095 1088
f 1451 1095 1278
f 1281 1279 1283
f 1281 1283 1451
f 1097 1283 1091
f 1091 1283 1279
f 1284 1101 1451
f 1101 1095 1451
f 1284 1451 1283
f 1104 1284 1283
f 1103 1104 1283
f 1103 1283 1097
f 1285 1107 1108
f 1101 1284 1108
f 1284 1285 1108
f 1284 1286 1285
f 1110 1286 1104
f 1104 1286 1284
f 1287 1114 1115
f 1288 1287 1115
f 1288 1115 1107
f 1289 1288 1107
f 1285 1289 1107
f 1291 1290 1289
f 1285 1291 1289
f 1286 1291 1285
f 1117 1291 1110
f 1110 1291 1286
f 1292 1121 1122
f 1293 1292 1122
f 1293 1122 1114
f 1294 1293 1114
f 1287 1294 1114
f 1294 1287 1288
f 1295 1290 1291
f 1297 1295 1296
f 1296 1295 1123
f 1295 1291 1123
f 1291 1117 1123
f 1124 1298 1123
f 1123 1298 1296
f 1125 1298 1124
f 1299 1128 1127
f 1129 1299 1127
f 1301 1300 1292
f 1300 1121 1292
f 1300 1131 1121
f 1301 1292 1293
f 1302 1297 1296
f 1302 1296 1298
f 1302 1298 1303
f 1303 1298 1125
f 1132 1303 1125
f 1304 1303 1132
f 1304 1132 1128
f 1305 1304 1128
f 1299 1305 1128
f 1304 1305 1306
f 1134 1305 1129
f 1129 1305 1299
f 1308 1307 1135
f 1135 1307 1137
f 1135 1131 1300
f 1135 1300 1308
f 1309 1306 1305
f 1305 1134 1309
f 1134 1310 1309
f 1134 1143 1310
f 1307 1311 1137
f 1137 1311 1144
f 1311 1313 1312
f 1145 1311 1312
f 1144 1311 1145
f 1312 1147 1145
f 1149 1314 1148
f 1315 1150 1148
f 1315 1148 1314
f 1316 1151 1150
f 1316 1150 1315
f 1317 1152 1151
f 1317 1151 1316
f 1152 1317 1318
f 1319 1152 1318
f 1153 1152 1319
f 1143 1153 1310
f 1310 1153 1319
f 1313 1320 1312
f 1320 1322 1321
f 1320 1321 1154
f 1312 1320 1154
f 1147 1312 1154
f 1323 1155 1154
f 1323 1154 1321
f 1314 1149 1155
f 1323 1314 1155
f 1324 1314 1323
f 1314 1325 1315
f 1314 1324 1325
f 1315 1326 1316
f 1315 1325 1326
f 1328 1317 1327
f 1317 1326 1327
f 1317 1316 1326
f 1317 1328 1318
f 1322 1329 1321
f 1321 1329 1323
f 1323 1329 1330
f 1323 1330 1324
f 1324 1330 1331
f 1324 1331 1325
f 1325 1331 1332
f 1325 1332 1326
f 1326 1332 1333
f 1326 1333 1327
f 1336 1335 1334
f 1338 1337 1334
f 1334 1337 1336
f 1338 1339 1337
f 1342 1341 1340
f 1344 1343 1340
f 1340 1343 1342
f 1343 1344 1335
f 1335 1344 1334
f 1344 1157 1334
f 1157 1158 1334
f 1334 1158 1159
f 1345 1334 1159
f 1338 1334 1345
f 1339 1338 1346
f 1338 1347 1346
f 1338 1345 1347
f 1347 1348 1346
f 1352 1351 1350
f 1352 1350 1341
f 1350 1340 1341
f 1350 1353 1340
f 1353 1160 1161
f 1344 1353 1161
f 1340 1353 1344
f 1344 1161 1157
f 1162 1345 1159
f 1345 1162 1163
f 1345 1163 1347
f 1348 1347 1354
f 1347 1165 1354
f 1165 1355 1354
f 1165 1347 1163
f 1348 1354 1349
f 1357 1356 1167
f 1168 1350 1351
f 1357 1168 1351
f 1167 1168 1357
f 1350 1168 1170
f 1350 1170 1353
f 1353 1170 1160
f 1359 1358 1171
f 1359 1171 1172
f 1165 1171 1355
f 1355 1171 1358
f 1361 1360 1175
f 1175 1360 1174
f 1362 1175 1176
f 1362 1361 1175
f 1176 1167 1356
f 1176 1356 1362
f 1365 1364 1363
f 1179 1180 1363
f 1364 1179 1363
f 1366 1179 1364
f 1172 1179 1359
f 1359 1179 1366
f 1369 1368 1367
f 1181 1182 1369
f 1182 1368 1369
f 1182 1370 1368
f 1371 1182 1183
f 1371 1370 1182
f 1183 1174 1360
f 1183 1360 1371
f 1376 1373 1372
f 1185 1186 1372
f 1373 1185 1372
f 1374 1185 1373
f 1363 1187 1365
f 1187 1374 1365
f 1187 1185 1374
f 1187 1363 1180
f 1367 1532 1190
f 1532 1189 1190
f 1532 1375 1189
f 1367 1190 1191
f 1367 1191 1369
f 1369 1191 1181
f 1377 1376 1193
f 1377 1193 1194
f 1372 1195 1376
f 1195 1193 1376
f 1195 1372 1186
f 1375 1196 1189
f 1378 1196 1375
f 1380 1379 1198
f 1380 1198 1199
f 1194 1198 1377
f 1377 1198 1379
f 1378 1201 1196
f 1381 1201 1378
f 1204 1382 1203
f 1203 1382 1383
f 1384 1203 1383
f 1205 1203 1384
f 1199 1205 1380
f 1380 1205 1384
f 1386 1385 1209
f 1209 1385 1208
f 1209 1201 1381
f 1209 1381 1386
f 1388 1387 1211
f 1204 1211 1382
f 1211 1389 1382
f 1211 1387 1389
f 1382 1389 1383
f 1385 1213 1208
f 1390 1213 1385
f 1392 1391 1215
f 1392 1215 1216
f 1211 1215 1388
f 1388 1215 1391
f 1394 1393 1219
f 1219 1213 1390
f 1219 1390 1394
f 1396 1395 1221
f 1396 1221 1222
f 1216 1221 1392
f 1392 1221 1395
f 1393 1224 1219
f 1397 1224 1393
f 1226 1396 1222
f 1226 1398 1396
f 1400 1399 1229
f 1229 1399 1228
f 1229 1224 1397
f 1229 1397 1400
f 1402 1401 1231
f 1402 1231 1232
f 1226 1231 1398
f 1398 1231 1401
f 1405 1404 1403
f 1399 1405 1403
f 1233 1399 1403
f 1228 1399 1233
f 1236 1410 1235
f 1410 1406 1235
f 1406 1232 1235
f 1406 1402 1232
f 1409 1408 1407
f 1409 1407 1404
f 1404 1407 1403
f 1407 1237 1403
f 1237 1238 1403
f 1403 1238 1233
f 1236 1411 1410
f 1239 1411 1236
f 1414 1413 1412
f 1414 1412 1408
f 1408 1412 1407
f 1412 1240 1407
f 1240 1241 1407
f 1407 1241 1237
f 1417 1416 1415
f 1416 1411 1415
f 1411 1242 1415
f 1411 1239 1242
f 1412 1413 1418
f 1418 1413 1419
f 1418 1243 1240
f 1418 1240 1412
f 1417 1415 1244
f 1245 1417 1244
f 1420 1417 1245
f 1244 1415 1242
f 1418 1419 1421
f 1421 1419 1422
f 1421 1246 1243
f 1421 1243 1418
f 1427 1424 1423
f 1424 1420 1423
f 1420 1247 1423
f 1420 1245 1247
f 1421 1422 1250
f 1422 1249 1250
f 1422 1425 1249
f 1421 1250 1246
f 1432 1427 1426
f 1426 1427 1423
f 1255 1426 1423
f 1251 1255 1423
f 1251 1423 1247
f 1428 1252 1253
f 1428 1253 1429
f 1253 1430 1429
f 1253 1254 1430
f 1254 1249 1425
f 1254 1425 1430
f 1433 1432 1431
f 1431 1432 1426
f 1256 1431 1426
f 1255 1256 1426
f 1434 1258 1259
f 1435 1434 1259
f 1435 1259 1252
f 1436 1435 1252
f 1428 1436 1252
f 1436 1428 1429
f 1439 1438 1437
f 1437 1438 1433
f 1437 1433 1431
f 1262 1437 1431
f 1261 1262 1431
f 1261 1431 1256
f 1440 1264 1434
f 1434 1264 1258
f 1434 1435 1441
f 1442 1434 1441
f 1440 1434 1442
f 1444 1443 1442
f 1444 1442 1441
f 1443 1444 1439
f 1443 1439 1437
f 1267 1443 1437
f 1266 1267 1437
f 1266 1437 1262
f 1445 1270 1440
f 1440 1270 1264
f 1446 1440 1442
f 1445 1440 1446
f 1273 1446 1272
f 1446 1443 1272
f 1446 1442 1443
f 1272 1443 1267
f 1447 1276 1275
f 1270 1445 1275
f 1445 1447 1275
f 1445 1448 1447
f 1449 1445 1446
f 1448 1445 1449
f 1277 1449 1273
f 1273 1449 1446
f 1450 1278 1447
f 1447 1278 1276
f 1281 1450 1280
f 1450 1448 1280
f 1450 1447 1448
f 1280 1448 1282
f 1282 1448 1449
f 1282 1449 1277
f 1450 1451 1278
f 1281 1451 1450
f 1290 1288 1289
f 1453 1452 1294
f 1294 1452 1293
f 1294 1288 1290
f 1454 1294 1290
f 1453 1294 1454
f 1456 1454 1455
f 1455 1454 1295
f 1454 1290 1295
f 1297 1455 1295
f 1457 1300 1301
f 1458 1457 1301
f 1293 1458 1301
f 1452 1458 1293
f 1459 1456 1455
f 1459 1455 1297
f 1302 1459 1297
f 1460 1459 1302
f 1461 1302 1303
f 1461 1460 1302
f 1462 1303 1304
f 1462 1461 1303
f 1304 1306 1462
f 1462 1306 1463
f 1464 1307 1308
f 1465 1464 1308
f 1465 1308 1300
f 1466 1465 1300
f 1457 1466 1300
f 1466 1457 1458
f 1467 1463 1306
f 1467 1306 1309
f 1473 1309 1310
f 1473 1467 1309
f 1311 1307 1464
f 1470 1469 1468
f 1313 1468 1469
f 1313 1465 1468
f 1313 1311 1464
f 1465 1313 1464
f 1318 1471 1319
f 1471 1472 1319
f 1319 1472 1310
f 1472 1473 1310
f 1470 1474 1469
f 1469 1474 1313
f 1474 1320 1313
f 1474 1475 1320
f 1322 1320 1475
f 1322 1475 1476
f 1478 1477 1328
f 1478 1328 1327
f 1318 1328 1471
f 1328 1479 1471
f 1328 1477 1479
f 1471 1479 1472
f 1476 1480 1322
f 1322 1480 1329
f 1329 1481 1330
f 1480 1481 1329
f 1330 1482 1331
f 1481 1482 1330
f 1331 1483 1332
f 1482 1483 1331
f 1332 1484 1333
f 1483 1484 1332
f 1327 1333 1478
f 1478 1333 1484
f 1487 1486 1485
f 1490 1489 1488
f 1492 1491 1488
f 1488 1491 1490
f 1491 1492 1486
f 1492 1485 1486
f 1492 1493 1485
f 1485 1495 1494
f 1485 1493 1495
f 1495 1496 1494
f 1499 1498 1497
f 1499 1497 1489
f 1489 1497 1488
f 1497 1335 1488
f 1335 1336 1488
f 1488 1336 1337
f 1488 1337 1492
f 1492 1337 1339
f 1500 1492 1339
f 1493 1492 1500
f 1502 1495 1501
f 1495 1500 1501
f 1495 1493 1500
f 1495 1502 1496
f 1504 1503 1342
f 1342 1503 1341
f 1343 1497 1498
f 1504 1343 1498
f 1342 1343 1504
f 1497 1343 1335
f 1346 1500 1339
f 1505 1501 1500
f 1346 1505 1500
f 1348 1505 1346
f 1348 1349 1505
f 1505 1349 1506
f 1508 1507 1352
f 1352 1507 1351
f 1352 1341 1503
f 1352 1503 1508
f 1355 1509 1354
f 1509 1510 1354
f 1510 1349 1354
f 1510 1506 1349
f 1512 1511 1357
f 1357 1511 1356
f 1357 1351 1507
f 1357 1507 1512
f 1515 1513 1514
f 1517 1516 1358
f 1517 1358 1359
f 1355 1358 1509
f 1358 1518 1509
f 1358 1516 1518
f 1509 1518 1510
f 1521 1520 1519
f 1519 1522 1521
f 1525 1524 1523
f 1360 1361 1523
f 1361 1525 1523
f 1361 1526 1525
f 1527 1361 1362
f 1527 1526 1361
f 1362 1356 1511
f 1362 1511 1527
f 1530 1529 1528
f 1528 1529 1514
f 1528 1514 1513
f 1365 1528 1513
f 1364 1365 1513
f 1515 1531 1513
f 1531 1364 1513
f 1531 1366 1364
f 1359 1366 1517
f 1517 1366 1531
f 1520 1533 1519
f 1533 1367 1519
f 1367 1368 1519
f 1367 1533 1532
f 1534 1522 1519
f 1368 1534 1519
f 1370 1534 1368
f 1371 1523 1524
f 1534 1371 1524
f 1370 1371 1534
f 1523 1371 1360
f 1536 1535 1373
f 1536 1373 1376
f 1528 1374 1530
f 1374 1535 1530
f 1374 1373 1535
f 1374 1528 1365
f 1537 1375 1532
f 1532 1533 1538
f 1532 1538 1537
f 1540 1539 1376
f 1540 1376 1377
f 1536 1376 1539
f 1542 1541 1537
f 1541 1375 1537
f 1541 1378 1375
f 1542 1537 1538
f 1544 1543 1379
f 1544 1379 1380
f 1377 1379 1540
f 1540 1379 1543
f 1541 1381 1378
f 1545 1381 1541
f 1547 1546 1384
f 1547 1384 1383
f 1380 1384 1544
f 1544 1384 1546
f 1549 1548 1386
f 1386 1548 1385
f 1386 1381 1545
f 1386 1545 1549
f 1552 1551 1550
f 1387 1388 1550
f 1551 1387 1550
f 1553 1387 1551
f 1387 1554 1389
f 1553 1554 1387
f 1383 1389 1547
f 1547 1389 1554
f 1548 1390 1385
f 1555 1390 1548
f 1552 1550 1391
f 1392 1552 1391
f 1556 1552 1392
f 1391 1550 1388
f 1558 1557 1394
f 1394 1557 1393
f 1394 1390 1555
f 1394 1555 1558
f 1560 1559 1395
f 1560 1395 1396
f 1392 1395 1556
f 1556 1395 1559
f 1557 1397 1393
f 1561 1397 1557
f 1398 1560 1396
f 1398 1562 1560
f 1400 1563 1399
f 1400 1397 1561
f 1400 1561 1563
f 1565 1564 1401
f 1565 1401 1402
f 1398 1401 1562
f 1562 1401 1564
f 1566 1404 1405
f 1567 1566 1405
f 1399 1567 1405
f 1563 1567 1399
f 1570 1569 1568
f 1569 1565 1568
f 1565 1406 1568
f 1565 1402 1406
f 1571 1408 1409
f 1404 1566 1409
f 1566 1571 1409
f 1566 1572 1571
f 1566 1567 1573
f 1574 1566 1573
f 1572 1566 1574
f 1576 1575 1574
f 1576 1574 1573
f 1575 1576 1570
f 1575 1570 1568
f 1411 1575 1568
f 1410 1411 1568
f 1410 1568 1406
f 1577 1413 1414
f 1578 1577 1414
f 1578 1414 1408
f 1579 1578 1408
f 1571 1579 1408
f 1581 1580 1579
f 1571 1581 1579
f 1572 1581 1571
f 1582 1572 1574
f 1581 1572 1582
f 1417 1582 1416
f 1582 1575 1416
f 1582 1574 1575
f 1416 1575 1411
f 1583 1419 1577
f 1577 1419 1413
f 1577 1578 1584
f 1585 1577 1584
f 1583 1577 1585
f 1585 1584 1580
f 1581 1585 1580
f 1586 1585 1581
f 1587 1581 1582
f 1586 1581 1587
f 1420 1587 1417
f 1417 1587 1582
f 1588 1422 1583
f 1583 1422 1419
f 1589 1583 1585
f 1588 1583 1589
f 1590 1585 1586
f 1589 1585 1590
f 1427 1590 1424
f 1590 1587 1424
f 1590 1586 1587
f 1424 1587 1420
f 1591 1425 1588
f 1588 1425 1422
f 1592 1588 1589
f 1591 1588 1592
f 1432 1592 1427
f 1592 1590 1427
f 1592 1589 1590
f 1593 1429 1430
f 1425 1591 1430
f 1591 1593 1430
f 1591 1594 1593
f 1433 1594 1432
f 1594 1592 1432
f 1594 1591 1592
f 1595 1435 1436
f 1429 1593 1436
f 1593 1595 1436
f 1593 1596 1595
f 1439 1596 1438
f 1596 1594 1438
f 1596 1593 1594
f 1438 1594 1433
f 1595 1441 1435
f 1441 1595 1444
f 1444 1595 1596
f 1444 1596 1439
f 1597 1452 1453
f 1454 1598 1453
f 1453 1598 1597
f 1456 1598 1454
f 1600 1599 1597
f 1599 1452 1597
f 1599 1458 1452
f 1600 1597 1598
f 1600 1598 1601
f 1601 1598 1456
f 1459 1601 1456
f 1602 1601 1459
f 1603 1459 1460
f 1603 1602 1459
f 1604 1460 1461
f 1604 1603 1460
f 1605 1461 1462
f 1605 1604 1461
f 1607 1606 1463
f 1606 1462 1463
f 1606 1605 1462
f 1607 1608 1606
f 1610 1609 1466
f 1466 1609 1465
f 1466 1458 1599
f 1466 1599 1610
f 1467 1607 1463
f 1611 1608 1607
f 1467 1611 1607
f 1473 1611 1467
f 1611 1473 1612
f 1614 1613 1468
f 1468 1613 1470
f 1468 1465 1609
f 1468 1609 1614
f 1616 1615 1473
f 1616 1473 1472
f 1612 1473 1615
f 1474 1470 1617
f 1470 1618 1617
f 1470 1613 1618
f 1619 1475 1474
f 1619 1474 1617
f 1619 1476 1475
f 1621 1620 1477
f 1621 1477 1478
f 1477 1622 1479
f 1620 1622 1477
f 1472 1479 1616
f 1616 1479 1622
f 1617 1618 1623
f 1623 1618 1624
f 1617 1625 1619
f 1617 1623 1625
f 1626 1480 1476
f 1619 1626 1476
f 1625 1626 1619
f 1480 1626 1627
f 1628 1480 1627
f 1481 1480 1628
f 1481 1629 1482
f 1628 1629 1481
f 1482 1630 1483
f 1629 1630 1482
f 1483 1631 1484
f 1630 1631 1483
f 1478 1484 1621
f 1621 1484 1631
f 1624 1632 1623
f 1623 1632 1625
f 1625 1632 1633
f 1625 1633 1626
f 1626 1633 1634
f 1626 1634 1627
f 1637 1636 1635
f 1486 1487 1635
f 1487 1637 1635
f 1487 1638 1637
f 1640 1639 1485
f 1639 1487 1485
f 1639 1638 1487
f 1640 1641 1639
f 1643 1642 1490
f 1490 1642 1489
f 1491 1635 1636
f 1643 1491 1636
f 1490 1491 1643
f 1635 1491 1486
f 1494 1640 1485
f 1645 1644 1496
f 1496 1644 1494
f 1644 1641 1494
f 1641 1640 1494
f 1652 1646 1645
f 1645 1646 1644
f 1648 1647 1499
f 1499 1647 1498
f 1499 1489 1642
f 1499 1642 1648
f 1501 1649 1502
f 1645 1496 1502
f 1649 1645 1502
f 1650 1645 1649
f 1652 1650 1651
f 1652 1645 1650
f 1654 1653 1504
f 1504 1653 1503
f 1504 1498 1647
f 1504 1647 1654
f 1505 1649 1501
f 1649 1505 1506
f 1655 1649 1506
f 1650 1649 1655
f 1651 1650 1656
f 1656 1650 1655
f 1659 1658 1657
f 1507 1508 1657
f 1508 1659 1657
f 1508 1660 1659
f 1508 1503 1653
f 1508 1653 1660
f 1662 1661 1655
f 1506 1662 1655
f 1510 1662 1506
f 1655 1661 1656
f 1665 1664 1663
f 1667 1666 1663
f 1663 1666 1665
f 1669 1668 1667
f 1667 1668 1666
f 1671 1670 1669
f 1669 1670 1668
f 1670 1671 1658
f 1658 1671 1657
f 1671 1511 1657
f 1511 1512 1657
f 1657 1512 1507
f 1673 1672 1514
f 1675 1674 1515
f 1514 1675 1515
f 1672 1675 1514
f 1516 1517 1674
f 1675 1516 1674
f 1676 1516 1675
f 1516 1677 1518
f 1676 1677 1516
f 1510 1518 1662
f 1662 1518 1677
f 1679 1678 1521
f 1521 1678 1520
f 1680 1663 1522
f 1663 1679 1522
f 1679 1521 1522
f 1663 1664 1679
f 1680 1524 1525
f 1667 1680 1525
f 1663 1680 1667
f 1667 1525 1526
f 1667 1526 1669
f 1669 1526 1527
f 1669 1527 1671
f 1671 1527 1511
f 1682 1681 1529
f 1682 1529 1530
f 1514 1529 1673
f 1673 1529 1681
f 1674 1531 1515
f 1531 1674 1517
f 1678 1533 1520
f 1683 1533 1678
f 1534 1680 1522
f 1680 1534 1524
f 1686 1684 1535
f 1686 1535 1536
f 1530 1535 1682
f 1682 1535 1684
f 1683 1538 1533
f 1685 1538 1683
f 1687 1686 1539
f 1687 1539 1540
f 1536 1539 1686
f 1689 1688 1542
f 1542 1688 1541
f 1542 1538 1685
f 1542 1685 1689
f 1691 1690 1543
f 1691 1543 1544
f 1540 1543 1687
f 1687 1543 1690
f 1688 1545 1541
f 1692 1545 1688
f 1695 1694 1693
f 1697 1696 1693
f 1697 1693 1694
f 1546 1547 1696
f 1697 1546 1696
f 1698 1546 1697
f 1544 1546 1691
f 1691 1546 1698
f 1699 1548 1549
f 1700 1699 1549
f 1545 1700 1549
f 1692 1700 1545
f 1702 1701 1551
f 1702 1551 1552
f 1693 1553 1695
f 1553 1701 1695
f 1553 1551 1701
f 1553 1693 1554
f 1554 1693 1696
f 1554 1696 1547
f 1704 1703 1699
f 1703 1548 1699
f 1703 1555 1548
f 1704 1699 1700
f 1707 1706 1705
f 1706 1702 1705
f 1702 1556 1705
f 1702 1552 1556
f 1708 1557 1558
f 1709 1708 1558
f 1555 1709 1558
f 1703 1709 1555
f 1707 1705 1559
f 1560 1707 1559
f 1710 1707 1560
f 1559 1705 1556
f 1711 1561 1708
f 1708 1561 1557
f 1708 1709 1712
f 1713 1708 1712
f 1711 1708 1713
f 1715 1714 1713
f 1715 1713 1712
f 1715 1710 1714
f 1710 1562 1714
f 1710 1560 1562
f 1561 1711 1563
f 1711 1716 1563
f 1711 1717 1716
f 1718 1711 1713
f 1717 1711 1718
f 1565 1718 1564
f 1718 1714 1564
f 1718 1713 1714
f 1564 1714 1562
f 1719 1567 1716
f 1716 1567 1563
f 1720 1716 1717
f 1719 1716 1720
f 1570 1720 1569
f 1720 1718 1569
f 1720 1717 1718
f 1569 1718 1565
f 1719 1573 1567
f 1573 1719 1576
f 1576 1719 1720
f 1576 1720 1570
f 1721 1578 1579
f 1580 1721 1579
f 1721 1584 1578
f 1584 1721 1580
f 1724 1723 1722
f 1722 1725 1724
f 1722 1723 1600
f 1723 1599 1600
f 1723 1726 1599
f 1727 1725 1722
f 1600 1727 1722
f 1601 1727 1600
f 1728 1601 1602
f 1728 1727 1601
f 1729 1602 1603
f 1729 1728 1602
f 1730 1603 1604
f 1730 1729 1603
f 1731 1604 1605
f 1731 1730 1604
f 1732 1605 1606
f 1732 1731 1605
f 1606 1608 1732
f 1732 1608 1733
f 1735 1734 1610
f 1610 1734 1609
f 1610 1599 1726
f 1610 1726 1735
f 1736 1733 1608
f 1736 1608 1611
f 1611 1612 1736
f 1736 1612 1739
f 1738 1737 1614
f 1614 1737 1613
f 1614 1609 1734
f 1614 1734 1738
f 1740 1739 1615
f 1740 1615 1616
f 1612 1615 1739
f 1737 1618 1613
f 1741 1618 1737
f 1743 1742 1620
f 1743 1620 1621
f 1620 1744 1622
f 1742 1744 1620
f 1616 1622 1740
f 1740 1622 1744
f 1741 1624 1618
f 1745 1624 1741
f 1627 1753 1628
f 1628 1753 1746
f 1747 1628 1746
f 1629 1628 1747
f 1629 1748 1630
f 1747 1748 1629
f 1630 1749 1631
f 1748 1749 1630
f 1621 1631 1743
f 1743 1631 1749
f 1745 1750 1624
f 1624 1750 1632
f 1632 1751 1633
f 1750 1751 1632
f 1633 1752 1634
f 1751 1752 1633
f 1627 1634 1753
f 1634 1752 1753
f 1756 1755 1754
f 1758 1757 1754
f 1754 1757 1756
f 1758 1759 1757
f 1761 1760 1637
f 1637 1760 1636
f 1762 1637 1638
f 1762 1761 1637
f 1639 1754 1755
f 1762 1639 1755
f 1638 1639 1762
f 1754 1639 1641
f 1763 1754 1641
f 1758 1754 1763
f 1759 1758 1764
f 1764 1758 1763
f 1766 1765 1643
f 1643 1765 1642
f 1643 1636 1760
f 1643 1760 1766
f 1644 1763 1641
f 1767 1764 1763
f 1644 1767 1763
f 1646 1767 1644
f 1769 1768 1652
f 1768 1646 1652
f 1768 1767 1646
f 1769 1770 1768
f 1773 1772 1771
f 1771 1774 1773
f 1776 1775 1648
f 1648 1775 1647
f 1648 1642 1765
f 1648 1765 1776
f 1651 1777 1652
f 1777 1769 1652
f 1778 1769 1777
f 1770 1769 1779
f 1779 1769 1778
f 1782 1781 1780
f 1782 1780 1772
f 1780 1771 1772
f 1780 1783 1771
f 1654 1784 1653
f 1784 1771 1653
f 1771 1783 1653
f 1771 1784 1774
f 1654 1647 1775
f 1654 1775 1784
f 1656 1785 1777
f 1656 1777 1651
f 1787 1778 1786
f 1778 1785 1786
f 1778 1777 1785
f 1778 1787 1779
f 1790 1789 1788
f 1670 1791 1788
f 1788 1791 1790
f 1791 1670 1781
f 1781 1670 1780
f 1670 1658 1780
f 1658 1659 1780
f 1780 1659 1660
f 1780 1660 1783
f 1783 1660 1653
f 1794 1793 1792
f 1796 1795 1792
f 1796 1792 1793
f 1661 1662 1795
f 1796 1661 1795
f 1797 1661 1796
f 1656 1661 1785
f 1661 1798 1785
f 1661 1797 1798
f 1785 1798 1786
f 1800 1799 1665
f 1665 1799 1664
f 1801 1665 1666
f 1801 1800 1665
f 1668 1788 1789
f 1801 1668 1789
f 1666 1668 1801
f 1788 1668 1670
f 1803 1802 1672
f 1803 1672 1673
f 1672 1804 1675
f 1802 1804 1672
f 1792 1676 1794
f 1676 1804 1794
f 1676 1675 1804
f 1676 1792 1677
f 1677 1792 1795
f 1677 1795 1662
f 1806 1805 1679
f 1679 1805 1678
f 1679 1664 1799
f 1679 1799 1806
f 1808 1807 1681
f 1808 1681 1682
f 1673 1681 1803
f 1803 1681 1807
f 1805 1683 1678
f 1809 1683 1805
f 1812 1811 1810
f 1684 1686 1810
f 1811 1684 1810
f 1813 1684 1811
f 1682 1684 1808
f 1808 1684 1813
f 1816 1815 1814
f 1809 1816 1814
f 1685 1809 1814
f 1683 1809 1685
f 1819 1818 1817
f 1821 1820 1817
f 1821 1817 1818
f 1820 1821 1812
f 1820 1812 1810
f 1687 1820 1810
f 1686 1687 1810
f 1814 1815 1689
f 1815 1688 1689
f 1815 1822 1688
f 1814 1689 1685
f 1825 1824 1823
f 1823 1824 1819
f 1817 1823 1819
f 1826 1823 1817
f 1691 1826 1690
f 1826 1820 1690
f 1826 1817 1820
f 1690 1820 1687
f 1828 1692 1827
f 1692 1822 1827
f 1692 1688 1822
f 1829 1828 1827
f 1831 1830 1694
f 1831 1694 1695
f 1823 1697 1825
f 1697 1830 1825
f 1697 1694 1830
f 1697 1823 1698
f 1698 1823 1826
f 1698 1826 1691
f 1832 1700 1828
f 1828 1700 1692
f 1828 1829 1833
f 1834 1828 1833
f 1832 1828 1834
f 1701 1702 1834
f 1833 1701 1834
f 1835 1701 1833
f 1695 1701 1831
f 1831 1701 1835
f 1836 1703 1704
f 1700 1832 1704
f 1832 1836 1704
f 1832 1837 1836
f 1707 1837 1706
f 1837 1834 1706
f 1837 1832 1834
f 1706 1834 1702
f 1838 1709 1836
f 1836 1709 1703
f 1839 1836 1837
f 1838 1836 1839
f 1710 1839 1707
f 1707 1839 1837
f 1838 1712 1709
f 1712 1838 1715
f 1715 1838 1839
f 1715 1839 1710
f 1842 1841 1840
f 1723 1724 1840
f 1724 1842 1840
f 1724 1843 1842
f 1845 1844 1725
f 1844 1724 1725
f 1844 1843 1724
f 1846 1847 1845
f 1845 1847 1844
f 1840 1841 1848
f 1848 1841 1849
f 1848 1726 1723
f 1848 1723 1840
f 1727 1845 1725
f 1845 1727 1728
f 1845 1728 1846
f 1850 1847 1846
f 1728 1850 1846
f 1729 1850 1728
f 1851 1729 1730
f 1851 1850 1729
f 1852 1730 1731
f 1852 1851 1730
f 1853 1731 1732
f 1853 1852 1731
f 1855 1854 1733
f 1854 1732 1733
f 1854 1853 1732
f 1855 1856 1854
f 1848 1849 1735
f 1849 1734 1735
f 1849 1857 1734
f 1848 1735 1726
f 1859 1736 1858
f 1859 1733 1736
f 1855 1733 1859
f 1855 1859 1860
f 1860 1856 1855
f 1739 1858 1736
f 1862 1861 1738
f 1738 1861 1737
f 1738 1734 1857
f 1738 1857 1862
f 1865 1864 1863
f 1863 1864 1859
f 1863 1859 1858
f 1740 1863 1858
f 1739 1740 1858
f 1861 1741 1737
f 1866 1741 1861
f 1869 1868 1867
f 1742 1743 1867
f 1868 1742 1867
f 1870 1742 1868
f 1863 1744 1865
f 1744 1870 1865
f 1744 1742 1870
f 1744 1863 1740
f 1866 1745 1741
f 1871 1745 1866
f 1873 1872 1747
f 1873 1747 1746
f 1747 1874 1748
f 1872 1874 1747
f 1867 1749 1869
f 1749 1874 1869
f 1749 1748 1874
f 1749 1867 1743
f 1871 1875 1745
f 1745 1875 1750
f 1750 1876 1751
f 1875 1876 1750
f 1751 1877 1752
f 1876 1877 1751
f 1752 1878 1753
f 1877 1878 1752
f 1746 1753 1873
f 1873 1753 1878
f 1880 1879 1756
f 1756 1879 1755
f 1881 1756 1757
f 1881 1880 1756
f 1883 1882 1759
f 1882 1757 1759
f 1882 1881 1757
f 1883 1884 1882
f 1761 1885 1760
f 1886 1761 1762
f 1762 1755 1879
f 1762 1879 1886
f 1764 1887 1883
f 1764 1883 1759
f 1884 1883 1888
f 1883 1889 1888
f 1883 1887 1889
f 1889 1890 1888
f 1895 1894 1893
f 1765 1766 1893
f 1766 1895 1893
f 1766 1896 1895
f 1766 1760 1885
f 1766 1885 1896
f 1767 1887 1764
f 1887 1767 1768
f 1887 1768 1889
f 1768 1770 1889
f 1770 1890 1889
f 1770 1897 1890
f 1900 1899 1898
f 1900 1898 1892
f 1898 1891 1892
f 1898 1901 1891
f 1773 1902 1772
f 1902 1891 1772
f 1891 1901 1772
f 1891 1902 1892
f 1904 1903 1774
f 1903 1773 1774
f 1903 1902 1773
f 1903 1904 1894
f 1894 1904 1893
f 1904 1775 1893
f 1775 1776 1893
f 1893 1776 1765
f 1779 1897 1770
f 1779 1905 1897
f 1898 1899 1906
f 1906 1899 1907
f 1906 1781 1782
f 1901 1906 1782
f 1898 1906 1901
f 1901 1782 1772
f 1784 1904 1774
f 1904 1784 1775
f 1786 1908 1787
f 1908 1909 1787
f 1909 1779 1787
f 1909 1905 1779
f 1911 1910 1790
f 1790 1910 1789
f 1791 1906 1907
f 1911 1791 1907
f 1790 1791 1911
f 1906 1791 1781
f 1913 1912 1793
f 1913 1793 1794
f 1793 1914 1796
f 1912 1914 1793
f 1796 1915 1797
f 1914 1915 1796
f 1797 1916 1798
f 1915 1916 1797
f 1786 1798 1908
f 1798 1917 1908
f 1798 1916 1917
f 1908 1917 1909
f 1919 1918 1800
f 1800 1918 1799
f 1920 1800 1801
f 1920 1919 1800
f 1801 1789 1910
f 1801 1910 1920
f 1922 1921 1802
f 1922 1802 1803
f 1802 1923 1804
f 1921 1923 1802
f 1794 1804 1913
f 1913 1804 1923
f 1925 1924 1806
f 1806 1924 1805
f 1806 1799 1918
f 1806 1918 1925
f 1928 1927 1926
f 1807 1808 1926
f 1927 1807 1926
f 1929 1807 1927
f 1803 1807 1922
f 1922 1807 1929
f 1924 1809 1805
f 1930 1809 1924
f 1811 1812 1931
f 1932 1811 1931
f 1933 1811 1932
f 1926 1813 1928
f 1813 1933 1928
f 1813 1811 1933
f 1813 1926 1808
f 1934 1815 1816
f 1809 1930 1935
f 1934 1809 1935
f 1936 1934 1935
f 1816 1809 1934
f 1938 1937 1936
f 1938 1936 1935
f 1939 1937 1938
f 1941 1940 1818
f 1941 1818 1819
f 1821 1940 1931
f 1821 1818 1940
f 1821 1931 1812
f 1942 1822 1934
f 1934 1822 1815
f 1943 1934 1936
f 1942 1934 1943
f 1944 1936 1937
f 1943 1936 1944
f 1937 1939 1945
f 1937 1945 1944
f 1825 1946 1824
f 1946 1947 1824
f 1947 1819 1824
f 1947 1941 1819
f 1942 1827 1822
f 1827 1942 1829
f 1942 1948 1829
f 1942 1943 1948
f 1944 1950 1949
f 1948 1944 1949
f 1943 1944 1948
f 1830 1831 1951
f 1944 1945 1950
f 1951 1952 1830
f 1830 1952 1825
f 1952 1953 1825
f 1953 1946 1825
f 1946 1953 1947
f 1948 1833 1829
f 1949 1954 1948
f 1954 1833 1948
f 1954 1835 1833
f 1831 1835 1951
f 1835 1955 1951
f 1835 1954 1955
f 1951 1955 1952
f 1958 1957 1956
f 1956 1959 1958
f 1961 1960 1842
f 1842 1960 1841
f 1843 1956 1957
f 1961 1843 1957
f 1842 1843 1961
f 1962 1959 1956
f 1843 1962 1956
f 1844 1962 1843
f 1963 1844 1847
f 1963 1962 1844
f 1965 1964 1847
f 1964 1963 1847
f 1967 1966 1965
f 1965 1966 1964
f 1969 1968 1967
f 1967 1968 1966
f 1969 1970 1968
f 1960 1849 1841
f 1971 1849 1960
f 1850 1965 1847
f 1965 1850 1851
f 1965 1851 1967
f 1967 1851 1852
f 1967 1852 1969
f 1972 1970 1969
f 1852 1972 1969
f 1853 1972 1852
f 1973 1853 1854
f 1973 1972 1853
f 1854 1856 1973
f 1973 1856 1977
f 1976 1975 1974
f 1971 1976 1974
f 1857 1971 1974
f 1849 1971 1857
f 1978 1977 1860
f 1978 1860 1859
f 1856 1860 1977
f 1974 1975 1862
f 1975 1861 1862
f 1975 1979 1861
f 1974 1862 1857
f 1981 1980 1864
f 1981 1864 1865
f 1859 1864 1978
f 1978 1864 1980
f 1979 1866 1861
f 1982 1866 1979
f 1984 1983 1868
f 1984 1868 1869
f 1868 1985 1870
f 1983 1985 1868
f 1865 1870 1981
f 1981 1870 1985
f 1982 1871 1866
f 1986 1871 1982
f 1988 1987 1872
f 1988 1872 1873
f 1872 1989 1874
f 1987 1989 1872
f 1869 1874 1984
f 1984 1874 1989
f 1986 1990 1871
f 1871 1990 1875
f 1875 1991 1876
f 1990 1991 1875
f 1876 1992 1877
f 1991 1992 1876
f 1877 1993 1878
f 1992 1993 1877
f 1873 1878 1988
f 1988 1878 1993
f 1880 1994 1879
f 1995 1880 1881
f 1995 1994 1880
f 1996 1881 1882
f 1996 1995 1881
f 1998 1997 1884
f 1997 1882 1884
f 1997 1996 1882
f 1998 1999 1997
f 2001 2000 1761
f 1761 2000 1885
f 2002 1761 1886
f 2002 2001 1761
f 1886 1879 1994
f 1886 1994 2002
f 1888 1998 1884
f 2004 2003 1890
f 1890 2003 1888
f 2003 1999 1888
f 1999 1998 1888
f 2004 2014 2003
f 2007 2006 1892
f 2007 1892 2008
f 2010 2009 1895
f 1895 2009 1894
f 2011 1895 1896
f 2011 2010 1895
f 1896 1885 2000
f 1896 2000 2011
f 2013 2012 2004
f 1890 2013 2004
f 1897 2013 1890
f 2004 2012 2014
f 2016 2015 1900
f 1900 2015 1899
f 1900 1892 2006
f 1900 2006 2016
f 2017 2008 1892
f 2017 1892 1902
f 2018 1902 1903
f 2018 2017 1902
f 1903 1894 2009
f 1903 2009 2018
f 1905 2022 2019
f 2013 1905 2019
f 1897 1905 2013
f 2022 2020 2019
f 2015 1907 1899
f 2021 1907 2015
f 1905 2023 2022
f 1909 2023 1905
f 2025 2024 1911
f 1911 2024 1910
f 1911 1907 2021
f 1911 2021 2025
f 1913 2026 1912
f 2027 1914 1912
f 2027 1912 2026
f 1914 2027 2028
f 2029 1914 2028
f 1915 1914 2029
f 1915 2030 1916
f 2029 2030 1915
f 1916 2031 1917
f 2030 2031 1916
f 1909 1917 2023
f 2023 1917 2031
f 2032 1918 1919
f 2032 1919 2033
f 1919 2034 2033
f 1919 1920 2034
f 1920 1910 2024
f 1920 2024 2034
f 1922 2035 1921
f 2036 1923 1921
f 2036 1921 2035
f 2026 1913 1923
f 2036 2026 1923
f 2037 2026 2036
f 2039 2027 2038
f 2027 2037 2038
f 2027 2026 2037
f 2027 2039 2028
f 2040 1924 1925
f 1918 2032 1925
f 2032 2040 1925
f 2032 2041 2040
f 2032 2033 2042
f 2043 2032 2042
f 2041 2032 2043
f 2044 2043 2042
f 1927 1928 2045
f 2046 1927 2045
f 1929 1927 2046
f 1922 1929 2035
f 1929 2047 2035
f 1929 2046 2047
f 2035 2047 2036
f 2036 2047 2048
f 2036 2048 2037
f 2037 2048 2049
f 2037 2049 2038
f 2050 1930 2040
f 2040 1930 1924
f 2051 2040 2041
f 2050 2040 2051
f 2052 2041 2043
f 2051 2041 2052
f 2043 2044 2053
f 2043 2053 2052
f 2054 1933 1932
f 2054 2055 1933
f 1933 2055 1928
f 2055 2056 1928
f 1928 2056 2045
f 2050 1935 1930
f 1935 2050 1938
f 1938 2050 2051
f 2051 2052 2057
f 1939 2051 2057
f 2058 1939 2057
f 2051 1939 1938
f 2057 2052 2053
f 1941 2059 1940
f 2059 2060 1940
f 1940 2060 1931
f 2060 2061 1931
f 2061 1932 1931
f 1932 2061 2054
f 2054 2061 2062
f 2054 2062 2055
f 2064 1945 2063
f 1945 2058 2063
f 1945 1939 2058
f 2065 2064 2063
f 2067 2066 2059
f 1941 2067 2059
f 1947 2067 1941
f 2059 2066 2060
f 2068 1949 1950
f 1945 2064 1950
f 2064 2068 1950
f 2064 2069 2068
f 2070 1953 1952
f 2064 2070 1952
f 2069 2064 1952
f 2070 2064 2065
f 1947 1953 2067
f 2067 1953 2070
f 2068 1954 1949
f 1954 2068 1955
f 1955 2068 2069
f 1955 2069 1952
f 2072 2071 1958
f 1958 2071 1957
f 2074 2073 1959
f 2073 1958 1959
f 2073 2072 1958
f 2076 2075 2074
f 2074 2075 2073
f 2078 2077 2076
f 2076 2077 2075
f 2080 2079 2078
f 2078 2079 2077
f 2082 2081 2080
f 2080 2081 2079
f 2082 2083 2081
f 2085 2084 1961
f 1961 2084 1960
f 1961 1957 2071
f 1961 2071 2085
f 1962 2074 1959
f 2074 1962 1963
f 2074 1963 2076
f 2076 1963 1964
f 2076 1964 2078
f 2078 1964 1966
f 2078 1966 2080
f 2080 1966 1968
f 2080 1968 2082
f 1968 1970 2082
f 1970 2083 2082
f 1970 2086 2083
f 2084 1971 1960
f 2211 1971 2084
f 2087 2086 1970
f 2087 1970 1972
f 2088 1972 1973
f 2088 2087 1972
f 1973 1977 2088
f 2088 1977 2089
f 2091 2090 1976
f 1976 2090 1975
f 1976 1971 2211
f 1976 2211 2091
f 2093 2092 1977
f 2093 1977 1978
f 2089 1977 2092
f 2095 1979 2094
f 1979 2090 2094
f 1979 1975 2090
f 2096 2095 2094
f 2103 2219 2097
f 1980 1981 2097
f 2219 1980 2097
f 2098 1980 2219
f 1978 1980 2093
f 2093 1980 2098
f 2099 1982 2095
f 2095 1982 1979
f 2095 2096 2100
f 2095 2100 2099
f 2111 2102 2101
f 1983 1984 2101
f 2102 1983 2101
f 2103 1983 2102
f 2097 1985 2103
f 1985 1983 2103
f 1985 2097 1981
f 2104 1986 2099
f 2099 1986 1982
f 2099 2100 2105
f 2106 2099 2105
f 2104 2099 2106
f 2107 2106 2105
f 2110 2109 2108
f 1987 1988 2108
f 2109 1987 2108
f 2111 1987 2109
f 2101 1989 2111
f 1989 1987 2111
f 1989 2101 1984
f 2104 1990 1986
f 1990 2104 1991
f 1991 2104 2106
f 2107 2112 2106
f 2112 1991 2106
f 2112 1992 1991
f 2108 1993 2110
f 1993 2112 2110
f 1993 1992 2112
f 1993 2108 1988
f 2114 2113 1994
f 2115 1994 1995
f 2115 2114 1994
f 2116 1995 1996
f 2116 2115 1995
f 2117 1996 1997
f 2117 2116 1996
f 2119 2118 1999
f 2118 1997 1999
f 2118 2117 1997
f 2121 2120 2119
f 2119 2120 2118
f 2121 2122 2120
f 2124 2123 2001
f 2001 2123 2000
f 2125 2001 2002
f 2125 2124 2001
f 2002 1994 2113
f 2002 2113 2125
f 2003 2119 1999
f 2119 2003 2014
f 2119 2014 2121
f 2014 2005 2121
f 2005 2122 2121
f 2005 2126 2122
f 2127 2006 2007
f 2008 2127 2007
f 2129 2128 2010
f 2010 2128 2009
f 2130 2010 2011
f 2130 2129 2010
f 2011 2000 2123
f 2011 2123 2130
f 2013 2131 2012
f 2132 2014 2012
f 2132 2012 2131
f 2132 2133 2014
f 2133 2005 2014
f 2133 2126 2005
f 2134 2015 2016
f 2135 2134 2016
f 2135 2016 2006
f 2136 2135 2006
f 2127 2136 2006
f 2136 2127 2008
f 2017 2136 2008
f 2137 2136 2017
f 2138 2017 2018
f 2138 2137 2017
f 2018 2009 2128
f 2018 2128 2138
f 2019 2131 2013
f 2131 2019 2020
f 2139 2131 2020
f 2132 2131 2139
f 2133 2132 2140
f 2140 2132 2139
f 2142 2141 2134
f 2141 2015 2134
f 2141 2021 2015
f 2142 2134 2135
f 2023 2143 2022
f 2143 2144 2022
f 2022 2144 2020
f 2144 2145 2020
f 2145 2139 2020
f 2139 2145 2140
f 2146 2024 2025
f 2021 2141 2147
f 2146 2021 2147
f 2148 2146 2147
f 2025 2021 2146
f 2149 2148 2147
f 2029 2028 2150
f 2151 2029 2150
f 2030 2029 2151
f 2030 2152 2031
f 2151 2152 2030
f 2023 2031 2143
f 2031 2153 2143
f 2031 2152 2153
f 2143 2153 2144
f 2154 2033 2034
f 2024 2146 2034
f 2146 2154 2034
f 2146 2155 2154
f 2156 2146 2148
f 2155 2146 2156
f 2148 2149 2157
f 2148 2157 2156
f 2159 2158 2039
f 2159 2039 2038
f 2039 2160 2028
f 2039 2158 2160
f 2028 2160 2150
f 2154 2042 2033
f 2042 2154 2044
f 2154 2161 2044
f 2154 2155 2161
f 2162 2155 2156
f 2161 2155 2162
f 2156 2157 2163
f 2156 2163 2162
f 2045 2164 2046
f 2165 2047 2046
f 2165 2046 2164
f 2166 2048 2047
f 2166 2047 2165
f 2048 2166 2167
f 2168 2048 2167
f 2049 2048 2168
f 2038 2049 2159
f 2159 2049 2168
f 2169 2053 2161
f 2161 2053 2044
f 2169 2162 2274
f 2161 2162 2169
f 2055 2170 2056
f 2164 2045 2056
f 2170 2164 2056
f 2171 2164 2170
f 2173 2165 2172
f 2165 2171 2172
f 2165 2164 2171
f 2165 2173 2166
f 2166 2173 2174
f 2166 2174 2167
f 2175 2058 2057
f 2053 2169 2057
f 2169 2175 2057
f 2169 2176 2175
f 2169 2274 2177
f 2169 2177 2176
f 2060 2178 2061
f 2179 2062 2061
f 2179 2061 2178
f 2170 2055 2062
f 2179 2170 2062
f 2180 2170 2179
f 2171 2180 2181
f 2171 2170 2180
f 2171 2181 2172
f 2175 2063 2058
f 2063 2175 2065
f 2175 2182 2065
f 2175 2176 2182
f 2184 2183 2177
f 2066 2177 2183
f 2177 2066 2176
f 2067 2176 2066
f 2176 2067 2182
f 2178 2060 2066
f 2183 2178 2066
f 2185 2178 2183
f 2178 2186 2179
f 2178 2185 2186
f 2188 2180 2187
f 2180 2186 2187
f 2180 2179 2186
f 2180 2188 2181
f 2182 2070 2065
f 2184 2189 2183
f 2070 2182 2067
f 2183 2189 2185
f 2185 2189 2190
f 2185 2190 2186
f 2186 2190 2191
f 2186 2191 2187
f 2194 2193 2192
f 2196 2195 2192
f 2192 2195 2194
f 2198 2197 2196
f 2196 2197 2195
f 2200 2199 2198
f 2198 2199 2197
f 2200 2201 2199
f 2203 2202 2072
f 2072 2202 2071
f 2073 2192 2193
f 2203 2073 2193
f 2072 2073 2203
f 2192 2073 2075
f 2192 2075 2196
f 2196 2075 2077
f 2196 2077 2198
f 2198 2077 2079
f 2198 2079 2200
f 2204 2201 2200
f 2079 2204 2200
f 2081 2204 2079
f 2206 2205 2083
f 2205 2081 2083
f 2205 2204 2081
f 2206 2207 2205
f 2202 2208 2085
f 2085 2208 2084
f 2085 2071 2202
f 2086 2209 2206
f 2086 2206 2083
f 2207 2206 2210
f 2210 2206 2209
f 2208 2211 2084
f 2087 2209 2086
f 2212 2210 2209
f 2087 2212 2209
f 2088 2212 2087
f 2088 2089 2212
f 2212 2089 2215
f 2213 2090 2091
f 2214 2213 2091
f 2211 2214 2091
f 2216 2215 2092
f 2216 2092 2093
f 2089 2092 2215
f 2213 2094 2090
f 2096 2094 2213
f 2214 2096 2213
f 2217 2096 2214
f 2219 2103 2218
f 2326 2219 2218
f 2219 2220 2098
f 2093 2098 2216
f 2216 2098 2220
f 2100 2217 2221
f 2100 2096 2217
f 2102 2111 2223
f 2224 2102 2223
f 2103 2224 2218
f 2103 2102 2224
f 2221 2105 2100
f 2226 2225 2107
f 2226 2107 2105
f 2222 2226 2105
f 2221 2222 2105
f 2109 2110 2225
f 2226 2109 2225
f 2330 2109 2226
f 2111 2330 2223
f 2111 2109 2330
f 2225 2112 2107
f 2112 2225 2110
f 2227 2113 2114
f 2227 2114 2228
f 2114 2229 2228
f 2114 2115 2229
f 2230 2115 2116
f 2230 2229 2115
f 2231 2116 2117
f 2231 2230 2116
f 2232 2117 2118
f 2232 2231 2117
f 2233 2118 2120
f 2233 2232 2118
f 2120 2122 2233
f 2233 2122 2234
f 2124 2235 2123
f 2236 2124 2125
f 2236 2235 2124
f 2125 2113 2227
f 2237 2125 2227
f 2236 2125 2237
f 2237 2227 2228
f 2126 2234 2122
f 2126 2238 2234
f 2239 2128 2129
f 2239 2129 2240
f 2129 2241 2240
f 2129 2130 2241
f 2130 2123 2235
f 2130 2235 2241
f 2133 2238 2126
f 2133 2242 2238
f 2243 2135 2136
f 2243 2136 2244
f 2136 2245 2244
f 2136 2137 2245
f 2246 2137 2138
f 2246 2245 2137
f 2138 2128 2239
f 2247 2138 2239
f 2246 2138 2247
f 2247 2239 2240
f 2140 2249 2248
f 2242 2140 2248
f 2133 2140 2242
f 2249 2250 2248
f 2251 2141 2142
f 2135 2243 2142
f 2243 2251 2142
f 2252 2243 2244
f 2251 2243 2252
f 2253 2252 2244
f 2144 2254 2145
f 2254 2255 2145
f 2145 2255 2140
f 2255 2256 2140
f 2256 2249 2140
f 2249 2256 2250
f 2251 2147 2141
f 2147 2251 2149
f 2251 2257 2149
f 2257 2252 2258
f 2251 2252 2257
f 2151 2150 2259
f 2260 2151 2259
f 2152 2151 2260
f 2152 2261 2153
f 2260 2261 2152
f 2144 2153 2254
f 2153 2262 2254
f 2153 2261 2262
f 2254 2262 2255
f 2263 2157 2257
f 2257 2157 2149
f 2257 2258 2264
f 2257 2264 2263
f 2159 2265 2158
f 2266 2160 2158
f 2266 2158 2265
f 2266 2267 2160
f 2160 2267 2150
f 2267 2268 2150
f 2150 2268 2259
f 2269 2157 2263
f 2269 2163 2157
f 2269 2263 2264
f 2167 2270 2168
f 2270 2271 2168
f 2168 2271 2159
f 2271 2272 2159
f 2272 2265 2159
f 2265 2272 2266
f 2266 2272 2273
f 2266 2273 2267
f 2163 2269 2275
f 2274 2163 2275
f 2276 2274 2275
f 2162 2163 2274
f 2277 2276 2275
f 2173 2172 2278
f 2279 2173 2278
f 2174 2173 2279
f 2167 2174 2270
f 2174 2280 2270
f 2174 2279 2280
f 2270 2280 2271
f 2281 2177 2274
f 2282 2274 2276
f 2281 2274 2282
f 2276 2277 2283
f 2284 2276 2283
f 2282 2276 2284
f 2285 2284 2283
f 2292 2286 2181
f 2181 2286 2172
f 2286 2287 2172
f 2172 2287 2278
f 2288 2184 2281
f 2281 2184 2177
f 2289 2281 2282
f 2288 2281 2289
f 2290 2282 2284
f 2289 2282 2290
f 2291 2188 2187
f 2284 2291 2187
f 2290 2284 2187
f 2291 2284 2285
f 2181 2188 2292
f 2188 2291 2292
f 2288 2189 2184
f 2189 2288 2190
f 2190 2288 2289
f 2190 2289 2191
f 2191 2289 2290
f 2191 2290 2187
f 2295 2294 2293
f 2293 2296 2295
f 2299 2298 2297
f 2193 2194 2297
f 2194 2299 2297
f 2194 2300 2299
f 2195 2293 2294
f 2300 2195 2294
f 2194 2195 2300
f 2301 2296 2293
f 2195 2301 2293
f 2197 2301 2195
f 2302 2197 2199
f 2302 2301 2197
f 2199 2201 2302
f 2302 2201 2303
f 2297 2298 2203
f 2298 2202 2203
f 2298 2304 2202
f 2297 2203 2193
f 2305 2303 2201
f 2305 2201 2204
f 2306 2204 2205
f 2306 2305 2204
f 2205 2207 2306
f 2306 2207 2307
f 2308 2208 2202
f 2309 2308 2202
f 2304 2309 2202
f 2210 2311 2310
f 2307 2210 2310
f 2207 2210 2307
f 2311 2312 2310
f 2314 2313 2308
f 2313 2208 2308
f 2313 2211 2208
f 2314 2308 2309
f 2316 2212 2315
f 2316 2210 2212
f 2311 2210 2316
f 2311 2316 2317
f 2317 2312 2311
f 2215 2315 2212
f 2313 2214 2211
f 2318 2214 2313
f 2319 2320 2316
f 2319 2316 2315
f 2216 2319 2315
f 2215 2216 2315
f 2322 2217 2321
f 2217 2318 2321
f 2217 2214 2318
f 2323 2322 2321
f 2326 2218 2324
f 2326 2327 2219
f 2220 2327 2319
f 2220 2219 2327
f 2220 2319 2216
f 2322 2221 2217
f 2329 2328 2222
f 2329 2222 2221
f 2323 2329 2221
f 2322 2323 2221
f 2331 2330 2328
f 2331 2328 2329
f 2331 2223 2330
f 2332 2223 2331
f 2324 2224 2325
f 2224 2332 2325
f 2224 2223 2332
f 2224 2324 2218
f 2328 2226 2222
f 2226 2328 2330
f 2334 2333 2229
f 2229 2333 2228
f 2335 2229 2230
f 2335 2334 2229
f 2336 2230 2231
f 2336 2335 2230
f 2337 2231 2232
f 2337 2336 2231
f 2338 2232 2233
f 2338 2337 2232
f 2233 2234 2338
f 2338 2234 2339
f 2340 2235 2341
f 2235 2342 2341
f 2235 2236 2342
f 2343 2236 2237
f 2343 2342 2236
f 2237 2228 2333
f 2237 2333 2343
f 2238 2339 2234
f 2238 2344 2339
f 2346 2345 2241
f 2241 2345 2240
f 2241 2235 2340
f 2347 2241 2340
f 2346 2241 2347
f 2347 2340 2341
f 2242 2349 2348
f 2344 2242 2348
f 2238 2242 2344
f 2349 2350 2348
f 2351 2244 2245
f 2246 2352 2245
f 2245 2352 2351
f 2352 2246 2353
f 2246 2354 2353
f 2246 2247 2354
f 2247 2240 2345
f 2247 2345 2354
f 2248 2349 2242
f 2250 2355 2248
f 2355 2350 2248
f 2350 2349 2248
f 2351 2352 2356
f 2253 2351 2356
f 2357 2253 2356
f 2351 2253 2244
f 2356 2352 2353
f 2255 2358 2256
f 2358 2359 2256
f 2256 2359 2250
f 2359 2360 2250
f 2360 2355 2250
f 2361 2258 2252
f 2362 2361 2252
f 2253 2362 2252
f 2357 2362 2253
f 2259 2363 2260
f 2364 2261 2260
f 2364 2260 2363
f 2365 2262 2261
f 2365 2261 2364
f 2365 2366 2262
f 2262 2366 2255
f 2366 2367 2255
f 2367 2358 2255
f 2358 2367 2359
f 2368 2264 2361
f 2361 2264 2258
f 2361 2362 2369
f 2361 2369 2368
f 2267 2370 2268
f 2370 2371 2268
f 2268 2371 2259
f 2371 2372 2259
f 2372 2363 2259
f 2363 2372 2364
f 2364 2372 2373
f 2364 2373 2365
f 2365 2373 2374
f 2365 2374 2366
f 2264 2368 2269
f 2368 2375 2269
f 2368 2376 2375
f 2368 2369 2377
f 2368 2377 2376
f 2271 2378 2272
f 2272 2378 2379
f 2380 2272 2379
f 2273 2272 2380
f 2267 2273 2370
f 2273 2381 2370
f 2273 2380 2381
f 2370 2381 2371
f 2375 2275 2269
f 2275 2375 2277
f 2375 2382 2277
f 2375 2376 2382
f 2376 2377 2383
f 2384 2376 2383
f 2382 2376 2384
f 2386 2385 2384
f 2386 2384 2383
f 2387 2385 2386
f 2278 2388 2279
f 2279 2388 2389
f 2390 2279 2389
f 2280 2279 2390
f 2271 2280 2378
f 2280 2391 2378
f 2280 2390 2391
f 2378 2391 2379
f 2382 2283 2277
f 2283 2382 2285
f 2382 2392 2285
f 2382 2384 2392
f 2393 2384 2385
f 2392 2384 2393
f 2394 2287 2286
f 2385 2394 2286
f 2393 2385 2286
f 2394 2385 2387
f 2278 2287 2388
f 2287 2395 2388
f 2287 2394 2395
f 2388 2395 2389
f 2392 2291 2285
f 2291 2392 2292
f 2292 2392 2393
f 2292 2393 2286
f 2398 2397 2396
f 2294 2295 2396
f 2295 2398 2396
f 2295 2399 2398
f 2295 2296 2399
f 2399 2296 2400
f 2401 2298 2299
f 2397 2402 2396
f 2402 2299 2396
f 2299 2300 2396
f 2299 2402 2401
f 2396 2300 2294
f 2403 2400 2296
f 2403 2296 2301
f 2404 2301 2302
f 2404 2403 2301
f 2302 2303 2404
f 2406 2405 2401
f 2405 2298 2401
f 2405 2304 2298
f 2406 2401 2402
f 2407 2404 2303
f 2407 2303 2305
f 2408 2305 2306
f 2408 2407 2305
f 2306 2307 2408
f 2408 2307 2409
f 2405 2309 2304
f 2410 2309 2405
f 2411 2409 2307
f 2411 2307 2310
f 2310 2312 2411
f 2411 2312 2412
f 2414 2413 2314
f 2314 2413 2313
f 2314 2309 2410
f 2314 2410 2414
f 2416 2415 2317
f 2416 2317 2316
f 2312 2317 2412
f 2412 2317 2415
f 2413 2318 2313
f 2417 2318 2413
f 2320 2319 2418
f 2419 2320 2418
f 2420 2320 2419
f 2316 2320 2416
f 2416 2320 2420
f 2417 2421 2318
f 2318 2421 2321
f 2423 2422 2323
f 2321 2423 2323
f 2421 2423 2321
f 2425 2424 2422
f 2425 2422 2423
f 2427 2426 2324
f 2427 2324 2325
f 2324 2428 2326
f 2426 2428 2324
f 2327 2428 2418
f 2327 2326 2428
f 2327 2418 2319
f 2422 2329 2323
f 2329 2422 2331
f 2331 2422 2424
f 2425 2429 2424
f 2429 2331 2424
f 2429 2332 2331
f 2325 2332 2427
f 2427 2332 2429
f 2430 2333 2334
f 2335 2431 2334
f 2334 2431 2430
f 2336 2432 2335
f 2335 2432 2431
f 2337 2433 2336
f 2336 2433 2432
f 2338 2434 2337
f 2337 2434 2433
f 2339 2434 2338
f 2435 2341 2342
f 2435 2342 2436
f 2342 2437 2436
f 2342 2343 2437
f 2343 2333 2430
f 2438 2343 2430
f 2437 2343 2438
f 2438 2430 2431
f 2438 2431 2439
f 2439 2431 2432
f 2439 2432 2440
f 2440 2432 2433
f 2440 2433 2441
f 2443 2442 2441
f 2433 2443 2441
f 2434 2443 2433
f 2344 2443 2339
f 2339 2443 2434
f 2444 2345 2346
f 2347 2445 2346
f 2346 2445 2444
f 2446 2445 2347
f 2446 2347 2341
f 2447 2446 2341
f 2435 2447 2341
f 2447 2435 2436
f 2448 2442 2443
f 2448 2443 2344
f 2348 2448 2344
f 2449 2448 2348
f 2348 2350 2449
f 2449 2350 2450
f 2451 2353 2354
f 2345 2444 2354
f 2444 2451 2354
f 2444 2452 2451
f 2445 2454 2453
f 2452 2445 2453
f 2444 2445 2452
f 2454 2445 2446
f 2455 2450 2350
f 2455 2350 2355
f 2455 2355 2456
f 2457 2357 2356
f 2546 2457 2356
f 2546 2356 2353
f 2458 2546 2353
f 2451 2458 2353
f 2458 2451 2452
f 2458 2452 2459
f 2459 2452 2453
f 2359 2460 2360
f 2460 2461 2360
f 2461 2355 2360
f 2461 2456 2355
f 2462 2362 2457
f 2457 2362 2357
f 2457 2546 2463
f 2464 2457 2463
f 2462 2457 2464
f 2466 2465 2464
f 2466 2464 2463
f 2553 2465 2466
f 2366 2467 2367
f 2467 2468 2367
f 2367 2468 2359
f 2468 2469 2359
f 2469 2460 2359
f 2460 2469 2461
f 2470 2369 2462
f 2462 2369 2362
f 2471 2462 2464
f 2470 2462 2471
f 2472 2464 2465
f 2471 2464 2472
f 2465 2553 2473
f 2465 2473 2472
f 2371 2474 2372
f 2372 2474 2475
f 2476 2372 2475
f 2373 2372 2476
f 2373 2477 2374
f 2476 2477 2373
f 2366 2374 2467
f 2374 2478 2467
f 2374 2477 2478
f 2467 2478 2468
f 2479 2377 2470
f 2470 2377 2369
f 2480 2470 2471
f 2479 2470 2480
f 2481 2471 2472
f 2480 2471 2481
f 2472 2473 2482
f 2472 2482 2481
f 2379 2483 2380
f 2484 2381 2380
f 2484 2380 2483
f 2484 2485 2381
f 2381 2485 2371
f 2485 2486 2371
f 2486 2474 2371
f 2474 2486 2475
f 2479 2383 2377
f 2383 2479 2386
f 2386 2479 2480
f 2386 2480 2387
f 2480 2487 2387
f 2480 2481 2487
f 2481 2482 2488
f 2481 2488 2487
f 2389 2489 2390
f 2390 2489 2490
f 2391 2390 2490
f 2379 2391 2483
f 2391 2491 2483
f 2391 2490 2491
f 2483 2491 2484
f 2484 2491 2492
f 2484 2492 2485
f 2487 2394 2387
f 2488 2493 2487
f 2493 2394 2487
f 2493 2395 2394
f 2389 2395 2489
f 2395 2494 2489
f 2395 2493 2494
f 2489 2494 2490
f 2496 2495 2398
f 2398 2495 2397
f 2498 2496 2497
f 2496 2399 2497
f 2496 2398 2399
f 2400 2497 2399
f 2501 2500 2499
f 2495 2501 2499
f 2402 2495 2499
f 2397 2495 2402
f 2502 2498 2497
f 2502 2497 2400
f 2403 2502 2400
f 2503 2403 2404
f 2503 2502 2403
f 2503 2404 2504
f 2499 2500 2406
f 2500 2405 2406
f 2500 2505 2405
f 2499 2406 2402
f 2506 2504 2404
f 2506 2404 2407
f 2506 2408 2507
f 2506 2407 2408
f 2409 2507 2408
f 2505 2410 2405
f 2508 2410 2505
f 2509 2507 2409
f 2411 2509 2409
f 2510 2509 2411
f 2411 2412 2510
f 2510 2412 2511
f 2512 2413 2414
f 2513 2512 2414
f 2410 2513 2414
f 2508 2513 2410
f 2416 2514 2415
f 2514 2412 2415
f 2514 2511 2412
f 2515 2417 2512
f 2512 2417 2413
f 2512 2513 2516
f 2517 2512 2516
f 2515 2512 2517
f 2518 2517 2516
f 2419 2418 2520
f 2522 2419 2520
f 2419 2523 2420
f 2522 2523 2419
f 2416 2420 2514
f 2420 2524 2514
f 2420 2523 2524
f 2515 2421 2417
f 2421 2515 2423
f 2423 2515 2517
f 2423 2517 2425
f 2425 2517 2518
f 2526 2525 2425
f 2519 2526 2425
f 2518 2519 2425
f 2426 2427 2525
f 2526 2426 2525
f 2527 2426 2526
f 2520 2428 2521
f 2428 2527 2521
f 2428 2426 2527
f 2428 2520 2418
f 2525 2429 2425
f 2429 2525 2427
f 2529 2612 2528
f 2531 2530 2528
f 2528 2530 2529
f 2531 2532 2530
f 2534 2533 2437
f 2437 2533 2436
f 2535 2437 2438
f 2535 2534 2437
f 2439 2528 2612
f 2535 2439 2612
f 2438 2439 2535
f 2528 2439 2440
f 2528 2440 2531
f 2536 2532 2531
f 2440 2536 2531
f 2441 2536 2440
f 2441 2442 2536
f 2536 2442 2537
f 2539 2538 2447
f 2447 2538 2446
f 2447 2436 2533
f 2447 2533 2539
f 2540 2537 2442
f 2540 2442 2448
f 2541 2448 2449
f 2541 2540 2448
f 2449 2450 2541
f 2541 2450 2542
f 2454 2543 2453
f 2454 2446 2538
f 2454 2538 2543
f 2450 2455 2544
f 2545 2450 2544
f 2542 2450 2545
f 2456 2544 2455
f 2459 2547 2458
f 2458 2547 2546
f 2453 2543 2548
f 2547 2453 2548
f 2549 2547 2548
f 2459 2453 2547
f 2550 2549 2548
f 2551 2545 2544
f 2544 2456 2551
f 2456 2552 2551
f 2456 2461 2552
f 2463 2546 2466
f 2466 2546 2547
f 2466 2547 2553
f 2547 2549 2553
f 2549 2550 2554
f 2549 2554 2553
f 2556 2555 2469
f 2556 2469 2468
f 2461 2469 2552
f 2552 2469 2555
f 2557 2473 2553
f 2553 2554 2558
f 2553 2558 2557
f 2475 2559 2476
f 2560 2477 2476
f 2560 2476 2559
f 2561 2478 2477
f 2561 2477 2560
f 2561 2562 2478
f 2562 2468 2478
f 2562 2556 2468
f 2563 2482 2557
f 2557 2482 2473
f 2557 2558 2564
f 2557 2564 2563
f 2485 2565 2486
f 2559 2475 2486
f 2565 2559 2486
f 2566 2559 2565
f 2567 2560 2576
f 2560 2566 2576
f 2560 2559 2566
f 2560 2567 2561
f 2561 2567 2568
f 2561 2568 2562
f 2569 2488 2563
f 2563 2488 2482
f 2563 2564 2570
f 2563 2570 2569
f 2572 2491 2490
f 2572 2490 2571
f 2491 2572 2573
f 2574 2491 2573
f 2492 2491 2574
f 2485 2492 2565
f 2492 2575 2565
f 2492 2574 2575
f 2565 2575 2566
f 2566 2575 2576
f 2569 2493 2488
f 2570 2577 2569
f 2577 2493 2569
f 2577 2494 2493
f 2490 2494 2571
f 2494 2578 2571
f 2494 2577 2578
f 2571 2578 2572
f 2572 2578 2579
f 2572 2579 2573
f 2580 2582 2581
f 2585 2584 2583
f 2585 2583 2581
f 2581 2583 2580
f 2583 2495 2580
f 2495 2496 2580
f 2496 2498 2580
f 2498 2582 2580
f 2498 2586 2582
f 2583 2584 2501
f 2584 2500 2501
f 2584 2669 2500
f 2583 2501 2495
f 2587 2586 2498
f 2587 2498 2502
f 2588 2587 2502
f 2590 2588 2589
f 2588 2503 2589
f 2588 2502 2503
f 2504 2589 2503
f 2669 2505 2500
f 2672 2505 2669
f 2591 2590 2589
f 2591 2589 2504
f 2506 2591 2504
f 2592 2591 2506
f 2506 2507 2592
f 2592 2507 2593
f 2672 2508 2505
f 2594 2508 2672
f 2595 2593 2507
f 2595 2507 2509
f 2597 2595 2596
f 2595 2510 2596
f 2595 2509 2510
f 2511 2596 2510
f 2599 2513 2598
f 2513 2594 2598
f 2513 2508 2594
f 2601 2600 2599
f 2601 2599 2598
f 2602 2600 2601
f 2597 2596 2603
f 2597 2603 2604
f 2514 2603 2511
f 2511 2603 2596
f 2599 2516 2513
f 2516 2599 2518
f 2518 2599 2600
f 2606 2605 2519
f 2606 2519 2518
f 2602 2606 2518
f 2600 2602 2518
f 2608 2607 2605
f 2608 2605 2606
f 2520 2521 2607
f 2608 2520 2607
f 2609 2520 2608
f 2520 2610 2522
f 2609 2610 2520
f 2522 2611 2523
f 2610 2611 2522
f 2603 2524 2604
f 2524 2611 2604
f 2524 2523 2611
f 2524 2603 2514
f 2605 2526 2519
f 2526 2605 2527
f 2527 2605 2607
f 2527 2607 2521
f 2612 2529 2613
f 2529 2614 2613
f 2529 2530 2614
f 2530 2532 2614
f 2614 2532 2615
f 2617 2616 2534
f 2534 2616 2533
f 2618 2534 2535
f 2618 2617 2534
f 2619 2535 2612
f 2618 2535 2619
f 2619 2612 2613
f 2620 2615 2532
f 2620 2532 2536
f 2536 2537 2620
f 2621 2538 2539
f 2533 2616 2622
f 2621 2533 2622
f 2623 2621 2622
f 2539 2533 2621
f 2624 2623 2622
f 2625 2620 2537
f 2625 2537 2540
f 2626 2540 2541
f 2626 2625 2540
f 2541 2542 2626
f 2626 2542 2627
f 2538 2621 2543
f 2621 2628 2543
f 2621 2629 2628
f 2623 2631 2630
f 2629 2623 2630
f 2621 2623 2629
f 2631 2623 2624
f 2545 2633 2632
f 2627 2545 2632
f 2542 2545 2627
f 2633 2634 2632
f 2628 2548 2543
f 2548 2628 2550
f 2628 2635 2550
f 2628 2629 2635
f 2629 2630 2636
f 2629 2636 2635
f 2551 2633 2545
f 2551 2552 2633
f 2552 2634 2633
f 2552 2637 2634
f 2638 2554 2635
f 2635 2554 2550
f 2635 2636 2639
f 2640 2635 2639
f 2638 2635 2640
f 2556 2641 2555
f 2641 2642 2555
f 2642 2552 2555
f 2642 2637 2552
f 2643 2558 2638
f 2638 2558 2554
f 2643 2640 2644
f 2638 2640 2643
f 2646 2645 2641
f 2556 2646 2641
f 2562 2646 2556
f 2641 2645 2642
f 2647 2564 2643
f 2643 2564 2558
f 2643 2644 2648
f 2643 2648 2647
f 2650 2649 2567
f 2650 2567 2576
f 2567 2651 2568
f 2649 2651 2567
f 2562 2568 2646
f 2646 2568 2651
f 2652 2570 2647
f 2647 2570 2564
f 2647 2648 2653
f 2647 2653 2652
f 2655 2654 2574
f 2655 2574 2573
f 2574 2656 2575
f 2654 2656 2574
f 2575 2657 2576
f 2656 2657 2575
f 2650 2576 2657
f 2652 2577 2570
f 2653 2658 2652
f 2658 2577 2652
f 2658 2578 2577
f 2578 2659 2579
f 2658 2659 2578
f 2573 2579 2655
f 2655 2579 2659
f 2665 2664 2663
f 2665 2663 2661
f 2661 2663 2660
f 2663 2581 2660
f 2667 2666 2582
f 2582 2666 2581
f 2666 2662 2581
f 2662 2660 2581
f 2667 2668 2666
f 2663 2664 2585
f 2664 2584 2585
f 2664 2669 2584
f 2663 2585 2581
f 2586 2670 2667
f 2586 2667 2582
f 2668 2667 2671
f 2671 2667 2670
f 2587 2670 2586
f 2673 2671 2670
f 2587 2673 2670
f 2588 2673 2587
f 2588 2590 2673
f 2673 2590 2674
f 2676 2674 2590
f 2676 2590 2591
f 2678 2676 2677
f 2676 2592 2677
f 2676 2591 2592
f 2593 2677 2592
f 2675 2594 2672
f 2679 2594 2675
f 2680 2678 2677
f 2682 2680 2681
f 2681 2680 2595
f 2680 2677 2595
f 2677 2593 2595
f 2597 2681 2595
f 2679 2683 2594
f 2594 2683 2598
f 2598 2684 2601
f 2683 2684 2598
f 2602 2601 2684
f 2602 2684 2685
f 2682 2681 2686
f 2682 2686 2687
f 2604 2686 2597
f 2597 2686 2681
f 2685 2688 2602
f 2602 2688 2606
f 2606 2689 2608
f 2688 2689 2606
f 2608 2690 2609
f 2689 2690 2608
f 2609 2691 2610
f 2690 2691 2609
f 2686 2611 2687
f 2611 2691 2687
f 2611 2610 2691
f 2611 2686 2604
f 2692 2613 2614
f 2615 2692 2614
f 2693 2616 2617
f 2618 2694 2617
f 2617 2694 2693
f 2619 2695 2618
f 2618 2695 2694
f 2696 2695 2619
f 2696 2619 2613
f 2697 2696 2613
f 2692 2697 2613
f 2697 2692 2615
f 2620 2697 2615
f 2698 2697 2620
f 2700 2699 2620
f 2699 2698 2620
f 2693 2622 2616
f 2622 2693 2624
f 2693 2701 2624
f 2693 2694 2701
f 2695 2703 2702
f 2701 2695 2702
f 2694 2695 2701
f 2703 2695 2696
f 2625 2700 2620
f 2625 2704 2700
f 2626 2704 2625
f 2626 2627 2704
f 2704 2627 2705
f 2706 2630 2631
f 2624 2701 2631
f 2701 2706 2631
f 2701 2707 2706
f 2701 2702 2708
f 2701 2708 2707
f 2709 2705 2627
f 2709 2627 2632
f 2632 2634 2709
f 2709 2634 2710
f 2711 2636 2706
f 2706 2636 2630
f 2707 2713 2712
f 2711 2707 2712
f 2706 2707 2711
f 2713 2707 2708
f 2637 2715 2714
f 2710 2637 2714
f 2634 2637 2710
f 2715 2716 2714
f 2711 2639 2636
f 2712 2639 2711
f 2717 2639 2712
f 2642 2718 2715
f 2642 2715 2637
f 2716 2715 2719
f 2719 2715 2718
f 2720 2644 2640
f 2721 2720 2640
f 2639 2721 2640
f 2717 2721 2639
f 2723 2722 2645
f 2723 2645 2646
f 2642 2645 2718
f 2645 2724 2718
f 2645 2722 2724
f 2718 2724 2719
f 2725 2648 2720
f 2720 2648 2644
f 2720 2721 2726
f 2720 2726 2725
f 2650 2727 2649
f 2649 2727 2728
f 2651 2649 2728
f 2646 2651 2723
f 2723 2651 2728
f 2729 2653 2725
f 2725 2653 2648
f 2725 2726 2730
f 2731 2725 2730
f 2729 2725 2731
f 2654 2655 2731
f 2730 2654 2731
f 2732 2654 2730
f 2654 2733 2656
f 2732 2733 2654
f 2656 2734 2657
f 2733 2734 2656
f 2650 2657 2727
f 2657 2735 2727
f 2657 2734 2735
f 2727 2735 2728
f 2729 2658 2653
f 2658 2729 2659
f 2659 2729 2731
f 2659 2731 2655
f 2738 2737 2736
f 2740 2739 2736
f 2736 2739 2738
f 2740 2741 2739
f 2744 2743 2742
f 2744 2742 2737
f 2737 2742 2736
f 2742 2661 2736
f 2661 2660 2736
f 2736 2660 2662
f 2745 2736 2662
f 2740 2736 2745
f 2741 2740 2746
f 2746 2740 2745
f 2742 2743 2665
f 2743 2664 2665
f 2743 2747 2664
f 2742 2665 2661
f 2666 2745 2662
f 2666 2668 2745
f 2668 2746 2745
f 2668 2748 2746
f 2747 2669 2664
f 2749 2669 2747
f 2671 2748 2668
f 2671 2750 2748
f 2749 2672 2669
f 2751 2672 2749
f 2752 2750 2671
f 2752 2671 2673
f 2673 2674 2752
f 2752 2674 2753
f 2751 2675 2672
f 2754 2675 2751
f 2674 2676 2755
f 2756 2674 2755
f 2753 2674 2756
f 2678 2755 2676
f 2758 2679 2757
f 2679 2754 2757
f 2679 2675 2754
f 2760 2759 2758
f 2760 2758 2757
f 2761 2759 2760
f 2756 2755 2762
f 2756 2762 2763
f 2680 2764 2678
f 2764 2755 2678
f 2764 2762 2755
f 2682 2764 2680
f 2758 2683 2679
f 2683 2758 2684
f 2684 2758 2759
f 2766 2765 2685
f 2766 2685 2684
f 2761 2766 2684
f 2759 2761 2684
f 2768 2767 2765
f 2768 2765 2766
f 2767 2768 2763
f 2762 2767 2763
f 2769 2767 2762
f 2770 2762 2764
f 2769 2762 2770
f 2687 2770 2682
f 2682 2770 2764
f 2765 2688 2685
f 2688 2765 2689
f 2689 2765 2767
f 2689 2767 2690
f 2690 2767 2769
f 2690 2769 2691
f 2691 2769 2770
f 2691 2770 2687
f 2772 2771 2697
f 2697 2771 2696
f 2773 2697 2698
f 2773 2772 2697
f 2774 2698 2699
f 2774 2773 2698
f 2776 2775 2700
f 2775 2699 2700
f 2775 2774 2699
f 2776 2777 2775
f 2779 2778 2703
f 2703 2778 2702
f 2703 2696 2771
f 2703 2771 2779
f 2704 2776 2700
f 2704 2705 2776
f 2705 2777 2776
f 2705 2780 2777
f 2778 2708 2702
f 2781 2708 2778
f 2782 2780 2705
f 2782 2705 2709
f 2709 2710 2782
f 2782 2710 2783
f 2784 2712 2713
f 2785 2784 2713
f 2708 2785 2713
f 2781 2785 2708
f 2786 2783 2710
f 2786 2710 2714
f 2714 2716 2786
f 2786 2716 2787
f 2788 2717 2784
f 2784 2717 2712
f 2784 2785 2789
f 2784 2789 2788
f 2719 2787 2716
f 2719 2790 2787
f 2791 2721 2788
f 2788 2721 2717
f 2788 2789 2792
f 2788 2792 2791
f 2794 2793 2722
f 2794 2722 2723
f 2722 2795 2724
f 2793 2795 2722
f 2719 2724 2790
f 2790 2724 2795
f 2796 2721 2791
f 2796 2726 2721
f 2796 2791 2792
f 2799 2798 2797
f 2801 2800 2797
f 2801 2797 2798
f 2802 2800 2801
f 2804 2803 2728
f 2723 2728 2794
f 2794 2728 2803
f 2726 2796 2730
f 2730 2805 2732
f 2796 2805 2730
f 2797 2733 2799
f 2733 2805 2799
f 2733 2732 2805
f 2733 2797 2734
f 2734 2797 2800
f 2802 2806 2800
f 2806 2734 2800
f 2806 2735 2734
f 2728 2735 2804
f 2804 2735 2806
f 2807 2809 2808
f 2811 2810 2738
f 2738 2810 2737
f 2739 2807 2808
f 2811 2739 2808
f 2738 2739 2811
f 2739 2741 2807
f 2741 2809 2807
f 2741 2812 2809
f 2814 2813 2744
f 2744 2813 2743
f 2744 2737 2810
f 2744 2810 2814
f 2746 2812 2741
f 2746 2815 2812
f 2813 2747 2743
f 2816 2747 2813
f 2748 2815 2746
f 2748 2817 2815
f 2816 2749 2747
f 2818 2749 2816
f 2750 2817 2748
f 2750 2819 2817
f 2818 2751 2749
f 2820 2751 2818
f 2750 2752 2821
f 2822 2750 2821
f 2819 2750 2822
f 2753 2821 2752
f 2824 2754 2823
f 2754 2820 2823
f 2754 2751 2820
f 2825 2824 2823
f 2822 2821 2826
f 2822 2826 2827
f 2756 2826 2753
f 2753 2826 2821
f 2824 2757 2754
f 2825 2828 2824
f 2828 2757 2824
f 2828 2760 2757
f 2830 2829 2761
f 2760 2830 2761
f 2828 2830 2760
f 2829 2830 2827
f 2826 2829 2827
f 2831 2829 2826
f 2763 2831 2756
f 2756 2831 2826
f 2829 2766 2761
f 2766 2829 2768
f 2768 2829 2831
f 2768 2831 2763
f 2773 2832 2772
f 2832 2773 2833
f 2773 2834 2833
f 2773 2774 2834
f 2835 2774 2775
f 2835 2834 2774
f 2775 2777 2835
f 2835 2777 2836
f 2837 2778 2779
f 2838 2837 2779
f 2838 2779 2771
f 2839 2838 2771
f 2772 2839 2771
f 2839 2772 2832
f 2839 2832 2840
f 2840 2832 2833
f 2780 2836 2777
f 2780 2841 2836
f 2843 2842 2837
f 2842 2778 2837
f 2842 2781 2778
f 2843 2837 2838
f 2844 2841 2780
f 2844 2780 2782
f 2782 2783 2844
f 2844 2783 2848
f 2846 2785 2845
f 2785 2842 2845
f 2785 2781 2842
f 2847 2846 2845
f 2848 2783 2786
f 2786 2787 2848
f 2848 2787 2849
f 2850 2785 2846
f 2850 2789 2785
f 2850 2846 2847
f 2790 2849 2787
f 2790 2851 2849
f 2853 2792 2852
f 2792 2850 2852
f 2792 2789 2850
f 2855 2854 2853
f 2855 2853 2852
f 2857 2856 2854
f 2857 2854 2855
f 2858 2856 2857
f 2860 2859 2793
f 2860 2793 2794
f 2793 2861 2795
f 2859 2861 2793
f 2790 2795 2851
f 2851 2795 2861
f 2792 2853 2796
f 2853 2862 2796
f 2853 2863 2862
f 2799 2863 2798
f 2863 2854 2798
f 2863 2853 2854
f 2798 2854 2801
f 2801 2854 2856
f 2802 2801 2856
f 2858 2802 2856
f 2864 2802 2858
f 2864 2865 2803
f 2864 2803 2804
f 2794 2803 2860
f 2860 2803 2865
f 2796 2862 2805
f 2805 2862 2863
f 2805 2863 2799
f 2802 2864 2806
f 2804 2806 2864
f 2809 2866 2808
f 2868 2867 2811
f 2811 2867 2810
f 2811 2808 2866
f 2869 2811 2866
f 2868 2811 2869
f 2866 2809 2869
f 2809 2870 2869
f 2809 2812 2870
f 2871 2813 2814
f 2872 2871 2814
f 2810 2872 2814
f 2867 2872 2810
f 2815 2870 2812
f 2815 2873 2870
f 2875 2874 2871
f 2874 2813 2871
f 2874 2816 2813
f 2875 2871 2872
f 2817 2873 2815
f 2817 2876 2873
f 2874 2818 2816
f 2877 2818 2874
f 2819 2876 2817
f 2819 2878 2876
f 2877 2820 2818
f 2879 2820 2877
f 2882 2881 2880
f 2881 2878 2880
f 2878 2822 2880
f 2878 2819 2822
f 2879 2883 2820
f 2820 2883 2823
f 2885 2884 2825
f 2823 2885 2825
f 2883 2885 2823
f 2884 2885 2882
f 2880 2884 2882
f 2886 2884 2880
f 2827 2886 2822
f 2822 2886 2880
f 2884 2828 2825
f 2828 2884 2830
f 2830 2884 2886
f 2830 2886 2827
f 2887 2833 2834
f 2887 2834 2933
f 2834 2835 2933
f 2889 2888 2836
f 2888 2835 2836
f 2888 2933 2835
f 2891 2890 2889
f 2889 2890 2888
f 2891 2892 2890
f 2893 2838 2839
f 2893 2839 2938
f 2839 2894 2938
f 2839 2840 2894
f 2840 2833 2887
f 2895 2840 2887
f 2894 2840 2895
f 2895 2887 2933
f 2841 2896 2889
f 2841 2889 2836
f 2889 2897 2891
f 2889 2896 2897
f 2892 2891 2898
f 2898 2891 2897
f 2899 2842 2843
f 2899 2843 2838
f 2900 2899 2838
f 2893 2900 2838
f 2900 2893 2938
f 2844 2896 2841
f 2896 2844 2848
f 2901 2896 2848
f 2897 2896 2901
f 2898 2897 2902
f 2902 2897 2901
f 2899 2845 2842
f 2847 2845 2899
f 2903 2847 2899
f 2848 2849 2901
f 2849 2902 2901
f 2849 2904 2902
f 2847 2903 2906
f 2905 2847 2906
f 2907 2905 2906
f 2850 2847 2905
f 2908 2907 2906
f 2911 2910 2909
f 2913 2912 2909
f 2913 2909 2910
f 2913 2904 2912
f 2904 2851 2912
f 2904 2849 2851
f 2905 2852 2850
f 2852 2905 2855
f 2855 2905 2907
f 2857 2855 2907
f 2914 2857 2907
f 2908 2914 2907
f 2915 2857 2914
f 2915 2858 2857
f 2917 2954 2916
f 2916 2954 2911
f 2916 2911 2909
f 2860 2916 2909
f 2859 2860 2909
f 2859 2909 2861
f 2861 2909 2912
f 2861 2912 2851
f 2914 2918 2915
f 2864 2858 2915
f 2919 2864 2915
f 2918 2919 2915
f 2864 2919 2920
f 2920 2919 2917
f 2920 2917 2916
f 2864 2920 2916
f 2865 2864 2916
f 2865 2916 2860
f 2921 2867 2868
f 2869 2922 2868
f 2868 2922 2921
f 2870 2922 2869
f 2923 2872 2921
f 2921 2872 2867
f 2924 2921 2922
f 2923 2921 2924
f 2873 2924 2870
f 2870 2924 2922
f 2925 2874 2875
f 2872 2923 2875
f 2923 2925 2875
f 2923 2926 2925
f 2927 2923 2924
f 2926 2923 2927
f 2876 2927 2873
f 2873 2927 2924
f 2928 2877 2925
f 2925 2877 2874
f 2929 2925 2926
f 2928 2925 2929
f 2930 2926 2927
f 2929 2926 2930
f 2878 2930 2876
f 2876 2930 2927
f 2931 2879 2928
f 2928 2879 2877
f 2932 2928 2929
f 2931 2928 2932
f 2882 2932 2881
f 2932 2930 2881
f 2932 2929 2930
f 2881 2930 2878
f 2931 2883 2879
f 2883 2931 2885
f 2885 2931 2932
f 2885 2932 2882
f 2933 2935 2934
f 2933 2888 2935
f 2936 2888 2890
f 2936 2935 2888
f 2890 2892 2936
f 2936 2892 2937
f 2938 2894 2939
f 2894 2940 2939
f 2894 2895 2940
f 2941 2895 2933
f 2940 2895 2941
f 2941 2933 2934
f 2898 2937 2892
f 2898 2942 2937
f 2943 2899 2900
f 2944 2943 2900
f 2944 2900 2938
f 2945 2944 2938
f 2945 2938 2939
f 2902 2947 2946
f 2942 2902 2946
f 2898 2902 2942
f 2947 2948 2946
f 2949 2903 2943
f 2943 2903 2899
f 2943 2944 2950
f 2943 2950 2949
f 2904 2951 2947
f 2904 2947 2902
f 2948 2947 2952
f 2952 2947 2951
f 2949 2906 2903
f 2908 2906 2949
f 2950 2908 2949
f 2953 2908 2950
f 2956 2955 2954
f 2910 2911 2954
f 2955 2910 2954
f 2957 2910 2955
f 2910 2958 2913
f 2957 2958 2910
f 2904 2913 2951
f 2913 2959 2951
f 2913 2958 2959
f 2951 2959 2952
f 2953 2914 2908
f 2960 2914 2953
f 2963 2962 2961
f 2961 2962 2956
f 2961 2956 2954
f 2917 2961 2954
f 2960 2963 2914
f 2914 2963 2918
f 2961 2919 2963
f 2919 2918 2963
f 2919 2961 2917
f 2935 2964 2934
f 2966 2964 2965
f 2964 2936 2965
f 2964 2935 2936
f 2937 2965 2936
f 2967 2939 2940
f 2967 2940 2968
f 2940 2969 2968
f 2940 2941 2969
f 2941 2934 2964
f 2941 2964 2969
f 2970 2966 2965
f 2937 2942 2965
f 2942 2971 2965
f 2971 2970 2965
f 2971 2942 2972
f 2973 2944 2945
f 2974 2973 2945
f 2974 2945 2939
f 2975 2974 2939
f 2967 2975 2939
f 2975 2967 2968
f 2978 2977 2976
f 2979 2972 2977
f 2942 2977 2972
f 2977 2942 2976
f 2946 2976 2942
f 2976 2946 2980
f 2948 2980 2946
f 2981 2950 2973
f 2973 2950 2944
f 2973 2974 2982
f 2973 2982 2981
f 2985 2984 2983
f 2983 2984 2978
f 2976 2983 2978
f 2986 2983 2976
f 2987 2976 2980
f 2986 2976 2987
f 2952 2987 2948
f 2948 2987 2980
f 2988 2953 2981
f 2981 2953 2950
f 2981 2982 2989
f 2990 2981 2989
f 2988 2981 2990
f 2955 2956 2990
f 2989 2955 2990
f 2991 2955 2989
f 2983 2957 2985
f 2957 2991 2985
f 2957 2955 2991
f 2957 2983 2958
f 2958 2983 2986
f 2958 2986 2959
f 2959 2986 2987
f 2959 2987 2952
f 2992 2960 2988
f 2988 2960 2953
f 2963 2992 2962
f 2992 2990 2962
f 2992 2988 2990
f 2962 2990 2956
f 2992 2963 2960
f 2966 2993 2964
f 2994 2968 2969
f 2964 2993 2969
f 2993 2994 2969
f 2993 2995 2994
f 2970 2996 2966
f 2996 2993 2966
f 2996 2995 2993
f 2971 2997 2970
f 2970 2997 2996
f 2972 2997 2971
f 2998 2974 2975
f 2968 2994 2975
f 2994 2998 2975
f 2994 2999 2998
f 3000 2994 2995
f 2999 2994 3000
f 2978 3000 2977
f 3000 2996 2977
f 3000 2995 2996
f 2977 2996 2979
f 2979 2996 2997
f 2979 2997 2972
f 3001 2982 2998
f 2998 2982 2974
f 3002 2998 2999
f 3001 2998 3002
f 2985 3002 2984
f 3002 3000 2984
f 3002 2999 3000
f 2984 3000 2978
f 3001 2989 2982
f 2989 3001 2991
f 2991 3001 3002
f 2991 3002 2985
