v 33.9 8.0 15.0
v 34.0 8.0 14.9
v 34.0 7.2 15.0
v 34.0 8.0 15.1
v 34.0 8.6 15.0
v 34.8 1.0 17.0
v 35.0 1.0 16.7
v 35.0 0.8 17.0
v 35.0 1.0 18.0
v 35.0 1.0 18.0
v 35.0 1.0 18.0
v 34.2 2.0 16.0
v 35.0 2.0 15.5
v 35.0 1.5 16.0
v 34.6 2.0 17.0
v 35.0 2.0 17.6
v 35.0 1.0 18.0
v 34.2 3.0 15.0
v 35.0 3.0 14.6
v 35.0 2.6 15.0
v 34.4 3.0 16.0
v 34.6 3.0 17.0
v 35.0 3.0 17.5
v 34.7 4.0 14.0
v 35.0 4.0 13.7
v 35.0 3.7 14.0
v 34.4 4.0 15.0
v 34.5 4.0 16.0
v 34.6 4.0 17.0
v 35.0 4.0 17.4
v 34.7 5.0 14.0
v 35.0 5.0 13.6
v 34.1 5.0 15.0
v 34.4 5.0 16.0
v 34.8 5.0 17.0
v 35.0 5.0 17.2
v 35.0 5.5 14.0
v 34.5 6.0 15.0
v 35.0 6.0 14.4
v 34.7 6.0 16.0
v 35.0 6.0 16.3
v 35.0 5.3 17.0
v 34.1 7.0 15.0
v 35.0 7.0 14.5
v 35.0 7.0 15.5
v 35.0 6.5 16.0
v 35.0 8.0 14.6
v 35.0 8.0 15.4
v 34.4 9.0 15.0
v 35.0 9.0 14.9
v 35.0 9.0 15.1
v 35.0 9.1 15.0
v 35.6 1.0 16.0
v 36.0 1.0 15.7
v 36.0 0.8 16.0
v 36.0 0.5 17.0
v 36.0 0.6 18.0
v 36.0 1.0 18.4
v 36.0 2.0 15.3
v 35.4 2.0 18.0
v 36.0 2.0 18.4
v 36.0 3.0 14.5
v 36.0 2.4 15.0
v 35.5 3.0 18.0
v 36.0 3.0 18.4
v 35.8 4.0 11.0
v 36.0 4.0 10.7
v 36.0 3.8 11.0
v 36.0 3.7 12.0
v 35.7 4.0 12.0
v 36.0 3.6 13.0
v 35.6 4.0 13.0
v 36.0 3.4 14.0
v 35.7 4.0 18.0
v 36.0 4.0 18.2
v 35.8 5.0 11.0
v 36.0 5.0 10.7
v 35.6 5.0 12.0
v 35.4 5.0 13.0
v 36.0 4.3 18.0
v 36.0 5.0 17.5
v 36.0 5.3 11.0
v 36.0 5.6 12.0
v 35.7 6.0 13.0
v 36.0 6.0 12.5
v 35.3 6.0 14.0
v 36.0 5.5 17.0
v 36.0 6.0 16.6
v 36.0 6.3 13.0
v 35.6 7.0 14.0
v 36.0 7.0 13.6
v 35.5 7.0 16.0
v 36.0 7.0 16.3
v 36.0 7.5 14.0
v 36.0 8.0 14.4
v 36.0 7.4 16.0
v 36.0 8.0 15.5
v 36.0 9.0 14.9
v 36.0 9.0 15.1
v 36.0 9.1 15.0
v 36.7 0.0 18.0
v 37.0 0.0 17.5
v 37.0 -0.3 18.0
v 37.0 -0.1 19.0
v 36.9 0.0 19.0
v 37.0 0.0 19.1
v 37.0 1.0 15.4
v 37.0 0.6 16.0
v 37.0 0.3 17.0
v 37.0 0.1 19.0
v 37.0 1.0 18.7
v 36.5 2.0 15.0
v 37.0 2.0 14.7
v 37.0 1.5 15.0
v 37.0 2.0 18.5
v 37.0 3.0 14.2
v 37.0 3.0 18.5
v 36.7 4.0 10.0
v 37.0 4.0 9.8
v 37.0 3.8 10.0
v 37.0 3.4 11.0
v 37.0 3.5 12.0
v 37.0 3.4 13.0
v 37.0 3.2 14.0
v 37.0 4.0 18.4
v 36.5 5.0 10.0
v 37.0 5.0 9.5
v 37.0 4.4 18.0
v 37.0 5.0 17.4
v 36.7 6.0 10.0
v 37.0 6.0 9.7
v 36.5 6.0 11.0
v 36.4 6.0 12.0
v 37.0 5.4 17.0
v 37.0 6.0 16.6
v 37.0 6.3 10.0
v 37.0 6.5 11.0
v 37.0 6.5 12.0
v 37.0 6.8 13.0
v 37.0 7.0 13.2
v 37.0 7.0 16.4
v 36.5 8.0 14.0
v 37.0 8.0 13.7
v 37.0 7.5 16.0
v 37.0 8.0 15.6
v 37.0 8.4 14.0
v 37.0 9.0 14.9
v 37.0 9.0 15.1
v 37.0 9.0 15.0
v 37.9 -10.0 16.0
v 38.0 -10.0 15.9
v 38.0 -10.1 16.0
v 38.0 -10.4 17.0
v 37.8 -10.0 17.0
v 38.0 -11.0 18.0
v 37.9 -10.0 18.0
v 38.0 -10.0 18.1
v 38.0 -9.0 16.0
v 38.0 -9.7 17.0
v 38.0 -9.9 18.0
v 37.9 -4.0 19.0
v 38.0 -4.0 18.9
v 38.0 -4.1 19.0
v 38.0 -4.0 19.1
v 38.0 -3.0 19.0
v 38.0 -3.0 19.0
v 38.0 -3.0 19.0
v 38.0 -2.9 19.0
v 37.6 -1.0 18.0
v 38.0 -1.0 17.5
v 38.0 -1.4 18.0
v 38.0 -1.4 19.0
v 37.7 -1.0 19.0
v 38.0 -1.0 19.2
v 37.4 0.0 17.0
v 38.0 0.0 16.4
v 38.0 -0.6 17.0
v 38.0 0.0 19.4
v 37.6 1.0 15.0
v 38.0 1.0 14.7
v 38.0 0.7 15.0
v 38.0 0.3 16.0
v 37.7 1.0 19.0
v 38.0 1.0 19.2
v 38.0 2.0 14.3
v 38.0 1.2 19.0
v 38.0 2.0 18.6
v 37.8 3.0 11.0
v 38.0 3.0 10.7
v 38.0 2.8 11.0
v 38.0 3.0 11.5
v 37.6 3.0 13.0
v 38.0 3.0 12.3
v 38.0 2.7 13.0
v 38.0 2.3 14.0
v 37.3 3.0 14.0
v 38.0 3.0 18.5
v 38.0 4.0 9.4
v 38.0 3.4 10.0
v 38.0 3.2 12.0
v 38.0 4.0 18.4
v 37.6 5.0 9.0
v 38.0 5.0 8.5
v 38.0 4.5 9.0
v 37.6 5.0 17.0
v 38.0 4.8 17.0
v 38.0 5.0 16.8
v 38.0 4.4 18.0
v 37.9 6.0 8.0
v 38.0 6.0 7.9
v 38.0 5.8 8.0
v 37.5 6.0 9.0
v 38.0 6.0 16.5
v 38.0 6.1 8.0
v 38.0 6.6 9.0
v 37.7 7.0 10.0
v 38.0 7.0 9.5
v 37.5 7.0 11.0
v 37.5 7.0 12.0
v 37.3 7.0 13.0
v 38.0 7.0 16.4
v 38.0 7.3 10.0
v 38.0 7.5 11.0
v 38.0 7.5 12.0
v 38.0 7.7 13.0
v 38.0 8.0 13.2
v 38.0 7.5 16.0
v 38.0 8.0 15.5
v 37.8 9.0 14.0
v 38.0 9.0 13.9
v 38.0 9.0 14.2
v 38.0 8.6 15.0
v 37.1 9.0 15.0
v 38.0 9.1 14.0
v 38.6 -11.0 17.0
v 39.0 -11.0 16.6
v 39.0 -11.3 17.0
v 39.0 -11.3 18.0
v 38.0 -11.0 18.0
v 39.0 -11.0 18.3
v 39.0 -10.0 15.4
v 39.0 -10.5 16.0
v 39.0 -10.0 18.2
v 38.8 -9.0 15.0
v 39.0 -9.0 14.3
v 39.0 -9.4 15.0
v 38.0 -9.0 16.0
v 39.0 -9.0 16.3
v 39.0 -9.6 17.0
v 39.0 -9.8 18.0
v 39.0 -8.8 15.0
v 39.0 -8.8 16.0
v 38.7 -6.0 18.0
v 39.0 -6.0 17.3
v 39.0 -6.3 18.0
v 39.0 -6.2 19.0
v 38.8 -6.0 19.0
v 39.0 -6.0 19.2
v 38.6 -5.0 18.0
v 39.0 -5.0 17.4
v 38.6 -5.0 19.0
v 39.0 -5.0 19.4
v 38.5 -4.0 18.0
v 39.0 -4.0 17.5
v 39.0 -4.0 19.9
v 38.5 -3.0 18.0
v 39.0 -3.0 17.5
v 39.0 -3.0 19.5
v 38.7 -2.0 17.0
v 39.0 -2.0 16.7
v 39.0 -2.3 17.0
v 38.4 -2.0 18.0
v 38.5 -2.0 19.0
v 39.0 -2.0 19.4
v 38.8 -1.0 16.0
v 39.0 -1.0 15.8
v 39.0 -1.3 16.0
v 38.3 -1.0 17.0
v 39.0 -1.0 19.5
v 38.3 0.0 16.0
v 39.0 0.0 15.3
v 39.0 0.0 19.4
v 38.7 1.0 14.0
v 39.0 1.0 13.7
v 39.0 0.7 14.0
v 39.0 0.3 15.0
v 38.3 1.0 19.0
v 39.0 0.6 19.0
v 39.0 1.0 18.7
v 38.3 2.0 14.0
v 39.0 2.0 13.3
v 39.0 2.0 18.5
v 38.6 3.0 10.0
v 39.0 3.0 9.7
v 39.0 2.7 10.0
v 39.0 2.5 11.0
v 39.0 2.5 12.0
v 38.2 3.0 12.0
v 39.0 2.2 13.0
v 39.0 3.0 18.5
v 38.5 4.0 9.0
v 39.0 4.0 8.6
v 39.0 3.6 9.0
v 39.0 4.0 18.3
v 38.5 5.0 8.0
v 39.0 5.0 7.5
v 39.0 4.6 8.0
v 39.0 4.7 17.0
v 39.0 5.0 16.7
v 39.0 4.3 18.0
v 38.8 6.0 7.0
v 39.0 6.0 6.8
v 39.0 5.7 7.0
v 39.0 6.0 16.5
v 39.0 6.3 7.0
v 38.6 7.0 8.0
v 39.0 7.0 7.6
v 38.4 7.0 9.0
v 39.0 7.0 16.3
v 39.0 7.4 8.0
v 39.0 7.5 9.0
v 39.0 7.7 10.0
v 38.6 8.0 11.0
v 39.0 8.0 10.4
v 38.5 8.0 12.0
v 38.2 8.0 13.0
v 39.0 7.4 16.0
v 39.0 8.0 15.5
v 39.0 8.4 11.0
v 39.0 8.6 12.0
v 38.6 9.0 13.0
v 39.0 9.0 12.5
v 39.0 8.5 15.0
v 39.0 9.0 14.4
v 39.0 9.4 13.0
v 39.0 9.4 14.0
v 39.8 -11.0 15.0
v 40.0 -11.0 14.8
v 40.0 -11.2 15.0
v 40.0 -11.4 16.0
v 39.5 -11.0 16.0
v 40.0 -11.4 17.0
v 40.0 -11.0 18.0
v 40.0 -11.0 18.0
v 39.4 -10.0 15.0
v 40.0 -10.0 14.5
v 40.0 -10.0 16.8
v 39.8 -10.0 17.0
v 40.0 -10.2 17.0
v 39.3 -10.0 18.0
v 40.0 -11.0 18.0
v 39.2 -9.0 14.0
v 40.0 -9.0 13.7
v 40.0 -9.3 14.0
v 40.0 -9.0 15.5
v 39.4 -9.0 16.0
v 40.0 -9.4 16.0
v 40.0 -8.7 14.0
v 40.0 -8.6 15.0
v 40.0 -6.0 17.6
v 40.0 -6.3 18.0
v 40.0 -6.2 19.0
v 40.0 -6.0 19.2
v 40.0 -5.0 16.0
v 40.0 -5.0 16.0
v 40.0 -5.0 16.0
v 40.0 -5.6 17.0
v 39.4 -5.0 17.0
v 40.0 -5.0 19.5
v 40.0 -4.9 16.0
v 39.6 -4.0 17.0
v 40.0 -4.0 16.5
v 40.0 -4.0 19.6
v 40.0 -3.1 17.0
v 40.0 -3.0 17.1
v 40.0 -3.0 19.5
v 40.0 -2.0 16.3
v 40.0 -2.9 17.0
v 40.0 -2.0 19.4
v 40.0 -1.0 15.5
v 40.0 -1.6 16.0
v 40.0 -1.0 19.4
v 39.7 0.0 14.0
v 40.0 0.0 13.6
v 40.0 -0.3 14.0
v 40.0 -0.5 15.0
v 39.3 0.0 15.0
v 40.0 0.0 19.4
v 39.6 1.0 13.0
v 40.0 1.0 12.6
v 40.0 0.6 13.0
v 40.0 0.5 19.0
v 40.0 1.0 18.6
v 39.6 2.0 12.0
v 40.0 2.0 11.6
v 40.0 1.7 12.0
v 39.2 2.0 13.0
v 40.0 2.0 18.5
v 40.0 3.0 9.5
v 40.0 2.6 10.0
v 40.0 2.4 11.0
v 40.0 3.0 18.4
v 40.0 4.0 8.5
v 40.0 3.5 9.0
v 40.0 4.0 18.2
v 39.6 5.0 7.0
v 40.0 5.0 6.7
v 40.0 4.7 7.0
v 40.0 4.4 8.0
v 40.0 4.6 17.0
v 40.0 5.0 16.5
v 40.0 4.2 18.0
v 39.8 6.0 6.0
v 40.0 6.0 5.8
v 40.0 5.8 6.0
v 40.0 6.0 16.3
v 40.0 6.2 6.0
v 39.5 7.0 7.0
v 40.0 7.0 6.5
v 39.5 7.0 16.0
v 40.0 6.5 16.0
v 40.0 7.0 15.7
v 40.0 7.5 7.0
v 39.7 8.0 8.0
v 40.0 8.0 7.6
v 39.5 8.0 9.0
v 39.3 8.0 10.0
v 40.0 8.0 15.4
v 40.0 8.3 8.0
v 40.0 8.6 9.0
v 39.7 9.0 10.0
v 40.0 9.0 9.6
v 39.5 9.0 11.0
v 39.3 9.0 12.0
v 40.0 8.5 15.0
v 40.0 9.0 14.5
v 40.0 9.3 10.0
v 40.0 9.6 11.0
v 39.7 10.0 12.0
v 40.0 10.0 11.6
v 39.7 10.0 13.0
v 40.0 10.0 13.3
v 40.0 9.5 14.0
v 40.0 10.2 12.0
v 40.0 10.2 13.0
v 41.0 -11.0 14.6
v 41.0 -11.3 15.0
v 41.0 -11.5 16.0
v 41.0 -11.3 17.0
v 40.0 -11.0 18.0
v 41.0 -11.0 17.4
v 41.0 -10.0 14.3
v 40.3 -10.0 17.0
v 41.0 -10.0 17.3
v 40.7 -9.0 13.0
v 41.0 -9.0 12.7
v 41.0 -9.3 13.0
v 41.0 -9.7 14.0
v 41.0 -9.4 16.0
v 41.0 -9.0 15.5
v 41.0 -9.8 17.0
v 40.9 -8.0 12.0
v 41.0 -8.0 11.9
v 41.0 -8.1 12.0
v 40.6 -8.0 13.0
v 40.6 -8.0 14.0
v 41.0 -8.0 14.5
v 41.0 -8.4 15.0
v 41.0 -7.9 12.0
v 41.0 -7.6 13.0
v 41.0 -7.6 14.0
v 40.4 -6.0 18.0
v 40.3 -6.0 19.0
v 41.0 -5.0 15.4
v 41.0 -5.4 16.0
v 41.0 -5.5 17.0
v 41.0 -5.6 18.0
v 41.0 -5.3 19.0
v 41.0 -5.0 19.3
v 40.8 -4.0 15.0
v 41.0 -4.0 14.8
v 41.0 -4.3 15.0
v 40.3 -4.0 16.0
v 41.0 -4.0 19.5
v 41.0 -3.7 15.0
v 40.6 -3.0 16.0
v 41.0 -3.0 15.4
v 40.1 -3.0 17.0
v 41.0 -3.0 19.4
v 40.4 -2.0 16.0
v 41.0 -2.0 15.5
v 40.7 -2.0 19.0
v 41.0 -2.3 19.0
v 41.0 -2.0 18.7
v 41.0 -1.0 15.2
v 40.6 -1.0 19.0
v 41.0 -1.0 18.7
v 40.6 0.0 13.0
v 41.0 0.0 12.6
v 41.0 -0.3 13.0
v 41.0 -0.5 14.0
v 41.0 -0.8 15.0
v 41.0 -0.3 19.0
v 41.0 0.0 19.1
v 41.0 1.0 12.3
v 41.0 0.2 19.0
v 41.0 1.0 18.6
v 41.0 2.0 11.4
v 41.0 1.3 12.0
v 41.0 2.0 18.4
v 41.0 3.0 9.4
v 41.0 2.6 10.0
v 41.0 2.4 11.0
v 40.6 3.0 18.0
v 41.0 2.6 18.0
v 41.0 3.0 17.7
v 41.0 4.0 8.3
v 41.0 3.4 9.0
v 40.3 4.0 18.0
v 41.0 4.0 17.5
v 41.0 5.0 6.5
v 41.0 4.6 7.0
v 41.0 4.3 8.0
v 40.7 5.0 16.0
v 41.0 4.8 16.0
v 41.0 5.0 15.8
v 41.0 4.4 17.0
v 41.0 6.0 5.0
v 41.0 6.0 5.0
v 41.0 6.0 5.0
v 41.0 5.4 6.0
v 40.4 6.0 16.0
v 41.0 6.0 15.6
v 41.0 6.0 5.0
v 40.4 7.0 6.0
v 41.0 7.0 5.5
v 41.0 7.0 15.4
v 40.8 8.0 6.0
v 41.0 8.0 5.8
v 40.4 8.0 7.0
v 41.0 8.0 15.3
v 41.0 8.2 6.0
v 41.0 8.4 7.0
v 41.0 8.6 8.0
v 40.5 9.0 9.0
v 41.0 9.0 8.6
v 41.0 8.3 15.0
v 41.0 9.0 14.5
v 41.0 9.4 9.0
v 40.7 10.0 10.0
v 41.0 10.0 9.7
v 40.4 10.0 11.0
v 41.0 9.5 14.0
v 41.0 10.0 13.5
v 41.0 10.2 10.0
v 41.0 10.4 11.0
v 41.0 10.5 12.0
v 41.0 10.4 13.0
v 42.0 -11.0 14.7
v 42.0 -11.3 15.0
v 42.0 -11.5 16.0
v 42.0 -11.3 17.0
v 42.0 -11.0 17.3
v 41.4 -10.0 14.0
v 42.0 -10.0 13.6
v 42.0 -10.4 14.0
v 42.0 -10.0 17.3
v 42.0 -9.0 12.5
v 42.0 -9.5 13.0
v 42.0 -9.4 16.0
v 42.0 -9.0 15.6
v 42.0 -9.7 17.0
v 41.9 -8.0 11.0
v 42.0 -8.0 10.9
v 42.0 -8.1 11.0
v 42.0 -8.6 12.0
v 41.6 -8.0 15.0
v 42.0 -8.0 15.3
v 42.0 -7.8 11.0
v 41.6 -7.0 12.0
v 42.0 -7.0 11.5
v 41.5 -7.0 13.0
v 41.5 -7.0 14.0
v 42.0 -7.0 14.6
v 42.0 -7.5 15.0
v 42.0 -6.6 12.0
v 42.0 -6.4 13.0
v 41.7 -6.0 14.0
v 42.0 -6.0 13.5
v 42.0 -6.4 15.0
v 41.8 -6.0 15.0
v 42.0 -6.0 15.3
v 42.0 -5.3 14.0
v 41.4 -5.0 15.0
v 42.0 -5.0 14.2
v 42.0 -5.6 16.0
v 42.0 -5.5 17.0
v 42.0 -5.4 18.0
v 41.5 -5.0 19.0
v 42.0 -5.0 18.6
v 41.6 -4.0 14.0
v 42.0 -4.0 13.6
v 42.0 -4.7 14.0
v 42.0 -4.6 19.0
v 42.0 -4.0 19.5
v 41.7 -3.0 14.0
v 42.0 -3.0 13.6
v 41.3 -3.0 15.0
v 42.0 -3.0 19.3
v 42.0 -2.5 14.0
v 41.5 -2.0 15.0
v 42.0 -2.0 14.3
v 42.0 -2.6 19.0
v 42.0 -2.0 18.6
v 41.9 -1.0 12.0
v 42.0 -1.0 11.9
v 42.0 -1.1 12.0
v 42.0 -1.0 12.2
v 41.3 -1.0 15.0
v 42.0 -1.0 14.2
v 42.0 -1.0 18.5
v 41.5 0.0 12.0
v 42.0 0.0 11.5
v 42.0 -0.7 13.0
v 42.0 -0.8 14.0
v 41.2 0.0 19.0
v 42.0 0.0 18.6
v 41.3 1.0 12.0
v 42.0 1.0 11.5
v 42.0 1.0 18.4
v 42.0 2.0 11.2
v 42.0 2.0 18.3
v 41.6 3.0 9.0
v 42.0 3.0 8.7
v 42.0 2.8 9.0
v 42.0 2.6 10.0
v 42.0 2.2 11.0
v 42.0 2.3 18.0
v 42.0 3.0 17.6
v 41.4 4.0 8.0
v 42.0 4.0 7.5
v 42.0 3.6 8.0
v 42.0 4.0 17.2
v 42.0 5.0 6.3
v 42.0 4.4 7.0
v 42.0 4.6 16.0
v 42.0 5.0 15.6
v 42.0 4.2 17.0
v 42.0 6.0 4.7
v 42.0 5.7 5.0
v 42.0 5.3 6.0
v 42.0 6.0 15.3
v 42.0 6.5 5.0
v 42.0 7.0 5.2
v 41.6 7.0 15.0
v 42.0 6.5 15.0
v 42.0 7.0 14.7
v 42.0 8.0 5.5
v 41.3 8.0 15.0
v 42.0 8.0 14.6
v 42.0 8.4 6.0
v 42.0 8.6 7.0
v 42.0 8.7 8.0
v 42.0 9.0 8.3
v 42.0 9.0 14.3
v 42.0 9.5 9.0
v 42.0 10.0 9.6
v 42.0 9.3 14.0
v 42.0 10.0 13.4
v 42.0 10.3 10.0
v 42.0 10.4 11.0
v 42.0 10.5 12.0
v 42.0 10.7 13.0
v 42.7 -11.0 15.0
v 43.0 -11.0 15.2
v 43.0 -11.4 16.0
v 43.0 -11.3 17.0
v 43.0 -11.0 17.3
v 43.0 -10.0 13.4
v 43.0 -10.4 14.0
v 43.0 -10.8 15.0
v 43.0 -10.0 17.2
v 43.0 -9.0 12.3
v 43.0 -9.6 13.0
v 43.0 -9.4 16.0
v 43.0 -9.0 15.6
v 43.0 -9.8 17.0
v 42.7 -8.0 10.0
v 43.0 -8.0 9.7
v 43.0 -8.3 10.0
v 43.0 -8.5 11.0
v 43.0 -8.7 12.0
v 43.0 -8.0 15.4
v 42.7 -7.0 10.0
v 43.0 -7.0 9.7
v 42.4 -7.0 11.0
v 43.0 -7.3 15.0
v 43.0 -7.0 14.8
v 43.0 -6.6 10.0
v 43.0 -6.3 11.0
v 42.5 -6.0 12.0
v 43.0 -6.0 11.3
v 42.3 -6.0 13.0
v 43.0 -6.7 15.0
v 43.0 -6.0 15.5
v 42.7 -5.0 12.0
v 43.0 -5.0 11.6
v 42.5 -5.0 13.0
v 42.1 -5.0 14.0
v 43.0 -5.6 16.0
v 43.0 -5.5 17.0
v 43.0 -5.3 18.0
v 43.0 -5.0 18.4
v 43.0 -4.5 12.0
v 42.5 -4.0 13.0
v 43.0 -4.0 12.4
v 43.0 -4.4 19.0
v 43.0 -4.0 19.7
v 42.5 -3.0 13.0
v 43.0 -3.0 12.5
v 42.5 -3.0 19.0
v 43.0 -3.4 19.0
v 43.0 -3.0 18.7
v 42.6 -2.0 13.0
v 43.0 -2.0 12.3
v 42.3 -2.0 14.0
v 43.0 -2.0 18.5
v 42.7 -1.0 11.0
v 43.0 -1.0 10.7
v 43.0 -1.3 11.0
v 43.0 -1.7 12.0
v 42.3 -1.0 13.0
v 42.2 -1.0 14.0
v 43.0 -1.0 18.5
v 42.5 0.0 11.0
v 43.0 0.0 10.5
v 43.0 0.0 18.3
v 42.5 1.0 11.0
v 43.0 1.0 10.5
v 42.6 1.0 18.0
v 43.0 0.5 18.0
v 43.0 1.0 17.7
v 42.3 2.0 11.0
v 43.0 2.0 10.4
v 42.3 2.0 18.0
v 43.0 2.0 17.6
v 43.0 3.0 8.6
v 43.0 2.7 9.0
v 43.0 2.7 10.0
v 43.0 3.0 17.4
v 42.5 4.0 7.0
v 43.0 4.0 6.6
v 43.0 3.7 7.0
v 43.0 3.4 8.0
v 42.4 4.0 17.0
v 43.0 3.6 17.0
v 43.0 4.0 16.6
v 42.4 5.0 6.0
v 43.0 5.0 5.4
v 43.0 4.5 6.0
v 43.0 4.5 16.0
v 43.0 5.0 15.4
v 42.7 6.0 4.0
v 43.0 6.0 3.8
v 43.0 5.8 4.0
v 43.0 5.3 5.0
v 42.5 6.0 15.0
v 43.0 5.5 15.0
v 43.0 6.0 14.7
v 42.7 7.0 4.0
v 43.0 7.0 3.8
v 42.2 7.0 5.0
v 43.0 7.0 14.4
v 43.0 7.4 4.0
v 42.6 8.0 5.0
v 43.0 8.0 4.6
v 42.9 8.0 13.0
v 43.0 7.9 13.0
v 43.0 8.0 12.8
v 43.0 8.0 13.6
v 43.0 8.0 14.1
v 43.0 8.3 5.0
v 43.0 8.6 6.0
v 42.9 9.0 7.0
v 43.0 9.0 6.9
v 42.5 9.0 8.0
v 42.7 9.0 12.0
v 43.0 8.6 12.0
v 43.0 9.0 11.6
v 42.5 9.0 13.0
v 43.0 8.1 14.0
v 42.3 9.0 14.0
v 43.0 9.1 7.0
v 43.0 9.2 8.0
v 43.0 9.4 9.0
v 42.4 10.0 10.0
v 43.0 9.6 10.0
v 42.5 10.0 11.0
v 43.0 9.5 11.0
v 42.5 10.0 12.0
v 42.3 10.0 13.0
v 43.3 -11.0 15.0
v 44.0 -11.0 14.6
v 44.0 -11.3 15.0
v 44.0 -11.5 16.0
v 44.0 -11.2 17.0
v 44.0 -11.0 17.3
v 43.5 -10.0 13.0
v 44.0 -10.0 12.7
v 44.0 -10.3 13.0
v 44.0 -10.6 14.0
v 43.4 -10.0 17.0
v 44.0 -10.6 17.0
v 44.0 -10.0 16.6
v 43.9 -9.0 10.0
v 44.0 -9.0 9.9
v 44.0 -9.1 10.0
v 44.0 -9.0 10.2
v 43.5 -9.0 12.0
v 44.0 -9.0 11.5
v 44.0 -9.4 12.0
v 44.0 -9.5 16.0
v 44.0 -9.0 15.6
v 43.7 -8.0 9.0
v 44.0 -8.0 8.7
v 44.0 -8.3 9.0
v 44.0 -8.7 11.0
v 44.0 -8.0 15.3
v 43.9 -7.0 8.0
v 44.0 -7.0 7.9
v 44.0 -7.1 8.0
v 43.4 -7.0 9.0
v 44.0 -7.5 15.0
v 44.0 -7.0 14.8
v 44.0 -6.7 8.0
v 43.6 -6.0 9.0
v 44.0 -6.0 8.2
v 43.4 -6.0 10.0
v 43.2 -6.0 11.0
v 44.0 -6.7 15.0
v 44.0 -6.0 15.5
v 43.7 -5.0 8.0
v 44.0 -5.0 7.7
v 44.0 -5.6 8.0
v 43.6 -5.0 9.0
v 43.6 -5.0 10.0
v 43.5 -5.0 11.0
v 44.0 -5.6 16.0
v 44.0 -5.3 17.0
v 43.4 -5.0 18.0
v 44.0 -5.0 17.5
v 43.7 -4.0 8.0
v 44.0 -4.0 7.5
v 44.0 -4.0 8.5
v 44.0 -4.4 9.0
v 44.0 -4.5 10.0
v 44.0 -4.3 11.0
v 43.4 -4.0 12.0
v 44.0 -4.0 11.3
v 44.0 -4.6 18.0
v 44.0 -4.0 19.0
v 44.0 -4.0 19.0
v 43.9 -3.0 5.0
v 44.0 -3.0 4.9
v 44.0 -3.1 5.0
v 44.0 -3.3 6.0
v 43.8 -3.0 6.0
v 44.0 -3.5 7.0
v 43.7 -3.0 7.0
v 43.7 -3.0 8.0
v 44.0 -3.0 8.5
v 43.5 -3.0 12.0
v 44.0 -3.0 11.3
v 44.0 -4.0 19.0
v 44.0 -3.0 18.5
v 44.0 -2.9 5.0
v 44.0 -2.7 6.0
v 44.0 -2.5 7.0
v 43.8 -2.0 8.0
v 44.0 -2.0 7.7
v 44.0 -2.0 8.3
v 43.6 -2.0 11.0
v 44.0 -2.0 10.6
v 44.0 -2.5 11.0
v 43.2 -2.0 12.0
v 44.0 -2.0 18.4
v 44.0 -1.7 8.0
v 44.0 -1.0 10.1
v 44.0 -1.0 18.3
v 43.6 0.0 10.0
v 44.0 0.0 9.5
v 44.0 -0.8 10.0
v 43.5 0.0 18.0
v 44.0 -0.5 18.0
v 44.0 0.0 17.7
v 43.5 1.0 10.0
v 44.0 1.0 9.5
v 44.0 1.0 17.5
v 43.4 2.0 10.0
v 44.0 2.0 9.3
v 44.0 2.0 17.4
v 44.0 3.0 8.3
v 44.0 2.3 9.0
v 44.0 3.0 17.2
v 43.5 4.0 6.0
v 44.0 4.0 5.5
v 44.0 3.6 6.0
v 44.0 3.5 7.0
v 44.0 3.2 8.0
v 44.0 3.3 17.0
v 44.0 4.0 16.3
v 43.4 5.0 5.0
v 44.0 5.0 4.5
v 44.0 4.5 5.0
v 43.6 5.0 15.0
v 44.0 4.7 15.0
v 44.0 5.0 14.7
v 44.0 4.3 16.0
v 44.0 6.0 3.6
v 44.0 5.4 4.0
v 44.0 6.0 14.3
v 44.0 7.0 3.5
v 43.6 7.0 14.0
v 44.0 6.5 14.0
v 44.0 7.0 13.6
v 43.8 8.0 4.0
v 44.0 8.0 3.9
v 43.9 8.0 8.0
v 44.0 7.9 8.0
v 44.0 8.0 7.8
v 44.0 8.0 8.2
v 43.6 8.0 12.0
v 44.0 7.7 12.0
v 44.0 8.0 11.6
v 44.0 7.4 13.0
v 43.1 8.0 14.0
v 44.0 8.1 4.0
v 44.0 8.5 5.0
v 44.0 8.5 6.0
v 43.1 9.0 7.0
v 44.0 8.4 7.0
v 43.3 9.0 8.0
v 44.0 8.4 9.0
v 43.4 9.0 9.0
v 43.6 9.0 10.0
v 44.0 8.7 10.0
v 44.0 9.0 10.9
v 44.0 9.0 11.0
v 44.0 9.0 11.0
v 45.0 -11.0 14.7
v 45.0 -11.2 15.0
v 45.0 -11.3 16.0
v 45.0 -11.2 17.0
v 45.0 -11.0 17.4
v 45.0 -10.0 12.7
v 45.0 -10.2 13.0
v 45.0 -10.6 14.0
v 45.0 -10.7 17.0
v 45.0 -10.0 16.6
v 45.0 -9.0 9.9
v 45.0 -9.1 10.0
v 45.0 -9.0 10.2
v 45.0 -9.0 11.5
v 45.0 -9.3 12.0
v 45.0 -9.5 16.0
v 45.0 -9.0 15.6
v 45.0 -8.0 8.4
v 45.0 -8.5 9.0
v 45.0 -8.7 11.0
v 44.7 -8.0 15.0
v 45.0 -8.2 15.0
v 45.0 -8.0 14.9
v 45.0 -7.0 7.4
v 45.0 -7.6 8.0
v 45.0 -7.0 14.8
v 44.7 -6.0 7.0
v 45.0 -6.0 6.5
v 45.0 -6.5 7.0
v 44.2 -6.0 8.0
v 45.0 -6.7 15.0
v 45.0 -6.0 15.5
v 44.7 -5.0 5.0
v 45.0 -5.0 4.7
v 45.0 -5.3 5.0
v 45.0 -5.6 6.0
v 44.6 -5.0 6.0
v 44.4 -5.0 7.0
v 45.0 -5.4 16.0
v 44.5 -5.0 17.0
v 45.0 -5.0 16.5
v 44.5 -4.0 5.0
v 45.0 -4.0 4.4
v 44.4 -4.0 6.0
v 44.3 -4.0 7.0
v 44.3 -4.0 9.0
v 44.4 -4.0 10.0
v 44.2 -4.0 11.0
v 45.0 -4.6 17.0
v 44.5 -4.0 18.0
v 45.0 -4.0 17.5
v 44.0 -4.0 19.0
v 44.7 -3.0 4.0
v 45.0 -3.0 3.6
v 45.0 -3.5 4.0
v 44.4 -3.0 9.0
v 44.5 -3.0 10.0
v 44.3 -3.0 11.0
v 44.5 -3.0 18.0
v 45.0 -3.0 17.5
v 44.6 -2.0 4.0
v 45.0 -2.0 3.5
v 44.4 -2.0 5.0
v 44.4 -2.0 6.0
v 44.3 -2.0 7.0
v 44.3 -2.0 9.0
v 44.4 -2.0 10.0
v 44.5 -2.0 18.0
v 45.0 -2.0 17.6
v 44.7 -1.0 4.0
v 45.0 -1.0 3.7
v 44.6 -1.0 5.0
v 44.5 -1.0 6.0
v 44.5 -1.0 7.0
v 44.3 -1.0 8.0
v 44.0 -1.0 9.0
v 44.1 -1.0 10.0
v 44.4 -1.0 18.0
v 45.0 -1.0 17.6
v 45.0 -0.5 4.0
v 45.0 -0.1 5.0
v 44.6 0.0 6.0
v 45.0 0.0 5.1
v 44.5 0.0 7.0
v 44.5 0.0 8.0
v 44.3 0.0 9.0
v 45.0 0.0 17.5
v 44.8 1.0 4.0
v 45.0 1.0 3.8
v 45.0 0.6 4.0
v 45.0 0.1 5.0
v 44.6 1.0 5.0
v 44.5 1.0 6.0
v 44.5 1.0 7.0
v 44.5 1.0 8.0
v 44.4 1.0 9.0
v 45.0 1.0 17.3
v 44.8 2.0 4.0
v 45.0 2.0 3.7
v 44.6 2.0 5.0
v 44.5 2.0 6.0
v 44.6 2.0 7.0
v 44.5 2.0 8.0
v 44.3 2.0 9.0
v 44.6 2.0 17.0
v 45.0 1.5 17.0
v 45.0 2.0 16.7
v 45.0 2.2 4.0
v 45.0 2.8 5.0
v 44.6 3.0 6.0
v 45.0 3.0 5.3
v 44.8 3.0 7.0
v 44.3 3.0 8.0
v 44.3 3.0 17.0
v 45.0 3.0 16.5
v 44.5 4.0 5.0
v 45.0 4.0 4.6
v 45.0 3.3 5.0
v 44.4 4.0 16.0
v 45.0 3.6 16.0
v 45.0 4.0 15.5
v 44.5 5.0 4.0
v 45.0 5.0 3.7
v 45.0 4.6 4.0
v 45.0 4.4 15.0
v 45.0 5.0 14.4
v 45.0 6.0 3.5
v 44.5 6.0 14.0
v 45.0 5.5 14.0
v 45.0 6.0 13.6
v 45.0 7.0 3.6
v 45.0 7.0 13.2
v 45.0 7.5 4.0
v 44.2 8.0 4.0
v 45.0 8.0 4.5
v 44.7 8.0 7.0
v 45.0 7.8 7.0
v 45.0 8.0 6.8
v 45.0 7.6 8.0
v 44.6 8.0 9.0
v 45.0 7.7 9.0
v 45.0 8.0 9.5
v 44.7 8.0 11.0
v 45.0 7.7 11.0
v 45.0 8.0 10.5
v 45.0 7.5 12.0
v 45.0 7.2 13.0
v 45.0 8.3 5.0
v 45.0 8.4 6.0
v 45.0 8.3 10.0
v 44.0 9.0 11.0
v 45.3 -11.0 15.0
v 45.5 -11.0 16.0
v 45.2 -11.0 17.0
v 45.3 -10.0 13.0
v 46.0 -10.0 13.5
v 46.0 -10.4 14.0
v 46.0 -10.6 15.0
v 46.0 -10.5 16.0
v 46.0 -10.2 17.0
v 45.8 -10.0 17.0
v 46.0 -10.0 17.1
v 45.1 -9.0 10.0
v 45.4 -9.0 12.0
v 45.8 -9.0 13.0
v 46.0 -9.0 13.2
v 46.0 -9.3 16.0
v 46.0 -9.0 15.8
v 46.0 -9.9 17.0
v 46.0 -8.0 6.0
v 46.0 -8.0 6.0
v 46.0 -8.0 6.0
v 46.0 -8.4 7.0
v 45.6 -8.0 7.0
v 46.0 -8.4 8.0
v 45.4 -8.0 8.0
v 46.0 -8.5 9.0
v 46.0 -8.5 10.0
v 46.0 -8.4 11.0
v 46.0 -8.5 12.0
v 46.0 -8.8 13.0
v 45.2 -8.0 15.0
v 46.0 -8.0 15.4
v 46.0 -7.9 6.0
v 45.4 -7.0 7.0
v 46.0 -7.0 6.2
v 45.3 -7.0 15.0
v 46.0 -7.0 15.4
v 45.8 -6.0 4.0
v 46.0 -6.0 3.8
v 46.0 -6.2 4.0
v 46.0 -6.4 5.0
v 45.5 -6.0 5.0
v 46.0 -6.8 6.0
v 45.4 -6.0 6.0
v 46.0 -6.0 15.5
v 45.5 -5.0 4.0
v 46.0 -5.0 3.6
v 45.6 -5.0 16.0
v 46.0 -5.0 15.7
v 45.4 -4.0 4.0
v 46.0 -4.0 3.4
v 46.0 -4.6 16.0
v 46.0 -4.0 17.0
v 46.0 -4.0 17.0
v 45.9 -3.0 2.0
v 46.0 -3.0 1.9
v 46.0 -3.1 2.0
v 46.0 -3.6 3.0
v 45.5 -3.0 3.0
v 45.8 -3.0 17.0
v 46.0 -3.9 17.0
v 46.0 -3.0 16.8
v 46.0 -2.8 2.0
v 45.5 -2.0 3.0
v 46.0 -2.0 2.3
v 46.0 -2.7 17.0
v 46.0 -2.0 17.3
v 45.5 -1.0 3.0
v 46.0 -1.0 2.4
v 46.0 -1.0 17.4
v 45.7 0.0 3.0
v 46.0 0.0 2.6
v 45.3 0.0 4.0
v 45.1 0.0 5.0
v 46.0 0.0 17.4
v 46.0 0.8 3.0
v 46.0 1.0 3.1
v 45.5 1.0 17.0
v 46.0 0.6 17.0
v 46.0 1.0 16.7
v 45.9 2.0 2.0
v 46.0 2.0 1.8
v 46.0 1.8 2.0
v 46.0 1.2 3.0
v 45.6 2.0 3.0
v 46.0 2.0 16.4
v 46.0 2.6 2.0
v 46.0 2.5 3.0
v 46.0 2.8 4.0
v 45.2 3.0 5.0
v 46.0 3.0 4.2
v 46.0 3.0 16.2
v 46.0 4.0 4.2
v 45.5 4.0 15.0
v 46.0 3.6 15.0
v 46.0 4.0 14.5
v 46.0 3.2 16.0
v 45.9 5.0 3.0
v 46.0 5.0 2.9
v 46.0 4.9 3.0
v 46.0 4.2 4.0
v 45.5 5.0 14.0
v 46.0 4.5 14.0
v 46.0 5.0 13.5
v 46.0 5.2 3.0
v 46.0 6.0 3.3
v 45.7 6.0 13.0
v 46.0 5.6 13.0
v 46.0 6.0 12.7
v 46.0 7.0 3.7
v 45.3 7.0 13.0
v 46.0 7.0 12.3
v 46.0 7.3 4.0
v 45.5 8.0 5.0
v 46.0 7.7 5.0
v 46.0 8.0 5.4
v 45.3 8.0 7.0
v 46.0 8.0 7.6
v 46.0 7.7 8.0
v 46.0 7.7 9.0
v 46.0 8.0 9.7
v 46.0 7.5 11.0
v 46.0 8.0 10.2
v 46.0 7.2 12.0
v 46.0 8.5 6.0
v 46.0 8.4 7.0
v 46.0 8.1 10.0
v 47.0 -10.0 13.8
v 47.0 -10.2 14.0
v 47.0 -10.4 15.0
v 47.0 -10.5 16.0
v 47.0 -10.4 17.0
v 47.0 -10.0 18.0
v 47.0 -10.0 18.0
v 47.0 -10.0 18.0
v 47.0 -9.0 13.4
v 46.3 -9.0 16.0
v 46.7 -9.0 17.0
v 47.0 -9.0 17.3
v 47.0 -10.0 18.0
v 47.0 -8.0 5.8
v 47.0 -8.3 6.0
v 47.0 -8.9 7.0
v 47.0 -8.7 8.0
v 47.0 -8.4 9.0
v 46.7 -8.0 10.0
v 47.0 -8.0 9.7
v 46.5 -8.0 11.0
v 46.6 -8.0 12.0
v 47.0 -8.0 12.4
v 47.0 -8.4 13.0
v 47.0 -8.5 16.0
v 47.0 -8.0 15.6
v 47.0 -8.8 17.0
v 46.2 -7.0 6.0
v 47.0 -7.0 5.5
v 47.0 -7.8 10.0
v 47.0 -7.6 11.0
v 47.0 -7.7 12.0
v 47.0 -7.0 15.4
v 47.0 -6.0 3.8
v 47.0 -6.2 4.0
v 47.0 -6.6 5.0
v 47.0 -6.0 15.4
v 47.0 -5.0 3.4
v 47.0 -5.0 15.5
v 46.5 -4.0 3.0
v 47.0 -4.0 2.5
v 47.0 -4.4 3.0
v 46.7 -4.0 16.0
v 47.0 -4.0 15.7
v 46.0 -4.0 17.0
v 46.6 -3.0 1.0
v 47.0 -3.0 0.1
v 47.0 -3.3 1.0
v 47.0 -3.7 2.0
v 47.0 -3.7 16.0
v 47.0 -3.0 16.4
v 46.9 -2.0 0.0
v 47.0 -2.0 -0.1
v 47.0 -2.6 0.0
v 46.5 -2.0 1.0
v 46.3 -2.0 2.0
v 46.4 -2.0 17.0
v 47.0 -2.0 16.6
v 47.0 -1.2 0.0
v 46.2 -1.0 1.0
v 47.0 -1.0 0.0
v 46.3 -1.0 2.0
v 46.6 -1.0 17.0
v 47.0 -1.0 16.6
v 46.7 0.0 -1.0
v 47.0 0.0 -1.3
v 47.0 -0.7 -1.0
v 47.0 -1.0 0.0
v 46.6 0.0 0.0
v 46.5 0.0 1.0
v 46.4 0.0 2.0
v 47.0 -0.1 17.0
v 47.0 0.0 17.1
v 46.7 1.0 -1.0
v 47.0 1.0 -1.3
v 46.7 1.0 0.0
v 47.0 1.0 0.8
v 47.0 0.8 1.0
v 46.5 1.0 2.0
v 47.0 1.0 1.2
v 46.1 1.0 3.0
v 47.0 0.1 17.0
v 47.0 1.0 16.3
v 46.9 2.0 -1.0
v 47.0 2.0 -1.1
v 47.0 2.0 -0.8
v 47.0 1.5 0.0
v 47.0 2.0 1.3
v 46.6 2.0 16.0
v 47.0 1.4 16.0
v 47.0 2.0 15.5
v 47.0 2.1 -1.0
v 47.0 3.0 2.0
v 46.5 3.0 3.0
v 47.0 3.0 2.0
v 46.2 3.0 4.0
v 46.6 3.0 15.0
v 47.0 2.5 15.0
v 47.0 3.0 14.5
v 46.2 3.0 16.0
v 47.0 3.8 3.0
v 46.2 4.0 4.0
v 47.0 4.0 3.1
v 46.5 4.0 14.0
v 47.0 3.4 14.0
v 47.0 4.0 13.5
v 47.0 5.0 2.5
v 47.0 4.2 3.0
v 46.6 5.0 13.0
v 47.0 4.5 13.0
v 47.0 5.0 12.7
v 46.6 6.0 3.0
v 47.0 6.0 2.7
v 47.0 6.0 12.3
v 47.0 6.3 3.0
v 47.0 6.7 4.0
v 46.5 7.0 4.0
v 47.0 7.0 4.4
v 46.7 7.0 11.0
v 47.0 6.7 11.0
v 47.0 7.0 10.7
v 46.3 7.0 12.0
v 47.0 6.3 12.0
v 47.0 7.5 5.0
v 47.0 8.0 5.4
v 46.5 8.0 8.0
v 46.7 8.0 9.0
v 47.0 8.0 9.2
v 47.0 7.6 10.0
v 46.2 8.0 10.0
v 46.9 9.0 6.0
v 47.0 9.0 5.9
v 46.7 9.0 7.0
v 47.0 9.0 7.3
v 47.0 8.4 8.0
v 47.0 8.1 9.0
v 47.0 9.1 6.0
v 47.0 9.2 7.0
v 47.3 -10.0 14.0
v 47.6 -10.0 15.0
v 48.0 -10.0 15.4
v 48.0 -10.4 16.0
v 48.0 -10.5 17.0
v 48.0 -10.2 18.0
v 48.0 -10.0 18.2
v 48.0 -9.0 13.6
v 48.0 -9.4 14.0
v 48.0 -9.7 15.0
v 48.0 -9.6 18.0
v 48.0 -9.0 17.6
v 47.4 -8.0 6.0
v 48.0 -8.0 6.4
v 48.0 -8.6 7.0
v 48.0 -8.9 8.0
v 48.0 -8.3 9.0
v 48.0 -8.0 9.4
v 47.5 -8.0 13.0
v 48.0 -8.0 13.4
v 48.0 -8.4 16.0
v 48.0 -8.0 15.6
v 48.0 -8.5 17.0
v 48.0 -7.0 5.5
v 48.0 -7.6 6.0
v 48.0 -7.6 10.0
v 48.0 -7.4 11.0
v 48.0 -7.4 12.0
v 48.0 -7.6 13.0
v 47.6 -7.0 15.0
v 48.0 -7.3 15.0
v 48.0 -7.0 14.7
v 47.4 -6.0 4.0
v 48.0 -6.0 4.4
v 48.0 -6.5 5.0
v 47.6 -6.0 15.0
v 48.0 -6.0 14.7
v 48.0 -5.0 3.3
v 48.0 -5.6 4.0
v 48.0 -5.5 15.0
v 48.0 -5.0 15.3
v 47.5 -4.0 2.0
v 48.0 -4.0 1.6
v 48.0 -4.4 2.0
v 48.0 -4.7 3.0
v 48.0 -4.0 15.6
v 48.0 -3.0 0.6
v 48.0 -3.4 1.0
v 48.0 -3.5 16.0
v 48.0 -3.0 16.5
v 47.1 -2.0 0.0
v 48.0 -2.0 0.7
v 48.0 -2.0 16.4
v 48.0 -1.0 -0.5
v 47.1 -1.0 0.0
v 48.0 -1.5 0.0
v 47.9 -1.0 16.0
v 48.0 -1.2 16.0
v 48.0 -1.0 15.9
v 48.0 0.0 -1.3
v 48.0 -0.4 -1.0
v 47.6 0.0 16.0
v 48.0 0.0 15.6
v 47.1 0.0 17.0
v 48.0 1.0 -1.5
v 47.1 1.0 1.0
v 47.7 1.0 15.0
v 48.0 0.6 15.0
v 48.0 1.0 14.5
v 47.3 1.0 16.0
v 48.0 2.0 -1.9
v 47.4 2.0 0.0
v 47.3 2.0 1.0
v 47.8 2.0 13.0
v 48.0 1.7 13.0
v 48.0 2.0 12.7
v 47.6 2.0 14.0
v 48.0 1.4 14.0
v 47.3 2.0 15.0
v 47.8 3.0 -1.0
v 48.0 3.0 -1.2
v 48.0 3.0 -0.6
v 48.0 2.8 0.0
v 47.1 3.0 1.0
v 48.0 3.0 0.3
v 47.0 3.0 2.0
v 47.6 3.0 13.0
v 48.0 3.0 12.5
v 47.3 3.0 14.0
v 48.0 3.1 -1.0
v 48.0 3.5 1.0
v 47.6 4.0 2.0
v 48.0 4.0 1.5
v 47.1 4.0 3.0
v 47.4 4.0 13.0
v 48.0 4.0 12.5
v 47.9 5.0 2.0
v 48.0 5.0 1.9
v 48.0 5.0 12.3
v 48.0 5.1 2.0
v 48.0 6.0 2.7
v 47.4 6.0 12.0
v 48.0 5.4 12.0
v 48.0 6.0 11.5
v 48.0 6.3 3.0
v 48.0 6.6 4.0
v 48.0 7.0 4.5
v 48.0 6.4 11.0
v 48.0 7.0 10.3
v 48.0 7.5 5.0
v 48.0 8.0 5.5
v 47.6 8.0 8.0
v 48.0 7.8 8.0
v 48.0 8.0 7.7
v 47.2 8.0 9.0
v 48.0 7.6 9.0
v 48.0 7.3 10.0
v 48.0 8.7 6.0
v 47.2 9.0 6.0
v 48.0 9.0 6.8
v 48.0 9.0 7.1
v 48.0 9.1 7.0
v 49.0 -10.0 15.7
v 49.0 -10.2 16.0
v 49.0 -10.4 17.0
v 49.0 -10.2 18.0
v 49.0 -10.0 18.2
v 49.0 -9.0 14.0
v 49.0 -9.0 14.0
v 49.0 -9.4 15.0
v 48.6 -9.0 18.0
v 49.0 -9.0 18.3
v 49.0 -8.0 6.5
v 49.0 -8.4 7.0
v 49.0 -8.4 8.0
v 48.5 -8.0 9.0
v 49.0 -8.0 8.5
v 49.0 -8.9 14.0
v 48.8 -8.0 14.0
v 49.0 -8.0 14.3
v 49.0 -8.1 16.0
v 49.0 -8.0 15.7
v 48.8 -8.0 17.0
v 49.0 -8.0 16.5
v 49.0 -8.0 17.1
v 49.0 -8.7 18.0
v 49.0 -7.0 5.5
v 49.0 -7.5 6.0
v 49.0 -7.6 9.0
v 49.0 -7.3 10.0
v 48.6 -7.0 11.0
v 49.0 -7.0 10.5
v 48.5 -7.0 12.0
v 48.7 -7.0 13.0
v 49.0 -7.0 13.5
v 49.0 -7.7 14.0
v 49.0 -7.0 14.5
v 49.0 -7.5 15.0
v 49.0 -7.9 17.0
v 49.0 -6.0 4.5
v 49.0 -6.5 5.0
v 49.0 -6.6 11.0
v 49.0 -6.5 12.0
v 49.0 -6.7 13.0
v 49.0 -6.0 14.5
v 49.0 -5.0 2.0
v 49.0 -5.0 2.0
v 49.0 -5.0 2.0
v 49.0 -5.3 3.0
v 48.5 -5.0 3.0
v 49.0 -5.6 4.0
v 48.5 -5.0 15.0
v 49.0 -5.0 14.7
v 49.0 -4.0 1.5
v 49.0 -4.6 15.0
v 49.0 -4.0 15.5
v 49.0 -3.0 0.8
v 49.0 -3.3 1.0
v 49.0 -3.6 16.0
v 49.0 -3.0 16.9
v 49.0 -2.0 0.5
v 49.0 -2.0 16.6
v 49.0 -1.0 -0.3
v 49.0 -1.4 0.0
v 48.2 -1.0 16.0
v 49.0 -1.0 16.3
v 48.5 0.0 -1.0
v 49.0 0.0 -0.7
v 49.0 -0.7 16.0
v 49.0 0.0 15.3
v 49.0 1.0 -1.3
v 49.0 0.5 -1.0
v 48.7 1.0 13.0
v 49.0 0.7 13.0
v 49.0 1.0 12.6
v 48.4 1.0 14.0
v 49.0 0.6 14.0
v 49.0 0.3 15.0
v 49.0 2.0 -1.6
v 48.6 2.0 12.0
v 49.0 1.6 12.0
v 49.0 2.0 11.6
v 49.0 3.0 -1.8
v 48.2 3.0 0.0
v 48.5 3.0 12.0
v 49.0 3.0 11.5
v 49.0 3.4 -1.0
v 49.0 3.4 0.0
v 49.0 3.5 1.0
v 49.0 4.0 1.6
v 48.5 4.0 12.0
v 49.0 4.0 11.5
v 49.0 4.4 2.0
v 48.2 5.0 2.0
v 49.0 5.0 2.5
v 48.3 5.0 12.0
v 49.0 5.0 11.3
v 48.4 6.0 3.0
v 49.0 5.5 3.0
v 49.0 6.0 3.4
v 48.5 6.0 11.0
v 49.0 5.4 11.0
v 49.0 6.0 10.4
v 49.0 6.5 4.0
v 49.0 7.0 4.6
v 48.4 7.0 10.0
v 49.0 6.4 10.0
v 49.0 7.0 9.4
v 49.0 7.4 5.0
v 49.0 8.0 5.7
v 48.6 8.0 7.0
v 49.0 7.6 7.0
v 49.0 8.0 6.4
v 49.0 7.4 8.0
v 49.0 7.2 9.0
v 49.0 8.5 6.0
v 48.1 9.0 7.0
v 49.3 -10.0 16.0
v 49.5 -10.0 17.0
v 49.2 -10.0 18.0
v 49.0 -9.0 14.0
v 49.5 -9.0 15.0
v 50.0 -9.0 15.5
v 50.0 -9.3 16.0
v 50.0 -9.5 17.0
v 50.0 -9.3 18.0
v 50.0 -9.0 18.5
v 50.0 -8.0 6.9
v 50.0 -8.1 7.0
v 49.5 -8.0 8.0
v 50.0 -8.0 7.1
v 50.0 -8.5 15.0
v 50.0 -8.0 14.6
v 49.2 -8.0 16.0
v 50.0 -8.6 18.0
v 50.0 -8.0 17.5
v 50.0 -7.0 5.5
v 50.0 -7.4 6.0
v 50.0 -7.4 8.0
v 49.6 -7.0 9.0
v 50.0 -7.0 8.5
v 49.3 -7.0 10.0
v 50.0 -7.0 13.8
v 50.0 -7.3 14.0
v 49.5 -7.0 15.0
v 50.0 -7.0 15.5
v 50.0 -7.4 16.0
v 50.0 -7.6 17.0
v 50.0 -6.0 4.5
v 50.0 -6.5 5.0
v 50.0 -6.6 9.0
v 50.0 -6.3 10.0
v 49.6 -6.0 11.0
v 50.0 -6.0 10.5
v 49.5 -6.0 12.0
v 49.7 -6.0 13.0
v 50.0 -6.0 13.3
v 50.0 -6.5 15.0
v 50.0 -6.0 14.6
v 49.0 -5.0 2.0
v 49.5 -5.0 3.0
v 50.0 -5.0 3.3
v 50.0 -5.5 4.0
v 50.0 -5.6 11.0
v 50.0 -5.5 12.0
v 50.0 -5.8 13.0
v 50.0 -5.0 14.7
v 50.0 -4.0 1.9
v 50.0 -4.2 2.0
v 50.0 -4.7 3.0
v 50.0 -4.7 15.0
v 50.0 -4.0 15.5
v 49.3 -3.0 1.0
v 50.0 -3.2 2.0
v 50.0 -3.0 2.0
v 50.0 -3.0 2.0
v 50.0 -3.4 16.0
v 50.0 -3.0 16.4
v 50.0 -2.0 0.7
v 50.0 -2.4 1.0
v 50.0 -3.0 2.0
v 50.0 -2.0 16.9
v 49.5 -1.0 0.0
v 50.0 -1.0 0.3
v 50.0 -1.0 16.4
v 50.0 0.0 -0.4
v 50.0 -0.6 0.0
v 49.5 0.0 15.0
v 50.0 -0.3 15.0
v 50.0 0.0 14.6
v 50.0 -0.6 16.0
v 49.5 1.0 -1.0
v 50.0 1.0 -0.7
v 49.6 1.0 12.0
v 50.0 0.7 12.0
v 50.0 1.0 11.7
v 50.0 0.5 13.0
v 50.0 0.4 14.0
v 50.0 2.0 -1.4
v 50.0 1.4 -1.0
v 49.6 2.0 11.0
v 50.0 1.6 11.0
v 50.0 2.0 10.5
v 50.0 3.0 -1.3
v 49.6 3.0 1.0
v 50.0 2.7 1.0
v 50.0 3.0 0.5
v 49.7 3.0 2.0
v 50.0 2.8 2.0
v 50.0 3.0 2.4
v 49.8 3.0 10.0
v 50.0 2.7 10.0
v 50.0 3.0 9.8
v 49.4 3.0 11.0
v 50.0 3.2 -1.0
v 50.0 3.3 0.0
v 49.3 4.0 2.0
v 50.0 3.6 3.0
v 49.7 4.0 3.0
v 50.0 4.0 3.4
v 50.0 3.6 10.0
v 50.0 4.0 10.2
v 49.5 4.0 11.0
v 49.4 5.0 3.0
v 50.0 5.0 3.5
v 49.9 5.0 7.0
v 50.0 4.9 7.0
v 50.0 5.0 6.9
v 49.7 5.0 8.0
v 50.0 4.6 8.0
v 49.6 5.0 9.0
v 50.0 4.5 9.0
v 49.6 5.0 10.0
v 50.0 4.2 10.0
v 49.3 5.0 11.0
v 50.0 6.0 3.8
v 50.0 5.2 7.0
v 50.0 5.8 8.0
v 50.0 6.0 8.1
v 49.6 6.0 9.0
v 49.3 6.0 10.0
v 50.0 6.2 4.0
v 49.4 7.0 5.0
v 50.0 6.4 5.0
v 49.6 7.0 6.0
v 50.0 6.5 6.0
v 49.5 7.0 7.0
v 50.0 6.3 7.0
v 49.4 7.0 8.0
v 50.0 6.1 8.0
v 49.3 7.0 9.0
v 49.2 8.0 6.0
v 50.4 -9.0 16.0
v 50.5 -9.0 17.0
v 50.3 -9.0 18.0
v 50.1 -8.0 7.0
v 51.0 -8.0 14.6
v 51.0 -8.4 15.0
v 51.0 -8.6 16.0
v 51.0 -8.6 17.0
v 51.0 -8.1 18.0
v 50.9 -8.0 18.0
v 51.0 -8.0 18.1
v 51.0 -7.0 5.9
v 51.0 -7.1 6.0
v 50.6 -7.0 7.0
v 51.0 -7.0 6.1
v 50.3 -7.0 8.0
v 50.4 -7.0 14.0
v 51.0 -7.0 14.4
v 50.4 -7.0 16.0
v 50.7 -7.0 17.0
v 51.0 -7.0 17.3
v 51.0 -7.9 18.0
v 51.0 -6.0 4.7
v 51.0 -6.3 5.0
v 51.0 -6.5 7.0
v 51.0 -6.0 7.5
v 50.7 -6.0 8.0
v 50.5 -6.0 9.0
v 50.3 -6.0 10.0
v 51.0 -6.0 13.7
v 51.0 -6.5 14.0
v 50.4 -6.0 15.0
v 51.0 -6.0 15.6
v 51.0 -6.3 16.0
v 51.0 -6.7 17.0
v 51.0 -5.0 3.6
v 51.0 -5.4 4.0
v 51.0 -5.6 8.0
v 51.0 -5.4 9.0
v 51.0 -5.0 9.5
v 50.7 -5.0 10.0
v 50.5 -5.0 11.0
v 50.6 -5.0 12.0
v 51.0 -5.0 12.5
v 51.0 -5.4 13.0
v 50.4 -5.0 15.0
v 51.0 -5.0 15.4
v 50.2 -4.0 2.0
v 51.0 -4.0 2.6
v 51.0 -4.4 3.0
v 51.0 -4.7 10.0
v 51.0 -4.5 11.0
v 51.0 -4.6 12.0
v 51.0 -4.0 15.5
v 51.0 -3.0 2.3
v 50.7 -3.0 16.0
v 51.0 -3.0 15.9
v 50.4 -2.0 1.0
v 51.0 -2.0 1.5
v 51.0 -2.6 2.0
v 51.0 -2.8 16.0
v 51.0 -2.0 16.5
v 51.0 -1.0 0.5
v 51.0 -1.6 1.0
v 51.0 -1.0 16.3
v 51.0 0.0 -0.3
v 51.0 -0.4 0.0
v 51.0 -0.4 15.0
v 51.0 0.0 14.5
v 51.0 -0.8 16.0
v 51.0 1.0 -0.6
v 51.0 0.6 12.0
v 51.0 1.0 11.5
v 51.0 0.5 13.0
v 51.0 0.4 14.0
v 51.0 2.0 -1.1
v 51.0 1.9 -1.0
v 50.8 2.0 7.0
v 51.0 1.8 7.0
v 51.0 2.0 6.7
v 50.8 2.0 8.0
v 51.0 1.8 8.0
v 50.7 2.0 9.0
v 51.0 1.7 9.0
v 50.5 2.0 10.0
v 51.0 1.6 10.0
v 51.0 1.4 11.0
v 51.0 2.1 -1.0
v 50.3 3.0 -1.0
v 50.4 3.0 0.0
v 51.0 2.6 0.0
v 51.0 2.5 1.0
v 51.0 2.5 2.0
v 50.5 3.0 3.0
v 51.0 2.6 3.0
v 50.6 3.0 4.0
v 51.0 2.6 4.0
v 50.6 3.0 5.0
v 51.0 2.6 5.0
v 50.6 3.0 6.0
v 51.0 2.5 6.0
v 50.5 3.0 7.0
v 50.5 3.0 8.0
v 50.4 3.0 9.0
v 50.4 4.0 4.0
v 50.5 4.0 5.0
v 50.5 4.0 6.0
v 50.4 4.0 7.0
v 50.4 4.0 8.0
v 50.4 4.0 9.0
v 50.1 4.0 10.0
v 50.4 5.0 4.0
v 50.5 5.0 5.0
v 50.4 5.0 6.0
v 50.2 6.0 4.0
v 50.4 6.0 5.0
v 50.4 6.0 6.0
v 50.2 6.0 7.0
v 50.1 6.0 8.0
v 52.0 -8.0 14.8
v 52.0 -8.2 15.0
v 52.0 -8.4 16.0
v 52.0 -8.4 17.0
v 52.0 -8.0 18.0
v 52.0 -8.0 18.0
v 51.1 -7.0 6.0
v 52.0 -7.0 14.6
v 52.0 -8.0 18.0
v 52.0 -7.0 17.5
v 51.4 -6.0 5.0
v 51.6 -6.0 6.0
v 51.3 -6.0 7.0
v 51.4 -6.0 14.0
v 52.0 -6.0 14.6
v 51.5 -6.0 16.0
v 52.0 -6.0 16.9
v 52.0 -6.0 17.0
v 51.5 -5.0 4.0
v 52.0 -5.0 4.4
v 52.0 -5.5 5.0
v 52.0 -5.5 6.0
v 52.0 -5.0 6.7
v 51.8 -5.0 7.0
v 51.5 -5.0 8.0
v 51.3 -5.0 9.0
v 51.4 -5.0 13.0
v 51.7 -5.0 14.0
v 52.0 -5.0 14.4
v 52.0 -5.7 16.0
v 52.0 -5.0 15.3
v 51.5 -4.0 3.0
v 52.0 -4.0 3.3
v 52.0 -4.6 4.0
v 52.0 -4.8 7.0
v 52.0 -4.4 8.0
v 52.0 -4.0 8.8
v 51.9 -4.0 9.0
v 52.0 -4.1 10.0
v 52.0 -4.0 9.5
v 51.6 -4.0 11.0
v 52.0 -4.0 10.3
v 51.7 -4.0 12.0
v 52.0 -4.0 12.4
v 52.0 -4.4 13.0
v 52.0 -4.8 14.0
v 52.0 -4.0 15.6
v 52.0 -3.0 2.1
v 52.0 -3.7 3.0
v 52.0 -3.9 9.0
v 52.0 -3.7 11.0
v 52.0 -3.7 12.0
v 52.0 -3.4 16.0
v 51.3 -3.0 16.0
v 52.0 -3.0 16.3
v 51.8 -2.0 2.0
v 52.0 -2.0 2.1
v 52.0 -2.0 16.4
v 52.0 -1.0 0.8
v 52.0 -1.2 1.0
v 52.0 -1.8 2.0
v 51.4 -1.0 16.0
v 52.0 -1.4 16.0
v 52.0 -1.0 15.6
v 51.5 0.0 0.0
v 52.0 0.0 0.3
v 52.0 -0.4 15.0
v 52.0 0.0 14.6
v 52.0 1.0 -0.3
v 52.0 0.5 0.0
v 52.0 0.6 12.0
v 52.0 1.0 11.5
v 52.0 0.5 13.0
v 52.0 0.4 14.0
v 51.1 2.0 -1.0
v 52.0 2.0 -0.2
v 51.5 2.0 6.0
v 52.0 1.6 6.0
v 52.0 2.0 5.5
v 52.0 1.5 7.0
v 52.0 1.9 8.0
v 52.0 1.6 9.0
v 52.0 1.5 10.0
v 52.0 1.4 11.0
v 52.0 2.2 0.0
v 52.0 2.4 1.0
v 52.0 2.5 2.0
v 52.0 2.5 3.0
v 52.0 2.5 4.0
v 52.0 2.3 5.0
v 52.2 -8.0 15.0
v 52.5 -8.0 16.0
v 52.8 -8.0 17.0
v 52.0 -8.0 18.0
v 52.4 -7.0 15.0
v 52.9 -7.0 16.0
v 52.5 -7.0 17.0
v 52.3 -6.0 15.0
v 52.3 -6.0 16.0
v 53.0 -5.0 4.7
v 53.0 -5.2 5.0
v 53.0 -5.2 6.0
v 53.0 -5.0 6.3
v 52.3 -5.0 15.0
v 53.0 -4.0 3.6
v 53.0 -4.4 4.0
v 53.0 -4.4 7.0
v 52.5 -4.0 8.0
v 53.0 -4.0 7.5
v 52.1 -4.0 10.0
v 52.6 -4.0 13.0
v 53.0 -4.0 13.4
v 53.0 -4.4 14.0
v 53.0 -4.5 15.0
v 53.0 -4.0 15.5
v 53.0 -3.0 2.6
v 53.0 -3.5 3.0
v 53.0 -3.7 8.0
v 53.0 -3.3 9.0
v 52.9 -3.0 10.0
v 53.0 -3.0 9.8
v 53.0 -3.4 11.0
v 53.0 -3.0 10.1
v 53.0 -3.5 12.0
v 53.0 -3.7 13.0
v 53.0 -3.4 16.0
v 53.0 -3.0 16.3
v 53.0 -2.0 2.5
v 53.0 -2.9 10.0
v 53.0 -2.0 16.4
v 52.3 -1.0 1.0
v 52.7 -1.0 2.0
v 53.0 -1.0 2.3
v 53.0 -1.5 16.0
v 53.0 -1.0 15.6
v 53.0 0.0 0.8
v 53.0 -0.3 1.0
v 53.0 -0.6 2.0
v 52.8 0.0 15.0
v 53.0 0.0 15.1
v 52.3 1.0 0.0
v 53.0 1.0 0.7
v 52.7 1.0 6.0
v 53.0 0.8 6.0
v 53.0 1.0 5.6
v 52.8 1.0 7.0
v 53.0 0.9 7.0
v 53.0 1.0 7.2
v 53.0 0.6 12.0
v 53.0 1.0 11.3
v 53.0 0.5 13.0
v 53.0 0.5 14.0
v 53.0 0.1 15.0
v 52.2 2.0 0.0
v 53.0 1.4 1.0
v 52.5 2.0 1.0
v 53.0 2.0 1.6
v 52.4 2.0 5.0
v 53.0 1.5 5.0
v 53.0 2.0 4.4
v 53.0 1.5 8.0
v 53.0 1.4 9.0
v 53.0 1.4 10.0
v 53.0 1.2 11.0
v 53.0 2.2 2.0
v 53.0 2.4 3.0
v 53.0 2.2 4.0
v 53.3 -5.0 5.0
v 53.2 -5.0 6.0
v 53.5 -4.0 4.0
v 54.0 -4.0 5.0
v 53.6 -4.0 6.0
v 53.4 -4.0 7.0
v 54.0 -4.0 13.5
v 54.0 -4.4 14.0
v 54.0 -4.2 15.0
v 54.0 -4.0 15.3
v 54.0 -3.0 2.8
v 54.0 -3.2 3.0
v 54.0 -3.5 4.0
v 54.0 -3.0 4.7
v 53.9 -3.0 5.0
v 53.8 -3.0 6.0
v 54.0 -3.0 6.4
v 54.0 -3.4 7.0
v 54.0 -3.4 8.0
v 53.5 -3.0 9.0
v 54.0 -3.0 8.6
v 54.0 -3.0 10.6
v 54.0 -3.3 11.0
v 54.0 -3.5 12.0
v 54.0 -3.6 13.0
v 53.5 -3.0 16.0
v 54.0 -3.0 15.7
v 54.0 -2.0 2.7
v 54.0 -2.8 5.0
v 54.0 -2.7 6.0
v 54.0 -2.7 9.0
v 54.0 -2.6 10.0
v 54.0 -2.5 16.0
v 54.0 -2.0 16.2
v 54.0 -1.3 3.0
v 53.8 -1.0 3.0
v 54.0 -1.0 3.2
v 54.0 -1.7 16.0
v 54.0 -1.0 15.5
v 53.2 0.0 1.0
v 53.5 0.0 2.0
v 54.0 0.0 2.6
v 54.0 -0.7 3.0
v 53.2 0.0 15.0
v 54.0 -0.4 15.0
v 54.0 0.0 14.5
v 53.3 1.0 1.0
v 53.6 1.0 2.0
v 54.0 1.0 2.8
v 53.7 1.0 4.0
v 54.0 0.7 4.0
v 54.0 1.0 3.3
v 53.4 1.0 5.0
v 54.0 0.6 5.0
v 54.0 0.5 6.0
v 53.6 1.0 7.0
v 54.0 1.0 6.9
v 53.6 1.0 9.0
v 54.0 0.7 9.0
v 54.0 1.0 8.5
v 53.5 1.0 10.0
v 54.0 0.6 10.0
v 53.3 1.0 11.0
v 54.0 0.6 11.0
v 54.0 0.5 12.0
v 54.0 0.6 13.0
v 54.0 0.3 14.0
v 53.3 2.0 2.0
v 54.0 1.2 3.0
v 53.4 2.0 3.0
v 53.3 2.0 4.0
v 54.0 1.1 7.0
v 54.0 1.2 8.0
v 55.0 -4.0 13.8
v 55.0 -4.1 14.0
v 54.4 -4.0 15.0
v 55.0 -4.0 14.2
v 54.3 -3.0 3.0
v 55.0 -3.0 4.0
v 54.4 -3.0 7.0
v 55.0 -3.0 8.0
v 55.0 -3.0 8.0
v 55.0 -3.0 8.0
v 54.5 -3.0 11.0
v 55.0 -3.0 11.4
v 55.0 -3.4 12.0
v 55.0 -3.6 13.0
v 55.0 -3.6 15.0
v 55.0 -3.0 15.5
v 55.0 -2.0 3.0
v 55.0 -2.0 3.0
v 55.0 -3.0 4.0
v 54.6 -2.0 5.0
v 55.0 -2.0 4.5
v 54.5 -2.0 6.0
v 54.7 -2.0 7.0
v 55.0 -2.0 7.4
v 55.0 -2.6 9.0
v 55.0 -2.5 10.0
v 55.0 -2.7 11.0
v 55.0 -2.1 16.0
v 55.0 -2.0 16.1
v 55.0 -2.0 3.0
v 55.0 -1.0 3.5
v 55.0 -1.6 5.0
v 55.0 -1.4 6.0
v 55.0 -1.4 7.0
v 55.0 -1.9 16.0
v 55.0 -1.0 15.3
v 54.4 0.0 3.0
v 55.0 0.0 3.6
v 54.6 0.0 6.0
v 55.0 -0.5 6.0
v 55.0 0.0 5.6
v 54.7 0.0 7.0
v 55.0 -0.6 7.0
v 55.0 0.0 7.6
v 54.5 0.0 14.0
v 55.0 -0.4 14.0
v 55.0 0.0 13.5
v 55.0 -0.7 15.0
v 54.1 1.0 3.0
v 55.0 0.4 4.0
v 55.0 0.4 5.0
v 54.1 1.0 7.0
v 55.0 0.3 8.0
v 54.3 1.0 8.0
v 55.0 0.5 9.0
v 55.0 0.5 10.0
v 55.0 0.5 11.0
v 55.0 0.5 12.0
v 55.0 0.7 13.0
v 55.2 -4.0 14.0
v 55.0 -3.0 8.0
v 56.0 -3.0 11.7
v 56.0 -3.2 12.0
v 56.0 -3.4 13.0
v 56.0 -3.4 14.0
v 56.0 -3.2 15.0
v 56.0 -3.0 15.2
v 55.0 -2.0 3.0
v 55.3 -2.0 4.0
v 55.5 -2.0 8.0
v 56.0 -2.2 9.0
v 56.0 -2.0 8.6
v 56.0 -2.3 10.0
v 56.0 -2.4 11.0
v 55.1 -2.0 16.0
v 56.0 -2.0 15.3
v 56.0 -1.1 4.0
v 56.0 -1.0 3.9
v 55.6 -1.0 5.0
v 56.0 -1.0 4.1
v 55.3 -1.0 6.0
v 55.2 -1.0 7.0
v 55.9 -1.0 8.0
v 56.0 -1.0 8.0
v 55.7 -1.0 13.0
v 56.0 -1.4 13.0
v 56.0 -1.0 12.5
v 55.5 -1.0 14.0
v 56.0 -1.5 14.0
v 55.3 -1.0 15.0
v 56.0 -1.7 15.0
v 56.0 0.0 3.9
v 56.0 -0.0 5.0
v 56.0 0.0 5.0
v 55.3 0.0 8.0
v 56.0 0.0 8.7
v 55.6 0.0 12.0
v 56.0 -0.5 12.0
v 56.0 0.0 11.4
v 55.4 0.0 13.0
v 56.0 0.1 4.0
v 56.0 0.0 5.0
v 56.0 0.2 9.0
v 56.0 0.3 10.0
v 56.0 0.2 11.0
v 56.2 -3.0 12.0
v 56.3 -3.0 13.0
v 56.4 -3.0 14.0
v 56.2 -3.0 15.0
v 56.2 -2.0 9.0
v 56.3 -2.0 10.0
v 56.4 -2.0 11.0
v 56.5 -2.0 12.0
v 56.4 -2.0 13.0
v 56.4 -2.0 14.0
v 56.2 -2.0 15.0
v 56.1 -1.0 4.0
v 56.4 -1.0 9.0
v 56.5 -1.0 10.0
v 56.5 -1.0 11.0
v 56.3 -1.0 12.0
v 56.1 0.0 4.0
v 56.0 0.0 5.0
v 56.2 0.0 9.0
v 56.3 0.0 10.0
v 56.2 0.0 11.0
f 3 2 1
f 1 4 3
f 2 5 1
f 1 5 4
f 8 7 6
f 10 9 6
f 6 9 8
f 10 11 9
f 14 13 12
f 14 12 7
f 12 6 7
f 12 15 6
f 17 10 16
f 10 15 16
f 10 6 15
f 10 17 11
f 20 19 18
f 20 18 13
f 18 12 13
f 18 21 12
f 12 22 15
f 12 21 22
f 16 15 23
f 23 15 22
f 26 25 24
f 26 24 19
f 24 18 19
f 24 27 18
f 18 28 21
f 18 27 28
f 21 29 22
f 21 28 29
f 23 22 30
f 30 22 29
f 24 25 31
f 31 25 32
f 24 33 27
f 24 31 33
f 27 34 28
f 27 33 34
f 28 35 29
f 28 34 35
f 30 29 36
f 36 29 35
f 32 37 31
f 39 38 37
f 38 31 37
f 38 33 31
f 33 40 34
f 33 38 40
f 42 35 41
f 35 40 41
f 35 34 40
f 35 42 36
f 38 39 43
f 43 39 44
f 46 40 45
f 40 43 45
f 40 38 43
f 40 46 41
f 43 44 3
f 44 2 3
f 44 47 2
f 3 4 43
f 4 45 43
f 4 48 45
f 5 2 49
f 2 50 49
f 2 47 50
f 49 51 5
f 51 4 5
f 51 48 4
f 50 52 49
f 49 52 51
f 55 54 53
f 7 8 53
f 8 55 53
f 8 56 55
f 57 8 9
f 57 56 8
f 9 11 57
f 57 11 58
f 53 54 14
f 54 13 14
f 54 59 13
f 53 14 7
f 16 60 17
f 60 61 17
f 61 11 17
f 61 58 11
f 63 62 20
f 20 62 19
f 20 13 59
f 20 59 63
f 23 64 60
f 23 60 16
f 61 60 65
f 65 60 64
f 68 67 66
f 70 69 66
f 66 69 68
f 72 71 70
f 70 71 69
f 25 26 72
f 26 71 72
f 26 73 71
f 26 19 62
f 26 62 73
f 30 74 64
f 30 64 23
f 65 64 75
f 75 64 74
f 66 67 76
f 76 67 77
f 66 78 70
f 66 76 78
f 70 79 72
f 70 78 79
f 79 32 25
f 79 25 72
f 81 80 74
f 30 81 74
f 36 81 30
f 74 80 75
f 77 82 76
f 76 82 78
f 78 82 83
f 85 84 83
f 84 78 83
f 84 79 78
f 86 37 32
f 79 86 32
f 84 86 79
f 86 39 37
f 88 87 42
f 88 42 41
f 36 42 81
f 81 42 87
f 85 89 84
f 91 90 89
f 90 84 89
f 90 86 84
f 90 44 39
f 90 39 86
f 45 92 46
f 92 93 46
f 93 41 46
f 93 88 41
f 91 94 90
f 44 90 94
f 95 44 94
f 47 44 95
f 97 96 92
f 45 97 92
f 48 97 45
f 92 96 93
f 95 50 47
f 98 50 95
f 51 97 48
f 51 99 97
f 98 100 50
f 50 100 52
f 51 52 99
f 99 52 100
f 103 102 101
f 105 104 101
f 101 104 103
f 105 106 104
f 108 107 55
f 55 107 54
f 109 55 56
f 109 108 55
f 57 101 102
f 109 57 102
f 56 57 109
f 105 101 110
f 101 58 110
f 58 111 110
f 58 101 57
f 105 110 106
f 114 113 112
f 107 114 112
f 59 107 112
f 54 107 59
f 61 111 58
f 61 115 111
f 112 113 63
f 113 62 63
f 113 116 62
f 112 63 59
f 65 115 61
f 65 117 115
f 120 119 118
f 67 68 118
f 68 120 118
f 68 121 120
f 122 68 69
f 122 121 68
f 123 69 71
f 123 122 69
f 124 71 73
f 124 123 71
f 73 62 116
f 73 116 124
f 75 117 65
f 75 125 117
f 118 119 126
f 126 119 127
f 126 77 67
f 126 67 118
f 129 128 80
f 129 80 81
f 75 80 125
f 125 80 128
f 126 127 130
f 130 127 131
f 132 82 77
f 126 132 77
f 130 132 126
f 133 83 82
f 133 82 132
f 133 85 83
f 135 134 87
f 135 87 88
f 81 87 129
f 129 87 134
f 131 136 130
f 130 136 132
f 132 136 137
f 132 137 133
f 133 137 138
f 133 138 85
f 138 89 85
f 138 139 89
f 91 89 139
f 91 139 140
f 93 135 88
f 93 141 135
f 94 91 142
f 91 143 142
f 91 140 143
f 142 95 94
f 145 144 96
f 145 96 97
f 93 96 141
f 141 96 144
f 143 146 142
f 95 142 146
f 147 95 146
f 98 95 147
f 99 145 97
f 99 148 145
f 147 149 98
f 98 149 100
f 99 100 148
f 148 100 149
f 152 151 150
f 154 153 150
f 150 153 152
f 156 155 154
f 154 155 153
f 156 157 155
f 151 158 150
f 150 158 154
f 154 158 159
f 154 159 156
f 156 159 160
f 156 160 157
f 163 162 161
f 161 164 163
f 161 162 165
f 165 162 166
f 164 161 167
f 167 161 165
f 166 168 165
f 165 168 167
f 171 170 169
f 173 172 169
f 169 172 171
f 173 174 172
f 177 176 175
f 177 175 170
f 170 175 169
f 175 102 169
f 102 103 169
f 169 103 104
f 169 104 173
f 104 106 173
f 106 174 173
f 106 178 174
f 181 180 179
f 107 108 179
f 108 181 179
f 108 182 181
f 109 175 176
f 182 109 176
f 108 109 182
f 175 109 102
f 111 183 110
f 183 184 110
f 184 106 110
f 184 178 106
f 179 180 114
f 180 113 114
f 180 185 113
f 179 114 107
f 187 186 183
f 111 187 183
f 115 187 111
f 183 186 184
f 190 189 188
f 188 191 190
f 194 193 192
f 196 195 192
f 192 195 194
f 185 195 196
f 116 185 196
f 113 185 116
f 117 187 115
f 117 197 187
f 199 198 120
f 120 198 119
f 121 188 189
f 199 121 189
f 120 121 199
f 200 191 188
f 121 200 188
f 122 200 121
f 123 192 193
f 200 123 193
f 122 123 200
f 192 123 124
f 192 124 196
f 196 124 116
f 125 197 117
f 125 201 197
f 204 203 202
f 198 204 202
f 127 198 202
f 119 198 127
f 207 206 205
f 128 129 205
f 206 128 205
f 208 128 206
f 125 128 201
f 201 128 208
f 211 210 209
f 211 209 203
f 209 202 203
f 209 212 202
f 212 131 127
f 212 127 202
f 207 205 134
f 135 207 134
f 213 207 135
f 134 205 129
f 210 214 209
f 209 214 212
f 212 214 215
f 215 217 216
f 215 216 136
f 212 215 136
f 131 212 136
f 218 137 136
f 218 136 216
f 219 138 137
f 219 137 218
f 220 139 138
f 220 138 219
f 220 140 139
f 141 213 135
f 141 221 213
f 217 222 216
f 216 222 218
f 218 222 223
f 218 223 219
f 219 223 224
f 219 224 220
f 220 224 225
f 140 220 225
f 226 140 225
f 143 140 226
f 228 227 144
f 228 144 145
f 141 144 221
f 221 144 227
f 146 143 229
f 143 230 229
f 143 226 230
f 232 229 231
f 232 146 229
f 232 233 147
f 146 232 147
f 232 228 233
f 228 148 233
f 228 145 148
f 230 234 229
f 233 149 147
f 234 231 229
f 149 233 148
f 237 236 235
f 239 238 235
f 235 238 237
f 239 240 238
f 242 241 152
f 152 241 151
f 153 235 236
f 242 153 236
f 152 153 242
f 235 153 155
f 235 155 239
f 155 157 239
f 157 240 239
f 157 243 240
f 246 245 244
f 244 247 158
f 241 244 158
f 151 241 158
f 244 241 246
f 158 247 248
f 249 158 248
f 159 158 249
f 159 250 160
f 249 250 159
f 157 160 243
f 243 160 250
f 245 251 244
f 244 251 247
f 247 251 252
f 247 252 248
f 255 254 253
f 257 256 253
f 253 256 255
f 257 258 256
f 253 254 259
f 259 254 260
f 253 261 257
f 253 259 261
f 258 257 262
f 262 257 261
f 259 260 263
f 263 260 264
f 263 162 163
f 261 263 163
f 259 263 261
f 163 164 261
f 164 262 261
f 164 265 262
f 263 264 266
f 266 264 267
f 266 166 162
f 266 162 263
f 167 265 164
f 167 268 265
f 271 270 269
f 271 269 267
f 269 266 267
f 269 272 266
f 273 168 166
f 266 273 166
f 272 273 266
f 273 274 168
f 274 167 168
f 274 268 167
f 277 276 275
f 277 275 270
f 275 269 270
f 275 278 269
f 278 170 171
f 272 278 171
f 269 278 272
f 272 171 172
f 272 172 273
f 172 174 273
f 174 274 273
f 174 279 274
f 275 276 280
f 280 276 281
f 280 176 177
f 278 280 177
f 275 280 278
f 278 177 170
f 178 279 174
f 178 282 279
f 285 284 283
f 180 181 283
f 181 285 283
f 181 286 285
f 182 280 281
f 286 182 281
f 181 182 286
f 280 182 176
f 289 288 287
f 288 282 287
f 282 184 287
f 282 178 184
f 283 284 290
f 290 284 291
f 290 185 180
f 290 180 283
f 289 287 186
f 187 289 186
f 292 289 187
f 186 287 184
f 295 294 293
f 189 190 293
f 190 295 293
f 190 296 295
f 298 297 191
f 297 190 191
f 297 296 190
f 193 194 298
f 194 297 298
f 194 299 297
f 195 290 291
f 299 195 291
f 194 195 299
f 290 195 185
f 197 292 187
f 197 300 292
f 303 302 301
f 303 301 294
f 294 301 293
f 301 198 293
f 198 199 293
f 293 199 189
f 200 298 191
f 298 200 193
f 201 300 197
f 201 304 300
f 307 306 305
f 307 305 302
f 302 305 301
f 305 203 301
f 203 204 301
f 301 204 198
f 309 308 206
f 309 206 207
f 206 310 208
f 308 310 206
f 201 208 304
f 304 208 310
f 313 312 311
f 313 311 306
f 306 311 305
f 311 210 305
f 210 211 305
f 305 211 203
f 213 309 207
f 213 314 309
f 312 315 311
f 315 317 316
f 315 316 214
f 311 315 214
f 210 311 214
f 318 215 214
f 318 214 316
f 318 217 215
f 221 314 213
f 221 319 314
f 317 320 316
f 316 320 318
f 318 320 321
f 318 321 217
f 321 222 217
f 321 322 222
f 322 324 323
f 223 322 323
f 222 322 223
f 325 224 223
f 325 223 323
f 326 225 224
f 326 224 325
f 326 226 225
f 328 327 227
f 328 227 228
f 221 227 319
f 319 227 327
f 324 329 323
f 323 329 325
f 325 329 330
f 332 331 330
f 331 325 330
f 331 326 325
f 331 230 226
f 331 226 326
f 334 333 232
f 334 232 231
f 228 232 328
f 328 232 333
f 332 335 331
f 331 335 230
f 335 234 230
f 335 336 234
f 231 234 334
f 334 234 336
f 339 338 337
f 341 340 337
f 337 340 339
f 236 237 341
f 237 340 341
f 237 342 340
f 343 237 238
f 343 342 237
f 238 240 343
f 343 240 344
f 337 338 345
f 345 338 346
f 345 241 242
f 341 345 242
f 337 345 341
f 236 341 242
f 349 348 347
f 351 350 348
f 351 348 349
f 351 344 350
f 344 243 350
f 344 240 243
f 354 353 352
f 354 352 346
f 346 352 345
f 352 245 345
f 245 246 345
f 241 345 246
f 357 356 355
f 356 357 347
f 356 347 348
f 248 356 348
f 249 248 348
f 249 348 250
f 250 348 350
f 250 350 243
f 353 358 352
f 352 358 245
f 358 251 245
f 358 359 251
f 356 252 355
f 252 359 355
f 252 251 359
f 252 356 248
f 361 360 255
f 255 360 254
f 362 255 256
f 362 361 255
f 256 258 362
f 362 258 363
f 366 365 364
f 368 367 364
f 364 367 366
f 360 367 368
f 260 360 368
f 254 360 260
f 262 363 258
f 262 369 363
f 365 370 364
f 372 371 370
f 371 364 370
f 371 368 364
f 371 264 260
f 371 260 368
f 265 369 262
f 265 373 369
f 372 374 371
f 264 371 374
f 375 264 374
f 267 264 375
f 268 373 265
f 268 376 373
f 378 377 271
f 271 377 270
f 271 267 375
f 271 375 378
f 274 376 268
f 274 379 376
f 381 380 277
f 277 380 276
f 277 270 377
f 277 377 381
f 279 379 274
f 279 382 379
f 385 384 383
f 387 386 383
f 383 386 385
f 380 386 387
f 281 380 387
f 276 380 281
f 282 382 279
f 282 388 382
f 391 390 389
f 391 389 384
f 384 389 383
f 389 284 383
f 284 285 383
f 383 285 286
f 383 286 387
f 387 286 281
f 393 392 288
f 393 288 289
f 282 288 388
f 388 288 392
f 396 395 394
f 396 394 390
f 394 389 390
f 394 397 389
f 397 291 284
f 397 284 389
f 292 393 289
f 292 398 393
f 400 399 295
f 295 399 294
f 401 295 296
f 401 400 295
f 297 394 395
f 401 297 395
f 296 297 401
f 394 297 299
f 394 299 397
f 397 299 291
f 300 398 292
f 300 402 398
f 404 403 303
f 303 403 302
f 303 294 399
f 303 399 404
f 304 402 300
f 304 405 402
f 408 407 406
f 306 307 406
f 307 408 406
f 307 409 408
f 307 302 403
f 307 403 409
f 411 410 308
f 411 308 309
f 308 412 310
f 410 412 308
f 304 310 405
f 405 310 412
f 415 414 413
f 415 413 407
f 407 413 406
f 413 312 406
f 312 313 406
f 406 313 306
f 314 411 309
f 314 416 411
f 414 417 413
f 417 419 418
f 417 418 315
f 413 417 315
f 312 413 315
f 418 317 315
f 422 421 420
f 421 416 420
f 416 319 420
f 416 314 319
f 419 423 418
f 423 425 424
f 423 424 320
f 418 423 320
f 317 418 320
f 426 321 320
f 426 320 424
f 427 322 321
f 427 321 426
f 427 324 322
f 422 420 327
f 328 422 327
f 428 422 328
f 327 420 319
f 425 429 424
f 424 429 426
f 426 429 430
f 432 431 430
f 431 426 430
f 431 427 426
f 433 329 324
f 427 433 324
f 431 433 427
f 434 330 329
f 434 329 433
f 434 332 330
f 436 435 333
f 436 333 334
f 328 333 428
f 428 333 435
f 432 437 431
f 431 437 433
f 433 437 438
f 440 439 438
f 439 433 438
f 439 434 433
f 441 335 332
f 434 441 332
f 439 441 434
f 335 441 442
f 443 335 442
f 336 335 443
f 334 336 436
f 436 336 443
f 440 444 439
f 439 444 441
f 441 444 445
f 441 445 442
f 447 446 339
f 339 446 338
f 448 339 340
f 448 447 339
f 449 340 342
f 449 448 340
f 451 449 450
f 449 343 450
f 449 342 343
f 344 450 343
f 446 346 338
f 452 346 446
f 347 453 349
f 454 451 450
f 349 454 450
f 351 349 450
f 454 349 453
f 351 450 344
f 457 456 455
f 353 354 455
f 354 457 455
f 354 458 457
f 354 346 452
f 354 452 458
f 460 459 357
f 460 357 355
f 347 357 453
f 357 461 453
f 357 459 461
f 453 461 454
f 464 463 462
f 464 462 456
f 462 455 456
f 462 465 455
f 466 358 353
f 455 466 353
f 465 466 455
f 358 466 467
f 468 358 467
f 359 358 468
f 355 359 460
f 460 359 468
f 463 469 462
f 462 469 465
f 465 469 470
f 465 470 466
f 466 470 471
f 466 471 467
f 472 360 361
f 362 473 361
f 361 473 472
f 363 473 362
f 475 474 366
f 366 474 365
f 476 366 367
f 476 475 366
f 367 360 472
f 477 367 472
f 476 367 477
f 477 472 473
f 477 473 478
f 473 363 478
f 363 479 478
f 363 369 479
f 482 481 480
f 480 483 370
f 474 480 370
f 365 474 370
f 480 474 482
f 483 372 370
f 373 479 369
f 373 484 479
f 481 485 480
f 487 486 485
f 486 480 485
f 486 483 480
f 488 374 372
f 483 488 372
f 486 488 483
f 488 375 374
f 376 484 373
f 376 489 484
f 486 487 490
f 490 487 491
f 490 377 378
f 488 490 378
f 486 490 488
f 488 378 375
f 494 493 492
f 493 489 492
f 489 379 492
f 489 376 379
f 490 491 381
f 491 380 381
f 491 495 380
f 490 381 377
f 494 492 496
f 494 496 497
f 382 496 379
f 379 496 492
f 500 499 498
f 384 385 498
f 385 500 498
f 385 501 500
f 502 385 386
f 502 501 385
f 386 380 495
f 386 495 502
f 503 497 496
f 496 382 503
f 382 504 503
f 382 388 504
f 498 499 391
f 499 390 391
f 499 505 390
f 498 391 384
f 507 506 392
f 507 392 393
f 388 392 504
f 504 392 506
f 509 508 396
f 396 508 395
f 396 390 505
f 396 505 509
f 398 507 393
f 398 510 507
f 512 511 400
f 400 511 399
f 513 400 401
f 513 512 400
f 401 395 508
f 401 508 513
f 516 515 514
f 515 510 514
f 510 402 514
f 510 398 402
f 518 517 404
f 404 517 403
f 404 399 511
f 404 511 518
f 516 514 519
f 516 519 520
f 405 519 402
f 402 519 514
f 522 521 408
f 408 521 407
f 523 408 409
f 523 522 408
f 409 403 517
f 409 517 523
f 526 525 524
f 410 411 524
f 525 410 524
f 527 410 525
f 519 412 520
f 412 527 520
f 412 410 527
f 412 519 405
f 530 529 528
f 414 415 528
f 415 530 528
f 415 531 530
f 415 407 521
f 415 521 531
f 526 524 532
f 526 532 533
f 416 532 411
f 411 532 524
f 529 534 528
f 534 536 535
f 534 535 417
f 528 534 417
f 414 528 417
f 535 419 417
f 533 532 421
f 422 533 421
f 537 533 422
f 421 532 416
f 535 536 538
f 538 536 539
f 540 423 419
f 535 540 419
f 538 540 535
f 540 425 423
f 428 537 422
f 428 541 537
f 539 542 538
f 538 542 540
f 540 542 543
f 540 543 425
f 543 429 425
f 543 544 429
f 544 546 545
f 430 544 545
f 429 544 430
f 545 432 430
f 548 547 435
f 548 435 436
f 428 435 541
f 541 435 547
f 546 549 545
f 549 551 550
f 549 550 437
f 545 549 437
f 432 545 437
f 552 438 437
f 552 437 550
f 552 440 438
f 554 553 443
f 554 443 442
f 436 443 548
f 548 443 553
f 551 555 550
f 550 555 552
f 552 555 556
f 552 556 440
f 556 444 440
f 556 557 444
f 444 558 445
f 557 558 444
f 442 445 554
f 554 445 558
f 560 559 447
f 447 559 446
f 561 447 448
f 561 560 447
f 562 448 449
f 562 561 448
f 449 451 562
f 562 451 563
f 566 565 564
f 559 566 564
f 452 559 564
f 446 559 452
f 454 563 451
f 454 567 563
f 569 568 457
f 457 568 456
f 458 564 565
f 569 458 565
f 457 458 569
f 564 458 452
f 571 570 459
f 571 459 460
f 459 572 461
f 570 572 459
f 454 461 567
f 567 461 572
f 575 574 573
f 463 464 573
f 464 575 573
f 464 576 575
f 464 456 568
f 464 568 576
f 467 577 468
f 577 578 468
f 578 460 468
f 578 571 460
f 574 579 573
f 579 581 580
f 579 580 469
f 573 579 469
f 463 573 469
f 582 470 469
f 582 469 580
f 583 471 470
f 583 470 582
f 583 584 471
f 471 584 467
f 584 585 467
f 585 577 467
f 577 585 578
f 581 586 580
f 580 586 582
f 582 586 587
f 589 588 587
f 588 582 587
f 588 583 582
f 584 583 590
f 583 591 590
f 583 588 591
f 591 592 590
f 589 593 588
f 595 594 593
f 594 588 593
f 594 591 588
f 475 596 474
f 596 591 474
f 591 594 474
f 591 596 592
f 597 475 476
f 597 596 475
f 598 476 477
f 598 597 476
f 600 598 599
f 598 478 599
f 598 477 478
f 479 599 478
f 603 602 601
f 603 601 595
f 595 601 594
f 601 481 594
f 481 482 594
f 594 482 474
f 604 600 599
f 599 479 604
f 479 605 604
f 479 484 605
f 601 602 606
f 606 602 607
f 608 485 481
f 601 608 481
f 606 608 601
f 608 487 485
f 489 605 484
f 489 609 605
f 607 610 606
f 612 611 610
f 611 606 610
f 611 608 606
f 611 491 487
f 611 487 608
f 614 613 493
f 614 493 494
f 489 493 609
f 609 493 613
f 617 616 615
f 615 618 617
f 611 612 619
f 619 612 620
f 619 495 491
f 619 491 611
f 497 614 494
f 497 621 614
f 615 616 622
f 622 616 623
f 500 624 499
f 624 615 499
f 615 622 499
f 615 624 618
f 625 500 501
f 625 624 500
f 502 619 620
f 625 502 620
f 501 502 625
f 619 502 495
f 497 503 626
f 627 497 626
f 621 497 627
f 504 626 503
f 622 623 628
f 628 623 629
f 628 505 499
f 628 499 622
f 627 626 506
f 507 627 506
f 630 627 507
f 506 626 504
f 628 629 509
f 629 508 509
f 629 631 508
f 628 509 505
f 510 630 507
f 510 632 630
f 635 634 633
f 511 512 633
f 512 635 633
f 512 636 635
f 637 512 513
f 637 636 512
f 513 508 631
f 513 631 637
f 639 638 515
f 639 515 516
f 510 515 632
f 632 515 638
f 642 641 640
f 642 640 634
f 634 640 633
f 640 517 633
f 517 518 633
f 633 518 511
f 520 639 516
f 520 643 639
f 645 644 522
f 522 644 521
f 523 640 641
f 645 523 641
f 522 523 645
f 640 523 517
f 647 646 525
f 647 525 526
f 525 648 527
f 646 648 525
f 520 527 643
f 643 527 648
f 650 649 530
f 530 649 529
f 651 530 531
f 651 650 530
f 531 521 644
f 531 644 651
f 533 647 526
f 533 652 647
f 649 653 529
f 529 653 534
f 536 534 653
f 536 653 654
f 657 656 655
f 656 652 655
f 652 537 655
f 652 533 537
f 654 539 536
f 658 539 654
f 657 655 659
f 657 659 660
f 541 659 537
f 537 659 655
f 658 661 539
f 539 661 542
f 542 662 543
f 661 662 542
f 543 663 544
f 662 663 543
f 546 544 663
f 546 663 664
f 660 659 547
f 548 660 547
f 665 660 548
f 547 659 541
f 664 666 546
f 546 666 549
f 551 549 666
f 551 666 667
f 669 668 553
f 669 553 554
f 548 553 665
f 665 553 668
f 667 670 551
f 551 670 555
f 555 671 556
f 670 671 555
f 556 672 557
f 671 672 556
f 557 673 558
f 672 673 557
f 554 558 669
f 669 558 673
f 674 559 560
f 674 560 675
f 560 676 675
f 560 561 676
f 677 561 562
f 677 676 561
f 562 563 677
f 677 563 678
f 680 679 566
f 566 679 565
f 566 559 674
f 681 566 674
f 680 566 681
f 681 674 675
f 567 678 563
f 567 682 678
f 684 683 569
f 569 683 568
f 569 565 679
f 569 679 684
f 686 685 570
f 686 570 571
f 570 687 572
f 685 687 570
f 567 572 682
f 682 572 687
f 690 689 688
f 574 575 688
f 575 690 688
f 575 691 690
f 692 575 576
f 692 691 575
f 576 568 683
f 576 683 692
f 578 686 571
f 578 693 686
f 688 689 694
f 694 689 695
f 696 579 574
f 688 696 574
f 694 696 688
f 696 581 579
f 698 697 585
f 698 585 584
f 578 585 693
f 693 585 697
f 695 699 694
f 694 699 696
f 696 699 700
f 700 702 701
f 700 701 586
f 696 700 586
f 581 696 586
f 703 587 586
f 703 586 701
f 703 589 587
f 704 698 584
f 704 584 590
f 590 592 704
f 704 592 705
f 701 702 706
f 706 702 707
f 701 708 703
f 701 706 708
f 709 593 589
f 703 709 589
f 708 709 703
f 709 595 593
f 710 705 592
f 710 592 596
f 711 596 597
f 711 710 596
f 712 597 598
f 712 711 597
f 598 600 712
f 712 600 713
f 707 714 706
f 716 715 714
f 715 706 714
f 715 708 706
f 715 602 603
f 709 715 603
f 708 715 709
f 709 603 595
f 717 713 600
f 717 600 604
f 604 605 717
f 717 605 718
f 715 716 719
f 719 716 720
f 719 607 602
f 719 602 715
f 723 722 721
f 722 718 721
f 718 609 721
f 718 605 609
f 719 720 724
f 724 720 725
f 726 610 607
f 719 726 607
f 724 726 719
f 726 612 610
f 723 721 613
f 614 723 613
f 727 723 614
f 613 721 609
f 730 729 728
f 616 617 728
f 617 730 728
f 617 731 730
f 732 724 618
f 724 731 618
f 731 617 618
f 724 725 731
f 724 733 726
f 724 732 733
f 733 620 612
f 733 612 726
f 621 727 614
f 621 734 727
f 728 729 735
f 735 729 736
f 735 623 616
f 735 616 728
f 624 732 618
f 732 624 625
f 732 625 733
f 733 625 620
f 627 734 621
f 627 737 734
f 735 736 738
f 738 736 739
f 738 629 623
f 738 623 735
f 742 741 740
f 741 737 740
f 737 630 740
f 737 627 630
f 738 739 743
f 743 739 744
f 743 631 629
f 743 629 738
f 742 740 745
f 742 745 746
f 632 745 630
f 630 745 740
f 748 747 635
f 635 747 634
f 749 635 636
f 749 748 635
f 637 743 744
f 749 637 744
f 636 637 749
f 743 637 631
f 746 745 638
f 639 746 638
f 750 746 639
f 638 745 632
f 753 752 751
f 641 642 751
f 642 753 751
f 642 754 753
f 642 634 747
f 642 747 754
f 757 756 755
f 756 750 755
f 750 643 755
f 750 639 643
f 760 759 758
f 760 758 752
f 752 758 751
f 758 644 751
f 644 645 751
f 751 645 641
f 762 761 646
f 762 646 647
f 755 648 757
f 648 761 757
f 648 646 761
f 648 755 643
f 765 764 763
f 649 650 763
f 650 765 763
f 650 766 765
f 651 758 759
f 766 651 759
f 650 651 766
f 758 651 644
f 769 768 767
f 768 762 767
f 762 652 767
f 762 647 652
f 763 764 770
f 770 764 771
f 772 653 649
f 763 772 649
f 770 772 763
f 772 654 653
f 769 767 656
f 657 769 656
f 773 769 657
f 656 767 652
f 771 774 770
f 776 775 774
f 775 770 774
f 775 772 770
f 775 658 654
f 775 654 772
f 779 778 777
f 780 777 778
f 660 773 657
f 660 781 773
f 776 782 775
f 775 782 658
f 782 661 658
f 782 783 661
f 783 785 784
f 662 783 784
f 661 783 662
f 786 663 662
f 786 662 784
f 786 664 663
f 789 788 787
f 787 788 779
f 777 787 779
f 790 787 777
f 777 780 791
f 792 777 791
f 790 777 792
f 791 781 792
f 781 665 792
f 781 660 665
f 785 793 784
f 784 793 786
f 786 793 794
f 786 794 664
f 794 666 664
f 794 795 666
f 797 796 667
f 666 797 667
f 795 797 666
f 799 798 796
f 799 796 797
f 798 799 789
f 787 798 789
f 800 798 787
f 801 787 790
f 800 787 801
f 669 801 668
f 801 792 668
f 801 790 792
f 668 792 665
f 796 670 667
f 670 796 671
f 671 796 798
f 671 798 672
f 672 798 800
f 672 800 673
f 673 800 801
f 673 801 669
f 804 803 802
f 675 676 802
f 676 804 802
f 676 805 804
f 806 676 677
f 806 805 676
f 677 678 806
f 806 678 807
f 810 809 808
f 679 680 808
f 680 810 808
f 680 811 810
f 681 802 803
f 811 681 803
f 680 681 811
f 802 681 675
f 814 813 812
f 813 807 812
f 807 682 812
f 807 678 682
f 817 816 815
f 815 818 817
f 821 820 819
f 821 819 809
f 809 819 808
f 819 683 808
f 683 684 808
f 808 684 679
f 823 822 685
f 823 685 686
f 812 687 814
f 687 822 814
f 687 685 822
f 687 812 682
f 826 825 824
f 826 824 816
f 816 824 815
f 824 689 815
f 689 690 815
f 827 818 815
f 690 827 815
f 691 827 690
f 692 819 820
f 827 692 820
f 691 692 827
f 819 692 683
f 693 823 686
f 693 828 823
f 831 830 829
f 831 829 825
f 829 824 825
f 829 832 824
f 832 695 689
f 832 689 824
f 834 833 697
f 834 697 698
f 693 697 828
f 828 697 833
f 830 835 829
f 837 836 835
f 836 829 835
f 836 832 829
f 838 699 695
f 832 838 695
f 836 838 832
f 839 700 699
f 839 699 838
f 839 702 700
f 840 834 698
f 840 698 704
f 704 705 840
f 840 705 841
f 844 843 842
f 844 842 837
f 842 836 837
f 842 845 836
f 836 846 838
f 836 845 846
f 838 847 839
f 838 846 847
f 847 707 702
f 847 702 839
f 848 841 705
f 848 705 710
f 849 710 711
f 849 848 710
f 851 849 850
f 849 712 850
f 849 711 712
f 713 850 712
f 842 843 852
f 852 843 853
f 855 845 854
f 845 852 854
f 845 842 852
f 845 855 846
f 846 855 856
f 846 856 847
f 847 856 857
f 857 859 858
f 857 858 714
f 847 857 714
f 707 847 714
f 858 716 714
f 860 851 850
f 860 850 713
f 717 860 713
f 861 860 717
f 717 718 861
f 861 718 862
f 865 864 863
f 867 866 863
f 863 866 865
f 869 868 867
f 867 868 866
f 868 869 853
f 869 852 853
f 869 870 852
f 854 852 871
f 871 852 870
f 858 859 872
f 872 859 873
f 872 720 716
f 872 716 858
f 875 874 722
f 875 722 723
f 718 722 862
f 862 722 874
f 864 876 863
f 863 876 867
f 867 876 877
f 867 877 869
f 869 877 878
f 880 879 878
f 879 869 878
f 879 870 869
f 871 870 881
f 881 870 879
f 884 883 882
f 884 882 873
f 882 872 873
f 882 885 872
f 885 725 720
f 885 720 872
f 727 875 723
f 727 886 875
f 880 887 879
f 879 887 881
f 882 883 730
f 883 729 730
f 883 888 729
f 882 730 731
f 882 731 885
f 885 731 725
f 734 886 727
f 734 889 886
f 892 891 890
f 888 892 890
f 736 888 890
f 729 888 736
f 895 894 893
f 894 889 893
f 889 737 893
f 889 734 737
f 890 891 896
f 896 891 897
f 896 739 736
f 896 736 890
f 895 893 741
f 742 895 741
f 898 895 742
f 741 893 737
f 896 897 899
f 899 897 900
f 899 744 739
f 899 739 896
f 746 898 742
f 746 901 898
f 903 902 748
f 748 902 747
f 749 899 900
f 903 749 900
f 748 749 903
f 899 749 744
f 750 901 746
f 750 904 901
f 907 906 905
f 752 753 905
f 753 907 905
f 753 908 907
f 909 753 754
f 909 908 753
f 754 747 902
f 754 902 909
f 911 910 756
f 911 756 757
f 750 756 904
f 904 756 910
f 914 913 912
f 914 912 906
f 906 912 905
f 912 759 905
f 759 760 905
f 905 760 752
f 917 916 915
f 761 762 915
f 916 761 915
f 918 761 916
f 757 761 911
f 911 761 918
f 920 919 765
f 765 919 764
f 766 912 913
f 920 766 913
f 765 766 920
f 912 766 759
f 917 915 768
f 769 917 768
f 921 917 769
f 768 915 762
f 919 771 764
f 922 771 919
f 925 924 923
f 924 921 923
f 921 773 923
f 921 769 773
f 774 771 926
f 771 927 926
f 771 922 927
f 926 776 774
f 930 929 928
f 931 928 929
f 934 933 932
f 778 779 932
f 933 778 932
f 935 778 933
f 923 936 780
f 935 923 780
f 778 935 780
f 925 923 935
f 781 936 773
f 773 936 923
f 927 937 926
f 926 937 776
f 937 782 776
f 937 938 782
f 782 939 783
f 938 939 782
f 941 940 785
f 783 941 785
f 939 941 783
f 940 941 930
f 928 940 930
f 942 940 928
f 928 931 943
f 944 928 943
f 942 928 944
f 946 945 944
f 946 944 943
f 947 945 946
f 934 932 788
f 789 934 788
f 948 934 789
f 788 932 779
f 936 791 780
f 791 936 781
f 940 793 785
f 793 940 794
f 794 940 942
f 794 942 795
f 795 942 944
f 795 944 797
f 797 944 945
f 947 949 945
f 949 797 945
f 949 799 797
f 789 799 948
f 948 799 949
f 951 950 804
f 804 950 803
f 952 804 805
f 952 951 804
f 953 805 806
f 953 952 805
f 806 807 953
f 953 807 954
f 956 955 810
f 810 955 809
f 957 810 811
f 957 956 810
f 811 803 950
f 811 950 957
f 959 958 813
f 959 813 814
f 807 813 954
f 954 813 958
f 961 960 817
f 817 960 816
f 817 818 961
f 961 818 962
f 964 963 821
f 821 963 820
f 821 809 955
f 821 955 964
f 966 965 822
f 966 822 823
f 814 822 959
f 959 822 965
f 968 967 826
f 826 967 825
f 826 816 960
f 826 960 968
f 969 962 818
f 969 818 827
f 827 820 963
f 827 963 969
f 972 971 970
f 971 966 970
f 966 828 970
f 966 823 828
f 974 973 831
f 831 973 830
f 831 825 967
f 831 967 974
f 972 970 833
f 834 972 833
f 975 972 834
f 833 970 828
f 978 977 976
f 976 979 835
f 973 976 835
f 830 973 835
f 976 973 978
f 979 837 835
f 980 975 834
f 980 834 840
f 840 841 980
f 980 841 981
f 984 983 982
f 986 985 982
f 982 985 984
f 985 986 977
f 986 976 977
f 986 987 976
f 987 843 844
f 979 987 844
f 976 987 979
f 979 844 837
f 988 981 841
f 988 841 848
f 990 988 989
f 988 849 989
f 988 848 849
f 851 989 849
f 982 983 991
f 991 983 992
f 982 993 986
f 982 991 993
f 986 994 987
f 986 993 994
f 994 853 843
f 994 843 987
f 854 995 855
f 996 856 855
f 996 855 995
f 997 857 856
f 997 856 996
f 997 859 857
f 998 990 989
f 1000 998 999
f 999 998 860
f 998 989 860
f 989 851 860
f 861 1001 860
f 860 1001 999
f 862 1001 861
f 1004 1003 1002
f 1004 1002 992
f 992 1002 991
f 1002 864 991
f 864 865 991
f 991 865 866
f 991 866 993
f 993 866 868
f 993 868 994
f 994 868 853
f 871 1005 995
f 871 995 854
f 995 1006 996
f 995 1005 1006
f 996 1007 997
f 996 1006 1007
f 1007 873 859
f 1007 859 997
f 1000 999 1008
f 1000 1008 1009
f 875 1008 874
f 1008 1001 874
f 1008 999 1001
f 874 1001 862
f 1002 1003 1010
f 1010 1003 1011
f 1012 876 864
f 1002 1012 864
f 1010 1012 1002
f 1013 877 876
f 1013 876 1012
f 1014 878 877
f 1014 877 1013
f 1014 880 878
f 881 1015 1005
f 881 1005 871
f 1005 1016 1006
f 1005 1015 1016
f 1016 883 884
f 1007 1016 884
f 1006 1016 1007
f 1007 884 873
f 1009 1008 1017
f 1009 1017 1018
f 886 1017 875
f 875 1017 1008
f 1010 1011 1019
f 1019 1011 1020
f 1010 1021 1012
f 1010 1019 1021
f 1012 1022 1013
f 1012 1021 1022
f 1013 1023 1014
f 1013 1022 1023
f 1024 887 880
f 1014 1024 880
f 1023 1024 1014
f 1015 881 887
f 1024 1015 887
f 1025 1015 1024
f 1015 1026 1016
f 1015 1025 1026
f 1026 888 883
f 1026 883 1016
f 1018 1017 1027
f 1018 1027 1028
f 889 1027 886
f 886 1027 1017
f 1020 1029 1019
f 1019 1029 1021
f 1021 1029 1030
f 1032 1031 1030
f 1031 1021 1030
f 1031 1022 1021
f 1022 1033 1023
f 1022 1031 1033
f 1023 1034 1024
f 1023 1033 1034
f 1024 1035 1025
f 1024 1034 1035
f 1035 891 892
f 1026 1035 892
f 1025 1035 1026
f 1026 892 888
f 1028 1027 894
f 895 1028 894
f 1036 1028 895
f 894 1027 889
f 1039 1038 1037
f 1041 1040 1037
f 1037 1040 1039
f 1040 1041 1032
f 1041 1031 1032
f 1041 1042 1031
f 1031 1043 1033
f 1031 1042 1043
f 1033 1044 1034
f 1033 1043 1044
f 1034 1045 1035
f 1034 1044 1045
f 1045 897 891
f 1045 891 1035
f 898 1036 895
f 898 1046 1036
f 1037 1038 1047
f 1047 1038 1048
f 1037 1049 1041
f 1037 1047 1049
f 1041 1050 1042
f 1041 1049 1050
f 1042 1051 1043
f 1042 1050 1051
f 1043 1052 1044
f 1043 1051 1052
f 1044 1053 1045
f 1044 1052 1053
f 1053 900 897
f 1053 897 1045
f 1056 1055 1054
f 1055 1046 1054
f 1046 901 1054
f 1046 898 901
f 1048 1057 1047
f 1047 1057 1049
f 1049 1057 1058
f 1060 1059 1058
f 1059 1049 1058
f 1059 1050 1049
f 1050 1061 1051
f 1050 1059 1061
f 1051 1062 1052
f 1051 1061 1062
f 1062 902 903
f 1053 1062 903
f 1052 1062 1053
f 1053 903 900
f 1056 1054 1063
f 1056 1063 1064
f 904 1063 901
f 901 1063 1054
f 1067 1066 1065
f 1067 1065 1060
f 1060 1065 1059
f 1065 906 1059
f 906 907 1059
f 1059 907 908
f 1059 908 1061
f 1061 908 909
f 1061 909 1062
f 1062 909 902
f 1070 1069 1068
f 1068 1069 1064
f 1068 1064 1063
f 911 1068 1063
f 910 911 1063
f 910 1063 904
f 1073 1072 1071
f 1073 1071 1066
f 1066 1071 1065
f 1071 913 1065
f 913 914 1065
f 1065 914 906
f 1075 1074 916
f 1075 916 917
f 1068 918 1070
f 918 1074 1070
f 918 916 1074
f 918 1068 911
f 1071 1072 920
f 1072 919 920
f 1072 1076 919
f 1071 920 913
f 1079 1078 1077
f 1078 1075 1077
f 1075 921 1077
f 1075 917 921
f 1076 922 919
f 1080 922 1076
f 1079 1077 924
f 925 1079 924
f 1081 1079 925
f 924 1077 921
f 1083 927 1082
f 927 1080 1082
f 927 922 1080
f 1084 1083 1082
f 1087 1086 1085
f 929 930 1085
f 1086 929 1085
f 1088 929 1086
f 1090 1089 931
f 929 1090 931
f 1088 1090 929
f 1091 1089 1090
f 1094 1093 1092
f 933 934 1092
f 1093 933 1092
f 1095 933 1093
f 933 1096 935
f 1095 1096 933
f 925 935 1081
f 1081 935 1096
f 1083 937 927
f 1084 1097 1083
f 1097 937 1083
f 1097 938 937
f 938 1098 939
f 1097 1098 938
f 1085 941 1087
f 941 1098 1087
f 941 939 1098
f 941 1085 930
f 1089 943 931
f 1091 1099 1089
f 1099 943 1089
f 1099 946 943
f 1092 1100 947
f 1099 1092 947
f 946 1099 947
f 1094 1092 1099
f 948 1100 934
f 934 1100 1092
f 1100 949 947
f 949 1100 948
f 1101 950 951
f 952 1102 951
f 951 1102 1101
f 953 1103 952
f 952 1103 1102
f 954 1103 953
f 1104 955 956
f 1104 956 1105
f 956 1106 1105
f 956 957 1106
f 957 950 1101
f 1107 957 1101
f 1106 957 1107
f 1107 1101 1102
f 1107 1102 1108
f 1108 1110 1109
f 1110 1108 959
f 1102 959 1108
f 959 1102 958
f 1103 958 1102
f 1103 954 958
f 1111 1109 1110
f 1112 960 961
f 962 1112 961
f 1113 963 964
f 955 1104 964
f 1104 1113 964
f 1104 1114 1113
f 1104 1105 1115
f 1104 1115 1114
f 1117 1116 965
f 1117 965 966
f 959 965 1110
f 965 1118 1110
f 965 1116 1118
f 1110 1118 1111
f 1121 1120 1119
f 1123 1122 1119
f 1119 1122 1121
f 1125 1124 1123
f 1123 1124 1122
f 967 968 1125
f 968 1124 1125
f 968 1126 1124
f 968 960 1112
f 1127 968 1112
f 1126 968 1127
f 1127 1112 962
f 969 1127 962
f 1128 1127 969
f 969 963 1113
f 1129 969 1113
f 1128 969 1129
f 1129 1113 1114
f 1129 1114 1130
f 1130 1114 1115
f 972 1131 971
f 1131 1132 971
f 1132 966 971
f 1132 1117 966
f 1120 1133 1119
f 1135 1134 1133
f 1134 1119 1133
f 1134 1123 1119
f 1134 973 974
f 1125 1134 974
f 1123 1134 1125
f 1125 974 967
f 975 1136 1131
f 975 1131 972
f 1132 1131 1137
f 1137 1131 1136
f 1140 1139 1138
f 1142 1141 1138
f 1138 1141 1140
f 1144 1143 1142
f 1142 1143 1141
f 1143 1144 1135
f 1135 1144 1134
f 1144 977 1134
f 977 978 1134
f 1134 978 973
f 980 1136 975
f 980 981 1136
f 981 1137 1136
f 981 1145 1137
f 1138 1139 1146
f 1146 1139 1147
f 1146 983 984
f 1142 1146 984
f 1138 1146 1142
f 1142 984 985
f 1142 985 1144
f 1144 985 977
f 981 988 1148
f 1149 981 1148
f 1145 981 1149
f 990 1148 988
f 1146 1147 1150
f 1150 1147 1151
f 1150 992 983
f 1150 983 1146
f 1152 1149 1148
f 1152 1148 990
f 998 1152 990
f 1153 1152 998
f 998 1000 1153
f 1153 1000 1154
f 1157 1156 1155
f 1159 1158 1155
f 1155 1158 1157
f 1158 1159 1151
f 1151 1159 1150
f 1159 1003 1150
f 1003 1004 1150
f 1150 1004 992
f 1162 1161 1160
f 1161 1154 1160
f 1154 1009 1160
f 1154 1000 1009
f 1156 1163 1155
f 1165 1164 1163
f 1164 1155 1163
f 1164 1159 1155
f 1164 1011 1003
f 1164 1003 1159
f 1166 1162 1160
f 1160 1009 1166
f 1009 1167 1166
f 1009 1018 1167
f 1164 1165 1168
f 1168 1165 1169
f 1168 1020 1011
f 1168 1011 1164
f 1028 1167 1018
f 1028 1170 1167
f 1168 1169 1171
f 1171 1169 1172
f 1173 1029 1020
f 1168 1173 1020
f 1171 1173 1168
f 1174 1030 1029
f 1174 1029 1173
f 1174 1032 1030
f 1036 1170 1028
f 1036 1175 1170
f 1172 1176 1171
f 1177 1038 1039
f 1171 1177 1039
f 1173 1171 1039
f 1176 1177 1171
f 1173 1039 1040
f 1173 1040 1174
f 1174 1040 1032
f 1180 1179 1178
f 1179 1175 1178
f 1175 1046 1178
f 1175 1036 1046
f 1183 1182 1181
f 1185 1184 1181
f 1181 1184 1183
f 1177 1184 1185
f 1048 1177 1185
f 1038 1177 1048
f 1180 1178 1055
f 1056 1180 1055
f 1186 1180 1056
f 1055 1178 1046
f 1182 1187 1181
f 1181 1187 1185
f 1185 1187 1188
f 1185 1188 1048
f 1188 1057 1048
f 1188 1189 1057
f 1189 1191 1190
f 1058 1189 1190
f 1057 1189 1058
f 1190 1060 1058
f 1064 1186 1056
f 1064 1192 1186
f 1190 1191 1067
f 1191 1066 1067
f 1191 1193 1066
f 1190 1067 1060
f 1196 1195 1194
f 1069 1070 1194
f 1195 1069 1194
f 1197 1069 1195
f 1064 1069 1192
f 1192 1069 1197
f 1200 1199 1198
f 1072 1073 1198
f 1073 1200 1198
f 1073 1201 1200
f 1073 1066 1193
f 1073 1193 1201
f 1204 1203 1202
f 1202 1203 1196
f 1202 1196 1194
f 1075 1202 1194
f 1074 1075 1194
f 1074 1194 1070
f 1199 1205 1198
f 1072 1198 1205
f 1206 1072 1205
f 1076 1072 1206
f 1209 1208 1207
f 1207 1208 1204
f 1207 1204 1202
f 1079 1207 1202
f 1078 1079 1202
f 1078 1202 1075
f 1206 1080 1076
f 1210 1080 1206
f 1209 1207 1211
f 1209 1211 1212
f 1081 1211 1079
f 1079 1211 1207
f 1210 1213 1080
f 1080 1213 1082
f 1215 1214 1084
f 1082 1215 1084
f 1213 1215 1082
f 1216 1214 1215
f 1087 1217 1086
f 1086 1217 1218
f 1219 1086 1218
f 1088 1086 1219
f 1088 1220 1090
f 1219 1220 1088
f 1091 1090 1220
f 1091 1220 1221
f 1223 1222 1093
f 1223 1093 1094
f 1093 1224 1095
f 1222 1224 1093
f 1211 1096 1212
f 1096 1224 1212
f 1096 1095 1224
f 1096 1211 1081
f 1214 1097 1084
f 1216 1225 1214
f 1225 1097 1214
f 1225 1098 1097
f 1087 1098 1217
f 1098 1226 1217
f 1098 1225 1226
f 1217 1226 1218
f 1221 1227 1091
f 1091 1227 1099
f 1094 1099 1223
f 1223 1099 1227
f 1229 1228 1106
f 1106 1228 1105
f 1230 1106 1107
f 1230 1229 1106
f 1231 1107 1108
f 1231 1230 1107
f 1232 1108 1109
f 1232 1231 1108
f 1234 1233 1111
f 1233 1109 1111
f 1233 1232 1109
f 1234 1235 1233
f 1228 1115 1105
f 1236 1115 1228
f 1117 1237 1116
f 1238 1118 1116
f 1238 1116 1237
f 1238 1239 1118
f 1118 1239 1111
f 1239 1240 1111
f 1240 1234 1111
f 1234 1240 1235
f 1242 1241 1121
f 1121 1241 1120
f 1243 1121 1122
f 1243 1242 1121
f 1244 1122 1124
f 1244 1243 1122
f 1245 1124 1126
f 1245 1244 1124
f 1247 1245 1246
f 1245 1127 1246
f 1245 1126 1127
f 1128 1248 1127
f 1127 1248 1246
f 1129 1249 1128
f 1128 1249 1248
f 1249 1129 1250
f 1129 1251 1250
f 1129 1130 1251
f 1130 1115 1236
f 1130 1236 1251
f 1253 1252 1237
f 1117 1253 1237
f 1132 1253 1117
f 1237 1252 1238
f 1238 1252 1254
f 1238 1254 1239
f 1133 1120 1255
f 1120 1256 1255
f 1120 1241 1256
f 1255 1135 1133
f 1257 1247 1246
f 1257 1246 1248
f 1257 1248 1258
f 1258 1248 1249
f 1258 1249 1259
f 1259 1249 1250
f 1137 1253 1132
f 1137 1260 1253
f 1262 1261 1140
f 1140 1261 1139
f 1263 1140 1141
f 1263 1262 1140
f 1143 1255 1256
f 1263 1143 1256
f 1141 1143 1263
f 1255 1143 1135
f 1145 1260 1137
f 1145 1264 1260
f 1261 1147 1139
f 1265 1147 1261
f 1149 1264 1145
f 1149 1266 1264
f 1269 1268 1267
f 1265 1269 1267
f 1151 1265 1267
f 1147 1265 1151
f 1149 1152 1270
f 1271 1149 1270
f 1266 1149 1271
f 1153 1272 1152
f 1152 1272 1270
f 1154 1272 1153
f 1275 1274 1273
f 1156 1157 1273
f 1157 1275 1273
f 1157 1276 1275
f 1158 1267 1268
f 1276 1158 1268
f 1157 1158 1276
f 1267 1158 1151
f 1277 1271 1270
f 1162 1278 1161
f 1278 1270 1161
f 1270 1272 1161
f 1278 1277 1270
f 1161 1272 1154
f 1281 1280 1279
f 1281 1279 1274
f 1279 1273 1274
f 1279 1282 1273
f 1283 1163 1156
f 1273 1283 1156
f 1282 1283 1273
f 1283 1165 1163
f 1162 1166 1284
f 1285 1162 1284
f 1278 1162 1285
f 1167 1284 1166
f 1280 1286 1279
f 1288 1287 1286
f 1287 1279 1286
f 1287 1282 1279
f 1282 1289 1283
f 1282 1287 1289
f 1289 1169 1165
f 1289 1165 1283
f 1285 1284 1290
f 1285 1290 1291
f 1170 1290 1167
f 1167 1290 1284
f 1294 1293 1292
f 1296 1295 1292
f 1292 1295 1294
f 1295 1296 1288
f 1296 1287 1288
f 1296 1297 1287
f 1287 1298 1289
f 1287 1297 1298
f 1298 1172 1169
f 1298 1169 1289
f 1299 1291 1290
f 1290 1170 1299
f 1170 1300 1299
f 1170 1175 1300
f 1292 1293 1301
f 1301 1293 1302
f 1292 1303 1296
f 1292 1301 1303
f 1305 1297 1304
f 1297 1303 1304
f 1297 1296 1303
f 1307 1306 1305
f 1306 1297 1305
f 1306 1298 1297
f 1308 1176 1172
f 1298 1308 1172
f 1306 1308 1298
f 1308 1177 1176
f 1310 1309 1179
f 1310 1179 1180
f 1175 1179 1300
f 1300 1179 1309
f 1301 1302 1311
f 1311 1302 1312
f 1314 1303 1313
f 1303 1311 1313
f 1303 1301 1311
f 1303 1314 1304
f 1306 1307 1183
f 1307 1182 1183
f 1307 1315 1182
f 1306 1183 1184
f 1306 1184 1308
f 1308 1184 1177
f 1318 1317 1316
f 1317 1310 1316
f 1310 1186 1316
f 1310 1180 1186
f 1312 1319 1311
f 1311 1319 1313
f 1315 1320 1182
f 1182 1320 1187
f 1320 1322 1321
f 1188 1320 1321
f 1187 1320 1188
f 1323 1189 1188
f 1323 1188 1321
f 1323 1191 1189
f 1326 1325 1324
f 1324 1325 1318
f 1316 1324 1318
f 1327 1324 1316
f 1192 1327 1186
f 1186 1327 1316
f 1322 1328 1321
f 1330 1329 1328
f 1329 1321 1328
f 1329 1323 1321
f 1329 1193 1191
f 1329 1191 1323
f 1333 1332 1331
f 1331 1332 1326
f 1331 1326 1324
f 1196 1331 1324
f 1195 1196 1324
f 1195 1324 1197
f 1197 1324 1327
f 1197 1327 1192
f 1335 1334 1200
f 1200 1334 1199
f 1201 1329 1330
f 1335 1201 1330
f 1200 1201 1335
f 1329 1201 1193
f 1338 1337 1336
f 1336 1337 1333
f 1336 1333 1331
f 1204 1336 1331
f 1203 1204 1331
f 1203 1331 1196
f 1205 1199 1339
f 1199 1340 1339
f 1199 1334 1340
f 1339 1206 1205
f 1338 1336 1208
f 1209 1338 1208
f 1341 1338 1209
f 1208 1336 1204
f 1340 1342 1339
f 1210 1206 1339
f 1343 1210 1339
f 1342 1343 1339
f 1210 1343 1344
f 1345 1344 1343
f 1348 1347 1346
f 1350 1349 1346
f 1350 1346 1347
f 1350 1341 1349
f 1341 1212 1349
f 1341 1209 1212
f 1344 1213 1210
f 1345 1351 1344
f 1351 1213 1344
f 1351 1215 1213
f 1216 1215 1351
f 1216 1351 1352
f 1218 1353 1219
f 1354 1220 1219
f 1354 1219 1353
f 1356 1354 1355
f 1356 1220 1354
f 1356 1357 1221
f 1220 1356 1221
f 1357 1356 1348
f 1357 1348 1346
f 1223 1357 1346
f 1222 1223 1346
f 1222 1346 1224
f 1224 1346 1349
f 1224 1349 1212
f 1225 1216 1358
f 1216 1359 1358
f 1216 1352 1359
f 1360 1226 1225
f 1360 1225 1358
f 1360 1361 1226
f 1226 1361 1218
f 1361 1362 1218
f 1362 1353 1218
f 1353 1362 1354
f 1354 1362 1363
f 1357 1227 1221
f 1363 1355 1354
f 1227 1357 1223
f 1359 1364 1358
f 1358 1364 1360
f 1360 1364 1365
f 1360 1365 1361
f 1366 1228 1229
f 1230 1367 1229
f 1229 1367 1366
f 1367 1230 1368
f 1230 1369 1368
f 1230 1231 1369
f 1370 1231 1232
f 1370 1369 1231
f 1371 1232 1233
f 1371 1370 1232
f 1233 1235 1371
f 1371 1235 1372
f 1374 1373 1366
f 1373 1228 1366
f 1373 1236 1228
f 1374 1366 1367
f 1374 1367 1375
f 1375 1367 1368
f 1377 1376 1240
f 1377 1240 1239
f 1235 1240 1372
f 1372 1240 1376
f 1378 1241 1242
f 1378 1242 1379
f 1242 1380 1379
f 1242 1243 1380
f 1381 1243 1244
f 1381 1380 1243
f 1382 1244 1245
f 1382 1381 1244
f 1245 1247 1382
f 1382 1247 1383
f 1384 1250 1251
f 1385 1384 1251
f 1236 1385 1251
f 1373 1385 1236
f 1387 1386 1252
f 1387 1252 1253
f 1252 1388 1254
f 1386 1388 1252
f 1239 1254 1377
f 1377 1254 1388
f 1390 1389 1378
f 1389 1241 1378
f 1389 1256 1241
f 1390 1378 1379
f 1391 1383 1247
f 1391 1247 1257
f 1392 1257 1258
f 1392 1391 1257
f 1393 1258 1259
f 1393 1392 1258
f 1259 1250 1384
f 1394 1259 1384
f 1393 1259 1394
f 1394 1384 1385
f 1397 1396 1395
f 1396 1387 1395
f 1387 1260 1395
f 1387 1253 1260
f 1398 1261 1262
f 1398 1262 1399
f 1262 1400 1399
f 1262 1263 1400
f 1263 1256 1389
f 1263 1389 1400
f 1397 1395 1401
f 1397 1401 1402
f 1264 1401 1260
f 1260 1401 1395
f 1404 1403 1398
f 1403 1261 1398
f 1403 1265 1261
f 1404 1398 1399
f 1405 1402 1401
f 1401 1264 1405
f 1264 1406 1405
f 1264 1266 1406
f 1409 1408 1407
f 1268 1269 1407
f 1269 1409 1407
f 1269 1410 1409
f 1269 1265 1403
f 1269 1403 1410
f 1271 1406 1266
f 1271 1411 1406
f 1413 1412 1275
f 1275 1412 1274
f 1276 1407 1408
f 1413 1276 1408
f 1275 1276 1413
f 1407 1276 1268
f 1414 1411 1271
f 1414 1271 1277
f 1277 1278 1414
f 1414 1278 1415
f 1416 1280 1281
f 1417 1416 1281
f 1274 1417 1281
f 1412 1417 1274
f 1285 1415 1278
f 1285 1418 1415
f 1420 1286 1419
f 1286 1280 1419
f 1419 1280 1416
f 1421 1419 1416
f 1416 1417 1421
f 1286 1420 1288
f 1424 1423 1422
f 1423 1418 1422
f 1418 1291 1422
f 1418 1285 1291
f 1426 1425 1294
f 1294 1425 1293
f 1295 1420 1419
f 1426 1295 1419
f 1294 1295 1426
f 1420 1295 1288
f 1424 1422 1427
f 1424 1427 1428
f 1299 1429 1291
f 1429 1422 1291
f 1429 1427 1422
f 1300 1429 1299
f 1425 1302 1293
f 1430 1302 1425
f 1304 1431 1305
f 1431 1307 1305
f 1434 1433 1432
f 1432 1433 1428
f 1427 1432 1428
f 1435 1432 1427
f 1310 1435 1309
f 1435 1429 1309
f 1435 1427 1429
f 1309 1429 1300
f 1430 1312 1302
f 1436 1312 1430
f 1313 1437 1314
f 1431 1304 1314
f 1437 1431 1314
f 1438 1431 1437
f 1438 1315 1307
f 1438 1307 1431
f 1441 1440 1439
f 1443 1442 1439
f 1443 1439 1440
f 1442 1443 1434
f 1432 1442 1434
f 1444 1442 1432
f 1318 1444 1317
f 1444 1435 1317
f 1444 1432 1435
f 1317 1435 1310
f 1319 1312 1445
f 1312 1446 1445
f 1312 1436 1446
f 1445 1447 1319
f 1319 1447 1313
f 1447 1448 1313
f 1448 1437 1313
f 1450 1449 1448
f 1449 1437 1448
f 1449 1438 1437
f 1451 1320 1315
f 1438 1451 1315
f 1449 1451 1438
f 1451 1322 1320
f 1441 1439 1452
f 1441 1452 1453
f 1454 1439 1442
f 1452 1439 1454
f 1326 1454 1325
f 1454 1444 1325
f 1454 1442 1444
f 1325 1444 1318
f 1446 1455 1445
f 1445 1455 1447
f 1450 1456 1449
f 1458 1457 1456
f 1457 1449 1456
f 1457 1451 1449
f 1459 1328 1322
f 1451 1459 1322
f 1457 1459 1451
f 1459 1330 1328
f 1453 1452 1460
f 1453 1460 1461
f 1333 1460 1332
f 1460 1454 1332
f 1460 1452 1454
f 1332 1454 1326
f 1457 1458 1462
f 1462 1458 1463
f 1462 1334 1335
f 1459 1462 1335
f 1457 1462 1459
f 1459 1335 1330
f 1461 1460 1337
f 1338 1461 1337
f 1464 1461 1338
f 1337 1460 1333
f 1463 1465 1462
f 1334 1462 1465
f 1466 1334 1465
f 1340 1334 1466
f 1469 1468 1467
f 1468 1464 1467
f 1464 1341 1467
f 1464 1338 1341
f 1466 1470 1340
f 1340 1470 1342
f 1342 1471 1343
f 1470 1471 1342
f 1345 1343 1471
f 1345 1471 1472
f 1474 1473 1347
f 1474 1347 1348
f 1467 1350 1469
f 1350 1473 1469
f 1350 1347 1473
f 1350 1467 1341
f 1472 1475 1345
f 1345 1475 1351
f 1352 1351 1475
f 1352 1475 1476
f 1479 1478 1477
f 1481 1480 1477
f 1481 1477 1478
f 1356 1355 1480
f 1481 1356 1480
f 1482 1356 1481
f 1348 1356 1474
f 1474 1356 1482
f 1484 1359 1483
f 1359 1476 1483
f 1359 1352 1476
f 1485 1484 1483
f 1479 1477 1362
f 1361 1479 1362
f 1486 1479 1361
f 1362 1477 1363
f 1363 1477 1480
f 1363 1480 1355
f 1484 1364 1359
f 1485 1487 1484
f 1487 1364 1484
f 1487 1365 1364
f 1361 1365 1486
f 1486 1365 1487
f 1489 1488 1369
f 1369 1488 1368
f 1490 1369 1370
f 1490 1489 1369
f 1491 1370 1371
f 1491 1490 1370
f 1371 1372 1491
f 1491 1372 1492
f 1494 1493 1374
f 1374 1493 1373
f 1495 1374 1375
f 1495 1494 1374
f 1375 1368 1488
f 1375 1488 1495
f 1377 1496 1376
f 1496 1497 1376
f 1497 1372 1376
f 1497 1492 1372
f 1499 1498 1380
f 1380 1498 1379
f 1500 1380 1381
f 1500 1499 1380
f 1502 1500 1501
f 1500 1382 1501
f 1500 1381 1382
f 1383 1501 1382
f 1504 1385 1503
f 1385 1493 1503
f 1385 1373 1493
f 1505 1504 1503
f 1507 1506 1386
f 1507 1386 1387
f 1506 1509 1508
f 1388 1506 1508
f 1386 1506 1388
f 1508 1510 1388
f 1388 1510 1377
f 1510 1511 1377
f 1511 1496 1377
f 1496 1511 1497
f 1513 1512 1390
f 1390 1512 1389
f 1390 1379 1498
f 1390 1498 1513
f 1514 1502 1501
f 1514 1501 1383
f 1391 1514 1383
f 1515 1514 1391
f 1517 1515 1516
f 1515 1392 1516
f 1515 1391 1392
f 1393 1518 1392
f 1392 1518 1516
f 1394 1519 1393
f 1393 1519 1518
f 1520 1519 1394
f 1520 1394 1385
f 1521 1520 1385
f 1504 1521 1385
f 1504 1505 1521
f 1397 1522 1396
f 1523 1396 1522
f 1387 1396 1507
f 1507 1396 1523
f 1509 1524 1508
f 1508 1524 1510
f 1526 1525 1400
f 1400 1525 1399
f 1400 1389 1512
f 1400 1512 1526
f 1527 1517 1516
f 1527 1516 1518
f 1527 1518 1528
f 1528 1518 1519
f 1528 1519 1529
f 1529 1519 1520
f 1402 1522 1397
f 1402 1530 1522
f 1533 1532 1531
f 1535 1534 1531
f 1531 1534 1533
f 1403 1404 1535
f 1404 1534 1535
f 1404 1536 1534
f 1404 1399 1525
f 1404 1525 1536
f 1402 1405 1537
f 1538 1402 1537
f 1530 1402 1538
f 1406 1537 1405
f 1531 1532 1409
f 1532 1408 1409
f 1532 1539 1408
f 1531 1409 1410
f 1531 1410 1535
f 1535 1410 1403
f 1540 1538 1537
f 1537 1406 1540
f 1406 1541 1540
f 1406 1411 1541
f 1543 1542 1413
f 1413 1542 1412
f 1413 1408 1539
f 1413 1539 1543
f 1544 1541 1411
f 1544 1411 1414
f 1414 1415 1544
f 1544 1415 1545
f 1542 1417 1412
f 1546 1417 1542
f 1418 1545 1415
f 1418 1547 1545
f 1549 1548 1421
f 1421 1548 1419
f 1421 1417 1546
f 1421 1546 1549
f 1424 1550 1423
f 1550 1551 1423
f 1551 1418 1423
f 1551 1547 1418
f 1552 1425 1426
f 1553 1552 1426
f 1419 1553 1426
f 1548 1553 1419
f 1555 1554 1550
f 1424 1555 1550
f 1428 1555 1424
f 1550 1554 1551
f 1557 1556 1552
f 1556 1425 1552
f 1556 1430 1425
f 1557 1552 1553
f 1560 1559 1558
f 1562 1561 1558
f 1562 1558 1559
f 1433 1434 1561
f 1562 1433 1561
f 1563 1433 1562
f 1428 1433 1555
f 1555 1433 1563
f 1556 1436 1430
f 1564 1436 1556
f 1567 1566 1565
f 1565 1566 1560
f 1565 1560 1558
f 1441 1565 1558
f 1440 1441 1558
f 1440 1558 1443
f 1443 1558 1561
f 1443 1561 1434
f 1564 1446 1436
f 1568 1446 1564
f 1447 1569 1448
f 1569 1450 1448
f 1567 1565 1570
f 1567 1570 1571
f 1453 1570 1441
f 1441 1570 1565
f 1568 1572 1446
f 1446 1572 1455
f 1447 1455 1569
f 1455 1573 1569
f 1455 1572 1573
f 1569 1573 1450
f 1573 1456 1450
f 1573 1574 1456
f 1458 1456 1574
f 1458 1574 1575
f 1571 1570 1576
f 1571 1576 1577
f 1461 1576 1453
f 1453 1576 1570
f 1579 1463 1578
f 1463 1575 1578
f 1463 1458 1575
f 1580 1579 1578
f 1577 1576 1581
f 1577 1581 1582
f 1464 1581 1461
f 1461 1581 1576
f 1579 1465 1463
f 1584 1583 1466
f 1584 1466 1465
f 1580 1584 1465
f 1579 1580 1465
f 1585 1583 1584
f 1588 1587 1586
f 1586 1587 1582
f 1586 1582 1581
f 1469 1586 1581
f 1468 1469 1581
f 1468 1581 1464
f 1583 1470 1466
f 1585 1589 1583
f 1589 1470 1583
f 1589 1471 1470
f 1472 1471 1589
f 1472 1589 1590
f 1593 1592 1591
f 1591 1592 1588
f 1591 1588 1586
f 1474 1591 1586
f 1473 1474 1586
f 1473 1586 1469
f 1590 1594 1472
f 1472 1594 1475
f 1476 1475 1594
f 1476 1594 1595
f 1598 1597 1596
f 1478 1479 1596
f 1597 1478 1596
f 1599 1478 1597
f 1478 1600 1481
f 1599 1600 1478
f 1591 1482 1593
f 1482 1600 1593
f 1482 1481 1600
f 1482 1591 1474
f 1595 1601 1476
f 1476 1601 1483
f 1596 1602 1485
f 1601 1596 1485
f 1483 1601 1485
f 1598 1596 1601
f 1486 1602 1479
f 1479 1602 1596
f 1602 1487 1485
f 1487 1602 1486
f 1603 1488 1489
f 1490 1604 1489
f 1489 1604 1603
f 1491 1605 1490
f 1490 1605 1604
f 1492 1605 1491
f 1606 1493 1494
f 1495 1607 1494
f 1494 1607 1606
f 1608 1607 1495
f 1608 1495 1488
f 1609 1608 1488
f 1603 1609 1488
f 1609 1603 1604
f 1609 1604 1610
f 1610 1604 1605
f 1610 1605 1611
f 1605 1492 1611
f 1492 1612 1611
f 1492 1497 1612
f 1614 1613 1499
f 1499 1613 1498
f 1616 1614 1615
f 1614 1500 1615
f 1614 1499 1500
f 1502 1615 1500
f 1606 1503 1493
f 1606 1607 1617
f 1505 1606 1617
f 1618 1505 1617
f 1606 1505 1503
f 1506 1507 1619
f 1607 1608 1617
f 1619 1509 1506
f 1621 1620 1511
f 1621 1511 1510
f 1497 1511 1612
f 1612 1511 1620
f 1623 1622 1513
f 1513 1622 1512
f 1513 1498 1613
f 1513 1613 1623
f 1624 1616 1615
f 1626 1624 1625
f 1625 1624 1514
f 1624 1615 1514
f 1615 1502 1514
f 1515 1627 1514
f 1514 1627 1625
f 1517 1627 1515
f 1629 1628 1521
f 1521 1628 1520
f 1523 1522 1630
f 1629 1505 1618
f 1505 1629 1521
f 1630 1631 1523
f 1523 1631 1507
f 1631 1632 1507
f 1632 1619 1507
f 1619 1632 1509
f 1632 1524 1509
f 1632 1633 1524
f 1510 1524 1621
f 1621 1524 1633
f 1635 1634 1526
f 1526 1634 1525
f 1526 1512 1622
f 1526 1622 1635
f 1636 1626 1625
f 1636 1625 1627
f 1636 1627 1637
f 1639 1637 1638
f 1638 1637 1527
f 1637 1627 1527
f 1627 1517 1527
f 1528 1640 1527
f 1527 1640 1638
f 1529 1641 1528
f 1528 1641 1640
f 1642 1641 1529
f 1520 1642 1529
f 1628 1642 1520
f 1644 1643 1630
f 1522 1644 1630
f 1530 1644 1522
f 1630 1643 1631
f 1645 1532 1533
f 1534 1646 1533
f 1533 1646 1645
f 1646 1534 1647
f 1534 1648 1647
f 1534 1536 1648
f 1536 1525 1634
f 1536 1634 1648
f 1649 1639 1638
f 1649 1638 1640
f 1649 1640 1650
f 1650 1640 1641
f 1650 1641 1651
f 1651 1641 1642
f 1538 1644 1530
f 1538 1652 1644
f 1654 1653 1645
f 1653 1532 1645
f 1653 1539 1532
f 1654 1645 1646
f 1654 1646 1655
f 1655 1646 1647
f 1656 1652 1538
f 1656 1538 1540
f 1540 1541 1656
f 1656 1541 1657
f 1658 1542 1543
f 1539 1653 1659
f 1658 1539 1659
f 1660 1658 1659
f 1543 1539 1658
f 1661 1660 1659
f 1662 1657 1541
f 1662 1541 1544
f 1544 1545 1662
f 1662 1545 1663
f 1665 1664 1658
f 1664 1542 1658
f 1664 1546 1542
f 1665 1658 1660
f 1665 1660 1666
f 1666 1660 1661
f 1547 1663 1545
f 1547 1667 1663
f 1668 1548 1549
f 1669 1668 1549
f 1546 1669 1549
f 1664 1669 1546
f 1551 1667 1547
f 1551 1670 1667
f 1672 1671 1668
f 1671 1548 1668
f 1671 1553 1548
f 1672 1668 1669
f 1675 1674 1673
f 1554 1555 1673
f 1674 1554 1673
f 1676 1554 1674
f 1551 1554 1670
f 1670 1554 1676
f 1677 1556 1557
f 1678 1677 1557
f 1553 1678 1557
f 1671 1678 1553
f 1681 1680 1679
f 1559 1560 1679
f 1680 1559 1679
f 1682 1559 1680
f 1559 1683 1562
f 1682 1683 1559
f 1673 1563 1675
f 1563 1683 1675
f 1563 1562 1683
f 1563 1673 1555
f 1685 1684 1677
f 1684 1556 1677
f 1684 1564 1556
f 1685 1677 1678
f 1688 1687 1686
f 1686 1687 1681
f 1686 1681 1679
f 1567 1686 1679
f 1566 1567 1679
f 1566 1679 1560
f 1684 1568 1564
f 1689 1568 1684
f 1692 1691 1690
f 1694 1693 1690
f 1694 1690 1691
f 1695 1693 1694
f 1698 1697 1696
f 1696 1697 1688
f 1686 1696 1688
f 1699 1696 1686
f 1571 1699 1567
f 1567 1699 1686
f 1689 1700 1568
f 1568 1700 1572
f 1572 1701 1573
f 1700 1701 1572
f 1690 1574 1692
f 1574 1701 1692
f 1574 1573 1701
f 1574 1690 1575
f 1690 1702 1575
f 1690 1693 1702
f 1693 1695 1703
f 1704 1693 1703
f 1702 1693 1704
f 1705 1704 1703
f 1706 1698 1696
f 1708 1707 1706
f 1696 1708 1706
f 1699 1708 1696
f 1577 1708 1571
f 1571 1708 1699
f 1702 1578 1575
f 1578 1702 1580
f 1702 1709 1580
f 1702 1704 1709
f 1704 1705 1710
f 1704 1710 1709
f 1713 1712 1711
f 1715 1714 1711
f 1715 1711 1712
f 1717 1716 1714
f 1717 1714 1715
f 1719 1718 1716
f 1719 1716 1717
f 1718 1719 1707
f 1708 1718 1707
f 1720 1718 1708
f 1582 1720 1577
f 1577 1720 1708
f 1709 1584 1580
f 1585 1584 1709
f 1710 1585 1709
f 1721 1585 1710
f 1722 1713 1711
f 1722 1711 1714
f 1722 1714 1723
f 1725 1724 1723
f 1714 1725 1723
f 1716 1725 1714
f 1726 1716 1718
f 1725 1716 1726
f 1588 1726 1587
f 1726 1720 1587
f 1726 1718 1720
f 1587 1720 1582
f 1721 1727 1585
f 1585 1727 1589
f 1729 1728 1590
f 1589 1729 1590
f 1727 1729 1589
f 1731 1730 1728
f 1731 1728 1729
f 1733 1732 1730
f 1733 1730 1731
f 1735 1734 1732
f 1735 1732 1733
f 1734 1735 1724
f 1725 1734 1724
f 1736 1734 1725
f 1593 1736 1592
f 1736 1726 1592
f 1736 1725 1726
f 1592 1726 1588
f 1728 1594 1590
f 1594 1728 1595
f 1728 1737 1595
f 1728 1730 1737
f 1598 1737 1597
f 1737 1732 1597
f 1737 1730 1732
f 1597 1732 1599
f 1599 1732 1734
f 1599 1734 1600
f 1600 1734 1736
f 1600 1736 1593
f 1737 1601 1595
f 1601 1737 1598
f 1738 1608 1609
f 1610 1739 1609
f 1609 1739 1738
f 1611 1740 1610
f 1610 1740 1739
f 1612 1740 1611
f 1741 1613 1614
f 1616 1741 1614
f 1743 1742 1617
f 1617 1742 1618
f 1617 1608 1738
f 1744 1617 1738
f 1743 1617 1744
f 1744 1738 1739
f 1744 1739 1745
f 1745 1747 1746
f 1747 1745 1621
f 1739 1621 1745
f 1621 1739 1620
f 1740 1620 1739
f 1740 1612 1620
f 1748 1746 1747
f 1750 1749 1623
f 1623 1749 1622
f 1750 1623 1613
f 1751 1750 1613
f 1741 1751 1613
f 1750 1751 1752
f 1624 1753 1616
f 1753 1741 1616
f 1753 1751 1741
f 1626 1753 1624
f 1754 1628 1629
f 1755 1754 1629
f 1618 1755 1629
f 1742 1755 1618
f 1631 1756 1632
f 1757 1633 1632
f 1757 1632 1756
f 1757 1758 1633
f 1633 1758 1621
f 1758 1759 1621
f 1759 1747 1621
f 1747 1759 1748
f 1761 1760 1635
f 1635 1760 1634
f 1635 1622 1749
f 1635 1749 1761
f 1762 1752 1751
f 1764 1763 1762
f 1751 1764 1762
f 1753 1764 1751
f 1636 1765 1626
f 1765 1753 1626
f 1765 1764 1753
f 1637 1766 1636
f 1636 1766 1765
f 1639 1766 1637
f 1768 1767 1754
f 1767 1628 1754
f 1767 1642 1628
f 1643 1644 1769
f 1754 1755 1768
f 1769 1770 1643
f 1643 1770 1631
f 1770 1771 1631
f 1771 1756 1631
f 1756 1771 1757
f 1757 1771 1772
f 1757 1772 1758
f 1774 1773 1648
f 1648 1773 1647
f 1648 1634 1760
f 1648 1760 1774
f 1775 1763 1764
f 1775 1764 1765
f 1775 1765 1776
f 1778 1777 1776
f 1765 1778 1776
f 1766 1778 1765
f 1649 1779 1639
f 1779 1766 1639
f 1779 1778 1766
f 1650 1780 1649
f 1649 1780 1779
f 1780 1650 1781
f 1650 1782 1781
f 1650 1651 1782
f 1651 1642 1767
f 1651 1767 1782
f 1652 1783 1769
f 1652 1769 1644
f 1770 1769 1784
f 1784 1769 1783
f 1785 1653 1654
f 1785 1654 1786
f 1654 1787 1786
f 1654 1655 1787
f 1655 1647 1773
f 1655 1773 1787
f 1788 1777 1778
f 1788 1778 1779
f 1788 1779 1789
f 1789 1779 1780
f 1789 1780 1790
f 1790 1780 1781
f 1656 1783 1652
f 1656 1657 1783
f 1657 1784 1783
f 1657 1791 1784
f 1785 1659 1653
f 1661 1659 1785
f 1786 1661 1785
f 1792 1661 1786
f 1657 1662 1793
f 1794 1657 1793
f 1791 1657 1794
f 1663 1793 1662
f 1795 1664 1665
f 1795 1665 1796
f 1665 1797 1796
f 1665 1666 1797
f 1666 1661 1792
f 1666 1792 1797
f 1798 1794 1793
f 1793 1663 1798
f 1663 1799 1798
f 1663 1667 1799
f 1801 1800 1795
f 1800 1664 1795
f 1800 1669 1664
f 1801 1795 1796
f 1670 1799 1667
f 1670 1802 1799
f 1804 1803 1672
f 1672 1803 1671
f 1672 1669 1800
f 1672 1800 1804
f 1806 1805 1674
f 1806 1674 1675
f 1674 1807 1676
f 1805 1807 1674
f 1670 1676 1802
f 1802 1676 1807
f 1803 1678 1671
f 1808 1678 1803
f 1810 1809 1680
f 1810 1680 1681
f 1680 1811 1682
f 1809 1811 1680
f 1682 1812 1683
f 1811 1812 1682
f 1675 1683 1806
f 1806 1683 1812
f 1814 1813 1685
f 1685 1813 1684
f 1685 1678 1808
f 1685 1808 1814
f 1817 1816 1815
f 1819 1818 1815
f 1819 1815 1816
f 1821 1820 1818
f 1821 1818 1819
f 1823 1822 1820
f 1823 1820 1821
f 1687 1688 1822
f 1823 1687 1822
f 1824 1687 1823
f 1681 1687 1810
f 1810 1687 1824
f 1826 1689 1825
f 1689 1813 1825
f 1689 1684 1813
f 1828 1827 1826
f 1828 1826 1825
f 1691 1692 1827
f 1828 1691 1827
f 1829 1691 1828
f 1691 1830 1694
f 1829 1830 1691
f 1832 1831 1695
f 1694 1832 1695
f 1830 1832 1694
f 1834 1833 1831
f 1834 1831 1832
f 1836 1835 1833
f 1836 1833 1834
f 1838 1837 1835
f 1838 1835 1836
f 1837 1838 1817
f 1815 1837 1817
f 1839 1837 1815
f 1840 1815 1818
f 1839 1815 1840
f 1841 1818 1820
f 1840 1818 1841
f 1698 1841 1697
f 1841 1822 1697
f 1841 1820 1822
f 1697 1822 1688
f 1826 1700 1689
f 1700 1826 1701
f 1701 1826 1827
f 1701 1827 1692
f 1831 1703 1695
f 1703 1831 1705
f 1831 1842 1705
f 1831 1833 1842
f 1843 1833 1835
f 1842 1833 1843
f 1844 1835 1837
f 1843 1835 1844
f 1845 1837 1839
f 1844 1837 1845
f 1846 1839 1840
f 1845 1839 1846
f 1847 1840 1841
f 1846 1840 1847
f 1706 1848 1698
f 1848 1841 1698
f 1848 1847 1841
f 1707 1848 1706
f 1849 1710 1842
f 1842 1710 1705
f 1850 1842 1843
f 1849 1842 1850
f 1851 1843 1844
f 1850 1843 1851
f 1713 1851 1712
f 1851 1845 1712
f 1851 1844 1845
f 1712 1845 1715
f 1715 1845 1846
f 1715 1846 1717
f 1717 1846 1847
f 1717 1847 1719
f 1719 1847 1848
f 1719 1848 1707
f 1852 1721 1849
f 1849 1721 1710
f 1853 1849 1850
f 1852 1849 1853
f 1854 1850 1851
f 1853 1850 1854
f 1722 1855 1713
f 1855 1851 1713
f 1855 1854 1851
f 1723 1856 1722
f 1722 1856 1855
f 1724 1856 1723
f 1852 1727 1721
f 1727 1852 1729
f 1729 1852 1853
f 1729 1853 1731
f 1731 1853 1854
f 1731 1854 1733
f 1733 1854 1855
f 1733 1855 1735
f 1735 1855 1856
f 1735 1856 1724
f 1858 1857 1743
f 1743 1857 1742
f 1859 1743 1744
f 1859 1858 1743
f 1860 1744 1745
f 1860 1859 1744
f 1861 1745 1746
f 1861 1860 1745
f 1746 1748 1861
f 1861 1748 1862
f 1863 1749 1750
f 1752 1863 1750
f 1857 1755 1742
f 1864 1755 1857
f 1866 1865 1759
f 1866 1759 1758
f 1748 1759 1862
f 1862 1759 1865
f 1867 1760 1761
f 1749 1863 1761
f 1863 1867 1761
f 1863 1868 1867
f 1762 1869 1752
f 1869 1863 1752
f 1869 1868 1863
f 1763 1869 1762
f 1870 1767 1768
f 1871 1870 1768
f 1755 1871 1768
f 1864 1871 1755
f 1770 1872 1771
f 1771 1872 1873
f 1874 1771 1873
f 1772 1771 1874
f 1758 1772 1866
f 1866 1772 1874
f 1875 1773 1774
f 1876 1875 1774
f 1876 1774 1760
f 1877 1876 1760
f 1867 1877 1760
f 1877 1867 1868
f 1877 1868 1878
f 1880 1879 1878
f 1868 1880 1878
f 1869 1880 1868
f 1775 1881 1763
f 1881 1869 1763
f 1881 1880 1869
f 1776 1882 1775
f 1775 1882 1881
f 1777 1882 1776
f 1883 1781 1782
f 1767 1870 1782
f 1870 1883 1782
f 1870 1884 1883
f 1870 1871 1885
f 1870 1885 1884
f 1887 1886 1872
f 1770 1887 1872
f 1784 1887 1770
f 1872 1886 1873
f 1888 1786 1787
f 1889 1888 1787
f 1889 1787 1773
f 1890 1889 1773
f 1875 1890 1773
f 1890 1875 1876
f 1891 1879 1880
f 1891 1880 1881
f 1891 1881 1892
f 1894 1893 1892
f 1881 1894 1892
f 1882 1894 1881
f 1894 1882 1777
f 1895 1894 1777
f 1788 1895 1777
f 1896 1894 1895
f 1898 1895 1897
f 1895 1789 1897
f 1895 1788 1789
f 1790 1899 1789
f 1789 1899 1897
f 1900 1899 1790
f 1900 1790 1781
f 1901 1900 1781
f 1883 1901 1781
f 1901 1883 1884
f 1901 1884 1902
f 1902 1884 1885
f 1791 1887 1784
f 1791 1903 1887
f 1905 1904 1888
f 1904 1786 1888
f 1904 1792 1786
f 1905 1888 1889
f 1906 1893 1894
f 1906 1894 1896
f 1907 1898 1897
f 1907 1897 1899
f 1907 1899 1908
f 1908 1899 1900
f 1794 1910 1909
f 1903 1794 1909
f 1791 1794 1903
f 1910 1911 1909
f 1912 1796 1797
f 1913 1912 1797
f 1792 1913 1797
f 1904 1913 1792
f 1798 1910 1794
f 1798 1799 1910
f 1799 1911 1910
f 1799 1914 1911
f 1916 1915 1801
f 1801 1915 1800
f 1801 1796 1912
f 1917 1801 1912
f 1916 1801 1917
f 1917 1912 1913
f 1920 1919 1918
f 1919 1914 1918
f 1914 1802 1918
f 1914 1799 1802
f 1921 1803 1804
f 1922 1921 1804
f 1800 1922 1804
f 1915 1922 1800
f 1924 1923 1805
f 1924 1805 1806
f 1918 1807 1920
f 1807 1923 1920
f 1807 1805 1923
f 1807 1918 1802
f 1926 1925 1921
f 1925 1803 1921
f 1925 1808 1803
f 1926 1921 1922
f 1928 1927 1809
f 1928 1809 1810
f 1809 1929 1811
f 1927 1929 1809
f 1811 1930 1812
f 1929 1930 1811
f 1806 1812 1924
f 1924 1812 1930
f 1931 1813 1814
f 1932 1931 1814
f 1808 1932 1814
f 1925 1932 1808
f 1935 1934 1933
f 1816 1817 1933
f 1934 1816 1933
f 1936 1816 1934
f 1816 1937 1819
f 1936 1937 1816
f 1819 1938 1821
f 1937 1938 1819
f 1821 1939 1823
f 1938 1939 1821
f 1823 1940 1824
f 1939 1940 1823
f 1810 1824 1928
f 1928 1824 1940
f 1931 1825 1813
f 1932 1941 1931
f 1941 1825 1931
f 1941 1828 1825
f 1828 1942 1829
f 1941 1942 1828
f 1829 1943 1830
f 1942 1943 1829
f 1830 1944 1832
f 1943 1944 1830
f 1832 1945 1834
f 1944 1945 1832
f 1834 1946 1836
f 1945 1946 1834
f 1933 1838 1935
f 1838 1946 1935
f 1838 1836 1946
f 1838 1933 1817
f 1947 1857 1858
f 1859 1948 1858
f 1858 1948 1947
f 1860 1949 1859
f 1859 1949 1948
f 1861 1950 1860
f 1860 1950 1949
f 1862 1950 1861
f 1951 1864 1947
f 1947 1864 1857
f 1952 1947 1948
f 1951 1947 1952
f 1953 1948 1949
f 1952 1948 1953
f 1866 1953 1865
f 1953 1950 1865
f 1953 1949 1950
f 1865 1950 1862
f 1954 1871 1951
f 1951 1871 1864
f 1955 1951 1952
f 1954 1951 1955
f 1873 1955 1874
f 1955 1953 1874
f 1955 1952 1953
f 1874 1953 1866
f 1957 1956 1877
f 1877 1956 1876
f 1958 1877 1878
f 1958 1957 1877
f 1878 1879 1958
f 1958 1879 1959
f 1960 1885 1954
f 1954 1885 1871
f 1887 1960 1886
f 1960 1955 1886
f 1960 1954 1955
f 1886 1955 1873
f 1962 1961 1890
f 1890 1961 1889
f 1890 1876 1956
f 1890 1956 1962
f 1963 1959 1879
f 1963 1879 1891
f 1965 1963 1964
f 1963 1892 1964
f 1963 1891 1892
f 1893 1964 1892
f 1966 1896 1895
f 1898 1966 1895
f 1967 1900 1901
f 1967 1901 1968
f 1901 1969 1968
f 1901 1902 1969
f 1902 1885 1960
f 1970 1902 1960
f 1969 1902 1970
f 1960 1887 1970
f 1887 1971 1970
f 1887 1903 1971
f 1973 1972 1905
f 1905 1972 1904
f 1905 1889 1961
f 1905 1961 1973
f 1974 1965 1964
f 1974 1964 1893
f 1906 1974 1893
f 1975 1974 1906
f 1975 1906 1896
f 1976 1975 1896
f 1966 1976 1896
f 1975 1976 1977
f 1976 1966 1898
f 1978 1976 1898
f 1907 1978 1898
f 1979 1976 1978
f 1980 1907 1908
f 1980 1978 1907
f 1908 1900 1967
f 1981 1908 1967
f 1980 1908 1981
f 1981 1967 1968
f 1982 1971 1903
f 1982 1903 1909
f 1909 1911 1982
f 1982 1911 1983
f 1972 1913 1904
f 1984 1913 1972
f 1985 1977 1976
f 1985 1976 1979
f 1914 1983 1911
f 1914 1986 1983
f 1987 1915 1916
f 1917 1988 1916
f 1916 1988 1987
f 1989 1988 1917
f 1913 1989 1917
f 1984 1989 1913
f 1991 1990 1919
f 1991 1919 1920
f 1914 1919 1986
f 1986 1919 1990
f 1993 1992 1987
f 1992 1915 1987
f 1992 1922 1915
f 1993 1987 1988
f 1993 1988 1994
f 1994 1988 1989
f 1924 1995 1923
f 1995 1996 1923
f 1996 1920 1923
f 1996 1991 1920
f 1997 1925 1926
f 1998 1997 1926
f 1922 1998 1926
f 1992 1998 1922
f 2001 2000 1999
f 2003 2002 1999
f 2003 1999 2000
f 2004 2002 2003
f 2006 2005 1927
f 2006 1927 1928
f 1927 2007 1929
f 2005 2007 1927
f 1929 2008 1930
f 2007 2008 1929
f 1924 1930 1995
f 1930 2009 1995
f 1930 2008 2009
f 1995 2009 1996
f 2010 1932 1997
f 1997 1932 1925
f 1997 1998 2011
f 2012 1997 2011
f 2010 1997 2012
f 2013 2012 2011
f 2016 2015 2014
f 2014 2015 2001
f 2014 2001 1999
f 1935 2014 1999
f 1934 1935 1999
f 1934 1999 1936
f 1936 1999 2002
f 2004 2017 2002
f 2017 1936 2002
f 2017 1937 1936
f 1937 2018 1938
f 2017 2018 1937
f 1938 2019 1939
f 2018 2019 1938
f 1939 2020 1940
f 2019 2020 1939
f 1928 1940 2006
f 2006 1940 2020
f 2010 1941 1932
f 1941 2010 1942
f 1942 2010 2012
f 2013 2021 2012
f 2021 1942 2012
f 2021 1943 1942
f 1943 2022 1944
f 2021 2022 1943
f 1944 2023 1945
f 2022 2023 1944
f 2014 1946 2016
f 1946 2023 2016
f 1946 1945 2023
f 1946 2014 1935
f 2024 1956 1957
f 1958 2025 1957
f 1957 2025 2024
f 1959 2025 1958
f 2026 1961 1962
f 1956 2024 1962
f 2024 2026 1962
f 2024 2027 2026
f 2028 2024 2025
f 2027 2024 2028
f 1963 2029 1959
f 2029 2025 1959
f 2029 2028 2025
f 1965 2029 1963
f 2031 2030 1969
f 1969 2030 1968
f 2032 1969 1970
f 2032 2031 1969
f 1970 1971 2032
f 2032 1971 2033
f 2035 2034 1973
f 1973 2034 1972
f 1973 1961 2026
f 2036 1973 2026
f 2035 1973 2036
f 2038 2037 2036
f 2026 2038 2036
f 2027 2038 2026
f 2039 2027 2028
f 2038 2027 2039
f 2029 2041 2040
f 2039 2029 2040
f 2028 2029 2039
f 2041 2029 1965
f 1974 2041 1965
f 2042 2041 1974
f 2044 2042 2043
f 2042 1975 2043
f 2042 1974 1975
f 1977 2043 1975
f 2046 2045 1978
f 1978 2045 1979
f 2047 1978 1980
f 2047 2046 1978
f 2048 1980 1981
f 2048 2047 1980
f 1981 1968 2030
f 1981 2030 2048
f 1971 1982 2049
f 2050 1971 2049
f 2033 1971 2050
f 1983 2049 1982
f 2034 1984 1972
f 2051 1984 2034
f 2052 2037 2038
f 2052 2038 2039
f 2052 2039 2053
f 2053 2039 2040
f 2054 2044 2043
f 2054 2043 1977
f 1985 2054 1977
f 2055 2054 1985
f 1985 1979 2045
f 1985 2045 2055
f 2056 2050 2049
f 2049 1983 2056
f 1983 2057 2056
f 1983 1986 2057
f 2059 1989 2058
f 1989 2051 2058
f 1989 1984 2051
f 2060 2059 2058
f 2062 2061 1990
f 2062 1990 1991
f 1986 1990 2057
f 2057 1990 2061
f 2063 1992 1993
f 1994 2064 1993
f 1993 2064 2063
f 2065 2064 1994
f 2065 1994 1989
f 2066 2065 1989
f 2059 2066 1989
f 2066 2059 2060
f 2069 2068 2067
f 2068 2062 2067
f 2062 1996 2067
f 2062 1991 1996
f 2070 1998 2063
f 2063 1998 1992
f 2071 2063 2064
f 2070 2063 2071
f 2064 2065 2072
f 2064 2072 2071
f 2075 2074 2073
f 2077 2076 2073
f 2077 2073 2074
f 2000 2001 2076
f 2077 2000 2076
f 2078 2000 2077
f 2078 2080 2079
f 2003 2078 2079
f 2000 2078 2003
f 2079 2004 2003
f 2083 2082 2081
f 2085 2084 2081
f 2085 2081 2082
f 2087 2086 2084
f 2087 2084 2085
f 2005 2006 2086
f 2087 2005 2086
f 2088 2005 2087
f 2005 2089 2007
f 2088 2089 2005
f 2007 2090 2008
f 2089 2090 2007
f 2067 2009 2069
f 2009 2090 2069
f 2009 2008 2090
f 2009 2067 1996
f 2070 2011 1998
f 2011 2070 2013
f 2070 2091 2013
f 2070 2071 2091
f 2071 2072 2092
f 2093 2071 2092
f 2091 2071 2093
f 2093 2092 2075
f 2073 2093 2075
f 2094 2093 2073
f 2016 2094 2015
f 2094 2076 2015
f 2094 2073 2076
f 2015 2076 2001
f 2080 2095 2079
f 2079 2095 2004
f 2095 2017 2004
f 2095 2096 2017
f 2081 2018 2083
f 2018 2096 2083
f 2018 2017 2096
f 2018 2081 2019
f 2019 2081 2084
f 2019 2084 2020
f 2020 2084 2086
f 2020 2086 2006
f 2091 2021 2013
f 2021 2091 2022
f 2022 2091 2093
f 2022 2093 2023
f 2023 2093 2094
f 2023 2094 2016
f 2098 2097 2031
f 2031 2097 2030
f 2100 2098 2099
f 2098 2032 2099
f 2098 2031 2032
f 2033 2099 2032
f 2101 2034 2035
f 2036 2102 2035
f 2035 2102 2101
f 2037 2102 2036
f 2103 2040 2041
f 2103 2041 2104
f 2041 2105 2104
f 2041 2042 2105
f 2042 2044 2105
f 2105 2044 2106
f 2107 2045 2046
f 2107 2046 2108
f 2046 2109 2108
f 2046 2047 2109
f 2110 2047 2048
f 2110 2109 2047
f 2048 2030 2097
f 2048 2097 2110
f 2111 2100 2099
f 2099 2033 2111
f 2033 2112 2111
f 2033 2050 2112
f 2114 2113 2101
f 2113 2034 2101
f 2113 2051 2034
f 2114 2101 2102
f 2114 2102 2115
f 2117 2115 2116
f 2116 2115 2052
f 2115 2102 2052
f 2102 2037 2052
f 2053 2118 2052
f 2052 2118 2116
f 2040 2103 2053
f 2103 2118 2053
f 2103 2119 2118
f 2103 2104 2120
f 2103 2120 2119
f 2121 2106 2044
f 2121 2044 2054
f 2122 2054 2055
f 2122 2121 2054
f 2055 2045 2107
f 2123 2055 2107
f 2122 2055 2123
f 2123 2107 2108
f 2124 2112 2050
f 2124 2050 2056
f 2056 2057 2124
f 2124 2057 2125
f 2113 2126 2051
f 2051 2126 2058
f 2060 2058 2126
f 2060 2126 2127
f 2128 2117 2116
f 2128 2116 2118
f 2128 2118 2129
f 2129 2118 2119
f 2129 2119 2130
f 2130 2119 2120
f 2132 2131 2061
f 2132 2061 2062
f 2057 2061 2125
f 2125 2061 2131
f 2133 2065 2066
f 2134 2133 2066
f 2060 2134 2066
f 2127 2134 2060
f 2137 2136 2135
f 2139 2138 2135
f 2139 2135 2136
f 2140 2138 2139
f 2143 2142 2141
f 2068 2069 2141
f 2142 2068 2141
f 2144 2068 2142
f 2062 2068 2132
f 2132 2068 2144
f 2145 2072 2133
f 2133 2072 2065
f 2146 2074 2075
f 2133 2146 2075
f 2145 2133 2075
f 2146 2133 2134
f 2074 2147 2077
f 2146 2147 2074
f 2135 2078 2137
f 2078 2147 2137
f 2078 2077 2147
f 2078 2135 2080
f 2135 2148 2080
f 2135 2138 2148
f 2138 2140 2149
f 2150 2138 2149
f 2148 2138 2150
f 2082 2083 2150
f 2149 2082 2150
f 2151 2082 2149
f 2082 2152 2085
f 2151 2152 2082
f 2085 2153 2087
f 2152 2153 2085
f 2087 2154 2088
f 2153 2154 2087
f 2088 2155 2089
f 2154 2155 2088
f 2141 2090 2143
f 2090 2155 2143
f 2090 2089 2155
f 2090 2141 2069
f 2145 2092 2072
f 2092 2145 2075
f 2148 2095 2080
f 2095 2148 2096
f 2096 2148 2150
f 2096 2150 2083
f 2156 2097 2098
f 2100 2156 2098
f 2157 2104 2105
f 2106 2157 2105
f 2159 2158 2109
f 2109 2158 2108
f 2160 2109 2110
f 2160 2159 2109
f 2110 2097 2156
f 2161 2110 2156
f 2160 2110 2161
f 2161 2156 2100
f 2111 2161 2100
f 2162 2161 2111
f 2111 2112 2162
f 2162 2112 2163
f 2164 2113 2114
f 2115 2165 2114
f 2114 2165 2164
f 2117 2165 2115
f 2166 2120 2157
f 2157 2120 2104
f 2166 2157 2106
f 2167 2166 2106
f 2121 2167 2106
f 2168 2166 2167
f 2169 2121 2122
f 2169 2167 2121
f 2170 2122 2123
f 2170 2169 2122
f 2123 2108 2158
f 2123 2158 2170
f 2112 2124 2171
f 2172 2112 2171
f 2163 2112 2172
f 2125 2171 2124
f 2164 2126 2113
f 2164 2165 2173
f 2127 2164 2173
f 2174 2127 2173
f 2164 2127 2126
f 2176 2173 2175
f 2175 2173 2128
f 2173 2165 2128
f 2165 2117 2128
f 2129 2177 2128
f 2128 2177 2175
f 2130 2178 2129
f 2129 2178 2177
f 2120 2166 2130
f 2166 2178 2130
f 2166 2179 2178
f 2166 2168 2180
f 2166 2180 2179
f 2183 2182 2181
f 2185 2184 2181
f 2185 2181 2182
f 2187 2186 2184
f 2187 2184 2185
f 2186 2187 2172
f 2186 2172 2171
f 2132 2186 2171
f 2131 2132 2171
f 2131 2171 2125
f 2174 2134 2127
f 2188 2134 2174
f 2189 2176 2175
f 2137 2190 2136
f 2190 2175 2136
f 2175 2177 2136
f 2190 2189 2175
f 2136 2177 2139
f 2139 2177 2178
f 2139 2178 2140
f 2178 2191 2140
f 2178 2179 2191
f 2179 2180 2192
f 2179 2192 2191
f 2195 2194 2193
f 2193 2194 2183
f 2181 2193 2183
f 2196 2193 2181
f 2143 2196 2142
f 2196 2184 2142
f 2196 2181 2184
f 2142 2184 2144
f 2144 2184 2186
f 2144 2186 2132
f 2188 2197 2134
f 2134 2197 2146
f 2146 2198 2147
f 2197 2198 2146
f 2137 2147 2190
f 2190 2147 2198
f 2191 2149 2140
f 2192 2199 2191
f 2199 2149 2191
f 2199 2151 2149
f 2151 2200 2152
f 2199 2200 2151
f 2152 2201 2153
f 2200 2201 2152
f 2193 2154 2195
f 2154 2201 2195
f 2154 2153 2201
f 2154 2193 2155
f 2155 2193 2196
f 2155 2196 2143
f 2202 2158 2159
f 2160 2203 2159
f 2159 2203 2202
f 2161 2204 2160
f 2160 2204 2203
f 2162 2205 2161
f 2161 2205 2204
f 2163 2205 2162
f 2206 2168 2167
f 2169 2207 2167
f 2167 2207 2206
f 2170 2208 2169
f 2169 2208 2207
f 2158 2202 2170
f 2202 2208 2170
f 2202 2209 2208
f 2210 2202 2203
f 2209 2202 2210
f 2211 2203 2204
f 2210 2203 2211
f 2212 2204 2205
f 2211 2204 2212
f 2172 2212 2163
f 2163 2212 2205
f 2213 2174 2173
f 2176 2213 2173
f 2214 2180 2206
f 2206 2180 2168
f 2215 2206 2207
f 2214 2206 2215
f 2216 2207 2208
f 2215 2207 2216
f 2217 2208 2209
f 2216 2208 2217
f 2183 2217 2182
f 2217 2210 2182
f 2217 2209 2210
f 2182 2210 2185
f 2185 2210 2211
f 2185 2211 2187
f 2187 2211 2212
f 2187 2212 2172
f 2218 2188 2213
f 2213 2188 2174
f 2189 2219 2176
f 2219 2213 2176
f 2219 2218 2213
f 2190 2219 2189
f 2220 2192 2214
f 2214 2192 2180
f 2221 2214 2215
f 2220 2214 2221
f 2222 2215 2216
f 2221 2215 2222
f 2195 2222 2194
f 2222 2217 2194
f 2222 2216 2217
f 2194 2217 2183
f 2218 2197 2188
f 2197 2218 2198
f 2198 2218 2219
f 2198 2219 2190
f 2220 2199 2192
f 2199 2220 2200
f 2200 2220 2221
f 2200 2221 2201
f 2201 2221 2222
f 2201 2222 2195
