v -59.6 -9.0 23.0
v -59.0 -9.0 22.7
v -59.0 -10.0 23.0
v -59.0 -9.2 24.0
v -59.2 -9.0 24.0
v -59.0 -9.0 24.2
v -59.0 -8.7 23.0
v -59.0 -8.1 24.0
v -58.0 -9.0 22.8
v -58.0 -9.9 23.0
v -58.0 -9.4 24.0
v -58.0 -9.0 24.3
v -58.0 -8.7 23.0
v -58.9 -8.0 24.0
v -58.0 -8.0 23.8
v -58.0 -8.0 24.2
v -58.0 -7.8 24.0
v -57.7 -9.0 23.0
v -57.0 -9.0 23.8
v -57.0 -9.2 24.0
v -57.0 -9.0 24.2
v -57.0 -8.0 23.8
v -57.0 -8.3 25.0
v -57.3 -8.0 25.0
v -56.9 -8.0 26.0
v -57.0 -7.8 24.0
v -57.0 -7.7 25.0
v -56.0 -9.0 24.0
v -56.0 -9.0 24.0
v -56.0 -8.9 24.0
v -56.5 -8.0 24.0
v -56.0 -8.0 24.3
v -56.0 -8.5 25.0
v -56.0 -8.3 26.0
v -56.0 -8.0 26.4
v -56.0 -7.0 24.7
v -56.3 -7.0 25.0
v -56.3 -7.0 26.0
v -56.0 -7.0 26.3
v -56.0 -6.8 25.0
v -56.0 -6.7 26.0
v -55.0 -9.0 23.8
v -55.0 -9.3 24.0
v -55.0 -9.0 24.5
v -55.7 -8.0 24.0
v -55.0 -8.0 23.6
v -55.0 -8.8 25.0
v -55.0 -8.5 27.0
v -55.5 -8.0 27.0
v -55.2 -8.0 28.0
v -55.0 -8.0 28.3
v -55.6 -7.0 27.0
v -55.5 -7.0 28.0
v -55.2 -7.0 29.0
v -55.0 -7.0 29.2
v -55.0 -6.5 25.0
v -55.0 -6.4 26.0
v -55.4 -6.0 27.0
v -55.0 -6.0 26.5
v -55.5 -6.0 28.0
v -55.2 -6.0 29.0
v -55.0 -6.0 29.2
v -55.2 -5.0 27.0
v -55.0 -5.0 26.8
v -55.2 -5.0 28.0
v -55.0 -5.7 29.0
v -55.0 -4.8 27.0
v -55.0 -4.8 28.0
v -54.0 -18.0 30.0
v -54.0 -18.2 31.0
v -54.2 -18.0 31.0
v -54.0 -18.0 31.2
v -54.0 -17.9 30.0
v -54.1 -17.0 31.0
v -54.1 -17.0 31.0
v -54.0 -17.0 31.1
v -54.1 -16.0 30.0
v -54.2 -15.0 30.0
v -54.0 -15.0 29.6
v -54.0 -15.0 30.3
v -54.0 -14.0 29.0
v -54.1 -14.0 30.0
v -54.0 -14.0 30.1
v -54.0 -13.9 30.0
v -54.3 -10.0 24.0
v -54.0 -10.0 23.8
v -54.0 -10.2 24.0
v -54.0 -10.4 25.0
v -54.4 -10.0 25.0
v -54.0 -10.5 26.0
v -54.4 -10.0 26.0
v -54.3 -10.0 27.0
v -54.0 -10.0 27.4
v -54.0 -9.0 23.5
v -54.8 -9.0 25.0
v -54.6 -9.0 26.0
v -54.6 -9.0 27.0
v -54.3 -9.0 28.0
v -54.0 -9.0 28.3
v -54.0 -8.0 23.6
v -54.0 -8.0 28.6
v -54.0 -7.4 24.0
v -55.0 -7.0 24.0
v -54.0 -7.0 24.4
v -54.0 -7.5 29.0
v -54.0 -7.0 29.4
v -54.0 -6.6 25.0
v -54.0 -6.1 26.0
v -54.0 -6.0 29.4
v -54.0 -5.0 25.9
v -54.0 -5.4 29.0
v -54.0 -5.0 28.6
v -54.0 -4.9 26.0
v -54.0 -4.5 27.0
v -54.0 -4.6 28.0
v -53.0 -18.0 29.6
v -53.0 -18.4 30.0
v -53.0 -18.4 31.0
v -53.0 -18.0 32.0
v -53.4 -17.0 29.0
v -53.0 -17.4 29.0
v -53.8 -17.0 30.0
v -53.0 -17.0 31.6
v -53.5 -16.0 29.0
v -53.0 -16.0 28.5
v -53.5 -16.0 31.0
v -53.0 -16.0 31.4
v -53.6 -15.0 29.0
v -53.0 -15.0 28.6
v -53.4 -15.0 31.0
v -53.0 -14.0 28.6
v -53.0 -15.0 31.3
v -53.0 -14.0 30.6
v -53.0 -13.6 29.0
v -53.0 -13.5 30.0
v -53.0 -11.2 25.0
v -53.0 -11.0 24.7
v -53.0 -11.4 26.0
v -53.5 -11.0 26.0
v -53.0 -11.4 27.0
v -53.4 -11.0 27.0
v -53.0 -11.3 28.0
v -53.3 -11.0 28.0
v -53.0 -11.0 28.3
v -53.0 -10.3 24.0
v -53.6 -10.0 28.0
v -53.0 -10.0 28.5
v -53.0 -9.0 23.5
v -53.0 -9.0 28.6
v -53.0 -8.0 23.6
v -53.0 -7.5 24.0
v -53.0 -7.0 24.5
v -53.0 -8.0 28.8
v -53.0 -7.0 29.5
v -53.0 -6.5 25.0
v -54.0 -6.0 26.1
v -53.0 -6.0 25.5
v -53.0 -6.0 29.6
v -53.0 -5.0 25.7
v -53.0 -5.0 29.2
v -53.0 -4.7 26.0
v -53.0 -4.5 27.0
v -53.0 -4.5 28.0
v -53.0 -4.8 29.0
v -52.0 -18.0 29.4
v -52.0 -18.4 30.0
v -51.0 -18.5 31.0
v -52.0 -18.2 32.0
v -53.0 -17.0 28.1
v -52.0 -17.0 27.9
v -52.0 -17.7 29.0
v -52.1 -18.0 32.2
v -52.0 -17.0 31.6
v -52.0 -16.9 28.0
v -52.0 -16.0 28.3
v -52.0 -16.0 31.5
v -52.0 -15.0 28.5
v -52.0 -15.0 31.5
v -52.5 -13.0 29.0
v -52.0 -13.0 28.4
v -52.2 -13.0 30.0
v -52.0 -14.0 31.1
v -52.4 -12.0 28.0
v -52.0 -12.0 27.6
v -52.0 -12.5 28.0
v -52.3 -12.0 29.0
v -52.0 -12.0 29.4
v -52.0 -12.9 30.1
v -52.0 -11.3 25.0
v -52.0 -11.6 26.0
v -52.0 -11.6 27.0
v -52.3 -11.0 29.0
v -52.0 -11.0 29.2
v -53.0 -10.0 23.7
v -52.0 -10.0 24.3
v -52.0 -10.0 29.3
v -52.0 -8.9 29.4
v -52.0 -8.0 23.8
v -52.0 -8.0 29.5
v -52.0 -7.0 24.5
v -52.0 -7.0 30.1
v -52.0 -6.5 25.0
v -52.0 -6.0 25.4
v -52.0 -5.0 25.8
v -52.0 -6.0 30.1
v -52.0 -5.0 29.3
v -52.0 -4.6 27.0
v -52.0 -4.6 28.0
v -52.0 -4.8 29.0
v -51.3 -18.0 29.0
v -51.0 -18.2 29.0
v -51.0 -18.6 30.0
v -51.0 -18.3 32.0
v -51.0 -18.0 32.2
v -51.9 -17.0 28.0
v -51.0 -17.0 28.3
v -51.0 -17.7 32.0
v -51.0 -17.0 31.6
v -51.0 -16.2 28.0
v -51.0 -16.0 27.9
v -51.0 -16.0 31.6
v -51.0 -15.0 28.3
v -51.0 -15.0 31.3
v -52.0 -14.0 28.4
v -51.0 -14.0 27.8
v -51.0 -14.5 31.0
v -51.0 -14.0 30.6
v -51.6 -13.0 28.0
v -51.0 -13.0 27.6
v -51.5 -13.0 30.0
v -51.0 -13.0 29.8
v -51.3 -12.0 26.0
v -51.0 -12.0 25.4
v -51.0 -12.2 26.0
v -51.0 -12.0 26.5
v -51.0 -12.0 27.2
v -51.0 -12.0 29.5
v -52.0 -11.0 24.7
v -51.0 -11.8 27.0
v -51.0 -11.0 29.0
v -51.0 -11.0 25.2
v -52.0 -9.0 23.7
v -51.0 -9.0 24.4
v -51.0 -9.0 29.4
v -51.7 -8.0 24.0
v -51.0 -8.0 24.4
v -51.0 -8.0 29.5
v -51.0 -7.0 24.7
v -51.9 -7.0 30.0
v -51.0 -7.0 29.5
v -51.0 -6.0 25.7
v -51.0 -6.0 29.3
v -52.0 -4.8 26.0
v -51.4 -5.0 27.0
v -51.0 -5.3 27.0
v -51.5 -5.0 28.0
v -51.0 -5.5 28.0
v -51.7 -5.0 29.0
v -51.0 -5.7 29.0
v -50.1 -19.0 30.0
v -50.0 -19.0 29.7
v -50.0 -19.1 30.0
v -50.0 -19.1 32.0
v -50.0 -19.0 32.1
v -51.0 -18.0 28.9
v -50.0 -17.9 29.1
v -50.0 -18.8 31.0
v -50.0 -18.0 32.4
v -50.0 -17.0 28.5
v -50.0 -17.2 32.0
v -50.0 -17.0 31.9
v -50.0 -16.0 27.7
v -50.0 -16.4 28.0
v -50.1 -16.0 32.0
v -50.0 -15.1 28.0
v -50.0 -16.0 32.1
v -50.0 -14.0 27.5
v -50.0 -14.0 30.6
v -50.0 -13.0 30.3
v -50.0 -12.0 25.7
v -50.0 -12.3 26.0
v -50.0 -12.0 27.0
v -50.0 -12.0 29.9
v -50.0 -11.0 25.5
v -50.0 -11.5 30.0
v -50.0 -11.0 30.1
v -51.0 -10.0 24.7
v -51.0 -10.0 28.9
v -50.0 -10.0 29.6
v -50.0 -10.0 25.3
v -50.0 -9.0 29.4
v -50.0 -8.0 29.2
v -50.0 -7.7 25.0
v -50.7 -7.0 25.0
v -50.2 -7.0 26.0
v -50.0 -7.2 26.0
v -50.0 -7.0 26.2
v -50.2 -7.0 28.0
v -50.0 -7.0 27.7
v -50.5 -7.0 29.0
v -50.0 -7.7 29.0
v -50.6 -6.0 26.0
v -50.0 -6.0 26.6
v -50.5 -6.0 28.0
v -50.0 -6.0 27.5
v -50.8 -6.0 29.0
v -50.0 -5.0 26.8
v -50.3 -5.0 27.0
v -50.0 -5.0 27.2
v -50.0 -4.6 27.0
v -49.7 -19.0 30.0
v -49.7 -19.0 31.0
v -49.0 -19.3 31.0
v -49.0 -19.4 32.0
v -49.0 -19.0 32.4
v -49.0 -18.0 29.4
v -49.0 -18.8 30.0
v -49.0 -18.0 32.6
v -49.0 -17.0 28.5
v -49.0 -17.6 29.0
v -49.0 -17.0 32.4
v -49.0 -16.0 27.6
v -49.0 -16.5 28.0
v -49.0 -16.0 32.4
v -49.0 -15.0 27.0
v -50.0 -15.0 28.0
v -50.0 -15.0 30.9
v -49.0 -15.0 31.6
v -49.0 -15.4 32.0
v -49.3 -14.0 27.0
v -49.0 -14.0 26.8
v -49.0 -14.0 31.3
v -50.0 -12.9 27.3
v -49.0 -13.0 26.5
v -49.0 -13.0 30.8
v -49.0 -12.3 26.0
v -49.9 -12.0 30.0
v -49.0 -12.4 31.0
v -49.0 -12.0 31.1
v -49.0 -11.0 25.6
v -49.0 -11.8 31.0
v -49.0 -11.0 30.7
v -49.0 -10.0 25.5
v -49.4 -10.0 30.0
v -49.0 -10.0 30.3
v -50.0 -9.0 24.7
v -49.0 -9.0 25.3
v -49.3 -9.0 29.0
v -49.0 -9.2 29.0
v -49.0 -9.7 30.0
v -50.0 -8.0 24.8
v -49.0 -8.0 25.3
v -49.3 -8.0 28.0
v -49.0 -8.0 27.8
v -49.7 -8.0 29.0
v -49.0 -7.3 26.0
v -49.0 -7.0 26.3
v -49.0 -7.0 27.4
v -49.0 -6.0 26.5
v -49.0 -6.0 27.4
v -49.0 -5.0 26.7
v -49.0 -5.0 27.2
v -49.0 -4.8 27.0
v -48.1 -20.0 32.0
v -48.0 -20.0 31.8
v -48.0 -20.5 32.0
v -48.0 -20.0 32.1
v -48.8 -19.0 30.1
v -48.0 -19.4 30.0
v -48.0 -19.7 31.0
v -48.0 -19.0 32.5
v -47.9 -18.0 29.3
v -48.0 -18.0 33.1
v -48.0 -17.0 28.5
v -48.0 -17.0 32.6
v -48.0 -16.0 27.7
v -48.0 -16.0 32.6
v -48.0 -15.0 27.4
v -48.0 -15.0 32.4
v -48.0 -14.0 27.3
v -48.0 -14.0 31.7
v -48.0 -13.0 26.7
v -48.8 -13.0 31.0
v -48.0 -13.0 31.5
v -49.0 -12.0 25.8
v -48.0 -12.0 26.4
v -48.0 -12.0 31.6
v -48.0 -11.0 26.3
v -48.0 -11.0 31.3
v -48.0 -10.0 25.5
v -48.0 -10.6 31.0
v -48.0 -10.0 30.4
v -48.0 -9.0 24.9
v -48.0 -9.0 28.7
v -48.0 -9.6 30.0
v -48.4 -8.0 25.0
v -48.0 -8.0 24.8
v -48.0 -8.0 27.9
v -48.2 -7.0 25.0
v -48.8 -7.0 26.0
v -48.0 -7.0 27.6
v -48.0 -6.2 25.0
v -48.5 -6.0 26.0
v -48.0 -6.0 25.1
v -48.0 -6.0 27.4
v -48.0 -5.0 26.0
v -48.0 -5.0 27.1
v -48.0 -4.9 27.0
v -47.5 -21.0 32.0
v -47.0 -21.0 31.8
v -47.0 -21.1 32.0
v -47.0 -21.0 32.1
v -47.4 -20.0 31.0
v -47.0 -20.5 31.0
v -47.0 -20.0 32.1
v -48.0 -19.0 29.0
v -47.0 -19.0 29.0
v -47.0 -19.7 30.0
v -47.0 -19.0 32.7
v -47.0 -18.6 33.0
v -47.0 -18.0 33.4
v -47.0 -17.0 28.6
v -47.0 -18.0 29.3
v -47.0 -16.0 28.3
v -47.0 -17.0 32.9
v -47.2 -16.0 33.0
v -47.0 -16.0 33.2
v -47.0 -15.0 33.2
v -47.0 -14.7 33.0
v -47.0 -13.0 27.3
v -47.5 -13.0 32.0
v -47.0 -14.0 32.5
v -47.0 -12.0 26.7
v -47.0 -12.0 32.3
v -47.0 -11.0 26.5
v -47.0 -11.0 31.5
v -47.0 -10.3 26.0
v -47.0 -10.5 31.0
v -47.0 -10.0 30.5
v -47.0 -9.0 25.5
v -47.4 -9.3 29.0
v -47.0 -9.0 28.7
v -47.0 -9.6 30.0
v -47.0 -8.0 28.5
v -48.0 -7.0 24.8
v -47.3 -7.0 28.0
v -47.0 -7.0 28.2
v -47.6 -6.0 26.0
v -47.0 -6.6 26.0
v -47.5 -6.0 27.0
v -47.0 -6.4 27.0
v -47.0 -6.8 28.0
v -47.9 -5.0 27.0
v -46.1 -22.0 30.0
v -46.0 -22.0 29.9
v -46.0 -22.3 30.0
v -46.0 -22.2 31.0
v -46.2 -22.0 31.0
v -46.0 -22.0 31.3
v -46.2 -21.0 30.0
v -46.7 -21.0 31.0
v -46.0 -21.5 32.0
v -46.0 -21.3 33.0
v -46.3 -21.0 33.0
v -46.6 -20.0 30.0
v -46.0 -20.0 29.6
v -46.5 -20.0 33.0
v -46.4 -20.0 34.0
v -46.0 -19.0 29.5
v -46.8 -19.0 33.0
v -46.4 -19.0 34.0
v -46.0 -19.0 34.6
v -46.0 -20.0 35.0
v -46.0 -18.0 29.5
v -46.4 -18.0 34.0
v -46.0 -18.0 34.4
v -46.0 -17.0 28.7
v -46.0 -17.0 33.5
v -46.1 -15.1 28.3
v -46.0 -16.0 33.1
v -47.0 -15.0 27.7
v -46.0 -15.0 33.3
v -46.0 -14.0 27.7
v -46.0 -14.0 32.8
v -46.0 -12.0 27.5
v -46.0 -12.0 32.5
v -46.0 -11.0 27.3
v -46.0 -11.5 32.0
v -46.0 -11.0 31.5
v -47.0 -10.0 25.7
v -45.8 -10.0 26.8
v -46.0 -10.4 31.0
v -46.0 -10.0 30.4
v -46.0 -9.4 29.0
v -46.0 -9.0 28.6
v -46.0 -9.7 30.0
v -47.0 -8.0 25.5
v -46.0 -8.0 28.5
v -47.0 -7.0 25.7
v -46.0 -7.0 28.2
v -46.0 -6.8 27.0
v -46.0 -6.8 28.0
v -45.8 -22.0 30.0
v -45.0 -22.0 30.6
v -45.0 -22.3 31.0
v -46.0 -21.0 29.8
v -45.0 -21.8 32.0
v -45.0 -21.6 33.0
v -45.0 -21.4 34.0
v -46.0 -20.5 34.0
v -45.0 -21.0 34.6
v -45.0 -21.0 30.2
v -45.0 -20.6 35.0
v -45.0 -20.0 35.5
v -45.0 -19.0 30.3
v -45.6 -19.0 35.0
v -45.0 -18.0 30.3
v -45.0 -17.0 29.4
v -45.0 -17.7 30.0
v -45.0 -17.0 34.4
v -45.0 -18.0 35.2
v -45.0 -15.0 28.6
v -45.0 -16.0 33.7
v -45.0 -14.0 28.4
v -45.0 -14.0 33.5
v -45.0 -13.0 28.4
v -45.0 -13.0 33.4
v -45.0 -12.0 28.3
v -45.0 -12.0 33.2
v -45.0 -11.0 27.7
v -45.0 -11.3 32.0
v -45.0 -11.0 31.7
v -45.0 -11.8 33.0
v -45.6 -10.0 27.0
v -45.0 -10.0 27.7
v -45.0 -10.1 29.0
v -45.0 -10.0 28.7
v -45.0 -10.3 30.0
v -45.0 -10.1 31.0
v -45.5 -9.0 27.0
v -45.0 -9.0 27.7
v -45.0 -9.0 28.2
v -45.5 -8.0 27.0
v -45.8 -7.0 27.0
v -45.8 -7.0 28.0
v -44.2 -23.0 33.0
v -44.0 -23.2 33.0
v -44.3 -23.0 34.0
v -44.0 -22.0 30.6
v -44.0 -22.3 31.0
v -44.0 -22.5 32.0
v -44.7 -22.0 32.0
v -44.6 -22.0 33.0
v -44.5 -22.0 34.0
v -43.9 -22.0 35.0
v -44.1 -23.0 35.0
v -44.0 -21.0 30.0
v -44.0 -21.7 35.0
v -44.0 -21.0 35.5
v -45.0 -20.0 29.8
v -44.0 -20.0 30.4
v -44.0 -20.4 36.0
v -44.0 -20.0 36.3
v -44.0 -19.0 30.6
v -45.0 -19.0 35.5
v -44.0 -18.0 30.9
v -44.0 -19.0 36.2
v -44.0 -18.0 35.5
v -44.0 -17.3 30.0
v -43.9 -17.0 34.8
v -45.0 -16.0 28.7
v -44.0 -16.0 29.5
v -44.7 -16.0 34.0
v -44.0 -16.3 35.0
v -44.0 -16.0 35.1
v -44.0 -15.0 29.3
v -44.5 -15.0 34.0
v -44.0 -15.0 34.7
v -44.0 -14.0 34.3
v -44.0 -12.9 28.6
v -44.3 -14.0 34.1
v -44.0 -13.0 33.7
v -44.0 -12.0 33.5
v -44.7 -11.0 28.0
v -44.0 -11.0 28.6
v -44.4 -11.0 32.0
v -44.0 -11.4 33.0
v -44.7 -10.0 28.0
v -44.0 -10.3 29.0
v -44.0 -10.5 30.0
v -44.0 -10.7 32.0
v -44.8 -9.0 28.0
v -45.0 -8.0 28.0
v -43.0 -23.0 32.4
v -43.0 -23.4 33.0
v -44.0 -23.3 34.0
v -43.0 -23.5 35.0
v -43.0 -23.2 36.0
v -43.3 -23.0 36.0
v -43.0 -22.0 30.8
v -43.0 -22.2 31.0
v -43.0 -22.7 32.0
v -43.4 -22.0 36.0
v -43.0 -23.0 36.3
v -43.0 -21.0 30.5
v -43.6 -21.0 36.0
v -43.0 -21.0 36.5
v -43.0 -20.0 30.7
v -43.0 -20.1 36.6
v -43.0 -19.0 31.1
v -43.0 -19.0 31.2
v -43.0 -19.0 36.5
v -43.0 -18.0 30.7
v -43.0 -18.7 31.0
v -43.0 -18.3 36.0
v -43.0 -18.0 35.7
v -44.0 -17.0 29.8
v -43.0 -17.0 30.4
v -43.0 -16.0 30.2
v -43.0 -16.0 30.3
v -43.0 -17.0 35.0
v -43.0 -15.6 36.0
v -43.0 -15.0 29.6
v -43.8 -15.0 35.0
v -43.7 -15.0 36.0
v -43.0 -15.0 36.3
v -44.0 -14.0 28.7
v -43.0 -14.0 29.4
v -43.0 -14.0 34.9
v -43.0 -14.0 36.0
v -43.5 -13.0 29.0
v -43.0 -13.0 29.4
v -43.6 -13.0 34.0
v -43.0 -13.0 34.5
v -43.5 -12.0 29.0
v -43.0 -12.0 29.5
v -43.5 -12.0 34.0
v -43.0 -12.0 34.4
v -43.7 -11.0 29.0
v -43.0 -11.5 30.0
v -43.5 -11.0 30.0
v -44.0 -10.5 31.0
v -43.0 -11.3 31.0
v -43.0 -11.0 31.6
v -43.4 -11.0 33.0
v -43.2 -11.0 34.0
v -43.0 -11.0 34.2
v -43.0 -10.8 32.0
v -43.0 -10.7 33.0
v -43.0 -10.9 34.0
v -42.0 -24.1 35.0
v -42.5 -23.0 32.0
v -42.0 -23.0 31.7
v -42.0 -23.3 32.0
v -42.0 -23.6 33.0
v -42.0 -23.7 34.0
v -42.0 -23.7 36.0
v -42.7 -22.0 31.0
v -42.0 -22.0 31.4
v -42.0 -23.0 37.1
v -42.5 -21.0 31.0
v -42.0 -21.0 31.4
v -42.0 -22.0 36.8
v -42.0 -21.0 37.3
v -42.6 -20.0 31.0
v -42.0 -20.0 31.4
v -42.0 -20.0 37.4
v -42.0 -19.0 31.4
v -42.5 -19.0 37.0
v -42.0 -19.0 37.4
v -42.0 -18.0 30.6
v -42.0 -18.5 31.0
v -42.8 -18.0 36.0
v -42.4 -18.0 37.0
v -42.0 -18.0 37.5
v -42.0 -17.0 30.5
v -42.5 -17.0 36.0
v -42.4 -17.0 37.0
v -42.0 -17.0 37.5
v -42.0 -16.0 30.4
v -42.7 -16.0 36.0
v -42.4 -16.0 37.0
v -42.0 -16.0 37.7
v -42.0 -15.3 30.0
v -42.0 -15.6 37.0
v -42.0 -15.0 36.6
v -42.0 -14.0 29.6
v -43.0 -14.1 35.0
v -42.0 -14.0 36.4
v -42.0 -13.0 29.6
v -42.0 -13.0 34.9
v -42.0 -13.6 36.0
v -42.0 -12.0 34.9
v -42.0 -11.8 30.0
v -42.0 -11.6 31.0
v -42.7 -11.0 32.0
v -42.0 -11.7 32.0
v -42.5 -11.0 33.0
v -42.0 -11.3 33.0
v -42.0 -10.9 34.0
v -42.0 -11.0 34.1
v -41.0 -24.3 33.0
v -41.0 -24.0 32.7
v -41.0 -24.5 34.0
v -41.0 -24.5 35.0
v -41.0 -24.3 36.0
v -41.4 -24.0 36.1
v -41.1 -24.0 38.0
v -41.0 -24.1 38.0
v -40.9 -24.0 39.0
v -41.0 -23.3 32.0
v -41.0 -23.7 37.0
v -41.0 -23.8 38.0
v -41.0 -23.0 37.7
v -41.0 -22.0 31.6
v -41.0 -22.0 37.6
v -41.0 -21.0 31.5
v -41.0 -21.0 37.6
v -41.0 -20.0 31.5
v -41.0 -20.0 37.5
v -41.0 -19.0 31.4
v -41.0 -19.0 37.6
v -41.0 -18.3 31.0
v -41.0 -18.4 38.0
v -41.4 -18.0 38.0
v -41.0 -18.0 38.3
v -41.0 -17.0 30.6
v -41.5 -17.0 38.0
v -41.0 -17.0 38.3
v -41.0 -16.0 30.6
v -41.0 -16.4 38.0
v -41.0 -16.0 37.7
v -42.0 -15.0 29.8
v -41.0 -15.0 30.5
v -41.0 -15.4 37.0
v -41.0 -15.0 36.6
v -41.5 -14.0 30.0
v -41.0 -14.0 30.5
v -41.0 -14.0 36.5
v -41.5 -13.0 30.0
v -42.0 -13.1 35.0
v -41.0 -13.0 36.1
v -42.0 -12.0 29.8
v -41.0 -12.3 35.0
v -41.0 -12.0 34.0
v -41.0 -12.9 36.0
v -41.0 -11.7 31.0
v -41.0 -11.1 32.0
v -41.0 -11.4 33.0
v -41.9 -11.0 34.0
v -41.0 -12.0 34.0
v -40.0 -25.1 34.0
v -40.0 -24.0 32.6
v -40.0 -24.4 33.0
v -40.0 -24.6 36.0
v -40.0 -24.4 37.0
v -40.7 -24.0 37.0
v -40.0 -24.5 38.0
v -40.0 -24.3 39.0
v -40.0 -24.0 39.4
v -41.0 -23.0 31.8
v -40.0 -23.0 32.4
v -40.7 -23.0 38.0
v -40.4 -23.0 39.0
v -40.0 -23.0 39.4
v -40.0 -22.0 32.3
v -40.5 -22.0 38.0
v -40.0 -22.0 38.7
v -40.0 -21.0 31.7
v -40.4 -21.0 38.0
v -40.0 -21.0 38.7
v -40.0 -20.0 31.5
v -40.0 -20.5 38.0
v -40.0 -20.0 37.7
v -40.0 -19.0 31.5
v -40.0 -19.0 37.8
v -41.0 -18.0 30.8
v -40.0 -18.0 31.5
v -40.0 -18.8 38.0
v -40.0 -18.1 39.0
v -40.5 -17.0 31.0
v -40.0 -17.0 31.5
v -40.0 -18.0 39.1
v -40.0 -17.0 38.7
v -40.6 -15.6 30.9
v -40.1 -16.0 38.2
v -40.0 -15.4 37.0
v -40.0 -15.0 36.6
v -40.0 -15.8 38.0
v -40.5 -13.0 31.0
v -40.0 -14.0 31.4
v -40.0 -14.0 36.4
v -40.0 -13.0 31.4
v -40.5 -13.0 36.0
v -40.0 -13.0 35.9
v -40.7 -12.0 31.0
v -40.0 -12.0 31.6
v -40.7 -12.0 35.0
v -40.0 -12.4 36.0
v -40.1 -12.0 36.0
v -40.0 -11.6 32.0
v -40.0 -10.9 33.0
v -40.4 -11.0 34.0
v -40.3 -11.0 35.0
v -40.0 -11.0 35.3
v -40.0 -12.0 36.1
v -40.0 -10.7 34.0
v -40.0 -10.8 35.0
v -39.8 -27.0 47.0
v -39.0 -27.0 46.8
v -39.0 -27.2 47.0
v -39.0 -27.0 47.5
v -39.0 -26.0 46.0
v -39.0 -26.1 46.0
v -39.9 -26.0 47.0
v -39.0 -26.0 47.5
v -39.0 -25.2 34.0
v -39.0 -25.4 35.0
v -40.0 -24.7 35.0
v -39.0 -25.1 36.0
v -39.0 -25.9 46.0
v -39.0 -25.5 47.0
v -39.0 -24.0 32.6
v -39.0 -24.4 33.0
v -39.0 -24.7 37.0
v -39.0 -24.6 38.0
v -39.0 -24.6 39.0
v -39.0 -24.2 40.0
v -39.3 -24.0 40.0
v -39.0 -24.0 40.2
v -39.0 -23.0 32.5
v -39.5 -23.0 40.0
v -39.0 -23.0 40.5
v -39.0 -22.0 32.5
v -39.7 -22.0 39.0
v -39.3 -22.0 40.0
v -39.0 -22.0 40.3
v -39.0 -20.8 32.0
v -39.0 -21.0 32.2
v -39.0 -21.3 39.0
v -39.0 -21.0 38.4
v -39.0 -21.7 40.0
v -39.0 -20.0 31.6
v -39.6 -20.0 38.0
v -39.0 -20.0 38.5
v -39.0 -19.0 31.7
v -39.0 -19.0 38.7
v -39.3 -18.0 32.1
v -39.0 -18.6 39.0
v -39.0 -18.0 39.3
v -38.5 -17.0 33.0
v -39.5 -16.0 32.0
v -39.0 -16.0 38.4
v -40.0 -15.0 31.5
v -39.0 -15.0 32.3
v -39.0 -15.2 37.0
v -39.0 -15.0 36.7
v -39.0 -15.6 38.0
v -39.0 -14.0 31.7
v -38.6 -14.0 32.0
v -39.0 -14.0 36.3
v -39.0 -13.0 31.7
v -39.0 -13.0 35.7
v -39.2 -12.3 32.0
v -39.0 -12.0 32.5
v -39.0 -12.4 36.0
v -39.0 -12.0 36.2
v -39.8 -11.0 33.0
v -39.0 -11.5 33.0
v -39.0 -11.0 33.6
v -39.0 -10.8 34.0
v -39.0 -10.7 35.0
v -39.0 -11.0 36.0
v -38.7 -27.0 47.0
v -38.0 -26.0 45.6
v -38.0 -26.4 46.0
v -38.0 -26.7 47.0
v -38.0 -26.5 48.0
v -38.5 -26.0 48.0
v -38.0 -26.0 48.4
v -38.0 -24.7 34.0
v -38.3 -25.0 37.0
v -38.0 -25.4 38.0
v -38.5 -25.0 38.0
v -38.4 -25.0 39.0
v -38.0 -25.4 39.0
v -38.2 -25.0 45.0
v -38.0 -25.0 44.8
v -38.6 -25.0 46.0
v -38.6 -25.0 47.0
v -38.3 -25.0 48.0
v -38.0 -25.0 48.3
v -38.0 -24.0 32.6
v -38.0 -24.4 33.0
v -38.0 -24.8 36.0
v -38.0 -24.6 40.0
v -38.0 -24.0 40.6
v -38.2 -24.0 45.0
v -38.0 -24.0 44.8
v -38.3 -24.0 46.0
v -38.2 -24.0 47.0
v -38.0 -24.7 48.0
v -38.0 -23.0 32.5
v -38.0 -23.0 41.1
v -38.0 -23.8 45.0
v -38.0 -23.7 46.0
v -38.0 -23.8 47.0
v -38.0 -22.0 32.5
v -38.2 -22.0 41.0
v -38.0 -22.0 41.2
v -38.0 -21.0 31.9
v -38.7 -21.0 39.0
v -38.0 -21.0 39.8
v -38.0 -21.5 41.0
v -38.0 -20.0 31.8
v -38.5 -20.0 39.0
v -38.0 -20.0 39.4
v -38.0 -19.6 32.1
v -39.0 -18.5 32.0
v -38.5 -19.0 39.0
v -38.0 -19.0 39.3
v -38.0 -18.5 33.0
v -38.1 -18.0 33.3
v -38.0 -18.0 39.3
v -39.0 -17.0 39.1
v -38.0 -17.0 38.8
v -39.0 -16.0 32.5
v -38.0 -16.0 33.3
v -38.0 -16.0 38.4
v -38.0 -15.0 32.7
v -38.5 -15.0 37.0
v -38.0 -15.5 38.0
v -38.0 -14.0 32.6
v -38.0 -14.0 35.7
v -38.0 -14.3 36.0
v -38.0 -14.7 37.0
v -38.7 -13.0 32.0
v -38.1 -13.0 34.0
v -38.0 -13.0 33.6
v -38.0 -13.0 35.3
v -38.6 -12.0 33.0
v -38.4 -12.0 34.0
v -38.7 -12.0 36.0
v -38.0 -12.0 35.1
v -38.8 -11.0 34.0
v -38.6 -11.0 35.0
v -37.0 -31.3 42.0
v -37.3 -31.0 42.0
v -37.3 -30.0 41.0
v -37.0 -30.0 40.7
v -37.3 -30.0 42.0
v -37.0 -30.0 42.4
v -37.0 -31.0 43.0
v -37.1 -29.0 41.0
v -37.0 -29.0 40.9
v -37.5 -27.0 47.0
v -37.0 -27.0 46.5
v -37.0 -27.3 47.0
v -37.0 -27.3 48.0
v -37.4 -27.0 48.0
v -37.0 -27.0 48.5
v -37.0 -26.1 39.0
v -37.0 -26.0 38.2
v -37.0 -26.0 45.3
v -37.0 -26.7 46.0
v -37.0 -26.6 49.0
v -37.5 -26.0 49.0
v -38.0 -25.2 35.0
v -38.0 -25.2 37.0
v -37.0 -25.0 37.4
v -37.0 -26.0 38.0
v -37.0 -25.4 40.0
v -37.0 -25.0 40.4
v -37.0 -25.0 44.6
v -37.0 -25.6 45.0
v -37.3 -25.0 49.0
v -37.0 -25.0 49.4
v -37.0 -26.0 50.0
v -37.0 -24.0 32.8
v -37.0 -24.2 33.0
v -37.0 -24.4 34.0
v -37.0 -24.5 35.0
v -37.0 -24.5 36.0
v -37.0 -24.7 37.0
v -37.0 -24.0 41.1
v -37.0 -24.0 44.7
v -37.0 -24.3 48.0
v -36.9 -24.0 47.6
v -37.0 -24.7 49.0
v -37.0 -23.0 32.8
v -37.0 -23.0 40.7
v -37.0 -23.8 41.0
v -37.0 -23.7 45.0
v -37.0 -23.5 46.0
v -37.0 -23.6 47.0
v -37.4 -22.0 33.0
v -37.0 -22.0 33.4
v -37.7 -22.0 41.0
v -37.0 -22.0 40.6
v -37.9 -21.0 32.0
v -37.4 -21.0 33.0
v -37.0 -21.0 33.6
v -38.0 -21.2 40.0
v -37.0 -21.0 40.4
v -37.8 -20.0 32.0
v -37.5 -20.0 33.0
v -37.3 -20.0 34.0
v -37.0 -20.6 40.0
v -37.0 -20.0 39.4
v -37.7 -19.0 33.0
v -37.4 -19.0 34.0
v -37.0 -19.0 34.5
v -37.0 -19.4 39.0
v -37.0 -19.0 38.7
v -37.5 -18.0 34.0
v -37.0 -18.0 34.5
v -37.0 -18.0 38.7
v -38.0 -17.0 33.5
v -37.0 -17.0 34.3
v -37.0 -17.0 39.2
v -37.0 -16.0 33.7
v -36.6 -16.0 34.0
v -37.0 -16.0 38.6
v -37.6 -15.0 33.0
v -37.0 -15.0 33.5
v -37.0 -15.5 38.0
v -37.6 -14.0 33.0
v -37.0 -14.0 33.7
v -37.0 -14.4 36.0
v -37.0 -14.0 35.4
v -36.9 -14.6 37.1
v -37.9 -13.0 33.0
v -37.0 -13.8 34.0
v -37.7 -13.0 35.0
v -37.0 -13.7 35.0
v -37.9 -12.0 35.0
v -36.1 -34.0 44.0
v -36.1 -34.0 44.0
v -36.1 -34.0 45.0
v -36.1 -34.0 45.0
v -36.1 -34.0 47.0
v -36.0 -34.0 47.1
v -36.1 -33.0 47.0
v -36.1 -33.0 47.0
v -36.0 -32.0 51.0
v -36.0 -32.2 52.0
v -36.2 -32.0 52.0
v -36.0 -32.0 52.9
v -37.0 -31.0 41.0
v -36.0 -31.0 41.4
v -36.0 -31.4 42.0
v -36.0 -31.5 43.0
v -36.0 -31.0 43.5
v -36.0 -31.8 52.0
v -36.0 -30.0 40.6
v -36.0 -30.6 41.0
v -36.6 -30.0 43.0
v -36.0 -30.0 43.5
v -36.0 -29.0 40.5
v -36.7 -29.0 42.0
v -36.3 -29.0 43.0
v -36.0 -29.0 43.4
v -36.5 -28.0 41.0
v -36.0 -28.0 40.5
v -36.2 -28.1 46.0
v -35.9 -28.0 47.0
v -36.1 -28.0 49.0
v -36.1 -28.1 49.0
v -36.0 -27.0 40.8
v -36.0 -27.0 41.2
v -36.3 -27.9 42.0
v -36.3 -27.0 45.0
v -36.0 -27.0 44.6
v -35.7 -28.0 45.0
v -36.7 -27.0 46.0
v -36.0 -27.8 48.0
v -36.6 -27.0 49.0
v -36.0 -27.0 49.7
v -36.2 -26.0 40.0
v -36.0 -26.0 39.7
v -36.0 -26.2 40.0
v -36.1 -26.9 41.0
v -36.0 -26.0 40.3
v -36.6 -26.0 45.0
v -36.0 -26.0 44.5
v -36.0 -26.6 50.0
v -36.0 -26.0 50.4
v -36.0 -25.0 38.3
v -36.0 -25.6 39.0
v -36.0 -25.0 40.7
v -36.0 -25.0 44.4
v -36.4 -25.0 50.0
v -36.0 -25.0 50.2
v -36.8 -24.0 33.0
v -36.6 -24.0 34.0
v -35.9 -24.0 35.0
v -36.2 -24.0 36.0
v -36.0 -24.0 35.3
v -36.0 -24.0 36.2
v -36.0 -24.4 37.0
v -36.0 -24.8 38.0
v -36.0 -24.5 41.0
v -36.0 -24.0 44.6
v -36.0 -24.3 49.0
v -36.0 -24.7 50.0
v -36.8 -23.0 33.0
v -36.4 -23.0 34.0
v -36.0 -23.0 34.6
v -36.0 -23.8 36.0
v -36.0 -24.0 41.3
v -36.0 -23.0 40.8
v -36.0 -23.5 45.0
v -36.0 -23.4 46.0
v -36.0 -23.4 47.0
v -36.0 -23.6 48.0
v -36.6 -22.0 34.0
v -36.1 -22.0 35.2
v -36.3 -22.0 35.0
v -36.0 -22.0 40.6
v -36.7 -21.0 34.0
v -36.4 -21.0 35.0
v -36.0 -21.0 35.5
v -36.0 -21.0 40.5
v -36.5 -20.0 35.0
v -36.0 -20.0 35.5
v -36.0 -20.0 39.0
v -36.0 -20.5 40.0
v -36.5 -19.0 35.0
v -36.0 -19.0 35.5
v -36.0 -19.0 38.7
v -36.0 -18.0 35.3
v -36.0 -18.0 38.8
v -36.0 -17.7 39.0
v -36.0 -17.0 39.5
v -36.0 -16.0 34.5
v -36.0 -16.0 39.3
v -36.5 -15.0 34.0
v -36.0 -15.3 38.0
v -36.0 -15.0 37.6
v -36.0 -15.7 39.0
v -36.8 -14.0 34.0
v -36.0 -14.7 35.0
v -36.7 -14.0 35.0
v -36.0 -14.5 36.0
v -36.0 -14.6 37.0
v -35.1 -36.0 44.0
v -35.0 -36.0 43.9
v -35.0 -36.1 44.0
v -35.0 -36.2 45.0
v -35.2 -36.0 45.0
v -35.5 -35.0 44.0
v -35.0 -35.0 43.5
v -35.6 -35.0 45.0
v -35.0 -36.0 46.0
v -35.4 -35.0 46.0
v -35.2 -35.0 47.0
v -35.0 -35.1 47.0
v -35.2 -34.0 42.0
v -35.0 -34.0 41.8
v -35.0 -34.2 42.0
v -35.0 -34.5 43.0
v -35.4 -34.0 43.0
v -35.7 -34.0 46.0
v -35.0 -34.6 48.0
v -35.5 -34.0 48.0
v -35.0 -34.2 49.0
v -35.2 -34.0 49.0
v -35.0 -34.0 49.2
v -35.2 -33.0 42.0
v -35.0 -33.0 41.7
v -35.5 -33.0 43.0
v -35.6 -33.0 44.0
v -35.6 -33.0 45.0
v -35.6 -33.0 46.0
v -35.6 -33.0 48.0
v -35.4 -33.0 49.0
v -35.0 -33.0 49.6
v -35.1 -33.0 51.0
v -35.0 -33.2 52.0
v -35.3 -33.0 52.0
v -35.0 -33.0 52.3
v -35.0 -32.6 42.0
v -35.4 -32.0 43.0
v -35.0 -32.0 42.5
v -35.5 -32.0 44.0
v -35.5 -32.0 46.0
v -35.6 -32.0 47.0
v -35.5 -32.0 49.0
v -35.0 -32.6 50.0
v -35.4 -32.0 50.0
v -35.0 -32.4 53.0
v -35.0 -32.0 54.0
v -35.0 -31.5 42.0
v -35.6 -31.0 44.0
v -35.5 -31.0 45.0
v -35.5 -31.0 46.0
v -35.5 -31.0 47.0
v -35.6 -31.0 48.0
v -35.5 -31.0 49.0
v -35.4 -31.0 50.0
v -35.0 -31.4 51.0
v -35.0 -31.0 50.6
v -35.0 -31.4 52.0
v -35.0 -31.6 53.0
v -35.0 -30.0 40.7
v -35.0 -30.3 41.0
v -35.6 -30.0 44.0
v -35.5 -30.0 45.0
v -35.5 -30.0 46.0
v -35.7 -30.0 47.0
v -36.0 -30.0 48.0
v -35.6 -30.0 49.0
v -35.4 -30.0 50.0
v -35.0 -29.0 40.3
v -35.6 -29.0 44.0
v -35.5 -29.0 45.0
v -35.7 -29.0 46.0
v -36.0 -29.0 47.0
v -35.7 -29.0 48.0
v -35.6 -29.0 49.0
v -35.5 -29.0 50.0
v -35.0 -30.0 50.6
v -35.3 -29.0 51.0
v -35.0 -29.0 51.5
v -35.0 -28.0 39.9
v -35.7 -28.0 43.0
v -35.5 -28.0 44.0
v -35.8 -28.0 48.0
v -35.6 -28.0 50.0
v -35.5 -28.0 51.0
v -35.0 -28.0 52.0
v -35.0 -27.0 40.2
v -35.6 -27.0 42.0
v -35.4 -27.0 43.0
v -35.6 -27.0 44.0
v -35.7 -27.0 50.0
v -35.3 -27.0 51.0
v -35.0 -26.0 39.5
v -35.0 -26.8 40.0
v -35.6 -26.0 41.0
v -34.8 -26.0 42.0
v -35.0 -26.3 42.0
v -35.0 -26.3 43.0
v -35.5 -26.0 44.0
v -35.0 -26.0 43.3
v -35.0 -26.7 51.0
v -35.0 -26.0 50.6
v -35.0 -25.0 38.5
v -35.0 -25.5 39.0
v -35.0 -25.0 41.6
v -35.4 -25.0 44.0
v -35.0 -25.0 43.6
v -35.0 -25.0 50.4
v -35.0 -24.0 36.6
v -35.0 -24.3 37.0
v -35.0 -24.6 38.0
v -35.0 -24.0 41.6
v -35.0 -24.5 44.0
v -35.0 -24.0 44.3
v -35.7 -24.0 49.0
v -35.0 -24.0 49.6
v -35.0 -24.4 50.0
v -35.7 -23.0 35.0
v -35.0 -23.4 36.0
v -35.0 -23.0 35.7
v -35.7 -23.0 41.0
v -35.0 -23.0 41.5
v -35.5 -23.0 45.0
v -35.0 -23.0 44.4
v -35.6 -23.0 46.0
v -35.5 -23.0 47.0
v -35.5 -23.0 48.0
v -35.2 -23.0 49.0
v -35.0 -23.0 49.2
v -35.0 -22.5 36.0
v -35.0 -22.0 36.2
v -35.6 -22.0 41.0
v -35.0 -22.0 41.7
v -35.3 -22.0 44.0
v -35.0 -22.4 44.0
v -35.5 -22.0 45.0
v -35.4 -22.0 46.0
v -35.0 -22.2 47.0
v -35.5 -21.0 36.0
v -35.0 -21.0 36.4
v -35.5 -21.0 41.0
v -35.3 -21.0 42.0
v -35.0 -21.5 43.0
v -35.5 -21.0 44.0
v -35.5 -21.0 45.0
v -35.4 -21.0 46.0
v -34.9 -22.0 46.9
v -35.5 -20.0 36.0
v -35.0 -20.0 36.4
v -35.5 -20.0 40.0
v -34.8 -20.0 41.0
v -35.0 -20.3 41.0
v -35.0 -20.6 42.0
v -35.3 -21.0 43.0
v -35.3 -20.0 45.0
v -35.1 -21.0 47.0
v -35.0 -19.0 36.3
v -35.7 -19.0 39.0
v -35.4 -19.0 40.0
v -35.3 -20.0 44.0
v -35.8 -18.0 39.0
v -35.4 -17.9 40.0
v -35.9 -17.0 34.7
v -35.0 -17.0 35.5
v -35.4 -17.0 40.0
v -35.1 -16.0 35.4
v -35.0 -17.0 40.4
v -35.0 -16.0 39.6
v -36.0 -15.0 34.7
v -35.0 -15.5 39.0
v -35.0 -14.8 36.0
v -35.0 -14.5 37.0
v -35.0 -14.7 38.0
v -34.0 -37.0 48.0
v -34.7 -36.0 45.0
v -34.0 -36.1 44.0
v -34.3 -36.0 48.0
v -34.0 -36.0 47.6
v -34.1 -36.0 49.0
v -34.0 -35.0 43.4
v -34.0 -35.6 45.0
v -34.4 -35.0 46.0
v -34.0 -35.0 45.7
v -34.6 -35.0 47.0
v -34.0 -35.0 47.4
v -34.5 -35.0 48.0
v -34.1 -36.0 49.1
v -34.0 -34.0 41.7
v -34.0 -34.2 42.0
v -34.0 -34.5 43.0
v -34.0 -34.7 46.0
v -34.0 -34.8 47.0
v -34.0 -34.8 49.0
v -34.0 -34.0 49.4
v -34.0 -33.0 41.2
v -34.0 -33.0 49.7
v -35.0 -33.1 51.0
v -34.0 -33.0 51.5
v -34.0 -33.2 52.0
v -34.0 -33.0 52.4
v -34.0 -32.5 42.0
v -34.0 -32.1 43.0
v -34.0 -32.0 43.0
v -34.0 -32.7 50.0
v -34.0 -32.7 51.0
v -34.0 -32.6 53.0
v -34.0 -32.3 54.0
v -34.0 -32.0 54.2
v -35.0 -31.0 41.6
v -34.0 -31.0 42.4
v -34.3 -31.0 51.0
v -34.6 -31.0 52.0
v -34.0 -31.0 53.5
v -34.0 -31.6 54.0
v -34.5 -30.0 41.0
v -34.0 -30.0 41.5
v -34.0 -30.5 42.0
v -34.7 -30.0 51.0
v -34.4 -30.0 52.0
v -34.0 -30.0 52.6
v -34.4 -31.0 53.0
v -34.0 -29.0 39.9
v -34.0 -29.6 41.0
v -34.5 -29.0 52.0
v -34.0 -29.0 52.5
v -34.0 -28.0 39.6
v -34.8 -27.0 40.0
v -34.0 -27.0 39.6
v -34.0 -28.0 52.2
v -34.0 -27.0 51.4
v -34.0 -26.0 39.4
v -34.8 -26.0 43.0
v -34.0 -26.5 51.0
v -34.0 -25.0 38.5
v -34.0 -25.5 39.0
v -34.6 -25.0 42.0
v -34.5 -25.0 43.0
v -34.0 -26.0 50.7
v -34.0 -24.0 37.3
v -34.0 -24.5 38.0
v -34.5 -24.0 42.0
v -33.9 -24.0 43.0
v -34.7 -24.0 44.0
v -34.5 -24.0 50.0
v -34.0 -24.0 50.3
v -34.0 -23.7 37.0
v -34.5 -23.0 42.0
v -34.6 -23.0 44.0
v -34.0 -23.0 43.1
v -34.0 -23.0 49.7
v -34.0 -22.0 36.4
v -34.7 -22.0 42.0
v -33.9 -23.0 43.0
v -34.6 -22.0 43.0
v -34.9 -22.0 47.0
v -34.2 -21.9 49.0
v -34.0 -22.0 49.2
v -34.0 -21.0 36.6
v -34.0 -21.2 48.0
v -34.0 -21.0 47.8
v -34.0 -21.8 49.0
v -34.0 -20.0 36.6
v -34.6 -20.0 42.0
v -34.7 -20.0 43.0
v -34.7 -20.0 46.0
v -34.4 -20.0 47.0
v -34.0 -20.0 47.8
v -34.0 -19.0 36.6
v -34.6 -19.0 41.0
v -34.4 -19.0 42.0
v -34.5 -19.0 43.0
v -34.5 -19.0 44.0
v -34.5 -19.0 45.0
v -34.3 -19.0 46.0
v -34.0 -19.5 47.0
v -34.9 -18.0 35.7
v -34.0 -18.0 36.5
v -34.5 -18.0 41.0
v -34.0 -18.0 41.8
v -34.0 -18.2 42.0
v -34.0 -17.9 43.0
v -34.0 -18.0 42.7
v -34.0 -18.5 44.0
v -34.0 -18.5 45.0
v -34.0 -18.8 46.0
v -34.0 -17.0 36.5
v -34.0 -17.0 41.3
v -34.0 -16.0 40.3
v -34.0 -16.7 41.0
v -34.9 -15.0 35.8
v -34.0 -15.4 39.0
v -34.0 -15.7 40.0
v -34.0 -14.8 37.0
v -34.0 -14.8 38.0
v -33.3 -37.0 47.0
v -33.0 -37.0 46.8
v -33.0 -37.2 47.0
v -33.0 -37.4 48.0
v -33.0 -37.4 49.0
v -33.5 -37.0 49.0
v -33.0 -37.2 50.0
v -33.2 -37.0 50.0
v -33.0 -37.0 50.2
v -33.4 -36.0 47.0
v -33.0 -36.0 46.7
v -33.3 -36.0 50.0
v -33.0 -35.0 43.8
v -33.0 -35.2 44.0
v -33.0 -35.2 45.0
v -33.0 -35.0 45.2
v -33.0 -35.0 47.3
v -33.8 -35.0 49.0
v -33.0 -35.0 49.6
v -33.0 -36.0 50.3
v -33.7 -34.0 42.0
v -33.3 -34.0 43.0
v -33.0 -34.0 43.3
v -33.0 -34.0 45.8
v -33.0 -33.9 46.0
v -33.0 -34.6 47.0
v -33.0 -34.0 49.4
v -33.0 -33.0 41.8
v -33.0 -33.3 42.0
v -33.0 -33.6 43.0
v -33.0 -33.0 49.5
v -33.2 -33.2 52.0
v -33.0 -33.0 52.5
v -33.0 -33.0 54.0
v -33.0 -32.8 42.0
v -33.0 -32.5 43.0
v -33.0 -32.6 50.0
v -33.0 -32.6 51.0
v -33.0 -32.7 53.0
v -33.0 -32.0 54.4
v -33.0 -31.4 43.0
v -33.0 -31.0 54.2
v -33.6 -30.0 42.0
v -33.0 -30.0 42.5
v -33.6 -30.0 53.0
v -33.0 -30.0 53.6
v -33.0 -30.7 54.0
v -33.9 -29.0 40.0
v -33.0 -29.0 40.9
v -33.0 -29.0 41.0
v -33.1 -29.0 42.0
v -33.3 -29.0 53.0
v -33.0 -29.0 53.2
v -33.4 -28.0 40.0
v -33.0 -28.0 40.4
v -33.2 -28.0 51.0
v -33.0 -28.2 51.0
v -33.0 -28.0 50.8
v -33.7 -28.0 52.0
v -33.0 -28.4 52.0
v -33.0 -28.8 53.0
v -33.0 -27.0 39.7
v -33.3 -27.0 51.0
v -33.0 -26.0 39.4
v -33.0 -27.0 50.9
v -33.0 -25.4 39.0
v -33.0 -26.0 51.2
v -33.0 -25.0 50.7
v -33.0 -24.1 37.7
v -34.0 -23.0 36.0
v -33.0 -23.3 37.0
v -33.0 -22.0 36.7
v -33.0 -23.0 50.3
v -33.0 -22.0 49.5
v -33.3 -21.0 37.1
v -33.0 -21.0 48.5
v -33.0 -21.5 49.0
v -33.5 -20.0 37.0
v -33.0 -20.0 37.5
v -33.0 -20.0 47.8
v -33.5 -18.9 37.0
v -33.0 -18.8 47.0
v -33.0 -19.0 47.3
v -33.0 -17.0 37.5
v -33.9 -18.0 42.0
v -33.0 -18.0 43.9
v -33.2 -18.0 45.0
v -33.0 -18.0 44.3
v -33.5 -17.0 37.0
v -33.3 -17.0 42.0
v -33.0 -17.5 43.0
v -33.0 -17.8 45.0
v -33.5 -16.0 37.0
v -33.0 -16.4 41.0
v -33.0 -16.0 40.5
v -33.0 -16.7 42.0
v -33.8 -15.0 37.0
v -33.0 -15.7 38.0
v -33.7 -15.0 38.0
v -33.0 -15.6 39.0
v -33.0 -15.7 40.0
v -32.0 -37.0 45.9
v -32.0 -37.1 46.0
v -32.0 -37.4 47.0
v -32.0 -37.1 48.0
v -32.0 -37.5 49.0
v -32.0 -37.6 50.0
v -32.0 -37.2 51.0
v -32.1 -37.0 51.0
v -32.0 -36.0 46.5
v -32.0 -36.8 51.0
v -32.0 -36.0 50.6
v -32.8 -35.0 44.0
v -32.8 -35.0 45.0
v -32.0 -35.5 47.0
v -32.0 -35.0 47.5
v -32.4 -35.0 50.0
v -32.0 -35.0 50.2
v -32.5 -34.0 44.0
v -32.5 -34.0 45.0
v -32.0 -34.0 47.7
v -32.4 -34.0 49.0
v -32.0 -34.4 49.0
v -31.8 -34.0 48.0
v -32.0 -34.8 50.0
v -32.3 -33.0 42.0
v -32.0 -33.0 42.3
v -32.0 -33.2 43.0
v -32.0 -33.4 44.0
v -32.0 -33.5 45.0
v -32.0 -33.4 46.0
v -32.0 -33.5 47.0
v -32.1 -33.0 48.0
v -32.5 -33.0 49.0
v -32.0 -33.2 52.0
v -32.0 -32.9 53.0
v -32.0 -33.2 54.0
v -32.0 -33.0 54.2
v -32.0 -32.8 43.0
v -33.0 -32.0 44.0
v -32.0 -32.4 44.0
v -32.0 -32.0 44.3
v -32.0 -32.9 48.0
v -32.0 -32.6 49.0
v -32.0 -32.5 50.0
v -32.0 -32.6 51.0
v -32.0 -32.0 54.5
v -33.0 -31.0 42.8
v -32.0 -31.5 44.0
v -32.0 -31.0 54.1
v -32.4 -29.0 43.0
v -32.0 -30.0 54.2
v -32.0 -29.0 53.4
v -32.5 -28.0 41.0
v -32.4 -28.0 42.0
v -32.0 -28.5 51.0
v -32.0 -28.5 52.0
v -32.0 -28.6 53.0
v -32.0 -26.5 40.0
v -32.0 -27.0 40.6
v -32.0 -27.4 41.0
v -32.0 -28.0 50.8
v -32.0 -27.0 51.4
v -32.0 -26.0 39.7
v -32.0 -26.0 51.6
v -33.0 -25.0 38.6
v -32.0 -25.0 39.4
v -32.0 -25.0 51.3
v -32.6 -24.0 38.0
v -32.0 -24.3 38.9
v -32.0 -24.0 50.7
v -33.0 -23.0 36.7
v -31.9 -23.0 37.8
v -32.7 -22.0 36.9
v -31.9 -22.0 37.8
v -31.8 -23.0 50.4
v -32.0 -22.0 49.5
v -32.4 -21.0 38.0
v -32.0 -21.0 48.7
v -32.6 -19.9 38.0
v -32.3 -20.0 39.0
v -32.0 -20.0 48.3
v -32.4 -19.0 39.0
v -32.0 -18.9 39.4
v -32.0 -19.0 47.5
v -32.4 -17.0 39.0
v -33.0 -18.1 44.0
v -33.0 -18.3 46.0
v -32.0 -18.0 46.5
v -32.0 -18.4 47.0
v -32.6 -17.0 38.0
v -32.0 -17.0 39.5
v -32.0 -17.1 43.0
v -31.9 -17.1 43.0
v -32.0 -16.9 44.0
v -32.0 -17.4 45.0
v -32.0 -17.7 46.0
v -32.8 -16.0 38.0
v -32.6 -16.0 39.0
v -32.0 -16.4 41.0
v -32.0 -16.6 42.0
v -31.0 -38.3 49.0
v -31.0 -38.0 48.6
v -31.0 -38.4 50.0
v -31.5 -38.0 50.0
v -31.0 -38.4 51.0
v -31.4 -38.0 51.0
v -31.0 -38.2 52.0
v -31.2 -38.0 52.0
v -31.0 -38.0 52.2
v -31.0 -37.0 45.3
v -31.0 -37.1 46.0
v -31.0 -37.3 47.0
v -31.0 -37.6 48.0
v -31.2 -37.0 52.0
v -31.0 -37.0 52.2
v -31.0 -36.8 46.0
v -31.0 -36.0 46.7
v -31.0 -36.4 51.0
v -31.0 -36.0 50.6
v -31.0 -36.8 52.0
v -31.0 -35.8 47.0
v -31.5 -35.0 48.0
v -31.0 -35.5 48.0
v -31.2 -35.0 49.0
v -31.0 -35.2 49.0
v -31.0 -35.0 50.1
v -31.0 -34.9 50.0
v -31.8 -33.0 43.0
v -31.3 -33.0 44.0
v -31.6 -33.0 45.0
v -31.5 -33.0 46.0
v -31.6 -33.0 47.0
v -31.0 -32.8 51.0
v -31.0 -33.5 52.0
v -31.0 -33.4 53.0
v -31.0 -33.4 54.0
v -31.0 -33.0 54.5
v -31.4 -32.0 45.0
v -31.0 -32.0 45.5
v -31.0 -32.4 46.0
v -31.0 -32.5 47.0
v -31.0 -32.4 48.0
v -31.0 -32.1 49.0
v -31.0 -32.5 50.0
v -31.0 -32.4 55.0
v -31.0 -32.0 55.2
v -32.0 -31.0 43.7
v -32.5 -30.0 43.0
v -31.0 -30.0 54.5
v -31.0 -29.4 54.0
v -31.0 -29.0 53.6
v -31.6 -28.0 43.0
v -30.5 -28.0 44.1
v -31.8 -28.0 51.0
v -31.0 -28.1 52.0
v -31.0 -28.6 53.0
v -31.5 -27.0 42.0
v -31.3 -27.0 43.0
v -31.0 -27.0 43.3
v -30.9 -28.0 52.0
v -31.3 -27.0 52.0
v -31.0 -27.0 52.3
v -31.7 -26.0 40.0
v -30.8 -26.0 41.0
v -31.0 -26.5 42.0
v -31.0 -26.6 43.0
v -31.0 -26.0 52.2
v -31.5 -25.0 40.0
v -31.0 -25.0 40.5
v -31.0 -25.0 51.6
v -31.7 -24.0 39.0
v -31.4 -24.0 40.0
v -31.0 -24.0 40.7
v -31.7 -23.0 38.0
v -31.5 -23.0 39.0
v -31.5 -23.0 40.0
v -31.0 -23.6 41.0
v -31.4 -23.0 41.0
v -31.1 -23.0 42.0
v -31.0 -23.0 42.1
v -31.0 -24.0 51.3
v -31.0 -23.0 50.5
v -31.7 -22.0 38.0
v -31.5 -22.0 39.0
v -31.4 -22.0 41.0
v -31.0 -22.0 41.6
v -31.0 -22.1 49.6
v -31.7 -20.9 39.0
v -31.5 -21.0 40.0
v -31.4 -21.0 41.0
v -31.0 -21.0 49.1
v -31.6 -20.0 40.0
v -31.3 -20.0 41.0
v -31.0 -20.0 48.5
v -31.5 -19.0 40.0
v -31.0 -19.0 47.6
v -31.5 -18.0 40.0
v -31.0 -18.0 40.5
v -31.6 -17.0 40.0
v -31.0 -17.4 45.0
v -31.0 -17.0 44.4
v -31.0 -17.5 46.0
v -31.0 -17.9 47.0
v -32.0 -16.0 40.0
v -31.0 -16.8 41.0
v -31.0 -16.7 42.0
v -31.0 -16.7 43.0
v -31.0 -16.7 44.0
v -30.2 -38.0 48.0
v -30.0 -38.1 48.0
v -30.0 -38.5 49.0
v -30.0 -38.5 50.0
v -30.0 -38.5 51.0
v -30.0 -38.3 52.0
v -30.0 -38.0 52.3
v -30.9 -37.0 46.0
v -30.5 -37.0 47.0
v -30.0 -37.0 47.4
v -30.0 -37.0 52.2
v -30.8 -36.0 47.0
v -30.2 -36.0 48.0
v -30.0 -36.4 51.0
v -30.0 -36.0 50.5
v -30.0 -36.8 52.0
v -30.0 -35.1 49.0
v -30.0 -35.5 50.0
v -30.0 -34.1 52.0
v -30.0 -34.1 52.0
v -30.0 -33.2 50.0
v -30.0 -33.3 50.0
v -30.0 -33.5 51.0
v -30.7 -33.0 51.0
v -30.0 -33.6 53.0
v -30.0 -33.5 54.0
v -30.0 -33.1 55.0
v -30.0 -33.0 55.1
v -30.4 -32.0 47.0
v -30.0 -32.5 49.0
v -30.0 -32.0 55.4
v -30.7 -31.0 44.9
v -30.0 -31.0 45.6
v -30.0 -31.4 46.0
v -30.0 -31.7 47.0
v -31.0 -31.0 55.1
v -30.0 -31.4 55.0
v -30.0 -31.0 54.7
v -30.5 -29.0 44.9
v -30.0 -30.0 45.4
v -30.0 -30.0 54.7
v -30.0 -29.0 45.3
v -30.6 -29.0 54.0
v -30.0 -29.1 55.0
v -29.6 -28.0 45.0
v -30.9 -28.0 52.0
v -30.0 -28.0 52.7
v -30.0 -28.5 54.0
v -30.0 -29.0 55.0
v -30.5 -27.0 44.0
v -30.0 -27.0 52.5
v -30.8 -26.0 41.0
v -30.6 -26.0 42.0
v -30.6 -26.0 43.0
v -30.3 -26.0 44.0
v -30.0 -26.0 44.4
v -30.0 -26.0 52.4
v -30.6 -25.0 41.0
v -30.5 -25.0 42.0
v -30.4 -25.0 43.0
v -30.1 -25.0 51.6
v -30.7 -24.0 41.0
v -30.6 -24.0 42.0
v -30.4 -24.1 43.0
v -30.0 -24.0 51.3
v -30.5 -23.0 43.0
v -30.7 -22.0 42.0
v -30.5 -22.0 43.0
v -30.2 -22.0 44.0
v -30.0 -23.0 50.3
v -30.0 -22.0 49.4
v -30.6 -21.0 42.0
v -30.4 -21.0 43.0
v -30.1 -22.0 44.1
v -30.0 -21.0 48.6
v -30.6 -20.0 42.0
v -30.4 -20.0 43.0
v -30.0 -20.0 48.2
v -30.7 -19.0 41.0
v -30.3 -19.0 43.0
v -30.0 -19.0 47.3
v -30.6 -18.0 41.0
v -30.4 -18.0 42.0
v -30.0 -18.6 47.0
v -30.0 -18.0 46.4
v -30.8 -17.0 41.0
v -30.7 -17.0 42.0
v -30.0 -17.7 43.0
v -30.6 -17.0 43.0
v -30.0 -17.6 45.0
v -30.0 -17.8 46.0
v -30.0 -38.0 47.9
v -29.0 -38.0 48.5
v -29.0 -38.3 49.0
v -29.0 -38.5 50.0
v -29.0 -38.4 51.0
v -29.0 -37.0 47.2
v -29.0 -37.6 48.0
v -29.0 -38.0 52.0
v -29.4 -37.0 51.9
v -30.0 -36.0 48.1
v -29.0 -36.0 47.7
v -29.0 -36.6 51.0
v -29.0 -35.5 49.0
v -29.0 -35.7 50.0
v -29.0 -34.1 52.0
v -29.0 -33.0 49.4
v -29.0 -33.4 50.0
v -29.0 -33.6 51.0
v -29.0 -33.5 53.0
v -29.0 -33.2 54.0
v -29.0 -33.0 54.4
v -30.0 -32.3 48.0
v -29.0 -32.0 48.3
v -29.0 -32.6 49.0
v -29.0 -32.0 55.1
v -29.4 -30.9 46.0
v -29.0 -31.0 46.6
v -29.0 -31.3 47.0
v -29.0 -31.7 48.0
v -29.0 -31.8 55.0
v -29.0 -30.0 45.7
v -29.0 -31.0 54.7
v -29.5 -30.0 55.0
v -29.0 -30.0 55.3
v -29.0 -29.0 45.6
v -29.0 -29.0 55.4
v -29.0 -28.0 45.4
v -30.0 -28.2 53.0
v -29.0 -28.0 54.5
v -29.0 -28.5 55.0
v -29.5 -27.0 45.0
v -29.0 -27.0 45.6
v -29.0 -27.4 53.0
v -29.0 -27.0 52.6
v -29.0 -27.7 54.0
v -29.6 -26.0 45.0
v -29.0 -26.5 46.0
v -29.3 -26.0 46.0
v -29.0 -26.0 46.5
v -29.0 -26.0 52.4
v -29.7 -25.0 44.0
v -29.5 -25.0 45.0
v -29.5 -25.0 46.0
v -29.4 -25.0 47.0
v -29.3 -25.0 48.0
v -29.0 -25.3 48.0
v -29.0 -25.0 48.4
v -29.0 -25.5 52.0
v -29.0 -25.0 51.5
v -29.5 -24.0 45.0
v -29.5 -24.0 46.0
v -29.4 -24.0 47.0
v -29.4 -24.0 48.0
v -29.1 -24.0 49.0
v -29.0 -24.0 49.2
v -29.4 -24.0 51.0
v -29.0 -24.2 51.0
v -29.7 -23.0 44.0
v -29.6 -24.0 44.0
v -29.4 -23.0 46.0
v -28.8 -23.0 47.0
v -29.0 -23.5 48.0
v -29.0 -23.6 49.0
v -29.0 -23.0 49.3
v -29.6 -23.0 50.0
v -29.0 -23.5 50.0
v -29.6 -22.0 45.0
v -29.4 -22.0 46.0
v -29.0 -22.0 46.7
v -29.5 -22.0 49.0
v -29.0 -22.0 48.4
v -29.7 -21.0 44.0
v -29.5 -21.0 45.0
v -29.5 -21.0 46.0
v -29.0 -21.7 47.0
v -29.4 -21.0 47.0
v -29.5 -21.0 48.0
v -29.6 -20.0 44.0
v -29.5 -20.0 45.0
v -29.5 -20.0 46.0
v -29.5 -20.0 47.0
v -29.8 -20.0 48.0
v -29.6 -19.0 44.0
v -29.5 -19.0 45.0
v -29.5 -19.0 46.0
v -29.7 -19.0 47.0
v -29.9 -18.0 43.0
v -29.6 -18.0 44.0
v -29.6 -18.0 45.0
v -29.8 -18.0 46.0
v -30.0 -17.0 44.0
v -28.0 -37.8 49.0
v -28.0 -38.3 50.0
v -28.0 -38.1 51.0
v -27.9 -38.0 51.0
v -28.0 -37.0 47.6
v -28.0 -37.4 48.0
v -28.5 -37.0 51.0
v -28.0 -37.9 51.0
v -28.0 -37.0 50.6
v -28.0 -36.0 47.6
v -28.5 -36.0 50.0
v -28.0 -36.4 50.0
v -28.0 -36.0 49.6
v -29.0 -35.7 48.0
v -28.0 -35.6 49.0
v -29.0 -34.1 52.0
v -28.0 -33.0 48.8
v -28.0 -33.2 49.0
v -28.0 -33.5 50.0
v -28.0 -33.5 51.0
v -28.0 -33.5 52.0
v -28.4 -33.0 53.0
v -28.7 -33.0 54.0
v -28.0 -32.0 48.3
v -28.0 -33.0 52.7
v -28.3 -32.0 54.0
v -28.5 -30.9 47.0
v -28.0 -31.0 47.4
v -28.0 -31.7 48.0
v -28.0 -31.8 53.9
v -28.0 -31.0 54.5
v -28.0 -30.4 55.0
v -28.0 -30.0 55.3
v -28.0 -29.0 46.3
v -28.0 -29.0 55.5
v -28.0 -28.0 45.9
v -28.5 -28.0 55.0
v -28.0 -28.0 55.4
v -28.0 -27.8 46.0
v -28.5 -27.0 46.0
v -28.0 -27.0 46.6
v -28.0 -27.0 52.8
v -28.0 -27.3 54.0
v -28.0 -27.0 55.0
v -28.9 -25.7 47.0
v -28.3 -26.0 48.0
v -28.0 -26.0 52.4
v -28.4 -25.0 49.0
v -28.0 -25.0 49.3
v -28.0 -25.4 52.0
v -28.0 -25.0 51.7
v -28.0 -24.0 49.8
v -28.6 -24.0 51.0
v -28.0 -24.0 51.3
v -28.8 -23.0 47.0
v -28.6 -23.0 48.0
v -28.8 -23.0 49.0
v -28.0 -23.8 50.0
v -28.0 -23.8 51.0
v -28.8 -22.0 47.0
v -28.7 -22.0 48.0
v -27.0 -38.1 49.0
v -27.6 -38.0 50.0
v -27.0 -38.0 49.2
v -27.0 -37.0 47.6
v -27.0 -37.4 48.0
v -27.0 -37.4 50.0
v -27.0 -37.0 50.3
v -27.0 -36.0 47.6
v -27.0 -36.7 50.0
v -27.0 -36.0 49.5
v -27.0 -35.6 48.0
v -27.0 -35.5 49.0
v -27.0 -33.0 48.4
v -27.0 -33.5 49.0
v -27.0 -33.6 50.0
v -27.0 -33.5 51.0
v -27.0 -33.4 52.0
v -27.0 -32.0 47.8
v -27.0 -33.0 52.5
v -27.0 -31.6 53.9
v -27.0 -31.0 54.4
v -28.0 -30.0 46.6
v -27.0 -30.0 47.4
v -27.0 -30.0 54.7
v -27.0 -29.0 46.7
v -27.0 -29.7 55.0
v -27.0 -29.0 55.5
v -27.0 -28.0 55.6
v -27.7 -26.9 47.0
v -27.0 -27.7 47.0
v -27.0 -27.3 48.0
v -28.0 -27.2 53.0
v -27.6 -27.0 54.0
v -27.0 -27.0 55.3
v -27.0 -26.0 49.4
v -27.0 -26.3 53.0
v -27.0 -26.0 52.7
v -27.0 -26.6 54.0
v -27.0 -26.7 55.0
v -27.7 -25.0 52.0
v -27.0 -25.0 52.5
v -27.0 -24.6 50.0
v -27.7 -24.0 50.0
v -27.0 -24.0 52.3
v -27.0 -23.7 51.0
v -27.0 -23.8 52.0
v -26.0 -38.2 49.0
v -26.0 -38.0 49.3
v -26.0 -37.0 47.6
v -26.0 -37.5 48.0
v -26.0 -37.3 50.0
v -26.0 -36.0 47.6
v -26.0 -37.0 50.3
v -26.0 -36.0 49.7
v -26.0 -35.3 48.0
v -26.4 -35.0 49.0
v -26.0 -35.0 48.3
v -26.0 -35.0 49.4
v -26.2 -34.0 48.0
v -26.0 -34.0 47.8
v -26.0 -34.6 48.0
v -26.6 -34.0 49.0
v -26.4 -34.0 50.0
v -26.0 -34.0 50.4
v -26.3 -33.0 48.0
v -26.0 -33.4 52.0
v -26.0 -33.0 52.6
v -26.7 -32.0 48.0
v -26.0 -32.0 48.3
v -26.0 -32.4 53.2
v -27.0 -30.9 47.6
v -26.0 -31.0 48.5
v -26.0 -31.6 54.0
v -26.0 -31.0 54.5
v -26.0 -30.0 48.3
v -26.0 -30.0 54.8
v -26.7 -29.0 47.0
v -26.0 -29.0 47.7
v -26.0 -29.8 55.0
v -26.0 -29.3 56.0
v -26.3 -29.0 56.0
v -26.0 -29.0 56.3
v -27.0 -28.0 46.7
v -26.0 -28.0 56.3
v -26.0 -27.8 48.0
v -26.7 -27.0 48.7
v -26.0 -27.4 49.0
v -26.7 -26.6 49.1
v -26.4 -28.0 56.0
v -26.0 -27.0 55.6
v -26.3 -26.0 50.0
v -26.0 -26.0 50.3
v -26.7 -26.0 53.0
v -25.8 -26.0 54.0
v -26.0 -26.2 54.0
v -26.0 -26.5 55.0
v -27.0 -25.0 49.7
v -26.0 -25.0 50.5
v -26.5 -25.0 53.0
v -26.0 -25.0 53.6
v -26.7 -24.0 50.8
v -26.0 -24.4 51.0
v -26.0 -24.0 51.4
v -26.4 -24.0 53.0
v -26.0 -23.6 52.0
v -26.0 -23.5 53.0
v -26.1 -24.0 54.0
v -25.0 -38.1 49.0
v -25.0 -37.0 47.8
v -25.0 -37.3 48.0
v -25.0 -37.6 50.0
v -25.0 -37.0 50.5
v -25.0 -36.0 47.6
v -25.0 -36.0 50.4
v -25.7 -35.0 48.0
v -25.0 -35.0 47.6
v -25.0 -35.0 49.9
v -25.0 -34.0 50.7
v -25.0 -34.0 47.7
v -26.0 -33.0 47.9
v -25.0 -33.0 48.3
v -25.0 -33.7 51.0
v -26.0 -33.6 51.0
v -25.0 -33.3 53.0
v -25.0 -33.0 53.3
v -25.0 -32.0 48.7
v -25.0 -32.0 54.3
v -25.0 -31.0 49.1
v -25.0 -31.4 55.0
v -25.4 -31.0 55.0
v -25.0 -30.0 48.8
v -25.8 -30.0 55.0
v -25.4 -30.0 56.0
v -25.0 -30.0 56.5
v -25.7 -29.0 48.0
v -25.0 -29.7 49.0
v -25.3 -29.0 49.0
v -25.0 -29.0 49.3
v -25.0 -29.0 57.1
v -25.0 -29.0 57.1
v -25.8 -28.0 48.0
v -25.5 -28.0 49.0
v -25.0 -28.0 49.6
v -25.0 -28.8 57.0
v -25.0 -28.0 56.6
v -25.0 -27.5 50.0
v -25.0 -27.0 50.3
v -25.6 -27.0 56.0
v -25.0 -27.0 56.4
v -25.0 -26.0 50.6
v -25.6 -26.0 55.0
v -25.3 -26.0 56.0
v -25.0 -26.0 56.2
v -25.0 -25.0 50.7
v -25.7 -25.0 54.0
v -25.3 -25.0 55.0
v -25.0 -25.0 55.4
v -25.0 -25.6 56.0
v -25.0 -24.7 51.0
v -25.0 -24.0 51.5
v -25.0 -24.5 55.0
v -25.0 -24.0 54.7
v -25.0 -23.5 52.0
v -25.0 -22.8 53.0
v -25.3 -23.0 54.0
v -25.0 -23.0 54.2
v -25.0 -22.8 54.0
v -24.7 -37.0 48.0
v -24.0 -37.0 48.6
v -24.0 -37.4 49.0
v -24.0 -37.9 50.0
v -24.0 -37.3 51.0
v -24.3 -37.0 51.0
v -24.4 -36.0 48.0
v -24.0 -36.0 48.3
v -24.1 -36.0 51.3
v -24.0 -35.0 47.8
v -23.9 -35.0 48.0
v -24.0 -34.0 48.3
v -24.0 -35.0 50.8
v -24.0 -34.0 51.5
v -24.0 -33.0 48.7
v -24.0 -33.6 52.0
v -24.0 -33.4 53.0
v -24.0 -33.0 53.6
v -24.0 -32.5 49.0
v -24.5 -32.0 49.0
v -24.0 -32.0 49.4
v -24.0 -32.6 54.0
v -24.0 -32.0 54.5
v -24.0 -31.0 49.6
v -24.0 -31.6 55.0
v -24.0 -31.4 56.0
v -24.5 -31.0 56.0
v -24.0 -31.2 57.0
v -24.2 -31.0 57.0
v -24.0 -31.0 57.3
v -24.0 -30.0 49.6
v -24.6 -30.0 57.0
v -24.0 -30.0 57.5
v -24.3 -29.0 50.0
v -24.0 -29.5 50.0
v -24.0 -29.0 50.3
v -24.0 -29.0 57.4
v -24.6 -28.0 50.0
v -24.0 -28.0 50.4
v -24.0 -28.5 57.0
v -24.0 -28.0 56.6
v -24.0 -27.0 50.6
v -24.0 -27.0 56.5
v -24.0 -26.3 51.0
v -24.3 -26.0 51.0
v -24.0 -26.0 51.3
v -24.0 -26.0 56.5
v -24.7 -25.0 51.0
v -24.0 -25.0 51.4
v -24.0 -24.0 51.6
v -24.0 -23.9 55.1
v -24.0 -25.0 56.1
v -24.0 -23.6 52.0
v -24.0 -23.0 52.7
v -24.0 -23.0 54.3
v -24.0 -22.8 53.0
v -24.0 -22.8 54.0
v -23.0 -37.0 49.4
v -23.0 -37.5 50.0
v -23.0 -37.5 51.0
v -23.0 -37.2 52.0
v -23.3 -37.0 52.0
v -23.0 -37.0 52.3
v -23.0 -36.0 48.6
v -23.0 -36.6 49.0
v -23.4 -36.0 52.0
v -23.0 -36.0 52.4
v -23.0 -35.0 48.4
v -23.9 -35.0 51.0
v -23.3 -35.0 52.0
v -23.0 -35.0 52.3
v -23.0 -34.0 48.6
v -23.0 -34.2 52.0
v -23.0 -34.0 51.9
v -23.0 -33.4 49.0
v -23.5 -33.1 49.0
v -23.0 -33.9 52.0
v -23.0 -33.5 53.0
v -23.0 -33.1 54.0
v -23.0 -33.0 54.1
v -23.0 -32.4 50.0
v -23.0 -32.0 50.3
v -23.0 -32.0 54.6
v -23.5 -31.0 50.0
v -23.0 -31.0 50.4
v -23.0 -31.6 55.0
v -23.0 -31.5 56.0
v -23.0 -31.5 57.0
v -23.0 -31.2 58.0
v -23.3 -31.0 58.0
v -23.0 -31.0 58.2
v -23.6 -30.0 50.0
v -23.0 -30.0 50.5
v -23.0 -30.0 58.3
v -23.0 -29.0 50.6
v -23.1 -30.0 58.2
v -23.0 -29.0 57.6
v -23.0 -28.0 50.6
v -23.0 -28.3 57.0
v -23.0 -28.0 56.8
v -23.0 -27.0 50.7
v -23.0 -27.0 56.7
v -23.0 -26.7 51.0
v -23.0 -26.0 51.4
v -23.0 -26.0 56.9
v -23.0 -25.0 51.5
v -23.5 -25.0 56.0
v -23.0 -25.2 56.0
v -23.0 -24.0 51.8
v -23.5 -24.0 55.0
v -23.0 -24.0 54.8
v -23.0 -23.7 52.0
v -23.7 -23.0 53.0
v -23.0 -23.4 53.0
v -23.7 -23.0 54.0
v -23.0 -23.5 54.0
v -22.0 -37.0 49.6
v -22.0 -37.4 50.0
v -22.0 -37.5 51.0
v -22.0 -37.5 52.0
v -22.0 -37.2 53.0
v -22.0 -36.0 48.7
v -22.0 -36.3 48.9
v -22.1 -37.0 53.0
v -22.0 -36.0 52.7
v -22.0 -35.0 48.5
v -22.0 -35.0 52.5
v -22.0 -34.0 48.6
v -22.0 -34.0 52.5
v -22.0 -33.6 49.0
v -22.4 -33.0 50.0
v -22.0 -33.2 50.0
v -22.0 -33.0 50.3
v -22.0 -33.4 53.0
v -22.0 -33.0 53.5
v -22.0 -32.0 50.6
v -22.0 -32.6 54.0
v -22.0 -32.0 54.5
v -22.0 -31.0 50.8
v -22.0 -31.6 55.0
v -22.0 -31.5 56.0
v -22.0 -31.3 58.0
v -22.0 -31.0 58.3
v -22.0 -30.0 51.3
v -22.0 -30.0 58.5
v -22.0 -29.0 51.4
v -22.0 -29.0 58.3
v -22.5 -28.0 51.0
v -22.0 -28.0 51.4
v -22.7 -28.0 57.0
v -22.0 -28.0 57.6
v -22.2 -28.8 58.0
v -22.7 -27.0 51.0
v -22.0 -27.0 51.4
v -22.0 -27.0 57.3
v -22.0 -26.0 51.5
v -22.0 -26.5 57.0
v -22.0 -26.0 56.7
v -22.0 -25.0 51.6
v -22.0 -25.0 56.3
v -22.0 -24.5 52.0
v -22.6 -24.0 52.0
v -22.6 -24.0 55.0
v -22.0 -24.0 55.3
v -22.0 -24.7 56.0
v -22.0 -23.7 53.0
v -22.0 -23.5 54.0
v -22.0 -23.7 55.0
v -21.0 -38.1 53.0
v -21.1 -38.0 53.0
v -21.0 -37.0 49.8
v -21.0 -37.2 50.0
v -21.0 -37.4 51.0
v -21.0 -37.6 52.0
v -21.0 -37.3 54.0
v -21.1 -37.0 54.1
v -21.0 -36.0 49.4
v -21.6 -36.0 53.0
v -21.0 -36.0 53.6
v -21.0 -35.0 48.6
v -21.0 -35.6 49.0
v -21.0 -35.0 52.7
v -21.0 -34.0 48.8
v -21.0 -34.0 52.5
v -21.0 -33.8 49.0
v -21.0 -33.4 50.0
v -21.0 -33.0 50.6
v -21.5 -33.0 53.0
v -21.0 -33.0 52.5
v -21.0 -32.6 51.0
v -21.5 -32.0 51.0
v -21.0 -32.5 52.0
v -21.3 -32.0 52.0
v -21.0 -32.4 53.0
v -21.0 -32.3 54.0
v -21.0 -32.0 54.5
v -21.7 -31.0 51.0
v -21.3 -31.0 52.0
v -21.0 -31.0 52.3
v -21.0 -31.7 55.0
v -21.0 -31.6 56.0
v -21.0 -31.5 57.0
v -21.0 -31.4 58.0
v -21.0 -31.0 58.4
v -21.0 -30.5 52.0
v -21.0 -30.0 51.7
v -21.0 -30.0 58.6
v -21.0 -29.0 51.6
v -21.0 -29.0 58.6
v -21.0 -28.0 51.5
v -21.4 -28.0 58.0
v -21.0 -28.0 58.3
v -21.0 -27.0 51.5
v -21.0 -27.7 58.0
v -21.0 -27.0 57.4
v -21.0 -26.0 51.5
v -21.0 -26.6 57.0
v -21.0 -26.0 56.5
v -21.0 -25.0 56.2
v -21.0 -24.7 52.0
v -21.6 -24.0 52.8
v -21.0 -24.3 53.0
v -21.0 -24.0 53.4
v -21.0 -24.7 56.0
v -21.0 -24.0 55.4
v -21.0 -23.6 54.0
v -21.0 -23.6 55.0
v -20.0 -38.0 52.6
v -20.0 -38.3 53.0
v -20.0 -38.3 54.0
v -20.4 -38.0 54.1
v -20.8 -37.0 50.0
v -20.4 -37.0 51.0
v -20.0 -37.0 51.5
v -20.0 -37.4 52.0
v -20.0 -37.0 55.2
v -20.4 -36.0 50.0
v -20.0 -36.4 50.9
v -20.0 -36.0 54.5
v -20.0 -35.6 50.0
v -20.7 -35.1 53.0
v -20.0 -35.0 53.4
v -20.0 -35.6 54.0
v -20.6 -34.0 49.0
v -20.0 -34.0 49.5
v -20.0 -34.6 53.0
v -20.0 -34.0 52.5
v -20.0 -33.6 50.0
v -20.6 -33.0 51.0
v -20.0 -33.4 51.0
v -20.6 -33.0 52.0
v -20.0 -33.5 52.0
v -20.7 -32.0 53.0
v -20.5 -32.0 54.0
v -20.5 -32.0 55.0
v -20.0 -32.0 54.5
v -20.0 -32.3 55.0
v -20.0 -32.4 56.0
v -20.4 -32.0 56.0
v -19.6 -32.0 57.0
v -20.4 -31.0 53.0
v -20.0 -31.0 53.4
v -20.0 -31.6 54.0
v -20.0 -31.7 57.0
v -20.0 -31.4 58.0
v -20.0 -31.0 58.5
v -20.7 -30.0 52.0
v -20.0 -30.0 52.6
v -20.0 -30.4 52.9
v -20.0 -30.3 59.0
v -20.3 -30.0 59.0
v -20.0 -30.0 59.2
v -20.4 -29.0 52.0
v -20.0 -29.0 52.3
v -20.3 -29.0 59.0
v -20.0 -29.0 59.2
v -20.0 -28.7 59.0
v -20.0 -28.0 58.3
v -20.0 -27.0 51.6
v -20.5 -27.0 57.0
v -20.0 -27.3 57.0
v -20.0 -27.0 56.7
v -20.0 -27.7 58.0
v -20.0 -26.0 51.7
v -20.0 -26.0 55.9
v -20.0 -25.6 52.0
v -21.0 -25.0 51.8
v -20.0 -25.0 52.4
v -20.6 -25.0 56.0
v -20.0 -25.0 55.6
v -20.0 -24.5 53.0
v -20.0 -24.0 55.2
v -20.0 -23.8 55.0
v -19.0 -38.0 52.8
v -19.0 -38.2 53.0
v -19.0 -38.3 54.0
v -19.0 -38.3 55.0
v -19.4 -38.0 55.0
v -19.0 -38.2 56.0
v -19.2 -38.0 56.0
v -19.0 -38.0 56.2
v -19.5 -37.0 52.0
v -19.0 -37.0 52.4
v -19.3 -37.0 56.0
v -19.0 -37.0 56.2
v -19.6 -36.0 51.0
v -19.0 -36.0 51.6
v -19.0 -36.5 52.0
v -19.0 -36.0 55.2
v -19.0 -36.7 56.0
v -20.0 -35.0 49.0
v -19.5 -35.0 50.0
v -19.2 -35.0 51.0
v -19.0 -35.0 51.3
v -19.0 -35.4 54.0
v -19.0 -35.0 53.5
v -19.0 -35.9 55.0
v -19.0 -34.0 50.0
v -19.0 -34.5 51.0
v -19.0 -34.4 53.0
v -19.0 -34.0 52.5
v -19.0 -33.7 51.0
v -19.0 -33.6 52.0
v -19.3 -33.0 56.0
v -19.0 -33.0 55.7
v -19.0 -33.2 56.0
v -19.0 -33.2 57.0
v -19.2 -33.0 57.0
v -19.0 -33.0 57.2
v -19.0 -32.0 54.5
v -19.0 -32.5 55.0
v -19.0 -32.0 57.5
v -19.0 -31.0 53.7
v -19.0 -31.5 58.0
v -19.0 -30.0 53.3
v -19.0 -30.5 59.0
v -19.0 -30.0 59.4
v -19.0 -29.0 52.7
v -19.0 -29.0 59.4
v -20.0 -28.0 51.7
v -19.0 -28.0 52.4
v -19.0 -28.1 58.0
v -18.0 -28.5 59.0
v -19.0 -26.9 52.4
v -19.0 -27.3 57.0
v -19.0 -27.0 56.7
v -19.6 -26.0 52.0
v -19.0 -26.0 52.4
v -19.0 -26.0 56.2
v -19.0 -25.0 52.8
v -19.0 -25.0 55.3
v -20.0 -23.8 54.0
v -19.0 -24.5 54.0
v -19.0 -24.7 55.0
v -18.8 -38.0 53.0
v -18.6 -38.0 54.0
v -18.5 -38.0 55.0
v -18.0 -38.0 55.6
v -18.0 -38.5 56.0
v -18.0 -38.0 56.3
v -18.4 -37.0 53.0
v -18.0 -37.3 54.0
v -18.0 -37.5 55.0
v -18.0 -37.0 56.2
v -18.0 -36.0 52.6
v -18.0 -36.4 53.0
v -18.0 -36.6 55.0
v -18.0 -36.0 54.4
v -18.0 -36.8 56.0
v -18.0 -35.0 51.7
v -18.0 -35.4 52.0
v -18.0 -35.7 54.0
v -18.0 -35.0 53.5
v -18.7 -34.0 51.0
v -18.0 -34.0 51.6
v -18.4 -34.0 53.0
v -18.0 -34.0 53.2
v -18.0 -33.7 52.0
v -18.0 -33.8 53.0
v -18.0 -33.0 55.6
v -18.0 -33.4 56.0
v -18.0 -33.4 57.0
v -18.0 -33.0 57.4
v -18.0 -32.0 54.7
v -18.0 -32.0 57.8
v -18.0 -31.0 54.3
v -18.0 -31.7 58.0
v -18.0 -30.7 59.0
v -18.0 -30.0 59.5
v -18.0 -29.0 53.3
v -18.0 -29.0 59.4
v -18.0 -28.0 52.7
v -18.0 -27.7 58.1
v -18.0 -27.0 52.6
v -18.5 -27.0 57.0
v -18.0 -27.0 57.3
v -18.0 -26.0 52.8
v -18.5 -26.0 56.0
v -18.0 -26.2 56.0
v -18.0 -26.0 55.8
v -18.0 -26.7 57.0
v -18.0 -25.7 53.0
v -19.0 -24.8 53.0
v -18.5 -25.0 54.0
v -18.0 -25.4 54.0
v -18.6 -25.0 55.0
v -18.0 -25.5 55.0
v -17.8 -38.0 56.0
v -17.8 -37.0 54.0
v -17.7 -37.0 55.0
v -17.8 -37.0 56.0
v -17.7 -36.0 53.0
v -17.7 -36.0 54.0
v -17.6 -35.0 52.0
v -16.9 -35.0 53.0
v -17.0 -35.0 53.1
v -17.0 -34.0 52.0
v -17.0 -34.0 53.1
v -17.0 -33.9 53.0
v -17.0 -33.0 55.6
v -17.0 -33.4 56.0
v -17.0 -33.5 57.0
v -17.0 -33.3 58.0
v -17.3 -33.0 58.0
v -17.0 -32.0 55.3
v -17.8 -32.0 58.0
v -17.4 -32.0 59.0
v -17.0 -32.2 60.0
v -17.2 -32.0 60.0
v -17.0 -32.0 60.2
v -17.8 -31.0 59.0
v -17.4 -31.0 60.0
v -17.0 -31.0 60.4
v -18.0 -30.0 53.7
v -17.0 -30.0 54.3
v -17.3 -30.0 60.0
v -17.0 -30.0 60.3
v -17.0 -29.0 53.7
v -17.0 -29.6 60.0
v -17.0 -29.0 59.6
v -17.6 -28.0 53.0
v -17.0 -28.0 53.5
v -17.0 -28.5 59.0
v -17.5 -27.0 53.0
v -17.0 -27.0 53.5
v -17.0 -27.5 58.0
v -17.7 -26.0 53.0
v -17.0 -26.0 53.7
v -17.0 -26.6 57.0
v -17.0 -25.8 54.0
v -17.0 -25.7 55.0
v -17.0 -25.9 56.0
v -16.9 -34.0 53.0
v -16.0 -33.3 56.0
v -16.0 -33.6 57.0
v -16.0 -33.6 58.0
v -16.0 -33.4 59.0
v -17.0 -32.5 59.0
v -16.0 -33.0 59.4
v -16.0 -32.0 55.5
v -16.0 -32.5 60.0
v -16.0 -32.0 60.4
v -17.0 -31.0 54.7
v -16.0 -31.0 55.3
v -16.0 -31.0 60.5
v -16.0 -30.0 54.7
v -16.0 -30.0 60.5
v -16.6 -29.0 54.0
v -16.0 -29.0 54.5
v -16.0 -29.0 60.3
v -16.5 -28.0 54.0
v -16.0 -28.0 54.5
v -16.0 -28.2 59.0
v -16.0 -28.0 58.7
v -16.0 -28.6 60.0
v -16.5 -27.0 54.0
v -16.0 -27.0 54.7
v -16.0 -27.5 58.0
v -16.0 -27.0 57.3
v -16.8 -26.0 54.0
v -16.0 -26.7 55.0
v -16.6 -26.0 55.0
v -16.0 -26.6 56.0
v -16.0 -26.7 57.0
v -15.3 -34.0 57.0
v -15.0 -34.0 56.8
v -15.0 -34.2 57.0
v -15.0 -34.5 58.0
v -15.5 -34.0 58.0
v -15.1 -34.3 59.0
v -15.0 -34.0 59.3
v -16.0 -33.0 55.8
v -15.0 -33.0 56.3
v -15.0 -33.0 59.7
v -15.0 -32.0 55.7
v -15.0 -32.7 60.0
v -15.0 -32.0 60.5
v -15.0 -31.0 55.6
v -15.0 -31.0 60.6
v -15.6 -30.0 55.0
v -15.0 -30.0 55.5
v -15.0 -30.0 60.7
v -15.5 -29.0 55.0
v -15.0 -29.0 55.6
v -15.6 -28.0 55.0
v -15.3 -28.0 56.0
v -15.7 -28.0 59.0
v -15.3 -28.0 60.0
v -15.0 -28.0 60.3
v -15.0 -29.0 61.1
v -15.8 -27.0 55.0
v -15.6 -27.0 56.0
v -15.0 -27.7 57.0
v -15.7 -27.0 57.0
v -15.0 -27.5 58.0
v -15.0 -27.2 59.0
v -15.0 -27.7 60.0
v -14.3 -35.0 58.0
v -14.0 -34.4 57.0
v -14.0 -35.2 58.0
v -14.0 -35.2 59.0
v -14.0 -35.0 59.2
v -14.0 -34.0 56.6
v -14.0 -34.0 59.7
v -14.0 -33.0 56.5
v -13.7 -34.0 60.0
v -14.7 -33.0 60.0
v -14.2 -33.0 61.0
v -14.0 -33.0 61.2
v -14.6 -32.0 56.0
v -14.0 -32.0 56.4
v -14.5 -32.0 61.0
v -14.0 -32.0 61.5
v -14.5 -31.0 56.0
v -14.0 -31.0 56.6
v -14.6 -31.0 61.0
v -14.0 -31.0 62.0
v -14.6 -30.0 56.0
v -14.0 -30.0 57.2
v -14.2 -30.0 57.0
v -14.6 -30.0 61.0
v -14.0 -30.0 61.5
v -14.7 -29.0 56.0
v -14.4 -29.0 57.0
v -14.0 -29.0 57.6
v -14.0 -29.0 61.4
v -14.7 -28.0 57.0
v -14.0 -28.5 58.0
v -14.4 -28.0 58.0
v -14.0 -28.0 58.5
v -14.0 -28.6 61.0
v -14.0 -28.0 60.4
v -14.0 -27.6 59.0
v -14.0 -27.6 60.0
v -13.0 -35.3 58.0
v -13.0 -35.4 59.0
v -13.0 -35.0 59.6
v -13.0 -34.0 56.6
v -13.0 -34.4 57.0
v -13.0 -34.7 60.0
v -13.0 -34.3 61.0
v -13.0 -34.0 61.3
v -13.0 -33.0 56.5
v -13.0 -33.0 61.6
v -13.0 -32.0 56.6
v -13.0 -32.0 61.8
v -13.0 -31.4 57.0
v -13.0 -31.0 57.3
v -13.0 -31.6 62.0
v -13.0 -31.0 62.4
v -13.0 -30.0 57.7
v -13.0 -30.5 62.0
v -13.0 -30.0 61.7
v -13.0 -29.6 58.0
v -13.0 -29.0 58.5
v -13.0 -29.0 61.3
v -13.5 -28.0 59.0
v -13.0 -28.5 59.0
v -13.0 -27.9 60.0
v -13.0 -28.7 61.0
v -12.6 -35.0 58.0
v -12.0 -35.2 59.0
v -12.0 -35.3 60.0
v -12.5 -35.0 60.0
v -12.0 -35.2 61.0
v -12.0 -35.0 61.2
v -12.0 -34.0 56.8
v -12.0 -34.2 57.0
v -12.0 -34.6 58.0
v -12.0 -34.0 61.7
v -12.0 -33.0 56.6
v -12.0 -33.5 62.0
v -12.4 -33.0 62.0
v -12.0 -33.0 62.5
v -12.0 -32.0 56.8
v -12.8 -32.0 62.0
v -12.0 -32.6 63.0
v -12.4 -32.0 63.0
v -12.0 -32.3 64.0
v -12.2 -32.0 64.0
v -12.0 -32.0 64.2
v -12.0 -31.7 57.0
v -12.0 -31.0 57.6
v -12.5 -31.0 63.0
v -12.0 -31.0 64.2
v -12.0 -30.6 58.0
v -12.0 -30.0 58.6
v -12.5 -30.0 62.0
v -12.0 -30.0 62.5
v -12.0 -30.4 63.0
v -12.2 -31.0 64.0
v -12.6 -29.0 59.0
v -12.0 -29.6 59.0
v -12.4 -29.0 60.0
v -12.0 -29.5 60.0
v -12.7 -29.0 61.0
v -12.0 -29.5 61.0
v -12.0 -29.7 62.0
v -12.9 -28.0 60.0
v -11.8 -35.0 59.0
v -11.6 -35.0 60.0
v -11.0 -35.0 60.9
v -11.0 -35.1 61.0
v -11.0 -35.0 61.1
v -11.8 -34.0 57.0
v -11.5 -34.0 58.0
v -11.3 -34.0 59.0
v -11.0 -34.0 59.3
v -11.0 -34.6 60.0
v -11.0 -34.4 62.0
v -11.5 -34.0 62.0
v -11.0 -34.0 62.5
v -11.6 -33.0 57.0
v -10.9 -33.0 58.0
v -10.9 -33.0 58.0
v -11.0 -33.6 63.0
v -11.6 -33.0 63.0
v -11.0 -33.3 64.0
v -11.3 -33.0 64.0
v -11.0 -33.0 64.3
v -11.8 -32.0 57.0
v -11.3 -32.0 58.0
v -11.0 -32.0 64.6
v -11.6 -31.0 58.0
v -11.0 -31.0 64.6
v -11.3 -30.3 59.0
v -11.5 -30.0 60.0
v -11.0 -30.5 60.0
v -11.1 -30.2 61.0
v -11.7 -30.0 63.0
v -11.5 -30.0 64.0
v -11.0 -30.0 65.0
v -11.0 -30.0 65.0
v -11.0 -29.7 62.0
v -11.0 -29.0 63.0
v -11.0 -29.0 63.0
v -11.0 -29.0 64.0
v -11.0 -29.0 64.0
v -11.0 -30.0 65.0
v -11.0 -29.0 63.0
v -11.0 -29.0 64.0
v -10.0 -34.0 59.8
v -10.0 -34.2 60.0
v -10.0 -34.0 60.7
v -10.0 -34.3 62.0
v -10.1 -34.0 61.0
v -10.0 -34.3 63.0
v -10.5 -34.0 63.0
v -10.0 -34.2 64.0
v -10.3 -34.0 64.0
v -10.0 -34.0 64.4
v -10.5 -33.0 59.0
v -10.0 -33.0 59.5
v -10.0 -33.5 65.0
v -10.4 -33.0 65.0
v -10.0 -33.0 65.4
v -10.5 -32.0 59.0
v -10.0 -32.0 59.7
v -10.4 -32.0 65.0
v -10.0 -32.0 65.3
v -10.8 -31.0 59.0
v -10.5 -31.0 60.0
v -10.0 -31.4 61.0
v -10.0 -31.0 61.5
v -10.0 -31.3 65.0
v -10.0 -31.0 64.8
v -10.9 -30.0 61.7
v -10.0 -30.5 62.0
v -10.0 -30.0 62.6
v -10.0 -30.2 65.0
v -10.0 -30.0 65.0
v -11.0 -29.0 63.0
v -10.0 -29.7 63.0
v -11.0 -29.0 64.0
v -10.0 -29.6 64.0
v -9.5 -34.0 60.0
v -9.7 -34.0 62.0
v -9.5 -34.0 63.0
v -9.0 -34.0 63.4
v -9.0 -34.4 64.0
v -9.0 -34.5 65.0
v -9.6 -34.0 65.0
v -9.0 -34.2 66.0
v -9.2 -34.0 66.0
v -9.0 -34.0 66.3
v -9.0 -33.2 61.0
v -9.5 -33.0 60.0
v -9.0 -33.4 62.0
v -9.0 -33.6 63.0
v -9.3 -33.0 66.0
v -9.0 -33.0 66.3
v -9.7 -32.0 60.0
v -9.4 -32.0 61.0
v -9.0 -32.0 61.6
v -9.0 -32.4 66.0
v -9.0 -32.0 65.8
v -9.6 -31.0 62.0
v -9.0 -31.7 62.0
v -9.3 -31.0 63.0
v -9.0 -31.4 63.0
v -9.7 -31.0 65.0
v -9.0 -31.0 65.6
v -9.7 -30.0 63.0
v -9.0 -30.7 64.0
v -9.6 -30.0 64.0
v -9.0 -30.7 65.0
v -10.0 -30.0 65.0
v -8.0 -35.1 65.0
v -8.0 -35.1 65.0
v -8.0 -34.0 63.6
v -8.0 -34.4 64.0
v -8.0 -34.7 66.0
v -8.0 -34.4 67.0
v -8.3 -34.0 67.0
v -8.0 -34.3 68.0
v -8.0 -34.3 69.0
v -8.2 -34.0 69.0
v -8.0 -34.0 69.3
v -8.9 -33.0 61.0
v -8.7 -33.0 62.0
v -8.5 -33.0 63.0
v -8.0 -33.0 63.6
v -8.0 -33.4 67.0
v -8.0 -33.0 66.7
v -8.2 -34.0 68.0
v -8.1 -33.0 69.0
v -8.0 -33.0 69.2
v -8.7 -32.0 62.0
v -8.6 -32.0 63.0
v -8.0 -32.5 64.0
v -8.3 -32.0 64.0
v -8.0 -32.0 64.5
v -8.4 -32.0 66.0
v -8.0 -32.0 66.2
v -8.7 -31.0 64.0
v -8.0 -31.6 65.0
v -8.7 -31.0 65.0
v -8.0 -31.8 66.0
v -7.1 -36.0 70.0
v -7.0 -36.0 69.5
v -7.0 -36.1 70.0
v -7.0 -36.0 70.5
v -7.0 -35.0 64.6
v -7.0 -35.3 65.0
v -7.0 -35.4 66.0
v -7.6 -35.0 66.0
v -7.0 -35.3 67.0
v -7.4 -35.0 67.0
v -7.0 -35.0 67.7
v -7.3 -35.0 69.0
v -7.0 -35.0 68.4
v -7.0 -35.8 69.0
v -7.2 -35.0 70.0
v -7.0 -35.0 70.2
v -7.0 -34.0 63.9
v -7.0 -34.8 68.0
v -7.3 -34.0 70.0
v -7.0 -34.0 70.2
v -6.9 -34.0 64.0
v -7.5 -33.0 64.0
v -7.0 -33.0 64.6
v -7.7 -33.0 67.0
v -7.7 -33.0 68.0
v -7.3 -33.0 70.0
v -7.0 -33.0 70.2
v -7.7 -32.0 65.0
v -7.0 -32.7 65.0
v -7.7 -32.0 66.0
v -7.0 -32.5 66.0
v -7.2 -32.0 68.0
v -7.4 -32.0 69.0
v -7.1 -32.0 70.0
v -7.0 -32.0 70.1
v -7.0 -31.8 68.0
v -7.0 -31.1 69.0
v -7.0 -31.4 70.0
v -6.9 -36.0 70.0
v -6.0 -35.3 66.0
v -6.0 -35.3 67.0
v -6.6 -35.0 69.0
v -6.0 -35.1 68.0
v -6.8 -35.0 70.0
v -6.4 -34.0 65.0
v -6.0 -34.0 65.6
v -6.0 -34.4 69.0
v -6.0 -34.0 69.3
v -6.7 -34.0 70.0
v -6.7 -33.0 65.0
v -6.0 -33.6 66.0
v -6.5 -33.0 66.0
v -6.4 -33.0 67.0
v -6.0 -33.4 67.0
v -6.7 -33.0 70.0
v -6.0 -33.0 69.3
v -7.0 -32.0 67.0
v -6.0 -32.7 68.0
v -6.7 -32.0 68.0
v -6.6 -32.0 69.0
v -6.0 -32.7 69.0
v -6.9 -32.0 70.0
v -6.0 -35.0 65.0
v -5.7 -35.0 66.0
v -5.7 -35.0 67.0
v -5.9 -35.0 68.0
v -5.7 -34.0 66.0
v -5.6 -34.0 67.0
v -5.6 -34.0 68.0
v -5.7 -34.0 69.0
v -5.7 -33.0 68.0
v -5.8 -33.0 69.0
f 3 2 1
f 5 4 1
f 1 4 3
f 5 6 4
f 2 7 1
f 1 7 5
f 5 7 8
f 5 8 6
f 10 9 3
f 3 9 2
f 11 3 4
f 11 10 3
f 4 6 11
f 11 6 12
f 9 13 2
f 2 13 7
f 13 15 14
f 8 13 14
f 7 13 8
f 14 16 8
f 16 6 8
f 16 12 6
f 15 17 14
f 14 17 16
f 18 9 10
f 18 10 19
f 10 20 19
f 10 11 20
f 11 12 20
f 20 12 21
f 18 13 9
f 15 13 18
f 19 15 18
f 22 15 19
f 16 24 23
f 21 16 23
f 12 16 21
f 24 25 23
f 22 26 15
f 15 26 17
f 16 17 24
f 17 27 24
f 17 26 27
f 24 27 25
f 20 28 19
f 20 21 28
f 28 21 29
f 31 22 30
f 22 28 30
f 22 19 28
f 33 32 23
f 31 23 32
f 23 31 21
f 30 21 31
f 21 30 29
f 34 23 25
f 34 33 23
f 25 35 34
f 31 26 22
f 27 26 31
f 36 27 31
f 32 36 31
f 37 27 36
f 37 25 27
f 38 25 37
f 35 25 39
f 39 25 38
f 36 40 37
f 37 40 38
f 38 40 41
f 38 41 39
f 43 42 28
f 28 29 43
f 43 29 44
f 30 28 45
f 28 46 45
f 28 42 46
f 47 32 33
f 32 47 45
f 44 45 47
f 45 44 30
f 29 30 44
f 47 33 34
f 49 48 35
f 48 34 35
f 48 47 34
f 49 50 48
f 45 46 103
f 103 36 32
f 103 32 45
f 39 52 49
f 39 49 35
f 49 53 50
f 49 52 53
f 51 50 55
f 50 54 55
f 50 53 54
f 103 40 36
f 103 56 40
f 40 57 41
f 56 57 40
f 41 57 39
f 57 58 39
f 58 52 39
f 58 57 59
f 52 60 53
f 52 58 60
f 53 61 54
f 53 60 61
f 55 54 62
f 62 54 61
f 58 59 63
f 63 59 64
f 58 65 60
f 58 63 65
f 66 61 68
f 61 65 68
f 61 60 65
f 61 66 62
f 64 67 63
f 63 67 65
f 65 67 68
f 71 70 69
f 71 72 70
f 75 74 73
f 74 69 73
f 74 71 69
f 72 71 76
f 76 71 74
f 74 75 76
f 78 77 79
f 80 77 78
f 81 78 79
f 81 82 78
f 80 78 83
f 83 78 82
f 82 81 84
f 82 84 83
f 87 86 85
f 89 88 85
f 85 88 87
f 91 90 89
f 89 90 88
f 91 92 90
f 85 86 43
f 86 42 43
f 86 94 42
f 85 43 44
f 95 85 44
f 89 85 95
f 89 96 91
f 89 95 96
f 91 97 92
f 91 96 97
f 93 92 98
f 92 97 98
f 94 46 42
f 100 46 94
f 47 95 44
f 95 47 96
f 96 47 48
f 96 48 97
f 97 48 50
f 97 50 98
f 50 51 98
f 51 99 98
f 51 101 99
f 103 100 102
f 103 46 100
f 104 103 102
f 105 101 51
f 105 51 55
f 105 55 106
f 104 107 103
f 107 56 103
f 56 108 57
f 107 108 56
f 59 57 108
f 59 108 156
f 62 106 55
f 62 109 106
f 64 156 110
f 59 156 64
f 112 111 66
f 112 66 68
f 62 66 109
f 109 66 111
f 110 113 64
f 113 67 64
f 113 114 67
f 67 115 68
f 114 115 67
f 112 68 115
f 117 116 69
f 118 69 70
f 118 117 69
f 119 70 72
f 119 118 70
f 121 169 120
f 120 122 73
f 116 120 73
f 69 116 73
f 120 116 121
f 122 75 73
f 72 123 119
f 76 123 72
f 120 169 124
f 124 169 125
f 122 124 77
f 120 124 122
f 126 122 77
f 122 126 75
f 126 127 75
f 127 76 75
f 127 123 76
f 124 125 128
f 128 125 129
f 128 79 77
f 128 77 124
f 80 130 126
f 80 126 77
f 127 126 132
f 132 126 130
f 128 129 81
f 129 131 81
f 128 81 79
f 133 132 130
f 80 133 130
f 83 133 80
f 131 134 81
f 81 135 84
f 134 135 81
f 83 84 133
f 133 84 135
f 139 138 136
f 141 140 139
f 139 140 138
f 143 142 141
f 141 142 140
f 143 144 142
f 145 194 87
f 87 194 86
f 88 136 137
f 145 88 137
f 87 88 145
f 136 88 90
f 136 90 139
f 139 90 92
f 139 92 141
f 141 92 93
f 146 141 93
f 143 141 146
f 144 143 147
f 147 143 146
f 194 94 86
f 148 94 194
f 98 146 93
f 98 99 146
f 99 147 146
f 99 149 147
f 148 100 94
f 150 100 148
f 101 149 99
f 101 153 149
f 150 151 100
f 100 151 102
f 104 102 151
f 104 151 152
f 153 101 105
f 105 106 153
f 153 106 154
f 152 155 104
f 104 155 107
f 155 157 156
f 108 155 156
f 107 155 108
f 109 154 106
f 109 158 154
f 156 157 110
f 157 159 110
f 112 160 111
f 160 109 111
f 160 158 109
f 159 161 110
f 110 161 113
f 113 162 114
f 161 162 113
f 114 163 115
f 162 163 114
f 112 115 160
f 115 164 160
f 115 163 164
f 166 165 117
f 117 165 116
f 167 117 118
f 167 166 117
f 168 118 119
f 168 167 118
f 168 119 172
f 121 170 169
f 121 171 170
f 121 116 165
f 121 165 171
f 173 172 119
f 173 119 123
f 170 174 169
f 175 169 174
f 125 169 175
f 127 173 123
f 127 176 173
f 175 129 125
f 177 129 175
f 132 176 127
f 132 178 176
f 177 131 129
f 224 131 177
f 133 182 132
f 182 178 132
f 134 131 179
f 131 180 179
f 131 224 180
f 181 135 134
f 181 134 179
f 181 188 135
f 135 188 133
f 188 182 133
f 185 184 183
f 185 183 180
f 183 179 180
f 183 186 179
f 188 181 187
f 181 186 187
f 181 179 186
f 189 238 136
f 136 238 137
f 190 136 138
f 190 189 136
f 191 138 140
f 191 190 138
f 142 183 184
f 191 142 184
f 140 142 191
f 183 142 144
f 192 183 144
f 186 183 192
f 187 186 193
f 193 186 192
f 195 194 145
f 137 195 145
f 238 195 137
f 147 196 192
f 147 192 144
f 193 192 196
f 195 242 194
f 242 148 194
f 149 197 196
f 149 196 147
f 242 150 148
f 198 150 242
f 153 197 149
f 199 197 153
f 150 198 151
f 152 151 198
f 152 198 200
f 154 201 153
f 201 199 153
f 200 202 152
f 152 202 155
f 157 155 202
f 157 202 203
f 158 205 201
f 158 201 154
f 203 159 157
f 204 159 203
f 158 206 205
f 160 206 158
f 204 253 159
f 159 253 161
f 161 207 162
f 253 207 161
f 162 208 163
f 207 208 162
f 163 209 164
f 208 209 163
f 160 164 206
f 206 164 209
f 211 265 210
f 165 166 210
f 166 211 210
f 166 212 211
f 167 212 166
f 213 167 168
f 168 172 213
f 213 172 214
f 265 216 210
f 216 170 210
f 170 171 210
f 170 216 215
f 210 171 165
f 218 217 172
f 218 172 173
f 214 172 217
f 174 170 215
f 175 219 220
f 175 216 219
f 175 174 215
f 216 175 215
f 176 218 173
f 176 221 218
f 222 175 220
f 177 175 222
f 178 221 176
f 178 223 221
f 222 225 224
f 177 222 224
f 227 226 182
f 226 223 182
f 223 178 182
f 224 225 228
f 228 225 229
f 228 180 224
f 230 231 227
f 230 227 182
f 188 230 182
f 234 233 232
f 232 235 234
f 228 229 185
f 229 184 185
f 229 236 184
f 228 185 180
f 231 230 188
f 187 231 188
f 237 231 187
f 233 241 232
f 241 189 232
f 189 190 232
f 189 241 238
f 239 235 232
f 190 239 232
f 191 239 190
f 191 184 236
f 191 236 239
f 237 193 240
f 237 187 193
f 241 287 238
f 287 195 238
f 196 288 193
f 193 288 240
f 243 242 195
f 287 243 195
f 196 244 288
f 196 197 244
f 245 198 242
f 242 243 246
f 242 246 245
f 199 244 197
f 199 247 244
f 200 198 245
f 246 200 245
f 248 200 246
f 199 201 249
f 250 199 249
f 247 199 250
f 200 248 202
f 203 202 248
f 203 248 251
f 250 249 205
f 250 205 252
f 201 205 249
f 253 204 302
f 204 251 302
f 204 203 251
f 255 254 253
f 255 253 302
f 257 256 254
f 257 254 255
f 259 258 256
f 259 256 257
f 258 259 252
f 258 252 205
f 206 258 205
f 207 253 254
f 207 254 208
f 208 254 256
f 208 256 209
f 209 256 258
f 209 258 206
f 262 261 260
f 260 267 262
f 261 266 260
f 266 211 260
f 211 212 260
f 211 266 265
f 212 267 260
f 167 267 212
f 267 213 263
f 167 213 267
f 213 214 263
f 214 264 263
f 214 268 264
f 266 269 265
f 269 216 265
f 271 270 217
f 271 217 218
f 214 217 268
f 268 217 270
f 273 272 219
f 219 272 220
f 219 216 269
f 219 269 273
f 271 221 274
f 218 221 271
f 272 275 220
f 222 220 275
f 222 275 326
f 327 276 274
f 223 327 274
f 221 223 274
f 326 277 225
f 225 222 326
f 227 327 226
f 278 327 227
f 226 327 223
f 277 229 225
f 333 229 277
f 279 227 231
f 279 278 227
f 281 280 234
f 234 280 233
f 282 234 235
f 282 281 234
f 236 333 282
f 229 333 236
f 237 283 231
f 231 283 279
f 280 241 233
f 284 241 280
f 239 282 235
f 282 239 236
f 283 237 285
f 237 240 285
f 240 286 285
f 290 287 241
f 284 290 241
f 286 288 289
f 286 240 288
f 290 346 287
f 346 243 287
f 244 289 288
f 244 291 289
f 346 246 243
f 351 246 346
f 247 291 244
f 247 292 291
f 294 248 293
f 248 351 293
f 248 246 351
f 296 295 294
f 296 294 293
f 297 295 296
f 301 300 298
f 301 292 300
f 292 250 300
f 292 247 250
f 248 294 251
f 294 302 251
f 294 295 302
f 295 297 303
f 295 303 302
f 299 298 304
f 299 304 305
f 306 298 300
f 304 298 306
f 252 306 250
f 250 306 300
f 307 255 302
f 303 307 302
f 308 255 307
f 309 305 304
f 255 309 304
f 257 255 304
f 309 255 308
f 257 304 259
f 259 304 306
f 259 306 252
f 307 310 308
f 308 310 309
f 311 261 262
f 311 262 267
f 313 368 312
f 263 313 312
f 263 314 313
f 263 264 314
f 314 264 315
f 317 316 311
f 316 261 311
f 316 266 261
f 317 312 368
f 317 267 312
f 317 311 267
f 312 267 263
f 268 315 264
f 268 318 315
f 320 319 266
f 266 319 269
f 266 316 320
f 271 321 270
f 321 268 270
f 321 318 268
f 323 322 273
f 273 322 272
f 273 269 319
f 273 319 323
f 274 276 271
f 276 321 271
f 276 324 321
f 325 326 275
f 322 325 275
f 272 322 275
f 329 327 328
f 276 327 329
f 324 276 329
f 330 325 331
f 330 277 326
f 325 330 326
f 278 332 327
f 328 327 332
f 330 331 333
f 333 331 334
f 333 277 330
f 335 383 332
f 278 335 332
f 279 335 278
f 336 385 281
f 281 385 280
f 282 333 334
f 336 282 334
f 281 282 336
f 335 279 338
f 279 337 338
f 337 339 338
f 279 283 337
f 385 284 280
f 340 284 385
f 285 337 283
f 339 337 341
f 337 286 341
f 286 342 341
f 286 337 285
f 340 290 284
f 343 290 340
f 289 344 286
f 344 345 286
f 345 342 286
f 347 346 290
f 343 347 290
f 349 350 344
f 291 349 344
f 289 291 344
f 348 349 291
f 344 350 345
f 346 347 352
f 346 352 351
f 353 354 349
f 348 353 349
f 355 353 348
f 292 355 291
f 291 355 348
f 352 356 351
f 356 293 351
f 356 296 293
f 297 296 356
f 297 356 357
f 354 353 298
f 299 354 298
f 358 354 299
f 298 353 301
f 301 353 355
f 301 355 292
f 357 303 297
f 359 303 357
f 305 358 299
f 305 360 358
f 359 307 303
f 361 307 359
f 309 360 305
f 309 362 360
f 361 363 307
f 307 363 310
f 309 310 362
f 362 310 363
f 366 365 364
f 364 367 366
f 369 416 368
f 313 369 368
f 313 370 369
f 314 364 365
f 370 314 365
f 313 314 370
f 314 315 364
f 315 367 364
f 315 371 367
f 368 416 317
f 416 316 317
f 416 372 316
f 371 318 373
f 315 318 371
f 372 374 320
f 320 374 319
f 320 316 372
f 318 375 373
f 321 375 318
f 374 376 323
f 323 376 322
f 323 319 374
f 324 375 321
f 324 377 375
f 322 378 325
f 376 378 322
f 328 379 329
f 379 324 329
f 379 377 324
f 325 378 380
f 325 380 331
f 332 381 328
f 328 381 379
f 382 334 331
f 382 331 380
f 384 332 383
f 384 381 332
f 386 385 336
f 334 386 336
f 382 386 334
f 338 383 335
f 338 339 383
f 339 384 383
f 339 387 384
f 388 340 385
f 385 386 388
f 342 389 341
f 389 339 341
f 389 387 339
f 390 340 388
f 390 343 340
f 392 391 342
f 345 392 342
f 342 391 389
f 347 390 393
f 343 390 347
f 394 441 349
f 349 395 350
f 441 395 349
f 345 350 392
f 392 350 395
f 396 393 397
f 396 352 347
f 396 347 393
f 349 354 394
f 394 354 398
f 396 397 399
f 399 397 445
f 400 356 352
f 396 400 352
f 399 400 396
f 400 357 356
f 358 398 354
f 358 401 398
f 445 402 399
f 404 403 402
f 403 399 402
f 403 400 399
f 403 359 357
f 403 357 400
f 360 401 358
f 360 405 401
f 403 404 406
f 406 361 359
f 406 359 403
f 362 405 360
f 362 407 405
f 406 363 361
f 406 408 363
f 362 363 407
f 407 363 408
f 411 410 409
f 409 412 411
f 414 413 410
f 410 413 409
f 413 365 409
f 365 366 409
f 366 367 409
f 367 412 409
f 367 415 412
f 369 417 416
f 369 418 417
f 418 370 413
f 369 370 418
f 413 370 365
f 371 415 367
f 371 419 415
f 423 416 417
f 372 416 423
f 420 419 371
f 420 371 373
f 420 373 421
f 423 422 372
f 372 422 374
f 425 421 373
f 425 373 375
f 424 376 374
f 422 424 374
f 377 426 425
f 375 377 425
f 426 427 425
f 481 376 424
f 481 378 376
f 379 428 426
f 379 426 377
f 427 426 428
f 481 380 378
f 381 432 379
f 432 429 379
f 429 428 379
f 380 430 382
f 481 430 380
f 384 431 381
f 432 381 431
f 430 433 382
f 433 386 382
f 387 431 384
f 432 431 434
f 434 431 387
f 433 388 386
f 435 388 433
f 436 434 387
f 389 436 387
f 437 490 388
f 388 490 390
f 388 435 437
f 439 438 391
f 439 391 392
f 389 391 436
f 436 391 438
f 390 440 393
f 490 440 390
f 442 441 394
f 441 443 395
f 392 395 439
f 439 395 443
f 393 440 497
f 393 497 397
f 444 394 398
f 444 442 394
f 397 497 499
f 397 499 445
f 401 446 398
f 444 398 447
f 447 398 446
f 449 448 404
f 449 404 402
f 499 449 402
f 445 499 402
f 451 450 448
f 451 448 449
f 451 452 446
f 405 451 446
f 401 405 446
f 450 451 405
f 446 452 447
f 448 406 404
f 453 448 450
f 406 448 453
f 407 453 405
f 405 453 450
f 408 406 453
f 408 453 407
f 456 455 454
f 458 457 454
f 454 457 456
f 458 459 457
f 454 455 460
f 460 455 506
f 454 461 458
f 454 460 461
f 411 462 410
f 462 458 410
f 458 461 410
f 458 462 459
f 464 463 412
f 463 411 412
f 463 462 411
f 460 506 465
f 465 506 466
f 465 413 414
f 461 465 414
f 460 465 461
f 461 414 410
f 415 467 464
f 415 464 412
f 464 468 510
f 464 467 468
f 468 473 510
f 466 469 465
f 469 417 465
f 417 418 465
f 465 418 413
f 419 470 467
f 419 467 415
f 467 471 468
f 467 470 471
f 473 471 472
f 473 468 471
f 469 423 417
f 474 423 469
f 420 470 419
f 470 420 421
f 475 470 421
f 471 470 475
f 472 471 476
f 476 471 475
f 423 477 422
f 423 474 477
f 425 478 421
f 478 475 421
f 475 478 476
f 477 424 422
f 479 424 477
f 427 478 425
f 427 480 478
f 479 481 424
f 428 480 427
f 428 482 480
f 479 483 481
f 484 429 432
f 428 429 482
f 482 429 484
f 483 430 481
f 485 433 430
f 483 485 430
f 434 484 432
f 434 486 484
f 487 435 433
f 433 485 487
f 489 488 434
f 489 434 436
f 486 434 488
f 491 490 437
f 491 437 435
f 487 491 435
f 493 492 438
f 493 438 439
f 436 438 489
f 489 438 492
f 540 440 490
f 490 491 540
f 495 494 441
f 495 441 442
f 441 496 443
f 494 496 441
f 439 443 493
f 493 443 496
f 540 497 440
f 444 495 442
f 444 498 495
f 497 544 499
f 447 498 444
f 447 500 498
f 544 501 499
f 501 449 499
f 501 451 449
f 451 502 452
f 501 502 451
f 447 452 500
f 500 452 502
f 503 455 456
f 503 456 504
f 456 505 504
f 456 457 505
f 457 459 505
f 503 506 455
f 503 504 512
f 503 512 506
f 507 505 459
f 507 459 462
f 508 462 463
f 508 507 462
f 510 509 464
f 509 463 464
f 509 508 463
f 510 511 509
f 512 560 506
f 560 466 506
f 513 511 510
f 473 513 510
f 513 473 514
f 515 469 560
f 469 466 560
f 472 516 473
f 516 565 473
f 565 514 473
f 517 474 515
f 515 474 469
f 476 521 516
f 476 516 472
f 565 516 521
f 518 477 474
f 519 518 474
f 517 519 474
f 478 520 476
f 520 521 476
f 571 479 477
f 571 477 518
f 480 523 478
f 478 523 520
f 522 479 571
f 482 523 480
f 524 483 479
f 522 524 479
f 525 482 484
f 525 523 482
f 483 524 526
f 525 484 527
f 528 485 483
f 483 526 528
f 486 529 527
f 486 527 484
f 530 485 528
f 530 487 485
f 532 531 488
f 532 488 489
f 486 488 529
f 488 533 529
f 488 531 533
f 535 534 491
f 487 535 491
f 530 535 487
f 492 493 538
f 539 492 538
f 489 492 532
f 532 492 539
f 534 540 491
f 534 535 541
f 534 541 540
f 537 536 494
f 495 537 494
f 542 537 495
f 494 536 496
f 496 536 538
f 496 538 493
f 543 497 540
f 540 541 593
f 540 593 543
f 498 542 495
f 498 593 542
f 543 544 497
f 545 543 593
f 544 543 545
f 593 500 545
f 593 498 500
f 501 544 502
f 502 544 545
f 502 545 500
f 548 596 546
f 546 596 547
f 548 556 596
f 550 549 505
f 505 549 504
f 552 551 505
f 551 550 505
f 551 552 547
f 552 546 547
f 552 553 546
f 546 554 548
f 546 553 554
f 556 554 555
f 556 548 554
f 549 512 504
f 557 512 549
f 507 552 505
f 552 507 508
f 552 508 553
f 553 508 509
f 553 509 554
f 511 558 509
f 558 555 509
f 555 554 509
f 511 559 558
f 561 560 512
f 557 561 512
f 563 562 514
f 514 562 513
f 562 559 513
f 559 511 513
f 561 515 560
f 564 515 561
f 565 563 514
f 567 563 565
f 564 517 515
f 566 517 564
f 568 567 565
f 521 568 565
f 569 617 519
f 519 617 518
f 519 517 566
f 519 566 569
f 570 521 520
f 568 521 570
f 518 572 571
f 617 572 518
f 570 520 574
f 520 573 574
f 573 575 574
f 520 523 573
f 576 522 571
f 571 572 576
f 523 577 573
f 575 577 578
f 575 573 577
f 627 522 576
f 627 524 522
f 525 581 577
f 525 577 523
f 578 577 579
f 579 577 581
f 627 526 524
f 580 526 627
f 525 582 581
f 527 582 525
f 580 528 526
f 529 582 527
f 529 583 582
f 584 530 528
f 585 584 528
f 580 585 528
f 532 586 531
f 587 531 586
f 533 531 587
f 529 533 583
f 583 533 587
f 588 535 584
f 584 535 530
f 589 536 537
f 584 589 537
f 588 584 537
f 589 584 585
f 536 590 538
f 589 590 536
f 538 642 539
f 590 642 538
f 532 539 586
f 539 591 586
f 539 642 591
f 592 541 588
f 588 541 535
f 542 592 537
f 537 592 588
f 592 593 541
f 542 593 592
f 595 594 547
f 596 595 547
f 597 596 556
f 599 598 556
f 598 597 556
f 599 604 598
f 601 600 550
f 550 600 549
f 602 550 551
f 602 601 550
f 551 547 594
f 551 594 602
f 555 599 556
f 603 599 555
f 604 599 603
f 600 557 549
f 605 557 600
f 555 558 559
f 606 555 559
f 603 555 606
f 604 603 607
f 607 603 606
f 605 561 557
f 608 561 605
f 562 606 559
f 562 563 606
f 563 607 606
f 563 609 607
f 564 608 610
f 564 561 608
f 567 609 563
f 567 612 609
f 614 613 610
f 613 564 610
f 613 566 564
f 614 610 611
f 616 615 567
f 616 567 568
f 612 567 615
f 618 617 569
f 566 618 569
f 613 618 566
f 568 570 616
f 616 570 621
f 619 572 617
f 617 618 620
f 617 620 619
f 621 570 574
f 574 575 621
f 621 575 622
f 623 572 619
f 623 576 572
f 578 624 575
f 575 624 622
f 624 625 622
f 625 626 622
f 628 627 576
f 623 628 576
f 629 688 624
f 578 629 624
f 579 629 578
f 630 624 688
f 630 625 624
f 626 625 630
f 631 580 627
f 627 628 632
f 627 632 631
f 582 633 581
f 633 634 581
f 634 579 581
f 634 629 579
f 635 580 631
f 631 632 636
f 631 636 635
f 583 637 633
f 583 633 582
f 634 633 638
f 638 633 637
f 639 585 635
f 635 585 580
f 635 636 640
f 641 635 640
f 639 635 641
f 643 642 641
f 643 641 640
f 644 642 643
f 586 645 587
f 637 583 587
f 645 637 587
f 646 637 645
f 638 637 647
f 647 637 646
f 639 589 585
f 589 639 590
f 590 639 641
f 590 641 642
f 644 648 642
f 648 591 642
f 586 591 645
f 591 649 645
f 591 648 649
f 645 649 646
f 646 649 650
f 646 650 647
f 654 653 652
f 594 595 652
f 595 654 652
f 595 655 654
f 656 595 596
f 656 655 595
f 656 597 651
f 596 597 656
f 597 657 651
f 598 657 597
f 660 598 604
f 660 657 598
f 658 600 601
f 653 659 652
f 659 601 652
f 601 602 652
f 601 659 658
f 652 602 594
f 604 663 660
f 661 605 658
f 658 605 600
f 658 659 662
f 658 662 661
f 607 664 663
f 604 607 663
f 665 608 661
f 661 608 605
f 661 662 666
f 661 666 665
f 609 664 607
f 667 664 609
f 665 610 608
f 611 610 665
f 666 611 665
f 668 611 666
f 612 669 609
f 667 609 670
f 670 609 669
f 672 671 614
f 614 671 613
f 614 611 668
f 614 668 672
f 616 673 615
f 669 612 615
f 673 669 615
f 674 669 673
f 670 669 675
f 675 669 674
f 671 618 613
f 676 618 671
f 673 616 621
f 677 673 621
f 673 678 674
f 673 677 678
f 675 674 679
f 679 674 678
f 676 620 618
f 680 620 676
f 681 621 622
f 677 621 681
f 677 682 678
f 677 681 682
f 679 678 683
f 683 678 682
f 684 733 619
f 619 733 623
f 619 620 680
f 619 680 684
f 682 681 685
f 681 626 685
f 626 686 685
f 626 681 622
f 682 685 683
f 733 628 623
f 687 628 733
f 630 686 626
f 630 689 686
f 687 632 628
f 690 632 687
f 691 741 688
f 629 691 688
f 634 691 629
f 688 741 630
f 741 692 630
f 689 630 692
f 690 636 632
f 743 636 690
f 638 691 634
f 638 693 691
f 743 694 636
f 636 694 640
f 640 695 643
f 694 695 640
f 697 696 644
f 643 697 644
f 695 697 643
f 699 698 696
f 699 696 697
f 700 698 699
f 647 693 638
f 647 701 693
f 696 648 644
f 648 696 649
f 649 696 698
f 700 649 698
f 700 650 649
f 647 650 701
f 701 650 700
f 656 704 702
f 651 704 656
f 651 705 704
f 707 706 651
f 706 705 651
f 708 710 709
f 711 761 654
f 654 761 653
f 655 702 703
f 711 655 703
f 654 655 711
f 702 655 656
f 657 707 651
f 657 712 707
f 660 712 657
f 712 660 714
f 708 713 710
f 761 659 653
f 715 659 761
f 663 716 660
f 716 714 660
f 715 662 659
f 717 662 715
f 664 716 663
f 664 718 716
f 717 666 662
f 719 666 717
f 667 718 664
f 667 720 718
f 719 668 666
f 721 668 719
f 670 720 667
f 670 722 720
f 723 777 672
f 672 777 671
f 672 668 721
f 672 721 723
f 675 725 724
f 722 675 724
f 670 675 722
f 725 726 724
f 777 676 671
f 727 676 777
f 679 728 725
f 679 725 675
f 726 725 729
f 729 725 728
f 727 680 676
f 730 680 727
f 732 731 728
f 679 732 728
f 683 732 679
f 728 731 729
f 734 733 684
f 680 734 684
f 730 734 680
f 736 735 685
f 736 685 686
f 683 685 732
f 732 685 735
f 737 687 733
f 733 734 738
f 733 738 737
f 689 736 686
f 689 739 736
f 740 690 737
f 737 690 687
f 737 738 740
f 746 692 741
f 746 742 692
f 742 689 692
f 742 739 689
f 740 743 690
f 740 796 743
f 745 744 741
f 691 745 741
f 693 745 691
f 741 744 746
f 796 747 743
f 747 694 743
f 747 695 694
f 695 748 697
f 747 748 695
f 697 749 699
f 748 749 697
f 751 750 700
f 699 751 700
f 749 751 699
f 751 745 750
f 745 701 750
f 745 693 701
f 700 750 701
f 754 753 702
f 702 753 703
f 754 704 752
f 702 704 754
f 704 819 752
f 705 819 704
f 755 705 706
f 755 819 705
f 757 756 707
f 756 706 707
f 756 755 706
f 708 709 757
f 709 756 757
f 709 758 756
f 759 709 710
f 759 758 709
f 710 760 759
f 762 761 711
f 703 762 711
f 753 762 703
f 712 757 707
f 763 712 714
f 763 757 712
f 763 713 708
f 757 763 708
f 763 710 713
f 764 710 763
f 760 710 765
f 765 710 764
f 766 715 761
f 761 762 766
f 716 767 763
f 716 763 714
f 764 767 768
f 764 763 767
f 764 768 765
f 769 715 766
f 769 717 715
f 718 770 767
f 718 767 716
f 768 767 771
f 771 767 770
f 769 719 717
f 772 719 769
f 774 773 770
f 718 774 770
f 720 774 718
f 770 773 771
f 772 721 719
f 775 721 772
f 722 774 720
f 722 776 774
f 778 777 723
f 721 778 723
f 775 778 721
f 779 776 722
f 779 722 724
f 783 780 726
f 780 724 726
f 780 779 724
f 781 727 777
f 777 778 782
f 777 782 781
f 726 784 783
f 729 784 726
f 785 730 781
f 781 730 727
f 781 782 785
f 732 786 731
f 786 729 731
f 786 784 729
f 785 734 730
f 785 782 854
f 788 787 735
f 788 735 736
f 732 735 786
f 735 789 786
f 735 787 789
f 790 738 785
f 785 738 734
f 785 854 791
f 785 791 790
f 739 788 736
f 739 792 788
f 790 740 738
f 790 791 793
f 795 792 794
f 792 742 794
f 792 739 742
f 790 796 740
f 790 793 797
f 790 797 796
f 745 798 744
f 744 794 746
f 794 744 795
f 798 795 744
f 795 798 799
f 800 799 798
f 794 742 746
f 806 799 800
f 797 801 796
f 801 747 796
f 801 748 747
f 749 801 802
f 748 801 749
f 803 751 749
f 803 749 802
f 798 745 751
f 803 798 751
f 804 798 803
f 806 800 805
f 800 804 805
f 800 798 804
f 803 802 807
f 803 807 804
f 804 807 808
f 804 808 805
f 811 810 809
f 809 812 811
f 814 813 810
f 813 809 810
f 813 815 809
f 812 809 816
f 816 809 815
f 819 818 752
f 818 817 752
f 819 820 818
f 813 821 815
f 815 821 822
f 815 822 816
f 824 823 754
f 754 823 753
f 754 752 817
f 754 817 824
f 819 755 820
f 755 825 820
f 756 825 755
f 826 756 758
f 826 825 756
f 827 758 759
f 827 826 758
f 829 828 760
f 828 759 760
f 828 827 759
f 829 830 828
f 823 762 753
f 831 762 823
f 765 832 829
f 765 829 760
f 830 829 833
f 833 829 832
f 831 766 762
f 834 766 831
f 832 765 768
f 835 832 768
f 836 832 835
f 833 832 837
f 837 832 836
f 838 769 766
f 839 838 766
f 834 839 766
f 841 840 835
f 768 841 835
f 771 841 768
f 835 840 836
f 836 840 842
f 836 842 837
f 843 769 838
f 843 772 769
f 774 844 773
f 844 845 773
f 845 771 773
f 845 841 771
f 843 775 772
f 846 775 843
f 776 844 774
f 845 844 847
f 847 844 776
f 848 778 919
f 778 846 919
f 778 775 846
f 849 847 776
f 779 849 776
f 780 849 779
f 780 783 849
f 849 783 850
f 848 782 778
f 848 851 782
f 784 925 783
f 925 850 783
f 782 851 927
f 782 927 852
f 784 853 925
f 786 853 784
f 852 854 782
f 852 927 855
f 852 855 854
f 857 856 787
f 857 787 788
f 787 858 789
f 856 858 787
f 786 789 853
f 853 789 858
f 860 859 854
f 859 791 854
f 860 854 855
f 792 857 788
f 792 861 857
f 859 793 791
f 862 793 859
f 792 795 861
f 861 795 863
f 797 862 864
f 797 793 862
f 866 863 795
f 866 795 799
f 799 806 866
f 866 806 867
f 864 801 797
f 869 868 802
f 869 802 801
f 865 869 801
f 864 865 801
f 870 868 869
f 805 873 806
f 873 867 806
f 870 871 868
f 871 802 868
f 871 807 802
f 807 872 808
f 871 872 807
f 805 808 873
f 808 872 873
f 874 810 811
f 812 874 811
f 876 875 814
f 814 875 813
f 814 810 874
f 877 814 874
f 876 814 877
f 812 816 874
f 816 878 874
f 878 877 874
f 878 816 879
f 879 880 878
f 881 817 968
f 817 818 968
f 895 968 820
f 968 818 820
f 884 883 882
f 882 883 969
f 885 886 884
f 884 886 883
f 887 889 821
f 875 887 821
f 813 875 821
f 887 875 888
f 890 822 821
f 890 821 889
f 879 816 822
f 890 879 822
f 891 879 890
f 880 879 892
f 892 879 891
f 894 893 824
f 824 893 823
f 824 817 881
f 894 824 881
f 895 882 969
f 895 825 882
f 825 895 820
f 882 825 826
f 882 826 884
f 884 826 827
f 884 827 885
f 896 886 885
f 827 896 885
f 828 896 827
f 828 830 896
f 896 830 897
f 887 888 898
f 898 888 899
f 887 900 889
f 887 898 900
f 889 901 890
f 889 900 901
f 902 891 907
f 891 901 907
f 891 890 901
f 891 902 892
f 893 831 823
f 903 831 893
f 897 833 904
f 830 833 897
f 899 905 898
f 898 905 900
f 900 905 906
f 900 906 901
f 901 906 907
f 903 834 831
f 908 834 903
f 837 909 904
f 837 904 833
f 910 904 909
f 839 908 911
f 834 908 839
f 841 912 840
f 840 912 913
f 1003 840 913
f 842 840 1003
f 837 842 909
f 842 914 909
f 842 1003 914
f 909 914 910
f 911 843 838
f 911 915 843
f 911 838 839
f 845 916 912
f 845 912 841
f 913 912 917
f 917 912 916
f 919 846 918
f 846 915 918
f 846 843 915
f 847 920 916
f 847 916 845
f 917 916 921
f 921 916 920
f 922 923 848
f 922 848 919
f 918 922 919
f 849 920 847
f 849 850 920
f 850 921 920
f 850 924 921
f 923 851 848
f 923 1018 851
f 926 924 925
f 924 850 925
f 851 1018 928
f 851 928 927
f 853 926 925
f 929 926 853
f 928 930 927
f 930 855 927
f 857 931 856
f 856 931 932
f 858 856 932
f 853 858 929
f 929 858 932
f 855 933 860
f 930 933 855
f 935 936 931
f 861 935 931
f 857 861 931
f 934 935 861
f 931 936 932
f 937 862 860
f 860 862 859
f 860 933 1032
f 860 1032 937
f 940 934 863
f 863 934 861
f 937 864 862
f 1032 941 865
f 1032 865 864
f 937 1032 864
f 941 1032 939
f 938 941 939
f 942 941 938
f 938 1036 942
f 863 866 943
f 944 863 943
f 940 863 944
f 867 943 866
f 941 869 865
f 869 941 870
f 941 945 870
f 941 942 945
f 946 942 1036
f 945 942 946
f 946 1036 944
f 943 946 944
f 873 946 943
f 867 873 943
f 945 871 870
f 871 945 872
f 872 945 946
f 872 946 873
f 948 947 1049
f 948 953 947
f 949 1049 950
f 1049 951 948
f 1049 949 951
f 953 951 952
f 953 948 951
f 949 950 954
f 954 950 955
f 1060 951 954
f 951 949 954
f 951 1060 952
f 958 957 956
f 960 959 956
f 956 959 958
f 960 961 959
f 965 964 876
f 876 964 875
f 877 956 957
f 965 877 957
f 876 877 965
f 956 877 878
f 956 878 960
f 967 966 880
f 880 966 878
f 966 961 878
f 961 960 878
f 967 978 966
f 969 971 970
f 969 883 971
f 886 962 963
f 971 886 963
f 883 886 971
f 972 962 886
f 975 974 888
f 888 875 964
f 888 964 975
f 892 976 967
f 892 967 880
f 978 976 977
f 978 967 976
f 980 979 894
f 894 979 893
f 981 894 881
f 981 980 894
f 982 881 968
f 981 881 982
f 982 968 895
f 983 982 895
f 984 895 969
f 983 895 984
f 984 969 970
f 896 972 886
f 897 985 896
f 985 973 896
f 973 972 896
f 974 899 888
f 986 899 974
f 988 987 902
f 988 902 907
f 892 902 976
f 902 989 976
f 902 987 989
f 976 989 977
f 979 903 893
f 990 903 979
f 991 897 904
f 897 991 992
f 992 985 897
f 986 993 899
f 899 993 905
f 905 994 906
f 993 994 905
f 906 995 907
f 994 995 906
f 988 907 995
f 996 908 990
f 908 903 990
f 997 996 990
f 991 904 998
f 991 998 999
f 910 998 904
f 908 996 911
f 996 1000 911
f 996 1001 1000
f 996 997 1002
f 996 1002 1001
f 1004 999 998
f 1003 1004 998
f 914 1003 998
f 914 998 910
f 1005 915 1000
f 1000 915 911
f 1006 1000 1001
f 1005 1000 1006
f 1001 1002 1007
f 1006 1001 1007
f 1009 1008 1003
f 913 1009 1003
f 917 1009 913
f 1003 1008 1004
f 1005 918 915
f 1005 1010 918
f 1005 1006 1010
f 1011 1006 1007
f 1010 1006 1011
f 1007 1012 1011
f 1014 1013 921
f 1013 1009 921
f 1009 917 921
f 1010 922 918
f 922 1010 923
f 1010 1015 923
f 1010 1011 1015
f 1011 1012 1016
f 1011 1016 1015
f 1014 921 1017
f 924 1017 921
f 1015 1018 923
f 1015 1016 1019
f 1015 1019 1018
f 1017 926 1020
f 1017 924 926
f 1022 1021 1018
f 1021 928 1018
f 1022 1018 1019
f 1023 1020 926
f 929 1023 926
f 1024 930 928
f 1025 1024 928
f 1021 1025 928
f 1031 1026 932
f 929 932 1023
f 1023 932 1026
f 1027 933 1024
f 1024 933 930
f 1024 1025 1028
f 1024 1028 1027
f 1030 1029 935
f 1030 935 934
f 935 1031 936
f 1029 1031 935
f 932 936 1031
f 1027 1032 933
f 1033 938 939
f 1027 1033 939
f 1032 1027 939
f 1033 1027 1028
f 1035 1034 938
f 1033 1035 938
f 1035 1030 1034
f 1030 940 1034
f 1030 934 940
f 1034 1036 938
f 944 1036 940
f 940 1036 1034
f 1037 1038 1039
f 1039 1038 1040
f 1043 1041 1044
f 1042 1041 1043
f 1047 1046 1045
f 1047 1048 1046
f 1049 1051 1050
f 1049 947 1051
f 1052 947 953
f 1052 1051 947
f 1052 953 1053
f 1047 1045 1054
f 1047 1054 1048
f 1056 1055 1049
f 1055 950 1049
f 1056 1049 1050
f 952 1057 953
f 1057 1058 953
f 1058 1053 953
f 1055 955 950
f 1059 955 1055
f 1057 952 1060
f 1061 1057 1060
f 1058 1057 1062
f 1062 1057 1061
f 954 955 1063
f 955 1064 1063
f 955 1059 1064
f 1063 1060 954
f 1071 1060 1063
f 1226 1061 1071
f 1061 1060 1071
f 1061 1226 1062
f 1063 1064 1082
f 1082 1064 1069
f 1071 1082 1070
f 1071 1063 1082
f 1074 1073 1072
f 1074 1072 1065
f 1072 1075 1065
f 958 1066 957
f 1066 1065 957
f 1065 1075 957
f 1076 958 959
f 1076 1066 958
f 1077 1067 961
f 1067 1076 961
f 1076 959 961
f 1068 1067 1078
f 1078 1067 1077
f 1081 1080 1079
f 1079 1083 1081
f 1072 1073 1084
f 1084 1073 1085
f 1084 964 965
f 1075 1084 965
f 1072 1084 1075
f 1075 965 957
f 966 1077 961
f 1086 1078 1077
f 966 1086 1077
f 978 1086 966
f 1086 978 1087
f 1088 970 971
f 1088 971 963
f 1089 1088 963
f 962 1089 963
f 1089 1079 1080
f 1089 972 1079
f 972 1089 962
f 972 973 1079
f 973 1083 1079
f 973 1090 1083
f 1084 1085 975
f 1085 974 975
f 1085 1091 974
f 1084 975 964
f 977 1092 978
f 1092 1093 978
f 1093 1087 978
f 1094 979 980
f 981 1095 980
f 980 1095 1094
f 1095 981 1096
f 981 982 1096
f 1098 1096 1097
f 1096 983 1097
f 1096 982 983
f 1097 983 1099
f 983 1100 1099
f 983 984 1100
f 984 970 1088
f 1101 984 1088
f 1100 984 1101
f 1102 1090 973
f 1102 973 985
f 1102 985 1110
f 1091 986 974
f 1103 986 1091
f 987 988 1104
f 989 987 1104
f 977 989 1092
f 989 1105 1092
f 989 1104 1105
f 1092 1105 1093
f 1106 990 1094
f 1094 990 979
f 1107 1094 1095
f 1106 1094 1107
f 1095 1096 1108
f 1095 1108 1107
f 1109 1098 1097
f 1109 1097 1099
f 1111 1110 992
f 1111 992 991
f 985 992 1110
f 1103 1112 986
f 986 1112 993
f 993 1113 994
f 1112 1113 993
f 994 1114 995
f 1113 1114 994
f 995 1115 988
f 995 1114 1115
f 988 1115 1104
f 990 1106 997
f 1106 1116 997
f 1106 1107 1116
f 1107 1108 1117
f 1118 1107 1117
f 1116 1107 1118
f 999 1111 991
f 999 1119 1111
f 1120 1002 1116
f 1116 1002 997
f 1121 1116 1118
f 1120 1116 1121
f 1118 1117 1122
f 1118 1122 1121
f 1004 1119 999
f 1004 1123 1119
f 1120 1007 1002
f 1120 1124 1007
f 1120 1121 1124
f 1121 1122 1125
f 1121 1125 1124
f 1008 1009 1126
f 1127 1008 1126
f 1004 1008 1123
f 1123 1008 1127
f 1128 1012 1124
f 1124 1012 1007
f 1124 1125 1129
f 1124 1129 1128
f 1014 1126 1013
f 1130 1126 1014
f 1013 1126 1009
f 1131 1016 1128
f 1128 1016 1012
f 1128 1129 1131
f 1017 1130 1014
f 1017 1132 1130
f 1308 1016 1131
f 1308 1019 1016
f 1133 1132 1017
f 1133 1017 1020
f 1133 1020 1134
f 1019 1135 1022
f 1308 1135 1019
f 1023 1136 1020
f 1136 1134 1020
f 1137 1025 1022
f 1022 1025 1021
f 1022 1135 1314
f 1022 1314 1137
f 1139 1138 1026
f 1139 1026 1031
f 1023 1026 1136
f 1026 1140 1136
f 1026 1138 1140
f 1141 1028 1137
f 1137 1028 1025
f 1137 1314 1142
f 1143 1137 1142
f 1141 1137 1143
f 1029 1030 1143
f 1142 1029 1143
f 1144 1029 1142
f 1029 1145 1031
f 1144 1145 1029
f 1139 1031 1145
f 1141 1033 1028
f 1033 1141 1035
f 1035 1141 1143
f 1035 1143 1030
f 1148 1147 1146
f 1150 1149 1146
f 1146 1149 1148
f 1150 1154 1149
f 1146 1147 1151
f 1151 1147 1152
f 1146 1153 1150
f 1146 1151 1153
f 1150 1155 1154
f 1150 1153 1155
f 1156 1157 1155
f 1155 1157 1154
f 1160 1159 1158
f 1162 1161 1158
f 1158 1161 1160
f 1161 1162 1152
f 1152 1162 1151
f 1162 1038 1151
f 1038 1037 1151
f 1151 1037 1039
f 1151 1039 1153
f 1153 1039 1040
f 1163 1153 1040
f 1155 1153 1163
f 1156 1163 1041
f 1155 1163 1156
f 1165 1164 1042
f 1042 1164 1041
f 1164 1157 1041
f 1157 1156 1041
f 1167 1166 1165
f 1165 1166 1164
f 1167 1168 1166
f 1158 1159 1169
f 1169 1159 1170
f 1158 1171 1162
f 1158 1169 1171
f 1162 1172 1038
f 1171 1172 1162
f 1173 1040 1038
f 1173 1038 1172
f 1173 1163 1040
f 1174 1163 1173
f 1174 1044 1041
f 1174 1041 1163
f 1043 1175 1165
f 1043 1165 1042
f 1165 1176 1167
f 1165 1175 1176
f 1168 1167 1177
f 1177 1167 1176
f 1180 1179 1178
f 1178 1179 1342
f 1180 1181 1179
f 1170 1182 1169
f 1184 1183 1182
f 1183 1169 1182
f 1183 1171 1169
f 1171 1185 1172
f 1171 1183 1185
f 1172 1185 1173
f 1173 1186 1174
f 1173 1185 1186
f 1174 1187 1044
f 1186 1187 1174
f 1175 1043 1044
f 1187 1175 1044
f 1175 1188 1176
f 1175 1187 1188
f 1177 1176 1189
f 1176 1190 1189
f 1176 1188 1190
f 1189 1190 1342
f 1342 1190 1178
f 1190 1045 1178
f 1178 1045 1046
f 1178 1046 1180
f 1048 1191 1046
f 1191 1181 1046
f 1181 1180 1046
f 1048 1192 1191
f 1193 1354 1051
f 1051 1354 1050
f 1052 1183 1184
f 1193 1052 1184
f 1051 1052 1193
f 1183 1052 1053
f 1194 1183 1053
f 1185 1183 1194
f 1185 1194 1195
f 1185 1196 1186
f 1185 1195 1196
f 1186 1197 1187
f 1186 1196 1197
f 1187 1197 1198
f 1187 1199 1188
f 1187 1198 1199
f 1188 1200 1190
f 1188 1199 1200
f 1190 1200 1045
f 1200 1201 1045
f 1200 1202 1201
f 1045 1203 1054
f 1201 1203 1045
f 1054 1204 1048
f 1054 1203 1204
f 1048 1204 1192
f 1206 1205 1056
f 1056 1205 1055
f 1056 1050 1354
f 1056 1354 1206
f 1058 1207 1194
f 1058 1194 1053
f 1194 1208 1195
f 1194 1207 1208
f 1195 1209 1196
f 1195 1208 1209
f 1196 1210 1197
f 1196 1209 1210
f 1197 1211 1198
f 1197 1210 1211
f 1198 1212 1199
f 1198 1211 1212
f 1199 1213 1200
f 1199 1212 1213
f 1202 1200 1222
f 1222 1200 1213
f 1205 1059 1055
f 1214 1059 1205
f 1062 1215 1207
f 1062 1207 1058
f 1207 1216 1208
f 1207 1215 1216
f 1208 1217 1209
f 1208 1216 1217
f 1209 1218 1210
f 1209 1217 1218
f 1210 1219 1211
f 1210 1218 1219
f 1211 1220 1212
f 1211 1219 1220
f 1212 1221 1213
f 1212 1220 1221
f 1213 1223 1222
f 1213 1221 1223
f 1223 1224 1222
f 1064 1214 1225
f 1059 1214 1064
f 1215 1062 1226
f 1227 1215 1226
f 1215 1074 1216
f 1215 1227 1074
f 1217 1074 1065
f 1216 1074 1217
f 1217 1065 1066
f 1218 1217 1066
f 1218 1228 1219
f 1218 1066 1228
f 1228 1067 1068
f 1220 1228 1068
f 1219 1228 1220
f 1229 1220 1068
f 1221 1220 1229
f 1221 1230 1223
f 1221 1229 1230
f 1224 1223 1231
f 1223 1230 1231
f 1232 1064 1225
f 1069 1064 1232
f 1070 1233 1071
f 1233 1226 1071
f 1234 1226 1233
f 1226 1235 1227
f 1226 1234 1235
f 1235 1073 1074
f 1227 1235 1074
f 1066 1076 1228
f 1228 1076 1067
f 1078 1236 1229
f 1078 1229 1068
f 1229 1237 1230
f 1229 1236 1237
f 1231 1237 1246
f 1231 1230 1237
f 1239 1238 1081
f 1081 1238 1080
f 1232 1082 1069
f 1082 1232 1240
f 1239 1240 1232
f 1240 1239 1083
f 1081 1083 1239
f 1240 1241 1082
f 1082 1241 1070
f 1241 1242 1070
f 1242 1233 1070
f 1233 1242 1234
f 1234 1242 1243
f 1245 1244 1243
f 1244 1234 1243
f 1244 1235 1234
f 1244 1085 1073
f 1244 1073 1235
f 1086 1236 1078
f 1237 1236 1246
f 1236 1087 1246
f 1087 1247 1246
f 1087 1236 1086
f 1249 1248 1089
f 1089 1248 1088
f 1089 1080 1238
f 1089 1238 1249
f 1090 1250 1240
f 1090 1240 1083
f 1241 1240 1250
f 1244 1245 1251
f 1251 1245 1252
f 1251 1091 1085
f 1251 1085 1244
f 1093 1247 1087
f 1093 1253 1247
f 1255 1254 1100
f 1100 1254 1099
f 1256 1100 1101
f 1256 1255 1100
f 1101 1088 1248
f 1101 1248 1256
f 1102 1250 1090
f 1102 1110 1250
f 1110 1257 1250
f 1252 1258 1251
f 1091 1251 1258
f 1259 1091 1258
f 1103 1091 1259
f 1104 1260 1261
f 1262 1104 1261
f 1105 1104 1262
f 1093 1105 1253
f 1253 1105 1262
f 1263 1108 1096
f 1263 1096 1098
f 1264 1263 1098
f 1109 1264 1098
f 1265 1263 1264
f 1109 1099 1254
f 1109 1254 1264
f 1111 1266 1110
f 1266 1267 1110
f 1267 1257 1110
f 1112 1103 1268
f 1103 1269 1268
f 1103 1259 1269
f 1270 1113 1112
f 1270 1112 1268
f 1271 1114 1113
f 1271 1113 1270
f 1272 1115 1114
f 1272 1114 1271
f 1260 1104 1115
f 1272 1260 1115
f 1273 1260 1272
f 1261 1260 1274
f 1274 1260 1273
f 1263 1117 1108
f 1275 1276 1117
f 1265 1275 1117
f 1263 1265 1117
f 1119 1277 1266
f 1119 1266 1111
f 1267 1266 1278
f 1278 1266 1277
f 1280 1279 1269
f 1279 1268 1269
f 1279 1281 1268
f 1268 1282 1270
f 1268 1281 1282
f 1283 1271 1292
f 1271 1282 1292
f 1271 1270 1282
f 1271 1283 1272
f 1272 1283 1273
f 1284 1122 1276
f 1276 1122 1117
f 1276 1285 1284
f 1123 1286 1277
f 1123 1277 1119
f 1278 1277 1287
f 1277 1286 1287
f 1299 1288 1287
f 1288 1299 1280
f 1299 1279 1280
f 1299 1289 1279
f 1279 1290 1281
f 1279 1289 1290
f 1281 1291 1282
f 1281 1290 1291
f 1282 1301 1292
f 1282 1291 1301
f 1293 1125 1284
f 1284 1125 1122
f 1284 1285 1294
f 1284 1294 1293
f 1295 1127 1126
f 1295 1296 1127
f 1127 1296 1123
f 1296 1297 1123
f 1297 1286 1123
f 1286 1297 1287
f 1287 1297 1298
f 1287 1298 1299
f 1409 1305 1299
f 1305 1289 1299
f 1289 1300 1290
f 1289 1305 1300
f 1410 1291 1300
f 1291 1290 1300
f 1291 1410 1301
f 1302 1129 1293
f 1293 1129 1125
f 1293 1294 1302
f 1130 1303 1126
f 1126 1304 1295
f 1126 1303 1304
f 1296 1295 1304
f 1421 1129 1302
f 1421 1131 1129
f 1132 1306 1303
f 1132 1303 1130
f 1303 1307 1304
f 1303 1306 1307
f 1309 1308 1131
f 1421 1309 1131
f 1133 1306 1132
f 1306 1133 1134
f 1310 1306 1134
f 1307 1306 1310
f 1312 1307 1310
f 1311 1135 1308
f 1308 1309 1311
f 1313 1312 1310
f 1134 1313 1310
f 1136 1313 1134
f 1311 1314 1135
f 1311 1435 1314
f 1138 1139 1315
f 1140 1138 1315
f 1136 1140 1313
f 1313 1140 1315
f 1435 1316 1314
f 1316 1142 1314
f 1316 1144 1142
f 1144 1317 1145
f 1316 1317 1144
f 1145 1318 1139
f 1145 1317 1318
f 1139 1318 1315
f 1148 1321 1147
f 1321 1149 1320
f 1321 1148 1149
f 1154 1320 1149
f 1322 1319 1323
f 1319 1322 1324
f 1321 1152 1147
f 1325 1152 1321
f 1326 1321 1320
f 1328 1326 1327
f 1327 1326 1154
f 1326 1320 1154
f 1157 1329 1154
f 1154 1329 1327
f 1323 1330 1322
f 1331 1322 1330
f 1332 1324 1457
f 1324 1331 1457
f 1324 1322 1331
f 1334 1333 1160
f 1160 1333 1159
f 1335 1160 1161
f 1335 1334 1160
f 1161 1152 1325
f 1161 1325 1335
f 1336 1328 1327
f 1336 1327 1329
f 1336 1329 1337
f 1337 1331 1330
f 1337 1164 1331
f 1337 1329 1157
f 1164 1337 1157
f 1338 1457 1331
f 1164 1338 1331
f 1166 1338 1164
f 1166 1168 1338
f 1338 1168 1339
f 1333 1170 1159
f 1340 1170 1333
f 1177 1339 1168
f 1177 1341 1339
f 1342 1344 1343
f 1342 1179 1344
f 1179 1181 1344
f 1344 1181 1345
f 1340 1346 1170
f 1170 1346 1182
f 1347 1348 1184
f 1182 1347 1184
f 1346 1347 1182
f 1349 1341 1177
f 1349 1177 1189
f 1350 1189 1342
f 1349 1189 1350
f 1350 1342 1343
f 1351 1345 1181
f 1351 1181 1191
f 1352 1191 1192
f 1352 1351 1191
f 1192 1353 1352
f 1355 1354 1193
f 1355 1193 1184
f 1348 1355 1184
f 1202 1356 1201
f 1357 1203 1201
f 1357 1201 1356
f 1366 1204 1203
f 1366 1203 1357
f 1366 1358 1204
f 1204 1358 1192
f 1358 1359 1192
f 1192 1359 1353
f 1360 1205 1206
f 1361 1360 1206
f 1361 1206 1354
f 1362 1361 1354
f 1362 1354 1355
f 1222 1363 1356
f 1222 1356 1202
f 1356 1364 1357
f 1356 1363 1364
f 1366 1364 1365
f 1366 1357 1364
f 1368 1367 1360
f 1367 1214 1360
f 1214 1205 1360
f 1368 1360 1361
f 1363 1222 1224
f 1369 1363 1224
f 1364 1363 1369
f 1365 1364 1370
f 1370 1364 1369
f 1367 1371 1225
f 1367 1225 1214
f 1231 1369 1224
f 1231 1370 1369
f 1231 1374 1370
f 1225 1373 1372
f 1225 1371 1373
f 1372 1232 1225
f 1375 1374 1231
f 1375 1231 1246
f 1372 1373 1239
f 1373 1238 1239
f 1373 1376 1238
f 1372 1239 1232
f 1377 1243 1242
f 1377 1242 1241
f 1377 1245 1243
f 1383 1378 1246
f 1383 1246 1247
f 1375 1246 1378
f 1380 1379 1249
f 1249 1379 1248
f 1249 1238 1376
f 1249 1376 1380
f 1250 1381 1241
f 1241 1382 1377
f 1241 1381 1382
f 1382 1252 1245
f 1382 1245 1377
f 1253 1383 1247
f 1384 1254 1255
f 1255 1385 1384
f 1255 1256 1385
f 1256 1248 1379
f 1256 1379 1385
f 1257 1386 1381
f 1257 1381 1250
f 1382 1386 1387
f 1382 1381 1386
f 1387 1388 1258
f 1382 1387 1258
f 1252 1382 1258
f 1388 1259 1258
f 1261 1389 1262
f 1389 1390 1262
f 1390 1253 1262
f 1390 1383 1253
f 1264 1509 1265
f 1264 1254 1384
f 1391 1264 1384
f 1509 1264 1391
f 1267 1392 1386
f 1267 1386 1257
f 1387 1386 1398
f 1398 1386 1392
f 1388 1387 1393
f 1393 1387 1394
f 1393 1269 1259
f 1393 1259 1388
f 1261 1395 1389
f 1274 1395 1261
f 1389 1395 1390
f 1265 1509 1275
f 1276 1275 1509
f 1276 1509 1396
f 1278 1397 1392
f 1278 1392 1267
f 1392 1399 1398
f 1392 1397 1399
f 1398 1399 1394
f 1394 1399 1393
f 1399 1280 1393
f 1393 1280 1269
f 1292 1400 1283
f 1401 1283 1400
f 1401 1273 1283
f 1401 1402 1273
f 1402 1274 1273
f 1402 1395 1274
f 1396 1285 1276
f 1403 1285 1396
f 1287 1397 1278
f 1397 1287 1288
f 1397 1288 1399
f 1399 1288 1280
f 1401 1400 1404
f 1400 1301 1404
f 1301 1405 1404
f 1301 1400 1292
f 1401 1404 1406
f 1401 1406 1402
f 1403 1294 1285
f 1407 1294 1403
f 1408 1298 1297
f 1408 1297 1296
f 1409 1299 1298
f 1409 1298 1408
f 1411 1301 1410
f 1411 1412 1301
f 1412 1405 1301
f 1407 1302 1294
f 1413 1302 1407
f 1304 1414 1296
f 1296 1415 1408
f 1296 1414 1415
f 1408 1416 1409
f 1408 1415 1416
f 1417 1305 1409
f 1416 1417 1409
f 1418 1300 1305
f 1418 1305 1417
f 1418 1410 1300
f 1419 1410 1418
f 1420 1411 1430
f 1411 1419 1430
f 1411 1410 1419
f 1411 1420 1412
f 1422 1421 1302
f 1413 1422 1302
f 1307 1423 1414
f 1307 1414 1304
f 1425 1415 1424
f 1415 1423 1424
f 1415 1414 1423
f 1427 1426 1425
f 1426 1415 1425
f 1426 1416 1415
f 1428 1417 1426
f 1417 1416 1426
f 1417 1428 1418
f 1418 1428 1429
f 1418 1429 1419
f 1419 1429 1430
f 1431 1309 1421
f 1421 1422 1431
f 1312 1432 1423
f 1312 1423 1307
f 1424 1423 1432
f 1532 1311 1431
f 1431 1311 1309
f 1313 1433 1312
f 1433 1434 1312
f 1434 1432 1312
f 1532 1435 1311
f 1532 1536 1435
f 1439 1436 1315
f 1313 1315 1433
f 1315 1437 1433
f 1315 1436 1437
f 1536 1438 1435
f 1438 1316 1435
f 1438 1317 1316
f 1317 1439 1318
f 1438 1439 1317
f 1315 1318 1439
f 1442 1441 1440
f 1319 1442 1440
f 1319 1443 1442
f 1445 1444 1319
f 1444 1443 1319
f 1447 1446 1445
f 1445 1446 1444
f 1447 1448 1446
f 1440 1441 1449
f 1449 1441 1450
f 1449 1323 1319
f 1449 1319 1440
f 1324 1445 1319
f 1445 1324 1332
f 1451 1445 1332
f 1447 1445 1451
f 1448 1447 1459
f 1459 1447 1451
f 1453 1452 1321
f 1452 1325 1321
f 1326 1453 1321
f 1454 1453 1326
f 1326 1328 1454
f 1454 1328 1455
f 1450 1456 1449
f 1323 1449 1456
f 1330 1323 1456
f 1457 1458 1332
f 1458 1459 1332
f 1459 1451 1332
f 1460 1333 1334
f 1335 1461 1334
f 1334 1461 1460
f 1462 1461 1335
f 1325 1462 1335
f 1452 1462 1325
f 1328 1336 1464
f 1463 1328 1464
f 1455 1328 1463
f 1336 1465 1464
f 1336 1337 1465
f 1337 1330 1456
f 1337 1456 1465
f 1338 1339 1457
f 1339 1458 1457
f 1339 1466 1458
f 1468 1467 1460
f 1467 1333 1460
f 1467 1340 1333
f 1468 1460 1461
f 1468 1461 1469
f 1469 1461 1462
f 1341 1466 1339
f 1341 1470 1466
f 1344 1471 1343
f 1344 1345 1471
f 1471 1345 1472
f 1467 1474 1340
f 1340 1474 1346
f 1346 1475 1347
f 1474 1475 1346
f 1348 1347 1475
f 1348 1475 1579
f 1476 1470 1341
f 1476 1341 1349
f 1477 1349 1350
f 1477 1476 1349
f 1350 1343 1471
f 1350 1471 1477
f 1478 1472 1345
f 1478 1345 1351
f 1478 1352 1473
f 1351 1352 1478
f 1352 1353 1473
f 1353 1479 1473
f 1480 1587 1348
f 1348 1587 1355
f 1348 1579 1480
f 1358 1486 1359
f 1486 1481 1359
f 1481 1353 1359
f 1481 1479 1353
f 1482 1361 1362
f 1483 1482 1362
f 1355 1483 1362
f 1587 1483 1355
f 1365 1484 1366
f 1484 1485 1366
f 1366 1485 1358
f 1485 1486 1358
f 1487 1367 1488
f 1367 1489 1488
f 1367 1368 1489
f 1489 1368 1361
f 1490 1489 1361
f 1482 1490 1361
f 1482 1483 1490
f 1370 1491 1484
f 1370 1484 1365
f 1485 1484 1492
f 1492 1484 1491
f 1493 1371 1487
f 1487 1371 1367
f 1487 1488 1494
f 1487 1494 1493
f 1497 1496 1495
f 1499 1498 1495
f 1499 1495 1496
f 1499 1500 1491
f 1374 1499 1491
f 1370 1374 1491
f 1498 1499 1374
f 1491 1500 1492
f 1501 1371 1493
f 1501 1373 1371
f 1497 1495 1502
f 1497 1502 1504
f 1375 1502 1374
f 1502 1498 1374
f 1502 1495 1498
f 1501 1376 1373
f 1503 1376 1501
f 1378 1383 1506
f 1504 1502 1506
f 1502 1375 1506
f 1378 1506 1375
f 1505 1605 1380
f 1380 1605 1379
f 1380 1376 1503
f 1380 1503 1505
f 1383 1507 1506
f 1385 1508 1384
f 1385 1379 1605
f 1385 1605 1508
f 1390 1507 1383
f 1509 1510 1611
f 1509 1391 1510
f 1391 1384 1508
f 1391 1508 1510
f 1398 1394 1387
f 1512 1390 1395
f 1611 1396 1509
f 1511 1396 1611
f 1513 1512 1395
f 1402 1513 1395
f 1514 1403 1613
f 1403 1511 1613
f 1403 1396 1511
f 1404 1405 1515
f 1516 1404 1515
f 1406 1404 1516
f 1402 1406 1513
f 1513 1406 1516
f 1517 1407 1514
f 1514 1407 1403
f 1514 1518 1517
f 1412 1519 1405
f 1405 1519 1515
f 1520 1413 1517
f 1517 1413 1407
f 1517 1518 1520
f 1430 1521 1420
f 1521 1522 1420
f 1522 1412 1420
f 1522 1519 1412
f 1520 1422 1413
f 1520 1518 1523
f 1424 1524 1425
f 1524 1427 1425
f 1525 1626 1428
f 1525 1428 1426
f 1626 1527 1526
f 1429 1626 1526
f 1428 1626 1429
f 1627 1429 1526
f 1430 1429 1627
f 1430 1627 1521
f 1528 1431 1520
f 1520 1431 1422
f 1520 1523 1528
f 1432 1529 1524
f 1432 1524 1424
f 1524 1529 1427
f 1529 1530 1427
f 1530 1426 1427
f 1525 1426 1530
f 1527 1531 1526
f 1528 1532 1431
f 1528 1523 1637
f 1528 1637 1532
f 1534 1533 1434
f 1534 1434 1433
f 1432 1434 1529
f 1434 1535 1529
f 1434 1533 1535
f 1529 1535 1530
f 1532 1637 1537
f 1538 1532 1537
f 1536 1532 1538
f 1436 1439 1538
f 1537 1436 1538
f 1539 1436 1537
f 1436 1540 1437
f 1539 1540 1436
f 1433 1437 1534
f 1534 1437 1540
f 1438 1536 1439
f 1439 1536 1538
f 1441 1442 1541
f 1442 1542 1541
f 1442 1543 1542
f 1544 1442 1443
f 1544 1543 1442
f 1545 1443 1444
f 1545 1544 1443
f 1546 1444 1446
f 1546 1545 1444
f 1548 1547 1448
f 1547 1446 1448
f 1547 1546 1446
f 1549 1441 1541
f 1450 1441 1549
f 1551 1550 1548
f 1448 1551 1548
f 1459 1551 1448
f 1552 1452 1453
f 1454 1553 1453
f 1453 1553 1552
f 1455 1553 1454
f 1549 1554 1450
f 1450 1554 1456
f 1456 1554 1555
f 1458 1556 1459
f 1556 1557 1459
f 1557 1551 1459
f 1558 1462 1552
f 1552 1462 1452
f 1559 1552 1553
f 1558 1552 1559
f 1463 1559 1455
f 1455 1559 1553
f 1560 1464 1465
f 1456 1560 1465
f 1555 1560 1456
f 1563 1562 1561
f 1562 1564 1556
f 1466 1562 1556
f 1458 1466 1556
f 1561 1562 1466
f 1556 1564 1557
f 1565 1467 1468
f 1565 1468 1566
f 1468 1567 1566
f 1468 1469 1567
f 1469 1462 1558
f 1568 1469 1558
f 1567 1469 1568
f 1568 1558 1559
f 1568 1559 1569
f 1569 1559 1463
f 1464 1569 1463
f 1570 1569 1464
f 1571 1464 1560
f 1570 1464 1571
f 1561 1572 1563
f 1573 1572 1561
f 1470 1573 1466
f 1466 1573 1561
f 1471 1472 1574
f 1574 1472 1575
f 1576 1575 1473
f 1576 1473 1577
f 1565 1474 1467
f 1566 1578 1565
f 1578 1474 1565
f 1578 1475 1474
f 1475 1580 1579
f 1578 1580 1475
f 1581 1579 1580
f 1582 1572 1573
f 1582 1573 1583
f 1583 1573 1470
f 1476 1583 1470
f 1584 1583 1476
f 1585 1476 1477
f 1585 1584 1476
f 1477 1471 1574
f 1477 1574 1585
f 1575 1472 1478
f 1478 1473 1575
f 1479 1577 1473
f 1479 1586 1577
f 1687 1587 1480
f 1687 1480 1579
f 1588 1687 1579
f 1588 1579 1581
f 1481 1586 1479
f 1481 1589 1586
f 1688 1483 1587
f 1587 1687 1688
f 1485 1591 1486
f 1591 1481 1486
f 1591 1589 1481
f 1590 1490 1688
f 1688 1490 1483
f 1592 1591 1485
f 1492 1592 1485
f 1593 1494 1489
f 1489 1494 1488
f 1490 1594 1489
f 1594 1593 1489
f 1590 1594 1490
f 1601 1595 1496
f 1601 1496 1497
f 1496 1596 1499
f 1595 1596 1496
f 1499 1597 1500
f 1596 1597 1499
f 1492 1500 1592
f 1592 1500 1597
f 1598 1501 1493
f 1599 1598 1493
f 1599 1493 1494
f 1600 1599 1494
f 1593 1600 1494
f 1600 1593 1594
f 1497 1504 1601
f 1504 1602 1601
f 1603 1501 1598
f 1603 1503 1501
f 1506 1602 1504
f 1506 1604 1602
f 1606 1605 1505
f 1503 1606 1505
f 1603 1606 1503
f 1507 1607 1506
f 1607 1604 1506
f 1609 1608 1508
f 1609 1508 1605
f 1609 1605 1606
f 1610 1607 1507
f 1390 1610 1507
f 1612 1611 1510
f 1612 1510 1508
f 1608 1612 1508
f 1612 1608 1609
f 1512 1610 1390
f 1512 1615 1610
f 1613 1511 1611
f 1611 1612 1614
f 1611 1614 1613
f 1616 1615 1512
f 1616 1512 1513
f 1614 1617 1514
f 1614 1514 1613
f 1728 1617 1614
f 1618 1516 1515
f 1513 1516 1616
f 1616 1516 1618
f 1619 1518 1617
f 1617 1518 1514
f 1620 1617 1728
f 1619 1617 1620
f 1621 1515 1519
f 1621 1618 1515
f 1622 1619 1620
f 1620 1623 1622
f 1624 1621 1519
f 1522 1624 1519
f 1619 1523 1518
f 1625 1619 1622
f 1622 1623 1625
f 1629 1627 1628
f 1521 1627 1629
f 1522 1521 1624
f 1624 1521 1629
f 1630 1523 1619
f 1630 1619 1625
f 1625 1623 1631
f 1633 1632 1530
f 1530 1632 1525
f 1632 1634 1525
f 1634 1626 1525
f 1626 1634 1527
f 1634 1635 1527
f 1635 1531 1527
f 1526 1531 1627
f 1531 1636 1627
f 1531 1635 1636
f 1627 1636 1628
f 1630 1637 1523
f 1638 1630 1625
f 1637 1630 1638
f 1625 1631 1744
f 1625 1744 1638
f 1744 1639 1533
f 1744 1533 1534
f 1533 1640 1535
f 1639 1640 1533
f 1530 1535 1633
f 1633 1535 1640
f 1537 1637 1539
f 1539 1637 1638
f 1744 1539 1638
f 1744 1540 1539
f 1534 1540 1744
f 1644 1643 1641
f 1646 1645 1644
f 1644 1645 1643
f 1648 1647 1646
f 1646 1647 1645
f 1648 1649 1647
f 1651 1650 1542
f 1542 1650 1541
f 1652 1542 1543
f 1652 1651 1542
f 1653 1543 1544
f 1653 1652 1543
f 1545 1641 1642
f 1653 1545 1642
f 1544 1545 1653
f 1641 1545 1546
f 1641 1546 1644
f 1644 1546 1547
f 1644 1547 1646
f 1646 1547 1548
f 1654 1646 1548
f 1648 1646 1654
f 1649 1648 1655
f 1655 1648 1654
f 1650 1656 1541
f 1549 1541 1656
f 1549 1656 1657
f 1659 1658 1550
f 1659 1550 1551
f 1548 1550 1654
f 1550 1660 1654
f 1550 1658 1660
f 1654 1660 1655
f 1657 1661 1549
f 1549 1661 1554
f 1663 1662 1555
f 1554 1663 1555
f 1661 1663 1554
f 1665 1664 1662
f 1665 1662 1663
f 1557 1659 1551
f 1557 1666 1659
f 1563 1560 1662
f 1662 1560 1555
f 1563 1664 1562
f 1563 1662 1664
f 1665 1667 1664
f 1667 1562 1664
f 1667 1564 1562
f 1557 1564 1666
f 1666 1564 1667
f 1668 1566 1567
f 1568 1669 1567
f 1567 1669 1668
f 1569 1670 1568
f 1568 1670 1669
f 1570 1671 1569
f 1569 1671 1670
f 1571 1672 1570
f 1570 1672 1671
f 1571 1560 1672
f 1560 1563 1672
f 1572 1672 1563
f 1674 1673 1574
f 1675 1574 1575
f 1675 1674 1574
f 1576 1675 1575
f 1576 1676 1675
f 1576 1577 1676
f 1676 1577 1677
f 1668 1578 1566
f 1578 1668 1580
f 1580 1668 1669
f 1580 1669 1581
f 1669 1678 1581
f 1669 1670 1678
f 1671 1680 1679
f 1678 1671 1679
f 1670 1671 1678
f 1680 1671 1672
f 1680 1672 1681
f 1681 1672 1572
f 1582 1681 1572
f 1682 1681 1582
f 1683 1582 1583
f 1683 1682 1582
f 1684 1583 1584
f 1684 1683 1583
f 1673 1584 1585
f 1673 1684 1584
f 1585 1574 1673
f 1586 1686 1685
f 1677 1586 1685
f 1577 1586 1677
f 1780 1687 1588
f 1780 1588 1581
f 1678 1780 1581
f 1589 1784 1686
f 1589 1686 1586
f 1687 1780 1688
f 1589 1689 1784
f 1591 1689 1589
f 1688 1780 1787
f 1688 1787 1590
f 1691 1690 1591
f 1691 1591 1592
f 1689 1591 1690
f 1692 1594 1590
f 1693 1692 1590
f 1693 1590 1787
f 1601 1694 1595
f 1595 1694 1700
f 1695 1595 1700
f 1596 1595 1695
f 1596 1696 1597
f 1695 1696 1596
f 1592 1597 1691
f 1691 1597 1696
f 1594 1697 1600
f 1692 1697 1594
f 1692 1698 1697
f 1692 1693 1699
f 1692 1699 1698
f 1701 1700 1602
f 1602 1700 1601
f 1700 1694 1601
f 1701 1702 1700
f 1703 1603 1598
f 1704 1703 1598
f 1704 1598 1599
f 1600 1704 1599
f 1704 1600 1697
f 1704 1697 1705
f 1705 1697 1698
f 1705 1698 1706
f 1706 1698 1699
f 1604 1701 1602
f 1702 1701 1707
f 1707 1701 1604
f 1708 1606 1703
f 1703 1606 1603
f 1703 1704 1709
f 1703 1709 1708
f 1710 1707 1604
f 1607 1710 1604
f 1606 1708 1609
f 1708 1711 1609
f 1708 1712 1711
f 1708 1709 1713
f 1708 1713 1712
f 1610 1721 1607
f 1721 1710 1607
f 1609 1711 1612
f 1711 1714 1612
f 1711 1715 1714
f 1716 1711 1712
f 1715 1711 1716
f 1712 1713 1717
f 1718 1712 1717
f 1716 1712 1718
f 1719 1718 1717
f 1722 1721 1610
f 1615 1722 1610
f 1723 1614 1714
f 1714 1614 1612
f 1724 1714 1715
f 1723 1714 1724
f 1724 1715 1716
f 1725 1716 1718
f 1719 1720 1726
f 1725 1719 1726
f 1718 1719 1725
f 1727 1615 1616
f 1722 1615 1727
f 1614 1723 1728
f 1723 1724 1728
f 1729 1724 1716
f 1728 1724 1729
f 1730 1716 1725
f 1729 1716 1730
f 1725 1726 1730
f 1731 1616 1618
f 1731 1727 1616
f 1728 1732 1620
f 1728 1729 1732
f 1733 1729 1730
f 1732 1729 1733
f 1618 1734 1731
f 1621 1734 1618
f 1735 1623 1732
f 1732 1623 1620
f 1735 1733 1827
f 1732 1733 1735
f 1736 1621 1624
f 1734 1621 1736
f 1737 1623 1735
f 1735 1827 1738
f 1735 1738 1737
f 1628 1743 1629
f 1743 1624 1629
f 1743 1736 1624
f 1739 1631 1737
f 1737 1631 1623
f 1737 1738 1834
f 1737 1834 1739
f 1633 1634 1632
f 1741 1740 1635
f 1741 1635 1634
f 1635 1742 1636
f 1740 1742 1635
f 1628 1636 1743
f 1636 1742 1743
f 1739 1744 1631
f 1745 1639 1744
f 1739 1745 1744
f 1745 1739 1834
f 1639 1746 1640
f 1745 1746 1639
f 1640 1747 1633
f 1640 1746 1747
f 1633 1747 1634
f 1747 1748 1634
f 1741 1634 1748
f 1750 1840 1749
f 1642 1641 1749
f 1641 1750 1749
f 1641 1751 1750
f 1752 1641 1643
f 1752 1751 1641
f 1753 1643 1645
f 1753 1752 1643
f 1754 1645 1647
f 1754 1753 1645
f 1647 1649 1754
f 1754 1649 1755
f 1756 1650 1651
f 1652 1757 1651
f 1651 1757 1756
f 1840 1758 1749
f 1758 1652 1749
f 1652 1653 1749
f 1652 1758 1757
f 1749 1653 1642
f 1655 1755 1649
f 1655 1759 1755
f 1756 1656 1650
f 1656 1756 1657
f 1756 1760 1657
f 1756 1757 1760
f 1757 1758 1849
f 1761 1757 1849
f 1760 1757 1761
f 1763 1762 1658
f 1763 1658 1659
f 1658 1764 1660
f 1762 1764 1658
f 1655 1660 1759
f 1759 1660 1764
f 1760 1661 1657
f 1661 1760 1663
f 1663 1760 1761
f 1849 1765 1761
f 1765 1663 1761
f 1765 1665 1663
f 1766 1667 1665
f 1765 1766 1665
f 1766 1763 1667
f 1763 1666 1667
f 1763 1659 1666
f 1772 1771 1769
f 1769 1771 1770
f 1771 1772 1768
f 1768 1772 1767
f 1772 1673 1767
f 1673 1674 1767
f 1674 1773 1767
f 1675 1773 1674
f 1774 1675 1676
f 1774 1773 1675
f 1776 1775 1677
f 1775 1676 1677
f 1775 1774 1676
f 1681 1777 1680
f 1777 1681 1861
f 1681 1682 1861
f 1778 1682 1683
f 1778 1861 1682
f 1778 1684 1769
f 1683 1684 1778
f 1769 1684 1673
f 1769 1673 1772
f 1685 1776 1677
f 1685 1686 1776
f 1686 1779 1776
f 1781 1780 1678
f 1781 1678 1679
f 1782 1781 1679
f 1680 1782 1679
f 1782 1680 1777
f 1782 1777 1783
f 1783 1777 1861
f 1786 1785 1784
f 1785 1779 1784
f 1779 1686 1784
f 1780 1781 1788
f 1780 1788 1787
f 1689 1786 1784
f 1789 1786 1689
f 1787 1788 1790
f 1691 1791 1690
f 1789 1689 1792
f 1689 1791 1792
f 1791 1797 1792
f 1689 1690 1791
f 1793 1693 1787
f 1793 1787 1790
f 1700 1794 1695
f 1695 1794 1795
f 1877 1695 1795
f 1696 1695 1877
f 1691 1696 1791
f 1696 1796 1791
f 1696 1877 1796
f 1791 1796 1797
f 1798 1699 1693
f 1700 1702 1794
f 1702 1795 1794
f 1702 1799 1795
f 1705 1801 1704
f 1704 1801 1800
f 1706 1802 1705
f 1705 1802 1801
f 1699 1798 1706
f 1798 1802 1706
f 1798 1803 1802
f 1798 1804 1803
f 1707 1799 1702
f 1707 1805 1799
f 1806 1709 1800
f 1800 1709 1704
f 1807 1800 1801
f 1806 1800 1807
f 1808 1801 1802
f 1807 1801 1808
f 1808 1803 1890
f 1802 1803 1808
f 1890 1803 1804
f 1809 1707 1710
f 1805 1707 1809
f 1810 1713 1806
f 1806 1713 1709
f 1811 1806 1807
f 1810 1806 1811
f 1812 1807 1808
f 1811 1807 1812
f 1808 1890 1812
f 1721 1809 1710
f 1721 1813 1809
f 1810 1717 1713
f 1717 1810 1719
f 1719 1810 1811
f 1719 1811 1720
f 1811 1814 1720
f 1811 1812 1814
f 1812 1907 1814
f 1818 1813 1721
f 1818 1721 1722
f 1815 1726 1720
f 1814 1815 1720
f 1814 1816 1815
f 1814 1907 1817
f 1816 1814 1817
f 1819 1818 1727
f 1722 1727 1818
f 1820 1730 1815
f 1815 1730 1726
f 1821 1815 1816
f 1820 1815 1821
f 1817 1822 1921
f 1821 1817 1921
f 1816 1817 1821
f 1823 1819 1731
f 1819 1727 1731
f 1824 1733 1820
f 1820 1733 1730
f 1825 1820 1821
f 1824 1820 1825
f 1821 1921 1825
f 1734 1823 1731
f 1826 1823 1734
f 1733 1824 1827
f 1828 1824 1825
f 1827 1824 1828
f 1829 1826 1736
f 1734 1736 1826
f 1830 1738 1827
f 1830 1827 1831
f 1831 1828 1936
f 1827 1828 1831
f 1833 1832 1743
f 1832 1829 1743
f 1829 1736 1743
f 1830 1834 1738
f 1835 1830 1831
f 1834 1830 1835
f 1831 1936 1836
f 1837 1831 1836
f 1835 1831 1837
f 1940 1837 1836
f 1940 1838 1740
f 1940 1740 1741
f 1740 1839 1742
f 1838 1839 1740
f 1743 1839 1833
f 1743 1742 1839
f 1745 1834 1746
f 1746 1834 1835
f 1746 1835 1747
f 1747 1835 1837
f 1940 1747 1837
f 1940 1748 1747
f 1741 1748 1940
f 1840 1750 1841
f 1750 1842 1841
f 1750 1751 1842
f 1843 1751 1752
f 1843 1842 1751
f 1844 1752 1753
f 1844 1843 1752
f 1847 1753 1754
f 1847 1844 1753
f 1754 1755 1847
f 1846 1845 1840
f 1845 1758 1840
f 1846 1840 1841
f 1847 1759 1848
f 1847 1755 1759
f 1758 1850 1849
f 1758 1845 1850
f 1853 1851 1762
f 1853 1762 1763
f 1764 1851 1848
f 1764 1762 1851
f 1764 1848 1759
f 1850 1954 1849
f 1954 1765 1849
f 1954 1852 1765
f 1765 1853 1766
f 1852 1853 1765
f 1763 1766 1853
f 1854 1956 1768
f 1768 1767 1854
f 1856 1855 1770
f 1770 1855 1769
f 1857 1770 1771
f 1857 1856 1770
f 1771 1768 1956
f 1771 1956 1857
f 1858 1854 1767
f 1858 1767 1773
f 1859 1773 1774
f 1859 1858 1773
f 1860 1859 1776
f 1859 1775 1776
f 1859 1774 1775
f 1861 1863 1862
f 1861 1778 1863
f 1778 1769 1855
f 1778 1855 1863
f 1864 1860 1776
f 1776 1779 1864
f 1865 1781 1782
f 1865 1782 1866
f 1782 1867 1866
f 1782 1783 1867
f 1868 1783 1861
f 1867 1783 1868
f 1868 1861 1862
f 1871 1869 1785
f 1871 1785 1786
f 1779 1785 1864
f 1864 1785 1869
f 1870 1781 1865
f 1870 1788 1781
f 1789 1872 1871
f 1786 1789 1871
f 1872 1873 1871
f 1870 1790 1788
f 1874 1790 1870
f 1792 1872 1789
f 1792 1797 1872
f 1797 1873 1872
f 1797 1875 1873
f 1790 1876 1793
f 1874 1876 1790
f 1884 1796 1877
f 1796 1884 1878
f 1879 1796 1878
f 1797 1796 1879
f 1875 1797 1879
f 1880 1798 1793
f 1793 1798 1693
f 1793 1876 1881
f 1793 1881 1880
f 1883 1882 1877
f 1795 1883 1877
f 1799 1883 1795
f 1877 1882 1884
f 1885 1804 1880
f 1880 1804 1798
f 1880 1881 1886
f 1887 1880 1886
f 1885 1880 1887
f 1888 1887 1886
f 1805 1883 1799
f 1805 1889 1883
f 1804 1885 1890
f 1885 1891 1890
f 1892 1885 1887
f 1891 1885 1892
f 1887 1888 1985
f 1893 1887 1985
f 1892 1887 1893
f 1895 1894 1893
f 1895 1893 1985
f 1896 1894 1895
f 1898 1897 1809
f 1805 1809 1889
f 1889 1809 1897
f 1908 1812 1890
f 1899 1890 1891
f 1908 1890 1899
f 1900 1891 1892
f 1899 1891 1900
f 1901 1892 1893
f 1900 1892 1901
f 1902 1893 1894
f 1901 1893 1902
f 1894 1896 1903
f 1902 1894 1903
f 1906 1898 1905
f 1898 1813 1905
f 1898 1809 1813
f 1908 1907 1812
f 1909 1899 1900
f 1908 1899 1909
f 1909 1901 1910
f 1900 1901 1909
f 1910 1901 1902
f 1910 1902 1911
f 1911 1902 1903
f 1911 1903 1912
f 1915 1914 1913
f 1904 1912 1903
f 1914 1915 1906
f 1914 1906 1905
f 1818 1914 1905
f 1813 1818 1905
f 1817 1907 1822
f 1907 1916 1822
f 1907 1908 1916
f 1917 1908 1909
f 1916 1908 1917
f 1909 1910 1918
f 1909 1918 1917
f 1920 1997 1919
f 1919 1997 1913
f 1919 1913 1914
f 1819 1919 1914
f 1818 1819 1914
f 1916 1921 1822
f 1916 1922 1921
f 1923 1916 1917
f 1922 1916 1923
f 1917 1918 1924
f 1925 1917 1924
f 1923 1917 1925
f 2001 1926 1925
f 2001 1925 1924
f 1926 2001 1920
f 1926 1920 1919
f 1823 1926 1919
f 1823 1919 1819
f 1927 1825 1921
f 1928 1921 1922
f 1927 1921 1928
f 1929 1922 1923
f 1928 1922 1929
f 1930 1923 1925
f 1929 1923 1930
f 1931 1925 1926
f 1930 1925 1931
f 1826 1931 1823
f 1823 1931 1926
f 1932 1828 1927
f 1927 1828 1825
f 1933 1927 1928
f 1932 1927 1933
f 1934 1928 1929
f 1933 1928 1934
f 1935 1929 1930
f 1934 1929 1935
f 1829 1935 1826
f 1935 1931 1826
f 1935 1930 1931
f 1828 1932 1936
f 1932 1937 1936
f 1938 1932 1933
f 1937 1932 1938
f 1939 1933 1934
f 1938 1933 1939
f 1833 1939 1832
f 1939 1935 1832
f 1939 1934 1935
f 1832 1935 1829
f 1836 1936 1940
f 1936 1937 1940
f 1940 1938 1838
f 1940 1937 1938
f 1838 1938 1839
f 1839 1938 1939
f 1839 1939 1833
f 1941 1841 1842
f 1842 1942 1941
f 1842 1843 1942
f 1943 1843 1844
f 1943 1942 1843
f 1944 1943 1847
f 1943 1844 1847
f 1946 1945 1846
f 1846 1945 1845
f 1846 1841 1941
f 1946 1846 1941
f 1949 1948 1947
f 1947 1948 1944
f 1947 1944 1847
f 1848 1947 1847
f 1945 1850 1845
f 1950 1850 1945
f 1953 1952 1951
f 1951 1952 1949
f 1951 1949 1947
f 1853 1951 1947
f 1851 1853 1947
f 1851 1947 1848
f 1950 1954 1850
f 1954 1955 1852
f 1951 1853 1953
f 1853 1955 1953
f 1853 1852 1955
f 1855 1856 1957
f 1856 1958 1957
f 1856 1959 1958
f 1960 1856 1857
f 1960 1959 1856
f 1961 1857 1956
f 1960 1857 1961
f 1965 1961 1962
f 1962 1961 1858
f 1961 1956 1858
f 1956 1854 1858
f 1859 1963 1858
f 1858 1963 1962
f 1860 1963 1859
f 1957 1862 1863
f 1957 1964 1862
f 1957 1863 1855
f 1966 1970 1965
f 1962 1966 1965
f 1963 1966 1962
f 1864 1963 1860
f 1864 1966 1963
f 1967 1866 1867
f 1967 1867 1968
f 1867 1969 1968
f 1867 1868 1969
f 1868 1862 1964
f 1868 1964 1969
f 1871 1971 1869
f 1971 1966 1869
f 1966 1864 1869
f 1971 1970 1966
f 2023 1870 1865
f 2023 1865 1866
f 1967 2023 1866
f 1972 1971 1871
f 1871 1873 1972
f 1972 1873 1973
f 1974 1874 1870
f 1870 2023 1974
f 1875 1973 1873
f 1875 1975 1973
f 1976 1874 1974
f 1976 1876 1874
f 1878 1977 1879
f 1977 1978 1879
f 1978 1875 1879
f 1978 1975 1875
f 1980 1881 1979
f 1881 1976 1979
f 1881 1876 1976
f 1981 1980 1979
f 1982 2033 1882
f 1982 1882 1883
f 1882 1983 1884
f 2033 1983 1882
f 1884 1983 1878
f 1983 1984 1878
f 1984 1977 1878
f 1978 1977 1984
f 1980 1886 1881
f 2030 1985 1888
f 2030 1888 1886
f 1981 2030 1886
f 1980 1981 1886
f 1986 1985 2030
f 1889 1982 1883
f 1889 1987 1982
f 1895 1985 1986
f 1988 1896 1895
f 1986 1988 1895
f 1991 1990 1897
f 1991 1897 1898
f 1889 1897 1987
f 1987 1897 1990
f 1988 1903 1896
f 1904 1903 1988
f 1989 1904 1988
f 1992 1904 1989
f 1993 1994 1906
f 1994 1898 1906
f 1994 1991 1898
f 1911 1996 1910
f 1910 1996 1995
f 1912 1997 1911
f 1911 1997 1996
f 1915 1913 1998
f 1997 1998 1913
f 1998 1997 1992
f 1912 1992 1997
f 1992 1912 1904
f 1906 1915 1993
f 1915 1999 1993
f 1915 1998 1999
f 1993 1999 1994
f 2000 1918 1995
f 1995 1918 1910
f 2001 1995 1996
f 2000 1995 2001
f 1920 2001 1997
f 2001 1996 1997
f 2000 1924 1918
f 1924 2000 2001
f 1941 1942 2003
f 1943 1944 1942
f 1942 1944 2003
f 2006 2005 1946
f 1946 2005 1945
f 2006 1941 2002
f 1946 1941 2006
f 1941 2004 2002
f 1941 2007 2004
f 2007 1941 2003
f 1949 2008 1948
f 2008 2003 1948
f 2003 1944 1948
f 2008 2007 2003
f 2005 1950 1945
f 2009 1950 2005
f 2011 2010 1952
f 2011 1952 1953
f 1949 1952 2008
f 2008 1952 2010
f 2009 2012 1950
f 1950 2012 1954
f 1954 2013 1955
f 2012 2013 1954
f 1953 1955 2011
f 2011 1955 2013
f 2015 2014 1958
f 1958 2014 1957
f 2016 1958 1959
f 2016 2015 1958
f 2017 1959 1960
f 2017 2016 1959
f 2018 1960 1961
f 2018 2017 1960
f 1961 1965 2018
f 2018 1965 2020
f 1964 2014 2019
f 1957 2014 1964
f 1965 1970 2020
f 2020 1970 2021
f 2019 1968 1969
f 2019 2072 1968
f 2019 1969 1964
f 1970 1971 2021
f 2021 1971 2022
f 2024 2023 1967
f 1968 2024 1967
f 2072 2024 1968
f 2025 1971 1972
f 2022 1971 2025
f 2026 1974 2023
f 2026 2023 2024
f 2027 2025 1972
f 1972 1973 2027
f 1973 2028 2027
f 1973 1975 2028
f 1974 2084 1976
f 2026 2084 1974
f 1978 2028 1975
f 1978 2029 2028
f 2031 2030 1981
f 2031 1981 1979
f 2084 2031 1979
f 1976 2084 1979
f 2032 2030 2031
f 2034 1983 2033
f 2034 1984 1983
f 1984 2029 1978
f 1984 2035 2029
f 1986 2030 2032
f 2087 2089 1986
f 2032 2087 1986
f 2038 2037 2033
f 1982 2038 2033
f 1987 2038 1982
f 2033 2037 2034
f 2034 2037 2039
f 2034 2039 1984
f 2039 2040 1984
f 2035 1984 2040
f 2089 1988 1986
f 1989 1988 2089
f 2036 1989 2089
f 2098 1989 2036
f 1991 2041 1990
f 2041 2042 1990
f 2042 1987 1990
f 2042 2038 1987
f 2044 1992 2043
f 1992 2098 2043
f 1992 1989 2098
f 2102 2044 2043
f 1994 2045 2041
f 1994 2041 1991
f 2042 2041 2045
f 2044 1998 1992
f 2102 2046 2044
f 2046 1998 2044
f 2046 1999 1998
f 1994 1999 2045
f 1999 2047 2045
f 1999 2046 2047
f 2002 2004 2048
f 2048 2004 2049
f 2051 2050 2006
f 2006 2050 2005
f 2006 2002 2048
f 2006 2048 2051
f 2052 2049 2004
f 2052 2004 2007
f 2007 2008 2052
f 2052 2008 2054
f 2050 2009 2005
f 2053 2009 2050
f 2055 2054 2010
f 2055 2010 2011
f 2008 2010 2054
f 2053 2056 2009
f 2009 2056 2012
f 2056 2058 2057
f 2013 2056 2057
f 2012 2056 2013
f 2057 2059 2013
f 2059 2011 2013
f 2059 2055 2011
f 2062 2061 2060
f 2062 2060 2058
f 2060 2057 2058
f 2060 2063 2057
f 2059 2057 2065
f 2057 2064 2065
f 2057 2063 2064
f 2060 2061 2066
f 2066 2061 2121
f 2066 2014 2015
f 2063 2066 2015
f 2060 2066 2063
f 2063 2015 2016
f 2063 2016 2064
f 2124 2065 2064
f 2016 2124 2064
f 2017 2124 2016
f 2067 2017 2018
f 2067 2124 2017
f 2018 2020 2067
f 2067 2020 2068
f 2069 2019 2014
f 2070 2066 2121
f 2070 2014 2066
f 2070 2069 2014
f 2071 2068 2020
f 2020 2021 2071
f 2069 2072 2019
f 2069 2070 2073
f 2069 2073 2072
f 2074 2071 2021
f 2021 2022 2074
f 2074 2022 2075
f 2076 2024 2072
f 2072 2073 2076
f 2025 2075 2022
f 2025 2077 2075
f 2079 2078 2026
f 2079 2026 2024
f 2076 2079 2024
f 2080 2077 2025
f 2080 2025 2027
f 2082 2081 2028
f 2081 2027 2028
f 2081 2080 2027
f 2082 2083 2081
f 2078 2084 2026
f 2078 2079 2142
f 2078 2142 2084
f 2029 2090 2082
f 2029 2082 2028
f 2083 2082 2085
f 2085 2082 2090
f 2142 2086 2084
f 2086 2031 2084
f 2086 2032 2031
f 2032 2088 2087
f 2086 2088 2032
f 2089 2087 2088
f 2029 2091 2090
f 2035 2091 2029
f 2092 2036 2089
f 2038 2094 2037
f 2037 2094 2095
f 2096 2037 2095
f 2039 2037 2096
f 2039 2097 2040
f 2096 2097 2039
f 2035 2040 2091
f 2091 2040 2097
f 2092 2098 2036
f 2092 2093 2099
f 2092 2099 2098
f 2042 2100 2094
f 2042 2094 2038
f 2095 2094 2101
f 2101 2094 2100
f 2103 2102 2043
f 2099 2103 2043
f 2098 2099 2043
f 2104 2102 2103
f 2045 2105 2100
f 2045 2100 2042
f 2101 2100 2108
f 2100 2105 2108
f 2104 2106 2102
f 2106 2046 2102
f 2106 2047 2046
f 2045 2047 2105
f 2047 2107 2105
f 2047 2106 2107
f 2105 2107 2108
f 2048 2049 2109
f 2111 2110 2051
f 2051 2110 2050
f 2051 2048 2109
f 2051 2109 2111
f 2112 2109 2049
f 2112 2049 2052
f 2052 2054 2112
f 2112 2054 2113
f 2110 2053 2050
f 2114 2053 2110
f 2055 2115 2054
f 2115 2113 2054
f 2056 2053 2116
f 2053 2117 2116
f 2053 2114 2117
f 2116 2058 2056
f 2059 2118 2055
f 2055 2118 2115
f 2116 2117 2062
f 2117 2061 2062
f 2117 2120 2061
f 2116 2062 2058
f 2118 2059 2065
f 2118 2065 2119
f 2121 2061 2120
f 2122 2121 2120
f 2123 2119 2065
f 2123 2065 2124
f 2125 2067 2068
f 2125 2124 2067
f 2068 2126 2125
f 2122 2070 2121
f 2127 2070 2122
f 2128 2126 2071
f 2126 2068 2071
f 2073 2127 2129
f 2073 2070 2127
f 2131 2130 2075
f 2075 2130 2074
f 2130 2128 2074
f 2128 2071 2074
f 2132 2073 2129
f 2132 2076 2073
f 2077 2133 2131
f 2077 2131 2075
f 2131 2134 2135
f 2131 2133 2134
f 2136 2079 2076
f 2076 2132 2137
f 2136 2076 2137
f 2138 2136 2137
f 2139 2138 2137
f 2080 2133 2077
f 2133 2080 2081
f 2133 2081 2134
f 2083 2140 2081
f 2140 2135 2081
f 2135 2134 2081
f 2136 2142 2079
f 2143 2136 2138
f 2142 2136 2143
f 2138 2139 2144
f 2138 2144 2143
f 2146 2145 2140
f 2083 2146 2140
f 2085 2146 2083
f 2140 2145 2141
f 2086 2142 2088
f 2088 2142 2143
f 2147 2089 2088
f 2144 2147 2088
f 2143 2144 2088
f 2091 2149 2090
f 2149 2150 2090
f 2150 2085 2090
f 2150 2146 2085
f 2147 2092 2089
f 2093 2092 2147
f 2148 2093 2147
f 2151 2093 2148
f 2152 2097 2096
f 2152 2096 2095
f 2149 2091 2097
f 2152 2149 2097
f 2153 2149 2152
f 2150 2149 2154
f 2154 2149 2153
f 2151 2099 2093
f 2155 2099 2151
f 2101 2156 2095
f 2095 2157 2152
f 2095 2156 2157
f 2159 2153 2158
f 2153 2157 2158
f 2153 2152 2157
f 2153 2159 2154
f 2155 2160 2099
f 2099 2160 2103
f 2104 2103 2160
f 2104 2160 2161
f 2108 2156 2101
f 2157 2156 2162
f 2156 2108 2162
f 2108 2163 2162
f 2157 2162 2158
f 2161 2164 2104
f 2104 2164 2106
f 2107 2164 2165
f 2106 2164 2107
f 2166 2108 2107
f 2166 2107 2165
f 2166 2167 2108
f 2167 2163 2108
f 2166 2165 2168
f 2166 2168 2167
f 2169 2110 2111
f 2170 2169 2111
f 2170 2111 2109
f 2171 2170 2109
f 2112 2171 2109
f 2172 2171 2112
f 2174 2173 2113
f 2173 2112 2113
f 2173 2172 2112
f 2175 2114 2169
f 2169 2114 2110
f 2169 2170 2176
f 2169 2176 2175
f 2115 2177 2174
f 2115 2174 2113
f 2179 2178 2175
f 2178 2114 2175
f 2178 2117 2114
f 2179 2175 2176
f 2118 2181 2115
f 2181 2237 2115
f 2237 2177 2115
f 2180 2120 2178
f 2120 2117 2178
f 2119 2181 2118
f 2119 2182 2181
f 2122 2120 2180
f 2183 2122 2180
f 2184 2182 2119
f 2123 2184 2119
f 2124 2184 2123
f 2185 2124 2125
f 2185 2184 2124
f 2125 2126 2185
f 2185 2126 2186
f 2188 2127 2187
f 2127 2183 2187
f 2127 2122 2183
f 2189 2188 2187
f 2190 2186 2126
f 2190 2126 2128
f 2190 2128 2191
f 2188 2129 2127
f 2189 2129 2188
f 2192 2129 2189
f 2193 2191 2128
f 2193 2128 2130
f 2195 2194 2131
f 2194 2130 2131
f 2194 2193 2130
f 2197 2196 2195
f 2195 2196 2194
f 2197 2198 2196
f 2199 2132 2129
f 2192 2199 2129
f 2135 2195 2131
f 2200 2195 2135
f 2197 2195 2200
f 2198 2197 2201
f 2201 2197 2200
f 2203 2202 2139
f 2203 2139 2137
f 2199 2203 2137
f 2132 2199 2137
f 2204 2202 2203
f 2140 2200 2135
f 2140 2141 2200
f 2141 2201 2200
f 2141 2205 2201
f 2206 2144 2202
f 2202 2144 2139
f 2202 2204 2207
f 2202 2207 2206
f 2209 2208 2145
f 2209 2145 2146
f 2141 2145 2205
f 2205 2145 2208
f 2206 2147 2144
f 2148 2147 2206
f 2207 2148 2206
f 2210 2148 2207
f 2150 2209 2146
f 2150 2211 2209
f 2213 2151 2212
f 2151 2210 2212
f 2151 2148 2210
f 2214 2213 2212
f 2154 2211 2150
f 2154 2215 2211
f 2216 2155 2213
f 2213 2155 2151
f 2213 2214 2217
f 2213 2217 2216
f 2158 2220 2159
f 2220 2154 2159
f 2220 2215 2154
f 2216 2160 2155
f 2161 2160 2216
f 2217 2161 2216
f 2218 2161 2217
f 2163 2219 2162
f 2162 2219 2158
f 2219 2220 2158
f 2218 2221 2161
f 2161 2221 2164
f 2165 2164 2221
f 2165 2221 2222
f 2163 2223 2219
f 2167 2223 2163
f 2222 2224 2165
f 2165 2225 2168
f 2224 2225 2165
f 2167 2168 2223
f 2223 2168 2225
f 2171 2227 2226
f 2171 2172 2227
f 2228 2172 2173
f 2228 2227 2172
f 2230 2229 2174
f 2229 2173 2174
f 2229 2228 2173
f 2230 2231 2229
f 2233 2232 2171
f 2232 2170 2171
f 2232 2176 2170
f 2233 2171 2226
f 2177 2234 2230
f 2177 2230 2174
f 2231 2230 2235
f 2235 2230 2234
f 2176 2236 2179
f 2232 2236 2176
f 2234 2177 2237
f 2238 2234 2237
f 2235 2234 2239
f 2239 2234 2238
f 2180 2178 2179
f 2236 2180 2179
f 2240 2180 2236
f 2238 2237 2241
f 2237 2182 2241
f 2182 2242 2241
f 2182 2237 2181
f 2238 2241 2239
f 2244 2183 2243
f 2183 2240 2243
f 2183 2180 2240
f 2245 2242 2182
f 2245 2182 2184
f 2246 2184 2185
f 2246 2245 2184
f 2247 2185 2186
f 2247 2246 2185
f 2244 2187 2183
f 2249 2250 2189
f 2249 2189 2187
f 2244 2249 2187
f 2190 2247 2186
f 2190 2191 2247
f 2191 2248 2247
f 2191 2251 2248
f 2252 2192 2250
f 2250 2192 2189
f 2250 2253 2252
f 2254 2251 2191
f 2254 2191 2193
f 2255 2193 2194
f 2255 2254 2193
f 2256 2194 2196
f 2256 2255 2194
f 2258 2257 2198
f 2257 2196 2198
f 2257 2256 2196
f 2258 2259 2257
f 2260 2199 2252
f 2252 2199 2192
f 2252 2253 2261
f 2252 2261 2260
f 2201 2264 2258
f 2201 2258 2198
f 2259 2258 2262
f 2262 2258 2264
f 2260 2203 2199
f 2204 2203 2260
f 2261 2204 2260
f 2263 2204 2261
f 2201 2265 2264
f 2205 2265 2201
f 2263 2207 2204
f 2266 2207 2263
f 2268 2267 2208
f 2268 2208 2209
f 2205 2208 2265
f 2265 2208 2267
f 2266 2210 2207
f 2269 2210 2266
f 2211 2268 2209
f 2211 2270 2268
f 2269 2271 2210
f 2210 2271 2212
f 2214 2212 2271
f 2214 2271 2272
f 2215 2270 2211
f 2215 2273 2270
f 2272 2217 2214
f 2274 2217 2272
f 2276 2273 2275
f 2273 2220 2275
f 2273 2215 2220
f 2274 2218 2217
f 2277 2218 2274
f 2278 2279 2276
f 2278 2276 2275
f 2219 2278 2275
f 2220 2219 2275
f 2277 2280 2218
f 2218 2280 2221
f 2282 2281 2222
f 2221 2282 2222
f 2280 2282 2221
f 2284 2283 2281
f 2284 2281 2282
f 2283 2284 2279
f 2283 2279 2278
f 2223 2283 2278
f 2219 2223 2278
f 2281 2224 2222
f 2224 2281 2225
f 2225 2281 2283
f 2225 2283 2223
f 2286 2285 2227
f 2227 2285 2226
f 2287 2227 2228
f 2287 2286 2227
f 2288 2228 2229
f 2288 2287 2228
f 2292 2289 2231
f 2289 2229 2231
f 2289 2288 2229
f 2291 2290 2233
f 2233 2290 2232
f 2233 2226 2285
f 2233 2285 2291
f 2231 2293 2292
f 2235 2293 2231
f 2290 2236 2232
f 2294 2236 2290
f 2239 2293 2235
f 2239 2295 2293
f 2294 2240 2236
f 2296 2240 2294
f 2242 2297 2241
f 2297 2239 2241
f 2297 2295 2239
f 2296 2298 2240
f 2240 2298 2243
f 2300 2299 2244
f 2243 2300 2244
f 2298 2300 2243
f 2301 2299 2300
f 2302 2297 2242
f 2245 2302 2242
f 2246 2302 2245
f 2303 2302 2247
f 2302 2246 2247
f 2299 2249 2244
f 2250 2249 2299
f 2301 2250 2299
f 2304 2250 2301
f 2305 2303 2247
f 2247 2248 2305
f 2248 2306 2305
f 2248 2251 2306
f 2304 2253 2250
f 2307 2253 2304
f 2308 2306 2251
f 2308 2251 2254
f 2309 2254 2255
f 2309 2308 2254
f 2256 2309 2255
f 2310 2256 2257
f 2257 2259 2310
f 2310 2259 2311
f 2312 2261 2307
f 2261 2253 2307
f 2262 2311 2259
f 2262 2313 2311
f 2312 2263 2261
f 2312 2314 2263
f 2265 2320 2264
f 2320 2315 2264
f 2315 2262 2264
f 2315 2313 2262
f 2316 2266 2263
f 2263 2314 2317
f 2263 2317 2316
f 2268 2318 2267
f 2318 2319 2267
f 2267 2319 2265
f 2319 2320 2265
f 2321 2269 2316
f 2316 2269 2266
f 2316 2317 2322
f 2316 2322 2321
f 2270 2318 2268
f 2319 2318 2323
f 2323 2318 2270
f 2321 2271 2269
f 2272 2271 2321
f 2322 2272 2321
f 2324 2272 2322
f 2326 2325 2270
f 2273 2326 2270
f 2270 2325 2323
f 2324 2274 2272
f 2327 2274 2324
f 2328 2273 2276
f 2328 2326 2273
f 2330 2277 2329
f 2277 2327 2329
f 2277 2274 2327
f 2389 2330 2329
f 2331 2332 2279
f 2279 2332 2276
f 2332 2333 2276
f 2276 2333 2328
f 2330 2280 2277
f 2389 2334 2330
f 2334 2280 2330
f 2334 2282 2280
f 2282 2335 2284
f 2334 2335 2282
f 2279 2284 2331
f 2284 2336 2331
f 2284 2335 2336
f 2331 2336 2332
f 2340 2339 2286
f 2286 2339 2285
f 2341 2286 2287
f 2341 2340 2286
f 2342 2287 2288
f 2342 2341 2287
f 2289 2338 2337
f 2342 2289 2337
f 2288 2289 2342
f 2344 2343 2292
f 2292 2343 2289
f 2343 2338 2289
f 2285 2345 2291
f 2339 2345 2285
f 2293 2346 2292
f 2346 2347 2292
f 2347 2344 2292
f 2349 2348 2291
f 2348 2290 2291
f 2348 2294 2290
f 2349 2291 2345
f 2350 2409 2346
f 2293 2350 2346
f 2295 2350 2293
f 2346 2409 2347
f 2348 2296 2294
f 2351 2296 2348
f 2297 2350 2295
f 2297 2352 2350
f 2351 2353 2296
f 2296 2353 2298
f 2298 2354 2300
f 2353 2354 2298
f 2301 2300 2354
f 2301 2354 2355
f 2297 2302 2356
f 2357 2297 2356
f 2352 2297 2357
f 2303 2356 2302
f 2359 2304 2358
f 2304 2355 2358
f 2304 2301 2355
f 2360 2361 2359
f 2360 2359 2358
f 2361 2356 2362
f 2361 2360 2357
f 2356 2361 2357
f 2362 2356 2303
f 2305 2362 2303
f 2363 2362 2305
f 2305 2306 2363
f 2363 2306 2364
f 2365 2307 2359
f 2359 2307 2304
f 2366 2359 2361
f 2365 2359 2366
f 2361 2367 2366
f 2368 2364 2306
f 2368 2306 2308
f 2369 2308 2309
f 2369 2368 2308
f 2370 2309 2256
f 2370 2369 2309
f 2371 2256 2310
f 2371 2370 2256
f 2310 2311 2371
f 2371 2311 2372
f 2365 2366 2373
f 2312 2365 2373
f 2374 2312 2373
f 2365 2312 2307
f 2373 2366 2367
f 2313 2372 2311
f 2313 2375 2372
f 2374 2314 2312
f 2376 2314 2374
f 2315 2375 2313
f 2315 2377 2375
f 2376 2317 2314
f 2378 2317 2376
f 2319 2379 2320
f 2379 2380 2320
f 2380 2315 2320
f 2380 2377 2315
f 2378 2322 2317
f 2381 2322 2378
f 2383 2382 2379
f 2319 2383 2379
f 2323 2383 2319
f 2379 2382 2380
f 2381 2324 2322
f 2384 2324 2381
f 2386 2385 2325
f 2386 2325 2326
f 2323 2325 2383
f 2383 2325 2385
f 2384 2327 2324
f 2455 2327 2384
f 2328 2386 2326
f 2328 2387 2386
f 2455 2388 2327
f 2327 2388 2329
f 2329 2390 2389
f 2388 2390 2329
f 2391 2389 2390
f 2393 2392 2333
f 2393 2333 2332
f 2328 2333 2387
f 2387 2333 2392
f 2391 2394 2389
f 2394 2334 2389
f 2394 2335 2334
f 2335 2395 2336
f 2394 2395 2335
f 2332 2336 2393
f 2393 2336 2395
f 2397 2396 2337
f 2399 2398 2338
f 2398 2337 2338
f 2398 2397 2337
f 2400 2339 2340
f 2341 2401 2340
f 2340 2401 2400
f 2401 2341 2402
f 2341 2403 2402
f 2341 2342 2403
f 2342 2337 2396
f 2342 2396 2403
f 2343 2399 2338
f 2344 2404 2343
f 2404 2399 2343
f 2405 2345 2400
f 2400 2345 2339
f 2405 2401 2406
f 2400 2401 2405
f 2406 2401 2402
f 2347 2407 2344
f 2407 2404 2344
f 2349 2479 2348
f 2349 2345 2405
f 2408 2349 2405
f 2479 2349 2408
f 2408 2405 2406
f 2409 2410 2347
f 2410 2411 2347
f 2347 2411 2407
f 2412 2351 2479
f 2351 2348 2479
f 2413 2412 2479
f 2415 2414 2409
f 2350 2415 2409
f 2352 2415 2350
f 2409 2414 2410
f 2412 2353 2351
f 2413 2416 2412
f 2416 2353 2412
f 2416 2354 2353
f 2418 2417 2355
f 2354 2418 2355
f 2416 2418 2354
f 2420 2419 2417
f 2420 2417 2418
f 2420 2415 2419
f 2415 2357 2419
f 2415 2352 2357
f 2417 2358 2355
f 2358 2417 2360
f 2360 2417 2419
f 2360 2419 2357
f 2421 2361 2362
f 2363 2422 2362
f 2362 2422 2421
f 2422 2363 2364
f 2425 2424 2423
f 2427 2426 2423
f 2423 2426 2425
f 2427 2428 2426
f 2429 2367 2421
f 2421 2367 2361
f 2422 2431 2430
f 2429 2422 2430
f 2421 2422 2429
f 2431 2423 2424
f 2431 2368 2423
f 2431 2422 2364
f 2368 2431 2364
f 2423 2368 2369
f 2423 2369 2427
f 2432 2428 2427
f 2369 2432 2427
f 2370 2432 2369
f 2433 2370 2371
f 2433 2432 2370
f 2371 2372 2433
f 2433 2372 2434
f 2435 2374 2373
f 2436 2435 2373
f 2436 2373 2367
f 2437 2436 2367
f 2429 2437 2367
f 2437 2429 2430
f 2375 2439 2438
f 2434 2375 2438
f 2372 2375 2434
f 2439 2440 2438
f 2441 2376 2435
f 2435 2376 2374
f 2435 2436 2442
f 2435 2442 2441
f 2377 2443 2439
f 2377 2439 2375
f 2440 2439 2444
f 2444 2439 2443
f 2508 2376 2441
f 2508 2378 2376
f 2446 2445 2443
f 2377 2446 2443
f 2380 2446 2377
f 2443 2445 2444
f 2508 2381 2378
f 2447 2381 2508
f 2450 2449 2448
f 2382 2383 2448
f 2449 2382 2448
f 2451 2382 2449
f 2380 2382 2446
f 2446 2382 2451
f 2447 2384 2381
f 2452 2384 2447
f 2453 2450 2448
f 2386 2453 2448
f 2385 2386 2448
f 2385 2448 2383
f 2455 2452 2454
f 2455 2384 2452
f 2456 2455 2454
f 2453 2457 2458
f 2387 2457 2386
f 2386 2457 2453
f 2456 2459 2455
f 2459 2388 2455
f 2459 2390 2388
f 2391 2390 2459
f 2458 2457 2392
f 2393 2458 2392
f 2460 2458 2393
f 2392 2457 2387
f 2459 2520 2391
f 2391 2520 2394
f 2394 2461 2395
f 2520 2461 2394
f 2393 2395 2460
f 2460 2395 2461
f 2463 2462 2397
f 2397 2462 2396
f 2464 2397 2398
f 2464 2463 2397
f 2466 2465 2399
f 2465 2398 2399
f 2465 2464 2398
f 2468 2467 2466
f 2466 2467 2465
f 2468 2469 2467
f 2470 2402 2403
f 2471 2470 2403
f 2396 2471 2403
f 2462 2471 2396
f 2404 2466 2399
f 2472 2466 2404
f 2468 2466 2472
f 2469 2468 2473
f 2473 2468 2472
f 2475 2474 2406
f 2475 2406 2402
f 2476 2475 2402
f 2470 2476 2402
f 2476 2470 2471
f 2407 2477 2404
f 2477 2478 2404
f 2478 2472 2404
f 2472 2478 2473
f 2408 2480 2479
f 2406 2474 2408
f 2474 2480 2408
f 2474 2481 2480
f 2474 2475 2482
f 2474 2482 2481
f 2484 2483 2411
f 2484 2411 2410
f 2407 2411 2477
f 2411 2485 2477
f 2411 2483 2485
f 2479 2486 2413
f 2479 2480 2486
f 2481 2487 2486
f 2480 2481 2486
f 2487 2481 2482
f 2489 2488 2414
f 2489 2414 2415
f 2410 2414 2484
f 2484 2414 2488
f 2486 2416 2413
f 2490 2416 2486
f 2490 2418 2416
f 2418 2491 2420
f 2490 2491 2418
f 2415 2420 2489
f 2489 2420 2491
f 2494 2493 2492
f 2496 2495 2492
f 2492 2495 2494
f 2496 2497 2495
f 2499 2498 2425
f 2425 2498 2424
f 2426 2492 2493
f 2499 2426 2493
f 2425 2426 2499
f 2492 2426 2428
f 2496 2492 2428
f 2497 2496 2500
f 2500 2496 2428
f 2431 2501 2430
f 2431 2424 2498
f 2431 2498 2501
f 2502 2500 2428
f 2432 2502 2428
f 2433 2502 2432
f 2433 2434 2502
f 2430 2503 2437
f 2501 2503 2430
f 2504 2502 2434
f 2504 2434 2438
f 2438 2440 2504
f 2504 2440 2505
f 2503 2506 2437
f 2506 2436 2437
f 2506 2442 2436
f 2444 2505 2440
f 2444 2507 2505
f 2509 2508 2441
f 2442 2509 2441
f 2506 2509 2442
f 2445 2446 2510
f 2511 2445 2510
f 2444 2445 2507
f 2507 2445 2511
f 2512 2447 2508
f 2508 2509 2512
f 2514 2513 2449
f 2514 2449 2450
f 2451 2513 2510
f 2451 2449 2513
f 2451 2510 2446
f 2515 2452 2512
f 2512 2452 2447
f 2512 2516 2515
f 2517 2450 2453
f 2517 2514 2450
f 2515 2454 2452
f 2456 2454 2515
f 2516 2456 2515
f 2518 2456 2516
f 2519 2517 2453
f 2458 2519 2453
f 2518 2571 2456
f 2456 2571 2459
f 2521 2520 2459
f 2571 2521 2459
f 2522 2461 2520
f 2522 2520 2521
f 2522 2519 2461
f 2519 2460 2461
f 2519 2458 2460
f 2523 2462 2463
f 2464 2524 2463
f 2463 2524 2523
f 2465 2525 2464
f 2464 2525 2524
f 2525 2465 2526
f 2465 2527 2526
f 2465 2467 2527
f 2467 2469 2527
f 2527 2469 2528
f 2529 2471 2523
f 2523 2471 2462
f 2529 2524 2530
f 2523 2524 2529
f 2530 2524 2525
f 2530 2525 2531
f 2531 2525 2526
f 2473 2528 2469
f 2473 2532 2528
f 2533 2476 2471
f 2534 2533 2471
f 2529 2534 2471
f 2534 2529 2530
f 2536 2535 2477
f 2535 2478 2477
f 2537 2478 2535
f 2473 2478 2532
f 2532 2478 2537
f 2539 2538 2476
f 2538 2475 2476
f 2538 2482 2475
f 2539 2476 2533
f 2541 2540 2483
f 2541 2483 2484
f 2477 2485 2536
f 2485 2540 2536
f 2485 2483 2540
f 2542 2486 2487
f 2543 2542 2487
f 2482 2543 2487
f 2538 2543 2482
f 2489 2544 2488
f 2544 2545 2488
f 2545 2484 2488
f 2545 2541 2484
f 2542 2490 2486
f 2543 2546 2542
f 2546 2490 2542
f 2546 2491 2490
f 2489 2491 2544
f 2491 2547 2544
f 2491 2546 2547
f 2544 2547 2545
f 2549 2548 2494
f 2494 2548 2493
f 2550 2494 2495
f 2550 2549 2494
f 2495 2497 2550
f 2550 2497 2551
f 2499 2552 2498
f 2499 2493 2548
f 2499 2548 2552
f 2500 2551 2497
f 2500 2553 2551
f 2498 2554 2501
f 2552 2554 2498
f 2555 2553 2500
f 2555 2500 2502
f 2555 2502 2556
f 2554 2602 2501
f 2602 2503 2501
f 2556 2502 2504
f 2504 2505 2556
f 2556 2505 2557
f 2558 2506 2503
f 2602 2558 2503
f 2507 2557 2505
f 2507 2559 2557
f 2558 2560 2506
f 2560 2509 2506
f 2511 2510 2561
f 2507 2511 2559
f 2560 2512 2509
f 2562 2512 2560
f 2514 2563 2513
f 2563 2564 2513
f 2513 2564 2510
f 2564 2561 2510
f 2562 2516 2512
f 2565 2516 2562
f 2568 2567 2566
f 2567 2569 2563
f 2517 2567 2563
f 2514 2517 2563
f 2566 2567 2517
f 2563 2569 2564
f 2571 2518 2570
f 2518 2565 2570
f 2518 2516 2565
f 2573 2572 2571
f 2573 2571 2570
f 2575 2574 2572
f 2575 2572 2573
f 2574 2575 2568
f 2574 2568 2566
f 2519 2574 2566
f 2517 2519 2566
f 2521 2571 2572
f 2521 2572 2522
f 2522 2572 2574
f 2522 2574 2519
f 2576 2526 2527
f 2528 2576 2527
f 2531 2578 2530
f 2530 2578 2577
f 2526 2576 2531
f 2576 2578 2531
f 2576 2579 2578
f 2532 2579 2528
f 2528 2579 2576
f 2580 2533 2534
f 2530 2577 2534
f 2577 2580 2534
f 2577 2581 2580
f 2536 2581 2535
f 2581 2578 2535
f 2581 2577 2578
f 2535 2578 2537
f 2537 2578 2579
f 2537 2579 2532
f 2582 2538 2539
f 2583 2582 2539
f 2583 2539 2533
f 2580 2583 2533
f 2541 2584 2540
f 2584 2580 2540
f 2580 2581 2540
f 2584 2583 2580
f 2540 2581 2536
f 2585 2543 2582
f 2582 2543 2538
f 2582 2583 2585
f 2545 2584 2541
f 2545 2586 2584
f 2585 2546 2543
f 2587 2546 2585
f 2587 2547 2546
f 2545 2547 2586
f 2586 2547 2587
f 2589 2588 2549
f 2549 2588 2548
f 2590 2549 2550
f 2590 2589 2549
f 2592 2591 2551
f 2591 2550 2551
f 2591 2590 2550
f 2548 2593 2552
f 2588 2593 2548
f 2553 2594 2592
f 2553 2592 2551
f 2592 2595 2626
f 2592 2594 2595
f 2597 2596 2595
f 2595 2596 2626
f 2597 2598 2596
f 2593 2631 2552
f 2631 2554 2552
f 2555 2594 2553
f 2594 2555 2556
f 2599 2594 2556
f 2595 2594 2599
f 2595 2600 2597
f 2595 2599 2600
f 2598 2597 2601
f 2601 2597 2600
f 2603 2602 2554
f 2631 2603 2554
f 2599 2556 2557
f 2604 2599 2557
f 2600 2599 2604
f 2601 2600 2605
f 2605 2600 2604
f 2603 2606 2602
f 2606 2558 2602
f 2608 2607 2604
f 2557 2608 2604
f 2559 2608 2557
f 2604 2607 2605
f 2609 2560 2558
f 2610 2609 2558
f 2606 2610 2558
f 2611 2511 2561
f 2559 2511 2608
f 2608 2511 2611
f 2612 2562 2609
f 2609 2562 2560
f 2609 2610 2613
f 2609 2613 2612
f 2617 2614 2561
f 2617 2561 2564
f 2611 2561 2614
f 2615 2565 2612
f 2612 2565 2562
f 2612 2613 2616
f 2612 2616 2615
f 2567 2568 2620
f 2617 2567 2620
f 2569 2567 2617
f 2564 2569 2617
f 2615 2570 2565
f 2616 2618 2615
f 2618 2570 2615
f 2618 2573 2570
f 2573 2619 2575
f 2618 2619 2573
f 2575 2620 2568
f 2575 2619 2620
f 2621 2585 2583
f 2586 2621 2584
f 2584 2621 2583
f 2621 2587 2585
f 2587 2621 2586
f 2622 2660 2589
f 2589 2660 2588
f 2623 2589 2590
f 2623 2622 2589
f 2624 2590 2591
f 2624 2623 2590
f 2626 2625 2592
f 2625 2591 2592
f 2625 2624 2591
f 2626 2627 2625
f 2660 2593 2588
f 2628 2593 2660
f 2629 2627 2626
f 2596 2629 2626
f 2596 2598 2629
f 2629 2598 2630
f 2632 2631 2593
f 2628 2632 2593
f 2601 2630 2598
f 2601 2633 2630
f 2632 2634 2631
f 2634 2603 2631
f 2605 2633 2601
f 2605 2635 2633
f 2636 2606 2603
f 2637 2636 2603
f 2634 2637 2603
f 2608 2638 2607
f 2638 2605 2607
f 2638 2635 2605
f 2639 2610 2636
f 2636 2610 2606
f 2636 2637 2640
f 2636 2640 2639
f 2642 2641 2611
f 2611 2643 2608
f 2611 2641 2643
f 2608 2643 2638
f 2644 2613 2639
f 2639 2613 2610
f 2639 2640 2645
f 2639 2645 2644
f 2647 2646 2614
f 2647 2614 2617
f 2611 2614 2642
f 2642 2614 2646
f 2648 2616 2644
f 2644 2616 2613
f 2644 2645 2649
f 2650 2644 2649
f 2648 2644 2650
f 2651 2620 2650
f 2651 2650 2649
f 2651 2617 2620
f 2652 2617 2651
f 2647 2617 2652
f 2648 2618 2616
f 2618 2648 2619
f 2619 2648 2650
f 2619 2650 2620
f 2655 2654 2653
f 2657 2656 2653
f 2653 2656 2655
f 2657 2658 2656
f 2654 2661 2653
f 2661 2622 2653
f 2622 2623 2653
f 2622 2661 2660
f 2653 2623 2624
f 2653 2624 2657
f 2657 2624 2625
f 2657 2625 2658
f 2625 2627 2658
f 2627 2659 2658
f 2627 2662 2659
f 2661 2663 2660
f 2663 2628 2660
f 2664 2662 2627
f 2664 2627 2629
f 2629 2630 2664
f 2664 2630 2665
f 2663 2632 2628
f 2666 2632 2663
f 2633 2665 2630
f 2633 2667 2665
f 2668 2634 2632
f 2669 2668 2632
f 2666 2669 2632
f 2635 2667 2633
f 2635 2670 2667
f 2671 2637 2668
f 2668 2637 2634
f 2668 2669 2672
f 2668 2672 2671
f 2670 2638 2678
f 2635 2638 2670
f 2673 2640 2671
f 2671 2640 2637
f 2671 2672 2674
f 2673 2671 2674
f 2642 2675 2641
f 2676 2643 2641
f 2676 2641 2675
f 2676 2677 2643
f 2643 2677 2638
f 2677 2678 2638
f 2679 2645 2673
f 2673 2645 2640
f 2680 2673 2674
f 2679 2673 2680
f 2674 2715 2681
f 2682 2674 2681
f 2680 2674 2682
f 2646 2647 2682
f 2681 2646 2682
f 2683 2646 2681
f 2642 2646 2675
f 2646 2684 2675
f 2646 2683 2684
f 2675 2684 2676
f 2676 2684 2685
f 2676 2685 2677
f 2679 2649 2645
f 2649 2679 2651
f 2651 2679 2680
f 2651 2680 2652
f 2652 2680 2682
f 2652 2682 2647
f 2688 2687 2686
f 2686 2689 2688
f 2687 2691 2655
f 2655 2691 2654
f 2656 2686 2687
f 2655 2656 2687
f 2686 2656 2658
f 2686 2658 2689
f 2658 2659 2689
f 2659 2690 2689
f 2659 2692 2690
f 2691 2661 2654
f 2693 2661 2691
f 2662 2695 2694
f 2692 2662 2694
f 2659 2662 2692
f 2695 2696 2694
f 2698 2663 2661
f 2699 2698 2661
f 2693 2699 2661
f 2664 2695 2662
f 2695 2664 2665
f 2700 2695 2665
f 2696 2695 2700
f 2697 2696 2701
f 2701 2696 2700
f 2702 2666 2698
f 2698 2666 2663
f 2698 2699 2703
f 2698 2703 2702
f 2667 2704 2700
f 2667 2700 2665
f 2701 2700 2705
f 2700 2704 2705
f 2706 2669 2702
f 2702 2669 2666
f 2702 2703 2707
f 2708 2702 2707
f 2706 2702 2708
f 2670 2709 2704
f 2670 2704 2667
f 2705 2709 2710
f 2705 2704 2709
f 2711 2672 2706
f 2706 2672 2669
f 2712 2706 2708
f 2711 2706 2712
f 2708 2707 2713
f 2708 2713 2712
f 2678 2709 2670
f 2678 2710 2709
f 2678 2714 2710
f 2711 2674 2672
f 2674 2711 2715
f 2711 2712 2715
f 2712 2713 2716
f 2717 2712 2716
f 2715 2712 2717
f 2718 2717 2716
f 2720 2719 2678
f 2720 2678 2677
f 2714 2678 2719
f 2681 2715 2683
f 2683 2715 2717
f 2718 2721 2717
f 2721 2683 2717
f 2721 2684 2683
f 2684 2722 2685
f 2721 2722 2684
f 2677 2685 2720
f 2720 2685 2722
f 2688 2723 2687
f 2724 2688 2689
f 2724 2723 2688
f 2689 2690 2724
f 2724 2690 2725
f 2727 2726 2687
f 2687 2726 2691
f 2687 2723 2727
f 2692 2694 2728
f 2725 2692 2728
f 2690 2692 2725
f 2694 2729 2728
f 2726 2693 2691
f 2731 2693 2726
f 2694 2696 2729
f 2696 2697 2729
f 2697 2730 2729
f 2697 2732 2730
f 2731 2699 2693
f 2733 2699 2731
f 2701 2732 2697
f 2701 2734 2732
f 2736 2703 2735
f 2703 2733 2735
f 2703 2699 2733
f 2737 2734 2701
f 2737 2701 2705
f 2737 2705 2738
f 2736 2707 2703
f 2739 2707 2736
f 2741 2740 2705
f 2741 2705 2710
f 2738 2705 2740
f 2713 2739 2742
f 2713 2707 2739
f 2714 2741 2710
f 2714 2744 2741
f 2742 2716 2713
f 2746 2745 2718
f 2746 2718 2716
f 2743 2746 2716
f 2742 2743 2716
f 2747 2745 2746
f 2747 2748 2719
f 2747 2719 2720
f 2714 2719 2744
f 2744 2719 2748
f 2745 2721 2718
f 2747 2721 2745
f 2747 2722 2721
f 2720 2722 2747
f 2749 2723 2750
f 2723 2724 2750
f 2752 2751 2725
f 2751 2724 2725
f 2751 2750 2724
f 2752 2753 2751
f 2756 2755 2727
f 2727 2755 2726
f 2727 2723 2749
f 2757 2727 2749
f 2756 2727 2757
f 2757 2749 2750
f 2728 2752 2725
f 2752 2728 2729
f 2752 2729 2753
f 2729 2730 2753
f 2730 2754 2753
f 2730 2758 2754
f 2755 2731 2726
f 2759 2731 2755
f 2732 2761 2760
f 2758 2732 2760
f 2730 2732 2758
f 2761 2762 2760
f 2759 2733 2731
f 2763 2733 2759
f 2734 2764 2761
f 2734 2761 2732
f 2762 2761 2765
f 2761 2766 2765
f 2761 2764 2766
f 2768 2767 2766
f 2766 2767 2765
f 2768 2769 2767
f 2763 2770 2733
f 2733 2770 2735
f 2736 2735 2770
f 2736 2770 2771
f 2737 2764 2734
f 2764 2737 2738
f 2772 2764 2738
f 2766 2764 2772
f 2766 2779 2768
f 2766 2772 2779
f 2769 2768 2773
f 2773 2768 2779
f 2739 2771 2774
f 2739 2736 2771
f 2741 2776 2740
f 2776 2777 2740
f 2740 2777 2738
f 2777 2778 2738
f 2778 2772 2738
f 2772 2778 2779
f 2774 2742 2739
f 2781 2780 2743
f 2781 2743 2742
f 2775 2781 2742
f 2774 2775 2742
f 2783 2782 2780
f 2783 2780 2781
f 2785 2784 2782
f 2785 2782 2783
f 2785 2786 2776
f 2744 2785 2776
f 2741 2744 2776
f 2784 2785 2744
f 2776 2786 2777
f 2780 2746 2743
f 2746 2780 2747
f 2780 2787 2747
f 2780 2782 2787
f 2747 2787 2748
f 2787 2784 2748
f 2787 2782 2784
f 2748 2784 2744
f 2751 2789 2750
f 2750 2789 2788
f 2789 2751 2790
f 2751 2791 2790
f 2751 2753 2791
f 2753 2754 2791
f 2791 2754 2792
f 2793 2755 2756
f 2757 2794 2756
f 2756 2794 2793
f 2750 2788 2757
f 2788 2794 2757
f 2788 2795 2794
f 2789 2797 2796
f 2795 2789 2796
f 2788 2789 2795
f 2797 2789 2790
f 2758 2799 2798
f 2792 2758 2798
f 2754 2758 2792
f 2799 2800 2798
f 2801 2759 2793
f 2793 2759 2755
f 2794 2803 2802
f 2801 2794 2802
f 2793 2794 2801
f 2803 2794 2795
f 2760 2799 2758
f 2805 2804 2762
f 2762 2804 2760
f 2804 2800 2760
f 2800 2799 2760
f 2807 2806 2805
f 2805 2806 2804
f 2807 2808 2806
f 2809 2763 2801
f 2801 2763 2759
f 2810 2801 2802
f 2809 2801 2810
f 2765 2805 2762
f 2805 2765 2767
f 2805 2767 2807
f 2767 2769 2807
f 2769 2808 2807
f 2769 2811 2808
f 2809 2770 2763
f 2770 2809 2771
f 2809 2812 2771
f 2809 2810 2812
f 2810 2849 2812
f 2773 2811 2769
f 2773 2813 2811
f 2812 2774 2771
f 2814 2775 2774
f 2849 2814 2774
f 2812 2849 2774
f 2816 2815 2814
f 2817 2815 2816
f 2777 2818 2778
f 2819 2779 2778
f 2819 2778 2818
f 2813 2773 2821
f 2773 2819 2821
f 2819 2820 2821
f 2773 2779 2819
f 2814 2781 2775
f 2781 2814 2783
f 2783 2814 2815
f 2783 2815 2785
f 2785 2815 2817
f 2855 2822 2817
f 2822 2785 2817
f 2822 2786 2785
f 2786 2822 2777
f 2822 2823 2777
f 2823 2818 2777
f 2823 2822 2824
f 2818 2825 2819
f 2818 2823 2825
f 2827 2820 2826
f 2820 2825 2826
f 2820 2819 2825
f 2820 2827 2821
f 2824 2828 2823
f 2823 2828 2825
f 2825 2828 2829
f 2825 2829 2826
f 2831 2830 2797
f 2797 2830 2796
f 2831 2797 2790
f 2834 2831 2790
f 2791 2834 2790
f 2831 2834 2832
f 2834 2791 2792
f 2833 2834 2792
f 2798 2833 2792
f 2836 2835 2800
f 2835 2798 2800
f 2835 2833 2798
f 2838 2837 2836
f 2836 2837 2835
f 2838 2839 2837
f 2795 2840 2803
f 2841 2840 2795
f 2796 2841 2795
f 2830 2841 2796
f 2804 2836 2800
f 2836 2804 2806
f 2836 2806 2838
f 2843 2842 2808
f 2808 2842 2806
f 2842 2839 2806
f 2839 2838 2806
f 2843 2844 2842
f 2802 2803 2810
f 2803 2845 2810
f 2803 2840 2845
f 2840 2841 2846
f 2840 2846 2845
f 2811 2847 2843
f 2811 2843 2808
f 2844 2843 2848
f 2848 2843 2847
f 2845 2849 2810
f 2845 2846 2850
f 2849 2845 2850
f 2854 2853 2847
f 2811 2854 2847
f 2813 2854 2811
f 2847 2853 2848
f 2814 2849 2816
f 2816 2849 2850
f 2816 2850 2817
f 2817 2850 2851
f 2856 2855 2817
f 2852 2856 2817
f 2851 2852 2817
f 2857 2855 2856
f 2858 2854 2813
f 2858 2813 2821
f 2858 2821 2859
f 2861 2860 2824
f 2861 2824 2822
f 2857 2861 2822
f 2855 2857 2822
f 2863 2862 2860
f 2863 2860 2861
f 2827 2826 2862
f 2863 2827 2862
f 2895 2827 2863
f 2821 2827 2859
f 2859 2827 2895
f 2860 2828 2824
f 2828 2860 2829
f 2829 2860 2862
f 2829 2862 2826
f 2864 2830 2831
f 2832 2864 2831
f 2865 2834 2833
f 2835 2866 2833
f 2833 2866 2865
f 2866 2835 2867
f 2835 2868 2867
f 2835 2837 2868
f 2870 2869 2839
f 2869 2837 2839
f 2869 2868 2837
f 2872 2871 2870
f 2870 2871 2869
f 2872 2873 2871
f 2875 2841 2864
f 2864 2841 2830
f 2875 2864 2832
f 2874 2875 2832
f 2834 2874 2832
f 2876 2834 2865
f 2874 2834 2876
f 2876 2865 2866
f 2876 2866 2877
f 2877 2866 2867
f 2842 2870 2839
f 2870 2842 2844
f 2878 2870 2844
f 2872 2870 2878
f 2873 2872 2879
f 2879 2872 2878
f 2880 2846 2875
f 2875 2846 2841
f 2881 2875 2907
f 2880 2875 2881
f 2882 2881 2907
f 2884 2883 2878
f 2844 2884 2878
f 2848 2884 2844
f 2878 2883 2879
f 2880 2850 2846
f 2850 2880 2851
f 2851 2880 2881
f 2886 2885 2852
f 2886 2852 2851
f 2882 2886 2851
f 2881 2882 2851
f 2888 2887 2885
f 2888 2885 2886
f 2854 2889 2853
f 2889 2890 2853
f 2890 2848 2853
f 2890 2884 2848
f 2885 2856 2852
f 2856 2885 2857
f 2885 2891 2857
f 2885 2887 2891
f 2887 2888 2892
f 2893 2887 2892
f 2891 2887 2893
f 2894 2889 2892
f 2854 2892 2889
f 2892 2854 2893
f 2858 2893 2854
f 2893 2858 2895
f 2894 2890 2889
f 2859 2895 2858
f 2891 2861 2857
f 2861 2891 2863
f 2863 2891 2893
f 2863 2893 2895
f 2899 2898 2868
f 2868 2898 2867
f 2899 2869 2896
f 2868 2869 2899
f 2869 2900 2896
f 2871 2900 2869
f 2902 2901 2873
f 2901 2871 2873
f 2901 2900 2871
f 2913 2903 2902
f 2902 2903 2901
f 2905 2904 2913
f 2913 2904 2903
f 2905 2906 2904
f 2907 2875 2874
f 2876 2908 2874
f 2874 2908 2907
f 2877 2909 2876
f 2876 2909 2908
f 2910 2909 2877
f 2867 2910 2877
f 2898 2910 2867
f 2912 2911 2902
f 2873 2912 2902
f 2879 2912 2873
f 2902 2911 2913
f 2914 2905 2913
f 2906 2905 2915
f 2915 2905 2914
f 2907 2916 2882
f 2907 2908 2916
f 2917 2908 2909
f 2916 2908 2917
f 2909 2910 2918
f 2919 2909 2918
f 2917 2909 2919
f 2920 2919 2918
f 2884 2921 2883
f 2921 2922 2883
f 2922 2879 2883
f 2922 2912 2879
f 2916 2886 2882
f 2886 2916 2888
f 2888 2916 2917
f 2917 2923 2888
f 2917 2919 2923
f 2919 2920 2924
f 2925 2919 2924
f 2923 2919 2925
f 2924 2926 2921
f 2890 2924 2921
f 2884 2890 2921
f 2925 2924 2890
f 2921 2926 2922
f 2923 2892 2888
f 2892 2923 2894
f 2894 2923 2925
f 2894 2925 2890
f 2929 2928 2927
f 2927 2930 2929
f 2932 2931 2897
f 2897 2931 2896
f 2934 2933 2896
f 2933 2897 2896
f 2933 2932 2897
f 2936 2935 2934
f 2934 2935 2933
f 2936 2937 2935
f 2940 2939 2938
f 2940 2938 2928
f 2938 2927 2928
f 2938 2941 2927
f 2930 2927 2942
f 2942 2927 2941
f 2899 2943 2898
f 2899 2896 2931
f 2899 2931 2943
f 2900 2934 2896
f 2934 2900 2901
f 2934 2901 2936
f 2944 2937 2936
f 2901 2944 2936
f 2903 2944 2901
f 2904 2938 2939
f 2944 2904 2939
f 2903 2904 2944
f 2938 2904 2906
f 2945 2938 2906
f 2941 2938 2945
f 2942 2941 2946
f 2946 2941 2945
f 2948 2910 2947
f 2910 2943 2947
f 2910 2898 2943
f 2949 2948 2947
f 2912 2950 2911
f 2951 2913 2911
f 2951 2911 2950
f 2951 2914 2913
f 2915 2952 2945
f 2915 2945 2906
f 2946 2945 2953
f 2953 2945 2952
f 2948 2918 2910
f 2955 2954 2920
f 2955 2920 2918
f 2949 2955 2918
f 2948 2949 2918
f 2957 2956 2954
f 2957 2954 2955
f 2922 2956 2912
f 2957 2912 2956
f 2912 2957 2950
f 2983 2950 2957
f 2950 2958 2951
f 2950 2983 2958
f 2951 2959 2914
f 2958 2959 2951
f 2952 2915 2914
f 2959 2952 2914
f 2960 2952 2959
f 2953 2952 2961
f 2961 2952 2960
f 2954 2924 2920
f 2924 2954 2926
f 2926 2954 2956
f 2926 2956 2922
f 2958 2983 2962
f 2958 2962 2959
f 2959 2962 2963
f 2959 2963 2960
f 2960 2963 2964
f 2960 2964 2961
f 2965 2928 2929
f 2930 2965 2929
f 2932 2989 2931
f 2966 2932 2933
f 2966 2989 2932
f 2967 2933 2935
f 2967 2966 2933
f 2969 2935 2937
f 2969 2967 2935
f 2939 2940 2968
f 2928 2965 2940
f 2965 2968 2940
f 2965 2970 2968
f 2942 2970 2930
f 2930 2970 2965
f 2947 2931 2989
f 2971 2947 2989
f 2943 2931 2947
f 2972 2971 2989
f 2944 2969 2937
f 2944 2973 2969
f 2944 2939 2968
f 2973 2944 2968
f 2975 2974 2973
f 2968 2975 2973
f 2970 2975 2968
f 2946 2975 2942
f 2942 2975 2970
f 2947 2976 2949
f 2947 2971 2976
f 2971 2972 2977
f 2978 2971 2977
f 2976 2971 2978
f 2980 2979 2978
f 2980 2978 2977
f 2974 2975 2981
f 2974 2981 2982
f 2953 2981 2946
f 2946 2981 2975
f 2976 2955 2949
f 2955 2976 2957
f 2957 2976 2978
f 2957 2978 2983
f 2978 2979 2983
f 2979 2980 2984
f 2985 2979 2984
f 2983 2979 2985
f 2987 2986 2985
f 2987 2985 2984
f 2986 2987 2982
f 2981 2986 2982
f 2988 2986 2981
f 2961 2988 2953
f 2953 2988 2981
f 2962 2983 2985
f 2962 2985 2963
f 2963 2985 2986
f 2963 2986 2964
f 2964 2986 2988
f 2964 2988 2961
f 2966 2990 2989
f 2967 2991 2966
f 2966 2991 2990
f 2969 2992 2967
f 2967 2992 2991
f 2989 2993 2972
f 2989 2990 2993
f 2994 2990 2991
f 2993 2990 2994
f 2995 2991 2992
f 2994 2991 2995
f 2973 2996 2969
f 2996 2992 2969
f 2996 2995 2992
f 2974 2996 2973
f 2993 2977 2972
f 2977 2993 2980
f 2980 2993 2994
f 2994 2997 2980
f 2994 2995 2997
f 2998 2995 2996
f 2997 2995 2998
f 2982 2998 2974
f 2974 2998 2996
f 2997 2984 2980
f 2984 2997 2987
f 2987 2997 2998
f 2987 2998 2982
