v -16.1 28.0 -20.0
v -16.0 28.0 -20.1
v -16.0 27.9 -20.0
v -16.0 27.8 -19.0
v -16.2 28.0 -19.0
v -16.0 28.0 -18.1
v -16.3 29.0 -22.0
v -16.0 29.0 -22.3
v -16.0 28.6 -22.0
v -16.0 28.4 -21.0
v -16.4 29.0 -21.0
v -16.5 29.0 -20.0
v -16.5 29.0 -19.0
v -16.0 28.1 -18.0
v -16.3 29.0 -18.0
v -16.0 29.0 -17.6
v -16.4 30.0 -22.0
v -16.0 30.0 -22.5
v -16.5 30.0 -21.0
v -16.5 30.0 -20.0
v -16.5 30.0 -19.0
v -16.4 30.0 -18.0
v -16.0 30.0 -17.6
v -16.4 31.0 -22.0
v -16.0 31.0 -22.5
v -16.5 31.0 -21.0
v -16.5 31.0 -20.0
v -16.5 31.0 -19.0
v -16.2 31.0 -18.0
v -16.0 31.0 -17.7
v -16.4 32.0 -22.0
v -16.0 32.0 -22.5
v -16.5 32.0 -21.0
v -16.5 32.0 -20.0
v -16.4 32.0 -19.0
v -16.0 32.0 -18.4
v -16.0 31.4 -18.0
v -16.4 33.0 -22.0
v -16.0 33.0 -22.6
v -16.5 33.0 -21.0
v -16.5 33.0 -20.0
v -16.4 33.0 -19.0
v -16.0 33.0 -18.5
v -16.3 34.0 -23.0
v -16.0 34.0 -23.4
v -16.0 33.5 -23.0
v -16.5 34.0 -22.0
v -16.5 34.0 -21.0
v -16.5 34.0 -20.0
v -16.3 34.0 -19.0
v -16.0 34.0 -18.7
v -16.4 35.0 -23.0
v -16.0 35.0 -23.5
v -16.5 35.0 -22.0
v -16.5 35.0 -21.0
v -16.4 35.0 -20.0
v -16.0 35.0 -19.4
v -16.0 34.5 -19.0
v -16.3 36.0 -23.0
v -16.0 36.0 -23.3
v -16.5 36.0 -22.0
v -16.5 36.0 -21.0
v -16.4 36.0 -20.0
v -16.0 36.0 -19.5
v -16.0 36.3 -23.0
v -16.3 37.0 -22.0
v -16.0 37.0 -22.3
v -16.4 37.0 -21.0
v -16.2 37.0 -20.0
v -16.0 37.0 -19.7
v -16.0 37.4 -22.0
v -16.0 37.8 -21.0
v -16.0 37.3 -20.0
v -15.1 27.0 -23.0
v -15.0 27.0 -23.1
v -15.0 26.9 -23.0
v -15.0 27.0 -22.9
v -15.4 28.0 -23.0
v -15.0 28.0 -23.4
v -15.0 27.6 -22.0
v -15.5 28.0 -22.0
v -15.0 27.9 -21.0
v -15.2 28.0 -21.0
v -15.9 28.0 -20.0
v -15.0 28.0 -20.7
v -15.7 28.0 -19.0
v -15.5 29.0 -23.0
v -15.0 29.0 -23.5
v -15.0 28.3 -20.0
v -15.0 28.4 -19.0
v -15.0 28.4 -18.0
v -15.0 28.8 -17.0
v -15.3 29.0 -17.0
v -15.0 29.0 -16.8
v -15.5 30.0 -23.0
v -15.0 30.0 -23.5
v -15.3 30.0 -17.0
v -15.0 30.0 -16.7
v -15.5 31.0 -23.0
v -15.0 31.0 -23.5
v -15.0 30.5 -17.0
v -15.0 31.0 -17.3
v -15.5 32.0 -23.0
v -15.0 32.0 -23.6
v -15.6 32.0 -18.0
v -15.0 32.0 -17.5
v -15.3 33.0 -24.0
v -15.0 33.0 -24.3
v -15.0 32.5 -24.0
v -15.7 33.0 -23.0
v -15.5 33.0 -18.0
v -15.0 33.0 -17.6
v -15.5 34.0 -24.0
v -15.0 34.0 -24.5
v -15.3 34.0 -18.0
v -15.0 34.0 -17.7
v -15.0 35.0 -28.0
v -15.0 35.0 -28.0
v -15.0 35.0 -28.0
v -15.0 35.0 -28.0
v -15.5 35.0 -24.0
v -15.0 35.0 -24.5
v -15.6 35.0 -19.0
v -15.0 35.0 -18.4
v -15.0 34.5 -18.0
v -15.2 36.0 -28.0
v -15.0 36.0 -28.3
v -15.0 36.0 -27.7
v -15.5 36.0 -24.0
v -15.0 36.0 -24.5
v -15.5 36.0 -19.0
v -15.0 36.0 -18.5
v -15.2 37.0 -28.0
v -15.0 37.0 -28.3
v -15.0 37.0 -27.8
v -15.3 37.0 -24.0
v -15.0 37.0 -24.4
v -15.0 37.0 -23.0
v -15.4 37.0 -19.0
v -15.0 37.0 -18.6
v -15.0 37.9 -28.0
v -15.0 38.0 -24.0
v -15.0 38.0 -24.1
v -15.0 38.0 -23.9
v -15.0 37.0 -23.0
v -15.3 38.0 -22.0
v -15.0 38.0 -22.4
v -15.0 38.0 -21.3
v -15.0 37.9 -21.0
v -15.0 37.8 -20.0
v -15.1 38.0 -19.0
v -15.0 38.0 -19.2
v -15.0 38.0 -18.9
v -15.0 38.1 -24.0
v -15.0 38.3 -22.0
v -15.0 38.1 -19.0
v -14.3 27.0 -24.0
v -14.0 27.0 -24.3
v -14.0 26.5 -24.0
v -14.0 26.8 -23.0
v -14.0 27.0 -22.8
v -14.5 28.0 -24.0
v -14.0 28.0 -24.5
v -14.4 28.0 -22.0
v -14.0 28.0 -22.3
v -14.8 28.0 -21.0
v -14.5 29.0 -24.0
v -14.0 29.0 -24.5
v -14.0 28.2 -22.0
v -14.0 28.5 -21.0
v -14.0 28.6 -20.0
v -14.0 28.6 -19.0
v -14.0 28.6 -18.0
v -14.0 28.8 -17.0
v -14.0 29.0 -16.8
v -14.5 30.0 -24.0
v -14.0 30.0 -24.6
v -14.0 30.0 -16.5
v -14.5 31.0 -24.0
v -14.0 31.0 -24.6
v -14.6 31.0 -17.0
v -14.0 31.0 -16.6
v -14.6 32.0 -24.0
v -14.0 32.0 -24.7
v -14.3 32.0 -17.0
v -14.0 32.0 -16.8
v -14.1 33.0 -28.0
v -14.0 33.0 -28.2
v -14.0 32.8 -28.0
v -14.0 33.0 -27.8
v -14.4 33.0 -25.0
v -14.0 33.0 -25.4
v -14.0 32.4 -25.0
v -14.0 32.3 -17.0
v -14.0 33.0 -17.4
v -14.3 34.0 -29.0
v -14.0 34.0 -29.3
v -14.0 33.6 -29.0
v -14.4 34.0 -28.0
v -14.0 34.0 -27.5
v -14.5 34.0 -25.0
v -14.0 34.0 -25.6
v -14.0 34.0 -17.5
v -14.4 35.0 -29.0
v -14.0 35.0 -29.4
v -14.0 35.0 -27.1
v -14.3 35.0 -26.0
v -14.0 35.0 -26.8
v -14.0 34.5 -26.0
v -14.6 35.0 -25.0
v -14.6 35.0 -18.0
v -14.0 35.0 -17.6
v -14.5 36.0 -29.0
v -14.0 36.0 -29.4
v -14.0 35.1 -27.0
v -14.4 36.0 -27.0
v -14.5 36.0 -26.0
v -14.6 36.0 -25.0
v -14.3 36.0 -18.0
v -14.0 36.0 -17.7
v -14.5 37.0 -29.0
v -14.0 37.0 -29.4
v -14.0 36.9 -27.0
v -14.0 37.0 -27.1
v -14.3 37.0 -26.0
v -14.0 37.0 -26.9
v -14.6 37.0 -25.0
v -14.0 36.3 -18.0
v -14.0 37.0 -18.4
v -14.4 38.0 -29.0
v -14.0 38.0 -29.4
v -15.0 38.0 -28.0
v -14.0 38.0 -27.5
v -14.0 37.5 -26.0
v -14.5 38.0 -25.0
v -14.0 38.0 -25.6
v -14.7 38.0 -23.0
v -14.9 38.0 -21.0
v -14.8 38.0 -20.0
v -14.0 38.0 -18.5
v -14.3 39.0 -29.0
v -14.0 39.0 -29.3
v -14.0 39.0 -28.5
v -14.0 38.6 -28.0
v -14.2 39.0 -25.0
v -14.0 39.0 -25.2
v -14.1 39.0 -24.0
v -14.5 39.0 -23.0
v -14.6 39.0 -22.0
v -14.5 39.0 -21.0
v -14.5 39.0 -20.0
v -14.4 39.0 -19.0
v -14.0 39.0 -18.6
v -14.2 40.0 -29.0
v -14.0 40.0 -29.2
v -14.0 40.0 -28.6
v -14.0 39.4 -25.0
v -14.2 40.0 -24.0
v -14.0 40.0 -24.5
v -14.5 40.0 -23.0
v -14.5 40.0 -22.0
v -14.5 40.0 -21.0
v -14.5 40.0 -20.0
v -14.2 40.0 -19.0
v -14.0 40.0 -18.8
v -14.3 41.0 -29.0
v -14.0 41.0 -29.3
v -14.0 40.7 -28.0
v -14.1 41.0 -28.0
v -14.0 41.0 -27.8
v -14.1 41.0 -25.0
v -14.0 41.0 -25.2
v -14.0 40.7 -25.0
v -14.0 40.7 -24.0
v -14.0 41.0 -24.5
v -14.4 41.0 -23.0
v -14.0 41.0 -23.8
v -14.5 41.0 -22.0
v -14.5 41.0 -21.0
v -14.4 41.0 -20.0
v -14.0 41.0 -19.4
v -14.0 40.4 -19.0
v -14.0 42.0 -29.0
v -14.0 42.0 -29.0
v -14.0 42.0 -28.9
v -14.0 41.3 -28.0
v -14.1 42.0 -25.0
v -14.0 42.0 -25.2
v -14.0 42.0 -24.5
v -14.4 42.0 -23.0
v -14.0 42.0 -23.8
v -14.5 42.0 -22.0
v -14.5 42.0 -21.0
v -14.4 42.0 -20.0
v -14.0 42.0 -19.5
v -14.0 42.1 -29.0
v -14.0 42.2 -25.0
v -14.0 42.3 -24.0
v -14.3 43.0 -24.0
v -14.0 43.0 -24.5
v -14.4 43.0 -23.0
v -14.5 43.0 -22.0
v -14.5 43.0 -21.0
v -14.4 43.0 -20.0
v -14.0 43.0 -19.5
v -14.1 44.0 -24.0
v -14.0 44.0 -24.2
v -14.0 44.0 -23.6
v -14.0 43.8 -23.0
v -14.3 44.0 -22.0
v -14.0 44.0 -22.7
v -14.4 44.0 -21.0
v -14.2 44.0 -20.0
v -14.0 44.0 -19.7
v -14.0 44.2 -24.0
v -14.0 44.4 -22.0
v -14.0 44.5 -21.0
v -14.0 44.3 -20.0
v -13.4 26.0 -28.0
v -13.0 26.0 -28.1
v -13.0 25.9 -28.0
v -13.0 25.8 -27.0
v -13.3 26.0 -27.0
v -13.0 25.8 -26.0
v -13.2 26.0 -26.0
v -13.0 26.0 -25.1
v -13.3 27.0 -28.0
v -13.0 27.0 -28.2
v -13.5 27.0 -27.0
v -13.5 27.0 -26.0
v -13.0 26.1 -25.0
v -13.4 27.0 -25.0
v -13.6 27.0 -24.0
v -13.0 27.0 -24.5
v -13.7 27.0 -23.0
v -13.0 27.5 -28.0
v -13.4 28.0 -27.0
v -13.0 28.0 -27.7
v -13.5 28.0 -26.0
v -13.6 28.0 -25.0
v -13.0 27.4 -24.0
v -13.0 27.7 -23.0
v -13.0 28.0 -22.7
v -13.2 29.0 -28.0
v -13.0 29.0 -28.3
v -13.0 28.4 -28.0
v -13.5 29.0 -27.0
v -13.5 29.0 -26.0
v -13.6 29.0 -25.0
v -13.0 28.6 -22.0
v -13.4 29.0 -21.0
v -13.0 29.0 -21.4
v -13.5 29.0 -20.0
v -13.5 29.0 -19.0
v -13.5 29.0 -18.0
v -13.7 29.0 -17.0
v -13.4 30.0 -28.0
v -13.0 30.0 -28.4
v -13.5 30.0 -27.0
v -13.6 30.0 -26.0
v -13.6 30.0 -25.0
v -13.0 29.3 -21.0
v -13.0 29.4 -20.0
v -13.0 29.4 -19.0
v -13.0 29.5 -18.0
v -13.0 29.7 -17.0
v -13.0 30.0 -16.8
v -13.4 31.0 -28.0
v -13.0 31.0 -28.6
v -13.6 31.0 -27.0
v -13.9 31.0 -26.0
v -13.7 31.0 -25.0
v -13.0 31.0 -16.6
v -13.2 32.0 -30.0
v -13.0 32.0 -30.2
v -13.0 31.8 -30.0
v -13.0 31.4 -29.0
v -13.4 32.0 -29.0
v -13.6 32.0 -28.0
v -13.5 32.0 -27.0
v -13.6 32.0 -26.0
v -13.8 32.0 -25.0
v -13.0 32.0 -16.8
v -13.3 33.0 -30.0
v -13.0 33.0 -30.2
v -13.7 33.0 -29.0
v -13.6 33.0 -27.0
v -13.6 33.0 -26.0
v -13.0 32.3 -17.0
v -13.0 33.0 -17.4
v -13.0 33.4 -30.0
v -13.0 34.0 -29.7
v -13.7 34.0 -27.0
v -13.7 34.0 -26.0
v -13.0 34.0 -17.5
v -13.0 35.0 -29.6
v -13.9 35.0 -27.0
v -13.0 35.0 -17.5
v -13.0 36.0 -29.6
v -13.0 36.0 -17.6
v -13.0 37.0 -29.6
v -13.9 37.0 -27.0
v -13.0 36.6 -18.0
v -13.0 37.0 -18.3
v -13.0 38.0 -29.7
v -13.6 38.0 -27.0
v -13.7 38.0 -26.0
v -13.0 38.0 -18.5
v -13.2 39.0 -30.0
v -13.0 39.0 -30.2
v -13.0 38.7 -30.0
v -13.7 39.0 -28.0
v -13.5 39.0 -27.0
v -13.6 39.0 -26.0
v -13.0 39.0 -18.5
v -13.0 39.3 -30.0
v -13.0 40.0 -29.7
v -13.7 40.0 -28.0
v -13.5 40.0 -27.0
v -13.5 40.0 -26.0
v -13.8 40.0 -25.0
v -13.0 40.0 -18.5
v -13.0 41.0 -29.5
v -13.6 41.0 -27.0
v -13.6 41.0 -26.0
v -13.9 41.0 -24.0
v -13.6 41.0 -19.0
v -13.0 41.0 -18.6
v -13.0 42.0 -29.4
v -13.6 42.0 -28.0
v -13.4 42.0 -27.0
v -13.6 42.0 -26.0
v -13.9 42.0 -24.0
v -13.5 42.0 -19.0
v -13.0 42.0 -18.6
v -13.3 43.0 -29.0
v -13.0 43.0 -29.2
v -13.0 43.0 -28.5
v -13.0 42.7 -28.0
v -13.0 42.6 -27.0
v -13.3 43.0 -26.0
v -13.0 43.0 -26.5
v -13.7 43.0 -25.0
v -13.5 43.0 -19.0
v -13.0 43.0 -18.4
v -13.0 44.0 -29.0
v -13.0 44.0 -29.0
v -13.0 44.0 -29.0
v -13.0 43.5 -26.0
v -13.5 44.0 -25.0
v -13.0 44.0 -25.6
v -13.8 44.0 -23.0
v -13.6 44.0 -19.0
v -13.0 43.6 -18.0
v -13.2 44.0 -18.0
v -13.0 44.0 -17.8
v -13.0 44.0 -29.0
v -13.3 45.0 -25.0
v -13.0 45.0 -25.4
v -13.6 45.0 -24.0
v -13.5 45.0 -23.0
v -13.6 45.0 -22.0
v -13.6 45.0 -21.0
v -13.6 45.0 -20.0
v -13.5 45.0 -19.0
v -13.3 45.0 -18.0
v -13.0 45.0 -17.7
v -13.0 45.5 -25.0
v -13.4 46.0 -24.0
v -13.0 46.0 -24.6
v -13.4 46.0 -23.0
v -13.5 46.0 -22.0
v -13.5 46.0 -21.0
v -13.5 46.0 -20.0
v -13.6 46.0 -19.0
v -13.3 46.0 -18.0
v -13.0 46.0 -17.8
v -13.2 47.0 -24.0
v -13.0 47.0 -24.2
v -13.0 47.0 -23.0
v -13.0 47.0 -23.0
v -13.3 47.0 -22.0
v -13.0 47.0 -23.0
v -13.4 47.0 -21.0
v -13.6 47.0 -20.0
v -13.8 47.0 -19.0
v -13.0 47.0 -18.3
v -13.0 46.4 -18.0
v -13.0 47.3 -24.0
v -13.0 47.5 -22.0
v -13.0 47.7 -21.0
v -13.4 48.0 -20.0
v -13.0 48.0 -20.7
v -13.4 48.0 -19.0
v -13.0 48.0 -18.5
v -13.2 49.0 -20.0
v -13.0 49.0 -20.3
v -13.2 49.0 -19.0
v -13.0 49.0 -18.7
v -13.0 49.3 -20.0
v -13.0 49.3 -19.0
v -12.8 26.0 -28.0
v -12.7 26.0 -27.0
v -12.8 26.0 -26.0
v -12.0 27.0 -28.3
v -12.0 26.7 -28.0
v -12.0 26.4 -27.0
v -12.0 26.6 -26.0
v -12.6 27.0 -25.0
v -12.0 27.0 -25.5
v -12.7 28.0 -28.0
v -12.0 28.0 -28.5
v -12.0 27.5 -25.0
v -12.4 28.0 -24.0
v -12.0 28.0 -24.5
v -12.7 28.0 -23.0
v -12.0 29.0 -28.7
v -12.0 28.4 -24.0
v -12.0 28.6 -23.0
v -12.5 29.0 -22.0
v -12.0 29.0 -22.5
v -12.4 30.0 -29.0
v -12.0 30.0 -29.3
v -12.0 29.5 -29.0
v -12.0 29.4 -22.0
v -12.0 29.6 -21.0
v -12.0 29.6 -20.0
v -12.0 29.7 -19.0
v -12.4 30.0 -18.0
v -12.0 30.0 -18.6
v -12.8 30.0 -17.0
v -12.7 31.0 -29.0
v -12.0 31.0 -29.6
v -12.0 30.5 -18.0
v -12.0 31.0 -17.6
v -12.6 31.0 -17.0
v -12.0 32.0 -30.4
v -12.0 31.4 -30.0
v -12.7 32.0 -17.0
v -12.0 32.0 -17.5
v -12.0 33.0 -30.5
v -12.0 33.0 -17.6
v -12.6 34.0 -30.0
v -12.0 34.0 -30.5
v -12.0 34.0 -17.6
v -12.5 35.0 -30.0
v -12.0 35.0 -30.5
v -12.0 35.0 -17.6
v -12.5 36.0 -30.0
v -12.0 36.0 -30.4
v -12.0 36.0 -17.6
v -12.5 37.0 -30.0
v -12.0 37.0 -30.4
v -12.5 37.0 -18.0
v -12.0 37.0 -17.8
v -12.6 38.0 -30.0
v -12.0 38.0 -30.4
v -12.0 37.3 -18.0
v -12.0 38.0 -18.4
v -12.0 39.0 -30.5
v -12.0 39.0 -18.5
v -12.5 40.0 -30.0
v -12.0 40.0 -30.3
v -12.0 40.0 -18.5
v -12.0 40.4 -30.0
v -12.0 41.0 -29.6
v -12.0 41.0 -18.5
v -12.0 42.0 -29.5
v -12.0 42.0 -18.4
v -12.0 43.0 -29.6
v -12.7 43.0 -28.0
v -12.7 43.0 -27.0
v -12.0 42.8 -18.0
v -12.2 43.0 -18.0
v -12.0 43.0 -17.9
v -12.0 44.0 -29.6
v -12.5 44.0 -28.0
v -12.1 44.0 -27.0
v -12.7 44.0 -26.0
v -12.0 44.0 -17.6
v -12.4 45.0 -29.0
v -12.0 45.0 -29.4
v -12.5 45.0 -28.0
v -12.4 45.0 -27.0
v -12.6 45.0 -26.0
v -12.0 45.0 -17.6
v -12.4 46.0 -29.0
v -12.0 46.0 -29.4
v -12.5 46.0 -28.0
v -12.4 46.0 -27.0
v -12.5 46.0 -26.0
v -12.7 46.0 -25.0
v -12.0 46.0 -17.6
v -12.2 47.0 -29.0
v -12.0 47.0 -29.3
v -12.3 47.0 -28.0
v -12.0 47.0 -27.4
v -12.0 46.7 -27.0
v -12.3 47.0 -26.0
v -12.0 47.0 -26.6
v -12.6 47.0 -25.0
v -13.0 47.0 -23.0
v -12.4 47.0 -18.0
v -12.0 47.0 -17.8
v -12.0 47.4 -29.0
v -12.0 47.4 -28.0
v -12.0 47.4 -26.0
v -12.3 48.0 -25.0
v -12.0 48.0 -25.4
v -12.6 48.0 -24.0
v -13.0 48.0 -23.0
v -12.7 48.0 -22.0
v -12.8 48.0 -21.0
v -12.3 48.0 -18.0
v -12.0 48.0 -17.8
v -12.0 48.5 -25.0
v -12.4 49.0 -24.0
v -12.0 49.0 -24.6
v -12.6 49.0 -23.0
v -12.5 49.0 -22.0
v -12.6 49.0 -21.0
v -12.1 49.0 -18.0
v -12.0 49.0 -17.9
v -12.3 50.0 -24.0
v -12.0 50.0 -24.3
v -12.5 50.0 -23.0
v -12.5 50.0 -22.0
v -12.5 50.0 -21.0
v -12.6 50.0 -20.0
v -12.3 50.0 -19.0
v -12.0 50.0 -18.7
v -12.0 49.1 -18.0
v -12.0 50.4 -24.0
v -12.3 51.0 -23.0
v -12.0 51.0 -23.4
v -12.4 51.0 -22.0
v -12.4 51.0 -21.0
v -12.4 51.0 -20.0
v -12.0 51.0 -19.6
v -12.0 50.3 -19.0
v -12.0 51.4 -23.0
v -12.0 51.5 -22.0
v -12.0 51.6 -21.0
v -12.1 52.0 -20.0
v -12.0 52.0 -20.1
v -12.0 52.0 -19.9
v -12.0 52.1 -20.0
v -11.6 27.0 -28.0
v -11.0 27.0 -27.3
v -11.0 26.9 -27.0
v -11.5 27.0 -26.0
v -11.0 27.0 -26.8
v -11.1 28.0 -29.0
v -11.0 28.0 -29.1
v -11.0 27.9 -29.0
v -11.0 27.4 -28.0
v -11.0 27.5 -26.0
v -11.5 28.0 -25.0
v -11.0 28.0 -25.5
v -11.6 29.0 -29.0
v -11.0 29.0 -29.4
v -11.0 28.5 -25.0
v -11.4 29.0 -24.0
v -11.0 29.0 -24.4
v -11.6 29.0 -23.0
v -11.0 30.0 -29.6
v -11.0 29.4 -24.0
v -11.0 29.7 -23.0
v -11.5 30.0 -22.0
v -11.0 30.0 -22.7
v -11.5 30.0 -21.0
v -11.5 30.0 -20.0
v -11.7 30.0 -19.0
v -11.5 31.0 -30.0
v -11.0 31.0 -30.3
v -11.0 30.6 -30.0
v -11.1 31.0 -22.0
v -11.0 31.0 -22.1
v -11.0 31.0 -21.9
v -11.0 30.6 -21.0
v -11.0 30.4 -20.0
v -11.0 30.7 -19.0
v -11.6 31.0 -18.0
v -11.0 31.0 -18.7
v -11.0 32.0 -30.6
v -11.0 31.1 -22.0
v -11.5 32.0 -18.0
v -11.0 32.0 -18.5
v -11.0 33.0 -30.7
v -11.5 33.0 -18.0
v -11.0 33.0 -18.5
v -11.4 34.0 -31.0
v -11.0 34.0 -31.3
v -11.0 33.5 -31.0
v -11.5 34.0 -18.0
v -11.0 34.0 -18.5
v -11.4 35.0 -31.0
v -11.0 35.0 -31.3
v -11.5 35.0 -18.0
v -11.0 35.0 -18.5
v -11.0 35.5 -31.0
v -11.0 36.0 -30.7
v -11.4 36.0 -18.0
v -11.0 36.0 -18.3
v -11.0 37.0 -30.6
v -11.0 36.7 -18.0
v -11.0 37.0 -17.9
v -11.0 38.0 -30.6
v -11.0 37.2 -18.0
v -11.0 38.0 -18.4
v -11.0 39.0 -30.6
v -11.0 39.0 -18.5
v -11.0 40.0 -30.5
v -11.0 40.0 -18.5
v -11.0 40.7 -30.0
v -11.0 41.0 -29.8
v -11.0 41.0 -18.5
v -11.0 42.0 -29.7
v -11.0 42.0 -18.5
v -11.4 43.0 -30.0
v -11.0 43.0 -30.3
v -11.0 42.5 -30.0
v -11.8 43.0 -18.0
v -11.0 43.0 -18.4
v -11.4 44.0 -30.0
v -11.0 44.0 -30.3
v -11.6 44.0 -18.0
v -11.0 44.0 -18.5
v -11.0 44.5 -30.0
v -11.0 45.0 -29.7
v -11.5 45.0 -18.0
v -11.0 45.0 -18.5
v -11.0 46.0 -29.7
v -11.6 46.0 -18.0
v -11.0 46.0 -18.5
v -11.1 47.0 -30.0
v -11.0 47.0 -30.1
v -11.0 46.8 -30.0
v -11.8 47.0 -27.0
v -11.6 47.0 -18.0
v -11.0 47.0 -18.4
v -11.0 47.2 -30.0
v -11.6 48.0 -29.0
v -11.0 48.0 -29.5
v -11.5 48.0 -28.0
v -11.0 48.0 -27.1
v -11.0 47.9 -27.0
v -11.5 48.0 -26.0
v -11.0 48.0 -26.8
v -11.7 48.0 -18.0
v -11.0 48.0 -18.4
v -11.8 49.0 -29.0
v -11.0 49.0 -29.4
v -11.4 49.0 -28.0
v -11.0 49.0 -27.4
v -11.0 48.8 -26.0
v -11.6 49.0 -25.0
v -11.0 49.0 -25.9
v -11.9 49.0 -18.0
v -11.0 49.0 -18.4
v -11.1 50.0 -29.0
v -11.0 50.0 -29.1
v -11.0 50.0 -28.6
v -11.0 49.7 -28.0
v -11.0 50.0 -27.6
v -11.3 50.0 -27.0
v -11.0 49.5 -27.0
v -11.0 49.2 -26.0
v -11.3 50.0 -26.0
v -11.5 50.0 -25.0
v -11.0 50.0 -18.6
v -11.0 50.1 -29.0
v -11.2 51.0 -27.0
v -11.0 51.0 -27.2
v -11.0 51.0 -26.5
v -11.0 50.7 -26.0
v -11.0 50.7 -25.0
v -11.6 51.0 -24.0
v -11.0 51.0 -24.7
v -11.0 50.6 -19.0
v -11.0 51.0 -19.3
v -11.0 51.3 -27.0
v -11.4 52.0 -24.0
v -11.0 52.0 -24.6
v -11.6 52.0 -23.0
v -11.6 52.0 -22.0
v -11.7 52.0 -21.0
v -11.0 52.0 -19.5
v -11.3 53.0 -24.0
v -11.0 53.0 -24.4
v -11.5 53.0 -23.0
v -11.5 53.0 -22.0
v -11.5 53.0 -21.0
v -11.5 53.0 -20.0
v -11.0 53.0 -19.4
v -11.0 53.7 -24.0
v -11.3 54.0 -23.0
v -11.0 54.0 -23.7
v -11.5 54.0 -22.0
v -11.5 54.0 -21.0
v -11.6 54.0 -20.0
v -11.0 53.6 -19.0
v -11.3 54.0 -19.0
v -11.0 54.0 -18.8
v -11.1 55.0 -25.0
v -11.0 55.0 -25.1
v -11.0 54.8 -25.0
v -11.0 54.3 -24.0
v -11.3 55.0 -24.0
v -11.0 55.0 -23.0
v -11.4 55.0 -22.0
v -11.6 55.0 -21.0
v -11.9 55.0 -20.0
v -11.4 55.0 -19.0
v -11.0 55.0 -18.7
v -11.0 55.2 -25.0
v -11.3 56.0 -24.0
v -11.0 56.0 -24.4
v -11.4 56.0 -23.0
v -11.5 56.0 -22.0
v -11.5 56.0 -21.0
v -11.5 56.0 -20.0
v -11.0 56.0 -19.0
v -11.0 56.0 -19.0
v -11.0 56.4 -24.0
v -11.2 57.0 -23.0
v -11.0 57.0 -23.4
v -11.3 57.0 -22.0
v -11.2 57.0 -21.0
v -11.0 57.0 -20.6
v -11.0 56.5 -20.0
v -11.0 56.0 -19.0
v -11.0 57.2 -23.0
v -11.0 57.3 -22.0
v -11.0 57.2 -21.0
v -10.8 27.0 -27.0
v -10.9 28.0 -29.0
v -10.0 28.0 -28.4
v -10.0 27.7 -28.0
v -10.0 27.7 -27.0
v -10.5 28.0 -26.0
v -10.0 28.0 -26.6
v -10.0 29.0 -29.3
v -10.0 28.6 -29.0
v -10.0 28.6 -26.0
v -10.5 29.0 -25.0
v -10.0 29.0 -25.6
v -10.0 30.0 -29.6
v -10.0 29.6 -25.0
v -10.4 30.0 -24.0
v -10.0 30.0 -24.5
v -10.7 30.0 -23.0
v -10.0 31.0 -30.4
v -10.0 30.5 -30.0
v -10.0 30.5 -24.0
v -10.0 31.0 -23.4
v -10.3 31.0 -23.0
v -10.3 31.0 -21.0
v -10.0 31.0 -20.4
v -10.0 30.9 -20.0
v -10.7 31.0 -19.0
v -10.0 31.0 -19.8
v -10.1 32.0 -31.0
v -10.0 32.0 -31.1
v -10.0 31.9 -31.0
v -10.0 31.3 -23.0
v -10.0 31.4 -22.0
v -10.0 31.2 -21.0
v -10.5 32.0 -19.0
v -10.0 32.0 -19.4
v -10.5 33.0 -31.0
v -10.0 33.0 -31.3
v -10.5 33.0 -19.0
v -10.0 33.0 -19.4
v -10.0 34.0 -31.5
v -10.5 34.0 -19.0
v -10.0 34.0 -19.4
v -10.0 35.0 -31.5
v -10.4 35.0 -19.0
v -10.0 35.0 -19.3
v -10.6 36.0 -31.0
v -10.0 36.0 -31.4
v -10.0 35.5 -19.0
v -10.0 36.0 -18.7
v -10.5 37.0 -31.0
v -10.0 37.0 -31.4
v -10.8 37.0 -18.0
v -10.0 37.0 -18.4
v -10.5 38.0 -31.0
v -10.0 38.0 -31.4
v -10.0 38.0 -18.5
v -10.5 39.0 -31.0
v -10.0 39.0 -31.4
v -10.0 39.0 -18.5
v -10.5 40.0 -31.0
v -10.0 40.0 -31.4
v -10.0 40.0 -18.5
v -10.2 41.0 -31.0
v -10.0 41.0 -31.2
v -10.8 41.0 -30.0
v -10.0 41.0 -18.5
v -10.0 41.3 -31.0
v -10.7 42.0 -30.0
v -10.0 42.0 -30.5
v -10.0 42.0 -18.4
v -10.0 43.0 -30.6
v -10.0 43.0 -18.6
v -10.0 44.0 -30.5
v -10.2 44.0 -19.0
v -10.0 43.8 -19.0
v -10.0 44.0 -19.1
v -10.6 45.0 -30.0
v -10.0 45.0 -30.4
v -10.4 45.0 -19.0
v -10.0 45.0 -19.4
v -10.6 46.0 -30.0
v -10.0 46.0 -30.4
v -10.4 46.0 -19.0
v -10.0 46.0 -19.3
v -10.0 47.0 -30.4
v -10.0 46.5 -19.0
v -10.0 47.0 -18.7
v -10.0 47.6 -30.0
v -10.0 48.0 -29.7
v -10.9 48.0 -27.0
v -10.0 48.0 -18.5
v -10.0 49.0 -29.6
v -10.8 49.0 -27.0
v -10.9 49.0 -26.0
v -10.0 49.0 -18.5
v -10.0 50.0 -29.5
v -10.8 50.0 -28.0
v -10.0 50.0 -18.5
v -10.4 51.0 -29.0
v -10.0 51.0 -29.4
v -10.6 51.0 -28.0
v -10.8 51.0 -26.0
v -10.8 51.0 -25.0
v -10.5 51.0 -19.0
v -10.0 51.0 -18.7
v -10.3 52.0 -29.0
v -10.0 52.0 -29.3
v -10.5 52.0 -28.0
v -10.7 52.0 -27.0
v -11.0 52.0 -26.0
v -10.7 52.0 -25.0
v -10.0 51.7 -19.0
v -10.0 52.0 -19.2
v -10.2 53.0 -29.0
v -10.0 53.0 -29.2
v -10.5 53.0 -28.0
v -10.5 53.0 -27.0
v -10.6 53.0 -26.0
v -10.6 53.0 -25.0
v -10.0 52.3 -19.0
v -10.5 53.0 -19.0
v -10.0 53.0 -18.7
v -10.0 53.4 -29.0
v -10.4 54.0 -28.0
v -10.0 54.0 -28.5
v -10.5 54.0 -27.0
v -10.5 54.0 -26.0
v -10.6 54.0 -25.0
v -10.8 54.0 -24.0
v -10.0 54.0 -18.5
v -10.3 55.0 -28.0
v -10.0 55.0 -28.3
v -10.4 55.0 -27.0
v -10.5 55.0 -26.0
v -10.0 55.0 -18.6
v -10.1 56.0 -28.0
v -10.0 56.0 -28.1
v -10.0 56.0 -27.9
v -10.0 55.6 -27.0
v -10.0 55.6 -26.0
v -10.5 56.0 -25.0
v -10.0 56.0 -25.6
v -10.9 56.0 -19.0
v -10.0 55.8 -19.0
v -10.0 56.0 -19.2
v -10.0 56.1 -28.0
v -10.0 56.5 -25.0
v -10.5 57.0 -24.0
v -10.0 57.0 -24.5
v -10.4 57.0 -20.0
v -10.0 57.0 -19.7
v -10.0 57.4 -24.0
v -10.0 57.6 -23.0
v -10.0 57.6 -22.0
v -10.0 57.6 -21.0
v -10.0 57.3 -20.0
v -9.8 28.0 -28.0
v -9.7 28.0 -27.0
v -9.7 29.0 -29.0
v -9.4 29.0 -28.0
v -9.5 29.0 -27.0
v -9.7 29.0 -26.0
v -9.0 30.0 -29.4
v -9.0 29.7 -29.0
v -9.0 29.6 -28.0
v -9.0 30.0 -27.4
v -9.2 30.0 -27.0
v -9.4 30.0 -26.0
v -9.7 30.0 -25.0
v -9.0 31.0 -30.4
v -9.0 30.6 -30.0
v -9.0 30.3 -27.0
v -9.0 30.6 -26.0
v -9.0 31.0 -25.4
v -9.3 31.0 -25.0
v -9.5 31.0 -24.0
v -9.8 31.0 -20.0
v -9.8 32.0 -31.0
v -9.0 32.0 -30.6
v -9.0 31.2 -25.0
v -9.0 31.4 -24.0
v -9.0 31.4 -23.0
v -9.0 31.3 -22.0
v -9.0 31.0 -21.0
v -9.0 31.6 -20.0
v -9.0 32.0 -19.7
v -9.3 33.0 -31.0
v -9.0 33.0 -30.8
v -9.0 33.0 -19.6
v -9.0 34.0 -31.4
v -9.0 33.2 -31.0
v -9.0 34.0 -19.6
v -9.0 35.0 -31.4
v -9.0 35.0 -19.5
v -9.0 36.0 -31.4
v -9.5 36.0 -19.0
v -9.0 36.0 -19.3
v -9.0 37.0 -31.4
v -9.0 36.5 -19.0
v -9.0 37.0 -18.7
v -9.0 38.0 -31.4
v -9.0 38.0 -18.6
v -9.0 39.0 -31.4
v -9.0 39.0 -18.6
v -9.0 40.0 -31.4
v -9.0 40.0 -18.6
v -9.0 41.0 -31.2
v -9.0 41.0 -18.4
v -9.0 41.4 -31.0
v -9.0 42.0 -30.6
v -9.0 42.0 -18.1
v -9.0 43.0 -30.8
v -9.0 43.0 -18.4
v -9.0 44.0 -30.5
v -9.7 44.0 -19.0
v -9.0 44.0 -18.7
v -9.0 45.0 -30.4
v -9.0 44.5 -19.0
v -9.0 45.0 -19.3
v -9.0 46.0 -30.4
v -9.0 46.0 -19.4
v -9.0 47.0 -30.4
v -9.5 47.0 -19.0
v -9.0 47.0 -19.3
v -9.5 48.0 -30.0
v -9.0 48.0 -30.3
v -9.0 47.5 -19.0
v -9.0 48.0 -18.7
v -9.3 49.0 -30.0
v -9.0 49.0 -30.2
v -9.0 49.0 -18.6
v -9.0 49.4 -30.0
v -9.0 50.0 -29.7
v -9.0 50.0 -18.6
v -9.0 51.0 -29.5
v -9.0 51.0 -18.6
v -9.0 52.0 -29.5
v -9.7 52.0 -19.0
v -9.0 52.0 -18.7
v -9.0 53.0 -29.5
v -9.0 53.0 -18.6
v -9.5 54.0 -29.0
v -9.0 54.0 -29.3
v -9.0 54.0 -18.6
v -9.0 54.5 -29.0
v -9.0 55.0 -28.7
v -9.0 55.0 -18.6
v -9.0 56.0 -28.5
v -9.6 56.0 -27.0
v -9.6 56.0 -26.0
v -9.4 56.0 -19.0
v -9.0 56.0 -18.9
v -9.3 57.0 -28.0
v -9.0 57.0 -28.3
v -9.0 57.0 -27.1
v -9.0 57.0 -27.0
v -9.0 56.9 -26.0
v -9.5 57.0 -25.0
v -9.0 57.0 -25.8
v -9.0 56.2 -19.0
v -9.0 57.0 -19.5
v -9.2 58.0 -28.0
v -9.0 58.0 -28.2
v -9.0 57.0 -27.0
v -9.8 58.0 -27.0
v -9.0 57.3 -26.0
v -9.2 58.0 -26.0
v -9.0 57.7 -25.0
v -9.0 58.0 -25.6
v -9.3 58.0 -24.0
v -9.0 58.0 -24.6
v -9.5 58.0 -23.0
v -9.5 58.0 -22.0
v -9.4 58.0 -21.0
v -9.0 58.0 -20.6
v -9.0 57.6 -20.0
v -9.0 58.3 -28.0
v -9.1 59.0 -27.0
v -9.0 59.0 -27.1
v -9.0 59.0 -26.8
v -9.0 58.3 -26.0
v -9.0 58.3 -24.0
v -9.0 58.4 -23.0
v -9.0 58.4 -22.0
v -9.0 58.3 -21.0
v -9.0 59.1 -27.0
v -8.6 30.0 -29.0
v -8.6 30.0 -28.0
v -8.0 31.0 -30.3
v -8.0 30.7 -30.0
v -8.0 30.4 -29.0
v -8.0 30.4 -28.0
v -8.0 30.7 -27.0
v -8.5 31.0 -26.0
v -8.0 31.0 -26.5
v -8.4 31.0 -23.0
v -8.0 31.0 -23.4
v -8.0 30.8 -23.0
v -8.0 30.9 -22.0
v -8.3 31.0 -22.0
v -8.0 31.0 -21.8
v -8.2 32.0 -31.0
v -8.0 32.0 -31.1
v -8.0 31.9 -31.0
v -8.0 31.3 -26.0
v -8.0 31.5 -25.0
v -8.0 31.3 -24.0
v -8.0 31.6 -21.0
v -8.7 32.0 -20.0
v -8.0 32.0 -20.6
v -8.7 33.0 -31.0
v -8.0 33.0 -31.3
v -8.5 33.0 -20.0
v -8.0 33.0 -20.5
v -8.0 34.0 -31.3
v -8.4 34.0 -20.0
v -8.0 34.0 -20.3
v -8.0 34.5 -31.0
v -8.4 35.0 -31.0
v -8.0 35.0 -30.2
v -8.0 34.5 -20.0
v -8.0 35.0 -19.7
v -8.4 36.0 -31.0
v -8.0 36.0 -30.7
v -8.0 36.0 -19.6
v -8.3 37.0 -31.0
v -8.0 37.0 -30.8
v -8.6 37.0 -19.0
v -8.0 37.0 -19.4
v -8.4 38.0 -31.0
v -8.0 38.0 -30.8
v -8.5 38.0 -19.0
v -8.0 38.0 -19.4
v -8.5 39.0 -31.0
v -8.0 39.0 -30.6
v -8.5 39.0 -19.0
v -8.0 39.0 -19.4
v -8.5 40.0 -31.0
v -8.0 40.0 -30.6
v -8.4 40.0 -19.0
v -8.0 40.0 -19.3
v -8.6 41.0 -31.0
v -8.0 41.0 -30.6
v -8.0 40.5 -19.0
v -8.0 41.0 -18.7
v -8.1 42.0 -30.0
v -8.0 41.9 -30.0
v -8.0 42.0 -29.9
v -8.0 42.0 -18.5
v -8.4 43.0 -30.0
v -8.0 43.0 -29.3
v -8.0 43.0 -18.6
v -8.4 44.0 -30.0
v -8.0 44.0 -29.7
v -8.0 44.0 -18.7
v -8.5 45.0 -30.0
v -8.0 45.0 -29.6
v -8.4 45.0 -19.0
v -8.0 45.0 -18.8
v -8.5 46.0 -30.0
v -8.0 46.0 -29.5
v -8.1 46.0 -19.0
v -8.0 46.0 -18.9
v -8.5 47.0 -30.0
v -8.0 47.0 -29.6
v -8.0 46.1 -19.0
v -8.0 47.0 -19.4
v -8.5 48.0 -30.0
v -8.0 48.0 -29.7
v -8.6 48.0 -19.0
v -8.0 48.0 -19.4
v -8.0 49.0 -30.2
v -8.0 48.6 -30.0
v -8.5 49.0 -19.0
v -8.0 49.0 -19.4
v -8.2 50.0 -30.0
v -8.0 50.0 -30.1
v -8.5 50.0 -19.0
v -8.0 50.0 -19.4
v -8.0 50.1 -30.0
v -8.0 51.0 -29.5
v -8.5 51.0 -19.0
v -8.0 51.0 -19.4
v -8.0 52.0 -29.5
v -8.6 52.0 -19.0
v -8.0 52.0 -19.4
v -8.0 53.0 -29.5
v -8.5 53.0 -19.0
v -8.0 53.0 -19.4
v -8.0 54.0 -29.5
v -8.5 54.0 -19.0
v -8.0 54.0 -19.4
v -8.6 55.0 -29.0
v -8.0 55.0 -29.4
v -8.5 55.0 -19.0
v -8.0 55.0 -19.4
v -8.3 56.0 -29.0
v -8.0 56.0 -29.2
v -8.8 56.0 -19.0
v -8.0 56.0 -19.4
v -8.0 56.3 -29.0
v -8.0 57.0 -28.6
v -9.0 57.0 -27.0
v -8.9 57.0 -26.0
v -8.0 57.0 -19.5
v -8.0 58.0 -28.4
v -8.7 58.0 -25.0
v -8.4 58.0 -20.0
v -8.0 58.0 -19.8
v -8.0 58.5 -28.0
v -8.0 59.0 -27.4
v -8.2 59.0 -26.0
v -8.0 59.0 -25.8
v -8.0 58.5 -25.0
v -8.0 58.5 -24.0
v -8.0 58.5 -23.0
v -8.0 58.5 -22.0
v -8.0 58.5 -21.0
v -8.0 58.2 -20.0
v -8.0 59.3 -27.0
v -8.0 59.1 -26.0
v -7.0 31.0 -30.4
v -7.0 30.6 -30.0
v -7.0 30.5 -29.0
v -7.0 30.7 -28.0
v -7.5 31.0 -27.0
v -7.0 31.0 -27.5
v -7.5 31.0 -24.0
v -7.0 31.0 -24.5
v -7.0 30.7 -24.0
v -7.0 30.7 -23.0
v -7.8 31.0 -22.0
v -7.0 31.0 -22.6
v -7.0 32.0 -31.4
v -7.0 31.6 -31.0
v -7.0 31.3 -27.0
v -7.0 31.4 -26.0
v -7.0 31.3 -25.0
v -7.0 31.6 -22.0
v -7.6 32.0 -21.0
v -7.0 32.0 -21.6
v -7.0 33.0 -31.5
v -7.4 33.0 -21.0
v -7.0 33.0 -21.4
v -7.0 34.0 -31.5
v -7.0 33.5 -21.0
v -7.0 34.0 -20.7
v -7.7 35.0 -31.0
v -7.0 35.0 -31.5
v -7.6 35.0 -20.0
v -7.0 35.0 -20.5
v -7.7 36.0 -31.0
v -7.0 36.0 -31.5
v -7.4 36.0 -20.0
v -7.0 36.0 -20.3
v -7.7 37.0 -31.0
v -7.0 37.0 -31.4
v -7.0 36.5 -20.0
v -7.0 37.0 -19.7
v -7.5 38.0 -31.0
v -7.0 38.0 -31.3
v -7.0 38.0 -19.5
v -7.0 38.4 -31.0
v -7.0 39.0 -30.6
v -7.0 39.0 -19.5
v -7.0 40.0 -30.6
v -7.0 40.0 -19.6
v -7.2 41.0 -31.0
v -7.0 41.0 -31.1
v -7.0 40.8 -31.0
v -7.6 41.0 -19.0
v -7.0 41.0 -19.5
v -7.0 41.2 -31.0
v -7.9 42.0 -30.0
v -7.0 42.0 -30.6
v -7.5 42.0 -19.0
v -7.0 42.0 -19.5
v -7.6 43.0 -30.0
v -7.0 43.0 -30.5
v -7.5 43.0 -19.0
v -7.0 43.0 -19.4
v -7.5 44.0 -30.0
v -7.0 44.0 -30.3
v -7.1 44.0 -28.0
v -7.0 43.7 -28.0
v -7.0 44.0 -28.1
v -7.0 44.0 -27.4
v -7.7 44.0 -19.0
v -7.0 44.0 -19.5
v -7.0 44.5 -30.0
v -7.0 45.0 -29.5
v -7.2 45.0 -28.0
v -7.0 45.0 -28.3
v -7.0 44.3 -27.0
v -7.2 45.0 -27.0
v -7.0 45.0 -26.8
v -7.8 45.0 -19.0
v -7.0 45.0 -19.9
v -7.0 45.9 -29.0
v -7.1 46.0 -29.0
v -7.1 46.0 -28.0
v -7.1 46.0 -27.0
v -7.0 46.0 -26.8
v -7.9 46.0 -19.0
v -7.0 46.0 -19.6
v -7.0 47.0 -29.4
v -7.0 46.1 -29.0
v -7.0 46.1 -28.0
v -7.0 46.1 -27.0
v -7.0 47.0 -19.6
v -7.0 48.0 -29.5
v -7.0 48.0 -19.6
v -7.6 49.0 -30.0
v -7.0 49.0 -29.5
v -7.0 49.0 -19.6
v -7.9 50.0 -30.0
v -7.0 49.9 -29.0
v -7.1 50.0 -29.0
v -7.0 50.0 -28.9
v -7.0 50.0 -19.6
v -7.1 51.0 -29.0
v -7.0 51.0 -28.9
v -7.0 51.0 -19.6
v -7.0 52.0 -29.4
v -7.0 51.1 -29.0
v -7.0 52.0 -19.6
v -7.0 53.0 -29.5
v -7.0 53.0 -19.6
v -7.0 54.0 -29.5
v -7.0 54.0 -19.6
v -7.0 55.0 -29.5
v -7.0 55.0 -19.6
v -7.0 56.0 -29.3
v -7.0 56.0 -19.6
v -7.0 56.4 -29.0
v -7.0 57.0 -28.6
v -7.0 57.0 -19.6
v -7.0 58.0 -28.3
v -7.0 58.0 -19.8
v -7.0 58.3 -28.0
v -7.0 59.0 -27.1
v -7.7 59.0 -26.0
v -7.0 58.7 -26.0
v -7.0 59.0 -26.8
v -7.0 58.5 -25.0
v -7.0 58.5 -24.0
v -7.0 58.5 -23.0
v -7.0 58.5 -22.0
v -7.0 58.5 -21.0
v -7.0 58.2 -20.0
v -7.0 59.1 -27.0
v -6.0 31.0 -30.6
v -6.0 30.6 -30.0
v -6.0 30.6 -29.0
v -6.5 31.0 -28.0
v -6.0 31.0 -28.4
v -6.1 31.0 -26.0
v -6.0 31.0 -26.1
v -6.0 30.9 -26.0
v -6.0 30.8 -25.0
v -6.4 31.0 -25.0
v -6.0 30.8 -24.0
v -6.6 31.0 -23.0
v -6.0 31.0 -23.7
v -6.0 32.0 -31.4
v -6.0 31.4 -31.0
v -6.0 31.3 -28.0
v -6.0 31.4 -27.0
v -6.0 31.6 -23.0
v -6.6 32.0 -22.0
v -6.0 32.0 -22.7
v -6.0 33.0 -31.5
v -6.4 33.0 -22.0
v -6.0 33.0 -22.4
v -6.0 34.0 -31.6
v -6.0 33.5 -22.0
v -6.7 34.0 -21.0
v -6.0 34.0 -21.6
v -6.2 35.0 -32.0
v -6.0 35.0 -32.1
v -6.0 34.8 -32.0
v -6.4 35.0 -21.0
v -6.0 35.0 -21.3
v -6.3 36.0 -32.0
v -6.0 36.0 -32.2
v -6.0 35.5 -21.0
v -6.0 36.0 -20.7
v -6.0 36.5 -32.0
v -6.0 37.0 -31.7
v -6.5 37.0 -20.0
v -6.0 37.0 -20.3
v -6.0 38.0 -31.5
v -6.0 37.5 -20.0
v -6.0 38.0 -19.7
v -6.0 38.7 -31.0
v -6.0 39.0 -30.8
v -6.0 39.0 -19.7
v -6.0 40.0 -30.8
v -6.4 40.0 -20.0
v -6.0 39.5 -20.0
v -6.0 40.0 -20.4
v -6.0 41.0 -31.5
v -6.0 40.3 -31.0
v -6.5 41.0 -20.0
v -6.0 41.0 -20.4
v -6.6 42.0 -31.0
v -6.0 42.0 -31.5
v -6.4 42.0 -20.0
v -6.0 42.0 -20.3
v -6.4 43.0 -31.0
v -6.0 43.0 -31.4
v -6.0 42.5 -20.0
v -6.0 43.0 -19.7
v -6.0 43.5 -31.0
v -6.0 44.0 -30.7
v -6.9 44.0 -28.0
v -6.0 44.0 -19.6
v -6.6 45.0 -30.0
v -6.0 45.0 -30.5
v -6.8 45.0 -28.0
v -6.8 45.0 -27.0
v -6.0 45.0 -19.9
v -6.3 46.0 -30.0
v -6.0 46.0 -30.3
v -6.9 46.0 -29.0
v -6.9 46.0 -28.0
v -6.9 46.0 -27.0
v -6.5 46.0 -20.0
v -6.0 45.3 -20.0
v -6.0 46.0 -20.4
v -6.0 46.5 -30.0
v -6.0 47.0 -29.7
v -6.5 47.0 -20.0
v -6.0 47.0 -20.6
v -6.0 48.0 -29.7
v -6.3 48.0 -21.0
v -6.0 47.5 -21.0
v -6.0 48.0 -21.3
v -6.6 48.0 -20.0
v -6.3 49.0 -30.0
v -6.0 49.0 -30.1
v -6.0 48.7 -30.0
v -6.4 49.0 -21.0
v -6.0 49.0 -21.4
v -6.6 49.0 -20.0
v -6.0 49.3 -30.0
v -6.9 50.0 -29.0
v -6.0 50.0 -29.6
v -6.2 50.0 -21.0
v -6.0 50.0 -21.2
v -6.6 50.0 -20.0
v -6.9 51.0 -29.0
v -6.0 51.0 -29.5
v -6.0 50.4 -21.0
v -6.0 51.0 -20.6
v -6.5 51.0 -20.0
v -6.0 52.0 -29.5
v -6.5 52.0 -20.0
v -6.0 52.0 -20.4
v -6.0 53.0 -29.5
v -6.5 53.0 -20.0
v -6.0 53.0 -20.4
v -6.0 54.0 -29.5
v -6.5 54.0 -20.0
v -6.0 54.0 -20.4
v -6.0 55.0 -29.4
v -6.5 55.0 -20.0
v -6.0 55.0 -20.5
v -6.0 55.6 -29.0
v -6.5 56.0 -29.0
v -6.0 56.0 -28.7
v -6.5 56.0 -20.0
v -6.0 56.0 -20.5
v -6.0 57.0 -28.4
v -6.5 57.0 -20.0
v -6.0 57.0 -20.5
v -6.0 57.6 -28.0
v -6.5 58.0 -28.0
v -6.0 58.0 -27.6
v -6.7 58.0 -20.0
v -6.0 58.0 -20.7
v -6.9 59.0 -27.0
v -6.0 58.5 -27.0
v -6.0 58.4 -26.0
v -6.0 58.4 -25.0
v -6.0 58.5 -24.0
v -6.0 58.5 -23.0
v -6.0 58.4 -22.0
v -6.0 58.2 -21.0
v -5.1 31.0 -31.0
v -5.0 31.0 -31.1
v -5.0 30.9 -31.0
v -5.0 30.6 -30.0
v -5.0 30.8 -29.0
v -5.0 31.0 -28.7
v -5.9 31.0 -26.0
v -5.7 31.0 -25.0
v -5.8 31.0 -24.0
v -5.0 32.0 -31.5
v -5.0 31.4 -28.0
v -5.0 31.5 -27.0
v -5.0 31.5 -26.0
v -5.0 31.6 -25.0
v -5.0 32.0 -24.6
v -5.4 32.0 -24.0
v -5.7 32.0 -23.0
v -5.0 33.0 -31.5
v -5.2 33.0 -24.0
v -5.0 33.0 -24.2
v -5.5 33.0 -23.0
v -5.0 34.0 -31.5
v -5.0 33.3 -24.0
v -5.0 33.6 -23.0
v -5.5 34.0 -22.0
v -5.0 34.0 -22.6
v -5.8 35.0 -32.0
v -5.0 35.0 -31.7
v -5.0 34.6 -22.0
v -5.0 35.0 -21.7
v -5.0 36.0 -32.3
v -5.0 35.5 -32.0
v -5.5 36.0 -21.0
v -5.0 36.0 -21.4
v -5.6 37.0 -32.0
v -5.0 37.0 -32.4
v -5.0 36.6 -21.0
v -5.0 37.0 -20.7
v -5.5 38.0 -32.0
v -5.0 38.0 -32.4
v -5.6 38.0 -20.0
v -5.0 38.0 -20.5
v -5.4 39.0 -32.0
v -5.0 39.0 -32.4
v -5.8 39.0 -31.0
v -5.7 39.0 -20.0
v -5.0 39.0 -20.6
v -5.4 40.0 -32.0
v -5.0 40.0 -32.4
v -5.8 40.0 -31.0
v -5.1 40.0 -21.0
v -5.0 39.8 -21.0
v -5.0 40.0 -21.1
v -5.5 41.0 -32.0
v -5.0 41.0 -32.4
v -5.0 40.2 -21.0
v -5.0 41.0 -20.6
v -5.5 42.0 -32.0
v -5.0 42.0 -32.4
v -5.0 42.0 -20.5
v -5.3 43.0 -32.0
v -5.0 43.0 -32.3
v -5.6 43.0 -20.0
v -5.0 43.0 -20.4
v -5.0 43.4 -32.0
v -5.7 44.0 -31.0
v -5.0 44.0 -31.6
v -5.4 44.0 -20.0
v -5.0 44.0 -20.3
v -5.5 45.0 -31.0
v -5.0 45.0 -31.4
v -5.8 45.0 -20.0
v -5.0 45.0 -20.6
v -5.3 46.0 -31.0
v -5.0 46.0 -31.3
v -5.4 46.0 -21.0
v -5.0 45.5 -21.0
v -5.0 46.0 -21.4
v -5.0 46.5 -31.0
v -5.7 47.0 -30.0
v -5.0 47.0 -30.6
v -5.2 47.0 -22.0
v -5.0 46.7 -22.0
v -5.0 47.0 -22.2
v -5.7 47.0 -21.0
v -5.6 48.0 -30.0
v -5.0 48.0 -30.5
v -5.3 48.0 -22.0
v -5.0 48.0 -22.3
v -5.0 49.0 -30.6
v -5.0 48.5 -22.0
v -5.0 49.0 -21.7
v -5.6 50.0 -30.0
v -5.0 50.0 -30.5
v -5.0 50.0 -21.6
v -5.3 51.0 -30.0
v -5.0 51.0 -30.3
v -5.5 51.0 -21.0
v -5.0 51.0 -21.4
v -5.0 51.4 -30.0
v -5.0 52.0 -29.6
v -5.0 51.6 -21.0
v -5.0 52.0 -20.8
v -5.0 53.0 -29.5
v -5.0 53.0 -20.6
v -5.0 54.0 -29.5
v -5.0 54.0 -20.7
v -5.0 55.0 -29.4
v -5.4 55.0 -21.0
v -5.0 54.5 -21.0
v -5.0 55.0 -21.3
v -5.0 55.5 -29.0
v -5.0 56.0 -28.6
v -5.5 56.0 -21.0
v -5.0 56.0 -21.5
v -5.0 57.0 -28.4
v -5.5 57.0 -21.0
v -5.0 57.0 -21.6
v -5.0 57.5 -28.0
v -5.0 58.0 -27.3
v -5.3 58.0 -26.0
v -5.0 57.8 -26.0
v -5.0 58.0 -26.5
v -5.4 58.0 -25.0
v -5.0 57.7 -25.0
v -5.0 58.0 -24.4
v -5.5 58.0 -22.0
v -5.0 57.4 -22.0
v -5.0 58.0 -22.6
v -5.8 58.0 -21.0
v -5.0 58.3 -27.0
v -5.0 58.2 -24.0
v -5.0 58.2 -23.0
v -4.9 31.0 -31.0
v -4.6 31.0 -30.0
v -4.7 31.0 -29.0
v -4.0 32.0 -31.2
v -4.0 31.7 -31.0
v -4.0 31.5 -30.0
v -4.0 31.4 -29.0
v -4.0 31.5 -28.0
v -4.0 31.6 -27.0
v -4.3 32.0 -26.0
v -4.0 32.0 -26.3
v -4.6 32.0 -25.0
v -4.0 33.0 -31.5
v -4.0 32.2 -26.0
v -4.0 32.4 -25.0
v -4.0 33.0 -24.6
v -4.0 34.0 -31.5
v -4.3 34.0 -24.0
v -4.0 34.0 -24.3
v -4.7 34.0 -23.0
v -4.0 35.0 -31.5
v -4.0 34.4 -24.0
v -4.0 35.0 -23.4
v -4.3 35.0 -23.0
v -4.7 35.0 -22.0
v -4.5 36.0 -32.0
v -4.0 36.0 -31.7
v -4.0 35.5 -23.0
v -4.0 36.0 -22.6
v -4.5 36.0 -22.0
v -4.0 37.0 -32.4
v -4.0 36.4 -32.0
v -4.3 37.0 -22.0
v -4.0 37.0 -22.3
v -4.7 37.0 -21.0
v -4.0 38.0 -32.6
v -4.0 37.4 -22.0
v -4.0 38.0 -21.6
v -4.5 38.0 -21.0
v -4.1 39.0 -33.0
v -4.0 39.0 -33.1
v -4.0 38.9 -33.0
v -4.6 39.0 -21.0
v -4.0 39.0 -21.5
v -4.1 40.0 -33.0
v -4.0 40.0 -33.1
v -4.0 40.0 -21.4
v -4.0 40.1 -33.0
v -4.0 41.0 -32.6
v -4.0 40.5 -21.0
v -4.0 41.0 -20.6
v -4.0 42.0 -32.5
v -4.0 42.0 -20.5
v -4.0 43.0 -32.4
v -4.0 43.0 -20.4
v -4.4 44.0 -32.0
v -4.0 44.0 -32.2
v -4.0 43.9 -20.0
v -4.1 44.0 -20.0
v -4.0 44.0 -20.0
v -4.0 44.3 -32.0
v -4.0 45.0 -31.6
v -4.4 45.0 -21.0
v -4.0 44.7 -21.0
v -4.0 45.0 -21.2
v -4.0 44.0 -20.0
v -4.0 46.0 -31.5
v -4.0 46.0 -21.6
v -4.6 47.0 -31.0
v -4.0 47.0 -31.4
v -4.0 46.5 -22.0
v -4.0 47.0 -22.4
v -4.3 48.0 -31.0
v -4.0 48.0 -31.2
v -4.0 48.0 -22.7
v -4.3 49.0 -31.0
v -4.0 49.0 -31.2
v -4.1 49.0 -23.0
v -4.0 48.8 -23.0
v -4.0 49.0 -23.1
v -4.7 49.0 -22.0
v -4.1 50.0 -31.0
v -4.0 50.0 -31.1
v -4.0 49.2 -23.0
v -4.0 50.0 -22.6
v -4.5 50.0 -22.0
v -4.0 50.1 -31.0
v -4.0 51.0 -30.5
v -4.5 51.0 -22.0
v -4.0 51.0 -22.5
v -4.0 51.5 -30.0
v -4.0 52.0 -29.6
v -4.4 52.0 -22.0
v -4.0 52.0 -22.5
v -4.8 52.0 -21.0
v -4.0 53.0 -29.5
v -4.2 53.0 -22.0
v -4.0 53.0 -22.3
v -4.6 53.0 -21.0
v -4.0 54.0 -29.5
v -4.0 53.3 -22.0
v -4.0 54.0 -21.5
v -4.7 54.0 -21.0
v -4.0 55.0 -29.4
v -4.0 55.0 -21.7
v -4.0 55.5 -29.0
v -4.0 56.0 -28.6
v -4.3 56.0 -23.0
v -4.0 55.6 -23.0
v -4.0 56.0 -23.5
v -4.5 56.0 -22.0
v -4.0 55.3 -22.0
v -4.0 57.0 -28.4
v -4.3 57.0 -24.0
v -4.0 56.5 -24.0
v -4.0 57.0 -24.4
v -4.5 57.0 -23.0
v -4.7 57.0 -22.0
v -4.0 57.6 -28.0
v -4.0 58.0 -27.5
v -4.0 57.7 -26.0
v -4.0 58.0 -26.5
v -4.0 57.4 -25.0
v -4.7 58.0 -24.0
v -4.8 58.0 -23.0
v -4.0 58.3 -27.0
v -3.7 32.0 -31.0
v -3.4 32.0 -30.0
v -3.0 32.0 -29.6
v -3.0 31.6 -29.0
v -3.0 31.5 -28.0
v -3.0 31.8 -27.0
v -3.0 32.0 -26.6
v -3.0 33.0 -31.2
v -3.0 32.7 -31.0
v -3.0 32.3 -30.0
v -3.0 32.4 -26.0
v -3.0 32.3 -25.0
v -3.0 33.0 -24.7
v -3.0 34.0 -31.4
v -3.0 34.0 -24.5
v -3.0 35.0 -31.4
v -3.4 35.0 -24.0
v -3.0 35.0 -24.3
v -3.0 36.0 -31.5
v -3.0 35.3 -24.0
v -3.5 36.0 -23.0
v -3.0 36.0 -23.4
v -3.0 37.0 -32.2
v -3.0 36.7 -32.0
v -3.0 36.4 -23.0
v -3.0 37.0 -22.6
v -3.0 38.0 -32.5
v -3.6 38.0 -22.0
v -3.0 38.0 -22.4
v -3.9 39.0 -33.0
v -3.0 39.0 -32.6
v -3.2 39.0 -22.0
v -3.0 39.0 -22.1
v -3.9 40.0 -33.0
v -3.0 40.0 -32.6
v -3.0 39.2 -22.0
v -3.0 40.0 -21.5
v -3.0 41.0 -32.4
v -3.0 40.5 -21.0
v -3.0 41.0 -20.6
v -3.0 42.0 -32.4
v -3.0 42.0 -20.5
v -3.0 43.0 -32.0
v -3.0 43.0 -20.4
v -3.0 44.0 -32.2
v -3.0 43.7 -20.0
v -3.0 44.0 -19.8
v -3.0 44.2 -32.0
v -3.0 45.0 -31.6
v -3.0 44.6 -21.0
v -3.0 45.0 -21.4
v -3.0 44.2 -20.0
v -3.0 46.0 -31.5
v -3.0 46.0 -21.7
v -3.0 47.0 -31.3
v -3.0 46.3 -22.0
v -3.0 47.0 -22.6
v -3.0 47.5 -31.0
v -3.5 48.0 -31.0
v -3.0 48.0 -30.7
v -3.5 48.0 -23.0
v -3.0 47.5 -23.0
v -3.0 48.0 -23.3
v -3.7 49.0 -31.0
v -3.0 49.0 -30.5
v -3.0 49.0 -23.5
v -3.9 50.0 -31.0
v -3.0 50.0 -30.5
v -3.6 50.0 -23.0
v -3.0 50.0 -23.4
v -3.0 51.0 -30.3
v -3.5 51.0 -23.0
v -3.0 51.0 -23.4
v -3.0 51.4 -30.0
v -3.0 52.0 -29.6
v -3.5 52.0 -23.0
v -3.0 52.0 -23.4
v -3.0 53.0 -29.5
v -3.3 53.0 -23.0
v -3.0 53.0 -23.3
v -3.0 54.0 -29.5
v -3.0 53.5 -23.0
v -3.0 54.0 -22.0
v -3.0 54.0 -22.1
v -3.0 55.0 -29.4
v -3.3 55.0 -24.0
v -3.0 54.7 -24.0
v -3.0 55.0 -24.3
v -3.5 55.0 -23.0
v -3.0 54.3 -23.0
v -3.7 55.0 -22.0
v -3.0 55.5 -29.0
v -3.0 56.0 -28.6
v -3.0 56.0 -25.0
v -3.0 56.0 -25.0
v -3.0 56.0 -25.0
v -3.6 56.0 -24.0
v -3.0 57.0 -28.4
v -3.0 56.1 -25.0
v -3.0 57.0 -24.7
v -3.1 58.0 -28.0
v -3.0 58.0 -28.1
v -3.5 58.0 -26.0
v -3.0 58.0 -25.7
v -3.0 57.3 -25.0
v -3.0 58.1 -28.0
v -3.0 58.8 -27.0
v -3.0 58.3 -26.0
v -2.0 32.0 -29.2
v -2.0 31.8 -29.0
v -2.0 31.8 -28.0
v -2.7 32.0 -27.0
v -2.0 32.0 -27.7
v -2.8 33.0 -31.0
v -2.4 33.0 -30.0
v -2.0 33.0 -29.6
v -2.4 33.0 -27.0
v -2.0 33.0 -27.5
v -2.6 33.0 -26.0
v -2.6 33.0 -25.0
v -2.6 34.0 -31.0
v -2.0 34.0 -30.4
v -2.0 33.5 -30.0
v -2.2 34.0 -27.0
v -2.0 34.0 -27.3
v -2.2 34.0 -26.0
v -2.0 34.0 -25.5
v -2.0 33.7 -25.0
v -2.0 34.0 -24.8
v -2.5 35.0 -31.0
v -2.0 35.0 -30.5
v -2.0 34.3 -27.0
v -2.0 34.3 -26.0
v -2.0 35.0 -24.4
v -2.5 36.0 -31.0
v -2.0 36.0 -30.5
v -2.0 35.6 -24.0
v -2.0 36.0 -23.6
v -2.7 37.0 -32.0
v -2.2 37.0 -31.0
v -2.0 37.0 -30.7
v -2.0 36.6 -23.0
v -2.0 37.0 -22.6
v -2.0 38.0 -32.3
v -2.0 37.6 -32.0
v -2.0 37.2 -31.0
v -2.0 38.0 -22.4
v -2.0 39.0 -32.4
v -2.0 38.7 -22.0
v -2.7 39.0 -22.0
v -2.0 39.0 -21.8
v -2.0 40.0 -32.4
v -2.0 40.0 -21.4
v -2.0 41.0 -32.1
v -2.0 40.5 -21.0
v -2.0 41.0 -20.6
v -2.0 42.0 -32.4
v -2.0 42.0 -20.5
v -2.0 43.0 -32.3
v -2.0 43.0 -20.5
v -2.0 43.7 -32.0
v -2.5 44.0 -32.0
v -2.0 44.0 -31.8
v -2.2 44.0 -20.0
v -2.0 44.0 -20.1
v -2.0 45.0 -31.6
v -2.0 44.5 -21.0
v -2.0 45.0 -21.5
v -2.0 46.0 -31.4
v -2.6 46.0 -22.0
v -2.0 45.6 -22.0
v -2.0 46.0 -22.5
v -2.0 46.6 -31.0
v -2.5 47.0 -31.0
v -2.0 47.0 -30.7
v -2.5 47.0 -23.0
v -2.0 46.5 -23.0
v -2.0 47.0 -23.4
v -2.0 48.0 -30.4
v -2.0 48.0 -23.6
v -2.0 48.7 -30.0
v -2.3 49.0 -30.0
v -2.0 49.0 -29.7
v -2.0 49.0 -23.7
v -2.5 50.0 -30.0
v -2.0 50.0 -29.6
v -2.0 50.0 -23.6
v -2.7 51.0 -30.0
v -2.0 51.0 -29.5
v -2.0 51.0 -23.6
v -2.0 52.0 -29.4
v -2.0 52.0 -23.7
v -2.0 53.0 -29.3
v -2.4 53.0 -24.0
v -2.0 52.4 -24.0
v -2.0 53.0 -24.4
v -2.0 54.0 -29.3
v -2.5 54.0 -24.0
v -2.0 54.0 -24.5
v -2.8 54.0 -23.0
v -2.0 55.0 -29.2
v -2.0 55.0 -24.8
v -2.0 55.3 -29.0
v -2.0 56.0 -28.3
v -2.0 55.4 -25.0
v -2.0 56.0 -25.4
v -2.0 56.4 -28.0
v -2.5 57.0 -28.0
v -2.0 57.0 -27.5
v -2.0 57.0 -25.0
v -2.0 57.0 -25.0
v -2.9 58.0 -28.0
v -2.0 57.5 -27.0
v -2.4 58.0 -27.0
v -2.0 58.0 -26.1
v -2.0 57.0 -25.0
v -2.0 58.0 -25.9
v -2.0 58.1 -26.0
v -1.8 32.0 -29.0
v -1.8 32.0 -28.0
v -1.6 33.0 -29.0
v -1.6 33.0 -28.0
v -1.7 34.0 -30.0
v -1.5 34.0 -29.0
v -1.6 34.0 -28.0
v -1.2 34.0 -25.0
v -1.6 35.0 -30.0
v -1.5 35.0 -29.0
v -1.5 35.0 -28.0
v -1.6 35.0 -27.0
v -1.5 35.0 -26.0
v -1.0 35.0 -25.2
v -1.0 34.3 -25.0
v -1.0 35.0 -24.8
v -1.6 36.0 -30.0
v -1.4 36.0 -29.0
v -1.4 36.0 -28.0
v -1.5 36.0 -27.0
v -1.4 36.0 -26.0
v -1.0 36.0 -25.2
v -1.5 36.0 -24.0
v -1.0 36.0 -24.8
v -1.4 37.0 -30.0
v -1.0 37.0 -29.5
v -1.0 36.6 -29.0
v -1.0 36.7 -28.0
v -1.0 37.0 -27.7
v -1.4 37.0 -27.0
v -1.5 37.0 -26.0
v -1.0 36.3 -25.0
v -1.3 37.0 -25.0
v -1.0 37.0 -24.6
v -1.0 36.4 -24.0
v -1.0 36.6 -23.0
v -1.0 37.0 -22.7
v -1.1 38.0 -32.0
v -1.0 38.0 -31.9
v -1.0 37.8 -31.0
v -1.0 37.4 -30.0
v -1.3 38.0 -27.0
v -1.0 38.0 -27.4
v -1.5 38.0 -26.0
v -1.2 38.0 -25.0
v -1.0 38.0 -24.7
v -1.0 38.0 -22.5
v -1.4 39.0 -32.0
v -1.0 38.7 -31.0
v -1.1 39.0 -31.0
v -1.0 39.0 -30.9
v -1.0 38.5 -27.0
v -1.0 39.0 -26.3
v -1.2 39.0 -26.0
v -1.0 39.0 -25.7
v -1.0 38.4 -25.0
v -1.1 39.0 -23.0
v -1.0 38.9 -23.0
v -1.0 39.0 -23.1
v -1.0 39.0 -22.2
v -1.0 39.0 -22.0
v -1.0 39.0 -22.0
v -1.0 40.0 -32.2
v -1.0 39.7 -32.0
v -1.0 39.1 -31.0
v -1.0 39.2 -26.0
v -1.1 40.0 -23.0
v -1.0 40.0 -23.1
v -1.0 40.0 -22.8
v -1.0 40.0 -21.7
v -1.0 41.0 -32.2
v -1.0 40.1 -23.0
v -1.0 40.8 -21.0
v -1.0 41.0 -20.8
v -1.0 42.0 -32.3
v -1.0 42.0 -20.9
v -1.0 43.0 -32.3
v -1.5 43.0 -21.0
v -1.0 42.2 -21.0
v -1.0 43.0 -21.7
v -1.6 44.0 -32.0
v -1.0 44.0 -32.2
v -1.2 44.0 -22.0
v -1.0 43.5 -22.0
v -1.0 44.0 -22.2
v -1.6 44.0 -21.0
v -1.0 45.0 -32.0
v -1.0 45.0 -32.0
v -1.1 45.0 -25.0
v -1.0 44.9 -25.0
v -1.0 45.0 -25.1
v -1.2 45.0 -24.0
v -1.0 44.7 -24.0
v -1.0 45.0 -23.5
v -1.0 44.9 -22.0
v -1.0 45.0 -22.0
v -1.0 45.0 -32.0
v -1.0 46.0 -31.3
v -1.0 45.2 -25.0
v -1.0 46.0 -24.6
v -1.4 46.0 -24.0
v -1.0 45.3 -23.0
v -1.6 46.0 -23.0
v -1.0 45.0 -22.0
v -1.0 46.3 -31.0
v -1.0 47.0 -30.5
v -1.2 47.0 -26.0
v -1.0 46.7 -26.0
v -1.0 47.0 -26.4
v -1.4 47.0 -25.0
v -1.0 46.4 -25.0
v -1.6 47.0 -24.0
v -1.0 48.0 -30.3
v -1.3 48.0 -27.0
v -1.0 47.6 -27.0
v -1.0 48.0 -27.4
v -1.5 48.0 -26.0
v -1.5 48.0 -25.0
v -1.6 48.0 -24.0
v -1.0 48.4 -30.0
v -1.0 49.0 -29.4
v -1.4 49.0 -27.0
v -1.0 49.0 -27.6
v -1.5 49.0 -26.0
v -1.5 49.0 -25.0
v -1.7 49.0 -24.0
v -1.0 50.0 -29.1
v -1.3 50.0 -28.0
v -1.0 49.5 -28.0
v -1.0 50.0 -28.9
v -1.4 50.0 -27.0
v -1.4 50.0 -26.0
v -1.5 50.0 -25.0
v -1.6 50.0 -24.0
v -1.0 50.1 -29.0
v -1.5 51.0 -29.0
v -1.4 51.0 -28.0
v -1.0 51.0 -27.1
v -1.0 50.9 -27.0
v -1.0 50.9 -26.0
v -1.0 51.0 -25.8
v -1.3 51.0 -25.0
v -1.0 51.0 -24.0
v -1.0 51.0 -24.0
v -1.0 51.0 -24.0
v -1.6 52.0 -29.0
v -1.5 52.0 -28.0
v -1.0 51.1 -27.0
v -1.4 52.0 -27.0
v -1.4 52.0 -26.0
v -1.0 51.1 -26.0
v -1.5 52.0 -25.0
v -1.0 51.0 -24.0
v -1.7 52.0 -24.0
v -1.7 53.0 -29.0
v -1.5 53.0 -28.0
v -1.5 53.0 -27.0
v -1.5 53.0 -26.0
v -1.6 53.0 -25.0
v -1.7 54.0 -29.0
v -1.5 54.0 -28.0
v -1.5 54.0 -27.0
v -1.5 54.0 -26.0
v -1.6 54.0 -25.0
v -1.8 55.0 -29.0
v -1.5 55.0 -28.0
v -1.5 55.0 -27.0
v -1.5 55.0 -26.0
v -1.8 55.0 -25.0
v -1.7 56.0 -28.0
v -1.5 56.0 -27.0
v -1.6 56.0 -26.0
v -1.7 57.0 -27.0
v -1.6 57.0 -26.0
v -2.0 57.0 -25.0
v -1.9 58.0 -26.0
v -0.8 35.0 -25.0
v -0.9 36.0 -25.0
v -0.7 37.0 -29.0
v -0.8 37.0 -28.0
v 0.0 36.8 -24.0
v 0.0 37.0 -24.2
v 0.0 36.8 -23.0
v 0.0 37.0 -22.8
v -0.8 38.0 -31.0
v -0.6 38.0 -30.0
v -0.5 38.0 -29.0
v -0.6 38.0 -28.0
v 0.0 38.0 -24.2
v 0.0 38.0 -22.8
v -0.6 39.0 -30.0
v -0.5 39.0 -29.0
v -0.5 39.0 -28.0
v -0.7 39.0 -27.0
v -0.7 39.0 -25.0
v 0.0 38.3 -24.0
v -0.5 39.0 -24.0
v 0.0 38.2 -23.0
v -1.0 39.0 -22.0
v -0.8 40.0 -32.0
v -0.6 40.0 -31.0
v -0.5 40.0 -30.0
v -0.5 40.0 -29.0
v -0.4 40.0 -28.0
v -0.4 40.0 -27.0
v -0.6 40.0 -26.0
v -0.5 40.0 -25.0
v -0.6 40.0 -24.0
v -0.8 40.0 -22.0
v -0.8 41.0 -32.0
v -0.5 41.0 -31.0
v -0.5 41.0 -30.0
v -0.4 41.0 -29.0
v 0.0 41.0 -28.1
v 0.0 40.9 -28.0
v 0.0 40.9 -27.0
v 0.0 41.0 -26.9
v -0.4 41.0 -26.0
v -0.5 41.0 -25.0
v -0.5 41.0 -24.0
v -0.6 41.0 -23.0
v -0.6 41.0 -22.0
v -0.8 41.0 -21.0
v -0.7 42.0 -32.0
v -0.5 42.0 -31.0
v -0.5 42.0 -30.0
v -0.5 42.0 -29.0
v 0.0 41.1 -28.0
v -0.4 42.0 -28.0
v -0.4 42.0 -27.0
v 0.0 41.1 -27.0
v -0.5 42.0 -26.0
v -0.5 42.0 -25.0
v -0.4 42.0 -24.0
v -0.6 42.0 -23.0
v -1.0 42.0 -22.0
v -0.9 42.0 -21.0
v -0.7 43.0 -32.0
v -0.5 43.0 -31.0
v -0.5 43.0 -30.0
v -0.5 43.0 -29.0
v -0.5 43.0 -28.0
v -0.5 43.0 -27.0
v -0.5 43.0 -26.0
v -0.4 43.0 -25.0
v -0.1 43.0 -24.0
v -0.5 43.0 -23.0
v -0.8 43.0 -22.0
v -0.8 44.0 -32.0
v -0.5 44.0 -31.0
v -0.5 44.0 -30.0
v -0.5 44.0 -29.0
v -0.5 44.0 -28.0
v -0.5 44.0 -27.0
v -0.5 44.0 -26.0
v -0.6 44.0 -25.0
v -0.5 44.0 -24.0
v -0.6 44.0 -23.0
v -1.0 45.0 -32.0
v -0.5 45.0 -31.0
v -0.4 45.0 -30.0
v -0.4 45.0 -29.0
v -0.4 45.0 -28.0
v -0.4 45.0 -27.0
v -0.5 45.0 -26.0
v -0.8 45.0 -23.0
v -1.0 45.0 -22.0
v -0.7 46.0 -31.0
v 0.0 46.0 -30.1
v 0.0 45.9 -30.0
v 0.0 45.7 -29.0
v 0.0 45.7 -28.0
v 0.0 45.7 -27.0
v 0.0 45.8 -26.0
v -0.2 46.0 -25.0
v 0.0 46.0 -25.3
v -0.4 47.0 -30.0
v 0.0 46.1 -30.0
v -0.4 47.0 -29.0
v 0.0 46.3 -29.0
v -0.4 47.0 -28.0
v 0.0 46.3 -28.0
v -0.6 47.0 -27.0
v 0.0 46.3 -27.0
v 0.0 46.2 -26.0
v -0.3 48.0 -30.0
v -0.4 48.0 -29.0
v -0.6 48.0 -28.0
v -0.6 49.0 -29.0
v -0.7 49.0 -28.0
v -0.9 50.0 -29.0
v -0.9 51.0 -27.0
v -0.9 51.0 -26.0
v -1.0 51.0 -24.0
v 0.2 37.0 -24.0
v 0.2 37.0 -23.0
v 0.2 38.0 -24.0
v 0.2 38.0 -23.0
v 0.1 41.0 -28.0
v 0.1 41.0 -27.0
v 0.1 46.0 -30.0
v 0.2 46.0 -29.0
v 0.2 46.0 -28.0
v 0.2 46.0 -27.0
v 0.2 46.0 -26.0
f 3 2 1
f 5 4 1
f 1 4 3
f 5 6 4
f 9 8 7
f 11 10 7
f 7 10 9
f 10 11 2
f 11 1 2
f 11 12 1
f 1 13 5
f 1 12 13
f 6 5 14
f 5 15 14
f 5 13 15
f 15 16 14
f 7 8 17
f 17 8 18
f 7 19 11
f 7 17 19
f 11 20 12
f 11 19 20
f 12 21 13
f 12 20 21
f 13 22 15
f 13 21 22
f 16 15 23
f 23 15 22
f 17 18 24
f 24 18 25
f 17 26 19
f 17 24 26
f 19 27 20
f 19 26 27
f 20 28 21
f 20 27 28
f 21 29 22
f 21 28 29
f 23 22 30
f 30 22 29
f 24 25 31
f 31 25 32
f 24 33 26
f 24 31 33
f 26 34 27
f 26 33 34
f 27 35 28
f 27 34 35
f 37 29 36
f 29 35 36
f 29 28 35
f 29 37 30
f 31 32 38
f 38 32 39
f 31 40 33
f 31 38 40
f 33 41 34
f 33 40 41
f 34 42 35
f 34 41 42
f 36 35 43
f 43 35 42
f 46 45 44
f 46 44 39
f 44 38 39
f 44 47 38
f 38 48 40
f 38 47 48
f 40 49 41
f 40 48 49
f 41 50 42
f 41 49 50
f 43 42 51
f 51 42 50
f 44 45 52
f 52 45 53
f 44 54 47
f 44 52 54
f 47 55 48
f 47 54 55
f 48 56 49
f 48 55 56
f 58 50 57
f 50 56 57
f 50 49 56
f 50 58 51
f 52 53 59
f 59 53 60
f 52 61 54
f 52 59 61
f 54 62 55
f 54 61 62
f 55 63 56
f 55 62 63
f 57 56 64
f 64 56 63
f 60 65 59
f 67 66 65
f 66 59 65
f 66 61 59
f 61 68 62
f 61 66 68
f 62 69 63
f 62 68 69
f 64 63 70
f 70 63 69
f 67 71 66
f 66 71 68
f 68 71 72
f 68 72 69
f 69 72 73
f 69 73 70
f 76 75 74
f 74 77 76
f 74 75 78
f 78 75 79
f 77 74 80
f 74 81 80
f 74 78 81
f 83 82 81
f 81 82 80
f 2 3 84
f 82 83 85
f 4 86 3
f 3 86 84
f 6 86 4
f 78 79 87
f 87 79 88
f 87 8 9
f 81 87 9
f 78 87 81
f 81 9 10
f 81 10 83
f 10 85 83
f 10 89 85
f 10 2 84
f 89 10 84
f 89 84 86
f 89 86 90
f 90 86 6
f 14 90 6
f 91 90 14
f 93 92 16
f 92 14 16
f 92 91 14
f 93 94 92
f 87 88 95
f 95 88 96
f 95 18 8
f 95 8 87
f 23 97 93
f 23 93 16
f 94 93 98
f 98 93 97
f 95 96 99
f 99 96 100
f 99 25 18
f 99 18 95
f 102 101 97
f 23 102 97
f 30 102 23
f 97 101 98
f 99 100 103
f 103 100 104
f 103 32 25
f 103 25 99
f 36 105 37
f 105 106 37
f 106 30 37
f 106 102 30
f 109 108 107
f 109 107 104
f 107 103 104
f 107 110 103
f 110 39 32
f 110 32 103
f 43 111 105
f 43 105 36
f 106 105 112
f 112 105 111
f 107 108 113
f 113 108 114
f 113 45 46
f 110 113 46
f 107 113 110
f 110 46 39
f 51 115 111
f 51 111 43
f 112 111 116
f 116 111 115
f 119 118 117
f 117 120 119
f 113 114 121
f 121 114 122
f 121 53 45
f 121 45 113
f 57 123 58
f 123 124 58
f 58 124 51
f 124 125 51
f 125 115 51
f 115 125 116
f 117 118 126
f 126 118 127
f 120 117 128
f 128 117 126
f 121 122 129
f 129 122 130
f 129 60 53
f 129 53 121
f 64 131 123
f 64 123 57
f 124 123 132
f 132 123 131
f 126 127 133
f 133 127 134
f 128 126 135
f 135 126 133
f 129 130 136
f 136 130 137
f 138 65 60
f 129 138 60
f 136 138 129
f 138 67 65
f 70 139 131
f 70 131 64
f 132 131 140
f 140 131 139
f 134 141 133
f 133 141 135
f 136 137 142
f 142 137 143
f 145 138 144
f 138 142 144
f 138 136 142
f 145 147 146
f 145 146 71
f 138 145 71
f 67 138 71
f 71 146 148
f 149 71 148
f 72 71 149
f 72 150 73
f 149 150 72
f 73 150 70
f 150 151 70
f 151 139 70
f 151 150 152
f 140 139 153
f 153 139 151
f 143 154 142
f 142 154 144
f 147 155 146
f 146 155 148
f 152 156 151
f 151 156 153
f 159 158 157
f 75 76 157
f 76 159 157
f 76 160 159
f 76 77 160
f 160 77 161
f 157 158 162
f 162 158 163
f 162 79 75
f 162 75 157
f 77 80 164
f 165 77 164
f 161 77 165
f 82 166 80
f 80 166 164
f 85 166 82
f 162 163 167
f 167 163 168
f 167 88 79
f 167 79 162
f 169 165 164
f 169 164 166
f 169 166 170
f 170 166 85
f 89 170 85
f 171 170 89
f 172 89 90
f 172 171 89
f 173 90 91
f 173 172 90
f 174 91 92
f 174 173 91
f 92 94 174
f 174 94 175
f 167 168 176
f 176 168 177
f 176 96 88
f 176 88 167
f 98 175 94
f 98 178 175
f 176 177 179
f 179 177 180
f 179 100 96
f 179 96 176
f 102 181 101
f 181 182 101
f 182 98 101
f 182 178 98
f 179 180 183
f 183 180 184
f 183 104 100
f 183 100 179
f 106 185 181
f 106 181 102
f 182 181 186
f 186 181 185
f 189 188 187
f 187 190 189
f 193 192 191
f 193 191 184
f 184 191 183
f 191 108 183
f 108 109 183
f 183 109 104
f 195 194 185
f 106 195 185
f 112 195 106
f 185 194 186
f 198 197 196
f 198 196 188
f 196 187 188
f 196 199 187
f 190 187 200
f 200 187 199
f 191 192 201
f 201 192 202
f 201 114 108
f 201 108 191
f 116 195 112
f 116 203 195
f 196 197 204
f 204 197 205
f 204 118 119
f 199 204 119
f 196 204 199
f 119 120 199
f 120 200 199
f 120 206 200
f 209 208 207
f 209 207 202
f 207 201 202
f 207 210 201
f 210 122 114
f 210 114 201
f 124 211 125
f 211 212 125
f 212 116 125
f 212 203 116
f 204 205 213
f 213 205 214
f 213 127 118
f 213 118 204
f 128 216 215
f 206 128 215
f 120 128 206
f 215 216 208
f 216 207 208
f 216 217 207
f 207 218 210
f 207 217 218
f 218 130 122
f 218 122 210
f 132 219 211
f 132 211 124
f 212 211 220
f 220 211 219
f 213 214 221
f 221 214 222
f 221 134 127
f 221 127 213
f 224 223 216
f 128 224 216
f 135 224 128
f 226 225 223
f 225 216 223
f 225 217 216
f 217 227 218
f 217 225 227
f 227 137 130
f 227 130 218
f 229 228 219
f 132 229 219
f 140 229 132
f 219 228 220
f 221 222 230
f 230 222 231
f 232 141 134
f 221 232 134
f 230 232 221
f 232 233 141
f 233 135 141
f 233 224 135
f 226 234 225
f 236 235 234
f 235 225 234
f 235 227 225
f 235 143 137
f 235 137 227
f 144 237 145
f 237 147 145
f 148 238 149
f 239 150 149
f 239 149 238
f 239 152 150
f 153 229 140
f 153 240 229
f 230 231 241
f 241 231 242
f 244 232 243
f 232 241 243
f 232 230 241
f 232 244 233
f 235 236 245
f 245 236 246
f 247 154 143
f 235 247 143
f 245 247 235
f 237 144 154
f 247 237 154
f 248 237 247
f 249 155 147
f 237 249 147
f 248 249 237
f 238 148 155
f 249 238 155
f 250 238 249
f 238 251 239
f 238 250 251
f 252 156 152
f 239 252 152
f 251 252 239
f 252 253 156
f 253 153 156
f 253 240 153
f 241 242 254
f 254 242 255
f 243 241 256
f 256 241 254
f 246 257 245
f 259 258 257
f 258 245 257
f 258 247 245
f 247 260 248
f 247 258 260
f 248 261 249
f 248 260 261
f 249 262 250
f 249 261 262
f 250 263 251
f 250 262 263
f 251 264 252
f 251 263 264
f 253 252 265
f 265 252 264
f 254 255 266
f 266 255 267
f 256 254 268
f 254 269 268
f 254 266 269
f 269 270 268
f 273 272 271
f 275 274 271
f 274 258 271
f 259 273 271
f 259 271 258
f 277 276 274
f 276 258 274
f 276 260 258
f 260 278 261
f 260 276 278
f 261 279 262
f 261 278 279
f 262 280 263
f 262 279 280
f 282 264 281
f 264 280 281
f 264 263 280
f 264 282 265
f 266 267 283
f 283 267 284
f 286 269 285
f 269 283 285
f 269 266 283
f 269 286 270
f 271 272 287
f 287 272 288
f 275 271 289
f 289 271 287
f 276 277 290
f 290 277 291
f 276 292 278
f 276 290 292
f 278 293 279
f 278 292 293
f 279 294 280
f 279 293 294
f 281 280 295
f 295 280 294
f 284 296 283
f 283 296 285
f 288 297 287
f 300 299 298
f 287 297 289
f 298 299 291
f 299 290 291
f 299 301 290
f 290 302 292
f 290 301 302
f 292 303 293
f 292 302 303
f 293 304 294
f 293 303 304
f 295 294 305
f 305 294 304
f 299 300 306
f 306 300 307
f 309 301 308
f 301 306 308
f 301 299 306
f 311 310 309
f 310 301 309
f 310 302 301
f 302 312 303
f 302 310 312
f 303 313 304
f 303 312 313
f 305 304 314
f 314 304 313
f 307 315 306
f 306 315 308
f 311 316 310
f 310 316 312
f 312 316 317
f 312 317 313
f 313 317 318
f 313 318 314
f 321 320 319
f 323 322 319
f 319 322 321
f 325 324 323
f 323 324 322
f 325 326 324
f 319 320 327
f 327 320 328
f 319 329 323
f 319 327 329
f 323 330 325
f 323 329 330
f 326 325 331
f 325 332 331
f 325 330 332
f 158 159 333
f 331 332 334
f 160 335 159
f 159 335 333
f 161 335 160
f 328 336 327
f 338 337 336
f 337 327 336
f 337 329 327
f 329 339 330
f 329 337 339
f 330 340 332
f 330 339 340
f 158 333 163
f 341 163 333
f 163 341 340
f 334 340 341
f 340 334 332
f 341 333 335
f 341 335 342
f 335 161 342
f 161 343 342
f 161 165 343
f 346 345 344
f 346 344 338
f 344 337 338
f 344 347 337
f 337 348 339
f 337 347 348
f 339 349 340
f 339 348 349
f 349 168 163
f 349 163 340
f 350 343 165
f 350 165 169
f 352 350 351
f 350 170 351
f 350 169 170
f 171 353 170
f 170 353 351
f 172 354 171
f 171 354 353
f 173 355 172
f 172 355 354
f 174 356 173
f 173 356 355
f 175 356 174
f 344 345 357
f 357 345 358
f 344 359 347
f 344 357 359
f 347 360 348
f 347 359 360
f 348 361 349
f 348 360 361
f 361 177 168
f 361 168 349
f 362 352 351
f 362 351 353
f 362 353 363
f 363 353 354
f 363 354 364
f 364 354 355
f 364 355 365
f 365 355 356
f 365 356 366
f 356 175 366
f 175 367 366
f 175 178 367
f 357 358 368
f 368 358 369
f 357 370 359
f 357 368 370
f 359 371 360
f 359 370 371
f 360 372 361
f 360 371 372
f 372 180 177
f 372 177 361
f 182 367 178
f 182 373 367
f 376 375 374
f 378 377 374
f 374 377 376
f 377 378 369
f 378 368 369
f 378 379 368
f 368 380 370
f 368 379 380
f 370 381 371
f 370 380 381
f 371 382 372
f 371 381 382
f 382 184 180
f 382 180 372
f 186 373 182
f 186 383 373
f 374 375 384
f 384 375 385
f 374 386 378
f 374 384 386
f 386 188 189
f 379 386 189
f 378 386 379
f 379 189 190
f 387 379 190
f 380 379 387
f 380 388 381
f 380 387 388
f 388 192 193
f 382 388 193
f 381 388 382
f 382 193 184
f 390 389 194
f 390 194 195
f 186 194 383
f 383 194 389
f 385 391 384
f 392 197 198
f 384 392 198
f 386 384 198
f 391 392 384
f 386 198 188
f 200 393 387
f 200 387 190
f 387 394 388
f 387 393 394
f 394 202 192
f 394 192 388
f 203 390 195
f 203 395 390
f 392 205 197
f 396 205 392
f 206 397 393
f 206 393 200
f 397 208 209
f 394 397 209
f 393 397 394
f 394 209 202
f 212 395 203
f 212 398 395
f 396 214 205
f 399 214 396
f 215 397 206
f 397 215 208
f 220 398 212
f 220 400 398
f 399 222 214
f 401 222 399
f 224 402 223
f 402 226 223
f 404 403 228
f 404 228 229
f 220 228 400
f 400 228 403
f 401 231 222
f 405 231 401
f 233 406 402
f 233 402 224
f 407 234 226
f 402 407 226
f 406 407 402
f 407 236 234
f 240 404 229
f 240 408 404
f 411 410 409
f 405 411 409
f 242 405 409
f 231 405 242
f 243 412 244
f 406 233 244
f 412 406 244
f 413 406 412
f 406 414 407
f 406 413 414
f 414 246 236
f 414 236 407
f 253 408 240
f 253 415 408
f 410 416 409
f 242 409 416
f 417 242 416
f 255 242 417
f 256 418 412
f 256 412 243
f 412 419 413
f 412 418 419
f 413 420 414
f 413 419 420
f 421 257 246
f 414 421 246
f 420 421 414
f 421 259 257
f 265 415 253
f 265 422 415
f 417 267 255
f 423 267 417
f 268 418 256
f 418 268 270
f 424 418 270
f 419 418 424
f 419 425 420
f 419 424 425
f 425 272 273
f 421 425 273
f 420 425 421
f 259 421 273
f 274 275 426
f 426 277 274
f 281 427 282
f 427 428 282
f 428 265 282
f 428 422 265
f 423 284 267
f 429 284 423
f 285 430 286
f 424 270 286
f 430 424 286
f 431 424 430
f 424 432 425
f 424 431 432
f 432 288 272
f 432 272 425
f 289 433 426
f 289 426 275
f 433 291 277
f 433 277 426
f 295 434 427
f 295 427 281
f 428 427 435
f 435 427 434
f 296 284 436
f 284 437 436
f 284 429 437
f 436 438 296
f 296 438 285
f 438 439 285
f 439 430 285
f 430 439 431
f 431 439 440
f 442 441 440
f 441 431 440
f 441 432 431
f 443 297 288
f 432 443 288
f 441 443 432
f 443 289 297
f 443 433 289
f 443 300 298
f 433 443 298
f 433 298 291
f 305 444 434
f 305 434 295
f 435 434 445
f 445 434 444
f 436 437 446
f 446 437 447
f 438 436 448
f 448 436 446
f 442 449 441
f 451 450 449
f 450 441 449
f 450 443 441
f 450 307 300
f 450 300 443
f 308 452 309
f 452 311 309
f 314 453 444
f 314 444 305
f 445 444 454
f 444 455 454
f 444 453 455
f 455 456 454
f 447 457 446
f 446 457 448
f 450 451 458
f 458 451 459
f 460 315 307
f 450 460 307
f 458 460 450
f 452 308 315
f 460 452 315
f 461 452 460
f 462 316 311
f 452 462 311
f 461 462 452
f 463 317 316
f 463 316 462
f 464 318 317
f 464 317 463
f 453 314 318
f 464 453 318
f 465 453 464
f 453 466 455
f 453 465 466
f 456 455 467
f 467 455 466
f 459 468 458
f 470 469 468
f 469 458 468
f 469 460 458
f 460 471 461
f 460 469 471
f 461 472 462
f 461 471 472
f 462 473 463
f 462 472 473
f 463 474 464
f 463 473 474
f 464 475 465
f 464 474 475
f 465 476 466
f 465 475 476
f 467 466 477
f 477 466 476
f 469 470 478
f 478 470 479
f 481 471 480
f 471 478 480
f 471 469 478
f 483 482 481
f 482 471 481
f 482 472 471
f 472 484 473
f 472 482 484
f 473 485 474
f 473 484 485
f 474 486 475
f 474 485 486
f 488 476 487
f 476 486 487
f 476 475 486
f 476 488 477
f 479 489 478
f 478 489 480
f 483 490 482
f 482 490 484
f 484 490 491
f 493 492 491
f 492 484 491
f 492 485 484
f 485 494 486
f 485 492 494
f 487 486 495
f 495 486 494
f 492 493 496
f 496 493 497
f 492 498 494
f 492 496 498
f 495 494 499
f 499 494 498
f 497 500 496
f 496 500 498
f 498 500 501
f 498 501 499
f 502 320 321
f 322 503 321
f 321 503 502
f 324 504 322
f 322 504 503
f 326 504 324
f 506 505 502
f 505 320 502
f 505 328 320
f 506 502 503
f 506 503 507
f 507 503 504
f 507 504 508
f 510 508 509
f 509 508 331
f 508 504 331
f 504 326 331
f 334 509 331
f 336 328 511
f 328 512 511
f 328 505 512
f 511 338 336
f 513 510 509
f 515 513 514
f 514 513 341
f 513 509 341
f 509 334 341
f 342 516 341
f 341 516 514
f 343 516 342
f 511 512 346
f 512 345 346
f 512 517 345
f 511 346 338
f 518 515 514
f 518 514 516
f 518 516 519
f 521 519 520
f 520 519 350
f 519 516 350
f 516 343 350
f 352 520 350
f 524 523 522
f 517 524 522
f 358 517 522
f 345 517 358
f 525 521 520
f 525 520 352
f 362 525 352
f 526 525 362
f 527 362 363
f 527 526 362
f 528 363 364
f 528 527 363
f 530 528 529
f 528 365 529
f 528 364 365
f 366 531 365
f 365 531 529
f 367 531 366
f 522 523 532
f 532 523 533
f 532 369 358
f 532 358 522
f 534 530 529
f 536 535 534
f 529 536 534
f 531 536 529
f 373 536 367
f 367 536 531
f 538 537 376
f 376 537 375
f 377 532 533
f 538 377 533
f 376 377 538
f 532 377 369
f 535 536 539
f 535 539 540
f 383 539 373
f 373 539 536
f 537 385 375
f 541 385 537
f 540 539 389
f 390 540 389
f 542 540 390
f 389 539 383
f 391 385 543
f 385 544 543
f 385 541 544
f 543 392 391
f 395 542 390
f 395 545 542
f 543 544 546
f 546 544 547
f 546 396 392
f 546 392 543
f 398 545 395
f 398 548 545
f 546 547 549
f 549 547 550
f 549 399 396
f 549 396 546
f 400 548 398
f 400 551 548
f 549 550 552
f 552 550 553
f 552 401 399
f 552 399 549
f 404 554 403
f 554 555 403
f 555 400 403
f 555 551 400
f 552 553 556
f 556 553 557
f 556 405 401
f 556 401 552
f 559 558 554
f 404 559 554
f 408 559 404
f 554 558 555
f 556 557 411
f 557 410 411
f 557 560 410
f 556 411 405
f 415 559 408
f 415 561 559
f 416 410 562
f 410 563 562
f 410 560 563
f 562 417 416
f 422 561 415
f 422 564 561
f 563 565 562
f 417 562 565
f 566 417 565
f 423 417 566
f 428 564 422
f 428 567 564
f 566 429 423
f 568 429 566
f 435 567 428
f 435 569 567
f 568 437 429
f 570 437 568
f 438 571 439
f 572 440 439
f 572 439 571
f 572 442 440
f 445 574 573
f 569 445 573
f 435 445 569
f 574 575 573
f 570 447 437
f 576 447 570
f 448 577 571
f 448 571 438
f 571 578 572
f 571 577 578
f 579 449 442
f 572 579 442
f 578 579 572
f 579 451 449
f 454 574 445
f 454 456 574
f 456 575 574
f 456 580 575
f 457 447 581
f 447 582 581
f 447 576 582
f 577 448 457
f 581 577 457
f 583 577 581
f 577 584 578
f 577 583 584
f 578 585 579
f 578 584 585
f 585 459 451
f 585 451 579
f 467 580 456
f 467 586 580
f 581 582 587
f 587 582 588
f 581 589 583
f 581 587 589
f 583 590 584
f 583 589 590
f 584 591 585
f 584 590 591
f 592 468 459
f 585 592 459
f 591 592 585
f 592 470 468
f 477 586 467
f 477 593 586
f 587 588 594
f 594 588 595
f 587 596 589
f 587 594 596
f 598 590 597
f 590 596 597
f 590 589 596
f 600 599 598
f 599 590 598
f 599 591 590
f 591 601 592
f 591 599 601
f 601 479 470
f 601 470 592
f 480 602 481
f 602 483 481
f 487 603 488
f 603 604 488
f 604 477 488
f 604 593 477
f 595 605 594
f 594 605 596
f 596 605 606
f 596 606 597
f 600 607 599
f 609 608 607
f 608 599 607
f 608 601 599
f 610 489 479
f 601 610 479
f 608 610 601
f 602 480 489
f 610 602 489
f 611 602 610
f 612 490 483
f 602 612 483
f 611 612 602
f 613 491 490
f 613 490 612
f 613 493 491
f 495 614 603
f 495 603 487
f 604 603 615
f 615 603 614
f 609 616 608
f 618 617 616
f 617 608 616
f 617 610 608
f 610 619 611
f 610 617 619
f 611 620 612
f 611 619 620
f 612 621 613
f 612 620 621
f 621 497 493
f 621 493 613
f 499 622 614
f 499 614 495
f 615 614 623
f 623 614 622
f 617 618 624
f 624 618 625
f 617 626 619
f 617 624 626
f 619 627 620
f 619 626 627
f 620 628 621
f 620 627 628
f 629 500 497
f 621 629 497
f 628 629 621
f 630 501 500
f 630 500 629
f 630 631 501
f 501 631 499
f 631 632 499
f 632 622 499
f 622 632 623
f 625 633 624
f 635 634 633
f 634 624 633
f 634 626 624
f 626 636 627
f 626 634 636
f 627 637 628
f 627 636 637
f 628 638 629
f 628 637 638
f 640 630 639
f 630 638 639
f 630 629 638
f 630 640 631
f 635 641 634
f 634 641 636
f 636 641 642
f 636 642 637
f 637 642 643
f 645 644 643
f 644 637 643
f 644 638 637
f 639 638 646
f 646 638 644
f 645 647 644
f 644 647 646
f 648 505 506
f 648 506 649
f 506 650 649
f 506 507 650
f 652 650 651
f 650 508 651
f 650 507 508
f 510 651 508
f 655 654 653
f 656 655 648
f 655 512 648
f 512 505 648
f 655 653 512
f 656 648 649
f 657 652 651
f 659 657 658
f 658 657 513
f 657 651 513
f 651 510 513
f 515 658 513
f 653 654 660
f 660 654 661
f 660 517 512
f 660 512 653
f 662 659 658
f 664 662 663
f 663 662 518
f 662 658 518
f 658 515 518
f 519 665 518
f 518 665 663
f 521 665 519
f 660 661 524
f 661 523 524
f 661 666 523
f 660 524 517
f 667 664 663
f 667 663 665
f 667 665 668
f 670 668 669
f 669 668 525
f 668 665 525
f 665 521 525
f 526 671 525
f 525 671 669
f 527 672 526
f 526 672 671
f 528 673 527
f 527 673 672
f 530 673 528
f 676 675 674
f 666 676 674
f 533 666 674
f 523 666 533
f 670 669 677
f 670 677 678
f 671 680 679
f 677 671 679
f 669 671 677
f 680 671 672
f 680 672 681
f 681 672 673
f 681 673 682
f 684 682 683
f 683 682 534
f 682 673 534
f 673 530 534
f 535 683 534
f 674 675 538
f 675 537 538
f 675 685 537
f 674 538 533
f 686 678 677
f 686 677 679
f 684 683 687
f 684 687 688
f 540 687 535
f 535 687 683
f 685 541 537
f 689 541 685
f 688 687 690
f 688 690 691
f 542 690 540
f 540 690 687
f 694 693 692
f 689 694 692
f 544 689 692
f 541 689 544
f 691 690 695
f 691 695 696
f 545 695 542
f 542 695 690
f 692 693 697
f 697 693 698
f 697 547 544
f 697 544 692
f 696 695 699
f 696 699 700
f 548 699 545
f 545 699 695
f 698 701 697
f 547 697 701
f 702 547 701
f 550 547 702
f 700 699 703
f 700 703 704
f 551 703 548
f 548 703 699
f 702 553 550
f 705 553 702
f 706 704 703
f 703 551 706
f 551 707 706
f 551 555 707
f 705 557 553
f 708 557 705
f 710 709 558
f 710 558 559
f 555 558 707
f 707 558 709
f 708 560 557
f 711 560 708
f 561 710 559
f 561 712 710
f 711 563 560
f 713 563 711
f 564 712 561
f 564 714 712
f 713 715 563
f 563 715 565
f 566 565 715
f 566 715 716
f 567 714 564
f 567 717 714
f 716 568 566
f 718 568 716
f 569 717 567
f 569 719 717
f 722 721 720
f 718 722 720
f 570 718 720
f 568 718 570
f 569 573 723
f 724 569 723
f 719 569 724
f 575 723 573
f 720 721 725
f 725 721 726
f 725 576 570
f 725 570 720
f 724 723 727
f 724 727 728
f 580 727 575
f 575 727 723
f 726 729 725
f 576 725 729
f 730 576 729
f 582 576 730
f 728 727 731
f 728 731 732
f 586 731 580
f 580 731 727
f 730 588 582
f 733 588 730
f 732 731 734
f 732 734 735
f 593 734 586
f 586 734 731
f 738 737 736
f 733 738 736
f 595 733 736
f 588 733 595
f 597 739 598
f 739 600 598
f 735 734 740
f 735 740 741
f 604 740 593
f 593 740 734
f 737 742 736
f 742 744 743
f 742 743 605
f 736 742 605
f 595 736 605
f 745 606 605
f 745 605 743
f 745 746 606
f 606 746 597
f 746 747 597
f 747 739 597
f 747 749 748
f 747 748 607
f 739 747 607
f 600 739 607
f 748 609 607
f 741 740 750
f 741 750 751
f 615 750 604
f 604 750 740
f 743 744 752
f 752 744 753
f 743 754 745
f 743 752 754
f 746 745 755
f 755 745 754
f 749 756 748
f 756 758 757
f 756 757 616
f 748 756 616
f 609 748 616
f 757 618 616
f 751 750 759
f 751 759 760
f 623 759 615
f 615 759 750
f 752 753 761
f 761 753 762
f 764 754 763
f 754 761 763
f 754 752 761
f 764 765 754
f 765 766 754
f 767 755 754
f 767 754 766
f 769 768 766
f 766 768 767
f 768 769 758
f 769 757 758
f 769 770 757
f 770 625 618
f 770 618 757
f 760 759 632
f 631 760 632
f 771 760 631
f 632 759 623
f 762 772 761
f 761 772 763
f 766 765 773
f 773 765 774
f 776 769 775
f 769 773 775
f 769 766 773
f 769 776 770
f 770 776 777
f 777 779 778
f 777 778 633
f 770 777 633
f 625 770 633
f 778 635 633
f 781 780 640
f 781 640 639
f 631 640 771
f 771 640 780
f 774 782 773
f 773 782 775
f 778 779 783
f 783 779 784
f 785 641 635
f 778 785 635
f 783 785 778
f 786 642 641
f 786 641 785
f 787 643 642
f 787 642 786
f 787 645 643
f 646 781 639
f 646 788 781
f 783 784 789
f 789 784 790
f 783 791 785
f 783 789 791
f 785 792 786
f 785 791 792
f 786 793 787
f 786 792 793
f 794 647 645
f 787 794 645
f 793 794 787
f 794 795 647
f 795 646 647
f 795 788 646
f 790 796 789
f 798 797 796
f 797 789 796
f 797 791 789
f 791 799 792
f 791 797 799
f 792 800 793
f 792 799 800
f 793 801 794
f 793 800 801
f 795 794 802
f 794 803 802
f 794 801 803
f 803 804 802
f 807 806 805
f 809 808 805
f 805 808 807
f 808 809 798
f 809 797 798
f 809 810 797
f 797 811 799
f 797 810 811
f 799 812 800
f 799 811 812
f 800 813 801
f 800 812 813
f 801 814 803
f 801 813 814
f 804 803 815
f 815 803 814
f 806 816 805
f 818 817 816
f 817 805 816
f 817 809 805
f 809 819 810
f 809 817 819
f 810 820 811
f 810 819 820
f 811 821 812
f 811 820 821
f 812 822 813
f 812 821 822
f 813 823 814
f 813 822 823
f 815 814 824
f 824 814 823
f 818 825 817
f 827 826 825
f 826 817 825
f 826 819 817
f 819 828 820
f 819 826 828
f 820 829 821
f 820 828 829
f 831 822 830
f 822 829 830
f 822 821 829
f 822 831 823
f 823 831 832
f 823 832 824
f 827 833 826
f 826 833 828
f 828 833 834
f 828 834 829
f 829 834 835
f 829 835 830
f 836 649 650
f 652 836 650
f 837 654 655
f 837 655 838
f 655 839 838
f 655 656 839
f 656 649 836
f 840 656 836
f 839 656 840
f 842 840 841
f 841 840 657
f 840 836 657
f 836 652 657
f 659 841 657
f 844 843 837
f 843 654 837
f 843 661 654
f 844 837 838
f 845 842 841
f 847 845 846
f 846 845 662
f 845 841 662
f 841 659 662
f 664 846 662
f 843 666 661
f 848 666 843
f 849 847 846
f 851 849 850
f 850 849 667
f 849 846 667
f 846 664 667
f 668 852 667
f 667 852 850
f 670 852 668
f 854 853 676
f 676 853 675
f 676 666 848
f 676 848 854
f 855 851 850
f 857 856 855
f 850 857 855
f 852 857 850
f 678 857 670
f 670 857 852
f 858 679 680
f 858 680 859
f 680 860 859
f 680 681 860
f 862 860 861
f 860 682 861
f 860 681 682
f 684 861 682
f 865 864 863
f 853 865 863
f 685 853 863
f 675 853 685
f 866 856 857
f 866 857 678
f 686 866 678
f 867 866 686
f 686 679 858
f 868 686 858
f 867 686 868
f 868 858 859
f 862 861 869
f 862 869 870
f 688 869 684
f 684 869 861
f 863 864 871
f 871 864 872
f 871 689 685
f 871 685 863
f 870 869 873
f 870 873 874
f 691 873 688
f 688 873 869
f 871 872 694
f 872 693 694
f 872 875 693
f 871 694 689
f 874 873 876
f 874 876 877
f 696 876 691
f 691 876 873
f 875 698 693
f 878 698 875
f 877 876 879
f 877 879 880
f 700 879 696
f 696 879 876
f 701 698 881
f 698 882 881
f 698 878 882
f 881 702 701
f 883 880 879
f 879 700 883
f 700 884 883
f 700 704 884
f 881 882 885
f 885 882 886
f 885 705 702
f 885 702 881
f 704 706 887
f 888 704 887
f 884 704 888
f 707 887 706
f 885 886 889
f 889 886 890
f 889 708 705
f 889 705 885
f 888 887 709
f 710 888 709
f 891 888 710
f 709 887 707
f 889 890 892
f 892 890 893
f 892 711 708
f 892 708 889
f 712 891 710
f 712 894 891
f 892 893 895
f 895 893 896
f 895 713 711
f 895 711 892
f 714 894 712
f 714 897 894
f 895 896 898
f 898 896 899
f 900 715 713
f 895 900 713
f 898 900 895
f 900 716 715
f 717 897 714
f 717 901 897
f 899 902 898
f 904 903 902
f 903 898 902
f 903 900 898
f 903 718 716
f 903 716 900
f 719 901 717
f 719 905 901
f 903 904 722
f 904 721 722
f 904 906 721
f 903 722 718
f 724 905 719
f 724 907 905
f 906 726 721
f 908 726 906
f 911 910 909
f 910 907 909
f 907 728 909
f 907 724 728
f 729 726 912
f 726 913 912
f 726 908 913
f 912 730 729
f 911 909 914
f 911 914 915
f 732 914 728
f 728 914 909
f 912 913 916
f 916 913 917
f 916 733 730
f 916 730 912
f 915 914 918
f 915 918 919
f 735 918 732
f 732 918 914
f 916 917 738
f 917 737 738
f 917 920 737
f 916 738 733
f 921 919 918
f 918 735 921
f 735 922 921
f 735 741 922
f 920 923 737
f 737 923 742
f 744 742 923
f 744 923 924
f 746 925 747
f 925 749 747
f 751 922 741
f 751 926 922
f 924 753 744
f 927 753 924
f 755 928 925
f 755 925 746
f 929 756 749
f 925 929 749
f 928 929 925
f 929 758 756
f 760 926 751
f 760 930 926
f 927 762 753
f 931 762 927
f 763 932 764
f 767 928 755
f 765 764 932
f 928 767 768
f 928 768 929
f 929 768 758
f 771 930 760
f 771 933 930
f 772 762 934
f 762 935 934
f 762 931 935
f 932 763 772
f 934 932 772
f 936 932 934
f 936 774 765
f 936 765 932
f 775 937 776
f 938 777 776
f 938 776 937
f 938 779 777
f 781 939 780
f 939 940 780
f 940 771 780
f 940 933 771
f 934 935 941
f 941 935 942
f 934 943 936
f 934 941 943
f 944 782 774
f 936 944 774
f 943 944 936
f 937 775 782
f 944 937 782
f 945 937 944
f 937 946 938
f 937 945 946
f 946 784 779
f 946 779 938
f 948 947 939
f 781 948 939
f 788 948 781
f 939 947 940
f 941 942 949
f 949 942 950
f 941 951 943
f 941 949 951
f 943 952 944
f 943 951 952
f 944 953 945
f 944 952 953
f 945 954 946
f 945 953 954
f 954 790 784
f 954 784 946
f 795 956 955
f 948 795 955
f 788 795 948
f 956 957 955
f 950 958 949
f 960 959 958
f 959 949 958
f 959 951 949
f 951 961 952
f 951 959 961
f 952 962 953
f 952 961 962
f 953 963 954
f 953 962 963
f 964 796 790
f 954 964 790
f 963 964 954
f 964 798 796
f 802 956 795
f 802 804 956
f 804 957 956
f 804 965 957
f 959 960 966
f 966 960 967
f 959 968 961
f 959 966 968
f 961 969 962
f 961 968 969
f 969 806 807
f 963 969 807
f 962 969 963
f 963 807 808
f 963 808 964
f 964 808 798
f 815 965 804
f 815 970 965
f 966 967 971
f 971 967 972
f 974 968 973
f 968 971 973
f 968 966 971
f 968 974 969
f 969 974 975
f 975 977 976
f 975 976 816
f 969 975 816
f 806 969 816
f 976 818 816
f 980 979 978
f 979 970 978
f 970 824 978
f 970 815 824
f 972 981 971
f 971 981 973
f 977 982 976
f 982 984 983
f 982 983 825
f 976 982 825
f 818 976 825
f 983 827 825
f 830 985 831
f 986 980 978
f 831 986 978
f 832 831 978
f 986 831 985
f 832 978 824
f 984 987 983
f 983 987 827
f 987 833 827
f 987 988 833
f 833 989 834
f 988 989 833
f 834 990 835
f 989 990 834
f 830 835 985
f 835 991 985
f 835 990 991
f 985 991 986
f 992 838 839
f 840 993 839
f 839 993 992
f 842 993 840
f 994 843 844
f 838 992 844
f 992 994 844
f 992 995 994
f 996 992 993
f 995 992 996
f 845 997 842
f 997 993 842
f 997 996 993
f 847 997 845
f 999 998 994
f 998 843 994
f 998 848 843
f 999 994 995
f 999 995 1000
f 1002 1001 1000
f 995 1002 1000
f 996 1002 995
f 1003 996 997
f 1002 996 1003
f 849 1004 847
f 1004 997 847
f 1004 1003 997
f 851 1004 849
f 1006 1005 854
f 854 1005 853
f 854 848 998
f 854 998 1006
f 1007 1001 1002
f 1007 1002 1003
f 1007 1003 1008
f 1010 1009 1008
f 1003 1010 1008
f 1004 1010 1003
f 855 1011 851
f 1011 1004 851
f 1011 1010 1004
f 856 1011 855
f 1012 859 860
f 862 1012 860
f 1013 864 865
f 1014 1013 865
f 853 1014 865
f 1005 1014 853
f 1015 1009 1010
f 1015 1010 1011
f 1015 1011 1016
f 1016 1011 856
f 866 1016 856
f 1017 1016 866
f 1018 866 867
f 1018 1017 866
f 1019 867 868
f 1019 1018 867
f 868 859 1012
f 1020 868 1012
f 1019 868 1020
f 1012 862 1020
f 862 1021 1020
f 862 870 1021
f 1022 872 1013
f 1013 872 864
f 1013 1014 1023
f 1013 1023 1022
f 874 1021 870
f 874 1024 1021
f 1026 1025 1022
f 1025 872 1022
f 1025 875 872
f 1026 1022 1023
f 877 1024 874
f 877 1027 1024
f 1025 878 875
f 1028 878 1025
f 880 1027 877
f 880 1029 1027
f 1028 882 878
f 1030 882 1028
f 880 883 1031
f 1032 880 1031
f 1029 880 1032
f 884 1031 883
f 1030 886 882
f 1033 886 1030
f 1034 1032 1031
f 1031 884 1034
f 884 1035 1034
f 884 888 1035
f 1033 890 886
f 1036 890 1033
f 891 1035 888
f 891 1037 1035
f 1036 893 890
f 1038 893 1036
f 894 1037 891
f 894 1039 1037
f 1038 896 893
f 1040 896 1038
f 897 1039 894
f 897 1041 1039
f 1040 899 896
f 1042 899 1040
f 901 1041 897
f 901 1043 1041
f 1042 1044 899
f 899 1044 902
f 904 902 1044
f 904 1044 1045
f 905 1043 901
f 905 1046 1043
f 1045 906 904
f 1047 906 1045
f 907 1046 905
f 907 1048 1046
f 1047 908 906
f 1049 908 1047
f 911 1050 910
f 1050 1051 910
f 1051 907 910
f 1051 1048 907
f 1049 913 908
f 1052 913 1049
f 1054 1053 1050
f 911 1054 1050
f 915 1054 911
f 1050 1053 1051
f 1052 917 913
f 1055 917 1052
f 919 1054 915
f 919 1056 1054
f 1055 920 917
f 1057 920 1055
f 919 921 1058
f 1059 919 1058
f 1056 919 1059
f 922 1058 921
f 923 920 1060
f 920 1061 1060
f 920 1057 1061
f 1060 924 923
f 1062 1059 1058
f 1058 922 1062
f 922 1063 1062
f 922 926 1063
f 1060 1061 1064
f 1064 1061 1065
f 1064 927 924
f 1064 924 1060
f 930 1063 926
f 930 1066 1063
f 1065 1067 1064
f 927 1064 1067
f 1068 927 1067
f 931 927 1068
f 933 1066 930
f 933 1069 1066
f 1068 935 931
f 1070 935 1068
f 940 1069 933
f 940 1071 1069
f 1070 942 935
f 1072 942 1070
f 948 1073 947
f 1073 1074 947
f 1074 940 947
f 1074 1071 940
f 1072 950 942
f 1075 950 1072
f 955 1073 948
f 955 957 1073
f 957 1074 1073
f 957 1076 1074
f 958 950 1077
f 950 1078 1077
f 950 1075 1078
f 1077 960 958
f 965 1076 957
f 965 1079 1076
f 1078 1080 1077
f 960 1077 1080
f 1081 960 1080
f 967 960 1081
f 970 1079 965
f 970 1082 1079
f 1081 972 967
f 1083 972 1081
f 973 1084 974
f 1085 975 974
f 1085 974 1084
f 1085 977 975
f 980 1086 979
f 1086 1087 979
f 1087 970 979
f 1087 1082 970
f 981 972 1088
f 972 1089 1088
f 972 1083 1089
f 1088 1090 981
f 981 1090 973
f 1090 1091 973
f 1091 1084 973
f 1084 1091 1085
f 1085 1091 1092
f 1092 1094 1093
f 1092 1093 982
f 1085 1092 982
f 977 1085 982
f 1093 984 982
f 1096 1095 1086
f 980 1096 1086
f 986 1096 980
f 1086 1095 1087
f 1088 1089 1097
f 1097 1089 1098
f 1090 1088 1099
f 1088 1100 1099
f 1088 1097 1100
f 1102 1101 1100
f 1100 1101 1099
f 1104 1103 1102
f 1103 1093 1102
f 1094 1101 1102
f 1094 1102 1093
f 1103 1106 1105
f 1103 1105 987
f 1093 1103 987
f 984 1093 987
f 1107 988 987
f 1107 987 1105
f 1108 989 988
f 1108 988 1107
f 1109 990 989
f 1109 989 1108
f 990 1109 1110
f 1111 990 1110
f 991 990 1111
f 986 991 1096
f 1096 991 1111
f 1098 1112 1097
f 1114 1113 1112
f 1113 1097 1112
f 1113 1100 1097
f 1116 1102 1115
f 1102 1113 1115
f 1102 1100 1113
f 1102 1116 1104
f 1106 1117 1105
f 1105 1117 1107
f 1107 1117 1118
f 1107 1118 1108
f 1108 1118 1119
f 1108 1119 1109
f 1109 1119 1120
f 1109 1120 1110
f 1114 1121 1113
f 1113 1121 1115
f 1122 998 999
f 1000 1123 999
f 999 1123 1122
f 1001 1123 1000
f 1125 1124 1006
f 1006 1124 1005
f 1006 998 1122
f 1126 1006 1122
f 1125 1006 1126
f 1126 1122 1123
f 1126 1123 1127
f 1127 1123 1001
f 1007 1127 1001
f 1128 1127 1007
f 1130 1128 1129
f 1128 1008 1129
f 1128 1007 1008
f 1009 1129 1008
f 1133 1132 1131
f 1135 1134 1131
f 1131 1134 1133
f 1135 1136 1134
f 1139 1138 1137
f 1124 1139 1137
f 1014 1124 1137
f 1005 1124 1014
f 1140 1130 1129
f 1140 1129 1009
f 1015 1140 1009
f 1141 1140 1015
f 1142 1015 1016
f 1142 1141 1015
f 1017 1131 1132
f 1142 1017 1132
f 1016 1017 1142
f 1131 1017 1018
f 1131 1018 1135
f 1143 1136 1135
f 1018 1143 1135
f 1019 1143 1018
f 1145 1143 1144
f 1143 1020 1144
f 1143 1019 1020
f 1021 1144 1020
f 1137 1138 1146
f 1146 1138 1147
f 1146 1023 1014
f 1146 1014 1137
f 1145 1144 1148
f 1145 1148 1149
f 1024 1148 1021
f 1021 1148 1144
f 1146 1147 1026
f 1147 1025 1026
f 1147 1150 1025
f 1146 1026 1023
f 1149 1148 1151
f 1149 1151 1152
f 1027 1151 1024
f 1024 1151 1148
f 1154 1028 1153
f 1028 1150 1153
f 1028 1025 1150
f 1155 1154 1153
f 1156 1152 1151
f 1151 1027 1156
f 1027 1157 1156
f 1027 1029 1157
f 1158 1030 1154
f 1154 1030 1028
f 1154 1155 1159
f 1154 1159 1158
f 1032 1157 1029
f 1032 1160 1157
f 1161 1033 1158
f 1158 1033 1030
f 1158 1159 1162
f 1158 1162 1161
f 1032 1034 1163
f 1164 1032 1163
f 1160 1032 1164
f 1035 1163 1034
f 1165 1036 1161
f 1161 1036 1033
f 1161 1162 1166
f 1161 1166 1165
f 1164 1163 1167
f 1164 1167 1168
f 1037 1167 1035
f 1035 1167 1163
f 1169 1038 1165
f 1165 1038 1036
f 1165 1166 1170
f 1165 1170 1169
f 1168 1167 1171
f 1168 1171 1172
f 1039 1171 1037
f 1037 1171 1167
f 1173 1040 1169
f 1169 1040 1038
f 1169 1170 1174
f 1169 1174 1173
f 1172 1171 1175
f 1172 1175 1176
f 1041 1175 1039
f 1039 1175 1171
f 1177 1042 1173
f 1173 1042 1040
f 1173 1174 1178
f 1173 1178 1177
f 1179 1176 1175
f 1175 1041 1179
f 1041 1180 1179
f 1041 1043 1180
f 1177 1044 1042
f 1182 1181 1045
f 1182 1045 1044
f 1178 1182 1044
f 1177 1178 1044
f 1183 1181 1182
f 1046 1180 1043
f 1046 1184 1180
f 1185 1047 1181
f 1181 1047 1045
f 1181 1183 1186
f 1181 1186 1185
f 1048 1184 1046
f 1048 1187 1184
f 1188 1049 1185
f 1185 1049 1047
f 1185 1186 1189
f 1185 1189 1188
f 1051 1187 1048
f 1051 1190 1187
f 1191 1052 1188
f 1188 1052 1049
f 1188 1189 1192
f 1188 1192 1191
f 1054 1193 1053
f 1193 1194 1053
f 1194 1051 1053
f 1194 1190 1051
f 1195 1055 1191
f 1191 1055 1052
f 1191 1192 1196
f 1191 1196 1195
f 1056 1197 1193
f 1056 1193 1054
f 1194 1193 1198
f 1198 1193 1197
f 1199 1057 1195
f 1195 1057 1055
f 1195 1196 1200
f 1195 1200 1199
f 1202 1201 1197
f 1056 1202 1197
f 1059 1202 1056
f 1197 1201 1198
f 1203 1061 1199
f 1199 1061 1057
f 1199 1200 1204
f 1199 1204 1203
f 1059 1062 1205
f 1206 1059 1205
f 1202 1059 1206
f 1063 1205 1062
f 1208 1207 1203
f 1207 1061 1203
f 1207 1065 1061
f 1208 1203 1204
f 1206 1205 1209
f 1206 1209 1210
f 1066 1209 1063
f 1063 1209 1205
f 1067 1065 1211
f 1065 1212 1211
f 1065 1207 1212
f 1211 1068 1067
f 1210 1209 1213
f 1210 1213 1214
f 1069 1213 1066
f 1066 1213 1209
f 1212 1215 1211
f 1068 1211 1215
f 1216 1068 1215
f 1070 1068 1216
f 1214 1213 1217
f 1214 1217 1218
f 1071 1217 1069
f 1069 1217 1213
f 1216 1072 1070
f 1219 1072 1216
f 1218 1217 1220
f 1218 1220 1221
f 1074 1220 1071
f 1071 1220 1217
f 1219 1075 1072
f 1222 1075 1219
f 1221 1220 1223
f 1221 1223 1224
f 1076 1223 1074
f 1074 1223 1220
f 1222 1078 1075
f 1225 1078 1222
f 1224 1223 1226
f 1224 1226 1227
f 1079 1226 1076
f 1076 1226 1223
f 1080 1078 1228
f 1078 1229 1228
f 1078 1225 1229
f 1228 1081 1080
f 1227 1226 1230
f 1227 1230 1231
f 1082 1230 1079
f 1079 1230 1226
f 1228 1229 1232
f 1232 1229 1233
f 1232 1083 1081
f 1232 1081 1228
f 1231 1230 1234
f 1231 1234 1235
f 1087 1234 1082
f 1082 1234 1230
f 1233 1236 1232
f 1083 1232 1236
f 1237 1083 1236
f 1089 1083 1237
f 1090 1238 1091
f 1239 1092 1091
f 1239 1091 1238
f 1239 1094 1092
f 1235 1234 1095
f 1096 1235 1095
f 1240 1235 1096
f 1095 1234 1087
f 1237 1098 1089
f 1241 1098 1237
f 1099 1238 1090
f 1238 1099 1101
f 1238 1101 1239
f 1094 1239 1101
f 1103 1104 1242
f 1242 1106 1103
f 1110 1243 1111
f 1243 1244 1111
f 1244 1096 1111
f 1244 1240 1096
f 1241 1245 1098
f 1098 1245 1112
f 1114 1112 1245
f 1114 1245 1246
f 1115 1247 1116
f 1247 1248 1116
f 1116 1248 1104
f 1248 1249 1104
f 1249 1242 1104
f 1242 1249 1106
f 1249 1117 1106
f 1249 1250 1117
f 1117 1251 1118
f 1250 1251 1117
f 1118 1252 1119
f 1251 1252 1118
f 1119 1253 1120
f 1252 1253 1119
f 1110 1120 1243
f 1120 1254 1243
f 1120 1253 1254
f 1243 1254 1244
f 1246 1255 1114
f 1114 1255 1121
f 1115 1121 1247
f 1121 1256 1247
f 1121 1255 1256
f 1247 1256 1248
f 1258 1257 1125
f 1125 1257 1124
f 1259 1125 1126
f 1259 1258 1125
f 1260 1126 1127
f 1260 1259 1126
f 1262 1260 1261
f 1260 1128 1261
f 1260 1127 1128
f 1130 1261 1128
f 1265 1264 1263
f 1132 1133 1263
f 1133 1265 1263
f 1133 1266 1265
f 1268 1266 1267
f 1266 1134 1267
f 1266 1133 1134
f 1136 1267 1134
f 1270 1269 1139
f 1139 1269 1138
f 1139 1124 1257
f 1139 1257 1270
f 1271 1262 1261
f 1271 1261 1130
f 1140 1271 1130
f 1272 1271 1140
f 1273 1140 1141
f 1273 1272 1140
f 1142 1263 1264
f 1273 1142 1264
f 1141 1142 1273
f 1263 1142 1132
f 1274 1268 1267
f 1276 1274 1275
f 1275 1274 1143
f 1274 1267 1143
f 1267 1136 1143
f 1145 1275 1143
f 1269 1147 1138
f 1277 1147 1269
f 1276 1275 1278
f 1276 1278 1279
f 1149 1278 1145
f 1145 1278 1275
f 1277 1150 1147
f 1280 1150 1277
f 1281 1279 1278
f 1278 1149 1281
f 1149 1282 1281
f 1149 1152 1282
f 1153 1150 1283
f 1150 1284 1283
f 1150 1280 1284
f 1283 1155 1153
f 1152 1156 1285
f 1286 1152 1285
f 1282 1152 1286
f 1157 1285 1156
f 1283 1284 1287
f 1287 1284 1288
f 1287 1159 1155
f 1287 1155 1283
f 1286 1285 1289
f 1286 1289 1290
f 1160 1289 1157
f 1157 1289 1285
f 1287 1288 1291
f 1291 1288 1292
f 1291 1162 1159
f 1291 1159 1287
f 1293 1290 1289
f 1289 1160 1293
f 1160 1294 1293
f 1160 1164 1294
f 1291 1292 1295
f 1295 1292 1296
f 1295 1166 1162
f 1295 1162 1291
f 1168 1294 1164
f 1168 1297 1294
f 1296 1298 1295
f 1166 1295 1298
f 1299 1166 1298
f 1170 1166 1299
f 1172 1297 1168
f 1172 1300 1297
f 1299 1174 1170
f 1301 1174 1299
f 1176 1300 1172
f 1176 1302 1300
f 1305 1304 1303
f 1301 1305 1303
f 1178 1301 1303
f 1174 1301 1178
f 1176 1179 1306
f 1307 1176 1306
f 1302 1176 1307
f 1180 1306 1179
f 1304 1308 1303
f 1308 1310 1309
f 1308 1309 1182
f 1303 1308 1182
f 1178 1303 1182
f 1309 1183 1182
f 1307 1306 1311
f 1307 1311 1312
f 1184 1311 1180
f 1180 1311 1306
f 1309 1310 1313
f 1313 1310 1314
f 1313 1186 1183
f 1313 1183 1309
f 1312 1311 1315
f 1312 1315 1316
f 1187 1315 1184
f 1184 1315 1311
f 1313 1314 1317
f 1317 1314 1318
f 1317 1189 1186
f 1317 1186 1313
f 1321 1320 1319
f 1322 1319 1320
f 1316 1315 1323
f 1316 1323 1324
f 1190 1323 1187
f 1187 1323 1315
f 1318 1325 1317
f 1189 1317 1325
f 1326 1189 1325
f 1192 1189 1326
f 1321 1319 1327
f 1321 1327 1328
f 1319 1322 1329
f 1330 1319 1329
f 1327 1319 1330
f 1331 1330 1329
f 1324 1323 1332
f 1324 1332 1333
f 1194 1332 1190
f 1190 1332 1323
f 1335 1196 1334
f 1196 1326 1334
f 1196 1192 1326
f 1335 1334 1328
f 1327 1335 1328
f 1336 1335 1327
f 1337 1327 1330
f 1336 1327 1337
f 1330 1331 1338
f 1330 1338 1337
f 1333 1332 1339
f 1333 1339 1340
f 1198 1339 1194
f 1194 1339 1332
f 1342 1341 1335
f 1341 1196 1335
f 1341 1200 1196
f 1342 1335 1336
f 1342 1336 1343
f 1343 1336 1337
f 1343 1337 1344
f 1344 1337 1338
f 1340 1339 1201
f 1202 1340 1201
f 1345 1340 1202
f 1201 1339 1198
f 1341 1204 1200
f 1346 1204 1341
f 1206 1345 1202
f 1206 1347 1345
f 1348 1207 1208
f 1349 1348 1208
f 1204 1349 1208
f 1346 1349 1204
f 1210 1347 1206
f 1210 1350 1347
f 1351 1212 1348
f 1348 1212 1207
f 1348 1349 1352
f 1353 1348 1352
f 1351 1348 1353
f 1354 1353 1352
f 1214 1350 1210
f 1214 1355 1350
f 1351 1215 1212
f 1215 1351 1216
f 1351 1356 1216
f 1351 1353 1356
f 1353 1354 1357
f 1353 1357 1356
f 1218 1355 1214
f 1218 1358 1355
f 1360 1359 1356
f 1359 1216 1356
f 1359 1219 1216
f 1360 1356 1357
f 1221 1358 1218
f 1221 1361 1358
f 1359 1222 1219
f 1362 1222 1359
f 1224 1361 1221
f 1224 1363 1361
f 1362 1225 1222
f 1364 1225 1362
f 1227 1363 1224
f 1227 1365 1363
f 1364 1229 1225
f 1366 1229 1364
f 1231 1365 1227
f 1231 1367 1365
f 1366 1233 1229
f 1368 1233 1366
f 1235 1367 1231
f 1235 1369 1367
f 1368 1370 1233
f 1233 1370 1236
f 1237 1236 1370
f 1237 1370 1371
f 1240 1369 1235
f 1240 1372 1369
f 1371 1241 1237
f 1373 1241 1371
f 1244 1372 1240
f 1244 1374 1372
f 1373 1375 1241
f 1241 1375 1245
f 1246 1245 1375
f 1246 1375 1376
f 1379 1378 1377
f 1249 1248 1377
f 1378 1249 1377
f 1380 1249 1378
f 1249 1381 1250
f 1380 1381 1249
f 1250 1382 1251
f 1381 1382 1250
f 1251 1383 1252
f 1382 1383 1251
f 1252 1384 1253
f 1383 1384 1252
f 1253 1385 1254
f 1384 1385 1253
f 1244 1254 1374
f 1374 1254 1385
f 1376 1386 1246
f 1246 1386 1255
f 1377 1256 1379
f 1256 1386 1379
f 1256 1255 1386
f 1256 1377 1248
f 1388 1387 1258
f 1258 1387 1257
f 1389 1258 1259
f 1389 1388 1258
f 1391 1389 1390
f 1389 1260 1390
f 1389 1259 1260
f 1262 1390 1260
f 1394 1393 1392
f 1396 1395 1392
f 1392 1395 1394
f 1264 1265 1396
f 1265 1395 1396
f 1265 1397 1395
f 1399 1397 1398
f 1397 1266 1398
f 1397 1265 1266
f 1268 1398 1266
f 1401 1400 1270
f 1270 1400 1269
f 1270 1257 1387
f 1270 1387 1401
f 1402 1391 1390
f 1402 1390 1262
f 1271 1402 1262
f 1403 1402 1271
f 1272 1392 1393
f 1403 1272 1393
f 1271 1272 1403
f 1392 1272 1273
f 1392 1273 1396
f 1396 1273 1264
f 1404 1399 1398
f 1406 1404 1405
f 1405 1404 1274
f 1404 1398 1274
f 1398 1268 1274
f 1276 1405 1274
f 1400 1277 1269
f 1407 1277 1400
f 1406 1405 1408
f 1406 1408 1409
f 1279 1408 1276
f 1276 1408 1405
f 1407 1280 1277
f 1410 1280 1407
f 1411 1409 1408
f 1413 1411 1412
f 1412 1411 1281
f 1411 1408 1281
f 1408 1279 1281
f 1282 1412 1281
f 1416 1415 1414
f 1410 1416 1414
f 1284 1410 1414
f 1280 1410 1284
f 1413 1412 1417
f 1413 1417 1418
f 1286 1417 1282
f 1282 1417 1412
f 1414 1415 1419
f 1419 1415 1420
f 1419 1288 1284
f 1419 1284 1414
f 1421 1418 1417
f 1417 1286 1421
f 1286 1422 1421
f 1286 1290 1422
f 1420 1423 1419
f 1288 1419 1423
f 1424 1288 1423
f 1292 1288 1424
f 1290 1293 1425
f 1426 1290 1425
f 1422 1290 1426
f 1294 1425 1293
f 1424 1296 1292
f 1427 1296 1424
f 1428 1426 1425
f 1425 1294 1428
f 1294 1429 1428
f 1294 1297 1429
f 1427 1430 1296
f 1296 1430 1298
f 1299 1298 1430
f 1299 1430 1431
f 1300 1429 1297
f 1300 1432 1429
f 1431 1301 1299
f 1433 1301 1431
f 1436 1435 1434
f 1435 1432 1434
f 1432 1302 1434
f 1432 1300 1302
f 1438 1437 1305
f 1305 1437 1304
f 1305 1301 1433
f 1305 1433 1438
f 1436 1434 1439
f 1436 1439 1440
f 1307 1439 1302
f 1302 1439 1434
f 1308 1304 1441
f 1304 1442 1441
f 1304 1437 1442
f 1441 1310 1308
f 1440 1439 1443
f 1440 1443 1444
f 1312 1443 1307
f 1307 1443 1439
f 1441 1442 1445
f 1445 1442 1446
f 1445 1314 1310
f 1445 1310 1441
f 1447 1444 1443
f 1443 1312 1447
f 1312 1448 1447
f 1312 1316 1448
f 1446 1449 1445
f 1314 1445 1449
f 1450 1314 1449
f 1318 1314 1450
f 1321 1451 1320
f 1451 1322 1320
f 1324 1448 1316
f 1324 1452 1448
f 1325 1318 1453
f 1318 1454 1453
f 1318 1450 1454
f 1453 1326 1325
f 1328 1455 1451
f 1328 1451 1321
f 1456 1329 1322
f 1451 1456 1322
f 1455 1456 1451
f 1456 1331 1329
f 1333 1452 1324
f 1333 1457 1452
f 1453 1454 1458
f 1458 1454 1459
f 1460 1334 1326
f 1453 1460 1326
f 1458 1460 1453
f 1455 1328 1334
f 1460 1455 1334
f 1461 1455 1460
f 1455 1462 1456
f 1455 1461 1462
f 1462 1338 1331
f 1462 1331 1456
f 1465 1464 1463
f 1464 1457 1463
f 1457 1340 1463
f 1457 1333 1340
f 1459 1466 1458
f 1467 1341 1342
f 1458 1467 1342
f 1460 1458 1342
f 1466 1467 1458
f 1460 1342 1343
f 1460 1343 1461
f 1461 1343 1344
f 1461 1344 1462
f 1462 1344 1338
f 1465 1463 1468
f 1465 1468 1469
f 1345 1468 1340
f 1340 1468 1463
f 1467 1346 1341
f 1470 1346 1467
f 1473 1472 1471
f 1471 1472 1469
f 1468 1471 1469
f 1474 1471 1468
f 1347 1474 1345
f 1345 1474 1468
f 1477 1476 1475
f 1470 1477 1475
f 1349 1470 1475
f 1346 1470 1349
f 1473 1471 1478
f 1473 1478 1479
f 1480 1471 1474
f 1478 1471 1480
f 1350 1480 1347
f 1347 1480 1474
f 1476 1481 1475
f 1481 1483 1482
f 1481 1482 1352
f 1475 1481 1352
f 1349 1475 1352
f 1482 1354 1352
f 1479 1478 1484
f 1479 1484 1485
f 1486 1478 1480
f 1484 1478 1486
f 1355 1486 1350
f 1350 1486 1480
f 1482 1483 1487
f 1487 1483 1488
f 1487 1357 1354
f 1487 1354 1482
f 1489 1485 1484
f 1491 1490 1489
f 1484 1491 1489
f 1486 1491 1484
f 1358 1491 1355
f 1355 1491 1486
f 1487 1488 1360
f 1488 1359 1360
f 1488 1492 1359
f 1487 1360 1357
f 1490 1491 1493
f 1490 1493 1494
f 1361 1493 1358
f 1358 1493 1491
f 1492 1362 1359
f 1495 1362 1492
f 1494 1493 1496
f 1494 1496 1497
f 1363 1496 1361
f 1361 1496 1493
f 1495 1364 1362
f 1498 1364 1495
f 1497 1496 1499
f 1497 1499 1500
f 1365 1499 1363
f 1363 1499 1496
f 1498 1366 1364
f 1501 1366 1498
f 1500 1499 1502
f 1500 1502 1503
f 1367 1502 1365
f 1365 1502 1499
f 1505 1368 1504
f 1368 1501 1504
f 1368 1366 1501
f 1506 1505 1504
f 1503 1502 1507
f 1503 1507 1508
f 1369 1507 1367
f 1367 1507 1502
f 1505 1370 1368
f 1371 1370 1505
f 1506 1371 1505
f 1509 1371 1506
f 1508 1507 1510
f 1508 1510 1511
f 1372 1510 1369
f 1369 1510 1507
f 1513 1373 1512
f 1373 1509 1512
f 1373 1371 1509
f 1514 1513 1512
f 1511 1510 1515
f 1511 1515 1516
f 1374 1515 1372
f 1372 1515 1510
f 1513 1375 1373
f 1518 1517 1376
f 1518 1376 1375
f 1514 1518 1375
f 1513 1514 1375
f 1378 1379 1517
f 1518 1378 1517
f 1519 1378 1518
f 1378 1520 1380
f 1519 1520 1378
f 1380 1521 1381
f 1520 1521 1380
f 1381 1522 1382
f 1521 1522 1381
f 1382 1523 1383
f 1522 1523 1382
f 1383 1524 1384
f 1523 1524 1383
f 1515 1385 1516
f 1385 1524 1516
f 1385 1384 1524
f 1385 1515 1374
f 1517 1386 1376
f 1386 1517 1379
f 1527 1526 1525
f 1387 1388 1525
f 1388 1527 1525
f 1388 1528 1527
f 1529 1388 1389
f 1529 1528 1388
f 1389 1391 1529
f 1529 1391 1530
f 1531 1393 1394
f 1395 1532 1394
f 1394 1532 1531
f 1397 1533 1395
f 1395 1533 1532
f 1399 1533 1397
f 1525 1526 1401
f 1526 1400 1401
f 1526 1534 1400
f 1525 1401 1387
f 1535 1530 1391
f 1535 1391 1402
f 1536 1402 1403
f 1536 1535 1402
f 1403 1393 1531
f 1537 1403 1531
f 1536 1403 1537
f 1537 1531 1532
f 1537 1532 1538
f 1540 1539 1538
f 1532 1540 1538
f 1533 1540 1532
f 1404 1541 1399
f 1541 1533 1399
f 1541 1540 1533
f 1406 1541 1404
f 1534 1407 1400
f 1542 1407 1534
f 1539 1540 1543
f 1539 1543 1544
f 1545 1540 1541
f 1543 1540 1545
f 1409 1545 1406
f 1406 1545 1541
f 1542 1410 1407
f 1546 1410 1542
f 1547 1544 1543
f 1547 1543 1545
f 1547 1545 1548
f 1550 1548 1549
f 1549 1548 1411
f 1548 1545 1411
f 1545 1409 1411
f 1413 1549 1411
f 1551 1415 1416
f 1552 1551 1416
f 1410 1552 1416
f 1546 1552 1410
f 1553 1550 1549
f 1549 1413 1553
f 1413 1554 1553
f 1413 1418 1554
f 1556 1555 1551
f 1555 1415 1551
f 1555 1420 1415
f 1556 1551 1552
f 1418 1421 1557
f 1558 1418 1557
f 1554 1418 1558
f 1422 1557 1421
f 1423 1420 1559
f 1420 1560 1559
f 1420 1555 1560
f 1559 1424 1423
f 1561 1558 1557
f 1557 1422 1561
f 1422 1562 1561
f 1422 1426 1562
f 1559 1560 1563
f 1563 1560 1564
f 1563 1427 1424
f 1563 1424 1559
f 1426 1428 1565
f 1566 1426 1565
f 1562 1426 1566
f 1429 1565 1428
f 1563 1564 1567
f 1567 1564 1568
f 1569 1430 1427
f 1563 1569 1427
f 1567 1569 1563
f 1569 1431 1430
f 1566 1565 1570
f 1566 1570 1571
f 1432 1570 1429
f 1429 1570 1565
f 1567 1568 1572
f 1572 1568 1573
f 1567 1574 1569
f 1567 1572 1574
f 1574 1433 1431
f 1574 1431 1569
f 1577 1576 1575
f 1575 1576 1571
f 1575 1571 1570
f 1436 1575 1570
f 1435 1436 1570
f 1435 1570 1432
f 1572 1573 1578
f 1578 1573 1579
f 1578 1437 1438
f 1574 1578 1438
f 1572 1578 1574
f 1574 1438 1433
f 1580 1577 1575
f 1575 1436 1580
f 1436 1581 1580
f 1436 1440 1581
f 1578 1579 1582
f 1582 1579 1583
f 1582 1442 1437
f 1582 1437 1578
f 1444 1581 1440
f 1444 1584 1581
f 1582 1583 1585
f 1585 1583 1586
f 1585 1446 1442
f 1585 1442 1582
f 1444 1447 1587
f 1588 1444 1587
f 1584 1444 1588
f 1448 1587 1447
f 1586 1589 1585
f 1589 1591 1590
f 1589 1590 1449
f 1585 1589 1449
f 1446 1585 1449
f 1590 1450 1449
f 1588 1587 1592
f 1588 1592 1593
f 1452 1592 1448
f 1448 1592 1587
f 1590 1591 1594
f 1594 1591 1595
f 1594 1454 1450
f 1594 1450 1590
f 1593 1592 1596
f 1593 1596 1597
f 1457 1596 1452
f 1452 1596 1592
f 1594 1595 1598
f 1598 1595 1599
f 1598 1459 1454
f 1598 1454 1594
f 1602 1601 1600
f 1600 1601 1597
f 1600 1597 1596
f 1465 1600 1596
f 1464 1465 1596
f 1464 1596 1457
f 1599 1603 1598
f 1603 1605 1604
f 1603 1604 1466
f 1598 1603 1466
f 1459 1598 1466
f 1604 1467 1466
f 1608 1607 1606
f 1606 1607 1602
f 1600 1606 1602
f 1609 1606 1600
f 1469 1609 1465
f 1465 1609 1600
f 1604 1605 1610
f 1610 1605 1611
f 1610 1470 1467
f 1610 1467 1604
f 1608 1606 1612
f 1608 1612 1613
f 1473 1612 1472
f 1612 1609 1472
f 1612 1606 1609
f 1472 1609 1469
f 1610 1611 1477
f 1611 1476 1477
f 1611 1614 1476
f 1610 1477 1470
f 1615 1613 1612
f 1612 1473 1615
f 1473 1616 1615
f 1473 1479 1616
f 1481 1476 1617
f 1476 1618 1617
f 1476 1614 1618
f 1617 1483 1481
f 1485 1616 1479
f 1485 1619 1616
f 1617 1618 1620
f 1620 1618 1621
f 1620 1488 1483
f 1620 1483 1617
f 1485 1489 1622
f 1623 1485 1622
f 1619 1485 1623
f 1490 1622 1489
f 1621 1624 1620
f 1488 1620 1624
f 1625 1488 1624
f 1492 1488 1625
f 1626 1623 1622
f 1622 1490 1626
f 1490 1627 1626
f 1490 1494 1627
f 1625 1495 1492
f 1628 1495 1625
f 1497 1627 1494
f 1497 1629 1627
f 1628 1498 1495
f 1630 1498 1628
f 1500 1629 1497
f 1500 1631 1629
f 1630 1501 1498
f 1632 1501 1630
f 1635 1634 1633
f 1634 1631 1633
f 1631 1503 1633
f 1631 1500 1503
f 1632 1636 1501
f 1501 1636 1504
f 1506 1504 1636
f 1506 1636 1637
f 1635 1633 1638
f 1635 1638 1639
f 1508 1638 1503
f 1503 1638 1633
f 1637 1509 1506
f 1640 1509 1637
f 1639 1638 1641
f 1639 1641 1642
f 1511 1641 1508
f 1508 1641 1638
f 1640 1643 1509
f 1509 1643 1512
f 1514 1512 1643
f 1514 1643 1644
f 1647 1646 1645
f 1649 1648 1645
f 1649 1645 1646
f 1650 1648 1649
f 1653 1652 1651
f 1651 1652 1642
f 1641 1651 1642
f 1654 1651 1641
f 1516 1654 1511
f 1511 1654 1641
f 1644 1655 1514
f 1514 1655 1518
f 1645 1519 1647
f 1519 1655 1647
f 1519 1518 1655
f 1519 1645 1520
f 1520 1645 1648
f 1650 1656 1648
f 1656 1520 1648
f 1656 1521 1520
f 1521 1657 1522
f 1656 1657 1521
f 1651 1523 1653
f 1523 1657 1653
f 1523 1522 1657
f 1523 1651 1524
f 1524 1651 1654
f 1524 1654 1516
f 1658 1526 1527
f 1528 1659 1527
f 1527 1659 1658
f 1529 1660 1528
f 1528 1660 1659
f 1530 1660 1529
f 1662 1661 1658
f 1661 1526 1658
f 1661 1534 1526
f 1662 1658 1659
f 1662 1659 1663
f 1663 1659 1660
f 1663 1660 1664
f 1664 1660 1530
f 1535 1664 1530
f 1665 1664 1535
f 1666 1535 1536
f 1666 1665 1535
f 1668 1666 1667
f 1666 1537 1667
f 1666 1536 1537
f 1538 1669 1537
f 1537 1669 1667
f 1539 1669 1538
f 1661 1542 1534
f 1670 1542 1661
f 1671 1668 1667
f 1671 1667 1669
f 1671 1669 1672
f 1669 1539 1672
f 1539 1673 1672
f 1539 1544 1673
f 1670 1546 1542
f 1674 1546 1670
f 1544 1547 1675
f 1676 1544 1675
f 1673 1544 1676
f 1548 1677 1547
f 1547 1677 1675
f 1550 1677 1548
f 1674 1552 1546
f 1678 1552 1674
f 1679 1676 1675
f 1681 1680 1679
f 1675 1681 1679
f 1677 1681 1675
f 1553 1682 1550
f 1682 1677 1550
f 1682 1681 1677
f 1554 1682 1553
f 1683 1555 1556
f 1684 1683 1556
f 1552 1684 1556
f 1678 1684 1552
f 1685 1680 1681
f 1687 1686 1685
f 1681 1687 1685
f 1682 1687 1681
f 1558 1687 1554
f 1554 1687 1682
f 1689 1688 1683
f 1688 1555 1683
f 1688 1560 1555
f 1689 1683 1684
f 1686 1687 1690
f 1686 1690 1691
f 1561 1692 1558
f 1692 1687 1558
f 1692 1690 1687
f 1562 1692 1561
f 1688 1564 1560
f 1693 1564 1688
f 1694 1691 1690
f 1696 1695 1694
f 1690 1696 1694
f 1692 1696 1690
f 1566 1696 1562
f 1562 1696 1692
f 1699 1698 1697
f 1693 1699 1697
f 1568 1693 1697
f 1564 1693 1568
f 1695 1696 1700
f 1695 1700 1701
f 1571 1700 1566
f 1566 1700 1696
f 1697 1698 1702
f 1702 1698 1703
f 1702 1573 1568
f 1702 1568 1697
f 1701 1700 1576
f 1577 1701 1576
f 1704 1701 1577
f 1576 1700 1571
f 1703 1705 1702
f 1573 1702 1705
f 1706 1573 1705
f 1579 1573 1706
f 1707 1704 1577
f 1707 1577 1580
f 1580 1581 1707
f 1707 1581 1708
f 1706 1583 1579
f 1709 1583 1706
f 1584 1708 1581
f 1584 1710 1708
f 1709 1586 1583
f 1711 1586 1709
f 1588 1710 1584
f 1588 1712 1710
f 1589 1586 1713
f 1586 1714 1713
f 1586 1711 1714
f 1713 1591 1589
f 1593 1716 1715
f 1712 1593 1715
f 1588 1593 1712
f 1716 1717 1715
f 1714 1718 1713
f 1591 1713 1718
f 1719 1591 1718
f 1595 1591 1719
f 1722 1721 1720
f 1721 1723 1716
f 1597 1721 1716
f 1593 1597 1716
f 1720 1721 1597
f 1716 1723 1717
f 1719 1599 1595
f 1724 1599 1719
f 1722 1720 1601
f 1602 1722 1601
f 1725 1722 1602
f 1601 1720 1597
f 1603 1599 1726
f 1599 1727 1726
f 1599 1724 1727
f 1726 1605 1603
f 1729 1728 1607
f 1729 1607 1608
f 1602 1607 1725
f 1725 1607 1728
f 1726 1727 1730
f 1730 1727 1731
f 1730 1611 1605
f 1730 1605 1726
f 1613 1729 1608
f 1613 1732 1729
f 1730 1731 1733
f 1733 1731 1734
f 1733 1614 1611
f 1733 1611 1730
f 1737 1736 1735
f 1738 1735 1615
f 1735 1732 1615
f 1732 1613 1615
f 1732 1735 1736
f 1616 1738 1615
f 1733 1734 1739
f 1739 1734 1740
f 1739 1618 1614
f 1739 1614 1733
f 1741 1737 1735
f 1743 1742 1741
f 1735 1743 1741
f 1738 1743 1735
f 1619 1743 1616
f 1616 1743 1738
f 1740 1744 1739
f 1618 1739 1744
f 1745 1618 1744
f 1621 1618 1745
f 1742 1743 1746
f 1742 1746 1747
f 1623 1746 1619
f 1619 1746 1743
f 1745 1748 1621
f 1621 1748 1624
f 1625 1624 1748
f 1625 1748 1749
f 1747 1746 1750
f 1747 1750 1751
f 1626 1752 1623
f 1752 1746 1623
f 1752 1750 1746
f 1627 1752 1626
f 1749 1628 1625
f 1753 1628 1749
f 1751 1750 1754
f 1751 1754 1755
f 1756 1750 1752
f 1754 1750 1756
f 1629 1756 1627
f 1627 1756 1752
f 1753 1630 1628
f 1757 1630 1753
f 1758 1755 1754
f 1760 1759 1758
f 1754 1760 1758
f 1756 1760 1754
f 1631 1760 1629
f 1629 1760 1756
f 1757 1632 1630
f 1761 1632 1757
f 1759 1760 1634
f 1635 1759 1634
f 1762 1759 1635
f 1634 1760 1631
f 1761 1763 1632
f 1632 1763 1636
f 1637 1636 1763
f 1637 1763 1764
f 1767 1766 1765
f 1769 1768 1765
f 1769 1765 1766
f 1769 1762 1768
f 1762 1639 1768
f 1762 1635 1639
f 1764 1640 1637
f 1770 1640 1764
f 1773 1772 1771
f 1771 1772 1767
f 1765 1771 1767
f 1774 1771 1765
f 1775 1765 1768
f 1774 1765 1775
f 1642 1775 1639
f 1639 1775 1768
f 1770 1776 1640
f 1640 1776 1643
f 1644 1643 1776
f 1644 1776 1777
f 1779 1778 1646
f 1779 1646 1647
f 1646 1780 1649
f 1778 1780 1646
f 1771 1781 1650
f 1780 1771 1650
f 1649 1780 1650
f 1773 1771 1780
f 1782 1771 1774
f 1781 1771 1782
f 1653 1782 1652
f 1782 1775 1652
f 1782 1774 1775
f 1652 1775 1642
f 1777 1783 1644
f 1644 1783 1655
f 1647 1655 1779
f 1779 1655 1783
f 1781 1656 1650
f 1656 1781 1657
f 1657 1781 1782
f 1657 1782 1653
f 1784 1661 1662
f 1663 1785 1662
f 1662 1785 1784
f 1785 1663 1786
f 1663 1787 1786
f 1663 1664 1787
f 1788 1664 1665
f 1788 1787 1664
f 1789 1665 1666
f 1789 1788 1665
f 1666 1668 1789
f 1789 1668 1790
f 1792 1791 1784
f 1791 1661 1784
f 1791 1670 1661
f 1792 1784 1785
f 1792 1785 1793
f 1793 1785 1786
f 1794 1790 1668
f 1794 1668 1671
f 1795 1671 1672
f 1795 1794 1671
f 1672 1673 1795
f 1795 1673 1796
f 1791 1674 1670
f 1797 1674 1791
f 1676 1796 1673
f 1676 1798 1796
f 1797 1678 1674
f 1799 1678 1797
f 1676 1679 1800
f 1801 1676 1800
f 1798 1676 1801
f 1680 1800 1679
f 1799 1684 1678
f 1802 1684 1799
f 1803 1801 1800
f 1805 1803 1804
f 1804 1803 1685
f 1803 1800 1685
f 1800 1680 1685
f 1686 1804 1685
f 1807 1806 1689
f 1689 1806 1688
f 1689 1684 1802
f 1689 1802 1807
f 1808 1805 1804
f 1804 1686 1808
f 1686 1809 1808
f 1686 1691 1809
f 1806 1693 1688
f 1810 1693 1806
f 1691 1694 1811
f 1812 1691 1811
f 1809 1691 1812
f 1695 1811 1694
f 1813 1698 1699
f 1814 1813 1699
f 1693 1814 1699
f 1810 1814 1693
f 1812 1811 1815
f 1812 1815 1816
f 1701 1815 1695
f 1695 1815 1811
f 1817 1703 1813
f 1813 1703 1698
f 1813 1814 1818
f 1813 1818 1817
f 1819 1816 1815
f 1815 1701 1819
f 1701 1820 1819
f 1701 1704 1820
f 1817 1705 1703
f 1706 1705 1817
f 1818 1706 1817
f 1821 1706 1818
f 1822 1820 1704
f 1822 1704 1707
f 1707 1708 1822
f 1822 1708 1823
f 1821 1709 1706
f 1824 1709 1821
f 1710 1823 1708
f 1710 1825 1823
f 1824 1711 1709
f 1826 1711 1824
f 1712 1825 1710
f 1712 1827 1825
f 1826 1714 1711
f 1828 1714 1826
f 1829 1827 1712
f 1829 1712 1715
f 1715 1717 1829
f 1829 1717 1830
f 1828 1831 1714
f 1714 1831 1718
f 1719 1718 1831
f 1719 1831 1832
f 1834 1833 1721
f 1834 1721 1722
f 1721 1835 1723
f 1833 1835 1721
f 1717 1723 1830
f 1830 1723 1835
f 1832 1724 1719
f 1836 1724 1832
f 1725 1834 1722
f 1725 1837 1834
f 1836 1727 1724
f 1838 1727 1836
f 1840 1839 1728
f 1840 1728 1729
f 1725 1728 1837
f 1837 1728 1839
f 1842 1731 1841
f 1731 1838 1841
f 1731 1727 1838
f 1843 1842 1841
f 1846 1845 1844
f 1845 1840 1844
f 1840 1732 1844
f 1840 1729 1732
f 1847 1734 1842
f 1842 1734 1731
f 1842 1843 1848
f 1842 1848 1847
f 1846 1844 1736
f 1737 1846 1736
f 1849 1846 1737
f 1736 1844 1732
f 1850 1740 1847
f 1847 1740 1734
f 1847 1848 1851
f 1847 1851 1850
f 1737 1741 1852
f 1853 1737 1852
f 1849 1737 1853
f 1742 1852 1741
f 1850 1744 1740
f 1745 1744 1850
f 1851 1745 1850
f 1854 1745 1851
f 1853 1852 1855
f 1853 1855 1856
f 1747 1855 1742
f 1742 1855 1852
f 1854 1857 1745
f 1745 1857 1748
f 1749 1748 1857
f 1749 1857 1858
f 1856 1855 1859
f 1856 1859 1860
f 1751 1859 1747
f 1747 1859 1855
f 1858 1753 1749
f 1861 1753 1858
f 1860 1859 1862
f 1860 1862 1863
f 1755 1862 1751
f 1751 1862 1859
f 1861 1757 1753
f 1864 1757 1861
f 1865 1863 1862
f 1867 1865 1866
f 1866 1865 1758
f 1865 1862 1758
f 1862 1755 1758
f 1759 1866 1758
f 1864 1761 1757
f 1868 1761 1864
f 1871 1870 1869
f 1873 1872 1869
f 1873 1869 1870
f 1872 1873 1867
f 1866 1872 1867
f 1874 1872 1866
f 1762 1874 1759
f 1759 1874 1866
f 1868 1875 1761
f 1761 1875 1763
f 1764 1763 1875
f 1764 1875 1876
f 1879 1878 1877
f 1877 1878 1871
f 1869 1877 1871
f 1880 1877 1869
f 1767 1880 1766
f 1880 1872 1766
f 1880 1869 1872
f 1766 1872 1769
f 1769 1872 1874
f 1769 1874 1762
f 1876 1770 1764
f 1881 1770 1876
f 1882 1879 1877
f 1773 1883 1772
f 1883 1877 1772
f 1877 1880 1772
f 1883 1882 1877
f 1772 1880 1767
f 1776 1770 1884
f 1770 1885 1884
f 1770 1881 1885
f 1884 1777 1776
f 1779 1886 1778
f 1778 1886 1887
f 1888 1778 1887
f 1780 1778 1888
f 1773 1780 1883
f 1883 1780 1888
f 1885 1889 1884
f 1884 1889 1777
f 1889 1783 1777
f 1889 1890 1783
f 1779 1783 1886
f 1783 1891 1886
f 1783 1890 1891
f 1886 1891 1887
f 1893 1892 1787
f 1787 1892 1786
f 1894 1787 1788
f 1894 1893 1787
f 1896 1894 1895
f 1894 1789 1895
f 1894 1788 1789
f 1790 1895 1789
f 1897 1791 1792
f 1793 1898 1792
f 1792 1898 1897
f 1899 1898 1793
f 1786 1899 1793
f 1892 1899 1786
f 1896 1895 1900
f 1896 1900 1901
f 1794 1902 1790
f 1902 1895 1790
f 1902 1900 1895
f 1795 1903 1794
f 1794 1903 1902
f 1796 1903 1795
f 1904 1797 1897
f 1897 1797 1791
f 1898 1906 1905
f 1904 1898 1905
f 1897 1898 1904
f 1906 1898 1899
f 1901 1900 1907
f 1901 1907 1908
f 1909 1900 1902
f 1907 1900 1909
f 1903 1911 1910
f 1909 1903 1910
f 1902 1903 1909
f 1903 1796 1911
f 1796 1912 1911
f 1796 1798 1912
f 1913 1799 1904
f 1904 1799 1797
f 1904 1905 1914
f 1904 1914 1913
f 1915 1908 1907
f 1915 1907 1909
f 1915 1909 1916
f 1916 1909 1910
f 1801 1912 1798
f 1801 1917 1912
f 1918 1802 1913
f 1913 1802 1799
f 1913 1914 1919
f 1913 1919 1918
f 1920 1917 1801
f 1920 1801 1803
f 1803 1805 1920
f 1920 1805 1921
f 1922 1806 1807
f 1802 1918 1807
f 1918 1922 1807
f 1918 1923 1922
f 1918 1919 1924
f 1918 1924 1923
f 1925 1921 1805
f 1925 1805 1808
f 1808 1809 1925
f 1925 1809 1926
f 1928 1927 1922
f 1927 1806 1922
f 1927 1810 1806
f 1928 1922 1923
f 1928 1923 1929
f 1929 1923 1924
f 1812 1926 1809
f 1812 1930 1926
f 1927 1814 1810
f 1931 1814 1927
f 1816 1933 1932
f 1930 1816 1932
f 1812 1816 1930
f 1933 1934 1932
f 1931 1818 1814
f 1935 1818 1931
f 1819 1933 1816
f 1819 1820 1933
f 1820 1934 1933
f 1820 1936 1934
f 1935 1821 1818
f 1937 1821 1935
f 1938 1936 1820
f 1938 1820 1822
f 1822 1823 1938
f 1938 1823 1939
f 1937 1824 1821
f 1940 1824 1937
f 1825 1939 1823
f 1825 1941 1939
f 1940 1826 1824
f 1942 1826 1940
f 1827 1941 1825
f 1827 1943 1941
f 1945 1828 1944
f 1828 1942 1944
f 1828 1826 1942
f 1946 1945 1944
f 1827 1829 1947
f 1948 1827 1947
f 1943 1827 1948
f 1830 1947 1829
f 1945 1831 1828
f 1832 1831 1945
f 1946 1832 1945
f 1949 1832 1946
f 1951 1950 1833
f 1951 1833 1834
f 1947 1835 1948
f 1835 1950 1948
f 1835 1833 1950
f 1835 1947 1830
f 1949 1836 1832
f 1952 1836 1949
f 1955 1954 1953
f 1954 1951 1953
f 1951 1837 1953
f 1951 1834 1837
f 1957 1838 1956
f 1838 1952 1956
f 1838 1836 1952
f 1958 1957 1956
f 1961 1960 1959
f 1959 1960 1955
f 1959 1955 1953
f 1840 1959 1953
f 1839 1840 1953
f 1839 1953 1837
f 1957 1841 1838
f 1843 1841 1957
f 1958 1843 1957
f 1962 1843 1958
f 1961 1959 1845
f 1846 1961 1845
f 1963 1961 1846
f 1845 1959 1840
f 1965 1848 1964
f 1848 1962 1964
f 1848 1843 1962
f 1966 1965 1964
f 1849 1963 1846
f 1849 1967 1963
f 1968 1851 1965
f 1965 1851 1848
f 1965 1966 1969
f 1965 1969 1968
f 1853 1967 1849
f 1853 1970 1967
f 1971 1854 1968
f 1968 1854 1851
f 1968 1969 1972
f 1968 1972 1971
f 1856 1970 1853
f 1856 1973 1970
f 1971 1857 1854
f 1858 1857 1971
f 1972 1858 1971
f 1974 1858 1972
f 1860 1973 1856
f 1860 1975 1973
f 1974 1861 1858
f 1976 1861 1974
f 1979 1978 1977
f 1978 1975 1977
f 1975 1863 1977
f 1975 1860 1863
f 1976 1864 1861
f 1980 1864 1976
f 1979 1977 1981
f 1979 1981 1982
f 1865 1983 1863
f 1983 1977 1863
f 1983 1981 1977
f 1867 1983 1865
f 1980 1868 1864
f 1984 1868 1980
f 1982 1981 1870
f 1871 1982 1870
f 1985 1982 1871
f 1870 1981 1873
f 1873 1981 1983
f 1873 1983 1867
f 1984 1986 1868
f 1868 1986 1875
f 1876 1875 1986
f 1876 1986 1987
f 1989 1988 1878
f 1989 1878 1879
f 1871 1878 1985
f 1985 1878 1988
f 1991 1881 1990
f 1881 1987 1990
f 1881 1876 1987
f 1992 1991 1990
f 1993 1989 1879
f 1993 1879 1882
f 1882 1883 1993
f 1993 1883 1994
f 1995 1885 1991
f 1991 1885 1881
f 1991 1992 1996
f 1997 1991 1996
f 1995 1991 1997
f 1998 1997 1996
f 2000 1999 1888
f 2000 1888 1887
f 1883 1888 1994
f 1994 1888 1999
f 1995 1889 1885
f 1889 1995 1890
f 1890 1995 1997
f 1998 2001 1997
f 2001 1890 1997
f 2001 1891 1890
f 1887 1891 2000
f 2000 1891 2001
f 2002 1892 1893
f 1894 2003 1893
f 1893 2003 2002
f 1896 2003 1894
f 2004 1899 2002
f 2002 1899 1892
f 2005 2002 2003
f 2004 2002 2005
f 1901 2005 1896
f 1896 2005 2003
f 2006 1905 1906
f 1899 2004 1906
f 2004 2006 1906
f 2004 2007 2006
f 2008 2004 2005
f 2007 2004 2008
f 1908 2008 1901
f 1901 2008 2005
f 2009 1910 1911
f 1912 2009 1911
f 2010 1914 2006
f 2006 1914 1905
f 2011 2006 2007
f 2010 2006 2011
f 2012 2007 2008
f 2011 2007 2012
f 1915 2013 1908
f 2013 2008 1908
f 2013 2012 2008
f 1916 2014 1915
f 1915 2014 2013
f 2015 2014 1916
f 2015 1916 1910
f 2016 2015 1910
f 2009 2016 1910
f 2009 1912 2016
f 1912 2017 2016
f 1912 1917 2017
f 2018 1919 2010
f 2010 1919 1914
f 2019 2010 2011
f 2018 2010 2019
f 2020 2011 2012
f 2019 2011 2020
f 2021 2012 2013
f 2020 2012 2021
f 2022 2013 2014
f 2021 2013 2022
f 2014 2015 2023
f 2014 2023 2022
f 1917 1920 2024
f 2025 1917 2024
f 2017 1917 2025
f 1921 2024 1920
f 2026 1924 2018
f 2018 1924 1919
f 2019 2028 2027
f 2026 2019 2027
f 2018 2019 2026
f 2028 2019 2020
f 2028 2020 2029
f 2031 2030 2029
f 2020 2031 2029
f 2021 2031 2020
f 2032 2021 2022
f 2031 2021 2032
f 2022 2023 2033
f 2034 2022 2033
f 2032 2022 2034
f 2034 2036 2035
f 2034 2024 2036
f 2034 2033 2025
f 2024 2034 2025
f 2036 2024 1921
f 1925 2036 1921
f 2037 2036 1925
f 1925 1926 2037
f 2037 1926 2038
f 2039 1927 1928
f 2039 1928 2040
f 1928 2041 2040
f 1928 1929 2041
f 1929 1924 2026
f 2042 1929 2026
f 2041 1929 2042
f 2042 2026 2027
f 2030 2031 2043
f 2030 2043 2044
f 2045 2031 2032
f 2043 2031 2045
f 2046 2032 2034
f 2045 2032 2046
f 2034 2035 2047
f 2034 2047 2046
f 1930 2038 1926
f 1930 2048 2038
f 2049 1931 2039
f 2039 1931 1927
f 2039 2040 2050
f 2051 2039 2050
f 2049 2039 2051
f 2052 2051 2050
f 2053 2044 2043
f 2055 2054 2053
f 2043 2055 2053
f 2045 2055 2043
f 2046 2057 2056
f 2055 2046 2056
f 2045 2046 2055
f 2057 2046 2047
f 2060 2059 2058
f 2062 2061 1932
f 2058 1932 2061
f 1932 2058 1930
f 2059 1930 2058
f 1930 2059 2048
f 1932 1934 2062
f 2062 1934 2063
f 2065 2064 2049
f 2064 1931 2049
f 2064 1935 1931
f 2065 2049 2051
f 2065 2051 2066
f 2066 2051 2052
f 2067 2054 2055
f 2067 2055 2056
f 2060 2058 2068
f 2060 2068 2069
f 2058 2061 2070
f 2058 2070 2068
f 1936 2063 1934
f 1936 2071 2063
f 2064 1937 1935
f 2072 1937 2064
f 2073 2069 2068
f 2073 2068 2070
f 2074 2071 1936
f 2074 1936 1938
f 1938 1939 2074
f 2074 1939 2075
f 2072 1940 1937
f 2076 1940 2072
f 1941 2075 1939
f 1941 2077 2075
f 2076 1942 1940
f 2078 1942 2076
f 2081 2080 2079
f 2080 2077 2079
f 2077 1943 2079
f 2077 1941 1943
f 1944 1942 2082
f 1942 2083 2082
f 1942 2078 2083
f 2082 1946 1944
f 2086 2085 2084
f 2084 2085 2081
f 2079 2084 2081
f 2087 2084 2079
f 1948 2087 1943
f 1943 2087 2079
f 2082 2083 2088
f 2088 2083 2089
f 2088 1949 1946
f 2088 1946 2082
f 2092 2091 2090
f 2094 2093 2090
f 2094 2090 2091
f 2095 2093 2094
f 2096 2086 2084
f 1951 2097 1950
f 2097 2084 1950
f 2084 2087 1950
f 2097 2096 2084
f 1950 2087 1948
f 2089 2098 2088
f 1949 2088 2098
f 2099 1949 2098
f 1952 1949 2099
f 2100 2092 2090
f 2102 2101 2100
f 2090 2102 2100
f 2093 2102 2090
f 2093 2095 2103
f 2104 2093 2103
f 2102 2093 2104
f 1954 1955 2104
f 2103 1954 2104
f 2105 1954 2103
f 1951 1954 2097
f 2097 1954 2105
f 2099 2106 1952
f 1952 2106 1956
f 1958 1956 2106
f 1958 2106 2107
f 2110 2109 2108
f 2112 2111 2108
f 2112 2108 2109
f 2111 2112 2101
f 2102 2111 2101
f 2113 2111 2102
f 1961 2113 1960
f 2113 2104 1960
f 2113 2102 2104
f 1960 2104 1955
f 2107 1962 1958
f 2114 1962 2107
f 2117 2116 2115
f 2115 2116 2110
f 2108 2115 2110
f 2118 2115 2108
f 2119 2108 2111
f 2118 2108 2119
f 2120 2111 2113
f 2119 2111 2120
f 1963 2120 1961
f 1961 2120 2113
f 2114 2121 1962
f 1962 2121 1964
f 1966 1964 2121
f 1966 2121 2122
f 2117 2115 2123
f 2117 2123 2124
f 2125 2115 2118
f 2123 2115 2125
f 2126 2118 2119
f 2125 2118 2126
f 2127 2119 2120
f 2126 2119 2127
f 1967 2127 1963
f 1963 2127 2120
f 2122 1969 1966
f 2128 1969 2122
f 2131 2130 2129
f 2129 2130 2124
f 2123 2129 2124
f 2132 2129 2123
f 2133 2123 2125
f 2132 2123 2133
f 2134 2125 2126
f 2133 2125 2134
f 2135 2126 2127
f 2134 2126 2135
f 1970 2135 1967
f 1967 2135 2127
f 2137 1972 2136
f 1972 2128 2136
f 1972 1969 2128
f 2137 2136 2131
f 2129 2137 2131
f 2138 2137 2129
f 2132 2140 2139
f 2138 2132 2139
f 2129 2132 2138
f 2140 2132 2133
f 2140 2133 2141
f 2143 2142 2141
f 2133 2143 2141
f 2134 2143 2133
f 2135 2145 2144
f 2143 2135 2144
f 2134 2135 2143
f 2135 1970 2145
f 1970 2146 2145
f 1970 1973 2146
f 2147 1974 2137
f 2137 1974 1972
f 2148 2137 2138
f 2147 2137 2148
f 2138 2139 2149
f 2150 2138 2149
f 2148 2138 2150
f 2152 2151 2150
f 2152 2150 2149
f 2151 2152 2142
f 2143 2151 2142
f 2153 2151 2143
f 2143 2144 2154
f 2155 2143 2154
f 2153 2143 2155
f 2154 2146 2155
f 2146 1975 2155
f 2146 1973 1975
f 2156 1976 2147
f 2147 1976 1974
f 2157 2147 2148
f 2156 2147 2157
f 2158 2148 2150
f 2157 2148 2158
f 2159 2150 2151
f 2158 2150 2159
f 2160 2151 2153
f 2159 2151 2160
f 1979 2160 1978
f 2160 2155 1978
f 2160 2153 2155
f 1978 2155 1975
f 2161 1980 2156
f 2156 1980 1976
f 2162 2156 2157
f 2161 2156 2162
f 2163 2157 2158
f 2162 2157 2163
f 2164 2158 2159
f 2163 2158 2164
f 2165 2159 2160
f 2164 2159 2165
f 1982 2165 1979
f 1979 2165 2160
f 2166 1984 2161
f 2161 1984 1980
f 2167 2161 2162
f 2166 2161 2167
f 2168 2162 2163
f 2167 2162 2168
f 2169 2163 2164
f 2168 2163 2169
f 2170 2164 2165
f 2169 2164 2170
f 1985 2170 1982
f 1982 2170 2165
f 2166 1986 1984
f 1986 2166 1987
f 2166 2171 1987
f 2166 2167 2171
f 2172 2167 2168
f 2171 2167 2172
f 2173 2168 2169
f 2172 2168 2173
f 1989 2173 1988
f 2173 2170 1988
f 2173 2169 2170
f 1988 2170 1985
f 2171 1990 1987
f 1990 2171 1992
f 2171 2174 1992
f 2171 2172 2174
f 2175 2172 2173
f 2174 2172 2175
f 1993 2176 1989
f 2176 2173 1989
f 2176 2175 2173
f 1994 2176 1993
f 2174 1996 1992
f 1996 2174 1998
f 2174 2177 1998
f 2174 2175 2177
f 2000 2177 1999
f 2177 2176 1999
f 2177 2175 2176
f 1999 2176 1994
f 2177 2001 1998
f 2001 2177 2000
f 2178 2015 2016
f 2017 2178 2016
f 2179 2023 2178
f 2178 2023 2015
f 2025 2179 2017
f 2017 2179 2178
f 2180 2027 2028
f 2029 2181 2028
f 2028 2181 2180
f 2030 2181 2029
f 2179 2033 2023
f 2179 2025 2033
f 2183 2035 2182
f 2036 2182 2035
f 2184 2036 2037
f 2184 2182 2036
f 2037 2038 2184
f 2184 2038 2185
f 2186 2040 2041
f 2042 2187 2041
f 2041 2187 2186
f 2027 2180 2042
f 2180 2187 2042
f 2180 2188 2187
f 2189 2180 2181
f 2188 2180 2189
f 2044 2189 2030
f 2030 2189 2181
f 2183 2047 2035
f 2190 2047 2183
f 2048 2185 2038
f 2048 2191 2185
f 2186 2050 2040
f 2050 2186 2052
f 2186 2192 2052
f 2186 2187 2192
f 2193 2187 2188
f 2192 2187 2193
f 2194 2188 2189
f 2193 2188 2194
f 2053 2195 2044
f 2195 2189 2044
f 2195 2194 2189
f 2054 2195 2053
f 2196 2056 2057
f 2047 2190 2197
f 2196 2047 2197
f 2198 2196 2197
f 2057 2047 2196
f 2059 2060 2198
f 2197 2059 2198
f 2199 2059 2197
f 2200 2061 2062
f 2191 2048 2199
f 2059 2199 2048
f 2063 2200 2062
f 2201 2064 2065
f 2066 2202 2065
f 2065 2202 2201
f 2052 2192 2066
f 2192 2202 2066
f 2192 2203 2202
f 2204 2192 2193
f 2203 2192 2204
f 2205 2193 2194
f 2204 2193 2205
f 2206 2194 2195
f 2205 2194 2206
f 2067 2207 2054
f 2207 2195 2054
f 2207 2206 2195
f 2056 2196 2067
f 2196 2207 2067
f 2196 2208 2207
f 2209 2196 2198
f 2208 2196 2209
f 2069 2209 2060
f 2060 2209 2198
f 2210 2070 2200
f 2200 2070 2061
f 2071 2210 2063
f 2063 2210 2200
f 2211 2072 2201
f 2201 2072 2064
f 2212 2201 2202
f 2211 2201 2212
f 2213 2202 2203
f 2212 2202 2213
f 2214 2203 2204
f 2213 2203 2214
f 2205 2216 2215
f 2214 2205 2215
f 2204 2205 2214
f 2216 2205 2206
f 2216 2206 2217
f 2219 2218 2217
f 2206 2219 2217
f 2207 2219 2206
f 2220 2207 2208
f 2219 2207 2220
f 2221 2208 2209
f 2220 2208 2221
f 2073 2222 2069
f 2222 2209 2069
f 2222 2221 2209
f 2070 2210 2073
f 2210 2222 2073
f 2210 2223 2222
f 2074 2224 2071
f 2224 2210 2071
f 2224 2223 2210
f 2075 2224 2074
f 2225 2076 2211
f 2211 2076 2072
f 2226 2211 2212
f 2225 2211 2226
f 2227 2212 2213
f 2226 2212 2227
f 2228 2213 2214
f 2227 2213 2228
f 2214 2215 2229
f 2230 2214 2229
f 2228 2214 2230
f 2232 2231 2230
f 2232 2230 2229
f 2231 2232 2218
f 2219 2231 2218
f 2233 2231 2219
f 2234 2219 2220
f 2233 2219 2234
f 2235 2220 2221
f 2234 2220 2235
f 2236 2221 2222
f 2235 2221 2236
f 2237 2222 2223
f 2236 2222 2237
f 2238 2223 2224
f 2237 2223 2238
f 2077 2238 2075
f 2075 2238 2224
f 2239 2078 2225
f 2225 2078 2076
f 2240 2225 2226
f 2239 2225 2240
f 2241 2226 2227
f 2240 2226 2241
f 2242 2227 2228
f 2241 2227 2242
f 2243 2228 2230
f 2242 2228 2243
f 2244 2230 2231
f 2243 2230 2244
f 2245 2231 2233
f 2244 2231 2245
f 2246 2233 2234
f 2245 2233 2246
f 2247 2234 2235
f 2246 2234 2247
f 2248 2235 2236
f 2247 2235 2248
f 2249 2236 2237
f 2248 2236 2249
f 2081 2249 2080
f 2249 2238 2080
f 2249 2237 2238
f 2080 2238 2077
f 2250 2083 2239
f 2239 2083 2078
f 2251 2239 2240
f 2250 2239 2251
f 2252 2240 2241
f 2251 2240 2252
f 2253 2241 2242
f 2252 2241 2253
f 2254 2242 2243
f 2253 2242 2254
f 2255 2243 2244
f 2254 2243 2255
f 2256 2244 2245
f 2255 2244 2256
f 2257 2245 2246
f 2256 2245 2257
f 2258 2246 2247
f 2257 2246 2258
f 2259 2247 2248
f 2258 2247 2259
f 2086 2259 2085
f 2259 2249 2085
f 2259 2248 2249
f 2085 2249 2081
f 2260 2089 2250
f 2250 2089 2083
f 2261 2250 2251
f 2260 2250 2261
f 2262 2251 2252
f 2261 2251 2262
f 2263 2252 2253
f 2262 2252 2263
f 2264 2253 2254
f 2263 2253 2264
f 2265 2254 2255
f 2264 2254 2265
f 2266 2255 2256
f 2265 2255 2266
f 2092 2266 2091
f 2266 2257 2091
f 2266 2256 2257
f 2091 2257 2094
f 2094 2257 2258
f 2094 2258 2095
f 2258 2267 2095
f 2258 2259 2267
f 2096 2268 2086
f 2268 2259 2086
f 2268 2267 2259
f 2097 2268 2096
f 2260 2098 2089
f 2098 2260 2099
f 2260 2269 2099
f 2260 2261 2269
f 2262 2271 2270
f 2269 2262 2270
f 2261 2262 2269
f 2271 2262 2263
f 2271 2263 2272
f 2272 2263 2264
f 2272 2264 2273
f 2273 2264 2265
f 2273 2265 2274
f 2274 2265 2266
f 2274 2266 2275
f 2277 2275 2276
f 2276 2275 2100
f 2275 2266 2100
f 2266 2092 2100
f 2101 2276 2100
f 2267 2103 2095
f 2103 2267 2105
f 2105 2267 2268
f 2105 2268 2097
f 2269 2106 2099
f 2279 2278 2107
f 2279 2107 2106
f 2270 2279 2106
f 2269 2270 2106
f 2281 2280 2278
f 2281 2278 2279
f 2283 2282 2280
f 2283 2280 2281
f 2285 2284 2282
f 2285 2282 2283
f 2109 2110 2284
f 2285 2109 2284
f 2286 2109 2285
f 2276 2112 2277
f 2112 2286 2277
f 2112 2109 2286
f 2112 2276 2101
f 2287 2114 2278
f 2278 2114 2107
f 2288 2278 2280
f 2287 2278 2288
f 2289 2280 2282
f 2288 2280 2289
f 2117 2289 2116
f 2289 2284 2116
f 2289 2282 2284
f 2116 2284 2110
f 2287 2121 2114
f 2121 2287 2122
f 2287 2290 2122
f 2287 2288 2290
f 2291 2288 2289
f 2290 2288 2291
f 2124 2291 2117
f 2117 2291 2289
f 2292 2128 2290
f 2290 2128 2122
f 2131 2292 2130
f 2292 2291 2130
f 2292 2290 2291
f 2130 2291 2124
f 2292 2136 2128
f 2136 2292 2131
f 2293 2139 2140
f 2141 2294 2140
f 2140 2294 2293
f 2142 2294 2141
f 2295 2144 2145
f 2146 2295 2145
f 2293 2149 2139
f 2149 2293 2152
f 2152 2293 2294
f 2152 2294 2142
f 2295 2154 2144
f 2154 2295 2146
f 2296 2183 2182
f 2184 2297 2182
f 2182 2297 2296
f 2185 2297 2184
f 2298 2190 2296
f 2296 2190 2183
f 2299 2296 2297
f 2298 2296 2299
f 2191 2299 2185
f 2185 2299 2297
f 2298 2197 2190
f 2197 2298 2199
f 2199 2298 2299
f 2199 2299 2191
f 2300 2215 2216
f 2217 2301 2216
f 2216 2301 2300
f 2218 2301 2217
f 2300 2229 2215
f 2229 2300 2232
f 2232 2300 2301
f 2232 2301 2218
f 2302 2270 2271
f 2272 2303 2271
f 2271 2303 2302
f 2273 2304 2272
f 2272 2304 2303
f 2274 2305 2273
f 2273 2305 2304
f 2275 2306 2274
f 2274 2306 2305
f 2277 2306 2275
f 2302 2279 2270
f 2279 2302 2281
f 2281 2302 2303
f 2281 2303 2283
f 2283 2303 2304
f 2283 2304 2285
f 2285 2304 2305
f 2285 2305 2286
f 2286 2305 2306
f 2286 2306 2277
