v 9.8 -11.0 -24.0
v 10.0 -11.0 -24.4
v 10.0 -11.9 -24.0
v 10.0 -11.0 -23.6
v 9.8 -10.0 -25.0
v 10.0 -10.0 -25.2
v 10.0 -10.4 -25.0
v 9.6 -10.0 -24.0
v 10.0 -10.0 -23.5
v 9.7 -9.0 -25.0
v 10.0 -9.0 -25.3
v 9.6 -9.0 -24.0
v 10.0 -9.0 -23.3
v 9.8 -8.0 -25.0
v 10.0 -8.0 -25.2
v 9.7 -8.0 -24.0
v 9.9 -8.0 -23.0
v 10.0 -8.0 -22.9
v 10.0 -7.8 -25.0
v 10.0 -7.7 -24.0
v 10.0 -7.9 -23.0
v 10.1 -12.0 -24.0
v 11.0 -12.0 -24.2
v 11.0 -12.2 -24.0
v 11.0 -12.2 -23.0
v 10.7 -12.0 -23.0
v 11.0 -12.1 -22.0
v 10.6 -12.0 -22.0
v 11.0 -12.0 -21.9
v 10.6 -11.0 -25.0
v 11.0 -11.0 -25.3
v 11.0 -11.3 -25.0
v 10.5 -11.0 -23.0
v 10.6 -11.0 -22.0
v 11.0 -11.0 -21.8
v 11.0 -10.0 -25.5
v 10.4 -10.0 -23.0
v 10.8 -10.0 -22.0
v 11.0 -10.0 -21.9
v 11.0 -9.0 -25.6
v 10.3 -9.0 -23.0
v 11.0 -9.0 -22.4
v 11.0 -9.8 -22.0
v 11.0 -8.0 -25.3
v 11.0 -8.0 -22.5
v 11.0 -7.7 -25.0
v 11.0 -7.4 -24.0
v 11.0 -7.1 -23.0
v 11.9 -32.0 -0.0
v 12.0 -32.3 1.0
v 11.8 -32.0 1.0
v 11.9 -32.0 2.0
v 12.0 -31.7 1.0
v 12.0 -31.9 2.0
v 11.2 -12.0 -24.0
v 11.2 -12.0 -23.0
v 11.1 -12.0 -22.0
v 12.0 -11.0 -25.2
v 12.0 -11.2 -25.0
v 12.0 -11.4 -24.0
v 12.0 -11.0 -23.3
v 11.8 -11.0 -23.0
v 11.2 -11.0 -22.0
v 12.0 -10.0 -25.7
v 12.0 -10.8 -23.0
v 12.0 -10.0 -22.5
v 11.2 -10.0 -22.0
v 11.9 -9.0 -26.0
v 12.0 -9.0 -26.1
v 12.0 -9.0 -22.3
v 12.0 -8.9 -26.0
v 12.0 -8.3 -25.0
v 11.5 -8.0 -25.0
v 12.0 -8.0 -24.7
v 11.8 -8.0 -22.0
v 12.0 -8.0 -21.9
v 12.0 -7.1 -24.0
v 12.0 -7.2 -23.0
v 12.0 -7.8 -22.0
v 12.7 -33.0 0.0
v 13.0 -33.0 -0.3
v 13.0 -33.2 0.0
v 13.0 -33.4 1.0
v 12.5 -33.0 1.0
v 13.0 -33.2 2.0
v 12.7 -33.0 2.0
v 13.0 -33.0 2.3
v 13.0 -32.0 -1.1
v 13.0 -32.1 -1.0
v 13.0 -32.3 3.0
v 12.7 -32.0 3.0
v 13.0 -32.0 3.2
v 12.9 -32.0 -1.0
v 12.7 -31.0 0.0
v 13.0 -31.0 -0.4
v 12.5 -31.0 1.0
v 12.4 -31.0 2.0
v 12.7 -31.0 3.0
v 13.0 -31.0 3.2
v 13.0 -30.7 0.0
v 13.0 -30.4 1.0
v 12.9 -30.0 2.0
v 13.0 -29.9 2.0
v 13.0 -30.0 2.2
v 13.0 -30.6 3.0
v 12.3 -11.0 -25.0
v 12.7 -11.0 -24.0
v 13.0 -11.1 -23.0
v 12.6 -11.0 -23.0
v 13.0 -11.0 -22.9
v 13.0 -10.0 -26.2
v 13.0 -10.3 -26.0
v 13.0 -10.6 -25.0
v 13.0 -10.8 -24.0
v 13.0 -10.0 -22.3
v 13.0 -9.0 -26.3
v 12.5 -9.0 -22.0
v 13.0 -9.0 -21.7
v 13.0 -8.7 -26.0
v 13.0 -8.3 -25.0
v 13.0 -8.0 -24.7
v 13.0 -8.0 -21.5
v 12.4 -7.0 -23.0
v 13.0 -7.0 -23.6
v 12.7 -7.0 -22.0
v 13.0 -7.0 -21.8
v 13.0 -6.7 -23.0
v 13.0 -6.8 -22.0
v 14.0 -44.0 -4.0
v 14.0 -44.0 -4.0
v 14.0 -44.1 -3.0
v 13.9 -44.0 -3.0
v 14.0 -44.0 -2.9
v 14.0 -43.0 -5.0
v 13.5 -43.0 -4.0
v 13.1 -43.0 -3.0
v 14.0 -43.4 -2.0
v 13.4 -43.0 -2.0
v 14.0 -43.0 -1.1
v 13.8 -42.0 -5.0
v 14.0 -42.0 -5.3
v 13.5 -42.0 -4.0
v 13.4 -42.0 -3.0
v 13.2 -42.0 -2.0
v 14.0 -42.0 -1.6
v 14.0 -41.0 -7.0
v 14.0 -41.3 -6.0
v 13.8 -41.0 -6.0
v 13.6 -41.0 -5.0
v 13.5 -41.0 -4.0
v 13.7 -41.0 -3.0
v 14.0 -41.0 -2.6
v 14.0 -41.6 -2.0
v 13.8 -40.0 -8.0
v 14.0 -40.0 -8.5
v 14.0 -40.2 -8.0
v 13.6 -40.0 -7.0
v 13.6 -40.0 -6.0
v 13.6 -40.0 -5.0
v 13.7 -40.0 -4.0
v 14.0 -40.0 -3.6
v 14.0 -40.6 -3.0
v 13.8 -39.0 -8.0
v 14.0 -39.0 -8.3
v 13.8 -39.0 -7.0
v 14.0 -39.0 -6.6
v 14.0 -39.4 -6.0
v 14.0 -39.5 -5.0
v 14.0 -39.5 -4.0
v 14.0 -38.7 -8.0
v 14.0 -38.8 -7.0
v 13.9 -38.0 -4.0
v 14.0 -38.0 -4.1
v 14.0 -38.1 -4.0
v 14.0 -38.0 -3.2
v 14.0 -37.9 -4.0
v 14.0 -33.0 -0.6
v 14.0 -33.4 0.0
v 14.0 -33.6 1.0
v 14.0 -33.5 2.0
v 14.0 -33.0 2.6
v 14.0 -32.0 -1.5
v 14.0 -32.6 -1.0
v 14.0 -32.6 3.0
v 14.0 -32.0 3.4
v 13.6 -31.0 -1.0
v 14.0 -31.0 -1.3
v 14.0 -31.0 3.5
v 14.0 -30.8 -1.0
v 14.0 -30.4 0.0
v 13.6 -30.0 1.0
v 14.0 -30.0 0.6
v 13.7 -30.0 3.0
v 14.0 -30.0 3.2
v 14.0 -29.7 1.0
v 14.0 -29.5 2.0
v 14.0 -29.8 3.0
v 14.0 -11.1 -24.0
v 14.0 -11.0 -24.2
v 14.0 -11.2 -23.0
v 14.0 -11.0 -22.7
v 14.0 -10.0 -26.3
v 14.0 -10.3 -26.0
v 14.0 -10.6 -25.0
v 14.0 -10.3 -22.0
v 14.0 -10.0 -21.7
v 14.0 -9.0 -26.4
v 14.0 -9.0 -21.5
v 14.0 -8.4 -26.0
v 13.4 -8.0 -25.0
v 14.0 -8.0 -21.5
v 14.0 -7.5 -25.0
v 13.0 -7.3 -24.0
v 14.0 -7.0 -24.5
v 14.0 -7.0 -21.6
v 14.0 -6.6 -24.0
v 14.0 -6.4 -23.0
v 14.0 -6.6 -22.0
v 14.0 -43.0 -5.0
v 15.0 -43.0 -4.4
v 15.0 -43.4 -4.0
v 15.0 -43.6 -3.0
v 15.0 -43.3 -2.0
v 15.0 -43.0 -1.7
v 14.4 -42.0 -5.0
v 15.0 -42.0 -4.7
v 15.0 -42.0 -1.6
v 14.4 -41.0 -6.0
v 15.0 -41.0 -5.6
v 15.0 -41.6 -5.0
v 15.0 -41.5 -2.0
v 15.0 -41.0 -2.4
v 14.4 -40.0 -8.0
v 15.0 -40.0 -7.5
v 15.0 -40.4 -7.0
v 15.0 -40.7 -6.0
v 14.6 -40.0 -3.0
v 15.0 -40.0 -2.7
v 14.9 -39.0 -9.0
v 15.0 -39.0 -9.1
v 15.0 -39.1 -9.0
v 15.0 -39.5 -8.0
v 14.4 -39.0 -6.0
v 14.4 -39.0 -5.0
v 14.4 -39.0 -4.0
v 15.0 -39.0 -3.1
v 14.8 -38.0 -9.0
v 15.0 -38.0 -9.4
v 14.6 -38.0 -8.0
v 15.0 -38.0 -7.4
v 15.0 -38.3 -7.0
v 15.0 -38.3 -6.0
v 14.5 -38.0 -5.0
v 15.0 -38.0 -5.7
v 15.0 -38.8 -3.0
v 14.0 -38.0 -3.0
v 15.0 -38.0 -2.4
v 15.0 -37.8 -9.0
v 15.0 -37.0 -8.1
v 15.0 -37.0 -7.9
v 14.7 -37.0 -5.0
v 15.0 -37.0 -5.4
v 14.5 -37.0 -4.0
v 14.6 -37.0 -3.0
v 14.9 -37.0 -2.0
v 15.0 -37.0 -1.9
v 15.0 -37.0 -8.0
v 15.0 -36.6 -5.0
v 15.0 -36.5 -4.0
v 15.0 -36.6 -3.0
v 15.0 -36.9 -2.0
v 14.6 -34.0 1.0
v 15.0 -34.0 0.4
v 15.0 -34.4 1.0
v 15.0 -34.3 2.0
v 15.0 -34.0 2.3
v 14.5 -33.0 -1.0
v 15.0 -33.0 -1.5
v 15.0 -33.4 -1.0
v 15.0 -33.7 0.0
v 15.0 -33.3 3.0
v 14.5 -33.0 3.0
v 15.0 -33.0 3.3
v 14.9 -32.0 -2.0
v 15.0 -32.0 -2.1
v 15.0 -32.2 -2.0
v 15.0 -32.0 3.5
v 15.0 -31.8 -2.0
v 15.0 -31.0 -1.4
v 15.0 -31.0 3.5
v 15.0 -30.6 -1.0
v 15.0 -30.4 0.0
v 15.0 -30.0 3.3
v 15.0 -29.6 1.0
v 15.0 -29.4 2.0
v 15.0 -29.6 3.0
v 14.8 -26.0 -21.0
v 15.0 -26.0 -21.2
v 15.0 -26.2 -21.0
v 15.0 -26.2 -20.0
v 14.8 -26.0 -20.0
v 15.0 -26.0 -19.2
v 15.0 -25.0 -21.0
v 15.0 -25.0 -21.0
v 15.0 -25.8 -20.0
v 14.2 -11.0 -24.0
v 14.3 -11.0 -23.0
v 15.0 -10.0 -26.3
v 15.0 -10.3 -26.0
v 15.0 -10.5 -25.0
v 15.0 -10.6 -24.0
v 15.0 -10.6 -23.0
v 15.0 -10.3 -22.0
v 15.0 -10.0 -21.7
v 15.0 -9.0 -26.5
v 15.0 -9.0 -21.4
v 15.0 -8.0 -26.3
v 15.0 -8.0 -21.5
v 15.0 -7.7 -26.0
v 14.4 -7.0 -25.0
v 15.0 -7.0 -25.5
v 15.0 -7.0 -21.6
v 14.9 -6.0 -25.0
v 15.0 -6.0 -25.1
v 14.5 -6.0 -24.0
v 14.5 -6.0 -23.0
v 15.0 -6.0 -22.5
v 15.0 -6.5 -22.0
v 15.0 -5.9 -25.0
v 15.0 -5.0 -24.0
v 15.0 -5.1 -23.0
v 15.4 -43.0 -4.0
v 16.0 -43.1 -3.0
v 15.4 -43.0 -2.0
v 16.0 -43.0 -2.8
v 16.0 -42.0 -4.3
v 16.3 -42.1 -4.0
v 16.0 -42.2 -2.0
v 16.0 -42.0 -1.9
v 15.6 -41.0 -5.0
v 16.0 -41.0 -4.7
v 16.0 -41.8 -2.0
v 16.0 -41.0 -2.4
v 15.5 -40.0 -7.0
v 16.0 -40.3 -6.0
v 16.0 -40.7 -5.0
v 16.0 -40.0 -2.3
v 15.1 -39.0 -9.0
v 15.5 -39.0 -8.0
v 16.0 -39.0 -7.4
v 16.0 -39.4 -7.0
v 15.1 -39.0 -3.0
v 16.0 -39.4 -2.0
v 15.7 -39.0 -2.0
v 16.0 -39.0 -1.7
v 15.2 -38.0 -9.0
v 16.0 -38.0 -8.3
v 16.0 -38.4 -8.0
v 15.4 -38.0 -7.0
v 15.3 -38.0 -6.0
v 15.4 -38.0 -2.0
v 16.0 -38.0 -1.6
v 16.0 -37.0 -8.3
v 15.5 -37.0 -7.0
v 15.4 -37.0 -6.0
v 16.0 -37.0 -1.5
v 16.0 -36.0 -8.0
v 16.0 -36.0 -8.0
v 15.6 -36.0 -7.0
v 15.5 -36.0 -6.0
v 15.4 -36.0 -5.0
v 15.5 -36.0 -4.0
v 16.1 -36.0 -3.0
v 16.0 -36.1 -3.0
v 15.6 -36.0 -2.0
v 16.0 -36.3 -1.0
v 15.8 -36.0 -1.0
v 16.0 -36.0 -0.7
v 15.9 -35.0 -7.0
v 16.0 -35.0 -7.1
v 15.6 -35.0 -6.0
v 15.6 -35.0 -5.0
v 15.8 -35.0 -4.0
v 16.0 -35.0 -3.6
v 16.0 -35.3 -2.0
v 15.6 -35.0 -1.0
v 16.0 -35.0 -1.8
v 16.0 -35.4 0.0
v 15.6 -35.0 0.0
v 15.9 -35.0 1.0
v 16.0 -35.1 1.0
v 16.0 -34.9 -7.0
v 16.0 -34.6 -6.0
v 16.0 -34.5 -5.0
v 16.0 -34.7 -4.0
v 15.7 -34.0 -2.0
v 16.0 -34.0 -2.3
v 16.0 -34.6 -2.0
v 15.4 -34.0 -1.0
v 15.3 -34.0 0.0
v 16.0 -34.3 2.0
v 16.0 -34.0 2.4
v 15.4 -33.0 -2.0
v 16.0 -33.0 -2.5
v 16.0 -33.3 3.0
v 16.0 -33.0 3.2
v 16.0 -32.0 -2.5
v 16.0 -32.0 3.4
v 16.0 -31.4 -2.0
v 16.0 -31.0 -1.6
v 16.0 -31.0 3.4
v 16.0 -30.6 -1.0
v 16.0 -30.3 0.0
v 16.0 -30.0 0.4
v 16.0 -30.0 3.2
v 16.0 -29.5 1.0
v 15.9 -29.0 2.0
v 16.0 -29.0 1.9
v 16.0 -29.0 2.1
v 16.0 -29.7 3.0
v 16.0 -28.9 2.0
v 16.0 -27.0 -17.0
v 15.6 -26.0 -22.0
v 16.0 -26.0 -22.6
v 16.0 -26.8 -22.0
v 16.0 -26.5 -21.0
v 16.0 -26.4 -20.0
v 16.0 -26.3 -19.0
v 15.1 -26.0 -19.0
v 16.0 -26.3 -18.0
v 15.8 -26.0 -18.0
v 15.9 -26.0 -17.0
v 16.0 -26.0 -16.9
v 15.7 -25.0 -23.0
v 16.0 -25.5 -23.0
v 15.4 -25.0 -22.0
v 16.0 -25.4 -20.0
v 16.0 -25.0 -20.4
v 16.0 -25.7 -19.0
v 16.0 -25.8 -18.0
v 16.0 -25.9 -17.0
v 15.7 -24.0 -24.0
v 16.0 -24.0 -24.3
v 16.3 -25.0 -24.0
v 15.5 -24.0 -23.0
v 15.7 -24.0 -22.0
v 16.0 -24.4 -21.0
v 15.8 -23.0 -24.0
v 16.0 -23.0 -24.3
v 15.8 -23.0 -23.0
v 16.0 -23.0 -22.7
v 16.0 -23.7 -22.0
v 16.0 -22.7 -24.0
v 16.0 -22.7 -23.0
v 16.0 -10.0 -26.2
v 16.0 -10.2 -26.0
v 16.0 -10.4 -25.0
v 16.0 -10.4 -24.0
v 16.0 -10.3 -23.0
v 16.0 -10.0 -22.5
v 16.0 -9.0 -26.6
v 16.0 -9.6 -22.0
v 16.0 -9.0 -21.2
v 16.0 -8.0 -26.6
v 16.0 -8.0 -21.4
v 16.0 -7.3 -26.0
v 16.0 -7.0 -25.7
v 16.0 -6.2 -25.0
v 16.0 -6.0 -24.8
v 16.0 -7.0 -21.7
v 16.0 -6.0 -22.5
v 16.0 -5.5 -24.0
v 16.0 -5.5 -23.0
v 16.1 -43.0 -3.0
v 17.0 -42.0 -3.2
v 17.1 -42.0 -3.0
v 16.1 -42.0 -2.0
v 17.0 -42.0 -2.9
v 17.0 -41.0 -4.5
v 17.0 -41.5 -4.0
v 17.0 -41.0 -2.5
v 16.0 -40.0 -6.4
v 17.0 -40.0 -5.4
v 17.0 -40.4 -5.0
v 17.0 -40.4 -2.0
v 17.0 -40.0 -1.7
v 16.3 -39.0 -7.0
v 17.0 -39.0 -6.2
v 17.0 -39.0 -1.5
v 16.2 -38.0 -8.0
v 16.4 -38.0 -7.0
v 17.0 -38.3 -6.0
v 16.9 -38.0 -6.0
v 17.0 -38.0 -5.9
v 17.0 -38.0 -1.5
v 16.3 -37.0 -8.0
v 16.6 -37.0 -7.0
v 17.0 -37.0 -6.7
v 17.0 -37.0 -1.4
v 16.1 -36.0 -8.0
v 17.0 -36.0 -7.4
v 17.0 -36.6 -7.0
v 17.0 -36.4 -1.0
v 17.0 -36.0 -0.6
v 16.4 -35.0 -7.0
v 17.0 -35.3 -7.0
v 17.0 -35.0 -6.9
v 16.4 -35.0 -3.0
v 16.2 -35.0 -2.0
v 17.0 -35.4 0.0
v 17.0 -35.0 0.4
v 17.0 -34.5 -7.0
v 16.8 -34.0 -7.0
v 17.0 -34.0 -7.2
v 16.5 -34.0 -6.0
v 16.5 -34.0 -5.0
v 16.6 -34.0 -4.0
v 16.9 -34.0 -3.0
v 17.0 -34.5 1.0
v 16.4 -34.0 2.0
v 17.0 -34.0 1.5
v 17.0 -33.8 -7.0
v 17.0 -33.5 -6.0
v 17.0 -33.5 -5.0
v 17.0 -33.6 -4.0
v 16.6 -33.0 -3.0
v 17.0 -33.0 -3.4
v 17.0 -33.4 2.0
v 16.3 -33.0 3.0
v 17.0 -33.0 2.4
v 16.5 -32.0 -3.0
v 17.0 -32.0 -3.5
v 16.5 -32.0 3.0
v 17.0 -32.0 2.5
v 16.8 -31.0 -3.0
v 17.0 -31.0 -3.2
v 16.4 -31.0 -2.0
v 16.5 -31.0 3.0
v 17.0 -31.0 2.5
v 17.0 -30.8 -3.0
v 17.0 -30.6 -2.0
v 17.0 -30.5 -1.0
v 16.8 -30.0 0.0
v 17.0 -30.0 -0.1
v 16.3 -30.0 3.0
v 17.0 -30.0 2.4
v 17.0 -29.9 0.0
v 17.0 -29.6 1.0
v 16.7 -29.0 2.0
v 17.0 -29.1 2.0
v 16.9 -28.0 -14.0
v 17.0 -28.0 -15.0
v 17.0 -28.1 -14.0
v 17.0 -28.0 -13.2
v 16.8 -27.0 -24.0
v 17.0 -27.0 -24.2
v 17.0 -27.6 -24.0
v 17.0 -27.7 -23.0
v 16.7 -27.0 -23.0
v 17.0 -27.0 -22.7
v 17.0 -27.0 -17.4
v 17.0 -27.3 -17.0
v 17.0 -27.1 -16.0
v 16.9 -27.0 -16.0
v 17.0 -27.0 -15.8
v 17.0 -27.9 -14.0
v 16.6 -26.0 -24.0
v 17.0 -26.0 -24.5
v 16.4 -26.0 -23.0
v 17.0 -26.5 -22.0
v 17.0 -26.4 -21.0
v 17.0 -26.4 -20.0
v 17.0 -26.4 -19.0
v 17.0 -26.5 -18.0
v 17.0 -26.9 -16.0
v 17.0 -26.0 -16.6
v 16.7 -25.0 -25.0
v 17.0 -25.0 -25.3
v 17.0 -25.4 -25.0
v 16.4 -25.0 -20.0
v 17.0 -25.0 -19.4
v 17.0 -25.5 -19.0
v 17.0 -25.6 -18.0
v 17.0 -25.7 -17.0
v 16.5 -24.0 -25.0
v 17.0 -24.0 -25.5
v 16.6 -24.0 -21.0
v 17.0 -24.0 -20.7
v 17.0 -24.6 -20.0
v 16.5 -23.0 -25.0
v 17.0 -23.0 -25.7
v 17.0 -23.2 -22.0
v 17.0 -23.0 -22.2
v 17.0 -23.7 -21.0
v 16.8 -22.0 -27.0
v 17.0 -22.0 -27.3
v 17.0 -22.3 -27.0
v 17.0 -22.6 -26.0
v 16.7 -22.0 -26.0
v 16.5 -22.0 -25.0
v 16.4 -22.0 -24.0
v 16.6 -22.0 -23.0
v 17.0 -22.0 -22.6
v 16.8 -21.0 -27.0
v 17.0 -21.0 -27.2
v 17.0 -21.0 -26.0
v 16.6 -21.0 -25.0
v 16.7 -21.0 -24.0
v 17.0 -21.0 -23.5
v 17.0 -21.5 -23.0
v 17.0 -20.5 -27.0
v 16.7 -20.0 -26.0
v 17.0 -20.0 -26.7
v 16.7 -20.0 -25.0
v 17.3 -20.0 -24.0
v 16.9 -19.0 -27.0
v 17.0 -19.0 -27.2
v 17.0 -19.4 -27.0
v 16.8 -19.0 -26.0
v 17.0 -18.8 -27.0
v 17.0 -18.7 -26.0
v 17.0 -10.0 -28.0
v 17.0 -10.0 -28.0
v 16.3 -10.0 -26.0
v 16.5 -10.0 -25.0
v 16.4 -10.0 -23.0
v 16.6 -9.0 -28.0
v 17.0 -9.0 -28.6
v 17.0 -9.5 -27.0
v 16.5 -9.0 -27.0
v 17.0 -9.6 -26.0
v 17.0 -9.6 -25.0
v 17.0 -9.6 -24.0
v 17.0 -9.6 -23.0
v 17.0 -9.3 -22.0
v 17.0 -9.0 -21.7
v 16.7 -8.0 -29.0
v 16.8 -8.0 -29.1
v 16.5 -8.0 -28.0
v 16.4 -8.0 -27.0
v 17.0 -8.0 -21.7
v 16.8 -7.0 -29.0
v 17.0 -7.0 -29.3
v 16.6 -7.0 -28.0
v 16.5 -7.0 -27.0
v 16.2 -7.0 -26.0
v 17.0 -7.0 -22.3
v 17.0 -6.8 -29.0
v 17.0 -6.4 -28.0
v 16.7 -6.0 -27.0
v 16.6 -6.0 -26.0
v 16.2 -6.0 -25.0
v 17.0 -6.0 -22.7
v 17.0 -5.6 -27.0
v 17.0 -5.4 -26.0
v 17.0 -5.1 -25.0
v 17.0 -5.5 -24.0
v 17.0 -5.8 -23.0
v 18.0 -41.0 -4.0
v 17.6 -41.0 -3.0
v 18.0 -41.0 -3.9
v 17.4 -40.0 -5.0
v 18.0 -40.0 -4.5
v 18.0 -40.7 -3.0
v 18.0 -40.2 -2.0
v 18.0 -40.0 -1.8
v 17.2 -39.0 -6.0
v 17.8 -39.0 -5.0
v 18.0 -39.0 -4.8
v 18.0 -39.0 -1.6
v 18.0 -38.7 -5.0
v 18.0 -38.0 -5.6
v 18.0 -38.0 -1.6
v 18.0 -37.0 -6.5
v 18.0 -37.5 -6.0
v 18.0 -37.0 -1.6
v 18.0 -36.0 -7.3
v 18.0 -36.3 -7.0
v 17.5 -36.0 -1.0
v 18.0 -36.0 -1.4
v 18.0 -35.2 -7.0
v 18.0 -35.0 -6.9
v 18.0 -35.5 -1.0
v 17.4 -35.0 0.0
v 18.0 -35.0 -0.7
v 18.0 -34.0 -7.5
v 18.0 -34.9 -7.0
v 17.7 -34.0 0.0
v 18.0 -34.0 -0.3
v 17.4 -34.0 1.0
v 17.3 -33.0 -8.0
v 18.0 -33.0 -8.3
v 18.0 -33.4 -8.0
v 17.3 -33.0 -7.0
v 17.4 -33.0 -6.0
v 17.5 -33.0 -5.0
v 17.8 -33.0 -4.0
v 18.0 -33.6 0.0
v 18.0 -33.3 1.0
v 17.4 -33.0 2.0
v 18.0 -33.0 1.3
v 17.6 -32.0 -8.0
v 18.0 -32.0 -8.6
v 17.6 -32.0 -7.0
v 18.0 -32.0 -5.4
v 18.0 -32.3 -5.0
v 17.7 -32.0 -4.0
v 17.5 -32.0 2.0
v 18.0 -32.0 1.3
v 17.7 -31.0 -9.0
v 18.0 -31.0 -9.5
v 18.0 -31.5 -9.0
v 17.6 -31.0 -8.0
v 18.0 -31.0 -7.4
v 18.0 -31.3 -7.0
v 17.7 -32.0 -6.0
v 18.0 -31.6 -4.0
v 18.0 -31.0 -3.6
v 17.7 -31.0 -0.0
v 18.0 -31.4 0.0
v 17.6 -31.0 1.0
v 18.0 -31.7 1.0
v 17.4 -31.0 2.0
v 17.7 -30.0 -10.0
v 18.0 -30.4 -10.0
v 17.6 -30.0 -9.0
v 17.8 -30.0 -8.0
v 18.0 -30.0 -7.7
v 18.0 -30.5 -3.0
v 18.0 -30.6 -2.0
v 18.0 -30.7 -1.0
v 17.1 -30.0 0.0
v 17.4 -30.0 1.0
v 17.3 -30.0 2.0
v 17.7 -29.0 -12.0
v 18.0 -29.0 -12.4
v 18.0 -29.5 -11.0
v 17.7 -29.0 -11.0
v 17.8 -29.0 -10.0
v 18.0 -29.0 -9.6
v 18.0 -29.4 -9.0
v 18.0 -29.7 -8.0
v 18.0 -28.0 -14.3
v 18.0 -28.2 -14.0
v 18.0 -28.5 -13.0
v 17.1 -28.0 -13.0
v 17.7 -28.0 -12.0
v 18.0 -28.0 -11.6
v 18.0 -28.6 -11.0
v 18.0 -28.8 -10.0
v 17.2 -27.0 -24.0
v 17.2 -27.0 -23.0
v 18.0 -27.0 -17.2
v 18.0 -27.2 -17.0
v 18.0 -27.2 -16.0
v 18.0 -27.0 -15.0
v 18.0 -27.7 -14.0
v 18.0 -27.6 -13.0
v 18.0 -27.8 -12.0
v 18.0 -26.0 -25.3
v 18.0 -26.3 -25.0
v 18.0 -26.4 -24.0
v 18.0 -26.0 -23.4
v 17.6 -26.0 -23.0
v 17.5 -26.0 -22.0
v 17.6 -26.0 -21.0
v 18.0 -26.0 -20.4
v 18.0 -26.2 -20.0
v 18.0 -26.3 -19.0
v 18.0 -26.4 -18.0
v 18.0 -26.8 -16.0
v 18.0 -26.0 -16.7
v 18.0 -27.0 -15.0
v 18.0 -25.0 -25.7
v 18.0 -25.7 -23.0
v 18.0 -25.5 -22.0
v 18.0 -25.6 -21.0
v 18.0 -25.0 -18.7
v 18.0 -25.6 -18.0
v 18.0 -25.8 -17.0
v 18.0 -24.6 -26.0
v 17.5 -24.0 -26.0
v 18.0 -24.4 -20.0
v 18.0 -24.0 -20.4
v 18.0 -24.8 -19.0
v 17.6 -23.0 -27.0
v 18.0 -23.0 -27.9
v 17.3 -23.0 -26.0
v 17.3 -23.0 -22.0
v 18.0 -23.0 -21.3
v 18.0 -23.3 -21.0
v 17.7 -22.0 -28.0
v 18.0 -22.0 -28.2
v 18.0 -22.9 -28.0
v 17.5 -22.0 -22.0
v 18.0 -22.0 -21.5
v 17.8 -21.0 -28.0
v 18.0 -20.0 -28.1
v 17.3 -21.0 -23.0
v 17.7 -21.0 -22.0
v 18.0 -21.0 -21.7
v 17.8 -20.0 -28.0
v 17.2 -20.0 -27.0
v 17.6 -20.0 -23.0
v 18.0 -20.0 -22.4
v 18.0 -20.6 -22.0
v 17.8 -19.0 -28.0
v 18.0 -19.0 -28.2
v 17.3 -19.0 -25.0
v 17.5 -19.0 -24.0
v 17.6 -19.0 -23.0
v 18.0 -19.0 -22.5
v 18.0 -18.1 -28.0
v 17.6 -18.0 -27.0
v 18.0 -18.0 -27.9
v 17.4 -18.0 -26.0
v 17.5 -18.0 -25.0
v 17.5 -18.0 -24.0
v 17.6 -18.0 -23.0
v 18.0 -18.0 -22.6
v 18.0 -17.4 -27.0
v 17.6 -17.0 -26.0
v 18.0 -17.0 -26.6
v 17.5 -17.0 -25.0
v 17.5 -17.0 -24.0
v 17.8 -17.0 -23.0
v 18.0 -17.0 -22.7
v 17.6 -16.0 -26.0
v 18.0 -16.0 -26.5
v 17.6 -16.0 -25.0
v 17.7 -16.0 -24.0
v 18.0 -16.0 -23.6
v 18.0 -16.6 -23.0
v 17.9 -15.0 -26.0
v 18.0 -15.0 -26.1
v 18.0 -15.4 -25.0
v 18.0 -15.7 -24.0
v 18.0 -14.9 -26.0
v 17.6 -10.0 -29.0
v 18.0 -10.0 -29.5
v 18.0 -10.9 -29.0
v 18.0 -10.3 -28.0
v 18.0 -10.0 -27.6
v 17.7 -9.0 -30.0
v 18.0 -9.0 -30.2
v 18.0 -9.4 -30.0
v 17.3 -9.0 -29.0
v 18.0 -9.6 -27.0
v 18.0 -9.5 -26.0
v 18.0 -9.4 -25.0
v 18.0 -9.4 -24.0
v 18.0 -9.2 -23.0
v 17.3 -9.0 -22.0
v 18.0 -9.0 -22.7
v 17.6 -8.0 -30.0
v 18.0 -8.0 -30.4
v 17.4 -8.0 -22.0
v 18.0 -8.0 -22.5
v 17.6 -7.0 -30.0
v 18.0 -7.0 -30.4
v 18.0 -7.0 -22.7
v 17.8 -6.0 -30.0
v 18.0 -6.0 -30.2
v 18.0 -6.0 -29.0
v 17.4 -6.0 -28.0
v 17.4 -6.0 -23.0
v 18.0 -6.6 -23.0
v 18.0 -6.0 -23.6
v 18.0 -5.1 -30.0
v 17.7 -5.0 -28.0
v 18.0 -5.0 -28.4
v 17.5 -5.0 -27.0
v 17.5 -5.0 -26.0
v 18.0 -5.0 -25.6
v 18.0 -5.4 -25.0
v 18.0 -5.7 -24.0
v 18.0 -4.7 -28.0
v 18.0 -4.5 -27.0
v 18.0 -4.4 -26.0
v 18.0 -41.0 -4.0
v 18.6 -40.0 -4.0
v 19.0 -40.1 -3.0
v 19.0 -40.0 -3.2
v 18.3 -40.0 -2.0
v 19.1 -40.0 -3.0
v 19.0 -39.0 -4.6
v 19.0 -39.6 -4.0
v 18.5 -39.0 -2.0
v 19.0 -39.0 -2.5
v 19.0 -38.0 -5.6
v 19.0 -38.6 -5.0
v 18.5 -38.0 -2.0
v 19.0 -38.0 -2.5
v 19.0 -37.0 -6.7
v 18.5 -37.0 -2.0
v 19.0 -37.0 -2.4
v 19.0 -36.0 -7.4
v 19.0 -36.6 -7.0
v 18.7 -36.0 -2.0
v 19.0 -36.0 -2.3
v 18.1 -35.0 -7.0
v 19.0 -35.0 -7.5
v 19.0 -35.0 -1.6
v 19.0 -34.0 -7.8
v 18.5 -34.0 -1.0
v 19.0 -34.0 -1.5
v 19.0 -33.0 -8.7
v 19.0 -33.7 -8.0
v 18.6 -33.0 -1.0
v 19.0 -33.0 -1.5
v 18.4 -33.0 0.0
v 18.2 -33.0 1.0
v 18.5 -32.0 -9.0
v 19.0 -32.0 -9.6
v 19.0 -32.6 -9.0
v 18.2 -32.0 -5.0
v 18.6 -32.0 -1.0
v 19.0 -32.0 -1.6
v 18.4 -32.0 0.0
v 18.2 -32.0 1.0
v 18.7 -31.0 -11.0
v 19.0 -30.8 -11.7
v 19.0 -31.4 -11.0
v 19.0 -31.7 -10.0
v 18.4 -31.0 -10.0
v 18.3 -31.0 -7.0
v 18.5 -31.0 -6.0
v 19.1 -31.0 -5.0
v 18.4 -31.0 -4.0
v 18.6 -31.0 -2.0
v 19.0 -31.5 -2.0
v 19.0 -31.0 -2.3
v 18.3 -31.0 -1.0
v 18.6 -30.0 -12.0
v 19.0 -30.0 -12.5
v 18.3 -30.0 -11.0
v 18.4 -30.0 -7.0
v 18.8 -30.0 -6.0
v 19.0 -30.0 -5.6
v 18.8 -30.0 -4.0
v 19.0 -30.0 -4.4
v 18.9 -30.0 -3.0
v 19.0 -30.0 -2.9
v 18.4 -29.0 -13.0
v 19.0 -29.0 -13.6
v 18.4 -29.0 -9.0
v 18.5 -29.0 -8.0
v 18.8 -29.0 -7.0
v 19.0 -29.0 -6.7
v 19.0 -29.7 -6.0
v 19.0 -29.7 -4.0
v 19.0 -29.9 -3.0
v 19.0 -28.0 -14.5
v 19.0 -28.5 -14.0
v 18.5 -28.0 -11.0
v 19.0 -28.0 -10.5
v 19.0 -28.3 -10.0
v 19.0 -28.5 -9.0
v 19.0 -28.5 -8.0
v 19.0 -28.8 -7.0
v 18.3 -27.0 -17.0
v 18.3 -27.0 -16.0
v 19.0 -27.0 -15.3
v 19.0 -27.3 -15.0
v 19.0 -27.0 -14.7
v 19.0 -27.5 -14.0
v 19.0 -27.5 -13.0
v 19.0 -27.5 -12.0
v 19.0 -27.7 -11.0
v 19.0 -26.0 -25.9
v 19.0 -26.2 -25.0
v 18.5 -26.0 -24.0
v 19.0 -26.0 -24.6
v 18.3 -26.0 -20.0
v 18.7 -26.0 -19.0
v 19.0 -26.0 -18.4
v 19.0 -26.2 -18.0
v 18.4 -26.0 -17.0
v 19.0 -26.0 -17.7
v 19.0 -26.8 -15.0
v 18.5 -25.0 -26.0
v 19.0 -25.0 -26.2
v 19.0 -25.9 -26.0
v 19.0 -25.7 -24.0
v 19.0 -25.4 -23.0
v 18.9 -25.0 -22.0
v 19.0 -25.0 -22.1
v 18.7 -25.0 -21.0
v 18.8 -25.0 -20.0
v 19.0 -25.0 -19.7
v 19.0 -25.5 -19.0
v 19.0 -25.0 -18.6
v 19.0 -25.7 -18.0
v 18.0 -24.0 -27.0
v 19.0 -24.0 -26.3
v 19.0 -24.9 -22.0
v 19.0 -24.8 -21.0
v 18.4 -24.0 -20.0
v 19.0 -24.8 -20.0
v 19.0 -24.0 -19.5
v 19.0 -24.6 -19.0
v 18.4 -23.0 -27.0
v 19.0 -23.5 -26.0
v 18.7 -23.0 -26.0
v 19.0 -23.0 -25.7
v 18.3 -23.0 -21.0
v 18.7 -23.0 -20.0
v 19.0 -23.0 -19.7
v 18.2 -22.0 -28.0
v 18.9 -22.0 -27.0
v 18.9 -22.0 -26.0
v 19.0 -22.0 -25.9
v 18.6 -22.0 -21.0
v 19.0 -22.6 -20.0
v 18.2 -21.0 -28.0
v 18.7 -21.0 -27.0
v 19.0 -21.0 -26.6
v 19.0 -21.8 -26.0
v 19.0 -21.4 -21.0
v 19.0 -21.0 -21.3
v 18.2 -20.0 -28.0
v 18.6 -20.0 -27.0
v 19.0 -20.0 -26.7
v 18.4 -20.0 -22.0
v 19.0 -20.0 -21.5
v 18.2 -19.0 -28.0
v 18.9 -19.0 -27.0
v 19.0 -19.0 -26.9
v 18.5 -19.0 -22.0
v 19.0 -19.0 -21.5
v 19.0 -18.9 -27.0
v 19.0 -18.0 -27.5
v 18.6 -18.0 -22.0
v 18.4 -17.0 -27.0
v 19.0 -17.0 -27.5
v 19.0 -18.0 -21.7
v 19.0 -17.0 -22.3
v 18.5 -16.0 -27.0
v 19.0 -16.0 -27.6
v 18.6 -16.0 -23.0
v 19.0 -16.0 -22.7
v 18.7 -15.0 -28.0
v 19.0 -15.0 -28.3
v 18.4 -15.0 -27.0
v 18.4 -15.0 -25.0
v 18.9 -15.0 -24.0
v 19.0 -15.0 -23.9
v 19.0 -15.7 -23.0
v 18.7 -14.0 -28.0
v 19.0 -14.0 -28.4
v 18.7 -14.0 -27.0
v 19.0 -14.4 -26.0
v 19.0 -14.0 -26.7
v 19.0 -14.6 -25.0
v 19.0 -14.9 -24.0
v 19.0 -13.0 -28.1
v 19.0 -13.0 -27.9
v 19.0 -13.7 -27.0
v 18.9 -13.0 -28.0
v 18.1 -11.0 -29.0
v 19.0 -11.0 -29.5
v 19.0 -11.4 -29.0
v 19.0 -11.0 -28.6
v 18.5 -10.0 -30.0
v 19.0 -10.0 -30.3
v 19.0 -10.5 -30.0
v 19.0 -10.0 -28.3
v 19.0 -9.7 -28.0
v 19.0 -9.0 -30.5
v 19.0 -9.4 -27.0
v 19.0 -9.2 -26.0
v 18.6 -9.0 -25.0
v 19.0 -9.0 -25.6
v 18.4 -9.0 -24.0
v 18.2 -9.0 -23.0
v 19.0 -8.0 -30.6
v 19.0 -8.7 -25.0
v 19.0 -8.2 -24.0
v 19.0 -8.0 -23.8
v 18.4 -8.0 -23.0
v 19.0 -7.0 -30.6
v 18.7 -7.0 -24.0
v 19.0 -7.7 -24.0
v 19.0 -7.0 -24.3
v 18.3 -7.0 -23.0
v 19.0 -6.0 -30.6
v 18.8 -6.0 -25.0
v 19.0 -6.1 -25.0
v 18.3 -6.0 -24.0
v 18.1 -5.0 -30.0
v 19.0 -5.0 -30.4
v 18.4 -5.0 -29.0
v 18.7 -5.0 -26.0
v 19.0 -5.1 -26.0
v 19.0 -5.0 -26.1
v 19.0 -4.5 -30.0
v 19.0 -4.3 -29.0
v 18.6 -4.0 -28.0
v 19.0 -4.0 -28.5
v 18.6 -4.0 -27.0
v 19.0 -4.0 -26.7
v 19.0 -3.6 -28.0
v 19.0 -3.7 -27.0
v 20.0 -39.4 -5.0
v 20.0 -39.0 -5.4
v 20.0 -39.5 -4.0
v 19.5 -39.0 -3.0
v 20.0 -39.0 -3.5
v 19.5 -38.0 -6.0
v 20.0 -38.0 -6.4
v 20.0 -38.4 -6.0
v 19.6 -38.0 -3.0
v 20.0 -38.0 -3.3
v 19.5 -37.0 -7.0
v 20.0 -37.0 -7.6
v 20.0 -37.3 -7.0
v 20.0 -37.0 -2.7
v 20.0 -36.0 -7.7
v 20.0 -36.0 -2.6
v 19.6 -35.0 -8.0
v 20.0 -35.0 -8.4
v 20.0 -35.5 -8.0
v 19.4 -35.0 -2.0
v 20.0 -35.0 -2.4
v 19.7 -34.0 -9.0
v 20.0 -34.0 -9.5
v 20.0 -34.4 -9.0
v 19.2 -34.0 -8.0
v 19.5 -34.0 -2.0
v 20.0 -34.0 -2.4
v 19.8 -33.0 -11.0
v 20.0 -33.2 -11.0
v 20.0 -33.6 -10.0
v 19.6 -33.0 -10.0
v 19.3 -33.0 -9.0
v 19.5 -33.0 -2.0
v 20.0 -33.0 -2.4
v 19.7 -32.0 -12.0
v 20.0 -32.0 -12.4
v 20.0 -32.3 -12.0
v 19.4 -32.0 -11.0
v 19.3 -32.0 -10.0
v 19.4 -32.0 -2.0
v 20.0 -32.0 -2.4
v 19.8 -31.0 -15.0
v 20.0 -31.0 -15.2
v 20.0 -31.2 -15.0
v 19.6 -31.0 -14.0
v 20.0 -31.6 -13.0
v 19.6 -31.0 -13.0
v 19.3 -31.0 -12.0
v 19.1 -31.0 -5.0
v 20.0 -31.0 -2.6
v 20.0 -30.0 -17.6
v 20.0 -30.1 -17.0
v 20.0 -30.0 -16.8
v 19.6 -30.0 -15.0
v 20.0 -30.0 -15.7
v 19.5 -30.0 -14.0
v 19.3 -30.0 -13.0
v 19.4 -30.0 -5.0
v 19.3 -30.0 -3.0
v 20.0 -30.2 -3.0
v 20.0 -30.0 -3.2
v 19.8 -29.0 -18.0
v 20.0 -29.0 -18.2
v 20.0 -29.8 -18.0
v 19.9 -30.0 -17.0
v 20.0 -29.0 -17.4
v 20.0 -29.6 -16.0
v 19.7 -29.0 -16.0
v 20.0 -29.0 -16.7
v 19.5 -29.0 -15.0
v 19.3 -29.0 -14.0
v 20.0 -29.4 -6.0
v 20.0 -29.0 -6.5
v 20.0 -29.5 -5.0
v 20.0 -29.2 -4.0
v 20.0 -28.0 -18.1
v 20.0 -28.0 -17.5
v 19.6 -28.0 -16.0
v 20.0 -28.0 -16.8
v 19.3 -28.0 -15.0
v 19.5 -28.0 -10.0
v 20.0 -28.0 -9.0
v 19.8 -28.0 -8.0
v 20.0 -28.0 -7.8
v 20.0 -28.5 -7.0
v 19.9 -28.0 -18.0
v 20.1 -27.0 -18.0
v 19.6 -27.0 -17.0
v 20.0 -27.8 -17.0
v 19.3 -27.0 -16.0
v 19.7 -27.0 -14.0
v 20.0 -27.0 -13.7
v 20.0 -27.4 -13.0
v 20.0 -27.5 -12.0
v 20.0 -27.5 -11.0
v 20.0 -27.6 -10.0
v 20.0 -27.8 -8.0
v 19.3 -26.0 -25.0
v 19.4 -26.0 -19.0
v 20.0 -26.0 -19.5
v 20.0 -26.4 -19.0
v 20.0 -26.8 -18.0
v 19.4 -26.0 -17.0
v 19.6 -26.0 -16.0
v 19.9 -26.0 -15.0
v 20.0 -26.0 -14.9
v 20.0 -26.8 -14.0
v 19.3 -25.0 -26.0
v 20.0 -25.0 -25.2
v 20.0 -25.2 -25.0
v 20.0 -25.4 -24.0
v 20.0 -25.4 -23.0
v 20.0 -25.4 -22.0
v 19.1 -25.0 -22.0
v 20.0 -25.4 -21.0
v 19.3 -25.0 -21.0
v 20.0 -25.6 -20.0
v 19.2 -25.0 -20.0
v 19.5 -25.0 -18.0
v 20.0 -25.0 -17.5
v 20.0 -25.4 -17.0
v 20.0 -25.7 -16.0
v 20.0 -25.9 -15.0
v 19.3 -24.0 -26.0
v 20.0 -24.7 -25.0
v 19.7 -24.0 -25.0
v 20.0 -24.0 -24.7
v 19.4 -24.0 -19.0
v 20.0 -24.0 -18.4
v 20.0 -24.5 -18.0
v 19.7 -23.0 -25.0
v 20.0 -23.0 -24.8
v 19.7 -23.0 -19.0
v 20.0 -22.0 -25.4
v 20.0 -22.7 -25.0
v 19.4 -22.0 -20.0
v 20.0 -22.0 -19.4
v 19.6 -21.0 -26.0
v 20.0 -21.0 -25.7
v 19.3 -21.0 -21.0
v 19.7 -21.0 -20.0
v 20.0 -21.0 -19.5
v 20.0 -20.0 -26.5
v 20.0 -20.7 -26.0
v 19.5 -20.0 -21.0
v 20.0 -20.0 -20.3
v 20.0 -20.4 -20.0
v 19.2 -19.0 -27.0
v 20.0 -19.0 -27.3
v 20.0 -19.4 -27.0
v 19.7 -19.0 -21.0
v 20.0 -19.0 -20.7
v 20.0 -18.0 -27.6
v 20.0 -18.6 -21.0
v 20.0 -18.0 -21.4
v 19.6 -17.0 -28.0
v 20.0 -17.0 -28.3
v 20.0 -17.4 -28.0
v 19.5 -17.0 -22.0
v 20.0 -17.0 -21.7
v 19.4 -16.0 -28.0
v 20.0 -16.0 -28.6
v 20.0 -16.7 -22.0
v 20.0 -16.0 -22.7
v 19.7 -15.0 -29.0
v 20.0 -15.0 -29.3
v 20.0 -15.4 -29.0
v 19.2 -15.0 -24.0
v 20.0 -15.3 -24.0
v 20.0 -15.0 -24.5
v 20.0 -15.7 -23.0
v 19.5 -14.0 -29.0
v 20.0 -14.0 -29.6
v 20.0 -14.4 -26.0
v 20.0 -14.0 -26.5
v 20.0 -14.7 -25.0
v 19.8 -13.0 -30.0
v 20.0 -13.0 -30.3
v 20.0 -13.4 -30.0
v 19.4 -13.0 -29.0
v 20.0 -13.5 -27.0
v 20.0 -13.0 -27.4
v 19.6 -12.0 -30.0
v 20.0 -12.0 -30.5
v 19.4 -12.0 -29.0
v 19.6 -12.0 -28.0
v 20.0 -12.0 -27.6
v 19.4 -11.0 -30.0
v 20.0 -11.0 -30.5
v 19.7 -11.0 -28.0
v 20.0 -11.0 -27.8
v 20.0 -10.0 -30.6
v 20.0 -10.6 -28.0
v 20.0 -10.0 -28.4
v 20.0 -9.0 -30.8
v 19.7 -9.0 -28.0
v 20.0 -9.0 -28.3
v 19.4 -9.0 -27.0
v 19.3 -9.0 -26.0
v 19.6 -8.0 -31.0
v 20.0 -8.0 -31.4
v 20.0 -8.6 -31.0
v 20.0 -8.6 -28.0
v 20.0 -8.0 -27.4
v 19.7 -8.0 -27.0
v 19.7 -8.0 -26.0
v 20.0 -8.1 -25.0
v 19.2 -8.0 -24.0
v 20.0 -8.0 -24.9
v 19.5 -7.0 -31.0
v 20.0 -7.0 -31.5
v 20.0 -7.7 -27.0
v 20.0 -7.6 -26.0
v 20.0 -7.0 -24.7
v 19.5 -6.0 -31.0
v 20.0 -6.0 -31.5
v 19.6 -5.0 -31.0
v 20.0 -5.0 -31.4
v 19.4 -5.0 -26.0
v 20.0 -5.0 -25.8
v 20.0 -6.0 -24.9
v 20.0 -4.5 -31.0
v 19.6 -4.0 -30.0
v 20.0 -4.0 -30.5
v 19.3 -4.0 -29.0
v 20.0 -4.8 -26.0
v 20.0 -4.0 -26.5
v 20.0 -3.5 -30.0
v 19.7 -3.0 -29.0
v 20.0 -3.0 -29.4
v 19.7 -3.0 -28.0
v 20.0 -3.0 -27.7
v 20.0 -3.5 -27.0
v 20.0 -2.8 -29.0
v 20.0 -2.8 -28.0
v 20.8 -40.0 -5.0
v 21.0 -40.0 -5.2
v 21.0 -40.2 -5.0
v 21.0 -40.0 -4.0
v 21.0 -39.0 -5.7
v 21.0 -39.0 -3.7
v 21.0 -38.0 -6.4
v 21.0 -38.6 -6.0
v 21.0 -38.0 -3.6
v 20.5 -37.0 -7.0
v 21.0 -37.0 -6.7
v 21.0 -37.0 -3.5
v 21.0 -36.0 -7.6
v 21.0 -36.7 -7.0
v 20.6 -36.0 -3.0
v 20.8 -35.0 -9.0
v 21.0 -35.1 -9.0
v 21.0 -35.6 -8.0
v 21.0 -35.6 -3.0
v 21.0 -35.0 -2.6
v 20.7 -34.0 -10.0
v 21.0 -34.0 -10.2
v 21.0 -34.2 -10.0
v 21.0 -34.0 -2.5
v 21.0 -33.0 -11.6
v 21.0 -33.5 -11.0
v 21.0 -33.0 -2.5
v 20.6 -32.0 -13.0
v 21.0 -32.0 -13.4
v 21.0 -32.3 -13.0
v 21.0 -32.7 -12.0
v 21.0 -32.0 -2.5
v 21.0 -31.0 -15.3
v 21.0 -31.3 -15.0
v 21.0 -31.6 -14.0
v 21.0 -31.0 -2.5
v 21.0 -30.0 -17.3
v 21.0 -30.2 -17.0
v 21.0 -30.4 -16.0
v 20.4 -30.0 -16.0
v 20.4 -30.0 -3.0
v 21.0 -30.0 -2.7
v 21.0 -29.0 -18.3
v 21.0 -29.4 -18.0
v 20.2 -29.0 -17.0
v 21.0 -29.4 -6.0
v 21.0 -29.0 -6.5
v 21.0 -29.4 -5.0
v 21.0 -29.3 -4.0
v 21.0 -29.7 -3.0
v 20.9 -28.0 -19.0
v 21.0 -28.0 -19.1
v 20.1 -28.0 -17.0
v 21.0 -28.5 -7.0
v 21.0 -28.0 -7.7
v 20.5 -27.0 -19.0
v 21.0 -27.0 -19.4
v 20.7 -27.0 -14.0
v 21.0 -27.1 -14.0
v 21.0 -27.0 -14.1
v 21.0 -27.4 -13.0
v 21.0 -27.4 -12.0
v 21.0 -27.4 -10.0
v 21.0 -27.5 -9.0
v 21.0 -27.7 -8.0
v 20.7 -26.0 -20.0
v 21.0 -26.0 -20.3
v 21.0 -26.2 -20.0
v 21.0 -26.2 -15.0
v 21.0 -26.0 -15.2
v 20.1 -25.0 -25.0
v 20.4 -25.0 -24.0
v 20.6 -25.0 -23.0
v 21.0 -25.0 -22.5
v 21.0 -25.3 -22.0
v 21.0 -25.6 -21.0
v 20.5 -25.0 -17.0
v 21.0 -25.0 -16.6
v 21.0 -25.5 -16.0
v 21.0 -24.4 -24.0
v 21.0 -24.0 -24.3
v 21.0 -24.7 -23.0
v 20.4 -24.0 -18.0
v 21.0 -24.0 -17.4
v 21.0 -24.5 -17.0
v 21.0 -23.0 -24.6
v 20.6 -23.0 -18.0
v 21.0 -23.0 -17.6
v 21.0 -22.0 -25.4
v 21.0 -22.5 -25.0
v 20.4 -22.0 -19.0
v 21.0 -22.0 -18.3
v 21.0 -22.5 -18.0
v 21.0 -21.0 -25.6
v 20.4 -21.0 -19.0
v 21.0 -21.0 -18.4
v 21.0 -20.0 -26.5
v 21.0 -20.5 -26.0
v 20.3 -20.0 -20.0
v 20.2 -20.0 -19.0
v 20.9 -20.0 -18.0
v 21.0 -20.0 -18.0
v 21.0 -19.0 -27.4
v 21.0 -19.5 -27.0
v 21.0 -19.5 -20.0
v 21.0 -19.0 -20.5
v 21.0 -19.6 -19.0
v 21.0 -19.9 -18.0
v 21.0 -18.0 -27.7
v 21.0 -18.5 -21.0
v 21.0 -18.0 -21.4
v 21.0 -17.0 -28.5
v 21.0 -17.0 -21.6
v 20.6 -16.0 -29.0
v 21.0 -16.0 -29.3
v 21.0 -16.4 -29.0
v 20.5 -16.0 -23.0
v 21.0 -16.3 -23.0
v 21.0 -16.6 -22.0
v 21.0 -15.0 -29.7
v 20.5 -15.0 -25.0
v 21.0 -15.3 -25.0
v 21.0 -15.0 -25.4
v 21.0 -15.7 -24.0
v 20.5 -14.0 -30.0
v 21.0 -14.0 -30.4
v 21.0 -14.5 -30.0
v 21.0 -14.5 -26.0
v 21.0 -14.0 -26.5
v 21.0 -13.0 -30.7
v 21.0 -13.4 -27.0
v 21.0 -13.0 -27.3
v 20.6 -12.0 -31.0
v 21.0 -12.0 -31.3
v 21.0 -12.5 -31.0
v 21.0 -12.0 -27.5
v 20.5 -11.0 -31.0
v 21.0 -11.0 -31.5
v 21.0 -11.0 -27.6
v 20.5 -10.0 -31.0
v 21.0 -10.0 -31.6
v 21.0 -10.0 -28.4
v 20.7 -9.0 -32.0
v 21.0 -9.0 -32.3
v 21.0 -9.4 -32.0
v 20.3 -9.0 -31.0
v 21.0 -9.0 -28.6
v 20.5 -8.0 -32.0
v 21.0 -8.0 -32.5
v 20.5 -8.0 -28.0
v 21.0 -8.0 -28.4
v 20.1 -8.0 -25.0
v 20.5 -7.0 -32.0
v 21.0 -7.0 -32.5
v 21.0 -7.5 -28.0
v 20.6 -7.0 -27.0
v 21.0 -7.0 -27.4
v 20.5 -7.0 -26.0
v 20.3 -7.0 -25.0
v 21.0 -6.0 -32.5
v 21.0 -6.6 -27.0
v 21.0 -6.2 -26.0
v 21.0 -6.0 -25.9
v 20.1 -6.0 -25.0
v 20.5 -5.0 -32.0
v 21.0 -5.0 -32.5
v 20.4 -5.0 -26.0
v 21.0 -5.7 -26.0
v 21.0 -5.0 -26.3
v 20.7 -4.0 -32.0
v 21.0 -4.0 -32.3
v 20.3 -4.0 -31.0
v 21.0 -4.0 -26.5
v 21.0 -3.6 -32.0
v 20.7 -3.0 -31.0
v 21.0 -3.0 -31.4
v 20.5 -3.0 -30.0
v 21.0 -3.5 -27.0
v 21.0 -3.0 -27.6
v 21.0 -2.7 -31.0
v 21.0 -2.6 -30.0
v 21.0 -2.5 -29.0
v 21.0 -2.7 -28.0
v 22.0 -40.0 -5.0
v 22.0 -40.0 -5.0
v 21.0 -40.0 -4.0
v 22.0 -40.0 -5.0
v 21.6 -39.0 -6.0
v 22.0 -39.0 -6.2
v 22.0 -39.3 -6.0
v 21.4 -39.0 -4.0
v 22.0 -39.0 -4.6
v 22.0 -38.0 -6.5
v 21.5 -38.0 -4.0
v 22.0 -38.0 -4.5
v 22.0 -37.0 -6.6
v 21.5 -37.0 -4.0
v 22.0 -37.0 -4.5
v 22.0 -36.0 -7.5
v 22.0 -36.5 -7.0
v 21.7 -36.0 -4.0
v 22.0 -36.0 -4.2
v 21.0 -35.0 -9.2
v 22.0 -35.0 -8.8
v 22.0 -35.5 -8.0
v 22.0 -35.8 -4.0
v 22.0 -35.2 -3.0
v 22.0 -35.0 -2.8
v 21.6 -34.0 -10.0
v 22.0 -34.0 -9.8
v 22.0 -34.0 -2.6
v 21.7 -33.0 -12.0
v 22.0 -33.0 -12.2
v 22.0 -33.1 -12.0
v 22.0 -33.9 -10.0
v 22.0 -33.0 -2.5
v 22.0 -32.3 -13.0
v 22.0 -32.0 -2.5
v 21.4 -31.0 -15.0
v 22.0 -31.0 -14.6
v 22.0 -31.5 -14.0
v 22.0 -31.0 -2.5
v 21.3 -30.0 -17.0
v 21.5 -30.0 -16.0
v 22.0 -30.0 -15.6
v 22.0 -30.5 -15.0
v 22.0 -30.0 -2.6
v 21.3 -29.0 -18.0
v 22.0 -29.0 -17.3
v 22.0 -29.3 -17.0
v 22.0 -29.6 -16.0
v 22.0 -29.1 -6.0
v 22.0 -29.0 -6.2
v 21.6 -29.0 -5.0
v 22.0 -29.0 -5.7
v 21.6 -29.0 -4.0
v 22.0 -29.0 -3.7
v 22.0 -29.6 -3.0
v 21.1 -28.0 -19.0
v 21.7 -28.0 -18.0
v 22.0 -28.0 -17.8
v 22.0 -28.0 -8.3
v 22.0 -28.3 -8.0
v 22.0 -28.6 -7.0
v 22.0 -28.7 -5.0
v 22.0 -28.8 -4.0
v 22.0 -27.0 -19.2
v 22.0 -27.3 -19.0
v 21.1 -27.0 -14.0
v 21.5 -27.0 -13.0
v 21.5 -27.0 -12.0
v 21.0 -27.4 -11.0
v 21.6 -27.0 -10.0
v 22.0 -27.0 -9.7
v 22.0 -27.5 -9.0
v 21.4 -26.0 -20.0
v 22.0 -26.0 -19.6
v 21.4 -26.0 -15.0
v 22.0 -26.0 -14.6
v 22.0 -26.5 -14.0
v 22.0 -26.6 -13.0
v 22.0 -26.6 -12.0
v 22.0 -26.6 -11.0
v 22.0 -26.8 -10.0
v 21.5 -25.0 -22.0
v 22.0 -25.0 -21.4
v 22.0 -25.3 -21.0
v 22.0 -25.6 -20.0
v 22.0 -25.2 -16.0
v 22.0 -25.0 -16.2
v 22.0 -25.7 -15.0
v 21.4 -24.0 -24.0
v 22.0 -24.0 -23.4
v 22.0 -24.3 -23.0
v 22.0 -24.6 -22.0
v 21.4 -24.0 -17.0
v 22.0 -24.0 -16.5
v 22.0 -23.0 -24.5
v 22.0 -23.6 -24.0
v 21.5 -23.0 -17.0
v 22.0 -23.0 -16.6
v 22.0 -22.0 -25.4
v 22.0 -22.5 -25.0
v 21.3 -22.0 -18.0
v 21.7 -22.0 -17.0
v 22.0 -22.0 -16.8
v 22.0 -21.0 -25.7
v 21.4 -21.0 -18.0
v 22.0 -21.0 -17.4
v 22.0 -21.6 -17.0
v 22.0 -20.0 -26.5
v 22.0 -20.6 -26.0
v 22.0 -20.0 -17.6
v 22.0 -19.0 -27.5
v 22.0 -19.5 -27.0
v 22.0 -19.0 -20.5
v 22.0 -19.5 -19.0
v 22.0 -19.6 -18.0
v 22.0 -18.4 -28.0
v 22.0 -18.0 -28.3
v 22.0 -18.5 -21.0
v 22.0 -18.0 -21.4
v 22.0 -17.0 -28.7
v 22.0 -17.0 -21.8
v 22.0 -16.0 -29.6
v 22.0 -16.7 -29.0
v 21.5 -16.0 -24.0
v 22.0 -16.3 -24.0
v 22.0 -16.6 -23.0
v 21.5 -15.0 -30.0
v 22.0 -15.0 -30.4
v 22.0 -15.5 -30.0
v 22.0 -15.5 -25.0
v 22.0 -15.0 -25.5
v 21.7 -14.0 -31.0
v 22.0 -14.0 -31.2
v 22.0 -14.3 -31.0
v 22.0 -14.5 -26.0
v 22.0 -14.0 -26.4
v 21.4 -13.0 -31.0
v 22.0 -13.0 -31.4
v 21.5 -13.0 -27.0
v 22.0 -13.0 -26.7
v 22.0 -12.0 -31.7
v 22.0 -12.6 -27.0
v 22.0 -12.0 -27.4
v 21.6 -11.0 -32.0
v 22.0 -11.0 -32.3
v 22.0 -11.0 -27.7
v 21.4 -10.0 -32.0
v 22.0 -10.0 -32.5
v 22.0 -10.0 -28.5
v 22.0 -9.0 -32.7
v 21.7 -9.0 -29.0
v 22.0 -9.3 -29.0
v 22.0 -9.0 -29.2
v 21.6 -8.0 -33.0
v 22.0 -8.0 -33.3
v 22.0 -8.5 -33.0
v 21.7 -8.0 -29.0
v 22.0 -8.0 -29.3
v 22.0 -7.0 -33.4
v 22.0 -7.6 -29.0
v 21.5 -7.0 -28.0
v 22.0 -7.0 -28.5
v 21.5 -7.0 -33.0
v 22.0 -5.0 -33.4
v 22.0 -6.5 -28.0
v 21.6 -6.0 -27.0
v 22.0 -6.0 -27.4
v 21.1 -6.0 -26.0
v 21.5 -5.0 -33.0
v 22.0 -5.6 -27.0
v 22.0 -5.0 -26.4
v 21.7 -4.0 -33.0
v 22.0 -4.0 -33.3
v 22.0 -4.0 -26.2
v 22.0 -3.5 -33.0
v 21.4 -3.0 -32.0
v 22.0 -3.0 -32.6
v 22.0 -3.3 -28.0
v 22.0 -3.0 -28.4
v 22.0 -3.5 -27.0
v 22.0 -2.0 -32.0
v 22.0 -2.4 -31.0
v 22.0 -2.5 -30.0
v 22.0 -2.6 -29.0
v 22.0 -2.0 -32.0
v 22.9 -39.0 -6.0
v 22.4 -39.0 -5.0
v 23.0 -38.0 -6.2
v 23.0 -38.9 -6.0
v 23.0 -38.0 -5.7
v 22.5 -38.0 -5.0
v 23.0 -37.0 -6.5
v 22.6 -37.0 -5.0
v 23.0 -37.0 -5.5
v 23.0 -36.0 -7.6
v 23.0 -36.6 -7.0
v 23.0 -36.5 -5.0
v 23.0 -36.0 -4.7
v 22.4 -35.0 -9.0
v 23.0 -35.0 -9.3
v 23.0 -35.3 -9.0
v 23.0 -35.7 -8.0
v 23.0 -35.3 -4.0
v 22.3 -35.0 -3.0
v 23.0 -35.0 -3.7
v 22.3 -34.0 -10.0
v 23.0 -34.0 -10.4
v 23.0 -34.4 -10.0
v 22.6 -34.0 -3.0
v 23.0 -34.0 -3.3
v 23.0 -33.0 -11.6
v 23.0 -33.5 -11.0
v 23.0 -33.5 -3.0
v 23.0 -33.0 -2.7
v 22.0 -32.0 -13.4
v 23.0 -32.0 -12.7
v 23.0 -32.6 -12.0
v 23.0 -32.0 -2.6
v 23.0 -31.0 -14.4
v 23.0 -31.4 -14.0
v 23.0 -31.7 -13.0
v 23.0 -31.0 -2.6
v 22.6 -30.0 -15.0
v 23.0 -30.0 -14.7
v 23.0 -30.0 -2.8
v 22.7 -29.0 -16.0
v 23.0 -29.0 -15.7
v 23.0 -29.7 -15.0
v 22.2 -29.0 -6.0
v 23.0 -29.7 -3.0
v 23.0 -29.0 -3.6
v 23.0 -28.0 -17.3
v 23.0 -28.3 -17.0
v 23.0 -28.7 -16.0
v 23.0 -28.4 -8.0
v 23.0 -28.0 -8.5
v 23.0 -28.5 -7.0
v 23.0 -28.5 -6.0
v 23.0 -28.5 -5.0
v 23.0 -28.6 -4.0
v 22.2 -27.0 -19.0
v 22.7 -27.0 -18.0
v 23.0 -27.0 -17.7
v 23.0 -27.5 -9.0
v 23.0 -27.0 -9.5
v 22.7 -26.0 -19.0
v 23.0 -26.0 -18.7
v 23.0 -26.7 -18.0
v 23.0 -26.3 -14.0
v 23.0 -26.0 -14.3
v 23.0 -26.4 -13.0
v 23.0 -26.4 -12.0
v 23.0 -26.4 -11.0
v 23.0 -26.6 -10.0
v 22.3 -25.0 -21.0
v 22.7 -25.0 -20.0
v 23.0 -25.5 -19.2
v 22.3 -25.0 -16.0
v 23.0 -25.0 -15.5
v 23.0 -25.5 -15.0
v 22.4 -24.0 -23.0
v 22.5 -24.0 -22.0
v 22.8 -24.0 -21.0
v 23.0 -24.0 -20.7
v 23.0 -24.7 -20.0
v 23.0 -24.0 -15.7
v 23.0 -23.0 -24.5
v 23.0 -23.4 -24.0
v 23.0 -23.6 -23.0
v 23.0 -23.6 -22.0
v 23.0 -23.8 -21.0
v 23.0 -23.5 -16.0
v 23.0 -23.0 -16.3
v 23.0 -22.0 -25.5
v 23.0 -22.5 -25.0
v 23.0 -22.0 -16.4
v 23.0 -21.3 -26.0
v 23.0 -21.0 -26.3
v 22.4 -21.0 -17.0
v 23.0 -21.0 -16.5
v 23.0 -20.0 -26.6
v 23.0 -20.0 -16.9
v 23.0 -19.0 -27.5
v 23.0 -19.5 -27.0
v 22.0 -19.4 -20.0
v 23.0 -19.0 -20.5
v 23.0 -19.5 -19.0
v 23.0 -19.5 -18.0
v 23.0 -19.9 -17.0
v 23.0 -18.0 -28.5
v 23.0 -18.5 -28.0
v 23.0 -18.5 -21.0
v 23.0 -18.0 -21.5
v 22.5 -17.0 -29.0
v 23.0 -17.0 -29.4
v 23.0 -17.4 -29.0
v 22.8 -17.0 -23.0
v 23.0 -17.0 -23.1
v 22.0 -16.8 -22.0
v 23.0 -17.5 -22.0
v 22.6 -16.0 -30.0
v 23.0 -16.0 -30.3
v 23.0 -16.3 -30.0
v 23.0 -16.3 -24.0
v 23.0 -16.0 -24.4
v 23.0 -15.0 -30.6
v 23.0 -15.5 -25.0
v 23.0 -15.0 -25.5
v 23.0 -14.0 -31.4
v 23.0 -14.5 -31.0
v 23.0 -14.4 -26.0
v 23.0 -14.0 -26.3
v 23.0 -13.0 -31.6
v 23.0 -13.0 -26.6
v 22.5 -12.0 -32.0
v 23.0 -12.0 -32.3
v 23.0 -12.4 -32.0
v 23.0 -12.5 -27.0
v 23.0 -12.0 -27.5
v 23.0 -11.0 -32.6
v 23.0 -11.0 -28.3
v 22.7 -10.0 -33.0
v 23.0 -10.0 -33.3
v 23.0 -10.3 -33.0
v 23.0 -10.0 -28.6
v 22.4 -9.0 -33.0
v 23.0 -9.0 -33.4
v 23.0 -9.5 -29.0
v 23.0 -9.0 -29.4
v 23.0 -8.0 -33.6
v 23.0 -8.0 -29.5
v 22.6 -7.0 -29.0
v 23.0 -7.0 -29.3
v 23.0 -7.0 -33.6
v 23.0 -6.6 -29.0
v 22.6 -6.0 -28.0
v 23.0 -6.0 -28.4
v 23.0 -5.7 -28.0
v 23.0 -5.3 -27.0
v 23.0 -5.0 -26.3
v 23.0 -4.0 -33.6
v 23.0 -4.0 -26.6
v 22.4 -3.0 -33.0
v 23.0 -3.0 -33.4
v 23.0 -3.4 -28.0
v 23.0 -3.0 -28.6
v 23.0 -3.7 -27.0
v 22.8 -2.0 -33.0
v 23.0 -2.0 -33.2
v 23.0 -2.4 -31.0
v 23.0 -2.0 -31.7
v 23.0 -2.5 -30.0
v 23.0 -2.7 -29.0
v 23.0 -1.8 -33.0
v 23.0 -1.8 -32.0
v 23.2 -38.0 -6.0
v 23.3 -37.0 -6.0
v 23.4 -36.0 -8.0
v 24.0 -36.0 -8.5
v 24.0 -36.4 -8.0
v 24.0 -36.8 -7.0
v 23.7 -36.0 -6.0
v 24.0 -36.0 -6.4
v 23.3 -36.0 -5.0
v 24.0 -35.0 -9.6
v 24.0 -35.6 -9.0
v 24.0 -35.6 -6.0
v 24.0 -35.0 -5.4
v 23.7 -35.0 -5.0
v 23.3 -35.0 -4.0
v 24.0 -34.0 -10.6
v 24.0 -34.6 -5.0
v 24.0 -34.3 -4.0
v 24.0 -34.0 -3.8
v 24.0 -33.0 -11.6
v 23.4 -33.0 -3.0
v 24.0 -33.0 -3.5
v 24.0 -32.0 -12.6
v 24.0 -32.6 -12.0
v 23.5 -32.0 -3.0
v 24.0 -32.0 -3.5
v 24.0 -31.0 -14.2
v 24.0 -31.2 -14.0
v 24.0 -31.6 -13.0
v 23.5 -31.0 -3.0
v 24.0 -31.0 -3.5
v 24.0 -30.0 -14.6
v 23.3 -30.0 -3.0
v 24.0 -30.0 -3.5
v 24.0 -29.0 -15.5
v 24.0 -29.5 -15.0
v 24.0 -29.0 -3.8
v 23.5 -28.0 -17.0
v 24.0 -28.0 -16.6
v 24.0 -28.5 -16.0
v 24.0 -28.2 -8.0
v 24.0 -28.0 -8.3
v 24.0 -28.3 -7.0
v 23.8 -28.0 -6.0
v 24.0 -28.0 -6.3
v 24.0 -28.0 -5.7
v 24.0 -28.3 -5.0
v 24.0 -28.8 -4.0
v 24.0 -27.0 -17.6
v 24.0 -27.6 -17.0
v 24.0 -27.5 -9.0
v 24.0 -27.0 -9.5
v 24.0 -27.8 -6.0
v 24.0 -26.0 -18.5
v 24.0 -26.6 -18.0
v 23.3 -26.0 -14.0
v 23.5 -26.0 -13.0
v 23.5 -26.0 -12.0
v 23.6 -26.0 -11.0
v 24.0 -26.0 -10.7
v 24.0 -26.5 -10.0
v 24.0 -24.5 -20.0
v 24.0 -25.5 -19.0
v 24.0 -25.3 -15.0
v 24.0 -25.0 -15.2
v 24.0 -25.6 -14.0
v 24.0 -25.6 -13.0
v 24.0 -25.5 -12.0
v 24.0 -25.7 -11.0
v 24.0 -24.0 -20.5
v 24.0 -24.0 -15.5
v 24.0 -23.0 -24.3
v 24.0 -23.3 -24.0
v 24.0 -23.5 -23.0
v 24.0 -23.5 -22.0
v 24.0 -23.6 -21.0
v 23.4 -23.0 -16.0
v 24.0 -23.0 -15.6
v 24.0 -22.0 -25.2
v 24.0 -22.2 -25.0
v 23.5 -22.0 -16.0
v 24.0 -22.0 -15.6
v 24.0 -21.0 -26.1
v 24.0 -21.1 -26.0
v 23.7 -21.0 -16.0
v 24.0 -21.0 -15.8
v 24.0 -20.0 -26.6
v 24.0 -20.3 -17.0
v 24.0 -20.0 -17.4
v 24.0 -20.8 -16.0
v 24.0 -19.0 -27.5
v 24.0 -19.5 -27.0
v 24.0 -19.4 -20.0
v 24.0 -19.0 -20.5
v 24.0 -19.5 -19.0
v 24.0 -19.6 -18.0
v 24.0 -18.0 -28.4
v 24.0 -18.4 -28.0
v 24.0 -18.5 -21.0
v 24.0 -18.0 -21.5
v 24.0 -17.0 -29.5
v 24.0 -17.5 -29.0
v 23.0 -17.1 -23.0
v 24.0 -17.0 -22.6
v 24.0 -17.5 -22.0
v 24.0 -16.0 -30.4
v 24.0 -16.5 -30.0
v 23.5 -16.0 -24.0
v 24.0 -16.0 -23.6
v 24.0 -16.6 -23.0
v 24.0 -15.2 -25.0
v 24.0 -15.0 -25.2
v 24.0 -15.6 -24.0
v 24.0 -14.0 -31.4
v 24.0 -14.6 -31.0
v 23.5 -14.0 -26.0
v 24.0 -14.0 -25.6
v 24.0 -13.0 -31.7
v 24.0 -13.6 -26.0
v 24.0 -13.0 -26.5
v 24.0 -12.0 -32.4
v 24.0 -12.6 -32.0
v 24.0 -12.5 -27.0
v 24.0 -12.0 -27.5
v 24.0 -11.0 -32.7
v 24.0 -11.4 -28.0
v 24.0 -11.0 -28.3
v 24.0 -10.0 -33.4
v 24.0 -10.6 -33.0
v 24.0 -10.0 -28.6
v 24.0 -9.0 -33.6
v 24.0 -9.5 -29.0
v 24.0 -9.0 -29.4
v 23.7 -8.0 -34.0
v 24.0 -8.0 -34.2
v 24.0 -8.3 -34.0
v 24.0 -8.0 -29.5
v 23.5 -7.0 -34.0
v 24.0 -7.0 -34.4
v 24.0 -7.0 -29.5
v 24.0 -5.0 -34.4
v 23.6 -6.0 -29.0
v 24.0 -6.0 -29.2
v 23.0 -5.0 -33.6
v 24.0 -5.7 -29.0
v 24.0 -5.3 -28.0
v 23.4 -5.0 -27.0
v 24.0 -5.0 -27.7
v 23.6 -4.0 -34.0
v 24.0 -4.0 -34.3
v 23.3 -4.0 -27.0
v 24.3 -4.0 -28.0
v 24.0 -3.5 -34.0
v 24.0 -3.0 -33.7
v 23.5 -3.0 -29.0
v 24.0 -3.3 -29.0
v 24.0 -3.0 -29.5
v 24.0 -3.7 -28.0
v 24.0 -2.0 -33.3
v 23.6 -2.0 -32.0
v 24.0 -2.2 -32.0
v 24.0 -2.0 -32.4
v 24.0 -2.5 -31.0
v 24.0 -2.7 -30.0
v 24.0 -1.8 -33.0
v 24.8 -36.0 -9.0
v 25.0 -36.0 -9.2
v 25.0 -36.2 -9.0
v 25.0 -36.7 -8.0
v 24.6 -36.0 -7.0
v 25.0 -36.0 -7.5
v 24.5 -35.0 -10.0
v 25.0 -35.0 -10.5
v 25.0 -35.4 -10.0
v 25.0 -35.5 -7.0
v 24.5 -35.0 -6.0
v 25.0 -35.0 -6.6
v 24.5 -34.0 -11.0
v 25.0 -34.0 -11.5
v 25.0 -34.5 -11.0
v 25.0 -34.4 -6.0
v 24.5 -34.0 -5.0
v 25.0 -34.0 -5.6
v 24.2 -34.0 -4.0
v 24.5 -33.0 -12.0
v 25.0 -33.0 -12.3
v 25.0 -33.4 -12.0
v 24.7 -33.0 -5.0
v 25.5 -33.0 -6.0
v 24.4 -33.0 -4.0
v 25.0 -32.0 -4.6
v 24.5 -32.0 -4.0
v 24.4 -31.0 -14.0
v 25.0 -31.0 -13.6
v 25.0 -31.7 -13.0
v 24.5 -31.0 -4.0
v 25.0 -31.0 -4.5
v 25.0 -30.0 -14.5
v 25.0 -30.6 -14.0
v 24.5 -30.0 -4.0
v 25.0 -30.0 -4.5
v 25.0 -29.0 -15.6
v 25.0 -29.5 -15.0
v 24.3 -29.0 -4.0
v 25.0 -29.0 -4.6
v 25.0 -28.0 -16.7
v 24.3 -28.0 -8.0
v 24.4 -28.0 -7.0
v 24.8 -28.0 -5.0
v 25.0 -28.0 -4.9
v 24.6 -27.0 -18.0
v 25.0 -27.0 -18.3
v 25.0 -27.3 -18.0
v 25.0 -27.7 -17.0
v 25.0 -27.3 -9.0
v 25.0 -27.0 -9.4
v 25.0 -27.6 -8.0
v 25.0 -27.5 -7.0
v 25.0 -27.5 -6.0
v 25.0 -27.9 -5.0
v 25.0 -26.0 -18.7
v 25.0 -26.5 -10.0
v 25.0 -26.0 -10.5
v 25.0 -25.0 -19.6
v 25.0 -25.7 -19.0
v 24.4 -25.0 -15.0
v 25.0 -25.0 -14.3
v 25.0 -25.2 -14.0
v 25.0 -25.2 -13.0
v 24.8 -25.0 -12.0
v 25.0 -25.0 -12.4
v 25.0 -25.0 -11.7
v 25.0 -25.4 -11.0
v 25.0 -24.0 -20.7
v 25.0 -24.6 -20.0
v 25.0 -24.4 -15.0
v 25.0 -24.0 -15.2
v 25.0 -24.8 -12.0
v 24.4 -23.0 -24.0
v 25.0 -23.0 -23.4
v 25.0 -23.3 -23.0
v 25.0 -23.5 -22.0
v 25.0 -23.7 -21.0
v 25.0 -23.0 -15.3
v 24.2 -22.0 -25.0
v 25.0 -22.0 -24.4
v 25.0 -22.5 -24.0
v 25.0 -22.0 -15.4
v 24.1 -21.0 -26.0
v 24.3 -21.0 -25.0
v 25.0 -21.0 -24.7
v 25.0 -21.0 -15.5
v 25.0 -20.0 -26.5
v 25.0 -20.5 -26.0
v 25.0 -20.7 -25.0
v 25.0 -20.4 -17.0
v 25.0 -20.0 -17.5
v 25.0 -20.5 -16.0
v 25.0 -19.0 -27.3
v 25.0 -19.3 -20.0
v 25.0 -19.0 -20.3
v 25.0 -19.5 -19.0
v 25.0 -19.6 -18.0
v 24.6 -18.0 -28.0
v 25.0 -18.0 -27.7
v 25.0 -17.3 -29.0
v 25.0 -17.7 -28.0
v 25.0 -18.3 -21.1
v 25.0 -17.0 -22.4
v 25.0 -16.0 -30.5
v 25.0 -16.5 -30.0
v 25.0 -16.3 -23.0
v 25.0 -16.0 -23.3
v 24.0 -15.0 -30.7
v 25.0 -15.0 -31.3
v 25.0 -15.4 -31.0
v 24.2 -15.0 -25.0
v 24.7 -15.0 -24.0
v 25.0 -15.0 -23.7
v 25.0 -14.0 -31.6
v 24.7 -14.0 -25.0
v 25.0 -14.0 -24.7
v 25.0 -14.7 -24.0
v 24.5 -13.0 -32.0
v 25.0 -13.0 -32.3
v 25.0 -13.4 -32.0
v 25.0 -13.3 -26.0
v 25.0 -13.0 -26.3
v 25.0 -13.7 -25.0
v 25.0 -12.0 -32.6
v 25.0 -12.3 -27.0
v 25.0 -12.0 -27.3
v 24.5 -11.0 -33.0
v 25.0 -11.0 -33.3
v 25.0 -11.4 -33.0
v 24.4 -11.0 -28.0
v 25.0 -11.0 -27.6
v 25.0 -10.0 -33.5
v 25.0 -10.5 -28.0
v 25.0 -10.0 -28.4
v 25.0 -9.0 -33.6
v 25.0 -9.5 -29.0
v 25.0 -9.0 -29.4
v 25.0 -8.0 -34.4
v 25.0 -8.5 -34.0
v 25.0 -8.0 -29.5
v 25.0 -7.0 -34.5
v 25.0 -7.0 -29.5
v 25.0 -6.0 -34.5
v 25.0 -6.0 -29.4
v 25.0 -5.0 -34.5
v 25.0 -5.3 -29.0
v 24.3 -5.0 -28.0
v 25.0 -5.0 -28.7
v 25.0 -4.0 -34.5
v 25.0 -4.0 -28.7
v 24.6 -3.0 -34.0
v 25.0 -3.0 -34.2
v 24.5 -3.0 -30.0
v 25.0 -3.5 -30.0
v 25.0 -3.0 -30.6
v 25.0 -3.8 -29.0
v 25.0 -2.7 -34.0
v 25.0 -2.0 -33.2
v 25.0 -1.9 -32.0
v 25.0 -2.7 -31.0
v 25.0 -1.8 -33.0
v 25.0 -1.9 -32.0
v 25.2 -36.0 -9.0
v 25.3 -36.0 -8.0
v 25.9 -35.0 -11.0
v 26.0 -35.0 -11.1
v 26.0 -35.1 -11.0
v 26.0 -35.3 -10.0
v 26.0 -35.3 -9.0
v 26.3 -35.0 -9.0
v 25.7 -35.0 -8.0
v 25.3 -35.0 -7.0
v 25.6 -34.0 -12.0
v 26.0 -34.0 -12.3
v 26.0 -34.3 -12.0
v 26.1 -34.2 -7.9
v 25.3 -34.0 -6.0
v 26.0 -33.0 -12.7
v 25.7 -34.0 -7.0
v 26.0 -33.0 -6.6
v 25.0 -32.0 -12.7
v 26.0 -32.0 -13.3
v 26.0 -32.5 -13.0
v 25.6 -32.0 -6.0
v 26.0 -32.0 -6.5
v 25.3 -32.0 -5.0
v 26.0 -31.0 -13.7
v 25.6 -31.0 -6.0
v 26.0 -31.0 -6.5
v 25.4 -31.0 -5.0
v 26.0 -30.0 -14.6
v 26.0 -30.6 -14.0
v 25.7 -30.0 -6.0
v 25.4 -30.0 -5.0
v 25.6 -29.0 -16.0
v 26.0 -29.0 -16.3
v 26.0 -29.3 -16.0
v 26.0 -29.6 -15.0
v 25.9 -30.0 -6.3
v 26.0 -29.0 -5.6
v 25.4 -29.0 -5.0
v 25.6 -28.0 -17.0
v 26.0 -28.0 -17.3
v 26.0 -28.2 -17.0
v 25.1 -28.0 -5.0
v 26.0 -28.0 -5.6
v 26.0 -27.0 -18.4
v 26.0 -27.4 -18.0
v 26.0 -27.0 -8.4
v 26.0 -27.2 -8.0
v 25.9 -27.0 -7.0
v 26.0 -27.0 -7.2
v 26.0 -27.0 -6.3
v 26.0 -27.1 -6.0
v 25.6 -26.0 -19.0
v 26.0 -26.0 -19.2
v 26.0 -26.2 -19.0
v 26.0 -26.3 -10.0
v 26.0 -26.0 -10.3
v 26.0 -26.7 -9.0
v 26.0 -26.9 -7.0
v 25.7 -25.0 -20.0
v 26.0 -25.0 -20.2
v 26.0 -25.2 -20.0
v 25.2 -25.0 -14.0
v 25.2 -25.0 -13.0
v 25.6 -25.0 -11.0
v 26.0 -25.0 -10.7
v 25.5 -24.0 -21.0
v 26.0 -24.0 -21.4
v 26.0 -24.4 -21.0
v 25.2 -24.0 -15.0
v 25.5 -24.0 -14.0
v 25.5 -24.0 -13.0
v 25.7 -24.0 -12.0
v 26.0 -24.0 -11.7
v 26.0 -24.7 -11.0
v 25.5 -23.0 -23.0
v 26.0 -23.0 -22.6
v 26.0 -23.5 -22.0
v 25.3 -23.0 -15.0
v 25.5 -23.0 -14.0
v 25.8 -23.0 -13.0
v 26.0 -23.7 -12.0
v 25.5 -22.0 -24.0
v 26.0 -22.0 -23.5
v 26.0 -22.5 -23.0
v 25.4 -22.0 -15.0
v 25.8 -22.0 -14.0
v 26.0 -22.9 -12.8
v 26.0 -21.5 -24.0
v 25.6 -21.0 -15.0
v 26.0 -21.0 -14.7
v 26.0 -21.7 -14.0
v 26.0 -20.0 -26.2
v 26.0 -20.2 -26.0
v 26.0 -20.5 -25.0
v 26.0 -20.3 -17.0
v 26.0 -20.0 -17.5
v 25.9 -20.0 -16.0
v 26.0 -20.0 -16.1
v 26.0 -20.0 -15.6
v 26.0 -20.2 -15.0
v 26.0 -19.0 -26.7
v 25.6 -19.0 -20.0
v 26.0 -19.0 -19.7
v 26.0 -19.4 -19.0
v 26.0 -19.7 -18.0
v 26.0 -19.9 -16.0
v 26.0 -18.0 -27.5
v 26.0 -18.6 -27.0
v 26.0 -18.0 -20.7
v 26.0 -18.8 -20.0
v 25.0 -17.0 -29.4
v 26.0 -16.7 -29.0
v 26.0 -17.5 -28.0
v 26.0 -17.6 -21.0
v 26.0 -16.3 -30.0
v 25.5 -16.0 -23.0
v 26.0 -16.0 -22.6
v 26.0 -16.7 -22.0
v 26.0 -15.0 -31.2
v 26.0 -15.3 -31.0
v 26.0 -15.6 -23.0
v 26.0 -15.0 -23.6
v 26.0 -14.0 -31.5
v 26.0 -14.6 -24.0
v 26.0 -14.0 -24.5
v 26.0 -13.0 -32.4
v 26.0 -13.5 -32.0
v 26.0 -13.0 -25.6
v 26.0 -13.5 -25.0
v 26.0 -12.0 -32.6
v 25.3 -12.0 -27.0
v 26.0 -12.0 -26.5
v 26.0 -12.6 -26.0
v 26.0 -11.0 -33.4
v 26.0 -11.5 -33.0
v 26.0 -11.0 -26.9
v 26.0 -10.0 -33.5
v 25.8 -10.0 -28.0
v 26.0 -10.0 -27.8
v 26.0 -10.9 -27.0
v 26.0 -9.0 -33.7
v 26.0 -9.4 -29.0
v 26.0 -9.0 -29.4
v 26.0 -9.9 -28.0
v 26.0 -8.0 -34.4
v 26.0 -8.6 -34.0
v 26.0 -8.0 -29.5
v 26.0 -7.0 -34.4
v 26.0 -7.0 -29.6
v 26.0 -6.0 -34.4
v 26.0 -6.0 -32.0
v 26.0 -6.0 -32.0
v 26.0 -6.0 -29.6
v 26.0 -5.0 -34.3
v 25.6 -5.0 -32.0
v 26.0 -5.0 -32.6
v 26.0 -5.5 -31.0
v 25.2 -5.0 -31.0
v 25.5 -5.0 -30.0
v 26.0 -5.6 -30.0
v 25.3 -5.0 -29.0
v 26.0 -4.0 -34.2
v 25.7 -4.0 -33.0
v 26.0 -4.4 -33.0
v 26.0 -4.0 -33.6
v 25.6 -4.0 -32.0
v 25.4 -4.0 -31.0
v 25.4 -4.0 -30.0
v 25.2 -4.0 -29.0
v 26.0 -3.1 -34.0
v 25.9 -3.0 -34.0
v 25.7 -3.0 -33.0
v 25.9 -3.0 -32.0
v 25.3 -3.0 -31.0
v 25.2 -2.0 -33.0
v 25.1 -2.0 -32.0
v 26.1 -35.0 -11.0
v 26.3 -35.0 -10.0
v 27.0 -34.0 -12.8
v 27.0 -34.2 -12.0
v 26.7 -34.0 -11.0
v 27.0 -34.0 -11.6
v 26.6 -34.0 -10.0
v 26.5 -34.0 -9.0
v 26.3 -34.0 -8.0
v 26.6 -33.0 -13.0
v 27.0 -33.0 -13.3
v 27.0 -33.9 -13.0
v 27.0 -33.6 -11.0
v 27.0 -33.4 -10.0
v 27.0 -33.0 -9.5
v 26.7 -33.0 -9.0
v 26.6 -33.0 -8.0
v 26.3 -33.0 -7.0
v 27.0 -32.0 -13.7
v 27.0 -32.6 -9.0
v 27.0 -32.3 -8.0
v 27.0 -32.0 -7.7
v 26.5 -32.0 -7.0
v 26.4 -31.0 -14.0
v 27.0 -31.0 -14.4
v 27.0 -31.6 -14.0
v 26.5 -31.0 -7.0
v 27.0 -31.0 -7.5
v 27.0 -30.0 -14.8
v 26.5 -30.0 -7.0
v 27.0 -30.0 -7.5
v 27.0 -29.0 -16.4
v 27.0 -29.5 -16.0
v 27.0 -29.8 -15.0
v 26.6 -29.0 -7.0
v 27.0 -29.0 -7.5
v 26.3 -29.0 -6.0
v 26.7 -28.0 -17.0
v 27.0 -28.0 -16.9
v 26.6 -28.0 -7.0
v 27.0 -28.0 -7.5
v 26.3 -28.0 -6.0
v 27.0 -27.0 -18.4
v 27.0 -27.4 -18.0
v 27.0 -27.9 -17.0
v 26.8 -27.0 -8.0
v 27.0 -27.0 -7.9
v 26.1 -27.0 -7.0
v 26.4 -26.0 -19.0
v 27.0 -26.0 -18.7
v 26.7 -26.0 -10.0
v 27.0 -26.0 -9.9
v 27.0 -26.6 -9.0
v 27.0 -26.9 -8.0
v 26.4 -25.0 -20.0
v 27.0 -25.0 -19.7
v 27.0 -25.7 -19.0
v 27.0 -25.9 -10.0
v 27.0 -25.0 -10.7
v 27.0 -24.0 -21.5
v 27.0 -24.4 -21.0
v 27.0 -24.7 -20.0
v 27.0 -24.5 -11.2
v 27.0 -23.0 -22.3
v 27.0 -23.4 -22.0
v 27.0 -22.8 -12.9
v 26.6 -22.0 -23.0
v 27.0 -22.0 -22.7
v 27.0 -22.0 -13.7
v 26.0 -21.0 -24.4
v 27.0 -21.0 -23.6
v 27.0 -21.7 -23.0
v 26.4 -21.0 -15.0
v 27.0 -21.4 -15.0
v 27.0 -21.0 -15.6
v 27.0 -21.8 -14.0
v 27.0 -19.8 -25.0
v 27.0 -20.0 -24.7
v 27.0 -20.6 -24.0
v 26.4 -20.0 -18.0
v 27.0 -20.4 -18.0
v 27.0 -20.0 -18.5
v 27.0 -20.6 -17.0
v 26.1 -20.0 -16.0
v 27.0 -20.7 -16.0
v 27.0 -19.0 -26.5
v 27.0 -19.5 -26.0
v 26.7 -19.0 -20.0
v 27.0 -19.1 -20.0
v 27.0 -19.0 -20.1
v 27.0 -19.7 -19.0
v 27.0 -18.0 -27.5
v 27.0 -18.5 -27.0
v 27.0 -18.0 -20.6
v 27.0 -17.0 -28.5
v 27.0 -17.5 -28.0
v 27.0 -17.5 -21.0
v 27.0 -17.0 -21.5
v 26.0 -16.0 -30.3
v 27.0 -16.0 -29.6
v 27.0 -16.5 -29.0
v 27.0 -16.5 -22.0
v 27.0 -16.0 -22.5
v 26.3 -15.0 -31.0
v 27.0 -15.0 -30.5
v 27.0 -15.6 -30.0
v 26.6 -15.0 -24.0
v 27.0 -15.2 -24.0
v 27.0 -15.0 -24.3
v 27.0 -15.6 -23.0
v 26.7 -14.0 -31.0
v 27.0 -14.0 -30.8
v 27.0 -14.0 -24.7
v 27.0 -13.0 -32.2
v 27.0 -13.3 -32.0
v 27.0 -13.8 -31.0
v 27.0 -13.6 -25.0
v 27.0 -13.0 -25.5
v 27.0 -12.0 -32.6
v 27.0 -12.5 -26.0
v 27.0 -12.0 -26.5
v 27.0 -11.0 -33.3
v 27.0 -11.3 -33.0
v 26.2 -11.0 -27.0
v 27.0 -11.4 -27.0
v 27.0 -11.0 -27.4
v 27.0 -10.0 -33.5
v 26.3 -10.0 -28.0
v 27.0 -10.4 -28.0
v 27.0 -10.0 -28.4
v 26.8 -9.0 -34.0
v 27.0 -9.0 -34.1
v 27.0 -9.1 -34.0
v 27.0 -9.4 -29.0
v 27.0 -9.0 -29.4
v 27.0 -8.0 -34.2
v 27.0 -8.0 -29.6
v 27.0 -7.6 -34.0
v 26.6 -7.0 -34.0
v 27.0 -7.0 -33.5
v 26.9 -7.0 -32.0
v 27.0 -7.1 -32.0
v 27.0 -7.0 -32.1
v 27.0 -7.0 -31.9
v 27.0 -7.0 -29.9
v 26.4 -6.0 -34.0
v 27.0 -6.0 -32.9
v 27.0 -6.0 -31.3
v 27.0 -6.0 -29.8
v 26.3 -5.0 -34.0
v 27.0 -6.0 -33.0
v 26.3 -5.0 -33.0
v 27.0 -5.8 -31.0
v 27.0 -5.8 -30.0
v 26.2 -4.0 -34.0
v 27.2 -34.0 -12.0
v 27.3 -33.0 -13.0
v 27.5 -33.0 -12.0
v 27.4 -33.0 -11.0
v 27.3 -33.0 -10.0
v 28.0 -32.2 -14.0
v 27.6 -32.0 -14.0
v 28.0 -32.3 -13.0
v 28.0 -32.0 -12.6
v 27.7 -32.0 -12.0
v 27.5 -32.0 -11.0
v 27.5 -32.0 -10.0
v 27.4 -32.0 -9.0
v 27.2 -32.0 -8.0
v 27.9 -31.0 -16.0
v 28.0 -31.0 -16.1
v 28.0 -31.1 -16.0
v 27.5 -31.0 -15.0
v 28.0 -31.5 -12.0
v 28.0 -31.0 -11.6
v 27.6 -31.0 -11.0
v 27.5 -31.0 -10.0
v 27.5 -31.0 -9.0
v 27.4 -31.0 -8.0
v 27.5 -30.0 -16.0
v 28.0 -30.0 -16.4
v 27.2 -30.0 -15.0
v 27.6 -30.0 -11.0
v 28.0 -30.0 -11.6
v 28.0 -29.0 -16.7
v 27.7 -29.0 -12.0
v 28.0 -29.0 -12.5
v 27.5 -29.0 -11.0
v 27.5 -29.0 -10.0
v 27.5 -29.0 -9.0
v 27.4 -29.0 -8.0
v 27.3 -28.0 -17.0
v 28.0 -28.0 -17.3
v 28.0 -28.4 -17.0
v 27.7 -28.0 -14.0
v 28.0 -28.0 -14.4
v 27.6 -28.0 -13.0
v 28.0 -28.6 -13.0
v 27.5 -28.0 -12.0
v 27.5 -28.0 -11.0
v 27.5 -28.0 -10.0
v 27.5 -28.0 -9.0
v 27.4 -28.0 -8.0
v 28.0 -27.0 -18.2
v 28.0 -27.3 -18.0
v 27.7 -27.0 -15.0
v 28.0 -27.1 -15.4
v 27.5 -27.0 -14.0
v 27.5 -27.0 -13.0
v 27.5 -27.0 -12.0
v 27.5 -27.0 -11.0
v 27.5 -27.0 -10.0
v 27.3 -27.0 -9.0
v 27.1 -27.0 -8.0
v 28.0 -26.0 -18.4
v 27.7 -26.0 -16.0
v 28.0 -26.4 -16.0
v 28.0 -26.0 -16.4
v 27.5 -26.0 -15.0
v 27.5 -26.0 -14.0
v 27.5 -26.0 -13.0
v 27.5 -26.0 -12.0
v 27.5 -26.0 -11.0
v 27.1 -26.0 -10.0
v 28.0 -25.0 -19.4
v 28.0 -25.4 -19.0
v 27.6 -25.0 -16.0
v 28.0 -25.0 -16.6
v 27.5 -25.0 -15.0
v 27.5 -25.0 -14.0
v 27.5 -25.0 -13.0
v 27.5 -25.0 -12.0
v 27.2 -25.0 -11.0
v 28.0 -24.0 -21.4
v 28.0 -24.4 -21.0
v 28.0 -24.6 -20.0
v 27.7 -24.0 -17.0
v 28.0 -24.0 -17.4
v 27.5 -24.0 -16.0
v 27.5 -24.0 -15.0
v 27.5 -24.0 -14.0
v 27.5 -24.0 -13.0
v 27.2 -24.0 -12.0
v 27.7 -23.0 -22.0
v 27.6 -23.0 -17.0
v 28.0 -23.0 -17.6
v 27.5 -23.0 -16.0
v 27.5 -23.0 -15.0
v 27.5 -23.0 -14.0
v 27.2 -23.0 -13.0
v 28.0 -22.0 -22.5
v 28.0 -22.8 -22.0
v 27.8 -22.0 -18.0
v 28.0 -22.4 -18.0
v 28.0 -22.0 -18.2
v 27.5 -22.0 -17.0
v 27.5 -22.0 -16.0
v 27.4 -22.0 -15.0
v 27.2 -22.0 -14.0
v 28.0 -21.0 -23.4
v 28.0 -21.4 -23.0
v 27.5 -21.0 -18.0
v 28.0 -21.0 -18.5
v 27.4 -21.0 -17.0
v 27.3 -21.0 -16.0
v 28.0 -20.0 -24.4
v 28.0 -20.4 -24.0
v 27.5 -20.0 -19.0
v 28.0 -20.4 -19.0
v 28.0 -20.0 -19.3
v 28.0 -19.0 -26.3
v 28.0 -19.2 -26.0
v 28.0 -19.6 -25.0
v 27.4 -19.0 -20.0
v 28.0 -19.0 -19.8
v 28.0 -18.0 -27.3
v 28.0 -18.3 -27.0
v 28.0 -18.8 -20.0
v 28.0 -18.0 -20.5
v 28.0 -17.0 -28.4
v 28.0 -17.4 -28.0
v 28.0 -17.5 -21.0
v 28.0 -17.0 -21.5
v 28.0 -16.0 -29.4
v 28.0 -16.4 -29.0
v 28.0 -16.5 -22.0
v 28.0 -16.0 -22.5
v 28.0 -15.0 -30.3
v 28.0 -15.3 -30.0
v 28.0 -15.3 -24.0
v 28.0 -15.0 -24.3
v 28.0 -15.6 -23.0
v 28.0 -14.0 -30.7
v 27.7 -14.0 -25.0
v 28.0 -14.2 -25.0
v 28.0 -14.0 -25.1
v 27.4 -13.0 -32.0
v 28.0 -13.0 -31.6
v 28.0 -13.7 -31.0
v 28.0 -13.0 -25.6
v 28.0 -12.0 -32.4
v 28.0 -12.6 -32.0
v 28.0 -12.4 -26.0
v 28.0 -12.0 -26.4
v 27.3 -11.0 -33.0
v 28.0 -11.0 -32.5
v 28.0 -11.4 -27.0
v 28.0 -11.0 -27.4
v 27.6 -10.0 -33.0
v 28.0 -10.0 -32.6
v 28.0 -10.0 -28.4
v 27.1 -9.0 -34.0
v 28.0 -9.0 -33.3
v 28.0 -9.4 -33.0
v 28.0 -9.3 -29.0
v 28.0 -9.0 -29.3
v 27.3 -8.0 -34.0
v 28.0 -8.0 -33.1
v 27.9 -8.0 -32.0
v 28.0 -8.2 -32.0
v 28.0 -8.0 -32.6
v 28.0 -8.0 -31.9
v 28.0 -8.0 -29.4
v 27.3 -7.0 -33.0
v 28.0 -7.0 -31.3
v 28.0 -7.0 -29.6
v 27.0 -6.0 -33.0
v 28.0 -6.6 -31.0
v 27.3 -6.0 -31.0
v 28.0 -32.0 -15.0
v 28.2 -32.0 -14.0
v 28.2 -32.0 -13.0
v 28.1 -31.0 -16.0
v 29.0 -31.0 -15.2
v 29.0 -31.1 -15.0
v 29.0 -31.0 -14.8
v 28.6 -31.0 -14.0
v 28.5 -31.0 -13.0
v 28.3 -31.0 -12.0
v 29.0 -30.0 -16.9
v 29.0 -30.5 -16.0
v 28.6 -30.0 -14.0
v 29.0 -30.0 -14.5
v 28.5 -30.0 -13.0
v 28.3 -30.0 -12.0
v 28.9 -29.0 -17.0
v 29.0 -29.0 -17.1
v 29.0 -29.6 -17.0
v 28.5 -29.0 -14.0
v 29.0 -29.0 -14.7
v 28.3 -29.0 -13.0
v 28.4 -28.0 -17.0
v 29.0 -28.9 -17.0
v 29.0 -28.0 -16.4
v 28.5 -28.0 -15.0
v 29.0 -28.6 -15.0
v 29.0 -28.0 -15.7
v 28.3 -27.0 -18.0
v 28.9 -27.0 -17.0
v 29.0 -27.7 -16.0
v 28.5 -27.0 -16.0
v 28.4 -26.0 -18.0
v 28.5 -26.0 -17.0
v 28.3 -25.0 -19.0
v 28.5 -25.0 -18.0
v 28.3 -25.0 -17.0
v 29.0 -24.0 -21.4
v 29.0 -24.3 -21.0
v 29.0 -24.4 -20.0
v 29.0 -24.3 -19.0
v 29.0 -24.0 -18.7
v 28.5 -24.0 -18.0
v 28.0 -23.0 -21.8
v 29.0 -23.0 -22.2
v 29.0 -23.2 -22.0
v 28.4 -23.0 -18.0
v 29.0 -23.0 -18.6
v 29.0 -22.0 -22.5
v 29.0 -22.0 -18.6
v 29.0 -21.0 -22.7
v 29.0 -21.0 -18.8
v 28.5 -20.0 -24.0
v 29.0 -20.0 -23.7
v 29.0 -20.7 -23.0
v 29.0 -20.7 -19.0
v 29.0 -20.0 -19.5
v 28.3 -19.0 -26.0
v 29.0 -19.0 -25.3
v 29.0 -19.3 -25.0
v 29.0 -19.7 -24.0
v 28.3 -19.0 -20.0
v 29.0 -19.4 -20.0
v 29.0 -19.0 -20.3
v 28.4 -18.0 -27.0
v 28.8 -18.0 -26.0
v 29.0 -18.0 -25.8
v 29.0 -18.0 -20.7
v 28.5 -17.0 -28.0
v 29.0 -17.0 -27.5
v 29.0 -17.5 -27.0
v 29.0 -17.7 -26.0
v 29.0 -17.6 -21.0
v 29.0 -17.0 -21.5
v 28.4 -16.0 -29.0
v 29.0 -16.0 -28.5
v 29.0 -16.5 -28.0
v 29.0 -16.5 -22.0
v 29.0 -16.0 -22.6
v 28.4 -15.0 -30.0
v 29.0 -15.0 -29.5
v 29.0 -15.5 -29.0
v 29.0 -15.0 -23.6
v 29.0 -15.6 -23.0
v 29.0 -14.0 -31.0
v 29.0 -14.5 -30.0
v 28.3 -14.0 -25.0
v 29.0 -14.0 -24.6
v 29.0 -14.6 -24.0
v 29.0 -13.0 -31.4
v 29.0 -13.6 -25.0
v 29.0 -13.0 -25.4
v 29.0 -12.0 -32.0
v 29.0 -12.0 -25.9
v 29.0 -12.0 -32.0
v 28.5 -11.0 -32.0
v 28.7 -11.0 -31.0
v 29.0 -11.4 -31.0
v 29.0 -11.0 -30.7
v 28.7 -11.0 -27.0
v 29.0 -11.0 -26.8
v 29.0 -11.8 -26.0
v 28.4 -10.0 -32.0
v 28.6 -10.0 -31.0
v 29.0 -10.0 -30.4
v 29.0 -10.0 -27.7
v 29.0 -10.8 -27.0
v 28.2 -9.0 -33.0
v 28.4 -9.0 -32.0
v 28.6 -9.0 -31.0
v 29.0 -9.2 -30.0
v 28.9 -9.0 -30.0
v 28.5 -9.0 -29.0
v 29.0 -9.0 -29.8
v 29.0 -9.0 -28.7
v 29.0 -9.7 -28.0
v 28.1 -8.0 -33.0
v 29.0 -8.2 -31.0
v 29.0 -8.0 -31.1
v 28.9 -8.0 -29.0
v 29.0 -8.0 -28.9
v 28.4 -7.0 -31.0
v 29.1 -7.0 -30.0
v 29.0 -7.9 -29.0
v 29.0 -7.0 -29.8
v 28.0 -6.0 -30.0
v 29.0 -6.9 -30.0
v 29.1 -31.0 -15.0
v 29.4 -30.0 -16.0
v 29.4 -30.0 -15.0
v 29.1 -29.0 -17.0
v 29.4 -29.0 -16.0
v 29.3 -29.0 -15.0
v 29.2 -28.0 -16.0
v 29.9 -24.0 -21.0
v 29.4 -24.0 -20.0
v 29.2 -24.0 -19.0
v 29.3 -23.0 -22.0
v 30.0 -23.0 -21.4
v 30.0 -23.9 -21.0
v 30.0 -23.0 -20.6
v 29.6 -23.0 -20.0
v 29.4 -23.0 -19.0
v 30.0 -22.0 -22.4
v 30.0 -22.5 -22.0
v 29.7 -22.0 -20.0
v 30.0 -22.0 -20.4
v 29.4 -22.0 -19.0
v 30.0 -21.0 -22.6
v 30.0 -21.5 -20.0
v 30.0 -21.0 -19.7
v 29.3 -21.0 -19.0
v 30.0 -20.0 -23.3
v 30.0 -20.4 -23.0
v 30.0 -20.0 -19.8
v 29.4 -19.0 -25.0
v 30.0 -19.0 -24.4
v 30.0 -19.3 -24.0
v 30.0 -19.7 -20.0
v 30.0 -19.0 -20.6
v 30.0 -18.0 -25.3
v 30.0 -18.4 -25.0
v 29.4 -18.0 -21.0
v 30.0 -18.5 -21.0
v 30.0 -18.0 -21.4
v 29.8 -17.0 -27.0
v 29.8 -17.0 -26.0
v 30.0 -17.0 -25.8
v 30.0 -17.0 -21.8
v 29.4 -16.0 -28.0
v 29.8 -16.0 -27.0
v 30.0 -16.0 -26.8
v 30.0 -16.7 -26.0
v 29.5 -16.0 -23.0
v 30.0 -16.4 -23.0
v 30.0 -16.0 -23.3
v 30.0 -16.8 -22.0
v 29.4 -15.0 -29.0
v 30.0 -15.0 -28.3
v 30.0 -15.4 -28.0
v 30.0 -15.8 -27.0
v 30.0 -15.0 -23.7
v 29.0 -14.0 -31.0
v 29.4 -14.0 -30.0
v 29.7 -14.0 -29.0
v 30.0 -14.0 -28.7
v 30.0 -14.7 -24.0
v 30.0 -14.0 -24.6
v 29.4 -13.0 -31.0
v 29.6 -13.0 -30.0
v 30.0 -13.0 -29.4
v 30.0 -13.6 -29.0
v 30.0 -13.6 -25.0
v 30.0 -13.0 -25.6
v 29.4 -12.0 -31.0
v 29.6 -12.0 -30.0
v 30.0 -12.0 -29.4
v 29.2 -12.0 -26.0
v 30.0 -12.5 -26.0
v 30.0 -12.0 -26.5
v 29.4 -11.0 -30.0
v 30.0 -11.5 -29.0
v 29.7 -11.0 -29.0
v 29.7 -11.0 -28.0
v 30.0 -11.3 -28.0
v 29.2 -11.0 -27.0
v 30.0 -11.6 -27.0
v 29.4 -10.0 -30.0
v 30.0 -10.0 -29.3
v 30.0 -10.4 -29.0
v 30.0 -10.0 -28.0
v 30.0 -9.0 -29.1
v 30.0 -10.0 -28.0
v 30.0 -9.0 -28.9
v 29.1 -8.0 -31.0
v 29.8 -8.0 -30.0
v 30.0 -8.9 -29.0
v 29.1 -8.0 -29.0
v 30.3 -23.0 -21.0
v 30.9 -22.0 -22.0
v 30.5 -22.0 -21.0
v 31.0 -21.0 -22.2
v 31.0 -21.9 -22.0
v 31.0 -21.0 -21.6
v 30.7 -21.0 -21.0
v 30.3 -21.0 -20.0
v 30.3 -20.0 -23.0
v 31.0 -20.0 -22.3
v 31.0 -20.2 -21.0
v 31.0 -20.0 -20.9
v 30.3 -20.0 -20.0
v 30.3 -19.0 -24.0
v 30.6 -19.0 -23.0
v 31.0 -19.7 -22.0
v 30.6 -19.0 -22.0
v 30.4 -19.0 -21.0
v 31.0 -19.9 -21.0
v 30.3 -18.0 -25.0
v 30.6 -18.0 -24.0
v 30.9 -18.0 -23.0
v 30.5 -18.0 -22.0
v 30.6 -17.0 -25.0
v 31.0 -17.0 -24.3
v 31.0 -17.3 -24.0
v 31.0 -17.0 -23.7
v 30.6 -17.0 -23.0
v 30.2 -17.0 -22.0
v 30.5 -16.0 -26.0
v 31.0 -16.0 -25.4
v 31.0 -16.4 -25.0
v 31.0 -16.0 -23.8
v 30.7 -15.0 -27.0
v 31.0 -15.0 -26.6
v 31.0 -15.5 -26.0
v 30.4 -15.0 -24.0
v 31.0 -15.7 -24.0
v 31.0 -15.0 -24.6
v 31.0 -14.0 -28.3
v 31.0 -14.3 -28.0
v 31.0 -14.7 -27.0
v 30.4 -14.0 -25.0
v 31.0 -14.6 -25.0
v 31.0 -14.0 -25.5
v 30.4 -13.0 -29.0
v 31.0 -13.0 -28.4
v 30.5 -13.0 -26.0
v 31.0 -13.5 -26.1
v 30.3 -12.0 -29.0
v 31.0 -12.0 -28.1
v 30.5 -12.0 -27.0
v 31.0 -12.5 -27.0
v 31.0 -11.9 -28.0
v 30.2 -10.0 -29.0
v 30.1 -9.0 -29.0
v 31.2 -21.0 -22.0
v 31.2 -20.0 -22.0
v 31.1 -20.0 -21.0
v 31.1 -17.0 -24.0
v 31.3 -16.0 -25.0
v 31.2 -16.0 -24.0
v 31.8 -15.0 -26.0
v 31.3 -15.0 -25.0
v 31.3 -14.0 -28.0
v 31.9 -14.0 -27.0
v 31.4 -14.0 -26.0
v 31.4 -13.0 -28.0
v 31.4 -13.0 -27.0
v 31.1 -12.0 -28.0
f 3 2 1
f 1 4 3
f 7 6 5
f 7 5 2
f 5 1 2
f 5 8 1
f 4 1 9
f 9 1 8
f 5 6 10
f 10 6 11
f 5 12 8
f 5 10 12
f 9 8 13
f 13 8 12
f 10 11 14
f 14 11 15
f 10 16 12
f 10 14 16
f 13 12 18
f 12 17 18
f 12 16 17
f 15 19 14
f 14 19 16
f 16 19 20
f 16 20 17
f 17 20 21
f 17 21 18
f 24 23 22
f 26 25 22
f 22 25 24
f 28 27 26
f 26 27 25
f 28 29 27
f 32 31 30
f 32 30 23
f 23 30 22
f 30 2 22
f 2 3 22
f 22 3 4
f 33 22 4
f 26 22 33
f 26 34 28
f 26 33 34
f 29 28 35
f 35 28 34
f 30 31 7
f 31 6 7
f 31 36 6
f 30 7 2
f 9 37 33
f 9 33 4
f 33 38 34
f 33 37 38
f 35 34 39
f 39 34 38
f 36 11 6
f 40 11 36
f 13 41 37
f 13 37 9
f 43 38 42
f 38 41 42
f 38 37 41
f 38 43 39
f 40 15 11
f 44 15 40
f 18 41 13
f 18 42 41
f 18 45 42
f 44 46 15
f 15 46 19
f 19 47 20
f 46 47 19
f 20 48 21
f 47 48 20
f 18 21 45
f 45 21 48
f 51 50 49
f 51 52 50
f 51 49 53
f 51 53 52
f 52 53 54
f 55 23 24
f 25 56 24
f 24 56 55
f 27 57 25
f 25 57 56
f 29 57 27
f 59 58 32
f 32 58 31
f 32 23 55
f 60 32 55
f 59 32 60
f 62 61 60
f 55 62 60
f 56 62 55
f 63 56 57
f 62 56 63
f 35 63 29
f 29 63 57
f 58 36 31
f 64 36 58
f 65 61 62
f 67 66 65
f 62 67 65
f 63 67 62
f 39 67 35
f 35 67 63
f 40 64 68
f 36 64 40
f 66 67 43
f 42 66 43
f 70 66 42
f 43 67 39
f 69 71 68
f 44 40 68
f 72 44 68
f 71 72 68
f 44 72 73
f 74 73 72
f 70 45 75
f 42 45 70
f 73 46 44
f 74 77 73
f 77 46 73
f 77 47 46
f 47 78 48
f 77 78 47
f 45 48 75
f 48 79 75
f 48 78 79
f 75 79 76
f 82 81 80
f 84 83 80
f 80 83 82
f 86 85 84
f 84 85 83
f 86 87 85
f 89 88 93
f 89 93 81
f 81 93 80
f 93 49 80
f 80 49 50
f 80 50 84
f 84 50 52
f 84 52 86
f 91 90 52
f 90 87 52
f 87 86 52
f 91 92 90
f 93 95 94
f 93 94 49
f 96 53 49
f 96 49 94
f 97 54 53
f 97 53 96
f 91 52 54
f 97 91 54
f 98 91 97
f 92 91 99
f 99 91 98
f 95 100 94
f 94 100 96
f 96 100 101
f 103 102 101
f 102 96 101
f 102 97 96
f 105 98 104
f 98 102 104
f 98 97 102
f 98 105 99
f 102 103 104
f 106 58 59
f 60 107 59
f 59 107 106
f 107 60 108
f 61 109 108
f 61 108 60
f 109 110 108
f 113 112 106
f 112 64 106
f 64 58 106
f 112 111 64
f 113 106 107
f 113 107 114
f 61 65 109
f 107 108 114
f 65 66 109
f 66 110 109
f 66 115 110
f 111 69 68
f 111 116 69
f 111 68 64
f 115 70 117
f 66 70 115
f 116 119 69
f 69 119 71
f 71 120 72
f 119 120 71
f 74 72 120
f 74 120 121
f 75 117 70
f 75 76 117
f 76 118 117
f 76 122 118
f 121 213 74
f 74 213 77
f 213 124 123
f 78 213 123
f 77 213 78
f 125 79 78
f 125 78 123
f 125 126 79
f 126 76 79
f 126 122 76
f 124 127 123
f 123 127 125
f 125 127 128
f 125 128 126
f 132 131 129
f 132 133 131
f 219 134 130
f 134 129 130
f 134 135 129
f 129 136 132
f 129 135 136
f 133 132 137
f 132 138 137
f 132 136 138
f 138 139 137
f 134 219 140
f 140 219 141
f 134 142 135
f 134 140 142
f 135 143 136
f 135 142 143
f 136 144 138
f 136 143 144
f 139 138 145
f 145 138 144
f 148 147 146
f 147 148 141
f 148 140 141
f 148 149 140
f 140 150 142
f 140 149 150
f 142 151 143
f 142 150 151
f 153 144 152
f 144 151 152
f 144 143 151
f 144 153 145
f 156 155 154
f 156 154 146
f 154 157 146
f 146 158 148
f 146 157 158
f 148 159 149
f 148 158 159
f 149 160 150
f 149 159 160
f 162 151 161
f 151 160 161
f 151 150 160
f 151 162 152
f 154 155 163
f 163 155 164
f 154 165 157
f 154 163 165
f 167 158 166
f 158 165 166
f 158 157 165
f 158 167 159
f 159 167 168
f 159 168 160
f 160 168 169
f 160 169 161
f 164 170 163
f 163 170 165
f 165 170 171
f 165 171 166
f 174 173 172
f 172 175 174
f 173 176 172
f 172 176 175
f 178 177 82
f 82 177 81
f 179 82 83
f 179 178 82
f 180 83 85
f 180 179 83
f 85 87 180
f 180 87 181
f 183 182 89
f 89 182 88
f 89 81 177
f 89 177 183
f 184 181 87
f 184 87 90
f 90 92 184
f 184 92 185
f 93 88 186
f 88 187 186
f 88 182 187
f 186 95 93
f 99 185 92
f 99 188 185
f 187 189 186
f 186 189 95
f 189 100 95
f 189 190 100
f 190 192 191
f 101 190 191
f 100 190 101
f 191 103 101
f 104 193 105
f 193 194 105
f 194 99 105
f 194 188 99
f 192 195 191
f 191 195 103
f 195 196 103
f 104 103 193
f 103 197 193
f 103 196 197
f 193 197 194
f 108 200 198
f 108 110 200
f 200 110 201
f 203 202 112
f 112 202 111
f 204 112 113
f 204 203 112
f 114 198 199
f 204 114 199
f 113 114 204
f 198 114 108
f 201 115 205
f 110 115 201
f 115 206 205
f 202 116 111
f 207 116 202
f 117 118 115
f 118 206 115
f 118 208 206
f 207 209 116
f 116 209 119
f 120 209 210
f 119 209 120
f 210 121 120
f 122 208 118
f 122 211 208
f 212 214 213
f 210 212 213
f 121 210 213
f 126 211 122
f 126 215 211
f 214 216 213
f 213 216 124
f 216 127 124
f 216 217 127
f 127 218 128
f 217 218 127
f 126 128 215
f 215 128 218
f 220 219 130
f 221 220 130
f 129 221 130
f 221 129 131
f 221 131 222
f 222 131 133
f 137 222 133
f 223 222 137
f 137 139 223
f 223 139 224
f 225 141 219
f 219 220 226
f 219 226 225
f 145 224 139
f 145 227 224
f 147 228 146
f 229 228 147
f 229 147 141
f 230 229 141
f 225 230 141
f 230 225 226
f 232 231 153
f 232 153 152
f 145 153 227
f 227 153 231
f 233 155 156
f 234 233 156
f 234 156 146
f 235 234 146
f 235 146 228
f 235 228 236
f 236 228 229
f 161 237 162
f 237 238 162
f 238 152 162
f 238 232 152
f 241 240 239
f 242 241 233
f 241 164 233
f 164 155 233
f 241 239 164
f 242 233 234
f 166 243 167
f 244 168 167
f 244 167 243
f 245 169 168
f 245 168 244
f 245 246 169
f 169 246 161
f 246 352 161
f 352 237 161
f 237 352 238
f 239 240 247
f 247 240 248
f 249 170 164
f 239 249 164
f 247 249 239
f 170 249 250
f 251 170 250
f 171 170 251
f 166 171 243
f 171 252 243
f 171 251 252
f 254 253 252
f 253 243 252
f 253 244 243
f 253 173 174
f 245 253 174
f 244 253 245
f 256 255 175
f 175 255 174
f 255 246 174
f 246 245 174
f 256 257 255
f 248 258 247
f 259 267 258
f 267 247 258
f 267 249 247
f 250 249 260
f 260 249 267
f 253 254 261
f 261 254 262
f 263 176 173
f 253 263 173
f 261 263 253
f 256 175 176
f 263 256 176
f 264 256 263
f 257 256 266
f 256 265 266
f 256 264 265
f 262 268 261
f 261 268 263
f 263 268 269
f 263 269 264
f 264 269 270
f 264 270 265
f 265 270 271
f 265 271 266
f 274 273 272
f 272 275 274
f 279 278 277
f 177 178 277
f 178 279 277
f 178 280 279
f 179 272 273
f 280 179 273
f 178 179 280
f 272 179 180
f 272 180 275
f 282 281 181
f 181 281 180
f 281 276 180
f 276 275 180
f 282 283 281
f 286 285 284
f 286 284 278
f 278 284 277
f 284 182 277
f 182 183 277
f 277 183 177
f 184 282 181
f 184 185 282
f 185 283 282
f 185 287 283
f 285 288 284
f 182 284 288
f 289 182 288
f 187 182 289
f 188 287 185
f 188 290 287
f 289 291 187
f 187 291 189
f 189 292 190
f 291 292 189
f 192 190 292
f 194 290 188
f 194 293 290
f 292 294 192
f 192 294 195
f 195 295 196
f 294 295 195
f 196 296 197
f 295 296 196
f 194 197 293
f 293 197 296
f 299 298 297
f 301 300 297
f 297 300 299
f 301 302 300
f 297 298 303
f 303 298 304
f 305 301 303
f 301 297 303
f 301 305 302
f 306 199 198
f 200 307 198
f 198 307 306
f 201 307 200
f 309 308 203
f 203 308 202
f 310 203 204
f 310 309 203
f 204 199 306
f 311 204 306
f 310 204 311
f 311 306 307
f 311 307 312
f 312 307 201
f 205 312 201
f 313 312 205
f 205 206 313
f 313 206 314
f 308 207 202
f 315 207 308
f 208 314 206
f 208 316 314
f 209 207 319
f 207 317 319
f 207 315 317
f 319 210 209
f 211 316 208
f 211 318 316
f 319 321 320
f 319 320 212
f 210 319 212
f 320 214 212
f 215 318 211
f 215 322 318
f 320 321 323
f 323 321 324
f 325 216 214
f 320 325 214
f 323 325 320
f 326 217 216
f 326 216 325
f 217 326 327
f 328 217 327
f 218 217 328
f 215 218 322
f 322 218 328
f 324 329 323
f 330 323 329
f 330 325 323
f 331 326 330
f 326 325 330
f 326 331 327
f 332 220 221
f 332 221 474
f 221 333 474
f 221 222 333
f 335 333 334
f 333 223 334
f 333 222 223
f 224 334 223
f 337 336 332
f 336 220 332
f 336 226 220
f 337 332 474
f 338 335 334
f 334 224 338
f 224 339 338
f 224 227 339
f 340 229 230
f 341 340 230
f 226 341 230
f 336 341 226
f 343 342 231
f 343 231 232
f 227 231 339
f 339 231 342
f 344 234 235
f 344 235 482
f 235 345 482
f 235 236 345
f 236 229 340
f 346 236 340
f 345 236 346
f 346 340 341
f 238 343 232
f 238 347 343
f 348 240 241
f 242 349 241
f 241 349 348
f 350 349 242
f 350 242 234
f 351 350 234
f 344 351 234
f 351 344 482
f 347 238 353
f 238 352 353
f 352 354 353
f 354 355 353
f 356 248 348
f 348 248 240
f 349 358 357
f 356 349 357
f 348 349 356
f 251 250 359
f 349 350 358
f 360 252 251
f 360 251 359
f 360 254 252
f 255 352 246
f 352 255 257
f 361 352 257
f 354 352 361
f 355 354 362
f 362 354 361
f 356 258 248
f 259 258 356
f 357 259 356
f 363 259 357
f 260 364 359
f 260 359 250
f 359 365 360
f 359 364 365
f 365 262 254
f 365 254 360
f 266 361 257
f 266 362 361
f 266 366 362
f 267 259 367
f 259 368 367
f 259 363 368
f 364 260 267
f 367 364 267
f 369 364 367
f 364 370 365
f 364 369 370
f 371 268 262
f 365 371 262
f 370 371 365
f 372 269 268
f 372 268 371
f 269 372 373
f 374 269 373
f 270 269 374
f 374 373 375
f 271 374 375
f 270 374 271
f 366 266 376
f 266 375 376
f 375 377 376
f 266 271 375
f 377 378 376
f 380 379 368
f 379 367 368
f 379 369 367
f 369 381 370
f 369 379 381
f 370 382 371
f 370 381 382
f 371 383 372
f 371 382 383
f 373 372 384
f 384 372 383
f 373 385 375
f 387 386 385
f 386 375 385
f 386 377 375
f 378 377 388
f 377 389 388
f 377 386 389
f 390 391 389
f 389 391 388
f 380 392 379
f 379 392 381
f 381 392 393
f 381 393 382
f 382 393 394
f 382 394 383
f 383 394 395
f 383 395 384
f 398 397 396
f 398 396 387
f 396 386 387
f 396 399 386
f 386 400 389
f 386 399 400
f 400 273 274
f 390 400 274
f 389 400 390
f 401 391 390
f 274 401 390
f 275 401 274
f 275 276 401
f 401 276 402
f 396 397 403
f 403 397 404
f 403 278 279
f 399 403 279
f 396 403 399
f 399 279 280
f 399 280 400
f 400 280 273
f 405 402 276
f 405 276 281
f 281 283 405
f 405 283 406
f 403 404 286
f 404 285 286
f 404 407 285
f 403 286 278
f 287 406 283
f 287 408 406
f 407 409 285
f 285 409 288
f 289 288 409
f 289 409 410
f 290 408 287
f 290 411 408
f 410 412 289
f 289 412 291
f 291 413 292
f 412 413 291
f 292 413 414
f 293 411 290
f 293 415 411
f 414 416 292
f 292 416 294
f 416 418 417
f 295 416 417
f 294 416 295
f 295 417 419
f 420 295 419
f 296 295 420
f 293 296 415
f 415 296 420
f 418 421 417
f 417 421 419
f 425 424 423
f 298 299 423
f 299 425 423
f 299 426 425
f 427 299 300
f 427 426 299
f 429 428 302
f 428 300 302
f 428 427 300
f 431 430 429
f 429 430 428
f 430 431 422
f 431 432 422
f 433 422 432
f 435 434 424
f 434 423 424
f 434 436 423
f 436 304 298
f 436 298 423
f 438 437 305
f 438 305 303
f 302 305 429
f 305 439 429
f 305 437 439
f 429 439 431
f 431 439 440
f 431 440 432
f 432 440 441
f 432 441 433
f 444 443 442
f 444 442 435
f 442 434 435
f 442 445 434
f 434 446 436
f 434 445 446
f 436 446 304
f 446 447 304
f 447 303 304
f 446 452 447
f 438 303 447
f 442 443 448
f 448 443 449
f 442 450 445
f 442 448 450
f 452 446 451
f 446 450 451
f 446 445 450
f 449 453 448
f 448 453 450
f 450 453 454
f 450 454 451
f 456 455 309
f 309 455 308
f 457 309 310
f 457 456 309
f 458 310 311
f 458 457 310
f 459 311 312
f 459 458 311
f 460 459 313
f 459 312 313
f 455 315 308
f 461 315 455
f 462 460 313
f 313 314 462
f 314 463 462
f 314 316 463
f 461 317 315
f 464 317 461
f 318 463 316
f 318 465 463
f 464 466 317
f 317 466 319
f 321 319 466
f 321 466 467
f 322 465 318
f 322 470 465
f 324 467 468
f 324 321 467
f 471 470 328
f 471 328 327
f 322 328 470
f 468 329 324
f 472 330 329
f 469 472 329
f 468 469 329
f 472 331 330
f 473 331 472
f 327 331 471
f 471 331 473
f 335 474 333
f 475 337 474
f 476 475 474
f 478 476 477
f 477 476 338
f 476 474 338
f 474 335 338
f 339 477 338
f 480 479 337
f 479 336 337
f 479 341 336
f 480 337 475
f 478 477 342
f 343 478 342
f 481 478 343
f 342 477 339
f 482 345 483
f 345 484 483
f 345 346 484
f 346 341 479
f 346 479 484
f 347 486 485
f 481 347 485
f 343 347 481
f 487 350 351
f 488 487 351
f 488 351 482
f 488 482 483
f 353 486 347
f 353 355 486
f 355 489 486
f 490 357 358
f 350 487 358
f 487 490 358
f 487 491 490
f 487 488 492
f 493 487 492
f 491 487 493
f 494 493 492
f 362 489 355
f 362 495 489
f 496 363 490
f 490 363 357
f 497 490 491
f 496 490 497
f 493 494 498
f 497 493 498
f 491 493 497
f 366 495 362
f 366 499 495
f 500 368 496
f 496 368 363
f 497 502 501
f 500 497 501
f 496 497 500
f 502 497 498
f 503 499 366
f 503 366 376
f 376 378 503
f 503 378 504
f 506 505 380
f 506 380 368
f 501 506 368
f 500 501 368
f 507 505 506
f 384 508 373
f 509 385 373
f 508 509 373
f 509 387 385
f 510 504 378
f 510 378 388
f 511 510 391
f 510 388 391
f 392 380 505
f 514 513 512
f 392 505 393
f 507 393 505
f 393 507 515
f 512 515 507
f 515 512 513
f 516 394 393
f 516 393 515
f 517 395 394
f 517 394 516
f 508 384 395
f 517 508 395
f 518 508 517
f 518 397 398
f 509 518 398
f 508 518 509
f 509 398 387
f 519 511 391
f 521 519 520
f 520 519 401
f 519 391 401
f 402 520 401
f 514 522 513
f 513 522 515
f 515 522 523
f 515 523 516
f 516 523 524
f 516 524 517
f 517 524 525
f 527 526 525
f 526 517 525
f 526 518 517
f 526 404 397
f 526 397 518
f 528 521 520
f 530 528 529
f 529 528 405
f 528 520 405
f 520 402 405
f 406 529 405
f 526 527 531
f 531 527 532
f 531 407 404
f 531 404 526
f 530 529 533
f 530 533 534
f 408 533 406
f 406 533 529
f 531 532 535
f 535 532 536
f 537 409 407
f 531 537 407
f 535 537 531
f 537 410 409
f 534 533 538
f 534 538 539
f 411 538 408
f 408 538 533
f 536 540 535
f 535 540 537
f 537 540 541
f 537 541 410
f 541 412 410
f 541 542 412
f 542 544 543
f 413 542 543
f 412 542 413
f 543 414 413
f 539 538 545
f 539 545 546
f 415 545 411
f 411 545 538
f 544 547 543
f 543 547 414
f 547 416 414
f 547 548 416
f 550 549 418
f 416 550 418
f 548 550 416
f 549 550 546
f 549 546 545
f 419 549 545
f 420 419 545
f 420 545 415
f 553 552 551
f 551 554 553
f 549 421 418
f 421 549 419
f 557 556 555
f 559 558 555
f 555 558 557
f 559 560 558
f 562 561 422
f 564 563 422
f 563 562 422
f 564 565 563
f 552 566 551
f 551 566 554
f 555 556 567
f 567 556 568
f 555 569 559
f 555 567 569
f 425 570 424
f 570 559 424
f 559 569 424
f 559 570 560
f 571 425 426
f 571 570 425
f 572 426 427
f 572 571 426
f 573 427 428
f 573 572 427
f 574 428 430
f 574 573 428
f 430 422 561
f 430 561 574
f 576 575 564
f 422 576 564
f 433 576 422
f 564 575 565
f 579 578 577
f 579 577 568
f 577 567 568
f 577 444 567
f 569 444 435
f 567 444 569
f 569 435 424
f 438 580 437
f 437 580 581
f 582 437 581
f 439 437 582
f 439 583 440
f 582 583 439
f 440 584 441
f 583 584 440
f 433 441 576
f 576 441 584
f 577 578 585
f 585 578 586
f 585 443 444
f 577 585 444
f 452 587 447
f 587 588 447
f 447 588 438
f 588 589 438
f 589 580 438
f 580 589 581
f 585 586 590
f 590 586 591
f 590 449 443
f 590 443 585
f 593 592 452
f 593 452 451
f 452 594 587
f 452 592 594
f 587 594 588
f 597 596 595
f 599 598 595
f 595 598 597
f 598 599 591
f 599 590 591
f 599 600 590
f 601 453 449
f 590 601 449
f 600 601 590
f 602 454 453
f 602 453 601
f 602 603 454
f 603 451 454
f 603 593 451
f 595 596 604
f 604 596 605
f 595 606 599
f 595 604 606
f 599 607 600
f 599 606 607
f 600 608 601
f 600 607 608
f 610 602 609
f 602 608 609
f 602 601 608
f 602 610 603
f 605 611 604
f 613 612 611
f 612 604 611
f 612 606 604
f 606 614 607
f 606 612 614
f 608 614 615
f 608 607 614
f 608 615 609
f 618 617 616
f 618 616 613
f 616 612 613
f 616 619 612
f 809 614 619
f 614 612 619
f 614 809 615
f 617 620 616
f 616 620 619
f 619 620 621
f 624 455 456
f 457 625 456
f 456 625 624
f 457 458 625
f 459 626 458
f 460 626 459
f 627 622 628
f 623 622 629
f 622 630 629
f 622 627 630
f 631 629 624
f 629 461 624
f 461 455 624
f 629 630 461
f 631 624 625
f 631 625 632
f 632 625 458
f 632 458 633
f 633 458 626
f 633 626 634
f 634 626 460
f 462 634 460
f 635 634 462
f 462 463 635
f 635 463 636
f 638 637 628
f 637 627 628
f 637 639 627
f 627 640 630
f 627 639 640
f 640 464 461
f 640 461 630
f 465 636 463
f 465 641 636
f 637 638 642
f 642 638 643
f 637 644 639
f 637 642 644
f 639 645 640
f 639 644 645
f 646 466 464
f 640 646 464
f 645 646 640
f 646 467 466
f 647 641 470
f 641 465 470
f 643 648 642
f 642 648 644
f 644 648 649
f 650 644 649
f 650 645 644
f 645 651 646
f 645 650 651
f 652 468 467
f 646 652 467
f 651 652 646
f 652 469 468
f 471 647 470
f 653 647 471
f 649 654 650
f 650 654 651
f 651 654 655
f 651 655 652
f 652 655 656
f 652 656 469
f 656 472 469
f 656 657 472
f 472 658 473
f 657 658 472
f 471 473 653
f 653 473 658
f 480 659 479
f 659 480 475
f 660 659 475
f 476 660 475
f 659 660 661
f 481 660 478
f 478 660 476
f 662 483 484
f 663 662 484
f 479 663 484
f 659 663 479
f 664 661 660
f 664 660 481
f 485 664 481
f 665 664 485
f 485 486 665
f 665 486 666
f 483 662 488
f 662 667 488
f 662 668 667
f 662 663 669
f 662 669 668
f 489 666 486
f 489 670 666
f 667 492 488
f 667 668 671
f 494 667 671
f 672 494 671
f 667 494 492
f 671 668 669
f 495 670 489
f 495 673 670
f 675 674 494
f 494 674 498
f 494 672 675
f 499 673 495
f 499 676 673
f 678 677 502
f 502 677 501
f 502 498 674
f 502 674 678
f 499 503 679
f 680 499 679
f 676 499 680
f 504 679 503
f 677 681 501
f 501 681 506
f 507 506 681
f 507 681 682
f 683 680 679
f 685 683 684
f 684 683 510
f 683 679 510
f 679 504 510
f 511 684 510
f 687 686 512
f 512 686 514
f 512 507 682
f 512 682 687
f 685 684 688
f 685 688 689
f 519 690 511
f 690 684 511
f 690 688 684
f 521 690 519
f 693 692 691
f 691 694 522
f 686 691 522
f 514 686 522
f 691 686 693
f 695 523 522
f 695 522 694
f 696 524 523
f 696 523 695
f 697 525 524
f 697 524 696
f 697 527 525
f 698 689 688
f 698 688 690
f 698 690 699
f 701 699 700
f 700 699 528
f 699 690 528
f 690 521 528
f 530 700 528
f 691 692 702
f 702 692 703
f 691 704 694
f 691 702 704
f 694 716 695
f 694 704 716
f 706 696 705
f 696 716 705
f 696 695 716
f 916 707 706
f 707 696 706
f 707 697 696
f 707 532 527
f 707 527 697
f 701 700 708
f 701 708 709
f 534 708 530
f 530 708 700
f 712 711 710
f 712 710 703
f 710 702 703
f 710 713 702
f 715 704 714
f 704 713 714
f 704 702 713
f 704 715 716
f 916 717 707
f 532 707 717
f 718 532 717
f 536 532 718
f 722 721 719
f 722 719 720
f 721 722 709
f 708 721 709
f 723 721 708
f 539 723 534
f 534 723 708
f 725 724 711
f 724 710 711
f 724 726 710
f 710 727 713
f 710 726 727
f 714 713 728
f 728 713 727
f 718 729 536
f 536 729 540
f 540 730 541
f 729 730 540
f 541 731 542
f 730 731 541
f 719 732 544
f 731 719 544
f 542 731 544
f 733 719 721
f 732 719 733
f 734 721 723
f 733 721 734
f 546 734 539
f 539 734 723
f 738 737 735
f 737 738 724
f 738 739 724
f 741 726 740
f 726 739 740
f 726 724 739
f 726 741 727
f 727 741 742
f 727 742 728
f 732 547 544
f 547 732 548
f 548 732 733
f 548 733 550
f 550 733 734
f 550 734 546
f 744 743 553
f 553 743 552
f 746 745 554
f 745 553 554
f 745 744 553
f 745 746 736
f 746 735 736
f 746 747 735
f 749 738 748
f 738 747 748
f 738 735 747
f 738 749 739
f 739 749 750
f 739 750 740
f 751 556 557
f 558 752 557
f 557 752 751
f 560 752 558
f 754 753 562
f 562 753 561
f 755 562 563
f 755 754 562
f 773 756 565
f 756 563 565
f 756 755 563
f 552 757 566
f 757 552 743
f 554 566 746
f 566 758 746
f 566 757 758
f 746 758 747
f 747 758 759
f 747 759 748
f 762 761 751
f 761 568 751
f 568 556 751
f 761 760 568
f 764 763 762
f 751 764 762
f 752 764 751
f 570 765 560
f 765 752 560
f 765 764 752
f 571 766 570
f 570 766 765
f 766 571 767
f 571 768 767
f 571 572 768
f 769 572 573
f 769 768 572
f 770 573 574
f 770 769 573
f 574 561 753
f 574 753 770
f 772 771 575
f 772 575 576
f 565 575 773
f 575 771 773
f 760 578 579
f 760 774 578
f 760 579 568
f 775 763 764
f 775 764 765
f 775 765 776
f 776 765 766
f 776 766 777
f 777 766 767
f 582 581 778
f 779 582 778
f 583 582 779
f 583 780 584
f 779 780 583
f 576 584 772
f 772 584 780
f 782 781 994
f 774 781 782
f 586 774 782
f 578 774 586
f 784 783 589
f 784 589 588
f 589 785 581
f 589 783 785
f 581 785 778
f 786 994 787
f 994 788 782
f 994 786 788
f 788 591 586
f 788 586 782
f 593 789 592
f 592 789 790
f 791 592 790
f 594 592 791
f 588 594 784
f 784 594 791
f 794 793 792
f 794 792 787
f 787 792 786
f 792 596 786
f 596 597 786
f 786 597 598
f 786 598 788
f 788 598 591
f 603 795 789
f 603 789 593
f 790 789 796
f 796 789 795
f 792 793 797
f 797 793 798
f 797 605 596
f 797 596 792
f 609 799 610
f 795 603 610
f 799 795 610
f 800 795 799
f 796 795 801
f 801 795 800
f 797 798 802
f 803 611 605
f 797 803 605
f 802 803 797
f 803 613 611
f 799 609 615
f 804 799 615
f 806 800 805
f 800 804 805
f 800 799 804
f 800 806 801
f 802 798 807
f 807 798 808
f 807 617 618
f 803 807 618
f 802 807 803
f 803 618 613
f 810 615 809
f 615 811 804
f 615 810 811
f 805 804 812
f 812 804 811
f 808 813 807
f 813 815 814
f 813 814 620
f 807 813 620
f 617 807 620
f 816 621 620
f 816 620 814
f 809 619 621
f 816 809 621
f 817 809 816
f 809 818 810
f 809 817 818
f 810 819 811
f 810 818 819
f 812 811 820
f 820 811 819
f 815 821 814
f 823 822 821
f 822 814 821
f 822 816 814
f 816 824 817
f 816 822 824
f 817 825 818
f 817 824 825
f 818 826 819
f 818 825 826
f 820 819 827
f 827 819 826
f 822 823 828
f 828 823 829
f 822 830 824
f 822 828 830
f 824 831 825
f 824 830 831
f 833 826 832
f 826 831 832
f 826 825 831
f 826 833 827
f 828 829 834
f 834 829 835
f 836 830 838
f 830 834 838
f 830 828 834
f 830 836 831
f 831 836 837
f 831 837 832
f 835 838 834
f 841 840 839
f 622 623 839
f 623 841 839
f 623 842 841
f 842 623 843
f 846 845 844
f 846 844 840
f 844 839 840
f 844 847 839
f 847 628 622
f 847 622 839
f 848 843 623
f 848 623 629
f 849 629 631
f 849 848 629
f 850 631 632
f 850 849 631
f 851 632 633
f 851 850 632
f 852 633 634
f 852 851 633
f 854 852 853
f 852 635 853
f 852 634 635
f 636 853 635
f 844 845 855
f 855 845 856
f 847 855 638
f 844 855 847
f 847 638 628
f 854 853 857
f 854 857 858
f 641 857 636
f 636 857 853
f 855 856 859
f 859 856 860
f 859 643 638
f 859 638 855
f 858 857 647
f 861 858 647
f 647 857 641
f 859 860 862
f 862 860 863
f 859 862 643
f 862 864 643
f 864 648 643
f 649 864 865
f 648 864 649
f 868 867 866
f 867 861 866
f 861 653 866
f 861 647 653
f 863 869 862
f 862 869 864
f 865 864 870
f 870 864 871
f 872 654 649
f 865 872 649
f 870 872 865
f 873 655 654
f 873 654 872
f 655 873 874
f 875 655 874
f 656 655 875
f 656 876 657
f 875 876 656
f 866 658 868
f 658 876 868
f 658 657 876
f 658 866 653
f 871 877 870
f 870 877 872
f 872 877 878
f 872 878 873
f 873 878 879
f 873 879 874
f 661 880 659
f 881 663 880
f 880 663 659
f 881 880 661
f 882 881 661
f 664 882 661
f 883 881 882
f 885 882 884
f 882 665 884
f 882 664 665
f 666 884 665
f 887 886 881
f 886 663 881
f 886 669 663
f 887 881 883
f 885 884 888
f 885 888 889
f 670 888 666
f 666 888 884
f 891 890 671
f 671 890 672
f 671 669 886
f 671 886 891
f 889 888 892
f 889 892 893
f 673 892 670
f 670 892 888
f 890 894 675
f 675 894 674
f 675 672 890
f 893 892 895
f 893 895 896
f 676 895 673
f 673 895 892
f 898 897 678
f 678 897 677
f 678 674 894
f 678 894 898
f 896 895 899
f 896 899 900
f 680 899 676
f 676 899 895
f 681 677 901
f 677 902 901
f 677 897 902
f 901 682 681
f 903 899 685
f 685 899 683
f 899 680 683
f 901 902 687
f 902 686 687
f 902 904 686
f 901 687 682
f 903 685 905
f 903 905 906
f 689 905 685
f 908 907 693
f 693 907 692
f 693 686 904
f 693 904 908
f 906 905 909
f 906 909 910
f 698 911 689
f 911 905 689
f 911 909 905
f 699 912 698
f 698 912 911
f 701 912 699
f 915 914 913
f 907 915 913
f 703 907 913
f 692 907 703
f 705 916 706
f 910 909 917
f 910 917 918
f 919 909 911
f 917 909 919
f 920 911 912
f 919 911 920
f 709 920 701
f 701 920 912
f 923 922 921
f 925 924 921
f 921 924 923
f 924 925 914
f 914 925 913
f 925 711 913
f 711 712 913
f 913 712 703
f 714 926 715
f 927 716 715
f 927 715 926
f 927 928 716
f 716 928 705
f 928 916 705
f 928 1152 929
f 928 929 717
f 916 928 717
f 929 718 717
f 932 931 930
f 930 931 918
f 917 930 918
f 933 930 917
f 719 933 720
f 933 919 720
f 933 917 919
f 720 919 722
f 722 919 920
f 722 920 709
f 922 935 934
f 934 921 922
f 934 936 921
f 936 724 725
f 925 936 725
f 921 936 925
f 925 725 711
f 728 937 926
f 728 926 714
f 926 938 927
f 926 937 938
f 928 927 939
f 939 927 938
f 929 1152 940
f 940 1152 941
f 942 729 718
f 929 942 718
f 940 942 929
f 943 932 930
f 729 943 930
f 730 729 930
f 943 729 942
f 730 930 731
f 731 930 933
f 731 933 719
f 945 944 935
f 935 944 934
f 944 736 934
f 736 735 934
f 934 735 737
f 934 737 936
f 936 737 724
f 740 946 741
f 947 742 741
f 947 741 946
f 937 728 742
f 947 937 742
f 948 937 947
f 950 938 949
f 938 948 949
f 938 937 948
f 938 950 939
f 941 951 940
f 940 951 942
f 942 951 952
f 942 952 943
f 954 953 744
f 744 953 743
f 745 944 945
f 954 745 945
f 744 745 954
f 944 745 736
f 748 955 749
f 749 955 956
f 957 749 956
f 750 749 957
f 740 750 946
f 750 958 946
f 750 957 958
f 946 958 947
f 947 958 959
f 947 959 948
f 948 959 960
f 948 960 949
f 961 753 754
f 755 962 754
f 754 962 961
f 962 755 963
f 755 964 963
f 755 756 964
f 756 773 964
f 965 964 773
f 953 757 743
f 757 953 966
f 757 967 758
f 966 967 757
f 758 968 759
f 967 968 758
f 748 759 955
f 759 969 955
f 759 968 969
f 955 969 956
f 971 970 761
f 761 970 760
f 973 971 972
f 971 762 972
f 971 761 762
f 763 972 762
f 974 767 768
f 769 975 768
f 768 975 974
f 975 769 976
f 769 977 976
f 769 770 977
f 977 770 753
f 978 977 753
f 961 978 753
f 977 978 979
f 772 978 771
f 978 962 771
f 978 961 962
f 963 980 962
f 980 771 962
f 980 773 771
f 965 773 980
f 983 982 981
f 970 983 981
f 774 970 981
f 760 970 774
f 984 973 972
f 984 972 763
f 775 984 763
f 985 984 775
f 987 985 986
f 985 776 986
f 985 775 776
f 777 988 776
f 776 988 986
f 767 974 777
f 974 988 777
f 974 989 988
f 975 991 990
f 989 975 990
f 974 975 989
f 992 991 778
f 975 778 991
f 778 975 779
f 976 779 975
f 779 976 993
f 978 780 979
f 780 993 979
f 780 779 993
f 780 978 772
f 982 995 981
f 995 994 981
f 994 781 981
f 981 781 774
f 996 987 986
f 996 986 988
f 996 988 997
f 998 783 784
f 988 999 997
f 999 988 989
f 989 990 999
f 1001 998 1000
f 998 1001 783
f 785 783 1001
f 778 785 992
f 992 785 1001
f 1002 787 994
f 994 995 1003
f 1004 994 1003
f 1002 994 1004
f 1005 1004 1003
f 790 1006 791
f 998 784 791
f 1006 998 791
f 1007 998 1006
f 1000 998 1008
f 1008 998 1007
f 1009 793 794
f 787 1002 794
f 1002 1009 794
f 1002 1010 1009
f 1011 1002 1004
f 1010 1002 1011
f 1004 1005 1012
f 1004 1012 1011
f 796 1013 1006
f 796 1006 790
f 1007 1013 1014
f 1007 1006 1013
f 1007 1014 1008
f 1015 798 1009
f 1009 798 793
f 1016 1009 1010
f 1015 1009 1016
f 1011 1018 1017
f 1016 1011 1017
f 1010 1011 1016
f 1018 1011 1012
f 1020 1019 1013
f 796 1020 1013
f 801 1020 796
f 1013 1019 1014
f 1021 798 1015
f 1022 1015 1016
f 1021 1015 1022
f 1016 1017 1023
f 1016 1023 1022
f 805 1024 806
f 1024 1025 806
f 1025 801 806
f 1025 1020 801
f 1026 808 1021
f 1021 808 798
f 1027 1021 1022
f 1026 1021 1027
f 1022 1023 1028
f 1022 1028 1027
f 812 1029 1024
f 812 1024 805
f 1025 1024 1030
f 1030 1024 1029
f 1026 813 808
f 1026 1027 1031
f 815 1026 1031
f 1032 815 1031
f 1026 815 813
f 1031 1027 1028
f 820 1033 1029
f 820 1029 812
f 1030 1029 1036
f 1036 1029 1033
f 821 815 1034
f 815 1035 1034
f 815 1032 1035
f 1034 823 821
f 1037 1036 1033
f 820 1037 1033
f 827 1037 820
f 1034 1035 1038
f 1038 1035 1039
f 1038 829 823
f 1038 823 1034
f 832 1040 833
f 1040 1041 833
f 1041 827 833
f 1041 1037 827
f 1043 1042 1039
f 1042 1038 1039
f 1042 1044 1038
f 1044 835 829
f 1044 829 1038
f 838 1045 836
f 1046 837 836
f 1046 836 1045
f 1046 1047 837
f 837 1047 832
f 1047 1048 832
f 1048 1040 832
f 1040 1048 1041
f 1042 1043 1049
f 1049 1043 1050
f 1042 1051 1044
f 1042 1049 1051
f 1044 1051 835
f 1051 1052 835
f 1052 838 835
f 1051 1053 1052
f 838 1054 1045
f 838 1052 1054
f 1045 1054 1046
f 1046 1054 1055
f 1046 1055 1047
f 1049 1050 1059
f 1059 1050 1056
f 1058 1051 1057
f 1051 1059 1057
f 1051 1049 1059
f 1051 1058 1053
f 1062 1061 1060
f 1060 1063 1062
f 1066 1065 1064
f 1066 1064 1061
f 1061 1064 1060
f 1064 840 1060
f 840 841 1060
f 841 842 1060
f 842 1067 1060
f 1067 1063 1060
f 842 1068 1067
f 843 1068 842
f 1064 1065 846
f 1065 845 846
f 1065 1069 845
f 1064 846 840
f 848 1068 843
f 1070 1068 848
f 1071 848 849
f 1071 1070 848
f 1073 1071 1072
f 1071 850 1072
f 1071 849 850
f 851 1074 850
f 850 1074 1072
f 852 1075 851
f 851 1075 1074
f 854 1075 852
f 1069 856 845
f 1076 856 1069
f 1077 1073 1072
f 1077 1072 1074
f 1077 1074 1078
f 1080 1079 1078
f 1074 1080 1078
f 1075 1080 1074
f 858 1080 854
f 854 1080 1075
f 1076 860 856
f 1081 860 1076
f 1084 1083 1082
f 1082 1083 1079
f 1080 1082 1079
f 1085 1082 1080
f 861 1085 858
f 858 1085 1080
f 1081 863 860
f 1086 863 1081
f 1087 1088 1084
f 1082 1087 1084
f 1089 1087 1082
f 868 1089 867
f 1089 1085 867
f 1089 1082 1085
f 867 1085 861
f 869 863 1090
f 863 1091 1090
f 863 1086 1091
f 1090 864 869
f 1092 864 1090
f 1092 871 864
f 1095 1094 1093
f 1093 1094 1088
f 1093 1088 1087
f 874 1093 1087
f 875 874 1087
f 875 1087 876
f 876 1087 1089
f 876 1089 868
f 1091 1096 1090
f 1090 1096 1092
f 1092 1096 1097
f 1097 1099 1098
f 1097 1098 877
f 1092 1097 877
f 871 1092 877
f 1100 878 877
f 1100 877 1098
f 1101 1095 1093
f 878 1101 1093
f 879 878 1093
f 1101 878 1100
f 879 1093 874
f 1099 1102 1098
f 1098 1102 1100
f 1100 1102 1103
f 1100 1103 1101
f 885 883 882
f 886 887 1104
f 887 1106 1104
f 1106 887 883
f 1107 1106 883
f 885 1107 883
f 1106 1107 1108
f 889 1107 885
f 1111 1110 1109
f 1111 1109 1105
f 1105 1109 1104
f 1109 890 1104
f 890 891 1104
f 1104 891 886
f 1108 1107 1112
f 1108 1112 1113
f 893 1112 889
f 889 1112 1107
f 1116 1115 1114
f 1116 1114 1110
f 1110 1114 1109
f 1114 894 1109
f 894 890 1109
f 893 1117 1112
f 893 896 1117
f 1114 1115 898
f 1115 897 898
f 1115 1118 897
f 1114 898 894
f 900 1117 896
f 900 1119 1117
f 1122 1121 1120
f 1118 1122 1120
f 902 1118 1120
f 897 1118 902
f 900 899 1123
f 1124 900 1123
f 1119 900 1124
f 903 1123 899
f 1127 1126 1125
f 1127 1125 1121
f 1125 1120 1121
f 1125 1128 1120
f 1128 904 902
f 1128 902 1120
f 1124 1123 1129
f 1124 1129 1130
f 906 1129 903
f 903 1129 1123
f 1134 1133 1131
f 1131 1133 1132
f 1133 1134 1126
f 1134 1125 1126
f 1134 1135 1125
f 1135 907 908
f 1128 1135 908
f 1125 1135 1128
f 1128 908 904
f 1130 1129 1136
f 1130 1136 1137
f 910 1136 906
f 906 1136 1129
f 1140 1139 1138
f 1140 1138 1132
f 1138 1131 1132
f 1138 1141 1131
f 1131 1142 1134
f 1131 1141 1142
f 1142 914 915
f 1135 1142 915
f 1134 1142 1135
f 1135 915 907
f 1137 1136 1143
f 1137 1143 1144
f 918 1143 910
f 910 1143 1136
f 1147 1146 1145
f 1148 1149 1145
f 1145 1149 1147
f 1150 1149 1148
f 1149 1150 1139
f 1150 1138 1139
f 1150 1151 1138
f 1151 922 923
f 1141 1151 923
f 1138 1151 1141
f 1141 923 924
f 1141 924 1142
f 1142 924 914
f 1144 1143 931
f 932 1144 931
f 1153 1144 932
f 931 1143 918
f 1155 1154 1168
f 1168 1156 1155
f 1145 1146 1157
f 1157 1146 1158
f 1145 1159 1148
f 1145 1157 1159
f 1148 1160 1150
f 1148 1159 1160
f 1160 935 922
f 1151 1160 922
f 1150 1160 1151
f 939 1161 1152
f 939 1152 928
f 1161 941 1152
f 1164 1163 1162
f 1163 1153 1162
f 1153 943 1162
f 1153 932 943
f 1167 1166 1165
f 1169 1168 1165
f 1154 1167 1165
f 1154 1165 1168
f 1172 1171 1170
f 1170 1171 1158
f 1171 1157 1158
f 1171 1173 1157
f 1157 1174 1159
f 1157 1173 1174
f 1160 1174 945
f 1159 1174 1160
f 1160 945 935
f 1176 1175 950
f 1176 950 949
f 939 950 1161
f 950 1177 1161
f 950 1175 1177
f 1161 1177 941
f 1177 951 941
f 1177 1178 951
f 1162 952 1164
f 952 1178 1164
f 952 951 1178
f 952 1162 943
f 1165 1166 1189
f 1189 1166 1179
f 1169 1165 1180
f 1180 1165 1189
f 1171 1172 1181
f 1181 1172 1182
f 1171 1183 1173
f 1171 1181 1183
f 1183 953 954
f 1174 1183 954
f 1173 1183 1174
f 1174 954 945
f 956 1184 957
f 957 1184 1185
f 958 957 1185
f 959 1185 1186
f 958 1185 959
f 959 1186 1187
f 1188 959 1187
f 960 959 1188
f 949 960 1176
f 1176 960 1188
f 1190 1191 1189
f 1192 1180 1189
f 1192 1189 1191
f 1192 1191 1182
f 1191 1181 1182
f 1191 1193 1181
f 1193 963 964
f 1183 1193 964
f 1181 1193 1183
f 1194 964 965
f 1194 1183 964
f 1194 966 953
f 1183 1194 953
f 966 1194 1195
f 1196 966 1195
f 967 966 1196
f 967 1197 968
f 1196 1197 967
f 968 1198 969
f 1197 1198 968
f 956 969 1184
f 969 1199 1184
f 969 1198 1199
f 1184 1199 1185
f 1185 1200 1186
f 1186 1200 1187
f 1201 970 971
f 973 1201 971
f 1204 1203 1202
f 976 977 1202
f 977 1204 1202
f 977 1205 1204
f 1206 1191 979
f 1191 1205 979
f 1205 977 979
f 1191 1190 1205
f 1191 1207 1193
f 1191 1206 1207
f 1208 980 963
f 1193 1208 963
f 1207 1208 1193
f 1208 1209 980
f 980 1209 965
f 1209 1210 965
f 1210 1194 965
f 1194 1210 1195
f 1211 982 983
f 1212 1211 983
f 1212 983 970
f 1213 1212 970
f 1201 1213 970
f 1213 1201 973
f 984 1213 973
f 1214 1213 984
f 1215 984 985
f 1215 1214 984
f 1217 1216 987
f 1216 985 987
f 1216 1215 985
f 1219 1218 1217
f 1217 1218 1216
f 1221 1220 1219
f 1219 1220 1218
f 1220 1221 1203
f 1203 1221 1202
f 1221 990 1202
f 990 991 1202
f 1222 991 992
f 1222 1202 991
f 1222 993 976
f 1202 1222 976
f 1222 1223 993
f 993 1223 979
f 1223 1224 979
f 1224 1206 979
f 1206 1224 1207
f 1207 1224 1225
f 1207 1225 1208
f 1208 1225 1226
f 1208 1226 1209
f 1227 995 1211
f 1211 995 982
f 1211 1212 1228
f 1229 1211 1228
f 1227 1211 1229
f 1230 1229 1228
f 996 1217 987
f 1217 996 997
f 1217 997 1219
f 1219 997 999
f 1219 999 1221
f 990 1221 999
f 1001 1000 1231
f 1231 1232 1001
f 1001 1232 992
f 1232 1233 992
f 1233 1222 992
f 1222 1233 1223
f 1227 1003 995
f 1003 1227 1005
f 1227 1234 1005
f 1227 1229 1234
f 1229 1230 1235
f 1229 1235 1234
f 1008 1236 1231
f 1008 1231 1000
f 1232 1231 1236
f 1238 1237 1234
f 1237 1005 1234
f 1237 1012 1005
f 1238 1234 1235
f 1239 1240 1014
f 1014 1240 1008
f 1240 1429 1008
f 1429 1236 1008
f 1241 1017 1018
f 1242 1241 1018
f 1012 1242 1018
f 1237 1242 1012
f 1020 1243 1019
f 1239 1014 1019
f 1243 1239 1019
f 1244 1239 1243
f 1240 1239 1245
f 1245 1239 1244
f 1247 1246 1241
f 1246 1017 1241
f 1246 1023 1017
f 1247 1241 1242
f 1025 1248 1243
f 1025 1243 1020
f 1250 1244 1249
f 1244 1248 1249
f 1244 1243 1248
f 1244 1250 1245
f 1253 1252 1251
f 1246 1253 1251
f 1028 1246 1251
f 1023 1246 1028
f 1030 1254 1248
f 1030 1248 1025
f 1249 1248 1255
f 1255 1248 1254
f 1251 1252 1031
f 1252 1032 1031
f 1252 1256 1032
f 1251 1031 1028
f 1258 1257 1254
f 1030 1258 1254
f 1036 1258 1030
f 1254 1257 1255
f 1261 1260 1259
f 1256 1261 1259
f 1035 1256 1259
f 1032 1256 1035
f 1037 1262 1036
f 1262 1263 1036
f 1263 1258 1036
f 1259 1260 1264
f 1264 1260 1265
f 1264 1039 1035
f 1264 1035 1259
f 1267 1266 1262
f 1037 1267 1262
f 1041 1267 1037
f 1262 1266 1263
f 1270 1269 1268
f 1270 1268 1265
f 1265 1268 1264
f 1268 1043 1264
f 1264 1043 1039
f 1273 1272 1271
f 1048 1047 1271
f 1272 1048 1271
f 1274 1048 1272
f 1041 1048 1267
f 1267 1048 1274
f 1268 1269 1275
f 1275 1269 1276
f 1275 1050 1043
f 1275 1043 1268
f 1278 1277 1052
f 1278 1052 1053
f 1052 1279 1054
f 1277 1279 1052
f 1271 1055 1273
f 1055 1279 1273
f 1055 1054 1279
f 1055 1271 1047
f 1282 1281 1280
f 1282 1280 1276
f 1280 1275 1276
f 1280 1283 1275
f 1283 1056 1050
f 1283 1050 1275
f 1285 1284 1058
f 1285 1058 1057
f 1053 1058 1278
f 1278 1058 1284
f 1280 1281 1286
f 1286 1281 1287
f 1280 1288 1283
f 1280 1286 1288
f 1289 1059 1056
f 1283 1289 1056
f 1288 1289 1283
f 1289 1290 1059
f 1290 1057 1059
f 1290 1285 1057
f 1286 1287 1291
f 1291 1287 1292
f 1291 1061 1062
f 1288 1291 1062
f 1286 1291 1288
f 1288 1062 1063
f 1293 1288 1063
f 1289 1288 1293
f 1290 1289 1294
f 1294 1289 1293
f 1291 1292 1066
f 1292 1065 1066
f 1292 1295 1065
f 1291 1066 1061
f 1297 1296 1293
f 1063 1297 1293
f 1067 1297 1063
f 1293 1296 1294
f 1295 1069 1065
f 1298 1069 1295
f 1067 1068 1299
f 1300 1067 1299
f 1297 1067 1300
f 1070 1301 1068
f 1068 1301 1299
f 1071 1302 1070
f 1070 1302 1301
f 1073 1302 1071
f 1305 1304 1303
f 1298 1305 1303
f 1076 1298 1303
f 1069 1298 1076
f 1306 1300 1299
f 1308 1307 1306
f 1299 1308 1306
f 1301 1308 1299
f 1309 1301 1302
f 1308 1301 1309
f 1309 1302 1073
f 1310 1309 1073
f 1077 1310 1073
f 1312 1310 1311
f 1310 1078 1311
f 1310 1077 1078
f 1079 1311 1078
f 1303 1304 1313
f 1313 1304 1314
f 1313 1081 1076
f 1313 1076 1303
f 1315 1307 1308
f 1315 1308 1309
f 1315 1309 1316
f 1316 1309 1310
f 1312 1311 1083
f 1084 1312 1083
f 1317 1312 1084
f 1083 1311 1079
f 1313 1314 1318
f 1318 1314 1319
f 1318 1086 1081
f 1318 1081 1313
f 1324 1084 1088
f 1324 1317 1084
f 1318 1319 1320
f 1320 1319 1321
f 1320 1091 1086
f 1320 1086 1318
f 1095 1322 1094
f 1322 1323 1094
f 1094 1323 1088
f 1323 1324 1088
f 1321 1325 1320
f 1325 1327 1326
f 1325 1326 1096
f 1320 1325 1096
f 1091 1320 1096
f 1328 1097 1096
f 1328 1096 1326
f 1328 1099 1097
f 1330 1329 1322
f 1095 1330 1322
f 1101 1330 1095
f 1322 1329 1323
f 1327 1331 1326
f 1333 1332 1331
f 1332 1326 1331
f 1332 1328 1326
f 1334 1102 1099
f 1328 1334 1099
f 1332 1334 1328
f 1102 1334 1335
f 1336 1102 1335
f 1103 1102 1336
f 1101 1103 1330
f 1330 1103 1336
f 1333 1337 1332
f 1332 1337 1334
f 1334 1337 1338
f 1334 1338 1335
f 1341 1340 1339
f 1339 1342 1341
f 1339 1340 1104
f 1340 1105 1104
f 1340 1343 1105
f 1339 1104 1106
f 1339 1106 1342
f 1106 1108 1342
f 1108 1344 1342
f 1346 1345 1111
f 1111 1345 1110
f 1111 1105 1343
f 1111 1343 1346
f 1113 1344 1108
f 1113 1347 1344
f 1348 1115 1116
f 1349 1348 1116
f 1110 1349 1116
f 1345 1349 1110
f 1113 1112 1117
f 1350 1113 1117
f 1347 1113 1350
f 1352 1351 1348
f 1351 1115 1348
f 1351 1118 1115
f 1352 1348 1349
f 1350 1117 1353
f 1119 1353 1117
f 1355 1541 1354
f 1121 1122 1354
f 1122 1355 1354
f 1122 1356 1355
f 1122 1118 1351
f 1122 1351 1356
f 1353 1119 1357
f 1119 1358 1357
f 1119 1124 1358
f 1361 1360 1359
f 1361 1359 1541
f 1541 1359 1354
f 1359 1126 1354
f 1126 1127 1354
f 1354 1127 1121
f 1130 1358 1124
f 1130 1362 1358
f 1364 1363 1132
f 1133 1359 1360
f 1364 1133 1360
f 1132 1133 1364
f 1359 1133 1126
f 1137 1362 1130
f 1137 1365 1362
f 1368 1367 1366
f 1139 1140 1366
f 1140 1368 1366
f 1140 1369 1368
f 1140 1132 1363
f 1140 1363 1369
f 1144 1365 1137
f 1144 1370 1365
f 1372 1371 1147
f 1147 1371 1146
f 1373 1147 1149
f 1373 1372 1147
f 1149 1366 1367
f 1373 1149 1367
f 1366 1149 1139
f 1153 1370 1144
f 1153 1374 1370
f 1376 1375 1155
f 1155 1375 1154
f 1378 1377 1156
f 1377 1155 1156
f 1377 1376 1155
f 1371 1377 1378
f 1158 1371 1378
f 1146 1371 1158
f 1164 1379 1163
f 1379 1380 1163
f 1380 1153 1163
f 1380 1374 1153
f 1382 1381 1167
f 1167 1381 1166
f 1168 1169 1383
f 1382 1154 1375
f 1154 1382 1167
f 1383 1156 1168
f 1383 1378 1156
f 1383 1172 1170
f 1378 1383 1170
f 1378 1170 1158
f 1385 1384 1175
f 1385 1175 1176
f 1175 1386 1177
f 1384 1386 1175
f 1177 1387 1178
f 1386 1387 1177
f 1164 1178 1379
f 1178 1388 1379
f 1178 1387 1388
f 1379 1388 1380
f 1381 1390 1389
f 1179 1381 1389
f 1166 1381 1179
f 1180 1391 1383
f 1180 1383 1169
f 1391 1182 1172
f 1391 1172 1383
f 1393 1392 1188
f 1393 1188 1187
f 1176 1188 1385
f 1385 1188 1392
f 1389 1390 1394
f 1394 1390 1395
f 1190 1189 1179
f 1389 1190 1179
f 1394 1190 1389
f 1192 1391 1180
f 1391 1192 1182
f 1398 1397 1396
f 1196 1195 1396
f 1397 1196 1396
f 1399 1196 1397
f 1196 1400 1197
f 1399 1400 1196
f 1197 1590 1198
f 1400 1590 1197
f 1198 1401 1199
f 1590 1401 1198
f 1199 1402 1185
f 1199 1401 1402
f 1402 1200 1185
f 1402 1403 1200
f 1187 1200 1393
f 1393 1200 1403
f 1406 1405 1404
f 1406 1404 1395
f 1395 1404 1394
f 1404 1203 1394
f 1203 1204 1394
f 1394 1204 1205
f 1394 1205 1190
f 1408 1407 1209
f 1209 1407 1398
f 1209 1398 1396
f 1210 1209 1396
f 1210 1396 1195
f 1409 1212 1213
f 1214 1410 1213
f 1213 1410 1409
f 1215 1411 1214
f 1214 1411 1410
f 1411 1215 1412
f 1215 1413 1412
f 1215 1216 1413
f 1414 1216 1218
f 1414 1413 1216
f 1220 1404 1405
f 1414 1220 1405
f 1218 1220 1414
f 1404 1220 1203
f 1223 1415 1224
f 1224 1415 1416
f 1417 1224 1416
f 1225 1224 1417
f 1209 1226 1408
f 1226 1417 1408
f 1226 1225 1417
f 1409 1228 1212
f 1409 1410 1418
f 1230 1409 1418
f 1419 1230 1418
f 1409 1230 1228
f 1418 1410 1411
f 1418 1411 1420
f 1420 1411 1412
f 1232 1421 1233
f 1421 1422 1233
f 1233 1422 1223
f 1422 1423 1223
f 1423 1415 1223
f 1415 1423 1416
f 1419 1235 1230
f 1424 1235 1419
f 1236 1425 1421
f 1236 1421 1232
f 1422 1421 1426
f 1426 1421 1425
f 1428 1427 1238
f 1238 1427 1237
f 1238 1235 1424
f 1238 1424 1428
f 1429 1430 1236
f 1430 1431 1236
f 1431 1425 1236
f 1425 1431 1426
f 1427 1242 1237
f 1432 1242 1427
f 1245 1433 1429
f 1245 1429 1240
f 1430 1429 1434
f 1434 1429 1433
f 1436 1435 1247
f 1247 1435 1246
f 1247 1242 1432
f 1247 1432 1436
f 1249 1437 1250
f 1433 1245 1250
f 1437 1433 1250
f 1438 1433 1437
f 1434 1433 1440
f 1433 1439 1440
f 1433 1438 1439
f 1442 1441 1253
f 1253 1441 1252
f 1253 1246 1435
f 1253 1435 1442
f 1444 1443 1437
f 1249 1444 1437
f 1255 1444 1249
f 1437 1443 1438
f 1438 1443 1445
f 1438 1445 1439
f 1439 1445 1446
f 1439 1446 1440
f 1441 1256 1252
f 1447 1256 1441
f 1449 1448 1257
f 1449 1257 1258
f 1255 1257 1444
f 1444 1257 1448
f 1261 1450 1260
f 1261 1256 1447
f 1261 1447 1450
f 1263 1449 1258
f 1263 1451 1449
f 1454 1453 1452
f 1450 1454 1452
f 1265 1450 1452
f 1260 1450 1265
f 1266 1267 1455
f 1456 1266 1455
f 1457 1266 1456
f 1263 1266 1451
f 1451 1266 1457
f 1452 1453 1270
f 1453 1269 1270
f 1453 1458 1269
f 1452 1270 1265
f 1461 1460 1459
f 1272 1273 1459
f 1460 1272 1459
f 1462 1272 1460
f 1274 1462 1455
f 1274 1272 1462
f 1274 1455 1267
f 1465 1464 1463
f 1458 1465 1463
f 1276 1458 1463
f 1269 1458 1276
f 1467 1466 1277
f 1467 1277 1278
f 1459 1279 1461
f 1279 1466 1461
f 1279 1277 1466
f 1279 1459 1273
f 1463 1464 1282
f 1464 1281 1282
f 1464 1468 1281
f 1463 1282 1276
f 1470 1469 1284
f 1470 1284 1285
f 1278 1284 1467
f 1467 1284 1469
f 1473 1472 1471
f 1468 1473 1471
f 1287 1468 1471
f 1281 1468 1287
f 1290 1470 1285
f 1290 1474 1470
f 1471 1472 1475
f 1475 1472 1476
f 1475 1292 1287
f 1475 1287 1471
f 1294 1474 1290
f 1294 1477 1474
f 1475 1476 1478
f 1478 1476 1479
f 1478 1295 1292
f 1478 1292 1475
f 1480 1296 1297
f 1294 1296 1477
f 1477 1296 1480
f 1483 1482 1481
f 1483 1481 1479
f 1481 1478 1479
f 1481 1484 1478
f 1484 1298 1295
f 1484 1295 1478
f 1300 1480 1297
f 1300 1485 1480
f 1481 1482 1486
f 1486 1482 1487
f 1486 1304 1305
f 1484 1486 1305
f 1481 1486 1484
f 1484 1305 1298
f 1300 1306 1488
f 1489 1300 1488
f 1485 1300 1489
f 1307 1488 1306
f 1312 1490 1310
f 1486 1487 1491
f 1491 1487 1492
f 1491 1314 1304
f 1491 1304 1486
f 1493 1489 1488
f 1495 1493 1494
f 1494 1493 1315
f 1493 1488 1315
f 1488 1307 1315
f 1316 1496 1315
f 1315 1496 1494
f 1310 1490 1316
f 1490 1496 1316
f 1490 1497 1496
f 1317 1497 1312
f 1312 1497 1490
f 1491 1492 1498
f 1498 1319 1314
f 1498 1314 1491
f 1499 1495 1494
f 1499 1494 1496
f 1499 1496 1500
f 1502 1501 1500
f 1496 1502 1500
f 1497 1502 1496
f 1324 1502 1317
f 1317 1502 1497
f 1503 1498 1504
f 1503 1321 1319
f 1503 1319 1498
f 1507 1506 1505
f 1505 1506 1501
f 1505 1501 1502
f 1323 1505 1502
f 1324 1323 1502
f 1503 1504 1508
f 1508 1504 1509
f 1510 1325 1321
f 1503 1510 1321
f 1508 1510 1503
f 1510 1327 1325
f 1507 1505 1329
f 1330 1507 1329
f 1511 1507 1330
f 1329 1505 1323
f 1509 1512 1508
f 1514 1513 1512
f 1513 1508 1512
f 1513 1510 1508
f 1515 1331 1327
f 1510 1515 1327
f 1513 1515 1510
f 1515 1333 1331
f 1517 1516 1336
f 1517 1336 1335
f 1330 1336 1511
f 1511 1336 1516
f 1514 1518 1513
f 1513 1518 1515
f 1515 1518 1519
f 1515 1519 1333
f 1519 1337 1333
f 1519 1520 1337
f 1337 1521 1338
f 1520 1521 1337
f 1335 1338 1517
f 1517 1338 1521
f 1523 1522 1341
f 1341 1522 1340
f 1525 1523 1524
f 1523 1342 1524
f 1523 1341 1342
f 1528 1527 1526
f 1522 1528 1526
f 1343 1522 1526
f 1340 1522 1343
f 1525 1524 1529
f 1525 1529 1530
f 1344 1529 1342
f 1342 1529 1524
f 1526 1527 1346
f 1527 1345 1346
f 1527 1531 1345
f 1526 1346 1343
f 1530 1529 1532
f 1530 1532 1533
f 1347 1532 1344
f 1344 1532 1529
f 1531 1349 1345
f 1534 1349 1531
f 1533 1532 1535
f 1533 1535 1536
f 1350 1535 1347
f 1347 1535 1532
f 1538 1537 1352
f 1352 1537 1351
f 1352 1349 1534
f 1352 1534 1538
f 1536 1535 1539
f 1536 1539 1540
f 1353 1539 1350
f 1350 1539 1535
f 1541 1355 1542
f 1355 1543 1542
f 1355 1356 1543
f 1356 1351 1537
f 1356 1537 1543
f 1544 1540 1539
f 1544 1539 1353
f 1357 1544 1353
f 1545 1544 1357
f 1357 1358 1545
f 1545 1358 1546
f 1547 1360 1361
f 1548 1547 1361
f 1548 1361 1541
f 1542 1548 1541
f 1362 1546 1358
f 1362 1549 1546
f 1552 1551 1550
f 1363 1364 1550
f 1364 1552 1550
f 1364 1360 1547
f 1553 1364 1547
f 1552 1364 1553
f 1553 1547 1548
f 1365 1549 1362
f 1365 1554 1549
f 1555 1736 1368
f 1368 1736 1367
f 1369 1550 1551
f 1555 1369 1551
f 1368 1369 1555
f 1550 1369 1363
f 1370 1554 1365
f 1370 1556 1554
f 1557 1371 1372
f 1557 1372 1558
f 1372 1559 1558
f 1372 1373 1559
f 1373 1367 1736
f 1373 1736 1559
f 1374 1556 1370
f 1374 1560 1556
f 1561 1375 1376
f 1377 1562 1376
f 1376 1562 1561
f 1563 1562 1377
f 1563 1377 1371
f 1564 1563 1371
f 1557 1564 1371
f 1564 1557 1558
f 1380 1560 1374
f 1380 1565 1560
f 1566 1381 1382
f 1567 1566 1382
f 1567 1382 1375
f 1568 1567 1375
f 1561 1568 1375
f 1568 1561 1562
f 1568 1562 1569
f 1569 1562 1563
f 1571 1570 1384
f 1571 1384 1385
f 1570 1573 1572
f 1386 1570 1572
f 1384 1570 1386
f 1574 1387 1386
f 1574 1386 1572
f 1387 1574 1575
f 1576 1387 1575
f 1388 1387 1576
f 1380 1388 1565
f 1565 1388 1576
f 1381 1566 1390
f 1566 1577 1390
f 1566 1578 1577
f 1566 1567 1579
f 1566 1579 1578
f 1392 1393 1580
f 1581 1392 1580
f 1582 1392 1581
f 1385 1392 1571
f 1571 1392 1582
f 1573 1583 1572
f 1572 1583 1574
f 1574 1583 1584
f 1574 1584 1575
f 1586 1585 1577
f 1585 1390 1577
f 1585 1395 1390
f 1586 1577 1578
f 1398 1587 1397
f 1588 1399 1397
f 1588 1397 1587
f 1589 1400 1399
f 1589 1399 1588
f 1590 1400 1589
f 1591 1401 1590
f 1401 1591 1592
f 1593 1401 1592
f 1402 1401 1593
f 1403 1593 1580
f 1403 1402 1593
f 1403 1580 1393
f 1594 1405 1406
f 1595 1594 1406
f 1395 1595 1406
f 1585 1595 1395
f 1408 1596 1407
f 1596 1597 1407
f 1407 1597 1398
f 1597 1598 1398
f 1598 1587 1398
f 1587 1598 1588
f 1588 1598 1599
f 1588 1599 1589
f 1589 1599 1600
f 1589 1600 1590
f 1590 1600 1601
f 1590 1601 1591
f 1591 1601 1602
f 1591 1602 1592
f 1603 1412 1413
f 1603 1413 1604
f 1413 1605 1604
f 1413 1414 1605
f 1414 1405 1594
f 1606 1414 1594
f 1605 1414 1606
f 1606 1594 1595
f 1608 1607 1417
f 1608 1417 1416
f 1408 1417 1596
f 1417 1609 1596
f 1417 1607 1609
f 1596 1609 1597
f 1610 1419 1418
f 1610 1418 1611
f 1418 1612 1611
f 1418 1420 1612
f 1420 1412 1603
f 1613 1420 1603
f 1612 1420 1613
f 1613 1603 1604
f 1422 1614 1423
f 1614 1615 1423
f 1615 1416 1423
f 1615 1608 1416
f 1617 1616 1610
f 1616 1419 1610
f 1616 1424 1419
f 1617 1610 1611
f 1426 1618 1614
f 1426 1614 1422
f 1615 1614 1619
f 1619 1614 1618
f 1621 1620 1428
f 1428 1620 1427
f 1428 1424 1616
f 1428 1616 1621
f 1430 1622 1431
f 1618 1426 1431
f 1622 1618 1431
f 1623 1618 1622
f 1619 1618 1624
f 1624 1618 1623
f 1620 1432 1427
f 1625 1432 1620
f 1434 1626 1622
f 1434 1622 1430
f 1628 1623 1627
f 1623 1626 1627
f 1623 1622 1626
f 1623 1628 1624
f 1630 1629 1436
f 1436 1629 1435
f 1436 1432 1625
f 1436 1625 1630
f 1440 1626 1434
f 1440 1627 1626
f 1440 1631 1627
f 1633 1632 1442
f 1442 1632 1441
f 1442 1435 1629
f 1442 1629 1633
f 1634 1806 1443
f 1634 1443 1444
f 1443 1635 1445
f 1806 1635 1443
f 1445 1636 1446
f 1635 1636 1445
f 1440 1446 1631
f 1631 1446 1636
f 1447 1632 1637
f 1441 1632 1447
f 1640 1639 1448
f 1640 1448 1449
f 1444 1448 1634
f 1634 1448 1639
f 1637 1638 1450
f 1638 1641 1450
f 1637 1450 1447
f 1451 1640 1449
f 1451 1642 1640
f 1644 1643 1454
f 1454 1643 1453
f 1454 1450 1641
f 1454 1641 1644
f 1651 1646 1645
f 1456 1455 1645
f 1646 1456 1645
f 1647 1456 1646
f 1456 1820 1457
f 1647 1820 1456
f 1451 1457 1642
f 1642 1457 1820
f 1650 1649 1648
f 1643 1650 1648
f 1458 1643 1648
f 1453 1643 1458
f 1652 1651 1460
f 1652 1460 1461
f 1645 1462 1651
f 1462 1460 1651
f 1462 1645 1455
f 1655 1654 1653
f 1655 1653 1649
f 1649 1653 1648
f 1653 1464 1648
f 1464 1465 1648
f 1648 1465 1458
f 1657 1656 1466
f 1657 1466 1467
f 1461 1466 1652
f 1652 1466 1656
f 1653 1654 1658
f 1658 1654 1659
f 1658 1468 1464
f 1658 1464 1653
f 1470 1660 1469
f 1660 1661 1469
f 1661 1467 1469
f 1661 1657 1467
f 1658 1659 1473
f 1659 1472 1473
f 1659 1662 1472
f 1658 1473 1468
f 1664 1663 1660
f 1470 1664 1660
f 1474 1664 1470
f 1660 1663 1661
f 1662 1666 1665
f 1476 1662 1665
f 1472 1662 1476
f 1477 1664 1474
f 1477 1667 1664
f 1665 1666 1668
f 1668 1666 1669
f 1668 1479 1476
f 1668 1476 1665
f 1477 1480 1667
f 1667 1480 1670
f 1668 1669 1483
f 1669 1482 1483
f 1669 1671 1482
f 1668 1483 1479
f 1674 1673 1672
f 1673 1670 1672
f 1670 1485 1672
f 1670 1480 1485
f 1677 1676 1675
f 1671 1677 1675
f 1487 1671 1675
f 1482 1671 1487
f 1674 1672 1678
f 1674 1678 1679
f 1489 1678 1485
f 1485 1678 1672
f 1675 1676 1684
f 1684 1676 1680
f 1684 1492 1487
f 1684 1487 1675
f 1681 1679 1678
f 1683 1681 1682
f 1682 1681 1493
f 1681 1678 1493
f 1678 1489 1493
f 1495 1682 1493
f 1684 1680 1685
f 1684 1498 1492
f 1686 1683 1682
f 1688 1686 1687
f 1687 1686 1499
f 1686 1682 1499
f 1682 1495 1499
f 1500 1689 1499
f 1499 1689 1687
f 1501 1689 1500
f 1684 1685 1690
f 1690 1504 1498
f 1690 1498 1684
f 1691 1688 1687
f 1507 1692 1506
f 1692 1687 1506
f 1687 1689 1506
f 1692 1691 1687
f 1506 1689 1501
f 1690 1685 1693
f 1693 1685 1694
f 1693 1509 1504
f 1693 1504 1690
f 1511 1692 1507
f 1511 1695 1692
f 1694 1696 1693
f 1696 1698 1697
f 1696 1697 1512
f 1693 1696 1512
f 1509 1693 1512
f 1697 1514 1512
f 1516 1517 1699
f 1701 1516 1699
f 1511 1516 1695
f 1695 1516 1701
f 1697 1698 1702
f 1697 1702 1514
f 1702 1703 1514
f 1703 1518 1514
f 1702 1706 1703
f 1518 1704 1519
f 1703 1704 1518
f 1519 1705 1520
f 1704 1705 1519
f 1699 1521 1700
f 1521 1705 1700
f 1521 1520 1705
f 1521 1699 1517
f 1525 1522 1523
f 1707 1527 1528
f 1522 1525 1528
f 1525 1707 1528
f 1525 1708 1707
f 1530 1708 1525
f 1710 1709 1707
f 1709 1527 1707
f 1709 1531 1527
f 1712 1711 1710
f 1707 1712 1710
f 1708 1712 1707
f 1533 1712 1530
f 1530 1712 1708
f 1709 1534 1531
f 1713 1534 1709
f 1711 1712 1714
f 1711 1714 1715
f 1536 1714 1533
f 1533 1714 1712
f 1717 1716 1538
f 1538 1716 1537
f 1538 1534 1713
f 1538 1713 1717
f 1718 1715 1714
f 1714 1536 1718
f 1536 1719 1718
f 1536 1540 1719
f 1722 1721 1720
f 1542 1543 1720
f 1543 1722 1720
f 1543 1723 1722
f 1543 1537 1716
f 1543 1716 1723
f 1724 1719 1540
f 1724 1540 1544
f 1726 1724 1725
f 1724 1545 1725
f 1724 1544 1545
f 1546 1725 1545
f 1729 1728 1727
f 1729 1727 1721
f 1721 1727 1720
f 1727 1548 1720
f 1548 1542 1720
f 1726 1725 1730
f 1726 1730 1731
f 1549 1730 1546
f 1546 1730 1725
f 1552 1733 1732
f 1553 1727 1728
f 1733 1553 1728
f 1552 1553 1733
f 1727 1553 1548
f 1734 1731 1730
f 1730 1549 1734
f 1549 1735 1734
f 1549 1554 1735
f 1737 1736 1555
f 1737 1555 1551
f 1738 1737 1551
f 1552 1738 1551
f 1738 1552 1732
f 1556 1735 1554
f 1556 1739 1735
f 1741 1740 1559
f 1559 1740 1558
f 1742 1559 1736
f 1741 1559 1742
f 1742 1736 1737
f 1560 1739 1556
f 1560 1743 1739
f 1744 1563 1564
f 1745 1744 1564
f 1558 1745 1564
f 1740 1745 1558
f 1565 1743 1560
f 1565 1746 1743
f 1569 1747 1568
f 1748 1747 1569
f 1748 1569 1563
f 1749 1748 1563
f 1744 1749 1563
f 1749 1744 1745
f 1571 1750 1570
f 1750 1573 1570
f 1752 1751 1576
f 1752 1576 1575
f 1565 1576 1746
f 1746 1576 1751
f 1754 1753 1568
f 1753 1567 1568
f 1753 1579 1567
f 1754 1568 1747
f 1754 1747 1755
f 1755 1747 1748
f 1757 1756 1581
f 1757 1581 1580
f 1581 1758 1582
f 1756 1758 1581
f 1571 1582 1750
f 1582 1759 1750
f 1582 1758 1759
f 1750 1759 1573
f 1759 1583 1573
f 1759 1760 1583
f 1583 1761 1584
f 1760 1761 1583
f 1575 1584 1752
f 1752 1584 1761
f 1762 1585 1586
f 1578 1763 1586
f 1586 1763 1762
f 1764 1763 1578
f 1579 1764 1578
f 1753 1764 1579
f 1766 1765 1593
f 1766 1593 1592
f 1580 1593 1757
f 1757 1593 1765
f 1767 1595 1762
f 1762 1595 1585
f 1763 1769 1768
f 1767 1763 1768
f 1762 1763 1767
f 1769 1763 1764
f 1771 1770 1598
f 1771 1598 1597
f 1598 1772 1599
f 1770 1772 1598
f 1599 1773 1600
f 1772 1773 1599
f 1600 1774 1601
f 1773 1774 1600
f 1601 1775 1602
f 1774 1775 1601
f 1592 1602 1766
f 1766 1602 1775
f 1776 1604 1605
f 1606 1777 1605
f 1605 1777 1776
f 1778 1777 1606
f 1778 1606 1595
f 1767 1778 1595
f 1778 1767 1768
f 1608 1779 1607
f 1607 1779 1780
f 1781 1607 1780
f 1609 1607 1781
f 1597 1609 1771
f 1771 1609 1781
f 1782 1611 1612
f 1613 1783 1612
f 1612 1783 1782
f 1604 1776 1613
f 1776 1783 1613
f 1776 1784 1783
f 1777 1786 1785
f 1784 1777 1785
f 1776 1777 1784
f 1786 1777 1778
f 1615 1779 1608
f 1780 1779 1787
f 1787 1779 1615
f 1789 1788 1617
f 1617 1788 1616
f 1617 1611 1782
f 1790 1617 1782
f 1789 1617 1790
f 1790 1782 1783
f 1790 1783 1791
f 1791 1783 1784
f 1791 1784 1792
f 1792 1784 1785
f 1794 1793 1615
f 1619 1794 1615
f 1615 1793 1787
f 1796 1795 1621
f 1621 1795 1620
f 1621 1616 1788
f 1621 1788 1796
f 1624 1794 1619
f 1624 1797 1794
f 1625 1795 1798
f 1620 1795 1625
f 1627 1800 1628
f 1800 1801 1628
f 1801 1624 1628
f 1801 1797 1624
f 1798 1799 1630
f 1799 1629 1630
f 1799 1802 1629
f 1798 1630 1625
f 1631 1803 1800
f 1631 1800 1627
f 1801 1800 1803
f 1805 1804 1633
f 1633 1804 1632
f 1633 1629 1802
f 1633 1802 1805
f 1807 1806 1634
f 1806 1808 1635
f 1635 1809 1636
f 1808 1809 1635
f 1631 1636 1803
f 1636 1810 1803
f 1636 1809 1810
f 1812 1811 1637
f 1637 1811 1638
f 1637 1632 1804
f 1637 1804 1812
f 1814 1813 1639
f 1814 1639 1640
f 1634 1639 1807
f 1807 1639 1813
f 1817 1816 1815
f 1811 1817 1815
f 1641 1811 1815
f 1638 1811 1641
f 1819 1979 1818
f 1821 1820 1818
f 1821 1818 1979
f 1821 1814 1820
f 1814 1642 1820
f 1814 1640 1642
f 1824 1823 1822
f 1824 1822 1816
f 1816 1822 1815
f 1822 1643 1815
f 1643 1644 1815
f 1815 1644 1641
f 1826 1825 1646
f 1826 1646 1651
f 1818 1647 1819
f 1647 1825 1819
f 1647 1646 1825
f 1647 1818 1820
f 1822 1823 1650
f 1823 1649 1650
f 1823 1827 1649
f 1822 1650 1643
f 1829 1828 1651
f 1829 1651 1652
f 1826 1651 1828
f 1831 1830 1655
f 1655 1830 1654
f 1655 1649 1827
f 1655 1827 1831
f 1833 1832 1656
f 1833 1656 1657
f 1652 1656 1829
f 1829 1656 1832
f 1830 1659 1654
f 1834 1659 1830
f 1661 1833 1657
f 1661 1835 1833
f 1838 1837 1836
f 1834 1838 1836
f 1662 1834 1836
f 1659 1834 1662
f 1840 1839 1663
f 1840 1663 1664
f 1661 1663 1835
f 1835 1663 1839
f 1836 1837 1666
f 1837 1841 1666
f 1836 1666 1662
f 1840 1667 1842
f 1840 1664 1667
f 1845 1844 1843
f 1841 1845 1843
f 1669 1841 1843
f 1666 1841 1669
f 1846 1842 1670
f 1670 1842 1667
f 1843 1844 1847
f 1847 1844 1848
f 1847 1671 1669
f 1847 1669 1843
f 1850 1849 1673
f 1850 1673 1674
f 1670 1673 1846
f 1846 1673 1849
f 1847 1848 1677
f 1848 1676 1677
f 1848 1851 1676
f 1847 1677 1671
f 1679 1850 1674
f 1679 1852 1850
f 1851 1680 1676
f 1855 1680 1851
f 1679 1681 1853
f 1854 1679 1853
f 1852 1679 1854
f 1683 1853 1681
f 1855 1685 1680
f 1856 1854 1853
f 1858 1856 1857
f 1857 1856 1686
f 1856 1853 1686
f 1853 1683 1686
f 1688 1857 1686
f 2020 1685 1855
f 1859 1858 1857
f 1859 1857 1688
f 1691 1859 1688
f 1860 1859 1691
f 1691 1692 1860
f 1860 1692 1861
f 2020 1694 1685
f 1862 1694 2020
f 1695 1861 1692
f 1695 1863 1861
f 1696 1694 1864
f 1694 1865 1864
f 1694 1862 1865
f 1864 1698 1696
f 1867 1866 1699
f 1867 1699 1700
f 1699 1868 1701
f 1866 1868 1699
f 1695 1701 1863
f 1863 1701 1868
f 1864 1865 1869
f 1869 1865 1870
f 1869 1702 1698
f 1869 1698 1864
f 1872 1871 1703
f 1872 1703 1706
f 1703 1873 1704
f 1871 1873 1703
f 1704 1874 1705
f 1873 1874 1704
f 1700 1705 1867
f 1867 1705 1874
f 1870 1875 1869
f 1869 1875 1702
f 1875 1706 1702
f 1875 1876 1706
f 1872 1706 1876
f 1877 1709 1710
f 1711 1877 1710
f 1878 1713 1877
f 1877 1713 1709
f 1715 1878 1711
f 1711 1878 1877
f 1881 1880 1879
f 1716 1717 1879
f 1717 1881 1879
f 1717 1882 1881
f 1882 1717 1713
f 1883 1882 1713
f 1878 1883 1713
f 1882 1883 1884
f 1718 1885 1715
f 1885 1878 1715
f 1885 1883 1878
f 1719 1885 1718
f 1887 1886 1722
f 1722 1886 1721
f 1723 1879 1880
f 1887 1723 1880
f 1722 1723 1887
f 1879 1723 1716
f 1888 1884 1883
f 1890 1889 1888
f 1883 1890 1888
f 1885 1890 1883
f 1724 1891 1719
f 1891 1885 1719
f 1891 1890 1885
f 1726 1891 1724
f 1886 1892 1729
f 1729 1892 1728
f 1729 1721 1886
f 1893 1889 1890
f 1893 1890 1891
f 1893 1891 1894
f 1891 1726 1894
f 1726 1895 1894
f 1726 1731 1895
f 1892 1896 1733
f 1733 1896 1732
f 1733 1728 1892
f 1731 1734 1897
f 1898 1731 1897
f 1895 1731 1898
f 1735 1897 1734
f 1900 1899 1738
f 1738 1899 1737
f 1738 1732 1896
f 1738 1896 1900
f 1898 1897 1901
f 1898 1901 1902
f 1739 1901 1735
f 1735 1901 1897
f 1904 1903 1741
f 1741 1903 1740
f 1905 1741 1742
f 1905 1904 1741
f 1742 1737 1899
f 1742 1899 1905
f 1902 1901 1906
f 1902 1906 1907
f 1743 1906 1739
f 1739 1906 1901
f 1903 1745 1740
f 1908 1745 1903
f 1907 1906 1909
f 1907 1909 1910
f 1746 1909 1743
f 1743 1909 1906
f 1912 1911 1749
f 1749 1911 1748
f 1749 1745 1908
f 1749 1908 1912
f 1910 1909 1751
f 1752 1910 1751
f 1913 1910 1752
f 1751 1909 1746
f 1914 1753 1754
f 1914 1754 1915
f 1754 1916 1915
f 1754 1755 1916
f 1755 1748 1911
f 1755 1911 1916
f 1918 1917 1756
f 1918 1756 1757
f 1756 1919 1758
f 1917 1919 1756
f 1919 1921 1920
f 1759 1919 1920
f 1758 1919 1759
f 1759 1920 1922
f 1923 1759 1922
f 1760 1759 1923
f 1760 1924 1761
f 1923 1924 1760
f 1752 1761 1913
f 1913 1761 1924
f 1926 1925 1914
f 1925 1753 1914
f 1925 1764 1753
f 1926 1914 1915
f 1928 1927 1765
f 1928 1765 1766
f 1757 1765 1918
f 1918 1765 1927
f 1921 1929 1920
f 1920 1929 1922
f 1931 1930 1769
f 1769 1930 1768
f 1769 1764 1925
f 1769 1925 1931
f 1771 1932 1770
f 1933 1772 1770
f 1933 1770 1932
f 1934 1773 1772
f 1934 1772 1933
f 1935 1774 1773
f 1935 1773 1934
f 1774 1935 1936
f 1937 1774 1936
f 1775 1774 1937
f 1766 1775 1928
f 1928 1775 1937
f 1939 1938 1778
f 1778 1768 1930
f 1778 1930 1939
f 1941 1940 1781
f 1941 1781 1780
f 1771 1781 1932
f 1781 1942 1932
f 1781 1940 1942
f 1932 1942 1933
f 1933 1942 1943
f 1933 1943 1934
f 1934 1943 1944
f 1934 1944 1935
f 1935 1944 1945
f 1935 1945 1936
f 1938 1946 1786
f 1786 1946 1785
f 1786 1778 1938
f 1787 1941 1780
f 1787 1947 1941
f 1949 1948 1789
f 1789 1948 1788
f 1950 1789 1790
f 1950 1949 1789
f 1951 1790 1791
f 1951 1950 1790
f 1952 1791 1792
f 1952 1951 1791
f 1792 1785 1946
f 1792 1946 1952
f 1794 1953 1793
f 1953 1954 1793
f 1954 1787 1793
f 1954 1947 1787
f 1956 1955 1796
f 1796 1955 1795
f 1796 1788 1948
f 1796 1948 1956
f 1797 1957 1953
f 1797 1953 1794
f 1954 1953 1958
f 1958 1953 1957
f 1960 1959 1798
f 1798 1959 1799
f 1798 1795 1955
f 1798 1955 1960
f 1801 1961 1957
f 1801 1957 1797
f 1958 1957 1962
f 1962 1957 1961
f 1959 1802 1799
f 1963 1802 1959
f 1965 1964 1803
f 1964 1966 1961
f 1803 1964 1961
f 1801 1803 1961
f 1961 1966 1962
f 1968 1967 1805
f 1805 1967 1804
f 1805 1802 1963
f 1805 1963 1968
f 1970 1969 1806
f 1970 1806 1807
f 1806 1971 1808
f 1969 1971 1806
f 1808 1972 1809
f 1971 1972 1808
f 1803 1810 1965
f 1810 1972 1965
f 1810 1809 1972
f 1974 1973 1812
f 1812 1973 1811
f 1812 1804 1967
f 1812 1967 1974
f 1976 1975 1813
f 1976 1813 1814
f 1807 1813 1970
f 1970 1813 1975
f 1978 1977 1817
f 1817 1977 1816
f 1817 1811 1973
f 1817 1973 1978
f 1981 1979 1980
f 1821 1979 1981
f 1814 1821 1976
f 1976 1821 1981
f 1983 1982 1824
f 1824 1982 1823
f 1824 1816 1977
f 1824 1977 1983
f 1826 1984 1825
f 1984 1985 1825
f 1825 1985 1819
f 1985 1986 1819
f 1986 1979 1819
f 1979 1986 1980
f 1982 1827 1823
f 2150 1827 1982
f 1988 1987 1828
f 1988 1828 1829
f 1826 1828 1984
f 1828 1989 1984
f 1828 1987 1989
f 1984 1989 1985
f 1991 1990 1831
f 1831 1990 1830
f 1831 1827 2150
f 1831 2150 1991
f 1833 1992 1832
f 1992 1993 1832
f 1993 1829 1832
f 1993 1988 1829
f 1990 1834 1830
f 1994 1834 1990
f 1996 1995 1992
f 1833 1996 1992
f 1835 1996 1833
f 1992 1995 1993
f 1998 1997 1838
f 1838 1997 1837
f 1838 1834 1994
f 1838 1994 1998
f 2000 1999 1839
f 2000 1839 1840
f 1835 1839 1996
f 1996 1839 1999
f 1997 1841 1837
f 2001 1841 1997
f 2003 2002 1842
f 1840 1842 2000
f 2000 1842 2002
f 2005 2004 1845
f 1845 2004 1844
f 1845 1841 2001
f 1845 2001 2005
f 1846 2003 1842
f 1846 2006 2003
f 2004 1848 1844
f 2007 1848 2004
f 2009 2008 1849
f 2009 1849 1850
f 1846 1849 2006
f 2006 1849 2008
f 2012 2011 2010
f 2007 2012 2010
f 1851 2007 2010
f 1848 2007 1851
f 1852 2009 1850
f 1852 2013 2009
f 2010 2011 2014
f 2014 2011 2015
f 2014 1855 1851
f 2014 1851 2010
f 1854 2013 1852
f 1854 2016 2013
f 2014 2015 2017
f 2017 1855 2014
f 1854 1856 2018
f 2019 1854 2018
f 2016 1854 2019
f 1858 2018 1856
f 2020 1855 2017
f 2021 2019 2018
f 2021 2018 1858
f 1859 2021 1858
f 2022 2021 1859
f 2024 2022 2023
f 2022 1860 2023
f 2022 1859 1860
f 1861 2023 1860
f 2020 2017 2025
f 2025 2017 2026
f 2025 1862 2020
f 2024 2023 2027
f 2024 2027 2028
f 1863 2027 1861
f 1861 2027 2023
f 2026 2029 2025
f 1862 2025 2029
f 2030 1862 2029
f 1865 1862 2030
f 2033 2032 2031
f 1866 1867 2031
f 2032 1866 2031
f 2034 1866 2032
f 2027 1868 2028
f 1868 2034 2028
f 1868 1866 2034
f 1868 2027 1863
f 2030 1870 1865
f 2035 1870 2030
f 2038 2037 2036
f 1871 1872 2036
f 2037 1871 2036
f 2039 1871 2037
f 1871 2040 1873
f 2039 2040 1871
f 2031 1874 2033
f 1874 2040 2033
f 1874 1873 2040
f 1874 2031 1867
f 2035 2041 1870
f 1870 2041 1875
f 2036 1876 2038
f 1876 2041 2038
f 1876 1875 2041
f 1876 2036 1872
f 2044 2043 2042
f 1880 1881 2042
f 1881 2044 2042
f 1881 2045 2044
f 2047 2045 2046
f 2045 1882 2046
f 2045 1881 1882
f 1884 2046 1882
f 2050 2049 2048
f 2050 2048 2043
f 2043 2048 2042
f 2048 1886 2042
f 1886 1887 2042
f 2042 1887 1880
f 2051 2047 2046
f 2053 2051 2052
f 2052 2051 1888
f 2051 2046 1888
f 2046 1884 1888
f 1889 2052 1888
f 2056 2055 2054
f 2056 2054 2049
f 2049 2054 2048
f 2054 1892 2048
f 1892 1886 2048
f 2057 2053 2052
f 2059 2057 2058
f 2058 2057 1893
f 2057 2052 1893
f 2052 1889 1893
f 1894 2060 1893
f 1893 2060 2058
f 1895 2060 1894
f 2063 2062 2061
f 2063 2061 2055
f 2055 2061 2054
f 2061 1896 2054
f 1896 1892 2054
f 2059 2058 2064
f 2059 2064 2065
f 2066 2058 2060
f 2064 2058 2066
f 1898 2066 1895
f 1895 2066 2060
f 2061 2062 1900
f 2062 1899 1900
f 2062 2223 1899
f 2061 1900 1896
f 2068 2067 2064
f 2066 2068 2064
f 1902 2068 1898
f 1898 2068 2066
f 2069 1903 1904
f 2069 1904 2070
f 1904 2071 2070
f 1904 1905 2071
f 1905 1899 2223
f 1905 2223 2071
f 2067 2068 2072
f 2067 2072 2073
f 1907 2072 1902
f 1902 2072 2068
f 2075 2074 2069
f 2074 1903 2069
f 2074 1908 1903
f 2075 2069 2070
f 2073 2072 2076
f 2073 2076 2077
f 1910 2076 1907
f 1907 2076 2072
f 2079 2078 1912
f 1912 2078 1911
f 1912 1908 2074
f 1912 2074 2079
f 2077 2076 2080
f 2077 2080 2081
f 1913 2080 1910
f 1910 2080 2076
f 2078 2082 1916
f 1916 2082 1915
f 1916 1911 2078
f 1918 2083 1917
f 2084 1919 1917
f 2084 1917 2083
f 2084 1921 1919
f 1922 2085 1923
f 2086 2081 2080
f 1923 2086 2080
f 1924 1923 2080
f 2086 1923 2085
f 1924 2080 1913
f 2089 2088 2087
f 1925 1926 2087
f 1926 2089 2087
f 1926 2090 2089
f 1926 1915 2082
f 1926 2082 2090
f 2092 2091 1927
f 2092 1927 1928
f 1918 1927 2083
f 1927 2093 2083
f 1927 2091 2093
f 2083 2093 2084
f 2084 2093 2094
f 2084 2094 1921
f 2094 1929 1921
f 2094 2095 1929
f 1922 1929 2085
f 1929 2096 2085
f 1929 2095 2096
f 2085 2096 2086
f 2087 2088 1931
f 2088 1930 1931
f 2088 2097 1930
f 2087 1931 1925
f 2099 2098 1937
f 2099 1937 1936
f 1928 1937 2092
f 2092 1937 2098
f 2101 2100 1939
f 1939 2100 1938
f 1939 1930 2097
f 1939 2097 2101
f 1941 2102 1940
f 1940 2102 2103
f 2104 1940 2103
f 1942 1940 2104
f 1942 2105 1943
f 2104 2105 1942
f 2105 2107 2106
f 1944 2105 2106
f 1943 2105 1944
f 1944 2106 2108
f 2109 1944 2108
f 1945 1944 2109
f 1936 1945 2099
f 2099 1945 2109
f 2111 2110 1938
f 1938 2110 1946
f 1938 2100 2111
f 2113 2112 2102
f 1941 2113 2102
f 1947 2113 1941
f 2102 2112 2103
f 2107 2114 2106
f 2106 2114 2108
f 2115 1948 1949
f 2115 1949 2116
f 1949 2117 2116
f 1949 1950 2117
f 2118 1950 1951
f 2118 2117 1950
f 2119 1951 1952
f 2119 2118 1951
f 1952 1946 2110
f 1952 2110 2119
f 1954 2113 1947
f 1954 2120 2113
f 2121 1955 1956
f 2122 2121 1956
f 2122 1956 1948
f 2123 2122 1948
f 2115 2123 1948
f 2123 2115 2116
f 1958 2120 1954
f 1958 2124 2120
f 2125 1959 1960
f 1955 2121 1960
f 2121 2125 1960
f 2121 2126 2125
f 2121 2122 2127
f 2121 2127 2126
f 1962 2124 1958
f 1962 2128 2124
f 2130 2129 2125
f 2129 1959 2125
f 2129 1963 1959
f 2130 2125 2126
f 2130 2126 2131
f 2131 2126 2127
f 2133 2132 1964
f 2133 1964 1965
f 1964 2134 1966
f 2132 2134 1964
f 1962 1966 2128
f 2128 1966 2134
f 1968 2135 1967
f 1968 1963 2129
f 1968 2129 2135
f 2137 2136 1969
f 2137 1969 1970
f 1969 2138 1971
f 2136 2138 1969
f 1971 2139 1972
f 2138 2139 1971
f 1965 1972 2133
f 2133 1972 2139
f 2140 1973 1974
f 2141 2140 1974
f 1967 2141 1974
f 2135 2141 1967
f 2144 1975 1976
f 1970 1975 2137
f 2137 1975 2144
f 2142 2316 1978
f 1978 2316 1977
f 1978 1973 2140
f 2143 1978 2140
f 2142 1978 2143
f 2143 2140 2141
f 2145 2144 1981
f 2145 1981 1980
f 1976 1981 2144
f 2147 2146 1983
f 1983 2146 1982
f 1983 1977 2316
f 1983 2316 2147
f 2149 2148 1986
f 2149 1986 1985
f 1980 1986 2145
f 2145 1986 2148
f 2152 2151 2150
f 2146 2152 2150
f 1982 2146 2150
f 1988 2153 1987
f 2154 1989 1987
f 2154 1987 2153
f 2154 2155 1989
f 2155 1985 1989
f 2155 2149 1985
f 2150 2151 1991
f 2151 1990 1991
f 2151 2156 1990
f 1993 2157 2153
f 1993 2153 1988
f 2159 2154 2158
f 2154 2157 2158
f 2154 2153 2157
f 2154 2159 2155
f 2162 2161 2160
f 2156 2162 2160
f 1994 2156 2160
f 1990 2156 1994
f 2164 2163 1995
f 2164 1995 1996
f 1993 1995 2157
f 1995 2165 2157
f 1995 2163 2165
f 2157 2165 2158
f 2160 2161 1998
f 2161 1997 1998
f 2161 2166 1997
f 2160 1998 1994
f 2168 2167 1999
f 2168 1999 2000
f 1996 1999 2164
f 2164 1999 2167
f 2171 2170 2169
f 2166 2171 2169
f 2001 2166 2169
f 1997 2166 2001
f 2003 2172 2002
f 2172 2173 2002
f 2173 2000 2002
f 2173 2168 2000
f 2169 2170 2005
f 2170 2004 2005
f 2170 2174 2004
f 2169 2005 2001
f 2176 2175 2172
f 2003 2176 2172
f 2006 2176 2003
f 2172 2175 2173
f 2174 2007 2004
f 2177 2007 2174
f 2179 2178 2008
f 2179 2008 2009
f 2006 2008 2176
f 2176 2008 2178
f 2181 2180 2012
f 2012 2180 2011
f 2012 2007 2177
f 2012 2177 2181
f 2013 2179 2009
f 2013 2182 2179
f 2180 2015 2011
f 2183 2015 2180
f 2016 2182 2013
f 2016 2184 2182
f 2183 2017 2015
f 2185 2017 2183
f 2019 2184 2016
f 2019 2186 2184
f 2187 2017 2185
f 2188 2186 2019
f 2188 2019 2021
f 2190 2188 2189
f 2188 2022 2189
f 2188 2021 2022
f 2024 2189 2022
f 2187 2026 2017
f 2191 2026 2187
f 2190 2189 2028
f 2190 2028 2192
f 2024 2028 2189
f 2029 2026 2193
f 2026 2194 2193
f 2026 2191 2194
f 2193 2030 2029
f 2197 2196 2195
f 2032 2033 2195
f 2196 2032 2195
f 2198 2032 2196
f 2028 2034 2192
f 2034 2198 2192
f 2034 2032 2198
f 2194 2199 2193
f 2030 2193 2199
f 2200 2030 2199
f 2035 2030 2200
f 2038 2201 2037
f 2202 2037 2201
f 2039 2037 2202
f 2195 2040 2197
f 2040 2202 2197
f 2040 2039 2202
f 2040 2195 2033
f 2200 2203 2035
f 2035 2203 2041
f 2038 2041 2201
f 2041 2204 2201
f 2041 2203 2204
f 2205 2043 2044
f 2045 2206 2044
f 2044 2206 2205
f 2047 2206 2045
f 2209 2208 2207
f 2049 2050 2207
f 2050 2209 2207
f 2050 2210 2209
f 2050 2043 2205
f 2211 2050 2205
f 2210 2050 2211
f 2213 2212 2211
f 2205 2213 2211
f 2206 2213 2205
f 2051 2214 2047
f 2214 2206 2047
f 2214 2213 2206
f 2053 2214 2051
f 2217 2216 2215
f 2217 2215 2208
f 2208 2215 2207
f 2215 2055 2207
f 2055 2056 2207
f 2207 2056 2049
f 2218 2212 2213
f 2213 2221 2218
f 2214 2221 2213
f 2057 2219 2053
f 2219 2214 2053
f 2219 2221 2214
f 2059 2219 2057
f 2215 2216 2063
f 2216 2062 2063
f 2216 2220 2062
f 2215 2063 2055
f 2065 2222 2221
f 2219 2065 2221
f 2059 2065 2219
f 2225 2224 2223
f 2220 2225 2223
f 2062 2220 2223
f 2222 2065 2226
f 2222 2226 2227
f 2064 2228 2065
f 2228 2226 2065
f 2067 2228 2064
f 2223 2224 2071
f 2224 2070 2071
f 2224 2229 2070
f 2227 2226 2230
f 2227 2230 2231
f 2232 2226 2228
f 2230 2226 2232
f 2073 2232 2067
f 2067 2232 2228
f 2234 2233 2075
f 2075 2233 2074
f 2075 2070 2229
f 2075 2229 2234
f 2231 2230 2235
f 2231 2235 2241
f 2236 2230 2232
f 2235 2230 2236
f 2077 2236 2073
f 2073 2236 2232
f 2239 2238 2237
f 2078 2079 2237
f 2079 2239 2237
f 2079 2240 2239
f 2079 2074 2233
f 2079 2233 2240
f 2243 2242 2241
f 2235 2243 2241
f 2236 2243 2235
f 2081 2243 2077
f 2077 2243 2236
f 2246 2245 2244
f 2246 2244 2238
f 2238 2244 2237
f 2244 2082 2237
f 2082 2078 2237
f 2242 2243 2247
f 2242 2247 2248
f 2086 2247 2081
f 2081 2247 2243
f 2250 2249 2089
f 2089 2249 2088
f 2090 2244 2245
f 2250 2090 2245
f 2089 2090 2250
f 2244 2090 2082
f 2092 2262 2091
f 2091 2262 2251
f 2252 2091 2251
f 2093 2091 2252
f 2252 2254 2253
f 2094 2252 2253
f 2093 2252 2094
f 2094 2253 2255
f 2256 2094 2255
f 2095 2094 2256
f 2247 2096 2248
f 2096 2256 2248
f 2096 2095 2256
f 2096 2247 2086
f 2259 2258 2257
f 2249 2259 2257
f 2097 2249 2257
f 2088 2249 2097
f 2261 2260 2098
f 2261 2098 2099
f 2092 2098 2262
f 2098 2260 2262
f 2254 2263 2253
f 2253 2263 2255
f 2266 2265 2264
f 2266 2264 2258
f 2258 2264 2257
f 2264 2100 2257
f 2100 2101 2257
f 2257 2101 2097
f 2103 2267 2104
f 2268 2105 2104
f 2268 2104 2267
f 2268 2107 2105
f 2108 2269 2109
f 2269 2270 2109
f 2270 2099 2109
f 2270 2261 2099
f 2273 2272 2271
f 2273 2271 2265
f 2265 2271 2264
f 2271 2110 2264
f 2110 2111 2264
f 2264 2111 2100
f 2113 2274 2112
f 2267 2103 2112
f 2274 2267 2112
f 2275 2267 2274
f 2267 2276 2268
f 2267 2275 2276
f 2277 2114 2107
f 2268 2277 2107
f 2276 2277 2268
f 2277 2278 2114
f 2114 2278 2108
f 2278 2279 2108
f 2279 2269 2108
f 2269 2279 2270
f 2280 2116 2117
f 2280 2117 2281
f 2117 2282 2281
f 2117 2118 2282
f 2119 2271 2272
f 2282 2119 2272
f 2118 2119 2282
f 2271 2119 2110
f 2120 2283 2274
f 2120 2274 2113
f 2274 2284 2275
f 2274 2283 2284
f 2275 2285 2276
f 2275 2284 2285
f 2286 2277 2292
f 2277 2285 2292
f 2277 2276 2285
f 2277 2286 2278
f 2287 2122 2123
f 2288 2287 2123
f 2288 2123 2116
f 2289 2288 2116
f 2280 2289 2116
f 2289 2280 2281
f 2124 2290 2283
f 2124 2283 2120
f 2283 2291 2284
f 2283 2290 2291
f 2292 2285 2296
f 2285 2291 2296
f 2285 2284 2291
f 2293 2451 2287
f 2451 2122 2287
f 2451 2127 2122
f 2293 2287 2288
f 2128 2294 2290
f 2128 2290 2124
f 2296 2291 2295
f 2291 2294 2295
f 2291 2290 2294
f 2298 2297 2130
f 2130 2297 2129
f 2299 2130 2131
f 2299 2298 2130
f 2131 2127 2451
f 2131 2451 2299
f 2301 2300 2132
f 2301 2132 2133
f 2300 2303 2302
f 2134 2300 2302
f 2132 2300 2134
f 2302 2304 2134
f 2134 2304 2128
f 2304 2305 2128
f 2305 2294 2128
f 2294 2305 2295
f 2129 2306 2135
f 2297 2306 2129
f 2137 2307 2136
f 2136 2307 2308
f 2309 2136 2308
f 2138 2136 2309
f 2138 2310 2139
f 2309 2310 2138
f 2133 2139 2301
f 2301 2139 2310
f 2303 2311 2302
f 2302 2311 2304
f 2313 2312 2135
f 2312 2141 2135
f 2313 2135 2306
f 2144 2314 2137
f 2314 2315 2137
f 2315 2307 2137
f 2307 2315 2308
f 2316 2142 2317
f 2142 2318 2317
f 2142 2143 2318
f 2143 2141 2312
f 2143 2312 2318
f 2145 2323 2144
f 2323 2319 2144
f 2144 2319 2314
f 2320 2480 2147
f 2147 2480 2146
f 2317 2147 2316
f 2320 2147 2317
f 2149 2321 2148
f 2321 2322 2148
f 2148 2322 2145
f 2322 2323 2145
f 2325 2324 2152
f 2152 2324 2151
f 2152 2146 2480
f 2152 2480 2325
f 2327 2326 2321
f 2149 2327 2321
f 2155 2327 2149
f 2321 2326 2322
f 2324 2156 2151
f 2328 2156 2324
f 2330 2329 2159
f 2330 2159 2158
f 2155 2159 2327
f 2327 2159 2329
f 2332 2331 2162
f 2162 2331 2161
f 2162 2156 2328
f 2162 2328 2332
f 2163 2164 2333
f 2334 2163 2333
f 2165 2163 2334
f 2158 2165 2330
f 2330 2165 2334
f 2331 2166 2161
f 2335 2166 2331
f 2168 2336 2167
f 2336 2337 2167
f 2167 2337 2164
f 2337 2338 2164
f 2164 2338 2333
f 2340 2339 2171
f 2171 2339 2170
f 2171 2166 2335
f 2171 2335 2340
f 2173 2341 2336
f 2173 2336 2168
f 2337 2336 2341
f 2339 2174 2170
f 2342 2174 2339
f 2176 2343 2175
f 2343 2344 2175
f 2175 2344 2173
f 2344 2345 2173
f 2345 2341 2173
f 2342 2177 2174
f 2346 2177 2342
f 2348 2347 2178
f 2348 2178 2179
f 2176 2178 2343
f 2178 2349 2343
f 2178 2347 2349
f 2343 2349 2344
f 2351 2350 2181
f 2181 2350 2180
f 2181 2177 2346
f 2181 2346 2351
f 2182 2348 2179
f 2182 2352 2348
f 2350 2183 2180
f 2353 2183 2350
f 2184 2352 2182
f 2184 2354 2352
f 2353 2185 2183
f 2355 2185 2353
f 2186 2354 2184
f 2186 2358 2354
f 2355 2187 2185
f 2359 2187 2355
f 2356 2360 2361
f 2356 2357 2362
f 2363 2356 2362
f 2360 2356 2363
f 2365 2364 2363
f 2365 2363 2362
f 2366 2364 2188
f 2364 2358 2188
f 2358 2186 2188
f 2358 2364 2365
f 2190 2366 2188
f 2359 2191 2187
f 2367 2191 2359
f 2370 2369 2368
f 2368 2369 2361
f 2360 2368 2361
f 2371 2368 2360
f 2372 2360 2363
f 2371 2360 2372
f 2373 2363 2364
f 2372 2363 2373
f 2374 2364 2366
f 2373 2364 2374
f 2192 2374 2190
f 2190 2374 2366
f 2376 2194 2375
f 2194 2367 2375
f 2194 2191 2367
f 2376 2375 2370
f 2368 2376 2370
f 2377 2376 2368
f 2378 2368 2371
f 2377 2368 2378
f 2379 2371 2372
f 2378 2371 2379
f 2197 2379 2196
f 2379 2373 2196
f 2379 2372 2373
f 2196 2373 2198
f 2198 2373 2374
f 2198 2374 2192
f 2376 2199 2194
f 2199 2376 2200
f 2376 2380 2200
f 2376 2377 2380
f 2381 2377 2378
f 2380 2377 2381
f 2201 2381 2202
f 2381 2379 2202
f 2381 2378 2379
f 2202 2379 2197
f 2380 2203 2200
f 2203 2380 2204
f 2204 2380 2381
f 2204 2381 2201
f 2382 2208 2209
f 2210 2383 2209
f 2209 2383 2382
f 2211 2212 2210
f 2210 2212 2383
f 2385 2384 2217
f 2217 2384 2216
f 2385 2217 2208
f 2386 2385 2208
f 2382 2386 2208
f 2385 2386 2387
f 2388 2382 2383
f 2386 2382 2388
f 2389 2383 2212
f 2388 2383 2389
f 2218 2390 2212
f 2390 2389 2212
f 2393 2392 2391
f 2384 2393 2391
f 2220 2384 2391
f 2216 2384 2220
f 2394 2387 2386
f 2394 2386 2388
f 2394 2388 2395
f 2397 2396 2395
f 2388 2397 2395
f 2389 2397 2388
f 2398 2389 2390
f 2397 2389 2398
f 2221 2399 2218
f 2399 2390 2218
f 2399 2398 2390
f 2222 2399 2221
f 2391 2392 2225
f 2392 2224 2225
f 2392 2400 2224
f 2391 2225 2220
f 2401 2396 2397
f 2401 2397 2398
f 2401 2398 2402
f 2404 2403 2402
f 2398 2404 2402
f 2399 2404 2398
f 2227 2404 2222
f 2222 2404 2399
f 2407 2406 2405
f 2400 2407 2405
f 2229 2400 2405
f 2224 2400 2229
f 2403 2404 2408
f 2403 2408 2409
f 2231 2408 2227
f 2227 2408 2404
f 2405 2406 2234
f 2406 2233 2234
f 2406 2410 2233
f 2405 2234 2229
f 2409 2408 2411
f 2409 2411 2412
f 2241 2411 2231
f 2231 2411 2408
f 2414 2413 2239
f 2239 2413 2238
f 2415 2239 2240
f 2415 2414 2239
f 2240 2233 2410
f 2240 2410 2415
f 2412 2411 2416
f 2412 2416 2417
f 2418 2411 2241
f 2418 2416 2411
f 2242 2418 2241
f 2419 2245 2246
f 2420 2419 2246
f 2238 2420 2246
f 2413 2420 2238
f 2417 2416 2421
f 2417 2421 2422
f 2423 2416 2418
f 2421 2416 2423
f 2248 2423 2242
f 2242 2423 2418
f 2425 2424 2250
f 2250 2424 2249
f 2250 2245 2419
f 2426 2250 2419
f 2425 2250 2426
f 2426 2419 2420
f 2251 2427 2252
f 2422 2427 2428
f 2427 2422 2252
f 2421 2252 2422
f 2252 2421 2254
f 2429 2254 2421
f 2255 2429 2256
f 2429 2423 2256
f 2429 2421 2423
f 2256 2423 2248
f 2430 2258 2259
f 2431 2430 2259
f 2249 2431 2259
f 2424 2431 2249
f 2261 2432 2260
f 2260 2432 2433
f 2434 2260 2433
f 2262 2260 2434
f 2251 2262 2427
f 2262 2435 2427
f 2262 2434 2435
f 2429 2263 2254
f 2435 2428 2427
f 2263 2429 2255
f 2436 2265 2266
f 2437 2436 2266
f 2437 2266 2258
f 2438 2437 2258
f 2430 2438 2258
f 2438 2430 2431
f 2440 2439 2432
f 2261 2440 2432
f 2270 2440 2261
f 2432 2439 2433
f 2442 2441 2273
f 2273 2441 2272
f 2273 2265 2436
f 2443 2273 2436
f 2442 2273 2443
f 2443 2436 2437
f 2444 2279 2278
f 2270 2279 2440
f 2440 2279 2444
f 2446 2445 2282
f 2282 2445 2281
f 2282 2272 2441
f 2282 2441 2446
f 2447 2286 2292
f 2278 2286 2444
f 2444 2286 2447
f 2448 2288 2289
f 2449 2448 2289
f 2281 2449 2289
f 2445 2449 2281
f 2450 2447 2292
f 2450 2292 2296
f 2452 2451 2293
f 2452 2293 2288
f 2453 2452 2288
f 2448 2453 2288
f 2453 2448 2449
f 2456 2455 2454
f 2296 2295 2454
f 2455 2296 2454
f 2457 2296 2455
f 2450 2296 2457
f 2299 2458 2298
f 2459 2458 2299
f 2459 2299 2451
f 2460 2459 2451
f 2460 2451 2452
f 2463 2462 2461
f 2300 2301 2461
f 2462 2300 2461
f 2464 2300 2462
f 2466 2465 2303
f 2300 2466 2303
f 2464 2466 2300
f 2465 2466 2456
f 2465 2456 2454
f 2304 2465 2454
f 2305 2304 2454
f 2305 2454 2295
f 2468 2467 2298
f 2467 2297 2298
f 2467 2306 2297
f 2468 2298 2458
f 2471 2470 2469
f 2309 2308 2469
f 2470 2309 2469
f 2472 2309 2470
f 2461 2310 2463
f 2310 2472 2463
f 2310 2309 2472
f 2310 2461 2301
f 2465 2311 2303
f 2311 2465 2304
f 2474 2473 2313
f 2313 2473 2312
f 2313 2306 2467
f 2313 2467 2474
f 2471 2469 2315
f 2314 2471 2315
f 2475 2471 2314
f 2315 2469 2308
f 2477 2476 2318
f 2318 2476 2317
f 2318 2312 2473
f 2318 2473 2477
f 2479 2478 2319
f 2479 2319 2323
f 2314 2319 2475
f 2475 2319 2478
f 2480 2320 2481
f 2320 2482 2481
f 2320 2317 2482
f 2317 2476 2482
f 2484 2483 2323
f 2484 2323 2322
f 2479 2323 2483
f 2485 2324 2325
f 2486 2485 2325
f 2486 2325 2480
f 2487 2486 2480
f 2487 2480 2481
f 2490 2489 2488
f 2326 2327 2488
f 2489 2326 2488
f 2491 2326 2489
f 2322 2326 2484
f 2484 2326 2491
f 2492 2328 2485
f 2485 2328 2324
f 2485 2486 2493
f 2485 2493 2492
f 2490 2488 2329
f 2330 2490 2329
f 2494 2490 2330
f 2329 2488 2327
f 2496 2495 2332
f 2332 2495 2331
f 2332 2328 2492
f 2497 2332 2492
f 2496 2332 2497
f 2497 2492 2493
f 2499 2498 2334
f 2499 2334 2333
f 2330 2334 2494
f 2494 2334 2498
f 2495 2335 2331
f 2500 2335 2495
f 2502 2501 2338
f 2502 2338 2337
f 2333 2338 2499
f 2499 2338 2501
f 2504 2503 2340
f 2340 2503 2339
f 2340 2335 2500
f 2340 2500 2504
f 2507 2506 2505
f 2506 2502 2505
f 2502 2341 2505
f 2502 2337 2341
f 2503 2342 2339
f 2508 2342 2503
f 2511 2510 2509
f 2509 2510 2507
f 2509 2507 2505
f 2344 2509 2505
f 2345 2344 2505
f 2345 2505 2341
f 2514 2513 2512
f 2508 2514 2512
f 2346 2508 2512
f 2342 2508 2346
f 2516 2515 2347
f 2516 2347 2348
f 2509 2349 2511
f 2349 2515 2511
f 2349 2347 2515
f 2349 2509 2344
f 2512 2513 2351
f 2513 2350 2351
f 2513 2517 2350
f 2512 2351 2346
f 2352 2516 2348
f 2352 2518 2516
f 2520 2353 2519
f 2353 2517 2519
f 2353 2350 2517
f 2521 2520 2519
f 2524 2523 2522
f 2525 2522 2523
f 2354 2518 2352
f 2354 2526 2518
f 2527 2355 2520
f 2520 2355 2353
f 2520 2521 2708
f 2520 2708 2527
f 2524 2522 2356
f 2528 2524 2356
f 2357 2356 2522
f 2525 2357 2522
f 2529 2357 2525
f 2358 2526 2354
f 2358 2530 2526
f 2531 2359 2527
f 2527 2359 2355
f 2527 2708 2532
f 2533 2527 2532
f 2531 2527 2533
f 2532 2528 2533
f 2528 2361 2533
f 2528 2356 2361
f 2529 2534 2357
f 2357 2534 2362
f 2362 2535 2365
f 2534 2535 2362
f 2358 2365 2530
f 2530 2365 2535
f 2536 2367 2531
f 2531 2367 2359
f 2370 2536 2369
f 2536 2533 2369
f 2536 2531 2533
f 2369 2533 2361
f 2536 2375 2367
f 2375 2536 2370
f 2537 2384 2385
f 2387 2537 2385
f 2538 2392 2393
f 2384 2537 2393
f 2537 2538 2393
f 2537 2539 2538
f 2394 2540 2387
f 2540 2537 2387
f 2540 2539 2537
f 2395 2541 2394
f 2394 2541 2540
f 2396 2541 2395
f 2543 2542 2711
f 2544 2542 2538
f 2542 2400 2538
f 2400 2392 2538
f 2542 2543 2400
f 2546 2545 2544
f 2538 2546 2544
f 2539 2546 2538
f 2547 2539 2540
f 2546 2539 2547
f 2548 2540 2541
f 2547 2540 2548
f 2401 2549 2396
f 2549 2541 2396
f 2549 2548 2541
f 2402 2550 2401
f 2401 2550 2549
f 2403 2550 2402
f 2553 2552 2551
f 2553 2551 2711
f 2551 2554 2711
f 2554 2406 2407
f 2543 2554 2407
f 2711 2554 2543
f 2543 2407 2400
f 2555 2545 2546
f 2557 2556 2555
f 2546 2557 2555
f 2547 2557 2546
f 2558 2547 2548
f 2557 2547 2558
f 2559 2548 2549
f 2558 2548 2559
f 2560 2549 2550
f 2559 2549 2560
f 2409 2560 2403
f 2403 2560 2550
f 2551 2552 2561
f 2561 2552 2562
f 2551 2563 2554
f 2551 2561 2563
f 2563 2410 2406
f 2563 2406 2554
f 2556 2557 2564
f 2556 2564 2565
f 2564 2557 2558
f 2571 2558 2559
f 2571 2559 2560
f 2412 2560 2409
f 2561 2562 2414
f 2562 2413 2414
f 2562 2566 2413
f 2561 2414 2415
f 2561 2415 2563
f 2563 2415 2410
f 2568 2726 2567
f 2567 2726 2565
f 2564 2567 2565
f 2569 2567 2564
f 2570 2564 2558
f 2569 2564 2570
f 2570 2558 2571
f 2572 2571 2560
f 2417 2572 2412
f 2412 2572 2560
f 2575 2574 2573
f 2566 2575 2573
f 2420 2566 2573
f 2413 2566 2420
f 2579 2578 2576
f 2578 2579 2568
f 2567 2578 2568
f 2580 2578 2567
f 2581 2567 2569
f 2580 2567 2581
f 2582 2569 2570
f 2581 2569 2582
f 2583 2570 2571
f 2582 2570 2583
f 2584 2571 2572
f 2583 2571 2584
f 2422 2584 2417
f 2417 2584 2572
f 2586 2585 2425
f 2425 2585 2424
f 2426 2573 2574
f 2586 2426 2574
f 2425 2426 2586
f 2573 2426 2420
f 2587 2588 2577
f 2576 2587 2577
f 2589 2587 2576
f 2590 2576 2578
f 2589 2576 2590
f 2591 2578 2580
f 2590 2578 2591
f 2592 2580 2581
f 2591 2580 2592
f 2593 2581 2582
f 2592 2581 2593
f 2594 2582 2583
f 2593 2582 2594
f 2595 2583 2584
f 2594 2583 2595
f 2428 2595 2422
f 2422 2595 2584
f 2585 2431 2424
f 2596 2431 2585
f 2599 2598 2597
f 2597 2598 2588
f 2587 2597 2588
f 2600 2597 2587
f 2601 2587 2589
f 2600 2587 2601
f 2602 2589 2590
f 2601 2589 2602
f 2603 2590 2591
f 2602 2590 2603
f 2604 2591 2592
f 2603 2591 2604
f 2605 2592 2593
f 2604 2592 2605
f 2433 2605 2434
f 2605 2594 2434
f 2605 2593 2594
f 2434 2594 2435
f 2435 2594 2595
f 2435 2595 2428
f 2607 2606 2438
f 2438 2606 2437
f 2438 2431 2596
f 2438 2596 2607
f 2599 2597 2608
f 2599 2608 2609
f 2610 2597 2600
f 2608 2597 2610
f 2611 2600 2601
f 2610 2600 2611
f 2612 2601 2602
f 2611 2601 2612
f 2613 2602 2603
f 2612 2602 2613
f 2614 2603 2604
f 2613 2603 2614
f 2440 2614 2439
f 2614 2605 2439
f 2614 2604 2605
f 2439 2605 2433
f 2616 2615 2442
f 2442 2615 2441
f 2617 2442 2443
f 2617 2616 2442
f 2443 2437 2606
f 2443 2606 2617
f 2619 2747 2618
f 2618 2747 2609
f 2608 2618 2609
f 2620 2618 2608
f 2621 2608 2610
f 2620 2608 2621
f 2622 2610 2611
f 2621 2610 2622
f 2623 2611 2612
f 2622 2611 2623
f 2624 2612 2613
f 2623 2612 2624
f 2624 2614 2444
f 2624 2613 2614
f 2444 2614 2440
f 2625 2445 2446
f 2754 2625 2446
f 2441 2754 2446
f 2615 2754 2441
f 2619 2618 2626
f 2619 2626 2627
f 2628 2618 2620
f 2626 2618 2628
f 2629 2620 2621
f 2628 2620 2629
f 2630 2621 2622
f 2629 2621 2630
f 2631 2622 2623
f 2630 2622 2631
f 2631 2624 2447
f 2631 2623 2624
f 2447 2624 2444
f 2633 2632 2625
f 2632 2445 2625
f 2632 2449 2445
f 2633 2625 2754
f 2636 2635 2634
f 2634 2635 2627
f 2626 2634 2627
f 2637 2634 2626
f 2638 2626 2628
f 2637 2626 2638
f 2639 2628 2629
f 2638 2628 2639
f 2640 2629 2630
f 2639 2629 2640
f 2450 2640 2447
f 2640 2631 2447
f 2640 2630 2631
f 2642 2641 2453
f 2453 2641 2452
f 2453 2449 2632
f 2453 2632 2642
f 2636 2634 2643
f 2636 2643 2644
f 2645 2634 2637
f 2643 2634 2645
f 2646 2637 2638
f 2645 2637 2646
f 2456 2646 2455
f 2646 2639 2455
f 2646 2638 2639
f 2455 2639 2457
f 2457 2639 2640
f 2457 2640 2450
f 2648 2647 2460
f 2460 2647 2459
f 2460 2452 2641
f 2460 2641 2648
f 2651 2650 2649
f 2649 2650 2644
f 2649 2644 2643
f 2463 2649 2643
f 2462 2463 2643
f 2462 2643 2464
f 2464 2643 2645
f 2464 2645 2466
f 2466 2645 2646
f 2466 2646 2456
f 2653 2652 2468
f 2468 2652 2467
f 2654 2468 2458
f 2654 2653 2468
f 2458 2459 2647
f 2458 2647 2654
f 2471 2655 2470
f 2656 2651 2649
f 2470 2656 2649
f 2472 2470 2649
f 2656 2470 2655
f 2472 2649 2463
f 2658 2657 2474
f 2474 2657 2473
f 2474 2467 2652
f 2474 2652 2658
f 2660 2659 2655
f 2471 2660 2655
f 2475 2660 2471
f 2655 2659 2656
f 2662 2661 2477
f 2477 2661 2476
f 2477 2473 2657
f 2477 2657 2662
f 2664 2663 2478
f 2664 2478 2479
f 2475 2478 2660
f 2660 2478 2663
f 2666 2665 2482
f 2482 2665 2481
f 2482 2476 2661
f 2482 2661 2666
f 2668 2667 2483
f 2668 2483 2484
f 2479 2483 2664
f 2664 2483 2667
f 2670 2669 2487
f 2487 2669 2486
f 2487 2481 2665
f 2487 2665 2670
f 2672 2671 2489
f 2672 2489 2490
f 2489 2673 2491
f 2671 2673 2489
f 2484 2491 2668
f 2668 2491 2673
f 2669 2493 2486
f 2674 2493 2669
f 2677 2676 2675
f 2676 2672 2675
f 2672 2494 2675
f 2672 2490 2494
f 2678 2495 2496
f 2678 2496 2679
f 2496 2680 2679
f 2496 2497 2680
f 2497 2493 2674
f 2497 2674 2680
f 2677 2675 2498
f 2499 2677 2498
f 2681 2677 2499
f 2498 2675 2494
f 2683 2682 2678
f 2682 2495 2678
f 2682 2500 2495
f 2683 2678 2679
f 2685 2684 2501
f 2685 2501 2502
f 2499 2501 2681
f 2681 2501 2684
f 2686 2503 2504
f 2687 2686 2504
f 2500 2687 2504
f 2682 2687 2500
f 2689 2688 2506
f 2689 2506 2507
f 2502 2506 2685
f 2685 2506 2688
f 2690 2508 2686
f 2686 2508 2503
f 2686 2687 2691
f 2686 2691 2690
f 2692 2510 2511
f 2507 2510 2689
f 2689 2510 2692
f 2693 2513 2514
f 2694 2693 2514
f 2694 2514 2508
f 2695 2694 2508
f 2690 2695 2508
f 2695 2690 2691
f 2697 2696 2515
f 2697 2515 2516
f 2511 2515 2692
f 2692 2515 2696
f 2698 2517 2693
f 2693 2517 2513
f 2693 2694 2699
f 2693 2699 2698
f 2702 2701 2700
f 2703 2700 2701
f 2518 2697 2516
f 2518 2704 2697
f 2698 2519 2517
f 2827 2705 2521
f 2827 2521 2519
f 2699 2827 2519
f 2698 2699 2519
f 2705 2827 2702
f 2705 2702 2700
f 2524 2705 2700
f 2523 2524 2700
f 2525 2523 2700
f 2703 2525 2700
f 2706 2525 2703
f 2526 2704 2518
f 2526 2707 2704
f 2705 2708 2521
f 2528 2708 2524
f 2524 2708 2705
f 2710 2529 2709
f 2529 2706 2709
f 2529 2525 2706
f 2836 2710 2709
f 2530 2707 2526
f 2530 2836 2707
f 2532 2708 2528
f 2710 2534 2529
f 2836 2534 2710
f 2836 2535 2534
f 2530 2535 2836
f 2542 2712 2711
f 2544 2713 2542
f 2542 2713 2712
f 2545 2713 2544
f 2714 2552 2553
f 2715 2714 2553
f 2715 2553 2711
f 2716 2715 2711
f 2718 2717 2716
f 2711 2718 2716
f 2712 2718 2711
f 2719 2712 2713
f 2718 2712 2719
f 2555 2720 2545
f 2720 2713 2545
f 2720 2719 2713
f 2556 2720 2555
f 2722 2721 2714
f 2721 2552 2714
f 2721 2562 2552
f 2722 2714 2715
f 2717 2718 2723
f 2717 2723 2724
f 2725 2718 2719
f 2723 2718 2725
f 2726 2719 2720
f 2725 2719 2726
f 2565 2726 2556
f 2556 2726 2720
f 2729 2728 2727
f 2721 2729 2727
f 2566 2721 2727
f 2562 2721 2566
f 2724 2723 2730
f 2724 2730 2731
f 2732 2723 2725
f 2730 2723 2732
f 2568 2732 2726
f 2732 2725 2726
f 2733 2574 2575
f 2728 2734 2727
f 2735 2727 2734
f 2735 2566 2727
f 2735 2733 2575
f 2566 2735 2575
f 2738 2737 2736
f 2736 2737 2731
f 2736 2731 2730
f 2577 2736 2730
f 2576 2577 2730
f 2576 2730 2579
f 2579 2730 2732
f 2579 2732 2568
f 2739 2585 2586
f 2574 2733 2586
f 2733 2739 2586
f 2733 2740 2739
f 2733 2735 2741
f 2742 2733 2741
f 2740 2733 2742
f 2742 2741 2738
f 2742 2738 2736
f 2588 2742 2736
f 2588 2736 2577
f 2743 2596 2739
f 2739 2596 2585
f 2744 2739 2740
f 2743 2739 2744
f 2599 2744 2598
f 2744 2742 2598
f 2744 2740 2742
f 2598 2742 2588
f 2745 2606 2607
f 2596 2743 2607
f 2743 2745 2607
f 2743 2746 2745
f 2747 2743 2744
f 2746 2743 2747
f 2609 2747 2599
f 2599 2747 2744
f 2749 2748 2616
f 2616 2748 2615
f 2750 2616 2617
f 2750 2749 2616
f 2617 2606 2745
f 2751 2617 2745
f 2750 2617 2751
f 2753 2752 2751
f 2745 2753 2751
f 2746 2753 2745
f 2619 2753 2747
f 2753 2746 2747
f 2756 2755 2754
f 2748 2756 2754
f 2615 2748 2754
f 2752 2753 2757
f 2752 2757 2758
f 2627 2757 2619
f 2619 2757 2753
f 2754 2755 2633
f 2755 2632 2633
f 2755 2759 2632
f 2758 2757 2635
f 2636 2758 2635
f 2760 2758 2636
f 2635 2757 2627
f 2632 2761 2642
f 2759 2761 2632
f 2644 2760 2636
f 2644 2762 2760
f 2763 2647 2648
f 2764 2763 2648
f 2764 2648 2641
f 2765 2764 2641
f 2642 2765 2641
f 2765 2642 2761
f 2767 2766 2650
f 2767 2650 2651
f 2644 2650 2762
f 2762 2650 2766
f 2768 2652 2653
f 2768 2653 2769
f 2653 2770 2769
f 2653 2654 2770
f 2654 2647 2763
f 2771 2654 2763
f 2770 2654 2771
f 2771 2763 2764
f 2774 2773 2772
f 2773 2767 2772
f 2767 2656 2772
f 2767 2651 2656
f 2775 2657 2658
f 2652 2768 2658
f 2768 2775 2658
f 2768 2776 2775
f 2768 2769 2777
f 2768 2777 2776
f 2774 2772 2659
f 2660 2774 2659
f 2778 2774 2660
f 2659 2772 2656
f 2779 2661 2662
f 2780 2779 2662
f 2780 2662 2657
f 2781 2780 2657
f 2775 2781 2657
f 2781 2775 2776
f 2781 2776 2782
f 2782 2776 2777
f 2784 2783 2663
f 2784 2663 2664
f 2660 2663 2778
f 2778 2663 2783
f 2785 2665 2666
f 2786 2785 2666
f 2786 2666 2661
f 2787 2786 2661
f 2779 2787 2661
f 2787 2779 2780
f 2789 2788 2667
f 2789 2667 2668
f 2664 2667 2784
f 2784 2667 2788
f 2790 2669 2670
f 2791 2790 2670
f 2791 2670 2665
f 2792 2791 2665
f 2785 2792 2665
f 2792 2785 2786
f 2671 2672 2793
f 2794 2671 2793
f 2673 2671 2794
f 2668 2673 2789
f 2789 2673 2794
f 2796 2795 2790
f 2795 2674 2790
f 2674 2669 2790
f 2796 2790 2791
f 2677 2797 2676
f 2797 2798 2676
f 2676 2798 2672
f 2798 2799 2672
f 2672 2799 2793
f 2795 2679 2680
f 2795 2800 2679
f 2795 2680 2674
f 2802 2801 2797
f 2677 2802 2797
f 2681 2802 2677
f 2797 2801 2798
f 2683 2803 2682
f 2683 2679 2800
f 2683 2800 2803
f 2685 2804 2684
f 2804 2681 2684
f 2804 2802 2681
f 2806 2687 2805
f 2687 2803 2805
f 2687 2682 2803
f 2808 2807 2806
f 2808 2806 2805
f 2809 2807 2808
f 2689 2810 2688
f 2810 2811 2688
f 2688 2811 2685
f 2811 2812 2685
f 2812 2804 2685
f 2813 2691 2806
f 2806 2691 2687
f 2814 2806 2807
f 2813 2806 2814
f 2807 2809 2815
f 2807 2815 2814
f 2692 2816 2689
f 2816 2817 2689
f 2817 2810 2689
f 2810 2817 2811
f 2818 2694 2695
f 2691 2813 2695
f 2813 2818 2695
f 2813 2819 2818
f 2820 2813 2814
f 2819 2813 2820
f 2814 2815 2821
f 2822 2814 2821
f 2820 2814 2822
f 2823 2696 2697
f 2824 2822 2821
f 2823 2825 2696
f 2696 2825 2692
f 2825 2826 2692
f 2692 2826 2816
f 2827 2699 2818
f 2818 2699 2694
f 2702 2827 2701
f 2827 2819 2701
f 2827 2818 2819
f 2819 2820 2828
f 2703 2819 2828
f 2829 2703 2828
f 2819 2703 2701
f 2828 2820 2822
f 2830 2697 2704
f 2697 2830 2823
f 2825 2823 2831
f 2831 2823 2830
f 2832 2706 2925
f 2706 2829 2925
f 2706 2703 2829
f 2833 2832 2925
f 2835 2834 2830
f 2704 2835 2830
f 2707 2835 2704
f 2830 2834 2831
f 2832 2709 2706
f 2837 2836 2709
f 2833 2837 2709
f 2832 2833 2709
f 2837 2835 2836
f 2835 2707 2836
f 2838 2715 2716
f 2717 2838 2716
f 2839 2721 2722
f 2715 2838 2722
f 2838 2839 2722
f 2838 2840 2839
f 2724 2840 2717
f 2717 2840 2838
f 2841 2728 2729
f 2721 2839 2729
f 2839 2841 2729
f 2839 2842 2841
f 2843 2839 2840
f 2842 2839 2843
f 2731 2843 2724
f 2724 2843 2840
f 2841 2734 2728
f 2734 2841 2735
f 2841 2844 2735
f 2841 2842 2844
f 2738 2844 2737
f 2844 2843 2737
f 2844 2842 2843
f 2737 2843 2731
f 2844 2741 2735
f 2741 2844 2738
f 2845 2748 2749
f 2750 2846 2749
f 2749 2846 2845
f 2751 2847 2750
f 2750 2847 2846
f 2752 2847 2751
f 2848 2755 2756
f 2849 2848 2756
f 2849 2756 2748
f 2850 2849 2748
f 2845 2850 2748
f 2852 2851 2850
f 2845 2852 2850
f 2846 2852 2845
f 2853 2846 2847
f 2852 2846 2853
f 2758 2853 2752
f 2752 2853 2847
f 2855 2854 2848
f 2854 2755 2848
f 2854 2759 2755
f 2855 2848 2849
f 2851 2852 2856
f 2851 2856 2857
f 2858 2852 2853
f 2856 2852 2858
f 2760 2858 2758
f 2758 2858 2853
f 2854 2761 2759
f 2859 2761 2854
f 2860 2857 2856
f 2862 2861 2860
f 2856 2862 2860
f 2858 2862 2856
f 2762 2862 2760
f 2760 2862 2858
f 2864 2863 2765
f 2765 2863 2764
f 2765 2761 2859
f 2765 2859 2864
f 2861 2862 2766
f 2767 2861 2766
f 2865 2861 2767
f 2766 2862 2762
f 2866 2769 2770
f 2866 2770 2867
f 2770 2868 2867
f 2770 2771 2868
f 2771 2764 2863
f 2771 2863 2868
f 2870 2869 2773
f 2870 2773 2774
f 2767 2773 2865
f 2865 2773 2869
f 2872 2871 2866
f 2871 2769 2866
f 2871 2777 2769
f 2872 2866 2867
f 2875 2874 2873
f 2874 2870 2873
f 2870 2778 2873
f 2870 2774 2778
f 2876 2780 2781
f 2782 2877 2781
f 2781 2877 2876
f 2878 2877 2782
f 2777 2878 2782
f 2871 2878 2777
f 2875 2873 2783
f 2784 2875 2783
f 2879 2875 2784
f 2783 2873 2778
f 2880 2786 2787
f 2780 2876 2787
f 2876 2880 2787
f 2876 2881 2880
f 2877 2883 2882
f 2881 2877 2882
f 2876 2877 2881
f 2883 2877 2878
f 2886 2885 2884
f 2788 2789 2884
f 2885 2788 2884
f 2887 2788 2885
f 2784 2788 2879
f 2879 2788 2887
f 2888 2791 2792
f 2889 2888 2792
f 2889 2792 2786
f 2890 2889 2786
f 2880 2890 2786
f 2890 2880 2881
f 2890 2881 2891
f 2891 2881 2882
f 2886 2884 2794
f 2793 2886 2794
f 2892 2886 2793
f 2794 2884 2789
f 2796 2894 2795
f 2795 2894 2893
f 2791 2888 2796
f 2888 2894 2796
f 2888 2895 2894
f 2888 2889 2896
f 2888 2896 2895
f 2898 2897 2799
f 2898 2799 2798
f 2793 2799 2892
f 2892 2799 2897
f 2899 2800 2893
f 2893 2800 2795
f 2900 2893 2894
f 2899 2893 2900
f 2895 2902 2901
f 2900 2895 2901
f 2894 2895 2900
f 2902 2895 2896
f 2904 2903 2801
f 2904 2801 2802
f 2798 2801 2898
f 2898 2801 2903
f 2800 2899 2803
f 2899 2805 2803
f 2899 2905 2805
f 2906 2899 2900
f 2905 2899 2906
f 2900 2901 2907
f 2900 2907 2906
f 2910 2909 2908
f 2909 2904 2908
f 2904 2804 2908
f 2904 2802 2804
f 2808 2805 2905
f 2808 2905 2809
f 2905 2911 2809
f 2905 2906 2911
f 2906 2907 2912
f 2913 2906 2912
f 2911 2906 2913
f 2915 2914 2913
f 2915 2913 2912
f 2917 2916 2914
f 2917 2914 2915
f 2916 2917 2910
f 2916 2910 2908
f 2811 2916 2908
f 2812 2811 2908
f 2812 2908 2804
f 2918 2815 2911
f 2911 2815 2809
f 2913 2920 2919
f 2918 2913 2919
f 2911 2913 2918
f 2920 2913 2914
f 2920 2914 2921
f 2816 2923 2817
f 2923 2914 2817
f 2914 2916 2817
f 2923 2921 2914
f 2817 2916 2811
f 2918 2821 2815
f 2824 2821 2918
f 2919 2824 2918
f 2922 2824 2919
f 2924 2923 2826
f 2924 2826 2825
f 2816 2826 2923
f 2925 2829 2828
f 2822 2926 2828
f 2828 2926 2925
f 2824 2922 2927
f 2926 2824 2927
f 2928 2926 2927
f 2822 2824 2926
f 2927 2924 2928
f 2924 2831 2928
f 2924 2825 2831
f 2925 2926 2833
f 2835 2833 2834
f 2833 2928 2834
f 2833 2926 2928
f 2834 2928 2831
f 2837 2833 2835
f 2929 2849 2850
f 2851 2929 2850
f 2930 2854 2855
f 2849 2929 2855
f 2929 2930 2855
f 2929 2931 2930
f 2857 2931 2851
f 2851 2931 2929
f 2933 2932 2930
f 2932 2854 2930
f 2932 2859 2854
f 2935 2934 2933
f 2930 2935 2933
f 2931 2935 2930
f 2860 2936 2857
f 2936 2931 2857
f 2936 2935 2931
f 2861 2936 2860
f 2937 2863 2864
f 2938 2937 2864
f 2859 2938 2864
f 2932 2938 2859
f 2939 2934 2935
f 2941 2940 2939
f 2935 2941 2939
f 2936 2941 2935
f 2865 2941 2861
f 2861 2941 2936
f 2942 2867 2868
f 2863 2937 2868
f 2937 2942 2868
f 2937 2943 2942
f 2937 2938 2944
f 2945 2937 2944
f 2943 2937 2945
f 2947 2946 2945
f 2947 2945 2944
f 2946 2947 2940
f 2946 2940 2941
f 2870 2946 2941
f 2869 2870 2941
f 2869 2941 2865
f 2948 2871 2872
f 2867 2942 2872
f 2942 2948 2872
f 2942 2949 2948
f 2950 2942 2943
f 2949 2942 2950
f 2951 2943 2945
f 2950 2943 2951
f 2875 2951 2874
f 2951 2946 2874
f 2951 2945 2946
f 2874 2946 2870
f 2952 2878 2948
f 2948 2878 2871
f 2949 2954 2953
f 2952 2949 2953
f 2948 2949 2952
f 2956 2955 2954
f 2949 2956 2954
f 2950 2956 2949
f 2957 2950 2951
f 2956 2950 2957
f 2879 2957 2875
f 2875 2957 2951
f 2958 2882 2883
f 2959 2958 2883
f 2959 2883 2878
f 2960 2959 2878
f 2952 2960 2878
f 2960 2952 2953
f 2955 2956 2885
f 2886 2955 2885
f 2961 2955 2886
f 2885 2956 2887
f 2887 2956 2957
f 2887 2957 2879
f 2891 2962 2890
f 2963 2962 2891
f 2963 2891 2882
f 2964 2963 2882
f 2958 2964 2882
f 2964 2958 2959
f 2967 2966 2965
f 2966 2961 2965
f 2961 2892 2965
f 2961 2886 2892
f 2969 2968 2890
f 2968 2889 2890
f 2968 2896 2889
f 2969 2890 2962
f 2969 2962 2970
f 2970 2962 2963
f 2973 2972 2971
f 2971 2972 2967
f 2971 2967 2965
f 2898 2971 2965
f 2897 2898 2965
f 2897 2965 2892
f 2974 2901 2902
f 2975 2974 2902
f 2896 2975 2902
f 2968 2975 2896
f 2976 2977 2973
f 2976 2973 2971
f 2904 2976 2971
f 2903 2904 2971
f 2903 2971 2898
f 2978 2907 2974
f 2974 2907 2901
f 2974 2975 2979
f 2974 2979 2978
f 2982 2981 2980
f 2980 2981 2977
f 2980 2977 2976
f 2910 2980 2976
f 2909 2910 2976
f 2909 2976 2904
f 2978 2912 2907
f 2979 2982 2978
f 2982 2912 2978
f 2982 2915 2912
f 2980 2917 2982
f 2917 2915 2982
f 2917 2980 2910
f 2983 2919 2920
f 2920 2921 2983
f 2984 2922 2983
f 2983 2922 2919
f 2924 2984 2923
f 2984 2921 2923
f 2984 2983 2921
f 2984 2927 2922
f 2927 2984 2924
f 2985 2932 2933
f 2934 2985 2933
f 2986 2938 2985
f 2985 2938 2932
f 2939 2987 2934
f 2987 2985 2934
f 2987 2986 2985
f 2940 2987 2939
f 2986 2944 2938
f 2944 2986 2947
f 2947 2986 2987
f 2947 2987 2940
f 2988 2953 2954
f 2955 2988 2954
f 2989 2959 2960
f 2953 2988 2960
f 2988 2989 2960
f 2988 2990 2989
f 2961 2990 2955
f 2955 2990 2988
f 2991 2963 2964
f 2959 2989 2964
f 2989 2991 2964
f 2989 2992 2991
f 2967 2992 2966
f 2992 2990 2966
f 2992 2989 2990
f 2966 2990 2961
f 2993 2968 2969
f 2970 2994 2969
f 2969 2994 2993
f 2963 2991 2970
f 2991 2994 2970
f 2991 2995 2994
f 2973 2995 2972
f 2995 2992 2972
f 2995 2991 2992
f 2972 2992 2967
f 2996 2975 2993
f 2993 2975 2968
f 2997 2993 2994
f 2996 2993 2997
f 2997 2995 2977
f 2997 2994 2995
f 2977 2995 2973
f 2998 2979 2996
f 2996 2979 2975
f 2982 2998 2981
f 2998 2997 2981
f 2998 2996 2997
f 2981 2997 2977
f 2998 2982 2979
