v 18.9 -38.0 61.0
v 18.6 -37.0 61.0
v 19.0 -37.6 62.0
v 18.6 -37.0 62.0
v 18.7 -37.0 63.0
v 18.8 -36.0 61.0
v 18.6 -36.0 62.0
v 18.5 -36.0 63.0
v 18.7 -36.0 64.0
v 18.6 -35.0 64.0
v 18.7 -35.0 63.0
v 19.0 -34.6 64.0
v 18.9 -35.0 65.0
v 19.8 -39.0 63.0
v 20.0 -39.0 62.6
v 20.0 -39.2 63.0
v 20.0 -39.3 64.0
v 19.8 -39.0 64.0
v 19.8 -39.0 64.9
v 19.5 -38.0 60.0
v 20.0 -38.8 60.0
v 20.0 -38.7 61.0
v 20.0 -38.7 62.0
v 19.4 -38.0 62.0
v 19.5 -38.0 63.0
v 20.1 -38.0 64.0
v 20.2 -38.0 65.0
v 19.9 -39.0 66.0
v 20.0 -37.0 56.0
v 19.8 -37.0 57.0
v 19.7 -37.0 59.0
v 19.4 -37.0 60.0
v 19.4 -37.0 64.0
v 19.6 -37.1 65.0
v 19.7 -37.0 66.0
v 19.8 -37.1 66.0
v 20.0 -36.7 57.0
v 19.8 -37.0 58.1
v 19.6 -36.0 60.0
v 19.3 -36.0 65.0
v 19.6 -36.0 66.0
v 20.0 -36.0 66.6
v 19.7 -34.9 61.0
v 19.1 -35.3 62.0
v 19.5 -35.0 66.0
v 19.9 -35.0 67.1
v 20.0 -33.7 63.0
v 19.6 -34.0 64.0
v 19.7 -34.0 65.0
v 20.0 -33.9 66.0
v 20.0 -34.8 67.0
v 20.0 -33.6 64.0
v 20.0 -33.8 65.0
v 20.9 -40.1 62.0
v 20.6 -40.0 64.0
v 21.4 -41.0 65.0
v 20.5 -40.0 65.0
v 21.2 -40.8 66.0
v 20.5 -40.0 66.0
v 20.8 -39.0 58.0
v 21.0 -39.2 58.0
v 21.0 -39.3 59.0
v 20.7 -39.0 59.0
v 21.0 -39.0 60.0
v 21.0 -39.5 61.0
v 20.5 -39.0 61.0
v 20.3 -39.0 62.0
v 21.1 -39.9 67.0
v 21.0 -39.4 68.0
v 20.6 -39.0 68.0
v 21.0 -39.1 69.0
v 20.9 -39.0 69.0
v 20.7 -38.0 56.0
v 21.0 -38.3 56.0
v 21.0 -38.6 57.0
v 20.5 -38.0 57.0
v 20.3 -38.0 59.0
v 20.3 -38.0 66.0
v 20.5 -39.0 67.0
v 20.5 -38.0 68.0
v 20.5 -38.0 69.0
v 20.7 -38.0 70.0
v 21.0 -38.0 70.4
v 20.8 -38.0 72.0
v 21.0 -38.2 72.0
v 21.0 -38.0 73.0
v 21.0 -37.0 54.8
v 20.4 -37.0 67.1
v 20.6 -37.0 69.0
v 20.8 -37.0 70.0
v 21.0 -37.0 70.2
v 21.0 -37.5 72.0
v 21.0 -36.8 55.0
v 21.0 -36.3 56.0
v 20.6 -36.0 57.0
v 20.4 -36.0 58.0
v 20.4 -36.0 59.0
v 20.3 -36.0 67.0
v 20.7 -36.0 68.0
v 21.0 -36.5 69.0
v 21.0 -36.8 70.0
v 21.0 -35.5 57.0
v 20.2 -35.3 60.0
v 21.0 -35.6 68.0
v 21.0 -35.0 67.5
v 21.0 -34.9 58.0
v 21.0 -34.5 60.0
v 20.9 -33.7 61.0
v 20.3 -34.1 62.0
v 21.0 -34.0 65.0
v 20.9 -33.9 67.0
v 21.0 -34.0 67.1
v 21.0 -33.5 64.0
v 22.0 -41.3 64.0
v 22.0 -41.4 65.0
v 22.0 -41.4 66.0
v 22.3 -41.0 67.0
v 22.0 -40.4 61.0
v 22.0 -39.7 60.0
v 22.0 -40.6 62.0
v 22.0 -40.6 63.0
v 21.0 -39.8 63.0
v 22.0 -40.1 68.0
v 21.8 -40.0 72.0
v 22.0 -40.0 71.0
v 22.0 -40.2 72.0
v 23.0 -39.4 56.0
v 22.0 -39.6 58.0
v 22.0 -39.1 69.0
v 22.0 -39.3 70.0
v 21.6 -39.0 70.0
v 21.6 -39.0 71.0
v 21.4 -39.0 72.0
v 22.0 -40.0 73.0
v 21.6 -39.0 73.0
v 22.0 -39.0 73.4
v 21.8 -38.0 53.0
v 22.0 -38.2 53.0
v 22.0 -38.5 55.0
v 21.4 -38.0 55.0
v 21.4 -38.0 71.0
v 22.0 -38.0 73.3
v 21.8 -37.0 53.0
v 22.0 -37.0 52.7
v 21.4 -37.0 54.0
v 22.0 -37.3 71.0
v 22.0 -37.0 70.7
v 22.0 -37.3 72.0
v 22.0 -37.6 73.0
v 21.8 -36.0 54.0
v 22.0 -36.0 53.7
v 21.6 -36.0 55.0
v 21.3 -36.0 56.0
v 22.0 -36.5 70.0
v 22.0 -35.8 54.0
v 22.0 -35.5 56.0
v 21.6 -35.0 57.0
v 22.0 -34.7 57.0
v 21.1 -35.1 59.0
v 22.0 -35.5 68.0
v 22.0 -35.0 67.6
v 22.0 -35.9 69.0
v 22.0 -34.3 59.0
v 21.9 -34.0 59.6
v 21.0 -34.1 66.0
v 22.0 -34.0 67.3
v 22.0 -33.1 60.5
v 21.0 -33.5 62.0
v 21.0 -33.4 63.0
v 21.5 -33.0 64.0
v 21.7 -33.0 65.0
v 22.0 -33.4 66.0
v 22.0 -33.7 67.0
v 22.0 -32.7 61.0
v 22.0 -32.6 62.0
v 22.0 -32.6 64.0
v 22.0 -32.8 65.0
v 23.0 -42.1 66.0
v 23.0 -41.2 61.0
v 23.0 -41.4 62.0
v 23.0 -41.4 63.0
v 22.4 -41.0 63.0
v 23.0 -41.5 64.0
v 23.0 -41.6 65.0
v 23.0 -41.5 67.0
v 23.0 -41.0 67.4
v 23.0 -40.3 58.0
v 22.4 -40.0 60.0
v 23.0 -40.5 60.0
v 23.0 -40.0 67.9
v 23.0 -39.2 55.0
v 22.0 -38.7 56.0
v 23.0 -39.7 57.0
v 23.0 -39.5 69.0
v 23.0 -39.4 70.0
v 23.0 -38.9 71.0
v 23.0 -39.0 71.2
v 23.0 -39.4 72.0
v 23.0 -39.4 73.0
v 23.0 -38.0 51.8
v 23.0 -38.2 52.0
v 23.0 -38.5 53.0
v 23.0 -38.6 54.0
v 23.0 -39.0 74.0
v 23.0 -38.0 73.4
v 22.6 -37.0 52.0
v 23.0 -37.0 51.6
v 22.4 -37.0 71.0
v 22.6 -37.0 72.0
v 23.0 -37.6 73.0
v 23.0 -36.0 52.0
v 23.0 -36.4 69.0
v 23.0 -36.6 71.0
v 23.0 -36.8 72.0
v 23.0 -35.6 54.0
v 23.0 -35.4 55.0
v 23.0 -35.0 67.6
v 23.0 -34.6 57.0
v 23.0 -34.4 58.0
v 23.0 -34.0 58.6
v 24.0 -34.0 67.5
v 23.0 -33.6 59.0
v 23.0 -33.5 67.0
v 23.0 -32.6 61.0
v 23.0 -32.5 62.0
v 23.1 -32.5 64.0
v 23.0 -32.4 65.0
v 23.0 -32.7 66.0
v 24.0 -42.0 65.4
v 24.0 -42.4 66.0
v 24.0 -42.4 67.0
v 23.4 -42.0 67.0
v 24.0 -42.3 68.0
v 23.7 -42.0 68.0
v 24.0 -41.4 62.0
v 24.0 -41.5 63.0
v 24.0 -41.5 64.0
v 24.0 -41.7 65.0
v 23.5 -41.0 68.0
v 24.0 -40.3 57.0
v 24.0 -40.5 58.0
v 24.0 -40.5 59.0
v 24.0 -40.6 60.0
v 24.2 -40.0 68.9
v 24.0 -39.0 54.3
v 24.0 -39.5 55.0
v 24.0 -39.8 69.0
v 24.0 -39.5 70.0
v 24.0 -38.8 71.0
v 23.4 -39.0 72.0
v 23.6 -39.0 73.0
v 24.0 -39.0 74.0
v 24.0 -39.0 74.1
v 24.0 -38.0 51.6
v 24.0 -38.4 52.0
v 24.0 -38.5 53.0
v 24.0 -38.7 54.0
v 24.0 -38.6 72.0
v 24.0 -38.5 73.0
v 24.0 -38.0 73.4
v 24.0 -39.0 74.0
v 24.0 -37.0 51.4
v 24.0 -37.7 73.0
v 24.0 -36.0 51.6
v 23.1 -36.1 53.0
v 23.0 -36.0 68.0
v 24.0 -36.0 68.7
v 24.0 -36.4 70.0
v 24.0 -36.5 71.0
v 24.0 -36.7 72.0
v 24.0 -35.6 52.0
v 24.0 -35.6 53.0
v 24.0 -35.3 54.0
v 23.0 -35.2 56.0
v 24.0 -34.7 55.0
v 24.0 -34.6 56.0
v 24.0 -34.4 57.0
v 24.0 -34.3 58.0
v 24.0 -33.6 59.0
v 24.0 -35.0 68.3
v 23.0 -32.9 60.0
v 24.0 -33.3 60.0
v 24.1 -33.0 66.5
v 24.0 -32.7 62.0
v 24.0 -32.5 63.0
v 24.0 -32.1 65.0
v 24.0 -32.5 66.0
v 24.9 -43.1 68.0
v 25.0 -42.3 65.0
v 25.0 -42.7 67.0
v 25.1 -42.7 68.9
v 24.0 -41.2 61.0
v 25.0 -41.4 63.0
v 25.0 -41.7 64.0
v 24.6 -42.0 69.0
v 25.3 -42.0 70.0
v 24.7 -41.0 70.1
v 25.0 -40.2 55.0
v 24.0 -39.7 56.0
v 25.0 -40.4 56.0
v 25.0 -40.6 58.0
v 25.0 -40.6 59.0
v 25.0 -40.5 60.0
v 25.0 -40.6 61.0
v 24.5 -40.0 70.0
v 25.0 -40.0 70.6
v 25.0 -39.0 53.6
v 25.4 -40.0 71.0
v 24.5 -39.0 71.1
v 25.0 -38.0 51.6
v 25.0 -38.4 52.0
v 25.0 -38.6 53.0
v 25.0 -38.7 72.0
v 24.6 -38.0 74.0
v 25.0 -38.4 74.0
v 25.0 -38.0 74.5
v 24.6 -37.0 51.0
v 25.0 -37.0 50.7
v 25.0 -37.0 71.8
v 25.0 -37.2 72.0
v 25.0 -37.5 73.0
v 25.0 -37.8 74.0
v 25.0 -36.0 50.8
v 24.0 -36.2 69.0
v 25.0 -36.5 71.0
v 25.0 -35.8 51.0
v 25.0 -35.5 52.0
v 25.0 -35.4 53.0
v 25.0 -35.5 69.0
v 25.0 -35.0 68.4
v 25.0 -35.9 70.0
v 25.0 -34.5 55.0
v 25.0 -34.4 56.0
v 25.0 -33.8 57.0
v 24.3 -34.0 58.0
v 25.0 -34.6 68.0
v 25.0 -33.6 58.0
v 25.0 -33.4 59.0
v 24.0 -33.1 61.0
v 24.9 -33.7 67.2
v 25.0 -32.7 61.0
v 25.0 -33.0 62.0
v 25.0 -32.6 63.0
v 24.0 -32.4 64.0
v 25.0 -32.6 66.0
v 26.0 -44.1 68.0
v 25.6 -43.0 66.9
v 26.0 -43.4 67.0
v 26.0 -43.5 69.0
v 25.4 -43.0 69.0
v 26.0 -43.2 70.0
v 25.8 -43.0 70.1
v 26.0 -42.3 64.0
v 26.1 -42.7 66.0
v 25.7 -42.0 71.0
v 26.0 -42.0 71.3
v 26.0 -41.3 58.0
v 26.0 -41.3 59.0
v 25.0 -40.9 62.0
v 26.0 -41.0 61.5
v 26.0 -41.3 62.0
v 26.0 -41.6 63.0
v 25.6 -41.0 71.0
v 26.0 -41.0 71.5
v 26.0 -40.4 55.0
v 26.0 -40.6 56.0
v 26.0 -40.7 57.0
v 26.0 -40.7 61.0
v 26.0 -40.4 72.0
v 25.7 -40.0 72.0
v 26.0 -40.3 73.0
v 25.8 -40.0 73.0
v 26.0 -40.0 73.3
v 26.0 -38.8 53.0
v 25.8 -39.0 67.0
v 26.0 -39.2 67.0
v 26.0 -39.0 66.8
v 25.8 -39.0 68.0
v 26.0 -39.3 68.0
v 26.0 -39.0 68.4
v 25.4 -39.0 72.0
v 26.0 -39.4 74.0
v 25.6 -39.0 74.0
v 26.0 -39.0 74.3
v 26.0 -38.0 51.3
v 26.0 -38.5 52.0
v 25.7 -38.0 67.0
v 26.0 -38.0 66.0
v 25.7 -38.0 68.0
v 25.9 -38.0 69.0
v 26.0 -38.0 74.3
v 26.0 -37.0 50.4
v 26.0 -37.6 67.0
v 26.0 -37.6 68.0
v 26.0 -37.8 69.0
v 25.3 -37.0 72.0
v 26.0 -37.7 74.0
v 25.9 -36.0 50.0
v 26.0 -36.4 70.0
v 26.0 -36.5 71.0
v 26.0 -36.8 72.0
v 26.0 -37.0 73.0
v 26.0 -35.9 50.0
v 26.0 -35.5 51.0
v 26.0 -35.5 52.0
v 26.0 -35.5 53.0
v 25.0 -34.9 54.0
v 25.4 -35.0 68.0
v 26.0 -35.4 68.0
v 26.0 -35.7 69.0
v 26.0 -34.6 55.0
v 26.0 -34.3 56.0
v 26.0 -35.0 67.0
v 26.0 -33.6 57.0
v 26.0 -33.5 59.0
v 25.0 -32.9 60.0
v 26.0 -33.3 60.0
v 26.0 -34.0 67.3
v 26.0 -33.0 66.5
v 26.0 -32.6 62.0
v 26.0 -32.6 63.0
v 26.0 -32.5 64.0
v 25.1 -32.4 65.0
v 26.0 -32.6 66.0
v 27.0 -43.3 66.0
v 27.0 -43.6 67.0
v 27.0 -43.6 69.0
v 27.0 -43.5 70.0
v 27.0 -43.3 71.0
v 27.0 -43.0 71.4
v 27.0 -41.7 63.0
v 27.0 -42.4 64.0
v 27.0 -42.6 65.0
v 27.0 -42.4 72.0
v 26.7 -42.0 72.0
v 27.0 -42.0 72.4
v 27.0 -41.2 56.0
v 27.0 -41.4 57.0
v 27.0 -41.5 58.0
v 27.0 -41.5 59.0
v 27.0 -41.4 60.0
v 26.0 -40.7 60.0
v 27.0 -41.4 61.0
v 27.0 -41.5 62.0
v 26.6 -41.0 71.0
v 27.0 -41.3 71.0
v 27.0 -41.0 71.6
v 26.7 -41.0 72.0
v 27.0 -41.3 73.0
v 26.7 -41.0 73.0
v 27.0 -41.0 73.3
v 26.0 -40.0 54.4
v 27.0 -40.3 54.0
v 27.0 -40.6 55.0
v 26.7 -40.0 69.0
v 26.6 -40.0 70.0
v 26.4 -40.0 71.0
v 27.0 -40.7 72.0
v 26.4 -40.0 72.0
v 27.0 -40.0 72.6
v 26.8 -40.0 74.0
v 27.0 -40.1 74.1
v 26.7 -39.0 52.0
v 27.0 -39.3 52.0
v 27.0 -39.5 53.0
v 27.0 -39.5 67.0
v 27.0 -39.0 66.4
v 27.0 -39.7 68.0
v 26.3 -39.0 69.0
v 26.5 -39.0 70.0
v 26.5 -39.0 71.0
v 26.4 -39.0 72.0
v 27.0 -39.6 73.0
v 26.6 -39.0 73.0
v 27.0 -39.0 73.7
v 27.0 -39.0 74.5
v 26.8 -38.3 51.0
v 27.0 -38.0 65.7
v 26.5 -38.0 70.0
v 27.1 -38.0 71.0
v 26.6 -38.0 72.0
v 26.4 -38.0 73.0
v 26.3 -38.0 74.0
v 26.5 -37.0 50.0
v 27.0 -37.6 66.0
v 26.6 -37.0 67.0
v 27.0 -37.0 66.5
v 27.0 -37.0 68.0
v 26.5 -37.0 69.0
v 27.0 -37.0 68.0
v 26.5 -37.0 70.0
v 26.3 -37.0 72.0
v 27.0 -37.0 71.0
v 26.7 -36.0 49.0
v 26.7 -36.0 67.0
v 27.0 -36.0 66.7
v 27.0 -36.0 67.9
v 26.3 -36.0 69.0
v 27.0 -35.7 49.0
v 27.0 -35.5 50.0
v 27.0 -35.5 51.0
v 27.0 -35.5 52.0
v 27.0 -35.4 53.0
v 26.0 -35.1 54.0
v 27.0 -34.7 54.0
v 27.0 -35.0 66.7
v 27.0 -36.0 68.0
v 27.0 -34.4 55.0
v 27.0 -34.4 67.0
v 27.0 -33.9 56.0
v 27.0 -33.5 57.0
v 26.2 -33.5 57.9
v 26.0 -32.7 61.0
v 27.0 -33.3 61.0
v 27.0 -33.1 63.0
v 27.0 -33.7 67.0
v 27.0 -33.0 66.4
v 27.0 -32.7 64.0
v 27.0 -32.5 65.0
v 27.0 -32.7 66.0
v 27.0 -44.1 68.0
v 28.0 -44.1 70.0
v 28.0 -43.4 67.0
v 28.0 -43.5 68.0
v 28.0 -43.4 69.0
v 28.0 -43.4 71.0
v 27.7 -43.0 72.0
v 28.0 -43.2 72.0
v 28.0 -42.5 64.0
v 28.0 -42.6 65.0
v 27.7 -42.0 69.0
v 27.9 -42.3 69.0
v 27.6 -42.0 70.0
v 28.0 -42.6 70.0
v 27.6 -42.0 71.0
v 28.0 -42.6 71.0
v 28.0 -42.0 71.6
v 27.8 -42.0 73.0
v 28.0 -42.1 73.1
v 28.0 -40.6 55.1
v 28.0 -41.3 56.0
v 28.0 -41.5 57.0
v 28.0 -41.5 58.0
v 28.0 -41.4 59.0
v 28.0 -41.5 60.0
v 28.0 -41.5 61.0
v 28.0 -41.6 62.0
v 27.7 -41.0 68.0
v 27.4 -41.0 69.0
v 27.3 -41.0 70.0
v 27.2 -41.0 72.0
v 28.0 -41.7 72.0
v 28.0 -41.0 72.7
v 28.0 -41.1 74.0
v 27.9 -41.0 74.0
v 28.0 -41.0 74.4
v 28.0 -40.4 54.0
v 27.6 -40.0 67.0
v 28.0 -40.7 67.2
v 27.3 -40.0 68.0
v 27.3 -40.0 73.0
v 28.0 -40.8 73.0
v 27.1 -40.0 74.0
v 27.8 -39.0 50.0
v 28.0 -39.0 49.8
v 28.0 -39.2 50.0
v 27.4 -39.0 51.0
v 28.0 -39.5 51.0
v 27.5 -39.0 66.0
v 28.0 -39.0 65.7
v 27.2 -39.0 74.0
v 27.4 -38.0 50.0
v 28.0 -38.0 49.5
v 28.0 -38.0 65.6
v 27.4 -36.9 49.0
v 28.0 -37.4 49.0
v 28.0 -36.9 65.9
v 27.0 -36.0 48.0
v 28.0 -36.0 47.6
v 28.0 -36.5 48.0
v 28.0 -36.0 66.4
v 27.0 -36.0 68.0
v 27.7 -35.0 48.0
v 28.0 -35.0 47.8
v 27.7 -35.0 49.0
v 28.0 -35.3 50.0
v 28.0 -35.4 52.0
v 28.0 -35.3 53.0
v 28.0 -35.0 66.6
v 28.0 -34.8 48.0
v 28.0 -34.5 54.0
v 28.0 -34.2 56.0
v 28.0 -34.1 56.1
v 28.1 -34.0 67.2
v 28.0 -33.7 57.0
v 28.0 -33.5 61.0
v 27.0 -32.9 62.0
v 28.0 -33.4 62.0
v 28.0 -33.4 63.0
v 28.0 -33.3 64.0
v 28.0 -33.8 67.0
v 28.4 -44.0 70.0
v 28.0 -43.2 66.0
v 28.6 -43.0 67.0
v 29.1 -43.0 68.0
v 28.4 -43.0 69.0
v 29.0 -43.0 68.1
v 28.4 -43.0 71.0
v 28.5 -43.0 72.0
v 28.0 -42.1 63.0
v 29.0 -42.2 64.0
v 29.0 -42.4 65.0
v 29.0 -42.5 66.0
v 29.0 -42.5 67.0
v 29.0 -42.0 67.4
v 28.5 -42.0 68.0
v 29.0 -42.9 68.0
v 28.3 -42.0 72.0
v 28.1 -42.0 73.0
v 29.0 -40.8 56.0
v 29.0 -41.3 58.0
v 29.0 -41.0 59.0
v 29.0 -41.4 60.0
v 29.0 -41.5 61.0
v 29.0 -41.4 62.0
v 29.0 -41.6 63.0
v 28.5 -41.0 67.0
v 29.0 -41.5 67.0
v 29.0 -41.0 66.6
v 28.2 -41.0 73.0
v 28.1 -41.0 74.0
v 29.0 -40.2 51.0
v 29.0 -40.4 52.0
v 28.0 -39.7 53.0
v 29.0 -40.4 53.0
v 29.0 -40.5 55.0
v 29.0 -40.3 66.0
v 29.0 -40.0 65.7
v 29.0 -39.0 49.5
v 29.0 -39.5 50.0
v 29.0 -39.0 65.5
v 29.0 -38.0 65.6
v 29.0 -37.3 48.0
v 29.0 -37.0 47.6
v 29.0 -37.8 49.0
v 29.0 -37.0 66.1
v 29.0 -36.0 46.9
v 29.0 -36.0 66.5
v 29.0 -35.0 47.6
v 28.1 -35.4 51.3
v 28.5 -35.0 52.0
v 28.7 -35.0 53.0
v 29.0 -35.0 66.6
v 29.0 -34.6 48.0
v 28.0 -34.7 49.0
v 29.0 -34.5 50.0
v 28.9 -34.6 52.0
v 28.9 -33.9 53.1
v 28.6 -34.0 54.0
v 28.0 -34.4 55.0
v 28.3 -34.0 56.0
v 29.0 -33.6 54.0
v 29.0 -33.6 55.0
v 29.0 -33.7 56.0
v 29.0 -34.0 57.0
v 29.0 -33.7 58.0
v 29.9 -33.5 59.8
v 28.9 -33.5 60.7
v 29.0 -33.4 62.0
v 29.0 -33.1 63.0
v 29.0 -33.4 64.0
v 28.0 -32.9 65.0
v 29.0 -33.4 65.0
v 28.0 -33.3 66.0
v 29.0 -34.0 67.0
v 29.2 -43.0 68.0
v 29.3 -42.0 64.0
v 29.5 -42.0 65.0
v 29.6 -42.0 66.0
v 29.7 -42.0 67.0
v 30.0 -41.2 56.0
v 29.0 -41.3 57.0
v 30.0 -41.0 56.3
v 30.0 -41.3 59.0
v 30.0 -41.4 60.0
v 30.0 -41.3 61.0
v 29.5 -41.0 63.0
v 29.8 -40.9 64.0
v 30.0 -41.4 66.0
v 30.0 -39.7 50.0
v 30.0 -40.4 51.0
v 30.0 -40.5 52.0
v 30.0 -40.5 53.0
v 30.0 -40.6 54.0
v 30.0 -40.7 55.0
v 30.0 -40.7 57.0
v 30.0 -40.7 58.0
v 30.0 -40.7 62.0
v 30.0 -40.5 63.0
v 30.0 -41.0 66.3
v 30.0 -40.0 65.7
v 29.7 -39.0 49.0
v 30.0 -39.2 49.0
v 30.0 -39.0 65.5
v 29.7 -38.0 48.0
v 30.0 -38.0 47.8
v 29.1 -37.9 49.1
v 30.0 -38.0 65.4
v 30.0 -37.0 47.4
v 30.0 -37.0 65.7
v 30.0 -36.0 46.7
v 30.0 -36.1 66.3
v 30.0 -35.0 47.4
v 30.0 -35.0 66.5
v 30.0 -34.5 48.0
v 29.5 -34.0 50.0
v 30.0 -34.0 49.3
v 29.4 -34.0 51.0
v 29.4 -34.0 52.0
v 29.8 -34.0 58.0
v 30.0 -34.1 58.0
v 30.0 -34.0 57.8
v 30.0 -34.0 66.3
v 30.0 -33.0 49.8
v 29.7 -33.0 51.0
v 30.0 -33.3 52.0
v 30.0 -33.4 53.0
v 30.0 -33.5 54.0
v 30.0 -33.5 55.0
v 30.0 -33.5 56.0
v 30.0 -33.6 57.0
v 30.0 -33.6 59.0
v 30.0 -33.6 61.0
v 30.0 -33.5 63.0
v 30.0 -33.5 64.0
v 30.0 -33.6 65.0
v 30.1 -33.8 66.0
v 29.8 -33.0 50.0
v 30.8 -41.0 54.0
v 31.0 -41.1 54.0
v 31.0 -41.4 55.0
v 31.0 -41.4 56.0
v 31.0 -41.0 58.6
v 31.0 -41.6 59.0
v 30.8 -41.0 60.0
v 30.4 -41.0 61.0
v 30.0 -41.4 65.0
v 31.0 -41.0 66.0
v 31.0 -40.4 51.0
v 31.0 -40.5 52.0
v 31.0 -40.6 53.0
v 31.0 -40.7 57.0
v 31.0 -40.6 58.0
v 31.0 -40.9 59.9
v 31.0 -40.4 62.0
v 31.4 -40.0 64.9
v 31.0 -40.0 66.2
v 31.0 -39.0 48.5
v 31.0 -39.4 49.0
v 31.0 -39.9 63.0
v 31.0 -39.8 64.0
v 31.0 -39.8 66.0
v 31.0 -39.0 65.5
v 31.0 -38.0 47.7
v 31.0 -38.0 65.0
v 31.0 -37.0 47.4
v 31.0 -37.0 65.4
v 31.0 -36.0 65.7
v 30.6 -35.0 47.0
v 31.0 -35.0 46.8
v 31.0 -35.0 66.3
v 31.0 -34.0 47.0
v 30.0 -34.2 49.0
v 31.0 -34.1 61.0
v 31.0 -34.1 63.0
v 31.0 -34.1 64.9
v 31.0 -34.7 66.0
v 30.6 -34.0 47.8
v 31.0 -33.0 49.2
v 30.3 -33.0 52.0
v 30.6 -33.0 53.0
v 31.2 -33.0 54.0
v 31.0 -33.2 54.0
v 31.0 -33.4 55.0
v 31.0 -32.9 57.0
v 31.0 -34.0 58.0
v 31.0 -33.6 59.0
v 31.0 -33.6 60.0
v 31.0 -33.7 62.0
v 31.0 -33.7 64.0
v 31.0 -32.0 49.7
v 30.6 -32.0 51.0
v 30.7 -32.0 52.0
v 31.0 -31.8 50.0
v 31.0 -31.6 51.0
v 31.0 -31.7 52.0
v 32.0 -41.3 55.0
v 32.0 -41.4 56.0
v 32.0 -41.1 57.0
v 31.5 -41.0 59.0
v 32.0 -41.1 60.0
v 31.0 -40.1 50.0
v 32.7 -40.3 52.7
v 32.0 -40.5 53.0
v 32.0 -40.7 54.0
v 32.0 -40.6 58.0
v 32.0 -40.7 59.0
v 31.0 -40.6 61.0
v 32.0 -40.3 63.0
v 31.5 -40.0 65.0
v 31.5 -40.0 66.0
v 32.0 -39.0 48.8
v 32.0 -39.2 49.0
v 32.0 -39.5 50.0
v 32.0 -39.7 51.0
v 32.0 -39.6 64.0
v 32.0 -39.5 65.0
v 32.0 -39.0 65.4
v 32.0 -38.0 48.4
v 32.0 -38.0 65.3
v 32.0 -37.0 47.6
v 32.0 -37.6 48.0
v 32.0 -37.0 64.9
v 31.0 -36.0 46.8
v 32.0 -36.0 47.4
v 32.0 -36.8 65.0
v 32.0 -36.0 65.5
v 31.4 -35.0 47.0
v 32.0 -35.0 47.4
v 32.0 -35.0 66.1
v 32.0 -34.0 47.4
v 32.0 -34.1 61.0
v 32.0 -34.3 63.0
v 32.0 -34.0 62.5
v 32.0 -34.0 65.1
v 32.0 -34.9 66.0
v 32.0 -33.0 47.7
v 31.2 -33.0 49.0
v 31.5 -33.0 55.0
v 31.0 -33.3 56.0
v 32.0 -33.0 58.2
v 32.0 -33.4 59.0
v 32.0 -33.5 60.0
v 32.0 -33.7 62.0
v 31.7 -33.0 48.0
v 31.7 -32.0 49.0
v 31.3 -32.0 53.0
v 31.7 -32.0 54.0
v 32.0 -32.5 55.0
v 32.0 -32.6 56.0
v 32.0 -32.5 57.0
v 32.0 -32.8 58.0
v 32.0 -31.7 49.0
v 32.0 -31.5 50.0
v 32.0 -31.4 51.0
v 31.7 -31.0 52.0
v 32.0 -30.8 52.0
v 31.8 -31.0 53.0
v 32.0 -31.9 54.2
v 32.0 -30.8 53.0
v 33.0 -40.6 56.0
v 33.0 -41.1 60.0
v 33.3 -40.0 53.0
v 33.0 -40.5 54.0
v 33.0 -40.6 55.0
v 33.0 -40.6 57.0
v 33.0 -40.6 59.0
v 33.1 -40.6 61.0
v 32.0 -40.6 61.0
v 32.2 -39.0 49.0
v 32.6 -39.0 50.0
v 33.0 -39.3 51.0
v 33.0 -39.6 52.0
v 33.0 -39.6 64.0
v 33.0 -39.4 65.0
v 33.0 -39.0 65.4
v 32.7 -38.0 49.0
v 33.0 -38.5 50.0
v 33.0 -38.0 65.4
v 33.0 -37.0 47.7
v 33.0 -37.3 48.0
v 33.0 -37.7 49.0
v 33.0 -36.0 47.5
v 33.0 -37.0 64.9
v 33.0 -36.0 65.4
v 33.0 -35.0 47.4
v 33.0 -35.0 65.5
v 33.0 -34.0 47.4
v 33.0 -34.3 63.0
v 33.0 -34.0 62.5
v 32.0 -33.8 64.0
v 33.0 -34.3 64.0
v 32.0 -33.9 65.0
v 33.0 -34.5 65.0
v 33.0 -33.0 47.4
v 33.0 -33.2 59.0
v 33.0 -33.0 58.2
v 33.0 -33.5 61.0
v 33.0 -33.6 62.0
v 33.0 -32.0 47.7
v 33.0 -32.3 55.0
v 33.0 -32.4 56.1
v 33.0 -32.4 57.0
v 33.0 -32.8 58.0
v 33.0 -32.9 60.0
v 33.0 -31.7 48.0
v 33.0 -31.5 49.0
v 33.0 -31.5 50.0
v 33.0 -31.5 54.0
v 33.0 -30.6 53.0
v 34.0 -40.2 54.0
v 34.0 -40.3 55.0
v 34.0 -40.4 57.0
v 34.0 -40.4 58.0
v 34.0 -40.6 60.0
v 33.1 -40.4 63.0
v 33.3 -39.0 51.0
v 33.4 -39.0 52.0
v 33.7 -39.0 53.0
v 33.9 -39.6 64.0
v 34.0 -39.2 65.0
v 34.0 -39.0 65.2
v 34.0 -37.7 50.1
v 34.0 -38.4 51.0
v 34.0 -38.0 52.0
v 34.0 -38.7 53.0
v 34.0 -38.0 65.4
v 34.0 -37.0 47.7
v 34.0 -37.2 48.0
v 34.0 -37.1 49.0
v 34.0 -37.0 65.3
v 34.0 -36.0 47.3
v 34.0 -36.0 65.5
v 34.0 -35.0 46.7
v 34.0 -35.0 65.4
v 33.5 -34.0 47.0
v 34.0 -34.0 46.4
v 34.0 -34.1 63.0
v 33.7 -34.0 64.0
v 34.0 -34.0 63.3
v 34.0 -34.6 65.0
v 33.9 -33.0 46.0
v 33.4 -33.0 47.0
v 33.3 -33.0 59.0
v 34.0 -33.3 61.0
v 34.0 -33.5 62.0
v 34.0 -33.9 64.0
v 33.8 -32.0 47.0
v 34.0 -32.0 46.8
v 34.1 -32.0 57.7
v 34.0 -32.3 58.0
v 34.0 -32.6 59.0
v 34.0 -32.6 60.0
v 34.0 -31.8 47.0
v 34.0 -31.4 48.0
v 34.0 -31.4 49.0
v 34.0 -31.5 50.0
v 33.0 -31.4 51.0
v 34.0 -31.3 54.0
v 34.0 -31.6 55.0
v 34.0 -31.7 57.0
v 33.1 -30.6 52.0
v 34.0 -30.6 53.0
v 34.2 -40.0 54.0
v 34.3 -40.0 55.0
v 34.3 -40.0 56.0
v 34.4 -40.0 57.0
v 34.6 -40.0 58.0
v 35.0 -40.2 59.0
v 35.0 -40.4 60.0
v 35.0 -40.4 61.0
v 35.0 -40.4 62.0
v 34.9 -40.4 63.0
v 35.0 -40.0 63.4
v 34.5 -39.0 54.0
v 34.5 -39.0 55.0
v 34.5 -39.0 56.0
v 34.7 -39.0 57.0
v 35.0 -39.0 57.5
v 35.0 -39.5 64.0
v 35.0 -39.0 64.5
v 35.0 -37.8 52.0
v 35.0 -38.4 53.0
v 35.0 -38.4 54.0
v 34.8 -38.0 55.0
v 34.8 -38.0 56.0
v 35.1 -38.1 56.6
v 35.0 -38.0 64.6
v 35.0 -37.0 47.5
v 35.0 -37.4 48.0
v 35.0 -37.4 49.0
v 35.0 -37.6 50.0
v 35.0 -37.8 55.0
v 35.0 -37.8 56.0
v 34.9 -37.0 64.7
v 34.5 -36.1 47.0
v 35.0 -36.0 46.7
v 35.0 -36.0 65.3
v 35.8 -35.8 46.3
v 35.0 -35.0 65.4
v 34.5 -34.0 46.0
v 35.0 -34.6 65.0
v 35.0 -34.0 64.5
v 35.0 -33.0 44.0
v 35.0 -33.4 45.0
v 34.7 -33.0 45.0
v 35.0 -33.1 61.0
v 34.7 -33.0 62.0
v 35.0 -33.0 61.2
v 35.0 -32.9 63.0
v 35.0 -33.6 64.0
v 35.0 -32.6 45.0
v 35.0 -32.4 46.0
v 35.0 -32.0 46.7
v 35.0 -32.3 59.0
v 35.0 -32.5 60.0
v 35.0 -32.7 62.0
v 34.7 -31.0 47.0
v 35.0 -31.0 46.6
v 34.5 -31.0 48.0
v 34.6 -31.0 49.0
v 35.0 -31.3 50.0
v 35.0 -31.4 51.0
v 35.0 -31.0 51.5
v 35.0 -31.4 55.0
v 35.0 -31.4 56.0
v 34.9 -30.0 47.0
v 35.0 -30.4 48.0
v 35.0 -30.7 49.0
v 35.0 -30.6 52.0
v 35.0 -30.5 53.0
v 35.0 -30.7 54.0
v 35.3 -40.0 59.0
v 35.5 -40.0 60.0
v 35.9 -39.7 62.0
v 36.0 -40.0 62.8
v 36.0 -40.1 63.0
v 35.4 -39.0 58.0
v 35.8 -39.0 59.0
v 36.0 -38.8 59.0
v 36.0 -39.5 60.0
v 36.0 -39.5 61.0
v 36.0 -39.3 64.0
v 36.0 -39.0 64.2
v 35.0 -38.1 51.0
v 36.0 -38.3 53.0
v 35.9 -38.0 57.4
v 36.0 -38.5 58.0
v 36.0 -38.0 64.5
v 36.0 -37.0 46.8
v 36.0 -37.2 47.0
v 36.0 -37.5 48.0
v 36.0 -37.6 50.0
v 36.0 -37.6 51.0
v 36.0 -37.8 52.0
v 36.0 -37.7 53.9
v 36.0 -37.5 55.0
v 36.0 -37.5 56.0
v 36.0 -37.6 57.0
v 36.0 -37.0 64.5
v 36.0 -36.0 64.7
v 36.0 -35.6 46.0
v 36.0 -34.1 44.5
v 36.0 -35.0 65.1
v 36.0 -34.0 64.4
v 36.0 -33.0 43.5
v 36.0 -33.6 44.0
v 36.0 -33.3 63.0
v 36.0 -33.6 64.0
v 35.5 -32.0 44.0
v 36.0 -32.0 43.0
v 35.5 -32.0 45.0
v 35.3 -32.0 46.0
v 36.0 -31.6 59.0
v 35.5 -32.0 60.0
v 35.8 -32.0 61.0
v 36.0 -32.5 62.0
v 36.0 -31.5 44.0
v 35.5 -31.0 46.0
v 36.0 -31.1 51.0
v 36.0 -31.1 55.0
v 36.0 -31.3 57.0
v 35.1 -31.7 58.0
v 36.0 -31.8 61.0
v 35.5 -30.0 46.0
v 36.5 -30.0 49.1
v 36.0 -30.3 49.0
v 36.0 -30.7 50.0
v 36.0 -30.7 52.0
v 36.0 -30.5 53.0
v 36.0 -30.6 54.0
v 36.0 -31.0 56.0
v 35.9 -30.0 45.0
v 36.0 -29.4 46.0
v 36.0 -28.8 47.0
v 36.3 -29.1 48.0
v 36.8 -39.0 61.0
v 37.0 -39.0 60.3
v 37.0 -39.1 62.0
v 36.7 -39.0 63.0
v 36.3 -39.0 64.0
v 37.0 -38.1 50.0
v 37.0 -38.3 52.0
v 37.0 -38.4 53.0
v 37.0 -38.0 58.0
v 37.0 -38.5 59.0
v 37.0 -38.8 61.0
v 37.0 -38.8 63.0
v 37.0 -38.5 64.0
v 37.0 -38.0 64.4
v 37.0 -37.0 46.4
v 37.0 -37.4 47.0
v 37.0 -37.6 48.0
v 37.0 -37.7 49.0
v 37.0 -37.7 54.0
v 37.0 -37.5 55.0
v 37.0 -37.4 56.0
v 36.7 -37.0 57.0
v 37.0 -37.4 58.0
v 37.0 -37.0 58.0
v 37.0 -37.0 58.0
v 37.0 -37.0 64.5
v 36.8 -36.0 45.0
v 37.0 -36.2 45.0
v 37.0 -36.6 46.0
v 36.3 -36.0 46.0
v 37.0 -36.8 57.0
v 37.0 -36.0 64.4
v 36.8 -35.0 44.0
v 37.0 -35.0 43.8
v 36.3 -35.0 45.0
v 37.0 -35.0 64.5
v 36.4 -34.0 44.0
v 37.0 -34.0 43.5
v 37.0 -34.0 64.3
v 37.0 -33.0 43.5
v 37.0 -33.3 63.0
v 37.0 -33.7 64.0
v 37.0 -32.0 43.4
v 37.0 -32.5 62.0
v 37.0 -32.0 61.5
v 36.5 -31.0 44.0
v 37.0 -31.0 43.6
v 36.1 -31.0 45.0
v 37.1 -31.3 58.1
v 37.0 -31.5 59.0
v 36.0 -31.6 60.0
v 36.7 -30.0 44.0
v 37.0 -30.0 43.8
v 37.0 -30.6 51.0
v 37.0 -30.9 52.0
v 37.0 -30.5 53.0
v 37.0 -30.5 54.0
v 37.0 -30.7 55.0
v 37.0 -31.0 56.0
v 37.0 -30.8 57.0
v 37.0 -29.7 44.0
v 37.0 -28.6 46.0
v 37.2 -29.0 48.7
v 37.0 -28.1 47.0
v 37.0 -28.6 48.0
v 37.0 -39.1 60.0
v 38.0 -38.2 48.0
v 38.0 -38.4 48.9
v 38.0 -38.4 50.0
v 38.0 -38.3 51.0
v 37.0 -37.8 51.0
v 38.0 -38.4 52.0
v 38.0 -38.5 53.0
v 38.0 -38.3 54.0
v 37.0 -38.0 58.0
v 37.5 -38.0 59.0
v 37.8 -38.0 60.0
v 38.0 -38.4 61.0
v 38.0 -37.8 60.0
v 38.0 -38.6 62.0
v 38.0 -38.6 63.0
v 38.0 -38.3 64.0
v 38.0 -38.0 64.3
v 38.0 -37.3 46.0
v 38.0 -37.6 47.0
v 38.0 -37.6 55.0
v 38.0 -37.4 56.0
v 38.0 -36.7 57.0
v 38.0 -37.5 59.0
v 38.0 -37.0 58.4
v 38.0 -37.0 64.3
v 38.0 -36.5 45.0
v 38.0 -36.7 58.0
v 38.0 -36.0 63.9
v 38.0 -35.0 43.5
v 38.0 -34.0 42.9
v 37.4 -34.0 64.0
v 38.0 -34.0 63.6
v 38.0 -33.0 43.4
v 38.0 -33.0 63.2
v 38.0 -32.0 43.5
v 38.0 -32.3 62.0
v 38.0 -32.0 61.6
v 38.0 -32.8 63.0
v 38.0 -31.0 43.5
v 38.0 -31.3 59.0
v 38.0 -31.5 61.0
v 38.0 -30.0 43.4
v 37.0 -30.3 50.0
v 38.2 -30.1 52.0
v 38.0 -30.3 54.0
v 38.0 -30.5 56.0
v 38.0 -30.4 57.0
v 38.0 -30.7 58.0
v 38.0 -29.0 43.6
v 37.2 -29.1 45.0
v 38.0 -29.5 50.0
v 38.0 -29.7 51.0
v 38.0 -29.9 53.0
v 38.0 -28.7 44.0
v 38.0 -28.6 45.0
v 38.0 -28.5 46.0
v 38.0 -28.4 47.0
v 38.0 -28.5 48.0
v 38.0 -28.7 49.0
v 39.0 -38.0 47.7
v 39.0 -38.2 48.0
v 38.5 -38.0 50.0
v 39.0 -38.2 49.0
v 39.0 -38.4 54.0
v 39.0 -37.7 55.0
v 39.0 -38.3 61.0
v 39.0 -38.6 62.0
v 39.0 -38.9 63.0
v 39.0 -38.3 64.0
v 39.0 -38.0 64.3
v 39.0 -37.5 47.0
v 39.0 -37.6 50.0
v 39.0 -37.6 51.0
v 39.1 -37.3 57.0
v 39.0 -36.7 58.0
v 39.0 -37.4 59.0
v 39.0 -37.6 60.0
v 39.0 -37.0 63.7
v 39.0 -36.2 44.9
v 39.0 -36.0 63.4
v 39.0 -35.0 43.6
v 38.0 -35.0 64.1
v 39.0 -35.0 63.3
v 39.0 -34.0 42.8
v 39.0 -34.3 43.0
v 38.9 -34.0 62.8
v 39.0 -33.0 43.4
v 39.0 -32.0 43.5
v 39.0 -32.0 62.2
v 39.0 -33.0 63.0
v 39.0 -31.0 43.3
v 38.0 -31.4 60.0
v 39.0 -31.0 61.4
v 39.0 -30.0 42.7
v 38.0 -30.4 55.1
v 38.9 -30.3 57.9
v 39.0 -30.6 59.0
v 39.0 -30.6 60.0
v 39.0 -30.7 61.0
v 38.5 -29.0 43.0
v 39.0 -29.0 42.5
v 39.0 -29.3 50.0
v 39.0 -29.4 51.0
v 39.0 -29.5 52.0
v 39.0 -29.4 53.0
v 39.0 -29.5 54.0
v 39.0 -29.5 55.0
v 39.0 -29.6 55.8
v 39.0 -29.7 57.0
v 38.6 -28.0 44.0
v 39.0 -28.0 44.5
v 39.0 -28.3 45.0
v 39.0 -28.5 46.0
v 39.0 -28.5 47.0
v 39.0 -28.4 48.0
v 39.0 -28.6 49.0
v 38.7 -28.0 43.0
v 39.3 -38.0 48.0
v 39.3 -38.0 49.0
v 39.0 -37.7 52.0
v 40.0 -38.2 55.0
v 40.0 -37.7 61.0
v 40.0 -38.4 62.0
v 40.0 -38.5 63.0
v 40.0 -38.3 64.0
v 40.0 -38.0 64.9
v 39.0 -37.2 46.0
v 40.0 -36.7 47.0
v 40.2 -37.0 48.0
v 39.7 -37.0 49.0
v 39.7 -37.0 50.0
v 40.0 -37.3 51.0
v 39.7 -37.7 52.7
v 40.0 -37.6 56.0
v 39.1 -37.0 58.3
v 40.0 -37.4 59.0
v 40.4 -37.5 60.3
v 39.0 -37.6 64.0
v 40.0 -37.0 63.5
v 39.7 -35.9 45.1
v 40.0 -36.4 46.0
v 40.0 -36.8 49.0
v 40.0 -36.7 50.0
v 40.2 -36.8 58.0
v 39.6 -36.0 63.0
v 40.0 -36.4 63.0
v 39.5 -35.0 44.0
v 39.7 -35.0 62.0
v 40.0 -35.0 61.8
v 39.3 -35.0 63.0
v 40.0 -34.0 43.0
v 40.0 -34.7 44.0
v 39.5 -34.0 62.0
v 40.0 -34.0 61.5
v 40.0 -33.0 43.4
v 39.6 -33.0 62.0
v 40.0 -33.0 61.5
v 40.0 -32.0 43.4
v 39.3 -32.0 62.0
v 40.0 -32.0 61.6
v 40.0 -31.4 43.0
v 40.0 -31.0 42.6
v 40.0 -31.2 62.0
v 39.9 -31.0 62.0
v 40.0 -30.0 42.3
v 40.0 -30.3 59.0
v 40.0 -30.4 60.0
v 40.0 -30.1 61.0
v 40.0 -31.0 62.1
v 39.8 -29.0 41.8
v 40.0 -28.7 51.0
v 40.0 -29.1 52.0
v 39.5 -29.0 54.0
v 40.0 -29.3 56.0
v 40.0 -29.6 58.0
v 39.5 -28.0 42.0
v 40.0 -28.2 46.0
v 40.0 -28.3 47.0
v 40.0 -28.3 49.0
v 40.0 -28.5 50.0
v 39.7 -28.9 53.0
v 40.0 -28.5 54.0
v 40.0 -28.7 55.0
v 39.5 -27.0 41.0
v 40.0 -27.0 40.7
v 39.4 -27.0 43.0
v 39.5 -27.0 44.0
v 40.0 -27.1 44.7
v 40.0 -26.7 41.0
v 39.5 -27.0 42.0
v 39.7 -26.0 43.0
v 39.7 -26.0 44.0
v 40.0 -38.3 54.0
v 41.0 -38.3 55.0
v 41.0 -38.1 62.0
v 41.0 -38.2 64.0
v 41.0 -38.0 64.9
v 41.0 -36.7 51.0
v 41.0 -37.3 52.0
v 41.0 -37.4 53.0
v 41.0 -37.7 54.0
v 41.0 -37.7 56.0
v 41.0 -37.4 57.0
v 41.0 -37.3 59.0
v 41.0 -37.6 61.0
v 41.0 -37.0 63.5
v 41.0 -37.6 64.0
v 41.0 -36.3 47.0
v 41.0 -36.5 48.0
v 41.0 -36.4 49.0
v 41.0 -36.4 50.0
v 41.0 -36.9 58.0
v 41.0 -36.3 62.0
v 41.0 -36.0 61.7
v 41.0 -36.7 63.0
v 41.0 -34.8 45.0
v 41.0 -35.6 46.0
v 41.0 -35.0 61.3
v 41.0 -34.0 43.6
v 41.0 -34.4 44.0
v 40.9 -34.0 60.8
v 41.0 -33.0 43.6
v 41.0 -32.0 43.4
v 40.7 -32.0 61.0
v 40.7 -31.0 42.0
v 41.0 -31.3 42.0
v 41.0 -31.6 43.0
v 41.0 -31.6 61.0
v 41.0 -31.0 62.0
v 41.0 -30.0 36.8
v 40.9 -30.0 37.0
v 40.7 -30.0 41.0
v 41.0 -30.0 40.6
v 40.3 -30.0 42.0
v 41.0 -30.3 60.0
v 41.0 -30.5 61.0
v 40.8 -29.0 36.0
v 41.0 -29.0 35.8
v 41.0 -29.3 36.0
v 40.8 -29.0 37.0
v 40.5 -29.0 41.0
v 41.0 -29.0 40.5
v 41.0 -29.1 57.0
v 41.0 -29.6 59.0
v 41.0 -28.6 36.0
v 41.0 -28.8 37.0
v 40.0 -28.0 41.3
v 41.0 -28.0 40.4
v 40.3 -28.0 46.0
v 40.4 -28.0 47.0
v 40.0 -28.0 48.0
v 40.5 -28.0 49.0
v 41.0 -28.3 55.0
v 41.0 -28.7 56.0
v 41.0 -28.9 58.0
v 41.0 -27.0 40.1
v 40.3 -27.0 45.0
v 40.7 -27.0 46.0
v 41.0 -27.4 47.0
v 41.0 -27.9 48.0
v 41.0 -27.6 49.0
v 40.6 -28.0 50.0
v 41.0 -27.7 53.0
v 41.0 -27.7 54.0
v 40.5 -26.0 41.0
v 41.0 -26.0 40.5
v 40.3 -26.0 42.0
v 40.5 -26.0 45.0
v 40.6 -25.0 41.0
v 41.0 -25.0 40.1
v 40.5 -25.0 42.0
v 40.4 -25.0 43.0
v 40.4 -25.0 44.0
v 40.7 -25.0 45.0
v 41.0 -24.2 41.3
v 40.7 -24.0 42.0
v 40.7 -24.0 44.0
v 41.0 -23.7 42.0
v 40.6 -24.0 42.9
v 42.0 -38.0 54.6
v 42.0 -38.4 55.0
v 42.0 -38.3 56.0
v 42.0 -38.3 63.0
v 41.0 -38.0 63.0
v 42.0 -38.3 64.0
v 42.0 -38.0 64.3
v 42.0 -36.8 53.0
v 42.0 -37.5 54.0
v 42.0 -37.6 57.0
v 42.0 -37.3 58.0
v 42.0 -36.9 59.0
v 42.0 -37.0 59.2
v 42.0 -37.4 60.0
v 42.0 -37.6 62.0
v 42.0 -36.1 48.0
v 42.0 -36.3 51.0
v 42.0 -36.6 52.0
v 42.0 -36.4 62.0
v 42.0 -36.0 61.7
v 42.0 -36.6 63.0
v 42.0 -37.0 64.1
v 42.0 -35.3 46.0
v 42.0 -35.7 47.0
v 42.0 -35.7 49.0
v 42.0 -35.7 50.0
v 41.5 -35.0 61.0
v 42.0 -35.4 61.0
v 42.0 -34.5 45.0
v 41.5 -34.0 60.0
v 42.0 -34.6 60.0
v 41.8 -33.0 44.1
v 42.0 -34.0 59.0
v 42.3 -33.0 59.0
v 41.5 -33.0 60.0
v 42.0 -32.0 43.6
v 41.9 -32.0 59.7
v 41.6 -31.0 37.0
v 42.0 -31.0 36.3
v 42.0 -31.4 37.0
v 42.0 -31.8 38.0
v 41.5 -31.0 38.0
v 42.0 -31.5 39.0
v 41.6 -31.0 39.0
v 42.0 -31.4 40.0
v 41.6 -31.0 40.0
v 42.0 -31.4 41.0
v 41.5 -31.0 41.0
v 42.0 -31.5 42.0
v 42.0 -31.6 43.0
v 42.0 -31.6 60.0
v 42.0 -31.0 61.0
v 42.0 -30.0 36.3
v 41.4 -30.0 38.0
v 41.5 -30.0 39.0
v 41.4 -30.0 40.0
v 42.0 -30.0 60.4
v 42.0 -30.9 61.0
v 42.0 -29.0 35.8
v 41.6 -29.0 38.0
v 41.6 -29.0 39.0
v 41.4 -29.0 40.0
v 41.9 -29.3 58.9
v 42.0 -29.7 60.0
v 42.0 -28.7 36.0
v 42.0 -28.5 37.0
v 42.0 -28.6 38.0
v 42.0 -28.6 39.0
v 41.7 -28.0 40.0
v 41.0 -28.3 51.0
v 41.0 -28.3 52.0
v 42.0 -28.3 56.0
v 42.0 -28.6 57.0
v 42.0 -28.7 58.0
v 42.0 -27.7 40.0
v 42.0 -27.0 40.4
v 41.5 -27.0 48.0
v 41.5 -27.0 49.0
v 41.6 -27.0 50.0
v 42.0 -27.3 54.0
v 42.1 -27.7 55.1
v 42.0 -26.0 40.6
v 41.3 -26.0 46.0
v 41.3 -27.0 47.0
v 41.7 -26.0 48.0
v 42.0 -26.9 53.0
v 42.0 -25.0 40.6
v 41.4 -25.0 46.0
v 41.7 -25.0 47.0
v 42.0 -23.9 40.9
v 41.3 -24.0 45.0
v 41.6 -23.0 42.0
v 42.0 -23.0 41.6
v 41.4 -23.0 43.0
v 41.4 -23.0 44.0
v 41.6 -23.0 45.0
v 42.3 -23.0 46.0
v 41.7 -24.0 46.0
v 41.6 -22.0 43.0
v 41.6 -22.0 44.0
v 42.0 -21.6 43.0
v 42.0 -21.5 44.0
v 41.8 -22.0 45.0
v 43.0 -38.3 56.0
v 43.0 -38.2 63.0
v 43.0 -36.6 53.0
v 43.0 -37.5 54.0
v 43.0 -37.7 57.0
v 43.0 -37.4 58.0
v 43.0 -36.9 59.0
v 43.0 -37.4 60.0
v 43.0 -37.4 61.0
v 43.0 -37.5 62.0
v 43.0 -38.0 64.0
v 43.0 -37.0 63.5
v 43.0 -35.7 51.0
v 43.1 -36.3 52.0
v 43.0 -36.6 63.0
v 42.0 -35.0 45.7
v 43.0 -35.3 47.0
v 43.0 -35.6 48.0
v 43.0 -35.5 49.0
v 43.0 -35.4 50.0
v 43.0 -35.3 60.0
v 43.0 -35.4 61.0
v 43.0 -35.7 62.0
v 42.0 -34.0 44.0
v 42.5 -34.0 45.0
v 43.0 -34.0 45.7
v 43.0 -34.4 59.0
v 43.0 -34.0 58.6
v 42.7 -33.0 45.0
v 43.0 -33.0 45.3
v 42.8 -33.0 58.0
v 43.0 -33.0 57.8
v 43.0 -32.1 39.0
v 43.0 -32.0 38.8
v 42.8 -32.0 44.3
v 42.8 -32.0 58.0
v 42.4 -32.0 59.0
v 43.0 -31.0 36.8
v 43.0 -31.2 37.0
v 43.0 -31.6 38.0
v 43.0 -31.6 40.0
v 43.0 -31.5 41.0
v 43.0 -31.4 42.0
v 43.0 -31.2 43.0
v 43.0 -31.5 44.0
v 43.0 -32.0 57.8
v 43.0 -31.0 58.7
v 42.7 -31.0 59.0
v 42.5 -31.0 60.0
v 43.0 -30.0 36.5
v 43.0 -30.0 43.0
v 42.9 -30.0 44.0
v 43.0 -30.6 59.0
v 43.2 -30.0 60.1
v 43.0 -30.0 60.5
v 43.0 -29.0 36.0
v 43.0 -29.0 59.2
v 43.0 -29.7 60.0
v 43.0 -29.0 36.0
v 43.0 -28.6 37.0
v 43.0 -28.5 38.0
v 43.0 -28.5 39.0
v 42.0 -28.0 39.8
v 43.0 -28.1 40.0
v 43.0 -28.4 57.0
v 43.0 -29.0 58.0
v 43.0 -28.9 59.0
v 43.0 -27.3 41.0
v 43.0 -27.0 41.2
v 42.3 -27.1 52.0
v 42.5 -26.0 41.0
v 43.0 -26.0 41.4
v 42.3 -26.1 49.0
v 43.0 -26.0 50.5
v 43.0 -26.4 51.0
v 43.0 -26.6 52.0
v 43.0 -26.5 53.0
v 43.0 -26.7 54.0
v 42.5 -25.0 41.0
v 43.0 -25.0 41.6
v 42.6 -26.0 50.0
v 42.1 -24.0 41.0
v 42.9 -24.0 42.1
v 42.3 -24.5 47.5
v 42.7 -25.0 49.0
v 43.0 -23.5 42.0
v 42.7 -23.0 47.0
v 43.0 -23.0 41.9
v 42.0 -22.0 42.0
v 43.0 -22.0 42.4
v 42.6 -22.0 46.0
v 43.0 -21.0 42.9
v 42.5 -21.0 44.0
v 43.0 -21.0 45.5
v 43.0 -21.6 46.1
v 43.0 -20.9 43.0
v 43.0 -20.5 44.0
v 42.9 -20.7 45.0
v 43.0 -38.2 55.0
v 43.5 -38.0 56.0
v 43.3 -38.0 63.0
v 44.0 -37.3 54.0
v 44.0 -37.6 55.0
v 44.0 -37.7 56.0
v 44.0 -38.0 57.0
v 44.0 -37.6 58.0
v 44.0 -37.4 59.0
v 44.0 -37.4 60.0
v 44.0 -37.1 61.0
v 44.0 -37.4 62.0
v 44.0 -37.1 63.0
v 44.0 -36.4 53.0
v 44.0 -37.0 63.1
v 44.0 -36.0 62.4
v 43.2 -35.0 46.8
v 44.0 -35.3 48.0
v 44.0 -35.3 49.0
v 44.0 -35.0 50.0
v 44.0 -35.3 51.0
v 44.0 -35.6 52.0
v 44.0 -35.3 60.0
v 44.0 -35.0 59.7
v 44.0 -35.1 61.0
v 44.0 -35.6 62.0
v 44.0 -34.0 46.4
v 44.0 -34.6 47.0
v 44.0 -34.1 58.7
v 44.0 -33.4 58.0
v 44.0 -33.0 57.6
v 44.0 -32.0 38.8
v 44.0 -32.2 39.0
v 44.0 -32.0 45.3
v 44.0 -32.0 57.6
v 43.2 -31.0 37.0
v 43.5 -31.0 38.0
v 44.0 -31.0 38.5
v 44.0 -31.7 40.0
v 44.0 -31.4 41.0
v 43.6 -31.0 42.0
v 44.0 -31.0 41.6
v 43.2 -31.0 43.0
v 43.4 -31.0 44.0
v 44.0 -31.0 44.6
v 44.0 -31.7 45.1
v 44.0 -31.4 58.0
v 44.0 -31.0 58.3
v 43.5 -30.0 37.0
v 43.7 -30.0 38.0
v 44.0 -30.0 38.3
v 44.0 -30.6 42.0
v 44.0 -30.0 42.6
v 43.6 -30.0 59.0
v 44.0 -30.0 58.7
v 43.0 -29.0 36.0
v 44.0 -29.0 37.0
v 44.0 -29.0 37.0
v 44.2 -29.0 38.0
v 43.7 -29.0 43.0
v 44.0 -29.0 42.8
v 43.5 -29.0 44.0
v 44.0 -29.0 44.6
v 44.0 -30.0 45.1
v 44.0 -29.5 59.0
v 44.0 -29.0 59.7
v 44.0 -29.0 37.0
v 44.0 -28.8 38.0
v 44.0 -28.6 39.0
v 44.0 -28.1 43.0
v 44.0 -28.0 43.2
v 43.8 -28.0 44.0
v 44.5 -28.0 57.9
v 44.0 -28.4 58.0
v 44.0 -28.7 59.0
v 44.0 -27.5 41.0
v 44.0 -27.0 41.4
v 44.0 -27.8 44.0
v 44.0 -27.0 55.6
v 44.0 -27.3 56.0
v 44.0 -27.7 57.0
v 44.0 -26.0 41.8
v 43.5 -26.0 51.0
v 44.0 -26.1 52.0
v 43.8 -26.0 53.0
v 44.0 -26.3 54.0
v 44.0 -26.6 55.0
v 43.5 -25.0 42.0
v 44.0 -25.0 42.6
v 43.4 -25.0 50.0
v 44.3 -25.0 51.0
v 44.0 -25.4 51.0
v 44.0 -25.8 53.0
v 44.0 -24.0 42.7
v 43.7 -24.0 50.0
v 44.0 -24.0 50.4
v 43.1 -23.0 42.0
v 44.0 -23.3 43.0
v 43.9 -23.0 43.1
v 43.3 -24.0 49.0
v 44.0 -22.5 43.0
v 44.0 -22.0 42.9
v 43.3 -22.0 47.0
v 43.7 -22.0 48.0
v 43.2 -21.0 43.0
v 44.0 -21.0 43.3
v 43.3 -21.0 46.0
v 43.6 -21.0 47.0
v 44.3 -21.0 48.0
v 44.0 -20.0 43.6
v 43.5 -20.0 44.0
v 43.4 -20.0 45.0
v 43.5 -20.0 46.0
v 43.7 -19.0 44.0
v 44.0 -19.0 43.7
v 43.5 -19.0 45.0
v 43.5 -19.0 46.0
v 43.6 -20.1 47.0
v 43.8 -18.0 44.0
v 44.0 -18.0 43.8
v 43.5 -18.0 45.0
v 43.5 -18.0 46.0
v 43.6 -18.0 47.0
v 43.6 -17.0 45.0
v 44.0 -17.0 44.5
v 43.5 -17.0 46.0
v 43.7 -17.0 47.0
v 43.8 -16.0 45.0
v 44.0 -16.0 44.8
v 43.8 -16.0 46.0
v 44.0 -16.6 47.0
v 44.0 -15.8 45.0
v 44.0 -15.8 46.0
v 45.0 -37.0 54.6
v 45.0 -37.2 55.0
v 45.0 -37.4 56.0
v 45.0 -37.6 57.0
v 45.0 -38.0 58.0
v 45.0 -37.7 59.0
v 45.0 -37.5 60.0
v 45.0 -37.3 61.0
v 45.0 -37.2 62.0
v 45.0 -37.0 62.2
v 44.2 -36.1 52.9
v 45.0 -36.0 53.4
v 45.0 -36.6 54.0
v 45.0 -36.0 62.2
v 45.0 -34.7 49.0
v 44.8 -35.0 50.0
v 44.5 -35.0 51.0
v 44.7 -35.0 52.0
v 45.0 -35.2 60.0
v 45.0 -35.0 59.8
v 45.0 -35.5 61.0
v 45.0 -35.8 62.0
v 45.0 -34.0 45.8
v 45.0 -34.2 46.0
v 45.0 -34.5 47.0
v 45.0 -34.7 48.0
v 45.0 -35.0 50.0
v 45.0 -34.7 51.0
v 45.0 -34.7 52.0
v 45.0 -34.0 59.3
v 44.0 -33.0 46.0
v 45.0 -33.0 45.2
v 45.0 -33.4 58.0
v 45.0 -33.0 57.6
v 45.0 -33.8 59.0
v 45.0 -32.0 39.0
v 45.0 -32.2 40.0
v 44.5 -32.0 40.0
v 45.0 -32.0 45.4
v 45.0 -32.0 57.4
v 44.6 -31.0 39.0
v 45.0 -31.0 39.3
v 45.0 -31.6 41.0
v 45.0 -31.0 41.5
v 45.0 -31.0 44.9
v 44.3 -31.0 58.0
v 45.0 -31.0 57.5
v 44.5 -30.0 39.0
v 45.0 -30.0 39.5
v 45.0 -30.5 42.0
v 45.0 -30.1 43.0
v 44.8 -30.0 43.0
v 45.0 -30.0 43.1
v 45.0 -30.0 45.5
v 44.8 -30.0 57.8
v 44.4 -29.0 39.0
v 44.5 -29.0 43.0
v 45.0 -29.0 43.2
v 44.4 -29.0 45.0
v 45.0 -29.0 45.5
v 45.0 -29.6 58.0
v 44.0 -27.9 40.0
v 45.0 -28.7 40.0
v 44.6 -28.0 41.0
v 45.0 -28.4 41.0
v 45.0 -28.0 41.4
v 45.0 -28.0 43.3
v 44.8 -28.0 45.2
v 45.0 -28.0 58.3
v 45.0 -29.0 59.0
v 45.0 -27.0 41.8
v 45.0 -27.3 44.0
v 45.0 -27.6 45.0
v 45.3 -27.0 57.0
v 45.0 -27.3 57.0
v 45.0 -27.6 58.0
v 44.2 -26.0 42.0
v 44.1 -26.0 43.0
v 45.0 -26.7 43.0
v 44.6 -26.0 44.0
v 45.0 -26.6 44.0
v 44.1 -26.0 52.0
v 45.0 -26.1 55.6
v 44.3 -25.0 43.0
v 44.6 -25.0 44.0
v 45.0 -25.0 45.0
v 44.5 -25.0 52.0
v 44.6 -25.0 53.0
v 45.3 -25.0 54.0
v 45.0 -25.3 54.0
v 44.9 -25.8 55.0
v 44.3 -24.0 43.0
v 45.0 -24.0 43.7
v 45.0 -24.4 44.0
v 44.4 -24.0 51.0
v 44.7 -24.0 52.0
v 45.0 -23.0 43.7
v 44.3 -23.1 50.1
v 44.7 -23.0 51.0
v 45.3 -22.0 51.0
v 44.1 -22.0 43.0
v 45.0 -22.2 44.0
v 45.0 -22.0 44.1
v 44.3 -22.0 49.0
v 44.7 -22.0 50.0
v 45.0 -21.9 44.0
v 45.0 -21.0 43.6
v 44.6 -21.0 49.0
v 45.3 -21.0 50.0
v 45.0 -20.0 43.5
v 44.4 -20.0 48.0
v 44.6 -20.1 49.0
v 45.0 -19.0 43.5
v 44.4 -18.9 48.0
v 44.6 -19.0 49.0
v 45.3 -19.0 50.0
v 45.0 -18.0 43.5
v 44.4 -18.0 48.0
v 44.7 -18.0 50.0
v 45.0 -17.0 43.7
v 44.4 -17.0 48.0
v 44.5 -17.0 49.0
v 44.6 -17.0 50.0
v 44.8 -16.8 44.0
v 45.0 -16.0 44.4
v 44.4 -16.0 47.0
v 44.6 -16.0 48.0
v 44.6 -16.0 49.0
v 44.6 -16.0 50.0
v 45.0 -15.6 45.0
v 45.0 -15.4 46.0
v 45.0 -15.5 47.0
v 45.0 -15.5 48.0
v 45.0 -15.4 49.0
v 44.9 -15.0 50.0
v 45.0 -14.9 50.0
v 45.3 -37.0 55.0
v 45.5 -37.0 56.0
v 46.0 -37.2 57.0
v 46.0 -37.5 58.0
v 46.0 -37.9 59.0
v 46.0 -37.3 60.0
v 45.3 -37.0 61.0
v 46.0 -37.0 60.3
v 45.2 -37.0 62.0
v 45.7 -36.0 55.0
v 46.0 -36.0 54.1
v 45.8 -36.0 56.0
v 45.5 -36.0 61.0
v 46.0 -36.0 60.6
v 45.2 -36.0 62.0
v 46.0 -35.1 48.0
v 46.0 -35.0 53.3
v 46.0 -35.7 55.0
v 46.0 -35.7 56.0
v 46.0 -35.0 60.3
v 46.0 -34.0 45.8
v 46.0 -34.2 46.0
v 46.0 -34.7 47.0
v 46.0 -34.7 49.0
v 46.0 -34.6 50.0
v 46.0 -34.5 51.0
v 46.0 -34.5 52.0
v 46.0 -34.7 53.0
v 46.0 -34.6 60.0
v 46.0 -34.0 59.4
v 46.0 -33.6 46.0
v 45.6 -33.0 46.0
v 46.0 -33.0 46.3
v 46.0 -33.4 58.0
v 46.0 -33.0 57.5
v 46.0 -33.6 59.0
v 46.0 -32.0 39.8
v 46.0 -32.2 40.0
v 46.0 -32.2 41.0
v 45.7 -32.0 41.0
v 46.0 -32.0 41.8
v 46.0 -32.0 46.4
v 45.7 -32.0 57.0
v 46.0 -32.4 57.0
v 46.0 -32.0 56.7
v 46.0 -31.0 39.8
v 46.0 -31.0 41.3
v 46.0 -31.0 45.9
v 45.5 -31.0 57.0
v 46.0 -31.0 56.6
v 45.5 -30.0 40.0
v 45.6 -30.0 41.0
v 45.4 -30.0 42.0
v 45.4 -30.0 43.0
v 46.0 -30.0 46.3
v 45.5 -30.0 57.0
v 46.0 -30.0 56.5
v 45.2 -29.0 40.0
v 45.4 -29.0 41.0
v 45.5 -29.0 42.0
v 45.3 -29.0 43.0
v 45.5 -29.0 46.0
v 46.0 -29.0 46.4
v 45.7 -29.0 57.0
v 46.0 -29.0 56.7
v 45.4 -29.0 58.0
v 45.4 -28.0 42.0
v 45.3 -28.0 43.0
v 46.0 -28.6 57.0
v 46.2 -28.0 58.0
v 46.0 -28.0 58.3
v 45.2 -27.0 42.0
v 45.3 -27.0 43.0
v 45.2 -27.0 44.0
v 45.5 -27.0 45.0
v 46.0 -27.0 45.6
v 46.0 -28.0 46.3
v 45.6 -27.0 58.0
v 46.0 -27.0 58.7
v 45.4 -26.0 45.0
v 46.0 -26.0 45.4
v 45.3 -26.0 56.0
v 45.6 -26.0 57.0
v 45.8 -26.0 58.0
v 46.0 -26.0 58.2
v 46.0 -25.0 45.4
v 45.4 -25.0 55.0
v 45.7 -25.0 56.0
v 46.0 -25.4 57.0
v 46.0 -25.8 58.0
v 45.3 -24.0 44.0
v 46.0 -24.4 45.0
v 45.3 -24.0 53.0
v 45.7 -23.9 54.9
v 46.0 -24.6 56.1
v 45.4 -23.0 44.0
v 46.0 -23.0 54.4
v 46.0 -23.8 55.2
v 46.0 -22.0 44.4
v 45.7 -22.0 53.0
v 46.0 -22.5 54.0
v 46.0 -21.0 43.7
v 45.5 -21.0 51.0
v 45.6 -21.0 52.0
v 46.0 -21.0 52.6
v 46.0 -20.0 43.5
v 45.4 -20.0 50.0
v 45.5 -20.0 51.0
v 45.6 -20.0 52.0
v 46.0 -20.0 52.5
v 46.0 -19.0 43.5
v 45.5 -19.0 51.0
v 45.7 -19.0 52.0
v 46.0 -18.0 43.5
v 45.5 -18.0 51.0
v 46.0 -17.0 43.5
v 45.4 -17.0 51.0
v 46.1 -18.0 52.0
v 45.7 -17.0 52.0
v 46.0 -17.0 52.3
v 46.0 -16.0 43.8
v 45.4 -16.0 51.0
v 45.6 -16.0 52.0
v 46.0 -16.0 52.4
v 46.0 -15.8 44.0
v 46.0 -15.4 45.0
v 45.5 -15.0 47.0
v 45.5 -15.0 48.0
v 45.4 -15.0 49.0
v 45.4 -15.0 51.0
v 45.7 -15.0 52.0
v 46.0 -15.0 52.3
v 46.0 -14.9 46.0
v 46.0 -14.6 47.0
v 46.0 -14.6 48.0
v 46.0 -14.4 49.0
v 45.7 -14.0 50.0
v 46.0 -13.7 50.0
v 45.6 -14.0 51.0
v 45.8 -14.0 52.0
v 46.0 -14.0 52.2
v 46.0 -13.7 51.0
v 46.0 -13.8 52.0
v 46.2 -37.0 57.0
v 46.4 -37.0 58.0
v 46.5 -37.0 59.0
v 46.3 -37.0 60.0
v 46.0 -36.0 54.0
v 46.5 -36.0 57.0
v 46.6 -36.0 58.0
v 47.2 -36.0 59.0
v 47.2 -36.0 60.0
v 47.0 -36.0 60.2
v 46.9 -35.0 47.0
v 47.0 -35.1 47.0
v 47.0 -35.4 48.0
v 47.0 -35.2 49.0
v 47.0 -35.0 49.3
v 46.7 -35.0 54.0
v 47.0 -35.1 55.0
v 47.0 -35.0 54.7
v 46.7 -35.0 56.0
v 47.0 -35.0 57.0
v 46.8 -35.0 58.0
v 47.0 -35.0 58.3
v 47.0 -34.0 46.1
v 47.0 -34.7 50.0
v 47.0 -34.5 51.0
v 47.0 -34.5 52.0
v 47.0 -34.6 53.0
v 47.0 -34.7 54.0
v 47.1 -35.0 55.0
v 46.9 -34.0 57.0
v 47.0 -34.0 57.4
v 47.1 -34.0 58.0
v 47.0 -35.0 60.2
v 46.6 -33.0 47.0
v 47.0 -33.5 47.0
v 47.0 -33.3 57.0
v 47.0 -33.8 58.0
v 47.0 -33.8 59.0
v 46.2 -32.0 40.0
v 46.2 -32.0 41.0
v 46.4 -32.0 47.0
v 46.6 -32.0 48.0
v 47.0 -32.0 49.0
v 47.0 -33.0 57.0
v 47.0 -32.0 56.5
v 46.2 -31.0 40.0
v 46.2 -31.0 41.0
v 46.2 -31.0 46.0
v 46.6 -31.0 47.0
v 46.8 -31.0 48.0
v 47.0 -31.0 48.4
v 47.0 -31.0 56.4
v 47.0 -30.3 47.0
v 47.0 -30.7 48.0
v 47.0 -30.0 55.8
v 46.6 -29.0 56.0
v 47.0 -29.0 55.6
v 47.0 -28.0 47.1
v 46.6 -28.0 56.0
v 47.0 -28.0 55.5
v 46.4 -28.0 57.0
v 47.0 -27.0 46.4
v 46.7 -27.0 56.0
v 47.0 -27.0 55.7
v 46.5 -27.0 57.0
v 46.4 -27.0 58.0
v 47.0 -26.0 45.7
v 47.0 -26.6 56.0
v 47.0 -26.5 57.0
v 47.2 -26.0 58.0
v 47.0 -26.0 58.2
v 46.4 -25.0 57.0
v 47.0 -25.0 58.0
v 47.0 -25.0 58.0
v 46.3 -24.0 44.9
v 47.0 -24.0 45.4
v 46.5 -24.0 56.0
v 47.0 -24.0 57.0
v 47.0 -25.0 58.0
v 46.0 -23.0 44.5
v 47.0 -23.0 55.4
v 47.0 -23.6 56.0
v 47.0 -24.0 57.0
v 47.0 -22.0 44.6
v 47.0 -23.0 45.3
v 46.4 -22.0 54.0
v 47.0 -22.0 54.5
v 47.0 -22.7 55.0
v 47.0 -21.0 44.3
v 46.3 -21.0 53.0
v 46.7 -21.0 54.0
v 47.0 -20.0 43.6
v 46.5 -20.0 53.0
v 47.0 -20.0 53.6
v 47.0 -21.0 54.2
v 47.0 -19.0 43.4
v 46.5 -19.0 53.0
v 47.0 -19.0 53.4
v 47.0 -18.0 43.4
v 46.6 -18.0 53.0
v 47.0 -18.0 53.3
v 47.0 -17.0 43.5
v 46.9 -17.0 53.0
v 47.0 -16.0 43.6
v 47.0 -17.0 53.1
v 47.0 -16.0 52.6
v 47.0 -15.6 44.0
v 47.0 -15.4 45.0
v 46.0 -14.9 46.0
v 47.0 -15.0 46.2
v 47.0 -15.0 52.5
v 47.0 -14.6 47.0
v 47.0 -14.3 48.0
v 47.0 -14.0 52.2
v 47.0 -13.7 49.0
v 47.0 -13.4 50.0
v 47.0 -13.5 51.0
v 47.0 -13.8 52.0
v 47.2 -36.0 59.0
v 47.1 -35.0 47.0
v 47.4 -35.0 48.0
v 47.3 -35.0 49.0
v 47.9 -35.0 53.0
v 48.0 -35.0 52.9
v 48.0 -35.1 53.0
v 48.0 -35.0 53.1
v 47.4 -35.0 59.0
v 47.2 -35.0 60.0
v 47.3 -34.0 47.0
v 47.5 -34.0 48.0
v 47.6 -34.0 49.0
v 48.0 -34.8 50.0
v 48.0 -34.4 51.0
v 48.0 -34.5 52.0
v 48.0 -34.6 54.0
v 47.7 -34.0 55.0
v 48.0 -34.0 54.7
v 47.3 -34.0 56.0
v 47.2 -34.0 59.0
v 47.3 -33.0 48.0
v 47.5 -33.0 49.0
v 48.0 -33.0 49.5
v 48.0 -33.8 55.0
v 48.0 -33.3 56.0
v 48.0 -33.0 56.4
v 48.0 -32.0 49.5
v 48.0 -32.0 56.6
v 48.0 -30.9 49.1
v 48.0 -31.0 56.5
v 47.0 -30.0 46.8
v 48.0 -30.3 48.0
v 48.0 -30.4 56.0
v 48.0 -30.0 55.7
v 47.0 -29.0 46.7
v 48.0 -29.0 47.5
v 48.0 -29.0 55.3
v 48.0 -28.0 47.4
v 48.0 -28.0 54.7
v 48.0 -27.0 46.6
v 48.0 -27.5 47.0
v 47.5 -27.0 55.0
v 48.0 -27.0 54.4
v 48.0 -26.0 46.3
v 47.5 -26.0 55.0
v 47.4 -26.0 56.0
v 47.3 -26.0 57.0
v 48.0 -25.0 45.6
v 48.0 -25.6 46.0
v 47.9 -26.0 54.0
v 48.0 -25.0 54.6
v 47.7 -25.0 55.0
v 47.6 -25.0 56.0
v 47.4 -25.0 57.0
v 48.0 -24.0 45.6
v 48.0 -24.6 55.0
v 48.1 -24.0 56.0
v 48.0 -24.0 56.1
v 47.0 -24.0 57.0
v 48.0 -23.0 45.5
v 48.0 -23.9 56.0
v 48.0 -23.0 55.3
v 48.0 -22.0 44.7
v 48.0 -22.7 55.0
v 48.0 -22.0 54.6
v 48.0 -21.0 44.3
v 48.0 -21.0 54.5
v 48.0 -20.0 43.5
v 48.0 -20.6 44.0
v 48.0 -20.0 54.3
v 48.0 -19.0 42.8
v 48.0 -19.7 54.0
v 48.0 -19.0 53.6
v 48.0 -18.0 42.8
v 48.0 -18.0 53.4
v 48.0 -18.0 42.8
v 48.0 -17.0 43.4
v 48.0 -17.0 52.7
v 48.0 -16.0 43.6
v 48.0 -16.0 52.5
v 48.0 -15.6 44.0
v 47.6 -15.0 45.0
v 48.0 -15.0 44.7
v 47.0 -15.1 46.0
v 48.0 -15.0 52.3
v 48.0 -14.8 45.0
v 48.0 -14.6 46.0
v 48.0 -14.4 47.0
v 47.4 -14.0 52.0
v 48.1 -14.0 51.3
v 48.0 -13.9 48.0
v 48.0 -13.5 49.0
v 48.0 -13.1 50.0
v 48.0 -13.6 51.0
v 48.8 -35.0 53.0
v 49.0 -35.0 54.0
v 49.0 -35.0 53.6
v 48.3 -34.0 50.0
v 48.4 -34.0 51.0
v 48.4 -34.0 52.0
v 48.8 -34.0 53.0
v 49.0 -34.0 53.2
v 49.0 -34.0 54.6
v 48.4 -33.0 50.0
v 48.6 -33.0 51.0
v 48.8 -33.0 52.0
v 49.0 -33.0 52.4
v 49.0 -33.7 55.0
v 49.0 -33.5 56.0
v 49.0 -33.1 57.0
v 49.0 -33.0 57.2
v 48.7 -32.0 50.0
v 49.0 -31.7 50.0
v 49.0 -32.6 51.0
v 49.0 -32.8 52.0
v 49.0 -32.0 56.9
v 48.5 -31.0 49.0
v 49.0 -31.1 49.0
v 49.0 -31.0 57.0
v 48.3 -30.0 47.9
v 49.0 -30.0 48.5
v 48.7 -30.0 56.0
v 49.0 -29.0 48.3
v 49.0 -29.1 54.9
v 49.0 -29.9 56.1
v 49.0 -28.0 47.6
v 49.0 -28.0 54.4
v 49.0 -27.0 46.6
v 49.0 -27.4 47.0
v 49.0 -27.0 53.0
v 48.4 -27.0 54.0
v 49.0 -27.5 54.0
v 49.0 -26.0 46.5
v 48.7 -26.0 53.0
v 49.0 -26.0 52.7
v 49.0 -25.0 45.9
v 49.0 -25.6 53.0
v 48.4 -25.0 54.0
v 49.3 -25.0 53.0
v 49.0 -24.0 46.3
v 48.6 -24.0 54.0
v 49.0 -24.0 53.5
v 48.4 -24.0 55.0
v 49.0 -23.0 46.3
v 48.7 -23.0 54.0
v 48.3 -23.0 55.0
v 48.4 -22.0 45.0
v 49.0 -22.0 45.5
v 49.6 -22.1 46.1
v 49.0 -22.0 54.3
v 49.0 -21.0 44.0
v 49.0 -21.6 45.0
v 49.0 -21.0 54.4
v 49.0 -20.0 43.4
v 49.0 -20.0 54.2
v 49.0 -19.0 42.6
v 49.0 -19.7 54.0
v 49.0 -19.0 53.6
v 49.0 -18.0 42.6
v 49.0 -18.0 53.4
v 49.0 -17.5 43.0
v 49.0 -17.0 43.4
v 49.0 -17.0 52.6
v 49.0 -16.0 43.7
v 49.0 -16.0 52.4
v 49.0 -15.6 44.0
v 49.0 -15.0 44.6
v 48.5 -15.0 52.0
v 49.0 -15.4 52.0
v 49.0 -14.6 45.0
v 49.0 -14.5 46.0
v 49.0 -14.4 47.0
v 49.0 -14.3 48.0
v 49.0 -14.2 50.7
v 49.0 -13.7 49.0
v 49.0 -13.7 50.0
v 50.0 -34.3 54.0
v 50.0 -34.3 55.0
v 49.6 -33.0 53.0
v 50.0 -33.0 53.3
v 50.0 -33.7 56.0
v 50.0 -33.5 57.0
v 50.0 -33.3 58.0
v 49.7 -33.0 58.0
v 50.0 -34.0 59.0
v 49.9 -33.0 59.0
v 50.0 -33.0 59.1
v 50.0 -32.3 51.0
v 50.0 -32.7 53.0
v 50.0 -32.0 57.6
v 50.0 -32.6 58.0
v 50.0 -32.9 59.0
v 49.0 -31.0 48.9
v 50.0 -31.4 50.0
v 50.0 -31.0 56.6
v 49.3 -30.0 56.0
v 50.0 -30.5 56.0
v 50.0 -30.0 55.6
v 49.9 -29.0 49.0
v 50.0 -28.0 48.4
v 50.0 -28.8 49.0
v 50.0 -29.0 55.1
v 50.0 -28.0 54.3
v 50.0 -27.0 46.9
v 50.0 -27.7 48.0
v 50.0 -27.7 54.0
v 49.9 -26.0 47.1
v 50.0 -26.9 53.1
v 50.0 -26.0 52.4
v 50.0 -25.0 46.7
v 50.0 -24.0 46.6
v 50.0 -25.0 51.9
v 50.0 -24.0 52.5
v 49.5 -24.0 53.0
v 49.6 -23.0 53.0
v 50.0 -23.0 52.6
v 50.0 -22.0 46.4
v 49.8 -22.0 53.0
v 49.3 -22.0 54.0
v 49.7 -21.0 45.0
v 50.0 -20.8 45.0
v 50.0 -21.6 46.0
v 50.0 -22.0 52.8
v 50.0 -21.0 53.5
v 49.5 -21.0 54.0
v 50.0 -20.5 44.0
v 49.3 -20.0 54.0
v 50.0 -20.0 53.6
v 50.0 -20.0 43.5
v 50.1 -19.0 53.5
v 50.0 -18.0 42.7
v 50.3 -17.0 52.6
v 50.0 -16.0 44.3
v 50.0 -15.0 44.6
v 49.6 -15.0 51.0
v 50.0 -15.3 51.0
v 50.0 -15.6 52.0
v 50.0 -14.5 45.0
v 50.0 -14.3 46.0
v 50.0 -14.1 47.0
v 50.0 -14.5 48.0
v 49.4 -14.0 49.0
v 50.0 -14.4 49.0
v 49.4 -14.0 50.0
v 50.0 -14.5 50.0
v 50.0 -34.0 53.8
v 51.0 -34.2 55.0
v 51.0 -34.1 56.0
v 51.0 -34.0 56.1
v 51.0 -34.0 58.8
v 51.0 -34.2 59.0
v 51.0 -34.2 60.0
v 50.8 -34.0 60.0
v 51.0 -34.2 61.0
v 50.9 -34.0 61.0
v 51.0 -34.0 61.1
v 51.0 -33.0 54.3
v 51.0 -33.6 57.0
v 51.0 -33.5 58.0
v 51.0 -33.7 60.0
v 51.0 -33.0 59.4
v 51.0 -33.8 61.0
v 50.0 -32.1 50.7
v 51.0 -32.3 52.0
v 51.0 -32.5 53.0
v 51.0 -32.7 54.0
v 51.0 -32.0 58.4
v 51.0 -32.7 59.0
v 50.0 -31.0 49.5
v 51.0 -31.0 50.6
v 51.0 -31.0 57.2
v 51.0 -31.6 58.0
v 50.0 -30.0 48.9
v 51.0 -30.0 54.0
v 50.5 -30.0 55.0
v 51.0 -30.4 55.0
v 51.0 -30.9 56.0
v 51.0 -30.9 57.0
v 51.0 -29.0 50.2
v 51.0 -29.9 54.0
v 50.1 -29.0 55.0
v 51.0 -28.0 48.7
v 51.0 -28.3 49.0
v 51.0 -28.8 50.0
v 50.7 -28.0 53.0
v 51.0 -28.3 53.0
v 51.0 -28.0 52.7
v 50.3 -28.0 54.0
v 51.0 -27.2 48.0
v 50.2 -27.0 53.0
v 51.3 -27.0 52.2
v 51.0 -26.0 48.1
v 50.8 -26.0 51.9
v 51.0 -26.0 51.7
v 51.0 -25.0 47.7
v 51.0 -25.0 51.6
v 50.5 -24.0 47.0
v 51.0 -24.0 47.5
v 51.0 -24.5 52.0
v 51.0 -24.0 52.4
v 50.0 -23.0 46.6
v 51.0 -23.0 47.4
v 51.0 -23.0 52.5
v 51.0 -22.0 47.2
v 51.0 -21.0 45.4
v 51.0 -21.4 46.0
v 51.0 -21.8 47.0
v 51.0 -22.0 52.7
v 51.0 -21.0 53.4
v 51.0 -20.0 43.7
v 51.0 -20.3 44.0
v 51.0 -20.7 45.0
v 51.0 -20.0 53.5
v 50.0 -19.0 42.7
v 51.0 -19.0 43.3
v 51.0 -18.0 42.9
v 51.0 -17.0 43.5
v 50.9 -18.0 53.4
v 50.0 -17.0 43.5
v 51.0 -16.0 44.4
v 50.0 -16.0 52.4
v 51.0 -15.0 44.5
v 51.0 -15.1 48.0
v 51.0 -15.4 51.0
v 51.0 -15.7 52.0
v 51.0 -14.0 44.7
v 50.5 -14.0 46.0
v 51.0 -14.4 47.0
v 51.0 -14.7 49.0
v 51.0 -14.8 50.0
v 51.0 -13.8 45.0
v 51.0 -13.7 46.0
v 51.2 -34.0 55.0
v 51.1 -34.0 56.0
v 51.2 -34.0 59.0
v 51.5 -34.0 60.0
v 51.1 -34.0 61.0
v 51.6 -33.0 55.0
v 52.0 -33.0 55.5
v 52.0 -33.4 56.0
v 52.0 -33.5 57.0
v 52.0 -33.3 58.0
v 51.3 -33.0 59.0
v 52.0 -33.0 58.3
v 51.1 -32.0 51.7
v 52.0 -32.0 52.6
v 52.0 -32.2 53.0
v 52.0 -32.4 54.0
v 52.0 -32.6 55.0
v 51.4 -31.0 51.0
v 52.0 -31.0 51.7
v 52.0 -31.4 52.0
v 52.0 -32.0 58.3
v 52.0 -31.0 57.4
v 51.1 -30.0 50.0
v 51.6 -30.0 51.0
v 52.0 -30.0 51.6
v 52.0 -30.4 54.0
v 52.0 -30.0 53.6
v 52.0 -30.7 55.0
v 52.0 -30.7 56.0
v 52.0 -30.7 57.0
v 51.5 -29.0 51.0
v 51.7 -29.0 52.0
v 51.5 -29.0 53.0
v 52.0 -29.5 53.0
v 51.1 -29.0 54.0
v 51.6 -28.0 50.0
v 52.0 -28.3 51.0
v 52.1 -28.0 52.0
v 51.1 -27.0 48.0
v 52.0 -27.0 48.7
v 52.0 -27.3 49.0
v 52.0 -27.6 50.0
v 52.0 -27.0 51.5
v 52.0 -26.0 48.7
v 52.0 -26.0 51.4
v 51.3 -25.0 48.0
v 52.0 -25.5 49.0
v 51.7 -25.0 49.0
v 52.0 -25.0 51.6
v 51.5 -24.0 48.0
v 51.8 -24.0 49.0
v 52.0 -24.0 52.4
v 52.0 -23.0 47.6
v 52.0 -23.5 48.0
v 52.0 -23.8 49.0
v 52.0 -22.0 47.3
v 52.0 -23.0 52.7
v 52.0 -22.0 53.3
v 51.5 -21.0 45.0
v 52.0 -21.0 44.6
v 52.0 -21.4 45.0
v 52.0 -21.6 46.0
v 52.0 -21.8 47.0
v 52.0 -21.0 53.5
v 52.0 -20.0 44.1
v 52.0 -20.0 53.5
v 52.0 -19.0 43.6
v 52.0 -19.0 53.5
v 52.0 -18.0 43.4
v 52.0 -18.0 53.3
v 52.0 -17.0 43.7
v 52.0 -17.0 52.6
v 52.0 -16.6 44.0
v 52.0 -16.0 44.4
v 52.0 -16.0 52.3
v 52.0 -15.0 44.3
v 52.0 -15.4 48.0
v 52.0 -15.0 47.6
v 51.4 -15.0 49.0
v 52.0 -15.4 49.0
v 51.3 -15.0 50.0
v 52.0 -15.5 51.0
v 52.0 -15.7 52.0
v 51.8 -14.0 44.0
v 51.9 -14.0 43.9
v 52.0 -14.5 47.0
v 52.0 -14.0 46.5
v 52.0 -13.8 44.0
v 52.0 -13.4 45.0
v 52.0 -13.5 46.0
v 52.4 -33.0 56.0
v 53.0 -33.0 57.0
v 52.3 -33.0 58.0
v 52.2 -32.0 53.0
v 52.4 -32.0 54.0
v 52.4 -32.0 55.0
v 52.6 -32.0 56.0
v 52.3 -32.0 58.0
v 53.0 -32.0 57.3
v 52.3 -31.0 52.0
v 52.6 -31.0 53.0
v 52.5 -31.0 54.0
v 52.3 -31.0 55.0
v 52.3 -31.0 56.0
v 53.0 -31.0 57.0
v 52.3 -30.0 52.0
v 52.9 -30.0 53.0
v 52.2 -28.0 51.0
v 52.2 -27.0 49.0
v 52.4 -27.0 50.0
v 52.4 -27.0 51.0
v 52.3 -26.0 49.0
v 52.5 -26.0 50.0
v 52.4 -26.0 51.0
v 52.5 -25.0 50.0
v 52.9 -25.0 51.0
v 52.6 -24.0 50.0
v 52.9 -24.0 51.0
v 53.0 -24.4 52.0
v 53.0 -23.9 51.0
v 53.0 -24.0 52.5
v 53.0 -23.2 48.0
v 53.0 -23.5 49.0
v 53.0 -23.6 50.0
v 53.0 -23.5 53.0
v 53.0 -23.0 53.4
v 52.7 -22.0 45.0
v 53.0 -22.2 45.0
v 53.0 -22.4 46.0
v 52.5 -22.0 46.0
v 53.0 -22.4 47.0
v 53.0 -22.0 53.5
v 53.0 -21.0 43.8
v 53.0 -21.3 44.0
v 53.0 -21.0 53.5
v 52.2 -20.0 44.0
v 53.0 -20.0 43.6
v 53.0 -20.0 53.4
v 53.0 -19.0 43.5
v 53.0 -19.0 53.3
v 53.0 -18.0 43.7
v 53.0 -18.0 52.7
v 53.0 -17.0 44.3
v 53.0 -17.0 52.4
v 53.0 -16.0 44.2
v 53.0 -16.0 52.2
v 52.8 -15.0 43.0
v 53.0 -15.0 42.8
v 53.0 -15.2 43.0
v 53.0 -15.7 44.0
v 52.3 -15.0 44.0
v 53.0 -15.4 48.0
v 53.0 -15.0 47.5
v 52.0 -15.4 50.0
v 53.0 -15.6 51.0
v 53.0 -15.8 52.0
v 52.6 -14.0 43.0
v 53.0 -14.0 42.5
v 53.0 -14.5 47.0
v 53.0 -14.0 46.6
v 52.7 -13.0 43.0
v 52.4 -13.0 44.0
v 52.5 -13.0 45.0
v 53.0 -13.0 46.2
v 53.0 -12.7 43.0
v 53.0 -12.0 44.0
v 53.0 -12.5 45.0
v 53.0 -12.8 46.0
v 53.2 -32.0 57.0
v 54.0 -24.0 51.6
v 54.0 -24.3 52.0
v 54.0 -24.1 53.0
v 53.0 -23.0 47.8
v 54.0 -23.3 49.0
v 54.0 -23.4 50.0
v 54.0 -23.5 51.0
v 54.0 -23.0 53.8
v 54.0 -22.0 44.7
v 54.0 -22.2 45.0
v 54.0 -22.4 46.0
v 54.0 -22.5 47.0
v 54.0 -22.6 48.0
v 54.0 -22.0 53.6
v 54.0 -21.0 43.8
v 54.0 -21.0 53.4
v 54.0 -20.0 43.6
v 53.6 -20.0 53.0
v 54.0 -20.4 53.0
v 54.0 -19.0 43.6
v 54.0 -19.0 52.5
v 54.0 -18.1 44.0
v 54.0 -18.0 52.3
v 54.0 -17.0 44.2
v 53.6 -17.0 52.0
v 53.4 -16.0 44.0
v 54.0 -16.0 43.4
v 54.0 -16.7 44.0
v 53.6 -16.0 51.0
v 54.2 -16.8 51.2
v 54.0 -16.0 50.6
v 53.2 -16.0 52.0
v 54.0 -15.0 42.3
v 54.0 -15.7 43.0
v 54.0 -15.3 48.0
v 54.0 -15.0 47.7
v 54.0 -15.5 49.0
v 54.0 -15.6 50.0
v 53.9 -14.0 40.0
v 54.0 -14.0 39.9
v 54.0 -14.1 40.0
v 54.0 -14.4 41.0
v 53.6 -14.0 41.0
v 54.0 -14.7 42.0
v 53.5 -14.0 42.0
v 54.0 -14.3 47.0
v 54.0 -14.0 46.7
v 54.0 -13.0 40.0
v 53.7 -13.0 41.0
v 53.6 -13.0 42.0
v 54.0 -13.0 46.4
v 54.0 -12.7 41.0
v 54.0 -12.6 42.0
v 54.0 -12.4 43.0
v 54.0 -12.0 44.0
v 54.0 -12.4 45.0
v 54.0 -12.0 44.1
v 54.0 -12.6 46.0
v 54.7 -24.0 52.0
v 54.1 -24.0 53.0
v 55.0 -22.5 49.0
v 54.6 -23.0 51.0
v 54.7 -23.0 52.0
v 54.6 -23.0 53.0
v 54.6 -22.0 46.0
v 55.0 -22.3 47.0
v 55.0 -22.6 50.0
v 55.0 -22.6 51.0
v 55.0 -22.7 52.0
v 55.0 -22.6 53.0
v 55.0 -22.0 53.8
v 54.3 -21.0 44.0
v 55.0 -21.0 44.6
v 55.0 -21.4 45.0
v 55.0 -21.7 46.0
v 55.0 -21.0 53.3
v 54.6 -20.0 44.0
v 55.0 -20.0 44.3
v 55.0 -20.0 51.8
v 55.0 -20.2 52.0
v 55.0 -20.7 53.0
v 55.0 -19.0 43.5
v 55.0 -19.6 44.0
v 55.0 -19.0 51.5
v 54.8 -18.0 43.0
v 55.0 -18.0 42.8
v 55.0 -18.3 43.0
v 54.0 -18.0 44.1
v 54.3 -18.0 52.0
v 55.0 -18.0 51.5
v 54.6 -17.0 43.0
v 55.0 -17.0 42.4
v 54.2 -17.0 44.0
v 54.6 -17.0 51.0
v 55.0 -17.0 50.7
v 54.7 -16.0 42.0
v 55.0 -16.0 41.7
v 55.0 -16.4 42.0
v 54.3 -16.0 43.0
v 55.0 -16.0 50.2
v 54.6 -15.0 41.0
v 55.0 -15.0 40.5
v 55.0 -15.4 41.0
v 54.3 -15.0 42.0
v 55.0 -15.0 48.2
v 55.0 -15.5 49.0
v 55.0 -14.0 39.7
v 55.0 -14.4 40.0
v 55.0 -13.9 47.0
v 55.0 -13.6 40.0
v 55.0 -13.0 40.4
v 55.0 -13.1 44.0
v 54.9 -13.0 44.0
v 55.0 -13.0 46.2
v 55.0 -12.6 41.0
v 55.0 -12.5 42.0
v 55.0 -12.7 43.0
v 55.0 -12.7 45.0
v 55.0 -12.8 46.0
v 55.6 -21.9 48.0
v 55.7 -21.9 49.0
v 56.0 -22.3 50.0
v 56.0 -22.5 51.0
v 56.0 -22.5 52.0
v 56.0 -22.1 53.0
v 55.4 -21.0 45.0
v 56.0 -21.0 45.6
v 56.0 -21.3 46.0
v 56.0 -21.5 47.0
v 56.0 -22.0 53.1
v 56.0 -21.0 52.6
v 56.0 -20.0 44.7
v 56.0 -20.4 45.0
v 56.0 -20.5 52.0
v 56.0 -20.0 51.4
v 56.0 -19.0 43.6
v 55.9 -19.0 50.9
v 56.0 -18.0 42.4
v 56.0 -18.5 43.0
v 56.0 -17.4 42.0
v 56.0 -17.0 41.7
v 56.0 -17.0 50.3
v 56.0 -16.0 41.4
v 55.7 -16.1 49.0
v 56.0 -16.0 48.7
v 55.0 -15.8 50.0
v 55.6 -15.0 40.0
v 56.0 -15.0 39.8
v 56.0 -15.2 40.0
v 56.0 -15.6 41.0
v 55.3 -15.0 48.0
v 56.0 -15.2 47.8
v 56.0 -14.0 39.6
v 55.8 -14.0 46.0
v 56.0 -14.2 46.0
v 55.2 -14.0 47.0
v 56.0 -14.5 47.0
v 56.0 -13.6 40.0
v 56.0 -13.0 40.5
v 56.0 -13.3 43.0
v 56.0 -13.0 42.6
v 56.0 -13.5 44.0
v 55.4 -13.0 45.0
v 56.0 -13.5 45.0
v 55.2 -13.0 46.0
v 56.0 -12.6 41.0
v 56.0 -12.6 42.0
v 56.0 -22.0 49.6
v 57.0 -22.0 50.6
v 57.0 -22.3 51.0
v 57.0 -22.2 52.0
v 57.0 -22.0 52.2
v 56.3 -21.0 46.0
v 56.5 -21.0 47.0
v 56.5 -21.0 48.0
v 56.7 -20.9 49.0
v 57.0 -21.0 52.2
v 56.3 -20.0 45.0
v 56.6 -20.0 46.0
v 57.2 -20.0 47.0
v 57.0 -20.5 48.0
v 57.0 -20.6 49.0
v 56.5 -20.0 51.0
v 57.0 -20.4 51.0
v 57.0 -20.0 50.5
v 57.0 -20.8 52.0
v 56.4 -19.0 44.0
v 56.6 -19.0 45.0
v 56.7 -19.0 46.0
v 57.0 -19.0 46.3
v 56.6 -19.0 50.0
v 57.0 -19.0 49.6
v 57.0 -18.4 43.0
v 57.0 -18.5 44.0
v 57.2 -18.3 45.2
v 56.6 -18.0 50.0
v 57.3 -18.0 49.0
v 56.0 -18.0 51.0
v 57.0 -17.0 41.6
v 56.6 -17.0 49.0
v 57.0 -17.0 48.6
v 56.2 -16.9 50.0
v 57.0 -16.0 41.4
v 57.0 -15.0 39.7
v 57.0 -15.3 40.0
v 57.0 -15.6 41.0
v 57.0 -16.0 48.2
v 57.0 -15.0 47.3
v 57.0 -14.0 39.6
v 57.0 -14.4 46.0
v 57.0 -14.7 47.0
v 57.0 -13.4 40.0
v 57.0 -13.0 40.4
v 57.0 -13.4 43.0
v 57.0 -13.7 45.0
v 57.0 -12.6 41.0
v 56.8 -12.6 42.0
v 57.4 -22.0 51.0
v 57.2 -22.0 52.0
v 57.4 -21.0 50.0
v 58.0 -21.0 50.9
v 58.0 -21.2 51.0
v 58.0 -21.0 51.2
v 57.3 -21.0 52.0
v 57.2 -20.0 47.0
v 57.4 -20.0 48.0
v 57.4 -20.0 49.0
v 57.3 -20.0 50.0
v 58.0 -20.9 51.0
v 57.4 -19.0 47.0
v 57.5 -19.0 48.0
v 57.4 -19.0 49.0
v 57.0 -18.0 42.0
v 57.4 -18.0 43.0
v 57.5 -18.0 44.0
v 57.5 -18.0 46.0
v 57.5 -18.0 47.0
v 57.5 -18.0 48.0
v 57.6 -16.9 42.0
v 58.0 -17.0 42.5
v 58.0 -17.4 43.0
v 58.0 -17.5 44.0
v 58.0 -17.6 45.0
v 58.0 -17.4 46.0
v 58.0 -17.0 46.5
v 57.7 -17.0 47.0
v 57.4 -17.0 48.0
v 58.0 -16.0 41.6
v 57.3 -16.0 48.0
v 58.0 -15.0 39.8
v 58.0 -15.2 40.0
v 58.0 -15.6 41.0
v 57.4 -15.0 47.0
v 58.1 -16.0 47.0
v 58.0 -15.0 46.4
v 58.0 -14.0 39.4
v 58.0 -14.0 44.6
v 58.0 -14.3 45.0
v 58.0 -14.7 46.0
v 57.4 -13.0 40.0
v 58.0 -13.4 43.0
v 58.0 -13.6 44.0
v 58.0 -12.6 40.0
v 58.0 -12.5 41.0
v 58.0 -12.6 42.0
v 59.0 -21.1 51.0
v 59.0 -21.0 51.4
v 58.8 -16.9 44.0
v 58.4 -17.0 46.0
v 59.1 -17.0 45.0
v 58.5 -16.0 42.0
v 59.0 -16.0 42.5
v 59.0 -16.4 43.0
v 58.6 -16.0 45.9
v 59.0 -15.0 40.4
v 59.0 -15.4 41.0
v 59.0 -15.7 42.0
v 58.3 -15.0 46.0
v 59.0 -14.0 39.4
v 59.0 -14.6 40.0
v 59.0 -14.7 45.0
v 59.0 -13.8 44.0
v 58.0 -13.0 39.0
v 59.0 -13.0 38.8
v 59.0 -13.6 43.0
v 59.0 -12.8 39.0
v 59.0 -12.5 40.0
v 59.0 -12.6 41.0
v 59.0 -12.8 42.0
v 59.0 -21.0 51.0
v 59.4 -16.0 43.0
v 59.8 -16.0 44.0
v 59.4 -16.0 45.0
v 60.0 -15.0 40.8
v 60.0 -15.2 41.0
v 60.0 -15.1 42.0
v 59.6 -15.0 43.0
v 59.5 -15.0 44.0
v 59.2 -15.0 45.0
v 60.0 -14.0 38.8
v 60.0 -14.2 39.0
v 60.0 -14.3 40.0
v 60.0 -14.6 41.0
v 59.7 -14.0 41.0
v 60.0 -14.0 40.5
v 59.6 -14.0 42.0
v 60.0 -15.0 42.0
v 59.4 -14.0 43.0
v 59.2 -14.0 44.0
v 60.0 -13.0 38.8
v 59.4 -13.0 41.0
v 60.2 -13.0 40.0
v 59.2 -13.0 42.0
v 60.0 -12.8 39.0
v 60.0 -12.8 40.0
v 60.4 -15.0 41.0
v 60.1 -15.0 42.0
v 60.4 -14.0 39.0
v 60.3 -14.0 40.0
v 60.2 -13.0 39.0
f 1 4 3
f 1 2 4
f 4 5 3
f 2 7 4
f 2 6 7
f 4 8 5
f 4 7 8
f 5 8 9
f 7 6 44
f 11 7 44
f 11 8 7
f 8 10 9
f 8 11 10
f 9 10 13
f 10 11 12
f 10 12 13
f 16 15 14
f 18 17 14
f 14 17 16
f 18 19 17
f 21 77 20
f 1 21 20
f 1 22 21
f 24 23 1
f 23 22 1
f 23 24 15
f 24 14 15
f 24 25 14
f 18 25 26
f 18 14 25
f 18 26 19
f 19 26 27
f 19 27 28
f 31 77 38
f 31 20 77
f 31 32 20
f 32 2 1
f 32 1 20
f 3 24 1
f 24 3 5
f 24 5 25
f 33 26 5
f 26 25 5
f 33 34 26
f 35 36 34
f 30 29 37
f 30 37 38
f 39 32 31
f 39 6 2
f 39 2 32
f 33 5 9
f 40 33 9
f 34 33 40
f 34 41 35
f 34 40 41
f 36 35 42
f 42 35 41
f 103 43 6
f 39 103 6
f 44 6 43
f 13 40 9
f 45 40 13
f 41 40 45
f 42 41 46
f 41 45 46
f 44 43 109
f 109 47 11
f 44 109 11
f 48 12 11
f 48 11 47
f 49 13 12
f 49 12 48
f 49 45 13
f 50 45 49
f 51 46 50
f 46 45 50
f 48 47 52
f 48 52 49
f 49 52 53
f 49 53 50
f 57 56 55
f 59 58 57
f 57 58 56
f 59 68 58
f 63 62 60
f 60 62 61
f 63 64 62
f 66 65 64
f 65 66 54
f 66 67 54
f 16 122 15
f 122 54 15
f 54 67 15
f 17 55 122
f 16 17 122
f 55 17 19
f 55 19 57
f 57 19 28
f 57 28 59
f 79 68 28
f 68 59 28
f 70 69 79
f 79 69 68
f 72 71 70
f 70 71 69
f 76 75 73
f 73 75 74
f 75 76 61
f 76 60 61
f 60 77 63
f 60 76 77
f 64 77 21
f 63 77 64
f 64 21 22
f 64 22 66
f 66 22 23
f 66 23 67
f 67 23 15
f 78 28 27
f 78 79 28
f 79 80 70
f 70 81 72
f 70 80 81
f 72 82 83
f 72 81 82
f 84 86 85
f 87 29 73
f 73 29 30
f 73 30 76
f 76 30 38
f 76 38 77
f 26 34 27
f 27 34 36
f 27 36 78
f 88 78 36
f 79 78 88
f 79 88 80
f 80 89 81
f 80 88 89
f 81 90 82
f 81 89 90
f 83 82 91
f 91 82 90
f 84 92 86
f 87 93 29
f 93 94 29
f 94 153 95
f 37 94 95
f 29 94 37
f 96 38 37
f 96 37 95
f 97 31 38
f 97 38 96
f 97 39 31
f 42 98 88
f 42 88 36
f 88 98 99
f 100 89 104
f 89 99 104
f 89 88 99
f 89 100 90
f 90 100 101
f 90 101 91
f 153 102 95
f 106 95 102
f 106 96 95
f 159 97 106
f 97 96 106
f 97 159 103
f 39 97 103
f 46 98 42
f 99 98 104
f 98 46 104
f 46 105 104
f 159 107 103
f 107 108 43
f 103 107 43
f 109 43 108
f 165 51 50
f 51 165 111
f 111 112 51
f 112 46 51
f 112 105 46
f 109 108 168
f 109 168 47
f 168 169 47
f 47 113 52
f 169 113 47
f 53 113 110
f 53 52 113
f 53 110 50
f 50 110 165
f 56 115 114
f 58 116 56
f 56 116 115
f 58 117 116
f 54 120 118
f 122 121 54
f 121 120 54
f 121 122 114
f 122 55 114
f 114 55 56
f 68 117 58
f 68 123 117
f 126 125 124
f 124 134 126
f 61 127 192
f 61 128 127
f 128 61 62
f 119 62 64
f 119 128 62
f 65 118 119
f 64 65 119
f 118 65 54
f 68 69 123
f 69 129 123
f 71 129 69
f 131 130 72
f 130 71 72
f 130 129 71
f 132 125 131
f 131 125 130
f 132 124 125
f 132 133 124
f 124 135 134
f 124 133 135
f 135 136 134
f 137 139 138
f 140 139 137
f 73 74 140
f 74 139 140
f 74 192 139
f 74 75 192
f 192 75 61
f 83 131 72
f 141 131 83
f 132 131 141
f 141 84 85
f 133 141 85
f 132 141 133
f 133 85 86
f 133 86 135
f 86 136 135
f 86 142 136
f 143 137 144
f 137 143 145
f 140 145 87
f 137 145 140
f 140 87 73
f 147 146 141
f 83 147 141
f 91 147 83
f 141 146 84
f 146 92 84
f 146 148 92
f 92 149 86
f 148 149 92
f 142 86 149
f 151 150 144
f 150 143 144
f 150 145 143
f 152 93 87
f 145 152 87
f 150 152 145
f 153 94 93
f 153 93 152
f 104 162 100
f 154 100 162
f 101 100 154
f 91 101 147
f 147 101 154
f 151 155 150
f 150 155 152
f 152 155 153
f 153 155 156
f 156 158 157
f 156 157 102
f 153 156 102
f 157 106 102
f 161 160 104
f 161 104 105
f 104 160 162
f 157 158 106
f 158 163 106
f 106 163 159
f 163 164 107
f 159 163 107
f 164 108 107
f 112 161 105
f 112 166 161
f 167 174 108
f 164 167 108
f 168 108 174
f 170 113 169
f 170 110 113
f 171 110 170
f 172 165 177
f 165 171 177
f 165 110 171
f 165 172 111
f 172 173 111
f 112 111 166
f 166 111 173
f 168 174 175
f 168 175 169
f 169 175 170
f 170 175 176
f 170 176 171
f 171 176 177
f 182 181 180
f 114 181 182
f 114 183 181
f 184 114 115
f 184 183 114
f 184 116 178
f 115 116 184
f 117 185 116
f 185 178 116
f 117 186 185
f 188 189 187
f 189 188 179
f 188 119 179
f 119 118 179
f 179 118 120
f 179 120 180
f 180 120 121
f 180 121 182
f 182 121 114
f 123 190 117
f 190 186 117
f 192 127 191
f 193 128 187
f 127 128 193
f 187 128 188
f 188 128 119
f 129 190 123
f 194 190 129
f 195 129 130
f 195 194 129
f 195 125 196
f 195 130 125
f 197 196 125
f 198 197 125
f 126 198 125
f 198 126 134
f 199 198 134
f 204 134 136
f 204 199 134
f 137 138 200
f 138 201 200
f 138 202 201
f 203 138 139
f 203 202 138
f 203 139 191
f 191 139 192
f 136 205 204
f 142 205 136
f 206 200 207
f 206 144 137
f 206 137 200
f 147 208 146
f 209 148 146
f 209 146 208
f 148 209 210
f 149 148 210
f 142 149 205
f 205 149 210
f 206 207 211
f 206 211 144
f 211 265 144
f 151 144 265
f 212 162 266
f 212 154 162
f 147 154 208
f 154 213 208
f 154 212 213
f 208 213 209
f 209 213 214
f 209 214 210
f 265 215 151
f 151 215 155
f 215 216 155
f 155 274 156
f 216 274 155
f 158 156 274
f 161 266 160
f 217 266 161
f 160 266 162
f 274 218 158
f 158 219 163
f 218 219 158
f 163 219 220
f 220 164 163
f 166 217 161
f 166 221 217
f 222 281 167
f 220 222 167
f 164 220 167
f 177 228 172
f 223 172 228
f 173 172 223
f 166 173 221
f 221 173 223
f 281 174 167
f 281 224 174
f 174 225 175
f 224 225 174
f 225 226 175
f 175 226 176
f 176 227 177
f 226 227 176
f 177 227 228
f 230 229 178
f 232 231 178
f 231 230 178
f 234 233 232
f 232 233 231
f 235 179 180
f 235 292 179
f 236 180 181
f 236 235 180
f 237 181 183
f 237 236 181
f 238 183 184
f 238 237 183
f 184 178 229
f 184 229 238
f 185 232 178
f 232 185 186
f 239 232 186
f 234 232 239
f 244 234 239
f 187 241 240
f 242 187 189
f 242 241 187
f 243 242 189
f 189 179 292
f 189 292 243
f 190 239 186
f 244 239 190
f 246 245 191
f 299 191 127
f 299 246 191
f 299 193 240
f 127 193 299
f 240 193 187
f 247 244 190
f 194 247 190
f 248 194 195
f 248 247 194
f 195 196 248
f 248 196 249
f 250 197 198
f 199 251 198
f 198 251 250
f 251 199 252
f 199 204 252
f 252 204 253
f 255 254 201
f 201 254 200
f 256 201 202
f 256 255 201
f 257 202 203
f 257 256 202
f 203 191 245
f 203 245 257
f 196 197 250
f 258 196 250
f 249 196 258
f 258 250 251
f 258 251 259
f 260 259 205
f 251 205 259
f 205 251 204
f 252 204 251
f 204 252 261
f 253 204 261
f 254 207 200
f 262 207 254
f 270 263 210
f 205 210 260
f 260 210 263
f 262 211 207
f 264 211 262
f 324 266 267
f 212 266 324
f 324 268 212
f 212 269 213
f 268 269 212
f 213 270 214
f 269 270 213
f 210 214 270
f 264 271 211
f 211 272 265
f 211 271 272
f 272 215 265
f 272 273 215
f 216 273 275
f 215 273 216
f 274 216 275
f 267 266 280
f 280 266 217
f 274 275 276
f 276 218 274
f 276 277 218
f 218 278 219
f 277 278 218
f 220 219 278
f 220 278 279
f 221 280 217
f 220 279 222
f 222 282 281
f 279 282 222
f 339 281 282
f 283 223 228
f 221 223 283
f 224 281 339
f 284 224 339
f 284 225 224
f 225 285 226
f 284 285 225
f 285 344 226
f 226 286 227
f 344 286 226
f 227 287 228
f 286 287 227
f 283 228 287
f 229 230 289
f 290 230 231
f 290 289 230
f 290 233 288
f 231 233 290
f 295 291 234
f 234 291 233
f 291 288 233
f 295 296 291
f 235 359 292
f 235 293 359
f 235 236 293
f 294 236 237
f 294 293 236
f 294 238 289
f 237 238 294
f 289 238 229
f 244 295 234
f 295 297 296
f 299 300 298
f 240 300 299
f 301 240 241
f 301 300 240
f 302 241 242
f 302 301 241
f 303 242 243
f 303 302 242
f 304 243 292
f 303 243 304
f 304 292 359
f 295 305 297
f 295 244 305
f 306 297 305
f 307 245 298
f 245 246 298
f 298 246 299
f 244 247 248
f 244 248 305
f 309 308 249
f 249 308 248
f 308 306 248
f 306 305 248
f 311 310 255
f 255 310 254
f 312 255 256
f 312 311 255
f 257 245 307
f 312 257 307
f 256 257 312
f 249 313 309
f 258 313 249
f 315 258 259
f 315 313 258
f 260 314 259
f 315 259 314
f 252 253 261
f 316 315 314
f 310 318 317
f 262 310 317
f 254 310 262
f 263 270 319
f 320 263 319
f 321 263 320
f 260 263 314
f 263 322 314
f 263 321 322
f 314 322 316
f 317 318 323
f 323 264 262
f 323 262 317
f 331 268 324
f 325 268 331
f 269 268 325
f 270 325 319
f 270 269 325
f 323 326 264
f 326 271 264
f 326 327 271
f 271 328 272
f 327 328 271
f 273 328 407
f 272 328 273
f 330 329 324
f 267 330 324
f 280 330 267
f 324 329 331
f 407 275 273
f 407 332 275
f 275 333 276
f 332 333 275
f 277 333 334
f 276 333 277
f 335 278 277
f 335 277 334
f 335 279 278
f 340 336 280
f 340 280 221
f 330 280 336
f 335 334 337
f 335 337 279
f 337 338 279
f 282 338 416
f 279 338 282
f 339 282 416
f 221 283 340
f 339 416 341
f 341 284 339
f 341 342 284
f 284 343 285
f 342 343 284
f 343 344 285
f 344 423 286
f 286 345 287
f 423 345 286
f 283 287 345
f 348 347 346
f 347 288 346
f 350 349 291
f 291 349 288
f 349 346 288
f 352 351 350
f 350 351 349
f 289 354 353
f 354 290 347
f 289 290 354
f 347 290 288
f 350 291 296
f 352 350 296
f 352 355 356
f 352 296 355
f 361 360 359
f 293 361 359
f 293 362 361
f 362 294 353
f 293 294 362
f 353 294 289
f 363 296 297
f 355 296 363
f 356 355 364
f 364 355 363
f 365 452 298
f 366 298 300
f 366 365 298
f 367 366 300
f 367 301 357
f 300 301 367
f 357 301 302
f 357 302 358
f 302 442 358
f 303 442 302
f 368 303 304
f 368 442 303
f 368 359 360
f 304 359 368
f 306 308 363
f 306 363 297
f 364 363 369
f 363 370 369
f 363 308 370
f 372 371 370
f 370 371 369
f 372 373 371
f 452 374 307
f 307 298 452
f 377 376 375
f 379 378 375
f 379 375 376
f 380 378 379
f 381 308 309
f 370 308 381
f 370 381 372
f 373 372 382
f 372 383 382
f 372 381 383
f 383 384 382
f 386 385 311
f 311 385 310
f 374 311 312
f 374 386 311
f 312 307 374
f 377 375 387
f 377 387 388
f 389 375 378
f 387 375 389
f 378 380 390
f 389 378 390
f 313 381 309
f 381 313 315
f 381 315 383
f 315 316 383
f 316 384 383
f 316 391 384
f 385 392 318
f 318 310 385
f 393 388 387
f 393 387 389
f 393 389 394
f 394 389 390
f 394 390 395
f 319 396 320
f 402 321 320
f 402 320 396
f 397 321 402
f 322 321 397
f 316 322 391
f 391 322 397
f 323 392 398
f 318 392 323
f 399 325 331
f 400 325 399
f 319 325 396
f 325 401 396
f 325 400 401
f 396 401 402
f 398 403 323
f 403 326 323
f 403 404 326
f 326 405 327
f 404 405 326
f 327 406 328
f 405 406 327
f 328 504 407
f 406 504 328
f 409 408 413
f 329 330 408
f 409 329 408
f 410 329 409
f 331 410 399
f 331 329 410
f 504 411 407
f 411 332 407
f 332 412 333
f 411 412 332
f 334 333 412
f 340 418 336
f 418 413 336
f 413 408 336
f 336 408 330
f 412 414 334
f 334 512 337
f 414 512 334
f 337 415 338
f 512 415 337
f 338 417 416
f 415 417 338
f 419 418 340
f 419 340 283
f 417 513 416
f 513 341 416
f 341 420 342
f 513 420 341
f 342 421 343
f 420 421 342
f 343 422 344
f 421 422 343
f 422 423 344
f 423 424 345
f 283 345 419
f 419 345 424
f 347 348 425
f 348 426 425
f 348 346 521
f 348 521 426
f 427 521 346
f 427 346 349
f 428 349 351
f 428 427 349
f 430 429 352
f 429 351 352
f 429 428 351
f 432 431 353
f 433 353 354
f 433 432 353
f 433 354 425
f 425 354 347
f 356 430 352
f 435 434 356
f 434 430 356
f 435 436 434
f 357 439 438
f 440 357 358
f 440 439 357
f 442 441 358
f 441 440 358
f 442 443 441
f 360 361 443
f 361 444 443
f 431 361 362
f 431 444 361
f 362 353 431
f 364 445 356
f 446 356 445
f 356 446 435
f 447 435 446
f 435 447 448
f 436 435 449
f 435 450 449
f 435 448 450
f 450 451 449
f 365 453 452
f 365 454 453
f 454 366 437
f 365 366 454
f 437 366 367
f 437 367 438
f 438 367 357
f 442 368 443
f 443 368 360
f 550 456 455
f 456 550 446
f 445 456 446
f 457 456 445
f 448 447 458
f 364 369 445
f 459 445 369
f 445 459 457
f 371 459 369
f 459 371 460
f 450 460 371
f 460 450 458
f 448 458 450
f 461 462 373
f 373 462 371
f 462 451 371
f 451 450 371
f 374 465 463
f 463 465 464
f 465 374 453
f 453 374 452
f 467 466 376
f 467 376 377
f 376 468 379
f 466 468 376
f 455 469 380
f 468 455 380
f 379 468 380
f 470 455 456
f 469 455 470
f 471 456 457
f 470 456 471
f 472 457 459
f 471 457 472
f 459 460 473
f 474 459 473
f 472 459 474
f 461 475 382
f 475 461 473
f 373 473 461
f 473 373 474
f 382 474 373
f 474 382 475
f 382 384 461
f 384 462 461
f 384 476 462
f 477 385 463
f 385 386 463
f 463 386 374
f 478 467 388
f 467 377 388
f 469 390 380
f 469 479 390
f 469 470 479
f 479 471 480
f 470 471 479
f 471 481 480
f 472 481 471
f 482 472 474
f 481 472 482
f 474 475 571
f 483 474 571
f 482 474 483
f 571 476 483
f 476 391 483
f 476 384 391
f 477 575 484
f 484 392 477
f 392 385 477
f 485 478 388
f 487 485 486
f 486 485 393
f 485 388 393
f 486 393 488
f 393 394 488
f 490 488 489
f 488 395 489
f 488 394 395
f 390 479 395
f 479 489 395
f 479 491 489
f 479 480 493
f 479 493 491
f 480 481 492
f 480 492 493
f 402 481 482
f 492 481 402
f 402 483 397
f 402 482 483
f 397 483 391
f 575 494 484
f 494 398 484
f 484 398 392
f 487 486 495
f 487 495 496
f 486 488 497
f 486 497 495
f 490 489 498
f 490 498 507
f 498 491 399
f 498 489 491
f 493 399 491
f 493 400 399
f 492 401 493
f 401 400 493
f 401 492 402
f 578 499 494
f 494 499 398
f 499 403 398
f 499 500 403
f 403 501 404
f 500 501 403
f 404 502 405
f 501 502 404
f 405 503 406
f 502 503 405
f 503 505 504
f 406 503 504
f 496 495 413
f 506 496 413
f 497 507 495
f 507 413 495
f 507 409 413
f 498 410 507
f 410 409 507
f 410 498 399
f 505 411 504
f 505 508 411
f 412 508 510
f 411 508 412
f 509 506 413
f 413 418 509
f 510 414 412
f 510 511 414
f 511 512 414
f 514 513 417
f 415 514 417
f 597 513 514
f 517 516 418
f 517 418 419
f 597 420 513
f 421 597 515
f 421 420 597
f 518 421 515
f 518 422 421
f 422 519 423
f 518 519 422
f 423 520 424
f 519 520 423
f 419 424 517
f 517 424 520
f 523 425 426
f 523 603 425
f 524 426 521
f 523 426 524
f 427 524 521
f 525 524 427
f 525 428 522
f 427 428 525
f 428 526 522
f 429 526 428
f 527 528 430
f 528 429 430
f 528 526 429
f 431 432 610
f 432 529 610
f 530 432 433
f 530 529 432
f 433 425 603
f 433 603 530
f 534 533 531
f 534 531 532
f 536 535 533
f 536 533 534
f 527 537 434
f 537 527 536
f 430 536 527
f 536 430 535
f 434 535 430
f 535 434 537
f 538 539 436
f 436 539 434
f 539 528 434
f 528 527 434
f 541 540 437
f 542 437 438
f 542 541 437
f 543 438 439
f 543 542 438
f 544 439 440
f 544 543 439
f 545 440 441
f 545 544 440
f 546 441 443
f 546 545 441
f 547 443 444
f 547 546 443
f 547 431 610
f 444 431 547
f 548 559 532
f 531 548 532
f 549 548 531
f 550 531 533
f 549 531 550
f 550 535 446
f 550 533 535
f 552 551 447
f 552 447 446
f 537 552 446
f 535 537 446
f 538 553 449
f 553 538 552
f 436 552 538
f 552 436 551
f 449 551 436
f 551 449 553
f 555 554 451
f 451 554 449
f 554 539 449
f 539 538 449
f 555 556 554
f 557 634 453
f 540 453 454
f 540 557 453
f 454 437 540
f 548 558 559
f 560 558 548
f 560 549 455
f 560 548 549
f 455 549 550
f 551 458 447
f 562 561 460
f 562 460 458
f 553 562 458
f 551 553 458
f 451 562 555
f 562 451 561
f 462 561 451
f 561 462 563
f 562 556 555
f 566 565 564
f 567 568 564
f 564 568 566
f 463 464 567
f 464 568 567
f 634 464 465
f 634 568 464
f 465 453 634
f 569 559 558
f 467 569 558
f 466 467 558
f 466 558 468
f 468 558 560
f 468 560 455
f 561 473 460
f 473 561 475
f 561 571 475
f 561 563 571
f 476 571 462
f 462 571 563
f 564 565 572
f 572 565 573
f 567 572 477
f 564 572 567
f 567 477 463
f 570 569 478
f 574 570 478
f 478 569 467
f 576 575 573
f 573 575 572
f 575 477 572
f 478 485 577
f 574 478 577
f 487 577 485
f 580 579 578
f 580 578 576
f 576 578 575
f 578 494 575
f 487 581 577
f 487 496 581
f 582 497 488
f 507 582 490
f 490 582 488
f 578 579 583
f 583 579 584
f 585 499 578
f 583 585 578
f 586 499 585
f 500 499 586
f 500 650 501
f 586 650 500
f 501 587 502
f 650 587 501
f 502 588 503
f 587 588 502
f 505 503 588
f 506 581 496
f 506 589 581
f 582 507 497
f 584 590 583
f 583 590 585
f 585 590 655
f 588 591 505
f 505 660 508
f 591 660 505
f 592 593 510
f 508 592 510
f 660 592 508
f 594 589 506
f 594 506 509
f 509 418 594
f 595 510 593
f 595 511 510
f 415 596 514
f 512 596 415
f 514 598 597
f 596 598 514
f 598 515 597
f 599 515 598
f 600 672 515
f 599 600 515
f 672 674 520
f 516 517 520
f 674 516 520
f 601 516 674
f 418 516 594
f 594 516 601
f 672 518 515
f 672 519 518
f 520 519 672
f 523 604 603
f 604 523 605
f 523 524 605
f 607 605 606
f 605 525 606
f 605 524 525
f 522 602 525
f 602 606 525
f 602 608 606
f 526 608 522
f 608 602 522
f 528 609 526
f 526 609 608
f 610 529 611
f 612 529 530
f 612 611 529
f 613 530 603
f 612 530 613
f 613 603 604
f 613 604 614
f 604 615 614
f 604 616 615
f 604 605 617
f 616 604 617
f 616 617 607
f 616 607 606
f 532 616 606
f 532 606 534
f 534 606 608
f 534 608 536
f 536 608 537
f 608 618 537
f 608 609 618
f 539 619 528
f 619 609 528
f 619 618 609
f 620 540 541
f 541 682 620
f 541 542 682
f 621 542 543
f 621 682 542
f 622 543 544
f 622 621 543
f 623 544 545
f 623 622 544
f 624 545 546
f 624 623 545
f 625 546 547
f 625 624 546
f 626 547 610
f 625 547 626
f 626 610 611
f 629 628 627
f 627 628 615
f 627 615 616
f 559 627 616
f 559 616 532
f 618 552 537
f 552 618 553
f 618 630 553
f 618 619 630
f 554 631 539
f 631 619 539
f 631 630 619
f 556 631 554
f 634 635 633
f 557 635 634
f 636 557 540
f 636 635 557
f 636 540 620
f 637 629 627
f 559 637 627
f 630 562 553
f 562 630 631
f 562 631 556
f 640 639 566
f 566 639 565
f 640 568 632
f 566 568 640
f 632 568 633
f 633 568 634
f 638 637 569
f 570 638 569
f 641 638 570
f 569 637 559
f 639 573 565
f 707 573 639
f 574 641 570
f 574 642 641
f 576 645 643
f 576 573 707
f 576 707 645
f 642 577 646
f 574 577 642
f 644 647 643
f 647 579 643
f 579 580 643
f 643 580 576
f 577 581 646
f 581 648 646
f 649 579 647
f 584 579 649
f 585 656 586
f 650 586 656
f 651 587 650
f 652 588 587
f 652 587 651
f 589 648 581
f 589 653 648
f 649 654 584
f 584 654 590
f 654 655 590
f 585 655 656
f 650 656 657
f 650 657 651
f 658 651 657
f 658 652 651
f 659 591 588
f 652 659 588
f 658 659 652
f 660 591 659
f 661 592 660
f 661 593 592
f 675 653 589
f 675 589 594
f 659 658 662
f 659 662 660
f 660 662 663
f 660 663 661
f 661 663 664
f 661 664 593
f 664 595 593
f 664 665 595
f 595 666 511
f 665 666 595
f 511 667 512
f 666 667 511
f 667 668 512
f 512 668 596
f 596 669 598
f 668 669 596
f 598 670 599
f 669 670 598
f 599 671 600
f 670 671 599
f 600 673 672
f 671 673 600
f 673 674 672
f 674 675 601
f 594 601 675
f 607 676 605
f 612 678 611
f 611 678 677
f 613 679 612
f 612 679 678
f 614 680 613
f 613 680 679
f 605 676 617
f 680 614 615
f 617 676 607
f 621 622 684
f 685 622 623
f 685 684 622
f 686 623 624
f 686 685 623
f 686 625 698
f 686 624 625
f 626 687 625
f 625 687 698
f 611 677 626
f 677 687 626
f 677 688 687
f 688 678 747
f 677 678 688
f 747 678 679
f 747 679 689
f 629 700 628
f 700 679 628
f 679 680 628
f 700 689 679
f 628 680 615
f 691 690 632
f 692 632 633
f 692 691 632
f 693 633 635
f 693 692 633
f 694 693 635
f 695 635 636
f 695 694 635
f 695 620 681
f 636 620 695
f 620 683 681
f 620 696 683
f 696 620 682
f 696 682 621
f 696 621 697
f 697 621 684
f 698 687 699
f 699 687 688
f 701 700 637
f 701 637 638
f 629 637 700
f 639 640 702
f 640 703 702
f 640 690 703
f 640 632 690
f 641 701 638
f 641 704 701
f 706 705 703
f 705 702 703
f 705 707 702
f 707 639 702
f 642 704 641
f 642 708 704
f 705 706 643
f 706 644 643
f 706 709 644
f 705 643 645
f 705 645 707
f 710 642 646
f 708 642 710
f 647 644 709
f 647 709 711
f 712 710 646
f 646 648 712
f 649 647 711
f 649 711 713
f 653 712 648
f 653 714 712
f 713 715 649
f 649 715 654
f 654 773 655
f 715 773 654
f 773 717 716
f 656 773 716
f 655 773 656
f 718 657 656
f 718 656 716
f 719 657 718
f 719 658 657
f 722 721 720
f 723 653 675
f 714 653 723
f 716 717 738
f 738 717 724
f 716 725 718
f 716 738 725
f 726 719 725
f 719 718 725
f 719 726 658
f 726 727 658
f 658 728 662
f 727 728 658
f 662 729 663
f 728 729 662
f 663 730 664
f 729 730 663
f 664 731 665
f 730 731 664
f 720 666 722
f 666 731 722
f 666 665 731
f 721 732 720
f 732 666 720
f 732 667 666
f 667 733 668
f 668 734 669
f 733 734 668
f 669 734 670
f 670 735 671
f 734 735 670
f 671 736 673
f 735 736 671
f 673 737 674
f 736 737 673
f 675 737 723
f 675 674 737
f 695 741 739
f 739 741 740
f 681 741 695
f 681 742 741
f 681 683 742
f 742 683 752
f 744 743 684
f 754 744 745
f 744 685 745
f 744 684 685
f 686 746 685
f 685 746 745
f 698 746 686
f 747 689 748
f 689 700 748
f 690 691 802
f 691 749 802
f 750 691 692
f 750 749 691
f 751 692 693
f 751 750 692
f 694 739 740
f 751 694 740
f 693 694 751
f 739 694 695
f 752 683 696
f 753 696 697
f 753 752 696
f 697 684 743
f 697 743 753
f 754 745 746
f 754 746 808
f 808 746 698
f 755 808 698
f 755 699 760
f 755 698 699
f 688 761 699
f 699 761 760
f 756 761 688
f 756 688 747
f 747 748 756
f 701 757 700
f 757 748 700
f 759 758 703
f 759 690 802
f 703 690 759
f 763 762 701
f 704 763 701
f 701 762 757
f 706 703 758
f 706 758 764
f 708 763 704
f 708 765 763
f 764 709 706
f 766 709 764
f 710 765 708
f 710 767 765
f 711 709 766
f 711 766 824
f 710 712 768
f 767 710 768
f 711 770 769
f 711 824 770
f 769 713 711
f 768 712 771
f 712 714 771
f 770 772 769
f 772 778 715
f 769 772 715
f 713 769 715
f 773 715 778
f 722 786 721
f 777 737 776
f 777 771 737
f 771 723 737
f 771 714 723
f 773 778 838
f 717 773 838
f 779 717 838
f 724 717 779
f 725 780 726
f 781 727 726
f 781 726 780
f 727 781 782
f 783 727 782
f 728 727 783
f 728 784 729
f 783 784 728
f 729 840 730
f 784 840 729
f 731 840 785
f 730 840 731
f 731 785 722
f 785 786 722
f 786 732 721
f 786 787 732
f 732 788 667
f 787 788 732
f 733 788 774
f 733 667 788
f 789 733 774
f 789 734 733
f 734 789 775
f 790 734 775
f 790 735 734
f 736 790 776
f 736 735 790
f 736 776 737
f 738 724 794
f 724 791 794
f 724 779 791
f 792 725 738
f 792 738 794
f 792 780 725
f 793 780 792
f 781 780 793
f 781 793 782
f 792 794 795
f 792 795 793
f 793 795 796
f 740 741 797
f 798 741 742
f 798 797 741
f 799 742 752
f 799 798 742
f 800 743 744
f 800 744 801
f 754 801 744
f 749 750 803
f 804 750 751
f 804 803 750
f 805 751 740
f 804 751 805
f 805 740 797
f 752 806 799
f 753 806 752
f 753 743 800
f 807 753 800
f 806 753 807
f 800 801 807
f 869 801 754
f 808 869 754
f 809 755 760
f 809 808 755
f 748 810 756
f 748 811 810
f 757 811 748
f 813 812 759
f 759 812 758
f 814 759 802
f 813 759 814
f 814 802 749
f 814 749 815
f 816 809 760
f 761 816 760
f 761 756 810
f 817 761 810
f 816 761 817
f 763 818 762
f 818 810 762
f 810 811 762
f 818 817 810
f 762 811 757
f 758 819 764
f 812 819 758
f 765 818 763
f 765 820 818
f 822 821 764
f 821 766 764
f 822 764 819
f 823 820 767
f 820 765 767
f 766 825 824
f 821 825 766
f 826 823 767
f 767 827 826
f 767 768 827
f 828 770 824
f 824 825 829
f 824 829 828
f 830 827 768
f 830 768 771
f 828 772 770
f 829 772 828
f 831 772 829
f 834 833 775
f 776 893 835
f 836 776 835
f 777 776 836
f 771 777 830
f 830 777 836
f 778 772 845
f 772 837 845
f 772 831 837
f 838 778 845
f 839 784 783
f 839 783 782
f 840 784 839
f 785 841 786
f 842 786 841
f 787 786 842
f 787 843 788
f 842 843 787
f 774 788 832
f 832 788 843
f 832 844 774
f 774 844 789
f 775 789 834
f 834 789 844
f 833 891 775
f 775 891 790
f 776 790 893
f 790 891 893
f 846 838 845
f 846 791 779
f 846 779 838
f 847 782 793
f 848 782 847
f 849 839 859
f 839 848 859
f 839 782 848
f 839 849 840
f 840 849 850
f 840 850 785
f 850 851 785
f 785 852 841
f 785 851 852
f 846 853 791
f 853 794 791
f 853 854 794
f 794 855 795
f 854 855 794
f 855 857 856
f 796 855 856
f 795 855 796
f 847 793 796
f 856 847 796
f 858 847 856
f 859 848 860
f 848 858 860
f 848 847 858
f 856 857 858
f 858 857 860
f 798 861 797
f 798 799 861
f 863 749 803
f 864 804 805
f 864 803 804
f 865 805 797
f 864 805 865
f 865 797 861
f 861 799 866
f 806 866 799
f 867 806 807
f 807 801 862
f 807 862 867
f 868 862 801
f 868 801 869
f 916 808 809
f 916 869 808
f 870 812 813
f 814 871 813
f 813 871 870
f 814 872 871
f 814 815 872
f 815 749 863
f 873 815 863
f 872 815 873
f 874 916 809
f 874 809 816
f 875 816 817
f 875 874 816
f 817 818 875
f 875 818 876
f 877 819 870
f 870 819 812
f 871 878 877
f 870 871 877
f 820 876 818
f 820 879 876
f 881 880 822
f 822 880 821
f 822 819 877
f 882 822 877
f 881 822 882
f 820 823 879
f 879 823 884
f 880 825 821
f 883 825 880
f 884 823 826
f 826 827 884
f 884 827 885
f 883 829 825
f 886 829 883
f 887 827 830
f 885 827 887
f 886 831 829
f 888 831 886
f 890 889 833
f 890 833 834
f 892 891 833
f 889 892 833
f 894 893 891
f 894 891 892
f 893 894 887
f 893 887 830
f 835 893 830
f 836 835 830
f 888 837 831
f 895 837 888
f 897 896 842
f 897 842 841
f 843 896 905
f 842 896 843
f 843 905 832
f 905 898 832
f 898 844 832
f 898 899 844
f 834 844 890
f 890 844 899
f 845 837 900
f 837 895 900
f 900 846 845
f 901 849 859
f 849 902 850
f 901 902 849
f 850 903 851
f 902 903 850
f 851 904 852
f 903 904 851
f 841 852 897
f 897 852 904
f 900 906 846
f 906 853 846
f 906 907 853
f 853 908 854
f 907 908 853
f 854 958 855
f 908 958 854
f 857 855 958
f 909 859 860
f 901 859 909
f 958 962 857
f 857 910 860
f 962 910 857
f 909 860 910
f 863 803 964
f 803 911 964
f 803 864 911
f 912 864 865
f 912 911 864
f 912 865 861
f 913 861 866
f 913 912 861
f 914 866 806
f 914 913 866
f 914 806 867
f 915 867 862
f 914 867 915
f 868 915 862
f 973 868 869
f 916 973 869
f 917 871 872
f 873 918 872
f 872 918 917
f 863 918 873
f 863 919 918
f 863 964 919
f 920 916 874
f 921 874 875
f 921 920 874
f 875 876 921
f 921 876 922
f 923 877 878
f 923 878 871
f 924 923 871
f 917 924 871
f 917 925 924
f 918 925 917
f 919 926 925
f 918 919 925
f 879 922 876
f 879 927 922
f 929 928 881
f 881 928 880
f 930 881 882
f 930 929 881
f 882 877 923
f 930 882 923
f 931 879 884
f 931 927 879
f 928 883 880
f 932 883 928
f 885 931 884
f 885 933 931
f 886 932 934
f 883 932 886
f 887 933 885
f 887 935 933
f 936 934 937
f 936 888 886
f 936 886 934
f 938 889 890
f 938 940 939
f 892 938 939
f 889 938 892
f 892 939 941
f 894 892 941
f 887 894 935
f 935 894 941
f 942 936 937
f 942 943 936
f 943 895 888
f 943 888 936
f 897 944 896
f 944 905 896
f 945 898 905
f 898 946 899
f 945 946 898
f 890 899 938
f 938 899 946
f 940 947 939
f 939 947 941
f 949 948 942
f 948 943 942
f 948 900 895
f 948 895 943
f 961 903 902
f 903 961 950
f 951 903 950
f 904 903 951
f 897 904 944
f 904 952 944
f 904 951 952
f 944 952 905
f 952 953 905
f 945 905 953
f 949 954 948
f 948 954 900
f 954 906 900
f 954 955 906
f 906 956 907
f 955 956 906
f 907 957 908
f 956 957 907
f 957 958 908
f 909 960 901
f 909 959 960
f 901 960 902
f 902 960 961
f 962 963 910
f 909 910 959
f 959 910 963
f 912 965 911
f 911 965 964
f 912 966 965
f 913 967 912
f 912 967 966
f 914 968 913
f 913 968 967
f 914 969 968
f 970 914 915
f 970 969 914
f 971 915 868
f 971 970 915
f 972 868 973
f 972 971 868
f 916 920 973
f 973 920 974
f 975 919 964
f 976 964 965
f 975 964 976
f 977 965 966
f 976 965 977
f 978 966 967
f 977 966 978
f 978 968 979
f 967 968 978
f 980 974 920
f 981 980 922
f 980 921 922
f 980 920 921
f 924 1045 923
f 924 925 1045
f 983 982 926
f 926 982 925
f 926 919 975
f 984 926 975
f 983 926 984
f 985 993 984
f 975 985 984
f 976 985 975
f 986 976 977
f 985 976 986
f 986 978 987
f 977 978 986
f 987 978 979
f 981 922 988
f 927 988 922
f 990 989 929
f 929 989 928
f 991 929 930
f 991 990 929
f 992 930 923
f 992 991 930
f 923 1045 992
f 982 1045 925
f 993 985 986
f 993 986 994
f 994 986 987
f 931 995 927
f 927 995 988
f 932 989 996
f 928 989 932
f 995 931 998
f 931 933 998
f 996 997 934
f 997 999 934
f 996 934 932
f 935 998 933
f 935 1000 998
f 937 999 1001
f 934 999 937
f 1003 1002 941
f 935 941 1000
f 1000 941 1002
f 1006 1005 1004
f 1005 1006 1001
f 1006 942 1001
f 1001 942 937
f 1007 1009 1008
f 946 1007 1008
f 945 1007 946
f 1008 938 946
f 1010 938 1008
f 938 1010 940
f 1010 1011 940
f 1011 947 940
f 941 947 1003
f 1003 947 1011
f 1006 1004 1012
f 1006 1012 942
f 1012 1013 942
f 949 942 1013
f 949 1013 1014
f 951 950 1015
f 952 951 1015
f 952 1016 953
f 1015 1016 952
f 945 953 1007
f 1007 953 1016
f 1009 1017 1008
f 1008 1017 1010
f 954 949 1018
f 949 1019 1018
f 949 1014 1019
f 1020 955 954
f 1020 954 1018
f 1021 956 955
f 1021 955 1020
f 956 1021 1022
f 957 956 1022
f 957 1023 958
f 1022 1023 957
f 958 1023 1024
f 1025 959 1032
f 960 959 1025
f 960 1026 961
f 1025 1026 960
f 1026 1082 961
f 961 1083 950
f 961 1082 1083
f 950 1083 1015
f 1018 1019 1027
f 1028 1020 1027
f 1020 1018 1027
f 1020 1028 1021
f 1021 1028 1029
f 1021 1029 1022
f 1024 1030 958
f 958 1030 962
f 962 1031 963
f 1030 1031 962
f 963 1032 959
f 963 1031 1032
f 1033 968 969
f 970 1034 969
f 969 1034 1033
f 970 971 1034
f 972 1035 971
f 1035 972 1036
f 972 1037 1036
f 972 973 1037
f 973 974 1037
f 1038 979 968
f 1033 1038 968
f 1033 1039 1038
f 1034 1041 1040
f 1039 1034 1040
f 1033 1034 1039
f 1041 1034 971
f 1041 971 1042
f 1042 971 1035
f 1043 1037 974
f 1043 974 980
f 980 981 1043
f 1043 981 1044
f 1046 1055 983
f 983 1055 982
f 1046 984 1056
f 1046 983 984
f 993 1056 984
f 1047 987 979
f 1048 1047 979
f 1038 1048 979
f 1048 1038 1039
f 1048 1039 1040
f 988 1044 981
f 988 1049 1044
f 989 990 1050
f 990 1051 1050
f 990 1052 1051
f 1052 990 991
f 1053 991 992
f 1053 1052 991
f 1054 992 1045
f 1053 992 1054
f 982 1054 1045
f 1055 1054 982
f 1057 1056 993
f 1058 993 994
f 1058 1057 993
f 994 987 1047
f 1059 994 1047
f 1058 994 1059
f 995 1049 988
f 995 1060 1049
f 1050 997 996
f 1050 999 997
f 1050 996 989
f 995 998 1061
f 1060 995 1061
f 1061 998 1064
f 998 1000 1064
f 1063 1001 1062
f 1062 1001 999
f 1065 1064 1002
f 1065 1002 1003
f 1000 1002 1064
f 1067 1066 1004
f 1067 1005 1063
f 1004 1005 1067
f 1063 1005 1001
f 1011 1010 1068
f 1069 1011 1068
f 1003 1011 1065
f 1065 1011 1069
f 1004 1071 1070
f 1004 1066 1071
f 1072 1012 1004
f 1072 1004 1070
f 1073 1013 1012
f 1073 1012 1072
f 1073 1014 1013
f 1075 1016 1015
f 1075 1015 1074
f 1075 1007 1016
f 1076 1007 1075
f 1007 1076 1009
f 1076 1077 1009
f 1077 1017 1009
f 1076 1084 1077
f 1010 1077 1068
f 1010 1017 1077
f 1071 1078 1070
f 1070 1078 1072
f 1072 1078 1144
f 1079 1072 1144
f 1079 1073 1072
f 1079 1019 1014
f 1079 1014 1073
f 1022 1088 1080
f 1023 1022 1080
f 1024 1023 1080
f 1081 1025 1032
f 1026 1081 1092
f 1025 1081 1026
f 1082 1026 1092
f 1015 1083 1074
f 1075 1074 1147
f 1075 1147 1076
f 1076 1147 1084
f 1093 1079 1144
f 1093 1085 1079
f 1085 1027 1019
f 1085 1019 1079
f 1087 1028 1086
f 1029 1028 1087
f 1022 1029 1088
f 1029 1087 1088
f 1080 1089 1024
f 1024 1089 1030
f 1030 1090 1031
f 1089 1090 1030
f 1031 1091 1032
f 1090 1091 1031
f 1081 1032 1091
f 1085 1093 1094
f 1094 1095 1027
f 1085 1094 1027
f 1095 1096 1027
f 1096 1028 1027
f 1028 1096 1086
f 1041 1162 1040
f 1098 1162 1097
f 1162 1042 1097
f 1162 1041 1042
f 1097 1042 1099
f 1042 1035 1099
f 1099 1035 1036
f 1100 1099 1036
f 1037 1100 1036
f 1099 1100 1108
f 1043 1101 1037
f 1101 1100 1037
f 1044 1101 1043
f 1055 1046 1103
f 1046 1104 1103
f 1046 1056 1104
f 1104 1056 1115
f 1048 1105 1047
f 1106 1048 1040
f 1106 1105 1048
f 1040 1162 1106
f 1107 1098 1097
f 1107 1097 1099
f 1108 1100 1101
f 1108 1101 1109
f 1101 1044 1109
f 1044 1110 1109
f 1044 1049 1110
f 1112 1111 1051
f 1051 1111 1050
f 1113 1051 1052
f 1113 1112 1051
f 1114 1113 1052
f 1114 1053 1102
f 1052 1053 1114
f 1053 1167 1102
f 1054 1167 1053
f 1055 1103 1167
f 1054 1055 1167
f 1116 1056 1057
f 1116 1115 1056
f 1117 1057 1058
f 1117 1116 1057
f 1127 1117 1118
f 1117 1059 1118
f 1117 1058 1059
f 1047 1105 1119
f 1118 1047 1119
f 1120 1118 1119
f 1059 1047 1118
f 1121 1120 1119
f 1060 1110 1049
f 1060 1122 1110
f 1126 1125 1123
f 1123 1125 1124
f 1111 1125 1126
f 999 1111 1126
f 1050 1111 999
f 1127 1118 1120
f 1061 1122 1060
f 1061 1128 1122
f 1130 1129 1124
f 1129 1123 1124
f 1129 1131 1123
f 1131 1063 1062
f 1126 1131 1062
f 1123 1131 1126
f 1126 1062 999
f 1132 1061 1064
f 1128 1061 1132
f 1129 1130 1133
f 1133 1130 1134
f 1131 1133 1063
f 1129 1133 1131
f 1065 1132 1064
f 1135 1132 1065
f 1133 1134 1067
f 1134 1066 1067
f 1134 1136 1066
f 1133 1067 1063
f 1068 1138 1069
f 1137 1138 1068
f 1065 1069 1135
f 1135 1069 1138
f 1136 1071 1066
f 1139 1071 1136
f 1141 1140 1077
f 1141 1077 1084
f 1068 1077 1137
f 1137 1077 1140
f 1078 1071 1142
f 1071 1143 1142
f 1071 1139 1143
f 1144 1078 1142
f 1092 1156 1082
f 1145 1082 1156
f 1083 1082 1145
f 1083 1146 1074
f 1145 1146 1083
f 1146 1147 1074
f 1147 1203 1084
f 1141 1084 1203
f 1142 1143 1148
f 1148 1143 1149
f 1144 1148 1093
f 1142 1148 1144
f 1205 1087 1086
f 1088 1087 1205
f 1088 1150 1080
f 1088 1205 1150
f 1150 1089 1080
f 1150 1151 1089
f 1089 1152 1090
f 1151 1152 1089
f 1090 1153 1091
f 1152 1153 1090
f 1091 1154 1081
f 1091 1153 1154
f 1081 1154 1092
f 1154 1155 1092
f 1092 1155 1156
f 1149 1157 1148
f 1148 1157 1093
f 1157 1212 1093
f 1094 1212 1158
f 1093 1212 1094
f 1158 1095 1094
f 1096 1159 1086
f 1158 1160 1095
f 1095 1161 1096
f 1095 1160 1161
f 1096 1161 1159
f 1102 1165 1164
f 1167 1166 1102
f 1166 1165 1102
f 1103 1166 1167
f 1103 1168 1166
f 1169 1103 1104
f 1169 1168 1103
f 1170 1104 1115
f 1170 1169 1104
f 1106 1172 1105
f 1105 1172 1171
f 1162 1172 1106
f 1162 1173 1172
f 1173 1162 1098
f 1174 1173 1098
f 1107 1174 1098
f 1175 1173 1174
f 1176 1107 1099
f 1174 1107 1176
f 1176 1099 1108
f 1177 1176 1108
f 1178 1108 1109
f 1178 1177 1108
f 1109 1110 1178
f 1178 1110 1179
f 1111 1112 1180
f 1112 1181 1180
f 1181 1113 1163
f 1112 1113 1181
f 1163 1113 1114
f 1163 1114 1164
f 1164 1114 1102
f 1182 1170 1115
f 1116 1182 1115
f 1183 1116 1117
f 1183 1182 1116
f 1117 1127 1183
f 1183 1127 1184
f 1171 1119 1105
f 1171 1172 1185
f 1121 1171 1185
f 1186 1121 1185
f 1171 1121 1119
f 1185 1172 1173
f 1185 1173 1175
f 1122 1179 1110
f 1122 1187 1179
f 1188 1125 1180
f 1124 1125 1188
f 1180 1125 1111
f 1189 1127 1120
f 1189 1184 1127
f 1120 1121 1186
f 1120 1186 1189
f 1187 1128 1190
f 1187 1122 1128
f 1130 1124 1188
f 1130 1188 1191
f 1128 1244 1190
f 1128 1132 1244
f 1134 1191 1192
f 1130 1191 1134
f 1194 1244 1193
f 1244 1135 1193
f 1244 1132 1135
f 1195 1134 1192
f 1136 1134 1195
f 1196 1194 1193
f 1137 1196 1193
f 1138 1137 1193
f 1196 1137 1200
f 1138 1193 1135
f 1195 1139 1136
f 1197 1139 1195
f 1199 1198 1140
f 1199 1140 1141
f 1137 1140 1200
f 1140 1198 1200
f 1197 1143 1139
f 1201 1143 1197
f 1146 1145 1202
f 1146 1254 1147
f 1202 1254 1146
f 1254 1203 1147
f 1141 1203 1199
f 1201 1149 1143
f 1204 1149 1201
f 1214 1150 1205
f 1150 1214 1206
f 1151 1150 1206
f 1152 1206 1215
f 1151 1206 1152
f 1207 1152 1215
f 1153 1152 1207
f 1153 1257 1154
f 1207 1257 1153
f 1154 1208 1155
f 1257 1208 1154
f 1155 1209 1156
f 1208 1209 1155
f 1156 1210 1145
f 1156 1209 1210
f 1145 1210 1202
f 1157 1149 1216
f 1149 1211 1216
f 1149 1204 1211
f 1212 1157 1216
f 1159 1221 1086
f 1221 1213 1086
f 1213 1205 1086
f 1205 1213 1214
f 1212 1216 1217
f 1212 1217 1158
f 1217 1218 1158
f 1158 1219 1160
f 1218 1219 1158
f 1160 1220 1161
f 1219 1220 1160
f 1161 1221 1159
f 1161 1220 1221
f 1223 1222 1163
f 1225 1163 1164
f 1225 1223 1163
f 1225 1165 1224
f 1225 1164 1165
f 1165 1166 1224
f 1168 1282 1166
f 1226 1169 1170
f 1226 1168 1169
f 1226 1170 1227
f 1174 1228 1175
f 1229 1174 1176
f 1229 1228 1174
f 1230 1176 1177
f 1230 1229 1176
f 1231 1177 1178
f 1231 1230 1177
f 1178 1179 1231
f 1231 1179 1232
f 1233 1180 1181
f 1233 1289 1180
f 1181 1163 1222
f 1181 1222 1233
f 1234 1225 1224
f 1234 1224 1166
f 1234 1166 1235
f 1235 1166 1282
f 1227 1170 1182
f 1183 1227 1182
f 1236 1183 1184
f 1184 1237 1236
f 1238 1297 1185
f 1185 1297 1186
f 1239 1185 1175
f 1239 1238 1185
f 1175 1228 1239
f 1240 1300 1187
f 1300 1232 1187
f 1232 1179 1187
f 1188 1180 1289
f 1188 1289 1241
f 1189 1237 1184
f 1189 1186 1297
f 1189 1297 1237
f 1240 1187 1190
f 1242 1240 1190
f 1191 1188 1241
f 1191 1241 1243
f 1245 1190 1244
f 1242 1190 1245
f 1247 1246 1192
f 1192 1191 1243
f 1192 1243 1247
f 1248 1245 1244
f 1194 1248 1244
f 1195 1192 1246
f 1195 1246 1249
f 1248 1194 1252
f 1194 1196 1252
f 1249 1197 1195
f 1250 1197 1249
f 1199 1251 1198
f 1252 1198 1251
f 1200 1198 1252
f 1196 1200 1252
f 1250 1201 1197
f 1253 1201 1250
f 1261 1203 1254
f 1261 1255 1203
f 1203 1255 1199
f 1255 1251 1199
f 1204 1253 1256
f 1201 1253 1204
f 1271 1209 1208
f 1209 1271 1258
f 1210 1209 1258
f 1210 1259 1202
f 1210 1258 1259
f 1202 1259 1254
f 1254 1259 1260
f 1254 1260 1261
f 1262 1256 1263
f 1262 1211 1204
f 1262 1204 1256
f 1264 1213 1221
f 1213 1265 1214
f 1264 1265 1213
f 1214 1266 1206
f 1214 1265 1266
f 1206 1266 1215
f 1266 1267 1215
f 1215 1268 1207
f 1215 1267 1268
f 1207 1268 1257
f 1257 1268 1269
f 1257 1269 1208
f 1208 1269 1270
f 1208 1270 1271
f 1262 1263 1279
f 1279 1263 1338
f 1272 1216 1211
f 1262 1272 1211
f 1279 1272 1262
f 1216 1272 1273
f 1274 1216 1273
f 1217 1216 1274
f 1217 1275 1218
f 1274 1275 1217
f 1218 1276 1219
f 1275 1276 1218
f 1219 1277 1220
f 1276 1277 1219
f 1220 1278 1221
f 1277 1278 1220
f 1264 1221 1278
f 1280 1222 1223
f 1225 1281 1223
f 1223 1281 1280
f 1282 1168 1355
f 1168 1226 1355
f 1283 1226 1227
f 1283 1355 1226
f 1228 1285 1284
f 1228 1229 1285
f 1286 1229 1230
f 1286 1285 1229
f 1287 1230 1231
f 1287 1286 1230
f 1231 1232 1287
f 1287 1232 1288
f 1233 1290 1289
f 1291 1290 1233
f 1291 1233 1222
f 1280 1291 1222
f 1292 1304 1291
f 1280 1292 1291
f 1281 1292 1280
f 1234 1293 1225
f 1293 1281 1225
f 1293 1292 1281
f 1293 1234 1294
f 1234 1235 1294
f 1295 1235 1282
f 1295 1294 1235
f 1295 1282 1355
f 1296 1283 1227
f 1183 1296 1227
f 1236 1296 1183
f 1236 1237 1306
f 1298 1297 1238
f 1299 1238 1239
f 1299 1298 1238
f 1284 1239 1228
f 1299 1239 1284
f 1301 1300 1240
f 1232 1300 1288
f 1302 1241 1289
f 1303 1302 1289
f 1303 1289 1290
f 1304 1292 1293
f 1304 1293 1305
f 1305 1293 1294
f 1237 1297 1306
f 1308 1301 1307
f 1301 1242 1307
f 1301 1240 1242
f 1309 1243 1241
f 1302 1309 1241
f 1310 1311 1308
f 1307 1310 1308
f 1312 1310 1307
f 1245 1312 1242
f 1242 1312 1307
f 1247 1313 1246
f 1247 1243 1309
f 1314 1247 1309
f 1313 1247 1314
f 1311 1310 1315
f 1311 1315 1316
f 1315 1312 1248
f 1315 1310 1312
f 1248 1312 1245
f 1249 1246 1313
f 1249 1313 1317
f 1316 1315 1318
f 1316 1318 1319
f 1252 1315 1248
f 1252 1318 1315
f 1317 1250 1249
f 1320 1250 1317
f 1319 1318 1321
f 1319 1321 1322
f 1251 1321 1252
f 1321 1318 1252
f 1253 1320 1323
f 1250 1320 1253
f 1322 1326 1325
f 1322 1255 1326
f 1322 1321 1255
f 1321 1251 1255
f 1331 1325 1326
f 1323 1324 1256
f 1324 1327 1256
f 1323 1256 1253
f 1259 1258 1328
f 1259 1329 1260
f 1328 1329 1259
f 1260 1330 1261
f 1329 1330 1260
f 1255 1261 1326
f 1261 1331 1326
f 1261 1330 1331
f 1263 1327 1332
f 1256 1327 1263
f 1333 1265 1264
f 1333 1264 1342
f 1265 1333 1334
f 1266 1265 1334
f 1267 1334 1343
f 1266 1334 1267
f 1335 1268 1267
f 1335 1267 1343
f 1345 1269 1268
f 1345 1268 1335
f 1269 1345 1336
f 1270 1269 1336
f 1271 1337 1258
f 1271 1270 1337
f 1338 1332 1409
f 1338 1263 1332
f 1274 1273 1339
f 1275 1274 1339
f 1275 1340 1276
f 1339 1340 1275
f 1276 1413 1277
f 1340 1413 1276
f 1277 1341 1278
f 1413 1341 1277
f 1264 1278 1342
f 1278 1341 1342
f 1335 1343 1344
f 1335 1344 1345
f 1347 1346 1409
f 1346 1338 1409
f 1346 1352 1338
f 1348 1279 1338
f 1352 1348 1338
f 1349 1272 1279
f 1349 1279 1348
f 1349 1350 1272
f 1272 1350 1273
f 1273 1350 1339
f 1347 1351 1346
f 1346 1351 1352
f 1353 1348 1352
f 1348 1354 1349
f 1348 1353 1354
f 1350 1349 1354
f 1355 1283 1356
f 1285 1357 1284
f 1357 1286 1446
f 1357 1285 1286
f 1286 1358 1446
f 1286 1287 1358
f 1287 1288 1358
f 1358 1288 1359
f 1294 1361 1360
f 1294 1295 1361
f 1362 1361 1295
f 1363 1295 1355
f 1362 1295 1363
f 1363 1355 1356
f 1364 1356 1283
f 1364 1283 1296
f 1365 1296 1236
f 1365 1364 1296
f 1236 1306 1365
f 1365 1306 1374
f 1366 1374 1298
f 1298 1374 1297
f 1299 1366 1298
f 1367 1299 1284
f 1284 1357 1367
f 1301 1368 1300
f 1369 1300 1368
f 1288 1300 1359
f 1359 1300 1369
f 1303 1290 1370
f 1371 1290 1291
f 1370 1290 1371
f 1371 1291 1304
f 1372 1371 1304
f 1373 1304 1305
f 1373 1372 1304
f 1305 1294 1360
f 1373 1305 1360
f 1306 1297 1374
f 1377 1308 1375
f 1301 1308 1368
f 1368 1308 1377
f 1378 1309 1302
f 1379 1378 1302
f 1303 1379 1302
f 1379 1303 1370
f 1376 1375 1311
f 1380 1376 1311
f 1311 1375 1308
f 1313 1382 1381
f 1313 1314 1382
f 1314 1309 1378
f 1382 1314 1378
f 1380 1316 1383
f 1380 1311 1316
f 1381 1317 1313
f 1384 1317 1381
f 1316 1319 1383
f 1384 1320 1317
f 1385 1320 1384
f 1322 1386 1319
f 1324 1323 1387
f 1323 1388 1387
f 1323 1389 1388
f 1323 1320 1385
f 1323 1385 1389
f 1391 1390 1325
f 1390 1386 1325
f 1386 1322 1325
f 1331 1391 1325
f 1395 1394 1387
f 1394 1396 1387
f 1396 1327 1324
f 1396 1324 1387
f 1258 1406 1328
f 1397 1328 1406
f 1329 1328 1397
f 1329 1398 1330
f 1397 1398 1329
f 1331 1398 1391
f 1331 1330 1398
f 1401 1400 1399
f 1401 1399 1392
f 1399 1393 1392
f 1399 1402 1393
f 1394 1395 1403
f 1403 1395 1404
f 1396 1403 1332
f 1394 1403 1396
f 1396 1332 1327
f 1336 1416 1405
f 1270 1336 1405
f 1337 1405 1417
f 1270 1405 1337
f 1417 1406 1337
f 1337 1406 1258
f 1400 1407 1399
f 1399 1407 1402
f 1402 1407 1408
f 1403 1404 1409
f 1409 1404 1410
f 1409 1332 1403
f 1412 1340 1339
f 1412 1339 1411
f 1413 1340 1412
f 1414 1341 1413
f 1424 1342 1341
f 1424 1341 1414
f 1511 1342 1424
f 1333 1342 1511
f 1333 1512 1334
f 1333 1511 1512
f 1512 1425 1343
f 1334 1512 1343
f 1426 1344 1343
f 1426 1343 1425
f 1344 1426 1415
f 1345 1344 1415
f 1336 1345 1416
f 1345 1415 1416
f 1409 1410 1347
f 1410 1418 1347
f 1411 1339 1350
f 1419 1411 1350
f 1420 1411 1419
f 1412 1420 1421
f 1412 1411 1420
f 1412 1421 1413
f 1413 1421 1422
f 1413 1422 1414
f 1414 1422 1423
f 1414 1423 1424
f 1351 1347 1427
f 1347 1428 1427
f 1347 1418 1428
f 1429 1352 1351
f 1429 1351 1427
f 1429 1353 1352
f 1354 1430 1419
f 1354 1419 1350
f 1524 1420 1430
f 1420 1419 1430
f 1420 1524 1421
f 1427 1428 1431
f 1431 1428 1432
f 1427 1433 1429
f 1427 1431 1433
f 1429 1434 1353
f 1433 1434 1429
f 1435 1354 1353
f 1435 1353 1434
f 1435 1430 1354
f 1436 1430 1435
f 1432 1437 1431
f 1438 1431 1437
f 1438 1433 1431
f 1433 1441 1434
f 1433 1438 1441
f 1434 1439 1435
f 1434 1441 1439
f 1532 1436 1439
f 1436 1435 1439
f 1437 1440 1438
f 1438 1440 1441
f 1443 1442 1356
f 1364 1444 1356
f 1444 1443 1356
f 1446 1445 1357
f 1358 1445 1446
f 1358 1447 1445
f 1358 1359 1447
f 1447 1359 1448
f 1362 1449 1361
f 1449 1362 1450
f 1362 1363 1450
f 1363 1356 1442
f 1363 1442 1450
f 1451 1444 1364
f 1365 1451 1364
f 1452 1365 1374
f 1452 1451 1365
f 1374 1366 1452
f 1366 1453 1452
f 1366 1455 1454
f 1366 1299 1455
f 1367 1455 1299
f 1456 1367 1357
f 1357 1445 1456
f 1369 1368 1463
f 1463 1359 1369
f 1463 1448 1359
f 1370 1371 1457
f 1457 1372 1466
f 1457 1371 1372
f 1373 1467 1372
f 1372 1467 1466
f 1373 1458 1467
f 1373 1360 1458
f 1459 1360 1361
f 1458 1360 1459
f 1459 1361 1449
f 1453 1366 1454
f 1461 1460 1375
f 1461 1375 1376
f 1375 1462 1377
f 1460 1462 1375
f 1368 1377 1463
f 1377 1462 1463
f 1464 1560 1379
f 1379 1560 1378
f 1465 1379 1370
f 1464 1379 1465
f 1465 1370 1457
f 1469 1461 1468
f 1461 1380 1468
f 1461 1376 1380
f 1382 1568 1381
f 1470 1382 1378
f 1470 1568 1382
f 1378 1560 1470
f 1472 1471 1474
f 1471 1472 1469
f 1471 1469 1468
f 1383 1471 1468
f 1383 1468 1380
f 1473 1384 1568
f 1384 1381 1568
f 1476 1475 1474
f 1471 1476 1474
f 1319 1476 1383
f 1383 1476 1471
f 1477 1384 1473
f 1477 1385 1384
f 1475 1476 1478
f 1386 1478 1319
f 1319 1478 1476
f 1481 1480 1479
f 1483 1482 1479
f 1479 1482 1481
f 1485 1484 1483
f 1483 1484 1482
f 1487 1486 1485
f 1485 1486 1484
f 1489 1488 1487
f 1487 1488 1486
f 1387 1388 1489
f 1388 1488 1489
f 1388 1490 1488
f 1491 1388 1389
f 1491 1490 1388
f 1389 1385 1477
f 1389 1477 1491
f 1492 1478 1386
f 1390 1492 1386
f 1493 1492 1390
f 1390 1391 1493
f 1479 1480 1393
f 1480 1392 1393
f 1480 1494 1392
f 1495 1479 1393
f 1483 1479 1495
f 1483 1496 1485
f 1483 1495 1496
f 1485 1497 1487
f 1485 1496 1497
f 1489 1497 1395
f 1487 1497 1489
f 1489 1395 1387
f 1397 1406 1498
f 1499 1397 1498
f 1398 1397 1499
f 1391 1398 1493
f 1493 1398 1499
f 1494 1500 1401
f 1401 1500 1400
f 1401 1392 1494
f 1402 1501 1495
f 1402 1495 1393
f 1495 1502 1496
f 1495 1501 1502
f 1496 1503 1497
f 1496 1502 1503
f 1503 1404 1395
f 1503 1395 1497
f 1406 1504 1505
f 1406 1505 1498
f 1500 1506 1400
f 1400 1506 1407
f 1407 1507 1408
f 1506 1507 1407
f 1402 1408 1501
f 1408 1508 1501
f 1408 1507 1508
f 1501 1508 1502
f 1502 1508 1509
f 1607 1510 1509
f 1510 1502 1509
f 1510 1503 1502
f 1510 1410 1404
f 1510 1404 1503
f 1513 1415 1522
f 1416 1415 1513
f 1416 1514 1405
f 1416 1513 1514
f 1405 1514 1417
f 1514 1515 1417
f 1406 1417 1504
f 1504 1417 1515
f 1607 1516 1510
f 1410 1510 1516
f 1517 1410 1516
f 1418 1410 1517
f 1518 1422 1421
f 1518 1421 1525
f 1519 1423 1422
f 1519 1422 1518
f 1520 1424 1423
f 1520 1423 1519
f 1520 1619 1424
f 1619 1511 1424
f 1511 1619 1512
f 1512 1619 1614
f 1614 1527 1425
f 1512 1614 1425
f 1521 1425 1527
f 1426 1425 1521
f 1415 1426 1522
f 1426 1521 1522
f 1517 1428 1418
f 1523 1428 1517
f 1525 1421 1524
f 1525 1526 1518
f 1617 1519 1526
f 1519 1518 1526
f 1519 1617 1520
f 1523 1432 1428
f 1528 1432 1523
f 1436 1529 1524
f 1436 1524 1430
f 1524 1530 1525
f 1524 1529 1530
f 1526 1530 1628
f 1526 1525 1530
f 1437 1432 1531
f 1432 1528 1531
f 1529 1436 1532
f 1539 1529 1532
f 1530 1539 1628
f 1530 1529 1539
f 1531 1534 1533
f 1531 1533 1440
f 1437 1531 1440
f 1535 1441 1440
f 1535 1440 1533
f 1536 1439 1441
f 1536 1441 1535
f 1536 1532 1439
f 1537 1532 1536
f 1539 1537 1538
f 1539 1532 1537
f 1533 1534 1633
f 1533 1540 1535
f 1533 1633 1540
f 1535 1541 1536
f 1535 1540 1541
f 1536 1544 1537
f 1536 1541 1544
f 1538 1537 1544
f 1540 1633 1542
f 1540 1542 1541
f 1541 1542 1543
f 1541 1543 1544
f 1443 1643 1442
f 1545 1443 1444
f 1545 1643 1443
f 1545 1444 1549
f 1555 1445 1447
f 1555 1546 1445
f 1447 1448 1555
f 1548 1547 1450
f 1450 1442 1643
f 1450 1643 1548
f 1549 1444 1451
f 1550 1451 1452
f 1550 1549 1451
f 1452 1453 1550
f 1550 1453 1551
f 1552 1551 1455
f 1455 1551 1454
f 1553 1455 1367
f 1553 1552 1455
f 1554 1367 1456
f 1554 1553 1367
f 1456 1445 1546
f 1456 1546 1554
f 1555 1463 1556
f 1555 1448 1463
f 1557 1467 1458
f 1458 1558 1557
f 1458 1459 1558
f 1547 1459 1449
f 1547 1558 1459
f 1449 1450 1547
f 1453 1454 1551
f 1460 1461 1567
f 1559 1460 1567
f 1462 1460 1559
f 1463 1559 1556
f 1463 1462 1559
f 1560 1464 1659
f 1464 1561 1659
f 1464 1465 1561
f 1562 1465 1457
f 1561 1465 1562
f 1466 1562 1457
f 1563 1562 1466
f 1564 1466 1467
f 1564 1563 1466
f 1564 1467 1557
f 1566 1469 1565
f 1469 1567 1461
f 1469 1566 1567
f 1470 1569 1568
f 1570 1569 1470
f 1570 1470 1560
f 1570 1560 1659
f 1572 1571 1474
f 1472 1571 1565
f 1472 1474 1571
f 1472 1565 1469
f 1568 1573 1473
f 1568 1569 1573
f 1569 1570 1574
f 1569 1574 1573
f 1475 1575 1474
f 1575 1572 1474
f 1572 1575 1576
f 1579 1477 1473
f 1574 1579 1473
f 1573 1574 1473
f 1576 1575 1580
f 1576 1580 1590
f 1581 1575 1475
f 1580 1575 1581
f 1478 1581 1475
f 1583 1582 1481
f 1481 1582 1480
f 1584 1481 1482
f 1584 1583 1481
f 1484 1577 1578
f 1584 1484 1578
f 1482 1484 1584
f 1484 1585 1577
f 1486 1585 1484
f 1586 1486 1488
f 1586 1585 1486
f 1587 1488 1490
f 1587 1586 1488
f 1588 1490 1491
f 1588 1587 1490
f 1491 1477 1579
f 1589 1491 1579
f 1588 1491 1589
f 1592 1591 1590
f 1580 1592 1590
f 1581 1592 1580
f 1492 1593 1478
f 1593 1581 1478
f 1593 1592 1581
f 1492 1493 1593
f 1582 1494 1480
f 1594 1494 1582
f 1597 1591 1592
f 1597 1592 1593
f 1597 1593 1598
f 1498 1599 1499
f 1599 1593 1499
f 1593 1493 1499
f 1599 1598 1593
f 1494 1600 1500
f 1494 1594 1600
f 1504 1611 1601
f 1602 1504 1601
f 1505 1504 1602
f 1498 1505 1599
f 1599 1505 1602
f 1600 1603 1500
f 1500 1603 1506
f 1506 1604 1507
f 1603 1604 1506
f 1507 1605 1508
f 1604 1605 1507
f 1508 1606 1509
f 1605 1606 1508
f 1509 1608 1607
f 1606 1608 1509
f 1514 1513 1609
f 1514 1610 1515
f 1609 1610 1514
f 1504 1515 1611
f 1515 1610 1611
f 1612 1613 1517
f 1612 1517 1516
f 1608 1612 1516
f 1607 1608 1516
f 1513 1522 1609
f 1615 1523 1613
f 1613 1523 1517
f 1613 1616 1615
f 1625 1520 1617
f 1625 1618 1520
f 1618 1619 1520
f 1614 1619 1620
f 1614 1620 1527
f 1620 1621 1527
f 1527 1622 1521
f 1527 1621 1622
f 1623 1528 1615
f 1615 1528 1523
f 1615 1616 1624
f 1615 1624 1623
f 1617 1526 1628
f 1629 1617 1628
f 1625 1617 1629
f 1626 1531 1623
f 1623 1531 1528
f 1623 1624 1627
f 1626 1623 1627
f 1626 1627 1630
f 1534 1626 1630
f 1632 1534 1630
f 1626 1534 1531
f 1538 1628 1539
f 1631 1628 1538
f 1629 1628 1631
f 1633 1534 1632
f 1634 1633 1632
f 1544 1635 1538
f 1631 1635 1639
f 1631 1538 1635
f 1636 1542 1633
f 1634 1636 1633
f 1640 1542 1636
f 1637 1543 1542
f 1637 1542 1640
f 1642 1544 1543
f 1642 1543 1637
f 1642 1638 1544
f 1638 1639 1544
f 1639 1635 1544
f 1637 1640 1641
f 1637 1641 1642
f 1545 1644 1643
f 1549 1644 1545
f 1546 1555 1645
f 1548 1646 1547
f 1647 1548 1643
f 1646 1548 1647
f 1647 1643 1644
f 1647 1644 1648
f 1648 1644 1549
f 1649 1648 1549
f 1650 1549 1550
f 1650 1649 1549
f 1651 1550 1551
f 1651 1650 1550
f 1552 1651 1551
f 1552 1652 1651
f 1653 1552 1553
f 1653 1652 1552
f 1654 1553 1554
f 1654 1653 1553
f 1554 1546 1645
f 1655 1554 1645
f 1654 1554 1655
f 1556 1657 1555
f 1657 1645 1555
f 1657 1655 1645
f 1558 1656 1786
f 1558 1547 1656
f 1547 1646 1656
f 1658 1657 1559
f 1658 1559 1567
f 1556 1559 1657
f 1659 1561 1660
f 1561 1562 1660
f 1661 1562 1563
f 1661 1660 1562
f 1662 1563 1564
f 1662 1661 1563
f 1663 1564 1557
f 1663 1662 1564
f 1664 1557 1558
f 1663 1557 1664
f 1664 1558 1786
f 1666 1665 1565
f 1565 1667 1566
f 1665 1667 1565
f 1566 1668 1567
f 1667 1668 1566
f 1658 1567 1668
f 1669 1570 1659
f 1670 1669 1659
f 1670 1659 1660
f 1671 1571 1572
f 1565 1571 1666
f 1666 1571 1671
f 1806 1574 1570
f 1570 1669 1806
f 1673 1672 1576
f 1572 1576 1671
f 1671 1576 1672
f 1675 1674 1577
f 1577 1674 1578
f 1688 1579 1574
f 1676 1688 1574
f 1806 1676 1574
f 1590 1673 1576
f 1590 1677 1673
f 1678 1582 1583
f 1584 1679 1583
f 1583 1679 1678
f 1680 1679 1584
f 1578 1680 1584
f 1674 1680 1578
f 1681 1675 1577
f 1681 1577 1585
f 1682 1585 1586
f 1682 1681 1585
f 1684 1682 1683
f 1682 1587 1683
f 1682 1586 1587
f 1588 1685 1587
f 1587 1685 1683
f 1589 1686 1588
f 1588 1686 1685
f 1687 1686 1589
f 1687 1589 1579
f 1688 1687 1579
f 1689 1677 1590
f 1590 1591 1689
f 1689 1591 1690
f 1691 1594 1678
f 1678 1594 1582
f 1692 1678 1679
f 1691 1678 1692
f 1679 1680 1693
f 1679 1693 1692
f 1694 1684 1683
f 1695 1683 1595
f 1683 1685 1595
f 1695 1694 1683
f 1595 1685 1596
f 1596 1685 1686
f 1687 1706 1596
f 1686 1687 1596
f 1591 1597 1696
f 1697 1591 1696
f 1690 1591 1697
f 1597 1598 1696
f 1699 1698 1600
f 1699 1600 1594
f 1700 1699 1594
f 1691 1700 1594
f 1700 1691 1692
f 1700 1692 1701
f 1701 1692 1693
f 1703 1595 1702
f 1695 1595 1703
f 1596 1704 1595
f 1595 1704 1702
f 1705 1704 1596
f 1706 1705 1596
f 1707 1697 1696
f 1601 1708 1602
f 1708 1696 1602
f 1696 1598 1602
f 1708 1707 1696
f 1602 1598 1599
f 1698 1603 1600
f 1699 1709 1698
f 1709 1603 1698
f 1709 1604 1603
f 1604 1710 1605
f 1709 1710 1604
f 1605 1711 1606
f 1710 1711 1605
f 1608 1711 1837
f 1606 1711 1608
f 1712 1703 1702
f 1714 1713 1712
f 1702 1714 1712
f 1704 1714 1702
f 1704 1705 1714
f 1716 1609 1715
f 1610 1609 1716
f 1610 1717 1611
f 1716 1717 1610
f 1601 1611 1708
f 1708 1611 1717
f 1837 1612 1608
f 1837 1718 1612
f 1613 1612 1718
f 1613 1718 1719
f 1720 1713 1714
f 1521 1729 1721
f 1722 1521 1721
f 1522 1521 1722
f 1522 1723 1609
f 1522 1722 1723
f 1609 1723 1715
f 1719 1616 1613
f 1724 1616 1719
f 1618 1725 1619
f 1619 1725 1857
f 1726 1619 1857
f 1620 1619 1726
f 1621 1726 1727
f 1620 1726 1621
f 1728 1621 1727
f 1622 1621 1728
f 1521 1622 1729
f 1622 1728 1729
f 1730 1624 1852
f 1624 1724 1852
f 1624 1616 1724
f 1731 1730 1852
f 1629 1732 1625
f 1732 1733 1625
f 1625 1733 1618
f 1733 1734 1618
f 1734 1725 1618
f 1725 1734 1857
f 1726 1735 1727
f 1730 1627 1624
f 1731 1627 1730
f 1736 1627 1731
f 1742 1732 1629
f 1737 1732 1742
f 1733 1732 1738
f 1738 1732 1737
f 1739 1632 1630
f 1627 1736 1740
f 1739 1627 1740
f 1741 1739 1740
f 1630 1627 1739
f 1742 1629 1631
f 1737 1873 1738
f 1739 1741 1743
f 1634 1739 1743
f 1744 1634 1743
f 1739 1634 1632
f 1639 1745 1631
f 1745 1742 1631
f 1746 1742 1745
f 1737 1742 1746
f 1747 1636 1744
f 1636 1634 1744
f 1748 1747 1744
f 1638 1749 1639
f 1749 1745 1639
f 1750 1745 1749
f 1746 1750 1751
f 1746 1745 1750
f 1747 1640 1636
f 1641 1640 1747
f 1752 1641 1747
f 1748 1752 1747
f 1753 1641 1752
f 1754 1642 1641
f 1754 1641 1753
f 1749 1638 1642
f 1754 1749 1642
f 1755 1749 1754
f 1749 1760 1750
f 1749 1755 1760
f 1751 1750 1760
f 1753 1752 1756
f 1756 1752 1757
f 1753 1758 1754
f 1753 1756 1758
f 1754 1759 1755
f 1754 1758 1759
f 1755 1759 1760
f 1756 1757 1761
f 1761 1757 1762
f 1756 1763 1758
f 1756 1761 1763
f 1758 1764 1759
f 1758 1763 1764
f 1759 1765 1760
f 1759 1764 1765
f 1767 1766 1762
f 1766 1761 1762
f 1766 1763 1761
f 1763 1768 1764
f 1763 1766 1768
f 1764 1769 1765
f 1764 1768 1769
f 1766 1767 1770
f 1770 1767 1771
f 1766 1772 1768
f 1766 1770 1772
f 1773 1769 1772
f 1769 1768 1772
f 1771 1774 1770
f 1770 1774 1772
f 1772 1774 1775
f 1646 1777 1776
f 1646 1647 1777
f 1778 1647 1648
f 1778 1777 1647
f 1779 1648 1649
f 1779 1778 1648
f 1780 1649 1650
f 1780 1779 1649
f 1781 1650 1651
f 1781 1780 1650
f 1782 1651 1652
f 1782 1781 1651
f 1783 1652 1653
f 1783 1782 1652
f 1784 1653 1654
f 1784 1783 1653
f 1785 1784 1657
f 1784 1655 1657
f 1784 1654 1655
f 1787 1786 1656
f 1787 1656 1646
f 1788 1787 1646
f 1788 1646 1776
f 1658 1785 1657
f 1789 1785 1658
f 1661 1790 1660
f 1662 1791 1661
f 1661 1791 1790
f 1663 1792 1662
f 1662 1792 1791
f 1664 1793 1663
f 1663 1793 1792
f 1793 1664 1786
f 1795 1794 1665
f 1795 1665 1666
f 1665 1796 1667
f 1794 1796 1665
f 1667 1797 1668
f 1796 1797 1667
f 1658 1668 1789
f 1789 1668 1797
f 1669 1670 1798
f 1670 1799 1798
f 1670 1800 1799
f 1801 1670 1660
f 1800 1670 1801
f 1801 1660 1790
f 1790 1791 1802
f 1802 1791 1792
f 1802 1792 1803
f 1803 1792 1793
f 1803 1793 1804
f 1805 1666 1671
f 1805 1795 1666
f 1806 1798 1807
f 1806 1669 1798
f 1809 1808 1672
f 1809 1672 1673
f 1672 1810 1671
f 1672 1808 1810
f 1671 1810 1805
f 1675 1811 1674
f 1813 1812 1675
f 1812 1811 1675
f 1807 1676 1806
f 1807 1814 1676
f 1677 1809 1673
f 1677 1815 1809
f 1816 1680 1811
f 1680 1674 1811
f 1675 1681 1813
f 1816 1811 1817
f 1681 1818 1813
f 1682 1818 1681
f 1682 1684 1818
f 1818 1684 1819
f 1688 1820 1687
f 1688 1676 1814
f 1688 1814 1820
f 1677 1689 1821
f 1822 1677 1821
f 1815 1677 1822
f 1690 1821 1689
f 1823 1693 1816
f 1816 1693 1680
f 1816 1817 1824
f 1816 1824 1823
f 1825 1819 1684
f 1825 1684 1694
f 1827 1826 1695
f 1826 1694 1695
f 1826 1825 1694
f 1827 1828 1826
f 1687 1820 1706
f 1706 1820 1829
f 1822 1821 1830
f 1697 1830 1690
f 1690 1830 1821
f 1693 1823 1701
f 1823 1831 1701
f 1823 1824 1969
f 1823 1969 1831
f 1703 1832 1827
f 1703 1827 1695
f 1828 1827 1833
f 1833 1827 1832
f 1834 1705 1706
f 1835 1834 1706
f 1829 1835 1706
f 1836 1830 1697
f 1707 1836 1697
f 1845 1836 1707
f 1707 1708 1845
f 1700 1709 1699
f 1709 1700 1710
f 1710 1700 1701
f 1710 1701 1711
f 1711 1701 1831
f 1838 1837 1711
f 1969 1838 1711
f 1831 1969 1711
f 1840 1839 1837
f 1840 1837 1838
f 1841 1839 1840
f 1712 1832 1703
f 1712 1713 1832
f 1713 1833 1832
f 1713 1842 1833
f 1843 1714 1834
f 1834 1714 1705
f 1834 1835 1843
f 1716 1715 1844
f 1845 1716 1844
f 1717 1716 1845
f 1708 1717 1845
f 1718 1837 1839
f 1719 1718 1839
f 1841 1719 1839
f 1846 1719 1841
f 1847 1842 1713
f 1847 1713 1720
f 1720 1714 1843
f 1848 1720 1843
f 1847 1720 1848
f 1722 1721 1849
f 1850 1722 1849
f 1723 1722 1850
f 1723 1851 1715
f 1723 1850 1851
f 1715 1851 1844
f 1852 1724 1983
f 1724 1846 1983
f 1724 1719 1846
f 1854 1853 1852
f 1854 1852 1983
f 1856 1855 1853
f 1856 1853 1854
f 1991 1855 1856
f 1866 1729 1728
f 1866 1858 1729
f 1729 1858 1721
f 1721 1858 1849
f 1852 1859 1731
f 1852 1853 1859
f 1860 1853 1855
f 1859 1853 1860
f 1855 1991 1861
f 1860 1855 1861
f 1733 1857 1734
f 1862 1857 1733
f 1863 1735 1726
f 1857 1863 1726
f 1862 1863 1857
f 1863 1864 1735
f 1735 1864 1727
f 1864 1865 1727
f 1865 1728 1727
f 1728 1865 1866
f 1867 1736 1859
f 1859 1736 1731
f 1860 1869 1868
f 1867 1860 1868
f 1859 1860 1867
f 1869 1860 1861
f 1738 1870 1733
f 1733 1871 1862
f 1733 1870 1871
f 1863 1862 1871
f 1863 1871 1864
f 1867 1740 1736
f 1741 1740 1867
f 1868 1741 1867
f 1872 1741 1868
f 1870 1738 1873
f 1874 1870 1873
f 1871 1874 1875
f 1871 1870 1874
f 1876 1744 1743
f 1741 1872 1877
f 1876 1741 1877
f 1878 1876 1877
f 1743 1741 1876
f 1873 1737 1746
f 1879 1873 1746
f 1880 1873 1879
f 1874 1873 1880
f 1874 1880 1875
f 1876 1878 1881
f 1748 1876 1881
f 1882 1748 1881
f 1876 1748 1744
f 1879 1746 1751
f 1883 1879 1751
f 1880 1883 1884
f 1880 1879 1883
f 1882 1752 1748
f 1885 1752 1882
f 1760 1886 1751
f 1751 1887 1883
f 1751 1886 1887
f 1884 1883 1887
f 1885 1757 1752
f 1888 1757 1885
f 1760 1889 1886
f 1886 1890 1887
f 1886 1889 1890
f 1891 1887 1890
f 1888 1762 1757
f 1892 1762 1888
f 1765 1893 1889
f 1765 1889 1760
f 1891 1890 1894
f 1890 1889 1894
f 1762 1895 1899
f 1762 1892 1895
f 1899 1767 1762
f 1769 1896 1893
f 1769 1893 1765
f 1893 1897 1889
f 1893 1896 1897
f 1889 1898 1894
f 1889 1897 1898
f 1900 1767 1899
f 1771 1767 1900
f 1772 1901 1773
f 1896 1769 1773
f 1901 1896 1773
f 1902 1896 1901
f 1896 1903 1897
f 1896 1902 1903
f 1897 1904 1898
f 1897 1903 1904
f 1900 1905 1771
f 1771 1905 1774
f 1774 1906 1775
f 1905 1906 1774
f 1772 1775 1901
f 1775 1907 1901
f 1775 1906 1907
f 1901 1907 1902
f 1902 1907 1908
f 1902 1908 1903
f 1903 1908 1909
f 1910 1903 1909
f 1910 1904 1903
f 1912 1776 1777
f 1778 1913 1777
f 1777 1913 1912
f 1913 1778 2055
f 1778 1914 2055
f 1778 1779 1914
f 1915 1779 1780
f 1915 1914 1779
f 1916 1780 1781
f 1916 1915 1780
f 1917 1781 1782
f 1917 1916 1781
f 1919 1917 1918
f 1917 1783 1918
f 1917 1782 1783
f 1784 1920 1783
f 1783 1920 1918
f 1785 1920 1784
f 1788 2059 1787
f 2059 1788 1776
f 1921 2059 1776
f 1912 1921 1776
f 2059 1921 1922
f 1923 1912 1913
f 1921 1912 1923
f 1913 2055 1923
f 1919 1918 1924
f 1919 1924 1925
f 1926 1918 1920
f 1924 1918 1926
f 1789 1926 1785
f 1785 1926 1920
f 1928 1793 1786
f 1787 1928 1786
f 2059 1928 1787
f 1929 1922 1921
f 1929 1921 1923
f 1929 1923 1930
f 1931 1925 1924
f 1794 1931 1924
f 1796 1794 1924
f 1931 1794 1795
f 1796 1924 1797
f 1797 1924 1926
f 1797 1926 1789
f 1933 1932 1799
f 1799 1932 1798
f 1934 1799 1800
f 1934 1933 1799
f 1934 1801 1927
f 1800 1801 1934
f 1801 1935 1927
f 1790 1935 1801
f 1936 1790 1802
f 1936 1935 1790
f 1937 1802 1803
f 1937 1936 1802
f 1938 1803 1804
f 1938 1937 1803
f 1804 1793 1928
f 1939 1804 1928
f 1938 1804 1939
f 1941 1940 1795
f 1805 1941 1795
f 1795 1940 1931
f 1943 1807 1942
f 1807 1932 1942
f 1807 1798 1932
f 1944 1943 1942
f 1946 1945 1808
f 1946 1808 1809
f 1808 1947 1810
f 1945 1947 1808
f 1805 1810 1941
f 1941 1810 1947
f 1811 1949 1948
f 1811 1812 1949
f 1951 1950 1813
f 1950 1812 1813
f 1950 1949 1812
f 1951 1952 1950
f 1953 1814 1943
f 1943 1814 1807
f 1943 1944 1953
f 1956 1955 1954
f 1955 1946 1954
f 1946 1815 1954
f 1946 1809 1815
f 1948 1817 1811
f 1957 1817 1948
f 1818 1951 1813
f 1818 1819 1951
f 1819 1952 1951
f 1819 1958 1952
f 1959 1820 1814
f 1953 1959 1814
f 1956 1954 1960
f 1956 1960 1961
f 1822 1960 1815
f 1815 1960 1954
f 1962 1824 2100
f 1824 1957 2100
f 1824 1817 1957
f 2101 1963 1962
f 2101 1962 2100
f 1964 1963 1825
f 1963 1958 1825
f 1958 1819 1825
f 1958 1963 2101
f 1826 1965 1825
f 1825 1965 1964
f 1828 1965 1826
f 1959 1966 1829
f 1959 1829 1820
f 1961 1960 1967
f 1961 1967 1968
f 1830 1967 1822
f 1822 1967 1960
f 1962 1969 1824
f 1970 1962 1963
f 1969 1962 1970
f 1971 1963 1964
f 1970 1963 1971
f 1972 1964 1965
f 1971 1964 1972
f 1833 1972 1828
f 1828 1972 1965
f 1973 1835 1966
f 1966 1835 1829
f 1966 1974 1973
f 1968 1967 1975
f 1968 1975 1976
f 1836 1977 1830
f 1977 1967 1830
f 1977 1975 1967
f 1836 1845 1977
f 1838 1969 1840
f 1840 1969 1970
f 1840 1970 1841
f 1970 1978 1841
f 1970 1971 1978
f 1979 1971 1972
f 1978 1971 1979
f 1842 1979 1833
f 1833 1979 1972
f 1988 1843 1973
f 1973 1843 1835
f 1973 1974 1988
f 1980 1976 1975
f 1980 1975 1977
f 1980 1977 1981
f 1844 1982 1845
f 1982 1977 1845
f 1982 1981 1977
f 1983 1846 1978
f 1978 1846 1841
f 1984 1978 1979
f 1983 1978 1984
f 1847 1985 1842
f 1985 1979 1842
f 1985 1984 1979
f 1848 1986 1847
f 1847 1986 1985
f 1987 1986 1848
f 1987 1848 1843
f 1988 1987 1843
f 1989 1851 1850
f 1989 1850 1849
f 1989 1990 1851
f 1990 1844 1851
f 1990 1982 1844
f 1854 1983 1984
f 1854 1984 1856
f 1856 1984 1985
f 1856 1985 1991
f 1985 1986 1991
f 1986 1987 1992
f 1986 1992 1991
f 1993 1849 1858
f 1994 1849 1993
f 1849 1995 1989
f 1849 1994 1995
f 1990 1989 1996
f 1996 1989 1995
f 1992 1861 1991
f 1997 1861 1992
f 1998 1866 1865
f 1998 1865 1864
f 1993 1858 1866
f 1998 1993 1866
f 1999 1993 1998
f 2000 1994 2006
f 1994 1999 2006
f 1994 1993 1999
f 1994 2000 1995
f 1995 2000 2001
f 1995 2001 1996
f 2002 1868 1869
f 2002 1869 2129
f 1869 2003 2129
f 1869 1861 2003
f 1861 1997 2003
f 2004 1864 1871
f 1864 2005 1998
f 1864 2004 2005
f 2006 1999 2009
f 1999 2005 2009
f 1999 1998 2005
f 2007 1872 2002
f 2002 1872 1868
f 2002 2129 2134
f 2002 2134 2007
f 2004 1871 1875
f 2009 2005 2008
f 2007 1877 1872
f 1878 1877 2007
f 2134 1878 2007
f 2010 1878 2134
f 1875 2011 2004
f 2005 2011 2012
f 2005 2004 2011
f 2005 2012 2008
f 1881 2013 1882
f 1881 1878 2010
f 1881 2010 2013
f 1875 1880 1884
f 2014 1875 1884
f 1875 2014 2015
f 2011 2015 2016
f 2011 1875 2015
f 2011 2016 2012
f 2013 1885 1882
f 2017 1885 2013
f 1887 2018 1884
f 1884 2019 2014
f 1884 2018 2019
f 2014 2020 2015
f 2014 2019 2020
f 2016 2015 2021
f 2021 2015 2020
f 2017 1888 1885
f 2022 1888 2017
f 1891 2018 1887
f 2018 2023 2019
f 2018 1891 2023
f 2019 2024 2020
f 2019 2023 2024
f 2021 2020 2024
f 2022 1892 1888
f 2025 1892 2022
f 2026 1891 1894
f 2023 1891 2026
f 2024 2026 2029
f 2024 2023 2026
f 2025 1895 1892
f 2027 1895 2025
f 1898 2028 2026
f 1898 2026 1894
f 2026 2030 2029
f 2026 2028 2030
f 2030 2031 2029
f 1899 1895 2032
f 1895 2027 2032
f 2032 1900 1899
f 1904 2033 2028
f 1904 2028 1898
f 2028 2034 2030
f 2028 2033 2034
f 2031 2030 2035
f 2035 2030 2034
f 2032 2036 1900
f 2036 1905 1900
f 2036 2037 1905
f 1906 2037 2163
f 1905 2037 1906
f 2038 1907 1906
f 2038 1906 2163
f 2039 1908 1907
f 2039 1907 2038
f 2040 1909 1908
f 2040 1908 2039
f 2040 1910 1909
f 1910 2041 2033
f 1910 2033 1904
f 2033 2042 2034
f 2033 2041 2042
f 2035 2034 2043
f 2043 2034 2042
f 2163 2044 2038
f 2038 2044 2045
f 2038 2045 2039
f 2039 2045 2046
f 2039 2046 2040
f 2040 2046 2047
f 2047 2049 2048
f 2047 2048 1911
f 2040 2047 1911
f 1910 2040 1911
f 2041 1910 1911
f 2048 2041 1911
f 2050 2041 2048
f 2041 2051 2042
f 2041 2050 2051
f 2043 2042 2052
f 2052 2042 2051
f 2048 2049 2050
f 2050 2049 2053
f 2050 2053 2051
f 2051 2053 2054
f 2051 2054 2052
f 1915 2056 1914
f 1914 2056 2055
f 1916 2057 1915
f 1915 2057 2056
f 1917 2058 1916
f 1916 2058 2057
f 1919 2058 1917
f 2060 1923 2055
f 2061 2055 2056
f 2060 2055 2061
f 2061 2057 2062
f 2056 2057 2061
f 2062 2057 2058
f 2062 2058 2063
f 2058 1919 2063
f 1919 2064 2063
f 1919 1925 2064
f 1927 2066 2065
f 1927 2067 2066
f 2069 2068 1927
f 2068 2067 1927
f 2070 1928 2059
f 2070 2059 1922
f 2071 2070 1922
f 1929 2071 1922
f 2072 2070 2071
f 2083 2071 2073
f 2071 1930 2073
f 2071 1929 1930
f 1923 2060 1930
f 2060 2073 1930
f 2060 2074 2073
f 2075 2060 2061
f 2074 2060 2075
f 2061 2062 2076
f 2061 2076 2075
f 1931 2064 1925
f 1931 2087 2064
f 2077 1932 1933
f 2066 2077 2065
f 2077 1933 2065
f 1933 1934 2065
f 2065 1934 1927
f 1935 2069 1927
f 1935 2078 2069
f 1936 2078 1935
f 2079 1936 1937
f 2079 2078 1936
f 2080 1937 1938
f 2080 2079 1937
f 2081 1938 1939
f 2081 2080 1938
f 1939 1928 2070
f 2082 1939 2070
f 2081 1939 2082
f 2082 2070 2072
f 2073 2084 2083
f 2074 2084 2073
f 2075 2086 2085
f 2084 2075 2085
f 2074 2075 2084
f 2086 2075 2076
f 2092 2087 1940
f 2092 1940 1941
f 1931 1940 2087
f 2077 1942 1932
f 2089 2088 1944
f 2089 1944 1942
f 2077 2089 1942
f 2098 2090 1946
f 2084 1946 2090
f 1946 2084 1945
f 2085 1945 2084
f 1945 2085 2091
f 1945 2092 1947
f 2091 2092 1945
f 1941 1947 2092
f 2093 1948 1949
f 1950 2094 1949
f 1949 2094 2093
f 1952 2094 1950
f 2095 1953 2088
f 2088 1953 1944
f 2088 2089 2194
f 2096 2088 2194
f 2095 2088 2096
f 2097 2096 2194
f 2099 2098 1955
f 2099 1955 1956
f 1946 1955 2098
f 2100 1957 2093
f 2093 1957 1948
f 2101 2093 2094
f 2100 2093 2101
f 1958 2101 1952
f 1952 2101 2094
f 1953 2095 1959
f 2095 2102 1959
f 2095 2103 2102
f 2104 2095 2096
f 2103 2095 2104
f 2104 2097 2105
f 2096 2097 2104
f 1961 2099 1956
f 1961 2106 2099
f 2102 2103 2107
f 1966 2102 2107
f 2204 1966 2107
f 2102 1966 1959
f 2107 2103 2104
f 2107 2104 2108
f 2108 2104 2105
f 2109 2106 1968
f 2106 1961 1968
f 2204 1974 1966
f 2208 1974 2204
f 2109 1968 2110
f 2109 2110 2111
f 1976 2110 1968
f 1988 2208 2112
f 1988 1974 2208
f 2111 2110 2113
f 2111 2113 2114
f 1980 2115 1976
f 2115 2110 1976
f 2115 2113 2110
f 1980 1981 2115
f 2112 2116 1988
f 2114 2113 2117
f 2114 2117 2118
f 2119 2113 2115
f 2117 2113 2119
f 2120 2115 1981
f 2119 2115 2120
f 1990 2120 1982
f 1982 2120 1981
f 2121 1987 1988
f 2121 1992 1987
f 2121 1988 2116
f 2122 2118 2117
f 2122 2117 2119
f 2122 2119 2123
f 2123 2119 2120
f 2123 2120 2124
f 2120 1990 2124
f 1990 2125 2124
f 1990 1996 2125
f 2121 1997 1992
f 2221 1997 2121
f 2006 2126 2000
f 2127 2001 2000
f 2127 2000 2126
f 2127 2128 2001
f 2128 1996 2001
f 2128 2125 1996
f 2130 2129 2003
f 1997 2130 2003
f 2221 2130 1997
f 2009 2131 2006
f 2131 2126 2006
f 2137 2126 2131
f 2133 2127 2132
f 2127 2137 2132
f 2127 2126 2137
f 2127 2133 2128
f 2129 2130 2139
f 2129 2139 2134
f 2008 2142 2009
f 2142 2135 2009
f 2135 2136 2009
f 2136 2131 2009
f 2131 2136 2137
f 2139 2138 2134
f 2138 2010 2134
f 2140 2141 2012
f 2012 2141 2008
f 2141 2142 2008
f 2010 2143 2013
f 2138 2143 2010
f 2140 2012 2016
f 2144 2140 2016
f 2145 2140 2144
f 2141 2140 2149
f 2149 2140 2145
f 2143 2146 2013
f 2146 2017 2013
f 2021 2147 2144
f 2021 2144 2016
f 2149 2145 2148
f 2145 2147 2148
f 2145 2144 2147
f 2146 2022 2017
f 2150 2022 2146
f 2024 2151 2147
f 2024 2147 2021
f 2148 2147 2152
f 2152 2147 2151
f 2150 2025 2022
f 2153 2025 2150
f 2151 2024 2029
f 2154 2151 2029
f 2152 2151 2155
f 2155 2151 2154
f 2153 2027 2025
f 2156 2027 2153
f 2157 2029 2031
f 2154 2029 2157
f 2155 2154 2159
f 2159 2154 2157
f 2156 2032 2027
f 2158 2032 2156
f 2160 2159 2157
f 2031 2160 2157
f 2035 2160 2031
f 2158 2161 2032
f 2032 2161 2036
f 2036 2162 2037
f 2161 2162 2036
f 2037 2257 2163
f 2162 2257 2037
f 2164 2163 2257
f 2043 2160 2035
f 2043 2165 2160
f 2164 2166 2163
f 2166 2044 2163
f 2166 2045 2044
f 2045 2167 2046
f 2166 2167 2045
f 2046 2167 2047
f 2167 2049 2047
f 2052 2165 2043
f 2052 2168 2165
f 2167 2169 2049
f 2169 2170 2049
f 2049 2171 2053
f 2170 2171 2049
f 2053 2172 2054
f 2171 2172 2053
f 2052 2054 2168
f 2168 2054 2172
f 2062 2063 2173
f 2067 2175 2066
f 2066 2175 2174
f 2068 2176 2067
f 2067 2176 2175
f 2069 2176 2068
f 2179 2178 2177
f 2177 2180 2179
f 2083 2072 2071
f 2181 2076 2173
f 2173 2076 2062
f 2182 2173 2063
f 2181 2173 2182
f 2087 2182 2064
f 2064 2182 2063
f 2183 2077 2174
f 2174 2077 2066
f 2184 2174 2175
f 2183 2174 2184
f 2185 2175 2176
f 2184 2175 2185
f 2185 2176 2069
f 2186 2185 2069
f 2078 2186 2069
f 2271 2185 2186
f 2187 2078 2079
f 2187 2186 2078
f 2188 2079 2080
f 2188 2187 2079
f 2081 2177 2178
f 2188 2081 2178
f 2080 2081 2188
f 2189 2180 2177
f 2081 2189 2177
f 2082 2189 2081
f 2189 2082 2072
f 2190 2189 2072
f 2083 2190 2072
f 2189 2190 2191
f 2192 2190 2083
f 2084 2192 2083
f 2076 2181 2086
f 2181 2193 2086
f 2092 2193 2087
f 2193 2182 2087
f 2193 2181 2182
f 2183 2089 2077
f 2183 2194 2089
f 2183 2184 2194
f 2195 2184 2185
f 2194 2184 2195
f 2185 2271 2196
f 2185 2196 2195
f 2197 2191 2190
f 2197 2190 2192
f 2197 2192 2198
f 2199 2198 2098
f 2098 2198 2090
f 2198 2192 2090
f 2192 2084 2090
f 2085 2086 2091
f 2091 2086 2092
f 2092 2086 2193
f 2097 2194 2195
f 2196 2097 2195
f 2200 2097 2196
f 2099 2199 2098
f 2201 2199 2099
f 2202 2105 2097
f 2200 2202 2097
f 2106 2201 2099
f 2106 2203 2201
f 2204 2107 2293
f 2107 2205 2293
f 2107 2108 2205
f 2108 2105 2202
f 2205 2108 2202
f 2207 2206 2109
f 2106 2109 2203
f 2203 2109 2206
f 2204 2293 2209
f 2204 2209 2208
f 2111 2207 2109
f 2111 2210 2207
f 2209 2112 2208
f 2211 2112 2209
f 2212 2210 2114
f 2210 2111 2114
f 2214 2213 2112
f 2112 2213 2116
f 2112 2211 2214
f 2212 2114 2215
f 2212 2215 2216
f 2118 2215 2114
f 2116 2217 2121
f 2213 2217 2116
f 2215 2223 2216
f 2218 2223 2215
f 2122 2219 2118
f 2219 2215 2118
f 2219 2218 2215
f 2123 2220 2122
f 2122 2220 2219
f 2123 2124 2220
f 2222 2221 2121
f 2222 2121 2217
f 2225 2224 2223
f 2218 2225 2223
f 2226 2218 2219
f 2225 2218 2226
f 2227 2219 2220
f 2226 2219 2227
f 2128 2220 2124
f 2227 2220 2128
f 2125 2128 2124
f 2228 2130 2221
f 2229 2224 2225
f 2229 2225 2226
f 2229 2226 2230
f 2232 2231 2230
f 2226 2232 2230
f 2227 2232 2226
f 2132 2232 2133
f 2232 2128 2133
f 2232 2227 2128
f 2228 2139 2130
f 2233 2139 2228
f 2235 2234 2136
f 2235 2136 2135
f 2232 2137 2231
f 2137 2234 2231
f 2137 2136 2234
f 2137 2232 2132
f 2139 2236 2138
f 2139 2233 2236
f 2238 2237 2142
f 2238 2142 2141
f 2135 2142 2235
f 2235 2142 2237
f 2236 2143 2138
f 2239 2143 2236
f 2149 2238 2141
f 2149 2240 2238
f 2242 2241 2143
f 2143 2241 2146
f 2143 2239 2242
f 2148 2245 2149
f 2245 2243 2149
f 2243 2240 2149
f 2150 2241 2244
f 2146 2241 2150
f 2148 2246 2245
f 2152 2246 2148
f 2249 2244 2247
f 2249 2153 2150
f 2249 2150 2244
f 2155 2246 2152
f 2155 2248 2246
f 2250 2153 2249
f 2156 2153 2250
f 2251 2248 2159
f 2248 2155 2159
f 2250 2158 2156
f 2252 2158 2250
f 2160 2251 2159
f 2253 2251 2160
f 2252 2254 2158
f 2158 2254 2161
f 2254 2256 2255
f 2162 2254 2255
f 2161 2254 2162
f 2257 2162 2255
f 2165 2253 2160
f 2165 2258 2253
f 2256 2259 2255
f 2255 2259 2257
f 2257 2259 2260
f 2257 2260 2164
f 2260 2166 2164
f 2260 2261 2166
f 2167 2261 2264
f 2166 2261 2167
f 2258 2168 2262
f 2258 2165 2168
f 2264 2169 2167
f 2264 2265 2169
f 2169 2266 2170
f 2265 2266 2169
f 2170 2267 2171
f 2266 2267 2170
f 2262 2172 2263
f 2172 2267 2263
f 2172 2171 2267
f 2172 2262 2168
f 2268 2178 2179
f 2268 2179 2180
f 2187 2272 2186
f 2186 2272 2271
f 2188 2273 2187
f 2187 2273 2272
f 2178 2268 2188
f 2268 2273 2188
f 2268 2274 2273
f 2275 2269 2270
f 2269 2275 2189
f 2274 2189 2275
f 2189 2274 2180
f 2268 2180 2274
f 2189 2191 2269
f 2191 2276 2269
f 2277 2196 2271
f 2278 2271 2272
f 2277 2271 2278
f 2279 2272 2273
f 2278 2272 2279
f 2279 2274 2280
f 2273 2274 2279
f 2281 2276 2191
f 2281 2191 2197
f 2282 2197 2198
f 2282 2281 2197
f 2284 2283 2199
f 2283 2198 2199
f 2283 2282 2198
f 2285 2200 2277
f 2277 2200 2196
f 2278 2287 2286
f 2285 2278 2286
f 2277 2278 2285
f 2287 2278 2279
f 2287 2279 2288
f 2288 2279 2280
f 2199 2289 2284
f 2201 2289 2199
f 2291 2366 2290
f 2286 2291 2285
f 2291 2202 2285
f 2202 2200 2285
f 2291 2290 2202
f 2203 2289 2201
f 2203 2292 2289
f 2366 2294 2290
f 2294 2205 2290
f 2205 2202 2290
f 2205 2294 2293
f 2207 2295 2206
f 2295 2298 2206
f 2298 2203 2206
f 2298 2292 2203
f 2296 2209 2293
f 2293 2294 2296
f 2297 2298 2295
f 2210 2297 2295
f 2207 2210 2295
f 2299 2209 2296
f 2299 2211 2209
f 2300 2297 2212
f 2212 2297 2210
f 2302 2301 2214
f 2214 2301 2213
f 2214 2211 2299
f 2214 2299 2302
f 2305 2304 2303
f 2305 2300 2304
f 2300 2216 2304
f 2300 2212 2216
f 2301 2217 2213
f 2306 2217 2301
f 2303 2307 2308
f 2307 2304 2223
f 2307 2303 2304
f 2223 2304 2216
f 2222 2309 2221
f 2222 2217 2306
f 2222 2306 2309
f 2310 2308 2307
f 2312 2310 2311
f 2311 2310 2223
f 2310 2307 2223
f 2224 2311 2223
f 2313 2228 2309
f 2228 2221 2309
f 2312 2311 2314
f 2312 2314 2315
f 2229 2316 2224
f 2316 2311 2224
f 2316 2314 2311
f 2229 2230 2316
f 2317 2233 2313
f 2313 2233 2228
f 2315 2314 2318
f 2319 2314 2316
f 2318 2314 2319
f 2235 2319 2234
f 2319 2230 2234
f 2319 2316 2230
f 2234 2230 2231
f 2321 2320 2236
f 2321 2236 2233
f 2322 2321 2233
f 2317 2322 2233
f 2238 2323 2237
f 2323 2318 2237
f 2318 2319 2237
f 2237 2319 2235
f 2325 2324 2320
f 2324 2239 2320
f 2239 2236 2320
f 2325 2320 2321
f 2240 2323 2238
f 2240 2326 2323
f 2324 2241 2242
f 2324 2327 2241
f 2324 2242 2239
f 2243 2326 2240
f 2243 2328 2326
f 2244 2241 2327
f 2244 2327 2329
f 2331 2330 2245
f 2331 2245 2246
f 2243 2245 2328
f 2328 2245 2330
f 2329 2247 2244
f 2332 2247 2329
f 2248 2331 2246
f 2248 2333 2331
f 2332 2334 2247
f 2247 2334 2249
f 2250 2249 2334
f 2250 2334 2335
f 2248 2251 2333
f 2333 2251 2336
f 2335 2252 2250
f 2337 2252 2335
f 2253 2336 2251
f 2253 2338 2336
f 2337 2339 2252
f 2252 2339 2254
f 2256 2254 2339
f 2256 2339 2340
f 2347 2342 2341
f 2342 2338 2341
f 2338 2258 2341
f 2338 2253 2258
f 2340 2343 2256
f 2256 2343 2259
f 2259 2344 2260
f 2343 2344 2259
f 2260 2345 2261
f 2344 2345 2260
f 2261 2346 2264
f 2345 2346 2261
f 2263 2347 2341
f 2262 2263 2341
f 2262 2341 2258
f 2346 2348 2264
f 2348 2265 2264
f 2265 2349 2266
f 2348 2349 2265
f 2263 2267 2347
f 2267 2349 2347
f 2267 2266 2349
f 2350 2419 2269
f 2419 2270 2269
f 2419 2275 2270
f 2276 2351 2269
f 2351 2350 2269
f 2351 2276 2281
f 2352 2280 2274
f 2353 2352 2274
f 2275 2353 2274
f 2419 2353 2275
f 2354 2351 2281
f 2282 2354 2281
f 2355 2282 2283
f 2355 2354 2282
f 2357 2356 2284
f 2356 2283 2284
f 2356 2355 2283
f 2359 2358 2357
f 2357 2358 2356
f 2359 2360 2358
f 2361 2436 2287
f 2287 2436 2286
f 2361 2287 2288
f 2288 2280 2352
f 2362 2288 2352
f 2361 2288 2362
f 2362 2352 2353
f 2289 2363 2284
f 2363 2364 2284
f 2364 2357 2284
f 2357 2364 2359
f 2359 2364 2365
f 2359 2365 2360
f 2366 2291 2442
f 2291 2367 2442
f 2291 2286 2367
f 2286 2436 2367
f 2292 2368 2289
f 2289 2368 2363
f 2446 2294 2366
f 2446 2366 2442
f 2371 2370 2369
f 2370 2368 2369
f 2368 2298 2369
f 2368 2292 2298
f 2296 2446 2372
f 2296 2294 2446
f 2375 2371 2369
f 2297 2375 2369
f 2298 2297 2369
f 2373 2299 2296
f 2374 2373 2296
f 2372 2374 2296
f 2297 2376 2375
f 2300 2376 2297
f 2302 2377 2301
f 2302 2299 2373
f 2378 2302 2373
f 2377 2302 2378
f 2379 2303 2381
f 2305 2303 2379
f 2300 2305 2376
f 2376 2305 2379
f 2380 2306 2377
f 2306 2301 2377
f 2382 2381 2303
f 2308 2382 2303
f 2383 2309 2306
f 2380 2383 2306
f 2312 2385 2310
f 2385 2382 2310
f 2382 2308 2310
f 2383 2313 2309
f 2384 2313 2383
f 2387 2386 2385
f 2312 2387 2385
f 2315 2387 2312
f 2384 2317 2313
f 2474 2317 2384
f 2386 2387 2388
f 2386 2388 2389
f 2318 2388 2315
f 2315 2388 2387
f 2317 2390 2322
f 2474 2390 2317
f 2389 2388 2391
f 2389 2391 2396
f 2392 2388 2318
f 2392 2391 2388
f 2323 2392 2318
f 2325 2393 2324
f 2394 2393 2325
f 2394 2325 2321
f 2395 2394 2321
f 2322 2395 2321
f 2395 2322 2390
f 2398 2397 2396
f 2391 2398 2396
f 2392 2398 2391
f 2326 2398 2323
f 2323 2398 2392
f 2399 2402 2324
f 2402 2327 2324
f 2399 2324 2393
f 2399 2393 2394
f 2397 2398 2400
f 2397 2400 2401
f 2328 2400 2326
f 2326 2400 2398
f 2402 2487 2329
f 2329 2327 2402
f 2401 2400 2330
f 2331 2401 2330
f 2403 2401 2331
f 2330 2400 2328
f 2487 2332 2329
f 2404 2332 2487
f 2333 2403 2331
f 2332 2404 2334
f 2335 2334 2404
f 2335 2404 2492
f 2405 2491 2336
f 2333 2336 2491
f 2337 2492 2406
f 2337 2335 2492
f 2338 2405 2336
f 2338 2494 2405
f 2406 2339 2337
f 2340 2339 2406
f 2407 2340 2406
f 2342 2347 2408
f 2409 2342 2408
f 2410 2342 2409
f 2338 2342 2494
f 2494 2342 2410
f 2407 2411 2340
f 2340 2411 2343
f 2343 2412 2344
f 2411 2412 2343
f 2344 2413 2345
f 2412 2413 2344
f 2345 2414 2346
f 2413 2414 2345
f 2416 2415 2346
f 2414 2416 2346
f 2418 2417 2415
f 2418 2415 2416
f 2417 2418 2409
f 2417 2409 2408
f 2347 2417 2408
f 2415 2348 2346
f 2348 2415 2349
f 2349 2415 2417
f 2349 2417 2347
f 2419 2350 2506
f 2350 2420 2506
f 2350 2351 2420
f 2422 2421 2351
f 2421 2420 2351
f 2424 2423 2358
f 2426 2425 2358
f 2358 2425 2424
f 2428 2427 2426
f 2426 2427 2425
f 2428 2429 2427
f 2430 2353 2419
f 2419 2506 2430
f 2354 2422 2351
f 2354 2431 2422
f 2355 2431 2354
f 2432 2355 2356
f 2432 2431 2355
f 2432 2358 2423
f 2356 2358 2432
f 2426 2358 2433
f 2358 2360 2433
f 2360 2434 2433
f 2426 2433 2428
f 2428 2433 2435
f 2428 2435 2429
f 2436 2361 2518
f 2361 2437 2518
f 2438 2361 2362
f 2438 2437 2361
f 2362 2353 2430
f 2439 2362 2430
f 2438 2362 2439
f 2364 2363 2440
f 2441 2364 2440
f 2365 2364 2441
f 2360 2365 2434
f 2434 2365 2441
f 2443 2442 2367
f 2443 2367 2436
f 2443 2436 2518
f 2368 2444 2363
f 2444 2445 2363
f 2363 2445 2440
f 2528 2446 2442
f 2528 2442 2443
f 2449 2448 2447
f 2370 2371 2448
f 2449 2370 2448
f 2450 2370 2449
f 2368 2370 2444
f 2370 2451 2444
f 2370 2450 2451
f 2528 2452 2372
f 2446 2528 2372
f 2454 2540 2453
f 2447 2454 2453
f 2448 2454 2447
f 2375 2454 2371
f 2371 2454 2448
f 2456 2455 2374
f 2374 2455 2373
f 2374 2372 2452
f 2457 2374 2452
f 2456 2374 2457
f 2460 2459 2458
f 2540 2461 2458
f 2540 2458 2459
f 2461 2540 2454
f 2376 2461 2454
f 2375 2376 2454
f 2377 2462 2544
f 2377 2378 2462
f 2378 2373 2455
f 2378 2455 2462
f 2460 2458 2463
f 2460 2463 2464
f 2381 2463 2379
f 2463 2461 2379
f 2463 2458 2461
f 2379 2461 2376
f 2544 2465 2380
f 2544 2380 2377
f 2466 2464 2463
f 2382 2466 2463
f 2381 2382 2463
f 2468 2383 2380
f 2465 2468 2380
f 2467 2466 2385
f 2469 2467 2385
f 2385 2466 2382
f 2470 2384 2383
f 2383 2468 2471
f 2383 2471 2470
f 2472 2469 2385
f 2385 2386 2472
f 2472 2386 2473
f 2470 2474 2384
f 2470 2471 2475
f 2470 2475 2474
f 2389 2473 2386
f 2389 2476 2473
f 2477 2390 2474
f 2474 2475 2477
f 2396 2476 2389
f 2396 2481 2476
f 2479 2478 2395
f 2395 2478 2394
f 2395 2390 2477
f 2480 2395 2477
f 2479 2395 2480
f 2396 2397 2481
f 2481 2397 2482
f 2484 2483 2399
f 2399 2483 2402
f 2485 2399 2394
f 2485 2484 2399
f 2394 2478 2485
f 2401 2482 2397
f 2401 2486 2482
f 2488 2487 2402
f 2483 2488 2402
f 2403 2486 2401
f 2489 2404 2487
f 2489 2487 2488
f 2333 2491 2403
f 2492 2404 2489
f 2492 2489 2490
f 2406 2492 2493
f 2493 2407 2406
f 2495 2407 2493
f 2503 2497 2409
f 2409 2498 2410
f 2497 2498 2409
f 2494 2410 2498
f 2411 2407 2504
f 2407 2499 2504
f 2407 2495 2499
f 2500 2412 2411
f 2500 2411 2504
f 2412 2500 2501
f 2413 2412 2501
f 2414 2501 2496
f 2414 2413 2501
f 2502 2414 2496
f 2502 2416 2414
f 2416 2503 2418
f 2502 2503 2416
f 2409 2418 2503
f 2500 2504 2505
f 2500 2505 2501
f 2421 2507 2420
f 2420 2507 2506
f 2422 2507 2421
f 2508 2423 2424
f 2425 2509 2424
f 2424 2509 2508
f 2427 2510 2425
f 2425 2510 2509
f 2429 2510 2427
f 2511 2430 2506
f 2507 2513 2512
f 2511 2507 2512
f 2506 2507 2511
f 2513 2507 2422
f 2431 2513 2422
f 2514 2513 2431
f 2515 2431 2432
f 2515 2514 2431
f 2515 2432 2423
f 2516 2515 2423
f 2508 2516 2423
f 2515 2516 2517
f 2434 2516 2433
f 2516 2509 2433
f 2516 2508 2509
f 2433 2509 2435
f 2435 2509 2510
f 2435 2510 2429
f 2518 2437 2519
f 2437 2520 2519
f 2437 2438 2520
f 2521 2438 2439
f 2521 2520 2438
f 2439 2430 2511
f 2522 2439 2511
f 2521 2439 2522
f 2522 2511 2512
f 2517 2516 2441
f 2440 2517 2441
f 2526 2517 2440
f 2441 2516 2434
f 2524 2523 2443
f 2524 2443 2518
f 2525 2524 2518
f 2525 2518 2519
f 2527 2526 2445
f 2527 2445 2444
f 2440 2445 2526
f 2443 2523 2528
f 2523 2529 2528
f 2523 2524 2530
f 2523 2530 2529
f 2532 2531 2447
f 2447 2533 2449
f 2531 2533 2447
f 2449 2534 2450
f 2533 2534 2449
f 2450 2535 2451
f 2534 2535 2450
f 2444 2451 2527
f 2527 2451 2535
f 2528 2536 2452
f 2528 2529 2536
f 2529 2530 2537
f 2536 2529 2537
f 2539 2538 2537
f 2540 2538 2453
f 2538 2532 2453
f 2532 2447 2453
f 2532 2538 2539
f 2457 2541 2456
f 2613 2541 2457
f 2613 2457 2452
f 2542 2613 2452
f 2536 2542 2452
f 2542 2536 2537
f 2542 2537 2543
f 2460 2543 2459
f 2543 2537 2459
f 2537 2538 2459
f 2459 2538 2540
f 2545 2544 2462
f 2545 2462 2455
f 2546 2545 2455
f 2456 2546 2455
f 2546 2456 2541
f 2546 2541 2547
f 2547 2541 2613
f 2548 2543 2464
f 2543 2460 2464
f 2545 2465 2544
f 2549 2465 2545
f 2548 2464 2466
f 2467 2548 2466
f 2550 2548 2467
f 2465 2549 2552
f 2551 2465 2552
f 2553 2551 2552
f 2468 2465 2551
f 2620 2553 2552
f 2469 2550 2467
f 2469 2554 2550
f 2555 2471 2551
f 2551 2471 2468
f 2556 2551 2553
f 2555 2551 2556
f 2553 2620 2556
f 2557 2554 2469
f 2557 2469 2472
f 2472 2473 2557
f 2559 2558 2555
f 2558 2471 2555
f 2558 2475 2471
f 2559 2555 2556
f 2559 2556 2560
f 2476 2557 2473
f 2476 2562 2557
f 2558 2477 2475
f 2561 2477 2558
f 2481 2563 2562
f 2476 2481 2562
f 2566 2565 2564
f 2478 2479 2564
f 2479 2566 2564
f 2479 2567 2566
f 2568 2479 2480
f 2568 2567 2479
f 2480 2477 2561
f 2480 2561 2568
f 2481 2482 2563
f 2482 2569 2563
f 2570 2483 2484
f 2565 2570 2564
f 2570 2484 2564
f 2484 2485 2564
f 2564 2485 2478
f 2486 2569 2482
f 2486 2571 2569
f 2572 2483 2570
f 2572 2488 2483
f 2403 2571 2486
f 2403 2573 2571
f 2488 2574 2489
f 2572 2574 2488
f 2491 2573 2403
f 2491 2575 2573
f 2574 2490 2489
f 2576 2490 2574
f 2577 2575 2491
f 2577 2491 2405
f 2576 2578 2490
f 2490 2578 2492
f 2493 2492 2578
f 2493 2578 2579
f 2494 2577 2405
f 2494 2580 2577
f 2579 2495 2493
f 2581 2495 2579
f 2583 2582 2496
f 2585 2584 2496
f 2582 2585 2496
f 2659 2586 2584
f 2659 2584 2585
f 2497 2503 2586
f 2659 2497 2586
f 2587 2497 2659
f 2497 2588 2498
f 2587 2588 2497
f 2494 2498 2580
f 2580 2498 2588
f 2581 2590 2589
f 2499 2581 2589
f 2495 2581 2499
f 2592 2591 2501
f 2496 2501 2583
f 2583 2501 2591
f 2584 2502 2496
f 2502 2584 2503
f 2503 2584 2586
f 2590 2593 2589
f 2589 2593 2499
f 2593 2504 2499
f 2593 2594 2504
f 2504 2595 2505
f 2594 2595 2504
f 2501 2505 2592
f 2592 2505 2595
f 2596 2512 2513
f 2596 2513 2597
f 2513 2514 2597
f 2597 2515 2598
f 2597 2514 2515
f 2517 2598 2515
f 2599 2519 2520
f 2521 2600 2520
f 2520 2600 2599
f 2522 2601 2521
f 2521 2601 2600
f 2512 2596 2522
f 2596 2601 2522
f 2596 2602 2601
f 2596 2597 2674
f 2596 2674 2602
f 2597 2598 2603
f 2597 2603 2604
f 2526 2603 2517
f 2517 2603 2598
f 2605 2524 2525
f 2519 2599 2525
f 2599 2605 2525
f 2599 2606 2605
f 2607 2599 2600
f 2606 2599 2607
f 2608 2600 2601
f 2607 2600 2608
f 2609 2601 2602
f 2608 2601 2609
f 2602 2674 2610
f 2609 2602 2610
f 2610 2604 2603
f 2527 2610 2603
f 2526 2527 2603
f 2611 2530 2605
f 2605 2530 2524
f 2612 2605 2606
f 2611 2605 2612
f 2532 2612 2531
f 2612 2607 2531
f 2612 2606 2607
f 2531 2607 2533
f 2533 2607 2608
f 2533 2608 2534
f 2534 2608 2609
f 2534 2609 2535
f 2535 2609 2610
f 2535 2610 2527
f 2611 2537 2530
f 2537 2611 2539
f 2539 2611 2612
f 2539 2612 2532
f 2542 2543 2613
f 2614 2545 2546
f 2547 2615 2546
f 2546 2615 2614
f 2613 2615 2547
f 2613 2616 2615
f 2548 2616 2543
f 2616 2613 2543
f 2617 2549 2614
f 2614 2549 2545
f 2618 2614 2615
f 2617 2614 2618
f 2619 2615 2616
f 2618 2615 2619
f 2550 2619 2548
f 2548 2619 2616
f 2617 2552 2549
f 2552 2617 2620
f 2617 2618 2620
f 2621 2618 2619
f 2620 2618 2621
f 2554 2621 2550
f 2550 2621 2619
f 2622 2556 2620
f 2623 2620 2621
f 2622 2620 2623
f 2623 2621 2554
f 2624 2623 2554
f 2557 2624 2554
f 2625 2623 2624
f 2624 2557 2626
f 2627 2678 2559
f 2559 2678 2558
f 2628 2559 2560
f 2628 2627 2559
f 2560 2556 2622
f 2629 2560 2622
f 2628 2560 2629
f 2629 2622 2623
f 2629 2623 2625
f 2626 2562 2630
f 2557 2562 2626
f 2562 2631 2630
f 2635 2634 2632
f 2632 2634 2633
f 2568 2636 2635
f 2635 2636 2634
f 2678 2636 2568
f 2561 2678 2568
f 2558 2678 2561
f 2563 2631 2562
f 2563 2637 2631
f 2639 2638 2633
f 2633 2638 2632
f 2638 2565 2632
f 2565 2566 2632
f 2632 2566 2567
f 2632 2567 2635
f 2635 2567 2568
f 2569 2637 2563
f 2569 2640 2637
f 2641 2638 2642
f 2641 2570 2565
f 2641 2565 2638
f 2571 2640 2569
f 2571 2643 2640
f 2641 2642 2570
f 2642 2572 2570
f 2642 2644 2572
f 2573 2643 2571
f 2573 2645 2643
f 2644 2574 2572
f 2646 2574 2644
f 2647 2645 2575
f 2645 2573 2575
f 2648 2576 2646
f 2576 2574 2646
f 2577 2647 2575
f 2649 2647 2577
f 2648 2578 2576
f 2579 2578 2648
f 2650 2579 2648
f 2580 2649 2577
f 2580 2651 2649
f 2654 2653 2652
f 2656 2655 2652
f 2652 2655 2654
f 2650 2655 2656
f 2581 2650 2656
f 2579 2650 2581
f 2658 2657 2582
f 2658 2582 2583
f 2582 2712 2585
f 2657 2712 2582
f 2712 2659 2585
f 2659 2660 2587
f 2587 2661 2588
f 2660 2661 2587
f 2580 2588 2651
f 2651 2588 2661
f 2652 2653 2662
f 2662 2653 2663
f 2656 2662 2590
f 2652 2662 2656
f 2656 2590 2581
f 2665 2664 2591
f 2665 2591 2592
f 2583 2591 2658
f 2658 2591 2664
f 2662 2663 2666
f 2667 2593 2590
f 2662 2667 2590
f 2666 2667 2662
f 2668 2594 2593
f 2668 2593 2667
f 2673 2595 2594
f 2673 2594 2668
f 2673 2669 2595
f 2669 2592 2595
f 2669 2665 2592
f 2671 2666 2670
f 2671 2667 2666
f 2672 2668 2671
f 2668 2667 2671
f 2668 2672 2673
f 2604 2674 2597
f 2610 2674 2604
f 2676 2675 2624
f 2624 2675 2625
f 2677 2624 2626
f 2677 2676 2624
f 2678 2627 2679
f 2627 2628 2679
f 2680 2628 2629
f 2680 2679 2628
f 2681 2629 2625
f 2681 2680 2629
f 2625 2675 2681
f 2630 2677 2626
f 2630 2631 2677
f 2631 2682 2677
f 2684 2683 2633
f 2685 2633 2634
f 2685 2684 2633
f 2686 2634 2636
f 2686 2685 2634
f 2687 2636 2678
f 2686 2636 2687
f 2687 2678 2679
f 2637 2682 2631
f 2637 2688 2682
f 2639 2689 2638
f 2639 2633 2683
f 2639 2683 2689
f 2640 2688 2637
f 2640 2690 2688
f 2689 2642 2638
f 2691 2642 2689
f 2693 2690 2692
f 2690 2643 2692
f 2690 2640 2643
f 2691 2644 2642
f 2694 2644 2691
f 2692 2645 2695
f 2643 2645 2692
f 2646 2694 2696
f 2646 2644 2694
f 2695 2645 2647
f 2697 2695 2647
f 2648 2646 2696
f 2762 2648 2696
f 2698 2648 2762
f 2704 2763 2699
f 2763 2697 2699
f 2697 2649 2699
f 2697 2647 2649
f 2702 2701 2700
f 2698 2702 2700
f 2650 2698 2700
f 2648 2698 2650
f 2705 2704 2703
f 2699 2703 2704
f 2706 2703 2699
f 2651 2706 2649
f 2649 2706 2699
f 2708 2707 2654
f 2654 2707 2653
f 2655 2700 2701
f 2708 2655 2701
f 2654 2655 2708
f 2700 2655 2650
f 2710 2709 2657
f 2710 2657 2658
f 2657 2711 2712
f 2709 2711 2657
f 2703 2660 2705
f 2660 2712 2705
f 2660 2659 2712
f 2660 2703 2661
f 2661 2703 2706
f 2661 2706 2651
f 2715 2714 2713
f 2717 2716 2713
f 2713 2716 2715
f 2719 2718 2717
f 2717 2718 2716
f 2707 2718 2719
f 2663 2707 2719
f 2653 2707 2663
f 2721 2720 2664
f 2721 2664 2665
f 2658 2664 2710
f 2710 2664 2720
f 2714 2722 2713
f 2723 2713 2722
f 2723 2717 2713
f 2717 2724 2719
f 2717 2723 2724
f 2724 2666 2663
f 2724 2663 2719
f 2669 2721 2665
f 2669 2725 2721
f 2722 2726 2723
f 2723 2726 2724
f 2724 2726 2727
f 2724 2727 2666
f 2727 2670 2666
f 2727 2728 2670
f 2671 2670 2728
f 2671 2728 2729
f 2731 2730 2672
f 2731 2672 2671
f 2672 2732 2673
f 2730 2732 2672
f 2669 2673 2725
f 2725 2673 2732
f 2731 2671 2729
f 2733 2675 2676
f 2677 2734 2676
f 2676 2734 2733
f 2679 2680 2735
f 2681 2736 2680
f 2675 2733 2681
f 2733 2736 2681
f 2733 2737 2736
f 2738 2733 2734
f 2737 2733 2738
f 2682 2738 2677
f 2677 2738 2734
f 2685 2739 2684
f 2739 2685 2740
f 2685 2686 2740
f 2740 2686 2687
f 2687 2679 2735
f 2740 2687 2735
f 2735 2680 2741
f 2741 2680 2736
f 2741 2736 2742
f 2742 2736 2737
f 2742 2737 2743
f 2743 2737 2738
f 2743 2738 2744
f 2738 2682 2744
f 2682 2745 2744
f 2682 2688 2745
f 2747 2746 2689
f 2747 2689 2683
f 2748 2747 2683
f 2684 2748 2683
f 2748 2684 2739
f 2748 2739 2749
f 2749 2739 2740
f 2690 2745 2688
f 2690 2750 2745
f 2751 2691 2746
f 2746 2691 2689
f 2746 2747 2752
f 2746 2752 2751
f 2693 2692 2753
f 2754 2693 2753
f 2755 2693 2754
f 2690 2693 2750
f 2750 2693 2755
f 2757 2756 2751
f 2756 2691 2751
f 2756 2694 2691
f 2757 2751 2752
f 2695 2758 2692
f 2692 2758 2753
f 2761 2760 2759
f 2759 2762 2696
f 2756 2759 2696
f 2694 2756 2696
f 2759 2756 2761
f 2758 2763 2764
f 2697 2763 2695
f 2695 2763 2758
f 2759 2760 2765
f 2765 2760 2766
f 2759 2767 2762
f 2759 2765 2767
f 2767 2698 2762
f 2768 2769 2764
f 2768 2764 2763
f 2704 2768 2763
f 2772 2771 2770
f 2772 2770 2766
f 2770 2765 2766
f 2770 2773 2765
f 2773 2701 2702
f 2767 2773 2702
f 2765 2773 2767
f 2767 2702 2698
f 2769 2768 2704
f 2705 2769 2704
f 2774 2769 2705
f 2777 2776 2775
f 2777 2775 2771
f 2775 2770 2771
f 2775 2778 2770
f 2778 2707 2708
f 2773 2778 2708
f 2770 2778 2773
f 2773 2708 2701
f 2710 2779 2709
f 2780 2709 2779
f 2711 2709 2780
f 2711 2820 2712
f 2780 2820 2711
f 2705 2712 2774
f 2774 2712 2820
f 2782 2781 2715
f 2715 2781 2714
f 2716 2775 2776
f 2782 2716 2776
f 2715 2716 2782
f 2775 2716 2718
f 2775 2718 2778
f 2778 2718 2707
f 2721 2783 2720
f 2720 2783 2710
f 2783 2779 2710
f 2781 2784 2714
f 2714 2784 2722
f 2722 2784 2785
f 2721 2788 2783
f 2725 2788 2721
f 2785 2789 2722
f 2722 2789 2726
f 2726 2790 2727
f 2789 2790 2726
f 2727 2791 2728
f 2790 2791 2727
f 2791 2787 2729
f 2728 2791 2729
f 2786 2787 2791
f 2792 2730 2731
f 2787 2792 2731
f 2729 2787 2731
f 2730 2793 2732
f 2792 2793 2730
f 2725 2732 2788
f 2788 2732 2793
f 2735 2795 2740
f 2740 2795 2794
f 2795 2735 2842
f 2735 2796 2842
f 2735 2741 2796
f 2797 2741 2742
f 2797 2796 2741
f 2798 2742 2743
f 2798 2797 2742
f 2799 2743 2744
f 2799 2798 2743
f 2744 2745 2799
f 2799 2745 2804
f 2800 2747 2748
f 2800 2748 2801
f 2748 2802 2801
f 2748 2749 2802
f 2803 2749 2740
f 2802 2749 2803
f 2803 2740 2794
f 2805 2804 2750
f 2804 2745 2750
f 2807 2806 2800
f 2806 2747 2800
f 2806 2752 2747
f 2807 2800 2801
f 2809 2808 2754
f 2809 2754 2753
f 2750 2755 2805
f 2755 2808 2805
f 2755 2754 2808
f 2757 2810 2756
f 2757 2752 2806
f 2757 2806 2810
f 2809 2758 2811
f 2809 2753 2758
f 2813 2812 2761
f 2761 2812 2760
f 2761 2756 2810
f 2761 2810 2813
f 2811 2758 2872
f 2758 2764 2872
f 2766 2812 2814
f 2760 2812 2766
f 2816 2872 2769
f 2764 2769 2872
f 2814 2815 2772
f 2815 2771 2772
f 2815 2817 2771
f 2814 2772 2766
f 2876 2820 2818
f 2876 2816 2820
f 2816 2774 2820
f 2816 2769 2774
f 2823 2822 2821
f 2776 2777 2821
f 2777 2823 2821
f 2777 2824 2823
f 2777 2771 2817
f 2777 2817 2824
f 2825 2826 2819
f 2825 2819 2818
f 2779 2825 2818
f 2780 2779 2818
f 2780 2818 2820
f 2821 2822 2782
f 2822 2781 2782
f 2822 2827 2781
f 2821 2782 2776
f 2831 2830 2828
f 2831 2828 2829
f 2830 2831 2826
f 2830 2826 2825
f 2783 2830 2825
f 2779 2783 2825
f 2827 2832 2781
f 2781 2832 2784
f 2785 2784 2832
f 2785 2832 2833
f 2836 2786 2834
f 2838 2837 2787
f 2786 2838 2787
f 2836 2838 2786
f 2837 2838 2829
f 2828 2837 2829
f 2839 2837 2828
f 2788 2839 2783
f 2839 2830 2783
f 2839 2828 2830
f 2833 2840 2785
f 2785 2840 2789
f 2789 2841 2790
f 2840 2841 2789
f 2834 2791 2835
f 2791 2841 2835
f 2791 2790 2841
f 2791 2834 2786
f 2837 2792 2787
f 2792 2837 2793
f 2793 2837 2839
f 2793 2839 2788
f 2842 2796 2843
f 2796 2844 2843
f 2796 2797 2844
f 2845 2797 2798
f 2845 2844 2797
f 2846 2845 2804
f 2845 2799 2804
f 2845 2798 2799
f 2847 2801 2802
f 2803 2848 2802
f 2802 2848 2847
f 2794 2849 2803
f 2803 2849 2848
f 2795 2850 2794
f 2794 2850 2849
f 2850 2795 2842
f 2843 2850 2842
f 2805 2846 2804
f 2851 2846 2805
f 2852 2806 2807
f 2801 2847 2807
f 2847 2852 2807
f 2847 2853 2852
f 2853 2848 2854
f 2847 2848 2853
f 2854 2848 2849
f 2854 2849 2855
f 2855 2849 2850
f 2855 2850 2856
f 2859 2858 2857
f 2808 2809 2857
f 2858 2808 2857
f 2860 2808 2858
f 2805 2808 2851
f 2851 2808 2860
f 2806 2852 2810
f 2852 2861 2810
f 2852 2862 2861
f 2863 2852 2853
f 2862 2852 2863
f 2853 2854 2864
f 2853 2864 2863
f 2866 2902 2865
f 2865 2902 2859
f 2865 2859 2857
f 2811 2865 2857
f 2811 2857 2809
f 2812 2813 2907
f 2813 2867 2907
f 2813 2810 2861
f 2868 2813 2861
f 2867 2813 2868
f 2868 2861 2862
f 2868 2862 2869
f 2869 2862 2863
f 2869 2863 2910
f 2910 2863 2864
f 2866 2865 2870
f 2866 2870 2871
f 2872 2865 2811
f 2872 2870 2865
f 2907 2815 2814
f 2907 2873 2815
f 2907 2814 2812
f 2874 2875 2871
f 2870 2874 2871
f 2876 2874 2870
f 2816 2876 2872
f 2876 2870 2872
f 2873 2817 2815
f 2877 2817 2873
f 2875 2874 2818
f 2819 2875 2818
f 2881 2875 2819
f 2818 2874 2876
f 2879 2878 2823
f 2823 2878 2822
f 2880 2823 2824
f 2880 2879 2823
f 2824 2817 2877
f 2824 2877 2880
f 2882 2881 2826
f 2819 2826 2881
f 2878 2827 2822
f 2883 2827 2878
f 2889 2884 2829
f 2829 2885 2831
f 2884 2885 2829
f 2826 2831 2882
f 2882 2831 2885
f 2883 2886 2827
f 2827 2886 2832
f 2833 2832 2886
f 2833 2886 2887
f 2891 2888 2834
f 2891 2834 2835
f 2834 2936 2836
f 2888 2936 2834
f 2836 2889 2838
f 2936 2889 2836
f 2829 2838 2889
f 2887 2890 2833
f 2833 2890 2840
f 2840 2891 2841
f 2890 2891 2840
f 2835 2841 2891
f 2892 2843 2844
f 2845 2893 2844
f 2844 2893 2892
f 2846 2893 2845
f 2894 2850 2843
f 2895 2894 2843
f 2896 2895 2843
f 2892 2896 2843
f 2898 2897 2896
f 2892 2898 2896
f 2893 2898 2892
f 2851 2898 2846
f 2846 2898 2893
f 2855 2900 2854
f 2854 2900 2899
f 2856 2901 2855
f 2855 2901 2900
f 2850 2894 2856
f 2894 2901 2856
f 2894 2902 2901
f 2903 2858 2859
f 2894 2903 2859
f 2902 2894 2859
f 2903 2894 2895
f 2898 2860 2897
f 2860 2903 2897
f 2860 2858 2903
f 2860 2898 2851
f 2904 2864 2899
f 2899 2864 2854
f 2905 2899 2900
f 2904 2899 2905
f 2906 2900 2901
f 2905 2900 2906
f 2866 2906 2902
f 2906 2901 2902
f 2867 2908 2907
f 2868 2909 2867
f 2867 2909 2908
f 2868 2869 2909
f 2864 2904 2910
f 2904 2911 2910
f 2912 2904 2905
f 2911 2904 2912
f 2871 2905 2906
f 2912 2905 2871
f 2866 2871 2906
f 2913 2873 2907
f 2908 2915 2914
f 2913 2908 2914
f 2907 2908 2913
f 2915 2908 2909
f 2915 2909 2916
f 2916 2909 2869
f 2916 2869 2917
f 2917 2869 2910
f 2917 2910 2918
f 2920 2919 2918
f 2910 2920 2918
f 2911 2920 2910
f 2921 2911 2912
f 2920 2911 2921
f 2921 2871 2875
f 2921 2912 2871
f 2922 2873 2913
f 2922 2877 2873
f 2928 2919 2920
f 2920 2923 2928
f 2921 2923 2920
f 2881 2923 2875
f 2875 2923 2921
f 2925 2924 2879
f 2879 2924 2878
f 2926 2879 2880
f 2926 2925 2879
f 2880 2877 2922
f 2880 2922 2926
f 2929 2928 2927
f 2927 2928 2923
f 2882 2927 2923
f 2881 2882 2923
f 2924 2883 2878
f 2930 2883 2924
f 2884 2889 2931
f 2932 2884 2931
f 2933 2884 2932
f 2927 2885 2929
f 2885 2933 2929
f 2885 2884 2933
f 2885 2927 2882
f 2886 2883 2934
f 2883 2957 2934
f 2883 2930 2957
f 2934 2887 2886
f 2935 2888 2891
f 2935 2936 2888
f 2889 2936 2931
f 2957 2937 2934
f 2934 2937 2887
f 2937 2890 2887
f 2937 2938 2890
f 2890 2939 2891
f 2938 2939 2890
f 2935 2891 2939
f 2940 2964 2896
f 2896 2964 2895
f 2896 2897 2940
f 2940 2897 2941
f 2895 2964 2903
f 2897 2903 2941
f 2941 2903 2964
f 2916 2942 2915
f 2942 2916 2944
f 2916 2917 2944
f 2944 2918 2943
f 2944 2917 2918
f 2919 2943 2918
f 2945 2922 2913
f 2946 2945 2913
f 2946 2913 2914
f 2947 2946 2914
f 2915 2947 2914
f 2947 2915 2942
f 2944 2943 2948
f 2928 2943 2919
f 2928 2948 2943
f 2925 2950 2949
f 2925 2926 2950
f 2926 2922 2945
f 2951 2926 2945
f 2950 2926 2951
f 2951 2945 2946
f 2948 2952 2973
f 2929 2952 2928
f 2952 2948 2928
f 2954 2953 2925
f 2953 2924 2925
f 2953 2930 2924
f 2954 2925 2949
f 2956 2955 2932
f 2956 2932 2931
f 2952 2933 2973
f 2933 2955 2973
f 2933 2932 2955
f 2933 2952 2929
f 2953 2958 2957
f 2930 2953 2957
f 2963 2959 2935
f 2935 2956 2936
f 2959 2956 2935
f 2931 2936 2956
f 2958 2960 2957
f 2960 2937 2957
f 2960 2961 2937
f 2937 2962 2938
f 2961 2962 2937
f 2938 2963 2939
f 2962 2963 2938
f 2935 2939 2963
f 2941 2964 2940
f 2965 2946 2947
f 2942 2966 2947
f 2947 2966 2965
f 2944 2966 2942
f 2944 2967 2966
f 2948 2967 2944
f 2969 2968 2950
f 2950 2968 2949
f 2970 2950 2951
f 2970 2969 2950
f 2970 2951 2946
f 2971 2970 2946
f 2965 2971 2946
f 2970 2971 2981
f 2972 2965 2966
f 2971 2965 2972
f 2973 2966 2967
f 2972 2966 2973
f 2948 2973 2967
f 2953 2954 2974
f 2954 2975 2974
f 2954 2976 2975
f 2968 2977 2949
f 2978 2949 2977
f 2949 2978 2954
f 2979 2954 2978
f 2954 2979 2976
f 2981 2980 2978
f 2981 2978 2977
f 2971 2980 2981
f 2982 2980 2971
f 2983 2971 2972
f 2982 2971 2983
f 2956 2983 2955
f 2983 2973 2955
f 2983 2972 2973
f 2974 2984 2958
f 2974 2958 2953
f 2979 2978 2985
f 2979 2985 2986
f 2987 2978 2980
f 2985 2978 2987
f 2963 2987 2959
f 2987 2982 2959
f 2987 2980 2982
f 2959 2982 2956
f 2956 2982 2983
f 2984 2988 2958
f 2958 2988 2960
f 2960 2989 2961
f 2988 2989 2960
f 2985 2962 2986
f 2962 2989 2986
f 2962 2961 2989
f 2962 2985 2963
f 2963 2985 2987
f 2990 2968 2969
f 2970 2991 2969
f 2969 2991 2990
f 2981 2991 2970
f 2992 2974 2975
f 2976 2993 2975
f 2975 2993 2992
f 2968 2990 2977
f 2993 2976 2979
f 2977 2990 2981
f 2981 2990 2991
f 2994 2984 2992
f 2992 2984 2974
f 2986 2992 2993
f 2994 2992 2986
f 2979 2986 2993
f 2994 2988 2984
f 2988 2994 2989
f 2989 2994 2986
