v -58.1 29.0 -6.0
v -58.3 30.0 -6.0
v -58.2 31.0 -6.0
v -58.0 30.4 -5.0
v -58.4 31.0 -5.0
v -58.1 30.9 -3.9
v -58.0 31.0 -3.8
v -58.3 32.0 -4.0
v -58.0 32.0 -3.6
v -58.3 32.0 -5.0
v -58.2 33.0 -4.0
v -57.7 33.0 -5.0
v -58.0 33.5 -4.0
v -58.1 33.0 -3.0
v -58.3 34.0 -2.0
v -58.0 33.4 -2.0
v -58.0 33.3 -1.0
v -58.3 34.0 -1.0
v -58.0 34.0 -0.6
v -58.2 35.0 -4.1
v -58.0 34.6 -4.0
v -58.4 35.0 -3.0
v -58.5 35.0 -2.0
v -58.3 35.0 -1.0
v -58.3 36.0 -4.0
v -58.0 36.0 -4.4
v -58.5 36.0 -3.0
v -58.3 36.0 -2.0
v -57.9 36.0 -1.4
v -58.0 35.0 -0.7
v -58.3 37.0 -4.0
v -58.0 37.0 -4.3
v -58.3 37.0 -3.0
v -58.0 36.5 -2.0
v -58.0 37.3 -2.9
v -57.2 28.0 -7.0
v -57.0 28.0 -7.2
v -57.3 28.0 -6.0
v -57.0 28.0 -5.7
v -57.5 29.0 -7.0
v -57.0 29.0 -7.5
v -57.3 29.0 -5.0
v -57.0 28.9 -4.8
v -57.5 30.0 -7.0
v -56.9 30.5 -7.6
v -57.6 30.0 -5.0
v -57.0 30.0 -4.5
v -57.5 31.0 -7.0
v -57.0 30.5 -4.0
v -57.0 31.0 -3.5
v -57.4 32.0 -7.0
v -57.7 32.0 -6.0
v -57.4 33.0 -7.0
v -57.5 33.0 -6.0
v -57.0 32.2 -3.0
v -57.5 33.0 -2.0
v -57.0 32.8 -1.8
v -57.2 34.0 -8.0
v -57.0 34.0 -8.2
v -57.5 34.0 -7.0
v -57.4 34.0 -6.0
v -57.4 34.0 -5.0
v -57.7 34.0 -4.0
v -57.9 34.0 -3.0
v -57.0 33.3 -1.0
v -57.2 34.0 0.0
v -57.0 33.9 0.0
v -57.0 35.0 -8.3
v -57.4 35.0 -7.0
v -56.8 35.0 -6.0
v -57.0 35.0 -4.8
v -57.4 35.0 0.0
v -57.0 35.0 0.9
v -57.3 35.0 -8.0
v -57.3 36.0 -7.0
v -57.0 36.0 -4.7
v -57.0 36.0 -0.6
v -57.0 35.4 0.0
v -57.3 37.0 -7.0
v -57.2 37.0 -6.0
v -57.0 37.0 -4.8
v -57.0 36.9 -1.1
v -57.0 37.5 -7.0
v -58.0 37.9 -4.0
v -57.0 38.0 -4.4
v -57.0 38.0 -3.7
v -57.0 37.6 -3.0
v -57.0 37.2 -1.9
v -57.0 38.0 -6.0
v -57.0 38.2 -4.0
v -56.7 24.0 -7.0
v -55.9 23.0 -7.0
v -56.0 24.0 -6.6
v -56.1 25.0 -8.1
v -56.5 25.0 -7.0
v -56.2 25.0 -6.0
v -56.0 25.0 -5.8
v -56.4 26.0 -7.0
v -56.3 26.0 -6.0
v -56.0 26.0 -5.7
v -56.5 27.0 -7.0
v -56.0 27.0 -7.5
v -56.4 27.0 -6.0
v -56.0 27.0 -5.6
v -56.0 28.0 -7.7
v -56.0 29.0 -8.1
v -56.0 28.0 -5.4
v -56.0 29.0 -4.6
v -56.0 30.0 -8.3
v -56.0 30.0 -4.4
v -56.0 31.2 -8.4
v -56.0 30.4 -4.0
v -56.0 30.8 -3.0
v -56.0 31.0 -2.8
v -56.0 32.0 -8.4
v -57.0 32.0 -3.2
v -56.0 32.0 -2.5
v -56.9 33.0 -7.8
v -56.0 33.0 -8.5
v -56.0 32.5 -2.0
v -56.0 34.0 -8.8
v -56.0 33.5 -1.0
v -56.7 34.0 0.0
v -56.0 34.0 -0.4
v -56.2 34.9 -10.1
v -56.0 35.0 -10.4
v -55.8 34.0 -9.0
v -56.5 35.0 -9.0
v -56.8 35.0 -5.0
v -56.0 34.4 -0.0
v -55.9 35.0 1.1
v -56.4 36.0 -10.0
v -56.0 37.0 -10.4
v -56.6 36.0 -9.0
v -56.7 36.0 -8.0
v -56.7 36.0 -6.0
v -56.7 36.0 -5.0
v -56.5 36.0 -1.0
v -56.0 35.7 -1.0
v -56.0 35.1 1.0
v -56.4 37.0 -10.0
v -56.9 37.0 -9.0
v -56.8 37.0 -8.0
v -56.8 37.0 -5.0
v -56.6 37.0 -2.0
v -56.0 37.0 -2.4
v -56.1 38.0 -10.1
v -56.4 38.0 -9.0
v -56.9 38.0 -8.0
v -56.6 38.0 -7.0
v -56.6 38.0 -5.0
v -56.0 37.5 -3.0
v -56.0 38.1 -10.0
v -56.0 38.3 -9.0
v -56.0 38.3 -8.0
v -56.0 38.4 -7.0
v -56.0 38.4 -6.0
v -56.0 38.4 -5.0
v -56.0 38.2 -4.0
v -55.0 23.0 -7.2
v -55.0 22.8 -7.0
v -55.0 23.0 -6.8
v -55.0 24.0 -8.1
v -55.0 25.0 -8.5
v -54.9 24.0 -6.3
v -55.0 25.0 -5.6
v -55.7 26.0 -8.0
v -55.0 26.0 -8.6
v -54.9 26.0 -5.5
v -55.3 27.0 -9.0
v -55.6 27.9 -8.0
v -55.0 27.0 -5.5
v -55.3 28.0 -9.0
v -55.1 29.0 -10.0
v -55.0 28.6 -9.0
v -55.1 29.0 -8.0
v -55.0 29.0 -8.0
v -53.3 28.0 -5.4
v -55.0 29.0 -4.6
v -55.2 30.0 -10.0
v -55.0 30.0 -9.6
v -55.0 30.0 -8.0
v -55.0 30.0 -4.3
v -55.2 31.0 -11.0
v -54.7 30.0 -11.0
v -55.3 31.0 -10.0
v -55.0 31.0 -8.7
v -55.0 30.3 -4.0
v -55.0 30.7 -3.0
v -55.0 31.0 -2.7
v -55.3 32.0 -11.0
v -55.0 32.0 -8.8
v -54.8 32.0 -2.4
v -55.4 33.0 -11.0
v -55.0 33.0 -11.6
v -54.9 32.0 -10.0
v -55.4 33.0 -10.0
v -55.5 33.0 -9.0
v -54.8 32.6 -1.8
v -55.8 34.0 -11.0
v -55.7 34.0 -10.0
v -54.9 33.9 -0.6
v -55.3 35.0 -11.0
v -55.0 35.1 -11.1
v -55.1 35.0 1.0
v -55.0 36.0 -10.6
v -55.0 35.8 -2.0
v -55.0 36.0 -2.3
v -55.0 35.5 -1.0
v -55.0 35.3 0.0
v -55.0 37.0 -10.5
v -55.0 37.0 -2.8
v -55.0 38.1 -10.0
v -55.1 37.7 -9.0
v -55.0 37.7 -8.0
v -55.0 37.9 -6.0
v -55.0 37.6 -4.0
v -55.0 38.1 -5.0
v -54.1 18.0 -13.0
v -54.0 18.0 -13.4
v -54.0 17.9 -13.0
v -54.0 19.0 -13.0
v -54.0 22.0 -7.0
v -54.0 23.0 -7.5
v -54.0 23.0 -6.6
v -54.0 24.0 -5.9
v -54.0 25.0 -8.6
v -54.0 24.1 -7.8
v -54.0 25.0 -5.5
v -54.3 26.0 -10.0
v -54.0 26.0 -10.4
v -54.0 25.7 -10.0
v -54.0 25.4 -9.0
v -54.6 26.0 -9.0
v -53.7 26.0 -11.0
v -54.6 27.0 -10.0
v -54.3 27.0 -11.0
v -53.7 28.0 -12.0
v -54.7 28.0 -10.0
v -54.5 29.0 -11.0
v -54.8 29.0 -9.0
v -55.0 29.0 -8.0
v -54.0 28.5 -5.0
v -54.0 29.0 -4.5
v -54.2 30.0 -13.0
v -53.7 29.0 -13.0
v -53.8 29.0 -12.0
v -54.4 30.0 -12.0
v -54.7 30.0 -9.0
v -55.0 30.0 -8.0
v -54.3 31.0 -13.0
v -54.6 31.0 -12.0
v -54.8 31.0 -9.0
v -54.0 30.1 -4.1
v -54.0 30.7 -3.0
v -54.0 31.0 -2.8
v -54.6 32.0 -12.0
v -54.8 32.0 -9.0
v -54.9 33.0 -13.0
v -54.0 33.0 -13.3
v -54.7 33.0 -12.0
v -54.0 33.2 -1.2
v -54.8 34.0 -13.0
v -54.6 34.0 -12.0
v -54.0 34.0 -0.5
v -54.0 34.2 -13.0
v -54.0 34.4 -12.0
v -54.0 34.7 0.0
v -54.0 35.0 0.2
v -54.0 36.0 -10.5
v -54.0 35.6 -2.0
v -54.0 36.0 -2.5
v -54.0 37.0 -10.4
v -54.0 36.7 -4.0
v -55.0 37.2 -3.0
v -54.0 36.5 -3.0
v -54.0 37.4 -10.0
v -54.0 37.5 -8.8
v -55.0 38.1 -7.0
v -54.0 37.6 -6.9
v -54.0 37.4 -5.0
v -53.0 18.0 -13.6
v -52.9 17.5 -13.0
v -53.0 17.5 -12.0
v -53.5 18.0 -12.0
v -53.3 18.0 -11.0
v -52.6 18.0 -10.0
v -53.0 19.0 -13.5
v -53.5 19.0 -12.0
v -53.4 19.0 -11.0
v -53.2 19.0 -10.0
v -53.3 19.0 -8.9
v -53.0 19.4 -13.0
v -53.0 19.5 -12.0
v -53.0 20.0 -11.0
v -53.0 19.3 -10.0
v -53.1 20.1 -9.0
v -53.0 19.0 -8.0
v -53.0 20.2 -9.0
v -53.1 21.0 -8.0
v -53.0 20.9 -8.0
v -53.4 22.0 -8.1
v -53.0 21.6 -7.0
v -53.0 22.0 -6.7
v -53.4 23.0 -8.0
v -53.2 24.0 -12.0
v -53.0 23.8 -12.0
v -53.0 24.0 -11.0
v -53.4 25.0 -12.0
v -53.4 25.0 -11.0
v -53.0 25.0 -10.4
v -53.0 24.7 -9.0
v -53.0 24.0 -6.3
v -53.0 25.0 -5.6
v -53.4 26.1 -12.0
v -53.0 25.3 -10.0
v -53.5 27.0 -12.0
v -52.1 27.0 -5.5
v -53.0 28.0 -14.4
v -52.6 27.1 -14.0
v -53.8 28.0 -13.0
v -53.3 28.0 -14.0
v -53.0 28.4 -5.0
v -53.0 28.7 -4.0
v -53.4 29.0 -4.0
v -53.0 29.0 -3.3
v -53.4 30.0 -14.0
v -53.0 30.0 -14.4
v -53.7 30.0 -4.0
v -53.0 30.0 -3.5
v -53.0 31.0 -14.3
v -53.9 32.0 -12.9
v -53.0 32.0 -13.6
v -53.0 31.0 -3.3
v -53.0 32.0 -2.5
v -53.0 33.0 -13.4
v -53.9 32.4 -2.0
v -53.0 33.0 -1.0
v -54.0 34.0 -13.2
v -53.0 34.0 -0.5
v -54.0 34.9 -10.9
v -53.0 34.7 -11.9
v -53.0 34.8 0.0
v -53.0 35.9 -10.8
v -53.0 35.6 -2.0
v -53.7 35.5 -1.0
v -53.9 35.2 0.0
v -53.0 37.0 -10.4
v -53.0 36.7 -5.0
v -53.0 36.3 -3.0
v -53.0 37.4 -10.0
v -53.0 37.5 -9.0
v -53.0 37.5 -7.0
v -53.0 37.4 -6.0
v -52.0 17.4 -14.0
v -52.3 16.8 -12.0
v -52.0 16.1 -11.0
v -52.5 17.0 -11.0
v -52.0 16.4 -10.0
v -52.4 17.0 -10.0
v -52.0 16.5 -9.0
v -52.4 17.0 -9.0
v -52.2 16.9 -8.0
v -52.0 17.0 -7.8
v -52.0 18.0 -16.0
v -52.0 17.8 -15.0
v -52.2 18.0 -15.0
v -52.6 18.0 -14.0
v -52.6 18.0 -9.0
v -52.4 18.0 -8.0
v -52.0 18.0 -7.6
v -52.1 18.9 -17.0
v -52.0 19.0 -16.7
v -52.2 19.0 -15.1
v -52.5 19.0 -14.0
v -52.0 19.0 -7.8
v -52.3 20.0 -18.0
v -52.0 19.8 -18.2
v -52.2 20.0 -17.0
v -52.0 20.0 -16.8
v -52.0 19.5 -14.0
v -52.0 19.8 -11.9
v -52.0 20.0 -10.0
v -52.0 20.0 -8.3
v -52.1 21.0 -19.1
v -52.4 21.0 -18.0
v -52.0 21.0 -17.5
v -52.0 20.3 -17.0
v -52.0 20.5 -11.0
v -52.3 21.0 -10.0
v -52.7 21.0 -9.0
v -52.0 20.4 -8.0
v -52.0 21.0 -7.5
v -52.0 22.0 -18.0
v -52.3 22.0 -10.0
v -52.6 22.0 -9.0
v -52.0 21.5 -7.0
v -52.4 23.0 -9.0
v -52.0 23.4 -9.2
v -51.1 22.0 -6.6
v -52.2 24.0 -14.0
v -52.0 23.5 -14.0
v -52.0 23.6 -13.0
v -52.4 24.0 -13.0
v -52.0 23.7 -12.0
v -53.0 24.0 -7.9
v -52.0 24.0 -8.7
v -52.0 24.0 -6.3
v -52.5 25.0 -13.0
v -52.0 24.0 -11.3
v -52.0 25.0 -10.2
v -52.0 25.0 -9.8
v -52.0 24.3 -9.0
v -52.0 25.0 -5.6
v -52.3 26.0 -14.0
v -52.6 26.0 -13.0
v -52.0 25.4 -10.0
v -51.4 25.3 -5.5
v -52.3 27.0 -15.0
v -52.8 27.0 -13.0
v -52.3 28.0 -15.0
v -52.0 28.0 -5.4
v -52.0 28.4 -15.0
v -52.0 29.0 -14.6
v -52.0 28.4 -5.0
v -52.0 28.7 -4.0
v -52.0 29.0 -3.7
v -52.0 30.0 -14.4
v -52.0 30.0 -3.4
v -52.0 32.0 -14.1
v -52.0 31.0 -3.2
v -52.0 33.0 -13.6
v -52.0 32.4 -2.0
v -52.0 33.0 -1.5
v -53.0 33.8 -12.9
v -52.0 34.0 -13.4
v -52.0 34.0 -1.2
v -52.6 35.0 -12.0
v -52.0 34.3 -1.0
v -52.0 35.0 0.1
v -52.0 35.5 -12.0
v -52.0 36.0 -11.5
v -52.0 35.7 -3.0
v -52.0 35.4 -1.0
v -52.0 37.0 -11.0
v -52.0 36.6 -5.0
v -52.0 36.4 -4.0
v -52.0 37.4 -10.0
v -52.0 37.4 -9.0
v -52.0 37.2 -6.0
v -51.0 15.7 -13.0
v -51.0 15.6 -12.0
v -51.5 16.0 -12.0
v -51.1 16.0 -11.1
v -51.1 15.7 -9.9
v -51.0 15.7 -9.0
v -51.0 17.0 -14.4
v -51.0 17.0 -7.5
v -51.0 18.0 -16.4
v -51.0 17.7 -16.0
v -51.0 17.9 -15.0
v -51.0 18.0 -7.5
v -51.4 19.0 -18.0
v -51.0 18.8 -18.0
v -51.0 18.4 -17.0
v -51.7 19.0 -16.0
v -51.0 19.0 -8.1
v -51.0 20.0 -19.1
v -51.0 20.0 -16.2
v -51.4 20.0 -15.0
v -51.6 20.0 -14.0
v -51.6 20.0 -13.0
v -51.8 20.0 -12.0
v -51.0 21.0 -19.4
v -51.0 20.5 -17.0
v -51.0 21.0 -17.4
v -51.0 20.5 -15.0
v -51.2 21.0 -14.0
v -51.0 21.0 -14.3
v -51.0 21.0 -13.0
v -51.4 21.0 -12.0
v -51.7 21.0 -10.9
v -51.0 20.0 -8.2
v -51.3 22.0 -19.0
v -51.0 22.0 -19.2
v -51.0 22.0 -17.7
v -51.1 22.0 -13.0
v -51.4 22.0 -12.0
v -51.6 22.0 -11.0
v -51.0 21.2 -7.2
v -51.0 22.2 -19.0
v -51.0 22.3 -18.0
v -50.8 23.0 -12.0
v -51.5 23.0 -11.0
v -51.7 23.0 -10.0
v -51.3 24.0 -15.0
v -51.0 24.0 -15.2
v -51.0 23.8 -15.0
v -51.0 23.4 -14.0
v -51.0 23.3 -13.0
v -51.0 23.6 -12.0
v -51.8 24.0 -11.0
v -51.5 24.0 -10.0
v -51.5 24.0 -9.0
v -51.0 23.0 -6.3
v -51.0 24.0 -5.7
v -51.9 25.0 -14.0
v -51.8 25.0 -10.0
v -51.6 25.9 -15.0
v -51.0 26.0 -15.6
v -51.0 27.0 -16.3
v -51.0 27.0 -5.7
v -51.1 28.0 -16.3
v -51.0 28.4 -16.0
v -51.0 28.7 -15.0
v -51.0 29.0 -14.7
v -51.0 28.0 -6.1
v -51.0 28.6 -5.0
v -51.5 29.0 -4.0
v -51.0 29.3 -4.0
v -51.0 29.7 -3.0
v -51.2 30.0 -2.9
v -52.0 31.0 -14.3
v -51.0 31.0 -13.6
v -50.7 31.0 -2.1
v -51.0 32.0 -13.6
v -51.0 32.0 -1.6
v -51.0 33.0 -13.4
v -51.0 33.0 -1.4
v -52.0 35.0 -13.0
v -51.0 35.3 -12.1
v -51.0 34.2 -1.1
v -51.0 34.8 0.0
v -51.0 35.0 0.2
v -51.0 36.1 -11.3
v -51.0 35.6 -3.0
v -51.3 35.5 -2.0
v -51.0 35.4 -1.0
v -51.4 35.1 -0.0
v -51.0 37.0 -10.4
v -51.0 36.7 -9.0
v -51.0 36.6 -8.0
v -52.0 37.4 -7.1
v -51.1 36.6 -6.0
v -51.1 36.4 -4.0
v -51.0 37.3 -10.0
v -50.1 14.9 -12.0
v -50.1 16.0 -14.2
v -50.0 15.8 -14.0
v -50.0 15.4 -13.0
v -50.0 15.5 -11.0
v -50.0 15.6 -10.0
v -50.0 15.5 -9.0
v -51.0 16.0 -8.0
v -50.0 16.0 -8.4
v -50.0 17.0 -14.6
v -50.0 17.0 -7.5
v -50.1 17.6 -16.0
v -50.0 17.4 -15.0
v -50.0 17.6 -7.0
v -50.3 18.0 -7.0
v -50.0 18.0 -6.7
v -51.0 19.0 -18.3
v -50.0 18.4 -17.0
v -50.1 19.0 -6.8
v -50.9 19.9 -16.0
v -50.0 21.0 -19.4
v -50.0 20.6 -17.0
v -50.0 21.0 -17.4
v -50.0 20.5 -16.0
v -50.6 21.0 -15.0
v -50.0 21.0 -15.5
v -50.0 20.4 -7.0
v -50.0 21.0 -6.7
v -50.0 22.0 -17.6
v -50.1 22.0 -15.0
v -50.0 22.0 -6.4
v -50.0 22.4 -19.0
v -50.7 23.0 -13.0
v -50.0 23.0 -5.9
v -50.0 24.0 -15.4
v -50.0 23.5 -15.0
v -50.0 23.2 -14.0
v -50.0 24.0 -5.6
v -50.0 25.0 -15.6
v -50.0 25.0 -5.5
v -50.0 26.0 -16.4
v -50.0 26.0 -5.7
v -50.1 27.0 -17.2
v -50.0 26.7 -17.0
v -50.0 27.0 -6.3
v -50.5 28.0 -17.0
v -50.0 28.0 -17.5
v -50.0 28.0 -6.3
v -50.1 29.0 -17.1
v -50.5 29.0 -16.0
v -50.7 29.0 -15.0
v -50.0 28.3 -6.0
v -49.9 28.6 -5.0
v -50.0 29.6 -15.0
v -51.0 30.0 -13.9
v -50.0 29.4 -4.0
v -49.7 29.7 -1.7
v -50.3 30.0 -2.0
v -50.0 31.0 -13.5
v -50.0 30.4 -1.0
v -50.4 31.0 -1.0
v -50.1 30.9 0.0
v -50.0 31.0 0.2
v -50.6 32.0 -1.0
v -50.3 32.0 0.0
v -50.0 33.0 -12.7
v -50.6 33.0 -1.0
v -50.4 33.0 0.0
v -50.0 32.0 0.3
v -51.0 34.1 -13.3
v -50.0 34.0 -12.5
v -50.8 34.0 -1.0
v -50.5 34.0 0.0
v -50.0 34.0 0.4
v -50.0 34.7 -11.9
v -49.5 35.0 0.4
v -50.0 35.9 -10.8
v -50.0 35.7 -3.0
v -50.0 35.5 -2.0
v -50.0 37.0 -10.0
v -50.0 36.6 -9.0
v -50.0 36.5 -8.0
v -49.9 36.5 -5.1
v -50.0 36.4 -4.0
v -49.0 14.0 -12.0
v -49.0 15.0 -11.3
v -49.0 15.0 -9.0
v -49.0 16.0 -14.5
v -49.0 15.5 -14.0
v -49.0 15.2 -13.0
v -49.0 15.3 -11.0
v -49.0 15.8 -10.0
v -48.0 16.0 -8.6
v -49.0 16.9 -7.0
v -49.0 18.0 -16.7
v -49.0 17.6 -16.0
v -49.0 17.2 -15.0
v -49.0 17.1 -8.0
v -49.0 18.0 -6.6
v -49.0 19.0 -18.5
v -49.0 18.5 -18.0
v -48.9 18.2 -16.9
v -49.0 19.0 -6.6
v -49.0 20.0 -20.0
v -49.0 19.5 -19.0
v -50.0 20.1 -19.0
v -49.9 20.0 -7.2
v -49.0 20.0 -6.6
v -49.0 21.0 -19.7
v -49.0 20.8 -17.0
v -49.0 21.0 -17.2
v -49.0 20.8 -16.0
v -50.0 22.0 -19.4
v -49.0 22.0 -17.4
v -49.0 22.0 -15.6
v -50.0 22.0 -14.0
v -49.0 21.0 -6.4
v -49.0 23.0 -19.2
v -50.0 22.5 -18.0
v -49.0 23.0 -17.0
v -49.6 23.0 -15.0
v -49.0 23.0 -15.6
v -49.9 23.0 -13.9
v -49.0 23.0 -6.2
v -49.0 23.2 -19.0
v -49.0 23.2 -18.0
v -49.0 24.0 -15.5
v -49.0 23.8 -6.2
v -49.0 24.9 -16.1
v -49.0 25.0 -6.1
v -49.0 26.0 -16.6
v -49.0 27.0 -18.2
v -49.0 26.8 -18.0
v -49.0 26.4 -17.0
v -49.0 27.0 -6.4
v -49.0 28.0 -18.2
v -49.0 29.0 -17.5
v -49.0 28.2 -6.0
v -48.1 29.0 -4.6
v -50.0 29.2 -17.0
v -49.0 30.3 -15.0
v -49.9 29.5 -3.0
v -48.6 30.0 -0.0
v -50.0 30.4 -14.0
v -49.0 30.8 -13.0
v -49.0 31.0 -12.8
v -49.0 30.4 0.0
v -49.0 31.0 0.5
v -50.0 32.0 -13.3
v -49.0 32.0 -12.6
v -49.0 33.0 -12.5
v -49.0 33.0 0.5
v -49.0 34.0 0.5
v -49.0 35.0 -11.5
v -49.0 35.9 -10.7
v -49.1 35.5 -1.0
v -49.5 35.4 0.0
v -49.0 36.5 -10.0
v -49.0 36.6 -8.9
v -48.9 36.6 -6.0
v -48.0 36.5 -5.0
v -48.1 36.5 -3.2
v -49.1 36.3 -3.0
v -48.0 14.0 -14.0
v -48.0 13.6 -13.0
v -48.4 14.0 -13.0
v -48.0 13.6 -12.0
v -48.0 14.0 -11.5
v -48.5 15.0 -14.0
v -48.0 15.0 -14.5
v -48.9 15.0 -12.8
v -48.0 14.5 -11.0
v -48.0 14.9 -9.9
v -48.4 16.0 -15.0
v -48.0 16.0 -15.4
v -48.0 15.4 -9.0
v -48.1 16.9 -17.0
v -48.9 17.0 -14.8
v -48.0 17.0 -8.2
v -48.0 17.0 -7.5
v -48.0 16.8 -7.0
v -48.0 17.0 -6.8
v -48.4 18.0 -18.0
v -48.0 18.0 -18.4
v -48.0 17.5 -8.0
v -48.0 18.0 -6.7
v -48.0 19.1 -18.9
v -48.1 19.0 -7.0
v -48.0 19.0 -7.1
v -48.0 20.0 -20.4
v -48.0 19.6 -20.0
v -48.0 19.3 -7.0
v -48.0 20.0 -5.9
v -48.0 21.0 -20.3
v -48.8 21.0 -17.0
v -48.9 21.0 -15.9
v -48.0 21.0 -5.6
v -48.0 22.0 -19.6
v -47.9 22.0 -17.0
v -48.0 22.0 -17.0
v -48.6 22.0 -16.0
v -48.0 22.0 -5.5
v -48.0 23.1 -19.0
v -48.0 22.8 -18.0
v -48.0 23.0 -17.6
v -49.0 23.0 -17.0
v -48.6 23.0 -16.0
v -48.0 23.0 -5.5
v -48.0 23.3 -17.0
v -48.0 24.0 -15.9
v -48.0 24.0 -5.6
v -48.0 25.0 -16.4
v -49.0 26.0 -6.2
v -48.1 25.5 -5.6
v -48.0 27.0 -18.4
v -48.0 26.2 -17.0
v -48.0 27.0 -5.6
v -48.0 28.0 -18.5
v -49.0 28.0 -6.2
v -48.0 28.0 -5.5
v -48.0 28.8 -17.9
v -48.0 28.6 -5.0
v -48.0 29.6 -17.0
v -49.0 29.7 -16.0
v -48.0 29.4 -4.0
v -48.0 29.5 -3.0
v -48.0 29.5 -1.0
v -48.0 29.6 0.0
v -48.0 29.8 1.0
v -48.1 30.0 1.1
v -48.0 30.6 -15.0
v -48.0 31.0 -12.8
v -48.3 31.0 1.0
v -48.0 31.0 1.3
v -48.0 32.0 -12.5
v -48.0 32.0 0.7
v -48.0 33.0 0.5
v -48.9 34.0 -12.4
v -48.0 34.0 0.5
v -48.0 35.0 -11.6
v -48.0 35.0 0.2
v -48.0 36.1 -11.1
v -48.0 36.3 -2.0
v -48.0 35.7 -1.0
v -48.0 35.3 0.0
v -48.0 36.5 -10.0
v -48.0 37.1 -9.0
v -48.0 37.2 -8.0
v -48.0 37.2 -7.0
v -47.0 12.9 -12.0
v -47.0 14.0 -14.0
v -47.0 13.8 -14.0
v -47.0 13.4 -13.0
v -47.0 14.9 -17.0
v -47.0 14.8 -16.0
v -47.0 15.0 -15.2
v -47.0 14.2 -11.1
v -47.3 16.0 -18.0
v -47.0 15.9 -18.2
v -47.5 16.0 -17.0
v -47.2 15.0 -16.0
v -47.0 15.0 -10.0
v -47.0 15.4 -9.0
v -47.0 16.0 -8.5
v -47.6 17.0 -18.0
v -47.0 17.0 -18.7
v -47.9 17.0 -16.0
v -47.0 16.5 -8.0
v -47.8 17.0 -8.0
v -47.1 16.9 -6.8
v -47.2 18.0 -20.0
v -47.0 18.0 -20.2
v -47.0 17.4 -19.0
v -47.5 18.0 -19.0
v -47.0 18.0 -6.5
v -47.5 19.0 -20.0
v -47.8 19.0 -19.0
v -47.0 19.0 -6.4
v -47.0 20.0 -20.6
v -47.0 19.4 -6.0
v -47.0 20.0 -5.6
v -46.8 21.0 -20.4
v -47.0 22.0 -19.5
v -47.0 21.0 -5.3
v -47.0 22.0 -4.7
v -47.0 22.5 -19.0
v -47.0 22.6 -18.0
v -47.0 23.0 -17.4
v -47.0 23.4 -17.0
v -47.0 24.0 -16.5
v -47.0 23.0 -4.7
v -47.0 24.0 -5.3
v -47.0 25.0 -16.6
v -47.0 25.0 -5.3
v -48.0 26.0 -16.8
v -47.0 25.8 -17.2
v -47.0 26.0 -5.2
v -47.0 27.0 -18.5
v -47.0 26.5 -18.0
v -47.0 27.0 -5.3
v -47.3 28.0 -19.0
v -47.0 28.0 -19.3
v -47.0 27.7 -19.0
v -47.0 28.0 -5.3
v -47.1 29.0 -19.1
v -47.6 29.0 -18.0
v -47.0 29.0 -5.0
v -47.0 29.2 -19.0
v -47.0 29.5 -18.0
v -47.0 30.1 -17.2
v -47.0 29.5 -4.0
v -47.0 29.6 -2.9
v -47.0 29.6 -0.0
v -46.9 29.9 1.0
v -47.0 30.0 1.2
v -47.0 31.3 -16.0
v -48.0 30.4 -16.0
v -48.0 30.6 -14.0
v -48.0 30.8 -13.0
v -47.0 31.0 1.3
v -47.0 31.5 -15.0
v -47.0 31.5 -14.0
v -47.0 32.0 -12.8
v -47.9 32.9 -12.5
v -46.9 32.1 1.3
v -47.0 33.0 0.7
v -46.9 34.0 -12.4
v -47.0 34.0 0.3
v -47.0 35.0 -11.5
v -47.6 35.0 0.0
v -47.0 35.0 -0.3
v -47.0 35.6 -11.0
v -47.0 35.9 -6.0
v -47.0 36.6 -9.0
v -47.1 36.6 -8.0
v -47.0 36.5 -7.0
v -48.0 37.0 -6.0
v -47.0 36.4 -4.0
v -47.0 36.4 -2.1
v -46.6 13.0 -14.0
v -46.0 12.8 -14.0
v -46.0 13.2 -13.0
v -46.0 12.7 -12.0
v -46.3 13.0 -11.0
v -46.0 12.8 -11.0
v -46.3 14.0 -15.0
v -46.0 13.8 -15.1
v -46.8 14.0 -11.0
v -46.0 13.5 -10.0
v -46.5 14.0 -10.0
v -46.0 13.7 -9.0
v -46.6 14.0 -9.0
v -46.0 14.0 -8.7
v -46.0 15.0 -18.2
v -46.0 14.8 -18.0
v -46.0 14.9 -17.0
v -46.0 14.5 -16.0
v -47.0 15.1 -15.0
v -46.6 15.0 -9.0
v -46.0 15.0 -8.5
v -45.9 15.9 -18.7
v -45.9 16.0 -8.2
v -46.1 16.8 -20.0
v -46.0 17.0 -20.3
v -46.0 16.3 -19.0
v -46.0 16.3 -8.0
v -46.0 17.1 -7.1
v -46.0 18.0 -6.5
v -47.0 19.0 -20.5
v -46.0 19.0 -21.2
v -46.0 19.0 -5.7
v -46.0 20.0 -21.2
v -46.0 20.0 -5.3
v -46.0 21.9 -19.6
v -46.0 22.0 -4.4
v -46.0 22.5 -19.0
v -46.0 23.0 -4.1
v -46.0 23.9 -16.7
v -46.7 24.0 -5.0
v -46.0 24.0 -4.3
v -46.7 25.0 -5.0
v -46.3 25.0 -4.0
v -46.1 26.2 -17.7
v -46.1 25.0 -16.6
v -46.8 26.0 -5.0
v -46.8 26.0 -4.0
v -45.9 26.0 -3.3
v -46.0 27.3 -18.8
v -46.7 27.0 -5.0
v -46.6 27.0 -4.0
v -46.3 27.0 -3.0
v -46.0 27.0 -2.8
v -46.0 28.0 -19.8
v -46.7 28.0 -5.0
v -46.4 28.0 -4.0
v -46.1 28.0 -2.9
v -46.0 29.0 -19.4
v -45.9 29.0 -4.2
v -46.0 28.7 -4.0
v -46.0 28.2 -3.0
v -46.0 29.6 -17.9
v -46.0 30.0 -4.0
v -46.4 30.0 -3.0
v -46.5 30.0 -1.0
v -46.6 30.0 0.0
v -46.0 31.0 -16.5
v -46.0 30.3 -3.0
v -46.0 30.4 -2.0
v -46.0 30.6 -1.0
v -46.3 31.0 0.0
v -46.6 31.0 1.0
v -46.0 31.6 -16.0
v -46.0 32.3 -15.0
v -46.9 31.8 -13.0
v -46.0 31.3 -0.0
v -46.0 31.7 1.0
v -46.0 32.0 1.2
v -46.0 32.4 -13.0
v -46.0 33.0 -12.6
v -46.1 33.0 1.0
v -46.0 33.9 -0.2
v -46.0 33.0 1.1
v -46.0 34.1 -12.2
v -46.0 35.0 -0.7
v -47.0 36.3 -10.1
v -46.0 35.7 -10.0
v -46.0 35.5 -6.0
v -47.0 36.3 -5.0
v -46.0 35.5 -5.0
v -46.4 35.9 -4.0
v -46.0 35.5 -3.0
v -46.0 35.6 -2.0
v -47.0 36.1 -1.0
v -46.0 35.3 -1.0
v -46.0 36.4 -9.0
v -45.9 36.3 -7.0
v -44.9 12.8 -14.0
v -45.0 12.6 -12.0
v -45.0 12.6 -11.0
v -45.0 14.2 -16.0
v -45.0 13.5 -15.0
v -45.1 13.2 -13.0
v -44.8 13.2 -10.0
v -45.0 13.7 -9.0
v -45.0 14.0 -8.7
v -45.0 15.0 -19.3
v -45.0 14.7 -19.0
v -45.0 14.4 -18.0
v -45.0 14.1 -17.0
v -45.4 15.0 -8.0
v -45.0 14.7 -8.0
v -44.8 16.0 -20.0
v -45.2 16.0 -7.0
v -45.0 16.0 -6.8
v -45.0 17.0 -21.2
v -45.0 16.7 -21.0
v -45.0 16.2 -20.0
v -45.8 17.0 -7.0
v -45.0 17.0 -6.5
v -45.8 17.9 -20.8
v -45.0 18.0 -21.4
v -44.0 18.0 -21.4
v -44.0 18.3 -6.0
v -45.1 20.1 -20.9
v -45.0 19.0 -5.5
v -45.0 20.0 -4.7
v -46.0 21.0 -20.6
v -45.0 21.0 -21.3
v -45.0 21.0 -4.4
v -45.0 22.0 -21.0
v -45.0 21.9 -20.0
v -45.0 22.0 -4.4
v -45.0 23.2 -19.1
v -46.0 22.8 -18.0
v -45.0 23.6 -18.0
v -45.3 24.1 -17.2
v -45.0 23.0 -4.1
v -46.0 24.5 -3.9
v -45.2 25.0 -2.8
v -45.0 26.0 -17.7
v -45.0 27.0 -18.5
v -45.0 27.0 -2.4
v -45.0 28.0 -19.4
v -45.0 28.0 -2.5
v -45.0 29.0 -19.4
v -44.7 29.0 -3.0
v -45.0 28.6 -3.0
v -45.9 29.4 -19.0
v -45.0 29.6 -18.0
v -44.7 30.0 -3.0
v -45.0 30.2 -17.2
v -45.0 31.0 -16.6
v -45.0 30.3 -3.0
v -45.0 30.7 -2.0
v -45.0 32.0 -16.2
v -45.0 31.9 -13.0
v -45.0 31.4 -1.1
v -45.0 31.8 0.0
v -44.8 32.0 0.1
v -45.0 32.2 -16.0
v -45.0 32.4 -15.0
v -45.4 33.9 -12.0
v -45.0 33.4 0.0
v -45.0 34.0 -0.5
v -46.0 35.2 -11.1
v -45.0 34.8 -6.0
v -45.0 34.6 -4.9
v -45.0 34.6 -4.2
v -45.0 34.7 -3.0
v -45.0 34.6 -1.0
v -45.0 35.5 -10.0
v -46.0 35.9 -9.7
v -45.0 35.9 -7.3
v -45.0 35.1 -2.0
v -45.0 36.4 -9.0
v -45.1 36.4 -7.9
v -44.0 12.7 -14.0
v -44.0 13.0 -13.5
v -44.0 13.3 -13.0
v -44.0 12.8 -12.0
v -44.0 12.7 -11.0
v -44.0 13.0 -10.0
v -44.0 14.0 -18.0
v -44.1 13.7 -16.0
v -44.0 13.3 -15.0
v -44.0 14.1 -9.0
v -44.2 15.0 -21.0
v -44.0 14.9 -21.1
v -44.0 14.5 -20.0
v -44.5 15.0 -20.0
v -44.0 14.3 -19.0
v -44.0 14.6 -8.0
v -44.4 16.0 -21.0
v -44.0 16.0 -21.4
v -44.0 15.5 -7.0
v -44.0 16.0 -6.5
v -44.0 17.0 -21.5
v -44.0 17.0 -5.9
v -44.0 18.0 -6.2
v -44.0 19.0 -20.9
v -44.0 19.4 -5.0
v -44.0 21.0 -21.6
v -44.0 20.0 -4.5
v -44.0 21.0 -3.7
v -44.0 22.0 -21.6
v -44.0 22.0 -3.5
v -44.0 22.5 -21.0
v -44.1 22.7 -20.0
v -44.0 23.7 -19.0
v -44.6 24.0 -18.0
v -43.6 23.0 -3.1
v -44.0 24.0 -2.6
v -44.3 25.0 -18.2
v -45.0 25.0 -17.0
v -44.0 25.0 -1.7
v -44.6 26.0 -18.0
v -44.0 26.0 -18.5
v -45.0 26.0 -2.5
v -44.0 26.0 -1.5
v -44.0 27.0 -1.5
v -44.0 28.0 -19.5
v -44.2 28.0 -1.8
v -44.0 29.0 -19.5
v -43.7 29.0 -2.0
v -44.0 29.4 -19.0
v -44.0 29.5 -18.0
v -44.0 29.7 -16.9
v -44.0 30.0 -16.7
v -44.0 30.0 -2.1
v -44.0 31.0 -2.7
v -44.5 31.0 -2.0
v -44.0 32.0 -16.0
v -44.4 32.0 -15.0
v -45.0 32.3 -14.0
v -44.0 31.5 -14.0
v -44.0 31.5 -13.0
v -44.0 32.0 -12.4
v -44.2 32.0 -2.0
v -44.0 32.0 -2.3
v -44.5 32.0 -1.0
v -44.9 33.0 -12.3
v -44.0 32.2 -2.0
v -44.0 32.5 -1.0
v -44.0 33.0 -0.5
v -44.7 33.0 0.0
v -44.7 34.3 -11.0
v -44.9 34.9 -10.6
v -43.7 34.0 -0.7
v -44.0 34.6 -6.0
v -44.0 35.0 -6.4
v -44.0 34.5 -4.9
v -44.0 34.5 -3.0
v -44.0 34.6 -2.0
v -44.0 34.4 -1.0
v -44.0 35.3 -10.0
v -44.0 35.6 -7.0
v -44.0 36.0 -7.6
v -44.0 36.2 -9.0
v -44.0 36.3 -8.0
v -43.0 12.8 -15.0
v -43.0 12.8 -14.0
v -43.7 13.0 -12.0
v -43.7 13.0 -11.0
v -43.0 13.9 -20.0
v -43.0 13.9 -19.0
v -43.0 13.7 -17.0
v -44.0 14.0 -17.0
v -43.0 13.4 -16.0
v -43.0 13.5 -13.0
v -43.0 13.7 -12.0
v -42.7 14.0 -12.0
v -43.3 14.1 -11.0
v -43.4 14.0 -10.0
v -43.2 14.0 -9.0
v -43.0 14.0 -9.0
v -43.0 14.7 -21.0
v -43.0 14.2 -18.0
v -43.0 14.4 -10.0
v -43.0 15.0 -8.3
v -43.0 15.3 -8.0
v -43.0 16.0 -21.4
v -43.0 15.9 -6.9
v -43.0 17.0 -21.5
v -43.3 18.0 -22.0
v -43.0 17.8 -22.1
v -43.0 17.0 -6.0
v -43.0 18.0 -6.3
v -43.3 19.0 -23.0
v -43.6 19.0 -22.0
v -43.0 18.3 -6.0
v -43.0 18.9 -4.9
v -43.3 20.0 -23.0
v -44.0 20.0 -22.0
v -44.0 20.0 -21.0
v -43.0 21.0 -22.8
v -43.6 21.0 -22.0
v -43.0 20.0 -4.3
v -43.5 22.0 -22.0
v -43.0 22.0 -23.0
v -43.0 21.0 -3.5
v -43.0 22.0 -2.8
v -43.0 22.4 -22.0
v -43.0 23.1 -21.0
v -43.6 23.0 -20.0
v -43.0 23.0 -2.6
v -43.0 23.5 -20.0
v -43.8 24.0 -18.8
v -43.0 24.0 -19.5
v -43.0 24.0 -2.4
v -43.5 25.0 -19.0
v -43.0 25.0 -19.4
v -43.0 24.5 -2.0
v -43.0 25.0 -1.4
v -43.0 26.0 -19.4
v -43.0 26.0 -0.7
v -44.0 27.0 -18.7
v -43.0 27.0 -19.5
v -43.0 27.0 -0.7
v -43.1 28.0 -21.0
v -43.0 28.0 -21.1
v -43.0 27.9 -21.0
v -43.0 27.6 -20.0
v -43.4 28.0 -20.0
v -43.0 28.0 -0.7
v -43.3 29.0 -21.0
v -43.0 29.0 -21.4
v -43.6 29.0 -20.0
v -43.0 29.0 -1.5
v -43.2 30.0 -21.0
v -43.0 30.0 -21.2
v -43.3 30.0 -20.0
v -43.0 29.7 -19.0
v -43.0 29.5 -18.0
v -43.0 29.5 -17.0
v -43.0 29.5 -16.0
v -43.0 30.0 -15.7
v -43.2 30.0 -2.0
v -43.0 30.0 -2.0
v -43.0 30.2 -21.0
v -43.0 30.2 -20.0
v -43.3 30.0 -16.0
v -43.0 30.7 -15.0
v -43.4 31.0 -15.0
v -43.0 30.9 -13.0
v -43.3 31.0 -2.0
v -43.0 31.0 -1.8
v -43.0 31.6 -12.0
v -43.0 31.4 -2.0
v -43.0 32.0 -2.5
v -43.0 33.0 -10.8
v -43.0 32.2 -2.0
v -43.0 32.6 -1.0
v -43.0 33.0 -0.6
v -44.0 35.0 -10.3
v -43.0 35.0 -9.6
v -43.0 35.0 -6.3
v -43.0 34.5 -4.9
v -43.0 34.5 -2.0
v -43.0 34.3 -1.0
v -44.0 36.2 -9.1
v -43.0 35.5 -9.0
v -43.0 35.7 -8.0
v -43.0 36.1 -7.0
v -43.0 36.0 -6.9
v -42.7 13.0 -14.0
v -42.0 12.9 -15.0
v -42.0 14.0 -17.4
v -42.0 13.7 -17.0
v -42.0 13.4 -16.0
v -42.3 14.0 -14.0
v -42.6 14.0 -13.0
v -43.0 15.0 -21.2
v -42.0 15.0 -20.5
v -42.0 14.5 -20.0
v -42.0 14.4 -19.0
v -42.0 14.4 -18.0
v -42.0 14.2 -14.2
v -42.0 15.0 -13.4
v -42.3 15.0 -13.0
v -42.5 15.0 -11.0
v -42.5 15.0 -10.0
v -42.5 15.0 -9.0
v -42.3 16.0 -21.0
v -42.0 16.0 -20.8
v -42.0 15.3 -13.0
v -41.9 15.7 -11.6
v -41.7 16.0 -10.0
v -42.5 16.0 -8.0
v -41.8 16.0 -9.0
v -42.8 16.0 -7.0
v -42.4 17.0 -22.0
v -42.0 16.7 -22.0
v -42.0 16.5 -21.0
v -42.3 17.0 -8.0
v -42.5 17.0 -7.0
v -42.3 18.0 -24.0
v -42.6 18.0 -23.0
v -42.0 17.0 -8.4
v -41.7 18.0 -8.0
v -42.4 18.0 -7.0
v -42.5 19.0 -24.0
v -42.0 18.3 -7.0
v -42.8 19.0 -5.0
v -42.0 18.6 -6.0
v -42.5 20.0 -24.0
v -42.0 19.3 -5.0
v -42.0 19.7 -4.0
v -42.0 20.0 -3.7
v -42.3 21.0 -24.0
v -42.8 21.0 -23.0
v -42.0 21.3 -24.0
v -42.9 22.0 -23.0
v -42.0 21.0 -3.3
v -42.0 22.0 -2.6
v -42.0 22.1 -23.0
v -42.0 22.0 -22.0
v -42.0 22.7 -21.0
v -42.0 23.0 -20.6
v -42.0 23.0 -2.5
v -42.0 23.7 -20.0
v -42.0 24.0 -2.2
v -42.0 25.0 -19.5
v -42.0 24.3 -2.0
v -42.0 24.7 -1.0
v -42.0 25.0 -0.8
v -42.0 26.0 -19.6
v -42.0 26.0 -0.5
v -42.0 27.0 -19.7
v -42.1 27.0 -2.0
v -42.0 26.9 -2.0
v -42.0 27.0 -1.8
v -42.0 27.0 -0.5
v -42.0 28.0 -21.4
v -42.0 27.7 -21.0
v -42.0 27.7 -20.0
v -42.0 27.0 -3.0
v -42.0 28.0 -2.0
v -42.0 28.0 -0.4
v -42.6 29.0 -1.0
v -42.0 28.8 0.0
v -42.0 30.0 -22.1
v -42.0 29.9 -18.0
v -42.0 29.7 -17.0
v -42.6 30.0 -16.0
v -42.1 29.0 0.0
v -42.0 30.1 -22.0
v -42.0 30.6 -21.0
v -42.0 30.6 -20.0
v -42.0 30.5 -19.0
v -41.8 30.9 -15.7
v -43.0 30.8 -14.0
v -42.0 31.0 -0.8
v -42.0 31.3 -15.0
v -42.0 31.5 -14.0
v -42.0 31.4 -13.0
v -42.0 31.1 -12.0
v -42.8 32.0 -2.0
v -41.9 32.0 -1.0
v -42.0 33.0 -10.4
v -42.0 32.2 -1.0
v -42.0 33.0 -0.6
v -42.0 33.9 -9.7
v -42.0 34.0 -0.6
v -42.0 35.0 -9.3
v -42.0 34.6 -2.0
v -42.0 34.4 -1.0
v -42.0 35.2 -9.0
v -42.0 35.6 -8.0
v -42.9 34.8 -6.0
v -42.0 36.0 -6.6
v -42.0 36.2 -7.0
v -41.0 14.3 -17.0
v -41.0 13.7 -15.0
v -41.0 14.0 -14.7
v -41.0 15.0 -22.0
v -41.0 15.0 -20.8
v -41.0 14.6 -20.0
v -40.0 14.6 -19.0
v -41.0 14.5 -18.0
v -41.1 15.0 -14.2
v -41.5 16.0 -22.0
v -40.8 15.0 -21.0
v -41.8 16.0 -21.0
v -41.0 15.3 -14.0
v -41.4 16.0 -12.0
v -41.6 16.0 -11.0
v -41.3 17.0 -24.0
v -40.7 16.0 -23.0
v -41.8 17.1 -23.0
v -41.0 16.1 -13.0
v -41.0 16.3 -12.0
v -41.0 17.0 -11.3
v -41.3 17.0 -11.0
v -41.9 17.0 -10.0
v -41.7 17.0 -9.0
v -41.2 18.0 -25.2
v -41.0 17.3 -11.0
v -41.0 18.1 -10.0
v -41.4 18.0 -9.0
v -41.0 19.0 -25.5
v -41.0 18.6 -8.0
v -41.0 18.6 -7.0
v -41.0 18.8 -6.0
v -41.7 20.0 -24.8
v -41.0 20.0 -25.4
v -41.0 19.4 -5.0
v -41.0 19.6 -4.0
v -41.0 20.0 -3.5
v -41.0 21.0 -25.2
v -41.0 20.5 -3.0
v -41.6 21.0 -3.0
v -41.0 21.2 -25.0
v -42.0 22.1 -23.1
v -41.0 21.0 -2.0
v -41.0 22.0 -2.3
v -41.0 22.4 -22.0
v -41.0 22.7 -21.0
v -42.0 24.0 -19.7
v -41.0 24.0 -20.3
v -41.0 23.0 -2.3
v -41.0 24.0 -1.6
v -41.0 24.5 -1.0
v -40.0 25.0 -0.4
v -41.0 26.0 -20.3
v -41.0 25.0 -19.9
v -41.6 27.0 -20.0
v -41.0 27.0 -20.6
v -41.2 27.0 -4.0
v -41.0 26.8 -4.0
v -41.0 27.0 -4.8
v -41.0 26.6 -3.0
v -41.0 26.8 -2.0
v -41.0 27.0 -1.8
v -41.0 26.0 -0.3
v -41.1 27.0 0.3
v -41.0 28.0 -22.2
v -41.0 27.8 -22.0
v -41.0 27.3 -21.0
v -41.0 27.2 -4.0
v -41.0 28.1 -3.0
v -41.0 28.0 -1.9
v -41.6 28.0 0.0
v -41.0 28.0 0.5
v -42.0 29.0 -21.7
v -41.0 29.0 -22.5
v -41.0 28.1 -2.0
v -41.0 29.0 1.1
v -41.0 30.0 -22.5
v -41.9 30.0 -18.0
v -41.7 30.0 -17.0
v -41.9 30.0 -1.0
v -41.5 30.0 0.0
v -41.0 30.0 0.6
v -41.0 31.0 -22.2
v -41.5 31.0 -21.0
v -41.6 31.0 -20.0
v -41.6 31.0 -19.0
v -41.7 31.0 -18.0
v -41.0 31.0 -17.4
v -41.0 30.7 -17.0
v -41.3 31.0 -11.0
v -41.0 30.3 -11.0
v -41.0 31.0 -11.4
v -41.0 31.0 -10.8
v -41.0 31.0 0.3
v -41.1 31.2 -22.0
v -41.0 31.6 -21.0
v -41.0 32.1 -20.0
v -41.0 31.6 -19.0
v -41.0 31.3 -18.0
v -41.0 31.3 -16.0
v -41.0 32.3 -14.0
v -41.0 32.2 -13.0
v -41.0 31.4 -12.0
v -42.0 32.0 -11.3
v -41.0 32.0 -10.4
v -41.0 32.0 -0.3
v -41.3 31.0 0.0
v -41.0 34.0 -9.3
v -41.0 34.0 -0.4
v -41.5 34.9 -8.9
v -42.0 34.7 -5.0
v -42.0 34.6 -4.1
v -41.0 35.0 -0.7
v -41.0 35.4 -8.0
v -41.0 36.0 -5.6
v -41.0 35.6 -5.0
v -41.0 35.4 -4.0
v -41.0 35.4 -2.1
v -41.0 35.2 -1.0
v -40.6 36.3 -5.6
v -41.0 13.7 -16.0
v -40.3 15.0 -23.0
v -40.0 14.7 -23.0
v -40.0 14.5 -22.0
v -40.0 14.6 -21.0
v -40.0 14.5 -20.0
v -40.0 14.6 -17.2
v -40.0 14.6 -16.0
v -40.0 15.0 -14.6
v -40.4 16.0 -24.0
v -40.0 15.4 -14.0
v -40.0 15.6 -13.0
v -40.0 16.0 -12.0
v -40.3 16.9 -25.1
v -40.0 17.0 -11.4
v -40.0 18.0 -26.2
v -40.0 17.4 -11.0
v -40.0 17.7 -9.9
v -40.0 19.0 -26.2
v -40.0 18.5 -9.0
v -40.2 19.0 -8.0
v -40.0 19.0 -8.2
v -40.5 19.0 -7.0
v -40.0 20.0 -25.6
v -40.0 19.1 -8.0
v -40.0 19.5 -7.0
v -40.0 19.6 -6.0
v -40.0 19.6 -5.0
v -40.0 19.8 -4.0
v -40.0 21.0 -25.3
v -40.0 20.6 -3.0
v -40.0 20.8 -2.0
v -40.0 21.0 -1.8
v -40.0 21.3 -25.0
v -40.0 21.6 -24.0
v -41.0 21.8 -23.0
v -40.0 22.3 -23.0
v -40.0 22.0 -1.6
v -40.0 22.6 -22.0
v -40.0 23.0 -21.4
v -40.0 23.0 -1.5
v -41.0 23.0 -20.8
v -40.0 24.0 -20.7
v -40.0 25.0 -20.5
v -40.0 24.0 -1.3
v -40.0 26.0 -20.7
v -40.0 26.0 0.3
v -40.4 27.0 -21.1
v -40.0 27.0 -21.4
v -40.6 27.0 -5.0
v -40.0 26.7 -5.0
v -40.0 26.8 -4.0
v -40.0 27.0 -3.0
v -40.8 27.0 -2.0
v -40.0 27.0 0.6
v -40.0 28.0 -22.4
v -40.0 27.6 -22.0
v -40.0 27.0 -5.1
v -40.0 27.2 -4.0
v -40.9 28.0 -3.0
v -40.9 28.0 -2.0
v -40.0 29.0 -22.8
v -40.0 28.0 0.8
v -40.0 29.0 1.5
v -40.0 30.0 1.4
v -40.0 31.0 -22.3
v -40.0 30.9 -17.0
v -40.0 30.1 -11.0
v -40.0 31.0 -11.5
v -40.0 31.0 -10.5
v -40.0 31.0 0.7
v -40.0 31.4 -22.0
v -40.0 32.0 -21.4
v -40.0 31.5 -18.0
v -40.0 31.5 -16.0
v -41.0 31.7 -15.0
v -40.0 32.3 -15.0
v -40.0 31.9 -12.3
v -40.0 31.5 -10.0
v -40.8 32.4 -10.0
v -40.3 32.3 -9.7
v -40.0 32.0 0.6
v -40.0 32.3 -21.0
v -40.0 32.5 -20.0
v -40.0 32.3 -19.0
v -40.0 32.6 -14.0
v -40.0 32.5 -13.0
v -40.0 33.0 -9.4
v -40.4 34.0 0.1
v -40.1 33.6 -9.0
v -40.0 34.0 0.5
v -40.0 35.0 -7.6
v -40.0 35.0 0.2
v -41.0 36.2 -7.0
v -40.0 35.9 -6.7
v -40.0 35.7 -4.0
v -40.0 35.5 -3.0
v -40.0 35.6 -2.0
v -40.0 35.5 -1.0
v -40.0 35.2 0.0
v -40.0 36.4 -6.0
v -39.9 15.1 -23.7
v -39.0 14.7 -24.0
v -39.0 14.4 -23.0
v -39.0 14.0 -22.0
v -39.0 14.4 -21.0
v -39.0 14.6 -20.0
v -39.5 15.0 -19.0
v -39.0 15.0 -19.5
v -39.7 15.0 -17.6
v -39.6 15.0 -16.0
v -39.7 15.0 -15.0
v -39.2 16.0 -25.2
v -39.0 15.6 -25.0
v -39.3 16.0 -19.0
v -39.0 16.0 -19.3
v -39.4 16.0 -18.0
v -39.3 16.0 -17.0
v -39.2 16.0 -16.0
v -39.0 16.2 -16.0
v -39.0 15.6 -15.0
v -39.0 15.7 -13.0
v -39.2 16.8 -26.0
v -39.0 17.0 -26.3
v -39.0 16.6 -19.0
v -39.0 16.4 -17.9
v -39.0 16.4 -12.0
v -39.0 17.0 -11.3
v -39.0 18.0 -26.5
v -39.0 17.3 -11.0
v -39.0 17.6 -10.0
v -39.0 18.0 -9.5
v -39.0 19.0 -26.4
v -39.0 18.5 -9.0
v -39.1 19.0 -8.0
v -39.0 19.0 -8.0
v -39.1 20.0 -25.6
v -39.0 20.0 -7.7
v -39.5 20.0 -7.0
v -39.6 20.0 -6.0
v -39.6 20.0 -5.0
v -39.8 20.0 -4.0
v -39.3 21.0 -8.0
v -39.0 21.0 -8.3
v -39.5 20.9 -6.0
v -39.5 21.0 -4.0
v -39.6 21.0 -3.0
v -39.8 21.0 -2.0
v -39.0 21.2 -25.0
v -39.1 21.6 -23.9
v -39.3 22.0 -8.0
v -39.5 22.0 -7.0
v -39.5 22.0 -5.0
v -39.5 22.0 -4.0
v -39.3 22.0 -3.0
v -38.9 22.0 -2.0
v -39.0 22.0 -1.9
v -39.0 22.8 -22.0
v -39.0 23.0 -21.7
v -39.0 22.0 -8.3
v -39.3 23.0 -7.0
v -39.5 23.0 -6.0
v -39.5 23.0 -5.0
v -39.3 23.0 -4.0
v -39.0 22.7 -1.0
v -39.0 23.0 -0.8
v -39.0 24.1 -21.3
v -39.0 23.3 -7.1
v -39.2 24.0 -6.0
v -39.3 24.0 -5.0
v -39.0 24.0 -0.5
v -39.0 25.0 -20.7
v -39.0 24.2 -6.0
v -39.0 24.3 -5.0
v -39.0 25.0 0.3
v -39.0 26.0 -21.3
v -39.0 26.0 0.6
v -39.0 27.0 -21.7
v -39.9 27.0 -5.0
v -39.8 27.0 -4.0
v -39.4 27.0 1.0
v -39.0 26.6 1.0
v -39.0 28.0 -22.3
v -39.8 28.0 1.0
v -39.2 28.0 2.0
v -39.0 28.0 2.2
v -39.0 28.9 -21.8
v -39.4 29.0 2.0
v -39.0 29.0 2.5
v -40.0 30.0 -22.5
v -39.0 30.0 -21.8
v -39.1 30.0 2.0
v -39.0 29.5 3.0
v -39.3 30.0 3.0
v -39.0 29.8 4.0
v -39.2 30.0 4.0
v -39.0 31.0 -22.3
v -39.0 30.8 -11.0
v -39.0 31.0 -11.2
v -39.0 30.8 -10.0
v -39.0 31.0 -9.8
v -39.7 31.0 1.0
v -39.4 31.0 2.0
v -39.5 31.0 3.0
v -39.4 31.0 4.0
v -39.0 31.3 -22.0
v -39.0 32.0 -21.5
v -39.0 31.6 -18.0
v -39.0 31.4 -17.0
v -39.6 32.0 -12.0
v -39.0 32.0 -11.5
v -39.0 32.0 -9.4
v -39.6 32.0 1.0
v -39.5 32.0 2.0
v -39.5 32.0 3.0
v -39.3 32.0 4.0
v -39.0 32.4 -21.0
v -39.0 32.5 -20.0
v -39.0 32.4 -19.0
v -39.0 32.5 -15.0
v -39.0 33.3 -14.0
v -39.5 33.0 -13.0
v -39.0 33.0 -11.8
v -39.0 33.0 -9.2
v -39.6 33.0 1.0
v -39.4 33.0 2.0
v -39.3 33.0 3.0
v -38.9 32.8 3.8
v -39.1 32.0 4.2
v -39.2 33.0 -12.0
v -39.0 33.7 -8.0
v -39.0 34.0 -7.7
v -39.4 34.0 1.0
v -39.0 33.6 2.0
v -39.0 33.3 3.0
v -39.0 34.4 1.0
v -39.0 35.0 0.5
v -39.0 35.5 -7.0
v -39.0 35.9 -3.0
v -39.0 35.6 -1.0
v -39.0 35.4 0.0
v -39.0 36.4 -6.0
v -39.0 36.5 -5.0
v -39.0 36.3 -4.0
v -39.0 36.1 -2.0
v -38.0 13.9 -23.0
v -38.0 15.3 -25.0
v -38.0 14.5 -24.0
v -38.0 14.5 -21.0
v -38.0 14.6 -20.0
v -38.0 15.0 -19.6
v -38.0 15.8 -26.0
v -38.0 16.0 -26.2
v -38.0 16.0 -19.3
v -38.0 16.1 -15.0
v -38.0 15.7 -14.0
v -38.0 16.1 -13.0
v -38.0 17.0 -26.5
v -38.0 16.3 -19.0
v -38.0 16.5 -18.0
v -38.0 16.5 -17.0
v -38.0 16.5 -16.0
v -38.0 16.9 -11.0
v -38.0 18.0 -26.5
v -38.0 17.7 -10.0
v -38.0 18.0 -9.7
v -38.0 19.0 -26.4
v -38.5 19.0 -9.0
v -38.0 19.0 -9.4
v -38.0 19.4 -26.0
v -38.0 20.0 -25.4
v -38.4 20.0 -9.0
v -38.0 20.0 -9.4
v -38.8 20.0 -8.0
v -39.0 21.0 -25.2
v -38.0 21.0 -24.6
v -38.4 21.0 -9.0
v -38.0 21.0 -9.3
v -38.0 21.5 -24.0
v -38.0 22.0 -9.1
v -38.0 22.5 -23.0
v -38.0 23.1 -22.3
v -38.0 23.1 -8.1
v -38.7 22.9 -2.9
v -38.4 23.0 -2.0
v -38.0 22.9 -1.0
v -38.0 24.0 -21.5
v -38.0 23.7 -7.0
v -38.6 24.0 -4.0
v -38.3 24.0 -3.0
v -38.0 23.5 -2.0
v -38.0 24.6 -6.0
v -38.0 25.1 -5.0
v -37.8 24.8 -4.0
v -38.0 24.0 -0.4
v -38.0 25.0 0.4
v -38.0 26.0 -21.5
v -38.0 26.9 -22.0
v -38.0 26.0 0.7
v -38.0 27.0 1.5
v -38.0 28.0 -22.2
v -38.0 28.0 2.4
v -38.0 29.0 -21.5
v -38.0 28.6 3.0
v -38.4 29.0 3.1
v -38.0 30.0 -21.5
v -37.9 29.2 4.1
v -38.0 29.6 5.0
v -38.1 30.0 5.3
v -38.0 31.0 -10.3
v -38.0 30.8 -10.0
v -38.0 31.0 -9.7
v -38.9 31.0 4.6
v -37.7 31.0 5.8
v -38.0 32.0 -21.3
v -38.0 31.6 -18.0
v -38.0 31.7 -16.0
v -38.0 32.0 -10.7
v -38.0 31.7 -8.9
v -38.4 32.0 -9.0
v -38.0 32.0 5.3
v -38.0 32.2 -21.0
v -38.0 32.4 -20.0
v -38.0 32.2 -19.0
v -38.0 32.8 -14.9
v -38.0 33.0 -11.3
v -38.9 33.1 -9.1
v -38.0 33.0 -7.8
v -38.3 33.0 -8.0
v -38.0 32.3 5.0
v -38.0 33.5 -14.0
v -39.0 33.5 -13.0
v -38.0 34.2 -13.0
v -38.0 34.0 -11.8
v -38.8 35.0 -7.4
v -38.6 34.0 2.0
v -38.0 34.2 3.0
v -38.0 33.2 4.2
v -38.0 34.2 -12.0
v -38.0 34.7 1.0
v -38.0 35.0 0.6
v -38.0 34.5 2.0
v -38.0 35.1 -7.2
v -38.0 36.0 -6.3
v -38.0 35.6 -1.0
v -38.0 36.0 -1.5
v -38.0 35.4 0.0
v -38.0 36.5 -5.0
v -38.0 36.5 -4.0
v -38.0 36.4 -3.0
v -38.0 36.4 -2.0
v -37.0 14.3 -24.0
v -37.0 13.6 -23.0
v -38.0 14.2 -22.0
v -37.0 13.7 -22.0
v -37.0 14.7 -25.0
v -37.0 14.3 -21.0
v -37.0 14.6 -20.0
v -37.0 15.0 -19.4
v -37.0 16.0 -26.4
v -37.0 15.6 -26.0
v -37.4 15.9 -18.9
v -37.0 16.0 -18.5
v -37.0 15.8 -15.0
v -37.0 15.6 -14.0
v -37.0 15.9 -13.0
v -37.0 17.0 -26.5
v -37.0 16.4 -18.0
v -37.0 16.5 -17.0
v -37.0 16.4 -16.0
v -37.0 16.5 -12.0
v -37.0 18.0 -26.4
v -37.0 17.1 -11.3
v -37.0 18.3 -10.1
v -37.0 19.0 -9.6
v -37.0 19.2 -26.0
v -37.0 19.7 -25.0
v -37.0 20.0 -24.7
v -37.0 20.0 -9.5
v -37.0 21.1 -24.2
v -37.0 21.0 -9.4
v -37.0 21.8 -8.9
v -37.0 22.3 -23.1
v -37.0 23.0 -22.5
v -37.0 22.8 -8.0
v -37.5 23.0 -8.0
v -37.0 23.0 -7.8
v -37.0 24.0 -21.7
v -37.0 24.0 -7.3
v -37.4 24.1 -7.0
v -36.9 23.9 -1.0
v -38.0 25.0 -21.0
v -37.0 25.0 -21.8
v -37.5 25.0 -6.0
v -37.3 25.0 -3.0
v -36.6 25.0 -2.0
v -37.0 24.7 0.0
v -37.0 25.0 0.3
v -37.0 26.0 -21.5
v -37.0 25.4 -6.0
v -37.0 25.6 -5.0
v -37.0 25.5 -4.0
v -37.0 25.7 1.0
v -37.0 26.0 1.3
v -38.0 27.0 -22.1
v -37.0 27.0 -21.4
v -37.8 28.0 -22.0
v -37.0 28.0 -20.8
v -37.3 28.0 -21.0
v -37.0 28.0 1.8
v -37.5 29.0 -21.0
v -37.0 29.0 -20.6
v -37.0 28.2 2.0
v -37.0 28.5 3.0
v -37.0 28.5 4.0
v -37.0 28.5 5.0
v -37.5 29.0 5.0
v -37.3 29.0 6.0
v -36.5 29.0 7.0
v -37.5 30.0 -21.0
v -37.0 30.0 -20.6
v -37.5 30.0 6.0
v -37.0 30.0 6.5
v -38.0 31.0 -22.0
v -37.4 31.0 -21.0
v -37.0 31.0 -20.5
v -36.9 30.8 -10.0
v -37.0 31.0 -10.2
v -37.0 31.0 6.4
v -37.8 32.0 -21.0
v -37.0 31.5 -20.0
v -37.5 32.0 -20.0
v -37.0 31.6 -19.0
v -37.0 31.6 -18.0
v -38.0 31.6 -17.0
v -37.7 32.0 -16.0
v -37.0 32.0 -10.5
v -37.0 31.5 -9.0
v -37.0 32.3 -8.1
v -37.0 32.0 6.2
v -37.0 32.2 -17.1
v -37.0 32.6 -16.0
v -37.0 33.0 -7.6
v -37.0 32.6 5.0
v -37.0 33.0 4.5
v -37.0 33.3 -15.0
v -37.0 33.7 -14.0
v -37.0 33.0 -10.7
v -37.0 34.0 -11.6
v -37.0 34.0 -7.4
v -37.0 34.4 -13.0
v -37.0 34.4 -12.0
v -37.0 34.6 -7.0
v -37.0 35.0 -6.6
v -37.0 35.3 2.0
v -37.0 34.6 3.0
v -38.0 36.3 -6.0
v -37.0 35.6 -6.0
v -37.0 35.8 -1.0
v -37.0 35.6 0.0
v -37.0 35.4 1.0
v -37.0 36.3 -5.0
v -37.0 36.4 -4.0
v -37.0 36.4 -2.0
v -36.0 13.9 -24.0
v -36.0 13.5 -23.0
v -36.0 13.5 -22.0
v -36.0 13.7 -21.0
v -36.0 14.7 -25.0
v -36.0 14.3 -20.0
v -36.0 14.6 -19.0
v -36.0 15.0 -18.6
v -36.0 16.0 -26.2
v -36.0 16.0 -18.2
v -36.0 15.7 -15.0
v -36.0 16.1 -14.0
v -36.0 17.0 -26.2
v -36.0 16.2 -18.0
v -36.0 16.4 -17.0
v -36.0 16.4 -16.0
v -36.0 16.4 -13.0
v -36.0 16.7 -12.0
v -36.2 18.0 -25.8
v -36.0 17.4 -11.0
v -36.0 18.0 -10.5
v -37.0 19.0 -26.2
v -36.0 18.5 -10.0
v -36.0 19.3 -25.0
v -36.0 20.0 -9.5
v -36.4 20.9 -24.0
v -36.0 21.0 -9.5
v -36.4 21.9 -23.0
v -36.0 22.0 -22.7
v -36.0 22.0 -9.3
v -36.0 23.0 -22.3
v -36.0 24.0 -21.5
v -36.0 23.0 -8.4
v -36.0 24.0 -7.7
v -36.0 25.0 -20.9
v -36.0 25.2 -7.1
v -36.0 25.0 -7.3
v -36.4 25.0 -1.0
v -36.6 25.0 0.0
v -36.0 26.0 -21.1
v -36.0 26.2 -6.0
v -36.0 25.7 -2.0
v -36.0 25.5 -1.0
v -36.0 25.5 -0.0
v -36.0 25.8 1.0
v -36.0 27.0 -20.6
v -36.0 26.5 -5.0
v -36.0 26.0 1.2
v -36.0 28.1 -20.4
v -36.0 28.0 1.8
v -36.0 27.7 4.0
v -36.0 28.3 3.0
v -36.0 27.6 5.0
v -36.5 28.0 5.0
v -36.0 27.6 6.0
v -36.4 28.0 6.0
v -36.0 27.8 7.0
v -36.2 28.0 7.0
v -36.0 28.2 2.0
v -36.0 29.0 7.5
v -36.0 30.0 -20.4
v -36.0 31.0 -20.2
v -36.0 30.8 -10.0
v -36.0 31.0 -10.2
v -36.0 30.0 7.3
v -36.0 31.2 -20.0
v -35.0 31.5 -18.0
v -36.0 31.6 -18.0
v -36.0 32.0 -10.6
v -36.0 31.4 -9.0
v -36.0 31.9 -7.9
v -36.0 32.5 -17.0
v -36.0 33.0 -7.4
v -36.0 32.8 5.0
v -36.0 33.0 4.8
v -36.9 32.2 6.0
v -36.0 33.3 -16.1
v -36.0 33.6 -15.0
v -36.0 33.0 -10.6
v -35.6 34.0 -11.5
v -37.0 33.9 3.8
v -36.0 34.0 4.3
v -36.0 34.3 -14.0
v -36.0 35.3 -6.0
v -36.0 35.6 -5.0
v -36.0 35.8 -4.0
v -36.0 35.7 1.0
v -36.0 35.5 2.0
v -36.0 35.1 3.0
v -36.0 36.4 -3.0
v -35.4 36.5 -1.5
v -36.0 36.4 -1.0
v -36.0 36.3 0.0
v -35.0 13.7 -23.0
v -35.0 13.5 -21.0
v -35.0 13.6 -20.0
v -35.6 14.0 -20.0
v -35.5 14.0 -19.0
v -35.0 13.7 -18.0
v -35.3 14.0 -18.0
v -35.7 15.0 -25.0
v -35.0 15.0 -24.4
v -35.5 15.0 -18.0
v -35.0 14.0 -17.0
v -35.8 16.0 -26.0
v -35.4 16.0 -25.0
v -35.0 16.0 -24.5
v -35.8 16.0 -18.0
v -35.0 15.0 -17.3
v -35.4 16.0 -17.0
v -35.0 16.0 -16.4
v -35.0 16.2 -16.0
v -35.0 15.6 -15.0
v -35.0 15.8 -14.0
v -35.0 16.0 -13.8
v -35.8 17.0 -26.0
v -35.4 17.0 -25.0
v -35.0 16.5 -13.0
v -35.0 17.0 -12.0
v -35.0 16.9 -11.0
v -35.5 18.0 -25.0
v -36.0 19.0 -25.3
v -35.0 18.0 -10.4
v -35.3 19.0 -9.6
v -36.0 20.0 -24.4
v -35.0 20.0 -23.6
v -35.0 20.0 -9.4
v -35.0 21.0 -22.8
v -35.0 21.0 -9.4
v -35.0 22.0 -22.4
v -35.0 22.0 -9.4
v -35.0 23.0 -21.7
v -35.0 22.9 -8.7
v -35.0 24.0 -21.3
v -35.0 24.0 -8.3
v -35.0 25.0 -20.5
v -35.0 25.0 -7.5
v -35.0 25.7 -20.0
v -35.2 26.0 -19.9
v -35.0 25.6 -7.0
v -35.5 27.1 -20.0
v -34.9 27.0 -19.4
v -35.0 26.4 -6.0
v -35.0 27.0 -5.3
v -35.5 27.0 -4.0
v -35.5 26.8 -3.0
v -34.2 27.3 0.1
v -34.7 27.0 1.0
v -35.0 27.0 1.4
v -35.0 27.2 -5.0
v -35.0 27.4 -4.0
v -35.0 27.3 -3.0
v -35.0 27.5 2.0
v -35.0 27.7 3.0
v -35.0 27.6 4.0
v -35.0 27.4 6.0
v -35.0 27.4 7.0
v -35.0 27.8 8.0
v -35.0 28.0 8.2
v -35.0 29.0 8.3
v -35.4 30.0 -19.9
v -35.0 30.0 7.7
v -35.0 30.9 -10.0
v -36.0 31.0 6.7
v -35.0 31.2 -19.0
v -35.0 32.0 -10.9
v -35.0 31.5 -9.0
v -35.8 32.0 -8.0
v -35.0 32.3 -8.0
v -35.0 31.1 7.3
v -35.0 32.0 6.5
v -35.0 32.2 -17.2
v -35.0 33.0 -16.4
v -35.0 33.0 -10.7
v -35.0 32.8 -7.0
v -35.0 33.0 -6.8
v -35.0 32.5 6.0
v -35.0 33.4 -16.0
v -35.0 33.6 -15.0
v -36.0 34.0 -7.2
v -35.0 34.0 -6.5
v -35.0 33.2 5.2
v -35.0 34.0 4.5
v -35.0 34.4 -14.0
v -36.0 34.4 -12.0
v -36.0 35.1 -6.3
v -35.0 34.9 -5.8
v -35.0 34.9 3.0
v -36.0 34.3 4.0
v -35.0 35.4 -5.0
v -35.0 35.6 -4.0
v -35.0 35.5 2.0
v -35.0 36.3 -3.0
v -34.4 36.5 -1.4
v -35.0 36.5 0.0
v -35.0 36.3 1.0
v -34.9 14.0 -23.4
v -34.0 14.0 -22.6
v -34.0 13.6 -22.0
v -34.0 13.5 -21.1
v -34.0 13.5 -20.0
v -34.0 13.6 -19.0
v -34.0 13.6 -18.0
v -34.0 13.9 -17.0
v -34.0 14.0 -16.9
v -33.1 15.0 -22.6
v -34.6 15.0 -17.0
v -34.0 15.0 -16.7
v -34.0 16.0 -16.4
v -34.0 16.0 -15.5
v -34.0 15.5 -15.0
v -34.0 16.0 -14.6
v -34.5 16.1 -24.0
v -34.0 17.6 -23.6
v -34.0 16.3 -16.0
v -34.0 16.3 -14.0
v -34.0 16.6 -13.0
v -34.0 16.7 -12.0
v -34.0 16.8 -11.0
v -34.0 17.0 -10.8
v -34.5 18.0 -24.0
v -34.0 18.0 -10.4
v -34.7 19.0 -24.1
v -34.0 19.0 -23.6
v -34.0 19.0 -9.5
v -34.1 20.0 -23.4
v -34.0 20.0 -8.8
v -34.0 21.0 -22.6
v -34.0 21.0 -8.7
v -34.0 22.0 -9.3
v -34.0 23.3 -9.0
v -34.0 23.0 -9.2
v -34.0 24.0 -20.6
v -34.0 24.0 -8.6
v -34.0 24.6 -8.0
v -34.0 25.0 -7.6
v -34.0 25.2 -20.0
v -34.0 25.8 -19.0
v -34.0 26.0 -18.8
v -34.0 25.8 -7.0
v -33.9 25.9 -6.0
v -34.0 27.0 -18.5
v -34.0 27.0 -5.4
v -34.7 26.9 -2.0
v -34.4 27.1 -1.1
v -34.0 26.9 6.0
v -34.0 26.8 7.0
v -34.0 28.0 -18.5
v -34.0 27.4 -5.0
v -34.0 27.6 -3.0
v -34.0 27.5 -2.0
v -34.0 27.7 2.0
v -34.3 28.1 4.0
v -34.0 27.6 5.0
v -34.0 27.6 8.0
v -34.0 28.0 8.4
v -34.2 29.0 -18.7
v -34.0 28.4 3.0
v -34.0 29.0 8.5
v -34.5 30.0 -19.0
v -34.0 30.0 8.3
v -34.8 31.0 -19.0
v -34.4 31.0 -18.0
v -34.0 31.2 -17.2
v -34.0 31.0 7.6
v -34.0 32.0 -16.6
v -34.0 31.5 -10.0
v -34.0 32.0 -10.5
v -34.0 31.6 -9.0
v -34.0 31.5 7.0
v -34.0 32.0 6.5
v -34.0 33.0 -16.3
v -34.0 33.0 -10.6
v -34.0 32.6 -7.0
v -34.0 33.0 -6.6
v -34.0 32.8 5.8
v -34.0 33.3 -16.0
v -34.0 33.6 -15.0
v -34.0 34.0 -14.5
v -33.7 33.8 -11.3
v -34.0 34.1 -6.2
v -34.0 33.5 5.0
v -35.4 34.5 -13.0
v -34.0 35.0 -5.3
v -34.0 35.3 3.0
v -34.0 34.4 4.0
v -34.0 35.3 -5.0
v -34.0 35.7 -3.0
v -34.0 35.6 2.0
v -34.0 36.3 -2.0
v -34.0 36.5 0.0
v -34.0 36.4 1.0
v -33.0 14.0 -22.2
v -33.0 13.8 -22.0
v -33.0 13.6 -21.0
v -33.0 13.7 -20.0
v -33.6 14.0 -18.0
v -33.9 14.0 -17.0
v -33.7 15.0 -23.1
v -33.0 14.3 -19.0
v -33.0 14.6 -18.0
v -32.9 15.0 -17.8
v -33.7 15.0 -17.0
v -34.0 16.0 -23.5
v -33.0 16.0 -22.7
v -33.5 16.0 -17.0
v -32.8 16.0 -17.8
v -33.7 16.0 -15.0
v -33.0 17.0 -23.3
v -33.2 17.0 -18.0
v -33.0 17.0 -18.2
v -33.5 17.0 -17.0
v -33.5 17.0 -16.0
v -33.0 17.0 -15.4
v -33.0 16.6 -15.0
v -33.0 16.6 -14.0
v -33.0 17.3 -13.0
v -33.0 18.0 -23.4
v -33.4 18.0 -18.0
v -33.0 18.0 -18.4
v -33.5 18.0 -17.0
v -33.4 18.0 -16.0
v -33.0 18.0 -15.6
v -33.0 17.4 -12.0
v -33.0 18.0 -10.6
v -33.0 19.0 -23.4
v -33.2 19.0 -18.0
v -33.0 19.0 -18.3
v -33.5 19.0 -17.0
v -33.4 19.0 -16.0
v -33.0 19.0 -15.6
v -33.0 18.5 -10.0
v -33.0 20.0 -23.2
v -33.3 20.0 -17.0
v -33.2 20.0 -16.0
v -33.0 20.0 -8.6
v -33.0 21.0 -8.5
v -34.0 22.0 -22.3
v -33.0 22.0 -21.6
v -33.5 22.0 -9.0
v -33.0 22.0 -8.7
v -34.0 23.0 -21.4
v -33.0 23.0 -20.6
v -33.0 23.0 -8.7
v -33.0 24.0 -19.7
v -33.0 24.0 -8.9
v -34.0 25.0 -20.2
v -33.0 25.0 -19.4
v -33.0 24.9 -8.0
v -33.0 25.0 -7.4
v -33.0 25.4 -19.0
v -33.0 26.0 -18.5
v -33.0 25.0 -7.0
v -33.0 25.6 -6.0
v -33.0 26.0 -5.6
v -33.0 26.6 -18.0
v -33.4 27.0 -18.0
v -33.0 27.0 -5.2
v -33.0 26.9 7.0
v -33.6 28.0 -18.0
v -33.0 27.9 -16.7
v -33.3 28.0 -17.0
v -33.0 27.3 -5.0
v -33.0 27.7 -4.0
v -33.0 28.3 -3.0
v -33.5 28.0 -2.0
v -34.0 27.5 1.0
v -33.1 28.1 5.3
v -33.0 27.7 8.0
v -33.0 28.0 8.3
v -33.6 29.0 -18.0
v -33.5 29.0 -17.0
v -33.0 28.4 -16.0
v -33.4 29.0 -16.0
v -33.0 28.8 -15.0
v -33.2 29.0 -15.0
v -33.0 28.4 -2.0
v -33.0 28.4 0.0
v -33.0 28.4 1.0
v -33.0 28.6 2.0
v -33.0 29.2 4.0
v -33.0 29.0 8.5
v -33.7 30.0 -18.0
v -33.5 30.0 -17.0
v -33.5 30.0 -16.0
v -33.4 30.0 -15.0
v -33.0 29.3 3.0
v -33.0 30.0 8.5
v -33.7 31.0 -17.0
v -33.5 31.0 -16.0
v -33.4 31.0 -15.0
v -33.0 31.0 -14.6
v -33.0 30.9 -10.0
v -33.0 31.0 -10.1
v -33.0 31.0 8.2
v -33.5 32.0 -16.0
v -33.2 32.0 -15.0
v -33.0 32.0 -14.8
v -33.0 32.0 -10.6
v -33.0 31.5 -9.0
v -33.0 31.2 8.0
v -33.0 33.0 -16.0
v -33.0 33.0 -10.8
v -34.0 32.4 -8.0
v -33.0 33.0 -6.5
v -33.0 33.0 6.2
v -33.0 33.4 -15.0
v -33.0 34.0 -14.5
v -33.0 34.0 -11.6
v -33.0 33.6 -6.0
v -33.0 33.7 4.9
v -33.0 33.2 6.0
v -33.0 34.4 -14.0
v -33.0 34.5 -13.0
v -33.0 34.4 -12.0
v -33.4 35.0 -4.9
v -33.0 34.5 4.0
v -33.0 35.3 -4.0
v -33.0 35.5 -3.0
v -33.0 35.7 -2.0
v -33.0 35.6 2.0
v -32.9 35.4 3.0
v -33.0 36.4 0.0
v -33.0 36.2 1.0
v -32.5 14.0 -21.0
v -32.0 15.0 -22.2
v -31.8 15.0 -22.0
v -32.0 14.5 -21.0
v -32.0 14.6 -20.0
v -32.0 14.8 -19.0
v -31.8 15.0 -19.0
v -32.0 16.0 -22.4
v -32.0 16.0 -18.6
v -32.6 17.0 -23.0
v -32.0 17.0 -22.3
v -32.0 17.0 -18.7
v -32.6 17.0 -15.0
v -32.0 17.0 -14.0
v -32.4 18.0 -22.0
v -32.2 18.0 -21.0
v -32.2 18.0 -19.0
v -32.2 18.0 -19.1
v -31.9 18.0 -15.0
v -32.0 17.6 -13.0
v -33.0 17.6 -11.0
v -32.0 17.8 -12.0
v -32.6 19.0 -23.0
v -32.4 19.0 -22.0
v -32.2 19.0 -21.0
v -32.0 19.0 -18.7
v -32.4 19.0 -15.0
v -32.0 19.0 -14.6
v -32.0 18.5 -11.0
v -32.0 18.8 -10.0
v -32.7 20.0 -23.0
v -31.9 20.0 -22.0
v -32.5 20.0 -18.0
v -32.0 20.0 -18.4
v -32.5 20.0 -15.0
v -32.0 20.0 -8.8
v -33.0 21.0 -22.4
v -32.0 20.2 -22.0
v -32.0 21.0 -21.5
v -32.5 21.0 -17.0
v -32.6 21.0 -16.0
v -32.5 21.0 -15.0
v -32.4 21.0 -14.0
v -32.3 21.0 -13.0
v -32.0 21.0 -8.7
v -32.0 21.0 -18.0
v -32.0 21.6 -17.0
v -32.2 22.0 -16.0
v -32.4 22.0 -15.0
v -32.4 22.0 -14.0
v -32.4 22.0 -13.0
v -32.1 22.0 -12.0
v -32.0 22.0 -8.6
v -32.0 22.0 -21.2
v -32.0 24.0 -19.4
v -32.0 22.2 -16.0
v -32.0 22.4 -15.0
v -31.9 22.7 -14.0
v -32.1 23.0 -13.0
v -32.0 23.0 -7.9
v -32.4 24.0 -8.0
v -32.0 24.0 -7.7
v -32.0 25.0 -18.6
v -32.0 25.0 -7.3
v -32.0 25.3 -7.0
v -32.0 25.7 -6.0
v -32.0 26.0 -5.7
v -32.0 26.2 -18.0
v -32.0 26.8 -16.9
v -32.0 26.7 -5.0
v -32.5 27.0 -5.0
v -32.0 27.0 -4.7
v -32.0 27.6 -16.0
v -32.0 28.0 -4.3
v -32.0 28.2 -4.0
v -31.9 27.8 7.0
v -32.0 28.7 -14.0
v -32.0 29.0 -13.7
v -32.0 28.5 -3.0
v -32.0 28.5 -0.0
v -32.0 28.6 1.0
v -32.2 29.1 5.2
v -33.0 27.5 6.0
v -32.0 28.4 8.0
v -32.0 29.0 8.4
v -32.9 30.0 -14.4
v -32.0 30.0 -11.0
v -32.0 29.3 2.0
v -31.0 29.7 3.0
v -32.0 29.6 4.0
v -32.0 29.4 5.0
v -32.0 30.0 8.5
v -32.1 31.0 -13.7
v -32.4 31.0 -11.0
v -32.0 31.0 -11.5
v -32.0 30.6 -10.0
v -32.0 31.0 8.4
v -32.0 32.0 -14.2
v -32.5 32.0 -11.0
v -32.0 32.0 -11.5
v -32.0 31.5 -9.0
v -34.0 32.0 -8.5
v -32.0 31.8 7.0
v -32.0 31.4 8.0
v -32.6 33.0 -15.0
v -32.0 33.0 -14.4
v -32.0 33.0 -11.6
v -32.8 32.6 -7.0
v -32.0 33.0 6.4
v -32.0 34.0 -14.2
v -32.0 34.0 -11.8
v -31.9 33.4 -6.0
v -32.9 34.0 -5.4
v -32.0 33.7 -5.0
v -32.0 33.5 6.0
v -32.0 34.2 -14.0
v -32.0 34.3 -13.0
v -32.0 34.2 -12.0
v -32.1 35.0 -3.6
v -31.9 34.6 4.0
v -32.0 34.3 5.0
v -32.0 35.4 -3.0
v -32.0 35.4 -2.0
v -33.0 36.3 -1.0
v -32.0 35.6 -1.0
v -32.0 35.6 0.1
v -32.0 35.6 1.0
v -31.9 35.4 3.0
v -31.6 15.0 -21.0
v -31.6 15.0 -20.0
v -31.7 16.0 -22.0
v -31.5 16.0 -21.0
v -31.5 16.0 -20.0
v -31.6 16.0 -19.0
v -31.8 17.0 -22.0
v -31.6 17.0 -21.0
v -31.5 17.0 -20.0
v -31.8 17.0 -19.0
v -31.7 18.0 -20.0
v -31.6 18.0 -14.0
v -31.6 18.0 -13.0
v -31.8 18.0 -12.0
v -31.6 19.0 -20.0
v -31.7 19.0 -19.0
v -31.6 19.0 -14.0
v -31.5 19.0 -13.0
v -31.5 19.0 -12.0
v -31.6 19.0 -11.0
v -31.8 19.0 -10.0
v -31.6 20.0 -21.0
v -31.4 20.0 -20.0
v -31.0 20.0 -19.0
v -31.8 20.0 -14.0
v -31.6 20.0 -13.0
v -31.5 20.0 -10.0
v -31.8 20.0 -9.0
v -31.6 21.0 -21.0
v -31.4 21.0 -20.0
v -31.0 21.0 -19.4
v -31.0 20.9 -18.0
v -31.7 21.0 -18.0
v -31.0 21.0 -18.0
v -31.7 21.0 -12.0
v -31.5 20.6 -11.3
v -31.5 20.6 -10.2
v -31.7 21.0 -9.0
v -31.8 22.0 -21.0
v -31.4 22.0 -20.0
v -31.0 22.0 -17.5
v -31.6 22.0 -11.0
v -31.6 22.0 -10.0
v -31.7 22.0 -9.0
v -31.7 23.0 -20.0
v -31.3 23.0 -19.0
v -31.0 22.4 -17.0
v -31.1 23.3 -15.0
v -31.0 22.8 -16.0
v -31.6 23.0 -12.0
v -31.4 23.0 -11.0
v -31.5 23.0 -9.0
v -31.9 23.0 -8.0
v -31.6 24.0 -19.0
v -31.0 24.0 -18.3
v -30.9 23.8 -13.9
v -31.1 24.2 -13.0
v -30.7 24.0 -12.0
v -31.0 23.5 -9.0
v -31.0 24.0 -7.8
v -31.1 25.0 -17.8
v -31.0 25.0 -7.4
v -32.0 26.0 -18.2
v -31.0 25.6 -7.0
v -31.0 26.0 -6.5
v -31.0 26.3 -17.0
v -31.0 27.2 -16.0
v -31.0 26.3 -6.0
v -31.0 26.8 -5.0
v -31.0 27.0 -4.8
v -32.0 28.3 -15.0
v -31.0 27.7 -15.0
v -31.0 28.3 -14.0
v -31.0 28.0 -4.4
v -31.5 29.0 -13.0
v -31.0 28.5 -13.0
v -31.3 29.0 -12.0
v -31.0 29.0 -11.7
v -31.0 28.4 -4.0
v -31.0 28.5 -3.0
v -32.0 28.5 -2.0
v -31.0 28.6 1.0
v -30.9 29.0 1.5
v -31.0 29.0 6.6
v -31.0 28.7 7.0
v -31.0 28.8 8.0
v -31.0 29.0 8.2
v -31.6 30.0 -13.0
v -31.6 30.0 -12.0
v -31.0 29.5 -11.0
v -30.0 29.5 2.0
v -31.0 30.3 4.0
v -31.2 30.1 5.0
v -31.0 30.0 8.4
v -31.6 31.0 -13.0
v -31.6 31.0 -12.0
v -31.0 30.5 -10.0
v -31.0 30.3 5.0
v -31.0 31.0 8.2
v -31.8 32.0 -14.0
v -31.5 32.0 -13.0
v -31.6 32.0 -12.0
v -31.2 32.4 -8.0
v -32.0 32.0 6.8
v -31.0 31.3 8.0
v -31.6 33.0 -14.0
v -31.5 33.0 -13.0
v -31.6 33.0 -12.0
v -30.8 32.6 -7.0
v -31.0 32.0 7.4
v -31.0 33.0 6.5
v -31.8 34.0 -14.0
v -31.7 34.0 -13.0
v -31.8 34.0 -12.0
v -31.6 34.0 -4.1
v -31.0 33.8 -4.0
v -31.0 34.0 -3.7
v -31.0 35.1 -3.0
v -31.0 34.9 -2.0
v -31.0 34.6 4.0
v -31.0 34.3 5.0
v -31.0 35.3 -1.0
v -31.0 35.4 0.1
v -31.0 35.2 3.0
v -30.7 21.0 -19.0
v -30.7 22.0 -19.0
v -30.6 22.0 -18.0
v -30.6 23.0 -18.0
v -30.6 23.0 -17.0
v -30.8 23.0 -16.0
v -30.7 24.0 -18.0
v -30.5 24.0 -17.0
v -30.5 24.0 -16.0
v -30.6 24.0 -15.0
v -30.7 24.0 -14.0
v -30.5 24.0 -11.0
v -30.2 24.3 -10.1
v -30.9 23.8 -8.0
v -30.6 25.0 -17.0
v -30.5 25.0 -16.0
v -30.5 25.0 -15.0
v -30.4 25.0 -14.0
v -30.6 25.0 -13.0
v -30.4 25.0 -12.0
v -30.0 24.5 -9.0
v -30.0 24.6 -8.0
v -30.0 25.0 -7.6
v -30.8 26.0 -17.0
v -30.5 26.0 -16.0
v -30.3 26.0 -15.0
v -29.9 26.0 -14.0
v -30.4 26.0 -13.0
v -30.4 26.0 -12.0
v -30.0 26.1 -11.5
v -30.5 26.0 -7.0
v -30.0 26.0 -7.4
v -30.7 27.0 -16.0
v -30.4 27.0 -13.0
v -30.4 27.0 -12.0
v -30.0 26.8 -7.0
v -30.0 26.9 -6.0
v -30.0 27.0 -5.9
v -29.9 27.0 -15.0
v -30.7 28.0 -14.0
v -30.0 27.3 -14.0
v -30.6 28.0 -13.0
v -30.5 28.0 -12.0
v -30.0 28.0 -11.5
v -30.1 28.0 -5.2
v -30.0 29.0 -11.3
v -30.0 28.2 -5.0
v -30.0 28.6 -3.0
v -30.0 28.6 -2.0
v -30.8 28.5 -1.7
v -29.0 28.5 0.0
v -30.7 29.0 7.0
v -30.8 29.0 8.0
v -30.0 29.3 -11.0
v -30.0 30.0 -10.5
v -30.0 30.3 3.0
v -30.6 29.9 6.0
v -30.0 30.0 6.5
v -30.0 29.7 7.0
v -30.0 30.0 7.4
v -30.5 30.0 8.0
v -31.0 30.0 -10.5
v -30.0 31.0 -9.5
v -30.0 30.5 4.0
v -30.0 30.5 5.0
v -30.0 30.3 6.0
v -30.7 31.0 8.0
v -30.0 31.0 7.6
v -30.0 31.5 -9.0
v -30.0 32.0 7.4
v -30.0 32.3 -8.0
v -30.0 32.6 -7.0
v -30.0 33.3 -6.0
v -30.0 32.5 7.0
v -30.0 33.0 6.5
v -30.8 33.4 -6.0
v -30.0 33.6 -4.0
v -30.0 34.0 -3.5
v -30.0 34.0 4.6
v -30.0 33.6 5.0
v -31.0 33.5 6.0
v -30.0 34.5 -3.0
v -30.0 34.6 -1.0
v -30.0 34.6 0.0
v -31.0 35.4 1.9
v -30.0 34.6 3.0
v -30.0 34.4 4.0
v -29.7 25.0 -11.0
v -29.5 25.0 -10.0
v -29.0 25.3 -9.0
v -29.0 24.8 -8.0
v -29.0 25.0 -7.8
v -29.5 26.0 -11.0
v -29.0 26.0 -10.5
v -29.0 25.5 -10.0
v -29.0 26.0 -7.4
v -29.8 27.0 -14.0
v -29.5 27.9 -11.0
v -29.0 27.1 -10.6
v -29.0 26.5 -7.0
v -29.0 27.0 -6.5
v -29.6 29.0 -11.0
v -29.0 29.0 -10.6
v -29.0 28.0 -6.0
v -29.0 28.5 -5.0
v -29.0 28.6 -4.0
v -29.0 29.0 -1.7
v -29.0 28.6 -1.0
v -29.0 28.6 1.0
v -29.0 30.0 -10.4
v -29.0 29.1 -3.0
v -29.0 29.2 -2.0
v -29.0 29.5 2.0
v -29.0 29.7 7.0
v -29.0 30.0 7.2
v -29.0 30.4 -10.0
v -29.0 30.2 3.0
v -29.0 30.4 4.0
v -29.0 30.2 6.0
v -29.0 31.0 7.5
v -29.0 31.7 -8.0
v -29.0 32.0 7.4
v -29.0 32.4 -7.0
v -29.0 32.7 -6.0
v -29.0 32.9 5.0
v -29.0 32.5 7.0
v -29.0 33.6 -4.0
v -29.0 33.3 6.0
v -29.0 34.4 -0.8
v -29.0 34.4 3.0
v -29.0 34.2 4.0
v -28.2 24.8 -8.0
v -28.0 25.0 -7.8
v -28.0 25.8 -10.0
v -28.0 25.4 -9.0
v -28.0 26.0 -7.3
v -28.0 27.0 -10.4
v -28.0 26.2 -7.0
v -28.0 26.7 -6.0
v -28.0 27.0 -5.7
v -28.0 29.0 -10.4
v -27.8 28.0 -5.1
v -28.0 28.2 -5.0
v -28.0 28.4 -4.0
v -28.0 28.7 -3.0
v -28.0 29.1 -2.0
v -28.0 28.6 -1.0
v -28.0 28.4 0.0
v -28.0 28.5 1.0
v -28.0 30.0 -10.2
v -28.0 29.3 2.0
v -28.0 29.5 3.0
v -28.3 29.8 4.0
v -28.0 29.5 5.0
v -29.0 30.4 4.9
v -28.0 29.4 6.0
v -28.0 29.3 7.0
v -28.0 30.0 7.3
v -28.0 30.2 -10.0
v -29.0 31.3 -9.0
v -28.0 30.6 -9.0
v -28.0 31.0 7.4
v -28.0 31.4 -8.0
v -28.0 32.2 -7.0
v -28.0 32.0 7.2
v -28.0 32.4 -6.0
v -28.0 32.7 -5.0
v -28.3 33.0 4.0
v -28.0 32.7 4.0
v -28.0 32.5 5.0
v -28.0 32.3 7.0
v -28.5 33.3 -4.5
v -29.0 34.2 -3.0
v -28.0 33.6 -3.0
v -29.0 34.4 -2.0
v -28.0 33.6 -2.0
v -28.0 33.6 2.0
v -28.5 34.0 3.0
v -28.0 33.5 3.0
v -28.8 34.0 4.0
v -27.0 24.9 -8.0
v -27.0 25.0 -7.8
v -28.0 26.0 -10.2
v -27.0 25.6 -9.0
v -27.0 25.5 -7.0
v -27.0 27.0 -9.6
v -27.0 26.2 -6.1
v -27.4 27.0 -5.0
v -27.0 28.0 -9.6
v -27.0 26.6 -5.0
v -27.4 28.0 -4.0
v -26.7 28.0 -3.0
v -27.0 27.7 0.0
v -27.0 27.7 1.0
v -27.5 29.0 -10.0
v -27.0 29.0 -9.5
v -27.0 28.3 -3.0
v -27.0 28.4 -2.0
v -27.0 28.3 -1.0
v -26.6 28.0 2.0
v -27.0 28.5 3.0
v -27.0 28.6 3.8
v -27.0 28.8 5.0
v -27.3 29.0 5.0
v -27.0 29.0 6.0
v -27.8 30.0 -10.0
v -27.0 29.6 -9.0
v -27.4 30.0 -9.0
v -27.0 30.0 6.4
v -27.6 31.0 -8.0
v -27.4 30.9 -7.2
v -27.2 31.0 -6.0
v -27.6 31.0 7.0
v -27.8 32.0 -7.0
v -27.5 32.0 -6.0
v -27.4 32.0 5.0
v -27.4 32.0 6.0
v -27.8 32.0 7.0
v -27.0 32.3 -5.0
v -27.0 32.7 -3.9
v -27.0 32.4 4.0
v -28.0 33.0 6.0
v -27.0 33.4 -3.0
v -27.0 33.5 -2.0
v -27.0 33.4 -1.0
v -27.0 33.4 2.0
v -27.0 33.2 3.0
v -26.2 25.0 -7.0
v -26.0 24.9 -7.1
v -26.0 24.7 -6.0
v -26.3 25.0 -6.0
v -26.0 24.7 -5.0
v -26.3 25.0 -5.0
v -26.0 24.8 -4.0
v -26.2 25.0 -4.0
v -26.0 25.0 -3.8
v -27.0 26.0 -9.3
v -26.0 26.0 -8.5
v -26.0 25.6 -8.0
v -26.7 26.0 -6.0
v -26.6 26.0 -5.0
v -26.4 26.0 -4.0
v -26.0 26.0 -3.6
v -26.0 27.0 -9.2
v -26.7 27.0 -4.0
v -26.2 27.0 -3.0
v -26.0 26.9 -2.9
v -26.0 28.0 -9.3
v -26.0 27.5 -2.0
v -26.5 28.0 -2.0
v -26.0 27.6 -1.0
v -26.0 27.5 0.7
v -26.0 27.6 2.0
v -26.0 27.8 3.0
v -26.0 28.0 3.3
v -26.0 29.0 -9.2
v -26.0 28.7 4.0
v -26.7 29.0 5.0
v -25.9 29.0 4.2
v -26.0 29.2 -9.0
v -26.6 30.0 -8.0
v -26.0 29.4 -8.0
v -26.1 29.6 -6.8
v -26.1 29.7 -6.0
v -26.4 30.0 5.0
v -26.7 30.0 6.0
v -26.0 30.6 -5.0
v -26.1 31.0 -4.7
v -26.5 31.0 5.0
v -26.8 31.0 6.0
v -26.9 32.0 -5.2
v -26.0 32.0 -4.3
v -26.3 32.0 3.0
v -26.6 32.0 4.0
v -26.0 32.3 -4.0
v -26.0 33.2 -3.0
v -26.4 33.0 -1.0
v -26.0 32.6 -1.0
v -27.0 33.4 -0.0
v -26.5 33.0 1.0
v -26.0 32.5 1.0
v -26.6 33.0 2.0
v -26.0 32.4 2.0
v -26.8 33.0 3.0
v -26.0 33.3 -2.0
v -25.0 24.8 -6.1
v -25.0 24.7 -5.0
v -25.0 24.8 -4.0
v -25.0 25.0 -3.8
v -25.6 26.0 -8.0
v -25.0 26.0 -7.3
v -25.0 25.6 -7.0
v -25.0 26.0 -3.6
v -25.8 27.0 -9.0
v -25.4 27.0 -8.0
v -25.0 27.0 -3.3
v -25.7 28.0 -9.0
v -25.4 28.0 -8.0
v -25.0 27.2 -3.0
v -25.0 27.1 -2.0
v -25.0 27.4 -1.0
v -25.0 27.5 0.0
v -25.0 27.5 1.0
v -25.0 27.6 2.0
v -25.0 27.8 3.0
v -25.0 28.0 3.2
v -25.8 29.0 -9.0
v -25.6 29.0 -8.0
v -25.5 29.0 -7.0
v -25.5 29.0 -6.0
v -25.0 28.5 -6.0
v -25.2 29.0 -5.0
v -25.0 29.0 3.4
v -25.6 30.0 -5.0
v -25.0 30.0 -4.5
v -25.5 30.0 4.0
v -25.4 31.0 3.0
v -24.7 30.0 3.0
v -25.7 31.0 4.0
v -25.0 31.3 -4.0
v -25.7 32.0 -4.0
v -25.0 31.7 -3.0
v -25.2 32.0 -3.0
v -25.1 31.9 -1.0
v -24.9 32.0 -0.0
v -25.1 31.7 1.0
v -25.0 31.4 2.0
v -25.8 33.0 -3.0
v -25.7 33.0 -2.0
v -24.8 25.0 -6.0
v -24.7 25.0 -5.0
v -24.8 25.0 -4.0
v -24.7 26.0 -7.0
v -24.5 26.0 -6.0
v -24.5 26.0 -5.0
v -24.7 26.0 -4.0
v -24.6 27.0 -7.0
v -24.5 27.0 -6.0
v -24.5 27.0 -5.0
v -24.6 27.0 -4.0
v -24.8 28.0 -7.0
v -24.6 28.0 -6.0
v -24.6 28.0 -5.0
v -24.5 28.0 -4.0
v -24.4 28.0 -3.0
v -24.0 27.6 -2.0
v -24.0 27.4 -1.0
v -24.0 27.5 0.0
v -24.0 27.8 1.0
v -24.6 28.0 2.0
v -24.0 28.0 1.3
v -24.8 28.0 3.0
v -24.5 29.0 -4.0
v -24.4 29.0 2.0
v -24.0 29.0 1.3
v -24.6 29.0 3.0
v -24.2 29.9 -3.7
v -24.2 30.0 -0.0
v -24.0 29.7 0.0
v -24.4 30.0 1.0
v -24.0 29.4 1.0
v -24.5 30.0 2.0
v -24.9 31.0 -4.2
v -23.7 31.0 -2.0
v -24.4 31.0 -1.0
v -24.6 31.0 1.0
v -24.7 31.0 2.0
v -24.0 31.2 -3.0
v -24.9 32.1 -2.0
v -24.0 31.3 -2.0
v -23.6 28.0 -2.0
v -23.0 28.0 -1.4
v -23.0 27.3 -1.0
v -23.0 27.7 0.0
v -22.8 28.0 0.0
v -23.7 29.0 -3.0
v -23.4 29.0 -2.0
v -23.0 29.0 -1.3
v -22.8 29.0 0.0
v -23.6 30.0 -3.0
v -23.5 30.0 -2.0
v -23.0 29.3 -1.0
v -23.6 30.0 -1.0
v -23.0 29.2 0.0
v -23.8 31.0 -3.0
v -22.7 28.0 -1.0
v -22.8 29.0 -1.0
f 2 5 4
f 2 3 5
f 5 6 4
f 52 10 3
f 10 5 3
f 5 8 6
f 5 10 8
f 7 6 9
f 9 6 8
f 12 11 10
f 11 8 10
f 9 8 14
f 8 11 14
f 12 13 11
f 11 13 14
f 64 15 14
f 16 14 15
f 18 17 15
f 15 17 16
f 18 19 17
f 22 64 20
f 20 64 21
f 22 15 64
f 22 23 15
f 15 24 18
f 15 23 24
f 19 18 30
f 30 18 24
f 25 20 26
f 20 27 22
f 20 25 27
f 22 28 23
f 22 27 28
f 30 24 29
f 24 28 29
f 24 23 28
f 25 26 31
f 31 26 32
f 25 33 27
f 25 31 33
f 34 28 35
f 28 33 35
f 28 27 33
f 28 34 29
f 32 84 31
f 31 84 33
f 33 84 35
f 36 37 40
f 40 37 41
f 38 40 1
f 36 40 38
f 42 43 1
f 43 39 1
f 39 38 1
f 40 41 44
f 44 41 45
f 44 2 1
f 44 1 40
f 2 46 42
f 2 42 1
f 43 42 47
f 47 42 46
f 44 45 48
f 48 3 2
f 48 2 44
f 4 46 2
f 49 47 46
f 4 49 46
f 6 49 4
f 6 7 49
f 49 7 50
f 48 45 51
f 48 52 3
f 51 52 48
f 9 50 7
f 9 116 50
f 53 51 118
f 51 54 52
f 51 53 54
f 12 10 52
f 54 12 52
f 55 116 9
f 55 9 14
f 56 57 14
f 57 55 14
f 59 58 118
f 58 53 118
f 58 60 53
f 53 61 54
f 53 60 61
f 54 62 12
f 54 61 62
f 63 13 12
f 62 63 12
f 64 14 13
f 64 13 63
f 16 56 14
f 65 57 56
f 16 65 56
f 17 65 16
f 66 67 19
f 67 17 19
f 67 65 17
f 58 59 74
f 74 59 68
f 58 69 60
f 58 74 69
f 61 69 70
f 61 60 69
f 61 70 62
f 62 70 129
f 71 20 21
f 62 71 21
f 63 62 21
f 129 71 62
f 63 21 64
f 30 72 66
f 30 66 19
f 67 66 73
f 73 66 72
f 75 69 74
f 70 69 136
f 136 69 75
f 71 26 20
f 76 26 71
f 29 77 30
f 77 78 30
f 78 72 30
f 72 78 73
f 79 75 143
f 136 75 80
f 75 79 80
f 76 32 26
f 81 32 76
f 35 88 34
f 88 82 34
f 34 82 29
f 29 82 77
f 143 83 79
f 89 79 83
f 89 80 79
f 32 85 84
f 32 81 85
f 87 84 86
f 35 84 87
f 35 87 88
f 85 90 84
f 84 90 86
f 91 93 92
f 94 91 92
f 94 95 91
f 93 91 97
f 91 96 97
f 91 95 96
f 167 98 94
f 98 95 94
f 95 99 96
f 95 98 99
f 97 96 100
f 100 96 99
f 98 167 101
f 101 167 102
f 98 103 99
f 98 101 103
f 100 99 104
f 104 99 103
f 101 102 36
f 102 37 36
f 102 105 37
f 101 36 38
f 101 38 103
f 38 39 103
f 39 104 103
f 39 107 104
f 41 105 106
f 37 105 41
f 107 39 43
f 107 43 108
f 109 45 41
f 109 41 106
f 47 108 43
f 47 110 108
f 111 45 109
f 112 110 47
f 112 47 49
f 114 113 50
f 113 49 50
f 113 112 49
f 115 51 45
f 115 45 111
f 116 114 50
f 117 114 116
f 118 115 119
f 118 51 115
f 120 117 116
f 55 120 116
f 57 120 55
f 118 119 59
f 119 121 59
f 122 120 57
f 122 57 65
f 124 122 123
f 122 67 123
f 122 65 67
f 128 127 125
f 121 127 128
f 68 121 128
f 59 121 68
f 130 124 123
f 67 73 123
f 73 131 123
f 131 130 123
f 125 126 132
f 132 126 133
f 125 134 128
f 125 132 134
f 135 74 68
f 128 135 68
f 134 135 128
f 135 75 74
f 70 137 129
f 70 136 137
f 137 76 71
f 137 71 129
f 78 77 138
f 139 78 138
f 78 140 73
f 78 139 140
f 73 140 131
f 132 133 141
f 132 142 134
f 132 141 142
f 134 143 135
f 134 142 143
f 143 75 135
f 144 136 80
f 137 136 144
f 144 81 76
f 144 76 137
f 82 145 138
f 82 138 77
f 141 133 147
f 141 148 142
f 141 147 148
f 142 149 143
f 142 148 149
f 150 83 143
f 149 150 143
f 150 89 83
f 89 151 144
f 89 144 80
f 151 85 81
f 151 81 144
f 159 152 87
f 159 87 86
f 145 88 146
f 88 152 146
f 88 87 152
f 88 145 82
f 147 153 148
f 148 153 154
f 148 154 149
f 149 154 155
f 149 155 150
f 150 155 156
f 150 156 89
f 156 157 89
f 89 158 151
f 89 157 158
f 151 158 85
f 158 90 85
f 158 159 90
f 86 90 159
f 161 160 92
f 92 162 161
f 160 163 92
f 93 162 92
f 93 165 162
f 163 164 94
f 163 94 92
f 165 93 97
f 165 97 166
f 94 168 167
f 94 164 168
f 100 166 97
f 100 169 166
f 170 167 168
f 170 171 167
f 171 102 167
f 104 169 100
f 104 172 169
f 173 170 239
f 170 173 171
f 171 105 102
f 107 172 104
f 107 178 172
f 175 173 239
f 242 176 175
f 106 175 176
f 175 106 173
f 173 106 171
f 106 105 171
f 176 242 177
f 107 108 178
f 178 108 179
f 181 174 180
f 182 109 176
f 176 109 106
f 176 177 182
f 110 179 108
f 110 183 179
f 185 184 180
f 184 186 180
f 181 180 186
f 187 109 182
f 187 111 109
f 188 183 110
f 188 110 112
f 189 112 113
f 189 188 112
f 113 114 189
f 189 114 190
f 186 191 196
f 186 184 191
f 187 115 111
f 192 115 187
f 117 190 114
f 117 193 190
f 194 191 195
f 191 197 196
f 191 194 197
f 198 258 197
f 197 258 196
f 192 258 198
f 119 192 198
f 115 192 119
f 199 193 117
f 199 117 120
f 194 195 200
f 200 195 264
f 194 201 197
f 194 200 201
f 197 127 198
f 197 201 127
f 127 121 119
f 127 119 198
f 202 199 120
f 202 120 122
f 122 124 202
f 200 264 203
f 203 264 204
f 203 126 125
f 201 203 125
f 200 203 201
f 201 125 127
f 130 202 124
f 130 131 205
f 126 203 204
f 206 126 204
f 133 126 206
f 139 138 207
f 209 139 207
f 209 210 139
f 140 210 205
f 140 139 210
f 140 205 131
f 211 133 206
f 208 207 145
f 146 208 145
f 212 208 146
f 145 207 138
f 211 147 133
f 213 147 211
f 152 159 217
f 275 152 217
f 146 152 212
f 212 152 275
f 147 213 153
f 214 154 213
f 154 153 213
f 154 214 155
f 155 214 215
f 279 155 215
f 279 156 155
f 157 279 216
f 157 156 279
f 218 157 216
f 218 158 157
f 217 159 218
f 159 158 218
f 221 220 219
f 219 220 222
f 223 160 161
f 223 224 160
f 161 162 223
f 162 225 223
f 160 228 163
f 224 228 160
f 165 226 225
f 162 165 225
f 228 227 163
f 227 164 163
f 165 166 226
f 166 229 226
f 232 231 230
f 234 233 230
f 230 233 232
f 227 233 234
f 168 227 234
f 164 227 168
f 169 229 166
f 235 237 231
f 237 230 231
f 237 236 230
f 234 236 170
f 230 236 234
f 234 170 168
f 237 239 236
f 239 170 236
f 237 238 240
f 239 240 174
f 237 240 239
f 241 239 174
f 241 175 239
f 242 175 241
f 178 179 243
f 243 179 244
f 248 247 245
f 245 247 246
f 247 248 240
f 248 185 240
f 185 180 174
f 185 174 240
f 181 249 241
f 181 241 174
f 241 250 242
f 241 249 250
f 250 182 177
f 250 177 242
f 183 244 179
f 183 254 244
f 245 252 248
f 245 251 252
f 252 184 185
f 248 252 185
f 186 253 249
f 186 249 181
f 253 187 182
f 250 253 182
f 249 253 250
f 254 183 188
f 255 188 189
f 255 254 188
f 189 190 255
f 255 190 256
f 257 251 332
f 257 252 251
f 257 191 184
f 257 184 252
f 253 186 196
f 258 253 196
f 258 192 187
f 258 187 253
f 193 256 190
f 332 260 259
f 259 257 332
f 259 261 257
f 261 195 191
f 261 191 257
f 337 193 199
f 337 199 262
f 259 260 263
f 263 260 339
f 259 264 261
f 259 263 264
f 264 195 261
f 262 199 202
f 262 202 265
f 339 266 263
f 263 266 264
f 264 266 267
f 341 204 264
f 267 341 264
f 268 265 202
f 268 202 130
f 130 205 268
f 268 205 269
f 206 204 341
f 270 206 341
f 272 271 207
f 272 207 208
f 207 346 209
f 271 346 207
f 209 347 210
f 346 347 209
f 205 210 269
f 269 210 347
f 270 211 206
f 273 211 270
f 276 275 274
f 276 272 275
f 272 212 275
f 272 208 212
f 213 273 277
f 213 211 273
f 277 214 213
f 278 214 277
f 214 278 215
f 215 280 279
f 278 280 215
f 280 216 279
f 281 218 216
f 280 281 216
f 218 281 274
f 217 218 274
f 217 274 275
f 283 282 221
f 221 282 220
f 285 284 219
f 284 221 219
f 284 283 221
f 285 286 284
f 282 222 220
f 288 222 282
f 222 289 285
f 222 285 219
f 285 290 286
f 285 289 290
f 287 286 291
f 286 290 291
f 288 293 222
f 222 294 289
f 222 293 294
f 295 289 294
f 295 290 289
f 296 291 295
f 291 290 295
f 297 291 296
f 297 292 291
f 298 297 299
f 298 292 297
f 303 300 223
f 300 302 223
f 300 303 301
f 303 223 304
f 305 224 223
f 305 223 302
f 225 304 223
f 306 308 307
f 224 305 406
f 228 224 406
f 313 225 226
f 306 310 308
f 306 309 310
f 311 308 310
f 227 228 312
f 228 406 312
f 226 314 313
f 226 229 314
f 309 235 310
f 309 315 235
f 232 316 231
f 316 310 231
f 310 235 231
f 310 316 311
f 316 233 312
f 232 233 316
f 312 233 227
f 169 314 229
f 317 315 420
f 317 237 235
f 315 317 235
f 172 318 169
f 320 319 322
f 321 420 322
f 322 420 320
f 321 317 420
f 321 238 317
f 238 237 317
f 178 318 172
f 322 246 321
f 321 247 238
f 321 246 247
f 247 240 238
f 323 178 243
f 325 324 244
f 324 243 244
f 324 323 243
f 325 326 324
f 322 319 327
f 327 319 328
f 327 245 246
f 322 327 246
f 254 329 325
f 254 325 244
f 326 325 330
f 330 325 329
f 327 328 331
f 331 251 245
f 331 245 327
f 254 255 329
f 255 334 329
f 334 330 329
f 256 334 255
f 331 333 332
f 251 331 332
f 256 335 334
f 256 193 335
f 333 260 332
f 333 336 260
f 337 335 193
f 338 337 262
f 339 336 435
f 339 260 336
f 262 265 338
f 265 340 338
f 435 342 339
f 342 266 339
f 342 267 266
f 267 342 341
f 343 340 265
f 343 265 268
f 268 269 343
f 342 344 341
f 270 341 344
f 350 345 271
f 350 271 272
f 345 346 271
f 344 273 270
f 348 273 344
f 274 350 276
f 349 350 274
f 272 276 350
f 348 351 273
f 273 351 277
f 277 352 278
f 351 352 277
f 278 353 280
f 352 353 278
f 353 354 280
f 281 354 349
f 281 280 354
f 281 349 274
f 358 357 356
f 360 359 358
f 358 359 357
f 362 361 360
f 360 361 359
f 362 363 361
f 367 366 365
f 368 355 367
f 367 355 366
f 355 368 283
f 368 282 283
f 283 284 356
f 356 284 286
f 356 286 358
f 358 286 287
f 360 358 287
f 360 369 362
f 360 287 369
f 362 370 363
f 362 369 370
f 364 363 371
f 371 363 370
f 374 367 365
f 367 375 368
f 367 374 375
f 375 288 282
f 375 282 368
f 287 291 292
f 287 292 369
f 369 292 298
f 369 298 370
f 298 371 370
f 298 376 371
f 378 377 372
f 377 379 372
f 373 372 380
f 380 372 379
f 375 374 381
f 375 381 288
f 381 293 288
f 293 382 294
f 381 382 293
f 295 294 382
f 295 383 296
f 383 297 296
f 384 298 299
f 376 298 384
f 385 377 378
f 385 386 377
f 388 379 387
f 379 386 387
f 379 377 386
f 379 388 380
f 382 389 295
f 389 390 295
f 390 383 295
f 390 389 482
f 391 299 297
f 383 391 297
f 390 391 383
f 392 300 301
f 300 392 391
f 384 391 392
f 391 384 299
f 392 301 393
f 394 386 385
f 387 386 394
f 390 482 395
f 390 396 391
f 390 395 396
f 396 302 300
f 396 300 391
f 397 393 301
f 397 301 303
f 303 304 397
f 399 398 395
f 398 396 395
f 398 305 302
f 398 302 396
f 225 400 304
f 404 403 401
f 401 403 402
f 306 307 404
f 307 403 404
f 307 405 403
f 410 405 308
f 405 307 308
f 399 407 406
f 398 399 406
f 305 398 406
f 313 400 225
f 313 408 400
f 507 409 401
f 409 404 401
f 409 309 306
f 409 306 404
f 308 411 410
f 308 311 411
f 413 412 312
f 413 406 407
f 312 406 413
f 313 314 408
f 408 314 414
f 415 409 507
f 415 416 409
f 416 315 309
f 416 309 409
f 417 411 311
f 417 311 316
f 316 312 412
f 316 412 417
f 169 414 314
f 169 418 414
f 419 320 415
f 415 420 416
f 415 320 420
f 420 315 416
f 318 418 169
f 421 319 320
f 419 421 320
f 178 422 318
f 319 421 423
f 424 319 423
f 425 422 178
f 425 178 323
f 426 323 324
f 426 425 323
f 324 326 426
f 426 326 427
f 424 328 319
f 428 328 424
f 330 427 326
f 330 429 427
f 428 331 328
f 523 331 428
f 334 429 330
f 334 431 429
f 331 523 430
f 430 333 331
f 334 335 431
f 431 335 433
f 432 333 430
f 336 333 432
f 433 335 337
f 434 433 338
f 433 337 338
f 336 436 435
f 336 432 436
f 434 338 437
f 340 437 338
f 435 436 530
f 438 342 435
f 530 438 435
f 439 437 340
f 343 439 340
f 440 439 343
f 343 269 440
f 438 530 441
f 441 442 344
f 438 441 344
f 342 438 344
f 345 350 443
f 537 345 443
f 345 444 346
f 537 444 345
f 346 539 347
f 444 539 346
f 269 347 440
f 440 347 539
f 344 442 445
f 445 348 344
f 450 446 349
f 446 447 349
f 350 447 443
f 350 349 447
f 445 351 348
f 445 448 351
f 351 449 352
f 448 449 351
f 352 543 353
f 449 543 352
f 353 450 354
f 543 450 353
f 349 354 450
f 453 452 451
f 453 454 452
f 355 283 451
f 451 283 356
f 451 356 453
f 453 356 357
f 453 357 454
f 454 357 359
f 454 359 455
f 455 359 361
f 455 361 456
f 456 361 363
f 456 363 554
f 363 364 554
f 364 458 554
f 460 459 365
f 461 365 366
f 461 460 365
f 461 355 457
f 366 355 461
f 371 458 364
f 371 462 458
f 464 563 463
f 372 464 463
f 372 465 464
f 365 459 466
f 465 466 459
f 466 465 373
f 372 373 465
f 466 374 365
f 462 376 467
f 462 371 376
f 563 468 463
f 468 378 463
f 463 378 372
f 469 566 466
f 373 469 466
f 380 469 373
f 566 470 374
f 466 566 374
f 471 381 374
f 471 374 470
f 472 381 471
f 473 382 381
f 473 381 472
f 483 467 384
f 384 467 376
f 468 474 385
f 468 385 378
f 476 475 388
f 476 388 387
f 380 388 469
f 469 388 475
f 566 477 470
f 479 478 477
f 478 470 477
f 478 471 470
f 471 480 472
f 471 478 480
f 472 481 473
f 472 480 481
f 482 389 382
f 473 482 382
f 481 482 473
f 483 384 392
f 392 393 483
f 483 393 490
f 385 485 484
f 385 474 485
f 484 394 385
f 394 476 387
f 394 486 476
f 487 478 479
f 487 480 478
f 480 488 481
f 480 487 488
f 481 489 482
f 481 488 489
f 489 395 482
f 490 393 397
f 397 304 490
f 490 304 400
f 485 491 484
f 484 491 394
f 491 492 394
f 486 394 492
f 488 487 493
f 494 488 493
f 494 489 488
f 489 495 395
f 494 495 489
f 495 399 395
f 498 497 496
f 401 402 496
f 402 498 496
f 402 499 498
f 500 402 403
f 500 499 402
f 501 403 405
f 501 500 403
f 502 494 410
f 494 501 410
f 501 405 410
f 494 493 501
f 494 503 495
f 494 502 503
f 495 504 399
f 503 504 495
f 504 407 399
f 408 506 505
f 400 408 505
f 496 497 509
f 509 497 510
f 496 507 401
f 509 507 496
f 502 410 411
f 508 502 411
f 503 502 508
f 508 412 413
f 504 508 413
f 503 508 504
f 504 413 407
f 408 414 506
f 414 418 506
f 509 415 507
f 417 508 411
f 508 417 412
f 510 511 509
f 511 419 509
f 509 419 415
f 513 421 419
f 513 419 511
f 512 422 517
f 512 318 422
f 513 514 421
f 514 423 421
f 514 515 423
f 424 423 515
f 424 515 516
f 425 517 422
f 518 517 425
f 520 518 519
f 518 426 519
f 518 425 426
f 427 519 426
f 428 516 601
f 428 424 516
f 427 429 519
f 429 521 519
f 521 520 519
f 521 429 522
f 601 523 428
f 601 524 523
f 431 522 429
f 525 522 431
f 523 524 526
f 523 526 430
f 433 527 431
f 527 525 431
f 526 432 430
f 528 432 526
f 433 434 527
f 434 529 527
f 528 436 432
f 616 436 528
f 437 529 434
f 437 532 529
f 530 436 616
f 531 530 616
f 532 437 439
f 533 439 440
f 533 532 439
f 533 440 534
f 531 441 530
f 442 441 531
f 442 531 535
f 545 536 443
f 536 537 443
f 537 538 444
f 538 539 444
f 440 539 534
f 445 442 535
f 540 445 535
f 544 543 542
f 446 450 544
f 446 545 447
f 544 545 446
f 443 447 545
f 540 546 445
f 546 448 445
f 541 449 546
f 449 448 546
f 449 541 542
f 449 542 543
f 450 543 544
f 451 549 548
f 451 550 549
f 550 452 547
f 451 452 550
f 452 551 547
f 454 551 452
f 552 454 455
f 552 551 454
f 553 455 456
f 553 552 455
f 555 553 554
f 553 456 554
f 548 457 355
f 548 556 457
f 548 355 451
f 557 555 554
f 554 458 557
f 460 558 459
f 559 460 461
f 559 558 460
f 461 457 556
f 461 556 559
f 462 561 560
f 557 462 560
f 458 462 557
f 561 562 560
f 564 464 465
f 465 459 558
f 465 558 564
f 561 462 467
f 565 561 467
f 562 561 565
f 563 652 468
f 565 483 653
f 565 467 483
f 652 567 468
f 567 474 468
f 569 568 475
f 569 475 476
f 469 475 566
f 475 570 566
f 475 568 570
f 570 572 571
f 570 571 477
f 566 570 477
f 571 479 477
f 574 573 490
f 490 573 483
f 573 653 483
f 567 485 474
f 659 485 567
f 486 569 476
f 486 575 569
f 571 572 576
f 571 576 479
f 576 662 479
f 487 479 662
f 490 400 574
f 400 577 574
f 659 578 485
f 485 578 491
f 491 665 492
f 578 665 491
f 486 492 575
f 575 492 665
f 487 669 579
f 487 662 669
f 493 487 579
f 577 505 580
f 400 505 577
f 582 581 498
f 498 581 497
f 583 498 499
f 583 582 498
f 500 579 669
f 583 500 669
f 499 500 583
f 579 500 501
f 579 501 493
f 505 506 580
f 506 584 580
f 581 510 497
f 585 510 581
f 418 584 506
f 418 586 584
f 510 585 587
f 318 586 418
f 318 588 586
f 590 589 587
f 589 511 587
f 587 511 510
f 591 588 512
f 588 318 512
f 592 589 593
f 592 513 511
f 592 511 589
f 591 512 517
f 594 591 517
f 592 593 595
f 596 514 513
f 592 596 513
f 595 596 592
f 597 515 514
f 597 514 596
f 597 516 515
f 598 594 517
f 599 517 518
f 599 598 517
f 518 520 599
f 595 686 596
f 596 686 597
f 597 686 600
f 597 600 601
f 516 597 601
f 602 599 520
f 688 520 521
f 688 602 520
f 604 603 522
f 603 521 522
f 603 688 521
f 600 690 601
f 605 601 690
f 524 601 605
f 525 604 522
f 604 607 606
f 604 525 607
f 607 608 606
f 605 526 524
f 695 526 605
f 610 525 527
f 607 525 610
f 607 611 608
f 607 610 611
f 609 608 615
f 615 608 611
f 528 695 612
f 528 526 695
f 529 613 610
f 529 610 527
f 610 614 611
f 610 613 614
f 615 611 614
f 612 616 528
f 612 617 616
f 532 618 613
f 532 613 529
f 613 619 614
f 613 618 619
f 615 614 620
f 620 614 619
f 621 531 616
f 617 621 616
f 618 532 533
f 618 533 619
f 533 534 619
f 534 620 619
f 534 622 620
f 623 535 531
f 621 623 531
f 624 536 545
f 536 625 537
f 624 625 536
f 537 702 538
f 625 702 537
f 538 703 539
f 702 703 538
f 534 539 622
f 622 539 703
f 540 535 623
f 626 540 623
f 626 627 541
f 626 541 546
f 541 628 542
f 627 628 541
f 542 629 544
f 628 629 542
f 544 630 545
f 629 630 544
f 624 545 630
f 540 626 546
f 631 717 547
f 547 632 631
f 635 634 549
f 549 634 548
f 636 549 550
f 636 635 549
f 550 547 717
f 550 717 636
f 637 632 547
f 637 547 551
f 638 551 552
f 638 637 551
f 638 553 633
f 552 553 638
f 553 555 633
f 555 639 633
f 634 556 548
f 724 556 634
f 555 557 644
f 639 555 644
f 642 641 558
f 643 558 559
f 643 642 558
f 559 556 724
f 559 724 643
f 644 560 640
f 560 644 557
f 560 562 640
f 562 645 640
f 647 646 464
f 464 646 563
f 648 464 564
f 648 647 464
f 564 558 641
f 564 641 648
f 565 645 562
f 565 649 645
f 652 651 650
f 646 651 652
f 563 646 652
f 653 654 565
f 654 649 565
f 655 567 652
f 650 655 652
f 657 656 568
f 657 568 569
f 568 658 570
f 656 658 568
f 572 570 658
f 572 658 742
f 573 574 653
f 574 654 653
f 574 663 654
f 655 659 567
f 575 657 569
f 575 660 657
f 742 576 572
f 661 576 742
f 577 663 574
f 578 659 671
f 659 664 671
f 665 578 671
f 666 575 665
f 666 660 575
f 576 668 667
f 576 661 668
f 667 662 576
f 669 662 667
f 670 577 580
f 663 577 670
f 665 671 672
f 665 672 666
f 667 668 582
f 668 581 582
f 668 673 581
f 667 582 583
f 667 583 669
f 670 580 674
f 584 674 580
f 585 673 675
f 581 673 585
f 586 676 584
f 584 676 674
f 675 677 587
f 675 587 585
f 588 759 586
f 586 759 676
f 589 590 678
f 590 679 678
f 590 680 679
f 590 587 677
f 590 677 680
f 681 759 591
f 591 759 588
f 682 593 589
f 682 589 678
f 594 681 591
f 594 765 681
f 593 682 683
f 595 593 683
f 684 765 594
f 684 594 598
f 599 684 598
f 683 686 595
f 600 770 687
f 686 770 600
f 602 685 599
f 604 689 603
f 687 690 600
f 691 692 605
f 690 691 605
f 693 689 604
f 606 693 604
f 608 693 606
f 608 609 693
f 693 609 694
f 692 695 605
f 692 696 695
f 615 694 609
f 696 612 695
f 697 612 696
f 697 617 612
f 784 617 697
f 620 698 615
f 620 699 698
f 617 784 621
f 621 784 700
f 622 699 620
f 700 701 621
f 621 701 623
f 624 709 790
f 625 624 790
f 790 702 625
f 626 701 704
f 626 623 701
f 704 627 626
f 705 627 704
f 627 705 628
f 705 706 628
f 628 706 629
f 706 707 629
f 629 708 630
f 707 708 629
f 624 630 709
f 630 708 709
f 712 711 710
f 631 711 712
f 631 713 711
f 713 631 714
f 715 710 716
f 710 717 712
f 710 715 717
f 717 631 712
f 632 637 718
f 714 632 718
f 631 632 714
f 637 719 718
f 721 720 716
f 716 720 715
f 720 634 715
f 634 635 715
f 715 635 636
f 715 636 717
f 637 638 719
f 638 722 719
f 722 638 633
f 633 639 722
f 720 721 724
f 724 721 813
f 724 634 720
f 644 725 639
f 727 726 640
f 727 640 728
f 729 648 723
f 642 813 641
f 813 723 641
f 723 648 641
f 643 724 813
f 642 643 813
f 731 725 644
f 644 640 726
f 644 726 731
f 645 728 640
f 645 732 728
f 729 730 647
f 730 646 647
f 730 733 646
f 729 647 648
f 735 732 734
f 732 649 734
f 732 645 649
f 737 736 650
f 733 650 651
f 733 737 650
f 651 646 733
f 738 735 734
f 649 654 734
f 654 739 734
f 739 738 734
f 650 736 740
f 740 655 650
f 657 741 656
f 742 658 656
f 742 656 741
f 663 743 739
f 663 739 654
f 655 740 744
f 659 655 744
f 746 745 741
f 657 746 741
f 660 746 657
f 747 741 745
f 747 742 741
f 747 661 742
f 748 743 663
f 744 664 659
f 749 664 744
f 746 752 745
f 752 746 666
f 660 666 746
f 752 747 745
f 752 753 747
f 753 668 661
f 753 661 747
f 748 663 754
f 754 663 670
f 664 749 671
f 750 672 749
f 672 671 749
f 750 751 672
f 751 755 672
f 752 666 672
f 752 672 755
f 752 755 753
f 753 755 756
f 668 753 756
f 673 668 756
f 754 670 757
f 757 670 674
f 756 758 675
f 675 673 756
f 757 674 760
f 760 674 676
f 758 677 675
f 841 677 758
f 760 676 759
f 679 761 678
f 762 679 680
f 680 677 841
f 680 841 762
f 760 759 763
f 763 759 681
f 761 682 678
f 764 682 761
f 763 681 766
f 766 681 765
f 764 767 682
f 682 767 683
f 768 766 765
f 684 768 765
f 599 768 684
f 599 685 768
f 767 769 683
f 683 769 686
f 686 769 770
f 771 685 602
f 772 602 688
f 772 771 602
f 773 772 688
f 773 688 603
f 774 603 689
f 774 773 603
f 776 775 689
f 689 775 774
f 769 863 770
f 770 863 687
f 863 777 687
f 687 864 690
f 777 864 687
f 690 865 691
f 864 865 690
f 692 691 865
f 692 865 778
f 689 693 694
f 779 689 694
f 776 689 779
f 780 776 779
f 778 696 692
f 781 696 778
f 694 782 779
f 615 782 694
f 779 782 780
f 781 697 696
f 870 697 781
f 698 782 615
f 698 783 782
f 870 784 697
f 699 783 698
f 699 785 783
f 700 784 786
f 622 785 699
f 622 787 785
f 701 700 788
f 700 786 788
f 702 791 703
f 790 791 702
f 622 703 787
f 787 703 791
f 788 704 701
f 788 792 704
f 705 792 793
f 704 792 705
f 794 705 793
f 795 706 705
f 795 705 794
f 883 706 795
f 707 706 883
f 790 709 789
f 709 708 789
f 798 797 710
f 799 710 711
f 799 798 710
f 799 713 796
f 711 713 799
f 713 714 796
f 714 803 796
f 807 801 800
f 807 802 801
f 797 716 710
f 904 716 797
f 803 714 718
f 803 719 808
f 803 718 719
f 805 804 800
f 804 806 800
f 800 806 807
f 904 807 721
f 807 904 802
f 721 716 904
f 722 808 719
f 809 808 722
f 722 639 809
f 809 639 810
f 804 805 811
f 811 805 812
f 806 811 723
f 804 811 806
f 806 723 813
f 807 806 813
f 813 721 807
f 725 815 814
f 810 725 814
f 639 725 810
f 726 727 815
f 727 814 815
f 727 816 814
f 727 728 816
f 820 819 817
f 819 820 812
f 812 820 811
f 820 730 811
f 730 729 811
f 811 729 723
f 731 815 725
f 815 731 726
f 732 816 728
f 732 821 816
f 817 818 822
f 822 818 915
f 817 823 820
f 817 822 823
f 823 733 730
f 823 730 820
f 824 732 735
f 824 821 732
f 822 915 737
f 915 736 737
f 915 825 736
f 822 737 733
f 822 733 823
f 826 824 735
f 738 826 735
f 739 826 738
f 826 739 827
f 825 740 736
f 828 740 825
f 743 827 739
f 743 830 827
f 740 828 744
f 744 828 829
f 748 831 830
f 743 748 830
f 749 829 832
f 749 744 829
f 832 750 749
f 833 750 832
f 834 750 833
f 750 834 751
f 754 837 831
f 754 831 748
f 834 835 751
f 751 835 755
f 835 836 756
f 755 835 756
f 754 838 837
f 757 838 754
f 836 758 756
f 836 839 758
f 760 838 757
f 760 840 838
f 839 842 841
f 758 839 841
f 760 843 840
f 845 844 679
f 679 844 761
f 762 841 842
f 845 762 842
f 679 762 845
f 763 843 760
f 763 846 843
f 849 848 847
f 844 849 847
f 764 844 847
f 761 844 764
f 766 846 763
f 766 850 846
f 847 848 851
f 852 767 764
f 847 852 764
f 851 852 847
f 766 768 853
f 850 766 853
f 685 853 768
f 851 854 852
f 852 854 855
f 855 856 769
f 852 855 769
f 767 852 769
f 771 853 685
f 857 853 771
f 858 771 772
f 858 857 771
f 858 772 773
f 859 858 773
f 859 773 774
f 860 774 775
f 860 859 774
f 775 776 860
f 860 776 861
f 856 862 863
f 769 856 863
f 780 861 776
f 780 866 861
f 863 862 777
f 777 862 867
f 777 867 864
f 864 867 868
f 864 868 865
f 865 868 960
f 778 865 960
f 869 778 960
f 781 778 869
f 871 780 782
f 871 866 780
f 869 870 781
f 782 872 871
f 783 872 782
f 873 784 870
f 785 872 783
f 785 874 872
f 786 784 873
f 786 873 875
f 874 787 876
f 874 785 787
f 788 875 878
f 788 786 875
f 971 788 878
f 789 979 790
f 979 877 876
f 790 979 876
f 791 790 876
f 791 876 787
f 971 792 788
f 792 880 793
f 971 880 792
f 881 793 880
f 882 795 881
f 795 882 879
f 883 795 879
f 974 707 883
f 879 974 883
f 974 884 707
f 707 885 708
f 884 885 707
f 708 885 789
f 789 885 979
f 794 793 881
f 794 881 795
f 889 888 796
f 890 891 796
f 891 889 796
f 893 892 887
f 887 892 886
f 892 797 886
f 797 798 886
f 888 887 886
f 798 888 886
f 799 888 798
f 799 796 888
f 803 894 890
f 803 890 796
f 891 890 895
f 890 896 895
f 890 894 896
f 898 897 896
f 896 897 895
f 898 899 897
f 800 901 900
f 800 902 901
f 903 800 801
f 903 902 800
f 904 892 802
f 892 903 802
f 903 801 802
f 892 893 903
f 904 797 892
f 894 803 808
f 896 894 808
f 896 905 898
f 896 808 905
f 899 898 906
f 906 898 905
f 900 907 805
f 900 805 800
f 808 809 905
f 809 810 905
f 810 906 905
f 810 908 906
f 819 911 909
f 907 911 819
f 812 907 819
f 805 907 812
f 912 908 810
f 912 810 814
f 912 816 913
f 912 814 816
f 909 910 817
f 910 818 817
f 910 1006 818
f 909 817 819
f 816 914 913
f 816 821 914
f 1006 916 915
f 818 1006 915
f 914 824 917
f 821 824 914
f 915 916 918
f 918 825 915
f 826 917 824
f 826 827 917
f 827 919 917
f 1013 825 918
f 828 825 1013
f 919 830 831
f 827 830 919
f 1013 920 828
f 829 828 920
f 920 922 829
f 829 922 832
f 832 1020 833
f 922 1020 832
f 834 833 1020
f 837 921 831
f 837 923 921
f 1020 924 834
f 834 924 835
f 836 835 924
f 838 925 837
f 925 926 837
f 926 923 837
f 924 839 836
f 930 839 924
f 840 927 925
f 840 925 838
f 926 925 1024
f 925 928 1024
f 925 927 928
f 930 929 842
f 842 839 930
f 843 931 927
f 843 927 840
f 927 932 928
f 927 931 932
f 933 928 932
f 929 934 845
f 845 934 844
f 845 842 929
f 846 935 931
f 846 931 843
f 931 936 932
f 931 935 936
f 933 932 938
f 932 937 938
f 932 936 937
f 934 939 849
f 849 939 848
f 849 844 934
f 850 940 935
f 850 935 846
f 935 941 936
f 935 940 941
f 936 942 937
f 936 941 942
f 938 937 942
f 939 851 848
f 943 851 939
f 853 940 850
f 945 941 944
f 941 853 944
f 941 940 853
f 941 945 942
f 942 945 946
f 943 1034 851
f 851 1034 854
f 854 947 855
f 1034 947 854
f 856 855 947
f 857 948 853
f 948 944 853
f 858 949 857
f 857 949 948
f 859 950 858
f 858 950 949
f 859 951 950
f 859 860 951
f 947 952 856
f 856 952 862
f 948 949 953
f 953 949 954
f 954 949 950
f 954 950 955
f 956 961 955
f 950 956 955
f 951 956 950
f 957 951 860
f 956 951 957
f 866 957 861
f 861 957 860
f 952 958 862
f 867 958 959
f 862 958 867
f 964 868 867
f 964 867 959
f 960 868 964
f 961 956 957
f 961 957 962
f 957 866 962
f 866 963 962
f 866 871 963
f 869 960 964
f 965 869 964
f 870 869 965
f 872 966 871
f 966 968 871
f 968 963 871
f 965 873 870
f 969 873 965
f 967 968 966
f 874 967 966
f 872 874 966
f 875 873 969
f 875 969 1051
f 877 967 876
f 970 967 877
f 876 967 874
f 875 1051 878
f 878 972 971
f 1051 972 878
f 1058 971 972
f 982 973 879
f 975 974 879
f 973 975 879
f 976 974 975
f 977 978 976
f 980 979 885
f 980 885 978
f 980 970 979
f 970 877 979
f 1058 981 971
f 981 880 971
f 880 1062 881
f 981 1062 880
f 881 982 882
f 1062 982 881
f 879 882 982
f 884 974 976
f 884 976 885
f 885 976 978
f 983 887 988
f 889 984 888
f 985 889 891
f 985 984 889
f 985 891 989
f 987 986 893
f 893 887 983
f 893 983 987
f 988 887 888
f 888 984 988
f 989 891 895
f 990 895 897
f 990 989 895
f 897 899 990
f 990 899 991
f 900 901 992
f 901 993 992
f 901 994 993
f 995 901 902
f 995 994 901
f 986 902 903
f 986 995 902
f 903 893 986
f 906 996 997
f 991 906 997
f 899 906 991
f 907 992 998
f 907 900 992
f 908 996 906
f 997 996 1000
f 996 999 1000
f 996 908 999
f 910 909 1001
f 909 1002 1001
f 909 1003 1002
f 911 907 998
f 1003 911 998
f 909 911 1003
f 908 912 913
f 1004 908 913
f 999 908 1004
f 1000 999 1005
f 1005 999 1004
f 1006 1001 1007
f 1006 910 1001
f 913 914 1004
f 914 1005 1004
f 1006 1007 916
f 1007 1008 916
f 1009 914 917
f 1009 917 1011
f 918 1008 1010
f 918 916 1008
f 917 919 1011
f 919 1012 1011
f 1014 1013 1010
f 1013 918 1010
f 831 1012 919
f 831 1015 1012
f 1013 1014 1016
f 1016 1017 1013
f 1017 920 1013
f 921 1015 831
f 921 1018 1015
f 922 920 1019
f 920 1017 1019
f 1020 922 1019
f 923 1018 921
f 923 1023 1018
f 1020 1019 1021
f 1021 1022 924
f 1020 1021 924
f 923 926 1023
f 926 1024 1023
f 924 1022 1100
f 930 924 1100
f 928 1025 1024
f 1100 1026 930
f 930 1026 929
f 933 1025 928
f 1104 1025 933
f 1026 1027 929
f 929 1027 934
f 938 1104 933
f 938 1028 1104
f 934 1029 939
f 934 1027 1029
f 942 1028 938
f 942 1030 1028
f 1029 943 939
f 1031 943 1029
f 945 944 1032
f 1033 945 1032
f 946 945 1033
f 942 946 1030
f 1030 946 1033
f 1031 1034 943
f 1034 1035 947
f 947 1035 1037
f 1032 944 1036
f 1036 944 948
f 947 1037 952
f 952 1037 1038
f 1039 1036 948
f 953 1039 948
f 1040 953 954
f 1040 1039 953
f 1040 955 1043
f 1040 954 955
f 961 1043 955
f 958 952 1046
f 952 1041 1046
f 952 1038 1041
f 1046 959 958
f 1044 1043 961
f 1045 1044 963
f 1044 962 963
f 1044 961 962
f 1046 1047 959
f 959 1120 964
f 1047 1120 959
f 964 1120 1042
f 965 964 1042
f 1127 965 1042
f 1045 963 968
f 1045 968 1131
f 969 1127 1048
f 969 965 1127
f 1050 1049 967
f 968 1049 1131
f 968 967 1049
f 1132 1051 969
f 1048 1132 969
f 1133 1051 1132
f 1050 970 1056
f 1050 967 970
f 1133 1057 1051
f 1057 972 1051
f 1058 972 1057
f 982 1059 1052
f 973 982 1052
f 973 1052 975
f 975 1052 1053
f 975 1053 976
f 976 1053 1054
f 976 1054 977
f 977 1054 1055
f 1060 977 1055
f 1060 978 977
f 1056 980 1060
f 980 978 1060
f 980 1056 970
f 1058 1061 981
f 1061 1062 981
f 982 1062 1059
f 983 988 1063
f 1063 988 1064
f 1066 1065 984
f 1067 984 985
f 1067 1066 984
f 1068 985 989
f 1068 1067 985
f 986 987 1070
f 987 1071 1070
f 987 983 1063
f 987 1063 1071
f 1065 1064 988
f 988 984 1065
f 989 990 1068
f 990 1072 1068
f 991 1072 990
f 1076 1075 1073
f 1073 1075 1074
f 992 993 1076
f 993 1075 1076
f 993 1077 1075
f 1077 994 1069
f 993 994 1077
f 994 1153 1069
f 995 1153 994
f 986 1070 1153
f 995 986 1153
f 997 1072 991
f 1078 1072 997
f 1073 1074 1079
f 1079 1074 1080
f 1073 998 1076
f 1073 1079 998
f 998 992 1076
f 1081 1078 997
f 1081 997 1000
f 1081 1000 1082
f 1079 1080 1002
f 1080 1001 1002
f 1080 1083 1001
f 1079 1002 1003
f 1079 1003 998
f 1082 1005 1084
f 1000 1005 1082
f 1083 1007 1001
f 1008 1007 1083
f 1005 1085 1084
f 914 1085 1005
f 1009 1085 914
f 1009 1011 1087
f 1086 1010 1008
f 1180 1010 1086
f 1011 1012 1087
f 1087 1012 1089
f 1180 1088 1010
f 1010 1088 1014
f 1015 1090 1089
f 1012 1015 1089
f 1088 1016 1014
f 1091 1016 1088
f 1018 1090 1015
f 1092 1090 1018
f 1091 1093 1016
f 1016 1094 1017
f 1016 1093 1094
f 1019 1017 1094
f 1092 1018 1097
f 1097 1018 1023
f 1094 1095 1019
f 1095 1193 1096
f 1021 1095 1096
f 1019 1095 1021
f 1096 1022 1021
f 1024 1097 1023
f 1096 1193 1099
f 1096 1100 1022
f 1099 1100 1096
f 1025 1097 1024
f 1101 1098 1025
f 1098 1097 1025
f 1102 1099 1103
f 1102 1026 1100
f 1099 1102 1100
f 1104 1101 1025
f 1105 1101 1104
f 1102 1103 1026
f 1103 1027 1026
f 1103 1202 1027
f 1105 1104 1106
f 1106 1104 1028
f 1202 1107 1029
f 1029 1027 1202
f 1030 1108 1028
f 1106 1028 1108
f 1107 1031 1029
f 1109 1031 1107
f 1032 1110 1033
f 1033 1110 1030
f 1110 1108 1030
f 1109 1111 1031
f 1031 1111 1034
f 1034 1112 1035
f 1111 1112 1034
f 1035 1113 1037
f 1112 1113 1035
f 1110 1032 1115
f 1115 1032 1036
f 1038 1037 1113
f 1114 1038 1113
f 1039 1040 1036
f 1040 1116 1036
f 1116 1115 1036
f 1040 1117 1116
f 1043 1117 1040
f 1114 1041 1038
f 1118 1041 1114
f 1121 1120 1119
f 1121 1042 1120
f 1122 1042 1121
f 1042 1122 1123
f 1116 1117 1124
f 1116 1124 1125
f 1126 1117 1043
f 1126 1124 1117
f 1044 1045 1043
f 1043 1045 1126
f 1041 1118 1046
f 1119 1047 1118
f 1047 1046 1118
f 1047 1119 1120
f 1127 1042 1123
f 1128 1125 1124
f 1128 1124 1126
f 1128 1126 1129
f 1131 1130 1129
f 1126 1131 1129
f 1045 1131 1126
f 1127 1132 1048
f 1130 1131 1049
f 1050 1130 1049
f 1134 1130 1050
f 1136 1135 1052
f 1052 1137 1053
f 1135 1137 1052
f 1053 1137 1054
f 1054 1138 1055
f 1137 1138 1054
f 1055 1139 1060
f 1138 1139 1055
f 1139 1056 1060
f 1140 1056 1139
f 1050 1056 1134
f 1134 1056 1140
f 1240 1141 1133
f 1133 1141 1057
f 1058 1057 1141
f 1058 1141 1246
f 1143 1142 1059
f 1052 1059 1136
f 1136 1059 1142
f 1246 1144 1058
f 1058 1144 1061
f 1061 1145 1062
f 1144 1145 1061
f 1059 1062 1143
f 1143 1062 1145
f 1063 1147 1146
f 1063 1064 1147
f 1148 1065 1066
f 1067 1149 1066
f 1066 1149 1148
f 1067 1068 1149
f 1163 1069 1152
f 1069 1153 1152
f 1070 1152 1153
f 1070 1154 1152
f 1154 1071 1146
f 1070 1071 1154
f 1146 1071 1063
f 1155 1147 1064
f 1155 1064 1065
f 1156 1065 1148
f 1155 1065 1156
f 1158 1157 1156
f 1148 1158 1156
f 1149 1158 1148
f 1159 1149 1068
f 1158 1149 1159
f 1159 1068 1072
f 1162 1258 1074
f 1162 1075 1150
f 1074 1075 1162
f 1150 1075 1077
f 1150 1077 1151
f 1077 1163 1151
f 1163 1077 1069
f 1158 1159 1164
f 1164 1160 1161
f 1164 1072 1160
f 1164 1159 1072
f 1072 1078 1160
f 1078 1165 1160
f 1165 1161 1160
f 1078 1166 1165
f 1258 1080 1074
f 1167 1080 1258
f 1081 1166 1078
f 1168 1166 1081
f 1081 1082 1168
f 1167 1083 1080
f 1169 1083 1167
f 1172 1168 1082
f 1172 1082 1084
f 1169 1171 1170
f 1008 1169 1170
f 1083 1169 1008
f 1173 1172 1084
f 1173 1084 1085
f 1174 1170 1171
f 1174 1175 1170
f 1170 1086 1008
f 1175 1086 1170
f 1176 1173 1085
f 1176 1085 1009
f 1177 1009 1087
f 1177 1176 1009
f 1174 1179 1175
f 1174 1178 1179
f 1175 1180 1086
f 1175 1179 1180
f 1087 1089 1177
f 1089 1183 1177
f 1182 1178 1181
f 1182 1179 1178
f 1182 1088 1180
f 1179 1182 1180
f 1089 1090 1183
f 1183 1090 1186
f 1182 1181 1184
f 1184 1181 1185
f 1184 1091 1088
f 1184 1088 1182
f 1092 1187 1186
f 1090 1092 1186
f 1185 1188 1184
f 1188 1189 1093
f 1184 1188 1093
f 1091 1184 1093
f 1190 1094 1093
f 1190 1093 1189
f 1097 1187 1092
f 1191 1187 1097
f 1190 1189 1192
f 1192 1194 1193
f 1192 1193 1095
f 1190 1192 1095
f 1094 1190 1095
f 1098 1191 1097
f 1098 1195 1191
f 1193 1194 1196
f 1196 1194 1197
f 1196 1099 1193
f 1198 1195 1098
f 1198 1098 1101
f 1198 1101 1199
f 1196 1197 1200
f 1200 1103 1099
f 1200 1099 1196
f 1199 1105 1201
f 1101 1105 1199
f 1202 1200 1203
f 1202 1103 1200
f 1106 1204 1201
f 1106 1201 1105
f 1207 1206 1205
f 1209 1208 1205
f 1205 1208 1207
f 1208 1209 1203
f 1203 1209 1202
f 1209 1107 1202
f 1108 1210 1204
f 1108 1204 1106
f 1205 1206 1211
f 1211 1206 1212
f 1205 1213 1209
f 1205 1211 1213
f 1213 1109 1107
f 1213 1107 1209
f 1110 1214 1108
f 1214 1325 1108
f 1325 1210 1108
f 1211 1212 1215
f 1215 1212 1216
f 1211 1217 1213
f 1211 1215 1217
f 1213 1217 1109
f 1217 1218 1109
f 1218 1111 1109
f 1111 1219 1112
f 1218 1219 1111
f 1112 1220 1113
f 1219 1220 1112
f 1221 1227 1114
f 1113 1221 1114
f 1220 1221 1113
f 1222 1227 1221
f 1115 1223 1110
f 1214 1110 1224
f 1224 1110 1223
f 1216 1225 1215
f 1215 1225 1217
f 1217 1225 1226
f 1217 1226 1218
f 1227 1222 1228
f 1229 1227 1228
f 1337 1229 1228
f 1116 1231 1223
f 1116 1223 1115
f 1224 1223 1232
f 1232 1223 1231
f 1227 1118 1114
f 1118 1229 1119
f 1118 1227 1229
f 1119 1229 1121
f 1121 1229 1337
f 1121 1337 1122
f 1122 1337 1230
f 1233 1123 1122
f 1230 1233 1122
f 1235 1234 1231
f 1116 1235 1231
f 1125 1235 1116
f 1231 1234 1232
f 1233 1127 1123
f 1233 1236 1127
f 1237 1235 1125
f 1237 1125 1128
f 1238 1128 1129
f 1238 1237 1128
f 1129 1130 1238
f 1238 1130 1239
f 1236 1132 1127
f 1133 1132 1236
f 1240 1133 1236
f 1134 1239 1130
f 1241 1240 1348
f 1242 1355 1135
f 1242 1135 1136
f 1135 1243 1137
f 1355 1243 1135
f 1137 1243 1138
f 1138 1244 1139
f 1243 1244 1138
f 1139 1245 1140
f 1244 1245 1139
f 1134 1140 1245
f 1247 1246 1141
f 1241 1247 1141
f 1240 1241 1141
f 1248 1246 1247
f 1248 1142 1143
f 1142 1248 1249
f 1249 1250 1142
f 1250 1136 1142
f 1250 1242 1136
f 1144 1246 1145
f 1145 1246 1248
f 1145 1248 1143
f 1252 1147 1251
f 1252 1146 1147
f 1254 1253 1152
f 1152 1253 1163
f 1255 1152 1154
f 1255 1254 1152
f 1154 1146 1252
f 1154 1252 1255
f 1252 1251 1256
f 1252 1256 1263
f 1155 1257 1147
f 1257 1251 1147
f 1257 1256 1251
f 1156 1157 1155
f 1155 1157 1257
f 1259 1258 1162
f 1259 1162 1150
f 1260 1259 1150
f 1260 1150 1151
f 1260 1151 1261
f 1261 1151 1163
f 1262 1261 1163
f 1163 1253 1262
f 1265 1264 1263
f 1256 1265 1263
f 1257 1265 1256
f 1265 1257 1157
f 1158 1266 1157
f 1266 1265 1157
f 1164 1267 1158
f 1158 1267 1266
f 1161 1267 1164
f 1161 1268 1267
f 1165 1268 1161
f 1269 1167 1258
f 1258 1259 1270
f 1258 1270 1269
f 1271 1264 1265
f 1271 1265 1272
f 1272 1265 1266
f 1272 1266 1267
f 1272 1267 1273
f 1273 1267 1268
f 1275 1268 1274
f 1274 1268 1166
f 1268 1165 1166
f 1168 1276 1166
f 1166 1276 1274
f 1279 1278 1269
f 1278 1169 1269
f 1169 1167 1269
f 1278 1277 1169
f 1279 1269 1270
f 1275 1274 1280
f 1275 1280 1284
f 1281 1274 1276
f 1280 1274 1281
f 1172 1276 1168
f 1172 1281 1276
f 1283 1375 1282
f 1375 1283 1278
f 1278 1283 1277
f 1283 1171 1277
f 1277 1171 1169
f 1286 1285 1284
f 1280 1286 1284
f 1281 1286 1280
f 1173 1286 1172
f 1286 1281 1172
f 1283 1287 1174
f 1282 1287 1283
f 1283 1174 1171
f 1288 1285 1286
f 1288 1286 1173
f 1176 1288 1173
f 1290 1288 1176
f 1290 1177 1289
f 1290 1176 1177
f 1291 1287 1390
f 1291 1178 1174
f 1291 1174 1287
f 1292 1290 1289
f 1177 1183 1289
f 1183 1293 1289
f 1293 1292 1289
f 1293 1183 1294
f 1291 1390 1295
f 1296 1181 1178
f 1291 1296 1178
f 1295 1296 1291
f 1183 1186 1294
f 1186 1299 1294
f 1399 1298 1297
f 1298 1295 1297
f 1298 1296 1295
f 1298 1185 1181
f 1298 1181 1296
f 1186 1187 1299
f 1299 1187 1300
f 1399 1301 1298
f 1298 1301 1185
f 1301 1188 1185
f 1301 1302 1188
f 1188 1303 1189
f 1302 1303 1188
f 1304 1189 1303
f 1191 1300 1187
f 1191 1305 1300
f 1304 1306 1189
f 1306 1192 1189
f 1194 1192 1306
f 1194 1306 1404
f 1195 1305 1191
f 1195 1307 1305
f 1404 1197 1194
f 1308 1197 1404
f 1309 1307 1195
f 1309 1195 1198
f 1311 1310 1199
f 1310 1198 1199
f 1310 1309 1198
f 1308 1200 1197
f 1312 1200 1308
f 1201 1311 1199
f 1201 1313 1311
f 1312 1203 1200
f 1314 1203 1312
f 1316 1315 1322
f 1317 1315 1316
f 1204 1313 1201
f 1204 1318 1313
f 1320 1319 1207
f 1207 1319 1206
f 1321 1207 1208
f 1321 1320 1207
f 1208 1203 1314
f 1208 1314 1321
f 1315 1323 1322
f 1315 1317 1323
f 1210 1318 1204
f 1210 1324 1318
f 1319 1212 1206
f 1430 1212 1319
f 1324 1210 1326
f 1210 1325 1326
f 1325 1331 1326
f 1216 1430 1327
f 1212 1430 1216
f 1219 1218 1328
f 1219 1329 1220
f 1328 1329 1219
f 1221 1329 1330
f 1220 1329 1221
f 1330 1222 1221
f 1214 1437 1325
f 1224 1437 1214
f 1325 1437 1331
f 1327 1332 1216
f 1332 1225 1216
f 1332 1333 1225
f 1225 1334 1226
f 1333 1334 1225
f 1218 1226 1328
f 1226 1335 1328
f 1226 1334 1335
f 1329 1336 1330
f 1330 1336 1228
f 1222 1330 1228
f 1232 1338 1437
f 1224 1232 1437
f 1336 1339 1228
f 1228 1339 1337
f 1337 1339 1340
f 1337 1340 1230
f 1230 1340 1341
f 1341 1233 1230
f 1341 1342 1233
f 1233 1342 1461
f 1235 1343 1234
f 1343 1344 1234
f 1234 1344 1232
f 1344 1338 1232
f 1233 1461 1236
f 1236 1461 1345
f 1237 1343 1235
f 1346 1344 1343
f 1237 1346 1343
f 1238 1346 1237
f 1238 1239 1346
f 1346 1239 1347
f 1240 1345 1348
f 1240 1236 1345
f 1134 1347 1239
f 1134 1349 1347
f 1350 1241 1348
f 1243 1355 1468
f 1468 1469 1243
f 1243 1351 1244
f 1469 1351 1243
f 1244 1352 1245
f 1351 1352 1244
f 1134 1245 1349
f 1349 1245 1352
f 1350 1353 1241
f 1241 1353 1247
f 1247 1354 1248
f 1353 1354 1247
f 1249 1248 1354
f 1249 1354 1357
f 1242 1356 1355
f 1250 1356 1242
f 1250 1249 1356
f 1356 1249 1357
f 1358 1253 1254
f 1358 1254 1478
f 1254 1255 1478
f 1359 1255 1252
f 1478 1255 1359
f 1252 1360 1359
f 1252 1263 1360
f 1363 1362 1260
f 1260 1362 1259
f 1364 1260 1261
f 1364 1363 1260
f 1365 1261 1262
f 1365 1364 1261
f 1262 1253 1358
f 1365 1262 1358
f 1360 1263 1366
f 1264 1366 1263
f 1361 1369 1368
f 1361 1367 1369
f 1362 1368 1369
f 1270 1362 1369
f 1259 1362 1270
f 1376 1370 1271
f 1370 1366 1271
f 1366 1264 1271
f 1272 1371 1271
f 1272 1372 1371
f 1272 1273 1372
f 1268 1275 1273
f 1375 1374 1373
f 1374 1375 1367
f 1375 1278 1367
f 1367 1278 1279
f 1367 1279 1369
f 1369 1279 1270
f 1376 1271 1371
f 1376 1371 1377
f 1379 1378 1377
f 1371 1379 1377
f 1372 1379 1371
f 1380 1372 1273
f 1379 1372 1380
f 1381 1273 1275
f 1380 1273 1381
f 1284 1381 1275
f 1382 1282 1373
f 1373 1282 1375
f 1383 1378 1379
f 1379 1384 1383
f 1380 1384 1379
f 1385 1380 1381
f 1384 1380 1385
f 1285 1381 1284
f 1285 1385 1381
f 1386 1287 1282
f 1386 1282 1382
f 1384 1385 1387
f 1387 1385 1285
f 1288 1387 1285
f 1388 1387 1288
f 1389 1288 1290
f 1389 1388 1288
f 1390 1386 1391
f 1390 1287 1386
f 1392 1389 1290
f 1392 1290 1292
f 1393 1292 1293
f 1393 1392 1292
f 1293 1294 1393
f 1393 1294 1394
f 1390 1391 1395
f 1395 1295 1390
f 1299 1397 1396
f 1394 1299 1396
f 1294 1299 1394
f 1397 1400 1396
f 1395 1398 1295
f 1398 1297 1295
f 1297 1513 1399
f 1398 1513 1297
f 1397 1300 1400
f 1300 1401 1400
f 1300 1397 1299
f 1513 1402 1399
f 1402 1301 1399
f 1402 1302 1301
f 1302 1403 1303
f 1402 1403 1302
f 1304 1303 1403
f 1304 1403 1519
f 1305 1401 1300
f 1305 1406 1401
f 1306 1304 1404
f 1304 1405 1404
f 1304 1519 1405
f 1305 1307 1406
f 1307 1407 1406
f 1405 1411 1404
f 1308 1404 1411
f 1408 1407 1307
f 1309 1408 1307
f 1310 1408 1309
f 1310 1311 1408
f 1408 1311 1409
f 1312 1411 1410
f 1308 1411 1312
f 1313 1409 1311
f 1313 1420 1409
f 1412 1410 1413
f 1412 1314 1312
f 1412 1312 1410
f 1416 1415 1414
f 1415 1322 1414
f 1417 1322 1415
f 1322 1418 1316
f 1417 1418 1322
f 1317 1316 1418
f 1317 1418 1419
f 1318 1421 1420
f 1313 1318 1420
f 1319 1320 1422
f 1320 1423 1422
f 1320 1424 1423
f 1321 1412 1413
f 1424 1321 1413
f 1320 1321 1424
f 1412 1321 1314
f 1425 1416 1414
f 1426 1425 1322
f 1425 1414 1322
f 1323 1426 1322
f 1419 1323 1317
f 1427 1323 1419
f 1324 1428 1421
f 1324 1421 1318
f 1429 1421 1428
f 1430 1422 1431
f 1430 1319 1422
f 1432 1426 1323
f 1323 1427 1432
f 1326 1428 1324
f 1331 1433 1326
f 1433 1429 1326
f 1429 1428 1326
f 1430 1431 1327
f 1431 1434 1327
f 1436 1329 1328
f 1436 1328 1435
f 1438 1331 1437
f 1438 1439 1331
f 1439 1433 1331
f 1332 1327 1452
f 1327 1440 1452
f 1327 1434 1440
f 1441 1333 1332
f 1441 1332 1452
f 1442 1334 1333
f 1442 1333 1441
f 1443 1335 1334
f 1443 1334 1442
f 1435 1328 1335
f 1443 1435 1335
f 1444 1435 1443
f 1446 1436 1445
f 1436 1444 1445
f 1436 1435 1444
f 1436 1446 1336
f 1329 1436 1336
f 1449 1448 1447
f 1450 1447 1448
f 1464 1437 1338
f 1438 1437 1464
f 1439 1438 1451
f 1451 1438 1464
f 1441 1452 1453
f 1454 1441 1453
f 1454 1442 1441
f 1455 1443 1454
f 1443 1442 1454
f 1443 1455 1444
f 1444 1455 1456
f 1444 1456 1445
f 1446 1457 1336
f 1457 1339 1336
f 1457 1553 1339
f 1340 1553 1458
f 1339 1553 1340
f 1459 1341 1340
f 1459 1340 1458
f 1460 1341 1459
f 1342 1341 1460
f 1460 1447 1461
f 1342 1460 1461
f 1449 1447 1460
f 1447 1450 1462
f 1447 1462 1461
f 1344 1463 1338
f 1463 1464 1338
f 1557 1345 1461
f 1462 1557 1461
f 1346 1347 1344
f 1347 1463 1344
f 1347 1466 1463
f 1557 1348 1345
f 1558 1348 1557
f 1465 1348 1558
f 1349 1466 1347
f 1350 1465 1467
f 1350 1348 1465
f 1476 1352 1351
f 1476 1470 1352
f 1470 1349 1352
f 1470 1466 1349
f 1467 1353 1350
f 1471 1353 1467
f 1471 1354 1353
f 1357 1354 1471
f 1357 1471 1571
f 1356 1472 1355
f 1355 1472 1468
f 1472 1473 1468
f 1468 1473 1469
f 1469 1473 1474
f 1469 1474 1475
f 1469 1475 1351
f 1351 1475 1476
f 1356 1357 1472
f 1357 1477 1472
f 1357 1571 1477
f 1480 1579 1479
f 1361 1480 1479
f 1361 1481 1480
f 1368 1482 1361
f 1482 1481 1361
f 1362 1363 1368
f 1363 1482 1368
f 1363 1483 1482
f 1364 1483 1363
f 1484 1364 1365
f 1484 1365 1358
f 1485 1358 1478
f 1484 1358 1485
f 1485 1478 1359
f 1360 1486 1359
f 1360 1366 1486
f 1487 1479 1579
f 1487 1374 1479
f 1374 1367 1361
f 1374 1361 1479
f 1488 1486 1366
f 1488 1366 1370
f 1489 1370 1376
f 1489 1488 1370
f 1376 1490 1489
f 1579 1491 1487
f 1491 1373 1487
f 1487 1373 1374
f 1376 1377 1490
f 1377 1378 1490
f 1378 1492 1490
f 1493 1382 1491
f 1491 1382 1373
f 1494 1492 1378
f 1494 1378 1383
f 1495 1383 1384
f 1495 1494 1383
f 1496 1386 1382
f 1496 1382 1493
f 1497 1495 1384
f 1387 1497 1384
f 1499 1497 1498
f 1497 1387 1498
f 1388 1500 1387
f 1387 1500 1498
f 1388 1389 1500
f 1501 1386 1496
f 1391 1386 1501
f 1502 1499 1498
f 1502 1498 1500
f 1502 1500 1503
f 1503 1500 1389
f 1503 1389 1504
f 1392 1504 1389
f 1505 1504 1392
f 1506 1392 1393
f 1506 1505 1392
f 1393 1394 1506
f 1501 1395 1391
f 1507 1395 1501
f 1508 1506 1394
f 1508 1394 1396
f 1509 1396 1400
f 1509 1508 1396
f 1509 1400 1510
f 1507 1511 1395
f 1395 1511 1398
f 1511 1512 1398
f 1512 1514 1513
f 1398 1512 1513
f 1401 1515 1400
f 1515 1510 1400
f 1514 1402 1513
f 1514 1516 1402
f 1516 1517 1519
f 1403 1516 1519
f 1402 1516 1403
f 1406 1518 1401
f 1515 1401 1518
f 1405 1519 1520
f 1406 1407 1518
f 1407 1522 1518
f 1405 1521 1411
f 1405 1520 1521
f 1522 1407 1408
f 1408 1409 1522
f 1521 1410 1411
f 1521 1523 1410
f 1413 1523 1525
f 1410 1523 1413
f 1535 1528 1527
f 1415 1416 1527
f 1528 1415 1527
f 1529 1415 1528
f 1415 1530 1417
f 1529 1530 1415
f 1418 1530 1531
f 1417 1530 1418
f 1531 1419 1418
f 1421 1524 1420
f 1421 1532 1524
f 1534 1533 1423
f 1423 1533 1422
f 1424 1525 1526
f 1534 1424 1526
f 1423 1424 1534
f 1525 1424 1413
f 1535 1527 1416
f 1425 1535 1416
f 1536 1535 1425
f 1537 1530 1426
f 1530 1425 1426
f 1530 1536 1425
f 1537 1531 1530
f 1537 1538 1531
f 1538 1427 1419
f 1538 1419 1531
f 1429 1532 1421
f 1429 1540 1532
f 1533 1431 1422
f 1539 1431 1533
f 1537 1426 1432
f 1537 1432 1538
f 1538 1432 1427
f 1540 1429 1433
f 1540 1433 1541
f 1539 1434 1431
f 1667 1434 1539
f 1439 1542 1433
f 1542 1541 1433
f 1667 1440 1434
f 1543 1440 1667
f 1544 1446 1445
f 1546 1545 1448
f 1546 1448 1449
f 1450 1448 1545
f 1450 1545 1547
f 1451 1548 1439
f 1439 1548 1542
f 1543 1549 1440
f 1440 1549 1452
f 1549 1550 1560
f 1453 1549 1560
f 1452 1549 1453
f 1560 1454 1453
f 1454 1562 1455
f 1551 1455 1562
f 1456 1455 1551
f 1445 1456 1544
f 1544 1456 1551
f 1544 1552 1446
f 1446 1552 1457
f 1552 1554 1553
f 1457 1552 1553
f 1555 1460 1459
f 1449 1460 1546
f 1546 1460 1555
f 1557 1462 1556
f 1462 1547 1556
f 1462 1450 1547
f 1558 1557 1556
f 1463 1559 1464
f 1559 1451 1464
f 1559 1548 1451
f 1560 1561 1454
f 1454 1561 1562
f 1553 1554 1458
f 1554 1563 1458
f 1458 1564 1459
f 1563 1564 1458
f 1555 1459 1564
f 1466 1566 1463
f 1559 1463 1568
f 1568 1463 1566
f 1465 1565 1567
f 1465 1558 1565
f 1567 1467 1465
f 1567 1569 1467
f 1470 1570 1566
f 1470 1566 1466
f 1568 1566 1570
f 1569 1471 1467
f 1572 1571 1471
f 1569 1572 1471
f 1473 1472 1573
f 1474 1473 1573
f 1474 1574 1475
f 1573 1574 1474
f 1574 1575 1475
f 1475 1576 1476
f 1575 1576 1475
f 1470 1476 1570
f 1476 1577 1570
f 1476 1576 1577
f 1572 1578 1571
f 1578 1477 1571
f 1472 1477 1573
f 1480 1580 1579
f 1480 1581 1580
f 1582 1480 1481
f 1582 1581 1480
f 1583 1481 1482
f 1583 1582 1481
f 1584 1482 1483
f 1584 1583 1482
f 1586 1584 1585
f 1584 1364 1585
f 1584 1483 1364
f 1484 1587 1364
f 1364 1587 1585
f 1485 1588 1484
f 1484 1588 1587
f 1359 1589 1485
f 1485 1589 1588
f 1486 1589 1359
f 1591 1590 1580
f 1580 1590 1579
f 1586 1585 1592
f 1586 1592 1593
f 1594 1585 1587
f 1592 1585 1594
f 1594 1587 1595
f 1596 1587 1588
f 1595 1587 1596
f 1589 1598 1597
f 1596 1589 1597
f 1588 1589 1596
f 1598 1589 1486
f 1488 1598 1486
f 1599 1488 1489
f 1599 1489 1490
f 1600 1491 1590
f 1590 1491 1579
f 1602 1593 1592
f 1602 1592 1594
f 1602 1594 1603
f 1603 1594 1595
f 1603 1595 1596
f 1603 1596 1597
f 1604 1599 1490
f 1490 1605 1604
f 1490 1492 1605
f 1600 1601 1493
f 1601 1606 1493
f 1600 1493 1491
f 1607 1605 1492
f 1607 1492 1494
f 1608 1494 1495
f 1608 1607 1494
f 1608 1495 1609
f 1606 1496 1493
f 1610 1496 1606
f 1611 1609 1495
f 1611 1495 1497
f 1612 1613 1499
f 1613 1497 1499
f 1613 1611 1497
f 1610 1614 1496
f 1501 1496 1614
f 1502 1612 1499
f 1502 1503 1612
f 1503 1615 1612
f 1615 1613 1612
f 1503 1616 1615
f 1504 1617 1503
f 1503 1617 1616
f 1505 1618 1504
f 1504 1618 1617
f 1506 1619 1505
f 1505 1619 1618
f 1614 1507 1501
f 1752 1507 1614
f 1620 1621 1615
f 1616 1620 1615
f 1622 1616 1617
f 1622 1617 1618
f 1623 1618 1619
f 1622 1618 1623
f 1508 1624 1506
f 1624 1619 1506
f 1624 1623 1619
f 1509 1625 1508
f 1508 1625 1624
f 1510 1625 1509
f 1752 1626 1507
f 1507 1626 1511
f 1511 1627 1512
f 1626 1627 1511
f 1514 1512 1627
f 1621 1620 1628
f 1621 1628 1637
f 1629 1620 1616
f 1628 1620 1629
f 1629 1616 1622
f 1629 1622 1630
f 1631 1622 1623
f 1630 1622 1631
f 1632 1623 1624
f 1631 1623 1632
f 1632 1625 1633
f 1624 1625 1632
f 1625 1510 1633
f 1510 1634 1633
f 1510 1515 1634
f 1514 1635 1516
f 1517 1516 1635
f 1517 1635 1636
f 1638 1645 1637
f 1628 1638 1637
f 1629 1638 1628
f 1638 1629 1639
f 1640 1629 1630
f 1639 1629 1640
f 1641 1630 1631
f 1640 1630 1641
f 1641 1632 1761
f 1631 1632 1641
f 1761 1632 1633
f 1518 1643 1642
f 1634 1518 1642
f 1515 1518 1634
f 1519 1517 1644
f 1517 1636 1644
f 1644 1520 1519
f 1646 1650 1645
f 1638 1646 1645
f 1639 1646 1638
f 1647 1639 1640
f 1646 1639 1647
f 1641 1761 1647
f 1640 1641 1647
f 1522 1643 1518
f 1648 1643 1522
f 1520 1644 1649
f 1521 1520 1649
f 1650 1646 1647
f 1650 1647 1651
f 1409 1652 1522
f 1652 1648 1522
f 1649 1653 1523
f 1521 1649 1523
f 1420 1652 1409
f 1420 1524 1652
f 1524 1654 1652
f 1523 1653 1525
f 1653 1526 1525
f 1653 1655 1526
f 1535 1656 1528
f 1657 1529 1528
f 1657 1528 1656
f 1530 1529 1657
f 1532 1658 1659
f 1654 1532 1659
f 1524 1532 1654
f 1534 1660 1533
f 1534 1526 1655
f 1534 1655 1660
f 1656 1535 1536
f 1656 1536 1657
f 1657 1536 1530
f 1540 1661 1658
f 1540 1658 1532
f 1659 1658 1663
f 1658 1662 1663
f 1658 1661 1662
f 1539 1660 1664
f 1539 1533 1660
f 1661 1540 1541
f 1665 1661 1541
f 1662 1661 1665
f 1663 1662 1666
f 1666 1662 1665
f 1664 1667 1539
f 1664 1668 1667
f 1542 1669 1665
f 1542 1665 1541
f 1666 1665 1670
f 1665 1671 1670
f 1665 1669 1671
f 1673 1672 1671
f 1671 1672 1670
f 1674 1543 1667
f 1674 1667 1668
f 1676 1675 1545
f 1676 1545 1546
f 1677 1678 1547
f 1545 1677 1547
f 1675 1677 1545
f 1669 1542 1548
f 1679 1669 1548
f 1680 1669 1679
f 1669 1681 1671
f 1669 1680 1681
f 1671 1682 1673
f 1671 1681 1682
f 1790 1673 1682
f 1674 1683 1543
f 1543 1683 1549
f 1550 1549 1683
f 1550 1683 1684
f 1685 1551 1562
f 1551 1686 1544
f 1551 1685 1686
f 1686 1552 1544
f 1686 1794 1552
f 1554 1552 1794
f 1687 1688 1555
f 1688 1546 1555
f 1688 1676 1546
f 1678 1556 1547
f 1558 1556 1678
f 1689 1558 1678
f 1559 1690 1679
f 1559 1679 1548
f 1679 1691 1680
f 1679 1690 1691
f 1680 1692 1681
f 1680 1691 1692
f 1681 1693 1682
f 1681 1692 1693
f 1790 1682 1706
f 1706 1682 1693
f 1684 1694 1550
f 1550 1694 1560
f 1560 1695 1561
f 1694 1695 1560
f 1561 1696 1562
f 1695 1696 1561
f 1685 1562 1696
f 1794 1697 1554
f 1563 1697 1698
f 1554 1697 1563
f 1699 1564 1563
f 1699 1563 1698
f 1687 1555 1564
f 1699 1687 1564
f 1707 1687 1699
f 1688 1687 1700
f 1700 1687 1707
f 1689 1565 1558
f 1701 1565 1689
f 1568 1702 1690
f 1568 1690 1559
f 1690 1703 1691
f 1690 1702 1703
f 1691 1704 1692
f 1691 1703 1704
f 1706 1693 1705
f 1693 1704 1705
f 1693 1692 1704
f 1699 1698 1809
f 1699 1809 1707
f 1701 1804 1565
f 1565 1804 1567
f 1804 1708 1567
f 1568 1710 1702
f 1703 1710 1711
f 1703 1702 1710
f 1703 1711 1704
f 1704 1711 1712
f 1704 1712 1705
f 1708 1569 1567
f 1709 1569 1708
f 1812 1569 1709
f 1714 1713 1710
f 1568 1714 1710
f 1570 1714 1568
f 1710 1713 1711
f 1812 1715 1569
f 1569 1715 1572
f 1572 1715 1821
f 1573 1721 1716
f 1574 1573 1716
f 1575 1716 1722
f 1574 1716 1575
f 1717 1575 1722
f 1576 1575 1717
f 1576 1718 1577
f 1717 1718 1576
f 1570 1577 1714
f 1714 1577 1718
f 1821 1719 1572
f 1572 1719 1578
f 1578 1720 1477
f 1719 1720 1578
f 1573 1477 1721
f 1477 1720 1721
f 1725 1724 1580
f 1725 1581 1723
f 1580 1581 1725
f 1581 1831 1723
f 1582 1831 1581
f 1726 1582 1583
f 1726 1831 1582
f 1727 1583 1584
f 1727 1726 1583
f 1584 1586 1727
f 1727 1586 1728
f 1590 1591 1729
f 1591 1724 1729
f 1591 1580 1724
f 1593 1728 1586
f 1593 1731 1728
f 1732 1597 1598
f 1598 1733 1732
f 1598 1488 1733
f 1733 1599 1734
f 1733 1488 1599
f 1729 1730 1600
f 1730 1601 1600
f 1730 1735 1601
f 1729 1600 1590
f 1736 1731 1593
f 1736 1593 1602
f 1737 1602 1603
f 1737 1736 1602
f 1738 1737 1603
f 1739 1603 1597
f 1739 1738 1603
f 1739 1597 1732
f 1604 1734 1599
f 1740 1604 1605
f 1740 1734 1604
f 1735 1606 1601
f 1741 1606 1735
f 1607 1740 1605
f 1607 1742 1740
f 1608 1742 1607
f 1608 1609 1742
f 1742 1609 1743
f 1741 1610 1606
f 1744 1610 1741
f 1609 1611 1745
f 1746 1609 1745
f 1743 1609 1746
f 1611 1613 1745
f 1744 1747 1610
f 1610 1747 1614
f 1614 1747 1748
f 1746 1745 1749
f 1746 1749 1750
f 1751 1745 1613
f 1749 1745 1751
f 1615 1751 1613
f 1752 1614 1748
f 1750 1749 1754
f 1750 1754 1755
f 1754 1751 1621
f 1754 1749 1751
f 1621 1751 1615
f 1753 1756 1752
f 1756 1626 1752
f 1756 1627 1626
f 1755 1754 1757
f 1637 1757 1621
f 1621 1757 1754
f 1756 1758 1627
f 1627 1758 1514
f 1635 1758 1759
f 1514 1758 1635
f 1759 1636 1635
f 1760 1757 1637
f 1645 1760 1637
f 1633 1762 1761
f 1762 1633 1634
f 1763 1762 1634
f 1642 1763 1634
f 1642 1643 1763
f 1764 1636 1759
f 1644 1636 1764
f 1765 1760 1645
f 1645 1650 1765
f 1766 1647 1761
f 1761 1767 1766
f 1767 1762 1768
f 1761 1762 1767
f 1768 1762 1763
f 1648 1763 1643
f 1648 1772 1763
f 1764 1869 1644
f 1644 1869 1649
f 1769 1765 1650
f 1769 1651 1770
f 1769 1650 1651
f 1770 1651 1647
f 1771 1770 1647
f 1766 1771 1647
f 1771 1766 1767
f 1772 1648 1652
f 1772 1652 1773
f 1869 1774 1653
f 1653 1649 1869
f 1654 1773 1652
f 1654 1776 1773
f 1655 1774 1775
f 1653 1774 1655
f 1776 1654 1659
f 1776 1659 1777
f 1775 1882 1660
f 1882 1778 1660
f 1775 1660 1655
f 1779 1777 1659
f 1779 1659 1663
f 1660 1778 1664
f 1664 1778 1780
f 1666 1782 1781
f 1779 1666 1781
f 1663 1666 1779
f 1780 1668 1664
f 1783 1668 1780
f 1670 1782 1666
f 1670 1784 1782
f 1672 1784 1670
f 1786 1785 1673
f 1785 1672 1673
f 1785 1784 1672
f 1674 1668 1783
f 1674 1783 1901
f 1675 1676 1787
f 1788 1675 1787
f 1677 1675 1788
f 1678 1677 1788
f 1678 1788 1789
f 1790 1786 1673
f 1791 1786 1790
f 1674 1901 1683
f 1684 1683 1901
f 1684 1901 1792
f 1801 1793 1685
f 1685 1912 1686
f 1793 1912 1685
f 1912 1794 1686
f 1688 1795 1676
f 1787 1676 1795
f 1797 1689 1796
f 1689 1789 1796
f 1689 1678 1789
f 1706 1798 1790
f 1791 1790 1798
f 1792 1799 1684
f 1684 1799 1694
f 1694 1800 1695
f 1799 1800 1694
f 1695 1801 1696
f 1800 1801 1695
f 1685 1696 1801
f 1794 1802 1697
f 1698 1697 1802
f 1688 1803 1795
f 1700 1803 1688
f 1804 1701 1797
f 1797 1701 1689
f 1797 1796 1805
f 1806 1797 1805
f 1804 1797 1806
f 1705 1815 1706
f 1815 1807 1706
f 1807 1798 1706
f 1802 1808 1698
f 1808 1810 1809
f 1698 1808 1809
f 1816 1707 1809
f 1816 1811 1707
f 1811 1700 1707
f 1811 1803 1700
f 1708 1804 1806
f 1709 1708 1806
f 1805 1709 1806
f 1812 1709 1805
f 1814 1712 1711
f 1814 1711 1813
f 1712 1814 1705
f 1814 1815 1705
f 1809 1810 1816
f 1818 1817 1713
f 1818 1713 1714
f 1711 1713 1813
f 1713 1819 1813
f 1713 1817 1819
f 1813 1819 1814
f 1812 1820 1715
f 1821 1715 1820
f 1823 1822 1717
f 1823 1717 1722
f 1717 1824 1718
f 1822 1824 1717
f 1714 1718 1818
f 1818 1718 1824
f 1821 1934 1719
f 1719 1825 1720
f 1934 1825 1719
f 1720 1826 1721
f 1825 1826 1720
f 1721 1827 1716
f 1721 1826 1827
f 1716 1827 1722
f 1827 1828 1722
f 1823 1722 1828
f 1830 1829 1723
f 1831 1832 1723
f 1832 1830 1723
f 1724 1725 1833
f 1725 1829 1833
f 1725 1723 1829
f 1834 1832 1831
f 1726 1834 1831
f 1835 1726 1727
f 1835 1834 1726
f 1727 1728 1835
f 1835 1728 1836
f 1838 1837 1729
f 1729 1837 1730
f 1838 1724 1833
f 1729 1724 1838
f 1836 1731 1839
f 1728 1731 1836
f 1732 1733 1841
f 1733 1842 1841
f 1843 1733 1734
f 1843 1842 1733
f 1837 1735 1730
f 1844 1735 1837
f 1736 1839 1731
f 1845 1840 1839
f 1736 1845 1839
f 1737 1845 1736
f 1846 1737 1738
f 1846 1845 1737
f 1847 1738 1739
f 1847 1846 1738
f 1847 1732 1841
f 1739 1732 1847
f 1734 1848 1843
f 1850 1848 1740
f 1848 1734 1740
f 1844 1741 1735
f 1849 1741 1844
f 1851 1850 1742
f 1850 1740 1742
f 1743 1851 1742
f 1849 1744 1741
f 1963 1744 1849
f 1743 1852 1851
f 1743 1746 1852
f 1963 1853 1744
f 1744 1853 1747
f 1854 1855 1748
f 1747 1854 1748
f 1853 1854 1747
f 1750 1852 1746
f 1750 1856 1852
f 1855 1752 1748
f 1753 1752 1855
f 1857 1753 1855
f 1755 1856 1750
f 1755 1858 1856
f 1753 1857 1756
f 1756 1857 1860
f 1858 1757 1859
f 1755 1757 1858
f 1756 1860 1758
f 1759 1758 1860
f 1759 1860 1861
f 1863 1862 1760
f 1760 1862 1757
f 1862 1859 1757
f 1863 1864 1862
f 1861 1865 1759
f 1764 1759 1865
f 1760 1765 1863
f 1765 1866 1863
f 1866 1864 1863
f 1765 1867 1866
f 1868 1768 1763
f 1763 1772 1868
f 1764 1870 1869
f 1764 1865 1870
f 1871 1867 1769
f 1867 1765 1769
f 1770 1871 1769
f 1767 1872 1771
f 1872 1767 1768
f 1873 1872 1768
f 1873 1768 1868
f 1874 1868 1772
f 1772 1773 1874
f 1874 1773 1875
f 1870 1774 1869
f 1870 1876 1774
f 1877 1871 1770
f 1878 1877 1770
f 1879 1770 1771
f 1878 1770 1879
f 1879 1771 1872
f 1776 1881 1880
f 1875 1776 1880
f 1773 1776 1875
f 1883 1882 1775
f 1774 1883 1775
f 1876 1883 1774
f 1776 1777 1881
f 1884 1778 1882
f 1882 1883 1885
f 1886 1882 1885
f 1884 1882 1886
f 1777 1779 1887
f 1778 1884 1780
f 1884 1888 1780
f 1884 1886 1888
f 1886 1885 1889
f 1886 1889 1888
f 1890 1887 1779
f 1781 1890 1779
f 1891 1890 1781
f 1784 1892 1782
f 1892 1781 1782
f 1892 1891 1781
f 1894 1893 1784
f 1784 1893 1892
f 1894 1895 1893
f 1897 1783 1888
f 1888 1783 1780
f 1888 1889 1898
f 1888 1898 1897
f 1784 1785 1894
f 1894 1785 1786
f 1899 1894 1786
f 1895 1894 1899
f 1896 1895 1900
f 1900 1895 1899
f 1783 1897 1901
f 1897 1902 1901
f 1897 1898 1903
f 1897 1903 1902
f 1905 1904 1788
f 1905 1788 1787
f 1789 1788 1904
f 1791 1899 1786
f 1900 1899 1906
f 1906 1899 1791
f 1901 1907 1792
f 1901 1902 1907
f 1902 1903 1908
f 1909 1902 1908
f 1907 1902 1909
f 1910 1909 1908
f 1793 1801 1910
f 1911 1793 1910
f 1911 1918 1912
f 1793 1911 1912
f 1913 1794 1912
f 1795 1905 1787
f 1795 1914 1905
f 1904 1915 1789
f 1789 1915 1796
f 1796 1915 1916
f 1798 1917 1791
f 1906 1791 1917
f 1907 1799 1792
f 1799 1907 1800
f 1800 1907 1909
f 1800 1909 1801
f 1801 1909 1910
f 1912 1918 1913
f 1913 1918 1919
f 1913 1919 1802
f 1794 1913 1802
f 1803 1925 1795
f 1925 1914 1795
f 1796 1916 1805
f 1805 1916 1920
f 1922 1921 1807
f 1922 1807 1815
f 1798 1807 1917
f 1807 2017 1917
f 1807 1921 2017
f 1923 1808 1802
f 1923 1924 1808
f 1810 1808 1924
f 1926 1925 1803
f 1811 1926 1803
f 1920 1812 1805
f 1927 1812 1920
f 2022 1815 1814
f 1922 1815 2022
f 1924 1928 1810
f 1810 1929 1816
f 1928 1929 1810
f 1811 1816 1926
f 1926 1816 1929
f 1820 1927 1930
f 1820 1812 1927
f 1818 1938 1817
f 1932 1819 1817
f 1932 1817 1938
f 1933 1819 1932
f 1814 1819 1933
f 2022 1814 1933
f 1935 1934 1821
f 1935 1821 1820
f 1931 1935 1820
f 1930 1931 1820
f 1939 1934 1935
f 1936 1822 1823
f 1822 1937 1824
f 1936 1937 1822
f 1818 1824 1938
f 1824 1937 1938
f 1939 1825 1934
f 1825 1940 1826
f 1939 1940 1825
f 1827 1941 1828
f 1826 1941 1827
f 1823 1828 1936
f 1936 1828 1941
f 1829 1830 1942
f 1830 1943 1942
f 1944 1830 1832
f 1944 1943 1830
f 1945 1944 1832
f 1946 1829 1942
f 1833 1829 1946
f 1834 1945 1832
f 1834 1947 1945
f 1835 1947 1834
f 1949 1948 1836
f 1948 1835 1836
f 1948 1947 1835
f 1838 1950 1837
f 1838 1833 1946
f 1838 1946 1950
f 1839 1949 1836
f 1839 1840 1949
f 1840 1951 1949
f 1952 1842 1953
f 1952 1841 1842
f 1842 1843 1953
f 1950 1844 1837
f 1954 1844 1950
f 1955 1951 1840
f 1955 1840 1845
f 1956 1845 1846
f 1956 1955 1845
f 1957 1846 1847
f 1957 1956 1846
f 1847 1841 1952
f 1847 1952 1957
f 1953 1843 1958
f 1848 1958 1843
f 1959 1958 1848
f 1848 1850 1959
f 1960 1849 1954
f 1849 1844 1954
f 1961 1959 1850
f 1850 1851 1961
f 1961 1851 1962
f 1960 1963 1849
f 1960 2063 1963
f 1964 1962 1851
f 1851 1852 1964
f 1964 1852 2065
f 2063 1965 1963
f 1965 1853 1963
f 1965 1854 1853
f 1855 1854 1965
f 1855 1965 2066
f 1856 2065 1852
f 1856 1966 2065
f 1857 2066 1967
f 1857 1855 2066
f 1858 1966 1856
f 1858 1968 1966
f 1969 1860 1857
f 1971 1858 1859
f 1968 1858 1971
f 1861 1860 1969
f 1970 1861 1969
f 1972 1861 1970
f 1974 1971 1864
f 1864 1971 1862
f 1971 1859 1862
f 1861 1972 1865
f 1865 1972 1973
f 1864 1975 1974
f 1864 1866 1975
f 1870 1973 1976
f 1870 1865 1973
f 1866 1867 1977
f 1978 1866 1977
f 1975 1866 1978
f 1871 1977 1867
f 1868 1979 1873
f 1874 1980 1868
f 1980 1979 1868
f 1875 1980 1874
f 1981 1870 1976
f 1981 1876 1870
f 1982 1977 1877
f 1977 1871 1877
f 1877 1878 1982
f 1872 2087 1879
f 1983 2087 1872
f 1873 1983 1872
f 1983 1873 1979
f 1983 1979 1984
f 1984 1979 1980
f 1984 1980 1985
f 1985 1980 1875
f 1880 1985 1875
f 1986 1985 1880
f 1880 1881 1986
f 1986 1881 1989
f 1987 1883 1981
f 1883 1876 1981
f 1982 1878 1988
f 1988 1878 1879
f 1777 1989 1881
f 1987 1885 1883
f 1990 1885 1987
f 1887 1989 1777
f 1887 1991 1989
f 1995 1994 1992
f 1997 1996 1995
f 1995 1996 1994
f 1999 1998 1997
f 1997 1998 1996
f 1990 1889 1885
f 2000 1991 1887
f 2000 1887 1890
f 1993 1890 1891
f 1993 2000 1890
f 1892 1992 1993
f 1891 1892 1993
f 1992 1892 1893
f 1992 1893 1995
f 1995 1893 1895
f 1995 1895 1997
f 1997 1895 1896
f 1999 1997 1896
f 2001 1999 1896
f 1990 1898 1889
f 2002 1898 1990
f 1900 2006 1896
f 2001 1896 2006
f 2002 1903 1898
f 2003 1903 2002
f 2005 2004 1904
f 2005 1904 1905
f 1900 2105 2006
f 1906 2105 1900
f 2003 2007 1903
f 1903 2007 1908
f 1908 2008 1910
f 2007 2008 1908
f 1910 2009 1911
f 2008 2009 1910
f 1918 1911 2009
f 1914 2005 1905
f 1914 2010 2005
f 2004 2011 1904
f 1904 2011 1915
f 1915 2012 1916
f 2011 2012 1915
f 1917 2105 1906
f 2009 2013 1918
f 1919 2013 2018
f 1918 2013 1919
f 2018 1802 1919
f 1925 2010 1914
f 1925 2020 2010
f 1920 1916 2012
f 2014 1920 2012
f 2016 2015 1921
f 2016 1921 1922
f 2015 2017 1921
f 2018 1923 1802
f 2018 2019 1923
f 1924 2019 2024
f 1923 2019 1924
f 2021 2020 1925
f 2021 1925 1926
f 2014 1927 1920
f 2121 1927 2014
f 2023 1922 2022
f 2023 2016 1922
f 2024 1928 1924
f 2024 2224 1928
f 1928 2126 1929
f 2224 2126 1928
f 1926 1929 2021
f 2021 1929 2126
f 1927 2121 1930
f 1931 1930 2121
f 1931 2121 2127
f 1932 2030 1933
f 1933 2030 2022
f 2030 2130 2022
f 2022 2130 2023
f 2127 2025 1931
f 1931 2025 1935
f 1935 2026 1939
f 2025 2026 1935
f 2027 1939 2026
f 2034 1937 1936
f 1937 2034 2028
f 1938 1937 2028
f 1938 2029 1932
f 2028 2029 1938
f 1932 2029 2030
f 1940 1939 2027
f 2031 1940 2027
f 2031 1826 1940
f 1826 2032 1941
f 2031 2032 1826
f 1941 2033 1936
f 1941 2032 2033
f 1936 2033 2034
f 1942 2035 2138
f 1942 1943 2035
f 2141 1943 1944
f 2141 2035 1943
f 2036 1944 1945
f 2036 2141 1944
f 2038 2037 1945
f 2037 2036 1945
f 2039 2040 2038
f 2038 2040 2037
f 2041 2040 2039
f 2041 2045 2040
f 2043 2042 1946
f 2043 1946 1942
f 2043 1942 2138
f 1947 2038 1945
f 2038 1947 1948
f 2038 1948 2039
f 2039 1948 1949
f 2044 2039 1949
f 2041 2039 2044
f 2045 2044 2050
f 2045 2041 2044
f 1946 2042 1950
f 2042 2046 1950
f 2042 2047 2046
f 2042 2043 2048
f 2042 2048 2047
f 1951 2049 2044
f 1951 2044 1949
f 2044 2051 2050
f 2044 2049 2051
f 2051 2052 2050
f 2054 2053 1952
f 2055 1952 1953
f 2055 2054 1952
f 1953 2056 2055
f 2057 1954 2046
f 2046 1954 1950
f 2058 2046 2047
f 2057 2046 2058
f 2047 2048 2058
f 1955 2049 1951
f 2049 1955 1956
f 2049 1956 2051
f 2053 2052 2051
f 1956 2053 2051
f 1957 2053 1956
f 1957 1952 2053
f 2059 2056 1953
f 1958 2059 1953
f 2060 1958 1959
f 2060 2059 1958
f 2061 2060 1959
f 1954 2057 1960
f 2057 2062 1960
f 2057 2058 2062
f 2058 2048 2062
f 1961 2061 1959
f 1961 1962 2061
f 1962 2064 2061
f 2062 2063 1960
f 2062 2164 2063
f 2064 1962 1964
f 1964 2065 2064
f 2164 2066 1965
f 2063 2164 1965
f 2067 2066 2164
f 1966 2068 2065
f 2069 1857 1967
f 2067 2069 1967
f 2066 2067 1967
f 1968 2068 1966
f 1968 2070 2068
f 2069 1969 1857
f 1970 1969 2069
f 2071 1970 2069
f 1971 2070 1968
f 1971 2072 2070
f 1972 2071 2073
f 1972 1970 2071
f 2074 2072 1971
f 1971 1974 2074
f 1973 1972 2073
f 2075 1973 2073
f 2074 1974 2076
f 1975 2076 1974
f 1973 2075 1976
f 1976 2075 2077
f 2076 1975 2078
f 1975 1978 2078
f 1976 2077 2079
f 1981 1976 2079
f 2080 1981 2079
f 2081 2078 1978
f 2081 1978 1977
f 1977 1982 2081
f 1981 2082 1987
f 1981 2080 2082
f 2080 2083 2082
f 2084 2081 1982
f 2085 2084 1988
f 2084 1982 1988
f 1879 2086 1988
f 1879 2087 2086
f 1983 2185 2087
f 2185 1983 1984
f 1984 1985 2088
f 2088 1985 1986
f 2088 1986 2089
f 1986 1989 2089
f 1989 2090 2089
f 2082 1990 1987
f 2091 2085 1988
f 2091 1988 2086
f 2091 2086 2092
f 2092 2086 2087
f 2092 2087 2093
f 1991 2000 2094
f 2090 1991 2094
f 1989 1991 2090
f 2000 2095 2094
f 1993 1992 2095
f 1992 2096 2095
f 2096 1992 1994
f 2097 1994 1996
f 2097 2096 1994
f 2098 1996 1998
f 2098 2097 1996
f 2100 2099 1999
f 2099 1998 1999
f 2099 2098 1998
f 2000 1993 2095
f 2001 2101 2100
f 2001 2100 1999
f 2102 2002 2082
f 2082 2002 1990
f 2082 2083 2102
f 2001 2103 2101
f 2006 2103 2001
f 2102 2003 2002
f 2102 2203 2003
f 2104 2004 2005
f 2105 2111 2006
f 2111 2103 2006
f 2203 2106 2003
f 2106 2007 2003
f 2106 2008 2007
f 2009 2008 2113
f 2010 2104 2005
f 2010 2107 2104
f 2104 2108 2004
f 2004 2108 2011
f 2108 2110 2109
f 2012 2108 2109
f 2011 2108 2012
f 2112 2111 2105
f 1917 2112 2105
f 2009 2113 2013
f 2018 2013 2113
f 2018 2113 2114
f 2020 2107 2010
f 2020 2115 2107
f 2014 2012 2109
f 2116 2014 2109
f 2110 2116 2109
f 2014 2116 2117
f 2015 2016 2123
f 2118 2015 2123
f 2017 2015 2118
f 1917 2017 2112
f 2112 2017 2118
f 2114 2119 2018
f 2018 2120 2019
f 2119 2120 2018
f 2024 2019 2120
f 2021 2115 2020
f 2117 2121 2014
f 2117 2122 2121
f 2124 2123 2016
f 2023 2124 2016
f 2120 2125 2024
f 2125 2224 2024
f 2128 2127 2121
f 2122 2128 2121
f 2130 2030 2129
f 2023 2130 2124
f 2128 2131 2127
f 2131 2025 2127
f 2131 2026 2025
f 2026 2132 2027
f 2131 2132 2026
f 2027 2132 2134
f 2133 2028 2137
f 2029 2028 2133
f 2030 2133 2129
f 2030 2029 2133
f 2027 2134 2031
f 2031 2135 2032
f 2134 2135 2031
f 2033 2136 2034
f 2032 2136 2033
f 2028 2034 2137
f 2034 2136 2137
f 2138 2035 2139
f 2035 2140 2139
f 2035 2141 2140
f 2142 2036 2037
f 2142 2141 2036
f 2143 2037 2040
f 2143 2142 2037
f 2144 2143 2040
f 2145 2040 2045
f 2145 2144 2040
f 2145 2045 2146
f 2240 2043 2138
f 2147 2240 2138
f 2147 2138 2139
f 2050 2148 2045
f 2148 2149 2045
f 2149 2146 2045
f 2154 2048 2043
f 2043 2240 2245
f 2043 2245 2154
f 2050 2052 2148
f 2052 2149 2148
f 2052 2150 2149
f 2152 2151 2054
f 2054 2151 2053
f 2153 2152 2056
f 2152 2055 2056
f 2152 2054 2055
f 2154 2245 2155
f 2156 2150 2052
f 2156 2052 2053
f 2053 2151 2156
f 2157 2153 2056
f 2059 2157 2056
f 2158 2157 2059
f 2159 2059 2060
f 2159 2158 2059
f 2160 2060 2061
f 2160 2159 2060
f 2160 2061 2161
f 2162 2062 2154
f 2154 2062 2048
f 2154 2155 2162
f 2064 2161 2061
f 2064 2163 2161
f 2162 2164 2062
f 2162 2155 2165
f 2162 2165 2164
f 2064 2065 2163
f 2163 2065 2166
f 2165 2067 2164
f 2167 2067 2165
f 2166 2068 2168
f 2065 2068 2166
f 2067 2167 2069
f 2069 2167 2169
f 2070 2170 2168
f 2070 2168 2068
f 2169 2071 2069
f 2279 2071 2169
f 2070 2171 2170
f 2072 2171 2070
f 2071 2279 2073
f 2073 2279 2283
f 2072 2074 2172
f 2173 2072 2172
f 2171 2072 2173
f 2075 2283 2174
f 2075 2073 2283
f 2074 2175 2172
f 2074 2076 2175
f 2077 2075 2174
f 2288 2077 2174
f 2176 2175 2076
f 2176 2076 2078
f 2176 2078 2177
f 2288 2178 2077
f 2077 2178 2079
f 2179 2180 2080
f 2079 2179 2080
f 2178 2179 2079
f 2181 2177 2078
f 2181 2078 2081
f 2182 2181 2081
f 2180 2083 2080
f 2180 2183 2083
f 2084 2182 2081
f 2084 2085 2182
f 2085 2184 2182
f 1984 2186 2185
f 1984 2088 2186
f 2083 2183 2189
f 2190 2184 2085
f 2190 2085 2091
f 2092 2190 2091
f 2191 2092 2093
f 2093 2087 2185
f 2192 2093 2185
f 2191 2093 2192
f 2192 2185 2186
f 2088 2089 2308
f 2308 2089 2090
f 2094 2308 2090
f 2193 2308 2094
f 2193 2094 2095
f 2096 2194 2095
f 2096 2195 2194
f 2195 2097 2187
f 2096 2097 2195
f 2187 2097 2098
f 2187 2098 2188
f 2098 2196 2188
f 2099 2196 2098
f 2099 2100 2196
f 2196 2100 2197
f 2083 2189 2198
f 2199 2193 2095
f 2199 2095 2194
f 2101 2197 2100
f 2101 2200 2197
f 2201 2102 2198
f 2198 2102 2083
f 2198 2324 2201
f 2103 2202 2101
f 2202 2200 2101
f 2201 2203 2102
f 2204 2201 2324
f 2203 2201 2204
f 2205 2204 2324
f 2111 2206 2103
f 2106 2203 2008
f 2008 2203 2204
f 2205 2207 2113
f 2205 2113 2008
f 2204 2205 2008
f 2209 2208 2104
f 2107 2209 2104
f 2208 2108 2104
f 2208 2210 2108
f 2110 2108 2210
f 2110 2210 2467
f 2212 2211 2111
f 2212 2111 2112
f 2206 2111 2211
f 2114 2113 2207
f 2213 2114 2207
f 2115 2209 2107
f 2115 2214 2209
f 2467 2345 2110
f 2110 2215 2116
f 2345 2215 2110
f 2117 2116 2215
f 2117 2215 2216
f 2217 2118 2123
f 2112 2118 2212
f 2212 2118 2217
f 2213 2218 2114
f 2114 2218 2119
f 2119 2219 2120
f 2218 2219 2119
f 2120 2219 2220
f 2221 2115 2021
f 2214 2115 2221
f 2216 2122 2117
f 2222 2122 2216
f 2227 2223 2123
f 2227 2123 2124
f 2217 2123 2223
f 2220 2125 2120
f 2224 2356 2126
f 2021 2126 2221
f 2221 2126 2356
f 2122 2222 2128
f 2128 2222 2225
f 2227 2129 2226
f 2130 2129 2227
f 2124 2130 2227
f 2225 2228 2128
f 2128 2228 2131
f 2131 2228 2132
f 2132 2229 2134
f 2228 2229 2132
f 2230 2133 2137
f 2133 2226 2129
f 2133 2230 2226
f 2231 2134 2229
f 2231 2135 2134
f 2032 2232 2136
f 2135 2232 2032
f 2136 2233 2137
f 2232 2233 2136
f 2230 2137 2233
f 2235 2234 2140
f 2140 2234 2139
f 2236 2140 2141
f 2236 2235 2140
f 2237 2141 2142
f 2237 2236 2141
f 2237 2143 2241
f 2237 2142 2143
f 2144 2238 2143
f 2143 2238 2241
f 2145 2239 2144
f 2144 2239 2238
f 2146 2239 2145
f 2234 2147 2139
f 2241 2238 2242
f 2244 2243 2242
f 2238 2244 2242
f 2239 2244 2238
f 2149 2244 2146
f 2146 2244 2239
f 2240 2147 2246
f 2240 2246 2245
f 2243 2244 2247
f 2243 2247 2248
f 2150 2247 2149
f 2149 2247 2244
f 2249 2151 2152
f 2153 2249 2152
f 2250 2155 2245
f 2250 2245 2246
f 2251 2252 2248
f 2247 2251 2248
f 2253 2251 2247
f 2156 2254 2150
f 2254 2247 2150
f 2254 2253 2247
f 2255 2254 2156
f 2255 2156 2151
f 2256 2255 2151
f 2249 2256 2151
f 2256 2249 2153
f 2157 2256 2153
f 2257 2256 2157
f 2257 2158 2258
f 2257 2157 2158
f 2158 2159 2258
f 2259 2155 2250
f 2252 2251 2260
f 2252 2260 2261
f 2262 2251 2253
f 2260 2251 2262
f 2263 2253 2254
f 2262 2253 2263
f 2254 2255 2264
f 2254 2264 2263
f 2258 2159 2265
f 2265 2159 2160
f 2265 2160 2386
f 2160 2161 2386
f 2161 2266 2386
f 2161 2163 2266
f 2259 2165 2155
f 2267 2165 2259
f 2261 2260 2268
f 2261 2268 2269
f 2270 2260 2262
f 2268 2260 2270
f 2271 2262 2263
f 2270 2262 2271
f 2263 2264 2272
f 2263 2272 2271
f 2273 2266 2163
f 2163 2166 2273
f 2267 2167 2165
f 2274 2167 2267
f 2270 2275 2268
f 2276 2270 2271
f 2275 2270 2276
f 2271 2272 2276
f 2277 2273 2166
f 2277 2166 2168
f 2169 2167 2274
f 2169 2274 2402
f 2275 2276 2406
f 2170 2277 2168
f 2170 2278 2277
f 2279 2169 2402
f 2280 2279 2402
f 2171 2281 2170
f 2281 2282 2170
f 2282 2278 2170
f 2280 2283 2279
f 2284 2283 2280
f 2173 2285 2281
f 2173 2281 2171
f 2282 2281 2285
f 2284 2286 2174
f 2283 2284 2174
f 2172 2285 2173
f 2172 2175 2285
f 2175 2287 2285
f 2286 2288 2174
f 2286 2289 2288
f 2290 2287 2175
f 2290 2175 2176
f 2176 2177 2290
f 2290 2177 2291
f 2289 2292 2288
f 2292 2178 2288
f 2292 2179 2178
f 2180 2179 2292
f 2180 2292 2293
f 2294 2291 2177
f 2294 2177 2181
f 2295 2181 2182
f 2295 2294 2181
f 2295 2182 2296
f 2298 2183 2297
f 2183 2293 2297
f 2183 2180 2293
f 2184 2296 2182
f 2184 2299 2296
f 2187 2188 2300
f 2301 2189 2298
f 2298 2189 2183
f 2303 2298 2302
f 2301 2298 2303
f 2304 2299 2184
f 2304 2184 2190
f 2305 2190 2092
f 2305 2304 2190
f 2305 2191 2306
f 2305 2092 2191
f 2192 2307 2191
f 2191 2307 2306
f 2186 2307 2192
f 2088 2307 2186
f 2088 2308 2307
f 2309 2194 2195
f 2309 2195 2187
f 2448 2309 2187
f 2448 2187 2300
f 2310 2300 2188
f 2310 2188 2196
f 2196 2197 2310
f 2310 2197 2311
f 2312 2198 2301
f 2301 2198 2189
f 2313 2301 2303
f 2312 2301 2313
f 2303 2302 2314
f 2315 2303 2314
f 2313 2303 2315
f 2316 2317 2315
f 2316 2315 2314
f 2306 2307 2318
f 2318 2307 2319
f 2319 2307 2308
f 2319 2308 2320
f 2320 2308 2193
f 2320 2193 2321
f 2328 2321 2199
f 2321 2193 2199
f 2194 2322 2199
f 2199 2322 2328
f 2309 2322 2194
f 2200 2311 2197
f 2200 2323 2311
f 2312 2324 2198
f 2325 2312 2313
f 2324 2312 2325
f 2326 2313 2315
f 2325 2313 2326
f 2327 2315 2317
f 2326 2315 2327
f 2317 2451 2327
f 2202 2323 2200
f 2202 2329 2323
f 2324 2330 2205
f 2324 2325 2330
f 2331 2325 2326
f 2330 2325 2331
f 2332 2326 2327
f 2331 2326 2332
f 2327 2451 2333
f 2327 2333 2332
f 2206 2336 2103
f 2336 2202 2103
f 2336 2329 2202
f 2205 2330 2207
f 2330 2337 2207
f 2330 2331 2337
f 2338 2331 2332
f 2337 2331 2338
f 2332 2333 2339
f 2332 2339 2338
f 2335 2334 2208
f 2209 2335 2208
f 2340 2335 2209
f 2341 2208 2334
f 2341 2210 2208
f 2467 2210 2341
f 2212 2468 2211
f 2206 2211 2336
f 2211 2342 2336
f 2211 2468 2342
f 2343 2213 2337
f 2337 2213 2207
f 2337 2338 2343
f 2214 2340 2209
f 2214 2344 2340
f 2345 2473 2215
f 2216 2215 2473
f 2216 2473 2346
f 2353 2347 2217
f 2347 2212 2217
f 2343 2218 2213
f 2348 2218 2343
f 2348 2219 2218
f 2220 2219 2348
f 2220 2348 2349
f 2214 2221 2344
f 2344 2221 2350
f 2222 2346 2351
f 2222 2216 2346
f 2352 2223 2227
f 2217 2223 2353
f 2223 2352 2353
f 2349 2354 2220
f 2220 2354 2125
f 2125 2355 2224
f 2354 2355 2125
f 2355 2356 2224
f 2221 2356 2350
f 2357 2225 2222
f 2478 2357 2222
f 2351 2478 2222
f 2363 2358 2227
f 2363 2227 2226
f 2352 2227 2358
f 2357 2228 2225
f 2484 2359 2357
f 2359 2228 2357
f 2228 2360 2229
f 2359 2360 2228
f 2361 2231 2229
f 2360 2361 2229
f 2365 2362 2230
f 2230 2363 2226
f 2362 2363 2230
f 2361 2489 2231
f 2489 2135 2231
f 2135 2364 2232
f 2489 2364 2135
f 2232 2365 2233
f 2364 2365 2232
f 2230 2233 2365
f 2236 2366 2235
f 2236 2237 2366
f 2368 2367 2235
f 2367 2234 2235
f 2367 2147 2234
f 2368 2235 2366
f 2368 2366 2369
f 2369 2366 2237
f 2369 2237 2370
f 2370 2237 2241
f 2371 2370 2241
f 2372 2371 2243
f 2371 2242 2243
f 2371 2241 2242
f 2367 2246 2147
f 2373 2246 2367
f 2372 2243 2248
f 2372 2248 2374
f 2376 2375 2250
f 2246 2376 2250
f 2373 2376 2246
f 2374 2248 2252
f 2377 2374 2252
f 2378 2255 2256
f 2378 2256 2379
f 2256 2257 2379
f 2257 2258 2379
f 2375 2259 2250
f 2375 2376 2500
f 2380 2375 2500
f 2381 2380 2500
f 2383 2377 2382
f 2377 2261 2382
f 2377 2252 2261
f 2384 2255 2378
f 2384 2264 2255
f 2384 2378 2379
f 2385 2379 2258
f 2387 2258 2265
f 2387 2385 2258
f 2387 2265 2386
f 2388 2267 2375
f 2375 2267 2259
f 2389 2375 2380
f 2388 2375 2389
f 2390 2380 2381
f 2389 2380 2390
f 2381 2504 2390
f 2261 2391 2382
f 2261 2269 2391
f 2392 2272 2384
f 2272 2264 2384
f 2393 2392 2384
f 2394 2387 2386
f 2394 2386 2266
f 2273 2394 2266
f 2395 2394 2273
f 2396 2274 2388
f 2388 2274 2267
f 2396 2389 2397
f 2388 2389 2396
f 2397 2389 2390
f 2269 2268 2398
f 2399 2269 2398
f 2391 2269 2399
f 2275 2398 2268
f 2400 2276 2392
f 2392 2276 2272
f 2392 2393 2518
f 2392 2518 2400
f 2401 2395 2273
f 2401 2273 2277
f 2403 2402 2274
f 2397 2403 2274
f 2396 2397 2274
f 2404 2402 2403
f 2399 2398 2411
f 2405 2398 2275
f 2405 2411 2398
f 2275 2406 2405
f 2276 2400 2406
f 2400 2407 2406
f 2408 2400 2518
f 2407 2400 2408
f 2409 2408 2518
f 2278 2401 2277
f 2278 2410 2401
f 2404 2280 2402
f 2419 2280 2404
f 2411 2405 2412
f 2413 2421 2412
f 2405 2413 2412
f 2406 2413 2405
f 2414 2406 2407
f 2413 2406 2414
f 2415 2407 2408
f 2414 2407 2415
f 2416 2408 2409
f 2415 2408 2416
f 2409 2528 2417
f 2416 2409 2417
f 2282 2410 2278
f 2282 2418 2410
f 2284 2280 2419
f 2284 2419 2420
f 2421 2413 2414
f 2421 2414 2422
f 2422 2414 2415
f 2422 2415 2423
f 2415 2424 2423
f 2416 2424 2415
f 2416 2417 2424
f 2418 2285 2425
f 2282 2285 2418
f 2284 2420 2286
f 2287 2426 2425
f 2287 2425 2285
f 2427 2425 2426
f 2289 2420 2428
f 2289 2286 2420
f 2290 2426 2287
f 2290 2291 2426
f 2291 2427 2426
f 2291 2429 2427
f 2428 2292 2289
f 2293 2292 2428
f 2556 2293 2428
f 2430 2429 2291
f 2430 2291 2294
f 2431 2294 2295
f 2431 2430 2294
f 2295 2296 2431
f 2431 2296 2432
f 2556 2433 2293
f 2293 2433 2297
f 2297 2434 2298
f 2433 2434 2297
f 2299 2436 2435
f 2432 2299 2435
f 2296 2299 2432
f 2436 2437 2435
f 2434 2302 2298
f 2434 2438 2302
f 2304 2436 2299
f 2304 2305 2436
f 2305 2439 2436
f 2439 2437 2436
f 2305 2440 2439
f 2306 2440 2305
f 2441 2448 2300
f 2449 2441 2310
f 2441 2300 2310
f 2438 2564 2302
f 2564 2314 2302
f 2564 2316 2314
f 2442 2443 2317
f 2316 2442 2317
f 2564 2442 2316
f 2444 2440 2306
f 2574 2306 2318
f 2574 2444 2306
f 2445 2574 2318
f 2445 2318 2319
f 2446 2319 2320
f 2446 2445 2319
f 2446 2321 2453
f 2446 2320 2321
f 2328 2453 2321
f 2447 2322 2309
f 2448 2447 2309
f 2310 2311 2449
f 2311 2450 2449
f 2311 2323 2450
f 2443 2451 2317
f 2443 2581 2451
f 2454 2453 2328
f 2455 2328 2322
f 2455 2454 2328
f 2456 2322 2447
f 2455 2322 2456
f 2329 2450 2323
f 2329 2457 2450
f 2458 2333 2451
f 2451 2581 2458
f 2452 2459 2460
f 2461 2334 2335
f 2452 2461 2335
f 2459 2452 2335
f 2336 2457 2329
f 2336 2462 2457
f 2463 2333 2458
f 2463 2339 2333
f 2460 2459 2464
f 2460 2464 2465
f 2340 2464 2335
f 2335 2464 2459
f 2461 2466 2334
f 2334 2466 2341
f 2467 2341 2466
f 2597 2468 2212
f 2468 2469 2342
f 2336 2342 2462
f 2462 2342 2469
f 2470 2343 2338
f 2471 2470 2338
f 2339 2471 2338
f 2463 2471 2339
f 2465 2464 2344
f 2465 2344 2472
f 2340 2344 2464
f 2347 2597 2212
f 2347 2474 2597
f 2470 2348 2343
f 2349 2348 2470
f 2471 2349 2470
f 2475 2349 2471
f 2472 2344 2350
f 2476 2472 2350
f 2473 2477 2346
f 2346 2477 2351
f 2351 2479 2478
f 2477 2479 2351
f 2608 2478 2479
f 2480 2352 2486
f 2353 2352 2480
f 2347 2353 2474
f 2474 2353 2480
f 2475 2481 2349
f 2349 2481 2354
f 2354 2482 2355
f 2481 2482 2354
f 2355 2483 2356
f 2482 2483 2355
f 2350 2356 2476
f 2476 2356 2483
f 2608 2484 2357
f 2478 2608 2357
f 2485 2358 2363
f 2358 2486 2352
f 2358 2485 2486
f 2487 2359 2484
f 2487 2360 2359
f 2360 2488 2361
f 2487 2488 2360
f 2490 2489 2361
f 2488 2490 2361
f 2491 2489 2490
f 2492 2365 2491
f 2492 2362 2365
f 2493 2362 2492
f 2362 2493 2363
f 2485 2363 2493
f 2364 2489 2491
f 2364 2491 2365
f 2369 2494 2368
f 2370 2495 2369
f 2369 2495 2494
f 2371 2372 2370
f 2370 2372 2495
f 2496 2373 2368
f 2368 2373 2367
f 2497 2368 2494
f 2496 2368 2497
f 2498 2494 2495
f 2497 2494 2498
f 2499 2495 2372
f 2498 2495 2499
f 2374 2499 2372
f 2500 2376 2496
f 2496 2376 2373
f 2501 2496 2497
f 2500 2496 2501
f 2502 2497 2498
f 2501 2497 2502
f 2503 2498 2499
f 2502 2498 2503
f 2377 2503 2374
f 2374 2503 2499
f 2381 2500 2501
f 2381 2501 2504
f 2501 2502 2504
f 2504 2503 2383
f 2504 2502 2503
f 2383 2503 2377
f 2379 2505 2384
f 2385 2506 2379
f 2506 2505 2379
f 2387 2507 2385
f 2385 2507 2506
f 2508 2390 2504
f 2382 2509 2383
f 2509 2504 2383
f 2509 2508 2504
f 2391 2509 2382
f 2384 2510 2393
f 2384 2505 2510
f 2511 2505 2506
f 2510 2505 2511
f 2512 2506 2507
f 2511 2506 2512
f 2394 2513 2387
f 2513 2507 2387
f 2513 2512 2507
f 2395 2514 2394
f 2394 2514 2513
f 2390 2515 2397
f 2508 2515 2390
f 2508 2516 2515
f 2516 2509 2517
f 2508 2509 2516
f 2509 2391 2517
f 2391 2399 2517
f 2510 2518 2393
f 2519 2510 2511
f 2518 2510 2519
f 2529 2511 2512
f 2519 2511 2529
f 2530 2512 2513
f 2529 2512 2530
f 2520 2513 2514
f 2530 2513 2520
f 2401 2521 2395
f 2521 2514 2395
f 2521 2520 2514
f 2403 2397 2404
f 2397 2522 2404
f 2397 2515 2522
f 2523 2515 2516
f 2522 2515 2523
f 2516 2517 2524
f 2516 2524 2523
f 2411 2526 2525
f 2517 2411 2525
f 2399 2411 2517
f 2526 2527 2525
f 2409 2518 2519
f 2409 2519 2528
f 2519 2529 2528
f 2531 2520 2521
f 2530 2520 2531
f 2410 2531 2401
f 2401 2531 2521
f 2532 2419 2522
f 2522 2419 2404
f 2533 2522 2523
f 2532 2522 2533
f 2523 2524 2619
f 2523 2619 2533
f 2411 2412 2526
f 2412 2534 2526
f 2534 2527 2526
f 2528 2535 2417
f 2528 2529 2535
f 2536 2529 2530
f 2535 2529 2536
f 2537 2530 2531
f 2536 2530 2537
f 2418 2537 2410
f 2410 2537 2531
f 2419 2532 2420
f 2532 2538 2420
f 2532 2533 2538
f 2539 2533 2619
f 2538 2533 2539
f 2540 2534 2412
f 2540 2412 2421
f 2542 2540 2421
f 2542 2422 2541
f 2542 2421 2422
f 2422 2423 2541
f 2543 2424 2417
f 2535 2543 2417
f 2535 2544 2543
f 2545 2535 2536
f 2544 2535 2545
f 2545 2536 2537
f 2425 2546 2418
f 2546 2537 2418
f 2546 2545 2537
f 2538 2547 2420
f 2538 2539 2547
f 2539 2548 2547
f 2541 2423 2549
f 2550 2549 2424
f 2549 2423 2424
f 2551 2550 2424
f 2543 2551 2424
f 2551 2543 2544
f 2552 2545 2546
f 2552 2546 2631
f 2546 2425 2631
f 2425 2553 2631
f 2425 2427 2553
f 2547 2428 2420
f 2548 2554 2428
f 2547 2548 2428
f 2429 2553 2427
f 2429 2555 2553
f 2554 2556 2428
f 2554 2641 2556
f 2557 2555 2429
f 2557 2429 2430
f 2558 2557 2431
f 2557 2430 2431
f 2641 2559 2556
f 2559 2433 2556
f 2559 2434 2433
f 2434 2559 2560
f 2561 2558 2431
f 2561 2431 2432
f 2435 2561 2432
f 2562 2561 2435
f 2435 2437 2562
f 2562 2437 2563
f 2434 2560 2438
f 2565 2564 2438
f 2560 2565 2438
f 2566 2564 2565
f 2439 2563 2437
f 2439 2567 2563
f 2566 2442 2564
f 2569 2568 2443
f 2442 2569 2443
f 2566 2569 2442
f 2570 2568 2569
f 2572 2567 2439
f 2572 2439 2440
f 2573 2440 2444
f 2573 2572 2440
f 2667 2444 2574
f 2667 2573 2444
f 2575 2445 2446
f 2446 2453 2575
f 2575 2453 2576
f 2577 2448 2441
f 2578 2577 2441
f 2578 2441 2449
f 2579 2578 2449
f 2449 2450 2579
f 2579 2450 2580
f 2568 2581 2443
f 2582 2568 2570
f 2581 2568 2582
f 2570 2583 2452
f 2582 2570 2452
f 2583 2570 2571
f 2452 2583 2679
f 2584 2576 2453
f 2454 2584 2453
f 2454 2455 2585
f 2456 2586 2455
f 2455 2586 2585
f 2586 2456 2447
f 2674 2586 2447
f 2448 2674 2447
f 2674 2448 2577
f 2457 2580 2450
f 2457 2587 2580
f 2588 2458 2581
f 2589 2581 2582
f 2588 2581 2589
f 2460 2589 2452
f 2452 2589 2582
f 2679 2590 2452
f 2452 2590 2461
f 2585 2586 2591
f 2462 2587 2457
f 2462 2592 2587
f 2458 2588 2463
f 2588 2593 2463
f 2588 2594 2593
f 2595 2588 2589
f 2594 2588 2595
f 2465 2595 2460
f 2460 2595 2589
f 2590 2686 2461
f 2461 2686 2466
f 2467 2466 2686
f 2467 2686 2596
f 2468 2597 2603
f 2598 2468 2603
f 2469 2468 2598
f 2462 2469 2592
f 2592 2469 2598
f 2599 2471 2593
f 2593 2471 2463
f 2600 2593 2594
f 2599 2593 2600
f 2601 2594 2595
f 2600 2594 2601
f 2472 2601 2465
f 2465 2601 2595
f 2467 2596 2345
f 2345 2602 2473
f 2596 2602 2345
f 2604 2603 2597
f 2474 2604 2597
f 2605 2475 2599
f 2599 2475 2471
f 2606 2599 2600
f 2605 2599 2606
f 2607 2600 2601
f 2606 2600 2607
f 2476 2607 2472
f 2472 2607 2601
f 2602 2693 2473
f 2473 2693 2477
f 2479 2609 2608
f 2477 2609 2479
f 2610 2608 2609
f 2614 2698 2480
f 2614 2480 2486
f 2474 2480 2604
f 2604 2480 2698
f 2605 2481 2475
f 2481 2605 2482
f 2482 2605 2606
f 2482 2606 2483
f 2483 2606 2607
f 2483 2607 2476
f 2610 2484 2608
f 2611 2484 2610
f 2617 2613 2485
f 2485 2614 2486
f 2613 2614 2485
f 2484 2611 2487
f 2612 2488 2611
f 2488 2487 2611
f 2615 2488 2612
f 2615 2490 2488
f 2490 2616 2491
f 2615 2616 2490
f 2491 2616 2492
f 2492 2702 2493
f 2616 2702 2492
f 2702 2617 2493
f 2485 2493 2617
f 2618 2524 2517
f 2525 2527 2517
f 2527 2618 2517
f 2618 2619 2524
f 2620 2618 2527
f 2619 2618 2620
f 2534 2620 2527
f 2619 2621 2539
f 2619 2620 2621
f 2540 2622 2534
f 2622 2620 2534
f 2622 2621 2620
f 2542 2623 2540
f 2540 2623 2622
f 2624 2548 2621
f 2621 2548 2539
f 2625 2621 2622
f 2624 2621 2625
f 2626 2622 2623
f 2625 2622 2626
f 2541 2627 2542
f 2627 2623 2542
f 2627 2626 2623
f 2549 2628 2541
f 2541 2628 2627
f 2544 2629 2551
f 2545 2630 2544
f 2544 2630 2629
f 2545 2552 2630
f 2548 2624 2554
f 2624 2632 2554
f 2624 2625 2632
f 2633 2625 2626
f 2632 2625 2633
f 2634 2626 2627
f 2633 2626 2634
f 2635 2627 2628
f 2634 2627 2635
f 2550 2636 2549
f 2636 2628 2549
f 2636 2635 2628
f 2551 2636 2550
f 2551 2637 2636
f 2629 2705 2637
f 2551 2629 2637
f 2705 2629 2630
f 2630 2552 2638
f 2638 2552 2631
f 2638 2631 2639
f 2631 2553 2639
f 2553 2640 2639
f 2553 2555 2640
f 2632 2641 2554
f 2642 2632 2633
f 2641 2632 2642
f 2643 2633 2634
f 2642 2633 2643
f 2643 2635 2644
f 2634 2635 2643
f 2635 2645 2644
f 2636 2645 2635
f 2646 2636 2637
f 2645 2636 2646
f 2637 2647 2646
f 2555 2557 2648
f 2649 2555 2648
f 2640 2555 2649
f 2558 2648 2557
f 2559 2641 2560
f 2641 2650 2560
f 2641 2642 2650
f 2650 2643 2656
f 2642 2643 2650
f 2656 2643 2644
f 2644 2645 2651
f 2644 2651 2714
f 2652 2645 2646
f 2651 2645 2652
f 2646 2647 2652
f 2653 2649 2648
f 2653 2648 2558
f 2561 2653 2558
f 2654 2653 2561
f 2655 2654 2563
f 2654 2562 2563
f 2654 2561 2562
f 2656 2560 2650
f 2656 2565 2560
f 2658 2657 2566
f 2565 2658 2566
f 2656 2658 2565
f 2657 2658 2714
f 2651 2657 2714
f 2659 2657 2651
f 2660 2651 2652
f 2659 2651 2660
f 2652 2647 2661
f 2652 2661 2660
f 2655 2563 2662
f 2567 2662 2563
f 2566 2657 2569
f 2569 2657 2659
f 2569 2659 2570
f 2570 2659 2660
f 2571 2570 2660
f 2661 2571 2660
f 2663 2571 2661
f 2664 2662 2567
f 2572 2664 2567
f 2665 2572 2573
f 2666 2573 2667
f 2666 2665 2573
f 2668 2574 2445
f 2668 2667 2574
f 2575 2668 2445
f 2669 2577 2578
f 2579 2670 2578
f 2578 2670 2669
f 2580 2670 2579
f 2663 2671 2571
f 2571 2671 2583
f 2679 2583 2671
f 2679 2671 2672
f 2584 2454 2673
f 2585 2673 2454
f 2675 2674 2577
f 2676 2675 2577
f 2669 2676 2577
f 2678 2677 2676
f 2669 2678 2676
f 2670 2678 2669
f 2587 2678 2580
f 2580 2678 2670
f 2590 2679 2680
f 2681 2673 2585
f 2682 2585 2591
f 2682 2681 2585
f 2591 2586 2674
f 2683 2591 2674
f 2682 2591 2683
f 2683 2674 2675
f 2677 2678 2684
f 2677 2684 2685
f 2592 2684 2587
f 2587 2684 2678
f 2680 2686 2590
f 2685 2684 2598
f 2603 2685 2598
f 2687 2685 2603
f 2598 2684 2592
f 2686 2688 2596
f 2596 2689 2602
f 2688 2689 2596
f 2602 2689 2690
f 2692 2691 2603
f 2692 2603 2604
f 2687 2603 2691
f 2602 2690 2693
f 2477 2694 2609
f 2693 2694 2477
f 2610 2609 2694
f 2610 2694 2695
f 2698 2614 2696
f 2697 2698 2696
f 2604 2698 2692
f 2611 2695 2699
f 2611 2610 2695
f 2699 2612 2611
f 2700 2615 2612
f 2699 2700 2612
f 2701 2615 2700
f 2703 2702 2701
f 2703 2617 2702
f 2703 2613 2617
f 2704 2613 2703
f 2614 2704 2696
f 2614 2613 2704
f 2616 2615 2701
f 2616 2701 2702
f 2630 2706 2705
f 2638 2707 2630
f 2630 2707 2706
f 2707 2638 2708
f 2638 2639 2708
f 2639 2640 2708
f 2708 2640 2709
f 2710 2647 2705
f 2705 2647 2637
f 2706 2712 2711
f 2710 2706 2711
f 2705 2706 2710
f 2712 2706 2707
f 2649 2709 2640
f 2649 2713 2709
f 2644 2714 2656
f 2715 2647 2710
f 2710 2711 2716
f 2710 2716 2715
f 2717 2713 2649
f 2717 2649 2653
f 2718 2717 2655
f 2717 2654 2655
f 2717 2653 2654
f 2658 2656 2714
f 2715 2661 2647
f 2718 2655 2721
f 2662 2721 2655
f 2719 2663 2715
f 2715 2663 2661
f 2715 2716 2720
f 2715 2720 2719
f 2664 2721 2662
f 2722 2721 2664
f 2723 2664 2572
f 2723 2722 2664
f 2723 2665 2728
f 2723 2572 2665
f 2666 2729 2665
f 2665 2729 2728
f 2729 2666 2724
f 2666 2725 2724
f 2666 2667 2725
f 2668 2725 2667
f 2726 2668 2575
f 2575 2576 2726
f 2719 2671 2663
f 2672 2671 2719
f 2720 2672 2719
f 2727 2672 2720
f 2730 2726 2576
f 2730 2576 2584
f 2584 2673 2730
f 2676 2731 2675
f 2676 2677 2731
f 2731 2677 2732
f 2727 2733 2672
f 2672 2733 2679
f 2680 2679 2733
f 2680 2733 2777
f 2734 2730 2673
f 2735 2673 2681
f 2735 2734 2673
f 2772 2681 2682
f 2772 2735 2681
f 2736 2682 2683
f 2736 2772 2682
f 2683 2675 2731
f 2683 2731 2736
f 2685 2732 2677
f 2685 2737 2732
f 2680 2777 2686
f 2777 2738 2686
f 2687 2737 2685
f 2687 2739 2737
f 2738 2688 2686
f 2740 2688 2738
f 2740 2689 2688
f 2689 2741 2690
f 2740 2741 2689
f 2745 2743 2691
f 2745 2691 2692
f 2687 2691 2739
f 2739 2691 2743
f 2789 2690 2741
f 2789 2693 2690
f 2693 2744 2694
f 2789 2744 2693
f 2695 2694 2744
f 2695 2744 2790
f 2696 2742 2697
f 2748 2742 2696
f 2745 2697 2742
f 2745 2698 2697
f 2692 2698 2745
f 2695 2790 2699
f 2790 2792 2699
f 2699 2746 2700
f 2792 2746 2699
f 2700 2746 2701
f 2701 2746 2703
f 2746 2747 2703
f 2703 2748 2704
f 2747 2748 2703
f 2696 2704 2748
f 2708 2709 2749
f 2749 2709 2750
f 2751 2800 2712
f 2712 2800 2711
f 2752 2712 2707
f 2752 2751 2712
f 2707 2708 2749
f 2707 2749 2752
f 2713 2750 2709
f 2713 2753 2750
f 2800 2716 2711
f 2754 2716 2800
f 2755 2753 2713
f 2755 2713 2717
f 2757 2756 2718
f 2756 2717 2718
f 2756 2755 2717
f 2758 2716 2754
f 2721 2757 2718
f 2759 2757 2721
f 2758 2720 2716
f 2760 2759 2721
f 2722 2760 2721
f 2761 2722 2723
f 2761 2760 2722
f 2762 2723 2728
f 2762 2761 2723
f 2728 2763 2762
f 2764 2763 2725
f 2725 2763 2724
f 2765 2725 2668
f 2765 2764 2725
f 2766 2668 2726
f 2766 2765 2668
f 2766 2726 2768
f 2758 2727 2720
f 2767 2727 2758
f 2729 2763 2728
f 2729 2724 2763
f 2768 2726 2730
f 2734 2769 2730
f 2769 2768 2730
f 2734 2770 2769
f 2772 2771 2770
f 2772 2773 2771
f 2731 2774 2773
f 2731 2732 2774
f 2774 2732 2775
f 2767 2776 2727
f 2727 2776 2733
f 2733 2778 2777
f 2776 2778 2733
f 2734 2735 2770
f 2770 2735 2772
f 2772 2736 2773
f 2773 2736 2731
f 2737 2775 2732
f 2737 2779 2775
f 2778 2780 2777
f 2780 2738 2777
f 2738 2780 2781
f 2739 2779 2737
f 2739 2782 2779
f 2738 2781 2740
f 2740 2783 2741
f 2781 2783 2740
f 2783 2784 2741
f 2786 2742 2785
f 2787 2742 2786
f 2742 2787 2839
f 2839 2788 2743
f 2839 2743 2745
f 2739 2743 2782
f 2782 2743 2788
f 2784 2789 2741
f 2744 2791 2790
f 2789 2791 2744
f 2793 2792 2790
f 2793 2790 2791
f 2794 2746 2793
f 2796 2795 2794
f 2795 2796 2786
f 2785 2795 2786
f 2797 2795 2785
f 2748 2797 2742
f 2742 2797 2785
f 2742 2839 2745
f 2746 2792 2793
f 2746 2794 2795
f 2746 2795 2747
f 2747 2795 2748
f 2748 2795 2797
f 2749 2750 2798
f 2798 2750 2799
f 2800 2751 2854
f 2751 2801 2854
f 2751 2752 2801
f 2752 2749 2798
f 2752 2798 2801
f 2753 2755 2802
f 2799 2753 2802
f 2750 2753 2799
f 2755 2804 2802
f 2800 2854 2803
f 2800 2803 2754
f 2756 2804 2755
f 2805 2807 2757
f 2807 2756 2757
f 2807 2804 2756
f 2806 2758 2754
f 2754 2803 2806
f 2759 2805 2757
f 2805 2808 2807
f 2805 2759 2808
f 2808 2809 2807
f 2812 2758 2806
f 2806 2813 2812
f 2759 2760 2761
f 2759 2761 2808
f 2814 2809 2808
f 2761 2814 2808
f 2762 2814 2761
f 2815 2762 2763
f 2815 2814 2762
f 2764 2815 2763
f 2764 2816 2815
f 2816 2765 2810
f 2764 2765 2816
f 2810 2765 2766
f 2810 2766 2811
f 2768 2817 2766
f 2817 2811 2766
f 2768 2818 2817
f 2821 2820 2819
f 2821 2822 2820
f 2823 2767 2812
f 2812 2767 2758
f 2812 2813 2824
f 2825 2812 2824
f 2823 2812 2825
f 2768 2769 2818
f 2818 2769 2770
f 2818 2770 2819
f 2819 2770 2771
f 2819 2771 2821
f 2821 2771 2773
f 2821 2773 2822
f 2773 2774 2822
f 2774 2826 2822
f 2774 2775 2826
f 2823 2776 2767
f 2776 2823 2778
f 2778 2823 2825
f 2878 2827 2778
f 2825 2878 2778
f 2828 2827 2878
f 2826 2775 2830
f 2779 2830 2775
f 2827 2780 2778
f 2780 2827 2781
f 2827 2831 2781
f 2827 2828 2831
f 2832 2828 2829
f 2831 2828 2832
f 2829 2888 2832
f 2887 2834 2833
f 2834 2887 2830
f 2835 2834 2830
f 2782 2835 2779
f 2779 2835 2830
f 2781 2831 2783
f 2783 2831 2832
f 2888 2836 2832
f 2836 2783 2832
f 2836 2784 2783
f 2836 2837 2784
f 2844 2838 2786
f 2833 2787 2838
f 2787 2786 2838
f 2787 2833 2839
f 2833 2834 2839
f 2839 2835 2788
f 2839 2834 2835
f 2788 2835 2782
f 2837 2789 2784
f 2840 2789 2837
f 2840 2791 2789
f 2791 2841 2793
f 2840 2841 2791
f 2841 2842 2793
f 2842 2896 2793
f 2793 2896 2794
f 2896 2843 2794
f 2794 2844 2796
f 2843 2844 2794
f 2786 2796 2844
f 2848 2847 2845
f 2845 2847 2846
f 2850 2849 2848
f 2848 2849 2847
f 2852 2851 2850
f 2850 2851 2849
f 2852 2853 2851
f 2855 2854 2801
f 2855 2801 2798
f 2856 2855 2798
f 2856 2845 2846
f 2856 2802 2845
f 2856 2798 2799
f 2802 2856 2799
f 2845 2802 2804
f 2857 2845 2804
f 2848 2845 2857
f 2848 2858 2850
f 2848 2857 2858
f 2850 2859 2852
f 2850 2858 2859
f 2853 2852 2860
f 2860 2852 2859
f 2861 2803 2854
f 2861 2854 2855
f 2857 2804 2807
f 2857 2807 2858
f 2862 2858 2807
f 2859 2858 2862
f 2860 2859 2864
f 2859 2863 2864
f 2859 2862 2863
f 2861 2806 2803
f 2865 2806 2861
f 2862 2807 2809
f 2863 2862 2809
f 2864 2863 2866
f 2863 2867 2866
f 2863 2809 2867
f 2816 2868 2867
f 2867 2868 2866
f 2810 2868 2816
f 2810 2869 2868
f 2869 2810 2811
f 2870 2811 2817
f 2870 2869 2811
f 2817 2871 2870
f 2865 2813 2806
f 2873 2813 2865
f 2809 2814 2815
f 2809 2815 2867
f 2867 2815 2816
f 2817 2818 2871
f 2874 2872 2871
f 2818 2874 2871
f 2819 2874 2818
f 2876 2874 2875
f 2874 2820 2875
f 2874 2819 2820
f 2820 2822 2875
f 2873 2877 2813
f 2813 2877 2824
f 2879 2878 2825
f 2824 2879 2825
f 2877 2879 2824
f 2880 2878 2879
f 2876 2875 2882
f 2883 2875 2822
f 2882 2875 2883
f 2826 2883 2822
f 2828 2878 2880
f 2828 2880 2829
f 2829 2880 2881
f 2884 2885 2829
f 2931 2884 2829
f 2881 2931 2829
f 2882 2886 2936
f 2887 2882 2883
f 2886 2882 2887
f 2830 2887 2826
f 2826 2887 2883
f 2885 2888 2829
f 2885 2889 2888
f 2936 2891 2890
f 2891 2936 2886
f 2838 2891 2886
f 2833 2838 2886
f 2833 2886 2887
f 2889 2892 2888
f 2892 2836 2888
f 2892 2837 2836
f 2837 2892 2893
f 2902 2895 2894
f 2895 2896 2894
f 2898 2897 2896
f 2898 2896 2895
f 2900 2899 2897
f 2900 2897 2898
f 2899 2900 2890
f 2901 2899 2890
f 2844 2901 2838
f 2901 2891 2838
f 2901 2890 2891
f 2837 2893 2840
f 2840 2902 2841
f 2893 2902 2840
f 2894 2842 2902
f 2842 2841 2902
f 2842 2894 2896
f 2896 2897 2843
f 2843 2897 2899
f 2843 2899 2844
f 2844 2899 2901
f 2846 2847 2903
f 2904 2847 2849
f 2904 2903 2847
f 2905 2849 2851
f 2905 2904 2849
f 2851 2853 2905
f 2905 2853 2906
f 2907 2855 2856
f 2908 2907 2856
f 2908 2856 2846
f 2909 2908 2846
f 2909 2846 2903
f 2860 2906 2853
f 2860 2910 2906
f 2855 2907 2861
f 2907 2911 2861
f 2907 2912 2911
f 2907 2908 2912
f 2913 2860 2864
f 2910 2860 2913
f 2914 2865 2911
f 2911 2865 2861
f 2915 2911 2912
f 2914 2911 2915
f 2912 2958 2915
f 2916 2913 2864
f 2866 2916 2864
f 2917 2916 2866
f 2918 2866 2868
f 2918 2917 2866
f 2919 2868 2869
f 2919 2918 2868
f 2920 2919 2869
f 2921 2869 2870
f 2921 2920 2869
f 2922 2870 2871
f 2922 2921 2870
f 2871 2872 2922
f 2922 2872 2923
f 2924 2873 2914
f 2914 2873 2865
f 2925 2914 2915
f 2924 2914 2925
f 2926 2915 2958
f 2925 2915 2926
f 2928 2927 2926
f 2928 2926 2958
f 2929 2927 2928
f 2872 2874 2876
f 2930 2872 2876
f 2923 2872 2930
f 2924 2877 2873
f 2877 2924 2879
f 2879 2924 2925
f 2879 2925 2880
f 2880 2925 2926
f 2880 2926 2881
f 2881 2926 2927
f 2881 2927 2931
f 2927 2929 2931
f 2929 2970 2932
f 2929 2932 2931
f 2930 2876 2933
f 2930 2933 2935
f 2882 2933 2876
f 2885 2884 2931
f 2932 2885 2931
f 2980 2885 2932
f 2933 2934 2935
f 2936 2934 2933
f 2882 2936 2933
f 2938 2889 2937
f 2889 2980 2937
f 2889 2885 2980
f 2939 2940 2938
f 2939 2938 2937
f 2890 2944 2934
f 2890 2934 2936
f 2938 2892 2889
f 2892 2938 2893
f 2938 2945 2893
f 2938 2940 2945
f 2946 2940 2986
f 2945 2940 2946
f 2946 2986 2941
f 2902 2946 2941
f 2895 2902 2941
f 2942 2895 2941
f 2943 2898 2942
f 2898 2895 2942
f 2898 2943 2900
f 2900 2943 2944
f 2900 2944 2890
f 2893 2945 2902
f 2902 2945 2946
f 2904 2948 2903
f 2903 2948 2947
f 2905 2949 2904
f 2904 2949 2948
f 2906 2949 2905
f 2950 2908 2909
f 2903 2947 2909
f 2947 2950 2909
f 2947 2951 2950
f 2952 2947 2948
f 2951 2947 2952
f 2953 2948 2949
f 2952 2948 2953
f 2910 2953 2906
f 2906 2953 2949
f 2954 2912 2950
f 2950 2912 2908
f 2955 2950 2951
f 2954 2950 2955
f 2956 2951 2952
f 2955 2951 2956
f 2957 2952 2953
f 2956 2952 2957
f 2913 2957 2910
f 2910 2957 2953
f 2954 2958 2912
f 2959 2954 2955
f 2958 2954 2959
f 2960 2955 2956
f 2959 2955 2960
f 2961 2956 2957
f 2960 2956 2961
f 2916 2962 2913
f 2962 2957 2913
f 2962 2961 2957
f 2916 2963 2962
f 2916 2917 2963
f 2964 2917 2918
f 2964 2963 2917
f 2965 2918 2919
f 2965 2964 2918
f 2966 2919 2920
f 2966 2965 2919
f 2968 2966 2967
f 2966 2921 2967
f 2966 2920 2921
f 2922 2969 2921
f 2921 2969 2967
f 2923 2969 2922
f 2928 2958 2959
f 2928 2959 2929
f 2929 2959 2960
f 2929 2960 2970
f 2960 2961 2970
f 2962 2993 2970
f 2961 2962 2970
f 2968 2967 2971
f 2968 2971 2972
f 2973 2967 2969
f 2971 2967 2973
f 2930 2973 2923
f 2923 2973 2969
f 2974 2932 2970
f 2978 2977 2975
f 2978 2975 2976
f 2977 2978 2972
f 2971 2977 2972
f 2979 2977 2971
f 2935 2971 2973
f 2979 2971 2935
f 2930 2935 2973
f 2974 2980 2932
f 2974 3002 2980
f 2982 2981 2975
f 2983 2975 2977
f 2982 2975 2983
f 2984 2977 2979
f 2983 2977 2984
f 2934 2984 2935
f 2984 2979 2935
f 3002 2985 2980
f 2985 2937 2980
f 2985 2939 2937
f 2987 2986 2940
f 2939 2987 2940
f 2985 2987 2939
f 2986 2987 2981
f 2986 2981 2982
f 2941 2986 2982
f 2941 2982 2942
f 2942 2983 2943
f 2942 2982 2983
f 2943 2983 2944
f 2944 2983 2984
f 2944 2984 2934
f 2988 2962 2963
f 2988 2963 2989
f 2963 2990 2989
f 2963 2964 2990
f 2991 2964 2965
f 2991 2990 2964
f 2992 2991 2968
f 2991 2966 2968
f 2991 2965 2966
f 2962 2988 2993
f 2988 2994 2993
f 2988 2989 2995
f 2988 2995 2994
f 2992 2968 2972
f 2992 2972 2996
f 2997 2974 2993
f 2993 2974 2970
f 2998 2993 2994
f 2997 2993 2998
f 2994 2995 2999
f 3000 2994 2999
f 2998 2994 3000
f 2976 2975 3000
f 2999 2976 3000
f 3001 2976 2999
f 2972 2978 2996
f 2978 3001 2996
f 2978 2976 3001
f 2997 3002 2974
f 2981 2997 2998
f 3002 2997 2981
f 2981 2998 3000
f 2981 3000 2975
f 2985 3002 2987
f 2987 3002 2981
f 3003 2989 2990
f 2991 2992 2990
f 2990 2992 3003
f 3004 2995 3003
f 3003 2995 2989
f 2996 3003 2992
f 3004 3003 2996
f 3004 2999 2995
f 2999 3004 3001
f 3001 3004 2996
