v -1.0 -32.0 53.0
v -0.7 -32.9 54.4
v -1.1 -32.0 53.1
v -1.0 -31.7 54.0
v -1.1 -32.0 55.9
v -0.1 -40.0 76.0
v -0.2 -39.0 76.0
v -0.3 -38.0 75.0
v 0.3 -39.0 75.0
v 0.7 -38.1 77.3
v -0.4 -37.4 76.0
v -0.3 -37.0 75.0
v -0.2 -36.0 76.0
v 0.1 -37.0 76.5
v -0.0 -35.0 76.0
v -0.1 -34.2 53.0
v -0.3 -34.0 54.0
v -0.1 -34.2 55.0
v -0.1 -34.2 58.0
v -0.2 -34.2 59.0
v -0.1 -34.0 63.0
v -0.1 -34.0 67.0
v -0.1 -33.0 51.9
v 0.0 -33.0 51.8
v -0.6 -33.0 53.0
v -0.3 -33.3 56.0
v -0.3 -33.2 57.0
v -0.4 -33.0 58.9
v -0.0 -34.0 60.1
v -0.2 -33.0 62.0
v 0.4 -33.6 61.4
v -0.2 -33.0 63.0
v -0.0 -32.0 52.0
v -0.4 -32.0 57.1
v -0.4 -32.0 59.0
v 0.2 -32.0 60.0
v -0.3 -32.0 62.0
v -0.1 -33.0 67.0
v 0.0 -32.0 52.0
v 0.0 -31.5 53.0
v -0.4 -31.0 54.0
v -0.0 -31.0 53.6
v 0.0 -31.4 56.0
v 0.0 -31.5 57.0
v -0.0 -30.8 58.3
v -0.3 -31.0 59.0
v -0.2 -31.0 61.0
v -0.1 -31.0 62.1
v 0.1 -31.0 54.9
v -0.2 -30.9 60.1
v -0.3 -29.2 54.0
v 0.0 -29.0 53.7
v -0.4 -29.0 55.0
v -0.2 -29.0 56.0
v -0.1 -29.0 67.0
v -0.2 -29.0 68.0
v -0.0 -28.0 54.0
v 0.1 -28.0 55.0
v -0.3 -28.0 56.1
v -0.2 -27.0 56.0
v -0.1 -27.0 57.0
v -0.1 -28.0 68.0
v -0.1 -26.0 54.0
v -0.2 -25.0 54.0
v -0.3 -25.0 56.0
v -0.3 -25.0 55.0
v -0.1 -24.0 56.0
v -0.1 -25.0 57.0
v -0.1 -23.0 67.0
v -0.1 -23.0 68.0
v 0.3 -23.0 69.0
v -0.1 -22.0 69.0
v -0.1 -22.0 70.0
v -0.2 -20.0 64.0
v 0.0 -20.4 65.0
v -0.3 -20.0 65.0
v -0.1 -18.9 64.0
v -0.1 -18.9 65.2
v 0.0 -19.0 65.7
v 0.0 -20.0 66.0
v 1.0 -43.2 68.0
v 1.0 -43.0 75.0
v 1.0 -42.1 68.0
v 1.0 -43.0 69.0
v 0.7 -42.0 75.0
v 0.7 -41.0 68.0
v 1.0 -41.0 67.0
v 1.0 -41.0 68.4
v 0.7 -41.0 76.0
v 1.1 -41.0 76.4
v 1.0 -40.0 67.1
v 0.7 -40.0 74.0
v 0.5 -40.2 74.9
v 0.8 -40.0 68.0
v 0.9 -40.0 77.2
v 1.0 -38.0 66.0
v 0.9 -38.1 67.1
v 0.7 -38.0 73.0
v 1.3 -39.0 73.0
v 0.5 -38.3 74.0
v 0.8 -37.0 65.0
v 1.0 -37.0 63.1
v 0.6 -37.2 66.7
v 1.1 -37.0 68.0
v 0.7 -37.0 69.2
v 0.6 -37.0 72.0
v 0.4 -36.9 74.0
v 0.4 -36.0 66.0
v 0.5 -36.2 71.3
v 1.2 -35.9 76.9
v 1.0 -36.1 62.0
v 0.5 -35.4 62.9
v 0.5 -34.8 64.5
v 0.4 -35.5 65.0
v 0.0 -35.0 66.0
v 0.3 -35.0 67.0
v 0.6 -35.9 68.0
v 1.0 -34.0 52.5
v 1.7 -34.4 52.9
v 0.1 -34.4 54.0
v 1.0 -34.4 55.0
v 1.0 -34.4 58.0
v 0.4 -34.0 61.0
v 0.5 -34.1 68.3
v 0.5 -34.6 74.9
v 0.4 -34.0 76.0
v 1.2 -34.8 77.0
v 0.8 -34.0 77.2
v 1.0 -33.0 51.9
v 1.0 -33.8 56.0
v 0.3 -33.0 60.0
v 0.4 -33.5 64.2
v 0.4 -33.7 65.8
v 0.4 -33.0 68.0
v 0.0 -32.0 52.0
v 1.0 -32.1 53.1
v 0.3 -32.0 61.0
v 0.4 -32.0 67.0
v 1.1 -32.0 76.8
v 0.8 -33.1 77.1
v 1.0 -31.0 53.5
v 0.7 -30.9 56.7
v 1.0 -31.0 57.0
v 1.0 -31.0 58.0
v 0.3 -31.9 62.9
v 0.5 -31.0 64.0
v 0.5 -31.6 65.5
v 0.6 -31.9 76.1
v 1.0 -31.0 57.0
v 1.0 -30.6 59.0
v 1.2 -30.2 62.0
v 0.7 -30.0 63.0
v 0.6 -28.9 65.6
v 0.4 -30.2 67.6
v 0.5 -31.1 68.0
v 1.0 -28.9 53.5
v 0.7 -29.0 57.2
v 0.7 -29.0 64.0
v 0.4 -29.0 69.0
v 0.9 -27.9 58.1
v 1.3 -28.0 65.0
v 0.7 -27.9 66.4
v 0.4 -28.0 69.0
v 0.5 -28.0 70.3
v 0.6 -27.8 76.0
v 0.5 -27.0 54.0
v 1.0 -27.0 53.6
v 0.2 -26.0 55.9
v 0.8 -27.0 58.2
v 1.3 -27.0 67.0
v 0.5 -27.0 69.4
v 0.9 -26.2 52.7
v 0.3 -26.0 55.0
v 0.3 -26.0 57.0
v 0.8 -26.1 58.2
v 0.7 -27.0 68.0
v 1.3 -26.0 69.0
v 0.6 -27.0 72.0
v 0.5 -27.1 75.0
v 0.8 -27.0 76.0
v 0.8 -25.0 51.0
v 1.0 -25.2 50.9
v 0.4 -25.1 52.9
v 1.0 -25.3 58.0
v 0.8 -25.1 64.0
v 0.7 -25.1 65.0
v 0.7 -25.0 66.0
v 0.7 -25.9 70.0
v 0.7 -26.0 71.0
v 0.9 -25.0 73.0
v 0.9 -25.0 75.0
v 0.5 -24.0 51.2
v 0.4 -24.0 54.0
v 0.3 -24.0 55.0
v 0.3 -24.0 57.0
v 1.0 -24.8 58.0
v 0.6 -24.0 58.2
v 1.0 -24.4 59.0
v 0.6 -24.0 61.8
v 1.0 -24.4 61.3
v 1.0 -24.6 63.0
v 0.2 -24.0 63.0
v 0.5 -24.0 64.4
v 0.5 -24.0 67.0
v 1.4 -25.0 68.3
v 0.5 -23.9 68.1
v 0.8 -24.1 69.9
v 0.8 -25.0 74.0
v 0.6 -23.1 49.2
v 1.0 -23.4 49.0
v 0.6 -23.0 51.1
v 0.6 -23.0 53.1
v 0.5 -22.9 56.0
v 0.5 -22.8 58.0
v 0.5 -22.9 62.9
v 0.5 -22.8 64.1
v 0.4 -23.0 66.0
v 0.5 -23.0 70.3
v 1.3 -24.0 71.0
v 0.8 -23.0 72.0
v 0.9 -21.9 48.9
v 0.6 -22.0 50.0
v 1.0 -22.0 50.6
v 0.5 -21.5 54.5
v 0.5 -21.8 63.0
v 0.5 -21.9 66.9
v 0.3 -22.0 68.0
v 0.4 -22.0 71.0
v 0.7 -22.0 72.0
v 0.9 -20.8 54.0
v 0.6 -21.0 58.9
v 0.4 -21.0 64.0
v 0.4 -21.0 65.0
v 0.6 -21.0 66.8
v 0.5 -21.0 68.9
v 0.7 -21.0 71.0
v 1.2 -21.0 72.0
v 1.0 -20.0 55.0
v 1.3 -20.0 59.0
v 0.5 -21.1 60.0
v 0.6 -20.0 61.1
v 1.2 -20.0 60.0
v 0.4 -20.0 63.0
v 1.0 -20.0 65.7
v 1.0 -20.4 66.0
v 1.0 -20.5 67.0
v 0.5 -21.0 69.9
v 1.0 -19.6 56.0
v 0.6 -19.9 56.3
v 0.7 -20.0 58.0
v 0.6 -18.9 61.0
v 0.5 -19.0 63.0
v 0.3 -19.0 65.0
v 1.0 -19.4 65.0
v 1.0 -18.0 61.0
v 1.0 -18.0 63.0
v 1.0 -18.7 64.0
v 1.1 -43.0 68.0
v 2.0 -43.0 68.8
v 2.0 -43.5 69.0
v 2.1 -43.2 69.1
v 1.8 -43.1 72.1
v 2.0 -43.4 73.9
v 2.0 -43.5 75.0
v 1.9 -43.1 76.1
v 1.4 -42.0 69.0
v 2.0 -42.0 68.4
v 2.0 -42.5 70.0
v 2.0 -42.5 71.0
v 1.6 -42.0 71.0
v 1.5 -42.0 73.0
v 1.5 -43.0 74.0
v 1.8 -42.1 76.3
v 2.0 -40.9 67.5
v 2.0 -41.6 68.0
v 1.4 -41.0 69.0
v 1.3 -41.0 74.0
v 1.4 -40.0 69.0
v 1.5 -41.9 69.9
v 1.4 -40.0 72.9
v 3.0 -40.0 77.5
v 2.0 -39.0 67.5
v 1.5 -39.0 71.6
v 2.0 -39.0 77.6
v 2.0 -38.4 67.0
v 1.5 -38.9 67.9
v 1.4 -38.0 69.0
v 1.3 -38.0 71.9
v 2.0 -38.0 78.2
v 1.0 -37.3 65.0
v 2.0 -37.6 66.0
v 1.9 -35.9 63.2
v 2.0 -36.4 64.0
v 2.0 -36.7 65.0
v 1.6 -37.0 78.0
v 2.0 -36.7 78.4
v 1.0 -35.1 61.0
v 2.0 -35.4 61.9
v 1.8 -34.9 78.2
v 2.0 -34.0 52.2
v 1.8 -34.5 54.3
v 2.0 -34.4 56.0
v 2.0 -34.4 57.0
v 1.0 -33.7 57.0
v 2.0 -34.4 58.9
v 2.0 -34.4 60.0
v 1.1 -34.6 60.0
v 2.0 -34.0 78.1
v 2.0 -33.0 52.5
v 2.0 -33.0 77.6
v 2.0 -32.1 53.3
v 2.1 -32.0 77.6
v 1.0 -31.0 58.0
v 2.4 -30.9 77.9
v 1.4 -30.0 58.0
v 2.0 -30.3 60.0
v 2.0 -29.0 58.6
v 1.2 -29.0 63.0
v 2.4 -29.0 78.0
v 2.2 -28.1 58.8
v 1.2 -28.0 63.0
v 2.0 -28.0 62.5
v 1.3 -28.0 64.0
v 1.7 -27.0 64.0
v 1.4 -27.0 65.9
v 1.0 -26.0 52.0
v 2.0 -25.7 52.0
v 2.0 -26.4 53.0
v 2.0 -27.0 59.0
v 2.0 -26.0 58.6
v 1.5 -26.0 65.0
v 1.4 -26.0 66.0
v 1.4 -25.9 67.9
v 1.3 -26.0 72.0
v 1.3 -26.0 73.0
v 1.2 -26.0 75.0
v 1.4 -26.0 76.0
v 2.1 -27.0 77.0
v 2.1 -24.9 63.0
v 1.3 -25.0 67.0
v 1.3 -25.0 70.0
v 1.4 -25.0 71.0
v 1.4 -25.0 72.0
v 1.4 -25.0 76.0
v 1.0 -24.1 49.9
v 2.2 -25.0 58.9
v 2.3 -24.8 60.0
v 2.0 -24.6 61.0
v 2.0 -25.0 62.0
v 1.4 -24.0 72.0
v 1.4 -24.0 73.0
v 1.4 -24.1 75.1
v 1.6 -25.7 77.0
v 2.4 -25.9 77.9
v 1.0 -23.0 48.1
v 2.0 -23.0 47.8
v 2.0 -23.4 49.0
v 2.5 -23.8 50.2
v 1.4 -23.1 73.1
v 1.3 -22.1 51.0
v 1.4 -22.0 52.0
v 1.2 -22.0 53.0
v 1.3 -22.0 73.0
v 1.5 -22.1 75.5
v 2.0 -21.5 49.0
v 1.0 -21.0 50.0
v 2.0 -21.4 51.0
v 2.0 -20.8 52.0
v 1.6 -21.0 53.0
v 1.0 -21.0 73.0
v 1.5 -21.1 74.2
v 1.7 -21.0 75.0
v 2.0 -21.0 76.0
v 1.7 -21.4 77.0
v 2.0 -20.9 50.0
v 1.9 -20.6 53.1
v 2.3 -20.2 55.2
v 2.0 -20.1 66.0
v 2.0 -19.7 67.1
v 1.5 -20.0 71.0
v 1.5 -20.0 73.0
v 1.9 -19.9 76.1
v 1.9 -19.9 77.0
v 1.6 -19.0 58.2
v 1.5 -19.0 60.0
v 2.0 -19.1 63.0
v 2.0 -19.4 63.9
v 2.0 -19.6 65.0
v 2.0 -19.0 72.0
v 2.0 -19.5 73.0
v 1.8 -19.9 74.0
v 2.0 -18.6 57.2
v 2.0 -18.6 60.0
v 1.0 -17.8 62.0
v 3.0 -43.2 71.0
v 3.0 -43.5 72.2
v 3.0 -43.4 74.2
v 3.0 -43.2 76.2
v 3.0 -42.0 68.5
v 3.0 -42.5 69.0
v 3.0 -42.6 70.0
v 3.0 -42.0 76.6
v 3.0 -41.0 67.6
v 3.1 -41.0 76.8
v 3.0 -39.0 67.6
v 3.0 -37.8 67.3
v 3.0 -39.0 77.8
v 3.0 -38.0 78.4
v 3.0 -35.7 64.0
v 3.0 -36.5 65.0
v 3.0 -34.7 62.0
v 3.0 -35.4 63.0
v 3.0 -35.0 78.4
v 3.1 -34.1 52.8
v 3.0 -34.4 55.0
v 3.0 -34.3 58.0
v 3.0 -33.9 60.0
v 3.0 -34.4 61.0
v 3.0 -34.0 77.9
v 3.0 -32.9 52.8
v 3.0 -33.9 59.0
v 3.0 -32.0 53.3
v 3.0 -33.0 77.8
v 3.0 -31.0 53.5
v 3.1 -29.3 53.5
v 2.2 -30.1 59.1
v 2.3 -30.0 60.0
v 2.1 -30.2 60.9
v 2.5 -29.1 60.5
v 2.2 -29.0 62.1
v 2.9 -30.0 79.0
v 2.5 -28.0 53.6
v 2.4 -29.0 59.0
v 2.4 -28.0 61.9
v 2.0 -27.0 54.0
v 3.0 -27.0 53.9
v 2.5 -27.0 60.0
v 2.6 -27.0 62.0
v 2.2 -27.1 63.0
v 2.5 -28.0 78.0
v 2.9 -26.2 52.7
v 2.9 -26.0 59.0
v 2.7 -26.9 61.0
v 3.3 -26.0 62.0
v 2.5 -26.0 63.0
v 2.1 -26.0 64.0
v 1.9 -25.2 50.9
v 3.0 -25.5 52.0
v 3.2 -26.0 60.0
v 3.0 -24.3 50.7
v 3.1 -24.9 61.0
v 2.0 -22.1 77.5
v 2.4 -23.0 48.0
v 2.9 -23.0 49.1
v 3.0 -24.0 78.5
v 3.0 -22.6 49.0
v 2.0 -22.0 48.6
v 2.8 -21.4 50.0
v 3.0 -21.5 51.0
v 3.0 -22.0 78.3
v 3.4 -20.9 77.8
v 3.0 -20.6 54.0
v 2.2 -20.1 75.0
v 2.9 -19.8 77.1
v 3.2 -19.5 56.0
v 3.3 -18.7 63.0
v 3.2 -19.4 64.1
v 3.0 -19.6 66.0
v 2.0 -19.6 70.7
v 3.0 -18.8 72.0
v 3.0 -19.4 73.0
v 3.0 -19.6 75.0
v 3.0 -19.6 76.0
v 3.0 -18.4 59.0
v 3.0 -18.4 60.0
v 2.3 -18.5 60.8
v 4.2 -43.2 71.9
v 4.1 -43.3 73.0
v 4.0 -42.9 76.0
v 4.0 -43.1 77.0
v 4.2 -42.3 70.1
v 4.0 -42.7 74.1
v 3.5 -42.0 77.0
v 4.0 -42.0 77.5
v 4.0 -41.0 68.0
v 3.9 -41.0 78.2
v 3.1 -40.0 67.6
v 4.0 -40.0 68.4
v 3.7 -40.0 78.2
v 3.8 -37.9 68.2
v 3.0 -37.3 66.0
v 3.8 -36.8 67.1
v 3.9 -36.9 68.1
v 4.0 -38.9 78.6
v 4.0 -36.6 66.0
v 4.0 -35.4 62.9
v 3.2 -34.0 53.1
v 3.5 -34.0 56.0
v 4.0 -33.7 58.0
v 4.0 -34.3 59.0
v 4.0 -34.3 60.0
v 4.0 -34.1 61.0
v 4.0 -34.6 62.0
v 4.0 -34.1 78.6
v 3.3 -33.0 53.0
v 3.6 -33.0 54.0
v 3.9 -32.9 55.0
v 4.1 -33.5 56.0
v 4.2 -33.0 78.9
v 3.9 -32.1 52.9
v 4.0 -32.6 54.0
v 4.5 -32.0 80.0
v 4.0 -31.0 79.7
v 3.9 -30.0 80.2
v 4.0 -29.5 53.4
v 3.4 -28.3 78.9
v 3.9 -29.0 80.2
v 3.9 -27.1 52.7
v 4.0 -27.9 79.4
v 3.8 -26.0 61.0
v 3.9 -25.9 79.4
v 3.0 -25.0 62.0
v 4.1 -24.9 79.5
v 4.0 -24.0 50.5
v 4.1 -23.0 49.6
v 4.0 -24.0 79.3
v 4.0 -22.0 48.8
v 4.0 -22.1 51.0
v 4.0 -21.6 50.0
v 3.0 -20.7 52.1
v 4.0 -21.2 54.0
v 4.0 -20.5 55.0
v 4.0 -20.1 76.9
v 4.1 -20.9 78.3
v 2.0 -18.9 56.0
v 4.1 -19.5 67.7
v 3.1 -19.5 69.1
v 3.3 -19.3 70.7
v 4.9 -18.8 70.1
v 4.0 -18.5 58.0
v 4.0 -17.8 59.0
v 4.0 -17.9 60.0
v 2.1 -18.5 62.1
v 4.0 -18.8 72.0
v 4.0 -43.0 71.0
v 4.1 -42.1 68.9
v 4.2 -42.0 71.0
v 5.0 -42.4 72.0
v 4.9 -42.5 75.1
v 5.2 -42.5 77.1
v 5.0 -42.2 78.2
v 4.7 -40.0 69.1
v 4.7 -41.0 70.0
v 5.2 -40.8 70.6
v 5.3 -41.0 78.9
v 5.4 -39.9 79.8
v 5.1 -39.0 68.8
v 4.5 -38.9 79.0
v 4.8 -37.9 80.2
v 4.7 -36.9 80.4
v 5.0 -36.4 66.5
v 5.0 -36.5 68.0
v 4.4 -36.9 79.0
v 4.9 -35.9 81.2
v 5.0 -35.3 62.2
v 5.0 -35.6 64.1
v 5.0 -35.0 81.3
v 5.0 -34.4 60.0
v 5.0 -34.5 61.0
v 4.4 -34.1 79.0
v 4.7 -35.0 81.0
v 5.0 -33.6 58.0
v 4.6 -33.0 80.0
v 4.9 -34.0 81.1
v 5.0 -32.0 51.9
v 5.0 -32.4 53.0
v 5.0 -32.4 54.0
v 5.0 -32.5 55.0
v 5.1 -32.9 80.4
v 4.0 -31.0 53.3
v 5.0 -31.0 52.4
v 5.0 -30.8 80.5
v 4.8 -29.0 51.9
v 4.5 -30.0 53.0
v 5.0 -29.0 80.4
v 5.0 -27.6 51.7
v 4.2 -28.1 53.2
v 5.0 -28.0 79.8
v 4.5 -27.0 52.0
v 4.0 -26.0 52.3
v 5.1 -26.2 51.4
v 5.1 -26.0 80.3
v 4.0 -24.9 51.2
v 5.2 -25.2 50.7
v 5.0 -25.0 80.2
v 5.0 -23.0 49.4
v 5.0 -23.9 50.2
v 5.0 -23.0 79.5
v 5.0 -22.0 48.8
v 5.0 -22.4 49.0
v 5.0 -22.3 51.0
v 4.0 -23.0 78.7
v 3.6 -21.8 49.0
v 5.0 -21.8 50.0
v 4.0 -21.5 52.0
v 5.0 -20.9 79.2
v 5.0 -19.7 56.0
v 4.0 -19.3 57.0
v 4.8 -19.4 64.0
v 5.1 -19.6 66.0
v 5.0 -19.6 67.8
v 5.0 -19.4 69.0
v 5.0 -19.3 72.0
v 4.0 -19.4 73.0
v 3.3 -19.5 74.1
v 4.0 -19.6 76.0
v 5.0 -19.7 77.0
v 5.1 -17.8 59.0
v 5.1 -18.8 61.0
v 4.0 -18.4 61.1
v 5.3 -41.9 71.9
v 6.1 -42.3 72.8
v 6.7 -42.4 78.1
v 6.0 -42.0 78.5
v 6.0 -41.5 79.0
v 5.7 -41.0 80.0
v 6.0 -41.1 80.6
v 5.9 -41.0 72.2
v 6.0 -40.0 80.5
v 5.9 -39.1 70.3
v 5.8 -39.0 80.4
v 5.8 -37.9 69.3
v 5.0 -37.0 68.5
v 6.0 -37.0 69.2
v 6.1 -38.0 80.8
v 6.9 -37.9 81.4
v 5.0 -36.2 65.0
v 6.0 -35.8 68.0
v 6.0 -35.3 62.9
v 5.9 -35.6 64.9
v 6.1 -35.5 66.1
v 6.1 -35.1 81.7
v 5.0 -34.2 59.0
v 6.0 -33.8 60.0
v 6.0 -34.0 81.5
v 5.2 -33.2 56.0
v 7.9 -33.3 58.9
v 6.0 -33.6 59.0
v 6.1 -33.0 80.8
v 6.1 -32.1 51.9
v 5.8 -31.8 54.0
v 6.1 -32.2 52.9
v 5.6 -31.9 55.0
v 5.9 -31.9 56.1
v 6.0 -31.0 51.7
v 5.3 -30.0 52.1
v 6.0 -30.0 51.5
v 6.1 -31.7 80.6
v 6.0 -29.0 51.1
v 5.9 -29.0 71.0
v 5.8 -29.0 72.1
v 6.0 -28.0 51.4
v 6.0 -28.0 72.8
v 6.0 -28.0 80.4
v 5.9 -27.9 72.1
v 5.0 -27.0 79.7
v 6.0 -27.0 80.4
v 6.0 -24.9 50.4
v 6.0 -25.0 80.0
v 6.0 -24.0 80.2
v 5.6 -23.1 49.0
v 6.0 -23.0 79.7
v 6.0 -22.0 48.0
v 6.0 -22.0 49.4
v 5.4 -22.0 50.0
v 6.0 -22.4 51.0
v 6.0 -21.8 49.0
v 5.0 -21.3 54.2
v 6.0 -21.3 55.0
v 6.0 -21.0 79.5
v 6.0 -20.4 56.0
v 6.0 -20.3 66.0
v 5.9 -20.2 68.0
v 6.0 -20.2 78.0
v 6.0 -19.5 57.1
v 6.0 -19.2 69.0
v 6.0 -19.3 70.0
v 5.0 -18.8 71.0
v 6.0 -19.4 71.0
v 6.4 -19.5 72.3
v 6.0 -19.6 76.9
v 6.0 -19.2 61.0
v 7.0 -42.0 73.0
v 5.1 -42.5 73.0
v 6.9 -41.0 73.1
v 7.0 -41.6 79.0
v 6.9 -41.1 80.3
v 7.0 -40.0 80.6
v 7.1 -39.1 70.8
v 7.0 -39.0 81.2
v 7.0 -37.9 70.3
v 7.0 -35.7 68.3
v 6.3 -34.7 62.3
v 7.0 -35.3 64.0
v 7.0 -35.3 65.0
v 7.0 -34.9 66.0
v 7.4 -35.3 67.4
v 6.9 -35.0 82.2
v 7.0 -34.2 61.0
v 6.3 -34.4 61.2
v 6.8 -33.9 82.3
v 7.0 -33.6 60.0
v 7.0 -33.0 82.2
v 6.3 -31.0 52.0
v 6.6 -30.9 53.9
v 6.9 -30.6 54.8
v 7.0 -30.9 56.0
v 6.6 -32.0 81.0
v 7.0 -30.0 51.4
v 6.9 -30.0 53.0
v 6.9 -30.2 71.0
v 6.9 -30.2 72.1
v 7.0 -31.0 80.7
v 7.0 -29.0 51.4
v 6.8 -29.1 69.9
v 7.0 -28.0 51.3
v 6.5 -28.0 71.0
v 7.0 -28.0 73.1
v 7.0 -29.1 80.6
v 7.1 -27.1 50.7
v 6.8 -27.9 70.0
v 7.0 -27.6 71.0
v 7.4 -27.6 72.1
v 7.0 -26.0 80.6
v 7.0 -25.0 50.3
v 7.0 -23.6 49.0
v 7.0 -24.5 80.6
v 7.0 -23.1 47.9
v 7.0 -23.0 80.5
v 6.3 -22.0 48.0
v 7.0 -22.0 48.0
v 7.0 -22.4 49.0
v 7.0 -22.0 48.1
v 6.0 -22.4 50.0
v 6.0 -21.8 52.0
v 7.0 -22.4 52.0
v 7.0 -22.3 53.0
v 7.4 -22.0 80.9
v 6.2 -21.6 53.3
v 7.4 -21.4 55.3
v 7.0 -20.7 56.0
v 7.0 -21.1 67.0
v 6.8 -21.0 80.2
v 6.4 -20.0 57.0
v 7.0 -20.4 57.0
v 6.5 -20.0 58.0
v 6.3 -20.0 59.0
v 6.9 -20.4 66.0
v 6.2 -20.5 66.9
v 6.8 -20.2 69.0
v 6.0 -20.5 78.9
v 6.4 -19.0 59.0
v 7.0 -19.6 60.0
v 6.3 -19.0 60.0
v 6.0 -19.6 65.0
v 6.9 -19.6 70.0
v 7.0 -19.6 72.0
v 7.6 -19.5 76.6
v 7.0 -19.6 78.0
v 7.1 -19.7 79.1
v 6.0 -18.0 59.0
v 6.0 -18.6 62.0
v 6.8 -18.6 63.0
v 7.6 -42.5 74.6
v 8.0 -42.5 76.8
v 7.6 -41.0 73.9
v 7.1 -40.2 72.0
v 7.4 -40.0 73.0
v 8.1 -41.2 79.1
v 8.1 -39.0 72.0
v 7.8 -38.9 73.0
v 7.7 -38.9 74.1
v 8.0 -39.0 81.3
v 8.0 -38.0 70.6
v 8.4 -38.0 71.0
v 8.1 -38.0 74.0
v 7.7 -38.0 75.0
v 7.9 -38.0 76.0
v 8.0 -38.0 81.6
v 7.0 -37.0 69.5
v 8.0 -37.5 70.0
v 7.9 -37.0 73.0
v 7.7 -37.0 74.0
v 7.8 -37.0 75.0
v 8.1 -35.8 69.2
v 8.0 -37.0 81.7
v 8.0 -36.0 82.4
v 8.0 -34.7 67.0
v 8.0 -35.0 82.9
v 8.0 -33.6 61.0
v 8.0 -33.9 62.0
v 8.0 -34.4 63.0
v 8.0 -34.6 64.0
v 8.1 -34.5 65.0
v 8.0 -34.4 66.0
v 8.0 -34.0 82.7
v 6.1 -33.1 56.8
v 8.0 -33.4 60.0
v 7.5 -32.0 57.0
v 8.0 -31.1 56.0
v 7.7 -31.0 72.0
v 8.0 -30.6 71.0
v 8.0 -31.0 73.0
v 7.2 -30.0 52.0
v 8.0 -30.3 54.9
v 7.9 -30.2 73.2
v 8.0 -30.9 81.5
v 8.9 -28.6 53.1
v 7.6 -29.0 52.0
v 7.1 -30.3 53.9
v 8.0 -29.7 70.0
v 7.0 -29.0 72.7
v 8.0 -28.9 73.3
v 8.0 -29.0 81.3
v 7.8 -28.0 67.9
v 7.4 -28.0 69.0
v 8.0 -28.0 72.5
v 8.0 -25.9 50.3
v 7.7 -27.0 69.0
v 8.0 -27.5 71.0
v 7.9 -26.9 67.9
v 8.0 -26.7 69.0
v 7.6 -25.9 81.0
v 8.0 -26.2 81.2
v 8.0 -24.0 48.6
v 7.5 -24.0 81.0
v 8.0 -24.8 82.0
v 8.0 -24.1 82.1
v 8.0 -23.0 48.0
v 7.9 -23.0 81.0
v 8.0 -22.9 48.1
v 8.2 -22.6 49.2
v 8.0 -22.6 51.2
v 8.0 -22.6 53.0
v 7.9 -22.3 54.1
v 7.8 -22.1 82.2
v 8.0 -21.6 55.0
v 8.1 -21.4 67.0
v 8.0 -21.4 68.0
v 7.5 -21.0 81.0
v 7.9 -21.0 82.1
v 8.0 -20.6 58.0
v 7.1 -20.4 59.1
v 8.0 -20.2 60.1
v 8.0 -20.5 66.0
v 8.0 -20.5 70.0
v 8.0 -20.3 72.0
v 8.0 -20.3 80.9
v 7.9 -19.4 60.9
v 8.0 -18.6 62.0
v 7.9 -19.4 64.0
v 8.1 -19.7 65.0
v 8.0 -19.7 73.1
v 8.8 -19.5 79.8
v 8.0 -18.7 63.0
v 9.0 -42.0 74.9
v 9.0 -42.3 76.0
v 8.1 -42.2 78.0
v 9.1 -42.1 77.0
v 8.5 -40.8 75.0
v 8.7 -41.0 78.0
v 8.9 -40.0 76.2
v 8.2 -39.9 80.3
v 9.3 -40.0 79.0
v 8.3 -39.0 75.0
v 8.5 -39.0 76.0
v 9.0 -39.0 76.5
v 8.5 -39.0 81.0
v 8.4 -38.0 72.6
v 8.8 -38.0 76.9
v 8.9 -38.9 80.0
v 9.0 -38.7 82.0
v 9.0 -38.0 82.3
v 9.1 -37.1 69.9
v 9.2 -37.1 71.0
v 8.5 -37.0 72.0
v 8.3 -37.0 76.0
v 9.0 -37.0 82.5
v 9.0 -36.0 69.5
v 8.4 -36.1 73.1
v 8.4 -36.0 75.0
v 8.9 -36.1 77.1
v 9.0 -36.0 82.5
v 9.0 -34.7 68.0
v 9.0 -35.5 69.0
v 8.8 -34.0 72.0
v 9.0 -36.0 71.5
v 8.6 -34.1 72.9
v 8.6 -35.0 75.0
v 8.7 -35.0 76.0
v 9.0 -35.0 82.7
v 9.2 -34.2 63.0
v 9.1 -34.2 63.9
v 9.0 -33.7 66.0
v 9.0 -34.4 67.0
v 8.8 -33.9 73.9
v 9.0 -34.0 83.0
v 8.9 -32.7 60.0
v 9.1 -33.3 61.1
v 9.0 -33.6 65.0
v 9.0 -33.5 73.0
v 9.0 -33.0 82.7
v 9.1 -32.3 59.0
v 8.9 -32.0 72.0
v 9.0 -30.8 57.1
v 9.1 -31.5 71.0
v 9.0 -30.0 55.4
v 9.0 -30.5 56.0
v 7.7 -29.1 69.1
v 9.0 -30.0 73.4
v 9.0 -28.8 54.0
v 9.3 -29.1 67.2
v 9.0 -28.9 73.2
v 9.0 -29.0 80.9
v 8.0 -28.0 51.0
v 8.9 -27.9 52.2
v 9.0 -28.0 66.7
v 9.0 -27.9 72.0
v 9.0 -27.7 80.6
v 8.6 -27.0 51.0
v 8.0 -26.9 70.0
v 9.0 -26.7 69.0
v 9.0 -27.5 70.0
v 9.0 -28.0 71.0
v 9.0 -27.0 66.9
v 9.0 -26.7 68.0
v 8.9 -26.0 80.7
v 9.0 -25.0 48.9
v 9.0 -25.0 80.9
v 9.0 -24.0 81.7
v 9.1 -23.0 49.0
v 9.0 -23.9 51.0
v 8.4 -23.0 50.6
v 9.0 -23.6 52.0
v 9.0 -23.5 53.0
v 9.0 -23.2 54.1
v 8.0 -23.0 82.1
v 9.0 -23.0 81.9
v 9.0 -21.8 54.9
v 9.0 -22.0 82.4
v 8.0 -20.7 57.0
v 9.0 -21.4 57.0
v 9.0 -21.2 58.0
v 9.0 -21.4 67.0
v 9.0 -21.3 68.0
v 8.0 -21.1 69.0
v 8.9 -20.9 82.2
v 9.0 -20.6 59.0
v 9.0 -20.7 66.1
v 9.0 -20.6 71.0
v 9.0 -20.4 73.0
v 9.0 -20.3 75.9
v 9.0 -19.8 81.1
v 9.0 -18.8 60.9
v 9.1 -18.7 62.0
v 9.3 -42.0 76.0
v 9.3 -41.1 75.9
v 9.4 -41.0 77.0
v 9.5 -40.0 77.0
v 9.5 -40.0 78.0
v 10.2 -39.0 76.9
v 10.4 -39.0 78.0
v 9.0 -38.0 77.1
v 10.0 -38.0 76.7
v 9.8 -38.8 79.1
v 9.9 -38.5 80.4
v 10.4 -38.4 82.0
v 10.2 -38.0 82.5
v 8.9 -37.1 77.2
v 10.0 -37.0 76.7
v 9.5 -36.0 70.0
v 9.5 -36.0 71.0
v 10.0 -36.0 77.3
v 10.0 -37.0 83.1
v 10.0 -36.0 82.6
v 10.2 -35.1 69.0
v 10.2 -35.1 70.0
v 10.0 -35.0 71.0
v 9.5 -35.0 77.0
v 10.0 -35.0 77.4
v 10.2 -34.9 82.5
v 9.0 -34.1 62.0
v 10.0 -34.6 68.0
v 10.0 -34.0 70.0
v 9.7 -34.0 70.9
v 9.2 -34.2 75.0
v 9.8 -33.7 76.1
v 9.9 -33.9 77.1
v 10.0 -34.0 82.7
v 9.6 -33.0 62.8
v 9.9 -32.8 65.0
v 10.0 -33.5 66.0
v 9.6 -33.0 73.0
v 10.4 -33.1 74.1
v 10.0 -33.6 75.0
v 10.0 -33.0 83.2
v 10.3 -32.1 60.7
v 10.0 -32.5 64.0
v 10.1 -33.0 72.0
v 10.9 -32.0 71.3
v 10.0 -32.0 73.2
v 10.0 -32.0 83.3
v 10.3 -31.1 58.9
v 9.9 -31.4 70.0
v 9.0 -31.0 72.9
v 10.0 -31.0 73.3
v 9.1 -32.0 82.6
v 10.0 -31.0 82.7
v 10.0 -30.6 57.9
v 9.9 -30.1 66.9
v 9.4 -30.0 68.0
v 10.0 -30.6 67.9
v 10.0 -30.0 73.4
v 10.0 -30.1 82.4
v 9.9 -28.7 55.1
v 10.0 -29.2 72.8
v 9.0 -30.0 81.6
v 10.0 -28.2 52.9
v 9.7 -28.0 64.0
v 9.6 -28.0 65.0
v 9.5 -28.0 66.0
v 10.0 -28.4 72.0
v 10.0 -28.0 80.8
v 9.7 -27.0 63.0
v 9.5 -27.0 64.0
v 9.6 -27.0 65.0
v 10.0 -27.3 67.0
v 9.9 -26.9 66.1
v 10.0 -27.3 68.0
v 10.0 -27.4 69.0
v 10.0 -28.0 70.0
v 9.0 -26.1 50.0
v 9.8 -25.9 51.3
v 10.0 -27.0 52.3
v 9.8 -25.9 63.0
v 9.9 -25.9 64.0
v 10.0 -26.6 65.0
v 10.0 -26.2 80.6
v 9.9 -25.0 50.0
v 9.8 -25.0 51.1
v 10.0 -25.0 81.3
v 9.2 -24.0 48.8
v 9.6 -24.0 50.0
v 9.7 -24.0 51.0
v 9.7 -24.1 52.0
v 10.0 -24.1 53.0
v 10.0 -24.0 82.1
v 10.0 -23.4 54.2
v 10.0 -23.0 82.3
v 9.2 -21.7 56.0
v 10.0 -22.0 82.4
v 10.0 -21.3 58.0
v 10.0 -21.4 66.0
v 10.0 -21.4 67.0
v 10.0 -21.0 68.0
v 9.0 -20.8 69.1
v 9.8 -21.3 69.0
v 10.0 -21.3 71.0
v 10.0 -21.0 81.7
v 10.0 -20.4 59.2
v 8.9 -20.2 60.1
v 9.6 -20.3 64.5
v 10.2 -20.8 65.0
v 10.0 -20.5 76.8
v 10.0 -19.0 61.0
v 9.8 -19.4 62.4
v 10.0 -19.7 63.0
v 10.8 -19.6 80.0
v 10.0 -19.8 81.1
v 10.4 -38.0 77.0
v 11.0 -37.6 77.0
v 11.0 -38.3 78.0
v 11.0 -38.5 79.2
v 11.0 -37.0 76.6
v 11.0 -37.0 83.2
v 11.0 -36.0 76.7
v 11.0 -35.4 77.0
v 11.0 -34.3 67.0
v 11.2 -34.3 68.1
v 11.0 -34.3 69.0
v 11.2 -34.0 69.1
v 11.0 -33.9 77.2
v 11.0 -33.5 66.0
v 11.0 -32.6 70.0
v 11.0 -33.0 69.7
v 10.5 -33.0 71.0
v 11.0 -32.9 76.0
v 11.0 -32.9 82.7
v 10.2 -32.1 60.0
v 10.5 -32.0 63.9
v 11.0 -32.0 64.5
v 11.0 -32.6 65.0
v 11.0 -32.3 71.0
v 11.0 -32.0 83.7
v 10.5 -30.9 60.3
v 10.6 -31.0 64.0
v 11.0 -31.0 64.5
v 10.0 -31.3 69.0
v 10.9 -31.6 69.0
v 11.0 -31.7 71.0
v 10.8 -31.0 72.9
v 11.0 -31.0 83.4
v 10.1 -30.1 55.9
v 10.4 -30.0 57.8
v 10.5 -30.1 59.8
v 10.6 -30.1 62.7
v 10.6 -30.4 63.6
v 11.0 -30.5 65.0
v 10.6 -30.0 65.0
v 10.7 -30.2 66.0
v 10.4 -29.0 56.0
v 10.6 -29.0 62.0
v 10.9 -29.0 63.0
v 10.4 -29.0 64.1
v 10.2 -29.0 66.0
v 11.0 -29.0 82.4
v 11.0 -30.0 83.1
v 10.5 -28.1 55.1
v 10.6 -28.0 57.0
v 10.6 -28.0 59.0
v 10.5 -28.0 59.9
v 10.4 -28.0 63.0
v 10.0 -28.0 71.0
v 11.0 -28.5 71.0
v 11.2 -27.1 52.7
v 11.1 -28.1 54.0
v 10.9 -27.0 56.0
v 11.4 -27.0 57.9
v 11.1 -27.3 59.0
v 10.4 -27.0 62.0
v 11.0 -27.4 67.0
v 11.0 -27.1 68.0
v 11.0 -26.8 81.3
v 11.0 -28.0 82.0
v 10.5 -26.0 62.0
v 11.0 -26.0 64.5
v 11.0 -26.5 65.0
v 11.0 -26.0 81.2
v 10.8 -26.0 61.0
v 11.0 -25.4 62.2
v 11.0 -25.5 64.0
v 11.0 -25.0 81.0
v 11.0 -24.6 52.0
v 11.0 -24.0 81.5
v 11.0 -23.5 55.0
v 10.8 -23.0 65.0
v 10.8 -23.0 66.0
v 11.0 -23.0 81.7
v 10.4 -21.8 57.1
v 10.6 -22.0 65.0
v 10.5 -22.0 66.0
v 10.6 -21.0 64.0
v 10.9 -21.5 68.2
v 11.0 -21.5 71.9
v 10.0 -20.7 72.2
v 11.0 -21.4 73.1
v 11.0 -21.3 75.9
v 11.0 -21.1 77.0
v 11.1 -22.0 82.0
v 11.0 -20.6 59.0
v 10.7 -20.0 61.1
v 8.1 -19.6 76.2
v 11.0 -20.4 78.0
v 11.0 -20.0 80.5
v 11.0 -19.7 79.0
v 12.0 -37.8 79.0
v 12.2 -38.4 80.0
v 12.8 -38.5 81.0
v 12.0 -38.0 82.4
v 12.0 -37.0 76.6
v 12.0 -37.4 77.0
v 12.0 -37.6 78.0
v 12.0 -37.0 83.1
v 12.1 -35.9 82.6
v 11.9 -35.0 76.0
v 11.1 -35.0 77.2
v 12.0 -33.5 67.0
v 12.2 -33.2 65.8
v 12.3 -33.0 68.0
v 11.5 -33.0 69.0
v 11.2 -33.1 75.0
v 11.7 -33.7 82.5
v 11.6 -32.0 69.0
v 12.0 -32.2 70.0
v 12.0 -32.0 69.6
v 12.0 -32.2 71.0
v 11.0 -32.0 73.0
v 11.9 -32.2 73.8
v 12.0 -32.6 75.0
v 11.9 -32.0 82.7
v 12.0 -31.3 67.0
v 12.8 -31.8 67.0
v 12.0 -31.6 70.0
v 11.6 -31.0 71.0
v 12.0 -31.0 70.4
v 12.0 -31.3 72.0
v 11.6 -31.0 72.0
v 11.9 -30.9 73.0
v 11.9 -30.0 70.7
v 11.5 -30.0 72.0
v 11.1 -30.0 73.1
v 12.1 -31.0 83.1
v 12.0 -30.0 82.6
v 11.5 -29.0 71.0
v 12.0 -29.0 70.4
v 11.1 -28.9 72.1
v 12.0 -29.0 81.7
v 11.0 -27.8 70.0
v 12.0 -28.0 81.5
v 12.0 -27.0 53.0
v 11.4 -27.2 54.5
v 11.3 -27.0 57.0
v 11.0 -27.2 66.0
v 12.0 -26.9 66.3
v 12.0 -27.4 67.0
v 12.0 -27.5 68.0
v 12.0 -27.0 81.3
v 11.2 -26.0 51.8
v 11.6 -26.0 54.0
v 11.4 -26.0 56.0
v 11.6 -26.0 57.0
v 12.2 -26.0 58.0
v 11.2 -25.0 51.8
v 11.5 -25.0 53.0
v 11.5 -25.1 55.6
v 12.0 -25.0 57.0
v 11.8 -25.0 58.0
v 11.6 -25.0 61.0
v 11.3 -25.0 62.5
v 11.5 -25.0 64.0
v 12.0 -26.0 80.8
v 12.2 -25.0 81.4
v 11.0 -23.9 53.1
v 11.3 -24.0 54.0
v 11.4 -23.8 56.1
v 11.5 -24.0 58.0
v 11.6 -24.0 62.0
v 11.5 -23.9 63.4
v 11.5 -24.0 65.0
v 11.5 -24.0 66.0
v 11.7 -24.1 67.3
v 12.0 -24.0 68.0
v 11.2 -22.4 57.4
v 11.6 -23.0 61.0
v 12.1 -24.0 61.0
v 11.4 -23.0 64.0
v 11.5 -23.0 67.0
v 12.0 -23.7 81.5
v 11.4 -22.0 58.0
v 11.5 -23.7 57.2
v 11.6 -22.9 59.9
v 11.5 -22.0 62.9
v 11.3 -22.0 64.0
v 11.2 -21.9 67.0
v 11.5 -22.0 68.0
v 12.0 -22.4 70.4
v 12.0 -22.0 81.5
v 11.0 -21.0 58.0
v 11.4 -20.9 59.3
v 11.4 -21.0 61.1
v 11.2 -20.9 63.0
v 12.2 -21.5 74.4
v 12.8 -21.4 75.2
v 11.9 -20.6 77.2
v 12.0 -21.1 80.8
v 11.0 -20.0 60.0
v 12.9 -38.2 82.1
v 13.1 -37.6 79.0
v 13.0 -37.0 82.6
v 12.1 -36.0 76.3
v 12.9 -36.4 76.0
v 12.7 -35.0 74.9
v 12.6 -34.0 75.0
v 12.1 -34.0 76.2
v 12.0 -33.0 65.0
v 12.5 -33.0 67.0
v 12.9 -34.0 74.0
v 13.0 -33.0 75.0
v 12.1 -32.9 76.1
v 12.2 -32.0 64.8
v 13.0 -32.0 67.0
v 12.3 -32.0 68.0
v 12.3 -32.0 71.0
v 13.1 -32.4 82.5
v 12.1 -30.9 64.9
v 13.1 -32.0 66.0
v 12.2 -30.8 66.0
v 12.7 -31.0 70.0
v 13.0 -31.4 71.0
v 13.1 -31.0 72.3
v 13.0 -31.0 73.3
v 13.0 -31.0 82.2
v 13.0 -30.0 69.0
v 13.0 -30.1 71.1
v 13.0 -30.0 71.1
v 14.0 -30.7 73.0
v 12.9 -29.2 68.0
v 13.0 -29.6 70.0
v 12.4 -29.0 70.0
v 13.0 -30.0 82.4
v 13.0 -29.0 81.7
v 12.5 -28.0 68.0
v 12.2 -27.8 69.0
v 13.0 -28.0 80.9
v 13.0 -27.0 66.6
v 13.0 -27.0 80.7
v 12.1 -26.0 53.0
v 12.1 -26.0 64.9
v 12.5 -26.0 66.0
v 13.0 -26.0 66.5
v 12.3 -24.1 60.0
v 12.3 -25.9 59.1
v 12.2 -25.0 64.8
v 12.4 -25.0 66.0
v 13.0 -26.0 80.7
v 13.0 -24.5 68.0
v 12.1 -23.0 68.0
v 12.2 -22.7 68.9
v 13.9 -23.9 81.4
v 13.6 -22.6 70.8
v 12.1 -22.4 72.0
v 13.0 -22.3 73.0
v 13.0 -22.0 81.2
v 12.5 -21.7 73.5
v 13.0 -20.7 76.0
v 13.0 -20.5 77.5
v 12.1 -20.4 79.1
v 12.0 -19.9 80.0
v 13.0 -20.7 80.0
v 14.0 -37.7 79.0
v 14.0 -38.4 80.0
v 14.0 -38.3 81.0
v 13.1 -37.0 76.5
v 14.9 -37.4 77.0
v 14.1 -37.5 82.0
v 14.1 -37.0 82.4
v 14.0 -36.0 73.2
v 13.9 -36.2 74.9
v 14.0 -36.6 76.0
v 13.4 -34.8 73.8
v 14.0 -35.0 72.2
v 13.6 -34.0 73.0
v 14.9 -35.0 82.5
v 13.7 -33.0 73.0
v 13.4 -33.0 74.0
v 13.0 -32.0 70.0
v 13.0 -32.0 74.2
v 14.0 -32.0 73.4
v 14.1 -32.0 82.6
v 13.0 -31.0 69.3
v 13.2 -31.0 71.0
v 14.0 -31.0 83.1
v 13.7 -30.0 72.0
v 14.0 -29.9 72.2
v 14.1 -29.3 68.0
v 14.0 -29.0 69.0
v 13.8 -29.4 70.1
v 14.0 -30.0 83.2
v 13.1 -27.8 67.1
v 14.0 -28.0 66.6
v 14.0 -28.1 81.5
v 14.0 -27.0 66.4
v 14.0 -27.0 81.3
v 14.0 -26.0 66.4
v 14.0 -26.0 80.7
v 13.0 -25.1 67.1
v 14.0 -25.1 81.2
v 14.1 -24.8 66.8
v 14.0 -24.4 68.1
v 13.0 -24.0 69.0
v 14.0 -23.7 69.0
v 14.0 -23.3 70.0
v 12.9 -22.8 69.8
v 14.3 -22.4 73.1
v 14.0 -22.9 81.2
v 14.0 -21.4 75.0
v 14.0 -20.6 76.2
v 14.0 -20.6 78.0
v 15.0 -38.1 79.0
v 15.0 -38.2 80.0
v 15.0 -37.0 76.6
v 15.0 -37.6 78.0
v 15.0 -37.7 81.0
v 14.4 -36.0 75.0
v 15.0 -36.0 82.5
v 14.4 -35.0 73.0
v 14.8 -34.9 74.0
v 15.0 -34.0 71.0
v 14.1 -34.0 72.4
v 15.0 -34.5 72.0
v 15.0 -33.0 71.6
v 14.0 -31.0 73.2
v 15.0 -31.0 82.6
v 14.0 -29.0 67.0
v 15.0 -29.1 69.0
v 15.0 -29.5 70.0
v 15.0 -30.0 83.0
v 15.0 -28.2 81.6
v 15.1 -28.2 66.9
v 15.4 -28.0 68.0
v 14.9 -28.0 69.1
v 15.0 -26.0 65.0
v 14.5 -26.0 66.0
v 15.0 -27.0 81.3
v 15.0 -26.0 80.6
v 15.0 -25.0 80.6
v 15.0 -24.6 67.0
v 15.0 -24.1 80.6
v 15.0 -23.4 70.0
v 15.0 -22.7 71.0
v 15.1 -22.3 74.1
v 15.0 -21.3 76.0
v 15.0 -21.3 78.0
v 14.0 -20.7 79.0
v 15.0 -21.7 79.2
v 16.0 -37.0 76.9
v 16.0 -37.5 78.0
v 16.0 -37.6 79.0
v 16.0 -37.5 80.0
v 16.1 -37.1 82.1
v 15.2 -36.1 75.9
v 16.0 -36.5 77.0
v 16.0 -36.0 77.0
v 16.2 -36.0 82.2
v 15.9 -34.7 75.0
v 16.0 -35.5 76.0
v 16.0 -34.3 72.0
v 16.4 -34.3 74.1
v 16.0 -35.0 81.9
v 16.0 -34.0 82.4
v 16.0 -33.0 82.5
v 16.0 -32.0 70.8
v 15.3 -32.0 72.1
v 16.0 -32.0 82.3
v 15.8 -31.4 71.0
v 16.0 -30.9 70.0
v 15.2 -30.9 72.2
v 15.9 -31.0 81.8
v 15.7 -30.0 70.0
v 15.1 -29.9 72.1
v 15.4 -29.1 82.0
v 15.9 -29.1 81.6
v 16.0 -29.0 69.0
v 15.2 -28.0 70.0
v 16.0 -28.4 70.0
v 16.0 -28.0 70.2
v 15.0 -27.1 65.9
v 15.7 -27.0 67.0
v 16.0 -27.7 70.0
v 16.0 -26.2 64.8
v 15.9 -26.7 80.5
v 15.9 -24.9 64.8
v 15.2 -25.1 66.2
v 16.0 -24.5 66.0
v 16.0 -24.3 67.0
v 15.0 -24.3 68.0
v 15.0 -23.0 80.4
v 16.1 -23.7 68.0
v 15.0 -23.6 69.0
v 16.0 -23.3 71.0
v 16.0 -23.0 79.6
v 15.9 -22.6 72.0
v 16.0 -22.6 73.0
v 16.0 -22.6 74.0
v 14.1 -21.7 74.0
v 16.0 -22.1 78.9
v 15.0 -20.9 77.0
v 16.0 -21.4 77.0
v 16.0 -21.6 78.0
v 17.2 -37.1 77.9
v 17.2 -37.2 78.9
v 16.5 -37.0 81.0
v 17.3 -36.0 77.9
v 17.0 -36.7 80.0
v 17.0 -36.5 81.0
v 17.0 -36.0 81.5
v 17.0 -35.1 76.0
v 16.9 -34.9 77.0
v 16.1 -34.0 71.8
v 17.1 -34.1 82.1
v 16.0 -33.0 70.9
v 16.6 -33.0 72.0
v 16.9 -32.8 73.0
v 17.0 -33.6 74.0
v 16.3 -31.9 70.9
v 17.0 -32.0 71.4
v 17.0 -32.5 72.0
v 17.0 -32.0 81.6
v 16.1 -30.0 69.8
v 16.7 -29.9 71.2
v 17.0 -30.0 81.5
v 16.4 -29.0 70.0
v 17.0 -29.0 81.0
v 16.0 -28.0 81.3
v 17.1 -28.1 80.7
v 16.1 -27.2 68.0
v 16.8 -26.9 70.0
v 17.3 -26.8 70.3
v 17.0 -27.0 80.1
v 16.0 -26.5 66.0
v 17.0 -26.1 65.0
v 16.5 -26.0 67.0
v 16.9 -25.8 69.0
v 17.2 -26.1 80.3
v 16.7 -25.0 64.0
v 17.0 -25.3 64.0
v 17.0 -25.7 66.0
v 17.0 -25.6 67.4
v 17.1 -25.0 80.2
v 17.0 -24.7 64.0
v 17.0 -24.0 79.6
v 17.0 -23.6 67.1
v 17.0 -23.4 70.8
v 17.0 -23.1 73.0
v 17.0 -23.2 74.0
v 17.0 -23.0 79.4
v 17.0 -22.7 75.0
v 17.0 -22.2 76.1
v 16.8 -21.6 76.9
v 17.8 -21.6 78.0
v 17.1 -21.9 79.1
v 18.3 -36.1 80.0
v 18.1 -36.1 81.1
v 17.4 -35.0 78.0
v 17.9 -35.0 79.1
v 17.0 -34.4 75.0
v 18.1 -33.9 75.6
v 18.1 -34.1 76.0
v 17.8 -33.9 78.0
v 17.7 -34.0 81.0
v 18.0 -32.7 73.0
v 18.0 -33.4 74.0
v 17.8 -33.9 77.0
v 17.1 -33.1 82.2
v 18.0 -32.0 71.0
v 19.0 -32.4 72.0
v 17.9 -33.0 80.0
v 17.9 -32.0 80.9
v 18.0 -31.0 71.4
v 18.0 -31.0 81.4
v 18.0 -30.0 71.5
v 18.0 -30.0 82.0
v 18.0 -30.0 82.0
v 18.0 -30.0 82.0
v 17.0 -28.9 71.0
v 18.0 -29.0 70.9
v 18.0 -29.0 82.0
v 18.0 -29.0 82.0
v 17.1 -27.7 70.4
v 18.0 -28.0 81.2
v 18.0 -29.0 82.0
v 18.0 -27.0 80.4
v 17.0 -25.0 63.1
v 18.0 -25.0 62.7
v 18.0 -25.1 62.8
v 18.2 -25.3 64.0
v 18.0 -25.5 65.0
v 17.9 -25.5 68.8
v 18.0 -25.9 70.1
v 17.9 -25.0 78.8
v 18.0 -24.8 63.0
v 18.0 -24.0 63.7
v 17.0 -24.3 65.0
v 17.9 -24.1 78.7
v 18.0 -23.8 64.0
v 17.9 -23.6 65.1
v 17.0 -23.7 66.0
v 18.0 -23.4 68.0
v 18.0 -22.7 71.0
v 18.0 -23.3 74.0
v 18.0 -23.2 75.2
v 17.9 -23.0 78.7
v 17.0 -22.7 72.0
v 18.8 -22.6 73.7
v 18.0 -22.4 76.1
v 18.0 -21.6 77.0
v 18.0 -22.0 79.0
v 18.1 -36.0 79.0
v 18.4 -35.0 80.0
v 18.2 -35.1 81.1
v 18.3 -34.0 79.0
v 18.3 -34.0 80.0
v 19.0 -33.4 74.0
v 19.0 -33.3 75.0
v 19.0 -32.9 76.0
v 18.7 -33.0 78.0
v 18.5 -32.9 79.0
v 19.0 -32.0 71.1
v 19.0 -32.4 80.0
v 19.0 -32.0 80.8
v 19.0 -31.0 71.6
v 19.0 -31.0 80.8
v 19.0 -30.0 71.9
v 19.0 -30.0 81.0
v 18.0 -30.0 82.0
v 19.0 -29.0 71.4
v 19.0 -29.0 81.4
v 18.0 -29.0 82.0
v 19.0 -28.1 70.7
v 18.0 -27.8 81.0
v 19.1 -28.1 80.7
v 19.0 -27.0 70.4
v 19.0 -27.0 80.3
v 19.0 -26.1 69.9
v 19.1 -25.4 65.0
v 19.1 -25.5 66.0
v 19.0 -25.6 69.0
v 19.0 -25.1 78.5
v 19.0 -24.4 64.0
v 19.0 -24.0 63.7
v 19.0 -24.0 78.3
v 19.0 -23.4 66.0
v 19.0 -22.7 68.0
v 18.0 -23.3 70.0
v 19.1 -23.1 75.0
v 19.0 -23.0 75.5
v 19.0 -22.5 69.1
v 19.0 -22.5 70.0
v 19.0 -22.3 72.5
v 19.0 -21.9 75.9
v 19.0 -23.0 77.8
v 19.1 -22.0 78.1
v 19.0 -33.1 72.9
v 20.0 -33.0 74.0
v 19.0 -33.2 77.0
v 19.3 -32.0 72.0
v 19.6 -32.0 73.2
v 20.0 -32.7 75.0
v 20.0 -32.4 77.0
v 19.4 -32.0 80.0
v 19.4 -31.0 72.0
v 19.9 -31.0 73.7
v 20.0 -31.6 78.0
v 20.5 -31.0 79.0
v 20.0 -31.0 81.0
v 20.0 -30.0 71.7
v 20.0 -30.5 73.0
v 20.1 -30.2 81.2
v 20.0 -29.0 71.9
v 20.0 -28.0 71.4
v 20.1 -28.9 81.1
v 20.0 -27.0 70.7
v 20.0 -27.8 80.3
v 20.0 -25.9 70.1
v 20.0 -25.1 77.8
v 19.2 -25.0 64.5
v 20.0 -25.6 69.0
v 20.0 -24.0 63.0
v 20.0 -24.0 77.6
v 19.0 -23.8 64.0
v 20.0 -23.4 65.0
v 20.0 -22.7 66.0
v 19.0 -23.3 67.0
v 20.0 -22.5 67.0
v 20.0 -21.7 69.0
v 20.0 -21.6 70.3
v 19.5 -22.0 74.0
v 19.5 -22.0 75.0
v 20.0 -22.0 77.4
v 20.0 -21.6 75.0
v 20.0 -21.5 76.0
v 20.0 -21.6 77.0
v 20.4 -32.0 74.0
v 21.1 -32.2 75.0
v 21.1 -32.2 76.0
v 21.0 -31.0 74.0
v 21.0 -31.6 77.0
v 20.4 -31.0 80.0
v 20.6 -29.9 73.1
v 20.9 -30.0 74.1
v 21.0 -30.5 79.0
v 20.9 -30.0 79.7
v 21.0 -29.0 79.9
v 21.0 -27.0 71.3
v 21.0 -26.1 69.0
v 21.0 -25.9 70.0
v 21.0 -26.6 71.0
v 21.1 -26.9 79.4
v 21.0 -25.4 65.0
v 20.9 -25.5 67.9
v 20.9 -25.1 77.6
v 21.0 -24.0 62.0
v 21.0 -24.4 63.0
v 21.0 -24.0 76.9
v 21.0 -23.7 63.0
v 21.0 -23.3 65.0
v 21.0 -23.0 77.3
v 21.0 -22.5 66.0
v 20.0 -22.3 68.0
v 20.9 -21.5 68.4
v 21.0 -21.4 76.0
v 21.1 -21.9 77.1
v 22.1 -31.0 75.0
v 22.1 -31.4 76.0
v 22.1 -31.2 77.0
v 22.0 -30.5 78.0
v 20.9 -30.8 78.0
v 22.0 -30.1 80.1
v 21.0 -29.1 71.9
v 22.2 -29.1 72.9
v 22.0 -29.4 74.0
v 21.9 -30.0 75.1
v 22.0 -29.0 80.2
v 21.0 -28.0 80.2
v 22.0 -28.0 79.6
v 22.4 -27.0 72.8
v 22.0 -26.2 69.0
v 22.0 -26.3 70.0
v 21.9 -26.5 71.8
v 21.8 -25.0 62.0
v 21.0 -24.7 64.0
v 22.2 -25.0 63.0
v 22.0 -25.4 64.0
v 22.0 -25.6 68.0
v 22.1 -25.2 76.8
v 22.1 -25.9 78.1
v 22.0 -24.0 62.5
v 22.0 -24.7 63.0
v 22.0 -23.7 63.0
v 22.0 -23.5 64.0
v 21.9 -23.9 76.5
v 22.0 -22.9 65.0
v 21.0 -21.9 67.0
v 22.0 -22.3 67.0
v 21.4 -22.0 77.0
v 22.0 -22.0 76.7
v 22.7 -21.5 70.8
v 22.0 -20.9 76.0
v 23.1 -30.2 76.0
v 23.2 -30.1 77.0
v 22.9 -29.9 78.0
v 23.1 -30.2 79.0
v 23.0 -29.0 75.4
v 23.0 -30.0 80.0
v 22.5 -29.0 75.0
v 22.9 -28.0 75.1
v 22.9 -26.9 74.1
v 22.7 -27.0 77.9
v 22.1 -26.9 79.2
v 23.0 -26.1 64.0
v 23.0 -25.8 71.0
v 23.0 -26.4 73.0
v 22.8 -25.9 76.8
v 23.0 -25.0 61.9
v 23.0 -25.5 63.0
v 23.0 -25.6 65.0
v 23.0 -25.6 66.8
v 23.3 -25.2 76.4
v 23.0 -24.0 75.9
v 23.0 -23.4 64.0
v 23.0 -23.0 76.4
v 22.0 -21.7 68.0
v 23.0 -22.4 68.0
v 23.0 -22.3 69.0
v 22.5 -22.0 77.0
v 23.0 -22.2 77.1
v 22.2 -21.6 69.4
v 22.2 -21.5 72.1
v 23.0 -21.3 73.0
v 21.9 -21.4 74.1
v 22.0 -21.3 75.0
v 22.6 -21.0 77.0
v 23.0 -21.0 78.0
v 23.0 -20.7 74.0
v 23.0 -20.6 75.0
v 23.0 -20.6 76.0
v 23.0 -20.7 77.0
v 24.0 -29.0 76.0
v 23.6 -28.8 77.0
v 23.5 -29.0 78.0
v 23.8 -29.0 79.0
v 24.2 -28.1 76.0
v 23.4 -28.0 78.0
v 23.2 -28.0 79.1
v 23.4 -27.0 77.0
v 24.0 -27.0 76.4
v 24.0 -26.1 64.0
v 24.0 -25.7 66.0
v 24.0 -26.3 67.1
v 23.0 -25.7 69.0
v 24.0 -26.4 69.9
v 24.1 -26.3 71.0
v 23.0 -25.8 72.1
v 24.0 -26.5 74.1
v 24.0 -26.0 76.4
v 24.0 -25.6 65.0
v 23.0 -24.0 62.0
v 23.6 -24.0 63.1
v 24.0 -24.0 75.8
v 23.0 -23.1 65.0
v 24.0 -22.7 65.0
v 22.9 -22.6 66.0
v 24.9 -22.4 67.9
v 24.0 -22.4 68.8
v 24.0 -22.1 70.0
v 24.1 -22.8 75.8
v 24.0 -22.1 77.1
v 24.0 -21.6 71.0
v 24.0 -21.4 72.0
v 24.0 -20.9 73.0
v 23.8 -21.1 76.0
v 23.9 -20.8 76.5
v 24.0 -21.0 78.1
v 24.0 -20.6 74.0
v 24.0 -20.6 78.0
v 24.2 -27.0 75.0
v 24.5 -26.0 76.0
v 25.0 -26.2 65.9
v 25.0 -26.4 67.0
v 25.1 -26.5 69.2
v 24.4 -26.0 74.0
v 24.8 -25.7 74.9
v 24.0 -25.0 62.8
v 25.0 -25.0 63.7
v 25.0 -25.3 64.0
v 25.1 -25.5 65.0
v 24.1 -25.6 72.1
v 25.0 -25.6 74.0
v 25.0 -25.4 76.0
v 25.0 -25.0 76.3
v 25.0 -24.0 63.6
v 25.0 -24.0 76.1
v 25.0 -23.4 64.0
v 24.0 -23.0 64.0
v 25.0 -23.0 75.7
v 25.0 -22.6 66.0
v 25.0 -21.7 69.0
v 24.2 -22.0 77.0
v 25.0 -21.5 70.0
v 25.0 -21.3 73.0
v 25.0 -21.4 74.0
v 24.0 -20.7 75.1
v 25.0 -21.4 75.0
v 25.1 -22.0 76.0
v 24.2 -21.0 77.0
v 26.0 -26.0 66.0
v 26.0 -25.9 67.0
v 26.2 -26.4 68.0
v 27.0 -26.5 69.1
v 26.0 -26.4 71.0
v 25.9 -25.7 72.1
v 26.0 -25.0 65.4
v 26.7 -25.6 72.9
v 26.1 -25.5 74.9
v 26.1 -24.0 63.9
v 26.0 -25.0 76.2
v 26.0 -22.9 63.9
v 25.0 -23.1 65.0
v 26.0 -24.0 75.7
v 26.0 -22.5 64.0
v 26.0 -22.5 65.0
v 26.2 -22.4 66.8
v 26.0 -21.7 68.0
v 26.0 -22.0 75.3
v 26.0 -21.0 70.0
v 26.0 -21.3 71.0
v 25.7 -21.4 71.9
v 26.0 -21.1 73.0
v 26.2 -21.7 74.8
v 27.0 -26.0 67.5
v 27.0 -26.5 70.9
v 27.0 -26.2 72.0
v 26.7 -24.7 66.0
v 27.0 -25.4 67.0
v 27.0 -25.6 74.0
v 27.0 -25.6 75.0
v 27.0 -23.8 65.0
v 27.0 -25.0 76.0
v 27.0 -24.0 75.6
v 26.3 -23.0 64.0
v 27.0 -23.0 64.5
v 27.0 -23.0 75.5
v 27.0 -22.0 64.8
v 27.0 -22.3 67.0
v 27.0 -21.7 68.0
v 27.0 -22.1 74.9
v 27.0 -21.9 65.0
v 27.0 -21.3 72.0
v 27.0 -21.0 71.0
v 28.0 -26.4 69.2
v 28.0 -26.3 71.0
v 28.0 -26.0 72.0
v 27.9 -26.2 73.0
v 28.0 -26.4 74.0
v 27.7 -26.1 75.1
v 28.0 -24.9 67.3
v 28.0 -25.0 75.6
v 28.0 -24.1 65.0
v 28.1 -23.8 66.1
v 28.0 -24.0 75.6
v 28.0 -23.0 64.4
v 28.0 -23.0 75.9
v 28.0 -22.0 63.3
v 28.0 -22.3 64.0
v 27.0 -22.3 66.0
v 27.8 -21.9 63.8
v 28.2 -21.6 66.8
v 28.0 -21.9 68.0
v 27.0 -21.2 70.0
v 28.0 -20.8 70.0
v 28.0 -21.2 71.0
v 28.0 -21.0 72.0
v 27.3 -21.4 72.9
v 27.0 -21.5 74.0
v 28.0 -21.9 75.2
v 29.0 -27.1 74.0
v 28.1 -26.1 67.9
v 28.3 -26.0 69.1
v 28.5 -26.0 71.0
v 29.0 -26.2 71.9
v 29.0 -26.1 73.0
v 29.0 -26.5 75.0
v 29.0 -26.0 75.8
v 28.4 -25.0 68.0
v 28.6 -25.0 69.0
v 28.9 -24.8 69.9
v 29.0 -25.0 75.5
v 29.0 -24.0 65.0
v 28.5 -24.0 67.0
v 28.9 -23.9 68.0
v 29.0 -24.5 69.0
v 29.1 -24.0 75.3
v 29.0 -22.7 64.0
v 29.0 -23.6 67.0
v 29.0 -23.0 74.9
v 29.0 -22.0 63.0
v 28.9 -22.0 74.7
v 29.0 -21.4 67.0
v 29.0 -20.8 68.0
v 28.0 -21.3 69.1
v 29.0 -21.2 71.0
v 29.1 -21.4 72.6
v 29.0 -21.5 74.0
v 28.6 -20.6 69.7
v 30.0 -29.0 66.0
v 29.5 -28.1 66.2
v 30.2 -28.8 66.9
v 29.8 -28.0 68.0
v 29.9 -27.0 64.9
v 29.5 -27.0 66.3
v 29.7 -27.0 68.0
v 30.0 -26.6 73.0
v 30.0 -27.5 74.0
v 30.0 -27.3 75.0
v 30.0 -27.0 75.6
v 29.8 -25.9 65.9
v 29.7 -26.0 67.0
v 30.0 -26.1 71.8
v 29.9 -26.2 74.8
v 29.4 -25.0 71.0
v 30.0 -25.0 71.5
v 29.9 -25.0 74.6
v 30.0 -24.0 68.6
v 30.0 -24.4 69.0
v 30.0 -23.9 70.0
v 29.9 -23.9 71.0
v 30.0 -24.0 74.7
v 30.0 -23.0 61.8
v 30.0 -23.3 63.0
v 29.4 -23.0 63.9
v 30.0 -23.5 64.0
v 30.0 -23.6 65.0
v 29.9 -23.4 66.2
v 30.0 -23.5 68.0
v 30.0 -23.0 75.2
v 30.0 -22.4 63.0
v 30.0 -22.0 75.3
v 29.9 -21.6 64.0
v 28.2 -21.5 65.1
v 30.3 -21.5 66.9
v 30.0 -20.9 74.0
v 30.0 -20.5 69.0
v 30.9 -20.6 71.8
v 30.8 -29.1 63.0
v 30.5 -28.9 64.9
v 31.0 -29.4 64.9
v 30.9 -29.4 66.7
v 31.0 -29.3 68.0
v 30.6 -28.0 64.0
v 30.0 -27.5 65.0
v 31.0 -28.0 69.2
v 30.7 -28.0 72.9
v 30.7 -28.1 74.0
v 31.0 -28.1 75.2
v 31.0 -28.0 75.5
v 30.8 -28.0 63.0
v 31.0 -27.0 69.4
v 30.4 -27.0 73.0
v 31.1 -27.0 75.3
v 31.1 -26.1 65.1
v 30.4 -26.0 68.0
v 30.3 -26.0 72.0
v 31.0 -26.0 72.4
v 31.0 -26.7 75.0
v 31.0 -26.0 74.5
v 30.6 -25.0 68.0
v 31.1 -26.0 69.0
v 30.7 -25.0 69.0
v 31.0 -25.0 69.3
v 30.5 -24.0 71.9
v 31.0 -25.3 73.0
v 30.8 -25.0 73.1
v 31.4 -25.0 74.1
v 30.9 -24.1 63.0
v 30.9 -24.0 64.1
v 31.0 -24.8 65.9
v 30.7 -24.8 67.0
v 31.0 -24.2 70.1
v 30.9 -24.0 73.2
v 32.0 -24.0 74.0
v 30.9 -23.1 61.6
v 31.0 -23.5 65.0
v 30.5 -23.0 67.0
v 30.6 -23.0 68.0
v 31.0 -23.0 68.3
v 31.0 -23.6 71.0
v 31.0 -23.5 72.0
v 31.0 -22.6 62.0
v 30.0 -22.0 63.3
v 31.0 -22.9 65.9
v 31.0 -22.0 67.6
v 30.8 -22.0 68.0
v 31.0 -22.0 68.2
v 31.0 -23.0 74.7
v 31.0 -22.0 75.2
v 31.0 -21.5 64.1
v 31.0 -21.6 67.0
v 30.0 -21.0 67.7
v 30.0 -21.3 72.0
v 30.0 -21.3 73.0
v 30.0 -20.7 68.0
v 31.0 -20.6 73.0
v 31.0 -20.6 74.0
v 31.0 -21.0 75.0
v 32.0 -29.0 62.0
v 31.8 -29.6 64.6
v 32.2 -29.5 66.5
v 33.0 -28.7 69.0
v 31.8 -29.1 72.0
v 31.8 -29.2 73.0
v 32.0 -29.1 74.1
v 31.5 -28.0 62.0
v 32.0 -27.8 61.5
v 32.0 -28.0 69.5
v 31.6 -28.0 72.0
v 31.8 -27.0 61.0
v 31.4 -27.0 63.0
v 31.2 -26.9 64.1
v 31.8 -27.0 70.1
v 32.4 -27.0 71.0
v 32.0 -27.0 71.5
v 31.8 -27.0 74.0
v 31.9 -26.1 59.9
v 31.5 -26.2 62.0
v 31.5 -25.0 65.0
v 32.0 -25.9 71.8
v 31.7 -25.0 60.0
v 32.0 -25.0 59.7
v 31.5 -25.4 61.0
v 31.5 -25.0 63.0
v 31.5 -25.0 64.0
v 32.0 -25.0 69.6
v 32.0 -25.6 73.0
v 32.1 -26.0 74.0
v 31.9 -24.0 59.8
v 32.0 -24.0 62.0
v 32.0 -24.2 65.0
v 31.6 -24.0 67.0
v 31.2 -24.0 68.2
v 32.0 -24.0 69.7
v 31.6 -23.0 61.0
v 32.1 -24.0 64.5
v 32.0 -23.7 66.0
v 31.3 -23.0 66.0
v 32.0 -23.5 67.0
v 32.0 -23.0 66.4
v 32.0 -23.1 68.2
v 32.1 -23.5 70.0
v 32.1 -23.2 70.9
v 32.8 -22.0 73.1
v 32.0 -22.1 67.4
v 32.1 -22.0 74.3
v 32.0 -21.6 63.0
v 32.0 -21.5 65.0
v 31.0 -21.5 66.0
v 32.0 -21.0 65.7
v 32.0 -21.5 69.0
v 31.0 -21.0 68.7
v 31.8 -20.8 69.8
v 32.0 -20.7 66.0
v 32.0 -20.9 67.1
v 31.6 -20.5 71.0
v 32.0 -20.6 72.9
v 32.1 -20.9 74.1
v 31.8 -19.1 60.0
v 31.9 -19.2 61.1
v 32.0 -19.0 62.2
v 31.7 -18.0 59.1
v 31.1 -18.0 61.0
v 31.9 -18.1 62.3
v 31.6 -17.0 59.0
v 32.3 -16.9 58.0
v 31.6 -17.0 60.0
v 31.6 -17.0 61.0
v 32.0 -16.0 58.0
v 31.9 -15.9 59.0
v 32.0 -16.4 60.0
v 32.0 -16.5 61.0
v 32.0 -16.9 62.1
v 33.0 -30.2 64.0
v 33.0 -30.0 63.0
v 33.0 -30.1 65.0
v 32.9 -30.1 69.9
v 33.0 -30.3 71.0
v 32.6 -30.0 71.0
v 32.8 -30.2 72.0
v 33.0 -29.6 66.0
v 33.0 -29.0 68.7
v 32.7 -29.0 70.0
v 33.0 -29.0 69.4
v 33.0 -29.7 73.0
v 32.2 -29.0 74.0
v 33.0 -29.0 73.6
v 32.9 -28.0 70.0
v 32.4 -29.0 71.1
v 32.0 -28.0 74.3
v 33.0 -26.5 60.1
v 32.6 -27.0 73.0
v 32.0 -25.9 70.0
v 33.0 -26.5 70.0
v 33.0 -26.0 69.6
v 33.0 -26.5 71.0
v 32.4 -26.0 73.0
v 33.0 -26.0 72.3
v 33.1 -25.0 69.3
v 33.0 -25.7 71.9
v 33.0 -24.0 59.6
v 32.1 -24.0 66.0
v 33.3 -24.0 69.3
v 33.0 -23.0 60.3
v 33.0 -23.0 66.3
v 33.0 -23.0 69.7
v 32.3 -23.0 73.9
v 32.0 -22.8 61.0
v 32.0 -21.8 62.1
v 32.9 -22.4 62.1
v 33.0 -22.4 65.0
v 33.0 -22.0 65.7
v 33.0 -22.0 66.4
v 33.0 -22.0 67.5
v 32.0 -22.0 68.5
v 33.3 -22.1 70.0
v 33.6 -22.0 71.0
v 32.8 -22.0 72.0
v 33.0 -21.0 66.3
v 33.0 -21.6 68.1
v 33.0 -21.5 70.0
v 32.9 -21.0 70.3
v 32.5 -21.0 73.0
v 33.0 -20.6 71.0
v 33.1 -21.0 72.1
v 32.8 -19.0 58.0
v 32.6 -19.2 59.0
v 33.0 -19.8 60.0
v 32.4 -19.0 61.0
v 32.4 -18.0 58.0
v 33.2 -18.1 61.0
v 32.4 -18.0 62.0
v 32.8 -17.0 56.8
v 33.0 -17.0 62.0
v 32.9 -16.0 53.0
v 32.9 -16.0 53.0
v 32.9 -16.0 54.0
v 33.0 -15.7 60.0
v 33.0 -16.9 62.0
v 32.9 -16.0 54.0
v 33.0 -15.5 58.0
v 33.0 -15.4 59.0
v 33.0 -16.0 61.0
v 33.0 -14.0 51.0
v 32.8 -13.0 49.9
v 32.8 -12.9 51.0
v 34.0 -30.1 69.0
v 34.0 -30.4 70.0
v 34.0 -30.4 71.0
v 34.0 -30.4 72.0
v 34.0 -30.1 73.1
v 33.1 -29.1 62.6
v 34.0 -29.4 64.0
v 34.0 -29.6 65.0
v 34.0 -29.5 68.0
v 33.6 -29.0 69.0
v 34.0 -29.0 73.9
v 33.1 -28.0 61.7
v 34.0 -28.0 73.4
v 33.4 -27.0 61.0
v 33.9 -26.9 62.1
v 33.0 -28.0 72.9
v 33.2 -26.0 59.6
v 35.0 -26.2 59.9
v 34.0 -26.6 61.0
v 33.6 -26.0 69.0
v 34.0 -26.5 69.0
v 34.0 -26.3 71.1
v 34.0 -26.0 72.4
v 33.6 -24.8 59.5
v 33.9 -25.0 68.0
v 34.0 -25.3 72.0
v 33.9 -23.0 59.6
v 33.1 -23.1 67.0
v 34.1 -23.0 69.2
v 33.8 -22.0 60.0
v 34.0 -22.4 62.0
v 33.3 -22.0 66.0
v 34.0 -22.0 67.4
v 33.9 -20.9 60.0
v 33.0 -20.3 66.0
v 34.0 -21.7 69.0
v 33.4 -21.0 71.0
v 34.0 -20.3 57.9
v 33.6 -20.1 59.0
v 34.0 -20.0 59.6
v 32.9 -18.0 56.8
v 34.0 -19.0 59.6
v 33.5 -18.9 60.0
v 34.1 -17.9 56.1
v 33.7 -17.0 53.0
v 34.0 -17.2 53.0
v 33.6 -17.0 54.0
v 34.0 -17.5 55.0
v 33.6 -17.0 55.8
v 33.7 -17.1 60.0
v 33.9 -16.0 51.8
v 33.4 -16.0 55.0
v 33.6 -16.0 56.0
v 33.2 -15.9 57.2
v 33.4 -16.0 60.0
v 34.0 -16.3 59.6
v 33.0 -16.0 61.0
v 33.6 -15.0 52.0
v 34.0 -15.0 51.5
v 33.4 -15.0 53.0
v 33.4 -15.0 54.0
v 33.6 -15.0 55.0
v 34.0 -15.2 56.0
v 33.9 -14.8 57.1
v 34.0 -14.1 49.9
v 34.0 -14.6 51.0
v 33.4 -14.0 52.0
v 33.6 -13.9 53.0
v 33.8 -14.7 58.0
v 33.0 -13.0 49.5
v 33.7 -12.9 51.9
v 34.1 -13.3 53.0
v 33.9 -13.9 55.1
v 33.7 -12.0 50.0
v 34.0 -12.0 49.7
v 34.0 -12.2 50.7
v 34.8 -29.9 71.0
v 35.1 -30.2 69.9
v 34.3 -28.9 63.9
v 35.0 -29.3 66.1
v 35.0 -29.4 68.0
v 35.1 -29.0 73.2
v 34.3 -28.0 62.9
v 34.9 -28.0 65.0
v 35.2 -28.1 73.3
v 35.0 -26.7 62.2
v 34.9 -27.5 63.1
v 34.9 -27.1 66.9
v 34.9 -27.4 68.9
v 34.5 -27.0 69.0
v 34.0 -27.0 70.0
v 35.0 -26.7 69.9
v 34.8 -26.1 66.8
v 34.3 -26.0 68.0
v 35.0 -25.9 71.0
v 35.0 -27.0 73.1
v 35.0 -25.0 59.3
v 35.0 -25.0 67.3
v 34.0 -24.0 59.4
v 34.4 -24.0 68.0
v 34.9 -23.0 67.8
v 35.0 -23.0 58.7
v 35.0 -22.0 59.3
v 34.2 -22.1 61.1
v 34.4 -22.0 63.0
v 34.0 -22.3 66.0
v 34.2 -22.1 67.0
v 35.0 -22.0 68.3
v 34.1 -22.0 69.2
v 34.5 -21.0 61.0
v 34.8 -20.8 61.9
v 35.0 -21.5 64.0
v 35.0 -21.6 65.9
v 35.0 -20.9 67.0
v 35.0 -21.6 68.0
v 34.7 -20.0 56.9
v 35.0 -20.8 59.0
v 34.4 -20.0 60.0
v 35.0 -20.5 61.0
v 34.9 -19.9 60.2
v 35.0 -19.0 59.6
v 35.0 -18.3 55.0
v 35.0 -18.8 56.1
v 35.0 -17.2 52.9
v 35.0 -17.6 54.0
v 35.2 -17.9 59.5
v 35.0 -16.0 51.7
v 35.1 -16.0 59.4
v 34.9 -14.8 51.2
v 34.0 -14.9 59.0
v 35.0 -15.1 58.7
v 35.0 -14.0 50.4
v 35.0 -14.4 55.9
v 35.0 -13.1 49.6
v 35.1 -13.1 54.0
v 35.0 -13.5 55.0
v 35.0 -12.0 49.3
v 34.5 -12.0 52.0
v 34.8 -11.0 49.0
v 34.0 -11.1 50.0
v 35.0 -11.0 50.6
v 35.0 -11.4 51.1
v 34.9 -11.9 53.0
v 35.0 -10.6 50.0
v 35.1 -30.1 69.0
v 35.0 -30.1 72.0
v 35.2 -29.0 65.1
v 35.4 -29.0 67.0
v 35.5 -29.0 68.0
v 35.6 -28.9 71.0
v 35.6 -29.0 72.0
v 35.6 -28.0 66.0
v 36.1 -28.0 67.0
v 36.2 -28.0 69.0
v 36.3 -28.1 69.9
v 36.3 -28.0 72.1
v 36.0 -27.3 63.0
v 36.0 -27.5 65.0
v 36.0 -27.3 66.0
v 36.0 -27.0 66.2
v 36.0 -27.8 69.0
v 36.0 -26.7 70.0
v 35.6 -25.8 60.0
v 36.0 -26.4 61.0
v 36.0 -26.6 62.0
v 36.1 -26.0 66.0
v 36.0 -26.4 71.0
v 35.0 -25.7 72.1
v 36.0 -25.0 58.9
v 35.2 -24.0 58.7
v 36.0 -24.0 67.3
v 36.0 -23.0 67.5
v 36.0 -22.0 58.5
v 36.1 -22.0 68.2
v 35.0 -21.0 59.2
v 36.0 -21.3 65.0
v 36.0 -21.3 66.0
v 36.0 -20.8 67.0
v 36.0 -20.1 55.9
v 37.0 -20.7 57.0
v 36.0 -20.2 61.0
v 36.0 -20.4 62.0
v 35.8 -20.7 63.0
v 36.0 -20.7 64.0
v 36.0 -21.0 68.0
v 36.0 -19.0 55.5
v 36.0 -19.1 59.8
v 35.9 -18.4 54.9
v 36.0 -17.5 53.9
v 35.5 -16.0 52.0
v 36.1 -15.1 50.8
v 36.0 -15.7 52.0
v 36.0 -16.0 59.3
v 36.0 -15.0 58.6
v 35.7 -14.0 56.0
v 35.6 -14.0 57.0
v 36.0 -14.0 58.2
v 36.0 -13.0 49.5
v 36.0 -13.8 50.2
v 35.5 -13.0 55.0
v 35.1 -14.5 58.0
v 35.9 -12.3 48.9
v 35.7 -12.0 54.0
v 36.1 -12.4 55.0
v 35.9 -12.9 55.9
v 35.8 -11.0 47.9
v 37.0 -11.6 55.0
v 35.8 -10.0 47.9
v 36.1 -11.2 52.0
v 35.8 -9.8 48.9
v 35.9 -9.8 50.0
v 37.0 -28.0 71.0
v 37.0 -26.7 63.0
v 37.1 -27.2 65.1
v 36.4 -27.0 70.0
v 36.3 -26.9 72.0
v 37.0 -26.0 65.9
v 37.1 -25.4 59.9
v 36.7 -25.0 66.0
v 37.0 -24.1 58.6
v 37.0 -24.0 66.4
v 36.0 -23.0 58.4
v 37.0 -23.1 57.8
v 37.0 -22.9 66.8
v 36.9 -22.1 57.6
v 37.2 -22.0 67.0
v 37.0 -20.9 66.1
v 37.0 -21.7 67.0
v 36.4 -21.0 67.0
v 37.7 -20.3 63.8
v 37.0 -20.6 65.0
v 37.0 -19.7 62.1
v 37.0 -18.9 55.2
v 37.0 -18.1 59.6
v 37.0 -17.0 59.4
v 37.0 -15.8 52.1
v 37.1 -16.0 58.7
v 37.0 -15.1 50.8
v 37.0 -14.3 50.0
v 36.7 -14.5 58.5
v 37.0 -12.8 49.3
v 36.9 -12.9 58.1
v 37.1 -12.2 47.7
v 37.0 -12.3 56.0
v 36.8 -12.6 57.1
v 36.3 -11.3 53.0
v 37.2 -11.1 54.0
v 37.0 -10.0 47.0
v 37.1 -9.9 52.5
v 36.1 -9.7 48.0
v 37.0 -9.4 50.0
v 36.8 -9.9 52.0
v 37.1 -27.2 64.0
v 37.1 -27.0 71.0
v 38.0 -26.3 61.0
v 38.2 -26.4 62.3
v 38.0 -26.5 64.0
v 37.9 -25.9 64.9
v 38.0 -25.1 59.7
v 38.0 -25.0 65.4
v 38.0 -24.2 58.7
v 38.3 -23.6 65.7
v 38.0 -23.0 57.4
v 38.0 -23.6 58.0
v 38.0 -23.0 66.3
v 38.0 -22.0 66.3
v 37.8 -21.0 56.6
v 38.0 -21.0 65.6
v 38.1 -20.3 55.7
v 38.0 -20.6 65.0
v 37.1 -19.3 61.1
v 37.0 -18.5 60.0
v 38.7 -17.1 59.4
v 37.5 -16.0 52.0
v 38.0 -16.0 51.7
v 38.0 -15.0 51.3
v 37.0 -14.0 49.6
v 38.1 -14.0 50.9
v 38.2 -14.6 58.5
v 37.9 -13.0 51.0
v 38.6 -13.0 58.4
v 38.0 -12.4 48.4
v 37.7 -12.8 50.0
v 38.0 -12.6 58.0
v 37.1 -11.0 47.2
v 38.0 -11.0 46.1
v 38.0 -11.3 55.9
v 38.0 -11.7 57.0
v 38.0 -10.0 46.5
v 37.7 -11.0 55.0
v 37.9 -9.6 47.0
v 38.0 -8.7 50.0
v 36.7 -9.7 50.9
v 38.0 -9.1 52.0
v 38.0 -8.9 53.0
v 37.7 -9.9 54.0
v 38.0 -8.7 51.0
v 38.8 -25.8 62.0
v 39.1 -26.2 63.1
v 39.1 -26.2 64.0
v 39.1 -25.2 60.9
v 39.2 -25.0 65.2
v 39.0 -24.0 59.0
v 39.0 -24.5 60.0
v 39.0 -23.2 56.9
v 39.0 -24.0 58.0
v 39.0 -23.0 65.5
v 38.0 -22.0 56.6
v 39.0 -22.0 55.9
v 39.0 -22.0 65.5
v 39.0 -21.0 56.1
v 38.8 -20.1 54.9
v 39.0 -20.9 65.2
v 39.0 -19.3 63.0
v 39.0 -19.9 64.2
v 38.9 -18.0 52.6
v 40.0 -19.2 52.8
v 38.9 -18.2 59.8
v 38.1 -18.7 61.1
v 38.9 -17.0 51.8
v 39.0 -16.0 58.7
v 39.0 -14.5 52.0
v 38.7 -14.0 52.0
v 39.3 -14.0 58.4
v 38.7 -13.0 52.0
v 38.0 -12.0 47.0
v 39.0 -11.7 50.0
v 39.0 -12.3 51.0
v 39.0 -11.0 46.4
v 39.0 -11.5 47.0
v 39.0 -11.6 48.4
v 39.0 -11.7 57.2
v 39.0 -10.0 45.9
v 38.4 -10.0 55.0
v 39.0 -10.4 55.7
v 38.9 -8.8 46.9
v 38.0 -9.3 49.0
v 39.0 -8.4 51.9
v 39.0 -8.4 53.0
v 39.0 -8.9 54.9
v 39.6 -25.0 62.1
v 39.6 -25.0 64.0
v 40.0 -24.0 59.0
v 40.0 -24.0 60.0
v 40.1 -24.3 61.0
v 40.3 -24.2 62.3
v 40.0 -23.2 56.9
v 40.0 -23.6 58.0
v 40.0 -24.0 65.0
v 40.0 -22.0 55.5
v 40.0 -22.5 56.0
v 40.1 -22.8 64.6
v 40.0 -21.0 64.5
v 40.0 -20.2 53.9
v 39.9 -19.9 64.3
v 40.0 -18.0 52.3
v 40.0 -18.4 61.0
v 40.0 -18.7 63.0
v 40.0 -17.0 51.9
v 40.0 -17.4 59.8
v 39.3 -16.2 51.7
v 40.0 -16.0 59.1
v 39.2 -15.0 51.8
v 40.1 -14.9 58.3
v 40.0 -13.9 53.4
v 39.5 -13.0 53.0
v 39.6 -11.9 51.9
v 39.8 -12.0 53.1
v 40.0 -13.0 58.1
v 40.0 -12.0 57.5
v 40.4 -11.0 46.5
v 40.5 -11.4 47.0
v 40.6 -11.5 48.0
v 40.0 -11.5 51.0
v 40.0 -10.0 45.7
v 40.0 -10.6 56.0
v 40.0 -11.0 57.0
v 40.0 -9.7 55.1
v 39.7 -7.9 46.8
v 39.4 -8.1 48.0
v 39.1 -8.4 49.1
v 40.0 -8.5 54.0
v 40.0 -7.6 49.2
v 40.0 -7.7 52.9
v 39.9 -7.0 47.0
v 40.5 -24.0 64.0
v 41.0 -22.7 57.0
v 41.0 -23.6 59.0
v 41.0 -24.0 60.0
v 41.0 -23.7 61.0
v 41.0 -23.5 63.8
v 41.0 -23.0 64.2
v 41.0 -22.5 55.0
v 41.0 -22.5 56.0
v 40.0 -20.9 55.3
v 41.0 -20.0 52.9
v 41.0 -20.9 54.3
v 41.0 -21.0 63.9
v 41.0 -18.0 52.1
v 41.0 -18.4 61.0
v 41.0 -18.8 63.1
v 41.0 -17.1 53.1
v 41.0 -17.5 60.0
v 40.8 -16.0 53.3
v 41.1 -17.0 59.3
v 40.9 -14.0 54.1
v 41.0 -14.0 56.8
v 41.1 -13.0 53.9
v 41.0 -13.5 57.0
v 40.7 -12.0 54.1
v 40.7 -12.1 56.9
v 41.1 -13.0 57.0
v 41.0 -11.4 49.8
v 40.5 -11.0 53.0
v 40.5 -11.0 54.0
v 40.7 -11.2 55.0
v 40.7 -11.2 56.0
v 41.0 -10.0 44.9
v 40.1 -10.4 46.0
v 41.3 -10.2 52.1
v 40.7 -10.0 54.0
v 40.3 -10.0 55.0
v 41.0 -8.0 44.9
v 40.1 -9.1 46.2
v 41.0 -9.0 54.1
v 40.8 -7.0 45.7
v 40.2 -7.1 48.0
v 40.5 -7.0 49.0
v 41.1 -7.1 49.9
v 41.4 -7.4 51.4
v 40.8 -5.7 47.0
v 40.8 -6.0 49.0
v 41.0 -5.0 48.0
v 42.0 -23.4 61.2
v 42.1 -23.1 63.0
v 41.4 -22.0 55.0
v 41.8 -21.8 56.0
v 42.0 -22.4 57.0
v 42.3 -22.4 58.0
v 41.1 -22.0 64.3
v 41.6 -21.0 54.0
v 42.4 -21.3 55.1
v 42.0 -22.0 63.4
v 42.0 -20.0 53.5
v 41.0 -20.0 64.1
v 42.2 -20.0 63.1
v 42.0 -18.5 61.0
v 42.1 -18.9 62.1
v 41.8 -17.0 57.9
v 42.0 -17.7 60.0
v 41.6 -16.0 57.7
v 42.0 -15.0 56.7
v 41.6 -14.0 55.0
v 41.6 -13.0 55.0
v 42.1 -14.0 56.0
v 41.7 -13.0 56.0
v 41.9 -12.0 55.0
v 42.0 -12.0 56.0
v 41.9 -11.1 43.9
v 42.1 -10.7 46.1
v 42.0 -11.5 47.0
v 42.0 -11.6 48.0
v 42.0 -11.3 49.0
v 41.2 -10.6 50.9
v 41.9 -10.0 43.8
v 42.0 -10.6 45.0
v 41.3 -10.0 53.1
v 41.7 -9.0 44.6
v 42.1 -10.2 51.1
v 41.7 -9.0 52.9
v 42.0 -8.0 44.6
v 42.0 -8.5 53.0
v 42.0 -8.0 53.3
v 42.0 -7.0 50.7
v 42.0 -7.6 53.0
v 42.0 -5.4 47.0
v 41.2 -5.3 48.9
v 42.0 -4.8 49.0
v 42.0 -5.9 50.2
v 42.1 -23.3 59.0
v 42.4 -23.0 61.3
v 42.3 -23.2 60.0
v 43.2 -22.0 60.0
v 42.7 -22.1 61.1
v 42.4 -21.8 63.0
v 42.0 -21.5 54.0
v 43.2 -21.3 56.2
v 42.9 -21.0 58.0
v 42.6 -21.0 61.9
v 42.5 -20.0 54.0
v 43.3 -20.0 55.0
v 42.6 -20.0 62.0
v 43.3 -20.0 61.0
v 42.1 -19.0 52.8
v 42.6 -18.8 54.2
v 43.3 -19.0 55.0
v 43.0 -19.0 58.0
v 42.6 -19.0 61.0
v 42.1 -18.0 52.8
v 42.7 -17.1 55.9
v 42.6 -18.0 57.9
v 43.3 -19.0 59.0
v 42.2 -17.7 59.0
v 42.2 -17.2 53.8
v 43.3 -17.0 57.1
v 42.3 -16.0 54.7
v 42.7 -16.0 56.0
v 42.3 -15.0 55.0
v 42.9 -15.0 56.0
v 43.0 -12.0 47.0
v 43.0 -12.1 48.0
v 42.0 -11.0 43.1
v 42.6 -11.0 42.8
v 44.0 -11.5 43.0
v 44.0 -11.7 44.4
v 43.0 -10.8 48.9
v 43.5 -10.3 43.2
v 43.0 -10.9 46.0
v 42.9 -10.2 50.4
v 43.0 -9.0 44.4
v 43.4 -9.0 51.0
v 42.0 -7.0 44.9
v 43.0 -8.5 52.0
v 43.0 -8.3 53.0
v 43.0 -8.0 53.6
v 43.0 -6.8 45.5
v 41.9 -7.3 51.0
v 43.0 -7.0 51.6
v 43.0 -7.4 52.0
v 43.0 -7.0 53.0
v 42.0 -5.9 46.0
v 43.0 -6.6 51.0
v 43.0 -5.5 47.0
v 43.0 -5.7 50.2
v 42.5 -4.6 48.0
v 43.0 -4.7 49.0
v 43.0 -22.0 57.0
v 43.5 -21.0 57.0
v 43.3 -21.0 59.0
v 43.5 -20.5 60.0
v 43.3 -21.0 61.0
v 43.6 -20.0 56.1
v 43.5 -20.0 59.0
v 43.5 -18.3 56.0
v 44.0 -20.0 58.0
v 44.2 -18.9 57.0
v 43.2 -18.9 60.0
v 43.0 -16.0 57.0
v 43.9 -12.0 42.0
v 43.9 -11.0 42.7
v 44.0 -11.5 46.0
v 44.0 -11.6 48.0
v 44.0 -10.9 48.9
v 44.0 -10.5 50.0
v 44.0 -10.0 50.4
v 44.0 -9.0 44.5
v 44.0 -9.0 50.6
v 44.0 -8.0 45.3
v 43.9 -8.1 50.8
v 43.4 -8.0 52.0
v 43.3 -8.0 53.0
v 44.0 -6.9 45.8
v 44.0 -7.5 51.0
v 44.0 -7.1 53.0
v 44.0 -6.7 51.0
v 44.1 -5.8 50.2
v 44.0 -7.0 52.1
v 44.2 -7.0 53.0
v 44.0 -5.4 49.0
v 44.2 -20.0 57.0
v 44.0 -18.0 57.0
v 45.0 -14.0 45.0
v 44.6 -13.0 45.0
v 45.0 -12.7 44.1
v 44.8 -13.1 46.0
v 45.0 -12.0 41.2
v 45.0 -12.4 42.0
v 45.0 -12.5 43.0
v 44.4 -12.0 43.0
v 44.4 -12.0 44.1
v 44.4 -12.0 46.0
v 44.5 -11.0 42.0
v 45.0 -11.0 41.5
v 45.2 -11.9 47.1
v 45.0 -11.6 49.0
v 44.9 -11.1 50.1
v 45.0 -10.6 42.0
v 45.0 -9.0 50.6
v 45.0 -8.0 50.4
v 45.0 -7.4 46.0
v 44.3 -7.0 51.0
v 45.0 -7.0 50.4
v 44.1 -5.7 47.0
v 44.8 -6.2 48.0
v 44.8 -6.1 49.0
v 45.0 -6.0 50.0
v 44.0 -5.0 48.0
v 46.0 -14.2 44.9
v 46.0 -14.3 46.0
v 45.6 -14.0 46.0
v 46.0 -14.3 47.8
v 46.0 -14.0 49.0
v 46.0 -13.4 44.0
v 45.4 -13.0 47.0
v 45.7 -14.0 48.0
v 45.9 -13.1 50.1
v 46.0 -12.1 41.7
v 45.3 -12.0 49.2
v 45.5 -12.0 50.0
v 46.0 -12.0 50.4
v 46.0 -11.0 39.0
v 46.0 -11.0 39.0
v 46.0 -11.0 39.0
v 45.6 -11.0 41.0
v 46.0 -11.4 41.0
v 45.8 -10.0 38.9
v 46.0 -10.6 40.0
v 45.6 -10.0 40.0
v 45.4 -10.0 41.9
v 45.1 -10.2 43.1
v 45.8 -10.2 50.5
v 45.9 -8.8 40.0
v 45.7 -9.0 41.1
v 45.5 -9.0 43.8
v 46.0 -9.0 51.0
v 46.0 -8.6 41.0
v 46.0 -8.6 42.9
v 46.0 -8.4 44.0
v 45.0 -8.1 45.2
v 45.8 -8.1 49.9
v 46.0 -7.7 45.0
v 46.0 -7.4 46.0
v 45.8 -7.3 46.9
v 46.0 -7.3 48.0
v 45.4 -7.0 50.0
v 46.1 -7.0 49.0
v 47.0 -13.5 45.0
v 46.9 -13.8 46.0
v 47.0 -14.4 47.0
v 47.1 -14.3 48.0
v 47.0 -13.7 49.0
v 46.0 -13.0 43.0
v 47.0 -13.0 43.9
v 47.0 -13.1 50.2
v 46.3 -12.0 42.0
v 46.8 -11.9 44.1
v 47.0 -11.0 38.0
v 47.0 -11.0 38.0
v 47.0 -11.2 39.0
v 47.0 -11.1 41.0
v 46.7 -10.8 42.9
v 46.8 -11.0 44.1
v 47.0 -11.1 50.4
v 46.8 -10.0 38.0
v 47.0 -9.9 37.8
v 47.0 -10.7 40.0
v 46.9 -10.8 42.1
v 47.0 -10.0 50.5
v 47.0 -9.2 39.0
v 46.9 -9.2 50.0
v 47.0 -7.9 40.0
v 47.1 -8.3 41.4
v 46.9 -7.7 44.1
v 46.6 -8.0 49.0
v 47.0 -8.0 48.6
v 47.0 -7.1 46.0
v 47.0 -7.4 47.0
v 48.0 -14.1 47.0
v 47.7 -13.0 45.2
v 48.0 -13.5 46.0
v 48.3 -13.3 48.0
v 48.2 -13.1 49.1
v 48.0 -12.5 45.0
v 48.2 -10.3 39.1
v 47.7 -11.0 49.9
v 48.1 -10.1 37.9
v 48.0 -10.4 40.0
v 48.0 -10.6 41.0
v 48.0 -10.4 42.0
v 48.0 -8.9 37.9
v 48.0 -9.7 43.0
v 48.0 -9.7 44.0
v 48.0 -9.2 48.8
v 48.0 -10.0 50.0
v 47.9 -8.3 39.3
v 47.0 -8.3 43.0
v 48.0 -7.5 43.0
v 48.0 -7.5 44.5
v 48.0 -7.4 46.4
v 47.0 -7.6 48.0
v 49.4 -12.0 47.1
v 49.0 -13.0 46.0
v 48.1 -12.0 44.7
v 49.3 -12.0 48.0
v 48.5 -12.0 49.0
v 48.0 -10.1 44.4
v 48.8 -11.1 48.6
v 48.9 -9.8 39.9
v 49.0 -10.3 41.0
v 48.5 -10.0 45.0
v 48.8 -10.0 48.7
v 48.9 -9.0 38.0
v 49.0 -9.4 39.1
v 48.9 -8.7 44.0
v 49.0 -9.4 43.0
v 49.0 -9.0 48.6
v 49.0 -8.6 39.0
v 49.0 -8.0 39.4
v 48.9 -8.8 45.0
v 49.0 -7.0 39.8
v 48.0 -7.5 41.0
v 49.0 -6.7 43.0
v 49.0 -7.4 44.0
v 49.0 -7.6 45.0
v 48.9 -7.8 48.1
v 48.1 -7.5 40.0
v 49.3 -12.1 45.9
v 49.6 -11.0 47.0
v 49.5 -11.0 48.0
v 49.0 -10.2 42.0
v 49.5 -10.0 46.0
v 50.3 -10.0 48.0
v 50.0 -10.0 48.3
v 49.3 -9.0 39.0
v 50.0 -9.6 41.0
v 50.0 -9.5 42.0
v 50.0 -9.0 48.8
v 50.0 -8.0 39.5
v 50.0 -8.7 43.0
v 50.2 -8.2 44.0
v 49.6 -8.0 45.0
v 50.0 -8.0 44.5
v 50.2 -8.0 46.0
v 49.8 -8.1 47.9
v 50.0 -7.0 39.5
v 49.4 -7.0 44.0
v 49.8 -7.6 47.0
v 50.0 -5.9 39.9
v 49.1 -6.5 41.1
v 50.0 -6.6 44.0
v 50.0 -7.0 45.1
v 50.0 -5.7 41.0
v 50.3 -10.0 47.0
v 50.0 -9.0 39.7
v 51.1 -9.2 41.0
v 51.0 -9.2 42.0
v 50.6 -9.0 47.0
v 51.1 -9.0 48.0
v 51.0 -8.1 39.8
v 51.0 -8.4 43.0
v 51.0 -8.0 47.0
v 51.0 -7.0 39.6
v 51.0 -7.5 44.0
v 51.0 -7.0 45.0
v 50.9 -5.8 39.8
v 51.0 -5.9 44.0
v 51.0 -4.9 41.0
v 52.0 -7.8 40.6
v 52.8 -7.6 42.0
v 51.6 -7.0 43.9
v 52.0 -6.0 39.9
v 50.9 -6.2 43.0
v 52.0 -5.0 40.4
v 51.9 -4.9 42.2
v 52.0 -5.5 43.0
v 52.0 -6.0 44.0
v 51.9 -4.0 41.0
v 53.2 -7.1 41.0
v 53.0 -7.0 42.6
v 53.0 -6.0 40.5
v 53.0 -6.0 43.3
v 53.0 -5.0 40.3
v 53.0 -5.6 43.0
v 53.5 -5.0 42.6
v 53.0 -4.0 39.9
v 53.0 -3.9 42.2
v 53.0 -2.9 41.0
v 54.0 -7.0 42.0
v 53.7 -5.9 41.0
v 54.1 -5.1 39.8
v 54.0 -6.0 43.1
v 54.0 -3.9 39.7
v 54.0 -2.8 41.0
v 53.9 -3.8 42.3
v 54.5 -6.0 42.0
v 55.0 -5.0 39.7
v 55.0 -5.3 40.0
v 55.0 -5.4 41.0
v 55.3 -5.1 42.0
v 55.0 -5.0 42.7
v 55.0 -4.0 39.6
v 55.0 -3.6 40.0
v 55.0 -2.9 41.0
v 55.1 -4.0 42.2
v 56.0 -5.0 40.0
v 55.5 -5.0 41.0
v 56.1 -4.0 39.9
v 56.1 -3.9 41.0
f 3 5 2
f 3 4 5
f 9 8 7
f 8 11 7
f 10 7 11
f 8 12 11
f 10 11 14
f 13 11 12
f 14 11 13
f 14 13 15
f 17 120 16
f 17 18 120
f 23 25 16
f 16 2 17
f 16 25 2
f 17 2 18
f 18 2 26
f 27 28 19
f 19 28 20
f 29 28 131
f 29 20 28
f 31 30 21
f 30 32 21
f 23 24 33
f 33 24 135
f 33 1 3
f 25 33 3
f 23 33 25
f 25 3 2
f 2 5 26
f 34 26 5
f 27 26 34
f 27 34 28
f 28 34 35
f 131 28 36
f 36 28 35
f 37 30 137
f 145 32 37
f 32 30 37
f 135 39 33
f 33 39 1
f 39 3 1
f 39 40 3
f 40 42 41
f 4 40 41
f 3 40 4
f 4 41 49
f 5 4 49
f 49 43 5
f 5 44 34
f 5 43 44
f 45 34 44
f 34 46 35
f 34 45 46
f 36 35 50
f 35 46 50
f 47 37 137
f 47 48 37
f 41 42 51
f 46 45 50
f 47 50 48
f 51 42 52
f 51 53 41
f 49 41 54
f 41 53 54
f 51 52 57
f 58 53 57
f 53 51 57
f 59 53 58
f 59 54 53
f 62 56 55
f 59 58 60
f 59 60 61
f 60 168 61
f 63 64 66
f 67 65 66
f 68 65 67
f 76 75 74
f 76 80 75
f 74 78 76
f 74 77 78
f 80 78 79
f 80 76 78
f 84 81 83
f 86 83 87
f 88 83 86
f 93 85 277
f 85 93 89
f 86 87 94
f 94 87 91
f 88 86 94
f 92 93 277
f 89 93 6
f 95 90 6
f 90 89 6
f 100 92 99
f 92 9 93
f 92 100 9
f 9 7 6
f 9 6 93
f 7 10 95
f 7 95 6
f 98 100 99
f 100 8 9
f 101 290 102
f 290 101 96
f 101 103 96
f 96 103 97
f 104 97 103
f 288 106 98
f 106 107 98
f 98 107 100
f 107 12 8
f 107 8 100
f 112 102 111
f 112 101 102
f 101 112 114
f 101 108 103
f 101 114 108
f 103 117 104
f 117 105 104
f 105 117 109
f 105 109 106
f 106 109 107
f 107 13 12
f 112 113 114
f 114 115 108
f 108 116 103
f 108 115 116
f 103 116 117
f 117 124 109
f 109 125 107
f 125 15 13
f 125 13 107
f 15 110 14
f 15 127 110
f 119 118 16
f 120 119 16
f 121 120 18
f 121 18 130
f 122 304 19
f 122 19 20
f 307 20 29
f 307 122 20
f 123 297 29
f 297 307 29
f 297 31 111
f 297 123 31
f 112 31 21
f 111 31 112
f 132 112 21
f 113 112 132
f 114 133 115
f 114 113 133
f 116 133 22
f 115 133 116
f 124 116 22
f 117 116 124
f 109 124 125
f 125 126 15
f 15 126 127
f 126 128 127
f 23 129 24
f 23 16 118
f 23 118 129
f 130 18 26
f 304 26 27
f 304 130 26
f 27 19 304
f 131 123 29
f 31 123 131
f 32 132 21
f 132 147 113
f 113 147 133
f 133 38 22
f 38 134 124
f 38 124 22
f 126 140 128
f 135 24 129
f 136 135 129
f 131 137 31
f 131 36 137
f 137 30 31
f 132 32 145
f 146 132 145
f 132 146 147
f 133 138 38
f 147 138 133
f 138 134 38
f 155 134 138
f 134 155 124
f 125 148 126
f 140 148 139
f 140 126 148
f 39 135 40
f 40 135 136
f 42 40 136
f 141 42 136
f 142 43 49
f 43 142 149
f 143 43 149
f 44 43 143
f 44 144 45
f 143 144 44
f 36 50 47
f 36 47 137
f 48 145 37
f 147 155 138
f 155 164 124
f 150 45 144
f 45 428 50
f 50 151 48
f 428 151 50
f 151 152 48
f 152 145 48
f 145 153 146
f 145 152 153
f 147 154 155
f 125 124 179
f 125 165 148
f 125 179 165
f 141 52 42
f 156 52 141
f 157 49 54
f 142 49 157
f 151 318 152
f 158 152 318
f 158 153 152
f 146 153 147
f 154 153 55
f 147 153 154
f 154 55 56
f 159 154 56
f 155 154 159
f 155 159 164
f 124 164 179
f 156 57 52
f 59 157 54
f 157 59 160
f 153 158 161
f 162 153 161
f 153 162 55
f 162 62 55
f 62 163 159
f 62 159 56
f 159 163 164
f 57 167 166
f 57 156 167
f 166 58 57
f 168 58 166
f 168 60 58
f 169 59 61
f 160 59 169
f 170 176 62
f 162 170 62
f 176 163 62
f 171 163 176
f 163 171 164
f 164 171 178
f 164 178 179
f 179 180 165
f 167 172 166
f 172 63 166
f 173 166 63
f 168 166 173
f 174 61 168
f 174 169 61
f 175 169 174
f 171 176 177
f 188 171 177
f 171 188 189
f 178 171 189
f 182 181 326
f 181 183 326
f 326 183 172
f 183 64 63
f 183 63 172
f 66 173 63
f 173 66 65
f 173 65 168
f 168 65 68
f 168 68 174
f 175 174 184
f 174 68 184
f 68 346 184
f 345 181 182
f 345 192 181
f 181 192 183
f 183 192 193
f 183 193 64
f 194 66 64
f 194 64 193
f 194 67 66
f 67 195 68
f 346 68 196
f 68 195 196
f 195 197 196
f 197 198 196
f 199 200 197
f 197 200 198
f 202 201 199
f 199 201 200
f 201 202 185
f 202 203 185
f 185 203 186
f 186 204 187
f 186 203 204
f 206 205 204
f 210 355 209
f 210 209 345
f 345 211 192
f 345 209 211
f 192 212 193
f 192 211 212
f 193 213 194
f 193 212 213
f 194 213 67
f 213 195 67
f 195 214 197
f 195 213 214
f 197 215 199
f 197 214 215
f 199 215 202
f 202 216 203
f 202 215 216
f 203 217 204
f 204 217 69
f 204 69 70
f 204 70 206
f 206 70 71
f 206 218 207
f 206 71 218
f 207 218 219
f 218 220 219
f 209 355 221
f 209 221 222
f 360 211 223
f 211 222 223
f 211 209 222
f 212 211 362
f 224 212 362
f 214 240 215
f 215 240 225
f 215 225 216
f 203 226 217
f 203 216 226
f 217 226 69
f 227 70 69
f 227 69 226
f 227 71 70
f 71 227 72
f 71 72 73
f 71 73 218
f 228 218 73
f 218 229 220
f 218 228 229
f 222 221 366
f 222 366 223
f 224 362 230
f 212 224 213
f 213 224 231
f 213 231 214
f 214 231 240
f 225 233 216
f 225 232 233
f 216 234 226
f 216 233 234
f 226 235 227
f 226 234 235
f 227 235 72
f 247 73 72
f 247 72 235
f 247 228 73
f 236 228 247
f 229 236 237
f 229 228 236
f 238 224 230
f 224 238 249
f 224 249 231
f 231 249 250
f 231 250 239
f 231 239 240
f 242 241 240
f 240 241 225
f 225 241 243
f 232 243 74
f 225 243 232
f 232 74 75
f 232 75 233
f 244 75 80
f 75 244 233
f 245 233 244
f 233 245 234
f 234 245 246
f 234 246 235
f 235 246 247
f 236 247 380
f 236 380 237
f 249 238 248
f 241 242 251
f 241 252 243
f 241 251 252
f 252 77 74
f 252 74 243
f 257 254 253
f 253 254 244
f 253 244 80
f 79 253 80
f 394 251 255
f 252 394 256
f 252 251 394
f 252 256 77
f 256 257 77
f 253 78 257
f 78 77 257
f 78 253 79
f 258 81 259
f 81 260 259
f 81 84 260
f 260 84 261
f 272 263 262
f 82 263 272
f 82 264 263
f 265 264 82
f 258 83 81
f 267 266 259
f 84 259 266
f 259 84 258
f 83 258 84
f 261 84 268
f 84 266 268
f 266 279 268
f 270 269 279
f 279 269 268
f 269 270 262
f 262 270 271
f 262 271 272
f 272 85 82
f 85 273 265
f 85 265 82
f 275 274 83
f 274 87 83
f 83 88 275
f 276 275 88
f 275 276 267
f 266 267 276
f 266 276 279
f 279 280 270
f 270 280 271
f 271 277 272
f 277 85 272
f 89 273 85
f 89 90 273
f 274 91 87
f 94 278 276
f 94 276 88
f 276 278 279
f 279 283 280
f 277 280 92
f 271 280 277
f 90 95 281
f 94 91 286
f 91 282 286
f 91 274 282
f 286 278 94
f 283 278 286
f 278 283 279
f 280 283 99
f 99 92 280
f 95 284 281
f 96 97 285
f 286 285 97
f 286 282 285
f 286 287 283
f 283 287 288
f 288 98 99
f 283 288 99
f 284 10 289
f 95 10 284
f 291 290 96
f 291 96 285
f 104 286 97
f 287 104 105
f 286 104 287
f 287 105 288
f 288 105 106
f 14 295 289
f 14 289 10
f 296 289 295
f 102 292 111
f 293 292 102
f 293 102 290
f 293 290 294
f 294 290 291
f 295 14 110
f 298 297 111
f 298 111 292
f 110 299 295
f 110 127 299
f 296 295 299
f 119 300 118
f 301 119 120
f 301 120 121
f 302 121 130
f 302 301 121
f 304 303 130
f 130 303 302
f 122 303 304
f 122 305 303
f 306 122 307
f 306 305 122
f 307 297 298
f 308 127 128
f 299 127 308
f 118 309 129
f 300 309 118
f 128 310 308
f 140 310 128
f 309 311 129
f 311 136 129
f 139 312 140
f 312 310 140
f 311 141 136
f 424 141 311
f 313 144 143
f 313 143 149
f 312 139 314
f 314 139 148
f 425 141 424
f 315 149 142
f 313 149 315
f 313 315 144
f 315 426 144
f 426 150 144
f 150 316 45
f 426 316 150
f 316 428 45
f 425 156 141
f 157 315 142
f 317 315 157
f 428 430 151
f 151 430 318
f 165 319 148
f 314 148 319
f 432 156 425
f 160 317 157
f 160 320 317
f 318 430 321
f 321 430 322
f 323 158 318
f 321 323 318
f 161 158 323
f 165 440 319
f 167 432 435
f 167 156 432
f 320 169 329
f 160 169 320
f 322 439 321
f 324 321 439
f 324 323 321
f 323 325 161
f 323 324 325
f 325 162 161
f 170 162 325
f 165 338 440
f 180 338 165
f 326 328 327
f 326 172 328
f 172 167 435
f 328 172 435
f 169 330 329
f 175 330 169
f 331 324 446
f 331 325 324
f 325 331 332
f 325 333 170
f 325 332 333
f 333 176 170
f 177 176 333
f 335 178 334
f 336 179 178
f 336 178 335
f 337 180 179
f 337 179 336
f 180 337 338
f 337 353 338
f 353 354 338
f 327 182 326
f 447 182 327
f 346 175 184
f 346 330 175
f 446 339 185
f 186 331 446
f 185 186 446
f 331 186 187
f 331 187 332
f 340 332 187
f 333 332 340
f 333 340 205
f 333 205 177
f 341 188 177
f 205 341 177
f 342 189 188
f 342 188 341
f 334 178 189
f 342 334 189
f 343 334 342
f 335 343 190
f 334 343 335
f 335 190 208
f 335 208 336
f 336 208 191
f 344 336 191
f 337 336 344
f 337 344 353
f 182 358 345
f 447 358 182
f 198 346 196
f 347 346 198
f 348 198 200
f 348 347 198
f 349 348 200
f 339 200 201
f 339 349 200
f 201 185 339
f 204 340 187
f 340 204 205
f 205 206 207
f 205 207 341
f 341 207 219
f 342 341 219
f 342 350 343
f 342 219 350
f 343 351 190
f 350 351 343
f 351 208 190
f 352 191 208
f 352 208 351
f 352 344 191
f 344 352 353
f 210 356 355
f 210 357 356
f 358 210 345
f 357 210 358
f 219 220 350
f 359 350 220
f 351 350 359
f 351 359 352
f 352 374 353
f 354 353 452
f 452 353 374
f 457 355 356
f 221 355 457
f 361 211 360
f 362 211 361
f 229 363 359
f 229 359 220
f 359 363 371
f 359 371 364
f 359 364 352
f 352 364 374
f 457 365 221
f 221 365 366
f 366 375 223
f 375 367 223
f 367 360 223
f 368 360 367
f 368 361 360
f 361 369 362
f 361 368 369
f 369 230 362
f 363 229 237
f 370 363 237
f 363 370 371
f 371 372 364
f 364 372 373
f 364 373 374
f 452 374 383
f 365 375 366
f 369 368 376
f 369 376 230
f 230 377 238
f 376 377 230
f 242 240 239
f 378 245 244
f 246 378 379
f 245 378 246
f 380 247 246
f 237 381 370
f 237 380 381
f 370 391 371
f 370 381 391
f 463 372 391
f 372 371 391
f 382 372 463
f 382 373 372
f 373 383 374
f 373 382 383
f 535 248 238
f 377 535 238
f 392 249 248
f 392 248 535
f 384 250 249
f 384 249 392
f 384 239 250
f 239 385 242
f 239 384 385
f 385 251 242
f 254 257 387
f 388 254 387
f 244 254 378
f 378 254 388
f 246 379 469
f 246 469 380
f 389 380 469
f 390 381 389
f 381 380 389
f 381 390 391
f 384 392 385
f 385 392 393
f 385 393 251
f 393 255 251
f 393 476 255
f 543 394 255
f 476 543 255
f 394 543 386
f 256 394 386
f 256 386 257
f 257 386 387
f 261 259 260
f 262 396 395
f 396 262 263
f 397 396 263
f 397 263 264
f 398 264 265
f 398 397 264
f 400 399 261
f 399 259 261
f 399 267 259
f 268 400 261
f 401 400 268
f 401 269 395
f 268 269 401
f 395 269 262
f 273 398 265
f 273 402 398
f 275 403 274
f 275 267 399
f 275 399 403
f 90 402 273
f 90 404 402
f 487 274 403
f 90 281 404
f 487 282 274
f 405 282 487
f 284 407 281
f 282 406 285
f 405 406 282
f 407 284 289
f 407 289 408
f 406 291 285
f 491 291 406
f 296 408 289
f 409 292 293
f 293 410 409
f 293 294 410
f 294 291 491
f 294 491 410
f 298 412 411
f 298 292 412
f 412 292 409
f 299 413 296
f 119 414 300
f 415 119 301
f 415 414 119
f 415 301 302
f 415 302 303
f 416 303 305
f 416 415 303
f 416 305 421
f 306 417 305
f 305 417 421
f 306 418 417
f 306 307 418
f 307 298 411
f 418 307 411
f 419 413 308
f 413 299 308
f 414 309 300
f 420 309 414
f 310 419 308
f 423 419 310
f 309 420 311
f 311 420 422
f 310 312 423
f 422 424 311
f 513 312 314
f 427 316 426
f 428 316 427
f 513 314 431
f 317 433 426
f 317 426 315
f 426 429 427
f 426 433 429
f 427 429 428
f 429 430 428
f 431 314 319
f 320 433 317
f 429 433 434
f 429 434 430
f 434 322 430
f 432 436 435
f 437 320 329
f 433 320 437
f 433 443 434
f 433 437 443
f 434 443 438
f 434 439 322
f 438 439 434
f 328 441 327
f 441 435 436
f 328 435 441
f 330 442 329
f 442 449 329
f 449 437 329
f 437 449 443
f 438 443 444
f 445 438 444
f 445 439 438
f 439 446 324
f 445 446 439
f 440 338 354
f 521 440 354
f 447 448 450
f 447 327 448
f 327 441 448
f 346 442 330
f 442 347 449
f 442 346 347
f 347 451 449
f 445 444 339
f 339 444 522
f 445 339 446
f 450 358 447
f 348 451 347
f 522 348 349
f 522 451 348
f 349 339 522
f 455 354 452
f 357 454 356
f 356 454 453
f 357 358 454
f 453 454 456
f 457 453 456
f 453 457 356
f 455 452 460
f 457 603 365
f 603 458 365
f 367 375 458
f 459 367 458
f 368 367 459
f 452 461 460
f 383 461 452
f 458 375 365
f 459 530 368
f 368 530 376
f 530 462 376
f 376 532 377
f 462 532 376
f 383 464 461
f 535 377 465
f 467 386 466
f 387 386 467
f 387 467 388
f 388 468 378
f 388 467 468
f 468 379 378
f 468 537 379
f 379 537 469
f 389 469 538
f 389 538 470
f 471 390 389
f 390 615 391
f 471 615 390
f 391 472 463
f 391 615 472
f 463 472 382
f 472 473 382
f 382 464 383
f 473 464 382
f 392 475 393
f 474 475 392
f 475 476 393
f 543 466 386
f 471 389 470
f 477 395 396
f 477 545 395
f 478 477 396
f 478 397 482
f 478 396 397
f 398 479 397
f 397 479 482
f 400 546 399
f 481 400 401
f 481 546 400
f 401 395 545
f 401 545 481
f 402 479 398
f 483 479 402
f 479 483 480
f 484 480 483
f 403 399 546
f 403 546 485
f 404 483 402
f 484 483 486
f 483 404 486
f 487 403 485
f 488 487 485
f 489 404 281
f 486 404 489
f 487 488 405
f 407 494 489
f 407 489 281
f 490 406 405
f 405 488 490
f 407 408 494
f 406 492 491
f 490 492 406
f 490 493 492
f 296 494 408
f 495 410 491
f 495 491 492
f 296 504 494
f 412 496 411
f 566 412 409
f 566 496 412
f 409 410 566
f 413 504 296
f 415 497 414
f 415 498 497
f 416 499 415
f 415 499 498
f 499 416 500
f 421 500 416
f 421 501 500
f 417 418 501
f 418 502 501
f 503 418 411
f 503 502 418
f 411 496 503
f 504 413 419
f 505 420 497
f 497 420 414
f 505 497 506
f 506 497 507
f 498 508 507
f 497 498 507
f 508 498 499
f 421 417 501
f 504 419 509
f 509 419 423
f 422 511 510
f 511 422 506
f 420 506 422
f 506 420 505
f 511 506 507
f 312 512 423
f 512 509 423
f 580 422 510
f 424 422 580
f 513 512 312
f 580 425 424
f 515 425 580
f 514 513 431
f 319 516 431
f 516 514 431
f 517 514 516
f 515 432 425
f 587 432 515
f 440 516 319
f 517 516 519
f 436 587 518
f 432 587 436
f 440 519 516
f 518 590 441
f 518 441 436
f 520 443 449
f 444 443 520
f 521 519 440
f 590 593 448
f 448 593 450
f 448 441 590
f 520 449 451
f 520 522 444
f 520 451 522
f 593 524 450
f 455 521 354
f 523 521 526
f 526 521 455
f 358 525 454
f 358 450 524
f 358 524 525
f 602 526 455
f 456 527 457
f 456 454 525
f 456 525 527
f 460 602 455
f 527 603 457
f 603 529 458
f 459 529 528
f 459 458 529
f 605 530 459
f 528 605 459
f 531 530 605
f 461 534 460
f 534 602 460
f 462 530 531
f 532 462 531
f 377 532 465
f 533 534 461
f 464 533 461
f 608 535 465
f 466 609 467
f 467 536 468
f 468 536 537
f 537 538 469
f 544 614 471
f 614 615 471
f 472 616 473
f 615 616 472
f 464 616 533
f 464 473 616
f 608 540 535
f 540 392 535
f 474 540 541
f 392 540 474
f 542 475 474
f 542 474 541
f 620 475 542
f 476 475 620
f 620 543 476
f 538 539 470
f 539 544 470
f 471 470 544
f 545 547 481
f 547 477 548
f 545 477 547
f 548 477 478
f 548 478 694
f 694 478 482
f 549 694 482
f 549 482 479
f 550 479 480
f 549 479 550
f 484 551 480
f 551 550 480
f 546 552 485
f 553 546 481
f 552 546 553
f 553 547 554
f 481 547 553
f 554 547 548
f 486 551 484
f 486 555 551
f 485 552 488
f 552 553 554
f 555 489 556
f 486 489 555
f 557 488 552
f 557 552 554
f 494 558 556
f 494 556 489
f 631 556 558
f 557 490 488
f 558 559 631
f 557 493 490
f 633 493 557
f 494 563 558
f 558 560 559
f 558 563 560
f 561 410 495
f 561 637 410
f 561 495 492
f 562 492 493
f 562 561 492
f 493 633 562
f 504 563 494
f 560 563 564
f 566 565 496
f 566 410 637
f 504 570 563
f 563 570 571
f 563 571 564
f 567 564 571
f 568 500 501
f 568 643 500
f 569 501 502
f 569 568 501
f 569 503 565
f 502 503 569
f 565 503 496
f 567 571 574
f 508 646 507
f 572 508 499
f 499 500 643
f 499 643 572
f 509 570 504
f 570 573 571
f 570 509 573
f 574 573 579
f 574 571 573
f 510 576 575
f 577 510 511
f 577 576 510
f 578 511 507
f 578 577 511
f 507 646 578
f 573 509 512
f 579 573 512
f 575 581 580
f 575 580 510
f 579 512 582
f 582 512 513
f 580 581 584
f 584 581 656
f 584 515 580
f 514 582 513
f 583 584 656
f 517 582 514
f 517 585 582
f 583 587 584
f 587 515 584
f 588 517 519
f 585 517 588
f 583 586 589
f 589 518 587
f 583 589 587
f 519 666 588
f 589 586 590
f 590 586 591
f 590 518 589
f 666 521 592
f 519 521 666
f 591 593 590
f 523 595 592
f 523 592 521
f 594 524 593
f 594 597 524
f 597 596 525
f 525 524 597
f 602 598 526
f 598 523 526
f 600 599 527
f 527 525 596
f 527 596 600
f 599 603 527
f 603 604 529
f 528 529 601
f 601 529 604
f 601 605 528
f 605 678 531
f 534 606 602
f 598 602 606
f 531 678 532
f 465 532 678
f 465 678 607
f 684 533 617
f 534 533 684
f 534 684 606
f 607 608 465
f 609 610 467
f 467 610 536
f 610 611 536
f 536 612 537
f 611 612 536
f 538 612 539
f 537 612 538
f 614 544 613
f 616 617 533
f 608 618 540
f 541 540 618
f 619 620 542
f 620 466 543
f 613 544 688
f 544 539 688
f 542 541 618
f 621 548 622
f 548 694 622
f 550 694 549
f 623 550 551
f 623 551 624
f 548 621 554
f 621 622 628
f 624 555 625
f 551 555 624
f 626 627 555
f 555 627 625
f 621 628 554
f 626 555 556
f 627 626 629
f 629 626 556
f 554 630 557
f 554 628 630
f 629 556 631
f 557 630 632
f 559 635 631
f 632 633 557
f 632 634 633
f 559 560 635
f 562 638 561
f 638 562 633
f 634 638 633
f 564 635 560
f 564 636 635
f 564 642 636
f 640 565 566
f 640 639 565
f 640 566 637
f 640 637 561
f 640 561 641
f 641 561 638
f 567 642 564
f 568 644 643
f 568 710 644
f 568 569 710
f 703 569 565
f 710 569 703
f 703 565 639
f 574 642 567
f 574 645 642
f 646 647 807
f 646 508 647
f 648 572 643
f 508 572 648
f 648 643 644
f 649 574 579
f 645 574 649
f 652 575 576
f 652 650 575
f 652 577 651
f 652 576 577
f 578 653 577
f 577 653 651
f 646 653 578
f 646 654 653
f 646 807 654
f 579 658 649
f 575 650 655
f 655 581 575
f 582 658 579
f 656 655 657
f 656 581 655
f 656 657 583
f 657 659 583
f 585 658 582
f 659 586 583
f 662 586 659
f 661 665 660
f 661 663 665
f 664 585 588
f 591 586 662
f 664 588 667
f 667 588 666
f 592 667 666
f 594 593 591
f 595 669 592
f 594 668 597
f 523 670 595
f 670 669 595
f 668 671 597
f 671 596 597
f 523 672 670
f 598 672 523
f 671 599 600
f 671 673 599
f 671 744 596
f 744 671 674
f 600 674 671
f 674 600 675
f 596 675 600
f 675 596 744
f 744 601 675
f 676 601 744
f 601 676 745
f 598 680 672
f 673 677 599
f 599 677 603
f 675 604 674
f 604 677 674
f 604 603 677
f 604 675 601
f 601 745 605
f 745 749 605
f 749 678 605
f 606 680 598
f 681 607 678
f 679 681 678
f 759 611 682
f 683 611 759
f 684 761 606
f 680 606 761
f 681 685 607
f 685 608 607
f 466 861 609
f 609 765 610
f 861 765 609
f 610 765 682
f 610 682 611
f 686 611 683
f 686 612 611
f 612 687 539
f 686 687 612
f 689 688 539
f 689 539 687
f 689 613 688
f 690 613 689
f 613 690 614
f 614 690 615
f 615 691 616
f 616 691 617
f 684 617 691
f 608 685 618
f 618 685 771
f 771 692 542
f 619 542 692
f 692 772 619
f 772 620 619
f 620 773 466
f 772 773 620
f 542 618 771
f 774 622 694
f 774 693 622
f 775 694 550
f 695 628 693
f 628 622 693
f 696 623 624
f 696 624 625
f 697 625 627
f 697 696 625
f 628 777 630
f 777 628 695
f 629 697 627
f 629 698 697
f 630 777 699
f 698 631 700
f 629 631 698
f 701 632 630
f 699 701 630
f 635 700 631
f 636 700 635
f 790 632 701
f 790 634 632
f 634 702 638
f 634 790 702
f 639 704 703
f 639 640 704
f 705 704 640
f 705 641 706
f 705 640 641
f 641 707 706
f 702 641 638
f 702 707 641
f 710 709 644
f 645 711 708
f 645 708 642
f 712 508 648
f 712 647 508
f 712 648 644
f 644 709 712
f 711 645 649
f 713 711 649
f 809 654 807
f 658 718 649
f 713 649 718
f 714 655 650
f 715 650 652
f 714 650 715
f 651 715 652
f 653 716 651
f 651 716 715
f 654 717 653
f 653 717 716
f 809 717 654
f 658 723 718
f 719 655 714
f 719 657 655
f 715 720 714
f 715 820 720
f 820 715 716
f 719 659 657
f 724 659 719
f 660 725 721
f 660 721 661
f 661 721 722
f 822 661 722
f 585 723 658
f 585 729 723
f 724 662 659
f 726 662 724
f 727 725 660
f 727 731 725
f 665 727 660
f 663 822 728
f 663 661 822
f 664 729 585
f 726 730 591
f 662 726 591
f 731 727 732
f 732 727 665
f 733 732 665
f 665 663 728
f 733 665 728
f 667 729 664
f 667 734 729
f 591 730 594
f 730 668 594
f 592 734 667
f 669 734 592
f 669 737 734
f 735 736 668
f 670 737 669
f 671 736 738
f 671 668 736
f 672 739 670
f 739 737 670
f 740 738 741
f 743 841 742
f 738 673 671
f 673 738 740
f 744 674 743
f 742 744 743
f 676 746 745
f 744 746 676
f 747 745 746
f 680 753 672
f 739 672 748
f 748 672 753
f 741 743 740
f 673 740 743
f 673 743 677
f 677 743 674
f 749 745 747
f 678 750 679
f 749 750 678
f 679 750 751
f 679 751 681
f 755 754 681
f 751 755 681
f 755 756 754
f 853 757 756
f 853 756 755
f 759 758 752
f 759 682 758
f 759 760 683
f 761 753 680
f 754 685 681
f 762 756 757
f 754 756 762
f 764 757 763
f 762 757 764
f 763 692 764
f 859 692 763
f 682 765 758
f 760 686 683
f 766 686 760
f 766 687 686
f 687 766 689
f 689 767 690
f 766 767 689
f 615 768 691
f 690 768 615
f 691 769 684
f 684 769 761
f 761 769 770
f 685 754 771
f 754 762 771
f 771 764 692
f 771 762 764
f 859 772 692
f 466 773 861
f 693 774 866
f 775 774 694
f 868 550 623
f 868 775 550
f 866 776 695
f 866 695 693
f 779 868 623
f 779 623 696
f 779 696 697
f 695 778 777
f 776 778 695
f 697 873 779
f 697 698 873
f 780 699 777
f 777 781 780
f 778 781 777
f 782 778 776
f 781 778 782
f 783 873 698
f 783 698 700
f 785 784 699
f 784 701 699
f 785 699 780
f 781 782 786
f 782 787 786
f 636 783 700
f 636 789 783
f 791 790 701
f 701 784 791
f 794 793 787
f 787 788 794
f 636 796 789
f 790 795 702
f 792 793 890
f 890 793 794
f 642 708 796
f 636 642 796
f 708 797 796
f 798 706 707
f 707 702 795
f 708 799 797
f 710 801 709
f 709 801 800
f 710 802 801
f 710 703 802
f 803 703 704
f 802 703 803
f 803 704 705
f 803 705 804
f 804 705 706
f 805 804 706
f 805 706 798
f 711 799 708
f 711 806 799
f 808 647 712
f 712 709 800
f 808 712 800
f 713 806 711
f 809 807 647
f 810 717 809
f 723 817 718
f 718 817 713
f 814 719 714
f 720 814 714
f 820 716 815
f 815 717 810
f 716 717 815
f 821 812 721
f 811 722 812
f 722 721 812
f 811 816 722
f 811 813 816
f 819 724 814
f 814 724 719
f 819 814 720
f 818 819 720
f 818 720 820
f 821 725 919
f 721 725 821
f 816 822 722
f 816 823 822
f 817 723 824
f 824 723 729
f 925 726 819
f 726 724 819
f 826 825 919
f 731 826 725
f 725 826 919
f 728 822 827
f 823 827 822
f 824 729 834
f 925 828 730
f 925 730 726
f 829 825 826
f 831 825 829
f 931 826 731
f 931 829 826
f 731 830 931
f 731 732 830
f 733 830 732
f 733 728 827
f 734 834 729
f 828 668 730
f 831 829 832
f 832 829 931
f 734 833 834
f 668 828 735
f 737 833 734
f 834 833 837
f 835 736 828
f 736 735 828
f 737 836 833
f 833 838 837
f 833 836 838
f 839 736 835
f 738 736 839
f 739 840 836
f 739 836 737
f 836 947 838
f 836 840 947
f 741 839 841
f 741 738 839
f 842 742 841
f 742 842 744
f 842 843 744
f 744 843 746
f 746 844 747
f 843 844 746
f 844 845 747
f 748 840 739
f 840 846 947
f 840 748 846
f 841 743 741
f 845 749 747
f 847 749 845
f 847 750 749
f 849 759 752
f 848 849 752
f 956 759 849
f 753 850 748
f 748 851 846
f 748 850 851
f 750 951 751
f 951 755 751
f 951 852 755
f 852 853 755
f 853 854 757
f 862 855 758
f 752 758 848
f 848 758 855
f 760 759 956
f 956 856 760
f 857 766 856
f 761 858 753
f 858 850 753
f 850 858 851
f 854 763 757
f 859 763 854
f 861 862 765
f 758 765 862
f 856 766 760
f 767 766 857
f 863 767 857
f 863 690 767
f 690 1172 768
f 863 1172 690
f 691 864 769
f 768 864 691
f 769 864 770
f 761 770 858
f 859 860 772
f 772 865 773
f 860 865 772
f 861 773 865
f 867 774 775
f 867 866 774
f 869 867 775
f 869 775 868
f 866 870 776
f 967 870 866
f 869 868 871
f 779 871 868
f 872 870 967
f 871 779 874
f 873 874 779
f 875 782 870
f 870 782 776
f 876 870 872
f 875 870 876
f 872 877 876
f 874 873 881
f 783 878 873
f 878 881 873
f 780 879 785
f 781 879 780
f 781 786 879
f 782 875 787
f 787 875 788
f 788 875 876
f 973 880 788
f 877 973 788
f 876 877 788
f 881 878 882
f 783 789 878
f 789 882 878
f 789 883 882
f 791 884 790
f 791 784 785
f 885 791 785
f 884 791 885
f 785 886 885
f 879 886 785
f 886 879 792
f 792 879 793
f 793 879 786
f 793 786 787
f 887 794 788
f 880 887 788
f 880 979 887
f 880 973 979
f 883 789 888
f 888 789 796
f 884 795 790
f 889 795 884
f 885 886 897
f 890 886 792
f 794 891 890
f 887 891 794
f 892 887 979
f 797 888 796
f 797 893 888
f 707 895 894
f 707 795 895
f 795 889 895
f 897 886 896
f 898 886 890
f 896 886 898
f 899 890 891
f 898 890 899
f 900 891 887
f 899 891 900
f 887 892 900
f 799 893 797
f 799 901 893
f 801 802 992
f 802 902 992
f 903 802 803
f 903 902 802
f 903 803 804
f 805 904 804
f 805 905 904
f 805 798 905
f 798 707 894
f 905 798 894
f 906 899 996
f 898 899 906
f 996 899 900
f 806 901 799
f 806 907 901
f 808 908 647
f 808 909 908
f 808 800 909
f 909 801 992
f 800 801 909
f 910 903 804
f 910 804 904
f 896 898 911
f 911 898 906
f 713 907 806
f 713 912 907
f 913 809 647
f 913 647 908
f 713 1017 912
f 809 915 810
f 812 916 914
f 811 812 914
f 813 811 914
f 1015 813 914
f 1024 1017 713
f 917 815 810
f 918 917 810
f 918 810 915
f 1014 821 919
f 821 1014 916
f 812 821 916
f 920 813 1015
f 816 813 920
f 817 1027 713
f 713 1027 1024
f 820 921 818
f 1025 921 820
f 1025 820 815
f 920 823 816
f 923 823 920
f 1027 824 924
f 1027 817 824
f 819 926 925
f 818 926 819
f 825 927 922
f 825 922 919
f 923 928 823
f 823 928 827
f 834 929 824
f 824 929 924
f 930 828 925
f 925 926 930
f 831 935 825
f 825 935 927
f 933 932 931
f 830 933 931
f 830 934 933
f 928 830 733
f 928 934 830
f 733 827 928
f 1042 828 930
f 936 935 831
f 932 831 832
f 932 936 831
f 832 931 932
f 929 834 937
f 938 828 1042
f 837 939 834
f 834 939 937
f 938 1052 835
f 938 835 828
f 940 939 838
f 838 939 837
f 835 941 839
f 1052 941 835
f 944 943 942
f 945 844 943
f 945 943 944
f 946 844 945
f 940 838 947
f 940 947 948
f 941 841 839
f 941 842 841
f 943 842 941
f 842 943 843
f 843 943 844
f 845 844 946
f 949 845 946
f 947 950 948
f 947 846 950
f 845 949 847
f 847 1060 750
f 949 1060 847
f 952 951 750
f 1060 952 750
f 953 951 952
f 959 954 848
f 848 955 849
f 954 955 848
f 849 955 956
f 851 950 846
f 851 957 950
f 852 951 953
f 958 852 953
f 958 853 852
f 853 1071 854
f 958 1071 853
f 855 862 1072
f 959 855 1072
f 848 855 959
f 955 1066 956
f 1066 856 956
f 1066 960 856
f 856 961 857
f 960 961 856
f 961 863 857
f 957 858 963
f 851 858 957
f 859 854 964
f 854 1071 964
f 964 860 859
f 861 865 1076
f 862 861 1076
f 863 961 962
f 863 962 1172
f 858 770 963
f 770 864 963
f 964 965 860
f 1076 865 965
f 865 860 965
f 867 966 866
f 867 869 966
f 866 966 967
f 968 966 869
f 967 966 968
f 871 968 869
f 967 969 872
f 967 968 969
f 970 968 871
f 970 969 968
f 871 874 970
f 971 872 969
f 971 877 872
f 971 969 970
f 971 970 972
f 970 975 972
f 874 975 970
f 881 975 874
f 877 974 973
f 877 971 974
f 976 975 881
f 976 881 882
f 977 976 882
f 882 883 977
f 977 883 978
f 973 974 979
f 979 974 980
f 978 888 984
f 883 888 978
f 981 889 884
f 982 884 885
f 981 884 982
f 897 982 885
f 980 983 979
f 892 979 983
f 888 985 984
f 893 985 888
f 895 986 894
f 895 889 981
f 987 895 981
f 986 895 987
f 987 981 982
f 987 982 988
f 982 897 988
f 989 900 892
f 990 989 892
f 983 990 892
f 901 985 893
f 901 991 985
f 905 1088 904
f 993 905 894
f 993 1088 905
f 894 986 993
f 988 995 994
f 988 896 995
f 988 897 896
f 900 997 996
f 989 997 900
f 989 998 997
f 989 990 998
f 907 991 901
f 907 999 991
f 992 1000 909
f 1000 992 902
f 1000 902 903
f 910 1001 903
f 1001 1000 903
f 1001 910 1002
f 910 904 1002
f 904 1088 1002
f 1009 995 896
f 1009 911 1003
f 1009 896 911
f 911 1004 1003
f 911 906 1004
f 1005 906 996
f 1004 906 1005
f 1005 996 997
f 999 912 1006
f 907 912 999
f 913 908 1099
f 1007 908 909
f 1099 908 1007
f 1007 909 1000
f 1008 1000 1001
f 1010 1009 914
f 1003 1011 914
f 1009 1003 914
f 1017 1006 912
f 1012 1006 1017
f 1013 915 809
f 1013 809 913
f 1013 913 1099
f 914 916 1010
f 1011 1015 914
f 1011 1016 1015
f 1024 1018 1017
f 918 1113 917
f 1019 918 915
f 1019 1113 918
f 1019 915 1013
f 1022 1021 1020
f 1021 1022 1108
f 919 1021 1108
f 919 1108 1014
f 1016 920 1015
f 1023 920 1016
f 917 1025 815
f 1113 1025 917
f 1020 922 1125
f 922 1020 1021
f 922 1021 919
f 1023 1026 923
f 920 1023 923
f 1027 1126 1024
f 818 1028 926
f 921 1028 818
f 1125 1031 1030
f 1031 1125 922
f 927 1031 922
f 1032 1133 928
f 1032 928 1026
f 1026 928 923
f 929 1033 924
f 924 1033 1027
f 1028 1044 926
f 1035 1034 1029
f 1036 1029 1030
f 1035 1029 1036
f 1038 1030 1031
f 1036 1030 1038
f 1037 927 935
f 927 1037 1031
f 1038 1031 1037
f 935 1039 1037
f 932 933 1040
f 933 1041 1040
f 1133 933 934
f 1133 1041 933
f 934 928 1133
f 929 1048 1033
f 930 1043 1042
f 1043 930 926
f 1044 1043 926
f 1046 1034 1035
f 1045 1034 1046
f 1036 1047 1046
f 1035 1036 1046
f 1047 1036 1038
f 935 936 1039
f 1039 936 932
f 1039 932 1040
f 937 1048 929
f 1042 1049 938
f 1050 1042 1043
f 1049 1042 1050
f 1048 939 1051
f 937 939 1048
f 1053 938 1049
f 1052 938 1053
f 1054 1049 1050
f 1053 1049 1054
f 1054 1050 1055
f 940 1057 939
f 1057 1051 939
f 941 1053 943
f 941 1052 1053
f 943 1053 942
f 942 1053 1054
f 942 1054 944
f 944 1054 1055
f 944 1055 945
f 945 1055 1056
f 1058 945 1056
f 1058 946 945
f 948 1059 1057
f 948 1057 940
f 949 1058 1155
f 949 946 1058
f 1060 949 1155
f 948 950 1059
f 950 1061 1059
f 1159 952 1060
f 952 1062 953
f 1159 1062 952
f 1073 1063 959
f 1063 954 959
f 1064 954 1063
f 954 1065 955
f 1064 1065 954
f 1067 1066 955
f 1065 1067 955
f 1069 1061 957
f 1061 950 957
f 1062 1070 953
f 953 1070 958
f 958 1070 1071
f 1072 862 1077
f 959 1072 1073
f 1066 1067 960
f 960 1067 1068
f 1165 960 1068
f 1165 961 960
f 961 1165 962
f 1165 1074 962
f 1074 1172 962
f 963 1069 957
f 1079 1069 963
f 1075 1071 1070
f 964 1071 1075
f 1075 1076 965
f 862 1076 1077
f 768 1078 864
f 1172 1078 768
f 864 1079 963
f 1078 1079 864
f 965 964 1075
f 1080 974 971
f 972 1082 1081
f 1080 972 1081
f 971 972 1080
f 1082 972 975
f 1083 1082 975
f 1083 975 976
f 1081 1084 1080
f 1084 974 1080
f 1084 980 974
f 978 984 1085
f 983 980 1086
f 980 1084 1086
f 985 1085 984
f 983 1086 1087
f 1186 983 1087
f 990 983 1186
f 1089 1088 993
f 1090 993 986
f 1089 993 1090
f 1091 986 994
f 986 987 994
f 1091 1090 986
f 994 987 988
f 1186 998 990
f 1092 998 1186
f 999 1192 991
f 1002 1088 1093
f 1095 994 1094
f 1091 994 1095
f 995 1096 994
f 994 1096 1094
f 995 1009 1096
f 1004 1005 1191
f 1191 997 1097
f 1191 1005 997
f 997 1092 1097
f 997 998 1092
f 1098 999 1006
f 1192 999 1098
f 1000 1100 1007
f 1008 1100 1000
f 1100 1008 1101
f 1008 1102 1101
f 1008 1001 1102
f 1001 1002 1093
f 1001 1093 1102
f 1094 1096 1103
f 1010 1096 1009
f 1010 1103 1096
f 1191 1197 1004
f 1197 1011 1004
f 1011 1003 1004
f 1006 1104 1098
f 1006 1012 1104
f 1099 1105 1013
f 1105 1099 1007
f 1117 1007 1100
f 1105 1007 1117
f 1117 1100 1106
f 1100 1101 1107
f 1100 1107 1106
f 1108 1109 1014
f 1014 1110 916
f 1109 1110 1014
f 1010 916 1110
f 1111 1016 1011
f 1111 1011 1197
f 1018 1112 1017
f 1112 1012 1017
f 1112 1104 1012
f 1019 1114 1113
f 1013 1114 1019
f 1013 1115 1114
f 1115 1013 1105
f 1116 1105 1117
f 1106 1107 1118
f 1119 1106 1118
f 1117 1106 1119
f 1120 1119 1118
f 1022 1020 1120
f 1016 1111 1211
f 1023 1016 1211
f 1024 1127 1018
f 1112 1018 1127
f 1121 1025 1113
f 1121 1113 1114
f 1131 1114 1115
f 1122 1105 1116
f 1122 1116 1123
f 1124 1116 1117
f 1123 1116 1124
f 1124 1117 1119
f 1125 1119 1120
f 1124 1119 1125
f 1020 1125 1120
f 1211 1216 1026
f 1026 1023 1211
f 1126 1127 1024
f 1028 921 1136
f 1136 1025 1128
f 1136 921 1025
f 1121 1128 1025
f 1129 1121 1114
f 1128 1121 1129
f 1129 1114 1130
f 1130 1114 1131
f 1131 1115 1105
f 1131 1105 1122
f 1132 1122 1123
f 1132 1124 1029
f 1132 1123 1124
f 1029 1124 1030
f 1030 1124 1125
f 1134 1218 1133
f 1032 1134 1133
f 1032 1216 1134
f 1032 1026 1216
f 1126 1027 1033
f 1144 1126 1033
f 1135 1044 1028
f 1135 1028 1136
f 1128 1137 1136
f 1129 1222 1137
f 1128 1129 1137
f 1222 1129 1130
f 1222 1130 1138
f 1138 1130 1139
f 1140 1131 1122
f 1140 1132 1034
f 1140 1122 1132
f 1034 1132 1029
f 1038 1037 1223
f 1037 1141 1223
f 1142 1037 1039
f 1142 1141 1037
f 1142 1039 1040
f 1218 1040 1041
f 1218 1142 1040
f 1041 1133 1218
f 1048 1143 1033
f 1144 1033 1143
f 1044 1228 1043
f 1044 1135 1228
f 1149 1139 1130
f 1131 1149 1130
f 1145 1131 1140
f 1149 1131 1145
f 1045 1145 1034
f 1034 1145 1140
f 1147 1146 1047
f 1047 1146 1046
f 1147 1038 1223
f 1047 1038 1147
f 1048 1148 1143
f 1228 1050 1043
f 1233 1050 1228
f 1149 1145 1150
f 1150 1145 1045
f 1151 1045 1046
f 1151 1150 1045
f 1046 1146 1151
f 1051 1148 1048
f 1051 1152 1148
f 1233 1153 1050
f 1050 1153 1055
f 1056 1153 1243
f 1055 1153 1056
f 1154 1051 1057
f 1152 1051 1154
f 1243 1058 1056
f 1243 1155 1058
f 1154 1057 1158
f 1059 1158 1057
f 1060 1155 1245
f 1253 1159 1060
f 1245 1253 1060
f 1161 1156 1157
f 1160 1156 1161
f 1157 1264 1161
f 1158 1059 1169
f 1059 1061 1169
f 1268 1062 1159
f 1253 1268 1159
f 1073 1162 1160
f 1073 1161 1063
f 1073 1160 1161
f 1264 1063 1161
f 1264 1064 1063
f 1064 1163 1065
f 1264 1163 1064
f 1065 1163 1067
f 1067 1164 1068
f 1163 1164 1067
f 1164 1165 1068
f 1166 1165 1164
f 1061 1069 1169
f 1268 1070 1062
f 1268 1170 1070
f 1070 1170 1276
f 1077 1271 1162
f 1072 1077 1162
f 1072 1162 1073
f 1165 1166 1167
f 1165 1167 1074
f 1074 1167 1168
f 1173 1172 1074
f 1168 1173 1074
f 1337 1172 1173
f 1169 1069 1079
f 1276 1171 1075
f 1070 1276 1075
f 1075 1171 1076
f 1076 1171 1077
f 1077 1171 1271
f 1337 1175 1172
f 1175 1078 1172
f 1079 1078 1174
f 1083 1176 1082
f 1083 1177 1176
f 1178 1083 976
f 1178 1177 1083
f 977 1178 976
f 977 978 1179
f 1181 1180 1081
f 1081 1180 1084
f 1182 1081 1082
f 1181 1081 1182
f 1182 1082 1176
f 1183 1179 978
f 978 1085 1183
f 1180 1086 1084
f 1280 1086 1180
f 1184 1183 1085
f 1184 1085 985
f 1185 1186 1087
f 1280 1185 1087
f 1086 1280 1087
f 991 1184 985
f 1088 1089 1187
f 1090 1091 1089
f 1284 1092 1185
f 1092 1186 1185
f 1093 1188 1285
f 1093 1088 1187
f 1188 1093 1187
f 1190 1189 1089
f 1091 1190 1089
f 1095 1190 1091
f 1284 1097 1092
f 1284 1289 1097
f 1285 1101 1102
f 1285 1290 1101
f 1285 1102 1093
f 1189 1190 1193
f 1193 1190 1095
f 1194 1193 1095
f 1094 1194 1095
f 1195 1193 1194
f 1196 1094 1103
f 1196 1194 1094
f 1103 1010 1196
f 1197 1191 1198
f 1198 1191 1199
f 1199 1191 1097
f 1289 1199 1097
f 1192 1098 1200
f 1104 1200 1098
f 1290 1107 1101
f 1295 1107 1290
f 1108 1022 1201
f 1202 1108 1201
f 1109 1202 1193
f 1109 1108 1202
f 1195 1203 1193
f 1203 1109 1193
f 1203 1205 1204
f 1110 1203 1204
f 1109 1203 1110
f 1196 1010 1206
f 1010 1204 1206
f 1204 1207 1206
f 1010 1110 1204
f 1197 1207 1111
f 1207 1197 1206
f 1206 1197 1208
f 1197 1198 1208
f 1200 1104 1212
f 1104 1112 1212
f 1107 1295 1118
f 1118 1297 1120
f 1295 1297 1118
f 1022 1297 1201
f 1022 1120 1297
f 1204 1205 1209
f 1204 1210 1207
f 1204 1209 1210
f 1207 1211 1111
f 1210 1211 1207
f 1213 1212 1127
f 1212 1112 1127
f 1214 1209 1215
f 1209 1216 1210
f 1209 1214 1216
f 1210 1216 1211
f 1217 1213 1127
f 1126 1217 1127
f 1215 1313 1218
f 1215 1218 1214
f 1218 1134 1214
f 1214 1134 1216
f 1217 1144 1219
f 1126 1144 1217
f 1136 1220 1135
f 1136 1221 1220
f 1137 1221 1136
f 1223 1225 1224
f 1223 1141 1225
f 1226 1141 1142
f 1226 1225 1141
f 1313 1226 1142
f 1142 1218 1313
f 1143 1219 1144
f 1227 1219 1143
f 1317 1228 1135
f 1220 1317 1135
f 1229 1317 1220
f 1221 1229 1220
f 1229 1221 1235
f 1230 1221 1137
f 1230 1235 1221
f 1222 1230 1137
f 1222 1231 1230
f 1231 1138 1232
f 1222 1138 1231
f 1232 1138 1139
f 1232 1139 1322
f 1322 1139 1149
f 1147 1318 1146
f 1224 1147 1223
f 1318 1147 1224
f 1241 1227 1148
f 1227 1143 1148
f 1234 1228 1317
f 1233 1228 1234
f 1229 1234 1317
f 1234 1229 1235
f 1236 1230 1231
f 1235 1230 1236
f 1237 1231 1232
f 1236 1231 1237
f 1238 1322 1149
f 1150 1239 1149
f 1149 1239 1238
f 1151 1240 1150
f 1150 1240 1239
f 1323 1240 1151
f 1146 1323 1151
f 1318 1323 1146
f 1148 1242 1241
f 1148 1152 1242
f 1153 1233 1243
f 1233 1234 1243
f 1243 1234 1244
f 1244 1234 1235
f 1244 1235 1245
f 1260 1235 1236
f 1245 1235 1260
f 1246 1236 1237
f 1260 1236 1246
f 1238 1247 1255
f 1239 1247 1238
f 1247 1239 1248
f 1248 1239 1240
f 1240 1323 1249
f 1248 1240 1249
f 1324 1250 1249
f 1251 1250 1324
f 1154 1242 1152
f 1154 1258 1242
f 1243 1244 1155
f 1155 1244 1245
f 1245 1260 1253
f 1261 1246 1237
f 1260 1246 1261
f 1261 1237 1321
f 1255 1254 1261
f 1255 1261 1321
f 1247 1254 1255
f 1256 1249 1156
f 1256 1248 1249
f 1156 1249 1157
f 1157 1249 1250
f 1250 1257 1157
f 1250 1251 1257
f 1257 1252 1327
f 1251 1252 1257
f 1158 1258 1154
f 1253 1260 1259
f 1262 1254 1247
f 1262 1247 1248
f 1263 1248 1256
f 1262 1248 1263
f 1160 1263 1156
f 1156 1263 1256
f 1257 1264 1157
f 1265 1257 1327
f 1264 1257 1265
f 1328 1265 1327
f 1266 1265 1328
f 1331 1164 1266
f 1267 1158 1169
f 1258 1158 1267
f 1259 1268 1253
f 1269 1259 1260
f 1268 1259 1269
f 1269 1260 1261
f 1270 1261 1254
f 1269 1261 1270
f 1270 1254 1262
f 1270 1262 1271
f 1271 1263 1162
f 1271 1262 1263
f 1162 1263 1160
f 1163 1264 1265
f 1163 1265 1266
f 1163 1266 1164
f 1331 1334 1164
f 1334 1166 1164
f 1334 1272 1166
f 1166 1272 1167
f 1272 1273 1167
f 1273 1274 1168
f 1167 1273 1168
f 1275 1267 1169
f 1170 1268 1269
f 1170 1269 1276
f 1276 1270 1171
f 1276 1269 1270
f 1171 1270 1271
f 1274 1173 1168
f 1274 1337 1173
f 1174 1275 1079
f 1338 1275 1174
f 1079 1275 1169
f 1338 1175 1337
f 1338 1078 1175
f 1174 1078 1338
f 1277 1178 977
f 977 1179 1277
f 1181 1343 1180
f 1278 1181 1182
f 1278 1182 1176
f 1176 1177 1278
f 1279 1179 1183
f 1277 1179 1279
f 1343 1281 1280
f 1180 1343 1280
f 1184 1279 1183
f 1281 1282 1280
f 1282 1185 1280
f 991 1192 1184
f 1287 1283 1282
f 1282 1284 1185
f 1283 1284 1282
f 1187 1286 1188
f 1089 1189 1187
f 1187 1189 1286
f 1283 1287 1288
f 1289 1283 1288
f 1289 1284 1283
f 1290 1188 1296
f 1285 1188 1290
f 1296 1188 1286
f 1296 1286 1291
f 1286 1292 1291
f 1189 1292 1286
f 1193 1292 1189
f 1194 1356 1195
f 1356 1196 1293
f 1356 1194 1196
f 1198 1288 1357
f 1198 1199 1288
f 1199 1289 1288
f 1200 1294 1192
f 1297 1290 1296
f 1295 1290 1297
f 1296 1201 1297
f 1202 1201 1296
f 1292 1202 1291
f 1202 1292 1193
f 1203 1195 1298
f 1195 1360 1298
f 1195 1356 1360
f 1298 1356 1203
f 1356 1298 1299
f 1205 1299 1298
f 1299 1205 1293
f 1203 1293 1205
f 1293 1203 1356
f 1299 1293 1196
f 1206 1299 1196
f 1300 1299 1206
f 1206 1208 1300
f 1301 1198 1357
f 1301 1208 1198
f 1302 1200 1212
f 1294 1200 1302
f 1209 1205 1298
f 1304 1209 1298
f 1360 1304 1298
f 1306 1300 1208
f 1208 1301 1306
f 1213 1302 1212
f 1310 1302 1213
f 1303 1309 1308
f 1305 1308 1304
f 1308 1215 1304
f 1215 1209 1304
f 1308 1309 1215
f 1311 1310 1217
f 1213 1217 1310
f 1312 1307 1369
f 1307 1313 1303
f 1307 1312 1313
f 1309 1313 1215
f 1303 1313 1309
f 1311 1219 1314
f 1311 1217 1219
f 1369 1315 1225
f 1225 1315 1224
f 1226 1312 1369
f 1225 1226 1369
f 1312 1226 1313
f 1314 1227 1316
f 1219 1227 1314
f 1224 1319 1318
f 1320 1319 1224
f 1315 1320 1224
f 1316 1227 1241
f 1325 1316 1241
f 1232 1321 1237
f 1232 1322 1321
f 1324 1318 1319
f 1323 1318 1324
f 1319 1320 1376
f 1324 1319 1376
f 1241 1242 1325
f 1255 1322 1238
f 1255 1321 1322
f 1249 1323 1324
f 1251 1324 1376
f 1326 1251 1376
f 1326 1252 1251
f 1326 1380 1252
f 1258 1329 1242
f 1380 1327 1252
f 1380 1328 1327
f 1380 1383 1328
f 1383 1266 1328
f 1383 1330 1266
f 1330 1331 1266
f 1332 1334 1331
f 1267 1329 1258
f 1267 1333 1329
f 1334 1273 1272
f 1335 1274 1273
f 1339 1333 1275
f 1267 1275 1333
f 1335 1336 1274
f 1336 1337 1274
f 1337 1339 1338
f 1339 1275 1338
f 1341 1340 1177
f 1342 1177 1178
f 1342 1341 1177
f 1342 1178 1277
f 1344 1343 1181
f 1278 1344 1181
f 1278 1177 1340
f 1277 1346 1345
f 1277 1279 1346
f 1281 1349 1348
f 1281 1343 1349
f 1184 1346 1279
f 1347 1351 1350
f 1348 1350 1282
f 1347 1350 1348
f 1348 1282 1281
f 1192 1353 1184
f 1350 1351 1352
f 1352 1351 1399
f 1350 1352 1287
f 1350 1287 1282
f 1352 1399 1354
f 1352 1355 1287
f 1354 1355 1352
f 1288 1287 1355
f 1294 1353 1192
f 1358 1357 1354
f 1357 1355 1354
f 1355 1357 1288
f 1202 1296 1291
f 1299 1361 1356
f 1361 1360 1356
f 1299 1300 1361
f 1358 1301 1357
f 1358 1402 1301
f 1359 1302 1362
f 1294 1302 1359
f 1304 1360 1361
f 1304 1361 1305
f 1361 1363 1305
f 1361 1300 1363
f 1306 1363 1300
f 1364 1363 1306
f 1306 1301 1402
f 1310 1368 1362
f 1310 1362 1302
f 1307 1365 1404
f 1366 1307 1303
f 1365 1307 1366
f 1308 1366 1303
f 1367 1366 1308
f 1367 1308 1305
f 1364 1305 1363
f 1367 1305 1364
f 1311 1371 1310
f 1371 1368 1310
f 1369 1404 1370
f 1369 1307 1404
f 1314 1371 1311
f 1370 1315 1369
f 1370 1372 1315
f 1371 1314 1373
f 1373 1314 1316
f 1372 1320 1315
f 1374 1320 1372
f 1325 1375 1316
f 1316 1375 1373
f 1320 1378 1376
f 1320 1374 1378
f 1377 1375 1325
f 1325 1242 1377
f 1378 1326 1376
f 1378 1379 1326
f 1326 1379 1380
f 1329 1377 1242
f 1379 1381 1380
f 1382 1383 1380
f 1381 1382 1380
f 1382 1330 1383
f 1330 1384 1331
f 1331 1384 1332
f 1332 1384 1475
f 1385 1329 1333
f 1332 1475 1334
f 1334 1386 1273
f 1475 1386 1334
f 1335 1273 1386
f 1339 1385 1333
f 1386 1387 1335
f 1335 1387 1336
f 1387 1388 1336
f 1336 1424 1337
f 1388 1424 1336
f 1339 1337 1424
f 1340 1341 1389
f 1341 1390 1389
f 1390 1342 1393
f 1390 1341 1342
f 1277 1393 1342
f 1344 1391 1343
f 1392 1344 1278
f 1392 1340 1389
f 1278 1340 1392
f 1345 1393 1277
f 1348 1394 1347
f 1394 1348 1431
f 1348 1349 1431
f 1349 1343 1391
f 1349 1391 1431
f 1184 1395 1346
f 1396 1351 1347
f 1394 1396 1347
f 1394 1397 1396
f 1353 1395 1184
f 1399 1400 1398
f 1400 1399 1396
f 1399 1351 1396
f 1400 1396 1397
f 1401 1399 1398
f 1401 1354 1399
f 1294 1359 1353
f 1401 1443 1354
f 1443 1358 1354
f 1402 1443 1447
f 1402 1358 1443
f 1403 1359 1362
f 1402 1447 1306
f 1447 1364 1306
f 1447 1450 1364
f 1407 1403 1362
f 1362 1368 1407
f 1365 1366 1405
f 1406 1366 1367
f 1406 1405 1366
f 1450 1367 1364
f 1450 1406 1367
f 1408 1407 1368
f 1408 1368 1371
f 1409 1370 1404
f 1409 1404 1365
f 1409 1365 1410
f 1405 1410 1365
f 1372 1409 1457
f 1370 1409 1372
f 1373 1408 1371
f 1373 1414 1408
f 1412 1413 1457
f 1413 1374 1372
f 1413 1372 1457
f 1415 1414 1375
f 1373 1375 1414
f 1413 1412 1463
f 1374 1413 1463
f 1378 1374 1463
f 1375 1377 1416
f 1415 1375 1416
f 1463 1417 1378
f 1378 1466 1379
f 1417 1466 1378
f 1416 1329 1418
f 1377 1329 1416
f 1466 1469 1379
f 1379 1469 1381
f 1381 1419 1382
f 1469 1419 1381
f 1382 1419 1420
f 1418 1329 1385
f 1418 1385 1467
f 1382 1420 1330
f 1330 1472 1384
f 1420 1472 1330
f 1384 1421 1475
f 1425 1467 1385
f 1475 1422 1386
f 1425 1424 1423
f 1339 1424 1425
f 1339 1425 1385
f 1422 1387 1386
f 1477 1387 1422
f 1423 1388 1477
f 1388 1387 1477
f 1388 1423 1424
f 1344 1426 1391
f 1427 1344 1392
f 1427 1426 1344
f 1428 1392 1389
f 1427 1392 1428
f 1428 1389 1390
f 1428 1390 1429
f 1429 1390 1393
f 1430 1393 1345
f 1430 1429 1393
f 1345 1346 1430
f 1391 1426 1432
f 1431 1391 1432
f 1433 1431 1432
f 1395 1430 1346
f 1395 1434 1430
f 1435 1397 1394
f 1435 1394 1431
f 1436 1435 1431
f 1436 1431 1433
f 1434 1353 1439
f 1434 1395 1353
f 1398 1437 1489
f 1398 1400 1437
f 1438 1400 1397
f 1438 1437 1400
f 1438 1397 1435
f 1353 1440 1439
f 1353 1359 1440
f 1401 1489 1491
f 1489 1401 1398
f 1359 1441 1440
f 1445 1491 1442
f 1491 1443 1401
f 1445 1443 1491
f 1359 1444 1441
f 1445 1442 1446
f 1445 1447 1443
f 1444 1403 1448
f 1444 1359 1403
f 1446 1499 1449
f 1449 1445 1446
f 1445 1450 1447
f 1445 1449 1450
f 1448 1451 1452
f 1407 1448 1403
f 1407 1451 1448
f 1499 1453 1449
f 1453 1405 1449
f 1405 1406 1449
f 1449 1406 1450
f 1408 1451 1407
f 1405 1453 1410
f 1411 1410 1453
f 1455 1454 1411
f 1453 1455 1411
f 1456 1454 1455
f 1452 1451 1408
f 1504 1452 1408
f 1409 1458 1457
f 1458 1410 1506
f 1409 1410 1458
f 1506 1410 1411
f 1459 1506 1411
f 1459 1411 1454
f 1459 1454 1456
f 1504 1414 1461
f 1504 1408 1414
f 1510 1412 1457
f 1460 1412 1510
f 1510 1457 1458
f 1415 1461 1414
f 1412 1460 1462
f 1463 1412 1462
f 1416 1461 1415
f 1416 1418 1461
f 1463 1462 1464
f 1464 1417 1463
f 1464 1465 1417
f 1417 1465 1466
f 1465 1468 1466
f 1468 1469 1466
f 1469 1523 1419
f 1419 1470 1420
f 1523 1470 1419
f 1472 1420 1470
f 1472 1473 1384
f 1384 1474 1421
f 1473 1474 1384
f 1425 1476 1471
f 1425 1471 1467
f 1421 1529 1475
f 1529 1422 1475
f 1422 1478 1477
f 1529 1478 1422
f 1478 1423 1477
f 1479 1423 1478
f 1425 1479 1476
f 1425 1423 1479
f 1426 1427 1480
f 1481 1427 1428
f 1481 1480 1427
f 1481 1428 1429
f 1429 1430 1482
f 1480 1432 1426
f 1433 1432 1480
f 1483 1433 1480
f 1484 1481 1429
f 1484 1429 1482
f 1484 1482 1485
f 1434 1486 1485
f 1482 1434 1485
f 1430 1434 1482
f 1436 1487 1435
f 1487 1433 1488
f 1487 1436 1433
f 1483 1488 1433
f 1486 1434 1439
f 1437 1438 1489
f 1438 1435 1536
f 1435 1487 1536
f 1439 1440 1490
f 1489 1492 1491
f 1492 1489 1493
f 1438 1494 1493
f 1489 1438 1493
f 1441 1490 1440
f 1441 1544 1490
f 1495 1442 1491
f 1492 1497 1496
f 1495 1492 1496
f 1491 1492 1495
f 1497 1492 1493
f 1544 1441 1444
f 1495 1446 1442
f 1498 1544 1448
f 1452 1498 1448
f 1448 1544 1444
f 1495 1499 1446
f 1495 1500 1499
f 1495 1496 1500
f 1502 1453 1499
f 1555 1499 1500
f 1502 1499 1555
f 1501 1452 1503
f 1502 1455 1453
f 1456 1502 1555
f 1559 1456 1555
f 1502 1456 1455
f 1503 1504 1505
f 1452 1504 1503
f 1459 1507 1506
f 1508 1507 1459
f 1456 1508 1459
f 1559 1508 1456
f 1461 1505 1504
f 1509 1505 1461
f 1511 1460 1510
f 1458 1512 1510
f 1506 1512 1458
f 1512 1506 1513
f 1506 1507 1513
f 1461 1514 1509
f 1516 1563 1515
f 1511 1516 1515
f 1462 1511 1515
f 1460 1511 1462
f 1517 1511 1510
f 1517 1510 1512
f 1517 1512 1518
f 1518 1512 1513
f 1418 1514 1461
f 1418 1519 1514
f 1563 1520 1515
f 1515 1520 1462
f 1520 1573 1462
f 1464 1573 1577
f 1462 1573 1464
f 1465 1464 1577
f 1519 1467 1521
f 1519 1418 1467
f 1465 1577 1522
f 1522 1468 1465
f 1468 1523 1469
f 1526 1521 1471
f 1471 1521 1467
f 1523 1583 1470
f 1470 1583 1472
f 1473 1583 1524
f 1473 1472 1583
f 1473 1524 1474
f 1474 1524 1525
f 1527 1474 1525
f 1527 1421 1474
f 1527 1528 1421
f 1531 1471 1476
f 1531 1526 1471
f 1528 1529 1421
f 1478 1530 1479
f 1529 1530 1478
f 1476 1479 1531
f 1479 1530 1531
f 1483 1481 1588
f 1480 1481 1483
f 1484 1588 1481
f 1532 1588 1484
f 1533 1484 1485
f 1533 1532 1484
f 1485 1486 1533
f 1534 1488 1483
f 1535 1483 1588
f 1534 1483 1535
f 1439 1533 1486
f 1439 1590 1533
f 1537 1536 1487
f 1538 1537 1487
f 1543 1538 1488
f 1538 1487 1488
f 1534 1543 1488
f 1534 1539 1543
f 1534 1535 1539
f 1540 1590 1490
f 1590 1439 1490
f 1542 1541 1494
f 1494 1541 1493
f 1494 1438 1536
f 1537 1494 1536
f 1542 1494 1537
f 1544 1540 1490
f 1547 1540 1544
f 1496 1497 1545
f 1497 1546 1545
f 1541 1497 1493
f 1541 1546 1497
f 1498 1548 1544
f 1548 1547 1544
f 1549 1496 1545
f 1498 1550 1548
f 1498 1452 1550
f 1549 1500 1496
f 1551 1500 1549
f 1501 1553 1552
f 1550 1501 1552
f 1452 1501 1550
f 1553 1554 1552
f 1551 1556 1555
f 1500 1551 1555
f 1553 1501 1503
f 1557 1553 1503
f 1554 1553 1558
f 1558 1553 1557
f 1556 1559 1555
f 1561 1557 1560
f 1557 1505 1560
f 1557 1503 1505
f 1557 1561 1558
f 1562 1610 1505
f 1509 1562 1505
f 1505 1610 1560
f 1569 1513 1507
f 1508 1569 1507
f 1562 1509 1514
f 1565 1564 1563
f 1516 1565 1563
f 1516 1566 1565
f 1567 1516 1511
f 1566 1516 1567
f 1517 1567 1511
f 1568 1517 1518
f 1568 1567 1517
f 1568 1518 1513
f 1568 1513 1569
f 1514 1570 1562
f 1519 1570 1514
f 1564 1571 1563
f 1571 1572 1575
f 1571 1575 1520
f 1563 1571 1520
f 1573 1520 1575
f 1574 1519 1521
f 1574 1570 1519
f 1573 1575 1576
f 1573 1576 1577
f 1577 1578 1522
f 1522 1624 1468
f 1578 1624 1522
f 1468 1624 1523
f 1523 1624 1579
f 1525 1524 1580
f 1580 1581 1525
f 1526 1582 1521
f 1521 1582 1574
f 1579 1583 1523
f 1583 1584 1524
f 1524 1584 1580
f 1581 1527 1525
f 1585 1527 1581
f 1585 1528 1527
f 1582 1526 1587
f 1526 1531 1587
f 1585 1586 1528
f 1528 1586 1529
f 1586 1530 1529
f 1530 1587 1531
f 1588 1589 1535
f 1588 1532 1589
f 1590 1532 1533
f 1589 1532 1590
f 1591 1539 1535
f 1589 1591 1535
f 1589 1592 1591
f 1540 1592 1590
f 1592 1589 1590
f 1541 1542 1633
f 1542 1593 1633
f 1594 1542 1537
f 1594 1593 1542
f 1595 1594 1537
f 1538 1595 1537
f 1635 1595 1538
f 1543 1635 1538
f 1635 1539 1596
f 1635 1543 1539
f 1591 1596 1539
f 1591 1597 1596
f 1597 1592 1547
f 1597 1591 1592
f 1547 1592 1540
f 1545 1546 1598
f 1546 1541 1633
f 1599 1597 1547
f 1547 1548 1599
f 1599 1548 1600
f 1598 1549 1545
f 1601 1549 1598
f 1600 1548 1602
f 1550 1602 1548
f 1601 1551 1549
f 1603 1551 1601
f 1552 1605 1550
f 1605 1602 1550
f 1605 1604 1602
f 1554 1605 1552
f 1551 1606 1556
f 1603 1606 1551
f 1608 1607 1604
f 1605 1608 1604
f 1558 1608 1554
f 1554 1608 1605
f 1609 1559 1556
f 1609 1556 1606
f 1610 1611 1607
f 1610 1607 1608
f 1560 1610 1608
f 1561 1560 1608
f 1561 1608 1558
f 1609 1508 1559
f 1612 1508 1609
f 1562 1611 1610
f 1613 1611 1562
f 1612 1614 1569
f 1508 1612 1569
f 1618 1613 1562
f 1566 1615 1656
f 1566 1567 1615
f 1616 1615 1567
f 1616 1567 1568
f 1617 1569 1614
f 1568 1569 1617
f 1562 1570 1618
f 1565 1571 1564
f 1565 1566 1619
f 1572 1565 1619
f 1620 1572 1619
f 1565 1572 1571
f 1619 1566 1656
f 1574 1618 1570
f 1574 1621 1618
f 1620 1660 1572
f 1572 1660 1575
f 1575 1661 1576
f 1660 1661 1575
f 1661 1622 1576
f 1576 1663 1577
f 1622 1663 1576
f 1578 1663 1623
f 1577 1663 1578
f 1624 1578 1623
f 1581 1580 1625
f 1581 1625 1626
f 1621 1582 1631
f 1621 1574 1582
f 1624 1623 1627
f 1624 1627 1628
f 1624 1628 1579
f 1628 1629 1579
f 1579 1629 1583
f 1583 1629 1584
f 1580 1584 1625
f 1585 1581 1630
f 1581 1626 1630
f 1632 1631 1587
f 1631 1582 1587
f 1630 1586 1585
f 1586 1632 1530
f 1587 1530 1632
f 1633 1593 1634
f 1634 1593 1594
f 1595 1634 1594
f 1636 1598 1546
f 1633 1636 1546
f 1633 1637 1636
f 1633 1634 1637
f 1638 1634 1595
f 1639 1595 1635
f 1638 1595 1639
f 1639 1635 1596
f 1599 1640 1597
f 1600 1640 1599
f 1641 1601 1636
f 1636 1601 1598
f 1642 1636 1637
f 1641 1636 1642
f 1643 1639 1596
f 1643 1596 1597
f 1643 1597 1644
f 1644 1597 1640
f 1644 1640 1678
f 1600 1602 1640
f 1602 1645 1640
f 1645 1678 1640
f 1646 1601 1641
f 1646 1603 1601
f 1646 1641 1642
f 1646 1642 1647
f 1604 1645 1602
f 1648 1645 1604
f 1646 1606 1603
f 1649 1606 1646
f 1607 1648 1604
f 1607 1651 1648
f 1606 1650 1609
f 1649 1650 1606
f 1653 1651 1611
f 1607 1611 1651
f 1684 1652 1609
f 1652 1612 1609
f 1684 1609 1650
f 1653 1611 1613
f 1612 1654 1614
f 1652 1654 1612
f 1655 1653 1613
f 1618 1655 1613
f 1690 1616 1568
f 1657 1568 1617
f 1657 1690 1568
f 1617 1614 1654
f 1657 1617 1654
f 1620 1619 1658
f 1655 1618 1621
f 1655 1621 1659
f 1658 1660 1620
f 1622 1661 1662
f 1663 1622 1662
f 1659 1621 1631
f 1663 1662 1664
f 1663 1664 1623
f 1664 1699 1623
f 1627 1699 1665
f 1623 1699 1627
f 1666 1629 1628
f 1666 1628 1627
f 1667 1584 1629
f 1667 1625 1584
f 1668 1625 1667
f 1668 1630 1626
f 1668 1626 1625
f 1669 1631 1632
f 1659 1631 1669
f 1627 1665 1666
f 1629 1666 1667
f 1667 1666 1670
f 1667 1670 1668
f 1668 1670 1630
f 1670 1671 1630
f 1630 1672 1586
f 1671 1672 1630
f 1632 1672 1669
f 1632 1586 1672
f 1673 1637 1634
f 1674 1673 1634
f 1638 1674 1634
f 1675 1674 1638
f 1675 1638 1639
f 1676 1642 1673
f 1673 1642 1637
f 1673 1674 1676
f 1707 1677 1643
f 1677 1675 1643
f 1675 1639 1643
f 1643 1644 1707
f 1647 1679 1646
f 1642 1676 1647
f 1676 1679 1647
f 1676 1680 1679
f 1707 1644 1681
f 1644 1682 1681
f 1678 1682 1644
f 1648 1678 1645
f 1682 1678 1648
f 1709 1649 1646
f 1709 1646 1679
f 1651 1682 1648
f 1683 1682 1651
f 1709 1650 1649
f 1653 1714 1651
f 1714 1683 1651
f 1709 1684 1650
f 1688 1714 1653
f 1687 1686 1684
f 1686 1652 1684
f 1686 1654 1652
f 1653 1655 1688
f 1689 1721 1615
f 1615 1721 1656
f 1616 1689 1615
f 1690 1657 1685
f 1657 1686 1685
f 1654 1686 1657
f 1688 1655 1691
f 1693 1692 1658
f 1721 1658 1619
f 1721 1693 1658
f 1619 1656 1721
f 1691 1659 1694
f 1691 1655 1659
f 1692 1695 1658
f 1660 1696 1661
f 1658 1696 1660
f 1662 1661 1696
f 1659 1697 1694
f 1696 1698 1662
f 1664 1698 1733
f 1662 1698 1664
f 1699 1664 1733
f 1669 1697 1659
f 1669 1702 1697
f 1699 1733 1700
f 1699 1700 1665
f 1665 1700 1666
f 1700 1770 1666
f 1666 1770 1670
f 1670 1701 1671
f 1770 1701 1670
f 1671 1702 1672
f 1701 1702 1671
f 1669 1672 1702
f 1703 1676 1674
f 1703 1674 1675
f 1703 1675 1704
f 1677 1704 1675
f 1705 1704 1677
f 1677 1707 1705
f 1680 1703 1712
f 1680 1676 1703
f 1706 1705 1707
f 1708 1681 1682
f 1708 1707 1681
f 1709 1679 1710
f 1711 1679 1680
f 1711 1710 1679
f 1711 1680 1712
f 1683 1708 1682
f 1713 1708 1683
f 1709 1710 1684
f 1715 1683 1714
f 1683 1715 1713
f 1684 1710 1716
f 1688 1715 1714
f 1749 1715 1688
f 1718 1717 1685
f 1686 1687 1718
f 1687 1719 1718
f 1687 1684 1716
f 1719 1687 1716
f 1726 1749 1688
f 1723 1722 1721
f 1689 1723 1721
f 1757 1689 1616
f 1757 1616 1690
f 1724 1757 1690
f 1690 1685 1717
f 1690 1717 1724
f 1686 1718 1685
f 1726 1691 1725
f 1688 1691 1726
f 1693 1727 1692
f 1727 1693 1728
f 1728 1721 1722
f 1693 1721 1728
f 1731 1725 1694
f 1694 1725 1691
f 1727 1729 1692
f 1692 1729 1695
f 1695 1730 1658
f 1729 1730 1695
f 1696 1730 1732
f 1658 1730 1696
f 1731 1694 1697
f 1732 1698 1696
f 1732 1802 1698
f 1698 1734 1733
f 1802 1734 1698
f 1731 1697 1735
f 1731 1735 1736
f 1702 1735 1697
f 1734 1762 1733
f 1762 1700 1733
f 1762 1767 1700
f 1767 1737 1700
f 1700 1768 1770
f 1701 1771 1738
f 1770 1771 1701
f 1738 1736 1735
f 1701 1738 1735
f 1702 1701 1735
f 1703 1704 1739
f 1712 1703 1739
f 1739 1704 1705
f 1739 1705 1740
f 1741 1740 1706
f 1740 1705 1706
f 1706 1742 1741
f 1706 1707 1742
f 1744 1707 1708
f 1744 1742 1707
f 1711 1745 1710
f 1712 1745 1711
f 1743 1745 1712
f 1739 1743 1712
f 1744 1708 1713
f 1745 1743 1746
f 1715 1744 1713
f 1784 1744 1715
f 1747 1710 1745
f 1716 1710 1747
f 1745 1746 1747
f 1784 1749 1748
f 1784 1715 1749
f 1717 1718 1790
f 1719 1751 1718
f 1719 1793 1751
f 1793 1719 1716
f 1752 1793 1716
f 1752 1716 1747
f 1726 1753 1748
f 1726 1748 1749
f 1722 1755 1720
f 1755 1754 1720
f 1755 1722 1750
f 1722 1723 1750
f 1723 1756 1750
f 1689 1756 1723
f 1757 1756 1689
f 1790 1757 1724
f 1724 1717 1790
f 1790 1718 1751
f 1758 1753 1725
f 1725 1753 1726
f 1720 1754 1797
f 1797 1722 1720
f 1797 1727 1728
f 1722 1797 1728
f 1758 1731 1759
f 1758 1725 1731
f 1797 1729 1727
f 1729 1760 1730
f 1797 1760 1729
f 1730 1800 1732
f 1760 1800 1730
f 1731 1761 1759
f 1802 1732 1800
f 1763 1762 1734
f 1802 1763 1734
f 1764 1762 1763
f 1736 1765 1766
f 1761 1736 1766
f 1731 1736 1761
f 1767 1762 1764
f 1737 1768 1700
f 1768 1769 1770
f 1738 1772 1765
f 1738 1765 1736
f 1766 1765 1773
f 1773 1765 1772
f 1769 1774 1770
f 1770 1774 1771
f 1771 1774 1775
f 1771 1775 1738
f 1775 1776 1738
f 1738 1777 1772
f 1738 1776 1777
f 1772 1777 1773
f 1778 1743 1739
f 1739 1779 1778
f 1740 1779 1739
f 1780 1740 1741
f 1780 1779 1740
f 1742 1780 1741
f 1742 1781 1780
f 1781 1742 1744
f 1778 1746 1743
f 1782 1746 1778
f 1778 1779 1782
f 1783 1779 1780
f 1784 1780 1781
f 1783 1780 1784
f 1744 1784 1781
f 1746 1794 1747
f 1746 1782 1794
f 1782 1779 1785
f 1782 1785 1786
f 1785 1783 1748
f 1785 1779 1783
f 1748 1783 1784
f 1790 1791 1789
f 1751 1791 1790
f 1751 1792 1791
f 1793 1752 1821
f 1752 1794 1821
f 1752 1747 1794
f 1786 1785 1753
f 1795 1786 1753
f 1753 1785 1748
f 1754 1755 1823
f 1755 1750 1787
f 1755 1787 1823
f 1796 1787 1750
f 1796 1750 1756
f 1788 1756 1757
f 1788 1796 1756
f 1757 1789 1788
f 1789 1757 1790
f 1827 1792 1751
f 1793 1827 1751
f 1827 1793 1828
f 1828 1793 1821
f 1758 1795 1753
f 1798 1754 1823
f 1797 1754 1798
f 1758 1759 1799
f 1760 1797 1798
f 1834 1760 1798
f 1800 1760 1834
f 1799 1759 1806
f 1761 1806 1759
f 1800 1834 1801
f 1801 1802 1800
f 1802 1804 1763
f 1803 1804 1802
f 1763 1804 1764
f 1804 1805 1764
f 1766 1806 1761
f 1807 1806 1766
f 1805 1767 1764
f 1808 1767 1805
f 1808 1737 1767
f 1737 1809 1768
f 1808 1809 1737
f 1769 1809 1810
f 1768 1809 1769
f 1807 1773 1813
f 1766 1773 1807
f 1810 1774 1769
f 1810 1814 1774
f 1774 1842 1775
f 1814 1842 1774
f 1776 1842 1811
f 1776 1775 1842
f 1812 1776 1811
f 1812 1777 1776
f 1777 1815 1773
f 1777 1812 1815
f 1773 1815 1813
f 1782 1816 1794
f 1782 1817 1816
f 1786 1817 1782
f 1788 1789 1818
f 1789 1819 1818
f 1820 1819 1789
f 1820 1789 1791
f 1792 1820 1791
f 1816 1821 1794
f 1816 1822 1821
f 1822 1816 1817
f 1795 1817 1786
f 1824 1823 1787
f 1825 1824 1787
f 1796 1825 1787
f 1826 1825 1796
f 1826 1788 1818
f 1796 1788 1826
f 1851 1792 1827
f 1828 1821 1822
f 1822 1817 1829
f 1817 1795 1829
f 1795 1830 1829
f 1795 1758 1830
f 1824 1798 1823
f 1831 1798 1824
f 1832 1758 1799
f 1832 1830 1758
f 1834 1831 1833
f 1834 1798 1831
f 1858 1834 1833
f 1835 1832 1799
f 1806 1835 1799
f 1801 1834 1858
f 1836 1801 1858
f 1836 1802 1801
f 1836 1803 1802
f 1804 1803 1837
f 1805 1804 1837
f 1844 1835 1806
f 1844 1807 1838
f 1844 1806 1807
f 1805 1837 1839
f 1839 1808 1805
f 1808 1867 1809
f 1839 1867 1808
f 1809 1840 1810
f 1867 1840 1809
f 1841 1810 1840
f 1843 1842 1841
f 1843 1811 1842
f 1844 1811 1843
f 1838 1845 1812
f 1844 1838 1812
f 1811 1844 1812
f 1813 1838 1807
f 1813 1845 1838
f 1814 1810 1841
f 1814 1841 1842
f 1812 1845 1815
f 1815 1845 1813
f 1846 1819 1847
f 1846 1818 1819
f 1819 1848 1847
f 1819 1820 1848
f 1849 1848 1820
f 1871 1849 1820
f 1850 1820 1792
f 1850 1871 1820
f 1850 1792 1851
f 1818 1852 1826
f 1846 1852 1818
f 1853 1851 1827
f 1854 1827 1828
f 1854 1853 1827
f 1854 1828 1822
f 1829 1854 1822
f 1829 1830 1856
f 1855 1824 1825
f 1855 1831 1824
f 1855 1825 1826
f 1859 1856 1832
f 1856 1830 1832
f 1833 1831 1857
f 1831 1855 1857
f 1858 1833 1857
f 1835 1859 1832
f 1857 1860 1858
f 1858 1860 1861
f 1861 1836 1858
f 1861 1862 1836
f 1836 1862 1803
f 1862 1863 1803
f 1864 1835 1844
f 1859 1835 1864
f 1803 1863 1837
f 1837 1865 1839
f 1863 1865 1837
f 1865 1866 1839
f 1866 1867 1839
f 1867 1868 1840
f 1840 1869 1841
f 1868 1869 1840
f 1841 1869 1843
f 1844 1869 1864
f 1844 1843 1869
f 1848 1870 1847
f 1872 1850 1851
f 1872 1871 1850
f 1873 1852 1846
f 1874 1873 1846
f 1847 1874 1846
f 1847 1870 1874
f 1851 1853 1872
f 1875 1853 1854
f 1876 1875 1854
f 1878 1854 1829
f 1878 1876 1854
f 1829 1856 1878
f 1826 1877 1855
f 1877 1826 1852
f 1873 1877 1852
f 1879 1878 1856
f 1879 1856 1859
f 1880 1857 1855
f 1880 1877 1881
f 1855 1877 1880
f 1859 1882 1879
f 1880 1860 1857
f 1861 1860 1880
f 1883 1861 1880
f 1881 1883 1880
f 1887 1861 1883
f 1905 1861 1887
f 1862 1861 1905
f 1905 1884 1862
f 1863 1862 1884
f 1863 1884 1885
f 1882 1864 1886
f 1882 1859 1864
f 1863 1909 1865
f 1885 1909 1863
f 1866 1909 1889
f 1865 1909 1866
f 1888 1866 1889
f 1867 1866 1888
f 1867 1913 1868
f 1888 1913 1867
f 1868 1914 1869
f 1913 1914 1868
f 1869 1914 1886
f 1869 1886 1864
f 1848 1917 1870
f 1890 1848 1849
f 1890 1917 1848
f 1890 1849 1871
f 1891 1890 1871
f 1891 1872 1892
f 1891 1871 1872
f 1892 1872 1893
f 1875 1894 1893
f 1875 1895 1894
f 1870 1896 1874
f 1917 1896 1870
f 1872 1853 1893
f 1893 1853 1875
f 1875 1876 1895
f 1876 1878 1895
f 1878 1897 1895
f 1877 1873 1899
f 1899 1873 1874
f 1896 1899 1874
f 1879 1897 1878
f 1900 1897 1879
f 1898 1881 1877
f 1898 1901 1881
f 1877 1899 1898
f 1882 1900 1879
f 1882 1902 1900
f 1904 1903 1906
f 1901 1904 1906
f 1883 1901 1906
f 1881 1901 1883
f 1915 1882 1886
f 1915 1902 1882
f 1906 1887 1883
f 1906 1979 1887
f 1887 1907 1905
f 1887 1979 1907
f 1905 1907 1884
f 1884 1907 1885
f 1907 1908 1885
f 1908 1940 1885
f 1940 1910 1909
f 1885 1940 1909
f 1888 1889 1911
f 1912 1888 1911
f 1912 1913 1888
f 1886 1914 1915
f 1911 1889 1909
f 1910 1911 1909
f 1890 1918 1917
f 1891 1919 1890
f 1890 1919 1918
f 1919 1891 1920
f 1892 1920 1891
f 1893 1920 1892
f 1893 1921 1920
f 1921 1894 1916
f 1893 1894 1921
f 1894 1922 1916
f 1895 1922 1894
f 1922 1895 1923
f 1924 1896 1917
f 1925 1917 1918
f 1924 1917 1925
f 1925 1918 1926
f 1918 1919 1926
f 1897 1923 1895
f 1897 1927 1923
f 1929 1899 1896
f 1924 1929 1896
f 1924 1930 1929
f 1925 1931 1930
f 1924 1925 1930
f 1931 1925 1926
f 1900 1927 1897
f 1900 1932 1927
f 1928 1901 1898
f 1933 1901 1928
f 1899 1928 1898
f 1934 1899 1929
f 1934 1929 1930
f 1932 1902 1935
f 1932 1900 1902
f 1903 1904 1936
f 1904 1933 1936
f 1904 1901 1933
f 1915 1937 1902
f 1902 1937 1935
f 1936 1906 1903
f 1936 1978 1906
f 1978 1979 1906
f 1979 1938 1907
f 1908 1938 1939
f 1907 1938 1908
f 1940 1908 1939
f 1911 1942 1912
f 1941 1942 1911
f 1912 1942 1913
f 1913 1943 1914
f 1942 1943 1913
f 1915 1943 1937
f 1915 1914 1943
f 1940 1939 1944
f 1940 1944 1910
f 1911 1910 1941
f 1941 1910 1944
f 1946 1945 1990
f 1945 1946 1947
f 1946 1948 1947
f 1949 1946 1990
f 1949 1950 1946
f 1946 1951 1948
f 1946 1950 1951
f 1953 1952 1916
f 1954 1953 1916
f 1956 1950 1949
f 1950 1956 1957
f 1951 1950 1957
f 1952 1920 1921
f 1952 1958 1920
f 1921 1916 1952
f 1954 1916 1922
f 1959 1955 1923
f 1954 1922 1923
f 1954 1923 1955
f 1960 1926 1919
f 1961 1960 1919
f 1920 1961 1919
f 1958 1961 1920
f 1927 1962 1923
f 1923 1962 1959
f 1964 1963 1931
f 1931 1963 1930
f 1964 1926 1965
f 1964 1931 1926
f 1960 1965 1926
f 1960 1966 1965
f 1960 1961 1966
f 1962 1932 1967
f 1927 1932 1962
f 1970 1969 1968
f 1970 1971 1969
f 1972 1971 1928
f 1971 1933 1928
f 1971 1970 1933
f 1899 1972 1928
f 1973 1972 1899
f 1973 1899 1934
f 1974 1934 1930
f 1974 1973 1934
f 1930 1963 1974
f 1932 1975 1967
f 1935 1975 1932
f 1970 1968 1976
f 1936 1933 2029
f 1970 2029 1933
f 2029 1970 1976
f 1975 1935 1977
f 1977 1935 1937
f 2029 1978 1936
f 1979 1980 1938
f 1939 1938 1980
f 1939 1980 2038
f 1942 1941 2039
f 2039 2040 1942
f 1943 2040 1981
f 1942 2040 1943
f 1943 1981 1937
f 1981 2044 1937
f 1937 2044 1977
f 2038 2041 1939
f 1939 1982 1944
f 2041 1982 1939
f 1982 2102 1944
f 1944 1983 1941
f 1944 2102 1983
f 1941 1983 2039
f 1985 1986 1984
f 1945 1986 1985
f 1945 1987 1986
f 1947 1987 1945
f 1947 1988 1987
f 1984 1989 1985
f 1984 1996 1989
f 1985 1989 1990
f 1990 1945 1985
f 1947 1948 1988
f 1991 1988 1948
f 1992 1993 2050
f 1989 1996 2058
f 2058 1949 1990
f 1989 2058 1990
f 1951 1997 1991
f 1951 1991 1948
f 1998 1952 1953
f 1993 1998 1953
f 1992 1998 1993
f 1993 1953 1954
f 1993 1954 1994
f 1954 1955 1994
f 1955 1995 1994
f 1955 1999 1995
f 2058 2000 1949
f 1956 1949 2000
f 1957 2001 1951
f 2001 2007 1951
f 2007 1997 1951
f 2003 1958 1998
f 1958 1952 1998
f 1958 2003 2002
f 2005 2004 1959
f 1955 1959 1999
f 1999 1959 2004
f 1956 2000 2016
f 2017 1957 1956
f 2017 1956 2016
f 2017 2001 1957
f 2006 2001 2017
f 2001 2008 2007
f 2001 2006 2008
f 2008 2009 2007
f 2010 1961 2002
f 2002 1961 1958
f 2002 2003 2011
f 2012 2002 2011
f 2010 2002 2012
f 1962 2005 1959
f 1962 2013 2005
f 2006 2017 2079
f 2079 1963 1964
f 2006 2079 1964
f 2008 2006 1964
f 1965 2018 1964
f 2018 2009 1964
f 2009 2008 1964
f 2010 1966 1961
f 2019 2010 2012
f 1967 2013 1962
f 1967 2020 2013
f 2021 1969 2014
f 1968 1969 2021
f 2014 1969 1971
f 2014 1971 2015
f 1971 2022 2015
f 1972 2022 1971
f 2022 1973 2030
f 2022 1972 1973
f 1973 2023 2030
f 1974 2024 1973
f 1973 2024 2023
f 2025 2024 1974
f 1963 2025 1974
f 2079 2025 1963
f 2026 2018 1965
f 1966 2026 1965
f 2027 1966 2010
f 2026 1966 2027
f 2027 2010 2019
f 2034 1967 1975
f 2020 1967 2034
f 2021 2028 1968
f 1976 2028 2029
f 1968 2028 1976
f 2030 2023 2031
f 2023 2032 2031
f 2024 2032 2023
f 2024 2025 2033
f 2024 2033 2032
f 1975 2035 2034
f 1975 1977 2035
f 2155 1978 2029
f 2155 2036 1978
f 1978 2036 1979
f 1979 2095 1980
f 2036 2095 1979
f 2095 2037 1980
f 2037 2032 2038
f 1980 2037 2038
f 2031 2032 2037
f 2032 2033 2098
f 2032 2098 2038
f 2044 2035 1977
f 2098 2041 2038
f 2039 1983 2040
f 2040 1983 2042
f 2040 2042 1981
f 2042 2043 1981
f 1981 2043 2044
f 2046 1984 1986
f 2047 1986 1987
f 2047 2046 1986
f 1988 2047 1987
f 2052 2045 2053
f 2052 1996 1984
f 2052 1984 2045
f 2048 1988 1991
f 2048 1991 2054
f 2055 1992 2050
f 2049 2055 2050
f 2050 1993 2051
f 1993 1994 2051
f 1994 2136 2051
f 2056 2052 2053
f 2056 2064 2052
f 2052 2057 1996
f 2064 2057 2052
f 2058 1996 2057
f 2054 1997 2059
f 1991 1997 2054
f 2061 1998 1992
f 2061 1992 2055
f 1994 2062 2136
f 1999 2062 1994
f 1995 1999 1994
f 2063 2056 2053
f 2063 2069 2056
f 2056 2069 2064
f 2057 2065 2058
f 2057 2064 2065
f 2065 2000 2058
f 2059 1997 2007
f 2139 2059 2007
f 2060 2059 2139
f 2066 2003 1998
f 2066 1998 2061
f 2005 2074 2004
f 2074 2062 2004
f 2062 1999 2004
f 2067 2063 2068
f 2063 2067 2069
f 2069 2070 2064
f 2064 2071 2065
f 2064 2070 2071
f 2065 2016 2000
f 2007 2009 2139
f 2009 2072 2139
f 2066 2011 2003
f 2066 2073 2011
f 2074 2013 2012
f 2011 2074 2012
f 2073 2074 2011
f 2074 2005 2013
f 2067 2068 2075
f 2067 2081 2069
f 2067 2075 2081
f 2069 2076 2070
f 2069 2081 2076
f 2070 2076 2014
f 2070 2014 2015
f 2070 2015 2071
f 2065 2071 2077
f 2071 2015 2077
f 2015 2082 2077
f 2065 2077 2016
f 2077 2148 2016
f 2017 2148 2078
f 2016 2148 2017
f 2079 2017 2078
f 2080 2009 2018
f 2072 2009 2080
f 2020 2019 2013
f 2013 2019 2012
f 2154 2081 2075
f 2076 2081 2021
f 2076 2021 2014
f 2082 2015 2022
f 2084 2083 2030
f 2083 2022 2030
f 2083 2082 2022
f 2086 2085 2084
f 2085 2078 2084
f 2148 2083 2084
f 2148 2084 2078
f 2078 2085 2079
f 2079 2085 2087
f 2025 2079 2087
f 2088 2080 2018
f 2026 2088 2018
f 2089 2088 2026
f 2089 2026 2027
f 2019 2090 2027
f 2153 2090 2019
f 2020 2153 2019
f 2020 2034 2092
f 2154 2155 2028
f 2081 2154 2028
f 2021 2081 2028
f 2155 2029 2028
f 2091 2086 2084
f 2030 2091 2084
f 2031 2091 2030
f 2087 2033 2025
f 2161 2033 2087
f 2035 2092 2034
f 2155 2094 2036
f 2093 2094 2155
f 2094 2096 2095
f 2036 2094 2095
f 2101 2037 2095
f 2101 2031 2037
f 2101 2091 2031
f 2098 2161 2097
f 2098 2033 2161
f 2099 2098 2097
f 2092 2044 2104
f 2035 2044 2092
f 2096 2100 2095
f 2095 2100 2101
f 2099 2041 2098
f 2099 1982 2041
f 2099 2102 1982
f 2102 2103 1983
f 1983 2103 2042
f 2042 2104 2043
f 2103 2104 2042
f 2044 2043 2104
f 2105 2109 2106
f 2105 2108 2109
f 2106 2110 2107
f 2106 2109 2110
f 2111 2108 2112
f 2108 2111 2113
f 2108 2114 2109
f 2108 2113 2114
f 2109 2119 2110
f 2109 2114 2119
f 2115 2111 2112
f 2115 2116 2111
f 2117 2113 2116
f 2113 2111 2116
f 2113 2117 2114
f 2114 2117 2118
f 2114 2118 2119
f 2125 2124 2123
f 2125 2126 2124
f 2045 2121 2198
f 2045 1984 2121
f 2046 2120 2121
f 1984 2046 2121
f 2120 2046 2122
f 2046 2127 2122
f 2047 2127 2046
f 1988 2127 2047
f 1988 2048 2128
f 2129 2123 2130
f 2123 2135 2125
f 2123 2129 2135
f 2126 2135 2049
f 2125 2135 2126
f 2049 2131 2126
f 2050 2131 2049
f 2133 2131 2132
f 2131 2051 2132
f 2131 2050 2051
f 2198 2204 2045
f 2204 2053 2045
f 2134 2129 2054
f 2129 2048 2054
f 2129 2130 2048
f 2129 2134 2135
f 2135 2055 2049
f 2132 2208 2133
f 2136 2208 2132
f 2051 2136 2132
f 2053 2204 2137
f 2059 2134 2054
f 2134 2059 2060
f 2135 2134 2060
f 2060 2061 2055
f 2060 2055 2135
f 2138 2136 2062
f 2138 2208 2136
f 2137 2209 2063
f 2063 2053 2137
f 2141 2140 2139
f 2140 2142 2060
f 2139 2140 2060
f 2061 2060 2142
f 2146 2061 2142
f 2066 2061 2146
f 2208 2138 2143
f 2208 2143 2144
f 2074 2138 2062
f 2074 2143 2138
f 2209 2068 2063
f 2216 2068 2209
f 2072 2141 2139
f 2145 2141 2072
f 2143 2073 2144
f 2073 2146 2144
f 2073 2066 2146
f 2073 2143 2074
f 2216 2075 2068
f 2147 2075 2216
f 2148 2077 2082
f 2080 2145 2072
f 2080 2149 2145
f 2147 2150 2075
f 2154 2075 2150
f 2082 2083 2148
f 2220 2086 2151
f 2086 2220 2085
f 2085 2220 2087
f 2152 2080 2088
f 2149 2080 2152
f 2092 2153 2020
f 2154 2156 2155
f 2086 2091 2159
f 2151 2086 2159
f 2220 2160 2087
f 2161 2087 2160
f 2162 2152 2088
f 2162 2088 2089
f 2162 2089 2163
f 2164 2163 2027
f 2163 2089 2027
f 2027 2090 2164
f 2153 2092 2090
f 2093 2155 2156
f 2093 2156 2094
f 2094 2156 2157
f 2096 2094 2157
f 2158 2096 2157
f 2227 2096 2158
f 2159 2101 2165
f 2161 2160 2166
f 2091 2101 2159
f 2166 2097 2161
f 2167 2168 2099
f 2097 2167 2099
f 2166 2167 2097
f 2164 2169 2171
f 2090 2169 2164
f 2104 2090 2092
f 2169 2090 2104
f 2096 2227 2100
f 2101 2227 2165
f 2101 2100 2227
f 2168 2170 2099
f 2102 2099 2170
f 2102 2171 2103
f 2170 2171 2102
f 2169 2103 2171
f 2103 2169 2104
f 2105 2174 2173
f 2177 2174 2175
f 2174 2106 2175
f 2174 2105 2106
f 2106 2107 2175
f 2233 2176 2172
f 2173 2176 2108
f 2172 2176 2173
f 2173 2108 2105
f 2175 2178 2177
f 2107 2178 2175
f 2110 2178 2107
f 2233 2112 2176
f 2233 2179 2112
f 2112 2108 2176
f 2180 2177 2178
f 2178 2110 2180
f 2110 2119 2180
f 2179 2246 2115
f 2112 2179 2115
f 2116 2184 2117
f 2189 2118 2117
f 2189 2117 2184
f 2185 2118 2189
f 2119 2118 2185
f 2180 2119 2185
f 2181 2182 2183
f 2183 2182 2186
f 2246 2187 2115
f 2115 2188 2116
f 2187 2188 2115
f 2116 2188 2184
f 2191 2192 2190
f 2123 2194 2193
f 2195 2123 2124
f 2195 2194 2123
f 2196 2124 2126
f 2196 2195 2124
f 2197 2196 2126
f 2271 2198 2121
f 2199 2271 2121
f 2120 2199 2121
f 2199 2120 2122
f 2199 2122 2200
f 2127 2200 2122
f 2201 2200 2127
f 2201 2127 1988
f 2202 2193 2128
f 2193 2201 2128
f 2201 1988 2128
f 2202 2130 2123
f 2202 2123 2193
f 2131 2197 2126
f 2131 2133 2197
f 2133 2203 2197
f 2275 2204 2198
f 2275 2198 2271
f 2048 2202 2128
f 2202 2048 2130
f 2205 2133 2208
f 2205 2203 2133
f 2204 2206 2137
f 2204 2207 2206
f 2204 2275 2207
f 2210 2209 2137
f 2211 2137 2206
f 2210 2137 2211
f 2211 2206 2207
f 2212 2213 2283
f 2141 2212 2283
f 2140 2141 2283
f 2214 2140 2283
f 2214 2142 2140
f 2146 2142 2214
f 2144 2215 2208
f 2145 2217 2212
f 2141 2145 2212
f 2214 2218 2146
f 2144 2146 2215
f 2215 2146 2218
f 2291 2147 2216
f 2145 2149 2217
f 2150 2147 2219
f 2147 2291 2219
f 2149 2152 2221
f 2222 2219 2226
f 2219 2222 2150
f 2222 2296 2150
f 2296 2154 2150
f 2154 2223 2156
f 2296 2223 2154
f 2156 2298 2157
f 2223 2298 2156
f 2298 2224 2158
f 2157 2298 2158
f 2298 2299 2220
f 2159 2298 2220
f 2151 2159 2220
f 2224 2298 2159
f 2225 2220 2299
f 2160 2220 2225
f 2301 2152 2162
f 2221 2152 2301
f 2224 2227 2158
f 2165 2227 2159
f 2159 2227 2224
f 2225 2307 2160
f 2160 2307 2166
f 2307 2228 2166
f 2162 2167 2301
f 2167 2228 2301
f 2167 2166 2228
f 2167 2162 2168
f 2162 2229 2168
f 2162 2163 2229
f 2171 2163 2164
f 2171 2229 2163
f 2168 2229 2170
f 2170 2229 2171
f 2308 2172 2230
f 2230 2172 2173
f 2230 2173 2231
f 2173 2174 2231
f 2174 2234 2231
f 2234 2232 2231
f 2174 2235 2234
f 2177 2235 2174
f 2308 2233 2172
f 2234 2235 2248
f 2239 2240 2237
f 2237 2240 2238
f 2241 2240 2239
f 2241 2236 2240
f 2179 2236 2241
f 2233 2236 2179
f 2248 2235 2242
f 2242 2235 2177
f 2180 2242 2177
f 2238 2243 2237
f 2243 2182 2237
f 2182 2181 2237
f 2237 2181 2183
f 2237 2183 2239
f 2239 2183 2186
f 2244 2239 2186
f 2241 2239 2244
f 2241 2244 2245
f 2241 2246 2179
f 2245 2246 2241
f 2248 2242 2247
f 2247 2242 2249
f 2189 2249 2185
f 2249 2180 2185
f 2249 2242 2180
f 2250 2243 2251
f 2243 2252 2182
f 2250 2252 2243
f 2253 2186 2182
f 2253 2182 2252
f 2253 2244 2186
f 2254 2244 2253
f 2245 2254 2255
f 2245 2244 2254
f 2256 2245 2255
f 2256 2246 2245
f 2261 2187 2246
f 2256 2261 2246
f 2322 2188 2187
f 2322 2187 2261
f 2322 2248 2247
f 2188 2322 2247
f 2184 2188 2247
f 2184 2247 2189
f 2189 2247 2249
f 2190 2258 2257
f 2259 2250 2190
f 2250 2258 2190
f 2250 2251 2258
f 2250 2260 2252
f 2250 2259 2260
f 2252 2260 2253
f 2253 2265 2254
f 2253 2260 2265
f 2255 2254 2265
f 2257 2262 2191
f 2257 2191 2190
f 2192 2263 2259
f 2192 2259 2190
f 2260 2263 2264
f 2260 2259 2263
f 2260 2264 2265
f 2191 2262 2266
f 2262 2267 2266
f 2191 2266 2268
f 2192 2191 2268
f 2192 2268 2263
f 2267 2332 2266
f 2266 2332 2268
f 2270 2193 2194
f 2270 2337 2193
f 2270 2195 2269
f 2270 2194 2195
f 2269 2195 2338
f 2195 2196 2338
f 2338 2196 2197
f 2271 2199 2339
f 2199 2200 2339
f 2272 2200 2201
f 2272 2339 2200
f 2273 2272 2201
f 2201 2193 2337
f 2201 2337 2273
f 2274 2338 2197
f 2197 2203 2274
f 2276 2271 2339
f 2275 2271 2276
f 2205 2274 2203
f 2205 2277 2274
f 2279 2278 2275
f 2278 2207 2275
f 2279 2275 2276
f 2281 2282 2280
f 2284 2282 2281
f 2288 2205 2208
f 2288 2277 2205
f 2278 2211 2207
f 2286 2280 2282
f 2285 2280 2286
f 2212 2286 2213
f 2286 2282 2213
f 2282 2284 2213
f 2283 2213 2284
f 2284 2287 2214
f 2283 2284 2214
f 2208 2360 2288
f 2215 2360 2208
f 2210 2216 2209
f 2289 2216 2210
f 2290 2285 2217
f 2285 2286 2217
f 2217 2286 2212
f 2287 2218 2214
f 2287 2360 2218
f 2215 2218 2360
f 2289 2362 2291
f 2216 2289 2291
f 2290 2217 2292
f 2149 2292 2217
f 2291 2362 2294
f 2294 2219 2291
f 2290 2292 2293
f 2221 2292 2149
f 2221 2293 2292
f 2295 2219 2294
f 2226 2219 2295
f 2297 2223 2296
f 2297 2298 2223
f 2301 2300 2293
f 2221 2301 2293
f 2367 2226 2295
f 2226 2302 2296
f 2226 2296 2222
f 2296 2302 2303
f 2375 2297 2303
f 2297 2296 2303
f 2297 2375 2304
f 2297 2304 2298
f 2298 2304 2305
f 2306 2298 2305
f 2306 2299 2298
f 2299 2306 2225
f 2306 2307 2225
f 2301 2228 2300
f 2228 2307 2300
f 2309 2230 2231
f 2226 2367 2310
f 2309 2310 2367
f 2310 2309 2232
f 2231 2232 2309
f 2310 2312 2226
f 2312 2311 2226
f 2311 2302 2226
f 2302 2311 2303
f 2308 2315 2233
f 2313 2312 2310
f 2232 2313 2310
f 2234 2313 2232
f 2236 2315 2314
f 2233 2315 2236
f 2248 2313 2234
f 2248 2318 2313
f 2317 2238 2240
f 2317 2316 2238
f 2317 2240 2314
f 2314 2240 2236
f 2243 2238 2316
f 2243 2316 2319
f 2248 2320 2318
f 2319 2251 2243
f 2321 2251 2319
f 2323 2320 2322
f 2320 2248 2322
f 2257 2321 2324
f 2257 2258 2321
f 2258 2251 2321
f 2265 2325 2255
f 2255 2325 2256
f 2256 2393 2261
f 2325 2393 2256
f 2322 2393 2323
f 2322 2261 2393
f 2326 2262 2257
f 2326 2257 2324
f 2264 2328 2265
f 2327 2328 2264
f 2325 2265 2328
f 2326 2267 2262
f 2329 2267 2326
f 2330 2263 2268
f 2330 2264 2263
f 2335 2264 2330
f 2327 2264 2335
f 2329 2331 2332
f 2267 2329 2332
f 2332 2333 2268
f 2333 2334 2268
f 2268 2334 2330
f 2330 2334 2335
f 2332 2331 2336
f 2332 2336 2333
f 2272 2340 2339
f 2273 2341 2272
f 2272 2341 2340
f 2337 2341 2273
f 2342 2337 2270
f 2341 2337 2342
f 2269 2342 2270
f 2338 2342 2269
f 2338 2343 2342
f 2274 2343 2338
f 2339 2344 2276
f 2344 2340 2345
f 2339 2340 2344
f 2345 2340 2341
f 2345 2341 2346
f 2346 2341 2342
f 2346 2342 2347
f 2342 2343 2348
f 2343 2277 2348
f 2274 2277 2343
f 2279 2349 2278
f 2445 2349 2279
f 2350 2279 2276
f 2350 2445 2279
f 2351 2276 2344
f 2350 2276 2351
f 2352 2351 2280
f 2344 2280 2351
f 2345 2280 2344
f 2280 2346 2281
f 2345 2346 2280
f 2346 2353 2281
f 2284 2281 2353
f 2284 2353 2354
f 2348 2277 2288
f 2348 2288 2408
f 2355 2210 2356
f 2210 2211 2356
f 2357 2211 2278
f 2357 2356 2211
f 2278 2349 2357
f 2285 2352 2280
f 2285 2358 2352
f 2284 2359 2287
f 2354 2359 2284
f 2408 2360 2287
f 2408 2287 2359
f 2360 2408 2288
f 2361 2289 2355
f 2289 2210 2355
f 2411 2285 2290
f 2358 2285 2411
f 2361 2362 2289
f 2363 2411 2290
f 2414 2294 2362
f 2293 2363 2290
f 2293 2364 2363
f 2294 2414 2365
f 2365 2295 2294
f 2366 2364 2293
f 2293 2300 2366
f 2367 2295 2365
f 2376 2304 2375
f 2304 2376 2368
f 2305 2304 2368
f 2368 2369 2305
f 2306 2305 2369
f 2306 2369 2370
f 2306 2377 2307
f 2377 2300 2307
f 2377 2366 2300
f 2308 2230 2371
f 2230 2372 2371
f 2372 2309 2367
f 2230 2309 2372
f 2373 2311 2312
f 2311 2374 2303
f 2373 2374 2311
f 2303 2374 2375
f 2306 2370 2377
f 2315 2371 2378
f 2315 2308 2371
f 2379 2312 2313
f 2373 2312 2379
f 2380 2315 2378
f 2314 2315 2380
f 2318 2379 2313
f 2316 2317 2381
f 2317 2314 2380
f 2317 2380 2381
f 2381 2382 2319
f 2381 2319 2316
f 2384 2383 2382
f 2383 2321 2382
f 2321 2319 2382
f 2384 2382 2381
f 2386 2385 2323
f 2320 2323 2385
f 2383 2324 2321
f 2383 2391 2324
f 2388 2325 2387
f 2393 2325 2388
f 2389 2323 2393
f 2389 2386 2323
f 2391 2390 2326
f 2326 2324 2391
f 2392 2328 2327
f 2387 2325 2328
f 2392 2387 2328
f 2397 2387 2392
f 2437 2388 2397
f 2388 2387 2397
f 2388 2437 2393
f 2329 2390 2394
f 2326 2390 2329
f 2335 2395 2327
f 2392 2395 2396
f 2392 2327 2395
f 2392 2396 2397
f 2398 2331 2394
f 2394 2331 2329
f 2334 2333 2401
f 2334 2438 2335
f 2401 2438 2334
f 2335 2399 2395
f 2335 2438 2399
f 2395 2399 2396
f 2398 2402 2331
f 2400 2402 2398
f 2403 2336 2331
f 2403 2331 2402
f 2336 2403 2333
f 2403 2401 2333
f 2400 2442 2402
f 2347 2342 2404
f 2404 2342 2348
f 2405 2349 2445
f 2406 2445 2350
f 2406 2351 2352
f 2406 2350 2351
f 2353 2346 2354
f 2346 2407 2354
f 2346 2347 2407
f 2347 2404 2446
f 2347 2446 2407
f 2404 2348 2408
f 2404 2408 2446
f 2405 2356 2357
f 2405 2447 2356
f 2357 2349 2405
f 2406 2352 2358
f 2406 2358 2409
f 2446 2354 2407
f 2446 2359 2354
f 2408 2359 2446
f 2361 2355 2410
f 2355 2356 2447
f 2355 2447 2410
f 2409 2358 2411
f 2412 2362 2361
f 2412 2361 2410
f 2413 2411 2363
f 2412 2415 2414
f 2362 2412 2414
f 2413 2363 2416
f 2364 2416 2363
f 2414 2415 2417
f 2417 2365 2414
f 2418 2416 2366
f 2416 2364 2366
f 2367 2417 2459
f 2367 2365 2417
f 2419 2369 2368
f 2420 2369 2419
f 2420 2421 2370
f 2369 2420 2370
f 2421 2420 2418
f 2366 2421 2418
f 2377 2421 2366
f 2372 2367 2459
f 2424 2374 2373
f 2374 2424 2422
f 2375 2374 2422
f 2375 2422 2376
f 2376 2423 2368
f 2376 2422 2423
f 2368 2423 2419
f 2370 2421 2377
f 2425 2378 2371
f 2379 2464 2373
f 2464 2463 2373
f 2373 2463 2424
f 2380 2378 2425
f 2426 2464 2379
f 2318 2426 2379
f 2381 2380 2425
f 2381 2425 2428
f 2320 2426 2318
f 2320 2427 2426
f 2427 2385 2429
f 2427 2320 2385
f 2428 2383 2384
f 2428 2430 2383
f 2384 2381 2428
f 2386 2429 2385
f 2432 2429 2386
f 2391 2430 2431
f 2383 2430 2391
f 2389 2432 2386
f 2431 2469 2391
f 2469 2390 2391
f 2469 2433 2390
f 2434 2393 2437
f 2434 2389 2393
f 2434 2432 2389
f 2394 2433 2435
f 2394 2390 2433
f 2397 2396 2436
f 2397 2436 2437
f 2435 2477 2398
f 2435 2398 2394
f 2399 2438 2439
f 2396 2399 2436
f 2400 2477 2440
f 2398 2477 2400
f 2403 2485 2401
f 2444 2401 2485
f 2438 2444 2441
f 2438 2401 2444
f 2438 2441 2439
f 2440 2442 2400
f 2402 2443 2403
f 2442 2443 2402
f 2403 2443 2485
f 2448 2447 2405
f 2449 2405 2445
f 2448 2405 2449
f 2445 2450 2449
f 2406 2450 2445
f 2409 2450 2406
f 2410 2447 2451
f 2409 2452 2450
f 2409 2411 2452
f 2412 2410 2451
f 2412 2451 2453
f 2452 2411 2454
f 2413 2454 2411
f 2456 2455 2415
f 2415 2412 2453
f 2415 2453 2456
f 2454 2413 2457
f 2413 2416 2457
f 2417 2455 2500
f 2415 2455 2417
f 2458 2416 2418
f 2457 2416 2458
f 2459 2417 2500
f 2419 2460 2458
f 2419 2458 2418
f 2420 2419 2418
f 2461 2372 2459
f 2371 2372 2461
f 2422 2462 2423
f 2419 2462 2460
f 2419 2423 2462
f 2371 2461 2425
f 2464 2511 2463
f 2466 2428 2425
f 2427 2465 2426
f 2427 2429 2465
f 2467 2468 2466
f 2468 2430 2466
f 2430 2428 2466
f 2432 2471 2429
f 2470 2469 2431
f 2470 2431 2430
f 2470 2430 2468
f 2475 2433 2469
f 2469 2470 2472
f 2475 2469 2472
f 2434 2471 2432
f 2434 2473 2471
f 2435 2474 2518
f 2474 2435 2433
f 2474 2433 2475
f 2480 2437 2436
f 2437 2480 2476
f 2434 2437 2476
f 2473 2434 2476
f 2477 2518 2478
f 2477 2435 2518
f 2482 2399 2439
f 2482 2479 2399
f 2399 2479 2436
f 2436 2479 2480
f 2477 2478 2440
f 2478 2481 2440
f 2488 2439 2441
f 2482 2439 2488
f 2481 2483 2440
f 2440 2483 2442
f 2483 2529 2442
f 2443 2529 2484
f 2442 2529 2443
f 2485 2443 2484
f 2444 2485 2486
f 2444 2486 2441
f 2486 2487 2441
f 2488 2441 2487
f 2485 2484 2489
f 2485 2489 2486
f 2448 2490 2447
f 2490 2448 2491
f 2492 2448 2449
f 2492 2491 2448
f 2449 2450 2492
f 2493 2451 2447
f 2493 2447 2490
f 2494 2492 2450
f 2450 2452 2494
f 2495 2453 2451
f 2496 2495 2451
f 2496 2451 2493
f 2454 2494 2452
f 2455 2456 2497
f 2456 2498 2497
f 2456 2453 2495
f 2498 2456 2495
f 2454 2457 2499
f 2501 2500 2497
f 2497 2500 2455
f 2458 2502 2457
f 2457 2502 2499
f 2501 2503 2500
f 2459 2500 2503
f 2505 2502 2460
f 2460 2502 2458
f 2461 2503 2504
f 2461 2459 2503
f 2505 2422 2507
f 2462 2422 2505
f 2460 2462 2505
f 2466 2425 2504
f 2504 2425 2461
f 2463 2511 2506
f 2424 2463 2506
f 2422 2424 2507
f 2424 2506 2507
f 2509 2508 2504
f 2508 2466 2504
f 2510 2464 2426
f 2510 2511 2464
f 2465 2510 2426
f 2512 2467 2466
f 2512 2553 2467
f 2512 2466 2508
f 2513 2465 2429
f 2553 2468 2467
f 2555 2468 2553
f 2471 2513 2429
f 2468 2555 2514
f 2470 2468 2514
f 2515 2470 2514
f 2470 2517 2472
f 2470 2515 2517
f 2473 2516 2471
f 2475 2519 2474
f 2475 2520 2519
f 2475 2472 2520
f 2520 2472 2517
f 2524 2473 2476
f 2522 2521 2518
f 2521 2478 2518
f 2522 2518 2474
f 2522 2474 2523
f 2523 2474 2519
f 2524 2479 2527
f 2480 2479 2524
f 2476 2480 2524
f 2481 2521 2525
f 2478 2521 2481
f 2526 2527 2482
f 2482 2527 2479
f 2525 2528 2483
f 2481 2525 2483
f 2529 2483 2528
f 2526 2482 2488
f 2487 2526 2488
f 2532 2526 2487
f 2527 2526 2532
f 2528 2572 2529
f 2529 2572 2573
f 2529 2573 2484
f 2573 2530 2484
f 2484 2530 2489
f 2489 2530 2486
f 2486 2530 2487
f 2530 2531 2487
f 2487 2531 2532
f 2490 2533 2493
f 2491 2533 2490
f 2534 2491 2492
f 2533 2491 2534
f 2494 2534 2492
f 2495 2496 2535
f 2496 2536 2535
f 2536 2496 2493
f 2537 2536 2493
f 2537 2493 2533
f 2537 2533 2538
f 2538 2533 2534
f 2534 2494 2541
f 2494 2454 2541
f 2540 2497 2498
f 2540 2539 2497
f 2540 2495 2535
f 2498 2495 2540
f 2544 2541 2499
f 2541 2454 2499
f 2543 2542 2501
f 2501 2497 2539
f 2501 2539 2543
f 2502 2544 2499
f 2501 2587 2503
f 2501 2542 2587
f 2544 2505 2545
f 2502 2505 2544
f 2504 2587 2546
f 2504 2503 2587
f 2507 2545 2505
f 2547 2545 2507
f 2509 2504 2546
f 2547 2506 2550
f 2507 2506 2547
f 2509 2548 2508
f 2549 2510 2552
f 2511 2510 2549
f 2511 2550 2506
f 2511 2549 2550
f 2512 2508 2548
f 2512 2548 2551
f 2465 2552 2510
f 2553 2512 2551
f 2554 2465 2513
f 2554 2552 2465
f 2513 2556 2554
f 2471 2556 2513
f 2557 2515 2514
f 2555 2557 2514
f 2556 2471 2516
f 2558 2517 2557
f 2557 2517 2515
f 2516 2473 2561
f 2517 2559 2520
f 2558 2559 2517
f 2558 2560 2559
f 2558 2557 2560
f 2562 2561 2473
f 2562 2473 2524
f 2564 2563 2522
f 2522 2563 2521
f 2565 2522 2523
f 2565 2564 2522
f 2605 2565 2523
f 2519 2605 2523
f 2566 2519 2520
f 2566 2520 2559
f 2559 2560 2606
f 2527 2569 2524
f 2569 2562 2524
f 2611 2567 2525
f 2525 2521 2563
f 2525 2563 2611
f 2570 2568 2527
f 2527 2568 2569
f 2567 2616 2525
f 2528 2525 2616
f 2570 2527 2532
f 2528 2616 2571
f 2572 2528 2571
f 2576 2531 2530
f 2531 2576 2574
f 2532 2531 2574
f 2619 2572 2577
f 2572 2571 2577
f 2572 2619 2573
f 2573 2619 2575
f 2573 2575 2530
f 2530 2575 2576
f 2534 2578 2538
f 2534 2541 2578
f 2579 2539 2672
f 2539 2540 2672
f 2580 2540 2535
f 2672 2540 2580
f 2580 2535 2536
f 2581 2580 2536
f 2582 2536 2537
f 2581 2536 2582
f 2582 2537 2538
f 2582 2538 2583
f 2583 2538 2578
f 2544 2584 2541
f 2584 2578 2541
f 2584 2583 2578
f 2542 2543 2585
f 2543 2586 2585
f 2543 2539 2579
f 2586 2543 2579
f 2544 2632 2584
f 2587 2585 2589
f 2587 2542 2585
f 2632 2545 2590
f 2632 2544 2545
f 2546 2589 2588
f 2546 2587 2589
f 2545 2637 2590
f 2545 2547 2637
f 2588 2591 2509
f 2588 2509 2546
f 2593 2637 2547
f 2593 2547 2550
f 2591 2548 2509
f 2592 2549 2552
f 2549 2593 2550
f 2592 2593 2549
f 2548 2591 2594
f 2551 2548 2594
f 2597 2595 2552
f 2592 2552 2595
f 2551 2596 2553
f 2551 2594 2596
f 2597 2552 2554
f 2596 2555 2553
f 2556 2597 2554
f 2555 2598 2557
f 2516 2599 2556
f 2600 2557 2598
f 2604 2601 2561
f 2601 2599 2561
f 2599 2516 2561
f 2602 2560 2600
f 2560 2557 2600
f 2603 2604 2561
f 2562 2603 2561
f 2605 2566 2656
f 2605 2519 2566
f 2566 2559 2656
f 2560 2602 2606
f 2602 2607 2606
f 2607 2602 2608
f 2569 2609 2603
f 2562 2569 2603
f 2567 2611 2610
f 2656 2559 2612
f 2612 2559 2606
f 2613 2659 2606
f 2607 2613 2606
f 2614 2607 2608
f 2613 2607 2614
f 2570 2614 2568
f 2614 2609 2568
f 2614 2608 2609
f 2568 2609 2569
f 2610 2660 2616
f 2567 2610 2616
f 2617 2659 2613
f 2532 2617 2570
f 2617 2613 2570
f 2613 2614 2570
f 2615 2616 2660
f 2532 2574 2617
f 2618 2616 2615
f 2618 2577 2571
f 2618 2571 2616
f 2620 2575 2619
f 2575 2620 2621
f 2621 2622 2575
f 2575 2622 2576
f 2622 2667 2576
f 2574 2576 2667
f 2618 2623 2577
f 2623 2619 2577
f 2619 2624 2620
f 2621 2620 2624
f 2625 2619 2623
f 2669 2624 2625
f 2624 2619 2625
f 2674 2580 2581
f 2674 2672 2580
f 2626 2581 2582
f 2626 2674 2581
f 2627 2582 2583
f 2627 2626 2582
f 2627 2583 2584
f 2586 2629 2585
f 2585 2629 2628
f 2629 2586 2630
f 2586 2579 2630
f 2631 2579 2672
f 2630 2579 2631
f 2627 2584 2632
f 2627 2632 2635
f 2634 2678 2628
f 2678 2589 2628
f 2589 2585 2628
f 2678 2633 2589
f 2634 2628 2629
f 2635 2632 2590
f 2678 2636 2633
f 2636 2588 2633
f 2588 2589 2633
f 2638 2590 2637
f 2635 2590 2638
f 2686 2591 2588
f 2686 2588 2636
f 2593 2640 2638
f 2593 2638 2637
f 2691 2591 2686
f 2642 2639 2592
f 2639 2640 2592
f 2593 2592 2640
f 2591 2691 2594
f 2594 2691 2696
f 2695 2597 2641
f 2695 2595 2597
f 2642 2595 2695
f 2592 2595 2642
f 2596 2696 2698
f 2596 2594 2696
f 2643 2641 2597
f 2698 2555 2596
f 2698 2700 2555
f 2556 2644 2643
f 2556 2643 2597
f 2700 2645 2598
f 2555 2700 2598
f 2647 2644 2599
f 2599 2644 2556
f 2598 2645 2600
f 2645 2646 2600
f 2648 2645 2647
f 2646 2645 2648
f 2604 2648 2601
f 2648 2647 2601
f 2647 2599 2601
f 2600 2649 2602
f 2600 2646 2649
f 2650 2646 2648
f 2649 2646 2650
f 2603 2650 2604
f 2650 2648 2604
f 2653 2652 2564
f 2564 2652 2563
f 2654 2564 2565
f 2654 2653 2564
f 2655 2565 2605
f 2655 2654 2565
f 2655 2605 2656
f 2649 2608 2602
f 2608 2649 2609
f 2609 2649 2650
f 2609 2650 2603
f 2651 2704 2657
f 2658 2651 2610
f 2651 2657 2610
f 2652 2610 2611
f 2652 2658 2610
f 2611 2563 2652
f 2661 2656 2612
f 2606 2659 2612
f 2657 2660 2610
f 2612 2662 2661
f 2659 2662 2612
f 2617 2662 2659
f 2660 2663 2615
f 2574 2665 2617
f 2665 2662 2617
f 2665 2664 2662
f 2615 2663 2714
f 2714 2618 2615
f 2719 2621 2666
f 2622 2621 2719
f 2719 2667 2622
f 2574 2667 2665
f 2714 2723 2623
f 2618 2714 2623
f 2624 2671 2621
f 2666 2621 2671
f 2723 2668 2623
f 2625 2623 2668
f 2669 2670 2624
f 2670 2671 2624
f 2668 2727 2625
f 2625 2670 2669
f 2625 2727 2670
f 2626 2673 2674
f 2626 2627 2673
f 2729 2630 2631
f 2672 2674 2631
f 2674 2676 2675
f 2673 2676 2674
f 2677 2673 2627
f 2676 2673 2677
f 2635 2677 2627
f 2634 2629 2679
f 2629 2630 2729
f 2629 2729 2679
f 2729 2631 2680
f 2631 2674 2680
f 2681 2676 2677
f 2682 2636 2678
f 2682 2634 2683
f 2678 2634 2682
f 2683 2634 2679
f 2681 2684 2685
f 2638 2681 2677
f 2684 2681 2638
f 2635 2638 2677
f 2636 2682 2686
f 2682 2687 2686
f 2682 2683 2688
f 2682 2688 2687
f 2684 2690 2685
f 2640 2690 2684
f 2640 2684 2638
f 2691 2686 2687
f 2692 2687 2688
f 2695 2689 2694
f 2693 2689 2695
f 2739 2695 2694
f 2642 2739 2690
f 2639 2642 2690
f 2639 2690 2640
f 2691 2687 2696
f 2696 2687 2692
f 2697 2693 2641
f 2641 2693 2695
f 2642 2695 2739
f 2699 2696 2692
f 2698 2696 2699
f 2692 2697 2740
f 2692 2740 2699
f 2643 2697 2641
f 2643 2740 2697
f 2701 2698 2699
f 2700 2698 2701
f 2699 2740 2644
f 2701 2699 2644
f 2643 2644 2740
f 2645 2700 2647
f 2700 2701 2647
f 2644 2647 2701
f 2706 2705 2704
f 2651 2706 2704
f 2651 2707 2706
f 2743 2707 2651
f 2702 2652 2653
f 2702 2710 2652
f 2702 2653 2654
f 2702 2654 2703
f 2654 2655 2703
f 2655 2708 2703
f 2656 2708 2655
f 2709 2704 2705
f 2657 2704 2709
f 2658 2743 2651
f 2658 2710 2743
f 2652 2710 2658
f 2711 2708 2656
f 2711 2656 2661
f 2709 2712 2657
f 2660 2657 2712
f 2713 2711 2661
f 2662 2713 2661
f 2712 2663 2660
f 2714 2663 2712
f 2715 2713 2662
f 2664 2715 2662
f 2716 2715 2664
f 2664 2665 2716
f 2716 2665 2717
f 2721 2719 2720
f 2667 2721 2722
f 2719 2721 2667
f 2722 2665 2667
f 2722 2717 2665
f 2718 2723 2714
f 2726 2724 2719
f 2666 2726 2719
f 2671 2726 2666
f 2719 2724 2720
f 2718 2725 2723
f 2725 2668 2723
f 2668 2725 2727
f 2728 2726 2671
f 2728 2671 2670
f 2727 2728 2670
f 2729 2730 2679
f 2680 2730 2729
f 2731 2680 2674
f 2675 2731 2674
f 2675 2732 2731
f 2676 2733 2675
f 2733 2732 2675
f 2681 2733 2676
f 2679 2734 2683
f 2730 2762 2734
f 2679 2730 2734
f 2762 2730 2680
f 2737 2762 2680
f 2735 2737 2680
f 2731 2735 2680
f 2735 2731 2732
f 2685 2732 2733
f 2681 2685 2733
f 2736 2683 2734
f 2688 2683 2736
f 2734 2738 2736
f 2738 2737 2689
f 2735 2694 2689
f 2737 2735 2689
f 2739 2735 2732
f 2694 2735 2739
f 2739 2685 2690
f 2739 2732 2685
f 2688 2736 2692
f 2736 2738 2763
f 2693 2738 2689
f 2693 2763 2738
f 2763 2697 2692
f 2736 2763 2692
f 2763 2693 2697
f 2706 2742 2705
f 2744 2743 2702
f 2743 2710 2702
f 2744 2702 2703
f 2703 2745 2744
f 2703 2708 2745
f 2709 2705 2742
f 2746 2708 2711
f 2746 2745 2708
f 2746 2711 2747
f 2712 2709 2748
f 2749 2711 2713
f 2747 2711 2749
f 2714 2748 2750
f 2714 2712 2748
f 2749 2713 2751
f 2715 2752 2713
f 2752 2751 2713
f 2716 2753 2715
f 2715 2753 2752
f 2717 2753 2716
f 2718 2714 2750
f 2754 2718 2750
f 2759 2755 2720
f 2751 2720 2755
f 2720 2751 2721
f 2752 2721 2751
f 2722 2756 2759
f 2756 2722 2753
f 2721 2753 2722
f 2753 2721 2752
f 2753 2717 2756
f 2717 2760 2756
f 2717 2722 2760
f 2758 2757 2724
f 2758 2724 2726
f 2720 2724 2759
f 2724 2757 2759
f 2759 2760 2722
f 2754 2785 2718
f 2718 2785 2725
f 2727 2725 2785
f 2727 2785 2789
f 2726 2728 2761
f 2758 2726 2761
f 2761 2728 2789
f 2728 2727 2789
f 2762 2738 2734
f 2738 2762 2737
f 2765 2764 2766
f 2764 2765 2767
f 2769 2768 2741
f 2771 2770 2741
f 2770 2769 2741
f 2772 2766 2771
f 2771 2766 2770
f 2772 2765 2766
f 2765 2773 2767
f 2765 2772 2773
f 2776 2767 2773
f 2741 2775 2774
f 2741 2768 2775
f 2774 2771 2741
f 2774 2742 2706
f 2771 2774 2706
f 2771 2706 2707
f 2771 2707 2772
f 2772 2707 2743
f 2772 2743 2773
f 2743 2776 2773
f 2744 2776 2743
f 2777 2776 2744
f 2777 2744 2745
f 2745 2778 2777
f 2775 2779 2774
f 2774 2779 2742
f 2779 2812 2742
f 2709 2742 2812
f 2745 2746 2778
f 2746 2747 2778
f 2747 2813 2778
f 2748 2709 2812
f 2749 2813 2747
f 2749 2780 2813
f 2812 2821 2748
f 2748 2821 2750
f 2751 2780 2749
f 2751 2781 2780
f 2754 2821 2782
f 2754 2750 2821
f 2751 2755 2783
f 2784 2751 2783
f 2781 2751 2784
f 2755 2759 2783
f 2756 2760 2759
f 2825 2785 2754
f 2782 2825 2754
f 2786 2785 2825
f 2784 2783 2757
f 2758 2784 2757
f 2788 2784 2758
f 2757 2783 2759
f 2785 2786 2789
f 2789 2787 2761
f 2789 2786 2787
f 2788 2761 2787
f 2788 2758 2761
f 2792 2791 2764
f 2791 2790 2764
f 2792 2793 2791
f 2797 2793 2792
f 2797 2794 2793
f 2766 2790 2795
f 2764 2790 2766
f 2767 2792 2764
f 2796 2792 2767
f 2792 2796 2797
f 2797 2800 2794
f 2794 2800 2798
f 2769 2799 2768
f 2799 2770 2834
f 2769 2770 2799
f 2834 2770 2766
f 2834 2766 2795
f 2776 2796 2767
f 2796 2776 2797
f 2797 2776 2800
f 2800 2801 2798
f 2802 2798 2801
f 2803 2805 2804
f 2799 2807 2806
f 2775 2799 2806
f 2768 2799 2775
f 2776 2777 2800
f 2800 2777 2778
f 2800 2778 2801
f 2778 2802 2801
f 2778 2813 2802
f 2805 2803 2809
f 2803 2810 2809
f 2803 2808 2810
f 2809 2810 2807
f 2810 2806 2807
f 2810 2811 2806
f 2811 2779 2775
f 2806 2811 2775
f 2812 2779 2811
f 2814 2810 2808
f 2810 2815 2811
f 2810 2814 2815
f 2811 2816 2812
f 2811 2815 2816
f 2780 2817 2813
f 2815 2814 2818
f 2815 2818 2819
f 2815 2819 2816
f 2816 2819 2820
f 2816 2820 2821
f 2812 2816 2821
f 2817 2781 2822
f 2817 2780 2781
f 2823 2782 2821
f 2823 2824 2782
f 2824 2825 2782
f 2826 2786 2825
f 2828 2786 2826
f 2822 2827 2828
f 2784 2827 2781
f 2781 2827 2822
f 2828 2787 2786
f 2828 2827 2788
f 2787 2828 2788
f 2784 2788 2827
f 2791 2830 2790
f 2790 2830 2829
f 2791 2831 2830
f 2791 2793 2831
f 2832 2831 2793
f 2833 2832 2794
f 2832 2793 2794
f 2834 2795 2835
f 2795 2790 2829
f 2835 2795 2829
f 2798 2833 2794
f 2836 2833 2798
f 2834 2837 2799
f 2838 2834 2835
f 2837 2834 2838
f 2802 2836 2798
f 2802 2845 2836
f 2803 2804 2839
f 2804 2840 2839
f 2804 2841 2840
f 2804 2805 2841
f 2841 2805 2848
f 2842 2807 2799
f 2849 2842 2799
f 2837 2849 2799
f 2849 2837 2843
f 2844 2837 2838
f 2843 2837 2844
f 2813 2845 2802
f 2839 2840 2846
f 2846 2840 2847
f 2846 2808 2803
f 2846 2803 2839
f 2848 2805 2809
f 2809 2807 2842
f 2809 2842 2848
f 2813 2850 2845
f 2846 2847 2808
f 2847 2851 2808
f 2814 2808 2851
f 2850 2817 2852
f 2850 2813 2817
f 2814 2851 2853
f 2854 2814 2853
f 2818 2814 2854
f 2818 2854 2819
f 2854 2878 2819
f 2820 2878 2855
f 2819 2878 2820
f 2855 2821 2820
f 2856 2857 2852
f 2822 2856 2852
f 2822 2852 2817
f 2855 2823 2821
f 2823 2858 2824
f 2855 2858 2823
f 2824 2859 2825
f 2858 2859 2824
f 2825 2882 2826
f 2859 2882 2825
f 2882 2856 2828
f 2826 2882 2828
f 2857 2856 2882
f 2822 2828 2856
f 2831 2860 2830
f 2860 2831 2832
f 2829 2861 2835
f 2829 2862 2861
f 2829 2830 2862
f 2830 2860 2862
f 2863 2860 2832
f 2863 2832 2833
f 2864 2863 2833
f 2864 2833 2836
f 2835 2861 2865
f 2838 2835 2865
f 2885 2838 2865
f 2864 2836 2867
f 2845 2867 2836
f 2841 2866 2840
f 2848 2866 2841
f 2885 2844 2838
f 2888 2844 2885
f 2868 2847 2840
f 2868 2840 2866
f 2869 2866 2848
f 2870 2848 2842
f 2869 2848 2870
f 2849 2870 2842
f 2871 2870 2849
f 2871 2843 2873
f 2871 2849 2843
f 2844 2874 2843
f 2843 2874 2873
f 2888 2874 2844
f 2867 2845 2876
f 2845 2850 2876
f 2847 2868 2872
f 2851 2847 2872
f 2876 2852 2875
f 2850 2852 2876
f 2851 2872 2877
f 2853 2851 2877
f 2907 2875 2857
f 2857 2875 2852
f 2877 2908 2853
f 2853 2903 2854
f 2853 2908 2903
f 2854 2903 2879
f 2854 2879 2878
f 2878 2879 2855
f 2879 2880 2855
f 2855 2881 2858
f 2880 2881 2855
f 2858 2881 2859
f 2881 2882 2859
f 2857 2882 2907
f 2862 2884 2861
f 2884 2862 2860
f 2883 2884 2860
f 2863 2883 2860
f 2909 2885 2865
f 2861 2909 2865
f 2884 2909 2861
f 2887 2886 2863
f 2864 2887 2863
f 2867 2887 2864
f 2885 2909 2888
f 2886 2887 2889
f 2867 2889 2887
f 2869 2890 2866
f 2869 2891 2890
f 2869 2870 2891
f 2912 2870 2871
f 2912 2891 2870
f 2871 2873 2912
f 2888 2909 2892
f 2876 2889 2867
f 2876 2893 2889
f 2894 2872 2868
f 2866 2895 2894
f 2868 2866 2894
f 2895 2866 2890
f 2897 2912 2873
f 2897 2874 2896
f 2897 2873 2874
f 2888 2892 2874
f 2892 2896 2874
f 2892 2901 2896
f 2898 2893 2875
f 2875 2893 2876
f 2899 2872 2894
f 2899 2877 2872
f 2877 2899 2900
f 2907 2898 2875
f 2877 2902 2908
f 2877 2900 2902
f 2905 2879 2904
f 2880 2879 2905
f 2905 2906 2880
f 2880 2929 2881
f 2906 2929 2880
f 2881 2907 2882
f 2929 2907 2881
f 2903 2908 2931
f 2903 2931 2879
f 2879 2931 2904
f 2883 2909 2884
f 2863 2886 2883
f 2910 2909 2883
f 2911 2883 2886
f 2910 2883 2911
f 2889 2911 2886
f 2913 2892 2909
f 2913 2910 2935
f 2909 2910 2913
f 2935 2910 2911
f 2935 2911 2914
f 2911 2889 2914
f 2889 2915 2914
f 2889 2893 2915
f 2916 2894 2895
f 2916 2895 2936
f 2917 2890 2891
f 2895 2890 2917
f 2917 2891 2912
f 2917 2912 2918
f 2921 2918 2897
f 2918 2912 2897
f 2939 2901 2913
f 2913 2901 2892
f 2913 2935 2939
f 2898 2915 2893
f 2898 2919 2915
f 2916 2899 2894
f 2900 2899 2916
f 2936 2900 2916
f 2920 2900 2936
f 2896 2921 2897
f 2922 2921 2896
f 2924 2922 2923
f 2922 2901 2923
f 2922 2896 2901
f 2925 2923 2901
f 2939 2925 2901
f 2919 2907 2926
f 2919 2898 2907
f 2920 2902 2900
f 2927 2902 2920
f 2904 2928 2905
f 2905 2923 2906
f 2923 2905 2924
f 2928 2924 2905
f 2924 2928 2933
f 2923 2925 2906
f 2929 2906 2925
f 2907 2929 2926
f 2908 2902 2930
f 2902 2927 2930
f 2934 2931 2908
f 2934 2908 2930
f 2931 2954 2904
f 2904 2932 2928
f 2904 2954 2932
f 2928 2932 2933
f 2936 2895 2937
f 2895 2917 2937
f 2938 2917 2918
f 2938 2937 2917
f 2918 2921 2938
f 2939 2914 2940
f 2935 2914 2939
f 2914 2915 2940
f 2915 2919 2940
f 2941 2920 2936
f 2941 2936 2937
f 2942 2938 2921
f 2942 2921 2922
f 2943 2925 2939
f 2939 2926 2943
f 2940 2926 2939
f 2919 2926 2940
f 2941 2927 2920
f 2944 2927 2941
f 2945 2942 2922
f 2946 2945 2933
f 2945 2922 2933
f 2922 2924 2933
f 2943 2929 2925
f 2926 2929 2943
f 2944 2930 2927
f 2947 2930 2944
f 2932 2954 2948
f 2932 2948 2946
f 2933 2932 2946
f 2934 2947 2949
f 2930 2947 2934
f 2949 2956 2934
f 2956 2931 2934
f 2931 2956 2954
f 2950 2941 2937
f 2960 2950 2937
f 2960 2937 2938
f 2960 2938 2951
f 2951 2938 2942
f 2950 2944 2941
f 2952 2951 2945
f 2951 2942 2945
f 2946 2952 2945
f 2953 2944 2950
f 2953 2947 2944
f 2952 2946 2958
f 2946 2948 2958
f 2949 2947 2953
f 2949 2953 2955
f 2956 2957 2954
f 2954 2957 2948
f 2957 2958 2948
f 2949 2955 2959
f 2959 2956 2949
f 2961 2951 2952
f 2950 2962 2953
f 2960 2962 2950
f 2963 2961 2958
f 2961 2952 2958
f 2962 2955 2953
f 2964 2955 2962
f 2966 2965 2957
f 2966 2957 2956
f 2958 2965 2963
f 2958 2957 2965
f 2959 2964 2967
f 2955 2964 2959
f 2968 2966 2956
f 2967 2969 2959
f 2969 2968 2959
f 2968 2956 2959
f 2960 2951 2970
f 2951 2961 2970
f 2971 2962 2960
f 2960 2970 2971
f 2973 2970 2961
f 2973 2961 2963
f 2972 2964 2971
f 2964 2962 2971
f 2966 2973 2965
f 2963 2965 2973
f 2972 2974 2967
f 2972 2967 2964
f 2968 2976 2966
f 2969 2967 2974
f 2969 2974 2975
f 2976 2968 2969
f 2976 2969 2975
f 2977 2971 2970
f 2973 2977 2970
f 2979 2978 2972
f 2980 2972 2971
f 2980 2979 2972
f 2981 2971 2977
f 2980 2971 2981
f 2966 2982 2973
f 2982 2977 2973
f 2982 2981 2977
f 2978 2974 2972
f 2983 2974 2978
f 2976 2982 2966
f 2976 2986 2982
f 2983 2984 2974
f 2975 2974 2984
f 2975 2984 2985
f 2985 2986 2976
f 2976 2975 2985
f 2987 2978 2979
f 2980 2988 2979
f 2979 2988 2987
f 2980 2981 2988
f 2989 2978 2987
f 2989 2983 2978
f 2986 2990 2988
f 2981 2986 2988
f 2982 2986 2981
f 2983 2989 2984
f 2984 2990 2985
f 2989 2990 2984
f 2985 2990 2986
f 2988 2990 2987
f 2987 2990 2989
