v 0.6 0.2 -13.0
v 0.5 0.0 -11.1
v 0.7 0.1 -10.0
v 0.8 2.1 -13.0
v 0.7 2.2 -11.7
v 0.8 2.1 -10.0
v 0.8 4.8 -11.8
v 1.0 4.9 -9.8
v 0.7 6.2 -14.1
v 0.7 5.8 -12.9
v 0.7 5.9 -9.3
v 1.0 7.2 -7.9
v 1.0 5.4 -8.3
v 0.6 7.9 -13.9
v 0.8 7.8 -11.0
v 0.9 9.1 -13.7
v 1.0 9.2 -11.0
v 1.9 -1.3 -13.7
v 2.0 -1.3 -10.1
v 1.9 -0.1 -16.1
v 1.7 -0.2 -15.0
v 1.8 -0.2 -8.9
v 1.7 1.7 -16.1
v 1.4 0.1 -14.0
v 1.9 1.0 -7.8
v 1.4 1.7 -9.0
v 1.5 2.1 -14.0
v 1.9 3.1 -8.0
v 2.0 3.5 -11.9
v 2.0 3.1 -10.0
v 1.9 3.0 -7.1
v 2.4 4.3 -14.2
v 2.1 4.5 -12.6
v 1.5 6.2 -11.9
v 1.4 5.5 -10.4
v 2.4 6.2 -17.1
v 1.7 6.7 -14.9
v 1.1 8.1 -10.9
v 1.0 7.2 -10.0
v 2.0 8.0 -21.0
v 1.8 8.0 -18.0
v 1.6 7.3 -16.9
v 1.7 7.0 -16.0
v 1.5 8.4 -13.3
v 1.9 8.7 -18.8
v 1.8 8.3 -15.0
v 1.8 10.1 -22.2
v 2.2 9.2 -18.0
v 1.8 10.9 -22.8
v 1.5 10.8 -20.3
v 1.6 12.0 -21.8
v 1.6 11.7 -19.1
v 3.3 -1.5 -10.1
v 2.9 -0.2 -16.4
v 3.2 -0.6 -9.0
v 3.2 -0.3 -7.9
v 2.8 1.3 -7.3
v 2.7 3.0 -16.2
v 2.3 3.0 -13.0
v 2.6 2.9 -10.9
v 3.3 3.5 -7.4
v 2.9 4.0 -16.2
v 3.0 4.1 -11.9
v 3.0 3.0 -5.6
v 2.6 5.0 -15.2
v 2.7 4.9 -13.1
v 2.6 4.4 -12.4
v 2.3 5.0 -12.0
v 2.0 5.0 -11.0
v 2.8 5.7 -18.8
v 2.8 4.9 -18.0
v 3.2 5.3 -17.0
v 3.2 5.1 -15.9
v 2.6 6.9 -13.2
v 3.0 7.6 -21.0
v 1.6 8.9 -21.0
v 2.9 9.0 -22.7
v 2.2 8.2 -15.8
v 3.0 8.7 -15.2
v 2.8 8.2 -13.8
v 2.2 9.4 -17.0
v 2.8 11.0 -17.4
v 2.9 10.1 -15.9
v 2.7 12.0 -23.3
v 2.9 12.0 -17.0
v 2.9 13.2 -23.0
v 2.3 13.0 -20.7
v 2.7 14.1 -20.0
v 2.8 13.4 -19.0
v 2.8 13.0 -17.9
v 3.9 -1.4 -15.8
v 3.3 -1.5 -14.2
v 5.0 -1.4 -17.2
v 3.1 1.5 -16.7
v 3.8 2.8 -16.7
v 4.1 1.7 -6.1
v 4.2 2.9 -12.5
v 2.1 2.6 -9.1
v 4.0 2.9 -8.0
v 4.0 3.9 -17.1
v 4.9 4.0 -12.8
v 4.0 3.1 -5.8
v 4.0 5.3 -17.8
v 4.0 6.4 -19.8
v 4.6 5.5 -13.7
v 4.0 8.0 -21.0
v 4.1 7.2 -13.9
v 4.1 8.9 -22.7
v 4.2 8.6 -15.3
v 3.9 9.9 -24.2
v 3.1 10.0 -22.9
v 4.0 11.0 -25.1
v 3.2 11.0 -23.7
v 4.1 11.0 -16.4
v 4.0 10.2 -15.8
v 4.3 12.3 -16.2
v 3.9 13.3 -23.1
v 3.1 13.6 -21.2
v 4.1 13.5 -20.2
v 4.0 14.3 -18.0
v 4.8 -36.2 -0.1
v 4.7 -34.9 -0.0
v 4.6 -35.9 1.0
v 4.9 -34.0 1.0
v 4.3 -31.9 7.0
v 4.4 -33.0 7.0
v 4.8 -31.8 -1.9
v 4.9 -31.1 0.1
v 4.1 -31.0 6.0
v 5.0 -31.1 5.7
v 5.1 -31.0 6.8
v 4.6 -31.0 -1.8
v 4.4 -29.8 5.8
v 4.9 -28.9 -1.0
v 5.0 -30.0 7.0
v 4.8 -29.1 0.1
v 5.0 -1.0 -18.0
v 5.0 -1.2 -10.0
v 4.9 -0.1 -18.2
v 5.3 -0.7 -9.3
v 5.3 -0.3 -8.2
v 5.1 0.9 -6.7
v 5.0 2.0 -16.9
v 4.9 1.9 -13.1
v 4.7 1.7 -11.6
v 5.0 2.0 -6.5
v 5.0 2.6 -9.0
v 5.1 3.1 -7.0
v 5.1 7.3 -20.8
v 5.6 6.2 -18.8
v 4.8 7.0 -15.1
v 5.2 7.7 -22.0
v 5.6 8.3 -16.4
v 5.1 9.8 -24.4
v 3.9 12.0 -24.3
v 4.1 14.1 -19.0
v 4.1 13.2 -16.5
v 4.7 13.1 -15.8
v 4.9 15.1 -15.9
v 4.9 15.2 -17.1
v 6.0 -36.4 -1.0
v 7.0 -37.0 1.0
v 5.9 -37.0 5.0
v 5.0 -36.0 -1.0
v 6.0 -36.1 2.2
v 6.0 -35.0 5.0
v 6.0 -34.0 -3.0
v 5.8 -34.1 -2.0
v 6.2 -34.0 -1.0
v 5.7 -34.0 2.3
v 6.0 -33.0 3.4
v 6.0 -33.0 6.3
v 6.9 -33.3 7.2
v 6.8 -33.2 -0.9
v 5.6 -32.9 2.0
v 5.8 -31.0 -3.1
v 6.0 -31.0 2.0
v 5.7 -32.0 3.5
v 5.2 -30.0 -1.8
v 6.4 -30.0 0.8
v 6.0 -31.0 8.0
v 5.8 -30.0 -3.1
v 6.2 -29.0 -1.8
v 6.0 -28.7 0.2
v 6.4 -1.0 -17.4
v 5.3 -1.4 -11.6
v 6.0 -0.7 -11.0
v 5.0 1.0 -18.1
v 5.9 1.6 -17.6
v 6.4 0.9 -7.9
v 5.9 1.8 -14.0
v 4.0 2.5 -10.9
v 6.0 1.0 -7.0
v 6.0 3.0 -16.4
v 6.2 3.0 -14.4
v 5.0 3.1 -8.0
v 6.2 2.1 -8.0
v 5.8 4.0 -16.3
v 5.4 5.4 -17.8
v 5.8 5.4 -14.6
v 6.0 5.9 -16.1
v 7.0 6.6 -20.1
v 5.9 6.9 -16.4
v 6.5 9.9 -16.2
v 5.7 11.0 -26.1
v 5.9 11.7 -25.0
v 5.5 12.5 -19.9
v 6.1 12.6 -18.4
v 5.9 12.9 -17.9
v 6.1 11.9 -16.2
v 5.5 14.1 -17.9
v 6.3 13.1 -15.2
v 5.0 15.0 -18.0
v 6.9 -37.1 -2.1
v 6.7 -37.1 -1.0
v 6.5 -35.9 -1.8
v 6.9 -36.7 -0.2
v 7.0 -36.9 2.0
v 7.7 -35.0 2.6
v 7.0 -36.0 4.6
v 7.9 -35.0 5.7
v 6.4 -34.0 5.0
v 6.2 -34.0 6.0
v 7.0 -34.5 6.0
v 5.7 -33.0 -2.1
v 7.2 -32.4 -3.8
v 6.7 -34.1 4.0
v 6.1 -32.1 -2.8
v 6.7 -31.8 0.2
v 6.3 -32.9 0.9
v 6.4 -32.0 5.2
v 7.2 -31.0 -4.5
v 6.3 -31.0 0.9
v 7.1 -31.3 3.0
v 7.2 -31.2 5.0
v 7.1 -31.0 5.3
v 6.9 -31.0 8.1
v 6.7 -28.9 -3.1
v 7.2 -29.1 0.6
v 5.1 -29.7 6.0
v 6.1 -29.7 7.1
v 6.8 -27.8 -2.8
v 6.3 -28.3 -0.9
v 7.9 -1.4 -17.2
v 7.0 -1.6 -16.0
v 7.2 -1.5 -13.4
v 6.9 0.1 -17.8
v 7.2 -0.7 -12.1
v 7.0 0.0 -9.0
v 6.5 1.2 -10.1
v 6.9 1.9 -14.2
v 6.9 1.3 -11.0
v 6.1 2.2 -8.9
v 7.0 2.9 -15.9
v 7.0 4.2 -16.7
v 6.8 4.0 -14.4
v 6.9 5.9 -16.2
v 7.3 5.1 -14.9
v 8.2 7.6 -21.1
v 7.0 11.0 -25.7
v 7.0 9.2 -16.3
v 7.0 11.9 -26.0
v 7.0 12.0 -26.0
v 7.0 12.0 -26.0
v 6.6 12.1 -25.2
v 6.0 13.3 -23.1
v 6.1 12.7 -21.1
v 6.7 13.8 -16.9
v 6.8 13.9 -11.9
v 6.1 15.2 -17.1
v 6.3 15.7 -15.6
v 6.4 14.9 -15.2
v 7.0 15.9 -15.0
v 7.1 15.7 -13.9
v 6.8 15.0 -12.0
v 8.0 -38.0 -1.0
v 7.9 -37.1 -4.1
v 7.8 -37.3 -2.9
v 8.1 -36.6 -0.1
v 7.0 -37.0 5.0
v 7.8 -36.0 -4.2
v 7.9 -35.8 1.0
v 7.8 -35.6 2.0
v 8.0 -36.0 3.9
v 8.0 -36.4 5.2
v 7.5 -34.9 -3.3
v 7.0 -35.0 -2.0
v 7.2 -35.0 4.5
v 7.4 -34.3 2.9
v 8.3 -34.0 6.5
v 7.7 -31.7 -6.1
v 7.6 -34.0 -4.9
v 7.9 -33.0 7.2
v 7.2 -29.9 -3.9
v 7.3 -30.4 2.0
v 8.0 -31.0 8.0
v 7.7 -29.9 -5.9
v 8.3 -29.0 -6.0
v 8.9 -29.9 7.1
v 7.8 -28.0 -5.0
v 7.7 -27.7 -4.1
v 7.8 -27.1 0.0
v 8.2 -2.5 -15.9
v 7.9 -2.0 -13.7
v 7.2 0.7 -18.1
v 7.5 -0.0 -10.4
v 7.3 2.1 -17.0
v 7.8 2.8 -16.5
v 8.1 1.2 -11.9
v 8.0 1.7 -13.5
v 8.0 4.0 -17.1
v 8.3 3.8 -14.6
v 8.2 5.0 -15.3
v 7.2 5.6 -19.0
v 7.1 7.8 -22.1
v 8.0 7.3 -16.6
v 6.9 9.3 -23.8
v 6.6 9.8 -25.2
v 8.0 9.7 -24.1
v 8.0 9.1 -22.1
v 7.9 9.1 -16.4
v 8.0 12.0 -26.0
v 8.0 13.0 -25.2
v 8.0 11.2 -14.4
v 8.0 13.1 -25.1
v 7.2 13.6 -24.0
v 8.0 15.0 -24.0
v 8.0 13.8 -15.8
v 7.4 13.9 -22.5
v 8.0 14.1 -11.6
v 7.7 16.0 -11.7
v 7.6 17.0 -13.8
v 8.0 17.1 -14.6
v 9.2 -38.0 -1.9
v 8.9 -38.3 3.0
v 8.9 -38.0 4.1
v 8.9 -37.3 -4.3
v 8.9 -38.0 0.1
v 9.0 -37.0 -0.4
v 8.9 -37.0 2.0
v 8.4 -36.8 3.7
v 8.8 -36.0 -5.2
v 9.0 -36.7 4.7
v 8.9 -36.5 6.1
v 8.7 -35.1 -5.3
v 9.1 -35.8 -0.2
v 9.3 -35.8 2.0
v 8.9 -35.0 3.9
v 9.1 -35.0 6.4
v 8.9 -33.7 -6.3
v 9.1 -34.9 3.0
v 8.9 -32.7 6.7
v 8.8 -31.2 -7.9
v 8.7 -31.4 -6.8
v 8.7 -29.9 -9.0
v 8.9 -31.6 3.1
v 9.3 -29.3 0.6
v 8.4 -30.1 -7.1
v 8.4 -27.1 -5.5
v 8.6 -28.0 0.5
v 8.6 -26.1 -8.9
v 8.2 -27.1 -1.3
v 8.7 -25.9 -4.9
v 8.7 -26.0 -0.9
v 8.8 -26.8 0.2
v 9.0 -25.6 -2.2
v 9.0 -7.0 -17.0
v 8.8 -7.0 -16.0
v 8.8 -6.0 -16.1
v 8.8 -6.0 -14.9
v 8.9 -5.0 -16.1
v 8.9 -5.0 -15.0
v 9.4 -3.9 -16.0
v 9.0 -3.0 -17.0
v 8.5 -2.0 -17.0
v 9.0 -1.7 -17.4
v 9.0 -3.0 -17.0
v 9.6 -2.8 -14.5
v 9.1 -0.0 -11.9
v 9.1 2.0 -14.4
v 9.0 3.0 -16.6
v 9.3 7.0 -17.3
v 8.1 6.2 -15.8
v 9.0 10.2 -22.9
v 9.0 9.0 -17.0
v 8.1 11.0 -25.3
v 9.0 10.7 -24.3
v 8.0 12.0 -26.0
v 8.9 12.9 -24.7
v 8.2 12.7 -18.1
v 8.0 12.9 -17.0
v 9.0 12.7 -13.6
v 8.9 13.8 -18.3
v 9.0 15.0 -23.1
v 8.2 12.9 -19.1
v 8.0 15.7 -14.9
v 9.2 15.0 -11.6
v 8.7 16.0 -19.0
v 8.8 17.2 -14.2
v 9.0 16.9 -12.0
v 9.0 16.2 -10.9
v 8.0 17.2 -12.2
v 10.0 -49.0 2.0
v 9.7 -48.0 4.0
v 10.5 -48.3 4.9
v 9.8 -47.0 4.0
v 10.0 -42.5 1.0
v 9.3 -39.9 1.1
v 9.5 -39.0 0.1
v 9.7 -39.3 2.0
v 9.9 -39.1 4.2
v 10.6 -38.9 -4.0
v 11.1 -39.0 -1.9
v 9.4 -37.8 1.5
v 10.0 -35.8 -5.9
v 10.1 -35.8 -0.6
v 9.7 -36.8 1.0
v 10.0 -35.9 1.2
v 9.1 -36.0 3.2
v 10.0 -36.0 6.6
v 10.0 -34.0 7.1
v 9.2 -31.2 5.8
v 9.4 -31.0 -9.0
v 10.1 -31.0 0.7
v 9.5 -31.2 2.0
v 9.8 -30.9 -10.1
v 9.9 -29.1 -10.4
v 9.0 -29.9 5.9
v 9.8 -28.0 -11.1
v 10.0 -27.1 -11.4
v 9.4 -26.3 -10.1
v 11.9 -26.9 0.3
v 10.6 -25.9 -0.4
v 9.9 -24.7 -9.0
v 10.2 -24.6 -1.9
v 10.0 -24.6 -5.2
v 10.2 -24.7 -0.9
v 9.9 -9.1 -16.0
v 9.9 -9.1 -15.0
v 9.3 -7.6 -15.5
v 10.2 -6.9 -17.8
v 9.8 -8.0 -13.9
v 9.8 -6.0 -13.7
v 10.0 -5.0 -14.1
v 10.0 -4.0 -16.6
v 9.8 -4.0 -14.8
v 10.1 -1.2 -17.5
v 10.0 -2.0 -17.0
v 9.6 -1.0 -12.6
v 9.5 -0.1 -17.4
v 9.2 1.0 -17.0
v 9.5 0.1 -12.5
v 9.7 1.5 -17.0
v 10.7 1.9 -16.0
v 9.6 5.3 -17.8
v 10.1 5.7 -19.2
v 10.5 6.2 -16.1
v 10.0 8.9 -22.5
v 9.3 8.2 -17.4
v 10.0 10.9 -24.3
v 10.0 9.7 -15.7
v 9.0 12.0 -24.8
v 10.0 12.0 -25.1
v 10.0 11.2 -14.4
v 10.2 13.7 -24.5
v 9.1 13.5 -17.0
v 9.1 14.2 -14.8
v 10.0 14.0 -12.5
v 9.9 14.9 -17.3
v 8.5 15.0 -21.0
v 9.9 16.0 -17.0
v 10.0 16.5 -14.1
v 10.0 16.0 -11.4
v 9.9 16.3 -22.1
v 10.0 17.2 -21.0
v 8.9 16.3 -19.9
v 9.9 17.2 -17.9
v 10.0 16.9 -12.0
v 9.9 17.4 -18.9
v 10.0 17.3 -13.1
v 11.0 -54.0 3.0
v 10.7 -52.9 3.0
v 10.1 -51.0 3.0
v 10.6 -50.8 4.4
v 10.7 -49.9 1.9
v 10.9 -50.0 4.0
v 10.8 -50.1 5.9
v 10.4 -49.9 3.1
v 11.4 -48.6 6.0
v 11.0 -49.0 8.0
v 9.5 -48.7 2.8
v 10.6 -47.0 1.9
v 11.8 -49.4 9.1
v 10.3 -47.9 9.1
v 10.9 -48.0 11.1
v 10.8 -47.9 8.3
v 10.6 -46.9 9.8
v 11.2 -46.1 4.1
v 10.7 -46.9 5.1
v 10.8 -47.0 6.0
v 10.9 -47.0 7.1
v 10.8 -47.0 11.1
v 10.7 -46.0 2.0
v 10.0 -46.7 2.9
v 10.9 -44.0 1.0
v 11.1 -42.2 0.4
v 11.2 -42.9 1.0
v 11.2 -42.0 1.6
v 9.7 -41.1 1.0
v 11.3 -41.0 1.9
v 10.3 -38.7 -2.9
v 11.3 -39.9 3.2
v 11.4 -38.8 -5.2
v 10.9 -39.0 5.1
v 11.2 -37.8 4.9
v 10.6 -37.0 -6.0
v 10.0 -37.1 -0.0
v 10.5 -37.0 7.1
v 10.7 -35.6 -6.6
v 11.2 -36.0 1.0
v 11.1 -36.9 4.9
v 11.0 -36.0 -0.0
v 10.8 -35.3 6.9
v 10.9 -34.0 -8.2
v 11.0 -34.0 7.1
v 9.9 -33.5 -7.0
v 10.0 -32.9 6.3
v 10.9 -32.1 -10.2
v 10.8 -32.5 2.5
v 9.6 -32.1 3.3
v 9.7 -31.6 5.1
v 11.0 -32.6 5.0
v 11.0 -31.0 -10.6
v 11.3 -29.9 0.2
v 11.0 -29.7 -10.7
v 11.0 -28.1 -12.2
v 11.9 -29.0 0.4
v 10.7 -26.0 -12.0
v 10.3 -25.3 -10.3
v 10.8 -23.8 -10.0
v 10.3 -25.4 -4.0
v 10.2 -25.3 -2.8
v 11.3 -24.5 -5.3
v 10.9 -23.8 -9.0
v 11.3 -9.6 -18.0
v 11.2 -9.7 -15.0
v 10.1 -8.0 -18.1
v 11.4 -8.5 -13.6
v 10.9 -6.9 -19.2
v 10.1 -5.9 -16.4
v 10.9 -6.2 -13.6
v 10.4 -4.8 -17.0
v 10.5 -4.5 -19.0
v 11.0 -4.4 -19.5
v 11.1 -3.9 -14.1
v 10.9 -1.8 -19.1
v 10.2 -2.2 -17.1
v 11.0 -2.0 -12.8
v 11.0 -0.9 -18.4
v 11.0 1.9 -17.0
v 11.0 2.9 -16.4
v 9.6 4.2 -16.7
v 11.0 4.0 -17.1
v 11.0 5.6 -16.0
v 11.0 5.9 -18.0
v 11.0 8.9 -23.2
v 11.0 8.0 -17.3
v 10.1 10.1 -22.9
v 11.2 11.7 -24.4
v 11.1 12.1 -14.3
v 11.8 13.0 -13.5
v 9.9 15.1 -24.2
v 10.9 15.2 -23.3
v 10.2 14.8 -15.9
v 10.1 14.9 -14.9
v 10.0 16.1 -23.0
v 11.3 16.0 -11.7
v 11.0 16.5 -17.1
v 10.7 16.2 -16.0
v 10.7 16.3 -15.0
v 11.4 17.2 -11.6
v 12.0 -54.1 2.9
v 11.6 -54.2 3.8
v 11.4 -52.1 4.9
v 11.9 -54.1 5.1
v 11.5 -51.4 2.2
v 12.9 -52.2 6.4
v 12.0 -51.0 6.4
v 12.6 -50.5 1.2
v 11.8 -50.1 7.1
v 12.0 -50.0 8.0
v 11.4 -48.9 1.1
v 11.9 -49.0 7.0
v 12.0 -49.5 10.0
v 11.8 -48.0 -1.0
v 11.6 -48.1 -0.0
v 11.4 -48.0 7.0
v 12.1 -47.4 9.0
v 12.0 -47.0 10.1
v 12.2 -47.3 11.5
v 11.4 -46.1 1.0
v 11.6 -46.1 6.2
v 11.6 -47.0 8.0
v 12.0 -46.3 11.0
v 11.8 -45.0 -3.1
v 11.4 -44.8 2.3
v 11.7 -45.0 5.3
v 11.8 -43.9 -3.3
v 11.2 -45.0 -1.0
v 11.3 -44.2 0.1
v 12.0 -42.9 -3.1
v 11.8 -42.6 -1.8
v 11.3 -44.4 1.5
v 11.6 -43.8 5.9
v 11.8 -43.0 6.0
v 11.9 -42.0 -1.4
v 11.9 -40.9 -1.4
v 12.0 -41.0 3.0
v 11.6 -41.7 3.8
v 12.2 -41.9 5.2
v 12.0 -40.4 -2.0
v 12.1 -40.0 -3.0
v 11.4 -40.0 -1.0
v 11.6 -40.2 5.1
v 12.1 -38.8 6.0
v 11.5 -38.0 7.0
v 11.5 -38.0 8.2
v 11.1 -36.8 6.0
v 12.1 -36.0 -6.9
v 12.0 -36.9 8.1
v 12.0 -35.2 -8.2
v 12.3 -34.2 -8.8
v 12.0 -34.0 6.5
v 12.1 -35.3 7.3
v 11.1 -32.8 -8.9
v 11.0 -33.4 6.0
v 12.0 -32.1 -11.2
v 11.0 -31.7 1.0
v 12.4 -33.1 4.1
v 11.9 -27.9 -13.2
v 11.8 -28.0 -8.1
v 11.7 -28.1 -6.3
v 12.2 -27.9 0.3
v 11.5 -26.9 -7.8
v 11.7 -27.0 -6.0
v 11.7 -26.1 -15.0
v 11.8 -26.8 -9.2
v 12.2 -25.9 -0.7
v 11.4 -26.2 -13.0
v 11.0 -24.5 -8.1
v 11.6 -25.1 -7.9
v 11.6 -23.9 -17.8
v 12.1 -24.0 -16.0
v 11.7 -23.9 -15.0
v 12.0 -24.0 -8.9
v 12.1 -24.9 -5.0
v 12.1 -24.9 -0.9
v 11.6 -23.8 -17.0
v 11.8 -23.3 -15.6
v 11.8 -23.8 -12.1
v 11.5 -23.8 -11.1
v 12.1 -22.9 -9.9
v 11.8 -22.0 -18.9
v 12.1 -21.5 -18.0
v 11.7 -22.0 -15.3
v 12.0 -10.4 -16.5
v 11.9 -10.1 -13.9
v 12.0 -6.0 -14.0
v 11.5 -5.3 -13.9
v 12.1 -3.4 -13.4
v 11.9 -1.9 -12.7
v 12.0 -1.2 -19.0
v 12.2 -1.0 -13.3
v 11.0 1.0 -18.1
v 12.1 1.2 -17.3
v 12.0 1.9 -15.8
v 10.4 0.9 -13.5
v 12.0 3.0 -15.9
v 13.6 2.0 -14.4
v 11.5 4.9 -17.1
v 12.0 5.0 -16.5
v 11.0 5.9 -20.0
v 11.7 5.6 -18.9
v 12.0 5.5 -17.0
v 12.0 6.0 -16.6
v 12.0 5.4 -16.0
v 11.0 6.8 -21.2
v 13.0 6.7 -21.2
v 12.0 6.3 -20.0
v 11.0 7.0 -16.9
v 12.1 6.7 -17.2
v 12.2 8.3 -17.1
v 12.0 9.9 -15.6
v 12.9 11.0 -14.7
v 10.4 12.9 -25.3
v 12.0 13.1 -24.4
v 11.1 16.3 -22.0
v 11.8 15.8 -20.7
v 11.6 16.0 -17.0
v 11.9 16.3 -16.3
v 12.4 14.1 -12.8
v 11.1 17.2 -20.9
v 11.4 17.1 -19.7
v 11.0 17.8 -18.1
v 11.0 18.0 -19.0
v 11.1 18.0 -12.0
v 12.9 -55.0 5.9
v 12.9 -55.0 7.0
v 12.8 -54.2 3.8
v 13.9 -54.7 5.1
v 13.0 -54.0 7.0
v 12.8 -52.9 3.1
v 13.4 -54.0 6.0
v 13.0 -51.9 1.8
v 14.0 -51.0 6.9
v 13.1 -49.9 0.3
v 13.0 -50.6 7.0
v 13.1 -50.4 10.1
v 13.0 -49.3 -1.1
v 13.0 -49.9 8.0
v 13.0 -49.7 9.0
v 13.0 -50.1 11.2
v 13.0 -48.0 -2.2
v 11.6 -46.8 -1.2
v 13.2 -46.1 8.0
v 12.9 -45.8 10.0
v 13.0 -46.3 11.0
v 13.0 -45.0 -3.6
v 13.1 -45.0 7.0
v 13.0 -43.0 -2.9
v 13.0 -42.1 -2.9
v 12.7 -42.6 -2.8
v 13.1 -42.0 -1.3
v 12.5 -43.0 7.0
v 13.1 -43.9 7.4
v 12.6 -40.9 -3.9
v 13.1 -41.1 -4.2
v 13.0 -41.2 -1.9
v 13.0 -41.5 0.0
v 12.5 -41.0 -0.9
v 12.7 -41.1 2.0
v 12.8 -41.1 7.2
v 13.0 -39.9 -6.6
v 13.0 -40.2 -5.1
v 13.1 -40.1 -1.6
v 12.4 -40.0 -0.9
v 12.7 -40.0 2.0
v 12.5 -40.3 6.1
v 13.0 -39.0 -8.0
v 12.9 -39.0 -6.0
v 12.6 -38.6 0.4
v 13.1 -40.0 7.0
v 13.0 -39.1 8.2
v 12.2 -38.0 -8.0
v 12.2 -38.0 -6.7
v 12.7 -39.0 -1.0
v 12.9 -37.0 -9.2
v 12.9 -37.0 7.0
v 13.0 -37.9 8.2
v 12.3 -36.4 -7.2
v 13.0 -34.1 -9.5
v 13.1 -35.9 7.1
v 12.9 -33.4 1.0
v 11.8 -33.3 2.3
v 13.3 -33.6 4.2
v 11.9 -32.2 -0.2
v 13.0 -33.2 -0.1
v 12.1 -31.2 -11.3
v 12.9 -31.0 -2.2
v 12.6 -29.9 -10.7
v 12.8 -30.0 -2.1
v 12.4 -30.0 -1.0
v 12.0 -28.9 -11.0
v 13.0 -29.2 -8.1
v 13.0 -29.3 -7.0
v 13.2 -29.0 -1.0
v 13.1 -28.3 -12.3
v 13.3 -27.9 -8.6
v 12.7 -28.2 -5.0
v 12.8 -28.2 -3.0
v 13.8 -27.4 -14.1
v 13.0 -27.0 -9.3
v 12.4 -26.6 -5.3
v 12.6 -26.8 -1.3
v 13.2 -28.0 -1.0
v 12.8 -26.1 -16.0
v 14.0 -26.7 -15.0
v 13.0 -26.0 -10.1
v 12.2 -25.5 -4.1
v 12.3 -24.9 -2.0
v 12.9 -25.2 -18.9
v 12.8 -25.3 -17.1
v 12.3 -25.0 -6.6
v 12.0 -24.9 -3.0
v 12.8 -24.1 -20.0
v 13.0 -25.0 -10.2
v 13.0 -24.0 -9.6
v 12.7 -22.9 -20.3
v 12.4 -24.0 -18.8
v 13.0 -23.3 -11.0
v 12.7 -21.7 -21.4
v 12.4 -22.0 -20.0
v 12.8 -21.7 -14.1
v 13.1 -22.7 -12.0
v 12.5 -21.0 -19.0
v 12.9 -19.9 -23.2
v 12.6 -19.9 -20.0
v 13.4 -19.8 -19.0
v 12.9 -16.1 -23.3
v 12.5 -20.7 -21.3
v 12.5 -16.3 -19.8
v 12.7 -18.0 -19.8
v 12.6 -17.4 -23.0
v 12.3 -16.0 -23.0
v 12.4 -16.3 -21.8
v 12.8 -16.6 -18.8
v 12.2 -15.0 -22.0
v 12.8 -13.9 -22.0
v 12.9 -13.8 -21.0
v 12.7 -14.8 -20.0
v 12.9 -14.9 -18.9
v 12.1 -10.1 -17.9
v 13.1 -10.6 -15.1
v 13.0 -10.5 -14.0
v 13.2 -10.0 -13.4
v 12.0 -9.5 -18.1
v 12.0 -7.6 -19.3
v 13.0 -8.3 -13.4
v 13.7 -7.2 -13.3
v 13.0 -6.9 -18.6
v 13.4 -5.6 -13.5
v 12.1 -2.2 -19.3
v 13.4 -3.1 -12.6
v 13.0 -0.9 -18.0
v 11.9 -1.1 -18.0
v 13.2 -1.1 -16.9
v 12.1 -1.0 -17.1
v 12.2 -0.2 -17.3
v 13.0 -0.0 -16.0
v 13.0 0.0 -16.0
v 13.0 0.6 -17.0
v 13.0 0.0 -16.0
v 13.1 1.2 -17.1
v 13.0 5.0 -16.5
v 12.9 4.0 -14.7
v 13.3 4.6 -15.5
v 13.0 5.5 -17.0
v 12.8 6.1 -15.9
v 14.0 6.4 -19.9
v 12.0 11.0 -24.3
v 13.0 10.0 -15.4
v 12.7 12.0 -24.5
v 12.4 13.8 -23.3
v 13.0 14.1 -17.0
v 12.8 15.3 -21.2
v 13.0 14.0 -19.0
v 12.3 15.2 -18.8
v 12.8 14.8 -16.8
v 13.0 14.2 -13.1
v 13.1 15.2 -20.0
v 13.1 15.0 -11.8
v 12.9 18.3 -12.0
v 13.2 17.0 -10.8
v 14.7 -55.5 7.1
v 14.0 -55.0 7.4
v 14.0 -53.9 4.3
v 14.0 -54.0 7.4
v 14.0 -52.9 3.3
v 14.1 -53.1 6.9
v 14.0 -51.7 2.2
v 14.0 -52.0 7.2
v 14.0 -51.1 -0.0
v 14.0 -50.9 1.0
v 13.9 -50.1 -1.2
v 14.3 -50.5 8.5
v 14.0 -50.0 12.0
v 14.0 -49.0 11.2
v 13.6 -47.6 -2.6
v 14.0 -47.0 -3.3
v 15.0 -47.9 11.5
v 13.1 -46.3 8.9
v 13.9 -44.8 10.0
v 14.0 -45.9 11.1
v 13.0 -44.0 -4.0
v 13.9 -44.4 8.0
v 13.0 -42.9 -4.0
v 13.1 -42.7 -2.1
v 13.4 -43.0 -1.0
v 13.9 -42.2 0.1
v 14.0 -43.7 7.5
v 13.4 -41.0 -3.0
v 13.6 -41.0 3.0
v 14.2 -39.1 -3.9
v 14.1 -40.0 -3.0
v 13.3 -39.7 2.7
v 13.7 -40.1 4.2
v 14.0 -40.0 7.8
v 14.2 -38.9 -2.8
v 14.1 -39.0 7.5
v 13.9 -38.0 -4.0
v 14.2 -38.0 -1.9
v 13.7 -37.8 1.2
v 13.7 -37.8 3.0
v 13.8 -38.0 5.2
v 14.0 -37.1 -9.3
v 13.9 -38.0 -3.0
v 13.0 -37.9 -0.0
v 15.2 -37.2 -0.1
v 13.7 -36.4 5.7
v 13.6 -37.2 6.0
v 14.1 -35.3 -9.5
v 13.8 -36.9 4.0
v 14.3 -36.1 5.0
v 14.0 -34.0 -10.3
v 13.0 -33.9 6.1
v 13.1 -32.8 -10.7
v 14.0 -33.4 -0.2
v 14.1 -33.7 3.9
v 13.5 -32.0 -11.4
v 14.2 -31.3 -2.5
v 13.8 -30.0 -3.1
v 14.0 -28.9 -11.7
v 14.6 -29.2 -8.0
v 14.0 -29.4 -6.4
v 13.9 -28.8 -3.8
v 13.5 -29.3 -2.9
v 13.5 -28.6 -5.2
v 13.3 -28.0 -2.0
v 14.0 -26.9 -9.0
v 14.0 -25.5 -18.7
v 14.1 -25.6 -17.0
v 14.0 -25.1 -10.3
v 14.0 -23.2 -22.0
v 14.8 -24.0 -9.9
v 13.9 -23.3 -11.0
v 13.9 -22.9 -10.0
v 13.9 -22.0 -22.5
v 12.9 -22.5 -13.0
v 13.9 -20.7 -23.4
v 13.3 -21.3 -16.8
v 14.3 -19.0 -18.0
v 14.2 -18.0 -18.3
v 14.1 -16.0 -23.5
v 14.2 -16.1 -18.3
v 14.0 -15.0 -22.8
v 14.0 -13.7 -22.2
v 13.9 -14.8 -18.7
v 13.9 -13.6 -20.2
v 14.0 -11.4 -14.0
v 14.0 -10.3 -16.0
v 13.8 -8.1 -17.6
v 13.8 -8.2 -12.7
v 14.4 -7.1 -17.1
v 14.2 -5.0 -18.1
v 13.4 -4.0 -18.3
v 13.9 -4.0 -17.0
v 13.9 -3.8 -13.1
v 13.0 -2.0 -18.8
v 14.0 -2.0 -19.5
v 13.9 -0.9 -19.3
v 13.7 0.0 -17.1
v 14.0 -0.3 -16.0
v 14.0 -0.0 -15.0
v 14.0 1.1 -16.9
v 13.9 1.0 -16.0
v 14.0 1.0 -15.9
v 13.0 2.0 -16.5
v 12.0 4.0 -16.5
v 14.1 3.2 -14.7
v 13.9 5.6 -18.9
v 14.0 6.1 -15.9
v 14.1 7.2 -22.5
v 14.0 6.3 -17.0
v 15.0 7.0 -17.5
v 12.9 8.9 -23.5
v 15.0 7.9 -24.2
v 13.2 8.8 -15.9
v 14.1 11.0 -24.4
v 14.0 11.0 -15.3
v 14.0 12.0 -23.8
v 14.7 12.0 -14.5
v 13.0 13.1 -24.2
v 13.9 13.2 -23.3
v 15.9 12.9 -13.7
v 13.0 13.8 -18.0
v 14.0 14.6 -20.0
v 14.0 14.4 -18.1
v 14.0 14.6 -16.9
v 14.0 14.9 -11.8
v 12.8 16.2 -16.2
v 12.9 17.3 -13.3
v 14.0 16.5 -11.1
v 14.1 18.2 -13.1
v 15.0 -55.2 4.9
v 14.0 -55.2 5.6
v 15.0 -55.1 8.2
v 15.1 -53.2 2.9
v 15.2 -53.9 8.4
v 15.1 -51.5 1.0
v 15.0 -51.4 8.0
v 16.0 -50.3 -1.3
v 15.0 -50.2 12.2
v 15.1 -48.9 -1.8
v 15.0 -49.0 12.2
v 14.8 -46.2 -4.1
v 15.2 -47.0 11.1
v 15.3 -45.9 10.1
v 13.8 -45.0 -4.0
v 14.0 -44.4 8.9
v 15.0 -45.0 10.0
v 14.0 -44.0 -2.9
v 15.0 -44.5 8.0
v 14.0 -43.2 -1.1
v 15.1 -42.7 -1.2
v 15.0 -43.8 7.4
v 14.0 -41.6 1.0
v 15.1 -41.2 4.2
v 14.0 -40.0 5.0
v 14.9 -40.2 7.5
v 14.3 -39.0 -6.0
v 13.7 -39.0 4.4
v 14.1 -38.2 -8.1
v 15.2 -38.1 -7.0
v 15.2 -38.1 -6.0
v 14.5 -38.0 -5.0
v 15.1 -38.1 6.1
v 14.7 -37.0 -9.0
v 14.8 -37.0 -8.0
v 15.2 -36.5 -5.3
v 15.4 -37.0 -6.0
v 14.5 -37.0 -3.8
v 14.8 -36.8 -2.0
v 15.2 -37.1 -0.9
v 15.4 -36.2 1.0
v 14.8 -35.7 -9.1
v 15.3 -36.2 -4.1
v 15.3 -36.0 3.6
v 14.7 -35.0 4.0
v 14.1 -35.0 6.0
v 14.3 -33.7 1.0
v 15.0 -32.0 -11.2
v 14.5 -30.2 -11.6
v 15.0 -31.0 -3.2
v 15.0 -29.0 -11.8
v 15.0 -29.3 -6.0
v 15.1 -29.8 -3.7
v 14.0 -28.1 -13.0
v 14.7 -28.0 -12.0
v 15.0 -28.4 -11.0
v 14.7 -27.9 -11.0
v 14.9 -28.1 -10.0
v 15.0 -28.9 -7.0
v 15.0 -28.7 -5.0
v 16.4 -27.3 -14.1
v 15.2 -27.5 -13.0
v 14.7 -27.0 -10.0
v 15.0 -27.7 -8.9
v 14.5 -26.4 -16.0
v 15.0 -26.1 -9.8
v 14.1 -25.3 -20.1
v 15.0 -25.0 -10.9
v 15.0 -24.0 -10.0
v 15.0 -23.9 -10.0
v 17.3 -21.0 -13.2
v 13.9 -20.0 -17.5
v 15.2 -20.1 -23.4
v 14.7 -19.1 -16.9
v 15.0 -17.1 -23.6
v 14.9 -15.9 -23.9
v 15.0 -15.5 -18.2
v 14.9 -14.0 -16.1
v 14.7 -14.1 -15.0
v 15.1 -13.8 -20.0
v 14.9 -12.8 -16.1
v 14.7 -13.9 -13.9
v 14.5 -12.3 -15.1
v 14.1 -11.1 -15.1
v 15.0 -11.0 -14.8
v 14.4 -12.0 -13.8
v 14.8 -10.2 -14.9
v 14.8 -10.1 -11.7
v 14.2 -9.0 -17.1
v 14.9 -8.6 -12.1
v 14.7 -6.7 -14.9
v 15.0 -6.8 -12.8
v 15.0 -6.0 -13.6
v 14.2 -5.8 -18.1
v 14.6 -5.1 -15.1
v 15.2 -5.2 -13.9
v 14.6 -4.0 -16.0
v 15.6 -3.6 -15.0
v 15.0 -4.1 -12.7
v 14.1 -3.0 -18.2
v 14.4 -2.0 -19.0
v 15.0 -3.0 -12.0
v 15.1 -2.0 -12.7
v 15.0 -1.0 -20.0
v 15.1 -1.0 -13.5
v 15.0 0.1 -20.1
v 14.4 -0.1 -18.1
v 14.3 0.0 -16.0
v 14.0 -0.0 -15.0
v 14.8 0.2 -19.0
v 15.0 0.6 -17.0
v 15.0 1.0 -15.9
v 16.5 1.0 -13.6
v 13.2 3.0 -16.5
v 15.0 5.0 -16.0
v 14.4 6.0 -18.0
v 14.3 5.9 -17.0
v 15.0 6.5 -21.0
v 15.0 6.4 -18.3
v 15.4 7.2 -23.0
v 14.9 8.1 -17.3
v 14.8 8.9 -15.8
v 15.0 11.8 -23.7
v 15.0 11.0 -15.3
v 15.7 14.5 -18.1
v 15.0 14.2 -13.3
v 14.3 16.3 -15.1
v 14.8 16.0 -12.0
v 15.0 16.8 -10.8
v 15.0 18.0 -11.5
v 16.0 -56.1 7.0
v 15.9 -55.1 4.8
v 16.3 -55.8 6.0
v 16.0 -55.1 8.2
v 15.8 -53.3 2.8
v 15.9 -53.0 8.2
v 15.4 -51.4 -0.1
v 16.0 -52.0 8.0
v 16.2 -50.7 10.2
v 16.0 -50.1 12.2
v 16.0 -49.0 12.2
v 16.0 -47.0 9.0
v 15.1 -47.0 10.0
v 16.0 -47.8 10.0
v 16.0 -47.7 11.1
v 16.7 -46.1 8.6
v 15.0 -43.9 -4.0
v 15.9 -44.2 5.0
v 15.5 -44.1 7.0
v 16.1 -44.8 8.1
v 16.0 -43.4 -3.0
v 15.8 -43.1 4.0
v 16.0 -43.0 3.0
v 15.6 -43.0 6.0
v 15.4 -41.9 7.0
v 15.3 -41.6 2.7
v 16.2 -39.8 6.0
v 15.8 -38.8 6.0
v 15.5 -36.0 -7.7
v 16.0 -36.0 -3.0
v 15.6 -36.0 -2.0
v 16.2 -34.9 -8.0
v 15.6 -35.0 -4.3
v 15.6 -35.0 -1.0
v 15.4 -35.0 1.0
v 15.2 -34.8 2.9
v 15.1 -34.0 -10.2
v 15.7 -35.0 -7.0
v 16.1 -35.0 -2.0
v 15.3 -33.7 -1.0
v 15.2 -33.8 -0.1
v 15.2 -33.1 -10.3
v 15.6 -33.0 -2.2
v 16.2 -32.1 -10.1
v 16.9 -30.1 -11.2
v 16.4 -31.6 -3.2
v 16.0 -29.8 -11.4
v 16.0 -28.6 -7.9
v 16.2 -27.4 -12.0
v 16.0 -26.3 -16.0
v 16.0 -26.2 -15.0
v 17.8 -25.5 -18.1
v 16.0 -25.0 -10.9
v 16.0 -24.0 -10.7
v 15.9 -23.2 -22.3
v 15.8 -23.4 -11.2
v 16.0 -22.0 -22.6
v 16.2 -22.3 -13.1
v 15.7 -21.0 -23.3
v 15.8 -21.5 -14.1
v 15.3 -18.0 -17.0
v 15.5 -18.7 -16.1
v 15.8 -16.0 -16.0
v 16.1 -14.9 -23.1
v 15.7 -15.0 -21.0
v 15.4 -14.9 -19.2
v 16.0 -15.6 -18.9
v 15.9 -15.7 -17.0
v 15.6 -15.0 -15.1
v 16.4 -15.9 -14.0
v 15.0 -14.0 -23.0
v 16.3 -14.9 -22.0
v 15.2 -13.7 -21.9
v 16.0 -15.1 -15.8
v 16.5 -14.9 -12.8
v 16.0 -12.0 -17.0
v 14.9 -12.0 -11.8
v 16.0 -10.9 -15.1
v 16.1 -9.6 -14.3
v 16.0 -10.4 -11.4
v 14.7 -9.0 -15.7
v 14.7 -7.9 -15.6
v 16.0 -9.0 -12.1
v 15.6 -7.0 -14.0
v 14.8 -2.9 -17.0
v 15.7 -2.8 -13.9
v 16.1 -2.6 -16.0
v 16.0 -0.7 -19.0
v 16.2 -1.4 -18.1
v 15.9 -2.0 -13.6
v 16.1 0.0 -20.0
v 16.0 0.5 -19.0
v 17.0 0.7 -17.9
v 16.0 1.0 -16.7
v 15.0 2.0 -16.4
v 16.6 2.7 -14.5
v 14.2 4.9 -16.3
v 16.0 6.4 -22.0
v 15.0 7.1 -22.0
v 15.9 6.2 -20.8
v 16.6 6.5 -17.9
v 16.2 7.2 -24.0
v 16.1 7.0 -16.9
v 16.0 8.0 -17.1
v 15.4 9.5 -24.6
v 16.0 9.0 -16.4
v 16.0 10.0 -15.5
v 15.6 11.4 -14.6
v 15.4 13.5 -21.1
v 14.5 14.3 -20.5
v 16.0 15.0 -12.8
v 16.1 16.7 -15.0
v 14.7 16.7 -13.9
v 16.0 16.4 -12.3
v 16.0 17.0 -11.6
v 16.1 17.8 -13.6
v 16.9 18.3 -13.1
v 15.5 18.4 -12.0
v 17.0 -57.0 6.0
v 17.0 -56.2 7.1
v 17.0 -55.0 5.3
v 17.0 -55.0 7.6
v 17.2 -54.3 3.0
v 17.0 -53.8 4.2
v 17.3 -54.0 8.2
v 16.9 -53.1 1.8
v 15.9 -51.8 2.2
v 17.0 -51.7 1.3
v 16.9 -52.6 8.9
v 17.0 -52.0 10.0
v 17.1 -50.3 -2.1
v 17.1 -50.6 10.8
v 17.4 -50.0 11.4
v 17.3 -48.9 11.5
v 16.9 -47.1 -5.2
v 17.0 -47.0 9.0
v 17.0 -47.8 11.1
v 16.1 -46.1 -5.3
v 17.0 -46.9 10.0
v 15.9 -44.9 -5.1
v 16.7 -44.4 5.2
v 17.2 -44.7 7.2
v 17.0 -43.7 4.1
v 17.1 -42.7 -3.2
v 15.8 -42.3 0.1
v 16.2 -41.9 3.1
v 16.2 -41.9 4.0
v 17.7 -41.7 -0.7
v 17.1 -41.7 0.8
v 16.4 -41.8 5.9
v 16.9 -34.1 -3.0
v 16.1 -34.0 -9.0
v 16.5 -33.9 -7.0
v 16.4 -32.9 -8.4
v 16.6 -33.9 -4.0
v 16.6 -33.0 -3.1
v 16.6 -31.6 -9.4
v 16.8 -31.6 -3.5
v 16.8 -29.0 -9.0
v 17.0 -28.8 -9.9
v 16.8 -29.3 -8.1
v 17.0 -29.4 -7.0
v 16.1 -29.2 -6.1
v 17.7 -30.0 -3.8
v 16.2 -27.9 -9.0
v 16.5 -26.8 -11.4
v 17.4 -26.6 -15.0
v 16.0 -25.3 -20.0
v 17.4 -24.8 -9.6
v 17.1 -24.1 -20.5
v 16.0 -26.0 -9.8
v 17.0 -24.0 -10.4
v 17.0 -23.0 -22.2
v 17.1 -22.1 -13.1
v 17.0 -22.7 -11.8
v 17.2 -20.0 -14.1
v 16.1 -18.8 -23.3
v 16.5 -18.8 -14.9
v 17.3 -19.0 -14.0
v 16.0 -16.4 -23.5
v 16.7 -17.0 -19.0
v 16.7 -17.1 -17.9
v 16.8 -17.0 -16.9
v 16.5 -16.0 -23.0
v 17.4 -16.8 -21.0
v 16.5 -16.0 -20.0
v 16.4 -16.0 -17.1
v 16.3 -16.1 -15.1
v 16.8 -16.9 -12.9
v 16.9 -15.2 -17.2
v 16.2 -14.0 -16.7
v 17.0 -13.2 -17.4
v 17.0 -12.0 -11.3
v 17.0 -11.0 -10.8
v 17.0 -10.8 -16.0
v 17.0 -10.0 -13.9
v 17.1 -7.8 -13.2
v 17.2 -8.9 -11.5
v 16.9 -7.9 -11.9
v 16.0 -6.7 -13.0
v 16.0 -1.9 -17.0
v 17.2 -2.3 -14.7
v 17.0 1.0 -19.1
v 17.0 1.5 -16.7
v 17.0 -0.0 -14.3
v 17.3 2.1 -13.7
v 16.0 4.3 -16.0
v 16.9 4.9 -24.0
v 17.9 4.1 -16.0
v 16.8 5.9 -25.1
v 17.4 5.0 -23.0
v 16.5 6.0 -23.0
v 17.0 5.8 -22.0
v 17.3 6.5 -20.6
v 16.1 8.1 -24.7
v 16.8 7.3 -16.7
v 17.3 9.0 -16.4
v 17.0 11.8 -23.8
v 18.0 10.9 -14.6
v 15.3 12.4 -22.9
v 17.0 12.8 -21.0
v 16.0 14.3 -20.0
v 17.2 12.9 -14.4
v 16.2 13.9 -13.5
v 17.3 14.6 -18.5
v 16.0 14.8 -16.9
v 17.0 15.0 -13.4
v 16.7 16.1 -16.2
v 17.0 17.2 -16.1
v 17.2 16.1 -13.4
v 17.0 18.0 -12.0
v 17.9 -57.2 4.9
v 17.9 -57.2 6.1
v 17.2 -56.0 5.4
v 18.0 -56.0 4.1
v 18.0 -56.0 6.7
v 18.0 -55.1 5.4
v 18.0 -55.0 6.7
v 18.0 -54.1 2.0
v 18.1 -53.9 5.2
v 17.8 -52.0 1.4
v 18.5 -53.6 4.0
v 18.0 -53.1 9.0
v 18.0 -50.4 -2.2
v 18.0 -51.2 -0.9
v 17.0 -50.9 0.0
v 18.1 -51.2 10.3
v 18.0 -48.1 10.8
v 18.0 -46.0 -6.1
v 18.1 -46.2 7.9
v 18.0 -46.8 10.1
v 16.1 -44.3 -3.9
v 17.3 -43.4 2.9
v 17.0 -42.3 -1.1
v 16.8 -42.3 2.0
v 17.3 -33.0 -7.0
v 17.6 -32.9 -5.0
v 17.8 -33.0 -4.0
v 17.4 -30.1 -9.8
v 18.0 -32.0 -4.7
v 17.6 -31.6 -4.1
v 17.7 -31.2 -7.7
v 17.5 -30.0 -8.0
v 18.2 -29.6 -5.1
v 16.9 -28.9 -5.0
v 19.0 -26.2 -16.9
v 18.0 -26.5 -10.0
v 18.9 -25.9 -9.5
v 18.0 -24.7 -19.0
v 17.9 -25.7 -17.0
v 18.1 -23.9 -9.6
v 18.0 -22.8 -10.9
v 17.1 -20.8 -22.4
v 17.9 -19.1 -19.1
v 17.9 -19.1 -17.9
v 17.4 -19.0 -22.1
v 17.6 -18.0 -21.0
v 17.7 -18.2 -20.0
v 17.4 -18.1 -18.3
v 18.1 -17.7 -17.2
v 17.7 -18.1 -12.8
v 17.2 -16.1 -22.0
v 17.3 -17.0 -20.0
v 18.8 -17.0 -11.7
v 18.0 -16.0 -11.7
v 18.6 -14.9 -17.4
v 17.7 -14.8 -11.6
v 17.7 -13.8 -11.4
v 17.9 -11.9 -17.5
v 18.2 -12.9 -10.6
v 17.0 -11.4 -17.0
v 17.1 -10.1 -10.8
v 17.9 -11.0 -18.2
v 18.4 -10.3 -17.0
v 18.0 -9.4 -13.7
v 17.9 -2.2 -14.8
v 19.0 -1.0 -18.4
v 17.5 -0.0 -19.3
v 18.9 -1.0 -14.5
v 18.0 0.4 -19.0
v 18.3 1.0 -13.5
v 18.0 3.5 -15.0
v 18.0 5.0 -25.0
v 18.1 4.2 -23.0
v 18.0 5.0 -22.5
v 17.9 6.2 -25.5
v 18.0 6.0 -22.0
v 18.0 5.9 -18.0
v 18.0 6.0 -17.0
v 18.2 6.2 -21.0
v 18.0 6.4 -19.0
v 17.0 8.6 -25.4
v 17.0 10.0 -25.1
v 18.0 9.1 -16.1
v 18.0 12.1 -23.8
v 18.1 12.7 -21.9
v 18.0 13.7 -20.0
v 18.0 14.0 -13.7
v 18.2 16.9 -16.9
v 17.8 16.9 -13.3
v 18.0 18.0 -18.0
v 17.0 17.6 -14.3
v 17.8 18.1 -17.0
v 18.0 18.4 -14.0
v 18.7 18.0 -13.5
v 19.0 -57.1 4.9
v 19.0 -57.2 6.1
v 19.4 -55.6 4.7
v 19.0 -55.0 5.3
v 19.3 -56.0 7.1
v 19.6 -54.8 6.5
v 19.8 -54.1 3.1
v 19.0 -53.8 5.3
v 19.0 -53.2 1.7
v 19.2 -52.7 7.9
v 18.8 -51.8 1.5
v 19.0 -51.3 -0.9
v 19.0 -50.5 -2.0
v 19.0 -51.4 10.1
v 19.0 -50.0 12.0
v 19.0 -49.0 11.5
v 18.1 -47.2 -5.4
v 19.1 -47.6 10.2
v 19.0 -46.2 7.9
v 18.3 -46.5 9.0
v 18.8 -44.9 -5.4
v 19.1 -44.6 6.3
v 19.0 -44.1 -3.8
v 19.0 -44.3 4.0
v 18.0 -44.4 4.1
v 18.2 -41.6 -3.1
v 18.8 -42.6 2.0
v 18.9 -40.9 -3.0
v 18.2 -31.0 -6.9
v 19.0 -31.0 -5.0
v 19.0 -31.0 -5.0
v 18.2 -29.9 -7.0
v 18.4 -30.0 -6.0
v 19.0 -30.0 -5.0
v 19.0 -30.0 -5.0
v 18.8 -27.3 -14.0
v 19.9 -27.5 -12.7
v 18.4 -27.4 -11.0
v 19.0 -26.5 -15.0
v 19.3 -24.9 -8.6
v 18.2 -23.1 -21.1
v 18.7 -23.0 -19.9
v 19.0 -23.1 -10.2
v 19.0 -24.0 -8.9
v 19.1 -22.1 -11.2
v 18.6 -21.0 -21.0
v 18.7 -19.6 -21.0
v 18.8 -20.0 -20.0
v 19.0 -19.4 -17.8
v 19.0 -20.8 -11.6
v 18.7 -17.6 -16.6
v 17.0 -16.0 -16.7
v 19.0 -16.0 -11.3
v 19.0 -15.0 -10.7
v 18.5 -13.5 -17.5
v 19.0 -13.6 -10.5
v 19.4 -11.5 -17.6
v 18.2 -11.0 -18.9
v 19.0 -10.2 -16.0
v 17.2 -10.8 -14.9
v 18.1 -10.1 -11.3
v 19.0 -9.7 -14.9
v 19.0 -9.3 -13.0
v 18.0 -8.0 -12.0
v 17.6 -2.4 -17.1
v 19.0 -2.4 -15.8
v 19.0 0.0 -19.2
v 19.0 -0.0 -13.7
v 19.0 0.9 -19.0
v 18.0 1.0 -17.0
v 19.0 2.1 -16.6
v 19.0 3.3 -16.2
v 19.0 3.2 -14.8
v 19.2 5.4 -23.9
v 19.0 4.6 -23.0
v 18.8 3.8 -22.0
v 19.0 3.8 -20.9
v 19.0 5.7 -25.2
v 19.0 6.1 -20.2
v 19.1 6.4 -18.3
v 19.0 6.3 -17.0
v 19.2 7.0 -16.3
v 18.9 8.0 -15.7
v 18.0 9.1 -25.4
v 18.5 10.8 -23.8
v 19.0 12.7 -22.0
v 18.9 13.8 -20.5
v 18.3 14.8 -19.1
v 19.0 13.6 -14.4
v 18.6 16.1 -19.2
v 18.3 15.8 -18.0
v 18.1 15.9 -16.9
v 18.4 17.0 -19.0
v 19.0 17.0 -19.3
v 19.1 15.1 -13.5
v 18.9 18.1 -18.4
v 19.0 19.3 -17.0
v 18.2 18.7 -15.0
v 19.0 18.7 -14.1
v 19.0 20.0 -15.0
v 20.1 -56.3 4.8
v 20.0 -56.5 6.0
v 20.0 -56.0 7.0
v 20.1 -53.2 1.7
v 20.6 -53.6 4.0
v 19.1 -54.0 6.6
v 19.9 -51.6 0.3
v 19.8 -51.8 9.1
v 20.0 -51.3 11.0
v 20.0 -50.2 -3.0
v 19.8 -50.0 -2.0
v 19.9 -49.2 -5.0
v 19.9 -50.0 12.3
v 20.9 -47.7 10.1
v 19.3 -47.1 -5.5
v 19.0 -46.0 -6.1
v 20.0 -46.0 -5.7
v 20.0 -45.0 -5.9
v 20.1 -46.5 8.8
v 20.0 -44.4 4.9
v 20.0 -44.9 7.0
v 20.0 -42.0 -3.9
v 19.3 -42.3 -0.1
v 20.0 -43.1 3.3
v 19.9 -41.0 -4.2
v 19.5 -41.3 -2.2
v 19.5 -41.5 -1.3
v 20.0 -40.1 -4.0
v 19.0 -31.0 -5.0
v 19.0 -30.0 -5.0
v 20.0 -26.0 -14.9
v 19.0 -25.3 -18.1
v 18.1 -24.1 -20.2
v 18.4 -21.9 -21.1
v 20.1 -22.4 -10.3
v 19.2 -19.9 -19.0
v 20.0 -20.2 -17.9
v 20.0 -21.0 -10.7
v 20.1 -19.9 -11.2
v 20.0 -18.1 -11.4
v 20.0 -16.0 -16.6
v 20.2 -16.8 -10.6
v 20.0 -13.3 -16.5
v 18.7 -11.9 -17.1
v 20.1 -13.0 -10.6
v 20.0 -12.0 -16.6
v 20.3 -12.1 -11.3
v 20.0 -10.5 -19.0
v 19.7 -9.5 -12.0
v 20.0 -2.2 -17.0
v 20.0 -1.3 -14.8
v 20.0 -1.0 -9.0
v 20.0 -1.0 -7.0
v 20.1 0.0 -18.2
v 20.1 0.1 -13.7
v 19.8 0.1 -9.2
v 19.6 -0.2 -8.0
v 19.9 0.0 -6.9
v 19.1 1.2 -18.1
v 19.9 1.2 -8.0
v 19.5 1.5 -17.2
v 20.0 3.2 -15.8
v 19.9 3.1 -15.0
v 19.1 2.4 -14.0
v 19.2 4.0 -22.4
v 20.8 3.7 -22.1
v 19.9 3.8 -17.1
v 19.8 5.9 -14.9
v 19.9 4.0 -14.8
v 20.0 6.0 -23.0
v 20.1 5.1 -20.0
v 19.5 5.8 -17.0
v 19.5 4.3 -16.1
v 20.6 7.1 -14.9
v 20.0 8.0 -15.3
v 19.7 9.2 -25.2
v 20.1 9.9 -23.8
v 19.7 9.5 -14.6
v 20.0 13.0 -22.0
v 20.0 13.8 -20.7
v 20.0 15.0 -20.3
v 21.7 14.2 -13.5
v 20.0 19.2 -17.3
v 20.0 20.3 -16.0
v 20.3 19.2 -13.7
v 20.2 20.4 -14.9
v 21.0 -56.4 6.0
v 21.1 -56.0 6.4
v 20.0 -54.0 5.1
v 21.0 -53.6 3.0
v 21.0 -52.0 0.7
v 21.0 -52.5 7.9
v 21.9 -51.7 8.7
v 20.7 -51.3 11.9
v 21.0 -51.0 13.1
v 20.0 -50.1 -4.0
v 21.1 -49.6 -1.9
v 21.4 -49.4 -3.2
v 21.0 -49.2 11.0
v 20.9 -48.1 -5.8
v 21.0 -48.6 -5.0
v 21.0 -46.5 -5.6
v 21.0 -46.2 7.8
v 21.0 -45.0 -5.7
v 20.9 -43.9 -6.2
v 20.1 -44.2 -4.9
v 21.7 -44.7 5.4
v 20.5 -43.0 -5.0
v 21.0 -44.2 4.7
v 20.6 -42.6 2.2
v 20.9 -40.7 -4.0
v 21.1 -41.4 -2.3
v 21.0 -41.9 0.0
v 20.1 -40.0 -3.0
v 21.0 -27.4 -12.6
v 21.0 -27.2 -11.0
v 21.0 -25.6 -15.8
v 21.1 -26.3 -9.8
v 20.3 -25.3 -16.9
v 19.2 -24.1 -19.1
v 21.8 -25.0 -8.9
v 21.5 -23.0 -17.1
v 21.2 -22.0 -18.1
v 21.0 -23.0 -10.3
v 20.1 -20.9 -19.2
v 20.5 -19.7 -17.5
v 20.9 -20.2 -10.7
v 20.5 -18.6 -16.7
v 21.4 -18.4 -16.4
v 21.2 -18.1 -10.5
v 22.1 -14.1 -15.6
v 21.0 -13.0 -15.7
v 20.8 -11.0 -20.2
v 20.6 -11.4 -19.0
v 21.1 -11.9 -15.7
v 20.7 -10.1 -11.7
v 20.9 -9.7 -19.0
v 20.2 -9.5 -16.2
v 20.8 -9.5 -14.9
v 20.8 -9.6 -12.2
v 20.0 -2.2 -16.0
v 20.1 -1.0 -18.2
v 21.1 -1.0 -17.0
v 21.0 -1.4 -16.0
v 21.2 -1.0 -14.9
v 21.0 -1.2 -9.2
v 21.0 -1.9 -8.0
v 21.4 -1.7 -7.1
v 21.9 -1.4 -6.5
v 21.9 0.9 -14.3
v 21.9 0.1 -6.4
v 20.9 1.0 -16.7
v 19.9 1.3 -9.0
v 20.9 0.7 -7.1
v 20.9 2.0 -17.1
v 20.0 2.0 -16.0
v 20.9 2.7 -18.0
v 21.0 3.1 -19.0
v 20.4 3.5 -17.5
v 20.1 2.9 -15.0
v 21.2 2.9 -14.3
v 21.0 3.8 -20.8
v 21.0 4.3 -19.9
v 20.6 4.5 -19.4
v 20.1 5.9 -18.0
v 21.0 4.3 -14.4
v 21.0 6.1 -23.0
v 21.0 8.4 -25.4
v 21.0 9.7 -23.8
v 21.0 8.2 -14.4
v 19.3 12.0 -23.1
v 20.0 16.0 -20.1
v 20.0 16.9 -13.4
v 20.0 17.0 -19.3
v 21.0 17.0 -12.9
v 21.0 18.0 -13.5
v 21.2 19.4 -17.2
v 22.2 -56.2 4.7
v 21.1 -54.0 4.4
v 23.5 -54.2 6.5
v 22.3 -53.3 3.1
v 22.0 -53.5 7.1
v 22.0 -51.7 1.1
v 21.4 -50.7 0.1
v 22.1 -51.9 8.1
v 22.0 -51.6 12.0
v 21.9 -50.2 11.9
v 21.0 -50.0 13.0
v 22.0 -51.0 13.1
v 21.8 -48.9 -3.8
v 22.0 -48.9 11.1
v 22.1 -47.9 -5.4
v 21.0 -46.7 9.0
v 22.0 -46.0 -6.0
v 22.9 -46.6 7.1
v 22.0 -45.0 -5.8
v 22.0 -44.0 -6.2
v 22.0 -44.2 3.8
v 21.0 -43.0 -6.0
v 22.0 -43.3 2.0
v 21.2 -43.4 3.0
v 21.2 -42.1 -4.9
v 21.4 -42.5 1.0
v 22.1 -41.4 -5.1
v 22.1 -41.3 -3.8
v 22.0 -41.7 -0.8
v 21.0 -27.1 -14.0
v 22.2 -26.3 -14.1
v 22.0 -26.6 -11.2
v 22.0 -26.1 -9.8
v 22.0 -25.1 -16.2
v 21.8 -24.0 -10.2
v 21.8 -22.1 -16.8
v 22.1 -22.2 -10.5
v 21.2 -20.9 -18.1
v 22.0 -21.0 -11.1
v 22.0 -20.0 -11.2
v 22.7 -18.9 -10.6
v 20.9 -17.3 -16.4
v 20.4 -15.1 -16.9
v 22.1 -13.2 -15.6
v 22.0 -13.0 -10.5
v 22.0 -12.0 -15.5
v 22.0 -11.0 -20.0
v 22.0 -11.6 -16.7
v 21.9 -10.1 -18.0
v 22.0 -10.1 -15.0
v 22.0 -10.2 -13.0
v 22.0 -10.7 -11.7
v 21.0 -9.6 -17.8
v 22.7 -9.6 -16.2
v 22.0 -9.7 -14.0
v 22.0 -1.8 -8.0
v 22.0 -0.4 -16.0
v 21.0 0.0 -16.7
v 21.9 2.1 -16.8
v 21.1 0.1 -9.4
v 20.9 1.3 -8.1
v 22.0 2.0 -13.7
v 22.1 1.2 -6.9
v 21.9 3.2 -18.3
v 22.0 4.2 -19.9
v 22.0 3.0 -14.1
v 22.0 5.4 -22.9
v 22.1 4.5 -22.1
v 22.2 4.4 -20.9
v 21.9 4.2 -13.7
v 21.1 5.7 -24.0
v 21.9 5.9 -25.1
v 22.0 6.0 -13.5
v 21.8 7.0 -25.4
v 22.9 6.2 -12.7
v 22.0 8.3 -13.6
v 22.0 9.6 -23.8
v 21.2 12.1 -21.6
v 21.0 11.9 -14.3
v 21.9 12.2 -13.6
v 21.5 13.6 -20.3
v 21.0 13.1 -21.3
v 21.9 13.9 -18.9
v 21.2 15.0 -19.4
v 22.0 15.0 -13.3
v 21.2 16.1 -19.1
v 22.0 15.9 -12.9
v 21.6 16.8 -17.4
v 21.7 17.0 -16.0
v 21.4 18.0 -17.3
v 21.8 18.0 -15.0
v 21.6 18.0 -14.0
v 22.2 17.4 -13.9
v 22.1 19.0 -17.1
v 22.0 19.0 -14.0
v 21.9 20.4 -16.2
v 22.1 20.1 -15.0
v 23.1 -56.1 4.9
v 21.9 -53.2 1.9
v 22.9 -53.6 3.9
v 23.0 -53.4 8.0
v 22.6 -53.0 8.1
v 22.8 -53.2 12.2
v 22.9 -53.0 13.1
v 22.9 -51.8 2.0
v 22.4 -52.0 12.0
v 22.9 -52.0 13.1
v 22.2 -49.6 -1.0
v 23.9 -50.4 -0.0
v 23.0 -50.9 12.5
v 23.1 -49.5 -2.7
v 23.0 -49.4 11.0
v 23.0 -48.5 -4.0
v 22.2 -47.6 9.2
v 23.0 -45.2 3.9
v 23.6 -46.2 5.2
v 23.0 -44.0 -5.6
v 23.0 -43.8 3.1
v 23.0 -41.7 -5.0
v 23.0 -41.7 -0.3
v 23.1 -26.1 -10.9
v 23.0 -25.2 -15.3
v 21.9 -24.0 -16.5
v 23.8 -22.9 -15.7
v 22.9 -25.0 -10.5
v 23.0 -21.0 -10.7
v 22.0 -20.0 -17.3
v 23.6 -19.8 -11.3
v 22.0 -17.8 -15.7
v 22.9 -13.0 -16.3
v 23.0 -14.1 -10.5
v 23.0 -12.1 -17.1
v 22.1 -12.0 -11.2
v 22.8 -12.9 -9.8
v 23.3 -11.0 -19.0
v 22.9 -11.4 -18.1
v 22.0 -9.9 -19.0
v 23.1 -10.2 -13.0
v 22.8 -10.7 -10.9
v 22.9 -10.9 -9.9
v 23.0 -9.6 -14.0
v 23.0 -3.0 -7.0
v 22.9 -1.7 -8.6
v 23.0 -2.1 -5.8
v 23.1 0.1 -16.1
v 23.0 1.0 -16.8
v 23.1 1.0 -14.7
v 23.1 1.2 -8.0
v 23.0 -0.2 -5.6
v 23.0 2.1 -16.7
v 22.9 1.7 -13.8
v 23.1 1.3 -6.8
v 23.0 3.3 -18.6
v 23.1 3.1 -13.4
v 23.5 4.8 -12.9
v 22.0 6.1 -23.9
v 22.4 7.0 -25.0
v 23.0 6.5 -24.0
v 22.1 8.0 -25.3
v 23.1 8.1 -24.5
v 22.0 9.0 -25.0
v 23.0 8.0 -12.7
v 23.0 9.2 -13.3
v 23.0 10.7 -22.2
v 23.0 12.7 -20.1
v 23.0 12.9 -13.3
v 23.0 14.0 -12.8
v 22.3 15.5 -17.6
v 23.0 14.7 -16.0
v 22.4 16.7 -15.2
v 22.7 15.7 -15.1
v 22.7 15.8 -14.1
v 22.1 17.1 -12.9
v 22.4 19.0 -15.5
v 22.1 20.1 -16.9
v 23.1 -56.1 6.1
v 23.6 -54.9 5.0
v 24.1 -54.2 3.9
v 23.6 -54.7 6.0
v 24.0 -53.7 7.0
v 24.0 -54.1 8.1
v 25.0 -52.7 3.4
v 24.4 -53.9 9.4
v 24.0 -53.6 12.7
v 24.0 -53.0 13.3
v 23.9 -50.0 -2.0
v 24.1 -49.9 12.2
v 23.1 -48.1 -5.1
v 24.0 -49.0 -2.7
v 23.8 -47.0 -4.8
v 23.6 -47.3 7.7
v 23.3 -46.5 -5.5
v 24.1 -46.8 7.0
v 23.1 -45.0 -5.9
v 24.1 -45.4 3.7
v 24.0 -44.0 -4.8
v 23.8 -43.1 -4.7
v 23.9 -42.4 -3.9
v 23.1 -42.5 1.0
v 23.0 -26.3 -14.0
v 23.1 -26.3 -12.1
v 24.0 -25.1 -15.2
v 24.0 -25.6 -13.8
v 23.8 -25.3 -11.5
v 24.0 -24.1 -10.7
v 23.0 -23.0 -16.3
v 22.4 -21.0 -17.0
v 24.0 -21.3 -10.6
v 24.0 -19.9 -15.5
v 24.1 -19.1 -11.2
v 24.2 -17.9 -10.5
v 25.0 -14.1 -10.4
v 23.9 -12.8 -9.5
v 23.4 -10.9 -18.0
v 24.0 -11.0 -17.5
v 24.0 -10.1 -16.9
v 23.0 -10.1 -15.0
v 24.0 -9.7 -11.3
v 24.0 -10.7 -9.8
v 23.9 -9.7 -16.4
v 24.0 -9.3 -15.0
v 23.9 -9.2 -12.4
v 23.7 -8.0 -14.0
v 24.1 -1.7 -7.9
v 24.0 -1.1 -9.3
v 23.9 0.0 -11.0
v 24.0 -0.7 -9.0
v 23.1 0.0 -9.2
v 23.9 -0.2 -8.0
v 24.2 -0.7 -5.3
v 23.9 1.0 -10.9
v 23.8 2.3 -15.9
v 24.0 1.6 -14.0
v 23.9 2.2 -15.0
v 23.7 1.6 -12.9
v 24.0 1.0 -6.0
v 24.7 2.6 -16.9
v 23.8 1.9 -11.8
v 24.2 3.6 -20.1
v 23.0 3.7 -19.9
v 23.0 4.9 -23.0
v 24.3 4.4 -21.4
v 24.0 5.6 -23.2
v 23.2 7.0 -24.4
v 23.0 8.9 -23.9
v 23.8 9.8 -24.2
v 24.1 8.6 -12.3
v 24.2 10.0 -12.4
v 23.8 11.1 -23.0
v 24.0 12.5 -12.6
v 23.2 13.6 -18.7
v 22.9 13.8 -17.9
v 24.0 14.3 -18.0
v 23.0 14.0 -17.0
v 23.6 14.5 -16.3
v 23.0 15.1 -12.9
v 24.0 14.3 -12.7
v 24.0 15.3 -14.0
v 24.8 -55.9 11.1
v 24.8 -55.0 8.9
v 25.2 -54.2 5.0
v 25.0 -54.5 8.0
v 24.4 -54.0 11.6
v 25.0 -54.1 13.1
v 25.0 -53.9 6.0
v 25.0 -53.0 13.3
v 24.1 -51.2 1.0
v 25.1 -51.3 2.1
v 25.0 -51.5 12.8
v 25.1 -50.2 -2.1
v 24.9 -50.2 -0.7
v 24.9 -49.9 1.0
v 25.0 -49.8 12.1
v 24.9 -49.9 0.0
v 24.3 -49.3 10.6
v 24.0 -47.8 -3.9
v 25.0 -48.3 8.0
v 24.0 -47.9 9.1
v 25.3 -47.8 5.0
v 25.0 -45.0 -5.1
v 24.2 -44.3 2.7
v 24.9 -43.6 2.0
v 23.9 -42.4 -0.1
v 25.2 -25.1 -13.1
v 25.2 -23.9 -15.2
v 25.3 -24.0 -11.9
v 25.1 -21.2 -15.3
v 25.1 -22.5 -11.4
v 25.0 -21.0 -11.4
v 25.0 -20.0 -14.9
v 25.0 -18.8 -15.3
v 25.9 -19.9 -10.6
v 25.0 -13.0 -9.8
v 24.2 -11.9 -16.7
v 24.9 -11.1 -17.5
v 25.0 -11.1 -9.6
v 24.8 -10.1 -19.1
v 24.6 -10.2 -18.1
v 24.7 -10.1 -11.0
v 25.0 -10.3 -10.0
v 25.0 -9.0 -20.0
v 25.2 -9.1 -18.0
v 24.9 -8.9 -17.0
v 25.1 -9.0 -16.0
v 23.5 -9.0 -14.0
v 25.1 -8.9 -11.6
v 24.8 -9.0 -19.0
v 25.0 -7.8 -11.8
v 23.9 -6.9 -14.0
v 25.1 -5.9 -16.3
v 23.9 -6.9 -15.0
v 25.5 -5.0 -14.0
v 24.9 -3.3 -7.1
v 25.0 -2.0 -10.0
v 25.0 -2.0 -7.7
v 25.0 -2.1 -5.6
v 24.7 -1.0 -11.0
v 25.0 -1.5 -8.0
v 25.0 -1.0 -4.9
v 24.7 -0.7 -10.0
v 25.0 -0.6 -9.0
v 24.7 -0.2 -7.0
v 24.9 -0.4 -6.0
v 25.0 -0.5 -5.0
v 25.0 1.3 -13.7
v 24.1 1.1 -7.0
v 25.0 2.3 -15.0
v 25.0 2.0 -11.3
v 24.9 3.3 -11.6
v 24.6 3.2 -17.8
v 25.0 5.1 -22.0
v 25.0 5.9 -23.5
v 25.3 6.7 -24.4
v 25.2 9.0 -11.4
v 25.1 11.9 -24.1
v 25.3 11.1 -12.1
v 24.2 11.9 -21.9
v 24.9 12.4 -23.0
v 24.5 13.3 -21.6
v 24.6 13.5 -20.4
v 25.3 13.6 -18.8
v 25.0 14.2 -12.9
v 24.0 15.2 -15.0
v 25.2 14.5 -14.6
v 26.0 -60.0 11.0
v 26.0 -58.0 10.8
v 26.0 -60.1 12.1
v 25.9 -58.3 12.1
v 25.7 -57.0 11.0
v 26.0 -56.0 11.5
v 26.0 -54.7 8.2
v 25.1 -54.1 3.9
v 26.0 -54.7 7.0
v 25.1 -53.9 7.0
v 25.5 -53.9 9.2
v 25.6 -54.0 12.0
v 26.0 -55.0 12.1
v 25.5 -54.0 13.0
v 25.3 -52.3 3.4
v 25.8 -52.9 5.2
v 26.0 -53.0 9.0
v 25.7 -53.0 9.9
v 25.6 -53.0 12.0
v 26.2 -52.0 12.0
v 25.5 -52.1 12.7
v 25.7 -51.0 5.0
v 26.0 -50.0 -2.0
v 25.7 -49.9 2.3
v 25.7 -49.9 4.9
v 26.2 -51.0 12.1
v 26.0 -49.7 -1.0
v 26.0 -49.7 0.4
v 26.2 -49.0 5.0
v 25.2 -47.1 4.2
v 26.2 -48.9 8.0
v 24.9 -46.8 -4.4
v 26.3 -46.5 2.7
v 26.2 -45.0 -4.1
v 25.3 -43.9 -4.3
v 25.7 -44.0 1.0
v 25.1 -42.9 -4.1
v 25.3 -42.7 -3.1
v 25.1 -42.8 1.0
v 25.2 -25.1 -14.0
v 25.8 -23.0 -13.0
v 26.0 -23.3 -12.0
v 25.9 -22.2 -13.7
v 26.0 -22.9 -11.6
v 26.0 -21.0 -14.4
v 26.1 -21.1 -11.2
v 26.0 -19.0 -14.6
v 25.9 -15.1 -14.7
v 24.9 -16.0 -15.5
v 26.0 -17.7 -10.4
v 25.0 -15.0 -16.1
v 24.8 -14.7 -16.3
v 26.3 -12.8 -16.2
v 26.0 -11.7 -16.8
v 26.0 -13.4 -10.4
v 26.0 -11.0 -10.5
v 26.0 -10.2 -11.1
v 26.0 -9.0 -20.2
v 26.2 -8.0 -17.0
v 25.3 -8.1 -15.9
v 25.9 -7.8 -18.8
v 26.1 -7.2 -16.6
v 26.0 -7.0 -11.6
v 25.8 -5.0 -17.0
v 25.4 -5.0 -15.8
v 26.2 -5.3 -12.8
v 25.7 -4.0 -8.0
v 26.0 -5.0 -8.0
v 25.7 -4.0 -15.0
v 25.7 -4.0 -14.0
v 26.1 -3.5 -6.9
v 26.0 -2.4 -11.1
v 26.3 -2.8 -10.0
v 25.7 -2.0 -8.1
v 26.1 -1.9 -9.0
v 25.6 -1.6 -8.6
v 26.1 -0.9 -8.5
v 25.4 -0.9 -8.0
v 26.0 -1.6 -7.0
v 25.5 -1.0 -7.0
v 25.5 -1.0 -6.0
v 26.1 -2.0 -6.0
v 26.0 0.1 -9.0
v 25.9 2.2 -15.8
v 25.4 1.3 -10.6
v 26.0 2.7 -18.0
v 25.0 3.9 -21.0
v 26.0 3.7 -20.2
v 27.1 3.3 -19.1
v 26.0 4.7 -22.0
v 26.8 6.0 -11.3
v 24.8 8.4 -24.6
v 26.1 7.5 -11.3
v 26.0 9.0 -25.3
v 25.5 10.0 -11.0
v 26.1 11.9 -12.1
v 26.0 13.1 -23.0
v 24.9 14.3 -17.9
v 26.0 13.7 -17.0
v 26.0 13.7 -14.0
v 26.0 13.3 -12.7
v 26.3 14.2 -15.4
v 27.0 -61.6 10.1
v 26.9 -60.5 8.9
v 26.8 -60.1 10.0
v 27.0 -58.9 8.7
v 27.0 -59.2 10.1
v 26.3 -57.9 11.0
v 26.1 -57.3 12.0
v 26.0 -57.0 10.0
v 26.0 -56.0 8.9
v 26.4 -56.0 10.8
v 26.3 -55.0 9.0
v 26.4 -55.0 10.7
v 26.0 -54.1 6.0
v 26.5 -54.0 8.0
v 26.5 -53.0 6.1
v 27.0 -53.3 8.7
v 26.1 -52.0 5.0
v 26.7 -51.9 7.8
v 26.4 -52.1 11.1
v 26.6 -50.6 6.4
v 26.6 -51.1 9.0
v 27.0 -52.0 10.0
v 26.6 -51.1 10.1
v 26.9 -50.0 7.0
v 26.3 -49.8 9.0
v 26.2 -49.9 11.0
v 26.2 -49.2 -2.3
v 26.5 -48.7 -0.4
v 26.4 -49.0 1.5
v 26.8 -49.0 3.0
v 26.3 -49.0 4.0
v 26.4 -49.0 7.1
v 26.1 -48.0 -3.2
v 26.6 -47.9 -2.0
v 26.7 -47.8 -0.7
v 26.5 -47.9 2.9
v 26.2 -47.0 -3.4
v 27.3 -47.0 -1.0
v 26.1 -46.0 -4.2
v 27.4 -46.0 -0.3
v 26.4 -45.6 1.6
v 27.0 -45.0 -3.1
v 26.5 -45.0 1.0
v 26.2 -45.0 2.1
v 26.7 -44.0 -1.6
v 26.2 -42.8 -1.7
v 26.1 -42.9 0.0
v 26.9 -23.2 -11.0
v 27.1 -22.1 -13.2
v 26.9 -21.9 -9.7
v 27.0 -20.0 -14.3
v 27.0 -20.0 -9.8
v 27.0 -19.0 -10.3
v 27.2 -17.8 -14.4
v 27.0 -17.9 -9.9
v 26.8 -14.1 -14.7
v 27.1 -14.2 -9.6
v 27.1 -12.9 -10.4
v 27.0 -10.8 -16.9
v 26.1 -10.5 -18.7
v 27.0 -9.9 -18.0
v 27.1 -9.3 -19.3
v 27.0 -10.1 -10.7
v 27.0 -9.0 -11.5
v 27.0 -8.0 -20.2
v 26.2 -8.1 -18.0
v 27.7 -7.9 -11.4
v 25.9 -7.9 -20.1
v 27.0 -7.4 -19.0
v 26.7 -6.9 -18.3
v 26.8 -7.0 -10.8
v 26.5 -6.0 -18.0
v 26.6 -5.1 -9.2
v 26.9 -5.0 -18.3
v 26.5 -5.1 -10.3
v 27.0 -5.5 -9.2
v 26.9 -5.3 -7.9
v 26.8 -3.1 -16.3
v 26.3 -4.0 -16.0
v 26.5 -4.2 -12.6
v 27.0 -4.1 -6.8
v 26.4 -2.8 -14.5
v 26.5 -3.0 -11.5
v 26.4 -3.8 -9.0
v 27.0 -3.0 -6.6
v 26.3 -1.4 -12.6
v 27.0 -2.2 -8.2
v 26.0 -1.7 -8.0
v 26.6 -2.2 -7.2
v 26.6 -1.9 -14.0
v 26.9 1.3 -15.7
v 26.1 1.1 -13.9
v 27.9 1.7 -10.3
v 26.9 0.1 -8.7
v 27.0 1.7 -17.0
v 26.5 2.4 -17.5
v 26.0 3.1 -11.3
v 26.1 4.9 -24.1
v 26.6 4.8 -22.9
v 27.1 4.9 -10.7
v 26.3 7.0 -24.6
v 27.0 7.0 -7.0
v 26.4 7.9 -25.4
v 26.8 7.8 -7.9
v 26.6 8.0 -5.7
v 26.9 9.5 -25.5
v 27.3 8.0 -10.0
v 26.3 9.3 -10.2
v 26.6 8.9 -9.0
v 26.5 8.6 -7.0
v 26.6 9.0 -4.1
v 26.9 8.1 -3.8
v 26.2 10.4 -24.7
v 27.0 11.0 -25.3
v 26.6 11.0 -9.0
v 26.6 10.1 -8.0
v 26.0 11.9 -24.0
v 26.8 12.8 -24.0
v 27.0 12.7 -23.0
v 27.0 12.9 -22.0
v 26.7 12.3 -11.0
v 25.9 11.1 -10.0
v 27.0 13.0 -24.0
v 27.1 13.6 -15.7
v 26.9 13.4 -12.2
v 27.0 -62.4 9.0
v 27.1 -59.1 8.8
v 27.2 -60.4 10.0
v 27.1 -53.0 7.0
v 27.2 -52.8 8.0
v 27.1 -52.0 8.7
v 27.4 -46.7 -1.8
v 27.4 -45.0 -1.6
v 27.1 -44.9 0.0
v 27.1 -23.2 -12.0
v 28.2 -22.0 -9.8
v 28.1 -20.2 -9.7
v 28.4 -19.0 -10.7
v 28.0 -18.0 -13.7
v 29.2 -16.8 -9.7
v 27.2 -16.2 -14.5
v 27.1 -12.9 -14.7
v 28.6 -15.5 -9.4
v 28.5 -14.0 -9.6
v 28.0 -13.2 -10.4
v 28.2 -10.9 -16.4
v 27.8 -11.3 -10.9
v 28.0 -9.6 -18.8
v 27.9 -9.9 -12.1
v 27.6 -10.0 -11.0
v 27.9 -9.0 -12.2
v 28.0 -8.0 -20.3
v 28.0 -7.1 -18.8
v 27.8 -4.7 -18.8
v 28.6 -5.6 -9.1
v 28.0 -5.3 -8.0
v 28.8 -4.1 -6.7
v 27.9 -2.0 -16.3
v 27.3 -2.0 -15.0
v 28.0 -2.9 -6.8
v 27.6 -1.0 -15.2
v 26.3 0.0 -13.7
v 29.0 -0.5 -8.4
v 26.2 0.1 -10.0
v 28.0 1.1 -8.9
v 27.5 3.7 -21.5
v 27.8 4.3 -22.8
v 27.8 3.9 -10.5
v 28.2 6.0 -10.2
v 27.8 5.7 -5.6
v 27.9 5.9 -3.9
v 28.0 7.0 -24.1
v 27.6 7.0 -10.0
v 28.3 6.2 -7.1
v 27.4 6.9 -5.7
v 27.7 6.9 -3.8
v 28.0 7.3 -9.0
v 28.1 9.7 -3.5
v 28.0 11.9 -25.2
v 26.8 10.1 -4.0
v 27.7 11.3 -7.0
v 28.0 11.1 -3.9
v 28.2 12.7 -23.3
v 28.1 13.2 -22.2
v 27.7 12.3 -8.9
v 27.6 13.1 -24.0
v 28.1 13.6 -11.0
v 27.9 13.2 -10.0
v 28.0 -23.0 -11.0
v 28.2 -22.1 -12.0
v 28.5 -21.7 -11.0
v 28.2 -21.0 -13.1
v 28.6 -20.1 -12.0
v 28.2 -20.2 -13.3
v 29.2 -18.9 -13.1
v 29.3 -19.0 -12.0
v 29.0 -17.2 -13.6
v 29.2 -17.9 -10.8
v 28.9 -13.2 -11.0
v 27.9 -11.9 -14.8
v 29.6 -11.1 -15.4
v 29.0 -12.0 -12.3
v 29.0 -10.2 -17.1
v 29.1 -10.7 -15.8
v 28.8 -8.6 -19.2
v 29.0 -8.8 -12.3
v 29.7 -7.3 -10.9
v 28.2 -6.0 -18.8
v 29.3 -4.8 -8.3
v 29.0 -3.1 -7.2
v 29.0 -2.1 -8.3
v 29.9 1.2 -18.8
v 29.0 1.2 -8.9
v 29.8 1.7 -19.9
v 29.2 2.1 -10.4
v 29.0 3.3 -20.9
v 29.0 3.0 -10.4
v 29.0 3.9 -24.1
v 28.8 3.8 -9.9
v 28.0 4.8 -24.3
v 29.0 5.1 -9.3
v 28.2 6.3 -24.4
v 28.6 6.0 -8.9
v 29.1 5.6 -7.6
v 29.1 5.6 -5.8
v 29.0 5.8 -3.9
v 28.1 7.1 -8.0
v 29.6 7.0 -3.5
v 28.0 8.1 -25.3
v 28.4 10.4 -25.0
v 28.8 9.0 -23.8
v 28.2 12.8 -24.1
v 28.0 11.5 -5.0
v 29.0 12.0 -4.7
v 29.0 11.1 -3.8
v 29.1 12.7 -7.8
v 27.1 13.5 -20.8
v 29.0 13.4 -20.0
v 28.1 13.6 -15.9
v 30.3 -16.6 -13.0
v 29.7 -17.0 -11.8
v 29.0 -15.9 -14.3
v 30.2 -15.8 -9.8
v 29.2 -14.0 -14.3
v 30.6 -12.8 -14.2
v 30.1 -13.9 -9.9
v 30.0 -12.0 -14.5
v 30.3 -13.8 -10.9
v 30.0 -9.9 -15.9
v 30.0 -11.8 -12.6
v 29.8 -8.6 -18.2
v 30.0 -9.4 -17.0
v 30.3 -9.0 -12.7
v 29.0 -8.0 -21.0
v 30.0 -8.1 -20.4
v 30.0 -7.0 -21.1
v 29.1 -7.0 -21.0
v 29.0 -7.1 -19.9
v 30.1 -7.9 -12.2
v 29.5 -6.0 -20.0
v 29.1 -5.0 -18.9
v 30.0 -5.6 -9.1
v 29.3 -3.6 -18.3
v 30.8 -2.5 -6.7
v 29.2 -1.0 -16.8
v 30.0 -1.0 -7.7
v 29.2 -0.0 -16.8
v 29.1 1.5 -10.0
v 30.0 0.1 -8.0
v 29.3 3.3 -23.1
v 30.6 2.0 -22.0
v 31.9 2.9 -10.4
v 30.0 3.7 -24.3
v 29.8 3.7 -8.9
v 30.0 3.9 -7.9
v 29.9 4.8 -7.6
v 30.0 5.6 -7.0
v 30.0 6.3 -6.0
v 30.0 6.6 -4.0
v 29.0 7.9 -24.0
v 30.1 8.6 -23.0
v 29.4 9.2 -23.1
v 30.0 9.0 -22.0
v 29.2 12.2 -23.1
v 29.1 13.3 -22.3
v 30.0 12.9 -20.0
v 30.0 13.0 -19.0
v 30.0 13.5 -21.0
v 29.1 13.5 -17.9
v 29.0 13.7 -17.0
v 30.0 13.5 -7.9
v 29.9 13.2 -5.0
v 29.9 15.3 -11.1
v 30.0 15.4 -15.0
v 30.5 -15.9 -11.9
v 30.6 -14.2 -13.0
v 31.1 -15.0 -12.0
v 30.4 -14.9 -10.1
v 31.2 -13.9 -12.0
v 30.9 -12.9 -12.0
v 30.5 -11.3 -14.0
v 30.4 -11.9 -13.0
v 31.0 -11.0 -15.0
v 31.0 -10.0 -15.5
v 31.0 -10.1 -13.7
v 31.0 -9.4 -16.3
v 31.0 -8.0 -20.0
v 31.0 -7.8 -17.9
v 31.0 -6.8 -20.6
v 31.5 -7.4 -19.3
v 31.1 -7.5 -12.3
v 31.0 -6.6 -11.0
v 30.1 -6.0 -20.6
v 31.0 -5.8 -10.0
v 30.4 -4.9 -20.7
v 31.0 -5.1 -8.0
v 30.0 -4.1 -18.8
v 31.0 -4.1 -6.7
v 31.3 -2.2 -19.1
v 29.1 -2.0 -16.7
v 30.0 -2.0 -8.0
v 31.0 -2.0 -7.0
v 31.0 -0.1 -10.1
v 31.4 -0.8 -9.0
v 30.7 1.4 -20.5
v 31.0 3.3 -24.6
v 31.1 2.5 -23.9
v 31.1 3.4 -9.9
v 31.0 3.9 -7.9
v 30.8 5.8 -24.6
v 31.1 6.2 -7.3
v 30.5 8.2 -24.3
v 31.0 6.9 -3.9
v 30.9 8.7 -3.6
v 30.1 12.0 -22.5
v 31.1 13.1 -22.0
v 29.9 11.3 -4.4
v 31.0 14.1 -21.1
v 31.2 14.0 -19.9
v 31.1 13.6 -7.0
v 30.3 15.0 -17.0
v 30.7 14.2 -8.9
v 31.0 14.3 -8.0
v 31.0 15.7 -14.0
v 30.8 16.1 -17.0
v 30.7 16.2 -15.9
v 30.9 16.3 -15.1
v 32.1 -9.2 -16.0
v 31.9 -8.8 -14.9
v 31.7 -8.6 -14.0
v 31.9 -7.7 -17.8
v 31.9 -6.7 -20.1
v 32.0 -7.0 -13.0
v 31.0 -6.0 -21.9
v 32.0 -6.0 -22.0
v 32.0 -5.9 -21.0
v 32.0 -6.8 -12.1
v 32.6 -6.2 -9.6
v 31.9 -4.9 -22.2
v 31.9 -5.1 -8.5
v 31.2 -4.1 -19.9
v 31.5 -2.9 -7.1
v 31.9 -2.0 -20.1
v 32.5 -2.0 -9.2
v 31.1 -0.9 -7.9
v 30.2 0.0 -18.6
v 32.0 -0.3 -10.3
v 33.0 -0.8 -10.4
v 32.0 1.5 -23.0
v 32.0 4.4 -25.4
v 31.6 4.0 -9.0
v 31.7 5.0 -8.3
v 32.0 6.1 -25.2
v 31.9 6.1 -8.1
v 32.0 6.6 -6.8
v 32.0 6.8 -4.8
v 30.9 8.7 -21.8
v 32.0 8.9 -20.8
v 30.9 10.0 -21.6
v 32.2 8.8 -4.5
v 32.0 13.1 -21.6
v 33.0 13.7 -6.9
v 31.3 13.2 -4.8
v 31.8 15.0 -21.2
v 31.9 17.2 -19.1
v 31.2 15.7 -18.2
v 32.0 15.1 -8.7
v 32.1 16.7 -14.8
v 31.3 15.7 -11.8
v 31.5 17.1 -17.0
v 31.9 17.2 -16.1
v 32.0 -9.0 -17.0
v 33.0 -7.9 -17.0
v 33.0 -8.5 -16.0
v 33.0 -8.5 -15.0
v 33.0 -7.2 -18.5
v 32.9 -7.8 -13.9
v 33.0 -6.1 -20.6
v 34.0 -6.5 -10.1
v 33.0 -5.3 -22.2
v 33.0 -5.1 -8.7
v 32.8 -4.0 -8.5
v 32.5 -3.0 -21.0
v 32.0 -3.0 -20.0
v 32.7 -3.0 -9.1
v 32.1 -4.0 -7.0
v 31.7 -1.0 -19.4
v 33.2 -0.9 -20.9
v 33.9 -0.2 -24.1
v 32.1 1.2 -22.0
v 33.3 0.1 -22.0
v 32.0 2.9 -25.2
v 33.0 6.0 -8.7
v 32.3 6.8 -24.5
v 33.0 7.2 -8.1
v 32.1 8.1 -24.1
v 32.8 8.0 -22.7
v 33.0 7.5 -6.1
v 33.7 8.4 -4.9
v 32.4 8.4 -22.5
v 32.1 10.0 -20.7
v 32.9 13.2 -4.8
v 33.2 15.1 -21.4
v 33.1 14.5 -8.0
v 33.8 15.6 -9.2
v 34.0 16.3 -10.0
v 32.5 16.9 -12.9
v 33.0 18.4 -18.2
v 34.0 -8.7 -16.0
v 34.0 -8.9 -15.0
v 34.2 -8.5 -14.0
v 34.1 -8.3 -13.0
v 34.2 -7.6 -18.0
v 34.1 -7.6 -12.1
v 34.2 -7.3 -11.0
v 34.3 -6.3 -21.1
v 34.2 -6.6 -20.0
v 33.9 -5.1 -22.3
v 34.0 -5.0 -9.4
v 34.0 -3.3 -22.5
v 34.3 -4.1 -9.8
v 34.4 -2.9 -10.9
v 33.6 -2.8 -22.0
v 33.8 -1.1 -22.4
v 33.2 -1.9 -20.9
v 33.6 -0.1 -23.0
v 34.0 -1.9 -10.6
v 33.9 1.2 -25.4
v 33.9 3.7 -10.6
v 32.3 3.5 -10.2
v 34.6 6.4 -9.7
v 34.0 6.7 -23.1
v 33.9 7.2 -9.1
v 34.0 7.8 -7.1
v 34.8 8.4 -6.9
v 35.0 9.0 -4.8
v 34.0 10.0 -20.2
v 33.9 11.0 -21.3
v 34.9 10.4 -4.6
v 32.3 11.5 -21.5
v 33.9 12.2 -4.6
v 34.0 13.5 -6.0
v 33.2 17.0 -19.6
v 33.2 17.9 -16.0
v 33.2 17.7 -15.1
v 34.3 17.9 -13.9
v 33.9 17.0 -11.6
v 33.1 18.2 -19.1
v 33.0 18.3 -17.0
v 34.1 19.2 -14.9
v 35.0 -9.1 -16.0
v 34.5 -8.3 -17.1
v 35.3 -8.6 -14.8
v 34.2 -7.3 -19.0
v 35.0 -7.0 -10.6
v 35.0 -6.0 -9.8
v 35.0 -5.0 -22.2
v 35.1 -3.8 -22.4
v 34.8 -4.1 -11.1
v 35.2 -4.9 -9.9
v 34.9 -1.8 -22.8
v 35.0 -1.1 -24.1
v 34.4 1.2 -11.0
v 35.3 2.0 -12.5
v 34.7 3.1 -11.3
v 33.4 5.2 -25.5
v 34.9 4.0 -11.2
v 33.9 6.2 -25.2
v 35.0 5.8 -22.9
v 35.7 6.8 -10.4
v 34.3 8.2 -21.9
v 35.0 8.2 -9.1
v 34.8 8.8 -20.7
v 35.3 11.3 -20.7
v 35.0 12.0 -4.8
v 35.0 13.0 -5.5
v 35.0 15.3 -21.0
v 35.0 15.0 -8.6
v 34.2 14.3 -7.0
v 35.0 17.0 -19.6
v 35.1 16.2 -10.0
v 34.9 18.2 -19.2
v 34.3 17.8 -13.0
v 35.0 17.8 -12.3
v 35.0 17.1 -10.9
v 35.0 18.8 -16.9
v 34.2 18.7 -16.0
v 34.9 19.0 -12.8
v 34.9 20.1 -16.1
v 36.0 -9.1 -16.0
v 36.2 -8.5 -17.0
v 36.9 -7.2 -11.7
v 36.0 -7.1 -10.8
v 35.0 -6.0 -21.5
v 36.0 -6.0 -10.5
v 36.0 -4.0 -12.3
v 36.0 -2.8 -22.5
v 36.4 -3.6 -12.9
v 35.9 -1.1 -24.3
v 35.4 0.0 -24.7
v 35.6 1.0 -25.4
v 36.4 0.8 -13.0
v 36.0 4.3 -25.2
v 36.2 4.0 -11.9
v 35.6 4.9 -24.2
v 35.7 5.0 -21.0
v 35.5 5.1 -18.2
v 35.8 5.0 -15.0
v 36.3 5.0 -11.8
v 35.5 6.0 -22.0
v 35.6 5.9 -19.6
v 35.1 6.0 -18.0
v 35.6 6.1 -16.3
v 35.9 6.0 -14.8
v 36.1 6.2 -10.7
v 35.1 6.9 -22.2
v 35.8 7.0 -20.8
v 36.0 6.3 -19.6
v 36.0 7.1 -18.0
v 36.0 6.4 -16.0
v 36.0 8.0 -21.1
v 35.9 8.3 -10.1
v 36.3 9.8 -7.0
v 36.2 8.8 -8.1
v 35.5 9.0 -6.0
v 36.0 10.0 -19.9
v 36.3 10.0 -6.0
v 35.5 10.1 -5.0
v 35.8 11.0 -11.0
v 35.7 11.1 -10.0
v 35.6 12.1 -11.3
v 36.4 12.0 -5.8
v 35.6 13.3 -9.9
v 36.7 13.0 -5.9
v 35.8 14.0 -21.4
v 35.6 13.9 -12.8
v 35.5 14.6 -8.8
v 36.3 15.2 -20.2
v 36.0 15.1 -13.3
v 35.5 15.9 -10.9
v 36.0 14.8 -8.0
v 36.0 14.4 -7.0
v 35.6 15.0 -12.0
v 36.2 16.0 -11.9
v 35.9 18.0 -19.0
v 36.0 18.0 -14.0
v 36.2 17.1 -11.9
v 36.3 18.1 -12.8
v 36.0 19.0 -17.8
v 36.2 19.1 -12.9
v 36.2 20.3 -16.1
v 36.0 20.0 -13.6
v 37.2 -8.4 -16.1
v 38.1 -8.4 -13.8
v 37.1 -8.3 -12.9
v 38.0 -7.6 -17.9
v 36.9 -6.1 -21.2
v 36.1 -4.9 -21.6
v 37.1 -5.0 -12.0
v 36.7 -4.9 -13.0
v 37.1 -2.9 -21.8
v 37.1 -2.2 -23.2
v 36.6 -2.8 -16.0
v 36.5 -0.9 -14.3
v 36.7 0.0 -16.0
v 36.7 0.9 -15.0
v 36.9 1.0 -14.0
v 36.9 2.5 -25.4
v 36.6 2.1 -15.0
v 36.5 2.2 -14.0
v 36.7 3.1 -22.0
v 36.6 2.7 -20.3
v 36.6 3.0 -16.1
v 36.4 4.0 -20.9
v 36.4 4.0 -15.0
v 37.1 4.1 -25.0
v 36.2 5.1 -23.0
v 37.2 4.1 -23.0
v 36.2 5.2 -22.0
v 36.4 5.6 -13.9
v 36.5 5.9 -12.0
v 37.5 6.6 -19.1
v 37.2 6.6 -17.6
v 36.0 7.0 -17.0
v 37.0 6.5 -15.0
v 37.0 7.1 -14.0
v 36.9 7.2 -13.0
v 37.1 7.0 -12.1
v 37.1 8.0 -11.0
v 36.5 8.9 -10.7
v 36.7 10.2 -12.1
v 36.4 9.8 -10.5
v 35.2 9.9 -20.3
v 36.4 11.0 -9.0
v 36.5 10.3 -8.0
v 36.5 12.4 -7.8
v 36.0 12.9 -21.3
v 36.3 13.0 -9.0
v 36.7 14.0 -14.1
v 36.4 14.0 -8.0
v 36.8 14.0 -7.0
v 37.0 15.0 -15.1
v 36.0 16.7 -20.1
v 37.0 16.0 -14.6
v 36.6 15.8 -13.8
v 36.0 17.1 -19.1
v 37.1 16.3 -19.2
v 36.3 17.0 -14.9
v 36.9 17.0 -13.0
v 36.0 18.2 -18.0
v 36.8 17.8 -17.8
v 37.0 17.0 -15.1
v 37.1 19.3 -17.3
v 37.0 18.2 -14.1
v 37.1 19.0 -13.5
v 37.9 20.0 -13.6
v 34.9 20.4 -15.0
v 35.0 20.3 -14.0
v 38.0 -8.3 -15.0
v 38.1 -8.1 -12.9
v 37.8 -7.4 -19.0
v 38.3 -7.1 -12.8
v 37.5 -6.1 -12.0
v 38.3 -6.0 -13.1
v 36.3 -3.9 -21.6
v 37.9 -4.2 -16.0
v 36.7 -3.2 -15.1
v 38.0 -4.5 -15.0
v 37.8 -3.0 -17.2
v 37.7 -1.6 -18.5
v 37.4 -0.6 -17.2
v 37.1 -1.0 -24.2
v 37.3 -0.0 -24.3
v 37.6 0.0 -19.9
v 37.1 1.0 -25.2
v 37.6 0.9 -23.2
v 37.6 1.1 -21.2
v 37.2 1.4 -20.0
v 37.5 0.9 -16.4
v 37.4 2.1 -21.6
v 37.4 2.0 -18.7
v 37.2 2.0 -16.0
v 37.4 2.7 -25.0
v 37.4 3.9 -23.7
v 37.3 6.9 -20.0
v 38.1 6.4 -17.8
v 38.0 6.5 -14.2
v 38.1 7.3 -13.0
v 37.8 8.2 -12.3
v 37.2 9.0 -20.2
v 37.8 9.0 -12.4
v 37.3 10.0 -19.3
v 38.0 10.0 -13.3
v 37.2 11.0 -19.4
v 38.0 11.0 -13.5
v 37.2 12.4 -20.3
v 38.9 12.0 -14.4
v 38.0 13.0 -14.4
v 38.0 14.0 -15.1
v 38.4 15.4 -18.8
v 38.0 15.0 -15.4
v 38.3 16.0 -14.9
v 37.0 16.9 -18.6
v 38.0 17.0 -14.4
v 38.7 18.1 -17.4
v 38.8 19.0 -13.4
v 38.3 20.5 -14.1
v 38.0 -8.1 -17.0
v 38.1 -6.6 -19.9
v 40.0 -7.1 -18.0
v 39.3 -7.3 -16.9
v 38.6 -5.8 -14.1
v 39.1 -7.0 -14.0
v 38.0 -5.3 -21.4
v 39.1 -4.9 -14.9
v 38.0 -2.9 -21.6
v 39.0 -4.2 -17.1
v 38.1 -2.1 -23.1
v 38.4 -2.0 -22.0
v 38.9 -2.3 -21.0
v 38.9 -2.3 -19.0
v 38.3 -1.1 -23.2
v 38.5 -1.2 -21.3
v 38.6 -1.3 -20.0
v 38.3 0.0 -22.9
v 38.3 -0.0 -21.0
v 39.0 5.9 -18.0
v 39.0 5.5 -15.2
v 38.8 5.7 -14.0
v 38.9 5.9 -12.9
v 39.0 7.0 -19.1
v 39.1 6.9 -12.7
v 38.0 8.0 -20.1
v 39.0 7.6 -18.6
v 38.8 8.1 -18.0
v 38.9 8.9 -12.7
v 37.9 11.1 -18.0
v 39.4 9.5 -13.3
v 39.0 11.0 -14.2
v 38.9 12.0 -17.8
v 38.9 13.0 -18.5
v 39.0 13.9 -14.6
v 39.1 17.0 -18.2
v 39.0 16.1 -15.7
v 39.1 16.9 -13.7
v 38.0 20.0 -17.0
v 39.0 20.0 -12.9
v 39.4 -7.0 -15.5
v 40.3 -6.2 -19.0
v 39.8 -6.1 -15.4
v 39.4 -4.8 -16.0
v 40.2 -4.7 -17.1
v 40.0 5.0 -17.0
v 40.0 4.8 -15.4
v 40.0 6.0 -17.7
v 40.0 5.5 -14.0
v 40.0 5.5 -13.0
v 40.1 6.0 -12.9
v 39.1 8.0 -17.1
v 39.7 7.9 -16.9
v 40.6 8.0 -13.9
v 38.6 9.0 -18.6
v 40.0 10.0 -16.9
v 40.0 11.0 -16.9
v 40.0 10.0 -13.6
v 40.0 12.0 -17.4
v 40.1 11.1 -14.3
v 40.0 13.0 -18.1
v 38.6 14.1 -18.9
v 39.3 15.0 -18.3
v 40.2 14.6 -14.3
v 39.9 15.9 -15.4
v 40.0 16.4 -15.0
v 40.7 16.9 -13.9
v 38.5 19.0 -17.0
v 40.3 17.0 -17.0
v 39.2 18.5 -15.8
v 39.7 17.9 -15.0
v 40.0 18.0 -13.5
v 39.6 19.0 -14.9
v 40.1 18.7 -12.9
v 38.3 20.2 -16.0
v 40.1 -6.2 -20.0
v 40.4 -6.1 -17.4
v 40.1 -5.0 -21.1
v 40.6 -3.7 -20.1
v 40.5 -4.8 -18.7
v 40.2 -4.2 -21.3
v 40.1 -2.9 -21.1
v 40.1 -2.1 -19.9
v 41.3 6.0 -16.0
v 41.1 5.9 -14.9
v 40.6 7.0 -18.0
v 40.9 6.6 -17.1
v 40.8 6.8 -16.0
v 40.6 8.0 -16.0
v 41.4 8.0 -15.0
v 41.1 7.0 -14.0
v 40.8 9.0 -16.6
v 41.0 10.0 -17.1
v 41.0 9.0 -13.7
v 41.0 11.0 -17.3
v 41.1 11.0 -13.7
v 41.0 12.0 -16.8
v 41.1 13.0 -17.1
v 40.5 14.2 -17.0
v 41.0 13.9 -13.5
v 40.4 15.6 -15.9
v 41.0 16.0 -15.0
v 41.0 15.5 -14.0
v 40.4 17.0 -15.0
v 40.5 18.0 -14.0
v 40.9 17.9 -13.0
v 40.4 19.0 -14.0
v 41.0 19.0 -13.2
v 40.2 20.1 -14.0
v 41.0 19.2 -12.9
v 40.1 20.1 -12.9
v 41.6 6.1 -17.0
v 41.4 7.0 -15.0
v 42.2 9.1 -15.0
v 42.3 10.9 -14.8
v 42.0 11.0 -17.0
v 42.1 12.1 -13.8
v 41.4 15.0 -15.0
v 41.7 14.0 -15.0
v 42.2 12.9 -13.7
v 42.0 14.3 -12.7
v 42.0 16.0 -13.0
v 42.0 18.0 -12.6
v 41.9 18.9 -13.0
v 42.4 10.4 -16.2
v 42.2 12.4 -15.9
v 42.4 14.3 -14.0
v 42.6 14.1 -13.0
v 42.0 16.1 -14.0
v 42.1 17.9 -13.0
f 1 5 2
f 1 4 5
f 2 6 3
f 2 5 6
f 10 11 7
f 7 11 8
f 8 11 13
f 9 14 10
f 10 15 11
f 10 14 15
f 11 15 39
f 11 39 12
f 11 12 13
f 39 15 38
f 14 17 15
f 14 16 17
f 38 15 17
f 2 19 18
f 21 24 18
f 18 24 1
f 18 1 2
f 2 3 19
f 22 19 3
f 20 23 21
f 21 23 24
f 3 26 22
f 22 26 25
f 23 27 24
f 27 4 1
f 27 1 24
f 6 26 3
f 26 31 25
f 27 59 4
f 5 59 29
f 4 59 5
f 30 6 5
f 30 5 29
f 30 98 6
f 98 26 6
f 28 26 98
f 28 31 26
f 69 33 7
f 69 7 8
f 32 37 9
f 32 9 10
f 32 10 33
f 7 33 10
f 69 35 34
f 69 34 68
f 8 35 69
f 35 8 13
f 42 43 36
f 38 34 35
f 38 35 39
f 39 35 12
f 12 35 13
f 78 46 43
f 46 37 43
f 46 14 9
f 46 9 37
f 34 44 74
f 76 45 40
f 48 41 45
f 48 81 41
f 81 42 41
f 43 42 81
f 46 16 14
f 46 80 16
f 80 44 16
f 17 34 38
f 44 34 17
f 76 52 45
f 76 50 52
f 48 45 52
f 16 44 17
f 47 50 76
f 47 49 50
f 49 51 50
f 50 51 52
f 51 87 52
f 52 87 89
f 18 92 91
f 53 18 19
f 53 92 18
f 54 21 91
f 20 21 54
f 91 21 18
f 55 53 19
f 55 19 22
f 56 55 22
f 54 23 20
f 94 23 54
f 25 56 22
f 25 57 56
f 25 31 57
f 23 94 58
f 59 27 23
f 59 23 58
f 192 30 60
f 192 98 30
f 28 98 61
f 64 57 31
f 58 32 59
f 58 62 32
f 59 32 67
f 63 29 59
f 67 63 59
f 29 63 60
f 29 60 30
f 28 61 31
f 31 61 64
f 65 32 62
f 67 32 33
f 68 66 67
f 33 68 67
f 66 63 67
f 33 69 68
f 71 36 72
f 36 73 72
f 73 37 65
f 37 32 65
f 34 74 68
f 74 66 68
f 75 40 70
f 70 36 71
f 36 43 73
f 73 43 37
f 40 45 70
f 36 45 41
f 70 45 36
f 36 41 42
f 80 74 44
f 75 77 76
f 40 75 76
f 81 78 43
f 79 46 78
f 79 80 46
f 76 77 47
f 77 111 47
f 83 78 81
f 79 78 83
f 111 113 49
f 49 47 111
f 52 82 48
f 81 48 82
f 81 82 83
f 49 113 84
f 84 51 49
f 52 85 82
f 84 86 51
f 87 51 86
f 85 52 89
f 90 85 89
f 86 118 87
f 88 87 118
f 89 87 88
f 53 186 92
f 93 139 91
f 139 54 91
f 94 54 139
f 56 57 96
f 58 94 95
f 192 60 97
f 98 99 61
f 64 96 57
f 64 102 96
f 62 95 100
f 58 95 62
f 97 63 101
f 60 63 97
f 61 102 64
f 72 100 103
f 100 73 62
f 72 73 100
f 73 65 62
f 105 101 66
f 63 66 101
f 103 70 71
f 104 70 103
f 72 103 71
f 104 149 75
f 75 70 104
f 74 105 66
f 74 107 105
f 149 106 75
f 107 74 80
f 77 75 106
f 108 77 106
f 80 109 107
f 80 79 109
f 111 108 110
f 77 108 111
f 83 109 79
f 83 115 109
f 112 113 110
f 110 113 111
f 115 82 114
f 83 82 115
f 155 113 112
f 155 84 113
f 85 114 82
f 85 116 114
f 117 84 155
f 86 84 117
f 90 157 85
f 157 116 85
f 117 118 86
f 118 119 88
f 119 89 88
f 89 119 156
f 120 90 89
f 120 89 156
f 120 157 90
f 122 121 164
f 121 122 123
f 124 123 122
f 131 125 129
f 125 130 129
f 125 131 126
f 127 136 128
f 127 132 136
f 129 130 133
f 131 129 135
f 129 133 135
f 132 179 134
f 132 134 136
f 133 240 135
f 138 186 53
f 137 139 93
f 140 138 53
f 140 53 55
f 141 55 56
f 141 140 55
f 188 94 139
f 142 141 56
f 142 56 96
f 95 94 188
f 143 95 188
f 142 96 146
f 97 144 145
f 97 145 192
f 192 147 98
f 99 147 196
f 98 147 99
f 146 96 102
f 146 102 148
f 95 198 100
f 196 61 99
f 196 148 61
f 102 61 148
f 198 199 100
f 199 103 100
f 104 103 199
f 150 104 199
f 107 151 105
f 106 149 152
f 151 109 153
f 109 151 107
f 154 108 152
f 152 108 106
f 110 108 154
f 153 115 114
f 109 115 153
f 154 205 112
f 112 110 154
f 205 206 112
f 155 112 206
f 116 157 158
f 117 119 118
f 207 156 119
f 213 120 156
f 211 213 156
f 213 157 120
f 160 157 213
f 157 159 158
f 157 160 159
f 161 216 164
f 161 164 121
f 162 121 123
f 162 161 121
f 165 162 123
f 123 170 165
f 169 174 122
f 164 169 122
f 174 124 122
f 124 170 123
f 225 168 167
f 174 230 124
f 230 175 124
f 175 170 124
f 225 228 127
f 174 225 127
f 175 178 170
f 171 170 178
f 172 231 130
f 125 172 130
f 126 172 125
f 126 237 173
f 132 228 176
f 127 228 132
f 127 229 174
f 128 229 127
f 229 128 233
f 178 175 177
f 231 133 130
f 237 126 181
f 126 131 181
f 176 179 132
f 182 179 176
f 136 233 128
f 136 180 233
f 131 135 181
f 135 241 181
f 179 182 183
f 134 179 183
f 136 184 180
f 240 241 135
f 183 243 134
f 134 184 136
f 243 184 134
f 137 93 185
f 186 91 92
f 186 138 187
f 247 139 137
f 247 137 185
f 187 138 140
f 188 139 247
f 189 188 247
f 142 190 141
f 193 190 142
f 189 143 188
f 144 252 145
f 191 252 144
f 145 250 192
f 253 192 250
f 193 142 146
f 194 143 189
f 95 143 194
f 97 195 144
f 144 195 191
f 253 147 192
f 147 197 196
f 253 197 147
f 193 196 197
f 148 196 193
f 146 148 193
f 194 198 95
f 256 195 101
f 195 97 101
f 200 256 101
f 105 200 101
f 104 202 149
f 150 202 104
f 203 200 151
f 203 201 200
f 151 200 105
f 151 153 203
f 154 152 317
f 154 317 318
f 318 205 154
f 114 210 204
f 116 210 114
f 206 266 155
f 155 266 117
f 210 116 158
f 210 158 212
f 119 117 266
f 119 266 267
f 119 267 207
f 208 156 207
f 156 208 211
f 208 209 211
f 211 270 213
f 159 212 158
f 159 272 212
f 270 160 213
f 160 271 159
f 270 271 160
f 272 159 271
f 215 216 161
f 214 216 215
f 161 217 215
f 161 162 217
f 165 218 162
f 218 165 219
f 220 163 280
f 163 221 280
f 164 216 287
f 220 166 163
f 288 166 220
f 166 221 163
f 167 286 292
f 287 167 168
f 287 286 167
f 287 169 164
f 169 287 168
f 170 219 165
f 170 289 219
f 227 222 166
f 288 227 166
f 221 166 224
f 166 222 224
f 222 223 224
f 292 226 225
f 292 225 167
f 225 174 169
f 225 169 168
f 289 170 171
f 227 289 171
f 222 172 223
f 222 227 172
f 126 173 172
f 173 223 172
f 223 173 224
f 225 226 228
f 174 229 230
f 178 227 171
f 231 227 178
f 227 231 172
f 226 232 228
f 232 176 228
f 230 229 233
f 233 177 175
f 233 175 230
f 234 178 177
f 234 235 178
f 178 235 231
f 236 231 235
f 133 231 236
f 294 176 232
f 182 176 294
f 233 180 177
f 180 295 177
f 180 239 295
f 234 177 295
f 241 237 181
f 182 294 238
f 183 182 238
f 184 239 180
f 238 242 183
f 242 243 183
f 302 184 243
f 302 239 184
f 243 242 302
f 244 185 93
f 245 244 93
f 246 93 91
f 246 245 93
f 246 91 186
f 248 246 186
f 248 186 187
f 306 187 140
f 306 248 187
f 306 141 249
f 306 140 141
f 305 189 247
f 190 249 141
f 190 250 249
f 307 189 305
f 250 145 252
f 197 250 190
f 253 250 197
f 197 190 193
f 189 254 194
f 307 254 189
f 195 251 191
f 255 194 254
f 255 198 194
f 199 198 255
f 258 256 200
f 150 199 314
f 201 258 200
f 257 258 201
f 202 150 314
f 203 257 201
f 259 152 149
f 259 315 152
f 149 202 259
f 153 316 203
f 317 152 315
f 114 316 153
f 114 261 316
f 114 204 261
f 318 260 205
f 263 264 262
f 260 206 205
f 206 260 265
f 262 265 260
f 265 262 264
f 204 210 212
f 261 204 269
f 206 265 266
f 209 208 391
f 204 212 269
f 265 326 266
f 326 329 266
f 266 329 267
f 211 391 268
f 211 209 391
f 268 270 211
f 270 268 271
f 212 275 269
f 212 272 275
f 272 271 273
f 272 273 274
f 272 274 275
f 214 215 276
f 215 217 276
f 217 279 276
f 277 286 278
f 277 281 286
f 286 216 214
f 286 214 278
f 279 217 162
f 282 279 162
f 283 162 218
f 283 282 162
f 219 283 218
f 285 284 280
f 284 220 280
f 280 221 285
f 286 287 216
f 288 220 284
f 227 348 289
f 227 288 348
f 221 224 290
f 293 290 224
f 293 224 173
f 291 292 350
f 237 293 173
f 291 232 292
f 292 232 226
f 296 293 237
f 291 294 232
f 291 297 294
f 428 133 236
f 299 296 237
f 299 237 241
f 133 428 240
f 240 299 241
f 428 299 240
f 297 298 300
f 297 301 294
f 297 300 301
f 301 242 238
f 301 238 294
f 302 360 239
f 301 362 242
f 242 362 302
f 244 245 303
f 303 245 246
f 303 246 304
f 246 248 304
f 244 247 185
f 305 247 244
f 250 309 306
f 250 306 249
f 191 251 310
f 191 309 252
f 310 309 191
f 252 309 250
f 308 254 307
f 251 312 310
f 195 312 251
f 308 311 254
f 311 255 254
f 256 312 195
f 311 455 255
f 313 312 258
f 312 256 258
f 455 314 199
f 199 255 455
f 383 313 258
f 257 383 258
f 316 383 257
f 203 316 257
f 315 320 317
f 315 259 320
f 261 321 316
f 318 317 319
f 319 317 320
f 386 260 318
f 386 318 319
f 321 261 324
f 262 388 263
f 262 260 386
f 262 386 388
f 324 261 269
f 388 322 263
f 263 322 264
f 322 323 325
f 265 322 325
f 264 322 265
f 207 267 395
f 207 390 208
f 395 390 207
f 390 391 208
f 325 327 326
f 265 325 326
f 470 267 329
f 267 470 395
f 391 328 268
f 330 324 269
f 326 327 329
f 328 271 268
f 396 271 328
f 275 330 269
f 271 396 273
f 273 396 274
f 331 275 274
f 331 330 275
f 274 396 332
f 332 396 333
f 274 402 331
f 274 332 402
f 332 333 402
f 277 278 337
f 214 334 278
f 214 276 334
f 276 339 338
f 279 339 276
f 340 341 335
f 335 341 336
f 343 336 341
f 281 337 342
f 277 337 281
f 339 279 346
f 282 346 279
f 341 340 419
f 341 419 284
f 284 343 341
f 285 343 284
f 344 343 285
f 342 286 281
f 345 286 342
f 347 282 283
f 347 346 282
f 283 219 347
f 347 219 351
f 284 419 348
f 348 288 284
f 221 344 285
f 349 344 221
f 350 292 345
f 345 292 286
f 351 219 289
f 289 348 351
f 290 349 221
f 290 293 352
f 350 354 291
f 234 531 235
f 356 531 234
f 236 235 531
f 236 531 422
f 296 352 293
f 355 358 353
f 353 358 354
f 358 297 291
f 358 291 354
f 357 356 295
f 234 295 356
f 422 428 236
f 358 298 297
f 359 298 358
f 295 239 357
f 359 300 298
f 360 357 239
f 355 431 361
f 355 361 358
f 358 361 359
f 359 301 300
f 362 301 359
f 302 365 360
f 361 363 359
f 359 364 362
f 359 363 364
f 362 364 302
f 364 365 302
f 363 366 364
f 369 368 367
f 368 369 370
f 369 372 370
f 369 371 372
f 377 376 375
f 377 375 374
f 374 375 373
f 375 303 373
f 303 378 373
f 378 303 304
f 375 376 244
f 375 244 303
f 304 248 449
f 376 305 244
f 450 305 376
f 379 449 248
f 379 248 306
f 451 305 450
f 379 309 452
f 309 379 306
f 305 451 307
f 308 307 451
f 308 451 453
f 310 380 452
f 310 452 309
f 381 308 453
f 312 380 310
f 308 562 311
f 381 562 308
f 562 455 311
f 383 316 382
f 259 202 314
f 382 316 459
f 459 316 385
f 321 385 316
f 320 384 319
f 461 385 321
f 387 386 319
f 387 319 384
f 321 324 461
f 461 324 464
f 386 462 388
f 386 387 462
f 464 324 392
f 322 388 323
f 388 389 323
f 388 462 389
f 389 325 323
f 327 325 389
f 572 327 389
f 390 395 393
f 390 393 391
f 391 393 466
f 466 328 391
f 466 467 328
f 397 392 330
f 392 324 330
f 329 327 394
f 329 394 474
f 470 329 474
f 395 398 393
f 467 396 328
f 476 395 470
f 395 476 398
f 397 331 401
f 330 331 397
f 398 476 479
f 467 333 396
f 399 333 467
f 402 400 401
f 331 402 401
f 399 402 333
f 504 491 492
f 491 406 404
f 491 504 406
f 405 404 406
f 408 409 410
f 335 411 410
f 278 511 412
f 334 511 278
f 276 413 334
f 413 338 409
f 276 338 413
f 414 409 338
f 409 414 410
f 410 414 335
f 335 336 411
f 516 337 412
f 412 337 278
f 517 338 339
f 517 417 338
f 417 414 338
f 414 417 340
f 414 340 335
f 343 411 336
f 516 415 342
f 516 342 337
f 346 517 339
f 346 416 517
f 417 418 347
f 417 347 340
f 419 340 347
f 342 415 345
f 418 416 346
f 346 347 418
f 419 347 351
f 351 348 419
f 349 420 344
f 415 526 350
f 415 350 345
f 349 290 421
f 290 527 421
f 352 527 290
f 353 354 526
f 354 350 526
f 531 527 422
f 527 352 422
f 356 425 530
f 531 356 530
f 296 422 352
f 423 426 355
f 423 355 353
f 357 425 356
f 357 424 425
f 299 422 296
f 299 428 422
f 427 355 426
f 429 431 427
f 431 355 427
f 429 430 431
f 365 432 360
f 433 432 365
f 433 365 364
f 431 434 361
f 434 363 361
f 541 363 436
f 366 363 541
f 541 542 366
f 366 542 435
f 437 364 366
f 437 366 435
f 437 433 364
f 434 436 363
f 438 440 439
f 439 440 442
f 547 441 367
f 438 547 367
f 438 367 368
f 438 368 440
f 441 550 367
f 369 367 550
f 370 440 368
f 443 440 370
f 442 440 443
f 550 371 369
f 370 444 443
f 372 444 370
f 371 445 373
f 371 550 445
f 446 372 371
f 446 371 373
f 446 444 372
f 445 374 373
f 445 557 374
f 446 373 378
f 447 376 377
f 448 447 377
f 374 448 377
f 557 448 374
f 378 304 449
f 447 450 376
f 452 449 379
f 452 380 677
f 454 381 453
f 561 381 454
f 561 562 381
f 312 313 845
f 455 456 314
f 383 457 313
f 382 457 383
f 314 458 259
f 314 456 458
f 320 259 458
f 458 384 320
f 568 384 458
f 461 459 385
f 568 387 384
f 568 460 387
f 460 463 462
f 387 460 462
f 462 463 695
f 695 389 462
f 465 389 695
f 572 389 465
f 467 466 574
f 392 397 468
f 398 469 393
f 466 393 469
f 466 469 574
f 467 574 575
f 327 572 394
f 572 576 394
f 576 474 394
f 398 471 469
f 472 467 575
f 397 401 473
f 475 470 474
f 475 476 470
f 471 398 479
f 477 471 479
f 399 467 472
f 401 478 473
f 401 400 478
f 476 475 479
f 472 480 399
f 480 402 399
f 400 402 478
f 478 402 480
f 482 481 586
f 482 586 483
f 482 484 487
f 482 483 484
f 485 483 586
f 485 488 483
f 483 486 484
f 483 488 486
f 485 592 403
f 485 403 491
f 485 491 488
f 486 405 484
f 486 488 405
f 487 405 489
f 487 484 405
f 403 492 491
f 403 592 492
f 404 488 491
f 488 404 405
f 490 494 493
f 490 597 494
f 406 499 405
f 489 405 500
f 405 499 500
f 597 496 494
f 497 494 496
f 494 502 495
f 494 497 502
f 503 492 601
f 503 504 492
f 406 504 498
f 406 498 499
f 507 506 407
f 507 407 508
f 407 506 509
f 509 508 407
f 509 510 508
f 408 509 623
f 509 408 510
f 408 512 510
f 623 413 408
f 413 409 408
f 410 512 408
f 512 410 411
f 514 512 411
f 334 413 511
f 411 515 514
f 755 516 513
f 513 516 412
f 343 515 411
f 343 521 515
f 415 516 519
f 416 522 517
f 522 417 517
f 522 520 417
f 418 417 520
f 628 343 344
f 628 521 343
f 523 518 420
f 518 628 420
f 628 344 420
f 520 416 418
f 520 522 416
f 349 523 420
f 524 526 519
f 526 415 519
f 525 523 349
f 525 349 421
f 526 524 635
f 636 421 527
f 525 421 636
f 423 635 528
f 635 423 526
f 423 353 526
f 638 529 530
f 530 532 531
f 531 532 636
f 531 636 527
f 528 533 426
f 528 426 423
f 530 425 638
f 425 424 638
f 533 427 426
f 535 427 533
f 424 357 534
f 357 537 534
f 536 429 535
f 535 429 427
f 360 537 357
f 430 536 649
f 430 429 536
f 432 537 360
f 430 649 538
f 538 539 430
f 539 431 430
f 540 539 538
f 539 434 431
f 539 544 434
f 540 544 539
f 434 544 650
f 436 434 650
f 650 543 436
f 541 436 543
f 546 438 439
f 546 545 438
f 546 439 548
f 545 547 438
f 548 439 442
f 549 441 547
f 443 548 442
f 443 551 548
f 553 549 554
f 549 552 441
f 549 553 552
f 552 550 441
f 669 551 444
f 443 444 551
f 552 445 550
f 446 669 444
f 446 555 669
f 553 557 552
f 557 445 552
f 446 378 555
f 553 554 556
f 553 556 557
f 449 558 378
f 558 555 378
f 559 447 556
f 447 557 556
f 557 447 448
f 449 671 558
f 559 450 447
f 671 452 677
f 671 449 452
f 674 451 450
f 674 450 559
f 674 453 451
f 674 560 453
f 560 454 453
f 312 845 380
f 561 563 562
f 562 563 455
f 563 680 455
f 564 845 313
f 456 683 682
f 565 456 455
f 565 683 456
f 455 680 565
f 564 313 457
f 687 456 682
f 382 690 457
f 687 458 456
f 382 567 690
f 459 567 382
f 566 458 687
f 458 566 568
f 566 569 568
f 569 460 568
f 569 463 460
f 695 463 569
f 464 571 570
f 464 392 571
f 571 392 468
f 465 573 572
f 468 397 577
f 573 576 572
f 697 576 573
f 579 469 471
f 574 469 579
f 574 580 575
f 574 579 580
f 580 472 575
f 397 473 577
f 697 474 576
f 475 474 697
f 475 697 702
f 578 471 477
f 471 578 579
f 581 473 478
f 581 577 473
f 475 702 479
f 479 702 705
f 704 479 705
f 477 479 704
f 578 477 704
f 480 706 478
f 478 706 581
f 583 582 481
f 482 584 583
f 482 583 481
f 583 584 585
f 582 586 481
f 487 584 482
f 585 584 587
f 588 587 487
f 587 584 487
f 586 714 485
f 714 589 485
f 590 588 487
f 485 589 592
f 489 590 487
f 593 590 489
f 591 593 490
f 590 593 591
f 493 591 490
f 596 592 589
f 489 597 593
f 597 490 593
f 493 494 594
f 594 494 495
f 594 495 722
f 495 600 722
f 595 601 596
f 595 724 601
f 596 601 592
f 601 492 592
f 489 500 501
f 489 501 597
f 603 597 501
f 603 496 597
f 598 496 603
f 496 599 497
f 598 599 496
f 502 600 495
f 602 499 498
f 602 500 499
f 501 500 602
f 501 602 603
f 604 497 599
f 604 502 497
f 600 502 604
f 724 605 609
f 724 609 610
f 724 613 601
f 724 610 613
f 606 503 601
f 613 606 601
f 606 504 503
f 606 498 504
f 498 607 602
f 498 606 607
f 605 608 609
f 613 610 505
f 606 614 607
f 608 612 609
f 608 611 612
f 609 612 610
f 610 507 505
f 612 507 610
f 507 613 505
f 606 613 614
f 612 616 506
f 612 506 507
f 613 507 508
f 613 508 619
f 613 619 614
f 614 619 620
f 614 620 615
f 617 509 506
f 616 617 506
f 508 618 619
f 508 510 618
f 619 624 620
f 624 748 620
f 621 623 617
f 623 509 617
f 618 510 512
f 618 512 619
f 619 512 624
f 511 622 412
f 621 622 413
f 622 511 413
f 621 413 623
f 512 514 624
f 514 625 624
f 514 515 625
f 626 625 515
f 626 627 625
f 515 521 628
f 626 628 518
f 515 628 626
f 630 626 518
f 627 626 630
f 755 519 516
f 629 519 755
f 518 634 630
f 523 634 518
f 519 629 631
f 631 632 524
f 631 524 519
f 633 523 525
f 523 633 634
f 524 632 635
f 525 636 633
f 528 916 637
f 528 635 916
f 529 638 764
f 639 529 764
f 639 530 529
f 532 530 639
f 532 639 636
f 768 533 528
f 768 528 637
f 424 769 766
f 424 766 638
f 533 768 770
f 535 533 770
f 534 769 424
f 770 773 535
f 536 535 773
f 640 536 773
f 649 536 640
f 644 647 641
f 644 641 642
f 644 642 645
f 432 643 537
f 646 649 640
f 645 783 651
f 644 645 651
f 648 432 433
f 649 661 538
f 661 540 538
f 651 647 644
f 650 647 651
f 656 789 541
f 542 789 794
f 541 789 542
f 437 648 433
f 437 657 648
f 654 646 653
f 646 654 649
f 649 660 661
f 649 654 660
f 793 650 651
f 793 543 650
f 793 656 543
f 541 543 656
f 794 435 542
f 794 790 435
f 435 657 437
f 790 657 435
f 658 659 653
f 653 659 654
f 654 659 938
f 654 938 660
f 661 662 540
f 655 540 662
f 544 540 655
f 650 544 655
f 652 665 658
f 652 663 665
f 658 665 659
f 663 664 665
f 546 667 666
f 822 826 545
f 822 545 666
f 666 545 546
f 667 546 548
f 547 826 827
f 545 826 547
f 827 549 547
f 827 554 549
f 669 668 551
f 832 554 827
f 670 669 555
f 832 556 554
f 670 555 558
f 670 558 671
f 832 672 556
f 556 835 559
f 672 835 556
f 835 837 838
f 835 838 559
f 673 671 677
f 559 838 675
f 559 675 674
f 675 560 674
f 560 676 454
f 675 676 560
f 679 677 380
f 678 561 454
f 676 678 454
f 845 679 380
f 968 563 561
f 678 968 561
f 563 968 681
f 563 681 680
f 686 845 564
f 682 683 689
f 684 565 680
f 683 565 684
f 685 684 457
f 680 457 684
f 457 680 564
f 681 564 680
f 564 681 686
f 689 687 682
f 688 687 689
f 691 685 690
f 685 457 690
f 567 691 690
f 566 687 975
f 567 459 692
f 692 459 693
f 459 461 693
f 975 850 569
f 566 975 569
f 461 464 693
f 693 464 694
f 850 852 569
f 570 694 464
f 569 696 695
f 852 696 569
f 696 465 695
f 465 696 853
f 571 468 701
f 573 465 853
f 577 701 468
f 855 697 573
f 853 855 573
f 698 697 855
f 699 698 857
f 697 698 702
f 702 698 703
f 704 698 699
f 703 698 704
f 704 699 578
f 700 578 699
f 700 579 578
f 579 700 580
f 700 472 580
f 702 703 705
f 705 703 704
f 472 991 480
f 991 862 706
f 480 991 706
f 582 583 709
f 710 583 585
f 710 709 583
f 710 585 713
f 711 708 707
f 582 709 712
f 585 587 713
f 714 586 712
f 586 582 712
f 588 715 587
f 717 715 588
f 717 588 590
f 720 717 591
f 717 590 591
f 596 716 719
f 716 596 589
f 493 720 591
f 721 720 493
f 721 594 718
f 493 594 721
f 718 594 722
f 723 595 719
f 719 595 596
f 724 723 878
f 724 595 723
f 879 605 878
f 878 605 724
f 603 602 725
f 603 881 598
f 603 725 881
f 726 598 881
f 726 599 598
f 726 727 599
f 727 604 599
f 600 604 727
f 879 728 605
f 607 729 602
f 602 729 725
f 608 728 884
f 605 728 608
f 735 729 614
f 614 729 607
f 608 730 611
f 884 730 608
f 730 884 886
f 615 734 735
f 615 735 614
f 730 886 731
f 612 611 732
f 887 612 732
f 731 887 732
f 730 731 732
f 611 730 732
f 616 612 887
f 616 887 733
f 620 734 615
f 736 886 737
f 886 736 731
f 731 736 738
f 617 733 740
f 733 617 616
f 739 740 733
f 741 740 739
f 620 742 734
f 620 748 742
f 735 734 742
f 737 744 736
f 744 412 736
f 736 412 622
f 738 622 621
f 736 622 738
f 621 745 738
f 745 621 746
f 617 746 621
f 746 617 740
f 747 740 741
f 746 740 747
f 742 748 752
f 750 755 513
f 744 750 513
f 743 750 744
f 744 513 412
f 745 746 756
f 756 746 751
f 751 747 895
f 746 747 751
f 625 748 624
f 748 625 752
f 625 753 752
f 754 749 757
f 749 755 743
f 749 754 755
f 743 755 750
f 751 907 756
f 625 627 753
f 627 759 753
f 757 760 754
f 754 760 755
f 759 630 758
f 759 627 630
f 629 755 760
f 634 762 630
f 762 758 630
f 632 757 761
f 760 632 631
f 757 632 760
f 760 631 629
f 633 762 634
f 915 762 633
f 761 916 632
f 916 635 632
f 764 765 639
f 639 915 636
f 765 915 639
f 633 636 915
f 916 919 637
f 766 767 638
f 638 767 763
f 638 763 764
f 919 768 637
f 769 767 766
f 534 772 769
f 772 771 769
f 771 772 776
f 776 772 537
f 772 534 537
f 640 773 777
f 778 774 641
f 641 774 642
f 642 774 775
f 927 642 775
f 927 779 642
f 776 537 643
f 781 640 777
f 641 647 778
f 778 647 782
f 783 645 779
f 779 645 642
f 784 779 780
f 783 779 784
f 784 780 928
f 785 784 928
f 784 785 643
f 432 784 643
f 646 787 786
f 646 640 781
f 646 781 787
f 782 647 788
f 790 783 784
f 789 783 790
f 790 784 648
f 648 784 432
f 650 796 647
f 647 796 788
f 651 783 793
f 793 783 656
f 656 783 789
f 789 790 794
f 657 790 648
f 795 799 791
f 791 799 652
f 791 652 658
f 791 658 792
f 792 658 653
f 786 792 653
f 653 646 786
f 797 796 655
f 796 650 655
f 795 798 799
f 804 660 938
f 660 804 800
f 661 660 800
f 662 661 800
f 662 797 655
f 801 802 798
f 799 802 663
f 798 802 799
f 799 663 652
f 803 659 665
f 938 659 803
f 800 936 662
f 801 810 802
f 802 805 663
f 810 805 802
f 664 663 805
f 664 940 665
f 940 803 665
f 806 810 801
f 805 807 808
f 805 810 807
f 805 808 664
f 806 813 810
f 813 806 809
f 810 812 807
f 810 811 812
f 808 807 812
f 813 815 810
f 810 815 811
f 812 811 816
f 813 809 814
f 813 814 815
f 818 817 809
f 817 814 809
f 817 815 814
f 815 820 811
f 815 817 820
f 811 821 816
f 811 820 821
f 817 818 819
f 820 817 819
f 823 822 666
f 824 666 667
f 824 823 666
f 824 667 825
f 548 825 667
f 548 828 825
f 951 827 826
f 827 951 830
f 551 828 548
f 551 829 828
f 668 829 551
f 668 831 829
f 827 830 955
f 669 831 668
f 955 832 827
f 670 831 669
f 832 955 958
f 670 671 833
f 958 672 832
f 835 672 958
f 834 835 958
f 836 835 834
f 835 836 837
f 837 836 839
f 838 837 839
f 841 843 838
f 843 675 838
f 841 838 839
f 841 839 842
f 842 839 840
f 843 967 676
f 675 843 676
f 676 967 678
f 678 967 1107
f 1107 968 678
f 844 681 968
f 846 845 686
f 683 970 689
f 847 683 684
f 847 970 683
f 844 686 681
f 686 844 848
f 847 848 844
f 848 847 685
f 684 685 847
f 848 846 686
f 849 688 689
f 689 970 849
f 685 691 848
f 688 975 687
f 977 692 693
f 693 851 977
f 694 851 693
f 982 696 852
f 982 853 696
f 859 571 701
f 860 856 857
f 985 857 856
f 858 985 854
f 857 985 858
f 861 859 701
f 855 860 698
f 857 698 860
f 699 857 858
f 700 699 858
f 990 700 858
f 701 577 861
f 990 1236 700
f 1236 472 700
f 861 581 863
f 577 581 861
f 581 862 863
f 706 862 581
f 864 707 708
f 864 995 707
f 864 708 865
f 709 710 866
f 707 995 713
f 710 713 995
f 713 711 707
f 711 865 708
f 711 867 865
f 866 868 709
f 868 712 709
f 869 713 587
f 713 869 711
f 867 711 869
f 714 868 870
f 714 712 868
f 869 587 871
f 870 873 714
f 873 589 714
f 587 715 871
f 874 716 872
f 589 873 716
f 873 872 716
f 875 717 720
f 875 715 717
f 721 875 720
f 718 875 721
f 876 718 722
f 874 1003 719
f 874 719 716
f 722 877 876
f 1003 878 723
f 723 719 1003
f 600 877 722
f 600 880 877
f 726 883 727
f 883 600 727
f 883 880 600
f 885 725 729
f 725 882 881
f 725 885 882
f 881 882 726
f 882 883 726
f 1008 1011 728
f 728 1011 884
f 729 735 885
f 735 890 885
f 882 885 1009
f 886 1011 730
f 886 884 1011
f 1013 887 730
f 1011 1013 730
f 1013 888 887
f 730 731 886
f 730 887 731
f 887 888 733
f 888 1013 889
f 733 888 889
f 891 886 731
f 737 886 891
f 738 891 731
f 739 733 889
f 1016 739 889
f 739 1016 741
f 742 890 735
f 742 897 890
f 737 893 744
f 893 891 894
f 737 891 893
f 891 745 894
f 738 745 891
f 895 747 892
f 892 747 741
f 895 892 896
f 897 742 752
f 1020 749 743
f 1020 743 744
f 1020 744 893
f 894 745 898
f 756 898 745
f 1021 895 896
f 896 1018 1021
f 753 899 752
f 899 897 752
f 1022 757 749
f 901 898 756
f 907 901 756
f 902 907 751
f 895 902 751
f 902 895 903
f 909 895 1021
f 903 895 909
f 909 1021 904
f 899 753 759
f 899 759 1026
f 757 1022 905
f 908 907 902
f 909 912 903
f 909 904 910
f 1026 758 910
f 759 758 1026
f 911 757 905
f 912 909 913
f 762 910 758
f 762 909 910
f 911 761 757
f 1039 913 909
f 1039 909 762
f 761 911 914
f 1039 762 915
f 914 916 761
f 767 1040 763
f 917 1040 767
f 763 1040 764
f 1040 918 764
f 764 918 765
f 915 765 918
f 920 917 767
f 1042 768 919
f 767 769 920
f 768 1042 770
f 920 771 921
f 920 769 771
f 1042 773 770
f 1042 922 773
f 774 924 775
f 923 924 774
f 921 926 925
f 926 921 771
f 771 776 926
f 777 922 1047
f 777 773 922
f 778 923 774
f 924 927 775
f 927 925 779
f 926 780 925
f 780 779 925
f 926 928 780
f 785 926 776
f 928 926 785
f 643 785 776
f 781 777 1047
f 929 778 782
f 787 1058 786
f 788 932 782
f 932 929 782
f 791 930 1060
f 931 791 792
f 931 930 791
f 792 786 1058
f 792 1058 931
f 796 932 788
f 933 795 1060
f 1060 795 791
f 796 797 932
f 932 797 934
f 798 795 933
f 800 935 936
f 662 934 797
f 662 936 934
f 798 937 801
f 933 937 798
f 800 804 935
f 939 801 937
f 940 1183 803
f 938 803 1183
f 939 806 801
f 1065 664 808
f 664 1065 940
f 1065 808 941
f 939 809 806
f 941 808 942
f 942 808 812
f 943 809 939
f 816 942 812
f 816 944 942
f 943 945 809
f 818 809 945
f 821 944 816
f 821 947 944
f 946 818 945
f 819 948 820
f 947 820 948
f 821 820 947
f 818 948 819
f 946 948 818
f 822 823 950
f 950 823 1077
f 1077 823 824
f 1077 824 949
f 825 949 824
f 1082 826 822
f 1082 822 950
f 952 825 828
f 1082 951 826
f 953 830 951
f 828 829 952
f 1087 830 953
f 1087 955 830
f 954 955 1087
f 956 955 954
f 670 957 831
f 957 670 833
f 1093 959 958
f 955 1093 958
f 958 959 960
f 960 834 958
f 960 1100 834
f 1100 961 834
f 961 836 834
f 961 962 836
f 962 839 836
f 963 1102 840
f 839 963 840
f 962 963 839
f 961 843 841
f 961 964 843
f 841 842 961
f 842 964 961
f 842 965 964
f 966 965 842
f 966 842 840
f 1102 966 840
f 677 1098 673
f 965 843 964
f 843 965 967
f 845 969 679
f 1220 844 968
f 846 969 845
f 1110 970 847
f 847 844 1220
f 847 1220 1110
f 848 971 846
f 688 1111 972
f 849 1111 688
f 974 973 691
f 691 971 848
f 973 971 691
f 975 688 972
f 567 974 691
f 567 1114 974
f 692 1114 567
f 976 850 975
f 976 1228 850
f 851 1115 977
f 851 979 1115
f 1228 852 850
f 978 852 1228
f 851 694 979
f 852 978 980
f 694 981 979
f 694 570 981
f 980 982 852
f 980 983 982
f 984 981 570
f 984 570 571
f 983 853 982
f 859 984 571
f 859 1119 984
f 1233 855 853
f 986 860 855
f 986 855 1233
f 986 856 860
f 987 856 986
f 856 987 985
f 985 987 854
f 987 988 854
f 858 854 988
f 989 859 861
f 990 988 1120
f 990 858 988
f 861 992 989
f 1120 1236 990
f 991 472 1236
f 992 861 863
f 993 862 991
f 993 1241 862
f 996 864 865
f 994 866 710
f 994 1247 866
f 994 710 995
f 867 998 996
f 867 996 865
f 868 866 997
f 866 1247 997
f 869 1129 867
f 1129 998 867
f 997 870 868
f 997 1250 870
f 871 1129 869
f 873 999 872
f 999 1130 872
f 870 999 873
f 870 1250 999
f 871 715 1000
f 874 872 1130
f 874 1130 1001
f 715 875 1000
f 1132 875 718
f 1002 718 876
f 1002 1132 718
f 877 1004 876
f 1004 1002 876
f 877 880 1004
f 1003 1005 879
f 879 878 1003
f 879 1005 728
f 1007 1006 883
f 1006 880 883
f 1005 1008 728
f 882 1007 883
f 1010 1007 882
f 1011 1008 1140
f 1015 1012 885
f 1015 885 890
f 1009 885 1012
f 1010 882 1009
f 1011 1140 1013
f 1144 1014 1013
f 1014 889 1013
f 1014 1268 889
f 1268 1016 889
f 1016 1149 741
f 741 1017 892
f 1149 1017 741
f 897 1015 890
f 897 1019 1015
f 1017 896 892
f 1017 1018 896
f 894 898 893
f 1151 1021 1018
f 1019 897 899
f 1022 749 1023
f 1024 749 1020
f 1023 749 1024
f 1020 1025 1024
f 1025 893 900
f 1025 1020 893
f 900 893 906
f 906 893 898
f 906 898 901
f 1151 904 1021
f 1026 904 1151
f 1022 1027 905
f 1022 1028 1027
f 1022 1023 1028
f 1024 1025 1029
f 1024 1029 1030
f 1031 1025 900
f 1031 1029 1025
f 906 1031 900
f 901 1031 906
f 901 1032 1031
f 1033 1032 901
f 907 1033 901
f 908 1033 907
f 908 902 1034
f 904 1026 910
f 1035 911 1027
f 1027 911 905
f 1027 1028 1035
f 1029 1031 1036
f 1036 1031 1032
f 1034 902 1037
f 1037 902 903
f 1037 903 912
f 1037 912 913
f 913 1038 1037
f 1039 1038 913
f 914 911 1035
f 914 1035 1160
f 918 1159 1038
f 918 1038 915
f 915 1038 1039
f 1160 916 914
f 1165 916 1160
f 920 1163 917
f 1164 917 1163
f 1040 917 1164
f 1040 1159 918
f 919 916 1165
f 919 1165 1041
f 1041 1042 919
f 1046 1043 921
f 921 1043 920
f 1044 922 1042
f 924 923 1052
f 1045 924 1052
f 1046 921 925
f 922 1048 1047
f 922 1044 1049
f 1048 922 1049
f 1050 1048 1049
f 1051 1050 1049
f 778 1057 923
f 1045 1053 924
f 924 1053 927
f 1046 925 1053
f 925 927 1053
f 1054 787 781
f 1055 781 1047
f 1054 781 1055
f 1055 1047 1048
f 1055 1048 1050
f 1051 1056 1050
f 929 1051 1057
f 1056 1051 929
f 1057 778 929
f 932 1059 929
f 1059 1056 929
f 1061 1294 932
f 1059 932 1294
f 933 1060 1178
f 1062 1061 932
f 932 934 1062
f 935 1063 936
f 1179 1063 935
f 934 936 1063
f 1178 937 933
f 1181 804 938
f 935 804 1179
f 939 937 1182
f 1183 940 1064
f 938 1183 1181
f 1066 939 1182
f 940 1065 1064
f 1067 1065 941
f 1068 939 1066
f 1067 941 942
f 1068 943 939
f 1069 943 1068
f 945 943 1069
f 947 1070 944
f 1194 946 945
f 1194 945 1069
f 1073 1070 947
f 1073 947 948
f 1194 1196 946
f 946 1196 948
f 1196 1073 948
f 1071 1076 1072
f 1071 1074 1076
f 1072 1076 1075
f 1076 1079 1075
f 1077 949 1078
f 1079 1078 949
f 1076 1078 1079
f 1075 1079 1200
f 1077 1078 1080
f 825 1079 949
f 1081 1079 825
f 1200 1079 1081
f 950 1077 1082
f 1077 1204 1082
f 1077 1080 1204
f 952 1083 1081
f 952 1081 825
f 953 951 1082
f 1205 1082 1204
f 953 1082 1205
f 953 1205 1084
f 829 1085 952
f 1085 1083 952
f 1088 953 1084
f 829 1086 1085
f 831 1086 829
f 1087 953 1088
f 831 1089 1086
f 956 954 1087
f 1087 1090 956
f 1087 1088 1090
f 1088 1091 1090
f 1089 957 1092
f 831 957 1089
f 956 1208 955
f 955 1208 1093
f 1090 1208 956
f 833 1095 957
f 1095 1092 957
f 1093 1094 959
f 833 1096 1095
f 671 1096 833
f 1097 960 1094
f 960 959 1094
f 671 673 1096
f 1096 673 1098
f 1097 1103 960
f 1099 1103 1097
f 1100 960 1103
f 961 1101 962
f 1102 963 962
f 1102 962 1101
f 964 961 1100
f 1104 964 1100
f 1103 1104 1100
f 1104 1105 1101
f 964 1104 1101
f 961 964 1101
f 1105 966 1102
f 1101 1105 1102
f 677 1106 1098
f 1218 967 1105
f 965 1105 967
f 965 966 1105
f 677 679 1106
f 1218 1107 967
f 1220 968 1107
f 1330 969 846
f 846 1108 1330
f 970 1110 1109
f 1110 1220 1108
f 971 1110 1108
f 1108 846 971
f 972 1111 1222
f 1112 849 970
f 1111 849 1112
f 1112 970 1109
f 974 1109 973
f 1109 1110 973
f 974 1112 1109
f 973 1110 971
f 975 972 976
f 972 1113 976
f 1113 972 1222
f 1115 692 977
f 1115 1114 692
f 978 1116 980
f 979 981 1117
f 983 1116 1343
f 983 980 1116
f 853 1232 1233
f 983 1232 853
f 986 1118 987
f 1233 1118 986
f 987 1349 988
f 1118 1349 987
f 1121 1119 989
f 1119 859 989
f 1349 1120 988
f 992 1121 989
f 1122 1121 992
f 992 863 1122
f 1236 993 991
f 1239 993 1236
f 1123 863 862
f 1122 863 1123
f 1239 1240 993
f 1240 1241 993
f 862 1241 1123
f 1126 994 995
f 1126 1125 994
f 1126 864 1124
f 995 864 1126
f 864 1127 1124
f 996 1127 864
f 1125 1247 994
f 998 1127 996
f 1247 1128 997
f 1128 1250 997
f 871 1131 1129
f 1131 871 1000
f 1000 1132 1131
f 875 1132 1000
f 1133 1132 1002
f 874 1001 1003
f 1004 1133 1002
f 1004 1134 1133
f 1001 1005 1003
f 1138 1134 1004
f 1138 1004 880
f 1137 1136 1135
f 1138 1006 1136
f 1138 1136 1137
f 1138 880 1006
f 1258 1261 1005
f 1007 1139 1135
f 1136 1007 1135
f 1007 1136 1006
f 1263 1008 1005
f 1263 1005 1261
f 1143 1139 1009
f 1139 1007 1010
f 1009 1139 1010
f 1140 1008 1263
f 1375 1140 1263
f 1012 1015 1142
f 1143 1012 1142
f 1009 1012 1143
f 1375 1144 1140
f 1144 1013 1140
f 1147 1145 1141
f 1147 1141 1142
f 1147 1148 1273
f 1142 1148 1147
f 1015 1148 1142
f 1268 1272 1016
f 1272 1149 1016
f 1149 1270 1017
f 1269 1270 1149
f 1017 1270 1150
f 1019 1148 1015
f 1018 1017 1150
f 1273 1148 1019
f 1273 1019 1150
f 1151 1018 1150
f 1151 1150 1019
f 899 1151 1019
f 899 1026 1151
f 1152 1028 1023
f 1030 1023 1024
f 1152 1023 1030
f 1152 1035 1028
f 1029 1152 1030
f 1153 1032 1154
f 1153 1036 1032
f 1033 1154 1032
f 1034 1033 908
f 1154 1033 1034
f 1152 1155 1035
f 1152 1161 1155
f 1161 1152 1156
f 1156 1152 1029
f 1156 1029 1036
f 1036 1153 1156
f 1162 1153 1154
f 1154 1157 1162
f 1157 1154 1034
f 1157 1034 1158
f 1158 1034 1037
f 1158 1037 1159
f 1038 1159 1037
f 1275 1160 1035
f 1275 1035 1155
f 1163 1162 1157
f 1163 1157 1164
f 1164 1158 1040
f 1164 1157 1158
f 1040 1158 1159
f 1160 1275 1277
f 1165 1160 1277
f 920 1166 1163
f 1166 1162 1163
f 1167 1041 1165
f 1167 1165 1277
f 1169 1166 920
f 1168 1042 1041
f 1168 1041 1167
f 920 1043 1169
f 1170 1042 1168
f 1046 1169 1043
f 1044 1042 1170
f 1286 1045 1052
f 1045 1286 1388
f 1388 1287 1046
f 1388 1046 1053
f 1170 1049 1044
f 1283 1049 1170
f 1283 1051 1049
f 1051 1283 1288
f 1288 1171 923
f 1057 1288 923
f 1171 1052 923
f 1286 1052 1171
f 1045 1388 1053
f 1172 1055 1050
f 1056 1172 1050
f 1051 1288 1057
f 1174 1058 787
f 1174 1173 1058
f 787 1054 1174
f 1289 1172 1056
f 1059 1289 1056
f 1294 1289 1059
f 1175 1060 930
f 1175 1291 1060
f 931 1175 930
f 931 1058 1173
f 1176 1294 1061
f 1178 1060 1291
f 1177 1061 1062
f 1176 1061 1177
f 1062 1063 1177
f 1063 1179 1177
f 1063 1062 934
f 1180 937 1178
f 1181 1298 804
f 1179 804 1298
f 1182 937 1180
f 1065 1299 1064
f 1067 1185 1065
f 1299 1065 1185
f 1300 1068 1066
f 1185 1067 942
f 1184 1185 942
f 1303 1068 1300
f 944 1184 942
f 1303 1069 1068
f 944 1191 1184
f 1184 1186 1185
f 1184 1191 1186
f 1187 1069 1303
f 1190 1070 1189
f 944 1070 1191
f 1070 1190 1191
f 1186 1191 1197
f 1197 1192 1186
f 1194 1069 1187
f 1195 1196 1194
f 1195 1194 1187
f 1196 1195 1188
f 1073 1188 1189
f 1196 1188 1073
f 1073 1189 1070
f 1197 1314 1071
f 1197 1072 1192
f 1071 1072 1197
f 1192 1072 1075
f 1192 1075 1193
f 1198 1193 1075
f 1314 1074 1071
f 1315 1074 1314
f 1200 1198 1075
f 1315 1199 1074
f 1074 1199 1201
f 1074 1201 1078
f 1076 1074 1078
f 1202 1078 1201
f 1080 1078 1202
f 1081 1203 1200
f 1202 1204 1080
f 1203 1083 1206
f 1203 1081 1083
f 1204 1202 1205
f 1207 1084 1205
f 1085 1206 1083
f 1085 1323 1206
f 1089 1084 1207
f 1323 1085 1086
f 1207 1323 1086
f 1089 1207 1086
f 1089 1088 1084
f 1088 1089 1091
f 1091 1208 1090
f 1089 1209 1091
f 1209 1089 1092
f 1095 1209 1092
f 1208 1324 1093
f 1210 1324 1208
f 1210 1208 1091
f 1096 1213 1209
f 1096 1209 1095
f 1094 1211 1097
f 1211 1094 1093
f 1212 1211 1093
f 1212 1093 1324
f 1213 1096 1098
f 1214 1099 1097
f 1214 1097 1211
f 1099 1215 1103
f 1214 1215 1099
f 1103 1216 1104
f 1216 1217 1105
f 1104 1216 1105
f 1217 1218 1105
f 1106 679 1219
f 1220 1107 1218
f 969 1219 679
f 1108 1220 1330
f 1222 1221 1113
f 1111 1221 1222
f 1111 1223 1221
f 1224 1111 1112
f 1224 1223 1111
f 1226 1112 974
f 1226 1224 1112
f 1225 1338 976
f 976 1113 1225
f 974 1227 1226
f 1114 1227 974
f 1338 1228 976
f 1229 1227 1115
f 1227 1114 1115
f 1115 1230 1229
f 1115 979 1230
f 979 1117 1230
f 1117 1231 1230
f 981 1231 1117
f 984 1231 981
f 1232 983 1343
f 1119 1347 984
f 1232 1345 1233
f 1234 1347 1119
f 1119 1121 1234
f 1121 1237 1234
f 1349 1235 1120
f 1235 1239 1236
f 1120 1235 1236
f 1238 1237 1122
f 1237 1121 1122
f 1238 1122 1123
f 1126 1242 1357
f 1243 1242 1124
f 1242 1126 1124
f 1357 1244 1126
f 1244 1125 1126
f 1245 1124 1127
f 1243 1124 1245
f 1247 1125 1244
f 1248 1245 1127
f 1127 998 1248
f 1249 1128 1246
f 1128 1247 1246
f 1129 1248 998
f 1129 1252 1248
f 1250 1249 1251
f 1250 1128 1249
f 1129 1131 1252
f 1131 1253 1252
f 1130 1251 1369
f 1130 999 1251
f 999 1250 1251
f 1253 1131 1132
f 1255 1253 1132
f 1001 1130 1369
f 1254 1001 1369
f 1256 1255 1133
f 1255 1132 1133
f 1256 1133 1134
f 1256 1134 1257
f 1254 1258 1001
f 1258 1005 1001
f 1138 1257 1134
f 1260 1257 1138
f 1137 1259 1262
f 1135 1259 1137
f 1260 1137 1262
f 1138 1137 1260
f 1259 1135 1139
f 1143 1265 1139
f 1266 1264 1141
f 1141 1265 1142
f 1264 1265 1141
f 1143 1142 1265
f 1375 1267 1144
f 1376 1145 1146
f 1266 1145 1376
f 1141 1145 1266
f 1267 1014 1144
f 1267 1377 1014
f 1377 1271 1268
f 1014 1377 1268
f 1146 1378 1376
f 1269 1378 1146
f 1145 1270 1146
f 1270 1269 1146
f 1147 1273 1145
f 1145 1273 1270
f 1271 1272 1268
f 1378 1149 1272
f 1149 1378 1269
f 1270 1273 1150
f 1274 1156 1153
f 1162 1274 1153
f 1161 1276 1155
f 1156 1276 1161
f 1156 1278 1276
f 1274 1278 1156
f 1275 1155 1277
f 1277 1276 1379
f 1155 1276 1277
f 1274 1279 1278
f 1166 1279 1162
f 1162 1279 1274
f 1277 1280 1167
f 1279 1169 1281
f 1166 1169 1279
f 1167 1280 1168
f 1382 1280 1277
f 1046 1281 1169
f 1046 1287 1281
f 1170 1168 1283
f 1283 1282 1288
f 1288 1284 1171
f 1288 1282 1284
f 1171 1284 1285
f 1171 1285 1286
f 1055 1484 1054
f 1290 1173 1174
f 1174 1054 1290
f 1390 1289 1294
f 1393 1175 931
f 931 1173 1393
f 1293 1178 1291
f 1176 1295 1294
f 1177 1295 1176
f 1296 1178 1293
f 1177 1179 1295
f 1295 1179 1298
f 1296 1180 1178
f 1297 1298 1181
f 1180 1396 1182
f 1296 1396 1180
f 1064 1181 1183
f 1064 1297 1181
f 1396 1066 1182
f 1399 1066 1396
f 1399 1300 1066
f 1185 1301 1299
f 1302 1299 1301
f 1300 1399 1303
f 1185 1311 1301
f 1303 1405 1307
f 1406 1309 1308
f 1309 1406 1304
f 1310 1304 1305
f 1309 1304 1310
f 1310 1305 1306
f 1306 1500 1310
f 1186 1311 1185
f 1311 1193 1301
f 1301 1193 1312
f 1307 1187 1303
f 1307 1405 1195
f 1187 1307 1195
f 1188 1195 1308
f 1188 1308 1189
f 1189 1308 1309
f 1189 1309 1190
f 1190 1309 1310
f 1310 1191 1190
f 1191 1310 1197
f 1500 1197 1310
f 1313 1197 1500
f 1192 1311 1186
f 1311 1192 1193
f 1312 1193 1198
f 1314 1313 1315
f 1313 1314 1197
f 1200 1410 1198
f 1200 1411 1410
f 1315 1412 1199
f 1200 1316 1411
f 1412 1414 1199
f 1201 1414 1318
f 1199 1414 1201
f 1316 1203 1317
f 1200 1203 1316
f 1318 1508 1201
f 1201 1319 1202
f 1508 1319 1201
f 1203 1415 1317
f 1320 1202 1319
f 1206 1321 1203
f 1321 1415 1203
f 1320 1205 1202
f 1321 1206 1322
f 1320 1323 1207
f 1205 1320 1207
f 1323 1320 1322
f 1206 1323 1322
f 1210 1513 1324
f 1325 1210 1091
f 1213 1325 1209
f 1325 1091 1209
f 1212 1324 1513
f 1214 1211 1421
f 1211 1212 1421
f 1325 1213 1328
f 1098 1328 1213
f 1326 1215 1214
f 1421 1326 1214
f 1216 1215 1326
f 1103 1215 1216
f 1327 1217 1216
f 1098 1106 1328
f 1218 1217 1327
f 1329 1106 1219
f 1327 1220 1218
f 1519 1220 1327
f 1519 1330 1220
f 1332 1425 969
f 1332 969 1330
f 1219 969 1425
f 1333 1225 1331
f 1331 1335 1334
f 1331 1225 1335
f 1335 1336 1334
f 1335 1225 1113
f 1335 1113 1221
f 1335 1221 1336
f 1221 1337 1336
f 1223 1337 1221
f 1224 1337 1223
f 1333 1435 1338
f 1333 1338 1225
f 1227 1339 1226
f 1229 1339 1227
f 1229 1340 1339
f 1436 1228 1338
f 1436 1338 1435
f 1229 1230 1340
f 1341 1228 1436
f 978 1228 1341
f 1342 1340 1230
f 1230 1231 1342
f 978 1341 1116
f 1231 1346 1342
f 1341 1343 1116
f 1346 1231 984
f 1344 1232 1343
f 1344 1345 1232
f 984 1347 1346
f 1344 1348 1345
f 1348 1233 1345
f 1233 1348 1118
f 1118 1348 1349
f 1347 1234 1350
f 1237 1353 1234
f 1234 1353 1350
f 1351 1235 1349
f 1352 1235 1351
f 1238 1353 1237
f 1235 1352 1445
f 1235 1445 1239
f 1239 1445 1240
f 1238 1123 1354
f 1240 1354 1241
f 1123 1241 1354
f 1242 1356 1355
f 1357 1355 1358
f 1357 1242 1355
f 1359 1242 1243
f 1356 1242 1359
f 1358 1360 1357
f 1244 1357 1360
f 1359 1243 1361
f 1245 1361 1243
f 1363 1247 1244
f 1360 1363 1244
f 1361 1245 1248
f 1362 1364 1249
f 1362 1249 1246
f 1365 1246 1247
f 1365 1247 1363
f 1252 1366 1248
f 1364 1251 1249
f 1252 1253 1366
f 1253 1370 1366
f 1251 1368 1369
f 1251 1459 1368
f 1251 1364 1459
f 1253 1255 1370
f 1254 1368 1367
f 1368 1254 1369
f 1255 1256 1370
f 1367 1465 1258
f 1258 1254 1367
f 1257 1260 1371
f 1262 1371 1260
f 1374 1371 1262
f 1261 1465 1372
f 1258 1465 1261
f 1373 1468 1259
f 1139 1373 1259
f 1468 1262 1259
f 1468 1374 1262
f 1469 1261 1372
f 1263 1261 1469
f 1265 1373 1139
f 1469 1375 1263
f 1264 1266 1473
f 1471 1267 1375
f 1266 1376 1473
f 1267 1471 1474
f 1377 1267 1474
f 1376 1378 1475
f 1377 1474 1271
f 1276 1380 1379
f 1278 1380 1276
f 1278 1381 1380
f 1279 1381 1278
f 1379 1382 1277
f 1379 1385 1382
f 1385 1379 1380
f 1384 1383 1380
f 1381 1384 1380
f 1281 1384 1279
f 1279 1384 1381
f 1477 1385 1380
f 1280 1382 1168
f 1386 1382 1385
f 1385 1477 1480
f 1385 1480 1386
f 1384 1281 1287
f 1168 1382 1283
f 1283 1382 1282
f 1282 1382 1284
f 1284 1382 1386
f 1480 1284 1386
f 1480 1285 1284
f 1285 1387 1286
f 1480 1387 1285
f 1286 1387 1388
f 1387 1287 1388
f 1486 1172 1289
f 1389 1393 1173
f 1290 1389 1173
f 1290 1054 1484
f 1390 1486 1289
f 1390 1294 1391
f 1392 1291 1175
f 1292 1391 1294
f 1293 1291 1392
f 1581 1293 1392
f 1295 1394 1294
f 1394 1292 1294
f 1296 1293 1489
f 1293 1581 1489
f 1298 1395 1295
f 1395 1394 1295
f 1296 1489 1582
f 1298 1297 1395
f 1582 1396 1296
f 1493 1297 1064
f 1396 1495 1399
f 1299 1404 1064
f 1299 1302 1404
f 1400 1399 1495
f 1401 1400 1495
f 1402 1401 1397
f 1402 1397 1398
f 1398 1403 1402
f 1302 1301 1312
f 1404 1302 1312
f 1405 1303 1399
f 1308 1399 1400
f 1405 1399 1308
f 1406 1400 1401
f 1308 1400 1406
f 1406 1402 1304
f 1406 1401 1402
f 1304 1402 1305
f 1403 1305 1402
f 1403 1306 1305
f 1306 1403 1499
f 1312 1407 1404
f 1499 1500 1306
f 1407 1312 1408
f 1195 1405 1308
f 1313 1500 1409
f 1198 1408 1312
f 1410 1408 1198
f 1409 1315 1313
f 1503 1315 1409
f 1503 1412 1315
f 1316 1413 1411
f 1412 1416 1414
f 1317 1413 1316
f 1317 1415 1413
f 1414 1416 1417
f 1414 1417 1318
f 1417 1507 1318
f 1507 1508 1318
f 1508 1418 1319
f 1320 1319 1418
f 1321 1509 1415
f 1322 1512 1321
f 1512 1322 1320
f 1419 1210 1325
f 1212 1513 1420
f 1325 1422 1419
f 1421 1212 1420
f 1328 1422 1325
f 1326 1421 1423
f 1423 1216 1326
f 1216 1518 1327
f 1423 1518 1216
f 1424 1422 1328
f 1328 1106 1424
f 1519 1327 1518
f 1329 1424 1106
f 1332 1330 1519
f 1219 1425 1329
f 1331 1427 1426
f 1334 1427 1331
f 1334 1428 1427
f 1426 1429 1333
f 1426 1333 1331
f 1336 1430 1334
f 1430 1428 1334
f 1429 1435 1333
f 1337 1430 1336
f 1433 1430 1337
f 1434 1337 1224
f 1434 1224 1431
f 1431 1224 1226
f 1431 1226 1432
f 1226 1339 1432
f 1436 1435 1532
f 1437 1340 1342
f 1533 1341 1436
f 1532 1533 1436
f 1438 1341 1533
f 1341 1438 1343
f 1343 1439 1344
f 1438 1439 1343
f 1439 1440 1344
f 1346 1347 1441
f 1440 1536 1344
f 1344 1536 1348
f 1536 1349 1348
f 1350 1441 1347
f 1536 1539 1349
f 1539 1540 1349
f 1351 1349 1540
f 1540 1352 1351
f 1442 1352 1540
f 1238 1443 1353
f 1442 1446 1352
f 1445 1352 1446
f 1448 1443 1354
f 1443 1238 1354
f 1445 1446 1546
f 1445 1546 1447
f 1445 1447 1240
f 1447 1448 1240
f 1354 1240 1448
f 1450 1355 1356
f 1450 1449 1355
f 1449 1358 1355
f 1451 1358 1449
f 1450 1359 1453
f 1356 1359 1450
f 1451 1452 1358
f 1358 1452 1360
f 1359 1454 1453
f 1361 1454 1359
f 1362 1246 1455
f 1246 1365 1455
f 1452 1363 1360
f 1456 1363 1452
f 1454 1361 1554
f 1248 1554 1361
f 1457 1364 1362
f 1457 1362 1455
f 1456 1365 1363
f 1458 1554 1248
f 1248 1366 1458
f 1459 1364 1457
f 1458 1366 1556
f 1366 1370 1556
f 1368 1460 1367
f 1459 1460 1368
f 1462 1556 1370
f 1367 1461 1644
f 1367 1460 1461
f 1463 1370 1256
f 1463 1462 1370
f 1560 1367 1644
f 1256 1464 1463
f 1257 1464 1256
f 1465 1367 1560
f 1257 1371 1464
f 1464 1371 1466
f 1466 1371 1374
f 1372 1465 1563
f 1372 1563 1564
f 1467 1468 1373
f 1374 1468 1466
f 1469 1372 1564
f 1467 1265 1470
f 1467 1373 1265
f 1469 1471 1375
f 1473 1470 1264
f 1265 1264 1470
f 1473 1376 1472
f 1472 1376 1475
f 1378 1272 1571
f 1475 1378 1571
f 1574 1474 1476
f 1474 1575 1271
f 1574 1575 1474
f 1272 1575 1571
f 1272 1271 1575
f 1478 1477 1380
f 1380 1383 1478
f 1383 1479 1478
f 1383 1384 1479
f 1480 1477 1481
f 1477 1478 1482
f 1477 1482 1481
f 1483 1384 1287
f 1479 1384 1483
f 1387 1480 1481
f 1482 1483 1481
f 1483 1387 1481
f 1287 1387 1483
f 1485 1484 1055
f 1485 1055 1172
f 1486 1485 1172
f 1487 1389 1290
f 1290 1484 1487
f 1175 1580 1392
f 1580 1393 1389
f 1175 1393 1580
f 1292 1488 1391
f 1581 1392 1668
f 1392 1580 1668
f 1394 1492 1488
f 1394 1488 1292
f 1581 1490 1489
f 1491 1394 1395
f 1394 1491 1492
f 1489 1490 1582
f 1395 1297 1493
f 1491 1395 1493
f 1494 1396 1582
f 1064 1498 1493
f 1495 1396 1494
f 1495 1494 1496
f 1064 1404 1498
f 1401 1495 1496
f 1496 1584 1397
f 1401 1496 1397
f 1397 1497 1398
f 1584 1497 1397
f 1403 1497 1499
f 1403 1398 1497
f 1498 1404 1407
f 1767 1500 1499
f 1408 1501 1407
f 1410 1502 1501
f 1408 1410 1501
f 1411 1502 1410
f 1504 1502 1411
f 1413 1504 1411
f 1412 1503 1592
f 1413 1415 1504
f 1416 1505 1506
f 1416 1412 1592
f 1505 1416 1592
f 1506 1417 1416
f 1507 1510 1508
f 1508 1510 1418
f 1510 1511 1418
f 1321 1597 1509
f 1511 1320 1418
f 1597 1512 1320
f 1511 1597 1320
f 1597 1321 1512
f 1514 1513 1210
f 1514 1210 1419
f 1419 1422 1514
f 1421 1420 1515
f 1515 1517 1421
f 1421 1517 1423
f 1518 1423 1517
f 1424 1516 1422
f 1517 1607 1518
f 1518 1607 1609
f 1519 1518 1609
f 1521 1612 1329
f 1332 1519 1520
f 1520 1425 1332
f 1521 1425 1520
f 1329 1425 1521
f 1427 1522 1426
f 1427 1523 1522
f 1524 1523 1428
f 1523 1427 1428
f 1524 1613 1523
f 1526 1429 1426
f 1526 1426 1522
f 1430 1524 1428
f 1524 1433 1525
f 1524 1430 1433
f 1527 1525 1433
f 1337 1527 1433
f 1528 1337 1434
f 1528 1527 1337
f 1528 1434 1431
f 1528 1431 1432
f 1528 1432 1529
f 1432 1530 1529
f 1432 1339 1530
f 1530 1340 1531
f 1339 1340 1530
f 1437 1531 1340
f 1532 1624 1533
f 1342 1626 1437
f 1719 1438 1533
f 1346 1626 1342
f 1346 1537 1626
f 1438 1534 1439
f 1719 1534 1438
f 1534 1535 1439
f 1439 1535 1440
f 1346 1441 1537
f 1440 1535 1536
f 1441 1543 1537
f 1441 1350 1543
f 1538 1539 1536
f 1353 1543 1350
f 1541 1538 1542
f 1538 1541 1539
f 1539 1442 1540
f 1539 1541 1442
f 1443 1543 1353
f 1541 1544 1444
f 1542 1544 1541
f 1541 1444 1446
f 1541 1446 1442
f 1543 1443 1448
f 1446 1544 1545
f 1444 1544 1446
f 1447 1546 1547
f 1448 1447 1547
f 1446 1545 1548
f 1548 1546 1446
f 1547 1546 1548
f 1549 1451 1449
f 1549 1449 1450
f 1549 1450 1550
f 1453 1550 1450
f 1454 1551 1453
f 1452 1451 1637
f 1456 1452 1637
f 1457 1455 1552
f 1553 1455 1365
f 1637 1365 1456
f 1637 1553 1365
f 1459 1552 1555
f 1457 1552 1459
f 1460 1459 1555
f 1557 1556 1462
f 1558 1461 1559
f 1558 1644 1461
f 1559 1461 1460
f 1462 1561 1557
f 1463 1561 1462
f 1561 1463 1464
f 1560 1648 1465
f 1562 1561 1466
f 1464 1466 1561
f 1648 1563 1465
f 1567 1562 1466
f 1563 1565 1564
f 1468 1467 1567
f 1466 1468 1567
f 1565 1469 1564
f 1566 1469 1565
f 1470 1569 1467
f 1569 1567 1467
f 1566 1654 1469
f 1469 1654 1471
f 1473 1472 1568
f 1568 1470 1473
f 1475 1572 1472
f 1472 1572 1568
f 1474 1471 1570
f 1571 1658 1475
f 1475 1658 1572
f 1476 1570 1573
f 1474 1570 1476
f 1573 1576 1476
f 1576 1662 1476
f 1574 1476 1662
f 1479 1577 1478
f 1578 1482 1577
f 1577 1482 1478
f 1483 1578 1479
f 1479 1578 1577
f 1578 1483 1482
f 1484 1485 1579
f 1487 1579 1389
f 1579 1487 1484
f 1390 1391 1666
f 1667 1580 1389
f 1667 1389 1579
f 1488 1666 1391
f 1668 1580 1667
f 1670 1490 1581
f 1581 1668 1670
f 1583 1488 1492
f 1491 1583 1492
f 1670 1582 1490
f 1493 1583 1491
f 1673 1494 1582
f 1498 1586 1493
f 1583 1493 1586
f 1673 1496 1494
f 1673 1584 1496
f 1585 1584 1673
f 1498 1587 1586
f 1497 1584 1585
f 1674 1497 1585
f 1498 1588 1587
f 1497 1674 1499
f 1499 1674 1676
f 1407 1588 1498
f 1676 1767 1499
f 1407 1590 1588
f 1589 1500 1767
f 1501 1590 1407
f 1409 1500 1589
f 1409 1589 1768
f 1502 1590 1501
f 1591 1503 1768
f 1503 1409 1768
f 1504 1590 1502
f 1591 1592 1503
f 1594 1592 1591
f 1595 1593 1415
f 1593 1504 1415
f 1682 1681 1506
f 1505 1682 1506
f 1592 1594 1505
f 1509 1595 1415
f 1681 1596 1506
f 1417 1596 1685
f 1506 1596 1417
f 1509 1684 1595
f 1685 1686 1417
f 1417 1686 1507
f 1686 1510 1507
f 1686 1687 1510
f 1510 1688 1511
f 1687 1688 1510
f 1688 1597 1511
f 1684 1509 1597
f 1689 1513 1514
f 1689 1598 1513
f 1689 1514 1599
f 1420 1513 1598
f 1420 1598 1690
f 1514 1422 1599
f 1420 1602 1515
f 1690 1602 1420
f 1603 1599 1422
f 1422 1516 1603
f 1600 1604 1605
f 1605 1606 1601
f 1602 1607 1517
f 1515 1602 1517
f 1424 1603 1516
f 1604 1608 1605
f 1604 1701 1608
f 1606 1605 1608
f 1609 1704 1519
f 1329 1787 1424
f 1610 1520 1704
f 1704 1520 1519
f 1611 1704 1708
f 1610 1704 1611
f 1612 1521 1611
f 1708 1612 1611
f 1329 1612 1787
f 1614 1613 1524
f 1525 1614 1524
f 1610 1615 1520
f 1621 1520 1615
f 1617 1521 1621
f 1520 1621 1521
f 1611 1521 1617
f 1527 1619 1525
f 1615 1620 1621
f 1621 1616 1617
f 1618 1522 1523
f 1618 1523 1613
f 1799 1429 1526
f 1527 1528 1619
f 1528 1713 1619
f 1529 1620 1713
f 1528 1529 1713
f 1620 1529 1530
f 1621 1620 1530
f 1616 1530 1622
f 1616 1621 1530
f 1799 1435 1429
f 1716 1435 1799
f 1531 1622 1530
f 1531 1623 1622
f 1716 1532 1435
f 1624 1532 1716
f 1623 1437 1626
f 1531 1437 1623
f 1624 1625 1533
f 1719 1533 1625
f 1627 1534 1719
f 1627 1535 1534
f 1627 1628 1535
f 1536 1535 1629
f 1535 1628 1629
f 1720 1538 1536
f 1720 1536 1629
f 1722 1538 1720
f 1542 1538 1722
f 1543 1721 1630
f 1544 1542 1722
f 1544 1722 1631
f 1448 1721 1543
f 1545 1544 1631
f 1633 1448 1547
f 1548 1631 1632
f 1545 1631 1548
f 1547 1634 1633
f 1548 1634 1547
f 1632 1634 1548
f 1635 1549 1550
f 1636 1635 1551
f 1635 1453 1551
f 1635 1550 1453
f 1454 1636 1551
f 1451 1727 1637
f 1451 1549 1727
f 1554 1636 1454
f 1638 1552 1455
f 1824 1552 1638
f 1553 1638 1455
f 1553 1637 1727
f 1554 1458 1640
f 1555 1552 1824
f 1555 1824 1639
f 1458 1556 1640
f 1732 1460 1555
f 1639 1732 1555
f 1641 1640 1556
f 1557 1641 1556
f 1559 1460 1732
f 1645 1559 1732
f 1561 1642 1557
f 1736 1642 1561
f 1643 1642 1736
f 1738 1560 1644
f 1738 1644 1558
f 1738 1558 1646
f 1646 1558 1559
f 1645 1646 1559
f 1561 1647 1736
f 1649 1648 1560
f 1649 1560 1738
f 1562 1647 1561
f 1650 1563 1648
f 1650 1565 1563
f 1741 1567 1651
f 1562 1567 1741
f 1650 1566 1565
f 1652 1566 1650
f 1569 1655 1651
f 1567 1569 1651
f 1652 1653 1654
f 1566 1652 1654
f 1568 1655 1470
f 1657 1655 1568
f 1569 1470 1655
f 1653 1656 1654
f 1653 1747 1656
f 1656 1471 1654
f 1657 1572 1749
f 1568 1572 1657
f 1656 1747 1750
f 1656 1750 1570
f 1471 1656 1570
f 1751 1571 1661
f 1751 1658 1571
f 1572 1658 1749
f 1570 1750 1573
f 1750 1659 1573
f 1660 1575 1574
f 1571 1575 1661
f 1573 1659 1576
f 1659 1662 1576
f 1574 1662 1660
f 1579 1485 1755
f 1485 1663 1755
f 1664 1485 1486
f 1664 1663 1485
f 1664 1486 1666
f 1665 1579 1755
f 1666 1486 1390
f 1667 1579 1665
f 1669 1666 1488
f 1848 1668 1667
f 1672 1669 1488
f 1668 1848 1670
f 1672 1488 1583
f 1671 1582 1670
f 1671 1673 1582
f 1671 1763 1673
f 1586 1672 1583
f 1586 1675 1672
f 1763 1585 1673
f 1585 1763 1674
f 1587 1675 1586
f 1675 1587 1678
f 1678 1587 1588
f 1677 1767 1676
f 1590 1678 1588
f 1767 1768 1589
f 1679 1591 1768
f 1504 1856 1590
f 1680 1591 1679
f 1593 1856 1504
f 1683 1594 1680
f 1680 1594 1591
f 1773 1682 1505
f 1505 1594 1683
f 1773 1505 1683
f 1681 1685 1596
f 1778 1686 1685
f 1684 1597 1688
f 1691 1690 1598
f 1691 1598 1689
f 1691 1689 1692
f 1692 1689 1599
f 1693 1692 1599
f 1605 1695 1600
f 1695 1694 1600
f 1601 1695 1605
f 1601 1696 1695
f 1696 1601 1697
f 1783 1690 1691
f 1602 1690 1783
f 1599 1603 1698
f 1693 1599 1698
f 1694 1604 1600
f 1785 1604 1694
f 1606 1697 1601
f 1606 1699 1697
f 1602 1700 1607
f 1602 1783 1700
f 1701 1604 1785
f 1786 1701 1785
f 1702 1606 1608
f 1699 1606 1702
f 1609 1607 1700
f 1609 1700 1704
f 1703 1704 1700
f 1787 1603 1424
f 1786 1608 1701
f 1702 1608 1786
f 1705 1707 1703
f 1703 1610 1704
f 1703 1707 1610
f 1610 1708 1704
f 1612 1708 1709
f 1787 1612 1709
f 1710 1614 1525
f 1706 1711 1712
f 1712 1705 1706
f 1712 1707 1705
f 1707 1615 1610
f 1610 1611 1708
f 1611 1617 1708
f 1617 1709 1708
f 1617 1714 1709
f 1710 1619 1711
f 1525 1619 1710
f 1619 1712 1711
f 1712 1713 1707
f 1713 1620 1615
f 1713 1615 1707
f 1796 1526 1522
f 1796 1797 1526
f 1715 1796 1618
f 1796 1522 1618
f 1613 1715 1618
f 1614 1715 1613
f 1712 1619 1713
f 1616 1714 1617
f 1797 1799 1526
f 1622 1714 1616
f 1718 1622 1623
f 1626 1718 1623
f 1717 1624 1716
f 1717 1625 1624
f 1719 1625 1717
f 1803 1719 1717
f 1626 1804 1718
f 1537 1804 1626
f 1803 1627 1719
f 1803 1807 1627
f 1804 1537 1805
f 1807 1628 1627
f 1628 1807 1806
f 1537 1543 1805
f 1543 1630 1805
f 1809 1629 1806
f 1629 1628 1806
f 1809 1720 1629
f 1809 1811 1720
f 1811 1722 1720
f 1811 1815 1631
f 1811 1631 1722
f 1721 1724 1723
f 1448 1724 1721
f 1725 1631 1815
f 1633 1724 1448
f 1632 1631 1725
f 1725 1821 1632
f 1821 1634 1632
f 1635 1726 1549
f 1726 1727 1549
f 1554 1728 1636
f 1729 1824 1638
f 1553 1729 1638
f 1730 1728 1554
f 1554 1640 1730
f 1824 1731 1639
f 1730 1640 1733
f 1731 1732 1639
f 1641 1733 1640
f 1734 1557 1642
f 1734 1641 1557
f 1737 1642 1643
f 1737 1734 1642
f 1645 1732 1833
f 1737 1736 1735
f 1737 1643 1736
f 1647 1739 1735
f 1647 1735 1736
f 1649 1740 1648
f 1839 1739 1647
f 1562 1839 1647
f 1740 1650 1648
f 1743 1839 1741
f 1562 1741 1839
f 1742 1650 1740
f 1743 1651 1841
f 1741 1651 1743
f 1742 1652 1650
f 1744 1652 1742
f 1744 1745 1653
f 1653 1652 1744
f 1655 1657 1746
f 1747 1653 1745
f 1657 1749 1746
f 1752 1750 1747
f 1751 1661 1754
f 1658 1751 1748
f 1658 1748 1749
f 1753 1659 1750
f 1752 1753 1750
f 1753 1662 1659
f 1753 1660 1662
f 1660 1754 1575
f 1661 1575 1754
f 1756 1665 1755
f 1756 1755 1663
f 1756 1663 1757
f 1757 1663 1664
f 1757 1664 1666
f 1758 1757 1666
f 1665 1759 1667
f 1759 1665 1756
f 1758 1666 1669
f 1759 1848 1667
f 1672 1760 1669
f 1670 1761 1671
f 1670 1848 1761
f 1763 1761 1932
f 1671 1761 1763
f 1762 1675 1764
f 1762 1672 1675
f 1932 1674 1763
f 1852 1674 1932
f 1675 1765 1764
f 1676 1674 1852
f 1676 1852 1677
f 1675 1766 1765
f 1675 1678 1766
f 1854 1767 1677
f 1767 1854 1768
f 1768 1854 1679
f 1590 1856 1678
f 1769 1680 1679
f 1593 1770 1856
f 1769 1683 1680
f 1771 1683 1769
f 1593 1595 1770
f 1770 1595 1858
f 1861 1681 1682
f 1861 1772 1681
f 1683 1771 1773
f 1684 1858 1595
f 1684 1777 1858
f 1685 1681 1772
f 1685 1772 1862
f 1777 1688 1776
f 1777 1684 1688
f 1778 1862 1774
f 1778 1685 1862
f 1778 1779 1686
f 1687 1779 1775
f 1687 1686 1779
f 1780 1687 1775
f 1776 1688 1780
f 1688 1687 1780
f 1781 1694 1695
f 1695 1696 1781
f 1691 1692 1782
f 1783 1691 1782
f 1782 1692 1693
f 1950 1785 1694
f 1784 1700 1783
f 1788 1699 1702
f 1700 1784 1703
f 1698 1603 1787
f 1702 1786 1788
f 1789 1706 1705
f 1784 1789 1705
f 1784 1705 1703
f 1787 1709 1791
f 1789 1790 1706
f 1706 1790 1711
f 1714 1795 1791
f 1709 1714 1791
f 1793 1792 1614
f 1793 1614 1710
f 1793 1710 1794
f 1711 1794 1710
f 1790 1794 1711
f 1881 1796 1792
f 1715 1792 1796
f 1614 1792 1715
f 1714 1798 1795
f 1881 1797 1796
f 1622 1798 1714
f 1800 1798 1622
f 1884 1716 1799
f 1800 1622 1801
f 1801 1622 1718
f 1716 1884 1886
f 1886 1717 1716
f 1886 1802 1717
f 1803 1717 1802
f 1801 1718 1804
f 1801 1804 1805
f 1807 1803 1806
f 1806 1808 1809
f 1808 1893 1809
f 1809 1893 1813
f 1811 1809 1813
f 1810 1721 1812
f 1630 1721 1810
f 1814 1813 1893
f 1723 1812 1721
f 1723 1898 1812
f 1811 1813 1815
f 1815 1813 1814
f 1814 1895 1816
f 1815 1814 1816
f 1818 1817 1816
f 1723 1724 1817
f 1818 1723 1817
f 1898 1723 1818
f 1819 1725 1815
f 1819 1815 1899
f 1899 1815 1816
f 1816 1817 1820
f 1817 1724 1820
f 1724 1633 1820
f 1725 1819 1900
f 1822 1820 1633
f 1822 1633 1634
f 1900 1821 1725
f 1821 1822 1634
f 1901 1726 1635
f 1901 1823 1726
f 1635 1636 1901
f 1636 1728 1901
f 1823 1727 1726
f 1825 1727 1823
f 1729 1553 1825
f 1553 1727 1825
f 1827 1826 1730
f 1827 1828 1826
f 1830 1731 1824
f 1729 1825 1830
f 1824 1729 1830
f 1733 1827 1730
f 1827 1831 1828
f 1827 1733 1831
f 1828 1832 1829
f 1828 1831 1832
f 1733 1641 1734
f 1733 1734 1831
f 1835 1734 1737
f 1734 1835 1831
f 1832 1831 1835
f 1834 1833 1732
f 1732 1731 1834
f 1737 1735 1835
f 1646 1836 1738
f 1836 1646 1645
f 1833 1836 1645
f 1837 1835 1739
f 1835 1735 1739
f 1649 1913 1740
f 1838 1649 1738
f 1838 1913 1649
f 1738 1836 1838
f 1739 1839 1837
f 1917 1740 1913
f 1916 1839 1743
f 1917 1742 1740
f 1917 1744 1742
f 1919 1744 1917
f 1841 1655 1840
f 1655 1841 1651
f 1842 1745 1744
f 1919 1842 1744
f 1843 1840 1746
f 1746 1840 1655
f 1842 1747 1745
f 1748 1843 1749
f 2007 1843 1748
f 1746 1749 1843
f 1842 1752 1747
f 1844 1752 1842
f 1924 1754 1845
f 1751 1754 1924
f 1748 1751 2007
f 2007 1751 1924
f 1752 1844 1753
f 1753 1845 1660
f 1844 1845 1753
f 1660 1845 1754
f 1926 1756 1757
f 1926 1925 1756
f 1846 1926 1757
f 1846 1757 1758
f 1759 1756 1847
f 1756 1925 1847
f 1846 1758 1850
f 1669 1850 1758
f 1759 1847 1849
f 1759 1849 1848
f 1760 1850 1669
f 1849 1931 1848
f 1672 1850 1760
f 1931 1761 1848
f 1762 1850 1672
f 1931 1932 1761
f 1851 1762 1764
f 1932 1934 1852
f 1853 1851 1764
f 1765 1853 1764
f 1934 1677 1852
f 1766 1853 1765
f 1854 1677 1934
f 1678 1856 1936
f 1770 1859 1856
f 1857 1771 1855
f 1771 1769 1855
f 1859 1770 1858
f 1772 1861 1860
f 1861 1773 1857
f 1682 1773 1861
f 1857 1773 1771
f 1777 1864 1858
f 1858 1865 1859
f 1858 1864 1865
f 1860 1862 1772
f 1860 1774 1862
f 1939 1774 1860
f 1774 1939 1941
f 1863 1776 1780
f 1776 1864 1777
f 1863 1864 1776
f 1941 1945 1774
f 1774 1945 1778
f 1945 1779 1778
f 1775 1779 1942
f 1942 1866 1775
f 1775 1866 1780
f 1863 1780 1866
f 1868 1696 1867
f 1869 1867 1696
f 1868 1950 1694
f 1694 1781 1868
f 1868 1781 1696
f 1697 1874 1869
f 1697 1869 1696
f 1782 1870 1783
f 1870 1782 1693
f 1953 1785 1950
f 1699 1874 1697
f 1870 1784 1783
f 1871 1784 1870
f 1872 1870 1693
f 1693 1698 1872
f 1786 1785 1953
f 1786 1953 1873
f 1699 1877 1874
f 1788 1877 1699
f 1875 1784 1871
f 1876 1872 1698
f 1876 1698 1787
f 1786 1877 1788
f 1873 1877 1786
f 1784 1875 1878
f 1879 1787 1791
f 1879 1876 1787
f 1790 1789 1965
f 1789 1878 1965
f 1878 1789 1784
f 1795 1879 1791
f 1792 1793 1966
f 1794 1790 1965
f 1795 1880 1879
f 1966 1881 1792
f 1880 1798 1800
f 1795 1798 1880
f 1882 1799 1797
f 1883 1882 1797
f 1881 1883 1797
f 1969 1882 1883
f 1882 1884 1799
f 1882 1969 1885
f 1882 1885 1884
f 1801 1887 1800
f 1884 1885 1970
f 1886 1884 1970
f 1801 1888 1887
f 1802 1886 1970
f 1970 1889 1802
f 1889 1803 1802
f 1889 1890 1803
f 1805 1888 1801
f 1805 1891 1888
f 1890 1806 1803
f 1976 1806 1890
f 1976 1808 1806
f 1976 1977 1808
f 1891 1630 1892
f 1805 1630 1891
f 1977 1893 1808
f 1896 1977 1979
f 1893 1977 1896
f 1896 1979 1894
f 1810 1981 1892
f 1810 1892 1630
f 1893 1896 1895
f 1810 1897 1981
f 1812 1897 1810
f 1814 1893 1895
f 1818 1896 1897
f 1895 1896 1818
f 1898 1897 1812
f 1818 1897 1898
f 1816 1895 1818
f 1816 1820 1899
f 1900 1819 1899
f 1900 1899 1822
f 1822 1899 1820
f 1821 1900 1822
f 1904 1823 1901
f 1902 1823 1904
f 1728 1904 1901
f 1903 1825 1902
f 1825 1823 1902
f 1906 1905 1826
f 1903 1907 1825
f 1905 1728 1730
f 1730 1826 1905
f 1908 1906 1826
f 1909 1826 1828
f 1909 1908 1826
f 1909 1828 1829
f 1909 1829 1910
f 1825 1907 1830
f 1910 1829 1832
f 1993 1731 1830
f 1993 1992 1731
f 1830 1907 1993
f 1835 1910 1832
f 1912 1910 1835
f 1834 1996 1833
f 1834 1731 1992
f 1914 1836 1911
f 1836 1996 1911
f 1833 1996 1836
f 1837 1912 1835
f 1837 2000 1912
f 1838 2001 1913
f 2001 1838 1836
f 1914 2001 1836
f 2003 2000 1839
f 1837 1839 2000
f 1915 1917 1913
f 1913 2001 1915
f 1916 2003 1839
f 1841 1918 1743
f 1916 1743 1918
f 1841 1840 1920
f 1842 1919 1921
f 2006 1920 1843
f 1920 1840 1843
f 1922 1842 1921
f 1843 2007 2006
f 1922 1844 1842
f 1844 1922 1923
f 2008 1924 1845
f 1844 1923 1845
f 1845 1923 2008
f 1928 1847 1925
f 1927 1847 1928
f 1928 1925 1926
f 1928 1926 1929
f 1846 1929 1926
f 1850 1929 1846
f 1927 1849 1847
f 2010 1849 1927
f 1929 1850 1930
f 1850 1933 1930
f 1762 1933 1850
f 1849 1932 1931
f 1851 1933 1762
f 1932 1849 1934
f 1933 1851 1853
f 1853 1766 1935
f 1766 1936 1935
f 1766 1678 1936
f 1934 1679 1854
f 2118 1679 1934
f 2118 2121 1769
f 1679 2118 1769
f 2121 1855 1769
f 2121 2019 1855
f 1938 1937 1856
f 1856 1859 1938
f 1855 2019 1857
f 1861 1939 1860
f 1940 1939 1861
f 1940 1861 1857
f 1940 1857 2019
f 1865 1938 1859
f 1865 1944 1938
f 1940 1941 1939
f 1943 1864 1863
f 1864 1943 1944
f 1865 1864 1944
f 1779 1946 1942
f 1779 1945 1946
f 1946 2030 1866
f 1942 1946 1866
f 2030 1863 1866
f 1947 1863 2030
f 1943 1863 1947
f 1947 2030 1948
f 2036 2034 1948
f 1867 1949 1868
f 2038 1949 1867
f 1869 2038 1867
f 1950 1868 1949
f 1874 1955 1869
f 1953 1950 1952
f 1954 1953 1952
f 1953 1954 1873
f 1954 2051 1873
f 1877 1961 1874
f 1961 1955 1874
f 1957 1875 1870
f 1870 1875 1871
f 1959 1870 1872
f 1957 1870 1959
f 1958 1959 1872
f 1876 1958 1872
f 1960 1958 1876
f 1960 1963 1951
f 1956 1951 1963
f 2051 1877 1873
f 1877 2051 1961
f 1878 1962 2055
f 1878 1875 1962
f 1962 1875 1957
f 1879 1960 1876
f 1963 1879 2054
f 1963 1960 1879
f 1965 1878 2055
f 2054 1879 1880
f 1966 1793 1967
f 1967 1793 1794
f 1794 1965 1964
f 1794 1964 1967
f 1968 1881 1966
f 1800 1972 1880
f 1883 1881 1968
f 1883 1968 1969
f 1887 1972 1800
f 1885 1971 1970
f 1888 1972 1887
f 1971 1889 1970
f 1972 1888 1973
f 1974 1889 1971
f 1973 1888 1975
f 1889 1974 2062
f 1889 2062 1890
f 1975 1888 1891
f 1890 2062 2064
f 1890 2064 2065
f 2065 1976 1890
f 1976 1978 1977
f 1892 1975 1891
f 1892 1982 1975
f 1977 1978 1979
f 1979 1978 1980
f 1980 1894 1979
f 1894 1980 2068
f 1982 1892 1981
f 1894 2068 1896
f 1896 1983 1897
f 2068 1983 1896
f 1981 1983 1982
f 1981 1897 1983
f 1986 1903 1902
f 1986 2077 1903
f 1986 1904 1990
f 1986 1902 1904
f 1728 1990 1904
f 1987 2079 1906
f 1906 2079 1905
f 1908 1985 1906
f 1985 1987 1906
f 1985 1908 1984
f 1984 1908 1988
f 1984 1988 1989
f 2077 1907 1903
f 1905 1990 1728
f 2079 1990 1905
f 1908 1909 1988
f 1988 1909 1989
f 1909 1910 1989
f 1910 1991 1989
f 1994 1991 1910
f 1912 1994 1910
f 1996 1995 1911
f 1999 1996 1834
f 1992 1999 1834
f 1992 1997 1999
f 1992 1993 1997
f 1912 1998 1994
f 1995 1914 1911
f 2198 1914 1995
f 2000 1998 1912
f 2198 2001 1914
f 2001 2101 1915
f 1916 1918 2002
f 1916 2002 2003
f 1915 2101 1917
f 1920 2099 2004
f 1841 1920 2004
f 1841 2004 1918
f 2005 1919 1917
f 2005 1917 2101
f 2006 2099 1920
f 1919 2005 1921
f 1921 2005 2104
f 2104 1922 1921
f 2106 1922 2104
f 2108 2007 1924
f 1922 2106 1923
f 2106 2107 1923
f 2008 2108 1924
f 1927 1928 2109
f 2009 2109 1928
f 2009 1928 1929
f 2010 1927 2109
f 2011 1929 1930
f 2012 1849 2010
f 2011 1930 2013
f 1933 2013 1930
f 2013 1933 2014
f 1934 2012 2015
f 1934 1849 2012
f 2014 1933 1853
f 1935 2014 1853
f 2016 1934 2015
f 1936 2017 1935
f 2016 2118 1934
f 1856 1937 1936
f 2120 2121 2118
f 2018 1937 1938
f 1938 2021 2018
f 1940 2019 2020
f 1944 2021 1938
f 2020 2023 1941
f 1940 2020 1941
f 2025 1944 2024
f 2021 1944 2025
f 2026 2032 2022
f 2023 2032 2027
f 2023 2022 2032
f 2028 2023 2027
f 2028 1941 2023
f 2028 2029 1941
f 2029 1945 1941
f 1946 2029 2030
f 1945 2029 1946
f 1947 2031 2024
f 1943 1947 2024
f 1943 2024 1944
f 2030 2029 2129
f 2129 1948 2030
f 2033 1947 1948
f 2031 1947 2033
f 2129 2131 2036
f 2129 2036 1948
f 2034 2033 1948
f 2131 2035 2036
f 2034 2036 2037
f 2040 1949 2038
f 2041 2038 1869
f 2042 2045 2039
f 2145 2039 1950
f 2039 2045 1950
f 2043 1950 1949
f 2043 2145 1950
f 1949 2040 2043
f 2041 1955 2044
f 1869 1955 2041
f 1960 1951 2042
f 2042 1951 2045
f 1951 2335 2045
f 2045 1952 1950
f 2045 2046 1952
f 1952 2147 1954
f 2046 2147 1952
f 2147 2047 1954
f 2048 2049 2044
f 1955 2048 2044
f 1956 2335 1951
f 1956 2154 2335
f 2047 2051 1954
f 1961 2047 2048
f 2051 2047 1961
f 1955 1961 2048
f 2050 2052 1958
f 1958 2052 1959
f 1958 1960 2050
f 2053 1956 1963
f 2154 1956 2053
f 2052 1957 1959
f 2052 1962 1957
f 2054 2053 1963
f 2056 1966 1967
f 2056 1967 2156
f 2156 1967 1964
f 1968 1966 2056
f 2057 1968 2056
f 1972 2054 1880
f 1969 1968 2057
f 1969 2057 2058
f 2058 1885 1969
f 2161 1885 2058
f 2054 1972 2059
f 2161 1971 1885
f 2059 1972 1973
f 2060 1974 1971
f 1975 2061 1973
f 2060 2063 1974
f 2062 1974 2063
f 2064 2062 2063
f 2065 2066 1976
f 1978 1976 2066
f 1978 2066 2167
f 1978 2167 1980
f 1980 2069 2068
f 2167 2069 1980
f 2069 1983 2068
f 2069 1982 1983
f 2067 1982 2069
f 2070 2073 2072
f 2070 2071 2073
f 2179 2074 2071
f 2073 2074 2178
f 2073 2071 2074
f 2074 2180 1984
f 2179 2180 2074
f 1984 2178 2074
f 1984 2075 2178
f 2180 2076 1985
f 2180 1985 1984
f 2082 2075 1984
f 2082 1984 1989
f 2079 2078 2184
f 1987 2078 2079
f 1987 2076 2078
f 1985 2076 1987
f 2082 2081 2080
f 2082 2080 2183
f 2083 2081 1989
f 2081 2082 1989
f 2084 1907 2077
f 2085 2077 1986
f 2084 2077 2085
f 2184 2085 1990
f 1986 1990 2085
f 2184 1990 2079
f 2086 2080 2087
f 2088 2080 2081
f 2087 2080 2088
f 2088 2081 2083
f 1991 2083 1989
f 2084 2085 2188
f 2190 2087 2088
f 2190 2088 2089
f 2088 2090 2089
f 2083 2090 2088
f 1994 2090 1991
f 1991 2090 2083
f 1907 2084 1993
f 2091 2084 2188
f 2094 2084 2091
f 2095 2090 1994
f 2092 1995 1996
f 2093 1997 1993
f 2093 1993 2084
f 2093 2084 2094
f 2197 2095 1998
f 2095 1994 1998
f 2092 2198 1995
f 2096 2092 1996
f 2096 1996 1999
f 2097 2096 1999
f 2097 1999 1997
f 2097 1997 2093
f 2000 2003 2100
f 2196 2000 2100
f 2196 2197 2000
f 1998 2000 2197
f 2198 2204 2001
f 2098 2004 2099
f 2098 2099 2202
f 2203 2004 2098
f 2203 1918 2004
f 2203 2002 1918
f 2100 2002 2203
f 2003 2002 2100
f 2001 2208 2101
f 2204 2208 2001
f 2210 2101 2208
f 2101 2103 2005
f 2210 2103 2101
f 2215 2102 2006
f 2006 2102 2099
f 2103 2104 2005
f 2215 2007 2105
f 2215 2006 2007
f 2106 2104 2107
f 2105 2108 2218
f 2108 2105 2007
f 2217 1923 2107
f 1923 2217 2008
f 2217 2218 2008
f 2108 2008 2218
f 2109 2110 2010
f 2110 2109 2009
f 2011 2009 1929
f 2110 2011 2111
f 2009 2011 2110
f 2011 2113 2111
f 2011 2013 2113
f 2112 2010 2110
f 2112 2110 2111
f 2012 2112 2114
f 2010 2112 2012
f 2014 2113 2013
f 2014 2115 2113
f 2114 2015 2012
f 2014 1935 2115
f 2116 2016 2015
f 2114 2116 2015
f 1935 2017 2115
f 1936 2119 2017
f 2016 2116 2117
f 2016 2117 2118
f 1937 2119 1936
f 2118 2117 2120
f 1937 2124 2119
f 2120 2117 2121
f 2122 2019 2121
f 2124 1937 2018
f 2123 2019 2122
f 2021 2124 2018
f 2020 2123 2231
f 2020 2019 2123
f 2124 2021 2125
f 2022 2023 2231
f 2231 2023 2020
f 2021 2025 2125
f 2025 2126 2125
f 2025 2024 2126
f 2026 2022 2231
f 2026 2231 2127
f 2031 2126 2024
f 2026 2127 2239
f 2130 2032 2026
f 2130 2026 2239
f 2032 2130 2027
f 2130 2237 2027
f 2027 2237 2028
f 2237 2128 2028
f 2028 2128 2029
f 2128 2129 2029
f 2129 2128 2131
f 2132 2031 2033
f 2034 2135 2033
f 2135 2132 2033
f 2133 2134 2035
f 2134 2036 2035
f 2037 2036 2134
f 2037 2135 2034
f 2134 2133 2250
f 2138 2134 2250
f 2134 2139 2037
f 2134 2138 2139
f 2135 2037 2139
f 2140 2136 2038
f 2136 2255 2038
f 2039 2142 2141
f 2142 2039 2144
f 2143 2040 2038
f 2143 2038 2255
f 2151 2140 2038
f 2151 2038 2041
f 2141 2042 2039
f 2144 2039 2145
f 2143 2144 2145
f 2259 2143 2145
f 2146 2259 2145
f 2147 2146 2145
f 2043 2147 2145
f 2148 2143 2259
f 2143 2148 2040
f 2149 2040 2148
f 2040 2149 2043
f 2147 2043 2149
f 2151 2150 2149
f 2151 2149 2148
f 2150 2151 2044
f 2151 2041 2044
f 2333 1960 2141
f 2141 1960 2042
f 2046 2335 2152
f 2045 2335 2046
f 2152 2146 2147
f 2046 2152 2147
f 2047 2147 2149
f 2047 2149 2048
f 2048 2149 2150
f 2048 2150 2049
f 2049 2150 2044
f 2333 2050 1960
f 2333 2263 2050
f 2052 2050 2153
f 2050 2263 2153
f 2055 1962 2155
f 1962 2267 2155
f 2153 2267 1962
f 1962 2052 2153
f 2268 2154 2053
f 2054 2268 2053
f 2156 1964 2157
f 2158 1964 1965
f 2158 2157 1964
f 2158 2055 2155
f 1965 2055 2158
f 2159 2270 2056
f 2157 2159 2156
f 2159 2056 2156
f 2054 2160 2268
f 2270 2269 2057
f 2269 2058 2057
f 2057 2056 2270
f 2054 2162 2160
f 2272 2274 2161
f 2058 2272 2161
f 2059 2162 2054
f 2161 2274 2163
f 2284 2161 2163
f 1971 2161 2284
f 1973 2164 2059
f 2279 2059 2164
f 2284 2060 1971
f 2164 1973 2061
f 2279 2164 2293
f 2164 2061 2293
f 2060 2284 2288
f 1975 2165 2061
f 2061 2165 2292
f 2061 2292 2293
f 2166 2063 2060
f 2288 2166 2060
f 2166 2064 2063
f 1982 2165 1975
f 1982 2170 2165
f 2064 2408 2065
f 2166 2408 2064
f 2168 2167 2066
f 2170 2067 2169
f 2170 1982 2067
f 2171 2167 2168
f 2167 2171 2069
f 2169 2069 2171
f 2069 2169 2067
f 2297 2174 2172
f 2297 2173 2174
f 2174 2176 2172
f 2174 2175 2176
f 2174 2173 2175
f 2071 2070 2177
f 2178 2070 2072
f 2177 2070 2178
f 2073 2178 2072
f 2071 2177 2179
f 2179 2181 2180
f 2181 2179 2177
f 2075 2181 2178
f 2178 2181 2177
f 2182 2076 2180
f 2183 2180 2181
f 2182 2180 2183
f 2082 2181 2075
f 2082 2183 2181
f 2076 2185 2078
f 2076 2182 2185
f 2182 2080 2185
f 2080 2182 2183
f 2186 2085 2184
f 2186 2078 2300
f 2184 2078 2186
f 2300 2078 2185
f 2300 2185 2187
f 2080 2086 2185
f 2086 2187 2185
f 2085 2186 2188
f 2189 2186 2300
f 2301 2189 2300
f 2302 2086 2301
f 2301 2086 2189
f 2189 2086 2302
f 2193 2187 2086
f 2087 2193 2086
f 2193 2087 2190
f 2188 2191 2091
f 2188 2186 2191
f 2191 2186 2189
f 2189 2302 2192
f 2193 2194 2192
f 2190 2194 2193
f 2095 2190 2089
f 2194 2190 2095
f 2090 2095 2089
f 2191 2094 2091
f 2196 2191 2189
f 2195 2191 2196
f 2196 2189 2192
f 2196 2192 2194
f 2196 2194 2197
f 2197 2194 2095
f 2096 2199 2092
f 2199 2198 2092
f 2097 2199 2096
f 2097 2200 2199
f 2093 2200 2097
f 2093 2201 2200
f 2094 2202 2093
f 2093 2202 2201
f 2094 2098 2202
f 2094 2191 2098
f 2191 2203 2098
f 2203 2191 2195
f 2100 2195 2196
f 2203 2195 2100
f 2198 2205 2204
f 2206 2198 2199
f 2205 2198 2206
f 2199 2200 2207
f 2207 2200 2201
f 2099 2207 2202
f 2207 2201 2202
f 2204 2205 2208
f 2205 2206 2209
f 2099 2102 2207
f 2208 2103 2210
f 2212 2211 2206
f 2199 2212 2206
f 2212 2199 2207
f 2212 2207 2102
f 2211 2212 2214
f 2214 2212 2215
f 2102 2215 2212
f 2213 2104 2103
f 2105 2305 2214
f 2105 2214 2215
f 2213 2107 2104
f 2107 2213 2217
f 2213 2216 2217
f 2218 2216 2305
f 2217 2216 2218
f 2105 2218 2305
f 2219 2111 2113
f 2219 2306 2111
f 2112 2111 2306
f 2112 2306 2220
f 2113 2115 2219
f 2219 2115 2221
f 2220 2365 2112
f 2365 2222 2112
f 2222 2114 2112
f 2223 2115 2017
f 2221 2115 2223
f 2222 2116 2114
f 2017 2224 2223
f 2225 2116 2222
f 2224 2119 2226
f 2017 2119 2224
f 2225 2117 2116
f 2312 2117 2225
f 2226 2119 2228
f 2228 2119 2124
f 2227 2121 2117
f 2312 2227 2117
f 2121 2227 2122
f 2227 2313 2122
f 2124 2229 2228
f 2123 2230 2231
f 2122 2230 2123
f 2125 2229 2124
f 2125 2234 2229
f 2231 2230 2232
f 2234 2125 2126
f 2233 2127 2231
f 2233 2231 2232
f 2235 2234 2126
f 2031 2235 2126
f 2236 2239 2127
f 2236 2127 2233
f 2031 2238 2235
f 2239 2240 2130
f 2240 2241 2130
f 2241 2237 2130
f 2237 2131 2128
f 2237 2241 2131
f 2238 2132 2242
f 2031 2132 2238
f 2243 2035 2131
f 2241 2243 2131
f 2135 2242 2132
f 2246 2242 2135
f 2242 2244 2247
f 2242 2246 2244
f 2243 2241 2245
f 2245 2133 2035
f 2245 2035 2243
f 2135 2251 2246
f 2137 2248 2244
f 2244 2248 2247
f 2245 2249 2133
f 2250 2133 2249
f 2139 2251 2135
f 2246 2255 2244
f 2255 2136 2137
f 2244 2255 2137
f 2136 2252 2137
f 2252 2248 2137
f 2253 2138 2250
f 2249 2253 2250
f 2253 2139 2138
f 2253 2251 2139
f 2254 2251 2253
f 2251 2142 2246
f 2251 2254 2142
f 2246 2142 2255
f 2140 2252 2136
f 2140 2256 2252
f 2253 2249 2330
f 2261 2253 2330
f 2253 2261 2254
f 2254 2261 2257
f 2254 2257 2141
f 2254 2141 2142
f 2255 2142 2144
f 2143 2255 2144
f 2260 2259 2258
f 2260 2256 2151
f 2256 2140 2151
f 2259 2146 2258
f 2148 2259 2260
f 2148 2260 2151
f 2261 2333 2257
f 2257 2333 2141
f 2152 2265 2146
f 2262 2263 2333
f 2154 2264 2335
f 2335 2265 2152
f 2262 2153 2263
f 2267 2158 2155
f 2266 2267 2153
f 2266 2153 2262
f 2268 2339 2154
f 2157 2158 2337
f 2339 2268 2271
f 2159 2338 2270
f 2338 2157 2337
f 2159 2157 2338
f 2160 2271 2268
f 2272 2058 2269
f 2275 2281 2273
f 2273 2281 2276
f 2277 2163 2274
f 2279 2278 2059
f 2278 2162 2059
f 2279 2280 2278
f 2280 2281 2275
f 2276 2281 2282
f 2276 2282 2283
f 2163 2277 2284
f 2279 2287 2280
f 2280 2287 2281
f 2281 2351 2282
f 2281 2287 2351
f 2283 2282 2351
f 2284 2277 2285
f 2286 2279 2293
f 2287 2279 2286
f 2285 2289 2288
f 2284 2285 2288
f 2356 2286 2293
f 2166 2288 2290
f 2289 2290 2288
f 2291 2166 2290
f 2170 2296 2165
f 2292 2165 2296
f 2357 2294 2289
f 2294 2290 2289
f 2408 2166 2291
f 2065 2295 2066
f 2408 2295 2065
f 2066 2295 2168
f 2295 2169 2171
f 2296 2169 2295
f 2169 2296 2170
f 2295 2171 2168
f 2299 2297 2172
f 2298 2173 2297
f 2298 2297 2299
f 2176 2299 2172
f 2298 2175 2173
f 2298 2299 2176
f 2175 2298 2176
f 2187 2301 2300
f 2301 2187 2302
f 2193 2302 2187
f 2192 2302 2193
f 2303 2208 2205
f 2205 2209 2303
f 2303 2103 2208
f 2211 2303 2209
f 2206 2211 2209
f 2103 2303 2213
f 2303 2304 2213
f 2304 2303 2211
f 2304 2211 2305
f 2214 2305 2211
f 2216 2213 2304
f 2216 2304 2305
f 2306 2219 2360
f 2361 2220 2306
f 2361 2306 2360
f 2307 2360 2219
f 2307 2219 2221
f 2363 2365 2220
f 2363 2220 2361
f 2221 2308 2307
f 2223 2308 2221
f 2309 2308 2223
f 2309 2223 2224
f 2310 2225 2222
f 2222 2365 2310
f 2309 2224 2226
f 2228 2311 2226
f 2228 2314 2311
f 2313 2227 2312
f 2228 2315 2314
f 2316 2228 2229
f 2315 2228 2316
f 2313 2371 2122
f 2229 2318 2316
f 2317 2230 2122
f 2317 2122 2371
f 2318 2229 2234
f 2232 2230 2319
f 2230 2317 2319
f 2321 2320 2318
f 2234 2321 2318
f 2233 2232 2319
f 2235 2322 2234
f 2322 2321 2234
f 2322 2320 2321
f 2236 2233 2319
f 2236 2319 2323
f 2322 2235 2238
f 2236 2323 2239
f 2239 2324 2240
f 2323 2324 2239
f 2241 2240 2324
f 2379 2241 2324
f 2326 2238 2242
f 2326 2242 2247
f 2379 2245 2241
f 2325 2245 2379
f 2327 2247 2248
f 2327 2326 2247
f 2328 2327 2248
f 2328 2248 2252
f 2325 2329 2249
f 2245 2325 2249
f 2256 2328 2252
f 2256 2331 2328
f 2330 2249 2329
f 2258 2331 2260
f 2256 2260 2331
f 2332 2330 2329
f 2332 2261 2330
f 2146 2382 2258
f 2146 2265 2382
f 2333 2332 2438
f 2333 2261 2332
f 2438 2262 2333
f 2336 2265 2335
f 2336 2334 2265
f 2266 2262 2383
f 2335 2264 2336
f 2339 2264 2154
f 2387 2337 2158
f 2338 2269 2270
f 2338 2391 2269
f 2391 2272 2269
f 2393 2272 2391
f 2340 2271 2160
f 2340 2339 2271
f 2343 2272 2393
f 2162 2344 2160
f 2344 2340 2160
f 2345 2398 2273
f 2346 2341 2273
f 2341 2345 2273
f 2341 2347 2342
f 2341 2346 2347
f 2274 2272 2343
f 2274 2343 2400
f 2278 2344 2162
f 2344 2278 2348
f 2275 2398 2348
f 2275 2273 2398
f 2276 2346 2273
f 2346 2276 2283
f 2346 2283 2347
f 2283 2349 2347
f 2400 2277 2274
f 2278 2280 2348
f 2348 2280 2275
f 2351 2349 2283
f 2400 2285 2277
f 2350 2285 2400
f 2404 2351 2287
f 2404 2287 2352
f 2353 2349 2351
f 2350 2289 2285
f 2356 2287 2286
f 2352 2287 2356
f 2351 2404 2353
f 2403 2289 2350
f 2357 2289 2403
f 2354 2355 2291
f 2290 2354 2291
f 2359 2293 2292
f 2293 2359 2356
f 2290 2294 2354
f 2354 2294 2357
f 2355 2408 2291
f 2408 2410 2295
f 2460 2410 2408
f 2295 2410 2296
f 2410 2358 2296
f 2296 2358 2292
f 2292 2358 2359
f 2360 2362 2361
f 2307 2362 2360
f 2361 2364 2363
f 2364 2361 2362
f 2365 2363 2364
f 2308 2362 2307
f 2366 2365 2364
f 2366 2364 2367
f 2364 2309 2367
f 2362 2309 2364
f 2309 2362 2308
f 2366 2310 2365
f 2368 2310 2366
f 2369 2367 2309
f 2309 2226 2369
f 2310 2368 2225
f 2311 2369 2226
f 2368 2413 2225
f 2413 2312 2225
f 2413 2313 2312
f 2415 2313 2413
f 2417 2316 2370
f 2315 2316 2417
f 2318 2373 2370
f 2316 2318 2370
f 2317 2372 2375
f 2317 2371 2372
f 2319 2317 2374
f 2374 2317 2375
f 2322 2373 2320
f 2320 2373 2318
f 2374 2376 2319
f 2323 2376 2425
f 2376 2323 2319
f 2377 2322 2238
f 2425 2429 2323
f 2323 2429 2324
f 2378 2377 2238
f 2324 2429 2379
f 2326 2378 2238
f 2325 2379 2432
f 2326 2327 2380
f 2434 2325 2432
f 2328 2380 2327
f 2329 2325 2434
f 2381 2328 2331
f 2434 2491 2329
f 2331 2382 2381
f 2331 2258 2382
f 2329 2436 2332
f 2329 2491 2436
f 2265 2334 2382
f 2332 2436 2438
f 2438 2383 2262
f 2336 2384 2334
f 2267 2266 2385
f 2266 2383 2385
f 2386 2439 2264
f 2264 2384 2336
f 2439 2384 2264
f 2387 2158 2385
f 2385 2158 2267
f 2339 2386 2264
f 2339 2388 2386
f 2338 2337 2441
f 2387 2441 2337
f 2388 2339 2390
f 2389 2391 2338
f 2389 2338 2441
f 2339 2392 2390
f 2340 2392 2339
f 2392 2340 2394
f 2394 2395 2392
f 2345 2395 2394
f 2341 2395 2345
f 2341 2396 2395
f 2397 2341 2342
f 2397 2396 2341
f 2340 2344 2348
f 2394 2340 2348
f 2394 2348 2398
f 2394 2398 2345
f 2347 2397 2342
f 2347 2399 2397
f 2343 2393 2451
f 2400 2343 2451
f 2349 2399 2347
f 2402 2400 2451
f 2401 2400 2402
f 2401 2350 2400
f 2353 2406 2349
f 2403 2401 2402
f 2350 2401 2403
f 2402 2455 2403
f 2406 2404 2405
f 2353 2404 2406
f 2403 2455 2354
f 2355 2354 2455
f 2355 2455 2456
f 2356 2359 2407
f 2356 2407 2352
f 2352 2407 2404
f 2404 2407 2463
f 2357 2403 2354
f 2456 2408 2355
f 2409 2460 2408
f 2460 2461 2410
f 2410 2464 2358
f 2412 2366 2367
f 2369 2412 2367
f 2411 2368 2366
f 2366 2412 2411
f 2311 2412 2369
f 2411 2413 2368
f 2412 2311 2414
f 2311 2314 2414
f 2413 2411 2415
f 2315 2414 2314
f 2315 2417 2414
f 2416 2313 2415
f 2419 2417 2370
f 2416 2371 2313
f 2418 2371 2416
f 2421 2419 2373
f 2370 2373 2419
f 2372 2371 2418
f 2375 2420 2374
f 2372 2420 2375
f 2322 2421 2373
f 2422 2376 2374
f 2423 2422 2374
f 2423 2374 2420
f 2377 2421 2322
f 2377 2424 2421
f 2425 2376 2426
f 2422 2426 2376
f 2424 2377 2430
f 2426 2429 2425
f 2427 2429 2426
f 2429 2427 2428
f 2378 2430 2377
f 2484 2431 2427
f 2431 2428 2427
f 2431 2429 2428
f 2431 2379 2429
f 2433 2378 2326
f 2431 2484 2486
f 2431 2432 2379
f 2486 2432 2431
f 2326 2380 2433
f 2432 2486 2488
f 2434 2432 2488
f 2435 2328 2381
f 2435 2489 2328
f 2381 2382 2435
f 2382 2492 2435
f 2382 2334 2492
f 2334 2437 2492
f 2537 2438 2436
f 2437 2334 2440
f 2537 2383 2438
f 2440 2384 2439
f 2334 2384 2440
f 2386 2494 2439
f 2441 2387 2442
f 2388 2443 2386
f 2389 2441 2444
f 2499 2443 2388
f 2499 2388 2390
f 2445 2499 2390
f 2444 2391 2389
f 2501 2391 2444
f 2392 2445 2390
f 2445 2447 2446
f 2445 2392 2447
f 2501 2393 2391
f 2392 2395 2447
f 2395 2448 2447
f 2448 2396 2449
f 2448 2395 2396
f 2449 2396 2450
f 2450 2396 2397
f 2397 2399 2450
f 2393 2503 2451
f 2452 2402 2451
f 2503 2452 2451
f 2402 2452 2453
f 2454 2453 2452
f 2349 2505 2399
f 2453 2454 2550
f 2349 2406 2505
f 2453 2550 2506
f 2453 2455 2402
f 2453 2506 2455
f 2405 2508 2406
f 2506 2456 2455
f 2463 2407 2462
f 2463 2405 2404
f 2463 2508 2405
f 2456 2459 2408
f 2409 2459 2457
f 2409 2408 2459
f 2458 2409 2457
f 2458 2460 2409
f 2359 2358 2513
f 2407 2359 2462
f 2359 2513 2462
f 2461 2460 2512
f 2512 2517 2410
f 2461 2512 2410
f 2465 2410 2517
f 2465 2464 2410
f 2412 2466 2411
f 2412 2414 2466
f 2467 2466 2468
f 2411 2466 2467
f 2466 2469 2468
f 2469 2466 2414
f 2467 2415 2411
f 2468 2469 2419
f 2468 2419 2470
f 2419 2469 2417
f 2414 2417 2469
f 2415 2467 2416
f 2467 2471 2416
f 2471 2470 2419
f 2472 2418 2416
f 2473 2416 2471
f 2472 2416 2473
f 2421 2473 2419
f 2473 2471 2419
f 2474 2372 2418
f 2472 2474 2418
f 2474 2420 2372
f 2475 2420 2474
f 2473 2476 2472
f 2421 2476 2473
f 2477 2422 2423
f 2423 2420 2477
f 2420 2475 2477
f 2421 2424 2476
f 2478 2422 2481
f 2478 2426 2422
f 2422 2479 2481
f 2477 2479 2422
f 2424 2430 2482
f 2426 2480 2427
f 2478 2480 2426
f 2482 2378 2483
f 2482 2430 2378
f 2525 2484 2480
f 2484 2427 2480
f 2485 2483 2433
f 2483 2378 2433
f 2484 2525 2486
f 2487 2433 2380
f 2487 2485 2433
f 2486 2532 2488
f 2380 2489 2487
f 2328 2489 2380
f 2488 2532 2490
f 2490 2434 2488
f 2434 2490 2491
f 2492 2493 2435
f 2491 2490 2436
f 2436 2490 2578
f 2492 2437 2493
f 2437 2536 2493
f 2578 2537 2436
f 2536 2440 2495
f 2536 2437 2440
f 2496 2383 2537
f 2439 2494 2440
f 2440 2494 2495
f 2387 2496 2442
f 2387 2385 2496
f 2496 2385 2383
f 2441 2442 2498
f 2498 2497 2444
f 2498 2444 2441
f 2500 2445 2446
f 2500 2499 2445
f 2497 2501 2444
f 2447 2500 2446
f 2447 2502 2500
f 2447 2448 2502
f 2449 2502 2448
f 2503 2393 2501
f 2547 2449 2450
f 2504 2547 2450
f 2450 2399 2504
f 2505 2504 2399
f 2452 2548 2454
f 2548 2550 2454
f 2508 2505 2406
f 2506 2550 2507
f 2507 2456 2506
f 2463 2554 2508
f 2459 2507 2509
f 2456 2507 2459
f 2459 2509 2457
f 2509 2510 2457
f 2457 2510 2458
f 2510 2460 2458
f 2514 2462 2513
f 2511 2462 2514
f 2462 2511 2463
f 2511 2554 2463
f 2510 2557 2460
f 2512 2460 2557
f 2464 2513 2358
f 2516 2512 2557
f 2516 2517 2512
f 2518 2465 2517
f 2515 2465 2518
f 2465 2560 2464
f 2515 2560 2465
f 2470 2467 2468
f 2470 2471 2467
f 2472 2476 2474
f 2477 2519 2563
f 2519 2477 2475
f 2520 2519 2475
f 2474 2520 2475
f 2521 2474 2476
f 2520 2474 2521
f 2424 2521 2476
f 2563 2479 2477
f 2563 2522 2479
f 2521 2424 2482
f 2523 2480 2478
f 2481 2523 2478
f 2522 2481 2479
f 2524 2521 2482
f 2525 2480 2526
f 2527 2526 2480
f 2523 2527 2480
f 2528 2524 2482
f 2528 2482 2483
f 2529 2528 2483
f 2529 2483 2485
f 2525 2526 2530
f 2486 2525 2530
f 2531 2529 2485
f 2531 2485 2487
f 2530 2574 2486
f 2532 2486 2574
f 2489 2531 2487
f 2577 2531 2489
f 2490 2532 2575
f 2577 2435 2533
f 2577 2489 2435
f 2575 2534 2490
f 2435 2493 2533
f 2578 2490 2534
f 2533 2495 2535
f 2536 2495 2533
f 2536 2533 2493
f 2495 2494 2538
f 2386 2538 2494
f 2386 2539 2538
f 2442 2581 2540
f 2442 2496 2581
f 2443 2539 2386
f 2583 2497 2498
f 2540 2498 2442
f 2541 2497 2583
f 2621 2443 2499
f 2621 2499 2542
f 2499 2500 2542
f 2500 2543 2542
f 2502 2543 2500
f 2544 2501 2497
f 2544 2497 2541
f 2502 2545 2543
f 2585 2501 2544
f 2503 2501 2585
f 2546 2545 2502
f 2546 2502 2449
f 2547 2546 2449
f 2587 2503 2585
f 2547 2504 2551
f 2505 2551 2504
f 2503 2591 2452
f 2587 2591 2503
f 2591 2548 2452
f 2549 2550 2548
f 2549 2592 2550
f 2551 2505 2508
f 2592 2631 2550
f 2631 2507 2550
f 2631 2552 2507
f 2552 2509 2507
f 2553 2511 2514
f 2553 2554 2511
f 2509 2552 2555
f 2555 2510 2509
f 2514 2513 2558
f 2553 2514 2558
f 2555 2557 2510
f 2560 2596 2464
f 2513 2464 2558
f 2464 2596 2558
f 2556 2557 2555
f 2557 2556 2561
f 2561 2516 2557
f 2562 2517 2516
f 2562 2516 2561
f 2559 2517 2562
f 2518 2517 2559
f 2518 2559 2515
f 2515 2559 2598
f 2515 2598 2560
f 2564 2522 2563
f 2519 2565 2564
f 2563 2519 2564
f 2565 2519 2520
f 2566 2565 2520
f 2566 2521 2568
f 2566 2520 2521
f 2481 2522 2567
f 2567 2522 2564
f 2524 2568 2521
f 2528 2568 2524
f 2523 2569 2527
f 2523 2481 2567
f 2569 2523 2567
f 2570 2528 2529
f 2571 2530 2526
f 2527 2571 2526
f 2569 2571 2527
f 2572 2529 2531
f 2572 2531 2573
f 2531 2577 2573
f 2575 2532 2574
f 2577 2576 2573
f 2616 2534 2575
f 2574 2616 2575
f 2535 2576 2577
f 2535 2577 2533
f 2534 2579 2578
f 2534 2616 2579
f 2495 2539 2535
f 2579 2537 2578
f 2538 2539 2495
f 2582 2581 2579
f 2581 2496 2579
f 2579 2496 2537
f 2583 2498 2580
f 2580 2498 2540
f 2580 2540 2581
f 2619 2541 2583
f 2657 2541 2619
f 2620 2443 2621
f 2657 2544 2541
f 2659 2544 2657
f 2543 2621 2542
f 2543 2545 2584
f 2659 2585 2544
f 2584 2545 2586
f 2545 2546 2586
f 2587 2585 2588
f 2586 2546 2589
f 2589 2546 2547
f 2589 2547 2590
f 2547 2551 2590
f 2591 2587 2588
f 2591 2549 2548
f 2592 2629 2631
f 2554 2632 2508
f 2554 2593 2632
f 2553 2593 2554
f 2594 2555 2552
f 2553 2558 2595
f 2556 2555 2594
f 2595 2558 2596
f 2594 2634 2556
f 2560 2598 2597
f 2560 2597 2596
f 2556 2634 2639
f 2599 2561 2556
f 2599 2556 2639
f 2640 2561 2599
f 2635 2561 2640
f 2562 2561 2635
f 2562 2636 2559
f 2562 2635 2636
f 2559 2636 2598
f 2565 2643 2564
f 2565 2600 2643
f 2601 2565 2566
f 2601 2600 2565
f 2602 2566 2568
f 2602 2601 2566
f 2568 2603 2602
f 2567 2604 2645
f 2604 2564 2643
f 2567 2564 2604
f 2568 2605 2603
f 2528 2605 2568
f 2606 2605 2528
f 2569 2608 2607
f 2608 2567 2645
f 2569 2567 2608
f 2570 2606 2528
f 2609 2569 2607
f 2571 2569 2609
f 2529 2572 2610
f 2609 2530 2571
f 2611 2530 2609
f 2610 2573 2612
f 2572 2573 2610
f 2530 2611 2614
f 2614 2574 2530
f 2576 2613 2612
f 2576 2612 2573
f 2614 2611 2615
f 2614 2616 2574
f 2613 2576 2535
f 2613 2535 2618
f 2614 2579 2616
f 2614 2615 2579
f 2618 2535 2539
f 2617 2582 2615
f 2615 2582 2579
f 2580 2581 2617
f 2617 2581 2582
f 2539 2620 2618
f 2619 2583 2580
f 2443 2620 2539
f 2584 2622 2543
f 2622 2621 2543
f 2659 2623 2585
f 2623 2588 2585
f 2660 2588 2623
f 2622 2584 2624
f 2586 2624 2584
f 2662 2588 2660
f 2625 2624 2586
f 2625 2586 2589
f 2625 2589 2626
f 2589 2590 2626
f 2588 2662 2591
f 2591 2664 2549
f 2662 2664 2591
f 2590 2551 2627
f 2664 2592 2549
f 2628 2592 2664
f 2551 2630 2627
f 2629 2592 2628
f 2508 2630 2551
f 2632 2630 2508
f 2726 2552 2631
f 2593 2633 2632
f 2593 2553 2633
f 2595 2670 2553
f 2553 2670 2633
f 2597 2598 2638
f 2673 2639 2634
f 2636 2674 2598
f 2637 2674 2636
f 2598 2674 2638
f 2640 2678 2635
f 2641 2635 2678
f 2641 2636 2635
f 2637 2636 2641
f 2643 2600 2642
f 2644 2642 2600
f 2601 2644 2600
f 2602 2644 2601
f 2647 2646 2606
f 2647 2606 2570
f 2570 2529 2647
f 2609 2607 2685
f 2609 2685 2648
f 2610 2647 2529
f 2610 2651 2647
f 2648 2611 2609
f 2649 2611 2648
f 2651 2612 2650
f 2651 2610 2612
f 2613 2650 2612
f 2649 2615 2611
f 2652 2615 2649
f 2617 2652 2653
f 2615 2652 2617
f 2653 2691 2580
f 2653 2580 2617
f 2613 2618 2693
f 2619 2580 2691
f 2619 2691 2692
f 2693 2618 2654
f 2620 2654 2618
f 2654 2655 2693
f 2654 2656 2655
f 2620 2656 2654
f 2620 2658 2656
f 2620 2706 2658
f 2620 2621 2706
f 2621 2622 2661
f 2706 2621 2661
f 2623 2659 2696
f 2623 2696 2660
f 2662 2660 2707
f 2622 2624 2663
f 2624 2625 2663
f 2663 2625 2626
f 2627 2626 2590
f 2784 2628 2664
f 2628 2665 2629
f 2784 2665 2628
f 2788 2631 2629
f 2788 2629 2665
f 2632 2666 2630
f 2788 2726 2631
f 2666 2632 2667
f 2632 2633 2667
f 2726 2594 2552
f 2668 2594 2726
f 2634 2594 2668
f 2672 2669 2596
f 2672 2596 2597
f 2595 2596 2669
f 2668 2671 2634
f 2672 2638 2676
f 2597 2638 2672
f 2671 2673 2634
f 2638 2674 2675
f 2638 2675 2676
f 2639 2673 2599
f 2599 2677 2640
f 2673 2677 2599
f 2640 2677 2678
f 2637 2679 2674
f 2637 2641 2679
f 2675 2674 2679
f 2678 2677 2680
f 2678 2808 2641
f 2680 2808 2678
f 2809 2641 2808
f 2679 2641 2809
f 2643 2642 2681
f 2643 2681 2682
f 2644 2681 2642
f 2746 2602 2603
f 2746 2603 2683
f 2604 2812 2645
f 2683 2603 2605
f 2684 2605 2606
f 2684 2683 2605
f 2606 2646 2684
f 2608 2645 2812
f 2646 2647 2686
f 2684 2646 2686
f 2685 2749 2648
f 2647 2651 2686
f 2816 2649 2648
f 2648 2749 2816
f 2651 2650 2687
f 2688 2649 2816
f 2613 2689 2650
f 2650 2689 2687
f 2649 2688 2652
f 2690 2652 2688
f 2653 2652 2690
f 2613 2693 2689
f 2690 2691 2653
f 2759 2619 2692
f 2759 2657 2619
f 2656 2695 2655
f 2694 2657 2759
f 2656 2658 2695
f 2659 2657 2694
f 2699 2698 2766
f 2695 2658 2700
f 2659 2694 2696
f 2768 2660 2696
f 2770 2701 2660
f 2768 2770 2660
f 2701 2770 2697
f 2702 2697 2698
f 2701 2697 2702
f 2702 2698 2703
f 2703 2698 2704
f 2705 2698 2699
f 2704 2698 2705
f 2706 2700 2658
f 2701 2707 2660
f 2707 2701 2708
f 2702 2709 2708
f 2701 2702 2708
f 2702 2710 2709
f 2703 2710 2702
f 2775 2703 2704
f 2710 2703 2775
f 2704 2711 2775
f 2711 2704 2705
f 2707 2708 2712
f 2662 2707 2712
f 2663 2713 2622
f 2622 2713 2661
f 2662 2712 2664
f 2664 2712 2784
f 2715 2663 2626
f 2715 2713 2663
f 2715 2626 2714
f 2626 2716 2714
f 2626 2627 2716
f 2719 2718 2716
f 2627 2719 2716
f 2630 2719 2627
f 2722 2720 2721
f 2719 2666 2723
f 2630 2666 2719
f 2724 2722 2721
f 2721 2789 2724
f 2723 2666 2667
f 2725 2723 2667
f 2727 2722 2724
f 2728 2724 2789
f 2733 2725 2633
f 2667 2633 2725
f 2729 2668 2726
f 2730 2727 2734
f 2734 2727 2731
f 2731 2727 2724
f 2731 2724 2728
f 2732 2595 2669
f 2728 2732 2669
f 2732 2728 2789
f 2595 2733 2670
f 2732 2733 2595
f 2633 2670 2733
f 2794 2668 2729
f 2731 2735 2734
f 2672 2728 2669
f 2672 2731 2728
f 2668 2794 2671
f 2671 2794 2797
f 2735 2731 2676
f 2735 2676 2738
f 2676 2731 2672
f 2736 2673 2797
f 2673 2671 2797
f 2801 2736 2797
f 2739 2738 2675
f 2676 2675 2738
f 2801 2673 2736
f 2801 2740 2677
f 2673 2801 2677
f 2679 2739 2675
f 2679 2741 2739
f 2740 2742 2677
f 2680 2677 2742
f 2743 2679 2809
f 2741 2679 2743
f 2742 2808 2680
f 2744 2682 2681
f 2644 2744 2681
f 2745 2744 2644
f 2745 2644 2602
f 2746 2745 2602
f 2747 2812 2604
f 2604 2643 2682
f 2604 2682 2747
f 2607 2748 2685
f 2860 2607 2608
f 2860 2748 2607
f 2608 2812 2860
f 2683 2684 2814
f 2686 2814 2684
f 2748 2749 2685
f 2814 2651 2750
f 2686 2651 2814
f 2751 2750 2687
f 2689 2751 2687
f 2651 2687 2750
f 2752 2688 2816
f 2818 2751 2689
f 2753 2688 2752
f 2755 2754 2818
f 2755 2818 2689
f 2753 2823 2690
f 2690 2688 2753
f 2693 2755 2689
f 2823 2691 2690
f 2824 2691 2823
f 2757 2754 2755
f 2756 2754 2757
f 2692 2691 2824
f 2692 2824 2826
f 2758 2757 2755
f 2758 2755 2693
f 2826 2759 2692
f 2761 2757 2758
f 2760 2757 2761
f 2761 2693 2655
f 2761 2758 2693
f 2763 2829 2832
f 2832 2764 2763
f 2764 2833 2760
f 2695 2761 2655
f 2767 2694 2759
f 2765 2762 2763
f 2765 2763 2764
f 2765 2764 2766
f 2766 2764 2760
f 2694 2767 2696
f 2769 2768 2696
f 2767 2769 2696
f 2762 2768 2769
f 2770 2768 2762
f 2770 2765 2697
f 2770 2762 2765
f 2697 2765 2698
f 2698 2765 2766
f 2766 2771 2699
f 2766 2760 2771
f 2772 2760 2761
f 2771 2760 2772
f 2700 2761 2695
f 2772 2761 2700
f 2771 2705 2699
f 2706 2772 2700
f 2709 2836 2708
f 2773 2836 2709
f 2774 2709 2710
f 2774 2773 2709
f 2775 2774 2710
f 2711 2774 2775
f 2711 2776 2774
f 2776 2711 2705
f 2777 2776 2705
f 2771 2777 2705
f 2777 2771 2778
f 2778 2772 2779
f 2771 2772 2778
f 2772 2706 2779
f 2708 2884 2712
f 2836 2884 2708
f 2780 2779 2706
f 2706 2661 2780
f 2661 2713 2780
f 2884 2784 2712
f 2841 2784 2884
f 2781 2780 2713
f 2713 2715 2781
f 2784 2841 2717
f 2717 2841 2843
f 2783 2782 2781
f 2783 2781 2786
f 2786 2781 2715
f 2714 2786 2715
f 2716 2718 2714
f 2845 2784 2717
f 2843 2845 2717
f 2782 2783 2720
f 2720 2783 2721
f 2721 2783 2785
f 2783 2786 2785
f 2786 2714 2718
f 2847 2665 2784
f 2847 2784 2845
f 2720 2722 2782
f 2787 2785 2786
f 2723 2786 2718
f 2787 2786 2723
f 2719 2723 2718
f 2847 2788 2665
f 2785 2789 2721
f 2789 2785 2787
f 2725 2787 2723
f 2788 2847 2920
f 2788 2920 2726
f 2727 2790 2722
f 2789 2787 2791
f 2791 2787 2792
f 2733 2792 2725
f 2792 2787 2725
f 2920 2729 2726
f 2730 2793 2790
f 2727 2730 2790
f 2791 2732 2789
f 2732 2791 2733
f 2733 2791 2792
f 2729 2798 2794
f 2796 2795 2793
f 2730 2796 2793
f 2734 2735 2730
f 2730 2735 2796
f 2798 2797 2794
f 2854 2797 2798
f 2799 2803 2795
f 2796 2799 2795
f 2799 2796 2800
f 2738 2796 2735
f 2800 2796 2738
f 2802 2801 2797
f 2854 2802 2797
f 2805 2799 2737
f 2805 2803 2799
f 2799 2739 2737
f 2799 2800 2739
f 2739 2800 2738
f 2802 2740 2801
f 2804 2740 2802
f 2741 2805 2737
f 2739 2741 2737
f 2805 2741 2806
f 2740 2804 2742
f 2806 2741 2743
f 2807 2806 2743
f 2743 2809 2807
f 2859 2682 2744
f 2744 2745 2810
f 2811 2745 2746
f 2747 2682 2859
f 2813 2746 2683
f 2811 2746 2813
f 2748 2860 2865
f 2813 2683 2814
f 2813 2814 2815
f 2865 2749 2748
f 2815 2751 2863
f 2815 2814 2750
f 2751 2815 2750
f 2865 2816 2749
f 2819 2818 2817
f 2818 2819 2863
f 2751 2818 2863
f 2867 2752 2816
f 2754 2820 2817
f 2754 2817 2818
f 2867 2753 2752
f 2867 2869 2753
f 2822 2821 2820
f 2754 2822 2820
f 2873 2823 2753
f 2869 2873 2753
f 2823 2873 2876
f 2823 2876 2824
f 2825 2821 2822
f 2756 2822 2754
f 2824 2827 2826
f 2824 2876 2827
f 2828 2877 2825
f 2829 2828 2825
f 2830 2825 2822
f 2830 2822 2756
f 2757 2830 2756
f 2834 2759 2826
f 2834 2826 2827
f 2831 2827 2828
f 2835 2827 2831
f 2831 2828 2829
f 2829 2825 2832
f 2832 2825 2830
f 2832 2830 2833
f 2760 2833 2757
f 2757 2833 2830
f 2835 2834 2827
f 2835 2831 2762
f 2762 2831 2763
f 2763 2831 2829
f 2764 2832 2833
f 2834 2767 2759
f 2767 2834 2835
f 2762 2769 2835
f 2767 2835 2769
f 2837 2773 2774
f 2837 2774 2776
f 2838 2837 2776
f 2838 2776 2777
f 2777 2839 2838
f 2778 2839 2777
f 2839 2778 2779
f 2840 2839 2779
f 2780 2840 2779
f 2781 2842 2780
f 2842 2840 2780
f 2782 2844 2842
f 2782 2842 2781
f 2845 2843 2888
f 2722 2846 2782
f 2782 2846 2844
f 2845 2888 2847
f 2846 2722 2848
f 2847 2888 2892
f 2790 2848 2722
f 2847 2892 2920
f 2850 2849 2790
f 2851 2729 2920
f 2852 2850 2793
f 2793 2850 2790
f 2798 2729 2851
f 2853 2852 2793
f 2793 2795 2853
f 2854 2798 2851
f 2855 2795 2803
f 2855 2853 2795
f 2802 2854 2856
f 2805 2855 2803
f 2856 2804 2802
f 2804 2856 2897
f 2807 2857 2806
f 2897 2742 2804
f 2897 2933 2742
f 2742 2858 2808
f 2933 2858 2742
f 2808 2858 2809
f 2807 2809 2858
f 2812 2861 2860
f 2812 2747 2861
f 2862 2747 2859
f 2861 2747 2862
f 2862 2859 2744
f 2899 2744 2810
f 2862 2744 2899
f 2899 2810 2745
f 2813 2864 2745
f 2811 2813 2745
f 2934 2865 2860
f 2813 2863 2864
f 2815 2863 2813
f 2939 2816 2865
f 2902 2817 2868
f 2817 2866 2819
f 2902 2866 2817
f 2863 2819 2866
f 2939 2867 2816
f 2820 2872 2868
f 2820 2868 2817
f 2867 2870 2869
f 2870 2867 2871
f 2874 2869 2870
f 2873 2869 2874
f 2874 2870 2871
f 2874 2871 2875
f 2821 2875 2872
f 2821 2872 2820
f 2876 2873 2874
f 2876 2874 2877
f 2877 2875 2825
f 2877 2874 2875
f 2825 2875 2821
f 2827 2876 2828
f 2828 2876 2877
f 2838 2879 2837
f 2838 2880 2879
f 2773 2882 2836
f 2882 2837 2878
f 2773 2837 2882
f 2880 2838 2839
f 2881 2880 2839
f 2883 2881 2839
f 2884 2836 2882
f 2885 2884 2882
f 2910 2886 2885
f 2840 2883 2839
f 2840 2887 2883
f 2884 2913 2841
f 2884 2885 2913
f 2885 2886 2913
f 2842 2887 2840
f 2913 2843 2841
f 2842 2844 2887
f 2887 2844 2889
f 2913 2888 2843
f 2890 2889 2846
f 2889 2844 2846
f 2915 2891 2888
f 2890 2846 2848
f 2891 2892 2888
f 2849 2848 2790
f 2893 2848 2849
f 2893 2849 2850
f 2921 2851 2920
f 2923 2893 2850
f 2852 2923 2850
f 2894 2851 2921
f 2895 2852 2853
f 2923 2852 2895
f 2894 2854 2851
f 2855 2896 2853
f 2896 2895 2853
f 2856 2854 2894
f 2805 2896 2855
f 2805 2806 2896
f 2857 2896 2806
f 2926 2897 2856
f 2933 2926 2928
f 2897 2926 2933
f 2928 2931 2933
f 2857 2807 2898
f 2807 2858 2898
f 2745 2864 2899
f 2900 2934 2860
f 2860 2861 2900
f 2862 2899 2901
f 2863 2901 2864
f 2901 2899 2864
f 2865 2934 2936
f 2903 2901 2902
f 2866 2902 2901
f 2863 2866 2901
f 2936 2939 2865
f 2902 2868 2903
f 2940 2867 2939
f 2867 2940 2871
f 2871 2940 2941
f 2868 2872 2903
f 2903 2872 2941
f 2871 2941 2875
f 2872 2875 2941
f 2906 2878 2904
f 2878 2837 2904
f 2904 2837 2879
f 2904 2879 2905
f 2879 2907 2905
f 2880 2907 2879
f 2908 2880 2881
f 2908 2907 2880
f 2908 2881 2909
f 2944 2882 2878
f 2944 2878 2906
f 2909 2881 2883
f 2944 2885 2882
f 2885 2911 2910
f 2944 2911 2885
f 2950 2913 2886
f 2950 2886 2910
f 2950 2910 2911
f 2912 2883 2887
f 2912 2887 2889
f 2914 2888 2913
f 2950 2914 2913
f 2914 2915 2888
f 2918 2916 2890
f 2889 2890 2916
f 2917 2891 2915
f 2848 2918 2890
f 2892 2891 2917
f 2892 2917 2919
f 2893 2918 2848
f 2920 2892 2919
f 2893 2922 2918
f 2920 2957 2921
f 2923 2922 2893
f 2921 2927 2894
f 2924 2923 2895
f 2925 2895 2896
f 2925 2924 2895
f 2927 2926 2856
f 2927 2856 2894
f 2927 2928 2926
f 2929 2928 2927
f 2896 2930 2925
f 2928 2929 2931
f 2930 2857 2932
f 2896 2857 2930
f 2931 2967 2933
f 2898 2932 2857
f 2898 2969 2932
f 2967 2858 2933
f 2858 2969 2898
f 2967 2969 2858
f 2861 2935 2900
f 2862 2935 2861
f 2862 2901 2935
f 2934 2937 2936
f 2938 2934 2900
f 2937 2934 2938
f 2938 2900 2935
f 2938 2935 2903
f 2903 2935 2901
f 2939 2936 2937
f 2940 2939 2937
f 2941 2937 2938
f 2941 2938 2903
f 2940 2937 2941
f 2970 2906 2904
f 2970 2904 2905
f 2970 2905 2942
f 2942 2905 2943
f 2943 2905 2907
f 2908 2909 2907
f 2907 2909 2943
f 2906 2970 2945
f 2944 2906 2945
f 2883 2949 2909
f 2949 2943 2909
f 2911 2944 2945
f 2945 2947 2911
f 2945 2946 2947
f 2946 2971 2948
f 2946 2948 2947
f 2949 2883 2912
f 2947 2950 2911
f 2912 2889 2952
f 2914 2950 2951
f 2916 2952 2889
f 2914 2951 2915
f 2915 2951 2953
f 2918 2954 2916
f 2954 2952 2916
f 2955 2917 2953
f 2917 2915 2953
f 2954 2918 2958
f 2956 2919 2917
f 2955 2956 2917
f 2956 2957 2920
f 2956 2920 2919
f 2958 2918 2922
f 2959 2960 2923
f 2923 2961 2922
f 2923 2960 2961
f 2957 2927 2921
f 2927 2957 2959
f 2924 2962 2923
f 2962 2959 2923
f 2962 2927 2959
f 2924 2925 2962
f 2929 2927 2962
f 2962 2963 2929
f 2962 2925 2963
f 2963 2925 2930
f 2965 2931 2963
f 2963 2931 2929
f 2964 2966 2932
f 2965 2932 2966
f 2932 2965 2930
f 2963 2930 2965
f 2932 2968 2964
f 2965 2967 2931
f 2965 2966 2968
f 2969 2965 2968
f 2967 2965 2969
f 2968 2932 2969
f 2945 2970 2946
f 2946 2970 2942
f 2946 2942 2971
f 2942 2943 2971
f 2949 2971 2943
f 2912 2948 2949
f 2948 2971 2949
f 2972 2947 2948
f 2952 2972 2912
f 2972 2948 2912
f 2983 2951 2950
f 2947 2983 2950
f 2983 2947 2972
f 2972 2952 2973
f 2974 2953 2951
f 2974 2951 2983
f 2952 2954 2973
f 2953 2974 2955
f 2955 2974 2984
f 2975 2973 2954
f 2954 2958 2975
f 2956 2955 2984
f 2958 2978 2975
f 2956 2976 2957
f 2956 2984 2976
f 2976 2984 2977
f 2958 2979 2978
f 2957 2976 2959
f 2977 2985 2976
f 2922 2979 2958
f 2976 2960 2959
f 2961 2960 2976
f 2987 2961 2976
f 2985 2987 2976
f 2987 2980 2961
f 2961 2980 2922
f 2980 2979 2922
f 2988 2964 2981
f 2966 2988 2982
f 2966 2964 2988
f 2981 2968 2982
f 2981 2964 2968
f 2982 2968 2966
f 2973 2983 2972
f 2974 2983 2984
f 2975 2983 2973
f 2978 2983 2975
f 2984 2983 2978
f 2984 2985 2977
f 2984 2978 2985
f 2986 2985 2978
f 2979 2986 2978
f 2987 2986 2980
f 2987 2985 2986
f 2980 2986 2979
f 2982 2988 2981
