v 24.8 26.0 -6.0
v 25.0 26.0 -6.2
v 25.0 25.8 -6.0
v 25.0 25.7 -5.0
v 24.7 26.0 -5.0
v 25.0 25.7 -4.0
v 24.7 26.0 -4.0
v 25.0 25.8 -3.0
v 24.8 26.0 -3.0
v 25.0 26.0 -2.8
v 24.7 27.0 -6.0
v 25.0 27.0 -6.4
v 24.5 27.0 -5.0
v 24.5 27.0 -4.0
v 24.7 27.0 -3.0
v 25.0 27.0 -2.7
v 25.0 28.0 -6.3
v 25.0 28.0 -2.8
v 24.8 28.0 -6.0
v 24.6 28.0 -5.0
v 24.6 28.0 -4.0
v 24.8 28.0 -3.0
v 26.0 26.0 -6.2
v 26.0 25.8 -6.0
v 26.0 25.6 -5.0
v 26.0 25.6 -4.0
v 26.0 25.7 -3.0
v 26.0 26.0 -2.7
v 26.0 27.0 -6.7
v 26.0 27.0 -2.5
v 25.8 28.0 -8.0
v 26.0 27.8 -8.0
v 26.0 27.4 -7.0
v 25.5 28.0 -7.0
v 26.0 28.0 -2.4
v 25.6 29.0 -8.0
v 26.0 29.0 -8.5
v 25.5 29.0 -7.0
v 25.4 29.0 -6.0
v 25.4 29.0 -5.0
v 25.4 29.0 -4.0
v 25.6 29.0 -3.0
v 26.0 29.0 -2.6
v 25.8 30.0 -8.0
v 25.6 30.0 -7.0
v 25.6 30.0 -6.0
v 25.6 30.0 -5.0
v 26.1 29.7 -3.1
v 26.0 30.3 -8.0
v 26.0 30.4 -7.0
v 26.0 30.5 -5.0
v 25.7 30.0 -4.0
v 26.3 26.0 -6.0
v 26.7 26.3 -5.3
v 26.6 26.0 -4.0
v 27.0 26.0 -3.0
v 27.0 26.9 -7.0
v 27.0 26.5 -6.0
v 27.0 26.4 -4.0
v 27.0 27.0 -2.6
v 27.0 28.0 -9.2
v 27.0 27.8 -9.0
v 27.0 27.4 -8.0
v 26.6 28.0 -2.0
v 26.5 29.0 -9.0
v 27.0 29.0 -9.4
v 26.4 29.0 -2.0
v 27.0 28.1 -1.0
v 26.7 29.0 -1.0
v 27.0 29.0 -0.7
v 26.9 30.0 -16.0
v 27.0 30.0 -9.3
v 26.3 30.0 -3.0
v 26.7 30.0 -1.0
v 27.0 30.0 -0.7
v 26.8 31.0 -16.0
v 27.0 31.0 -16.3
v 27.0 31.0 -15.7
v 26.7 30.0 -9.0
v 26.7 31.0 -8.0
v 26.5 31.0 -7.0
v 26.5 31.0 -5.0
v 26.4 31.0 -4.0
v 26.6 31.0 -3.0
v 26.6 31.0 -2.0
v 26.8 31.0 -1.0
v 27.0 31.0 -0.8
v 27.0 32.0 -16.0
v 27.0 31.3 -8.0
v 27.0 31.4 -7.0
v 27.0 31.4 -6.0
v 26.9 32.0 -4.0
v 27.0 32.1 -4.0
v 27.0 31.6 -3.0
v 27.0 31.4 -2.0
v 27.0 31.2 -1.0
v 27.8 26.0 -16.0
v 28.0 25.8 -16.0
v 28.0 26.0 -15.0
v 27.6 27.0 -16.0
v 27.5 27.0 -15.0
v 28.0 26.7 -14.0
v 27.8 27.0 -14.0
v 28.0 27.0 -13.7
v 27.2 27.0 -7.0
v 27.5 27.0 -6.0
v 27.5 27.0 -4.0
v 27.4 27.0 -3.0
v 27.6 28.0 -16.0
v 27.5 28.0 -15.0
v 27.6 28.0 -14.0
v 28.0 28.0 -9.4
v 28.0 27.6 -9.0
v 28.0 27.5 -8.0
v 28.0 27.4 -7.0
v 28.0 27.4 -6.0
v 28.0 27.4 -5.0
v 28.0 27.5 -4.0
v 27.0 27.7 -2.0
v 28.0 27.7 -3.0
v 27.5 29.0 -16.0
v 27.6 29.0 -15.0
v 28.0 28.0 -13.0
v 28.0 29.0 -9.6
v 28.0 28.4 -2.0
v 28.0 28.7 -1.0
v 28.0 29.0 -0.8
v 27.6 30.0 -17.0
v 28.0 30.0 -17.4
v 27.4 30.0 -15.0
v 28.1 29.0 -14.0
v 27.6 30.0 -14.0
v 28.0 29.5 -13.0
v 27.7 30.0 -13.0
v 28.5 30.0 -12.0
v 28.0 30.0 -9.6
v 28.0 30.0 -0.6
v 27.5 31.0 -17.0
v 28.0 31.0 -17.5
v 27.4 31.0 -15.0
v 27.5 31.0 -14.0
v 27.6 31.0 -13.0
v 28.0 31.0 -12.5
v 27.6 31.0 -9.0
v 28.0 31.0 -9.4
v 28.0 31.0 -0.8
v 27.6 32.0 -17.0
v 28.0 32.0 -17.5
v 27.5 32.0 -15.0
v 27.5 32.0 -14.0
v 27.6 32.0 -13.0
v 28.0 32.0 -12.5
v 28.0 31.4 -9.0
v 28.0 31.6 -8.0
v 28.0 31.6 -7.0
v 28.0 31.8 -6.0
v 27.0 31.6 -5.0
v 27.4 32.0 -3.0
v 28.0 31.3 -1.0
v 28.0 33.0 -17.1
v 28.0 32.7 -16.0
v 28.0 33.0 -16.7
v 28.0 32.8 -15.0
v 27.6 33.0 -14.0
v 27.7 33.0 -13.0
v 28.0 33.0 -12.7
v 28.0 32.4 -5.0
v 28.0 32.5 -4.0
v 28.0 32.4 -3.0
v 28.0 32.1 -2.0
v 27.9 33.0 -17.0
v 27.9 34.0 -15.0
v 27.7 34.0 -14.0
v 28.1 33.8 -13.1
v 28.0 34.4 -14.0
v 28.8 26.0 -18.0
v 29.0 26.0 -18.2
v 29.0 25.8 -18.0
v 29.0 25.7 -17.0
v 28.6 26.0 -17.0
v 29.0 25.7 -16.0
v 29.0 26.3 -15.0
v 28.6 27.0 -18.0
v 29.0 27.0 -18.5
v 28.4 27.0 -17.0
v 29.0 26.6 -14.0
v 29.0 27.0 -13.5
v 28.8 28.0 -19.0
v 29.0 28.0 -19.2
v 28.5 28.0 -18.0
v 28.4 28.0 -17.0
v 29.0 27.5 -13.0
v 29.0 28.0 -12.5
v 29.0 28.0 -9.6
v 29.0 27.5 -9.0
v 29.0 27.4 -8.0
v 29.0 27.4 -7.0
v 29.0 27.5 -6.0
v 29.0 27.6 -5.0
v 28.5 28.0 -4.0
v 29.0 28.0 -4.5
v 28.3 28.0 -3.0
v 28.7 29.0 -19.0
v 28.3 29.0 -17.0
v 28.1 29.0 -14.0
v 28.3 29.0 -13.0
v 29.0 28.6 -12.0
v 28.7 29.0 -12.0
v 29.0 29.0 -11.5
v 28.6 29.0 -10.0
v 29.0 29.0 -10.5
v 29.3 28.0 -9.9
v 28.8 29.0 -4.0
v 29.0 29.0 -4.2
v 28.6 29.0 -3.0
v 28.5 29.0 -2.0
v 28.2 29.0 -1.0
v 28.6 30.0 -19.0
v 29.0 30.0 -19.4
v 28.4 30.0 -18.0
v 29.2 29.9 -11.0
v 28.5 30.0 -10.0
v 29.0 30.0 -10.7
v 29.0 29.2 -4.0
v 29.0 29.4 -3.0
v 29.0 29.6 -2.0
v 29.0 30.0 -1.6
v 28.4 30.0 -1.0
v 28.8 31.0 -20.0
v 29.0 31.0 -20.2
v 28.5 31.0 -19.0
v 28.5 31.0 -12.0
v 29.0 31.0 -11.3
v 28.5 31.0 -10.0
v 29.0 31.0 -10.7
v 28.3 31.0 -1.0
v 29.0 31.0 -1.5
v 28.7 32.0 -20.0
v 29.0 32.0 -20.3
v 28.5 32.0 -19.0
v 28.4 31.2 -18.0
v 28.5 32.0 -12.0
v 29.0 32.0 -11.5
v 28.8 32.0 -10.0
v 29.0 32.0 -10.3
v 28.6 32.0 -9.0
v 28.5 32.0 -8.0
v 28.4 32.0 -7.0
v 28.2 32.0 -6.0
v 29.0 31.6 -2.0
v 29.0 32.0 -2.4
v 28.6 33.0 -20.0
v 29.0 33.0 -20.4
v 28.5 33.0 -19.0
v 28.4 33.0 -18.0
v 28.2 33.0 -16.0
v 28.1 33.0 -15.0
v 28.7 33.0 -12.0
v 29.0 32.2 -10.0
v 29.0 32.4 -9.0
v 29.0 32.5 -8.0
v 28.8 33.0 -7.0
v 29.0 33.2 -7.0
v 28.6 33.0 -6.0
v 28.7 33.0 -5.0
v 29.0 32.7 -4.0
v 29.0 32.4 -3.0
v 28.7 34.0 -20.0
v 28.6 34.0 -19.0
v 29.1 33.9 -17.0
v 28.7 34.0 -16.0
v 29.0 34.0 -16.7
v 28.3 34.0 -13.0
v 29.0 34.0 -12.4
v 29.0 33.0 -11.7
v 29.0 33.4 -6.0
v 29.0 33.3 -5.0
v 29.0 34.4 -20.0
v 29.0 34.5 -19.0
v 28.7 34.0 -18.0
v 29.0 34.3 -16.0
v 29.0 34.7 -15.0
v 28.5 35.0 -14.0
v 28.3 35.0 -13.0
v 29.0 35.0 -12.6
v 29.0 35.4 -14.0
v 29.0 35.4 -13.0
v 30.0 26.0 -18.4
v 30.0 25.7 -18.0
v 30.0 25.7 -17.0
v 30.0 26.0 -16.5
v 29.6 27.0 -19.0
v 30.0 27.0 -19.3
v 30.0 26.6 -19.0
v 30.0 26.3 -16.0
v 30.0 26.7 -14.0
v 29.7 27.0 -10.0
v 30.0 27.0 -10.3
v 30.0 26.7 -10.0
v 30.0 26.5 -9.0
v 29.5 27.0 -9.0
v 30.0 26.5 -8.0
v 29.5 27.0 -8.0
v 30.0 26.6 -7.0
v 29.6 27.0 -7.0
v 30.0 27.0 -6.6
v 30.0 28.0 -19.5
v 30.0 27.5 -13.0
v 30.0 28.0 -12.4
v 29.7 28.0 -11.0
v 30.0 28.0 -11.5
v 30.0 27.7 -11.0
v 30.0 27.4 -6.0
v 30.1 27.7 -5.0
v 30.0 28.0 -4.7
v 29.0 29.1 -19.4
v 30.0 28.4 -12.0
v 29.3 29.0 -11.0
v 30.0 29.0 -4.3
v 30.1 30.0 -19.6
v 30.1 29.4 -4.0
v 30.0 29.6 -3.0
v 30.0 30.0 -2.4
v 30.0 31.0 -20.4
v 29.3 31.0 -11.0
v 30.0 30.6 -2.0
v 30.0 31.0 -1.8
v 30.0 32.0 -20.5
v 30.0 31.7 -11.0
v 30.0 32.0 -11.3
v 30.0 32.0 -10.6
v 30.0 31.3 -2.0
v 30.0 32.0 -2.5
v 30.0 33.0 -20.7
v 30.0 33.0 -11.6
v 30.0 32.4 -10.0
v 30.0 32.5 -9.0
v 30.0 32.7 -8.0
v 30.0 32.5 -3.0
v 29.0 34.0 -21.0
v 30.0 34.0 -21.3
v 30.0 33.4 -7.0
v 30.0 33.5 -6.0
v 30.0 33.5 -5.0
v 30.0 33.3 -4.0
v 30.0 34.4 -21.0
v 29.6 35.0 -20.0
v 30.0 35.0 -20.4
v 29.5 35.0 -19.0
v 29.5 35.0 -18.0
v 29.7 35.0 -17.0
v 30.0 34.9 -16.0
v 30.0 34.0 -11.9
v 30.0 35.0 -12.3
v 30.0 35.3 -20.0
v 30.0 35.4 -19.0
v 30.0 35.4 -18.0
v 30.0 35.3 -17.0
v 29.6 35.1 -15.0
v 29.8 36.1 -14.0
v 29.6 36.0 -13.0
v 30.0 36.3 -14.0
v 30.0 36.4 -13.0
v 30.0 36.0 -12.0
v 30.8 25.0 -8.0
v 31.0 24.8 -8.0
v 31.0 24.8 -7.0
v 30.8 25.0 -7.0
v 31.0 25.0 -6.8
v 31.0 26.0 -18.6
v 31.0 25.6 -18.0
v 31.0 26.1 -17.0
v 30.9 26.0 -10.0
v 31.0 26.0 -10.1
v 30.5 26.0 -9.0
v 30.4 26.0 -8.0
v 30.6 26.0 -7.0
v 31.0 26.0 -6.6
v 31.0 27.0 -19.5
v 31.0 26.3 -19.0
v 31.0 26.4 -16.0
v 31.0 26.6 -15.0
v 31.0 27.0 -14.4
v 31.0 27.0 -10.7
v 31.0 27.0 -6.4
v 31.0 28.0 -19.6
v 31.0 27.4 -14.0
v 31.0 27.8 -13.0
v 31.0 28.0 -12.7
v 31.0 28.0 -11.5
v 31.0 27.4 -6.0
v 31.0 29.0 -19.6
v 30.7 29.0 -12.0
v 31.0 29.0 -12.3
v 31.0 29.0 -11.8
v 31.0 29.0 -4.4
v 30.9 30.0 -12.0
v 31.0 30.0 -12.1
v 31.0 30.0 -11.9
v 31.0 29.7 -3.0
v 31.0 30.0 -2.7
v 31.0 31.0 -20.4
v 31.0 30.3 -20.0
v 30.8 31.0 -12.0
v 31.0 31.0 -12.2
v 31.0 31.0 -11.8
v 31.0 32.0 -20.7
v 30.6 32.0 -12.0
v 31.0 32.0 -12.3
v 31.0 31.5 -11.0
v 31.0 31.0 -1.9
v 31.0 32.0 -2.5
v 31.0 33.0 -21.3
v 30.5 33.0 -12.0
v 31.0 33.0 -12.4
v 31.0 32.6 -9.0
v 31.0 32.6 -3.0
v 31.0 33.0 -3.4
v 31.0 34.0 -21.4
v 30.2 34.0 -12.0
v 31.0 34.0 -12.4
v 31.0 33.3 -8.0
v 31.1 33.5 -7.0
v 31.0 33.5 -6.0
v 31.0 33.4 -4.0
v 31.0 35.0 -21.1
v 31.0 35.0 -12.4
v 31.0 35.5 -20.0
v 31.0 35.5 -19.0
v 31.0 35.7 -18.0
v 31.0 36.1 -17.0
v 30.6 36.0 -15.0
v 31.0 35.6 -12.0
v 31.0 36.0 -11.7
v 31.0 36.1 -17.0
v 31.0 36.3 -15.0
v 31.0 36.6 -14.0
v 31.0 36.7 -13.0
v 31.0 36.8 -12.0
v 31.9 22.0 -20.0
v 31.9 22.0 -20.0
v 31.6 23.0 -20.0
v 32.0 23.0 -20.6
v 32.0 22.4 -19.0
v 31.6 23.0 -19.0
v 31.8 23.0 -18.0
v 31.7 24.0 -21.0
v 32.3 23.0 -21.0
v 31.5 24.0 -20.0
v 31.5 24.0 -19.0
v 31.6 24.0 -18.0
v 31.7 25.0 -21.0
v 32.0 25.0 -21.3
v 31.5 25.0 -20.0
v 31.4 25.0 -18.0
v 32.0 24.0 -17.4
v 31.7 25.0 -17.0
v 32.0 24.8 -10.0
v 32.0 25.0 -10.2
v 32.0 24.5 -9.0
v 31.2 25.2 -9.0
v 32.0 24.4 -8.0
v 32.0 24.6 -7.0
v 32.0 25.0 -6.7
v 31.6 26.0 -20.0
v 31.3 26.0 -19.0
v 32.0 25.5 -16.0
v 31.6 26.0 -16.0
v 32.0 26.0 -15.6
v 32.0 26.0 -10.2
v 32.0 26.0 -6.5
v 31.5 27.0 -20.0
v 32.2 27.0 -20.7
v 32.0 26.5 -15.0
v 32.0 27.0 -14.5
v 31.5 27.0 -11.0
v 32.0 27.0 -11.4
v 32.0 26.5 -11.0
v 32.0 27.0 -6.3
v 31.5 28.0 -20.0
v 32.0 28.0 -14.0
v 31.3 28.0 -13.0
v 32.0 28.0 -11.6
v 32.0 28.0 -4.6
v 31.5 29.0 -20.0
v 32.0 29.0 -13.1
v 32.0 29.0 -4.3
v 31.0 30.0 -19.8
v 32.0 30.0 -20.5
v 32.0 30.0 -12.2
v 32.0 30.0 -11.8
v 32.0 29.3 -4.0
v 31.5 30.0 -3.0
v 32.0 30.0 -3.4
v 32.0 31.0 -12.3
v 32.0 31.0 -11.6
v 32.0 30.4 -3.0
v 32.0 31.0 -2.5
v 32.0 32.0 -21.3
v 32.0 32.0 -12.5
v 32.0 32.0 -2.5
v 32.0 33.0 -21.5
v 32.0 33.0 -12.5
v 31.1 32.4 -10.0
v 32.1 32.6 -9.0
v 31.5 33.0 -3.0
v 32.0 33.0 -2.7
v 32.0 34.0 -21.4
v 32.0 34.0 -12.6
v 32.0 33.4 -8.0
v 32.0 33.5 -7.0
v 31.1 33.5 -4.9
v 32.0 33.6 -4.0
v 32.0 33.7 -3.0
v 32.0 34.5 -21.0
v 31.0 35.1 -21.0
v 32.0 35.0 -20.4
v 32.0 35.0 -12.5
v 32.0 35.3 -20.0
v 32.0 35.5 -19.0
v 31.2 35.9 -16.0
v 32.0 36.0 -11.9
v 32.0 36.1 -18.0
v 32.0 36.4 -17.0
v 32.0 36.4 -16.0
v 32.0 36.6 -15.0
v 32.0 37.1 -14.0
v 31.8 37.0 -13.0
v 32.0 37.0 -12.8
v 32.0 36.1 -12.0
v 32.0 37.1 -13.0
v 32.7 18.0 -21.0
v 32.9 17.8 -21.0
v 33.0 17.7 -20.0
v 32.8 18.0 -20.0
v 33.0 18.0 -19.7
v 32.7 19.0 -22.0
v 33.0 18.6 -22.0
v 32.5 19.0 -21.0
v 32.5 19.0 -20.0
v 33.0 18.7 -19.0
v 32.7 19.0 -19.0
v 32.6 20.0 -22.0
v 32.5 20.0 -21.0
v 32.5 20.0 -20.0
v 32.5 20.0 -19.0
v 33.1 19.1 -18.4
v 32.7 20.0 -18.0
v 32.6 21.0 -22.0
v 32.5 21.0 -21.0
v 32.4 21.0 -20.0
v 32.5 21.0 -19.0
v 32.6 21.0 -18.0
v 32.6 22.0 -22.0
v 32.4 22.0 -21.0
v 32.3 22.0 -19.0
v 32.5 22.0 -18.0
v 33.3 22.0 -17.0
v 32.6 23.0 -22.0
v 32.6 23.0 -17.0
v 33.0 22.5 -17.0
v 32.8 23.0 -13.0
v 33.0 22.7 -13.0
v 33.0 22.5 -12.0
v 32.6 23.0 -12.0
v 32.6 23.0 -11.1
v 33.0 22.5 -10.0
v 32.6 23.0 -10.0
v 33.0 22.6 -9.0
v 32.6 23.0 -9.0
v 33.0 22.8 -8.0
v 32.8 23.0 -8.0
v 33.0 23.0 -7.8
v 32.5 24.0 -22.0
v 33.0 24.0 -22.5
v 32.3 24.0 -17.0
v 32.7 24.0 -16.0
v 33.0 24.0 -15.6
v 32.5 24.0 -12.0
v 32.5 24.0 -11.0
v 32.4 24.0 -10.0
v 32.4 24.0 -9.0
v 32.5 24.0 -8.0
v 33.0 24.0 -7.5
v 32.9 25.0 -22.2
v 32.4 25.0 -16.0
v 33.0 25.0 -15.4
v 32.6 24.0 -13.0
v 33.0 25.0 -13.5
v 32.5 25.0 -12.0
v 32.4 25.0 -11.0
v 33.0 24.7 -7.0
v 33.0 25.0 -6.8
v 33.2 26.0 -21.9
v 32.0 26.0 -20.6
v 33.0 26.0 -15.2
v 33.0 26.0 -13.7
v 32.6 26.0 -13.0
v 32.4 26.0 -11.0
v 33.0 26.0 -6.6
v 33.0 26.2 -15.0
v 33.0 26.3 -14.0
v 32.4 27.0 -14.0
v 32.5 27.0 -13.0
v 32.4 27.0 -12.0
v 33.0 27.0 -6.4
v 32.4 28.0 -13.0
v 32.3 28.0 -12.0
v 33.0 27.4 -6.0
v 33.9 27.6 -5.0
v 33.0 28.0 -4.6
v 32.0 29.0 -20.5
v 32.1 29.0 -13.0
v 32.3 29.0 -12.0
v 33.0 29.0 -3.9
v 32.2 30.0 -12.0
v 33.0 30.0 -3.4
v 32.0 31.0 -20.7
v 33.0 31.0 -21.5
v 33.0 30.7 -12.0
v 33.0 31.0 -12.3
v 33.0 31.0 -11.7
v 33.0 31.0 -2.6
v 33.0 32.0 -21.6
v 33.0 32.0 -12.6
v 32.1 31.4 -11.1
v 31.3 32.0 -10.5
v 33.0 32.0 -2.5
v 33.0 33.0 -21.6
v 33.0 33.0 -12.7
v 33.0 32.6 -9.0
v 33.0 33.0 -2.7
v 33.0 34.0 -21.5
v 33.0 34.0 -13.3
v 33.0 33.3 -8.0
v 33.0 33.5 -7.0
v 33.0 33.5 -6.0
v 33.0 33.5 -5.0
v 33.0 33.6 -4.0
v 33.0 33.3 -3.0
v 33.0 34.5 -21.0
v 33.0 34.7 -20.0
v 32.6 35.0 -13.0
v 33.0 35.0 -13.4
v 32.0 36.1 -18.0
v 33.0 35.5 -18.0
v 33.0 35.7 -17.0
v 33.0 35.8 -17.0
v 33.0 35.7 -13.0
v 33.1 36.0 -13.0
v 33.0 36.4 -16.0
v 33.0 36.4 -15.0
v 32.0 37.1 -14.0
v 33.0 36.5 -14.0
v 32.1 37.0 -13.0
v 33.0 36.2 -13.0
v 33.7 17.0 -21.0
v 34.0 16.8 -21.0
v 34.0 16.8 -20.0
v 34.0 17.0 -19.8
v 33.8 18.0 -23.0
v 34.0 17.8 -23.0
v 34.0 17.5 -22.0
v 33.4 18.0 -22.0
v 34.0 18.0 -19.4
v 33.7 18.0 -12.0
v 34.0 18.0 -12.9
v 34.0 17.7 -12.0
v 34.0 17.8 -11.0
v 33.8 18.0 -11.0
v 34.0 18.0 -10.8
v 33.8 19.0 -24.0
v 34.0 19.0 -24.2
v 33.4 19.0 -23.0
v 34.0 18.4 -19.0
v 34.0 18.6 -18.0
v 33.5 19.0 -18.0
v 34.0 18.8 -17.0
v 33.8 19.0 -17.0
v 34.0 19.0 -16.8
v 33.8 19.0 -13.0
v 34.0 18.1 -13.0
v 33.5 19.0 -12.0
v 33.7 19.0 -11.0
v 34.0 19.0 -10.7
v 34.0 20.0 -24.3
v 33.4 20.0 -17.0
v 33.9 20.0 -16.0
v 34.0 20.0 -15.9
v 33.7 20.0 -13.0
v 34.0 20.0 -13.4
v 33.6 20.0 -12.0
v 33.6 20.0 -11.0
v 34.0 20.0 -10.6
v 33.7 20.0 -24.0
v 34.0 21.0 -24.3
v 33.4 20.0 -23.0
v 33.4 21.0 -17.0
v 33.5 21.0 -16.0
v 34.0 20.6 -15.0
v 33.6 21.0 -15.0
v 34.0 20.5 -14.0
v 33.6 21.0 -14.0
v 33.6 21.0 -13.0
v 33.9 21.0 -12.0
v 33.6 21.0 -11.0
v 33.8 21.0 -10.0
v 34.0 21.0 -9.8
v 33.6 22.0 -24.0
v 34.0 22.0 -24.4
v 33.5 22.0 -16.0
v 33.5 22.0 -15.0
v 33.5 22.0 -14.0
v 33.4 22.0 -13.0
v 33.5 22.0 -12.0
v 33.4 22.0 -11.0
v 33.5 22.0 -10.0
v 34.0 22.0 -9.4
v 33.8 23.0 -25.0
v 34.0 23.0 -25.2
v 34.0 22.8 -25.0
v 33.5 23.0 -24.0
v 33.4 23.0 -23.0
v 33.3 23.0 -16.0
v 33.5 23.0 -15.0
v 33.4 23.0 -14.0
v 34.0 22.3 -9.0
v 34.0 22.6 -8.0
v 34.0 23.0 -7.6
v 33.5 24.0 -24.0
v 33.4 24.0 -23.0
v 33.4 24.0 -15.0
v 33.4 24.0 -14.0
v 34.0 24.0 -7.5
v 33.8 25.0 -24.0
v 34.0 25.0 -24.2
v 33.5 25.0 -23.0
v 33.4 25.0 -15.0
v 33.4 25.0 -14.0
v 33.3 25.0 -7.0
v 34.0 25.0 -7.4
v 34.0 25.2 -24.0
v 34.0 25.6 -23.0
v 33.2 26.0 -15.0
v 33.2 26.0 -14.0
v 34.0 26.0 -7.2
v 33.9 27.0 -22.5
v 34.0 26.3 -7.0
v 34.0 27.0 -6.3
v 34.0 27.3 -6.0
v 34.0 28.0 -4.6
v 34.0 28.8 -22.5
v 33.9 30.2 -22.4
v 34.0 29.0 -4.3
v 33.0 30.0 -21.5
v 34.0 31.0 -13.0
v 34.0 30.7 -12.0
v 34.0 31.0 -11.6
v 34.0 30.0 -3.5
v 34.0 31.0 -2.7
v 33.5 32.0 -13.0
v 34.0 32.0 -13.5
v 34.0 31.5 -11.0
v 34.0 32.0 -2.6
v 33.5 32.3 -22.0
v 34.0 33.0 -22.5
v 34.0 33.0 -13.5
v 33.0 32.4 -10.0
v 34.0 32.5 -9.0
v 33.0 33.0 -8.3
v 34.0 32.7 -8.0
v 33.4 33.0 -3.0
v 34.0 32.5 -3.0
v 34.0 33.0 -3.4
v 33.5 34.0 -22.0
v 34.0 34.0 -22.5
v 34.0 34.0 -13.7
v 34.0 33.4 -7.0
v 34.0 33.5 -6.0
v 34.0 33.6 -5.0
v 34.0 33.8 -4.0
v 33.8 35.0 -22.0
v 34.0 35.0 -22.2
v 33.5 35.0 -21.0
v 33.4 35.0 -20.0
v 33.0 34.9 -19.0
v 33.8 35.0 -14.0
v 34.0 35.0 -14.2
v 34.0 35.2 -22.0
v 34.0 35.4 -21.0
v 34.0 35.4 -20.0
v 34.0 35.4 -19.0
v 34.0 35.5 -18.0
v 34.0 35.6 -17.0
v 34.0 36.0 -16.2
v 33.9 36.0 -15.0
v 34.0 35.9 -15.0
v 33.9 36.0 -14.0
v 34.0 36.2 -16.0
v 35.0 16.6 -21.0
v 35.0 16.7 -20.0
v 35.0 17.0 -19.7
v 35.0 17.6 -23.0
v 35.0 17.4 -22.0
v 35.0 18.0 -19.3
v 35.0 18.0 -12.3
v 35.0 17.8 -12.0
v 35.0 17.8 -11.0
v 35.0 18.0 -10.8
v 35.0 19.0 -24.4
v 35.0 18.5 -24.0
v 35.0 18.3 -19.0
v 35.0 18.5 -18.0
v 35.0 18.8 -17.0
v 35.0 19.0 -16.8
v 34.0 19.0 -13.2
v 35.0 19.0 -12.6
v 35.0 19.0 -10.5
v 35.0 20.0 -24.5
v 34.3 20.0 -16.0
v 35.0 20.0 -16.3
v 35.0 20.0 -13.5
v 35.0 19.4 -13.0
v 35.0 20.0 -10.4
v 35.0 21.0 -24.5
v 35.0 20.2 -16.0
v 35.0 20.5 -15.0
v 35.0 20.4 -14.0
v 35.0 20.4 -10.0
v 35.0 21.0 -9.4
v 35.0 22.0 -24.6
v 35.0 21.5 -9.0
v 34.4 22.0 -9.0
v 35.0 22.0 -8.6
v 35.0 23.0 -25.1
v 35.0 22.7 -8.0
v 35.0 23.0 -7.7
v 34.0 24.0 -25.1
v 35.0 24.0 -24.6
v 35.0 24.0 -7.5
v 35.0 25.0 -7.6
v 35.0 25.3 -24.0
v 34.1 26.0 -22.7
v 35.0 26.0 -23.4
v 35.0 26.0 -7.3
v 35.0 27.0 -23.4
v 34.7 27.0 -19.0
v 35.0 26.1 -19.0
v 35.0 27.0 -19.3
v 34.6 27.0 -18.0
v 35.0 26.6 -18.0
v 34.8 27.0 -17.0
v 35.0 26.8 -17.0
v 35.0 27.0 -16.8
v 35.0 26.3 -7.0
v 35.0 26.7 -6.0
v 35.0 27.0 -5.6
v 34.5 27.0 -23.0
v 35.0 28.0 -23.4
v 34.7 28.0 -19.0
v 35.0 28.0 -19.3
v 34.5 28.0 -18.0
v 34.7 28.0 -17.0
v 35.0 28.0 -16.7
v 35.0 27.6 -5.0
v 35.0 28.0 -4.6
v 34.5 29.0 -23.0
v 35.0 29.0 -23.5
v 34.8 29.0 -19.0
v 35.0 29.0 -19.2
v 34.7 29.0 -18.0
v 34.8 29.0 -17.0
v 35.0 29.0 -16.8
v 34.4 30.0 -23.0
v 35.0 30.0 -23.8
v 35.0 29.2 -19.0
v 35.0 29.3 -18.0
v 35.0 29.2 -17.0
v 35.0 29.0 -4.4
v 35.0 30.0 -3.6
v 34.5 31.0 -23.0
v 35.0 31.0 -23.5
v 34.1 31.0 -13.0
v 35.0 30.9 -12.0
v 35.0 31.0 -11.8
v 35.0 31.0 -3.3
v 34.5 32.0 -23.0
v 35.0 32.0 -23.4
v 35.0 32.0 -14.2
v 35.0 31.8 -14.0
v 35.0 31.3 -13.0
v 35.0 31.5 -11.0
v 35.0 32.0 -10.5
v 35.0 31.9 -3.0
v 34.5 33.0 -23.0
v 35.0 33.0 -23.4
v 34.5 33.0 -14.0
v 35.0 33.0 -14.5
v 35.0 32.4 -10.0
v 35.0 32.5 -9.0
v 35.0 32.7 -8.0
v 35.0 33.0 -4.3
v 35.0 32.7 -4.0
v 35.0 32.0 -3.0
v 34.7 34.0 -23.0
v 35.0 34.0 -23.2
v 34.4 34.0 -14.0
v 35.0 34.0 -14.4
v 35.0 33.4 -7.0
v 35.0 33.7 -6.0
v 35.0 33.9 -5.0
v 35.0 34.3 -23.0
v 35.0 35.0 -22.4
v 35.0 35.0 -14.6
v 35.0 35.4 -22.0
v 35.0 35.5 -21.0
v 35.0 35.5 -18.1
v 35.0 35.5 -17.0
v 34.3 36.0 -16.0
v 35.0 35.6 -16.0
v 35.0 35.8 -15.0
v 36.0 17.0 -21.4
v 36.0 16.7 -21.0
v 36.0 17.0 -20.0
v 35.0 18.0 -23.5
v 36.0 17.4 -22.0
v 36.0 17.0 -20.0
v 36.0 17.5 -19.0
v 35.9 18.0 -19.0
v 36.0 18.0 -18.4
v 35.2 18.0 -12.0
v 35.2 18.0 -11.0
v 36.0 19.0 -24.4
v 36.0 18.5 -24.0
v 36.0 18.3 -18.0
v 35.3 19.0 -17.0
v 36.0 19.0 -17.8
v 35.7 19.0 -12.0
v 36.0 19.0 -11.2
v 36.1 19.0 -11.0
v 36.0 19.0 -10.9
v 36.0 20.0 -24.6
v 36.0 19.5 -17.0
v 36.0 20.0 -16.5
v 36.0 20.0 -13.5
v 36.0 19.6 -13.0
v 36.0 19.3 -12.0
v 36.0 20.0 -10.4
v 36.0 21.0 -24.6
v 36.0 20.4 -16.0
v 36.0 20.5 -15.0
v 36.0 20.4 -14.0
v 36.0 20.4 -10.0
v 36.0 20.5 -9.0
v 36.0 21.0 -8.8
v 36.0 22.0 -24.9
v 36.0 22.0 -8.5
v 35.2 23.0 -25.0
v 36.0 22.3 -24.0
v 35.7 23.0 -24.0
v 36.0 23.0 -23.7
v 36.0 23.0 -8.3
v 35.6 24.0 -24.0
v 36.0 24.0 -23.6
v 36.0 24.0 -7.8
v 35.0 25.0 -24.2
v 36.0 25.0 -23.5
v 36.0 25.0 -7.9
v 36.0 26.0 -22.9
v 36.0 25.7 -7.0
v 36.0 26.0 -6.6
v 36.0 27.0 -23.3
v 36.0 26.0 -22.9
v 36.0 26.1 -19.0
v 36.0 27.0 -19.3
v 36.0 26.6 -18.0
v 36.0 26.8 -17.0
v 36.0 27.0 -16.8
v 36.0 26.5 -6.0
v 36.0 27.0 -5.5
v 36.0 28.0 -19.3
v 36.0 28.0 -16.7
v 36.0 27.5 -5.0
v 36.0 28.0 -4.6
v 36.0 29.0 -23.4
v 36.0 29.0 -19.2
v 36.0 29.0 -16.8
v 36.0 29.0 -4.3
v 36.0 29.2 -19.0
v 36.0 29.3 -18.0
v 36.0 29.2 -17.0
v 36.0 29.4 -4.0
v 36.0 30.0 -3.6
v 36.0 31.0 -23.5
v 35.2 31.0 -12.0
v 36.0 31.0 -3.6
v 36.0 32.0 -23.5
v 36.0 31.6 -14.0
v 36.0 32.0 -14.4
v 36.0 31.5 -13.0
v 36.0 31.4 -12.0
v 36.0 31.6 -11.0
v 36.0 32.0 -10.4
v 35.7 32.0 -4.0
v 36.0 31.7 -4.0
v 36.0 32.0 -4.3
v 36.0 33.0 -23.5
v 36.0 33.0 -15.0
v 36.0 32.6 -9.0
v 36.0 33.0 -8.4
v 36.0 33.0 -4.6
v 36.0 34.0 -23.4
v 36.0 34.0 -14.8
v 36.0 33.3 -8.0
v 36.0 33.7 -7.0
v 35.7 34.0 -6.0
v 36.0 34.0 -6.3
v 36.0 34.0 -5.7
v 36.0 33.5 -5.0
v 36.0 34.6 -23.0
v 36.0 35.0 -22.6
v 36.0 34.4 -15.0
v 36.0 35.0 -15.4
v 36.0 34.1 -6.0
v 36.0 35.4 -22.0
v 36.0 35.5 -21.0
v 36.0 35.5 -17.0
v 36.0 35.4 -16.0
v 37.0 17.0 -21.5
v 37.0 16.6 -21.0
v 37.0 16.5 -20.0
v 37.0 16.6 -19.0
v 36.1 17.0 -19.0
v 37.0 17.0 -18.5
v 37.0 18.0 -23.4
v 37.0 17.6 -23.0
v 37.0 17.4 -22.0
v 37.0 17.6 -18.0
v 36.1 18.0 -18.0
v 37.0 18.0 -17.7
v 37.0 19.0 -24.4
v 37.0 19.0 -17.5
v 36.7 20.0 -25.0
v 37.0 20.0 -25.2
v 37.0 19.7 -25.0
v 37.0 19.6 -17.0
v 37.0 20.0 -16.6
v 37.0 20.0 -13.4
v 37.0 19.7 -13.0
v 37.0 19.6 -12.0
v 36.6 20.0 -11.0
v 37.0 20.0 -11.4
v 36.4 21.0 -25.0
v 37.0 21.0 -25.4
v 37.0 20.4 -16.0
v 37.0 20.5 -15.0
v 37.0 20.4 -14.0
v 37.0 20.4 -11.0
v 36.5 21.0 -10.0
v 37.0 21.0 -10.4
v 36.2 21.0 -9.0
v 36.0 22.0 -25.0
v 37.0 22.0 -25.4
v 37.0 22.0 -10.0
v 37.1 22.0 -9.0
v 37.0 22.0 -8.9
v 36.8 23.0 -25.0
v 37.0 23.0 -25.1
v 37.0 22.9 -24.0
v 37.0 23.0 -23.9
v 37.0 23.0 -8.5
v 37.0 23.1 -25.0
v 37.0 24.0 -23.5
v 37.0 24.0 -8.2
v 37.0 25.0 -23.4
v 37.0 25.0 -7.6
v 37.0 25.5 -23.0
v 37.0 26.0 -22.6
v 37.0 25.5 -7.0
v 36.4 27.0 -23.0
v 37.0 27.0 -22.6
v 36.3 27.0 -19.0
v 36.4 27.0 -18.0
v 36.2 27.0 -17.0
v 37.0 26.5 -6.0
v 37.0 27.0 -5.5
v 36.0 28.0 -23.4
v 37.0 28.0 -22.6
v 36.3 28.0 -19.0
v 36.5 28.0 -18.0
v 36.3 28.0 -17.0
v 37.0 27.5 -5.0
v 37.0 28.0 -4.5
v 37.0 29.0 -22.6
v 36.2 29.0 -19.0
v 36.3 29.0 -18.0
v 36.2 29.0 -17.0
v 37.0 29.0 -3.9
v 36.0 30.0 -23.5
v 37.0 30.0 -22.7
v 37.0 30.0 -3.6
v 37.0 31.0 -23.3
v 37.0 32.0 -23.4
v 37.0 31.6 -14.0
v 37.0 32.0 -14.4
v 37.0 31.5 -13.0
v 37.0 31.5 -12.0
v 37.0 31.5 -11.0
v 36.0 32.3 -10.0
v 37.0 31.7 -10.0
v 37.0 32.0 -9.6
v 37.0 31.0 -3.8
v 37.0 32.0 -4.5
v 37.0 33.0 -23.5
v 37.0 33.0 -14.7
v 37.0 32.5 -9.0
v 37.0 33.0 -8.5
v 37.0 33.0 -4.8
v 37.0 34.0 -23.5
v 37.0 33.5 -15.0
v 37.0 34.0 -15.3
v 37.0 33.5 -8.0
v 37.0 34.1 -7.0
v 37.0 33.3 -5.0
v 37.0 34.0 -5.8
v 37.0 35.0 -23.1
v 37.0 35.0 -15.8
v 37.0 34.1 -7.0
v 37.0 34.2 -6.0
v 37.0 35.4 -22.0
v 37.0 35.4 -21.0
v 37.0 35.4 -17.0
v 37.7 16.0 -20.0
v 38.0 16.5 -21.0
v 38.0 15.7 -20.0
v 38.0 15.7 -19.0
v 37.7 16.0 -19.0
v 38.0 16.0 -18.8
v 38.0 17.0 -21.5
v 38.0 17.0 -18.4
v 38.0 18.0 -23.2
v 38.0 17.8 -23.0
v 38.0 17.5 -22.0
v 38.0 17.5 -18.0
v 38.0 18.0 -17.6
v 38.0 19.0 -23.9
v 38.0 19.0 -17.4
v 38.0 20.0 -25.2
v 38.0 19.8 -25.0
v 38.0 19.1 -24.0
v 38.0 20.3 -13.0
v 38.0 20.0 -12.5
v 38.0 19.7 -12.0
v 38.0 20.0 -11.6
v 38.0 21.0 -25.4
v 38.0 20.0 -17.0
v 38.0 20.4 -16.0
v 38.0 20.5 -15.0
v 38.0 20.5 -14.0
v 38.0 20.5 -11.0
v 38.0 21.0 -10.6
v 38.0 22.0 -25.5
v 38.0 22.0 -10.2
v 38.0 23.0 -26.0
v 38.0 23.0 -26.0
v 38.0 22.2 -10.0
v 38.0 22.5 -9.0
v 38.0 23.6 -25.0
v 38.0 23.7 -24.0
v 38.0 24.0 -23.8
v 38.0 23.0 -8.5
v 38.0 24.0 -7.7
v 37.9 25.0 -23.4
v 39.0 25.0 -7.3
v 38.0 26.0 -22.6
v 38.0 25.5 -7.0
v 38.0 27.0 -22.5
v 38.0 26.1 -6.4
v 38.0 27.0 -5.5
v 38.0 28.0 -22.5
v 38.0 27.6 -5.0
v 38.0 28.0 -4.7
v 38.0 29.0 -22.5
v 37.2 29.0 -4.0
v 38.0 29.0 -4.4
v 38.0 30.0 -22.5
v 37.5 30.0 -4.0
v 38.0 30.0 -4.4
v 37.4 31.0 -23.0
v 38.0 31.0 -22.6
v 38.0 31.0 -4.5
v 37.7 32.0 -23.0
v 38.0 32.0 -22.8
v 38.0 31.8 -14.0
v 38.0 32.0 -14.2
v 38.0 31.6 -13.0
v 38.0 31.4 -12.0
v 38.0 31.5 -11.0
v 38.0 31.6 -10.0
v 38.0 32.0 -9.4
v 37.6 32.0 -5.0
v 38.0 31.6 -5.0
v 38.0 32.0 -5.5
v 38.0 33.0 -23.4
v 38.0 32.3 -23.0
v 38.0 33.0 -14.7
v 38.0 33.2 -8.0
v 37.7 33.0 -6.0
v 38.0 33.0 -6.6
v 37.2 33.0 -5.0
v 38.0 34.0 -23.4
v 38.0 34.0 -15.5
v 37.1 34.0 -7.0
v 38.0 33.3 -7.0
v 37.2 34.0 -6.0
v 38.0 34.4 -23.0
v 37.0 35.1 -23.0
v 38.0 34.6 -22.0
v 38.0 34.6 -21.0
v 38.0 34.6 -20.0
v 37.5 35.0 -19.0
v 38.0 34.6 -19.0
v 38.0 34.5 -18.0
v 37.5 35.0 -17.0
v 38.0 34.5 -17.0
v 37.0 35.2 -16.0
v 38.0 34.4 -16.0
v 39.0 15.0 -19.0
v 39.0 15.5 -20.0
v 39.0 16.0 -18.4
v 39.0 17.0 -21.4
v 39.1 16.5 -21.0
v 39.0 17.0 -18.2
v 38.3 18.0 -23.0
v 39.0 18.2 -22.0
v 39.0 18.0 -21.8
v 39.0 17.3 -18.0
v 39.0 18.0 -17.3
v 38.6 19.0 -24.0
v 39.0 19.0 -24.1
v 39.0 18.9 -24.0
v 39.0 18.5 -23.0
v 39.3 18.0 -17.0
v 38.4 19.0 -17.0
v 39.0 18.7 -16.0
v 38.7 19.0 -16.0
v 39.5 19.0 -15.0
v 38.3 20.0 -25.0
v 39.0 20.0 -24.4
v 38.4 20.0 -16.0
v 39.0 20.0 -15.3
v 39.0 20.0 -12.5
v 39.0 19.3 -12.0
v 39.0 20.0 -11.6
v 38.4 21.0 -25.0
v 39.0 21.0 -23.9
v 38.9 21.0 -24.0
v 39.0 20.2 -15.0
v 39.0 20.5 -14.0
v 39.0 20.4 -13.0
v 39.0 20.5 -11.0
v 39.0 21.0 -10.4
v 38.6 22.0 -25.0
v 39.0 22.0 -24.5
v 38.5 21.9 -9.9
v 39.0 22.0 -9.5
v 39.0 23.0 -25.3
v 39.0 22.6 -25.0
v 39.0 22.4 -9.0
v 39.0 23.3 -8.1
v 39.0 24.0 -25.1
v 38.3 24.0 -24.0
v 39.0 24.0 -7.6
v 39.0 24.1 -25.0
v 39.0 24.6 -24.0
v 39.0 25.0 -23.6
v 39.0 25.5 -23.0
v 39.0 26.0 -22.6
v 39.0 25.3 -7.0
v 39.0 26.0 -6.4
v 39.0 27.0 -22.4
v 39.0 26.4 -6.0
v 39.0 27.0 -5.6
v 39.0 28.0 -22.5
v 38.4 28.0 -5.0
v 39.0 28.0 -5.4
v 39.0 29.0 -22.6
v 39.0 29.0 -4.8
v 39.0 30.0 -22.6
v 39.0 30.0 -4.7
v 39.0 31.0 -22.6
v 39.0 31.0 -12.0
v 39.0 31.0 -12.0
v 39.0 31.0 -12.0
v 38.7 31.0 -7.0
v 39.0 30.6 -7.0
v 38.7 31.0 -6.0
v 39.0 30.6 -6.0
v 39.0 32.0 -22.7
v 38.3 32.0 -14.0
v 38.7 32.0 -13.0
v 39.0 32.0 -12.8
v 39.0 31.4 -11.0
v 39.0 31.7 -9.0
v 38.5 32.0 -9.0
v 38.6 32.0 -8.0
v 39.0 31.4 -8.0
v 38.3 32.0 -6.0
v 39.0 33.0 -23.4
v 39.0 32.4 -23.0
v 38.0 33.1 -14.8
v 39.0 32.7 -15.0
v 39.0 33.0 -15.3
v 39.0 32.4 -14.0
v 39.0 32.2 -13.0
v 38.2 33.0 -8.0
v 38.3 33.0 -7.0
v 39.0 34.0 -23.2
v 38.7 34.0 -18.0
v 38.8 33.9 -17.0
v 39.0 34.2 -23.0
v 39.0 34.5 -22.0
v 39.0 34.5 -21.0
v 39.0 34.4 -20.0
v 39.0 34.3 -19.0
v 40.0 15.0 -19.3
v 40.0 14.8 -19.0
v 40.0 15.0 -18.6
v 40.0 15.5 -20.0
v 40.0 15.6 -18.0
v 39.6 16.0 -18.0
v 40.0 16.0 -17.7
v 39.3 17.0 -18.0
v 40.0 17.0 -17.3
v 40.0 18.0 -21.6
v 40.0 17.3 -17.0
v 40.0 17.5 -16.0
v 39.5 18.0 -16.0
v 39.7 18.0 -15.0
v 40.0 18.0 -14.7
v 40.0 19.1 -23.0
v 40.0 18.4 -22.0
v 40.0 19.0 -14.5
v 40.0 20.0 -24.3
v 40.0 19.7 -24.0
v 40.2 20.0 -14.0
v 40.0 20.0 -12.6
v 40.0 19.7 -12.0
v 40.0 20.1 -11.4
v 40.0 21.0 -23.7
v 40.0 20.2 -14.0
v 40.0 20.2 -13.0
v 40.0 20.3 -11.0
v 40.0 20.7 -10.0
v 40.0 21.0 -9.7
v 39.6 22.0 -24.0
v 40.0 22.0 -23.8
v 40.0 21.8 -8.8
v 39.3 23.0 -25.0
v 40.0 23.0 -24.5
v 40.0 22.3 -24.0
v 40.0 22.6 -8.0
v 39.5 23.0 -8.0
v 40.0 23.0 -7.6
v 39.1 24.0 -25.0
v 40.0 24.0 -24.6
v 40.0 24.0 -7.3
v 40.0 25.0 -24.3
v 40.0 24.4 -7.0
v 39.4 25.0 -7.0
v 40.0 25.0 -6.5
v 40.0 25.3 -24.0
v 40.0 25.6 -23.0
v 40.0 26.0 -22.6
v 40.0 25.6 -6.0
v 39.5 26.0 -6.0
v 40.0 26.0 -5.7
v 40.0 26.8 -22.0
v 39.8 27.0 -22.0
v 40.0 27.0 -21.9
v 40.0 27.0 -5.7
v 39.6 28.0 -6.0
v 40.0 27.4 -6.0
v 40.0 28.0 -6.5
v 40.0 29.0 -23.1
v 39.7 29.0 -7.0
v 40.0 28.9 -7.4
v 39.5 29.0 -6.0
v 39.2 29.0 -5.0
v 39.7 30.0 -23.0
v 39.7 30.0 -8.0
v 40.0 29.6 -8.0
v 40.0 30.0 -8.3
v 39.4 30.0 -7.0
v 39.4 30.0 -6.0
v 39.3 30.0 -5.0
v 39.7 31.0 -23.0
v 40.0 31.0 -23.2
v 40.0 31.0 -12.0
v 39.4 31.0 -8.0
v 40.0 31.0 -8.5
v 39.0 31.0 -5.0
v 39.5 32.0 -23.0
v 40.0 32.0 -23.2
v 40.0 32.0 -12.6
v 40.0 31.4 -11.0
v 40.0 31.6 -10.0
v 40.0 31.8 -9.0
v 40.0 33.0 -23.2
v 39.8 32.9 -18.0
v 39.9 32.7 -17.0
v 40.0 32.6 -15.0
v 40.0 33.0 -15.8
v 40.0 32.5 -14.0
v 40.0 32.4 -13.0
v 40.0 33.3 -23.0
v 39.3 34.0 -23.0
v 40.0 34.0 -22.4
v 39.6 34.0 -20.0
v 40.0 33.6 -20.0
v 39.3 34.0 -19.0
v 39.0 34.1 -16.0
v 40.0 34.2 -22.0
v 40.0 34.3 -21.0
v 41.0 15.0 -19.4
v 41.0 14.6 -19.0
v 41.0 14.8 -18.0
v 40.6 15.0 -18.0
v 41.0 15.0 -17.7
v 39.0 16.0 -20.5
v 41.0 16.0 -17.1
v 40.9 16.0 -16.0
v 41.0 15.9 -16.0
v 40.0 17.0 -21.4
v 41.1 16.1 -17.0
v 40.3 17.0 -17.0
v 40.4 17.0 -16.0
v 41.0 16.6 -15.0
v 40.6 17.0 -15.0
v 41.0 17.0 -14.6
v 41.0 18.0 -21.6
v 41.0 17.6 -14.0
v 40.7 18.0 -14.0
v 41.0 18.0 -13.7
v 40.0 19.1 -22.9
v 41.0 19.0 -23.4
v 41.0 18.7 -23.0
v 41.0 18.4 -22.0
v 40.5 19.0 -14.0
v 41.0 19.0 -13.5
v 41.0 20.0 -24.3
v 41.0 19.6 -24.0
v 41.0 19.5 -13.0
v 40.3 20.0 -13.0
v 41.0 19.5 -12.0
v 41.0 19.7 -11.0
v 41.0 20.0 -10.5
v 40.0 20.5 -24.0
v 41.0 21.0 -24.1
v 41.0 20.3 -10.0
v 41.0 22.0 -23.6
v 41.0 21.0 -9.3
v 41.0 22.2 -8.0
v 41.0 23.0 -24.3
v 41.0 22.6 -24.0
v 41.0 22.6 -7.0
v 40.7 23.0 -7.0
v 41.0 23.0 -6.6
v 41.0 24.0 -24.5
v 40.3 24.0 -7.0
v 41.0 24.0 -6.3
v 41.0 25.0 -24.3
v 41.2 24.0 -6.0
v 40.4 25.0 -6.0
v 41.0 25.0 -5.0
v 41.0 25.3 -24.0
v 41.0 25.7 -23.0
v 41.0 26.0 -22.5
v 41.0 25.0 -5.0
v 41.0 26.0 -5.5
v 41.0 26.4 -22.0
v 41.0 27.0 -21.5
v 40.5 27.0 -6.0
v 41.0 26.7 -6.1
v 40.0 28.0 -22.4
v 41.0 28.0 -21.6
v 40.6 28.0 -7.0
v 41.0 27.7 -7.1
v 41.0 29.0 -22.4
v 40.6 29.0 -8.0
v 41.0 28.7 -8.0
v 41.0 29.0 -8.3
v 40.0 30.0 -23.2
v 41.0 30.0 -22.5
v 41.0 30.0 -8.6
v 40.3 31.0 -23.0
v 41.0 31.0 -22.5
v 40.9 31.0 -17.0
v 41.0 30.9 -17.0
v 40.0 31.0 -12.0
v 40.6 31.0 -9.0
v 41.0 30.6 -9.0
v 41.0 31.0 -9.3
v 40.3 32.0 -23.0
v 41.0 32.0 -22.3
v 40.6 32.0 -18.0
v 41.0 31.5 -18.0
v 41.0 32.0 -18.5
v 40.4 32.0 -17.0
v 41.0 31.7 -16.0
v 40.7 32.0 -16.0
v 41.0 32.0 -15.5
v 41.0 31.7 -12.0
v 41.0 32.0 -12.4
v 41.0 31.7 -11.0
v 40.8 32.0 -10.0
v 41.0 32.0 -10.3
v 41.0 32.0 -9.8
v 40.2 33.0 -23.0
v 41.0 32.3 -22.0
v 40.6 33.0 -22.0
v 41.0 33.0 -21.0
v 41.0 32.6 -21.0
v 40.6 33.0 -20.0
v 41.0 32.5 -20.0
v 40.0 33.3 -19.0
v 41.0 32.4 -19.0
v 40.1 33.0 -16.0
v 41.0 32.3 -15.0
v 41.0 32.5 -14.0
v 41.0 32.4 -13.0
v 41.0 32.1 -10.0
v 40.3 34.0 -22.0
v 40.3 34.0 -21.0
v 42.0 15.0 -19.5
v 42.0 14.6 -19.0
v 42.0 14.6 -18.0
v 42.0 15.0 -17.4
v 42.0 15.7 -20.2
v 42.0 15.4 -17.0
v 42.0 15.6 -16.0
v 42.0 17.0 -21.4
v 42.0 16.5 -21.0
v 42.0 16.4 -15.0
v 42.0 16.8 -14.0
v 41.6 17.0 -14.0
v 42.0 17.0 -13.7
v 42.0 18.0 -21.6
v 42.0 18.0 -13.4
v 42.0 19.0 -23.4
v 42.0 18.6 -23.0
v 42.0 18.4 -22.0
v 42.0 19.0 -13.2
v 42.0 20.0 -24.1
v 42.0 19.2 -13.0
v 42.0 19.4 -12.0
v 42.0 19.3 -11.0
v 42.0 19.1 -10.0
v 41.3 20.0 -10.0
v 42.0 19.6 -9.0
v 41.6 20.0 -9.0
v 41.8 20.0 -8.0
v 42.0 19.8 -8.0
v 42.0 20.2 -24.0
v 41.0 21.3 -24.0
v 42.0 21.0 -23.5
v 41.2 21.0 -9.0
v 41.5 21.0 -8.0
v 42.0 20.6 -7.0
v 41.6 21.0 -7.0
v 42.0 20.7 -6.0
v 41.7 21.0 -6.0
v 42.0 21.0 -5.0
v 41.8 22.0 -23.0
v 42.0 21.7 -23.0
v 42.0 22.0 -22.7
v 41.2 22.0 -8.0
v 41.4 22.0 -7.0
v 41.5 22.0 -6.0
v 41.6 22.0 -5.0
v 42.0 23.0 -23.5
v 42.0 22.3 -23.0
v 41.4 23.0 -6.0
v 41.6 23.0 -5.0
v 42.0 22.0 -4.6
v 42.0 24.0 -24.2
v 42.0 23.6 -24.0
v 41.5 24.0 -5.0
v 42.0 24.0 -4.5
v 42.0 24.4 -24.0
v 41.4 25.0 -24.0
v 42.0 25.0 -23.6
v 42.0 25.0 -22.0
v 42.0 25.0 -4.5
v 42.0 25.8 -23.0
v 41.5 26.0 -22.0
v 42.0 26.0 -21.4
v 42.0 25.6 -5.0
v 42.0 26.0 -5.4
v 41.6 27.0 -21.0
v 42.0 26.4 -21.0
v 42.0 27.0 -20.6
v 42.0 26.6 -6.0
v 42.0 27.0 -6.4
v 41.6 28.0 -21.0
v 42.0 28.0 -20.6
v 42.0 27.5 -7.0
v 42.0 28.0 -7.5
v 41.4 29.0 -22.0
v 42.1 29.0 -21.3
v 42.0 29.0 -8.3
v 41.6 30.0 -22.0
v 42.0 30.0 -21.5
v 42.0 30.0 -8.6
v 41.8 31.0 -22.0
v 42.0 30.6 -21.0
v 41.7 31.0 -21.0
v 42.0 31.0 -20.6
v 41.5 31.0 -18.0
v 42.0 30.6 -18.0
v 42.0 31.0 -18.6
v 42.0 30.6 -17.0
v 42.0 31.0 -16.5
v 42.0 30.5 -9.0
v 42.0 31.0 -9.4
v 41.2 32.0 -22.0
v 41.0 32.0 -21.0
v 42.0 31.3 -20.0
v 41.4 32.0 -20.0
v 41.9 31.4 -19.0
v 42.0 31.4 -16.0
v 42.0 31.7 -15.0
v 41.3 32.0 -12.0
v 41.3 32.0 -11.0
v 42.0 32.0 -9.6
v 42.0 32.5 -13.0
v 41.9 33.0 -11.0
v 42.0 32.4 -10.0
v 42.0 33.1 -11.0
v 43.0 15.0 -19.3
v 43.0 14.8 -19.0
v 43.0 14.6 -18.0
v 43.0 14.9 -17.0
v 43.0 15.8 -20.2
v 43.0 15.5 -16.0
v 43.0 16.0 -15.4
v 43.0 17.0 -21.2
v 43.0 16.3 -15.0
v 43.0 16.7 -14.0
v 43.0 17.0 -13.7
v 43.0 18.0 -21.5
v 43.0 17.5 -13.0
v 42.5 18.0 -13.0
v 43.0 17.8 -12.0
v 42.8 18.0 -12.0
v 43.0 18.0 -11.6
v 43.0 19.0 -23.2
v 43.0 18.8 -23.0
v 43.0 18.4 -22.0
v 42.2 19.0 -13.0
v 42.4 19.0 -12.0
v 43.0 18.5 -11.0
v 42.4 19.0 -11.0
v 43.1 19.1 -10.1
v 43.0 20.0 -23.4
v 43.0 19.2 -10.0
v 43.0 19.5 -9.0
v 43.0 19.7 -8.0
v 43.0 20.0 -7.6
v 43.0 21.0 -23.0
v 42.5 21.0 -22.0
v 43.0 20.8 -22.0
v 43.0 21.0 -21.7
v 43.0 20.4 -7.0
v 43.0 20.6 -6.0
v 42.1 21.0 -5.0
v 43.0 21.0 -5.2
v 42.5 22.0 -22.0
v 43.0 22.0 -21.6
v 43.0 21.1 -5.0
v 43.0 21.5 -4.0
v 42.5 22.0 -4.0
v 42.3 23.0 -23.0
v 42.7 23.0 -22.0
v 43.0 23.0 -21.7
v 42.5 23.0 -4.0
v 43.0 23.0 -3.5
v 43.0 22.0 -3.0
v 42.6 24.0 -24.0
v 42.8 24.0 -23.0
v 43.0 24.0 -22.5
v 43.0 23.5 -22.0
v 42.5 24.0 -4.0
v 43.0 24.0 -3.6
v 42.8 25.0 -23.0
v 43.0 24.3 -22.0
v 42.4 25.0 -21.0
v 43.0 24.5 -21.0
v 42.3 25.0 -20.0
v 43.0 24.5 -20.0
v 43.0 25.0 -19.4
v 43.0 25.0 -3.8
v 42.2 26.0 -21.0
v 42.4 26.0 -20.0
v 43.0 25.5 -19.0
v 42.7 26.0 -19.0
v 43.0 26.0 -18.7
v 43.0 26.0 -4.6
v 43.0 25.3 -4.0
v 42.4 27.0 -20.0
v 42.6 27.0 -19.0
v 43.0 27.0 -18.6
v 43.0 26.3 -5.0
v 42.4 28.0 -20.0
v 42.6 28.0 -19.0
v 43.0 28.0 -18.5
v 43.0 27.6 -7.0
v 43.0 28.0 -7.4
v 43.0 27.1 -6.0
v 42.3 29.0 -21.0
v 42.5 29.0 -20.0
v 42.6 29.0 -19.0
v 43.0 29.0 -18.4
v 43.0 29.0 -7.7
v 42.3 30.0 -21.0
v 42.5 30.0 -20.0
v 42.5 30.0 -19.0
v 43.0 29.3 -18.0
v 42.5 30.0 -18.0
v 42.7 30.0 -17.0
v 43.0 29.7 -17.0
v 43.0 30.0 -16.7
v 43.0 29.4 -8.0
v 43.0 30.0 -8.5
v 42.3 31.0 -20.0
v 42.3 31.0 -19.0
v 43.0 31.0 -16.3
v 43.0 30.5 -9.0
v 43.0 31.0 -9.5
v 43.0 31.2 -16.0
v 43.0 31.5 -15.0
v 42.0 32.3 -14.0
v 43.0 31.7 -14.0
v 43.0 32.0 -13.7
v 43.0 32.0 -9.7
v 43.0 32.6 -13.0
v 42.0 32.6 -12.0
v 43.0 32.3 -10.0
v 43.0 33.0 -10.5
v 43.0 33.4 -12.0
v 43.0 33.5 -11.0
v 43.4 15.0 -19.0
v 44.0 15.0 -18.2
v 44.0 14.9 -18.0
v 43.4 16.0 -20.0
v 44.0 16.0 -19.4
v 44.0 15.6 -19.0
v 44.0 15.3 -17.0
v 44.0 15.6 -16.0
v 44.0 15.8 -15.0
v 43.6 16.0 -15.0
v 44.0 16.0 -14.8
v 43.3 17.0 -21.0
v 44.0 17.0 -20.4
v 44.0 16.6 -20.0
v 44.0 17.0 -14.2
v 43.6 17.0 -14.0
v 44.0 18.0 -20.7
v 44.0 17.5 -14.0
v 44.0 17.5 -13.0
v 44.0 17.5 -12.0
v 44.0 17.7 -11.0
v 43.7 18.0 -10.9
v 43.3 19.0 -23.0
v 44.0 19.0 -22.3
v 44.0 18.8 -22.0
v 44.0 18.3 -21.0
v 44.0 18.5 -10.0
v 44.0 19.0 -9.5
v 43.4 20.0 -23.0
v 44.0 20.0 -22.3
v 44.0 19.4 -9.0
v 44.0 20.0 -8.2
v 44.0 20.0 -3.0
v 44.0 20.3 -22.0
v 43.7 21.0 -21.0
v 44.0 20.7 -21.0
v 44.0 20.1 -8.0
v 44.0 20.5 -7.0
v 44.0 20.5 -6.0
v 44.0 20.5 -5.0
v 43.2 21.0 -5.0
v 44.0 20.4 -4.0
v 43.5 21.0 -4.0
v 43.6 21.0 -3.0
v 44.0 21.0 -2.6
v 44.0 22.0 -21.1
v 44.0 21.8 -21.0
v 44.0 22.0 -2.7
v 43.6 23.0 -21.0
v 44.0 23.0 -20.6
v 44.0 23.0 -3.4
v 43.6 24.0 -22.0
v 43.4 24.0 -21.0
v 44.0 23.5 -20.0
v 43.5 24.0 -20.0
v 43.7 24.0 -19.0
v 44.0 23.8 -19.0
v 44.0 24.0 -18.6
v 44.0 24.0 -3.5
v 43.3 25.0 -19.0
v 44.0 24.8 -18.0
v 43.9 25.0 -18.0
v 44.0 25.0 -3.6
v 44.0 25.6 -18.0
v 44.0 26.0 -18.1
v 44.0 25.5 -4.0
v 44.0 26.0 -4.5
v 43.6 27.0 -18.0
v 44.0 27.0 -17.7
v 44.0 26.7 -6.0
v 44.0 26.4 -5.0
v 43.5 28.0 -18.0
v 44.0 28.0 -17.4
v 44.0 27.6 -7.0
v 44.0 28.0 -7.4
v 43.3 29.0 -18.0
v 44.0 28.6 -17.0
v 43.7 29.0 -17.0
v 44.0 29.0 -16.7
v 44.0 29.0 -7.6
v 44.0 30.0 -16.3
v 44.0 29.5 -8.0
v 44.0 30.0 -8.5
v 44.0 30.4 -16.0
v 43.4 31.0 -16.0
v 44.0 31.0 -15.4
v 44.0 31.0 -10.2
v 44.0 30.8 -10.0
v 44.0 30.4 -9.0
v 44.0 31.3 -15.0
v 44.0 31.6 -14.0
v 44.0 32.0 -13.6
v 43.5 32.0 -10.0
v 44.0 32.0 -10.3
v 43.7 33.0 -13.0
v 44.0 33.0 -13.1
v 44.0 33.0 -10.3
v 44.0 33.2 -13.0
v 43.7 34.0 -12.0
v 44.0 34.0 -12.3
v 43.6 34.0 -11.0
v 44.0 33.9 -10.0
v 44.0 34.2 -12.0
v 44.0 34.3 -11.0
v 44.0 34.0 -10.0
v 44.4 16.0 -19.0
v 45.0 16.0 -18.5
v 45.0 15.6 -18.0
v 45.0 15.6 -17.0
v 45.0 16.0 -16.0
v 45.0 15.8 -15.0
v 45.0 16.0 -14.7
v 44.4 17.0 -20.0
v 44.8 17.0 -19.0
v 45.0 17.0 -18.8
v 45.0 16.4 -14.0
v 44.3 17.0 -14.0
v 45.0 16.7 -13.0
v 44.7 17.0 -13.0
v 45.0 17.0 -12.7
v 45.0 18.0 -20.2
v 45.2 18.0 -20.0
v 45.0 17.4 -12.0
v 45.0 17.5 -11.0
v 45.0 17.7 -10.0
v 45.0 18.0 -9.7
v 44.2 19.0 -22.0
v 44.6 19.0 -21.0
v 45.0 19.0 -20.6
v 45.0 18.6 -9.0
v 45.0 19.0 -8.5
v 44.3 20.0 -22.0
v 45.1 20.0 -21.0
v 45.0 19.5 -8.0
v 45.0 20.0 -7.4
v 44.7 20.0 -5.0
v 45.0 20.0 -5.4
v 45.0 19.7 -5.0
v 45.0 19.6 -4.0
v 44.4 20.0 -4.0
v 45.0 19.7 -3.0
v 45.0 20.0 -2.7
v 44.1 21.0 -20.0
v 45.0 20.5 -20.0
v 45.0 21.0 -19.5
v 45.0 20.3 -7.0
v 45.0 20.4 -6.0
v 45.0 21.0 -2.5
v 44.1 22.0 -21.0
v 44.6 22.0 -20.0
v 45.0 22.0 -19.6
v 45.0 22.0 -2.6
v 45.0 22.5 -20.0
v 45.0 23.0 -20.3
v 45.0 22.5 -3.0
v 45.0 23.0 -3.4
v 45.0 23.3 -20.0
v 45.0 23.6 -19.0
v 45.0 23.7 -18.0
v 45.0 24.0 -17.6
v 45.0 24.0 -3.4
v 44.7 25.0 -17.0
v 45.0 24.6 -17.0
v 45.0 25.0 -16.7
v 45.0 25.0 -3.7
v 44.2 26.0 -18.0
v 45.0 26.0 -16.9
v 45.0 25.3 -4.0
v 45.0 26.0 -4.7
v 45.0 26.2 -17.0
v 45.0 27.0 -17.4
v 45.0 26.6 -6.0
v 45.0 27.0 -6.5
v 45.0 26.3 -5.0
v 45.0 27.5 -7.0
v 45.0 28.0 -7.4
v 45.0 29.0 -16.6
v 45.0 29.8 -16.0
v 45.0 29.0 -7.7
v 45.0 30.0 -8.5
v 45.0 30.9 -14.8
v 45.0 30.5 -9.0
v 45.0 31.7 -14.0
v 45.0 32.0 -13.7
v 44.4 32.0 -10.0
v 45.0 32.0 -9.6
v 45.0 33.0 -12.9
v 44.3 33.0 -10.0
v 45.0 33.0 -9.5
v 45.0 34.0 -12.3
v 45.0 34.0 -9.6
v 45.0 34.5 -11.0
v 45.0 34.4 -10.0
v 46.0 16.0 -18.2
v 46.0 15.8 -18.0
v 46.0 15.6 -17.0
v 46.0 15.7 -16.0
v 46.0 16.0 -15.3
v 46.0 15.9 -14.0
v 46.0 16.0 -13.9
v 46.0 17.0 -18.4
v 46.0 16.2 -15.0
v 46.0 16.6 -13.0
v 46.0 17.0 -12.5
v 45.5 18.0 -19.0
v 46.0 18.0 -18.6
v 46.0 17.3 -12.0
v 46.0 17.6 -11.0
v 46.0 17.8 -10.0
v 46.0 18.0 -9.7
v 45.4 19.0 -20.0
v 45.8 19.0 -19.0
v 46.0 18.5 -9.0
v 46.0 18.7 -8.0
v 45.6 19.0 -8.0
v 45.1 20.0 -21.0
v 45.4 20.0 -20.0
v 46.0 20.0 -19.2
v 46.0 19.6 -19.0
v 46.0 19.0 -7.0
v 45.4 20.0 -7.0
v 46.0 20.0 -6.1
v 46.0 20.1 -6.0
v 46.0 19.6 -5.0
v 46.0 19.5 -4.0
v 46.0 19.8 -3.0
v 46.0 20.0 -2.8
v 45.5 21.0 -19.0
v 46.0 20.2 -19.0
v 46.0 21.0 -2.6
v 45.7 22.0 -19.0
v 46.0 22.0 -18.6
v 46.0 22.0 -2.7
v 46.0 23.0 -20.4
v 46.0 22.6 -20.0
v 46.0 22.4 -19.0
v 46.0 23.0 -18.2
v 46.0 22.8 -18.0
v 45.8 23.0 -18.0
v 46.0 23.0 -3.3
v 45.6 24.0 -20.0
v 46.0 24.0 -20.7
v 45.6 24.0 -19.0
v 46.0 24.0 -18.6
v 46.0 23.5 -17.0
v 45.6 24.0 -16.9
v 46.0 24.0 -3.0
v 46.0 24.0 -3.0
v 46.0 24.4 -20.0
v 45.8 25.0 -19.0
v 46.0 25.0 -19.2
v 46.0 24.7 -18.0
v 45.7 25.0 -18.0
v 46.0 25.0 -17.7
v 45.7 25.0 -16.0
v 46.0 25.0 -15.7
v 46.0 24.8 -4.1
v 46.0 24.7 -4.0
v 46.0 24.0 -3.0
v 45.7 26.0 -18.0
v 46.0 26.0 -18.3
v 46.0 25.6 -17.0
v 45.2 26.0 -17.0
v 46.0 26.0 -16.1
v 46.0 26.0 -16.0
v 46.0 25.6 -5.0
v 46.0 26.0 -5.4
v 46.0 26.4 -18.0
v 46.0 27.0 -17.6
v 46.0 26.6 -6.0
v 46.0 27.0 -6.4
v 45.0 28.0 -16.9
v 46.0 28.0 -17.5
v 46.0 27.5 -7.0
v 46.0 28.0 -7.4
v 45.5 29.0 -17.0
v 46.0 29.0 -17.9
v 46.0 28.9 -8.1
v 46.0 29.0 -8.1
v 46.0 29.4 -17.0
v 45.5 30.0 -16.0
v 46.0 30.1 -16.1
v 46.0 30.0 -8.4
v 46.0 31.0 -15.3
v 45.0 31.0 -10.0
v 45.5 31.0 -9.0
v 46.0 31.0 -8.6
v 46.0 31.3 -15.1
v 46.0 32.0 -14.4
v 45.5 32.0 -9.0
v 46.0 32.0 -8.5
v 46.0 32.5 -14.0
v 45.3 33.0 -13.0
v 46.0 33.0 -13.4
v 46.0 33.0 -8.5
v 46.0 33.3 -13.0
v 46.0 33.7 -12.0
v 45.0 34.2 -12.0
v 46.0 34.0 -11.6
v 45.7 34.0 -9.0
v 46.0 34.5 -11.0
v 46.0 34.6 -10.0
v 46.0 34.3 -9.0
v 46.2 16.0 -18.0
v 46.5 16.0 -17.0
v 47.0 16.0 -16.3
v 47.0 15.9 -16.0
v 47.0 15.9 -14.0
v 46.6 17.0 -18.0
v 47.0 16.5 -17.0
v 47.0 16.2 -15.0
v 47.0 16.9 -13.0
v 47.0 17.0 -12.2
v 47.0 18.0 -18.3
v 47.0 17.6 -18.0
v 47.0 17.0 -12.0
v 47.0 17.8 -11.0
v 47.0 18.0 -10.8
v 46.0 19.0 -18.8
v 46.9 19.0 -10.0
v 47.0 19.0 -10.7
v 47.0 18.8 -9.0
v 47.0 19.1 -10.0
v 47.0 19.0 -8.7
v 46.2 20.0 -19.0
v 47.0 20.0 -18.5
v 47.0 19.3 -8.0
v 47.0 19.5 -6.0
v 46.1 20.0 -6.0
v 47.0 19.5 -5.0
v 47.0 19.6 -4.0
v 47.0 20.0 -3.6
v 46.0 21.0 -18.0
v 47.0 20.6 -18.0
v 47.0 21.0 -17.7
v 47.0 21.0 -3.4
v 47.0 21.8 -18.0
v 46.4 22.0 -3.0
v 47.0 22.0 -3.4
v 47.0 23.0 -20.3
v 47.0 22.7 -20.0
v 47.0 22.7 -19.0
v 46.5 22.5 -18.3
v 47.0 22.1 -18.0
v 47.0 23.0 -18.7
v 47.0 22.7 -17.0
v 46.6 23.0 -17.0
v 47.0 23.0 -3.4
v 47.0 24.0 -20.2
v 46.6 24.0 -19.0
v 47.0 23.6 -19.0
v 47.0 24.0 -19.6
v 47.0 23.5 -16.0
v 46.7 24.0 -15.8
v 47.0 24.0 -3.0
v 47.0 24.0 -3.0
v 47.0 24.2 -20.0
v 47.0 24.7 -19.0
v 47.0 25.0 -19.1
v 47.0 24.8 -18.0
v 47.0 24.7 -15.0
v 46.9 25.0 -14.9
v 47.0 24.6 -4.0
v 47.0 25.0 -4.5
v 47.0 24.0 -3.0
v 47.0 25.1 -19.0
v 47.0 26.0 -18.5
v 47.0 25.6 -17.0
v 47.0 26.0 -16.5
v 47.0 26.0 -15.6
v 47.0 25.3 -15.0
v 47.0 25.5 -5.0
v 47.0 26.0 -5.4
v 47.0 27.0 -18.1
v 47.0 26.3 -16.0
v 47.0 27.0 -5.8
v 47.0 28.0 -17.7
v 47.0 27.7 -7.0
v 47.0 28.0 -7.3
v 47.0 27.3 -6.0
v 47.0 29.0 -18.0
v 47.0 29.0 -7.6
v 47.0 29.0 -18.0
v 47.0 29.6 -17.0
v 47.0 30.0 -7.7
v 47.0 31.0 -15.4
v 46.8 30.2 -7.9
v 47.0 31.7 -15.0
v 47.0 32.0 -14.7
v 47.0 31.0 -8.2
v 46.6 32.0 -8.0
v 47.0 32.0 -7.7
v 46.6 33.0 -14.0
v 47.0 33.0 -14.3
v 46.5 33.0 -8.0
v 47.0 33.0 -7.6
v 47.0 33.3 -14.0
v 47.0 33.5 -13.0
v 47.0 33.6 -12.0
v 47.0 34.0 -11.5
v 46.7 34.0 -8.0
v 47.0 34.0 -7.8
v 46.5 35.0 -10.0
v 46.7 35.0 -9.0
v 47.0 35.0 -8.7
v 47.0 34.3 -8.0
v 47.0 35.3 -10.0
v 47.0 35.2 -9.0
v 47.2 16.0 -16.0
v 47.2 17.0 -17.3
v 48.0 17.0 -16.4
v 48.0 16.6 -16.0
v 48.0 16.1 -15.0
v 48.0 16.5 -14.0
v 48.0 16.7 -13.0
v 48.0 17.0 -12.4
v 48.0 18.0 -17.4
v 48.0 17.3 -12.0
v 47.5 18.0 -11.0
v 48.0 18.0 -11.2
v 48.0 19.0 -18.2
v 48.0 18.6 -18.0
v 48.0 18.2 -11.0
v 48.0 18.6 -10.0
v 48.0 19.0 -9.6
v 47.3 19.0 -9.0
v 48.0 18.9 -6.0
v 48.0 18.9 -6.0
v 48.0 20.0 -18.2
v 48.0 19.7 -9.0
v 48.0 19.5 -8.0
v 48.0 19.4 -7.0
v 48.0 19.4 -5.0
v 48.0 19.7 -4.0
v 48.0 20.0 -3.7
v 48.0 20.2 -18.0
v 48.0 20.8 -17.0
v 48.0 21.0 -16.9
v 48.0 21.0 -3.5
v 47.0 22.0 -18.1
v 48.0 21.5 -17.0
v 48.0 22.0 -3.5
v 48.0 23.0 -20.1
v 48.0 22.9 -20.0
v 48.0 23.0 -19.0
v 48.0 22.2 -17.0
v 48.0 22.7 -16.0
v 48.0 23.0 -3.4
v 48.0 23.2 -20.0
v 47.2 24.0 -20.0
v 48.0 23.0 -19.0
v 48.0 23.5 -15.0
v 47.9 24.0 -14.6
v 48.0 24.0 -3.5
v 47.1 25.0 -19.0
v 47.2 25.0 -18.0
v 47.7 25.0 -14.0
v 48.0 25.0 -13.6
v 48.0 25.0 -4.4
v 47.8 26.0 -18.0
v 47.4 26.0 -17.0
v 47.4 26.0 -15.0
v 47.8 26.0 -14.0
v 48.0 26.0 -5.3
v 47.2 27.0 -18.0
v 48.0 27.0 -17.5
v 48.0 26.5 -17.0
v 48.0 26.5 -16.0
v 48.0 26.4 -15.0
v 48.0 26.2 -14.0
v 48.0 27.0 -5.6
v 48.0 28.0 -17.5
v 47.4 28.0 -7.0
v 48.0 28.0 -6.5
v 47.0 29.0 -18.0
v 48.0 29.0 -17.7
v 48.0 29.0 -7.3
v 48.0 30.0 -17.3
v 47.0 30.0 -16.0
v 48.0 30.3 -17.0
v 48.0 30.7 -16.0
v 47.2 31.0 -8.0
v 48.0 31.0 -7.6
v 47.4 32.0 -15.0
v 48.0 32.0 -15.5
v 48.0 32.0 -7.5
v 48.0 33.0 -15.0
v 48.0 33.0 -7.5
v 48.0 33.4 -14.0
v 48.0 33.5 -13.0
v 48.0 33.5 -12.0
v 48.0 34.0 -10.9
v 48.0 34.0 -7.6
v 47.0 35.0 -11.0
v 48.0 35.0 -10.5
v 48.0 34.6 -8.0
v 48.0 35.0 -8.4
v 48.0 35.4 -10.0
v 48.0 35.4 -9.0
v 48.3 17.0 -16.0
v 48.5 17.0 -15.0
v 48.6 17.0 -14.0
v 49.0 17.0 -13.6
v 49.0 16.7 -13.0
v 49.0 16.9 -12.0
v 49.0 17.0 -11.8
v 48.3 18.0 -17.0
v 48.7 18.0 -16.0
v 49.0 18.0 -15.5
v 49.0 17.6 -15.0
v 49.0 17.5 -11.0
v 48.2 18.0 -11.0
v 49.0 18.0 -10.0
v 48.2 19.0 -18.0
v 48.6 19.0 -17.0
v 49.0 19.0 -16.4
v 49.0 18.5 -16.0
v 49.0 19.0 -9.3
v 48.8 19.0 -8.0
v 49.0 19.0 -8.4
v 49.0 18.8 -8.0
v 49.1 19.1 -7.0
v 49.0 19.0 -6.7
v 49.0 18.8 -6.0
v 49.0 19.0 -5.6
v 48.2 20.0 -18.0
v 48.5 20.0 -17.0
v 49.0 20.0 -16.4
v 49.0 19.3 -9.0
v 49.0 19.1 -7.0
v 49.0 19.4 -5.0
v 49.0 19.7 -4.0
v 49.0 20.0 -3.7
v 49.0 21.0 -16.0
v 49.0 21.0 -3.5
v 48.0 22.0 -17.2
v 49.0 22.0 -16.2
v 49.0 22.0 -3.4
v 48.4 23.0 -20.0
v 48.2 23.0 -15.3
v 49.0 22.6 -15.0
v 49.0 23.0 -2.9
v 49.0 23.0 -2.9
v 48.4 24.0 -14.0
v 49.0 23.7 -13.0
v 48.7 24.0 -13.0
v 49.0 24.0 -3.4
v 48.5 25.0 -13.0
v 49.0 25.0 -12.5
v 48.0 24.6 -4.0
v 49.0 25.0 -3.7
v 49.0 26.0 -12.6
v 48.0 25.7 -5.0
v 49.0 25.3 -4.0
v 49.0 27.0 -16.4
v 49.0 26.8 -16.0
v 49.0 26.6 -15.0
v 49.0 26.5 -14.0
v 49.0 26.3 -13.0
v 49.0 26.4 -5.0
v 49.0 27.0 -5.4
v 49.0 28.0 -17.3
v 49.0 27.6 -17.0
v 48.0 27.6 -6.0
v 49.0 28.0 -5.7
v 49.0 29.0 -18.1
v 48.4 28.9 -7.0
v 49.0 29.0 -6.6
v 49.0 28.3 -6.0
v 49.0 29.6 -7.0
v 49.0 30.0 -7.3
v 49.0 30.6 -17.0
v 48.0 31.0 -15.7
v 49.0 31.0 -16.5
v 48.7 32.0 -16.0
v 49.0 32.0 -16.3
v 49.0 31.0 -7.4
v 49.0 32.3 -16.0
v 49.0 32.7 -15.0
v 48.0 33.0 -15.0
v 49.0 33.0 -13.9
v 49.0 33.0 -7.4
v 49.0 33.4 -13.0
v 49.0 33.7 -12.0
v 48.0 33.9 -11.0
v 49.0 34.0 -7.4
v 49.0 34.5 -11.0
v 49.0 35.0 -10.6
v 48.4 35.0 -8.0
v 49.0 35.0 -7.5
v 49.0 35.5 -10.0
v 49.0 36.0 -8.0
v 49.3 17.0 -12.0
v 50.0 17.0 -12.9
v 49.7 18.1 -14.0
v 50.0 18.0 -13.6
v 50.0 17.3 -12.0
v 50.0 17.6 -11.0
v 50.0 18.0 -10.3
v 49.4 19.0 -16.0
v 50.0 19.0 -15.3
v 50.1 18.8 -15.0
v 50.0 18.2 -10.0
v 50.0 19.0 -9.1
v 50.0 19.0 -9.0
v 50.0 18.3 -8.0
v 50.0 18.5 -7.0
v 50.0 18.7 -6.0
v 50.0 19.0 -5.7
v 49.6 20.0 -16.0
v 50.0 20.0 -15.7
v 50.0 19.4 -5.0
v 50.0 19.8 -4.0
v 50.0 20.0 -3.8
v 50.0 21.0 -16.2
v 50.0 20.7 -16.0
v 50.0 21.0 -3.5
v 50.0 21.2 -16.0
v 49.0 22.1 -16.0
v 50.0 21.7 -15.0
v 50.0 22.0 -14.5
v 50.0 22.0 -3.4
v 49.1 23.3 -14.0
v 50.0 22.3 -14.0
v 49.9 22.7 -13.0
v 50.0 22.9 -3.0
v 50.0 23.0 -2.9
v 49.6 24.0 -12.0
v 50.0 24.0 -3.4
v 49.4 25.0 -12.0
v 49.7 25.0 -11.0
v 50.0 25.0 -10.7
v 50.0 25.0 -3.6
v 49.4 26.0 -12.0
v 49.7 26.0 -11.0
v 50.0 26.0 -10.7
v 50.0 25.5 -4.0
v 49.2 27.0 -16.0
v 49.5 27.0 -15.0
v 50.0 27.0 -14.4
v 50.0 26.7 -14.0
v 49.9 27.0 -13.0
v 50.0 27.1 -13.0
v 49.8 27.0 -12.0
v 50.0 27.0 -11.7
v 50.0 26.4 -11.0
v 50.0 26.5 -5.0
v 50.0 27.0 -5.4
v 49.3 28.0 -17.0
v 49.5 28.0 -16.0
v 49.8 28.0 -15.0
v 50.0 28.0 -14.8
v 50.0 27.1 -13.0
v 50.0 27.2 -12.0
v 50.0 28.0 -5.6
v 49.1 29.0 -18.0
v 50.0 29.0 -17.1
v 50.1 29.0 -17.0
v 49.9 29.0 -16.0
v 50.0 29.0 -15.8
v 50.0 28.4 -15.0
v 50.0 28.6 -6.0
v 50.0 29.0 -6.3
v 49.0 30.0 -18.0
v 50.0 30.0 -17.3
v 49.4 30.0 -7.0
v 50.0 30.0 -6.6
v 50.0 30.3 -17.0
v 50.0 31.0 -16.5
v 49.5 31.0 -7.0
v 50.0 31.0 -6.6
v 50.0 32.0 -16.4
v 50.0 32.0 -6.5
v 49.4 33.0 -15.0
v 49.0 32.9 -14.0
v 49.5 32.0 -7.0
v 50.0 33.0 -6.6
v 50.0 33.1 -16.0
v 50.0 33.4 -15.0
v 50.0 33.5 -14.0
v 50.0 33.6 -13.0
v 49.0 34.0 -11.6
v 50.0 34.0 -12.5
v 50.0 34.0 -6.6
v 50.0 34.9 -11.6
v 49.5 35.0 -11.0
v 50.0 35.0 -6.8
v 50.0 35.4 -11.0
v 49.7 36.0 -10.0
v 50.0 36.0 -10.3
v 49.0 35.7 -9.0
v 50.0 35.3 -7.0
v 50.0 36.0 -7.6
v 50.0 36.3 -10.0
v 50.0 36.5 -9.0
v 50.0 36.4 -8.0
v 50.0 17.0 -13.0
v 50.6 18.0 -13.0
v 51.0 17.7 -12.0
v 51.0 18.0 -12.5
v 51.0 17.6 -11.0
v 51.0 17.9 -10.0
v 50.8 19.1 -14.0
v 51.0 18.5 -13.0
v 51.0 18.6 -9.0
v 51.0 18.9 -8.0
v 51.0 18.7 -7.0
v 51.0 19.0 -6.5
v 51.0 20.0 -15.5
v 51.0 19.6 -15.0
v 51.0 19.3 -14.0
v 51.0 19.3 -6.0
v 51.0 19.6 -5.0
v 50.4 20.0 -4.0
v 51.0 20.0 -4.4
v 51.0 21.0 -16.9
v 51.0 20.6 -16.0
v 51.0 20.8 -14.0
v 50.9 21.0 -14.0
v 51.0 20.4 -4.0
v 51.0 21.0 -3.6
v 51.0 21.3 -16.0
v 51.0 21.3 -15.0
v 50.3 22.0 -14.0
v 50.6 22.0 -13.0
v 51.0 22.0 -12.5
v 51.0 22.0 -3.5
v 49.9 23.2 -12.5
v 51.0 22.4 -12.0
v 50.0 23.0 -2.9
v 51.0 23.0 -3.4
v 50.0 24.2 -11.4
v 51.0 23.7 -10.8
v 51.0 24.0 -3.5
v 51.0 24.5 -10.0
v 50.8 25.0 -9.8
v 51.0 25.0 -3.6
v 51.0 26.0 -9.7
v 51.0 25.5 -4.0
v 51.0 26.0 -4.5
v 51.0 27.0 -14.3
v 51.0 26.7 -14.0
v 51.0 26.7 -13.0
v 50.6 27.0 -11.0
v 51.0 27.0 -10.7
v 51.0 26.3 -10.0
v 51.0 27.0 -5.3
v 51.0 27.3 -12.0
v 51.0 27.2 -11.0
v 51.0 28.0 -5.5
v 51.0 29.5 -15.0
v 51.0 29.0 -14.7
v 50.2 30.0 -17.0
v 50.5 30.0 -16.0
v 51.0 30.0 -15.4
v 51.0 29.0 -5.7
v 51.0 30.0 -6.3
v 50.7 31.0 -16.0
v 51.0 31.0 -15.7
v 51.0 31.0 -6.4
v 51.0 32.0 -16.3
v 51.0 31.5 -16.0
v 51.0 32.0 -5.9
v 51.0 32.5 -16.0
v 50.0 33.0 -16.1
v 51.0 33.0 -15.6
v 51.0 32.0 -5.9
v 51.0 33.0 -6.3
v 51.0 33.5 -15.0
v 50.9 34.0 -14.0
v 51.0 34.1 -14.0
v 51.0 33.9 -13.0
v 51.0 34.0 -6.4
v 51.0 35.0 -6.6
v 51.0 35.1 -12.0
v 51.0 35.6 -11.0
v 51.0 36.0 -10.5
v 51.0 35.5 -7.0
v 51.0 36.0 -7.5
v 51.0 36.5 -10.0
v 51.0 36.9 -9.0
v 51.0 36.5 -8.0
v 51.5 18.0 -12.0
v 52.0 17.9 -11.0
v 51.6 19.0 -13.0
v 52.0 19.0 -12.6
v 52.0 18.4 -12.0
v 52.0 18.3 -10.0
v 52.0 18.6 -9.0
v 52.0 18.6 -8.0
v 52.0 19.0 -6.7
v 52.0 20.0 -15.2
v 52.0 19.8 -15.0
v 52.0 19.7 -14.0
v 52.0 19.5 -13.0
v 52.0 19.4 -6.0
v 52.0 19.7 -5.0
v 52.0 20.0 -4.7
v 51.7 21.0 -16.0
v 52.0 20.3 -15.0
v 51.4 21.0 -15.0
v 52.0 20.3 -14.0
v 51.4 21.0 -13.0
v 52.0 20.4 -13.0
v 51.7 21.0 -12.0
v 52.0 20.7 -12.0
v 52.0 20.7 -4.0
v 52.0 21.0 -3.7
v 51.3 22.0 -12.0
v 52.0 21.6 -11.0
v 51.7 22.0 -11.0
v 52.0 22.0 -10.5
v 52.0 22.0 -3.5
v 51.3 23.0 -11.0
v 51.9 23.0 -9.8
v 51.7 23.0 -10.0
v 52.0 23.0 -3.5
v 51.4 24.0 -10.0
v 52.0 24.0 -9.4
v 52.0 24.0 -3.6
v 51.7 25.0 -9.0
v 52.0 25.0 -8.7
v 52.0 25.0 -3.7
v 52.0 26.0 -8.8
v 52.0 25.3 -4.0
v 52.0 26.0 -4.4
v 52.0 27.0 -14.2
v 52.0 26.8 -14.0
v 52.0 26.6 -13.0
v 52.0 26.7 -12.0
v 52.0 27.0 -11.5
v 52.0 27.0 -10.5
v 52.0 26.7 -10.0
v 52.0 26.2 -9.0
v 52.0 28.0 -14.4
v 52.0 27.3 -11.0
v 52.0 27.0 -4.7
v 52.0 28.0 -5.3
v 52.0 29.0 -14.4
v 53.0 29.0 -5.3
v 52.0 30.4 -15.0
v 52.0 30.0 -14.7
v 51.5 30.0 -6.0
v 52.0 30.0 -5.7
v 52.0 31.0 -6.1
v 52.0 32.0 -16.2
v 52.0 31.7 -16.0
v 52.0 31.2 -6.0
v 52.0 32.0 -5.6
v 52.0 32.4 -16.0
v 52.0 33.0 -15.6
v 51.4 33.0 -6.0
v 52.0 33.0 -5.6
v 52.0 33.6 -15.0
v 52.0 34.0 -14.6
v 51.1 34.0 -13.0
v 51.6 34.0 -6.0
v 52.0 34.0 -5.7
v 52.0 34.4 -14.0
v 52.0 34.4 -13.0
v 52.0 34.7 -12.0
v 51.0 35.0 -12.1
v 52.0 35.0 -11.5
v 52.0 34.4 -6.0
v 52.0 35.0 -6.4
v 52.0 35.4 -11.0
v 52.0 36.0 -10.5
v 52.0 36.0 -7.6
v 52.0 36.9 -10.0
v 52.0 36.6 -9.0
v 52.0 36.3 -8.0
v 53.0 18.6 -11.0
v 53.0 18.7 -10.0
v 52.7 19.0 -9.0
v 53.0 19.0 -9.4
v 53.0 18.9 -8.0
v 52.0 18.7 -7.0
v 53.0 19.0 -7.8
v 52.7 20.0 -15.0
v 52.9 20.0 -14.0
v 52.3 20.0 -13.0
v 53.0 19.1 -12.0
v 52.6 20.0 -12.0
v 53.0 20.0 -11.5
v 53.0 19.3 -9.0
v 53.0 19.3 -7.0
v 53.0 19.6 -6.0
v 53.0 20.5 -11.0
v 53.0 21.0 -10.6
v 53.0 20.0 -5.4
v 52.5 21.1 -4.1
v 52.4 22.0 -10.0
v 53.0 21.5 -10.0
v 52.8 22.0 -9.0
v 53.0 21.7 -9.0
v 53.0 22.0 -8.7
v 53.0 21.6 -4.0
v 53.0 22.0 -3.7
v 52.5 23.0 -9.0
v 53.0 23.0 -8.1
v 53.0 23.0 -3.7
v 52.4 24.0 -9.0
v 53.0 24.0 -8.4
v 52.6 24.0 -4.0
v 53.0 24.0 -4.3
v 53.0 25.0 -8.4
v 52.3 25.0 -4.0
v 53.0 25.0 -4.4
v 53.0 26.0 -8.5
v 53.0 26.0 -4.5
v 52.2 27.0 -14.0
v 52.5 27.0 -13.0
v 53.0 26.9 -12.0
v 53.0 27.0 -11.9
v 53.0 27.3 -10.0
v 53.0 26.6 -9.0
v 53.0 27.0 -4.5
v 52.4 28.0 -14.0
v 53.1 28.0 -13.0
v 53.0 27.4 -11.0
v 52.5 29.0 -14.0
v 52.8 29.0 -13.0
v 53.0 29.0 -12.0
v 53.0 28.0 -4.7
v 53.0 30.0 -14.3
v 53.0 29.7 -14.0
v 53.0 29.2 -13.0
v 53.0 30.0 -5.5
v 52.0 31.0 -15.4
v 53.0 31.0 -14.6
v 52.1 31.0 -6.0
v 53.0 31.0 -5.6
v 53.0 32.0 -16.1
v 53.0 31.9 -16.0
v 53.0 31.4 -15.0
v 53.0 32.0 -5.5
v 53.0 33.0 -16.1
v 53.0 33.0 -5.5
v 52.6 34.0 -15.0
v 53.0 34.0 -15.3
v 53.0 34.0 -5.5
v 53.0 34.2 -15.0
v 53.0 34.5 -14.0
v 53.0 34.5 -13.0
v 53.0 34.5 -12.0
v 53.0 34.9 -11.0
v 53.0 35.0 -10.9
v 53.0 35.0 -5.9
v 53.0 36.0 -10.3
v 53.0 35.9 -8.0
v 52.0 35.5 -7.0
v 53.0 36.4 -10.0
v 53.0 36.5 -9.0
v 53.0 19.0 -12.0
v 53.4 19.0 -11.0
v 53.3 19.0 -10.0
v 53.1 19.0 -8.0
v 53.4 20.0 -11.0
v 54.0 20.0 -10.1
v 54.0 19.9 -10.0
v 53.5 20.0 -9.0
v 54.0 20.0 -9.9
v 54.0 19.7 -7.0
v 53.7 20.0 -8.0
v 54.0 19.8 -6.0
v 54.0 20.0 -5.8
v 54.0 21.0 -10.0
v 54.0 20.7 -10.0
v 53.6 21.0 -9.0
v 54.0 21.0 -8.5
v 54.0 20.5 -8.0
v 53.6 21.0 -5.0
v 54.0 21.0 -5.3
v 54.0 22.0 -8.5
v 54.0 21.5 -5.0
v 53.3 22.0 -4.0
v 54.0 22.0 -4.6
v 54.0 23.0 -8.3
v 53.4 23.0 -4.0
v 54.0 23.0 -4.5
v 53.6 24.0 -8.0
v 54.0 24.0 -7.7
v 54.0 24.0 -4.5
v 53.5 25.0 -8.0
v 54.0 25.0 -7.6
v 54.0 25.0 -4.5
v 53.6 26.0 -8.0
v 54.0 26.0 -7.6
v 54.0 26.0 -4.5
v 53.1 27.0 -12.0
v 53.0 27.0 -9.5
v 54.0 27.0 -8.5
v 54.0 26.5 -8.0
v 54.0 27.0 -4.5
v 53.4 28.0 -12.0
v 54.0 27.9 -11.0
v 54.0 27.6 -10.0
v 54.0 27.3 -9.0
v 54.0 28.0 -4.5
v 54.0 28.3 -11.0
v 54.0 29.0 -10.8
v 54.0 29.0 -4.7
v 53.3 30.0 -14.0
v 54.0 29.7 -13.0
v 54.0 29.2 -11.0
v 54.0 29.4 -5.0
v 54.0 30.0 -5.4
v 53.5 31.0 -14.0
v 54.0 31.0 -5.4
v 53.1 32.0 -16.0
v 53.4 32.0 -15.0
v 53.6 32.0 -14.0
v 54.0 32.0 -13.5
v 54.0 32.0 -5.4
v 53.1 33.0 -16.0
v 53.5 33.0 -15.0
v 53.7 33.0 -14.0
v 54.0 33.0 -13.7
v 54.0 33.0 -5.4
v 53.9 34.0 -15.0
v 54.0 34.0 -14.9
v 54.2 34.0 -14.0
v 54.0 34.0 -5.5
v 54.0 34.2 -14.0
v 54.0 34.4 -13.0
v 54.0 34.6 -12.0
v 53.2 35.0 -11.0
v 54.0 35.0 -11.4
v 53.0 35.1 -6.0
v 54.0 34.6 -6.0
v 54.0 35.0 -6.4
v 54.0 35.3 -11.0
v 54.0 35.9 -10.0
v 53.8 36.0 -10.0
v 54.0 36.0 -9.9
v 53.3 36.0 -8.0
v 54.0 36.0 -7.6
v 54.0 35.5 -7.0
v 54.0 36.8 -10.0
v 54.0 37.0 -10.0
v 53.7 37.0 -9.0
v 54.0 37.0 -8.6
v 54.0 36.5 -8.0
v 54.0 37.2 -9.0
v 54.1 20.0 -10.0
v 54.3 20.0 -7.0
v 54.2 20.0 -6.0
v 54.3 21.0 -8.0
v 54.6 21.0 -7.0
v 55.0 21.0 -6.0
v 55.0 22.0 -8.1
v 55.1 22.0 -8.0
v 54.9 22.0 -7.0
v 55.0 22.0 -6.7
v 54.4 22.0 -5.0
v 55.0 22.0 -5.7
v 55.0 23.0 -8.2
v 55.0 22.2 -7.0
v 54.6 23.0 -5.0
v 55.0 23.0 -5.4
v 55.0 23.2 -8.0
v 55.0 24.0 -7.5
v 55.0 24.0 -4.7
v 55.0 25.0 -7.4
v 55.0 25.0 -4.5
v 55.0 25.7 -7.0
v 55.0 26.0 -6.8
v 54.5 27.0 -8.0
v 55.0 27.0 -7.0
v 55.0 26.9 -7.0
v 55.0 26.0 -4.5
v 54.1 28.0 -11.0
v 54.4 28.0 -10.0
v 55.0 27.8 -9.0
v 55.0 27.4 -8.0
v 55.0 28.0 -4.5
v 54.6 29.0 -10.0
v 55.0 29.0 -9.6
v 55.0 29.0 -4.6
v 54.3 30.0 -13.0
v 55.0 30.0 -12.0
v 54.6 30.0 -11.0
v 55.0 30.0 -10.5
v 55.0 29.5 -10.0
v 55.0 29.6 -5.0
v 54.5 31.0 -13.0
v 55.2 31.0 -12.0
v 54.8 31.0 -11.0
v 55.0 31.0 -11.5
v 55.0 31.0 -10.7
v 55.0 30.0 -5.3
v 54.6 31.0 -5.0
v 55.0 31.0 -4.7
v 54.5 32.0 -13.0
v 55.0 32.0 -11.0
v 55.0 32.0 -4.6
v 54.5 33.0 -13.0
v 55.0 33.0 -12.5
v 55.0 33.0 -4.6
v 54.4 34.0 -13.0
v 55.0 34.0 -4.8
v 55.0 34.3 -12.0
v 55.0 35.2 -11.0
v 55.0 34.6 -6.0
v 55.0 35.0 -6.5
v 55.0 34.2 -5.0
v 55.0 35.7 -10.0
v 55.0 36.0 -9.7
v 55.0 35.5 -7.0
v 55.0 36.0 -7.4
v 54.4 37.0 -10.0
v 54.7 37.0 -8.0
v 55.0 37.0 -7.8
v 55.0 37.3 -9.0
v 55.0 37.2 -8.0
v 55.2 22.0 -6.0
v 55.2 23.0 -8.0
v 55.4 23.0 -7.0
v 55.5 23.0 -6.0
v 55.6 24.0 -7.0
v 56.0 24.0 -6.3
v 55.0 23.6 -5.0
v 56.0 23.8 -6.0
v 56.0 25.0 -7.1
v 56.1 25.0 -7.0
v 56.0 24.6 -5.0
v 56.0 25.0 -4.8
v 56.0 26.0 -6.6
v 56.0 26.0 -4.7
v 55.9 27.0 -8.0
v 56.0 27.0 -8.0
v 56.0 26.4 -7.0
v 56.0 27.0 -4.6
v 55.2 28.0 -9.0
v 55.7 28.0 -8.0
v 56.0 28.0 -7.7
v 56.0 28.0 -4.6
v 55.4 29.0 -9.0
v 55.7 29.0 -8.0
v 56.0 29.0 -7.7
v 56.0 29.0 -4.7
v 55.3 30.0 -10.0
v 55.5 30.0 -9.0
v 55.7 30.0 -8.0
v 56.0 30.0 -7.7
v 56.0 30.0 -5.3
v 55.5 31.0 -10.0
v 55.5 31.0 -9.0
v 55.8 31.0 -8.0
v 56.0 31.0 -7.8
v 56.0 30.4 -5.0
v 56.0 31.0 -4.6
v 55.3 32.0 -12.0
v 56.0 31.9 -10.0
v 55.8 32.0 -9.0
v 56.0 32.0 -4.5
v 55.4 33.0 -12.0
v 55.5 33.0 -11.0
v 56.0 33.0 -10.4
v 56.0 32.2 -9.0
v 56.0 33.0 -4.5
v 55.2 34.0 -12.0
v 55.6 34.0 -11.0
v 56.0 34.0 -10.4
v 56.0 34.0 -4.7
v 55.2 35.0 -11.0
v 56.0 34.5 -10.0
v 55.6 35.0 -10.0
v 56.0 35.0 -9.6
v 56.0 34.6 -6.0
v 56.0 35.0 -6.5
v 56.0 34.3 -5.0
v 56.0 36.0 -9.3
v 56.0 35.5 -7.0
v 56.0 36.0 -7.6
v 56.0 36.4 -9.0
v 55.0 37.0 -9.9
v 56.0 37.0 -8.0
v 56.1 24.0 -6.0
v 56.4 25.0 -6.0
v 56.2 25.0 -5.0
v 56.4 26.0 -6.0
v 56.3 26.0 -5.0
v 56.4 27.0 -8.0
v 57.0 27.0 -7.8
v 57.0 26.8 -7.0
v 56.7 27.0 -6.0
v 57.2 27.0 -7.0
v 56.4 27.0 -5.0
v 57.0 28.0 -7.4
v 57.0 28.0 -5.7
v 56.4 28.0 -5.0
v 57.0 29.0 -7.4
v 56.3 29.0 -5.0
v 57.0 29.0 -5.5
v 57.0 30.0 -7.4
v 57.0 30.0 -5.4
v 57.0 31.0 -7.4
v 57.0 30.5 -5.0
v 57.0 31.0 -4.6
v 56.1 32.0 -10.0
v 56.4 32.0 -8.0
v 57.0 32.0 -7.5
v 57.0 32.0 -4.5
v 56.3 33.0 -10.0
v 56.4 33.0 -9.0
v 56.6 33.0 -8.0
v 57.0 33.0 -7.5
v 57.0 33.0 -4.6
v 56.3 34.0 -10.0
v 56.5 34.0 -9.0
v 56.6 34.0 -8.0
v 57.0 34.0 -7.5
v 57.0 34.0 -4.8
v 56.4 35.0 -9.0
v 56.6 35.0 -8.0
v 57.0 35.0 -7.0
v 57.0 34.5 -6.0
v 57.0 35.0 -6.9
v 57.0 34.2 -5.0
v 56.2 36.0 -9.0
v 56.4 36.0 -8.0
v 57.3 28.0 -7.0
v 57.3 28.0 -6.0
v 57.4 29.0 -7.0
v 57.4 29.0 -6.0
v 57.4 30.0 -7.0
v 58.0 30.0 -5.9
v 57.5 31.0 -7.0
v 58.0 31.0 -6.4
v 58.0 30.7 -5.0
v 58.0 31.0 -4.8
v 57.5 32.0 -7.0
v 58.0 32.0 -6.4
v 58.0 32.0 -4.8
v 57.5 33.0 -7.0
v 58.0 33.0 -6.3
v 57.6 33.0 -5.0
v 58.0 32.4 -5.0
v 58.0 33.0 -5.6
v 57.4 34.0 -7.0
v 57.3 34.0 -5.0
v 58.0 34.0 -6.0
v 58.1 30.0 -6.0
v 58.3 31.0 -6.0
v 58.2 31.0 -5.0
v 58.4 32.0 -6.0
v 58.2 32.0 -5.0
v 58.2 33.0 -6.0
f 3 2 1
f 5 4 1
f 1 4 3
f 7 6 5
f 5 6 4
f 9 8 7
f 7 8 6
f 9 10 8
f 1 2 11
f 11 2 12
f 1 13 5
f 1 11 13
f 5 14 7
f 5 13 14
f 7 15 9
f 7 14 15
f 10 9 16
f 16 9 15
f 11 12 19
f 19 12 17
f 11 20 13
f 11 19 20
f 13 21 14
f 13 20 21
f 14 22 15
f 14 21 22
f 16 15 18
f 18 15 22
f 24 23 3
f 3 23 2
f 25 3 4
f 25 24 3
f 26 4 6
f 26 25 4
f 27 6 8
f 27 26 6
f 8 10 27
f 27 10 28
f 23 12 2
f 29 12 23
f 16 28 10
f 16 30 28
f 34 33 31
f 31 33 32
f 29 33 34
f 17 29 34
f 12 29 17
f 18 30 16
f 18 35 30
f 36 31 37
f 31 38 34
f 31 36 38
f 39 19 17
f 34 39 17
f 38 39 34
f 40 20 19
f 40 19 39
f 41 21 20
f 41 20 40
f 42 22 21
f 42 21 41
f 42 43 22
f 43 18 22
f 43 35 18
f 36 37 44
f 36 45 38
f 36 44 45
f 38 46 39
f 38 45 46
f 39 47 40
f 39 46 47
f 40 52 41
f 40 47 52
f 42 52 48
f 42 41 52
f 42 48 43
f 44 49 45
f 45 49 50
f 45 50 46
f 46 50 47
f 47 50 51
f 47 51 52
f 53 23 24
f 25 54 24
f 24 54 53
f 26 55 25
f 25 55 54
f 55 26 56
f 26 27 56
f 27 28 56
f 58 57 53
f 57 29 53
f 29 23 53
f 58 53 54
f 54 55 59
f 59 55 56
f 30 56 28
f 30 60 56
f 31 32 61
f 32 62 61
f 32 63 62
f 63 33 57
f 32 33 63
f 57 33 29
f 35 64 119
f 60 35 119
f 30 35 60
f 64 68 119
f 65 61 66
f 65 37 31
f 65 31 61
f 43 67 64
f 43 64 35
f 64 69 68
f 64 67 69
f 69 70 68
f 65 66 79
f 79 66 72
f 79 44 37
f 79 37 65
f 67 43 48
f 73 67 48
f 67 74 69
f 67 73 74
f 70 69 75
f 75 69 74
f 76 71 77
f 78 71 76
f 79 80 49
f 44 79 49
f 81 50 49
f 81 49 80
f 82 51 50
f 82 50 81
f 83 52 51
f 83 51 82
f 73 48 52
f 83 73 52
f 84 73 83
f 73 84 85
f 73 86 74
f 73 85 86
f 75 74 87
f 87 74 86
f 76 77 88
f 78 76 88
f 80 89 81
f 81 89 90
f 81 90 91
f 81 91 82
f 82 91 157
f 93 92 157
f 92 82 157
f 92 83 82
f 94 84 93
f 84 92 93
f 84 83 92
f 84 94 85
f 85 94 95
f 85 95 86
f 86 95 96
f 86 96 87
f 97 99 98
f 97 101 99
f 97 100 101
f 99 103 102
f 99 101 103
f 103 104 102
f 58 106 57
f 57 106 105
f 54 106 58
f 59 107 54
f 54 107 106
f 56 107 59
f 56 108 107
f 60 108 56
f 100 110 101
f 100 109 110
f 101 111 103
f 101 110 111
f 104 103 123
f 103 111 123
f 113 112 62
f 62 112 61
f 114 62 63
f 114 113 62
f 63 57 105
f 115 63 105
f 114 63 115
f 115 105 106
f 115 106 116
f 116 106 117
f 117 106 107
f 117 107 118
f 118 107 108
f 118 108 120
f 120 108 119
f 108 60 119
f 121 109 204
f 109 122 110
f 109 121 122
f 111 122 131
f 111 110 122
f 111 131 123
f 112 66 61
f 124 66 112
f 125 120 119
f 125 119 68
f 126 125 68
f 68 70 126
f 126 70 127
f 129 128 204
f 204 128 121
f 128 71 121
f 130 121 71
f 122 121 130
f 122 132 131
f 122 130 132
f 134 133 132
f 132 133 131
f 134 135 133
f 124 72 66
f 136 72 124
f 75 127 70
f 75 137 127
f 128 129 138
f 138 129 139
f 138 77 71
f 138 71 128
f 78 140 130
f 78 130 71
f 130 141 132
f 130 140 141
f 132 142 134
f 132 141 142
f 135 134 143
f 143 134 142
f 79 72 144
f 72 145 144
f 72 136 145
f 144 80 79
f 87 137 75
f 87 146 137
f 138 139 147
f 147 139 148
f 147 88 77
f 147 77 138
f 88 149 140
f 88 140 78
f 140 150 141
f 140 149 150
f 141 151 142
f 141 150 151
f 143 142 152
f 152 142 151
f 145 153 144
f 144 153 80
f 153 89 80
f 153 154 89
f 89 155 90
f 154 155 89
f 90 156 91
f 155 156 90
f 91 156 157
f 93 158 94
f 170 95 94
f 170 94 158
f 159 95 170
f 96 95 159
f 87 96 146
f 146 96 159
f 147 148 171
f 171 148 160
f 147 171 88
f 171 161 88
f 171 162 161
f 88 163 149
f 88 161 163
f 257 164 163
f 164 149 163
f 164 150 149
f 150 165 151
f 150 164 165
f 152 151 166
f 166 151 165
f 156 167 157
f 157 167 93
f 167 168 93
f 93 169 158
f 93 168 169
f 158 169 170
f 172 164 257
f 172 173 164
f 165 173 174
f 165 164 173
f 165 174 166
f 173 172 175
f 173 175 174
f 178 177 176
f 180 179 176
f 176 179 178
f 97 98 180
f 98 179 180
f 98 181 179
f 182 181 99
f 181 98 99
f 176 177 183
f 183 177 184
f 176 185 180
f 176 183 185
f 185 100 97
f 185 97 180
f 102 182 99
f 186 182 102
f 102 104 186
f 186 104 187
f 189 188 184
f 188 183 184
f 188 190 183
f 183 191 185
f 183 190 191
f 191 109 100
f 191 100 185
f 192 187 104
f 192 104 123
f 192 123 193
f 195 194 113
f 113 194 112
f 196 113 114
f 196 195 113
f 197 114 115
f 197 196 114
f 198 115 116
f 198 197 115
f 199 116 117
f 199 198 116
f 201 199 200
f 199 118 200
f 199 117 118
f 120 202 118
f 118 202 200
f 188 189 203
f 203 189 316
f 190 204 191
f 190 188 204
f 204 109 191
f 206 123 131
f 206 131 205
f 193 123 207
f 123 206 207
f 206 208 207
f 208 209 207
f 212 211 210
f 194 212 210
f 124 194 210
f 112 194 124
f 201 200 213
f 201 213 214
f 215 200 202
f 213 200 215
f 125 216 120
f 216 202 120
f 216 215 202
f 126 217 125
f 125 217 216
f 127 217 126
f 203 316 218
f 218 316 219
f 203 220 188
f 203 218 220
f 204 220 129
f 188 220 204
f 205 131 133
f 205 133 206
f 206 133 135
f 208 206 135
f 209 208 221
f 221 208 135
f 210 211 222
f 222 211 223
f 222 136 124
f 222 124 210
f 224 214 213
f 224 213 215
f 224 215 225
f 225 215 216
f 225 216 226
f 228 227 226
f 216 228 226
f 217 228 216
f 137 228 127
f 127 228 217
f 230 229 219
f 229 218 219
f 229 231 218
f 218 241 220
f 218 231 241
f 241 139 129
f 241 129 220
f 143 232 135
f 221 135 233
f 233 135 232
f 222 223 234
f 234 223 235
f 234 145 136
f 234 136 222
f 227 228 236
f 227 236 237
f 146 236 137
f 137 236 228
f 229 230 238
f 238 230 239
f 229 240 231
f 229 238 240
f 231 240 241
f 241 148 139
f 152 242 232
f 152 232 143
f 233 232 243
f 243 232 242
f 234 235 244
f 244 235 245
f 246 153 145
f 234 246 145
f 244 246 234
f 247 154 153
f 247 153 246
f 248 155 154
f 248 154 247
f 249 156 155
f 249 155 248
f 251 250 170
f 170 250 237
f 170 237 236
f 159 170 236
f 159 236 146
f 238 239 252
f 252 239 253
f 238 254 240
f 238 252 254
f 240 255 241
f 240 254 255
f 255 160 148
f 255 148 241
f 162 256 161
f 257 163 161
f 257 161 256
f 166 258 242
f 166 242 152
f 243 242 275
f 275 242 258
f 245 259 244
f 244 259 246
f 246 259 260
f 246 260 247
f 247 260 261
f 263 262 261
f 262 247 261
f 262 248 247
f 248 264 249
f 248 262 264
f 265 167 156
f 249 265 156
f 264 265 249
f 167 265 266
f 168 167 266
f 168 267 169
f 266 267 168
f 170 267 251
f 170 169 267
f 252 253 268
f 268 253 340
f 252 269 254
f 252 268 269
f 254 280 255
f 254 269 280
f 255 280 160
f 280 270 160
f 270 171 160
f 171 270 162
f 270 271 162
f 271 256 162
f 271 270 272
f 257 271 172
f 256 271 257
f 273 274 174
f 174 274 166
f 274 275 166
f 275 258 166
f 262 263 264
f 264 263 276
f 264 276 265
f 265 276 277
f 265 277 266
f 340 278 268
f 268 278 269
f 269 278 279
f 269 279 280
f 272 281 271
f 271 281 172
f 281 282 172
f 175 282 283
f 172 282 175
f 273 174 175
f 283 273 175
f 284 273 283
f 274 273 285
f 285 273 284
f 283 286 284
f 284 286 287
f 284 287 285
f 289 288 178
f 178 288 177
f 290 178 179
f 290 289 178
f 290 181 291
f 290 179 181
f 182 291 181
f 294 293 292
f 288 294 292
f 184 288 292
f 177 288 184
f 295 291 182
f 296 182 186
f 296 295 182
f 186 187 296
f 299 298 297
f 301 300 297
f 297 300 299
f 303 302 301
f 301 302 300
f 305 304 303
f 303 304 302
f 305 306 304
f 292 293 189
f 293 307 189
f 292 189 184
f 308 296 187
f 308 187 192
f 192 193 308
f 308 193 309
f 312 311 310
f 312 310 298
f 310 297 298
f 310 212 297
f 212 194 195
f 301 212 195
f 297 212 301
f 301 195 196
f 301 196 303
f 303 196 197
f 303 197 305
f 313 306 305
f 197 313 305
f 198 313 197
f 314 198 199
f 314 313 198
f 199 201 314
f 314 201 315
f 307 316 189
f 317 309 193
f 317 193 207
f 318 310 209
f 310 317 209
f 317 207 209
f 310 311 317
f 318 211 212
f 310 318 212
f 214 315 201
f 214 319 315
f 320 219 316
f 221 318 209
f 221 223 211
f 221 211 318
f 321 319 214
f 321 214 224
f 322 224 225
f 322 321 224
f 322 226 323
f 322 225 226
f 227 323 226
f 320 324 230
f 230 219 320
f 233 325 221
f 325 235 223
f 325 223 221
f 323 227 326
f 227 327 326
f 227 237 327
f 324 239 230
f 328 239 324
f 330 329 325
f 233 330 325
f 243 330 233
f 235 325 329
f 331 235 329
f 245 235 331
f 333 332 250
f 333 250 251
f 237 250 327
f 327 250 332
f 328 253 239
f 334 253 328
f 275 330 243
f 275 335 330
f 331 336 245
f 245 336 259
f 259 337 260
f 336 337 259
f 260 338 261
f 337 338 260
f 263 261 338
f 339 266 345
f 267 266 339
f 251 267 333
f 333 267 339
f 334 341 340
f 253 334 340
f 274 353 275
f 353 335 275
f 338 342 263
f 263 343 276
f 342 343 263
f 276 344 277
f 343 344 276
f 266 277 345
f 277 344 345
f 341 346 340
f 346 348 347
f 346 347 278
f 340 346 278
f 349 279 278
f 349 278 347
f 350 280 279
f 350 279 349
f 350 270 280
f 351 270 350
f 270 351 272
f 351 352 272
f 352 281 272
f 282 352 359
f 281 352 282
f 359 283 282
f 274 354 353
f 285 354 274
f 348 355 347
f 347 355 349
f 349 355 356
f 349 356 350
f 350 356 357
f 350 357 351
f 351 357 358
f 351 358 352
f 359 360 286
f 283 359 286
f 361 287 286
f 361 286 360
f 354 285 364
f 285 361 364
f 285 287 361
f 360 362 361
f 361 362 363
f 361 363 364
f 368 367 365
f 365 367 366
f 368 369 367
f 371 370 289
f 289 370 288
f 371 290 372
f 371 289 290
f 291 372 290
f 375 461 373
f 461 375 365
f 375 376 365
f 365 377 368
f 365 376 377
f 369 368 378
f 378 368 377
f 380 379 294
f 294 379 293
f 294 288 370
f 294 370 380
f 295 372 291
f 381 372 295
f 382 381 295
f 382 296 383
f 382 295 296
f 373 374 299
f 374 298 299
f 374 384 298
f 373 299 300
f 373 300 375
f 375 300 302
f 375 302 376
f 376 302 304
f 376 304 377
f 304 306 377
f 306 378 377
f 306 385 378
f 379 307 293
f 386 307 379
f 387 383 296
f 308 387 296
f 388 387 308
f 308 309 388
f 388 309 389
f 384 390 312
f 312 390 311
f 312 298 384
f 391 385 306
f 391 306 313
f 314 391 313
f 386 316 307
f 392 316 386
f 309 317 393
f 394 309 393
f 389 309 394
f 395 393 317
f 311 395 317
f 390 395 311
f 319 396 315
f 392 320 316
f 488 320 392
f 394 393 397
f 394 397 398
f 393 395 399
f 393 399 397
f 321 396 319
f 400 321 322
f 322 323 400
f 400 323 401
f 403 402 320
f 320 402 324
f 320 488 403
f 398 397 404
f 398 404 405
f 397 399 406
f 397 406 404
f 411 401 323
f 411 323 326
f 326 327 411
f 402 328 324
f 407 328 402
f 405 404 408
f 405 408 409
f 410 329 330
f 404 410 330
f 408 404 330
f 410 404 406
f 331 329 410
f 331 410 627
f 412 411 332
f 412 332 333
f 327 332 411
f 334 407 413
f 328 407 334
f 409 408 414
f 409 414 415
f 335 414 330
f 330 414 408
f 627 504 331
f 331 504 336
f 336 416 337
f 504 416 336
f 338 416 422
f 337 416 338
f 418 417 339
f 418 339 345
f 333 339 412
f 412 339 417
f 413 419 341
f 413 341 334
f 415 414 420
f 415 420 421
f 353 420 335
f 335 420 414
f 422 342 338
f 422 423 342
f 342 424 343
f 423 424 342
f 343 512 344
f 424 512 343
f 344 425 345
f 512 425 344
f 418 345 425
f 346 341 426
f 341 419 426
f 426 348 346
f 421 420 353
f 354 421 353
f 427 421 354
f 426 516 348
f 516 355 348
f 516 428 355
f 355 429 356
f 428 429 355
f 356 430 357
f 429 430 356
f 358 430 431
f 357 430 358
f 431 435 358
f 358 435 352
f 435 521 352
f 521 432 359
f 352 521 359
f 432 360 359
f 433 427 354
f 433 354 364
f 433 364 434
f 521 436 432
f 432 436 360
f 436 362 360
f 436 437 362
f 362 438 363
f 437 438 362
f 363 439 364
f 438 439 363
f 434 364 439
f 440 441 442
f 442 441 443
f 441 440 444
f 440 445 444
f 440 442 445
f 445 446 444
f 448 447 443
f 447 442 443
f 447 449 442
f 442 450 445
f 442 449 450
f 445 451 446
f 445 450 451
f 456 446 451
f 452 447 453
f 447 454 449
f 447 452 454
f 449 454 450
f 450 455 451
f 450 454 455
f 451 457 456
f 451 455 457
f 461 460 458
f 365 366 461
f 366 460 461
f 366 462 460
f 463 366 367
f 463 462 366
f 367 369 463
f 463 369 464
f 595 465 453
f 465 452 453
f 465 454 452
f 454 465 466
f 466 370 371
f 455 466 371
f 454 466 455
f 455 371 372
f 457 455 372
f 457 468 467
f 457 372 468
f 468 469 467
f 458 459 373
f 459 374 373
f 459 470 374
f 458 373 461
f 378 464 369
f 378 471 464
f 465 595 472
f 472 595 473
f 472 379 380
f 466 472 380
f 465 472 466
f 466 380 370
f 372 381 468
f 474 469 468
f 381 474 468
f 382 474 381
f 382 383 474
f 474 383 475
f 478 477 476
f 470 478 476
f 384 470 476
f 374 470 384
f 385 471 378
f 385 479 471
f 472 473 480
f 480 386 379
f 480 379 472
f 383 387 481
f 475 383 481
f 388 482 387
f 387 482 481
f 389 482 388
f 476 477 384
f 477 390 384
f 477 483 390
f 391 479 385
f 314 315 484
f 480 473 485
f 485 473 612
f 485 392 386
f 485 386 480
f 482 486 481
f 394 486 389
f 389 486 482
f 483 395 390
f 396 484 315
f 396 487 484
f 485 612 488
f 488 612 489
f 488 392 485
f 394 490 486
f 394 398 490
f 483 399 395
f 491 399 483
f 492 487 396
f 492 396 321
f 494 492 493
f 492 400 493
f 492 321 400
f 401 493 400
f 488 489 403
f 489 402 403
f 489 618 402
f 405 490 398
f 405 495 490
f 491 406 399
f 496 406 491
f 497 494 493
f 498 497 411
f 497 493 411
f 493 401 411
f 402 618 407
f 409 495 405
f 409 500 495
f 496 626 406
f 406 626 410
f 627 410 626
f 412 498 411
f 501 498 412
f 618 499 413
f 499 502 413
f 618 413 407
f 415 500 409
f 415 503 500
f 504 505 416
f 422 416 505
f 418 506 417
f 506 507 417
f 507 412 417
f 507 501 412
f 502 419 413
f 508 419 502
f 421 503 415
f 421 509 503
f 505 510 422
f 422 511 423
f 510 511 422
f 423 512 424
f 512 513 425
f 418 425 506
f 425 514 506
f 425 513 514
f 506 514 507
f 516 426 515
f 426 508 515
f 426 419 508
f 517 516 515
f 427 509 421
f 427 518 509
f 517 519 516
f 519 428 516
f 428 520 429
f 519 520 428
f 430 520 645
f 429 520 430
f 645 431 430
f 522 518 427
f 522 427 433
f 433 434 522
f 645 523 431
f 523 435 431
f 523 524 435
f 435 525 521
f 435 524 525
f 525 436 521
f 525 526 436
f 437 526 527
f 436 526 437
f 528 438 437
f 528 437 527
f 438 528 529
f 530 438 529
f 439 438 530
f 434 439 522
f 522 439 530
f 527 653 528
f 528 653 531
f 528 531 529
f 535 534 532
f 532 534 533
f 535 536 534
f 538 537 533
f 537 532 533
f 537 539 532
f 532 540 535
f 532 539 540
f 536 535 541
f 535 542 541
f 535 540 542
f 542 547 541
f 537 544 539
f 537 543 544
f 539 545 540
f 539 544 545
f 540 546 542
f 540 545 546
f 542 548 547
f 542 546 548
f 543 550 544
f 543 549 550
f 544 551 545
f 544 550 551
f 545 552 546
f 545 551 552
f 546 553 548
f 546 552 553
f 549 555 550
f 549 554 555
f 551 555 441
f 550 555 551
f 556 551 441
f 552 551 556
f 552 557 553
f 552 556 557
f 558 553 557
f 554 448 555
f 554 559 448
f 448 443 441
f 448 441 555
f 444 556 441
f 556 444 446
f 556 446 557
f 560 561 446
f 561 558 446
f 558 557 446
f 565 564 562
f 562 564 563
f 565 566 564
f 568 567 566
f 570 569 568
f 568 569 567
f 572 571 570
f 570 571 569
f 572 573 571
f 574 559 575
f 574 447 448
f 559 574 448
f 456 576 560
f 456 560 446
f 561 560 577
f 560 576 577
f 562 579 565
f 562 588 579
f 565 580 566
f 565 579 580
f 566 581 568
f 566 580 581
f 568 582 570
f 568 581 582
f 570 583 572
f 570 582 583
f 573 572 584
f 584 572 583
f 574 575 585
f 585 453 447
f 585 447 574
f 576 456 457
f 586 576 457
f 577 576 586
f 578 577 587
f 587 577 586
f 588 590 579
f 579 591 580
f 579 590 591
f 591 459 458
f 581 591 458
f 580 591 581
f 581 458 460
f 581 460 582
f 582 460 462
f 582 462 583
f 592 584 583
f 462 592 583
f 463 592 462
f 463 464 592
f 592 464 593
f 594 595 453
f 585 594 453
f 467 586 457
f 467 469 586
f 469 587 586
f 469 596 587
f 588 589 598
f 598 589 597
f 588 598 590
f 590 599 591
f 590 598 599
f 599 470 459
f 599 459 591
f 471 593 464
f 471 600 593
f 595 594 473
f 601 596 469
f 601 469 474
f 603 602 475
f 602 474 475
f 602 601 474
f 602 603 597
f 603 598 597
f 603 604 598
f 598 604 605
f 605 477 478
f 599 605 478
f 598 605 599
f 599 478 470
f 479 600 471
f 479 606 600
f 481 603 475
f 603 607 604
f 603 481 607
f 604 608 605
f 604 607 608
f 608 483 477
f 608 477 605
f 609 606 479
f 609 479 391
f 610 391 314
f 610 609 391
f 314 484 610
f 610 484 611
f 612 473 755
f 613 481 486
f 607 481 613
f 607 614 608
f 607 613 614
f 614 483 608
f 611 487 615
f 484 487 611
f 755 489 612
f 613 486 490
f 616 613 490
f 614 613 616
f 616 491 483
f 616 483 614
f 492 615 487
f 492 494 615
f 494 617 615
f 618 755 619
f 618 489 755
f 621 620 616
f 490 621 616
f 495 621 490
f 491 616 620
f 622 491 620
f 496 491 622
f 497 617 494
f 497 498 623
f 618 619 499
f 619 624 499
f 500 621 495
f 500 625 621
f 622 626 496
f 501 623 498
f 501 628 623
f 624 502 499
f 629 502 624
f 503 625 500
f 503 630 625
f 627 768 504
f 504 631 505
f 768 631 504
f 505 631 770
f 507 628 501
f 507 632 628
f 629 508 502
f 633 508 629
f 630 509 634
f 630 503 509
f 770 635 505
f 505 635 510
f 510 636 511
f 635 636 510
f 511 637 423
f 636 637 511
f 423 638 512
f 637 638 423
f 512 639 513
f 638 639 512
f 513 640 514
f 639 640 513
f 507 514 632
f 632 514 640
f 633 641 508
f 508 641 515
f 515 642 517
f 641 642 515
f 634 643 644
f 518 643 509
f 509 643 634
f 642 519 517
f 519 642 520
f 520 642 786
f 646 645 520
f 786 646 520
f 647 648 645
f 647 645 646
f 649 644 643
f 650 649 522
f 649 643 522
f 643 518 522
f 523 645 524
f 524 645 648
f 651 524 648
f 651 525 524
f 525 652 526
f 651 652 525
f 654 653 527
f 526 654 527
f 652 654 526
f 656 655 653
f 656 653 654
f 655 656 650
f 655 650 522
f 529 655 522
f 530 529 522
f 531 653 655
f 531 655 529
f 657 659 658
f 664 663 661
f 661 663 662
f 663 664 658
f 658 664 657
f 664 533 657
f 657 533 534
f 657 534 659
f 534 536 659
f 536 660 659
f 536 665 660
f 668 667 666
f 670 669 666
f 666 669 668
f 670 671 669
f 673 672 662
f 672 661 662
f 672 674 661
f 674 537 538
f 664 674 538
f 661 674 664
f 664 538 533
f 675 665 536
f 675 536 541
f 677 676 547
f 676 541 547
f 676 675 541
f 679 678 677
f 677 678 676
f 679 680 678
f 682 816 681
f 682 681 667
f 681 666 667
f 681 683 666
f 666 684 670
f 666 683 684
f 671 670 685
f 685 670 684
f 672 673 695
f 695 673 686
f 672 697 674
f 672 695 697
f 697 543 537
f 697 537 674
f 677 547 548
f 687 677 548
f 679 677 687
f 680 679 689
f 679 688 689
f 679 687 688
f 681 816 690
f 690 816 691
f 681 692 683
f 681 690 692
f 683 693 684
f 683 692 693
f 685 684 694
f 694 684 693
f 695 686 696
f 697 549 543
f 553 698 687
f 553 687 548
f 687 699 688
f 687 698 699
f 689 688 700
f 688 701 700
f 688 699 701
f 703 702 701
f 701 702 700
f 702 703 691
f 703 690 691
f 703 704 690
f 690 705 692
f 690 704 705
f 692 706 693
f 692 705 706
f 694 693 708
f 693 707 708
f 693 706 707
f 695 696 709
f 709 696 710
f 695 723 697
f 695 709 723
f 723 554 549
f 723 549 697
f 558 698 553
f 698 711 699
f 698 558 711
f 699 712 701
f 699 711 712
f 701 713 703
f 701 712 713
f 703 714 704
f 703 713 714
f 704 715 705
f 704 714 715
f 705 716 706
f 705 715 716
f 706 717 707
f 706 716 717
f 708 707 718
f 718 707 717
f 721 720 719
f 721 719 710
f 719 709 710
f 719 722 709
f 709 722 723
f 723 559 554
f 724 558 561
f 711 558 724
f 711 725 712
f 711 724 725
f 712 726 713
f 712 725 726
f 726 562 563
f 714 726 563
f 713 726 714
f 714 563 564
f 714 564 715
f 715 564 566
f 715 566 716
f 716 566 567
f 716 567 717
f 727 718 717
f 567 727 717
f 569 727 567
f 728 569 571
f 728 727 569
f 571 573 728
f 728 573 729
f 719 720 838
f 719 730 722
f 719 838 730
f 722 731 723
f 722 730 731
f 731 575 559
f 731 559 723
f 577 724 561
f 724 577 578
f 732 724 578
f 725 724 732
f 725 733 726
f 725 732 733
f 733 588 562
f 733 562 726
f 584 729 573
f 584 734 729
f 736 735 838
f 735 730 838
f 730 737 731
f 730 735 737
f 737 585 575
f 737 575 731
f 587 738 732
f 587 732 578
f 732 739 733
f 732 738 739
f 739 589 588
f 739 588 733
f 584 592 740
f 741 584 740
f 734 584 741
f 593 740 592
f 736 742 735
f 735 742 737
f 737 742 743
f 743 843 594
f 737 743 594
f 585 737 594
f 596 744 738
f 596 738 587
f 738 745 739
f 738 744 745
f 745 597 589
f 745 589 739
f 741 740 746
f 600 746 593
f 593 746 740
f 594 843 747
f 747 473 594
f 601 744 596
f 744 601 602
f 744 602 745
f 745 602 597
f 746 600 748
f 600 749 748
f 600 606 749
f 752 755 473
f 752 473 747
f 750 749 606
f 750 606 609
f 610 750 609
f 610 611 751
f 611 615 754
f 751 611 754
f 755 752 753
f 615 759 754
f 615 617 759
f 620 621 756
f 757 620 756
f 622 620 757
f 622 757 758
f 759 617 497
f 497 623 759
f 759 623 760
f 755 753 765
f 765 624 619
f 765 619 755
f 756 761 762
f 625 761 621
f 621 761 756
f 758 763 622
f 622 763 626
f 627 626 763
f 627 763 893
f 628 760 623
f 628 764 760
f 765 753 766
f 765 629 624
f 762 761 630
f 762 630 767
f 625 630 761
f 893 768 627
f 768 769 631
f 631 771 770
f 769 771 631
f 774 773 772
f 773 764 772
f 764 632 772
f 764 628 632
f 765 766 775
f 775 766 776
f 775 633 629
f 775 629 765
f 767 630 634
f 777 767 634
f 771 778 770
f 778 635 770
f 778 636 635
f 636 779 637
f 778 779 636
f 637 780 638
f 779 780 637
f 638 781 639
f 780 781 638
f 772 640 774
f 640 781 774
f 640 639 781
f 640 772 632
f 775 776 782
f 782 776 783
f 784 641 633
f 775 784 633
f 782 784 775
f 785 642 641
f 785 641 784
f 786 642 785
f 777 644 787
f 777 634 644
f 783 789 782
f 782 789 784
f 784 789 790
f 784 790 785
f 785 790 791
f 785 791 786
f 786 791 792
f 792 646 786
f 792 793 646
f 646 794 647
f 793 794 646
f 648 647 794
f 648 794 795
f 796 797 788
f 787 796 788
f 798 796 787
f 649 650 644
f 650 787 644
f 650 798 787
f 795 799 648
f 648 799 651
f 652 799 796
f 652 651 799
f 652 796 654
f 654 796 798
f 654 798 656
f 656 798 650
f 801 658 659
f 801 800 658
f 659 660 801
f 801 660 802
f 803 925 662
f 804 662 663
f 804 803 662
f 663 658 800
f 663 800 804
f 665 802 660
f 665 805 802
f 807 806 668
f 668 806 667
f 808 668 669
f 808 807 668
f 669 671 808
f 808 671 809
f 811 810 673
f 673 662 925
f 673 925 811
f 812 805 665
f 812 665 675
f 813 675 676
f 813 812 675
f 814 676 678
f 814 813 676
f 678 680 814
f 814 680 815
f 817 816 682
f 667 817 682
f 806 817 667
f 685 809 671
f 685 818 809
f 810 686 673
f 819 686 810
f 680 689 820
f 821 680 820
f 815 680 821
f 823 822 816
f 822 691 816
f 823 816 817
f 694 818 685
f 694 824 818
f 819 696 686
f 825 696 819
f 826 821 820
f 826 820 689
f 700 826 689
f 827 826 700
f 828 700 702
f 828 827 700
f 702 691 822
f 702 822 828
f 829 824 694
f 829 694 708
f 829 708 830
f 825 710 696
f 831 710 825
f 718 833 832
f 830 718 832
f 708 718 830
f 833 834 832
f 721 835 720
f 721 710 831
f 721 831 835
f 727 833 718
f 836 834 833
f 727 836 833
f 728 836 727
f 728 729 836
f 836 729 837
f 838 720 835
f 839 838 835
f 734 837 729
f 734 840 837
f 839 736 838
f 966 736 839
f 741 840 734
f 741 841 840
f 966 842 736
f 736 842 742
f 842 844 843
f 743 842 843
f 742 842 743
f 746 841 741
f 746 845 841
f 843 844 858
f 858 844 846
f 858 747 843
f 849 848 847
f 851 850 847
f 851 847 848
f 853 852 850
f 853 850 851
f 854 852 853
f 855 845 746
f 855 746 748
f 856 748 749
f 856 855 748
f 749 857 856
f 858 846 859
f 858 752 747
f 849 847 860
f 849 860 861
f 862 847 850
f 860 847 862
f 863 850 852
f 862 850 863
f 852 854 864
f 852 864 863
f 865 857 749
f 750 865 749
f 610 865 750
f 610 751 865
f 865 751 866
f 858 859 867
f 867 859 868
f 867 752 858
f 861 860 869
f 861 869 870
f 871 860 862
f 869 860 871
f 872 862 863
f 871 862 872
f 863 864 873
f 863 873 872
f 754 866 751
f 754 879 866
f 867 868 874
f 874 868 875
f 874 753 752
f 874 752 867
f 876 870 869
f 876 869 871
f 876 871 877
f 877 871 872
f 877 872 878
f 878 872 873
f 754 759 879
f 879 759 880
f 874 875 881
f 881 875 882
f 881 753 874
f 756 883 884
f 757 756 884
f 758 757 884
f 758 884 885
f 880 759 886
f 760 886 759
f 881 882 887
f 887 882 888
f 887 753 881
f 890 891 883
f 762 890 883
f 756 762 883
f 889 890 762
f 883 891 884
f 885 892 758
f 758 892 763
f 893 763 892
f 886 760 894
f 760 904 894
f 760 764 904
f 887 888 895
f 895 888 896
f 895 766 753
f 895 753 887
f 889 897 898
f 767 897 762
f 762 897 889
f 893 899 768
f 768 900 769
f 899 900 768
f 769 901 771
f 900 901 769
f 773 774 902
f 903 773 902
f 904 773 903
f 764 773 904
f 895 896 905
f 905 896 906
f 905 776 766
f 905 766 895
f 898 897 907
f 898 907 908
f 777 907 767
f 767 907 897
f 901 909 771
f 771 909 778
f 778 910 779
f 909 910 778
f 779 911 780
f 910 911 779
f 781 911 902
f 781 780 911
f 781 902 774
f 906 912 905
f 776 905 912
f 913 776 912
f 783 776 913
f 908 907 787
f 788 908 787
f 914 908 788
f 787 907 777
f 913 915 783
f 783 915 789
f 789 916 790
f 915 916 789
f 790 916 791
f 791 917 792
f 916 917 791
f 792 917 793
f 793 918 794
f 917 918 793
f 920 919 795
f 794 920 795
f 918 920 794
f 797 796 919
f 920 797 919
f 921 797 920
f 788 797 914
f 914 797 921
f 919 799 795
f 799 919 796
f 923 922 800
f 927 923 924
f 923 801 924
f 923 800 801
f 802 924 801
f 926 803 804
f 804 800 922
f 804 922 926
f 802 805 924
f 805 928 924
f 928 927 924
f 928 805 929
f 929 930 928
f 931 806 807
f 808 932 807
f 807 932 931
f 809 932 808
f 934 933 811
f 811 933 810
f 811 925 934
f 812 929 805
f 935 930 929
f 812 935 929
f 813 935 812
f 937 935 936
f 935 814 936
f 935 813 814
f 815 936 814
f 938 817 931
f 931 817 806
f 932 940 939
f 938 932 939
f 931 932 938
f 932 809 940
f 809 941 940
f 809 818 941
f 933 819 810
f 942 819 933
f 943 937 936
f 936 815 943
f 815 944 943
f 815 821 944
f 946 945 823
f 823 945 822
f 823 817 938
f 947 823 938
f 946 823 947
f 947 938 939
f 824 941 818
f 824 948 941
f 942 825 819
f 949 825 942
f 950 944 821
f 950 821 826
f 951 826 827
f 951 950 826
f 952 827 828
f 952 951 827
f 828 822 945
f 828 945 952
f 953 948 824
f 953 824 829
f 955 954 830
f 954 829 830
f 954 953 829
f 949 831 825
f 956 831 949
f 832 955 830
f 832 834 955
f 834 957 955
f 831 956 959
f 958 831 959
f 960 958 959
f 835 831 958
f 961 960 959
f 834 836 962
f 957 834 962
f 837 962 836
f 835 958 839
f 958 963 839
f 958 960 963
f 960 961 964
f 960 964 963
f 962 837 965
f 837 840 965
f 963 966 839
f 963 964 967
f 963 967 966
f 841 965 840
f 841 968 965
f 969 844 842
f 967 969 842
f 966 967 842
f 845 855 970
f 968 845 970
f 841 845 968
f 855 971 970
f 973 972 969
f 972 844 969
f 972 846 844
f 975 974 848
f 975 848 849
f 848 976 851
f 974 976 848
f 851 977 853
f 976 977 851
f 854 853 977
f 854 977 978
f 979 971 855
f 856 979 855
f 856 857 979
f 979 857 980
f 972 859 846
f 1087 859 972
f 861 975 849
f 861 981 975
f 978 864 854
f 982 864 978
f 983 980 857
f 983 857 865
f 865 866 983
f 983 866 984
f 1087 868 859
f 985 868 1087
f 870 981 861
f 870 986 981
f 982 873 864
f 987 873 982
f 879 984 866
f 879 988 984
f 985 875 868
f 1099 875 985
f 989 986 870
f 989 870 876
f 990 876 877
f 990 989 876
f 991 877 878
f 991 990 877
f 878 873 987
f 878 987 991
f 992 988 879
f 879 880 992
f 992 880 993
f 1099 882 875
f 994 882 1099
f 995 885 884
f 886 993 880
f 886 996 993
f 994 888 882
f 997 888 994
f 999 998 890
f 999 890 889
f 890 1000 891
f 998 1000 890
f 884 891 995
f 891 1001 995
f 891 1000 1001
f 995 1001 885
f 1001 892 885
f 1001 1002 892
f 893 892 1002
f 893 1002 1003
f 1006 1005 1004
f 904 1004 894
f 1004 996 894
f 996 886 894
f 996 1004 1005
f 997 896 888
f 1007 896 997
f 898 999 889
f 898 1008 999
f 1003 1109 893
f 893 1109 899
f 899 1009 900
f 1109 1009 899
f 901 1009 1010
f 900 1009 901
f 1006 1004 903
f 902 1006 903
f 1011 1006 902
f 903 1004 904
f 1007 906 896
f 1012 906 1007
f 908 1008 898
f 908 1013 1008
f 1010 1014 901
f 1014 909 901
f 1014 1015 909
f 1015 1017 1016
f 910 1015 1016
f 909 1015 910
f 910 1016 1018
f 1019 910 1018
f 911 910 1019
f 902 911 1011
f 1011 911 1019
f 1012 1020 906
f 906 1020 912
f 913 912 1020
f 913 1020 1021
f 1013 914 1022
f 1013 908 914
f 1017 1024 1016
f 1016 1024 1018
f 1021 1025 913
f 913 1025 915
f 915 1026 916
f 1025 1026 915
f 916 1026 917
f 1026 1027 917
f 917 1027 918
f 918 1028 920
f 1027 1028 918
f 1022 921 1023
f 921 1028 1023
f 921 920 1028
f 921 1022 914
f 1030 1029 923
f 923 1029 922
f 1031 923 927
f 1031 1030 923
f 1033 1032 927
f 927 1032 1031
f 1033 1034 1032
f 1036 1035 803
f 803 1035 925
f 1037 803 926
f 1037 1036 803
f 926 922 1029
f 926 1029 1037
f 927 928 1033
f 1039 1038 930
f 930 1038 928
f 1038 1034 928
f 1034 1033 928
f 1039 1040 1038
f 934 1041 933
f 934 925 1035
f 934 1035 1041
f 935 1039 930
f 935 937 1039
f 937 1040 1039
f 937 1042 1040
f 1045 1044 1043
f 1041 1045 1043
f 942 1041 1043
f 933 1041 942
f 1046 1042 937
f 1046 937 943
f 943 944 1046
f 1046 944 1047
f 1049 1048 946
f 946 1048 945
f 1050 946 947
f 1050 1049 946
f 1050 947 939
f 1051 1050 939
f 940 1051 939
f 1050 1051 1052
f 948 1051 941
f 941 1051 940
f 1043 1044 1053
f 1053 1044 1054
f 1053 949 942
f 1053 942 1043
f 1055 1047 944
f 1055 944 950
f 1056 950 951
f 1056 1055 950
f 1057 951 952
f 1057 1056 951
f 952 945 1048
f 952 1048 1057
f 1058 1052 1051
f 1060 1058 1059
f 1059 1058 953
f 1058 1051 953
f 1051 948 953
f 954 1061 953
f 953 1061 1059
f 955 1061 954
f 1053 1054 1062
f 1062 1054 1063
f 1062 956 949
f 1062 949 1053
f 1060 1059 1064
f 1061 1065 1064
f 1059 1061 1064
f 1061 955 1065
f 955 1066 1065
f 955 957 1066
f 1062 1063 1067
f 1067 1063 1068
f 1062 1067 956
f 1067 1069 956
f 1069 959 956
f 961 959 1069
f 961 1069 1070
f 962 1066 957
f 962 1071 1066
f 1068 1072 1067
f 1067 1072 1069
f 1070 964 961
f 1073 964 1070
f 1074 962 965
f 1071 962 1074
f 1073 967 964
f 1075 967 1073
f 1076 1074 965
f 965 968 1076
f 1075 1077 967
f 967 1077 969
f 973 969 1077
f 973 1077 1078
f 1079 1076 968
f 1079 968 970
f 970 971 1079
f 1080 972 973
f 1081 1080 973
f 1078 1081 973
f 975 1082 974
f 1083 976 974
f 1083 974 1082
f 1084 977 976
f 1084 976 1083
f 1084 978 977
f 1085 1079 971
f 1085 971 979
f 979 980 1085
f 1085 980 1086
f 1080 1087 972
f 1080 1081 1088
f 1080 1088 1087
f 981 1089 1082
f 981 1082 975
f 1082 1090 1083
f 1082 1089 1090
f 1083 1091 1084
f 1083 1090 1091
f 1091 982 978
f 1091 978 1084
f 1092 1086 980
f 1092 980 983
f 983 984 1092
f 1092 984 1093
f 1094 985 1087
f 1087 1088 1094
f 986 1095 1089
f 986 1089 981
f 1089 1096 1090
f 1089 1095 1096
f 1090 1097 1091
f 1090 1096 1097
f 1097 987 982
f 1097 982 1091
f 1093 988 1098
f 984 988 1093
f 1094 1099 985
f 1094 1100 1099
f 989 1095 986
f 1095 989 990
f 1095 990 1096
f 1096 990 991
f 1096 991 1097
f 1097 991 987
f 992 1098 988
f 992 993 1098
f 993 1101 1098
f 1100 1102 1099
f 1102 994 1099
f 996 1101 993
f 996 1112 1101
f 1102 997 994
f 1103 997 1102
f 1105 1104 998
f 1105 998 999
f 998 1106 1000
f 1104 1106 998
f 1000 1107 1001
f 1106 1107 1000
f 1001 1108 1002
f 1107 1108 1001
f 1110 1109 1003
f 1002 1110 1003
f 1108 1110 1002
f 1111 1109 1110
f 1113 1112 1005
f 1113 1005 1006
f 996 1005 1112
f 1103 1007 997
f 1114 1007 1103
f 1008 1105 999
f 1008 1115 1105
f 1111 1116 1109
f 1116 1009 1109
f 1010 1009 1116
f 1010 1116 1117
f 1011 1113 1006
f 1011 1118 1113
f 1114 1012 1007
f 1119 1012 1114
f 1121 1120 1013
f 1120 1115 1013
f 1115 1008 1013
f 1117 1122 1010
f 1010 1122 1014
f 1015 1122 1123
f 1014 1122 1015
f 1123 1017 1015
f 1125 1124 1019
f 1125 1019 1018
f 1011 1019 1118
f 1118 1019 1124
f 1020 1012 1217
f 1012 1126 1217
f 1012 1119 1126
f 1217 1021 1020
f 1121 1013 1022
f 1023 1121 1022
f 1127 1121 1023
f 1123 1128 1017
f 1128 1024 1017
f 1128 1129 1024
f 1018 1024 1125
f 1125 1024 1129
f 1217 1025 1021
f 1217 1130 1025
f 1025 1131 1026
f 1130 1131 1025
f 1131 1132 1026
f 1026 1132 1027
f 1027 1226 1028
f 1132 1226 1027
f 1023 1028 1127
f 1127 1028 1226
f 1135 1134 1133
f 1137 1136 1133
f 1133 1136 1135
f 1137 1138 1136
f 1134 1139 1030
f 1030 1139 1029
f 1031 1133 1134
f 1030 1031 1134
f 1133 1031 1032
f 1133 1032 1137
f 1032 1034 1137
f 1034 1138 1137
f 1034 1140 1138
f 1142 1141 1036
f 1036 1141 1035
f 1143 1036 1037
f 1143 1142 1036
f 1037 1029 1139
f 1037 1139 1143
f 1144 1140 1034
f 1144 1034 1038
f 1038 1040 1144
f 1144 1040 1145
f 1035 1146 1041
f 1141 1146 1035
f 1042 1145 1040
f 1042 1147 1145
f 1149 1148 1045
f 1045 1148 1044
f 1045 1041 1146
f 1150 1045 1146
f 1149 1045 1150
f 1042 1046 1156
f 1147 1042 1156
f 1047 1156 1046
f 1151 1048 1049
f 1151 1049 1152
f 1049 1153 1152
f 1049 1050 1153
f 1050 1052 1153
f 1153 1052 1154
f 1148 1054 1044
f 1155 1054 1148
f 1055 1156 1047
f 1157 1156 1055
f 1158 1055 1056
f 1158 1157 1055
f 1159 1056 1057
f 1159 1158 1056
f 1057 1048 1151
f 1159 1057 1151
f 1160 1154 1052
f 1160 1052 1058
f 1058 1060 1160
f 1160 1060 1161
f 1155 1063 1054
f 1162 1063 1155
f 1064 1161 1060
f 1064 1163 1161
f 1162 1165 1164
f 1068 1162 1164
f 1063 1162 1068
f 1166 1163 1064
f 1167 1064 1065
f 1166 1064 1167
f 1065 1066 1167
f 1066 1171 1167
f 1066 1071 1171
f 1164 1072 1068
f 1164 1168 1072
f 1072 1169 1069
f 1072 1168 1169
f 1070 1069 1169
f 1170 1070 1169
f 1073 1070 1170
f 1071 1074 1171
f 1074 1172 1171
f 1170 1075 1073
f 1173 1075 1170
f 1076 1172 1074
f 1076 1174 1172
f 1075 1173 1077
f 1078 1077 1173
f 1078 1173 1175
f 1176 1174 1076
f 1176 1076 1079
f 1176 1079 1178
f 1175 1081 1078
f 1177 1081 1175
f 1178 1079 1085
f 1085 1086 1178
f 1178 1086 1179
f 1177 1088 1081
f 1180 1088 1177
f 1181 1179 1086
f 1181 1086 1092
f 1092 1093 1181
f 1181 1093 1182
f 1180 1094 1088
f 1183 1094 1180
f 1093 1098 1184
f 1185 1093 1184
f 1182 1093 1185
f 1183 1100 1094
f 1186 1100 1183
f 1185 1184 1187
f 1185 1187 1188
f 1101 1187 1098
f 1098 1187 1184
f 1189 1102 1100
f 1190 1189 1100
f 1186 1190 1100
f 1188 1187 1112
f 1188 1112 1191
f 1101 1112 1187
f 1192 1103 1189
f 1189 1103 1102
f 1189 1190 1193
f 1189 1193 1192
f 1195 1194 1104
f 1195 1104 1105
f 1104 1196 1106
f 1194 1196 1104
f 1106 1197 1107
f 1196 1197 1106
f 1107 1198 1108
f 1197 1198 1107
f 1108 1199 1110
f 1198 1199 1108
f 1111 1110 1199
f 1111 1199 1200
f 1203 1202 1201
f 1201 1202 1191
f 1201 1191 1112
f 1113 1201 1112
f 1205 1204 1192
f 1204 1103 1192
f 1204 1114 1103
f 1205 1192 1193
f 1115 1195 1105
f 1115 1206 1195
f 1111 1200 1116
f 1117 1116 1200
f 1117 1200 1207
f 1209 1308 1208
f 1208 1308 1203
f 1201 1208 1203
f 1210 1208 1201
f 1118 1210 1113
f 1113 1210 1201
f 1204 1119 1114
f 1211 1119 1204
f 1212 1311 1120
f 1212 1120 1121
f 1115 1120 1206
f 1206 1120 1311
f 1117 1207 1122
f 1214 1213 1123
f 1122 1214 1123
f 1207 1214 1122
f 1213 1214 1209
f 1208 1213 1209
f 1215 1213 1208
f 1125 1215 1124
f 1215 1210 1124
f 1215 1208 1210
f 1124 1210 1118
f 1217 1126 1216
f 1126 1211 1216
f 1126 1119 1211
f 1218 1217 1216
f 1220 1221 1219
f 1222 1221 1220
f 1223 1224 1221
f 1223 1221 1222
f 1225 1224 1223
f 1227 1226 1224
f 1227 1224 1225
f 1227 1212 1226
f 1212 1127 1226
f 1212 1121 1127
f 1213 1128 1123
f 1128 1213 1129
f 1129 1213 1215
f 1129 1215 1125
f 1130 1217 1218
f 1130 1218 1131
f 1131 1218 1219
f 1131 1219 1221
f 1131 1221 1132
f 1132 1221 1224
f 1132 1224 1226
f 1229 1430 1135
f 1135 1430 1134
f 1229 1136 1228
f 1135 1136 1229
f 1136 1138 1228
f 1138 1230 1228
f 1232 1231 1134
f 1134 1231 1139
f 1134 1430 1232
f 1140 1230 1138
f 1140 1233 1230
f 1234 1141 1142
f 1143 1235 1142
f 1142 1235 1234
f 1236 1235 1143
f 1139 1236 1143
f 1231 1236 1139
f 1237 1233 1140
f 1237 1140 1144
f 1144 1145 1237
f 1237 1145 1238
f 1241 1240 1239
f 1242 1241 1234
f 1241 1146 1234
f 1146 1141 1234
f 1241 1239 1146
f 1242 1234 1235
f 1147 1244 1243
f 1238 1147 1243
f 1145 1147 1238
f 1246 1245 1244
f 1244 1245 1243
f 1246 1247 1245
f 1248 1148 1149
f 1240 1249 1239
f 1249 1149 1239
f 1149 1150 1239
f 1149 1249 1248
f 1239 1150 1146
f 1156 1244 1147
f 1244 1250 1246
f 1244 1156 1250
f 1247 1246 1251
f 1251 1246 1250
f 1253 1252 1153
f 1153 1252 1152
f 1153 1154 1253
f 1253 1154 1254
f 1255 1155 1248
f 1248 1155 1148
f 1248 1249 1256
f 1257 1248 1256
f 1255 1248 1257
f 1156 1157 1250
f 1258 1251 1250
f 1157 1258 1250
f 1158 1258 1157
f 1259 1158 1159
f 1259 1258 1158
f 1260 1159 1151
f 1260 1259 1159
f 1151 1152 1252
f 1151 1252 1260
f 1261 1254 1154
f 1261 1154 1160
f 1160 1161 1261
f 1261 1161 1262
f 1263 1162 1255
f 1255 1162 1155
f 1257 1256 1264
f 1263 1257 1264
f 1255 1257 1263
f 1262 1163 1265
f 1161 1163 1262
f 1267 1165 1162
f 1268 1267 1162
f 1263 1268 1162
f 1268 1263 1264
f 1166 1265 1163
f 1269 1266 1265
f 1166 1269 1265
f 1167 1269 1166
f 1167 1171 1269
f 1269 1171 1270
f 1168 1164 1165
f 1271 1168 1165
f 1267 1271 1165
f 1274 1168 1271
f 1272 1169 1168
f 1272 1168 1274
f 1272 1170 1169
f 1171 1172 1270
f 1270 1172 1273
f 1272 1274 1275
f 1170 1272 1275
f 1276 1170 1275
f 1173 1170 1276
f 1174 1273 1172
f 1276 1277 1173
f 1175 1173 1277
f 1175 1277 1278
f 1279 1174 1176
f 1176 1178 1279
f 1279 1178 1280
f 1278 1177 1175
f 1281 1177 1278
f 1282 1280 1178
f 1178 1179 1282
f 1282 1179 1283
f 1281 1180 1177
f 1284 1180 1281
f 1179 1181 1285
f 1286 1179 1285
f 1283 1179 1286
f 1182 1285 1181
f 1284 1183 1180
f 1287 1183 1284
f 1288 1286 1285
f 1285 1182 1288
f 1182 1185 1288
f 1287 1186 1183
f 1289 1186 1287
f 1188 1288 1185
f 1188 1290 1288
f 1289 1190 1186
f 1291 1190 1289
f 1294 1292 1293
f 1298 1297 1295
f 1298 1295 1296
f 1402 1297 1298
f 1191 1290 1188
f 1191 1402 1290
f 1291 1193 1190
f 1299 1193 1291
f 1195 1300 1194
f 1301 1196 1194
f 1301 1194 1300
f 1196 1302 1292
f 1197 1196 1292
f 1302 1196 1301
f 1294 1303 1292
f 1303 1197 1292
f 1303 1198 1197
f 1198 1304 1199
f 1303 1304 1198
f 1304 1305 1200
f 1199 1304 1200
f 1307 1306 1305
f 1307 1305 1304
f 1306 1307 1296
f 1295 1306 1296
f 1308 1295 1297
f 1402 1202 1203
f 1297 1402 1203
f 1308 1297 1203
f 1191 1202 1402
f 1310 1309 1205
f 1205 1309 1204
f 1205 1193 1299
f 1205 1299 1310
f 1313 1312 1311
f 1312 1314 1300
f 1206 1312 1300
f 1195 1206 1300
f 1311 1312 1206
f 1300 1314 1301
f 1301 1314 1315
f 1301 1315 1302
f 1200 1305 1207
f 1305 1316 1207
f 1305 1306 1316
f 1317 1306 1295
f 1316 1306 1317
f 1209 1317 1308
f 1317 1295 1308
f 1309 1211 1204
f 1318 1211 1309
f 1212 1313 1311
f 1422 1313 1212
f 1207 1316 1214
f 1214 1316 1317
f 1214 1317 1209
f 1318 1321 1211
f 1211 1321 1216
f 1216 1322 1218
f 1321 1322 1216
f 1218 1323 1219
f 1322 1323 1218
f 1219 1324 1220
f 1323 1324 1219
f 1220 1325 1222
f 1324 1325 1220
f 1319 1223 1421
f 1223 1325 1421
f 1223 1222 1325
f 1223 1319 1225
f 1225 1319 1320
f 1422 1225 1320
f 1422 1227 1225
f 1212 1227 1422
f 1327 1326 1228
f 1327 1228 1328
f 1329 1430 1229
f 1229 1228 1326
f 1229 1326 1329
f 1230 1331 1330
f 1328 1230 1330
f 1228 1230 1328
f 1331 1332 1330
f 1232 1434 1231
f 1233 1333 1331
f 1233 1331 1230
f 1332 1331 1334
f 1334 1331 1333
f 1434 1236 1231
f 1335 1236 1434
f 1237 1333 1233
f 1243 1336 1238
f 1238 1336 1237
f 1336 1334 1237
f 1334 1333 1237
f 1338 1337 1243
f 1243 1337 1336
f 1338 1339 1337
f 1242 1341 1241
f 1341 1242 1445
f 1242 1342 1445
f 1242 1235 1342
f 1235 1236 1335
f 1235 1335 1342
f 1243 1245 1338
f 1338 1245 1247
f 1339 1338 1247
f 1340 1339 1343
f 1343 1339 1247
f 1345 1344 1241
f 1344 1240 1241
f 1344 1249 1240
f 1345 1241 1341
f 1343 1247 1346
f 1346 1247 1251
f 1348 1347 1253
f 1253 1347 1252
f 1253 1254 1348
f 1348 1254 1349
f 1344 1458 1249
f 1249 1458 1256
f 1256 1458 1350
f 1351 1346 1251
f 1258 1351 1251
f 1259 1351 1258
f 1352 1259 1260
f 1352 1351 1259
f 1260 1252 1347
f 1260 1347 1352
f 1353 1349 1254
f 1353 1254 1261
f 1354 1261 1262
f 1354 1353 1261
f 1262 1355 1354
f 1356 1264 1256
f 1357 1356 1256
f 1350 1357 1256
f 1266 1358 1265
f 1358 1355 1265
f 1355 1262 1265
f 1359 1267 1268
f 1360 1359 1268
f 1360 1268 1264
f 1361 1360 1264
f 1356 1361 1264
f 1361 1356 1357
f 1269 1358 1266
f 1363 1362 1270
f 1270 1362 1269
f 1362 1358 1269
f 1363 1364 1362
f 1365 1271 1359
f 1359 1271 1267
f 1359 1360 1366
f 1359 1366 1365
f 1270 1273 1363
f 1273 1364 1363
f 1273 1367 1364
f 1365 1274 1271
f 1275 1274 1365
f 1368 1275 1365
f 1366 1368 1365
f 1368 1276 1275
f 1174 1370 1369
f 1367 1174 1369
f 1273 1174 1367
f 1370 1371 1369
f 1368 1372 1276
f 1372 1277 1276
f 1372 1373 1277
f 1278 1277 1373
f 1278 1373 1374
f 1279 1370 1174
f 1376 1375 1280
f 1280 1375 1279
f 1375 1371 1279
f 1371 1370 1279
f 1376 1377 1375
f 1379 1281 1378
f 1281 1374 1378
f 1281 1278 1374
f 1380 1379 1378
f 1282 1376 1280
f 1282 1283 1376
f 1283 1377 1376
f 1283 1381 1377
f 1380 1485 1379
f 1485 1281 1379
f 1485 1284 1281
f 1384 1383 1382
f 1383 1381 1382
f 1381 1286 1382
f 1381 1283 1286
f 1287 1485 1385
f 1284 1485 1287
f 1386 1387 1384
f 1382 1386 1384
f 1388 1386 1382
f 1288 1389 1286
f 1389 1382 1286
f 1389 1388 1382
f 1390 1385 1493
f 1390 1289 1287
f 1390 1287 1385
f 1393 1392 1391
f 1391 1392 1387
f 1386 1391 1387
f 1394 1391 1386
f 1395 1386 1388
f 1394 1386 1395
f 1396 1388 1389
f 1395 1388 1396
f 1290 1396 1288
f 1288 1396 1389
f 1390 1493 1397
f 1397 1493 1398
f 1397 1291 1289
f 1397 1289 1390
f 1399 1500 1293
f 1399 1293 1292
f 1294 1293 1500
f 1393 1391 1400
f 1393 1400 1401
f 1400 1394 1296
f 1400 1391 1394
f 1296 1394 1298
f 1298 1394 1395
f 1298 1395 1402
f 1395 1396 1402
f 1290 1402 1396
f 1397 1398 1403
f 1403 1398 1404
f 1403 1299 1291
f 1403 1291 1397
f 1302 1399 1292
f 1302 1405 1399
f 1500 1406 1294
f 1294 1406 1303
f 1303 1407 1304
f 1406 1407 1303
f 1407 1408 1304
f 1400 1307 1401
f 1307 1408 1401
f 1307 1304 1408
f 1307 1400 1296
f 1403 1404 1310
f 1404 1309 1310
f 1404 1409 1309
f 1403 1310 1299
f 1413 1412 1312
f 1413 1312 1313
f 1312 1414 1314
f 1412 1414 1312
f 1314 1415 1315
f 1414 1415 1314
f 1302 1315 1405
f 1405 1315 1415
f 1417 1318 1416
f 1318 1409 1416
f 1318 1309 1409
f 1418 1417 1416
f 1526 1421 1419
f 1526 1419 1420
f 1421 1526 1410
f 1319 1421 1410
f 1319 1410 1320
f 1320 1410 1411
f 1528 1422 1320
f 1411 1528 1320
f 1528 1413 1422
f 1413 1313 1422
f 1417 1321 1318
f 1418 1423 1417
f 1423 1321 1417
f 1423 1322 1321
f 1322 1424 1323
f 1423 1424 1322
f 1324 1424 1419
f 1324 1323 1424
f 1324 1419 1325
f 1325 1419 1421
f 1426 1425 1327
f 1327 1425 1326
f 1428 1427 1328
f 1427 1327 1328
f 1427 1426 1327
f 1428 1429 1427
f 1329 1326 1425
f 1330 1428 1328
f 1330 1332 1428
f 1332 1429 1428
f 1332 1431 1429
f 1334 1436 1435
f 1431 1334 1435
f 1332 1334 1431
f 1435 1436 1433
f 1436 1432 1433
f 1436 1437 1432
f 1433 1432 1438
f 1432 1439 1438
f 1432 1437 1439
f 1439 1440 1438
f 1441 1335 1434
f 1336 1436 1334
f 1436 1336 1337
f 1436 1337 1437
f 1437 1337 1339
f 1437 1339 1439
f 1443 1442 1340
f 1340 1442 1339
f 1442 1440 1339
f 1440 1439 1339
f 1443 1444 1442
f 1447 1446 1445
f 1342 1447 1445
f 1342 1448 1447
f 1342 1335 1441
f 1342 1441 1448
f 1343 1449 1443
f 1343 1443 1340
f 1444 1443 1450
f 1450 1443 1449
f 1452 1451 1345
f 1345 1451 1344
f 1341 1445 1446
f 1452 1341 1446
f 1345 1341 1452
f 1346 1449 1343
f 1450 1449 1453
f 1449 1454 1453
f 1449 1346 1454
f 1347 1348 1454
f 1348 1453 1454
f 1348 1455 1453
f 1456 1348 1349
f 1456 1455 1348
f 1349 1457 1456
f 1344 1459 1458
f 1344 1451 1459
f 1346 1351 1352
f 1346 1352 1454
f 1454 1352 1347
f 1460 1457 1349
f 1353 1460 1349
f 1354 1460 1353
f 1354 1355 1460
f 1460 1355 1462
f 1459 1565 1458
f 1350 1458 1565
f 1461 1350 1565
f 1357 1350 1461
f 1462 1355 1358
f 1462 1358 1463
f 1465 1464 1361
f 1361 1464 1360
f 1361 1357 1461
f 1361 1461 1465
f 1463 1358 1362
f 1467 1466 1364
f 1466 1362 1364
f 1466 1463 1362
f 1467 1468 1466
f 1464 1366 1360
f 1469 1366 1464
f 1367 1470 1467
f 1367 1467 1364
f 1468 1467 1471
f 1471 1467 1470
f 1469 1368 1366
f 1472 1368 1469
f 1369 1470 1367
f 1474 1473 1371
f 1371 1473 1369
f 1473 1471 1369
f 1471 1470 1369
f 1474 1475 1473
f 1472 1476 1368
f 1368 1476 1372
f 1372 1477 1373
f 1476 1477 1372
f 1374 1373 1477
f 1374 1477 1478
f 1375 1474 1371
f 1475 1474 1479
f 1474 1377 1479
f 1377 1480 1479
f 1377 1474 1375
f 1478 1481 1374
f 1374 1481 1378
f 1380 1378 1481
f 1380 1481 1482
f 1484 1480 1483
f 1480 1381 1483
f 1480 1377 1381
f 1486 1485 1380
f 1482 1486 1380
f 1487 1488 1484
f 1487 1484 1483
f 1384 1487 1483
f 1383 1384 1483
f 1383 1483 1381
f 1489 1385 1485
f 1486 1489 1485
f 1492 1491 1490
f 1490 1491 1488
f 1490 1488 1487
f 1387 1490 1487
f 1387 1487 1384
f 1385 1489 1494
f 1385 1494 1493
f 1492 1490 1392
f 1393 1492 1392
f 1495 1492 1393
f 1392 1490 1387
f 1496 1398 1493
f 1493 1494 1497
f 1493 1497 1496
f 1503 1502 1501
f 1502 1495 1501
f 1495 1401 1501
f 1495 1393 1401
f 1504 1404 1496
f 1496 1404 1398
f 1496 1497 1505
f 1496 1505 1504
f 1508 1507 1506
f 1506 1507 1499
f 1498 1506 1499
f 1509 1506 1498
f 1498 1499 1510
f 1511 1498 1510
f 1509 1498 1511
f 1512 1511 1510
f 1514 1513 1500
f 1399 1514 1500
f 1405 1514 1399
f 1513 1406 1500
f 1513 1515 1406
f 1515 1517 1516
f 1407 1515 1516
f 1406 1515 1407
f 1518 1503 1501
f 1407 1518 1501
f 1408 1407 1501
f 1518 1407 1516
f 1408 1501 1401
f 1519 1409 1504
f 1504 1409 1404
f 1504 1505 1520
f 1521 1504 1520
f 1519 1504 1521
f 1523 1522 1521
f 1523 1521 1520
f 1525 1524 1522
f 1525 1522 1523
f 1527 1526 1524
f 1527 1524 1525
f 1526 1527 1508
f 1526 1508 1506
f 1410 1526 1506
f 1410 1506 1411
f 1411 1506 1509
f 1411 1509 1528
f 1509 1511 1528
f 1529 1412 1413
f 1511 1529 1413
f 1528 1511 1413
f 1529 1511 1512
f 1412 1530 1414
f 1529 1530 1412
f 1414 1531 1415
f 1530 1531 1414
f 1405 1415 1514
f 1514 1415 1531
f 1517 1532 1516
f 1516 1532 1518
f 1519 1416 1409
f 1416 1519 1418
f 1519 1533 1418
f 1519 1521 1533
f 1534 1521 1522
f 1533 1521 1534
f 1419 1534 1420
f 1534 1524 1420
f 1534 1522 1524
f 1420 1524 1526
f 1533 1423 1418
f 1423 1533 1424
f 1424 1533 1534
f 1424 1534 1419
f 1536 1535 1426
f 1426 1535 1425
f 1537 1426 1427
f 1537 1536 1426
f 1427 1429 1537
f 1537 1429 1538
f 1329 1539 1430
f 1329 1425 1535
f 1329 1535 1539
f 1431 1435 1540
f 1538 1431 1540
f 1429 1431 1538
f 1433 1540 1435
f 1433 1541 1540
f 1543 1542 1232
f 1232 1542 1434
f 1232 1430 1539
f 1232 1539 1543
f 1544 1541 1433
f 1544 1433 1438
f 1546 1545 1440
f 1545 1438 1440
f 1545 1544 1438
f 1546 1547 1545
f 1542 1441 1434
f 1548 1441 1542
f 1442 1546 1440
f 1442 1444 1546
f 1444 1547 1546
f 1444 1549 1547
f 1551 1550 1447
f 1447 1550 1446
f 1552 1447 1448
f 1552 1551 1447
f 1448 1441 1548
f 1448 1548 1552
f 1450 1549 1444
f 1450 1553 1549
f 1452 1554 1451
f 1452 1446 1550
f 1452 1550 1554
f 1555 1553 1450
f 1555 1450 1453
f 1556 1453 1455
f 1556 1555 1453
f 1557 1455 1456
f 1557 1556 1455
f 1559 1558 1457
f 1558 1456 1457
f 1558 1557 1456
f 1561 1560 1559
f 1559 1560 1558
f 1562 1563 1561
f 1561 1563 1560
f 1565 1459 1564
f 1459 1554 1564
f 1459 1451 1554
f 1566 1565 1564
f 1460 1559 1457
f 1559 1460 1462
f 1567 1559 1462
f 1561 1559 1567
f 1561 1568 1562
f 1561 1567 1568
f 1563 1562 1569
f 1562 1570 1569
f 1562 1568 1570
f 1572 1571 1570
f 1570 1571 1569
f 1572 1573 1571
f 1575 1574 1461
f 1575 1461 1565
f 1566 1575 1565
f 1576 1574 1575
f 1567 1462 1463
f 1577 1567 1463
f 1568 1567 1577
f 1568 1578 1570
f 1568 1577 1578
f 1570 1579 1572
f 1570 1578 1579
f 1572 1580 1573
f 1572 1579 1580
f 1585 1573 1580
f 1581 1465 1461
f 1582 1581 1461
f 1574 1582 1461
f 1582 1574 1576
f 1577 1463 1466
f 1577 1466 1578
f 1578 1466 1468
f 1583 1578 1468
f 1579 1578 1583
f 1579 1584 1580
f 1579 1583 1584
f 1585 1580 1584
f 1587 1586 1465
f 1586 1464 1465
f 1586 1469 1464
f 1587 1465 1581
f 1471 1473 1583
f 1471 1583 1468
f 1583 1588 1584
f 1583 1473 1588
f 1585 1584 1589
f 1589 1584 1588
f 1591 1472 1590
f 1472 1586 1590
f 1472 1469 1586
f 1592 1591 1590
f 1473 1475 1588
f 1475 1589 1588
f 1475 1594 1589
f 1591 1476 1472
f 1592 1595 1591
f 1595 1476 1591
f 1595 1477 1476
f 1593 1596 1478
f 1595 1593 1478
f 1477 1595 1478
f 1593 1597 1596
f 1599 1598 1479
f 1599 1479 1480
f 1475 1479 1594
f 1594 1479 1598
f 1596 1481 1478
f 1601 1600 1482
f 1601 1482 1481
f 1597 1601 1481
f 1596 1597 1481
f 1602 1600 1601
f 1604 1603 1484
f 1480 1484 1599
f 1599 1484 1603
f 1605 1486 1600
f 1600 1486 1482
f 1600 1602 1606
f 1600 1606 1605
f 1608 1607 1488
f 1484 1488 1604
f 1604 1488 1607
f 1609 1489 1486
f 1610 1609 1486
f 1605 1610 1486
f 1610 1605 1606
f 1611 1491 1492
f 1488 1491 1608
f 1608 1491 1611
f 1612 1494 1609
f 1609 1494 1489
f 1609 1610 1613
f 1609 1613 1612
f 1495 1611 1492
f 1495 1614 1611
f 1615 1497 1612
f 1612 1497 1494
f 1612 1613 1616
f 1617 1612 1616
f 1615 1612 1617
f 1618 1617 1616
f 1621 1620 1619
f 1620 1499 1619
f 1622 1499 1620
f 1499 1622 1623
f 1625 1624 1502
f 1625 1502 1503
f 1495 1502 1614
f 1614 1502 1624
f 1626 1505 1615
f 1615 1505 1497
f 1627 1615 1617
f 1626 1615 1627
f 1617 1618 1628
f 1629 1617 1628
f 1627 1617 1629
f 1630 1629 1628
f 1630 1621 1619
f 1508 1630 1619
f 1507 1508 1619
f 1507 1619 1499
f 1623 1631 1499
f 1499 1631 1510
f 1510 1632 1512
f 1631 1632 1510
f 1514 1633 1513
f 1634 1515 1513
f 1634 1513 1633
f 1634 1517 1515
f 1518 1625 1503
f 1518 1635 1625
f 1626 1520 1505
f 1520 1626 1523
f 1523 1626 1627
f 1523 1627 1525
f 1525 1627 1629
f 1525 1629 1527
f 1527 1629 1630
f 1527 1630 1508
f 1632 1529 1512
f 1742 1529 1632
f 1742 1530 1529
f 1530 1636 1531
f 1742 1636 1530
f 1514 1531 1633
f 1531 1747 1633
f 1531 1636 1747
f 1637 1633 1747
f 1637 1634 1633
f 1634 1637 1517
f 1637 1638 1517
f 1638 1532 1517
f 1637 1639 1638
f 1518 1532 1635
f 1635 1532 1638
f 1641 1640 1536
f 1536 1640 1535
f 1642 1536 1537
f 1642 1641 1536
f 1643 1537 1538
f 1643 1642 1537
f 1539 1535 1640
f 1539 1640 1644
f 1540 1643 1538
f 1540 1645 1643
f 1541 1645 1540
f 1645 1541 1646
f 1543 1647 1542
f 1543 1539 1644
f 1543 1644 1647
f 1648 1646 1541
f 1648 1541 1544
f 1649 1544 1545
f 1649 1648 1544
f 1545 1547 1649
f 1649 1547 1650
f 1647 1548 1542
f 1651 1548 1647
f 1549 1653 1652
f 1650 1549 1652
f 1547 1549 1650
f 1655 1654 1653
f 1653 1654 1652
f 1655 1656 1654
f 1658 1657 1551
f 1551 1657 1550
f 1659 1551 1552
f 1659 1658 1551
f 1552 1548 1651
f 1552 1651 1659
f 1553 1660 1653
f 1553 1653 1549
f 1653 1661 1655
f 1653 1660 1661
f 1656 1655 1662
f 1655 1663 1662
f 1655 1661 1663
f 1663 1664 1662
f 1550 1665 1554
f 1657 1665 1550
f 1555 1660 1553
f 1660 1555 1556
f 1660 1556 1661
f 1661 1556 1557
f 1661 1557 1663
f 1666 1664 1663
f 1557 1666 1663
f 1558 1666 1557
f 1667 1558 1560
f 1667 1666 1558
f 1668 1560 1563
f 1668 1667 1560
f 1668 1563 1669
f 1670 1566 1564
f 1665 1670 1564
f 1554 1665 1564
f 1672 1671 1670
f 1673 1671 1672
f 1674 1669 1563
f 1674 1563 1569
f 1675 1569 1571
f 1675 1674 1569
f 1677 1675 1676
f 1675 1573 1676
f 1675 1571 1573
f 1670 1575 1566
f 1575 1670 1576
f 1670 1678 1576
f 1670 1671 1678
f 1671 1673 1679
f 1671 1679 1678
f 1680 1677 1676
f 1573 1585 1676
f 1585 1681 1676
f 1681 1680 1676
f 1681 1585 1682
f 1682 1688 1681
f 1683 1581 1582
f 1576 1678 1582
f 1678 1683 1582
f 1678 1684 1683
f 1678 1679 1685
f 1678 1685 1684
f 1585 1686 1682
f 1688 1686 1687
f 1688 1682 1686
f 1689 1586 1587
f 1581 1683 1587
f 1683 1689 1587
f 1683 1690 1689
f 1684 1692 1691
f 1690 1684 1691
f 1683 1684 1690
f 1692 1684 1685
f 1589 1693 1686
f 1589 1686 1585
f 1687 1686 1694
f 1694 1686 1693
f 1689 1590 1586
f 1590 1689 1592
f 1689 1695 1592
f 1689 1690 1695
f 1690 1696 1593
f 1695 1690 1593
f 1696 1690 1691
f 1698 1697 1593
f 1696 1698 1593
f 1700 1699 1697
f 1700 1697 1698
f 1701 1699 1700
f 1594 1693 1589
f 1694 1693 1702
f 1702 1693 1594
f 1695 1595 1592
f 1595 1695 1593
f 1703 1597 1697
f 1697 1597 1593
f 1704 1697 1699
f 1703 1697 1704
f 1699 1701 1705
f 1706 1699 1705
f 1704 1699 1706
f 1707 1706 1705
f 1599 1708 1598
f 1598 1708 1594
f 1708 1709 1594
f 1594 1709 1702
f 1703 1601 1597
f 1601 1703 1602
f 1703 1710 1602
f 1703 1704 1710
f 1711 1704 1706
f 1710 1704 1711
f 1706 1707 1712
f 1706 1712 1711
f 1604 1719 1603
f 1603 1719 1599
f 1719 1713 1599
f 1599 1713 1708
f 1714 1606 1710
f 1710 1606 1602
f 1715 1710 1711
f 1714 1710 1715
f 1711 1712 1716
f 1711 1716 1715
f 1718 1717 1607
f 1718 1607 1608
f 1604 1607 1719
f 1607 1717 1719
f 1606 1714 1610
f 1714 1720 1610
f 1714 1721 1720
f 1722 1714 1715
f 1721 1714 1722
f 1715 1716 1723
f 1715 1723 1722
f 1724 1608 1611
f 1724 1718 1608
f 1725 1613 1720
f 1720 1613 1610
f 1726 1720 1721
f 1725 1720 1726
f 1727 1721 1722
f 1726 1721 1727
f 1722 1723 1728
f 1729 1722 1728
f 1727 1722 1729
f 1731 1730 1729
f 1731 1729 1728
f 1732 1730 1731
f 1734 1733 1611
f 1614 1734 1611
f 1611 1733 1724
f 1725 1616 1613
f 1616 1725 1618
f 1725 1735 1618
f 1725 1726 1735
f 1736 1726 1727
f 1735 1726 1736
f 1621 1736 1620
f 1736 1729 1620
f 1736 1727 1729
f 1620 1729 1622
f 1622 1729 1730
f 1623 1622 1730
f 1732 1623 1730
f 1737 1623 1732
f 1739 1738 1624
f 1739 1624 1625
f 1614 1624 1734
f 1734 1624 1738
f 1735 1628 1618
f 1628 1735 1630
f 1630 1735 1736
f 1630 1736 1621
f 1737 1740 1623
f 1623 1740 1631
f 1631 1741 1632
f 1740 1741 1631
f 1743 1742 1632
f 1741 1743 1632
f 1744 1742 1743
f 1635 1739 1625
f 1635 1745 1739
f 1744 1746 1742
f 1746 1636 1742
f 1636 1746 1747
f 1749 1748 1638
f 1749 1638 1639
f 1635 1638 1745
f 1745 1638 1748
f 1746 1750 1747
f 1747 1750 1637
f 1750 1639 1637
f 1750 1751 1639
f 1749 1639 1751
f 1752 1640 1641
f 1752 1641 1753
f 1641 1754 1753
f 1641 1642 1754
f 1754 1642 1643
f 1756 1755 1644
f 1756 1644 1640
f 1757 1756 1640
f 1752 1757 1640
f 1757 1752 1753
f 1758 1754 1643
f 1645 1758 1643
f 1759 1758 1645
f 1761 1760 1646
f 1760 1645 1646
f 1760 1759 1645
f 1761 1762 1760
f 1764 1763 1647
f 1764 1647 1644
f 1765 1764 1644
f 1755 1765 1644
f 1765 1755 1756
f 1648 1761 1646
f 1648 1649 1761
f 1649 1766 1761
f 1766 1762 1761
f 1649 1767 1766
f 1650 1767 1649
f 1768 1651 1763
f 1763 1651 1647
f 1763 1764 1768
f 1769 1766 1767
f 1769 1767 1650
f 1652 1769 1650
f 1770 1769 1652
f 1771 1652 1654
f 1771 1770 1652
f 1773 1772 1656
f 1772 1654 1656
f 1772 1771 1654
f 1774 1657 1658
f 1774 1658 1775
f 1658 1776 1775
f 1658 1659 1776
f 1659 1651 1768
f 1777 1659 1768
f 1776 1659 1777
f 1662 1773 1656
f 1664 1778 1662
f 1778 1773 1662
f 1664 1779 1778
f 1780 1665 1774
f 1774 1665 1657
f 1774 1775 1781
f 1774 1781 1780
f 1782 1779 1664
f 1666 1782 1664
f 1667 1782 1666
f 1782 1668 1783
f 1782 1667 1668
f 1669 1783 1668
f 1780 1670 1665
f 1781 1785 1780
f 1785 1670 1780
f 1785 1672 1670
f 1787 1786 1673
f 1672 1787 1673
f 1785 1787 1672
f 1894 1786 1787
f 1788 1783 1669
f 1674 1788 1669
f 1789 1788 1674
f 1790 1674 1675
f 1790 1789 1674
f 1792 1791 1677
f 1791 1675 1677
f 1791 1790 1675
f 1794 1793 1792
f 1792 1793 1791
f 1793 1794 1784
f 1794 1795 1784
f 1796 1784 1795
f 1798 1797 1786
f 1797 1673 1786
f 1797 1679 1673
f 1798 1786 1894
f 1680 1792 1677
f 1792 1680 1681
f 1792 1681 1794
f 1794 1681 1688
f 1794 1688 1795
f 1688 1796 1795
f 1688 1799 1796
f 1800 1685 1797
f 1685 1679 1797
f 1801 1800 1797
f 1802 1688 1687
f 1799 1688 1802
f 1803 1691 1692
f 1685 1800 1692
f 1800 1803 1692
f 1800 1804 1803
f 1800 1801 1805
f 1806 1800 1805
f 1804 1800 1806
f 1808 1807 1806
f 1808 1806 1805
f 1809 1807 1808
f 1694 1802 1687
f 1694 1810 1802
f 1803 1696 1691
f 1696 1803 1698
f 1698 1803 1804
f 1698 1804 1700
f 1700 1804 1806
f 1700 1806 1701
f 1806 1811 1701
f 1806 1807 1811
f 1807 1809 1812
f 1813 1807 1812
f 1811 1807 1813
f 1702 1810 1694
f 1702 1814 1810
f 1811 1705 1701
f 1811 1813 1815
f 1707 1811 1815
f 1816 1707 1815
f 1811 1707 1705
f 1818 1817 1709
f 1818 1709 1708
f 1702 1709 1814
f 1814 1709 1817
f 1819 1712 1816
f 1712 1707 1816
f 1820 1819 1816
f 1821 1713 1719
f 1822 1713 1821
f 1708 1713 1818
f 1818 1713 1822
f 1823 1716 1819
f 1819 1716 1712
f 1819 1820 1824
f 1819 1824 1823
f 1826 1825 1717
f 1826 1717 1718
f 1719 1825 1821
f 1719 1717 1825
f 1827 1723 1823
f 1823 1723 1716
f 1823 1824 1828
f 1829 1823 1828
f 1827 1823 1829
f 1830 1829 1828
f 1724 1826 1718
f 1724 1831 1826
f 1827 1728 1723
f 1728 1827 1731
f 1731 1827 1829
f 1732 1731 1829
f 1830 1732 1829
f 1832 1732 1830
f 1834 1833 1733
f 1834 1733 1734
f 1724 1733 1831
f 1831 1733 1833
f 1836 1737 1835
f 1737 1832 1835
f 1737 1732 1832
f 1837 1836 1835
f 1738 1739 1838
f 1839 1738 1838
f 1840 1738 1839
f 1734 1738 1834
f 1834 1738 1840
f 1836 1740 1737
f 1837 1841 1836
f 1841 1740 1836
f 1841 1741 1740
f 1741 1842 1743
f 1841 1842 1741
f 1744 1743 1842
f 1744 1842 1843
f 1838 1844 1845
f 1745 1844 1739
f 1739 1844 1838
f 1746 1744 1846
f 1744 1847 1846
f 1744 1843 1847
f 1845 1844 1748
f 1749 1845 1748
f 1848 1845 1749
f 1748 1844 1745
f 1847 1849 1846
f 1849 1851 1850
f 1849 1850 1750
f 1846 1849 1750
f 1746 1846 1750
f 1852 1751 1750
f 1852 1750 1850
f 1848 1749 1853
f 1749 1852 1853
f 1852 1856 1853
f 1749 1751 1852
f 1851 1854 1850
f 1850 1854 1852
f 1852 1854 1855
f 1852 1855 1856
f 1857 1756 1757
f 1858 1857 1757
f 1858 1757 1753
f 1859 1858 1753
f 1754 1859 1753
f 1758 1859 1754
f 1860 1859 1758
f 1861 1758 1759
f 1861 1860 1758
f 1862 1759 1760
f 1862 1861 1759
f 1760 1762 1862
f 1862 1762 1863
f 1864 1764 1765
f 1756 1857 1765
f 1857 1864 1765
f 1857 1865 1864
f 1857 1858 1866
f 1857 1866 1865
f 1766 1868 1867
f 1863 1766 1867
f 1762 1766 1863
f 1870 1869 1868
f 1868 1869 1867
f 1870 1871 1869
f 1873 1872 1864
f 1872 1764 1864
f 1872 1768 1764
f 1873 1864 1865
f 1769 1868 1766
f 1868 1769 1770
f 1868 1770 1870
f 1874 1871 1870
f 1770 1874 1870
f 1771 1874 1770
f 1875 1771 1772
f 1875 1874 1771
f 1877 1876 1773
f 1876 1772 1773
f 1876 1875 1772
f 1878 1775 1776
f 1777 1879 1776
f 1776 1879 1878
f 1880 1879 1777
f 1768 1880 1777
f 1872 1880 1768
f 1778 1877 1773
f 1779 1881 1778
f 1881 1877 1778
f 1883 1781 1878
f 1878 1781 1775
f 1883 1879 1884
f 1878 1879 1883
f 1884 1879 1880
f 1782 1881 1779
f 1783 1885 1782
f 1885 1882 1782
f 1882 1881 1782
f 1783 1886 1885
f 1889 1888 1887
f 1891 1890 1887
f 1887 1890 1889
f 1784 1890 1891
f 1784 1892 1890
f 1892 1784 1893
f 1883 1785 1781
f 1884 1785 1883
f 1884 1787 1785
f 1787 1895 1894
f 1884 1895 1787
f 1896 1894 1895
f 1897 1886 1783
f 1788 1897 1783
f 1789 1897 1788
f 1898 1789 1790
f 1898 1897 1789
f 1791 1887 1888
f 1898 1791 1888
f 1790 1791 1898
f 1887 1791 1793
f 1887 1793 1891
f 1891 1793 1784
f 1796 1893 1784
f 1796 1899 1893
f 1900 1797 1798
f 1894 1900 1798
f 1894 1901 1900
f 1894 1896 1902
f 1894 1902 1901
f 1799 1899 1796
f 1799 1903 1899
f 1900 1901 1904
f 1801 1900 1904
f 1905 1801 1904
f 1900 1801 1797
f 1904 1901 1902
f 1907 1906 1802
f 1799 1802 1903
f 1903 1802 1906
f 1905 1908 1801
f 1801 1908 1805
f 1805 1909 1808
f 1908 1909 1805
f 1910 1911 1809
f 1808 1910 1809
f 1909 1910 1808
f 1810 1907 1802
f 1810 1912 1907
f 1911 1812 1809
f 1914 1913 1813
f 1914 1813 1812
f 1911 1914 1812
f 1915 1913 1914
f 1814 1912 1810
f 1814 1916 1912
f 1917 1816 1815
f 1813 1913 1815
f 1913 1917 1815
f 1913 1918 1917
f 1913 1915 1918
f 1920 1919 1817
f 1920 1817 1818
f 1814 1817 1916
f 1916 1817 1919
f 1917 1918 1921
f 1820 1917 1921
f 1922 1820 1921
f 1917 1820 1816
f 1924 1923 1821
f 1821 1925 1822
f 1923 1925 1821
f 1818 1822 1920
f 1920 1822 1925
f 1824 1922 2023
f 1824 1820 1922
f 1927 1926 1825
f 1927 1825 1826
f 1821 1825 1924
f 1924 1825 1926
f 2023 1828 1824
f 1830 1828 2023
f 1928 1830 2023
f 1831 1927 1826
f 1831 1930 1927
f 1832 1928 1929
f 1832 1830 1928
f 1931 1930 1833
f 1931 1833 1834
f 1831 1833 1930
f 1929 1835 1832
f 1932 1837 1835
f 1929 1932 1835
f 2036 1839 1838
f 1839 1933 1840
f 2036 1933 1839
f 1834 1840 1931
f 1931 1840 1933
f 1932 1841 1837
f 1934 1841 1932
f 1934 1842 1841
f 1843 1842 1934
f 1843 1934 1935
f 1845 1936 2036
f 1838 1845 2036
f 1936 1937 2036
f 1847 1935 1938
f 1847 1843 1935
f 1848 1939 1936
f 1848 1936 1845
f 1937 1936 1940
f 1940 1936 1939
f 1938 1849 1847
f 1851 1849 1938
f 1941 1851 1938
f 1853 1939 1848
f 1853 1856 1939
f 1856 1940 1939
f 1856 1942 1940
f 1941 2049 1851
f 1851 2049 1854
f 1854 1943 1855
f 2049 1943 1854
f 1855 1944 1856
f 1943 1944 1855
f 1942 1856 1944
f 1946 1945 1859
f 1859 1945 1858
f 1947 1859 1860
f 1947 1946 1859
f 1948 1860 1861
f 1948 1947 1860
f 1949 1948 1862
f 1948 1861 1862
f 1867 1951 1950
f 1945 1866 1858
f 1952 1866 1945
f 1953 1949 1862
f 1953 1867 1950
f 1953 1862 1863
f 1867 1953 1863
f 1954 1951 1867
f 1869 1954 1867
f 1869 1871 1954
f 1954 1871 1955
f 1865 1956 1873
f 1957 1956 1865
f 1866 1957 1865
f 1952 1957 1866
f 1958 1955 1871
f 1958 1871 1874
f 1959 1874 1875
f 1959 1958 1874
f 1960 1875 1876
f 1960 1959 1875
f 1876 1877 1960
f 1960 1877 1961
f 1962 1880 1873
f 1873 1880 1872
f 1963 1873 1956
f 1962 1873 1963
f 1956 1957 2070
f 1956 2070 1963
f 1964 1961 1877
f 1964 1877 1881
f 1966 1965 1882
f 1965 1881 1882
f 1965 1964 1881
f 1966 1971 1965
f 1880 1962 1884
f 1962 1967 1884
f 1962 1968 1967
f 1963 1970 1969
f 1968 1963 1969
f 1962 1963 1968
f 1970 1963 2070
f 1885 1966 1882
f 1972 1971 1886
f 1886 1971 1885
f 1971 1966 1885
f 1972 1973 1971
f 1975 1974 1889
f 1889 1974 1888
f 1976 1889 1890
f 1976 1975 1889
f 1977 1890 1892
f 1977 1976 1890
f 1892 1893 1977
f 1977 1893 1978
f 1884 1967 1895
f 1895 1967 1968
f 1980 1979 1896
f 1980 1896 1895
f 1969 1980 1895
f 1968 1969 1895
f 2084 1979 1980
f 1897 1972 1886
f 1974 1973 1972
f 1897 1974 1972
f 1898 1974 1897
f 1898 1888 1974
f 1899 1978 1893
f 1899 1981 1978
f 1982 1902 1979
f 1979 1902 1896
f 1979 2084 1983
f 1979 1983 1982
f 1903 1981 1899
f 1903 1984 1981
f 1986 1985 1904
f 1904 1985 1905
f 1904 1902 1982
f 1987 1904 1982
f 1986 1904 1987
f 1989 1990 1988
f 1983 1987 1982
f 1991 1906 1907
f 1903 1906 1984
f 1984 1906 1991
f 1908 1905 1992
f 1905 1993 1992
f 1905 1985 1993
f 1994 1909 1908
f 1994 1908 1992
f 1995 1988 1990
f 1909 1995 1990
f 1910 1909 1990
f 1995 1909 1994
f 1996 1997 1911
f 1996 1911 1910
f 1990 1996 1910
f 1991 1912 1998
f 1907 1912 1991
f 1993 2000 1992
f 2002 2001 2000
f 2001 1992 2000
f 2001 1994 1992
f 1995 1994 2003
f 1994 2004 2003
f 1994 2001 2004
f 1997 1914 1911
f 2005 2003 2004
f 2006 1915 1914
f 1997 2006 1914
f 2009 2010 1998
f 1916 2009 1998
f 1912 1916 1998
f 2008 2009 1916
f 1998 2010 1999
f 2012 2011 2002
f 2011 2001 2002
f 2011 2004 2001
f 2005 2004 2013
f 2004 2014 2013
f 2004 2011 2014
f 1915 2014 1918
f 2014 1915 2013
f 2006 2013 1915
f 2013 2006 2015
f 2016 2015 2006
f 2006 2007 2016
f 2018 2017 1920
f 1920 2017 2008
f 1919 1920 2008
f 1919 2008 1916
f 2012 2019 2011
f 2020 1922 1921
f 2011 2020 1921
f 2014 2011 1921
f 2019 2020 2011
f 1918 2014 1921
f 2022 2021 1923
f 2022 1923 1924
f 1920 1925 2018
f 1925 2021 2018
f 1925 1923 2021
f 1922 2024 2023
f 1922 2020 2024
f 2026 2025 1926
f 2026 1926 1927
f 1924 1926 2022
f 2022 1926 2025
f 2023 2024 2027
f 2027 2024 2028
f 2027 1928 2023
f 2026 1930 2029
f 2026 1927 1930
f 2028 2031 2027
f 2031 2033 2032
f 2031 2032 1929
f 2027 2031 1929
f 1928 2027 1929
f 2030 2029 1930
f 1931 2030 1930
f 2034 2030 1931
f 2033 2035 2039
f 2033 2039 1932
f 2032 2033 1932
f 1929 2032 1932
f 2037 1933 2036
f 2037 2038 1933
f 2038 1931 1933
f 2038 2034 1931
f 2039 2040 1934
f 1932 2039 1934
f 2040 1935 1934
f 2041 2036 1937
f 2037 2036 2041
f 2038 2037 2042
f 2042 2037 2041
f 2043 2045 2044
f 2043 2044 1938
f 2040 2043 1938
f 1935 2040 1938
f 1940 2041 1937
f 2042 2041 2046
f 2046 2041 1940
f 2045 2047 2044
f 1941 1938 2044
f 2048 1941 2044
f 2047 2048 2044
f 1941 2048 2049
f 2050 2049 2048
f 1942 2051 1940
f 2046 1940 2051
f 2050 2052 2049
f 2052 1943 2049
f 1943 2053 1944
f 2052 2053 1943
f 1942 1944 2051
f 1944 2054 2051
f 1944 2053 2054
f 2055 1945 1946
f 1947 2056 1946
f 1946 2056 2055
f 2056 1947 2057
f 1947 2058 2057
f 1947 1948 2058
f 1948 1949 2058
f 1950 1951 2059
f 2060 1952 2055
f 2055 1952 1945
f 2056 2061 2161
f 2060 2056 2161
f 2055 2056 2060
f 2061 2056 2057
f 2062 2058 1949
f 2062 1949 1953
f 1953 1950 2059
f 1953 2059 2062
f 2063 2059 1951
f 2063 1951 1954
f 1954 1955 2063
f 2063 1955 2064
f 2066 2065 2060
f 2065 1952 2060
f 2065 1957 1952
f 2066 2060 2161
f 2067 2064 1955
f 2067 1955 1958
f 2068 1958 1959
f 2068 2067 1958
f 2069 2068 1961
f 2068 1960 1961
f 2068 1959 1960
f 2065 2070 1957
f 2069 1961 2071
f 2069 2071 2072
f 2073 2071 1961
f 1964 2073 1961
f 2074 2071 2073
f 2075 2073 1965
f 2073 1964 1965
f 2076 1969 1970
f 2077 2076 1970
f 2070 2077 1970
f 2074 2072 2071
f 2078 2075 1965
f 2078 1965 1971
f 2080 2079 1973
f 2079 1971 1973
f 2079 2078 1971
f 1974 1975 2080
f 1975 2079 2080
f 1975 2081 2079
f 2082 1975 1976
f 2082 2081 1975
f 2083 2082 1978
f 2082 1977 1978
f 2082 1976 1977
f 2076 1980 1969
f 2085 2084 1980
f 2077 2085 1980
f 2076 2077 1980
f 2086 2084 2085
f 1974 2080 1973
f 2083 1978 2087
f 1981 2087 1978
f 2088 2191 2084
f 2191 1983 2084
f 2088 2084 2086
f 2087 2089 2090
f 1984 2089 1981
f 1981 2089 2087
f 2092 2091 1986
f 1986 2091 1985
f 2093 1986 1987
f 2093 2092 1986
f 2094 1987 1983
f 2094 1983 2191
f 2094 2191 2095
f 2094 2095 1989
f 2094 1989 1988
f 2094 1988 2096
f 2094 2096 2093
f 2094 2093 1987
f 2097 2098 1990
f 1989 2097 1990
f 2095 2097 1989
f 2090 2089 1991
f 2099 2090 1991
f 1991 2089 1984
f 2091 1993 1985
f 2100 1993 2091
f 2103 2102 2101
f 2102 2096 2101
f 2096 1995 2101
f 2096 1988 1995
f 2098 1996 1990
f 2104 2105 1997
f 2104 1997 1996
f 2098 2104 1996
f 2106 2099 1991
f 2106 1991 1998
f 1998 1999 2106
f 2106 1999 2107
f 2100 2108 1993
f 1993 2108 2000
f 2108 2103 2000
f 2101 2000 2103
f 2000 2101 2002
f 2109 2002 2101
f 2002 2109 2110
f 2109 2101 1995
f 2003 2109 1995
f 2111 2109 2003
f 2003 2005 2111
f 2105 2006 1997
f 2112 2113 2007
f 2112 2007 2006
f 2105 2112 2006
f 2115 2114 2009
f 2115 2009 2008
f 2009 2116 2010
f 2114 2116 2009
f 1999 2010 2107
f 2107 2010 2116
f 2110 2117 2002
f 2012 2002 2117
f 2012 2117 2118
f 2119 2111 2005
f 2119 2005 2013
f 2013 2015 2119
f 2119 2015 2120
f 2122 2121 2113
f 2121 2007 2113
f 2121 2016 2007
f 2124 2123 2017
f 2124 2017 2018
f 2008 2017 2115
f 2115 2017 2123
f 2019 2012 2125
f 2012 2118 2125
f 2125 2020 2019
f 2126 2120 2015
f 2126 2015 2016
f 2016 2121 2126
f 2022 2131 2021
f 2131 2127 2021
f 2127 2018 2021
f 2127 2124 2018
f 2128 2020 2125
f 2024 2020 2128
f 2130 2129 2025
f 2130 2025 2026
f 2022 2025 2131
f 2025 2129 2131
f 2128 2226 2132
f 2028 2128 2132
f 2024 2128 2028
f 2030 2133 2029
f 2133 2026 2029
f 2133 2130 2026
f 2132 2134 2028
f 2134 2031 2028
f 2134 2135 2031
f 2031 2230 2033
f 2135 2230 2031
f 2034 2138 2030
f 2133 2030 2136
f 2136 2030 2138
f 2035 2033 2230
f 2137 2035 2230
f 2034 2141 2138
f 2038 2141 2034
f 2137 2139 2035
f 2035 2139 2039
f 2040 2039 2139
f 2040 2139 2140
f 2042 2142 2141
f 2038 2042 2141
f 2142 2143 2141
f 2043 2040 2144
f 2040 2145 2144
f 2040 2140 2145
f 2144 2045 2043
f 2046 2146 2142
f 2046 2142 2042
f 2143 2142 2147
f 2147 2142 2146
f 2145 2148 2144
f 2144 2148 2045
f 2148 2047 2045
f 2148 2149 2047
f 2047 2150 2048
f 2149 2150 2047
f 2050 2048 2150
f 2050 2150 2151
f 2051 2152 2146
f 2051 2146 2046
f 2147 2146 2153
f 2153 2146 2152
f 2052 2050 2245
f 2050 2151 2245
f 2154 2053 2052
f 2154 2052 2245
f 2155 2054 2053
f 2155 2053 2154
f 2155 2156 2054
f 2054 2156 2051
f 2156 2157 2051
f 2157 2152 2051
f 2152 2157 2153
f 2154 2245 2158
f 2154 2158 2155
f 2155 2158 2159
f 2155 2159 2156
f 2160 2057 2058
f 2162 2161 2061
f 2162 2061 2057
f 2163 2162 2057
f 2160 2163 2057
f 2163 2160 2058
f 2062 2163 2058
f 2164 2163 2062
f 2165 2062 2059
f 2164 2062 2165
f 2063 2165 2059
f 2166 2165 2063
f 2063 2064 2166
f 2166 2064 2167
f 2168 2066 2161
f 2168 2161 2162
f 2169 2167 2064
f 2169 2064 2067
f 2171 2169 2170
f 2169 2068 2170
f 2169 2067 2068
f 2069 2170 2068
f 2173 2172 2066
f 2172 2065 2066
f 2172 2070 2065
f 2173 2066 2168
f 2174 2171 2170
f 2069 2072 2170
f 2072 2175 2170
f 2175 2174 2170
f 2175 2072 2074
f 2074 2073 2175
f 2177 2176 2175
f 2177 2175 2073
f 2075 2177 2073
f 2172 2077 2070
f 2180 2077 2172
f 2177 2181 2176
f 2181 2177 2075
f 2078 2181 2075
f 2182 2181 2078
f 2183 2182 2078
f 2183 2079 2178
f 2078 2079 2183
f 2184 2179 2178
f 2079 2184 2178
f 2081 2184 2079
f 2185 2081 2082
f 2185 2184 2081
f 2082 2083 2185
f 2185 2083 2186
f 2180 2187 2077
f 2077 2187 2085
f 2188 2189 2086
f 2085 2188 2086
f 2187 2188 2085
f 2087 2186 2083
f 2087 2190 2186
f 2287 2191 2088
f 2287 2088 2086
f 2192 2287 2086
f 2189 2192 2086
f 2090 2190 2087
f 2090 2193 2190
f 2195 2194 2092
f 2092 2194 2091
f 2196 2092 2093
f 2196 2195 2092
f 2096 2196 2093
f 2287 2197 2191
f 2197 2095 2191
f 2197 2097 2095
f 2198 2291 2098
f 2097 2198 2098
f 2197 2198 2097
f 2099 2193 2090
f 2099 2199 2193
f 2201 2100 2200
f 2100 2194 2200
f 2100 2091 2194
f 2102 2103 2201
f 2200 2102 2201
f 2202 2102 2200
f 2096 2102 2196
f 2196 2102 2202
f 2291 2104 2098
f 2203 2204 2105
f 2203 2105 2104
f 2291 2203 2104
f 2205 2099 2106
f 2199 2099 2205
f 2201 2108 2100
f 2108 2201 2103
f 2206 2110 2109
f 2111 2207 2109
f 2109 2207 2206
f 2204 2112 2105
f 2208 2113 2112
f 2204 2208 2112
f 2210 2301 2114
f 2210 2114 2115
f 2106 2116 2205
f 2116 2301 2205
f 2116 2114 2301
f 2116 2106 2107
f 2206 2117 2110
f 2117 2206 2118
f 2206 2211 2118
f 2206 2207 2211
f 2119 2212 2111
f 2212 2207 2111
f 2212 2211 2207
f 2120 2212 2119
f 2213 2121 2122
f 2113 2208 2122
f 2208 2213 2122
f 2208 2214 2213
f 2208 2209 2214
f 2215 2304 2123
f 2215 2123 2124
f 2115 2123 2210
f 2210 2123 2304
f 2216 2125 2211
f 2211 2125 2118
f 2212 2218 2217
f 2216 2212 2217
f 2211 2212 2216
f 2218 2212 2120
f 2126 2218 2120
f 2219 2218 2126
f 2126 2121 2213
f 2220 2126 2213
f 2219 2126 2220
f 2220 2213 2214
f 2220 2214 2221
f 2127 2215 2124
f 2127 2222 2215
f 2128 2125 2216
f 2217 2128 2216
f 2223 2128 2217
f 2130 2224 2129
f 2129 2224 2225
f 2315 2129 2225
f 2131 2129 2315
f 2127 2131 2222
f 2222 2131 2315
f 2128 2227 2226
f 2223 2227 2128
f 2228 2318 2224
f 2130 2228 2224
f 2133 2228 2130
f 2224 2318 2225
f 2226 2134 2132
f 2135 2134 2226
f 2229 2135 2226
f 2227 2229 2226
f 2231 2135 2229
f 2230 2135 2231
f 2136 2228 2133
f 2230 2231 2232
f 2324 2230 2232
f 2137 2230 2324
f 2141 2233 2138
f 2233 2234 2138
f 2234 2136 2138
f 2139 2137 2235
f 2137 2236 2235
f 2137 2324 2236
f 2235 2140 2139
f 2141 2143 2233
f 2143 2234 2233
f 2143 2237 2234
f 2235 2236 2238
f 2238 2145 2140
f 2238 2140 2235
f 2147 2237 2143
f 2147 2239 2237
f 2238 2331 2145
f 2331 2148 2145
f 2331 2240 2148
f 2148 2241 2149
f 2240 2241 2148
f 2149 2242 2150
f 2241 2242 2149
f 2336 2243 2151
f 2150 2336 2151
f 2242 2336 2150
f 2153 2239 2147
f 2153 2244 2239
f 2243 2245 2151
f 2243 2246 2245
f 2248 2247 2157
f 2248 2157 2156
f 2153 2157 2244
f 2244 2157 2247
f 2246 2249 2245
f 2249 2158 2245
f 2158 2250 2159
f 2249 2250 2158
f 2156 2159 2248
f 2248 2159 2250
f 2251 2162 2163
f 2164 2252 2163
f 2163 2252 2251
f 2165 2253 2164
f 2164 2253 2252
f 2253 2165 2254
f 2165 2255 2254
f 2165 2166 2255
f 2256 2166 2167
f 2256 2255 2166
f 2162 2251 2168
f 2251 2258 2168
f 2251 2259 2258
f 2252 2261 2260
f 2259 2252 2260
f 2251 2252 2259
f 2261 2252 2253
f 2169 2256 2167
f 2263 2262 2171
f 2171 2262 2169
f 2262 2257 2169
f 2257 2256 2169
f 2263 2264 2262
f 2265 2172 2173
f 2168 2258 2173
f 2258 2265 2173
f 2258 2266 2265
f 2259 2268 2267
f 2266 2259 2267
f 2258 2259 2266
f 2268 2259 2260
f 2174 2263 2171
f 2263 2174 2175
f 2263 2175 2264
f 2175 2176 2264
f 2176 2269 2264
f 2272 2271 2270
f 2270 2273 2272
f 2275 2274 2179
f 2179 2274 2178
f 2275 2179 2276
f 2277 2180 2265
f 2265 2180 2172
f 2278 2265 2266
f 2277 2265 2278
f 2266 2267 2279
f 2266 2279 2278
f 2280 2269 2176
f 2280 2176 2181
f 2182 2270 2271
f 2280 2182 2271
f 2181 2182 2280
f 2281 2273 2270
f 2182 2281 2270
f 2183 2281 2182
f 2183 2178 2274
f 2183 2274 2281
f 2282 2276 2179
f 2282 2179 2184
f 2283 2184 2185
f 2283 2282 2184
f 2185 2186 2283
f 2283 2186 2284
f 2277 2187 2180
f 2187 2277 2188
f 2188 2277 2278
f 2189 2188 2278
f 2279 2189 2278
f 2285 2189 2279
f 2190 2284 2186
f 2190 2286 2284
f 2288 2287 2192
f 2189 2288 2192
f 2285 2288 2189
f 2193 2286 2190
f 2193 2289 2286
f 2290 2194 2195
f 2195 2196 2290
f 2288 2370 2287
f 2370 2197 2287
f 2370 2198 2197
f 2198 2292 2291
f 2370 2292 2198
f 2289 2199 2293
f 2193 2199 2289
f 2290 2200 2194
f 2200 2290 2202
f 2202 2290 2196
f 2374 2295 2204
f 2374 2204 2203
f 2292 2374 2203
f 2291 2292 2203
f 2296 2297 2295
f 2296 2295 2374
f 2298 2294 2293
f 2199 2298 2293
f 2205 2298 2199
f 2295 2208 2204
f 2208 2295 2209
f 2295 2299 2209
f 2295 2297 2299
f 2297 2300 2299
f 2302 2205 2301
f 2302 2298 2205
f 2303 2214 2299
f 2299 2214 2209
f 2299 2300 2303
f 2304 2305 2210
f 2305 2301 2210
f 2301 2305 2302
f 2218 2307 2306
f 2218 2219 2307
f 2308 2219 2220
f 2308 2307 2219
f 2309 2220 2221
f 2309 2308 2220
f 2221 2214 2303
f 2310 2221 2303
f 2309 2221 2310
f 2312 2311 2304
f 2215 2312 2304
f 2222 2312 2215
f 2304 2311 2305
f 2314 2313 2218
f 2313 2217 2218
f 2313 2223 2217
f 2314 2218 2306
f 2316 2222 2315
f 2316 2312 2222
f 2227 2313 2317
f 2223 2313 2227
f 2318 2319 2225
f 2319 2320 2225
f 2320 2315 2225
f 2315 2320 2316
f 2415 2229 2227
f 2415 2227 2317
f 2322 2321 2318
f 2228 2322 2318
f 2136 2322 2228
f 2318 2321 2319
f 2415 2231 2229
f 2415 2323 2231
f 2323 2325 2324
f 2232 2323 2324
f 2231 2323 2232
f 2234 2322 2136
f 2234 2328 2322
f 2324 2325 2326
f 2326 2325 2327
f 2326 2236 2324
f 2237 2328 2234
f 2327 2329 2326
f 2238 2236 2326
f 2330 2238 2326
f 2329 2330 2326
f 2238 2330 2331
f 2426 2332 2331
f 2426 2331 2330
f 2239 2328 2237
f 2239 2333 2328
f 2240 2331 2332
f 2334 2240 2332
f 2334 2241 2240
f 2241 2335 2242
f 2334 2335 2241
f 2335 2433 2336
f 2242 2335 2336
f 2244 2333 2239
f 2244 2337 2333
f 2433 2338 2336
f 2243 2336 2338
f 2339 2243 2338
f 2246 2243 2339
f 2248 2340 2247
f 2340 2341 2247
f 2341 2244 2247
f 2341 2337 2244
f 2339 2342 2246
f 2246 2342 2249
f 2249 2442 2250
f 2342 2442 2249
f 2250 2442 2248
f 2442 2343 2248
f 2343 2340 2248
f 2341 2340 2343
f 2255 2448 2254
f 2345 2448 2344
f 2448 2256 2344
f 2448 2255 2256
f 2257 2344 2256
f 2253 2346 2261
f 2347 2346 2253
f 2254 2347 2253
f 2448 2347 2254
f 2348 2345 2344
f 2348 2344 2257
f 2262 2348 2257
f 2349 2348 2262
f 2350 2349 2264
f 2349 2262 2264
f 2351 2267 2268
f 2352 2351 2268
f 2352 2268 2260
f 2353 2352 2260
f 2261 2353 2260
f 2353 2261 2346
f 2354 2350 2264
f 2264 2355 2354
f 2264 2269 2355
f 2357 2356 2272
f 2272 2356 2271
f 2358 2272 2273
f 2358 2357 2272
f 2274 2275 2273
f 2275 2358 2273
f 2275 2359 2358
f 2275 2276 2359
f 2359 2276 2360
f 2361 2279 2351
f 2351 2279 2267
f 2351 2352 2362
f 2351 2362 2361
f 2356 2355 2269
f 2356 2269 2280
f 2280 2271 2356
f 2273 2281 2274
f 2363 2360 2276
f 2363 2276 2282
f 2364 2282 2283
f 2364 2363 2282
f 2283 2284 2364
f 2364 2284 2365
f 2367 2366 2361
f 2366 2279 2361
f 2366 2285 2279
f 2367 2361 2362
f 2286 2365 2284
f 2286 2368 2365
f 2370 2288 2369
f 2288 2366 2369
f 2288 2285 2366
f 2371 2370 2369
f 2289 2368 2286
f 2289 2373 2368
f 2292 2370 2371
f 2375 2374 2292
f 2372 2375 2292
f 2371 2372 2292
f 2376 2374 2375
f 2377 2373 2289
f 2377 2289 2293
f 2293 2294 2377
f 2377 2294 2378
f 2296 2374 2376
f 2479 2379 2297
f 2479 2297 2296
f 2376 2479 2296
f 2483 2379 2479
f 2380 2481 2294
f 2380 2294 2298
f 2378 2294 2481
f 2381 2300 2379
f 2379 2300 2297
f 2382 2379 2483
f 2381 2379 2382
f 2383 2382 2483
f 2302 2380 2298
f 2302 2384 2380
f 2385 2303 2381
f 2381 2303 2300
f 2386 2381 2382
f 2385 2381 2386
f 2382 2383 2387
f 2382 2387 2386
f 2302 2305 2384
f 2384 2305 2388
f 2389 2306 2307
f 2308 2390 2307
f 2307 2390 2389
f 2390 2308 2391
f 2308 2392 2391
f 2308 2309 2392
f 2394 2392 2393
f 2392 2310 2393
f 2392 2309 2310
f 2303 2385 2310
f 2385 2393 2310
f 2385 2395 2393
f 2386 2397 2396
f 2395 2386 2396
f 2385 2386 2395
f 2397 2386 2387
f 2399 2398 2311
f 2399 2311 2312
f 2305 2311 2388
f 2388 2311 2398
f 2400 2313 2314
f 2306 2389 2314
f 2389 2400 2314
f 2389 2401 2400
f 2402 2389 2390
f 2401 2389 2402
f 2390 2391 2403
f 2390 2403 2402
f 2404 2394 2393
f 2404 2393 2395
f 2404 2395 2405
f 2405 2395 2396
f 2316 2399 2312
f 2316 2406 2399
f 2408 2407 2317
f 2408 2317 2313
f 2409 2408 2313
f 2400 2409 2313
f 2400 2410 2409
f 2401 2410 2400
f 2402 2412 2411
f 2410 2402 2411
f 2401 2402 2410
f 2412 2402 2403
f 2414 2413 2320
f 2414 2320 2319
f 2316 2320 2406
f 2406 2320 2413
f 2407 2415 2317
f 2407 2408 2416
f 2407 2416 2415
f 2322 2417 2321
f 2417 2418 2321
f 2418 2319 2321
f 2418 2414 2319
f 2416 2419 2415
f 2419 2323 2415
f 2325 2323 2419
f 2325 2419 2420
f 2328 2421 2417
f 2328 2417 2322
f 2418 2417 2422
f 2422 2417 2421
f 2420 2327 2325
f 2423 2327 2420
f 2328 2427 2421
f 2422 2421 2424
f 2424 2421 2427
f 2329 2327 2429
f 2327 2516 2429
f 2327 2423 2516
f 2425 2330 2329
f 2425 2329 2429
f 2426 2330 2425
f 2333 2427 2328
f 2424 2427 2428
f 2425 2429 2430
f 2425 2430 2426
f 2426 2430 2431
f 2426 2431 2332
f 2431 2334 2332
f 2431 2432 2334
f 2432 2434 2433
f 2335 2432 2433
f 2334 2432 2335
f 2337 2435 2427
f 2337 2427 2333
f 2428 2427 2435
f 2434 2436 2433
f 2436 2437 2338
f 2433 2436 2338
f 2437 2339 2338
f 2341 2435 2337
f 2438 2435 2341
f 2436 2439 2437
f 2439 2441 2440
f 2439 2440 2342
f 2437 2439 2342
f 2339 2437 2342
f 2442 2342 2440
f 2444 2443 2341
f 2343 2444 2341
f 2341 2443 2438
f 2441 2445 2440
f 2440 2445 2442
f 2442 2445 2446
f 2442 2446 2343
f 2446 2447 2343
f 2444 2343 2447
f 2449 2347 2448
f 2449 2448 2345
f 2450 2449 2345
f 2348 2450 2345
f 2451 2449 2450
f 2452 2348 2349
f 2452 2450 2348
f 2453 2349 2350
f 2453 2452 2349
f 2346 2454 2353
f 2454 2346 2347
f 2455 2454 2347
f 2449 2455 2347
f 2455 2449 2451
f 2356 2456 2355
f 2355 2456 2354
f 2456 2453 2354
f 2453 2350 2354
f 2357 2456 2356
f 2357 2457 2456
f 2458 2357 2358
f 2458 2457 2357
f 2459 2458 2359
f 2458 2358 2359
f 2461 2460 2353
f 2460 2352 2353
f 2460 2362 2352
f 2461 2353 2454
f 2461 2454 2462
f 2463 2459 2359
f 2463 2359 2360
f 2363 2463 2360
f 2464 2463 2363
f 2466 2464 2465
f 2464 2364 2465
f 2464 2363 2364
f 2365 2465 2364
f 2468 2467 2367
f 2367 2467 2366
f 2367 2362 2460
f 2367 2460 2468
f 2471 2466 2465
f 2465 2365 2471
f 2365 2472 2471
f 2365 2368 2472
f 2467 2473 2366
f 2366 2473 2369
f 2369 2474 2371
f 2473 2474 2369
f 2470 2475 2372
f 2474 2470 2372
f 2371 2474 2372
f 2475 2470 2476
f 2373 2472 2368
f 2373 2478 2472
f 2475 2375 2372
f 2375 2475 2376
f 2376 2475 2476
f 2480 2479 2376
f 2477 2480 2376
f 2476 2477 2376
f 2484 2479 2480
f 2373 2377 2481
f 2482 2373 2481
f 2478 2373 2482
f 2378 2481 2377
f 2484 2483 2479
f 2380 2482 2481
f 2485 2482 2380
f 2486 2487 2383
f 2486 2383 2483
f 2484 2486 2483
f 2384 2485 2380
f 2384 2488 2485
f 2489 2387 2487
f 2487 2387 2383
f 2491 2490 2388
f 2384 2388 2488
f 2488 2388 2490
f 2493 2492 2392
f 2392 2492 2391
f 2494 2392 2394
f 2494 2493 2392
f 2495 2396 2397
f 2496 2495 2397
f 2496 2397 2387
f 2497 2496 2387
f 2489 2497 2387
f 2498 2398 2399
f 2388 2398 2491
f 2491 2398 2498
f 2492 2403 2391
f 2499 2494 2394
f 2404 2499 2394
f 2405 2499 2404
f 2405 2396 2495
f 2500 2405 2495
f 2499 2405 2500
f 2500 2495 2496
f 2406 2498 2399
f 2406 2501 2498
f 2502 2411 2412
f 2503 2502 2412
f 2403 2503 2412
f 2492 2503 2403
f 2414 2507 2413
f 2507 2406 2413
f 2507 2501 2406
f 2504 2416 2409
f 2409 2416 2408
f 2410 2505 2409
f 2505 2504 2409
f 2506 2505 2410
f 2506 2410 2411
f 2502 2506 2411
f 2508 2507 2414
f 2418 2508 2414
f 2504 2419 2416
f 2419 2504 2420
f 2504 2509 2420
f 2504 2505 2509
f 2505 2506 2510
f 2505 2510 2509
f 2422 2508 2418
f 2422 2511 2508
f 2513 2512 2509
f 2512 2420 2509
f 2512 2423 2420
f 2513 2509 2510
f 2511 2424 2518
f 2422 2424 2511
f 2516 2512 2515
f 2516 2423 2512
f 2517 2516 2515
f 2424 2519 2518
f 2428 2519 2424
f 2517 2520 2516
f 2520 2429 2516
f 2520 2430 2429
f 2520 2522 2521
f 2431 2520 2521
f 2430 2520 2431
f 2523 2431 2521
f 2432 2431 2523
f 2434 2432 2523
f 2435 2519 2428
f 2435 2524 2519
f 2436 2434 2613
f 2434 2523 2613
f 2438 2524 2435
f 2438 2525 2524
f 2613 2526 2436
f 2526 2439 2436
f 2526 2527 2439
f 2441 2439 2527
f 2441 2527 2528
f 2530 2529 2443
f 2530 2443 2444
f 2438 2443 2525
f 2525 2443 2529
f 2528 2531 2441
f 2441 2531 2445
f 2445 2532 2446
f 2531 2532 2445
f 2446 2533 2447
f 2532 2533 2446
f 2444 2447 2530
f 2530 2447 2533
f 2534 2451 2450
f 2534 2450 2535
f 2450 2452 2535
f 2535 2452 2453
f 2536 2454 2455
f 2537 2536 2455
f 2537 2455 2451
f 2538 2537 2451
f 2534 2538 2451
f 2538 2534 2535
f 2539 2535 2453
f 2456 2539 2453
f 2540 2539 2456
f 2541 2456 2457
f 2541 2540 2456
f 2628 2457 2458
f 2628 2541 2457
f 2458 2459 2628
f 2628 2459 2542
f 2544 2543 2461
f 2461 2543 2460
f 2545 2461 2462
f 2545 2544 2461
f 2462 2454 2536
f 2546 2462 2536
f 2545 2462 2546
f 2546 2536 2537
f 2547 2542 2459
f 2547 2459 2463
f 2548 2463 2464
f 2548 2547 2463
f 2464 2466 2548
f 2548 2466 2549
f 2550 2467 2468
f 2460 2543 2551
f 2550 2460 2551
f 2552 2550 2551
f 2468 2460 2550
f 2469 2470 2552
f 2551 2469 2552
f 2553 2469 2551
f 2555 2554 2470
f 2469 2555 2470
f 2553 2555 2469
f 2557 2556 2554
f 2557 2554 2555
f 2558 2549 2466
f 2558 2466 2471
f 2471 2472 2558
f 2558 2472 2559
f 2550 2473 2467
f 2473 2550 2474
f 2474 2550 2552
f 2474 2552 2470
f 2554 2476 2470
f 2476 2554 2477
f 2554 2560 2477
f 2554 2556 2560
f 2556 2557 2561
f 2562 2556 2561
f 2560 2556 2562
f 2563 2562 2561
f 2478 2559 2472
f 2478 2564 2559
f 2560 2480 2477
f 2480 2560 2484
f 2560 2565 2484
f 2560 2562 2565
f 2562 2563 2566
f 2567 2562 2566
f 2565 2562 2567
f 2482 2564 2478
f 2482 2568 2564
f 2565 2569 2484
f 2565 2567 2569
f 2567 2566 2570
f 2567 2570 2569
f 2485 2568 2482
f 2485 2571 2568
f 2569 2486 2484
f 2572 2487 2486
f 2570 2572 2486
f 2569 2570 2486
f 2488 2571 2485
f 2488 2574 2571
f 2575 2489 2572
f 2572 2489 2487
f 2572 2573 2575
f 2577 2576 2490
f 2577 2490 2491
f 2488 2490 2574
f 2574 2490 2576
f 2579 2578 2493
f 2493 2578 2492
f 2580 2493 2494
f 2580 2579 2493
f 2499 2581 2494
f 2581 2580 2494
f 2499 2582 2581
f 2584 2583 2497
f 2497 2583 2496
f 2497 2489 2575
f 2585 2497 2575
f 2584 2497 2585
f 2588 2491 2498
f 2588 2577 2491
f 2586 2492 2578
f 2587 2582 2499
f 2500 2587 2499
f 2500 2496 2583
f 2500 2583 2587
f 2589 2588 2498
f 2501 2589 2498
f 2586 2503 2492
f 2590 2503 2586
f 2507 2589 2501
f 2507 2591 2589
f 2592 2506 2502
f 2593 2592 2502
f 2503 2593 2502
f 2590 2593 2503
f 2508 2594 2507
f 2594 2595 2507
f 2595 2591 2507
f 2680 2506 2592
f 2680 2510 2506
f 2596 2682 2594
f 2508 2596 2594
f 2511 2596 2508
f 2594 2682 2595
f 2598 2597 2513
f 2513 2597 2512
f 2513 2510 2680
f 2513 2680 2598
f 2599 2596 2511
f 2599 2511 2518
f 2518 2514 2599
f 2599 2514 2600
f 2597 2601 2512
f 2512 2601 2515
f 2517 2515 2601
f 2517 2601 2602
f 2519 2603 2518
f 2603 2604 2518
f 2604 2514 2518
f 2604 2600 2514
f 2602 2605 2517
f 2517 2605 2520
f 2522 2520 2605
f 2522 2605 2606
f 2521 2607 2523
f 2524 2608 2603
f 2524 2603 2519
f 2604 2603 2609
f 2609 2603 2608
f 2606 2610 2522
f 2521 2522 2607
f 2522 2611 2607
f 2522 2610 2611
f 2613 2523 2607
f 2612 2613 2607
f 2611 2612 2607
f 2614 2613 2612
f 2616 2615 2608
f 2524 2616 2608
f 2525 2616 2524
f 2608 2615 2609
f 2614 2617 2613
f 2617 2526 2613
f 2617 2527 2526
f 2528 2527 2617
f 2528 2617 2618
f 2619 2702 2529
f 2619 2529 2530
f 2525 2529 2616
f 2616 2529 2702
f 2618 2620 2528
f 2528 2620 2531
f 2531 2621 2532
f 2620 2621 2531
f 2532 2622 2533
f 2621 2622 2532
f 2530 2533 2619
f 2619 2533 2622
f 2538 2705 2537
f 2623 2538 2535
f 2705 2538 2623
f 2539 2623 2535
f 2624 2623 2539
f 2626 2624 2625
f 2624 2540 2625
f 2624 2539 2540
f 2625 2540 2627
f 2540 2541 2627
f 2629 2627 2628
f 2627 2541 2628
f 2630 2543 2544
f 2545 2631 2544
f 2544 2631 2630
f 2546 2632 2545
f 2545 2632 2631
f 2537 2705 2633
f 2632 2537 2633
f 2634 2632 2633
f 2546 2537 2632
f 2635 2634 2633
f 2636 2626 2625
f 2636 2625 2627
f 2637 2629 2628
f 2637 2628 2542
f 2547 2637 2542
f 2638 2637 2547
f 2641 2638 2549
f 2638 2548 2549
f 2638 2547 2548
f 2630 2551 2543
f 2551 2630 2553
f 2553 2630 2631
f 2553 2631 2555
f 2555 2631 2632
f 2555 2632 2557
f 2557 2632 2634
f 2635 2639 2557
f 2634 2635 2557
f 2642 2641 2558
f 2641 2549 2558
f 2559 2642 2558
f 2639 2561 2557
f 2644 2643 2563
f 2644 2563 2561
f 2640 2644 2561
f 2639 2640 2561
f 2646 2645 2643
f 2646 2643 2644
f 2647 2645 2646
f 2642 2559 2648
f 2559 2649 2648
f 2559 2564 2649
f 2643 2566 2563
f 2643 2650 2566
f 2643 2645 2650
f 2645 2647 2651
f 2645 2651 2650
f 2568 2649 2564
f 2568 2652 2649
f 2653 2570 2650
f 2650 2570 2566
f 2650 2651 2654
f 2650 2654 2653
f 2656 2652 2655
f 2652 2571 2655
f 2652 2568 2571
f 2653 2572 2570
f 2573 2572 2653
f 2654 2573 2653
f 2657 2573 2654
f 2656 2655 2658
f 2656 2658 2659
f 2574 2658 2571
f 2571 2658 2655
f 2657 2575 2573
f 2660 2575 2657
f 2659 2658 2576
f 2577 2659 2576
f 2661 2659 2577
f 2576 2658 2574
f 2662 2578 2579
f 2580 2663 2579
f 2579 2663 2662
f 2663 2580 2741
f 2580 2664 2741
f 2580 2581 2664
f 2581 2582 2664
f 2664 2582 2665
f 2666 2583 2584
f 2666 2584 2742
f 2584 2667 2742
f 2584 2585 2667
f 2585 2575 2660
f 2585 2660 2667
f 2588 2661 2577
f 2588 2668 2661
f 2669 2586 2662
f 2662 2586 2578
f 2669 2663 2670
f 2662 2663 2669
f 2670 2663 2741
f 2671 2665 2582
f 2671 2582 2587
f 2587 2583 2666
f 2671 2587 2666
f 2589 2675 2588
f 2675 2668 2588
f 2672 2590 2669
f 2669 2590 2586
f 2669 2670 2673
f 2672 2669 2673
f 2589 2591 2675
f 2677 2676 2672
f 2676 2590 2672
f 2676 2593 2590
f 2677 2672 2673
f 2677 2673 2678
f 2678 2673 2674
f 2595 2679 2591
f 2681 2680 2592
f 2593 2681 2592
f 2676 2681 2593
f 2683 2595 2682
f 2683 2679 2595
f 2685 2684 2598
f 2598 2684 2597
f 2686 2598 2680
f 2685 2598 2686
f 2686 2680 2681
f 2599 2682 2596
f 2599 2600 2682
f 2600 2683 2682
f 2600 2687 2683
f 2601 2597 2688
f 2597 2684 2688
f 2688 2602 2601
f 2604 2687 2600
f 2604 2689 2687
f 2688 2691 2690
f 2688 2690 2605
f 2602 2688 2605
f 2690 2606 2605
f 2609 2689 2604
f 2609 2692 2689
f 2691 2693 2690
f 2690 2693 2606
f 2693 2610 2606
f 2693 2694 2610
f 2610 2695 2611
f 2694 2695 2610
f 2611 2696 2612
f 2695 2696 2611
f 2612 2697 2614
f 2696 2697 2612
f 2616 2699 2615
f 2699 2609 2615
f 2699 2692 2609
f 2697 2617 2614
f 2618 2617 2697
f 2698 2618 2697
f 2700 2618 2698
f 2702 2619 2701
f 2616 2702 2699
f 2702 2780 2699
f 2700 2703 2618
f 2618 2703 2620
f 2620 2704 2621
f 2703 2704 2620
f 2622 2704 2701
f 2622 2621 2704
f 2622 2701 2619
f 2623 2706 2705
f 2624 2707 2623
f 2623 2707 2706
f 2626 2707 2624
f 2629 2708 2627
f 2633 2705 2635
f 2705 2709 2635
f 2705 2706 2709
f 2707 2711 2710
f 2709 2707 2710
f 2706 2707 2709
f 2713 2711 2712
f 2712 2711 2636
f 2711 2707 2636
f 2707 2626 2636
f 2627 2708 2636
f 2708 2712 2636
f 2708 2715 2712
f 2715 2708 2629
f 2714 2715 2629
f 2637 2714 2629
f 2716 2637 2638
f 2716 2714 2637
f 2638 2641 2716
f 2716 2641 2717
f 2709 2639 2635
f 2719 2718 2640
f 2719 2640 2639
f 2710 2719 2639
f 2709 2710 2639
f 2718 2719 2713
f 2712 2718 2713
f 2720 2718 2712
f 2715 2722 2721
f 2720 2715 2721
f 2712 2715 2720
f 2724 2641 2723
f 2717 2641 2724
f 2642 2723 2641
f 2718 2644 2640
f 2644 2718 2646
f 2646 2718 2720
f 2647 2646 2720
f 2721 2647 2720
f 2725 2647 2721
f 2726 2724 2723
f 2728 2726 2727
f 2727 2726 2648
f 2726 2723 2648
f 2723 2642 2648
f 2649 2727 2648
f 2725 2651 2647
f 2729 2651 2725
f 2728 2727 2730
f 2728 2730 2731
f 2652 2730 2649
f 2649 2730 2727
f 2732 2654 2729
f 2654 2651 2729
f 2733 2732 2729
f 2731 2730 2656
f 2734 2731 2656
f 2656 2730 2652
f 2735 2657 2732
f 2732 2657 2654
f 2732 2733 2736
f 2732 2736 2735
f 2659 2734 2656
f 2659 2737 2734
f 2738 2660 2735
f 2735 2660 2657
f 2735 2736 2739
f 2735 2739 2738
f 2661 2737 2659
f 2661 2740 2737
f 2665 2741 2664
f 2743 2742 2667
f 2743 2667 2660
f 2744 2743 2660
f 2738 2744 2660
f 2744 2738 2739
f 2668 2740 2661
f 2668 2745 2740
f 2741 2746 2670
f 2746 2741 2665
f 2747 2746 2665
f 2671 2747 2665
f 2823 2746 2747
f 2748 2671 2666
f 2748 2747 2671
f 2749 2666 2742
f 2748 2666 2749
f 2749 2742 2743
f 2675 2745 2668
f 2675 2750 2745
f 2673 2670 2674
f 2674 2670 2746
f 2751 2752 2674
f 2823 2751 2674
f 2746 2823 2674
f 2591 2753 2675
f 2753 2750 2675
f 2754 2676 2677
f 2754 2677 2831
f 2677 2755 2831
f 2677 2678 2755
f 2674 2755 2678
f 2756 2674 2752
f 2758 2757 2591
f 2679 2758 2591
f 2591 2757 2753
f 2759 2681 2754
f 2754 2681 2676
f 2754 2831 2837
f 2754 2837 2759
f 2683 2758 2679
f 2683 2760 2758
f 2761 2684 2685
f 2686 2762 2685
f 2685 2762 2761
f 2681 2759 2686
f 2759 2762 2686
f 2759 2763 2762
f 2759 2837 2764
f 2759 2764 2763
f 2687 2760 2683
f 2687 2765 2760
f 2766 2688 2761
f 2761 2688 2684
f 2767 2761 2762
f 2766 2761 2767
f 2768 2762 2763
f 2767 2762 2768
f 2763 2764 2769
f 2763 2769 2768
f 2689 2765 2687
f 2689 2770 2765
f 2688 2766 2691
f 2766 2771 2691
f 2766 2767 2771
f 2768 2773 2772
f 2771 2768 2772
f 2767 2768 2771
f 2773 2768 2769
f 2692 2770 2689
f 2692 2774 2770
f 2771 2693 2691
f 2772 2775 2771
f 2775 2693 2771
f 2775 2694 2693
f 2694 2776 2695
f 2775 2776 2694
f 2695 2777 2696
f 2776 2777 2695
f 2777 2779 2778
f 2697 2777 2778
f 2696 2777 2697
f 2778 2698 2697
f 2782 2781 2780
f 2781 2774 2780
f 2774 2699 2780
f 2774 2692 2699
f 2779 2783 2778
f 2700 2698 2778
f 2784 2700 2778
f 2783 2784 2778
f 2700 2784 2785
f 2786 2785 2784
f 2701 2787 2788
f 2789 2701 2788
f 2702 2701 2789
f 2780 2789 2782
f 2780 2702 2789
f 2703 2700 2785
f 2703 2785 2704
f 2786 2704 2785
f 2704 2786 2792
f 2790 2792 2786
f 2792 2790 2791
f 2792 2793 2704
f 2704 2793 2701
f 2793 2794 2701
f 2794 2787 2701
f 2787 2794 2788
f 2792 2791 2795
f 2792 2795 2793
f 2796 2710 2711
f 2713 2796 2711
f 2797 2715 2714
f 2716 2798 2714
f 2714 2798 2797
f 2717 2798 2716
f 2796 2719 2710
f 2719 2796 2713
f 2799 2721 2722
f 2715 2797 2722
f 2797 2799 2722
f 2797 2800 2799
f 2800 2798 2801
f 2797 2798 2800
f 2798 2717 2801
f 2717 2724 2801
f 2803 2802 2799
f 2802 2721 2799
f 2802 2725 2721
f 2799 2804 2803
f 2800 2804 2799
f 2800 2801 2805
f 2800 2805 2804
f 2724 2726 2806
f 2807 2724 2806
f 2801 2724 2807
f 2728 2806 2726
f 2802 2729 2725
f 2808 2729 2802
f 2809 2803 2804
f 2809 2804 2805
f 2807 2806 2810
f 2807 2810 2811
f 2731 2810 2728
f 2728 2810 2806
f 2808 2812 2729
f 2733 2729 2812
f 2733 2812 2813
f 2873 2811 2810
f 2810 2731 2873
f 2731 2814 2873
f 2731 2734 2814
f 2813 2736 2733
f 2815 2736 2813
f 2737 2814 2734
f 2737 2816 2814
f 2818 2739 2817
f 2739 2815 2817
f 2739 2736 2815
f 2740 2816 2737
f 2740 2822 2816
f 2819 2743 2744
f 2820 2819 2744
f 2820 2744 2739
f 2821 2820 2739
f 2818 2821 2739
f 2745 2822 2740
f 2748 2824 2747
f 2747 2824 2823
f 2824 2748 2885
f 2748 2825 2885
f 2748 2749 2825
f 2749 2743 2819
f 2826 2749 2819
f 2825 2749 2826
f 2826 2819 2820
f 2750 2822 2745
f 2750 2827 2822
f 2751 2823 2752
f 2823 2828 2752
f 2823 2824 2828
f 2824 2885 2829
f 2824 2829 2828
f 2753 2827 2750
f 2753 2830 2827
f 2831 2755 2832
f 2755 2674 2832
f 2832 2756 2833
f 2832 2674 2756
f 2834 2833 2756
f 2834 2756 2752
f 2835 2834 2752
f 2828 2835 2752
f 2835 2828 2829
f 2842 2836 2757
f 2842 2757 2758
f 2753 2757 2830
f 2830 2757 2836
f 2831 2832 2838
f 2831 2838 2837
f 2832 2833 2839
f 2832 2839 2840
f 2833 2834 2841
f 2833 2841 2839
f 2760 2843 2842
f 2758 2760 2842
f 2843 2844 2842
f 2845 2764 2837
f 2837 2838 2904
f 2837 2904 2845
f 2840 2839 2846
f 2839 2841 2846
f 2765 2843 2760
f 2844 2843 2847
f 2847 2843 2765
f 2848 2769 2845
f 2845 2769 2764
f 2845 2904 2849
f 2845 2849 2848
f 2847 2765 2850
f 2850 2765 2770
f 2769 2848 2773
f 2848 2851 2773
f 2848 2849 2913
f 2848 2913 2851
f 2774 2852 2770
f 2850 2770 2852
f 2773 2775 2772
f 2775 2773 2776
f 2776 2773 2851
f 2913 2853 2851
f 2853 2776 2851
f 2853 2777 2776
f 2779 2777 2853
f 2779 2853 2854
f 2856 2855 2781
f 2856 2781 2782
f 2774 2781 2852
f 2781 2857 2852
f 2781 2855 2857
f 2779 2854 2783
f 2783 2858 2784
f 2854 2858 2783
f 2786 2784 2858
f 2786 2858 2859
f 2861 2860 2789
f 2861 2789 2788
f 2782 2789 2856
f 2856 2789 2860
f 2862 2791 2790
f 2928 2862 2790
f 2786 2928 2790
f 2859 2928 2786
f 2793 2863 2794
f 2863 2864 2794
f 2864 2788 2794
f 2864 2861 2788
f 2928 2865 2862
f 2865 2791 2862
f 2865 2795 2791
f 2793 2795 2863
f 2795 2866 2863
f 2795 2865 2866
f 2863 2866 2864
f 2867 2805 2801
f 2807 2867 2801
f 2868 2808 2803
f 2803 2808 2802
f 2809 2869 2803
f 2869 2868 2803
f 2805 2867 2809
f 2867 2869 2809
f 2867 2870 2869
f 2811 2870 2807
f 2807 2870 2867
f 2868 2812 2808
f 2812 2868 2813
f 2868 2871 2813
f 2868 2869 2871
f 2870 2874 2872
f 2871 2870 2872
f 2869 2870 2871
f 2874 2870 2873
f 2870 2811 2873
f 2876 2875 2871
f 2875 2813 2871
f 2875 2815 2813
f 2876 2871 2872
f 2877 2874 2873
f 2873 2814 2877
f 2814 2878 2877
f 2814 2816 2878
f 2815 2875 2817
f 2818 2817 2875
f 2818 2875 2879
f 2822 2878 2816
f 2822 2880 2878
f 2820 2821 2881
f 2821 2882 2881
f 2821 2883 2882
f 2821 2818 2879
f 2821 2879 2883
f 2822 2884 2880
f 2825 2826 2885
f 2886 2885 2826
f 2887 2881 2882
f 2887 2820 2881
f 2887 2886 2826
f 2820 2887 2826
f 2827 2884 2822
f 2827 2888 2884
f 2889 2829 2885
f 2890 2885 2886
f 2889 2885 2890
f 2886 2887 2891
f 2886 2891 2890
f 2830 2888 2827
f 2830 2892 2888
f 2893 2834 2835
f 2829 2889 2835
f 2889 2893 2835
f 2889 2894 2893
f 2895 2889 2890
f 2894 2889 2895
f 2890 2891 2896
f 2890 2896 2895
f 2897 2836 2842
f 2830 2836 2892
f 2892 2836 2897
f 2840 2838 2832
f 2898 2841 2893
f 2893 2841 2834
f 2899 2893 2894
f 2898 2893 2899
f 2900 2894 2895
f 2899 2894 2900
f 2895 2896 2901
f 2895 2901 2900
f 2902 2897 2842
f 2842 2844 2902
f 2902 2844 2903
f 2846 2904 2840
f 2840 2904 2838
f 2905 2952 2898
f 2952 2841 2898
f 2952 2846 2841
f 2898 2906 2905
f 2899 2906 2898
f 2899 2900 2906
f 2847 2903 2844
f 2847 2907 2903
f 2908 2849 2904
f 2909 2904 2846
f 2909 2908 2904
f 2910 2909 2846
f 2952 2910 2846
f 2911 2905 2906
f 2850 2907 2847
f 2850 2912 2907
f 2908 2913 2849
f 2914 2908 2909
f 2913 2908 2914
f 2909 2910 2915
f 2909 2915 2914
f 2852 2912 2850
f 2852 2916 2912
f 2853 2913 2854
f 2913 2917 2854
f 2913 2914 2917
f 2914 2915 2918
f 2919 2914 2918
f 2917 2914 2919
f 2920 2919 2918
f 2922 2921 2855
f 2922 2855 2856
f 2855 2923 2857
f 2921 2923 2855
f 2852 2857 2916
f 2916 2857 2923
f 2854 2917 2858
f 2858 2917 2919
f 2859 2858 2919
f 2920 2859 2919
f 2924 2859 2920
f 2926 2925 2860
f 2926 2860 2861
f 2856 2860 2922
f 2922 2860 2925
f 2928 2924 2927
f 2928 2859 2924
f 2929 2928 2927
f 2864 2926 2861
f 2864 2929 2926
f 2929 2865 2928
f 2929 2866 2865
f 2864 2866 2929
f 2930 2872 2874
f 2872 2930 2876
f 2930 2931 2876
f 2877 2932 2874
f 2932 2930 2874
f 2932 2931 2930
f 2878 2932 2877
f 2875 2876 2879
f 2876 2933 2879
f 2876 2931 2933
f 2934 2931 2932
f 2933 2931 2934
f 2880 2934 2878
f 2878 2934 2932
f 2935 2882 2936
f 2882 2937 2936
f 2882 2883 2937
f 2937 2883 2879
f 2938 2937 2879
f 2933 2938 2879
f 2937 2938 2939
f 2940 2933 2934
f 2938 2933 2940
f 2884 2940 2880
f 2880 2940 2934
f 2887 2882 2935
f 2936 2887 2935
f 2941 2887 2936
f 2943 2942 2938
f 2940 2943 2938
f 2888 2943 2884
f 2884 2943 2940
f 2941 2891 2887
f 2944 2891 2941
f 2942 2943 2945
f 2942 2945 2946
f 2892 2945 2888
f 2888 2945 2943
f 2944 2896 2891
f 2947 2896 2944
f 2946 2945 2897
f 2948 2946 2897
f 2897 2945 2892
f 2947 2901 2896
f 2949 2901 2947
f 2950 2948 2897
f 2950 2897 2902
f 2902 2903 2950
f 2950 2903 2951
f 2953 2906 2900
f 2954 2953 2900
f 2901 2954 2900
f 2949 2954 2901
f 2907 2951 2903
f 2907 2955 2951
f 2956 2910 2952
f 2911 2957 2905
f 2957 2952 2905
f 2957 2956 2952
f 2906 2953 2911
f 2953 2957 2911
f 2953 2958 2957
f 2953 2954 2959
f 2953 2959 2958
f 2912 2955 2907
f 2912 2960 2955
f 2961 2915 2956
f 2956 2915 2910
f 2962 2956 2957
f 2961 2956 2962
f 2963 2957 2958
f 2962 2957 2963
f 2958 2959 2964
f 2958 2964 2963
f 2916 2960 2912
f 2916 2965 2960
f 2961 2918 2915
f 2918 2961 2920
f 2961 2966 2920
f 2961 2962 2966
f 2967 2962 2963
f 2966 2962 2967
f 2963 2964 2968
f 2963 2968 2967
f 2970 2969 2921
f 2970 2921 2922
f 2921 2971 2923
f 2969 2971 2921
f 2916 2923 2965
f 2965 2923 2971
f 2972 2924 2966
f 2966 2924 2920
f 2973 2966 2967
f 2972 2966 2973
f 2968 2925 2926
f 2967 2968 2926
f 2973 2967 2926
f 2922 2925 2970
f 2970 2925 2968
f 2972 2927 2924
f 2927 2972 2929
f 2972 2973 2929
f 2926 2929 2973
f 2939 2936 2937
f 2974 2941 2939
f 2939 2941 2936
f 2938 2975 2939
f 2975 2974 2939
f 2942 2975 2938
f 2976 2944 2974
f 2974 2944 2941
f 2977 2974 2975
f 2976 2974 2977
f 2946 2977 2942
f 2942 2977 2975
f 2978 2947 2976
f 2976 2947 2944
f 2978 2977 2995
f 2976 2977 2978
f 2977 2946 2995
f 2946 2979 2995
f 2946 2948 2979
f 2980 2949 2978
f 2978 2949 2947
f 2978 2995 2981
f 2978 2981 2980
f 2982 2979 2948
f 2982 2948 2950
f 2950 2951 2982
f 2982 2951 2983
f 2984 2954 2980
f 2980 2954 2949
f 2980 2981 2985
f 2980 2985 2984
f 2955 2983 2951
f 2955 2986 2983
f 2987 2959 2984
f 2984 2959 2954
f 2984 2985 2988
f 2984 2988 2987
f 2991 2990 2989
f 2990 2986 2989
f 2986 2960 2989
f 2986 2955 2960
f 2992 2964 2987
f 2987 2964 2959
f 2987 2988 2994
f 2987 2994 2992
f 2991 2989 2993
f 2991 2993 2994
f 2965 2993 2960
f 2960 2993 2989
f 2992 2968 2964
f 2994 2969 2970
f 2992 2994 2970
f 2968 2992 2970
f 2993 2971 2994
f 2971 2969 2994
f 2971 2993 2965
f 2996 2981 2995
f 2982 2997 2979
f 2997 2995 2979
f 2997 2996 2995
f 2983 2997 2982
f 2998 2985 2996
f 2996 2985 2981
f 2999 2996 2997
f 2998 2996 2999
f 2986 2999 2983
f 2983 2999 2997
f 3000 2988 2998
f 2998 2988 2985
f 2991 3000 2990
f 3000 2999 2990
f 3000 2998 2999
f 2990 2999 2986
f 3000 2994 2988
f 2991 2994 3000
