v 8.9 56.0 -27.0
v 8.8 57.0 -27.0
v 8.8 57.0 -26.0
v 8.9 58.0 -26.0
v 9.9 14.0 -25.0
v 9.7 14.9 -26.0
v 10.0 15.0 -26.3
v 9.6 15.0 -25.0
v 9.8 16.0 -27.0
v 10.0 16.0 -27.2
v 9.5 16.0 -26.0
v 9.7 16.0 -25.0
v 10.0 17.0 -28.0
v 9.7 17.0 -26.0
v 9.7 17.0 -27.0
v 9.7 55.0 -27.0
v 9.9 54.8 -27.1
v 10.0 54.6 -26.0
v 9.6 55.0 -26.0
v 9.9 55.0 -25.0
v 9.8 55.9 -28.2
v 10.0 56.0 -28.4
v 9.4 56.0 -26.0
v 9.6 57.0 -28.0
v 10.0 57.8 -28.4
v 10.1 56.0 -25.0
v 9.9 57.0 -24.7
v 9.7 58.0 -28.0
v 9.3 58.0 -27.0
v 9.9 58.0 -24.7
v 9.6 59.0 -27.0
v 9.7 59.0 -26.0
v 10.0 59.4 -27.0
v 10.5 14.0 -26.0
v 11.0 14.0 -26.7
v 11.0 13.3 -26.0
v 11.0 13.4 -25.0
v 11.0 13.8 -24.0
v 10.9 14.0 -23.8
v 11.0 15.0 -26.7
v 10.5 15.0 -24.0
v 11.0 15.0 -23.4
v 11.1 15.9 -27.4
v 10.4 16.0 -24.0
v 11.0 17.0 -28.3
v 10.3 17.0 -25.0
v 10.6 17.2 -24.2
v 11.0 16.0 -22.9
v 10.6 18.0 -28.0
v 11.0 18.0 -28.4
v 10.4 18.0 -27.0
v 10.4 18.0 -26.0
v 10.8 19.0 -28.0
v 11.0 19.1 -28.1
v 10.6 19.0 -27.0
v 10.7 19.0 -26.0
v 11.0 17.8 -24.3
v 11.0 19.4 -27.0
v 10.9 51.0 -25.0
v 10.8 52.0 -26.0
v 10.9 51.9 -26.2
v 10.6 52.0 -25.0
v 11.0 52.0 -24.5
v 11.0 53.0 -26.4
v 10.6 53.0 -25.0
v 10.5 54.0 -26.0
v 10.4 54.0 -25.0
v 11.3 53.0 -24.0
v 10.7 54.0 -24.0
v 10.6 55.0 -28.0
v 11.0 55.0 -28.8
v 11.0 54.8 -28.0
v 11.0 54.3 -27.0
v 11.3 55.0 -23.0
v 10.6 55.0 -24.0
v 10.7 56.0 -23.0
v 11.0 57.0 -28.4
v 10.4 57.0 -24.0
v 10.6 57.1 -23.0
v 11.0 58.0 -28.3
v 10.4 58.0 -24.0
v 10.8 58.0 -22.9
v 10.0 59.0 -28.0
v 11.0 59.0 -27.6
v 10.3 59.0 -25.0
v 10.7 59.0 -24.0
v 10.6 60.0 -26.0
v 10.8 60.0 -25.0
v 11.0 59.2 -23.8
v 11.0 60.3 -26.0
v 11.0 60.2 -25.0
v 11.7 13.0 -25.0
v 12.0 13.0 -25.3
v 12.0 12.8 -25.0
v 12.0 13.0 -24.8
v 12.0 13.5 -24.0
v 12.0 15.0 -26.6
v 12.0 14.0 -23.4
v 12.0 15.0 -22.6
v 12.0 16.0 -27.5
v 12.0 15.5 -27.0
v 12.0 16.0 -22.5
v 12.0 17.0 -28.3
v 12.0 17.0 -22.7
v 12.0 18.0 -28.5
v 11.0 17.0 -23.6
v 11.6 17.0 -23.0
v 12.0 19.0 -28.4
v 12.4 19.0 -24.0
v 12.0 19.6 -28.0
v 11.6 20.0 -27.0
v 12.0 20.0 -27.5
v 11.5 20.0 -26.0
v 12.2 20.0 -25.1
v 12.0 20.4 -27.0
v 11.8 21.0 -26.0
v 12.0 21.0 -26.3
v 11.8 22.0 -26.0
v 12.0 22.0 -26.2
v 12.0 23.0 -26.2
v 11.8 23.0 -26.0
v 11.9 23.0 -25.0
v 11.8 26.0 -27.0
v 11.8 26.0 -26.0
v 12.5 26.0 -25.0
v 11.6 27.0 -27.0
v 12.1 27.0 -27.7
v 11.6 27.1 -26.0
v 11.7 28.0 -28.1
v 11.5 28.0 -27.0
v 11.6 29.0 -28.0
v 12.0 29.0 -28.4
v 11.7 29.0 -27.0
v 11.7 28.0 -26.0
v 11.9 30.0 -28.0
v 11.9 42.0 -27.0
v 12.0 42.0 -26.0
v 11.6 44.0 -28.0
v 12.0 44.0 -29.0
v 12.0 43.5 -28.0
v 12.2 43.0 -27.0
v 11.6 44.0 -27.0
v 11.7 44.0 -26.0
v 12.5 44.0 -25.0
v 12.0 45.0 -29.1
v 11.2 45.0 -28.0
v 11.6 45.0 -27.0
v 12.0 45.5 -28.0
v 12.0 45.5 -27.0
v 11.8 45.0 -26.0
v 11.9 47.0 -25.0
v 11.7 48.0 -26.0
v 12.3 47.0 -26.0
v 11.7 48.0 -24.0
v 11.7 49.0 -26.0
v 11.5 48.0 -25.0
v 11.6 49.0 -24.0
v 12.1 50.0 -26.0
v 11.5 50.0 -25.0
v 12.3 49.0 -23.0
v 11.7 50.0 -23.0
v 11.5 51.0 -26.0
v 12.0 51.0 -26.4
v 11.6 51.0 -23.0
v 11.4 51.0 -24.0
v 11.5 52.2 -23.3
v 12.3 51.0 -22.0
v 11.7 52.0 -22.0
v 12.3 52.0 -21.0
v 12.0 53.0 -27.3
v 11.5 53.0 -22.0
v 11.9 53.0 -21.0
v 11.3 54.0 -27.0
v 11.4 54.0 -23.0
v 11.6 54.0 -22.0
v 11.3 55.0 -28.0
v 12.0 55.0 -27.5
v 11.4 56.0 -22.0
v 12.1 54.0 -21.0
v 11.6 55.0 -21.0
v 11.6 55.0 -20.1
v 11.0 56.0 -29.0
v 12.0 56.0 -27.0
v 11.6 56.0 -20.0
v 12.3 56.0 -19.0
v 11.8 55.0 -19.0
v 11.5 57.0 -28.0
v 12.0 57.0 -27.4
v 11.4 57.1 -22.0
v 11.6 57.0 -20.0
v 12.0 57.0 -19.5
v 12.0 58.0 -27.6
v 11.5 58.0 -22.0
v 11.8 58.0 -20.0
v 12.0 58.0 -19.8
v 12.0 59.1 -22.7
v 12.0 58.5 -22.0
v 12.0 58.2 -20.0
v 11.0 60.1 -27.0
v 12.0 60.3 -26.0
v 12.0 60.5 -25.0
v 12.0 60.2 -24.0
v 13.0 11.0 -25.0
v 12.7 11.9 -26.0
v 13.0 12.0 -26.3
v 12.6 12.0 -25.0
v 13.0 12.0 -24.6
v 12.4 13.0 -26.0
v 13.0 13.0 -26.4
v 13.0 13.0 -24.2
v 12.0 14.0 -26.0
v 13.0 14.0 -26.5
v 13.0 13.2 -24.0
v 12.7 14.0 -22.8
v 13.0 15.0 -26.7
v 12.9 15.0 -21.9
v 13.0 16.0 -22.2
v 13.0 17.0 -22.4
v 13.0 17.0 -27.7
v 13.3 19.0 -23.1
v 12.9 18.0 -22.7
v 13.0 20.0 -28.2
v 12.7 19.9 -23.9
v 13.0 20.6 -28.0
v 13.0 21.0 -26.9
v 12.5 21.0 -25.0
v 13.3 21.0 -24.0
v 13.0 22.0 -26.6
v 12.4 22.0 -25.0
v 13.0 22.0 -24.4
v 13.0 23.0 -24.3
v 12.5 24.0 -26.0
v 12.4 24.0 -25.0
v 13.0 23.5 -24.0
v 12.8 24.1 -23.9
v 12.6 25.0 -27.0
v 12.4 25.0 -26.0
v 12.5 25.0 -25.0
v 12.7 25.0 -24.0
v 12.9 26.0 -28.3
v 13.0 25.0 -23.7
v 13.0 27.0 -28.6
v 13.4 27.2 -24.0
v 13.0 28.0 -29.2
v 13.4 28.0 -24.1
v 13.0 29.0 -29.3
v 12.4 29.0 -26.0
v 13.3 29.0 -25.0
v 12.6 30.0 -29.0
v 13.0 30.0 -29.3
v 12.3 30.0 -27.0
v 12.7 30.0 -26.0
v 13.0 31.0 -29.2
v 13.4 31.0 -26.0
v 12.8 31.0 -29.0
v 12.6 31.0 -28.0
v 12.7 31.0 -27.0
v 12.9 38.0 -27.0
v 12.7 38.9 -27.0
v 12.7 38.9 -26.1
v 12.6 40.0 -27.0
v 13.2 40.0 -27.8
v 12.5 40.0 -26.0
v 13.3 39.0 -25.0
v 12.7 40.0 -25.0
v 12.8 41.0 -28.0
v 13.0 41.0 -28.2
v 12.4 41.0 -27.0
v 12.4 41.0 -26.0
v 12.7 41.0 -25.0
v 12.6 42.0 -28.0
v 13.0 42.0 -28.4
v 13.0 41.7 -25.0
v 13.1 42.0 -25.0
v 12.5 43.0 -28.0
v 13.0 43.0 -28.4
v 12.3 43.0 -26.0
v 13.0 42.3 -25.0
v 12.7 43.0 -25.0
v 13.4 43.1 -24.0
v 13.0 44.0 -28.6
v 13.3 44.0 -24.0
v 12.1 45.0 -29.0
v 13.0 45.0 -28.6
v 12.4 45.0 -25.0
v 12.7 45.0 -24.0
v 13.0 46.0 -28.6
v 12.6 46.0 -28.0
v 12.4 46.0 -27.0
v 12.4 46.0 -26.0
v 12.4 46.0 -25.0
v 12.6 45.9 -24.0
v 13.0 46.3 -28.0
v 12.6 47.0 -27.0
v 13.0 47.0 -27.5
v 12.4 47.0 -24.0
v 12.9 47.0 -22.0
v 13.1 47.0 -23.0
v 12.5 48.0 -27.0
v 13.0 48.0 -27.4
v 12.5 48.0 -23.0
v 12.5 48.0 -22.0
v 12.7 48.0 -21.0
v 12.6 49.0 -27.0
v 13.0 49.0 -27.4
v 12.5 49.0 -22.0
v 12.6 49.0 -21.0
v 13.0 50.0 -27.3
v 12.4 50.0 -22.0
v 12.6 50.0 -21.0
v 13.3 50.0 -20.0
v 12.7 51.0 -27.0
v 12.7 51.0 -20.0
v 12.2 51.9 -26.8
v 12.5 52.0 -20.0
v 13.3 51.0 -19.0
v 12.6 52.0 -19.0
v 12.7 52.0 -18.0
v 13.3 52.0 -17.0
v 12.4 53.0 -20.0
v 12.5 53.0 -19.0
v 12.4 53.0 -18.0
v 12.7 53.0 -17.0
v 13.0 54.0 -27.4
v 12.4 54.0 -20.0
v 12.3 54.0 -19.0
v 12.0 54.0 -18.0
v 12.5 54.0 -17.0
v 13.0 55.0 -27.2
v 12.3 55.0 -18.0
v 12.6 55.0 -17.0
v 13.4 54.0 -16.0
v 13.0 56.0 -26.5
v 12.6 56.0 -17.0
v 13.3 56.0 -16.2
v 13.0 57.0 -26.7
v 12.5 57.0 -19.0
v 12.8 57.0 -17.0
v 13.0 57.5 -19.0
v 13.0 58.0 -19.7
v 13.0 57.2 -17.0
v 12.0 59.1 -27.3
v 13.0 59.0 -26.6
v 13.0 58.6 -22.0
v 13.0 58.3 -20.1
v 12.0 60.0 -26.4
v 13.0 60.0 -25.6
v 13.0 59.8 -23.3
v 13.0 60.4 -25.0
v 13.0 60.4 -24.0
v 14.0 10.0 -25.0
v 13.9 10.6 -26.0
v 14.0 11.0 -26.4
v 14.0 11.0 -24.5
v 14.0 12.0 -26.9
v 14.0 12.0 -23.7
v 14.0 13.0 -23.3
v 14.0 14.0 -27.3
v 14.1 13.3 -23.0
v 13.0 13.7 -23.0
v 14.4 14.1 -21.1
v 13.9 15.0 -27.3
v 13.7 15.0 -21.0
v 14.0 15.0 -20.7
v 13.0 16.0 -27.3
v 13.2 15.9 -22.0
v 14.0 16.0 -20.7
v 14.0 16.0 -26.9
v 13.6 17.0 -22.0
v 13.8 16.0 -21.0
v 13.0 18.0 -28.3
v 14.0 18.0 -27.5
v 14.0 18.0 -22.3
v 13.0 18.9 -28.4
v 14.0 19.6 -27.6
v 14.0 19.0 -22.6
v 13.3 20.0 -28.0
v 13.5 20.0 -23.0
v 14.0 20.0 -22.5
v 14.0 21.0 -27.5
v 14.0 21.9 -27.4
v 13.4 22.0 -24.0
v 13.6 21.8 -23.0
v 14.1 21.4 -22.5
v 13.0 23.2 -26.6
v 14.0 23.0 -27.5
v 13.3 23.0 -24.0
v 13.7 23.0 -23.0
v 13.0 24.0 -26.7
v 14.0 23.7 -23.0
v 13.4 25.0 -28.0
v 14.0 25.0 -29.0
v 14.0 24.4 -28.0
v 14.1 24.0 -23.1
v 13.7 25.0 -22.9
v 13.7 26.0 -29.0
v 14.0 26.0 -29.2
v 13.3 26.0 -24.0
v 14.0 26.0 -22.5
v 14.0 27.0 -29.2
v 13.6 26.8 -23.0
v 14.0 28.0 -29.2
v 13.7 28.0 -23.0
v 13.9 29.0 -28.8
v 13.6 29.0 -24.0
v 14.3 29.0 -23.0
v 14.0 30.0 -29.2
v 13.5 30.0 -25.0
v 14.0 31.0 -29.3
v 14.2 31.0 -25.0
v 13.8 30.0 -24.0
v 13.7 32.0 -29.0
v 13.4 32.0 -28.0
v 13.4 32.0 -27.0
v 13.6 32.0 -26.0
v 14.4 32.0 -25.0
v 13.8 33.1 -29.0
v 13.5 33.1 -28.0
v 13.5 33.0 -27.1
v 13.6 33.6 -26.0
v 13.9 35.1 -29.0
v 13.6 35.0 -28.1
v 13.5 35.5 -26.9
v 13.6 35.0 -26.0
v 14.3 35.0 -25.0
v 13.7 36.0 -25.0
v 13.8 37.0 -29.0
v 13.4 37.0 -27.0
v 13.5 37.4 -25.5
v 13.6 37.0 -25.0
v 13.5 38.0 -28.0
v 13.3 38.0 -26.0
v 14.3 37.0 -24.0
v 13.7 38.0 -24.0
v 13.5 39.0 -28.0
v 14.0 39.0 -28.5
v 13.6 39.0 -24.0
v 14.0 40.0 -28.4
v 13.5 40.0 -24.0
v 13.9 39.2 -23.6
v 14.0 41.5 -28.5
v 13.5 41.0 -24.0
v 13.6 42.0 -24.0
v 14.0 43.0 -28.4
v 13.7 43.0 -23.0
v 14.3 42.0 -23.0
v 14.0 43.0 -19.0
v 13.5 44.5 -22.5
v 13.7 44.0 -22.0
v 13.8 44.0 -19.0
v 14.0 45.0 -28.3
v 13.4 45.0 -23.0
v 13.6 45.0 -21.0
v 13.6 45.0 -20.0
v 13.6 45.0 -19.0
v 14.3 45.0 -18.0
v 13.8 45.7 -28.0
v 14.0 46.0 -27.7
v 13.4 46.0 -23.0
v 13.4 46.0 -22.0
v 13.5 46.4 -19.0
v 13.7 46.0 -18.0
v 14.0 47.0 -27.5
v 13.3 47.0 -21.0
v 13.5 46.5 -20.5
v 13.7 47.0 -18.0
v 14.0 48.0 -27.8
v 13.4 48.0 -20.0
v 13.6 48.0 -19.0
v 14.3 48.0 -18.0
v 14.0 49.0 -27.4
v 13.6 49.0 -19.0
v 13.7 49.9 -18.1
v 13.0 51.0 -27.3
v 14.0 51.0 -26.6
v 13.4 51.0 -18.0
v 13.6 52.0 -16.1
v 13.0 52.0 -27.2
v 14.3 51.0 -16.0
v 13.0 53.1 -27.4
v 13.5 53.0 -16.0
v 14.2 53.0 -15.2
v 13.4 54.0 -27.0
v 14.2 54.0 -26.2
v 13.2 55.0 -27.0
v 13.8 55.1 -25.8
v 13.5 55.0 -16.0
v 14.0 55.0 -15.5
v 14.0 54.0 -15.0
v 13.6 56.0 -26.0
v 14.0 56.0 -25.6
v 14.0 56.0 -15.6
v 14.0 57.0 -26.0
v 14.0 57.0 -15.8
v 13.1 58.0 -27.1
v 14.0 57.2 -26.0
v 13.7 58.0 -26.0
v 14.0 58.0 -25.0
v 14.0 57.7 -20.0
v 14.0 57.2 -16.0
v 14.0 58.8 -26.0
v 14.0 58.6 -22.0
v 14.0 58.4 -21.0
v 14.0 60.2 -25.1
v 14.0 59.5 -23.0
v 14.0 60.2 -24.0
v 15.0 9.9 -26.0
v 15.0 9.7 -25.0
v 15.0 10.0 -24.7
v 15.0 11.0 -26.5
v 15.1 11.0 -24.4
v 15.0 12.0 -26.7
v 15.1 11.5 -23.9
v 15.1 12.0 -23.5
v 14.0 13.0 -26.8
v 15.0 13.0 -27.3
v 15.0 12.6 -23.0
v 16.1 12.7 -21.9
v 15.0 14.0 -27.5
v 15.0 13.7 -21.0
v 15.0 14.0 -20.7
v 15.0 15.0 -27.4
v 15.0 15.0 -20.4
v 15.0 15.5 -27.0
v 15.0 16.0 -26.6
v 14.0 17.0 -27.3
v 15.0 17.0 -26.6
v 14.5 17.0 -21.0
v 15.0 17.0 -20.6
v 15.0 18.0 -26.8
v 14.3 18.0 -22.0
v 15.0 18.0 -20.8
v 15.0 19.0 -27.4
v 15.0 19.0 -22.0
v 14.8 18.0 -21.0
v 15.0 20.0 -27.5
v 14.9 20.0 -21.7
v 15.0 21.0 -27.5
v 15.0 21.0 -21.5
v 15.0 22.0 -27.6
v 15.0 23.0 -28.1
v 14.6 23.1 -21.9
v 14.1 24.0 -27.7
v 14.8 24.0 -21.9
v 15.1 25.0 -22.0
v 15.1 26.0 -28.3
v 14.5 26.0 -22.0
v 14.7 26.0 -21.0
v 14.3 26.0 -29.0
v 15.0 27.0 -27.8
v 14.4 27.0 -22.0
v 14.5 27.0 -21.0
v 14.2 28.0 -29.0
v 14.7 27.1 -28.0
v 14.4 28.0 -22.0
v 14.7 28.0 -20.9
v 14.9 27.0 -20.0
v 14.6 29.0 -28.0
v 15.0 28.7 -27.6
v 14.6 29.0 -22.0
v 15.3 29.0 -21.0
v 14.3 30.0 -29.0
v 14.8 30.0 -28.0
v 15.0 30.0 -27.8
v 14.4 30.0 -23.0
v 14.7 30.0 -22.0
v 14.4 31.0 -29.0
v 15.0 31.0 -28.5
v 14.4 31.0 -24.0
v 14.6 31.0 -23.0
v 15.3 31.0 -22.0
v 14.0 32.0 -29.2
v 15.0 32.0 -28.6
v 14.6 31.9 -23.0
v 15.0 33.0 -28.5
v 14.6 33.0 -23.0
v 14.2 34.0 -29.0
v 14.4 34.0 -25.0
v 14.6 34.0 -23.0
v 14.0 35.1 -29.1
v 14.9 35.0 -28.0
v 14.5 34.6 -24.2
v 14.5 35.4 -22.8
v 15.3 34.0 -22.0
v 14.7 35.0 -22.0
v 14.2 36.0 -29.0
v 15.0 36.0 -28.4
v 14.4 36.0 -24.0
v 14.0 37.0 -29.2
v 15.0 37.0 -28.6
v 14.5 37.0 -23.0
v 14.6 36.6 -22.0
v 14.0 38.0 -29.0
v 15.0 38.0 -28.6
v 14.4 38.0 -23.0
v 14.7 38.0 -22.0
v 14.5 39.0 -23.0
v 15.3 39.0 -22.0
v 15.0 40.0 -28.4
v 14.5 40.0 -22.9
v 15.0 42.0 -28.3
v 14.7 41.1 -22.0
v 14.7 42.0 -21.0
v 14.9 42.0 -18.0
v 14.9 43.0 -27.7
v 15.0 42.3 -20.0
v 14.5 43.0 -20.0
v 15.2 42.1 -19.0
v 14.4 43.0 -18.1
v 14.8 43.0 -17.0
v 14.0 43.9 -28.4
v 15.0 44.0 -27.5
v 14.3 44.0 -21.0
v 14.3 44.0 -20.0
v 15.0 43.0 -16.7
v 14.6 44.3 -17.0
v 14.5 46.0 -17.0
v 15.0 45.0 -16.5
v 14.6 47.0 -27.0
v 14.5 47.0 -17.0
v 14.7 47.9 -26.9
v 14.6 48.0 -17.0
v 14.7 49.1 -26.8
v 14.3 49.0 -18.0
v 15.3 48.0 -16.1
v 14.0 50.0 -27.3
v 14.7 49.2 -15.8
v 14.8 50.0 -14.9
v 15.0 51.0 -25.7
v 14.6 51.0 -15.0
v 14.0 52.0 -26.5
v 15.0 52.9 -25.6
v 14.5 52.0 -15.0
v 14.1 52.9 -26.4
v 15.0 52.9 -14.6
v 15.0 54.0 -25.5
v 15.0 54.0 -14.6
v 15.0 55.0 -15.2
v 14.6 56.0 -25.0
v 15.0 56.0 -24.6
v 15.0 56.0 -15.4
v 14.5 57.0 -25.0
v 15.0 57.0 -24.5
v 15.0 58.0 -23.9
v 15.0 57.6 -20.0
v 14.7 57.5 -19.0
v 14.0 57.5 -18.0
v 14.0 57.5 -17.0
v 15.0 57.4 -16.0
v 14.0 59.0 -26.1
v 15.0 59.0 -25.0
v 15.0 58.5 -22.0
v 15.0 59.0 -22.6
v 15.0 58.3 -21.0
v 14.3 60.0 -25.0
v 15.0 59.3 -24.0
v 15.0 59.3 -23.0
v 16.0 9.9 -25.0
v 16.0 11.0 -26.5
v 16.0 10.3 -26.0
v 16.0 13.0 -27.4
v 16.2 12.4 -23.0
v 16.0 13.4 -21.0
v 16.0 14.0 -20.4
v 16.0 15.0 -19.9
v 16.0 16.0 -26.7
v 16.0 17.0 -26.5
v 16.0 17.1 -20.4
v 16.0 18.0 -26.6
v 16.0 18.0 -20.3
v 15.4 19.0 -21.0
v 16.0 18.5 -20.0
v 15.7 19.0 -19.9
v 16.1 20.1 -27.5
v 15.5 20.0 -20.0
v 15.9 20.0 -19.0
v 15.6 21.0 -20.0
v 16.3 21.0 -19.0
v 15.4 20.1 -21.0
v 15.6 21.9 -20.0
v 16.0 23.0 -27.6
v 15.4 23.1 -21.0
v 15.6 23.0 -20.0
v 15.0 24.0 -28.3
v 15.4 24.0 -21.0
v 16.3 23.0 -19.0
v 15.7 24.0 -19.0
v 15.0 24.9 -28.4
v 16.0 24.3 -27.6
v 15.4 25.0 -21.0
v 15.5 25.0 -20.0
v 15.7 25.0 -19.0
v 16.0 26.0 -27.6
v 15.4 26.0 -20.0
v 16.1 26.0 -19.0
v 16.0 27.1 -27.5
v 15.6 27.0 -18.2
v 15.7 27.0 -17.0
v 15.3 28.0 -20.0
v 15.5 27.0 -19.0
v 15.7 28.0 -16.0
v 16.0 29.0 -27.5
v 15.5 28.1 -17.1
v 15.6 29.0 -16.0
v 16.0 30.0 -27.6
v 15.5 29.2 -20.0
v 15.6 30.0 -16.0
v 16.0 31.0 -28.2
v 15.4 30.1 -21.0
v 15.5 29.0 -19.0
v 15.5 30.6 -16.9
v 15.5 31.0 -16.0
v 15.9 31.0 -15.0
v 15.5 31.0 -20.0
v 15.5 32.5 -17.0
v 15.6 32.0 -16.0
v 16.3 32.0 -15.0
v 16.0 33.0 -27.7
v 15.4 32.5 -22.0
v 15.5 32.1 -21.0
v 15.6 33.0 -16.0
v 15.2 33.9 -28.2
v 15.5 33.9 -17.0
v 15.7 34.0 -16.0
v 16.0 35.0 -27.5
v 15.4 35.0 -21.0
v 15.5 34.2 -17.9
v 16.3 35.0 -16.0
v 16.0 36.0 -27.7
v 15.4 36.9 -21.0
v 15.5 35.6 -19.9
v 15.5 35.6 -18.9
v 15.6 36.0 -18.0
v 16.3 36.0 -17.0
v 15.7 35.0 -17.0
v 16.0 37.0 -28.3
v 15.6 37.0 -20.0
v 15.5 37.0 -19.0
v 15.7 37.0 -18.0
v 16.0 38.0 -28.4
v 15.5 38.0 -21.0
v 16.0 38.0 -20.0
v 15.8 38.0 -19.0
v 16.3 38.0 -18.0
v 16.0 39.0 -28.3
v 15.5 39.2 -20.8
v 15.7 39.0 -20.0
v 15.8 40.0 -27.9
v 15.5 40.0 -21.0
v 16.1 39.0 -19.0
v 15.6 40.0 -19.0
v 15.7 40.0 -18.0
v 15.7 41.1 -27.8
v 15.3 40.0 -22.0
v 15.5 41.1 -19.8
v 15.4 41.0 -18.0
v 15.7 41.0 -17.0
v 16.0 42.0 -27.5
v 15.3 42.0 -20.0
v 15.4 42.0 -17.0
v 16.0 42.1 -16.5
v 15.9 44.0 -26.7
v 16.0 44.0 -16.3
v 15.0 45.0 -27.5
v 16.0 45.0 -26.5
v 15.9 45.1 -15.7
v 15.0 46.0 -27.3
v 15.5 46.0 -16.0
v 16.0 46.0 -15.5
v 15.8 47.0 -15.0
v 15.5 48.0 -26.0
v 16.0 47.0 -14.8
v 15.3 50.0 -26.0
v 15.9 49.0 -24.9
v 15.4 49.0 -15.0
v 16.0 49.0 -14.4
v 16.0 50.0 -25.4
v 16.0 50.0 -13.8
v 15.0 51.0 -14.5
v 16.0 51.0 -13.7
v 16.0 52.0 -25.3
v 16.0 52.0 -14.3
v 16.1 53.0 -25.0
v 15.9 53.0 -24.0
v 16.0 53.0 -14.4
v 15.5 54.0 -25.0
v 15.7 54.0 -24.0
v 16.0 54.2 -23.7
v 15.2 54.9 -25.2
v 15.6 55.0 -24.0
v 16.0 55.1 -14.4
v 16.0 54.0 -13.9
v 15.7 56.0 -24.0
v 16.0 56.0 -23.7
v 16.0 57.0 -24.1
v 16.0 56.0 -14.7
v 16.0 57.0 -15.5
v 16.0 58.0 -23.5
v 16.0 57.8 -22.0
v 16.0 58.0 -22.3
v 16.0 57.7 -21.0
v 16.0 57.5 -20.0
v 16.0 57.5 -17.0
v 16.0 57.4 -16.0
v 15.3 59.0 -24.0
v 16.8 10.0 -27.0
v 17.0 9.9 -27.1
v 17.0 9.7 -26.0
v 16.4 10.0 -26.0
v 16.6 11.0 -27.0
v 17.0 11.0 -27.3
v 17.0 10.3 -25.0
v 17.0 11.0 -24.4
v 16.0 12.0 -26.8
v 17.0 12.0 -27.4
v 17.0 12.0 -23.6
v 17.0 12.5 -22.0
v 17.0 12.9 -21.0
v 17.0 13.7 -20.0
v 17.0 14.0 -19.7
v 16.0 15.0 -27.4
v 17.0 15.0 -19.5
v 17.0 16.0 -27.3
v 16.0 16.0 -20.3
v 17.0 16.0 -19.6
v 17.0 17.0 -19.6
v 17.0 18.0 -26.6
v 16.0 19.0 -27.3
v 17.0 19.0 -26.7
v 17.0 18.1 -19.4
v 17.0 20.0 -27.3
v 17.1 19.2 -18.1
v 16.5 20.0 -18.0
v 16.8 20.0 -17.0
v 17.0 20.0 -16.8
v 17.0 21.1 -27.4
v 16.7 21.0 -17.0
v 17.0 21.0 -16.7
v 16.4 22.0 -19.0
v 16.6 22.0 -17.9
v 17.0 23.0 -27.5
v 16.6 23.0 -18.0
v 16.4 24.0 -18.0
v 17.3 23.0 -17.0
v 16.7 24.0 -17.0
v 16.9 26.0 -27.5
v 16.4 25.0 -18.0
v 16.6 24.9 -17.0
v 16.4 26.0 -18.0
v 16.5 26.0 -17.0
v 17.2 26.0 -16.0
v 16.4 27.0 -16.0
v 16.7 27.0 -15.0
v 17.3 27.0 -14.0
v 16.6 28.0 -14.0
v 16.8 28.0 -13.0
v 17.0 28.0 -12.8
v 16.4 28.0 -15.0
v 16.6 29.0 -13.0
v 17.0 29.0 -12.6
v 16.3 30.0 -15.0
v 16.6 30.0 -13.0
v 17.1 30.0 -12.3
v 17.0 31.0 -27.6
v 16.5 31.6 -12.9
v 16.8 31.0 -11.9
v 16.0 32.0 -28.3
v 17.0 32.0 -27.5
v 16.4 31.0 -14.0
v 16.6 32.0 -11.9
v 17.0 33.0 -27.5
v 16.5 33.0 -14.0
v 16.5 33.0 -13.0
v 16.7 33.0 -12.0
v 16.0 34.0 -27.6
v 16.4 34.0 -15.0
v 16.7 34.0 -13.0
v 17.0 35.0 -27.5
v 16.7 35.7 -14.7
v 17.0 36.0 -27.4
v 16.3 37.0 -28.0
v 16.4 37.0 -17.0
v 16.6 37.0 -16.0
v 17.3 37.0 -15.0
v 16.4 38.0 -28.0
v 16.9 38.0 -26.9
v 16.7 38.0 -16.0
v 16.3 39.0 -28.0
v 16.4 39.0 -18.0
v 16.6 39.0 -17.0
v 17.3 39.0 -16.0
v 16.6 40.1 -26.9
v 17.0 40.0 -26.2
v 16.4 40.0 -17.0
v 17.3 40.0 -16.0
v 17.0 41.0 -26.4
v 16.9 41.0 -15.7
v 16.7 42.1 -26.8
v 16.0 43.0 -27.3
v 17.0 43.0 -26.5
v 17.0 44.0 -15.5
v 16.8 45.0 -25.9
v 17.0 45.0 -15.4
v 16.0 46.0 -26.4
v 16.2 47.0 -25.4
v 17.0 46.0 -15.2
v 17.0 47.0 -14.5
v 16.2 48.0 -25.2
v 17.0 48.1 -24.5
v 17.0 48.0 -14.3
v 17.0 49.0 -13.7
v 16.4 50.0 -25.0
v 17.0 50.0 -13.4
v 16.4 51.0 -25.0
v 16.8 51.0 -24.0
v 16.3 52.0 -25.0
v 16.5 52.0 -24.0
v 17.0 52.0 -23.5
v 17.0 52.0 -13.6
v 17.0 53.0 -14.1
v 17.0 53.2 -23.5
v 17.0 54.0 -13.6
v 17.0 55.0 -23.5
v 17.0 55.0 -13.7
v 17.0 56.0 -23.3
v 17.0 55.9 -14.4
v 17.0 56.7 -23.0
v 16.8 57.0 -23.0
v 17.0 57.0 -22.8
v 17.0 57.1 -14.7
v 16.8 58.0 -23.0
v 17.0 57.6 -22.0
v 17.0 58.1 -21.0
v 17.0 57.6 -20.0
v 16.8 57.5 -19.1
v 17.0 57.5 -18.0
v 17.0 57.3 -15.0
v 16.0 59.0 -23.0
v 18.0 10.0 -27.2
v 18.9 9.6 -27.0
v 17.9 9.7 -25.0
v 18.0 10.0 -24.7
v 18.0 11.0 -27.1
v 18.0 11.0 -23.9
v 18.0 12.1 -27.5
v 18.0 12.0 -23.8
v 18.0 13.8 -27.5
v 18.0 12.4 -23.0
v 18.0 12.6 -22.0
v 18.0 13.3 -21.0
v 18.0 13.7 -20.0
v 18.0 14.0 -19.7
v 18.0 15.0 -19.1
v 18.0 15.0 -27.6
v 18.0 16.0 -19.4
v 17.0 17.0 -26.7
v 18.0 17.0 -27.4
v 18.0 17.0 -19.4
v 18.0 17.8 -18.9
v 18.0 18.5 -18.0
v 18.0 18.9 -17.0
v 17.6 20.0 -27.0
v 18.0 20.0 -16.4
v 18.0 21.0 -26.9
v 18.0 21.0 -26.9
v 18.0 21.0 -16.3
v 18.0 22.0 -27.3
v 17.3 22.0 -17.0
v 18.0 21.5 -16.0
v 17.7 22.0 -16.0
v 18.0 22.0 -15.7
v 18.0 23.2 -27.5
v 17.6 23.0 -16.0
v 18.0 23.0 -15.4
v 17.4 24.0 -16.0
v 17.8 24.0 -15.0
v 18.0 24.0 -14.8
v 17.4 25.0 -16.0
v 17.6 25.0 -15.0
v 18.0 25.0 -14.6
v 18.1 26.9 -27.5
v 17.4 26.0 -15.0
v 17.7 26.0 -14.0
v 18.0 25.7 -13.9
v 17.7 27.0 -13.0
v 18.0 27.0 -12.8
v 16.9 29.3 -27.5
v 18.0 28.0 -12.3
v 17.9 29.0 -11.7
v 18.0 30.0 -27.5
v 18.0 30.0 -11.4
v 18.0 31.0 -27.4
v 17.9 31.0 -10.8
v 18.0 32.0 -27.1
v 17.9 32.2 -10.6
v 18.0 33.0 -27.4
v 17.5 33.0 -11.0
v 18.0 33.0 -10.5
v 17.3 34.0 -12.0
v 17.8 35.0 -11.0
v 18.0 36.0 -26.7
v 17.3 36.0 -14.0
v 17.7 35.9 -11.9
v 18.0 36.0 -11.7
v 18.0 35.0 -10.8
v 17.0 37.0 -27.3
v 18.0 37.0 -26.6
v 17.6 37.0 -14.0
v 18.1 36.7 -12.2
v 18.0 38.0 -26.3
v 17.5 38.0 -15.0
v 18.2 38.0 -14.0
v 17.7 37.0 -13.0
v 17.1 39.0 -27.0
v 18.0 38.7 -26.0
v 17.8 39.0 -25.9
v 17.7 39.0 -15.0
v 17.8 40.0 -26.0
v 18.0 40.0 -26.0
v 18.2 40.0 -15.0
v 18.0 41.0 -14.7
v 17.4 41.1 -26.0
v 17.9 41.9 -24.9
v 17.9 42.1 -14.6
v 17.5 43.0 -26.0
v 18.0 43.0 -14.6
v 17.0 44.0 -26.3
v 18.0 44.0 -14.6
v 17.5 45.0 -15.0
v 18.3 44.9 -14.1
v 17.2 46.0 -15.0
v 17.7 46.0 -14.0
v 18.0 47.0 -23.7
v 17.4 47.0 -14.0
v 18.0 47.9 -23.6
v 17.3 48.0 -14.0
v 18.0 48.0 -13.3
v 17.9 47.0 -13.0
v 17.9 48.9 -23.6
v 18.1 48.9 -13.2
v 17.0 50.0 -24.4
v 18.0 50.0 -12.7
v 18.0 51.0 -22.7
v 17.0 51.0 -13.4
v 18.0 51.0 -12.6
v 18.0 52.0 -22.7
v 18.0 53.0 -23.3
v 18.0 53.0 -13.3
v 18.0 52.0 -12.7
v 18.0 54.0 -23.4
v 18.0 55.0 -23.2
v 18.0 55.0 -13.5
v 18.0 56.0 -22.7
v 18.1 55.9 -14.2
v 18.0 57.0 -22.4
v 18.0 57.0 -14.4
v 18.0 57.7 -21.9
v 18.0 57.8 -20.0
v 18.0 57.6 -18.0
v 18.0 57.7 -17.0
v 17.0 57.6 -16.0
v 18.0 58.0 -16.5
v 18.0 58.0 -14.8
v 18.0 58.3 -21.0
v 18.0 58.3 -16.0
v 18.0 58.2 -15.0
v 19.0 10.0 -27.5
v 19.0 9.4 -26.0
v 19.0 9.6 -25.0
v 19.0 10.2 -24.2
v 19.0 11.0 -23.6
v 19.0 11.1 -27.6
v 19.0 12.0 -23.3
v 19.0 13.0 -27.6
v 19.0 12.3 -23.0
v 19.0 12.7 -22.0
v 19.0 13.5 -21.0
v 19.0 15.0 -28.1
v 19.0 14.0 -20.4
v 19.0 15.0 -19.6
v 19.0 16.0 -27.7
v 19.0 16.0 -19.6
v 19.0 17.0 -27.6
v 20.0 17.0 -19.4
v 18.0 18.0 -27.3
v 18.0 19.0 -26.8
v 19.0 19.0 -27.5
v 19.0 18.5 -18.0
v 18.2 19.0 -17.0
v 18.0 20.1 -26.8
v 19.0 20.0 -27.9
v 19.0 19.2 -17.2
v 19.0 20.0 -15.9
v 19.0 21.0 -27.4
v 19.0 20.9 -15.6
v 19.0 22.0 -26.9
v 19.0 22.0 -15.4
v 19.0 24.2 -27.4
v 19.0 23.0 -14.7
v 19.0 25.0 -14.3
v 19.0 27.5 -27.5
v 19.0 26.9 -12.5
v 19.0 28.0 -11.7
v 19.0 30.9 -27.5
v 19.0 29.0 -11.3
v 18.9 30.2 -10.7
v 19.0 32.0 -27.3
v 19.0 32.0 -10.3
v 19.0 33.0 -27.3
v 18.0 34.0 -27.4
v 19.0 34.0 -26.7
v 19.0 33.0 -9.9
v 19.0 34.0 -10.4
v 18.0 35.0 -27.3
v 19.0 35.0 -26.6
v 19.0 35.0 -10.6
v 19.0 36.0 -26.5
v 19.0 36.0 -11.3
v 19.0 37.0 -26.4
v 19.0 38.0 -25.7
v 18.7 38.0 -13.0
v 19.0 37.1 -11.8
v 19.0 39.0 -25.5
v 18.5 39.0 -14.0
v 19.0 39.0 -13.5
v 19.0 38.2 -12.9
v 19.0 40.0 -25.5
v 18.7 40.0 -14.0
v 19.0 40.0 -13.7
v 18.0 41.0 -25.0
v 19.0 40.5 -14.0
v 19.0 41.0 -14.3
v 19.0 41.0 -25.1
v 19.0 42.0 -24.5
v 19.0 42.0 -14.4
v 18.4 43.0 -25.0
v 19.0 43.0 -24.3
v 19.2 42.9 -14.2
v 18.3 44.0 -25.1
v 18.7 44.0 -24.0
v 18.6 44.0 -14.0
v 18.5 45.0 -24.0
v 18.7 45.0 -13.0
v 18.2 46.0 -24.2
v 18.9 46.0 -23.6
v 18.4 46.0 -13.0
v 18.7 47.0 -12.0
v 19.0 47.0 -11.7
v 19.0 48.0 -23.4
v 18.3 48.0 -13.0
v 18.6 48.0 -12.0
v 19.0 48.0 -11.6
v 18.7 49.0 -12.0
v 19.0 49.0 -11.8
v 18.1 50.0 -23.4
v 19.0 50.0 -22.7
v 19.0 49.4 -12.0
v 19.0 50.0 -12.3
v 19.0 51.0 -22.5
v 19.1 51.0 -12.4
v 18.3 53.0 -23.0
v 19.0 53.0 -22.4
v 19.0 53.0 -12.6
v 18.4 54.0 -23.0
v 19.0 54.0 -21.8
v 18.8 54.0 -22.0
v 19.0 54.0 -12.8
v 18.3 55.0 -23.0
v 18.7 55.0 -22.0
v 19.0 55.0 -21.8
v 19.0 55.0 -12.8
v 19.0 55.5 -22.0
v 19.0 56.0 -22.3
v 18.4 56.0 -14.0
v 19.0 56.0 -13.0
v 19.0 57.0 -22.3
v 19.0 57.0 -13.9
v 18.0 57.6 -18.8
v 18.3 58.0 -17.0
v 19.0 58.0 -14.6
v 19.0 58.4 -21.0
v 19.0 58.5 -20.0
v 18.5 58.0 -18.1
v 19.0 59.1 -17.0
v 19.0 59.0 -17.2
v 19.0 58.6 -16.0
v 19.0 58.4 -15.0
v 20.0 8.8 -26.0
v 20.0 10.0 -28.2
v 20.0 9.7 -28.0
v 20.0 9.3 -25.0
v 20.0 9.8 -24.0
v 20.0 10.0 -23.7
v 20.0 11.0 -28.4
v 20.0 11.0 -23.3
v 19.4 12.0 -23.0
v 20.0 12.1 -28.4
v 20.0 13.0 -28.5
v 20.0 13.0 -22.0
v 19.0 14.0 -27.7
v 20.0 14.0 -28.6
v 20.0 13.6 -21.0
v 20.0 14.0 -20.6
v 20.0 15.0 -28.6
v 20.0 15.0 -20.3
v 20.0 16.0 -28.5
v 20.0 17.1 -28.3
v 20.0 16.0 -20.1
v 20.0 17.4 -19.0
v 20.0 19.0 -27.5
v 20.0 18.3 -18.1
v 20.0 19.0 -17.5
v 20.0 20.0 -27.7
v 20.0 19.5 -17.0
v 20.0 21.0 -27.9
v 20.0 20.2 -16.1
v 20.0 21.0 -15.6
v 19.1 23.1 -27.3
v 20.0 23.0 -26.7
v 20.4 22.0 -15.4
v 19.5 24.0 -27.0
v 20.0 24.0 -26.6
v 20.0 24.0 -14.4
v 19.4 25.0 -27.0
v 20.0 25.0 -26.2
v 20.0 24.6 -14.0
v 19.0 26.0 -27.4
v 20.0 26.0 -26.6
v 20.0 26.0 -12.7
v 20.0 27.0 -27.2
v 20.0 27.0 -12.4
v 20.0 28.0 -11.5
v 20.0 28.0 -27.3
v 20.0 29.0 -10.7
v 20.0 30.0 -27.4
v 20.4 29.7 -10.5
v 20.0 31.0 -27.3
v 19.9 32.0 -26.7
v 20.1 31.0 -10.4
v 20.0 32.0 -9.7
v 20.0 33.0 -26.6
v 20.0 33.0 -9.6
v 20.0 34.0 -26.4
v 20.0 34.0 -10.3
v 20.0 35.0 -26.5
v 20.0 36.0 -26.5
v 20.0 37.0 -26.3
v 20.0 36.0 -10.6
v 20.0 38.0 -25.6
v 20.0 37.1 -11.4
v 20.0 39.0 -25.3
v 19.8 40.0 -24.9
v 20.0 39.0 -13.2
v 20.0 41.0 -13.5
v 19.5 42.0 -24.0
v 19.8 42.0 -23.0
v 20.0 42.0 -22.8
v 19.4 42.0 -14.0
v 20.0 42.0 -13.4
v 19.3 43.0 -24.0
v 19.6 43.0 -23.0
v 20.0 43.1 -22.6
v 19.7 43.0 -12.9
v 19.6 44.0 -23.0
v 19.4 44.0 -13.0
v 20.2 44.0 -12.1
v 19.2 45.0 -23.3
v 20.0 45.0 -22.6
v 20.0 45.0 -11.8
v 20.0 46.0 -22.7
v 19.2 46.0 -12.2
v 20.0 47.0 -23.0
v 20.0 46.0 -11.6
v 19.5 48.0 -23.0
v 19.8 48.0 -22.0
v 20.0 48.0 -21.8
v 20.1 48.0 -11.4
v 19.1 49.0 -23.2
v 20.0 49.0 -11.4
v 20.0 49.0 -22.0
v 20.0 50.0 -22.4
v 20.0 50.0 -11.6
v 19.0 51.9 -22.5
v 20.0 51.1 -11.8
v 20.1 51.9 -22.3
v 20.0 52.0 -12.4
v 20.0 53.0 -15.0
v 20.0 53.0 -15.0
v 19.8 53.0 -14.0
v 20.0 52.8 -14.0
v 20.1 53.1 -13.0
v 20.0 54.0 -21.5
v 20.0 54.0 -16.0
v 20.0 53.9 -16.0
v 20.0 54.0 -16.1
v 19.6 54.0 -15.0
v 19.5 54.0 -14.0
v 19.3 54.0 -13.0
v 20.0 55.0 -21.5
v 19.7 55.0 -16.0
v 20.0 55.0 -16.6
v 19.5 55.0 -15.0
v 19.4 56.0 -14.0
v 19.2 55.0 -13.0
v 19.3 56.0 -22.0
v 20.0 56.0 -21.4
v 20.3 56.0 -15.9
v 19.7 56.0 -15.0
v 19.3 57.0 -22.0
v 20.0 57.0 -20.8
v 19.8 57.0 -21.0
v 20.2 57.0 -14.9
v 20.0 57.0 -14.7
v 19.1 57.0 -14.0
v 19.0 58.0 -22.0
v 19.6 58.0 -21.0
v 20.0 58.0 -20.7
v 20.0 58.0 -14.8
v 20.0 59.0 -21.0
v 19.6 59.0 -20.0
v 19.4 58.9 -19.0
v 19.3 59.0 -18.0
v 20.0 58.7 -16.0
v 20.0 59.0 -16.3
v 20.0 58.2 -15.0
v 20.0 59.4 -20.0
v 20.0 59.5 -19.0
v 20.0 60.1 -18.0
v 20.0 59.6 -17.0
v 20.0 8.9 -27.0
v 21.0 9.3 -27.0
v 21.0 8.6 -26.0
v 21.0 8.9 -25.0
v 21.0 10.0 -28.4
v 21.6 9.6 -28.0
v 21.0 9.6 -24.0
v 21.0 10.0 -23.5
v 21.0 11.0 -28.5
v 21.0 11.1 -22.5
v 21.0 12.0 -28.7
v 21.0 12.0 -21.8
v 20.9 13.0 -30.2
v 21.0 13.0 -30.3
v 21.0 12.4 -29.0
v 20.5 13.1 -29.0
v 21.0 13.0 -21.3
v 20.8 14.0 -30.0
v 21.0 13.4 -21.0
v 21.0 14.0 -20.4
v 21.0 15.0 -30.2
v 20.4 15.0 -29.0
v 20.9 15.0 -19.7
v 20.8 15.0 -30.0
v 20.6 16.0 -29.0
v 21.0 17.0 -28.7
v 21.0 16.0 -19.3
v 20.0 18.0 -27.7
v 21.0 17.3 -18.1
v 21.0 18.0 -17.6
v 21.0 19.0 -27.7
v 21.0 19.0 -17.4
v 21.0 20.0 -27.5
v 21.0 19.7 -16.9
v 21.0 21.0 -27.6
v 21.0 20.5 -16.0
v 22.0 21.0 -15.6
v 20.0 22.0 -26.8
v 21.0 22.0 -27.4
v 21.0 23.0 -27.2
v 20.5 23.0 -14.6
v 21.0 24.0 -26.6
v 21.0 25.0 -26.4
v 21.0 24.0 -14.4
v 21.0 25.0 -13.5
v 21.0 26.0 -26.4
v 21.0 26.0 -12.7
v 20.3 27.0 -27.0
v 21.0 26.7 -26.0
v 20.9 27.0 -25.8
v 20.4 28.9 -27.0
v 20.7 28.0 -26.0
v 21.0 28.0 -25.7
v 21.0 27.1 -12.4
v 20.7 29.0 -26.0
v 21.0 29.0 -25.7
v 21.0 29.0 -10.6
v 20.4 31.0 -27.0
v 21.0 30.0 -25.9
v 21.0 31.0 -26.5
v 21.1 32.0 -9.6
v 21.0 33.0 -26.4
v 21.0 34.0 -26.0
v 21.0 34.0 -9.6
v 20.0 34.9 -10.4
v 21.0 35.0 -9.6
v 21.0 37.0 -25.6
v 20.4 37.0 -11.0
v 21.0 36.0 -9.7
v 20.6 38.0 -11.0
v 21.0 38.0 -10.6
v 21.0 38.3 -25.0
v 20.3 39.0 -25.0
v 20.9 38.9 -23.9
v 21.0 39.0 -23.8
v 20.3 38.0 -12.0
v 20.7 39.0 -11.0
v 21.0 39.0 -10.7
v 20.5 40.0 -24.0
v 21.0 40.0 -23.5
v 20.2 39.1 -13.0
v 20.7 40.0 -12.0
v 20.2 41.0 -24.1
v 21.0 41.0 -22.8
v 20.7 41.0 -23.0
v 20.5 41.0 -13.0
v 21.2 41.0 -12.2
v 21.0 40.3 -11.9
v 21.0 42.1 -22.5
v 21.0 43.0 -11.8
v 21.0 44.0 -11.6
v 21.0 45.0 -22.5
v 21.1 44.9 -11.4
v 21.0 46.7 -22.0
v 21.0 47.0 -21.8
v 21.0 48.0 -21.7
v 21.1 46.9 -11.2
v 21.0 48.0 -10.7
v 21.0 49.0 -22.3
v 21.1 49.0 -10.7
v 21.0 50.0 -11.3
v 20.1 52.9 -21.7
v 21.0 51.5 -12.0
v 21.0 52.0 -12.6
v 21.0 53.0 -21.5
v 20.0 53.0 -15.0
v 21.0 53.0 -14.5
v 21.0 52.6 -14.0
v 21.0 52.4 -13.0
v 21.0 54.0 -21.5
v 20.1 54.0 -16.0
v 22.0 54.0 -21.3
v 21.0 54.5 -16.0
v 21.0 55.0 -16.6
v 21.0 54.0 -15.0
v 20.9 56.1 -20.7
v 21.0 56.0 -16.5
v 21.0 57.0 -20.5
v 20.7 57.0 -16.0
v 21.5 57.0 -17.0
v 21.0 58.0 -20.6
v 21.2 58.0 -15.9
v 20.3 58.0 -15.0
v 21.0 59.0 -21.2
v 21.0 59.0 -15.8
v 21.0 59.2 -21.0
v 21.0 59.5 -20.0
v 21.1 59.6 -19.0
v 21.0 60.0 -16.2
v 21.0 59.7 -16.0
v 21.0 60.3 -18.0
v 21.0 60.2 -17.0
v 22.0 8.8 -26.0
v 22.0 10.0 -28.3
v 22.0 9.3 -25.0
v 22.0 9.6 -24.0
v 22.0 11.0 -28.6
v 22.1 10.2 -23.2
v 22.1 11.2 -22.1
v 21.5 12.0 -29.0
v 22.0 12.0 -29.2
v 22.0 12.0 -21.4
v 21.2 13.0 -30.0
v 22.0 13.0 -29.5
v 22.0 12.7 -20.8
v 21.0 14.0 -30.3
v 22.0 13.4 -20.0
v 21.4 14.0 -20.0
v 21.9 13.9 -18.9
v 22.0 14.0 -18.8
v 22.0 15.0 -30.4
v 22.0 14.0 -29.7
v 21.5 15.0 -19.0
v 22.0 15.0 -18.5
v 21.5 16.0 -30.0
v 22.0 16.0 -30.4
v 21.3 16.0 -19.0
v 21.7 16.0 -18.0
v 22.0 16.0 -17.6
v 22.0 17.0 -30.2
v 21.3 17.0 -29.0
v 21.3 17.0 -18.0
v 22.0 17.0 -16.9
v 21.8 17.0 -30.0
v 22.0 18.0 -28.7
v 22.0 18.0 -16.9
v 22.0 19.0 -17.2
v 22.0 20.0 -27.6
v 22.0 20.0 -17.0
v 22.0 20.5 -16.0
v 22.0 22.0 -15.4
v 22.0 23.0 -27.4
v 22.0 23.0 -14.7
v 22.0 24.0 -26.7
v 22.0 25.0 -26.5
v 22.1 24.0 -14.4
v 22.0 26.0 -26.4
v 22.0 26.0 -13.3
v 22.0 27.0 -25.7
v 22.0 27.0 -12.5
v 22.0 28.0 -25.5
v 22.0 27.7 -11.9
v 22.0 29.0 -25.7
v 22.0 29.0 -10.7
v 22.0 30.0 -26.3
v 22.0 30.0 -10.5
v 22.0 31.0 -26.4
v 22.0 31.9 -26.3
v 22.2 31.0 -10.4
v 21.3 33.0 -9.5
v 22.0 34.0 -26.2
v 21.1 34.9 -26.3
v 22.0 35.0 -25.7
v 22.0 34.6 -9.5
v 21.0 36.1 -26.3
v 22.0 36.0 -25.5
v 23.0 36.1 -9.4
v 21.1 37.0 -10.4
v 22.0 37.0 -9.7
v 21.0 38.0 -25.3
v 22.0 38.0 -24.5
v 22.0 38.6 -24.0
v 22.0 39.0 -23.7
v 22.1 38.0 -10.1
v 22.0 40.0 -23.3
v 21.2 39.6 -10.9
v 22.0 39.0 -9.9
v 22.0 41.0 -22.6
v 22.9 41.0 -10.5
v 21.2 42.0 -12.2
v 22.0 42.0 -11.5
v 22.0 43.1 -11.4
v 22.0 44.0 -11.3
v 21.0 45.9 -22.5
v 21.6 45.0 -11.0
v 22.0 46.0 -22.3
v 21.4 46.0 -11.0
v 21.8 46.0 -10.0
v 22.0 46.0 -9.8
v 22.0 47.0 -21.8
v 21.8 47.0 -10.0
v 22.0 47.0 -9.8
v 22.0 48.0 -22.3
v 22.0 47.3 -10.0
v 22.0 48.0 -10.4
v 21.9 49.2 -22.4
v 22.0 50.0 -22.3
v 22.3 50.2 -10.7
v 22.0 51.0 -21.7
v 22.0 51.0 -11.4
v 22.0 52.0 -21.4
v 22.0 52.0 -13.3
v 22.0 51.7 -13.0
v 22.0 51.4 -12.0
v 22.0 52.9 -21.4
v 22.0 52.6 -14.0
v 22.0 53.0 -14.4
v 22.0 53.6 -15.0
v 22.0 55.0 -20.7
v 22.0 55.0 -17.2
v 22.0 54.7 -17.0
v 22.0 54.3 -15.9
v 22.0 56.0 -20.6
v 21.5 56.0 -17.0
v 22.0 57.0 -20.4
v 22.0 56.1 -17.4
v 22.0 58.0 -20.6
v 21.6 58.9 -17.0
v 22.0 58.9 -17.4
v 22.0 59.0 -21.0
v 21.2 59.0 -16.0
v 22.0 59.5 -20.0
v 22.0 59.6 -19.0
v 22.0 60.0 -18.3
v 21.3 60.0 -17.0
v 22.0 60.0 -17.7
v 22.0 60.2 -18.0
v 23.0 8.9 -26.0
v 23.0 10.0 -28.2
v 23.1 9.8 -28.0
v 23.0 9.5 -26.9
v 23.0 9.4 -25.0
v 23.0 9.6 -24.0
v 23.0 10.0 -23.0
v 23.0 11.0 -28.6
v 23.0 11.0 -21.9
v 23.0 13.0 -28.9
v 23.0 13.0 -19.9
v 23.0 14.0 -29.5
v 23.0 13.9 -18.9
v 23.0 15.0 -18.5
v 23.0 16.0 -30.4
v 23.0 15.6 -18.0
v 23.0 16.0 -17.3
v 23.0 17.0 -30.5
v 23.0 17.0 -17.5
v 23.0 18.0 -30.2
v 22.3 17.9 -29.0
v 23.0 18.0 -17.4
v 23.0 18.2 -30.0
v 23.0 18.5 -29.0
v 23.0 19.0 -28.5
v 23.0 18.5 -17.0
v 22.4 19.0 -17.0
v 22.0 19.1 -28.3
v 23.0 20.0 -27.6
v 23.0 19.1 -16.1
v 22.7 20.0 -16.0
v 22.6 20.9 -27.5
v 23.0 21.0 -15.6
v 22.2 22.1 -27.5
v 23.0 22.0 -15.6
v 23.0 23.0 -15.3
v 23.0 24.0 -27.3
v 23.0 24.0 -14.5
v 23.0 24.4 -27.0
v 23.0 25.0 -26.5
v 23.0 25.0 -13.7
v 23.0 26.0 -26.5
v 23.0 26.0 -13.5
v 23.0 27.0 -26.3
v 23.0 27.0 -12.7
v 23.0 28.0 -12.3
v 22.9 29.1 -26.3
v 23.0 28.0 -25.9
v 24.0 29.0 -12.2
v 23.0 30.0 -26.4
v 23.0 30.0 -10.7
v 23.0 30.6 -26.0
v 22.6 31.0 -26.0
v 23.0 31.0 -25.2
v 22.5 32.0 -26.0
v 23.0 32.0 -25.1
v 24.8 32.0 -9.6
v 22.0 32.9 -26.4
v 23.0 33.0 -25.7
v 24.0 33.0 -9.4
v 23.0 34.1 -25.6
v 23.0 34.0 -9.4
v 23.0 35.0 -9.4
v 23.0 36.0 -25.5
v 22.0 37.0 -24.9
v 23.0 37.0 -25.1
v 23.0 37.0 -9.3
v 23.0 38.0 -24.6
v 23.0 37.7 -9.0
v 23.0 38.0 -8.9
v 22.5 39.0 -24.0
v 23.0 39.1 -24.2
v 23.0 38.2 -9.0
v 23.0 39.0 -9.4
v 23.0 40.0 -22.9
v 23.0 41.0 -22.6
v 22.9 40.0 -9.7
v 22.9 42.0 -22.5
v 23.0 42.0 -10.6
v 23.0 43.0 -22.5
v 23.0 43.0 -10.5
v 23.0 46.0 -21.8
v 23.0 46.0 -9.5
v 23.0 47.0 -9.6
v 23.0 48.0 -22.2
v 23.0 48.0 -10.2
v 22.9 49.0 -21.7
v 23.0 49.0 -10.4
v 23.0 50.0 -21.5
v 23.0 51.0 -10.8
v 22.8 52.0 -20.9
v 23.0 51.9 -13.1
v 23.0 51.6 -12.0
v 23.0 51.3 -11.0
v 23.0 52.0 -20.6
v 23.0 53.0 -13.6
v 23.0 54.0 -20.6
v 23.0 54.0 -17.0
v 23.0 53.4 -14.0
v 23.0 55.0 -20.5
v 23.0 55.0 -17.4
v 23.0 56.0 -20.7
v 24.0 56.0 -17.6
v 22.9 57.0 -19.9
v 23.0 57.0 -17.5
v 23.0 58.0 -20.2
v 23.0 58.0 -17.6
v 23.0 59.0 -20.2
v 23.0 59.0 -17.7
v 23.0 59.2 -20.0
v 23.0 59.4 -19.0
v 23.0 59.9 -18.0
v 24.0 10.1 -27.0
v 24.0 9.4 -26.0
v 24.0 9.7 -25.0
v 23.5 10.0 -24.0
v 24.0 10.6 -28.0
v 24.3 10.0 -25.0
v 24.3 11.0 -24.0
v 23.5 11.0 -23.0
v 23.0 12.0 -29.1
v 24.0 12.0 -28.5
v 24.0 13.0 -28.6
v 23.7 12.0 -23.0
v 23.7 13.9 -21.2
v 23.5 12.1 -21.9
v 23.0 12.0 -20.9
v 23.5 14.0 -20.0
v 23.2 14.0 -19.0
v 23.0 15.0 -30.2
v 24.0 15.0 -29.5
v 23.4 15.0 -19.0
v 23.7 16.0 -29.9
v 23.7 17.0 -20.0
v 24.3 15.0 -21.0
v 23.6 15.0 -19.9
v 23.3 16.0 -18.0
v 24.0 17.0 -30.3
v 23.4 17.4 -18.0
v 24.0 18.1 -30.2
v 24.0 18.0 -19.4
v 23.8 18.1 -19.0
v 23.5 18.0 -18.0
v 24.0 18.7 -29.0
v 23.5 19.0 -17.0
v 24.1 18.7 -18.0
v 24.0 20.0 -27.8
v 24.0 19.6 -17.0
v 23.0 20.0 -15.8
v 24.2 20.0 -16.9
v 24.0 21.0 -27.5
v 23.8 22.0 -16.2
v 24.0 23.0 -15.6
v 24.1 23.9 -14.8
v 24.6 24.3 -27.0
v 24.0 25.0 -25.9
v 24.0 25.0 -14.4
v 24.0 27.0 -26.5
v 24.0 26.1 -14.3
v 24.0 28.0 -26.4
v 23.9 27.5 -13.0
v 24.9 28.9 -12.6
v 24.0 29.0 -26.4
v 24.0 30.0 -26.3
v 24.0 30.9 -10.5
v 24.0 31.0 -26.2
v 23.6 31.0 -26.0
v 25.0 31.6 -10.0
v 24.0 34.0 -25.4
v 24.0 34.0 -8.7
v 24.0 35.0 -8.5
v 24.0 36.0 -25.3
v 24.0 36.0 -8.6
v 24.0 37.0 -24.7
v 24.0 36.9 -8.6
v 24.0 38.0 -24.4
v 24.0 38.0 -8.5
v 24.0 39.1 -24.2
v 24.0 40.0 -23.3
v 24.0 39.0 -8.7
v 24.0 40.0 -9.4
v 24.0 41.0 -23.1
v 23.9 41.0 -9.7
v 24.0 42.0 -22.7
v 24.0 43.1 -22.5
v 24.0 42.0 -10.1
v 24.0 43.0 -9.7
v 24.0 44.0 -22.3
v 23.3 44.0 -10.1
v 24.0 44.0 -9.6
v 24.0 45.0 -21.8
v 24.0 45.0 -9.4
v 24.0 46.0 -21.5
v 23.0 47.0 -22.2
v 24.0 47.0 -21.5
v 24.0 46.0 -9.4
v 24.0 48.0 -21.5
v 24.0 48.0 -9.6
v 23.6 50.0 -21.0
v 23.8 50.9 -20.0
v 24.0 49.0 -9.7
v 23.2 50.9 -21.2
v 24.0 51.0 -19.8
v 24.1 51.0 -10.6
v 23.7 52.0 -20.0
v 24.0 52.0 -19.8
v 23.2 52.0 -13.0
v 23.6 52.0 -12.0
v 24.0 51.4 -11.0
v 24.0 53.0 -20.4
v 23.5 53.0 -13.0
v 24.0 53.0 -12.5
v 24.0 52.2 -11.8
v 24.0 54.0 -20.3
v 23.0 53.8 -16.0
v 23.0 53.6 -15.1
v 23.6 54.0 -14.0
v 23.9 54.1 -12.9
v 23.7 55.0 -19.9
v 24.0 54.5 -16.0
v 24.0 54.4 -14.0
v 24.0 54.2 -13.0
v 23.4 56.0 -20.0
v 24.3 56.0 -19.0
v 24.0 55.1 -16.9
v 23.6 57.0 -19.0
v 23.2 58.0 -20.0
v 23.4 58.0 -18.0
v 23.2 59.0 -20.0
v 23.4 59.0 -19.0
v 23.3 59.0 -18.0
v 25.0 9.0 -26.0
v 24.2 10.0 -27.0
v 25.0 10.0 -27.7
v 25.0 10.0 -25.6
v 24.1 11.0 -28.3
v 25.0 11.0 -27.5
v 24.7 11.0 -25.0
v 24.9 12.0 -27.7
v 25.3 12.0 -25.0
v 24.5 12.0 -24.0
v 25.0 13.0 -28.2
v 24.4 13.0 -23.0
v 24.1 14.1 -29.2
v 25.0 13.7 -28.0
v 25.0 14.0 -27.9
v 24.7 13.0 -24.0
v 24.4 14.0 -22.0
v 25.3 14.0 -23.0
v 24.5 15.0 -29.0
v 25.0 15.0 -28.5
v 24.6 15.1 -22.0
v 25.0 16.0 -28.8
v 24.8 16.0 -22.1
v 25.1 17.0 -21.7
v 24.5 17.0 -21.0
v 24.3 18.0 -30.0
v 25.0 18.0 -29.5
v 24.7 18.0 -21.0
v 24.3 18.0 -20.0
v 25.0 19.0 -29.4
v 24.4 19.0 -29.0
v 25.1 19.0 -19.0
v 24.4 19.0 -18.0
v 24.3 20.0 -28.0
v 24.8 19.0 -20.0
v 24.6 19.9 -18.1
v 25.0 20.5 -28.0
v 25.0 21.0 -27.6
v 24.6 21.0 -18.0
v 25.0 21.0 -18.4
v 24.4 22.0 -17.0
v 24.5 21.9 -27.5
v 24.8 22.0 -18.0
v 23.4 23.0 -27.5
v 25.0 22.0 -18.2
v 25.0 23.0 -17.3
v 24.7 23.0 -17.0
v 24.4 23.0 -16.0
v 24.5 24.0 -27.4
v 25.2 23.9 -16.0
v 25.0 24.8 -26.0
v 25.0 25.0 -25.8
v 25.0 25.0 -14.8
v 24.0 26.0 -26.3
v 25.0 26.0 -25.7
v 25.0 26.0 -14.6
v 25.0 27.0 -14.4
v 25.0 28.0 -26.4
v 25.0 27.4 -14.0
v 25.0 28.7 -26.0
v 24.6 29.0 -26.0
v 25.0 29.0 -25.5
v 25.0 28.0 -13.4
v 24.5 30.0 -26.0
v 25.0 30.0 -25.6
v 25.0 29.5 -12.0
v 25.0 30.0 -11.5
v 25.0 30.7 -25.0
v 24.7 31.0 -25.0
v 25.0 31.0 -24.8
v 25.0 30.8 -10.9
v 24.2 31.0 -26.0
v 24.5 32.0 -25.0
v 25.0 32.0 -24.6
v 24.0 33.0 -26.0
v 24.5 33.0 -25.0
v 24.9 33.0 -9.4
v 24.4 34.0 -25.0
v 24.7 34.0 -24.0
v 25.0 34.0 -23.7
v 25.0 34.0 -8.5
v 24.3 36.0 -25.0
v 24.8 35.0 -24.0
v 25.0 35.0 -23.8
v 25.0 35.0 -8.1
v 25.0 36.0 -8.4
v 25.0 37.0 -8.5
v 25.0 37.3 -24.0
v 24.5 38.0 -24.0
v 24.9 37.9 -22.9
v 25.0 38.0 -22.8
v 25.0 38.0 -8.4
v 24.2 39.0 -24.0
v 24.6 39.0 -23.0
v 25.0 39.0 -22.7
v 25.0 39.0 -8.6
v 24.6 40.0 -23.0
v 25.0 40.0 -22.8
v 25.0 40.0 -9.2
v 25.0 42.0 -23.2
v 25.0 42.0 -9.6
v 25.0 43.0 -22.6
v 25.0 43.0 -9.5
v 25.0 44.0 -22.0
v 25.0 44.0 -9.4
v 25.0 45.0 -22.0
v 25.0 45.0 -8.8
v 25.0 46.0 -21.5
v 25.0 46.0 -8.7
v 24.9 47.0 -20.8
v 25.0 47.0 -9.3
v 24.5 48.0 -21.0
v 25.0 48.0 -9.4
v 24.1 48.9 -21.2
v 24.6 50.0 -20.0
v 25.0 50.0 -19.8
v 24.0 50.0 -10.4
v 25.0 51.0 -19.7
v 25.0 52.1 -19.8
v 25.0 53.0 -20.3
v 25.1 52.4 -11.9
v 25.0 53.0 -12.4
v 25.0 53.3 -20.0
v 24.3 54.0 -20.0
v 25.0 53.7 -19.0
v 24.8 54.0 -19.0
v 25.0 54.0 -12.8
v 24.4 55.0 -19.0
v 24.6 55.0 -18.0
v 24.2 55.0 -17.0
v 25.0 54.5 -17.0
v 25.0 54.4 -15.7
v 25.0 54.4 -14.0
v 24.3 56.0 -18.0
v 24.1 57.0 -18.0
v 25.7 10.0 -27.0
v 25.4 10.0 -26.0
v 25.5 11.0 -27.0
v 25.4 11.0 -26.0
v 25.5 12.0 -27.0
v 25.6 12.0 -26.0
v 26.0 13.0 -27.3
v 26.0 12.6 -27.0
v 26.2 12.8 -26.0
v 26.0 14.0 -27.6
v 25.6 14.0 -24.0
v 25.6 13.1 -25.0
v 26.0 15.0 -28.2
v 26.0 15.0 -23.6
v 25.5 15.0 -23.0
v 26.0 16.0 -28.9
v 25.9 16.0 -23.3
v 25.2 17.0 -29.2
v 26.0 17.0 -28.7
v 25.5 18.0 -22.0
v 26.0 17.0 -22.6
v 26.0 19.0 -29.4
v 25.8 19.0 -22.0
v 26.0 19.0 -22.2
v 25.4 19.0 -21.0
v 25.0 20.0 -29.0
v 26.0 20.0 -28.6
v 25.6 20.0 -20.0
v 26.3 20.0 -21.0
v 25.4 20.0 -19.0
v 26.0 20.7 -28.0
v 26.0 21.0 -27.7
v 25.6 21.0 -19.0
v 26.0 22.0 -27.5
v 26.0 22.0 -18.6
v 26.0 23.0 -27.5
v 26.0 23.0 -17.8
v 26.0 24.0 -27.4
v 25.5 24.0 -17.0
v 26.0 24.0 -17.5
v 26.0 24.5 -27.0
v 26.0 25.2 -26.1
v 25.9 25.0 -16.0
v 25.3 25.0 -15.0
v 26.0 26.0 -25.6
v 25.9 25.0 -17.0
v 25.8 26.0 -16.0
v 25.4 26.0 -15.0
v 25.0 27.0 -26.3
v 26.0 27.0 -25.7
v 25.6 27.0 -15.0
v 26.0 28.0 -26.4
v 26.0 27.4 -15.0
v 26.1 27.8 -14.0
v 26.0 28.0 -13.8
v 25.4 29.0 -26.0
v 26.0 29.0 -26.4
v 26.1 29.2 -13.2
v 26.0 30.0 -26.0
v 26.1 29.8 -12.0
v 26.0 30.0 -11.7
v 26.0 31.0 -24.6
v 26.1 31.2 -11.2
v 26.0 31.7 -10.0
v 26.0 32.0 -9.8
v 25.0 33.0 -23.9
v 26.0 33.0 -24.1
v 26.0 33.0 -9.4
v 26.0 34.0 -23.6
v 26.0 34.0 -8.7
v 26.0 35.0 -23.5
v 26.0 35.0 -8.4
v 25.1 36.0 -24.3
v 26.0 36.0 -23.6
v 26.0 36.0 -8.5
v 25.0 37.0 -24.3
v 26.0 37.0 -8.3
v 26.0 37.7 -23.0
v 26.0 38.0 -22.8
v 26.0 39.0 -22.7
v 26.0 38.0 -7.9
v 26.0 39.0 -8.4
v 25.5 40.0 -23.0
v 26.0 40.0 -23.5
v 26.0 39.5 -23.0
v 26.0 40.0 -8.6
v 25.0 41.0 -22.9
v 25.0 41.0 -9.4
v 26.0 41.0 -8.8
v 26.0 41.3 -9.0
v 26.0 42.0 -9.5
v 26.0 43.0 -9.6
v 26.0 44.3 -22.0
v 26.0 45.0 -21.6
v 26.0 44.0 -9.4
v 26.0 45.0 -8.7
v 26.0 46.0 -21.3
v 26.0 46.0 -8.5
v 26.0 47.0 -20.4
v 26.0 47.0 -8.6
v 25.0 48.0 -20.4
v 26.0 48.0 -19.8
v 26.0 49.0 -20.3
v 25.0 49.0 -19.9
v 26.0 48.0 -8.8
v 26.0 49.0 -9.5
v 25.4 50.0 -20.0
v 26.0 50.0 -20.4
v 25.1 49.5 -10.0
v 26.0 51.0 -20.3
v 26.0 52.0 -20.8
v 26.0 51.5 -11.0
v 26.0 53.0 -20.2
v 25.7 53.0 -16.0
v 25.7 53.0 -15.0
v 26.0 52.4 -11.9
v 26.0 53.0 -12.7
v 26.0 53.4 -19.0
v 25.2 54.2 -18.0
v 26.0 53.5 -18.0
v 25.5 54.0 -17.0
v 26.3 53.1 -17.0
v 25.4 54.0 -15.6
v 25.4 54.0 -14.0
v 25.0 54.2 -13.0
v 26.4 13.0 -27.0
v 27.0 14.0 -28.1
v 27.0 13.9 -28.0
v 27.0 13.5 -27.0
v 27.0 13.5 -26.0
v 26.4 14.0 -25.0
v 27.0 14.0 -25.5
v 26.5 15.0 -28.0
v 26.8 15.0 -25.0
v 27.0 15.0 -25.2
v 26.4 15.0 -24.0
v 27.0 16.0 -27.8
v 27.2 15.9 -24.0
v 27.0 16.0 -23.7
v 27.0 17.0 -28.5
v 26.0 18.0 -28.9
v 27.0 18.0 -29.2
v 27.0 17.0 -23.3
v 27.0 19.0 -29.8
v 27.0 18.1 -22.7
v 27.0 19.6 -29.0
v 27.0 20.0 -28.6
v 26.6 20.0 -22.0
v 27.0 20.0 -22.4
v 27.0 21.0 -28.2
v 26.8 21.0 -22.0
v 26.4 21.0 -20.0
v 27.0 22.0 -27.7
v 27.0 21.1 -22.1
v 27.0 21.5 -21.0
v 26.4 22.0 -19.0
v 27.2 22.0 -20.0
v 27.0 23.0 -27.5
v 26.7 23.0 -19.0
v 26.2 23.0 -18.0
v 27.0 24.0 -27.3
v 27.2 24.0 -19.0
v 26.5 24.0 -18.0
v 27.0 24.7 -27.0
v 27.0 24.8 -26.0
v 27.0 25.0 -25.8
v 26.7 25.0 -18.0
v 27.0 26.0 -25.5
v 26.7 25.9 -17.3
v 27.0 27.0 -25.6
v 27.0 26.5 -17.0
v 27.1 28.0 -26.4
v 27.0 28.4 -15.0
v 26.7 27.1 -16.1
v 27.0 29.0 -26.4
v 27.0 28.6 -14.0
v 27.0 29.0 -13.6
v 27.0 29.5 -26.0
v 26.9 30.0 -16.0
v 27.0 29.6 -13.0
v 27.0 30.5 -25.0
v 27.0 31.0 -24.6
v 26.8 31.0 -16.0
v 27.0 31.0 -11.6
v 27.0 32.0 -24.4
v 27.0 32.0 -16.0
v 27.0 31.5 -11.0
v 27.0 32.0 -10.4
v 27.0 33.0 -23.7
v 27.1 33.0 -9.7
v 27.0 34.0 -23.5
v 27.0 35.0 -23.6
v 27.0 34.0 -9.3
v 27.0 35.0 -8.6
v 26.0 37.0 -23.5
v 27.0 36.1 -8.4
v 27.0 37.0 -7.8
v 27.0 38.0 -7.8
v 27.0 39.0 -8.4
v 26.5 40.0 -23.0
v 27.0 40.0 -22.7
v 27.0 40.0 -8.5
v 26.0 41.0 -23.3
v 27.0 41.0 -8.8
v 26.0 42.0 -23.3
v 27.0 41.7 -22.6
v 27.0 42.0 -10.3
v 27.0 41.7 -10.0
v 26.0 43.0 -23.1
v 27.0 43.0 -22.5
v 26.6 43.0 -10.0
v 27.0 43.0 -10.4
v 26.9 44.0 -21.8
v 27.0 44.0 -9.7
v 27.0 45.0 -21.4
v 27.0 45.0 -9.3
v 27.0 46.0 -20.7
v 27.0 47.0 -8.6
v 27.0 49.0 -20.4
v 27.0 48.0 -19.8
v 27.0 49.0 -9.5
v 27.0 50.0 -20.4
v 27.0 50.0 -10.4
v 27.0 51.0 -20.0
v 27.0 51.0 -18.0
v 27.0 51.0 -10.6
v 27.0 52.0 -20.2
v 26.6 52.0 -18.0
v 27.0 52.0 -18.6
v 26.6 52.0 -17.0
v 26.6 52.0 -16.0
v 26.5 52.0 -15.0
v 26.6 52.0 -14.1
v 26.8 51.9 -13.0
v 27.0 51.4 -11.0
v 27.0 52.3 -19.0
v 26.5 53.0 -19.0
v 26.3 53.0 -14.0
v 26.2 53.0 -13.0
v 28.0 14.0 -28.4
v 28.0 13.5 -28.0
v 28.0 13.4 -27.0
v 28.0 13.7 -26.0
v 27.0 15.0 -27.8
v 28.0 15.0 -28.4
v 28.0 14.0 -25.8
v 28.0 16.2 -25.0
v 28.0 16.0 -25.2
v 28.0 17.0 -28.5
v 28.0 16.5 -24.0
v 28.1 17.0 -23.6
v 28.0 19.0 -29.4
v 28.0 18.0 -28.8
v 28.0 18.0 -23.3
v 28.0 19.0 -22.6
v 28.0 19.7 -29.0
v 28.0 20.0 -28.8
v 28.1 21.0 -22.4
v 28.0 21.0 -28.0
v 28.0 22.0 -27.9
v 28.0 21.5 -22.0
v 27.5 22.0 -21.0
v 28.0 22.0 -21.5
v 27.8 23.0 -21.0
v 27.3 23.0 -20.0
v 28.0 23.4 -27.0
v 27.4 24.0 -27.0
v 28.0 23.8 -26.0
v 28.0 24.0 -25.8
v 28.0 23.0 -21.2
v 28.0 24.0 -20.4
v 27.2 24.0 -20.0
v 28.0 25.0 -25.6
v 28.0 24.5 -20.0
v 27.6 25.0 -19.0
v 28.0 26.0 -25.6
v 28.0 25.4 -19.0
v 28.0 26.0 -18.4
v 28.1 26.6 -18.0
v 28.0 28.0 -26.4
v 27.4 28.0 -16.0
v 28.3 28.0 -17.0
v 28.0 29.0 -26.4
v 27.5 29.0 -16.0
v 27.5 29.0 -15.0
v 27.7 29.0 -14.0
v 28.0 29.5 -26.0
v 27.9 30.0 -17.3
v 27.4 30.0 -15.0
v 27.5 30.0 -14.0
v 27.3 30.0 -13.0
v 28.0 31.0 -24.7
v 27.6 30.9 -17.1
v 27.4 31.0 -15.0
v 27.5 31.5 -13.9
v 27.5 31.0 -13.0
v 27.4 31.0 -12.0
v 28.0 32.0 -24.5
v 27.6 32.0 -17.0
v 28.0 32.0 -17.5
v 27.5 32.0 -15.0
v 27.6 32.0 -13.0
v 28.0 31.7 -12.0
v 28.1 31.9 -10.9
v 28.0 33.0 -23.8
v 27.9 33.0 -17.0
v 28.0 32.7 -16.0
v 28.0 33.0 -16.7
v 28.1 33.0 -15.0
v 27.6 33.0 -14.0
v 27.7 33.0 -13.0
v 28.0 33.0 -10.4
v 28.0 34.0 -23.6
v 27.7 34.0 -14.0
v 28.0 33.4 -10.0
v 28.0 34.0 -9.5
v 28.0 35.0 -24.1
v 27.9 34.0 -15.0
v 28.0 34.4 -14.0
v 28.0 35.0 -8.6
v 28.0 35.0 -24.1
v 28.0 36.0 -23.6
v 28.0 36.0 -8.3
v 27.0 38.0 -23.4
v 28.0 37.0 -7.7
v 27.9 38.2 -23.3
v 28.0 37.9 -8.2
v 27.0 39.0 -23.2
v 28.0 39.0 -22.7
v 28.0 39.0 -8.4
v 28.0 40.0 -22.4
v 28.0 40.0 -8.7
v 28.0 40.8 -10.0
v 28.0 41.0 -10.3
v 27.0 41.2 -9.0
v 28.0 40.3 -9.0
v 28.1 41.8 -22.4
v 28.1 41.9 -10.8
v 28.0 43.0 -12.0
v 27.5 43.0 -11.0
v 28.0 42.4 -11.0
v 28.0 44.0 -21.6
v 27.3 44.0 -10.0
v 28.0 45.0 -21.3
v 27.7 44.0 -11.0
v 28.2 45.0 -10.0
v 28.0 45.0 -9.8
v 28.0 46.0 -20.6
v 27.0 46.0 -8.7
v 28.0 46.0 -9.5
v 27.0 47.0 -19.9
v 28.0 47.0 -20.3
v 28.0 47.0 -9.5
v 28.0 48.0 -20.2
v 27.0 48.0 -8.8
v 28.0 48.0 -9.4
v 28.0 49.0 -20.4
v 28.0 50.0 -20.3
v 27.8 50.0 -15.0
v 28.0 49.8 -15.0
v 27.8 50.0 -14.0
v 28.0 49.8 -14.0
v 28.0 50.0 -10.5
v 28.0 51.0 -20.0
v 28.0 50.5 -18.0
v 28.0 51.0 -18.7
v 27.1 51.2 -17.0
v 28.0 50.5 -17.0
v 28.2 50.2 -16.0
v 27.4 51.0 -15.9
v 27.4 51.0 -14.0
v 27.7 50.9 -13.0
v 26.1 53.2 -20.0
v 27.0 52.1 -12.0
v 28.0 51.3 -12.0
v 28.0 51.1 -10.9
v 29.0 11.8 -27.0
v 28.7 13.0 -28.0
v 29.0 13.0 -28.3
v 29.0 12.2 -28.0
v 28.7 13.0 -27.0
v 29.0 13.0 -26.8
v 29.0 14.0 -29.2
v 29.0 13.7 -29.0
v 29.0 14.0 -26.4
v 29.0 15.0 -29.3
v 29.0 14.4 -26.0
v 29.0 15.0 -25.6
v 29.0 15.7 -29.0
v 28.0 16.0 -27.9
v 29.0 16.0 -28.8
v 29.0 16.0 -25.3
v 29.0 17.0 -29.2
v 29.0 16.6 -29.0
v 29.0 16.3 -25.0
v 29.5 16.7 -24.0
v 29.0 17.0 -29.1
v 29.0 19.0 -29.3
v 29.2 18.0 -23.4
v 29.0 20.0 -29.3
v 29.0 20.3 -29.0
v 29.0 20.6 -28.0
v 29.0 21.0 -22.4
v 28.8 22.0 -27.0
v 29.0 22.0 -21.7
v 28.0 23.0 -27.3
v 29.0 23.0 -26.6
v 29.0 23.0 -21.3
v 29.0 23.7 -26.0
v 29.0 24.0 -25.7
v 29.0 24.0 -20.6
v 29.0 25.0 -25.6
v 29.0 25.2 -20.0
v 29.0 25.0 -20.2
v 29.0 26.0 -26.1
v 29.0 25.8 -19.0
v 29.0 26.0 -18.8
v 28.0 27.0 -25.8
v 29.0 27.0 -26.4
v 28.4 27.0 -18.0
v 29.0 27.0 -18.6
v 29.0 28.5 -26.5
v 29.0 28.0 -19.2
v 28.7 28.0 -19.0
v 29.0 29.1 -19.4
v 28.3 29.0 -17.0
v 28.5 30.0 -26.0
v 29.0 30.0 -26.3
v 28.0 30.0 -25.0
v 28.6 30.0 -19.0
v 29.0 30.0 -19.4
v 28.4 29.9 -18.0
v 28.4 31.0 -25.0
v 28.8 31.0 -20.0
v 28.5 31.7 -19.1
v 28.4 31.2 -18.0
v 28.5 32.0 -25.0
v 29.0 32.0 -25.4
v 29.0 31.0 -20.2
v 28.2 32.0 -12.0
v 28.2 32.0 -11.0
v 29.0 33.0 -25.1
v 28.3 33.0 -24.0
v 28.6 32.5 -20.0
v 29.0 33.0 -20.4
v 28.5 33.0 -19.0
v 28.4 33.0 -18.0
v 28.2 33.0 -16.0
v 28.5 33.0 -12.0
v 28.5 33.0 -11.0
v 29.0 33.2 -25.0
v 29.0 33.7 -24.0
v 29.0 34.0 -23.8
v 28.7 34.0 -20.0
v 29.0 34.0 -21.0
v 28.6 34.0 -19.0
v 28.7 34.0 -18.0
v 28.7 34.0 -16.0
v 29.0 34.0 -16.7
v 28.3 34.0 -13.0
v 29.2 34.0 -12.0
v 29.0 33.5 -11.0
v 29.0 33.8 -10.0
v 29.0 35.0 -24.1
v 29.0 34.8 -24.0
v 29.0 34.4 -20.0
v 29.3 34.8 -19.0
v 29.0 34.3 -16.0
v 28.5 35.0 -14.0
v 29.1 34.7 -15.0
v 28.3 35.0 -13.0
v 29.0 35.0 -12.5
v 29.0 35.0 -8.7
v 29.0 36.0 -23.6
v 29.0 35.4 -14.0
v 29.0 35.5 -13.0
v 29.0 37.0 -23.4
v 29.0 38.0 -22.7
v 29.0 37.0 -7.8
v 29.0 38.0 -8.5
v 29.0 39.0 -8.3
v 29.0 40.0 -21.9
v 28.9 39.5 -8.9
v 29.0 41.0 -11.4
v 29.0 40.6 -11.0
v 29.0 40.2 -9.9
v 28.6 42.0 -22.0
v 29.0 42.0 -21.6
v 29.2 42.0 -12.0
v 28.1 43.0 -22.2
v 29.0 43.0 -21.0
v 29.0 42.3 -12.0
v 29.0 43.0 -12.5
v 29.0 44.0 -21.3
v 28.4 44.0 -12.0
v 29.0 44.0 -12.5
v 29.0 45.0 -20.7
v 28.7 45.0 -12.0
v 28.4 45.0 -11.0
v 29.0 46.0 -20.5
v 28.7 46.2 -10.9
v 29.0 47.0 -19.9
v 28.6 47.0 -10.0
v 28.5 48.0 -20.0
v 29.0 48.0 -19.7
v 28.5 49.0 -20.0
v 29.0 49.0 -19.5
v 28.0 49.0 -9.7
v 29.0 49.0 -10.4
v 28.3 50.0 -20.0
v 29.0 49.5 -19.0
v 28.6 50.0 -19.0
v 28.5 50.0 -18.0
v 29.0 49.5 -18.0
v 29.0 49.5 -16.0
v 28.9 49.5 -14.2
v 28.9 49.7 -13.0
v 28.6 50.0 -11.0
v 29.0 49.6 -11.0
v 28.2 51.0 -19.0
v 28.3 51.0 -12.0
v 28.2 51.0 -11.0
v 29.3 13.0 -28.0
v 29.2 13.0 -27.0
v 30.0 14.0 -29.2
v 30.0 13.8 -29.0
v 30.0 13.5 -28.0
v 29.8 14.1 -27.0
v 30.0 14.2 -27.0
v 30.0 14.5 -26.0
v 30.0 15.0 -25.6
v 29.9 16.0 -30.0
v 29.6 16.0 -29.0
v 30.0 16.0 -25.2
v 30.0 17.0 -29.4
v 30.0 16.2 -25.0
v 30.0 17.0 -23.6
v 30.0 17.4 -29.0
v 29.0 18.0 -28.7
v 30.0 19.5 -29.0
v 30.0 19.0 -28.7
v 30.0 20.0 -29.3
v 30.0 20.0 -22.5
v 30.0 20.3 -29.0
v 30.0 20.7 -28.0
v 29.0 21.0 -27.0
v 30.0 21.0 -22.4
v 30.0 22.0 -27.5
v 29.8 22.0 -22.0
v 30.0 23.0 -27.3
v 30.0 22.0 -22.1
v 30.0 23.0 -20.9
v 30.0 24.2 -26.2
v 30.0 24.0 -20.5
v 30.0 25.0 -25.6
v 30.0 26.0 -25.7
v 30.0 25.5 -20.0
v 30.0 26.0 -19.5
v 29.9 27.0 -19.4
v 31.0 27.0 -19.6
v 30.0 29.0 -26.4
v 30.0 30.3 -26.0
v 29.0 31.0 -26.0
v 30.1 30.0 -19.6
v 30.0 31.0 -20.4
v 30.0 32.0 -25.4
v 30.0 32.0 -20.5
v 30.0 33.0 -25.4
v 30.0 33.0 -20.7
v 30.0 33.8 -24.0
v 30.0 34.0 -21.3
v 29.1 33.9 -17.0
v 29.4 34.0 -11.0
v 29.2 34.0 -10.0
v 29.0 35.0 -24.1
v 30.0 35.0 -23.6
v 30.0 34.4 -21.0
v 30.0 35.3 -20.0
v 30.0 35.0 -20.4
v 29.5 35.0 -18.0
v 29.7 35.0 -17.0
v 30.0 34.9 -16.0
v 29.4 35.0 -12.0
v 29.5 35.0 -11.0
v 29.5 35.1 -10.0
v 29.2 35.0 -9.0
v 30.0 36.0 -23.5
v 30.0 35.4 -18.6
v 30.0 35.3 -17.0
v 29.9 36.3 -14.0
v 30.3 35.7 -15.1
v 29.5 36.0 -13.0
v 29.5 36.0 -12.0
v 29.5 36.0 -11.0
v 29.5 36.0 -9.0
v 29.0 36.0 -8.0
v 30.1 37.0 -23.3
v 30.2 37.0 -13.0
v 29.6 37.0 -12.0
v 29.5 37.0 -11.1
v 29.5 37.3 -9.9
v 29.5 37.0 -9.0
v 29.2 37.0 -8.0
v 30.0 38.1 -22.4
v 29.6 38.0 -12.0
v 29.4 38.0 -9.0
v 29.0 39.0 -22.3
v 30.0 39.0 -21.7
v 29.6 39.1 -12.0
v 29.5 39.0 -11.0
v 29.5 39.0 -10.0
v 29.3 39.0 -9.0
v 30.0 40.0 -21.5
v 29.6 40.0 -12.0
v 29.4 40.0 -11.0
v 29.2 40.0 -10.0
v 29.0 41.0 -22.1
v 30.0 41.0 -21.6
v 29.9 41.0 -15.0
v 30.0 41.0 -15.2
v 30.0 41.0 -14.6
v 29.7 40.9 -13.0
v 29.4 41.0 -12.0
v 30.0 42.0 -21.4
v 29.6 42.0 -15.0
v 30.0 41.2 -14.0
v 29.6 42.0 -14.0
v 29.5 42.0 -13.0
v 30.0 43.0 -20.9
v 29.9 42.0 -16.0
v 30.0 42.9 -15.6
v 29.5 43.0 -14.0
v 29.4 43.0 -13.0
v 30.0 44.0 -21.3
v 29.7 44.0 -15.0
v 30.0 44.0 -15.4
v 29.6 43.1 -15.0
v 30.0 45.0 -20.7
v 29.8 45.0 -17.0
v 30.0 44.8 -17.0
v 30.0 44.8 -16.0
v 30.0 44.6 -15.0
v 29.9 45.0 -16.0
v 29.7 45.0 -14.1
v 29.4 45.0 -13.0
v 29.8 46.0 -21.0
v 30.0 46.0 -21.1
v 30.0 46.0 -17.4
v 29.8 46.0 -17.0
v 30.3 46.0 -13.9
v 29.7 46.0 -13.0
v 29.4 46.0 -12.0
v 30.0 47.0 -20.5
v 29.9 47.0 -17.0
v 29.8 47.3 -11.1
v 30.0 48.0 -20.1
v 29.0 48.0 -9.9
v 30.0 48.0 -10.7
v 30.0 48.1 -20.0
v 30.0 49.0 -19.0
v 29.8 48.8 -18.0
v 29.5 49.0 -17.0
v 29.8 48.8 -16.0
v 30.0 49.0 -10.8
v 30.0 49.2 -15.0
v 30.0 49.3 -14.0
v 30.0 49.4 -13.0
v 29.2 50.1 -12.0
v 30.0 49.4 -12.0
v 30.0 49.2 -11.0
v 30.3 14.0 -29.0
v 31.0 14.0 -28.0
v 31.0 14.0 -26.0
v 30.0 15.0 -29.4
v 31.0 15.0 -28.6
v 31.0 14.4 -27.0
v 31.0 15.0 -25.4
v 31.0 16.0 -29.9
v 31.0 15.4 -29.0
v 31.0 15.5 -25.0
v 30.4 16.0 -25.0
v 31.0 17.0 -29.3
v 31.0 16.4 -24.0
v 31.0 17.0 -23.6
v 31.0 17.4 -29.0
v 31.0 18.0 -28.6
v 31.9 18.0 -23.4
v 31.0 19.0 -28.6
v 30.8 19.0 -22.6
v 31.0 20.0 -29.9
v 31.0 19.5 -29.0
v 31.0 20.6 -29.0
v 30.0 21.0 -27.7
v 31.0 21.0 -28.7
v 31.0 20.0 -22.3
v 31.0 21.0 -21.7
v 30.9 22.0 -28.3
v 30.1 22.0 -22.0
v 31.0 22.0 -21.6
v 31.0 22.5 -28.0
v 31.0 23.0 -27.6
v 31.0 23.0 -21.2
v 31.0 23.5 -27.0
v 31.0 24.0 -20.7
v 31.0 24.4 -26.0
v 31.0 25.0 -25.5
v 31.0 25.0 -20.5
v 31.0 25.7 -20.0
v 31.0 26.0 -19.8
v 30.0 27.0 -26.3
v 31.0 27.0 -25.5
v 30.0 28.0 -26.4
v 30.5 29.0 -26.0
v 31.0 29.0 -19.6
v 30.0 30.0 -26.2
v 31.3 30.0 -25.1
v 31.0 30.0 -19.8
v 30.0 31.0 -25.0
v 31.0 30.6 -25.0
v 31.0 31.0 -24.8
v 31.0 31.0 -20.4
v 31.0 32.0 -25.4
v 31.0 32.0 -20.7
v 31.0 33.0 -25.4
v 31.0 33.0 -21.3
v 31.0 33.4 -25.0
v 30.0 34.0 -23.8
v 31.0 34.0 -24.4
v 31.0 34.0 -21.4
v 31.0 35.0 -23.7
v 31.0 36.0 -23.4
v 31.0 35.1 -21.1
v 31.0 35.5 -20.0
v 31.0 35.5 -19.0
v 31.0 35.7 -18.0
v 30.8 36.1 -17.0
v 31.2 36.0 -16.0
v 31.0 36.7 -22.9
v 30.5 37.0 -14.0
v 31.3 36.9 -15.0
v 31.0 37.6 -22.0
v 31.0 38.0 -21.6
v 30.6 38.0 -14.0
v 30.4 38.0 -13.0
v 31.0 39.0 -21.4
v 30.6 39.0 -14.0
v 31.0 39.0 -14.5
v 30.4 39.0 -13.0
v 31.0 40.0 -21.5
v 30.7 40.0 -17.0
v 30.7 40.0 -16.0
v 31.1 40.0 -15.0
v 30.6 40.0 -14.0
v 30.3 40.0 -13.0
v 31.0 41.0 -21.4
v 30.9 41.0 -18.0
v 30.5 41.0 -17.0
v 30.3 41.0 -16.0
v 30.2 41.0 -14.0
v 31.0 42.0 -21.4
v 30.6 42.0 -17.0
v 31.0 43.0 -21.3
v 31.0 43.0 -16.6
v 31.0 44.0 -21.2
v 31.0 45.0 -20.6
v 30.6 45.0 -18.0
v 31.0 44.6 -18.0
v 31.3 45.0 -19.0
v 31.0 44.3 -17.0
v 31.0 44.0 -16.0
v 30.2 45.0 -15.0
v 31.0 46.0 -21.2
v 30.7 46.0 -19.0
v 30.4 46.0 -18.0
v 30.3 46.0 -16.0
v 30.5 46.0 -15.0
v 30.6 47.0 -19.0
v 31.2 47.0 -20.0
v 30.4 47.0 -18.0
v 30.4 47.0 -16.0
v 30.5 47.0 -15.0
v 30.5 47.0 -14.0
v 30.4 47.0 -13.0
v 30.3 47.0 -12.0
v 31.0 47.3 -20.0
v 30.5 48.0 -19.0
v 30.4 48.0 -18.0
v 30.3 48.0 -17.0
v 30.4 48.0 -16.0
v 30.5 48.0 -15.0
v 30.5 48.0 -13.1
v 30.5 48.0 -12.0
v 30.3 48.0 -11.0
v 30.2 49.0 -15.0
v 30.3 49.0 -14.0
v 30.4 49.0 -12.0
v 30.2 49.0 -11.0
v 31.4 15.0 -28.0
v 31.5 15.0 -27.0
v 32.1 15.0 -26.0
v 31.9 15.0 -25.0
v 32.0 15.0 -24.9
v 31.8 16.0 -29.0
v 31.6 16.0 -28.0
v 31.6 16.0 -27.0
v 32.0 15.2 -26.0
v 31.8 16.0 -26.0
v 32.0 16.0 -25.7
v 32.0 15.6 -24.0
v 32.0 16.0 -23.7
v 31.4 17.0 -29.0
v 32.0 17.0 -28.2
v 32.1 17.0 -28.0
v 31.8 17.0 -27.0
v 32.0 17.0 -23.5
v 32.0 18.0 -28.3
v 32.0 19.0 -28.5
v 32.0 19.0 -22.5
v 32.0 20.0 -29.9
v 32.0 19.6 -29.0
v 32.0 20.0 -21.9
v 31.5 21.0 -29.0
v 32.0 21.0 -29.3
v 32.0 21.0 -21.6
v 32.0 22.0 -29.2
v 32.0 22.0 -21.5
v 32.0 22.7 -29.0
v 31.6 23.0 -28.0
v 32.0 23.0 -28.8
v 32.0 23.0 -21.1
v 32.0 23.3 -28.0
v 32.0 23.5 -27.0
v 31.0 24.0 -26.3
v 32.0 23.3 -26.0
v 32.0 24.0 -25.6
v 32.0 24.0 -21.4
v 32.0 25.0 -24.8
v 31.7 25.0 -21.0
v 31.0 26.0 -25.4
v 32.0 26.0 -24.6
v 32.0 26.0 -20.6
v 31.5 28.9 -25.0
v 31.6 27.0 -20.1
v 32.0 29.0 -24.6
v 31.8 29.0 -20.3
v 32.0 30.0 -24.6
v 32.0 30.0 -20.5
v 32.0 31.0 -20.7
v 32.0 32.0 -25.4
v 32.0 32.0 -21.3
v 32.0 33.0 -25.3
v 32.0 33.0 -21.5
v 32.0 34.0 -24.6
v 32.0 34.0 -21.4
v 32.0 35.0 -24.2
v 32.0 34.9 -21.0
v 32.0 36.0 -23.4
v 32.0 35.5 -20.0
v 32.0 35.7 -19.0
v 31.4 36.0 -18.0
v 32.3 36.0 -19.0
v 32.0 36.4 -23.0
v 32.0 37.0 -22.4
v 32.3 37.0 -18.0
v 31.7 37.0 -17.0
v 31.4 37.0 -15.0
v 32.1 37.0 -16.0
v 32.0 37.4 -22.0
v 32.0 37.8 -21.0
v 32.0 38.0 -20.8
v 31.7 38.0 -17.0
v 32.1 38.0 -16.0
v 31.5 38.0 -15.0
v 31.6 39.0 -21.0
v 32.0 39.0 -20.6
v 31.9 39.0 -19.0
v 31.5 39.0 -17.0
v 31.5 39.0 -16.0
v 31.4 39.0 -15.0
v 32.1 40.0 -21.0
v 31.6 40.0 -19.0
v 32.0 40.0 -19.6
v 32.1 39.0 -18.0
v 31.4 40.0 -18.0
v 31.5 41.0 -21.0
v 31.6 41.0 -20.0
v 32.0 40.4 -20.0
v 31.4 41.0 -19.0
v 31.8 42.0 -21.0
v 31.6 42.0 -20.0
v 31.5 42.0 -19.0
v 31.3 42.0 -18.0
v 31.3 43.0 -21.0
v 31.5 43.0 -20.0
v 31.5 43.0 -19.0
v 31.5 43.0 -18.0
v 31.3 43.0 -17.0
v 31.2 44.0 -21.0
v 31.5 44.0 -20.0
v 31.5 44.0 -19.0
v 31.4 44.0 -18.0
v 31.3 44.0 -17.0
v 31.4 45.0 -20.0
v 31.2 46.0 -21.0
v 31.4 46.0 -20.0
v 31.0 47.0 -21.0
v 32.1 15.0 -25.0
v 32.5 16.0 -25.0
v 33.0 15.6 -24.0
v 33.0 16.0 -23.9
v 32.3 17.0 -26.0
v 33.0 17.0 -24.3
v 33.0 17.0 -23.8
v 32.3 18.0 -28.0
v 32.4 18.0 -27.0
v 32.6 18.0 -26.0
v 32.8 18.0 -25.0
v 33.0 18.0 -24.6
v 33.0 18.0 -23.6
v 32.4 19.0 -28.0
v 32.6 19.0 -27.0
v 33.3 19.0 -26.0
v 33.0 18.3 -25.0
v 33.0 19.0 -22.8
v 32.3 20.0 -29.0
v 32.6 20.0 -27.0
v 33.0 20.0 -26.5
v 32.5 21.0 -28.0
v 32.6 21.0 -27.0
v 33.0 21.0 -26.6
v 32.4 21.1 -22.0
v 33.0 20.0 -22.6
v 32.2 22.0 -29.0
v 32.2 21.2 -29.0
v 32.7 22.0 -27.0
v 33.0 22.0 -26.7
v 32.4 23.0 -28.0
v 33.0 23.0 -27.4
v 32.6 23.0 -22.0
v 32.9 22.6 -22.4
v 33.0 24.0 -27.0
v 33.0 23.6 -26.0
v 33.0 24.0 -25.4
v 32.7 23.9 -22.2
v 33.0 24.1 -28.0
v 33.0 24.3 -25.0
v 33.0 25.0 -24.5
v 32.9 25.0 -22.3
v 33.0 26.1 -24.4
v 33.3 26.0 -21.9
v 33.0 28.0 -24.4
v 33.0 29.0 -24.5
v 33.0 30.0 -24.7
v 33.0 30.0 -21.5
v 32.0 31.0 -24.8
v 33.1 30.9 -25.3
v 33.0 31.0 -21.5
v 33.0 32.0 -25.3
v 33.0 32.0 -21.6
v 32.0 33.3 -25.0
v 33.0 33.0 -24.6
v 33.0 33.0 -21.6
v 33.0 34.0 -21.8
v 32.8 35.0 -23.0
v 32.6 35.0 -22.0
v 32.1 35.0 -21.0
v 32.8 36.0 -23.0
v 32.7 36.0 -22.0
v 32.6 36.0 -21.0
v 32.5 36.0 -20.0
v 33.0 37.0 -22.0
v 33.2 37.0 -21.0
v 33.3 37.0 -20.0
v 33.0 37.3 -21.0
v 33.0 38.0 -20.3
v 32.6 38.0 -19.0
v 33.1 37.0 -19.0
v 33.0 38.0 -19.6
v 32.4 38.0 -18.0
v 33.0 39.0 -20.0
v 32.3 40.0 -20.0
v 33.1 16.0 -24.0
v 33.3 17.0 -24.0
v 33.7 18.0 -24.0
v 33.5 19.0 -25.0
v 33.6 19.0 -24.0
v 33.2 19.0 -23.0
v 33.5 20.0 -26.0
v 34.1 20.0 -25.0
v 33.6 20.0 -24.0
v 33.4 20.1 -23.0
v 33.6 21.0 -26.0
v 34.3 21.0 -25.0
v 33.6 21.0 -24.1
v 34.0 22.0 -26.2
v 34.2 22.0 -26.0
v 33.6 22.0 -24.0
v 34.2 22.0 -25.0
v 33.3 23.0 -27.0
v 33.7 23.0 -25.0
v 34.1 23.0 -26.0
v 33.4 23.0 -23.0
v 33.0 24.0 -28.0
v 33.3 24.0 -25.0
v 33.5 24.0 -24.0
v 33.4 24.0 -23.0
v 33.4 25.0 -24.0
v 33.5 25.0 -23.0
v 33.4 26.0 -24.0
v 34.1 26.0 -23.0
v 33.5 27.0 -24.0
v 33.5 27.0 -22.0
v 34.2 27.1 -23.0
v 33.6 28.0 -24.0
v 34.0 28.0 -23.4
v 34.0 29.0 -24.3
v 34.3 29.0 -24.0
v 33.5 29.1 -22.0
v 34.0 30.0 -25.1
v 34.0 29.3 -22.5
v 34.0 31.0 -25.2
v 33.5 31.4 -22.0
v 34.0 31.4 -25.0
v 33.0 32.4 -25.0
v 34.0 32.0 -24.6
v 34.0 32.0 -22.5
v 33.6 33.0 -24.0
v 34.0 32.6 -24.0
v 34.1 33.0 -23.0
v 33.4 33.0 -22.0
v 33.0 35.0 -24.0
v 33.5 34.0 -23.0
v 33.2 34.0 -22.0
v 33.2 38.0 -20.0
v 34.2 28.0 -23.0
v 34.4 29.0 -23.0
v 34.5 30.0 -24.0
v 34.4 30.0 -23.0
v 34.3 31.0 -25.0
v 35.0 31.0 -24.1
v 35.0 30.9 -24.0
v 35.0 31.0 -23.9
v 34.5 31.0 -23.0
v 35.0 32.0 -24.0
v 35.0 31.8 -24.0
v 34.4 32.0 -23.0
v 34.1 33.0 -23.0
v 35.1 31.0 -24.0
f 1 2 3
f 4 3 2
f 6 8 5
f 10 9 7
f 9 6 7
f 9 11 6
f 6 12 8
f 6 11 12
f 13 9 10
f 13 15 9
f 9 14 11
f 9 15 14
f 46 12 14
f 12 11 14
f 19 18 16
f 16 18 17
f 19 20 18
f 17 21 16
f 21 1 16
f 23 16 1
f 19 16 23
f 20 23 26
f 20 19 23
f 21 22 24
f 24 22 25
f 24 2 1
f 24 1 21
f 3 23 1
f 27 26 3
f 26 23 3
f 24 25 28
f 24 29 2
f 28 29 24
f 29 4 2
f 4 30 27
f 4 27 3
f 28 25 83
f 28 31 29
f 28 83 31
f 29 32 4
f 31 32 29
f 32 30 4
f 31 83 33
f 31 33 32
f 32 33 87
f 36 35 34
f 5 36 34
f 5 37 36
f 39 38 5
f 38 37 5
f 34 35 6
f 35 7 6
f 35 40 7
f 34 6 5
f 8 41 39
f 8 39 5
f 42 39 41
f 10 7 40
f 10 40 43
f 12 44 41
f 12 41 8
f 42 41 48
f 41 44 48
f 13 10 43
f 13 43 45
f 44 12 46
f 47 44 46
f 48 47 106
f 48 44 47
f 13 50 49
f 13 45 50
f 51 15 13
f 51 13 49
f 52 14 15
f 52 15 51
f 52 46 14
f 47 46 52
f 47 57 106
f 49 50 53
f 53 50 54
f 49 55 51
f 49 53 55
f 51 56 52
f 51 55 56
f 57 47 56
f 47 52 56
f 53 54 55
f 55 54 58
f 55 58 56
f 61 60 59
f 60 62 59
f 63 59 62
f 60 61 66
f 66 61 64
f 60 65 62
f 60 66 65
f 63 62 68
f 68 62 65
f 66 64 173
f 66 67 65
f 65 69 68
f 65 67 69
f 72 71 70
f 17 72 70
f 17 73 72
f 18 66 173
f 73 18 173
f 17 18 73
f 66 18 20
f 66 20 67
f 75 67 20
f 69 67 75
f 74 69 75
f 71 182 70
f 182 22 70
f 22 21 70
f 70 21 17
f 75 20 26
f 74 75 76
f 77 22 182
f 25 22 77
f 78 26 27
f 75 26 78
f 75 79 76
f 75 78 79
f 80 25 77
f 30 81 78
f 30 78 27
f 78 82 79
f 78 81 82
f 83 25 80
f 84 83 80
f 32 85 30
f 85 81 30
f 86 81 85
f 82 86 89
f 82 81 86
f 199 33 83
f 84 199 83
f 87 33 199
f 85 32 87
f 88 85 87
f 89 86 88
f 86 85 88
f 87 199 90
f 87 90 88
f 88 90 91
f 94 93 92
f 92 95 94
f 211 35 36
f 93 211 92
f 211 36 92
f 36 37 92
f 96 95 92
f 37 96 92
f 38 96 37
f 38 39 96
f 96 39 98
f 97 35 211
f 97 40 35
f 39 42 98
f 42 99 98
f 101 100 43
f 43 40 97
f 43 97 101
f 48 99 42
f 48 102 99
f 45 43 100
f 45 100 103
f 106 107 48
f 107 104 48
f 104 102 48
f 103 50 45
f 105 50 103
f 105 54 50
f 108 54 105
f 56 114 57
f 114 109 57
f 57 109 106
f 108 110 54
f 110 112 111
f 58 110 111
f 54 110 58
f 113 56 58
f 113 58 111
f 113 114 56
f 112 115 111
f 117 116 115
f 116 111 115
f 116 113 111
f 114 113 116
f 116 117 118
f 118 117 119
f 118 119 121
f 121 119 120
f 118 121 122
f 126 123 127
f 123 128 124
f 123 126 128
f 125 124 128
f 129 126 127
f 129 130 126
f 126 134 128
f 126 130 134
f 131 129 132
f 129 133 130
f 129 131 133
f 134 130 133
f 131 132 135
f 133 131 135
f 140 139 138
f 142 141 138
f 138 141 140
f 142 143 141
f 145 138 139
f 145 146 138
f 138 147 142
f 138 146 147
f 142 150 143
f 142 147 150
f 144 143 150
f 146 145 148
f 146 148 147
f 147 148 149
f 147 149 150
f 153 152 151
f 152 156 151
f 151 156 154
f 152 155 156
f 156 157 154
f 160 154 157
f 159 155 158
f 159 156 155
f 156 159 157
f 157 161 160
f 158 163 162
f 158 162 159
f 162 59 159
f 165 159 59
f 157 159 165
f 157 164 161
f 157 165 164
f 167 161 164
f 162 163 61
f 163 314 61
f 162 61 59
f 63 165 59
f 165 166 164
f 164 168 167
f 164 166 168
f 168 169 167
f 64 314 170
f 61 314 64
f 68 165 63
f 165 68 166
f 166 171 168
f 169 168 172
f 168 171 172
f 173 170 177
f 173 64 170
f 174 68 69
f 166 68 174
f 166 175 171
f 166 174 175
f 172 175 179
f 172 171 175
f 176 71 72
f 177 72 173
f 72 73 173
f 72 177 176
f 74 174 69
f 174 178 175
f 174 74 178
f 175 180 179
f 175 178 180
f 180 181 179
f 71 176 182
f 176 177 183
f 182 176 183
f 178 74 76
f 180 184 181
f 180 178 184
f 186 184 185
f 186 181 184
f 182 187 77
f 187 183 188
f 182 183 187
f 79 189 178
f 79 178 76
f 178 190 184
f 178 189 190
f 185 184 191
f 191 184 190
f 192 80 187
f 187 80 77
f 187 188 192
f 82 193 189
f 82 189 79
f 189 194 190
f 189 193 194
f 191 190 195
f 195 190 194
f 84 80 192
f 342 84 192
f 89 196 82
f 196 197 82
f 197 193 82
f 193 197 198
f 193 198 194
f 194 198 195
f 199 84 342
f 346 199 342
f 88 202 89
f 202 196 89
f 346 200 199
f 200 90 199
f 90 201 91
f 200 201 90
f 88 91 202
f 91 201 202
f 204 206 203
f 207 203 206
f 204 205 208
f 208 205 209
f 208 93 94
f 206 208 94
f 204 208 206
f 94 95 206
f 95 207 206
f 95 210 207
f 208 209 211
f 211 209 212
f 211 93 208
f 213 210 95
f 213 95 96
f 214 360 98
f 360 96 98
f 360 213 96
f 212 97 211
f 212 215 97
f 99 216 98
f 216 214 98
f 101 365 100
f 101 97 215
f 101 215 365
f 217 366 216
f 99 217 216
f 102 217 99
f 100 219 103
f 365 219 100
f 104 217 102
f 104 218 217
f 219 371 103
f 371 105 103
f 106 221 107
f 221 104 107
f 221 218 104
f 371 108 105
f 374 108 371
f 109 220 106
f 220 221 106
f 110 108 222
f 108 374 222
f 222 112 110
f 223 109 114
f 220 109 223
f 222 224 112
f 224 115 112
f 224 225 115
f 117 115 225
f 116 226 114
f 223 226 227
f 223 114 226
f 225 119 117
f 228 119 225
f 118 229 226
f 118 226 116
f 227 226 230
f 230 226 229
f 228 120 119
f 385 120 228
f 122 229 118
f 122 230 229
f 122 231 230
f 121 120 232
f 120 389 232
f 120 385 389
f 233 122 121
f 233 121 232
f 231 122 234
f 122 233 234
f 233 235 234
f 236 232 389
f 236 237 232
f 232 238 233
f 232 237 238
f 233 239 235
f 233 238 239
f 241 235 239
f 240 123 236
f 236 123 124
f 236 124 237
f 237 124 125
f 238 237 125
f 241 239 125
f 239 238 125
f 127 240 242
f 127 123 240
f 243 125 128
f 242 244 127
f 244 129 127
f 243 128 245
f 245 128 134
f 244 132 129
f 133 247 134
f 247 248 134
f 134 248 245
f 244 246 249
f 249 246 250
f 249 135 132
f 249 132 244
f 135 251 133
f 251 247 133
f 252 247 251
f 248 247 252
f 249 250 255
f 255 250 253
f 249 256 135
f 255 256 249
f 256 251 135
f 257 251 256
f 254 252 257
f 252 251 257
f 258 259 260
f 261 259 262
f 259 263 260
f 259 261 263
f 260 265 264
f 260 263 265
f 266 261 262
f 266 268 261
f 261 269 263
f 261 268 269
f 263 270 265
f 263 269 270
f 266 267 271
f 271 267 272
f 268 271 136
f 266 271 268
f 268 136 137
f 268 137 269
f 270 269 273
f 269 137 273
f 137 274 273
f 271 272 275
f 275 272 276
f 271 141 136
f 275 141 271
f 277 137 136
f 277 136 141
f 274 137 278
f 137 277 278
f 277 279 278
f 279 280 278
f 275 276 140
f 276 139 140
f 276 281 139
f 275 140 141
f 141 143 277
f 277 143 144
f 279 277 144
f 280 279 282
f 282 279 144
f 283 145 139
f 284 283 139
f 281 284 139
f 150 285 144
f 282 144 286
f 144 285 286
f 148 145 283
f 287 148 283
f 284 287 283
f 288 148 287
f 289 149 148
f 289 148 288
f 290 150 149
f 290 149 289
f 290 285 150
f 291 285 290
f 285 292 286
f 285 291 292
f 287 293 288
f 295 294 293
f 294 288 293
f 294 289 288
f 289 153 290
f 289 294 153
f 291 153 151
f 290 153 291
f 296 291 151
f 292 291 296
f 298 292 296
f 294 295 299
f 299 295 300
f 299 152 153
f 294 299 153
f 154 296 151
f 301 298 154
f 298 296 154
f 301 297 298
f 301 302 297
f 297 302 303
f 299 300 304
f 304 300 305
f 304 155 152
f 304 152 299
f 160 301 154
f 301 306 302
f 301 160 306
f 302 307 303
f 302 306 307
f 304 305 312
f 312 305 308
f 304 158 155
f 312 158 304
f 309 160 161
f 306 160 309
f 306 310 307
f 306 309 310
f 311 307 310
f 312 308 474
f 312 163 158
f 167 309 161
f 309 313 310
f 309 167 313
f 311 310 313
f 312 474 314
f 314 474 478
f 314 163 312
f 313 167 169
f 313 169 315
f 313 317 316
f 313 315 317
f 317 318 316
f 314 478 170
f 478 480 170
f 320 169 172
f 315 169 320
f 315 321 317
f 315 320 321
f 317 322 318
f 317 321 322
f 319 318 323
f 318 322 323
f 480 177 170
f 324 177 480
f 320 172 179
f 325 320 179
f 320 326 321
f 320 325 326
f 321 327 322
f 321 326 327
f 322 328 323
f 322 327 328
f 332 323 328
f 329 177 324
f 179 181 325
f 325 181 186
f 325 186 326
f 330 326 186
f 327 326 330
f 327 331 328
f 327 330 331
f 332 328 331
f 177 329 183
f 183 329 333
f 185 330 186
f 337 330 185
f 330 334 331
f 330 337 334
f 332 331 335
f 335 331 334
f 333 336 183
f 191 337 185
f 337 338 334
f 335 334 338
f 495 188 183
f 495 192 188
f 495 183 336
f 340 339 337
f 191 340 337
f 195 340 191
f 337 339 341
f 337 341 338
f 342 192 495
f 343 342 495
f 344 197 196
f 197 345 198
f 344 345 197
f 195 198 340
f 340 198 345
f 347 346 342
f 343 347 342
f 348 196 202
f 344 196 348
f 347 349 346
f 349 200 346
f 349 201 200
f 201 350 202
f 349 350 201
f 348 202 350
f 352 203 351
f 203 354 351
f 352 353 204
f 353 205 204
f 353 355 205
f 352 204 203
f 354 207 356
f 203 207 354
f 355 209 205
f 515 209 355
f 210 356 207
f 357 356 210
f 212 515 358
f 209 515 212
f 359 357 210
f 213 359 210
f 360 359 213
f 214 361 360
f 362 215 212
f 362 212 358
f 363 361 216
f 361 214 216
f 368 365 362
f 365 215 362
f 363 216 366
f 370 363 366
f 364 363 367
f 367 363 370
f 368 526 365
f 526 219 365
f 218 369 366
f 218 366 217
f 370 366 369
f 372 371 219
f 526 372 219
f 373 531 369
f 218 373 369
f 221 373 218
f 369 531 370
f 371 372 375
f 371 375 374
f 220 376 221
f 376 373 221
f 377 222 374
f 374 375 377
f 223 378 220
f 376 220 379
f 379 220 378
f 377 224 222
f 225 224 377
f 380 225 377
f 375 380 377
f 378 223 227
f 383 378 227
f 379 378 384
f 384 378 383
f 225 380 381
f 381 228 225
f 230 382 227
f 227 382 383
f 385 381 386
f 385 228 381
f 231 387 382
f 231 382 230
f 382 388 383
f 382 387 388
f 384 383 388
f 385 386 389
f 389 386 543
f 234 387 231
f 388 387 390
f 387 235 390
f 235 394 390
f 235 387 234
f 393 392 391
f 393 391 543
f 543 391 389
f 391 236 389
f 241 395 394
f 235 241 394
f 392 397 396
f 392 396 391
f 396 240 391
f 391 240 236
f 125 398 241
f 398 395 241
f 401 395 398
f 399 395 401
f 396 397 400
f 400 242 240
f 400 240 396
f 243 398 125
f 398 243 401
f 400 402 244
f 400 244 242
f 243 403 401
f 243 245 403
f 404 246 402
f 246 244 402
f 405 245 248
f 403 405 406
f 403 245 405
f 407 246 404
f 407 250 246
f 252 408 248
f 248 411 405
f 248 408 411
f 406 405 411
f 407 253 250
f 409 253 407
f 254 410 252
f 410 408 252
f 408 410 411
f 255 253 412
f 253 572 412
f 253 409 572
f 413 256 255
f 413 255 412
f 414 257 256
f 414 256 413
f 414 254 257
f 415 254 414
f 410 254 416
f 416 254 415
f 412 572 417
f 412 418 413
f 412 417 418
f 413 419 414
f 413 418 419
f 414 420 415
f 414 419 420
f 416 415 420
f 417 572 580
f 417 580 421
f 417 422 418
f 417 421 422
f 418 423 419
f 418 422 423
f 419 424 420
f 419 423 424
f 425 420 424
f 424 426 425
f 421 580 427
f 427 580 589
f 421 431 422
f 421 427 431
f 422 428 423
f 422 431 428
f 423 429 424
f 423 428 429
f 424 430 426
f 424 429 430
f 433 426 430
f 427 589 593
f 427 593 431
f 428 431 258
f 432 428 258
f 429 428 432
f 430 434 433
f 430 429 434
f 436 435 593
f 435 431 593
f 435 259 258
f 435 258 431
f 260 432 258
f 432 260 264
f 429 432 264
f 429 437 434
f 429 264 437
f 440 434 437
f 435 436 262
f 262 436 438
f 262 259 435
f 439 264 265
f 437 264 439
f 440 437 439
f 262 438 266
f 438 267 266
f 438 441 267
f 270 442 439
f 270 439 265
f 440 439 442
f 441 272 267
f 442 270 273
f 274 442 273
f 443 442 274
f 446 442 443
f 441 276 272
f 444 276 441
f 274 278 280
f 443 274 280
f 446 443 445
f 443 280 445
f 444 281 276
f 611 281 444
f 280 448 445
f 280 282 448
f 446 445 449
f 445 448 449
f 611 284 281
f 451 284 611
f 452 282 286
f 448 282 452
f 449 448 453
f 454 614 453
f 614 454 450
f 454 455 450
f 456 450 455
f 287 451 457
f 287 284 451
f 292 459 452
f 292 452 286
f 452 460 448
f 452 459 460
f 448 465 453
f 448 460 465
f 453 465 454
f 454 461 455
f 454 465 461
f 456 455 462
f 455 461 462
f 457 293 287
f 295 293 457
f 458 295 457
f 463 295 458
f 298 459 292
f 460 298 297
f 459 298 460
f 464 460 297
f 465 460 464
f 461 466 462
f 463 300 295
f 467 300 463
f 303 464 297
f 468 464 303
f 465 464 468
f 465 469 461
f 465 468 469
f 466 469 470
f 466 461 469
f 467 305 300
f 471 305 467
f 307 311 468
f 307 468 303
f 468 472 469
f 468 311 472
f 470 469 624
f 624 469 472
f 471 308 305
f 626 308 471
f 311 473 472
f 472 473 624
f 473 479 624
f 474 308 626
f 475 474 626
f 311 313 316
f 473 311 316
f 473 316 476
f 473 477 479
f 473 476 477
f 474 475 631
f 474 631 478
f 316 318 476
f 476 318 319
f 477 476 319
f 478 631 634
f 478 634 480
f 481 319 323
f 477 319 481
f 482 477 481
f 483 324 480
f 480 634 484
f 480 484 483
f 332 481 323
f 482 481 489
f 481 332 489
f 485 329 483
f 483 329 324
f 486 483 484
f 485 483 486
f 489 487 488
f 489 332 487
f 329 485 333
f 485 490 333
f 485 486 490
f 486 491 490
f 335 487 332
f 488 487 492
f 492 487 335
f 493 333 490
f 493 336 333
f 493 490 491
f 338 494 335
f 492 335 494
f 336 493 496
f 495 336 496
f 497 495 496
f 498 497 496
f 339 340 499
f 646 339 499
f 339 647 341
f 646 647 339
f 647 648 341
f 338 341 494
f 341 500 494
f 341 648 500
f 495 497 501
f 343 495 501
f 650 343 501
f 501 497 498
f 344 503 345
f 502 503 344
f 345 503 499
f 345 499 340
f 343 650 347
f 347 650 504
f 506 505 348
f 344 348 502
f 502 348 505
f 347 504 349
f 349 506 350
f 504 506 349
f 348 350 506
f 351 508 507
f 508 351 509
f 507 353 352
f 507 510 353
f 507 352 351
f 354 509 351
f 354 511 509
f 510 355 353
f 512 355 510
f 513 511 354
f 513 354 356
f 513 356 514
f 512 516 515
f 355 512 515
f 357 359 517
f 514 357 517
f 356 357 514
f 359 518 517
f 515 516 358
f 516 519 358
f 520 360 361
f 520 359 360
f 361 521 520
f 519 362 358
f 522 362 519
f 363 364 361
f 364 521 361
f 364 523 521
f 522 524 362
f 362 524 368
f 368 524 525
f 367 523 364
f 527 526 368
f 525 527 368
f 528 529 370
f 529 367 370
f 530 372 526
f 526 527 530
f 528 370 531
f 535 528 531
f 529 528 532
f 532 528 535
f 533 372 530
f 533 375 372
f 373 534 531
f 376 534 373
f 531 534 535
f 536 375 533
f 379 537 534
f 376 379 534
f 536 380 375
f 538 380 536
f 384 537 379
f 539 537 384
f 538 381 380
f 540 381 538
f 386 540 541
f 381 540 386
f 388 542 384
f 539 384 542
f 543 541 684
f 543 386 541
f 542 388 390
f 394 542 390
f 544 542 394
f 543 684 393
f 684 392 393
f 684 688 392
f 544 394 545
f 394 395 545
f 549 397 392
f 546 549 392
f 688 546 392
f 399 547 545
f 395 399 545
f 547 548 545
f 549 400 397
f 549 546 550
f 554 549 550
f 401 551 547
f 401 547 399
f 547 552 548
f 547 551 552
f 548 552 557
f 553 402 549
f 549 402 400
f 553 549 554
f 554 550 559
f 403 555 551
f 403 551 401
f 551 556 552
f 551 555 556
f 557 552 556
f 402 553 404
f 553 558 404
f 553 554 558
f 554 559 558
f 555 403 406
f 560 555 406
f 556 560 561
f 556 555 560
f 404 558 407
f 558 562 407
f 558 563 562
f 558 559 564
f 558 564 563
f 411 565 406
f 406 566 560
f 406 565 566
f 561 560 566
f 567 409 562
f 562 409 407
f 563 564 568
f 567 563 568
f 562 563 567
f 569 411 410
f 569 565 411
f 570 565 569
f 566 570 571
f 566 565 570
f 567 572 409
f 567 568 573
f 567 573 572
f 410 574 569
f 410 416 574
f 569 574 570
f 571 570 719
f 719 570 574
f 572 573 575
f 574 416 576
f 719 574 576
f 577 580 572
f 572 575 722
f 572 722 577
f 420 578 416
f 578 582 416
f 416 579 576
f 416 582 579
f 584 576 579
f 577 722 581
f 580 577 581
f 425 578 420
f 578 425 582
f 582 583 579
f 579 585 584
f 579 583 585
f 586 581 587
f 580 581 586
f 588 425 426
f 582 425 588
f 582 588 583
f 583 592 585
f 586 589 580
f 586 587 590
f 586 590 589
f 433 588 426
f 588 591 583
f 588 433 591
f 583 591 592
f 589 590 594
f 589 594 593
f 595 433 434
f 591 433 595
f 591 596 592
f 591 595 596
f 594 436 593
f 440 597 595
f 440 595 434
f 596 597 598
f 596 595 597
f 594 438 436
f 599 438 594
f 440 600 597
f 598 597 754
f 754 597 600
f 599 441 438
f 442 600 440
f 600 602 754
f 601 441 599
f 446 600 442
f 600 446 602
f 754 602 603
f 444 601 605
f 444 441 601
f 602 613 603
f 602 446 613
f 603 607 606
f 603 613 607
f 447 606 607
f 447 608 606
f 609 604 447
f 604 608 447
f 604 609 610
f 605 611 444
f 605 612 611
f 613 446 449
f 613 614 607
f 614 450 447
f 614 447 607
f 450 609 447
f 609 616 610
f 615 610 616
f 764 451 611
f 611 612 764
f 453 613 449
f 613 453 614
f 456 609 450
f 609 456 616
f 615 616 618
f 764 457 451
f 458 457 764
f 767 458 764
f 617 456 462
f 616 456 617
f 618 616 617
f 463 767 619
f 463 458 767
f 466 620 617
f 466 617 462
f 618 617 768
f 768 617 620
f 621 467 619
f 619 467 463
f 620 466 470
f 622 620 470
f 768 620 625
f 625 620 622
f 623 471 621
f 621 471 467
f 470 624 622
f 622 627 625
f 622 624 627
f 627 628 625
f 623 626 471
f 623 773 626
f 624 479 627
f 629 475 626
f 773 629 626
f 627 630 628
f 627 479 630
f 779 628 630
f 629 631 475
f 629 632 631
f 633 479 477
f 630 479 633
f 779 630 635
f 635 630 633
f 631 632 634
f 482 633 477
f 635 633 482
f 634 632 636
f 634 636 484
f 489 635 482
f 489 637 635
f 636 486 484
f 789 486 636
f 638 637 489
f 638 489 488
f 639 491 789
f 491 486 789
f 640 639 789
f 492 638 488
f 492 641 638
f 491 639 493
f 639 642 493
f 639 640 643
f 639 643 642
f 494 641 492
f 496 493 498
f 498 493 642
f 643 644 498
f 642 643 498
f 654 645 499
f 645 646 499
f 648 649 500
f 494 500 649
f 650 501 651
f 501 498 651
f 651 498 644
f 653 652 502
f 502 654 503
f 652 654 502
f 499 503 654
f 651 655 504
f 651 504 650
f 656 506 655
f 656 655 651
f 656 505 506
f 657 505 656
f 502 505 653
f 653 505 657
f 504 655 506
f 507 508 658
f 508 509 658
f 660 659 507
f 659 510 507
f 660 507 658
f 511 658 509
f 659 512 510
f 814 512 659
f 516 512 814
f 516 814 661
f 662 514 517
f 518 662 517
f 661 519 516
f 359 663 518
f 520 663 359
f 520 521 663
f 663 521 664
f 821 522 519
f 664 523 665
f 521 523 664
f 821 666 522
f 522 666 524
f 525 524 666
f 523 824 665
f 367 824 523
f 666 527 525
f 667 527 666
f 529 824 367
f 529 668 824
f 667 530 527
f 669 530 667
f 532 668 529
f 532 670 668
f 530 828 533
f 530 669 828
f 671 535 534
f 670 532 672
f 532 671 672
f 671 673 672
f 532 535 671
f 828 536 533
f 674 536 828
f 679 534 537
f 671 534 679
f 671 675 673
f 671 679 675
f 673 675 676
f 674 538 536
f 539 679 537
f 679 677 675
f 676 677 678
f 676 675 677
f 674 540 538
f 836 540 674
f 679 680 677
f 678 677 680
f 540 681 541
f 836 681 540
f 542 682 679
f 542 679 539
f 679 683 680
f 679 682 683
f 686 680 683
f 541 681 689
f 541 689 684
f 544 685 682
f 544 682 542
f 683 687 686
f 683 682 687
f 684 689 688
f 685 544 545
f 690 685 545
f 685 691 682
f 685 690 691
f 682 692 687
f 682 691 692
f 688 689 693
f 688 693 546
f 545 548 690
f 694 690 548
f 691 690 694
f 692 694 695
f 692 691 694
f 693 550 546
f 696 550 693
f 557 694 548
f 700 695 557
f 695 694 557
f 700 697 695
f 696 559 550
f 556 699 557
f 699 700 557
f 700 703 697
f 697 703 698
f 698 703 701
f 702 559 696
f 699 556 561
f 706 699 561
f 699 710 700
f 699 706 710
f 700 710 703
f 703 704 701
f 702 564 559
f 705 564 702
f 566 709 561
f 561 709 706
f 703 710 711
f 703 707 704
f 703 711 707
f 861 704 707
f 564 708 568
f 564 705 708
f 709 566 571
f 709 714 706
f 706 714 710
f 711 712 707
f 861 707 713
f 707 712 713
f 708 573 568
f 867 573 708
f 571 720 709
f 571 719 720
f 709 720 714
f 710 715 711
f 710 714 715
f 711 716 712
f 711 715 716
f 713 716 717
f 713 712 716
f 575 867 718
f 575 573 867
f 720 731 714
f 714 731 732
f 714 732 715
f 715 721 716
f 715 723 721
f 717 716 721
f 718 722 575
f 718 875 722
f 584 719 576
f 719 726 720
f 719 584 726
f 720 726 731
f 732 727 715
f 715 727 723
f 723 724 721
f 875 581 722
f 725 581 875
f 726 584 585
f 727 735 723
f 724 735 728
f 724 723 735
f 729 587 581
f 725 729 581
f 592 730 726
f 592 726 585
f 726 730 731
f 732 733 727
f 735 733 734
f 735 727 733
f 736 587 729
f 736 590 587
f 730 737 731
f 731 738 732
f 731 737 738
f 732 739 733
f 732 738 739
f 734 733 739
f 736 594 590
f 740 594 736
f 596 741 730
f 596 730 592
f 730 742 737
f 730 741 742
f 737 743 738
f 737 742 743
f 744 739 743
f 739 738 743
f 745 594 740
f 741 596 598
f 746 741 598
f 741 747 742
f 741 746 747
f 743 747 750
f 743 742 747
f 748 599 888
f 599 745 888
f 599 594 745
f 598 749 746
f 598 754 749
f 747 751 750
f 747 746 751
f 751 752 750
f 753 599 748
f 749 755 746
f 749 754 755
f 746 755 751
f 751 756 752
f 751 755 756
f 752 756 757
f 758 601 753
f 753 601 599
f 759 754 603
f 755 754 759
f 755 759 608
f 756 608 604
f 755 608 756
f 760 756 604
f 757 756 760
f 761 757 760
f 758 605 601
f 899 605 758
f 606 759 603
f 759 606 608
f 610 760 604
f 610 615 760
f 615 761 760
f 612 899 762
f 612 605 899
f 615 763 761
f 762 764 612
f 762 765 764
f 763 618 766
f 615 618 763
f 764 765 904
f 764 904 767
f 618 768 766
f 769 766 768
f 767 904 619
f 769 768 772
f 768 770 772
f 771 621 905
f 905 621 619
f 905 908 771
f 768 625 770
f 773 623 771
f 771 623 621
f 771 908 774
f 773 771 774
f 775 625 628
f 770 625 775
f 772 770 776
f 776 770 775
f 773 774 777
f 778 776 628
f 776 775 628
f 777 629 773
f 779 778 628
f 780 778 779
f 777 632 629
f 781 632 777
f 635 782 779
f 779 782 780
f 783 632 781
f 635 785 782
f 786 636 783
f 636 632 783
f 786 783 784
f 787 786 784
f 784 788 787
f 785 637 792
f 635 637 785
f 786 789 636
f 790 786 787
f 789 786 790
f 787 788 790
f 638 791 637
f 791 792 637
f 789 793 640
f 789 790 793
f 790 788 794
f 790 794 793
f 641 796 638
f 791 638 796
f 795 640 793
f 795 643 640
f 795 793 794
f 641 797 796
f 494 797 641
f 643 795 644
f 644 795 798
f 645 654 801
f 802 645 801
f 645 935 646
f 802 935 645
f 646 935 647
f 647 803 648
f 935 803 647
f 648 804 649
f 803 804 648
f 494 649 797
f 797 649 804
f 644 805 651
f 938 805 644
f 798 938 644
f 800 799 652
f 653 800 652
f 938 800 653
f 652 799 654
f 654 799 801
f 656 651 805
f 938 656 805
f 938 657 656
f 653 657 938
f 809 808 806
f 806 808 807
f 806 807 810
f 810 807 811
f 810 659 660
f 809 810 660
f 806 810 809
f 660 812 809
f 812 660 658
f 658 813 812
f 658 511 813
f 810 811 814
f 814 811 815
f 814 659 810
f 816 813 511
f 816 511 513
f 513 514 816
f 814 815 661
f 815 945 661
f 662 816 514
f 817 662 518
f 818 817 518
f 945 519 661
f 947 519 945
f 663 818 518
f 664 819 663
f 819 818 663
f 664 820 819
f 947 821 519
f 665 820 664
f 665 822 820
f 666 821 823
f 824 825 665
f 825 822 665
f 666 823 956
f 667 666 956
f 825 824 826
f 826 824 668
f 956 669 667
f 827 669 956
f 826 668 830
f 830 668 670
f 669 829 828
f 827 829 669
f 673 830 672
f 830 670 672
f 673 832 830
f 829 831 828
f 831 674 828
f 833 832 676
f 832 673 676
f 833 834 832
f 836 674 831
f 678 833 676
f 837 833 678
f 833 837 834
f 835 834 838
f 838 834 837
f 680 839 678
f 678 840 837
f 678 839 840
f 841 681 836
f 686 839 680
f 839 842 840
f 839 686 842
f 844 840 842
f 841 689 681
f 843 686 687
f 842 686 843
f 842 845 844
f 842 843 845
f 846 689 841
f 692 847 843
f 692 843 687
f 843 848 845
f 843 847 848
f 846 693 689
f 847 692 695
f 849 847 695
f 847 850 848
f 847 849 850
f 851 848 850
f 846 696 693
f 702 696 846
f 695 697 849
f 849 697 698
f 849 698 850
f 852 851 698
f 851 850 698
f 852 853 851
f 701 852 698
f 858 852 701
f 853 852 858
f 853 855 854
f 853 858 855
f 855 856 854
f 704 858 701
f 855 859 856
f 855 858 859
f 857 856 860
f 860 856 859
f 987 705 702
f 861 858 704
f 858 861 869
f 858 862 859
f 858 869 862
f 860 859 863
f 863 859 862
f 705 864 708
f 987 864 705
f 869 861 713
f 869 865 862
f 863 862 866
f 862 865 866
f 708 864 868
f 708 868 867
f 717 869 713
f 865 870 866
f 868 718 867
f 871 718 868
f 721 876 717
f 717 872 869
f 717 876 872
f 869 873 865
f 869 872 873
f 865 874 870
f 865 873 874
f 871 875 718
f 724 876 721
f 876 877 872
f 872 877 873
f 999 874 877
f 874 873 877
f 878 725 875
f 876 724 728
f 876 879 877
f 876 728 879
f 878 729 725
f 880 729 878
f 734 728 735
f 728 734 879
f 881 736 729
f 1006 881 729
f 880 1006 729
f 739 882 734
f 734 882 883
f 879 883 884
f 879 734 883
f 885 740 881
f 881 740 736
f 881 1006 886
f 885 881 886
f 882 739 744
f 882 887 883
f 884 883 887
f 888 745 885
f 885 745 740
f 888 886 1014
f 885 886 888
f 744 743 750
f 889 744 750
f 744 890 882
f 744 889 890
f 887 890 891
f 887 882 890
f 1014 892 748
f 1014 748 888
f 893 892 1014
f 750 752 889
f 894 889 752
f 890 889 894
f 891 890 895
f 895 890 894
f 892 753 748
f 892 893 896
f 757 894 752
f 897 895 757
f 895 894 757
f 898 758 892
f 892 758 753
f 892 896 898
f 761 897 757
f 898 899 758
f 898 900 899
f 900 762 899
f 1027 762 900
f 763 901 761
f 765 1027 902
f 765 762 1027
f 766 901 763
f 766 903 901
f 902 904 765
f 902 1144 904
f 769 903 766
f 769 906 903
f 1144 905 619
f 904 1144 619
f 906 769 772
f 906 772 907
f 905 909 908
f 772 910 907
f 909 774 908
f 910 776 911
f 772 776 910
f 912 777 774
f 1041 912 774
f 909 1041 774
f 778 911 776
f 778 913 911
f 914 777 912
f 912 1041 915
f 914 912 915
f 780 913 778
f 780 1044 913
f 916 781 914
f 914 781 777
f 917 914 915
f 916 914 917
f 915 918 917
f 919 780 782
f 919 1044 780
f 916 783 781
f 783 917 784
f 783 916 917
f 918 784 917
f 921 784 918
f 782 920 919
f 785 920 782
f 921 788 784
f 920 785 792
f 920 792 922
f 923 788 921
f 791 924 792
f 924 922 792
f 923 794 788
f 925 794 923
f 796 926 791
f 791 926 924
f 794 925 927
f 795 794 927
f 928 795 927
f 929 928 927
f 797 930 796
f 930 926 796
f 795 931 798
f 795 928 931
f 932 799 800
f 928 932 800
f 931 928 800
f 932 928 929
f 801 932 933
f 799 932 801
f 934 801 933
f 802 801 934
f 934 935 802
f 935 1061 803
f 936 1061 935
f 803 1061 804
f 797 804 930
f 804 937 930
f 804 1061 937
f 931 938 798
f 800 938 931
f 940 939 807
f 808 940 807
f 941 808 809
f 939 811 807
f 943 811 939
f 812 941 809
f 813 944 812
f 944 942 812
f 942 941 812
f 943 815 811
f 945 815 943
f 816 944 813
f 816 946 944
f 948 946 816
f 948 816 662
f 949 662 817
f 949 948 662
f 950 949 818
f 949 817 818
f 819 950 818
f 951 950 819
f 819 820 951
f 951 820 952
f 954 821 947
f 822 952 820
f 822 953 952
f 954 823 821
f 825 953 822
f 825 955 953
f 823 957 956
f 823 954 957
f 826 955 825
f 826 958 955
f 956 957 1085
f 1085 827 956
f 958 830 959
f 826 830 958
f 827 1085 1086
f 829 827 1086
f 832 960 830
f 960 959 830
f 832 961 960
f 962 831 829
f 1090 962 829
f 1086 1090 829
f 832 834 961
f 834 835 961
f 835 963 961
f 964 836 962
f 962 836 831
f 962 1090 965
f 962 965 964
f 838 963 835
f 838 966 963
f 967 836 964
f 840 968 837
f 966 838 969
f 838 968 969
f 968 970 969
f 838 837 968
f 970 971 969
f 967 841 836
f 972 841 967
f 844 968 840
f 968 973 970
f 968 844 973
f 971 970 974
f 974 970 973
f 975 844 845
f 973 844 975
f 974 973 977
f 973 976 977
f 973 975 976
f 972 846 841
f 848 978 975
f 848 975 845
f 975 979 976
f 975 978 979
f 977 976 980
f 980 976 979
f 981 846 972
f 851 978 848
f 978 982 979
f 978 851 982
f 980 979 984
f 979 983 984
f 979 982 983
f 981 702 846
f 851 853 982
f 854 982 853
f 983 982 854
f 984 983 986
f 983 985 986
f 983 854 985
f 854 856 985
f 856 857 985
f 857 986 985
f 857 988 986
f 981 987 702
f 860 989 988
f 857 860 988
f 863 989 860
f 991 989 863
f 990 864 987
f 992 864 990
f 993 991 866
f 991 863 866
f 992 868 864
f 994 868 992
f 870 995 993
f 870 993 866
f 994 871 868
f 996 871 994
f 874 997 995
f 874 995 870
f 998 995 997
f 996 875 871
f 1110 875 996
f 997 874 999
f 1000 997 999
f 998 997 1000
f 1110 878 875
f 1114 878 1110
f 879 999 877
f 999 1003 1000
f 998 1000 1005
f 880 1114 1001
f 880 878 1114
f 879 1002 999
f 1013 999 1002
f 999 1013 1003
f 1005 1000 1004
f 1000 1003 1004
f 1001 1006 880
f 1001 1007 1006
f 884 1002 879
f 1008 1002 884
f 1002 1008 1013
f 1003 1013 1009
f 1003 1009 1004
f 1007 886 1006
f 1010 886 1007
f 887 1011 884
f 1012 1008 1011
f 1008 884 1011
f 1008 1012 1013
f 886 1010 1015
f 1014 886 1015
f 1016 1014 1015
f 1011 887 891
f 1017 1011 891
f 1014 1018 893
f 1014 1016 1018
f 1016 1019 1018
f 1017 895 1020
f 1017 891 895
f 1022 896 1018
f 1018 896 893
f 1018 1019 1130
f 1022 1018 1130
f 1021 1020 897
f 1020 895 897
f 1022 898 896
f 1023 1022 1130
f 761 1024 1021
f 761 1021 897
f 1025 900 1022
f 1022 900 898
f 1025 1023 1136
f 1022 1023 1025
f 901 1028 1024
f 901 1024 761
f 1026 1024 1028
f 1025 1027 900
f 1025 1136 1139
f 1025 1139 1027
f 1027 1139 902
f 1142 902 1139
f 903 1029 1028
f 903 1028 901
f 1030 1028 1029
f 902 1142 1144
f 906 1031 1029
f 906 1029 903
f 1030 1029 1032
f 1029 1031 1032
f 1033 905 1144
f 1031 906 907
f 1034 1031 907
f 1032 1031 1034
f 1032 1034 1038
f 1035 909 1033
f 1033 909 905
f 910 1036 1034
f 910 1034 907
f 1038 1036 1037
f 1038 1034 1036
f 1039 909 1035
f 911 1036 910
f 911 1037 1036
f 911 1040 1037
f 1039 1041 909
f 1039 1155 1041
f 1040 913 1042
f 911 913 1040
f 1155 1043 915
f 1041 1155 915
f 1044 1042 913
f 1045 1042 1044
f 1046 918 1043
f 1043 918 915
f 919 1049 1044
f 1045 1044 1049
f 1047 918 1046
f 1047 921 918
f 920 1048 919
f 1048 1049 919
f 1050 921 1047
f 922 1048 920
f 922 1052 1048
f 1050 923 921
f 1051 923 1050
f 924 1052 922
f 925 923 1051
f 924 926 1052
f 1052 926 1054
f 1051 927 925
f 929 927 1051
f 1053 929 1051
f 1055 929 1053
f 930 1054 926
f 930 1056 1054
f 1055 1057 929
f 929 1057 932
f 933 932 1057
f 1058 934 933
f 934 1178 935
f 1058 1178 934
f 935 1059 936
f 1178 1059 935
f 936 1060 1061
f 1059 1060 936
f 1060 1062 1061
f 1066 937 1061
f 1066 1063 937
f 1063 930 937
f 1063 1056 930
f 1057 1064 933
f 1058 933 1064
f 1062 1065 1061
f 1061 1065 1066
f 940 1067 939
f 1068 940 808
f 1069 808 941
f 1069 1068 808
f 941 942 1069
f 1069 942 1070
f 1067 943 939
f 1072 943 1067
f 1070 942 944
f 1070 944 1071
f 1072 945 943
f 946 1071 944
f 946 1073 1071
f 1072 947 945
f 1074 947 1072
f 1075 1073 946
f 1075 946 948
f 1076 948 949
f 1076 1075 948
f 949 950 1076
f 1200 947 1074
f 1077 1076 950
f 1079 1077 952
f 1077 951 952
f 1077 950 951
f 954 1200 1078
f 947 1200 954
f 952 1080 1079
f 952 953 1080
f 1081 954 1078
f 955 1080 953
f 955 1082 1080
f 1081 957 954
f 1083 957 1081
f 958 1082 955
f 958 1084 1082
f 1083 1085 957
f 959 1084 958
f 1085 1087 1086
f 1088 959 960
f 1092 1088 1089
f 1088 961 1089
f 1088 960 961
f 1086 1087 1090
f 1090 1087 1091
f 961 963 1089
f 963 1093 1089
f 1093 1092 1089
f 1090 1091 965
f 965 1091 1094
f 966 1095 1093
f 966 1093 963
f 1096 967 1094
f 964 965 1094
f 964 1094 967
f 969 1095 966
f 969 971 1095
f 971 1097 1095
f 1218 967 1096
f 1218 972 967
f 1097 974 1099
f 971 974 1097
f 1098 972 1218
f 977 1099 974
f 980 1099 977
f 980 1100 1099
f 1098 981 972
f 1227 981 1098
f 1100 980 984
f 1101 981 1227
f 1102 1100 984
f 1102 984 986
f 988 1103 1102
f 986 988 1102
f 1101 987 981
f 988 989 1103
f 989 1105 1103
f 1101 990 987
f 1104 990 1101
f 989 991 1105
f 1104 992 990
f 993 1105 991
f 993 1106 1105
f 1104 994 992
f 1107 994 1104
f 995 1106 993
f 995 1108 1106
f 1107 996 994
f 1109 996 1107
f 1108 998 1112
f 995 998 1108
f 1110 996 1109
f 998 1113 1112
f 1110 1111 1115
f 1110 1115 1114
f 1005 1113 998
f 1005 1116 1113
f 1115 1001 1114
f 1117 1001 1115
f 1118 1005 1004
f 1116 1005 1118
f 1117 1007 1001
f 1119 1007 1117
f 1122 1004 1009
f 1122 1118 1004
f 1010 1119 1120
f 1010 1007 1119
f 1121 1013 1012
f 1121 1126 1013
f 1013 1126 1009
f 1126 1122 1009
f 1120 1015 1010
f 1016 1015 1120
f 1123 1016 1120
f 1017 1124 1012
f 1017 1012 1011
f 1126 1121 1125
f 1121 1124 1125
f 1121 1012 1124
f 1123 1019 1016
f 1127 1019 1123
f 1124 1017 1020
f 1128 1124 1020
f 1125 1124 1129
f 1129 1124 1128
f 1019 1133 1130
f 1019 1127 1133
f 1128 1020 1131
f 1020 1021 1131
f 1021 1132 1131
f 1128 1131 1129
f 1134 1130 1133
f 1023 1130 1134
f 1024 1132 1021
f 1024 1135 1132
f 1137 1136 1023
f 1134 1137 1023
f 1026 1135 1024
f 1026 1138 1135
f 1140 1136 1137
f 1139 1136 1140
f 1138 1028 1141
f 1026 1028 1138
f 1139 1140 1142
f 1140 1267 1142
f 1030 1141 1028
f 1141 1030 1143
f 1142 1267 1145
f 1142 1145 1144
f 1146 1030 1032
f 1143 1030 1146
f 1271 1143 1146
f 1145 1033 1144
f 1038 1146 1032
f 1147 1271 1038
f 1271 1146 1038
f 1145 1035 1033
f 1149 1035 1145
f 1037 1150 1038
f 1150 1147 1038
f 1151 1147 1150
f 1148 1147 1152
f 1152 1147 1151
f 1149 1039 1035
f 1278 1039 1149
f 1040 1150 1037
f 1150 1153 1151
f 1150 1040 1153
f 1152 1151 1154
f 1154 1151 1153
f 1155 1039 1278
f 1156 1155 1278
f 1153 1040 1157
f 1040 1042 1157
f 1042 1158 1157
f 1153 1157 1154
f 1156 1043 1155
f 1159 1043 1156
f 1045 1158 1042
f 1045 1160 1158
f 1159 1046 1043
f 1283 1046 1159
f 1049 1160 1045
f 1161 1047 1046
f 1162 1161 1046
f 1283 1162 1046
f 1048 1163 1049
f 1163 1160 1049
f 1164 1050 1161
f 1161 1050 1047
f 1161 1162 1165
f 1166 1161 1165
f 1164 1161 1166
f 1052 1167 1048
f 1163 1048 1167
f 1168 1051 1164
f 1164 1051 1050
f 1169 1164 1166
f 1168 1164 1169
f 1166 1165 1170
f 1166 1170 1169
f 1052 1171 1167
f 1168 1169 1172
f 1053 1168 1172
f 1173 1053 1172
f 1168 1053 1051
f 1172 1169 1170
f 1174 1175 1054
f 1054 1175 1052
f 1175 1171 1052
f 1173 1055 1053
f 1176 1055 1173
f 1056 1177 1174
f 1056 1174 1054
f 1175 1174 1177
f 1057 1055 1315
f 1055 1176 1315
f 1178 1058 1182
f 1183 1059 1178
f 1179 1060 1059
f 1179 1059 1183
f 1179 1062 1060
f 1056 1180 1177
f 1063 1180 1056
f 1315 1064 1057
f 1315 1181 1064
f 1058 1064 1182
f 1064 1181 1182
f 1178 1182 1321
f 1178 1321 1183
f 1185 1184 1183
f 1184 1179 1183
f 1179 1184 1062
f 1184 1186 1062
f 1186 1065 1062
f 1065 1187 1066
f 1186 1187 1065
f 1063 1066 1180
f 1180 1066 1187
f 1190 1189 1330
f 1189 1067 1330
f 1067 940 1330
f 1330 940 1068
f 1330 1068 1188
f 1068 1191 1188
f 1069 1191 1068
f 1192 1069 1070
f 1192 1191 1069
f 1194 1072 1067
f 1194 1067 1189
f 1070 1071 1192
f 1071 1193 1192
f 1071 1195 1193
f 1197 1072 1194
f 1195 1073 1196
f 1071 1073 1195
f 1197 1074 1072
f 1075 1196 1073
f 1075 1076 1196
f 1076 1199 1196
f 1197 1198 1200
f 1200 1198 1201
f 1200 1074 1197
f 1077 1199 1076
f 1202 1199 1077
f 1077 1079 1202
f 1202 1079 1203
f 1200 1201 1078
f 1201 1204 1078
f 1203 1079 1205
f 1080 1205 1079
f 1078 1206 1081
f 1078 1204 1206
f 1082 1208 1080
f 1080 1208 1205
f 1081 1206 1207
f 1207 1083 1081
f 1082 1084 1208
f 1083 1207 1357
f 1085 1083 1357
f 1209 1084 959
f 1209 959 1211
f 1357 1087 1085
f 1210 1087 1357
f 1211 959 1088
f 1088 1092 1211
f 1211 1092 1212
f 1210 1091 1087
f 1213 1091 1210
f 1214 1212 1092
f 1216 1214 1093
f 1214 1092 1093
f 1213 1094 1091
f 1215 1094 1213
f 1093 1217 1216
f 1093 1095 1217
f 1215 1367 1094
f 1094 1367 1096
f 1097 1217 1095
f 1097 1220 1217
f 1219 1218 1096
f 1367 1219 1096
f 1220 1097 1099
f 1220 1099 1370
f 1221 1098 1218
f 1218 1219 1222
f 1218 1222 1221
f 1099 1223 1370
f 1224 1098 1221
f 1221 1222 1225
f 1221 1225 1224
f 1223 1100 1226
f 1099 1100 1223
f 1224 1227 1098
f 1224 1225 1228
f 1224 1228 1227
f 1229 1226 1100
f 1230 1101 1227
f 1230 1227 1228
f 1102 1229 1100
f 1102 1231 1229
f 1233 1101 1230
f 1102 1103 1231
f 1231 1103 1232
f 1232 1105 1234
f 1103 1105 1232
f 1233 1104 1101
f 1235 1104 1233
f 1105 1106 1234
f 1106 1236 1234
f 1237 1104 1235
f 1106 1239 1236
f 1238 1107 1237
f 1107 1104 1237
f 1106 1108 1239
f 1108 1240 1239
f 1238 1109 1107
f 1238 1241 1109
f 1112 1240 1108
f 1112 1242 1240
f 1111 1110 1109
f 1241 1111 1109
f 1243 1111 1241
f 1244 1112 1113
f 1242 1112 1244
f 1243 1115 1111
f 1245 1115 1243
f 1116 1244 1113
f 1116 1394 1244
f 1245 1117 1115
f 1246 1117 1245
f 1248 1116 1118
f 1248 1394 1116
f 1246 1119 1117
f 1247 1119 1246
f 1250 1248 1118
f 1122 1250 1118
f 1119 1247 1120
f 1120 1247 1249
f 1250 1122 1126
f 1249 1123 1120
f 1251 1123 1249
f 1253 1126 1125
f 1250 1126 1253
f 1127 1251 1252
f 1127 1123 1251
f 1129 1253 1125
f 1252 1133 1127
f 1252 1412 1133
f 1132 1254 1131
f 1254 1129 1131
f 1254 1253 1129
f 1412 1255 1134
f 1412 1134 1133
f 1256 1255 1412
f 1135 1258 1132
f 1254 1132 1259
f 1259 1132 1258
f 1260 1137 1255
f 1255 1137 1134
f 1261 1255 1256
f 1260 1255 1261
f 1256 1257 1262
f 1256 1262 1261
f 1138 1258 1135
f 1259 1258 1263
f 1258 1138 1263
f 1137 1260 1140
f 1260 1264 1140
f 1260 1261 1264
f 1261 1262 1264
f 1265 1138 1141
f 1263 1138 1265
f 1266 1263 1265
f 1264 1267 1140
f 1264 1262 1268
f 1264 1268 1267
f 1143 1265 1141
f 1269 1266 1143
f 1266 1265 1143
f 1270 1145 1267
f 1267 1268 1270
f 1271 1269 1143
f 1273 1269 1271
f 1272 1145 1270
f 1147 1148 1271
f 1148 1273 1271
f 1274 1149 1272
f 1149 1145 1272
f 1275 1274 1272
f 1152 1273 1148
f 1152 1277 1273
f 1274 1278 1149
f 1280 1274 1275
f 1278 1274 1280
f 1275 1276 1280
f 1154 1277 1152
f 1154 1279 1277
f 1156 1278 1280
f 1281 1156 1280
f 1158 1282 1157
f 1282 1154 1157
f 1282 1279 1154
f 1281 1159 1156
f 1283 1159 1281
f 1282 1158 1284
f 1284 1158 1160
f 1286 1284 1160
f 1162 1285 1431
f 1162 1283 1285
f 1290 1289 1287
f 1291 1289 1290
f 1163 1286 1160
f 1163 1291 1286
f 1431 1165 1162
f 1292 1165 1431
f 1295 1294 1293
f 1293 1294 1288
f 1287 1293 1288
f 1296 1293 1287
f 1297 1287 1289
f 1296 1287 1297
f 1298 1289 1291
f 1297 1289 1298
f 1291 1167 1298
f 1291 1163 1167
f 1292 1170 1165
f 1299 1170 1292
f 1295 1293 1300
f 1295 1300 1301
f 1302 1293 1296
f 1300 1293 1302
f 1303 1296 1297
f 1302 1296 1303
f 1304 1297 1298
f 1303 1297 1304
f 1171 1304 1167
f 1167 1304 1298
f 1305 1173 1172
f 1306 1305 1172
f 1170 1306 1172
f 1299 1306 1170
f 1307 1301 1300
f 1300 1308 1307
f 1302 1308 1300
f 1308 1302 1303
f 1303 1304 1175
f 1175 1304 1171
f 1309 1176 1305
f 1305 1176 1173
f 1305 1306 1310
f 1311 1305 1310
f 1309 1305 1311
f 1312 1307 1308
f 1314 1313 1312
f 1308 1314 1312
f 1303 1314 1308
f 1177 1314 1175
f 1175 1314 1303
f 1309 1315 1176
f 1316 1309 1311
f 1315 1309 1316
f 1311 1310 1317
f 1311 1317 1316
f 1313 1314 1177
f 1180 1313 1177
f 1318 1313 1180
f 1181 1315 1316
f 1181 1316 1182
f 1317 1182 1316
f 1182 1317 1320
f 1319 1320 1317
f 1321 1182 1320
f 1322 1183 1321
f 1322 1185 1183
f 1324 1323 1186
f 1324 1186 1184
f 1186 1325 1187
f 1323 1325 1186
f 1180 1187 1318
f 1318 1187 1325
f 1320 1319 1326
f 1320 1326 1321
f 1321 1326 1327
f 1328 1321 1327
f 1328 1322 1321
f 1322 1328 1185
f 1328 1329 1185
f 1329 1184 1185
f 1324 1184 1329
f 1330 1332 1331
f 1330 1188 1332
f 1333 1332 1188
f 1335 1334 1190
f 1190 1334 1189
f 1331 1190 1330
f 1335 1190 1331
f 1191 1333 1188
f 1191 1336 1333
f 1192 1336 1191
f 1192 1193 1336
f 1336 1193 1337
f 1334 1194 1189
f 1338 1194 1334
f 1337 1195 1339
f 1193 1195 1337
f 1338 1197 1194
f 1340 1197 1338
f 1341 1339 1196
f 1339 1195 1196
f 1345 1344 1342
f 1340 1344 1345
f 1198 1340 1345
f 1197 1340 1198
f 1199 1341 1196
f 1346 1341 1199
f 1342 1343 1347
f 1347 1343 1475
f 1342 1347 1345
f 1345 1201 1198
f 1348 1346 1199
f 1202 1348 1199
f 1202 1203 1348
f 1348 1203 1349
f 1347 1475 1353
f 1353 1475 1350
f 1347 1351 1345
f 1347 1353 1351
f 1351 1204 1201
f 1351 1201 1345
f 1205 1352 1349
f 1203 1205 1349
f 1354 1351 1353
f 1354 1206 1204
f 1354 1204 1351
f 1208 1352 1205
f 1356 1352 1208
f 1355 1206 1354
f 1207 1206 1355
f 1084 1356 1208
f 1084 1358 1356
f 1359 1358 1211
f 1211 1358 1209
f 1358 1084 1209
f 1207 1360 1357
f 1210 1357 1360
f 1211 1212 1359
f 1212 1361 1359
f 1360 1213 1210
f 1362 1213 1360
f 1363 1361 1212
f 1363 1212 1214
f 1214 1216 1363
f 1362 1215 1213
f 1364 1215 1362
f 1365 1363 1216
f 1216 1217 1365
f 1365 1217 1366
f 1215 1368 1367
f 1215 1364 1368
f 1220 1366 1217
f 1367 1368 1369
f 1369 1219 1367
f 1219 1369 1371
f 1222 1219 1371
f 1223 1373 1370
f 1371 1225 1222
f 1372 1225 1371
f 1373 1223 1226
f 1373 1226 1374
f 1372 1228 1225
f 1375 1228 1372
f 1376 1374 1226
f 1376 1226 1229
f 1228 1375 1378
f 1377 1228 1378
f 1379 1377 1378
f 1230 1228 1377
f 1231 1376 1229
f 1231 1383 1376
f 1380 1233 1377
f 1377 1233 1230
f 1381 1377 1379
f 1380 1377 1381
f 1379 1382 1381
f 1231 1232 1383
f 1384 1380 1381
f 1381 1382 1385
f 1381 1385 1384
f 1386 1383 1232
f 1386 1232 1234
f 1387 1235 1380
f 1380 1235 1233
f 1388 1380 1384
f 1387 1380 1388
f 1384 1385 1388
f 1236 1386 1234
f 1387 1237 1235
f 1387 1388 1389
f 1238 1237 1387
f 1389 1238 1387
f 1517 1238 1389
f 1239 1240 1390
f 1517 1241 1238
f 1391 1241 1517
f 1242 1390 1240
f 1242 1519 1390
f 1391 1243 1241
f 1392 1243 1391
f 1393 1242 1244
f 1393 1519 1242
f 1392 1245 1243
f 1521 1245 1392
f 1393 1244 1395
f 1395 1244 1394
f 1521 1246 1245
f 1524 1246 1521
f 1248 1398 1394
f 1395 1394 1398
f 1247 1246 1524
f 1250 1397 1248
f 1397 1527 1248
f 1527 1398 1248
f 1249 1247 1524
f 1396 1249 1524
f 1529 1249 1396
f 1405 1397 1250
f 1399 1397 1405
f 1527 1397 1400
f 1400 1397 1399
f 1402 1251 1401
f 1251 1529 1401
f 1251 1249 1529
f 1403 1402 1401
f 1405 1250 1253
f 1410 1405 1253
f 1405 1406 1399
f 1400 1399 1407
f 1407 1399 1406
f 1402 1252 1251
f 1402 1408 1252
f 1402 1403 1408
f 1403 1404 1409
f 1403 1409 1408
f 1410 1411 1405
f 1535 1406 1417
f 1406 1411 1417
f 1406 1405 1411
f 1406 1535 1407
f 1408 1412 1252
f 1408 1409 1413
f 1414 1408 1413
f 1412 1408 1414
f 1254 1415 1410
f 1254 1410 1253
f 1417 1411 1416
f 1411 1415 1416
f 1411 1410 1415
f 1256 1412 1414
f 1257 1256 1414
f 1413 1257 1414
f 1418 1257 1413
f 1259 1415 1254
f 1416 1415 1539
f 1539 1415 1259
f 1418 1262 1257
f 1419 1539 1263
f 1539 1259 1263
f 1266 1419 1263
f 1420 1419 1266
f 1418 1268 1262
f 1421 1268 1418
f 1269 1420 1266
f 1269 1422 1420
f 1421 1270 1268
f 1543 1270 1421
f 1273 1422 1269
f 1270 1543 1423
f 1272 1270 1423
f 1273 1426 1422
f 1275 1272 1423
f 1276 1275 1423
f 1424 1276 1423
f 1425 1276 1424
f 1273 1277 1426
f 1277 1427 1426
f 1425 1428 1280
f 1276 1425 1280
f 1279 1429 1277
f 1427 1277 1429
f 1428 1281 1280
f 1428 1555 1281
f 1279 1430 1429
f 1282 1430 1279
f 1555 1283 1281
f 1285 1283 1555
f 1284 1430 1282
f 1433 1432 1284
f 1433 1284 1286
f 1288 1435 1287
f 1287 1435 1436
f 1437 1287 1436
f 1290 1287 1437
f 1290 1438 1291
f 1437 1438 1290
f 1438 1433 1291
f 1433 1286 1291
f 1434 1292 1431
f 1439 1292 1434
f 1295 1440 1294
f 1435 1288 1294
f 1440 1435 1294
f 1444 1435 1440
f 1436 1435 1444
f 1439 1299 1292
f 1441 1299 1439
f 1443 1442 1440
f 1295 1443 1440
f 1301 1443 1295
f 1440 1442 1444
f 1306 1441 1445
f 1306 1299 1441
f 1446 1301 1307
f 1443 1301 1446
f 1445 1310 1306
f 1447 1310 1445
f 1446 1307 1448
f 1446 1448 1449
f 1312 1448 1307
f 1447 1317 1310
f 1450 1317 1447
f 1451 1449 1448
f 1448 1452 1451
f 1312 1452 1448
f 1318 1452 1313
f 1313 1452 1312
f 1319 1317 1450
f 1319 1450 1453
f 1454 1451 1452
f 1323 1454 1452
f 1325 1323 1452
f 1454 1323 1324
f 1325 1452 1318
f 1453 1455 1319
f 1319 1456 1326
f 1455 1456 1319
f 1326 1457 1327
f 1456 1457 1326
f 1328 1327 1457
f 1329 1458 1324
f 1458 1459 1324
f 1324 1459 1454
f 1457 1460 1328
f 1328 1461 1329
f 1328 1460 1461
f 1329 1461 1458
f 1332 1462 1331
f 1462 1332 1333
f 1335 1463 1334
f 1590 1335 1331
f 1331 1462 1590
f 1464 1462 1333
f 1336 1464 1333
f 1465 1464 1336
f 1336 1337 1465
f 1465 1337 1467
f 1463 1338 1334
f 1466 1338 1463
f 1467 1337 1339
f 1467 1339 1468
f 1466 1470 1469
f 1340 1466 1469
f 1338 1466 1340
f 1339 1341 1468
f 1468 1341 1471
f 1472 1343 1342
f 1470 1473 1469
f 1473 1342 1469
f 1342 1344 1469
f 1342 1473 1472
f 1469 1344 1340
f 1471 1346 1474
f 1341 1346 1471
f 1472 1475 1343
f 1472 1473 1481
f 1472 1481 1475
f 1477 1476 1349
f 1349 1476 1348
f 1476 1474 1348
f 1474 1346 1348
f 1477 1478 1476
f 1481 1480 1475
f 1480 1350 1475
f 1477 1349 1352
f 1482 1477 1352
f 1478 1477 1482
f 1479 1478 1483
f 1483 1478 1482
f 1353 1350 1484
f 1350 1485 1484
f 1350 1480 1485
f 1484 1354 1353
f 1356 1486 1482
f 1356 1482 1352
f 1483 1482 1488
f 1482 1487 1488
f 1482 1486 1487
f 1484 1485 1493
f 1493 1485 1489
f 1484 1490 1354
f 1493 1490 1484
f 1490 1355 1354
f 1486 1356 1358
f 1491 1486 1358
f 1487 1486 1491
f 1488 1487 1492
f 1487 1491 1492
f 1490 1493 1607
f 1355 1490 1607
f 1494 1355 1607
f 1207 1355 1494
f 1491 1358 1359
f 1495 1491 1359
f 1492 1491 1495
f 1360 1207 1614
f 1207 1494 1614
f 1359 1496 1495
f 1361 1496 1359
f 1497 1360 1614
f 1362 1360 1497
f 1361 1363 1498
f 1496 1361 1498
f 1497 1364 1362
f 1618 1364 1497
f 1365 1498 1363
f 1499 1498 1365
f 1365 1366 1499
f 1618 1368 1364
f 1620 1368 1618
f 1220 1500 1366
f 1620 1369 1368
f 1501 1369 1620
f 1502 1500 1220
f 1220 1370 1502
f 1501 1503 1369
f 1369 1503 1371
f 1373 1502 1370
f 1373 1505 1502
f 1503 1372 1371
f 1504 1372 1503
f 1373 1374 1505
f 1504 1375 1372
f 1506 1375 1504
f 1507 1374 1376
f 1375 1506 1378
f 1379 1378 1506
f 1379 1506 1508
f 1509 1507 1376
f 1376 1383 1509
f 1508 1382 1379
f 1510 1382 1508
f 1511 1509 1383
f 1510 1385 1382
f 1512 1385 1510
f 1513 1511 1383
f 1513 1383 1386
f 1512 1514 1388
f 1385 1512 1388
f 1236 1513 1386
f 1236 1515 1513
f 1514 1389 1388
f 1514 1516 1389
f 1239 1515 1236
f 1239 1518 1515
f 1516 1517 1389
f 1518 1239 1390
f 1644 1391 1517
f 1644 1392 1391
f 1520 1392 1644
f 1393 1523 1519
f 1521 1392 1520
f 1522 1521 1520
f 1395 1523 1393
f 1521 1522 1525
f 1521 1525 1524
f 1398 1523 1395
f 1398 1526 1523
f 1651 1396 1524
f 1525 1651 1524
f 1527 1528 1398
f 1528 1526 1398
f 1651 1529 1396
f 1651 1530 1529
f 1400 1533 1527
f 1527 1533 1528
f 1530 1531 1529
f 1531 1401 1529
f 1531 1403 1401
f 1404 1403 1531
f 1404 1531 1532
f 1407 1536 1533
f 1400 1407 1533
f 1532 1409 1404
f 1534 1409 1532
f 1535 1536 1407
f 1409 1534 1413
f 1413 1534 1537
f 1416 1538 1417
f 1538 1535 1417
f 1537 1418 1413
f 1664 1418 1537
f 1538 1416 1540
f 1540 1416 1539
f 1419 1540 1539
f 1419 1541 1540
f 1420 1541 1419
f 1420 1542 1541
f 1542 1422 1544
f 1420 1422 1542
f 1422 1546 1544
f 1544 1547 1548
f 1544 1546 1547
f 1545 1549 1543
f 1543 1549 1423
f 1424 1423 1549
f 1426 1546 1422
f 1546 1550 1547
f 1546 1426 1550
f 1548 1547 1551
f 1551 1547 1550
f 1425 1549 1552
f 1424 1549 1425
f 1550 1426 1553
f 1426 1427 1553
f 1427 1554 1553
f 1550 1553 1551
f 1552 1555 1428
f 1552 1428 1425
f 1429 1554 1427
f 1430 1557 1429
f 1285 1555 1556
f 1558 1285 1556
f 1284 1559 1430
f 1558 1431 1285
f 1560 1431 1558
f 1432 1433 1561
f 1562 1432 1561
f 1563 1432 1562
f 1284 1432 1559
f 1559 1432 1563
f 1560 1434 1431
f 1564 1434 1560
f 1566 1565 1437
f 1566 1437 1436
f 1438 1565 1561
f 1438 1437 1565
f 1438 1561 1433
f 1564 1439 1434
f 1441 1439 1564
f 1571 1567 1444
f 1567 1566 1444
f 1566 1436 1444
f 1442 1443 1569
f 1570 1442 1569
f 1571 1442 1570
f 1444 1442 1571
f 1568 1445 1441
f 1572 1445 1568
f 1569 1573 1575
f 1446 1573 1443
f 1443 1573 1569
f 1572 1447 1445
f 1574 1447 1572
f 1575 1573 1449
f 1446 1449 1573
f 1574 1450 1447
f 1576 1450 1574
f 1575 1449 1577
f 1575 1577 1578
f 1451 1577 1449
f 1453 1450 1576
f 1453 1576 1579
f 1580 1577 1451
f 1454 1580 1451
f 1453 1579 1455
f 1455 1581 1456
f 1579 1581 1455
f 1456 1582 1457
f 1581 1582 1456
f 1457 1582 1583
f 1578 1577 1584
f 1578 1584 1585
f 1458 1584 1459
f 1584 1580 1459
f 1584 1577 1580
f 1459 1580 1454
f 1583 1586 1457
f 1457 1586 1460
f 1584 1461 1585
f 1461 1586 1585
f 1461 1460 1586
f 1461 1584 1458
f 1589 1588 1335
f 1335 1588 1463
f 1590 1589 1335
f 1590 1462 1587
f 1591 1587 1462
f 1591 1462 1464
f 1592 1464 1465
f 1592 1591 1464
f 1593 1465 1467
f 1593 1592 1465
f 1588 1466 1463
f 1594 1466 1588
f 1468 1595 1467
f 1595 1593 1467
f 1470 1466 1594
f 1470 1594 1707
f 1471 1713 1468
f 1713 1595 1468
f 1473 1707 1596
f 1473 1470 1707
f 1474 1713 1471
f 1597 1713 1474
f 1598 1473 1596
f 1598 1481 1473
f 1476 1597 1474
f 1476 1599 1597
f 1478 1599 1476
f 1478 1479 1599
f 1598 1716 1481
f 1481 1716 1480
f 1483 1599 1479
f 1483 1600 1599
f 1716 1485 1480
f 1601 1485 1716
f 1602 1600 1483
f 1602 1483 1488
f 1602 1488 1603
f 1601 1489 1485
f 1604 1489 1601
f 1605 1488 1492
f 1603 1488 1605
f 1493 1489 1609
f 1489 1606 1609
f 1489 1604 1606
f 1607 1493 1609
f 1605 1492 1495
f 1605 1495 1608
f 1607 1609 1610
f 1494 1607 1610
f 1611 1494 1610
f 1614 1494 1611
f 1608 1613 1612
f 1608 1496 1613
f 1496 1608 1495
f 1616 1612 1613
f 1497 1614 1615
f 1498 1613 1496
f 1613 1617 1616
f 1613 1498 1617
f 1617 1735 1616
f 1615 1618 1497
f 1498 1499 1617
f 1499 1366 1617
f 1366 1735 1617
f 1366 1619 1735
f 1500 1619 1366
f 1500 1621 1619
f 1861 1501 1620
f 1622 1500 1502
f 1621 1500 1622
f 1501 1623 1503
f 1501 1861 1623
f 1624 1622 1502
f 1502 1505 1624
f 1623 1625 1503
f 1626 1503 1625
f 1504 1503 1626
f 1627 1624 1505
f 1505 1374 1627
f 1626 1506 1504
f 1628 1506 1626
f 1507 1627 1374
f 1507 1629 1627
f 1506 1628 1630
f 1630 1508 1506
f 1631 1629 1507
f 1631 1507 1509
f 1508 1630 1634
f 1510 1508 1634
f 1632 1509 1511
f 1631 1509 1632
f 1512 1634 1633
f 1510 1634 1512
f 1635 1632 1511
f 1635 1511 1513
f 1633 1636 1514
f 1633 1514 1512
f 1637 1635 1513
f 1513 1515 1637
f 1639 1516 1638
f 1516 1636 1638
f 1516 1514 1636
f 1640 1639 1638
f 1518 1637 1515
f 1641 1517 1639
f 1639 1517 1516
f 1639 1640 1642
f 1639 1642 1641
f 1518 1390 1643
f 1641 1644 1517
f 1641 1642 1645
f 1641 1645 1644
f 1519 1643 1390
f 1519 1646 1643
f 1644 1645 1647
f 1644 1647 1520
f 1523 1646 1519
f 1523 1648 1646
f 1647 1522 1520
f 1523 1649 1648
f 1647 1525 1522
f 1650 1525 1647
f 1526 1649 1523
f 1525 1652 1651
f 1525 1650 1652
f 1528 1653 1526
f 1654 1651 1652
f 1530 1651 1654
f 1653 1528 1655
f 1528 1533 1655
f 1533 1656 1655
f 1531 1530 1657
f 1530 1658 1657
f 1530 1654 1658
f 1657 1532 1531
f 1656 1533 1659
f 1533 1536 1659
f 1536 1660 1659
f 1534 1532 1657
f 1661 1534 1657
f 1658 1661 1657
f 1535 1663 1536
f 1663 1660 1536
f 1537 1534 1661
f 1662 1537 1661
f 1538 1663 1535
f 1662 1664 1537
f 1540 1665 1538
f 1666 1418 1664
f 1541 1665 1540
f 1667 1665 1541
f 1666 1421 1418
f 1771 1421 1666
f 1667 1541 1775
f 1775 1541 1542
f 1771 1543 1421
f 1545 1543 1771
f 1775 1542 1544
f 1548 1775 1544
f 1548 1776 1775
f 1548 1669 1776
f 1549 1545 1780
f 1780 1545 1668
f 1551 1669 1548
f 1551 1670 1669
f 1780 1552 1549
f 1780 1671 1552
f 1672 1553 1554
f 1551 1553 1670
f 1670 1553 1672
f 1555 1671 1673
f 1555 1552 1671
f 1429 1672 1554
f 1429 1674 1672
f 1675 1556 1673
f 1673 1556 1555
f 1557 1674 1429
f 1558 1556 1675
f 1788 1558 1675
f 1559 1676 1430
f 1676 1557 1430
f 1560 1788 1677
f 1560 1558 1788
f 1678 1562 1561
f 1562 1679 1563
f 1678 1679 1562
f 1559 1563 1676
f 1563 1680 1676
f 1563 1679 1680
f 1677 1564 1560
f 1677 1681 1564
f 1566 1682 1565
f 1682 1561 1565
f 1682 1678 1561
f 1564 1681 1683
f 1564 1683 1441
f 1567 1571 1801
f 1802 1567 1801
f 1567 1685 1566
f 1567 1802 1685
f 1566 1685 1682
f 1683 1568 1441
f 1686 1568 1683
f 1687 1684 1570
f 1687 1570 1569
f 1801 1571 1684
f 1571 1570 1684
f 1686 1572 1568
f 1688 1572 1686
f 1575 1687 1569
f 1575 1689 1687
f 1574 1688 1690
f 1574 1572 1688
f 1575 1691 1689
f 1692 1574 1690
f 1692 1576 1574
f 1578 1691 1575
f 1578 1693 1691
f 1576 1694 1579
f 1692 1694 1576
f 1578 1695 1693
f 1694 1696 1579
f 1696 1581 1579
f 1581 1697 1582
f 1696 1697 1581
f 1582 1698 1583
f 1697 1698 1582
f 1695 1585 1698
f 1695 1578 1585
f 1698 1586 1583
f 1586 1698 1585
f 1590 1699 1589
f 1699 1590 1587
f 1700 1699 1587
f 1591 1700 1587
f 1701 1700 1591
f 1704 1701 1702
f 1701 1592 1702
f 1701 1591 1592
f 1592 1593 1702
f 1703 1822 1589
f 1822 1588 1589
f 1822 1594 1588
f 1703 1589 1699
f 1706 1705 1704
f 1702 1706 1704
f 1593 1706 1702
f 1595 1706 1593
f 1594 1708 1707
f 1822 1708 1594
f 1705 1706 1710
f 1712 1706 1595
f 1710 1706 1712
f 1708 1596 1707
f 1709 1596 1708
f 1712 1711 1710
f 1713 1712 1595
f 1596 1830 1598
f 1596 1709 1830
f 1714 1712 1713
f 1711 1712 1714
f 1599 1715 1597
f 1715 1713 1597
f 1715 1714 1713
f 1717 1716 1598
f 1830 1717 1598
f 1711 1722 1721
f 1714 1722 1711
f 1718 1714 1715
f 1722 1714 1718
f 1600 1718 1599
f 1599 1718 1715
f 1719 1601 1716
f 1716 1717 1719
f 1721 1722 1720
f 1602 1723 1600
f 1723 1718 1600
f 1723 1722 1718
f 1603 1723 1602
f 1724 1601 1719
f 1724 1604 1601
f 1725 1720 1722
f 1725 1722 1723
f 1605 1725 1603
f 1603 1725 1723
f 1724 1606 1604
f 1726 1606 1724
f 1728 1727 1720
f 1725 1728 1720
f 1728 1725 1729
f 1608 1729 1605
f 1605 1729 1725
f 1606 1726 1609
f 1609 1730 1610
f 1726 1730 1609
f 1611 1610 1730
f 1728 1729 1732
f 1731 1732 1612
f 1732 1729 1612
f 1729 1608 1612
f 1616 1731 1612
f 1730 1733 1611
f 1611 1733 1614
f 1615 1614 1733
f 1734 1732 1731
f 1736 1734 1735
f 1735 1734 1616
f 1734 1731 1616
f 1733 1618 1615
f 1737 1618 1733
f 1736 1735 1738
f 1737 1620 1618
f 1859 1620 1737
f 1621 1738 1619
f 1619 1738 1735
f 1859 1861 1620
f 1621 1739 1738
f 1621 1622 1739
f 1866 1623 1861
f 1740 1739 1622
f 1740 1622 1624
f 1866 1741 1623
f 1623 1741 1625
f 1625 1742 1626
f 1741 1742 1625
f 1743 1624 1627
f 1740 1624 1743
f 1871 1626 1742
f 1871 1628 1626
f 1743 1627 1745
f 1629 1745 1627
f 1871 1630 1628
f 1744 1630 1871
f 1747 1745 1631
f 1745 1629 1631
f 1630 1746 1634
f 1630 1744 1746
f 1631 1748 1747
f 1631 1632 1748
f 1746 1633 1634
f 1746 1749 1633
f 1748 1632 1635
f 1749 1636 1633
f 1750 1636 1749
f 1751 1635 1637
f 1638 1636 1753
f 1636 1752 1753
f 1636 1750 1752
f 1753 1640 1638
f 1637 1518 1751
f 1753 1642 1640
f 1754 1751 1518
f 1518 1643 1754
f 1753 1752 1892
f 1892 1645 1642
f 1892 1642 1753
f 1755 1645 1892
f 1647 1645 1755
f 1646 1648 1756
f 1649 1756 1648
f 1757 1756 1649
f 1755 1650 1647
f 1758 1650 1755
f 1757 1649 1759
f 1759 1649 1526
f 1652 1650 1758
f 1760 1652 1758
f 1653 1761 1526
f 1759 1526 1761
f 1760 1654 1652
f 1762 1654 1760
f 1655 1761 1653
f 1655 1656 1761
f 1656 1763 1761
f 1762 1658 1654
f 1764 1658 1762
f 1660 1766 1659
f 1766 1656 1659
f 1766 1763 1656
f 1764 1765 1661
f 1658 1764 1661
f 1767 1766 1660
f 1663 1767 1660
f 1661 1765 1768
f 1768 1662 1661
f 1538 1769 1663
f 1769 1767 1663
f 1770 1662 1768
f 1664 1662 1770
f 1538 1772 1769
f 1665 1772 1538
f 1770 1666 1664
f 1771 1666 1770
f 1667 1773 1772
f 1665 1667 1772
f 1775 1773 1667
f 1776 1773 1775
f 1545 1774 1777
f 1545 1771 1774
f 1777 1668 1545
f 1779 1668 1777
f 1669 1778 1776
f 1669 1782 1778
f 1781 1780 1668
f 1779 1781 1668
f 1670 1782 1669
f 1783 1671 1780
f 1780 1781 1783
f 1784 1670 1672
f 1784 1782 1670
f 1783 1673 1671
f 1931 1673 1783
f 1674 1787 1672
f 1784 1672 1787
f 1675 1931 1785
f 1675 1673 1931
f 1674 1934 1787
f 1557 1934 1674
f 1785 1788 1675
f 1788 1785 1786
f 1676 1934 1557
f 1676 1790 1934
f 1677 1788 1681
f 1788 1791 1681
f 1788 1786 1791
f 1786 1789 1792
f 1786 1792 1791
f 1794 1679 1678
f 1794 1678 1793
f 1679 1794 1799
f 1795 1679 1799
f 1680 1679 1795
f 1676 1680 1790
f 1790 1680 1795
f 1792 1796 1791
f 1796 1681 1791
f 1682 1797 1793
f 1682 1793 1678
f 1799 1794 1798
f 1794 1797 1798
f 1794 1793 1797
f 1796 1683 1681
f 1800 1683 1796
f 1803 1685 1802
f 1797 1682 1685
f 1803 1797 1685
f 1804 1797 1803
f 1798 1797 1804
f 1686 1800 1805
f 1686 1683 1800
f 1687 1811 1684
f 1811 1806 1684
f 1806 1801 1684
f 1801 1806 1802
f 1802 1806 1807
f 1802 1807 1803
f 1803 1807 1804
f 1804 1807 1808
f 1809 1688 1805
f 1805 1688 1686
f 1805 1810 1809
f 1687 1689 1811
f 1809 1690 1688
f 1810 1812 1690
f 1809 1810 1690
f 1952 1812 1810
f 1691 1952 1689
f 1690 1812 1692
f 1812 1813 1692
f 1814 1812 1952
f 1952 1693 1814
f 1952 1691 1693
f 1815 1694 1813
f 1813 1694 1692
f 1816 1813 1812
f 1815 1813 1816
f 1817 1812 1814
f 1816 1812 1817
f 1695 1817 1693
f 1693 1817 1814
f 1815 1696 1694
f 1696 1815 1697
f 1697 1815 1816
f 1697 1816 1698
f 1698 1816 1817
f 1698 1817 1695
f 1820 1819 1818
f 1819 1699 1818
f 1699 1700 1818
f 1700 1701 1818
f 1701 1821 1818
f 1701 1704 1821
f 1820 1823 1819
f 1823 1703 1819
f 1703 1699 1819
f 1703 1823 1822
f 1821 1704 1824
f 1705 1824 1704
f 1825 1708 1822
f 1822 1823 1825
f 1827 1826 1824
f 1705 1827 1824
f 1710 1827 1705
f 1828 1708 1825
f 1828 1709 1708
f 1826 1827 1833
f 1829 1827 1710
f 1829 1833 1827
f 1709 1828 1831
f 1830 1709 1831
f 1832 1830 1831
f 1833 1829 1835
f 1834 1835 1711
f 1835 1829 1711
f 1829 1710 1711
f 1836 1717 1830
f 1836 1832 1837
f 1830 1832 1836
f 1835 1834 1838
f 1721 1834 1711
f 1721 1838 1834
f 1839 1719 1836
f 1836 1719 1717
f 1836 1837 1839
f 1840 1838 1721
f 1970 1724 1719
f 1839 1970 1719
f 1842 1841 1840
f 1721 1842 1840
f 1720 1842 1721
f 1843 1726 1724
f 1724 1970 1844
f 1724 1844 1843
f 1841 1842 1845
f 1846 1842 1720
f 1846 1845 1842
f 1727 1846 1720
f 1730 1726 1843
f 1847 1730 1843
f 1844 1847 1843
f 1848 1730 1847
f 1846 1852 1845
f 1852 1846 1727
f 1849 1852 1727
f 1728 1849 1727
f 1849 1732 1850
f 1849 1728 1732
f 1848 1847 1978
f 1851 1733 1730
f 1848 1851 1730
f 1978 1851 1848
f 1849 1850 1853
f 1734 1736 1732
f 1736 1850 1732
f 1736 1853 1850
f 1851 1978 1854
f 1733 1851 1854
f 1855 1733 1854
f 1737 1733 1855
f 1853 1856 1857
f 1858 1853 1736
f 1856 1853 1858
f 1738 1858 1736
f 1855 1859 1737
f 1857 1856 1860
f 1857 1860 1862
f 1860 1856 1858
f 1864 1863 1862
f 1860 1864 1862
f 1858 1864 1860
f 1865 1858 1738
f 1865 1864 1858
f 1739 1865 1738
f 1864 1865 1867
f 1867 1865 1740
f 1865 1739 1740
f 1741 1868 1742
f 1742 1868 1869
f 1870 1867 1740
f 1740 1743 1870
f 1872 1871 1742
f 1869 1872 1742
f 1745 1870 1743
f 1745 1873 1870
f 2001 1744 1871
f 1873 1745 1874
f 1747 1874 1745
f 2001 1746 1744
f 1875 1746 2001
f 1880 1876 1747
f 1876 1874 1747
f 1878 1749 1877
f 1749 1875 1877
f 1749 1746 1875
f 1879 1878 1877
f 1747 1748 1880
f 1881 1750 1878
f 1878 1750 1749
f 1878 1879 1882
f 1878 1882 1881
f 1883 1748 1635
f 1635 1751 1883
f 1883 1751 1884
f 1889 1752 1881
f 1881 1752 1750
f 1881 1882 1885
f 1886 1881 1885
f 1889 1881 1886
f 1887 1886 1885
f 1888 1884 1751
f 1890 1889 1886
f 1886 1887 1891
f 1886 1891 1890
f 1754 1888 1751
f 1889 1892 1752
f 1893 1889 1890
f 1892 1889 1893
f 1890 1891 2018
f 1893 1890 2018
f 1646 1894 1643
f 1892 1895 1755
f 1892 1893 1895
f 1896 1893 2018
f 1895 1893 1896
f 2018 1897 1896
f 1894 1646 1756
f 1894 1756 1898
f 1899 1755 1895
f 1900 1895 1896
f 1899 1895 1900
f 1896 1897 1901
f 1896 1901 1900
f 1757 1898 1756
f 1757 1902 1898
f 1899 1758 1755
f 1899 1900 2025
f 1759 1902 1757
f 1759 1903 1902
f 1760 1758 1899
f 2025 1760 1899
f 2028 1760 2025
f 1761 1903 1759
f 1761 1904 1903
f 1906 1762 1905
f 1762 2028 1905
f 1762 1760 2028
f 1907 1906 1905
f 1763 1904 1761
f 1763 1909 1904
f 1910 1764 1906
f 1906 1764 1762
f 1911 1906 1907
f 1910 1906 1911
f 1907 1908 1912
f 1907 1912 1911
f 1766 1909 1763
f 1766 1913 1909
f 1764 1910 1765
f 1910 1914 1765
f 1910 1911 1914
f 1911 1912 1915
f 1911 1915 1914
f 1916 1766 1767
f 1913 1766 1916
f 2039 1768 1914
f 1914 1768 1765
f 1914 1915 2039
f 1769 1916 1767
f 1769 2040 1916
f 1770 2039 1917
f 1770 1768 2039
f 1918 1769 1772
f 1918 2040 1769
f 1770 1917 1919
f 1771 1770 1919
f 1773 1918 1772
f 1773 1920 1918
f 1919 1774 1771
f 1921 1774 1919
f 1776 1920 1773
f 1776 1922 1920
f 1921 1923 1774
f 1774 1923 1777
f 1922 1778 1924
f 1776 1778 1922
f 1923 1779 1777
f 1925 1779 1923
f 1782 1924 1778
f 1926 1924 1782
f 1927 1781 1925
f 1781 1779 1925
f 1929 1783 1927
f 1927 1783 1781
f 1927 2053 1929
f 1784 1928 1782
f 1784 1930 1928
f 1929 1931 1783
f 1929 2053 2056
f 1931 1929 2056
f 1787 1930 1784
f 1785 1931 1786
f 1931 1932 1786
f 1931 2056 1932
f 2056 1933 1932
f 1934 2061 1787
f 1789 1786 1932
f 1933 1789 1932
f 1935 1789 1933
f 1935 1792 1789
f 1936 1792 1935
f 1938 2064 1795
f 1938 1795 1799
f 1790 1795 2064
f 1936 1937 1792
f 1792 1937 1796
f 1939 1938 1799
f 1939 1799 1798
f 1941 1800 1940
f 1800 1937 1940
f 1800 1796 1937
f 1942 1943 1941
f 1942 1941 1940
f 1804 1939 1798
f 1804 1944 1939
f 1941 1805 1800
f 1941 1945 1805
f 1941 1943 1945
f 1946 1943 2071
f 1945 1943 1946
f 1948 1947 1946
f 1948 1946 2071
f 1806 1811 1947
f 1948 1806 1947
f 1949 1806 1948
f 1806 1949 1807
f 1949 1950 1807
f 1807 2077 1808
f 1950 2077 1807
f 1804 1808 1944
f 1944 1808 2077
f 1945 1810 1805
f 1951 1945 1946
f 1810 1945 1951
f 1689 1951 1811
f 1951 1947 1811
f 1951 1946 1947
f 1810 1951 1952
f 1689 1952 1951
f 1818 1953 1820
f 1818 1954 1953
f 1821 1954 1818
f 1955 1823 1953
f 1953 1823 1820
f 1956 1953 1954
f 1955 1953 1956
f 1824 1956 1821
f 1821 1956 1954
f 1957 1825 1955
f 1955 1825 1823
f 1958 1955 1956
f 1957 1955 1958
f 1826 1956 1824
f 1826 1958 1956
f 1959 1828 1825
f 1960 1959 1825
f 1957 1960 1825
f 1960 1957 1958
f 1960 1958 1961
f 1958 1964 1961
f 1826 1964 1958
f 1833 1964 1826
f 1959 1831 1828
f 1832 1831 1959
f 1962 1832 1959
f 1963 1964 1833
f 1833 1835 1963
f 1962 1965 1832
f 1832 1965 1837
f 1967 1966 1963
f 1835 1967 1963
f 1838 1967 1835
f 1965 1839 1837
f 1968 1839 1965
f 1966 1967 1969
f 1840 1969 1838
f 1838 1969 1967
f 1971 1970 1839
f 1968 1971 1839
f 1973 1969 1841
f 1841 1969 1840
f 2093 1844 1970
f 1970 1971 2093
f 1973 1841 1972
f 1845 1972 1841
f 1974 1844 2093
f 1974 1847 1844
f 1973 1972 1975
f 1973 1975 1976
f 1977 1972 1845
f 1977 1975 1972
f 1852 1977 1845
f 1978 1847 1974
f 1979 1978 1974
f 1975 1977 1981
f 1980 1981 1852
f 1981 1977 1852
f 1849 1980 1852
f 1849 1982 1980
f 1853 1982 1849
f 1979 1983 1978
f 1983 1854 1978
f 1855 1854 1983
f 1855 1983 1984
f 1982 1985 1980
f 1857 1985 1853
f 1853 1985 1982
f 1984 1859 1855
f 1986 1859 1984
f 1857 1987 1985
f 1857 1862 1987
f 1986 1861 1859
f 1988 1861 1986
f 1989 1987 1862
f 1862 1863 1989
f 1988 1866 1861
f 1990 1866 1988
f 1863 1864 1991
f 1992 1863 1991
f 1989 1863 1992
f 1864 1867 1991
f 1990 1993 1866
f 1866 1993 1741
f 1868 1993 1994
f 1741 1993 1868
f 1994 1869 1868
f 1992 1991 1998
f 1995 1991 1867
f 1998 1991 1995
f 1870 1996 1867
f 1996 1995 1867
f 1997 1869 1994
f 1872 1869 1997
f 1995 1999 1998
f 2000 1995 1996
f 1999 1995 2000
f 1873 2000 1870
f 1870 2000 1996
f 2002 2001 1871
f 1872 2002 1871
f 1997 2002 1872
f 2000 2003 1999
f 1874 2003 1873
f 1873 2003 2000
f 2002 2004 2001
f 2004 1875 2001
f 2005 2003 1874
f 1876 2005 1874
f 2006 2005 1876
f 1876 1880 2006
f 2006 1880 2007
f 1877 1875 2008
f 1875 2009 2008
f 1875 2004 2009
f 2008 1879 1877
f 2007 1880 2010
f 1748 2010 1880
f 2008 2009 2011
f 2011 1882 1879
f 2011 1879 2008
f 1883 2010 1748
f 2012 2010 1883
f 1883 1884 2012
f 2012 1884 2013
f 2011 1885 1882
f 1887 1885 2014
f 1884 1888 2015
f 2013 1884 2015
f 2014 1891 1887
f 2137 1891 2014
f 1754 2015 1888
f 2016 2015 1754
f 1754 1643 2016
f 2016 1643 2017
f 1891 2019 2018
f 1891 2137 2019
f 1894 2017 1643
f 1894 2020 2017
f 2021 2018 2019
f 1897 2018 2021
f 2022 2020 1894
f 1894 1898 2022
f 2021 1901 1897
f 2023 1901 2021
f 1902 2022 1898
f 1902 2024 2022
f 2026 2025 1900
f 1901 2026 1900
f 2023 2026 1901
f 1903 2024 1902
f 1903 2027 2024
f 2025 2026 2147
f 2025 2147 2028
f 1904 2027 1903
f 1904 2029 2027
f 2147 2030 2028
f 2030 1905 2028
f 2030 1907 1905
f 1908 1907 2030
f 1908 2030 2031
f 2029 1909 2033
f 1904 1909 2029
f 2031 1912 1908
f 2032 1912 2031
f 1909 2034 2033
f 1913 2034 1909
f 2037 2036 2035
f 2032 2037 2035
f 1915 2032 2035
f 1912 2032 1915
f 2038 1913 1916
f 2038 2034 1913
f 2035 2036 2039
f 2039 2036 2155
f 2039 1915 2035
f 2038 1916 2041
f 2041 1916 2040
f 2039 2155 1917
f 2155 2157 1917
f 2043 2042 2040
f 1918 2043 2040
f 2040 2042 2041
f 1919 1917 2161
f 1917 2157 2161
f 1920 2043 1918
f 1920 2044 2043
f 2045 1919 2161
f 1921 1919 2045
f 1922 2044 1920
f 1922 2047 2044
f 1921 2045 1923
f 1923 2045 2046
f 2047 1922 1924
f 2047 1924 2048
f 2046 1925 1923
f 2049 1925 2046
f 1926 2048 1924
f 1926 2050 2048
f 1927 1925 2049
f 1927 2049 2051
f 1928 2052 1782
f 2052 1926 1782
f 2052 2050 1926
f 2053 1927 2051
f 2054 2053 2051
f 1930 2057 1928
f 2052 1928 2057
f 2056 2053 2055
f 2054 2055 2053
f 1930 2058 2057
f 1787 2058 1930
f 2056 2055 2059
f 2059 2055 2060
f 2059 1933 2056
f 1787 2061 2058
f 2059 2060 2062
f 2062 1935 1933
f 2062 1933 2059
f 1936 2062 2063
f 1936 1935 2062
f 2068 2064 1938
f 2063 1937 1936
f 2063 2065 1937
f 2069 2068 1938
f 2069 1938 1939
f 2065 2325 1937
f 1937 2325 1940
f 1940 2070 1942
f 2325 2070 1940
f 2072 2071 1943
f 1942 2072 1943
f 2070 2072 1942
f 2074 2073 2071
f 2074 2071 2072
f 2073 2074 2066
f 2075 2073 2066
f 2075 2066 2067
f 2076 2067 2190
f 2075 2067 2076
f 2191 2077 2076
f 2191 2076 2190
f 2191 2069 2077
f 2069 1944 2077
f 2069 1939 1944
f 1948 2071 2073
f 1948 2073 1949
f 1949 2073 2075
f 1949 2075 1950
f 1950 2075 2076
f 1950 2076 2077
f 2078 1959 1960
f 1960 1961 2078
f 2081 2080 2078
f 2080 1962 2078
f 1962 1959 2078
f 2080 2079 1962
f 2081 2078 1961
f 2081 1961 2082
f 2084 2082 2083
f 2083 2082 1964
f 2082 1961 1964
f 2085 1965 1962
f 2196 1962 2079
f 2196 2085 1962
f 2084 2083 2086
f 2084 2086 2087
f 1963 2088 1964
f 2088 2083 1964
f 2088 2086 2083
f 1966 2088 1963
f 2089 1968 2085
f 2085 1968 1965
f 2085 2196 2089
f 2086 2088 2090
f 2088 1966 2090
f 1966 2091 2090
f 1966 1969 2091
f 2092 1968 2089
f 2092 1971 1968
f 2091 1969 2095
f 2092 2094 2093
f 1971 2092 2093
f 1969 1973 2095
f 1973 2097 2095
f 2094 1974 2093
f 2094 2096 1974
f 1976 2097 1973
f 2096 2098 1974
f 1979 1974 2098
f 1979 2098 2099
f 1976 1975 2100
f 2101 1976 2100
f 2097 1976 2101
f 1975 1981 2100
f 1983 1979 2102
f 1979 2099 2102
f 2102 1984 1983
f 2101 2100 2103
f 2101 2103 2106
f 2103 2100 1981
f 1980 2104 1981
f 2104 2103 1981
f 1985 2104 1980
f 2105 1984 2102
f 1986 1984 2105
f 2106 2103 2107
f 2107 2103 2104
f 2107 2104 2109
f 2108 2109 1985
f 2109 2104 1985
f 1987 2108 1985
f 2105 1988 1986
f 2110 1988 2105
f 2109 2108 2111
f 1989 2112 1987
f 2112 2108 1987
f 2112 2111 2108
f 2110 1990 1988
f 2113 1990 2110
f 2111 2115 2114
f 2112 2115 2111
f 1992 2115 1989
f 1989 2115 2112
f 2113 2116 1990
f 1990 2116 1993
f 1993 2117 1994
f 2116 2117 1993
f 2114 2115 2119
f 1998 2119 1992
f 1992 2119 2115
f 1997 1994 2117
f 2118 1997 2117
f 2120 1997 2118
f 2121 2119 1998
f 1999 2121 1998
f 2120 2002 1997
f 2122 2002 2120
f 2126 2123 1999
f 2123 2121 1999
f 2003 2126 1999
f 2002 2124 2004
f 2002 2122 2124
f 2125 2126 2005
f 2126 2003 2005
f 2005 2006 2125
f 2124 2009 2004
f 2127 2009 2124
f 2125 2006 2128
f 2006 2007 2128
f 2007 2129 2128
f 2007 2010 2129
f 2011 2127 2130
f 2011 2009 2127
f 2132 2129 2010
f 2132 2010 2012
f 2130 2133 2011
f 2133 1885 2011
f 2014 1885 2133
f 2014 2133 2134
f 2136 2132 2012
f 2012 2013 2136
f 2013 2015 2136
f 2134 2137 2014
f 2139 2136 2015
f 2140 2139 2017
f 2139 2016 2017
f 2139 2015 2016
f 2019 2137 2141
f 2142 2140 2017
f 2017 2020 2142
f 2141 2021 2019
f 2143 2021 2141
f 2145 2020 2022
f 2142 2020 2145
f 2143 2023 2021
f 2144 2023 2143
f 2022 2146 2145
f 2022 2024 2146
f 2144 2026 2023
f 2027 2146 2024
f 2027 2148 2146
f 2144 2147 2026
f 2029 2149 2148
f 2027 2029 2148
f 2030 2147 2276
f 2276 2031 2030
f 2033 2149 2029
f 2033 2150 2149
f 2280 2032 2031
f 2280 2031 2276
f 2151 2150 2033
f 2151 2033 2034
f 2152 2036 2037
f 2153 2032 2280
f 2153 2152 2037
f 2032 2153 2037
f 2038 2151 2034
f 2038 2154 2151
f 2152 2155 2036
f 2152 2153 2158
f 2152 2158 2155
f 2041 2154 2038
f 2041 2156 2154
f 2155 2158 2157
f 2042 2043 2159
f 2160 2042 2159
f 2287 2042 2160
f 2041 2042 2156
f 2156 2042 2287
f 2157 2158 2162
f 2157 2162 2161
f 2159 2163 2164
f 2044 2163 2043
f 2043 2163 2159
f 2165 2045 2161
f 2162 2165 2161
f 2044 2166 2163
f 2044 2047 2166
f 2046 2045 2165
f 2167 2046 2165
f 2166 2047 2168
f 2048 2168 2047
f 2049 2167 2169
f 2049 2046 2167
f 2168 2048 2301
f 2048 2050 2301
f 2303 2051 2049
f 2169 2303 2049
f 2052 2301 2050
f 2052 2170 2301
f 2054 2051 2303
f 2172 2054 2303
f 2057 2170 2052
f 2057 2307 2170
f 2172 2171 2054
f 2054 2171 2055
f 2173 2057 2058
f 2307 2057 2173
f 2171 2060 2055
f 2174 2060 2171
f 2175 2061 1934
f 2058 2061 2173
f 2173 2061 2175
f 2174 2062 2060
f 2176 2062 2174
f 1790 2175 1934
f 1790 2178 2175
f 2176 2063 2062
f 2179 2063 2176
f 2177 2180 2181
f 2182 2177 2319
f 2180 2177 2182
f 2183 2182 2319
f 2326 2187 2064
f 2326 2064 2068
f 1790 2064 2178
f 2178 2064 2187
f 2065 2179 2325
f 2065 2063 2179
f 2188 2189 2325
f 2189 2188 2181
f 2180 2189 2181
f 2074 2180 2182
f 2189 2180 2074
f 2074 2183 2066
f 2074 2182 2183
f 2066 2183 2067
f 2067 2183 2184
f 2184 2190 2067
f 2184 2185 2190
f 2191 2185 2186
f 2190 2185 2191
f 2326 2068 2069
f 2186 2326 2069
f 2191 2186 2069
f 2070 2325 2189
f 2070 2189 2072
f 2072 2189 2074
f 2193 2192 2080
f 2080 2192 2079
f 2194 2080 2081
f 2194 2193 2080
f 2195 2081 2082
f 2195 2194 2081
f 2082 2084 2195
f 2195 2084 2198
f 2079 2197 2196
f 2079 2192 2197
f 2087 2198 2084
f 2197 2342 2196
f 2089 2196 2342
f 2087 2086 2199
f 2200 2087 2199
f 2198 2087 2200
f 2086 2090 2199
f 2342 2201 2089
f 2089 2201 2092
f 2199 2090 2202
f 2090 2091 2202
f 2091 2203 2202
f 2091 2095 2203
f 2092 2205 2094
f 2201 2205 2092
f 2203 2095 2206
f 2097 2206 2095
f 2205 2204 2094
f 2204 2096 2094
f 2097 2207 2206
f 2204 2208 2096
f 2096 2208 2098
f 2099 2098 2208
f 2099 2208 2209
f 2101 2207 2097
f 2101 2210 2207
f 2102 2209 2211
f 2102 2099 2209
f 2106 2210 2101
f 2105 2102 2211
f 2212 2105 2211
f 2213 2210 2106
f 2215 2213 2214
f 2213 2107 2214
f 2213 2106 2107
f 2107 2109 2214
f 2212 2110 2105
f 2358 2110 2212
f 2215 2214 2216
f 2215 2216 2222
f 2217 2214 2109
f 2216 2214 2217
f 2111 2217 2109
f 2219 2113 2218
f 2113 2358 2218
f 2113 2110 2358
f 2220 2219 2218
f 2224 2223 2222
f 2216 2224 2222
f 2217 2224 2216
f 2114 2217 2111
f 2114 2224 2217
f 2219 2116 2113
f 2116 2219 2117
f 2117 2219 2220
f 2118 2117 2220
f 2221 2118 2220
f 2225 2118 2221
f 2226 2223 2224
f 2227 2229 2226
f 2224 2227 2226
f 2114 2227 2224
f 2119 2227 2114
f 2225 2120 2118
f 2228 2120 2225
f 2230 2229 2121
f 2229 2227 2121
f 2227 2119 2121
f 2228 2122 2120
f 2370 2122 2228
f 2231 2230 2123
f 2230 2121 2123
f 2126 2231 2123
f 2124 2122 2370
f 2124 2370 2232
f 2233 2234 2126
f 2234 2231 2126
f 2232 2127 2124
f 2235 2127 2232
f 2234 2233 2236
f 2234 2236 2378
f 2125 2237 2126
f 2237 2233 2126
f 2237 2236 2233
f 2128 2238 2125
f 2125 2238 2237
f 2129 2238 2128
f 2235 2239 2127
f 2127 2239 2130
f 2239 2381 2130
f 2240 2378 2236
f 2131 2240 2236
f 2236 2241 2131
f 2236 2237 2241
f 2242 2237 2238
f 2241 2237 2242
f 2132 2243 2129
f 2243 2238 2129
f 2243 2242 2238
f 2381 2133 2130
f 2134 2133 2381
f 2244 2134 2381
f 2135 2245 2131
f 2131 2245 2240
f 2246 2135 2241
f 2241 2135 2131
f 2247 2241 2242
f 2246 2241 2247
f 2248 2242 2243
f 2247 2242 2248
f 2136 2249 2132
f 2249 2243 2132
f 2249 2248 2243
f 2244 2137 2134
f 2250 2137 2244
f 2245 2251 2252
f 2138 2251 2135
f 2135 2251 2245
f 2253 2138 2246
f 2246 2138 2135
f 2253 2246 2247
f 2254 2247 2248
f 2249 2255 2254
f 2248 2249 2254
f 2255 2249 2136
f 2139 2255 2136
f 2256 2255 2139
f 2139 2140 2256
f 2250 2257 2137
f 2137 2257 2141
f 2252 2251 2258
f 2258 2251 2138
f 2259 2258 2138
f 2260 2258 2259
f 2261 2138 2253
f 2259 2138 2261
f 2253 2262 2261
f 2247 2262 2253
f 2263 2247 2254
f 2262 2247 2263
f 2264 2140 2142
f 2256 2140 2264
f 2257 2143 2141
f 2265 2143 2257
f 2262 2270 2261
f 2266 2270 2262
f 2266 2263 2412
f 2262 2263 2266
f 2267 2264 2142
f 2142 2268 2267
f 2142 2145 2268
f 2144 2265 2273
f 2143 2265 2144
f 2270 2266 2271
f 2271 2266 2412
f 2272 2268 2145
f 2145 2146 2272
f 2274 2144 2273
f 2148 2272 2146
f 2148 2275 2272
f 2274 2147 2144
f 2276 2147 2274
f 2277 2275 2148
f 2148 2149 2277
f 2279 2277 2150
f 2277 2149 2150
f 2280 2276 2278
f 2281 2280 2278
f 2151 2279 2150
f 2282 2279 2151
f 2281 2153 2280
f 2283 2153 2281
f 2154 2282 2151
f 2154 2284 2282
f 2283 2158 2153
f 2289 2158 2283
f 2288 2287 2285
f 2288 2284 2287
f 2284 2156 2287
f 2284 2154 2156
f 2286 2285 2160
f 2159 2286 2160
f 2290 2286 2159
f 2160 2285 2287
f 2289 2162 2158
f 2442 2162 2289
f 2293 2292 2291
f 2293 2290 2292
f 2290 2164 2292
f 2290 2159 2164
f 2162 2442 2165
f 2165 2442 2294
f 2292 2297 2291
f 2163 2295 2164
f 2295 2292 2164
f 2295 2297 2292
f 2166 2295 2163
f 2294 2167 2165
f 2296 2167 2294
f 2297 2295 2298
f 2295 2166 2298
f 2166 2299 2298
f 2166 2168 2299
f 2167 2296 2169
f 2169 2296 2300
f 2302 2168 2301
f 2299 2168 2302
f 2169 2304 2303
f 2169 2300 2304
f 2302 2301 2170
f 2302 2170 2305
f 2303 2304 2306
f 2306 2172 2303
f 2305 2170 2307
f 2305 2307 2308
f 2306 2171 2172
f 2306 2309 2171
f 2308 2307 2173
f 2460 2308 2173
f 2309 2174 2171
f 2310 2174 2309
f 2314 2313 2311
f 2314 2311 2312
f 2315 2460 2175
f 2173 2175 2460
f 2310 2176 2174
f 2316 2176 2310
f 2318 2317 2177
f 2320 2319 2177
f 2317 2320 2177
f 2321 2322 2319
f 2321 2319 2320
f 2322 2321 2312
f 2311 2322 2312
f 2323 2311 2313
f 2322 2311 2323
f 2313 2314 2324
f 2323 2313 2324
f 2178 2315 2175
f 2178 2328 2315
f 2325 2179 2316
f 2179 2176 2316
f 2472 2325 2316
f 2318 2181 2472
f 2318 2177 2181
f 2183 2319 2322
f 2183 2322 2184
f 2184 2322 2185
f 2185 2322 2323
f 2185 2323 2186
f 2186 2323 2324
f 2327 2326 2186
f 2324 2327 2186
f 2327 2187 2326
f 2328 2187 2327
f 2178 2187 2328
f 2188 2325 2472
f 2188 2472 2181
f 2332 2331 2330
f 2332 2330 2329
f 2330 2333 2329
f 2334 2329 2333
f 2336 2335 2331
f 2331 2335 2330
f 2335 2192 2330
f 2192 2193 2330
f 2330 2193 2194
f 2330 2194 2333
f 2194 2195 2333
f 2195 2337 2333
f 2337 2334 2333
f 2338 2197 2192
f 2338 2192 2335
f 2339 2337 2195
f 2195 2198 2339
f 2198 2340 2339
f 2341 2343 2342
f 2338 2341 2342
f 2197 2338 2342
f 2200 2340 2198
f 2200 2344 2340
f 2346 2345 2349
f 2346 2349 2343
f 2343 2349 2342
f 2349 2201 2342
f 2347 2344 2200
f 2347 2200 2199
f 2348 2199 2202
f 2348 2347 2199
f 2202 2203 2348
f 2491 2201 2349
f 2205 2201 2491
f 2206 2351 2203
f 2491 2350 2205
f 2205 2350 2204
f 2206 2207 2351
f 2351 2207 2641
f 2208 2204 2352
f 2204 2350 2352
f 2352 2209 2208
f 2210 2641 2207
f 2352 2353 2209
f 2353 2211 2209
f 2353 2354 2211
f 2354 2498 2211
f 2356 2212 2498
f 2498 2212 2211
f 2357 2355 2210
f 2357 2210 2213
f 2213 2215 2357
f 2356 2358 2212
f 2356 2498 2359
f 2356 2359 2358
f 2222 2357 2215
f 2222 2360 2357
f 2359 2361 2358
f 2361 2218 2358
f 2361 2220 2218
f 2221 2220 2361
f 2221 2361 2362
f 2222 2223 2360
f 2360 2223 2363
f 2362 2225 2221
f 2364 2225 2362
f 2223 2226 2365
f 2366 2223 2365
f 2363 2223 2366
f 2229 2365 2226
f 2228 2364 2367
f 2225 2364 2228
f 2368 2365 2229
f 2229 2230 2368
f 2368 2230 2369
f 2370 2367 2371
f 2370 2228 2367
f 2230 2231 2372
f 2373 2230 2372
f 2369 2230 2373
f 2370 2371 2232
f 2371 2374 2232
f 2376 2375 2373
f 2372 2376 2373
f 2234 2372 2231
f 2234 2376 2372
f 2374 2235 2232
f 2375 2376 2377
f 2378 2376 2234
f 2384 2376 2378
f 2239 2235 2379
f 2235 2380 2379
f 2235 2374 2380
f 2381 2239 2379
f 2377 2376 2382
f 2377 2382 2383
f 2382 2376 2384
f 2384 2378 2240
f 2379 2380 2515
f 2379 2385 2381
f 2379 2515 2385
f 2385 2244 2381
f 2386 2391 2383
f 2382 2386 2383
f 2387 2386 2382
f 2388 2382 2384
f 2387 2382 2388
f 2245 2388 2240
f 2240 2388 2384
f 2390 2389 2515
f 2389 2385 2515
f 2389 2250 2244
f 2389 2244 2385
f 2391 2386 2396
f 2396 2386 2387
f 2252 2388 2245
f 2392 2254 2255
f 2256 2393 2255
f 2255 2393 2392
f 2389 2390 2394
f 2395 2257 2250
f 2389 2395 2250
f 2394 2395 2389
f 2391 2396 2397
f 2398 2396 2387
f 2399 2387 2388
f 2398 2387 2399
f 2258 2399 2252
f 2252 2399 2388
f 2400 2260 2259
f 2259 2261 2400
f 2401 2263 2392
f 2392 2263 2254
f 2402 2392 2393
f 2401 2392 2402
f 2264 2402 2256
f 2256 2402 2393
f 2394 2403 2395
f 2395 2403 2404
f 2257 2395 2404
f 2405 2257 2404
f 2265 2257 2405
f 2397 2396 2406
f 2397 2406 2407
f 2408 2396 2398
f 2406 2396 2408
f 2409 2398 2399
f 2408 2398 2409
f 2409 2399 2258
f 2524 2409 2258
f 2524 2258 2260
f 2410 2524 2260
f 2400 2410 2260
f 2524 2410 2411
f 2410 2261 2270
f 2410 2400 2261
f 2413 2412 2263
f 2401 2413 2263
f 2413 2401 2402
f 2413 2402 2414
f 2414 2402 2264
f 2267 2414 2264
f 2415 2414 2267
f 2267 2268 2415
f 2417 2416 2273
f 2273 2416 2269
f 2273 2265 2405
f 2273 2405 2417
f 2418 2407 2406
f 2418 2406 2408
f 2418 2408 2419
f 2419 2408 2409
f 2420 2411 2410
f 2420 2410 2270
f 2422 2420 2270
f 2422 2271 2421
f 2422 2270 2271
f 2412 2421 2271
f 2412 2423 2421
f 2412 2413 2424
f 2412 2424 2423
f 2425 2415 2268
f 2425 2268 2272
f 2416 2527 2269
f 2269 2527 2273
f 2274 2273 2527
f 2274 2527 2426
f 2427 2422 2421
f 2427 2421 2423
f 2427 2423 2428
f 2428 2423 2424
f 2425 2275 2548
f 2272 2275 2425
f 2426 2276 2274
f 2429 2276 2426
f 2277 2548 2275
f 2277 2431 2548
f 2278 2429 2430
f 2278 2276 2429
f 2432 2431 2279
f 2277 2279 2431
f 2281 2278 2430
f 2559 2281 2430
f 2282 2432 2279
f 2282 2433 2432
f 2283 2559 2434
f 2283 2281 2559
f 2433 2284 2435
f 2433 2282 2284
f 2569 2283 2434
f 2569 2289 2283
f 2285 2286 2436
f 2437 2285 2436
f 2438 2285 2437
f 2435 2288 2438
f 2288 2285 2438
f 2288 2435 2284
f 2439 2289 2569
f 2440 2439 2569
f 2436 2290 2441
f 2286 2290 2436
f 2439 2442 2289
f 2439 2440 2443
f 2442 2439 2443
f 2445 2444 2291
f 2290 2293 2441
f 2293 2444 2441
f 2293 2291 2444
f 2294 2442 2443
f 2446 2294 2443
f 2448 2291 2447
f 2445 2291 2448
f 2297 2447 2291
f 2449 2296 2446
f 2296 2294 2446
f 2448 2447 2450
f 2451 2447 2297
f 2451 2450 2447
f 2297 2298 2451
f 2300 2296 2449
f 2452 2300 2449
f 2451 2453 2450
f 2453 2451 2298
f 2302 2298 2299
f 2304 2452 2454
f 2304 2300 2452
f 2298 2455 2453
f 2305 2455 2302
f 2302 2455 2298
f 2456 2306 2454
f 2454 2306 2304
f 2454 2457 2456
f 2455 2305 2609
f 2305 2308 2609
f 2458 2309 2456
f 2456 2309 2306
f 2456 2457 2459
f 2456 2459 2458
f 2461 2609 2460
f 2609 2308 2460
f 2462 2310 2458
f 2458 2310 2309
f 2458 2459 2463
f 2464 2458 2463
f 2462 2458 2464
f 2466 2465 2464
f 2466 2464 2463
f 2467 2465 2466
f 2467 2312 2321
f 2468 2312 2467
f 2312 2468 2314
f 2468 2469 2314
f 2620 2471 2470
f 2470 2471 2461
f 2470 2461 2460
f 2315 2470 2460
f 2462 2316 2310
f 2472 2462 2464
f 2316 2462 2472
f 2318 2472 2317
f 2472 2465 2317
f 2472 2464 2465
f 2317 2465 2320
f 2320 2465 2467
f 2320 2467 2321
f 2469 2324 2314
f 2620 2473 2324
f 2469 2620 2324
f 2470 2473 2620
f 2474 2473 2470
f 2328 2474 2315
f 2315 2474 2470
f 2473 2327 2324
f 2327 2473 2328
f 2328 2473 2474
f 2475 2331 2332
f 2329 2475 2332
f 2329 2476 2475
f 2334 2476 2329
f 2478 2477 2336
f 2336 2477 2335
f 2336 2331 2475
f 2479 2336 2475
f 2478 2336 2479
f 2475 2480 2479
f 2476 2480 2475
f 2337 2480 2334
f 2334 2480 2476
f 2477 2338 2335
f 2626 2338 2477
f 2481 2480 2337
f 2339 2481 2337
f 2482 2481 2339
f 2339 2340 2482
f 2482 2340 2483
f 2484 2485 2341
f 2626 2484 2341
f 2338 2626 2341
f 2485 2343 2341
f 2344 2483 2340
f 2344 2486 2483
f 2487 2345 2346
f 2484 2487 2346
f 2485 2484 2346
f 2485 2346 2343
f 2488 2486 2344
f 2488 2344 2347
f 2348 2488 2347
f 2348 2203 2489
f 2487 2490 2345
f 2345 2490 2349
f 2491 2349 2490
f 2351 2489 2203
f 2492 2350 2491
f 2493 2492 2491
f 2494 2350 2492
f 2494 2352 2350
f 2210 2495 2641
f 2494 2496 2352
f 2352 2496 2353
f 2353 2497 2354
f 2496 2497 2353
f 2497 2645 2498
f 2354 2497 2498
f 2355 2495 2210
f 2355 2499 2495
f 2498 2645 2500
f 2355 2357 2501
f 2503 2355 2501
f 2499 2355 2503
f 2498 2500 2502
f 2502 2359 2498
f 2357 2360 2501
f 2360 2504 2501
f 2504 2503 2501
f 2502 2505 2361
f 2359 2502 2361
f 2360 2363 2504
f 2363 2506 2504
f 2362 2361 2505
f 2507 2362 2505
f 2364 2362 2507
f 2366 2506 2363
f 2364 2508 2367
f 2507 2508 2364
f 2509 2366 2365
f 2510 2509 2369
f 2509 2368 2369
f 2509 2365 2368
f 2508 2662 2367
f 2662 2371 2367
f 2510 2369 2511
f 2373 2511 2369
f 2662 2374 2371
f 2664 2374 2662
f 2512 2511 2375
f 2375 2511 2373
f 2513 2374 2664
f 2377 2512 2375
f 2513 2380 2374
f 2667 2380 2513
f 2383 2516 2377
f 2515 2667 2514
f 2515 2380 2667
f 2670 2515 2514
f 2517 2516 2391
f 2383 2391 2516
f 2670 2390 2515
f 2518 2390 2670
f 2391 2519 2517
f 2518 2394 2390
f 2520 2394 2518
f 2397 2519 2391
f 2397 2521 2519
f 2520 2403 2394
f 2403 2522 2404
f 2405 2404 2522
f 2405 2522 2679
f 2523 2521 2407
f 2521 2397 2407
f 2414 2525 2413
f 2415 2526 2414
f 2414 2526 2525
f 2527 2416 2417
f 2528 2527 2417
f 2405 2528 2417
f 2679 2528 2405
f 2529 2523 2407
f 2531 2529 2530
f 2530 2529 2418
f 2529 2407 2418
f 2418 2419 2530
f 2409 2532 2419
f 2524 2532 2409
f 2524 2533 2532
f 2533 2524 2411
f 2534 2533 2411
f 2420 2534 2411
f 2534 2420 2422
f 2535 2424 2413
f 2536 2413 2525
f 2535 2413 2536
f 2537 2525 2526
f 2536 2525 2537
f 2425 2538 2415
f 2538 2526 2415
f 2538 2537 2526
f 2528 2426 2527
f 2539 2426 2528
f 2530 2419 2540
f 2540 2419 2532
f 2540 2532 2533
f 2540 2533 2541
f 2541 2533 2534
f 2543 2534 2422
f 2542 2543 2427
f 2543 2422 2427
f 2428 2544 2427
f 2427 2544 2542
f 2424 2535 2428
f 2535 2544 2428
f 2535 2545 2544
f 2546 2535 2536
f 2545 2535 2546
f 2546 2536 2537
f 2547 2537 2538
f 2548 2538 2425
f 2548 2547 2538
f 2539 2429 2426
f 2549 2429 2539
f 2551 2550 2544
f 2545 2551 2544
f 2552 2545 2546
f 2551 2545 2552
f 2553 2546 2537
f 2552 2546 2553
f 2554 2537 2547
f 2553 2537 2554
f 2555 2547 2548
f 2554 2547 2555
f 2431 2555 2548
f 2429 2549 2430
f 2430 2549 2556
f 2550 2551 2557
f 2557 2551 2552
f 2558 2553 2554
f 2432 2558 2431
f 2558 2555 2431
f 2558 2554 2555
f 2559 2430 2556
f 2560 2559 2556
f 2562 2557 2552
f 2561 2557 2562
f 2563 2552 2553
f 2562 2552 2563
f 2564 2553 2558
f 2563 2553 2564
f 2433 2564 2432
f 2432 2564 2558
f 2560 2434 2559
f 2565 2434 2560
f 2567 2561 2562
f 2566 2561 2567
f 2568 2562 2563
f 2567 2562 2568
f 2438 2568 2435
f 2568 2564 2435
f 2568 2563 2564
f 2435 2564 2433
f 2570 2569 2434
f 2565 2570 2434
f 2575 2574 2566
f 2436 2575 2437
f 2575 2567 2437
f 2575 2566 2567
f 2437 2567 2438
f 2438 2567 2568
f 2570 2440 2569
f 2576 2440 2570
f 2571 2582 2572
f 2577 2582 2571
f 2571 2573 2578
f 2579 2571 2578
f 2577 2571 2579
f 2574 2579 2578
f 2580 2579 2574
f 2441 2574 2575
f 2580 2574 2441
f 2436 2441 2575
f 2576 2581 2440
f 2440 2581 2443
f 2589 2583 2582
f 2577 2589 2582
f 2584 2577 2579
f 2589 2577 2584
f 2585 2579 2580
f 2584 2579 2585
f 2445 2585 2444
f 2585 2441 2444
f 2585 2580 2441
f 2581 2586 2443
f 2443 2586 2446
f 2583 2589 2587
f 2583 2587 2588
f 2589 2584 2585
f 2448 2585 2445
f 2449 2446 2586
f 2449 2586 2590
f 2593 2595 2591
f 2593 2591 2592
f 2588 2587 2594
f 2587 2596 2594
f 2589 2596 2587
f 2597 2589 2585
f 2596 2589 2597
f 2450 2597 2448
f 2448 2597 2585
f 2590 2599 2598
f 2452 2590 2598
f 2449 2590 2452
f 2591 2601 2600
f 2591 2595 2601
f 2603 2602 2596
f 2597 2603 2596
f 2604 2597 2450
f 2604 2603 2597
f 2453 2604 2450
f 2599 2605 2454
f 2598 2599 2454
f 2452 2598 2454
f 2600 2601 2606
f 2603 2604 2736
f 2607 2736 2453
f 2736 2604 2453
f 2455 2607 2453
f 2454 2605 2608
f 2608 2457 2454
f 2610 2607 2609
f 2607 2455 2609
f 2457 2608 2611
f 2612 2457 2611
f 2459 2457 2612
f 2740 2614 2613
f 2615 2614 2740
f 2461 2610 2609
f 2616 2610 2461
f 2459 2612 2463
f 2613 2466 2612
f 2466 2463 2612
f 2466 2613 2467
f 2467 2613 2614
f 2467 2614 2615
f 2746 2617 2615
f 2617 2467 2615
f 2617 2468 2467
f 2617 2618 2468
f 2468 2619 2469
f 2618 2619 2468
f 2469 2621 2620
f 2619 2621 2469
f 2621 2471 2620
f 2622 2471 2621
f 2461 2471 2616
f 2616 2471 2622
f 2623 2477 2478
f 2623 2478 2624
f 2478 2479 2624
f 2479 2480 2624
f 2623 2626 2477
f 2623 2624 2627
f 2623 2627 2626
f 2628 2624 2480
f 2628 2480 2481
f 2628 2482 2625
f 2481 2482 2628
f 2482 2483 2625
f 2483 2629 2625
f 2630 2484 2626
f 2631 2630 2626
f 2631 2626 2627
f 2486 2633 2632
f 2629 2486 2632
f 2483 2486 2629
f 2630 2487 2484
f 2634 2487 2630
f 2488 2633 2486
f 2488 2635 2633
f 2348 2635 2488
f 2348 2489 2635
f 2635 2489 2636
f 2634 2637 2487
f 2487 2637 2490
f 2491 2490 2637
f 2491 2637 2638
f 2351 2636 2489
f 2351 2639 2636
f 2638 2493 2491
f 2640 2493 2638
f 2641 2639 2351
f 2643 2642 2492
f 2492 2642 2494
f 2492 2493 2640
f 2492 2640 2643
f 2495 2647 2641
f 2642 2644 2494
f 2494 2644 2496
f 2644 2646 2645
f 2497 2644 2645
f 2496 2644 2497
f 2499 2648 2647
f 2495 2499 2647
f 2645 2646 2649
f 2649 2500 2645
f 2503 2650 2648
f 2503 2648 2499
f 2651 2648 2650
f 2500 2649 2652
f 2653 2500 2652
f 2502 2500 2653
f 2503 2504 2650
f 2504 2654 2650
f 2654 2651 2650
f 2653 2655 2502
f 2505 2502 2655
f 2505 2655 2785
f 2504 2656 2654
f 2504 2506 2656
f 2785 2657 2505
f 2507 2505 2657
f 2507 2657 2658
f 2366 2656 2506
f 2366 2659 2656
f 2658 2508 2507
f 2791 2508 2658
f 2660 2659 2366
f 2660 2366 2509
f 2509 2510 2660
f 2660 2510 2661
f 2663 2662 2508
f 2791 2663 2508
f 2511 2661 2510
f 2511 2512 2661
f 2662 2663 2664
f 2665 2513 2664
f 2664 2663 2665
f 2377 2666 2512
f 2665 2667 2513
f 2665 2668 2667
f 2516 2666 2377
f 2516 2669 2666
f 2671 2670 2514
f 2668 2671 2514
f 2667 2668 2514
f 2672 2670 2671
f 2673 2516 2517
f 2669 2516 2673
f 2672 2674 2670
f 2674 2518 2670
f 2519 2673 2517
f 2519 2675 2673
f 2674 2520 2518
f 2676 2520 2674
f 2675 2521 2677
f 2675 2519 2521
f 2676 2678 2520
f 2520 2678 2403
f 2678 2680 2679
f 2522 2678 2679
f 2403 2678 2522
f 2681 2677 2523
f 2523 2677 2521
f 2680 2807 2679
f 2682 2679 2807
f 2528 2679 2682
f 2523 2529 2684
f 2681 2523 2684
f 2531 2684 2529
f 2682 2539 2528
f 2683 2539 2682
f 2530 2684 2531
f 2685 2684 2530
f 2686 2530 2540
f 2686 2685 2530
f 2687 2686 2540
f 2687 2541 2688
f 2687 2540 2541
f 2688 2541 2534
f 2689 2688 2534
f 2689 2534 2543
f 2549 2683 2690
f 2549 2539 2683
f 2691 2692 2542
f 2692 2543 2542
f 2544 2550 2542
f 2542 2550 2691
f 2693 2556 2549
f 2690 2693 2549
f 2694 2556 2693
f 2692 2691 2695
f 2696 2691 2550
f 2695 2691 2696
f 2557 2696 2550
f 2694 2560 2556
f 2697 2560 2694
f 2695 2698 2699
f 2700 2695 2696
f 2698 2695 2700
f 2561 2700 2557
f 2557 2700 2696
f 2697 2565 2560
f 2701 2565 2697
f 2699 2698 2705
f 2699 2705 2704
f 2706 2698 2700
f 2705 2698 2706
f 2566 2706 2561
f 2561 2706 2700
f 2701 2570 2565
f 2707 2570 2701
f 2709 2708 2702
f 2710 2702 2703
f 2709 2702 2710
f 2704 2571 2572
f 2703 2704 2572
f 2710 2703 2572
f 2705 2711 2573
f 2704 2705 2573
f 2571 2704 2573
f 2578 2711 2574
f 2711 2706 2574
f 2711 2705 2706
f 2574 2706 2566
f 2707 2576 2570
f 2712 2576 2707
f 2713 2844 2708
f 2709 2713 2708
f 2713 2710 2582
f 2713 2709 2710
f 2582 2710 2572
f 2711 2578 2573
f 2576 2714 2581
f 2576 2712 2714
f 2715 2844 2713
f 2583 2715 2582
f 2715 2713 2582
f 2714 2586 2581
f 2714 2716 2586
f 2722 2715 2583
f 2583 2588 2722
f 2590 2586 2716
f 2590 2716 2717
f 2720 2719 2718
f 2592 2591 2718
f 2719 2592 2718
f 2721 2592 2719
f 2592 2722 2593
f 2721 2722 2592
f 2588 2594 2722
f 2723 2722 2594
f 2595 2722 2723
f 2722 2595 2593
f 2596 2723 2594
f 2599 2590 2717
f 2599 2717 2724
f 2718 2725 2720
f 2726 2725 2718
f 2600 2726 2591
f 2591 2726 2718
f 2727 2601 2595
f 2723 2727 2595
f 2723 2728 2727
f 2602 2723 2596
f 2602 2728 2723
f 2599 2724 2858
f 2858 2605 2599
f 2725 2729 2730
f 2731 2725 2726
f 2729 2725 2731
f 2606 2731 2600
f 2600 2731 2726
f 2732 2606 2727
f 2727 2606 2601
f 2733 2727 2728
f 2732 2727 2733
f 2734 2728 2602
f 2733 2728 2734
f 2603 2735 2602
f 2735 2734 2602
f 2603 2736 2735
f 2608 2605 2858
f 2737 2608 2858
f 2608 2737 2611
f 2611 2737 2730
f 2729 2611 2730
f 2738 2611 2729
f 2739 2729 2731
f 2738 2729 2739
f 2740 2731 2606
f 2740 2739 2731
f 2732 2740 2606
f 2732 2741 2740
f 2742 2732 2733
f 2741 2732 2742
f 2743 2733 2734
f 2742 2733 2743
f 2743 2734 2735
f 2744 2735 2736
f 2743 2735 2744
f 2607 2745 2736
f 2745 2744 2736
f 2610 2745 2607
f 2611 2738 2612
f 2612 2739 2613
f 2612 2738 2739
f 2613 2739 2740
f 2615 2740 2741
f 2615 2741 2746
f 2741 2742 2746
f 2747 2742 2743
f 2746 2742 2747
f 2748 2743 2744
f 2747 2743 2748
f 2749 2744 2745
f 2748 2744 2749
f 2616 2749 2610
f 2610 2749 2745
f 2617 2746 2618
f 2618 2746 2747
f 2618 2747 2619
f 2619 2747 2621
f 2621 2747 2748
f 2621 2748 2622
f 2622 2748 2749
f 2622 2749 2616
f 2750 2627 2624
f 2628 2751 2624
f 2751 2750 2624
f 2752 2751 2628
f 2752 2628 2625
f 2629 2754 2625
f 2754 2752 2625
f 2754 2629 2753
f 2755 2630 2631
f 2627 2750 2631
f 2750 2755 2631
f 2750 2756 2755
f 2757 2750 2751
f 2756 2750 2757
f 2751 2752 2758
f 2759 2751 2758
f 2757 2751 2759
f 2753 2760 2632
f 2760 2753 2758
f 2629 2758 2753
f 2758 2629 2759
f 2632 2759 2629
f 2759 2632 2760
f 2633 2761 2632
f 2761 2754 2632
f 2754 2753 2632
f 2763 2634 2755
f 2755 2634 2630
f 2756 2765 2764
f 2763 2756 2764
f 2755 2756 2763
f 2756 2766 2765
f 2757 2766 2756
f 2759 2760 2766
f 2757 2759 2766
f 2635 2761 2633
f 2635 2636 2761
f 2636 2762 2761
f 2636 2767 2762
f 2763 2637 2634
f 2638 2637 2763
f 2764 2638 2763
f 2768 2638 2764
f 2639 2767 2636
f 2768 2640 2638
f 2769 2640 2768
f 2639 2641 2770
f 2772 2771 2643
f 2643 2771 2642
f 2643 2640 2769
f 2643 2769 2772
f 2770 2647 2773
f 2641 2647 2770
f 2644 2642 2774
f 2642 2775 2774
f 2642 2771 2775
f 2774 2646 2644
f 2647 2648 2773
f 2648 2776 2773
f 2774 2775 2777
f 2777 2649 2646
f 2777 2646 2774
f 2651 2776 2648
f 2651 2778 2776
f 2779 2781 2780
f 2779 2780 2652
f 2777 2779 2652
f 2649 2777 2652
f 2780 2653 2652
f 2654 2778 2651
f 2654 2782 2778
f 2781 2783 2780
f 2780 2783 2653
f 2783 2655 2653
f 2783 2784 2655
f 2655 2786 2785
f 2784 2786 2655
f 2787 2785 2786
f 2782 2654 2788
f 2656 2788 2654
f 2789 2658 2657
f 2787 2789 2657
f 2785 2787 2657
f 2659 2790 2656
f 2656 2790 2788
f 2789 2791 2658
f 2789 2792 2791
f 2661 2793 2660
f 2793 2790 2660
f 2790 2659 2660
f 2794 2663 2791
f 2791 2792 2794
f 2793 2661 2795
f 2512 2795 2661
f 2794 2792 2796
f 2666 2795 2512
f 2794 2665 2663
f 2666 2797 2795
f 2794 2668 2665
f 2794 2796 2798
f 2794 2798 2668
f 2797 2669 2799
f 2666 2669 2797
f 2672 2671 2668
f 2798 2672 2668
f 2907 2672 2798
f 2799 2669 2673
f 2800 2799 2673
f 2672 2801 2674
f 2672 2907 2801
f 2802 2800 2675
f 2800 2673 2675
f 2801 2676 2674
f 2803 2676 2801
f 2802 2675 2677
f 2804 2802 2677
f 2803 2912 2676
f 2676 2912 2678
f 2680 2678 2912
f 2680 2912 2805
f 2681 2804 2677
f 2681 2806 2804
f 2680 2805 2807
f 2806 2684 2808
f 2681 2684 2806
f 2809 2682 2807
f 2683 2682 2809
f 2810 2808 2684
f 2685 2810 2684
f 2811 2685 2686
f 2811 2810 2685
f 2813 2811 2812
f 2811 2687 2812
f 2811 2686 2687
f 2688 2812 2687
f 2809 2814 2683
f 2683 2814 2690
f 2690 2814 2815
f 2816 2813 2812
f 2817 2816 2688
f 2816 2812 2688
f 2819 2817 2688
f 2689 2819 2688
f 2818 2819 2692
f 2819 2689 2692
f 2689 2543 2692
f 2815 2820 2690
f 2690 2820 2693
f 2821 2822 2694
f 2693 2821 2694
f 2820 2821 2693
f 2817 2819 2824
f 2817 2824 2823
f 2819 2818 2825
f 2819 2825 2824
f 2695 2825 2692
f 2692 2825 2818
f 2826 2697 2822
f 2822 2697 2694
f 2822 2827 2826
f 2823 2829 2835
f 2830 2823 2824
f 2829 2823 2830
f 2825 2830 2824
f 2831 2830 2825
f 2699 2831 2695
f 2695 2831 2825
f 2832 2697 2826
f 2832 2701 2697
f 2832 2826 2827
f 2828 2833 2834
f 2836 2828 2835
f 2833 2828 2836
f 2836 2835 2829
f 2702 2836 2829
f 2702 2829 2703
f 2703 2829 2830
f 2703 2830 2704
f 2830 2831 2704
f 2699 2704 2831
f 2837 2707 2832
f 2707 2701 2832
f 2839 2838 2837
f 2839 2837 2832
f 2838 2839 2834
f 2833 2838 2834
f 2840 2838 2833
f 2840 2836 2708
f 2840 2833 2836
f 2708 2836 2702
f 2841 2712 2837
f 2837 2712 2707
f 2842 2837 2838
f 2841 2837 2842
f 2843 2838 2840
f 2842 2838 2843
f 2844 2840 2708
f 2844 2843 2840
f 2845 2714 2841
f 2841 2714 2712
f 2846 2841 2842
f 2845 2841 2846
f 2847 2842 2843
f 2846 2842 2847
f 2848 2843 2844
f 2847 2843 2848
f 2715 2849 2844
f 2849 2848 2844
f 2850 2716 2845
f 2845 2716 2714
f 2851 2845 2846
f 2850 2845 2851
f 2852 2846 2847
f 2851 2846 2852
f 2853 2847 2848
f 2852 2847 2853
f 2854 2848 2849
f 2853 2848 2854
f 2722 2849 2715
f 2722 2854 2849
f 2716 2850 2717
f 2850 2855 2717
f 2850 2851 2855
f 2720 2851 2852
f 2855 2851 2720
f 2720 2853 2719
f 2720 2852 2853
f 2719 2853 2721
f 2721 2853 2854
f 2721 2854 2722
f 2717 2855 2724
f 2855 2856 2724
f 2855 2857 2856
f 2857 2720 2725
f 2857 2855 2720
f 2856 2858 2724
f 2730 2856 2857
f 2858 2856 2730
f 2725 2730 2857
f 2737 2858 2730
f 2754 2859 2752
f 2758 2752 2760
f 2752 2860 2760
f 2752 2859 2860
f 2860 2859 2754
f 2861 2860 2754
f 2761 2861 2754
f 2934 2860 2861
f 2761 2762 2861
f 2861 2762 2862
f 2863 2766 2760
f 2860 2863 2760
f 2860 2934 2864
f 2767 2862 2762
f 2767 2865 2862
f 2866 2768 2765
f 2765 2768 2764
f 2766 2867 2765
f 2867 2866 2765
f 2863 2867 2766
f 2863 2868 2867
f 2869 2863 2860
f 2868 2863 2869
f 2860 2864 2870
f 2860 2870 2869
f 2639 2865 2767
f 2639 2871 2865
f 2872 2769 2866
f 2866 2769 2768
f 2873 2866 2867
f 2872 2866 2873
f 2873 2868 2874
f 2867 2868 2873
f 2874 2868 2869
f 2874 2869 2875
f 2875 2869 2870
f 2876 2871 2639
f 2639 2770 2876
f 2877 2771 2772
f 2769 2872 2772
f 2872 2877 2772
f 2878 2872 2873
f 2877 2872 2878
f 2873 2874 2879
f 2873 2879 2878
f 2884 2770 2773
f 2876 2770 2884
f 2886 2775 2877
f 2877 2775 2771
f 2886 2877 2880
f 2881 2877 2878
f 2880 2877 2881
f 2878 2879 2882
f 2878 2882 2881
f 2884 2773 2883
f 2776 2883 2773
f 2885 2777 2886
f 2886 2777 2775
f 2887 2880 2881
f 2886 2880 2887
f 2881 2882 2888
f 2881 2888 2887
f 2884 2883 2892
f 2778 2883 2776
f 2885 2779 2777
f 2779 2885 2781
f 2885 2889 2781
f 2885 2886 2889
f 2889 2887 2890
f 2886 2887 2889
f 2892 2883 2891
f 2782 2891 2778
f 2778 2891 2883
f 2783 2781 2889
f 2783 2889 2784
f 2890 2784 2889
f 2784 2890 2893
f 2955 2893 2890
f 2894 2784 2893
f 2786 2784 2894
f 2787 2786 2894
f 2787 2894 2895
f 2892 2891 2896
f 2788 2896 2782
f 2782 2896 2891
f 2955 2897 2893
f 2895 2898 2787
f 2787 2898 2789
f 2789 2898 2899
f 2790 2900 2788
f 2788 2900 2896
f 2899 2792 2789
f 2901 2792 2899
f 2902 2900 2793
f 2900 2790 2793
f 2902 2795 2964
f 2793 2795 2902
f 2901 2796 2792
f 2903 2796 2901
f 2904 2796 2903
f 2904 2798 2796
f 2905 2798 2904
f 2799 2906 2797
f 2905 2908 2907
f 2798 2905 2907
f 2906 2800 2909
f 2799 2800 2906
f 2907 2908 2801
f 2908 2910 2801
f 2909 2800 2802
f 2911 2909 2802
f 2912 2803 2976
f 2803 2910 2976
f 2803 2801 2910
f 2913 2912 2976
f 2804 2911 2802
f 2804 2914 2911
f 2913 2805 2912
f 2806 2914 2804
f 2806 2915 2914
f 2913 2807 2805
f 2983 2807 2913
f 2985 2917 2916
f 2918 2917 2808
f 2917 2915 2808
f 2915 2806 2808
f 2915 2917 2985
f 2916 2919 2809
f 2983 2916 2809
f 2807 2983 2809
f 2920 2916 2917
f 2919 2916 2920
f 2921 2917 2918
f 2920 2917 2921
f 2810 2922 2808
f 2922 2918 2808
f 2922 2921 2918
f 2811 2813 2810
f 2810 2813 2922
f 2919 2814 2809
f 2919 2920 2923
f 2815 2919 2923
f 2919 2815 2814
f 2923 2920 2921
f 2923 2921 2924
f 2924 2921 2922
f 2924 2922 2925
f 2925 2922 2813
f 2925 2813 2929
f 2929 2813 2816
f 2815 2923 2820
f 2820 2926 2821
f 2923 2926 2820
f 2822 2821 2926
f 2822 2926 2927
f 2930 2929 2928
f 2816 2928 2929
f 2931 2928 2816
f 2823 2931 2817
f 2817 2931 2816
f 2827 2927 2932
f 2827 2822 2927
f 2932 2930 2928
f 2828 2932 2928
f 2928 2835 2828
f 2928 2931 2835
f 2823 2835 2931
f 2827 2932 2832
f 2932 2933 2832
f 2834 2933 2828
f 2828 2933 2932
f 2839 2832 2933
f 2839 2933 2834
f 2862 2934 2861
f 2935 2864 2934
f 2865 2935 2862
f 2862 2935 2934
f 2936 2870 2935
f 2935 2870 2864
f 2871 2936 2865
f 2865 2936 2935
f 2875 2937 2874
f 2870 2936 2875
f 2936 2937 2875
f 2936 2938 2937
f 2876 2939 2871
f 2939 2936 2871
f 2939 2938 2936
f 2940 2879 2874
f 2940 2937 2941
f 2874 2937 2940
f 2937 2942 2941
f 2938 2942 2937
f 2943 2938 2939
f 2942 2938 2943
f 2884 2943 2876
f 2876 2943 2939
f 2944 2882 2940
f 2940 2882 2879
f 2940 2941 2945
f 2940 2945 2944
f 2941 2942 2946
f 2946 2942 2943
f 2948 2947 2944
f 2947 2882 2944
f 2947 2888 2882
f 2948 2944 2945
f 2946 2949 2950
f 2949 2946 2943
f 2892 2943 2884
f 2951 2890 2887
f 2953 2951 2887
f 2888 2953 2887
f 2947 2953 2888
f 2949 2952 2950
f 2954 2952 2949
f 2954 2949 2943
f 2892 2954 2943
f 2890 2951 2955
f 2951 2893 2955
f 2953 2894 2893
f 2951 2953 2893
f 2952 2956 2895
f 2953 2952 2895
f 2894 2953 2895
f 2957 2952 2954
f 2956 2952 2957
f 2957 2954 2958
f 2896 2958 2892
f 2892 2958 2954
f 2897 2955 2893
f 2956 2898 2895
f 2898 2956 2899
f 2956 2959 2899
f 2956 2957 2959
f 2960 2957 2958
f 2959 2957 2960
f 2900 2960 2896
f 2896 2960 2958
f 2961 2901 2959
f 2959 2901 2899
f 2961 2960 2962
f 2959 2960 2961
f 2962 2960 2902
f 2960 2900 2902
f 2963 2901 2961
f 2961 2962 2965
f 2961 2965 2963
f 2962 2902 2964
f 2962 2964 2965
f 2966 2903 2963
f 2963 2903 2901
f 2963 2965 2967
f 2963 2967 2966
f 2965 2964 2987
f 2969 2968 2966
f 2968 2903 2966
f 2968 2904 2903
f 2969 2966 2967
f 2987 2964 2970
f 2987 2970 2972
f 2797 2970 2795
f 2795 2970 2964
f 2905 2968 2971
f 2904 2968 2905
f 2906 2970 2797
f 2971 2973 2908
f 2971 2908 2905
f 2972 2970 2974
f 2909 2974 2906
f 2906 2974 2970
f 2976 2910 2975
f 2910 2973 2975
f 2910 2908 2973
f 2977 2976 2975
f 2911 2974 2909
f 2980 2979 2913
f 2980 2913 2976
f 2977 2980 2976
f 2981 2979 2980
f 2978 2974 2982
f 2978 2982 2981
f 2914 2982 2911
f 2911 2982 2974
f 2983 2913 2979
f 2984 2979 2981
f 2983 2979 2984
f 2982 2984 2981
f 2985 2984 2982
f 2915 2985 2914
f 2914 2985 2982
f 2983 2984 2916
f 2916 2984 2985
f 2926 2923 2924
f 2926 2924 2927
f 2924 2986 2927
f 2924 2925 2986
f 2930 2986 2929
f 2986 2925 2929
f 2986 2932 2927
f 2932 2986 2930
f 2946 2945 2941
f 2945 2950 2948
f 2946 2950 2945
f 2948 2953 2947
f 2953 2950 2952
f 2953 2948 2950
f 2987 2967 2965
f 2967 2987 2969
f 2987 2988 2969
f 2972 2988 2987
f 2968 2969 2971
f 2969 2989 2971
f 2990 2969 2988
f 2989 2969 2990
f 2972 2990 2988
f 2991 2973 2971
f 2989 2993 2992
f 2991 2989 2992
f 2971 2989 2991
f 2995 2994 2993
f 2989 2995 2993
f 2990 2995 2989
f 2974 2995 2972
f 2972 2995 2990
f 2991 2975 2973
f 2997 2996 2977
f 2997 2977 2975
f 2992 2997 2975
f 2991 2992 2975
f 2996 2997 2994
f 2995 2996 2994
f 2998 2996 2995
f 2978 2998 2974
f 2974 2998 2995
f 2996 2980 2977
f 2980 2996 2981
f 2996 2999 2981
f 2996 2998 2999
f 2981 2999 2978
f 2978 2999 2998
f 3000 2992 2993
f 2994 3000 2993
f 3000 2997 2992
f 2997 3000 2994
