v -68.2 -11.0 30.0
v -68.0 -11.2 30.0
v -68.1 -10.3 25.9
v -67.9 -10.4 27.9
v -68.2 -10.0 27.9
v -68.3 -10.1 29.0
v -68.2 -10.0 30.0
v -68.2 -11.1 31.1
v -68.0 -11.0 32.0
v -68.2 -9.0 25.0
v -68.0 -9.0 24.8
v -68.7 -10.0 26.0
v -68.3 -9.0 27.0
v -68.0 -8.0 24.7
v -68.3 -8.0 25.0
v -68.3 -8.0 26.0
v -67.2 -13.0 36.0
v -67.0 -12.5 35.0
v -67.1 -13.0 38.0
v -67.2 -12.2 34.0
v -67.4 -12.0 35.0
v -67.4 -11.1 35.1
v -67.3 -13.0 37.0
v -67.0 -11.1 28.0
v -67.0 -11.3 28.9
v -67.0 -11.5 30.3
v -67.0 -11.5 32.0
v -67.0 -11.6 33.0
v -67.4 -11.0 33.0
v -67.4 -11.0 34.0
v -66.7 -11.0 36.0
v -67.1 -10.4 25.9
v -67.0 -10.6 27.0
v -67.7 -10.0 31.0
v -67.6 -10.0 32.0
v -66.9 -10.0 34.0
v -67.0 -9.0 24.6
v -67.7 -9.0 28.0
v -67.6 -9.0 30.0
v -67.3 -10.0 33.0
v -67.1 -10.0 35.0
v -67.0 -8.0 24.4
v -67.5 -8.0 28.3
v -67.4 -9.0 32.0
v -67.5 -7.0 25.0
v -67.0 -7.0 24.1
v -67.7 -7.9 27.0
v -67.4 -7.0 30.0
v -67.4 -7.0 31.0
v -67.3 -7.0 32.0
v -67.0 -6.6 25.0
v -67.5 -7.0 26.1
v -67.4 -6.0 28.0
v -67.0 -6.2 29.9
v -67.0 -6.1 31.0
v -67.0 -6.6 32.0
v -67.0 -5.0 27.0
v -67.3 -5.9 28.9
v -66.0 -15.0 36.0
v -66.0 -15.4 37.3
v -66.4 -15.0 37.4
v -66.0 -15.1 39.0
v -66.1 -15.0 39.0
v -66.5 -14.0 36.0
v -66.0 -14.0 35.6
v -66.6 -14.0 37.0
v -66.5 -14.0 38.0
v -66.0 -13.2 34.8
v -65.9 -14.0 39.0
v -66.5 -13.0 39.0
v -66.0 -12.1 33.0
v -66.0 -12.6 34.0
v -66.7 -12.0 37.0
v -66.5 -12.0 38.0
v -66.0 -13.0 40.0
v -66.0 -11.4 31.0
v -66.0 -11.6 32.0
v -66.4 -11.0 37.0
v -65.9 -11.0 38.0
v -66.3 -12.0 39.0
v -66.0 -10.2 25.9
v -66.0 -10.6 28.0
v -66.0 -10.7 29.0
v -66.5 -10.0 36.0
v -66.5 -9.0 35.0
v -65.7 -9.0 36.0
v -66.3 -9.9 37.1
v -66.0 -10.0 38.1
v -66.0 -8.0 24.6
v -66.7 -9.0 33.1
v -66.3 -8.0 35.0
v -66.6 -7.0 33.0
v -66.4 -7.1 34.0
v -66.0 -7.0 34.6
v -66.0 -6.8 25.0
v -67.0 -6.0 25.9
v -66.0 -6.5 26.0
v -66.1 -6.0 27.1
v -66.0 -6.2 30.9
v -66.4 -6.0 32.0
v -66.0 -6.0 31.4
v -66.4 -6.0 33.0
v -66.0 -5.9 34.0
v -66.0 -5.6 27.0
v -66.8 -5.1 27.7
v -66.0 -5.1 29.9
v -66.0 -5.7 32.0
v -66.0 -5.1 33.0
v -66.0 -4.2 27.0
v -66.0 -4.1 28.0
v -66.0 -4.8 29.0
v -65.3 -16.0 39.0
v -65.0 -16.2 39.0
v -65.1 -16.1 40.0
v -65.0 -15.2 36.8
v -65.0 -15.6 38.0
v -65.5 -15.0 40.0
v -65.0 -14.1 35.7
v -65.5 -14.0 40.0
v -65.1 -15.0 41.0
v -65.0 -13.1 34.7
v -65.0 -14.0 40.6
v -65.0 -12.3 33.9
v -64.8 -12.0 40.9
v -66.0 -11.3 30.0
v -65.0 -10.8 31.0
v -65.0 -11.4 32.0
v -64.9 -11.6 33.0
v -65.6 -11.0 39.0
v -65.6 -12.0 40.0
v -65.1 -11.0 41.0
v -65.7 -10.0 26.0
v -65.0 -10.0 26.6
v -65.0 -10.3 27.0
v -65.1 -10.5 28.4
v -65.0 -10.6 30.0
v -65.6 -10.0 39.0
v -65.4 -10.0 40.0
v -64.7 -10.0 41.0
v -65.9 -9.0 24.8
v -65.4 -9.0 26.0
v -65.5 -9.0 37.0
v -64.9 -9.0 38.0
v -65.2 -8.9 40.0
v -65.7 -8.0 25.0
v -65.3 -8.1 26.9
v -65.6 -8.0 36.0
v -64.6 -8.0 38.0
v -65.2 -8.8 39.1
v -65.8 -7.0 25.0
v -65.5 -7.0 27.0
v -65.7 -7.0 35.0
v -65.3 -7.0 37.0
v -65.5 -6.0 28.0
v -65.4 -6.0 28.9
v -65.6 -6.0 30.0
v -65.0 -6.5 30.0
v -65.0 -6.6 31.0
v -65.2 -6.0 32.0
v -65.4 -6.0 33.0
v -65.0 -6.4 33.0
v -65.0 -6.3 34.0
v -65.0 -6.0 34.4
v -65.4 -6.0 35.0
v -65.2 -6.0 36.2
v -65.9 -4.9 26.9
v -65.7 -5.0 28.0
v -65.8 -5.0 29.0
v -65.0 -5.0 35.0
v -65.0 -5.6 36.0
v -63.9 -16.4 39.0
v -63.0 -16.6 40.0
v -64.0 -16.0 40.7
v -64.0 -15.0 37.4
v -64.0 -15.5 38.0
v -63.9 -15.9 41.0
v -63.7 -15.8 42.1
v -64.5 -15.0 42.0
v -64.3 -15.1 43.0
v -63.7 -15.0 44.0
v -64.3 -14.0 43.0
v -64.7 -13.7 40.9
v -63.7 -12.1 34.9
v -64.4 -12.9 42.0
v -64.0 -11.1 32.0
v -64.4 -11.0 42.0
v -64.1 -10.0 27.0
v -64.0 -10.2 28.0
v -64.0 -10.3 30.9
v -64.0 -10.8 33.0
v -64.1 -10.0 42.3
v -64.7 -9.0 26.8
v -64.3 -8.9 28.9
v -64.2 -9.0 30.1
v -64.3 -9.0 31.0
v -64.2 -9.0 32.1
v -64.5 -8.0 28.0
v -63.9 -8.0 29.0
v -64.5 -8.0 32.0
v -64.5 -8.0 39.0
v -63.7 -8.1 40.1
v -64.2 -8.9 41.1
v -64.7 -7.0 28.0
v -64.5 -7.0 29.0
v -63.8 -8.0 30.0
v -64.6 -7.0 30.9
v -65.0 -7.0 32.0
v -64.7 -7.0 33.0
v -64.0 -7.0 34.4
v -64.4 -7.0 34.0
v -64.5 -7.0 38.0
v -64.0 -7.0 39.0
v -64.0 -6.0 34.6
v -64.0 -6.4 37.9
v -64.0 -7.0 39.0
v -64.0 -5.6 37.0
v -64.0 -4.9 36.1
v -63.0 -22.0 49.0
v -63.0 -22.0 48.0
v -63.4 -21.0 48.0
v -63.3 -21.0 49.0
v -63.0 -21.0 49.4
v -63.5 -20.0 48.0
v -63.3 -19.9 47.0
v -63.4 -19.0 48.0
v -63.4 -18.0 46.0
v -63.5 -18.0 47.0
v -63.3 -18.0 48.0
v -63.0 -18.9 48.5
v -63.2 -17.0 41.0
v -63.0 -17.5 41.0
v -63.4 -17.0 42.8
v -63.0 -17.4 42.2
v -63.0 -17.3 44.0
v -63.4 -17.0 44.0
v -63.5 -17.0 45.7
v -63.5 -17.0 47.0
v -63.7 -16.0 43.0
v -63.9 -16.0 44.0
v -63.6 -16.0 45.0
v -63.4 -16.0 46.0
v -63.1 -17.0 48.1
v -63.0 -15.0 37.7
v -63.4 -15.0 45.0
v -62.8 -15.1 45.9
v -63.2 -15.9 47.0
v -63.6 -14.1 37.0
v -63.0 -14.0 37.5
v -63.6 -14.0 44.0
v -63.3 -14.0 45.0
v -63.8 -13.1 35.9
v -63.3 -13.1 37.1
v -63.4 -13.0 44.0
v -63.4 -12.0 36.1
v -63.7 -12.9 43.0
v -63.3 -12.0 44.0
v -63.7 -11.2 34.0
v -63.4 -11.0 35.0
v -63.4 -11.0 36.0
v -63.5 -11.0 43.0
v -62.7 -11.0 44.0
v -63.9 -10.0 27.8
v -63.8 -10.0 30.9
v -63.6 -10.0 32.0
v -63.0 -10.0 33.0
v -62.8 -10.0 33.9
v -62.8 -10.0 35.0
v -63.2 -10.0 36.0
v -63.1 -10.0 43.4
v -63.2 -9.2 33.9
v -63.1 -10.0 37.0
v -63.0 -9.0 42.0
v -63.9 -8.0 31.0
v -63.7 -8.6 33.4
v -63.0 -9.0 43.0
v -63.6 -7.0 35.0
v -63.3 -7.1 36.0
v -63.0 -7.0 36.3
v -63.6 -7.0 39.0
v -63.0 -7.1 39.0
v -63.0 -7.0 39.0
v -63.0 -7.5 40.0
v -63.0 -7.8 41.1
v -63.7 -6.0 35.0
v -63.4 -6.0 36.0
v -63.0 -6.0 36.4
v -63.0 -6.0 38.4
v -64.0 -4.9 34.9
v -63.0 -5.1 37.0
v -63.0 -5.5 38.0
v -62.0 -23.0 51.0
v -62.3 -22.0 50.0
v -62.0 -22.0 49.6
v -62.2 -22.0 51.0
v -63.0 -21.0 47.0
v -61.8 -21.1 47.9
v -62.0 -21.6 49.0
v -62.5 -21.0 50.0
v -61.7 -21.0 51.0
v -63.0 -20.1 46.8
v -62.0 -20.0 47.5
v -61.7 -20.0 50.9
v -63.0 -19.0 46.0
v -63.3 -20.0 49.0
v -61.8 -19.0 50.0
v -63.0 -18.1 45.0
v -61.9 -17.9 48.8
v -63.0 -17.0 40.7
v -61.9 -16.8 41.3
v -62.0 -17.3 42.0
v -62.0 -17.3 43.0
v -62.0 -16.9 44.0
v -62.0 -17.5 45.0
v -62.0 -17.0 48.3
v -63.0 -16.2 38.9
v -62.0 -16.0 39.4
v -62.0 -16.4 40.0
v -62.1 -15.7 48.0
v -62.0 -16.0 48.8
v -61.8 -15.1 47.0
v -62.0 -14.0 38.5
v -62.5 -14.0 46.0
v -62.0 -13.0 38.3
v -62.7 -13.0 45.0
v -62.3 -13.0 46.1
v -62.6 -12.0 37.0
v -61.9 -12.0 37.9
v -62.5 -12.0 45.0
v -62.0 -12.0 46.0
v -62.7 -11.0 36.9
v -62.2 -10.9 38.2
v -62.0 -11.0 45.1
v -62.2 -10.0 38.2
v -62.1 -10.0 44.3
v -62.6 -9.0 36.0
v -62.5 -9.0 37.0
v -61.9 -9.0 38.0
v -62.0 -9.0 43.6
v -62.7 -8.1 35.9
v -62.2 -8.0 38.0
v -61.9 -8.0 42.0
v -62.1 -8.0 43.1
v -62.4 -7.0 37.0
v -62.3 -7.0 40.2
v -62.0 -7.4 41.0
v -62.0 -6.0 36.9
v -62.5 -6.0 39.0
v -62.2 -6.0 40.1
v -62.2 -5.0 38.0
v -62.0 -5.0 37.8
v -62.3 -5.0 39.0
v -62.0 -5.0 39.6
v -62.0 -3.9 39.0
v -62.0 -4.0 39.3
v -61.1 -24.0 53.0
v -61.1 -22.7 50.2
v -60.9 -23.4 51.0
v -61.0 -23.5 52.0
v -61.5 -23.0 52.0
v -61.3 -22.9 53.1
v -61.6 -22.0 52.0
v -61.3 -22.0 53.0
v -61.3 -21.0 49.0
v -61.0 -21.0 49.3
v -61.4 -20.0 48.0
v -61.4 -19.9 52.1
v -61.1 -21.0 53.0
v -62.0 -19.0 47.1
v -61.0 -19.7 48.0
v -61.9 -19.0 51.0
v -61.3 -19.0 52.1
v -62.0 -18.0 46.0
v -61.0 -18.0 45.2
v -61.0 -18.4 46.0
v -61.5 -18.0 50.0
v -61.1 -18.0 51.0
v -61.1 -18.0 52.0
v -61.0 -16.6 42.0
v -61.0 -16.9 45.1
v -61.6 -17.0 49.0
v -60.9 -16.1 39.9
v -60.3 -16.4 40.9
v -61.0 -16.6 43.0
v -61.0 -16.6 44.0
v -61.3 -16.0 49.0
v -61.0 -16.0 49.1
v -61.0 -17.0 51.0
v -61.2 -15.0 39.4
v -61.5 -15.0 48.0
v -61.0 -14.0 39.4
v -61.5 -14.0 47.0
v -61.0 -14.2 47.8
v -61.1 -15.0 49.1
v -60.8 -12.9 38.8
v -61.2 -13.0 47.1
v -61.0 -12.0 38.6
v -61.0 -12.0 45.9
v -61.4 -10.0 39.0
v -61.0 -10.0 44.5
v -61.0 -9.0 39.5
v -61.5 -8.0 38.9
v -61.0 -7.0 39.4
v -61.0 -9.0 43.9
v -61.3 -8.0 44.0
v -61.4 -7.0 39.0
v -61.2 -7.0 41.0
v -61.5 -7.0 42.0
v -61.5 -7.0 43.0
v -61.0 -7.0 44.0
v -61.1 -7.0 45.0
v -61.5 -6.0 38.0
v -61.5 -6.0 41.0
v -61.4 -6.0 42.0
v -61.3 -6.0 43.0
v -61.0 -6.4 45.0
v -61.4 -5.0 39.0
v -61.5 -5.0 40.1
v -61.0 -5.0 39.4
v -61.3 -5.0 42.0
v -61.0 -5.0 42.9
v -61.7 -4.0 39.0
v -61.0 -4.6 40.0
v -60.0 -25.1 53.0
v -60.1 -23.8 52.1
v -60.0 -24.4 54.0
v -60.1 -24.0 54.2
v -59.7 -23.0 54.7
v -60.3 -22.0 49.6
v -60.0 -22.8 50.3
v -59.8 -22.0 54.6
v -60.1 -20.1 49.3
v -60.0 -21.0 54.1
v -60.0 -19.8 49.0
v -60.0 -20.0 53.5
v -61.0 -19.1 47.0
v -60.0 -19.3 47.8
v -60.1 -19.0 53.3
v -60.0 -18.3 46.0
v -60.0 -18.3 47.0
v -59.8 -17.9 52.9
v -60.0 -16.8 45.1
v -61.0 -17.0 50.0
v -60.0 -16.0 40.4
v -60.0 -16.6 42.0
v -60.0 -16.6 44.0
v -60.6 -16.0 50.0
v -60.1 -16.9 52.2
v -60.2 -15.8 50.9
v -60.2 -14.0 40.2
v -60.1 -14.3 48.8
v -60.2 -14.9 50.0
v -60.4 -12.5 40.0
v -59.9 -12.6 40.5
v -60.0 -13.1 47.7
v -60.6 -12.0 39.0
v -60.1 -11.9 47.2
v -60.8 -11.1 38.8
v -61.0 -11.0 45.0
v -60.1 -11.1 46.3
v -60.4 -10.1 40.0
v -60.0 -9.0 40.3
v -59.9 -9.0 44.9
v -60.0 -8.0 39.9
v -60.2 -6.9 40.2
v -60.3 -7.0 46.0
v -60.0 -7.0 46.5
v -60.9 -6.0 38.9
v -60.2 -6.1 40.2
v -60.2 -6.1 43.0
v -60.0 -6.5 44.0
v -61.0 -5.9 44.1
v -60.0 -6.8 46.0
v -60.0 -5.0 40.0
v -60.9 -4.7 42.0
v -60.0 -5.4 42.0
v -60.0 -4.8 41.0
v -59.1 -27.1 54.0
v -59.1 -26.0 54.1
v -59.0 -26.0 53.8
v -60.0 -25.1 53.0
v -59.0 -25.0 53.4
v -59.5 -25.0 54.0
v -59.0 -25.0 54.9
v -59.0 -24.3 52.0
v -59.0 -24.0 51.6
v -59.0 -24.7 53.0
v -59.0 -23.4 51.0
v -58.9 -24.1 54.9
v -58.8 -20.9 54.9
v -59.0 -20.0 49.3
v -58.7 -20.1 54.9
v -58.9 -18.6 47.1
v -58.2 -19.4 48.0
v -59.0 -19.7 49.0
v -59.8 -18.0 45.7
v -59.5 -19.0 54.0
v -59.0 -17.3 42.0
v -59.0 -17.0 41.6
v -59.0 -17.4 42.9
v -59.0 -17.3 44.0
v -59.0 -16.9 45.0
v -59.6 -17.0 53.0
v -59.3 -17.0 54.0
v -59.0 -16.0 41.0
v -59.6 -16.0 52.0
v -58.7 -16.0 54.0
v -59.9 -15.0 39.9
v -59.0 -15.0 40.5
v -58.9 -15.2 51.0
v -59.3 -16.0 53.0
v -58.8 -14.2 50.0
v -59.0 -13.0 41.0
v -59.0 -13.6 49.0
v -59.0 -12.0 40.6
v -59.0 -12.2 47.6
v -60.0 -10.2 40.4
v -58.8 -11.0 46.9
v -59.0 -10.0 40.6
v -60.4 -10.0 45.1
v -59.0 -10.0 46.4
v -58.9 -9.0 46.0
v -59.6 -8.0 46.0
v -58.6 -9.0 47.1
v -58.9 -7.9 40.6
v -59.0 -7.6 47.0
v -59.0 -8.0 48.0
v -59.0 -6.4 43.0
v -59.0 -6.6 44.0
v -59.1 -6.6 45.3
v -59.0 -5.7 41.0
v -58.8 -5.8 42.0
v -59.0 -27.0 53.0
v -58.3 -27.0 52.9
v -57.4 -27.4 54.0
v -58.0 -26.2 54.0
v -58.5 -26.0 54.0
v -58.0 -27.0 55.0
v -58.0 -25.0 53.5
v -58.0 -25.8 54.0
v -58.0 -25.1 55.0
v -58.5 -25.0 55.0
v -58.0 -25.1 56.0
v -58.0 -24.0 51.2
v -57.8 -24.4 52.0
v -58.0 -24.6 53.0
v -58.5 -23.0 51.0
v -58.0 -23.0 51.3
v -58.5 -23.2 55.9
v -58.9 -22.0 49.8
v -58.1 -21.9 51.1
v -58.4 -22.0 56.0
v -58.0 -23.8 56.4
v -58.0 -21.0 49.6
v -58.0 -21.5 50.0
v -58.0 -20.1 56.4
v -58.1 -19.8 49.1
v -58.3 -20.1 56.0
v -58.0 -18.0 45.5
v -57.0 -18.4 45.9
v -58.5 -18.0 55.0
v -58.2 -19.1 56.2
v -58.1 -17.0 39.9
v -58.1 -18.1 41.0
v -58.0 -17.7 42.0
v -58.1 -17.5 43.2
v -58.0 -17.6 45.0
v -58.5 -17.0 55.0
v -57.8 -18.0 55.8
v -58.0 -16.0 40.5
v -58.2 -16.0 55.1
v -58.0 -15.0 41.3
v -58.8 -15.3 52.0
v -58.4 -15.0 53.0
v -57.9 -15.2 54.7
v -59.0 -14.0 40.7
v -58.0 -14.0 41.3
v -58.1 -13.8 51.0
v -58.0 -14.5 52.0
v -58.1 -14.8 54.0
v -58.1 -13.1 40.7
v -58.0 -13.3 49.0
v -58.0 -13.6 50.0
v -58.0 -12.0 40.6
v -57.9 -12.1 47.7
v -58.0 -11.0 47.5
v -58.2 -10.0 41.1
v -58.6 -10.0 47.0
v -58.1 -10.0 48.0
v -58.1 -9.0 48.0
v -58.3 -9.0 49.0
v -58.1 -9.0 50.0
v -58.4 -8.0 49.0
v -57.9 -8.0 50.0
v -58.6 -7.0 41.0
v -58.0 -7.3 44.0
v -59.0 -6.8 46.1
v -58.1 -7.4 46.0
v -58.0 -7.6 48.0
v -58.0 -7.6 49.0
v -58.8 -6.0 40.9
v -57.8 -6.8 43.0
v -57.0 -27.0 52.9
v -57.0 -27.2 55.0
v -57.8 -26.0 54.0
v -57.7 -26.0 55.0
v -57.0 -26.2 56.1
v -57.0 -24.0 51.6
v -57.0 -24.8 53.0
v -57.0 -23.0 51.6
v -57.0 -22.0 51.4
v -57.0 -21.2 49.8
v -57.0 -21.6 51.0
v -57.0 -24.9 56.6
v -57.0 -20.4 49.0
v -57.0 -19.6 48.0
v -57.0 -19.1 56.6
v -57.0 -18.0 39.9
v -57.0 -18.4 41.0
v -57.0 -18.3 42.1
v -57.0 -17.8 45.0
v -56.8 -18.7 47.1
v -57.0 -18.0 56.4
v -57.0 -17.0 39.7
v -57.0 -17.7 43.0
v -57.0 -18.0 44.0
v -57.0 -17.1 56.4
v -57.0 -16.6 40.0
v -57.1 -15.0 41.5
v -57.0 -16.0 56.1
v -57.0 -14.0 42.1
v -57.0 -14.1 51.8
v -57.0 -14.4 53.0
v -57.0 -14.8 55.2
v -57.0 -13.0 40.9
v -57.7 -13.0 49.0
v -57.0 -13.5 51.0
v -57.1 -12.0 48.0
v -57.4 -12.0 49.0
v -56.9 -13.0 50.0
v -57.2 -11.9 50.1
v -57.8 -11.1 40.8
v -57.3 -11.0 42.0
v -57.1 -11.0 48.0
v -57.4 -11.0 49.0
v -57.2 -11.0 50.2
v -57.5 -10.0 42.0
v -57.6 -10.0 49.0
v -57.1 -10.0 50.0
v -57.1 -10.0 51.1
v -57.9 -9.1 41.6
v -57.5 -9.0 51.0
v -57.5 -8.0 42.0
v -57.9 -8.0 51.0
v -57.8 -6.9 42.0
v -57.0 -7.6 44.3
v -57.0 -7.7 48.0
v -57.0 -7.6 49.0
v -57.0 -7.5 50.0
v -57.0 -7.6 51.0
v -57.1 -8.0 52.1
v -56.0 -27.0 53.5
v -56.0 -27.3 54.0
v -56.0 -26.0 52.0
v -56.0 -26.0 52.0
v -56.0 -26.6 53.0
v -56.9 -26.0 53.3
v -56.0 -26.9 55.0
v -56.0 -26.5 56.0
v -56.0 -26.0 59.0
v -56.0 -26.0 59.0
v -56.0 -26.0 59.0
v -56.0 -26.0 52.0
v -56.9 -25.0 53.2
v -55.8 -26.1 56.8
v -56.5 -24.9 57.0
v -56.0 -25.0 59.0
v -56.0 -25.0 59.0
v -56.0 -24.1 51.9
v -56.0 -23.0 52.3
v -56.0 -22.0 52.0
v -55.6 -23.7 58.0
v -56.0 -21.5 51.0
v -55.9 -20.2 47.9
v -56.3 -20.0 57.2
v -56.2 -19.0 57.2
v -56.0 -18.2 40.9
v -55.9 -18.3 42.1
v -56.0 -18.2 45.0
v -56.0 -17.7 43.0
v -56.0 -17.7 44.0
v -56.0 -17.0 56.6
v -56.0 -16.4 41.1
v -56.0 -16.0 55.9
v -56.0 -15.1 42.3
v -56.0 -15.0 55.5
v -56.0 -14.0 42.5
v -56.4 -14.0 53.0
v -56.0 -14.5 55.0
v -55.9 -13.0 41.9
v -55.9 -13.0 51.0
v -56.1 -12.9 52.0
v -57.4 -12.1 41.1
v -55.8 -12.0 50.8
v -56.1 -11.0 52.0
v -56.3 -9.9 43.2
v -56.0 -11.0 51.0
v -56.3 -10.0 52.1
v -56.5 -9.0 43.0
v -55.7 -9.0 53.0
v -56.8 -7.9 43.0
v -56.5 -8.0 44.0
v -56.0 -8.5 45.0
v -56.0 -8.4 46.1
v -56.0 -8.4 48.0
v -56.0 -8.3 49.0
v -56.4 -8.0 52.9
v -56.0 -8.0 54.0
v -56.0 -7.6 50.0
v -56.0 -7.7 53.0
v -55.3 -29.9 58.0
v -55.0 -31.0 58.0
v -55.3 -29.0 57.0
v -54.7 -28.9 59.0
v -55.0 -29.0 60.0
v -55.4 -28.0 57.0
v -55.2 -28.0 60.0
v -55.0 -26.8 53.0
v -55.0 -27.5 54.0
v -55.0 -27.5 55.0
v -54.8 -27.9 56.0
v -55.5 -27.0 56.0
v -55.4 -27.0 58.0
v -55.0 -27.0 59.0
v -55.2 -27.0 60.0
v -55.0 -26.0 51.0
v -55.0 -26.0 51.0
v -55.0 -26.6 52.0
v -55.0 -26.9 59.0
v -55.0 -25.5 52.0
v -56.0 -25.0 52.3
v -55.7 -25.0 58.0
v -55.1 -26.0 60.2
v -54.9 -25.0 59.7
v -55.0 -24.0 52.5
v -55.0 -24.0 59.5
v -55.0 -23.0 52.4
v -55.0 -22.2 51.8
v -55.4 -23.9 59.0
v -55.0 -21.3 50.0
v -55.0 -21.6 51.0
v -55.0 -23.0 59.5
v -55.0 -20.0 47.5
v -54.0 -20.5 48.0
v -56.0 -20.8 50.0
v -55.4 -20.0 59.0
v -56.1 -18.8 47.1
v -55.0 -19.2 46.8
v -55.6 -19.1 58.0
v -55.3 -19.0 59.0
v -55.7 -18.0 41.0
v -55.1 -18.0 42.0
v -55.0 -17.9 45.0
v -55.0 -18.5 46.0
v -55.8 -17.9 56.8
v -55.4 -18.0 58.0
v -56.0 -17.0 40.0
v -55.6 -17.0 41.0
v -55.4 -17.0 42.0
v -55.2 -17.0 43.0
v -55.0 -17.5 44.0
v -55.6 -17.0 57.0
v -55.4 -17.0 58.0
v -55.0 -17.0 58.5
v -55.6 -16.0 42.0
v -55.0 -16.0 42.7
v -55.4 -16.0 57.0
v -55.4 -15.0 56.0
v -55.0 -15.4 57.0
v -55.1 -15.9 58.1
v -55.1 -14.0 43.1
v -56.0 -14.3 54.0
v -55.0 -14.6 56.0
v -54.8 -13.0 42.9
v -54.6 -13.0 54.1
v -55.0 -13.4 54.0
v -55.0 -13.7 55.0
v -55.0 -12.0 43.4
v -55.0 -12.0 52.0
v -55.2 -12.6 53.0
v -55.4 -11.0 44.0
v -55.0 -11.2 44.1
v -55.2 -11.2 53.1
v -54.5 -11.0 54.0
v -55.8 -9.0 44.0
v -55.0 -10.4 45.0
v -55.4 -10.0 45.0
v -55.1 -10.0 46.0
v -55.3 -10.0 53.2
v -55.5 -9.0 45.0
v -55.0 -9.0 55.0
v -55.0 -8.7 47.1
v -55.0 -8.5 49.0
v -54.9 -8.8 54.0
v -54.4 -7.5 51.6
v -55.5 -7.5 52.5
v -55.0 -7.7 54.0
v -55.0 -8.0 55.1
v -53.8 -31.0 57.1
v -54.0 -31.5 58.0
v -54.0 -31.4 59.0
v -54.2 -31.0 59.1
v -54.3 -30.0 56.0
v -54.6 -30.0 57.0
v -54.5 -30.0 59.0
v -54.3 -30.0 61.0
v -53.9 -30.0 60.0
v -54.2 -30.0 62.0
v -54.5 -29.0 56.0
v -54.6 -29.0 61.0
v -54.4 -28.9 62.0
v -54.2 -28.2 54.0
v -53.7 -29.0 55.0
v -54.5 -28.0 55.0
v -54.8 -28.0 59.0
v -54.6 -28.0 61.0
v -54.3 -28.0 62.1
v -54.9 -27.0 51.0
v -54.0 -27.0 50.8
v -54.0 -27.3 51.0
v -54.0 -27.5 52.0
v -54.6 -27.0 52.0
v -53.8 -27.8 53.0
v -54.4 -27.0 61.0
v -53.7 -27.0 62.0
v -55.0 -26.0 51.0
v -54.0 -26.7 51.0
v -54.0 -26.0 51.5
v -54.0 -26.0 60.7
v -54.0 -25.6 52.0
v -54.0 -25.0 52.5
v -54.0 -25.0 60.5
v -54.0 -24.0 53.1
v -53.6 -24.0 61.0
v -54.0 -23.0 52.5
v -54.0 -22.0 51.5
v -54.0 -21.2 49.1
v -54.0 -21.5 51.0
v -54.0 -18.7 46.0
v -54.0 -19.5 47.0
v -54.5 -19.0 60.0
v -53.6 -19.0 60.9
v -54.0 -18.0 44.6
v -54.0 -18.4 45.0
v -54.7 -18.0 59.0
v -54.0 -17.0 43.9
v -54.4 -17.0 59.0
v -54.2 -18.0 60.1
v -54.7 -16.0 43.0
v -54.0 -16.7 44.0
v -54.3 -16.0 44.0
v -53.8 -15.9 58.7
v -54.9 -15.1 42.8
v -54.4 -15.0 44.0
v -54.2 -14.0 44.1
v -54.0 -14.2 56.0
v -54.0 -14.6 57.0
v -54.0 -13.0 43.6
v -54.0 -13.3 55.0
v -54.0 -11.9 43.8
v -54.7 -12.0 53.0
v -54.4 -12.0 54.0
v -54.0 -12.0 54.5
v -54.0 -11.0 54.4
v -54.0 -10.6 46.0
v -54.5 -10.0 47.0
v -54.0 -10.5 47.0
v -54.1 -10.2 48.0
v -54.5 -10.0 54.0
v -54.0 -10.0 54.5
v -54.9 -9.0 46.0
v -54.7 -9.0 47.0
v -54.6 -9.0 48.0
v -54.0 -9.4 49.0
v -54.4 -9.0 49.1
v -54.0 -9.4 55.0
v -54.0 -9.0 55.3
v -54.9 -7.8 50.0
v -54.0 -8.0 54.0
v -54.0 -7.6 53.0
v -54.0 -7.9 55.0
v -53.0 -34.0 59.0
v -53.4 -33.0 59.0
v -53.3 -33.0 60.0
v -53.2 -32.0 55.0
v -53.0 -32.2 55.1
v -53.4 -31.9 56.6
v -53.0 -32.4 57.0
v -53.0 -32.6 58.0
v -53.5 -32.0 58.0
v -53.6 -32.0 59.0
v -53.4 -32.0 60.0
v -53.6 -31.0 56.0
v -53.6 -31.0 60.0
v -52.8 -32.0 61.0
v -53.5 -31.0 61.0
v -53.5 -31.0 62.0
v -53.3 -31.0 63.0
v -52.4 -31.0 64.0
v -53.5 -30.0 55.0
v -53.5 -30.0 63.0
v -52.8 -30.0 63.7
v -53.3 -29.0 53.0
v -53.0 -28.6 52.1
v -52.7 -30.0 54.0
v -53.5 -29.0 54.0
v -53.4 -29.1 63.1
v -53.0 -28.0 51.0
v -53.5 -28.0 52.0
v -53.0 -27.0 50.9
v -53.4 -28.0 63.0
v -53.0 -27.2 63.5
v -53.0 -26.3 52.0
v -53.0 -26.0 52.3
v -53.2 -25.0 63.0
v -53.4 -26.0 63.0
v -53.0 -26.0 63.4
v -53.0 -25.0 52.6
v -53.7 -25.9 61.0
v -53.4 -25.0 62.0
v -53.0 -24.0 53.2
v -53.0 -24.0 61.7
v -53.0 -24.4 62.0
v -53.0 -24.9 63.1
v -53.0 -22.1 51.8
v -53.0 -23.0 61.5
v -53.0 -20.8 51.1
v -53.0 -19.6 47.0
v -53.0 -20.3 48.0
v -53.0 -20.5 49.0
v -53.0 -20.6 50.0
v -53.0 -19.1 44.9
v -53.0 -19.4 46.0
v -53.0 -20.1 61.5
v -53.0 -18.0 44.6
v -53.0 -18.0 61.2
v -53.0 -17.0 44.7
v -53.6 -17.0 60.0
v -53.0 -17.0 60.6
v -53.5 -16.0 45.0
v -53.1 -16.0 46.0
v -53.5 -15.0 45.0
v -53.8 -15.3 58.1
v -53.2 -16.0 60.1
v -53.5 -14.0 45.0
v -53.1 -14.0 46.1
v -52.8 -14.1 58.0
v -53.2 -15.0 59.1
v -53.2 -13.0 44.0
v -53.0 -13.0 45.0
v -52.7 -13.0 56.0
v -53.0 -13.4 56.0
v -53.0 -13.7 57.0
v -53.6 -12.0 44.0
v -53.0 -12.0 55.4
v -54.0 -10.8 45.0
v -53.0 -11.7 45.0
v -53.0 -11.4 46.1
v -53.0 -11.3 47.0
v -52.9 -11.0 54.8
v -53.0 -10.6 48.0
v -53.0 -10.0 48.5
v -53.0 -9.2 50.1
v -53.0 -9.9 54.8
v -53.0 -9.0 55.3
v -53.1 -8.1 51.3
v -53.0 -8.3 54.7
v -53.1 -7.6 51.9
v -53.0 -7.5 53.0
v -53.0 -7.7 54.0
v -52.0 -36.0 60.0
v -52.4 -35.0 60.0
v -52.0 -35.0 59.4
v -52.3 -35.1 60.9
v -52.0 -34.0 58.4
v -52.0 -34.6 59.0
v -52.7 -33.9 60.1
v -52.3 -34.0 62.0
v -51.5 -34.0 63.0
v -53.0 -33.0 58.4
v -52.2 -33.1 57.7
v -52.6 -33.0 61.0
v -52.4 -33.0 62.0
v -52.0 -32.3 54.0
v -52.1 -32.5 55.1
v -51.9 -32.8 57.0
v -52.5 -32.0 63.0
v -51.7 -33.0 63.0
v -52.2 -32.0 64.1
v -52.5 -31.0 54.0
v -52.0 -31.0 64.4
v -52.4 -30.0 53.0
v -51.7 -30.9 53.0
v -52.0 -30.0 64.4
v -52.4 -29.0 52.0
v -52.0 -29.0 51.7
v -52.0 -29.0 64.3
v -52.0 -28.0 51.5
v -52.0 -28.0 64.4
v -52.0 -27.0 64.3
v -52.0 -26.0 53.1
v -52.0 -26.1 63.7
v -52.0 -25.0 52.9
v -52.0 -25.0 63.4
v -52.0 -24.0 53.5
v -51.1 -24.0 63.5
v -52.0 -24.4 63.0
v -53.0 -23.0 52.7
v -52.0 -23.0 53.4
v -52.0 -21.0 51.5
v -51.9 -21.6 52.1
v -52.0 -19.7 49.0
v -52.0 -20.3 50.0
v -52.0 -20.6 51.0
v -52.2 -20.0 62.2
v -52.0 -19.0 45.0
v -52.0 -19.9 46.0
v -52.0 -19.0 47.0
v -52.0 -19.6 48.0
v -52.6 -18.0 45.0
v -52.0 -18.6 46.0
v -52.3 -18.0 46.0
v -52.0 -19.0 61.8
v -52.8 -17.0 45.0
v -52.2 -17.0 53.9
v -52.0 -17.2 54.0
v -52.0 -17.2 55.0
v -52.2 -17.0 55.0
v -52.0 -17.0 61.4
v -52.3 -16.0 47.0
v -52.1 -16.0 53.8
v -52.4 -16.0 55.0
v -52.2 -16.0 56.1
v -51.8 -16.0 60.8
v -52.8 -15.0 46.0
v -52.4 -15.0 47.0
v -52.0 -15.0 47.5
v -52.0 -15.7 54.0
v -52.0 -14.9 55.0
v -52.1 -14.9 56.1
v -52.1 -13.9 47.1
v -52.1 -14.9 60.3
v -52.1 -13.0 46.2
v -51.9 -13.2 56.9
v -52.0 -13.6 58.0
v -52.0 -13.7 59.0
v -52.0 -11.5 47.0
v -51.9 -11.2 48.2
v -52.0 -11.0 55.6
v -52.0 -12.0 56.1
v -52.7 -10.0 55.0
v -52.0 -9.5 50.1
v -52.0 -10.0 56.0
v -52.0 -9.0 55.5
v -52.0 -7.8 52.0
v -52.0 -8.5 55.0
v -52.0 -7.6 53.0
v -52.0 -7.7 54.1
v -51.0 -37.0 62.0
v -50.8 -35.9 59.1
v -51.0 -36.5 60.0
v -50.9 -36.7 61.0
v -51.6 -36.0 61.0
v -51.4 -36.0 62.0
v -51.0 -35.0 51.0
v -51.2 -35.0 53.0
v -51.0 -35.2 53.0
v -51.1 -35.0 57.0
v -51.0 -35.4 58.0
v -51.7 -35.0 59.0
v -51.7 -35.0 62.0
v -50.9 -36.0 62.6
v -51.2 -34.9 63.2
v -51.3 -34.0 51.0
v -51.0 -34.0 50.6
v -50.9 -34.8 52.0
v -51.4 -34.0 52.0
v -51.3 -34.0 53.0
v -51.1 -35.0 54.0
v -51.6 -34.0 58.0
v -51.0 -34.0 63.6
v -51.4 -33.0 51.0
v -51.0 -33.0 50.6
v -51.4 -33.0 52.0
v -51.1 -33.0 53.0
v -50.8 -34.0 54.0
v -51.4 -33.0 54.0
v -51.2 -33.3 54.8
v -50.7 -34.0 56.0
v -51.5 -33.0 56.0
v -50.9 -34.0 57.0
v -51.4 -33.0 64.0
v -51.0 -33.0 64.4
v -51.7 -32.0 51.0
v -51.0 -32.0 50.7
v -51.5 -32.0 52.0
v -51.5 -32.0 53.1
v -51.0 -32.0 64.6
v -51.4 -31.0 52.0
v -51.0 -31.0 51.6
v -51.0 -31.0 64.7
v -51.4 -30.0 52.0
v -51.0 -30.0 51.8
v -51.0 -30.0 65.2
v -51.0 -29.0 51.8
v -51.0 -29.0 64.7
v -51.5 -28.0 52.0
v -51.0 -27.0 53.4
v -51.9 -27.0 51.8
v -51.4 -27.0 53.0
v -51.0 -27.2 64.6
v -51.0 -25.0 53.7
v -51.0 -26.0 64.4
v -51.0 -25.0 63.8
v -51.0 -24.0 54.3
v -51.0 -23.0 54.2
v -51.1 -23.0 63.4
v -51.2 -21.8 53.0
v -51.0 -19.7 50.0
v -51.0 -20.5 51.0
v -51.5 -20.0 63.0
v -51.8 -19.0 46.0
v -51.0 -19.3 48.0
v -51.0 -19.6 49.0
v -51.8 -19.0 62.0
v -51.0 -19.0 63.5
v -51.6 -18.0 47.0
v -51.2 -18.1 63.0
v -52.4 -17.0 46.1
v -51.0 -17.3 54.0
v -51.0 -17.0 53.1
v -51.0 -17.5 55.0
v -51.0 -17.2 56.0
v -51.1 -17.0 56.2
v -51.5 -17.0 62.0
v -51.0 -17.0 62.4
v -51.0 -18.0 63.2
v -51.0 -16.0 53.1
v -51.0 -16.0 56.6
v -51.4 -15.0 48.0
v -51.0 -15.6 54.0
v -50.9 -15.2 55.2
v -51.0 -15.0 56.3
v -51.0 -15.0 61.1
v -51.0 -16.0 62.1
v -51.0 -14.0 47.5
v -51.0 -14.2 48.0
v -51.0 -14.8 56.0
v -51.0 -13.8 47.0
v -51.5 -13.0 57.0
v -51.0 -13.3 58.0
v -51.0 -13.1 59.0
v -51.0 -13.8 60.0
v -51.8 -12.0 46.0
v -51.0 -12.0 55.9
v -50.7 -11.7 47.3
v -51.0 -11.3 49.0
v -51.3 -11.0 49.0
v -51.9 -9.9 48.9
v -51.4 -10.0 50.0
v -51.0 -11.0 55.7
v -51.0 -10.0 56.1
v -51.0 -9.0 55.5
v -51.0 -8.7 51.9
v -51.0 -8.4 53.2
v -51.0 -8.3 54.0
v -51.0 -8.2 55.0
v -50.1 -37.2 59.0
v -50.5 -37.0 60.0
v -50.1 -37.4 60.8
v -50.0 -37.5 62.0
v -50.4 -36.0 58.0
v -50.0 -36.0 57.6
v -50.0 -36.9 62.6
v -50.0 -36.0 63.4
v -50.0 -35.1 50.9
v -50.0 -35.3 52.0
v -50.0 -35.4 54.0
v -50.0 -35.3 55.0
v -50.4 -35.0 55.0
v -50.0 -35.4 56.0
v -50.4 -35.0 56.0
v -50.0 -35.6 57.0
v -49.8 -35.0 63.8
v -50.0 -34.0 50.2
v -50.6 -34.0 55.0
v -50.0 -33.0 50.5
v -50.1 -33.0 65.3
v -50.0 -32.0 50.6
v -49.9 -32.0 65.6
v -50.0 -31.6 51.0
v -50.0 -31.0 51.6
v -50.0 -31.0 65.5
v -50.7 -30.0 52.0
v -50.3 -30.0 54.0
v -50.3 -30.0 56.0
v -50.2 -30.0 57.0
v -50.0 -30.0 57.3
v -49.9 -30.0 65.6
v -50.5 -29.3 52.9
v -50.4 -29.0 55.0
v -50.5 -29.0 56.0
v -50.2 -29.0 57.1
v -50.8 -29.0 52.0
v -50.5 -27.5 54.5
v -50.4 -27.9 56.0
v -50.5 -26.8 55.0
v -50.0 -27.0 56.4
v -50.0 -29.0 65.5
v -50.6 -26.9 54.0
v -50.2 -26.0 56.1
v -50.7 -25.0 54.0
v -50.4 -25.0 55.0
v -50.0 -25.0 55.6
v -50.8 -25.0 64.0
v -50.5 -26.0 65.0
v -50.0 -25.0 65.5
v -50.3 -24.0 55.0
v -50.0 -24.0 55.3
v -50.6 -23.9 64.0
v -50.2 -23.1 65.0
v -50.1 -21.9 54.2
v -50.0 -21.2 52.0
v -50.0 -21.6 54.0
v -50.5 -22.0 64.0
v -50.0 -21.8 64.5
v -50.0 -20.3 51.0
v -50.0 -20.1 64.4
v -50.9 -19.0 47.8
v -50.0 -19.7 49.0
v -50.0 -19.5 50.0
v -50.5 -18.0 48.0
v -50.0 -19.0 64.2
v -50.0 -18.0 63.5
v -50.8 -17.0 47.9
v -50.3 -17.0 49.0
v -50.6 -17.0 54.0
v -50.0 -17.0 54.5
v -50.0 -17.4 55.0
v -50.0 -17.0 56.4
v -50.6 -16.0 48.8
v -50.6 -16.0 54.0
v -50.0 -16.0 54.5
v -50.4 -16.0 57.0
v -50.0 -16.0 57.3
v -49.9 -16.9 62.5
v -50.4 -15.0 49.0
v -50.0 -15.0 50.0
v -50.0 -15.5 55.0
v -50.4 -15.0 57.0
v -50.0 -14.0 47.9
v -50.0 -14.6 49.0
v -50.0 -14.8 56.0
v -50.0 -14.7 57.0
v -50.0 -14.0 59.6
v -51.0 -13.0 46.6
v -50.0 -13.0 47.5
v -49.9 -13.2 58.0
v -50.0 -13.4 59.0
v -51.0 -12.0 46.7
v -50.0 -12.0 56.6
v -50.0 -12.5 57.0
v -50.0 -11.8 48.1
v -50.6 -11.0 50.0
v -50.0 -11.5 50.0
v -50.2 -11.1 51.0
v -50.0 -11.0 51.3
v -50.0 -11.0 56.3
v -50.8 -9.9 50.9
v -50.1 -10.1 52.1
v -50.0 -10.0 55.8
v -50.6 -9.0 52.0
v -50.0 -9.1 55.0
v -50.0 -8.7 53.0
v -50.0 -8.6 54.0
v -49.2 -39.0 61.9
v -49.0 -39.2 62.0
v -49.0 -39.2 63.0
v -49.2 -38.0 59.0
v -49.0 -38.1 59.0
v -49.0 -38.0 59.6
v -49.5 -38.0 62.0
v -49.2 -39.0 63.1
v -48.9 -38.0 60.1
v -49.0 -36.0 57.5
v -49.6 -37.1 63.0
v -49.2 -36.0 64.2
v -49.8 -35.0 51.0
v -49.6 -35.0 53.0
v -49.5 -35.0 54.0
v -49.0 -35.2 55.0
v -49.0 -35.4 57.0
v -49.5 -34.0 51.0
v -49.3 -34.0 52.0
v -49.0 -34.6 54.0
v -48.9 -34.0 65.5
v -49.0 -33.0 50.8
v -48.8 -33.0 51.0
v -49.0 -33.0 65.7
v -49.3 -32.0 56.0
v -49.4 -32.0 57.0
v -49.2 -32.0 58.0
v -48.3 -32.0 67.1
v -49.7 -30.9 52.0
v -49.0 -31.6 52.0
v -50.4 -30.0 53.1
v -49.5 -31.0 54.0
v -49.4 -31.0 55.0
v -48.7 -32.0 55.0
v -49.6 -31.0 56.0
v -49.6 -31.0 57.0
v -49.4 -30.9 58.0
v -49.9 -30.0 55.0
v -49.4 -30.0 58.0
v -49.0 -29.0 57.7
v -49.8 -28.0 56.8
v -49.0 -28.0 57.4
v -49.0 -27.0 57.3
v -49.0 -27.0 66.5
v -49.0 -25.0 56.4
v -49.0 -25.0 66.3
v -49.0 -24.0 65.7
v -50.0 -23.0 54.7
v -49.0 -23.0 55.4
v -48.9 -23.0 65.6
v -49.0 -22.0 54.6
v -49.0 -22.6 55.0
v -50.0 -23.0 65.2
v -49.0 -22.0 65.3
v -49.0 -20.7 53.0
v -49.0 -21.0 64.7
v -49.6 -20.0 51.1
v -48.9 -20.1 51.9
v -49.0 -20.0 64.6
v -49.6 -19.0 50.0
v -49.1 -19.0 52.1
v -49.0 -19.0 64.4
v -49.7 -18.0 48.9
v -49.7 -19.0 48.9
v -49.4 -17.8 51.0
v -49.0 -18.2 63.7
v -49.6 -17.0 50.0
v -49.0 -17.2 55.0
v -49.0 -17.0 54.7
v -49.8 -17.4 56.0
v -49.7 -16.0 50.0
v -49.4 -16.0 51.0
v -49.0 -16.0 51.6
v -49.0 -16.0 54.6
v -49.0 -16.5 57.0
v -49.0 -16.0 57.6
v -49.0 -16.9 62.4
v -49.4 -15.0 51.0
v -49.0 -15.0 51.7
v -49.0 -15.5 55.0
v -49.0 -15.2 56.1
v -49.0 -15.4 58.0
v -50.0 -15.0 57.9
v -49.0 -15.0 58.2
v -49.0 -14.5 60.0
v -48.9 -14.3 49.1
v -49.0 -14.7 51.0
v -49.0 -14.5 57.0
v -49.0 -14.7 58.0
v -49.0 -14.0 59.5
v -49.5 -13.0 48.0
v -49.0 -13.0 48.5
v -49.5 -13.0 59.0
v -49.0 -13.0 59.3
v -49.8 -12.0 48.0
v -49.0 -12.5 49.0
v -49.5 -12.0 49.0
v -49.0 -12.4 50.1
v -49.0 -12.2 51.0
v -49.0 -12.0 51.3
v -49.0 -12.3 57.0
v -49.0 -12.0 58.0
v -49.0 -12.1 59.0
v -49.0 -11.9 56.6
v -49.0 -10.0 52.6
v -49.0 -10.0 56.2
v -50.0 -9.0 52.7
v -49.0 -9.1 55.9
v -49.0 -8.8 55.0
v -48.7 -39.0 60.0
v -48.0 -39.3 60.0
v -48.0 -39.3 61.0
v -48.4 -39.0 61.0
v -48.0 -39.4 63.0
v -48.0 -39.2 64.0
v -48.0 -39.0 64.2
v -48.0 -38.4 59.0
v -48.9 -37.9 61.0
v -48.5 -38.0 64.0
v -49.0 -37.0 57.9
v -48.0 -37.0 58.4
v -48.7 -37.0 64.0
v -48.0 -38.0 64.6
v -48.2 -37.0 65.1
v -48.5 -36.0 58.0
v -48.0 -36.0 58.4
v -48.5 -36.0 65.0
v -48.7 -35.0 55.1
v -48.6 -35.0 57.0
v -48.4 -35.0 58.0
v -48.7 -34.1 53.0
v -48.6 -34.0 54.0
v -48.5 -34.0 55.4
v -48.5 -34.0 58.0
v -48.3 -34.0 59.0
v -48.6 -33.0 52.1
v -48.5 -33.0 54.4
v -48.6 -33.0 56.1
v -48.6 -33.0 58.0
v -47.8 -33.0 66.9
v -48.9 -31.9 50.9
v -48.6 -32.0 52.0
v -48.6 -32.0 53.7
v -48.5 -32.0 59.0
v -48.5 -31.0 67.0
v -48.0 -31.0 67.5
v -48.0 -30.0 59.3
v -47.6 -29.0 59.0
v -48.0 -29.2 67.4
v -48.0 -28.0 57.7
v -48.0 -28.1 67.4
v -48.0 -27.0 67.3
v -48.9 -25.9 56.7
v -48.0 -26.0 57.5
v -48.0 -26.0 66.7
v -48.8 -23.9 55.8
v -48.1 -23.9 57.1
v -48.0 -24.0 66.4
v -48.2 -22.8 56.0
v -48.0 -23.0 66.3
v -48.0 -22.2 54.8
v -48.0 -22.1 65.7
v -49.0 -21.0 54.0
v -48.0 -20.5 53.0
v -48.0 -21.4 54.0
v -48.0 -21.0 65.3
v -48.0 -20.0 52.5
v -48.0 -20.0 65.0
v -48.8 -18.0 51.8
v -48.0 -18.0 52.4
v -48.0 -19.0 64.3
v -48.6 -17.0 52.0
v -48.0 -17.0 52.6
v -48.4 -17.0 55.0
v -48.6 -16.0 52.0
v -48.0 -16.4 53.0
v -48.3 -16.0 53.0
v -48.3 -16.0 54.0
v -48.0 -16.3 54.0
v -48.0 -17.0 55.3
v -48.2 -16.6 57.0
v -48.0 -16.4 58.0
v -48.0 -16.0 58.4
v -47.9 -15.0 51.9
v -47.9 -15.3 54.0
v -48.1 -14.8 55.0
v -48.0 -15.0 56.0
v -48.0 -15.0 58.7
v -48.0 -16.1 61.4
v -48.9 -14.0 48.7
v -48.0 -14.3 50.0
v -48.0 -14.5 51.0
v -48.3 -14.0 57.0
v -48.0 -14.0 56.7
v -48.0 -14.0 58.0
v -48.0 -14.5 59.0
v -48.3 -14.0 59.0
v -48.0 -14.7 60.0
v -48.0 -13.0 49.0
v -48.3 -13.0 58.0
v -48.2 -13.0 59.0
v -48.0 -12.9 49.0
v -48.0 -12.6 50.0
v -48.0 -12.5 51.0
v -48.0 -12.3 52.0
v -48.2 -12.0 52.1
v -48.1 -12.0 55.0
v -48.5 -12.0 56.0
v -48.0 -12.5 56.0
v -47.9 -13.0 57.0
v -48.9 -10.9 51.8
v -47.9 -11.0 53.0
v -48.1 -11.1 54.0
v -48.0 -11.0 53.4
v -48.1 -11.0 55.0
v -48.6 -11.0 56.0
v -48.7 -9.9 53.0
v -48.8 -10.0 56.0
v -48.9 -8.9 54.0
v -48.8 -9.0 55.0
v -47.0 -39.3 60.0
v -47.0 -38.6 62.1
v -47.0 -38.7 63.0
v -47.0 -39.1 64.0
v -47.0 -39.0 64.2
v -47.6 -38.0 58.6
v -47.0 -38.5 59.0
v -47.0 -38.7 61.0
v -47.0 -38.5 65.0
v -47.0 -37.0 58.5
v -47.1 -35.8 58.7
v -48.0 -35.0 58.6
v -46.8 -35.0 66.9
v -47.1 -34.0 60.3
v -47.4 -34.0 67.0
v -47.9 -32.9 59.6
v -47.1 -33.0 68.2
v -47.7 -31.9 59.8
v -47.0 -32.0 60.5
v -47.4 -32.0 68.0
v -47.0 -32.0 68.4
v -48.0 -31.0 59.5
v -47.0 -31.0 60.3
v -47.0 -31.0 68.2
v -47.0 -30.0 67.6
v -47.0 -29.0 59.4
v -47.7 -28.0 58.0
v -47.1 -28.0 59.2
v -47.5 -27.0 58.0
v -46.0 -26.9 67.6
v -46.5 -25.0 59.0
v -48.4 -25.0 57.1
v -47.0 -26.0 67.3
v -47.0 -25.0 66.7
v -47.0 -24.0 66.3
v -47.0 -23.7 58.0
v -47.0 -23.0 66.3
v -46.9 -22.1 56.0
v -47.0 -22.0 66.0
v -47.0 -21.6 55.0
v -47.6 -21.0 63.0
v -47.0 -21.3 63.0
v -47.0 -21.0 62.7
v -47.5 -21.0 64.0
v -47.0 -21.5 64.0
v -47.7 -21.0 65.0
v -47.0 -21.6 65.0
v -47.5 -20.0 63.0
v -47.0 -20.0 62.5
v -47.6 -20.0 64.0
v -47.0 -19.0 52.6
v -47.0 -19.3 62.0
v -47.2 -19.0 62.0
v -47.8 -19.0 64.0
v -47.0 -18.3 61.0
v -47.2 -18.0 61.0
v -47.2 -17.3 53.0
v -47.0 -17.3 55.0
v -47.0 -16.9 54.0
v -48.0 -17.3 56.0
v -47.3 -17.0 58.0
v -47.0 -17.3 58.0
v -47.3 -17.0 59.0
v -47.0 -17.3 59.0
v -47.8 -17.0 62.0
v -47.0 -16.8 57.0
v -47.5 -16.0 59.0
v -47.6 -16.0 61.0
v -47.6 -15.0 53.0
v -47.7 -15.0 59.0
v -47.7 -15.0 60.0
v -47.7 -14.0 50.0
v -47.5 -14.0 51.0
v -47.4 -14.1 52.9
v -47.4 -13.9 54.0
v -47.6 -14.0 55.0
v -47.6 -14.0 56.0
v -47.9 -13.0 49.0
v -47.0 -13.0 50.0
v -46.8 -13.0 53.0
v -46.8 -13.0 54.0
v -47.5 -13.0 55.1
v -47.0 -13.0 50.0
v -47.0 -12.8 51.0
v -47.0 -12.8 52.0
v -47.4 -12.0 53.0
v -47.0 -12.6 53.0
v -46.0 -39.1 60.0
v -46.0 -38.8 64.0
v -46.0 -39.2 65.0
v -46.0 -38.5 61.0
v -46.0 -38.5 62.0
v -46.0 -38.5 63.0
v -45.7 -38.7 66.1
v -46.4 -37.1 67.0
v -46.0 -36.0 59.4
v -46.5 -36.0 67.0
v -46.1 -35.2 60.1
v -45.8 -36.0 67.8
v -46.2 -34.9 68.2
v -46.0 -34.0 61.3
v -46.6 -34.0 68.0
v -46.0 -34.0 68.5
v -46.1 -33.1 61.3
v -46.0 -33.0 68.5
v -46.0 -32.0 61.3
v -46.0 -31.0 68.4
v -46.8 -29.9 59.7
v -46.0 -30.0 60.4
v -46.0 -30.0 67.8
v -45.9 -29.0 60.0
v -46.4 -28.0 60.0
v -46.0 -29.0 67.6
v -46.7 -27.0 59.0
v -46.5 -27.0 60.0
v -46.1 -27.0 61.1
v -46.3 -26.0 60.0
v -46.1 -25.8 60.1
v -46.0 -26.0 67.6
v -46.0 -25.0 59.5
v -46.4 -25.0 67.0
v -46.4 -24.0 58.9
v -46.0 -24.0 59.3
v -46.5 -24.0 65.0
v -46.0 -24.1 64.9
v -46.6 -24.0 66.0
v -46.0 -24.4 66.0
v -46.0 -24.9 67.2
v -46.9 -23.0 57.0
v -46.0 -23.3 59.0
v -46.5 -23.0 65.0
v -46.0 -23.0 64.4
v -46.7 -23.0 66.0
v -46.8 -22.0 57.0
v -46.0 -22.0 57.5
v -46.4 -22.0 63.9
v -46.6 -22.0 65.0
v -47.0 -21.2 54.0
v -46.5 -21.0 55.0
v -46.3 -21.0 56.0
v -46.0 -21.3 56.9
v -46.0 -21.6 63.0
v -46.0 -21.0 62.6
v -47.0 -20.0 52.8
v -45.8 -20.0 54.0
v -45.5 -19.0 54.0
v -45.9 -19.9 62.2
v -47.0 -18.0 52.7
v -46.0 -18.0 53.6
v -46.3 -18.0 59.0
v -46.0 -18.4 59.0
v -46.5 -18.0 60.0
v -46.0 -18.5 60.0
v -46.0 -17.6 54.0
v -46.0 -17.5 56.0
v -46.0 -16.9 57.0
v -46.0 -17.6 58.0
v -46.8 -17.0 60.0
v -46.9 -16.0 60.0
v -46.9 -13.0 51.1
v -47.0 -12.0 54.0
v -45.9 -39.0 60.0
v -45.0 -39.3 64.0
v -45.0 -39.8 66.0
v -45.9 -38.1 58.8
v -45.0 -38.1 60.0
v -44.9 -38.0 60.0
v -45.1 -37.9 61.0
v -45.0 -38.3 62.0
v -45.0 -38.6 63.0
v -46.0 -37.0 58.7
v -45.0 -37.0 59.6
v -45.1 -37.0 68.2
v -45.0 -35.9 59.8
v -45.0 -36.0 68.5
v -44.9 -35.2 61.2
v -45.0 -35.0 68.7
v -45.0 -34.0 69.0
v -45.0 -33.0 61.6
v -45.9 -30.9 60.8
v -45.0 -32.9 68.7
v -45.5 -30.0 61.0
v -45.0 -30.0 68.5
v -45.0 -28.9 62.1
v -45.4 -29.0 68.2
v -45.7 -28.0 61.0
v -45.1 -28.0 62.2
v -45.6 -28.0 68.0
v -44.7 -28.0 68.9
v -45.0 -27.6 62.0
v -45.6 -27.0 68.0
v -45.0 -27.0 69.1
v -45.0 -25.9 61.1
v -45.4 -26.0 68.0
v -45.0 -25.6 68.0
v -45.0 -24.8 67.2
v -45.0 -24.0 59.4
v -45.6 -24.0 65.0
v -45.0 -24.0 65.4
v -45.0 -24.5 66.0
v -45.9 -23.1 58.0
v -45.0 -23.2 59.0
v -45.0 -23.3 64.0
v -45.0 -23.7 65.0
v -45.5 -22.0 58.0
v -45.0 -22.1 62.7
v -45.7 -21.0 57.1
v -45.2 -20.9 59.1
v -45.0 -21.0 62.3
v -45.5 -20.0 56.0
v -45.4 -19.9 57.0
v -45.5 -20.0 58.0
v -45.4 -20.0 59.0
v -45.0 -20.0 59.6
v -45.3 -19.0 55.0
v -44.8 -19.0 57.0
v -45.3 -19.0 58.0
v -45.6 -19.0 59.0
v -45.5 -19.0 60.0
v -46.0 -18.7 61.0
v -44.8 -19.9 61.0
v -45.1 -18.0 54.0
v -45.3 -18.0 56.0
v -44.8 -17.9 57.0
v -44.9 -18.0 55.0
v -45.0 -18.0 58.0
v -44.0 -39.0 63.6
v -44.0 -39.4 64.0
v -44.0 -39.8 67.0
v -44.0 -39.0 67.6
v -44.7 -38.0 62.0
v -44.0 -38.4 63.0
v -44.1 -38.1 68.3
v -44.6 -37.0 60.0
v -44.5 -37.0 61.0
v -44.1 -36.9 62.1
v -44.0 -37.0 68.7
v -44.7 -36.0 60.0
v -43.9 -36.0 60.9
v -44.0 -36.0 69.3
v -44.0 -35.0 61.5
v -44.5 -35.0 69.0
v -44.0 -35.0 69.4
v -44.0 -34.0 61.7
v -44.0 -34.0 69.0
v -44.0 -33.0 62.3
v -44.9 -32.0 61.6
v -44.0 -32.0 62.5
v -44.1 -33.0 69.4
v -43.7 -31.9 69.8
v -45.0 -31.0 61.6
v -44.9 -30.0 61.7
v -44.0 -30.0 62.3
v -44.0 -30.0 69.5
v -44.0 -29.0 62.0
v -44.0 -29.0 69.4
v -44.0 -28.0 62.4
v -44.0 -28.0 69.5
v -44.4 -27.0 62.0
v -44.0 -26.9 62.2
v -44.0 -27.0 69.5
v -44.5 -26.0 61.0
v -44.0 -26.1 61.0
v -44.0 -26.0 69.2
v -45.1 -25.1 59.8
v -44.0 -25.0 60.4
v -44.3 -25.1 66.0
v -44.0 -25.0 65.7
v -44.0 -25.5 68.0
v -44.0 -25.8 69.0
v -44.0 -24.0 59.7
v -44.8 -23.0 59.0
v -44.0 -23.0 59.7
v -44.8 -22.0 58.9
v -44.3 -22.0 60.0
v -44.1 -22.0 61.0
v -44.0 -23.4 63.8
v -44.0 -21.0 60.0
v -44.6 -20.9 62.0
v -44.7 -19.9 60.0
v -44.9 -19.0 56.0
v -42.9 -39.1 63.9
v -42.7 -39.5 65.3
v -44.0 -39.6 65.4
v -43.0 -39.6 67.0
v -43.0 -39.3 68.0
v -44.0 -38.0 62.6
v -43.0 -38.0 69.3
v -43.0 -37.0 62.6
v -43.0 -37.0 69.5
v -42.8 -36.2 69.8
v -43.2 -35.0 62.1
v -43.1 -35.0 70.1
v -42.9 -34.0 69.9
v -43.0 -33.0 62.6
v -43.0 -33.0 70.3
v -43.0 -32.0 63.2
v -44.0 -31.0 62.5
v -43.0 -31.0 63.3
v -43.0 -31.5 70.4
v -43.0 -30.0 62.7
v -43.0 -29.0 62.5
v -43.0 -29.0 69.8
v -43.0 -28.0 62.6
v -43.0 -28.0 70.0
v -43.0 -27.0 62.3
v -44.0 -26.0 60.9
v -43.0 -26.0 61.4
v -43.0 -26.6 62.0
v -43.0 -26.2 66.0
v -43.0 -26.0 65.7
v -44.0 -25.5 67.0
v -43.0 -26.3 67.0
v -43.0 -26.0 69.2
v -43.7 -24.0 60.0
v -43.4 -24.0 61.0
v -43.2 -24.1 62.0
v -44.0 -23.8 65.1
v -42.8 -25.0 65.1
v -43.8 -23.0 60.0
v -43.6 -23.0 61.0
v -43.5 -23.0 62.0
v -42.9 -23.8 63.0
v -43.7 -23.0 63.0
v -43.0 -23.7 64.0
v -43.9 -21.9 62.0
v -43.9 -21.0 61.0
v -42.0 -39.5 67.0
v -42.0 -39.5 68.0
v -43.0 -38.0 63.4
v -42.0 -38.8 68.8
v -42.6 -37.0 63.0
v -42.4 -37.0 70.0
v -42.0 -38.0 69.5
v -42.9 -36.0 62.0
v -42.4 -36.0 63.1
v -42.1 -36.0 71.2
v -42.5 -35.0 63.0
v -42.1 -35.0 71.2
v -42.9 -34.1 62.5
v -42.0 -34.0 70.7
v -41.9 -33.0 62.9
v -42.0 -33.0 70.6
v -42.0 -32.0 63.5
v -42.0 -31.0 63.6
v -42.0 -30.0 63.4
v -42.0 -30.1 70.6
v -42.0 -29.0 63.3
v -43.0 -29.9 70.3
v -42.1 -28.0 63.1
v -42.0 -28.0 69.8
v -41.9 -27.1 61.9
v -42.0 -27.0 65.0
v -42.0 -27.0 69.4
v -42.0 -26.0 61.6
v -42.5 -26.0 65.0
v -42.0 -26.7 66.0
v -42.0 -26.5 67.0
v -43.0 -25.7 68.0
v -43.0 -25.8 69.0
v -42.0 -26.5 69.0
v -43.0 -25.0 61.0
v -42.0 -25.5 62.0
v -41.9 -25.0 63.0
v -42.3 -25.0 64.0
v -42.8 -23.9 64.0
v -41.0 -39.0 65.7
v -41.0 -39.6 67.0
v -41.0 -39.9 68.0
v -41.0 -39.6 69.0
v -41.6 -39.0 69.0
v -41.1 -39.0 70.0
v -41.0 -38.0 65.3
v -41.0 -38.4 70.0
v -40.7 -37.0 64.9
v -41.0 -38.0 69.9
v -40.9 -37.0 70.7
v -41.0 -36.0 64.5
v -41.0 -36.0 71.4
v -41.7 -35.1 63.8
v -41.0 -34.0 64.3
v -40.0 -35.9 71.7
v -40.9 -33.0 64.0
v -41.5 -32.0 64.0
v -41.1 -32.0 65.0
v -41.0 -34.0 71.4
v -41.4 -31.0 64.0
v -41.0 -31.0 71.4
v -41.0 -30.0 63.7
v -40.6 -30.0 64.0
v -41.0 -30.0 71.3
v -41.0 -29.0 70.7
v -41.0 -28.0 63.0
v -41.0 -28.0 70.4
v -41.0 -27.0 62.0
v -41.4 -27.0 63.0
v -41.0 -27.4 64.0
v -41.5 -27.0 64.0
v -41.0 -27.4 65.0
v -41.0 -27.6 70.0
v -41.0 -27.0 69.5
v -41.1 -26.0 62.0
v -41.7 -26.0 64.0
v -41.0 -26.6 67.0
v -41.9 -26.4 68.0
v -40.0 -40.1 69.0
v -41.1 -39.3 65.9
v -40.0 -38.8 66.2
v -40.0 -39.4 67.0
v -40.0 -39.6 68.0
v -40.0 -39.0 71.1
v -40.0 -38.0 65.6
v -40.0 -38.0 71.3
v -40.0 -37.0 72.1
v -40.0 -36.0 65.3
v -40.0 -36.8 72.0
v -40.0 -34.0 64.6
v -40.0 -33.4 65.0
v -40.0 -34.7 71.6
v -40.0 -32.0 66.1
v -40.6 -31.0 65.0
v -40.0 -31.1 65.6
v -40.1 -29.9 65.1
v -40.0 -30.1 71.6
v -40.0 -29.0 63.1
v -40.0 -29.5 64.0
v -40.0 -29.0 71.4
v -40.0 -28.0 63.3
v -40.0 -28.0 71.2
v -40.0 -27.5 64.0
v -40.0 -26.9 65.0
v -41.0 -27.1 66.0
v -40.0 -27.3 69.9
v -40.0 -27.7 71.0
v -40.0 -26.5 67.0
v -40.0 -26.5 68.0
v -40.0 -26.7 69.0
v -40.0 -40.1 70.0
v -39.0 -39.2 66.9
v -39.0 -39.6 69.0
v -39.0 -39.5 70.0
v -39.0 -39.0 70.5
v -39.0 -38.0 65.8
v -39.9 -36.9 65.4
v -39.0 -38.0 71.0
v -39.0 -37.5 72.0
v -39.0 -37.0 72.5
v -39.0 -36.0 65.5
v -39.0 -36.0 73.0
v -40.0 -35.0 64.7
v -39.0 -35.0 65.3
v -39.7 -36.0 72.0
v -39.0 -35.0 73.1
v -39.0 -34.0 64.8
v -39.6 -34.0 72.0
v -39.0 -34.0 72.6
v -39.0 -33.8 65.0
v -39.8 -33.0 65.7
v -39.0 -33.3 66.0
v -39.0 -33.0 66.4
v -39.0 -33.0 72.5
v -39.0 -31.2 72.4
v -39.0 -31.0 66.4
v -39.0 -30.0 65.7
v -39.0 -30.0 72.3
v -39.0 -29.0 63.7
v -38.8 -29.1 63.9
v -39.0 -29.4 65.0
v -39.0 -29.0 71.7
v -39.0 -28.0 63.3
v -39.0 -28.0 71.6
v -39.0 -27.7 64.0
v -39.0 -27.6 65.0
v -40.0 -26.7 66.0
v -39.0 -27.4 66.0
v -39.0 -27.2 69.0
v -39.0 -27.0 68.6
v -38.9 -26.8 68.0
v -39.0 -26.8 70.0
v -39.0 -26.9 71.1
v -38.0 -39.4 67.9
v -38.0 -39.0 70.5
v -38.0 -38.6 67.0
v -38.0 -38.5 71.0
v -38.0 -38.0 72.0
v -38.0 -37.0 65.6
v -38.0 -36.0 72.6
v -38.0 -35.0 65.4
v -38.0 -34.0 65.0
v -38.0 -35.0 72.8
v -38.1 -34.0 73.3
v -38.0 -33.6 66.0
v -38.0 -33.8 67.0
v -38.0 -32.9 67.3
v -38.0 -33.0 73.3
v -38.9 -32.0 66.6
v -38.0 -32.0 72.7
v -38.4 -31.0 67.0
v -38.0 -30.6 67.4
v -38.0 -31.0 72.6
v -38.7 -30.0 66.0
v -38.3 -29.0 67.0
v -38.6 -29.0 65.1
v -38.0 -29.0 67.4
v -38.0 -29.0 72.4
v -38.7 -28.0 64.0
v -38.6 -28.0 66.0
v -38.4 -28.0 67.0
v -38.1 -28.1 68.0
v -38.0 -28.0 72.1
v -38.9 -26.8 67.0
v -38.0 -27.4 70.0
v -38.0 -27.9 72.0
v -38.0 -27.0 71.1
v -37.0 -38.8 67.2
v -37.0 -39.3 68.0
v -37.0 -39.4 69.0
v -37.8 -39.4 70.0
v -37.0 -39.0 70.5
v -38.0 -37.9 66.1
v -36.9 -38.1 65.8
v -37.0 -38.5 71.0
v -37.0 -37.8 71.9
v -37.0 -37.0 72.4
v -37.7 -35.9 65.5
v -37.0 -36.0 72.6
v -37.0 -35.0 73.1
v -37.0 -34.0 65.7
v -36.0 -33.9 73.7
v -37.0 -33.7 66.0
v -37.1 -33.0 66.9
v -37.0 -33.0 73.6
v -37.0 -32.1 67.3
v -37.0 -32.0 73.5
v -37.0 -30.8 67.4
v -37.0 -31.0 73.3
v -37.0 -30.0 72.7
v -37.0 -29.0 67.3
v -37.0 -29.0 72.4
v -37.0 -27.9 68.0
v -37.0 -28.0 67.7
v -37.0 -28.3 69.0
v -37.7 -27.8 69.1
v -37.5 -28.0 70.0
v -37.0 -28.3 70.6
v -37.4 -28.0 71.0
v -37.9 -28.0 72.0
v -37.0 -28.4 72.0
v -38.0 -27.0 71.0
v -36.0 -39.1 67.0
v -36.0 -38.9 68.0
v -36.0 -38.9 69.0
v -36.0 -39.3 70.0
v -36.0 -38.0 65.6
v -36.0 -38.5 66.0
v -36.0 -38.9 68.0
v -36.0 -38.9 69.0
v -36.0 -38.7 71.0
v -36.0 -38.3 72.0
v -36.0 -38.0 72.3
v -36.3 -37.3 65.5
v -36.0 -37.0 72.6
v -36.0 -36.0 72.6
v -36.7 -35.0 65.5
v -36.0 -35.0 72.9
v -36.0 -33.0 74.3
v -36.0 -32.0 74.3
v -36.0 -31.0 73.7
v -36.3 -30.0 66.0
v -36.0 -30.0 65.1
v -36.0 -30.4 66.0
v -36.6 -30.9 67.0
v -36.0 -30.0 73.4
v -36.2 -29.0 66.0
v -36.0 -28.8 65.9
v -36.6 -29.0 67.0
v -36.0 -29.6 73.0
v -36.0 -29.0 72.6
v -36.0 -28.5 67.0
v -36.0 -28.4 68.0
v -35.9 -28.5 69.9
v -36.0 -28.4 71.0
v -36.0 -28.0 72.0
v -36.0 -28.0 72.0
v -36.0 -28.0 72.0
v -35.0 -39.3 67.0
v -35.0 -39.4 68.0
v -35.8 -39.0 68.0
v -35.0 -39.4 69.0
v -35.9 -39.0 69.0
v -35.1 -39.4 70.7
v -35.0 -39.1 72.1
v -35.0 -38.0 64.9
v -35.0 -38.6 66.0
v -35.0 -38.0 72.7
v -35.0 -37.0 65.3
v -35.0 -37.0 73.3
v -35.3 -36.1 65.5
v -35.0 -35.0 65.5
v -35.0 -35.1 73.6
v -35.7 -34.0 65.7
v -35.9 -33.0 66.5
v -36.0 -32.0 66.6
v -35.1 -32.7 74.5
v -35.9 -31.0 66.5
v -35.0 -31.0 74.4
v -35.0 -30.0 65.0
v -35.0 -30.6 66.0
v -35.0 -29.0 65.6
v -35.1 -29.2 72.8
v -35.0 -29.9 74.2
v -35.0 -28.6 66.0
v -35.1 -28.5 67.2
v -35.0 -28.0 72.0
v -35.0 -28.0 72.0
v -34.0 -38.9 67.0
v -34.0 -39.4 68.0
v -34.0 -39.4 71.0
v -34.1 -39.0 72.0
v -34.0 -38.0 64.2
v -34.0 -38.4 65.0
v -34.0 -38.5 66.0
v -34.0 -38.8 73.0
v -34.0 -37.0 64.6
v -34.0 -38.0 73.3
v -34.0 -36.0 73.7
v -34.3 -34.7 74.3
v -34.1 -34.0 65.4
v -34.0 -34.0 74.6
v -34.0 -33.3 66.0
v -34.0 -32.0 66.5
v -34.0 -32.0 74.6
v -34.0 -31.0 66.3
v -34.0 -30.0 65.7
v -34.0 -30.5 66.0
v -34.0 -29.9 74.2
v -34.5 -29.0 73.0
v -34.0 -29.0 73.3
v -34.0 -28.6 67.0
v -34.0 -28.5 68.2
v -34.8 -28.4 71.1
v -35.0 -28.0 72.0
v -34.0 -28.4 72.0
v -34.0 -28.7 73.0
v -33.0 -39.1 67.0
v -32.0 -39.5 68.0
v -33.7 -39.5 69.6
v -33.0 -39.4 71.0
v -33.0 -38.0 64.6
v -33.0 -38.6 66.0
v -33.0 -38.5 73.0
v -33.0 -38.0 73.4
v -34.0 -36.0 65.3
v -33.0 -36.0 64.6
v -33.0 -37.0 73.7
v -33.6 -35.0 65.0
v -33.0 -35.0 64.4
v -33.0 -35.0 74.6
v -33.3 -34.0 64.0
v -33.0 -34.0 63.7
v -33.6 -34.0 65.0
v -33.0 -34.0 75.1
v -33.0 -33.0 64.0
v -33.0 -33.4 65.0
v -34.0 -33.0 74.6
v -33.0 -33.0 75.4
v -33.0 -32.0 75.3
v -33.0 -31.0 65.8
v -33.0 -31.0 74.6
v -33.5 -30.0 66.0
v -33.0 -30.0 66.4
v -33.0 -30.2 74.0
v -33.0 -30.0 73.8
v -33.9 -28.9 65.9
v -33.0 -28.6 68.0
v -33.0 -28.6 69.0
v -33.0 -28.6 72.0
v -32.0 -38.9 67.0
v -32.0 -39.5 69.0
v -32.0 -39.4 70.0
v -33.0 -39.2 72.0
v -32.0 -38.3 65.0
v -32.0 -38.9 71.0
v -32.0 -38.7 72.0
v -32.0 -38.4 73.0
v -32.0 -38.0 73.5
v -32.5 -36.8 64.5
v -32.0 -37.0 74.3
v -32.0 -36.0 64.4
v -32.0 -36.0 74.6
v -32.1 -35.1 62.9
v -32.0 -35.5 64.0
v -32.6 -35.0 64.0
v -32.0 -35.0 74.7
v -32.4 -34.0 63.0
v -32.0 -33.6 63.0
v -32.0 -33.4 64.0
v -33.0 -33.2 66.0
v -33.0 -33.0 66.2
v -32.0 -34.0 74.9
v -32.0 -33.0 75.5
v -33.0 -32.0 66.3
v -32.0 -32.0 65.6
v -32.0 -32.0 75.5
v -32.1 -31.0 65.7
v -32.3 -30.0 74.0
v -32.0 -31.0 75.1
v -33.0 -29.1 67.1
v -32.0 -29.4 70.0
v -31.9 -29.4 71.9
v -33.0 -28.8 73.0
v -32.0 -29.5 73.0
v -32.0 -29.9 74.0
v -31.9 -28.8 66.9
v -32.1 -28.7 68.0
v -31.0 -39.2 67.0
v -31.0 -39.5 68.0
v -31.0 -39.6 69.0
v -31.0 -39.6 70.0
v -31.0 -39.4 71.0
v -31.0 -39.1 72.0
v -31.4 -38.0 64.7
v -31.0 -38.4 65.0
v -31.0 -38.7 66.0
v -31.0 -38.5 73.0
v -31.0 -37.0 64.4
v -31.0 -37.8 73.9
v -31.0 -37.0 74.7
v -30.8 -36.9 75.0
v -31.5 -36.0 75.0
v -31.0 -36.0 76.2
v -31.0 -35.0 62.5
v -30.1 -35.6 63.0
v -31.7 -35.0 75.0
v -31.2 -36.0 76.0
v -32.0 -34.0 62.1
v -31.1 -34.0 61.8
v -31.4 -34.0 76.0
v -31.0 -34.6 76.4
v -31.0 -33.8 62.0
v -31.0 -33.4 63.0
v -31.9 -33.0 65.2
v -31.3 -33.0 76.0
v -31.0 -32.4 65.0
v -31.0 -32.0 65.3
v -31.0 -33.0 76.2
v -31.0 -32.0 75.5
v -30.9 -31.0 65.6
v -31.1 -31.2 74.0
v -31.0 -31.5 75.0
v -31.4 -30.0 73.0
v -31.0 -29.0 66.8
v -31.0 -29.3 68.0
v -32.0 -29.3 69.0
v -30.9 -29.6 70.0
v -30.8 -29.8 71.9
v -31.0 -28.8 67.0
v -30.0 -42.0 71.0
v -30.2 -41.0 69.0
v -30.0 -41.1 68.9
v -30.0 -41.5 70.0
v -30.4 -41.0 70.0
v -30.2 -41.0 71.0
v -30.6 -40.0 69.0
v -30.0 -40.0 68.1
v -30.6 -40.0 70.0
v -30.0 -40.0 70.7
v -30.0 -40.6 71.0
v -30.0 -38.7 67.0
v -30.0 -39.0 67.8
v -30.0 -39.7 68.0
v -30.0 -39.7 71.0
v -30.0 -38.0 64.7
v -30.0 -38.3 65.0
v -30.0 -38.9 66.0
v -29.9 -38.9 72.0
v -30.0 -38.4 74.0
v -30.0 -37.0 63.9
v -30.0 -37.6 75.0
v -30.0 -37.1 76.1
v -31.0 -35.9 64.1
v -30.0 -36.0 63.4
v -30.0 -35.0 62.4
v -30.0 -35.8 76.5
v -30.0 -34.0 61.9
v -29.0 -34.1 76.5
v -31.0 -33.2 64.1
v -30.0 -32.5 64.0
v -30.0 -31.8 65.0
v -30.0 -33.0 76.3
v -30.0 -32.0 75.4
v -30.0 -31.0 65.7
v -30.0 -31.2 71.0
v -30.2 -31.0 71.1
v -30.0 -31.4 72.0
v -30.6 -31.0 73.0
v -30.0 -31.4 73.0
v -30.0 -31.6 75.0
v -30.0 -30.0 66.4
v -30.5 -30.0 70.0
v -30.0 -29.0 67.0
v -30.0 -29.4 68.0
v -30.0 -29.7 69.0
v -29.0 -43.0 73.0
v -29.1 -42.3 70.0
v -29.0 -42.6 72.0
v -29.5 -42.0 72.0
v -29.3 -42.0 73.0
v -29.0 -42.0 73.3
v -29.0 -41.0 68.6
v -29.0 -41.5 69.0
v -29.3 -41.0 72.0
v -29.0 -41.1 73.0
v -29.0 -39.9 68.2
v -29.0 -40.0 70.8
v -29.0 -40.7 72.0
v -29.0 -39.0 67.6
v -29.0 -39.7 71.0
v -29.0 -39.3 72.0
v -29.0 -39.3 73.0
v -29.0 -39.0 74.0
v -29.0 -38.5 67.0
v -29.0 -38.1 75.1
v -29.5 -37.0 64.0
v -29.0 -37.0 64.2
v -29.0 -37.6 65.0
v -29.0 -37.1 76.1
v -28.9 -36.3 62.8
v -29.0 -36.9 64.0
v -29.0 -36.0 76.4
v -29.0 -35.0 61.9
v -29.0 -35.0 76.6
v -29.0 -34.0 62.3
v -30.0 -32.9 63.0
v -29.0 -33.3 63.1
v -29.0 -33.4 76.0
v -29.0 -33.0 75.6
v -29.0 -32.2 64.0
v -29.0 -32.2 65.0
v -29.2 -32.0 72.0
v -29.0 -31.5 66.0
v -29.0 -31.0 66.4
v -29.0 -31.3 69.9
v -29.0 -31.7 74.0
v -28.9 -31.9 75.1
v -28.9 -29.8 66.9
v -29.0 -29.8 68.1
v -28.1 -43.3 72.1
v -28.0 -43.3 73.0
v -28.0 -43.0 73.3
v -28.0 -41.8 69.2
v -28.0 -42.5 70.0
v -28.0 -42.0 73.4
v -28.0 -41.0 68.5
v -28.0 -41.1 71.9
v -28.0 -41.5 73.0
v -28.0 -40.0 68.0
v -28.0 -40.0 70.8
v -28.0 -39.0 67.9
v -28.4 -39.0 72.0
v -28.0 -39.1 71.0
v -28.6 -39.0 73.0
v -29.0 -37.9 66.0
v -27.6 -38.6 67.0
v -28.0 -38.7 73.0
v -28.0 -37.9 74.0
v -28.0 -37.3 63.9
v -28.0 -37.7 65.0
v -28.0 -36.9 75.0
v -28.0 -36.0 62.6
v -28.2 -36.0 76.0
v -28.0 -35.9 76.0
v -28.0 -35.0 77.2
v -28.0 -34.0 77.2
v -28.0 -34.0 62.0
v -28.0 -33.4 64.0
v -28.0 -33.1 72.0
v -28.3 -33.0 75.0
v -28.0 -33.3 75.0
v -28.0 -33.7 77.0
v -28.6 -32.0 66.0
v -28.0 -32.5 66.0
v -28.3 -32.1 67.0
v -28.0 -32.3 70.0
v -29.0 -31.7 71.0
v -28.0 -32.6 71.0
v -28.9 -31.8 73.0
v -28.6 -32.0 74.0
v -28.6 -31.0 67.0
v -28.4 -31.0 68.0
v -28.6 -31.0 69.0
v -28.8 -30.0 67.0
v -28.8 -30.0 68.0
v -27.0 -43.2 70.0
v -27.0 -43.4 71.0
v -28.0 -42.7 71.0
v -26.9 -43.5 72.0
v -27.0 -43.4 73.0
v -27.0 -43.0 73.4
v -27.0 -42.1 68.8
v -27.0 -41.0 68.4
v -26.9 -41.1 72.6
v -27.0 -41.4 73.0
v -27.0 -42.0 74.0
v -27.0 -40.0 71.6
v -27.0 -40.6 72.0
v -27.0 -39.0 67.5
v -27.0 -39.5 72.0
v -28.0 -38.8 71.7
v -27.0 -39.1 73.0
v -27.0 -38.1 65.0
v -27.0 -38.4 66.0
v -27.0 -38.3 74.0
v -28.0 -37.0 63.0
v -27.0 -37.0 63.7
v -27.0 -37.3 64.0
v -27.0 -37.0 75.3
v -27.6 -36.0 63.0
v -27.0 -36.5 64.0
v -27.0 -36.1 76.1
v -27.9 -35.0 61.9
v -27.5 -35.0 63.0
v -27.5 -34.6 64.3
v -27.0 -35.4 77.0
v -27.0 -35.0 77.4
v -27.7 -34.0 63.0
v -27.6 -34.0 64.0
v -27.3 -34.0 66.0
v -27.0 -34.0 77.5
v -27.8 -32.9 65.1
v -27.0 -33.6 67.0
v -27.5 -33.0 67.0
v -27.2 -33.2 67.9
v -27.0 -33.4 71.0
v -27.0 -33.6 72.0
v -27.7 -32.9 74.0
v -27.0 -33.4 74.0
v -27.0 -33.5 75.0
v -27.0 -33.3 76.0
v -27.1 -33.0 77.0
v -27.7 -32.0 68.0
v -27.7 -31.9 69.0
v -26.0 -43.4 70.0
v -25.6 -43.5 70.9
v -26.0 -42.0 68.4
v -26.0 -42.9 69.3
v -26.0 -42.4 74.0
v -26.0 -42.0 74.3
v -26.0 -41.0 67.7
v -26.0 -41.1 72.0
v -26.0 -41.5 74.0
v -27.0 -40.0 68.1
v -26.0 -40.0 67.6
v -25.1 -40.0 71.6
v -26.0 -40.7 73.0
v -26.0 -38.7 72.0
v -26.0 -39.0 71.8
v -26.0 -37.7 66.0
v -26.0 -38.5 67.0
v -26.0 -38.5 73.0
v -26.0 -38.3 74.0
v -26.1 -37.0 64.1
v -26.0 -37.3 65.0
v -26.0 -37.4 75.0
v -26.0 -37.0 75.4
v -27.3 -36.0 64.1
v -26.0 -36.6 65.0
v -26.0 -36.0 75.7
v -26.7 -34.9 65.9
v -26.0 -35.6 66.0
v -26.2 -35.1 67.0
v -26.0 -35.7 76.0
v -26.0 -35.1 77.2
v -26.6 -34.0 67.0
v -26.0 -34.3 71.0
v -26.0 -34.4 72.0
v -27.1 -33.4 73.0
v -26.0 -34.2 73.0
v -26.0 -34.0 77.9
v -27.0 -32.6 69.0
v -26.0 -33.5 69.0
v -27.0 -32.7 70.0
v -26.0 -33.6 74.0
v -26.0 -33.3 75.0
v -26.4 -32.9 76.0
v -26.0 -33.0 77.6
v -26.2 -31.9 77.0
v -26.0 -32.0 77.3
v -25.0 -43.3 69.0
v -25.0 -43.5 70.0
v -24.1 -43.4 71.9
v -25.2 -43.4 73.0
v -25.0 -42.1 67.8
v -25.0 -42.6 74.0
v -25.0 -42.2 75.0
v -25.3 -42.0 75.0
v -25.0 -41.0 67.5
v -25.7 -41.0 74.0
v -25.4 -41.0 75.0
v -25.0 -40.0 67.6
v -25.0 -40.9 72.0
v -25.2 -39.9 72.9
v -25.4 -40.0 74.0
v -25.0 -40.0 75.3
v -25.9 -39.0 67.4
v -25.0 -39.0 71.5
v -25.0 -39.7 73.0
v -25.0 -39.6 74.0
v -25.1 -39.9 75.1
v -24.9 -38.0 66.6
v -25.0 -38.0 71.8
v -25.0 -37.8 72.0
v -25.7 -37.0 65.0
v -24.9 -37.0 66.0
v -25.0 -37.5 74.0
v -25.0 -37.0 75.0
v -25.9 -36.0 65.7
v -25.0 -36.7 75.0
v -25.4 -35.0 68.0
v -25.0 -35.4 68.0
v -25.0 -36.0 74.9
v -25.0 -35.3 76.0
v -25.8 -33.9 68.0
v -25.5 -34.0 69.0
v -25.0 -34.5 70.0
v -24.8 -34.5 71.7
v -25.0 -34.0 73.4
v -25.0 -34.6 77.0
v -25.0 -33.4 74.0
v -25.0 -34.0 77.6
v -25.5 -33.0 78.0
v -25.0 -33.0 78.3
v -25.6 -32.0 78.0
v -25.0 -32.0 78.5
v -25.4 -31.0 77.0
v -25.7 -31.0 78.0
v -25.0 -31.0 78.4
v -25.0 -30.5 78.0
v -24.0 -43.2 69.0
v -23.9 -43.4 70.2
v -24.0 -43.2 73.0
v -24.0 -42.0 67.8
v -24.0 -42.6 74.0
v -24.0 -42.5 75.0
v -24.0 -42.3 76.0
v -24.4 -42.0 76.0
v -24.0 -42.0 77.0
v -24.0 -41.0 67.6
v -24.6 -41.0 76.0
v -24.3 -41.0 77.0
v -24.0 -41.0 77.3
v -24.0 -40.0 68.1
v -24.0 -40.0 72.0
v -24.6 -40.0 76.0
v -24.2 -40.0 77.0
v -24.0 -39.0 67.4
v -24.0 -39.0 71.6
v -24.0 -39.5 73.0
v -24.0 -39.4 75.0
v -24.0 -39.0 76.0
v -24.0 -39.9 77.2
v -24.0 -38.0 71.7
v -24.0 -37.5 67.0
v -24.1 -37.1 67.2
v -24.0 -37.7 72.0
v -24.4 -37.0 74.0
v -24.0 -37.3 73.0
v -24.8 -35.9 67.0
v -24.0 -36.5 68.0
v -24.5 -36.0 68.0
v -24.1 -36.2 69.0
v -23.9 -36.4 74.0
v -24.0 -36.0 74.4
v -24.7 -35.0 69.0
v -24.0 -35.4 70.0
v -24.4 -35.0 70.0
v -24.0 -35.5 75.0
v -24.9 -34.4 73.0
v -24.0 -34.7 76.0
v -24.0 -34.4 77.0
v -24.0 -33.0 73.7
v -24.0 -33.7 78.0
v -24.0 -33.0 78.6
v -24.9 -32.4 75.1
v -24.1 -31.9 74.7
v -25.2 -31.6 76.1
v -24.0 -32.0 79.1
v -24.0 -30.5 76.0
v -24.4 -30.0 77.0
v -24.6 -30.0 78.0
v -24.3 -31.0 79.0
v -24.0 -30.0 79.2
v -24.0 -28.8 77.9
v -24.2 -29.0 78.0
v -24.2 -29.0 79.0
v -24.0 -29.0 79.3
v -24.0 -28.7 79.0
v -23.3 -42.9 70.0
v -23.0 -42.7 72.0
v -23.0 -43.1 71.0
v -22.8 -42.1 68.9
v -23.0 -42.6 73.0
v -23.0 -42.5 74.0
v -23.0 -42.3 76.0
v -22.8 -41.5 77.0
v -23.0 -41.0 77.4
v -23.0 -40.0 77.5
v -23.0 -39.0 66.7
v -23.0 -39.5 67.0
v -23.2 -39.0 72.0
v -23.0 -39.0 73.4
v -23.0 -39.2 75.0
v -23.0 -39.5 77.0
v -24.0 -38.0 66.7
v -23.5 -38.0 72.0
v -23.3 -39.0 73.0
v -23.0 -38.7 76.0
v -23.0 -37.6 67.0
v -23.0 -36.7 68.0
v -23.0 -37.0 72.1
v -23.0 -36.4 69.0
v -23.0 -36.5 73.0
v -23.0 -35.8 70.0
v -24.0 -34.7 71.0
v -23.0 -35.4 71.0
v -23.0 -35.0 71.5
v -23.0 -35.9 73.9
v -23.0 -35.4 75.0
v -23.2 -34.6 71.9
v -23.0 -34.4 73.0
v -23.1 -34.0 73.4
v -23.0 -34.3 77.9
v -23.0 -34.0 78.8
v -23.0 -33.0 73.6
v -23.0 -33.6 79.0
v -23.0 -33.0 79.1
v -22.9 -32.1 74.2
v -23.0 -32.0 78.7
v -22.9 -31.1 78.7
v -23.0 -30.1 75.0
v -23.5 -30.0 76.0
v -23.0 -29.6 76.0
v -23.0 -29.0 76.6
v -23.0 -29.0 79.4
v -23.0 -28.7 77.0
v -23.0 -27.9 79.0
v -22.0 -42.3 71.0
v -22.0 -42.4 72.0
v -21.9 -42.3 72.9
v -22.0 -41.6 75.1
v -23.0 -41.0 67.8
v -22.0 -41.0 68.6
v -21.0 -40.4 69.0
v -22.0 -41.8 74.0
v -22.0 -41.6 76.0
v -22.0 -41.0 77.4
v -22.0 -40.0 66.9
v -21.1 -39.8 68.0
v -23.0 -40.0 68.0
v -22.0 -39.0 66.5
v -22.9 -39.2 74.0
v -22.7 -39.0 75.0
v -22.0 -39.2 76.9
v -22.0 -40.0 78.1
v -22.0 -38.0 66.6
v -22.0 -38.0 73.0
v -22.1 -38.0 74.0
v -22.0 -37.9 76.0
v -22.0 -37.5 67.0
v -22.0 -37.0 72.4
v -22.0 -36.6 69.0
v -22.0 -36.4 70.0
v -22.3 -36.0 71.0
v -22.2 -36.0 72.0
v -22.0 -36.3 72.0
v -22.0 -36.4 74.0
v -22.0 -36.0 74.4
v -22.0 -35.4 72.0
v -22.0 -35.7 75.0
v -22.0 -35.4 76.0
v -23.0 -34.7 76.0
v -22.0 -35.3 77.0
v -22.4 -35.0 77.0
v -22.0 -34.6 73.0
v -22.0 -34.0 74.1
v -22.0 -34.0 78.0
v -22.0 -33.0 78.7
v -23.0 -31.0 74.7
v -22.0 -31.2 75.2
v -22.0 -32.0 78.8
v -22.0 -31.0 79.4
v -22.0 -30.3 76.0
v -22.0 -30.0 76.6
v -23.0 -30.0 78.9
v -22.0 -29.0 76.2
v -22.0 -30.0 80.0
v -22.0 -29.0 79.5
v -22.0 -28.5 77.0
v -23.0 -28.3 78.0
v -22.0 -27.8 78.0
v -22.0 -27.9 79.1
v -21.1 -41.6 72.1
v -21.0 -41.7 73.0
v -21.0 -42.0 74.0
v -21.0 -41.6 75.0
v -21.0 -41.3 77.0
v -21.1 -40.7 70.0
v -21.0 -40.2 78.2
v -21.0 -39.0 66.6
v -21.0 -39.4 67.0
v -21.0 -38.0 66.5
v -21.9 -38.2 75.0
v -21.0 -38.0 76.7
v -21.3 -39.0 78.1
v -21.0 -39.0 79.0
v -21.0 -37.0 66.7
v -22.0 -37.1 68.0
v -21.6 -37.0 73.0
v -21.6 -37.0 74.0
v -21.0 -37.4 76.0
v -21.0 -36.7 67.0
v -21.2 -36.6 68.1
v -21.0 -36.3 70.0
v -22.0 -36.3 71.0
v -21.8 -36.0 72.0
v -22.0 -36.0 73.0
v -20.9 -37.0 75.0
v -20.9 -36.0 76.0
v -21.1 -36.1 77.0
v -21.0 -35.7 71.0
v -21.8 -35.0 72.0
v -21.0 -35.5 72.0
v -21.0 -35.0 72.4
v -21.2 -35.2 78.1
v -21.0 -34.6 73.0
v -21.0 -34.1 74.1
v -21.2 -33.9 79.1
v -21.9 -33.0 73.8
v -21.0 -33.0 74.5
v -21.6 -33.0 79.0
v -21.0 -33.0 79.4
v -22.0 -32.0 74.0
v -21.0 -32.0 75.1
v -21.0 -32.0 79.4
v -21.0 -30.7 75.9
v -21.0 -31.0 79.6
v -21.0 -30.0 76.6
v -21.6 -30.0 80.0
v -21.0 -30.0 80.0
v -21.0 -28.9 76.8
v -21.3 -29.0 79.0
v -21.0 -28.0 78.0
v -21.0 -41.4 71.0
v -20.0 -41.3 72.1
v -20.0 -41.4 74.0
v -20.0 -41.4 75.0
v -20.0 -41.3 76.0
v -20.0 -39.7 69.0
v -20.0 -40.4 70.0
v -20.0 -40.7 71.0
v -20.2 -40.9 76.7
v -20.0 -39.7 78.0
v -20.0 -39.0 66.7
v -20.0 -39.2 67.0
v -20.0 -39.4 68.0
v -20.0 -39.3 79.0
v -20.0 -39.0 79.3
v -20.0 -38.0 66.1
v -20.8 -38.0 77.0
v -20.5 -38.0 79.0
v -20.0 -38.0 79.4
v -20.0 -37.0 66.5
v -20.7 -37.0 76.0
v -20.6 -37.0 77.0
v -20.5 -37.0 78.0
v -20.0 -37.0 79.4
v -20.0 -35.9 67.0
v -20.0 -36.3 68.0
v -20.0 -35.7 70.0
v -20.7 -36.0 78.0
v -20.3 -36.5 79.0
v -20.0 -36.0 79.5
v -20.0 -35.3 72.0
v -20.6 -35.0 79.0
v -20.0 -35.0 79.5
v -20.0 -34.5 73.0
v -20.0 -34.0 73.6
v -20.0 -34.0 79.6
v -20.0 -33.0 79.6
v -20.7 -32.0 75.0
v -20.0 -31.8 74.9
v -20.0 -32.0 79.5
v -20.0 -31.3 76.0
v -20.0 -30.9 76.6
v -20.0 -31.0 79.4
v -20.5 -30.0 77.0
v -20.0 -30.0 77.5
v -20.0 -30.2 79.0
v -20.8 -29.0 77.0
v -20.0 -29.6 78.0
v -20.5 -29.0 78.0
v -19.0 -40.5 72.0
v -19.0 -40.2 70.0
v -19.0 -40.5 74.0
v -19.0 -40.6 75.0
v -19.3 -38.9 68.0
v -19.0 -39.4 69.0
v -19.4 -39.7 77.3
v -19.0 -39.2 79.0
v -19.0 -39.0 79.2
v -19.0 -38.0 66.7
v -18.8 -38.0 67.0
v -19.0 -38.0 79.4
v -19.0 -37.0 66.6
v -20.0 -36.3 69.0
v -19.0 -37.0 79.7
v -19.0 -36.0 80.3
v -19.0 -35.7 68.0
v -19.0 -35.7 69.0
v -19.0 -35.6 70.0
v -19.0 -35.4 71.0
v -19.0 -34.9 71.9
v -19.0 -34.8 72.0
v -19.1 -34.1 73.2
v -19.0 -34.0 80.5
v -20.0 -33.0 74.3
v -19.0 -33.0 73.7
v -19.3 -33.0 80.1
v -19.0 -32.0 74.5
v -19.0 -31.5 75.0
v -19.0 -31.3 76.0
v -19.0 -31.0 79.6
v -19.0 -30.0 77.5
v -19.0 -30.0 79.3
v -19.0 -29.6 78.0
v -19.1 -29.8 79.0
v -18.8 -40.0 70.0
v -18.5 -39.9 72.0
v -17.9 -40.1 75.0
v -19.0 -40.4 76.0
v -18.0 -40.0 75.2
v -18.6 -39.0 69.1
v -18.3 -39.0 71.0
v -18.0 -39.7 76.0
v -18.0 -39.4 77.0
v -18.0 -39.2 78.0
v -17.8 -39.0 78.1
v -18.4 -38.0 68.0
v -17.7 -38.0 69.0
v -18.3 -38.0 79.0
v -18.6 -37.0 67.0
v -17.8 -37.0 68.0
v -18.0 -37.7 79.0
v -17.9 -37.1 80.2
v -19.0 -35.9 66.9
v -18.1 -36.3 69.0
v -18.1 -36.2 70.0
v -18.0 -36.0 70.4
v -18.0 -35.6 71.0
v -18.4 -35.0 72.0
v -18.0 -35.1 72.1
v -18.0 -34.0 72.7
v -18.0 -35.0 80.7
v -18.0 -34.0 81.3
v -18.0 -33.0 73.5
v -18.1 -32.9 81.3
v -18.0 -32.0 74.4
v -18.9 -32.0 79.8
v -18.0 -32.0 81.1
v -18.4 -31.0 75.0
v -18.0 -30.9 74.8
v -19.0 -31.0 77.0
v -18.4 -31.0 80.0
v -18.1 -29.8 76.0
v -18.5 -30.0 77.0
v -18.0 -31.0 80.3
v -18.0 -30.0 79.4
v -18.0 -29.5 77.0
v -18.0 -29.4 78.0
v -18.0 -29.6 79.0
v -17.7 -39.1 72.0
v -17.5 -39.0 73.0
v -17.8 -39.4 74.0
v -17.3 -38.9 75.0
v -17.4 -39.0 77.0
v -17.5 -38.0 71.0
v -17.3 -38.0 72.0
v -16.7 -38.0 73.0
v -17.3 -38.0 78.0
v -17.6 -37.0 69.0
v -17.5 -37.0 70.0
v -17.0 -37.0 70.7
v -16.8 -37.0 71.0
v -17.0 -37.7 78.0
v -17.1 -37.4 79.9
v -17.0 -37.0 80.4
v -18.0 -36.0 68.0
v -17.0 -35.9 70.8
v -17.0 -36.0 80.7
v -16.0 -36.0 81.3
v -17.0 -34.0 72.6
v -17.0 -34.0 81.4
v -17.0 -33.5 73.0
v -17.0 -32.7 73.9
v -17.0 -33.0 81.4
v -17.0 -32.0 74.5
v -16.9 -32.0 80.7
v -17.0 -31.0 74.7
v -17.0 -31.0 80.4
v -17.0 -30.6 80.0
v -17.0 -29.6 76.0
v -17.0 -28.9 77.0
v -17.0 -28.9 78.0
v -17.0 -29.7 79.0
v -16.9 -39.1 76.0
v -16.5 -38.0 75.0
v -16.3 -37.9 76.0
v -16.6 -38.0 77.0
v -16.6 -37.0 72.0
v -16.4 -37.0 73.0
v -16.3 -37.0 74.0
v -15.7 -37.0 75.0
v -16.0 -37.5 77.0
v -16.0 -37.4 79.0
v -16.0 -37.3 80.0
v -16.8 -36.0 71.0
v -16.4 -36.0 72.0
v -16.0 -37.0 81.0
v -17.0 -34.9 71.9
v -16.0 -35.0 72.6
v -16.0 -35.0 81.4
v -16.1 -34.0 80.9
v -16.0 -33.4 74.0
v -16.1 -32.0 75.2
v -16.0 -32.0 80.6
v -16.6 -31.0 75.0
v -16.0 -31.0 75.6
v -17.0 -30.0 75.0
v -16.4 -30.0 76.0
v -16.0 -30.4 79.0
v -16.0 -29.6 77.0
v -15.5 -37.0 76.0
v -15.3 -36.8 77.3
v -15.6 -37.0 79.9
v -15.8 -36.0 73.0
v -15.6 -36.0 74.0
v -15.3 -36.0 75.0
v -14.8 -36.2 76.0
v -15.0 -36.4 79.9
v -15.6 -36.0 81.0
v -15.0 -36.0 80.4
v -15.6 -35.0 73.0
v -15.4 -35.0 74.0
v -14.8 -35.0 81.1
v -15.0 -35.0 81.5
v -15.9 -33.9 72.9
v -15.5 -34.0 74.0
v -15.0 -34.7 81.0
v -15.0 -34.0 80.5
v -14.9 -34.0 74.8
v -15.0 -33.0 75.4
v -16.0 -33.0 81.1
v -15.0 -33.0 80.6
v -14.9 -31.9 75.8
v -15.0 -32.0 80.4
v -15.0 -31.1 79.0
v -16.0 -30.8 80.1
v -15.0 -31.5 80.0
v -14.6 -31.0 77.0
v -16.0 -29.7 78.0
v -15.0 -30.6 78.0
v -14.5 -36.0 77.0
v -14.7 -36.0 79.9
v -15.0 -35.0 74.6
v -13.8 -35.0 76.0
v -14.3 -35.0 78.0
v -14.4 -35.0 79.0
v -14.4 -34.0 79.9
v -13.7 -34.0 79.0
v -14.1 -33.0 76.2
v -13.8 -32.9 80.1
v -13.7 -32.0 77.0
v -14.0 -31.4 78.0
v -14.0 -31.1 79.0
v -14.0 -31.9 80.1
v -13.7 -35.0 77.0
v -13.7 -34.0 76.0
v -13.6 -34.0 78.0
v -13.6 -33.0 77.0
v -13.4 -33.1 77.9
v -13.5 -33.0 79.0
v -13.2 -32.0 78.0
v -13.5 -32.0 79.0
v -13.8 -32.0 80.0
f 1 8 2
f 5 4 12
f 12 4 3
f 5 6 4
f 6 7 1
f 8 1 7
f 11 10 3
f 10 12 3
f 12 13 5
f 10 11 15
f 15 11 14
f 10 16 12
f 10 15 16
f 47 13 16
f 13 12 16
f 21 18 20
f 21 17 18
f 21 22 17
f 23 17 22
f 1 2 25
f 2 26 25
f 26 2 8
f 27 8 9
f 27 26 8
f 29 28 9
f 28 27 9
f 28 29 20
f 29 30 20
f 20 22 21
f 20 30 22
f 33 3 4
f 33 32 3
f 33 4 24
f 24 4 6
f 24 6 25
f 25 6 1
f 7 34 8
f 35 9 8
f 35 8 34
f 35 29 9
f 40 29 35
f 30 40 36
f 30 29 40
f 41 30 36
f 41 22 30
f 31 22 41
f 11 3 32
f 11 32 37
f 13 38 5
f 39 6 5
f 39 5 38
f 39 7 6
f 39 34 7
f 44 34 39
f 34 44 35
f 40 44 90
f 40 35 44
f 37 14 11
f 42 14 37
f 38 13 47
f 43 38 47
f 38 43 39
f 39 49 44
f 39 43 49
f 15 14 45
f 14 46 45
f 14 42 46
f 52 16 15
f 52 15 45
f 52 47 16
f 43 47 48
f 43 48 49
f 49 50 44
f 46 51 45
f 96 45 51
f 96 52 45
f 47 52 53
f 47 58 48
f 47 53 58
f 48 58 54
f 48 54 49
f 49 54 55
f 49 55 50
f 50 55 56
f 57 52 96
f 105 53 57
f 53 52 57
f 53 105 58
f 61 60 59
f 63 62 61
f 61 62 60
f 64 59 65
f 59 66 61
f 59 64 66
f 61 66 67
f 63 67 69
f 63 61 67
f 65 68 64
f 68 18 64
f 18 17 64
f 64 17 23
f 64 23 66
f 66 23 19
f 66 19 67
f 70 69 19
f 69 67 19
f 70 75 69
f 20 72 71
f 72 18 68
f 20 18 72
f 22 73 23
f 74 19 23
f 74 23 73
f 74 70 19
f 80 70 74
f 75 70 80
f 25 26 125
f 76 125 26
f 77 26 27
f 77 76 26
f 77 28 71
f 27 28 77
f 71 28 20
f 73 22 31
f 78 73 31
f 74 78 79
f 74 73 78
f 74 79 80
f 33 81 32
f 82 33 24
f 82 24 25
f 82 25 83
f 83 25 125
f 41 84 31
f 31 87 78
f 31 84 87
f 79 78 88
f 78 87 88
f 37 32 81
f 37 81 140
f 90 36 40
f 36 85 41
f 90 85 36
f 85 86 41
f 86 84 41
f 84 86 87
f 140 42 37
f 89 42 140
f 90 91 85
f 90 93 91
f 86 85 91
f 89 46 42
f 150 46 89
f 50 92 90
f 50 90 44
f 90 92 93
f 91 93 94
f 150 95 46
f 46 95 51
f 51 97 96
f 95 97 51
f 98 96 97
f 55 54 99
f 99 101 100
f 56 99 100
f 55 99 56
f 92 50 56
f 100 92 56
f 102 92 100
f 92 103 93
f 92 102 103
f 94 93 103
f 96 98 104
f 57 96 104
f 166 57 104
f 111 58 105
f 111 106 58
f 58 106 54
f 54 106 99
f 101 107 100
f 100 107 102
f 102 107 108
f 102 108 103
f 166 109 57
f 57 110 105
f 57 109 110
f 105 110 111
f 112 114 113
f 59 60 115
f 116 115 60
f 62 112 113
f 116 62 113
f 60 62 116
f 112 62 63
f 117 112 63
f 114 112 117
f 114 117 120
f 118 65 59
f 118 59 115
f 117 63 69
f 119 117 69
f 120 119 122
f 120 117 119
f 68 65 118
f 68 118 121
f 69 75 119
f 75 122 119
f 71 72 123
f 72 68 121
f 72 121 123
f 80 130 75
f 130 124 75
f 124 122 75
f 76 126 125
f 76 127 126
f 76 77 127
f 128 77 71
f 127 77 128
f 128 71 123
f 129 80 79
f 129 130 80
f 124 130 131
f 132 81 133
f 81 134 133
f 81 33 134
f 135 33 82
f 135 134 33
f 135 82 83
f 136 83 125
f 135 83 136
f 136 125 126
f 137 79 88
f 129 79 137
f 129 138 130
f 129 137 138
f 131 138 139
f 131 130 138
f 81 132 140
f 132 141 140
f 132 133 192
f 132 192 141
f 142 87 86
f 87 142 143
f 88 87 143
f 143 149 88
f 149 137 88
f 137 144 138
f 137 149 144
f 139 138 144
f 145 89 140
f 146 140 141
f 145 140 146
f 141 192 146
f 91 147 86
f 86 147 142
f 143 142 148
f 145 150 89
f 150 145 146
f 150 146 151
f 146 203 151
f 147 91 94
f 152 147 94
f 147 153 142
f 147 152 153
f 148 142 153
f 95 150 97
f 97 150 98
f 98 150 151
f 203 154 98
f 151 203 98
f 155 154 203
f 157 156 155
f 157 99 156
f 158 99 157
f 207 159 101
f 99 207 101
f 158 207 99
f 161 160 159
f 161 159 207
f 162 103 160
f 162 160 161
f 162 94 103
f 94 162 152
f 163 152 162
f 152 163 164
f 152 164 165
f 153 152 165
f 98 154 104
f 154 166 104
f 154 167 166
f 168 154 155
f 167 154 168
f 168 156 106
f 168 155 156
f 106 156 99
f 159 107 101
f 107 159 108
f 108 159 160
f 108 160 103
f 163 169 164
f 170 165 169
f 165 164 169
f 109 166 110
f 110 166 167
f 110 167 111
f 111 167 168
f 111 168 106
f 172 113 114
f 172 171 113
f 172 114 173
f 115 175 174
f 115 116 175
f 116 113 171
f 116 171 175
f 176 173 114
f 176 114 120
f 178 177 120
f 177 176 120
f 178 179 177
f 247 118 115
f 247 115 174
f 122 182 120
f 182 178 120
f 178 181 179
f 178 182 181
f 180 179 181
f 251 121 118
f 251 118 247
f 181 184 255
f 181 182 184
f 183 123 121
f 183 121 251
f 124 182 122
f 182 124 184
f 127 185 126
f 185 127 128
f 257 128 123
f 257 123 183
f 186 124 131
f 184 124 186
f 187 133 134
f 134 188 187
f 134 135 188
f 189 135 136
f 189 188 135
f 189 136 126
f 126 185 189
f 190 185 128
f 190 128 257
f 139 186 131
f 191 186 139
f 187 192 133
f 193 187 262
f 192 187 193
f 262 194 193
f 195 194 262
f 144 202 139
f 191 139 202
f 192 197 146
f 192 193 197
f 197 193 198
f 198 193 194
f 194 195 273
f 195 199 273
f 196 199 195
f 200 149 143
f 148 200 143
f 149 200 201
f 144 149 201
f 144 201 202
f 197 203 146
f 204 197 198
f 203 197 204
f 205 206 204
f 205 204 198
f 273 206 205
f 199 206 273
f 207 206 199
f 208 199 196
f 207 199 208
f 210 196 209
f 208 196 210
f 153 211 148
f 148 215 200
f 148 211 215
f 201 200 212
f 212 200 215
f 155 203 204
f 155 204 157
f 157 204 206
f 157 206 158
f 158 206 207
f 161 207 208
f 161 208 162
f 162 208 210
f 163 162 210
f 209 163 210
f 213 163 209
f 165 214 153
f 214 211 153
f 211 214 215
f 213 169 163
f 288 169 213
f 169 217 170
f 170 217 165
f 217 216 165
f 165 216 214
f 169 288 217
f 220 219 295
f 219 220 218
f 220 221 218
f 222 218 221
f 224 295 300
f 295 223 220
f 295 224 223
f 220 304 221
f 220 223 304
f 222 221 304
f 303 224 300
f 224 225 223
f 304 225 229
f 304 223 225
f 306 226 303
f 303 227 224
f 303 226 227
f 224 228 225
f 224 227 228
f 229 225 228
f 231 308 230
f 232 233 230
f 230 233 231
f 235 234 232
f 232 234 233
f 234 235 306
f 235 236 306
f 306 236 226
f 226 237 227
f 226 236 237
f 227 242 228
f 227 237 242
f 229 228 242
f 172 315 171
f 176 230 173
f 230 172 173
f 230 308 172
f 230 177 232
f 230 176 177
f 232 177 238
f 232 239 235
f 232 238 239
f 235 240 236
f 235 239 240
f 236 240 241
f 236 246 237
f 236 241 246
f 242 237 246
f 175 243 174
f 175 171 315
f 175 315 243
f 177 179 238
f 238 179 180
f 239 238 180
f 239 244 240
f 239 180 244
f 241 244 245
f 241 240 244
f 241 245 246
f 174 248 247
f 243 248 174
f 181 249 180
f 180 250 244
f 180 249 250
f 245 244 250
f 247 252 251
f 247 248 252
f 249 181 255
f 253 249 255
f 324 250 253
f 250 249 253
f 251 254 183
f 251 252 254
f 255 256 253
f 183 258 257
f 259 183 254
f 258 183 259
f 254 330 259
f 186 260 255
f 186 255 184
f 261 256 260
f 256 255 260
f 262 187 188
f 189 263 188
f 188 263 262
f 185 263 189
f 185 264 263
f 265 264 185
f 190 265 185
f 266 190 257
f 265 190 266
f 266 257 258
f 266 258 267
f 258 268 267
f 259 268 258
f 259 330 271
f 268 259 271
f 191 269 260
f 191 260 186
f 262 263 195
f 195 263 196
f 196 263 264
f 265 274 196
f 264 265 196
f 270 274 265
f 272 191 202
f 272 275 191
f 275 269 191
f 194 205 198
f 194 273 205
f 270 339 277
f 274 270 277
f 283 202 201
f 283 272 202
f 274 209 196
f 274 276 209
f 274 277 276
f 278 277 339
f 281 280 279
f 280 282 201
f 212 280 201
f 279 280 212
f 201 282 283
f 284 213 276
f 276 213 209
f 285 276 277
f 284 276 285
f 277 278 286
f 277 286 285
f 287 281 279
f 214 287 279
f 215 214 279
f 215 279 212
f 284 288 213
f 217 284 285
f 288 284 217
f 289 216 217
f 285 289 217
f 289 285 286
f 216 290 214
f 216 289 290
f 214 290 287
f 293 292 291
f 292 294 291
f 295 219 296
f 297 219 218
f 296 219 297
f 218 222 297
f 298 297 222
f 297 298 293
f 292 293 298
f 294 298 299
f 294 292 298
f 295 296 301
f 295 301 300
f 304 302 298
f 304 298 222
f 299 298 302
f 300 368 303
f 300 301 368
f 305 302 304
f 303 372 306
f 303 368 372
f 229 307 304
f 304 307 305
f 308 231 309
f 231 310 309
f 231 233 310
f 311 310 233
f 311 234 312
f 311 233 234
f 312 234 306
f 313 312 306
f 313 306 372
f 242 307 229
f 242 314 307
f 315 317 316
f 315 172 317
f 309 172 308
f 317 172 309
f 246 318 242
f 318 319 242
f 319 314 242
f 388 243 315
f 316 388 315
f 246 245 320
f 246 320 318
f 323 248 243
f 243 388 321
f 243 321 323
f 250 322 245
f 320 245 322
f 323 252 248
f 322 250 324
f 325 322 324
f 326 254 252
f 327 326 252
f 323 327 252
f 256 328 324
f 256 324 253
f 324 329 325
f 324 328 329
f 326 330 254
f 326 327 331
f 330 326 331
f 328 256 261
f 332 328 261
f 329 328 332
f 330 333 271
f 330 331 333
f 269 334 261
f 269 261 260
f 332 261 334
f 270 265 266
f 270 266 339
f 266 267 339
f 268 335 267
f 335 339 267
f 271 336 268
f 268 336 335
f 337 336 271
f 333 337 271
f 269 338 334
f 275 338 269
f 339 335 336
f 340 336 337
f 283 341 272
f 341 342 275
f 272 341 275
f 342 338 275
f 339 343 278
f 339 336 343
f 336 340 343
f 344 282 280
f 344 280 281
f 345 282 344
f 283 282 345
f 341 283 345
f 346 278 343
f 346 286 278
f 346 343 340
f 287 347 281
f 281 348 344
f 281 347 348
f 286 346 289
f 346 350 349
f 290 346 349
f 289 346 290
f 347 287 290
f 349 347 290
f 351 347 349
f 348 351 352
f 348 347 351
f 353 349 350
f 353 351 349
f 352 351 354
f 354 351 353
f 357 356 291
f 359 358 291
f 358 357 291
f 358 359 355
f 359 360 355
f 356 428 293
f 293 291 356
f 294 361 359
f 294 359 291
f 359 362 360
f 359 361 362
f 297 363 296
f 364 363 297
f 293 364 297
f 428 364 293
f 361 294 299
f 361 367 362
f 365 301 296
f 296 363 365
f 299 366 361
f 299 302 366
f 367 361 366
f 369 435 365
f 435 368 365
f 368 301 365
f 370 302 305
f 302 371 366
f 302 370 371
f 374 373 372
f 374 372 435
f 435 372 368
f 375 305 307
f 305 376 370
f 305 375 376
f 370 377 371
f 370 376 377
f 378 309 310
f 310 311 378
f 379 312 313
f 373 379 372
f 379 313 372
f 314 380 307
f 375 380 442
f 375 307 380
f 387 375 442
f 387 376 375
f 377 376 387
f 317 381 316
f 382 317 309
f 382 381 317
f 382 309 378
f 378 311 383
f 383 311 312
f 384 383 312
f 384 312 379
f 319 385 380
f 319 380 314
f 442 380 386
f 386 380 385
f 381 388 316
f 389 318 320
f 385 319 318
f 389 385 318
f 393 385 389
f 386 385 393
f 390 321 388
f 322 391 320
f 389 391 392
f 389 320 391
f 389 392 393
f 394 321 390
f 394 323 321
f 325 395 391
f 325 391 322
f 392 391 395
f 323 396 327
f 394 396 323
f 329 397 395
f 325 329 395
f 396 331 327
f 457 331 396
f 332 458 397
f 329 332 397
f 333 457 398
f 333 331 457
f 334 458 332
f 399 458 334
f 333 398 337
f 403 334 338
f 399 334 403
f 337 401 340
f 337 398 401
f 398 400 402
f 398 402 401
f 342 404 403
f 338 342 403
f 401 402 405
f 344 406 345
f 406 341 345
f 407 341 406
f 408 342 341
f 407 408 341
f 408 409 342
f 409 404 342
f 409 410 404
f 340 401 346
f 401 411 346
f 411 405 467
f 401 405 411
f 467 405 402
f 348 412 406
f 348 406 344
f 406 413 407
f 406 412 413
f 407 414 408
f 407 413 414
f 408 471 409
f 408 414 471
f 415 410 471
f 409 471 410
f 346 411 350
f 416 411 467
f 350 411 416
f 418 416 467
f 412 348 352
f 417 412 352
f 412 419 413
f 412 417 419
f 414 419 420
f 414 413 419
f 414 420 471
f 350 421 353
f 350 416 421
f 354 417 352
f 417 354 422
f 421 422 354
f 422 421 418
f 416 418 421
f 417 422 419
f 419 422 474
f 419 474 420
f 353 421 354
f 423 424 355
f 426 425 355
f 425 480 355
f 480 423 355
f 357 429 356
f 424 357 358
f 358 355 424
f 360 426 355
f 427 426 360
f 429 428 356
f 362 430 360
f 427 360 430
f 431 364 428
f 367 432 430
f 367 430 362
f 433 365 363
f 431 433 363
f 364 431 363
f 366 434 367
f 434 432 367
f 435 369 436
f 369 365 433
f 436 369 433
f 371 437 434
f 371 434 366
f 438 495 374
f 374 495 373
f 439 374 435
f 438 374 439
f 439 435 436
f 371 440 437
f 377 440 371
f 495 379 373
f 441 379 495
f 387 447 377
f 447 440 377
f 381 382 443
f 444 382 378
f 444 378 383
f 445 383 384
f 445 444 383
f 441 384 379
f 441 445 384
f 386 446 442
f 442 448 387
f 446 448 442
f 448 447 387
f 507 388 381
f 507 381 443
f 393 451 446
f 393 446 386
f 448 446 451
f 449 390 507
f 390 388 507
f 393 392 450
f 393 450 451
f 390 449 394
f 449 452 394
f 449 453 452
f 395 454 392
f 392 454 450
f 455 396 394
f 455 394 452
f 456 395 397
f 456 454 395
f 455 457 396
f 460 455 452
f 457 455 460
f 452 453 516
f 452 516 460
f 459 397 458
f 456 397 459
f 457 460 398
f 399 519 458
f 459 458 519
f 461 400 460
f 460 400 398
f 460 516 461
f 403 462 399
f 462 519 399
f 463 400 461
f 463 402 400
f 404 462 403
f 464 402 463
f 410 462 404
f 465 462 410
f 402 464 467
f 464 468 467
f 471 469 470
f 470 415 471
f 415 470 529
f 410 415 465
f 415 472 465
f 415 529 472
f 465 472 466
f 467 468 473
f 418 467 473
f 476 475 474
f 474 475 469
f 420 474 469
f 420 469 471
f 418 473 422
f 473 476 422
f 474 422 476
f 477 532 478
f 478 532 479
f 479 481 478
f 482 478 481
f 483 478 482
f 486 484 480
f 484 424 480
f 424 423 480
f 486 482 481
f 486 425 482
f 425 486 480
f 425 426 482
f 426 483 482
f 426 488 483
f 357 487 429
f 424 484 485
f 487 424 485
f 357 424 487
f 426 427 488
f 429 549 428
f 429 487 549
f 549 431 428
f 432 489 430
f 434 491 432
f 491 489 432
f 493 492 436
f 494 436 433
f 494 493 436
f 433 431 490
f 433 490 494
f 437 496 434
f 491 434 496
f 492 438 439
f 439 436 492
f 496 437 440
f 501 441 495
f 447 502 440
f 440 503 496
f 440 502 503
f 382 504 443
f 444 497 498
f 504 444 498
f 382 444 504
f 497 444 499
f 499 444 445
f 499 445 500
f 445 501 500
f 441 501 445
f 448 505 447
f 505 502 447
f 510 502 505
f 503 510 506
f 503 502 510
f 443 508 507
f 504 508 443
f 509 448 451
f 448 572 505
f 448 509 572
f 505 572 510
f 508 449 507
f 575 449 508
f 451 450 511
f 509 451 511
f 575 453 449
f 512 453 575
f 454 515 450
f 515 513 450
f 450 513 511
f 514 453 512
f 456 515 454
f 514 516 453
f 517 515 456
f 517 456 459
f 519 520 459
f 520 517 459
f 518 461 516
f 462 521 519
f 519 521 520
f 461 524 463
f 518 524 461
f 522 521 462
f 522 523 521
f 522 526 523
f 524 464 463
f 465 522 462
f 522 466 525
f 466 596 525
f 466 522 465
f 522 525 526
f 524 468 464
f 600 468 524
f 531 527 469
f 469 528 470
f 527 528 469
f 528 529 470
f 529 596 472
f 466 472 596
f 468 600 530
f 473 468 530
f 476 473 530
f 530 475 476
f 531 475 530
f 469 475 531
f 477 533 532
f 477 534 533
f 537 534 477
f 535 479 532
f 533 535 532
f 479 535 536
f 478 535 537
f 477 478 537
f 536 535 478
f 539 538 536
f 538 479 536
f 538 481 479
f 478 483 536
f 483 540 536
f 540 539 536
f 540 483 541
f 541 542 540
f 544 543 484
f 484 543 485
f 545 484 486
f 545 544 484
f 486 481 538
f 486 538 545
f 488 541 483
f 541 548 542
f 541 488 548
f 552 542 548
f 547 546 487
f 485 547 487
f 543 547 485
f 548 488 427
f 487 546 549
f 546 550 549
f 546 547 550
f 430 551 548
f 430 548 427
f 552 548 551
f 554 553 549
f 553 431 549
f 554 549 550
f 551 430 489
f 557 551 489
f 552 551 555
f 555 551 557
f 553 490 431
f 556 490 553
f 489 491 557
f 556 493 494
f 494 490 556
f 491 561 557
f 555 557 561
f 559 558 438
f 438 558 495
f 492 559 438
f 496 560 491
f 561 560 568
f 561 491 560
f 497 564 498
f 564 563 498
f 565 497 499
f 565 564 497
f 565 499 500
f 566 500 501
f 566 565 500
f 558 566 501
f 495 558 501
f 503 567 560
f 503 560 496
f 568 560 567
f 562 569 504
f 563 562 504
f 563 504 498
f 567 503 506
f 570 567 506
f 568 567 570
f 508 569 571
f 508 504 569
f 573 510 572
f 573 506 510
f 579 506 573
f 570 579 574
f 570 506 579
f 571 575 508
f 571 576 575
f 577 509 511
f 578 572 577
f 572 509 577
f 572 578 573
f 573 578 579
f 580 512 575
f 580 575 576
f 581 513 515
f 513 582 511
f 513 581 582
f 511 582 577
f 580 514 512
f 583 514 580
f 581 515 584
f 583 516 514
f 641 516 583
f 517 585 515
f 585 584 515
f 518 641 586
f 518 516 641
f 520 587 517
f 585 517 588
f 517 587 588
f 650 518 586
f 587 520 521
f 523 587 521
f 587 589 588
f 587 523 589
f 588 589 590
f 650 524 518
f 523 526 589
f 592 589 526
f 590 589 592
f 591 592 593
f 591 590 592
f 524 654 594
f 597 525 596
f 598 525 597
f 525 598 526
f 526 599 592
f 526 598 599
f 592 599 593
f 594 600 524
f 531 594 654
f 600 594 531
f 654 527 531
f 601 527 654
f 528 601 595
f 528 527 601
f 528 595 529
f 529 595 597
f 529 597 596
f 530 600 531
f 534 602 533
f 603 534 537
f 602 666 604
f 535 602 604
f 533 602 535
f 605 537 535
f 605 535 604
f 603 537 606
f 537 605 606
f 604 666 539
f 666 538 539
f 666 673 538
f 604 539 540
f 604 540 605
f 605 540 542
f 605 542 606
f 542 613 606
f 544 607 543
f 608 544 545
f 545 538 673
f 545 673 608
f 552 613 542
f 607 547 543
f 609 547 607
f 609 550 547
f 610 550 609
f 554 611 553
f 612 554 550
f 612 611 554
f 550 610 612
f 555 613 552
f 556 611 614
f 553 611 556
f 555 616 613
f 615 621 493
f 615 556 614
f 493 556 615
f 561 616 555
f 563 618 617
f 564 619 563
f 619 618 563
f 559 620 558
f 621 559 492
f 492 493 621
f 568 622 561
f 622 616 561
f 617 623 562
f 617 562 563
f 624 619 564
f 565 624 564
f 625 624 565
f 620 565 566
f 620 625 565
f 566 558 620
f 622 568 626
f 623 627 562
f 569 562 627
f 570 629 626
f 570 626 568
f 627 628 569
f 569 628 571
f 574 633 570
f 633 629 570
f 576 628 630
f 576 571 628
f 631 578 577
f 578 632 579
f 631 632 578
f 632 781 579
f 574 579 633
f 579 781 633
f 580 576 630
f 634 580 630
f 581 635 639
f 582 581 639
f 582 636 577
f 639 636 582
f 631 577 636
f 702 583 634
f 583 580 634
f 635 581 584
f 637 635 584
f 638 635 637
f 635 640 639
f 635 638 640
f 702 641 583
f 641 702 642
f 585 643 637
f 585 637 584
f 637 644 638
f 637 643 644
f 638 645 640
f 638 644 645
f 641 646 586
f 641 642 646
f 588 643 585
f 647 643 588
f 644 643 647
f 644 648 645
f 644 647 648
f 645 648 649
f 646 650 586
f 590 647 588
f 647 590 591
f 647 591 648
f 651 648 591
f 649 648 651
f 652 524 650
f 650 710 652
f 651 591 593
f 653 651 593
f 651 653 660
f 652 654 524
f 601 652 710
f 654 652 601
f 710 595 601
f 655 595 710
f 595 655 597
f 597 656 598
f 655 656 597
f 598 657 599
f 656 657 598
f 599 658 593
f 599 657 658
f 593 658 653
f 653 658 659
f 653 659 660
f 602 662 661
f 602 534 662
f 662 603 667
f 662 534 603
f 664 663 672
f 672 665 664
f 665 672 666
f 666 661 665
f 661 666 602
f 606 667 603
f 668 667 606
f 668 606 674
f 669 671 670
f 740 673 672
f 673 666 672
f 613 675 674
f 606 613 674
f 675 741 674
f 669 670 676
f 671 669 677
f 677 669 676
f 544 678 607
f 608 673 740
f 678 608 740
f 544 608 678
f 741 675 681
f 679 609 678
f 609 607 678
f 680 610 679
f 679 610 609
f 613 684 675
f 681 675 684
f 611 682 754
f 611 612 682
f 612 610 680
f 682 612 680
f 614 611 754
f 683 614 754
f 616 684 613
f 683 621 615
f 683 756 621
f 683 615 614
f 616 685 684
f 617 618 686
f 687 618 619
f 687 686 618
f 620 559 688
f 756 559 621
f 756 688 559
f 616 764 685
f 622 764 616
f 766 623 617
f 766 617 686
f 689 687 619
f 689 619 624
f 690 624 625
f 690 689 624
f 690 620 688
f 625 620 690
f 626 764 622
f 626 691 764
f 623 766 627
f 692 628 627
f 766 692 627
f 691 629 693
f 691 626 629
f 692 694 628
f 633 693 629
f 695 693 633
f 694 630 628
f 696 630 694
f 697 632 631
f 781 632 697
f 781 698 633
f 695 633 698
f 634 630 699
f 630 696 699
f 636 639 700
f 636 700 631
f 700 701 631
f 789 697 701
f 697 631 701
f 699 702 634
f 640 700 639
f 640 703 700
f 702 790 642
f 645 703 640
f 645 706 703
f 705 646 790
f 790 646 642
f 706 645 649
f 707 704 649
f 704 706 649
f 708 650 705
f 705 650 646
f 705 794 708
f 651 707 649
f 709 707 651
f 708 710 650
f 708 794 711
f 710 708 711
f 712 713 711
f 715 657 656
f 715 656 714
f 716 709 660
f 709 651 660
f 655 710 711
f 655 711 713
f 655 713 656
f 656 713 714
f 715 718 657
f 718 658 657
f 659 805 660
f 658 805 659
f 660 719 716
f 660 805 719
f 716 719 717
f 721 720 723
f 722 732 720
f 722 725 732
f 723 720 824
f 824 720 732
f 728 727 662
f 662 727 661
f 729 662 667
f 729 728 662
f 731 730 667
f 667 730 729
f 730 731 725
f 731 732 725
f 824 732 733
f 734 726 733
f 736 835 735
f 663 664 735
f 664 736 735
f 664 737 736
f 727 664 665
f 727 737 664
f 665 661 727
f 667 668 731
f 731 668 674
f 732 731 674
f 732 674 741
f 738 732 670
f 732 741 670
f 732 738 733
f 742 734 671
f 734 738 671
f 738 670 671
f 734 733 738
f 735 835 663
f 835 672 663
f 835 739 672
f 740 672 739
f 741 676 670
f 671 743 742
f 677 743 671
f 740 744 678
f 741 748 676
f 681 748 741
f 748 745 676
f 745 677 676
f 745 743 677
f 744 679 678
f 746 679 744
f 745 748 751
f 746 747 680
f 679 746 680
f 682 749 754
f 682 750 749
f 750 680 747
f 682 680 750
f 684 758 681
f 681 758 748
f 753 752 683
f 754 753 683
f 758 755 748
f 751 748 755
f 752 757 756
f 683 752 756
f 685 758 684
f 758 759 755
f 687 761 686
f 686 761 760
f 688 763 762
f 763 756 757
f 688 756 763
f 758 685 764
f 765 758 764
f 759 765 854
f 759 758 765
f 686 760 766
f 760 767 766
f 768 760 761
f 767 760 768
f 689 769 687
f 769 761 687
f 769 768 761
f 689 770 769
f 689 690 770
f 690 688 762
f 770 690 762
f 691 771 764
f 764 772 765
f 764 771 772
f 854 765 773
f 773 765 772
f 692 766 767
f 767 774 692
f 767 768 774
f 774 769 775
f 768 769 774
f 771 691 693
f 776 771 693
f 771 779 772
f 771 776 779
f 773 772 779
f 774 694 692
f 775 694 774
f 862 694 775
f 695 777 693
f 776 777 778
f 776 693 777
f 776 778 779
f 696 862 780
f 696 694 862
f 786 698 781
f 698 786 695
f 786 782 695
f 782 777 695
f 777 782 778
f 783 699 696
f 780 783 696
f 789 784 697
f 784 785 697
f 785 781 697
f 781 785 786
f 783 787 702
f 699 783 702
f 788 701 700
f 703 788 700
f 788 789 701
f 787 790 702
f 787 791 790
f 788 706 704
f 703 706 788
f 792 788 704
f 794 705 790
f 790 791 795
f 796 790 795
f 794 790 796
f 797 796 795
f 707 798 792
f 707 792 704
f 793 792 798
f 799 794 796
f 799 797 880
f 796 797 799
f 709 798 707
f 803 798 709
f 711 794 712
f 712 794 799
f 880 712 799
f 880 713 712
f 713 801 714
f 880 801 713
f 714 802 715
f 801 802 714
f 715 802 887
f 717 803 716
f 803 709 716
f 803 717 800
f 717 807 800
f 715 887 718
f 718 804 658
f 887 804 718
f 804 805 658
f 719 806 717
f 719 805 806
f 717 806 807
f 809 808 721
f 811 810 721
f 721 810 809
f 813 808 812
f 808 813 721
f 813 720 721
f 811 721 814
f 816 811 814
f 813 818 722
f 812 818 813
f 813 722 720
f 723 814 721
f 816 814 724
f 814 723 724
f 819 815 724
f 815 816 724
f 815 820 817
f 815 819 820
f 823 822 821
f 822 823 818
f 823 730 818
f 730 725 722
f 730 722 818
f 824 726 724
f 824 724 723
f 726 825 819
f 726 819 724
f 819 826 820
f 819 825 826
f 829 828 827
f 831 830 827
f 827 830 829
f 831 832 830
f 832 727 821
f 727 728 821
f 821 728 729
f 821 729 823
f 823 729 730
f 733 726 824
f 734 833 825
f 734 825 726
f 826 833 834
f 826 825 833
f 828 836 827
f 737 835 736
f 835 737 837
f 831 837 737
f 837 831 836
f 827 836 831
f 831 737 727
f 831 727 832
f 838 928 833
f 734 838 833
f 742 838 734
f 833 928 834
f 837 839 835
f 839 739 835
f 740 739 839
f 740 839 840
f 743 841 742
f 841 838 742
f 744 840 842
f 744 740 840
f 745 843 743
f 841 743 843
f 844 744 842
f 844 746 744
f 751 843 745
f 844 845 747
f 747 746 844
f 847 749 750
f 847 846 749
f 750 747 845
f 750 845 847
f 753 754 846
f 846 754 749
f 755 850 843
f 755 843 751
f 943 843 850
f 849 848 757
f 757 752 753
f 757 753 849
f 759 850 755
f 853 852 762
f 763 853 762
f 763 848 853
f 763 757 848
f 850 759 854
f 857 850 854
f 851 850 857
f 770 855 769
f 855 762 852
f 770 762 855
f 773 856 854
f 857 854 856
f 858 775 769
f 769 855 859
f 858 769 859
f 860 858 859
f 773 861 856
f 779 861 773
f 856 861 857
f 858 862 775
f 863 858 860
f 862 858 863
f 952 778 866
f 779 778 952
f 861 779 952
f 862 864 780
f 862 863 864
f 865 782 786
f 782 866 778
f 782 865 866
f 867 783 780
f 864 867 780
f 868 785 784
f 786 785 868
f 865 786 868
f 867 787 783
f 869 787 867
f 788 870 789
f 870 784 789
f 871 784 870
f 872 784 871
f 787 869 791
f 791 869 965
f 792 870 788
f 870 792 793
f 871 870 793
f 872 871 873
f 873 871 793
f 791 965 795
f 795 874 797
f 965 874 795
f 876 875 797
f 874 876 797
f 877 875 876
f 798 878 793
f 873 793 879
f 879 793 878
f 797 875 880
f 875 881 880
f 882 875 877
f 881 875 882
f 884 877 883
f 882 877 884
f 803 878 798
f 885 878 800
f 878 803 800
f 878 885 879
f 885 800 886
f 801 880 881
f 801 881 882
f 801 882 802
f 802 882 884
f 884 887 802
f 807 886 800
f 807 890 886
f 975 977 887
f 977 804 887
f 804 889 805
f 806 889 888
f 806 805 889
f 890 806 888
f 890 807 806
f 892 891 989
f 891 892 893
f 896 895 894
f 896 897 895
f 899 898 896
f 896 898 897
f 898 899 989
f 899 892 989
f 899 900 892
f 892 901 893
f 892 900 901
f 904 893 901
f 894 902 896
f 896 902 808
f 899 808 809
f 896 808 899
f 899 809 810
f 899 810 900
f 900 810 811
f 903 900 811
f 901 900 903
f 901 905 904
f 901 903 905
f 905 906 904
f 902 909 812
f 894 909 902
f 902 812 808
f 816 903 811
f 905 816 815
f 903 816 905
f 905 815 817
f 905 817 906
f 910 906 817
f 907 906 910
f 908 907 911
f 911 907 910
f 915 914 912
f 914 915 909
f 915 822 909
f 822 818 812
f 822 812 909
f 820 916 910
f 820 910 817
f 911 910 916
f 918 913 917
f 918 912 913
f 918 832 912
f 915 832 821
f 912 832 915
f 915 821 822
f 826 920 916
f 826 916 820
f 921 916 920
f 917 828 829
f 917 919 828
f 917 829 830
f 917 830 918
f 918 830 832
f 920 826 834
f 828 919 836
f 836 922 837
f 919 922 836
f 924 834 928
f 834 925 920
f 834 924 925
f 921 920 926
f 926 920 925
f 922 839 837
f 840 839 922
f 923 840 922
f 927 840 923
f 841 928 838
f 928 929 924
f 926 925 933
f 933 925 924
f 927 930 840
f 840 930 842
f 843 928 841
f 932 929 931
f 929 843 931
f 929 928 843
f 929 932 924
f 924 932 933
f 842 1017 844
f 842 930 1017
f 931 843 935
f 844 934 845
f 844 1017 934
f 847 936 846
f 845 936 847
f 934 936 845
f 943 935 843
f 938 937 753
f 939 753 846
f 938 753 939
f 939 846 940
f 940 846 936
f 848 849 942
f 849 937 942
f 849 753 937
f 851 943 850
f 941 852 853
f 941 944 852
f 941 853 848
f 941 848 942
f 857 945 851
f 943 851 945
f 852 946 855
f 944 946 852
f 947 948 857
f 948 945 857
f 1033 949 860
f 1033 860 859
f 946 1033 859
f 855 946 859
f 950 949 1033
f 947 857 861
f 953 947 861
f 948 947 953
f 951 863 949
f 949 863 860
f 951 950 1044
f 949 950 951
f 957 861 952
f 953 861 957
f 954 864 951
f 951 864 863
f 955 951 1044
f 954 951 955
f 962 866 865
f 962 956 866
f 956 952 866
f 952 956 957
f 958 867 864
f 954 958 864
f 954 959 958
f 954 955 959
f 784 960 868
f 868 960 865
f 960 961 865
f 865 961 962
f 963 869 958
f 958 869 867
f 958 959 963
f 960 784 964
f 964 784 872
f 966 965 869
f 963 966 869
f 967 965 966
f 873 969 872
f 874 965 967
f 874 967 876
f 876 967 968
f 970 876 968
f 970 877 876
f 877 970 971
f 879 969 873
f 879 973 969
f 971 883 877
f 883 972 884
f 973 879 885
f 885 886 973
f 973 886 974
f 972 887 884
f 972 975 887
f 976 974 890
f 974 886 890
f 804 978 889
f 977 978 804
f 889 979 888
f 889 978 979
f 976 890 979
f 888 979 890
f 981 980 982
f 980 981 983
f 985 984 891
f 986 981 891
f 981 985 891
f 981 982 985
f 981 986 983
f 983 986 987
f 984 990 989
f 891 984 989
f 893 986 891
f 991 986 893
f 986 992 987
f 986 991 992
f 988 987 997
f 997 987 992
f 894 895 1106
f 895 993 1106
f 895 994 993
f 995 895 897
f 995 994 895
f 898 989 990
f 995 898 990
f 897 898 995
f 904 991 893
f 991 996 992
f 991 904 996
f 992 996 997
f 996 998 997
f 999 894 1106
f 904 906 996
f 996 906 907
f 996 907 908
f 998 996 908
f 1000 998 908
f 1002 1001 999
f 1001 914 999
f 914 909 894
f 914 894 999
f 1000 908 1003
f 1003 908 911
f 1002 1004 1001
f 1004 913 1001
f 913 912 1001
f 1001 912 914
f 916 1006 911
f 1003 911 1006
f 1005 1007 1004
f 1007 917 1004
f 917 913 1004
f 921 1006 916
f 1008 1006 921
f 917 1007 1118
f 917 1118 919
f 1008 921 1009
f 1118 922 919
f 922 1010 923
f 1118 1010 922
f 921 1011 1009
f 926 1011 921
f 1012 923 1010
f 1012 927 923
f 933 1011 926
f 933 1013 1011
f 927 1012 930
f 930 1012 1014
f 932 931 1015
f 1016 932 1015
f 933 932 1016
f 1013 933 1016
f 930 1018 1017
f 1014 1018 930
f 935 1126 931
f 1015 931 1126
f 1127 934 1017
f 1127 1017 1018
f 935 943 1126
f 1020 1019 934
f 1019 936 934
f 1020 934 1127
f 939 1021 938
f 1021 939 1022
f 939 940 1022
f 1023 940 936
f 1023 1022 940
f 936 1019 1023
f 1130 943 1024
f 941 1026 1025
f 941 942 1026
f 1026 937 1027
f 1026 942 937
f 1028 1027 937
f 938 1028 937
f 1028 938 1021
f 943 1032 1024
f 1029 944 1025
f 1025 944 941
f 1031 1025 1030
f 1029 1025 1031
f 945 1032 943
f 1033 946 1029
f 1029 946 944
f 1138 1029 1031
f 1033 1029 1138
f 1036 1037 1034
f 1036 1034 1035
f 1038 1032 945
f 950 1033 1138
f 1138 1039 950
f 1041 1034 1037
f 1040 1034 1041
f 1041 1037 1042
f 948 1043 945
f 953 1043 948
f 945 1043 1038
f 1039 1044 950
f 1039 1045 1044
f 1039 1046 1045
f 1040 1048 1047
f 1041 1048 1040
f 1049 1041 1042
f 1048 1041 1049
f 957 1051 953
f 1051 1043 953
f 1044 1050 955
f 1044 1045 1050
f 1045 1046 1050
f 1055 957 956
f 1055 1051 957
f 1052 959 955
f 1050 1052 955
f 961 960 1053
f 962 961 1053
f 962 1054 956
f 962 1053 1054
f 956 1054 1055
f 1163 963 959
f 1052 1163 959
f 964 1059 960
f 1053 960 1059
f 1163 966 963
f 1163 967 966
f 967 1056 968
f 1163 1056 967
f 1056 1057 968
f 969 1058 872
f 872 1058 964
f 1058 1059 964
f 1057 970 968
f 971 970 1057
f 1168 971 1057
f 973 1060 969
f 1058 969 1062
f 969 1060 1062
f 971 1168 883
f 883 1061 972
f 1168 1061 883
f 1060 974 1062
f 974 1063 1062
f 974 1060 973
f 972 1061 975
f 975 1061 1064
f 1067 1065 976
f 974 976 1063
f 1063 976 1065
f 975 1064 977
f 977 1066 978
f 1064 1066 977
f 978 1067 979
f 1066 1067 978
f 976 979 1067
f 1070 1069 980
f 1072 1071 980
f 1071 1070 980
f 1071 1072 1068
f 1072 1073 1068
f 1081 1068 1073
f 1075 1088 1076
f 1079 1078 1077
f 1079 1069 1078
f 982 1069 1079
f 980 1069 982
f 983 1072 980
f 1080 1072 983
f 1073 1072 1080
f 1073 1082 1081
f 1073 1080 1082
f 1083 1074 1084
f 1074 1086 1085
f 1074 1083 1086
f 1085 1086 1076
f 1086 1075 1076
f 1086 1087 1075
f 1088 1087 1095
f 1088 1075 1087
f 1089 1079 1077
f 1089 984 985
f 1079 1089 985
f 1079 985 982
f 987 1080 983
f 1080 987 988
f 1082 1080 988
f 1090 1082 988
f 1083 1084 1091
f 1091 1084 1092
f 1083 1093 1086
f 1083 1091 1093
f 1086 1094 1087
f 1086 1093 1094
f 1087 1096 1095
f 1087 1094 1096
f 1096 1097 1095
f 1099 1098 1097
f 995 1100 1099
f 1099 1100 1098
f 1100 995 1089
f 995 990 1089
f 1089 990 984
f 1090 988 1102
f 988 1101 1102
f 988 997 1101
f 1091 1092 1103
f 1103 1092 1104
f 1091 1105 1093
f 1091 1103 1105
f 1093 1106 1094
f 1093 1105 1106
f 1096 1106 993
f 1094 1106 1096
f 1096 993 994
f 1096 994 1097
f 1097 994 1099
f 1099 994 995
f 997 998 1101
f 998 1102 1101
f 998 1107 1102
f 1109 1108 1104
f 1108 1103 1104
f 1108 1105 1103
f 1105 1002 1106
f 1105 1108 1002
f 1002 999 1106
f 1000 1107 998
f 1000 1110 1107
f 1108 1109 1111
f 1111 1109 1112
f 1108 1111 1002
f 1110 1003 1113
f 1000 1003 1110
f 1111 1112 1004
f 1112 1005 1004
f 1112 1114 1005
f 1111 1004 1002
f 1003 1115 1113
f 1006 1115 1003
f 1116 1007 1213
f 1007 1114 1213
f 1007 1005 1114
f 1117 1116 1213
f 1008 1115 1006
f 1008 1120 1115
f 1116 1118 1007
f 1119 1116 1117
f 1118 1116 1119
f 1009 1120 1008
f 1010 1118 1119
f 1117 1010 1119
f 1121 1010 1117
f 1122 1009 1011
f 1122 1120 1009
f 1121 1012 1010
f 1013 1123 1011
f 1011 1123 1122
f 1124 1014 1012
f 1121 1124 1012
f 1015 1013 1016
f 1015 1123 1013
f 1125 1018 1124
f 1124 1018 1014
f 1231 1127 1018
f 1125 1231 1018
f 1130 1126 943
f 1234 1126 1130
f 1022 1129 1128
f 1022 1023 1129
f 1023 1019 1020
f 1023 1020 1129
f 1131 1025 1026
f 1027 1131 1026
f 1132 1238 1028
f 1028 1238 1027
f 1133 1028 1021
f 1133 1132 1028
f 1021 1022 1128
f 1133 1021 1128
f 1130 1024 1032
f 1134 1130 1032
f 1137 1130 1134
f 1135 1130 1137
f 1131 1030 1025
f 1031 1030 1136
f 1030 1131 1136
f 1027 1136 1131
f 1238 1136 1027
f 1032 1144 1134
f 1134 1144 1137
f 1135 1137 1146
f 1136 1138 1031
f 1136 1244 1138
f 1140 1139 1035
f 1140 1035 1034
f 1035 1141 1036
f 1139 1141 1035
f 1142 1143 1037
f 1036 1142 1037
f 1141 1142 1036
f 1038 1144 1032
f 1146 1137 1145
f 1137 1144 1145
f 1244 1250 1039
f 1138 1244 1039
f 1040 1140 1034
f 1040 1147 1140
f 1143 1042 1037
f 1148 1042 1143
f 1144 1038 1043
f 1154 1144 1043
f 1145 1144 1154
f 1149 1046 1250
f 1250 1046 1039
f 1150 1147 1040
f 1150 1040 1047
f 1151 1047 1048
f 1151 1150 1047
f 1148 1049 1042
f 1152 1049 1148
f 1051 1153 1043
f 1154 1043 1153
f 1156 1155 1149
f 1155 1046 1149
f 1155 1050 1046
f 1157 1151 1048
f 1049 1157 1048
f 1049 1152 1157
f 1055 1162 1051
f 1162 1153 1051
f 1158 1265 1050
f 1050 1265 1052
f 1050 1155 1158
f 1053 1159 1160
f 1054 1053 1160
f 1054 1161 1055
f 1160 1161 1054
f 1055 1161 1162
f 1052 1269 1163
f 1265 1269 1052
f 1059 1164 1159
f 1053 1059 1159
f 1159 1164 1160
f 1269 1165 1163
f 1165 1056 1163
f 1056 1165 1057
f 1166 1167 1057
f 1165 1166 1057
f 1058 1164 1059
f 1170 1164 1058
f 1167 1168 1057
f 1168 1167 1169
f 1278 1169 1167
f 1170 1058 1062
f 1170 1062 1171
f 1061 1168 1169
f 1278 1173 1061
f 1169 1278 1061
f 1172 1171 1062
f 1172 1062 1063
f 1173 1064 1061
f 1174 1064 1173
f 1065 1067 1175
f 1176 1065 1175
f 1063 1065 1172
f 1172 1065 1176
f 1066 1064 1174
f 1066 1174 1067
f 1067 1174 1175
f 1178 1179 1177
f 1071 1179 1178
f 1068 1179 1071
f 1068 1180 1179
f 1180 1068 1183
f 1182 1181 1177
f 1181 1069 1177
f 1178 1069 1070
f 1177 1069 1178
f 1178 1070 1071
f 1068 1081 1183
f 1081 1184 1183
f 1085 1186 1074
f 1186 1185 1074
f 1076 1186 1085
f 1187 1076 1088
f 1187 1186 1076
f 1189 1188 1088
f 1188 1187 1088
f 1191 1190 1189
f 1189 1190 1188
f 1077 1190 1191
f 1077 1192 1190
f 1078 1181 1182
f 1192 1078 1182
f 1077 1078 1192
f 1181 1078 1069
f 1082 1184 1081
f 1082 1193 1184
f 1185 1084 1074
f 1194 1084 1185
f 1095 1189 1088
f 1195 1189 1095
f 1189 1098 1191
f 1189 1195 1098
f 1191 1100 1077
f 1098 1100 1191
f 1100 1089 1077
f 1082 1090 1193
f 1194 1092 1084
f 1196 1092 1194
f 1095 1097 1195
f 1195 1097 1098
f 1197 1090 1102
f 1196 1104 1092
f 1198 1104 1196
f 1107 1197 1102
f 1199 1197 1107
f 1198 1200 1104
f 1109 1104 1200
f 1109 1200 1201
f 1199 1107 1202
f 1202 1107 1110
f 1203 1112 1313
f 1112 1201 1313
f 1112 1109 1201
f 1315 1203 1313
f 1113 1202 1110
f 1113 1208 1202
f 1213 1114 1203
f 1203 1114 1112
f 1209 1203 1315
f 1213 1203 1209
f 1209 1315 1204
f 1210 1204 1322
f 1209 1204 1210
f 1205 1210 1322
f 1211 1210 1205
f 1212 1205 1206
f 1211 1205 1212
f 1206 1207 1212
f 1115 1218 1113
f 1218 1208 1113
f 1213 1209 1214
f 1214 1209 1210
f 1215 1210 1211
f 1214 1210 1215
f 1215 1212 1325
f 1211 1212 1215
f 1218 1115 1120
f 1213 1219 1117
f 1213 1214 1219
f 1219 1214 1216
f 1216 1214 1215
f 1215 1325 1217
f 1218 1120 1225
f 1219 1121 1117
f 1220 1216 1215
f 1215 1217 1220
f 1122 1225 1120
f 1221 1121 1219
f 1222 1219 1216
f 1221 1219 1222
f 1222 1220 1223
f 1216 1220 1222
f 1225 1122 1123
f 1224 1225 1123
f 1221 1124 1121
f 1221 1227 1124
f 1221 1222 1227
f 1222 1223 1228
f 1222 1228 1227
f 1015 1229 1224
f 1015 1224 1123
f 1224 1230 1225
f 1224 1229 1230
f 1226 1225 1337
f 1337 1225 1230
f 1228 1332 1227
f 1332 1124 1227
f 1332 1125 1124
f 1126 1229 1015
f 1332 1231 1125
f 1234 1229 1126
f 1337 1230 1235
f 1230 1234 1235
f 1230 1229 1234
f 1233 1020 1127
f 1233 1232 1020
f 1233 1127 1231
f 1129 1236 1128
f 1129 1020 1232
f 1129 1232 1236
f 1130 1237 1234
f 1235 1234 1237
f 1238 1132 1348
f 1132 1239 1348
f 1132 1133 1239
f 1240 1133 1128
f 1240 1239 1133
f 1128 1236 1240
f 1135 1237 1130
f 1242 1237 1135
f 1241 1136 1238
f 1238 1348 1347
f 1238 1347 1241
f 1243 1242 1135
f 1146 1243 1135
f 1241 1244 1136
f 1241 1347 1245
f 1244 1241 1245
f 1140 1246 1139
f 1139 1246 1247
f 1248 1139 1247
f 1141 1139 1248
f 1141 1354 1142
f 1248 1354 1141
f 1143 1142 1354
f 1143 1354 1249
f 1255 1146 1145
f 1243 1146 1255
f 1244 1245 1250
f 1245 1355 1250
f 1147 1251 1246
f 1147 1246 1140
f 1247 1246 1252
f 1252 1246 1251
f 1253 1148 1249
f 1148 1143 1249
f 1254 1253 1249
f 1255 1145 1154
f 1256 1149 1250
f 1250 1355 1257
f 1256 1250 1257
f 1150 1251 1147
f 1258 1252 1251
f 1150 1258 1251
f 1151 1258 1150
f 1258 1151 1262
f 1259 1152 1253
f 1253 1152 1148
f 1253 1254 1367
f 1253 1367 1259
f 1153 1264 1255
f 1153 1255 1154
f 1156 1260 1155
f 1156 1149 1256
f 1261 1156 1256
f 1260 1156 1261
f 1261 1256 1257
f 1262 1151 1157
f 1157 1152 1259
f 1263 1157 1259
f 1262 1157 1263
f 1263 1259 1367
f 1162 1264 1153
f 1266 1265 1158
f 1155 1266 1158
f 1260 1266 1155
f 1160 1268 1161
f 1267 1268 1160
f 1162 1268 1264
f 1162 1161 1268
f 1265 1266 1379
f 1265 1379 1269
f 1271 1164 1270
f 1160 1164 1267
f 1267 1164 1271
f 1379 1272 1269
f 1272 1165 1269
f 1165 1272 1166
f 1274 1273 1167
f 1166 1274 1167
f 1272 1274 1166
f 1275 1273 1274
f 1270 1164 1277
f 1277 1164 1170
f 1167 1273 1278
f 1273 1275 1278
f 1275 1276 1279
f 1278 1275 1279
f 1280 1170 1171
f 1280 1277 1170
f 1278 1281 1173
f 1278 1279 1281
f 1279 1391 1281
f 1282 1280 1171
f 1172 1282 1171
f 1391 1283 1281
f 1283 1173 1281
f 1283 1174 1173
f 1174 1284 1175
f 1283 1284 1174
f 1176 1284 1282
f 1176 1175 1284
f 1176 1282 1172
f 1292 1287 1285
f 1285 1287 1286
f 1288 1290 1289
f 1291 1285 1402
f 1285 1291 1292
f 1289 1404 1288
f 1404 1177 1288
f 1293 1290 1288
f 1177 1293 1288
f 1179 1293 1177
f 1402 1293 1179
f 1180 1291 1402
f 1179 1180 1402
f 1291 1180 1183
f 1295 1291 1183
f 1292 1291 1295
f 1404 1294 1182
f 1404 1182 1177
f 1296 1295 1184
f 1184 1295 1183
f 1186 1297 1185
f 1186 1298 1297
f 1187 1299 1186
f 1186 1299 1298
f 1299 1187 1300
f 1187 1188 1300
f 1301 1188 1190
f 1301 1300 1188
f 1301 1190 1192
f 1192 1182 1294
f 1192 1294 1301
f 1193 1296 1184
f 1302 1194 1297
f 1297 1194 1185
f 1302 1297 1303
f 1303 1298 1415
f 1297 1298 1303
f 1415 1298 1299
f 1415 1299 1304
f 1304 1299 1300
f 1305 1193 1090
f 1307 1306 1302
f 1306 1194 1302
f 1306 1196 1194
f 1307 1302 1303
f 1197 1305 1090
f 1197 1308 1305
f 1306 1198 1196
f 1425 1198 1306
f 1197 1199 1308
f 1198 1425 1200
f 1314 1313 1201
f 1200 1314 1201
f 1425 1314 1200
f 1314 1315 1313
f 1316 1315 1314
f 1318 1317 1316
f 1317 1318 1309
f 1319 1317 1309
f 1320 1309 1310
f 1319 1309 1320
f 1321 1310 1311
f 1320 1310 1321
f 1312 1199 1202
f 1204 1315 1316
f 1204 1316 1322
f 1316 1317 1322
f 1322 1319 1205
f 1322 1317 1319
f 1205 1319 1206
f 1206 1319 1320
f 1206 1320 1207
f 1320 1323 1207
f 1320 1321 1323
f 1324 1207 1323
f 1324 1212 1207
f 1326 1325 1212
f 1324 1326 1212
f 1208 1218 1328
f 1327 1217 1325
f 1325 1326 1327
f 1437 1217 1327
f 1437 1220 1217
f 1225 1328 1218
f 1437 1329 1220
f 1226 1330 1328
f 1226 1328 1225
f 1440 1223 1220
f 1440 1228 1223
f 1440 1220 1329
f 1226 1331 1330
f 1337 1331 1226
f 1333 1332 1228
f 1440 1333 1228
f 1337 1334 1331
f 1336 1335 1332
f 1335 1231 1332
f 1336 1332 1333
f 1338 1334 1337
f 1233 1339 1232
f 1233 1447 1339
f 1231 1447 1233
f 1335 1447 1231
f 1340 1338 1337
f 1235 1340 1337
f 1342 1341 1236
f 1342 1236 1232
f 1342 1232 1339
f 1237 1340 1235
f 1237 1343 1340
f 1240 1344 1239
f 1239 1344 1348
f 1236 1341 1240
f 1341 1344 1240
f 1341 1342 1345
f 1242 1343 1237
f 1242 1346 1343
f 1349 1344 1341
f 1348 1344 1349
f 1349 1345 1453
f 1341 1345 1349
f 1350 1242 1243
f 1346 1242 1350
f 1347 1351 1245
f 1347 1348 1351
f 1351 1348 1349
f 1349 1453 1456
f 1353 1352 1248
f 1353 1248 1247
f 1352 1354 1248
f 1249 1354 1465
f 1243 1255 1350
f 1350 1255 1361
f 1351 1355 1245
f 1356 1351 1349
f 1355 1351 1356
f 1349 1456 1357
f 1349 1357 1356
f 1252 1353 1247
f 1252 1358 1353
f 1465 1359 1249
f 1254 1249 1359
f 1254 1359 1360
f 1355 1362 1257
f 1355 1356 1362
f 1356 1357 1363
f 1356 1363 1362
f 1364 1358 1252
f 1364 1252 1258
f 1365 1258 1262
f 1365 1364 1258
f 1367 1360 1366
f 1367 1254 1360
f 1368 1367 1366
f 1255 1264 1361
f 1361 1264 1369
f 1260 1370 1474
f 1260 1261 1370
f 1370 1261 1257
f 1371 1257 1362
f 1370 1257 1371
f 1371 1362 1363
f 1372 1365 1262
f 1263 1372 1262
f 1373 1263 1367
f 1372 1263 1373
f 1373 1367 1368
f 1374 1369 1264
f 1375 1266 1260
f 1260 1474 1376
f 1260 1376 1375
f 1377 1268 1267
f 1377 1378 1268
f 1378 1264 1268
f 1378 1374 1264
f 1375 1379 1266
f 1375 1376 1380
f 1381 1375 1380
f 1379 1375 1381
f 1382 1381 1380
f 1388 1385 1271
f 1388 1271 1270
f 1271 1386 1267
f 1271 1385 1386
f 1267 1386 1377
f 1377 1386 1387
f 1377 1387 1378
f 1272 1379 1381
f 1272 1381 1274
f 1274 1381 1382
f 1274 1382 1275
f 1275 1382 1383
f 1276 1275 1383
f 1384 1276 1383
f 1495 1276 1384
f 1277 1388 1270
f 1276 1495 1279
f 1279 1495 1389
f 1390 1277 1280
f 1390 1388 1277
f 1391 1389 1501
f 1391 1279 1389
f 1503 1391 1501
f 1393 1392 1282
f 1282 1392 1280
f 1280 1392 1390
f 1503 1283 1391
f 1503 1284 1283
f 1282 1284 1393
f 1284 1503 1393
f 1397 1396 1394
f 1394 1396 1395
f 1285 1286 1397
f 1286 1396 1397
f 1286 1398 1396
f 1398 1286 1287
f 1400 1399 1292
f 1399 1287 1292
f 1399 1398 1287
f 1401 1510 1289
f 1293 1394 1290
f 1394 1401 1290
f 1401 1289 1290
f 1394 1395 1401
f 1394 1402 1397
f 1394 1293 1402
f 1402 1285 1397
f 1292 1403 1400
f 1407 1400 1403
f 1289 1405 1404
f 1510 1405 1289
f 1295 1406 1403
f 1295 1403 1292
f 1403 1408 1407
f 1403 1406 1408
f 1409 1294 1404
f 1404 1405 1410
f 1404 1410 1409
f 1406 1295 1296
f 1411 1406 1296
f 1408 1406 1411
f 1301 1412 1300
f 1301 1413 1412
f 1294 1409 1301
f 1409 1413 1301
f 1409 1414 1413
f 1409 1410 1516
f 1409 1516 1414
f 1193 1411 1296
f 1408 1411 1517
f 1517 1411 1193
f 1304 1416 1415
f 1300 1412 1304
f 1412 1416 1304
f 1412 1417 1416
f 1417 1412 1413
f 1418 1413 1414
f 1417 1413 1418
f 1419 1414 1516
f 1418 1414 1419
f 1517 1193 1305
f 1303 1420 1307
f 1415 1420 1303
f 1421 1415 1416
f 1420 1415 1421
f 1421 1416 1417
f 1421 1417 1422
f 1423 1417 1418
f 1422 1417 1423
f 1423 1418 1419
f 1424 1305 1308
f 1307 1425 1306
f 1426 1307 1420
f 1425 1307 1426
f 1426 1420 1427
f 1427 1420 1421
f 1427 1421 1318
f 1318 1422 1309
f 1318 1421 1422
f 1309 1422 1310
f 1310 1422 1311
f 1311 1422 1423
f 1423 1428 1311
f 1423 1419 1428
f 1419 1520 1522
f 1419 1522 1428
f 1312 1424 1199
f 1424 1308 1199
f 1314 1425 1426
f 1314 1426 1427
f 1314 1427 1316
f 1316 1427 1318
f 1526 1321 1428
f 1428 1321 1311
f 1428 1522 1526
f 1202 1429 1312
f 1430 1312 1429
f 1431 1323 1526
f 1526 1323 1321
f 1208 1429 1202
f 1430 1429 1433
f 1432 1324 1323
f 1431 1432 1323
f 1434 1326 1324
f 1434 1324 1432
f 1328 1435 1429
f 1328 1429 1208
f 1433 1429 1435
f 1434 1327 1326
f 1328 1436 1435
f 1438 1437 1327
f 1434 1438 1327
f 1328 1439 1436
f 1536 1329 1437
f 1437 1438 1536
f 1330 1439 1328
f 1329 1536 1440
f 1536 1441 1440
f 1331 1442 1330
f 1443 1333 1440
f 1440 1441 1443
f 1442 1331 1444
f 1444 1331 1334
f 1336 1445 1335
f 1336 1333 1443
f 1445 1336 1443
f 1338 1446 1334
f 1334 1446 1444
f 1449 1448 1447
f 1445 1449 1447
f 1335 1445 1447
f 1340 1450 1338
f 1450 1446 1338
f 1342 1448 1451
f 1342 1339 1448
f 1339 1447 1448
f 1343 1452 1340
f 1450 1340 1452
f 1451 1345 1342
f 1343 1455 1452
f 1346 1455 1343
f 1454 1453 1345
f 1451 1454 1345
f 1346 1350 1455
f 1453 1454 1457
f 1453 1457 1456
f 1353 1458 1352
f 1352 1458 1464
f 1564 1352 1464
f 1354 1352 1564
f 1465 1354 1564
f 1473 1455 1361
f 1350 1361 1455
f 1459 1357 1456
f 1456 1457 1460
f 1461 1456 1460
f 1459 1456 1461
f 1463 1462 1461
f 1463 1461 1460
f 1463 1464 1458
f 1358 1463 1458
f 1353 1358 1458
f 1462 1463 1358
f 1466 1467 1360
f 1359 1466 1360
f 1465 1466 1359
f 1468 1357 1459
f 1468 1363 1357
f 1468 1459 1461
f 1461 1462 1469
f 1470 1469 1364
f 1469 1462 1364
f 1462 1358 1364
f 1470 1364 1471
f 1364 1365 1471
f 1467 1366 1360
f 1368 1366 1467
f 1472 1368 1467
f 1482 1473 1369
f 1361 1369 1473
f 1474 1370 1576
f 1370 1475 1576
f 1476 1370 1371
f 1476 1475 1370
f 1371 1363 1468
f 1371 1468 1476
f 1365 1372 1477
f 1478 1365 1477
f 1471 1365 1478
f 1373 1479 1372
f 1372 1479 1477
f 1368 1472 1480
f 1479 1368 1480
f 1481 1479 1480
f 1373 1368 1479
f 1369 1374 1481
f 1480 1369 1481
f 1482 1369 1480
f 1483 1376 1474
f 1483 1474 1576
f 1494 1478 1477
f 1477 1484 1494
f 1479 1484 1477
f 1485 1479 1481
f 1484 1479 1485
f 1378 1485 1374
f 1374 1485 1481
f 1483 1486 1376
f 1376 1486 1380
f 1380 1487 1382
f 1486 1487 1380
f 1382 1488 1383
f 1487 1488 1382
f 1489 1490 1384
f 1383 1489 1384
f 1488 1489 1383
f 1493 1492 1491
f 1385 1388 1492
f 1493 1385 1492
f 1494 1385 1493
f 1484 1386 1494
f 1386 1385 1494
f 1386 1484 1387
f 1387 1484 1485
f 1387 1485 1378
f 1490 1495 1384
f 1490 1496 1495
f 1499 1497 1491
f 1500 1491 1492
f 1499 1491 1500
f 1388 1500 1492
f 1496 1501 1389
f 1496 1389 1495
f 1501 1496 1498
f 1497 1501 1498
f 1502 1499 1500
f 1390 1502 1388
f 1388 1502 1500
f 1501 1497 1503
f 1504 1497 1499
f 1503 1497 1504
f 1504 1502 1392
f 1504 1499 1502
f 1392 1502 1390
f 1393 1503 1504
f 1393 1504 1392
f 1505 1395 1396
f 1398 1506 1396
f 1398 1507 1506
f 1507 1398 1508
f 1398 1399 1508
f 1399 1400 1508
f 1508 1400 1509
f 1511 1510 1401
f 1401 1395 1505
f 1401 1505 1511
f 1512 1505 1396
f 1512 1396 1506
f 1509 1407 1513
f 1400 1407 1509
f 1514 1405 1510
f 1408 1599 1407
f 1599 1513 1407
f 1514 1410 1405
f 1515 1410 1514
f 1516 1410 1515
f 1602 1516 1515
f 1518 1419 1516
f 1602 1518 1516
f 1519 1517 1305
f 1518 1520 1419
f 1518 1608 1520
f 1424 1519 1305
f 1519 1424 1521
f 1520 1608 1523
f 1520 1523 1522
f 1524 1424 1312
f 1521 1424 1524
f 1525 1521 1524
f 1522 1523 1527
f 1522 1527 1526
f 1430 1528 1524
f 1430 1524 1312
f 1525 1524 1528
f 1527 1612 1526
f 1612 1431 1526
f 1430 1529 1528
f 1433 1529 1430
f 1431 1530 1432
f 1612 1530 1431
f 1432 1531 1434
f 1432 1532 1531
f 1432 1530 1532
f 1533 1434 1531
f 1533 1532 1618
f 1531 1532 1533
f 1436 1534 1435
f 1535 1438 1533
f 1533 1438 1434
f 1533 1618 1535
f 1439 1537 1436
f 1537 1534 1436
f 1535 1536 1438
f 1439 1538 1537
f 1330 1538 1439
f 1626 1441 1536
f 1536 1535 1626
f 1442 1538 1330
f 1442 1539 1538
f 1441 1633 1443
f 1540 1441 1626
f 1633 1441 1540
f 1444 1539 1442
f 1444 1541 1539
f 1445 1443 1542
f 1443 1633 1542
f 1543 1444 1446
f 1543 1541 1444
f 1449 1642 1448
f 1544 1449 1445
f 1642 1449 1544
f 1544 1445 1542
f 1547 1546 1545
f 1549 1548 1545
f 1549 1545 1546
f 1551 1550 1548
f 1551 1548 1549
f 1450 1551 1543
f 1446 1450 1543
f 1550 1551 1450
f 1448 1648 1451
f 1448 1642 1648
f 1547 1545 1552
f 1547 1552 1553
f 1554 1545 1548
f 1552 1545 1554
f 1452 1548 1550
f 1554 1548 1452
f 1450 1452 1550
f 1555 1451 1648
f 1557 1556 1553
f 1552 1557 1553
f 1558 1552 1554
f 1557 1552 1558
f 1455 1558 1452
f 1558 1554 1452
f 1555 1454 1451
f 1652 1454 1555
f 1560 1559 1556
f 1557 1560 1556
f 1560 1557 1569
f 1569 1558 1455
f 1569 1557 1558
f 1457 1652 1561
f 1457 1454 1652
f 1563 1562 1464
f 1562 1564 1464
f 1570 1566 1565
f 1568 1567 1565
f 1568 1565 1566
f 1662 1567 1568
f 1572 1560 1569
f 1473 1569 1455
f 1561 1460 1457
f 1563 1460 1561
f 1563 1463 1460
f 1464 1463 1563
f 1660 1570 1564
f 1564 1570 1465
f 1565 1466 1570
f 1466 1465 1570
f 1466 1565 1467
f 1565 1571 1467
f 1565 1567 1571
f 1567 1662 1663
f 1567 1663 1571
f 1572 1569 1473
f 1461 1573 1468
f 1461 1469 1573
f 1574 1472 1571
f 1571 1472 1467
f 1575 1571 1663
f 1574 1571 1575
f 1575 1663 1572
f 1482 1575 1572
f 1473 1482 1572
f 1476 1577 1475
f 1475 1577 1576
f 1468 1577 1476
f 1468 1578 1577
f 1578 1468 1573
f 1579 1573 1469
f 1578 1573 1579
f 1580 1469 1470
f 1580 1579 1469
f 1471 1580 1470
f 1471 1581 1580
f 1478 1581 1471
f 1574 1480 1472
f 1480 1574 1482
f 1482 1574 1575
f 1583 1582 1483
f 1583 1483 1576
f 1583 1576 1577
f 1583 1577 1664
f 1664 1577 1578
f 1664 1578 1584
f 1584 1578 1579
f 1586 1585 1579
f 1580 1586 1579
f 1586 1580 1581
f 1494 1581 1478
f 1494 1586 1581
f 1582 1486 1483
f 1583 1587 1582
f 1587 1486 1582
f 1587 1487 1486
f 1487 1588 1488
f 1587 1588 1487
f 1488 1589 1489
f 1588 1589 1488
f 1591 1590 1490
f 1489 1591 1490
f 1589 1591 1489
f 1665 1590 1591
f 1585 1586 1491
f 1665 1585 1491
f 1491 1586 1493
f 1493 1586 1494
f 1590 1496 1490
f 1665 1497 1498
f 1590 1665 1498
f 1496 1590 1498
f 1491 1497 1665
f 1593 1508 1509
f 1511 1669 1510
f 1511 1505 1592
f 1511 1592 1669
f 1595 1592 1505
f 1595 1505 1512
f 1596 1512 1506
f 1596 1595 1512
f 1597 1506 1507
f 1597 1596 1506
f 1507 1508 1593
f 1597 1507 1593
f 1593 1513 1594
f 1513 1593 1509
f 1598 1594 1513
f 1513 1599 1598
f 1669 1514 1510
f 1675 1514 1669
f 1515 1675 1600
f 1515 1514 1675
f 1517 1601 1599
f 1517 1599 1408
f 1603 1599 1601
f 1600 1602 1515
f 1601 1604 1603
f 1601 1517 1604
f 1602 1605 1518
f 1606 1517 1519
f 1604 1517 1606
f 1607 1604 1606
f 1605 1608 1518
f 1521 1606 1519
f 1521 1607 1606
f 1521 1609 1607
f 1610 1523 1608
f 1525 1609 1521
f 1684 1523 1610
f 1684 1527 1523
f 1528 1611 1525
f 1613 1612 1527
f 1684 1613 1527
f 1614 1528 1529
f 1611 1528 1614
f 1615 1530 1612
f 1615 1612 1613
f 1433 1614 1529
f 1433 1617 1614
f 1616 1532 1615
f 1532 1530 1615
f 1435 1617 1433
f 1532 1616 1618
f 1616 1619 1618
f 1619 1616 1620
f 1534 1617 1435
f 1621 1618 1619
f 1621 1620 1622
f 1619 1620 1621
f 1537 1623 1534
f 1621 1622 1624
f 1535 1621 1624
f 1618 1621 1535
f 1538 1625 1537
f 1625 1632 1537
f 1632 1623 1537
f 1535 1624 1627
f 1535 1627 1626
f 1631 1630 1628
f 1631 1628 1629
f 1631 1632 1625
f 1539 1631 1625
f 1538 1539 1625
f 1630 1631 1539
f 1633 1540 1705
f 1634 1540 1626
f 1705 1540 1634
f 1634 1626 1627
f 1629 1628 1635
f 1629 1635 1636
f 1637 1628 1630
f 1635 1628 1637
f 1541 1637 1539
f 1539 1637 1630
f 1633 1638 1542
f 1633 1639 1638
f 1635 1640 1636
f 1641 1640 1635
f 1543 1635 1637
f 1641 1635 1543
f 1541 1543 1637
f 1544 1643 1642
f 1542 1643 1544
f 1542 1644 1643
f 1644 1638 1645
f 1542 1638 1644
f 1645 1638 1639
f 1647 1646 1546
f 1647 1546 1547
f 1549 1646 1640
f 1549 1546 1646
f 1549 1640 1551
f 1551 1640 1641
f 1551 1641 1543
f 1649 1648 1642
f 1649 1642 1643
f 1649 1643 1644
f 1553 1647 1547
f 1553 1651 1647
f 1648 1649 1650
f 1648 1650 1555
f 1553 1556 1651
f 1555 1650 1653
f 1555 1653 1652
f 1661 1655 1654
f 1657 1656 1654
f 1657 1654 1655
f 1559 1560 1656
f 1657 1559 1656
f 1724 1559 1657
f 1556 1559 1651
f 1651 1559 1724
f 1658 1563 1561
f 1653 1658 1561
f 1652 1653 1561
f 1658 1562 1563
f 1562 1659 1564
f 1658 1659 1562
f 1660 1564 1659
f 1660 1661 1566
f 1660 1566 1570
f 1654 1568 1661
f 1568 1566 1661
f 1568 1654 1662
f 1654 1656 1662
f 1572 1662 1560
f 1560 1662 1656
f 1572 1663 1662
f 1579 1585 1584
f 1587 1583 1588
f 1588 1583 1664
f 1588 1664 1589
f 1589 1664 1591
f 1591 1664 1584
f 1591 1584 1665
f 1584 1585 1665
f 1594 1667 1593
f 1598 1668 1594
f 1668 1667 1594
f 1671 1669 1592
f 1670 1671 1592
f 1666 1670 1592
f 1671 1670 1672
f 1672 1670 1595
f 1670 1666 1595
f 1666 1592 1595
f 1595 1673 1672
f 1595 1596 1673
f 1674 1596 1597
f 1674 1673 1596
f 1674 1593 1667
f 1597 1593 1674
f 1669 1671 1676
f 1669 1676 1675
f 1677 1737 1599
f 1676 1600 1675
f 1678 1600 1676
f 1603 1677 1599
f 1679 1677 1603
f 1600 1678 1602
f 1678 1680 1602
f 1604 1679 1603
f 1604 1681 1679
f 1680 1605 1602
f 1607 1681 1604
f 1607 1682 1681
f 1683 1608 1605
f 1609 1682 1607
f 1609 1685 1682
f 1683 1610 1608
f 1751 1610 1683
f 1525 1685 1609
f 1755 1684 1610
f 1751 1755 1610
f 1611 1685 1525
f 1686 1613 1684
f 1684 1755 1756
f 1684 1756 1686
f 1687 1611 1614
f 1687 1685 1611
f 1613 1686 1615
f 1686 1756 1688
f 1615 1686 1688
f 1617 1689 1614
f 1687 1614 1689
f 1615 1690 1616
f 1691 1615 1688
f 1690 1615 1691
f 1617 1692 1689
f 1693 1689 1692
f 1690 1620 1616
f 1690 1691 1694
f 1620 1690 1694
f 1534 1695 1692
f 1534 1692 1617
f 1693 1692 1696
f 1692 1695 1696
f 1697 1622 1620
f 1694 1697 1620
f 1623 1698 1695
f 1623 1695 1534
f 1696 1695 1698
f 1622 1769 1624
f 1769 1622 1697
f 1700 1699 1698
f 1623 1700 1698
f 1632 1700 1623
f 1769 1627 1624
f 1701 1627 1769
f 1629 1702 1703
f 1704 1629 1703
f 1631 1629 1704
f 1631 1700 1632
f 1704 1700 1631
f 1705 1706 1776
f 1705 1634 1706
f 1634 1627 1701
f 1634 1701 1706
f 1707 1708 1702
f 1636 1707 1702
f 1629 1636 1702
f 1702 1708 1703
f 1709 1639 1705
f 1705 1639 1633
f 1705 1776 1778
f 1705 1778 1709
f 1710 1707 1636
f 1640 1710 1636
f 1639 1709 1645
f 1709 1711 1645
f 1709 1778 1712
f 1711 1709 1712
f 1647 1710 1646
f 1713 1710 1647
f 1646 1710 1640
f 1644 1714 1649
f 1645 1711 1644
f 1711 1714 1644
f 1711 1715 1714
f 1715 1711 1716
f 1717 1711 1712
f 1716 1711 1717
f 1712 1718 1717
f 1713 1651 1783
f 1713 1647 1651
f 1719 1649 1714
f 1650 1649 1719
f 1719 1714 1785
f 1785 1714 1715
f 1721 1720 1715
f 1716 1721 1715
f 1722 1716 1717
f 1721 1716 1722
f 1717 1718 1784
f 1723 1717 1784
f 1722 1717 1723
f 1725 1724 1723
f 1725 1723 1784
f 1724 1725 1783
f 1651 1724 1783
f 1726 1653 1650
f 1719 1729 1726
f 1650 1719 1726
f 1719 1727 1729
f 1727 1719 1785
f 1728 1727 1785
f 1730 1720 1721
f 1661 1730 1655
f 1730 1721 1655
f 1721 1722 1655
f 1655 1722 1657
f 1657 1722 1723
f 1657 1723 1724
f 1726 1658 1653
f 1729 1658 1726
f 1727 1659 1729
f 1659 1658 1729
f 1728 1660 1659
f 1727 1728 1659
f 1728 1661 1660
f 1730 1661 1728
f 1732 1731 1667
f 1788 1732 1667
f 1788 1667 1668
f 1733 1668 1598
f 1733 1788 1668
f 1598 1734 1733
f 1735 1672 1673
f 1735 1673 1791
f 1673 1736 1791
f 1673 1674 1736
f 1674 1667 1731
f 1674 1731 1736
f 1737 1734 1599
f 1734 1598 1599
f 1738 1676 1671
f 1672 1739 1671
f 1739 1738 1671
f 1735 1739 1672
f 1735 1740 1739
f 1735 1791 1740
f 1677 1741 1737
f 1742 1678 1738
f 1738 1678 1676
f 1742 1739 1743
f 1738 1739 1742
f 1743 1739 1740
f 1741 1679 1744
f 1677 1679 1741
f 1743 1678 1742
f 1743 1680 1678
f 1680 1743 1745
f 1681 1746 1744
f 1681 1744 1679
f 1747 1744 1746
f 1745 1605 1680
f 1748 1605 1745
f 1682 1746 1681
f 1747 1746 1749
f 1749 1746 1682
f 1683 1748 1750
f 1683 1605 1748
f 1685 1753 1682
f 1749 1682 1753
f 1750 1751 1683
f 1750 1752 1751
f 1751 1752 1802
f 1751 1802 1755
f 1685 1687 1753
f 1754 1753 1687
f 1755 1802 1757
f 1755 1757 1756
f 1757 1688 1756
f 1759 1688 1757
f 1689 1760 1687
f 1758 1687 1760
f 1759 1691 1688
f 1761 1691 1759
f 1693 1760 1689
f 1762 1760 1693
f 1764 1763 1694
f 1691 1764 1694
f 1761 1764 1691
f 1696 1762 1693
f 1696 1765 1762
f 1767 1811 1766
f 1764 1767 1763
f 1767 1697 1763
f 1697 1694 1763
f 1767 1766 1697
f 1698 1768 1696
f 1768 1765 1696
f 1811 1770 1766
f 1770 1769 1766
f 1769 1697 1766
f 1699 1700 1816
f 1773 1699 1816
f 1698 1699 1768
f 1699 1774 1768
f 1699 1773 1774
f 1775 1701 1769
f 1775 1769 1770
f 1772 1771 1704
f 1703 1772 1704
f 1822 1772 1703
f 1704 1771 1700
f 1700 1771 1816
f 1777 1776 1706
f 1701 1777 1706
f 1775 1777 1701
f 1707 1822 1708
f 1781 1822 1707
f 1703 1708 1822
f 1776 1777 1779
f 1778 1776 1779
f 1830 1781 1710
f 1707 1710 1781
f 1778 1779 1782
f 1712 1778 1782
f 1782 1779 1780
f 1780 1783 1831
f 1783 1780 1830
f 1830 1713 1783
f 1830 1710 1713
f 1784 1718 1782
f 1718 1712 1782
f 1831 1725 1784
f 1831 1784 1782
f 1725 1831 1783
f 1715 1720 1785
f 1785 1720 1728
f 1730 1728 1720
f 1732 1786 1731
f 1787 1732 1788
f 1787 1786 1732
f 1789 1788 1733
f 1790 1733 1734
f 1790 1789 1733
f 1834 1791 1736
f 1731 1834 1736
f 1786 1834 1731
f 1792 1790 1737
f 1790 1734 1737
f 1834 1793 1791
f 1793 1740 1791
f 1741 1792 1737
f 1794 1792 1741
f 1743 1740 1839
f 1740 1793 1839
f 1744 1794 1741
f 1744 1795 1794
f 1839 1796 1745
f 1839 1745 1743
f 1795 1747 1797
f 1744 1747 1795
f 1844 1748 1796
f 1796 1748 1745
f 1747 1798 1797
f 1749 1798 1747
f 1844 1750 1748
f 1799 1750 1844
f 1753 1800 1798
f 1749 1753 1798
f 1752 1799 1801
f 1752 1750 1799
f 1754 1800 1753
f 1804 1800 1754
f 1801 1802 1752
f 1801 1803 1802
f 1687 1804 1754
f 1805 1757 1802
f 1805 1802 1803
f 1758 1804 1687
f 1853 1804 1758
f 1805 1759 1757
f 1806 1759 1805
f 1760 1807 1758
f 1758 1807 1853
f 1806 1761 1759
f 1808 1761 1806
f 1762 1807 1760
f 1762 1809 1807
f 1808 1764 1761
f 1810 1764 1808
f 1765 1809 1762
f 1765 1818 1809
f 1811 1767 1812
f 1767 1813 1812
f 1767 1764 1813
f 1764 1810 1813
f 1817 1816 1814
f 1768 1818 1765
f 1866 1770 1811
f 1866 1811 1812
f 1815 1814 1771
f 1772 1815 1771
f 1823 1815 1772
f 1771 1814 1816
f 1817 1863 1816
f 1863 1773 1816
f 1773 1864 1774
f 1863 1864 1773
f 1768 1774 1818
f 1818 1774 1864
f 1819 1770 1866
f 1820 1819 1866
f 1775 1770 1819
f 1821 1820 1866
f 1870 1823 1822
f 1823 1772 1822
f 1824 1777 1819
f 1819 1777 1775
f 1825 1819 1820
f 1824 1819 1825
f 1826 1820 1821
f 1825 1820 1826
f 1828 1821 1827
f 1826 1821 1828
f 1827 1781 1828
f 1829 1781 1827
f 1822 1829 1870
f 1822 1781 1829
f 1824 1779 1777
f 1779 1824 1780
f 1780 1824 1825
f 1825 1830 1780
f 1825 1826 1830
f 1830 1828 1781
f 1830 1826 1828
f 1780 1831 1782
f 1786 1911 1871
f 1786 1787 1911
f 1832 1788 1789
f 1832 1787 1788
f 1833 1789 1790
f 1833 1832 1789
f 1833 1790 1835
f 1786 1871 1834
f 1835 1790 1792
f 1835 1792 1838
f 1836 1793 1834
f 1794 1837 1838
f 1792 1794 1838
f 1793 1836 1839
f 1836 1840 1839
f 1795 1837 1794
f 1838 1837 1841
f 1837 1795 1841
f 1839 1842 1796
f 1839 1840 1842
f 1840 1884 1842
f 1843 1795 1797
f 1841 1795 1843
f 1842 1844 1796
f 1842 1884 1844
f 1798 1845 1797
f 1845 1843 1797
f 1846 1799 1844
f 1800 1845 1798
f 1800 1847 1845
f 1799 1846 1801
f 1801 1846 1848
f 1804 1847 1800
f 1804 1851 1847
f 1848 1803 1801
f 1849 1803 1848
f 1803 1850 1805
f 1849 1850 1803
f 1853 1851 1804
f 1852 1806 1805
f 1805 1850 1852
f 1854 1808 1852
f 1852 1808 1806
f 1809 1855 1807
f 1807 1855 1853
f 1856 1810 1854
f 1810 1808 1854
f 1818 1855 1809
f 1818 1858 1855
f 1856 1812 1813
f 1856 1859 1812
f 1856 1813 1810
f 1861 1814 1815
f 1857 1861 1815
f 1860 1857 1815
f 1814 1862 1817
f 1861 1862 1814
f 1909 1863 1817
f 1862 1909 1817
f 1865 1864 1863
f 1865 1863 1909
f 1865 1858 1864
f 1858 1818 1864
f 1812 1859 1867
f 1866 1812 1867
f 1823 1869 1860
f 1815 1823 1860
f 1821 1866 1867
f 1868 1827 1821
f 1867 1868 1821
f 1869 1827 1868
f 1870 1827 1869
f 1870 1869 1823
f 1829 1827 1870
f 1872 1787 1832
f 1872 1911 1787
f 1873 1832 1833
f 1873 1872 1832
f 1875 1874 1835
f 1874 1833 1835
f 1874 1873 1833
f 1875 1876 1874
f 1877 1834 1871
f 1876 1875 1878
f 1875 1838 1878
f 1838 1880 1878
f 1838 1875 1835
f 1879 1836 1834
f 1877 1879 1834
f 1880 1838 1881
f 1882 1840 1836
f 1836 1879 1882
f 1881 1838 1841
f 1881 1841 1883
f 1882 1884 1840
f 1882 1885 1884
f 1843 1883 1841
f 1843 1886 1883
f 1885 1844 1884
f 1845 1890 1843
f 1890 1886 1843
f 1887 1846 1844
f 1885 1887 1844
f 1890 1845 1847
f 1887 1888 1848
f 1887 1848 1846
f 1889 1888 1887
f 1890 1847 1851
f 1891 1849 1888
f 1888 1849 1848
f 1888 1889 1891
f 1890 1851 1892
f 1894 1893 1891
f 1893 1849 1891
f 1893 1850 1849
f 1892 1851 1895
f 1893 1852 1850
f 1851 1896 1895
f 1853 1896 1851
f 1893 1854 1852
f 1897 1854 1893
f 1898 1853 1855
f 1898 1896 1853
f 1854 1900 1856
f 1856 1900 1899
f 1854 1897 1901
f 1900 1854 1901
f 1902 1900 1901
f 1901 1857 1902
f 1903 1857 1901
f 1903 1936 1857
f 1905 1904 1855
f 1858 1905 1855
f 1855 1904 1898
f 1906 1859 1899
f 1899 1859 1856
f 1906 1899 1900
f 1907 1900 1902
f 1906 1900 1907
f 1860 1907 1857
f 1857 1907 1902
f 1936 1861 1857
f 1908 1861 1936
f 1908 1862 1861
f 1908 1909 1862
f 1858 1865 1905
f 1906 1867 1859
f 1867 1906 1868
f 1868 1907 1869
f 1868 1906 1907
f 1869 1907 1860
f 1911 1913 1912
f 1911 1872 1913
f 1914 1872 1873
f 1914 1913 1872
f 1914 1874 1910
f 1873 1874 1914
f 1910 1874 1876
f 1910 1876 1942
f 1915 1942 1876
f 1912 1916 1911
f 1916 1871 1911
f 1916 1877 1871
f 1915 1876 1878
f 1880 1915 1878
f 1917 1915 1880
f 1948 1879 1877
f 1916 1948 1877
f 1917 1880 1881
f 1917 1881 1918
f 1919 1882 1879
f 1879 1948 1919
f 1918 1881 1920
f 1881 1883 1920
f 1883 1886 1920
f 1954 1882 1919
f 1954 1885 1882
f 1921 1885 1954
f 1890 1923 1886
f 1885 1921 1922
f 1887 1885 1922
f 1889 1887 1922
f 1962 1924 1889
f 1922 1962 1889
f 1890 1928 1923
f 1925 1891 1889
f 1926 1925 1889
f 1924 1926 1889
f 1892 1928 1890
f 1891 1925 1894
f 1925 1927 1894
f 1925 1926 1927
f 1895 1928 1892
f 1930 1929 1894
f 1929 1893 1894
f 1930 1894 1927
f 1896 1931 1895
f 1931 1928 1895
f 1929 1897 1893
f 1932 1897 1929
f 1898 1933 1896
f 1931 1896 1933
f 1932 1934 1897
f 1897 1934 1901
f 1903 1934 1935
f 1901 1934 1903
f 1936 1903 1935
f 1937 1904 1905
f 1898 1904 1933
f 1904 1938 1933
f 1904 1937 1938
f 1936 1935 1978
f 1978 1908 1936
f 1978 1939 1908
f 1908 1940 1909
f 1939 1940 1908
f 1909 1941 1865
f 1940 1941 1909
f 1905 1865 1937
f 1937 1865 1941
f 1913 1943 1912
f 1914 1943 1913
f 1944 1914 1910
f 1944 1910 1942
f 1944 1942 1945
f 1946 1945 1915
f 1945 1942 1915
f 1912 1947 1916
f 1912 1943 1947
f 1946 1915 1949
f 1917 1949 1915
f 1947 1948 1916
f 1918 1949 1917
f 1950 1949 1918
f 1950 1918 1951
f 1952 1919 1948
f 1886 1956 1920
f 1951 1918 1953
f 1918 1956 1953
f 1918 1920 1956
f 1955 1954 1919
f 1952 1955 1919
f 1923 1956 1886
f 1956 1957 1953
f 1958 1921 1954
f 1958 1954 1955
f 1923 1959 1956
f 1957 1959 1960
f 1957 1956 1959
f 1958 1961 1921
f 1921 1961 1922
f 1922 1963 1962
f 1961 1963 1922
f 1964 1962 1963
f 1960 1959 1965
f 1964 1924 1962
f 2000 1924 1964
f 1928 1959 1923
f 1965 1959 1966
f 1966 1959 1928
f 1924 1967 1926
f 2000 1967 1924
f 1968 1927 1926
f 1968 1926 1967
f 1966 1928 1969
f 1971 1970 1930
f 1930 1970 1929
f 1972 1930 1927
f 1972 1971 1930
f 1927 1968 1972
f 1928 1973 1969
f 1931 1973 1928
f 1970 1932 1929
f 1974 1932 1970
f 1933 1973 1931
f 1933 1975 1973
f 1974 1976 1932
f 1932 1976 1934
f 1934 1977 1935
f 1976 1977 1934
f 1979 1978 1935
f 1979 1935 1977
f 2015 1978 1979
f 1937 1980 1983
f 1984 1938 1937
f 1984 1937 1983
f 1984 1933 1938
f 1984 1975 1933
f 2015 1939 1978
f 1939 1982 1940
f 2015 1982 1939
f 1980 1941 1981
f 1941 1982 1981
f 1941 1940 1982
f 1941 1980 1937
f 1943 1914 1985
f 1944 1985 1914
f 2022 1944 1945
f 1945 1946 2022
f 2022 1946 1986
f 2024 1947 1943
f 1987 2024 1943
f 1987 1943 1985
f 1986 1949 1988
f 1946 1949 1986
f 1949 1989 1988
f 2024 1990 1947
f 1990 1948 1947
f 1949 1950 1989
f 1950 1951 1989
f 1990 1952 1948
f 2029 1952 1990
f 1991 1951 1953
f 2029 1955 1952
f 1992 1955 2029
f 1991 1953 1957
f 1991 1957 1994
f 1958 1955 1992
f 1958 1992 1993
f 1994 1960 1995
f 1994 1957 1960
f 1958 1993 1961
f 1961 1996 1963
f 1993 1996 1961
f 1997 1998 1964
f 1963 1997 1964
f 1996 1997 1963
f 1965 1999 1995
f 1965 1995 1960
f 1998 2000 1964
f 1965 2001 1999
f 1966 2001 1965
f 2002 1967 2000
f 2000 1998 2003
f 2000 2003 2002
f 1966 2004 2001
f 1967 2002 1968
f 2002 2005 1968
f 2002 2006 2005
f 2002 2003 2006
f 1969 2004 1966
f 1972 2007 1971
f 1968 2005 1972
f 2005 2007 1972
f 2007 2005 2006
f 2006 2003 2008
f 1973 2009 1969
f 2010 1974 1971
f 1971 1974 1970
f 2010 1971 2007
f 2010 2007 2011
f 2012 2007 2006
f 2011 2007 2012
f 2006 2008 2013
f 2012 2006 2013
f 1975 2014 1973
f 2009 1973 2014
f 2010 1976 1974
f 1976 2010 1977
f 1977 2010 1979
f 1979 2010 2011
f 1979 2011 2015
f 2011 2012 2015
f 1982 2012 2013
f 2015 2012 1982
f 2047 1980 1981
f 2013 2047 1981
f 1982 2013 1981
f 2016 1983 1980
f 2047 2016 1980
f 2053 1983 2016
f 2018 2017 2014
f 1975 2018 2014
f 1984 2018 1975
f 2053 1984 1983
f 2018 1984 2053
f 2020 2019 1985
f 2021 1985 1944
f 2021 2020 1985
f 2022 2021 1944
f 2022 1986 2023
f 1987 2025 2024
f 1987 2019 2025
f 1987 1985 2019
f 2026 2023 1986
f 2026 1986 1988
f 2027 2026 1989
f 2026 1988 1989
f 2025 1990 2024
f 2025 2065 1990
f 1989 2028 2027
f 1989 1951 2028
f 2065 2029 1990
f 1991 2028 1951
f 1991 2030 2028
f 2068 1992 2029
f 2030 1994 2031
f 1991 1994 2030
f 1992 2032 1993
f 2068 2032 1992
f 1994 1995 2031
f 1995 2033 2031
f 2032 2034 1993
f 2034 1996 1993
f 1997 2034 2035
f 1996 2034 1997
f 2035 1998 1997
f 1999 2033 1995
f 1999 2036 2033
f 1998 2035 2037
f 2001 2038 1999
f 2038 2036 1999
f 2037 2003 1998
f 2039 2003 2037
f 2004 2040 2001
f 2038 2001 2040
f 2004 2041 2040
f 1969 2041 2004
f 2039 2008 2003
f 2042 2008 2039
f 2009 2041 1969
f 2009 2043 2041
f 2013 2008 2044
f 2008 2045 2044
f 2008 2042 2045
f 2046 2013 2044
f 2046 2047 2013
f 2049 2048 2047
f 2049 2047 2046
f 2049 2050 2048
f 2052 2051 2050
f 2052 2050 2049
f 2052 2043 2051
f 2043 2014 2051
f 2043 2009 2014
f 2016 2047 2048
f 2016 2048 2053
f 2048 2050 2053
f 2018 2053 2017
f 2053 2051 2017
f 2053 2050 2051
f 2017 2051 2014
f 2019 2020 2054
f 2055 2054 2020
f 2021 2056 2020
f 2020 2056 2055
f 2021 2057 2056
f 2021 2022 2057
f 2022 2023 2057
f 2059 2058 2025
f 2059 2019 2054
f 2025 2019 2059
f 2060 2055 2056
f 2060 2056 2061
f 2062 2057 2023
f 2062 2023 2026
f 2063 2026 2027
f 2063 2062 2026
f 2027 2064 2063
f 2058 2065 2025
f 2028 2064 2027
f 2028 2066 2064
f 2102 2029 2065
f 2030 2066 2028
f 2030 2067 2066
f 2102 2068 2029
f 2030 2031 2069
f 2067 2030 2069
f 2105 2032 2068
f 2031 2033 2069
f 2032 2105 2034
f 2035 2034 2105
f 2035 2105 2106
f 2033 2036 2070
f 2035 2107 2037
f 2035 2106 2107
f 2038 2070 2036
f 2071 2070 2038
f 2037 2107 2076
f 2076 2107 2109
f 2076 2039 2037
f 2072 2071 2038
f 2040 2072 2038
f 2075 2074 2073
f 2075 2073 2109
f 2073 2076 2109
f 2041 2081 2040
f 2081 2077 2040
f 2077 2072 2040
f 2073 2074 2078
f 2078 2074 2079
f 2073 2080 2076
f 2073 2078 2080
f 2080 2042 2039
f 2080 2039 2076
f 2041 2082 2081
f 2043 2082 2041
f 2078 2079 2080
f 2080 2079 2083
f 2045 2042 2080
f 2084 2045 2080
f 2083 2084 2080
f 2045 2084 2044
f 2084 2046 2044
f 2046 2085 2049
f 2084 2085 2046
f 2085 2086 2049
f 2052 2086 2087
f 2049 2086 2052
f 2087 2088 2052
f 2088 2043 2052
f 2088 2082 2043
f 2087 2089 2088
f 2092 2091 2055
f 2091 2054 2055
f 2091 2090 2054
f 2094 2093 2092
f 2092 2093 2091
f 2056 2057 2094
f 2057 2093 2094
f 2057 2095 2093
f 2062 2095 2057
f 2062 2096 2095
f 2058 2059 2097
f 2059 2098 2097
f 2059 2054 2090
f 2059 2090 2098
f 2060 2092 2055
f 2092 2060 2061
f 2092 2061 2094
f 2094 2061 2056
f 2062 2063 2096
f 2063 2064 2096
f 2064 2099 2096
f 2100 2058 2097
f 2065 2058 2100
f 2099 2066 2101
f 2064 2066 2099
f 2100 2102 2065
f 2067 2104 2101
f 2067 2101 2066
f 2103 2068 2102
f 2069 2104 2067
f 2103 2105 2068
f 2033 2131 2069
f 2131 2104 2069
f 2070 2131 2033
f 2070 2108 2131
f 2071 2108 2070
f 2072 2110 2071
f 2110 2108 2071
f 2074 2075 2111
f 2075 2112 2111
f 2075 2109 2112
f 2077 2115 2072
f 2110 2072 2115
f 2113 2074 2111
f 2079 2074 2113
f 2114 2081 2082
f 2077 2081 2115
f 2081 2114 2115
f 2113 2116 2079
f 2079 2117 2083
f 2116 2117 2079
f 2083 2117 2084
f 2117 2085 2084
f 2085 2145 2086
f 2087 2086 2145
f 2087 2145 2146
f 2088 2114 2082
f 2088 2118 2114
f 2146 2119 2087
f 2087 2119 2089
f 2088 2089 2118
f 2118 2089 2119
f 2090 2121 2120
f 2090 2091 2121
f 2151 2091 2093
f 2151 2121 2091
f 2151 2093 2095
f 2122 2151 2095
f 2122 2096 2123
f 2122 2095 2096
f 2125 2124 2097
f 2126 2097 2098
f 2126 2125 2097
f 2098 2090 2120
f 2126 2098 2120
f 2096 2099 2123
f 2099 2127 2123
f 2099 2129 2127
f 2097 2124 2128
f 2128 2100 2097
f 2101 2129 2099
f 2100 2128 2157
f 2102 2100 2157
f 2104 2129 2101
f 2104 2130 2129
f 2157 2103 2102
f 2132 2103 2157
f 2130 2104 2131
f 2132 2105 2103
f 2132 2134 2105
f 2106 2105 2134
f 2106 2134 2203
f 2108 2133 2131
f 2108 2169 2133
f 2203 2107 2106
f 2135 2107 2203
f 2108 2136 2169
f 2135 2109 2107
f 2137 2109 2135
f 2110 2136 2108
f 2111 2139 2138
f 2111 2112 2139
f 2112 2109 2137
f 2112 2137 2139
f 2115 2140 2110
f 2138 2113 2111
f 2178 2113 2138
f 2114 2141 2142
f 2140 2114 2142
f 2115 2114 2140
f 2113 2178 2116
f 2116 2143 2117
f 2178 2143 2116
f 2143 2144 2117
f 2117 2144 2085
f 2144 2145 2085
f 2145 2147 2146
f 2147 2148 2141
f 2118 2147 2141
f 2114 2118 2141
f 2146 2147 2118
f 2141 2148 2142
f 2119 2146 2118
f 2120 2121 2149
f 2121 2150 2149
f 2151 2150 2121
f 2152 2151 2122
f 2185 2122 2123
f 2185 2152 2122
f 2125 2153 2124
f 2154 2125 2126
f 2154 2120 2149
f 2126 2120 2154
f 2155 2185 2123
f 2127 2155 2123
f 2127 2129 2155
f 2155 2129 2156
f 2153 2128 2124
f 2191 2128 2153
f 2129 2159 2156
f 2128 2158 2157
f 2128 2191 2158
f 2130 2131 2159
f 2129 2130 2159
f 2157 2158 2160
f 2160 2158 2161
f 2160 2132 2157
f 2164 2163 2161
f 2163 2160 2161
f 2163 2165 2160
f 2165 2132 2160
f 2162 2133 2166
f 2131 2133 2162
f 2163 2164 2167
f 2168 2165 2167
f 2165 2163 2167
f 2165 2168 2132
f 2168 2134 2132
f 2168 2202 2134
f 2203 2134 2202
f 2169 2166 2133
f 2170 2166 2169
f 2206 2135 2203
f 2170 2169 2171
f 2171 2169 2136
f 2137 2206 2172
f 2135 2206 2137
f 2110 2173 2136
f 2136 2173 2171
f 2174 2138 2139
f 2175 2137 2172
f 2175 2174 2139
f 2137 2175 2139
f 2177 2176 2140
f 2176 2173 2140
f 2173 2110 2140
f 2174 2178 2138
f 2174 2175 2212
f 2178 2174 2212
f 2142 2177 2140
f 2215 2177 2142
f 2143 2178 2212
f 2179 2143 2212
f 2179 2144 2143
f 2179 2180 2144
f 2144 2180 2145
f 2145 2181 2147
f 2180 2181 2145
f 2147 2215 2148
f 2181 2215 2147
f 2142 2148 2215
f 2149 2150 2182
f 2183 2150 2151
f 2184 2183 2151
f 2184 2152 2187
f 2184 2151 2152
f 2152 2185 2187
f 2186 2226 2125
f 2125 2226 2153
f 2186 2125 2154
f 2154 2149 2182
f 2186 2154 2182
f 2187 2185 2188
f 2155 2188 2185
f 2189 2188 2155
f 2155 2156 2189
f 2189 2156 2190
f 2226 2191 2153
f 2190 2159 2192
f 2156 2159 2190
f 2193 2158 2191
f 2131 2192 2159
f 2131 2194 2192
f 2197 2196 2195
f 2193 2196 2197
f 2161 2193 2197
f 2158 2193 2161
f 2162 2194 2131
f 2162 2198 2194
f 2199 2195 2240
f 2197 2199 2164
f 2195 2199 2197
f 2197 2164 2161
f 2162 2166 2204
f 2198 2162 2204
f 2240 2200 2199
f 2167 2164 2199
f 2201 2167 2199
f 2200 2201 2199
f 2201 2168 2167
f 2202 2168 2201
f 2202 2246 2203
f 2166 2205 2204
f 2166 2170 2205
f 2203 2246 2206
f 2206 2246 2207
f 2171 2205 2170
f 2171 2208 2205
f 2206 2207 2172
f 2207 2209 2172
f 2211 2171 2173
f 2211 2208 2171
f 2175 2172 2209
f 2175 2209 2303
f 2177 2210 2176
f 2210 2217 2176
f 2176 2217 2173
f 2217 2211 2173
f 2175 2218 2212
f 2175 2303 2218
f 2216 2215 2214
f 2216 2217 2210
f 2215 2216 2210
f 2177 2215 2210
f 2218 2179 2212
f 2218 2219 2179
f 2258 2180 2219
f 2180 2179 2219
f 2180 2258 2213
f 2180 2213 2214
f 2180 2214 2181
f 2181 2214 2215
f 2182 2150 2220
f 2150 2221 2220
f 2222 2150 2183
f 2222 2221 2150
f 2223 2183 2184
f 2223 2222 2183
f 2224 2184 2187
f 2224 2223 2184
f 2187 2225 2224
f 2227 2226 2186
f 2228 2227 2186
f 2228 2182 2220
f 2186 2182 2228
f 2187 2188 2225
f 2188 2229 2225
f 2189 2229 2188
f 2189 2190 2229
f 2229 2190 2231
f 2230 2191 2226
f 2231 2190 2192
f 2231 2192 2232
f 2230 2193 2191
f 2285 2193 2230
f 2194 2234 2233
f 2232 2194 2233
f 2192 2194 2232
f 2234 2239 2233
f 2237 2236 2195
f 2285 2195 2196
f 2285 2237 2195
f 2196 2193 2285
f 2198 2238 2234
f 2198 2234 2194
f 2234 2238 2239
f 2235 2239 2243
f 2236 2241 2240
f 2195 2236 2240
f 2204 2238 2198
f 2238 2242 2239
f 2238 2204 2242
f 2243 2239 2242
f 2241 2244 2240
f 2244 2200 2240
f 2244 2245 2200
f 2200 2291 2201
f 2245 2291 2200
f 2202 2291 2246
f 2201 2291 2202
f 2247 2204 2205
f 2242 2204 2247
f 2243 2242 2250
f 2250 2242 2247
f 2249 2246 2248
f 2207 2246 2249
f 2251 2250 2247
f 2205 2251 2247
f 2208 2251 2205
f 2249 2209 2207
f 2252 2209 2249
f 2254 2211 2253
f 2254 2251 2211
f 2251 2208 2211
f 2303 2209 2252
f 2255 2260 2253
f 2217 2255 2253
f 2217 2253 2211
f 2256 2218 2303
f 2258 2219 2257
f 2258 2259 2213
f 2213 2259 2214
f 2259 2260 2214
f 2255 2216 2260
f 2216 2214 2260
f 2216 2255 2217
f 2256 2261 2218
f 2219 2261 2257
f 2219 2218 2261
f 2266 2265 2263
f 2263 2265 2264
f 2265 2266 2262
f 2266 2267 2262
f 2263 2264 2268
f 2268 2264 2269
f 2263 2270 2266
f 2263 2268 2270
f 2272 2267 2271
f 2267 2270 2271
f 2267 2266 2270
f 2273 2220 2274
f 2220 2275 2274
f 2220 2221 2275
f 2222 2268 2269
f 2275 2222 2269
f 2221 2222 2275
f 2268 2222 2223
f 2268 2223 2270
f 2276 2271 2270
f 2223 2276 2270
f 2224 2276 2223
f 2276 2225 2280
f 2276 2224 2225
f 2278 2277 2227
f 2227 2277 2226
f 2279 2227 2228
f 2279 2278 2227
f 2228 2220 2273
f 2279 2228 2273
f 2229 2280 2225
f 2281 2280 2229
f 2281 2229 2231
f 2230 2277 2282
f 2226 2277 2230
f 2233 2283 2232
f 2232 2283 2231
f 2283 2281 2231
f 2233 2284 2283
f 2285 2282 2286
f 2285 2230 2282
f 2233 2239 2284
f 2239 2235 2284
f 2235 2288 2284
f 2237 2287 2236
f 2237 2285 2286
f 2243 2288 2235
f 2241 2236 2287
f 2241 2287 2289
f 2243 2290 2288
f 2241 2289 2244
f 2245 2289 2338
f 2244 2289 2245
f 2291 2245 2338
f 2250 2290 2243
f 2250 2294 2290
f 2291 2338 2292
f 2292 2293 2248
f 2291 2292 2248
f 2246 2291 2248
f 2293 2249 2248
f 2295 2294 2250
f 2295 2250 2251
f 2296 2249 2293
f 2252 2249 2296
f 2299 2298 2297
f 2301 2300 2298
f 2301 2298 2299
f 2301 2253 2300
f 2348 2253 2301
f 2253 2302 2254
f 2348 2302 2253
f 2251 2254 2295
f 2295 2254 2302
f 2303 2252 2296
f 2298 2304 2297
f 2304 2298 2260
f 2260 2298 2300
f 2260 2300 2253
f 2305 2256 2303
f 2305 2306 2257
f 2257 2307 2258
f 2306 2307 2257
f 2259 2307 2304
f 2259 2258 2307
f 2259 2304 2260
f 2256 2305 2261
f 2257 2261 2305
f 2262 2310 2309
f 2311 2310 2262
f 2310 2311 2308
f 2311 2312 2308
f 2313 2308 2312
f 2315 2314 2264
f 2315 2265 2309
f 2264 2265 2315
f 2309 2265 2262
f 2267 2316 2311
f 2267 2311 2262
f 2312 2316 2317
f 2312 2311 2316
f 2312 2317 2313
f 2314 2269 2264
f 2318 2269 2314
f 2319 2272 2271
f 2267 2272 2316
f 2272 2320 2316
f 2272 2319 2320
f 2316 2320 2317
f 2318 2321 2275
f 2275 2321 2274
f 2275 2269 2318
f 2322 2319 2271
f 2322 2271 2276
f 2323 2276 2280
f 2323 2322 2276
f 2280 2324 2323
f 2280 2325 2324
f 2279 2367 2278
f 2279 2326 2367
f 2279 2273 2326
f 2273 2274 2321
f 2273 2321 2326
f 2280 2281 2325
f 2283 2327 2281
f 2327 2325 2281
f 2329 2328 2282
f 2329 2282 2277
f 2330 2329 2277
f 2278 2330 2277
f 2330 2278 2367
f 2283 2331 2327
f 2284 2331 2283
f 2333 2332 2328
f 2332 2286 2328
f 2286 2282 2328
f 2333 2328 2329
f 2288 2331 2284
f 2288 2334 2331
f 2335 2287 2332
f 2287 2237 2332
f 2332 2237 2286
f 2288 2336 2334
f 2337 2287 2335
f 2287 2337 2289
f 2290 2336 2288
f 2339 2338 2289
f 2337 2339 2289
f 2290 2294 2340
f 2339 2342 2338
f 2342 2292 2338
f 2292 2343 2293
f 2342 2343 2292
f 2341 2340 2294
f 2295 2341 2294
f 2349 2341 2295
f 2345 2296 2293
f 2343 2345 2293
f 2389 2297 2347
f 2299 2389 2344
f 2299 2297 2389
f 2391 2299 2344
f 2391 2301 2299
f 2391 2348 2301
f 2348 2349 2302
f 2295 2302 2349
f 2303 2296 2345
f 2346 2303 2345
f 2350 2303 2346
f 2304 2351 2347
f 2304 2347 2297
f 2305 2303 2350
f 2350 2306 2305
f 2351 2306 2350
f 2304 2307 2351
f 2307 2306 2351
f 2308 2353 2352
f 2353 2308 2354
f 2356 2355 2309
f 2400 2309 2310
f 2400 2356 2309
f 2310 2352 2400
f 2352 2310 2308
f 2313 2354 2308
f 2313 2357 2354
f 2355 2358 2315
f 2315 2358 2314
f 2315 2309 2355
f 2360 2317 2359
f 2313 2317 2357
f 2357 2317 2360
f 2318 2358 2361
f 2314 2358 2318
f 2320 2362 2359
f 2320 2319 2362
f 2320 2359 2317
f 2361 2321 2318
f 2361 2363 2321
f 2365 2362 2319
f 2365 2319 2322
f 2365 2323 2364
f 2365 2322 2323
f 2324 2366 2323
f 2323 2366 2364
f 2324 2325 2366
f 2326 2415 2367
f 2326 2368 2415
f 2326 2321 2363
f 2326 2363 2368
f 2413 2365 2364
f 2413 2364 2366
f 2413 2366 2369
f 2366 2370 2369
f 2325 2370 2366
f 2327 2370 2325
f 2329 2330 2371
f 2330 2372 2371
f 2372 2367 2415
f 2330 2367 2372
f 2327 2373 2370
f 2331 2373 2327
f 2418 2374 2332
f 2418 2332 2333
f 2418 2333 2371
f 2371 2333 2329
f 2375 2376 2373
f 2331 2375 2373
f 2334 2375 2331
f 2335 2332 2374
f 2335 2374 2425
f 2334 2336 2375
f 2336 2377 2375
f 2377 2376 2375
f 2335 2425 2379
f 2379 2337 2335
f 2290 2378 2377
f 2290 2377 2336
f 2379 2339 2337
f 2379 2380 2339
f 2340 2341 2382
f 2383 2340 2382
f 2290 2340 2378
f 2340 2384 2378
f 2340 2383 2384
f 2380 2342 2339
f 2434 2342 2380
f 2434 2343 2342
f 2386 2385 2343
f 2434 2386 2343
f 2387 2385 2386
f 2390 2389 2388
f 2389 2390 2381
f 2344 2389 2381
f 2481 2391 2344
f 2381 2481 2344
f 2440 2392 2391
f 2440 2391 2481
f 2392 2440 2382
f 2349 2392 2382
f 2341 2349 2382
f 2385 2345 2343
f 2345 2385 2346
f 2385 2393 2346
f 2385 2387 2393
f 2394 2387 2445
f 2393 2387 2394
f 2446 2395 2394
f 2446 2394 2445
f 2395 2446 2388
f 2347 2395 2388
f 2347 2388 2389
f 2348 2391 2392
f 2348 2392 2349
f 2396 2350 2393
f 2393 2350 2346
f 2397 2393 2394
f 2396 2393 2397
f 2397 2395 2351
f 2397 2394 2395
f 2351 2395 2347
f 2350 2396 2351
f 2351 2396 2397
f 2400 2399 2398
f 2352 2399 2400
f 2352 2401 2399
f 2402 2352 2353
f 2402 2401 2352
f 2353 2354 2402
f 2402 2354 2403
f 2404 2355 2398
f 2355 2356 2398
f 2398 2356 2400
f 2403 2357 2408
f 2354 2357 2403
f 2404 2358 2355
f 2404 2405 2358
f 2407 2359 2406
f 2360 2359 2407
f 2357 2360 2408
f 2360 2407 2408
f 2358 2456 2361
f 2405 2456 2358
f 2362 2409 2359
f 2409 2410 2359
f 2359 2410 2406
f 2456 2411 2361
f 2411 2363 2361
f 2413 2412 2365
f 2412 2409 2365
f 2409 2362 2365
f 2413 2414 2412
f 2368 2416 2415
f 2368 2363 2411
f 2413 2369 2414
f 2370 2417 2369
f 2417 2414 2369
f 2418 2420 2419
f 2418 2371 2420
f 2420 2372 2415
f 2371 2372 2420
f 2373 2421 2370
f 2421 2417 2370
f 2422 2374 2418
f 2418 2419 2423
f 2470 2418 2423
f 2422 2418 2470
f 2376 2424 2373
f 2424 2421 2373
f 2374 2422 2425
f 2422 2426 2425
f 2427 2422 2470
f 2426 2422 2427
f 2428 2424 2376
f 2377 2428 2376
f 2428 2377 2429
f 2430 2425 2426
f 2379 2425 2430
f 2431 2426 2427
f 2430 2426 2431
f 2432 2470 2473
f 2427 2470 2432
f 2378 2429 2377
f 2378 2433 2429
f 2379 2430 2380
f 2380 2430 2431
f 2380 2431 2434
f 2431 2427 2434
f 2436 2427 2432
f 2434 2427 2436
f 2436 2432 2435
f 2437 2436 2435
f 2439 2381 2438
f 2439 2481 2381
f 2441 2440 2481
f 2383 2382 2440
f 2441 2383 2440
f 2442 2383 2441
f 2442 2443 2383
f 2384 2443 2444
f 2383 2443 2384
f 2444 2378 2384
f 2444 2433 2378
f 2386 2434 2436
f 2386 2436 2387
f 2387 2436 2445
f 2436 2437 2445
f 2446 2437 2484
f 2445 2437 2446
f 2484 2388 2446
f 2486 2388 2484
f 2390 2486 2438
f 2390 2388 2486
f 2390 2438 2381
f 2447 2450 2398
f 2448 2398 2399
f 2448 2447 2398
f 2401 2448 2399
f 2450 2449 2404
f 2404 2398 2450
f 2451 2403 2408
f 2451 2408 2452
f 2405 2449 2453
f 2404 2449 2405
f 2407 2406 2459
f 2455 2407 2459
f 2408 2407 2455
f 2452 2408 2455
f 2456 2453 2457
f 2456 2405 2453
f 2409 2454 2410
f 2458 2454 2409
f 2454 2459 2410
f 2406 2410 2459
f 2457 2411 2456
f 2457 2509 2411
f 2409 2412 2460
f 2461 2409 2460
f 2458 2409 2461
f 2412 2414 2460
f 2416 2462 2415
f 2416 2463 2462
f 2416 2368 2463
f 2368 2411 2509
f 2368 2509 2463
f 2460 2414 2464
f 2417 2464 2414
f 2465 2464 2417
f 2465 2417 2468
f 2466 2419 2420
f 2466 2420 2415
f 2467 2466 2415
f 2467 2415 2462
f 2468 2417 2421
f 2468 2421 2469
f 2466 2423 2419
f 2471 2470 2423
f 2466 2471 2423
f 2521 2470 2471
f 2472 2421 2424
f 2469 2421 2472
f 2521 2474 2473
f 2470 2521 2473
f 2475 2473 2474
f 2476 2472 2424
f 2428 2476 2424
f 2477 2476 2428
f 2428 2429 2477
f 2473 2478 2432
f 2473 2475 2478
f 2475 2527 2478
f 2482 2481 2480
f 2433 2477 2429
f 2433 2483 2477
f 2478 2435 2432
f 2527 2435 2478
f 2527 2437 2435
f 2485 2484 2437
f 2527 2485 2437
f 2529 2486 2484
f 2529 2484 2485
f 2486 2529 2479
f 2438 2486 2479
f 2438 2479 2439
f 2439 2479 2480
f 2439 2480 2481
f 2482 2487 2481
f 2487 2441 2481
f 2441 2488 2442
f 2487 2488 2441
f 2443 2488 2489
f 2442 2488 2443
f 2489 2444 2443
f 2444 2483 2433
f 2444 2490 2483
f 2489 2491 2444
f 2491 2492 2444
f 2492 2490 2444
f 2450 2447 2493
f 2447 2494 2493
f 2448 2494 2447
f 2495 2448 2401
f 2496 2401 2402
f 2496 2495 2401
f 2402 2403 2496
f 2497 2449 2493
f 2449 2450 2493
f 2498 2496 2403
f 2498 2403 2451
f 2500 2499 2452
f 2499 2451 2452
f 2499 2498 2451
f 2497 2501 2453
f 2497 2453 2449
f 2459 2502 2455
f 2500 2452 2455
f 2502 2500 2455
f 2503 2500 2502
f 2501 2457 2453
f 2504 2457 2501
f 2454 2458 2505
f 2505 2506 2459
f 2454 2505 2459
f 2506 2502 2459
f 2507 2502 2506
f 2502 2513 2503
f 2502 2507 2513
f 2508 2503 2513
f 2504 2509 2457
f 2461 2510 2458
f 2506 2511 2507
f 2507 2511 2512
f 2507 2512 2513
f 2463 2514 2462
f 2463 2509 2514
f 2461 2460 2516
f 2515 2461 2516
f 2510 2461 2515
f 2464 2516 2460
f 2464 2465 2516
f 2517 2466 2467
f 2517 2467 2518
f 2467 2462 2518
f 2462 2514 2518
f 2519 2516 2465
f 2519 2465 2468
f 2520 2519 2468
f 2468 2469 2520
f 2517 2471 2466
f 2518 2521 2471
f 2517 2518 2471
f 2572 2521 2518
f 2525 2522 2472
f 2522 2520 2472
f 2520 2469 2472
f 2572 2474 2521
f 2572 2475 2474
f 2524 2523 2475
f 2572 2524 2475
f 2476 2525 2472
f 2526 2525 2476
f 2526 2477 2532
f 2526 2476 2477
f 2523 2527 2475
f 2523 2524 2578
f 2528 2523 2578
f 2527 2523 2528
f 2529 2528 2578
f 2530 2479 2529
f 2479 2530 2480
f 2480 2582 2482
f 2530 2582 2480
f 2482 2582 2531
f 2477 2534 2532
f 2477 2483 2534
f 2485 2527 2528
f 2485 2528 2529
f 2531 2533 2482
f 2482 2533 2487
f 2487 2533 2488
f 2533 2489 2488
f 2490 2535 2534
f 2483 2490 2534
f 2535 2536 2534
f 2588 2590 2489
f 2533 2588 2489
f 2590 2491 2489
f 2492 2537 2535
f 2492 2535 2490
f 2536 2535 2538
f 2538 2535 2537
f 2590 2539 2491
f 2537 2492 2491
f 2539 2537 2491
f 2540 2537 2539
f 2538 2537 2541
f 2541 2537 2540
f 2540 2539 2542
f 2540 2542 2541
f 2544 2493 2494
f 2544 2543 2493
f 2544 2494 2448
f 2495 2544 2448
f 2545 2495 2496
f 2497 2493 2543
f 2497 2543 2546
f 2547 2545 2496
f 2547 2496 2498
f 2548 2498 2499
f 2548 2547 2498
f 2550 2549 2500
f 2549 2499 2500
f 2549 2548 2499
f 2550 2551 2549
f 2546 2501 2497
f 2552 2501 2546
f 2503 2553 2550
f 2503 2550 2500
f 2550 2554 2551
f 2550 2553 2554
f 2555 2551 2554
f 2504 2552 2556
f 2504 2501 2552
f 2557 2505 2458
f 2506 2505 2557
f 2508 2558 2553
f 2508 2553 2503
f 2553 2559 2554
f 2553 2558 2559
f 2555 2554 2565
f 2565 2554 2559
f 2560 2504 2556
f 2560 2509 2504
f 2510 2557 2458
f 2510 2561 2557
f 2557 2562 2506
f 2506 2562 2511
f 2512 2563 2513
f 2511 2563 2512
f 2513 2563 2508
f 2563 2564 2508
f 2564 2558 2508
f 2565 2559 2564
f 2559 2558 2564
f 2514 2509 2560
f 2514 2560 2618
f 2515 2561 2510
f 2515 2566 2561
f 2514 2618 2567
f 2518 2514 2567
f 2568 2518 2567
f 2569 2566 2515
f 2569 2515 2516
f 2571 2516 2519
f 2571 2569 2516
f 2571 2519 2570
f 2519 2520 2570
f 2518 2568 2572
f 2574 2568 2573
f 2572 2568 2574
f 2575 2574 2573
f 2576 2571 2570
f 2525 2577 2522
f 2577 2570 2522
f 2570 2520 2522
f 2577 2576 2570
f 2524 2572 2574
f 2574 2578 2524
f 2574 2575 2578
f 2580 2575 2579
f 2578 2575 2580
f 2628 2580 2579
f 2581 2577 2525
f 2583 2581 2526
f 2581 2525 2526
f 2529 2578 2580
f 2628 2529 2580
f 2628 2530 2529
f 2628 2633 2530
f 2633 2582 2530
f 2531 2582 2635
f 2583 2526 2532
f 2584 2583 2532
f 2532 2534 2584
f 2584 2534 2586
f 2533 2531 2585
f 2531 2635 2585
f 2534 2536 2586
f 2586 2536 2587
f 2585 2589 2588
f 2533 2585 2588
f 2587 2538 2591
f 2536 2538 2587
f 2588 2589 2590
f 2541 2595 2591
f 2541 2591 2538
f 2589 2592 2590
f 2592 2593 2539
f 2590 2592 2539
f 2594 2542 2539
f 2594 2539 2593
f 2595 2541 2542
f 2594 2595 2542
f 2591 2595 2596
f 2592 2597 2593
f 2598 2593 2597
f 2598 2594 2593
f 2594 2599 2595
f 2594 2598 2599
f 2596 2595 2600
f 2600 2595 2599
f 2598 2597 2599
f 2599 2597 2601
f 2599 2601 2600
f 2544 2602 2543
f 2602 2544 2604
f 2604 2495 2603
f 2604 2544 2495
f 2495 2545 2603
f 2605 2546 2543
f 2605 2543 2602
f 2603 2545 2606
f 2547 2606 2545
f 2607 2606 2547
f 2607 2547 2548
f 2608 2548 2549
f 2608 2607 2548
f 2608 2549 2551
f 2655 2552 2546
f 2655 2546 2605
f 2609 2608 2551
f 2551 2610 2609
f 2551 2555 2610
f 2655 2663 2552
f 2552 2663 2556
f 2565 2610 2555
f 2565 2611 2610
f 2560 2556 2612
f 2556 2613 2612
f 2556 2663 2613
f 2561 2614 2557
f 2620 2562 2557
f 2614 2620 2557
f 2562 2620 2615
f 2665 2562 2615
f 2511 2562 2665
f 2511 2616 2563
f 2665 2616 2511
f 2564 2563 2616
f 2621 2617 2565
f 2621 2565 2564
f 2611 2565 2617
f 2612 2618 2560
f 2566 2619 2614
f 2566 2614 2561
f 2620 2614 2619
f 2616 2621 2564
f 2618 2622 2567
f 2568 2567 2622
f 2568 2622 2623
f 2569 2619 2566
f 2569 2571 2619
f 2571 2624 2619
f 2568 2623 2573
f 2573 2625 2575
f 2623 2625 2573
f 2626 2624 2571
f 2631 2626 2576
f 2626 2571 2576
f 2625 2627 2575
f 2575 2627 2579
f 2579 2629 2628
f 2627 2629 2579
f 2630 2628 2629
f 2631 2576 2577
f 2581 2631 2577
f 2632 2631 2581
f 2581 2583 2632
f 2630 2633 2628
f 2633 2634 2582
f 2635 2582 2634
f 2685 2632 2583
f 2636 2583 2584
f 2636 2685 2583
f 2636 2584 2586
f 2586 2637 2636
f 2638 2585 2635
f 2587 2639 2586
f 2639 2637 2586
f 2587 2640 2639
f 2638 2641 2585
f 2589 2585 2641
f 2642 2587 2591
f 2642 2640 2587
f 2589 2641 2692
f 2642 2591 2643
f 2644 2645 2592
f 2692 2644 2592
f 2589 2692 2592
f 2596 2698 2591
f 2591 2698 2643
f 2644 2646 2645
f 2646 2647 2597
f 2645 2646 2597
f 2592 2645 2597
f 2596 2648 2698
f 2596 2600 2648
f 2647 2649 2597
f 2649 2703 2597
f 2601 2703 2650
f 2597 2703 2601
f 2650 2600 2601
f 2650 2648 2600
f 2651 2602 2604
f 2603 2651 2604
f 2652 2651 2603
f 2653 2603 2606
f 2653 2652 2603
f 2653 2607 2658
f 2653 2606 2607
f 2607 2654 2658
f 2607 2608 2654
f 2656 2655 2605
f 2657 2656 2605
f 2657 2605 2602
f 2657 2602 2711
f 2711 2602 2651
f 2654 2608 2659
f 2609 2659 2608
f 2609 2610 2660
f 2661 2655 2662
f 2655 2661 2663
f 2655 2656 2662
f 2660 2611 2668
f 2610 2611 2660
f 2661 2612 2613
f 2661 2664 2612
f 2661 2613 2663
f 2666 2616 2665
f 2667 2617 2621
f 2611 2617 2668
f 2617 2667 2668
f 2664 2618 2612
f 2669 2618 2664
f 2670 2620 2619
f 2620 2670 2615
f 2670 2671 2615
f 2671 2665 2615
f 2716 2666 2671
f 2666 2665 2671
f 2716 2672 2621
f 2666 2716 2621
f 2616 2666 2621
f 2672 2667 2621
f 2669 2673 2618
f 2618 2673 2622
f 2622 2721 2623
f 2673 2721 2622
f 2624 2670 2619
f 2624 2674 2670
f 2675 2623 2721
f 2675 2625 2623
f 2676 2627 2625
f 2675 2676 2625
f 2728 2677 2627
f 2728 2627 2676
f 2679 2678 2677
f 2679 2677 2728
f 2730 2678 2626
f 2678 2674 2626
f 2674 2624 2626
f 2674 2678 2679
f 2730 2626 2680
f 2631 2680 2626
f 2631 2681 2680
f 2629 2627 2677
f 2677 2678 2682
f 2630 2677 2682
f 2735 2630 2682
f 2677 2630 2629
f 2682 2678 2730
f 2683 2681 2631
f 2632 2683 2631
f 2685 2684 2632
f 2684 2683 2632
f 2687 2686 2685
f 2685 2686 2684
f 2630 2735 2633
f 2633 2688 2634
f 2735 2688 2633
f 2634 2689 2635
f 2688 2689 2634
f 2685 2636 2687
f 2636 2690 2687
f 2637 2690 2636
f 2742 2635 2689
f 2742 2638 2635
f 2691 2690 2640
f 2640 2690 2639
f 2690 2637 2639
f 2641 2638 2746
f 2638 2742 2746
f 2691 2640 2642
f 2694 2691 2642
f 2692 2641 2746
f 2693 2692 2746
f 2642 2643 2694
f 2643 2695 2694
f 2693 2696 2644
f 2692 2693 2644
f 2695 2643 2700
f 2643 2698 2700
f 2696 2646 2644
f 2647 2646 2696
f 2697 2647 2696
f 2699 2647 2697
f 2698 2648 2700
f 2648 2701 2700
f 2699 2702 2647
f 2647 2702 2649
f 2702 2704 2703
f 2649 2702 2703
f 2650 2701 2648
f 2650 2705 2701
f 2703 2704 2650
f 2704 2705 2650
f 2652 2706 2651
f 2652 2653 2706
f 2757 2711 2651
f 2757 2651 2706
f 2706 2653 2707
f 2707 2653 2658
f 2708 2707 2658
f 2709 2658 2654
f 2709 2708 2658
f 2659 2709 2654
f 2710 2659 2609
f 2609 2660 2710
f 2657 2662 2656
f 2712 2710 2660
f 2712 2660 2668
f 2714 2713 2661
f 2713 2664 2661
f 2714 2661 2662
f 2718 2668 2667
f 2712 2668 2719
f 2668 2718 2719
f 2713 2669 2664
f 2715 2669 2713
f 2717 2773 2667
f 2672 2717 2667
f 2667 2773 2718
f 2673 2669 2725
f 2669 2720 2725
f 2669 2715 2720
f 2721 2673 2725
f 2674 2722 2670
f 2723 2671 2670
f 2722 2723 2670
f 2723 2731 2671
f 2731 2716 2671
f 2716 2731 2672
f 2731 2724 2672
f 2717 2672 2724
f 2721 2725 2726
f 2726 2675 2721
f 2675 2727 2676
f 2726 2727 2675
f 2676 2727 2728
f 2729 2679 2728
f 2722 2674 2679
f 2729 2722 2679
f 2730 2722 2729
f 2723 2730 2680
f 2722 2730 2723
f 2681 2731 2680
f 2731 2723 2680
f 2681 2732 2731
f 2727 2734 2728
f 2734 2736 2728
f 2729 2728 2736
f 2730 2735 2682
f 2735 2730 2737
f 2737 2730 2736
f 2729 2736 2730
f 2683 2732 2681
f 2684 2732 2683
f 2732 2686 2733
f 2684 2686 2732
f 2687 2738 2686
f 2738 2733 2686
f 2737 2739 2735
f 2739 2688 2735
f 2688 2740 2689
f 2739 2740 2688
f 2690 2738 2687
f 2738 2690 2741
f 2743 2742 2689
f 2740 2743 2689
f 2744 2690 2691
f 2741 2690 2744
f 2745 2741 2744
f 2742 2743 2747
f 2746 2742 2747
f 2694 2744 2691
f 2745 2744 2748
f 2748 2744 2694
f 2693 2746 2747
f 2749 2693 2747
f 2695 2748 2694
f 2695 2750 2748
f 2693 2749 2696
f 2697 2696 2749
f 2697 2749 2751
f 2695 2700 2752
f 2753 2695 2752
f 2750 2695 2753
f 2751 2699 2697
f 2754 2699 2751
f 2755 2753 2752
f 2701 2755 2752
f 2700 2701 2752
f 2699 2754 2702
f 2704 2702 2754
f 2704 2754 2756
f 2755 2705 2756
f 2701 2705 2755
f 2705 2704 2756
f 2757 2706 2758
f 2758 2706 2707
f 2759 2707 2708
f 2759 2758 2707
f 2760 2708 2709
f 2760 2759 2708
f 2761 2709 2659
f 2761 2760 2709
f 2761 2710 2765
f 2761 2659 2710
f 2762 2662 2657
f 2657 2763 2762
f 2657 2711 2763
f 2764 2711 2757
f 2763 2711 2764
f 2764 2757 2758
f 2766 2765 2712
f 2765 2710 2712
f 2768 2767 2714
f 2714 2767 2713
f 2769 2714 2662
f 2769 2768 2714
f 2769 2662 2762
f 2719 2766 2712
f 2770 2766 2719
f 2770 2719 2771
f 2767 2715 2713
f 2772 2715 2767
f 2774 2718 2773
f 2774 2719 2718
f 2774 2775 2719
f 2775 2771 2719
f 2772 2720 2715
f 2776 2720 2772
f 2777 2724 2731
f 2773 2717 2724
f 2777 2773 2724
f 2778 2773 2777
f 2773 2779 2774
f 2773 2778 2779
f 2774 2779 2785
f 2775 2774 2780
f 2780 2774 2785
f 2725 2720 2781
f 2720 2776 2781
f 2782 2725 2781
f 2726 2725 2782
f 2782 2819 2726
f 2727 2819 2783
f 2726 2819 2727
f 2777 2731 2732
f 2778 2732 2733
f 2777 2732 2778
f 2784 2778 2733
f 2779 2778 2784
f 2779 2784 2785
f 2780 2785 2786
f 2783 2734 2727
f 2783 2787 2734
f 2734 2787 2736
f 2737 2736 2787
f 2738 2784 2733
f 2788 2784 2738
f 2785 2784 2788
f 2786 2785 2789
f 2789 2785 2788
f 2787 2790 2737
f 2737 2790 2739
f 2790 2791 2740
f 2739 2790 2740
f 2741 2788 2738
f 2741 2789 2788
f 2741 2792 2789
f 2791 2830 2740
f 2743 2740 2830
f 2745 2792 2741
f 2745 2793 2792
f 2747 2743 2794
f 2743 2795 2794
f 2743 2830 2795
f 2748 2793 2745
f 2748 2796 2793
f 2749 2747 2794
f 2797 2749 2794
f 2795 2797 2794
f 2750 2796 2748
f 2750 2799 2796
f 2798 2800 2751
f 2798 2751 2749
f 2797 2798 2749
f 2801 2800 2798
f 2799 2753 2802
f 2799 2750 2753
f 2803 2754 2800
f 2800 2754 2751
f 2800 2801 2804
f 2805 2800 2804
f 2803 2800 2805
f 2805 2804 2802
f 2755 2805 2802
f 2755 2802 2753
f 2754 2803 2756
f 2803 2805 2756
f 2755 2756 2805
f 2758 2759 2806
f 2763 2807 2762
f 2807 2763 2764
f 2764 2758 2806
f 2807 2764 2806
f 2806 2759 2808
f 2808 2759 2760
f 2808 2760 2809
f 2809 2760 2761
f 2809 2761 2844
f 2812 2844 2765
f 2844 2761 2765
f 2766 2812 2765
f 2769 2810 2768
f 2769 2811 2810
f 2769 2762 2811
f 2762 2807 2811
f 2813 2766 2770
f 2813 2812 2766
f 2770 2771 2813
f 2813 2771 2814
f 2816 2815 2768
f 2815 2767 2768
f 2815 2772 2767
f 2816 2768 2810
f 2775 2814 2771
f 2775 2817 2814
f 2815 2776 2772
f 2818 2776 2815
f 2780 2817 2775
f 2780 2820 2817
f 2818 2781 2776
f 2859 2781 2818
f 2786 2821 2820
f 2780 2786 2820
f 2781 2822 2782
f 2781 2859 2822
f 2782 2822 2819
f 2819 2822 2823
f 2819 2823 2783
f 2823 2824 2783
f 2783 2825 2787
f 2824 2825 2783
f 2787 2825 2826
f 2789 2829 2821
f 2789 2821 2786
f 2826 2827 2787
f 2827 2790 2787
f 2827 2828 2790
f 2791 2790 2828
f 2792 2829 2789
f 2791 2831 2830
f 2791 2828 2831
f 2793 2832 2792
f 2829 2792 2832
f 2831 2833 2830
f 2795 2830 2833
f 2793 2872 2832
f 2796 2872 2793
f 2833 2834 2795
f 2795 2835 2797
f 2834 2835 2795
f 2797 2876 2798
f 2835 2876 2797
f 2799 2872 2796
f 2799 2836 2872
f 2801 2798 2876
f 2837 2801 2876
f 2840 2838 2802
f 2838 2799 2802
f 2838 2836 2799
f 2837 2839 2801
f 2801 2839 2804
f 2802 2804 2840
f 2804 2839 2840
f 2806 2842 2807
f 2807 2842 2841
f 2808 2887 2806
f 2806 2887 2842
f 2887 2808 2843
f 2808 2809 2843
f 2845 2843 2844
f 2843 2809 2844
f 2846 2810 2811
f 2807 2841 2811
f 2841 2846 2811
f 2846 2841 2847
f 2847 2842 2885
f 2841 2842 2847
f 2848 2845 2844
f 2848 2844 2812
f 2849 2848 2812
f 2850 2849 2812
f 2851 2850 2814
f 2850 2813 2814
f 2850 2812 2813
f 2810 2852 2816
f 2853 2852 2810
f 2846 2853 2810
f 2853 2846 2847
f 2851 2814 2854
f 2817 2854 2814
f 2855 2818 2816
f 2816 2818 2815
f 2855 2852 2856
f 2816 2852 2855
f 2856 2852 2853
f 2817 2820 2854
f 2820 2858 2854
f 2858 2857 2854
f 2855 2859 2818
f 2855 2856 2901
f 2855 2901 2859
f 2820 2821 2858
f 2901 2822 2859
f 2860 2823 2901
f 2823 2822 2901
f 2823 2860 2824
f 2824 2860 2861
f 2862 2863 2861
f 2863 2824 2861
f 2863 2825 2824
f 2865 2864 2826
f 2825 2865 2826
f 2863 2865 2825
f 2829 2867 2821
f 2864 2827 2826
f 2828 2827 2864
f 2866 2828 2864
f 2865 2866 2864
f 2829 2868 2867
f 2869 2828 2866
f 2831 2828 2869
f 2832 2870 2868
f 2832 2868 2829
f 2869 2871 2831
f 2831 2871 2833
f 2870 2832 2872
f 2873 2870 2872
f 2834 2833 2874
f 2833 2875 2874
f 2833 2871 2875
f 2874 2835 2834
f 2876 2835 2874
f 2836 2877 2872
f 2873 2877 2880
f 2873 2872 2877
f 2878 2874 2875
f 2874 2879 2876
f 2874 2878 2879
f 2879 2837 2876
f 2881 2880 2877
f 2836 2881 2877
f 2838 2881 2836
f 2879 2878 2882
f 2879 2882 2837
f 2882 2839 2837
f 2882 2883 2839
f 2839 2884 2840
f 2883 2884 2839
f 2838 2840 2881
f 2881 2840 2884
f 2842 2886 2885
f 2842 2887 2886
f 2843 2888 2887
f 2888 2843 2845
f 2919 2888 2845
f 2848 2919 2845
f 2919 2849 2889
f 2919 2848 2849
f 2850 2851 2849
f 2849 2851 2889
f 2847 2890 2853
f 2885 2890 2847
f 2885 2891 2890
f 2886 2892 2891
f 2885 2886 2891
f 2892 2886 2887
f 2892 2887 2888
f 2851 2893 2889
f 2854 2893 2851
f 2853 2894 2856
f 2894 2853 2895
f 2890 2897 2896
f 2895 2890 2896
f 2853 2890 2895
f 2897 2890 2891
f 2898 2893 2854
f 2857 2898 2854
f 2899 2898 2857
f 2899 2857 2858
f 2899 2858 2900
f 2901 2894 2860
f 2901 2856 2894
f 2860 2894 2861
f 2861 2894 2895
f 2862 2861 2895
f 2896 2862 2895
f 2902 2862 2896
f 2821 2900 2858
f 2821 2903 2900
f 2862 2902 2863
f 2902 2933 2865
f 2863 2902 2865
f 2903 2867 2904
f 2821 2867 2903
f 2905 2865 2933
f 2866 2865 2905
f 2867 2868 2904
f 2868 2906 2904
f 2905 2907 2866
f 2869 2866 2907
f 2869 2907 2908
f 2870 2906 2868
f 2870 2909 2906
f 2869 2908 2871
f 2871 2908 2910
f 2911 2909 2873
f 2909 2870 2873
f 2910 2875 2871
f 2912 2875 2910
f 2880 2911 2873
f 2913 2911 2880
f 2875 2912 2942
f 2942 2878 2875
f 2918 2914 2880
f 2918 2880 2881
f 2913 2880 2914
f 2942 2915 2878
f 2882 2915 2916
f 2878 2915 2882
f 2917 2883 2882
f 2917 2882 2916
f 2918 2883 2917
f 2884 2883 2918
f 2881 2884 2918
f 2888 2920 2892
f 2919 2920 2888
f 2919 2921 2920
f 2889 2922 2919
f 2922 2921 2919
f 2893 2922 2889
f 2891 2923 2897
f 2892 2923 2891
f 2892 2924 2923
f 2925 2892 2920
f 2924 2892 2925
f 2920 2926 2925
f 2926 2920 2921
f 2921 2922 2927
f 2927 2922 2893
f 2898 2927 2893
f 2928 2898 2899
f 2928 2927 2898
f 2929 2928 2899
f 2899 2900 2929
f 2929 2900 2932
f 2930 2902 2897
f 2897 2902 2896
f 2931 2897 2923
f 2930 2897 2931
f 2931 2924 2949
f 2923 2924 2931
f 2949 2924 2925
f 2900 2903 2932
f 2903 2904 2932
f 2902 2930 2933
f 2930 2931 2933
f 2931 2949 2934
f 2931 2934 2933
f 2934 2905 2933
f 2960 2905 2934
f 2935 2906 2936
f 2935 2904 2906
f 2905 2960 2907
f 2907 2937 2908
f 2960 2937 2907
f 2906 2966 2936
f 2906 2909 2966
f 2938 2910 2908
f 2937 2938 2908
f 2939 2966 2911
f 2909 2911 2966
f 2940 2912 2938
f 2938 2912 2910
f 2938 2941 2940
f 2913 2939 2911
f 2913 2971 2939
f 2940 2942 2912
f 2940 2941 2943
f 2942 2940 2943
f 2914 2918 2944
f 2971 2914 2944
f 2913 2914 2971
f 2915 2942 2943
f 2945 2916 2915
f 2943 2945 2915
f 2974 2917 2916
f 2974 2916 2945
f 2917 2974 2944
f 2918 2917 2944
f 2921 2946 2926
f 2927 2947 2921
f 2921 2947 2946
f 2928 2948 2927
f 2927 2948 2947
f 2929 2948 2928
f 2932 2948 2929
f 2925 2950 2949
f 2926 2950 2925
f 2926 2951 2950
f 2951 2946 2952
f 2926 2946 2951
f 2952 2946 2947
f 2947 2948 2953
f 2955 2953 2954
f 2954 2953 2932
f 2953 2948 2932
f 2904 2954 2932
f 2956 2934 2949
f 2957 2949 2950
f 2956 2949 2957
f 2957 2951 2978
f 2950 2951 2957
f 2958 2955 2954
f 2954 2904 2958
f 2904 2959 2958
f 2904 2935 2959
f 2956 2960 2934
f 2961 2956 2957
f 2960 2956 2961
f 2957 2978 2964
f 2957 2964 2961
f 2963 2962 2936
f 2935 2936 2959
f 2959 2936 2962
f 2937 2960 2961
f 2961 2964 2937
f 2967 2936 2966
f 2963 2936 2967
f 2964 2938 2937
f 2965 2938 2964
f 2968 2938 2965
f 2939 2967 2966
f 2969 2967 2939
f 2941 2938 2968
f 2972 2971 2970
f 2972 2969 2971
f 2969 2939 2971
f 2968 2943 2941
f 2975 2974 2973
f 2974 2975 2970
f 2944 2974 2970
f 2944 2970 2971
f 2973 2945 2943
f 2945 2973 2974
f 2947 2976 2952
f 2953 2977 2947
f 2947 2977 2976
f 2955 2977 2953
f 2979 2978 2951
f 2979 2951 2952
f 2979 2952 2976
f 2981 2976 2977
f 2980 2976 2981
f 2981 2977 2982
f 2958 2977 2955
f 2958 2982 2977
f 2978 2979 2991
f 2978 2991 2964
f 2980 2981 2983
f 2981 2982 2983
f 2963 2982 2962
f 2982 2958 2962
f 2962 2958 2959
f 2991 2984 2965
f 2991 2965 2964
f 2985 2983 2982
f 2982 2963 2985
f 2963 2967 2985
f 2984 2968 2965
f 2984 2986 2968
f 2969 2985 2967
f 2969 2989 2985
f 2986 2973 2943
f 2986 2943 2968
f 2987 2973 2986
f 2988 2970 2987
f 2970 2989 2972
f 2988 2989 2970
f 2969 2972 2989
f 2975 2973 2987
f 2975 2987 2970
f 2976 2990 2979
f 2980 2990 2976
f 2994 2979 2990
f 2991 2979 2994
f 2992 2990 2980
f 2992 2994 2990
f 2980 2983 2992
f 2991 2993 2984
f 2991 2994 2993
f 2995 2992 2983
f 2994 2992 2995
f 2985 2995 2983
f 2993 2986 2984
f 2996 2993 2994
f 2986 2993 2996
f 2997 2994 2995
f 2996 2994 2997
f 2998 2995 2985
f 2997 2995 2998
f 2989 2998 2985
f 2987 2986 2996
f 2987 2996 2988
f 2988 2996 2997
f 2988 2997 2989
f 2989 2997 2998
