v -35.0 -13.0 -31.0
v -35.0 -13.0 -30.0
v -35.0 -13.0 -30.0
v -35.0 -13.0 -30.0
v -35.0 -13.0 -31.0
v -35.0 -13.0 -30.0
v -34.3 -16.0 -28.0
v -34.0 -16.0 -28.5
v -33.5 -17.0 -28.0
v -34.2 -16.0 -27.0
v -34.0 -16.0 -26.8
v -34.7 -15.0 -29.0
v -34.0 -15.0 -29.6
v -34.0 -15.6 -29.0
v -34.6 -15.0 -28.0
v -34.3 -15.0 -27.0
v -34.0 -15.0 -26.7
v -34.3 -14.0 -31.0
v -34.0 -14.0 -31.2
v -34.0 -14.2 -31.0
v -34.0 -14.6 -30.0
v -34.5 -14.0 -30.0
v -34.6 -14.0 -29.0
v -34.5 -14.0 -28.0
v -34.2 -14.0 -27.0
v -34.0 -14.0 -26.8
v -34.0 -13.0 -31.4
v -34.5 -13.0 -29.0
v -34.3 -13.0 -28.0
v -34.0 -13.0 -27.6
v -34.0 -13.6 -27.0
v -34.3 -12.0 -31.0
v -34.0 -12.0 -31.3
v -33.8 -12.0 -30.0
v -34.0 -12.2 -30.0
v -34.0 -12.5 -29.0
v -34.0 -12.7 -28.0
v -33.2 -18.0 -27.0
v -33.0 -18.2 -27.0
v -33.0 -18.0 -26.2
v -33.2 -17.0 -29.0
v -33.0 -17.2 -29.0
v -33.0 -17.5 -28.0
v -33.5 -17.0 -27.0
v -33.0 -17.4 -26.0
v -33.2 -16.0 -30.0
v -33.0 -16.0 -30.2
v -33.7 -16.0 -29.0
v -33.0 -17.0 -26.0
v -33.0 -16.0 -26.4
v -33.6 -15.0 -30.0
v -33.0 -15.0 -30.5
v -33.0 -15.0 -26.5
v -33.0 -14.5 -31.0
v -33.0 -14.0 -26.5
v -33.0 -13.0 -31.5
v -33.0 -12.0 -31.5
v -33.6 -12.0 -29.0
v -33.3 -12.0 -28.0
v -33.0 -12.0 -27.7
v -33.0 -13.0 -26.9
v -34.0 -11.0 -31.0
v -33.0 -11.0 -31.4
v -33.5 -11.0 -30.0
v -33.2 -11.0 -29.0
v -33.0 -11.0 -28.7
v -33.0 -11.7 -28.0
v -33.0 -10.6 -31.0
v -33.0 -10.5 -30.0
v -33.0 -10.7 -29.0
v -32.0 -18.0 -27.5
v -32.0 -18.4 -27.0
v -32.0 -18.0 -26.4
v -32.0 -17.0 -29.5
v -32.0 -17.4 -29.0
v -32.0 -17.7 -28.0
v -32.9 -17.0 -26.0
v -32.0 -17.0 -26.2
v -32.0 -16.0 -30.4
v -32.0 -16.5 -30.0
v -32.0 -16.0 -26.3
v -32.0 -15.0 -26.4
v -33.0 -14.0 -31.4
v -32.0 -14.0 -26.5
v -32.0 -13.0 -31.5
v -32.0 -13.0 -27.1
v -32.0 -12.0 -31.6
v -32.0 -12.0 -27.5
v -32.0 -11.0 -31.6
v -32.0 -11.4 -28.0
v -32.0 -11.0 -28.3
v -32.5 -10.0 -31.0
v -32.0 -10.0 -31.5
v -32.6 -10.0 -30.0
v -32.2 -10.0 -29.0
v -32.2 -9.0 -31.0
v -32.0 -9.0 -31.2
v -32.2 -9.0 -30.0
v -32.0 -10.0 -28.9
v -32.0 -8.7 -31.0
v -32.0 -8.8 -30.0
v -31.0 -21.0 -27.0
v -31.3 -20.0 -27.0
v -31.0 -20.0 -27.4
v -31.0 -20.4 -26.0
v -31.2 -20.0 -26.0
v -31.0 -20.0 -25.7
v -31.5 -19.0 -27.0
v -31.0 -19.0 -27.6
v -31.4 -19.0 -26.0
v -31.0 -19.0 -25.4
v -31.6 -18.0 -28.0
v -31.0 -18.0 -28.4
v -31.0 -18.5 -28.0
v -31.7 -18.0 -26.0
v -31.2 -18.0 -25.0
v -31.0 -18.0 -24.7
v -31.0 -17.5 -29.0
v -31.8 -17.0 -26.0
v -31.4 -17.0 -25.0
v -31.0 -17.0 -24.7
v -31.7 -16.0 -26.0
v -31.4 -16.0 -25.0
v -31.0 -16.0 -24.7
v -32.0 -15.0 -30.6
v -31.6 -15.0 -26.0
v -31.2 -15.0 -25.0
v -31.0 -14.0 -31.4
v -31.4 -14.0 -26.0
v -31.0 -14.0 -25.6
v -31.0 -15.0 -24.8
v -31.0 -13.0 -31.6
v -31.0 -13.0 -26.5
v -31.0 -13.6 -26.0
v -31.3 -12.0 -32.0
v -31.0 -12.0 -32.2
v -31.5 -11.0 -32.0
v -31.0 -11.0 -32.4
v -31.6 -11.0 -28.0
v -31.0 -11.0 -27.2
v -31.0 -10.0 -32.3
v -31.0 -10.1 -29.1
v -31.0 -10.6 -28.0
v -30.6 -9.0 -32.0
v -31.0 -9.0 -31.7
v -32.0 -9.0 -29.8
v -31.3 -8.0 -31.0
v -31.0 -8.0 -31.3
v -31.0 -8.0 -30.7
v -31.0 -8.5 -30.0
v -31.0 -7.0 -31.0
v -30.0 -21.0 -27.5
v -30.0 -21.4 -27.0
v -30.0 -21.4 -26.0
v -30.4 -21.0 -26.0
v -30.0 -21.0 -25.6
v -30.0 -20.0 -28.2
v -30.1 -20.0 -24.0
v -30.6 -19.0 -28.0
v -30.0 -19.0 -28.4
v -30.6 -19.0 -25.0
v -30.3 -19.0 -24.0
v -30.0 -19.0 -23.7
v -30.0 -18.0 -28.6
v -30.0 -18.5 -24.0
v -30.0 -18.0 -24.3
v -30.8 -17.0 -29.5
v -30.0 -17.0 -24.4
v -29.0 -16.5 -30.0
v -30.0 -15.0 -30.6
v -30.0 -15.0 -24.6
v -30.0 -14.0 -31.4
v -30.0 -14.0 -25.4
v -30.0 -13.0 -31.7
v -30.0 -13.0 -25.7
v -30.0 -12.0 -32.4
v -30.0 -12.7 -31.9
v -31.0 -12.0 -27.2
v -30.0 -12.0 -26.6
v -30.0 -12.7 -25.9
v -30.0 -11.0 -32.5
v -30.0 -11.0 -27.3
v -30.0 -10.0 -32.5
v -30.0 -10.0 -28.5
v -30.0 -10.4 -28.0
v -30.0 -9.0 -32.4
v -30.0 -9.5 -29.0
v -30.5 -8.0 -32.0
v -30.0 -8.0 -32.4
v -30.0 -9.0 -29.4
v -30.3 -7.0 -32.0
v -30.0 -7.0 -32.2
v -30.0 -7.0 -30.4
v -30.0 -6.7 -32.0
v -30.0 -5.9 -31.0
v -30.0 -6.0 -30.9
v -29.0 -22.2 -27.0
v -29.0 -22.0 -27.2
v -29.0 -22.3 -26.0
v -29.0 -22.0 -25.6
v -29.0 -21.0 -27.6
v -29.0 -21.5 -25.0
v -29.5 -21.0 -25.0
v -29.0 -21.4 -24.0
v -29.4 -21.0 -24.0
v -29.0 -21.3 -23.0
v -29.3 -21.0 -23.0
v -29.0 -20.0 -28.4
v -29.9 -20.0 -25.0
v -29.6 -20.0 -23.0
v -28.7 -21.0 -22.0
v -29.4 -20.0 -22.0
v -29.0 -19.0 -28.5
v -29.6 -19.0 -23.0
v -29.2 -19.0 -22.0
v -29.0 -19.0 -21.7
v -29.0 -20.0 -21.0
v -29.0 -18.0 -28.6
v -29.7 -18.0 -24.0
v -29.3 -18.0 -23.0
v -29.0 -17.5 -29.0
v -29.4 -17.0 -24.0
v -29.0 -17.0 -23.6
v -29.0 -17.7 -23.0
v -29.1 -16.0 -30.4
v -29.0 -16.5 -24.0
v -29.0 -16.0 -24.3
v -29.0 -15.0 -30.7
v -29.0 -15.0 -24.6
v -29.0 -14.0 -31.5
v -29.0 -14.0 -25.4
v -29.0 -13.0 -32.4
v -29.0 -13.4 -32.0
v -29.0 -12.0 -32.6
v -29.1 -13.0 -25.6
v -29.0 -12.0 -26.4
v -29.0 -11.0 -32.6
v -29.7 -11.1 -27.1
v -29.0 -11.0 -26.7
v -29.0 -9.9 -32.7
v -29.0 -10.7 -27.0
v -29.0 -9.0 -28.6
v -29.0 -9.7 -27.9
v -29.0 -8.0 -32.6
v -30.0 -8.0 -30.3
v -29.0 -7.0 -32.5
v -29.5 -7.0 -30.0
v -29.0 -8.0 -29.4
v -29.0 -6.3 -32.0
v -29.0 -6.0 -31.7
v -29.3 -6.0 -30.0
v -29.0 -6.0 -29.8
v -29.0 -5.2 -31.0
v -29.0 -5.7 -30.0
v -28.3 -27.0 -17.0
v -28.0 -27.3 -17.0
v -28.0 -27.3 -16.0
v -28.2 -27.0 -16.0
v -27.5 -27.0 -15.0
v -28.3 -26.0 -18.0
v -28.0 -26.1 -18.4
v -28.5 -26.0 -17.0
v -28.3 -26.0 -16.0
v -28.0 -26.0 -15.7
v -28.2 -25.0 -20.0
v -28.0 -25.0 -20.2
v -28.0 -25.6 -19.0
v -28.4 -25.0 -19.0
v -28.5 -25.0 -18.0
v -28.3 -25.0 -17.0
v -28.0 -25.6 -16.0
v -28.4 -24.0 -20.0
v -28.0 -24.0 -20.5
v -28.5 -24.0 -19.0
v -28.3 -24.0 -18.0
v -27.7 -24.0 -17.1
v -28.0 -23.0 -26.0
v -28.0 -23.1 -22.0
v -28.0 -23.0 -21.7
v -28.4 -23.0 -20.0
v -28.0 -23.0 -20.8
v -28.3 -23.0 -19.0
v -28.0 -23.1 -18.5
v -28.0 -22.0 -27.4
v -28.0 -22.4 -27.0
v -28.0 -22.0 -25.2
v -28.4 -22.0 -23.0
v -28.0 -21.7 -24.0
v -28.0 -22.4 -23.0
v -28.5 -22.0 -22.0
v -28.0 -22.8 -21.0
v -28.4 -22.0 -21.0
v -28.4 -22.0 -20.0
v -27.9 -22.0 -19.3
v -28.0 -21.0 -27.6
v -28.0 -21.8 -25.0
v -28.6 -21.0 -21.0
v -28.3 -21.0 -20.0
v -28.0 -21.0 -19.7
v -28.0 -20.0 -28.4
v -27.4 -20.5 -28.0
v -28.0 -20.6 -20.0
v -28.0 -20.0 -20.4
v -28.0 -19.0 -28.6
v -28.0 -19.0 -21.4
v -28.0 -17.0 -29.5
v -28.0 -17.0 -23.3
v -28.0 -16.0 -30.5
v -28.0 -16.5 -30.0
v -28.0 -15.1 -31.3
v -28.0 -15.9 -23.7
v -28.0 -15.0 -24.5
v -28.0 -14.0 -31.8
v -28.4 -14.5 -25.0
v -28.0 -14.0 -25.4
v -28.0 -13.0 -33.2
v -28.0 -13.3 -33.0
v -28.0 -13.8 -32.0
v -28.0 -13.0 -25.7
v -28.5 -12.0 -33.0
v -28.0 -12.0 -33.5
v -28.0 -12.6 -26.0
v -28.0 -12.0 -26.4
v -28.2 -11.0 -34.0
v -28.0 -11.0 -34.2
v -28.6 -11.0 -33.0
v -28.0 -11.0 -26.6
v -28.3 -10.0 -34.0
v -28.0 -10.0 -34.3
v -28.0 -10.5 -27.0
v -28.3 -9.0 -34.0
v -28.0 -9.0 -34.3
v -28.7 -9.9 -33.0
v -28.0 -9.5 -28.0
v -28.0 -9.0 -28.4
v -28.2 -8.0 -34.0
v -28.0 -8.0 -34.2
v -28.6 -8.0 -33.0
v -28.7 -8.1 -29.1
v -28.5 -7.0 -33.0
v -28.0 -7.0 -33.5
v -28.0 -8.0 -28.7
v -28.0 -7.0 -29.3
v -28.2 -6.0 -33.0
v -28.0 -6.0 -33.2
v -28.7 -6.0 -32.0
v -28.0 -6.0 -29.6
v -28.0 -5.7 -33.0
v -28.0 -5.5 -32.0
v -28.0 -5.4 -31.0
v -28.0 -5.6 -30.0
v -27.2 -30.0 -16.0
v -27.0 -30.0 -16.2
v -27.0 -30.2 -16.0
v -27.0 -30.5 -15.0
v -27.4 -30.0 -15.0
v -27.2 -30.0 -14.0
v -27.0 -30.0 -13.8
v -27.4 -29.0 -16.0
v -27.0 -29.0 -16.5
v -27.5 -29.0 -15.0
v -27.3 -29.0 -14.0
v -27.0 -29.0 -13.7
v -27.4 -28.0 -17.0
v -27.0 -28.0 -17.4
v -27.6 -28.0 -16.0
v -27.5 -28.0 -15.0
v -27.2 -28.0 -14.0
v -27.4 -27.0 -18.0
v -27.0 -27.2 -18.2
v -27.0 -27.0 -14.5
v -27.0 -28.0 -13.8
v -27.0 -26.2 -20.0
v -27.0 -26.0 -20.2
v -27.0 -26.5 -19.0
v -27.6 -26.0 -19.0
v -27.0 -25.0 -20.7
v -27.6 -25.0 -16.0
v -27.0 -25.0 -15.5
v -27.0 -26.0 -14.9
v -27.4 -24.0 -21.0
v -27.0 -24.0 -21.4
v -27.2 -24.0 -16.0
v -27.0 -23.1 -26.0
v -27.0 -23.0 -25.8
v -27.0 -23.0 -22.5
v -27.0 -23.5 -22.0
v -27.9 -23.0 -21.0
v -27.6 -23.0 -18.0
v -27.2 -23.0 -17.0
v -27.0 -24.0 -15.8
v -27.0 -22.0 -27.3
v -27.0 -22.3 -27.0
v -27.0 -22.6 -25.0
v -27.0 -22.4 -24.0
v -27.6 -22.0 -24.0
v -27.0 -22.6 -23.0
v -27.6 -22.0 -19.0
v -27.0 -22.0 -18.4
v -27.0 -22.8 -17.0
v -27.0 -21.0 -27.6
v -27.0 -20.0 -28.5
v -27.0 -20.0 -19.6
v -27.0 -21.0 -18.7
v -27.3 -19.0 -29.0
v -27.0 -19.0 -29.2
v -28.0 -18.0 -28.8
v -27.0 -18.0 -29.4
v -27.0 -17.0 -29.7
v -28.0 -17.5 -22.9
v -27.0 -19.0 -20.6
v -27.0 -16.0 -30.5
v -27.0 -16.6 -23.0
v -27.0 -16.0 -23.5
v -27.0 -15.0 -31.5
v -26.7 -15.6 -31.0
v -27.0 -15.0 -24.5
v -27.0 -14.2 -33.0
v -27.0 -14.0 -33.2
v -27.0 -14.5 -32.0
v -27.0 -14.0 -25.5
v -27.0 -13.0 -33.5
v -27.0 -13.0 -26.3
v -27.0 -12.0 -33.6
v -27.0 -12.0 -26.6
v -27.0 -11.0 -34.4
v -27.0 -11.0 -26.8
v -27.0 -10.0 -34.5
v -27.0 -10.0 -27.5
v -27.0 -9.0 -34.5
v -27.0 -9.5 -28.0
v -27.0 -9.0 -28.4
v -27.0 -8.0 -34.4
v -27.0 -8.0 -28.5
v -27.0 -7.0 -28.7
v -27.0 -6.0 -33.5
v -27.0 -6.0 -29.3
v -27.0 -5.0 -33.2
v -27.4 -5.0 -32.0
v -27.0 -4.9 -30.0
v -27.0 -4.7 -33.0
v -27.0 -4.7 -32.0
v -26.1 -34.0 -14.0
v -26.4 -33.0 -14.0
v -26.0 -33.0 -14.6
v -26.2 -33.0 -13.0
v -26.0 -33.0 -12.8
v -26.3 -32.0 -15.0
v -26.5 -32.0 -14.0
v -26.0 -32.0 -12.8
v -26.5 -31.0 -15.0
v -25.7 -31.0 -16.0
v -26.5 -31.0 -14.0
v -26.0 -31.0 -13.4
v -26.2 -32.0 -13.0
v -26.0 -30.0 -16.5
v -26.0 -30.7 -16.0
v -26.0 -30.0 -13.4
v -26.0 -29.4 -17.0
v -26.0 -29.0 -17.4
v -26.0 -29.0 -13.4
v -26.0 -28.0 -17.8
v -26.0 -28.0 -13.5
v -26.0 -27.0 -18.7
v -26.2 -27.0 -14.0
v -26.0 -26.0 -20.6
v -26.0 -26.4 -20.0
v -26.0 -26.8 -19.0
v -26.0 -26.3 -15.0
v -26.0 -26.0 -15.3
v -26.0 -27.0 -13.9
v -26.1 -25.3 -21.0
v -26.0 -25.0 -21.3
v -26.0 -25.0 -15.5
v -26.0 -24.0 -21.7
v -26.0 -24.0 -15.7
v -26.0 -23.2 -25.0
v -26.0 -23.0 -24.6
v -26.0 -22.8 -23.0
v -26.0 -23.7 -22.0
v -26.0 -23.0 -16.5
v -26.0 -21.9 -26.8
v -26.0 -22.6 -26.0
v -26.0 -22.8 -24.0
v -27.0 -22.4 -18.0
v -26.0 -22.4 -17.0
v -26.0 -21.0 -27.5
v -26.0 -21.6 -18.0
v -26.0 -21.0 -18.5
v -26.0 -20.0 -28.5
v -26.0 -20.4 -19.1
v -26.0 -19.0 -29.4
v -26.0 -19.5 -29.0
v -26.0 -18.0 -29.6
v -26.0 -17.0 -30.3
v -26.0 -16.0 -30.6
v -26.0 -16.1 -23.4
v -26.0 -15.0 -31.5
v -26.0 -14.0 -33.2
v -26.0 -14.2 -33.0
v -26.0 -14.6 -32.0
v -26.0 -13.0 -33.5
v -26.0 -13.0 -26.5
v -26.0 -12.0 -33.6
v -26.3 -12.0 -27.0
v -26.0 -12.0 -27.2
v -26.1 -11.0 -34.4
v -26.0 -11.0 -27.4
v -26.0 -10.0 -34.5
v -26.0 -9.0 -34.5
v -26.0 -10.0 -27.7
v -26.0 -9.0 -28.4
v -26.0 -8.0 -34.5
v -26.0 -8.0 -28.5
v -27.0 -7.0 -33.7
v -26.0 -7.0 -34.3
v -25.0 -6.9 -28.4
v -26.0 -6.6 -34.0
v -26.0 -6.0 -33.6
v -26.0 -6.0 -28.7
v -26.0 -5.0 -33.5
v -27.0 -5.1 -31.0
v -26.4 -5.9 -29.0
v -26.0 -5.0 -29.5
v -26.0 -4.0 -33.1
v -26.0 -3.9 -33.0
v -26.0 -4.3 -32.0
v -26.0 -4.6 -31.0
v -26.0 -4.6 -30.0
v -25.2 -36.0 -14.0
v -25.0 -36.0 -14.2
v -25.0 -36.2 -14.0
v -25.0 -36.5 -13.0
v -25.4 -36.0 -13.0
v -25.0 -36.3 -12.0
v -25.2 -36.0 -12.0
v -25.0 -36.0 -11.8
v -25.5 -35.0 -14.0
v -25.5 -35.0 -13.0
v -25.3 -35.0 -12.0
v -25.1 -34.0 -18.0
v -25.0 -34.0 -18.2
v -25.0 -34.4 -18.0
v -25.0 -34.0 -17.8
v -25.3 -34.0 -15.0
v -25.0 -34.0 -15.3
v -25.0 -34.3 -15.0
v -25.6 -34.0 -13.0
v -25.0 -34.0 -12.3
v -25.0 -35.0 -11.7
v -25.2 -33.0 -20.0
v -25.0 -33.2 -20.0
v -25.0 -33.4 -19.0
v -25.3 -33.0 -19.0
v -25.2 -33.0 -18.0
v -25.0 -33.0 -17.7
v -25.6 -33.0 -15.0
v -25.0 -33.0 -15.6
v -25.2 -32.0 -21.0
v -25.0 -32.0 -21.2
v -25.5 -32.0 -20.0
v -25.3 -32.0 -19.0
v -24.7 -32.0 -18.0
v -25.4 -32.0 -16.0
v -25.3 -32.0 -16.1
v -25.0 -32.7 -12.4
v -25.0 -31.0 -21.3
v -25.1 -31.0 -17.1
v -25.6 -31.0 -13.0
v -25.2 -31.0 -21.0
v -25.3 -31.0 -20.0
v -25.6 -30.0 -13.0
v -25.0 -31.0 -12.3
v -25.3 -30.0 -12.0
v -24.5 -30.0 -11.0
v -25.3 -29.0 -19.0
v -25.0 -29.0 -19.4
v -25.0 -29.4 -19.0
v -25.0 -29.6 -18.0
v -25.5 -29.0 -18.0
v -25.5 -29.0 -13.0
v -25.2 -29.0 -12.0
v -25.4 -28.0 -19.0
v -25.0 -28.0 -19.5
v -25.8 -28.0 -18.0
v -25.0 -28.5 -13.0
v -25.0 -28.0 -13.5
v -25.0 -28.8 -12.0
v -25.7 -27.0 -19.0
v -25.0 -27.4 -14.0
v -25.0 -26.0 -21.4
v -25.0 -26.4 -21.0
v -25.0 -26.8 -20.0
v -25.0 -26.5 -15.0
v -25.0 -26.0 -15.4
v -25.0 -25.0 -21.8
v -25.0 -25.0 -15.7
v -25.3 -24.0 -24.0
v -25.0 -24.3 -24.0
v -25.0 -24.5 -23.0
v -25.4 -24.0 -23.0
v -24.8 -25.0 -22.0
v -25.7 -24.0 -22.0
v -25.0 -24.0 -16.3
v -25.0 -23.0 -25.5
v -25.0 -23.6 -25.0
v -25.7 -23.0 -24.0
v -25.8 -23.0 -23.0
v -25.0 -23.0 -16.5
v -25.0 -22.4 -26.1
v -25.0 -22.0 -16.8
v -24.9 -20.7 -27.8
v -25.0 -21.3 -18.0
v -25.0 -21.0 -18.4
v -25.0 -21.7 -17.0
v -25.0 -20.0 -28.5
v -25.0 -20.5 -19.0
v -25.0 -19.5 -20.0
v -25.0 -18.0 -29.6
v -25.0 -18.5 -21.0
v -25.0 -16.0 -30.6
v -25.0 -15.0 -31.5
v -25.0 -15.5 -31.0
v -25.5 -13.9 -32.9
v -25.0 -14.4 -32.0
v -26.0 -14.0 -25.5
v -25.0 -13.0 -33.3
v -24.9 -13.3 -33.0
v -25.0 -13.0 -26.5
v -25.0 -12.0 -33.6
v -25.0 -12.5 -27.0
v -25.0 -12.0 -27.4
v -25.0 -11.0 -27.6
v -25.0 -10.0 -34.5
v -25.0 -10.3 -28.0
v -25.0 -10.0 -28.2
v -25.0 -9.0 -34.5
v -25.0 -9.0 -28.4
v -25.0 -8.0 -34.4
v -25.0 -8.0 -28.4
v -25.0 -7.0 -34.2
v -25.0 -6.0 -33.6
v -25.0 -6.0 -28.4
v -25.0 -5.0 -33.5
v -25.0 -5.0 -28.8
v -25.0 -4.0 -33.2
v -25.0 -4.3 -31.0
v -25.0 -4.5 -30.0
v -25.0 -4.8 -29.0
v -25.1 -3.7 -32.0
v -24.0 -38.0 -13.0
v -24.0 -38.3 -12.0
v -24.3 -38.0 -12.0
v -24.0 -38.3 -11.0
v -24.2 -38.0 -11.0
v -24.5 -37.0 -13.0
v -24.0 -37.0 -13.4
v -24.6 -37.0 -12.0
v -24.3 -37.0 -11.0
v -24.0 -37.0 -10.6
v -24.0 -36.0 -14.3
v -24.0 -36.3 -14.0
v -24.0 -36.2 -11.0
v -25.0 -35.0 -14.5
v -24.0 -36.0 -11.1
v -24.4 -35.0 -11.0
v -24.0 -35.0 -10.6
v -24.0 -34.0 -18.4
v -24.0 -34.4 -18.0
v -24.0 -34.0 -17.3
v -24.0 -34.0 -15.7
v -24.0 -34.5 -15.0
v -24.7 -34.0 -12.0
v -24.4 -34.0 -11.0
v -24.0 -34.0 -10.5
v -24.0 -33.0 -20.5
v -24.0 -33.4 -20.0
v -24.0 -33.6 -19.0
v -23.9 -34.0 -17.0
v -24.5 -33.0 -17.0
v -24.0 -33.7 -16.0
v -24.6 -33.0 -16.0
v -24.6 -33.0 -12.0
v -24.4 -33.0 -11.0
v -24.0 -32.0 -21.5
v -24.0 -32.5 -21.0
v -24.7 -32.0 -17.0
v -24.6 -32.0 -12.0
v -24.5 -32.0 -11.0
v -23.9 -33.0 -10.3
v -24.3 -32.0 -10.0
v -24.0 -32.0 -9.7
v -24.3 -31.0 -22.0
v -24.0 -31.0 -22.2
v -24.7 -31.0 -19.0
v -24.6 -31.0 -18.0
v -24.7 -31.0 -12.0
v -24.5 -31.0 -11.0
v -24.3 -31.0 -10.0
v -24.1 -30.0 -22.0
v -24.6 -30.0 -21.0
v -24.6 -30.0 -20.0
v -24.6 -30.0 -19.0
v -24.7 -30.0 -18.0
v -25.0 -30.0 -17.0
v -24.0 -30.0 -10.4
v -24.0 -31.0 -9.7
v -24.4 -29.0 -21.0
v -24.0 -29.0 -21.5
v -24.6 -29.0 -20.0
v -24.0 -29.0 -10.8
v -24.1 -28.0 -22.0
v -24.0 -28.0 -22.1
v -24.5 -28.0 -21.0
v -24.6 -28.0 -20.0
v -24.0 -28.3 -13.0
v -24.0 -28.0 -13.4
v -24.0 -28.5 -12.0
v -24.0 -28.8 -11.0
v -24.4 -27.0 -22.0
v -24.0 -27.0 -22.4
v -24.6 -27.0 -21.0
v -24.8 -27.0 -20.0
v -24.0 -27.5 -14.0
v -24.2 -26.0 -23.0
v -24.0 -26.0 -23.3
v -24.6 -26.0 -22.0
v -24.0 -26.8 -14.8
v -24.0 -26.0 -15.5
v -24.2 -25.0 -24.0
v -24.6 -25.0 -23.0
v -24.0 -25.4 -16.0
v -24.0 -25.0 -16.3
v -24.2 -24.0 -25.0
v -24.0 -24.0 -25.1
v -24.0 -24.0 -16.5
v -24.0 -23.0 -25.6
v -24.0 -23.0 -16.5
v -24.0 -22.4 -26.1
v -24.0 -22.0 -16.6
v -24.0 -21.0 -27.5
v -24.0 -21.5 -27.0
v -24.0 -21.0 -17.5
v -24.0 -21.5 -17.0
v -24.0 -20.0 -28.3
v -24.0 -20.4 -19.0
v -24.0 -20.0 -19.5
v -24.0 -20.7 -18.0
v -25.0 -19.0 -29.3
v -24.0 -19.0 -28.7
v -24.0 -19.5 -20.0
v -24.0 -18.0 -29.4
v -24.0 -18.6 -29.0
v -24.0 -18.8 -20.8
v -24.0 -18.0 -21.5
v -25.0 -17.0 -30.3
v -24.0 -17.0 -29.7
v -24.0 -16.0 -30.5
v -24.0 -14.5 -25.0
v -24.5 -14.0 -32.0
v -24.0 -14.0 -31.7
v -24.0 -13.0 -32.5
v -24.0 -13.5 -26.0
v -24.0 -12.4 -33.0
v -24.0 -12.5 -27.0
v -24.0 -12.0 -27.4
v -25.0 -11.0 -34.3
v -24.0 -11.0 -33.6
v -24.0 -11.0 -27.6
v -24.0 -10.0 -34.3
v -24.0 -10.4 -34.0
v -24.0 -10.2 -28.0
v -24.0 -9.0 -34.3
v -24.0 -10.0 -28.1
v -24.4 -9.0 -28.0
v -24.0 -9.0 -27.7
v -24.3 -8.0 -33.9
v -24.0 -8.0 -33.7
v -24.5 -8.0 -28.0
v -24.0 -8.0 -27.4
v -24.7 -7.0 -34.0
v -24.0 -7.0 -33.6
v -24.6 -7.0 -28.0
v -24.1 -7.0 -27.0
v -24.0 -6.0 -33.5
v -24.4 -6.0 -28.0
v -24.0 -6.0 -27.7
v -24.0 -6.9 -27.0
v -24.0 -5.0 -33.4
v -24.0 -5.6 -28.0
v -24.0 -5.0 -28.6
v -24.0 -4.5 -33.0
v -25.0 -3.8 -33.0
v -24.0 -4.4 -30.0
v -24.0 -4.6 -29.0
v -24.0 -3.7 -32.0
v -24.0 -3.8 -31.0
v -23.0 -40.0 -9.0
v -23.0 -40.0 -9.0
v -23.3 -39.0 -11.0
v -23.0 -39.2 -11.0
v -23.0 -39.4 -10.0
v -23.4 -39.0 -10.0
v -23.3 -39.0 -9.0
v -23.0 -39.0 -8.6
v -23.0 -38.0 -12.6
v -23.0 -38.5 -12.0
v -23.6 -38.0 -10.0
v -23.0 -38.0 -8.7
v -23.0 -37.0 -13.3
v -22.1 -37.0 -13.0
v -23.5 -37.0 -10.0
v -22.7 -37.0 -9.0
v -23.3 -38.0 -9.0
v -23.0 -36.0 -13.9
v -23.9 -36.0 -11.0
v -23.4 -36.0 -10.0
v -23.6 -35.0 -17.0
v -23.0 -35.2 -17.0
v -23.0 -35.0 -14.8
v -22.7 -35.0 -9.0
v -23.0 -34.0 -18.5
v -23.0 -34.5 -18.0
v -23.0 -34.7 -16.0
v -23.7 -34.0 -16.0
v -23.0 -34.8 -15.0
v -23.5 -35.0 -10.0
v -23.3 -34.0 -9.0
v -23.0 -33.0 -20.5
v -23.0 -33.4 -20.0
v -23.0 -33.6 -19.0
v -23.7 -33.0 -10.0
v -23.4 -33.0 -9.0
v -23.0 -33.0 -8.6
v -23.0 -32.0 -21.5
v -23.0 -32.5 -21.0
v -23.3 -32.0 -9.0
v -23.0 -32.0 -8.7
v -23.0 -31.0 -22.1
v -23.0 -31.2 -22.0
v -23.0 -31.0 -8.8
v -24.0 -30.0 -22.1
v -23.0 -30.0 -21.7
v -23.0 -30.0 -9.6
v -23.0 -30.7 -9.0
v -23.0 -29.0 -21.5
v -23.0 -29.0 -10.5
v -23.0 -28.0 -21.7
v -23.0 -28.6 -11.0
v -23.0 -27.0 -22.5
v -23.0 -27.0 -15.2
v -23.0 -27.2 -15.0
v -23.0 -27.5 -14.0
v -23.0 -27.7 -13.0
v -23.0 -26.0 -23.4
v -23.0 -26.5 -23.0
v -24.0 -25.1 -24.0
v -23.0 -25.0 -23.7
v -23.0 -26.0 -15.7
v -23.0 -25.0 -16.3
v -23.0 -24.7 -24.0
v -23.0 -24.0 -16.4
v -23.0 -23.0 -25.5
v -23.0 -23.7 -24.9
v -23.0 -23.0 -16.5
v -23.0 -21.3 -27.1
v -23.0 -22.4 -26.0
v -23.0 -22.0 -16.6
v -23.0 -21.0 -27.3
v -23.0 -21.0 -16.9
v -23.5 -19.9 -28.0
v -23.0 -20.0 -27.7
v -23.0 -20.4 -19.0
v -23.0 -20.0 -19.5
v -23.0 -20.5 -18.0
v -23.0 -20.9 -17.0
v -23.0 -19.0 -28.4
v -23.0 -19.2 -21.0
v -23.0 -19.0 -21.2
v -23.0 -19.6 -20.0
v -23.0 -18.3 -29.0
v -23.0 -18.0 -21.6
v -23.0 -17.0 -29.6
v -23.0 -17.5 -22.0
v -23.0 -16.0 -30.4
v -23.0 -16.5 -30.0
v -23.9 -17.4 -22.1
v -24.0 -15.0 -31.3
v -23.0 -15.5 -24.0
v -23.0 -14.0 -31.4
v -23.0 -14.6 -31.0
v -23.0 -14.5 -25.0
v -23.0 -14.0 -25.6
v -23.0 -12.7 -32.0
v -23.0 -13.0 -31.7
v -23.0 -13.6 -26.0
v -24.0 -12.0 -33.3
v -23.0 -12.0 -32.5
v -23.0 -13.0 -26.5
v -23.0 -12.0 -27.3
v -23.3 -11.0 -33.0
v -23.0 -11.0 -32.7
v -23.7 -10.0 -34.0
v -23.0 -10.0 -27.6
v -23.0 -9.0 -33.5
v -23.0 -9.0 -27.3
v -23.0 -8.0 -33.4
v -22.8 -8.8 -27.0
v -23.5 -8.0 -27.0
v -23.0 -7.0 -33.5
v -23.0 -7.0 -25.9
v -23.0 -6.0 -33.5
v -23.0 -6.3 -27.0
v -23.0 -6.0 -27.4
v -23.0 -7.0 -26.0
v -23.0 -5.0 -33.2
v -23.0 -5.5 -28.0
v -23.0 -5.0 -28.5
v -23.0 -4.8 -33.0
v -23.8 -4.0 -32.2
v -23.0 -4.4 -32.0
v -23.0 -4.0 -31.4
v -23.0 -4.3 -30.0
v -23.0 -4.0 -30.5
v -23.0 -4.6 -29.0
v -23.0 -3.7 -31.0
v -22.2 -41.0 -8.0
v -22.0 -41.0 -8.3
v -22.0 -41.2 -8.0
v -22.0 -40.0 -9.5
v -22.0 -40.4 -9.0
v -22.5 -40.0 -8.0
v -22.0 -40.0 -7.4
v -22.0 -41.0 -7.0
v -22.0 -39.4 -11.0
v -22.0 -39.6 -10.0
v -22.0 -39.0 -7.6
v -22.0 -38.0 -12.4
v -22.0 -38.5 -12.0
v -22.0 -38.0 -8.1
v -22.0 -37.0 -12.9
v -22.0 -37.8 -8.0
v -22.3 -37.0 -8.0
v -22.0 -37.0 -7.5
v -22.3 -36.0 -15.0
v -22.0 -36.0 -15.4
v -22.0 -36.3 -15.0
v -22.0 -36.5 -14.0
v -22.8 -36.0 -14.0
v -22.0 -36.9 -13.0
v -22.6 -36.0 -9.0
v -22.5 -36.0 -8.0
v -22.3 -36.0 -7.0
v -22.0 -36.0 -6.6
v -22.0 -35.3 -17.0
v -22.0 -35.6 -16.0
v -22.6 -35.0 -16.0
v -22.8 -35.0 -15.0
v -22.5 -35.0 -8.0
v -22.4 -35.0 -7.0
v -22.0 -35.0 -6.5
v -22.0 -34.0 -18.4
v -22.0 -34.4 -18.0
v -22.6 -34.0 -8.0
v -22.2 -34.0 -7.0
v -22.0 -34.0 -6.7
v -22.0 -33.0 -20.4
v -22.0 -33.3 -20.0
v -22.0 -33.6 -19.0
v -22.3 -33.0 -8.0
v -22.0 -33.7 -7.0
v -22.0 -32.0 -21.4
v -22.0 -32.5 -21.0
v -22.3 -32.0 -9.0
v -22.0 -32.2 -9.0
v -22.0 -32.0 -9.2
v -22.0 -32.8 -8.0
v -22.8 -31.0 -22.0
v -22.0 -31.0 -21.6
v -22.0 -31.0 -8.9
v -22.0 -30.0 -21.5
v -22.0 -30.9 -9.0
v -22.0 -30.0 -9.6
v -22.0 -29.0 -21.5
v -22.0 -29.5 -10.0
v -22.0 -29.0 -10.5
v -23.0 -28.3 -12.0
v -22.0 -28.5 -11.0
v -22.0 -27.0 -22.5
v -22.0 -27.4 -15.0
v -22.0 -27.0 -15.4
v -22.0 -27.7 -12.0
v -22.0 -26.0 -23.4
v -22.0 -26.5 -23.0
v -22.0 -26.0 -16.0
v -22.0 -25.0 -23.6
v -22.5 -25.0 -16.0
v -22.0 -25.0 -15.7
v -22.0 -24.0 -24.5
v -22.0 -24.5 -24.0
v -22.2 -24.0 -16.0
v -22.0 -24.0 -15.8
v -22.0 -23.0 -25.3
v -22.0 -23.0 -16.4
v -22.0 -22.0 -25.7
v -22.4 -22.0 -17.0
v -22.0 -22.3 -17.0
v -22.0 -22.0 -17.2
v -22.0 -20.6 -27.0
v -22.0 -21.7 -26.0
v -22.0 -21.0 -17.6
v -22.0 -20.0 -27.4
v -22.0 -20.4 -19.0
v -22.0 -20.6 -18.0
v -22.0 -19.0 -27.7
v -22.0 -19.4 -21.0
v -22.0 -19.0 -21.4
v -22.0 -19.6 -20.0
v -23.0 -18.0 -29.3
v -22.0 -18.0 -28.6
v -22.0 -18.7 -28.0
v -22.0 -18.0 -21.7
v -22.0 -17.0 -29.4
v -22.0 -17.5 -29.0
v -22.0 -17.6 -22.0
v -22.0 -17.0 -22.5
v -22.0 -16.0 -30.3
v -22.0 -16.3 -30.0
v -22.0 -16.4 -23.1
v -23.0 -15.0 -30.7
v -22.0 -15.5 -24.0
v -22.0 -15.0 -24.6
v -22.0 -14.0 -31.4
v -22.0 -14.0 -26.1
v -22.0 -14.1 -26.0
v -22.0 -14.7 -25.0
v -22.0 -13.0 -31.6
v -22.0 -13.0 -26.5
v -22.0 -12.0 -32.3
v -22.0 -12.3 -32.0
v -22.0 -12.0 -26.7
v -22.0 -11.0 -32.4
v -22.0 -11.6 -27.0
v -22.0 -11.0 -27.4
v -22.6 -10.0 -33.0
v -22.0 -10.0 -32.6
v -22.0 -10.0 -27.4
v -22.5 -9.0 -33.0
v -22.0 -9.0 -32.6
v -22.0 -9.4 -27.0
v -22.0 -9.0 -26.5
v -22.4 -8.0 -33.0
v -22.0 -8.0 -32.7
v -22.0 -8.5 -26.0
v -22.5 -8.0 -26.0
v -22.0 -8.0 -25.6
v -22.0 -7.0 -33.2
v -22.0 -7.0 -25.6
v -22.0 -6.0 -33.2
v -22.0 -6.6 -26.0
v -22.0 -5.7 -33.0
v -22.7 -5.0 -33.0
v -22.3 -5.0 -32.0
v -22.0 -5.4 -32.0
v -22.0 -5.0 -31.6
v -22.0 -5.3 -28.0
v -22.0 -5.0 -28.4
v -22.0 -5.7 -27.0
v -22.0 -4.0 -31.2
v -22.0 -4.5 -29.0
v -22.0 -3.9 -31.0
v -22.0 -3.9 -30.0
v -21.0 -41.0 -8.7
v -21.0 -41.8 -8.0
v -21.0 -41.4 -7.0
v -21.0 -41.0 -6.6
v -21.0 -40.0 -9.7
v -21.6 -40.0 -7.0
v -21.0 -40.0 -6.5
v -22.0 -39.0 -11.5
v -21.0 -39.4 -11.0
v -21.0 -39.7 -10.0
v -21.5 -39.0 -7.0
v -21.0 -39.0 -6.5
v -21.0 -38.0 -12.5
v -21.9 -38.0 -8.0
v -21.4 -38.0 -7.0
v -21.0 -38.0 -6.3
v -21.0 -37.1 -15.0
v -21.0 -37.2 -14.0
v -21.4 -37.0 -14.0
v -21.0 -37.5 -13.0
v -21.7 -37.0 -7.0
v -21.0 -37.7 -6.0
v -21.4 -37.0 -6.0
v -21.0 -37.3 -5.0
v -21.2 -37.0 -5.0
v -21.0 -37.0 -4.7
v -21.2 -36.0 -16.0
v -21.0 -36.0 -16.1
v -21.6 -36.0 -6.0
v -21.4 -36.0 -5.0
v -21.0 -36.0 -4.5
v -22.0 -35.0 -17.3
v -21.0 -35.0 -16.6
v -21.6 -35.0 -6.0
v -21.2 -35.0 -5.0
v -21.0 -35.0 -4.7
v -21.5 -34.0 -18.0
v -21.0 -34.0 -17.5
v -21.0 -34.5 -17.0
v -21.3 -34.0 -6.0
v -21.0 -34.0 -5.7
v -21.0 -34.7 -5.0
v -21.6 -33.0 -20.0
v -21.0 -33.3 -19.0
v -21.0 -33.6 -18.0
v -21.0 -33.4 -7.0
v -21.0 -33.0 -7.8
v -21.0 -33.8 -6.0
v -21.0 -32.0 -21.3
v -21.0 -32.3 -21.0
v -21.0 -32.6 -20.0
v -21.3 -32.0 -10.0
v -21.0 -32.4 -10.0
v -21.0 -32.0 -10.3
v -21.0 -33.0 -9.0
v -21.0 -32.8 -8.0
v -21.0 -31.0 -21.6
v -21.3 -31.0 -10.0
v -21.0 -31.0 -10.3
v -21.0 -30.0 -21.6
v -21.0 -30.0 -9.9
v -21.0 -29.0 -21.7
v -21.0 -29.8 -10.0
v -21.0 -29.0 -10.5
v -22.0 -28.0 -21.7
v -21.0 -28.0 -22.3
v -21.0 -28.5 -11.0
v -21.0 -28.0 -11.5
v -21.0 -27.0 -22.6
v -21.0 -27.4 -15.0
v -21.0 -27.0 -15.4
v -22.0 -27.5 -14.0
v -21.9 -27.5 -13.0
v -21.0 -27.6 -12.0
v -21.0 -26.0 -23.4
v -21.0 -26.5 -23.0
v -21.0 -26.0 -15.7
v -21.0 -25.0 -23.6
v -21.0 -25.0 -15.7
v -21.0 -24.4 -24.0
v -21.0 -24.0 -16.2
v -21.0 -22.6 -25.0
v -21.0 -23.0 -24.7
v -21.0 -23.0 -15.9
v -21.0 -22.0 -25.5
v -21.0 -22.4 -17.0
v -21.0 -22.0 -17.4
v -21.0 -22.9 -16.0
v -21.0 -21.0 -26.5
v -21.0 -21.5 -26.0
v -21.0 -21.0 -17.8
v -21.0 -20.0 -27.3
v -21.0 -20.4 -19.0
v -21.0 -20.8 -18.0
v -21.0 -19.0 -27.6
v -21.0 -19.4 -21.0
v -21.0 -19.0 -21.5
v -21.0 -19.6 -20.0
v -21.0 -18.4 -28.0
v -21.0 -18.4 -22.0
v -21.0 -18.0 -22.4
v -21.0 -17.0 -28.7
v -21.0 -16.6 -29.0
v -21.0 -17.0 -22.8
v -21.0 -16.0 -23.7
v -21.0 -15.0 -30.5
v -21.0 -15.6 -30.0
v -21.5 -15.0 -25.0
v -21.0 -15.3 -25.0
v -21.0 -15.0 -25.3
v -21.0 -15.7 -24.0
v -21.0 -14.0 -31.2
v -21.0 -14.0 -25.8
v -21.0 -13.0 -31.4
v -21.0 -13.0 -26.4
v -21.7 -12.0 -32.0
v -21.0 -12.0 -31.6
v -21.0 -12.0 -26.6
v -21.2 -11.0 -31.9
v -21.0 -11.0 -31.7
v -21.0 -11.3 -27.0
v -21.0 -11.0 -27.2
v -21.0 -10.0 -32.3
v -21.0 -10.0 -27.2
v -21.0 -9.0 -32.4
v -21.0 -9.8 -27.0
v -21.0 -9.5 -26.0
v -21.6 -9.0 -26.0
v -21.0 -9.3 -25.0
v -21.2 -9.0 -25.0
v -21.0 -9.0 -24.7
v -21.0 -8.0 -32.3
v -21.3 -8.0 -25.0
v -21.0 -8.0 -24.7
v -21.7 -7.0 -33.0
v -21.0 -7.5 -32.0
v -21.3 -7.0 -32.0
v -21.0 -7.0 -31.7
v -21.0 -7.7 -25.0
v -21.0 -7.0 -25.5
v -21.8 -6.0 -33.0
v -21.5 -6.0 -32.0
v -21.0 -6.0 -31.4
v -21.0 -6.5 -26.0
v -21.0 -6.0 -26.5
v -21.4 -5.0 -31.0
v -21.0 -5.5 -31.0
v -20.4 -5.0 -27.0
v -21.0 -5.4 -27.0
v -21.8 -4.0 -31.0
v -21.0 -4.6 -30.0
v -21.9 -4.0 -30.0
v -21.0 -4.5 -29.0
v -21.0 -4.7 -28.0
v -20.5 -41.0 -9.0
v -20.0 -41.0 -9.4
v -20.0 -41.3 -9.0
v -20.0 -41.6 -8.0
v -20.0 -41.4 -7.0
v -20.0 -41.0 -6.5
v -20.6 -40.0 -10.0
v -20.0 -40.0 -10.4
v -20.0 -40.5 -10.0
v -20.0 -40.5 -6.0
v -20.5 -40.0 -6.0
v -20.0 -40.4 -5.0
v -20.0 -40.3 -4.0
v -20.2 -40.0 -4.0
v -19.5 -40.0 -3.0
v -20.0 -39.0 -11.5
v -20.0 -39.5 -11.0
v -20.6 -39.0 -6.0
v -20.5 -39.0 -5.0
v -20.4 -39.0 -4.0
v -20.0 -38.5 -12.0
v -20.8 -38.0 -6.0
v -20.6 -38.0 -5.0
v -20.4 -38.0 -4.0
v -20.0 -39.0 -3.5
v -20.5 -37.0 -14.0
v -20.0 -37.5 -13.0
v -20.5 -37.0 -4.0
v -20.0 -37.0 -3.5
v -20.0 -36.4 -15.0
v -20.0 -36.7 -14.0
v -20.5 -36.0 -4.0
v -20.0 -36.0 -3.5
v -20.4 -35.0 -16.0
v -20.0 -35.0 -15.7
v -20.0 -35.0 -3.8
v -20.6 -34.0 -17.0
v -19.9 -34.0 -16.1
v -20.0 -34.4 -5.0
v -20.0 -34.0 -5.6
v -20.0 -34.7 -4.0
v -20.7 -33.0 -19.0
v -20.5 -33.0 -18.0
v -20.4 -33.0 -17.0
v -20.1 -33.0 -16.0
v -20.0 -33.1 -10.0
v -20.0 -33.0 -10.1
v -20.7 -33.0 -8.0
v -20.0 -33.4 -8.0
v -20.0 -33.6 -7.0
v -20.0 -33.8 -6.0
v -20.6 -32.0 -21.0
v -20.5 -32.0 -20.0
v -20.3 -32.0 -19.0
v -20.0 -32.0 -10.6
v -20.3 -31.0 -22.0
v -20.0 -31.0 -22.2
v -20.0 -31.5 -22.0
v -20.0 -31.5 -21.0
v -20.0 -31.5 -20.0
v -20.0 -31.6 -19.0
v -20.0 -31.0 -10.6
v -20.5 -30.0 -22.0
v -20.0 -30.0 -22.4
v -20.0 -30.0 -10.5
v -20.6 -29.0 -22.0
v -20.0 -29.0 -22.5
v -20.0 -29.0 -10.7
v -20.0 -28.0 -22.6
v -20.0 -28.0 -11.5
v -20.0 -27.0 -22.7
v -20.0 -27.4 -15.0
v -20.0 -27.0 -15.4
v -20.0 -27.5 -14.0
v -20.0 -27.5 -13.0
v -20.0 -27.6 -12.0
v -20.0 -26.0 -23.4
v -20.0 -26.6 -23.0
v -20.2 -26.0 -16.0
v -20.0 -26.0 -16.1
v -20.0 -25.0 -23.5
v -20.5 -25.0 -16.0
v -21.0 -24.0 -24.3
v -20.0 -24.0 -23.7
v -20.0 -24.0 -16.4
v -20.0 -23.0 -24.5
v -20.0 -23.6 -24.0
v -20.0 -23.0 -16.0
v -20.0 -22.0 -25.5
v -20.0 -22.5 -25.0
v -20.0 -22.5 -17.0
v -20.0 -22.0 -17.6
v -20.6 -21.0 -18.0
v -20.0 -21.5 -18.0
v -20.0 -21.0 -18.5
v -20.0 -20.6 -19.0
v -20.0 -20.0 -19.7
v -20.0 -20.0 -26.7
v -20.0 -19.4 -21.0
v -20.0 -19.0 -21.6
v -20.0 -19.7 -20.0
v -21.0 -18.0 -28.3
v -20.0 -18.0 -27.7
v -20.0 -18.0 -23.2
v -20.0 -18.2 -23.0
v -20.0 -18.7 -22.0
v -20.0 -17.0 -28.3
v -20.0 -17.5 -28.0
v -20.7 -17.0 -23.0
v -20.0 -17.0 -23.6
v -21.0 -16.0 -29.5
v -20.0 -16.0 -28.6
v -20.3 -16.1 -24.2
v -20.0 -15.0 -30.2
v -20.0 -15.2 -30.0
v -20.0 -15.6 -29.0
v -20.0 -15.6 -25.0
v -20.0 -15.0 -25.6
v -20.7 -14.0 -31.0
v -20.0 -14.0 -30.4
v -21.0 -13.8 -26.0
v -20.0 -14.5 -26.0
v -20.0 -14.0 -26.3
v -20.4 -13.0 -31.0
v -20.0 -13.0 -30.6
v -20.0 -13.0 -26.5
v -20.0 -12.0 -31.2
v -20.0 -12.4 -31.0
v -20.0 -12.0 -26.5
v -20.0 -11.0 -31.4
v -20.7 -11.0 -27.0
v -20.0 -11.0 -26.3
v -20.6 -10.0 -32.0
v -20.0 -10.0 -31.4
v -20.8 -10.0 -27.0
v -20.0 -10.6 -26.0
v -20.5 -10.0 -26.0
v -20.1 -10.3 -25.0
v -20.0 -10.0 -24.5
v -20.5 -9.0 -32.0
v -20.0 -9.0 -31.5
v -20.0 -9.3 -24.0
v -20.0 -8.0 -31.5
v -20.0 -9.0 -23.8
v -20.0 -7.0 -31.3
v -20.0 -7.0 -25.4
v -20.1 -6.4 -30.9
v -20.0 -6.0 -30.5
v -20.0 -6.3 -26.0
v -20.0 -6.0 -26.3
v -21.0 -4.9 -30.4
v -20.0 -5.5 -30.0
v -20.0 -5.0 -26.8
v -20.0 -4.7 -29.0
v -20.0 -4.6 -28.0
v -20.0 -4.8 -27.0
v -19.0 -41.1 -10.0
v -19.0 -41.4 -9.0
v -19.0 -41.4 -8.0
v -19.0 -41.2 -7.0
v -19.2 -41.0 -5.0
v -19.0 -41.0 -5.2
v -19.0 -41.1 -5.0
v -19.0 -41.4 -4.0
v -19.4 -41.0 -4.0
v -19.0 -41.3 -3.0
v -19.3 -41.0 -3.0
v -19.0 -41.0 -2.7
v -19.0 -40.0 -10.7
v -19.0 -40.6 -6.0
v -19.0 -40.0 -2.5
v -19.0 -38.9 -11.8
v -19.1 -39.2 -2.6
v -19.0 -38.0 -12.5
v -19.5 -38.0 -3.0
v -19.0 -37.0 -13.6
v -19.0 -37.5 -13.0
v -19.5 -37.0 -3.0
v -19.0 -37.0 -2.4
v -20.0 -36.0 -15.4
v -19.0 -36.0 -14.6
v -19.0 -36.6 -14.0
v -19.5 -36.0 -3.0
v -19.0 -35.0 -15.2
v -18.8 -35.0 -15.0
v -19.0 -35.4 -3.0
v -19.0 -35.0 -3.5
v -19.0 -36.0 -2.0
v -19.8 -34.0 -16.0
v -19.0 -34.7 -15.0
v -19.3 -34.0 -15.0
v -19.0 -34.0 -14.7
v -19.4 -34.0 -7.0
v -19.0 -34.3 -7.0
v -19.7 -34.0 -6.0
v -19.0 -34.4 -6.0
v -19.0 -34.5 -5.0
v -19.0 -34.5 -4.0
v -19.1 -34.0 -3.0
v -19.0 -34.0 -3.2
v -19.0 -34.2 -3.0
v -19.3 -33.0 -15.0
v -19.0 -33.0 -14.6
v -19.0 -33.3 -10.0
v -19.0 -33.0 -10.4
v -20.0 -33.0 -9.0
v -19.0 -33.4 -9.0
v -19.0 -33.7 -8.0
v -19.9 -33.0 -4.0
v -19.0 -33.0 -4.3
v -19.0 -33.5 -4.0
v -19.4 -33.0 -3.0
v -19.0 -33.0 -2.6
v -19.7 -32.0 -18.0
v -19.6 -32.0 -17.0
v -19.4 -32.0 -16.0
v -19.0 -32.0 -15.5
v -19.0 -32.6 -15.0
v -19.3 -32.0 -11.0
v -19.0 -32.0 -11.2
v -19.8 -32.0 -4.0
v -19.0 -32.0 -4.2
v -19.8 -31.0 -22.0
v -19.6 -31.0 -21.0
v -19.6 -31.0 -20.0
v -19.6 -31.0 -19.0
v -19.5 -31.0 -18.0
v -19.3 -31.0 -17.0
v -19.0 -31.0 -16.6
v -19.0 -31.5 -16.0
v -19.5 -31.0 -11.0
v -19.0 -31.0 -11.4
v -19.0 -31.8 -4.0
v -19.0 -30.0 -22.9
v -19.0 -30.3 -22.0
v -19.3 -30.0 -21.0
v -19.4 -30.0 -20.0
v -19.4 -30.0 -19.0
v -19.2 -30.0 -18.0
v -19.0 -30.0 -17.6
v -19.0 -30.6 -17.0
v -19.0 -30.0 -11.2
v -19.3 -29.0 -23.0
v -19.0 -29.0 -23.2
v -19.0 -29.9 -23.0
v -19.0 -29.7 -21.0
v -19.0 -29.6 -20.0
v -19.0 -29.6 -19.0
v -19.0 -29.8 -18.0
v -19.5 -29.0 -11.0
v -19.0 -29.0 -11.2
v -19.4 -28.0 -23.0
v -19.0 -28.0 -11.5
v -19.6 -27.0 -23.0
v -19.0 -27.0 -23.4
v -19.0 -27.2 -15.0
v -19.0 -27.0 -15.2
v -19.0 -27.4 -14.0
v -19.0 -27.4 -13.0
v -19.0 -27.5 -12.0
v -19.0 -26.0 -23.4
v -19.0 -26.0 -15.5
v -19.0 -25.0 -23.5
v -20.0 -25.0 -16.3
v -19.0 -25.0 -15.7
v -19.0 -24.0 -23.6
v -19.0 -24.6 -16.0
v -19.0 -24.0 -16.5
v -19.0 -23.0 -24.5
v -19.0 -23.5 -24.0
v -19.4 -23.0 -17.0
v -19.0 -23.4 -17.0
v -19.0 -22.0 -25.4
v -19.0 -22.5 -25.0
v -19.5 -22.0 -18.0
v -19.0 -22.4 -18.1
v -20.0 -21.0 -26.3
v -19.0 -21.0 -25.7
v -19.5 -21.0 -19.0
v -19.0 -21.0 -19.5
v -19.0 -20.0 -26.4
v -19.0 -20.6 -26.0
v -19.6 -20.0 -20.0
v -19.0 -20.0 -20.4
v -20.0 -19.0 -27.3
v -19.0 -19.3 -22.0
v -19.0 -19.0 -22.5
v -19.0 -19.6 -21.0
v -19.0 -18.0 -27.3
v -19.0 -19.0 -26.7
v -19.0 -18.6 -23.0
v -19.0 -18.0 -23.6
v -19.7 -17.0 -28.0
v -19.0 -17.0 -27.4
v -20.0 -16.6 -24.0
v -19.6 -16.0 -28.0
v -19.0 -16.3 -27.0
v -19.2 -16.0 -27.0
v -19.0 -16.0 -26.5
v -19.5 -16.0 -25.0
v -18.9 -16.6 -25.0
v -19.0 -16.0 -25.7
v -19.8 -15.0 -30.0
v -19.6 -15.0 -29.0
v -19.3 -15.0 -28.0
v -19.0 -15.0 -26.8
v -19.5 -15.0 -26.0
v -19.0 -15.7 -26.0
v -19.6 -14.0 -30.0
v -19.4 -14.0 -29.0
v -19.0 -14.0 -28.4
v -18.7 -14.0 -28.0
v -19.0 -14.0 -26.6
v -19.6 -13.0 -30.0
v -19.4 -13.0 -29.0
v -19.0 -13.0 -28.5
v -19.0 -13.0 -26.5
v -19.8 -12.0 -31.0
v -19.3 -12.0 -29.0
v -19.0 -12.0 -28.7
v -19.0 -12.0 -26.4
v -19.6 -11.0 -31.0
v -19.4 -11.0 -30.0
v -19.0 -11.0 -29.4
v -19.0 -11.6 -26.0
v -19.6 -11.0 -26.0
v -19.0 -11.2 -25.0
v -19.0 -11.0 -24.7
v -19.6 -9.5 -31.0
v -19.4 -10.0 -30.0
v -19.0 -10.5 -24.0
v -19.6 -10.0 -24.0
v -19.0 -10.0 -23.0
v -19.0 -10.0 -23.0
v -19.0 -9.0 -23.3
v -19.6 -8.0 -31.0
v -19.4 -7.1 -30.0
v -19.0 -7.0 -29.5
v -20.0 -8.0 -24.4
v -19.0 -8.0 -23.7
v -19.8 -7.0 -31.0
v -19.0 -7.7 -24.0
v -19.6 -6.0 -30.0
v -19.0 -6.0 -29.3
v -19.3 -6.0 -26.0
v -19.0 -6.7 -25.0
v -19.7 -5.0 -29.0
v -19.0 -5.7 -29.0
v -19.4 -5.0 -28.0
v -19.0 -5.3 -28.0
v -19.0 -5.0 -27.1
v -19.0 -6.0 -25.8
v -19.0 -5.0 -26.9
v -18.0 -43.0 -3.0
v -18.0 -43.3 -2.0
v -18.3 -43.0 -2.0
v -18.0 -43.1 -1.0
v -18.1 -43.0 -1.0
v -18.5 -42.0 -3.0
v -18.0 -42.0 -3.6
v -18.4 -42.0 -2.0
v -18.0 -42.0 -1.4
v -18.9 -41.0 -10.0
v -18.6 -41.0 -9.0
v -18.5 -41.0 -8.0
v -18.7 -41.0 -7.0
v -18.0 -41.0 -4.8
v -18.0 -41.6 -4.0
v -18.5 -41.0 -2.0
v -18.0 -41.0 -1.4
v -18.0 -40.1 -11.0
v -18.0 -40.4 -10.0
v -17.9 -40.4 -8.9
v -18.0 -40.5 -8.0
v -18.0 -40.3 -7.0
v -18.1 -40.0 -6.0
v -18.0 -40.0 -6.2
v -18.0 -40.0 -5.9
v -18.0 -40.8 -5.0
v -18.6 -40.0 -2.0
v -18.0 -40.0 -0.9
v -18.5 -39.0 -12.0
v -18.0 -39.0 -12.4
v -18.0 -39.3 -12.0
v -18.0 -39.9 -6.0
v -18.5 -39.0 -2.0
v -18.0 -39.0 -1.4
v -18.1 -40.0 -1.0
v -18.0 -38.0 -12.8
v -18.5 -38.0 -2.0
v -18.0 -38.0 -1.5
v -18.0 -37.1 -14.0
v -18.0 -37.7 -13.0
v -18.6 -37.0 -2.0
v -18.0 -37.0 -1.6
v -18.0 -36.0 -14.5
v -18.0 -36.0 -1.8
v -18.0 -35.0 -14.5
v -18.5 -35.0 -4.0
v -18.0 -35.3 -4.0
v -18.0 -35.0 -4.5
v -18.0 -35.4 -3.0
v -18.0 -35.7 -2.0
v -18.0 -34.0 -13.9
v -18.0 -34.3 -8.0
v -18.0 -34.0 -8.4
v -18.0 -34.5 -7.0
v -18.0 -34.6 -6.0
v -18.0 -34.7 -5.0
v -18.0 -34.5 -3.0
v -18.0 -34.0 -3.5
v -18.0 -34.4 -2.0
v -18.3 -34.0 -2.0
v -18.0 -34.0 -1.6
v -18.0 -33.0 -13.8
v -18.0 -33.4 -10.0
v -18.0 -33.0 -10.4
v -18.0 -33.6 -9.0
v -18.0 -33.0 -4.2
v -18.0 -33.3 -4.0
v -18.4 -33.0 -2.0
v -18.1 -33.0 -1.0
v -18.4 -32.0 -15.0
v -18.0 -31.9 -14.7
v -18.0 -32.7 -14.0
v -18.0 -32.0 -11.2
v -18.0 -32.7 -4.0
v -18.8 -32.0 -4.0
v -19.0 -32.0 -3.0
v -18.0 -32.5 -3.0
v -18.0 -32.6 -2.0
v -18.0 -32.9 -1.0
v -18.4 -31.0 -16.0
v -18.0 -30.7 -15.9
v -18.0 -31.0 -11.3
v -18.4 -30.0 -17.0
v -18.0 -30.0 -16.7
v -18.0 -30.6 -11.0
v -18.6 -30.0 -11.0
v -18.0 -30.0 -10.6
v -18.7 -29.0 -23.0
v -18.0 -29.0 -22.4
v -18.0 -29.3 -22.0
v -18.3 -29.0 -21.0
v -18.0 -29.0 -21.5
v -18.3 -28.9 -20.0
v -18.0 -29.4 -18.0
v -18.0 -29.7 -17.0
v -18.7 -29.0 -11.0
v -18.0 -29.0 -10.1
v -19.0 -28.0 -23.3
v -18.0 -28.0 -22.7
v -18.0 -28.8 -21.0
v -18.0 -28.7 -20.0
v -18.5 -28.0 -11.0
v -18.0 -28.0 -10.6
v -18.0 -27.0 -23.3
v -18.0 -27.5 -23.0
v -18.8 -27.0 -15.0
v -18.6 -27.0 -14.0
v -18.6 -27.0 -13.0
v -18.4 -27.0 -12.0
v -18.0 -26.0 -22.9
v -18.4 -26.0 -15.0
v -18.0 -26.3 -14.0
v -18.0 -26.1 -13.0
v -18.0 -26.6 -12.0
v -18.0 -27.0 -11.0
v -18.0 -25.0 -23.4
v -18.0 -26.0 -22.9
v -18.0 -25.5 -15.0
v -18.0 -25.0 -15.4
v -18.0 -24.0 -23.7
v -18.0 -24.4 -16.0
v -18.0 -24.0 -16.4
v -18.0 -22.6 -25.0
v -18.0 -23.7 -24.0
v -18.0 -23.0 -18.3
v -18.0 -23.3 -18.0
v -18.0 -23.6 -17.0
v -18.0 -22.0 -25.4
v -18.4 -22.0 -19.0
v -18.0 -22.3 -19.1
v -18.0 -21.0 -25.7
v -18.0 -21.3 -20.0
v -18.0 -21.0 -20.3
v -18.0 -20.0 -26.4
v -18.0 -20.6 -26.0
v -18.0 -20.0 -20.6
v -18.0 -19.0 -26.5
v -18.5 -19.0 -23.0
v -18.0 -19.4 -23.0
v -18.0 -19.0 -23.5
v -18.0 -19.5 -22.0
v -18.0 -19.7 -21.0
v -18.6 -18.0 -27.0
v -18.0 -18.0 -26.5
v -18.5 -18.0 -24.0
v -18.6 -17.0 -27.0
v -18.0 -17.0 -26.2
v -18.2 -17.4 -25.0
v -18.8 -16.0 -26.0
v -18.0 -16.9 -26.0
v -18.9 -15.0 -27.0
v -18.6 -14.0 -27.0
v -18.5 -13.0 -28.0
v -18.0 -13.0 -27.1
v -17.9 -13.0 -27.0
v -18.0 -13.0 -26.9
v -18.3 -12.0 -28.0
v -18.0 -12.0 -27.6
v -18.0 -12.0 -26.3
v -18.6 -11.0 -29.0
v -18.0 -11.0 -28.4
v -18.0 -11.5 -28.0
v -18.0 -11.8 -26.0
v -18.0 -11.5 -25.0
v -18.0 -11.0 -24.3
v -18.9 -10.0 -29.5
v -18.0 -10.0 -28.5
v -18.0 -10.8 -24.0
v -18.0 -10.4 -23.0
v -18.0 -10.0 -22.7
v -18.0 -9.0 -22.7
v -18.3 -7.8 -28.8
v -18.0 -8.6 -23.0
v -18.0 -8.0 -23.5
v -18.5 -7.0 -29.0
v -18.0 -7.0 -28.5
v -18.0 -7.5 -24.0
v -18.0 -7.0 -24.5
v -18.7 -6.0 -29.0
v -18.3 -6.0 -27.0
v -18.0 -6.4 -27.0
v -18.8 -6.0 -26.0
v -18.0 -6.4 -26.0
v -18.0 -6.6 -25.0
v -18.0 -5.9 -28.0
v -19.0 -5.0 -27.0
v -17.1 -44.0 -1.0
v -17.0 -44.1 -1.0
v -17.0 -44.3 0.0
v -17.3 -44.0 0.0
v -17.0 -44.1 1.0
v -17.1 -44.0 1.0
v -18.0 -43.0 -3.0
v -17.0 -43.0 -2.6
v -17.0 -43.5 -2.0
v -17.4 -43.0 0.0
v -17.0 -43.0 0.5
v -17.0 -44.0 1.1
v -17.3 -42.0 -4.0
v -17.0 -42.1 -4.0
v -17.0 -42.7 -3.0
v -17.7 -42.0 -1.0
v -17.3 -42.0 0.0
v -17.4 -41.0 -5.0
v -17.0 -41.0 -5.1
v -17.0 -41.2 -5.0
v -17.6 -41.0 -1.0
v -17.0 -41.0 -0.4
v -17.0 -42.0 0.2
v -17.8 -40.0 -11.0
v -17.5 -40.0 -10.0
v -17.5 -40.0 -8.0
v -17.7 -40.0 -7.0
v -17.0 -40.0 -5.6
v -17.0 -40.0 -0.4
v -17.0 -39.0 -12.9
v -17.0 -39.4 -12.0
v -17.0 -39.5 -11.0
v -17.0 -39.5 -10.0
v -17.0 -39.5 -9.0
v -17.0 -39.4 -8.0
v -17.0 -39.0 -7.3
v -17.1 -39.0 -7.0
v -17.0 -39.5 -6.0
v -17.0 -38.9 -7.0
v -17.6 -39.0 -1.0
v -17.0 -39.0 -0.5
v -17.5 -38.0 -13.0
v -17.0 -38.0 -13.3
v -17.0 -38.9 -13.0
v -17.4 -38.0 -1.0
v -17.0 -38.0 -0.7
v -18.0 -37.0 -14.1
v -17.0 -37.0 -13.6
v -17.0 -37.6 -1.0
v -17.0 -37.0 -1.5
v -17.0 -36.0 -14.3
v -17.0 -36.4 -14.0
v -17.6 -36.0 -2.0
v -17.0 -36.5 -2.0
v -17.0 -35.0 -14.4
v -17.4 -35.0 -6.0
v -17.0 -35.3 -6.0
v -17.0 -35.0 -6.5
v -17.0 -35.5 -5.0
v -17.0 -35.6 -4.0
v -17.0 -35.7 -3.0
v -17.0 -35.1 -1.0
v -17.1 -35.0 -1.0
v -18.0 -34.0 -13.9
v -17.0 -34.0 -14.1
v -17.0 -34.4 -8.0
v -17.0 -34.0 -8.5
v -17.0 -34.7 -7.0
v -17.0 -34.0 -3.5
v -17.0 -34.5 -3.0
v -17.0 -34.6 -2.0
v -17.6 -34.0 -1.0
v -17.0 -34.4 0.0
v -17.3 -34.0 0.0
v -17.0 -34.0 0.2
v -17.0 -33.0 -13.7
v -17.0 -33.2 -10.0
v -17.0 -33.0 -10.2
v -17.0 -33.5 -9.0
v -17.0 -33.0 -4.1
v -17.2 -33.0 0.0
v -17.0 -33.0 0.2
v -17.0 -32.0 -14.5
v -17.0 -32.6 -14.0
v -17.7 -32.0 -11.0
v -17.0 -32.0 -10.4
v -17.0 -32.9 -4.0
v -17.0 -32.5 -3.0
v -17.0 -32.5 -2.0
v -17.0 -32.5 -1.0
v -17.0 -32.8 0.0
v -17.0 -31.0 -15.5
v -17.0 -31.5 -15.0
v -17.7 -31.0 -11.0
v -17.0 -31.0 -10.4
v -17.0 -30.0 -16.4
v -17.0 -30.4 -16.0
v -17.0 -30.0 -10.0
v -17.0 -30.0 -10.0
v -17.0 -29.0 -22.0
v -18.0 -29.3 -19.0
v -17.4 -29.0 -18.0
v -17.0 -29.4 -17.0
v -17.0 -29.0 -10.4
v -17.0 -28.0 -22.5
v -17.0 -28.6 -21.0
v -17.0 -28.4 -20.0
v -17.0 -28.6 -19.0
v -17.0 -28.7 -18.0
v -17.0 -28.0 -10.8
v -17.0 -27.0 -23.1
v -17.0 -27.7 -11.0
v -17.0 -27.0 -11.8
v -17.0 -26.9 -23.0
v -17.0 -26.0 -22.6
v -17.7 -26.0 -14.0
v -17.0 -26.0 -13.4
v -17.0 -26.4 -13.0
v -17.0 -25.0 -23.3
v -17.0 -25.4 -23.1
v -17.6 -25.0 -15.0
v -17.4 -24.0 -24.0
v -17.0 -24.0 -24.2
v -17.0 -24.0 -15.7
v -17.0 -24.5 -15.0
v -17.0 -25.0 -14.0
v -17.0 -23.0 -25.1
v -17.0 -23.4 -18.0
v -17.0 -23.5 -17.0
v -17.0 -23.8 -16.0
v -17.0 -22.0 -25.4
v -17.0 -22.1 -22.0
v -17.1 -22.0 -22.0
v -17.0 -23.0 -18.7
v -17.0 -21.0 -26.1
v -17.2 -21.0 -23.0
v -17.0 -21.4 -23.0
v -17.0 -21.0 -23.3
v -17.3 -21.0 -22.0
v -17.0 -21.0 -21.5
v -17.0 -21.8 -19.9
v -17.0 -21.0 -20.7
v -17.0 -20.0 -26.4
v -17.4 -20.0 -23.0
v -17.0 -20.0 -23.5
v -17.0 -20.0 -20.9
v -17.0 -19.0 -26.5
v -17.5 -19.0 -24.0
v -17.0 -19.5 -24.0
v -17.0 -19.0 -24.4
v -17.0 -19.9 -22.0
v -17.0 -19.9 -21.0
v -17.0 -18.0 -26.2
v -17.5 -18.0 -25.0
v -17.0 -18.4 -25.0
v -17.0 -17.7 -26.0
v -17.0 -12.3 -27.0
v -17.0 -12.5 -26.0
v -17.0 -12.3 -25.0
v -17.0 -12.0 -24.6
v -17.6 -11.0 -28.0
v -17.0 -11.0 -27.6
v -17.0 -11.6 -24.0
v -17.7 -11.0 -24.0
v -17.0 -11.1 -23.0
v -17.0 -11.0 -22.9
v -17.5 -10.0 -28.0
v -17.0 -10.0 -27.6
v -17.0 -10.0 -22.5
v -17.5 -9.0 -28.0
v -17.0 -9.0 -27.6
v -17.0 -9.0 -22.6
v -17.5 -8.0 -28.0
v -17.0 -8.0 -23.4
v -17.6 -7.0 -28.0
v -17.0 -7.5 -27.0
v -17.4 -7.0 -27.0
v -17.0 -7.4 -24.0
v -17.0 -7.0 -24.4
v -17.9 -6.0 -28.0
v -17.0 -6.7 -26.0
v -17.0 -6.6 -25.0
v -16.4 -45.0 1.0
v -16.0 -45.0 0.7
v -16.0 -45.2 1.0
v -16.5 -45.0 2.0
v -16.0 -45.0 2.3
v -16.0 -44.5 0.0
v -16.0 -44.6 2.0
v -16.0 -44.0 1.6
v -16.0 -43.4 -2.0
v -16.0 -43.7 -1.0
v -16.0 -43.4 1.0
v -16.0 -43.0 0.7
v -16.0 -42.0 -3.6
v -16.0 -42.5 -3.0
v -16.0 -42.0 0.5
v -16.0 -41.0 -4.6
v -16.0 -41.6 -4.0
v -16.6 -41.0 0.0
v -16.0 -41.0 0.5
v -16.0 -40.0 -5.4
v -16.0 -40.6 -5.0
v -16.5 -40.0 0.0
v -16.0 -40.0 0.4
v -16.6 -39.0 -12.0
v -16.5 -39.0 -11.0
v -16.5 -39.0 -10.0
v -16.6 -39.0 -9.0
v -16.7 -39.0 -8.0
v -16.0 -38.7 -6.0
v -16.0 -39.0 -5.7
v -16.0 -39.0 0.1
v -16.7 -38.0 -13.0
v -16.0 -38.0 -12.4
v -16.0 -38.4 -12.0
v -16.0 -38.6 -11.0
v -16.0 -38.4 -10.0
v -16.3 -38.0 -9.0
v -16.3 -38.0 -8.0
v -16.0 -38.3 -7.0
v -16.0 -38.0 -7.5
v -16.0 -39.0 0.1
v -16.0 -38.0 -0.5
v -16.0 -37.0 -12.7
v -16.0 -37.7 -9.0
v -16.0 -37.7 -8.0
v -16.2 -37.0 -4.0
v -16.0 -37.2 -4.0
v -16.0 -37.0 -4.4
v -16.4 -37.0 -3.0
v -16.0 -37.4 -3.0
v -16.5 -37.0 -2.0
v -16.0 -37.3 -2.0
v -16.0 -37.1 -1.0
v -16.7 -36.0 -14.0
v -16.0 -36.0 -13.4
v -16.0 -36.6 -13.0
v -16.4 -36.0 -5.0
v -16.0 -36.0 -5.6
v -16.6 -36.0 -4.0
v -16.8 -36.0 -3.0
v -16.5 -35.0 -14.0
v -16.0 -35.0 -13.6
v -16.4 -35.0 -7.0
v -16.0 -35.3 -7.0
v -16.0 -35.0 -7.3
v -16.0 -35.7 -6.0
v -16.0 -35.0 -1.5
v -16.0 -35.4 -1.0
v -16.0 -35.3 0.0
v -16.4 -35.0 0.0
v -16.0 -35.0 0.3
v -17.0 -34.0 -14.1
v -16.0 -34.0 -13.6
v -16.0 -34.3 -8.0
v -16.0 -34.0 -8.2
v -16.0 -34.0 -3.5
v -16.0 -34.4 -3.0
v -16.0 -34.6 -2.0
v -16.0 -34.0 0.5
v -16.0 -33.0 -13.7
v -16.8 -33.0 -10.0
v -16.5 -33.0 -9.0
v -16.0 -33.0 -8.4
v -16.1 -33.0 -5.0
v -16.0 -33.0 -5.6
v -16.0 -33.1 -5.0
v -16.0 -33.0 -3.7
v -16.0 -33.0 0.3
v -16.0 -32.0 -14.4
v -16.0 -32.6 -14.0
v -16.6 -32.0 -10.0
v -16.5 -32.0 -9.0
v -16.1 -32.0 -8.0
v -16.0 -32.9 -5.0
v -16.0 -32.6 -3.0
v -16.0 -32.5 -2.0
v -16.0 -32.5 -1.0
v -16.0 -32.7 0.0
v -16.0 -31.0 -15.4
v -16.0 -31.5 -15.0
v -16.6 -31.0 -10.0
v -16.3 -31.0 -9.0
v -16.0 -31.0 -8.4
v -16.0 -32.0 -7.8
v -16.0 -30.0 -15.8
v -16.0 -30.0 -10.2
v -16.0 -30.3 -10.0
v -16.0 -30.3 -9.0
v -16.5 -29.0 -17.0
v -16.0 -29.0 -16.5
v -16.0 -29.7 -16.0
v -16.0 -29.0 -10.7
v -16.5 -28.0 -22.0
v -16.0 -28.1 -21.0
v -16.4 -28.0 -20.0
v -16.0 -28.0 -20.8
v -16.0 -28.0 -19.3
v -16.0 -28.2 -19.0
v -16.0 -28.3 -18.0
v -16.0 -28.5 -17.0
v -16.7 -28.0 -11.0
v -16.0 -28.6 -11.0
v -15.9 -27.0 -22.1
v -15.9 -27.0 -22.0
v -16.3 -27.0 -20.0
v -16.0 -27.0 -20.5
v -16.0 -27.7 -19.0
v -16.4 -27.0 -19.0
v -16.0 -27.1 -18.0
v -16.0 -27.0 -18.0
v -16.0 -27.0 -16.0
v -16.0 -27.1 -16.0
v -16.2 -27.0 -15.0
v -16.0 -27.3 -15.0
v -16.3 -27.0 -14.0
v -16.0 -27.3 -14.0
v -16.5 -27.0 -13.0
v -16.0 -27.5 -13.0
v -17.0 -26.9 -12.0
v -16.0 -27.8 -12.0
v -16.2 -26.0 -22.0
v -16.2 -26.0 -20.0
v -16.0 -26.0 -20.4
v -16.3 -26.0 -19.0
v -16.0 -26.9 -16.0
v -16.0 -26.7 -15.0
v -15.9 -26.0 -14.0
v -16.0 -25.0 -22.4
v -16.0 -25.6 -22.0
v -16.0 -25.7 -20.0
v -16.0 -25.7 -19.0
v -16.0 -26.0 -13.9
v -16.0 -25.0 -14.5
v -16.7 -24.0 -24.0
v -16.0 -24.0 -23.4
v -16.0 -24.4 -23.0
v -16.0 -24.3 -16.0
v -16.0 -24.0 -16.5
v -16.0 -24.3 -15.0
v -16.9 -23.0 -25.0
v -16.0 -23.0 -24.1
v -16.0 -23.2 -24.0
v -16.5 -23.0 -20.0
v -16.0 -24.0 -20.0
v -16.0 -23.0 -20.6
v -16.7 -23.0 -19.0
v -16.0 -23.5 -19.0
v -16.0 -23.6 -18.0
v -16.0 -23.7 -17.0
v -16.6 -22.0 -25.0
v -16.0 -22.8 -24.0
v -16.4 -22.0 -24.0
v -16.6 -22.0 -23.0
v -16.0 -22.6 -23.0
v -16.0 -22.6 -22.0
v -16.5 -22.0 -21.0
v -16.0 -22.7 -21.0
v -16.7 -22.0 -20.0
v -16.9 -21.0 -26.0
v -16.5 -21.0 -25.0
v -16.6 -21.0 -24.0
v -16.8 -21.0 -21.0
v -16.5 -20.0 -26.0
v -16.0 -20.1 -25.0
v -16.0 -20.0 -24.9
v -16.6 -20.0 -24.0
v -16.9 -20.0 -22.0
v -16.9 -20.0 -21.0
v -16.0 -19.0 -26.2
v -15.8 -19.0 -26.0
v -16.0 -19.0 -24.8
v -16.0 -18.2 -26.0
v -16.1 -18.0 -26.0
v -16.0 -18.8 -25.0
v -16.1 -13.0 -26.0
v -16.0 -13.0 -26.1
v -16.0 -13.1 -26.0
v -17.0 -12.0 -27.3
v -16.0 -12.0 -26.7
v -16.0 -12.7 -25.0
v -16.0 -12.1 -24.0
v -16.2 -12.0 -24.0
v -16.0 -12.0 -23.9
v -16.0 -11.0 -23.3
v -16.0 -10.0 -27.5
v -16.0 -10.6 -23.0
v -16.0 -10.0 -22.6
v -16.0 -9.0 -27.4
v -16.0 -9.0 -22.5
v -16.0 -8.4 -27.0
v -17.0 -8.0 -27.4
v -16.0 -8.0 -26.6
v -17.0 -8.4 -23.0
v -16.0 -8.0 -22.7
v -17.0 -7.0 -26.4
v -16.0 -7.4 -26.0
v -16.0 -7.7 -23.0
v -16.0 -6.8 -25.0
v -16.0 -6.9 -24.0
v -15.0 -45.0 0.5
v -15.0 -45.4 1.0
v -15.0 -45.5 2.0
v -16.0 -45.2 2.0
v -15.3 -45.0 3.0
v -15.0 -43.7 -1.0
v -15.0 -44.5 0.0
v -15.6 -44.0 2.0
v -15.2 -44.0 3.0
v -16.0 -42.9 -2.5
v -15.0 -43.4 -2.0
v -15.6 -43.0 1.0
v -15.0 -43.0 1.5
v -15.0 -43.8 3.0
v -15.2 -42.2 -3.3
v -15.0 -42.0 0.9
v -15.0 -41.3 -4.3
v -15.1 -41.0 1.0
v -15.0 -41.0 1.1
v -15.0 -40.0 -5.4
v -15.0 -40.5 -5.0
v -15.0 -40.9 1.0
v -15.0 -40.0 0.4
v -15.0 -39.0 -5.6
v -15.0 -39.0 -0.4
v -15.5 -38.0 -12.0
v -15.5 -38.0 -10.0
v -15.0 -38.1 -11.0
v -15.0 -38.1 -7.0
v -15.1 -38.0 -6.0
v -15.0 -38.0 -6.4
v -15.0 -38.0 -5.9
v -15.0 -38.0 -0.8
v -15.0 -37.0 -12.4
v -15.0 -37.6 -12.0
v -15.0 -37.5 -10.0
v -15.1 -37.0 -9.0
v -15.0 -37.0 -9.2
v -15.0 -37.0 -8.8
v -15.0 -37.5 -8.0
v -15.0 -37.8 -6.0
v -15.0 -37.0 -5.6
v -15.4 -37.0 -5.0
v -15.0 -37.4 -5.0
v -15.0 -37.6 -4.0
v -15.0 -37.6 -3.0
v -15.0 -37.6 -2.0
v -15.0 -37.8 -1.0
v -15.4 -36.0 -13.0
v -15.0 -36.0 -12.7
v -15.0 -36.9 -9.0
v -15.4 -36.0 -6.0
v -15.0 -36.4 -6.0
v -15.0 -36.0 -6.3
v -15.0 -35.0 -13.4
v -15.0 -35.6 -13.0
v -15.0 -35.0 -7.0
v -15.0 -35.0 -1.5
v -15.0 -35.4 -1.0
v -15.0 -35.5 0.0
v -15.0 -34.0 -13.6
v -15.8 -34.0 -8.0
v -15.0 -35.0 -7.0
v -15.3 -34.0 -7.0
v -15.0 -34.4 -6.0
v -15.3 -34.0 -6.0
v -15.0 -34.3 -5.0
v -15.3 -34.0 -5.0
v -15.0 -34.3 -4.0
v -15.5 -34.0 -4.0
v -15.0 -34.6 -2.0
v -15.0 -35.0 1.0
v -15.0 -34.0 0.6
v -15.0 -33.2 -14.0
v -15.0 -33.0 -14.2
v -15.6 -33.0 -8.0
v -15.0 -33.0 -7.3
v -15.0 -33.4 -7.0
v -15.0 -33.6 -6.0
v -15.0 -33.0 -5.5
v -15.6 -33.0 -4.0
v -15.0 -33.0 0.2
v -15.0 -32.0 -14.2
v -15.0 -32.0 -7.4
v -15.0 -32.7 -5.0
v -15.0 -32.7 -4.0
v -15.0 -32.7 -3.0
v -15.0 -32.6 -2.0
v -15.0 -32.6 -1.0
v -15.0 -31.0 -15.3
v -15.0 -31.4 -15.0
v -15.2 -31.0 -10.0
v -15.0 -31.1 -10.0
v -15.0 -31.0 -10.2
v -15.3 -31.0 -8.0
v -15.0 -31.0 -7.9
v -15.0 -30.0 -15.8
v -15.0 -30.0 -10.8
v -15.0 -30.7 -9.0
v -15.5 -29.0 -16.0
v -15.0 -29.0 -15.4
v -15.3 -29.0 -12.0
v -15.1 -29.3 -12.0
v -15.7 -29.0 -11.0
v -15.0 -29.7 -11.0
v -15.9 -28.0 -21.0
v -15.0 -28.0 -19.1
v -15.0 -28.1 -19.0
v -15.6 -28.0 -18.0
v -15.0 -28.0 -18.9
v -15.6 -28.0 -17.0
v -15.6 -28.0 -16.0
v -15.0 -28.7 -15.0
v -15.5 -28.0 -15.0
v -15.5 -28.0 -14.0
v -15.0 -28.5 -14.0
v -15.5 -28.0 -13.0
v -15.0 -28.6 -13.0
v -15.8 -28.0 -12.0
v -15.6 -27.0 -21.0
v -15.0 -27.9 -19.0
v -15.5 -27.4 -18.4
v -15.0 -27.2 -18.0
v -15.0 -27.0 -18.2
v -15.7 -27.0 -18.0
v -15.6 -26.0 -21.0
v -16.0 -26.0 -18.0
v -15.0 -26.0 -18.4
v -15.0 -26.0 -17.6
v -15.3 -26.0 -17.0
v -15.6 -26.0 -16.0
v -15.6 -26.0 -15.0
v -15.7 -25.0 -22.0
v -15.3 -25.0 -21.0
v -15.0 -25.5 -20.0
v -15.0 -25.0 -20.6
v -15.0 -25.7 -19.0
v -15.0 -25.3 -17.0
v -15.5 -25.0 -16.0
v -15.7 -25.0 -15.0
v -15.7 -24.0 -23.0
v -15.4 -24.0 -22.0
v -14.9 -24.0 -21.0
v -15.4 -24.0 -18.0
v -15.0 -24.5 -18.0
v -14.7 -24.0 -19.0
v -15.7 -24.0 -17.0
v -15.9 -23.0 -24.0
v -15.7 -23.0 -23.0
v -15.6 -23.0 -22.0
v -15.0 -23.9 -21.0
v -15.7 -23.0 -21.0
v -15.0 -23.7 -20.0
v -15.0 -23.8 -19.0
v -15.9 -20.0 -25.0
v -15.8 -19.0 -25.0
v -15.0 -13.0 -26.2
v -15.0 -13.2 -26.0
v -15.0 -13.2 -25.0
v -15.4 -13.0 -25.0
v -15.0 -13.0 -24.8
v -15.0 -12.0 -26.5
v -15.0 -12.0 -24.3
v -16.0 -11.0 -27.3
v -15.0 -11.6 -24.0
v -15.0 -11.0 -23.5
v -15.0 -10.0 -27.3
v -15.0 -10.4 -23.0
v -15.0 -10.0 -22.7
v -15.0 -9.0 -22.5
v -15.0 -8.7 -27.0
v -15.0 -8.0 -26.3
v -15.0 -8.0 -22.7
v -15.0 -7.7 -26.0
v -15.7 -7.0 -25.0
v -15.0 -7.4 -25.0
v -15.8 -7.0 -24.0
v -15.0 -7.4 -24.0
v -15.0 -7.6 -23.0
v -14.0 -45.3 1.0
v -14.0 -45.5 2.0
v -14.0 -45.2 4.0
v -14.3 -45.0 4.0
v -14.0 -44.0 -1.3
v -14.0 -44.2 -1.0
v -14.0 -44.6 0.0
v -14.0 -44.0 4.3
v -14.0 -43.0 -2.4
v -14.0 -43.4 -2.0
v -15.0 -43.4 2.0
v -14.0 -43.0 2.5
v -14.0 -43.3 3.0
v -14.0 -43.7 4.0
v -14.0 -42.0 -3.4
v -14.0 -42.4 -3.0
v -14.0 -42.0 1.5
v -14.0 -42.6 2.0
v -14.0 -41.0 -4.5
v -14.0 -41.5 -4.0
v -14.0 -41.0 1.2
v -14.0 -40.0 -5.4
v -14.0 -40.4 -5.0
v -14.5 -40.0 0.0
v -14.0 -40.4 0.0
v -14.0 -40.0 -0.5
v -14.0 -40.8 1.0
v -14.3 -39.0 -6.0
v -14.0 -39.0 -6.3
v -14.0 -39.2 -6.0
v -14.2 -39.0 -3.0
v -14.0 -39.3 -3.0
v -14.0 -39.0 -3.4
v -14.4 -39.0 -2.0
v -14.0 -39.4 -2.0
v -14.5 -39.0 -1.0
v -14.0 -39.6 -1.0
v -14.7 -38.0 -11.0
v -14.5 -38.0 -8.0
v -14.0 -38.0 -8.4
v -14.0 -38.4 -8.0
v -14.0 -38.6 -7.0
v -14.5 -38.0 -6.0
v -14.4 -38.0 -4.0
v -14.0 -38.5 -4.0
v -14.0 -38.0 -4.7
v -14.6 -38.0 -3.0
v -14.6 -38.0 -2.0
v -14.8 -38.0 -1.0
v -14.0 -37.0 -12.4
v -14.0 -37.4 -12.0
v -14.0 -37.6 -11.0
v -14.3 -37.0 -10.0
v -14.0 -37.0 -10.3
v -14.0 -37.0 -8.8
v -14.0 -37.0 -5.4
v -14.0 -37.6 -5.0
v -14.0 -36.0 -12.7
v -14.0 -36.0 -10.0
v -14.0 -36.8 -9.0
v -14.0 -36.0 -10.0
v -14.8 -36.0 -6.0
v -14.0 -36.0 -5.3
v -14.0 -35.0 -13.4
v -14.0 -35.6 -13.0
v -14.2 -35.0 -11.0
v -14.0 -35.2 -11.0
v -14.0 -35.0 -11.2
v -14.2 -35.0 -10.0
v -14.0 -35.0 -9.8
v -14.6 -35.0 -6.0
v -14.0 -35.4 -5.0
v -14.3 -35.0 -5.0
v -14.0 -35.0 -4.5
v -14.0 -35.0 -1.6
v -14.0 -35.4 -1.0
v -14.0 -35.5 0.0
v -14.0 -35.2 1.0
v -14.0 -35.0 1.2
v -14.0 -34.0 -13.5
v -14.0 -34.0 -11.0
v -14.0 -34.0 -11.1
v -14.0 -34.0 -11.0
v -14.0 -34.8 -10.0
v -14.0 -34.6 -4.0
v -14.0 -34.5 -3.0
v -14.0 -34.7 -2.0
v -14.0 -34.0 0.6
v -14.0 -33.0 -14.2
v -14.0 -33.3 -14.0
v -14.6 -33.0 -7.0
v -14.0 -33.0 -6.4
v -14.0 -33.3 -6.0
v -14.1 -33.0 -5.0
v -14.0 -33.2 -5.0
v -14.0 -33.5 -4.0
v -14.6 -33.0 -4.0
v -14.0 -33.5 -3.0
v -14.5 -33.0 -2.0
v -14.0 -33.5 -2.0
v -14.5 -33.0 -1.0
v -14.0 -33.4 -1.0
v -15.0 -32.8 -0.0
v -14.0 -33.4 0.0
v -14.0 -32.0 -14.7
v -14.3 -32.0 -12.0
v -14.0 -32.4 -12.0
v -14.3 -32.0 -11.0
v -14.0 -32.4 -11.0
v -14.0 -32.0 -10.5
v -14.0 -32.0 -7.0
v -14.6 -31.0 -15.0
v -14.0 -31.0 -14.2
v -14.3 -31.0 -13.0
v -14.0 -31.5 -13.0
v -14.5 -31.0 -12.0
v -14.6 -31.0 -11.0
v -14.0 -31.7 -10.0
v -14.7 -31.0 -9.0
v -14.0 -31.5 -9.0
v -15.0 -30.9 -8.0
v -14.0 -31.6 -8.0
v -14.0 -32.0 -7.0
v -14.5 -30.0 -15.0
v -14.0 -30.9 -14.0
v -14.4 -30.0 -14.0
v -14.5 -30.0 -13.0
v -14.6 -30.0 -12.0
v -14.8 -30.0 -11.0
v -14.7 -29.0 -15.0
v -14.6 -29.0 -14.0
v -14.7 -29.0 -13.0
v -14.0 -28.0 -20.0
v -14.0 -28.0 -20.0
v -14.0 -28.3 -19.0
v -14.0 -28.0 -18.7
v -14.3 -27.0 -20.0
v -14.0 -27.0 -20.9
v -14.4 -27.0 -19.0
v -14.9 -27.0 -18.0
v -14.0 -27.0 -18.7
v -15.0 -27.0 -17.0
v -14.5 -26.0 -20.0
v -14.0 -26.0 -20.9
v -14.4 -26.0 -19.0
v -14.8 -26.0 -18.0
v -14.0 -26.0 -18.7
v -14.0 -25.0 -20.3
v -14.0 -25.0 -18.7
v -14.6 -25.0 -18.0
v -14.9 -25.0 -17.0
v -14.0 -24.7 -20.0
v -14.7 -24.0 -20.0
v -14.0 -24.7 -19.0
v -14.7 -13.0 -26.0
v -14.0 -13.0 -25.3
v -14.0 -13.2 -25.0
v -14.0 -13.0 -24.8
v -14.0 -12.0 -26.3
v -13.9 -12.4 -26.0
v -14.0 -12.0 -24.3
v -15.0 -11.0 -26.7
v -14.0 -11.6 -24.0
v -14.0 -11.0 -23.6
v -14.5 -10.0 -27.0
v -14.0 -10.0 -26.7
v -15.0 -9.0 -27.2
v -14.0 -9.0 -26.4
v -14.0 -10.0 -23.3
v -14.0 -9.0 -22.6
v -14.6 -8.0 -26.0
v -14.0 -8.5 -26.0
v -14.0 -8.0 -25.4
v -14.0 -8.0 -22.8
v -14.0 -7.7 -25.0
v -14.0 -7.6 -24.0
v -14.0 -7.8 -23.0
v -14.0 -45.0 0.6
v -13.0 -45.0 1.4
v -13.0 -45.4 2.0
v -13.0 -45.5 3.0
v -13.0 -45.5 4.0
v -13.0 -45.3 5.0
v -13.5 -45.0 5.0
v -13.0 -45.0 5.9
v -13.0 -44.0 -1.0
v -13.0 -44.3 0.0
v -13.0 -44.7 1.0
v -13.0 -44.0 5.3
v -13.0 -43.0 -2.2
v -13.0 -43.2 -2.0
v -13.3 -43.0 -1.0
v -13.0 -43.0 -1.6
v -13.0 -43.5 0.0
v -13.2 -43.0 0.0
v -13.0 -43.0 3.1
v -13.0 -43.5 4.0
v -13.0 -43.8 5.0
v -13.0 -41.8 -3.0
v -13.0 -42.0 -2.7
v -13.4 -42.0 -1.0
v -13.0 -42.0 -1.6
v -13.4 -42.0 0.0
v -12.9 -42.0 1.0
v -13.0 -42.5 2.0
v -13.0 -42.0 1.1
v -13.0 -42.9 3.0
v -13.0 -41.0 -4.5
v -13.0 -41.3 -4.0
v -13.4 -41.0 -1.0
v -13.0 -41.0 -1.5
v -13.6 -41.0 0.0
v -13.8 -41.0 1.0
v -13.0 -40.0 -5.4
v -13.0 -40.4 -5.0
v -13.6 -40.0 -1.0
v -13.0 -40.0 -1.6
v -13.3 -39.0 -9.0
v -13.0 -39.0 -9.4
v -13.0 -39.3 -9.0
v -13.0 -39.5 -8.0
v -13.5 -39.0 -8.0
v -13.0 -39.5 -7.0
v -13.6 -39.0 -7.0
v -13.0 -39.6 -6.0
v -13.0 -39.1 -5.0
v -13.0 -39.0 -5.0
v -13.5 -39.0 -4.0
v -13.0 -39.8 -4.0
v -13.0 -39.6 -3.0
v -13.0 -39.7 -2.0
v -13.2 -38.0 -11.0
v -13.0 -38.1 -11.0
v -13.0 -38.5 -10.0
v -13.4 -38.0 -10.0
v -13.6 -38.0 -9.0
v -13.3 -38.0 -5.0
v -13.0 -37.0 -12.3
v -13.0 -37.3 -12.0
v -13.8 -37.0 -10.0
v -13.8 -37.0 -9.0
v -13.6 -37.0 -5.0
v -13.0 -38.0 -5.1
v -13.0 -37.0 -4.4
v -13.0 -36.0 -13.1
v -14.0 -36.0 -10.0
v -13.7 -36.0 -5.0
v -13.0 -36.5 -4.0
v -13.3 -36.0 -4.0
v -13.0 -36.0 -3.5
v -13.0 -35.0 -13.3
v -13.0 -35.4 -11.0
v -13.0 -35.0 -11.4
v -13.0 -35.3 -10.0
v -13.0 -35.0 -9.8
v -13.7 -35.0 -4.0
v -13.0 -35.6 -3.0
v -13.5 -35.0 -3.0
v -13.0 -35.4 -2.0
v -13.6 -35.0 -2.0
v -13.0 -35.5 -1.0
v -13.0 -35.4 0.0
v -13.0 -35.1 1.0
v -13.0 -35.0 1.1
v -13.0 -34.0 -13.2
v -13.0 -34.1 -11.0
v -13.6 -34.0 -11.0
v -12.9 -34.0 -11.0
v -13.4 -34.0 -10.0
v -13.0 -34.0 -9.6
v -13.8 -33.0 -14.0
v -13.0 -33.7 -13.0
v -13.5 -33.0 -13.0
v -13.5 -33.0 -12.0
v -13.0 -33.6 -12.0
v -13.0 -33.0 -11.0
v -13.3 -33.0 -10.0
v -13.0 -33.0 -9.3
v -13.2 -33.0 -8.0
v -13.0 -33.4 -6.0
v -13.0 -33.0 -6.8
v -13.0 -33.6 -5.0
v -13.0 -33.7 -4.0
v -13.0 -33.7 -3.0
v -13.0 -33.6 -2.0
v -13.0 -33.4 -1.0
v -13.0 -32.9 -0.0
v -13.0 -33.0 0.1
v -13.0 -34.0 1.1
v -13.7 -32.0 -14.0
v -13.7 -32.0 -13.0
v -13.0 -33.0 -11.0
v -13.7 -32.0 -10.0
v -13.0 -32.9 -9.0
v -13.6 -32.0 -9.0
v -13.6 -32.0 -8.0
v -13.0 -32.9 0.0
v -13.9 -31.0 -14.0
v -14.0 -28.0 -20.0
v -13.1 -28.0 -19.0
v -13.7 -27.0 -20.0
v -13.7 -27.0 -19.0
v -13.7 -26.0 -20.0
v -13.8 -26.0 -19.0
v -13.8 -25.0 -20.0
v -13.8 -25.0 -19.0
v -13.0 -13.0 -25.2
v -13.0 -13.3 -25.0
v -13.0 -13.0 -24.5
v -13.0 -12.0 -25.6
v -13.0 -12.6 -24.0
v -13.5 -12.0 -24.0
v -13.0 -12.0 -23.7
v -13.0 -11.0 -26.3
v -13.0 -11.0 -23.5
v -13.0 -10.0 -26.7
v -13.0 -10.0 -23.4
v -13.0 -9.5 -26.0
v -13.0 -9.0 -22.9
v -13.7 -8.0 -25.0
v -13.0 -8.6 -25.0
v -13.5 -8.0 -24.0
v -13.0 -8.4 -24.0
v -13.7 -8.0 -23.0
v -13.0 -8.9 -23.0
v -12.0 -45.0 1.7
v -12.0 -45.2 2.0
v -12.0 -45.4 3.0
v -12.0 -45.3 4.0
v -12.0 -45.2 5.0
v -12.0 -45.0 5.2
v -13.0 -44.0 -1.0
v -12.7 -44.0 0.0
v -12.0 -44.0 0.9
v -12.0 -44.1 1.0
v -12.0 -44.0 5.2
v -12.4 -43.0 -2.0
v -12.5 -43.0 1.0
v -12.0 -43.9 1.0
v -12.5 -43.0 2.0
v -12.0 -43.4 2.0
v -12.8 -43.0 3.0
v -12.0 -43.4 3.0
v -12.0 -43.6 4.0
v -12.0 -43.8 5.0
v -12.6 -42.0 -3.0
v -12.0 -42.0 -3.4
v -12.0 -42.2 -3.0
v -12.0 -42.0 -2.5
v -12.4 -42.0 -2.0
v -12.9 -42.0 1.0
v -12.5 -41.0 -5.0
v -12.0 -41.0 -5.5
v -12.0 -41.3 -5.0
v -12.0 -41.6 -4.0
v -12.2 -41.0 -2.0
v -12.0 -41.0 -2.2
v -12.2 -40.0 -8.0
v -12.0 -40.1 -8.0
v -12.0 -40.5 -7.0
v -12.5 -40.0 -7.0
v -12.0 -40.6 -6.0
v -12.7 -40.0 -6.0
v -12.0 -40.5 -2.0
v -12.0 -40.0 -1.8
v -12.1 -39.0 -10.0
v -12.0 -39.0 -10.0
v -12.0 -39.5 -9.0
v -12.5 -39.0 -4.0
v -12.0 -39.0 -3.5
v -12.0 -39.8 -3.0
v -12.0 -39.8 -2.0
v -13.0 -38.0 -11.1
v -12.0 -38.0 -10.5
v -12.9 -38.0 -5.0
v -12.4 -38.0 -4.0
v -12.0 -38.0 -3.5
v -12.7 -37.0 -12.0
v -12.0 -37.0 -11.2
v -12.6 -37.0 -4.0
v -12.0 -37.0 -3.0
v -12.9 -36.0 -13.0
v -12.5 -36.0 -12.0
v -12.4 -36.0 -11.0
v -12.0 -36.0 -10.6
v -12.5 -36.0 -3.0
v -12.0 -36.0 -2.5
v -12.7 -35.0 -13.0
v -12.6 -35.0 -12.0
v -12.1 -35.0 -10.0
v -12.0 -35.6 -2.0
v -12.0 -35.4 -1.0
v -12.4 -35.0 0.0
v -12.0 -35.0 -0.4
v -12.8 -35.0 1.0
v -12.8 -34.0 -13.0
v -12.7 -34.0 -12.0
v -12.0 -34.7 -9.0
v -12.5 -34.0 -9.0
v -12.5 -34.0 -8.0
v -12.0 -34.5 -8.0
v -12.3 -34.0 -7.0
v -12.0 -33.9 -6.0
v -12.5 -34.0 -5.0
v -12.0 -34.4 -5.0
v -12.6 -34.0 -4.0
v -12.0 -34.5 -4.0
v -12.6 -34.0 -3.0
v -12.0 -34.5 -3.0
v -12.4 -34.0 -2.0
v -12.0 -34.4 -2.0
v -12.0 -34.0 -1.6
v -12.0 -34.6 0.0
v -12.0 -34.0 0.6
v -12.8 -34.0 1.0
v -12.9 -33.0 -9.0
v -12.9 -32.9 -7.0
v -12.0 -33.5 -1.0
v -12.0 -33.0 -0.3
v -12.0 -33.0 0.3
v -12.0 -32.8 0.0
v -12.4 -14.0 -24.0
v -12.0 -14.0 -24.2
v -12.0 -14.1 -24.0
v -12.0 -14.0 -23.9
v -12.0 -13.1 -25.0
v -12.6 -13.0 -24.0
v -12.0 -13.0 -23.6
v -12.0 -12.8 -25.0
v -12.3 -12.0 -25.0
v -12.0 -12.0 -24.5
v -12.0 -12.0 -23.7
v -12.6 -11.0 -26.0
v -12.0 -11.0 -25.3
v -12.0 -11.6 -25.0
v -12.0 -11.0 -23.7
v -12.6 -10.0 -26.0
v -12.0 -10.0 -25.3
v -12.0 -10.0 -23.7
v -12.6 -9.0 -25.0
v -12.0 -9.6 -25.0
v -12.9 -9.0 -23.0
v -12.0 -9.0 -23.9
v -11.7 -45.0 2.0
v -11.6 -45.0 3.0
v -11.6 -45.0 4.0
v -11.8 -45.0 5.0
v -11.9 -44.0 1.0
v -11.0 -44.0 2.0
v -11.0 -44.0 2.0
v -11.0 -44.0 3.0
v -11.6 -44.0 4.0
v -11.8 -44.0 5.0
v -11.0 -44.0 2.0
v -11.0 -44.0 3.0
v -11.0 -42.0 -4.3
v -11.0 -42.2 -4.0
v -11.0 -42.4 -3.0
v -11.0 -42.3 -2.0
v -11.5 -42.0 -2.0
v -11.0 -42.0 -1.7
v -11.3 -41.0 -7.0
v -11.0 -41.0 -7.2
v -11.0 -41.3 -7.0
v -11.0 -41.4 -6.0
v -11.6 -41.0 -6.0
v -11.0 -41.6 -5.0
v -11.7 -41.0 -2.0
v -11.0 -41.0 -1.6
v -11.7 -40.0 -8.0
v -11.0 -40.0 -7.7
v -11.0 -40.0 -1.5
v -11.9 -39.0 -10.0
v -11.0 -39.1 -9.0
v -11.0 -39.7 -8.0
v -11.3 -39.0 -2.0
v -11.0 -39.0 -1.7
v -11.6 -38.0 -10.0
v -11.0 -38.6 -9.0
v -11.2 -38.0 -9.0
v -11.0 -38.0 -8.8
v -11.0 -38.3 -3.0
v -11.0 -38.0 -3.2
v -11.0 -38.4 -2.0
v -11.8 -37.0 -11.0
v -11.4 -37.0 -10.0
v -10.9 -37.0 -9.0
v -11.9 -37.0 -3.0
v -11.0 -37.0 -3.6
v -11.2 -36.0 -10.0
v -11.0 -36.7 -9.0
v -11.6 -36.0 -9.0
v -11.0 -36.0 -8.4
v -11.3 -36.0 -5.0
v -11.4 -36.0 -4.0
v -11.0 -36.6 -4.0
v -11.6 -36.0 -3.0
v -11.1 -36.0 -2.0
v -11.0 -36.0 -2.1
v -11.0 -36.1 -2.0
v -12.0 -35.0 -10.0
v -11.7 -35.0 -9.0
v -11.0 -35.7 -8.0
v -11.5 -35.0 -8.0
v -11.5 -35.0 -7.0
v -11.0 -35.5 -7.0
v -11.4 -35.0 -6.0
v -11.0 -35.6 -6.0
v -11.6 -35.0 -5.0
v -11.6 -35.0 -4.0
v -11.6 -35.0 -3.0
v -11.0 -35.0 -2.3
v -11.0 -35.5 -1.0
v -11.0 -35.0 -0.4
v -11.9 -34.0 -6.0
v -11.0 -34.7 -2.0
v -11.0 -34.0 -1.3
v -11.0 -34.7 0.0
v -11.0 -34.3 1.0
v -11.4 -34.0 1.0
v -11.0 -34.0 1.2
v -11.0 -33.7 -1.0
v -11.0 -33.0 -0.4
v -11.0 -33.0 1.0
v -11.0 -32.7 0.0
v -11.0 -32.9 1.0
v -11.2 -14.0 -24.0
v -12.0 -13.0 -25.1
v -11.0 -13.0 -24.2
v -11.0 -13.8 -24.0
v -11.0 -13.0 -23.6
v -11.7 -12.0 -24.0
v -11.0 -12.8 -24.0
v -11.7 -11.0 -25.0
v -11.7 -11.0 -24.0
v -11.7 -10.0 -25.0
v -11.7 -10.0 -24.0
v -12.0 -9.0 -24.0
v -11.0 -44.0 2.0
v -11.0 -44.0 3.0
v -10.6 -42.0 -4.0
v -10.0 -42.1 -3.0
v -10.0 -42.3 -2.0
v -10.0 -42.2 -1.0
v -10.0 -42.0 -0.8
v -10.0 -41.0 -7.3
v -10.0 -41.6 -7.0
v -10.0 -41.4 -6.0
v -10.0 -41.9 -5.0
v -10.0 -41.6 -4.0
v -10.1 -41.0 -3.0
v -10.2 -41.0 -2.0
v -10.0 -41.2 -2.0
v -10.0 -41.0 -1.8
v -10.3 -41.0 -1.0
v -10.0 -41.0 -0.8
v -10.0 -40.0 -7.2
v -10.0 -40.9 -3.0
v -10.0 -40.8 -2.0
v -10.4 -40.0 -1.0
v -10.0 -40.0 -0.6
v -10.9 -39.0 -9.0
v -10.1 -39.0 -8.0
v -10.0 -39.6 -7.0
v -10.2 -39.0 -7.0
v -10.1 -39.0 -4.0
v -10.0 -39.0 -4.1
v -10.4 -39.0 -3.0
v -10.0 -39.4 -3.0
v -10.6 -39.0 -2.0
v -10.0 -39.5 -2.0
v -10.0 -39.0 -1.4
v -10.3 -39.0 -1.0
v -10.0 -39.0 -0.2
v -10.5 -38.0 -8.0
v -10.4 -38.0 -7.0
v -10.3 -38.0 -6.0
v -10.0 -38.0 -3.4
v -10.0 -38.8 -1.0
v -10.8 -37.0 -9.0
v -10.5 -37.0 -8.0
v -10.1 -37.0 -7.0
v -10.4 -37.0 -6.0
v -10.5 -37.0 -5.0
v -10.6 -37.0 -4.0
v -10.7 -36.0 -8.0
v -10.5 -36.0 -7.0
v -10.7 -36.0 -6.0
v -10.0 -36.2 -1.0
v -10.0 -36.0 -2.0
v -10.0 -36.0 -0.8
v -10.6 -35.0 -2.0
v -10.0 -35.0 -1.4
v -10.0 -35.4 0.0
v -10.6 -35.0 0.0
v -10.0 -35.3 1.0
v -10.4 -35.0 1.0
v -10.0 -35.0 1.9
v -10.0 -34.6 -1.0
v -10.0 -34.0 -0.5
v -10.0 -34.0 1.4
v -10.0 -33.0 -0.0
v -10.0 -33.5 1.0
v -10.0 -33.0 0.0
v -10.9 -13.0 -24.0
v -9.1 -43.0 -1.0
v -9.0 -43.0 -1.3
v -9.0 -43.2 -1.0
v -9.0 -43.0 -0.9
v -9.9 -42.0 -3.0
v -9.6 -42.0 -2.0
v -9.0 -42.0 -1.3
v -9.0 -42.0 -0.8
v -9.7 -41.0 -7.0
v -9.7 -41.0 -6.0
v -9.6 -41.0 -5.0
v -9.6 -41.0 -4.0
v -9.0 -41.0 -1.2
v -9.0 -41.0 -0.9
v -9.9 -40.0 -7.0
v -10.0 -40.0 -6.0
v -9.5 -40.0 -5.0
v -9.1 -40.0 -3.0
v -9.5 -40.0 -2.0
v -9.0 -40.0 -1.3
v -9.0 -40.0 -0.7
v -9.8 -39.0 -6.0
v -9.6 -39.0 -5.0
v -9.0 -40.0 -4.0
v -9.0 -39.0 -1.1
v -9.0 -39.0 -0.3
v -9.8 -38.0 -5.0
v -9.8 -38.0 -4.0
v -9.0 -38.9 -1.0
v -9.0 -36.0 -1.0
v -9.6 -35.0 -1.0
v -9.0 -35.2 0.0
v -9.0 -35.5 1.0
v -9.0 -35.0 2.0
v -9.5 -34.0 0.0
v -9.0 -34.7 0.0
v -9.0 -34.0 1.1
v -9.0 -33.9 1.0
v -8.9 -43.0 -1.0
v -8.8 -42.0 -1.0
v -8.9 -41.0 -1.0
v -8.8 -40.0 -1.0
v -8.9 -39.0 -1.0
v -9.0 -35.0 -0.2
v -8.0 -35.0 1.0
v -8.9 -34.0 1.0
f 3 2 1
f 3 4 2
f 1 5 3
f 3 5 6
f 3 6 4
f 9 8 7
f 7 10 9
f 14 13 12
f 14 12 8
f 12 7 8
f 12 15 7
f 7 16 10
f 7 15 16
f 11 10 17
f 17 10 16
f 20 19 18
f 22 21 18
f 18 21 20
f 21 22 13
f 22 12 13
f 22 23 12
f 12 24 15
f 12 23 24
f 15 25 16
f 15 24 25
f 17 16 26
f 26 16 25
f 18 19 1
f 19 27 1
f 18 1 2
f 18 2 22
f 22 2 4
f 28 22 4
f 23 22 28
f 23 29 24
f 23 28 29
f 31 25 30
f 25 29 30
f 25 24 29
f 25 31 26
f 5 1 32
f 1 33 32
f 1 27 33
f 5 32 34
f 35 5 34
f 6 5 35
f 4 6 28
f 6 36 28
f 6 35 36
f 28 36 29
f 29 36 37
f 29 37 30
f 33 62 32
f 32 62 34
f 38 40 39
f 9 43 41
f 41 43 42
f 43 9 39
f 9 38 39
f 9 44 38
f 40 38 45
f 38 49 45
f 38 44 49
f 47 46 42
f 46 41 42
f 46 48 41
f 48 8 9
f 41 48 9
f 9 10 44
f 44 11 49
f 11 50 49
f 11 44 10
f 46 47 51
f 51 47 52
f 51 13 14
f 48 51 14
f 46 51 48
f 48 14 8
f 17 50 11
f 17 53 50
f 54 83 20
f 20 83 19
f 21 51 52
f 54 21 52
f 20 21 54
f 51 21 13
f 26 53 17
f 26 55 53
f 83 27 19
f 56 27 83
f 30 61 31
f 61 26 31
f 61 55 26
f 56 33 27
f 57 33 56
f 58 36 35
f 58 35 34
f 59 37 36
f 59 36 58
f 59 60 37
f 37 60 30
f 60 61 30
f 33 63 62
f 33 57 63
f 64 34 62
f 34 65 58
f 34 64 65
f 67 59 66
f 59 65 66
f 59 58 65
f 59 67 60
f 63 68 62
f 62 68 64
f 64 68 69
f 64 69 65
f 65 69 70
f 65 70 66
f 72 71 39
f 39 40 72
f 72 40 73
f 75 74 42
f 76 42 43
f 76 75 42
f 43 39 71
f 43 71 76
f 40 45 77
f 78 40 77
f 73 40 78
f 49 77 45
f 80 79 47
f 47 42 74
f 47 74 80
f 78 77 49
f 50 78 49
f 81 78 50
f 79 52 47
f 125 52 79
f 53 81 50
f 53 82 81
f 54 52 125
f 54 125 83
f 55 82 53
f 55 84 82
f 85 56 83
f 84 61 86
f 84 55 61
f 85 57 56
f 87 57 85
f 60 86 61
f 88 86 60
f 87 63 57
f 89 63 87
f 91 90 67
f 91 67 66
f 60 67 88
f 88 67 90
f 68 63 92
f 63 93 92
f 63 89 93
f 94 69 68
f 94 68 92
f 95 70 69
f 95 69 94
f 95 99 70
f 99 66 70
f 99 91 66
f 92 93 96
f 96 93 97
f 92 98 94
f 92 96 98
f 99 95 146
f 95 98 146
f 95 94 98
f 97 100 96
f 96 100 98
f 98 100 101
f 98 101 146
f 103 102 104
f 102 106 105
f 102 103 106
f 106 107 105
f 103 104 108
f 108 104 109
f 103 110 106
f 103 108 110
f 107 106 111
f 111 106 110
f 114 113 112
f 114 112 109
f 109 112 108
f 112 71 108
f 71 72 108
f 108 72 73
f 115 108 73
f 110 108 115
f 111 110 116
f 110 115 116
f 118 167 75
f 75 167 74
f 76 112 113
f 118 76 113
f 75 76 118
f 112 76 71
f 78 119 115
f 78 115 73
f 115 120 116
f 115 119 120
f 117 116 121
f 121 116 120
f 80 74 167
f 81 122 119
f 81 119 78
f 119 123 120
f 119 122 123
f 121 120 124
f 124 120 123
f 82 126 122
f 82 122 81
f 122 127 123
f 122 126 127
f 124 123 131
f 131 123 127
f 83 125 128
f 84 129 126
f 84 126 82
f 131 127 130
f 127 129 130
f 127 126 129
f 128 85 83
f 132 85 128
f 86 133 84
f 133 134 84
f 134 129 84
f 129 134 130
f 132 136 135
f 87 132 135
f 85 132 87
f 88 178 86
f 86 178 133
f 135 136 137
f 137 136 138
f 137 89 87
f 137 87 135
f 91 139 90
f 139 140 90
f 140 88 90
f 140 178 88
f 137 138 141
f 141 93 89
f 141 89 137
f 142 143 139
f 99 142 139
f 91 99 139
f 139 143 140
f 93 141 144
f 145 93 144
f 97 93 145
f 146 142 99
f 100 97 147
f 97 148 147
f 97 145 148
f 100 147 149
f 150 100 149
f 101 100 150
f 146 101 150
f 147 148 151
f 149 147 151
f 153 152 102
f 155 154 102
f 154 153 102
f 155 156 154
f 104 152 157
f 102 152 104
f 105 155 102
f 105 107 155
f 107 156 155
f 107 209 156
f 159 157 160
f 159 109 104
f 159 104 157
f 111 161 209
f 107 111 209
f 161 158 209
f 161 162 158
f 163 158 162
f 159 160 114
f 160 113 114
f 160 164 113
f 159 114 109
f 116 161 111
f 162 161 165
f 161 117 165
f 117 166 165
f 117 161 116
f 162 165 163
f 118 113 164
f 121 166 117
f 121 168 166
f 169 225 80
f 80 225 79
f 80 167 169
f 124 168 121
f 225 125 79
f 170 125 225
f 131 171 124
f 128 125 170
f 128 170 172
f 173 131 130
f 171 131 173
f 172 132 128
f 174 132 172
f 133 180 134
f 180 175 134
f 175 130 134
f 175 173 130
f 177 176 136
f 136 132 174
f 136 174 177
f 178 179 133
f 179 180 133
f 176 138 136
f 181 138 176
f 182 238 178
f 140 182 178
f 178 238 179
f 181 141 138
f 183 141 181
f 185 142 184
f 143 142 185
f 140 143 182
f 182 143 185
f 141 186 144
f 141 183 186
f 190 187 142
f 146 190 142
f 142 187 184
f 144 186 188
f 188 186 189
f 188 148 145
f 188 145 144
f 245 190 150
f 245 150 149
f 146 150 190
f 188 189 191
f 191 189 192
f 191 151 148
f 191 148 188
f 151 245 149
f 151 193 245
f 192 194 191
f 194 195 151
f 191 194 151
f 195 196 151
f 196 193 151
f 197 198 153
f 198 152 153
f 198 201 152
f 197 153 154
f 197 154 199
f 203 202 156
f 156 202 154
f 202 200 154
f 200 199 154
f 205 204 203
f 203 204 202
f 207 206 205
f 205 206 204
f 207 211 206
f 157 152 201
f 157 201 208
f 209 203 156
f 205 209 158
f 203 209 205
f 210 205 158
f 207 205 210
f 207 212 211
f 207 210 212
f 212 217 211
f 208 160 157
f 213 160 208
f 163 214 210
f 163 210 158
f 210 215 212
f 210 214 215
f 217 215 216
f 217 212 215
f 213 164 160
f 218 164 213
f 166 219 165
f 214 163 165
f 219 214 165
f 220 214 219
f 215 220 224
f 215 214 220
f 215 224 216
f 118 221 167
f 118 164 218
f 118 218 221
f 168 222 219
f 168 219 166
f 224 220 223
f 220 222 223
f 220 219 222
f 169 167 221
f 227 226 222
f 168 227 222
f 124 227 168
f 222 226 223
f 228 170 225
f 171 227 124
f 171 229 227
f 172 170 228
f 172 228 230
f 231 314 173
f 171 173 229
f 229 173 314
f 233 232 177
f 230 233 177
f 174 230 177
f 172 230 174
f 175 231 173
f 175 235 231
f 232 176 177
f 232 234 176
f 236 235 180
f 236 180 179
f 175 180 235
f 234 181 176
f 237 181 234
f 239 179 238
f 239 236 179
f 237 183 181
f 240 183 237
f 184 243 185
f 185 243 182
f 243 241 182
f 241 238 182
f 238 241 239
f 240 186 183
f 190 242 187
f 187 242 184
f 242 243 184
f 240 189 186
f 244 189 240
f 245 248 190
f 248 339 190
f 190 339 242
f 244 192 189
f 246 192 244
f 193 247 245
f 248 245 247
f 246 249 192
f 192 249 194
f 195 194 249
f 195 249 250
f 196 251 247
f 196 247 193
f 248 247 252
f 252 247 251
f 250 253 195
f 196 195 251
f 195 254 251
f 195 253 254
f 251 254 252
f 258 257 255
f 255 257 256
f 258 259 257
f 261 260 256
f 260 255 256
f 260 262 255
f 255 263 258
f 255 262 263
f 259 258 264
f 264 258 263
f 268 267 265
f 267 268 261
f 268 260 261
f 268 269 260
f 260 270 262
f 260 269 270
f 263 270 271
f 263 262 270
f 263 271 264
f 265 266 272
f 272 266 273
f 265 274 268
f 265 272 274
f 268 275 269
f 268 274 275
f 270 275 276
f 270 269 275
f 270 276 271
f 272 273 280
f 280 273 281
f 272 282 274
f 272 280 282
f 275 282 283
f 275 274 282
f 275 283 276
f 285 284 197
f 197 284 198
f 285 199 277
f 197 199 285
f 199 200 277
f 200 286 277
f 289 288 287
f 289 287 278
f 287 290 278
f 279 278 291
f 278 292 291
f 278 290 292
f 291 292 281
f 292 280 281
f 292 293 280
f 282 293 294
f 282 280 293
f 282 294 283
f 284 201 198
f 295 201 284
f 296 286 200
f 296 200 202
f 288 202 204
f 288 296 202
f 206 287 288
f 204 206 288
f 287 206 211
f 290 287 211
f 290 297 292
f 290 211 297
f 292 298 293
f 292 297 298
f 294 293 299
f 299 293 298
f 301 300 208
f 208 201 295
f 208 295 301
f 211 217 297
f 298 297 302
f 297 217 302
f 217 303 302
f 298 302 299
f 300 213 208
f 304 213 300
f 305 217 216
f 303 217 305
f 304 218 213
f 407 218 304
f 410 305 224
f 216 224 305
f 221 218 407
f 221 407 306
f 307 410 224
f 307 224 223
f 309 308 169
f 169 308 225
f 169 221 306
f 169 306 309
f 227 311 226
f 311 223 226
f 311 307 223
f 228 308 310
f 225 308 228
f 312 311 227
f 229 312 227
f 310 313 230
f 310 230 228
f 315 314 231
f 229 314 312
f 232 233 316
f 233 317 316
f 233 318 317
f 233 230 313
f 233 313 318
f 235 315 231
f 235 319 315
f 320 316 321
f 320 234 232
f 320 232 316
f 323 322 235
f 323 235 236
f 319 235 322
f 325 324 321
f 324 320 321
f 324 326 320
f 326 237 234
f 326 234 320
f 239 323 236
f 239 327 323
f 324 325 328
f 328 325 329
f 324 333 326
f 324 328 333
f 333 240 237
f 333 237 326
f 330 241 243
f 239 241 327
f 327 241 330
f 328 329 331
f 331 329 332
f 328 331 333
f 335 334 243
f 335 243 242
f 330 243 334
f 331 332 336
f 336 332 337
f 331 338 333
f 331 336 338
f 338 244 240
f 338 240 333
f 342 242 339
f 342 335 242
f 341 340 337
f 340 336 337
f 340 338 336
f 340 246 244
f 340 244 338
f 343 342 339
f 248 343 339
f 340 341 344
f 344 341 345
f 346 249 246
f 340 346 246
f 344 346 340
f 346 250 249
f 252 343 248
f 252 347 343
f 345 348 344
f 344 348 346
f 346 348 349
f 346 349 250
f 349 253 250
f 349 350 253
f 253 351 254
f 350 351 253
f 252 254 347
f 347 254 351
f 354 353 352
f 356 355 352
f 352 355 354
f 356 357 355
f 352 353 359
f 359 353 360
f 352 361 356
f 352 359 361
f 356 362 357
f 356 361 362
f 358 357 363
f 363 357 362
f 365 364 360
f 364 359 360
f 364 366 359
f 359 367 361
f 359 366 367
f 361 368 362
f 361 367 368
f 363 362 372
f 372 362 368
f 370 369 365
f 365 369 364
f 369 256 364
f 364 256 257
f 364 257 366
f 366 257 259
f 367 366 259
f 372 368 371
f 368 259 371
f 368 367 259
f 376 375 373
f 375 376 370
f 370 376 369
f 376 261 369
f 369 261 256
f 264 380 259
f 371 259 380
f 373 374 265
f 374 266 265
f 374 377 266
f 373 265 267
f 373 267 376
f 376 267 261
f 378 379 271
f 271 379 264
f 379 380 264
f 377 382 381
f 273 377 381
f 266 377 273
f 378 271 276
f 383 378 276
f 379 378 391
f 391 378 383
f 384 277 385
f 387 386 278
f 388 381 279
f 381 387 279
f 387 278 279
f 381 382 387
f 388 281 273
f 388 273 381
f 389 276 283
f 390 276 389
f 391 383 400
f 383 390 400
f 383 276 390
f 393 392 285
f 285 392 284
f 285 277 384
f 285 384 393
f 286 296 394
f 385 286 394
f 277 286 385
f 396 395 296
f 296 395 394
f 288 289 396
f 289 395 396
f 289 397 395
f 289 278 386
f 289 386 397
f 291 388 279
f 388 291 281
f 398 399 294
f 294 399 283
f 399 485 283
f 485 389 283
f 389 485 390
f 390 485 400
f 392 295 284
f 401 295 392
f 296 288 396
f 299 404 398
f 299 398 294
f 399 398 404
f 301 402 300
f 301 295 401
f 303 403 302
f 302 403 299
f 403 404 299
f 402 406 405
f 304 402 405
f 300 402 304
f 305 411 303
f 411 403 303
f 405 406 407
f 407 406 408
f 407 304 405
f 410 411 305
f 407 408 306
f 408 409 306
f 413 411 410
f 309 412 308
f 309 306 409
f 309 409 412
f 414 413 410
f 307 414 410
f 311 414 307
f 416 415 310
f 310 308 412
f 310 412 416
f 417 311 312
f 414 311 417
f 318 420 418
f 415 420 318
f 313 415 318
f 310 415 313
f 421 314 315
f 312 314 417
f 417 314 421
f 418 419 317
f 419 316 317
f 419 422 316
f 418 317 318
f 423 421 319
f 421 315 319
f 422 321 316
f 424 321 422
f 423 319 322
f 323 423 322
f 425 423 323
f 325 321 424
f 325 424 426
f 327 425 323
f 327 427 425
f 426 329 325
f 428 329 426
f 327 330 427
f 427 330 429
f 428 332 329
f 430 332 428
f 432 431 334
f 432 334 335
f 330 334 429
f 429 334 431
f 430 337 332
f 433 337 430
f 342 432 335
f 342 434 432
f 433 515 337
f 341 337 515
f 343 435 342
f 435 434 342
f 515 345 341
f 436 345 515
f 347 437 343
f 348 345 441
f 345 438 441
f 345 436 438
f 439 349 348
f 439 348 441
f 349 439 522
f 350 349 522
f 351 522 440
f 350 522 351
f 440 347 351
f 440 437 347
f 439 441 442
f 439 442 522
f 444 443 445
f 443 444 446
f 448 444 445
f 448 449 444
f 444 455 446
f 444 449 455
f 447 446 450
f 450 446 455
f 451 448 452
f 448 453 449
f 448 451 453
f 455 453 454
f 455 449 453
f 457 456 354
f 354 456 353
f 355 451 452
f 457 355 452
f 354 355 457
f 451 355 357
f 451 357 453
f 357 358 453
f 358 454 453
f 358 458 454
f 360 456 459
f 353 456 360
f 363 458 358
f 363 461 458
f 459 460 365
f 460 462 365
f 459 365 360
f 372 461 363
f 372 463 461
f 462 464 370
f 370 365 462
f 371 465 372
f 465 471 372
f 471 463 372
f 467 466 373
f 373 466 374
f 468 373 375
f 468 467 373
f 375 370 464
f 375 464 468
f 470 469 380
f 469 471 465
f 380 469 465
f 371 380 465
f 377 466 472
f 374 466 377
f 379 470 380
f 474 470 379
f 472 473 377
f 473 382 377
f 473 475 382
f 391 474 379
f 391 476 474
f 394 478 477
f 480 479 387
f 387 479 386
f 387 382 475
f 387 475 480
f 481 391 400
f 476 391 481
f 482 393 384
f 483 482 384
f 483 394 477
f 483 384 385
f 394 483 385
f 484 478 394
f 395 484 394
f 479 395 397
f 479 484 395
f 397 386 479
f 400 485 486
f 481 400 486
f 482 487 393
f 487 392 393
f 487 401 392
f 489 488 485
f 399 489 485
f 404 489 399
f 485 488 486
f 301 490 402
f 301 401 487
f 301 487 490
f 491 404 403
f 489 404 491
f 493 492 406
f 406 402 490
f 406 490 493
f 403 411 491
f 492 408 406
f 494 408 492
f 409 494 495
f 408 494 409
f 497 411 413
f 491 411 497
f 495 496 412
f 495 412 409
f 497 413 414
f 416 498 415
f 416 412 496
f 414 417 497
f 500 499 418
f 418 499 419
f 501 418 420
f 501 500 418
f 420 415 498
f 420 498 501
f 417 421 626
f 499 422 419
f 502 422 499
f 503 626 423
f 421 423 626
f 502 424 422
f 504 424 502
f 506 503 505
f 503 425 505
f 503 423 425
f 426 424 504
f 426 504 507
f 506 505 427
f 506 427 508
f 425 427 505
f 507 428 426
f 509 428 507
f 508 427 429
f 511 508 429
f 509 430 428
f 510 430 509
f 512 511 431
f 512 431 432
f 429 431 511
f 510 433 430
f 513 433 510
f 434 512 432
f 434 514 512
f 433 516 515
f 433 513 516
f 435 514 434
f 435 517 514
f 516 518 515
f 519 515 518
f 436 515 519
f 437 523 343
f 523 520 343
f 520 435 343
f 520 517 435
f 519 438 436
f 521 438 519
f 437 524 523
f 440 524 437
f 441 438 526
f 438 525 526
f 438 521 525
f 527 441 526
f 442 441 527
f 442 528 522
f 442 527 528
f 522 528 440
f 528 529 440
f 524 440 529
f 532 531 530
f 534 533 530
f 530 533 532
f 536 535 534
f 534 535 533
f 536 537 535
f 530 531 538
f 538 531 664
f 530 539 534
f 530 538 539
f 534 540 536
f 534 539 540
f 537 536 550
f 550 536 540
f 543 542 541
f 541 544 543
f 547 546 545
f 547 545 664
f 664 545 538
f 545 443 538
f 548 538 443
f 539 538 548
f 550 540 549
f 540 548 549
f 540 539 548
f 554 553 551
f 551 553 552
f 553 554 542
f 554 541 542
f 554 555 541
f 544 541 556
f 556 541 555
f 545 546 557
f 557 546 558
f 557 445 443
f 557 443 545
f 446 548 443
f 446 447 548
f 447 549 548
f 447 566 549
f 560 559 552
f 559 551 552
f 559 561 551
f 551 562 554
f 551 561 562
f 555 562 563
f 555 554 562
f 555 563 556
f 565 564 558
f 558 564 557
f 564 448 557
f 557 448 445
f 450 566 447
f 559 560 570
f 570 560 567
f 559 571 561
f 559 570 571
f 562 571 695
f 562 561 571
f 562 695 563
f 568 564 565
f 568 452 564
f 452 448 564
f 454 569 455
f 569 573 455
f 573 450 455
f 573 566 450
f 705 456 457
f 568 705 457
f 452 568 457
f 458 572 569
f 458 569 454
f 569 574 573
f 569 572 574
f 574 575 573
f 578 577 576
f 580 579 576
f 576 579 578
f 460 459 580
f 459 579 580
f 459 705 579
f 459 456 705
f 461 581 572
f 461 572 458
f 572 582 574
f 572 581 582
f 575 574 582
f 576 577 583
f 583 577 584
f 576 585 580
f 576 583 585
f 585 462 460
f 585 460 580
f 587 586 581
f 461 587 581
f 463 587 461
f 581 586 582
f 582 586 588
f 583 584 589
f 589 584 723
f 589 464 462
f 585 589 462
f 583 589 585
f 590 587 471
f 587 463 471
f 466 467 591
f 467 592 591
f 467 593 592
f 468 589 723
f 593 468 723
f 467 468 593
f 589 468 464
f 595 594 469
f 595 469 470
f 471 594 590
f 471 469 594
f 591 473 472
f 591 596 473
f 591 472 466
f 474 595 470
f 474 597 595
f 601 600 598
f 598 600 599
f 603 602 601
f 601 602 600
f 596 602 603
f 475 596 603
f 473 596 475
f 597 474 476
f 606 605 477
f 607 598 478
f 598 606 478
f 606 477 478
f 598 599 606
f 598 608 601
f 598 607 608
f 608 479 480
f 603 608 480
f 601 608 603
f 603 480 475
f 604 476 481
f 609 604 481
f 483 610 482
f 483 477 605
f 483 605 610
f 484 607 478
f 607 484 479
f 607 479 608
f 615 611 486
f 611 481 486
f 611 609 481
f 482 612 487
f 482 610 612
f 614 613 488
f 614 488 489
f 486 488 615
f 488 613 615
f 612 616 490
f 490 487 612
f 489 491 614
f 614 491 617
f 616 749 493
f 493 749 492
f 493 490 616
f 749 494 492
f 619 494 749
f 618 491 620
f 495 494 619
f 495 619 756
f 491 497 620
f 620 497 887
f 756 496 495
f 621 496 756
f 623 622 416
f 416 622 498
f 416 496 621
f 416 621 623
f 497 417 626
f 624 499 500
f 500 625 624
f 500 501 625
f 501 498 622
f 501 622 625
f 628 627 624
f 627 499 624
f 627 502 499
f 629 626 503
f 627 504 502
f 630 504 627
f 632 631 506
f 503 506 629
f 629 506 631
f 507 504 630
f 507 630 767
f 508 632 506
f 508 633 632
f 767 509 507
f 634 509 767
f 633 511 635
f 633 508 511
f 634 510 509
f 637 510 634
f 636 635 511
f 512 636 511
f 638 636 512
f 637 513 510
f 639 513 637
f 514 638 512
f 514 640 638
f 639 516 513
f 641 516 639
f 517 640 514
f 516 641 518
f 519 518 641
f 519 641 642
f 520 643 517
f 642 521 519
f 644 521 642
f 524 645 523
f 645 520 523
f 645 643 520
f 644 525 521
f 646 525 644
f 526 650 527
f 527 650 647
f 528 527 647
f 528 648 529
f 647 648 528
f 524 529 645
f 529 649 645
f 529 648 649
f 646 793 525
f 525 793 526
f 526 793 650
f 653 652 651
f 655 654 653
f 653 654 652
f 656 651 657
f 651 658 653
f 651 656 658
f 653 659 655
f 653 658 659
f 660 655 659
f 662 661 532
f 532 661 531
f 533 656 657
f 662 533 657
f 532 533 662
f 656 533 535
f 656 535 658
f 659 658 663
f 658 537 663
f 537 665 663
f 537 658 535
f 659 663 660
f 661 664 531
f 550 666 665
f 537 550 665
f 666 667 665
f 669 668 543
f 543 668 542
f 543 544 669
f 669 544 670
f 672 671 547
f 547 671 546
f 547 664 672
f 549 673 550
f 673 666 550
f 674 666 673
f 667 666 675
f 675 666 674
f 677 676 552
f 678 552 553
f 678 677 552
f 553 542 668
f 553 668 678
f 556 680 679
f 670 556 679
f 544 556 670
f 682 681 680
f 680 681 679
f 671 681 682
f 558 671 682
f 546 671 558
f 566 683 673
f 566 673 549
f 673 684 674
f 673 683 684
f 675 674 690
f 690 674 684
f 686 685 560
f 560 552 676
f 560 676 686
f 680 556 563
f 687 680 563
f 682 687 565
f 680 687 682
f 682 565 558
f 566 688 683
f 683 689 684
f 683 688 689
f 684 691 690
f 684 689 691
f 691 692 690
f 685 694 693
f 567 685 693
f 560 685 567
f 696 563 695
f 687 696 568
f 563 696 687
f 687 568 565
f 573 697 688
f 573 688 566
f 688 698 689
f 688 697 698
f 689 699 691
f 689 698 699
f 692 691 707
f 707 691 699
f 693 694 700
f 700 694 842
f 701 570 567
f 693 701 567
f 700 701 693
f 702 571 570
f 702 570 701
f 702 695 571
f 703 695 702
f 695 704 696
f 695 703 704
f 696 705 568
f 704 705 696
f 697 573 575
f 698 697 575
f 707 699 706
f 699 575 706
f 699 698 575
f 709 708 842
f 708 700 842
f 708 701 700
f 701 710 702
f 701 708 710
f 710 577 578
f 703 710 578
f 702 710 703
f 703 578 579
f 703 579 704
f 704 579 705
f 582 711 575
f 706 575 711
f 713 712 709
f 712 708 709
f 712 714 708
f 708 715 710
f 708 714 715
f 715 584 577
f 715 577 710
f 717 716 586
f 717 586 587
f 586 718 588
f 716 718 586
f 582 588 711
f 588 719 711
f 588 718 719
f 712 713 720
f 720 713 721
f 712 722 714
f 712 720 722
f 714 723 715
f 714 722 723
f 723 584 715
f 728 724 590
f 587 590 717
f 717 590 724
f 726 725 721
f 725 720 721
f 725 727 720
f 727 591 592
f 722 727 592
f 720 727 722
f 722 592 593
f 722 593 723
f 729 728 594
f 729 594 595
f 590 594 728
f 857 730 726
f 730 725 726
f 730 731 725
f 725 602 727
f 725 731 602
f 602 596 591
f 602 591 727
f 733 732 597
f 732 729 597
f 729 595 597
f 735 734 857
f 857 734 730
f 734 599 730
f 730 599 600
f 730 600 731
f 731 600 602
f 733 597 476
f 604 733 476
f 736 733 604
f 734 735 606
f 735 605 606
f 735 737 605
f 734 606 599
f 609 736 604
f 609 738 736
f 610 605 737
f 610 737 739
f 611 738 609
f 611 740 738
f 742 741 612
f 612 610 739
f 612 739 742
f 614 748 613
f 613 748 743
f 744 613 743
f 615 613 744
f 611 615 740
f 740 615 744
f 741 745 612
f 612 745 616
f 747 746 617
f 747 617 491
f 614 617 748
f 617 746 748
f 750 749 616
f 745 750 616
f 754 751 618
f 491 618 747
f 747 618 751
f 753 752 749
f 752 619 749
f 753 749 750
f 755 754 620
f 618 620 754
f 619 757 756
f 752 757 619
f 620 887 755
f 757 758 756
f 758 621 756
f 758 888 623
f 623 888 622
f 623 621 758
f 497 626 887
f 887 626 759
f 760 624 625
f 761 760 625
f 622 761 625
f 888 761 622
f 762 628 624
f 760 762 624
f 899 763 629
f 626 629 759
f 759 629 763
f 764 897 628
f 897 627 628
f 897 630 627
f 764 628 762
f 766 765 631
f 766 631 632
f 629 631 899
f 899 631 765
f 630 768 767
f 897 768 630
f 633 766 632
f 633 769 766
f 771 770 767
f 770 634 767
f 771 767 768
f 774 772 635
f 774 635 636
f 633 635 769
f 769 635 772
f 770 637 634
f 773 637 770
f 638 775 774
f 636 638 774
f 775 776 774
f 639 773 777
f 639 637 773
f 640 779 775
f 640 775 638
f 776 775 780
f 780 775 779
f 781 641 777
f 777 641 639
f 777 778 782
f 777 782 781
f 517 783 779
f 517 779 640
f 780 779 784
f 779 783 784
f 642 641 781
f 782 642 781
f 785 642 782
f 643 786 783
f 643 783 517
f 788 784 787
f 784 786 787
f 784 783 786
f 785 644 642
f 789 644 785
f 791 790 786
f 643 791 786
f 645 791 643
f 786 790 787
f 793 646 792
f 646 789 792
f 646 644 789
f 920 793 792
f 794 647 797
f 648 647 794
f 648 795 649
f 794 795 648
f 645 649 791
f 791 649 795
f 920 796 793
f 796 650 793
f 647 650 797
f 650 796 797
f 803 802 800
f 800 802 801
f 802 803 798
f 803 804 798
f 799 798 805
f 805 798 804
f 651 807 806
f 651 652 807
f 654 800 801
f 807 654 801
f 652 654 807
f 800 654 655
f 808 800 655
f 803 800 808
f 803 814 804
f 803 808 814
f 805 804 809
f 809 804 814
f 811 810 651
f 810 657 651
f 811 651 806
f 660 812 808
f 660 808 655
f 814 812 813
f 814 808 812
f 815 661 662
f 657 815 662
f 810 815 657
f 665 816 663
f 812 660 663
f 816 812 663
f 817 812 816
f 813 812 817
f 820 661 815
f 820 664 661
f 816 665 667
f 827 816 667
f 817 816 827
f 821 817 827
f 823 822 669
f 669 822 668
f 679 818 670
f 818 823 670
f 823 669 670
f 818 819 823
f 819 818 824
f 818 825 824
f 818 679 825
f 671 672 825
f 672 824 825
f 672 826 824
f 672 664 820
f 672 820 826
f 675 827 667
f 821 827 828
f 830 829 677
f 677 829 676
f 831 677 678
f 831 830 677
f 678 668 822
f 678 822 831
f 679 681 825
f 825 681 671
f 690 832 827
f 690 827 675
f 827 833 828
f 827 832 833
f 834 828 833
f 836 835 686
f 686 835 685
f 686 676 829
f 686 829 836
f 832 690 692
f 837 832 692
f 833 832 837
f 834 833 838
f 838 833 837
f 840 839 694
f 694 685 835
f 694 835 840
f 707 841 837
f 707 837 692
f 838 837 841
f 842 694 839
f 843 842 839
f 706 844 707
f 844 845 707
f 845 841 707
f 843 709 842
f 846 709 843
f 847 844 706
f 711 847 706
f 709 848 713
f 846 848 709
f 717 854 716
f 987 716 854
f 718 716 987
f 718 849 719
f 987 849 718
f 711 719 847
f 847 719 849
f 848 850 713
f 850 721 713
f 724 728 851
f 852 724 851
f 853 724 852
f 717 724 854
f 724 853 854
f 856 855 726
f 726 721 850
f 726 850 856
f 729 851 728
f 859 851 729
f 726 858 857
f 855 858 726
f 860 859 732
f 860 732 733
f 729 732 859
f 864 735 857
f 861 864 857
f 861 857 858
f 736 860 733
f 736 862 860
f 864 863 735
f 863 737 735
f 738 862 736
f 738 865 862
f 867 866 739
f 739 737 863
f 739 863 867
f 740 865 738
f 740 868 865
f 866 869 742
f 742 869 741
f 742 739 866
f 743 870 744
f 870 740 744
f 870 868 740
f 871 745 741
f 872 871 741
f 869 872 741
f 874 873 746
f 874 746 747
f 746 875 748
f 873 875 746
f 743 748 870
f 748 876 870
f 748 875 876
f 877 745 871
f 877 750 745
f 751 754 878
f 880 751 878
f 747 751 874
f 874 751 880
f 881 1019 753
f 753 1019 752
f 753 750 877
f 753 877 881
f 879 878 754
f 755 879 754
f 882 879 755
f 1019 757 752
f 883 757 1019
f 755 887 882
f 882 887 884
f 886 885 757
f 757 885 758
f 757 883 886
f 1030 888 758
f 885 1030 758
f 887 759 889
f 891 890 888
f 890 761 888
f 891 888 1030
f 893 892 759
f 889 759 892
f 894 762 760
f 895 894 760
f 761 895 760
f 890 895 761
f 899 896 763
f 759 763 893
f 893 763 896
f 898 897 764
f 898 764 762
f 894 898 762
f 900 899 765
f 900 765 766
f 901 768 897
f 897 898 902
f 897 902 901
f 769 900 766
f 903 770 771
f 903 771 768
f 901 903 768
f 774 904 772
f 904 769 772
f 905 773 903
f 903 773 770
f 776 904 774
f 776 906 904
f 905 777 773
f 778 777 905
f 907 778 905
f 780 909 908
f 906 780 908
f 776 780 906
f 907 782 778
f 910 782 907
f 784 909 780
f 915 909 784
f 910 785 782
f 912 785 910
f 914 913 788
f 914 788 787
f 784 788 915
f 788 913 915
f 912 789 785
f 916 789 912
f 918 917 790
f 918 790 791
f 787 790 914
f 914 790 917
f 916 919 789
f 789 919 792
f 792 921 920
f 919 921 792
f 922 920 921
f 924 923 794
f 924 794 797
f 794 925 795
f 923 925 794
f 791 795 918
f 918 795 925
f 922 926 920
f 926 796 920
f 926 797 796
f 924 797 926
f 929 928 927
f 927 934 929
f 931 930 798
f 932 927 799
f 927 931 799
f 931 798 799
f 927 928 931
f 934 932 933
f 934 927 932
f 935 1080 801
f 936 801 802
f 936 935 801
f 802 798 930
f 802 930 936
f 805 937 932
f 805 932 799
f 933 932 937
f 939 938 807
f 807 938 806
f 807 801 1080
f 807 1080 939
f 805 940 937
f 809 940 805
f 806 941 811
f 938 941 806
f 940 809 942
f 809 813 942
f 813 943 942
f 809 814 813
f 943 944 942
f 947 946 945
f 949 948 945
f 945 948 947
f 950 948 811
f 948 815 811
f 815 810 811
f 948 949 815
f 950 811 941
f 817 951 813
f 813 952 943
f 813 951 952
f 944 943 953
f 943 952 953
f 955 1104 819
f 957 956 819
f 956 955 819
f 956 957 946
f 957 945 946
f 957 958 945
f 958 820 815
f 949 958 815
f 945 958 949
f 821 951 817
f 951 959 952
f 951 821 959
f 952 960 953
f 952 959 960
f 954 953 961
f 961 953 960
f 963 962 823
f 823 962 822
f 823 819 1104
f 823 1104 963
f 824 957 819
f 957 824 826
f 957 826 958
f 958 826 820
f 964 821 828
f 959 821 964
f 959 965 960
f 959 964 965
f 961 960 966
f 966 960 965
f 968 967 830
f 830 967 829
f 969 830 831
f 969 968 830
f 831 822 962
f 831 962 969
f 834 970 964
f 834 964 828
f 971 965 977
f 965 970 977
f 965 964 970
f 965 971 966
f 973 972 836
f 836 972 835
f 836 829 967
f 836 967 973
f 976 975 974
f 975 977 970
f 838 975 970
f 834 838 970
f 974 975 838
f 978 839 840
f 979 978 840
f 835 979 840
f 972 979 835
f 980 976 974
f 974 838 980
f 838 841 980
f 843 839 978
f 979 843 978
f 981 843 979
f 983 982 845
f 983 845 844
f 841 845 980
f 980 845 982
f 981 846 843
f 984 846 981
f 986 985 844
f 986 844 847
f 983 844 985
f 984 848 846
f 1137 848 984
f 988 987 992
f 849 987 988
f 847 849 986
f 986 849 988
f 1137 989 848
f 848 989 850
f 991 990 852
f 991 852 851
f 852 1144 853
f 990 1144 852
f 853 1145 854
f 1144 1145 853
f 854 992 987
f 854 1145 992
f 994 993 856
f 856 993 855
f 856 850 989
f 856 989 994
f 859 991 851
f 859 995 991
f 993 858 855
f 996 858 993
f 860 997 859
f 997 998 859
f 998 995 859
f 1000 999 861
f 861 999 864
f 861 858 996
f 861 996 1000
f 862 1001 997
f 862 997 860
f 998 997 1002
f 1002 997 1001
f 999 1003 864
f 864 1003 863
f 862 1004 1001
f 865 1004 862
f 1001 1004 1002
f 863 1005 867
f 1003 1005 863
f 1008 1007 1006
f 1007 1004 1006
f 1004 868 1006
f 1004 865 868
f 1010 1009 866
f 867 1010 866
f 1010 867 1005
f 1008 1006 870
f 1008 870 1011
f 868 870 1006
f 1009 1012 866
f 1012 869 866
f 1012 872 869
f 1013 873 874
f 873 1014 875
f 1013 1014 873
f 870 876 1011
f 876 1014 1011
f 876 875 1014
f 1015 877 871
f 872 1015 871
f 1012 1015 872
f 1017 1016 878
f 1017 878 879
f 878 1018 880
f 1016 1018 878
f 874 880 1013
f 1013 880 1018
f 1020 1019 881
f 1020 881 877
f 1021 1020 877
f 1015 1021 877
f 882 1017 879
f 882 1022 1017
f 1024 1023 1019
f 1023 883 1019
f 1024 1019 1020
f 1026 1025 884
f 1026 884 887
f 882 884 1022
f 1022 884 1025
f 1028 1027 886
f 886 1027 885
f 886 883 1023
f 886 1023 1028
f 1026 887 1029
f 1027 1030 885
f 1032 1031 889
f 887 889 1029
f 1029 889 1031
f 891 1033 890
f 891 1030 1033
f 892 893 1034
f 1035 892 1034
f 1036 892 1035
f 889 892 1032
f 1032 892 1036
f 1033 895 890
f 1037 895 1033
f 899 1034 896
f 1038 1034 899
f 896 1034 893
f 1040 1039 894
f 894 1039 898
f 894 895 1037
f 894 1037 1040
f 900 1041 899
f 1041 1038 899
f 1039 902 898
f 1042 902 1039
f 1044 1043 900
f 769 1044 900
f 900 1043 1041
f 1045 903 901
f 1046 1045 901
f 902 1046 901
f 1042 1046 902
f 904 1044 769
f 904 1047 1044
f 1048 905 1045
f 1045 905 903
f 1045 1046 1049
f 1045 1049 1048
f 906 908 1050
f 1047 906 1050
f 904 906 1047
f 908 1051 1050
f 1052 907 1048
f 1048 907 905
f 1048 1049 1053
f 1048 1053 1052
f 1055 1054 909
f 909 1054 908
f 1054 1051 908
f 1055 1056 1054
f 1057 907 1052
f 1057 910 907
f 1057 1052 1053
f 915 1055 909
f 915 911 1055
f 911 1056 1055
f 911 1058 1056
f 1057 912 910
f 1059 912 1057
f 913 914 1068
f 1060 913 1068
f 915 913 1060
f 911 915 1058
f 1058 915 1060
f 1062 916 1061
f 916 1059 1061
f 916 912 1059
f 1064 1063 1062
f 1064 1062 1061
f 1065 1063 1064
f 1067 1066 917
f 1067 917 918
f 917 1068 914
f 917 1066 1068
f 1062 919 916
f 919 1062 921
f 921 1062 1063
f 922 921 1063
f 1065 922 1063
f 1069 922 1065
f 924 1072 923
f 1070 923 1072
f 925 923 1070
f 918 925 1067
f 1067 925 1070
f 1069 1071 922
f 922 1071 926
f 924 926 1072
f 926 1071 1072
f 1074 1073 929
f 929 1073 928
f 1075 929 934
f 1075 1074 929
f 1075 934 1076
f 1073 1077 931
f 931 1077 930
f 931 928 1073
f 933 1078 934
f 1078 1079 934
f 1079 1076 934
f 1081 1080 935
f 1082 935 936
f 1082 1081 935
f 936 930 1077
f 936 1077 1082
f 937 1083 1078
f 937 1078 933
f 1079 1078 1084
f 1084 1078 1083
f 939 1085 938
f 939 1080 1085
f 1083 937 940
f 1086 1083 940
f 1087 1083 1086
f 1084 1083 1088
f 1088 1083 1087
f 1091 1090 1089
f 950 1092 1091
f 1091 1092 1090
f 1085 1092 950
f 941 1085 950
f 938 1085 941
f 942 1086 940
f 1086 942 944
f 1093 1086 944
f 1087 1086 1093
f 1088 1087 1094
f 1087 1095 1094
f 1087 1093 1095
f 1097 1096 1095
f 1095 1096 1094
f 1097 1098 1096
f 1100 1099 1089
f 1099 946 1089
f 946 947 1089
f 1089 947 948
f 1089 948 1091
f 1091 948 950
f 953 1093 944
f 1093 953 954
f 1101 1093 954
f 1095 1093 1101
f 1095 1102 1097
f 1095 1101 1102
f 1098 1097 1103
f 1103 1097 1102
f 1100 1105 1099
f 1105 955 1099
f 955 956 1099
f 955 1105 1104
f 1099 956 946
f 961 1106 1101
f 961 1101 954
f 1101 1107 1102
f 1101 1106 1107
f 1103 1102 1108
f 1108 1102 1107
f 1109 962 963
f 1110 1109 963
f 1110 963 1104
f 1111 1110 1104
f 1111 1104 1105
f 966 1112 1106
f 966 1106 961
f 1114 1107 1113
f 1107 1112 1113
f 1107 1106 1112
f 1107 1114 1108
f 1115 967 968
f 1115 968 1116
f 968 969 1116
f 969 962 1109
f 1117 969 1109
f 1116 969 1117
f 1117 1109 1110
f 1119 1118 971
f 1119 971 977
f 966 971 1112
f 971 1120 1112
f 971 1118 1120
f 1112 1120 1113
f 1122 1121 973
f 973 1121 972
f 973 967 1115
f 1123 973 1115
f 1122 973 1123
f 1123 1115 1116
f 1126 1125 1124
f 975 976 1124
f 1125 975 1124
f 1127 975 1125
f 975 1128 977
f 1127 1128 975
f 1119 977 1128
f 1121 979 972
f 1129 979 1121
f 1126 1124 1130
f 1126 1130 1131
f 980 1124 976
f 980 1130 1124
f 1129 981 979
f 1132 981 1129
f 1133 1131 1130
f 983 1133 982
f 1133 1130 982
f 1130 980 982
f 1132 984 981
f 1134 984 1132
f 1136 1135 985
f 1136 985 986
f 983 985 1133
f 1133 985 1135
f 1134 1138 1137
f 984 1134 1137
f 1140 1139 988
f 1140 988 992
f 986 988 1136
f 1136 988 1139
f 1138 989 1137
f 1138 1141 989
f 1143 1142 990
f 1143 990 991
f 1142 1144 990
f 1145 1146 992
f 1140 992 1146
f 1148 1147 994
f 994 1147 993
f 994 989 1141
f 994 1141 1148
f 995 1143 991
f 995 1149 1143
f 1147 996 993
f 1150 996 1147
f 998 1149 995
f 998 1151 1149
f 1152 1309 1000
f 1000 1309 999
f 1000 996 1150
f 1000 1150 1152
f 1151 1002 1153
f 1151 998 1002
f 1154 1003 999
f 1155 1154 999
f 1309 1155 999
f 1153 1004 1156
f 1153 1002 1004
f 1157 1003 1154
f 1157 1005 1003
f 1159 1158 1007
f 1159 1007 1008
f 1004 1007 1156
f 1007 1160 1156
f 1007 1158 1160
f 1162 1161 1010
f 1010 1161 1009
f 1010 1005 1157
f 1010 1157 1162
f 1011 1159 1008
f 1011 1163 1159
f 1009 1164 1012
f 1009 1161 1164
f 1170 1165 1013
f 1013 1166 1014
f 1165 1166 1013
f 1011 1014 1163
f 1163 1014 1166
f 1164 1015 1012
f 1167 1015 1164
f 1169 1168 1016
f 1169 1016 1017
f 1016 1170 1018
f 1168 1170 1016
f 1013 1018 1170
f 1171 1328 1021
f 1021 1328 1020
f 1021 1015 1167
f 1021 1167 1171
f 1169 1022 1172
f 1169 1017 1022
f 1020 1174 1024
f 1328 1174 1020
f 1173 1172 1025
f 1026 1173 1025
f 1176 1173 1026
f 1025 1172 1022
f 1337 1028 1023
f 1175 1337 1023
f 1024 1175 1023
f 1175 1024 1174
f 1177 1176 1029
f 1026 1029 1176
f 1179 1178 1028
f 1178 1027 1028
f 1178 1030 1027
f 1179 1028 1337
f 1182 1181 1180
f 1031 1032 1180
f 1181 1031 1180
f 1183 1031 1181
f 1029 1031 1177
f 1177 1031 1183
f 1178 1184 1033
f 1033 1030 1178
f 1185 1182 1180
f 1035 1185 1180
f 1036 1035 1180
f 1185 1035 1034
f 1036 1180 1032
f 1184 1037 1033
f 1186 1037 1184
f 1187 1347 1034
f 1038 1187 1034
f 1034 1347 1185
f 1188 1039 1040
f 1189 1188 1040
f 1037 1189 1040
f 1186 1189 1037
f 1041 1187 1038
f 1041 1190 1187
f 1191 1042 1188
f 1188 1042 1039
f 1188 1189 1192
f 1188 1192 1191
f 1194 1193 1043
f 1194 1043 1044
f 1041 1043 1190
f 1190 1043 1193
f 1195 1042 1191
f 1195 1046 1042
f 1047 1194 1044
f 1047 1196 1194
f 1195 1049 1046
f 1197 1049 1195
f 1198 1196 1047
f 1198 1047 1050
f 1200 1199 1051
f 1199 1050 1051
f 1199 1198 1050
f 1202 1201 1200
f 1200 1201 1199
f 1202 1203 1201
f 1197 1053 1049
f 1204 1053 1197
f 1054 1200 1051
f 1200 1054 1056
f 1205 1200 1056
f 1202 1200 1205
f 1203 1202 1206
f 1206 1202 1205
f 1053 1204 1208
f 1207 1053 1208
f 1209 1207 1208
f 1057 1053 1207
f 1210 1209 1208
f 1212 1211 1205
f 1056 1212 1205
f 1058 1212 1056
f 1205 1211 1206
f 1213 1059 1207
f 1207 1059 1057
f 1214 1207 1209
f 1213 1207 1214
f 1209 1210 1215
f 1209 1215 1214
f 1217 1216 1060
f 1217 1060 1068
f 1058 1060 1212
f 1212 1060 1216
f 1213 1061 1059
f 1061 1213 1064
f 1064 1213 1214
f 1219 1218 1065
f 1219 1065 1064
f 1215 1219 1064
f 1214 1215 1064
f 1377 1218 1219
f 1067 1226 1066
f 1066 1226 1220
f 1221 1066 1220
f 1068 1066 1221
f 1217 1068 1221
f 1222 1069 1218
f 1218 1069 1065
f 1218 1377 1223
f 1224 1218 1223
f 1222 1218 1224
f 1070 1072 1224
f 1223 1070 1224
f 1225 1070 1223
f 1067 1070 1226
f 1070 1225 1226
f 1222 1071 1069
f 1071 1222 1072
f 1072 1222 1224
f 1229 1228 1227
f 1073 1074 1227
f 1074 1229 1227
f 1074 1230 1229
f 1231 1074 1075
f 1231 1230 1074
f 1075 1076 1231
f 1231 1076 1232
f 1235 1234 1233
f 1235 1233 1228
f 1228 1233 1227
f 1233 1077 1227
f 1077 1073 1227
f 1079 1237 1236
f 1232 1079 1236
f 1076 1079 1232
f 1237 1238 1236
f 1240 1239 1237
f 1237 1239 1238
f 1240 1241 1239
f 1243 1242 1081
f 1081 1242 1080
f 1082 1233 1234
f 1243 1082 1234
f 1081 1082 1243
f 1233 1082 1077
f 1084 1244 1237
f 1084 1237 1079
f 1237 1244 1245
f 1237 1246 1240
f 1237 1245 1246
f 1241 1240 1251
f 1251 1240 1246
f 1247 1400 1085
f 1085 1080 1242
f 1085 1242 1247
f 1088 1248 1244
f 1088 1244 1084
f 1244 1249 1245
f 1244 1248 1249
f 1245 1250 1246
f 1245 1249 1250
f 1251 1246 1250
f 1090 1252 1089
f 1252 1090 1253
f 1090 1092 1253
f 1092 1085 1400
f 1092 1400 1253
f 1094 1248 1088
f 1248 1094 1096
f 1248 1096 1249
f 1249 1096 1098
f 1254 1249 1098
f 1250 1249 1254
f 1251 1250 1255
f 1255 1250 1254
f 1406 1100 1089
f 1256 1406 1089
f 1256 1089 1252
f 1256 1252 1257
f 1257 1252 1253
f 1103 1258 1254
f 1103 1254 1098
f 1255 1254 1259
f 1259 1254 1258
f 1260 1105 1100
f 1100 1406 1261
f 1100 1261 1260
f 1108 1262 1258
f 1108 1258 1103
f 1259 1258 1262
f 1263 1110 1111
f 1264 1263 1111
f 1264 1111 1105
f 1260 1264 1105
f 1264 1260 1261
f 1266 1265 1114
f 1266 1114 1113
f 1108 1114 1262
f 1114 1267 1262
f 1114 1265 1267
f 1117 1269 1116
f 1116 1269 1268
f 1110 1263 1117
f 1263 1269 1117
f 1263 1270 1269
f 1271 1263 1264
f 1270 1263 1271
f 1432 1275 1274
f 1118 1119 1274
f 1275 1118 1274
f 1276 1118 1275
f 1118 1277 1120
f 1276 1277 1118
f 1113 1120 1266
f 1266 1120 1277
f 1278 1121 1122
f 1123 1279 1122
f 1122 1279 1278
f 1116 1268 1123
f 1268 1279 1123
f 1268 1280 1279
f 1280 1269 1440
f 1268 1269 1280
f 1440 1269 1270
f 1273 1272 1125
f 1126 1273 1125
f 1281 1273 1126
f 1432 1125 1272
f 1432 1127 1125
f 1274 1128 1432
f 1128 1127 1432
f 1128 1274 1119
f 1284 1283 1282
f 1285 1284 1278
f 1284 1129 1278
f 1129 1121 1278
f 1284 1282 1129
f 1285 1278 1279
f 1285 1279 1286
f 1286 1279 1280
f 1286 1280 1287
f 1287 1280 1440
f 1131 1281 1126
f 1131 1288 1281
f 1282 1283 1289
f 1289 1283 1290
f 1289 1132 1129
f 1289 1129 1282
f 1291 1131 1133
f 1288 1131 1291
f 1289 1290 1292
f 1292 1290 1293
f 1292 1134 1132
f 1292 1132 1289
f 1291 1133 1135
f 1136 1291 1135
f 1294 1291 1136
f 1292 1293 1138
f 1293 1295 1138
f 1292 1138 1134
f 1296 1139 1140
f 1136 1139 1294
f 1294 1139 1296
f 1295 1141 1138
f 1297 1141 1295
f 1299 1298 1142
f 1299 1142 1143
f 1142 1300 1144
f 1298 1300 1142
f 1144 1301 1145
f 1300 1301 1144
f 1145 1302 1146
f 1301 1302 1145
f 1140 1146 1296
f 1296 1146 1302
f 1304 1303 1148
f 1148 1303 1147
f 1148 1141 1297
f 1148 1297 1304
f 1306 1299 1305
f 1299 1149 1305
f 1299 1143 1149
f 1303 1150 1147
f 1307 1150 1303
f 1306 1305 1308
f 1306 1308 1490
f 1151 1308 1149
f 1149 1308 1305
f 1310 1309 1152
f 1150 1310 1152
f 1307 1310 1150
f 1490 1308 1153
f 1311 1490 1153
f 1153 1308 1151
f 1313 1312 1309
f 1312 1155 1309
f 1313 1309 1310
f 1153 1156 1314
f 1311 1153 1314
f 1316 1315 1154
f 1154 1315 1157
f 1154 1155 1312
f 1154 1312 1316
f 1318 1317 1158
f 1318 1158 1159
f 1160 1317 1314
f 1160 1158 1317
f 1160 1314 1156
f 1315 1503 1162
f 1162 1503 1161
f 1162 1157 1315
f 1321 1320 1319
f 1320 1318 1319
f 1318 1163 1319
f 1318 1159 1163
f 1161 1324 1164
f 1503 1324 1161
f 1323 1322 1165
f 1323 1165 1170
f 1319 1166 1321
f 1166 1322 1321
f 1166 1165 1322
f 1166 1319 1163
f 1324 1511 1164
f 1511 1167 1164
f 1326 1325 1168
f 1326 1168 1169
f 1168 1327 1170
f 1325 1327 1168
f 1323 1170 1327
f 1329 1328 1171
f 1167 1329 1171
f 1511 1329 1167
f 1172 1173 1330
f 1331 1172 1330
f 1332 1172 1331
f 1169 1172 1326
f 1326 1172 1332
f 1334 1333 1328
f 1333 1174 1328
f 1334 1328 1329
f 1330 1335 1336
f 1176 1335 1173
f 1173 1335 1330
f 1338 1337 1175
f 1174 1338 1175
f 1333 1338 1174
f 1339 1521 1336
f 1339 1336 1335
f 1177 1339 1335
f 1176 1177 1335
f 1341 1340 1179
f 1179 1340 1178
f 1342 1179 1337
f 1341 1179 1342
f 1342 1337 1338
f 1344 1343 1181
f 1344 1181 1182
f 1183 1343 1339
f 1183 1181 1343
f 1183 1339 1177
f 1345 1184 1178
f 1346 1345 1178
f 1340 1346 1178
f 1349 1348 1347
f 1348 1344 1347
f 1344 1185 1347
f 1344 1182 1185
f 1350 1186 1345
f 1345 1186 1184
f 1345 1346 1351
f 1345 1351 1350
f 1187 1349 1347
f 1352 1349 1187
f 1354 1353 1350
f 1353 1186 1350
f 1353 1189 1186
f 1354 1350 1351
f 1190 1352 1187
f 1190 1355 1352
f 1353 1192 1189
f 1356 1192 1353
f 1194 1357 1193
f 1357 1358 1193
f 1358 1190 1193
f 1358 1355 1190
f 1359 1195 1191
f 1360 1359 1191
f 1192 1360 1191
f 1356 1360 1192
f 1196 1361 1357
f 1196 1357 1194
f 1358 1357 1362
f 1357 1363 1362
f 1357 1361 1363
f 1363 1364 1362
f 1366 1197 1359
f 1359 1197 1195
f 1359 1360 1367
f 1359 1367 1366
f 1198 1361 1196
f 1361 1198 1199
f 1361 1199 1363
f 1363 1199 1201
f 1363 1201 1364
f 1370 1368 1203
f 1203 1368 1201
f 1368 1365 1201
f 1365 1364 1201
f 1369 1204 1366
f 1366 1204 1197
f 1366 1367 1369
f 1203 1565 1370
f 1206 1565 1203
f 1369 1208 1204
f 1210 1208 1369
f 1371 1210 1369
f 1372 1211 1212
f 1206 1211 1565
f 1565 1211 1372
f 1215 1371 1373
f 1215 1210 1371
f 1376 1375 1216
f 1376 1216 1217
f 1212 1216 1372
f 1372 1216 1375
f 1373 1219 1215
f 1378 1377 1219
f 1374 1378 1219
f 1373 1374 1219
f 1573 1377 1378
f 1220 1379 1221
f 1379 1217 1221
f 1379 1376 1217
f 1573 1380 1377
f 1380 1223 1377
f 1380 1225 1223
f 1225 1381 1226
f 1380 1381 1225
f 1226 1382 1220
f 1226 1381 1382
f 1220 1382 1379
f 1228 1229 1383
f 1229 1384 1383
f 1385 1229 1230
f 1385 1384 1229
f 1386 1230 1231
f 1386 1385 1230
f 1231 1232 1386
f 1389 1388 1387
f 1391 1390 1387
f 1387 1390 1389
f 1393 1392 1391
f 1391 1392 1390
f 1393 1394 1392
f 1383 1234 1235
f 1383 1395 1234
f 1383 1235 1228
f 1396 1386 1232
f 1396 1232 1236
f 1238 1387 1388
f 1396 1238 1388
f 1236 1238 1396
f 1387 1238 1239
f 1387 1239 1391
f 1391 1239 1241
f 1393 1391 1241
f 1394 1393 1397
f 1397 1393 1241
f 1395 1398 1243
f 1243 1398 1242
f 1243 1234 1395
f 1251 1399 1241
f 1397 1241 1399
f 1398 1400 1247
f 1247 1242 1398
f 1251 1401 1399
f 1403 1402 1253
f 1253 1400 1403
f 1255 1404 1401
f 1255 1401 1251
f 1405 1401 1404
f 1406 1256 1407
f 1256 1408 1407
f 1256 1257 1408
f 1257 1253 1402
f 1257 1402 1408
f 1259 1409 1404
f 1259 1404 1255
f 1405 1404 1414
f 1404 1409 1414
f 1411 1410 1406
f 1410 1261 1406
f 1411 1406 1407
f 1413 1412 1409
f 1259 1413 1409
f 1262 1413 1259
f 1409 1412 1414
f 1261 1410 1416
f 1415 1261 1416
f 1417 1415 1416
f 1264 1261 1415
f 1418 1417 1416
f 1434 1420 1419
f 1422 1421 1419
f 1422 1419 1420
f 1265 1266 1421
f 1422 1265 1421
f 1423 1265 1422
f 1265 1424 1267
f 1423 1424 1265
f 1427 1426 1425
f 1267 1413 1262
f 1413 1267 1424
f 1264 1415 1271
f 1415 1428 1271
f 1415 1417 1428
f 1417 1418 1429
f 1417 1429 1428
f 1431 1430 1272
f 1431 1272 1273
f 1272 1433 1432
f 1430 1433 1272
f 1433 1275 1432
f 1434 1275 1433
f 1419 1276 1434
f 1276 1275 1434
f 1276 1419 1277
f 1277 1419 1421
f 1277 1421 1266
f 1437 1436 1435
f 1437 1435 1426
f 1435 1425 1426
f 1435 1438 1425
f 1439 1425 1438
f 1270 1441 1440
f 1271 1442 1270
f 1270 1442 1441
f 1443 1442 1271
f 1444 1443 1271
f 1428 1444 1271
f 1444 1428 1429
f 1446 1431 1445
f 1431 1281 1445
f 1431 1273 1281
f 1435 1436 1447
f 1447 1436 1448
f 1435 1655 1438
f 1435 1447 1655
f 1439 1438 1655
f 1449 1283 1284
f 1285 1450 1284
f 1284 1450 1449
f 1286 1451 1285
f 1285 1451 1450
f 1287 1452 1286
f 1286 1452 1451
f 1440 1452 1287
f 1440 1453 1452
f 1454 1440 1441
f 1453 1440 1454
f 1442 1456 1455
f 1454 1442 1455
f 1441 1442 1454
f 1456 1442 1443
f 1446 1445 1457
f 1446 1457 1458
f 1288 1457 1281
f 1281 1457 1445
f 1448 1459 1447
f 1447 1459 1655
f 1461 1460 1449
f 1460 1283 1449
f 1460 1290 1283
f 1449 1462 1461
f 1450 1462 1449
f 1463 1450 1451
f 1462 1450 1463
f 1464 1451 1452
f 1463 1451 1464
f 1465 1452 1453
f 1464 1452 1465
f 1454 1467 1466
f 1465 1454 1466
f 1453 1454 1465
f 1467 1454 1455
f 1458 1457 1468
f 1291 1468 1288
f 1288 1468 1457
f 1471 1470 1469
f 1460 1471 1469
f 1293 1460 1469
f 1290 1460 1293
f 1472 1461 1462
f 1472 1462 1463
f 1472 1463 1473
f 1473 1463 1464
f 1473 1464 1474
f 1474 1464 1465
f 1474 1465 1475
f 1475 1465 1466
f 1468 1476 1477
f 1294 1476 1291
f 1291 1476 1468
f 1469 1470 1478
f 1478 1470 1677
f 1478 1295 1293
f 1478 1293 1469
f 1477 1476 1296
f 1479 1477 1296
f 1296 1476 1294
f 1478 1677 1480
f 1480 1677 1481
f 1480 1297 1295
f 1480 1295 1478
f 1483 1482 1298
f 1483 1298 1299
f 1298 1484 1300
f 1482 1484 1298
f 1300 1485 1301
f 1484 1485 1300
f 1301 1486 1302
f 1485 1486 1301
f 1296 1302 1479
f 1479 1302 1486
f 1480 1481 1304
f 1481 1303 1304
f 1481 1487 1303
f 1480 1304 1297
f 1488 1299 1306
f 1488 1483 1299
f 1487 1307 1303
f 1489 1307 1487
f 1488 1306 1491
f 1491 1306 1490
f 1489 1310 1307
f 1492 1310 1489
f 1494 1493 1490
f 1311 1494 1490
f 1490 1493 1491
f 1496 1495 1313
f 1313 1495 1312
f 1313 1310 1492
f 1313 1492 1496
f 1498 1494 1497
f 1494 1314 1497
f 1494 1311 1314
f 1500 1499 1316
f 1316 1499 1315
f 1316 1312 1495
f 1316 1495 1500
f 1501 1502 1498
f 1501 1498 1497
f 1318 1501 1497
f 1317 1318 1497
f 1317 1497 1314
f 1504 1503 1315
f 1499 1504 1315
f 1505 1506 1502
f 1505 1502 1501
f 1321 1505 1501
f 1320 1321 1501
f 1320 1501 1318
f 1508 1507 1503
f 1507 1324 1503
f 1508 1503 1504
f 1509 1506 1505
f 1323 1509 1505
f 1322 1323 1505
f 1322 1505 1321
f 1516 1511 1324
f 1507 1516 1324
f 1325 1326 1512
f 1514 1325 1512
f 1509 1327 1510
f 1327 1514 1510
f 1327 1325 1514
f 1327 1509 1323
f 1516 1515 1511
f 1515 1329 1511
f 1518 1517 1331
f 1518 1331 1330
f 1512 1332 1513
f 1332 1517 1513
f 1332 1331 1517
f 1332 1512 1326
f 1519 1333 1334
f 1520 1519 1334
f 1329 1520 1334
f 1515 1520 1329
f 1518 1336 1521
f 1518 1330 1336
f 1522 1338 1519
f 1519 1338 1333
f 1519 1520 1523
f 1524 1519 1523
f 1522 1519 1524
f 1525 1524 1523
f 1528 1527 1526
f 1526 1527 1521
f 1339 1526 1521
f 1529 1340 1341
f 1342 1530 1341
f 1341 1530 1529
f 1338 1522 1342
f 1522 1530 1342
f 1522 1531 1530
f 1531 1524 1730
f 1522 1524 1531
f 1524 1533 1532
f 1524 1525 1534
f 1533 1524 1534
f 1533 1534 1528
f 1533 1528 1526
f 1344 1533 1526
f 1343 1344 1526
f 1343 1526 1339
f 1535 1346 1529
f 1529 1346 1340
f 1536 1529 1530
f 1535 1529 1536
f 1531 1538 1537
f 1536 1531 1537
f 1530 1531 1536
f 1538 1531 1730
f 1532 1533 1348
f 1349 1532 1348
f 1539 1532 1349
f 1348 1533 1344
f 1540 1351 1535
f 1535 1351 1346
f 1541 1535 1536
f 1540 1535 1541
f 1536 1537 1542
f 1536 1542 1541
f 1352 1539 1349
f 1352 1543 1539
f 1544 1353 1354
f 1351 1540 1354
f 1540 1544 1354
f 1545 1540 1541
f 1541 1542 1546
f 1541 1546 1545
f 1355 1543 1352
f 1355 1547 1543
f 1548 1356 1544
f 1544 1356 1353
f 1549 1544 1540
f 1548 1544 1549
f 1545 1546 1550
f 1549 1545 1550
f 1540 1545 1549
f 1358 1552 1551
f 1547 1358 1551
f 1355 1358 1547
f 1552 1553 1551
f 1555 1360 1548
f 1548 1360 1356
f 1556 1548 1549
f 1555 1548 1556
f 1549 1550 1745
f 1549 1745 1556
f 1362 1552 1358
f 1552 1362 1364
f 1552 1364 1553
f 1558 1557 1365
f 1365 1557 1364
f 1557 1554 1364
f 1554 1553 1364
f 1558 1559 1557
f 1555 1367 1360
f 1368 1558 1365
f 1559 1558 1560
f 1558 1370 1560
f 1370 1561 1560
f 1370 1558 1368
f 1562 1369 1555
f 1555 1369 1367
f 1563 1555 1556
f 1562 1555 1563
f 1556 1745 1564
f 1556 1564 1563
f 1565 1566 1370
f 1566 1561 1370
f 1567 1371 1562
f 1562 1371 1369
f 1567 1562 1563
f 1372 1572 1565
f 1572 1568 1565
f 1565 1568 1566
f 1567 1373 1371
f 1373 1567 1374
f 1567 1569 1374
f 1567 1563 1569
f 1563 1564 1570
f 1563 1570 1569
f 1376 1571 1375
f 1571 1578 1375
f 1375 1578 1372
f 1578 1572 1372
f 1569 1378 1374
f 1574 1573 1378
f 1570 1574 1378
f 1569 1570 1378
f 1576 1575 1573
f 1576 1573 1574
f 1577 1575 1576
f 1579 1578 1571
f 1376 1579 1571
f 1379 1579 1376
f 1380 1573 1381
f 1381 1573 1575
f 1577 1765 1575
f 1765 1381 1575
f 1765 1382 1381
f 1379 1382 1579
f 1579 1382 1765
f 1582 1581 1580
f 1584 1583 1582
f 1582 1583 1581
f 1585 1580 1586
f 1580 1587 1582
f 1580 1585 1587
f 1584 1587 1588
f 1584 1582 1587
f 1384 1590 1383
f 1383 1590 1589
f 1385 1591 1384
f 1384 1591 1590
f 1386 1592 1385
f 1385 1592 1591
f 1389 1594 1593
f 1389 1390 1594
f 1392 1585 1586
f 1594 1392 1586
f 1390 1392 1594
f 1585 1392 1394
f 1595 1585 1394
f 1587 1585 1595
f 1588 1587 1596
f 1596 1587 1595
f 1598 1597 1589
f 1597 1395 1589
f 1395 1383 1589
f 1598 1589 1590
f 1598 1590 1599
f 1599 1590 1591
f 1599 1591 1600
f 1600 1591 1592
f 1600 1592 1601
f 1603 1601 1602
f 1602 1601 1396
f 1601 1592 1396
f 1592 1386 1396
f 1604 1602 1396
f 1604 1396 1388
f 1605 1604 1388
f 1389 1605 1388
f 1605 1389 1593
f 1397 1606 1595
f 1397 1595 1394
f 1596 1595 1607
f 1595 1614 1607
f 1595 1606 1614
f 1610 1609 1608
f 1610 1608 1597
f 1608 1398 1597
f 1398 1395 1597
f 1611 1603 1602
f 1611 1602 1604
f 1399 1612 1606
f 1399 1606 1397
f 1614 1612 1613
f 1614 1606 1612
f 1608 1609 1398
f 1609 1400 1398
f 1609 1615 1400
f 1401 1616 1612
f 1401 1612 1399
f 1613 1612 1617
f 1617 1612 1616
f 1402 1403 1812
f 1403 1618 1812
f 1403 1619 1618
f 1403 1400 1615
f 1403 1615 1619
f 1405 1620 1616
f 1405 1616 1401
f 1617 1616 1621
f 1621 1616 1620
f 1812 1407 1408
f 1812 1622 1407
f 1812 1408 1402
f 1414 1620 1405
f 1414 1621 1620
f 1414 1623 1621
f 1407 1624 1411
f 1622 1624 1407
f 1627 1626 1625
f 1412 1413 1625
f 1626 1412 1625
f 1628 1412 1626
f 1412 1629 1414
f 1628 1629 1412
f 1623 1414 1629
f 1411 1416 1410
f 1829 1630 1418
f 1829 1418 1416
f 1624 1829 1416
f 1411 1624 1416
f 1420 1434 1631
f 1633 1420 1631
f 1420 1634 1422
f 1633 1634 1420
f 1422 1635 1423
f 1634 1635 1422
f 1625 1424 1627
f 1424 1635 1627
f 1424 1423 1635
f 1625 1413 1424
f 1637 1426 1636
f 1427 1636 1426
f 1639 1638 1425
f 1638 1427 1425
f 1638 1636 1427
f 1639 1640 1638
f 1641 1429 1630
f 1630 1429 1418
f 1643 1642 1430
f 1643 1430 1431
f 1430 1644 1433
f 1642 1644 1430
f 1631 1434 1632
f 1434 1644 1632
f 1434 1433 1644
f 1646 1645 1437
f 1437 1645 1436
f 1437 1426 1637
f 1437 1637 1646
f 1439 1647 1639
f 1439 1639 1425
f 1640 1639 1648
f 1639 1647 1648
f 1649 1443 1444
f 1650 1649 1444
f 1650 1444 1429
f 1651 1650 1429
f 1641 1651 1429
f 1652 1643 1446
f 1431 1446 1643
f 1654 1448 1653
f 1448 1645 1653
f 1448 1436 1645
f 1656 1655 1654
f 1656 1654 1653
f 1656 1657 1647
f 1655 1656 1647
f 1439 1655 1647
f 1647 1657 1648
f 1648 1657 1658
f 1659 1455 1456
f 1660 1659 1456
f 1660 1456 1443
f 1650 1660 1443
f 1649 1650 1443
f 1458 1652 1446
f 1458 1661 1652
f 1654 1459 1448
f 1459 1654 1655
f 1662 1466 1467
f 1663 1662 1467
f 1663 1467 1455
f 1660 1663 1455
f 1659 1660 1455
f 1468 1665 1664
f 1661 1468 1664
f 1458 1468 1661
f 1665 1666 1664
f 1667 1470 1471
f 1668 1667 1471
f 1668 1471 1460
f 1669 1668 1460
f 1461 1669 1460
f 1671 1669 1670
f 1670 1669 1472
f 1669 1461 1472
f 1473 1672 1472
f 1472 1672 1670
f 1473 1866 1672
f 1473 1474 1866
f 1673 1474 1475
f 1673 1866 1474
f 1475 1466 1662
f 1674 1475 1662
f 1673 1475 1674
f 1674 1662 1663
f 1477 1675 1665
f 1477 1665 1468
f 1666 1665 1676
f 1676 1665 1675
f 1667 1677 1470
f 1667 1668 1678
f 1667 1678 1677
f 1679 1671 1670
f 1679 1670 1672
f 1679 1672 1680
f 1479 1681 1675
f 1479 1675 1477
f 1676 1675 1682
f 1682 1675 1681
f 1684 1683 1677
f 1683 1481 1677
f 1684 1677 1678
f 1483 1685 1482
f 1686 1484 1482
f 1686 1482 1685
f 1687 1485 1484
f 1687 1484 1686
f 1688 1486 1485
f 1688 1485 1687
f 1681 1479 1486
f 1688 1681 1486
f 1694 1681 1688
f 1682 1681 1694
f 1487 1683 1689
f 1487 1481 1683
f 1488 1690 1685
f 1488 1685 1483
f 1686 1690 1691
f 1686 1685 1690
f 1686 1691 1687
f 1687 1691 1692
f 1687 1692 1688
f 1688 1692 1693
f 1688 1693 1694
f 1696 1695 1689
f 1695 1487 1689
f 1695 1489 1487
f 1698 1697 1690
f 1488 1698 1690
f 1491 1698 1488
f 1690 1697 1691
f 1695 1492 1489
f 1699 1492 1695
f 1701 1700 1493
f 1701 1493 1494
f 1491 1493 1698
f 1698 1493 1700
f 1703 1702 1496
f 1496 1702 1495
f 1496 1492 1699
f 1496 1699 1703
f 1705 1498 1704
f 1706 1498 1705
f 1494 1498 1701
f 1701 1498 1706
f 1702 1707 1500
f 1500 1707 1499
f 1500 1495 1702
f 1708 1709 1704
f 1502 1708 1704
f 1502 1704 1498
f 1707 1504 1499
f 1710 1504 1707
f 1711 1709 1708
f 1506 1711 1708
f 1506 1708 1502
f 1714 1713 1508
f 1508 1713 1507
f 1508 1504 1710
f 1508 1710 1714
f 1712 1711 1509
f 1510 1712 1509
f 1715 1712 1510
f 1509 1711 1506
f 1713 1516 1507
f 1716 1516 1713
f 1719 1718 1717
f 1512 1513 1717
f 1718 1512 1717
f 1720 1512 1718
f 1512 1721 1514
f 1720 1721 1512
f 1510 1514 1715
f 1715 1514 1721
f 1722 1515 1516
f 1723 1722 1516
f 1716 1723 1516
f 1724 1719 1717
f 1518 1724 1717
f 1517 1518 1717
f 1517 1717 1513
f 1725 1520 1722
f 1722 1520 1515
f 1722 1723 1726
f 1722 1726 1725
f 1527 1727 1724
f 1521 1527 1724
f 1521 1724 1518
f 1725 1523 1520
f 1729 1728 1525
f 1729 1525 1523
f 1726 1729 1523
f 1725 1726 1523
f 1728 1729 1727
f 1528 1728 1727
f 1527 1528 1727
f 1525 1728 1534
f 1730 1524 1532
f 1534 1728 1528
f 1730 1731 1538
f 1539 1731 1532
f 1532 1731 1730
f 1732 1542 1538
f 1538 1542 1537
f 1731 1734 1733
f 1732 1731 1733
f 1538 1731 1732
f 1731 1539 1734
f 1539 1735 1734
f 1539 1543 1735
f 1736 1546 1732
f 1732 1546 1542
f 1732 1733 1737
f 1732 1737 1736
f 1547 1735 1543
f 1547 1738 1735
f 1739 1550 1546
f 1740 1739 1546
f 1741 1740 1546
f 1736 1741 1546
f 1741 1736 1737
f 1742 1738 1547
f 1742 1547 1551
f 1743 1551 1553
f 1743 1742 1551
f 1553 1554 1743
f 1743 1554 1744
f 1739 1745 1550
f 1739 1740 1746
f 1739 1746 1745
f 1747 1744 1554
f 1747 1554 1557
f 1748 1557 1559
f 1748 1747 1557
f 1748 1559 1749
f 1745 1746 1751
f 1561 1750 1560
f 1750 1559 1560
f 1750 1749 1559
f 1751 1564 1745
f 1753 1752 1561
f 1566 1753 1561
f 1561 1752 1750
f 1754 1564 1751
f 1751 1755 1754
f 1757 1756 1568
f 1757 1568 1572
f 1566 1568 1753
f 1753 1568 1756
f 1758 1570 1754
f 1754 1570 1564
f 1754 1755 1945
f 1754 1945 1758
f 1764 1760 1759
f 1762 1761 1759
f 1762 1759 1760
f 1572 1578 1761
f 1762 1572 1761
f 1763 1572 1762
f 1757 1572 1763
f 1758 1574 1570
f 1945 1764 1758
f 1764 1574 1758
f 1764 1576 1574
f 1759 1765 1577
f 1764 1759 1577
f 1576 1764 1577
f 1579 1765 1578
f 1765 1761 1578
f 1765 1759 1761
f 1769 1768 1766
f 1766 1768 1767
f 1771 1770 1769
f 1769 1770 1768
f 1771 1777 1770
f 1772 1580 1773
f 1580 1774 1773
f 1580 1581 1774
f 1583 1766 1767
f 1774 1583 1767
f 1581 1583 1774
f 1766 1583 1584
f 1775 1766 1584
f 1769 1766 1775
f 1777 1771 1776
f 1771 1775 1776
f 1771 1769 1775
f 1780 1779 1772
f 1779 1586 1772
f 1586 1580 1772
f 1779 1778 1586
f 1780 1772 1773
f 1588 1781 1584
f 1781 1775 1584
f 1782 1775 1781
f 1776 1775 1788
f 1788 1775 1782
f 1785 1784 1783
f 1785 1783 1779
f 1779 1783 1778
f 1783 1593 1778
f 1593 1594 1778
f 1778 1594 1586
f 1596 1786 1781
f 1596 1781 1588
f 1788 1782 1787
f 1782 1786 1787
f 1782 1781 1786
f 1598 1790 1597
f 1597 1790 1789
f 1598 1599 1790
f 1600 1791 1599
f 1601 1792 1600
f 1600 1792 1791
f 1603 1792 1601
f 1783 1784 1605
f 1784 1604 1605
f 1784 1793 1604
f 1783 1605 1593
f 1607 1786 1596
f 1607 1787 1786
f 1607 1794 1787
f 1796 1795 1610
f 1610 1795 1609
f 1610 1597 1789
f 1797 1610 1789
f 1796 1610 1797
f 1797 1789 1790
f 1797 1790 1798
f 1798 1790 1599
f 1798 1599 1799
f 1799 1599 1791
f 1799 1791 1800
f 1802 1801 1800
f 1791 1802 1800
f 1792 1802 1791
f 1802 1792 1603
f 1803 1802 1603
f 1611 1803 1603
f 1804 1802 1803
f 1611 1604 1793
f 1611 1793 1803
f 1613 1805 1614
f 1805 1806 1614
f 1806 1607 1614
f 1806 1794 1607
f 1809 1808 1807
f 1795 1809 1807
f 1615 1795 1807
f 1609 1795 1615
f 1804 1801 1802
f 1617 1810 1805
f 1617 1805 1613
f 1806 1805 1811
f 1811 1805 1810
f 1808 1813 1807
f 1813 1618 1807
f 1618 1619 1807
f 1618 1813 1812
f 1807 1619 1615
f 1815 1814 1810
f 1617 1815 1810
f 1621 1815 1617
f 1810 1814 1811
f 1817 1816 1812
f 1816 1622 1812
f 1817 1812 1813
f 1826 1819 1818
f 1819 1815 1818
f 1815 1623 1818
f 1815 1621 1623
f 1816 1624 1622
f 1820 1624 1816
f 1823 1822 1821
f 1824 1821 1822
f 1626 1627 1824
f 1825 1626 1824
f 1626 1826 1628
f 1825 1826 1626
f 1818 1629 1826
f 1629 1628 1826
f 1629 1818 1623
f 1624 1830 1829
f 1624 1820 1830
f 1832 1831 1631
f 1832 1631 1632
f 1631 1833 1633
f 1831 1833 1631
f 1821 1634 1823
f 1634 1833 1823
f 1634 1633 1833
f 1634 1821 1635
f 1635 1821 1824
f 1635 1824 1627
f 1835 1834 1636
f 1636 1834 1637
f 1836 1636 1638
f 1836 1835 1636
f 1837 1828 1640
f 1828 1836 1640
f 1836 1638 1640
f 1828 1827 1836
f 1828 1839 1838
f 1828 1837 1839
f 1839 1840 1838
f 1830 2019 1829
f 1630 1829 2019
f 1841 1630 2019
f 1641 1630 1841
f 1843 1842 1642
f 1843 1642 1643
f 1642 1844 1644
f 1842 1844 1642
f 1632 1644 1832
f 1832 1644 1844
f 1646 1845 1645
f 1646 1637 1834
f 1646 1834 1845
f 1648 1837 1640
f 1846 1837 1648
f 1839 1837 1846
f 1840 1839 1847
f 1847 1839 1846
f 1849 1848 1651
f 1651 1848 1650
f 1651 1641 1841
f 1651 1841 1849
f 1652 1850 1643
f 1850 1851 1643
f 1851 1843 1643
f 1845 1852 1645
f 1645 1852 1653
f 1653 1853 1656
f 1852 1853 1653
f 1656 1854 1657
f 1853 1854 1656
f 1657 1855 1658
f 1854 1855 1657
f 1648 1658 1846
f 1658 1856 1846
f 1658 1855 1856
f 1846 1856 1847
f 1858 1857 1650
f 1650 1857 1660
f 1650 1848 1858
f 1661 1859 1850
f 1661 1850 1652
f 1851 1850 1860
f 1860 1850 1859
f 1862 1861 1660
f 1660 1861 1663
f 1660 1857 1862
f 1664 1859 1661
f 1666 1863 1664
f 1863 1860 1664
f 1860 1859 1664
f 1865 1668 1669
f 1671 1865 1669
f 1673 1867 1866
f 1673 1868 1867
f 1673 1674 1868
f 1674 1663 1861
f 1674 1861 1868
f 1869 1864 1863
f 1666 1869 1863
f 1676 1869 1666
f 1870 1668 1865
f 1870 1678 1668
f 1679 1865 1671
f 1871 1865 1679
f 1872 1679 1680
f 1872 1871 1679
f 1680 1672 1866
f 1873 1680 1866
f 1872 1680 1873
f 1873 1866 1867
f 1873 1867 1874
f 1682 1869 1676
f 1682 1875 1869
f 1684 1876 1683
f 1684 1678 1870
f 1684 1870 1876
f 1878 1877 1694
f 1877 1875 1694
f 1875 1682 1694
f 1876 1879 1683
f 1683 1879 1689
f 1696 1689 1879
f 1696 1879 1880
f 1691 1881 1882
f 1883 1691 1882
f 1692 1691 1883
f 1692 2086 1693
f 1883 2086 1692
f 1694 2086 1878
f 1694 1693 2086
f 1885 1884 1696
f 1696 1884 1695
f 1696 1880 1885
f 1698 1886 1697
f 1881 1691 1697
f 1886 1881 1697
f 1891 1881 1886
f 1882 1881 1891
f 1884 1888 1887
f 1699 1884 1887
f 1695 1884 1699
f 1701 1895 1700
f 1895 1889 1700
f 1700 1889 1698
f 1889 1890 1698
f 1890 1886 1698
f 1886 1890 1891
f 1888 1892 1887
f 1892 1702 1887
f 1702 1703 1887
f 1887 1703 1699
f 1899 1893 1705
f 1899 1705 1704
f 1705 1894 1706
f 1893 1894 1705
f 1701 1706 1895
f 1706 1894 1895
f 1892 1707 1702
f 1892 1896 1707
f 1906 1899 1709
f 1704 1709 1899
f 1710 1896 1900
f 1707 1896 1710
f 1903 1902 1901
f 1901 1902 1898
f 1904 1901 1898
f 1898 1905 1904
f 1907 1906 1711
f 1907 1711 1712
f 1709 1711 1906
f 1900 1713 1714
f 1900 1908 1713
f 1900 1714 1710
f 1903 1901 1909
f 1903 1909 1910
f 1909 1904 2134
f 1901 1904 1909
f 2134 1904 1905
f 1715 1907 1712
f 1715 1911 1907
f 1908 1716 1713
f 1912 1716 1908
f 1915 1914 1913
f 1913 1914 1910
f 1913 1910 1909
f 1719 1913 1909
f 1718 1719 1909
f 2134 1916 1909
f 1916 1718 1909
f 1916 1720 1718
f 1720 1917 1721
f 1916 1917 1720
f 1715 1721 1911
f 1911 1721 1917
f 1912 1723 1716
f 1918 1723 1912
f 1921 1920 1919
f 1919 1920 1915
f 1919 1915 1913
f 1727 1919 1913
f 1724 1727 1913
f 1724 1913 1719
f 1729 1726 1921
f 1726 1918 1921
f 1726 1723 1918
f 1729 1921 1919
f 1727 1729 1919
f 1922 2145 1734
f 2145 1733 1734
f 2145 1737 1733
f 1735 1738 1734
f 1738 1923 1734
f 1923 1922 1734
f 1923 1738 1742
f 1742 1924 1923
f 1926 1740 1741
f 1927 1926 1741
f 1737 1927 1741
f 2145 1927 1737
f 1742 1743 1924
f 1929 1928 1744
f 1744 1928 1743
f 1928 1925 1743
f 1925 1924 1743
f 1929 1930 1928
f 1932 1746 1926
f 1926 1746 1740
f 1926 1927 1933
f 1926 1933 1932
f 1747 1929 1744
f 1929 1747 1748
f 1929 1748 1930
f 1748 1749 1930
f 1749 1931 1930
f 1749 1934 1931
f 1935 1746 1932
f 1932 1933 1936
f 1932 1936 1935
f 1750 1934 1749
f 1750 1937 1934
f 1938 1751 1935
f 1935 1751 1746
f 1935 1936 2158
f 1935 2158 1938
f 1939 2160 1752
f 1939 1752 1753
f 1750 1752 1937
f 1937 1752 2160
f 1940 1755 1938
f 1938 1755 1751
f 1938 2158 1941
f 1942 1938 1941
f 1940 1938 1942
f 2162 1942 1941
f 1944 1943 1756
f 1944 1756 1757
f 1753 1756 1939
f 1939 1756 1943
f 1940 1945 1755
f 1764 1945 1760
f 1945 1942 1760
f 1945 1940 1942
f 2162 1946 1942
f 1946 1760 1942
f 1946 1762 1760
f 1762 1947 1763
f 1946 1947 1762
f 1757 1763 1944
f 1944 1763 1947
f 1950 1949 1948
f 1951 2170 1948
f 1948 2170 1950
f 1951 1952 2170
f 1767 1953 1957
f 1767 1768 1953
f 1770 1948 1949
f 1953 1770 1949
f 1768 1770 1953
f 1951 1948 1954
f 1948 1777 1954
f 1777 1955 1954
f 1777 1948 1770
f 1951 1954 1952
f 1956 2176 1774
f 1774 2176 1773
f 1957 1774 1767
f 1956 1774 1957
f 1959 1958 1777
f 1959 1777 1776
f 1955 1777 1958
f 1779 1961 1960
f 1779 1780 1961
f 1780 1773 2176
f 1780 2176 1961
f 1788 1959 1776
f 1788 1962 1959
f 1963 1785 1779
f 1964 1963 1779
f 1964 1779 1960
f 1787 1965 1788
f 1965 1966 1788
f 1966 1962 1788
f 1968 1967 1785
f 1967 1784 1785
f 1967 1793 1784
f 1968 1785 1963
f 1794 1969 1965
f 1794 1965 1787
f 1966 1965 1970
f 1970 1965 1969
f 1971 1795 1796
f 1797 1972 1796
f 1796 1972 1971
f 1798 1973 1797
f 1797 1973 1972
f 1799 1974 1798
f 1798 1974 1973
f 1800 1975 1799
f 1799 1975 1974
f 1801 1975 1800
f 1976 1804 1803
f 1977 1976 1803
f 1793 1977 1803
f 1967 1977 1793
f 1806 1988 1969
f 1806 1969 1794
f 1970 1969 1978
f 1978 1969 1988
f 1979 1808 1809
f 1980 1979 1809
f 1980 1809 1795
f 1981 1980 1795
f 1971 1981 1795
f 1981 1971 1972
f 1981 1972 1982
f 1982 1972 1973
f 1982 1973 1983
f 1973 1984 1983
f 1974 1984 1973
f 1985 1974 1975
f 1984 1974 1985
f 1985 1975 1801
f 1986 1985 1801
f 1804 1986 1801
f 1987 1985 1986
f 1986 1804 1976
f 1806 1989 1988
f 1811 1989 1806
f 1990 1813 1979
f 1979 1813 1808
f 1979 1980 1990
f 1991 1983 1984
f 1991 1984 1985
f 1991 1985 1992
f 1992 1985 1987
f 1995 1994 1993
f 1997 1996 1993
f 1997 1993 1994
f 1999 1998 1996
f 1999 1996 1997
f 1814 1815 1998
f 1999 1814 1998
f 2000 1814 1999
f 1811 1814 1989
f 1989 1814 2000
f 2001 1816 1817
f 2002 2001 1817
f 2002 1817 1813
f 2003 2002 1813
f 1990 2003 1813
f 2004 2005 1995
f 1993 2004 1995
f 2006 2004 1993
f 2007 1993 1996
f 2006 1993 2007
f 1826 2007 1819
f 2007 1998 1819
f 2007 1996 1998
f 1819 1998 1815
f 2008 1820 2001
f 2001 1820 1816
f 2001 2002 2009
f 2001 2009 2008
f 2012 2011 2010
f 1822 1823 2010
f 2011 1822 2010
f 2013 1822 2011
f 2004 1824 2005
f 1824 2013 2005
f 1824 1822 2013
f 1824 2004 1825
f 1825 2004 2006
f 1825 2006 1826
f 1826 2006 2007
f 2015 2014 1827
f 2017 2016 1828
f 2016 1827 1828
f 2016 2015 1827
f 2017 2018 2016
f 2019 1830 2008
f 2008 1830 1820
f 2008 2009 2020
f 2008 2020 2019
f 2022 2021 1831
f 2022 1831 1832
f 2010 1833 2012
f 1833 2021 2012
f 1833 1831 2021
f 1833 2010 1823
f 2024 2023 1835
f 1835 2023 1834
f 2025 1835 1836
f 2025 2024 1835
f 1836 1827 2014
f 1836 2014 2025
f 1838 2017 1828
f 1838 1840 2017
f 1840 2018 2017
f 1840 2026 2018
f 2020 1841 2019
f 2027 1841 2020
f 1843 2028 1842
f 2029 1844 1842
f 2029 1842 2028
f 2029 2030 1844
f 2030 1832 1844
f 2030 2022 1832
f 2033 2032 2031
f 1834 2034 1845
f 2023 2034 1834
f 1847 2026 1840
f 1847 2035 2026
f 2037 2036 1849
f 1849 2036 1848
f 1849 1841 2027
f 1849 2027 2037
f 1851 2038 2028
f 1851 2028 1843
f 2028 2039 2029
f 2028 2038 2039
f 2030 2029 2040
f 2029 2039 2040
f 2032 2041 2031
f 2034 2042 1845
f 2042 1852 1845
f 2042 1853 1852
f 1853 2043 1854
f 2042 2043 1853
f 1854 2044 1855
f 2043 2044 1854
f 1855 2045 1856
f 2044 2045 1855
f 1847 1856 2035
f 2035 1856 2045
f 2047 2046 1858
f 1858 2046 1857
f 1858 1848 2036
f 1858 2036 2047
f 1860 2048 2038
f 1860 2038 1851
f 2038 2049 2039
f 2038 2048 2049
f 2051 2040 2050
f 2040 2049 2050
f 2040 2039 2049
f 2052 1861 1862
f 1857 2052 1862
f 2046 2052 1857
f 2053 1863 1864
f 2053 1860 1863
f 2048 1860 2053
f 2048 2053 2054
f 2049 2054 2055
f 2054 2049 2048
f 2049 2055 2050
f 2056 1867 1868
f 2057 2056 1868
f 2057 1868 1861
f 2058 2057 1861
f 2052 2058 1861
f 1869 2053 1864
f 2059 2053 1869
f 2060 1870 1865
f 2060 1865 2272
f 1865 2061 2272
f 1865 1871 2061
f 2063 2061 2062
f 2061 1872 2062
f 2061 1871 1872
f 2062 1872 2064
f 1872 2065 2064
f 1872 1873 2065
f 2066 1873 1874
f 2066 2065 1873
f 1874 1867 2056
f 2067 1874 2056
f 2066 1874 2067
f 2067 2056 2057
f 2087 2069 2068
f 2069 2059 2068
f 2059 1875 2068
f 2059 1869 1875
f 2070 1876 1870
f 2071 2070 1870
f 2060 2071 1870
f 2071 2060 2272
f 2063 2062 2072
f 2063 2072 2073
f 2062 2064 2074
f 2075 2062 2074
f 2072 2062 2075
f 2076 2077 2075
f 2076 2075 2074
f 2081 2080 2078
f 2081 2078 2079
f 2083 2082 2080
f 2083 2080 2081
f 2085 2084 2082
f 2085 2082 2083
f 2087 2086 2084
f 2087 2084 2085
f 2086 2087 2068
f 1878 2086 2068
f 1877 1878 2068
f 1877 2068 1875
f 2070 2088 1880
f 2070 1880 1879
f 1876 2070 1879
f 2073 2072 2089
f 2073 2089 2090
f 2091 2072 2075
f 2089 2072 2091
f 2293 2075 2077
f 2091 2075 2293
f 2092 2078 2080
f 2092 2080 2093
f 2093 2080 2082
f 2093 2082 2094
f 1882 2099 1883
f 2099 2082 1883
f 2082 2084 1883
f 2099 2094 2082
f 1883 2084 2086
f 2095 1885 1880
f 2096 2095 1880
f 2088 2096 1880
f 2097 2090 2089
f 2097 2089 2091
f 2097 2091 2098
f 2098 2091 2293
f 2100 2099 1891
f 2099 1882 1891
f 2102 2101 1888
f 2102 1888 1884
f 2103 2102 1884
f 1885 2103 1884
f 2103 1885 2095
f 2105 2104 1889
f 2104 1890 1889
f 2106 1890 2104
f 1891 2106 2100
f 1891 1890 2106
f 2108 2107 1892
f 2108 1892 1888
f 2109 2108 1888
f 2101 2109 1888
f 2109 2101 2102
f 2112 2111 2110
f 2114 2113 2110
f 2114 2110 2111
f 1893 1899 2113
f 2114 1893 2113
f 2115 1893 2114
f 1893 2116 1894
f 2115 2116 1893
f 1889 1895 2105
f 1895 2116 2105
f 1895 1894 2116
f 2117 1896 2107
f 2107 1896 1892
f 2107 2108 2118
f 2119 2107 2118
f 2117 2107 2119
f 2121 2120 2119
f 2121 2119 2118
f 1897 1898 2120
f 2121 1897 2120
f 2122 1897 2121
f 2124 2123 1898
f 1897 2124 1898
f 2122 2124 1897
f 2123 2124 2112
f 2110 2123 2112
f 2125 2123 2110
f 1906 2125 1899
f 2125 2113 1899
f 2125 2110 2113
f 1896 2117 1900
f 2117 2126 1900
f 2117 2127 2126
f 2128 2117 2119
f 2127 2117 2128
f 1903 2128 1902
f 2128 2120 1902
f 2128 2119 2120
f 1902 2120 1898
f 2129 1905 2123
f 2123 1905 1898
f 1907 2129 1906
f 2129 2125 1906
f 2129 2123 2125
f 2130 1908 2126
f 2126 1908 1900
f 2130 2127 2131
f 2126 2127 2130
f 2133 2132 2131
f 2127 2133 2131
f 2128 2133 2127
f 1910 2133 1903
f 1903 2133 2128
f 1905 2129 2134
f 2129 2135 2134
f 1911 2135 1907
f 1907 2135 2129
f 2137 2136 2130
f 2136 1908 2130
f 2136 1912 1908
f 2137 2130 2131
f 2132 2133 1914
f 1915 2132 1914
f 2138 2132 1915
f 1914 2133 1910
f 1916 2134 1917
f 1917 2134 2135
f 1917 2135 1911
f 2140 1918 2139
f 1918 2136 2139
f 1918 1912 2136
f 1920 1921 2140
f 2139 1920 2140
f 2141 1920 2139
f 1915 1920 2138
f 2138 1920 2141
f 2140 1921 1918
f 2144 2143 2142
f 2143 2146 2142
f 2146 1922 2142
f 1922 1923 2142
f 1922 2146 2145
f 1923 2147 2142
f 1924 2147 1923
f 2149 2148 1925
f 2148 1924 1925
f 2148 2147 1924
f 2149 2150 2148
f 2330 1927 2145
f 2330 2145 2146
f 1928 2149 1925
f 1928 1930 2149
f 1930 2151 2149
f 2151 2150 2149
f 2330 1933 1927
f 2152 1933 2330
f 2153 2151 1930
f 1930 1931 2153
f 1931 2154 2153
f 1931 1934 2154
f 2152 1936 1933
f 2155 1936 2152
f 1937 2154 1934
f 1937 2156 2154
f 2158 2155 2157
f 2158 1936 2155
f 2159 2158 2157
f 2161 1937 2160
f 2161 2156 1937
f 2163 2162 1941
f 2159 2163 1941
f 2158 2159 1941
f 2341 2162 2163
f 1944 2166 1943
f 1943 2166 1939
f 2166 2164 1939
f 2164 2160 1939
f 2160 2164 2161
f 2341 2165 2162
f 2165 1946 2162
f 2165 1947 1946
f 1944 1947 2166
f 1947 2165 2166
f 2168 2167 1950
f 1950 2167 1949
f 2169 1950 2170
f 2169 2168 1950
f 2171 2170 1952
f 2173 2172 1953
f 1953 2172 1957
f 1953 1949 2167
f 1953 2167 2173
f 1955 2174 1954
f 2171 1952 1954
f 2174 2171 1954
f 2175 2171 2174
f 2177 2176 1956
f 2172 1956 1957
f 2172 2177 1956
f 1959 2178 1958
f 2178 2179 1958
f 1958 2179 1955
f 2179 2356 1955
f 2356 2174 1955
f 2174 2356 2175
f 2175 2356 2180
f 1961 2181 1960
f 1961 2176 2181
f 1959 2182 2178
f 1962 2182 1959
f 2178 2182 2179
f 1964 2183 1963
f 1964 1960 2181
f 1964 2181 2183
f 2182 1966 2184
f 1962 1966 2182
f 2187 2186 1968
f 1968 2186 1967
f 1968 1963 2183
f 1968 2183 2187
f 2189 2188 2184
f 1966 2189 2184
f 1970 2189 1966
f 2184 2188 2185
f 2186 1977 1967
f 2190 1977 2186
f 2191 2189 1978
f 2189 1970 1978
f 2192 1980 1981
f 2192 1981 2194
f 1981 1982 2194
f 2194 1983 2193
f 2194 1982 1983
f 1986 2195 1987
f 2197 2195 2196
f 2195 1976 2196
f 2195 1986 1976
f 2198 2196 1976
f 1977 2198 1976
f 2190 2198 1977
f 2191 1978 1988
f 1989 2191 1988
f 2199 2191 1989
f 2201 2200 2192
f 2200 1980 2192
f 2200 1990 1980
f 2201 2192 2194
f 2202 2194 2193
f 2204 2202 2203
f 2203 2202 1991
f 2202 2193 1991
f 2193 1983 1991
f 2203 1991 2205
f 1991 2206 2205
f 1991 1992 2206
f 1992 1987 2195
f 1992 2195 2206
f 2207 2197 2196
f 2210 2209 2208
f 2198 2207 2196
f 1994 1995 2209
f 2210 1994 2209
f 2211 1994 2210
f 1994 2212 1997
f 2211 2212 1994
f 1997 2213 1999
f 2212 2213 1997
f 1999 2214 2000
f 2213 2214 1999
f 1989 2000 2199
f 2199 2000 2214
f 2215 2002 2003
f 2216 2215 2003
f 1990 2216 2003
f 2200 2216 1990
f 2217 2204 2203
f 2217 2203 2205
f 2220 2219 2218
f 2218 2219 2208
f 2218 2208 2209
f 2005 2218 2209
f 2005 2209 1995
f 2222 2221 2215
f 2221 2002 2215
f 2221 2009 2002
f 2222 2215 2216
f 2223 2011 2012
f 2218 2013 2220
f 2013 2223 2220
f 2013 2011 2223
f 2013 2218 2005
f 2225 2224 2015
f 2015 2224 2014
f 2226 2015 2016
f 2226 2225 2015
f 2238 2016 2018
f 2238 2226 2016
f 2221 2020 2009
f 2227 2020 2221
f 2022 2228 2021
f 2223 2012 2229
f 2012 2228 2229
f 2228 2230 2229
f 2012 2021 2228
f 2232 2231 2230
f 2230 2231 2229
f 2234 2233 2232
f 2232 2233 2231
f 2236 2235 2234
f 2234 2235 2233
f 2023 2024 2236
f 2024 2235 2236
f 2237 2024 2025
f 2025 2014 2224
f 2025 2224 2237
f 2018 2239 2238
f 2026 2239 2018
f 2027 2227 2240
f 2020 2227 2027
f 2030 2242 2228
f 2030 2228 2022
f 2244 2230 2243
f 2230 2242 2243
f 2230 2228 2242
f 2230 2244 2232
f 2232 2244 2245
f 2246 2032 2033
f 2232 2246 2033
f 2234 2232 2033
f 2245 2246 2232
f 2234 2033 2031
f 2247 2234 2031
f 2236 2234 2247
f 2247 2034 2023
f 2247 2023 2236
f 2035 2239 2026
f 2035 2248 2239
f 2240 2241 2037
f 2241 2036 2037
f 2241 2249 2036
f 2240 2037 2027
f 2040 2242 2030
f 2040 2051 2242
f 2051 2243 2242
f 2051 2250 2243
f 2246 2251 2032
f 2032 2251 2041
f 2031 2041 2247
f 2041 2252 2247
f 2041 2251 2252
f 2247 2252 2034
f 2252 2042 2034
f 2252 2253 2042
f 2042 2254 2043
f 2253 2254 2042
f 2043 2255 2044
f 2254 2255 2043
f 2044 2448 2045
f 2255 2448 2044
f 2035 2045 2248
f 2248 2045 2448
f 2257 2256 2047
f 2047 2256 2046
f 2047 2036 2249
f 2047 2249 2257
f 2260 2259 2258
f 2050 2261 2051
f 2261 2262 2051
f 2262 2250 2051
f 2256 2052 2046
f 2263 2052 2256
f 2260 2258 2054
f 2053 2260 2054
f 2264 2260 2053
f 2259 2265 2258
f 2265 2054 2258
f 2265 2055 2054
f 2050 2055 2261
f 2055 2466 2261
f 2055 2265 2466
f 2261 2466 2262
f 2266 2057 2058
f 2267 2266 2058
f 2052 2267 2058
f 2263 2267 2052
f 2271 2270 2268
f 2271 2268 2269
f 2271 2264 2270
f 2264 2059 2270
f 2264 2053 2059
f 2063 2272 2061
f 2274 2273 2065
f 2065 2273 2064
f 2276 2274 2275
f 2274 2066 2275
f 2274 2065 2066
f 2067 2277 2066
f 2066 2277 2275
f 2057 2266 2067
f 2266 2277 2067
f 2266 2278 2277
f 2266 2267 2279
f 2280 2266 2279
f 2278 2266 2280
f 2282 2281 2280
f 2282 2280 2279
f 2284 2283 2281
f 2284 2281 2282
f 2283 2284 2269
f 2268 2283 2269
f 2285 2283 2268
f 2087 2285 2069
f 2285 2270 2069
f 2285 2268 2270
f 2069 2270 2059
f 2272 2286 2071
f 2073 2286 2063
f 2063 2286 2272
f 2273 2287 2064
f 2064 2287 2074
f 2288 2076 2074
f 2288 2074 2287
f 2288 2287 2276
f 2288 2276 2275
f 2288 2275 2289
f 2288 2289 2290
f 2288 2290 2291
f 2288 2291 2076
f 2077 2076 2291
f 2487 2289 2277
f 2275 2277 2289
f 2078 2487 2079
f 2487 2277 2079
f 2277 2278 2079
f 2079 2278 2081
f 2081 2278 2280
f 2081 2280 2083
f 2083 2280 2281
f 2083 2281 2085
f 2085 2281 2283
f 2085 2283 2087
f 2087 2283 2285
f 2070 2071 2088
f 2071 2292 2088
f 2071 2286 2292
f 2090 2292 2073
f 2073 2292 2286
f 2291 2290 2293
f 2293 2290 2294
f 2296 2295 2487
f 2291 2293 2077
f 2297 2296 2092
f 2296 2487 2092
f 2487 2078 2092
f 2093 2298 2092
f 2092 2298 2297
f 2093 2094 2298
f 2299 2095 2096
f 2088 2292 2096
f 2292 2299 2096
f 2292 2300 2299
f 2300 2292 2090
f 2301 2300 2090
f 2097 2301 2090
f 2302 2300 2301
f 2303 2097 2098
f 2303 2301 2097
f 2303 2293 2294
f 2098 2293 2303
f 2296 2304 2295
f 2305 2496 2304
f 2296 2305 2304
f 2297 2305 2296
f 2306 2297 2298
f 2305 2297 2306
f 2100 2306 2099
f 2306 2094 2099
f 2306 2298 2094
f 2307 2102 2103
f 2095 2299 2103
f 2299 2307 2103
f 2299 2308 2307
f 2308 2300 2309
f 2299 2300 2308
f 2309 2300 2302
f 2312 2311 2310
f 2496 2313 2310
f 2496 2310 2311
f 2313 2496 2305
f 2105 2313 2305
f 2104 2105 2305
f 2104 2305 2106
f 2106 2305 2306
f 2106 2306 2100
f 2314 2108 2109
f 2102 2307 2109
f 2307 2314 2109
f 2307 2315 2314
f 2316 2307 2308
f 2315 2307 2316
f 2308 2309 2317
f 2318 2308 2317
f 2316 2308 2318
f 2111 2112 2318
f 2317 2111 2318
f 2319 2111 2317
f 2111 2320 2114
f 2319 2320 2111
f 2310 2115 2312
f 2115 2320 2312
f 2115 2114 2320
f 2115 2310 2116
f 2116 2310 2313
f 2116 2313 2105
f 2314 2118 2108
f 2118 2314 2121
f 2121 2314 2315
f 2121 2315 2122
f 2122 2315 2316
f 2122 2316 2124
f 2124 2316 2318
f 2124 2318 2112
f 2132 2321 2131
f 2131 2321 2137
f 2321 2322 2137
f 2138 2322 2132
f 2132 2322 2321
f 2137 2139 2136
f 2139 2137 2141
f 2141 2137 2322
f 2141 2322 2138
f 2324 2323 2144
f 2144 2323 2143
f 2326 2325 2142
f 2325 2144 2142
f 2325 2324 2144
f 2326 2327 2325
f 2323 2146 2143
f 2328 2146 2323
f 2147 2326 2142
f 2147 2148 2326
f 2148 2329 2326
f 2329 2327 2326
f 2146 2507 2330
f 2328 2507 2146
f 2331 2329 2148
f 2148 2150 2331
f 2150 2332 2331
f 2150 2151 2332
f 2507 2333 2330
f 2333 2152 2330
f 2334 2332 2151
f 2334 2151 2153
f 2153 2154 2334
f 2334 2154 2335
f 2333 2155 2152
f 2512 2155 2333
f 2156 2335 2154
f 2156 2336 2335
f 2512 2337 2155
f 2155 2337 2157
f 2159 2157 2337
f 2159 2337 2338
f 2161 2336 2156
f 2161 2339 2336
f 2338 2340 2159
f 2159 2340 2163
f 2163 2342 2341
f 2340 2342 2163
f 2344 2343 2341
f 2344 2341 2342
f 2164 2166 2343
f 2344 2164 2343
f 2345 2164 2344
f 2161 2164 2339
f 2339 2164 2345
f 2165 2341 2166
f 2166 2341 2343
f 2346 2523 2168
f 2168 2523 2167
f 2347 2168 2169
f 2347 2346 2168
f 2349 2348 2171
f 2348 2170 2171
f 2348 2169 2170
f 2172 2173 2350
f 2173 2351 2350
f 2173 2352 2351
f 2173 2167 2523
f 2173 2523 2352
f 2175 2353 2349
f 2175 2349 2171
f 2355 2354 2177
f 2177 2354 2176
f 2355 2172 2350
f 2177 2172 2355
f 2358 2356 2357
f 2180 2356 2358
f 2175 2180 2353
f 2180 2359 2353
f 2180 2358 2359
f 2361 2360 2181
f 2181 2176 2354
f 2181 2354 2361
f 2182 2362 2179
f 2362 2363 2179
f 2363 2356 2179
f 2356 2363 2357
f 2365 2364 2183
f 2183 2181 2360
f 2183 2360 2365
f 2184 2185 2182
f 2185 2362 2182
f 2185 2366 2362
f 2368 2367 2187
f 2187 2367 2186
f 2187 2183 2364
f 2187 2364 2368
f 2371 2370 2369
f 2188 2189 2369
f 2370 2188 2369
f 2372 2188 2370
f 2185 2188 2366
f 2366 2188 2372
f 2375 2374 2373
f 2367 2375 2373
f 2190 2367 2373
f 2186 2367 2190
f 2378 2377 2376
f 2380 2379 2376
f 2380 2376 2377
f 2382 2381 2379
f 2382 2379 2380
f 2381 2382 2371
f 2381 2371 2369
f 2191 2381 2369
f 2191 2369 2189
f 2386 2385 2384
f 2195 2386 2384
f 2195 2387 2386
f 2388 2373 2197
f 2373 2387 2197
f 2387 2195 2197
f 2373 2374 2387
f 2388 2198 2190
f 2388 2190 2373
f 2391 2390 2389
f 2389 2390 2378
f 2376 2389 2378
f 2392 2389 2376
f 2393 2376 2379
f 2392 2376 2393
f 2394 2379 2381
f 2393 2379 2394
f 2199 2394 2191
f 2191 2394 2381
f 2396 2395 2201
f 2201 2395 2200
f 2201 2194 2383
f 2397 2201 2383
f 2396 2201 2397
f 2399 2397 2398
f 2398 2397 2202
f 2397 2383 2202
f 2383 2194 2202
f 2204 2398 2202
f 2384 2385 2206
f 2385 2205 2206
f 2385 2400 2205
f 2384 2206 2195
f 2207 2388 2197
f 2207 2198 2388
f 2402 2208 2401
f 2208 2402 2210
f 2389 2211 2391
f 2211 2402 2391
f 2211 2210 2402
f 2211 2389 2212
f 2212 2389 2392
f 2212 2392 2213
f 2213 2392 2393
f 2213 2393 2214
f 2214 2393 2394
f 2214 2394 2199
f 2395 2216 2200
f 2403 2216 2395
f 2399 2398 2404
f 2404 2398 2204
f 2405 2404 2204
f 2217 2405 2204
f 2406 2404 2405
f 2217 2205 2400
f 2217 2400 2405
f 2220 2407 2219
f 2407 2408 2219
f 2408 2208 2219
f 2408 2401 2208
f 2410 2409 2222
f 2222 2409 2221
f 2222 2216 2403
f 2222 2403 2410
f 2413 2412 2411
f 2411 2412 2404
f 2414 2411 2404
f 2404 2406 2415
f 2404 2415 2414
f 2407 2220 2223
f 2416 2407 2223
f 2408 2407 2417
f 2407 2418 2417
f 2407 2416 2418
f 2418 2419 2417
f 2421 2420 2225
f 2225 2420 2224
f 2422 2225 2226
f 2422 2421 2225
f 2423 2226 2238
f 2423 2422 2226
f 2423 2238 2424
f 2409 2227 2221
f 2425 2227 2409
f 2413 2411 2426
f 2413 2426 2427
f 2414 2429 2428
f 2426 2414 2428
f 2411 2414 2426
f 2429 2414 2415
f 2223 2229 2231
f 2223 2231 2416
f 2416 2231 2233
f 2416 2233 2418
f 2430 2419 2418
f 2233 2430 2418
f 2235 2430 2233
f 2431 2235 2024
f 2431 2430 2235
f 2432 2024 2237
f 2432 2431 2024
f 2237 2224 2420
f 2237 2420 2432
f 2433 2424 2238
f 2433 2238 2239
f 2435 2434 2240
f 2240 2434 2241
f 2240 2227 2425
f 2240 2425 2435
f 2243 2436 2244
f 2244 2436 2437
f 2438 2244 2437
f 2245 2244 2438
f 2440 2439 2246
f 2245 2440 2246
f 2438 2440 2245
f 2441 2442 2439
f 2441 2439 2440
f 2443 2442 2441
f 2445 2444 2442
f 2445 2442 2443
f 2447 2446 2444
f 2447 2444 2445
f 2449 2448 2446
f 2449 2446 2447
f 2449 2433 2448
f 2433 2248 2448
f 2433 2239 2248
f 2434 2249 2241
f 2450 2249 2434
f 2454 2453 2451
f 2454 2451 2452
f 2455 2453 2454
f 2250 2456 2436
f 2250 2436 2243
f 2437 2436 2468
f 2468 2436 2456
f 2439 2251 2246
f 2251 2439 2252
f 2252 2439 2442
f 2252 2442 2253
f 2253 2442 2254
f 2254 2442 2444
f 2254 2444 2255
f 2255 2444 2446
f 2255 2446 2448
f 2457 2256 2257
f 2458 2457 2257
f 2249 2458 2257
f 2450 2458 2249
f 2470 2460 2459
f 2459 2460 2451
f 2461 2459 2451
f 2462 2451 2453
f 2461 2451 2462
f 2463 2259 2260
f 2453 2463 2260
f 2462 2453 2260
f 2463 2453 2455
f 2465 2464 2259
f 2463 2465 2259
f 2467 2466 2464
f 2467 2464 2465
f 2467 2468 2456
f 2262 2467 2456
f 2250 2262 2456
f 2466 2467 2262
f 2469 2263 2457
f 2457 2263 2256
f 2457 2458 2470
f 2471 2457 2470
f 2469 2457 2471
f 2459 2471 2470
f 2472 2471 2459
f 2473 2459 2461
f 2472 2459 2473
f 2474 2461 2462
f 2473 2461 2474
f 2264 2474 2260
f 2260 2474 2462
f 2464 2265 2259
f 2265 2464 2466
f 2475 2267 2469
f 2469 2267 2263
f 2476 2469 2471
f 2475 2469 2476
f 2477 2471 2472
f 2476 2471 2477
f 2477 2473 2269
f 2477 2472 2473
f 2269 2473 2271
f 2271 2473 2474
f 2271 2474 2264
f 2273 2274 2478
f 2274 2479 2478
f 2274 2480 2479
f 2274 2276 2480
f 2480 2276 2481
f 2475 2279 2267
f 2279 2475 2282
f 2282 2475 2476
f 2282 2476 2284
f 2284 2476 2477
f 2284 2477 2269
f 2478 2479 2482
f 2482 2479 2483
f 2484 2287 2273
f 2478 2484 2273
f 2482 2484 2478
f 2290 2289 2485
f 2287 2484 2276
f 2486 2276 2484
f 2276 2486 2481
f 2289 2487 2485
f 2482 2483 2488
f 2488 2483 2489
f 2482 2490 2484
f 2482 2488 2490
f 2491 2290 2485
f 2290 2491 2294
f 2486 2484 2492
f 2490 2492 2484
f 2295 2491 2487
f 2491 2485 2487
f 2488 2489 2301
f 2489 2302 2301
f 2489 2493 2302
f 2488 2301 2303
f 2488 2303 2490
f 2492 2490 2494
f 2303 2494 2490
f 2494 2303 2495
f 2294 2495 2303
f 2495 2294 2491
f 2304 2496 2295
f 2496 2491 2295
f 2496 2495 2491
f 2302 2493 2497
f 2309 2302 2497
f 2498 2309 2497
f 2499 2312 2498
f 2499 2498 2497
f 2312 2499 2494
f 2312 2494 2495
f 2311 2312 2495
f 2311 2495 2496
f 2317 2309 2319
f 2319 2309 2498
f 2319 2498 2320
f 2320 2498 2312
f 2500 2323 2324
f 2500 2324 2501
f 2324 2502 2501
f 2324 2325 2502
f 2325 2327 2502
f 2502 2327 2503
f 2505 2504 2500
f 2504 2323 2500
f 2504 2328 2323
f 2505 2500 2501
f 2329 2503 2327
f 2329 2506 2503
f 2504 2507 2328
f 2508 2506 2329
f 2508 2329 2331
f 2331 2332 2508
f 2508 2332 2509
f 2510 2333 2507
f 2511 2510 2507
f 2332 2334 2514
f 2509 2332 2514
f 2335 2514 2334
f 2510 2512 2333
f 2510 2511 2513
f 2510 2513 2512
f 2335 2515 2514
f 2335 2336 2515
f 2517 2516 2338
f 2517 2338 2337
f 2513 2517 2337
f 2512 2513 2337
f 2518 2516 2517
f 2339 2515 2336
f 2339 2519 2515
f 2516 2340 2338
f 2518 2520 2516
f 2520 2340 2516
f 2520 2342 2340
f 2342 2521 2344
f 2520 2521 2342
f 2344 2522 2345
f 2521 2522 2344
f 2339 2345 2519
f 2519 2345 2522
f 2523 2346 2524
f 2346 2525 2524
f 2346 2347 2525
f 2526 2347 2169
f 2526 2525 2347
f 2527 2169 2348
f 2527 2526 2169
f 2529 2528 2349
f 2528 2348 2349
f 2528 2527 2348
f 2529 2530 2528
f 2351 2531 2350
f 2532 2351 2352
f 2532 2531 2351
f 2533 2352 2523
f 2532 2352 2533
f 2533 2523 2524
f 2353 2534 2529
f 2353 2529 2349
f 2530 2529 2534
f 2536 2535 2355
f 2355 2535 2354
f 2537 2350 2531
f 2350 2537 2355
f 2538 2355 2537
f 2355 2538 2536
f 2539 2540 2537
f 2539 2537 2531
f 2357 2541 2358
f 2542 2358 2541
f 2359 2358 2542
f 2353 2359 2534
f 2359 2543 2534
f 2359 2542 2543
f 2544 2360 2361
f 2545 2544 2361
f 2354 2545 2361
f 2535 2545 2354
f 2538 2537 2546
f 2538 2546 2547
f 2548 2537 2540
f 2546 2537 2548
f 2540 2549 2548
f 2551 2550 2363
f 2551 2363 2362
f 2357 2363 2541
f 2363 2552 2541
f 2363 2550 2552
f 2554 2553 2365
f 2365 2553 2364
f 2365 2360 2544
f 2554 2365 2544
f 2547 2546 2555
f 2547 2555 2556
f 2557 2546 2548
f 2555 2546 2557
f 2558 2548 2549
f 2557 2548 2558
f 2549 2551 2558
f 2551 2366 2558
f 2551 2362 2366
f 2560 2559 2368
f 2368 2559 2367
f 2368 2364 2553
f 2368 2553 2560
f 2556 2555 2561
f 2556 2561 2562
f 2371 2561 2370
f 2561 2557 2370
f 2561 2555 2557
f 2370 2557 2372
f 2372 2557 2558
f 2372 2558 2366
f 2565 2564 2563
f 2567 2566 2563
f 2563 2566 2565
f 2569 2568 2567
f 2567 2568 2566
f 2374 2375 2569
f 2375 2568 2569
f 2375 2570 2568
f 2367 2559 2375
f 2570 2375 2559
f 2574 2573 2572
f 2574 2572 2571
f 2377 2378 2573
f 2574 2377 2573
f 2575 2377 2574
f 2377 2576 2380
f 2575 2576 2377
f 2561 2382 2562
f 2382 2576 2562
f 2382 2380 2576
f 2382 2561 2371
f 2578 2718 2577
f 2580 2579 2577
f 2577 2579 2578
f 2579 2580 2564
f 2580 2563 2564
f 2580 2581 2563
f 2581 2385 2386
f 2567 2581 2386
f 2563 2581 2567
f 2567 2386 2387
f 2567 2387 2569
f 2569 2387 2374
f 2572 2582 2588
f 2391 2582 2390
f 2582 2573 2390
f 2582 2572 2573
f 2390 2573 2378
f 2584 2583 2396
f 2396 2583 2395
f 2397 2577 2718
f 2584 2397 2718
f 2396 2397 2584
f 2577 2397 2399
f 2585 2577 2399
f 2580 2577 2585
f 2580 2586 2581
f 2580 2585 2586
f 2586 2400 2385
f 2586 2385 2581
f 2402 2401 2587
f 2588 2582 2589
f 2582 2391 2589
f 2402 2587 2589
f 2402 2589 2391
f 2403 2583 2590
f 2395 2583 2403
f 2404 2591 2585
f 2404 2585 2399
f 2591 2406 2405
f 2586 2591 2405
f 2585 2591 2586
f 2586 2405 2400
f 2408 2592 2587
f 2408 2587 2401
f 2589 2587 2593
f 2587 2594 2593
f 2587 2592 2594
f 2594 2595 2593
f 2590 2409 2410
f 2590 2596 2409
f 2590 2410 2403
f 2598 2597 2412
f 2598 2412 2413
f 2404 2412 2591
f 2412 2599 2591
f 2412 2597 2599
f 2406 2591 2599
f 2600 2406 2599
f 2415 2406 2600
f 2417 2592 2408
f 2592 2417 2419
f 2601 2592 2419
f 2594 2592 2601
f 2595 2594 2602
f 2594 2603 2602
f 2594 2601 2603
f 2605 2604 2603
f 2603 2604 2602
f 2420 2421 2605
f 2421 2604 2605
f 2421 2606 2604
f 2607 2421 2422
f 2607 2606 2421
f 2608 2422 2423
f 2608 2607 2422
f 2423 2424 2608
f 2608 2424 2609
f 2596 2425 2409
f 2610 2425 2596
f 2427 2612 2611
f 2598 2427 2611
f 2413 2427 2598
f 2612 2428 2611
f 2428 2429 2611
f 2614 2613 2611
f 2614 2611 2429
f 2615 2614 2429
f 2415 2615 2429
f 2600 2615 2415
f 2430 2601 2419
f 2601 2430 2431
f 2601 2431 2603
f 2603 2431 2432
f 2603 2432 2605
f 2605 2432 2420
f 2433 2634 2424
f 2634 2609 2424
f 2616 2434 2435
f 2425 2610 2617
f 2616 2425 2617
f 2618 2616 2617
f 2435 2425 2616
f 2620 2619 2618
f 2620 2618 2617
f 2612 2621 2426
f 2621 2612 2620
f 2427 2620 2612
f 2620 2427 2619
f 2426 2619 2427
f 2619 2426 2621
f 2426 2428 2612
f 2637 2613 2622
f 2614 2622 2613
f 2614 2615 2623
f 2614 2623 2622
f 2626 2625 2438
f 2626 2438 2437
f 2438 2627 2440
f 2625 2627 2438
f 2440 2628 2441
f 2627 2628 2440
f 2441 2629 2443
f 2628 2629 2441
f 2443 2630 2445
f 2629 2630 2443
f 2445 2631 2447
f 2630 2631 2445
f 2449 2631 2632
f 2447 2631 2449
f 2632 2633 2449
f 2449 2633 2433
f 2633 2634 2433
f 2635 2450 2616
f 2616 2450 2434
f 2636 2616 2618
f 2635 2616 2636
f 2451 2636 2452
f 2636 2619 2452
f 2636 2618 2619
f 2621 2637 2619
f 2637 2452 2619
f 2637 2454 2452
f 2622 2638 2455
f 2637 2622 2455
f 2454 2637 2455
f 2622 2623 2639
f 2640 2622 2639
f 2638 2622 2640
f 2624 2640 2639
f 2641 2640 2624
f 2468 2624 2762
f 2641 2624 2468
f 2762 2626 2468
f 2626 2437 2468
f 2632 2642 2633
f 2643 2458 2635
f 2635 2458 2450
f 2470 2643 2460
f 2643 2636 2460
f 2643 2635 2636
f 2460 2636 2451
f 2638 2463 2455
f 2463 2638 2465
f 2465 2638 2640
f 2465 2640 2467
f 2467 2640 2641
f 2467 2641 2468
f 2643 2470 2458
f 2480 2645 2479
f 2479 2645 2644
f 2481 2645 2480
f 2646 2483 2644
f 2644 2483 2479
f 2647 2644 2645
f 2646 2644 2647
f 2486 2647 2481
f 2481 2647 2645
f 2648 2489 2646
f 2646 2489 2483
f 2649 2646 2647
f 2648 2646 2649
f 2492 2649 2486
f 2486 2649 2647
f 2650 2493 2648
f 2648 2493 2489
f 2651 2648 2649
f 2650 2648 2651
f 2494 2651 2492
f 2492 2651 2649
f 2650 2497 2493
f 2497 2650 2499
f 2499 2650 2651
f 2499 2651 2494
f 2653 2652 2502
f 2502 2652 2501
f 2502 2503 2653
f 2653 2503 2654
f 2501 2655 2505
f 2652 2655 2501
f 2506 2657 2656
f 2654 2506 2656
f 2503 2506 2654
f 2657 2658 2656
f 2655 2659 2505
f 2659 2504 2505
f 2659 2507 2504
f 2508 2657 2506
f 2508 2509 2657
f 2509 2658 2657
f 2509 2660 2658
f 2659 2511 2507
f 2661 2511 2659
f 2514 2660 2509
f 2514 2662 2660
f 2513 2661 2663
f 2513 2511 2661
f 2664 2662 2514
f 2514 2515 2664
f 2663 2517 2513
f 2666 2665 2518
f 2666 2518 2517
f 2785 2666 2517
f 2663 2785 2517
f 2668 2667 2665
f 2668 2665 2666
f 2670 2669 2667
f 2670 2667 2668
f 2670 2664 2669
f 2664 2519 2669
f 2664 2515 2519
f 2665 2520 2518
f 2520 2665 2521
f 2521 2665 2667
f 2521 2667 2522
f 2522 2667 2669
f 2522 2669 2519
f 2672 2671 2525
f 2525 2671 2524
f 2673 2525 2526
f 2673 2672 2525
f 2674 2526 2527
f 2674 2673 2526
f 2675 2527 2528
f 2675 2674 2527
f 2528 2530 2675
f 2675 2530 2676
f 2532 2678 2531
f 2531 2678 2677
f 2678 2532 2679
f 2532 2680 2679
f 2532 2533 2680
f 2533 2524 2671
f 2533 2671 2680
f 2534 2676 2530
f 2534 2681 2676
f 2682 2535 2536
f 2682 2536 2538
f 2531 2677 2539
f 2539 2677 2678
f 2684 2683 2540
f 2684 2540 2539
f 2679 2684 2539
f 2678 2679 2539
f 2686 2685 2683
f 2686 2683 2684
f 2688 2687 2685
f 2688 2685 2686
f 2542 2541 2687
f 2688 2542 2687
f 2689 2542 2688
f 2542 2690 2543
f 2689 2690 2542
f 2534 2543 2681
f 2681 2543 2690
f 2693 2692 2691
f 2535 2691 2545
f 2691 2535 2693
f 2682 2693 2535
f 2693 2682 2694
f 2695 2694 2682
f 2547 2695 2538
f 2538 2695 2682
f 2696 2549 2683
f 2683 2549 2540
f 2551 2696 2550
f 2696 2685 2550
f 2696 2683 2685
f 2550 2685 2552
f 2552 2685 2687
f 2552 2687 2541
f 2699 2698 2697
f 2553 2554 2697
f 2554 2699 2697
f 2554 2700 2699
f 2544 2691 2692
f 2700 2544 2692
f 2554 2544 2700
f 2544 2545 2691
f 2702 2694 2701
f 2695 2701 2694
f 2556 2701 2547
f 2547 2701 2695
f 2549 2696 2551
f 2706 2705 2703
f 2703 2705 2704
f 2708 2707 2706
f 2706 2707 2705
f 2707 2708 2698
f 2698 2708 2697
f 2708 2559 2697
f 2559 2560 2697
f 2697 2560 2553
f 2709 2702 2701
f 2701 2556 2709
f 2556 2710 2709
f 2556 2562 2710
f 2564 2565 2711
f 2565 2712 2711
f 2565 2713 2712
f 2566 2703 2704
f 2713 2566 2704
f 2565 2566 2713
f 2703 2566 2568
f 2703 2568 2706
f 2706 2568 2570
f 2706 2570 2708
f 2559 2708 2570
f 2714 2574 2571
f 2714 2571 2572
f 2574 2714 2715
f 2716 2574 2715
f 2575 2574 2716
f 2575 2717 2576
f 2716 2717 2575
f 2562 2576 2710
f 2710 2576 2717
f 2712 2719 2711
f 2719 2578 2711
f 2578 2579 2711
f 2578 2719 2718
f 2711 2579 2564
f 2588 2720 2572
f 2572 2721 2714
f 2572 2720 2721
f 2715 2714 2722
f 2722 2714 2721
f 2723 2583 2584
f 2724 2723 2584
f 2724 2584 2718
f 2724 2718 2719
f 2720 2588 2589
f 2725 2720 2589
f 2721 2720 2725
f 2722 2721 2726
f 2721 2725 2726
f 2583 2723 2590
f 2723 2727 2590
f 2723 2728 2727
f 2729 2723 2724
f 2728 2723 2729
f 2730 2729 2724
f 2593 2725 2589
f 2725 2593 2595
f 2731 2725 2595
f 2726 2725 2731
f 2732 2726 2731
f 2733 2596 2727
f 2727 2596 2590
f 2734 2727 2728
f 2733 2727 2734
f 2598 2734 2597
f 2734 2729 2597
f 2734 2728 2729
f 2599 2597 2729
f 2846 2599 2729
f 2730 2846 2729
f 2735 2599 2846
f 2735 2600 2599
f 2602 2731 2595
f 2736 2732 2731
f 2602 2736 2731
f 2604 2736 2602
f 2737 2604 2606
f 2737 2736 2604
f 2739 2737 2738
f 2737 2607 2738
f 2737 2606 2607
f 2608 2740 2607
f 2607 2740 2738
f 2609 2740 2608
f 2741 2610 2733
f 2733 2610 2596
f 2742 2733 2734
f 2741 2733 2742
f 2611 2613 2598
f 2613 2734 2598
f 2613 2742 2734
f 2615 2600 2735
f 2743 2615 2735
f 2846 2743 2735
f 2615 2743 2744
f 2746 2745 2744
f 2746 2744 2743
f 2747 2745 2746
f 2748 2750 2749
f 2752 2751 2749
f 2752 2749 2750
f 2754 2753 2751
f 2754 2751 2752
f 2756 2755 2753
f 2756 2753 2754
f 2757 2755 2756
f 2758 2739 2738
f 2760 2759 2758
f 2738 2760 2758
f 2740 2760 2738
f 2634 2760 2609
f 2609 2760 2740
f 2741 2617 2610
f 2617 2741 2620
f 2620 2741 2742
f 2620 2742 2621
f 2742 2637 2621
f 2742 2613 2637
f 2761 2623 2744
f 2744 2623 2615
f 2639 2761 2624
f 2761 2745 2624
f 2761 2744 2745
f 2624 2745 2762
f 2745 2747 2762
f 2748 2625 2626
f 2747 2748 2626
f 2762 2747 2626
f 2749 2627 2748
f 2627 2625 2748
f 2627 2749 2628
f 2628 2749 2751
f 2628 2751 2629
f 2629 2751 2753
f 2629 2753 2630
f 2630 2753 2755
f 2757 2763 2755
f 2763 2630 2755
f 2763 2631 2630
f 2632 2631 2763
f 2632 2763 2764
f 2759 2760 2634
f 2633 2759 2634
f 2765 2759 2633
f 2761 2639 2623
f 2764 2766 2632
f 2632 2766 2642
f 2633 2642 2765
f 2765 2642 2766
f 2769 2768 2767
f 2767 2770 2769
f 2771 2873 2653
f 2653 2873 2652
f 2772 2767 2654
f 2767 2771 2654
f 2771 2653 2654
f 2767 2768 2771
f 2770 2767 2773
f 2773 2767 2772
f 2775 2655 2774
f 2655 2873 2774
f 2655 2652 2873
f 2654 2656 2772
f 2775 2774 2776
f 2656 2658 2772
f 2658 2773 2772
f 2658 2777 2773
f 2778 2659 2655
f 2779 2778 2655
f 2780 2779 2655
f 2775 2780 2655
f 2780 2775 2776
f 2660 2777 2658
f 2660 2781 2777
f 2782 2661 2778
f 2778 2661 2659
f 2778 2779 2783
f 2778 2783 2782
f 2662 2781 2660
f 2662 2784 2781
f 2782 2663 2661
f 2786 2785 2663
f 2783 2786 2663
f 2782 2783 2663
f 2883 2785 2786
f 2662 2664 2787
f 2788 2662 2787
f 2784 2662 2788
f 2883 2666 2785
f 2883 2668 2666
f 2787 2670 2788
f 2670 2883 2788
f 2670 2668 2883
f 2670 2787 2664
f 2789 2671 2672
f 2673 2790 2672
f 2672 2790 2789
f 2674 2791 2673
f 2673 2791 2790
f 2675 2792 2674
f 2674 2792 2791
f 2676 2792 2675
f 2793 2679 2680
f 2794 2793 2680
f 2794 2680 2671
f 2795 2794 2671
f 2789 2795 2671
f 2795 2789 2790
f 2795 2790 2796
f 2790 2797 2796
f 2791 2797 2790
f 2798 2791 2792
f 2797 2791 2798
f 2681 2798 2676
f 2676 2798 2792
f 2793 2684 2679
f 2794 2799 2793
f 2799 2684 2793
f 2799 2686 2684
f 2686 2800 2688
f 2799 2800 2686
f 2797 2689 2796
f 2689 2800 2796
f 2689 2688 2800
f 2689 2797 2690
f 2690 2797 2798
f 2690 2798 2681
f 2692 2693 2801
f 2693 2802 2801
f 2693 2803 2802
f 2805 2804 2694
f 2804 2693 2694
f 2804 2803 2693
f 2805 2806 2804
f 2809 2808 2807
f 2811 2810 2807
f 2807 2810 2809
f 2698 2699 2811
f 2699 2810 2811
f 2699 2812 2810
f 2812 2700 2801
f 2699 2700 2812
f 2801 2700 2692
f 2702 2813 2805
f 2702 2805 2694
f 2806 2805 2814
f 2814 2805 2813
f 2808 2816 2807
f 2816 2704 2807
f 2704 2705 2807
f 2704 2816 2815
f 2807 2705 2707
f 2807 2707 2811
f 2811 2707 2698
f 2709 2813 2702
f 2709 2710 2813
f 2710 2814 2813
f 2710 2817 2814
f 2818 2712 2907
f 2712 2819 2907
f 2712 2713 2819
f 2713 2704 2815
f 2820 2713 2815
f 2819 2713 2820
f 2820 2815 2816
f 2715 2827 2716
f 2821 2717 2716
f 2821 2716 2827
f 2821 2822 2717
f 2822 2710 2717
f 2822 2817 2710
f 2823 2719 2818
f 2818 2719 2712
f 2818 2907 2824
f 2825 2818 2824
f 2823 2818 2825
f 2826 2825 2824
f 2715 2828 2827
f 2722 2828 2715
f 2821 2827 2829
f 2821 2829 2822
f 2719 2823 2724
f 2823 2830 2724
f 2823 2831 2830
f 2831 2825 2832
f 2823 2825 2831
f 2832 2825 2826
f 2722 2726 2833
f 2834 2722 2833
f 2828 2722 2834
f 2724 2830 2730
f 2830 2835 2730
f 2830 2831 2835
f 2831 2832 2836
f 2837 2831 2836
f 2835 2831 2837
f 2838 2837 2836
f 2853 2929 2839
f 2841 2840 2839
f 2841 2839 2929
f 2840 2841 2834
f 2833 2840 2834
f 2842 2840 2833
f 2845 2844 2843
f 2726 2732 2833
f 2842 2833 2732
f 2835 2846 2730
f 2847 2835 2837
f 2846 2835 2847
f 2837 2838 2848
f 2849 2837 2848
f 2847 2837 2849
f 2851 2850 2849
f 2851 2849 2848
f 2853 2852 2850
f 2853 2850 2851
f 2839 2852 2853
f 2854 2852 2839
f 2855 2839 2840
f 2854 2839 2855
f 2856 2840 2842
f 2855 2840 2856
f 2857 2843 2844
f 2843 2857 2736
f 2856 2736 2857
f 2736 2856 2732
f 2842 2732 2856
f 2736 2858 2843
f 2737 2858 2736
f 2737 2739 2858
f 2858 2739 2859
f 2743 2846 2847
f 2743 2847 2746
f 2746 2847 2849
f 2746 2849 2747
f 2747 2849 2850
f 2747 2850 2748
f 2850 2860 2748
f 2850 2852 2860
f 2748 2860 2750
f 2860 2854 2750
f 2860 2852 2854
f 2750 2854 2752
f 2752 2854 2855
f 2752 2855 2754
f 2754 2855 2856
f 2857 2861 2856
f 2861 2754 2856
f 2861 2756 2754
f 2757 2756 2861
f 2757 2861 2862
f 2863 2859 2739
f 2863 2739 2758
f 2865 2864 2759
f 2864 2758 2759
f 2864 2863 2758
f 2865 2866 2864
f 2862 2867 2757
f 2757 2867 2763
f 2764 2763 2867
f 2764 2867 2868
f 2765 2869 2865
f 2765 2865 2759
f 2866 2865 2869
f 2868 2870 2764
f 2764 2870 2766
f 2765 2766 2869
f 2766 2871 2869
f 2766 2870 2871
f 2872 2768 2769
f 2770 2872 2769
f 2874 2873 2771
f 2874 2771 2768
f 2875 2874 2768
f 2872 2875 2768
f 2872 2770 2875
f 2770 2876 2875
f 2770 2773 2876
f 2878 2877 2776
f 2878 2776 2774
f 2874 2878 2774
f 2873 2874 2774
f 2878 2876 2877
f 2876 2777 2877
f 2876 2773 2777
f 2879 2779 2780
f 2776 2877 2780
f 2877 2879 2780
f 2877 2880 2879
f 2781 2880 2777
f 2777 2880 2877
f 2881 2783 2879
f 2879 2783 2779
f 2882 2879 2880
f 2881 2879 2882
f 2784 2882 2781
f 2781 2882 2880
f 2881 2786 2783
f 2786 2881 2883
f 2881 2882 2883
f 2788 2883 2784
f 2784 2883 2882
f 2884 2794 2795
f 2796 2885 2795
f 2795 2885 2884
f 2884 2799 2794
f 2799 2884 2800
f 2800 2884 2885
f 2800 2885 2796
f 2886 2801 2802
f 2886 2802 2887
f 2802 2803 2887
f 2888 2803 2804
f 2888 2887 2803
f 2890 2889 2806
f 2889 2804 2806
f 2889 2888 2804
f 2892 2891 2809
f 2809 2891 2808
f 2893 2809 2810
f 2893 2892 2809
f 2894 2810 2812
f 2894 2893 2810
f 2812 2801 2886
f 2895 2812 2886
f 2894 2812 2895
f 2887 2895 2886
f 2898 2897 2896
f 2898 2896 2955
f 2898 2899 2897
f 2806 2814 2890
f 2900 2890 2814
f 2901 2890 2900
f 2891 2816 2808
f 2902 2816 2891
f 2903 2896 2897
f 2903 2897 2904
f 2897 2899 2904
f 2905 2814 2817
f 2814 2905 2900
f 2901 2900 2906
f 2906 2900 2905
f 2820 2908 2819
f 2819 2908 2907
f 2816 2902 2909
f 2908 2816 2909
f 2910 2908 2909
f 2820 2816 2908
f 2972 2910 2909
f 2914 2913 2911
f 2916 2915 2913
f 2916 2913 2914
f 2822 2915 2817
f 2916 2817 2915
f 2817 2916 2905
f 2917 2905 2916
f 2905 2917 2918
f 2906 2905 2919
f 2919 2905 2918
f 2824 2907 2826
f 2907 2920 2826
f 2907 2908 2920
f 2921 2908 2910
f 2920 2908 2921
f 2922 2910 2972
f 2921 2910 2922
f 2977 2922 2972
f 2828 2923 2827
f 2923 2911 2827
f 2911 2913 2827
f 2923 2912 2911
f 2827 2913 2829
f 2829 2913 2915
f 2917 2924 2918
f 2829 2915 2822
f 2918 2924 2919
f 2826 2920 2832
f 2920 2925 2832
f 2920 2926 2925
f 2927 2920 2921
f 2926 2920 2927
f 2928 2921 2922
f 2927 2921 2928
f 2922 2977 2929
f 2928 2922 2929
f 2978 2930 2929
f 2978 2923 2930
f 2923 2834 2930
f 2923 2828 2834
f 2925 2836 2832
f 2836 2925 2838
f 2925 2931 2838
f 2925 2926 2931
f 2932 2926 2927
f 2931 2926 2932
f 2933 2927 2928
f 2932 2927 2933
f 2853 2933 2929
f 2933 2928 2929
f 2841 2929 2930
f 2841 2930 2834
f 2935 2844 2845
f 2935 2845 2934
f 2843 2934 2845
f 2931 2848 2838
f 2848 2931 2851
f 2851 2931 2932
f 2851 2932 2853
f 2853 2932 2933
f 2937 2857 2935
f 2935 2857 2844
f 2934 2843 2858
f 2937 2935 2938
f 2940 2939 2859
f 2859 2939 2858
f 2939 2936 2858
f 2936 2934 2858
f 2942 2941 2940
f 2940 2941 2939
f 2942 2943 2941
f 2937 2861 2857
f 2944 2945 2862
f 2944 2862 2861
f 2938 2944 2861
f 2937 2938 2861
f 2859 2863 2940
f 2940 2863 2864
f 2940 2864 2942
f 2864 2866 2942
f 2866 2943 2942
f 2866 2946 2943
f 2945 2867 2862
f 2868 2867 2945
f 2947 2868 2945
f 2946 2869 2948
f 2946 2866 2869
f 2868 2947 2870
f 2948 2871 2949
f 2871 2947 2949
f 2871 2870 2947
f 2871 2948 2869
f 2950 2874 2875
f 2876 2950 2875
f 2950 2878 2874
f 2878 2950 2876
f 2953 2952 2951
f 2951 2954 2953
f 2888 2956 2887
f 2887 2956 2955
f 2952 2957 2951
f 2957 2888 2951
f 2888 2889 2951
f 2888 2957 2956
f 2889 2890 2951
f 2890 2954 2951
f 2890 2958 2954
f 2959 2891 2892
f 2893 2960 2892
f 2892 2960 2959
f 2894 2961 2893
f 2893 2961 2960
f 2895 2962 2894
f 2894 2962 2961
f 2895 2887 2962
f 2887 2955 2962
f 2955 2896 2962
f 2898 2955 2956
f 2899 2898 2956
f 2957 2899 2956
f 2963 2899 2957
f 2901 2958 2890
f 2901 2964 2958
f 2965 2902 2959
f 2959 2902 2891
f 2966 2959 2960
f 2965 2959 2966
f 2967 2960 2961
f 2966 2960 2967
f 2967 2962 2974
f 2961 2962 2967
f 2968 2974 2903
f 2974 2962 2903
f 2962 2896 2903
f 2904 2969 2903
f 2903 2969 2968
f 2970 2969 2904
f 2899 2970 2904
f 2963 2970 2899
f 2906 2964 2901
f 2906 2971 2964
f 2965 2909 2902
f 2909 2965 2972
f 2965 2966 2972
f 2973 2966 2967
f 2972 2966 2973
f 2974 2911 2912
f 2967 2974 2912
f 2973 2967 2912
f 2968 2914 2974
f 2914 2911 2974
f 2914 2968 2916
f 2916 2968 2969
f 2917 2916 2969
f 2970 2917 2969
f 2975 2917 2970
f 2919 2971 2906
f 2919 2976 2971
f 2972 2973 2977
f 2978 2973 2912
f 2978 2977 2973
f 2923 2978 2912
f 2975 2979 2917
f 2917 2979 2924
f 2919 2924 2976
f 2976 2924 2979
f 2929 2977 2978
f 2934 2980 2935
f 2934 2936 2980
f 2981 2938 2980
f 2938 2935 2980
f 2982 2994 2939
f 2981 2939 2994
f 2939 2981 2936
f 2980 2936 2981
f 2983 2939 2941
f 2983 2982 2939
f 2984 2941 2943
f 2984 2983 2941
f 2981 2944 2938
f 2986 2985 2945
f 2986 2945 2944
f 2994 2986 2944
f 2981 2994 2944
f 2996 2985 2986
f 2943 2987 2984
f 2946 2987 2943
f 2985 2947 2945
f 2988 2948 2949
f 2985 2988 2949
f 2947 2985 2949
f 2988 2985 2996
f 2946 2948 2987
f 2987 2948 2988
f 2989 2952 2953
f 2954 2989 2953
f 2990 2957 2989
f 2989 2957 2952
f 2958 2990 2954
f 2954 2990 2989
f 2991 2963 2990
f 2990 2963 2957
f 2964 2991 2958
f 2958 2991 2990
f 2992 2970 2991
f 2991 2970 2963
f 2971 2992 2964
f 2964 2992 2991
f 2993 2975 2992
f 2992 2975 2970
f 2976 2993 2971
f 2971 2993 2992
f 2993 2979 2975
f 2979 2993 2976
f 2983 2995 2982
f 2982 2995 2994
f 2983 2984 2995
f 2986 2994 2996
f 2994 2995 2996
f 2987 2996 2984
f 2996 2995 2984
f 2988 2996 2987
