v -1.0 44.8 25.0
v -1.2 45.0 25.0
v -1.0 45.0 26.0
v -1.2 49.0 22.0
v -1.0 48.8 22.0
v -1.0 48.6 23.0
v -1.2 49.0 23.0
v -1.0 49.0 23.3
v -1.0 50.0 21.0
v -1.3 50.0 22.0
v -1.2 50.0 23.0
v -1.0 50.0 23.3
v -1.1 51.0 6.9
v -1.0 50.9 7.0
v -1.0 51.0 7.5
v -1.0 51.0 9.5
v -1.0 50.9 10.0
v -1.0 50.8 12.0
v -1.2 51.0 12.0
v -1.0 51.0 12.9
v -1.0 50.3 22.0
v -1.0 50.2 23.0
v -1.0 51.1 7.0
v -1.0 51.1 10.0
v -1.0 51.2 12.0
v -1.0 57.0 10.0
v -0.3 43.0 24.0
v 0.0 43.0 23.6
v 0.0 42.1 24.0
v 0.0 42.6 25.0
v -0.9 43.0 25.0
v 0.0 42.7 26.0
v -0.8 43.0 26.0
v 0.0 43.0 26.4
v -0.2 43.0 29.0
v 0.0 42.0 29.0
v 0.0 43.0 29.3
v 0.0 43.7 24.0
v 0.0 43.8 25.0
v 0.0 43.6 26.0
v -0.3 44.0 28.0
v -0.4 44.0 29.0
v 0.0 44.0 29.5
v -0.1 45.0 -14.1
v 0.0 44.0 -14.0
v -1.0 45.0 24.0
v 0.0 45.0 23.4
v -0.0 44.2 24.0
v 0.2 44.0 25.9
v 0.0 44.3 27.0
v -0.5 45.0 27.0
v -0.4 45.0 28.0
v -0.4 45.0 29.0
v -0.3 45.0 30.0
v -0.0 45.0 30.1
v 0.0 45.1 -14.0
v -0.0 45.0 -13.0
v -0.3 46.0 -9.0
v -0.2 46.0 -8.0
v -0.3 46.0 24.0
v -0.3 46.1 24.0
v -0.5 46.0 26.0
v 0.0 45.6 28.0
v 0.0 45.4 29.0
v 0.0 45.1 30.0
v -0.1 47.0 -11.0
v -0.4 47.0 -10.0
v -0.4 46.9 -8.0
v -0.5 46.0 24.9
v -0.3 46.0 27.0
v -0.4 48.0 -10.0
v 0.0 48.0 -10.5
v -0.5 47.1 -9.0
v -0.5 48.0 -8.0
v -0.4 48.0 23.0
v -0.0 47.7 23.0
v 0.0 47.5 24.0
v -0.6 48.0 24.0
v 0.0 48.0 24.3
v -0.2 49.0 -10.0
v -0.0 49.0 -10.2
v -0.5 49.0 -9.0
v -0.5 49.0 -8.0
v 0.2 48.0 -7.0
v -0.3 49.0 -7.0
v -0.0 49.0 20.5
v 0.0 48.6 21.0
v 0.0 48.3 22.0
v 0.0 48.8 24.0
v -0.2 49.0 27.0
v 0.0 49.0 26.7
v -0.2 49.0 28.0
v 0.0 49.0 28.2
v -0.2 50.0 -9.0
v 0.0 50.2 -9.0
v -0.4 50.0 -8.0
v -0.2 50.0 -7.0
v -0.1 50.0 19.0
v -0.1 50.0 19.0
v 0.0 49.6 20.0
v -0.3 50.0 20.0
v 0.0 49.0 24.0
v -0.4 50.0 24.0
v 0.0 50.0 25.0
v -0.2 50.0 27.0
v 0.0 50.0 26.7
v -0.2 50.0 28.0
v 0.0 50.0 28.2
v 0.0 50.5 -8.0
v -0.1 51.0 -3.0
v -0.8 51.0 6.0
v 0.0 51.0 5.7
v 0.0 50.6 6.0
v 0.0 50.7 7.0
v 0.0 51.0 7.3
v 0.0 51.0 9.8
v 0.0 50.8 10.0
v -0.0 50.6 11.2
v 0.0 50.5 13.0
v 0.0 50.6 14.0
v 0.0 50.2 19.0
v 0.0 50.3 20.0
v 0.0 50.4 21.0
v 0.0 50.5 22.0
v -0.3 51.0 24.0
v 0.0 51.0 23.6
v 0.0 51.0 24.3
v 0.0 50.3 27.0
v 0.0 50.2 28.0
v -0.2 52.0 -3.0
v 0.0 51.3 6.0
v 0.0 51.3 7.0
v 0.0 51.3 10.0
v 0.0 51.6 11.0
v -0.3 52.0 12.0
v 0.0 52.0 11.5
v -0.3 51.0 14.0
v -0.2 51.0 14.8
v 0.0 51.3 16.0
v -0.2 51.0 16.9
v -0.1 51.0 18.0
v -0.0 52.0 24.0
v -0.2 53.0 -3.0
v -0.1 53.0 0.0
v -0.1 53.0 -0.0
v -0.1 53.0 10.0
v -0.0 53.0 9.2
v 0.0 52.6 11.0
v -0.2 53.0 11.0
v -0.3 53.0 12.0
v 0.1 52.0 12.9
v -0.3 53.0 13.0
v -0.7 53.0 25.0
v 0.0 53.0 24.5
v 0.0 52.5 26.0
v -0.2 53.0 27.0
v 0.0 53.0 27.5
v -0.1 54.0 0.0
v -0.2 54.0 7.0
v 0.0 53.7 7.0
v 0.0 53.7 8.0
v -0.3 54.0 8.0
v 0.0 54.0 8.5
v 0.0 53.2 10.0
v 0.0 53.2 11.0
v 0.0 53.5 12.0
v -0.1 54.1 13.1
v 0.0 54.0 13.7
v -0.4 54.0 25.0
v 0.0 54.0 24.6
v -0.4 54.0 26.0
v 0.2 54.0 26.8
v 0.0 53.4 27.0
v -0.1 54.0 -0.0
v -0.4 55.0 7.0
v -0.5 55.0 8.0
v 0.0 54.4 9.0
v -0.4 55.0 9.0
v -0.2 55.0 10.0
v -0.0 54.7 10.0
v -0.2 55.0 26.0
v -0.2 56.0 7.0
v -0.4 56.0 8.0
v -0.6 56.0 9.0
v -0.6 56.0 10.0
v 0.0 55.6 11.0
v -0.4 56.0 11.0
v -0.0 56.0 12.0
v 0.0 55.2 26.0
v 0.0 56.7 8.0
v -0.9 57.0 9.0
v -0.4 57.0 11.0
v 0.0 57.0 12.2
v 0.0 57.5 9.0
v 0.0 57.6 10.0
v 0.0 57.5 11.0
v -0.2 57.0 12.0
v 1.0 39.0 24.0
v 1.0 38.8 25.0
v 0.8 39.0 25.0
v 0.9 39.0 26.0
v 1.0 40.0 28.0
v 0.7 41.0 27.0
v 1.3 40.0 27.0
v 1.0 41.0 28.6
v 0.6 42.0 26.0
v 0.6 41.0 28.0
v 1.0 41.4 29.0
v 1.0 42.0 29.4
v 1.0 43.0 23.3
v 1.0 42.3 24.0
v 1.0 42.2 25.0
v 0.4 43.0 27.0
v 0.3 43.0 28.0
v 1.0 43.0 29.9
v 1.0 44.0 -14.4
v 1.0 43.9 -14.0
v 0.8 44.0 -11.0
v 1.0 43.8 -11.0
v 1.0 43.7 -10.0
v 0.6 44.0 -9.4
v 1.0 43.7 -9.0
v 1.0 43.8 -8.0
v 0.9 44.0 -7.9
v 0.7 44.0 22.0
v 1.0 44.0 21.2
v 1.0 43.7 22.0
v 0.1 44.0 23.0
v 0.1 44.0 24.0
v 0.2 44.0 27.0
v 1.0 44.0 29.7
v 1.0 45.0 -14.4
v 1.0 44.6 -13.0
v 1.0 44.6 -12.0
v 0.6 45.0 -12.0
v 0.5 45.1 -10.2
v 0.4 45.0 -9.0
v 0.5 45.0 -8.0
v 1.0 45.0 -7.4
v 1.0 45.0 20.9
v 0.5 45.0 22.0
v 0.3 45.0 23.0
v 1.0 45.0 30.1
v 1.0 45.4 -14.0
v 0.6 46.0 -13.0
v 1.0 46.0 -13.4
v 0.4 46.0 -11.0
v 0.3 46.0 -10.0
v 1.1 45.4 -7.0
v 0.6 46.0 22.0
v 1.0 46.0 21.2
v 0.5 46.0 23.0
v 0.4 46.0 28.0
v 1.0 45.9 29.0
v 1.0 45.1 30.0
v 1.0 46.5 -12.9
v 0.6 46.0 -7.0
v 1.3 46.0 -6.0
v 0.6 47.0 -6.0
v 0.6 47.0 -4.9
v 0.8 47.0 -4.0
v 0.8 47.0 18.0
v 1.0 46.8 18.0
v 0.8 47.0 19.0
v 1.0 46.7 20.0
v 0.8 47.0 20.0
v 1.1 46.1 21.0
v 0.6 47.0 21.0
v 0.6 47.0 22.0
v 0.8 47.0 23.0
v 0.3 47.0 24.0
v 0.4 47.0 25.6
v 0.5 47.0 27.0
v 0.5 47.0 28.0
v 1.1 46.0 29.0
v 0.7 47.0 29.0
v 1.0 47.0 29.3
v 0.6 47.0 -12.0
v 0.7 48.0 -11.2
v 0.5 48.0 -6.0
v 0.4 48.0 -5.0
v 0.6 48.0 -4.0
v 1.1 48.0 -3.2
v 0.8 48.0 13.0
v 1.0 47.7 13.0
v 1.0 47.5 15.0
v 1.1 47.2 17.0
v 0.6 48.0 17.0
v 0.6 48.0 18.0
v 0.5 48.0 21.0
v 0.3 48.0 22.0
v 0.5 48.0 25.0
v 0.6 48.0 26.0
v 1.0 48.0 27.0
v 0.5 48.0 28.0
v 0.8 48.0 29.0
v 1.0 48.0 29.2
v 1.0 48.4 -11.0
v 1.0 49.0 -10.5
v 0.4 49.0 -6.0
v 0.4 49.0 -4.0
v 0.2 49.0 -3.0
v 1.0 48.4 -3.0
v 1.0 49.0 4.0
v 0.7 49.0 11.9
v 1.0 49.0 11.0
v 0.5 49.0 13.0
v 0.6 48.0 14.2
v 0.6 48.0 16.0
v 0.5 49.0 17.0
v 1.1 48.0 19.0
v 0.5 49.0 19.0
v 0.4 49.0 20.0
v 0.9 49.0 25.0
v 0.6 49.0 26.0
v 1.0 48.3 29.0
v 1.0 49.0 28.6
v 1.0 49.6 -10.0
v 0.4 50.0 -6.0
v 0.5 49.5 -4.9
v 0.5 50.0 -4.0
v 0.3 50.0 -3.0
v 1.0 49.4 -2.0
v 0.6 50.0 -2.0
v 1.0 49.6 -1.0
v 0.6 50.0 -0.6
v 1.0 49.6 0.0
v 1.0 49.8 1.0
v 0.5 50.0 1.0
v 1.0 50.0 1.3
v 1.0 50.0 3.8
v 0.2 50.0 5.0
v 1.0 49.6 5.0
v 0.5 50.0 6.0
v 1.0 49.7 7.0
v 1.0 50.0 7.4
v 1.0 50.0 12.0
v 0.4 50.0 13.1
v 0.4 50.0 17.0
v 0.3 50.0 18.0
v 1.1 50.0 26.0
v 1.0 50.0 28.4
v 1.0 50.6 -9.0
v 0.5 51.0 -8.0
v 1.0 51.0 -8.6
v 0.4 51.0 -7.0
v 0.5 51.9 -5.1
v 0.4 51.0 -4.0
v 0.6 51.0 0.0
v 0.8 50.0 4.0
v 1.0 51.0 5.2
v 1.0 51.0 7.6
v 1.0 51.0 9.6
v 1.0 50.6 10.1
v 1.0 50.0 12.0
v 0.4 51.0 19.0
v 1.2 51.0 20.0
v 1.0 50.7 20.0
v 1.0 50.5 21.0
v 1.0 50.6 22.0
v 0.0 50.7 23.0
v 0.9 51.2 22.8
v 1.1 50.9 24.9
v 0.7 51.0 27.0
v 1.0 51.0 26.4
v 1.0 51.0 27.4
v 1.0 50.5 28.0
v 0.8 52.0 -8.0
v 1.0 52.1 -8.2
v 0.4 52.0 -7.0
v 0.6 52.0 -6.0
v 0.4 52.0 -4.0
v 0.4 51.0 -2.0
v 0.5 51.0 -0.9
v 0.4 52.0 0.0
v 1.0 51.0 0.9
v 0.6 52.0 1.0
v 0.8 52.0 2.0
v 0.5 52.0 6.0
v 1.0 52.0 5.5
v 0.5 52.0 7.0
v 1.0 52.0 7.6
v 1.0 51.6 10.0
v 1.0 51.9 11.0
v 0.4 52.0 14.0
v 0.4 52.0 15.0
v 0.5 52.0 16.0
v 0.9 52.0 17.0
v 0.5 52.0 18.0
v 0.6 52.0 19.0
v 1.0 52.0 23.5
v 0.6 52.0 26.0
v 0.5 52.0 27.0
v 1.0 52.0 27.5
v 0.2 53.0 -7.0
v 1.0 53.2 -7.0
v 1.0 53.0 -6.4
v 0.5 53.0 -4.0
v 0.4 53.0 -2.0
v 0.4 53.0 -1.0
v 0.4 53.0 1.0
v 1.0 52.0 2.3
v 0.6 53.0 6.0
v 0.5 53.0 7.0
v 0.1 53.0 9.0
v 1.0 53.1 8.0
v 1.0 52.6 9.0
v 1.0 52.3 10.0
v 1.0 52.1 11.0
v 0.4 53.0 14.0
v 0.6 53.0 15.0
v 0.9 53.0 16.0
v 0.6 53.0 17.0
v 0.5 53.0 18.1
v 1.2 52.0 20.0
v 0.6 53.0 20.0
v 0.8 53.0 21.0
v 1.0 53.0 21.2
v 0.6 53.0 24.0
v 1.0 53.0 23.8
v 1.0 53.0 27.7
v 0.8 53.1 -5.0
v 1.0 53.6 -4.0
v 0.0 54.0 -3.0
v 1.0 54.4 -3.1
v 0.5 54.0 -2.0
v 0.5 54.0 -1.0
v 0.4 54.0 1.0
v 0.6 53.0 2.0
v 0.8 54.0 4.0
v 1.0 54.0 3.8
v 1.0 53.4 5.0
v 0.6 54.0 5.0
v 0.4 54.0 6.0
v 0.9 54.0 9.0
v 1.0 53.7 10.0
v 1.0 53.7 11.0
v 0.2 54.0 14.0
v 0.6 54.0 15.0
v 0.4 54.0 16.0
v 0.1 54.0 17.0
v 0.4 54.0 18.0
v 0.4 54.0 19.0
v 0.5 54.0 20.0
v 0.7 54.0 21.0
v 1.0 54.0 21.4
v 1.0 54.0 24.5
v 1.0 54.0 27.4
v 1.0 54.6 -1.0
v 0.5 55.0 1.0
v 0.6 55.0 2.0
v 1.0 54.7 2.5
v 0.6 55.0 4.0
v 1.0 55.0 3.5
v 0.4 55.0 6.0
v 1.0 54.2 10.0
v 1.0 54.4 12.0
v 1.0 54.5 13.0
v 1.0 55.0 14.0
v 0.9 55.0 15.0
v 0.1 55.0 16.0
v 0.3 55.0 17.0
v 0.4 55.0 18.0
v 0.2 55.0 19.0
v 0.6 55.0 20.0
v 0.8 55.0 21.0
v 1.0 55.0 21.3
v -0.0 55.0 25.0
v 1.0 55.0 27.2
v 1.2 54.9 -0.9
v 0.6 55.0 0.0
v 0.6 56.0 2.0
v 1.0 56.0 2.6
v 0.8 56.0 4.0
v 1.0 56.0 3.6
v 0.5 56.0 6.0
v 1.0 55.3 11.0
v 1.0 56.0 11.6
v 0.7 56.0 15.0
v 1.0 56.0 14.5
v 0.4 56.0 16.0
v 0.5 56.0 17.0
v 0.6 56.0 18.0
v 1.0 56.0 18.5
v 1.0 55.5 19.0
v 1.0 55.3 21.0
v 1.0 55.5 26.0
v 1.0 55.2 27.0
v 1.0 56.4 1.0
v 0.8 57.0 2.0
v 1.0 57.2 2.0
v 1.0 56.3 4.0
v 1.0 56.4 5.0
v 1.2 56.8 6.0
v 0.6 57.0 7.0
v 0.3 57.0 8.0
v 1.0 57.0 12.4
v 1.0 57.0 14.0
v 0.6 57.0 16.0
v 0.6 57.0 17.0
v 1.0 57.0 18.2
v 1.0 57.0 3.0
v 1.0 57.4 7.0
v 0.8 58.0 8.0
v 1.0 58.2 8.0
v 0.5 58.0 9.0
v 0.3 58.0 10.5
v 0.6 58.0 12.0
v 1.0 58.0 12.5
v 0.7 57.1 15.0
v 1.0 57.5 16.0
v 1.0 57.4 17.0
v 0.9 57.1 18.0
v 1.0 58.5 9.0
v 0.8 59.0 10.0
v 1.0 59.2 10.0
v 0.7 59.0 11.0
v 0.7 59.0 12.0
v 1.0 59.0 12.5
v 1.0 59.3 11.0
v 1.0 59.3 12.0
v 1.0 59.5 13.0
v 0.4 60.0 13.0
v 1.0 60.0 12.6
v 0.9 60.0 14.0
v 1.0 61.1 13.0
v 1.0 61.0 13.2
v 1.0 60.3 14.0
v 1.0 61.4 13.0
v 2.0 38.8 23.0
v 1.7 39.0 23.0
v 2.0 38.6 24.0
v 2.0 38.5 25.0
v 2.0 38.6 26.0
v 1.8 39.0 27.0
v 1.9 40.0 22.0
v 2.0 40.0 21.6
v 1.6 40.0 23.0
v 1.4 40.0 24.0
v 1.4 40.0 25.0
v 1.4 40.0 26.0
v 2.0 39.6 28.0
v 2.0 40.0 28.4
v 2.0 40.7 23.0
v 1.6 41.0 24.0
v 1.5 41.0 25.0
v 1.3 41.0 26.0
v 2.0 41.0 29.3
v 1.9 42.0 22.9
v 1.3 42.0 24.0
v 1.2 42.0 25.0
v 2.0 42.0 29.6
v 1.3 43.0 23.0
v 2.0 44.0 22.3
v 2.0 43.0 29.6
v 1.1 44.0 -14.0
v 2.0 43.5 -10.0
v 2.0 43.4 -9.0
v 2.0 43.5 -8.0
v 2.0 44.0 -7.4
v 2.0 44.0 29.5
v 1.4 45.0 -14.0
v 1.6 45.0 -13.0
v 2.0 44.5 -12.0
v 1.8 45.0 -5.0
v 1.9 45.0 -4.0
v 2.0 45.0 21.3
v 2.0 44.3 22.0
v 2.0 45.0 29.7
v 2.0 45.7 -14.0
v 1.9 46.0 -14.1
v 2.0 45.3 -13.0
v 2.1 45.1 -6.0
v 1.5 46.0 -5.0
v 1.9 46.0 -4.0
v 1.9 46.0 -3.0
v 1.7 46.0 20.0
v 2.0 45.7 20.0
v 2.0 45.3 21.0
v 2.0 45.6 30.0
v 1.7 46.0 30.0
v 2.0 46.0 30.3
v 1.4 47.0 -13.0
v 2.0 47.0 -13.6
v 1.6 47.0 -3.0
v 2.0 47.0 -2.5
v 2.0 46.7 15.0
v 2.0 47.3 14.0
v 2.0 46.5 17.0
v 2.0 46.4 18.0
v 2.0 46.4 19.0
v 1.7 47.0 30.0
v 1.9 48.1 -13.1
v 1.4 48.0 -12.0
v 1.6 48.0 12.0
v 2.0 47.7 12.0
v 2.0 47.4 13.0
v 1.1 48.0 20.0
v 2.0 47.0 30.3
v 2.0 48.0 29.6
v 2.0 48.2 -13.0
v 2.0 48.5 -12.0
v 2.0 49.0 -10.8
v 1.7 48.8 -2.0
v 1.8 49.0 3.0
v 2.0 48.9 3.0
v 2.0 48.7 4.0
v 2.0 49.0 4.4
v 2.0 49.0 6.9
v 2.0 48.9 7.0
v 1.0 49.0 11.0
v 2.0 49.4 10.0
v 2.0 48.5 11.0
v 2.0 48.6 29.0
v 2.0 49.0 28.6
v 2.0 50.0 -10.3
v 2.1 49.2 -1.0
v 2.0 49.4 0.6
v 2.0 49.5 2.0
v 1.6 50.0 2.0
v 2.1 50.0 3.0
v 2.0 49.5 5.0
v 2.0 49.5 6.0
v 2.0 49.4 8.0
v 1.5 50.0 8.0
v 2.0 49.6 9.0
v 1.6 50.0 9.0
v 1.5 50.0 10.0
v 1.0 50.0 12.0
v 2.0 50.0 28.5
v 2.0 51.3 -9.0
v 1.5 51.0 2.0
v 2.0 51.0 2.7
v 1.7 51.0 4.0
v 2.0 51.0 3.5
v 1.2 50.9 5.0
v 1.4 51.0 8.0
v 1.4 51.0 9.0
v 2.0 50.8 22.0
v 1.2 51.0 25.0
v 1.2 51.0 26.0
v 2.0 52.0 -8.5
v 2.0 51.7 3.0
v 2.0 51.5 4.0
v 2.0 52.0 3.2
v 1.5 52.0 5.0
v 2.0 52.0 4.4
v 1.3 52.0 8.0
v 1.3 52.0 9.0
v 1.2 52.0 10.0
v 1.0 52.0 11.3
v 2.1 51.0 21.0
v 1.6 52.0 21.0
v 2.0 52.0 23.3
v 1.0 52.0 25.0
v 2.0 51.0 27.9
v 2.0 52.0 28.3
v 2.0 53.0 -7.5
v 1.1 52.9 -6.0
v 1.9 52.1 3.1
v 1.1 53.0 5.3
v 2.0 53.0 4.4
v 2.0 52.0 21.4
v 2.0 53.0 23.7
v 2.0 53.5 -7.0
v 2.0 53.7 -6.0
v 1.5 54.0 -5.0
v 1.4 54.0 -4.0
v 2.0 53.0 2.6
v 2.0 54.0 3.5
v 2.0 53.5 4.0
v 1.2 54.0 10.0
v 1.2 54.0 11.0
v 2.0 54.0 21.6
v 2.0 53.7 24.0
v 2.0 54.0 24.2
v 2.0 53.0 28.2
v 2.0 54.0 27.6
v 2.0 54.5 -4.0
v 2.0 54.6 -3.0
v 1.0 54.5 -2.0
v 2.0 55.0 -2.2
v 2.0 55.0 2.7
v 2.0 55.0 3.3
v 1.2 55.0 11.0
v 1.6 55.0 12.0
v 2.0 54.9 13.0
v 2.0 54.6 22.0
v 1.7 55.0 22.0
v 2.0 55.0 22.3
v 1.0 54.9 25.1
v 2.0 55.0 24.2
v 2.0 55.0 27.4
v 2.0 55.1 -2.0
v 2.0 55.6 -1.0
v 2.0 56.0 2.9
v 2.0 56.0 3.2
v 2.0 55.4 12.0
v 2.0 56.0 11.6
v 2.0 55.7 14.0
v 2.0 55.8 19.0
v 2.1 56.0 18.9
v 2.0 55.8 20.0
v 1.6 56.0 21.0
v 2.0 56.0 20.4
v 1.6 56.0 22.0
v 2.0 56.0 22.4
v 2.0 55.4 25.0
v 2.0 55.9 26.0
v 2.0 55.4 27.0
v 2.0 56.4 0.0
v 2.0 57.3 1.0
v 2.0 56.5 3.0
v 1.2 56.8 3.1
v 2.0 56.5 4.0
v 2.0 57.0 4.6
v 1.6 57.0 12.0
v 2.0 57.0 11.8
v 2.0 57.0 13.5
v 2.0 56.0 14.2
v 2.0 57.0 18.5
v 1.7 57.0 22.0
v 1.9 57.1 22.0
v 2.0 57.0 22.1
v 2.0 57.5 2.0
v 2.0 57.0 3.2
v 2.0 57.2 5.0
v 2.0 57.5 6.0
v 2.2 57.7 7.0
v 2.0 57.3 12.0
v 2.0 57.5 13.0
v 1.5 58.0 13.0
v 1.5 58.0 15.0
v 2.0 57.5 18.0
v 2.1 58.6 9.0
v 1.3 59.0 13.0
v 1.5 59.0 14.0
v 2.0 59.0 14.7
v 2.0 58.4 16.0
v 2.0 58.1 17.0
v 2.0 59.4 10.0
v 2.0 59.6 12.0
v 2.0 60.0 12.5
v 2.0 60.0 14.7
v 2.0 60.5 13.0
v 1.2 61.0 13.0
v 1.6 61.0 14.0
v 2.0 61.0 13.7
v 2.0 60.6 15.0
v 1.8 61.0 15.0
v 1.8 61.0 16.0
v 2.0 61.0 16.2
v 2.0 61.2 14.0
v 2.0 62.0 15.0
v 1.9 62.0 16.0
v 2.0 62.0 16.3
v 2.0 39.0 22.0
v 2.6 39.0 23.0
v 3.0 38.6 24.0
v 3.0 38.6 25.0
v 2.0 38.9 27.0
v 2.3 40.0 22.0
v 3.0 40.0 22.4
v 3.0 39.3 26.0
v 3.0 39.6 28.0
v 3.0 41.0 22.5
v 2.1 41.0 23.2
v 3.0 40.2 28.8
v 3.0 41.0 29.6
v 3.0 42.0 22.9
v 3.0 42.8 -9.0
v 3.0 42.9 -8.0
v 3.0 43.0 22.6
v 2.9 42.0 30.1
v 3.0 43.0 29.6
v 2.0 43.7 -11.0
v 3.0 44.0 -10.6
v 3.0 43.5 -10.0
v 3.0 43.5 -7.0
v 2.5 44.0 -7.0
v 3.0 43.9 -6.0
v 3.0 43.6 -5.0
v 3.0 43.8 -4.0
v 3.0 44.0 22.4
v 3.0 44.0 29.5
v 2.8 45.0 -16.0
v 3.0 45.0 -16.7
v 3.0 44.8 -16.0
v 3.0 45.0 -15.0
v 3.0 44.7 -12.0
v 3.0 44.4 -11.0
v 2.6 45.0 -3.0
v 3.0 44.9 -2.8
v 3.2 44.7 21.8
v 3.0 45.2 -16.0
v 3.0 46.0 -14.4
v 3.0 45.7 -14.0
v 3.0 45.5 -13.0
v 3.0 45.9 18.0
v 3.0 46.2 19.0
v 3.0 45.6 20.0
v 3.0 45.4 21.0
v 3.1 45.0 29.6
v 3.0 46.0 30.4
v 3.0 47.0 -14.4
v 3.0 46.0 -2.3
v 3.0 47.0 -1.7
v 3.0 46.7 14.0
v 3.0 46.5 16.0
v 3.0 47.0 30.5
v 3.0 48.0 -1.3
v 3.0 47.7 12.0
v 3.0 48.0 30.2
v 3.0 48.6 -13.0
v 2.0 48.8 -11.0
v 3.0 48.3 -1.0
v 3.0 48.6 0.1
v 2.5 49.0 1.0
v 3.0 48.6 2.0
v 2.4 49.0 2.0
v 3.0 48.5 3.0
v 3.1 48.6 4.0
v 3.0 49.0 6.8
v 3.0 48.8 7.0
v 3.0 48.8 8.0
v 3.0 48.7 10.0
v 3.0 49.2 9.0
v 3.0 48.4 11.0
v 3.0 48.3 30.0
v 2.8 49.2 -12.0
v 3.2 49.9 -11.0
v 3.0 50.0 -10.7
v 3.0 50.1 5.0
v 3.0 50.2 6.0
v 3.0 49.0 28.9
v 2.8 50.0 29.2
v 2.9 51.0 3.0
v 2.2 51.0 22.0
v 3.0 52.4 -8.3
v 3.0 52.0 3.6
v 3.0 52.0 4.2
v 2.5 52.0 22.0
v 2.3 52.0 23.0
v 3.0 51.1 29.0
v 3.0 52.0 28.6
v 3.1 53.0 -7.8
v 3.0 52.6 3.0
v 3.0 53.0 2.8
v 3.0 52.6 22.0
v 3.0 53.0 21.7
v 3.0 52.5 23.0
v 3.0 53.0 24.0
v 3.0 53.0 28.4
v 2.5 54.0 -7.0
v 3.0 54.0 -7.5
v 2.3 54.0 -6.0
v 3.0 54.0 2.8
v 3.0 54.0 3.3
v 3.0 53.4 4.0
v 3.0 54.1 23.0
v 3.0 54.0 22.9
v 2.3 54.0 24.0
v 3.0 53.5 28.0
v 3.0 54.0 27.5
v 3.0 54.6 -6.0
v 2.0 55.0 -5.0
v 2.9 55.2 -5.0
v 3.0 55.0 -4.7
v 3.0 54.6 -4.0
v 3.0 54.6 -3.0
v 2.7 55.0 -2.0
v 3.0 55.0 2.8
v 3.0 55.0 3.2
v 3.0 54.3 22.0
v 3.0 55.0 22.7
v 3.0 55.0 24.2
v 3.0 55.0 27.2
v 3.0 56.0 -1.3
v 3.0 55.6 3.0
v 2.4 56.0 3.0
v 3.0 55.8 12.0
v 3.0 56.0 11.8
v 3.0 55.5 13.0
v 2.3 56.0 20.0
v 3.0 56.0 22.6
v 3.0 55.5 25.0
v 3.0 55.6 26.0
v 3.0 55.2 27.0
v 3.0 56.6 0.0
v 2.4 57.0 3.0
v 3.0 57.0 2.8
v 3.0 56.4 3.0
v 2.6 56.4 3.4
v 3.0 56.1 4.0
v 3.0 57.0 4.4
v 3.0 57.0 11.8
v 3.0 57.2 13.1
v 2.5 57.0 19.0
v 3.0 56.9 21.0
v 3.0 57.5 1.0
v 3.0 58.0 2.0
v 3.0 57.8 7.0
v 3.0 57.2 12.0
v 2.3 58.0 17.0
v 3.0 57.8 17.0
v 3.0 58.0 16.5
v 3.0 57.5 19.0
v 2.7 57.1 20.0
v 3.0 57.1 22.0
v 3.0 58.1 6.0
v 2.2 58.4 8.0
v 3.0 58.6 9.0
v 2.3 59.0 15.0
v 2.6 59.0 16.0
v 3.0 59.0 16.4
v 3.0 59.2 10.0
v 3.0 59.4 11.0
v 3.1 59.6 12.0
v 2.3 60.0 15.0
v 2.6 60.0 16.0
v 3.0 60.0 16.3
v 3.0 60.4 13.0
v 2.3 61.0 14.0
v 3.0 60.7 14.0
v 3.0 60.7 15.0
v 2.4 61.0 15.0
v 3.1 61.0 16.0
v 3.0 61.0 16.1
v 2.0 62.1 16.0
v 3.0 39.1 23.1
v 4.0 38.7 23.0
v 4.0 38.5 24.0
v 3.9 38.6 25.0
v 4.0 40.0 21.7
v 4.0 39.3 26.0
v 4.0 39.5 27.0
v 3.0 39.4 27.0
v 4.0 39.7 29.0
v 3.6 41.0 22.0
v 4.0 41.0 21.6
v 4.0 41.0 30.3
v 4.0 42.0 22.3
v 4.0 42.0 30.9
v 4.0 43.0 -9.3
v 4.0 42.7 -9.0
v 3.2 43.0 -6.0
v 4.0 43.0 -6.7
v 4.0 42.5 -6.0
v 3.9 42.7 -5.0
v 4.0 43.0 -4.6
v 4.0 43.0 22.4
v 4.0 43.0 29.8
v 4.0 43.9 -10.3
v 4.0 43.1 -8.0
v 4.0 43.5 -4.0
v 4.0 44.0 22.3
v 4.0 44.0 29.6
v 4.0 45.0 -17.0
v 4.0 44.8 -16.0
v 4.0 45.0 -15.7
v 4.0 45.0 -10.8
v 3.9 44.2 -3.3
v 4.0 45.0 -2.5
v 4.0 45.0 21.5
v 4.0 44.4 22.0
v 3.6 46.0 -16.0
v 4.0 46.0 -16.5
v 4.0 45.7 -15.0
v 3.6 46.0 -15.0
v 4.0 46.0 -14.7
v 3.4 46.0 -14.0
v 4.0 46.2 -13.0
v 4.0 45.5 -12.0
v 4.0 45.2 -11.0
v 4.0 46.0 -1.6
v 3.0 46.0 17.0
v 4.0 45.6 20.0
v 4.0 45.4 21.0
v 4.0 45.0 29.8
v 4.0 46.0 30.4
v 3.9 47.0 -16.1
v 3.6 47.0 -15.0
v 4.0 46.3 -14.0
v 3.0 47.0 13.0
v 3.3 47.0 14.0
v 3.5 47.0 16.0
v 3.9 47.2 17.9
v 4.0 47.0 18.3
v 4.0 47.0 30.5
v 4.0 47.2 -16.0
v 4.0 47.5 -15.0
v 3.1 48.0 -13.7
v 4.0 48.4 -14.1
v 4.0 48.0 -0.6
v 3.4 48.0 12.0
v 3.9 48.2 13.0
v 4.0 47.5 14.1
v 4.0 47.4 16.9
v 4.0 48.0 30.4
v 3.4 49.0 -13.0
v 4.0 48.4 0.0
v 4.0 48.5 1.0
v 4.1 48.5 3.0
v 4.0 49.0 4.4
v 4.0 48.6 10.0
v 4.0 48.5 11.0
v 4.0 48.4 12.0
v 4.0 49.0 29.8
v 4.0 48.7 30.0
v 3.8 50.0 -13.0
v 3.5 50.0 -12.0
v 4.0 49.7 5.1
v 4.0 50.0 6.3
v 4.0 49.5 7.0
v 4.0 49.3 8.0
v 4.0 50.0 29.9
v 4.3 51.0 -12.0
v 4.0 50.2 6.0
v 4.0 51.0 28.9
v 3.7 51.1 -10.9
v 3.3 51.0 -10.0
v 3.3 52.0 -9.0
v 4.0 52.0 -9.7
v 3.0 51.7 4.0
v 4.0 52.0 3.6
v 4.0 52.0 4.2
v 4.0 52.0 28.6
v 3.9 53.0 -9.2
v 3.3 53.0 3.0
v 4.0 53.0 3.8
v 3.5 53.0 4.3
v 4.0 52.8 22.0
v 4.0 53.0 21.8
v 4.0 52.7 23.0
v 4.0 53.0 23.9
v 3.6 54.0 -8.0
v 4.0 54.3 -8.0
v 3.3 54.0 3.0
v 4.0 53.2 4.0
v 4.0 54.0 21.8
v 4.0 54.0 22.4
v 4.0 53.6 23.0
v 4.0 54.0 27.0
v 3.9 53.1 28.2
v 3.0 55.0 -7.0
v 3.9 55.2 -7.0
v 4.0 55.0 -6.6
v 4.0 54.7 -6.0
v 4.0 54.7 -4.0
v 4.0 55.2 -3.1
v 3.0 54.9 -2.0
v 4.0 55.0 3.0
v 4.0 54.2 22.0
v 3.2 55.0 23.0
v 3.1 55.0 24.0
v 4.0 55.0 26.5
v 4.0 55.5 -2.0
v 4.0 56.0 3.0
v 3.2 56.0 12.0
v 4.0 56.0 13.0
v 3.0 56.0 14.0
v 3.5 56.0 23.0
v 3.6 56.0 24.0
v 3.7 56.0 25.0
v 4.0 55.5 26.0
v 3.0 56.3 -1.0
v 4.0 56.7 0.0
v 3.3 57.0 3.0
v 3.4 57.0 4.0
v 3.2 57.0 12.0
v 3.3 57.0 13.0
v 3.2 57.0 21.0
v 4.0 56.7 22.0
v 4.0 57.0 21.7
v 4.0 56.4 23.0
v 4.0 56.4 24.0
v 4.0 56.2 25.0
v 4.0 57.6 3.0
v 4.0 58.0 2.5
v 3.0 57.6 5.0
v 4.0 58.0 4.5
v 4.0 57.9 7.0
v 3.2 58.0 17.1
v 3.5 58.0 19.0
v 3.4 58.0 20.0
v 3.6 58.0 21.0
v 4.0 58.0 21.4
v 4.0 58.3 2.0
v 4.0 58.3 5.0
v 4.0 58.4 6.0
v 4.0 58.4 8.0
v 4.0 58.6 10.0
v 4.0 58.8 11.0
v 3.5 59.0 17.0
v 3.7 59.0 18.0
v 3.8 59.0 20.0
v 4.0 59.2 20.0
v 3.8 59.0 21.0
v 4.0 59.0 21.2
v 4.0 59.5 12.0
v 4.0 59.6 17.0
v 4.0 60.0 16.6
v 4.0 59.3 18.0
v 4.0 59.2 21.0
v 4.0 60.5 13.0
v 4.0 61.0 13.8
v 4.0 60.7 15.0
v 4.0 60.5 16.0
v 3.9 61.1 14.0
v 5.0 38.8 23.0
v 5.0 38.7 24.0
v 5.0 38.7 25.0
v 5.0 39.0 26.1
v 5.0 40.0 21.7
v 5.0 39.4 27.0
v 5.0 39.6 29.0
v 5.0 40.2 29.8
v 5.0 41.0 21.0
v 5.0 41.0 30.4
v 4.7 42.0 -7.0
v 5.0 41.8 -7.0
v 5.0 41.6 -6.0
v 4.5 42.0 -6.0
v 5.0 41.8 -5.0
v 5.0 42.0 -4.8
v 4.4 42.0 22.0
v 5.0 42.0 21.1
v 5.0 42.0 30.8
v 5.0 43.0 -9.4
v 5.1 42.5 -9.0
v 5.0 42.4 -8.0
v 4.1 43.1 -7.1
v 4.6 43.0 22.0
v 5.0 43.0 21.6
v 4.2 43.0 30.0
v 5.0 42.5 31.0
v 5.0 44.0 -9.7
v 4.9 43.1 -4.2
v 4.5 44.0 22.0
v 5.0 44.0 21.2
v 4.4 44.0 30.0
v 5.0 44.0 30.6
v 4.9 43.0 31.1
v 4.3 45.0 -16.0
v 5.0 45.0 -10.6
v 5.0 44.0 -3.5
v 5.0 45.0 -2.5
v 4.8 45.0 22.1
v 5.0 45.0 22.2
v 5.0 45.0 30.4
v 5.0 46.0 -17.1
v 5.0 45.8 -17.0
v 5.0 45.5 -16.0
v 5.0 45.8 -12.0
v 5.0 45.4 -11.0
v 5.0 46.0 -1.7
v 4.0 46.0 18.9
v 4.5 46.0 20.0
v 5.0 45.7 21.0
v 5.0 45.2 22.0
v 5.0 46.0 30.5
v 5.0 47.0 -16.5
v 5.0 46.2 -15.0
v 5.0 46.6 -14.0
v 5.0 46.5 -13.0
v 4.0 47.0 -0.9
v 5.0 47.0 -1.4
v 4.7 47.0 19.0
v 5.4 47.0 20.0
v 5.0 47.0 30.6
v 5.0 47.5 -16.0
v 5.0 48.1 -15.2
v 5.0 47.6 15.0
v 5.0 47.5 16.0
v 5.0 47.5 18.0
v 5.0 47.3 19.0
v 5.0 48.0 30.6
v 4.1 49.0 -13.8
v 5.0 49.0 -14.5
v 5.0 48.0 -1.0
v 5.0 48.5 0.0
v 4.0 48.9 9.0
v 5.0 49.3 10.0
v 5.0 48.7 11.0
v 5.0 48.6 12.0
v 5.0 48.4 13.0
v 5.0 49.0 30.6
v 5.0 50.0 -14.2
v 5.0 49.5 5.0
v 5.0 50.1 6.0
v 5.0 49.6 7.0
v 5.3 49.5 8.0
v 5.0 49.4 9.0
v 5.0 50.0 30.0
v 5.2 50.8 -13.8
v 4.6 51.0 -13.0
v 4.3 51.0 3.0
v 5.0 50.9 3.0
v 5.0 51.0 2.9
v 5.0 51.0 29.5
v 5.0 51.4 -13.0
v 4.8 52.0 -12.0
v 5.0 52.2 -12.0
v 4.5 52.0 -11.0
v 4.3 52.0 -10.0
v 5.0 52.0 3.0
v 5.0 51.8 4.0
v 5.0 52.0 4.1
v 4.7 52.0 29.0
v 5.0 53.0 -9.7
v 5.0 52.7 4.0
v 4.8 53.0 4.0
v 4.3 53.0 22.0
v 5.0 53.0 23.0
v 4.5 53.0 28.0
v 5.0 52.7 28.0
v 5.0 53.0 27.7
v 5.0 52.1 29.2
v 5.0 53.7 -9.0
v 4.8 54.0 22.0
v 5.0 54.6 -8.0
v 5.0 54.6 -6.0
v 4.0 55.1 -5.0
v 5.0 54.6 -5.0
v 5.0 54.0 27.3
v 5.0 55.0 26.5
v 5.0 55.1 -7.0
v 4.0 56.0 -1.5
v 5.0 55.5 26.0
v 5.0 56.5 -1.0
v 5.0 57.3 -0.0
v 5.0 56.5 23.0
v 5.0 56.5 24.0
v 5.0 56.3 25.0
v 4.0 57.5 1.0
v 4.0 58.0 1.6
v 4.3 58.0 3.0
v 4.2 57.8 4.0
v 5.0 58.0 21.5
v 4.8 59.0 2.0
v 5.0 59.0 1.8
v 4.6 59.0 3.0
v 4.7 59.0 4.0
v 5.0 58.5 6.0
v 5.0 58.4 7.0
v 4.7 58.5 9.0
v 5.0 58.5 10.0
v 5.0 58.7 11.0
v 4.1 58.8 19.0
v 5.0 59.0 21.2
v 5.0 59.2 2.0
v 5.0 59.4 3.0
v 5.0 59.2 4.0
v 5.0 59.5 18.0
v 5.0 59.4 19.0
v 5.0 59.4 20.0
v 5.0 60.9 13.3
v 4.4 61.0 15.0
v 5.0 61.0 15.4
v 5.0 60.6 16.0
v 5.0 60.1 17.0
v 5.0 62.0 13.8
v 5.0 62.0 15.0
v 5.0 62.2 14.0
v 5.2 39.0 23.0
v 5.3 39.0 24.0
v 5.4 39.0 25.0
v 5.2 40.0 22.0
v 5.5 40.0 23.0
v 5.5 40.0 24.0
v 5.7 40.0 26.0
v 6.0 39.7 27.0
v 6.0 40.1 26.3
v 6.0 39.5 28.0
v 5.6 39.5 28.8
v 6.0 39.8 30.0
v 6.0 40.0 30.3
v 5.5 41.0 22.0
v 5.6 41.0 23.0
v 5.6 41.0 24.0
v 5.6 41.0 25.0
v 6.0 41.0 25.5
v 6.0 41.0 30.7
v 6.0 42.0 -9.2
v 6.0 41.5 -7.9
v 6.0 41.4 -6.0
v 6.0 41.6 -5.0
v 6.0 42.0 -4.6
v 5.5 42.0 22.0
v 6.0 41.8 24.0
v 6.0 42.0 24.7
v 6.0 42.1 25.0
v 6.3 41.0 31.0
v 5.2 42.0 31.0
v 6.0 42.0 32.0
v 5.7 43.0 -17.0
v 6.0 42.9 -17.0
v 6.0 43.0 -9.5
v 6.0 43.0 -3.7
v 5.3 43.0 22.0
v 6.0 42.1 32.0
v 6.0 43.0 31.7
v 5.8 44.0 -18.0
v 6.0 44.0 -18.2
v 6.0 43.6 -18.0
v 5.7 44.0 -17.0
v 6.0 44.0 -16.8
v 6.0 44.0 -3.4
v 5.2 44.0 22.0
v 5.7 44.0 23.0
v 6.0 44.0 23.4
v 5.9 43.9 31.3
v 6.0 44.8 -18.0
v 6.0 44.5 -17.0
v 6.0 45.0 -10.5
v 6.0 44.0 -9.7
v 6.0 44.9 -2.7
v 5.6 45.0 23.0
v 6.0 45.0 23.4
v 6.1 45.1 30.7
v 6.0 46.0 -17.5
v 6.0 45.3 -17.0
v 6.0 45.5 -16.0
v 6.0 45.7 -15.0
v 5.4 46.0 -15.0
v 6.0 46.0 -14.7
v 6.0 46.0 -11.6
v 6.0 45.5 -11.0
v 5.2 45.9 21.0
v 5.5 46.0 22.0
v 5.9 46.0 23.1
v 6.0 46.0 30.6
v 5.9 47.0 -17.3
v 6.0 47.0 -14.3
v 5.7 47.0 -14.0
v 5.6 47.0 -13.0
v 6.0 47.3 -12.9
v 6.0 46.0 -2.3
v 6.0 47.0 -1.5
v 5.7 47.0 21.0
v 6.0 47.3 21.0
v 6.0 46.6 22.0
v 6.0 46.2 23.0
v 6.0 46.6 31.0
v 5.6 47.0 31.0
v 6.0 47.0 31.4
v 6.0 47.3 -17.0
v 6.0 47.9 -14.0
v 6.0 47.6 -1.0
v 5.0 47.7 14.0
v 6.0 48.2 15.0
v 6.0 47.6 16.0
v 6.4 47.5 17.0
v 5.9 47.5 18.6
v 6.0 47.5 20.0
v 5.4 48.0 31.0
v 6.0 48.0 32.1
v 6.0 48.9 -14.7
v 6.0 48.3 -0.0
v 6.0 48.4 1.0
v 6.7 48.5 2.8
v 6.0 49.3 11.0
v 6.0 48.6 13.0
v 6.0 48.4 14.0
v 5.3 49.0 31.0
v 6.0 49.0 32.0
v 6.0 50.0 -14.6
v 6.0 49.6 6.0
v 6.1 49.5 8.9
v 6.0 49.5 10.0
v 5.3 50.0 31.0
v 6.0 51.0 -14.3
v 5.2 51.0 3.0
v 6.0 50.5 30.0
v 6.0 51.0 29.6
v 6.0 50.1 31.1
v 6.0 51.2 -14.0
v 6.0 51.6 -13.0
v 5.1 52.0 4.0
v 6.0 52.0 29.3
v 6.0 52.5 -12.0
v 5.0 52.5 -11.0
v 6.0 53.3 -11.0
v 5.3 53.0 -10.0
v 6.0 52.6 28.0
v 6.0 53.0 27.6
v 6.0 52.3 29.0
v 6.0 53.6 -10.0
v 6.0 54.4 -9.0
v 6.0 54.0 27.3
v 6.0 55.1 -8.0
v 6.0 54.7 -7.0
v 6.0 54.5 -6.0
v 6.0 54.6 -5.0
v 5.8 54.6 -4.0
v 6.0 55.0 -3.5
v 6.0 55.0 26.4
v 5.0 55.4 -3.0
v 5.0 55.6 -2.0
v 6.0 56.1 -1.4
v 6.0 56.0 24.6
v 6.0 55.6 25.0
v 6.0 55.4 26.0
v 5.9 56.6 22.0
v 5.4 57.0 21.7
v 6.0 56.4 24.0
v 6.0 57.8 1.0
v 6.0 58.0 21.4
v 6.0 59.0 1.5
v 5.0 58.7 5.0
v 6.1 58.5 7.4
v 6.0 58.5 9.0
v 6.0 58.7 10.0
v 5.0 59.2 21.0
v 6.0 58.4 21.0
v 6.0 59.4 2.0
v 6.0 59.6 3.0
v 6.0 59.5 4.0
v 5.9 59.3 4.9
v 5.0 59.8 12.1
v 6.0 59.5 17.0
v 6.0 59.0 18.0
v 6.0 59.2 19.0
v 6.0 61.0 12.4
v 6.0 61.0 14.8
v 6.0 60.8 15.0
v 5.9 60.3 16.2
v 6.0 62.0 12.8
v 6.0 62.0 14.3
v 6.0 62.2 13.0
v 6.0 62.2 14.0
v 7.0 40.1 27.3
v 7.0 39.6 28.0
v 7.0 39.5 29.0
v 7.0 39.6 30.0
v 7.0 40.0 30.5
v 7.0 40.8 -9.0
v 7.0 41.0 -9.2
v 7.0 40.5 -8.0
v 7.0 40.6 -7.0
v 6.0 41.4 -6.8
v 7.0 40.8 -6.0
v 7.0 41.2 26.2
v 7.0 40.5 31.0
v 7.0 40.8 32.0
v 7.0 41.0 32.2
v 7.0 42.0 -9.5
v 7.0 41.5 -5.0
v 6.2 42.0 23.0
v 6.2 42.0 24.0
v 7.0 42.0 32.4
v 7.0 43.0 -18.0
v 7.0 43.0 -9.6
v 7.1 43.0 -3.6
v 6.2 43.0 23.0
v 6.1 43.0 24.0
v 7.0 42.6 25.0
v 7.0 43.0 24.7
v 7.0 44.0 -18.2
v 7.0 43.5 -17.0
v 7.0 44.0 -16.7
v 7.0 44.0 -10.3
v 7.0 44.0 -3.4
v 6.6 44.0 24.0
v 7.0 44.0 24.3
v 7.0 44.0 31.6
v 7.0 44.5 -18.0
v 6.3 45.0 -17.0
v 7.0 45.0 -17.6
v 7.0 45.0 -16.4
v 7.0 45.0 -10.7
v 7.0 45.0 23.6
v 7.0 45.0 31.3
v 7.0 46.0 -17.9
v 7.0 45.3 -16.0
v 7.0 45.6 -15.0
v 7.0 46.0 -14.5
v 7.0 46.0 -11.5
v 7.0 46.0 -2.5
v 7.0 47.0 -17.5
v 6.6 47.0 -14.0
v 7.0 47.0 -13.7
v 7.5 46.3 -2.2
v 7.0 47.3 22.0
v 7.0 46.4 23.0
v 7.0 46.0 31.0
v 7.0 47.0 32.1
v 6.7 48.0 -17.0
v 7.0 48.0 -17.2
v 6.1 47.9 -15.8
v 7.0 47.5 -13.0
v 7.0 47.4 -1.0
v 7.0 47.6 0.0
v 7.0 47.7 1.0
v 6.8 47.6 16.0
v 7.0 47.6 18.0
v 7.0 47.7 19.0
v 7.0 48.1 20.0
v 7.0 47.6 21.0
v 7.0 48.0 31.7
v 7.0 47.2 32.0
v 6.7 49.0 -16.0
v 7.0 49.0 -16.3
v 6.3 49.0 -15.0
v 7.0 48.3 2.0
v 7.0 48.9 11.0
v 6.0 49.1 12.0
v 6.9 48.6 12.2
v 7.3 48.5 14.1
v 7.0 49.0 31.4
v 6.6 50.0 -15.0
v 7.0 49.4 10.0
v 7.0 50.0 30.6
v 7.0 50.5 -15.0
v 7.0 51.0 -14.6
v 7.0 50.5 30.0
v 7.0 51.0 29.6
v 7.0 51.4 -14.0
v 7.0 51.7 -13.0
v 7.0 52.0 29.3
v 7.0 52.8 -11.8
v 6.8 53.0 26.9
v 7.0 52.3 29.0
v 7.0 53.5 -11.0
v 7.0 54.3 -10.0
v 7.0 54.0 26.5
v 7.0 55.2 -8.0
v 7.0 54.6 -7.0
v 7.0 55.0 -7.6
v 7.0 54.6 -6.0
v 7.0 55.0 -5.0
v 6.9 55.0 25.0
v 7.0 54.9 25.0
v 7.0 55.0 25.7
v 7.0 55.6 -2.0
v 7.0 56.0 -1.6
v 7.0 56.0 24.2
v 7.0 55.0 26.0
v 7.0 56.9 -0.7
v 7.0 56.6 22.0
v 7.0 57.0 21.6
v 7.0 56.4 23.0
v 7.0 56.2 24.0
v 7.0 57.5 0.0
v 6.0 58.0 1.2
v 7.0 58.0 0.5
v 7.0 58.0 21.2
v 7.0 59.0 0.8
v 7.0 58.6 8.0
v 7.0 58.7 9.0
v 5.8 59.1 10.7
v 6.9 58.7 19.1
v 6.0 58.7 20.0
v 7.0 58.2 21.0
v 7.0 59.2 1.0
v 7.0 59.7 2.0
v 7.0 60.1 3.0
v 7.0 59.6 4.0
v 7.0 59.5 5.0
v 7.0 59.3 6.0
v 7.2 59.9 10.2
v 7.0 59.0 17.0
v 7.0 59.0 18.0
v 7.0 60.4 11.0
v 7.0 61.0 11.6
v 7.0 60.4 15.0
v 7.0 61.0 14.4
v 7.0 61.4 12.0
v 7.0 62.0 12.9
v 6.6 61.8 14.0
v 7.0 62.1 13.0
v 7.9 39.0 -8.0
v 8.0 40.0 -8.4
v 8.0 38.4 -8.0
v 8.0 39.0 -7.9
v 7.6 40.0 -8.0
v 8.0 40.0 -7.5
v 8.0 39.7 28.0
v 8.0 39.5 29.0
v 8.0 39.6 30.0
v 8.0 40.0 30.6
v 8.4 40.9 -9.4
v 8.0 40.5 -9.0
v 8.1 40.2 -7.0
v 8.0 40.5 -6.0
v 8.0 41.1 -5.2
v 8.0 41.0 26.6
v 8.0 40.3 31.0
v 8.0 40.8 32.0
v 8.0 41.0 32.2
v 7.0 42.0 25.5
v 8.0 41.5 26.0
v 8.0 42.0 32.3
v 8.0 42.3 -4.0
v 8.0 43.0 -3.5
v 8.0 43.0 25.3
v 7.0 43.0 32.1
v 8.0 43.0 31.7
v 7.4 44.0 -18.0
v 8.0 43.6 -17.0
v 8.0 44.0 -17.4
v 8.0 44.0 -16.6
v 8.0 44.0 -10.5
v 8.0 44.0 -2.9
v 8.0 44.0 24.5
v 8.0 44.0 31.5
v 8.0 45.0 -17.4
v 8.0 44.5 -16.0
v 7.7 45.0 -15.7
v 7.6 44.9 -11.1
v 8.0 44.6 -11.0
v 7.0 45.0 -3.1
v 8.0 45.0 -2.6
v 8.2 44.6 24.0
v 8.0 45.0 31.6
v 8.0 46.0 -17.4
v 8.0 45.4 -15.0
v 7.9 46.0 -12.2
v 8.0 46.0 -2.4
v 7.0 46.0 23.4
v 8.0 45.7 32.0
v 8.0 46.0 32.2
v 8.0 46.3 -14.0
v 8.0 47.0 -13.2
v 7.0 47.0 -12.0
v 8.1 47.1 -13.0
v 8.0 47.0 -1.5
v 8.0 47.0 22.5
v 8.0 46.5 23.0
v 8.0 47.5 -13.0
v 9.0 47.4 -1.0
v 8.0 47.5 0.0
v 8.0 47.5 1.0
v 8.0 47.7 2.0
v 8.0 47.6 16.0
v 8.0 47.6 17.0
v 8.0 48.0 20.5
v 8.0 47.6 21.0
v 8.0 47.4 22.0
v 8.0 47.0 32.3
v 8.0 48.0 31.5
v 8.0 49.0 -16.5
v 8.0 48.4 3.0
v 7.9 48.6 4.0
v 8.0 49.3 11.1
v 8.0 48.6 13.0
v 7.1 48.4 15.0
v 8.0 48.2 18.0
v 8.0 48.4 19.0
v 8.0 48.4 20.0
v 8.0 49.0 30.9
v 8.0 50.0 -16.1
v 6.2 49.4 5.0
v 8.0 49.5 10.0
v 8.0 51.0 -15.3
v 8.2 50.1 30.3
v 8.0 51.0 29.5
v 8.0 51.3 -15.0
v 8.0 51.6 -14.0
v 8.0 52.0 29.2
v 8.0 52.0 -13.4
v 8.0 53.3 -12.1
v 8.0 53.0 25.8
v 8.0 52.8 26.0
v 7.0 52.8 27.0
v 8.0 52.4 28.0
v 8.0 52.2 29.0
v 8.0 53.7 -11.0
v 7.5 54.0 26.0
v 8.0 54.0 25.4
v 7.0 54.7 -9.0
v 8.0 54.8 -7.0
v 8.0 54.6 -6.0
v 8.0 54.8 -5.0
v 7.0 54.8 -4.0
v 8.0 55.0 24.4
v 8.0 55.4 -9.0
v 8.0 55.4 -8.0
v 7.0 55.4 -3.0
v 8.0 55.8 -2.0
v 8.0 56.0 -1.7
v 7.7 55.9 23.0
v 8.4 56.0 22.1
v 8.0 57.0 -1.3
v 8.0 56.4 22.0
v 8.0 57.0 21.4
v 8.0 57.2 -1.0
v 8.0 57.7 0.0
v 8.0 58.0 0.3
v 7.7 57.9 20.9
v 8.0 59.0 0.6
v 7.0 58.7 7.0
v 7.4 59.0 8.0
v 7.3 59.0 9.0
v 8.0 58.5 18.1
v 8.0 58.3 20.0
v 8.0 59.4 1.0
v 8.0 60.2 3.0
v 8.0 59.5 5.0
v 8.0 59.6 7.0
v 8.0 59.9 8.0
v 8.0 59.6 9.0
v 7.6 60.0 14.9
v 7.0 59.6 16.0
v 8.0 59.4 16.0
v 8.0 60.2 3.0
v 8.0 60.3 10.0
v 8.0 60.7 11.0
v 7.6 60.9 14.0
v 8.0 61.4 12.0
v 8.0 61.4 13.0
v 9.0 39.0 -8.4
v 9.0 38.1 -8.0
v 9.0 39.0 -7.4
v 9.0 40.0 -8.7
v 9.0 39.3 -7.0
v 8.5 40.0 -6.0
v 8.6 40.0 -5.0
v 8.9 39.6 -5.8
v 8.6 40.0 -4.0
v 9.0 39.6 -2.0
v 8.6 40.0 -2.0
v 9.0 39.8 -1.0
v 8.8 40.0 -1.0
v 9.0 40.0 -0.8
v 9.0 40.1 28.3
v 9.0 39.6 29.0
v 9.0 39.4 30.0
v 9.0 39.7 31.0
v 8.5 40.0 31.0
v 9.0 40.0 31.3
v 9.0 41.0 -9.5
v 8.2 41.0 -5.0
v 8.5 41.0 -4.0
v 8.6 41.0 -3.0
v 9.0 41.0 -0.7
v 9.0 41.3 27.0
v 9.0 41.0 31.6
v 8.3 42.0 -4.0
v 9.0 42.0 -3.3
v 8.6 41.0 -2.0
v 8.8 41.0 -1.0
v 9.0 42.0 25.7
v 9.0 41.7 26.0
v 9.0 42.0 31.6
v 8.0 43.0 -9.7
v 9.0 43.0 -10.3
v 9.0 43.0 -3.3
v 9.0 43.0 25.3
v 9.0 43.0 31.5
v 9.0 44.0 -17.1
v 9.0 43.6 -17.0
v 9.0 43.9 -16.0
v 8.8 44.0 -16.0
v 9.0 44.0 -15.9
v 9.0 44.0 -10.6
v 9.0 44.0 -3.1
v 9.0 44.0 24.5
v 9.0 44.0 31.6
v 9.0 44.3 -17.0
v 8.5 45.0 -17.0
v 9.0 45.0 -16.5
v 9.0 44.9 -14.8
v 8.8 45.0 -12.2
v 9.0 44.7 -12.0
v 9.0 44.4 -11.0
v 9.0 45.0 -2.5
v 8.1 45.0 23.6
v 9.0 46.0 -16.6
v 9.0 45.4 -14.0
v 8.3 46.0 -14.0
v 9.0 45.4 -13.0
v 8.5 46.0 -13.0
v 9.0 46.0 23.4
v 9.0 45.0 31.8
v 9.0 46.0 32.4
v 8.0 47.0 -17.4
v 9.0 47.0 -16.5
v 9.0 46.0 -2.2
v 9.0 47.0 -1.4
v 9.0 47.3 22.0
v 9.0 46.4 23.0
v 9.0 47.0 32.4
v 8.0 48.0 -17.2
v 9.0 47.5 0.0
v 9.0 47.6 2.0
v 9.0 47.7 16.0
v 9.2 47.7 17.0
v 9.0 48.3 20.0
v 9.0 47.6 21.0
v 9.0 48.0 31.6
v 8.7 49.0 -16.0
v 9.0 48.4 3.0
v 8.0 48.7 12.0
v 9.0 48.6 14.0
v 9.0 48.4 15.0
v 9.0 48.4 18.0
v 9.0 48.5 19.0
v 9.0 49.0 31.1
v 9.0 50.0 -15.5
v 9.0 49.5 11.0
v 9.0 49.4 12.0
v 8.9 50.0 29.0
v 9.0 49.9 29.0
v 9.0 50.0 29.5
v 9.0 50.1 30.0
v 8.8 51.0 28.0
v 9.0 50.9 27.8
v 8.4 51.0 29.0
v 9.0 51.2 -15.0
v 9.0 51.6 -14.0
v 9.0 52.1 -13.5
v 8.4 52.0 28.0
v 9.0 52.0 27.3
v 8.2 52.0 29.0
v 9.0 53.0 -12.5
v 9.0 52.5 26.0
v 9.0 53.0 25.5
v 9.0 53.6 -12.0
v 8.0 54.4 25.0
v 9.0 53.6 25.0
v 9.0 54.4 -11.0
v 8.0 54.6 -10.0
v 9.0 55.3 -10.0
v 8.6 55.0 23.0
v 9.0 55.9 -9.0
v 9.0 55.6 -8.0
v 9.0 55.4 -7.0
v 9.0 55.4 -6.0
v 9.0 55.4 -5.0
v 8.0 55.3 -4.0
v 9.0 55.6 -3.0
v 9.0 56.1 -2.3
v 9.0 55.2 22.2
v 9.0 57.0 -1.5
v 8.9 56.7 20.9
v 8.8 57.8 18.0
v 8.3 58.0 20.0
v 9.0 59.0 0.1
v 9.0 58.7 16.0
v 8.0 59.1 17.0
v 9.0 58.4 17.0
v 9.0 59.5 1.0
v 8.0 60.1 2.0
v 9.0 59.6 2.0
v 9.0 59.6 3.0
v 8.0 59.6 4.0
v 9.0 59.7 5.0
v 8.0 59.6 6.0
v 9.0 59.9 8.0
v 9.0 59.7 9.0
v 9.0 60.0 9.5
v 8.9 59.7 14.0
v 9.0 59.4 15.0
v 9.0 60.3 6.0
v 9.0 60.3 7.0
v 9.0 60.3 10.0
v 9.0 60.6 13.0
v 9.0 61.2 12.0
v 10.0 39.0 -8.3
v 10.1 38.8 -8.0
v 10.0 38.7 -7.0
v 9.5 39.0 -7.0
v 10.0 38.6 -5.9
v 9.5 39.0 -6.0
v 10.0 38.6 -3.0
v 9.5 39.0 -3.0
v 10.0 38.8 -2.0
v 10.0 38.9 30.0
v 10.0 39.7 -9.0
v 10.0 40.0 -9.3
v 10.0 39.5 -1.0
v 10.0 40.0 -0.5
v 10.0 40.0 28.5
v 10.0 39.4 29.0
v 10.0 39.6 31.0
v 10.0 40.0 31.4
v 10.0 41.0 -10.1
v 9.7 41.0 0.0
v 10.0 41.0 0.2
v 10.0 40.8 27.7
v 9.0 42.0 -9.7
v 10.0 42.0 -10.3
v 9.2 42.0 -3.0
v 9.4 42.0 -2.0
v 9.4 42.0 -1.0
v 10.0 42.0 0.3
v 9.5 42.0 26.0
v 10.0 41.5 27.0
v 10.0 42.0 31.5
v 10.0 43.0 -10.5
v 9.3 43.0 -3.0
v 9.5 43.0 -2.0
v 9.6 43.0 -1.0
v 10.2 43.0 -0.1
v 9.7 42.0 0.0
v 10.0 42.9 24.9
v 10.0 42.3 26.0
v 10.0 43.0 31.6
v 9.1 44.0 -17.0
v 9.1 44.0 -16.0
v 10.0 44.0 -10.7
v 9.5 44.0 -2.0
v 9.8 44.0 -1.0
v 10.0 44.0 32.1
v 9.4 45.0 -16.0
v 9.5 45.0 -15.0
v 9.7 45.0 -14.0
v 10.0 44.7 -14.0
v 10.0 44.5 -13.0
v 10.0 44.4 -12.0
v 10.0 44.3 -11.0
v 9.5 45.0 -2.0
v 10.0 45.0 -1.5
v 10.0 44.3 -1.0
v 9.9 45.0 23.6
v 10.0 45.0 32.2
v 10.0 46.0 -16.0
v 10.0 45.3 -15.0
v 10.0 46.0 -1.6
v 10.0 46.0 23.2
v 10.0 46.0 32.3
v 9.8 47.0 -15.8
v 10.0 47.0 -1.2
v 10.0 46.7 22.0
v 10.0 46.2 23.0
v 9.1 48.0 -16.3
v 10.0 47.2 -1.0
v 10.0 47.4 0.0
v 10.0 47.5 1.0
v 10.0 47.6 2.0
v 10.0 48.3 3.0
v 10.0 48.3 16.0
v 10.0 47.8 17.0
v 10.0 48.0 17.4
v 10.0 47.7 20.0
v 10.0 48.3 19.0
v 10.0 47.4 21.0
v 10.0 47.0 32.2
v 10.0 48.0 31.3
v 10.0 49.0 -14.7
v 10.0 48.6 4.0
v 9.0 49.1 13.0
v 10.0 48.7 13.0
v 10.0 48.5 15.0
v 10.0 48.4 18.0
v 9.7 48.9 30.0
v 9.1 49.0 31.0
v 10.0 48.3 31.0
v 10.0 50.0 -14.6
v 10.8 49.4 5.0
v 7.1 49.5 6.0
v 10.8 49.5 11.0
v 10.0 49.4 12.0
v 10.0 49.4 29.0
v 9.0 51.0 -15.2
v 10.0 51.0 -14.4
v 10.0 50.0 28.3
v 10.0 51.0 27.3
v 10.0 51.4 -14.0
v 10.0 52.0 -13.5
v 9.9 51.8 26.0
v 10.0 52.0 25.6
v 9.0 52.2 27.0
v 10.0 52.5 -13.0
v 10.0 53.0 -12.5
v 10.0 53.0 25.2
v 9.9 53.8 23.0
v 8.5 54.8 24.0
v 10.0 53.4 24.0
v 10.0 53.2 25.0
v 10.0 54.5 -11.0
v 9.7 55.0 21.0
v 10.0 54.8 21.0
v 9.4 55.0 22.0
v 10.0 54.4 22.0
v 10.0 55.6 -9.0
v 10.0 55.5 -8.0
v 10.0 55.5 -7.0
v 10.0 55.6 -6.0
v 10.0 55.6 -4.0
v 9.8 56.0 19.0
v 10.0 55.8 19.0
v 9.6 56.0 20.0
v 10.0 55.4 20.0
v 9.3 56.0 21.0
v 10.0 56.6 -2.0
v 9.8 56.9 16.9
v 10.0 56.7 17.0
v 9.5 57.0 18.0
v 9.3 57.1 20.0
v 10.0 57.6 -1.0
v 9.0 57.9 0.1
v 10.0 58.5 0.0
v 9.4 58.0 17.0
v 10.0 58.0 16.3
v 10.0 59.0 0.6
v 9.9 59.0 10.0
v 10.0 59.0 9.9
v 10.0 58.3 16.0
v 10.0 59.5 2.0
v 10.0 59.5 4.0
v 9.5 60.0 9.0
v 10.0 60.0 9.3
v 9.4 60.0 10.0
v 9.7 59.9 11.0
v 10.0 59.5 14.0
v 10.0 59.2 15.0
v 10.0 60.4 6.0
v 10.0 60.5 7.0
v 10.0 60.4 8.0
v 10.0 60.2 9.0
v 9.0 61.1 11.0
v 10.0 60.4 12.0
v 9.3 61.0 12.0
v 10.0 60.2 13.0
v 10.5 39.0 -7.0
v 11.0 38.5 -4.9
v 11.0 38.5 -3.0
v 11.0 38.6 -2.0
v 11.0 39.0 29.0
v 11.0 38.8 30.0
v 11.0 39.8 -9.0
v 11.0 39.4 -8.0
v 11.0 39.3 -7.0
v 11.0 39.6 -0.9
v 11.0 40.0 28.4
v 11.0 39.6 31.0
v 11.0 40.0 31.3
v 11.0 41.0 -9.5
v 11.0 41.0 0.4
v 11.0 40.5 28.0
v 11.0 41.0 31.4
v 11.0 42.0 -9.9
v 11.0 42.0 0.6
v 11.0 42.0 26.5
v 11.0 43.0 -10.5
v 11.0 43.0 1.0
v 11.0 42.5 26.0
v 11.0 42.4 31.4
v 10.6 44.0 -13.0
v 11.0 44.0 -13.7
v 11.0 43.1 -13.0
v 11.0 43.9 -12.0
v 11.0 44.0 -11.6
v 11.0 44.1 -11.0
v 10.7 44.0 0.0
v 11.0 44.0 0.3
v 11.0 44.0 24.4
v 11.0 43.4 25.0
v 11.0 44.0 31.5
v 10.3 45.0 -14.0
v 11.0 45.0 -13.5
v 11.0 45.0 -1.2
v 11.0 44.3 0.0
v 11.0 44.9 23.5
v 10.3 45.0 32.0
v 11.3 45.0 31.1
v 10.4 46.0 -15.0
v 10.7 46.0 -14.0
v 11.0 46.0 -13.6
v 11.0 46.0 -1.2
v 11.0 45.8 22.8
v 10.7 46.0 30.9
v 10.3 46.0 32.0
v 10.5 47.0 -15.0
v 11.0 46.3 -1.0
v 10.9 46.8 0.0
v 11.0 47.0 0.4
v 11.0 47.2 21.0
v 11.0 46.5 22.0
v 10.7 47.0 30.0
v 10.2 47.0 32.0
v 10.3 48.0 -15.1
v 10.8 48.0 -14.0
v 11.0 47.4 1.0
v 11.1 47.5 2.0
v 11.0 47.7 3.0
v 11.0 48.0 16.6
v 11.0 47.7 17.0
v 11.0 47.7 19.0
v 11.0 48.1 18.0
v 11.0 47.4 20.0
v 10.7 48.0 27.0
v 10.6 48.0 28.0
v 10.6 48.0 29.0
v 11.0 47.4 29.0
v 10.4 48.0 30.0
v 10.2 48.0 31.0
v 11.0 48.3 -14.0
v 11.0 49.0 -14.3
v 11.0 48.5 4.0
v 12.0 48.5 4.0
v 11.0 48.6 13.0
v 10.7 48.5 14.0
v 11.0 48.4 16.0
v 10.8 49.0 25.0
v 11.0 49.0 24.8
v 10.6 49.0 26.0
v 10.5 49.0 27.0
v 10.5 49.0 28.0
v 10.3 49.0 29.0
v 11.0 50.0 -14.2
v 12.0 49.5 10.1
v 11.0 49.4 12.0
v 10.6 50.0 25.0
v 11.0 50.0 24.6
v 10.5 50.0 26.0
v 10.5 50.0 27.0
v 10.2 50.0 28.0
v 11.0 51.0 -13.6
v 10.6 51.0 25.0
v 11.0 51.0 24.4
v 10.4 51.0 26.0
v 10.2 51.0 27.0
v 11.0 52.0 -13.2
v 10.8 52.0 23.0
v 11.0 51.8 22.9
v 10.6 52.0 24.0
v 10.4 52.0 25.0
v 11.0 52.2 -13.0
v 10.6 53.0 -12.0
v 11.0 52.7 -12.0
v 11.0 53.0 -11.7
v 10.7 53.0 22.0
v 11.0 52.9 21.8
v 10.4 53.0 23.0
v 10.4 53.0 24.0
v 10.2 53.0 25.0
v 10.0 54.0 -12.0
v 11.0 54.0 -10.7
v 10.6 54.0 -11.0
v 10.4 54.0 22.0
v 11.0 54.0 21.3
v 10.0 55.3 -10.0
v 11.0 55.0 -9.6
v 11.0 54.6 20.0
v 11.1 54.2 21.0
v 11.0 55.4 -9.0
v 11.0 55.5 -8.0
v 11.0 55.7 -7.0
v 10.6 56.0 -6.0
v 10.5 56.0 -5.0
v 10.0 55.8 -3.0
v 10.9 56.0 16.0
v 11.0 55.8 16.0
v 10.6 56.0 17.0
v 11.0 55.6 17.0
v 10.2 56.2 18.0
v 11.0 55.6 18.0
v 11.0 55.3 19.0
v 11.0 56.4 -6.0
v 11.0 56.5 -5.0
v 10.6 56.1 -4.0
v 11.2 56.9 -2.9
v 10.4 57.0 -2.0
v 11.0 57.9 -1.8
v 10.5 58.0 -1.0
v 11.0 57.9 10.0
v 10.7 58.0 15.0
v 10.3 58.0 16.0
v 11.0 58.5 -1.0
v 11.0 58.5 0.0
v 10.0 59.3 1.0
v 11.0 58.7 1.0
v 10.6 59.0 4.0
v 11.0 58.7 4.0
v 10.8 59.0 5.0
v 11.0 58.8 5.0
v 11.0 59.0 9.6
v 10.7 59.0 13.0
v 10.5 59.0 14.0
v 10.2 59.0 15.0
v 11.0 59.3 2.0
v 10.0 60.1 5.0
v 11.0 59.6 6.0
v 10.6 60.0 6.0
v 11.0 60.0 9.3
v 10.3 60.0 12.0
v 10.2 60.0 13.0
v 11.0 60.5 8.0
v 11.0 60.3 9.0
v 11.0 38.7 -6.0
v 13.0 38.7 -4.0
v 12.0 38.5 -4.0
v 12.0 38.5 -3.0
v 12.0 38.7 -2.0
v 11.0 40.0 -9.2
v 12.0 39.8 -8.0
v 12.0 39.4 -6.0
v 12.0 39.9 -0.8
v 12.0 40.0 28.5
v 12.0 39.6 29.0
v 12.0 39.6 30.0
v 11.7 41.0 -9.0
v 12.0 41.0 0.2
v 12.0 40.4 28.0
v 11.6 41.0 31.0
v 12.0 40.0 31.0
v 12.0 41.4 -9.0
v 12.0 42.0 0.5
v 12.0 42.7 25.7
v 12.0 41.0 30.6
v 12.0 43.0 -10.4
v 12.0 42.7 1.0
v 11.6 42.3 30.9
v 12.0 43.0 30.5
v 11.3 44.0 -13.0
v 11.2 44.0 -12.0
v 11.3 44.0 -11.0
v 12.0 44.0 -11.3
v 12.0 43.0 1.2
v 12.0 44.0 0.6
v 12.0 44.0 23.7
v 12.0 43.7 24.0
v 12.0 43.3 25.0
v 11.5 44.0 31.0
v 12.2 44.0 30.1
v 11.6 45.0 -12.0
v 12.0 45.0 -11.5
v 11.1 44.9 -1.1
v 11.7 45.0 0.0
v 12.0 45.0 0.3
v 12.0 45.1 23.2
v 11.7 45.0 30.0
v 11.4 46.0 -13.0
v 11.7 46.0 -11.9
v 11.3 46.0 -1.0
v 12.1 46.0 -0.1
v 12.0 46.2 22.0
v 11.7 46.0 29.0
v 12.0 45.9 28.7
v 11.2 47.0 -14.0
v 11.6 47.0 -13.0
v 12.3 47.0 -12.0
v 12.0 46.2 0.0
v 12.0 47.0 0.6
v 11.6 47.0 20.0
v 12.0 46.5 21.0
v 11.8 47.0 25.0
v 12.0 46.8 25.0
v 12.0 47.0 24.8
v 11.6 47.0 26.0
v 12.0 46.6 26.0
v 11.5 47.0 27.0
v 12.0 46.5 27.0
v 11.5 47.0 28.0
v 11.3 46.9 29.1
v 11.6 48.0 -13.0
v 12.0 48.0 -12.6
v 12.0 47.4 1.0
v 12.0 47.7 3.0
v 12.0 48.4 16.0
v 12.0 47.5 18.0
v 11.5 48.0 25.0
v 11.3 48.0 26.0
v 11.3 49.0 -14.0
v 12.1 49.0 -13.0
v 12.0 49.3 12.0
v 12.0 48.6 13.0
v 11.9 48.5 15.0
v 12.0 48.0 24.5
v 11.3 50.0 -14.0
v 11.6 50.0 -13.0
v 11.9 50.0 -12.0
v 12.0 49.3 5.0
v 12.0 49.5 11.0
v 12.0 50.0 24.2
v 11.5 51.0 -13.0
v 11.0 51.4 24.1
v 12.2 50.0 24.0
v 12.2 51.0 23.1
v 11.2 52.0 -13.0
v 11.6 52.0 -12.0
v 12.0 52.0 -11.7
v 11.9 51.7 22.0
v 12.0 52.0 21.6
v 12.0 51.3 23.0
v 12.0 53.1 -11.2
v 12.0 53.0 21.2
v 11.8 53.9 20.0
v 11.8 55.0 15.0
v 12.0 54.8 15.0
v 11.7 55.0 16.0
v 12.0 54.8 16.0
v 11.2 55.0 19.3
v 12.3 55.0 18.0
v 12.0 55.2 -9.0
v 12.0 55.5 -8.0
v 12.0 56.0 -7.1
v 11.5 56.0 15.0
v 12.0 55.4 17.0
v 12.0 55.3 18.0
v 11.6 57.0 -5.0
v 11.5 57.0 -4.0
v 11.3 57.0 -3.0
v 11.7 57.0 13.0
v 12.0 56.7 13.0
v 11.6 57.0 14.0
v 12.0 56.4 14.0
v 11.4 57.0 15.0
v 11.1 57.0 16.0
v 12.0 58.0 -5.0
v 11.7 58.0 -4.0
v 11.6 58.0 -3.0
v 11.2 58.0 -2.0
v 12.0 57.2 10.0
v 12.0 58.0 9.6
v 11.4 58.0 11.0
v 12.0 57.5 11.0
v 11.6 58.0 12.0
v 12.0 57.4 12.0
v 11.4 58.0 13.0
v 11.3 58.0 14.0
v 12.0 59.0 -4.0
v 11.6 59.0 -3.0
v 11.2 59.0 -2.0
v 11.8 59.0 -1.0
v 12.0 59.0 -0.9
v 12.0 58.5 0.0
v 12.0 58.4 1.0
v 12.0 58.5 2.0
v 11.0 59.3 3.0
v 12.0 58.5 3.0
v 12.0 58.5 5.0
v 12.0 59.0 5.5
v 12.0 59.0 9.4
v 11.1 59.0 12.0
v 12.0 59.6 -3.0
v 12.0 59.4 -2.0
v 12.0 59.4 6.0
v 11.0 60.3 7.0
v 12.0 59.7 7.0
v 12.0 60.0 7.6
v 12.0 60.0 9.2
v 12.0 60.2 8.0
v 12.0 60.2 9.0
v 12.0 39.0 -5.4
v 13.2 39.0 -4.0
v 13.0 38.8 -3.0
v 12.2 40.0 -8.0
v 12.5 40.0 -7.0
v 12.6 40.0 -6.0
v 13.0 40.0 -5.4
v 12.8 39.2 -2.2
v 12.3 40.0 -1.0
v 13.3 40.0 -2.0
v 13.0 39.9 28.0
v 12.9 40.0 28.0
v 12.4 40.0 29.0
v 13.0 40.0 28.1
v 12.4 40.0 30.0
v 12.6 41.0 -8.0
v 13.0 40.4 -6.0
v 12.8 41.0 -1.0
v 12.2 41.0 0.0
v 12.5 41.0 27.0
v 13.0 41.0 26.6
v 13.0 40.6 29.0
v 12.6 41.0 30.0
v 12.0 42.0 -10.0
v 12.5 42.0 -9.0
v 13.0 41.3 -1.0
v 12.7 42.0 0.0
v 12.7 42.0 26.0
v 13.0 41.9 25.8
v 12.4 43.0 -10.0
v 12.7 43.0 -9.0
v 13.0 42.3 -0.0
v 13.0 43.0 24.8
v 13.1 42.0 30.0
v 12.9 43.0 29.7
v 12.7 44.0 -11.0
v 12.8 44.0 -10.0
v 13.3 44.0 -9.0
v 13.0 43.0 1.0
v 13.0 44.0 0.6
v 13.0 44.0 23.6
v 13.0 43.6 24.0
v 13.3 44.0 29.0
v 12.6 45.0 -11.0
v 13.3 45.0 -10.1
v 13.0 45.0 0.5
v 12.9 45.0 22.0
v 13.0 45.0 21.8
v 13.0 44.9 22.0
v 13.0 44.7 23.0
v 12.5 45.0 23.0
v 12.9 44.7 28.8
v 12.5 46.0 -11.0
v 13.0 46.0 -10.5
v 13.0 46.0 0.5
v 13.0 45.7 20.0
v 13.0 45.6 21.0
v 12.5 46.0 21.0
v 12.3 46.0 22.0
v 12.9 45.7 27.0
v 13.2 46.0 26.0
v 12.0 46.3 28.0
v 12.6 47.0 -11.0
v 13.0 47.4 -10.5
v 13.0 47.0 0.8
v 13.0 46.7 18.0
v 13.0 47.5 17.0
v 13.0 46.4 19.0
v 12.0 47.3 19.0
v 13.0 46.5 25.0
v 13.0 46.2 26.0
v 12.4 48.0 -12.0
v 12.6 48.2 -11.0
v 13.0 47.2 1.0
v 13.0 47.5 2.0
v 13.0 48.1 3.0
v 13.0 47.0 24.3
v 12.4 49.0 -12.0
v 13.1 51.0 -10.4
v 13.0 48.5 4.0
v 13.0 48.7 5.0
v 13.0 48.7 12.0
v 13.0 48.5 14.0
v 13.0 48.5 15.0
v 13.0 48.3 16.0
v 12.7 49.0 23.0
v 12.5 48.1 24.0
v 12.5 50.0 -11.0
v 13.0 49.4 6.0
v 12.0 49.5 6.1
v 13.0 49.4 11.0
v 12.6 50.0 23.0
v 13.3 50.0 22.0
v 12.2 51.0 -12.0
v 12.7 51.0 -11.0
v 12.6 51.0 22.0
v 12.9 52.0 -11.0
v 13.0 52.0 -10.0
v 12.6 52.0 21.0
v 12.4 53.0 -11.0
v 12.6 53.0 20.0
v 13.0 52.9 19.6
v 12.2 53.0 21.0
v 12.0 54.1 -10.2
v 13.0 54.0 -9.4
v 12.8 54.0 18.0
v 13.0 54.0 17.7
v 12.4 54.0 19.0
v 12.3 55.0 -9.0
v 13.0 54.3 -9.0
v 12.5 55.0 -8.0
v 13.0 54.7 -7.0
v 12.7 55.0 -7.0
v 12.7 55.0 14.0
v 13.0 54.8 14.0
v 13.0 54.5 15.0
v 13.0 54.6 16.0
v 13.0 55.0 16.8
v 12.1 56.0 -7.0
v 13.3 55.0 -6.0
v 12.5 56.0 -6.0
v 12.6 56.0 -5.0
v 12.8 56.0 -4.0
v 13.0 56.0 -3.8
v 12.6 56.0 13.0
v 13.0 55.7 13.0
v 12.3 56.0 14.0
v 12.0 57.1 -6.0
v 12.3 57.0 -5.0
v 12.5 57.0 -4.0
v 13.0 57.0 -3.4
v 12.8 57.0 0.0
v 12.7 57.0 1.0
v 12.9 57.0 3.0
v 12.4 57.0 12.0
v 13.0 56.0 12.0
v 13.3 57.0 11.0
v 12.3 58.0 -4.0
v 13.0 57.7 -2.8
v 12.6 58.0 -3.0
v 12.5 58.0 0.0
v 13.2 58.0 -1.0
v 12.4 58.0 1.0
v 12.5 58.0 2.0
v 12.5 58.0 3.0
v 12.6 58.0 5.0
v 13.0 57.6 5.0
v 13.0 58.0 4.0
v 12.9 58.0 6.0
v 13.0 57.4 10.0
v 13.0 58.0 9.3
v 13.0 57.2 11.0
v 12.3 59.0 -3.0
v 12.4 59.0 -2.0
v 12.0 59.1 -1.0
v 13.0 58.3 -1.0
v 13.0 58.9 6.0
v 12.7 59.0 8.0
v 13.2 59.0 7.0
v 12.4 59.0 9.0
v 13.0 59.2 7.0
v 12.3 60.0 8.0
v 12.2 60.0 9.0
v 13.3 39.0 -3.0
v 13.3 40.0 -5.0
v 13.6 40.0 -4.0
v 14.1 40.0 -3.0
v 13.0 40.0 27.0
v 13.3 41.0 -7.0
v 13.4 41.0 -6.0
v 13.7 41.0 -4.0
v 14.0 41.0 -3.5
v 13.7 41.0 -2.1
v 13.3 41.0 27.0
v 13.4 41.0 28.0
v 13.3 41.0 29.0
v 13.3 42.0 -8.0
v 13.6 42.0 -7.0
v 13.5 42.0 -6.0
v 13.7 42.0 -5.0
v 14.0 41.3 -2.0
v 14.0 41.7 -1.0
v 13.2 42.0 26.0
v 13.5 42.0 27.0
v 13.5 42.0 28.0
v 13.5 42.0 29.0
v 13.5 43.0 -8.0
v 14.1 43.0 -7.0
v 13.9 43.0 -6.0
v 14.0 42.5 0.0
v 14.0 43.0 0.5
v 13.2 43.0 25.0
v 13.5 43.0 26.0
v 13.5 43.0 27.0
v 13.5 43.0 28.0
v 13.4 43.0 29.0
v 13.7 44.0 -8.0
v 14.0 44.0 0.6
v 13.7 44.0 24.0
v 13.5 44.0 25.0
v 13.5 44.0 26.0
v 13.5 44.0 27.0
v 13.5 44.0 28.0
v 13.7 45.0 -9.0
v 14.0 45.0 0.7
v 13.5 45.0 22.0
v 13.3 45.0 23.0
v 13.5 45.0 24.0
v 13.5 45.0 25.1
v 13.4 45.0 27.0
v 13.3 45.0 28.0
v 13.5 46.0 -10.0
v 13.6 45.9 1.0
v 14.0 45.7 19.0
v 14.0 45.6 20.0
v 14.0 45.7 21.0
v 13.7 46.0 22.0
v 13.5 46.0 23.0
v 13.5 46.0 24.0
v 13.4 46.0 25.0
v 13.5 47.0 -10.0
v 13.2 47.0 1.0
v 13.6 47.0 2.0
v 14.0 46.4 18.0
v 13.9 46.1 21.9
v 13.6 47.0 23.0
v 13.3 47.0 24.0
v 13.4 48.1 -10.0
v 13.7 48.0 -9.0
v 14.0 47.5 3.0
v 14.0 48.3 15.0
v 14.0 47.6 16.0
v 14.0 47.3 17.0
v 13.4 48.0 23.0
v 13.6 49.0 -9.0
v 14.0 48.2 4.0
v 14.0 48.5 5.0
v 14.0 49.4 11.0
v 14.0 48.6 12.0
v 14.0 48.5 13.0
v 14.0 48.4 14.0
v 13.6 49.0 22.0
v 14.3 48.0 22.0
v 13.4 50.0 -10.0
v 13.6 50.0 -9.0
v 14.0 50.0 -8.4
v 14.0 49.2 6.0
v 14.0 49.4 7.0
v 14.0 49.5 8.2
v 14.0 49.5 10.0
v 13.7 50.0 20.0
v 14.0 50.0 19.7
v 13.6 50.0 21.0
v 14.3 49.0 21.0
v 13.3 51.0 -10.0
v 13.7 51.0 -8.0
v 13.8 51.0 19.0
v 14.0 51.0 18.8
v 13.4 52.0 -9.0
v 13.5 51.2 -8.9
v 13.7 52.0 -7.0
v 13.6 52.0 19.0
v 14.0 52.0 18.4
v 13.3 51.5 20.6
v 13.1 53.0 -10.1
v 13.5 53.0 -9.0
v 13.5 53.0 -7.0
v 14.0 52.4 -6.0
v 13.6 53.0 -6.0
v 13.8 53.0 -5.0
v 14.0 52.8 -5.0
v 14.0 53.0 -4.8
v 13.6 53.0 18.0
v 14.0 53.0 17.6
v 13.3 53.0 19.0
v 13.3 54.0 -9.0
v 13.4 54.0 -8.0
v 13.4 54.0 -7.0
v 13.6 54.0 -5.0
v 14.0 54.0 -4.4
v 14.0 54.0 17.2
v 13.4 55.0 -5.0
v 14.0 54.9 -3.6
v 13.6 55.0 -4.0
v 14.0 54.6 14.0
v 14.0 55.0 13.5
v 14.0 54.5 15.0
v 14.0 54.4 16.0
v 13.0 55.1 17.0
v 14.0 54.3 17.0
v 14.0 56.0 -3.2
v 13.7 56.0 -1.0
v 13.5 56.0 -0.0
v 14.0 55.5 0.0
v 13.5 56.0 1.0
v 13.6 56.0 2.0
v 14.1 55.4 2.3
v 13.5 56.0 3.0
v 13.6 56.0 5.0
v 13.8 56.0 6.0
v 14.0 56.0 13.0
v 13.4 57.0 -3.0
v 13.6 57.0 -2.0
v 13.4 57.0 -1.0
v 13.2 57.0 2.0
v 13.4 57.0 4.0
v 13.4 57.0 5.0
v 13.5 57.0 6.0
v 14.0 56.6 10.0
v 14.0 56.4 11.0
v 13.2 58.1 -2.0
v 13.5 58.0 7.0
v 14.3 57.0 7.0
v 13.5 58.0 8.0
v 13.1 58.2 9.0
v 14.0 57.3 9.0
v 13.0 59.0 6.0
v 14.4 41.0 -3.0
v 14.4 42.0 -4.0
v 15.0 41.7 -3.0
v 15.0 41.8 -2.0
v 14.4 43.0 -5.0
v 14.8 43.0 -4.0
v 15.0 42.4 -1.0
v 15.0 42.6 0.0
v 15.0 43.0 0.4
v 14.4 44.0 -7.0
v 14.6 44.0 -6.0
v 15.3 44.0 -5.0
v 15.5 44.0 -4.0
v 15.0 43.7 1.0
v 15.0 44.0 1.2
v 14.3 45.0 -8.0
v 14.6 45.0 -7.0
v 15.3 45.0 -6.0
v 15.0 45.0 1.6
v 14.5 46.0 -8.0
v 14.6 46.0 -7.0
v 15.0 45.5 2.0
v 14.0 46.6 2.1
v 14.5 46.0 18.0
v 14.9 45.7 18.1
v 15.0 45.8 19.0
v 14.5 46.0 20.0
v 15.3 46.0 19.0
v 14.3 46.0 21.0
v 14.3 47.0 -9.0
v 14.3 46.0 -9.0
v 14.7 47.0 -7.0
v 14.4 47.0 3.0
v 14.8 46.9 4.0
v 14.9 46.8 16.0
v 15.0 46.4 17.0
v 15.0 46.6 20.0
v 15.3 47.0 20.0
v 14.6 47.0 21.0
v 14.3 47.0 22.0
v 14.5 48.0 -8.0
v 14.3 48.0 4.0
v 14.5 48.0 5.0
v 14.7 48.0 6.0
v 15.0 47.7 6.0
v 14.6 48.0 14.0
v 15.3 47.1 15.0
v 14.6 48.0 21.0
v 14.0 49.0 -8.5
v 14.2 49.0 6.0
v 14.6 49.0 7.0
v 15.0 48.6 12.0
v 15.0 48.3 13.0
v 14.6 49.0 20.0
v 15.3 48.0 20.0
v 15.0 49.0 19.6
v 15.0 49.3 8.0
v 15.0 49.4 9.0
v 15.0 49.4 10.0
v 15.0 49.2 11.0
v 14.0 51.7 -6.9
v 15.0 50.8 -6.7
v 15.0 50.0 19.3
v 15.0 51.0 18.4
v 15.0 52.3 -5.0
v 15.0 53.0 -4.3
v 14.6 53.0 17.0
v 15.0 52.5 17.0
v 15.3 54.0 -3.0
v 14.6 54.0 16.0
v 15.2 54.0 15.0
v 14.2 54.0 17.0
v 14.5 55.0 -3.0
v 14.6 55.0 -2.0
v 14.5 55.0 -1.0
v 15.0 54.5 -0.7
v 14.2 55.3 4.9
v 14.9 54.7 6.0
v 14.7 55.0 11.0
v 14.6 55.0 11.9
v 14.5 55.0 13.0
v 15.0 54.5 13.0
v 15.0 54.4 14.0
v 15.0 54.2 15.0
v 14.2 56.0 -3.0
v 14.3 56.0 -2.0
v 14.5 56.0 7.0
v 14.6 56.0 8.0
v 14.6 56.0 9.1
v 14.5 56.0 10.0
v 14.2 56.0 12.0
v 14.4 57.0 8.1
v 14.3 57.0 9.0
v 15.2 42.0 -3.0
v 15.2 42.0 -2.0
v 15.4 43.0 -3.0
v 15.5 43.0 -2.0
v 15.5 43.0 -1.0
v 16.0 42.9 -0.0
v 15.6 44.0 -1.9
v 15.8 44.0 -1.0
v 16.0 44.0 -0.8
v 16.0 43.5 1.0
v 16.0 44.0 1.6
v 15.6 45.0 -5.0
v 16.3 45.0 -4.0
v 15.6 44.0 -3.1
v 16.0 44.6 2.1
v 15.4 46.0 -6.0
v 15.6 45.9 -5.0
v 16.0 45.4 3.0
v 16.0 45.7 4.0
v 16.0 46.0 4.4
v 16.0 46.0 15.0
v 16.0 45.8 16.0
v 15.7 46.0 16.0
v 16.0 45.8 17.0
v 16.0 45.8 18.0
v 16.2 46.0 18.0
v 15.4 47.0 -6.0
v 15.6 48.0 -5.0
v 16.0 46.5 5.0
v 15.2 47.2 5.0
v 16.0 46.7 6.0
v 15.7 47.0 14.0
v 16.0 47.0 13.0
v 16.0 46.7 14.0
v 15.6 47.0 19.0
v 15.3 48.0 -7.0
v 15.5 48.6 -6.1
v 16.0 47.1 6.6
v 15.4 48.0 13.0
v 16.0 48.0 12.3
v 15.6 48.0 19.0
v 15.4 49.1 -7.0
v 16.4 48.0 8.0
v 15.5 49.0 9.0
v 16.0 48.5 9.0
v 15.5 49.0 10.0
v 16.0 48.5 11.0
v 16.0 48.3 12.0
v 15.5 49.0 19.0
v 16.0 49.0 18.5
v 15.3 50.0 -7.0
v 15.6 50.0 -5.0
v 16.2 50.0 18.0
v 15.3 51.0 -6.0
v 15.6 51.0 -5.0
v 15.9 50.6 17.9
v 15.7 52.0 -4.0
v 15.8 52.0 10.0
v 16.0 51.8 10.0
v 16.0 52.0 9.8
v 15.6 52.0 11.0
v 16.0 51.6 11.0
v 15.6 52.0 12.0
v 16.0 51.5 12.0
v 15.8 52.0 13.0
v 16.0 52.0 13.4
v 16.0 51.3 17.1
v 15.3 52.3 -4.6
v 15.7 53.0 -3.0
v 15.6 53.0 10.0
v 16.0 53.0 9.4
v 15.5 53.0 11.0
v 15.5 53.0 12.0
v 15.6 53.0 13.0
v 15.7 53.0 15.0
v 16.0 52.6 15.0
v 15.4 53.0 16.0
v 16.0 52.3 16.0
v 16.0 53.5 -1.0
v 15.5 54.0 -2.0
v 15.5 54.0 5.0
v 16.0 53.5 6.0
v 15.5 54.0 6.0
v 15.7 54.0 7.0
v 15.7 53.9 9.0
v 15.5 54.0 10.0
v 15.4 54.0 11.0
v 15.4 54.0 13.0
v 15.4 54.0 14.0
v 15.3 55.0 7.0
v 15.5 55.0 8.0
v 15.3 55.0 10.0
v 17.0 44.0 -0.2
v 17.0 43.8 0.0
v 17.0 43.7 1.0
v 17.0 44.0 2.0
v 16.4 45.0 -3.0
v 16.5 45.0 -2.0
v 17.0 45.4 -1.0
v 17.0 45.0 -0.6
v 17.0 44.7 3.0
v 16.6 45.0 3.0
v 16.4 46.2 -4.0
v 16.6 46.0 -3.0
v 17.2 46.0 -2.0
v 17.0 45.1 4.0
v 17.0 46.0 4.4
v 16.9 46.0 9.0
v 17.0 46.1 8.1
v 17.0 45.9 9.0
v 16.3 46.0 16.0
v 16.2 46.0 17.0
v 16.6 47.0 -3.0
v 17.3 47.0 -2.0
v 17.0 46.5 5.0
v 17.0 46.6 6.0
v 17.0 46.7 7.0
v 16.5 47.0 7.0
v 16.7 47.0 8.0
v 17.0 46.0 9.8
v 16.7 47.0 10.0
v 16.4 47.0 14.0
v 17.0 46.7 15.0
v 17.0 46.7 16.0
v 17.2 47.0 16.0
v 16.6 47.0 17.0
v 16.4 47.0 18.0
v 16.7 48.0 -2.0
v 16.5 48.0 9.0
v 16.6 48.0 11.0
v 17.0 47.0 11.0
v 16.5 48.0 12.0
v 17.0 47.7 12.0
v 17.0 47.4 14.0
v 16.6 48.0 17.0
v 16.5 48.4 -2.8
v 16.6 49.0 -2.0
v 16.6 49.1 17.0
v 16.4 49.0 18.0
v 16.4 50.0 -4.0
v 16.7 50.0 -1.0
v 16.9 50.0 13.0
v 16.6 50.0 17.0
v 16.3 51.0 -4.0
v 16.5 51.0 -3.0
v 16.5 50.0 -2.0
v 16.7 51.0 -0.0
v 16.9 50.7 11.0
v 16.5 51.0 12.0
v 16.4 51.0 13.0
v 16.6 51.0 14.1
v 16.6 51.0 14.9
v 16.6 51.0 16.0
v 17.2 50.0 16.0
v 16.3 51.0 17.0
v 16.3 52.0 -3.0
v 16.5 52.0 -1.9
v 16.5 52.0 0.0
v 16.6 52.0 1.0
v 16.6 52.0 1.8
v 16.6 52.0 5.0
v 16.7 52.0 6.0
v 17.0 51.3 10.0
v 17.0 52.0 9.3
v 16.4 52.0 14.0
v 16.4 52.0 15.0
v 16.3 52.0 16.0
v 16.3 53.0 -2.0
v 16.4 53.0 -1.0
v 16.4 53.0 1.0
v 16.4 53.0 5.9
v 16.5 53.0 7.0
v 16.6 53.0 8.0
v 16.4 53.0 9.0
v 16.1 53.0 14.0
v 16.1 54.0 8.0
v 17.2 44.0 0.0
v 17.3 44.0 1.0
v 17.4 45.0 0.0
v 17.5 45.0 1.0
v 17.4 45.0 2.0
v 17.2 45.0 3.0
v 17.4 46.0 -1.0
v 17.5 46.0 0.0
v 17.4 46.0 1.0
v 17.5 46.0 3.0
v 17.3 46.0 4.0
v 17.1 46.0 9.0
v 17.5 47.0 -1.0
v 17.4 47.0 0.0
v 17.1 47.0 1.0
v 17.4 47.0 2.0
v 17.5 46.5 2.6
v 17.5 47.0 5.0
v 17.4 47.0 7.0
v 18.0 47.0 6.0
v 17.3 47.0 8.0
v 17.3 47.0 10.0
v 17.3 47.0 15.0
v 17.4 48.0 -1.0
v 17.4 48.0 1.0
v 17.5 48.0 2.0
v 17.5 47.1 4.0
v 17.6 47.9 5.0
v 18.0 47.6 7.0
v 18.3 48.0 7.0
v 17.5 48.0 8.0
v 17.4 48.0 9.0
v 17.3 48.0 11.0
v 17.3 48.0 12.0
v 17.4 48.0 14.0
v 17.5 48.0 15.0
v 17.4 48.0 16.0
v 17.3 49.0 -1.0
v 17.5 49.0 0.0
v 17.5 48.6 0.4
v 17.5 48.3 3.5
v 17.6 49.0 5.1
v 17.6 49.0 8.0
v 18.0 49.0 7.5
v 17.5 49.0 9.0
v 17.5 49.0 10.7
v 17.4 49.0 13.0
v 17.5 49.1 14.8
v 17.4 49.0 16.0
v 17.3 50.0 -0.0
v 17.5 50.0 1.1
v 17.5 50.0 4.9
v 17.7 50.0 6.0
v 17.6 50.0 8.0
v 17.5 50.0 9.0
v 17.5 50.0 10.0
v 17.4 50.0 11.0
v 17.3 50.0 12.0
v 17.3 50.0 14.0
v 17.4 50.0 15.0
v 17.3 51.0 1.0
v 17.4 51.0 2.0
v 17.4 51.0 5.0
v 17.4 51.0 6.0
v 17.6 51.0 7.0
v 17.5 51.0 8.0
v 17.5 51.0 9.0
v 17.3 51.0 10.0
v 17.3 52.0 7.0
v 17.4 52.0 8.0
v 17.2 52.0 9.0
v 18.4 48.0 6.0
v 18.3 49.0 6.0
v 18.4 49.0 7.0
v 18.1 50.0 7.0
f 1 46 2
f 2 3 1
f 7 6 4
f 4 6 5
f 7 8 6
f 9 10 4
f 4 11 7
f 4 10 11
f 8 7 12
f 12 7 11
f 13 15 14
f 19 18 16
f 16 18 17
f 19 20 18
f 10 9 21
f 10 21 11
f 11 21 22
f 11 22 12
f 13 23 15
f 16 24 25
f 16 25 19
f 19 25 20
f 29 28 27
f 31 30 27
f 27 30 29
f 33 32 31
f 31 32 30
f 33 34 32
f 35 37 36
f 28 38 27
f 27 38 31
f 31 38 39
f 31 39 33
f 33 39 40
f 33 40 34
f 41 42 35
f 37 35 43
f 43 35 42
f 44 57 45
f 48 47 46
f 1 48 46
f 49 1 3
f 49 48 1
f 51 50 3
f 50 49 3
f 50 51 41
f 51 52 41
f 41 53 42
f 41 52 53
f 43 42 55
f 42 54 55
f 42 53 54
f 44 56 57
f 46 47 60
f 60 47 61
f 69 2 46
f 60 69 46
f 62 3 2
f 62 2 69
f 62 51 3
f 70 51 62
f 52 70 63
f 52 51 70
f 52 63 53
f 53 63 64
f 53 64 54
f 54 64 65
f 54 65 55
f 67 73 58
f 58 68 59
f 58 73 68
f 60 61 69
f 62 69 272
f 62 272 70
f 72 71 66
f 71 67 66
f 67 71 73
f 73 74 68
f 84 68 74
f 78 77 75
f 75 77 76
f 78 79 77
f 71 72 80
f 80 72 81
f 71 82 73
f 71 80 82
f 73 83 74
f 73 82 83
f 74 85 84
f 74 83 85
f 4 5 86
f 5 87 86
f 5 88 87
f 6 75 76
f 88 6 76
f 5 6 88
f 78 75 89
f 75 8 89
f 8 102 89
f 8 75 6
f 78 89 79
f 95 94 81
f 94 80 81
f 94 82 80
f 82 96 83
f 82 94 96
f 83 97 85
f 83 96 97
f 101 100 98
f 98 100 99
f 100 101 86
f 101 9 86
f 86 9 4
f 12 103 102
f 8 12 102
f 103 104 102
f 90 91 105
f 105 91 106
f 90 107 92
f 90 105 107
f 93 92 108
f 108 92 107
f 94 95 96
f 96 95 109
f 96 109 97
f 97 109 346
f 113 112 111
f 13 14 111
f 14 113 111
f 14 114 113
f 14 15 114
f 114 15 115
f 117 116 17
f 17 116 16
f 118 117 17
f 118 17 18
f 119 18 20
f 119 118 18
f 137 120 20
f 20 120 119
f 138 120 137
f 140 120 138
f 121 98 99
f 98 121 101
f 101 121 122
f 101 122 9
f 122 123 9
f 9 124 21
f 123 124 9
f 21 361 22
f 124 361 21
f 22 361 12
f 361 125 12
f 125 103 12
f 125 361 126
f 104 103 127
f 127 103 125
f 106 128 105
f 105 128 107
f 107 128 129
f 107 129 108
f 112 131 111
f 111 131 13
f 131 23 13
f 131 132 23
f 15 23 115
f 115 23 132
f 116 133 16
f 16 133 24
f 24 134 25
f 133 134 24
f 134 136 135
f 25 134 135
f 135 151 25
f 25 151 20
f 20 151 137
f 140 138 139
f 125 126 142
f 127 125 142
f 149 148 146
f 146 148 147
f 148 149 136
f 149 135 136
f 149 150 135
f 135 152 151
f 135 150 152
f 156 155 153
f 144 145 158
f 145 144 174
f 174 144 158
f 162 161 159
f 159 161 160
f 162 163 161
f 147 164 146
f 146 164 149
f 149 164 165
f 149 165 150
f 150 165 166
f 167 150 166
f 167 152 150
f 168 152 167
f 153 154 169
f 169 154 170
f 153 171 156
f 153 169 171
f 173 156 172
f 156 171 172
f 156 173 157
f 159 176 162
f 159 175 176
f 163 162 177
f 162 178 177
f 162 176 178
f 179 180 178
f 178 180 177
f 169 170 468
f 169 181 171
f 169 468 181
f 172 171 181
f 175 183 176
f 175 182 183
f 176 184 178
f 176 183 184
f 178 185 179
f 178 184 185
f 180 179 186
f 179 187 186
f 179 185 187
f 187 188 186
f 181 468 189
f 183 182 190
f 191 183 190
f 191 184 183
f 185 191 26
f 184 191 185
f 192 185 26
f 187 185 192
f 187 197 188
f 187 192 197
f 193 188 197
f 190 194 191
f 191 194 26
f 194 195 26
f 26 196 192
f 26 195 196
f 192 196 197
f 200 199 198
f 200 201 199
f 204 547 203
f 204 203 202
f 203 207 202
f 205 202 207
f 547 551 206
f 206 203 547
f 203 206 207
f 205 207 208
f 207 36 208
f 36 209 208
f 211 210 29
f 29 210 28
f 212 29 30
f 212 211 29
f 32 206 551
f 212 32 551
f 30 32 212
f 206 32 34
f 213 206 34
f 206 214 207
f 206 213 214
f 214 35 36
f 207 214 36
f 37 209 36
f 37 215 209
f 217 216 45
f 221 220 218
f 218 220 219
f 221 222 220
f 224 223 221
f 221 223 222
f 227 226 225
f 228 553 225
f 225 553 227
f 228 229 38
f 210 228 38
f 28 210 38
f 228 210 553
f 229 39 38
f 49 40 39
f 49 39 229
f 213 34 40
f 49 213 40
f 230 213 49
f 214 230 41
f 213 230 214
f 214 41 35
f 43 215 37
f 43 231 215
f 216 44 45
f 216 232 44
f 233 217 45
f 57 233 45
f 235 234 57
f 234 233 57
f 234 235 219
f 235 218 219
f 235 236 218
f 218 236 221
f 221 236 237
f 221 238 224
f 221 237 238
f 239 224 238
f 240 225 226
f 240 241 225
f 225 242 228
f 225 241 242
f 242 47 48
f 229 242 48
f 228 242 229
f 229 48 49
f 49 50 230
f 230 50 41
f 243 231 43
f 243 43 55
f 232 244 44
f 44 244 56
f 244 246 245
f 57 244 245
f 56 244 57
f 245 235 57
f 235 247 236
f 235 245 247
f 236 247 248
f 237 248 58
f 236 248 237
f 237 58 59
f 237 59 238
f 257 249 59
f 249 239 59
f 239 238 59
f 251 250 240
f 250 241 240
f 241 252 242
f 241 250 252
f 252 61 47
f 252 47 242
f 63 253 275
f 254 63 275
f 64 63 254
f 64 255 65
f 254 255 64
f 55 65 243
f 243 65 255
f 246 256 245
f 278 245 256
f 247 278 66
f 245 278 247
f 247 66 67
f 247 67 248
f 248 67 58
f 68 257 59
f 257 259 258
f 259 260 258
f 264 263 262
f 266 265 264
f 264 265 263
f 268 267 266
f 266 267 265
f 267 268 251
f 268 250 251
f 268 269 250
f 250 270 252
f 250 269 270
f 252 271 61
f 270 271 252
f 272 69 61
f 272 61 271
f 273 70 272
f 253 63 70
f 273 253 70
f 274 253 273
f 253 276 275
f 253 274 276
f 276 277 275
f 278 279 66
f 279 72 66
f 84 257 68
f 257 280 259
f 257 84 280
f 259 281 260
f 259 280 281
f 260 282 261
f 260 281 282
f 283 261 282
f 308 285 284
f 308 286 285
f 309 286 308
f 288 287 309
f 309 287 286
f 287 288 263
f 288 262 263
f 288 289 262
f 264 289 311
f 264 262 289
f 264 311 266
f 266 311 598
f 290 266 598
f 290 268 266
f 268 291 269
f 268 290 291
f 270 291 76
f 269 291 270
f 270 76 77
f 270 77 271
f 271 77 79
f 292 271 79
f 272 271 292
f 272 292 293
f 273 293 294
f 273 272 293
f 295 273 294
f 295 274 273
f 274 296 276
f 274 295 296
f 277 276 297
f 297 276 296
f 72 279 298
f 299 72 298
f 81 72 299
f 300 84 85
f 280 84 300
f 280 320 281
f 280 300 320
f 281 301 282
f 281 320 301
f 283 282 303
f 282 302 303
f 282 301 302
f 305 307 284
f 284 307 308
f 309 310 288
f 288 310 289
f 289 312 311
f 289 310 312
f 313 598 312
f 312 598 311
f 598 313 290
f 313 86 290
f 86 87 290
f 290 87 88
f 290 88 291
f 291 88 76
f 292 79 89
f 102 292 89
f 314 292 102
f 292 315 293
f 292 314 315
f 90 294 91
f 294 293 91
f 293 315 91
f 92 295 294
f 90 92 294
f 296 295 316
f 295 93 316
f 93 317 316
f 93 295 92
f 296 316 297
f 299 318 81
f 95 81 318
f 97 319 300
f 97 300 85
f 300 319 320
f 320 321 301
f 301 322 302
f 301 321 322
f 303 302 323
f 302 324 323
f 302 322 324
f 326 325 324
f 324 325 323
f 326 327 325
f 329 328 326
f 326 328 327
f 329 330 328
f 350 304 331
f 304 332 333
f 304 350 332
f 334 333 332
f 334 335 333
f 306 337 305
f 338 305 337
f 338 307 305
f 307 338 308
f 308 339 309
f 308 338 339
f 309 339 310
f 310 339 340
f 312 340 99
f 310 340 312
f 312 99 100
f 312 100 313
f 313 100 86
f 314 102 104
f 315 104 341
f 315 314 104
f 91 315 341
f 106 91 341
f 108 317 93
f 108 342 317
f 318 343 95
f 343 345 344
f 109 343 344
f 95 343 109
f 346 109 344
f 319 97 346
f 319 347 320
f 320 348 321
f 320 347 348
f 322 348 110
f 321 348 322
f 373 322 110
f 324 322 373
f 324 374 326
f 324 373 374
f 326 374 349
f 329 349 376
f 329 326 349
f 329 376 330
f 332 350 636
f 351 112 113
f 332 351 113
f 334 332 113
f 636 351 332
f 334 113 114
f 334 114 335
f 114 115 335
f 115 336 335
f 115 352 336
f 354 353 117
f 117 353 116
f 354 117 118
f 355 354 118
f 119 338 337
f 355 119 337
f 118 119 355
f 338 119 120
f 338 120 339
f 339 120 140
f 339 140 141
f 339 141 340
f 356 340 141
f 356 121 99
f 340 356 99
f 121 356 357
f 358 121 357
f 122 121 358
f 122 359 123
f 358 359 122
f 123 360 124
f 359 360 123
f 360 362 361
f 124 360 361
f 127 363 104
f 104 363 341
f 128 106 364
f 106 365 364
f 106 341 365
f 128 364 366
f 367 128 366
f 129 128 367
f 108 129 342
f 342 129 367
f 344 345 368
f 368 345 369
f 344 370 346
f 344 368 370
f 346 371 319
f 346 370 371
f 319 371 347
f 347 372 348
f 372 130 110
f 372 110 348
f 130 373 110
f 374 375 349
f 349 377 376
f 349 375 377
f 377 378 376
f 131 112 379
f 112 380 379
f 112 351 380
f 381 132 131
f 381 131 379
f 381 382 132
f 382 115 132
f 382 352 115
f 353 383 116
f 116 383 133
f 133 384 134
f 383 384 133
f 136 134 384
f 136 384 651
f 385 137 151
f 386 138 137
f 386 137 385
f 387 139 138
f 387 138 386
f 388 140 139
f 388 139 387
f 389 141 140
f 389 140 388
f 389 356 141
f 390 356 389
f 357 356 415
f 415 356 390
f 126 361 362
f 391 126 362
f 142 126 391
f 142 363 127
f 142 655 363
f 641 655 392
f 641 392 365
f 392 364 365
f 392 393 364
f 366 364 394
f 394 364 393
f 396 395 369
f 395 368 369
f 395 370 368
f 659 371 397
f 371 395 397
f 371 370 395
f 422 371 659
f 422 347 371
f 347 398 372
f 347 422 398
f 398 143 130
f 398 130 372
f 143 399 373
f 143 373 130
f 373 400 374
f 373 399 400
f 375 400 145
f 374 400 375
f 401 375 145
f 377 375 401
f 377 429 378
f 377 401 429
f 402 378 429
f 379 380 403
f 403 380 661
f 379 404 381
f 379 403 404
f 382 381 406
f 406 381 404
f 407 406 405
f 147 407 405
f 147 408 407
f 409 147 148
f 409 408 147
f 148 136 651
f 148 651 409
f 410 151 152
f 385 151 410
f 385 411 386
f 385 410 411
f 386 412 387
f 386 411 412
f 387 413 388
f 387 412 413
f 388 414 389
f 388 413 414
f 389 414 390
f 390 416 415
f 390 414 416
f 416 417 415
f 142 420 419
f 142 391 420
f 655 154 153
f 154 655 419
f 419 655 142
f 155 392 655
f 153 155 655
f 392 155 156
f 392 156 393
f 156 157 393
f 157 394 393
f 157 421 394
f 395 396 397
f 398 422 423
f 423 425 424
f 398 423 424
f 143 398 424
f 399 143 424
f 426 399 424
f 399 427 400
f 399 426 427
f 427 158 145
f 427 145 400
f 174 428 401
f 174 401 145
f 401 428 429
f 402 429 452
f 433 432 430
f 430 432 431
f 432 433 661
f 433 403 661
f 433 434 403
f 434 159 160
f 404 434 160
f 403 434 404
f 160 406 404
f 161 406 160
f 435 405 163
f 405 406 163
f 406 161 163
f 405 435 147
f 435 436 147
f 436 164 147
f 164 437 165
f 436 437 164
f 165 437 166
f 437 167 166
f 168 438 410
f 168 410 152
f 410 439 411
f 410 438 439
f 411 440 412
f 411 439 440
f 412 441 413
f 412 440 441
f 413 442 414
f 413 441 442
f 414 442 443
f 414 444 416
f 414 443 444
f 416 445 417
f 416 444 445
f 418 417 446
f 446 417 445
f 154 419 420
f 447 154 420
f 170 154 447
f 172 448 173
f 448 157 173
f 448 421 157
f 424 425 426
f 426 425 681
f 426 681 427
f 427 681 449
f 449 471 174
f 427 449 174
f 158 427 174
f 471 428 174
f 450 428 471
f 428 451 429
f 428 450 451
f 452 429 451
f 430 431 453
f 453 431 454
f 430 453 433
f 433 455 434
f 433 453 455
f 455 175 159
f 455 159 434
f 177 435 163
f 177 456 435
f 180 456 177
f 456 180 477
f 437 457 167
f 457 458 167
f 167 458 168
f 458 459 168
f 459 438 168
f 438 460 439
f 438 459 460
f 439 461 440
f 439 460 461
f 440 462 441
f 440 461 462
f 441 463 442
f 441 462 463
f 442 464 443
f 442 463 464
f 443 465 444
f 443 464 465
f 444 466 445
f 444 465 466
f 446 445 467
f 467 445 466
f 468 447 691
f 468 170 447
f 181 469 172
f 448 172 469
f 449 470 471
f 450 472 451
f 450 471 472
f 452 451 473
f 473 451 472
f 453 454 474
f 474 454 475
f 453 476 455
f 453 474 476
f 476 182 175
f 476 175 455
f 477 180 186
f 478 477 188
f 477 186 188
f 480 479 459
f 479 460 459
f 460 481 461
f 460 479 481
f 461 482 462
f 461 481 482
f 462 483 463
f 462 482 483
f 485 464 484
f 464 483 484
f 464 463 483
f 464 485 465
f 465 485 466
f 466 485 486
f 466 486 467
f 691 487 468
f 487 189 468
f 181 189 469
f 189 488 469
f 189 487 488
f 470 489 471
f 491 490 489
f 490 471 489
f 490 472 471
f 473 472 502
f 472 490 502
f 492 474 475
f 474 492 493
f 474 493 476
f 476 493 494
f 494 495 182
f 476 494 182
f 496 190 182
f 496 182 495
f 497 478 188
f 188 193 497
f 498 479 480
f 498 510 479
f 479 499 481
f 479 510 499
f 481 500 482
f 481 499 500
f 482 513 483
f 482 500 513
f 484 483 501
f 501 483 513
f 490 491 502
f 494 503 495
f 505 504 503
f 504 495 503
f 504 496 495
f 506 194 190
f 496 506 190
f 504 506 496
f 507 195 194
f 507 194 506
f 507 196 195
f 508 197 196
f 508 196 507
f 508 509 197
f 509 193 197
f 509 497 193
f 499 510 511
f 499 511 500
f 500 511 512
f 500 512 513
f 504 505 506
f 506 505 514
f 516 515 514
f 515 506 514
f 515 507 506
f 507 515 517
f 507 518 508
f 507 517 518
f 509 508 519
f 519 508 518
f 515 516 517
f 517 516 520
f 517 520 518
f 518 520 521
f 524 523 522
f 518 521 519
f 523 525 522
f 523 524 526
f 528 525 527
f 525 526 527
f 525 523 526
f 526 529 527
f 531 530 757
f 198 530 531
f 198 532 530
f 533 198 199
f 533 532 198
f 534 199 201
f 534 533 199
f 535 761 201
f 761 534 201
f 536 757 537
f 757 538 531
f 757 536 538
f 531 539 198
f 538 539 531
f 540 200 198
f 540 198 539
f 541 201 200
f 541 200 540
f 541 535 201
f 204 535 541
f 542 535 202
f 535 204 202
f 535 542 761
f 542 202 543
f 536 537 538
f 538 537 544
f 767 545 544
f 545 538 544
f 545 539 538
f 539 546 540
f 539 545 546
f 540 547 541
f 540 546 547
f 541 547 204
f 543 205 548
f 202 205 543
f 549 545 767
f 549 550 545
f 545 551 546
f 545 550 551
f 546 551 547
f 208 548 205
f 208 209 548
f 209 552 548
f 553 549 554
f 553 210 211
f 550 553 211
f 549 553 550
f 550 211 212
f 550 212 551
f 215 552 209
f 215 555 552
f 556 216 217
f 557 219 220
f 557 776 219
f 558 220 222
f 558 557 220
f 559 222 223
f 559 558 222
f 223 224 559
f 559 224 560
f 554 227 553
f 231 555 215
f 231 561 555
f 562 232 556
f 556 232 216
f 233 563 217
f 563 556 217
f 563 562 556
f 563 233 564
f 233 234 564
f 234 219 776
f 234 776 564
f 560 239 249
f 224 239 560
f 567 240 226
f 568 567 226
f 227 568 226
f 568 227 554
f 569 231 243
f 561 231 569
f 244 232 562
f 570 571 572
f 246 572 571
f 572 246 563
f 244 563 246
f 563 244 562
f 572 563 564
f 258 573 257
f 257 573 249
f 573 258 565
f 258 574 565
f 565 575 566
f 565 574 575
f 566 575 576
f 577 579 578
f 579 577 267
f 251 579 267
f 251 567 579
f 567 251 240
f 254 243 255
f 243 254 569
f 275 569 254
f 569 275 580
f 581 580 275
f 582 580 581
f 571 584 583
f 571 583 256
f 246 571 256
f 258 260 574
f 574 260 261
f 574 261 575
f 585 575 261
f 576 575 585
f 586 576 585
f 287 589 587
f 263 589 287
f 263 590 589
f 591 590 263
f 265 577 578
f 591 265 578
f 263 265 591
f 577 265 267
f 592 275 277
f 581 275 592
f 582 581 599
f 599 581 592
f 583 584 593
f 594 278 256
f 583 594 256
f 593 594 583
f 594 279 278
f 283 585 261
f 586 585 283
f 284 285 595
f 285 596 595
f 285 597 596
f 588 597 285
f 286 587 588
f 285 286 588
f 587 286 287
f 600 599 592
f 277 600 592
f 297 600 277
f 593 601 594
f 594 601 602
f 594 602 279
f 602 298 279
f 602 815 298
f 299 298 815
f 299 815 603
f 604 283 303
f 304 606 605
f 304 607 606
f 607 304 608
f 613 612 611
f 613 611 596
f 596 611 595
f 611 306 595
f 306 305 595
f 595 305 284
f 615 614 316
f 615 316 317
f 297 316 600
f 600 316 614
f 318 299 616
f 299 603 616
f 323 604 303
f 323 617 604
f 325 617 323
f 618 325 327
f 618 617 325
f 618 327 328
f 620 619 330
f 619 328 330
f 619 618 328
f 621 605 620
f 605 619 620
f 304 605 621
f 331 304 621
f 622 608 304
f 622 304 333
f 623 622 333
f 335 610 609
f 623 335 609
f 333 335 623
f 625 624 336
f 336 624 335
f 624 610 335
f 627 626 625
f 625 626 624
f 628 612 627
f 627 612 626
f 628 611 612
f 628 355 611
f 629 337 306
f 611 629 306
f 355 629 611
f 342 615 317
f 342 630 615
f 616 631 343
f 318 616 343
f 620 330 376
f 632 620 376
f 621 620 633
f 633 620 632
f 350 331 634
f 331 635 634
f 331 621 635
f 636 350 634
f 352 637 625
f 352 625 336
f 625 638 627
f 625 637 638
f 638 353 354
f 628 638 354
f 627 638 628
f 628 354 355
f 629 355 337
f 358 357 652
f 359 358 652
f 359 639 360
f 652 639 359
f 362 360 639
f 640 341 363
f 641 341 640
f 641 365 341
f 656 367 366
f 342 367 630
f 630 367 656
f 345 343 631
f 642 345 631
f 369 345 642
f 376 378 632
f 660 643 402
f 402 643 378
f 643 633 378
f 633 632 378
f 644 634 635
f 660 645 643
f 647 646 644
f 646 634 644
f 646 636 634
f 646 380 351
f 646 351 636
f 382 648 637
f 382 637 352
f 637 649 638
f 637 648 649
f 650 383 353
f 638 650 353
f 649 650 638
f 651 384 383
f 651 383 650
f 357 653 652
f 357 415 653
f 653 663 652
f 639 654 362
f 391 362 654
f 655 640 363
f 640 655 641
f 394 657 656
f 366 394 656
f 642 839 369
f 396 369 839
f 396 839 658
f 402 669 660
f 646 647 661
f 661 647 662
f 661 380 646
f 406 648 382
f 649 406 407
f 648 406 649
f 649 407 408
f 649 408 650
f 650 408 409
f 650 409 651
f 415 417 653
f 417 418 653
f 418 663 653
f 654 420 391
f 664 420 654
f 421 657 394
f 677 657 421
f 658 665 396
f 397 396 659
f 396 666 659
f 396 665 666
f 666 856 667
f 666 667 422
f 659 666 422
f 668 423 422
f 668 422 667
f 668 425 423
f 452 669 402
f 671 670 431
f 432 661 662
f 671 432 662
f 431 432 671
f 435 672 436
f 673 437 436
f 673 436 672
f 446 663 418
f 446 674 663
f 664 675 420
f 447 420 675
f 447 675 676
f 678 677 421
f 448 678 421
f 856 866 667
f 667 866 668
f 668 866 679
f 668 679 425
f 679 680 425
f 680 682 681
f 425 680 681
f 470 449 681
f 452 683 669
f 670 454 431
f 684 454 670
f 456 672 435
f 672 456 477
f 685 672 477
f 673 672 685
f 686 457 437
f 673 686 437
f 685 686 673
f 457 686 687
f 458 457 687
f 459 458 687
f 467 689 688
f 674 467 688
f 446 467 674
f 689 690 688
f 447 692 691
f 447 676 692
f 469 678 448
f 469 693 678
f 682 694 681
f 681 694 470
f 470 694 695
f 473 683 452
f 473 696 683
f 684 475 454
f 697 475 684
f 686 685 698
f 685 478 698
f 478 699 698
f 478 685 477
f 686 698 687
f 687 700 459
f 480 459 700
f 480 700 720
f 702 701 485
f 702 485 484
f 701 703 485
f 703 705 704
f 486 703 704
f 485 703 486
f 689 467 486
f 704 689 486
f 706 689 704
f 690 689 707
f 707 689 706
f 692 708 691
f 708 487 691
f 708 709 487
f 487 710 488
f 709 710 487
f 469 488 693
f 693 488 710
f 711 712 489
f 695 711 489
f 470 695 489
f 712 491 489
f 713 696 473
f 713 473 502
f 697 713 714
f 475 697 714
f 492 475 714
f 715 492 714
f 726 715 714
f 502 726 714
f 713 502 714
f 715 716 727
f 493 715 727
f 492 715 493
f 494 493 727
f 478 497 717
f 718 478 717
f 699 478 718
f 720 719 498
f 498 480 720
f 501 702 484
f 501 721 702
f 723 722 705
f 722 704 705
f 722 706 704
f 707 706 724
f 724 706 722
f 712 725 491
f 491 726 502
f 725 726 491
f 494 727 728
f 728 503 494
f 728 729 503
f 505 503 729
f 730 718 717
f 497 509 717
f 509 731 717
f 731 730 717
f 731 509 732
f 719 732 498
f 732 719 731
f 733 510 498
f 733 498 732
f 739 511 510
f 739 510 733
f 740 512 511
f 740 511 739
f 734 512 740
f 513 512 734
f 501 513 721
f 721 513 734
f 722 723 724
f 729 911 505
f 505 735 514
f 911 735 505
f 516 514 735
f 519 736 732
f 519 732 509
f 732 736 737
f 913 733 738
f 733 737 738
f 733 732 737
f 733 913 739
f 735 741 516
f 516 741 520
f 520 742 521
f 741 742 520
f 742 519 521
f 519 742 736
f 743 736 742
f 736 743 522
f 524 522 743
f 736 522 525
f 736 525 737
f 525 738 737
f 525 744 738
f 746 526 745
f 526 743 745
f 526 524 743
f 745 527 746
f 745 528 527
f 745 748 747
f 528 745 747
f 744 525 749
f 525 747 749
f 747 750 749
f 525 528 747
f 750 751 749
f 746 529 526
f 748 753 747
f 529 746 527
f 747 753 750
f 750 753 754
f 755 750 754
f 755 751 750
f 752 751 756
f 756 751 755
f 754 929 755
f 755 929 756
f 530 758 757
f 758 530 930
f 530 759 930
f 530 532 759
f 760 532 533
f 760 759 532
f 760 534 764
f 760 533 534
f 534 761 764
f 762 537 757
f 758 930 763
f 762 758 763
f 757 758 762
f 764 761 937
f 542 937 761
f 765 937 542
f 542 543 765
f 765 543 768
f 544 537 762
f 766 544 762
f 763 766 762
f 767 544 766
f 768 543 548
f 768 548 769
f 767 766 549
f 766 770 549
f 769 552 774
f 548 552 769
f 770 554 549
f 773 554 770
f 552 775 774
f 555 775 552
f 776 778 777
f 776 557 778
f 778 558 771
f 557 558 778
f 771 558 559
f 771 559 772
f 780 779 560
f 560 779 559
f 779 772 559
f 780 781 779
f 784 554 773
f 561 775 555
f 561 785 775
f 788 787 786
f 786 789 788
f 791 564 776
f 790 564 791
f 791 776 777
f 249 780 560
f 780 249 573
f 781 780 573
f 782 573 565
f 781 573 782
f 782 565 566
f 782 566 783
f 792 793 566
f 793 783 566
f 568 794 567
f 568 554 784
f 568 784 794
f 569 785 561
f 569 803 785
f 787 795 786
f 786 795 789
f 570 796 571
f 796 570 797
f 798 570 572
f 798 797 570
f 572 564 790
f 572 790 798
f 576 792 566
f 576 793 792
f 576 806 793
f 801 800 578
f 802 578 579
f 802 801 578
f 579 567 794
f 579 794 802
f 803 569 580
f 580 582 803
f 803 582 804
f 571 796 805
f 805 584 571
f 586 807 806
f 576 586 806
f 588 587 808
f 809 808 587
f 809 589 976
f 587 589 809
f 976 589 590
f 976 590 799
f 590 800 799
f 591 800 590
f 591 578 800
f 599 804 582
f 599 810 804
f 584 805 992
f 593 584 992
f 283 807 586
f 811 807 283
f 812 597 984
f 596 597 812
f 984 597 588
f 984 588 808
f 600 813 599
f 813 810 599
f 992 814 593
f 593 814 601
f 602 814 830
f 601 814 602
f 815 602 830
f 617 816 604
f 816 811 604
f 811 283 604
f 617 817 816
f 820 819 818
f 818 819 817
f 605 606 820
f 606 819 820
f 606 821 819
f 822 606 607
f 822 821 606
f 607 608 822
f 824 823 610
f 610 823 609
f 825 824 610
f 612 613 826
f 613 828 826
f 613 596 812
f 613 812 828
f 835 614 615
f 600 614 813
f 614 829 813
f 614 835 829
f 815 830 831
f 603 815 831
f 832 603 831
f 616 603 832
f 617 618 817
f 817 618 818
f 818 618 619
f 818 619 820
f 605 820 619
f 608 622 833
f 623 834 622
f 622 834 833
f 609 834 623
f 823 834 609
f 624 825 610
f 624 827 825
f 626 827 624
f 612 826 827
f 626 612 827
f 630 836 835
f 615 630 835
f 631 616 832
f 633 837 621
f 837 635 621
f 838 639 652
f 836 630 656
f 844 836 656
f 832 839 631
f 642 631 839
f 643 837 633
f 840 643 645
f 643 840 837
f 1024 837 840
f 837 1024 635
f 644 635 1024
f 647 644 1024
f 647 1024 841
f 842 652 663
f 838 652 842
f 843 654 639
f 838 843 639
f 842 843 838
f 656 657 844
f 657 845 844
f 658 839 846
f 848 847 660
f 848 660 669
f 645 660 840
f 840 660 847
f 841 662 647
f 1031 662 841
f 850 849 842
f 663 850 842
f 842 849 843
f 843 849 851
f 664 654 843
f 852 664 843
f 851 852 843
f 677 845 657
f 677 853 845
f 665 658 854
f 658 855 854
f 658 846 855
f 856 666 665
f 856 665 854
f 669 857 848
f 859 858 671
f 671 858 670
f 671 662 1031
f 671 1031 859
f 674 850 663
f 852 861 664
f 860 664 861
f 664 860 675
f 862 675 860
f 675 862 676
f 864 863 677
f 864 677 678
f 853 677 863
f 855 1045 854
f 854 1045 856
f 856 1045 865
f 865 867 866
f 856 865 866
f 869 866 868
f 679 866 869
f 679 870 680
f 869 870 679
f 1051 871 682
f 680 1051 682
f 870 1051 680
f 683 857 669
f 683 872 857
f 858 684 670
f 873 684 858
f 874 674 688
f 690 874 688
f 874 690 875
f 862 860 1055
f 676 862 1055
f 876 676 1055
f 692 676 876
f 693 864 678
f 693 877 864
f 866 867 868
f 871 694 682
f 695 694 871
f 878 695 871
f 1051 878 871
f 1066 695 878
f 696 880 879
f 872 696 879
f 683 696 872
f 873 879 880
f 697 873 880
f 684 873 697
f 882 881 698
f 882 698 699
f 698 883 687
f 698 881 883
f 883 700 687
f 883 1061 700
f 720 700 1061
f 884 703 701
f 884 701 702
f 884 705 703
f 707 875 690
f 707 885 875
f 876 886 692
f 692 886 708
f 708 887 709
f 886 887 708
f 709 888 710
f 887 888 709
f 693 710 877
f 877 710 888
f 1066 711 695
f 1066 889 711
f 712 711 889
f 891 713 890
f 891 696 713
f 880 696 891
f 880 891 892
f 713 697 893
f 890 713 893
f 726 890 893
f 715 726 893
f 894 715 893
f 892 894 893
f 880 892 893
f 697 880 893
f 716 715 894
f 716 894 895
f 718 882 699
f 718 896 882
f 1061 897 720
f 720 897 719
f 721 898 702
f 702 908 884
f 702 898 908
f 884 908 705
f 908 899 705
f 723 705 899
f 724 885 707
f 724 909 885
f 889 900 712
f 725 900 901
f 712 900 725
f 901 891 890
f 725 901 890
f 726 725 890
f 895 1080 716
f 716 1080 727
f 728 1080 910
f 727 1080 728
f 902 728 910
f 729 728 902
f 903 896 718
f 903 718 730
f 897 730 731
f 897 903 730
f 731 719 897
f 906 905 904
f 734 740 904
f 905 734 904
f 907 734 905
f 721 734 898
f 734 907 898
f 898 907 908
f 899 909 723
f 724 723 909
f 902 911 729
f 911 912 735
f 735 912 916
f 914 739 913
f 915 906 904
f 739 915 904
f 740 739 904
f 915 739 914
f 735 916 741
f 916 917 741
f 741 918 742
f 917 918 741
f 743 742 918
f 744 919 913
f 744 913 738
f 913 920 914
f 913 919 920
f 915 914 921
f 921 914 920
f 918 922 743
f 743 922 745
f 924 923 748
f 745 924 748
f 922 924 745
f 744 749 919
f 924 925 923
f 926 923 925
f 926 925 927
f 920 749 751
f 749 920 919
f 751 752 920
f 752 921 920
f 752 928 921
f 923 753 748
f 753 923 754
f 754 923 926
f 927 929 754
f 926 927 754
f 927 928 929
f 928 756 929
f 928 752 756
f 759 931 930
f 759 932 931
f 933 759 760
f 933 932 759
f 760 764 933
f 931 934 930
f 934 763 930
f 935 933 764
f 936 764 937
f 936 935 764
f 938 765 768
f 938 937 765
f 939 934 940
f 939 766 763
f 939 763 934
f 769 941 768
f 941 938 768
f 940 942 939
f 766 939 942
f 770 766 942
f 774 941 769
f 774 943 941
f 945 944 771
f 945 772 954
f 945 771 772
f 948 947 946
f 946 949 948
f 942 773 770
f 951 773 942
f 952 774 775
f 943 774 952
f 778 953 777
f 778 771 944
f 778 944 953
f 779 954 772
f 1132 954 779
f 781 946 947
f 1132 781 947
f 779 781 1132
f 946 781 782
f 946 782 949
f 955 950 949
f 782 955 949
f 783 955 782
f 955 783 962
f 951 784 773
f 956 784 951
f 785 952 775
f 785 957 952
f 959 958 788
f 788 958 787
f 960 959 789
f 959 788 789
f 791 974 790
f 961 974 791
f 777 961 791
f 953 961 777
f 962 783 793
f 962 793 963
f 965 964 794
f 794 784 956
f 794 956 965
f 803 957 785
f 803 979 957
f 795 787 966
f 787 967 966
f 787 958 967
f 789 795 960
f 966 960 795
f 960 966 968
f 969 968 966
f 970 968 969
f 796 797 971
f 798 972 797
f 797 972 971
f 973 972 798
f 973 798 790
f 973 790 974
f 963 806 975
f 793 806 963
f 800 801 1157
f 801 977 1157
f 978 801 802
f 978 977 801
f 802 794 964
f 802 964 978
f 803 804 979
f 979 804 980
f 966 967 981
f 966 982 969
f 966 981 982
f 796 971 805
f 983 805 971
f 805 983 982
f 970 982 983
f 982 970 969
f 983 971 972
f 807 1166 806
f 1166 975 806
f 808 985 984
f 809 986 808
f 976 986 809
f 987 976 799
f 986 976 987
f 1157 988 800
f 987 800 988
f 800 987 799
f 810 980 804
f 810 989 980
f 981 990 982
f 982 990 991
f 991 993 992
f 982 991 992
f 805 982 992
f 811 1166 807
f 994 1166 811
f 984 995 812
f 984 996 995
f 985 997 996
f 984 985 996
f 997 985 808
f 997 808 986
f 997 986 998
f 998 986 987
f 813 989 810
f 813 999 989
f 993 1178 1000
f 993 1000 814
f 992 993 814
f 1001 994 811
f 816 1001 811
f 817 1001 816
f 1002 1001 817
f 1002 817 819
f 1003 819 821
f 1003 1002 819
f 822 1003 821
f 822 608 1004
f 827 826 1182
f 826 1005 1182
f 1006 826 828
f 1006 1005 826
f 828 812 995
f 1007 828 995
f 1006 828 1007
f 1007 995 996
f 1009 835 1008
f 829 835 1009
f 813 829 999
f 999 829 1009
f 1000 1178 1010
f 1011 830 814
f 1000 1011 814
f 1010 1011 1000
f 831 830 1011
f 1004 833 1012
f 608 833 1004
f 1014 1013 824
f 1013 823 824
f 1013 834 823
f 1014 824 825
f 1014 825 1015
f 1015 827 1182
f 827 1015 825
f 836 1008 835
f 836 1016 1008
f 1011 1010 1017
f 1020 1011 1017
f 1020 831 1011
f 831 1021 832
f 1020 1021 831
f 1018 1012 833
f 834 1018 833
f 834 1013 1018
f 1016 844 1019
f 1016 836 844
f 1021 1023 1022
f 1021 1022 839
f 832 1021 839
f 1025 1024 840
f 841 1024 1026
f 845 1019 844
f 1027 1019 845
f 1022 1023 1028
f 1022 846 839
f 1028 846 1022
f 848 1029 847
f 1029 1030 847
f 1030 840 847
f 1030 1025 840
f 1026 1031 841
f 1033 1032 849
f 1033 849 850
f 849 1034 851
f 1032 1034 849
f 1034 1035 852
f 851 1034 852
f 853 1027 845
f 853 1044 1027
f 1037 1036 1028
f 1036 846 1028
f 1036 855 846
f 857 1038 1029
f 857 1029 848
f 859 1039 858
f 1039 1029 858
f 1029 1038 858
f 1029 1039 1030
f 859 1031 1039
f 674 1033 850
f 674 1040 1033
f 1042 1041 861
f 1042 852 1035
f 861 852 1042
f 863 864 1043
f 1044 863 1043
f 853 863 1044
f 1037 1046 1045
f 1036 1037 1045
f 855 1036 1045
f 1048 1045 1047
f 865 1045 1048
f 867 865 1048
f 867 1048 1223
f 1223 1049 869
f 1223 869 868
f 870 1049 1050
f 869 1049 870
f 1051 870 1050
f 857 1052 1038
f 872 1052 857
f 858 1038 1052
f 873 858 1052
f 1053 1040 674
f 1053 674 874
f 1041 860 861
f 860 1041 1054
f 1053 1054 1041
f 1054 1053 875
f 874 875 1053
f 1055 860 1054
f 1043 877 1056
f 864 877 1043
f 1045 1046 1047
f 868 867 1223
f 1051 1050 1057
f 1228 1051 1057
f 878 1051 1228
f 872 879 1058
f 1052 872 1058
f 873 1058 879
f 1052 1058 873
f 882 1059 881
f 1060 883 881
f 1060 881 1059
f 1061 883 1060
f 885 1062 1054
f 885 1054 875
f 1054 1063 1055
f 1054 1062 1063
f 1064 886 876
f 1055 1064 876
f 1063 1064 1055
f 886 1064 1065
f 887 886 1065
f 877 888 1056
f 888 1065 1056
f 888 887 1065
f 1228 1066 878
f 1066 1067 889
f 892 891 1068
f 894 892 1069
f 1068 1069 892
f 1069 895 894
f 896 1070 1059
f 896 1059 882
f 1059 1071 1060
f 1059 1070 1071
f 1071 897 1061
f 1060 1071 1061
f 909 1074 1073
f 1073 1075 1062
f 909 1073 1062
f 885 909 1062
f 1062 1075 1063
f 1063 1075 1076
f 1063 1076 1064
f 1064 1076 1077
f 1064 1077 1065
f 1067 1235 889
f 889 1235 900
f 901 900 1235
f 901 1235 1236
f 1079 1078 1068
f 891 1079 1068
f 901 1079 891
f 1068 1078 1069
f 1069 1078 1238
f 1238 1081 1080
f 1069 1238 1080
f 895 1069 1080
f 1082 902 910
f 903 1070 896
f 1070 903 897
f 1070 897 1071
f 906 1083 905
f 1083 907 905
f 1084 907 1083
f 1085 908 907
f 1085 907 1084
f 1072 899 908
f 1085 1072 908
f 1086 1072 1085
f 1074 909 1087
f 1087 909 1086
f 899 1086 909
f 1086 899 1072
f 1236 1088 901
f 1079 901 1088
f 1081 1089 1080
f 1080 1089 910
f 1089 1090 910
f 1082 910 1090
f 1082 1091 902
f 902 1091 911
f 911 1246 912
f 1091 1246 911
f 912 1092 916
f 1246 1092 912
f 1093 916 1092
f 915 1094 1083
f 915 1083 906
f 1083 1094 1095
f 1084 1095 1249
f 1084 1083 1095
f 1097 1096 1249
f 1096 1084 1249
f 1096 1085 1084
f 1085 1098 1086
f 1085 1096 1098
f 1087 1086 1099
f 1099 1086 1098
f 917 916 1093
f 1100 917 1093
f 1100 918 917
f 1102 1101 1094
f 915 1102 1094
f 921 1102 915
f 1094 1101 1095
f 1095 1101 1103
f 1095 1103 1249
f 1096 1097 1098
f 1098 1097 1104
f 1098 1104 1099
f 1100 1105 918
f 918 1105 922
f 1105 1106 1109
f 924 1105 1109
f 922 1105 924
f 1107 924 1109
f 925 924 1107
f 925 1108 927
f 1107 1108 925
f 1108 1102 927
f 1102 928 927
f 1102 921 928
f 1111 931 932
f 1111 1110 931
f 1112 932 933
f 1112 1111 932
f 1113 1112 933
f 934 931 1110
f 934 1110 1114
f 935 1113 933
f 935 1115 1113
f 936 1115 935
f 1275 936 937
f 1275 1115 936
f 1116 937 938
f 1116 1275 937
f 1116 938 1117
f 1114 940 934
f 1118 940 1114
f 1117 938 941
f 1117 941 1119
f 1123 1122 1120
f 1120 1122 1121
f 1123 1124 1122
f 942 940 1126
f 940 1127 1126
f 940 1118 1127
f 943 1119 941
f 943 1128 1119
f 1130 1129 945
f 945 1129 944
f 1131 945 954
f 1131 1130 945
f 1131 954 1121
f 954 1120 1121
f 954 1132 1120
f 1132 947 948
f 1123 1132 948
f 1120 1132 1123
f 1123 948 949
f 1123 949 1124
f 949 950 1124
f 950 1125 1124
f 950 1138 1125
f 1126 1127 1133
f 1133 1127 1134
f 1133 951 942
f 1133 942 1126
f 1128 943 1136
f 943 1135 1136
f 1135 1143 1136
f 943 952 1135
f 944 1137 953
f 1129 1137 944
f 1138 950 955
f 955 962 1138
f 1138 962 1146
f 1133 1134 1139
f 1139 1134 1140
f 1139 956 951
f 1139 951 1133
f 957 1141 1135
f 957 1135 952
f 1143 1141 1142
f 1143 1135 1141
f 1144 958 959
f 960 1144 959
f 1137 1145 953
f 1145 961 953
f 962 963 1146
f 1146 963 1147
f 1148 964 1140
f 965 1139 1140
f 965 1140 964
f 965 956 1139
f 979 1141 957
f 1142 1141 1150
f 1150 1141 979
f 1153 1152 1144
f 1152 967 1144
f 967 958 1144
f 1152 1151 967
f 1163 1153 968
f 1153 1144 968
f 1144 960 968
f 970 1163 968
f 1155 973 974
f 1155 1154 973
f 974 961 1145
f 974 1145 1155
f 1156 1147 963
f 1156 963 975
f 977 1158 1157
f 1158 977 1329
f 977 1159 1329
f 977 978 1159
f 978 964 1148
f 1160 978 1148
f 1159 978 1160
f 1160 1148 1149
f 980 1150 979
f 980 1161 1150
f 1162 967 1151
f 981 967 1162
f 983 1163 970
f 1164 1163 983
f 1165 983 972
f 1165 1164 983
f 972 973 1154
f 972 1154 1165
f 1167 975 1166
f 1156 975 1167
f 1168 988 1157
f 1168 1158 1169
f 1157 1158 1168
f 1169 1158 1329
f 989 1161 980
f 989 1170 1161
f 1162 1171 981
f 981 1171 990
f 991 1171 1172
f 990 1171 991
f 1172 993 991
f 1167 1166 1180
f 994 1180 1166
f 997 1350 996
f 1173 1350 997
f 1174 997 998
f 1174 1173 997
f 1175 998 987
f 1175 1174 998
f 987 988 1168
f 1176 987 1168
f 1175 987 1176
f 1176 1168 1169
f 999 1170 989
f 999 1177 1170
f 1172 1179 1178
f 1172 1178 993
f 1001 1180 994
f 1181 1180 1001
f 1181 1001 1002
f 1003 1181 1002
f 1005 1183 1182
f 1183 1005 1184
f 1005 1006 1184
f 1185 1006 1007
f 1185 1184 1006
f 1186 1007 996
f 1186 1185 1007
f 996 1350 1186
f 1008 1187 1009
f 1187 999 1009
f 1187 1177 999
f 1178 1179 1188
f 1188 1010 1178
f 1189 1004 1012
f 1189 1012 1190
f 1191 1190 1014
f 1014 1190 1013
f 1192 1014 1015
f 1192 1191 1014
f 1193 1015 1182
f 1192 1015 1193
f 1193 1182 1183
f 1016 1194 1008
f 1008 1194 1187
f 1195 1196 1010
f 1188 1195 1010
f 1017 1010 1196
f 1199 1198 1197
f 1190 1012 1018
f 1018 1013 1190
f 1200 1016 1019
f 1200 1194 1016
f 1195 1201 1196
f 1203 1202 1201
f 1202 1196 1201
f 1202 1017 1196
f 1204 1020 1017
f 1202 1204 1017
f 1205 1021 1020
f 1205 1020 1204
f 1205 1023 1021
f 1199 1197 1206
f 1207 1024 1025
f 1197 1207 1025
f 1206 1197 1025
f 1207 1197 1198
f 1026 1024 1207
f 1026 1207 1208
f 1027 1209 1019
f 1200 1019 1218
f 1218 1019 1209
f 1202 1203 1204
f 1204 1203 1382
f 1204 1382 1205
f 1205 1382 1384
f 1023 1205 1384
f 1210 1023 1384
f 1028 1023 1210
f 1025 1030 1206
f 1030 1211 1206
f 1211 1030 1212
f 1208 1211 1212
f 1031 1208 1212
f 1026 1208 1031
f 1033 1213 1032
f 1214 1034 1032
f 1214 1032 1213
f 1214 1035 1034
f 1217 1216 1215
f 1216 1218 1209
f 1044 1216 1209
f 1027 1044 1209
f 1215 1216 1044
f 1210 1219 1028
f 1037 1028 1219
f 1039 1212 1030
f 1212 1039 1031
f 1040 1220 1213
f 1040 1213 1033
f 1220 1041 1042
f 1214 1220 1042
f 1213 1220 1214
f 1214 1042 1035
f 1225 1217 1215
f 1043 1225 1215
f 1044 1043 1215
f 1219 1221 1037
f 1046 1037 1221
f 1227 1222 1048
f 1227 1048 1047
f 1048 1224 1223
f 1222 1224 1048
f 1224 1049 1223
f 1395 1049 1224
f 1050 1049 1395
f 1053 1220 1040
f 1220 1053 1041
f 1226 1225 1043
f 1056 1226 1043
f 1221 1227 1046
f 1047 1046 1227
f 1395 1398 1050
f 1050 1399 1057
f 1398 1399 1050
f 1228 1057 1399
f 1234 1229 1065
f 1056 1065 1226
f 1226 1065 1229
f 1228 1230 1066
f 1067 1230 1231
f 1066 1230 1067
f 1405 1404 1073
f 1405 1073 1074
f 1073 1232 1075
f 1404 1232 1073
f 1075 1233 1076
f 1232 1233 1075
f 1076 1234 1077
f 1233 1234 1076
f 1065 1077 1234
f 1231 1235 1067
f 1079 1237 1078
f 1238 1078 1237
f 1087 1405 1074
f 1087 1239 1405
f 1088 1236 1240
f 1236 1241 1240
f 1237 1079 1088
f 1240 1237 1088
f 1242 1237 1240
f 1237 1243 1238
f 1237 1242 1243
f 1238 1243 1081
f 1243 1410 1081
f 1410 1089 1081
f 1089 1244 1090
f 1410 1244 1089
f 1090 1245 1082
f 1090 1244 1245
f 1245 1091 1082
f 1245 1246 1091
f 1246 1247 1092
f 1092 1248 1093
f 1247 1248 1092
f 1099 1239 1087
f 1099 1250 1239
f 1241 1251 1240
f 1240 1251 1242
f 1242 1251 1252
f 1242 1252 1243
f 1243 1252 1253
f 1243 1253 1410
f 1248 1420 1093
f 1093 1420 1100
f 1102 1261 1101
f 1254 1101 1261
f 1103 1101 1254
f 1103 1255 1249
f 1103 1254 1255
f 1249 1255 1097
f 1255 1256 1097
f 1097 1414 1104
f 1256 1414 1097
f 1099 1104 1250
f 1250 1104 1414
f 1420 1257 1100
f 1100 1257 1105
f 1106 1105 1257
f 1109 1258 1107
f 1107 1258 1259
f 1260 1107 1259
f 1108 1107 1260
f 1102 1108 1261
f 1108 1260 1261
f 1109 1106 1264
f 1106 1262 1264
f 1106 1257 1262
f 1264 1263 1109
f 1263 1258 1109
f 1258 1263 1259
f 1111 1266 1110
f 1110 1266 1265
f 1112 1267 1111
f 1111 1267 1266
f 1112 1113 1267
f 1110 1265 1114
f 1265 1268 1114
f 1265 1269 1268
f 1270 1265 1266
f 1269 1265 1270
f 1270 1266 1267
f 1271 1267 1113
f 1272 1271 1113
f 1115 1272 1113
f 1273 1271 1272
f 1274 1115 1275
f 1274 1272 1115
f 1276 1116 1117
f 1276 1275 1116
f 1278 1118 1268
f 1268 1118 1114
f 1279 1268 1269
f 1278 1268 1279
f 1280 1269 1270
f 1279 1269 1280
f 1281 1270 1267
f 1280 1270 1281
f 1271 1273 1282
f 1281 1271 1282
f 1267 1271 1281
f 1117 1119 1276
f 1119 1277 1276
f 1119 1283 1277
f 1131 1285 1130
f 1121 1285 1131
f 1121 1441 1285
f 1286 1121 1122
f 1286 1441 1121
f 1287 1122 1124
f 1287 1286 1122
f 1124 1125 1287
f 1287 1125 1288
f 1289 1127 1278
f 1278 1127 1118
f 1289 1279 1449
f 1278 1279 1289
f 1449 1279 1280
f 1449 1280 1290
f 1292 1291 1290
f 1280 1292 1290
f 1281 1292 1280
f 1281 1282 1292
f 1128 1294 1293
f 1283 1128 1293
f 1119 1128 1283
f 1294 1295 1293
f 1284 1129 1130
f 1284 1298 1129
f 1288 1138 1299
f 1125 1138 1288
f 1300 1134 1289
f 1289 1134 1127
f 1289 1449 1455
f 1289 1455 1300
f 1136 1294 1128
f 1295 1294 1301
f 1294 1143 1301
f 1143 1302 1301
f 1143 1294 1136
f 1305 1304 1303
f 1305 1303 1297
f 1303 1296 1297
f 1303 1306 1296
f 1297 1296 1307
f 1307 1296 1306
f 1298 1137 1129
f 1316 1137 1298
f 1138 1146 1299
f 1146 1308 1299
f 1309 1140 1300
f 1300 1140 1134
f 1310 1300 1455
f 1309 1300 1310
f 1311 1310 1455
f 1142 1312 1143
f 1312 1302 1143
f 1304 1313 1303
f 1303 1313 1306
f 1306 1313 1314
f 1306 1314 1307
f 1316 1315 1137
f 1137 1315 1145
f 1317 1308 1146
f 1146 1147 1317
f 1309 1148 1140
f 1148 1309 1149
f 1309 1318 1149
f 1309 1310 1318
f 1310 1311 1319
f 1310 1319 1318
f 1142 1320 1312
f 1150 1320 1142
f 1322 1321 1152
f 1152 1321 1151
f 1323 1152 1153
f 1323 1322 1152
f 1325 1324 1163
f 1324 1153 1163
f 1324 1323 1153
f 1325 1326 1324
f 1154 1328 1327
f 1154 1155 1328
f 1155 1145 1315
f 1155 1315 1328
f 1147 1156 1338
f 1317 1147 1338
f 1160 1330 1159
f 1159 1330 1329
f 1149 1318 1160
f 1318 1330 1160
f 1318 1331 1330
f 1318 1319 1331
f 1161 1320 1150
f 1161 1332 1320
f 1151 1321 1333
f 1333 1162 1151
f 1163 1164 1325
f 1164 1334 1325
f 1334 1326 1325
f 1164 1335 1334
f 1165 1336 1164
f 1164 1336 1335
f 1337 1336 1165
f 1337 1165 1154
f 1327 1337 1154
f 1156 1339 1338
f 1156 1167 1339
f 1329 1340 1169
f 1330 1342 1341
f 1340 1330 1341
f 1329 1330 1340
f 1342 1330 1331
f 1342 1331 1343
f 1170 1345 1344
f 1332 1170 1344
f 1161 1170 1332
f 1345 1346 1344
f 1333 1347 1162
f 1347 1171 1162
f 1347 1490 1171
f 1172 1171 1490
f 1348 1334 1335
f 1348 1335 1336
f 1348 1336 1337
f 1339 1180 1349
f 1167 1180 1339
f 1180 1359 1349
f 1173 1351 1350
f 1173 1352 1351
f 1173 1174 1352
f 1353 1352 1174
f 1354 1174 1175
f 1354 1353 1174
f 1354 1175 1176
f 1355 1176 1169
f 1354 1176 1355
f 1355 1169 1340
f 1355 1340 1341
f 1177 1356 1345
f 1177 1345 1170
f 1346 1345 1357
f 1345 1356 1357
f 1490 1358 1172
f 1179 1172 1358
f 1181 1359 1180
f 1360 1359 1181
f 1361 1181 1003
f 1361 1360 1181
f 1644 1003 822
f 822 1004 1644
f 1185 1507 1184
f 1184 1507 1362
f 1185 1363 1507
f 1185 1186 1363
f 1364 1186 1350
f 1363 1186 1364
f 1364 1350 1351
f 1187 1365 1356
f 1187 1356 1177
f 1356 1366 1357
f 1356 1365 1366
f 1358 1188 1179
f 1367 1188 1358
f 1653 1644 1004
f 1653 1004 1189
f 1368 1189 1190
f 1368 1653 1189
f 1191 1368 1190
f 1192 1368 1191
f 1369 1192 1193
f 1370 1193 1183
f 1370 1369 1193
f 1183 1184 1362
f 1370 1183 1362
f 1365 1187 1194
f 1371 1365 1194
f 1366 1371 1376
f 1366 1365 1371
f 1195 1188 1377
f 1188 1372 1377
f 1188 1367 1372
f 1199 1373 1198
f 1375 1374 1194
f 1200 1375 1194
f 1194 1374 1371
f 1371 1374 1376
f 1377 1201 1195
f 1377 1378 1201
f 1203 1201 1378
f 1206 1373 1199
f 1379 1207 1198
f 1373 1379 1198
f 1206 1379 1373
f 1379 1208 1207
f 1218 1375 1200
f 1218 1380 1375
f 1378 1381 1203
f 1381 1383 1382
f 1203 1381 1382
f 1206 1211 1379
f 1379 1211 1208
f 1386 1385 1216
f 1386 1216 1217
f 1216 1387 1218
f 1385 1387 1216
f 1380 1218 1387
f 1382 1383 1384
f 1384 1383 1388
f 1388 1389 1219
f 1384 1388 1219
f 1210 1384 1219
f 1225 1386 1217
f 1225 1390 1386
f 1389 1391 1221
f 1219 1389 1221
f 1392 1221 1391
f 1392 1227 1221
f 1392 1222 1227
f 1393 1222 1392
f 1222 1394 1224
f 1393 1394 1222
f 1394 1395 1224
f 1397 1225 1226
f 1390 1225 1397
f 1396 1398 1395
f 1228 1399 1400
f 1229 1234 1401
f 1402 1229 1401
f 1403 1229 1402
f 1226 1229 1397
f 1397 1229 1403
f 1228 1400 1230
f 1231 1230 1400
f 1231 1400 1539
f 1232 1406 1233
f 1404 1406 1232
f 1234 1406 1401
f 1234 1233 1406
f 1231 1407 1235
f 1236 1235 1407
f 1236 1407 1545
f 1239 1408 1405
f 1545 1241 1236
f 1409 1241 1545
f 1244 1411 1245
f 1410 1411 1244
f 1245 1412 1246
f 1411 1412 1245
f 1246 1413 1247
f 1412 1413 1246
f 1248 1413 1551
f 1247 1413 1248
f 1415 1414 1553
f 1415 1408 1414
f 1408 1250 1414
f 1408 1239 1250
f 1409 1416 1241
f 1241 1416 1251
f 1251 1417 1252
f 1416 1417 1251
f 1252 1418 1253
f 1417 1418 1252
f 1410 1253 1419
f 1253 1418 1419
f 1248 1551 1420
f 1427 1421 1261
f 1421 1254 1261
f 1422 1254 1421
f 1254 1423 1255
f 1422 1423 1254
f 1553 1256 1423
f 1256 1255 1423
f 1256 1553 1414
f 1551 1424 1420
f 1420 1424 1257
f 1260 1259 1425
f 1426 1260 1425
f 1427 1260 1426
f 1261 1260 1427
f 1257 1424 1428
f 1428 1262 1257
f 1429 1425 1263
f 1263 1425 1259
f 1428 1430 1262
f 1430 1264 1262
f 1430 1431 1264
f 1263 1264 1429
f 1429 1264 1431
f 1272 1433 1432
f 1272 1274 1433
f 1434 1274 1275
f 1434 1433 1274
f 1435 1275 1276
f 1435 1434 1275
f 1276 1277 1435
f 1435 1277 1436
f 1285 1439 1437
f 1441 1440 1285
f 1285 1440 1439
f 1441 1442 1440
f 1443 1282 1273
f 1432 1443 1273
f 1272 1432 1273
f 1283 1293 1444
f 1436 1283 1444
f 1277 1283 1436
f 1293 1445 1444
f 1437 1438 1130
f 1438 1284 1130
f 1438 1447 1284
f 1437 1130 1285
f 1441 1286 1442
f 1286 1448 1442
f 1287 1448 1286
f 1287 1288 1448
f 1290 1450 1449
f 1291 1450 1290
f 1591 1282 1443
f 1591 1292 1282
f 1293 1295 1445
f 1295 1446 1445
f 1295 1451 1446
f 1447 1298 1284
f 1453 1298 1447
f 1454 1448 1288
f 1454 1288 1299
f 1456 1449 1450
f 1455 1449 1456
f 1456 1450 1291
f 1457 1456 1291
f 1292 1457 1291
f 1458 1456 1457
f 1292 1591 1457
f 1302 1597 1301
f 1597 1295 1301
f 1597 1451 1295
f 1452 1304 1305
f 1452 1459 1304
f 1305 1460 1452
f 1460 1305 1297
f 1297 1461 1460
f 1297 1307 1461
f 1453 1462 1316
f 1298 1453 1316
f 1308 1454 1299
f 1308 1463 1454
f 1455 1464 1311
f 1455 1456 1464
f 1456 1458 1465
f 1456 1465 1464
f 1302 1466 1597
f 1312 1466 1302
f 1459 1467 1304
f 1304 1467 1313
f 1467 1469 1468
f 1314 1467 1468
f 1313 1467 1314
f 1468 1470 1314
f 1470 1307 1314
f 1470 1461 1307
f 1462 1315 1316
f 1462 1471 1315
f 1308 1317 1612
f 1463 1308 1612
f 1465 1472 1464
f 1472 1311 1464
f 1472 1319 1311
f 1320 1473 1312
f 1473 1466 1312
f 1468 1469 1322
f 1469 1321 1322
f 1469 1474 1321
f 1475 1470 1468
f 1322 1475 1468
f 1323 1475 1322
f 1476 1323 1324
f 1476 1475 1323
f 1324 1326 1476
f 1476 1326 1477
f 1471 1478 1328
f 1328 1478 1327
f 1328 1315 1471
f 1317 1479 1612
f 1317 1338 1479
f 1472 1331 1319
f 1620 1331 1472
f 1332 1486 1320
f 1320 1486 1473
f 1474 1333 1321
f 1480 1333 1474
f 1477 1334 1481
f 1326 1334 1477
f 1625 1337 1327
f 1478 1625 1327
f 1483 1479 1338
f 1338 1339 1483
f 1484 1341 1342
f 1342 1485 1484
f 1342 1343 1485
f 1343 1331 1620
f 1343 1620 1485
f 1486 1332 1344
f 1487 1344 1346
f 1487 1486 1344
f 1347 1333 1488
f 1333 1489 1488
f 1333 1480 1489
f 1490 1347 1488
f 1348 1481 1334
f 1491 1482 1481
f 1348 1491 1481
f 1337 1491 1348
f 1491 1337 1625
f 1492 1339 1349
f 1493 1349 1359
f 1493 1492 1349
f 1359 1494 1493
f 1352 1495 1351
f 1353 1495 1352
f 1496 1353 1354
f 1497 1496 1354
f 1497 1355 1498
f 1497 1354 1355
f 1355 1499 1498
f 1355 1341 1499
f 1499 1341 1484
f 1500 1346 1357
f 1487 1346 1500
f 1487 1500 1501
f 1503 1502 1489
f 1502 1488 1489
f 1502 1490 1488
f 1504 1358 1490
f 1502 1504 1490
f 1359 1360 1494
f 1360 1505 1494
f 1361 1505 1360
f 1644 1361 1003
f 1507 1508 1506
f 1363 1508 1507
f 1509 1363 1364
f 1509 1508 1363
f 1647 1364 1351
f 1647 1509 1364
f 1351 1495 1647
f 1500 1357 1366
f 1500 1366 1510
f 1511 1502 1503
f 1511 1504 1502
f 1511 1367 1358
f 1511 1358 1504
f 1952 1653 1368
f 1192 1952 1368
f 1512 1369 1370
f 1512 1362 1506
f 1370 1362 1512
f 1506 1362 1507
f 1376 1513 1510
f 1376 1510 1366
f 1503 1514 1511
f 1367 1511 1514
f 1515 1367 1514
f 1372 1367 1515
f 1517 1516 1374
f 1517 1374 1375
f 1376 1516 1513
f 1376 1374 1516
f 1515 1518 1372
f 1372 1518 1377
f 1377 1519 1378
f 1518 1519 1377
f 1380 1517 1375
f 1380 1520 1517
f 1519 1521 1378
f 1378 1521 1381
f 1383 1381 1521
f 1385 1386 1522
f 1665 1385 1522
f 1666 1385 1665
f 1385 1523 1387
f 1666 1523 1385
f 1380 1387 1520
f 1520 1387 1523
f 1521 1524 1383
f 1388 1524 1525
f 1383 1524 1388
f 1525 1389 1388
f 1522 1390 1526
f 1386 1390 1522
f 1525 1671 1389
f 1391 1389 1671
f 1391 1671 1527
f 1529 1528 1392
f 1529 1392 1391
f 1392 1530 1393
f 1528 1530 1392
f 1393 1531 1394
f 1530 1531 1393
f 1394 1675 1395
f 1531 1675 1394
f 1396 1395 1675
f 1534 1532 1533
f 1526 1390 1397
f 1538 1526 1397
f 1529 1391 1527
f 1675 1679 1396
f 1396 1679 1398
f 1398 1535 1399
f 1679 1535 1398
f 1400 1399 1535
f 1400 1535 1536
f 1533 1532 1402
f 1401 1533 1402
f 1537 1533 1401
f 1534 1538 1532
f 1538 1402 1532
f 1538 1403 1402
f 1397 1403 1538
f 1536 1539 1400
f 1541 1540 1404
f 1541 1404 1405
f 1540 1542 1404
f 1404 1543 1406
f 1542 1543 1404
f 1401 1406 1537
f 1537 1406 1543
f 1539 1544 1231
f 1544 1546 1545
f 1407 1544 1545
f 1231 1544 1407
f 1408 1541 1405
f 1408 1547 1541
f 1545 1546 1548
f 1548 1409 1545
f 1419 1560 1410
f 1692 1410 1560
f 1411 1410 1692
f 1692 1549 1411
f 1411 1550 1412
f 1549 1550 1411
f 1550 1694 1551
f 1413 1550 1551
f 1412 1550 1413
f 1553 1423 1552
f 1553 1554 1415
f 1408 1415 1547
f 1547 1415 1554
f 1548 1555 1409
f 1555 1416 1409
f 1555 1556 1416
f 1417 1556 1557
f 1416 1556 1417
f 1558 1417 1557
f 1418 1417 1558
f 1418 1559 1419
f 1558 1559 1418
f 1419 1559 1560
f 1694 1561 1551
f 1704 1421 1427
f 1562 1421 1704
f 1421 1563 1422
f 1562 1563 1421
f 1552 1423 1563
f 1423 1422 1563
f 1564 1565 1424
f 1561 1564 1424
f 1551 1561 1424
f 1567 1566 1426
f 1567 1426 1425
f 1427 1426 1566
f 1424 1565 1568
f 1569 1424 1568
f 1428 1424 1569
f 1567 1429 1570
f 1567 1425 1429
f 1569 1571 1428
f 1428 1571 1430
f 1570 1431 1571
f 1431 1430 1571
f 1431 1570 1429
f 1574 1573 1572
f 1572 1575 1574
f 1572 1573 1576
f 1575 1572 1577
f 1577 1572 1576
f 1433 1578 1432
f 1579 1433 1434
f 1579 1578 1433
f 1580 1434 1435
f 1580 1579 1434
f 1435 1436 1580
f 1580 1436 1581
f 1583 1582 1437
f 1437 1582 1438
f 1439 1576 1573
f 1583 1439 1573
f 1437 1439 1583
f 1584 1577 1576
f 1439 1584 1576
f 1440 1584 1439
f 1585 1440 1442
f 1585 1584 1440
f 1585 1442 1586
f 1432 1587 1443
f 1432 1578 1587
f 1588 1581 1436
f 1588 1436 1444
f 1589 1444 1445
f 1589 1588 1444
f 1445 1446 1589
f 1589 1446 1590
f 1582 1447 1438
f 1586 1442 1448
f 1586 1448 1594
f 1592 1591 1443
f 1443 1587 1592
f 1451 1590 1446
f 1451 1593 1590
f 1582 1453 1447
f 1746 1453 1582
f 1594 1448 1454
f 1594 1454 1595
f 1591 1596 1457
f 1598 1593 1597
f 1593 1451 1597
f 1599 1459 1452
f 1600 1599 1452
f 1460 1600 1452
f 1601 1599 1600
f 1460 1461 1600
f 1600 1461 1602
f 1462 1453 1746
f 1462 1746 1603
f 1595 1463 1604
f 1454 1463 1595
f 1605 1458 1457
f 1605 1465 1458
f 1605 1457 1596
f 1466 1598 1597
f 1606 1598 1466
f 1599 1467 1459
f 1469 1467 1599
f 1601 1469 1599
f 1607 1469 1601
f 1470 1609 1608
f 1602 1470 1608
f 1461 1470 1602
f 1603 1611 1610
f 1471 1603 1610
f 1462 1603 1471
f 1612 1604 1463
f 1613 1604 1612
f 1614 1768 1465
f 1465 1768 1472
f 1465 1605 1614
f 1473 1606 1466
f 1473 1615 1606
f 1607 1474 1469
f 1616 1474 1607
f 1475 1609 1470
f 1475 1617 1609
f 1476 1617 1475
f 1476 1477 1617
f 1617 1477 1623
f 1618 1478 1610
f 1478 1471 1610
f 1479 1613 1612
f 1479 1619 1613
f 1768 1620 1472
f 1615 1473 1621
f 1473 1486 1621
f 1616 1480 1474
f 1777 1480 1616
f 1623 1477 1481
f 1481 1482 1623
f 1623 1482 1624
f 1625 1618 1626
f 1625 1478 1618
f 1483 1619 1479
f 1483 1339 1627
f 1629 1628 1485
f 1485 1628 1484
f 1485 1620 1629
f 1486 1487 1621
f 1487 1622 1621
f 1487 1640 1622
f 1777 1489 1480
f 1784 1489 1777
f 1630 1624 1482
f 1630 1482 1491
f 1630 1625 1626
f 1491 1625 1630
f 1631 1627 1339
f 1631 1339 1492
f 1632 1492 1493
f 1632 1631 1492
f 1633 1493 1494
f 1633 1632 1493
f 1505 1634 1494
f 1634 1633 1494
f 1636 1495 1353
f 1636 1635 1495
f 1636 1496 1648
f 1636 1353 1496
f 1497 1649 1496
f 1496 1649 1648
f 1498 1649 1497
f 1638 1637 1499
f 1499 1637 1498
f 1639 1499 1484
f 1639 1638 1499
f 1484 1628 1639
f 1641 1640 1501
f 1641 1501 1500
f 1487 1501 1640
f 1503 1489 1784
f 1503 1784 1642
f 1643 1634 1505
f 1361 1643 1505
f 1644 1643 1361
f 1506 1794 1645
f 1506 1508 1794
f 1646 1794 1508
f 1509 1646 1508
f 1647 1495 1635
f 1650 1649 1498
f 1498 1637 1650
f 1641 1510 1651
f 1641 1500 1510
f 1503 1642 1652
f 1369 1952 1192
f 1654 1369 1512
f 1645 1512 1506
f 1654 1512 1645
f 1656 1651 1513
f 1513 1651 1510
f 1652 1655 1514
f 1503 1652 1514
f 1655 1515 1514
f 1657 1656 1516
f 1657 1516 1517
f 1513 1516 1656
f 1655 1658 1515
f 1658 1518 1515
f 1658 1659 1518
f 1659 1661 1519
f 1518 1659 1519
f 1520 1657 1517
f 1520 1660 1657
f 1661 1662 1521
f 1519 1661 1521
f 1665 1522 1663
f 1664 1665 1663
f 1666 1667 1523
f 1520 1523 1660
f 1660 1523 1667
f 1662 1524 1521
f 1662 1668 1524
f 1525 1524 1668
f 1663 1669 1670
f 1526 1669 1522
f 1522 1669 1663
f 1668 1823 1525
f 1525 1823 1671
f 1672 1528 1529
f 1528 1673 1530
f 1672 1673 1528
f 1530 1674 1531
f 1673 1674 1530
f 1531 1674 1675
f 1676 1820 1533
f 1669 1538 1534
f 1820 1669 1534
f 1533 1820 1534
f 1670 1669 1820
f 1526 1538 1669
f 1823 1677 1671
f 1671 1677 1527
f 1677 1678 1527
f 1529 1527 1672
f 1672 1527 1678
f 1674 1831 1675
f 1831 1679 1675
f 1679 1680 1535
f 1536 1535 1680
f 1536 1680 1681
f 1969 1543 1682
f 1969 1676 1543
f 1676 1537 1543
f 1676 1533 1537
f 1536 1684 1539
f 1536 1681 1684
f 1686 1685 1540
f 1686 1540 1541
f 1682 1542 1683
f 1542 1685 1683
f 1542 1540 1685
f 1542 1682 1543
f 1684 1687 1539
f 1687 1544 1539
f 1687 1688 1544
f 1546 1544 1688
f 1546 1688 1689
f 1686 1547 1690
f 1686 1541 1547
f 1689 1548 1546
f 1691 1548 1689
f 1693 1549 1692
f 1694 1550 1549
f 1694 1549 1693
f 1841 1695 1563
f 1695 1552 1563
f 1552 1696 1553
f 1695 1696 1552
f 1554 1696 1690
f 1554 1553 1696
f 1554 1690 1547
f 1691 1697 1548
f 1548 1697 1555
f 1556 1697 1844
f 1555 1697 1556
f 1844 1557 1556
f 1698 1847 1558
f 1698 1558 1557
f 1558 1699 1559
f 1847 1699 1558
f 1559 1849 1560
f 1699 1849 1559
f 1560 1700 1692
f 1560 1849 1700
f 1692 1700 1693
f 1693 1700 1701
f 1693 1701 1694
f 1694 1701 1702
f 1702 1707 1561
f 1694 1702 1561
f 1704 1427 1703
f 1704 1841 1562
f 1705 1841 1704
f 1563 1562 1841
f 1844 1706 1557
f 1698 1557 1706
f 1707 1564 1561
f 1707 1708 1564
f 1565 1564 1708
f 1567 1709 1703
f 1566 1567 1703
f 1566 1703 1427
f 1708 1710 1565
f 1565 1710 1568
f 1711 1571 1569
f 1568 1711 1569
f 1710 1711 1568
f 1571 1711 1709
f 1570 1571 1709
f 1570 1709 1567
f 1713 1712 1574
f 1574 1712 1573
f 1574 1575 1713
f 1713 1575 1714
f 1715 1573 1712
f 1577 1584 1716
f 1714 1577 1716
f 1575 1577 1714
f 1717 1719 1584
f 1584 1719 1716
f 1718 1719 1717
f 1720 1719 1718
f 1720 1721 1719
f 1722 1721 1720
f 1724 1723 1722
f 1722 1723 1721
f 1724 1725 1723
f 1578 1727 1726
f 1578 1579 1727
f 1728 1579 1580
f 1728 1727 1579
f 1730 1729 1581
f 1729 1580 1581
f 1729 1728 1580
f 1730 1731 1729
f 1715 1732 1583
f 1583 1732 1582
f 1583 1573 1715
f 1584 1585 1717
f 1717 1585 1586
f 1733 1717 1586
f 1718 1717 1733
f 1718 1734 1720
f 1718 1733 1734
f 1720 1734 1735
f 1720 1741 1722
f 1720 1735 1741
f 1722 1742 1724
f 1722 1741 1742
f 1725 1724 1736
f 1736 1724 1742
f 1737 1587 1578
f 1726 1737 1578
f 1588 1730 1581
f 1588 1589 1730
f 1589 1738 1730
f 1738 1731 1730
f 1589 1590 1738
f 1882 1582 1732
f 1733 1586 1594
f 1739 1733 1594
f 1734 1733 1739
f 1884 1735 1740
f 1735 1739 1740
f 1735 1734 1739
f 1735 1884 1741
f 1744 1743 1592
f 1592 1743 1591
f 1737 1592 1587
f 1744 1592 1737
f 1738 1590 1745
f 1593 1745 1590
f 1882 1747 1746
f 1582 1882 1746
f 1594 1595 1739
f 1595 1740 1739
f 1595 1748 1740
f 1743 1596 1591
f 1749 1596 1743
f 1750 1745 1598
f 1598 1745 1593
f 1752 1751 1600
f 1600 1751 1601
f 1754 1753 1602
f 1753 1600 1602
f 1753 1752 1600
f 1754 1755 1753
f 1746 1747 1603
f 1747 1756 1603
f 1595 1604 1757
f 1748 1595 1757
f 1749 1758 1605
f 1605 1596 1749
f 1606 1750 1598
f 1606 1759 1750
f 1761 1607 1760
f 1607 1751 1760
f 1607 1601 1751
f 1754 1762 1608
f 1762 1754 1760
f 1602 1760 1754
f 1760 1602 1761
f 1608 1761 1602
f 1761 1608 1762
f 1609 1763 1608
f 1763 1755 1608
f 1755 1754 1608
f 1610 1611 1764
f 1611 1765 1764
f 1611 1766 1765
f 1611 1603 1756
f 1611 1756 1766
f 1604 1767 1757
f 1604 1613 1767
f 1614 1605 1758
f 1615 1759 1606
f 1615 1775 1759
f 1761 1616 1607
f 1761 1762 1769
f 1617 1763 1609
f 1771 1770 1623
f 1623 1770 1617
f 1770 1763 1617
f 1773 1772 1771
f 1771 1772 1770
f 1772 1773 1764
f 1773 1618 1764
f 1764 1618 1610
f 1619 1767 1613
f 1619 1779 1767
f 1774 1620 1768
f 1775 1615 1621
f 1621 1622 1775
f 1775 1622 1776
f 1761 1777 1616
f 1761 1769 1778
f 1761 1778 1777
f 1771 1623 1624
f 1626 1771 1624
f 1773 1771 1626
f 1626 1618 1773
f 1779 1619 1483
f 1483 1627 1779
f 1779 1627 1780
f 1782 1781 1629
f 1629 1781 1628
f 1629 1620 1774
f 1629 1774 1782
f 1640 1776 1622
f 1640 1783 1776
f 1777 1778 1927
f 1777 1927 1784
f 1630 1626 1624
f 1631 1780 1627
f 1785 1631 1632
f 1633 1785 1632
f 1786 1633 1634
f 1788 1635 1636
f 1788 1787 1635
f 1636 1648 1788
f 1790 1789 1638
f 1638 1789 1637
f 1781 1638 1639
f 1781 1790 1638
f 1639 1628 1781
f 1791 1640 1641
f 1783 1640 1791
f 1927 1792 1642
f 1927 1642 1784
f 1793 1786 1634
f 1793 1634 1643
f 1644 1793 1643
f 1646 1943 1794
f 1646 1795 1943
f 1646 1509 1795
f 1796 1509 1647
f 1796 1795 1509
f 1647 1635 1787
f 1647 1787 1796
f 1797 1788 1648
f 1798 1648 1649
f 1798 1797 1648
f 1789 1649 1650
f 1789 1798 1649
f 1650 1637 1789
f 1799 1641 1651
f 1799 1791 1641
f 1792 1652 1642
f 1792 1800 1652
f 1653 1951 1644
f 1953 1952 1369
f 1953 1369 1654
f 1801 1654 1645
f 1801 1953 1654
f 1802 1645 1794
f 1801 1645 1802
f 1802 1794 1943
f 1805 1803 1804
f 1806 1799 1651
f 1656 1806 1651
f 1800 1655 1652
f 1956 1655 1800
f 1807 1808 1804
f 1803 1807 1804
f 1809 1807 1803
f 1806 1656 1657
f 1803 1806 1657
f 1809 1803 1657
f 1806 1803 1805
f 1956 1810 1655
f 1655 1810 1658
f 1658 1811 1659
f 1810 1811 1658
f 1661 1659 1811
f 1661 1811 1812
f 1808 1807 1813
f 1808 1813 1814
f 1815 1807 1809
f 1813 1807 1815
f 1660 1815 1657
f 1657 1815 1809
f 1662 1661 1812
f 1662 1812 1816
f 1818 1817 1664
f 1818 1664 1663
f 1664 1964 1665
f 1817 1964 1664
f 1813 1666 1814
f 1666 1964 1814
f 1666 1665 1964
f 1666 1813 1667
f 1667 1813 1815
f 1667 1815 1660
f 1816 1819 1662
f 1662 1819 1668
f 1821 1818 1820
f 1818 1670 1820
f 1818 1663 1670
f 1819 1822 1668
f 1822 1824 1823
f 1668 1822 1823
f 1969 1821 1820
f 1676 1969 1820
f 1824 1677 1823
f 1824 1826 1677
f 1677 1827 1678
f 1826 1827 1677
f 1678 1828 1672
f 1678 1827 1828
f 1672 1828 1673
f 1673 1828 1829
f 1673 1829 1674
f 1674 1829 1830
f 1830 1831 1674
f 1831 1832 1679
f 1680 1832 1833
f 1679 1832 1680
f 1833 1681 1680
f 1683 1834 1825
f 1682 1683 1825
f 1682 1825 1969
f 1835 1681 1833
f 1684 1681 1835
f 1836 1834 1683
f 1686 1836 1683
f 1685 1686 1683
f 1835 1992 1684
f 1684 1992 1687
f 1687 1993 1688
f 1992 1993 1687
f 1689 1688 1993
f 1991 1838 1837
f 1838 1991 1836
f 1690 1838 1836
f 1690 1836 1686
f 1993 1691 1689
f 1839 1691 1993
f 1842 1841 1840
f 1841 1842 1837
f 1695 1841 1837
f 1695 1837 1696
f 1696 1837 1838
f 1696 1838 1690
f 1839 1843 1691
f 1691 1843 1697
f 1697 1845 1844
f 1843 1845 1697
f 1846 1698 1844
f 1846 1844 1845
f 1846 1847 1698
f 1847 1848 1699
f 1848 1855 1849
f 1699 1848 1849
f 1856 1700 1849
f 1700 1856 1850
f 1701 1700 1850
f 1701 1851 1702
f 1850 1851 1701
f 1707 1702 1851
f 1707 1851 1852
f 1704 1703 1853
f 1854 1704 1853
f 1705 1854 1840
f 1705 1704 1854
f 1705 1840 1841
f 1706 1844 1698
f 1849 1855 1856
f 1852 1857 1707
f 1708 1857 2013
f 1707 1857 1708
f 1709 1858 1853
f 1709 1853 1703
f 2013 1710 1708
f 2013 1859 1710
f 1858 1711 1859
f 1711 1710 1859
f 1711 1858 1709
f 1861 1860 1713
f 1713 1860 1712
f 1863 1862 1714
f 1862 1713 1714
f 1862 1861 1713
f 1865 1864 1863
f 1863 1864 1862
f 1867 1866 1865
f 1865 1866 1864
f 1721 1868 1867
f 1867 1868 1866
f 1715 1860 1870
f 1712 1860 1715
f 1716 1863 1714
f 1863 1716 1719
f 1863 1719 1865
f 1865 1719 1721
f 1865 1721 1867
f 1872 1868 1721
f 1723 1872 1721
f 1723 1725 1872
f 1872 1725 1873
f 1875 1874 1727
f 1727 1874 1726
f 1875 1728 1869
f 1727 1728 1875
f 1728 1876 1869
f 1729 1876 1728
f 1729 1731 1876
f 1876 1731 1877
f 1871 1878 1870
f 1878 1732 1870
f 1732 1715 1870
f 1736 1879 1880
f 1873 1736 1880
f 1725 1736 1873
f 1726 1881 1737
f 1726 1874 1881
f 1738 1877 1731
f 1882 1878 1883
f 1882 1732 1878
f 1885 1741 1884
f 1886 1742 1741
f 1886 1741 1885
f 1879 1736 1742
f 1886 1879 1742
f 1896 1879 1886
f 1880 1879 1887
f 1887 1879 1896
f 1888 1743 1744
f 1888 1744 1889
f 1744 1737 1889
f 1737 1881 1889
f 1745 1890 1738
f 1882 1883 1747
f 1883 1891 1747
f 1748 1892 1884
f 1748 1884 1740
f 1884 1893 1885
f 1884 1892 1893
f 1885 1894 1886
f 1885 1893 1894
f 1896 1894 1895
f 1896 1886 1894
f 1898 1897 1888
f 1897 1749 1888
f 1749 1743 1888
f 1898 1888 1889
f 1750 1890 1745
f 1750 1899 1890
f 1900 1751 1752
f 1753 1901 1752
f 1752 1901 1900
f 1755 1901 1753
f 1891 1756 1747
f 1902 1756 1891
f 1757 1892 1748
f 1892 1903 1893
f 1892 1757 1903
f 1893 1904 1894
f 1893 1903 1904
f 1895 1894 1904
f 1897 1758 1749
f 1897 2049 1758
f 1899 1759 1905
f 1750 1759 1899
f 1900 1760 1751
f 1760 1900 1762
f 1900 1906 1762
f 1900 1901 1906
f 1763 1907 1755
f 1907 1901 1755
f 1907 1906 1901
f 1908 1910 1909
f 1764 1765 1910
f 1765 1911 1910
f 1912 1765 1766
f 1912 1911 1765
f 1766 1756 1902
f 1766 1902 1912
f 1913 1757 1767
f 1903 1757 1913
f 1915 1904 1914
f 1904 1913 1914
f 1904 1903 1913
f 1614 1916 1768
f 1614 1758 2049
f 1614 2049 1916
f 1775 1917 1905
f 1775 1905 1759
f 1918 1762 1906
f 1918 1769 1762
f 1918 1906 1907
f 1918 1907 1919
f 1919 1908 1909
f 1919 1770 1908
f 1919 1907 1763
f 1770 1919 1763
f 1908 1770 1772
f 1908 1772 1910
f 1910 1772 1764
f 1779 1913 1767
f 1914 1913 1920
f 1920 1913 1779
f 1916 1774 1768
f 1921 1774 1916
f 1775 1776 1917
f 1776 1922 1917
f 1923 1778 1918
f 1778 1769 1918
f 1780 1920 1779
f 1780 1924 1920
f 1781 1782 1925
f 1782 1926 1925
f 1782 1774 1921
f 1782 1921 1926
f 1783 1922 1776
f 1783 1939 1922
f 1923 1927 1778
f 1923 2074 1927
f 1928 1924 1780
f 1928 1780 1631
f 1929 1631 1785
f 1929 1928 1631
f 1930 1785 1633
f 1930 1929 1785
f 1931 1633 1786
f 1931 1930 1633
f 1931 1786 1932
f 1933 1787 1934
f 1787 1788 1934
f 1934 1788 1935
f 1789 1790 1936
f 1790 1938 1936
f 1938 1781 1925
f 1790 1781 1938
f 1940 1939 1791
f 1783 1791 1939
f 1941 1792 1927
f 2074 1941 1927
f 1932 1786 1793
f 1942 1793 1644
f 1942 1932 1793
f 1644 1951 1942
f 1795 1944 1943
f 1795 2095 1944
f 1945 1795 1796
f 1945 2095 1795
f 1796 1787 1933
f 1945 1796 1933
f 1946 1935 1788
f 1946 1788 1797
f 1937 1797 1798
f 1937 1946 1797
f 1789 1936 1937
f 1798 1789 1937
f 1949 1948 1947
f 1949 1940 1948
f 1940 1799 1948
f 1940 1791 1799
f 1950 1800 1941
f 1941 1800 1792
f 2427 1653 1952
f 2427 1951 1653
f 1954 1801 1802
f 1954 1953 1801
f 1954 1943 1944
f 1802 1943 1954
f 1958 1955 1804
f 1947 1806 1805
f 1955 1947 1805
f 1804 1955 1805
f 1806 1948 1799
f 1806 1947 1948
f 1950 1956 1800
f 1950 1957 1956
f 1959 1958 1808
f 1804 1808 1958
f 1957 1960 1956
f 1960 1810 1956
f 1960 1811 1810
f 1812 1811 1960
f 1812 1960 1961
f 2115 1964 1962
f 2115 1959 1964
f 1959 1814 1964
f 1959 1808 1814
f 1961 1965 1812
f 1816 1812 1965
f 1816 1965 1966
f 1963 1962 1817
f 1818 1963 1817
f 1967 1963 1818
f 1817 1962 1964
f 1819 1816 2130
f 1816 1966 2130
f 1970 1969 1968
f 1970 1821 1969
f 1971 1821 1970
f 1818 1821 1967
f 1967 1821 1971
f 2130 1822 1819
f 2130 1972 1822
f 1824 1822 1972
f 1824 1972 2135
f 1976 1975 1973
f 1976 1973 1974
f 1975 1976 1968
f 1834 1975 1968
f 1825 1834 1968
f 1825 1968 1969
f 1824 1977 1826
f 2135 1977 1824
f 1826 1978 1827
f 1977 1978 1826
f 1827 1979 1828
f 1978 1979 1827
f 1828 1980 1829
f 1979 1980 1828
f 1829 1980 1830
f 1830 1981 1831
f 1980 1981 1830
f 1831 2144 1832
f 1981 2144 1831
f 1833 1832 2144
f 1985 1984 1982
f 1985 1982 1983
f 1984 1985 1974
f 1973 1984 1974
f 1986 1984 1973
f 1986 1975 1834
f 1986 1973 1975
f 2144 1987 1833
f 1835 1833 1987
f 2149 1990 1988
f 2149 1988 1989
f 1990 2149 1983
f 1982 1990 1983
f 1991 1982 1984
f 1990 1982 1991
f 1991 1986 1836
f 1991 1984 1986
f 1836 1986 1834
f 1987 1992 1835
f 1992 1994 1993
f 1988 1995 1996
f 1995 1990 1837
f 1995 1988 1990
f 1837 1990 1991
f 1997 1993 1994
f 1839 1993 1997
f 2008 2000 1840
f 1995 1842 1996
f 1842 2000 1996
f 1842 1840 2000
f 1842 1995 1837
f 1997 2164 1839
f 1839 2164 1843
f 1843 2001 1845
f 2164 2001 1843
f 1845 2001 1846
f 1846 2002 1847
f 2001 2002 1846
f 1848 2002 2175
f 1847 2002 1848
f 2175 1855 1848
f 2003 1851 1850
f 1999 2003 2004
f 2003 1999 1851
f 1998 1851 1999
f 1851 1998 1852
f 2005 1852 1998
f 2005 1998 2006
f 2016 2007 1853
f 1853 2008 1854
f 2007 2008 1853
f 1840 1854 2008
f 2175 2009 1855
f 1855 2010 1856
f 2009 2010 1855
f 1856 2011 1850
f 1856 2010 2011
f 1850 2011 2003
f 2003 2011 2012
f 2005 1857 1852
f 2012 2004 2003
f 1857 2005 2013
f 2005 2006 2013
f 2015 2006 2014
f 2013 2006 2015
f 1858 1859 2015
f 2014 1858 2015
f 2016 1858 2014
f 1853 1858 2016
f 1859 2013 2015
f 1862 2017 1861
f 2017 1862 2183
f 1862 1864 2183
f 2018 2183 1864
f 2019 1864 1866
f 2019 2018 1864
f 2020 1866 1868
f 2020 2019 1866
f 1869 2022 2021
f 2023 2188 1870
f 1870 2188 1871
f 1870 1860 1861
f 2024 1870 1861
f 2023 1870 2024
f 2024 1861 2017
f 2024 2017 2025
f 2025 2017 2183
f 2026 2020 1868
f 2026 1868 1872
f 1872 1873 2026
f 2021 1874 1875
f 2021 2027 1874
f 2021 1875 1869
f 2028 2022 1869
f 2028 1869 1876
f 1876 1877 2028
f 2028 1877 2029
f 1871 2030 1878
f 2188 2030 1871
f 2031 2026 1873
f 2031 1873 1880
f 1881 1874 2027
f 1881 2027 2032
f 1738 2029 1877
f 1738 2033 2029
f 2034 1883 1878
f 1878 2030 2034
f 1887 2031 1880
f 1887 2035 2031
f 1889 1881 2032
f 1889 2032 2036
f 1890 2033 1738
f 1890 2040 2033
f 2037 1883 2034
f 2037 1891 1883
f 2035 1887 2038
f 1887 1895 2038
f 1887 1896 1895
f 1897 2039 2050
f 1897 1898 2039
f 1898 1889 2036
f 1898 2036 2039
f 1899 2040 1890
f 2043 2042 2041
f 2045 2044 2041
f 2041 2044 2043
f 2037 1902 1891
f 2046 1902 2037
f 1904 2047 1895
f 2038 2047 2048
f 2038 1895 2047
f 2050 2049 1897
f 2051 1899 1905
f 2040 1899 2051
f 2042 2053 2041
f 2053 1909 2041
f 1909 1910 2041
f 1909 2053 2052
f 2041 1910 1911
f 2041 1911 2045
f 1911 2046 2045
f 1912 2046 1911
f 1912 1902 2046
f 2054 2221 1915
f 2054 1915 1914
f 1904 1915 2047
f 1915 2055 2047
f 1915 2221 2055
f 2047 2055 2048
f 1916 2049 2056
f 2051 1905 2057
f 2051 2057 2058
f 1917 2057 1905
f 1919 2059 1918
f 1909 2052 1919
f 2052 2059 1919
f 2052 2060 2059
f 2052 2053 2061
f 2052 2061 2060
f 1920 2054 1914
f 1920 2062 2054
f 2056 2063 1926
f 1921 2056 1926
f 1916 2056 1921
f 2057 2064 2058
f 2065 2064 2057
f 1922 2065 1917
f 1917 2065 2057
f 1918 2066 1923
f 1918 2059 2066
f 2066 2060 2233
f 2059 2060 2066
f 2233 2060 2061
f 1924 1928 2067
f 2062 1924 2067
f 1920 1924 2062
f 1928 2068 2067
f 2071 2070 1925
f 2071 1926 2063
f 1925 1926 2071
f 2073 2064 2065
f 1939 2073 1922
f 1922 2073 2065
f 2066 2074 1923
f 2066 2233 2075
f 2074 2066 2075
f 1928 1929 2068
f 2076 2069 2068
f 1929 2076 2068
f 1930 2076 1929
f 2077 1930 1931
f 2077 2076 1930
f 2078 1931 1932
f 2078 2077 1931
f 2080 2079 1934
f 1934 1935 2080
f 1937 1936 2081
f 1936 2083 2081
f 2070 1936 1938
f 2070 2083 1936
f 1938 1925 2070
f 2087 2086 2085
f 2086 2087 2072
f 2088 2086 2072
f 2089 2072 2064
f 2088 2072 2089
f 1940 2089 1939
f 2089 2073 1939
f 2089 2064 2073
f 2074 2075 2090
f 1941 2074 2090
f 2091 1941 2090
f 1932 2092 2078
f 1942 2092 1932
f 1942 1951 2092
f 2092 1951 2093
f 2095 2094 1944
f 2261 2095 1945
f 2096 1945 1933
f 2096 2261 1945
f 1933 1934 2079
f 1933 2079 2096
f 2082 2080 1935
f 2082 1935 1946
f 1937 2081 2082
f 1946 1937 2082
f 2256 2099 2097
f 2099 2256 2084
f 2100 2099 2084
f 2101 2084 2085
f 2100 2084 2101
f 2102 2085 2086
f 2101 2085 2102
f 2102 2088 1947
f 2102 2086 2088
f 1947 2088 1949
f 1949 2088 2089
f 1949 2089 1940
f 2091 1950 1941
f 2103 1950 2091
f 2104 2427 1952
f 2104 1952 1953
f 2105 1953 1954
f 1954 1944 2094
f 1954 2094 2105
f 2098 2097 2106
f 2098 2106 2107
f 2108 2097 2099
f 2106 2097 2108
f 2109 2099 2100
f 2108 2099 2109
f 2110 2100 2101
f 2109 2100 2110
f 1958 2110 1955
f 2110 2102 1955
f 2110 2101 2102
f 1955 2102 1947
f 2111 1957 2103
f 1957 1950 2103
f 2107 2106 2112
f 2107 2112 2113
f 2114 2106 2108
f 2112 2106 2114
f 2115 2108 2109
f 2114 2108 2115
f 1959 2115 1958
f 2115 2110 1958
f 2115 2109 2110
f 2111 1960 1957
f 1961 1960 2111
f 2116 1961 2111
f 2270 2119 2117
f 2270 2117 2118
f 2119 2270 2113
f 2112 2119 2113
f 2120 2119 2112
f 1963 2120 1962
f 2120 2114 1962
f 2120 2112 2114
f 1962 2114 2115
f 2116 2121 1961
f 1961 2121 1965
f 2123 2122 1966
f 1965 2123 1966
f 2121 2123 1965
f 2124 2122 2123
f 2125 2126 2118
f 2117 2125 2118
f 2127 2125 2117
f 2128 2117 2119
f 2127 2117 2128
f 2129 2119 2120
f 2128 2119 2129
f 1967 2129 1963
f 1963 2129 2120
f 2122 2130 1966
f 2122 2124 2131
f 2132 2122 2131
f 2130 2122 2132
f 2126 2125 2133
f 2126 2133 2134
f 2133 2127 1968
f 2133 2125 2127
f 1968 2127 1970
f 1970 2127 2128
f 1970 2128 1971
f 1971 2128 2129
f 1971 2129 1967
f 1972 2130 2132
f 2136 2135 1972
f 2131 2136 1972
f 2132 2131 1972
f 2138 1974 2137
f 2133 1976 2134
f 1976 2138 2134
f 1976 1974 2138
f 1976 2133 1968
f 2136 2139 2135
f 2139 1977 2135
f 1977 2140 1978
f 2139 2140 1977
f 1978 2141 1979
f 2140 2141 1978
f 1980 2141 2142
f 1979 2141 1980
f 2143 1980 2142
f 2154 1981 1980
f 2154 1980 2143
f 2144 1981 2154
f 2148 2147 2145
f 2148 2145 2146
f 2150 2149 2147
f 2150 2147 2148
f 2150 1983 2149
f 2151 1983 2150
f 2137 1985 2286
f 1985 2151 2286
f 1985 1983 2151
f 1985 2137 1974
f 2141 2152 2142
f 2142 2152 2143
f 2143 2152 2153
f 2143 2153 2154
f 2144 2154 2155
f 2155 2156 1987
f 2144 2155 1987
f 1988 2302 1989
f 2302 2145 1989
f 2145 2147 1989
f 1989 2147 2149
f 2155 2157 2156
f 2157 2158 1992
f 2156 2157 1992
f 1987 2156 1992
f 2158 1994 1992
f 2302 2161 2160
f 2302 1996 2161
f 2302 1988 1996
f 2157 2162 2158
f 2158 2162 1994
f 2162 2163 1994
f 2165 2164 1997
f 1994 2165 1997
f 2163 2165 1994
f 2169 2168 2166
f 2169 2166 2167
f 1999 2159 1998
f 2170 2159 1999
f 2159 2309 1998
f 2314 2172 2171
f 2172 2314 2160
f 2173 2172 2160
f 2008 2173 2000
f 2173 2161 2000
f 2173 2160 2161
f 2000 2161 1996
f 2165 2174 2164
f 2174 2001 2164
f 2174 2323 2001
f 2002 2323 2166
f 2002 2001 2323
f 2002 2166 2175
f 2166 2168 2175
f 2168 2169 2176
f 2177 2168 2176
f 2175 2168 2177
f 2332 2177 2176
f 2004 2170 1999
f 2004 2178 2170
f 2309 2006 1998
f 2328 2179 2006
f 2309 2328 2006
f 2171 2179 2328
f 2180 2179 2171
f 2016 2180 2007
f 2180 2172 2007
f 2180 2171 2172
f 2007 2172 2008
f 2008 2172 2173
f 2009 2175 2177
f 2332 2009 2177
f 2332 2010 2009
f 2010 2181 2011
f 2332 2181 2010
f 2011 2182 2012
f 2181 2182 2011
f 2004 2012 2178
f 2178 2012 2182
f 2179 2014 2006
f 2014 2179 2016
f 2016 2179 2180
f 2183 2184 2338
f 2183 2018 2184
f 2185 2184 2018
f 2186 2018 2019
f 2186 2185 2018
f 2187 2019 2020
f 2187 2186 2019
f 2188 2023 2341
f 2023 2189 2341
f 2023 2024 2189
f 2189 2024 2025
f 2190 2025 2183
f 2189 2025 2190
f 2190 2183 2338
f 2191 2187 2020
f 2191 2020 2026
f 2193 2192 2021
f 2192 2027 2021
f 2193 2021 2022
f 2193 2022 2194
f 2028 2194 2022
f 2199 2194 2028
f 2028 2029 2199
f 2195 2030 2188
f 2188 2341 2195
f 2196 2191 2026
f 2196 2026 2031
f 2032 2027 2192
f 2032 2192 2197
f 2203 2199 2198
f 2199 2033 2198
f 2199 2029 2033
f 2200 2361 2195
f 2361 2034 2195
f 2034 2030 2195
f 2035 2196 2031
f 2035 2201 2196
f 2197 2202 2036
f 2036 2032 2197
f 2203 2198 2206
f 2040 2206 2033
f 2033 2206 2198
f 2361 2037 2034
f 2361 2204 2037
f 2205 2201 2035
f 2205 2035 2038
f 2205 2038 2212
f 2039 2202 2050
f 2039 2036 2202
f 2203 2206 2207
f 2208 2042 2043
f 2044 2209 2043
f 2043 2209 2208
f 2209 2044 2045
f 2204 2211 2210
f 2046 2204 2210
f 2037 2204 2046
f 2213 2212 2038
f 2213 2038 2048
f 2049 2050 2214
f 2050 2215 2214
f 2050 2216 2215
f 2050 2202 2216
f 2207 2206 2217
f 2207 2217 2218
f 2051 2217 2040
f 2040 2217 2206
f 2208 2053 2042
f 2219 2208 2209
f 2220 2210 2211
f 2210 2220 2046
f 2219 2046 2220
f 2046 2219 2045
f 2209 2045 2219
f 2222 2055 2221
f 2222 2223 2055
f 2223 2048 2055
f 2223 2213 2048
f 2214 2224 2056
f 2214 2056 2049
f 2217 2225 2218
f 2058 2225 2217
f 2051 2058 2217
f 2226 2061 2208
f 2208 2061 2053
f 2227 2208 2219
f 2226 2208 2227
f 2219 2220 2227
f 2062 2228 2221
f 2062 2221 2054
f 2222 2228 2229
f 2222 2221 2228
f 2222 2229 2223
f 2224 2230 2063
f 2063 2056 2224
f 2231 2232 2225
f 2248 2231 2225
f 2248 2058 2064
f 2248 2225 2058
f 2061 2226 2233
f 2226 2234 2233
f 2234 2227 2235
f 2226 2227 2234
f 2067 2228 2062
f 2236 2229 2228
f 2067 2236 2228
f 2068 2236 2067
f 2068 2069 2236
f 2236 2069 2237
f 2070 2071 2239
f 2071 2230 2239
f 2071 2063 2230
f 2242 2241 2240
f 2244 2243 2240
f 2244 2240 2241
f 2246 2245 2243
f 2246 2243 2244
f 2399 2247 2245
f 2399 2245 2246
f 2247 2399 2232
f 2231 2247 2232
f 2248 2247 2231
f 2072 2248 2064
f 2233 2249 2075
f 2233 2234 2249
f 2234 2235 2250
f 2234 2250 2249
f 2251 2237 2069
f 2251 2069 2076
f 2077 2251 2076
f 2252 2077 2078
f 2080 2253 2079
f 2082 2254 2080
f 2081 2254 2082
f 2081 2406 2254
f 2083 2238 2406
f 2081 2083 2406
f 2238 2083 2070
f 2238 2070 2239
f 2242 2240 2255
f 2242 2255 2262
f 2256 2240 2243
f 2255 2240 2256
f 2256 2245 2084
f 2256 2243 2245
f 2084 2245 2085
f 2085 2245 2247
f 2085 2247 2087
f 2087 2247 2248
f 2087 2248 2072
f 2257 2091 2090
f 2258 2257 2090
f 2258 2090 2075
f 2249 2258 2075
f 2258 2249 2250
f 2093 2252 2078
f 2093 2078 2092
f 2260 2259 2094
f 2095 2260 2094
f 2253 2261 2096
f 2096 2079 2253
f 2262 2255 2097
f 2098 2262 2097
f 2097 2255 2256
f 2263 2103 2257
f 2257 2103 2091
f 2264 2257 2258
f 2263 2257 2264
f 2265 2264 2258
f 2266 2093 1951
f 2427 2266 1951
f 2267 2104 1953
f 2259 1953 2105
f 2259 2267 1953
f 2105 2094 2259
f 2107 2262 2098
f 2107 2268 2262
f 2103 2263 2111
f 2263 2269 2111
f 2263 2264 2269
f 2269 2265 2431
f 2264 2265 2269
f 2272 2271 2270
f 2271 2268 2270
f 2268 2113 2270
f 2268 2107 2113
f 2273 2116 2269
f 2269 2116 2111
f 2274 2269 2431
f 2273 2269 2274
f 2275 2274 2431
f 2278 2118 2276
f 2270 2278 2272
f 2270 2118 2278
f 2273 2121 2116
f 2121 2273 2123
f 2123 2273 2274
f 2124 2123 2274
f 2275 2124 2274
f 2279 2124 2275
f 2277 2276 2126
f 2280 2277 2126
f 2126 2276 2118
f 2124 2279 2131
f 2131 2279 2441
f 2440 2138 2281
f 2440 2280 2138
f 2280 2134 2138
f 2280 2126 2134
f 2131 2441 2136
f 2136 2441 2288
f 2285 2284 2282
f 2285 2282 2283
f 2286 2287 2281
f 2137 2286 2281
f 2137 2281 2138
f 2136 2288 2139
f 2139 2289 2140
f 2288 2289 2139
f 2141 2289 2290
f 2140 2289 2141
f 2145 2291 2146
f 2291 2284 2146
f 2291 2282 2284
f 2285 2292 2284
f 2292 2146 2284
f 2292 2148 2146
f 2148 2293 2150
f 2292 2293 2148
f 2286 2151 2287
f 2151 2293 2287
f 2151 2150 2293
f 2290 2465 2152
f 2141 2290 2152
f 2294 2153 2152
f 2294 2152 2465
f 2295 2154 2153
f 2295 2153 2294
f 2296 2155 2154
f 2296 2154 2295
f 2300 2299 2297
f 2300 2297 2298
f 2299 2300 2291
f 2301 2299 2291
f 2302 2291 2145
f 2302 2301 2291
f 2294 2465 2303
f 2304 2294 2303
f 2304 2295 2294
f 2295 2305 2296
f 2295 2304 2305
f 2306 2157 2155
f 2296 2306 2155
f 2305 2306 2296
f 2308 2307 2159
f 2310 2309 2159
f 2307 2310 2159
f 2312 2311 2309
f 2312 2309 2310
f 2311 2312 2298
f 2297 2311 2298
f 2313 2311 2297
f 2314 2297 2299
f 2313 2297 2314
f 2314 2301 2160
f 2314 2299 2301
f 2160 2301 2302
f 2303 2315 2304
f 2316 2304 2315
f 2316 2305 2304
f 2305 2317 2306
f 2305 2316 2317
f 2318 2162 2157
f 2306 2318 2157
f 2317 2318 2306
f 2162 2318 2319
f 2320 2162 2319
f 2163 2162 2320
f 2163 2321 2165
f 2320 2321 2163
f 2322 2174 2165
f 2321 2322 2165
f 2324 2323 2174
f 2324 2174 2322
f 2167 2166 2323
f 2324 2167 2323
f 2167 2325 2169
f 2324 2325 2167
f 2169 2325 2326
f 2170 2308 2159
f 2170 2327 2308
f 2309 2311 2328
f 2328 2313 2171
f 2328 2311 2313
f 2171 2313 2314
f 2315 2329 2316
f 2316 2329 2317
f 2317 2329 2330
f 2317 2330 2318
f 2318 2330 2492
f 2318 2492 2319
f 2326 2331 2169
f 2169 2331 2176
f 2176 2333 2332
f 2331 2333 2176
f 2334 2332 2333
f 2178 2327 2170
f 2178 2335 2327
f 2334 2336 2332
f 2336 2181 2332
f 2181 2337 2182
f 2336 2337 2181
f 2178 2182 2335
f 2335 2182 2337
f 2338 2184 2339
f 2340 2185 2186
f 2340 2184 2185
f 2340 2187 2345
f 2340 2186 2187
f 2189 2342 2341
f 2190 2343 2189
f 2189 2343 2342
f 2344 2343 2190
f 2344 2190 2338
f 2344 2338 2339
f 2347 2345 2346
f 2346 2345 2191
f 2345 2187 2191
f 2349 2348 2505
f 2192 2193 2350
f 2348 2349 2351
f 2194 2352 2193
f 2193 2352 2350
f 2194 2199 2352
f 2353 2195 2341
f 2353 2342 2506
f 2341 2342 2353
f 2506 2342 2343
f 2506 2343 2354
f 2354 2343 2344
f 2347 2346 2355
f 2196 2356 2191
f 2356 2346 2191
f 2356 2355 2346
f 2357 2505 2358
f 2349 2357 2197
f 2505 2357 2349
f 2197 2351 2349
f 2197 2359 2351
f 2197 2192 2350
f 2359 2197 2350
f 2350 2360 2359
f 2352 2360 2350
f 2203 2360 2199
f 2360 2352 2199
f 2200 2362 2361
f 2514 2362 2200
f 2514 2200 2195
f 2353 2514 2195
f 2514 2353 2506
f 2364 2369 2363
f 2355 2364 2363
f 2356 2364 2355
f 2201 2364 2196
f 2196 2364 2356
f 2366 2365 2358
f 2358 2365 2357
f 2365 2202 2357
f 2202 2197 2357
f 2360 2203 2371
f 2367 2204 2361
f 2368 2361 2362
f 2367 2361 2368
f 2362 2514 2368
f 2369 2364 2201
f 2205 2369 2201
f 2376 2369 2205
f 2205 2212 2376
f 2366 2370 2365
f 2370 2202 2365
f 2371 2207 2372
f 2371 2203 2207
f 2204 2367 2211
f 2367 2373 2211
f 2367 2374 2373
f 2368 2375 2374
f 2367 2368 2374
f 2377 2376 2212
f 2377 2212 2213
f 2379 2378 2215
f 2215 2378 2214
f 2379 2216 2370
f 2215 2216 2379
f 2370 2216 2202
f 2372 2218 2380
f 2207 2218 2372
f 2381 2220 2373
f 2373 2220 2211
f 2381 2374 2382
f 2373 2374 2381
f 2223 2377 2213
f 2223 2383 2377
f 2386 2385 2384
f 2388 2387 2384
f 2384 2387 2386
f 2378 2387 2388
f 2224 2378 2388
f 2214 2378 2224
f 2389 2380 2218
f 2225 2389 2218
f 2390 2227 2381
f 2381 2227 2220
f 2381 2382 2391
f 2381 2391 2390
f 2392 2223 2229
f 2392 2383 2223
f 2395 2394 2393
f 2394 2395 2385
f 2395 2384 2385
f 2395 2396 2384
f 2396 2230 2224
f 2388 2396 2224
f 2384 2396 2388
f 2548 2399 2397
f 2399 2548 2389
f 2232 2399 2389
f 2232 2389 2225
f 2227 2390 2235
f 2390 2400 2235
f 2390 2391 2401
f 2390 2401 2400
f 2236 2237 2229
f 2237 2392 2229
f 2237 2402 2392
f 2406 2405 2403
f 2405 2406 2393
f 2406 2238 2393
f 2393 2238 2239
f 2393 2239 2395
f 2395 2239 2230
f 2395 2230 2396
f 2414 2407 2241
f 2414 2241 2242
f 2241 2408 2244
f 2407 2408 2241
f 2397 2246 2398
f 2246 2408 2398
f 2246 2244 2408
f 2246 2397 2399
f 2409 2250 2235
f 2410 2235 2400
f 2409 2235 2410
f 2400 2401 2410
f 2411 2402 2237
f 2411 2237 2251
f 2412 2251 2077
f 2412 2411 2251
f 2412 2252 2413
f 2412 2077 2252
f 2080 2404 2253
f 2254 2403 2404
f 2080 2254 2404
f 2403 2254 2406
f 2414 2262 2424
f 2414 2242 2262
f 2250 2409 2258
f 2409 2415 2258
f 2415 2409 2410
f 2410 2401 2416
f 2093 2413 2252
f 2417 2413 2093
f 2418 2417 2093
f 2259 2260 2419
f 2420 2260 2095
f 2421 2095 2261
f 2421 2420 2095
f 2422 2261 2253
f 2422 2421 2261
f 2253 2404 2422
f 2424 2423 2414
f 2265 2258 2415
f 2415 2425 2265
f 2415 2410 2425
f 2410 2416 2425
f 2266 2418 2093
f 2266 2426 2418
f 2427 2426 2266
f 2428 2104 2267
f 2428 2259 2419
f 2267 2259 2428
f 2423 2429 2430
f 2271 2423 2424
f 2429 2423 2271
f 2268 2271 2262
f 2262 2271 2424
f 2265 2425 2431
f 2425 2432 2431
f 2425 2416 2432
f 2429 2433 2430
f 2272 2433 2429
f 2272 2429 2271
f 2431 2434 2275
f 2431 2432 2434
f 2432 2416 2435
f 2434 2432 2435
f 2436 2439 2433
f 2277 2436 2433
f 2276 2277 2433
f 2276 2433 2278
f 2278 2433 2272
f 2437 2279 2434
f 2434 2279 2275
f 2437 2435 2602
f 2434 2435 2437
f 2436 2438 2439
f 2440 2438 2436
f 2280 2440 2277
f 2277 2440 2436
f 2602 2441 2279
f 2437 2602 2279
f 2442 2441 2602
f 2612 2445 2443
f 2445 2612 2439
f 2445 2439 2438
f 2281 2445 2438
f 2281 2438 2440
f 2447 2446 2288
f 2447 2288 2441
f 2442 2447 2441
f 2449 2448 2446
f 2449 2446 2447
f 2449 2450 2448
f 2283 2282 2451
f 2452 2283 2451
f 2453 2283 2452
f 2283 2454 2285
f 2453 2454 2283
f 2285 2454 2455
f 2444 2443 2287
f 2444 2287 2626
f 2287 2443 2445
f 2287 2445 2281
f 2288 2446 2289
f 2289 2446 2448
f 2289 2448 2290
f 2448 2456 2290
f 2448 2450 2456
f 2450 2449 2457
f 2458 2450 2457
f 2456 2450 2458
f 2619 2459 2458
f 2619 2458 2457
f 2460 2459 2619
f 2473 2463 2462
f 2462 2463 2452
f 2451 2462 2452
f 2464 2462 2451
f 2291 2464 2282
f 2282 2464 2451
f 2455 2626 2285
f 2285 2626 2292
f 2287 2293 2626
f 2293 2292 2626
f 2290 2456 2465
f 2456 2458 2465
f 2466 2458 2459
f 2465 2458 2466
f 2467 2459 2460
f 2466 2459 2467
f 2460 2461 2468
f 2460 2468 2467
f 2470 2469 2630
f 2474 2473 2472
f 2472 2473 2462
f 2298 2472 2462
f 2298 2462 2300
f 2300 2462 2464
f 2300 2464 2291
f 2303 2465 2466
f 2466 2475 2303
f 2466 2467 2475
f 2467 2468 2476
f 2477 2467 2476
f 2475 2467 2477
f 2469 2478 2479
f 2480 2469 2470
f 2478 2469 2480
f 2481 2470 2642
f 2480 2470 2481
f 2481 2642 2471
f 2482 2481 2471
f 2471 2485 2482
f 2485 2484 2483
f 2486 2483 2484
f 2488 2487 2307
f 2488 2307 2308
f 2307 2489 2310
f 2487 2489 2307
f 2472 2312 2474
f 2312 2489 2474
f 2312 2310 2489
f 2312 2472 2298
f 2475 2315 2303
f 2475 2490 2315
f 2475 2477 2490
f 2477 2476 2648
f 2491 2477 2648
f 2490 2477 2491
f 2493 2492 2491
f 2493 2491 2648
f 2492 2493 2479
f 2492 2479 2478
f 2319 2492 2478
f 2320 2319 2478
f 2320 2478 2321
f 2321 2478 2480
f 2321 2480 2322
f 2322 2480 2481
f 2322 2481 2324
f 2324 2481 2482
f 2485 2324 2482
f 2483 2325 2485
f 2325 2324 2485
f 2483 2486 2494
f 2326 2483 2494
f 2654 2326 2494
f 2483 2326 2325
f 2652 2497 2495
f 2652 2488 2497
f 2488 2327 2497
f 2488 2308 2327
f 2490 2329 2315
f 2329 2490 2330
f 2330 2490 2491
f 2330 2491 2492
f 2326 2654 2331
f 2331 2498 2333
f 2654 2498 2331
f 2495 2499 2334
f 2498 2495 2334
f 2333 2498 2334
f 2496 2495 2498
f 2500 2495 2497
f 2499 2495 2500
f 2335 2500 2327
f 2327 2500 2497
f 2499 2336 2334
f 2336 2499 2337
f 2337 2499 2500
f 2337 2500 2335
f 2340 2501 2184
f 2184 2501 2339
f 2339 2502 2344
f 2339 2503 2502
f 2503 2501 2504
f 2339 2501 2503
f 2347 2504 2345
f 2504 2501 2345
f 2501 2340 2345
f 2354 2507 2506
f 2344 2502 2354
f 2502 2507 2354
f 2508 2502 2503
f 2503 2504 2509
f 2503 2509 2508
f 2504 2347 2510
f 2355 2510 2347
f 2511 2358 2505
f 2512 2505 2348
f 2511 2505 2512
f 2359 2513 2351
f 2513 2348 2351
f 2513 2512 2348
f 2360 2513 2359
f 2506 2515 2514
f 2516 2506 2507
f 2515 2506 2516
f 2517 2507 2502
f 2516 2507 2517
f 2502 2508 2517
f 2518 2510 2355
f 2363 2518 2355
f 2519 2518 2363
f 2363 2369 2519
f 2358 2511 2366
f 2511 2520 2366
f 2511 2521 2520
f 2522 2511 2512
f 2521 2511 2522
f 2523 2512 2513
f 2522 2512 2523
f 2371 2513 2360
f 2371 2523 2513
f 2524 2368 2514
f 2524 2515 2525
f 2514 2515 2524
f 2515 2526 2525
f 2516 2526 2515
f 2516 2517 2526
f 2527 2519 2369
f 2528 2527 2376
f 2527 2369 2376
f 2366 2520 2370
f 2520 2529 2370
f 2520 2530 2529
f 2531 2520 2521
f 2530 2520 2531
f 2532 2521 2522
f 2531 2521 2532
f 2533 2522 2523
f 2532 2522 2533
f 2372 2533 2371
f 2533 2523 2371
f 2368 2524 2375
f 2524 2534 2375
f 2524 2525 2534
f 2377 2528 2376
f 2535 2528 2377
f 2536 2378 2379
f 2370 2529 2379
f 2529 2536 2379
f 2529 2537 2536
f 2538 2529 2530
f 2537 2529 2538
f 2539 2530 2531
f 2538 2530 2539
f 2540 2531 2532
f 2539 2531 2540
f 2380 2532 2533
f 2540 2532 2380
f 2372 2380 2533
f 2375 2382 2374
f 2375 2541 2382
f 2541 2534 2670
f 2375 2534 2541
f 2383 2535 2377
f 2383 2542 2535
f 2543 2385 2386
f 2387 2544 2386
f 2386 2544 2543
f 2378 2536 2387
f 2536 2544 2387
f 2536 2545 2544
f 2546 2536 2537
f 2545 2536 2546
f 2546 2537 2538
f 2547 2538 2539
f 2546 2538 2547
f 2548 2539 2540
f 2547 2539 2548
f 2548 2380 2389
f 2548 2540 2380
f 2549 2391 2382
f 2382 2541 2549
f 2542 2392 2550
f 2383 2392 2542
f 2393 2551 2678
f 2393 2552 2551
f 2553 2393 2394
f 2553 2552 2393
f 2553 2394 2385
f 2554 2553 2385
f 2543 2554 2385
f 2553 2554 2562
f 2555 2543 2544
f 2554 2543 2555
f 2556 2544 2545
f 2555 2544 2556
f 2557 2545 2546
f 2556 2545 2557
f 2557 2546 2398
f 2398 2547 2397
f 2398 2546 2547
f 2397 2547 2548
f 2558 2401 2549
f 2549 2401 2391
f 2549 2684 2558
f 2402 2559 2550
f 2402 2550 2392
f 2550 2560 2677
f 2550 2559 2560
f 2561 2570 2403
f 2403 2570 2404
f 2561 2405 2678
f 2403 2405 2561
f 2678 2405 2393
f 2563 2694 2562
f 2554 2563 2562
f 2555 2563 2554
f 2564 2555 2556
f 2563 2555 2564
f 2414 2564 2407
f 2564 2557 2407
f 2564 2556 2557
f 2407 2557 2408
f 2408 2557 2398
f 2565 2401 2558
f 2566 2558 2684
f 2565 2558 2566
f 2695 2566 2684
f 2411 2559 2402
f 2559 2411 2412
f 2559 2412 2560
f 2413 2567 2412
f 2567 2560 2412
f 2413 2573 2567
f 2569 2568 2422
f 2404 2569 2422
f 2404 2570 2569
f 2694 2563 2571
f 2694 2571 2580
f 2571 2564 2414
f 2571 2563 2564
f 2565 2416 2401
f 2572 2565 2566
f 2566 2695 2703
f 2566 2703 2572
f 2417 2573 2413
f 2574 2417 2418
f 2574 2573 2417
f 2574 2418 2584
f 2576 2575 2419
f 2577 2419 2260
f 2577 2576 2419
f 2578 2260 2420
f 2578 2577 2260
f 2568 2420 2421
f 2568 2578 2420
f 2421 2422 2568
f 2591 2580 2579
f 2579 2580 2571
f 2423 2579 2571
f 2423 2571 2414
f 2581 2416 2565
f 2582 2565 2572
f 2581 2565 2582
f 2572 2703 2583
f 2572 2583 2582
f 2584 2418 2426
f 2585 2426 2427
f 2585 2584 2426
f 2586 2585 2427
f 2587 2427 2104
f 2587 2586 2427
f 2575 2104 2428
f 2575 2587 2104
f 2428 2419 2575
f 2591 2590 2588
f 2579 2590 2591
f 2430 2590 2579
f 2423 2430 2579
f 2592 2416 2581
f 2597 2581 2582
f 2592 2581 2597
f 2593 2582 2583
f 2597 2582 2593
f 2715 2593 2583
f 2594 2595 2589
f 2588 2594 2589
f 2601 2588 2590
f 2601 2430 2433
f 2601 2590 2430
f 2592 2435 2416
f 2592 2596 2435
f 2592 2597 2596
f 2598 2593 2715
f 2597 2593 2598
f 2595 2594 2599
f 2595 2599 2600
f 2601 2594 2588
f 2599 2594 2601
f 2439 2601 2433
f 2596 2602 2435
f 2596 2603 2602
f 2603 2596 2597
f 2604 2597 2598
f 2603 2597 2604
f 2598 2715 2605
f 2606 2598 2605
f 2604 2598 2606
f 2608 2607 2606
f 2608 2606 2605
f 2609 2607 2608
f 2610 2611 2600
f 2599 2610 2600
f 2612 2610 2599
f 2612 2601 2439
f 2612 2599 2601
f 2602 2613 2442
f 2602 2603 2613
f 2613 2603 2614
f 2615 2603 2604
f 2614 2603 2615
f 2615 2604 2606
f 2616 2606 2607
f 2615 2606 2616
f 2607 2609 2617
f 2607 2617 2616
f 2611 2610 2443
f 2444 2611 2443
f 2618 2611 2444
f 2443 2610 2612
f 2613 2447 2442
f 2447 2613 2449
f 2449 2613 2614
f 2449 2614 2615
f 2615 2457 2449
f 2619 2615 2616
f 2457 2615 2619
f 2616 2617 2620
f 2621 2616 2620
f 2619 2616 2621
f 2623 2622 2452
f 2452 2624 2453
f 2622 2624 2452
f 2453 2625 2454
f 2624 2625 2453
f 2627 2626 2455
f 2454 2627 2455
f 2625 2627 2454
f 2627 2618 2626
f 2618 2444 2626
f 2460 2619 2621
f 2461 2460 2621
f 2620 2461 2621
f 2628 2461 2620
f 2631 2630 2629
f 2631 2629 2729
f 2632 2630 2631
f 2634 2633 2632
f 2634 2635 2633
f 2731 2636 2635
f 2637 2636 2731
f 2638 2463 2473
f 2452 2463 2623
f 2623 2463 2638
f 2639 2468 2739
f 2468 2628 2739
f 2468 2461 2628
f 2740 2640 2639
f 2740 2639 2739
f 2640 2740 2629
f 2641 2640 2629
f 2469 2641 2630
f 2641 2629 2630
f 2470 2630 2632
f 2470 2632 2642
f 2632 2633 2642
f 2642 2635 2471
f 2642 2633 2635
f 2635 2643 2471
f 2635 2636 2643
f 2643 2636 2644
f 2645 2636 2637
f 2644 2636 2645
f 2637 2650 2645
f 2647 2474 2646
f 2647 2473 2474
f 2638 2473 2647
f 2639 2476 2468
f 2639 2648 2476
f 2639 2640 2648
f 2479 2640 2641
f 2648 2640 2479
f 2469 2479 2641
f 2643 2485 2471
f 2485 2644 2484
f 2485 2643 2644
f 2484 2644 2486
f 2486 2644 2645
f 2650 2649 2486
f 2645 2650 2486
f 2746 2651 2649
f 2746 2649 2650
f 2653 2652 2651
f 2653 2651 2746
f 2652 2653 2646
f 2488 2652 2646
f 2487 2488 2646
f 2487 2646 2489
f 2489 2646 2474
f 2493 2648 2479
f 2486 2649 2494
f 2649 2654 2494
f 2649 2496 2654
f 2496 2651 2495
f 2496 2649 2651
f 2495 2651 2652
f 2498 2654 2496
f 2655 2509 2504
f 2510 2655 2504
f 2656 2517 2508
f 2748 2656 2508
f 2748 2508 2509
f 2657 2748 2509
f 2655 2657 2509
f 2657 2655 2510
f 2518 2657 2510
f 2658 2657 2518
f 2658 2518 2519
f 2659 2526 2517
f 2656 2659 2517
f 2656 2660 2659
f 2656 2748 2660
f 2661 2658 2519
f 2527 2661 2519
f 2662 2661 2527
f 2527 2528 2662
f 2662 2528 2663
f 2664 2534 2525
f 2526 2665 2525
f 2665 2664 2525
f 2666 2665 2526
f 2659 2666 2526
f 2666 2659 2660
f 2666 2660 2667
f 2535 2669 2668
f 2663 2535 2668
f 2528 2535 2663
f 2534 2664 2670
f 2664 2671 2670
f 2671 2665 2672
f 2664 2665 2671
f 2672 2665 2666
f 2542 2669 2535
f 2673 2669 2542
f 2685 2549 2541
f 2670 2685 2541
f 2670 2674 2685
f 2675 2670 2671
f 2674 2670 2675
f 2671 2672 2675
f 2676 2673 2550
f 2673 2542 2550
f 2551 2679 2678
f 2551 2680 2679
f 2682 2680 2681
f 2680 2552 2681
f 2680 2551 2552
f 2553 2683 2552
f 2552 2683 2681
f 2562 2683 2553
f 2685 2684 2549
f 2686 2674 2675
f 2685 2674 2686
f 2677 2676 2550
f 2560 2687 2677
f 2570 2690 2689
f 2690 2570 2679
f 2679 2570 2678
f 2570 2561 2678
f 2691 2682 2681
f 2693 2692 2691
f 2681 2693 2691
f 2683 2693 2681
f 2694 2683 2562
f 2694 2693 2683
f 2684 2685 2695
f 2685 2686 2695
f 2567 2687 2560
f 2687 2567 2573
f 2696 2687 2573
f 2688 2687 2696
f 2688 2697 2777
f 2688 2696 2697
f 2698 2699 2697
f 2697 2699 2777
f 2568 2701 2700
f 2701 2568 2689
f 2568 2569 2689
f 2689 2569 2570
f 2692 2693 2702
f 2692 2702 2709
f 2580 2693 2694
f 2702 2693 2580
f 2695 2789 2703
f 2696 2573 2574
f 2696 2574 2697
f 2697 2574 2584
f 2704 2697 2584
f 2698 2697 2704
f 2698 2704 2705
f 2706 2714 2576
f 2576 2714 2575
f 2707 2576 2577
f 2707 2706 2576
f 2578 2700 2786
f 2707 2578 2786
f 2577 2578 2707
f 2700 2578 2568
f 2710 2709 2708
f 2702 2708 2709
f 2591 2708 2702
f 2591 2702 2580
f 2703 2789 2798
f 2703 2798 2583
f 2704 2584 2585
f 2704 2585 2705
f 2585 2711 2705
f 2586 2711 2585
f 2712 2711 2586
f 2713 2586 2587
f 2713 2712 2586
f 2714 2587 2575
f 2714 2713 2587
f 2710 2708 2588
f 2589 2710 2588
f 2717 2710 2589
f 2588 2708 2591
f 2716 2715 2583
f 2798 2716 2583
f 2718 2717 2595
f 2589 2595 2717
f 2719 2715 2716
f 2718 2595 2600
f 2719 2605 2715
f 2719 2608 2605
f 2609 2608 2719
f 2609 2719 2720
f 2721 2722 2600
f 2611 2721 2600
f 2617 2609 2720
f 2721 2724 2722
f 2726 2724 2721
f 2618 2726 2611
f 2611 2726 2721
f 2720 2620 2617
f 2723 2727 2620
f 2720 2723 2620
f 2728 2727 2723
f 2730 2729 2728
f 2736 2735 2734
f 2622 2623 2735
f 2736 2622 2735
f 2737 2622 2736
f 2622 2738 2624
f 2737 2738 2622
f 2724 2625 2725
f 2625 2738 2725
f 2625 2624 2738
f 2625 2724 2627
f 2627 2724 2726
f 2627 2726 2618
f 2739 2628 2727
f 2727 2628 2620
f 2740 2727 2728
f 2739 2727 2740
f 2629 2740 2729
f 2740 2728 2729
f 2631 2729 2730
f 2631 2730 2632
f 2632 2730 2634
f 2634 2730 2731
f 2634 2731 2635
f 2637 2731 2732
f 2837 2741 2637
f 2732 2837 2637
f 2742 2741 2837
f 2839 2744 2743
f 2744 2839 2733
f 2745 2733 2734
f 2744 2733 2745
f 2745 2735 2638
f 2745 2734 2735
f 2638 2735 2623
f 2741 2650 2637
f 2746 2741 2742
f 2650 2741 2746
f 2747 2742 2743
f 2746 2742 2747
f 2653 2747 2646
f 2747 2744 2646
f 2747 2743 2744
f 2646 2744 2647
f 2647 2744 2745
f 2647 2745 2638
f 2653 2746 2747
f 2658 2749 2657
f 2657 2749 2748
f 2750 2660 2748
f 2751 2748 2749
f 2750 2748 2751
f 2661 2752 2658
f 2752 2749 2658
f 2752 2751 2749
f 2752 2661 2753
f 2661 2662 2753
f 2662 2663 2753
f 2660 2750 2667
f 2750 2761 2667
f 2754 2750 2751
f 2761 2750 2754
f 2755 2751 2752
f 2754 2751 2755
f 2752 2753 2756
f 2752 2756 2755
f 2757 2753 2663
f 2757 2663 2668
f 2668 2669 2757
f 2757 2669 2758
f 2666 2759 2672
f 2759 2667 2760
f 2666 2667 2759
f 2760 2667 2761
f 2758 2673 2762
f 2669 2673 2758
f 2763 2675 2672
f 2764 2672 2759
f 2763 2672 2764
f 2759 2760 2764
f 2676 2762 2673
f 2677 2765 2676
f 2765 2762 2676
f 2770 2769 2768
f 2770 2771 2769
f 2679 2772 2771
f 2773 2772 2682
f 2772 2680 2682
f 2772 2679 2680
f 2774 2686 2763
f 2763 2686 2675
f 2775 2763 2764
f 2774 2763 2775
f 2687 2765 2677
f 2765 2687 2688
f 2765 2688 2766
f 2777 2776 2688
f 2776 2767 2688
f 2767 2766 2688
f 2777 2778 2776
f 2781 2780 2779
f 2781 2779 2768
f 2779 2701 2768
f 2770 2701 2689
f 2768 2701 2770
f 2770 2689 2690
f 2770 2690 2771
f 2771 2690 2679
f 2773 2682 2782
f 2691 2692 2682
f 2692 2782 2682
f 2783 2695 2686
f 2774 2783 2686
f 2774 2784 2783
f 2784 2774 2775
f 2777 2699 2778
f 2785 2778 2699
f 2780 2787 2786
f 2780 2786 2779
f 2786 2700 2779
f 2779 2700 2701
f 2709 2782 2692
f 2788 2782 2709
f 2783 2789 2695
f 2789 2783 2784
f 2698 2785 2699
f 2711 2790 2705
f 2705 2790 2698
f 2790 2785 2698
f 2791 2792 2711
f 2711 2792 2790
f 2793 2792 2791
f 2793 2794 2792
f 2714 2706 2794
f 2706 2795 2794
f 2707 2786 2787
f 2795 2707 2787
f 2706 2707 2795
f 2788 2796 2797
f 2710 2796 2709
f 2796 2788 2709
f 2802 2789 2784
f 2798 2789 2802
f 2799 2784 2775
f 2802 2784 2799
f 2711 2712 2791
f 2791 2712 2713
f 2791 2713 2793
f 2793 2713 2714
f 2793 2714 2794
f 2797 2796 2717
f 2797 2717 2800
f 2710 2717 2796
f 2798 2801 2716
f 2798 2802 2801
f 2799 2891 2802
f 2803 2800 2717
f 2718 2803 2717
f 2716 2801 2719
f 2801 2815 2719
f 2801 2802 2815
f 2804 2802 2891
f 2815 2802 2804
f 2903 2804 2891
f 2807 2806 2805
f 2809 2808 2805
f 2809 2805 2806
f 2811 2810 2808
f 2811 2808 2809
f 2812 2810 2811
f 2722 2814 2803
f 2600 2722 2803
f 2600 2803 2718
f 2719 2815 2720
f 2816 2804 2903
f 2815 2804 2816
f 2807 2805 2817
f 2807 2817 2818
f 2819 2805 2808
f 2817 2805 2819
f 2820 2808 2810
f 2819 2808 2820
f 2821 2810 2812
f 2820 2810 2821
f 2812 2813 2922
f 2812 2922 2821
f 2922 2823 2822
f 2825 2824 2822
f 2825 2822 2823
f 2824 2825 2814
f 2722 2824 2814
f 2720 2815 2723
f 2815 2816 2723
f 2723 2816 2827
f 2826 2828 2827
f 2829 2828 2826
f 2829 2830 2828
f 2831 2830 2829
f 2817 2832 2818
f 2833 2832 2817
f 2834 2817 2819
f 2833 2817 2834
f 2834 2819 2820
f 2835 2820 2821
f 2834 2820 2835
f 2836 2821 2922
f 2835 2821 2836
f 2822 2836 2922
f 2725 2836 2822
f 2725 2824 2724
f 2725 2822 2824
f 2724 2824 2722
f 2728 2723 2827
f 2728 2827 2730
f 2730 2827 2828
f 2730 2828 2731
f 2731 2828 2732
f 2732 2828 2830
f 2732 2830 2837
f 2830 2831 2837
f 2838 2831 2923
f 2837 2831 2838
f 2832 2838 2923
f 2839 2838 2832
f 2839 2832 2833
f 2839 2834 2733
f 2839 2833 2834
f 2733 2834 2734
f 2734 2834 2736
f 2736 2834 2835
f 2736 2835 2737
f 2737 2835 2836
f 2737 2836 2738
f 2738 2836 2725
f 2742 2837 2838
f 2742 2838 2743
f 2743 2838 2839
f 2841 2840 2753
f 2840 2756 2753
f 2757 2841 2753
f 2842 2841 2757
f 2843 2757 2758
f 2843 2842 2757
f 2761 2844 2760
f 2754 2845 2761
f 2761 2845 2844
f 2755 2846 2754
f 2754 2846 2845
f 2847 2846 2755
f 2756 2847 2755
f 2840 2847 2756
f 2762 2843 2758
f 2849 2848 2762
f 2848 2843 2762
f 2849 2853 2848
f 2850 2764 2760
f 2851 2760 2844
f 2850 2760 2851
f 2851 2845 2852
f 2844 2845 2851
f 2852 2845 2846
f 2765 2849 2762
f 2765 2853 2849
f 2766 2853 2765
f 2766 2767 2853
f 2853 2767 2854
f 2857 2856 2855
f 2855 2867 2857
f 2769 2858 2768
f 2771 2859 2769
f 2769 2859 2858
f 2772 2773 2771
f 2771 2773 2859
f 2850 2775 2764
f 2860 2850 2851
f 2851 2852 2861
f 2851 2861 2860
f 2862 2854 2767
f 2862 2767 2776
f 2863 2776 2778
f 2863 2862 2776
f 2865 2864 2785
f 2864 2778 2785
f 2864 2863 2778
f 2866 2856 2865
f 2865 2856 2864
f 2866 2855 2856
f 2855 2868 2867
f 2855 2866 2868
f 2868 2878 2867
f 2869 2780 2781
f 2870 2869 2781
f 2870 2781 2768
f 2870 2768 2858
f 2870 2858 2871
f 2873 2872 2871
f 2858 2873 2871
f 2859 2873 2858
f 2874 2859 2773
f 2873 2859 2874
f 2782 2874 2773
f 2883 2850 2860
f 2875 2860 2861
f 2883 2860 2875
f 2865 2785 2790
f 2866 2865 2790
f 2866 2790 2876
f 2866 2877 2868
f 2866 2876 2877
f 2868 2877 2878
f 2879 2880 2877
f 2877 2880 2878
f 2787 2780 2879
f 2780 2880 2879
f 2881 2780 2869
f 2880 2780 2881
f 2881 2869 2870
f 2872 2873 2882
f 2882 2873 2874
f 2788 2874 2782
f 2887 2775 2850
f 2887 2850 2883
f 2884 2883 2875
f 2875 2961 2884
f 2790 2792 2876
f 2876 2792 2877
f 2877 2792 2794
f 2877 2794 2795
f 2877 2795 2879
f 2879 2795 2787
f 2886 2882 2874
f 2885 2882 2886
f 2797 2886 2788
f 2788 2886 2874
f 2887 2799 2775
f 2893 2883 2884
f 2888 2884 2961
f 2893 2884 2888
f 2973 2888 2961
f 2885 2890 2901
f 2800 2885 2886
f 2890 2885 2800
f 2797 2800 2886
f 2887 2891 2799
f 2892 2887 2883
f 2891 2887 2892
f 2892 2883 2893
f 2888 2973 2894
f 2893 2888 2894
f 2981 2896 2895
f 2896 2981 2889
f 2897 2896 2889
f 2897 2889 2898
f 2901 2900 2899
f 2890 2900 2901
f 2902 2900 2890
f 2814 2902 2803
f 2902 2800 2803
f 2902 2890 2800
f 2891 2892 2903
f 2903 2892 2904
f 2904 2892 2893
f 2905 2893 2894
f 2904 2893 2905
f 2906 2894 2984
f 2905 2894 2906
f 2907 2906 2984
f 2911 2910 2806
f 2911 2806 2807
f 2895 2809 2910
f 2809 2806 2910
f 2809 2895 2811
f 2811 2895 2896
f 2811 2896 2812
f 2812 2896 2897
f 2812 2897 2813
f 2897 2912 2813
f 2897 2898 2912
f 2913 2898 2899
f 2912 2898 2913
f 2914 2899 2900
f 2913 2899 2914
f 2825 2914 2814
f 2914 2902 2814
f 2914 2900 2902
f 2903 2915 2816
f 2903 2904 2915
f 2915 2904 2916
f 2917 2904 2905
f 2916 2904 2917
f 2917 2905 2906
f 2917 2906 2907
f 2917 2907 2908
f 2917 2908 2918
f 2918 2908 2909
f 2918 2909 2919
f 2994 2921 2920
f 2994 2911 2921
f 2911 2818 2921
f 2911 2807 2818
f 2912 2922 2813
f 2922 2913 2823
f 2922 2912 2913
f 2823 2913 2825
f 2825 2913 2914
f 2915 2827 2816
f 2827 2915 2826
f 2826 2915 2916
f 2826 2916 2917
f 2826 2917 2918
f 2826 2918 2829
f 2829 2918 2831
f 2831 2918 2919
f 2831 2919 2923
f 2919 2920 2923
f 2923 2921 2832
f 2923 2920 2921
f 2832 2921 2818
f 2924 2840 2841
f 2842 2925 2841
f 2841 2925 2924
f 2842 2843 2925
f 2926 2847 2924
f 2924 2847 2840
f 2927 2924 2925
f 2926 2924 2927
f 2928 2925 2843
f 2927 2925 2928
f 2848 2929 2843
f 2929 2928 2843
f 2853 2929 2848
f 2846 2930 2852
f 2847 2926 2846
f 2926 2930 2846
f 2926 2931 2930
f 2932 2926 2927
f 2931 2926 2932
f 2940 2927 2928
f 2932 2927 2940
f 2933 2928 2929
f 2940 2928 2933
f 2934 2929 2853
f 2934 2933 2929
f 2854 2934 2853
f 2935 2856 2857
f 2867 2935 2857
f 2936 2852 2930
f 2861 2852 2936
f 2937 2930 2931
f 2936 2930 2937
f 2938 2931 2932
f 2937 2931 2938
f 2939 2932 2940
f 2938 2932 2939
f 2950 2933 2934
f 2940 2933 2950
f 2862 2941 2854
f 2941 2934 2854
f 2941 2950 2934
f 2941 2862 2943
f 2862 2863 2943
f 2943 2864 2942
f 2943 2863 2864
f 2856 2944 2864
f 2864 2944 2942
f 2935 2944 2856
f 2945 2935 2867
f 2945 2944 2935
f 2878 2945 2867
f 2871 2872 2870
f 2870 2872 2946
f 2861 2947 2875
f 2861 2936 2947
f 2963 2936 2937
f 2947 2936 2963
f 2948 2937 2938
f 2963 2937 2948
f 2949 2938 2939
f 2948 2938 2949
f 2964 2939 2940
f 2949 2939 2964
f 2964 2940 2950
f 2951 2950 2941
f 2941 2943 2951
f 2952 2943 2942
f 2954 2953 2952
f 2942 2954 2952
f 2944 2954 2942
f 2954 2944 2955
f 2956 2944 2945
f 2955 2944 2956
f 2956 2945 2878
f 2880 2957 2878
f 2878 2957 2956
f 2881 2958 2880
f 2880 2958 2957
f 2870 2946 2881
f 2946 2958 2881
f 2946 2959 2958
f 2960 2946 2872
f 2959 2946 2960
f 2882 2960 2872
f 2947 2961 2875
f 2962 2947 2963
f 2961 2947 2962
f 2963 2948 2949
f 2965 2950 2951
f 2964 2950 2965
f 2953 2954 2966
f 2953 2966 2967
f 2968 2954 2955
f 2966 2954 2968
f 2969 2955 2956
f 2968 2955 2969
f 2970 2956 2957
f 2969 2956 2970
f 2971 2957 2958
f 2970 2957 2971
f 2971 2958 2959
f 2972 2959 2960
f 2971 2959 2972
f 2885 2972 2882
f 2882 2972 2960
f 2961 2962 2973
f 2974 2962 2963
f 2973 2962 2974
f 2974 2963 2949
f 2974 2949 2964
f 2974 2964 2975
f 2975 2964 2965
f 2975 2965 2976
f 2967 2966 2977
f 2967 2977 2998
f 2978 2966 2968
f 2977 2966 2978
f 2979 2968 2969
f 2978 2968 2979
f 2979 2969 2980
f 2981 2969 2970
f 2980 2969 2981
f 2981 2970 2889
f 2970 2982 2889
f 2970 2971 2982
f 2982 2971 2983
f 2901 2971 2972
f 2983 2971 2901
f 2885 2901 2972
f 2973 2984 2894
f 2973 2974 2984
f 2984 2974 2985
f 2986 2974 2975
f 2985 2974 2986
f 2987 2975 2976
f 2986 2975 2987
f 2988 2976 2998
f 2987 2976 2988
f 2977 2988 2998
f 2989 2988 2977
f 2990 2977 2978
f 2989 2977 2990
f 2991 2978 2979
f 2990 2978 2991
f 2910 2991 2895
f 2991 2980 2895
f 2991 2979 2980
f 2895 2980 2981
f 2982 2898 2889
f 2898 2982 2899
f 2899 2982 2983
f 2899 2983 2901
f 2907 2984 2985
f 2907 2985 2908
f 2908 2985 2986
f 2908 2986 2909
f 2909 2986 2987
f 2987 2992 2909
f 2987 2988 2992
f 2993 2988 2989
f 2992 2988 2993
f 2994 2989 2990
f 2993 2989 2994
f 2911 2994 2910
f 2994 2991 2910
f 2994 2990 2991
f 2992 2919 2909
f 2919 2992 2920
f 2920 2992 2993
f 2920 2993 2994
f 2995 2951 2943
f 2952 2953 2943
f 2953 2995 2943
f 2996 2965 2995
f 2995 2965 2951
f 2997 2995 2953
f 2996 2995 2997
f 2967 2997 2953
f 2996 2976 2965
f 2976 2996 2998
f 2996 2997 2998
f 2967 2998 2997
